Rk,Player,Age,Team,Lg,G,GS,CG,Inn,Ch,PO,A,E,DP,Fld%,Rtot,Rtot/yr,Rdrs,Rdrs/yr,RF/9,lgRF9,RF/G,lgRFG,PB,WP,SB,CS,CS%,Pick,Pos,Awards,-9999
1,Dan Uggla,31,ATL,NL,159,157,151,1431.2,749,294,440,15,86,.980,-12,-10,-15,-13,4.61,4.76,4.62,4.75,,,,,,,*4/H,,ugglada01
2,Joey Votto,27,CIN,NL,160,159,152,1427.2,1520,1341,173,6,127,.996,7,6,7,6,9.54,9.33,9.46,9.31,,,,,,,*3/H,ASMVP-6GG,vottojo01
3,Nick Markakis,27,BAL,AL,159,159,150,1407.2,341,326,15,0,5,1.000,-2,-1,5,4,2.18,2.37,2.13,2.39,,,,,,,*9/3D,GG,markani01
4,Starlin Castro,21,CHC,NL,158,158,157,1398.2,742,267,446,29,82,.961,-16,-13,-8,-7,4.59,4.41,4.51,4.40,,,,,,,*6,ASMVP-23,castrst01
5,Prince Fielder,27,MIL,NL,159,159,143,1394.2,1431,1332,84,15,113,.990,-6,-5,-10,-9,9.14,9.33,8.91,9.31,,,,,,,*3/D,ASMVP-3SS,fieldpr01
6,Danny Espinosa,24,WSN,NL,158,155,150,1393.0,783,305,464,14,101,.982,6,5,6,5,4.97,4.76,4.87,4.75,,,,,,,*4/H,ROY-6,espinda01
7,Dustin Pedroia,27,BOS,AL,159,158,144,1392.1,722,290,425,7,81,.990,9,8,18,16,4.62,4.76,4.50,4.73,,,,,,,*4/H,MVP-9GG,pedrodu01
8,Alcides Escobar,24,KCR,AL,158,156,151,1387.1,745,271,459,15,98,.980,8,7,10,9,4.74,4.36,4.62,4.33,,,,,,,*6/H,,escobal02
9,Neil Walker,25,PIT,NL,159,155,150,1382.1,781,333,442,6,108,.992,-4,-3,-3,-3,5.05,4.76,4.87,4.75,,,,,,,*4/H,,walkene01
10,Alexei Ramírez,29,CHW,AL,155,154,150,1382.0,690,217,457,16,99,.977,6,5,10,9,4.39,4.36,4.35,4.33,,,,,,,*6/HD,,ramiral03
11,Matt Kemp,26,LAD,NL,159,158,148,1380.0,361,345,11,5,5,.986,9,8,-7,-6,2.32,2.16,2.24,2.15,,,,,,,*8/DH,ASMVP-2GGSS,kempma01
12,Chris Young,27,ARI,NL,155,155,150,1373.1,401,394,4,3,2,.993,17,15,17,15,2.61,2.16,2.57,2.15,,,,,,,*8/H,,youngch04
13,Jay Bruce,24,CIN,NL,155,151,148,1371.0,320,306,10,4,1,.988,-11,-9,0,0,2.07,2.16,2.04,2.15,,,,,,,*9/H,AS,bruceja01
14,Freddie Freeman,21,ATL,NL,156,149,145,1370.1,1415,1317,92,6,106,.996,-5,-4,-2,-2,9.25,9.33,9.03,9.31,,,,,,,*3/H,ROY-2,freemfr01
15,Justin Upton,23,ARI,NL,159,156,146,1366.2,357,339,5,13,2,.964,-9,-8,3,3,2.27,2.16,2.16,2.15,,,,,,,*9/H,ASMVP-4SS,uptonju01
16,Adrián González,29,BOS,AL,157,157,137,1365.2,1351,1222,125,4,106,.997,15,13,12,11,8.88,9.23,8.53,9.15,,,,,,,*3/9D,ASMVP-7GGSS,gonzaad01
17,Juan Pierre,33,CHW,AL,155,152,147,1365.0,290,278,5,7,1,.976,-6,-5,-11,-10,1.87,2.28,1.83,2.26,,,,,,,*7/HD,,pierrju01
18,Mark Reynolds,27,BAL,AL,154,154,145,1360.0,645,428,186,31,64,.952,-24,-21,-21,-18,4.06,4.46,3.89,4.45,,,,,,,*53/H,,reynoma01
19,Michael Bourn,28,2TM,NL,156,154,151,1359.0,376,367,6,3,2,.992,3,3,-5,-4,2.47,2.16,2.39,2.15,,,,,,,*8/H,,bournmi01
20,Jacoby Ellsbury,27,BOS,AL,154,152,144,1358.1,394,388,6,0,3,1.000,4,3,9,8,2.61,2.28,2.56,2.26,,,,,,,*8/HD,ASMVP-2GGSS,ellsbja01
21,Gaby Sánchez,27,FLA,NL,153,150,143,1354.0,1368,1262,101,5,109,.996,7,6,5,5,9.06,9.33,8.91,9.31,,,,,,,*3/HD,AS,sanchga01
22,Andrew McCutchen,24,PIT,NL,155,153,146,1353.2,430,414,9,7,5,.984,5,5,2,2,2.81,2.16,2.73,2.15,,,,,,,*8/HD,AS,mccutan01
23,Jeff Francoeur,27,KCR,AL,153,152,146,1352.0,348,327,16,5,4,.986,-2,-2,2,2,2.28,2.28,2.24,2.26,,,,,,,*9/H,,francje02
24,Carlos Santana,25,CLE,AL,153,151,140,1351.1,1299,1202,86,11,47,.992,-3,-3,-17,-15,8.58,8.32,8.00,8.25,4,26,56,18,24.3,1,23/HD,,santaca01
25,Curtis Granderson,30,NYY,AL,155,150,142,1348.0,368,354,11,3,1,.992,-1,-1,-2,-2,2.44,2.28,2.35,2.26,,,,,,,*8/HD,ASMVP-4SS,grandcu01
26,Ben Zobrist,30,TBR,AL,154,151,131,1348.0,601,278,317,6,68,.990,-3,-3,19,17,3.97,4.23,3.52,4.17,,,,,,,*49/DH,MVP-16,zobribe01
27,Hunter Pence,28,2TM,NL,153,152,148,1342.2,301,284,11,6,3,.980,-2,-1,2,2,1.98,2.16,1.93,2.15,,,,,,,*9/H,ASMVP-16,pencehu01
28,Robinson Canó,28,NYY,AL,157,150,138,1340.0,777,323,444,10,97,.987,0,0,2,2,5.15,4.76,4.89,4.73,,,,,,,*4/DH,ASMVP-6SS,canoro01
29,Melky Cabrera,26,KCR,AL,153,151,142,1339.2,347,331,13,3,7,.991,-16,-15,-5,-4,2.31,2.28,2.25,2.26,,,,,,,*87/9DH,,cabreme01
30,Ichiro Suzuki,37,SEA,AL,151,151,149,1333.0,274,263,7,4,5,.985,-10,-9,-3,-3,1.82,2.28,1.79,2.26,,,,,,,*9D,,suzukic01
31,Alex Gordon,27,KCR,AL,150,149,142,1332.0,363,336,23,4,5,.989,11,10,19,17,2.43,2.40,2.32,2.58,,,,,,,*7/3H,MVP-21GG,gordoal01
32,Drew Stubbs,26,CIN,NL,157,145,140,1329.0,377,366,8,3,2,.992,7,7,-4,-4,2.53,2.16,2.38,2.15,,,,,,,*8/H,,stubbdr01
33,Asdrúbal Cabrera,25,CLE,AL,151,151,138,1326.2,617,216,386,15,78,.976,-7,-6,0,0,4.08,4.36,3.99,4.33,,,,,,,*6,ASMVP-20SS,cabreas01
34,B.J. Upton,26,TBR,AL,151,150,142,1326.1,391,382,6,3,3,.992,8,7,-5,-4,2.63,2.28,2.57,2.26,,,,,,,*8/H,,uptonbj01
35,Jayson Werth,32,WSN,NL,149,148,138,1324.1,361,342,11,8,4,.978,4,4,-3,-3,2.40,2.16,2.37,2.15,,,,,,,*98/H,,werthja01
36,Brandon Phillips,30,CIN,NL,148,148,140,1324.0,721,306,409,6,94,.992,2,1,7,6,4.86,4.76,4.83,4.75,,,,,,,*4/H,ASGGSS,phillbr01
37,Miguel Cabrera,28,DET,AL,152,152,138,1322.0,1379,1263,103,13,117,.991,-8,-7,-2,-2,9.30,9.30,8.99,9.24,,,,,,,*3/DH,ASMVP-5,cabremi01
38,Ian Desmond,25,WSN,NL,152,146,143,1317.2,686,226,437,23,85,.966,-3,-3,-4,-3,4.53,4.41,4.36,4.40,,,,,,,*6/H,,desmoia01
39,Álex González,34,ATL,NL,149,146,138,1316.0,633,187,434,12,79,.981,11,10,8,7,4.25,4.41,4.17,4.40,,,,,,,*6/H,,gonzaal02
40,Ryan Howard,31,PHI,NL,149,145,139,1309.0,1361,1282,70,9,110,.993,1,1,-13,-12,9.30,9.33,9.07,9.31,,,,,,,*3/HD,MVP-10,howarry01
41,Gordon Beckham,24,CHW,AL,149,147,141,1307.2,723,272,443,8,84,.989,4,3,5,5,4.92,4.76,4.80,4.73,,,,,,,*4/HD,,beckhgo01
42,Albert Pujols,31,STL,NL,147,145,128,1294.0,1447,1256,177,14,136,.990,8,7,9,8,9.97,9.15,9.37,9.00,,,,,,,*3/5H,MVP-5,pujolal01
43,Omar Infante,29,FLA,NL,146,145,137,1283.1,734,260,466,8,75,.989,14,13,4,4,5.09,4.76,4.97,4.75,,,,,,,*4/H,,infanom01
44,Adam Jones,25,BAL,AL,148,145,140,1281.0,403,379,16,8,5,.980,-18,-16,-1,-1,2.78,2.28,2.67,2.26,,,,,,,*8/DH,,jonesad01
45,Danny Valencia,26,MIN,AL,147,146,143,1280.2,351,73,260,18,20,.949,-18,-17,-13,-12,2.34,2.62,2.27,2.60,,,,,,,*5/DH,,valenda01
46,Mark Trumbo,25,LAA,AL,149,143,120,1280.1,1387,1284,93,10,117,.993,1,1,8,7,9.68,9.17,8.61,8.76,,,,,,,*39/H7,ROY-2,trumbma01
47,Yuniesky Betancourt,29,MIL,NL,149,146,131,1278.2,606,167,418,21,85,.965,5,5,-3,-3,4.12,4.41,3.93,4.40,,,,,,,*6/H,,betanyu01
48,Mark Teixeira,31,NYY,AL,147,144,134,1274.0,1306,1229,73,4,114,.997,1,0,3,3,9.20,9.30,8.86,9.24,,,,,,,*3/DH,MVP-19,teixema01
49,Cliff Pennington,27,OAK,AL,147,143,133,1272.1,612,216,374,22,90,.964,-3,-3,-12,-11,4.17,4.36,4.01,4.33,,,,,,,*6/HD,,pennicl01
50,Carlos Lee,35,HOU,NL,148,148,108,1269.2,789,697,85,7,62,.991,16,15,13,12,5.54,5.69,4.92,5.71,,,,,,,73/DH,,leeca01
51,Peter Bourjos,24,LAA,AL,147,138,136,1269.1,361,350,7,4,0,.989,11,10,10,10,2.53,2.28,2.43,2.26,,,,,,,*8/H,,bourjpe01
52,Ian Kinsler,29,TEX,AL,144,144,137,1269.0,677,268,398,11,103,.984,12,11,17,16,4.72,4.76,4.63,4.73,,,,,,,*4D/H,MVP-11,kinslia01
53,Austin Jackson,24,DET,AL,152,142,138,1264.0,390,379,8,3,3,.992,12,12,26,25,2.76,2.28,2.55,2.26,,,,,,,*8/HD,,jacksau01
54,Erick Aybar,27,LAA,AL,142,142,136,1262.0,659,240,406,13,102,.980,3,3,-1,-1,4.61,4.36,4.55,4.33,,,,,,,*6/H,GG,aybarer01
55,Elvis Andrus,22,TEX,AL,147,142,136,1261.1,677,245,407,25,102,.963,11,10,6,6,4.65,4.36,4.44,4.33,,,,,,,*6/HD,,andruel01
56,Emilio Bonifácio,26,FLA,NL,146,141,111,1259.2,450,225,212,13,43,.971,-7,-6,-5,-5,3.12,3.26,2.60,3.21,,,,,,,65789H/4,,bonifem01
57,Carlos Peña,33,CHC,NL,153,142,135,1258.1,1212,1116,88,8,104,.993,-5,-5,0,0,8.61,9.33,7.87,9.31,,,,,,,*3/H,,penaca01
58,Brett Gardner,27,NYY,AL,156,134,118,1251.0,334,322,7,5,3,.985,37,36,23,22,2.37,2.28,2.11,2.26,,,,,,,*78/H,,gardnbr01
59,Ryan Braun,27,MIL,NL,147,146,125,1250.0,268,259,8,1,2,.996,4,4,2,2,1.92,2.16,1.82,2.15,,,,,,,*7/HD,ASMVP-1SS,braunry02
60,Jhonny Peralta,29,DET,AL,146,140,135,1247.0,609,219,383,7,83,.989,9,9,2,2,4.34,4.37,4.12,4.36,,,,,,,*6/H3,AS,peraljh01
61,Aramis Ramírez,33,CHC,NL,145,143,131,1241.1,298,68,216,14,18,.953,-9,-9,-17,-16,2.06,2.53,1.96,2.53,,,,,,,*5/DH,SS,ramirar01
62,Casey McGehee,28,MIL,NL,148,139,125,1238.1,353,78,255,20,18,.943,4,3,4,4,2.42,2.56,2.19,2.75,,,,,,,*5/H3D,,mcgehca01
63,Nick Swisher,30,NYY,AL,144,143,105,1234.1,314,302,11,1,5,.997,10,10,-4,-4,2.28,2.53,2.06,2.77,,,,,,,*93/DH,,swishni01
64,Alex Ríos,30,CHW,AL,143,136,132,1230.0,357,349,5,3,3,.992,-7,-7,-9,-9,2.59,2.28,2.48,2.26,,,,,,,*8/HD,,riosal01
65,Howie Kendrick,27,LAA,AL,138,136,121,1226.1,646,313,328,5,78,.992,5,5,6,6,4.70,4.83,4.33,4.86,,,,,,,473/H,AS,kendrho01
66,Kelly Johnson,29,2TM,2LG,141,138,134,1224.0,627,268,349,10,86,.984,-2,-2,1,1,4.54,4.76,4.38,4.75,,,,,,,*4/H,,johnske05
67,Casey Kotchman,28,TBR,AL,146,135,129,1222.1,1201,1119,80,2,109,.998,-1,0,3,3,8.83,9.30,8.21,9.24,,,,,,,*3/H,,kotchca01
68,Giancarlo Stanton,21,FLA,NL,142,140,123,1220.0,298,282,10,6,2,.980,18,17,2,2,2.15,2.16,2.06,2.15,,,,,,,*9/H8D,MVP-23,stantmi03
69,José Bautista,30,TOR,AL,141,140,125,1219.0,333,250,75,8,6,.976,4,4,0,0,2.40,2.34,2.30,2.32,,,,,,,*95/D,ASMVP-3SS,bautijo02
70,Jason Bartlett,31,SDP,NL,138,136,129,1211.0,612,203,391,18,83,.971,-3,-2,-10,-10,4.41,4.41,4.30,4.40,,,,,,,*6/H,,bartlja01
71,Troy Tulowitzki,26,COL,NL,140,140,121,1208.1,684,261,417,6,98,.991,14,14,12,12,5.05,4.41,4.84,4.40,,,,,,,*6/H,ASMVP-8GGSS,tulowtr01
72,Jimmy Rollins,32,PHI,NL,138,134,128,1207.0,581,181,393,7,79,.988,5,5,-6,-6,4.28,4.41,4.16,4.40,,,,,,,*6/HD,,rolliji01
73,James Loney,27,LAD,NL,150,134,125,1203.2,1208,1129,74,5,90,.996,-3,-3,11,11,9.00,9.33,8.02,9.31,,,,,,,*3H/D,,loneyja01
74,Aaron Hill,29,2TM,2LG,137,133,127,1198.1,635,261,367,7,88,.989,9,9,0,0,4.72,4.76,4.58,4.74,,,,,,,*4/H,,hillaa01
75,Raúl Ibañez,39,PHI,NL,134,131,129,1196.2,214,208,5,1,0,.995,-4,-4,-20,-20,1.60,2.16,1.59,2.15,,,,,,,*7H/D,,ibanera01
76,Torii Hunter,35,LAA,AL,137,134,120,1188.0,282,264,15,3,2,.989,-2,-2,7,7,2.11,2.28,2.04,2.26,,,,,,,*9D/8,,hunteto01
77,Cameron Maybin,24,SDP,NL,136,132,123,1173.0,349,342,2,5,1,.986,4,5,14,14,2.64,2.16,2.53,2.15,,,,,,,*8/H,,maybica01
78,Miguel Montero,27,ARI,NL,134,131,125,1169.1,997,908,78,11,9,.989,8,8,19,20,7.59,7.98,7.36,7.96,8,30,48,32,40.0,4,*2/H,ASMVP-21,montemi01
79,Kosuke Fukudome,34,2TM,2LG,141,129,119,1165.1,305,294,7,4,2,.987,16,16,-2,-2,2.32,2.21,2.13,2.20,,,,,,,*98H/D,,fukudko01
80,Alex Avila,24,DET,AL,134,131,127,1165.0,1020,940,74,6,14,.994,0,0,0,0,7.83,7.58,7.57,7.53,7,56,85,40,32.0,1,*2/DH5,ASMVP-12SS,avilaal01
81,Martín Prado,27,ATL,NL,128,127,111,1164.1,294,196,90,8,8,.973,3,3,10,11,2.21,2.34,2.00,2.36,,,,,,,75/3H,,pradoma01
82,Matt Wieters,25,BAL,AL,133,130,123,1158.0,934,859,70,5,16,.995,11,11,22,23,7.22,7.62,6.98,7.58,1,25,58,34,37.0,1,*2/HD3,ASGG,wietema01
83,Aubrey Huff,34,SFG,NL,135,134,106,1156.1,1090,1012,73,5,86,.995,-9,-9,-5,-5,8.44,8.56,7.98,8.47,,,,,,,*39H/7D,,huffau01
84,Carlos Beltrán,34,2TM,NL,134,134,116,1153.2,241,230,10,1,3,.996,-8,-8,-4,-4,1.87,2.16,1.79,2.15,,,,,,,*9/HD,ASMVP-20,beltrca01
85,Yadier Molina,28,STL,NL,137,131,112,1152.0,933,860,67,6,5,.994,6,6,5,5,7.24,7.98,6.67,7.98,6,35,46,19,29.2,3,*2/3H,ASMVP-21GG,molinya01
86,Shane Victorino,30,PHI,NL,130,128,123,1150.2,296,296,0,0,0,1.000,5,5,3,3,2.32,2.16,2.28,2.15,,,,,,,*8/H,ASMVP-13,victosh01
87,Darwin Barney,25,CHC,NL,139,128,124,1146.0,634,263,359,12,67,.981,0,0,3,3,4.88,4.75,4.44,4.74,,,,,,,*4/H6,ROY-7,barneda01
88,Mike Morse,29,WSN,NL,138,133,103,1144.1,887,821,59,7,64,.992,-7,-8,-7,-7,6.92,6.69,6.29,6.50,,,,,,,37H/D,MVP-19,morsemi01
89,John Buck,30,FLA,NL,135,129,111,1144.0,1055,1008,42,5,5,.995,-3,-3,-4,-5,8.26,7.98,7.78,7.96,7,31,83,17,17.0,2,*2/H,,buckjo01
90,Lance Berkman,35,STL,NL,141,139,68,1141.1,372,348,18,6,20,.984,-5,-6,-14,-15,2.89,3.07,2.49,3.17,,,,,,,*937/HD,ASMVP-7,berkmla01
91,Alberto Callaspo,28,LAA,AL,129,125,120,1139.1,365,95,255,15,27,.959,16,16,5,5,2.76,2.62,2.71,2.60,,,,,,,*5H,,callaal01
92,Eric Hosmer,21,KCR,AL,127,127,127,1135.2,1182,1096,78,8,101,.993,-10,-10,-10,-11,9.30,9.30,9.24,9.24,,,,,,,*3/H,ROY-3,hosmeer01
93,Ryan Roberts,30,ARI,NL,130,127,115,1135.0,410,126,270,14,32,.966,5,6,-6,-6,3.14,2.95,2.85,2.98,,,,,,,54H/76,,roberry01
94,Coco Crisp,31,OAK,AL,133,130,119,1134.1,324,321,2,1,1,.997,0,0,-1,-1,2.56,2.28,2.43,2.26,,,,,,,*8/HD,,crispco01
95,Michael Cuddyer,32,MIN,AL,131,131,114,1133.0,620,532,81,7,39,.989,-9,-9,-12,-13,4.87,4.77,4.35,4.83,,,,,,,934/D1,AS,cuddymi01
96,J.J. Hardy,28,BAL,AL,129,129,120,1133.0,620,211,403,6,79,.990,7,7,8,9,4.88,4.36,4.76,4.33,,,,,,,*6,,hardyjj01
97,Kurt Suzuki,27,OAK,AL,129,127,124,1132.1,976,914,55,7,7,.993,1,1,-10,-10,7.70,7.61,7.51,7.57,5,41,98,38,27.9,1,*2/DH,,suzukku01
98,Robert Andino,27,BAL,AL,136,126,111,1130.2,595,207,378,10,86,.983,8,8,11,12,4.66,4.33,3.93,4.29,,,,,,,465/H7,,andinro01
99,Evan Longoria,25,TBR,AL,130,128,123,1124.2,367,124,229,14,35,.962,14,15,20,21,2.82,2.62,2.72,2.60,,,,,,,*5/DH,MVP-10,longoev01
100,Yunel Escobar,28,TOR,AL,132,131,116,1121.0,539,182,343,14,73,.974,12,13,8,9,4.21,4.36,3.98,4.33,,,,,,,*6/HD,,escobyu01
101,Ryan Ludwick,32,2TM,NL,131,129,101,1111.0,229,217,10,2,3,.991,0,0,-5,-5,1.84,2.16,1.73,2.15,,,,,,,*79/HD,,ludwiry01
102,Gerardo Parra,24,ARI,NL,135,124,111,1101.0,303,288,12,3,5,.990,4,5,14,15,2.45,2.16,2.22,2.15,,,,,,,*79H/8,GG,parrage01
103,Carl Crawford,29,BOS,AL,127,126,113,1098.1,239,235,1,3,0,.987,0,0,-1,-1,1.93,2.28,1.86,2.26,,,,,,,*7/DH,,crawfca02
104,Matt Joyce,26,TBR,AL,136,120,107,1093.0,242,231,8,3,3,.988,-6,-6,0,0,1.97,2.28,1.76,2.26,,,,,,,*9H7/D,AS,joycema01
105,Colby Rasmus,24,2TM,2LG,127,122,114,1092.2,312,302,4,6,1,.981,-7,-8,-4,-4,2.52,2.19,2.41,2.18,,,,,,,*8/H,,rasmuco01
106,Andre Ethier,29,LAD,NL,126,124,118,1091.1,251,243,8,0,0,1.000,-7,-8,1,1,2.07,2.16,1.99,2.15,,,,,,,*9/HD,ASGG,ethiean01
107,Corey Hart,29,MIL,NL,126,123,115,1087.2,256,251,3,2,1,.992,9,10,-3,-3,2.10,2.16,2.02,2.15,,,,,,,*9/H,,hartco01
108,José Reyes,28,NYM,NL,124,124,119,1087.0,554,175,361,18,75,.968,-4,-4,-14,-15,4.44,4.41,4.32,4.40,,,,,,,*6/H,ASMVP-11,reyesjo01
109,Brian McCann,27,ATL,NL,126,118,111,1083.0,1061,978,78,5,14,.995,-7,-8,9,10,8.78,7.98,8.38,7.96,7,44,104,29,21.8,1,*2/HD,ASSS,mccanbr01
110,Vernon Wells,32,LAA,AL,122,121,99,1076.1,288,281,4,3,0,.990,-8,-9,-12,-13,2.38,2.28,2.34,2.26,,,,,,,*789/DH,,wellsve01
111,Dexter Fowler,25,COL,NL,122,119,118,1072.2,323,309,6,8,2,.975,-8,-9,-5,-5,2.64,2.16,2.58,2.15,,,,,,,*8/H,,fowlede01
112,Mark Ellis,34,2TM,2LG,125,121,112,1069.1,654,265,386,3,94,.995,12,14,18,20,5.48,4.82,5.21,4.81,,,,,,,*4/H3,,ellisma01
113,Miguel Olivo,32,SEA,AL,127,120,116,1064.1,917,835,71,11,7,.988,-10,-11,-17,-19,7.66,7.61,7.13,7.57,11,58,79,31,28.2,0,*2/HD,,olivomi01
114,Carlos González,25,COL,NL,125,122,109,1061.2,232,219,12,1,2,.996,-1,-1,8,9,1.96,2.16,1.85,2.15,,,,,,,*798/H,,gonzaca01
115,Brendan Ryan,29,SEA,AL,123,120,118,1060.2,572,186,371,15,79,.974,7,8,20,23,4.73,4.36,4.53,4.33,,,,,,,*6/H,,ryanbr01
116,J.P. Arencibia,25,TOR,AL,122,118,114,1059.2,900,822,72,6,4,.993,-9,-10,-16,-18,7.59,7.61,7.33,7.57,12,54,87,28,24.3,2,*2/DH,,arencjp01
117,Ronny Cedeño,28,PIT,NL,126,119,109,1059.1,604,191,400,13,72,.978,11,12,6,7,5.02,4.41,4.69,4.40,,,,,,,*6/H4,,cedenro02
118,Clint Barmes,32,HOU,NL,122,120,114,1058.1,539,171,356,12,69,.978,14,16,16,18,4.48,4.41,4.32,4.40,,,,,,,*6/H,,barmecl01
119,Brent Morel,24,CHW,AL,125,116,108,1058.0,297,72,211,14,13,.953,-4,-4,3,4,2.41,2.62,2.26,2.60,,,,,,,*5/H,,morelbr01
120,David DeJesus,31,OAK,AL,122,120,111,1055.1,250,240,6,4,1,.984,-2,-2,0,0,2.10,2.28,2.02,2.26,,,,,,,*9/8HD,,dejesda01
121,Jamey Carroll,37,LAD,NL,141,111,98,1054.0,470,169,292,9,62,.981,-3,-4,-14,-16,3.94,4.59,3.14,4.59,,,,,,,46H,,carroja01
122,Seth Smith,28,COL,NL,129,119,106,1054.0,226,216,5,5,0,.978,-15,-17,-8,-9,1.89,2.16,1.71,2.15,,,,,,,*97H,,smithse01
123,Jason Bay,32,NYM,NL,122,121,114,1053.1,226,220,4,2,1,.991,-3,-4,-2,-2,1.91,2.16,1.84,2.15,,,,,,,*7/H,,bayja01
124,Carlos Ruiz,32,PHI,NL,128,113,109,1052.0,1022,950,68,4,4,.996,2,2,-8,-9,8.71,7.98,7.89,7.92,8,13,77,23,23.0,1,*2H/5,MVP-23,ruizca01
125,Russell Martin,28,NYY,AL,125,118,108,1050.1,975,867,97,11,8,.989,-2,-3,18,21,8.26,7.59,7.47,7.43,4,52,95,40,29.6,0,*2/H54,AS,martiru01
126,Orlando Cabrera,36,2TM,2LG,125,117,107,1047.2,559,186,362,11,64,.980,3,4,-5,-5,4.71,4.60,4.25,4.55,,,,,,,46/H5D,,cabreor01
127,Derek Jeter,37,NYY,AL,122,121,109,1047.1,432,140,280,12,60,.972,-12,-13,-12,-14,3.61,4.36,3.44,4.33,,,,,,,*6D,AS,jeterde01
128,Plácido Polanco,35,PHI,NL,118,115,109,1045.2,346,79,259,8,15,.977,11,12,9,10,2.91,2.53,2.84,2.55,,,,,,,*5/H4D,ASGG,polanpl01
129,Ángel Pagán,29,NYM,NL,121,119,113,1045.0,317,302,5,10,1,.968,-21,-24,-9,-10,2.64,2.16,2.54,2.15,,,,,,,*8/H,,paganan01
130,Jonathan Lucroy,25,MIL,NL,132,114,109,1043.2,1046,976,63,7,6,.993,-6,-7,19,22,8.96,7.98,7.87,7.96,1,62,77,30,28.0,0,*2H,,lucrojo01
131,Mitch Moreland,25,TEX,AL,123,117,100,1043.1,845,786,54,5,88,.994,-4,-5,-5,-6,7.25,7.66,6.32,7.46,,,,,,,39/DH,,morelmi01
132,Geovany Soto,28,CHC,NL,122,119,112,1041.2,994,899,82,13,7,.987,2,2,8,9,8.48,7.98,8.04,7.96,5,33,85,36,29.8,1,*2/H,,sotoge01
133,Logan Morrison,23,FLA,NL,120,118,93,1029.1,224,213,6,5,0,.978,-14,-16,-26,-30,1.91,2.22,1.83,2.21,,,,,,,*7/H3D,,morrilo01
134,A.J. Pierzynski,34,CHW,AL,120,112,107,1008.0,886,817,65,4,4,.995,-4,-5,-3,-3,7.88,7.61,7.35,7.57,4,45,94,24,20.3,0,*2/HD,,pierza.01
135,Alfonso Soriano,35,CHC,NL,128,126,68,1007.0,202,187,8,7,2,.965,7,8,-7,-8,1.74,2.16,1.52,2.15,,,,,,,*7/HD,,soriaal01
136,Chipper Jones,39,ATL,NL,116,111,98,1006.1,248,65,177,6,19,.976,-2,-3,-4,-5,2.16,2.53,2.09,2.53,,,,,,,*5H/D,AS,jonesch06
137,Nelson Cruz,30,TEX,AL,115,114,94,998.2,256,244,6,6,1,.977,2,2,-4,-5,2.25,2.28,2.17,2.26,,,,,,,*97/DH,,cruzne02
138,Marlon Byrd,33,CHC,NL,118,115,106,998.0,284,273,8,3,3,.989,-2,-3,0,0,2.53,2.16,2.38,2.15,,,,,,,*8/H,,byrdma01
139,Delmon Young,25,2TM,AL,115,115,104,994.1,228,214,7,7,3,.969,-3,-3,-5,-6,2.00,2.28,1.92,2.26,,,,,,,*7/DH,,youngde03
140,Kevin Youkilis,32,BOS,AL,117,116,97,993.1,315,124,182,9,17,.971,7,8,0,0,2.77,2.92,2.59,2.94,,,,,,,*5/3D,AS,youklke01
141,Matt Holliday,31,STL,NL,115,114,96,990.2,203,196,4,3,0,.985,1,1,-2,-2,1.82,2.16,1.74,2.15,,,,,,,*7/DH,AS,hollima01
142,Jason Heyward,21,ATL,NL,122,106,100,990.1,228,218,4,6,0,.974,9,10,10,12,2.02,2.16,1.82,2.15,,,,,,,*9H,,heywaja01
143,Jon Jay,26,STL,NL,140,107,75,989.0,281,273,5,3,4,.989,-2,-2,9,11,2.53,2.16,1.99,2.15,,,,,,,*89H7,,jayjo02
144,Todd Helton,37,COL,NL,119,113,99,987.2,1092,985,104,3,110,.997,12,15,5,6,9.92,9.33,9.15,9.31,,,,,,,*3/H,,heltoto01
145,Sean Rodríguez,26,TBR,AL,126,108,74,987.2,435,161,263,11,54,.975,4,5,4,5,3.86,4.34,2.92,4.24,,,,,,,645H/37,,rodrise01
146,Derrek Lee,35,2TM,2LG,113,113,107,984.0,1021,939,74,8,83,.992,4,4,-2,-2,9.27,9.31,8.96,9.26,,,,,,,*3,,leede02
147,Aaron Miles,34,LAD,NL,125,110,91,982.0,371,140,221,10,36,.973,-4,-5,-6,-7,3.31,3.71,2.69,3.74,,,,,,,45H/6,,milesaa01
148,Adrian Beltré,32,TEX,AL,112,112,103,980.1,312,93,208,11,24,.965,16,20,11,14,2.76,2.62,2.69,2.60,,,,,,,*5D/H,ASMVP-15GGSS,beltrad01
149,Rickie Weeks,28,MIL,NL,115,115,99,974.0,481,175,291,15,65,.969,-2,-2,-5,-6,4.31,4.76,4.05,4.75,,,,,,,*4/DH,AS,weeksri01
150,Michael Brantley,24,CLE,AL,111,108,99,971.0,244,236,5,3,2,.988,8,10,8,10,2.23,2.28,2.17,2.26,,,,,,,*78/DH,,brantmi02
151,Josh Hamilton,30,TEX,AL,112,111,91,968.0,234,224,5,5,1,.979,3,4,3,4,2.13,2.28,2.04,2.26,,,,,,,*78/D,ASMVP-22,hamiljo03
152,Adam Lind,27,TOR,AL,109,109,102,965.1,1020,952,64,4,88,.996,4,5,-5,-6,9.47,9.30,9.32,9.24,,,,,,,*3D,,lindad01
153,Paul Konerko,35,CHW,AL,111,110,96,963.1,1048,975,68,5,89,.995,-1,-1,-4,-5,9.74,9.30,9.40,9.24,,,,,,,*3D/H,ASMVP-13,konerpa01
154,Orlando Hudson,33,SDP,NL,114,111,94,959.2,550,238,308,4,69,.993,-6,-8,-9,-11,5.12,4.76,4.79,4.75,,,,,,,*4/H,,hudsoor01
155,Cody Ross,30,SFG,NL,115,107,70,956.2,192,183,8,1,1,.995,-1,-1,-8,-10,1.80,2.16,1.66,2.15,,,,,,,*798/H,,rossco01
156,Pablo Sandoval,24,SFG,NL,111,107,94,956.1,355,125,220,10,19,.972,14,18,14,18,3.25,2.90,3.08,2.89,,,,,,,5/H3D,ASMVP-17,sandopa01
157,Wilson Ramos,23,WSN,NL,108,106,103,951.2,744,684,55,5,7,.993,3,4,11,14,6.99,7.98,6.84,7.96,3,32,48,23,32.4,0,*2/HD,ROY-4,ramoswi01
158,Chris Iannetta,28,COL,NL,107,105,103,946.2,821,737,82,2,7,.998,4,5,-1,-1,7.79,7.98,7.58,7.93,8,35,70,30,30.0,2,2/H35,,iannech01
159,Marco Scutaro,35,BOS,AL,111,105,96,946.2,438,150,275,13,54,.970,-10,-13,-1,-1,4.04,4.37,3.83,4.34,,,,,,,*6/H4,,scutama01
160,Ryan Theriot,31,STL,NL,125,104,92,945.1,501,158,325,18,77,.964,-6,-8,-4,-5,4.60,4.48,3.83,4.50,,,,,,,64H,,theriry01
161,Scott Sizemore,26,2TM,AL,109,105,102,933.1,280,76,188,16,22,.943,-6,-8,-7,-9,2.55,2.97,2.42,2.95,,,,,,,54/H,,sizemsc01
162,Justin Smoak,24,SEA,AL,108,107,93,926.2,950,884,59,7,87,.993,-2,-2,-1,-1,9.16,9.30,8.73,9.24,,,,,,,3D/H,,smoakju01
163,Ben Revere,23,MIN,AL,106,105,104,925.2,295,285,3,7,0,.976,-5,-6,-4,-5,2.80,2.28,2.72,2.26,,,,,,,87H/9D,,reverbe01
164,Justin Turner,26,NYM,NL,109,102,90,925.0,442,171,258,13,39,.971,-6,-8,-14,-18,4.17,4.09,3.73,4.05,,,,,,,45H/6,,turneju01
165,Chris Getz,27,KCR,AL,113,100,97,920.1,510,194,309,7,71,.986,3,4,-1,-1,4.92,4.75,4.41,4.72,,,,,,,*4/H6D,,getzch01
166,Garrett Jones,30,PIT,NL,121,107,65,919.1,435,412,19,4,28,.991,2,3,-8,-11,4.22,4.19,3.48,4.11,,,,,,,93H/D,,jonesga02
167,Lyle Overbay,34,2TM,NL,109,102,93,917.0,994,920,66,8,97,.992,-2,-3,-5,-7,9.68,9.33,9.05,9.31,,,,,,,*3H,,overbly01
168,Ty Wigginton,33,COL,NL,116,100,63,897.0,353,238,109,6,25,.983,-12,-16,-4,-5,3.48,3.90,2.65,4.32,,,,,,,537H/9,,wiggity01
169,David Murphy,29,TEX,AL,109,100,83,895.2,200,191,5,4,2,.980,-6,-8,3,4,1.97,2.28,1.80,2.26,,,,,,,*798H/D,,murphda07
170,David Wright,28,NYM,NL,101,101,96,895.2,268,69,180,19,9,.929,-12,-16,-5,-7,2.50,2.53,2.44,2.55,,,,,,,5/6H,,wrighda03
171,Chase Headley,27,SDP,NL,107,102,94,895.1,272,95,166,11,16,.960,-6,-9,0,0,2.62,2.53,2.44,2.53,,,,,,,5/H,,headlch01
172,Chase Utley,32,PHI,NL,100,100,88,887.2,488,208,275,5,48,.990,7,10,7,9,4.90,4.76,4.83,4.75,,,,,,,4/H,,utleych01
173,Ryan Zimmerman,26,WSN,NL,97,97,92,866.2,278,66,200,12,19,.957,2,2,-5,-7,2.76,2.53,2.74,2.53,,,,,,,5/HD,,zimmery01
174,Ryan Raburn,30,DET,AL,116,98,58,857.0,334,184,133,17,28,.949,0,0,-9,-12,3.33,3.50,2.37,3.41,,,,,,,479H/5D38,,raburry01
175,Maicer Izturis,30,LAA,AL,98,96,86,856.1,402,138,256,8,44,.980,10,14,-1,-1,4.14,3.94,3.86,3.90,,,,,,,45H6D,,izturma01
176,Jarrod Saltalamacchia,26,BOS,AL,101,96,88,856.0,740,678,56,6,3,.992,-6,-8,4,6,7.72,7.61,7.27,7.57,26,41,83,37,30.8,2,2/H,,saltaja01
177,Carlos Quentin,28,CHW,AL,102,100,75,854.2,180,177,2,1,0,.994,9,12,0,0,1.88,2.28,1.75,2.26,,,,,,,9D/H,AS,quentca01
178,Jack Hannahan,31,CLE,AL,108,91,85,852.0,328,113,210,5,22,.985,7,9,6,9,3.41,2.88,2.88,3.07,,,,,,,5/3H,,hannaja01
179,Jemile Weeks,24,OAK,AL,96,96,95,849.1,422,148,261,13,49,.969,-6,-9,-5,-7,4.33,4.76,4.26,4.73,,,,,,,4/H,,weeksje01
180,Juan Rivera,32,2TM,2LG,106,103,55,848.2,415,390,22,3,23,.993,-8,-11,1,2,4.37,4.75,3.75,4.64,,,,,,,73D9H,,riverju01
181,Skip Schumaker,31,STL,NL,110,94,50,848.0,421,161,252,8,47,.981,-2,-3,1,1,4.38,4.42,3.04,3.96,,,,,,,49H/781,,schumsk01
182,Daniel Descalso,24,STL,NL,133,81,63,845.2,294,92,194,8,33,.973,-4,-6,-7,-10,3.04,2.96,1.93,2.96,,,,,,,*5H46,,descada01
183,Rick Ankiel,31,WSN,NL,113,90,81,845.0,255,245,9,1,0,.996,17,23,9,13,2.71,2.16,2.25,2.15,,,,,,,*8H/9,,ankieri01
184,Chris Johnson,26,HOU,NL,101,98,89,841.1,237,65,157,15,20,.937,-14,-21,-11,-16,2.37,2.53,2.20,2.53,,,,,,,5/H,,johnsch05
185,Paul Janish,28,CIN,NL,113,90,75,839.0,423,139,272,12,49,.972,13,19,6,9,4.41,4.31,3.54,4.29,,,,,,,6/54H,,janispa01
186,Greg Dobbs,32,FLA,NL,110,93,72,837.0,228,82,135,11,10,.952,-6,-8,-9,-12,2.33,2.73,1.97,2.76,,,,,,,5H/397D,,dobbsgr01
187,Nyjer Morgan,30,MIL,NL,111,90,63,834.1,251,244,5,2,1,.992,1,1,4,6,2.69,2.16,2.24,2.15,,,,,,,*89H7,,morgany01
188,Jerry Hairston,35,2TM,NL,112,92,64,831.0,281,138,132,11,17,.961,5,7,2,2,2.92,2.97,2.20,2.97,,,,,,,5478H/6,,hairsje02
189,Josh Willingham,32,OAK,AL,96,94,83,829.1,164,159,3,2,1,.988,-7,-10,-1,-1,1.76,2.28,1.69,2.26,,,,,,,7D/H,,willijo03
190,Yorvit Torrealba,32,TEX,AL,98,95,85,823.2,732,685,38,9,4,.988,0,0,-12,-17,7.90,7.61,7.38,7.57,7,25,56,27,32.5,0,2D/H,,torreyo01
191,Conor Jackson,29,2TM,AL,105,88,76,816.1,470,441,27,2,29,.996,2,4,0,0,5.16,5.66,4.18,5.58,,,,,,,397H/5D,,jacksco01
192,Rubén Tejada,21,NYM,NL,95,91,84,810.1,426,148,266,12,49,.972,-1,-2,1,1,4.60,4.61,4.31,4.60,,,,,,,46/H,,tejadru01
193,Daniel Murphy,26,NYM,NL,99,90,82,810.0,613,469,134,10,45,.984,2,3,6,9,6.70,6.51,5.74,6.39,,,,,,,354H/7,,murphda08
194,Matt LaPorta,26,CLE,AL,97,89,86,802.2,855,807,41,7,69,.992,-1,-1,-12,-18,9.51,9.30,8.74,9.24,,,,,,,3/DH,,laporma01
195,Will Venable,28,SDP,NL,109,85,72,793.2,181,176,3,2,2,.989,3,5,5,8,2.03,2.16,1.64,2.15,,,,,,,*9H8/7,,venabwi01
196,Josh Thole,24,NYM,NL,102,91,76,793.1,703,657,44,2,4,.997,-5,-8,-6,-9,7.95,7.98,6.87,7.96,16,24,65,17,20.7,0,2H,,tholejo01
197,Andrés Torres,33,SFG,NL,109,78,72,791.2,213,204,6,3,2,.986,5,7,-1,-2,2.39,2.16,1.93,2.15,,,,,,,*8H/97,,torrean02
198,Jeff Keppinger,31,2TM,NL,93,92,75,791.0,390,166,219,5,36,.987,2,3,-11,-17,4.38,4.76,4.14,4.75,,,,,,,4/H,,keppije01
199,Brennan Boesch,26,DET,AL,101,99,43,790.2,200,190,7,3,1,.985,-2,-2,4,6,2.24,2.28,1.95,2.26,,,,,,,79D/H,,boescbr01
200,Mike Moustakas,22,KCR,AL,89,89,89,778.0,240,60,169,11,14,.954,-2,-3,1,2,2.65,2.62,2.57,2.60,,,,,,,5,,moustmi01
201,Alexi Casilla,26,MIN,AL,92,89,81,777.1,427,141,275,11,61,.974,3,5,-1,-1,4.82,4.60,4.52,4.57,,,,,,,46/HD,,casilal01
202,Michael Young,34,TEX,AL,91,90,73,772.1,444,326,110,8,55,.982,-9,-13,-10,-15,5.08,5.58,4.79,5.57,,,,,,,D534/6,ASMVP-8,youngmi02
203,Eduardo Núñez,24,NYY,AL,100,83,69,771.2,279,84,175,20,27,.928,-10,-15,-11,-17,3.02,3.71,2.35,3.68,,,,,,,65H4/D97,,nunezed02
204,Brett Wallace,24,HOU,NL,96,89,77,768.2,742,659,77,6,57,.992,-6,-9,5,8,8.62,9.33,7.67,9.31,,,,,,,3H,,wallabr01
205,Corey Patterson,31,2TM,2LG,114,80,69,767.0,194,189,4,1,1,.995,9,14,-2,-3,2.26,2.27,1.69,2.23,,,,,,,*78H9/D,,patteco01
206,Nate Schierholtz,27,SFG,NL,103,77,73,764.2,169,157,9,3,4,.982,-2,-3,-5,-8,1.95,2.16,1.61,2.15,,,,,,,9H/7,,schiena01
207,Franklin Gutierrez,28,SEA,AL,92,85,83,763.0,244,237,7,0,3,1.000,4,6,8,13,2.88,2.28,2.65,2.26,,,,,,,8/H,,gutiefr01
208,Alex Rodriguez,35,NYY,AL,89,87,68,762.0,225,54,165,6,13,.973,8,12,14,22,2.59,2.62,2.46,2.60,,,,,,,5D/H,AS,rodrial01
209,Hanley Ramírez,27,FLA,NL,86,86,79,754.2,329,127,188,14,38,.957,-9,-15,-12,-18,3.76,4.41,3.66,4.40,,,,,,,6/DH,,ramirha01
210,Mike Napoli,29,TEX,AL,92,84,75,752.2,701,654,44,3,25,.996,7,11,-7,-11,8.35,8.16,7.27,8.18,1,14,21,12,36.4,1,23D/H,,napolmi01
211,Rajai Davis,30,TOR,AL,91,82,77,750.0,201,197,2,2,0,.990,-12,-19,-8,-13,2.39,2.28,2.19,2.26,,,,,,,8/H97D,,davisra01
212,José Tábata,22,PIT,NL,88,85,74,749.0,163,157,4,2,2,.988,-1,-2,-1,-2,1.93,2.16,1.83,2.15,,,,,,,79/8H,,tabatjo01
213,Dustin Ackley,23,SEA,AL,86,85,83,747.2,383,152,225,6,49,.984,-1,-1,9,14,4.54,4.80,4.33,4.78,,,,,,,4/HD3,ROY-6,ackledu01
214,Miguel Tejada,37,SFG,NL,87,82,74,739.2,310,78,222,10,26,.968,10,16,3,5,3.65,3.48,3.33,3.50,,,,,,,56/H4,,tejadmi01
215,Shin-Soo Choo,28,CLE,AL,85,84,79,735.1,185,172,9,4,2,.978,-2,-3,2,3,2.22,2.28,2.13,2.26,,,,,,,9,,choosh01
216,Rod Barajas,35,LAD,NL,88,85,74,733.1,701,651,48,2,4,.997,2,3,-4,-6,8.58,7.98,7.94,7.96,3,20,60,20,25.0,0,2H,,barajro01
217,Stephen Drew,28,ARI,NL,84,83,79,731.1,345,119,219,7,48,.980,-1,-2,3,5,4.16,4.41,4.02,4.40,,,,,,,6/H,,drewst01
218,Brandon Inge,34,DET,AL,99,77,73,730.2,248,76,163,9,12,.964,2,3,-1,-1,2.94,2.62,2.41,2.60,,,,,,,5/HD,,ingebr01
219,Wilson Betemit,29,2TM,AL,91,83,64,728.0,237,74,152,11,13,.954,-4,-7,-11,-18,2.79,2.88,2.48,2.84,,,,,,,5H/3D4,,betemwi01
220,Rafael Furcal,33,2TM,NL,85,83,77,726.2,394,130,250,14,54,.964,1,2,-4,-6,4.71,4.41,4.47,4.40,,,,,,,6/H,,furcara02
221,Adam Kennedy,35,SEA,AL,87,81,64,722.1,448,282,161,5,44,.989,5,8,0,0,5.52,5.51,4.57,5.81,,,,,,,345DH,,kennead01
222,Nate McLouth,29,ATL,NL,79,79,74,718.0,171,169,0,2,0,.988,-4,-7,-4,-6,2.12,2.16,2.14,2.15,,,,,,,87/9H,,mclouna01
223,Willie Bloomquist,33,ARI,NL,83,80,69,706.1,278,118,155,5,31,.982,-1,-1,-1,-1,3.48,3.79,3.21,3.74,,,,,,,67H/4,,bloomwi01
224,Wilson Valdéz,33,PHI,NL,94,74,60,700.1,315,121,185,9,39,.971,-4,-7,-9,-15,3.93,4.04,3.22,4.07,,,,,,,465H/1,,valdewi01
225,Jeff Mathis,28,LAA,AL,91,79,64,698.0,568,512,53,3,4,.995,3,5,11,19,7.29,7.61,6.21,7.57,6,24,48,18,27.3,1,2/DH,,mathije01
226,David Freese,28,STL,NL,89,88,39,688.0,212,41,159,12,25,.943,2,4,0,0,2.62,2.67,2.15,2.89,,,,,,,5/H3,,freesda01
227,Lucas Duda,25,NYM,NL,83,79,63,687.2,444,425,16,3,30,.993,-14,-24,-9,-16,5.77,5.53,4.96,5.61,,,,,,,39H/7D,,dudalu01
228,Chone Figgins,33,SEA,AL,80,78,73,687.2,187,42,134,11,11,.941,4,8,-1,-2,2.30,2.62,2.15,2.59,,,,,,,5/H7,,figgich01
229,Ryan Hanigan,30,CIN,NL,89,73,67,687.1,574,541,29,4,6,.993,5,9,11,19,7.46,7.98,6.40,7.96,2,18,34,18,34.6,1,2/H,,hanigry01
230,Sam Fuld,29,TBR,AL,87,76,64,682.1,198,190,5,3,0,.985,10,18,11,19,2.57,2.28,2.24,2.26,,,,,,,7H/98D,,fuldsa01
231,Jed Lowrie,27,BOS,AL,81,75,65,681.1,292,99,178,15,27,.949,-4,-7,-1,-1,3.66,3.76,3.18,3.90,,,,,,,65/H3D4,,lowrije01
232,Reid Brignac,25,TBR,AL,91,76,60,680.2,328,104,217,7,44,.979,3,5,-1,-1,4.24,4.36,3.53,4.33,,,,,,,6/H,,brignre01
233,Luke Hughes,26,MIN,AL,82,76,70,679.1,520,367,148,5,53,.990,0,1,7,13,6.82,6.26,5.99,6.30,,,,,,,43H5/D,,hughelu01
234,Eric Thames,24,TOR,AL,79,76,67,679.1,150,146,2,2,1,.987,-5,-9,-9,-16,1.96,2.28,1.87,2.26,,,,,,,79D/H,,thameer01
235,Tony Gwynn,28,LAD,NL,121,63,54,677.0,149,140,8,1,2,.993,8,15,12,22,1.97,2.16,1.22,2.15,,,,,,,*7H8/9,,gwynnto02
236,Jordan Schafer,24,2TM,NL,79,72,70,672.0,194,191,1,2,1,.990,-6,-11,-6,-10,2.57,2.16,2.43,2.15,,,,,,,8/H,,schafjo02
237,Drew Butera,27,MIN,AL,93,75,61,670.2,461,418,38,5,3,.989,3,5,-10,-18,6.12,7.61,4.90,7.57,7,21,48,22,31.4,2,2/H,,buterdr01
238,Ramón Hernández,35,CIN,NL,83,77,60,667.0,557,515,41,1,7,.998,3,5,-7,-12,7.50,8.00,6.70,7.98,3,26,39,23,37.1,0,2H/3,,hernara02
239,Lou Marson,25,CLE,AL,78,74,67,667.0,524,476,43,5,6,.990,7,13,-6,-11,7.00,7.61,6.65,7.57,5,16,48,30,38.5,2,2/DH,,marsolo01
240,Chris Denorfia,30,SDP,NL,95,72,50,660.1,171,162,6,3,2,.982,16,29,5,9,2.29,2.16,1.77,2.15,,,,,,,97H8,,denorch01
241,Roger Bernadina,27,WSN,NL,84,71,47,659.1,166,159,6,1,0,.994,2,3,0,0,2.25,2.16,1.96,2.15,,,,,,,87H9,,bernaro01
242,Nick Hundley,27,SDP,NL,76,73,70,654.1,567,501,60,6,8,.989,7,13,-3,-5,7.72,7.98,7.38,7.96,4,18,57,32,36.0,2,2/H,,hundlni01
243,Laynce Nix,30,WSN,NL,92,77,39,650.0,179,166,11,2,8,.989,1,1,5,9,2.45,2.68,1.88,2.84,,,,,,,7H9/38D,,nixla01
244,Aaron Rowand,33,SFG,NL,84,73,38,650.0,161,157,3,1,0,.994,7,12,3,6,2.22,2.16,1.90,2.15,,,,,,,87H/9D,,rowanaa01
245,Mike Aviles,30,2TM,AL,83,66,57,649.1,263,82,169,12,24,.954,-2,-3,-1,-2,3.48,3.48,2.73,3.47,,,,,,,546H/9D7,,avilemi01
246,Humberto Quintero,31,HOU,NL,77,73,67,642.0,589,541,43,5,9,.992,3,6,1,2,8.19,7.98,7.58,7.96,3,13,48,14,22.6,5,2/H,,quinthu01
247,Ramón Santiago,31,DET,AL,99,62,55,641.2,357,128,226,3,43,.992,7,14,7,14,4.97,4.60,3.31,4.53,,,,,,,46H/5,,santira01
248,Édgar Rentería,34,CIN,NL,89,71,47,635.0,322,96,213,13,36,.960,-5,-9,2,4,4.38,4.41,3.43,4.42,,,,,,,6H/4,,renteed01
249,Kelly Shoppach,31,TBR,AL,86,71,49,625.2,525,485,37,3,7,.994,10,19,1,2,7.51,7.61,6.07,7.57,1,16,26,18,40.9,1,2/H,,shoppke01
250,Don Kelly,31,DET,AL,107,62,36,624.0,222,140,77,5,15,.977,1,1,3,6,3.13,3.14,1.81,3.30,1,0,0,0,,0,59H73/8D12,,kellydo01
251,Juan Uribe,32,LAD,NL,74,73,54,621.1,212,71,138,3,16,.986,5,9,4,8,3.03,3.09,2.58,3.12,,,,,,,54/6H,,uribeju01
252,Nolan Reimold,27,BAL,AL,76,71,53,620.2,158,150,5,3,0,.981,1,1,-2,-4,2.25,2.28,2.04,2.26,,,,,,,7/9HD,,reimono01
253,Ryan Sweeney,26,OAK,AL,92,65,52,618.0,153,150,3,0,0,1.000,3,5,-3,-6,2.23,2.28,1.66,2.26,,,,,,,78H9/D,,sweenry01
254,Trevor Plouffe,25,MIN,AL,75,71,62,615.2,284,124,148,12,44,.958,-27,-52,-19,-37,3.98,4.14,3.58,4.13,,,,,,,649/HD73,,plouftr01
255,Jonathan Herrera,26,COL,NL,87,62,55,605.2,287,106,178,3,35,.990,2,4,3,6,4.22,4.61,3.09,4.45,,,,,,,4H6/5,,herrejo03
256,John Jaso,27,TBR,AL,82,67,56,603.1,509,479,26,4,4,.992,-4,-8,-12,-24,7.53,7.61,6.16,7.57,4,26,50,10,16.7,0,2H,,jasojo01
257,Josh Reddick,24,BOS,AL,80,64,54,601.2,155,145,5,5,1,.968,9,18,10,20,2.24,2.28,1.88,2.26,,,,,,,97H/8D,,reddijo01
258,Jonny Gomes,30,2TM,NL,84,73,32,599.2,130,127,1,2,0,.985,0,1,-2,-4,1.92,2.16,1.52,2.15,,,,,,,7H9/D,,gomesjo01
259,Brandon Wood,26,2TM,2LG,90,60,46,599.2,251,111,135,5,27,.980,-5,-9,-9,-17,3.69,3.57,2.51,3.74,,,,,,,56H3/4D,,woodbr01
260,Alberto González,28,SDP,NL,89,61,42,588.2,272,119,149,4,29,.985,-1,-2,1,3,4.10,4.28,2.79,4.34,,,,,,,465H/3,,gonzaal03
261,Endy Chávez,33,TEX,AL,75,66,49,587.1,137,133,3,1,0,.993,0,1,-1,-2,2.08,2.28,1.81,2.26,,,,,,,8H7/9D,,chaveen01
262,J.D. Drew,35,BOS,AL,76,65,56,587.1,149,146,3,0,0,1.000,3,5,-3,-6,2.28,2.28,1.96,2.26,,,,,,,9H,,drewj.01
263,Denard Span,27,MIN,AL,67,67,66,585.1,208,206,1,1,0,.995,11,23,9,19,3.18,2.28,3.09,2.26,,,,,,,8/HD,,spande01
264,Eli Whiteside,31,SFG,NL,81,64,51,583.2,541,495,41,5,4,.991,-4,-8,5,10,8.26,7.98,6.62,7.96,7,18,53,18,25.4,0,2/H,,whiteel03
265,Chris Heisey,26,CIN,NL,102,54,36,582.0,139,134,2,3,0,.978,-2,-4,1,2,2.10,2.16,1.33,2.15,,,,,,,7H89,,heisech01
266,Kevin Kouzmanoff,29,2TM,2LG,71,66,54,576.1,181,46,122,13,13,.928,-9,-18,-6,-12,2.62,2.59,2.37,2.58,,,,,,,5/H,,kouzmke01
267,John McDonald,36,2TM,2LG,80,56,50,575.2,290,91,195,4,43,.986,9,19,10,20,4.47,3.98,3.36,3.91,,,,,,,654/H,,mcdonjo03
268,Jason Varitek,39,BOS,AL,68,64,57,574.2,551,519,28,4,1,.993,-8,-17,-8,-16,8.57,7.61,8.04,7.57,6,17,73,12,14.1,1,2,,varitja01
269,John Mayberry,27,PHI,NL,73,60,49,574.1,204,193,8,3,9,.985,6,13,-4,-8,3.15,3.41,2.54,3.78,,,,,,,H8739,,maybejo02
270,Angel Sánchez,27,HOU,NL,74,63,59,574.0,293,93,193,7,44,.976,-3,-7,-2,-4,4.48,4.25,3.81,4.24,,,,,,,6H45,,sanchan02
271,Carlos Gómez,25,MIL,NL,87,59,52,569.0,188,183,5,0,1,1.000,15,31,16,34,2.97,2.16,2.16,2.15,,,,,,,8H,,gomezca01
272,Daric Barton,25,OAK,AL,65,62,61,568.1,643,596,39,8,72,.988,1,1,4,8,10.06,9.30,9.77,9.24,,,,,,,3/H,,bartoda02
273,Chris Coghlan,26,FLA,NL,65,64,57,568.1,160,157,3,0,1,1.000,-5,-10,-12,-26,2.53,2.16,2.46,2.15,,,,,,,8,,coghlch01
274,Jack Wilson,33,2TM,2LG,75,61,58,567.1,315,123,188,4,44,.987,5,11,6,13,4.93,4.54,4.15,4.49,,,,,,,46H/5,,wilsoja02
275,Matt Treanor,35,2TM,AL,72,64,53,565.2,447,419,24,4,5,.991,-3,-6,-10,-21,7.05,7.61,6.15,7.57,2,29,42,14,25.0,0,2/H,,treanma01
276,Joe Mauer,28,MIN,AL,66,64,56,558.2,486,452,29,5,17,.990,4,8,4,9,7.75,7.95,6.77,7.92,4,17,28,12,30.0,0,23D/H9,,mauerjo01
277,Tsuyoshi Nishioka,26,MIN,AL,66,65,62,558.0,304,106,186,12,42,.961,-14,-29,-14,-30,4.71,4.40,4.42,4.37,,,,,,,6/4HD,,nishits01
278,Ben Francisco,29,PHI,NL,69,62,52,554.0,110,103,4,3,0,.973,-8,-17,-8,-17,1.74,2.16,1.55,2.15,,,,,,,9H7/D,,francbe01
279,Mike Cameron,38,2TM,2LG,69,64,47,553.0,145,141,3,1,0,.993,-6,-14,0,0,2.34,2.21,2.09,2.20,,,,,,,89H/7D,,camermi01
280,Pedro Álvarez,24,PIT,NL,66,62,55,549.0,214,55,145,14,15,.935,-1,-3,-9,-19,3.28,2.53,3.03,2.53,,,,,,,5H,,alvarpe01
281,Scott Rolen,36,CIN,NL,63,60,55,547.1,161,38,119,4,11,.975,2,4,10,22,2.58,2.53,2.49,2.53,,,,,,,5/H,AS,rolensc01
282,Brayan Peña,29,KCR,AL,69,57,54,537.0,444,417,25,2,6,.995,3,7,4,9,7.41,7.61,6.41,7.57,4,19,48,27,36.0,1,2/H,,penabr01
283,Desmond Jennings,24,TBR,AL,60,60,57,532.0,122,118,3,1,0,.992,3,7,2,5,2.05,2.28,2.02,2.26,,,,,,,7/8H9D,ROY-7,jennide01
284,Miguel Cairo,37,CIN,NL,73,56,48,521.1,194,52,138,4,19,.979,9,20,6,14,3.28,2.99,2.50,3.36,,,,,,,5H4/3,,cairomi01
285,Freddy Sánchez,33,SFG,NL,58,58,55,514.1,244,105,136,3,30,.988,-3,-7,-6,-14,4.22,4.76,4.16,4.75,,,,,,,4/H,,sanchfr01
286,Ronny Paulino,30,NYM,NL,68,56,46,511.0,412,375,30,7,3,.983,-4,-9,-11,-26,7.13,7.98,5.96,7.96,6,17,47,12,20.3,0,2H,,pauliro01
287,Brandon Crawford,24,SFG,NL,65,53,49,507.1,248,74,167,7,29,.972,0,1,1,3,4.28,4.41,3.71,4.40,,,,,,,6/H,,crawfbr01
288,Ezequiel Carrera,24,CLE,AL,64,52,42,506.0,134,128,2,4,0,.970,-7,-17,-1,-2,2.31,2.28,2.03,2.26,,,,,,,8/7H9D,,carreez01
289,Reed Johnson,34,CHC,NL,84,49,38,495.2,124,116,5,3,2,.976,-3,-7,-2,-4,2.20,2.16,1.44,2.15,,,,,,,9H78,,johnsre02
290,Casper Wells,26,2TM,AL,83,51,39,492.1,137,128,7,2,4,.985,9,21,8,20,2.47,2.28,1.63,2.26,,,,,,,97H/8D,,wellsca01
291,Andy Dirks,25,DET,AL,71,54,36,492.0,133,127,4,2,0,.985,-5,-11,2,5,2.40,2.28,1.85,2.26,,,,,,,798H/D,,dirksan01
292,Mike McCoy,30,TOR,AL,71,51,43,492.0,225,100,120,5,18,.978,3,8,4,11,4.02,3.64,3.01,3.40,,,,,,,658H4/9D1,,mccoymi01
293,Matt Tolbert,29,MIN,AL,71,52,48,491.0,257,104,147,6,43,.977,-9,-21,4,11,4.60,4.43,3.44,4.38,,,,,,,46H/5D,,tolbema01
294,Bryan Petersen,25,FLA,NL,62,51,38,487.0,113,106,5,2,2,.982,-5,-13,-2,-5,2.05,2.16,1.76,2.14,,,,,,,87H9/1,,peterbr01
295,Michael McKenry,26,PIT,NL,58,54,46,486.0,388,359,24,5,2,.987,0,0,-1,-2,7.09,7.97,6.49,7.87,1,17,39,13,25.0,2,2/5,,mckenmi01
296,Brent Lillibridge,27,CHW,AL,83,46,34,485.2,223,206,15,2,11,.991,6,15,5,12,4.10,4.21,2.54,4.20,,,,,,,9H38/7D4,,lillibr01
297,Jesús Guzmán,27,SDP,NL,59,58,41,485.0,432,393,35,4,28,.991,1,2,0,0,7.94,8.58,7.13,8.48,,,,,,,3H/7D9,,guzmaje01
298,Xavier Paul,26,2TM,NL,101,41,32,485.0,108,102,5,1,0,.991,-2,-5,-2,-5,1.99,2.16,1.06,2.15,,,,,,,9H7/8,,paulxa01
299,Jason Kubel,29,MIN,AL,58,57,52,483.2,120,110,9,1,3,.992,1,3,-2,-5,2.21,2.28,2.05,2.26,,,,,,,9D/7H,,kubelja01
300,Mike Carp,25,SEA,AL,57,56,48,483.1,324,302,16,6,27,.981,0,-1,-8,-20,5.92,6.11,5.13,6.09,,,,,,,37D/H9,,carpmi01
301,Justin Morneau,30,MIN,AL,56,55,49,479.1,485,440,44,1,52,.998,-3,-9,-3,-8,9.09,9.30,8.64,9.24,,,,,,,3D/H,,morneju01
302,Grady Sizemore,28,CLE,AL,56,55,50,479.1,126,123,1,2,0,.984,-3,-7,-5,-12,2.33,2.28,2.21,2.26,,,,,,,8D/H,,sizemgr01
303,Rob Johnson,28,SDP,NL,63,54,45,475.0,429,362,65,2,3,.995,-1,-3,-3,-7,8.09,7.98,6.78,7.96,5,19,49,15,23.4,3,2/H,,johnsro07
304,Michael Martínez,28,PHI,NL,68,48,41,473.1,176,79,91,6,13,.966,4,9,2,6,3.23,3.18,2.36,3.38,,,,,,,H5468/7,,martimi02
305,Magglio Ordóñez,37,DET,AL,69,68,24,471.2,92,85,7,0,3,1.000,-11,-29,-8,-21,1.76,2.28,1.33,2.26,,,,,,,9D/H,,ordonma01
306,Jason Bourgeois,29,HOU,NL,75,49,38,471.0,121,117,3,1,1,.992,11,27,2,5,2.29,2.20,1.60,2.22,,,,,,,78H9/4,,bourgja01
307,José López,27,2TM,NL,61,54,38,470.1,186,81,100,5,15,.973,-4,-11,-1,-3,3.46,3.91,2.70,4.00,,,,,,,5H4/3D,,lopezjo01
308,Mike Fontenot,31,SFG,NL,63,51,35,469.2,214,70,137,7,26,.967,1,3,-4,-10,3.97,4.41,3.04,4.30,,,,,,,6H4/5,,fontemi01
309,Jerry Sands,23,LAD,NL,60,53,34,469.1,123,117,6,0,4,1.000,-4,-9,0,0,2.36,2.56,1.95,2.83,,,,,,,79/3H8,,sandsje01
310,Chris Stewart,29,SFG,NL,66,51,37,468.1,490,435,48,7,4,.986,5,13,21,54,9.28,8.00,7.32,8.02,2,14,34,22,39.3,2,2/H3,,stewach01
311,Edwin Encarnación,28,TOR,AL,57,52,35,464.2,279,215,52,12,18,.957,-3,-8,-7,-18,5.17,5.35,4.38,5.32,,,,,,,D53H,,encared01
312,Jason Pridie,27,NYM,NL,75,45,40,464.1,124,120,2,2,0,.984,-1,-1,3,8,2.36,2.16,1.63,2.15,,,,,,,8H97,,pridija01
313,Ryan Doumit,30,PIT,NL,60,53,46,461.1,353,321,26,6,1,.983,-3,-8,-16,-41,6.77,7.98,5.78,7.96,4,19,41,13,24.1,0,2H,,doumiry01
314,Lonnie Chisenhall,22,CLE,AL,58,55,40,461.0,168,44,114,10,8,.940,3,9,5,13,3.08,2.62,2.68,2.59,,,,,,,5/HD,,chiselo01
315,Jose Altuve,21,HOU,NL,55,51,49,460.2,217,80,135,2,25,.991,1,3,2,5,4.20,4.76,3.91,4.75,,,,,,,4/H,,altuvjo01
316,Domonic Brown,23,PHI,NL,52,49,45,451.0,82,78,0,4,0,.951,-5,-13,-8,-22,1.56,2.16,1.50,2.15,,,,,,,9/H,,browndo01
317,Hank Conger,23,LAA,AL,56,48,42,450.0,355,322,27,6,5,.983,-3,-8,0,0,6.98,7.61,6.23,7.57,1,16,53,12,18.5,1,2/HD,,congeha01
318,Tyler Colvin,25,CHC,NL,60,49,35,447.1,131,126,4,1,2,.992,6,16,4,11,2.62,2.52,2.10,2.61,,,,,,,9H7/83,,colvity01
319,Dee Strange-Gordon,23,LAD,NL,54,51,46,446.1,218,80,128,10,25,.954,-4,-10,-3,-8,4.19,4.41,3.85,4.40,,,,,,,6/H,,gordode01
320,J.D. Martinez,23,HOU,NL,52,52,39,445.1,99,93,5,1,2,.990,0,-1,2,6,1.98,2.16,1.88,2.15,,,,,,,7/9H,,martijd02
321,Brandon Belt,23,SFG,NL,56,50,35,444.2,269,251,14,4,8,.985,-7,-20,3,8,5.36,5.43,4.21,5.67,,,,,,,37H/9,,beltbr01
322,Brad Hawpe,32,SDP,NL,51,49,41,444.0,415,379,32,4,46,.990,-2,-6,-1,-3,8.33,8.34,8.06,8.33,,,,,,,3H/9D,,hawpebr01
323,Chris Davis,25,2TM,AL,54,49,44,444.0,297,245,44,8,30,.973,-10,-28,-5,-13,5.86,5.96,5.07,6.21,,,,,,,35/DH,,davisch02
324,Xavier Nady,32,ARI,NL,59,49,43,443.1,418,382,33,3,36,.993,2,6,1,3,8.42,8.49,6.69,8.15,,,,,,,3H7,,nadyxa01
325,Michael Saunders,24,SEA,AL,56,47,43,443.1,140,139,1,0,0,1.000,7,19,3,9,2.84,2.28,2.50,2.26,,,,,,,87/H,,saundmi01
326,Matt Diaz,33,2TM,NL,69,56,15,440.1,83,78,3,2,0,.976,-2,-5,-2,-5,1.66,2.16,1.17,2.15,,,,,,,9H7/D,,diazma02
327,Brandon Allen,25,2TM,2LG,51,49,45,440.1,439,411,24,4,33,.991,0,0,-1,-3,8.89,9.30,8.53,9.25,,,,,,,3/H,,allenbr01
328,Alex Presley,25,PIT,NL,51,50,48,438.1,80,77,2,1,1,.988,-3,-8,1,3,1.62,2.16,1.55,2.15,,,,,,,7/8H,,preslal01
329,Casey Blake,37,LAD,NL,52,51,39,437.0,161,82,72,7,8,.957,0,-1,3,9,3.17,3.31,2.80,3.50,,,,,,,5H/37,,blakeca01
330,Mark Kotsay,35,MIL,NL,63,50,27,436.2,114,106,3,5,4,.956,-4,-11,-1,-3,2.25,2.55,1.68,3.36,,,,,,,H9738,,kotsama01
331,Kyle Seager,23,SEA,AL,52,49,46,433.2,165,47,112,6,8,.964,-1,-2,0,1,3.30,3.03,2.89,3.03,,,,,,,56/4H,,seageky01
332,Dioner Navarro,27,LAD,NL,54,46,45,428.0,455,421,27,7,5,.985,-2,-6,0,0,9.42,7.98,8.30,7.96,2,20,41,14,25.5,6,2H/D,,navardi01
333,Travis Snider,23,TOR,AL,48,46,41,427.0,98,91,4,3,1,.969,-6,-16,3,9,2.00,2.28,1.98,2.26,,,,,,,7/89HD,,snidetr01
334,Luke Scott,33,BAL,AL,56,53,25,425.2,173,166,6,1,8,.994,-4,-12,1,3,3.64,3.85,3.02,3.73,,,,,,,73/HD,,scottlu01
335,Austin Kearns,31,CLE,AL,54,44,40,414.2,107,105,1,1,0,.991,7,20,-2,-6,2.30,2.28,1.96,2.26,,,,,,,79/HD,,kearnau01
336,Carlos Corporán,27,HOU,NL,50,46,38,411.1,407,371,30,6,5,.985,-5,-15,6,18,8.77,7.98,8.02,7.96,2,20,43,9,17.3,0,2/H,,corpoca01
337,Willie Harris,33,NYM,NL,61,44,31,409.0,111,77,33,1,2,.991,-6,-19,-13,-38,2.42,2.63,1.80,2.62,,,,,,,H74/589D,,harriwi02
338,Ryan Spilborghs,31,COL,NL,64,41,28,407.1,82,78,4,0,0,1.000,-5,-14,-4,-12,1.81,2.16,1.28,2.15,,,,,,,H798,,spilbry01
339,Josh Harrison,23,PIT,NL,56,51,27,404.1,163,39,116,8,12,.951,4,12,7,21,3.45,2.76,2.77,2.77,,,,,,,5H/4,,harrijo05
340,Eric Hinske,33,ATL,NL,57,49,18,404.1,156,146,10,0,6,1.000,6,16,0,0,3.47,3.64,2.64,3.73,,,,,,,H793/D,,hinsker01
341,Félix Pié,26,BAL,AL,73,36,32,401.2,101,100,1,0,0,1.000,-8,-23,-10,-30,2.26,2.28,1.38,2.26,,,,,,,7H/89D,,piefe01
342,Juan Miranda,28,ARI,NL,46,46,37,401.0,395,367,24,4,36,.990,-3,-8,-4,-12,8.78,9.33,8.50,9.31,,,,,,,3H,,miranju01
343,José Molina,36,TOR,AL,48,44,40,399.0,367,342,24,1,3,.997,1,3,4,12,8.26,7.61,7.63,7.57,8,19,24,12,33.3,3,2/DH,,molinjo01
344,Darnell McDonald,32,BOS,AL,67,40,21,394.1,96,90,3,3,0,.969,-2,-5,3,10,2.12,2.28,1.37,2.25,,,,,,,97H8/D1,,mcdonda02
345,Bill Hall,31,2TM,NL,52,47,35,391.2,199,116,77,6,23,.970,-10,-29,-7,-21,4.43,4.74,3.71,4.70,,,,,,,4H/7D,,hallbi03
346,Jimmy Paredes,22,HOU,NL,46,44,40,390.2,107,31,71,5,6,.953,-2,-7,-1,-3,2.35,2.53,2.22,2.53,,,,,,,5/H,,paredji01
347,Omar Vizquel,44,CHW,AL,50,42,34,387.1,133,45,87,1,12,.992,-5,-14,-1,-2,3.07,3.72,2.40,3.62,,,,,,,54H/6D3,,vizquom01
348,Nick Evans,25,NYM,NL,49,42,29,386.2,408,369,36,3,23,.993,3,9,8,25,9.43,8.42,7.23,7.92,,,,,,,3H/957,,evansni01
349,Johnny Giavotella,23,KCR,AL,46,46,37,385.1,178,56,117,5,17,.972,-6,-20,-1,-3,4.04,4.76,3.76,4.73,,,,,,,4,,giavojo01
350,Kyle Blanks,24,SDP,NL,48,44,36,383.0,139,129,9,1,8,.993,-4,-11,7,22,3.24,3.71,2.76,4.01,,,,,,,73H,,blankky01
351,Allen Craig,26,STL,NL,56,47,18,381.2,102,87,15,0,1,1.000,8,25,3,10,2.41,2.53,1.70,2.75,,,,,,,7H9/4835,,craigal01
352,Brett Lawrie,21,TOR,AL,43,43,42,380.1,164,38,120,6,10,.963,11,33,11,35,3.74,2.62,3.67,2.60,,,,,,,5,,lawribr01
353,Elliot Johnson,27,TBR,AL,61,41,28,379.1,168,55,111,2,16,.988,6,19,6,20,3.94,4.42,2.55,4.47,,,,,,,6H/4378D,,johnsel02
354,Buster Posey,24,SFG,NL,43,43,37,379.0,377,349,26,2,6,.995,5,15,5,16,8.91,8.05,8.72,8.02,3,7,27,15,35.7,0,2/3H,,poseybu01
355,David Ross,34,ATL,NL,49,42,34,378.2,372,337,32,3,2,.992,0,0,10,32,8.77,7.98,7.53,7.96,2,16,22,11,33.3,1,2/HD,,rossda01
356,Alejandro De Aza,27,CHW,AL,48,41,33,376.2,107,104,2,1,0,.991,2,8,5,16,2.53,2.28,2.21,2.26,,,,,,,98/H7D,,deazaal01
357,Adam LaRoche,31,WSN,NL,43,42,38,375.0,412,380,32,0,34,1.000,8,25,5,16,9.89,9.33,9.58,9.31,,,,,,,3,,larocad01
358,Andruw Jones,34,NYY,AL,57,48,15,370.2,90,88,1,1,1,.989,3,8,0,0,2.16,2.28,1.56,2.26,,,,,,,79DH,,jonesan01
359,Eric Young Jr.,26,COL,NL,48,42,30,368.1,92,75,13,4,5,.957,-7,-22,-3,-9,2.15,2.46,1.76,2.52,,,,,,,7H/489D,,younger03
360,Paul Goldschmidt,23,ARI,NL,43,41,40,368.0,373,351,22,0,22,1.000,-5,-15,-3,-10,9.12,9.33,8.67,9.31,,,,,,,3/H,,goldspa01
361,J.R. Towles,27,HOU,NL,51,41,39,365.2,312,284,22,6,3,.981,-4,-13,0,0,7.53,7.98,6.00,7.96,2,6,38,8,17.4,0,2/H,,towlejr01
362,Matt Downs,27,HOU,NL,60,35,27,365.0,161,85,70,6,17,.963,-6,-18,-6,-19,3.82,4.33,2.42,4.89,,,,,,,H453/96,,downsma01
363,Craig Gentry,27,TEX,AL,60,38,25,362.2,111,109,0,2,0,.982,9,28,7,23,2.70,2.28,1.82,2.26,,,,,,,8H/97D,,gentrcr01
364,Chris Nelson,25,COL,NL,52,39,28,361.1,152,45,99,8,17,.947,-3,-10,-3,-9,3.59,3.93,2.62,3.77,,,,,,,45H/6,,nelsoch01
365,Blake DeWitt,25,CHC,NL,53,40,20,360.2,147,77,63,7,12,.952,0,0,-4,-13,3.49,3.15,2.55,3.10,,,,,,,H745,,dewitbl01
366,Jayson Nix,28,TOR,AL,43,42,31,354.0,128,36,89,3,9,.977,4,15,3,11,3.18,2.71,2.72,2.78,,,,,,,5/4DH7,,nixja01
367,Jeff Baker,30,CHC,NL,56,42,16,351.2,206,155,50,1,13,.995,-5,-17,-2,-6,5.25,5.67,3.47,5.32,,,,,,,H3459/D7,,bakerje03
368,Pat Burrell,34,SFG,NL,54,50,13,349.2,59,53,2,4,1,.932,0,0,0,0,1.42,2.16,1.02,2.15,,,,,,,7H,,burrepa01
369,Koyie Hill,32,CHC,NL,45,38,34,349.0,340,319,15,6,5,.982,-3,-10,-6,-20,8.61,7.98,7.42,7.96,2,16,25,8,24.2,0,2/H,,hillko01
370,Brian Roberts,33,BAL,AL,39,39,34,347.0,191,65,123,3,24,.984,-2,-6,1,3,4.88,4.76,4.82,4.73,,,,,,,4,,roberbr01
371,Anthony Rizzo,21,SDP,NL,45,37,34,341.2,344,316,26,2,28,.994,0,0,2,7,9.01,9.33,7.60,9.31,,,,,,,3/H,,rizzoan01
372,Trayvon Robinson,23,SEA,AL,41,38,33,339.2,89,80,3,6,0,.933,-11,-39,-4,-13,2.20,2.28,2.02,2.26,,,,,,,78/HD,,robintr01
373,Salvador Perez,21,KCR,AL,39,39,38,338.2,314,290,21,3,2,.990,-1,-4,-2,-7,8.26,7.61,7.97,7.57,2,18,26,7,21.2,3,2,,perezsa02
374,Fred Lewis,30,CIN,NL,48,44,15,337.0,85,81,3,1,2,.988,0,0,5,18,2.24,2.16,1.75,2.15,,,,,,,7H/9D,,lewisfr02
375,Carlos Peguero,24,SEA,AL,43,41,26,336.2,86,82,3,1,2,.988,-4,-13,3,11,2.27,2.28,1.98,2.26,,,,,,,7/9DH,,pegueca01
376,Logan Forsythe,24,SDP,NL,48,36,32,333.2,151,59,87,5,17,.967,2,8,7,26,3.94,3.53,2.92,3.59,,,,,,,54H/6,,forsylo01
377,Rene Tosoni,24,MIN,AL,42,37,33,332.1,94,87,4,3,0,.968,-1,-4,-3,-10,2.46,2.28,2.17,2.26,,,,,,,7H/D9,,tosonre01
378,Nick Punto,33,STL,NL,55,32,28,330.2,187,68,116,3,28,.984,1,4,4,15,5.01,4.52,3.07,4.45,,,,,,,4H/65,,puntoni01
379,Jason Repko,30,MIN,AL,55,34,31,328.2,81,78,2,1,0,.988,-1,-2,2,8,2.19,2.28,1.45,2.26,,,,,,,97H/D8,,repkoja01
380,Bobby Wilson,28,LAA,AL,53,35,25,328.0,273,246,26,1,2,.996,1,4,3,11,7.46,7.67,5.13,7.76,0,15,25,10,28.6,0,2/3HD,,wilsobo02
381,Brian Bogusevic,27,HOU,NL,53,35,28,324.0,91,80,9,2,4,.978,7,24,10,37,2.47,2.16,1.68,2.15,,,,,,,H97,,bogusbr01
382,Alex Cora,35,WSN,NL,55,34,21,323.0,141,49,88,4,17,.972,5,17,2,9,3.82,3.71,2.25,4.20,,,,,,,H56/34,,coraal01
383,Shelley Duncan,31,CLE,AL,46,43,21,322.0,113,103,8,2,4,.982,-3,-10,-4,-15,3.10,3.43,2.41,3.32,,,,,,,7DH/39,,duncash01
384,Eric Chávez,33,NYY,AL,44,35,30,321.2,99,38,61,0,9,1.000,1,4,3,12,2.77,2.95,2.20,3.04,,,,,,,5H/D3,,chaveer01
385,Francisco Cervelli,25,NYY,AL,43,35,31,320.1,303,278,19,6,1,.980,-4,-14,2,8,8.34,7.56,6.75,7.28,3,12,24,4,14.3,0,2/H54,,cervefr01
386,Mark Teahen,29,2TM,AL,60,32,21,318.2,124,73,50,1,3,.992,0,0,2,9,3.47,3.49,1.89,4.36,,,,,,,5H3/9D7,,teahema01
387,Brett Hayes,27,FLA,NL,53,33,27,317.2,277,257,20,0,3,1.000,1,4,0,-2,7.85,7.96,5.23,7.77,3,12,20,7,25.9,1,2H/379,,hayesbr01
388,Ike Davis,24,NYM,NL,36,36,34,317.0,322,287,34,1,22,.997,1,5,1,4,9.11,9.33,8.92,9.31,,,,,,,3,,davisik02
389,Craig Counsell,40,MIL,NL,61,28,24,315.2,130,42,86,2,16,.985,3,12,7,28,3.65,4.01,2.03,4.09,,,,,,,H465/7,,counscr01
390,Brian Schneider,34,PHI,NL,40,36,23,309.0,287,277,9,1,0,.997,-1,-4,0,0,8.33,7.98,7.15,7.96,1,7,20,3,13.0,0,2/H,,schnebr01
391,Luis Rodríguez,31,SEA,AL,40,32,28,307.2,136,56,76,4,21,.971,-2,-8,-1,-3,3.86,3.94,3.14,4.06,,,,,,,65/4H3,,rodrilu01
392,Iván Rodríguez,39,WSN,NL,37,34,32,305.2,267,246,18,3,4,.989,3,12,4,16,7.77,7.99,6.95,7.99,3,11,12,13,52.0,0,2/H3,,rodriiv01
393,Emmanuel Burriss,26,SFG,NL,50,28,23,305.0,179,82,92,5,28,.972,4,14,0,0,5.13,4.68,3.22,4.68,,,,,,,4H/6357,,burriem01
394,Jason Kipnis,24,CLE,AL,36,34,32,305.0,164,58,100,6,16,.963,-2,-9,-4,-16,4.66,4.76,4.39,4.73,,,,,,,4/H,,kipnija01
395,Chase d'Arnaud,24,PIT,NL,42,33,31,304.2,138,39,90,9,18,.935,-5,-20,-3,-11,3.81,3.83,3.07,3.88,,,,,,,65/H4,,darnach01
396,Tony Campana,25,CHC,NL,66,26,20,304.0,87,85,1,1,0,.989,8,32,5,20,2.55,2.16,1.30,2.15,,,,,,,H78/9D,,campato01
397,Jason Donald,26,CLE,AL,37,32,27,304.0,145,53,88,4,16,.972,-1,-5,0,0,4.17,4.41,3.62,4.35,,,,,,,46/5HD,,donalja01
398,Travis Buck,27,CLE,AL,40,35,27,300.2,81,80,0,1,0,.988,1,6,4,17,2.39,2.28,2.00,2.26,,,,,,,79/HD8,,bucktr01
399,René Rivera,27,MIN,AL,44,35,22,299.1,250,231,16,3,1,.988,2,8,5,20,7.43,7.61,5.61,7.57,1,7,15,10,40.0,0,2/H,,riverre01
400,Adam Dunn,31,CHW,AL,37,36,21,298.2,288,260,24,4,21,.986,-5,-19,-3,-12,8.56,8.97,7.68,8.86,,,,,,,D3/H9,,dunnad01
401,Mike Trout,19,LAA,AL,35,32,31,291.2,82,80,0,2,0,.976,4,16,0,0,2.47,2.28,2.29,2.26,,,,,,,897/HD,,troutmi01
402,Ian Stewart,26,COL,NL,42,31,28,284.0,85,25,54,6,3,.929,-2,-7,4,17,2.50,2.53,1.88,2.53,,,,,,,5H,,stewaia01
403,Landon Powell,29,OAK,AL,34,31,28,281.1,264,245,17,2,3,.992,3,15,3,13,8.38,7.66,7.71,7.62,1,9,16,9,36.0,0,2/H3D,,powella01
404,Felipe López,31,2TM,2LG,41,34,15,279.0,129,72,53,4,8,.969,0,0,-1,-4,4.03,4.20,3.05,4.15,,,,,,,54H/3D,,lopezfe01
405,Justin Sellers,25,LAD,NL,35,32,24,278.2,138,59,78,1,20,.993,6,27,8,36,4.42,4.28,3.81,4.26,,,,,,,64/5H,,selleju01
406,Tyler Flowers,25,CHW,AL,34,30,29,277.2,281,260,19,2,3,.993,-1,-4,8,35,9.04,7.74,8.21,7.72,3,7,25,8,24.2,0,2/3HD,,flowety01
407,Jorge Cantú,29,SDP,NL,37,30,25,275.2,228,203,22,3,11,.987,2,8,2,9,7.35,7.24,6.08,7.36,,,,,,,3H5/4,,cantujo01
408,Henry Blanco,39,ARI,NL,37,31,28,274.0,192,178,13,1,0,.995,2,9,-1,-4,6.27,7.98,5.16,7.96,1,9,13,11,45.8,0,2/H,,blanche01
409,Melvin Mora,39,ARI,NL,31,30,28,271.1,89,22,64,3,2,.966,3,14,-3,-13,2.85,2.55,2.69,2.74,,,,,,,5H/3,,morame01
410,Victor Martinez,32,DET,AL,32,32,29,271.0,208,179,27,2,7,.990,-2,-8,-2,-8,6.84,7.93,6.44,7.88,0,10,29,8,21.6,1,*D2/3H,MVP-16,martivi01
411,Chris Snyder,30,PIT,NL,33,30,27,265.2,218,201,17,0,1,1.000,0,0,2,9,7.39,7.98,6.61,7.96,5,9,17,6,26.1,0,2/H,,snydech02
412,Tyler Greene,27,STL,NL,48,24,17,264.2,123,37,81,5,15,.959,-4,-18,-3,-13,4.01,4.44,2.15,4.15,,,,,,,4H6/97,,greenty02
413,Chris Marrero,22,WSN,NL,31,28,26,264.1,270,254,14,2,17,.993,3,15,-1,-5,9.12,9.33,8.65,9.31,,,,,,,3/H,,marrech01
414,Andy LaRoche,27,OAK,AL,40,28,15,259.2,102,33,64,5,9,.951,-2,-9,-2,-8,3.36,3.52,2.16,3.47,,,,,,,5/643,,larocan01
415,José Constanza,27,ATL,NL,33,29,22,256.0,68,67,0,1,0,.985,2,10,0,1,2.36,2.16,2.03,2.15,,,,,,,79H/8,,constjo01
416,George Kottaras,28,MIL,NL,36,31,15,253.0,179,171,8,0,0,1.000,0,0,-3,-14,6.37,7.98,4.97,7.96,2,4,18,3,14.3,0,2H,,kottage01
417,Jason Michaels,35,HOU,NL,41,29,15,253.0,60,59,1,0,0,1.000,-3,-14,3,14,2.13,2.16,1.46,2.15,,,,,,,H79,,michaja01
418,Justin Verlander,28,DET,AL,34,34,4,251.0,50,12,33,5,2,.900,,,5,4,1.61,1.60,1.32,1.59,,,,,,,1,ASCYA-1MVP-1,verlaju01
419,James Shields,29,TBR,AL,33,33,11,249.1,54,19,32,3,2,.944,,,7,6,1.84,1.60,1.55,1.59,,,,,,,1,ASCYA-3MVP-16,shielja02
420,Todd Frazier,25,CIN,NL,32,27,17,245.2,85,37,46,2,4,.976,-1,-3,3,16,3.04,2.85,2.31,2.90,,,,,,,5H/7463,,frazito01
421,Julio Borbón,25,TEX,AL,32,28,23,243.1,72,70,1,1,0,.986,-4,-20,-2,-9,2.63,2.28,2.22,2.26,,,,,,,8,,borboju01
422,Craig Tatum,28,BAL,AL,31,27,24,241.2,227,208,16,3,3,.987,2,10,5,25,8.34,7.63,7.23,7.62,1,4,20,8,28.6,0,2/3,,tatumcr01
423,Justin Ruggiano,29,TBR,AL,36,25,19,241.1,65,64,1,0,0,1.000,-1,-6,6,31,2.42,2.28,1.81,2.26,,,,,,,7H/98D,,ruggiju01
424,Dan Haren,30,LAA,AL,35,34,4,238.1,48,13,35,0,3,1.000,,,3,3,1.81,1.60,1.37,1.59,,,,,,,1,CYA-7,harenda01
425,Chris Carpenter,36,STL,NL,34,34,4,237.1,54,28,23,3,3,.944,,,0,0,1.93,1.80,1.50,1.79,,,,,,,1,,carpech01
426,CC Sabathia,30,NYY,AL,33,33,3,237.1,27,3,21,3,2,.889,,,-5,-4,0.91,1.60,0.73,1.59,,,,,,,1,ASCYA-4MVP-14,sabatc.01
427,Jered Weaver,28,LAA,AL,33,33,4,235.2,34,8,24,2,1,.941,,,2,2,1.22,1.60,0.97,1.59,,,,,,,1,ASCYA-2,weaveje02
428,Greg Halman,23,SEA,AL,35,25,19,235.1,59,59,0,0,0,1.000,-4,-19,-4,-19,2.26,2.28,1.69,2.26,,,,,,,7/8H9,,halmagr01
429,Roy Halladay,34,PHI,NL,32,32,8,233.2,43,12,30,1,0,.977,,,-3,-3,1.62,1.80,1.31,1.79,,,,,,,1,ASCYA-2MVP-9,hallaro01
430,Félix Hernández,25,SEA,AL,33,33,5,233.2,57,27,28,2,4,.965,,,-5,-4,2.12,1.60,1.67,1.59,,,,,,,1,AS,hernafe02
431,Clayton Kershaw,23,LAD,NL,33,33,5,233.1,47,9,38,0,2,1.000,,,5,4,1.81,1.80,1.42,1.79,,,,,,,1,ASCYA-1MVP-12GG,kershcl01
432,Cliff Lee,32,PHI,NL,32,32,6,232.2,34,7,26,1,1,.971,,,1,1,1.28,1.80,1.03,1.79,,,,,,,1/H,ASCYA-3MVP-15,leecl02
433,Hideki Matsui,37,OAK,AL,27,27,20,232.1,57,53,3,1,2,.982,-3,-14,0,0,2.17,2.28,2.07,2.26,,,,,,,*D7/H,,matsuhi01
434,Ervin Santana,28,LAA,AL,33,33,4,228.2,36,11,20,5,3,.861,,,-6,-5,1.22,1.60,0.94,1.59,,,,,,,1,,santaer01
435,Ricky Romero,26,TOR,AL,32,32,4,225.0,53,11,41,1,1,.981,,,5,4,2.08,1.60,1.63,1.59,,,,,,,1,ASCYA-10,romerri01
436,Bobby Abreu,37,LAA,AL,28,28,16,224.2,32,29,2,1,0,.969,-5,-26,-3,-16,1.24,2.28,1.11,2.26,,,,,,,D79/H,,abreubo01
437,Dewayne Wise,33,2TM,2LG,50,21,17,224.2,74,71,1,2,0,.973,2,9,1,3,2.88,2.20,1.44,2.19,,,,,,,8H7/9D,,wisede01
438,David Price,25,TBR,AL,34,34,0,224.1,40,13,23,4,2,.900,,,-1,-1,1.44,1.60,1.06,1.59,,,,,,,1,AS,priceda01
439,C.J. Wilson,30,TEX,AL,34,34,3,223.1,30,6,23,1,0,.967,,,-3,-3,1.17,1.60,0.85,1.59,,,,,,,1,ASCYA-6,wilsocj01
440,Daniel Hudson,24,ARI,NL,33,33,3,222.0,31,7,22,2,3,.935,,,-1,-1,1.18,1.80,0.88,1.79,,,,,,,1,SS,hudsoda01
441,Ian Kennedy,26,ARI,NL,33,33,1,222.0,36,14,22,0,1,1.000,,,2,2,1.46,1.80,1.09,1.79,,,,,,,1/H,CYA-4MVP-14,kenneia01
442,Carl Pavano,35,MIN,AL,33,33,3,222.0,57,16,39,2,4,.965,,,1,1,2.23,1.60,1.67,1.59,,,,,,,1,,pavanca01
443,Matt Cain,26,SFG,NL,33,33,1,221.2,40,14,23,3,0,.925,,,1,1,1.50,1.80,1.12,1.79,,,,,,,1/H,ASCYA-8,cainma01
444,A.J. Ellis,30,LAD,NL,29,25,20,221.2,178,167,11,0,2,1.000,0,0,-4,-21,7.23,7.98,6.14,7.96,2,8,11,4,26.7,1,2/H,,ellisaj01
445,Donnie Murphy,28,FLA,NL,33,22,19,221.0,101,36,63,2,10,.980,0,2,0,-2,4.03,3.73,2.91,3.59,,,,,,,65/H4,,murphdo01
446,Carlos Guillén,35,DET,AL,26,25,20,217.2,121,50,69,2,20,.983,1,4,-2,-11,4.92,4.80,4.58,4.90,,,,,,,4/H3D,,guillca01
447,Tim Lincecum,27,SFG,NL,33,33,1,217.0,40,12,27,1,0,.975,,,0,0,1.62,1.80,1.18,1.79,,,,,,,1,ASCYA-6,linceti01
448,Doug Fister,27,2TM,AL,32,31,3,216.1,58,24,31,3,5,.948,,,4,4,2.29,1.60,1.72,1.59,,,,,,,1,,fistedo01
449,Cole Hamels,27,PHI,NL,32,31,3,216.0,34,11,22,1,4,.971,,,1,1,1.38,1.80,1.03,1.79,,,,,,,1/H,ASCYA-5,hamelco01
450,Justin Masterson,26,CLE,AL,34,33,1,216.0,49,15,32,2,4,.959,,,0,0,1.96,1.60,1.38,1.59,,,,,,,1,,masteju01
451,Brett Myers,30,HOU,NL,34,33,2,216.0,56,33,19,4,2,.929,,,-4,-4,2.17,1.80,1.53,1.79,,,,,,,1,,myersbr01
452,Tim Hudson,35,ATL,NL,33,33,1,215.0,46,8,36,2,4,.957,,,-2,-2,1.84,1.80,1.33,1.79,,,,,,,1,,hudsoti01
453,Dave Sappelt,24,CIN,NL,33,22,16,214.2,53,51,2,0,1,1.000,2,12,2,12,2.22,2.16,1.61,2.15,,,,,,,7H/8,,sappeda01
454,Charlie Blackmon,24,COL,NL,27,25,22,214.1,45,43,2,0,0,1.000,-8,-46,-2,-10,1.89,2.16,1.67,2.15,,,,,,,7/8H,,blackch02
455,Gerald Laird,31,STL,NL,32,23,19,214.0,198,183,12,3,1,.985,1,6,-4,-22,8.20,7.99,6.09,8.00,3,6,16,4,20.0,0,2/H3D,,lairdge01
456,Ryan Adams,24,BAL,AL,26,24,20,213.0,111,47,62,2,16,.982,-5,-30,-4,-23,4.61,4.76,4.19,4.73,,,,,,,4/H,,adamsry01
457,Milton Bradley,33,SEA,AL,26,26,23,213.0,55,53,0,2,0,.964,-3,-19,-5,-28,2.24,2.28,2.04,2.26,,,,,,,7/DH,,bradlmi01
458,Randy Wolf,34,MIL,NL,33,33,0,212.1,44,8,32,4,3,.909,,,-1,-1,1.70,1.80,1.21,1.79,,,,,,,1,,wolfra02
459,Joe Saunders,30,ARI,NL,33,33,1,212.0,49,13,36,0,2,1.000,,,7,7,2.08,1.80,1.48,1.79,,,,,,,1,,saundjo01
460,R.A. Dickey,36,NYM,NL,33,32,1,208.2,67,7,58,2,5,.970,,,10,10,2.80,1.80,1.97,1.79,,,,,,,1,,dicker.01
461,Jeremy Guthrie,32,BAL,AL,34,32,2,208.0,49,11,35,3,5,.939,,,6,6,1.99,1.60,1.35,1.59,,,,,,,1/H,,guthrje01
462,Trevor Cahill,23,OAK,AL,34,34,0,207.2,45,12,32,1,1,.978,,,-3,-3,1.91,1.60,1.29,1.59,,,,,,,1,,cahiltr01
463,Yovani Gallardo,25,MIL,NL,33,33,1,207.1,44,12,30,2,3,.955,,,3,3,1.82,1.80,1.27,1.79,,,,,,,1,CYA-7,gallayo01
464,Pete Orr,32,PHI,NL,31,24,11,206.2,121,53,66,2,16,.983,1,6,3,18,5.18,4.57,3.72,4.54,,,,,,,4H/5,,orrpe01
465,Ricky Nolasco,28,FLA,NL,33,33,2,206.0,34,10,23,1,2,.971,,,-3,-3,1.44,1.80,1.00,1.79,,,,,,,1,,nolasri01
466,Mark Buehrle,32,CHW,AL,31,31,0,205.1,56,15,40,1,4,.982,,,7,7,2.41,1.60,1.77,1.59,,,,,,,1,GG,buehrma01
467,Madison Bumgarner,21,SFG,NL,33,33,0,204.2,32,7,22,3,0,.906,,,-2,-2,1.28,1.80,0.88,1.79,,,,,,,1/H,CYA-11,bumgama01
468,Mitch Maier,29,KCR,AL,30,19,17,204.0,67,65,2,0,0,1.000,0,1,5,29,2.96,2.28,2.23,2.24,,,,,,,H79/8D1,,maiermi01
469,Ryan Dempster,34,CHC,NL,34,34,0,202.1,52,13,36,3,3,.942,,,0,0,2.18,1.80,1.44,1.79,,,,,,,1/H,,dempsry01
470,Gio González,25,OAK,AL,32,32,0,202.0,34,10,23,1,3,.971,,,-2,-2,1.47,1.60,1.03,1.59,,,,,,,1,AS,gonzagi01
471,Hiroki Kuroda,36,LAD,NL,32,32,0,202.0,51,15,36,0,5,1.000,,,7,7,2.27,1.80,1.59,1.79,,,,,,,1,,kurodhi01
472,Josh Bard,33,SEA,AL,25,23,21,201.0,170,156,12,2,2,.988,3,18,-1,-5,7.52,7.61,6.72,7.57,0,5,15,9,37.5,0,2/D,,bardjo01
473,Jason Vargas,28,SEA,AL,32,32,4,201.0,29,4,24,1,2,.966,,,0,0,1.25,1.60,0.88,1.59,,,,,,,1,,vargaja01
474,Shaun Marcum,29,MIL,NL,33,33,0,200.2,40,13,26,1,4,.975,,,1,1,1.75,1.80,1.18,1.79,,,,,,,1,,marcush01
475,Colby Lewis,31,TEX,AL,32,32,2,200.1,20,3,13,4,1,.800,,,0,0,0.72,1.60,0.50,1.59,,,,,,,1,,lewisco01
476,Wes Helms,35,FLA,NL,39,18,12,199.2,57,22,32,3,4,.947,-3,-16,-1,-7,2.43,3.07,1.35,3.49,,,,,,,H5/34,,helmswe01
477,Edwin Jackson,27,2TM,2LG,32,31,1,199.2,43,12,28,3,2,.930,,,-2,-2,1.80,1.68,1.25,1.67,,,,,,,1,,jacksed01
478,Bronson Arroyo,34,CIN,NL,32,32,1,199.0,56,22,30,4,2,.929,,,4,4,2.35,1.80,1.63,1.79,,,,,,,1/H,,arroybr01
479,Matt Angle,25,BAL,AL,29,20,17,198.2,64,62,0,2,0,.969,-2,-10,-6,-36,2.81,2.28,2.14,2.26,,,,,,,87/H9D,,anglema01
480,Collin Cowgill,25,ARI,NL,25,21,17,198.0,60,58,2,0,1,1.000,-1,-6,5,32,2.73,2.16,2.40,2.15,,,,,,,7H8,,cowgico01
481,Matt Garza,27,CHC,NL,31,31,2,198.0,33,10,16,7,1,.788,,,-3,-3,1.18,1.80,0.84,1.79,,,,,,,1,,garzama01
482,Luke Hochevar,27,KCR,AL,31,31,0,198.0,42,17,22,3,1,.929,,,-1,-1,1.77,1.60,1.26,1.59,,,,,,,1,,hochelu01
483,Derek Holland,24,TEX,AL,32,32,4,198.0,41,7,31,3,2,.927,,,-4,-4,1.73,1.60,1.19,1.59,,,,,,,1,,hollade01
484,Aníbal Sánchez,27,FLA,NL,32,32,3,196.1,45,18,26,1,1,.978,,,3,3,2.02,1.80,1.38,1.79,,,,,,,1,,sanchan01
485,Max Scherzer,26,DET,AL,33,33,0,195.0,23,11,12,0,2,1.000,,,-2,-2,1.06,1.60,0.70,1.59,,,,,,,1,,scherma01
486,Jaime García,24,STL,NL,32,32,2,194.2,27,3,22,2,2,.926,,,1,1,1.16,1.80,0.78,1.79,,,,,,,1,,garcija02
487,Mat Latos,23,SDP,NL,31,31,0,194.1,39,10,28,1,2,.974,,,-1,-1,1.76,1.80,1.23,1.79,,,,,,,1,,latosma01
488,Jhoulys Chacín,23,COL,NL,31,31,2,194.0,69,26,39,4,1,.942,,,7,7,3.02,1.80,2.10,1.79,,,,,,,1/H,,chacijh01
489,Gavin Floyd,28,CHW,AL,31,30,1,193.2,35,13,21,1,6,.971,,,-1,-1,1.58,1.60,1.10,1.59,,,,,,,1,,floydga01
490,Scott Hairston,31,NYM,NL,35,23,9,193.2,46,44,0,2,0,.957,-3,-19,-1,-6,2.04,2.17,1.22,2.23,,,,,,,H978/D4,,hairssc01
491,Mike Pelfrey,27,NYM,NL,34,33,2,193.2,41,15,25,1,1,.976,,,-6,-6,1.86,1.80,1.18,1.79,,,,,,,1,,pelfrmi01
492,Josh Beckett,31,BOS,AL,30,30,1,193.0,36,15,18,3,0,.917,,,-5,-5,1.54,1.60,1.10,1.59,,,,,,,1,ASCYA-9,beckejo02
493,Jesús Flores,26,WSN,NL,22,21,20,193.0,151,140,10,1,0,.993,-1,-6,2,13,6.99,7.98,6.82,7.96,2,6,16,4,20.0,0,2/H,,floreje02
494,Ted Lilly,35,LAD,NL,33,33,0,192.2,34,7,25,2,0,.941,,,-5,-5,1.49,1.80,0.97,1.79,,,,,,,1/H,,lillyte01
495,Javier Vázquez,34,FLA,NL,32,32,2,192.2,28,7,20,1,0,.964,,,0,0,1.26,1.80,0.84,1.79,,,,,,,1/H,,vazquja01
496,Jon Lester,27,BOS,AL,31,31,0,191.2,29,9,19,1,2,.966,,,1,1,1.31,1.60,0.90,1.59,,,,,,,1,AS,lestejo01
497,Wandy Rodríguez,32,HOU,NL,30,30,0,191.0,37,15,22,0,3,1.000,,,0,0,1.74,1.80,1.23,1.79,,,,,,,1,,rodriwa01
498,A.J. Burnett,34,NYY,AL,33,32,0,190.1,38,10,23,5,2,.868,,,-3,-3,1.56,1.60,1.00,1.59,,,,,,,1/H,,burnea.01
499,Andrés Blanco,27,TEX,AL,34,18,14,189.0,92,29,59,4,13,.957,1,6,2,15,4.19,4.18,2.51,4.03,,,,,,,6/54H9,,blancan01
500,Jeremy Hellickson,24,TBR,AL,29,29,2,189.0,31,15,16,0,0,1.000,,,0,0,1.48,1.60,1.07,1.59,,,,,,,1,ROY-1,hellije01
501,Roberto Hernández,30,CLE,AL,32,32,0,188.2,38,9,29,0,2,1.000,,,2,2,1.81,1.60,1.19,1.59,,,,,,,1,,carmofa01
502,Kyle Lohse,32,STL,NL,30,30,1,188.1,51,24,27,0,1,1.000,,,1,1,2.44,1.80,1.70,1.79,,,,,,,1/H,,lohseky01
503,Ubaldo Jiménez,27,2TM,2LG,32,32,2,188.1,44,14,28,2,1,.955,,,0,0,2.01,1.73,1.31,1.72,,,,,,,1,,jimenub01
504,Chad Billingsley,26,LAD,NL,32,32,1,188.0,31,5,24,2,1,.935,,,1,1,1.39,1.80,0.91,1.79,,,,,,,1,,billich01
505,Will Rhymes,28,DET,AL,24,22,18,187.1,91,31,58,2,12,.978,-4,-22,-3,-19,4.28,4.76,3.71,4.73,,,,,,,4/HD,,rhymewi01
506,Derek Lowe,38,ATL,NL,34,34,0,187.0,44,12,32,0,1,1.000,,,-3,-3,2.12,1.80,1.29,1.79,,,,,,,1,,lowede01
507,Juan Francisco,24,CIN,NL,24,20,18,186.2,52,14,36,2,1,.962,-6,-40,0,0,2.41,2.53,2.08,2.53,,,,,,,5H,,francju02
508,Chris Capuano,32,NYM,NL,33,31,1,186.0,35,7,28,0,2,1.000,,,1,1,1.69,1.80,1.06,1.79,,,,,,,1/H,,capuach01
509,Bud Norris,26,HOU,NL,31,31,0,186.0,54,22,29,3,0,.944,,,0,0,2.47,1.80,1.65,1.79,,,,,,,1,,norribu01
510,Matt Harrison,25,TEX,AL,31,30,0,185.2,40,4,32,4,3,.900,,,-5,-5,1.75,1.60,1.16,1.59,,,,,,,1,,harrima01
511,Tim Stauffer,29,SDP,NL,31,31,0,185.2,65,21,43,1,1,.985,,,6,6,3.10,1.80,2.06,1.79,,,,,,,1/H,,staufti01
512,John Lannan,26,WSN,NL,33,33,0,184.2,43,10,31,2,4,.953,,,5,5,2.00,1.80,1.24,1.79,,,,,,,1,,lannajo01
513,Wade Davis,25,TBR,AL,29,29,1,184.0,29,11,18,0,4,1.000,,,2,2,1.42,1.60,1.00,1.59,,,,,,,1/H,,daviswa01
514,Dayán Viciedo,22,CHW,AL,23,21,14,184.0,47,44,3,0,2,1.000,1,9,0,-1,2.30,3.08,1.88,3.38,,,,,,,9/D3H,,vicieda01
515,Jake Westbrook,33,STL,NL,33,33,0,183.1,74,29,43,2,5,.973,,,8,9,3.53,1.80,2.18,1.79,,,,,,,1/H,,westbja01
516,Jeff Francis,30,KCR,AL,31,31,1,183.0,35,4,31,0,3,1.000,,,4,4,1.72,1.60,1.13,1.59,,,,,,,1,,francje01
517,Eric Patterson,28,SDP,NL,26,21,11,183.0,75,54,19,2,8,.973,-2,-14,-1,-5,3.59,3.20,2.81,3.15,,,,,,,H4/897,,patteer01
518,Brian Bixler,28,WSN,NL,51,15,6,182.2,54,38,15,1,2,.981,4,28,3,20,2.61,2.46,1.02,2.61,,,,,,,H75/9836D,,bixlebr01
519,Rick Porcello,22,DET,AL,31,31,0,182.0,38,15,21,2,4,.947,,,-1,-1,1.78,1.60,1.16,1.59,,,,,,,1,,porceri01
520,Brad Penny,33,DET,AL,31,31,0,181.2,35,8,26,1,1,.971,,,-2,-2,1.68,1.60,1.10,1.59,,,,,,,1,,pennybr01
521,Jordan Pacheco,25,COL,NL,20,20,15,180.0,143,122,18,3,9,.979,-5,-35,-4,-27,7.00,6.70,5.83,6.84,0,1,2,0,0.0,0,3/524H,,pachejo01
522,Ryan Vogelsong,33,SFG,NL,30,28,1,179.2,32,9,23,0,4,1.000,,,0,0,1.60,1.80,1.07,1.79,,,,,,,1/H,ASCYA-11,vogelry01
523,Brandon Morrow,26,TOR,AL,30,30,0,179.1,24,8,13,3,0,.875,,,-6,-7,1.05,1.60,0.70,1.59,,,,,,,1,,morrobr01
524,Chris Gimenez,28,SEA,AL,24,20,15,177.2,136,126,10,0,7,1.000,0,0,0,1,6.89,7.47,5.44,7.07,0,5,14,6,30.0,0,2/73,,gimench01
525,Eric Sogard,25,OAK,AL,27,19,16,176.0,71,25,44,2,4,.972,2,12,4,28,3.53,3.73,2.56,3.73,,,,,,,65/4H,,sogarer01
526,Liván Hernández,36,WSN,NL,29,29,1,175.1,45,11,33,1,7,.978,,,3,3,2.26,1.80,1.52,1.79,,,,,,,1/H,,hernali01
527,Ramón Castro,35,CHW,AL,21,20,13,174.1,122,117,4,1,0,.992,0,0,-3,-20,6.25,7.61,5.76,7.57,3,2,16,4,20.0,1,2/HD,,castrra01
528,Chris Parmelee,23,MIN,AL,20,20,20,173.2,178,164,12,2,19,.989,1,8,2,14,9.12,9.30,8.80,9.24,,,,,,,3/H,,parmech01
529,Steve Pearce,28,PIT,NL,29,18,9,172.2,115,91,20,4,10,.965,-4,-24,0,-1,5.79,5.73,3.58,5.97,,,,,,,H35/9,,pearcst01
530,Josh Wilson,30,2TM,NL,34,17,10,172.1,76,29,45,2,10,.974,-1,-6,1,3,3.86,4.00,1.95,3.81,,,,,,,H564/73,,wilsojo03
531,Zack Greinke,27,MIL,NL,28,28,0,171.2,35,13,22,0,3,1.000,,,4,5,1.83,1.80,1.25,1.79,,,,,,,1/H,,greinza01
532,Charlie Morton,27,PIT,NL,29,29,2,171.2,39,7,31,1,1,.974,,,0,0,1.99,1.80,1.31,1.79,,,,,,,1,,mortoch02
533,Kyle Phillips,27,SDP,NL,24,19,12,171.2,155,140,12,3,1,.981,0,0,3,22,7.97,7.98,6.33,7.96,1,5,21,8,27.6,1,2H,,phillky01
534,Kila Ka'aihue,27,KCR,AL,19,19,17,171.0,198,181,15,2,14,.990,-1,-4,-2,-14,10.32,9.30,10.32,9.24,,,,,,,3/D,,kaaihki01
535,James McDonald,26,PIT,NL,31,31,0,171.0,28,8,19,1,0,.964,,,-1,-1,1.42,1.80,0.87,1.79,,,,,,,1,,mcdonja03
536,Michael Pineda,22,SEA,AL,28,28,0,171.0,26,8,17,1,1,.962,,,-1,-1,1.32,1.60,0.89,1.59,,,,,,,1,ASROY-5,pinedmi01
537,Aaron Harang,33,SDP,NL,28,28,0,170.2,29,8,17,4,1,.862,,,-2,-2,1.32,1.80,0.89,1.79,,,,,,,1,,haranaa01
538,Brandon McCarthy,27,OAK,AL,25,25,5,170.2,38,12,22,4,1,.895,,,-2,-2,1.79,1.60,1.36,1.59,,,,,,,1,,mccarbr01
539,John Danks,26,CHW,AL,27,27,2,170.1,34,4,30,0,1,1.000,,,3,4,1.80,1.60,1.26,1.59,,,,,,,1,,danksjo01
540,Jason Hammel,28,COL,NL,32,27,0,170.1,39,11,27,1,0,.974,,,-1,-1,2.01,1.80,1.19,1.79,,,,,,,1/H,,hammeja01
541,Jason Giambi,40,COL,NL,23,22,10,170.0,214,203,10,1,13,.995,1,8,0,0,11.28,9.33,9.26,9.31,,,,,,,H3/D,,giambja01
542,Alexi Ogando,27,TEX,AL,31,29,1,169.0,20,8,12,0,0,1.000,,,0,0,1.07,1.60,0.65,1.59,,,,,,,1,AS,ogandal01
543,Mike Leake,23,CIN,NL,29,26,0,167.2,40,18,22,0,3,1.000,,,4,5,2.15,1.80,1.38,1.79,,,,,,,1/H,,leakemi01
544,Aaron Cunningham,25,SDP,NL,26,20,9,167.1,36,35,1,0,0,1.000,0,3,2,14,1.94,2.16,1.38,2.15,,,,,,,H97,,cunniaa01
545,Adam Everett,34,CLE,AL,27,17,15,166.0,63,14,45,4,9,.937,0,-1,0,1,3.20,3.26,2.11,3.45,,,,,,,5H/4D6,,everead01
546,Chris Volstad,24,FLA,NL,29,29,0,165.2,35,12,22,1,2,.971,,,-2,-2,1.85,1.80,1.17,1.79,,,,,,,1,,volstch01
547,Joe Mather,28,ATL,NL,27,16,12,165.1,45,43,1,1,2,.978,3,22,-1,-7,2.40,2.55,1.63,2.43,,,,,,,9H/7835,,mathejo02
548,Iván Nova,24,NYY,AL,28,27,0,165.1,37,16,21,0,0,1.000,,,2,2,2.01,1.60,1.32,1.59,,,,,,,1,ROY-4,novaiv01
549,Josh Tomlin,26,CLE,AL,26,26,0,165.1,43,16,25,2,1,.953,,,1,1,2.23,1.60,1.58,1.59,,,,,,,1/H,,tomlijo01
550,Joe Benson,23,MIN,AL,20,19,18,164.2,46,44,0,2,0,.957,-1,-4,-5,-36,2.40,2.28,2.20,2.26,,,,,,,7/98HD,,bensojo01
551,Bartolo Colon,38,NYY,AL,29,26,1,164.1,29,10,18,1,1,.966,,,1,1,1.53,1.60,0.97,1.59,,,,,,,1,,colonba01
552,Philip Humber,28,CHW,AL,28,26,0,163.0,28,12,15,1,0,.964,,,-5,-6,1.49,1.60,0.96,1.59,,,,,,,1,,humbeph01
553,Chris Dickerson,29,NYY,AL,52,10,7,162.2,36,34,0,2,0,.944,3,20,2,14,1.88,2.28,0.65,2.26,,,,,,,97H/D,,dickech01
554,Jeff Karstens,28,PIT,NL,30,26,1,162.1,36,15,19,2,2,.944,,,1,1,1.89,1.80,1.13,1.79,,,,,,,1,,karstje01
555,Paul Maholm,29,PIT,NL,26,26,1,162.1,38,9,28,1,2,.974,,,3,4,2.05,1.80,1.42,1.79,,,,,,,1,,maholpa01
556,Russell Branyan,35,2TM,2LG,27,18,14,162.0,162,150,11,1,17,.994,0,3,2,15,8.94,9.20,5.96,8.78,,,,,,,H3D/5,,branyru01
557,Brian Duensing,28,MIN,AL,32,28,1,161.2,32,10,18,4,0,.875,,,-1,-1,1.56,1.60,0.88,1.59,,,,,,,1/H,,duensbr01
558,Chris Narveson,29,MIL,NL,30,28,0,161.2,33,7,25,1,0,.970,,,4,5,1.78,1.80,1.07,1.79,,,,,,,1,,narvech01
559,Jordan Zimmermann,25,WSN,NL,26,26,1,161.1,37,18,19,0,1,1.000,,,2,2,2.06,1.80,1.42,1.79,,,,,,,1/H,,zimmejo02
560,Dillon Gee,25,NYM,NL,30,27,1,160.2,30,8,21,1,2,.967,,,1,1,1.62,1.80,0.97,1.79,,,,,,,1,,geedi01
561,Alfredo Amézaga,33,2TM,NL,25,16,14,160.1,82,34,46,2,7,.976,-2,-12,-3,-21,4.49,4.44,3.08,3.96,,,,,,,4H/7569,,amezaal01
562,John Lackey,32,BOS,AL,28,28,0,160.0,38,19,16,3,4,.921,,,-6,-8,1.97,1.60,1.25,1.59,,,,,,,1,,lackejo01
563,Eliézer Alfonzo,32,COL,NL,19,18,18,159.1,145,128,12,5,2,.966,-1,-8,2,16,7.91,7.98,7.37,7.96,2,7,10,5,33.3,0,2/H,,alfonel01
564,Mark DeRosa,36,SFG,NL,26,19,11,159.1,72,44,26,2,5,.972,-3,-24,0,1,3.95,4.10,2.50,5.11,,,,,,,H53/4,,derosma01
565,Adam Rosales,28,OAK,AL,22,18,16,159.0,84,56,24,4,7,.952,-5,-38,-1,-5,4.53,5.02,3.48,4.82,,,,,,,/65347H,,rosalad01
566,Jon Niese,24,NYM,NL,27,26,0,157.1,40,4,36,0,1,1.000,,,3,4,2.29,1.80,1.48,1.79,,,,,,,1/H,,niesejo01
567,J.A. Happ,28,HOU,NL,28,28,0,156.1,17,4,13,0,0,1.000,,,1,1,0.98,1.80,0.61,1.79,,,,,,,1/H,,happja01
568,Johnny Cueto,25,CIN,NL,24,24,3,156.0,46,17,24,5,1,.891,,,2,3,2.37,1.80,1.71,1.79,,,,,,,1,,cuetojo01
569,JB Shuck,24,HOU,NL,26,14,10,155.2,46,44,1,1,0,.978,-4,-31,-1,-8,2.60,2.16,1.73,2.15,,,,,,,9H/87,,shuckja01
570,Bruce Chen,34,KCR,AL,25,25,1,155.0,32,8,24,0,1,1.000,,,3,4,1.86,1.60,1.28,1.59,,,,,,,1,,chenbr01
571,José Morales,28,COL,NL,19,17,17,154.2,132,117,10,5,0,.962,0,1,1,9,7.39,7.92,6.68,7.62,3,6,9,6,40.0,0,2/H4,,moraljo02
572,Tim Wakefield,44,BOS,AL,33,23,1,154.2,26,7,19,0,0,1.000,,,3,4,1.51,1.60,0.79,1.59,,,,,,,1,,wakefti01
573,Zack Britton,23,BAL,AL,28,28,0,154.1,32,9,21,2,4,.938,,,-4,-5,1.75,1.60,1.07,1.59,,,,,,,1,,brittza01
574,Josh Collmenter,25,ARI,NL,31,24,0,154.1,24,6,18,0,1,1.000,,,1,1,1.40,1.80,0.77,1.79,,,,,,,1,ROY-5,collmjo01
575,Dan Johnson,31,TBR,AL,22,19,9,154.1,167,151,15,1,10,.994,2,19,1,8,9.68,9.17,6.92,8.41,,,,,,,3/H5D,,johnsda06
576,Kevin Correia,30,PIT,NL,27,26,1,154.0,33,10,23,0,2,1.000,,,2,3,1.93,1.80,1.22,1.79,,,,,,,1,AS,correke01
577,Cord Phelps,24,CLE,AL,20,17,14,153.0,75,28,42,5,10,.933,-4,-34,-6,-47,4.12,4.76,3.50,4.73,,,,,,,4HD,,phelpco01
578,Blake Davis,27,BAL,AL,21,16,12,152.0,69,26,39,4,9,.942,-4,-32,0,1,3.85,4.63,3.10,4.59,,,,,,,4/H65,,davisbl01
579,Jair Jurrjens,25,ATL,NL,23,23,2,152.0,38,9,29,0,2,1.000,,,2,3,2.25,1.80,1.65,1.79,,,,,,,1,AS,jurrjja01
580,Brian Dinkelman,27,MIN,AL,19,18,12,151.2,76,44,32,0,8,1.000,-6,-50,-4,-31,4.51,3.74,3.62,3.55,,,,,,,4/79DH,,dinkebr01
581,Nick Blackburn,29,MIN,AL,26,26,1,148.1,42,10,30,2,2,.952,,,4,5,2.43,1.60,1.54,1.59,,,,,,,1,,blackni01
582,Luis Martinez,26,SDP,NL,19,16,15,148.1,129,122,7,0,1,1.000,1,8,-4,-32,7.83,7.98,6.79,7.96,0,3,14,5,26.3,0,2/H,,martilu02
583,Yamaico Navarro,23,2TM,AL,21,15,11,148.0,40,18,20,2,2,.950,-2,-13,-1,-5,2.31,2.89,1.65,2.86,,,,,,,5/67H,,navarya01
584,Freddy García,34,NYY,AL,26,25,0,146.2,31,11,19,1,1,.968,,,-4,-5,1.84,1.60,1.15,1.59,,,,,,,1,,garcifr03
585,DJ LeMahieu,22,CHC,NL,27,15,10,145.2,68,30,34,4,11,.941,1,11,1,8,3.95,4.10,2.37,4.01,,,,,,,4H5/3,,lemahdj01
586,Joel Piñeiro,32,LAA,AL,27,24,0,145.2,22,4,17,1,2,.955,,,0,0,1.30,1.60,0.78,1.59,,,,,,,1,,pineijo01
587,Carlos Zambrano,30,CHC,NL,24,24,0,145.2,21,8,12,1,5,.952,,,2,3,1.24,1.80,0.83,1.79,,,,,,,1/H,,zambrca01
588,Mike Nickeas,28,NYM,NL,20,15,13,143.2,124,118,6,0,0,1.000,-1,-8,2,18,7.77,7.98,6.20,7.96,4,5,9,4,30.8,0,2/H,,nickemi01
589,Tyler Chatwood,21,LAA,AL,27,25,0,142.0,31,11,20,0,2,1.000,,,3,4,1.96,1.60,1.15,1.59,,,,,,,1,,chatwty01
590,Brandon Beachy,24,ATL,NL,25,25,0,141.2,23,8,15,0,1,1.000,,,1,1,1.46,1.80,0.92,1.79,,,,,,,1,,beachbr01
591,Kyle McClellan,27,STL,NL,43,17,0,141.2,35,14,20,1,3,.971,,,0,0,2.16,1.80,0.79,1.79,,,,,,,1/H,,mccleky01
592,Jo-Jo Reyes,26,2TM,AL,29,25,1,140.2,21,4,17,0,1,1.000,,,1,1,1.34,1.61,0.72,1.59,,,,,,,1,,reyesjo03
593,Alexi Amarista,22,LAA,AL,21,13,9,140.0,66,30,34,2,8,.970,-2,-20,0,0,4.11,3.99,2.78,3.85,,,,,,,4/7H6,,amarial01
594,Ryan Langerhans,31,SEA,AL,17,15,14,139.2,33,33,0,0,0,1.000,-6,-54,-5,-42,2.13,2.28,1.94,2.26,,,,,,,8/7H9D,,langery01
595,Cory Luebke,26,SDP,NL,46,17,0,139.2,32,6,26,0,2,1.000,,,3,4,2.06,1.80,0.70,1.79,,,,,,,1/H,,luebkco01
596,Felipe Paulino,27,2TM,2LG,39,20,0,139.1,30,8,19,3,3,.900,,,-2,-3,1.74,1.62,0.69,1.68,,,,,,,1,,paulife01
597,Roy Oswalt,33,PHI,NL,23,23,0,139.0,24,5,18,1,5,.958,,,0,0,1.49,1.80,1.00,1.79,,,,,,,1,,oswalro01
598,Josh Bell,24,BAL,AL,22,14,13,137.0,43,17,23,3,1,.930,-7,-65,-1,-8,2.63,2.61,1.74,2.57,,,,,,,5/DH79,,belljo01
599,Jeff Niemann,28,TBR,AL,23,23,1,135.1,31,10,21,0,1,1.000,,,0,0,2.06,1.60,1.35,1.59,,,,,,,1,,niemaje01
600,Randy Wells,28,CHC,NL,23,23,2,135.1,19,5,12,2,1,.895,,,-2,-3,1.13,1.80,0.74,1.79,,,,,,,1,,wellsra01
601,Robinson Chirinos,27,TBR,AL,20,15,12,135.0,126,117,9,0,2,1.000,-2,-13,-2,-17,8.40,7.65,6.30,7.65,0,2,21,2,8.7,0,2/H3,,chiriro01
602,Yonder Alonso,24,CIN,NL,20,16,6,134.2,35,30,4,1,0,.971,-1,-12,-6,-53,2.27,2.87,1.70,3.24,,,,,,,H7/35,,alonsyo01
603,Scott Baker,29,MIN,AL,23,21,1,134.2,17,11,6,0,0,1.000,,,-2,-3,1.14,1.60,0.74,1.59,,,,,,,1,,bakersc02
604,Francisco Liriano,27,MIN,AL,26,24,1,134.1,22,5,17,0,1,1.000,,,2,3,1.47,1.60,0.85,1.59,,,,,,,1,,liriafr01
605,Homer Bailey,25,CIN,NL,22,22,0,132.0,26,14,11,1,1,.962,,,-2,-3,1.70,1.80,1.14,1.79,,,,,,,1/H,,baileho02
606,Sean Burroughs,30,ARI,NL,20,14,12,132.0,38,9,28,1,5,.974,-2,-15,1,10,2.52,2.53,1.85,2.53,,,,,,,H5,,burrose01
607,Jason Marquis,32,2TM,NL,23,23,1,132.0,24,11,12,1,2,.958,,,-2,-3,1.57,1.80,1.00,1.79,,,,,,,1/H,,marquja01
608,Vance Worley,23,PHI,NL,25,21,1,131.2,24,8,16,0,2,1.000,,,1,2,1.64,1.80,0.96,1.79,,,,,,,1,ROY-3,worleva01
609,Tommy Hanson,24,ATL,NL,22,22,0,130.0,18,2,14,2,0,.889,,,-4,-6,1.11,1.80,0.73,1.79,,,,,,,1,,hansoto01
610,Jeremy Hermida,27,2TM,NL,17,14,12,129.1,30,29,1,0,0,1.000,4,37,3,27,2.09,2.16,1.76,2.15,,,,,,,9H/7,,hermije01
611,Érik Bédard,32,2TM,AL,24,24,0,129.1,15,5,9,1,0,.933,,,1,2,0.97,1.60,0.58,1.59,,,,,,,1,,bedarer01
612,Wil Nieves,33,MIL,NL,17,16,11,129.0,118,109,8,1,0,.992,0,0,0,0,8.16,7.98,6.88,7.96,1,4,7,3,30.0,0,2/H,,nievewi01
613,Guillermo Moscoso,27,OAK,AL,23,21,0,128.0,15,7,6,2,1,.867,,,-2,-3,0.91,1.60,0.57,1.59,,,,,,,1,,moscogu01
614,Tony Cruz,24,STL,NL,26,11,7,127.0,107,99,8,0,5,1.000,0,3,-2,-18,7.58,7.31,3.82,6.95,1,7,2,2,50.0,0,2H/5394,,cruzto03
615,Andy Parrino,25,SDP,NL,22,13,11,127.0,53,18,35,0,6,1.000,5,43,5,49,3.76,3.22,2.30,3.07,,,,,,,5/69H47,,parrian01
616,Bryan LaHair,28,CHC,NL,17,16,4,126.2,39,38,0,1,3,.974,-1,-12,-1,-9,2.70,3.28,2.11,3.74,,,,,,,/973H,,lahaibr01
617,Jake Fox,28,BAL,AL,20,13,10,126.1,70,68,2,0,3,1.000,-4,-37,-4,-36,4.99,6.59,3.33,6.78,2,3,5,0,0.0,0,2/H37D,,foxja02
618,Carlos Carrasco,24,CLE,AL,21,21,1,124.2,19,4,15,0,0,1.000,,,2,3,1.37,1.60,0.90,1.59,,,,,,,1,,carraca01
619,Drew Sutton,28,BOS,AL,26,11,9,124.0,58,30,25,3,4,.948,-2,-15,-2,-15,3.99,3.98,2.04,4.60,,,,,,,H/54367D,,suttodr01
620,Brett Cecil,24,TOR,AL,20,20,2,123.2,14,2,11,1,0,.929,,,1,2,0.95,1.60,0.65,1.59,,,,,,,1,,cecilbr01
621,Wilin Rosario,22,COL,NL,14,14,14,123.0,104,87,16,1,1,.990,-1,-10,-2,-19,7.54,7.98,7.36,7.96,3,13,3,5,62.5,0,2/H,,rosarwi01
622,Devin Mesoraco,23,CIN,NL,16,13,11,122.1,112,103,6,3,1,.973,-2,-20,-2,-19,8.02,7.97,6.81,7.96,0,7,8,3,27.3,0,2/H,,mesorde01
623,Matt Dominguez,21,FLA,NL,16,13,11,122.0,29,6,21,2,1,.931,-4,-39,-2,-24,1.99,2.53,1.69,2.53,,,,,,,5/H,,dominma01
624,Dustin Moseley,29,SDP,NL,20,20,0,120.0,33,8,25,0,1,1.000,,,0,0,2.48,1.80,1.65,1.79,,,,,,,1,,moseldu01
625,Jake Arrieta,25,BAL,AL,22,22,0,119.1,28,9,16,3,3,.893,,,2,3,1.89,1.60,1.14,1.59,,,,,,,1,,arrieja01
626,Trent Oeltjen,28,LAD,NL,23,10,8,119.0,26,25,0,1,0,.962,1,6,-3,-30,1.89,2.16,1.09,2.15,,,,,,,H79/D8,,oeltjtr01
627,Russ Mitchell,26,LAD,NL,17,14,9,118.2,62,37,24,1,1,.984,2,16,-1,-10,4.63,4.53,3.39,4.77,,,,,,,5/H39,,mitchru01
628,Luis Montañez,29,CHC,NL,25,12,7,117.1,26,25,1,0,0,1.000,4,45,-1,-9,1.99,2.16,1.04,2.15,,,,,,,H97/8,,montalu01
629,Thomas Field,24,COL,NL,16,12,11,116.0,67,19,47,1,8,.985,4,36,3,33,5.12,4.35,4.13,4.26,,,,,,,6/9H,,fieldth01
630,Alfredo Simón,30,BAL,AL,23,16,0,115.2,24,9,14,1,2,.958,,,1,2,1.79,1.60,1.00,1.59,,,,,,,1,,simonal01
631,Ramiro Peña,25,NYY,AL,22,10,7,115.1,56,20,31,5,7,.911,-3,-30,-5,-49,3.98,3.58,2.13,3.51,,,,,,,5/4H6D,,penara02
632,Kyle Kendrick,26,PHI,NL,34,15,0,114.2,25,7,17,1,0,.960,,,0,0,1.88,1.80,0.71,1.79,,,,,,,1/H,,kendrky01
633,Alfredo Aceves,28,BOS,AL,55,4,0,114.0,11,6,5,0,1,1.000,,,-2,-4,0.87,1.60,0.20,1.59,,,,,,,1,,aceveal01
634,Justin Christian,31,SFG,NL,17,12,5,113.0,28,27,1,0,0,1.000,-5,-51,5,55,2.23,2.16,1.65,2.15,,,,,,,8/79H,,chrisju01
635,Jake Peavy,30,CHW,AL,19,18,1,111.2,16,9,6,1,0,.938,,,-2,-4,1.21,1.60,0.79,1.59,,,,,,,1,,peavyja01
636,Jorge Posada,40,NYY,AL,16,11,8,111.0,91,81,9,1,8,.989,-5,-51,1,12,7.30,9.17,5.63,8.86,0,1,0,1,100.0,0,DH3/24,,posadjo01
637,Brett Pill,26,SFG,NL,14,13,11,110.2,115,105,10,0,5,1.000,3,34,4,43,9.35,9.34,8.21,9.31,,,,,,,3/H,,pillbr01
638,Alex Liddi,22,SEA,AL,14,13,12,110.0,35,9,25,1,2,.971,-1,-15,1,12,2.78,2.62,2.43,2.60,,,,,,,5/H,,liddial01
639,Danny Worth,25,DET,AL,28,8,5,109.1,38,14,23,1,5,.974,0,-2,0,0,3.05,3.65,1.32,3.74,,,,,,,45/H,,worthda01
640,Phil Coke,28,DET,AL,48,14,0,108.2,21,4,15,2,1,.905,,,0,0,1.57,1.60,0.40,1.59,,,,,,,1,,cokeph01
641,Edinson Vólquez,27,CIN,NL,20,20,0,108.2,16,9,5,2,0,.875,,,-5,-9,1.16,1.80,0.70,1.79,,,,,,,1,,volqued01
642,Dane Sardinha,32,PHI,NL,15,12,7,107.0,92,86,6,0,3,1.000,0,0,-2,-21,7.74,7.98,6.13,7.96,2,3,8,3,27.3,0,2/H,,sardida01
643,Carlos Villanueva,27,TOR,AL,33,13,0,107.0,17,8,8,1,2,.941,,,-2,-4,1.35,1.60,0.48,1.59,,,,,,,1,,villaca01
644,Travis Wood,24,CIN,NL,22,18,0,106.0,19,5,14,0,0,1.000,,,3,6,1.61,1.80,0.86,1.79,,,,,,,1/H,,woodtr01
645,Danny Duffy,22,KCR,AL,20,20,0,105.1,17,2,15,0,0,1.000,,,2,4,1.45,1.60,0.85,1.59,,,,,,,1,,duffyda01
646,David Cooper,24,TOR,AL,15,11,10,105.0,110,99,7,4,9,.964,1,7,-1,-11,9.09,9.30,7.07,9.24,,,,,,,3D/H,,coopeda01
647,Tom Gorzelanny,28,WSN,NL,30,15,0,105.0,13,4,7,2,0,.846,,,-2,-4,0.94,1.80,0.37,1.79,,,,,,,1,,gorzeto01
648,James Darnell,24,SDP,NL,15,11,7,103.2,25,10,13,2,2,.920,-2,-22,-2,-22,2.00,2.47,1.53,2.46,,,,,,,5/H7,,darneja01
649,Geoff Blum,38,ARI,NL,14,12,10,103.0,28,4,24,0,3,1.000,-1,-10,1,13,2.45,2.53,2.00,2.53,,,,,,,5H,,blumge01
650,Brooks Conrad,31,ATL,NL,19,12,5,103.0,44,17,26,1,4,.977,1,15,1,13,3.76,3.63,2.26,4.05,,,,,,,H4/53,,conrabr01
651,Matt Young,28,ATL,NL,14,11,5,102.1,18,18,0,0,0,1.000,0,0,0,0,1.58,2.16,1.29,2.15,,,,,,,/7H98,,youngma02
652,Anthony Swarzak,25,MIN,AL,27,11,0,102.0,10,3,7,0,1,1.000,,,1,2,0.88,1.60,0.37,1.59,,,,,,,1,,swarzan01
653,Jonathan Sánchez,28,SFG,NL,19,19,0,101.1,21,5,14,2,1,.905,,,0,0,1.69,1.80,1.00,1.79,,,,,,,1,,sanchjo01
654,Brad Bergesen,25,BAL,AL,34,12,1,101.0,18,4,12,2,0,.889,,,2,4,1.43,1.60,0.47,1.59,,,,,,,1,,bergebr02
655,Jay Gibbons,34,LAD,NL,14,14,2,100.0,17,16,1,0,0,1.000,-5,-60,-2,-23,1.53,2.16,1.21,2.15,,,,,,,7/H9D,,gibboja01
656,Clayton Richard,27,SDP,NL,18,18,0,99.2,29,5,21,3,1,.897,,,2,4,2.35,1.80,1.44,1.79,,,,,,,1/H,,richacl01
657,Marcus Thames,34,LAD,NL,17,15,4,99.0,27,26,0,1,0,.963,-2,-29,-2,-23,2.36,2.16,1.53,2.15,,,,,,,H7/D,,thamema01
658,Jarrod Dyson,26,KCR,AL,17,11,9,98.2,31,31,0,0,0,1.000,3,35,4,50,2.83,2.28,1.82,2.26,,,,,,,8H/D,,dysonja01
659,Rodrigo López,35,CHC,NL,26,16,0,97.2,24,7,17,0,2,1.000,,,1,2,2.21,1.80,0.92,1.79,,,,,,,1,,lopezro02
660,Blake Beavan,22,SEA,AL,15,15,0,97.0,15,5,10,0,0,1.000,,,0,0,1.39,1.60,1.00,1.59,,,,,,,1,,beavabl01
661,Aaron Cook,32,COL,NL,18,17,0,97.0,43,14,26,3,4,.930,,,6,12,3.71,1.80,2.22,1.79,,,,,,,1/H,,cookaa01
662,Billy Butler,25,KCR,AL,11,11,8,94.2,94,86,8,0,10,1.000,-2,-22,-2,-25,8.94,9.31,8.55,9.24,,,,,,,*D3/H,,butlebi03
663,Luis Valbuena,25,CLE,AL,14,10,9,94.1,45,21,24,0,7,1.000,-1,-9,-1,-11,4.29,4.43,3.21,4.34,,,,,,,4/H7D6,,valbulu01
664,Brandon Guyer,25,TBR,AL,14,11,6,94.0,20,20,0,0,0,1.000,4,47,1,11,1.91,2.28,1.43,2.26,,,,,,,9/7DH,,guyerbr01
665,Julio Lugo,35,ATL,NL,14,8,7,94.0,29,10,19,0,1,1.000,0,5,1,17,2.78,3.36,1.93,3.45,,,,,,,H/564,,lugoju01
666,Jordan Lyles,20,HOU,NL,20,15,0,94.0,24,5,18,1,0,.958,,,1,2,2.20,1.80,1.15,1.79,,,,,,,1,,lylesjo01
667,Marco Estrada,27,MIL,NL,43,7,0,92.2,16,4,12,0,0,1.000,,,-1,-2,1.55,1.80,0.37,1.79,,,,,,,1,,estrama01
668,César Izturis,31,BAL,AL,16,10,8,91.0,60,20,39,1,11,.983,4,51,2,29,5.84,4.44,3.69,4.30,,,,,,,6/4H5D,,izturce01
669,Jim Johnson,28,BAL,AL,69,0,0,91.0,25,8,16,1,2,.960,,,0,0,2.37,1.60,0.35,1.59,,,,,,,1,,johnsji04
670,Tyler Clippard,26,WSN,NL,72,0,0,88.1,8,0,8,0,1,1.000,,,1,2,0.82,1.80,0.11,1.79,,,,,,,1,AS,clippty01
671,Jose Lobaton,26,TBR,AL,14,9,7,88.0,94,90,3,1,0,.989,1,14,3,42,9.51,7.61,6.64,7.57,0,1,7,3,30.0,0,2/H,,lobatjo01
672,Jeff Samardzija,26,CHC,NL,75,0,0,88.0,15,2,12,1,1,.933,,,-3,-7,1.43,1.80,0.19,1.79,,,,,,,1,,samarje01
673,Jonny Venters,26,ATL,NL,85,0,0,88.0,27,6,19,2,1,.926,,,3,7,2.56,1.80,0.29,1.79,,,,,,,1,AS,ventejo01
674,Reggie Willits,30,LAA,AL,20,8,5,85.2,23,23,0,0,0,1.000,1,15,-1,-13,2.42,2.28,1.15,2.26,,,,,,,7/H9,,willire03
675,Aneury Rodríguez,23,HOU,NL,43,8,0,85.1,15,6,7,2,1,.867,,,-3,-7,1.37,1.80,0.30,1.79,,,,,,,1,,rodrian01
676,Taylor Teagarden,27,TEX,AL,14,8,6,85.1,68,63,5,0,0,1.000,1,14,2,30,7.17,7.60,4.86,7.57,1,3,6,7,53.8,0,2,,teagata01
677,Charlie Furbush,25,2TM,AL,28,12,0,85.1,19,3,16,0,1,1.000,,,4,9,2.00,1.59,0.68,1.59,,,,,,,1,,furbuch01
678,Johnny Damon,37,TBR,AL,16,11,4,85.0,21,21,0,0,0,1.000,2,28,-3,-41,2.22,2.36,1.24,2.67,,,,,,,*D7/H3,,damonjo01
679,Ross Gload,35,PHI,NL,13,10,4,85.0,79,74,4,1,7,.987,0,3,0,-1,8.26,7.55,6.00,7.66,,,,,,,H3/9D,,gloadro01
680,Daniel McCutchen,28,PIT,NL,73,0,0,84.2,15,7,6,2,0,.867,,,0,0,1.38,1.80,0.18,1.79,,,,,,,1,,mccutda01
681,Tommy Hunter,24,2TM,AL,20,11,0,84.2,19,7,11,1,2,.947,,,1,2,1.91,1.59,0.90,1.59,,,,,,,1,,hunteto02
682,Casey Coleman,23,CHC,NL,19,17,0,84.1,20,7,13,0,0,1.000,,,2,5,2.13,1.80,1.05,1.79,,,,,,,1/H,,colemca01
683,Brett Anderson,23,OAK,AL,13,13,1,83.1,23,0,21,2,1,.913,,,1,2,2.27,1.60,1.62,1.59,,,,,,,1,,anderbr04
684,Brad Emaus,25,NYM,NL,11,10,6,83.1,53,16,37,0,5,1.000,1,13,-3,-43,5.72,4.76,4.82,4.75,,,,,,,4/H,,emausbr01
685,Esmil Rogers,25,COL,NL,18,13,0,83.0,21,9,12,0,1,1.000,,,1,2,2.28,1.80,1.17,1.79,,,,,,,1/H,,rogeres01
686,Michael Taylor,25,OAK,AL,11,9,9,83.0,25,23,0,2,0,.920,-1,-14,-2,-27,2.49,2.28,2.09,2.26,,,,,,,/97H,,taylomi01
687,Clay Buchholz,26,BOS,AL,14,14,0,82.2,30,15,14,1,0,.967,,,2,5,3.16,1.60,2.07,1.59,,,,,,,1,,buchhcl01
688,Rich Harden,29,OAK,AL,15,15,0,82.2,15,4,9,2,1,.867,,,-1,-2,1.42,1.60,0.87,1.59,,,,,,,1,,harderi01
689,Mike Minor,23,ATL,NL,15,15,0,82.2,12,1,11,0,0,1.000,,,0,0,1.31,1.80,0.80,1.79,,,,,,,1,,minormi01
690,Scott Cousins,26,FLA,NL,21,5,4,82.1,23,20,3,0,1,1.000,3,47,5,70,2.51,2.16,1.10,2.15,,,,,,,H9/87,,cousisc01
691,Cody Ransom,35,ARI,NL,12,9,7,81.2,45,12,30,3,3,.933,-2,-29,-1,-13,4.63,3.58,3.00,3.60,,,,,,,/65H,,ransoco01
692,Guillermo Mota,37,SFG,NL,52,0,0,80.1,14,4,10,0,0,1.000,,,3,7,1.57,1.80,0.27,1.79,,,,,,,1,,motagu01
693,Trevor Crowe,27,CLE,AL,14,9,5,80.0,15,15,0,0,0,1.000,-1,-14,0,3,1.69,2.28,1.07,2.26,,,,,,,7/8H,,crowetr01
694,Wade LeBlanc,26,SDP,NL,14,14,0,79.2,19,6,13,0,1,1.000,,,3,8,2.15,1.80,1.36,1.79,,,,,,,1,,leblawa01
695,Kyle Drabek,23,TOR,AL,18,14,0,78.2,23,6,17,0,1,1.000,,,4,10,2.63,1.60,1.28,1.59,,,,,,,1,,drabeky01
696,Dusty Brown,29,PIT,NL,10,8,5,78.0,52,49,3,0,1,1.000,-2,-31,-2,-29,6.00,7.98,5.20,7.96,3,4,6,1,14.3,1,2/H,,browndu01
697,Sam LeCure,27,CIN,NL,43,4,0,77.2,22,12,10,0,2,1.000,,,3,8,2.55,1.80,0.51,1.79,,,,,,,1,,lecursa01
698,Cristhian Martínez,29,ATL,NL,46,0,0,77.2,18,9,9,0,1,1.000,,,1,3,2.09,1.80,0.39,1.79,,,,,,,1,,marticr01
699,Zack Cozart,25,CIN,NL,11,9,6,77.1,63,22,41,0,7,1.000,5,76,4,65,7.33,4.41,5.73,4.40,,,,,,,6/H,,cozarza01
700,Craig Kimbrel,23,ATL,NL,79,0,0,77.0,11,4,7,0,0,1.000,,,1,3,1.29,1.80,0.14,1.79,,,,,,,1,ASCYA-9MVP-23ROY-1,kimbrcr01
701,Zach Duke,28,ARI,NL,21,9,0,76.2,16,6,10,0,0,1.000,,,-1,-3,1.88,1.80,0.76,1.79,,,,,,,1,,dukeza01
702,Edward Mujica,27,FLA,NL,67,0,0,76.0,22,3,17,2,3,.909,,,1,3,2.37,1.80,0.30,1.79,,,,,,,1,,mujiced01
703,Sean Marshall,28,CHC,NL,78,0,0,75.2,17,5,11,1,0,.941,,,0,0,1.90,1.80,0.21,1.79,,,,,,,1,,marshse01
704,Dontrelle Willis,29,CIN,NL,13,13,0,75.2,18,3,15,0,1,1.000,,,2,5,2.14,1.80,1.38,1.79,,,,,,,1/H,,willido03
705,Drew Storen,23,WSN,NL,73,0,0,75.1,16,6,10,0,1,1.000,,,1,3,1.91,1.80,0.22,1.79,,,,,,,1,,storedr01
706,Jesse Litsch,26,TOR,AL,28,8,0,75.0,26,11,12,3,2,.885,,,3,8,2.76,1.60,0.82,1.59,,,,,,,1,,litscje01
707,Fernando Salas,26,STL,NL,68,0,0,75.0,13,5,8,0,1,1.000,,,0,0,1.56,1.80,0.19,1.79,,,,,,,1,,salasfe01
708,Phil Hughes,25,NYY,AL,17,14,1,74.2,8,2,6,0,0,1.000,,,-1,-3,0.96,1.60,0.47,1.59,,,,,,,1,,hugheph01
709,Mark Melancon,26,HOU,NL,71,0,0,74.1,18,12,5,1,0,.944,,,0,0,2.06,1.80,0.24,1.79,,,,,,,1,,melanma01
710,Chad Qualls,32,SDP,NL,77,0,0,74.1,18,4,14,0,1,1.000,,,0,0,2.18,1.80,0.23,1.79,,,,,,,1,,quallch01
711,Carlos Mármol,28,CHC,NL,75,0,0,74.0,15,6,9,0,1,1.000,,,0,0,1.82,1.80,0.20,1.79,,,,,,,1,,marmoca01
712,Matt Pagnozzi,28,2TM,NL,9,9,7,74.0,51,44,7,0,0,1.000,0,0,-2,-29,6.20,7.98,5.67,7.96,1,3,11,5,31.3,0,/2H,,pagnoma01
713,David Pauley,28,2TM,AL,53,0,0,74.0,14,4,10,0,0,1.000,,,0,0,1.70,1.61,0.26,1.59,,,,,,,1,,pauleda01
714,John Axford,28,MIL,NL,74,0,0,73.2,10,1,7,2,1,.800,,,0,0,0.98,1.80,0.11,1.79,,,,,,,1,CYA-9MVP-17,axforjo01
715,Jason Jaramillo,28,PIT,NL,14,7,6,73.2,67,65,2,0,0,1.000,-1,-16,-2,-31,8.19,7.98,4.79,7.96,0,8,5,1,16.7,1,2H,,jaramja01
716,Eric O'Flaherty,26,ATL,NL,78,0,0,73.2,16,3,13,0,0,1.000,,,0,0,1.95,1.80,0.21,1.79,,,,,,,1,,oflaher01
717,Mike Adams,32,2TM,2LG,75,0,0,73.2,9,4,5,0,0,1.000,,,-3,-8,1.10,1.73,0.12,1.72,,,,,,,1,,adamsmi03
718,Daniel Bard,26,BOS,AL,70,0,0,73.0,17,11,5,1,0,.941,,,-3,-8,1.97,1.60,0.23,1.59,,,,,,,1,,bardda01
719,Mike Baxter,26,NYM,NL,13,7,5,73.0,13,12,1,0,0,1.000,-2,-39,3,49,1.60,2.16,1.00,2.15,,,,,,,9/H7,,baxtemi01
720,Chris Jakubauskas,32,BAL,AL,33,6,0,72.1,9,2,7,0,1,1.000,,,-1,-3,1.12,1.61,0.27,1.59,,,,,,,1/H,,jakubch01
721,José Valverde,33,DET,AL,75,0,0,72.1,7,3,3,1,0,.857,,,-3,-8,0.75,1.61,0.08,1.59,,,,,,,1,ASCYA-5,valvejo01
722,Matt Belisle,31,COL,NL,74,0,0,72.0,13,2,11,0,0,1.000,,,1,3,1.63,1.80,0.18,1.79,,,,,,,1,,belisma01
723,Kameron Loe,29,MIL,NL,72,0,0,72.0,13,3,9,1,0,.923,,,-1,-3,1.50,1.80,0.17,1.79,,,,,,,1,,loeka01
724,Juan Nicasio,24,COL,NL,13,13,0,71.2,21,5,15,1,1,.952,,,0,0,2.51,1.80,1.54,1.79,,,,,,,1,,nicasju01
725,Francisco Rodríguez,29,2TM,NL,73,0,0,71.2,12,8,4,0,0,1.000,,,-3,-8,1.51,1.80,0.16,1.79,,,,,,,1,,rodrifr03
726,Chris Carter,24,OAK,AL,11,9,4,71.1,69,64,4,1,5,.986,-2,-29,0,0,8.58,9.30,6.18,9.24,,,,,,,3/DH,,cartech02
727,Wilton López,27,HOU,NL,73,0,0,71.0,22,4,16,2,0,.909,,,2,6,2.54,1.80,0.27,1.79,,,,,,,1,,lopezwi01
728,Chris Sale,22,CHW,AL,58,0,0,71.0,20,5,15,0,0,1.000,,,2,6,2.54,1.60,0.34,1.59,,,,,,,1,,salech01
729,José Veras,30,PIT,NL,79,0,0,71.0,8,3,5,0,0,1.000,,,0,0,1.01,1.80,0.10,1.79,,,,,,,1,,verasjo01
730,Nick Masset,29,CIN,NL,75,0,0,70.1,21,7,13,1,1,.952,,,-1,-3,2.56,1.80,0.27,1.79,,,,,,,1,,masseni01
731,Francisco Cordero,36,CIN,NL,68,0,0,69.2,17,8,8,1,2,.941,,,-1,-3,2.07,1.80,0.24,1.79,,,,,,,1,,cordefr01
732,Chris Resop,28,PIT,NL,76,0,0,69.2,6,1,4,1,0,.833,,,-2,-6,0.65,1.80,0.07,1.79,,,,,,,1,,resopch01
733,Blake Wood,25,KCR,AL,55,0,0,69.2,16,4,12,0,1,1.000,,,-2,-6,2.07,1.60,0.29,1.59,,,,,,,1,,woodbl01
734,David Hernández,26,ARI,NL,74,0,0,69.1,10,3,6,1,0,.900,,,-1,-3,1.17,1.80,0.12,1.79,,,,,,,1,,hernada01
735,Joel Hanrahan,29,PIT,NL,70,0,0,68.2,13,4,7,2,0,.846,,,-3,-9,1.44,1.80,0.16,1.79,,,,,,,1,AS,hanrajo01
736,Kyle Hudson,24,BAL,AL,10,8,6,68.2,14,13,0,1,0,.929,-1,-10,0,0,1.70,2.28,1.30,2.26,,,,,,,/7H8D,,hudsoky01
737,Ramón Ramírez,29,SFG,NL,66,0,0,68.2,12,4,6,2,1,.833,,,-4,-12,1.31,1.80,0.15,1.79,,,,,,,1,,ramirra02
738,Chad Durbin,33,CLE,AL,56,0,0,68.1,10,3,7,0,0,1.000,,,0,0,1.32,1.59,0.18,1.59,,,,,,,1,,durbich01
739,Jamey Wright,36,SEA,AL,60,0,0,68.1,18,10,7,1,2,.944,,,-2,-6,2.24,1.59,0.28,1.59,,,,,,,1,,wrighja01
740,Jason Motte,29,STL,NL,78,0,0,68.0,23,11,12,0,2,1.000,,,3,9,3.04,1.80,0.29,1.79,,,,,,,1,,motteja01
741,Hisanori Takahashi,36,LAA,AL,61,0,0,68.0,15,2,12,1,1,.933,,,2,6,1.85,1.60,0.23,1.59,,,,,,,1,,takahhi01
742,Clay Hensley,31,FLA,NL,37,9,0,67.2,12,4,8,0,0,1.000,,,0,0,1.60,1.80,0.32,1.79,,,,,,,1,,henslcl01
743,Joel Peralta,35,TBR,AL,71,0,0,67.2,9,7,2,0,1,1.000,,,0,0,1.20,1.60,0.13,1.59,,,,,,,1,,peraljo01
744,James Russell,25,CHC,NL,64,5,0,67.2,12,3,8,1,1,.917,,,0,0,1.46,1.80,0.17,1.79,,,,,,,1,,russeja02
745,Zach Stewart,24,2TM,AL,13,11,1,67.1,16,5,9,2,0,.875,,,-1,-3,1.87,1.60,1.08,1.59,,,,,,,1/DH,,stewaza01
746,Pedro Beato,24,NYM,NL,60,0,0,67.0,17,3,14,0,2,1.000,,,2,6,2.28,1.80,0.28,1.79,,,,,,,1,,beatope01
747,Tim Collins,21,KCR,AL,68,0,0,67.0,10,0,10,0,0,1.000,,,0,0,1.34,1.60,0.15,1.59,,,,,,,1,,colliti01
748,Joe Smith,27,CLE,AL,71,0,0,67.0,26,1,24,1,1,.962,,,6,18,3.36,1.60,0.35,1.59,,,,,,,1,,smithjo05
749,David Robertson,26,NYY,AL,70,0,0,66.2,7,3,3,1,0,.857,,,-3,-9,0.81,1.61,0.09,1.59,,,,,,,1,ASCYA-11MVP-22,roberda08
750,Shawn Camp,35,TOR,AL,67,0,0,66.1,24,6,17,1,2,.958,,,1,3,3.12,1.60,0.34,1.59,,,,,,,1,,campsh01
751,Matt Guerrier,32,LAD,NL,70,0,0,66.1,9,1,8,0,0,1.000,,,-1,-3,1.22,1.80,0.13,1.79,,,,,,,1,,guerrma02
752,Ross Detwiler,25,WSN,NL,15,10,0,66.0,9,3,5,1,0,.889,,,-2,-6,1.09,1.80,0.53,1.79,,,,,,,1,,detwiro01
753,Blake Tekotte,24,SDP,NL,11,7,6,66.0,10,10,0,0,0,1.000,-4,-69,-4,-69,1.36,2.15,0.91,2.15,,,,,,,H/879,,tekotbl01
754,Matt Capps,27,MIN,AL,69,0,0,65.2,15,3,12,0,0,1.000,,,2,6,2.06,1.60,0.22,1.59,,,,,,,1,,cappsma01
755,Henry Rodríguez,24,WSN,NL,59,0,0,65.2,9,2,7,0,0,1.000,,,-2,-6,1.23,1.80,0.15,1.79,,,,,,,1,,rodrihe03
756,Jesse Crain,29,CHW,AL,67,0,0,65.1,15,3,11,1,1,.933,,,-1,-3,1.93,1.60,0.21,1.59,,,,,,,1,,crainje01
757,Eugenio Vélez,29,LAD,NL,15,7,2,65.1,28,14,13,1,2,.964,1,22,1,20,3.72,4.16,1.80,4.06,,,,,,,H4/7,,velezeu01
758,Andrew Miller,26,BOS,AL,17,12,0,65.0,13,2,9,2,0,.846,,,-3,-9,1.52,1.61,0.65,1.59,,,,,,,1,,millean01
759,Luis Pérez,26,TOR,AL,37,4,0,65.0,10,2,6,2,1,.800,,,-1,-3,1.11,1.61,0.22,1.59,,,,,,,1,,perezlu01
760,Koji Uehara,36,2TM,AL,65,0,0,65.0,6,2,4,0,0,1.000,,,0,0,0.83,1.61,0.09,1.59,,,,,,,1,,ueharko01
761,Matt Albers,28,BOS,AL,56,0,0,64.2,10,1,8,1,0,.900,,,-2,-6,1.25,1.60,0.16,1.59,,,,,,,1,,alberma01
762,Juan Carlos Oviedo,29,FLA,NL,68,0,0,64.1,11,5,6,0,1,1.000,,,1,3,1.54,1.80,0.16,1.79,,,,,,,1,,nunezle01
763,Jonathan Papelbon,30,BOS,AL,63,0,0,64.1,6,3,2,1,0,.833,,,-2,-6,0.70,1.59,0.08,1.59,,,,,,,1,,papeljo01
764,Henderson Alvarez III,21,TOR,AL,10,10,0,63.2,19,5,13,1,1,.947,,,4,13,2.54,1.60,1.80,1.59,,,,,,,1,,alvarhe01
765,Burke Badenhop,28,FLA,NL,50,0,0,63.2,13,4,9,0,0,1.000,,,1,3,1.84,1.80,0.26,1.79,,,,,,,1,,badenbu01
766,Mitch Talbot,27,CLE,AL,12,12,0,63.2,12,5,7,0,0,1.000,,,-2,-6,1.70,1.60,1.00,1.59,,,,,,,1,,talbomi01
767,Sergio Santos,27,CHW,AL,63,0,0,63.1,9,5,4,0,3,1.000,,,0,0,1.28,1.61,0.14,1.59,,,,,,,1,,santose01
768,Mike Dunn,26,FLA,NL,72,0,0,63.0,11,3,7,1,0,.909,,,-2,-6,1.43,1.80,0.14,1.79,,,,,,,1,,dunnmi01
769,Ernesto Frieri,25,SDP,NL,59,0,0,63.0,5,2,3,0,1,1.000,,,-1,-3,0.71,1.80,0.08,1.79,,,,,,,1,,frierer01
770,Micah Owings,28,ARI,NL,33,4,0,63.0,12,3,8,1,2,.917,,,1,3,1.57,1.80,0.33,1.79,,,,,,,1/H,,owingmi01
771,Rafael Pérez,29,CLE,AL,71,0,0,63.0,24,6,15,3,1,.875,,,3,10,3.00,1.60,0.30,1.59,,,,,,,1,,perezra01
772,Héctor Sánchez,21,SFG,NL,11,6,5,63.0,54,51,3,0,1,1.000,-1,-19,-2,-36,7.71,7.99,4.91,7.96,2,3,10,4,28.6,0,2/H,,sanchhe01
773,Heath Bell,33,SDP,NL,64,0,0,62.2,8,3,5,0,0,1.000,,,0,0,1.15,1.80,0.13,1.79,,,,,,,1,AS,bellhe01
774,Iván De Jesús,24,LAD,NL,11,7,4,62.2,34,12,21,1,2,.971,-2,-38,-3,-57,4.74,4.77,3.00,4.75,,,,,,,4/H,,dejesiv02
775,Rafael Betancourt,36,COL,NL,68,0,0,62.1,2,1,1,0,0,1.000,,,-2,-6,0.29,1.80,0.03,1.79,,,,,,,1,,betanra01
776,Neftalí Feliz,23,TEX,AL,64,0,0,62.1,14,9,4,1,0,.929,,,1,3,1.88,1.60,0.20,1.59,,,,,,,1,,felizne01
777,John Grabow,32,CHC,NL,58,0,0,62.1,8,3,4,1,0,.875,,,-1,-3,1.01,1.80,0.12,1.79,,,,,,,1,,grabojo02
778,Tony Sipp,27,CLE,AL,69,0,0,62.1,15,5,9,1,2,.933,,,1,3,2.02,1.60,0.20,1.59,,,,,,,1,,sippto01
779,Chien-Ming Wang,31,WSN,NL,11,11,0,62.1,10,3,6,1,0,.900,,,0,0,1.30,1.80,0.82,1.79,,,,,,,1,,wangch01
780,Grant Balfour,33,OAK,AL,62,0,0,62.0,6,2,4,0,1,1.000,,,0,0,0.87,1.60,0.10,1.59,,,,,,,1,,balfogr01
781,Aaron Crow,24,KCR,AL,57,0,0,62.0,13,5,7,1,1,.923,,,-1,-3,1.74,1.60,0.21,1.59,,,,,,,1,AS,crowaa01
782,Jerad Head,28,CLE,AL,9,5,5,62.0,16,15,0,1,0,.938,0,4,1,21,2.18,2.28,1.67,2.26,,,,,,,/7H,,headje01
783,Vinnie Pestano,26,CLE,AL,67,0,0,62.0,5,2,3,0,0,1.000,,,1,3,0.73,1.60,0.07,1.59,,,,,,,1,,pestavi01
784,Michael Stutes,24,PHI,NL,56,0,0,62.0,11,3,5,3,0,.727,,,0,0,1.16,1.80,0.14,1.79,,,,,,,1,,sttuemi01
785,Chris Tillman,23,BAL,AL,13,13,0,62.0,8,4,4,0,0,1.000,,,-3,-10,1.16,1.60,0.62,1.59,,,,,,,1,,tillmch01
786,Marc Rzepczynski,25,2TM,2LG,71,0,0,62.0,19,4,13,2,1,.895,,,-1,-3,2.47,1.67,0.24,1.67,,,,,,,1,,rzepcma01
787,Jeremy Affeldt,32,SFG,NL,67,0,0,61.2,18,7,11,0,0,1.000,,,2,6,2.63,1.80,0.27,1.79,,,,,,,1,,affelje01
788,Eric Fryer,25,PIT,NL,8,7,6,61.2,48,42,5,1,0,.979,0,0,2,41,6.86,7.98,5.88,7.96,0,2,7,3,30.0,1,/2H,,fryerer01
789,Glen Perkins,28,MIN,AL,65,0,0,61.2,11,3,7,1,0,.909,,,0,0,1.46,1.61,0.15,1.59,,,,,,,1,,perkigl01
790,Brian Sanches,32,FLA,NL,39,2,0,61.2,6,3,3,0,0,1.000,,,-2,-6,0.88,1.80,0.15,1.79,,,,,,,1,,sanchbr01
791,Kyle Davies,27,KCR,AL,13,13,0,61.1,11,1,9,1,0,.909,,,-2,-7,1.47,1.60,0.77,1.59,,,,,,,1,,davieky01
792,Brandon League,28,SEA,AL,65,0,0,61.1,8,1,4,3,0,.625,,,-4,-13,0.73,1.60,0.08,1.59,,,,,,,1,AS,leagubr01
793,Logan Ondrusek,26,CIN,NL,66,0,0,61.1,19,4,14,1,2,.947,,,1,3,2.64,1.80,0.27,1.79,,,,,,,1,,ondrulo01
794,Mariano Rivera,41,NYY,AL,64,0,0,61.1,13,1,12,0,1,1.000,,,2,7,1.91,1.60,0.20,1.59,,,,,,,1,ASCYA-8,riverma01
795,Joaquin Benoit,33,DET,AL,66,0,0,61.0,5,1,4,0,1,1.000,,,1,3,0.74,1.59,0.08,1.59,,,,,,,1,,benoijo01
796,Omar Quintanilla,29,TEX,AL,11,6,4,61.0,34,13,21,0,4,1.000,1,26,-1,-16,5.02,4.15,3.09,4.05,,,,,,,/456H,,quintom01
797,Mitchell Boggs,27,STL,NL,51,0,0,60.2,11,4,6,1,1,.909,,,-2,-7,1.48,1.80,0.20,1.79,,,,,,,1,,boggsmi01
798,Rubby De La Rosa,22,LAD,NL,13,10,0,60.2,18,6,10,2,1,.889,,,-3,-10,2.37,1.80,1.23,1.79,,,,,,,1,,delarru01
799,Ryan Madson,30,PHI,NL,62,0,0,60.2,7,1,5,1,0,.857,,,-1,-3,0.89,1.80,0.10,1.79,,,,,,,1,,madsory01
800,Nathan Adcock,23,KCR,AL,24,3,0,60.1,15,7,8,0,0,1.000,,,2,7,2.24,1.60,0.63,1.59,,,,,,,1,,adcocna01
801,Josh Johnson,27,FLA,NL,9,9,0,60.1,15,8,7,0,1,1.000,,,0,0,2.24,1.80,1.67,1.79,,,,,,,/1,,johnsjo09
802,Brandon Laird,23,NYY,AL,11,6,3,60.1,32,19,12,1,4,.969,-1,-24,0,0,4.62,4.86,2.58,4.26,,,,,,,/53H,,lairdbr01
803,Joakim Soria,27,KCR,AL,60,0,0,60.1,12,1,11,0,1,1.000,,,2,7,1.79,1.60,0.20,1.59,,,,,,,1,,soriajo01
804,Jordan Walden,23,LAA,AL,62,0,0,60.1,10,3,6,1,0,.900,,,-3,-10,1.34,1.60,0.15,1.59,,,,,,,1,ASROY-7,waldejo01
805,Brad Hand,21,FLA,NL,12,12,0,60.0,13,2,10,1,0,.923,,,3,10,1.80,1.80,1.00,1.79,,,,,,,1,,handbr01
806,Greg Holland,25,KCR,AL,46,0,0,60.0,4,1,3,0,0,1.000,,,-1,-3,0.60,1.61,0.09,1.59,,,,,,,1,,hollagr01
807,Jason Frasor,33,2TM,AL,64,0,0,60.0,8,1,7,0,0,1.000,,,-1,-3,1.20,1.59,0.13,1.59,,,,,,,1,,frasoja01
808,Miguel Batista,40,2TM,NL,35,5,1,60.0,12,8,4,0,0,1.000,,,1,3,1.80,1.80,0.34,1.79,,,,,,,1,,batismi01
809,Todd Coffey,30,WSN,NL,69,0,0,59.2,8,1,6,1,0,.875,,,-1,-3,1.06,1.79,0.10,1.79,,,,,,,1,,coffeto01
810,Louis Coleman,25,KCR,AL,48,0,0,59.2,7,3,3,1,0,.857,,,1,3,0.91,1.60,0.13,1.59,,,,,,,1,,colemlo01
811,Kevin Gregg,33,BAL,AL,63,0,0,59.2,11,0,11,0,0,1.000,,,0,0,1.66,1.60,0.17,1.59,,,,,,,1,,greggke01
812,Chris Pérez,25,CLE,AL,64,0,0,59.2,14,2,11,1,1,.929,,,-2,-7,1.96,1.60,0.20,1.59,,,,,,,1,AS,perezch01
813,Matt Thornton,34,CHW,AL,62,0,0,59.2,12,5,7,0,0,1.000,,,-3,-10,1.81,1.60,0.19,1.59,,,,,,,1,,thornma01
814,Craig Breslow,30,OAK,AL,67,0,0,59.1,10,0,9,1,0,.900,,,1,3,1.37,1.59,0.13,1.59,,,,,,,1,,breslcr01
815,Bobby Parnell,26,NYM,NL,60,0,0,59.1,13,2,10,1,0,.923,,,-3,-10,1.82,1.81,0.20,1.79,,,,,,,1,,parnebo01
816,Kevin Slowey,27,MIN,AL,14,8,0,59.1,9,4,5,0,0,1.000,,,-1,-3,1.37,1.59,0.64,1.59,,,,,,,1,,sloweke01
817,Jorge De La Rosa,30,COL,NL,10,10,1,59.0,12,4,8,0,0,1.000,,,-1,-3,1.83,1.80,1.20,1.79,,,,,,,1,,rosajo01
818,Adam Loewen,27,TOR,AL,8,7,4,59.0,22,19,0,3,0,.864,0,-6,-1,-18,2.90,2.27,2.38,2.26,,,,,,,/98DH7,,loewead01
819,Mike Wilson,28,SEA,AL,7,6,5,59.0,11,10,1,0,0,1.000,0,4,0,0,1.68,2.27,1.57,2.26,,,,,,,/79DH,,wilsomi02
820,Brian Fuentes,35,OAK,AL,67,0,0,58.1,11,1,9,1,0,.909,,,1,3,1.54,1.60,0.15,1.59,,,,,,,1,,fuentbr01
821,Jeanmar Gómez,23,CLE,AL,11,10,0,58.1,17,4,12,1,1,.941,,,2,7,2.47,1.60,1.45,1.59,,,,,,,1,,gomezje01
822,Clayton Mortensen,26,COL,NL,16,6,0,58.1,13,3,9,1,1,.923,,,2,7,1.85,1.81,0.75,1.79,,,,,,,1,,mortecl01
823,Sean O'Sullivan,23,KCR,AL,12,10,0,58.1,12,4,7,1,0,.917,,,1,3,1.70,1.60,0.92,1.59,,,,,,,1,,osullse01
824,Josh Outman,26,OAK,AL,13,9,0,58.1,14,2,11,1,1,.929,,,1,3,2.01,1.60,1.00,1.59,,,,,,,1,,outmajo01
825,Huston Street,27,COL,NL,62,0,0,58.1,16,2,13,1,2,.938,,,2,7,2.31,1.81,0.24,1.79,,,,,,,1,,streehu01
826,Brad Ziegler,31,2TM,2LG,66,0,0,58.1,23,6,14,3,1,.870,,,-1,-3,3.09,1.67,0.30,1.66,,,,,,,1,,zieglbr01
827,Antonio Bastardo,25,PHI,NL,64,0,0,58.0,4,0,3,1,0,.750,,,0,0,0.47,1.80,0.05,1.79,,,,,,,1,,bastaan01
828,J.J. Putz,34,ARI,NL,60,0,0,58.0,13,4,9,0,0,1.000,,,-1,-3,2.02,1.80,0.22,1.79,,,,,,,1,,putzjj01
829,Omir Santos,30,DET,AL,10,6,5,58.0,51,48,3,0,0,1.000,-1,-21,0,0,7.91,7.60,5.10,7.57,0,3,5,1,16.7,0,2/H,,santoom01
830,Kyle Farnsworth,35,TBR,AL,63,0,0,57.2,15,7,7,1,1,.933,,,0,0,2.18,1.61,0.22,1.59,,,,,,,1,,farnsky01
831,Taylor Green,24,MIL,NL,10,7,2,57.0,24,8,16,0,2,1.000,0,-6,0,2,3.79,3.55,2.00,3.83,,,,,,,H/45,,greenta01
832,David Herndon,25,PHI,NL,45,0,0,57.0,14,4,10,0,1,1.000,,,2,7,2.21,1.80,0.31,1.79,,,,,,,1,,herndda01
833,Mike MacDougal,34,LAD,NL,69,0,0,57.0,13,1,9,3,0,.769,,,-3,-11,1.58,1.80,0.14,1.79,,,,,,,1,,macdomi01
834,Sean Burnett,28,WSN,NL,69,0,0,56.2,23,7,16,0,1,1.000,,,2,7,3.65,1.79,0.33,1.79,,,,,,,1,,burnese01
835,Steve Lombardozzi,22,WSN,NL,6,6,5,56.2,25,9,15,1,0,.960,0,-4,0,6,3.81,3.62,3.43,3.76,,,,,,,/H456,,lombast02
836,Frank Herrmann,27,CLE,AL,40,0,0,56.1,3,0,3,0,0,1.000,,,-3,-11,0.48,1.60,0.08,1.59,,,,,,,1,,herrmfr01
837,Héctor Noesí,24,NYY,AL,30,2,0,56.1,8,1,7,0,1,1.000,,,0,0,1.28,1.60,0.27,1.59,,,,,,,1,,noesihe01
838,Luis Ayala,33,NYY,AL,52,0,0,56.0,13,2,11,0,2,1.000,,,1,4,2.09,1.61,0.25,1.59,,,,,,,1,,ayalalu01
839,Luke Gregerson,27,SDP,NL,61,0,0,55.2,24,6,16,2,0,.917,,,1,4,3.56,1.79,0.36,1.79,,,,,,,1,,gregelu01
840,Casey Janssen,29,TOR,AL,55,0,0,55.2,17,6,9,2,1,.882,,,3,11,2.43,1.60,0.27,1.59,,,,,,,1,,janssca01
841,Brian Wilson,29,SFG,NL,57,0,0,55.0,6,1,5,0,0,1.000,,,-2,-7,0.98,1.80,0.11,1.79,,,,,,,1,AS,wilsobr01
842,Steve Cishek,25,FLA,NL,45,0,0,54.2,13,4,5,4,0,.692,,,-3,-11,1.48,1.79,0.20,1.79,,,,,,,1,,cishest01
843,Scott Linebrink,34,ATL,NL,64,0,0,54.1,10,3,5,2,0,.800,,,-2,-7,1.33,1.81,0.13,1.79,,,,,,,1,,linebsc01
844,Kevin Millwood,36,COL,NL,9,9,0,54.1,12,7,4,1,1,.917,,,-1,-4,1.82,1.81,1.22,1.79,,,,,,,/1,,millwke01
845,Jon Garland,31,LAD,NL,9,9,1,54.0,16,1,15,0,1,1.000,,,3,11,2.67,1.80,1.78,1.79,,,,,,,/1,,garlajo01
846,Matt Lindstrom,31,COL,NL,63,0,0,54.0,16,4,11,1,1,.938,,,0,0,2.50,1.80,0.24,1.79,,,,,,,1,,lindsma01
847,Wilkin Ramírez,25,ATL,NL,7,6,2,54.0,8,7,0,1,0,.875,-1,-22,0,0,1.17,2.17,1.00,2.16,,,,,,,H/79D,,ramirwi01
848,Rich Thompson,26,LAA,AL,44,0,0,54.0,7,3,4,0,0,1.000,,,-1,-4,1.17,1.60,0.16,1.59,,,,,,,1,,thompri03
849,Octavio Dotel,37,2TM,2LG,65,0,0,54.0,6,4,1,1,0,.833,,,0,0,0.83,1.68,0.08,1.68,,,,,,,1,,doteloc01
850,Scott Downs,35,LAA,AL,60,0,0,53.2,19,6,13,0,0,1.000,,,2,7,3.19,1.59,0.32,1.59,,,,,,,1,,downssc01
851,Kenley Jansen,23,LAD,NL,51,0,0,53.2,5,2,3,0,1,1.000,,,1,4,0.84,1.79,0.10,1.79,,,,,,,1,ROY-7,janseke01
852,Chris Valaika,25,CIN,NL,7,7,4,53.2,24,8,16,0,3,1.000,0,9,2,51,4.02,3.29,3.43,3.39,,,,,,,/H564,,valaich01
853,Barry Zito,33,SFG,NL,13,9,0,53.2,12,2,9,1,0,.917,,,1,4,1.84,1.79,0.85,1.79,,,,,,,1,,zitoba01
854,Will Ohman,33,CHW,AL,59,0,0,53.1,7,1,6,0,0,1.000,,,-2,-8,1.18,1.60,0.12,1.59,,,,,,,1,,ohmanwi01
855,Henry Sosa,25,HOU,NL,10,10,0,53.1,13,1,12,0,1,1.000,,,2,8,2.19,1.81,1.30,1.79,,,,,,,1,,sosahe01
856,Mike González,33,2TM,AL,56,0,0,53.1,7,0,7,0,1,1.000,,,-1,-4,1.18,1.59,0.13,1.59,,,,,,,1,,gonzami02
857,Aaron Laffey,26,2TM,AL,47,0,0,53.1,18,7,11,0,0,1.000,,,1,4,3.04,1.60,0.38,1.59,,,,,,,1,,laffeaa01
858,José Arredondo,27,CIN,NL,53,0,0,53.0,11,10,1,0,0,1.000,,,0,0,1.87,1.80,0.21,1.79,,,,,,,1,,arredjo01
859,Enerio Del Rosario,25,HOU,NL,54,0,0,53.0,13,7,6,0,0,1.000,,,-3,-11,2.21,1.80,0.24,1.79,,,,,,,1,,delroen01
860,Blake Hawksworth,28,LAD,NL,49,0,0,53.0,9,1,8,0,1,1.000,,,1,4,1.53,1.80,0.18,1.79,,,,,,,1,,hawksbl01
861,Javier López,33,SFG,NL,70,0,0,53.0,21,3,17,1,2,.952,,,2,8,3.40,1.80,0.29,1.79,,,,,,,1,,lopezja02
862,Alex Cobb,23,TBR,AL,9,9,0,52.2,12,5,6,1,0,.917,,,-2,-8,1.88,1.61,1.22,1.59,,,,,,,/1,,cobbal01
863,Fernando Rodriguez Jr.,27,HOU,NL,47,0,0,52.1,9,2,7,0,0,1.000,,,-1,-4,1.55,1.81,0.19,1.79,,,,,,,1,,rodrife02
864,Diory Hernández,27,ATL,NL,10,5,4,52.0,13,2,9,2,1,.846,-2,-35,-1,-21,1.90,3.27,1.10,3.77,,,,,,,H/563,,hernadi01
865,Jon Rauch,32,TOR,AL,53,0,0,52.0,9,3,6,0,1,1.000,,,-1,-4,1.56,1.59,0.17,1.59,,,,,,,1,,rauchjo01
866,Lorenzo Cain,25,KCR,AL,6,6,6,51.2,7,7,0,0,0,1.000,0,-5,0,0,1.22,2.28,1.17,2.27,,,,,,,/98,,cainlo01
867,Santiago Casilla,30,SFG,NL,49,0,0,51.2,6,0,6,0,0,1.000,,,-1,-4,1.05,1.79,0.12,1.79,,,,,,,1,,garcija01
868,Alex White,22,2TM,2LG,10,10,0,51.1,7,3,2,2,0,.714,,,-3,-12,0.88,1.75,0.50,1.73,,,,,,,1,,whiteal01
869,Darren Oliver,40,TEX,AL,61,0,0,51.0,9,1,6,2,0,.778,,,-3,-12,1.24,1.61,0.11,1.59,,,,,,,1,,oliveda02
870,Kerry Wood,34,CHC,NL,55,0,0,51.0,8,1,6,1,2,.875,,,-2,-8,1.24,1.80,0.13,1.79,,,,,,,1,,woodke02
871,Alex Burnett,23,MIN,AL,66,0,0,50.2,10,3,6,1,0,.900,,,0,0,1.60,1.60,0.14,1.59,,,,,,,1,,burneal01
872,Frank Francisco,31,TOR,AL,54,0,0,50.2,5,2,2,1,0,.800,,,-2,-8,0.71,1.60,0.07,1.59,,,,,,,1,,francfr01
873,David Huff,26,CLE,AL,11,10,0,50.2,4,0,4,0,0,1.000,,,1,4,0.71,1.60,0.36,1.59,,,,,,,1,,huffda01
874,Matt Reynolds,26,COL,NL,73,0,0,50.2,7,0,7,0,0,1.000,,,0,0,1.24,1.79,0.10,1.79,,,,,,,1,,reynoma02
875,Austin Romine,22,NYY,AL,8,4,2,50.2,50,46,3,1,0,.980,1,24,0,0,8.70,7.62,6.13,7.58,0,1,4,2,33.3,0,/2DH,,rominau01
876,Ryan Webb,25,FLA,NL,53,0,0,50.2,9,1,7,1,0,.889,,,0,0,1.42,1.79,0.15,1.79,,,,,,,1,,webbry01
877,Aroldis Chapman,23,CIN,NL,54,0,0,50.0,15,3,8,4,1,.733,,,2,8,1.98,1.80,0.20,1.79,,,,,,,1,,chapmar01
878,Brian Matusz,24,BAL,AL,12,12,0,49.2,3,1,2,0,0,1.000,,,-2,-8,0.54,1.59,0.25,1.59,,,,,,,1,,matusbr01
879,D.J. Carrasco,34,NYM,NL,42,1,0,49.1,9,3,5,1,0,.889,,,0,0,1.46,1.81,0.19,1.79,,,,,,,1,,carradj01
880,Dan Wheeler,33,BOS,AL,47,0,0,49.1,3,2,1,0,0,1.000,,,-1,-4,0.55,1.61,0.06,1.59,,,,,,,1,,wheelda01
881,José Mijares,26,MIN,AL,58,0,0,49.0,7,2,4,1,0,.857,,,0,0,1.10,1.60,0.10,1.59,,,,,,,1,,mijarjo01
882,Josh Satin,26,NYM,NL,9,4,2,49.0,53,48,5,0,6,1.000,1,15,1,24,9.73,8.63,5.89,8.56,,,,,,,H/35,,satinjo01
883,Daniel Schlereth,25,DET,AL,49,0,0,49.0,10,3,6,1,0,.900,,,0,0,1.65,1.60,0.18,1.59,,,,,,,1,,schleda01
884,Juan Cruz,32,TBR,AL,56,0,0,48.2,7,1,6,0,0,1.000,,,-2,-8,1.29,1.61,0.13,1.59,,,,,,,1,,cruzju02
885,Anthony Bass,23,SDP,NL,27,3,0,48.1,18,11,7,0,3,1.000,,,3,12,3.35,1.81,0.67,1.79,,,,,,,1,,bassan01
886,Bill Bray,28,CIN,NL,79,0,0,48.1,5,2,2,1,0,.800,,,0,0,0.74,1.81,0.05,1.79,,,,,,,1,,braybi01
887,LaTroy Hawkins,38,MIL,NL,52,0,0,48.1,12,1,10,1,0,.917,,,-2,-8,2.05,1.81,0.21,1.79,,,,,,,1,,hawkila01
888,Jeff Gray,29,2TM,AL,30,0,0,48.1,14,2,9,3,2,.786,,,0,0,2.05,1.60,0.37,1.59,,,,,,,1,,grayje02
889,Andrew Romine,25,LAA,AL,10,4,3,48.0,23,5,17,1,3,.957,1,18,-1,-20,4.13,3.69,2.20,3.81,,,,,,,/65,,rominan01
890,Sergio Romo,28,SFG,NL,65,0,0,48.0,3,0,3,0,0,1.000,,,0,0,0.56,1.80,0.05,1.79,,,,,,,1,,romose01
891,Brad Lincoln,26,PIT,NL,12,8,0,47.2,16,9,7,0,1,1.000,,,0,0,3.02,1.79,1.33,1.79,,,,,,,1/H,,lincobr01
892,Manny Acosta,30,NYM,NL,44,0,0,47.0,6,3,3,0,0,1.000,,,-1,-4,1.15,1.80,0.14,1.79,,,,,,,1,,acostma01
893,Erick Almonte,33,MIL,NL,9,6,3,47.0,5,5,0,0,0,1.000,-1,-20,-2,-54,0.96,2.47,0.56,3.74,,,,,,,/H93,,almoner01
894,Jason Berken,27,BAL,AL,40,0,0,47.0,8,2,6,0,1,1.000,,,0,0,1.53,1.61,0.20,1.59,,,,,,,1,,berkeja01
895,Javy Guerra,25,LAD,NL,47,0,0,46.2,12,4,7,1,1,.917,,,-1,-4,2.12,1.79,0.23,1.79,,,,,,,1,,guerrja01
896,Jason Isringhausen,38,NYM,NL,53,0,0,46.2,7,1,6,0,0,1.000,,,-2,-9,1.35,1.79,0.13,1.79,,,,,,,1,,isrinja01
897,Franklin Morales,25,2TM,2LG,50,0,0,46.1,9,1,8,0,0,1.000,,,1,4,1.75,1.65,0.18,1.65,,,,,,,1,,moralfr01
898,Pedro Ciriaco,25,PIT,NL,11,4,3,45.2,33,11,21,1,3,.970,0,3,0,8,6.31,3.90,2.91,3.65,,,,,,,H/657,,ciriape01
899,Doug Davis,35,CHC,NL,9,9,0,45.2,8,2,5,1,0,.875,,,-1,-4,1.38,1.79,0.78,1.79,,,,,,,/1,,davisdo02
900,Mark Lowe,28,TEX,AL,52,0,0,45.0,6,3,3,0,0,1.000,,,0,0,1.20,1.60,0.12,1.59,,,,,,,1,,lowema01
901,Pete Kozma,23,STL,NL,14,3,2,44.2,22,9,13,0,5,1.000,-2,-51,0,0,4.43,4.61,1.57,4.51,,,,,,,4/H65,,kozmape01
902,Joe Nathan,36,MIN,AL,48,0,0,44.2,9,5,4,0,0,1.000,,,0,0,1.81,1.59,0.19,1.59,,,,,,,1,,nathajo01
903,Yoshinori Tateyama,35,TEX,AL,39,0,0,44.0,7,3,4,0,0,1.000,,,0,0,1.43,1.60,0.18,1.59,,,,,,,1,,tateyyo01
904,Everett Teaford,27,KCR,AL,26,3,0,44.0,5,1,4,0,0,1.000,,,1,5,1.02,1.60,0.19,1.59,,,,,,,1,,teafoev01
905,Jerome Williams,29,LAA,AL,10,6,0,44.0,8,3,3,2,1,.750,,,-2,-9,1.23,1.60,0.60,1.59,,,,,,,1,,willije01
906,Darren Ford,25,SFG,NL,15,0,0,43.2,11,11,0,0,0,1.000,3,71,2,58,2.27,2.16,0.73,2.15,,,,,,,H8,,fordda03
907,César Ramos,27,TBR,AL,59,0,0,43.2,12,3,9,0,1,1.000,,,1,5,2.47,1.61,0.20,1.59,,,,,,,1,,ramosce01
908,Al Alburquerque,25,DET,AL,41,0,0,43.1,6,3,3,0,0,1.000,,,0,0,1.25,1.60,0.15,1.59,,,,,,,1,,albural01
909,Steve Holm,31,MIN,AL,6,5,4,43.0,34,33,1,0,1,1.000,-1,-28,0,0,7.12,7.62,5.67,7.57,0,2,5,0,0.0,0,/2,,holmst01
910,Armando Galarraga,29,ARI,NL,8,8,0,42.2,7,0,7,0,1,1.000,,,0,0,1.48,1.79,0.88,1.79,,,,,,,/1,,galarar01
911,Anthony Recker,27,OAK,AL,5,5,5,42.0,46,44,1,1,0,.978,-2,-57,-1,-26,9.64,7.61,9.00,7.58,0,3,5,0,0.0,0,/2,,reckean01
912,Andrew Bailey,27,OAK,AL,42,0,0,41.2,5,1,4,0,0,1.000,,,-2,-10,1.08,1.60,0.12,1.59,,,,,,,1,,bailean01
913,Boone Logan,26,NYY,AL,64,0,0,41.2,12,2,9,1,1,.917,,,1,5,2.38,1.60,0.17,1.59,,,,,,,1,,loganbo02
914,Joe Blanton,30,PHI,NL,11,8,0,41.1,9,1,8,0,2,1.000,,,-1,-5,1.96,1.81,0.82,1.79,,,,,,,1,,blantjo01
915,Phil Dumatrait,29,MIN,AL,45,0,0,41.1,9,2,7,0,0,1.000,,,0,0,1.96,1.59,0.20,1.59,,,,,,,1,,dumatph01
916,Tony Watson,26,PIT,NL,43,0,0,41.0,11,3,8,0,0,1.000,,,1,5,2.41,1.80,0.26,1.79,,,,,,,1,,watsoto01
917,Rex Brothers,23,COL,NL,48,0,0,40.2,3,1,0,2,0,.333,,,-2,-10,0.22,1.79,0.02,1.79,,,,,,,1,,brothre01
918,Scott Proctor,34,2TM,2LG,39,0,0,40.1,5,1,4,0,0,1.000,,,0,0,1.12,1.76,0.13,1.75,,,,,,,1,,proctsc01
919,Andrew Brown,26,STL,NL,7,5,3,40.0,10,10,0,0,0,1.000,1,33,0,0,2.25,2.16,1.43,2.16,,,,,,,/9H,,brownan02
920,Tim Federowicz,23,LAD,NL,7,4,3,40.0,44,37,6,1,0,.977,0,0,0,0,9.68,7.99,6.14,7.96,1,1,3,2,40.0,0,/2H,,federti01
921,Wade Miley,24,ARI,NL,8,7,0,40.0,6,1,4,1,1,.833,,,-2,-10,1.13,1.80,0.63,1.79,,,,,,,/1,,mileywa01
922,Brandon Snyder,24,BAL,AL,5,4,4,40.0,45,42,2,1,3,.978,-1,-21,-1,-30,9.90,9.29,8.80,9.24,,,,,,,/3DH,,snydebr03
923,Bobby Cassevah,25,LAA,AL,30,0,0,39.2,6,3,3,0,1,1.000,,,0,0,1.36,1.61,0.20,1.59,,,,,,,1,,cassebo01
924,Cory Wade,28,NYY,AL,40,0,0,39.2,4,0,4,0,0,1.000,,,-1,-5,0.91,1.61,0.10,1.59,,,,,,,1,,wadeco01
925,Rafael Soriano,31,NYY,AL,42,0,0,39.1,3,0,3,0,0,1.000,,,-2,-10,0.69,1.60,0.07,1.59,,,,,,,1,,soriara01
926,Matt Carpenter,25,STL,NL,5,4,3,39.0,13,1,12,0,0,1.000,-1,-31,-1,-28,3.00,2.54,2.60,2.54,,,,,,,/5H,,carpema01
927,Scott Diamond,24,MIN,AL,7,7,0,39.0,4,1,3,0,0,1.000,,,0,0,0.92,1.59,0.57,1.59,,,,,,,/1,,diamosc01
928,Ryota Igarashi,32,NYM,NL,45,0,0,38.2,10,1,9,0,0,1.000,,,1,5,2.33,1.79,0.22,1.79,,,,,,,1,,igarary01
929,Ross Ohlendorf,28,PIT,NL,9,9,0,38.2,5,1,4,0,0,1.000,,,-1,-5,1.16,1.79,0.56,1.79,,,,,,,/1,,ohlenro01
930,Sergio Mitre,30,2TM,2LG,26,0,0,38.1,10,2,7,1,1,.900,,,-2,-10,2.11,1.76,0.35,1.76,,,,,,,1,,mitrese01
931,Jeremy Accardo,29,BAL,AL,31,0,0,37.2,6,1,5,0,1,1.000,,,-1,-5,1.43,1.60,0.19,1.59,,,,,,,1,,accarje01
932,Tim Byrdak,37,NYM,NL,72,0,0,37.2,5,1,4,0,0,1.000,,,-1,-5,1.19,1.79,0.07,1.79,,,,,,,1,,byrdati01
933,Barry Enright,25,ARI,NL,7,7,0,37.2,7,1,6,0,0,1.000,,,1,5,1.67,1.79,1.00,1.79,,,,,,,/1H,,enrigba01
934,Dave Bush,31,TEX,AL,17,3,0,37.1,10,4,6,0,0,1.000,,,0,0,2.41,1.59,0.59,1.59,,,,,,,1,,bushda01
935,Mat Gamel,25,MIL,NL,7,5,1,37.1,26,22,3,1,1,.962,0,6,1,32,6.03,5.23,3.57,4.36,,,,,,,/537DH,,gamelma01
936,Brandon Hicks,25,ATL,NL,9,4,2,37.1,14,3,9,2,2,.857,-1,-23,1,39,2.89,3.59,1.33,3.16,,,,,,,H/56,,hicksbr01
937,Daisuke Matsuzaka,30,BOS,AL,8,7,0,37.1,2,0,2,0,0,1.000,,,-2,-11,0.48,1.59,0.25,1.59,,,,,,,/1,,matsuda01
938,Brandon Gomes,26,TBR,AL,40,0,0,37.0,6,3,3,0,0,1.000,,,0,0,1.46,1.61,0.15,1.59,,,,,,,1,,gomesbr01
939,Ryan Perry,24,DET,AL,36,0,0,37.0,5,3,2,0,1,1.000,,,0,0,1.22,1.61,0.14,1.59,,,,,,,1,,perryry01
940,Dallas McPherson,30,CHW,AL,10,3,1,36.1,18,9,9,0,0,1.000,1,20,0,0,4.46,4.09,1.64,6.22,,,,,,,/35H,,mcpheda01
941,Danys Báez,33,PHI,NL,29,0,0,36.0,7,3,4,0,0,1.000,,,-1,-6,1.75,1.80,0.24,1.79,,,,,,,1,,baezda01
942,Manny Piña,24,KCR,AL,4,4,4,36.0,34,33,1,0,0,1.000,0,0,0,0,8.50,7.60,8.50,7.58,0,4,1,1,50.0,0,/2,,pinama01
943,Tyson Ross,24,OAK,AL,9,6,0,36.0,7,2,4,1,0,.857,,,1,6,1.50,1.60,0.67,1.59,,,,,,,/1,,rossty01
944,George Sherrill,34,ATL,NL,51,0,0,36.0,8,2,6,0,1,1.000,,,-1,-6,2.00,1.80,0.16,1.79,,,,,,,1,,sherrge01
945,Collin Balester,25,WSN,NL,23,0,0,35.2,3,0,2,1,0,.667,,,-2,-11,0.50,1.79,0.09,1.79,,,,,,,1,,balesco01
946,Andy Sonnanstine,28,TBR,AL,15,4,0,35.2,9,5,4,0,2,1.000,,,0,0,2.27,1.59,0.60,1.59,,,,,,,1,,sonnaan01
947,Aaron Heilman,32,ARI,NL,32,0,0,35.1,8,0,7,1,0,.875,,,-1,-6,1.78,1.81,0.22,1.79,,,,,,,1,,heilmaa01
948,Randall Delgado,21,ATL,NL,7,7,0,35.0,10,2,8,0,0,1.000,,,0,0,2.57,1.80,1.43,1.79,,,,,,,/1,,delgara01
949,Nathan Eovaldi,21,LAD,NL,10,6,0,34.2,8,1,7,0,0,1.000,,,3,17,2.08,1.79,0.80,1.79,,,,,,,1,,eovalna01
950,Lance Lynn,24,STL,NL,18,2,0,34.2,4,2,2,0,0,1.000,,,-2,-12,1.04,1.79,0.22,1.79,,,,,,,1,,lynnla01
951,Jeff Fulchino,31,2TM,NL,39,0,0,34.2,6,2,4,0,0,1.000,,,-1,-6,1.56,1.79,0.15,1.79,,,,,,,1,,fulchje01
952,Trevor Bell,24,LAA,AL,19,0,0,34.1,5,3,2,0,0,1.000,,,-1,-6,1.31,1.60,0.26,1.59,,,,,,,1,,belltr01
953,Greg Golson,25,NYY,AL,9,2,1,34.1,7,7,0,0,0,1.000,0,-10,-2,-63,1.83,2.28,0.78,2.26,,,,,,,/789H,,golsogr01
954,Joe Paterson,25,ARI,NL,62,0,0,34.0,14,3,10,1,0,.929,,,1,6,3.44,1.80,0.21,1.79,,,,,,,1,,paterjo01
955,Michael Wuertz,32,OAK,AL,39,0,0,33.2,3,1,2,0,0,1.000,,,-2,-12,0.80,1.60,0.08,1.59,,,,,,,1,,wuertmi01
956,David Purcey,29,3TM,AL,33,0,0,33.2,6,1,5,0,0,1.000,,,0,0,1.60,1.60,0.18,1.59,,,,,,,1,,purceda01
957,Fautino De Los Santos,25,OAK,AL,34,0,0,33.1,5,3,2,0,0,1.000,,,-1,-6,1.35,1.59,0.15,1.59,,,,,,,1,,delosfa01
958,Scott Elbert,25,LAD,NL,47,0,0,33.1,2,1,1,0,0,1.000,,,-1,-6,0.54,1.81,0.04,1.79,,,,,,,1,,elbersc01
959,Ramón Ortiz,38,CHC,NL,22,2,0,33.1,8,2,6,0,0,1.000,,,1,6,2.16,1.81,0.36,1.79,,,,,,,1,,ortizra02
960,Arthur Rhodes,41,2TM,2LG,51,0,0,33.0,4,2,2,0,2,1.000,,,-1,-6,1.09,1.64,0.08,1.66,,,,,,,1,,rhodear01
961,Jason Grilli,34,PIT,NL,28,0,0,32.2,10,1,9,0,1,1.000,,,3,18,2.76,1.79,0.36,1.79,,,,,,,1,,grillja01
962,Josh Lueke,26,SEA,AL,25,0,0,32.2,3,0,3,0,0,1.000,,,0,0,0.83,1.60,0.12,1.59,,,,,,,1,,luekejo01
963,Yunesky Maya,29,WSN,NL,10,5,0,32.2,7,2,5,0,1,1.000,,,-1,-6,1.93,1.79,0.70,1.79,,,,,,,1,,mayayu01
964,Chris Ray,29,SEA,AL,29,0,0,32.2,6,2,4,0,1,1.000,,,-2,-12,1.65,1.60,0.21,1.59,,,,,,,1,,raych01
965,Adam Russell,28,TBR,AL,36,0,0,32.2,5,1,4,0,0,1.000,,,-2,-12,1.38,1.60,0.14,1.59,,,,,,,1,,russead01
966,Tom Wilhelmsen,27,SEA,AL,25,0,0,32.2,8,1,6,1,1,.875,,,1,6,1.93,1.60,0.28,1.59,,,,,,,1,,wilheto01
967,Scott Feldman,28,TEX,AL,11,2,0,32.0,10,3,7,0,0,1.000,,,2,13,2.81,1.60,0.91,1.59,,,,,,,1,,feldmsc01
968,Ryan Mattheus,27,WSN,NL,35,0,0,32.0,2,0,2,0,0,1.000,,,-1,-6,0.56,1.80,0.06,1.79,,,,,,,1,,matthry01
969,Greg Reynolds,25,COL,NL,13,3,0,32.0,8,3,5,0,0,1.000,,,1,6,2.25,1.80,0.62,1.79,,,,,,,1,,reynogr01
970,Fernando Rodney,34,LAA,AL,39,0,0,32.0,6,2,3,1,1,.833,,,-4,-25,1.41,1.60,0.13,1.59,,,,,,,1,,rodnefe01
971,Welington Castillo,24,CHC,NL,4,4,4,31.2,20,16,2,2,0,.900,0,0,0,0,5.12,7.99,4.50,7.95,0,2,1,2,66.7,0,/2,,castiwe01
972,J.P. Howell,28,TBR,AL,46,0,0,30.2,5,2,3,0,1,1.000,,,1,7,1.47,1.61,0.11,1.59,,,,,,,1,,howeljp01
973,Chin-lung Hu,27,NYM,NL,11,2,1,30.2,18,10,7,1,1,.944,-1,-39,-1,-39,4.99,4.75,1.55,4.72,,,,,,,H4/6,,huch01
974,Scott Atchison,35,BOS,AL,17,0,0,30.1,6,2,3,1,0,.833,,,1,7,1.48,1.60,0.29,1.59,,,,,,,1,,atchisc01
975,Esmerling Vásquez,27,ARI,NL,31,0,0,30.1,8,0,7,1,0,.875,,,1,7,2.08,1.81,0.23,1.79,,,,,,,1,,vasques01
976,Juan Castro,39,LAD,NL,5,3,2,30.0,17,4,13,0,1,1.000,0,16,-2,-76,5.10,4.26,3.40,4.30,,,,,,,/4H5,,castrju01
977,Troy Patton,25,BAL,AL,20,0,0,30.0,4,2,2,0,0,1.000,,,-2,-13,1.20,1.59,0.20,1.59,,,,,,,1,,pattotr01
978,Eduardo Sánchez,22,STL,NL,26,0,0,30.0,3,2,1,0,0,1.000,,,0,0,0.90,1.80,0.12,1.79,,,,,,,1,,sanched01
979,Dana Eveland,27,LAD,NL,5,5,0,29.2,8,3,5,0,0,1.000,,,0,0,2.43,1.79,1.60,1.80,,,,,,,/1,,evelada01
980,Josh Lindblom,24,LAD,NL,27,0,0,29.2,5,1,4,0,0,1.000,,,2,13,1.52,1.79,0.19,1.79,,,,,,,1,,lindbjo01
981,Josh Spence,23,SDP,NL,40,0,0,29.2,4,2,2,0,0,1.000,,,0,0,1.21,1.79,0.10,1.79,,,,,,,1,,spencjo01
982,Anthony Vasquez,24,SEA,AL,7,7,0,29.1,5,0,3,2,0,.600,,,-1,-7,0.92,1.60,0.43,1.59,,,,,,,/1,,vasquan01
983,Duane Below,25,DET,AL,14,2,0,29.0,2,1,1,0,0,1.000,,,-1,-7,0.62,1.61,0.14,1.59,,,,,,,1,,belowdu01
984,Nelson Figueroa,37,HOU,NL,8,5,0,29.0,7,2,2,3,0,.571,,,-2,-14,1.24,1.80,0.50,1.79,,,,,,,/1,,figuene01
985,Efren Navarro,25,LAA,AL,8,2,2,29.0,41,41,0,0,2,1.000,1,33,0,0,12.72,9.31,5.13,9.24,,,,,,,/3H,,navaref01
986,Josh Rodríguez,26,PIT,NL,5,3,1,29.0,15,6,9,0,2,1.000,-1,-46,0,0,4.66,4.47,3.00,4.48,,,,,,,/6H4,,rodrijo05
987,Joba Chamberlain,25,NYY,AL,27,0,0,28.2,7,4,3,0,1,1.000,,,0,0,2.20,1.60,0.26,1.59,,,,,,,1,,chambjo03
988,Tim Dillard,27,MIL,NL,24,0,0,28.2,10,1,9,0,0,1.000,,,1,7,3.14,1.79,0.42,1.79,,,,,,,1,,dillati01
989,Jerry Blevins,27,OAK,AL,26,0,0,28.1,3,0,3,0,0,1.000,,,0,0,0.95,1.59,0.12,1.59,,,,,,,1,,blevije01
990,Vin Mazzaro,24,KCR,AL,7,4,0,28.1,4,1,3,0,0,1.000,,,-2,-14,1.27,1.59,0.57,1.59,,,,,,,/1,,mazzavi01
991,Bryan Shaw,23,ARI,NL,33,0,0,28.1,13,5,7,1,0,.923,,,1,7,3.81,1.81,0.36,1.79,,,,,,,1,,shawbr01
992,Jake McGee,24,TBR,AL,37,0,0,28.0,3,0,3,0,0,1.000,,,-1,-7,0.96,1.61,0.08,1.59,,,,,,,1,,mcgeeja01
993,David Carpenter,25,HOU,NL,34,0,0,27.2,8,3,5,0,1,1.000,,,2,14,2.60,1.79,0.24,1.79,,,,,,,1,,carpeda01
994,Sergio Escalona,26,HOU,NL,49,0,0,27.2,9,4,4,1,1,.889,,,-1,-7,2.60,1.79,0.16,1.79,,,,,,,1,,escalse01
995,Ryan Franklin,38,STL,NL,21,0,0,27.2,11,5,6,0,0,1.000,,,0,0,3.58,1.79,0.52,1.79,,,,,,,1,,frankry01
996,Mark Hamilton,26,STL,NL,10,3,1,27.2,24,24,0,0,1,1.000,0,0,0,0,7.81,8.82,2.40,7.88,,,,,,,H/37D,,hamilma01
997,Michael Kirkman,24,TEX,AL,15,0,0,27.1,6,2,4,0,0,1.000,,,2,15,1.98,1.61,0.40,1.59,,,,,,,1,,kirkmmi01
998,Dan Runzler,26,SFG,NL,31,1,0,27.1,7,0,6,1,0,.857,,,0,0,1.98,1.81,0.19,1.79,,,,,,,1,,runzlda01
999,Hung-Chih Kuo,29,LAD,NL,40,0,0,27.0,2,1,0,1,0,.500,,,-1,-7,0.33,1.80,0.03,1.79,,,,,,,1,,kuoho01
1000,Ryan Lavarnway,23,BOS,AL,8,2,2,26.2,25,22,3,0,0,1.000,1,45,2,95,8.44,7.63,3.13,7.58,0,0,0,1,100.0,0,/2DH,,lavarry01
1001,Takashi Saito,41,MIL,NL,30,0,0,26.2,2,0,2,0,0,1.000,,,-1,-8,0.68,1.79,0.07,1.79,,,,,,,1,,saitota01
1002,Eric Surkamp,23,SFG,NL,6,6,0,26.2,9,1,6,2,0,.778,,,0,0,2.36,1.79,1.17,1.78,,,,,,,/1,,surkaer01
1003,Taylor Buchholz,29,NYM,NL,23,0,0,26.0,4,2,2,0,0,1.000,,,0,0,1.38,1.80,0.17,1.79,,,,,,,1,,buchhta01
1004,Tommy Milone,24,WSN,NL,5,5,0,26.0,5,1,4,0,1,1.000,,,1,8,1.73,1.80,1.00,1.80,,,,,,,/1,,milonto01
1005,Sam Demel,25,ARI,NL,34,0,0,25.2,3,1,2,0,0,1.000,,,-3,-23,1.05,1.79,0.09,1.79,,,,,,,1,,demelsa01
1006,Edgmer Escalona,24,COL,NL,14,0,0,25.2,6,2,4,0,1,1.000,,,1,8,2.10,1.79,0.43,1.79,,,,,,,1,,escaled01
1007,Joe Beimel,34,PIT,NL,35,0,0,25.1,1,0,1,0,0,1.000,,,-1,-8,0.36,1.81,0.03,1.79,,,,,,,1,,beimejo01
1008,Graham Godfrey,26,OAK,AL,5,4,0,25.0,7,3,4,0,0,1.000,,,-1,-8,2.52,1.58,1.40,1.60,,,,,,,/1,,godfrgr01
1009,Chris Leroux,27,PIT,NL,23,0,0,25.0,4,2,2,0,0,1.000,,,-1,-8,1.44,1.80,0.17,1.79,,,,,,,1,,lerouch01
1010,Randy Choate,35,FLA,NL,54,0,0,24.2,12,5,6,1,1,.917,,,0,0,4.01,1.79,0.20,1.79,,,,,,,1,,choatra01
1011,Jim Hoey,28,MIN,AL,26,0,0,24.2,4,2,2,0,0,1.000,,,-1,-8,1.46,1.61,0.15,1.59,,,,,,,1,,hoeyja02
1012,Pat Neshek,30,SDP,NL,25,0,0,24.2,2,0,2,0,0,1.000,,,1,8,0.73,1.79,0.08,1.79,,,,,,,1,,neshepa01
1013,Kyle Weiland,24,BOS,AL,7,5,0,24.2,2,1,1,0,0,1.000,,,-1,-8,0.73,1.61,0.29,1.59,,,,,,,/1,,weilaky01
1014,J.C. Romero,35,2TM,NL,36,0,0,24.2,7,1,6,0,0,1.000,,,1,8,2.55,1.82,0.19,1.79,,,,,,,1,,romerj.01
1015,Daniel Moskos,25,PIT,NL,31,0,0,24.1,6,0,4,2,1,.667,,,-1,-8,1.48,1.81,0.13,1.79,,,,,,,1,,moskoda01
1016,Carlos Fisher,28,CIN,NL,17,0,0,24.0,6,0,5,1,0,.833,,,1,8,1.88,1.80,0.29,1.79,,,,,,,1,,fisheca01
1017,Stephen Strasburg,22,WSN,NL,5,5,0,24.0,3,0,3,0,0,1.000,,,0,0,1.13,1.80,0.60,1.80,,,,,,,/1,,strasst01
1018,Anthony Varvaro,26,ATL,NL,18,0,0,24.0,4,2,2,0,0,1.000,,,0,0,1.50,1.80,0.22,1.79,,,,,,,1,,varvaan01
1019,Chris Young,32,NYM,NL,4,4,0,24.0,2,0,2,0,0,1.000,,,0,0,0.75,1.80,0.50,1.80,,,,,,,/1,,youngch03
1020,Liam Hendriks,22,MIN,AL,4,4,0,23.1,6,0,6,0,0,1.000,,,1,9,2.31,1.58,1.50,1.60,,,,,,,/1,,hendrli01
1021,Joey Devine,27,OAK,AL,25,0,0,23.0,0,0,0,0,0,,,,-1,-9,0.00,1.60,0.00,1.59,,,,,,,1,,devinjo01
1022,Esteban Germán,33,TEX,AL,6,2,2,23.0,6,0,6,0,1,1.000,1,31,0,0,2.35,3.56,1.00,3.32,,,,,,,/H54D,,germaes01
1023,Marcos Mateo,27,CHC,NL,23,0,0,23.0,1,0,1,0,0,1.000,,,-1,-9,0.39,1.80,0.04,1.79,,,,,,,1,,mateoma01
1024,Ramón Troncoso,28,LAD,NL,18,0,0,22.2,2,1,1,0,1,1.000,,,-1,-9,0.79,1.79,0.11,1.79,,,,,,,1,,troncra01
1025,Brandon Boggs,28,MIL,NL,5,2,2,22.0,2,2,0,0,0,1.000,0,5,0,0,0.82,2.17,0.40,2.16,,,,,,,H/798,,boggsbr01
1026,Conor Gillaspie,23,SFG,NL,4,2,2,22.0,3,2,1,0,0,1.000,-1,-55,-1,-49,1.23,2.54,0.75,2.53,,,,,,,H/5,,gillaco01
1027,Osvaldo Martínez,23,FLA,NL,7,1,0,22.0,4,0,3,1,0,.750,0,-16,0,0,1.23,4.34,0.43,4.13,,,,,,,H/65,,martios01
1028,Jai Miller,26,OAK,AL,5,2,2,22.0,2,2,0,0,0,1.000,0,0,0,0,0.82,2.29,0.40,2.26,,,,,,,/H89,,milleja04
1029,Jesús Montero,21,NYY,AL,3,3,1,22.0,13,12,1,0,0,1.000,0,0,0,0,5.32,7.61,4.33,7.57,0,1,4,1,20.0,0,D/2H,,monteje01
1030,Pedro Strop,26,2TM,AL,23,0,0,22.0,3,1,2,0,0,1.000,,,-1,-9,1.23,1.60,0.13,1.59,,,,,,,1,,stroppe01
1031,Lester Oliveros,23,2TM,AL,19,0,0,21.1,3,0,3,0,1,1.000,,,0,0,1.27,1.60,0.16,1.59,,,,,,,1,,olivele01
1032,Trever Miller,38,3TM,2LG,48,0,0,21.1,8,3,5,0,1,1.000,,,0,0,3.38,1.77,0.17,1.75,,,,,,,1,,milletr02
1033,Donny Lucy,28,CHW,AL,3,2,2,21.0,24,23,1,0,1,1.000,0,0,0,0,10.29,7.63,8.00,7.57,0,1,0,1,100.0,0,/2HD,,lucydo01
1034,Dustin McGowan,29,TOR,AL,5,4,0,21.0,2,1,1,0,0,1.000,,,-1,-10,0.86,1.59,0.40,1.60,,,,,,,/1,,mcgowdu01
1035,Chris Schwinden,24,NYM,NL,4,4,0,21.0,4,1,2,1,0,.750,,,0,0,1.29,1.80,0.75,1.80,,,,,,,/1,,schwich01
1036,Chris Woodward,35,TOR,AL,4,2,1,21.0,7,1,6,0,1,1.000,1,29,0,0,3.00,3.81,1.75,4.10,,,,,,,/HD456,,woodwch01
1037,Evan Meek,28,PIT,NL,24,0,0,20.2,9,2,7,0,0,1.000,,,2,19,3.92,1.79,0.38,1.79,,,,,,,1,,meekev01
1038,José Ceda,24,FLA,NL,17,0,0,20.1,2,2,0,0,0,1.000,,,0,0,0.89,1.81,0.12,1.79,,,,,,,1,,cedajo01
1039,Tony Peña,29,CHW,AL,17,0,0,20.1,2,0,2,0,0,1.000,,,0,0,0.89,1.59,0.12,1.59,,,,,,,1,,penato03
1040,Michael Bowden,24,BOS,AL,14,0,0,20.0,3,2,1,0,0,1.000,,,0,0,1.35,1.62,0.21,1.59,,,,,,,1,,bowdemi01
1041,Joe Inglett,33,HOU,NL,3,2,0,20.0,16,8,8,0,4,1.000,-1,-84,-1,-54,7.20,4.32,3.20,3.88,,,,,,,H/45,,inglejo01
1042,Jordan Smith,25,CIN,NL,17,0,0,20.0,0,0,0,0,0,,,,-1,-10,0.00,1.80,0.00,1.79,,,,,,,1,,smithjo06
1043,Fernando Abad,25,HOU,NL,29,0,0,19.2,5,1,2,2,0,.600,,,-1,-10,1.37,1.78,0.10,1.79,,,,,,,1,,abadfe01
1044,Brian Bruney,29,CHW,AL,23,0,0,19.2,4,1,3,0,0,1.000,,,-1,-10,1.83,1.60,0.17,1.59,,,,,,,1,,brunebr01
1045,Julio Teheran,20,ATL,NL,5,3,0,19.2,6,4,2,0,1,1.000,,,0,0,2.75,1.78,1.20,1.80,,,,,,,/1,,teherju01
1046,Brad Lidge,34,PHI,NL,25,0,0,19.1,3,1,2,0,0,1.000,,,-2,-21,1.40,1.82,0.12,1.79,,,,,,,1,,lidgebr01
1047,Matt Stairs,43,WSN,NL,4,3,0,19.1,12,11,1,0,0,1.000,0,-6,-1,-62,5.59,9.31,3.00,9.30,,,,,,,H/D3,,stairma01
1048,Leonys Martín,23,TEX,AL,8,1,1,19.0,7,7,0,0,0,1.000,0,-19,-1,-57,3.32,2.27,0.88,2.26,,,,,,,/8H,,martile01
1049,Gustavo Molina,29,NYY,AL,3,2,1,19.0,10,9,1,0,0,1.000,1,63,0,0,4.74,7.63,3.33,7.57,0,0,1,1,50.0,0,/2,,molingu01
1050,Dylan Axelrod,25,CHW,AL,4,3,0,18.2,7,3,4,0,2,1.000,,,0,0,3.38,1.59,1.75,1.60,,,,,,,/1,,axelrdy01
1051,Pedro Florimón,24,BAL,AL,4,2,2,18.2,10,3,6,1,1,.900,0,-19,-1,-51,4.34,4.39,2.25,4.33,,,,,,,/6H,,floripe01
1052,Jose Iglesias,21,BOS,AL,8,1,1,18.2,5,2,3,0,0,1.000,-1,-64,0,0,2.41,4.39,0.63,4.33,,,,,,,/6H,,iglesjo01
1053,Matt Maloney,27,CIN,NL,8,2,0,18.2,7,1,6,0,1,1.000,,,1,11,3.38,1.78,0.88,1.79,,,,,,,/1,,malonma02
1054,Shane Robinson,26,STL,NL,9,1,1,18.2,2,2,0,0,0,1.000,-1,-58,0,0,0.96,2.17,0.22,2.16,,,,,,,/89H7,,robinsh01
1055,Lance Pendleton,27,2TM,2LG,15,0,0,18.2,1,0,1,0,0,1.000,,,0,0,0.48,1.64,0.07,1.65,,,,,,,1,,pendlla01
1056,Willie Eyre,32,BAL,AL,19,0,0,18.1,4,1,3,0,0,1.000,,,0,0,1.96,1.62,0.21,1.59,,,,,,,1,,eyrewi01
1057,Cory Gearrin,25,ATL,NL,18,0,0,18.1,1,0,1,0,0,1.000,,,0,0,0.49,1.82,0.06,1.79,,,,,,,1,,gearrco01
1058,J.C. Gutiérrez,27,ARI,NL,20,0,0,18.1,3,1,0,2,0,.333,,,-2,-22,0.49,1.82,0.05,1.79,,,,,,,1,,gutieju01
1059,Brad Mills,26,TOR,AL,5,4,0,18.1,3,1,2,0,0,1.000,,,0,0,1.47,1.62,0.60,1.60,,,,,,,/1,,millsbr02
1060,Drew Pomeranz,22,COL,NL,4,4,0,18.1,1,0,1,0,0,1.000,,,0,0,0.49,1.82,0.25,1.80,,,,,,,/1,,pomerdr01
1061,J.C. Boscán,31,ATL,NL,3,2,1,18.0,19,18,1,0,0,1.000,0,0,0,0,9.50,8.00,6.33,7.97,0,1,2,1,33.3,0,/2H,,boscajc01
1062,Dallas Braden,27,OAK,AL,3,3,0,18.0,1,0,1,0,0,1.000,,,0,0,0.50,1.60,0.33,1.60,,,,,,,/1,,bradeda01
1063,Fernando Martínez,22,NYM,NL,3,2,2,18.0,5,4,0,1,0,.800,0,-27,0,0,2.00,2.15,1.33,2.17,,,,,,,/H9D7,,martife02
1064,Jeremy Moore,24,LAA,AL,5,1,1,18.0,5,4,1,0,0,1.000,1,33,1,73,2.50,2.30,1.00,2.26,,,,,,,/H97,,mooreje02
1065,Vinny Rottino,31,FLA,NL,3,2,2,18.0,2,1,1,0,0,1.000,0,7,0,0,1.00,2.15,0.67,2.17,,,,,,,/H97,,rottivi01
1066,Lucas Harrell,26,2TM,2LG,9,2,0,18.0,7,2,4,1,0,.857,,,1,11,3.00,1.75,0.67,1.72,,,,,,,/1,,harrelu01
1067,Josh Kinney,32,CHW,AL,13,0,0,17.2,4,0,4,0,1,1.000,,,1,11,2.04,1.58,0.31,1.59,,,,,,,1,,kinnejo01
1068,Zach McAllister,23,CLE,AL,4,4,0,17.2,2,0,1,1,0,.500,,,-1,-11,0.51,1.58,0.25,1.60,,,,,,,/1,,mcallza01
1069,Brett Tomko,38,TEX,AL,8,0,0,17.2,1,0,1,0,0,1.000,,,0,0,0.51,1.58,0.13,1.59,,,,,,,/1,,tomkobr01
1070,Chance Ruffin,22,2TM,AL,15,0,0,17.2,1,0,1,0,0,1.000,,,0,0,0.51,1.63,0.07,1.59,,,,,,,1,,ruffich01
1071,Zach Braddock,23,MIL,NL,25,0,0,17.1,0,0,0,0,0,,,,0,0,0.00,1.82,0.00,1.79,,,,,,,1,,braddza01
1072,Adron Chambers,24,STL,NL,11,0,0,17.1,8,7,0,1,0,.875,0,-14,-1,-62,3.63,2.18,0.64,2.15,,,,,,,H/789,,chambad01
1073,Arodys Vizcaíno,20,ATL,NL,17,0,0,17.1,2,2,0,0,0,1.000,,,0,0,1.04,1.82,0.12,1.79,,,,,,,1,,vizcaar01
1074,Everth Cabrera,24,SDP,NL,2,2,1,17.0,9,4,5,0,0,1.000,-2,-120,-2,-127,4.76,4.39,4.50,4.40,,,,,,,/6,,cabreev01
1075,Luis Durango,25,HOU,NL,2,2,1,17.0,3,3,0,0,0,1.000,-1,-49,0,0,1.59,2.17,1.50,2.15,,,,,,,/8,,duranlu01
1076,Jeff Locke,23,PIT,NL,4,4,0,16.2,5,0,5,0,0,1.000,,,1,12,2.70,1.78,1.25,1.80,,,,,,,/1,,lockeje01
1077,Darren O'Day,28,TEX,AL,16,0,0,16.2,5,2,2,1,0,.800,,,-1,-12,2.16,1.62,0.25,1.59,,,,,,,1,,odayda01
1078,Josh Roenicke,28,COL,NL,19,0,0,16.2,1,0,1,0,0,1.000,,,0,0,0.54,1.78,0.05,1.79,,,,,,,1,,roenijo01
1079,Cole Garner,26,COL,NL,3,2,1,16.1,6,6,0,0,0,1.000,2,110,0,0,3.31,2.15,2.00,2.17,,,,,,,/7H9,,garneco01
1080,Clay Rapada,30,BAL,AL,32,0,0,16.1,3,1,2,0,0,1.000,,,0,0,1.65,1.60,0.09,1.59,,,,,,,1,,rapadcl01
1081,Doug Slaten,31,WSN,NL,31,0,0,16.1,5,2,3,0,1,1.000,,,0,0,2.76,1.82,0.16,1.79,,,,,,,1,,slatedo01
1082,Robinson Cancel,35,HOU,NL,2,2,1,16.0,14,14,0,0,0,1.000,0,0,0,0,7.88,7.99,7.00,7.95,1,0,2,0,0.0,0,/2,,cancero01
1083,Brayan Villarreal,24,DET,AL,16,0,0,16.0,8,0,6,2,0,.750,,,1,13,3.38,1.58,0.38,1.59,,,,,,,1,,villabr02
1084,Joel Carreño,24,TOR,AL,11,0,0,15.2,2,0,2,0,0,1.000,,,1,13,1.15,1.61,0.18,1.59,,,,,,,1,,carrejo01
1085,Bobby Jenks,30,BOS,AL,18,0,0,15.2,4,1,3,0,1,1.000,,,0,0,2.30,1.61,0.21,1.59,,,,,,,1,,jenksbo01
1086,Adam Moore,27,SEA,AL,2,2,0,15.2,12,11,1,0,0,1.000,0,0,0,0,6.89,7.64,6.00,7.55,0,0,2,0,0.0,0,/2,,mooread01
1087,Matt Palmer,32,LAA,AL,3,3,0,15.2,5,1,4,0,0,1.000,,,0,0,2.87,1.61,1.67,1.60,,,,,,,/1,,palmema01
1088,Jeremy Horst,25,CIN,NL,12,0,0,15.1,2,1,1,0,0,1.000,,,0,0,1.17,1.82,0.17,1.79,,,,,,,1,,horstje01
1089,Jeremy Jeffress,23,KCR,AL,14,0,0,15.1,5,1,3,1,0,.800,,,1,13,2.35,1.58,0.29,1.59,,,,,,,1,,jeffrje01
1090,Lars Anderson,23,BOS,AL,6,0,0,15.0,16,12,3,1,1,.938,0,24,0,0,9.00,9.30,2.50,9.23,,,,,,,/3H,,anderla03
1091,Brandon Kintzler,26,MIL,NL,9,0,0,14.2,3,0,3,0,0,1.000,,,0,0,1.84,1.78,0.33,1.79,,,,,,,/1,,kintzbr01
1092,Trystan Magnuson,26,OAK,AL,9,0,0,14.2,5,2,3,0,0,1.000,,,1,14,3.07,1.60,0.56,1.59,,,,,,,/1,,magnutr01
1093,Luis Mendoza,27,KCR,AL,2,2,0,14.2,5,2,3,0,0,1.000,,,0,0,3.07,1.60,2.50,1.60,,,,,,,/1,,mendolu01
1094,Drew Carpenter,26,2TM,NL,12,0,0,14.2,1,1,0,0,0,1.000,,,-1,-14,0.61,1.84,0.08,1.78,,,,,,,1,,carpean01
1095,Josh Rupe,28,BAL,AL,9,0,0,14.1,1,1,0,0,0,1.000,,,-1,-14,0.63,1.57,0.11,1.59,,,,,,,/1,,rupejo01
1096,Michael Schwimer,25,PHI,NL,12,0,0,14.1,1,0,1,0,0,1.000,,,0,0,0.63,1.82,0.08,1.79,,,,,,,1,,schwimi01
1097,Brian Burres,30,PIT,NL,5,2,0,14.0,2,1,1,0,0,1.000,,,0,0,1.29,1.80,0.40,1.80,,,,,,,/1,,burrebr01
1098,José Contreras,39,PHI,NL,17,0,0,14.0,0,0,0,0,0,,,,0,0,0.00,1.80,0.00,1.79,,,,,,,1,,contrjo01
1099,Josh Judy,25,CLE,AL,12,0,0,14.0,1,0,1,0,0,1.000,,,0,0,0.64,1.61,0.08,1.59,,,,,,,1,,judyjo01
1100,Cole Kimball,25,WSN,NL,12,0,0,14.0,2,2,0,0,1,1.000,,,0,0,1.29,1.80,0.17,1.79,,,,,,,1,,kimbaco01
1101,Garrett Richards,23,LAA,AL,7,3,0,14.0,5,2,3,0,0,1.000,,,1,14,3.21,1.61,0.71,1.59,,,,,,,/1,,richaga01
1102,Evan Scribner,25,SDP,NL,10,0,0,14.0,3,1,2,0,0,1.000,,,0,0,1.93,1.80,0.30,1.79,,,,,,,1,,scribev01
1103,José Valdéz,28,HOU,NL,12,0,0,14.0,4,2,2,0,1,1.000,,,1,14,2.57,1.80,0.33,1.79,,,,,,,1,,valdejo01
1104,Gil Velazquez,31,LAA,AL,4,1,1,14.0,9,2,7,0,1,1.000,1,111,1,86,5.79,4.31,2.25,3.68,,,,,,,/45H,,velazgi01
1105,John Bowker,27,2TM,NL,4,1,0,14.0,9,8,1,0,0,1.000,1,69,0,0,5.79,5.21,2.25,5.75,,,,,,,H/39,,bowkejo01
1106,Lance Cormier,30,LAD,NL,9,0,0,13.2,7,1,5,1,0,.857,,,1,15,3.95,1.78,0.67,1.79,,,,,,,/1,,cormila01
1107,Cole Gillespie,27,ARI,NL,4,0,0,13.2,3,3,0,0,0,1.000,0,35,0,0,1.98,2.17,0.75,2.15,,,,,,,/79H,,gilleco01
1108,Mike McClendon,26,MIL,NL,9,0,0,13.2,4,1,3,0,0,1.000,,,1,15,2.63,1.78,0.44,1.79,,,,,,,/1,,mcclemi01
1109,Francisco Rodríguez,28,LAA,AL,10,0,0,13.2,2,1,1,0,0,1.000,,,0,0,1.32,1.58,0.20,1.59,,,,,,,1,,rodrifr04
1110,Brandon Lyon,31,HOU,NL,15,0,0,13.1,7,4,3,0,1,1.000,,,1,15,4.73,1.82,0.47,1.79,,,,,,,1,,lyonbr01
1111,Adam Wilk,23,DET,AL,5,0,0,13.1,1,1,0,0,0,1.000,,,0,0,0.68,1.62,0.20,1.60,,,,,,,/1,,wilkad01
1112,Brian Tallet,33,2TM,2LG,18,0,0,13.1,6,3,3,0,0,1.000,,,1,15,4.05,1.82,0.32,1.78,,,,,,,1,,tallebr01
1113,Frankie De La Cruz,27,MIL,NL,11,0,0,13.0,0,0,0,0,0,,,,0,0,0.00,1.80,0.00,1.79,,,,,,,1,,delaceu01
1114,Kevin Jepsen,26,LAA,AL,16,0,0,13.0,3,1,2,0,0,1.000,,,-1,-15,2.08,1.59,0.19,1.59,,,,,,,1,,jepseke01
1115,David Ortiz,35,BOS,AL,2,2,1,13.0,18,18,0,0,4,1.000,0,-9,0,0,12.46,9.28,9.00,9.25,,,,,,,*D/H3,ASSS,ortizda01
1116,Mike Rivera,34,MIL,NL,1,1,0,13.0,15,13,2,0,1,1.000,1,92,0,0,10.38,7.96,15.00,8.00,0,0,0,1,100.0,0,/2,,rivermi02
1117,Josh Stinson,23,NYM,NL,14,0,0,13.0,0,0,0,0,0,,,,0,0,0.00,1.80,0.00,1.79,,,,,,,1,,stinsjo01
1118,Jonathan Broxton,27,LAD,NL,14,0,0,12.2,4,2,2,0,0,1.000,,,1,16,2.84,1.78,0.29,1.79,,,,,,,1,,broxtjo01
1119,John Ely,25,LAD,NL,5,1,0,12.2,2,0,1,1,0,.500,,,0,0,0.71,1.78,0.20,1.80,,,,,,,/1,,elyjo01
1120,Justin Germano,28,CLE,AL,9,0,0,12.2,5,0,5,0,0,1.000,,,1,16,3.55,1.63,0.56,1.59,,,,,,,/1,,germaju01
1121,Dusty Hughes,29,MIN,AL,15,0,0,12.2,2,1,1,0,0,1.000,,,1,16,1.42,1.63,0.13,1.59,,,,,,,1,,hughedu01
1122,Shawn Kelley,27,SEA,AL,10,0,0,12.2,1,0,0,1,0,.000,,,-1,-16,0.00,1.63,0.00,1.59,,,,,,,1,,kellesh01
1123,Jacob Turner,20,DET,AL,3,3,0,12.2,1,0,1,0,1,1.000,,,-1,-16,0.71,1.63,0.33,1.60,,,,,,,/1,,turneja01
1124,Brian Broderick,24,WSN,NL,11,0,0,12.1,4,2,2,0,0,1.000,,,0,0,2.92,1.82,0.36,1.79,,,,,,,1,,brodebr01
1125,Erik Hamren,24,SDP,NL,14,0,0,12.1,4,1,2,1,0,.750,,,0,0,2.19,1.82,0.21,1.79,,,,,,,1,,hamreer01
1126,Michael Kohn,25,LAA,AL,14,0,0,12.1,3,1,1,1,0,.667,,,0,0,1.46,1.61,0.14,1.59,,,,,,,1,,kohnmi01
1127,Wesley Wright,26,HOU,NL,21,0,0,12.1,2,0,2,0,0,1.000,0,0,0,0,1.46,1.82,0.09,1.81,,,,,,,1/9,,wrighwe01
1128,Justin Berg,27,CHC,NL,8,0,0,12.0,2,0,2,0,0,1.000,,,0,0,1.50,1.80,0.25,1.79,,,,,,,/1,,bergju01
1129,Steve Clevenger,25,CHC,NL,2,1,1,12.0,13,13,0,0,0,1.000,0,0,0,0,9.75,7.95,6.50,7.95,0,0,1,0,0.0,0,/2H,,clevest01
1130,Brad Peacock,23,WSN,NL,3,2,0,12.0,1,1,0,0,0,1.000,,,0,0,0.75,1.80,0.33,1.80,,,,,,,/1,,peacobr01
1131,Eric Stults,31,COL,NL,6,0,0,12.0,1,1,0,0,0,1.000,,,0,0,0.75,1.80,0.17,1.78,,,,,,,/1,,stulter01
1132,Raúl Valdés,33,2TM,2LG,13,0,0,12.0,3,1,2,0,0,1.000,,,0,0,2.25,1.73,0.23,1.69,,,,,,,1,,valdera02
1133,Alberto Castillo,35,ARI,NL,17,0,0,11.2,4,2,2,0,0,1.000,,,0,0,3.09,1.77,0.24,1.79,,,,,,,1,,castial02
1134,Sean Green,32,MIL,NL,14,0,0,11.2,1,0,1,0,0,1.000,,,0,0,0.77,1.77,0.07,1.79,,,,,,,1,,greense01
1135,Steve Edlefsen,26,SFG,NL,13,0,0,11.1,4,4,0,0,1,1.000,,,0,0,3.18,1.83,0.31,1.79,,,,,,,1,,edlefst01
1136,Héctor Gómez,23,COL,NL,2,1,1,11.0,6,1,4,1,0,.833,0,-33,0,0,4.09,4.42,2.50,4.40,,,,,,,/6H,,gomezhe01
1137,Nick Hagadone,25,CLE,AL,9,0,0,11.0,1,0,1,0,0,1.000,,,-1,-18,0.82,1.64,0.11,1.59,,,,,,,/1,,hagadni01
1138,Mark Hendrickson,37,BAL,AL,8,0,0,11.0,6,4,2,0,2,1.000,,,0,0,4.91,1.64,0.75,1.59,,,,,,,/1,,hendrma01
1139,Jared Hughes,25,PIT,NL,12,0,0,11.0,4,0,4,0,0,1.000,,,1,18,3.27,1.80,0.33,1.79,,,,,,,1,,hugheja02
1140,Lastings Milledge,26,CHW,AL,2,1,0,11.0,7,7,0,0,0,1.000,-3,-305,-2,-207,5.73,2.29,3.50,2.25,,,,,,,/7,,millela02
1141,Alex Sanabia,22,FLA,NL,3,2,0,11.0,1,0,1,0,0,1.000,,,0,0,0.82,1.80,0.33,1.80,,,,,,,/1,,sanabal01
1142,Brad Thomas,33,DET,AL,12,0,0,11.0,1,0,1,0,0,1.000,,,-1,-18,0.82,1.64,0.08,1.59,,,,,,,1,,thomabr01
1143,Kyle Waldrop,25,MIN,AL,7,0,0,11.0,2,0,2,0,0,1.000,,,-1,-18,1.64,1.64,0.29,1.59,,,,,,,/1,,waldrky01
1144,Mitch Atkins,25,BAL,AL,3,3,0,10.2,1,1,0,0,0,1.000,,,0,0,0.84,1.60,0.33,1.60,,,,,,,/1,,atkinmi01
1145,Andrew Cashner,24,CHC,NL,7,1,0,10.2,1,0,1,0,0,1.000,,,0,0,0.84,1.77,0.14,1.79,,,,,,,/1,,cashnan01
1146,Dan Cortes,24,SEA,AL,10,0,0,10.2,4,2,2,0,0,1.000,,,0,0,3.38,1.60,0.40,1.59,,,,,,,1,,corteda02
1147,Michael Crotta,26,PIT,NL,15,0,0,10.2,1,0,1,0,0,1.000,,,0,0,0.84,1.77,0.07,1.79,,,,,,,1,,crottmi01
1148,Jairo Asencio,28,ATL,NL,6,0,0,10.1,5,2,3,0,1,1.000,,,1,19,4.35,1.83,0.83,1.78,,,,,,,/1,,valdelu01
1149,Félix Doubront,23,BOS,AL,11,0,0,10.1,2,0,2,0,0,1.000,,,1,19,1.74,1.57,0.18,1.59,,,,,,,1,,doubrfe01
1150,Brian Gordon,32,NYY,AL,2,2,0,10.1,1,0,1,0,0,1.000,,,0,0,0.87,1.57,0.50,1.60,,,,,,,/1,,gordobr01
1151,Chris Hatcher,26,FLA,NL,11,0,0,10.1,0,0,0,0,0,,,,-1,-19,0.00,1.83,0.00,1.79,,,,,,,1/H,,hatchch02
1152,Chuck James,29,MIN,AL,8,0,0,10.1,2,0,2,0,0,1.000,,,0,0,1.74,1.57,0.25,1.59,,,,,,,/1,,jamesch03
1153,Craig Stammen,27,WSN,NL,7,0,0,10.1,3,0,3,0,0,1.000,,,1,19,2.61,1.83,0.43,1.79,,,,,,,/1,,stammcr01
1154,Dale Thayer,30,NYM,NL,11,0,0,10.1,4,3,1,0,0,1.000,,,0,0,3.48,1.83,0.36,1.79,,,,,,,1,,thayeda01
1155,Erik Kratz,31,PHI,NL,1,1,1,10.0,10,10,0,0,0,1.000,0,0,0,0,9.00,8.01,10.00,8.00,1,0,1,0,0.0,0,/2H,,kratzer01
1156,Joe Thatcher,29,SDP,NL,18,0,0,10.0,1,0,1,0,0,1.000,,,-1,-20,0.90,1.80,0.06,1.79,,,,,,,1,,thatcjo01
1157,Wyatt Toregas,28,PIT,NL,2,1,1,10.0,6,5,1,0,0,1.000,0,0,0,0,5.40,8.01,3.00,7.95,0,1,2,1,33.3,0,/2H,,toregwy01
1158,Chris Carpenter,25,CHC,NL,10,0,0,9.2,3,1,1,1,0,.667,,,0,0,1.86,1.77,0.20,1.79,,,,,,,1,,carpech02
1159,Andy Oliver,23,DET,AL,2,2,0,9.2,1,0,1,0,0,1.000,,,0,0,0.93,1.58,0.50,1.60,,,,,,,/1,,olivean01
1160,Danny Herrera,26,2TM,NL,18,0,0,9.2,1,0,1,0,0,1.000,,,-1,-21,0.93,1.77,0.06,1.79,,,,,,,1,,herreda01
1161,Jason Bulger,32,LAA,AL,5,0,0,9.1,4,2,1,1,0,.750,,,-1,-21,2.89,1.64,0.60,1.60,,,,,,,/1,,bulgeja01
1162,Matt Moore,22,TBR,AL,3,1,0,9.1,2,1,1,0,0,1.000,,,0,0,1.93,1.64,0.67,1.60,,,,,,,/1,,moorema02
1163,Cody Eppley,25,TEX,AL,10,0,0,9.0,5,0,5,0,0,1.000,,,0,0,5.00,1.60,0.50,1.59,,,,,,,1,,eppleco01
1164,Eduardo Escobar,22,CHW,AL,5,0,0,9.0,7,2,5,0,1,1.000,0,13,1,160,7.00,4.50,1.40,4.50,,,,,,,/H64D,,escobed01
1165,Héctor Giménez,28,LAD,NL,1,1,1,9.0,8,8,0,0,0,1.000,0,0,0,0,8.00,8.00,8.00,8.00,0,1,1,0,0.0,0,/H2,,gimenhe01
1166,Enrique González,28,DET,AL,8,0,0,9.0,2,2,0,0,0,1.000,,,-1,-22,2.00,1.60,0.25,1.59,,,,,,,/1,,gonzaen01
1167,Darin Mastroianni,25,TOR,AL,1,1,1,9.0,2,2,0,0,0,1.000,0,27,-1,-120,2.00,2.30,2.00,2.30,,,,,,,/8,,mastrda01
1168,Horacio Ramírez,31,LAA,AL,12,0,0,9.0,4,0,4,0,0,1.000,,,0,0,4.00,1.60,0.33,1.59,,,,,,,1,,ramirho01
1169,Joe Thurston,31,FLA,NL,1,1,1,9.0,7,3,4,0,1,1.000,1,80,0,0,7.00,4.80,7.00,4.80,,,,,,,/4,,thursjo01
1170,Rick van den Hurk,26,BAL,AL,4,2,0,9.0,0,0,0,0,0,,,,0,0,0.00,1.60,0.00,1.60,,,,,,,/1,,vanderi01
1171,Vicente Padilla,33,LAD,NL,9,0,0,8.2,1,0,1,0,0,1.000,,,0,0,1.04,1.77,0.11,1.79,,,,,,,/1,,padilvi01
1172,Bobby Cramer,31,OAK,AL,5,0,0,8.1,0,0,0,0,0,,,,0,0,0.00,1.62,0.00,1.60,,,,,,,/1,,cramebo01
1173,Brandon Dickson,26,STL,NL,4,1,0,8.1,0,0,0,0,0,,,,0,0,0.00,1.84,0.00,1.80,,,,,,,/1,,dicksbr01
1174,Chad Gaudin,28,WSN,NL,10,0,0,8.1,0,0,0,0,0,,,,0,0,0.00,1.84,0.00,1.79,,,,,,,1,,gaudich01
1175,Peter Moylan,32,ATL,NL,13,0,0,8.1,2,1,1,0,0,1.000,,,0,0,2.16,1.84,0.15,1.79,,,,,,,1,,moylape01
1176,Hideki Okajima,35,BOS,AL,7,0,0,8.1,5,2,3,0,0,1.000,,,1,24,5.40,1.62,0.71,1.59,,,,,,,/1,,okajihi01
1177,Randy Williams,35,BOS,AL,7,0,0,8.1,0,0,0,0,0,,,,0,0,0.00,1.62,0.00,1.59,,,,,,,/1,,willira01
1178,Brett Carroll,28,MIL,NL,1,1,1,8.0,3,3,0,0,0,1.000,-1,-135,0,0,3.38,2.14,3.00,2.20,,,,,,,/8H,,carrobr01
1179,Mark Hamburger,24,TEX,AL,5,0,0,8.0,0,0,0,0,0,,,,0,0,0.00,1.58,0.00,1.60,,,,,,,/1,,hambuma01
1180,Rich Hill,31,BOS,AL,9,0,0,8.0,1,1,0,0,1,1.000,,,0,0,1.13,1.58,0.11,1.59,,,,,,,/1,,hillri01
1181,Jamie Hoffmann,26,LAD,NL,1,1,0,8.0,3,3,0,0,0,1.000,-1,-120,0,0,3.38,2.14,3.00,2.20,,,,,,,/7H,,hoffmja01
1182,Wily Mo Peña,29,ARI,NL,1,1,1,8.0,0,0,0,0,0,,0,-45,0,0,0.00,2.14,0.00,2.20,,,,,,,/DH7,,penawi01
1183,Zach Phillips,24,BAL,AL,10,0,0,8.0,1,0,1,0,0,1.000,,,0,0,1.13,1.58,0.10,1.59,,,,,,,1,,phillza01
1184,Alex Torres,23,TBR,AL,4,0,0,8.0,0,0,0,0,0,,,,-1,-25,0.00,1.58,0.00,1.60,,,,,,,/1,,torreal01
1185,Tim Wood,28,PIT,NL,13,0,0,8.0,2,1,1,0,0,1.000,,,0,0,2.25,1.80,0.15,1.79,,,,,,,1,,woodti01
1186,Buddy Carlyle,33,NYY,AL,8,0,0,7.2,1,1,0,0,0,1.000,,,0,0,1.17,1.64,0.13,1.59,,,,,,,/1,,carlybu01
1187,Jesse Chavez,27,KCR,AL,4,0,0,7.2,0,0,0,0,0,,,,0,0,0.00,1.64,0.00,1.60,,,,,,,/1,,chaveje01
1188,Ryan Cook,24,ARI,NL,12,0,0,7.2,3,1,2,0,0,1.000,,,0,0,3.52,1.76,0.25,1.79,,,,,,,1,,cookry01
1189,Aaron Thompson,24,PIT,NL,4,1,0,7.2,2,0,2,0,0,1.000,,,0,0,2.35,1.76,0.50,1.80,,,,,,,/1,,thompaa01
1190,Dane De La Rosa,28,TBR,AL,7,0,0,7.1,0,0,0,0,0,,,,0,0,0.00,1.60,0.00,1.59,,,,,,,/1,,delarda01
1191,Zach Putnam,23,CLE,AL,8,0,0,7.1,0,0,0,0,0,,,,0,0,0.00,1.60,0.00,1.59,,,,,,,/1,,putnaza01
1192,Addison Reed,22,CHW,AL,6,0,0,7.1,0,0,0,0,0,,,,0,0,0.00,1.60,0.00,1.58,,,,,,,/1,,reedad01
1193,Rob Tejeda,29,KCR,AL,9,0,0,7.1,0,0,0,0,0,,,,-1,-27,0.00,1.60,0.00,1.59,,,,,,,/1,,tejedro01
1194,Brad Brach,25,SDP,NL,9,0,0,7.0,0,0,0,0,0,,,,0,0,0.00,1.80,0.00,1.79,,,,,,,/1,,brachbr01
1195,Steve Delabar,27,SEA,AL,6,0,0,7.0,0,0,0,0,0,,,,0,0,0.00,1.54,0.00,1.58,,,,,,,/1,,delabst01
1196,Scott Maine,26,CHC,NL,7,0,0,7.0,0,0,0,0,0,,,,0,0,0.00,1.80,0.00,1.79,,,,,,,/1,,mainesc01
1197,Jim Miller,29,COL,NL,6,0,0,7.0,0,0,0,0,0,,,,0,0,0.00,1.80,0.00,1.78,,,,,,,/1,,milleji02
1198,Pat Misch,29,NYM,NL,6,0,0,7.0,3,3,0,0,0,1.000,,,0,0,3.86,1.80,0.50,1.78,,,,,,,/1,,mischpa01
1199,Val Pascucci,32,NYM,NL,1,1,0,7.0,5,4,0,1,1,.800,0,-69,-1,-171,5.14,9.39,4.00,9.30,,,,,,,/H3,,pascuva01
1200,Amauri Sanit,31,NYY,AL,4,0,0,7.0,2,1,1,0,0,1.000,,,0,0,2.57,1.54,0.50,1.60,,,,,,,/1,,sanitam01
1201,Mitch Stetter,30,MIL,NL,16,0,0,7.0,0,0,0,0,0,,,,0,0,0.00,1.80,0.00,1.79,,,,,,,1,,stettmi01
1202,Jeff Stevens,27,CHC,NL,4,0,0,7.0,2,2,0,0,0,1.000,,,0,0,2.57,1.80,0.50,1.80,,,,,,,/1,,steveje01
1203,Bruce Billings,25,2TM,2LG,4,0,0,7.0,2,1,1,0,1,1.000,,,0,0,2.57,1.67,0.50,1.65,,,,,,,/1,,billibr02
1204,Juan Abreu,26,HOU,NL,7,0,0,6.2,1,1,0,0,0,1.000,,,0,0,1.35,1.76,0.14,1.79,,,,,,,/1,,abreuju01
1205,Blaine Boyer,29,NYM,NL,5,0,0,6.2,1,0,1,0,0,1.000,,,0,0,1.35,1.76,0.20,1.80,,,,,,,/1,,boyerbl01
1206,César Jiménez,26,SEA,AL,8,0,0,6.2,1,0,1,0,0,1.000,,,0,0,1.35,1.62,0.13,1.59,,,,,,,/1,,jimence01
1207,Kam Mickolio,27,ARI,NL,6,0,0,6.2,1,0,1,0,0,1.000,,,1,30,1.35,1.76,0.17,1.78,,,,,,,/1,,mickoka01
1208,Jordan Norberto,24,OAK,AL,6,0,0,6.2,1,0,0,1,0,.000,,,-1,-30,0.00,1.62,0.00,1.58,,,,,,,/1,,norbejo01
1209,Mike O'Connor,30,NYM,NL,9,0,0,6.2,0,0,0,0,0,,,,0,0,0.00,1.76,0.00,1.79,,,,,,,/1,,oconnmi01
1210,Chad Reineke,29,CIN,NL,2,1,0,6.2,0,0,0,0,0,,,,0,0,0.00,1.76,0.00,1.80,,,,,,,/1,,reinech01
1211,José Ascanio,26,PIT,NL,8,0,0,6.1,0,0,0,0,0,,,,-1,-32,0.00,1.85,0.00,1.79,,,,,,,/1,,ascanjo01
1212,Andrew Carignan,24,OAK,AL,6,0,0,6.1,1,0,1,0,0,1.000,,,0,0,1.42,1.56,0.17,1.58,,,,,,,/1,,carigan01
1213,Waldis Joaquín,24,SFG,NL,5,0,0,6.1,0,0,0,0,0,,,,0,0,0.00,1.85,0.00,1.80,,,,,,,/1,,joaquwa01
1214,Kanekoa Texeira,25,KCR,AL,6,0,0,6.1,1,0,1,0,0,1.000,,,0,0,1.42,1.56,0.17,1.58,,,,,,,/1,,texeika01
1215,Yhency Brazobán,31,ARI,NL,6,0,0,6.0,0,0,0,0,0,,,,0,0,0.00,1.80,0.00,1.78,,,,,,,/1,,brazoyh01
1216,Matt Daley,29,COL,NL,7,0,0,6.0,1,1,0,0,0,1.000,,,0,0,1.50,1.80,0.14,1.79,,,,,,,/1,,daleyma01
1217,George Kontos,26,NYY,AL,7,0,0,6.0,0,0,0,0,0,,,,0,0,0.00,1.65,0.00,1.59,,,,,,,/1,,kontoge01
1218,Wil Ledezma,30,TOR,AL,5,0,0,6.0,0,0,0,0,0,,,,-1,-33,0.00,1.65,0.00,1.60,,,,,,,/1,,ledezwi01
1219,Shane Lindsay,26,CHW,AL,4,0,0,6.0,2,1,1,0,0,1.000,,,0,0,3.00,1.65,0.50,1.60,,,,,,,/1,,lindssh01
1220,Brad Snyder,29,CHC,NL,1,1,0,6.0,0,0,0,0,0,,0,0,0,0,0.00,2.10,0.00,2.20,,,,,,,/H7,,snydebr02
1221,Nate Spears,26,BOS,AL,2,0,0,6.0,1,1,0,0,0,1.000,0,20,0,0,1.50,2.70,0.50,3.50,,,,,,,/H47,,spearna01
1222,Bryan Augenstein,24,STL,NL,5,0,0,5.2,1,0,1,0,0,1.000,,,0,0,1.59,1.75,0.20,1.80,,,,,,,/1,,augenbr01
1223,Jarrod Parker,22,ARI,NL,1,1,0,5.2,1,0,1,0,0,1.000,,,0,0,1.59,1.75,1.00,1.80,,,,,,,/1,,parkeja02
1224,Eric Hacker,28,MIN,AL,2,0,0,5.1,1,0,1,0,0,1.000,,,0,0,1.69,1.52,0.50,1.60,,,,,,,/1,,hackeer01
1225,Héctor Santiago,23,CHW,AL,2,0,0,5.1,1,0,1,0,0,1.000,,,0,0,1.69,1.52,0.50,1.60,,,,,,,/1,,santihe01
1226,Mason Tobin,23,TEX,AL,4,0,0,5.1,0,0,0,0,0,,,,0,0,0.00,1.52,0.00,1.60,,,,,,,/1,,tobinma01
1227,Rob Delaney,26,TBR,AL,4,0,0,5.0,1,1,0,0,0,1.000,,,0,0,1.80,1.62,0.25,1.60,,,,,,,/1,,delanro01
1228,Joey Gathright,30,BOS,AL,4,0,0,5.0,2,2,0,0,0,1.000,1,120,1,264,3.60,2.34,0.50,2.25,,,,,,,/7HD,,gathrjo01
1229,Rommie Lewis,28,TOR,AL,6,0,0,5.0,1,0,1,0,0,1.000,,,0,0,1.80,1.62,0.17,1.58,,,,,,,/1,,lewisro01
1230,Scott Mathieson,27,PHI,NL,4,0,0,5.0,1,0,1,0,0,1.000,,,0,0,1.80,1.80,0.25,1.80,,,,,,,/1,,mathisc01
1231,Juan Pérez,32,PHI,NL,8,0,0,5.0,0,0,0,0,0,,,,0,0,0.00,1.80,0.00,1.79,,,,,,,/1,,perezju01
1232,Ryan Tucker,24,TEX,AL,5,0,0,5.0,0,0,0,0,0,,,,0,0,0.00,1.62,0.00,1.60,,,,,,,/1,,tuckery01
1233,Neil Wagner,27,OAK,AL,6,0,0,5.0,0,0,0,0,0,,,,0,0,0.00,1.62,0.00,1.58,,,,,,,/1,,wagnene01
1234,P.J. Walters,26,2TM,2LG,5,0,0,5.0,2,2,0,0,1,1.000,,,0,0,3.60,1.80,0.40,1.76,,,,,,,/1,,waltepj01
1235,Jay Buente,27,2TM,2LG,2,1,0,5.0,2,1,1,0,0,1.000,,,0,0,3.60,1.80,1.00,1.70,,,,,,,/1,,buentja01
1236,Jared Burton,30,CIN,NL,6,0,0,4.2,0,0,0,0,0,,,,0,0,0.00,1.74,0.00,1.78,,,,,,,/1,,burtoja01
1237,Atahualpa Severino,26,WSN,NL,6,0,0,4.2,0,0,0,0,0,,,,-1,-43,0.00,1.74,0.00,1.78,,,,,,,/1,,severat01
1238,Maikel Cleto,22,STL,NL,3,0,0,4.1,0,0,0,0,0,,,,0,0,0.00,1.87,0.00,1.80,,,,,,,/1,,cletoma01
1239,Corey Kluber,25,CLE,AL,3,0,0,4.1,0,0,0,0,0,,,,0,0,0.00,1.66,0.00,1.60,,,,,,,/1,,klubeco01
1240,Garrett Olson,27,PIT,NL,4,0,0,4.1,1,0,0,1,0,.000,,,-1,-46,0.00,1.87,0.00,1.80,,,,,,,/1,,olsonga01
1241,Merkin Valdéz,29,TEX,AL,5,0,0,4.1,0,0,0,0,0,,,,-1,-46,0.00,1.66,0.00,1.60,,,,,,,/1,,valdeme01
1242,Justin De Fratus,23,PHI,NL,5,0,0,4.0,1,0,1,0,0,1.000,,,0,0,2.25,1.80,0.20,1.80,,,,,,,/1,,defraju01
1243,Tommy Hottovy,29,BOS,AL,8,0,0,4.0,0,0,0,0,0,,,,0,0,0.00,1.58,0.00,1.59,,,,,,,/1,,hottoto01
1244,Alan Johnson,27,COL,NL,1,1,0,4.0,2,1,1,0,0,1.000,,,0,0,4.50,1.80,2.00,1.80,,,,,,,/1,,johnsal02
1245,Zach Kroenke,27,ARI,NL,4,0,0,4.0,1,0,1,0,0,1.000,,,0,0,2.25,1.80,0.25,1.80,,,,,,,/1,,kroenza01
1246,Jeff Marquez,26,NYY,AL,3,0,0,4.0,1,0,0,1,0,.000,,,0,0,0.00,1.58,0.00,1.60,,,,,,,/1,,marquje01
1247,Brandon Moss,27,PHI,NL,1,0,0,4.0,2,2,0,0,0,1.000,1,180,1,270,4.50,2.25,2.00,2.20,,,,,,,/H9,,mossbr01
1248,Cedric Hunter,23,SDP,NL,2,0,0,3.2,0,0,0,0,0,,-1,-295,0,0,0.00,2.21,0.00,2.15,,,,,,,/H8,,huntece01
1249,Luis Marte,24,DET,AL,4,0,0,3.2,0,0,0,0,0,,,,0,0,0.00,1.72,0.00,1.60,,,,,,,/1,,martelu01
1250,Sandy Rosario,25,FLA,NL,4,0,0,3.2,1,0,1,0,0,1.000,,,0,0,2.45,1.72,0.25,1.80,,,,,,,/1,,rosarsa02
1251,Pedro Viola,28,BAL,AL,4,0,0,3.2,0,0,0,0,0,,,,0,0,0.00,1.72,0.00,1.60,,,,,,,/1,,violape01
1252,Jeff Manship,26,MIN,AL,5,0,0,3.1,1,1,0,0,0,1.000,,,0,0,2.70,1.62,0.20,1.60,,,,,,,/1,,manshje01
1253,Mike Zagurski,28,PHI,NL,4,0,0,3.1,0,0,0,0,0,,,,-1,-60,0.00,1.89,0.00,1.80,,,,,,,/1,,zagurmi01
1254,John Baker,30,FLA,NL,1,0,0,3.0,2,2,0,0,0,1.000,0,0,0,0,6.00,8.10,2.00,8.00,0,0,0,0,,0,H/2,,bakerjo01
1255,Sam Deduno,27,SDP,NL,2,0,0,3.0,2,1,1,0,0,1.000,,,0,0,6.00,1.80,1.00,1.80,,,,,,,/1,,dedunsa01
1256,Mark DiFelice,34,MIL,NL,3,0,0,3.0,1,0,1,0,0,1.000,,,0,0,3.00,1.80,0.33,1.80,,,,,,,/1,,difelma01
1257,Robby Hammock,34,ARI,NL,1,0,0,3.0,0,0,0,0,0,,0,0,0,0,0.00,2.10,0.00,2.20,,,,,,,/7H,,hammoro01
1258,Martín Maldonado,24,MIL,NL,3,0,0,3.0,4,4,0,0,0,1.000,0,0,0,0,12.00,8.10,1.33,7.97,0,0,0,0,,0,/2H,,maldoma01
1259,Logan Schafer,24,MIL,NL,2,0,0,3.0,0,0,0,0,0,,0,0,0,0,0.00,2.10,0.00,2.15,,,,,,,/H89,,schaflo01
1260,Junichi Tazawa,25,BOS,AL,3,0,0,3.0,0,0,0,0,0,,,,0,0,0.00,1.50,0.00,1.60,,,,,,,/1,,tazawju01
1261,Daryl Thompson,25,CIN,NL,1,0,0,3.0,2,1,1,0,0,1.000,,,0,0,6.00,1.80,2.00,1.80,,,,,,,/1,,thompda02
1262,Elih Villanueva,24,FLA,NL,1,1,0,3.0,0,0,0,0,0,,,,0,0,0.00,1.80,0.00,1.80,,,,,,,/1,,villael01
1263,Dellin Betances,23,NYY,AL,2,1,0,2.2,0,0,0,0,0,,,,0,0,0.00,1.69,0.00,1.60,,,,,,,/1,,betande01
1264,John Gaub,26,CHC,NL,4,0,0,2.2,1,1,0,0,0,1.000,,,0,0,3.38,1.69,0.25,1.80,,,,,,,/1,,gaubjo01
1265,Joe Savery,25,PHI,NL,4,0,0,2.2,1,0,1,0,0,1.000,,,0,0,3.38,1.69,0.25,1.80,,,,,,,/1,,saverjo01
1266,Chad Beck,26,TOR,AL,3,0,0,2.1,0,0,0,0,0,,,,0,0,0.00,1.54,0.00,1.60,,,,,,,/1,,beckch01
1267,Andrew Brackman,25,NYY,AL,3,0,0,2.1,0,0,0,0,0,,,,0,0,0.00,1.54,0.00,1.60,,,,,,,/1,,brackan01
1268,Kris Medlen,25,ATL,NL,2,0,0,2.1,2,0,2,0,0,1.000,,,1,86,7.71,1.93,1.00,1.80,,,,,,,/1,,medlekr01
1269,Anthony Slama,27,MIN,AL,2,0,0,2.1,1,0,0,1,0,.000,,,0,0,0.00,1.54,0.00,1.60,,,,,,,/1,,slamaan01
1270,Danny Farquhar,24,TOR,AL,3,0,0,2.0,0,0,0,0,0,,,,0,0,0.00,1.80,0.00,1.60,,,,,,,/1,,farquda01
1271,Mike Fiers,26,MIL,NL,2,0,0,2.0,2,0,2,0,0,1.000,,,0,0,9.00,1.80,1.00,1.80,,,,,,,/1,,fiersmi01
1272,Édgar González,28,COL,NL,1,0,0,2.0,1,0,1,0,0,1.000,,,0,0,4.50,1.80,1.00,1.80,,,,,,,/1,,gonzaed01
1273,Kelvin Herrera,21,KCR,AL,2,0,0,2.0,2,0,2,0,0,1.000,,,0,0,9.00,1.80,1.00,1.60,,,,,,,/1,,herreke01
1274,Mark Worrell,28,BAL,AL,4,0,0,2.0,0,0,0,0,0,,,,0,0,0.00,1.80,0.00,1.60,,,,,,,/1,,worrema01
1275,Xavier Cedeño,24,HOU,NL,3,0,0,1.2,0,0,0,0,0,,,,0,0,0.00,1.62,0.00,1.80,,,,,,,/1,,cedenxa01
1276,Scott Kazmir,27,LAA,AL,1,1,0,1.2,1,0,1,0,0,1.000,,,1,120,5.40,1.62,1.00,1.60,,,,,,,/1,,kazmisc01
1277,Dennys Reyes,34,BOS,AL,4,0,0,1.2,1,0,1,0,0,1.000,,,0,0,5.40,1.62,0.25,1.60,,,,,,,/1,,reyesde01
1278,Robbie Weinhardt,25,DET,AL,2,0,0,1.2,0,0,0,0,0,,,,0,0,0.00,1.62,0.00,1.60,,,,,,,/1,,weinhro01
1279,Kevin Whelan,27,NYY,AL,2,0,0,1.2,1,1,0,0,0,1.000,,,0,0,5.40,1.62,0.50,1.60,,,,,,,/1,,whelake01
1280,Rafael Dolis,23,CHC,NL,1,0,0,1.1,1,1,0,0,0,1.000,,,0,0,6.75,2.03,1.00,1.80,,,,,,,/1,,dolisra01
1281,Mike Ekstrom,27,TBR,AL,1,0,0,1.0,0,0,0,0,0,,,,0,0,0.00,1.80,0.00,1.60,,,,,,,/1,,ekstrmi01
1282,Steve Garrison,24,NYY,AL,1,0,0,0.2,0,0,0,0,0,,,,0,0,0.00,1.35,0.00,1.60,,,,,,,/1,,garrist01
1283,Scott Richmond,31,TOR,AL,1,0,0,0.1,0,0,0,0,0,,,,0,0,0.00,2.70,0.00,1.60,,,,,,,/1,,richmsc01
1284,Jim Thome,40,CLE,AL,0,0,,0.0,0,0,0,0,0,,0,,0,,,,0.00,2.60,,,,,,,D/H,,thomeji01
,MLB Average,,,,,,,,,,,,,.983,,0,,0,4.13,,2.87,,,,,,27.8,,,,-9999