Rk,Player,Age,Team,Lg,G,GS,CG,Inn,Ch,PO,A,E,DP,Fld%,Rtot,Rtot/yr,Rdrs,Rdrs/yr,RF/9,lgRF9,RF/G,lgRFG,PB,WP,SB,CS,CS%,Pick,Pos,Awards,-9999
1,Freddy Galvis,28,SDP,NL,162,162,152,1441.0,646,229,408,9,81,.986,-1,-1,1,1,3.98,3.97,3.86,3.96,,,,,,,*6/4,,galvifr01
2,Marcus Semien,27,OAK,AL,159,158,157,1423.2,676,198,458,20,79,.970,7,6,9,8,4.15,3.84,4.13,3.80,,,,,,,*6,,semiema01
3,Freddie Freeman,28,ATL,NL,161,160,152,1415.0,1347,1268,72,7,116,.995,4,3,9,8,8.52,8.66,8.32,8.64,,,,,,,*3/H,ASMVP-4GG,freemfr01
4,Nick Markakis,34,ATL,NL,160,160,148,1409.1,324,313,9,2,0,.994,10,9,3,3,2.06,2.08,2.01,2.08,,,,,,,*9/7D,ASMVP-18GGSS,markani01
5,Manny Machado,25,2TM,2LG,162,161,143,1404.1,617,207,397,13,75,.979,-5,-4,-4,-3,3.87,3.74,3.71,3.72,,,,,,,*65,AS,machama01
5,Manny Machado,25,BAL,AL,96,96,87,837.0,396,141,247,8,54,.980,-12,-18,-10,-14,4.17,3.84,4.04,3.80,,,,,,,6,,machama01
5,Manny Machado,25,LAD,NL,66,65,56,567.1,221,66,150,5,21,.977,7,15,6,13,3.43,3.59,3.22,3.60,,,,,,,65,,machama01
6,Alex Bregman,24,HOU,AL,157,157,142,1404.0,428,107,305,16,34,.963,-4,-4,2,2,2.64,2.84,2.47,2.83,,,,,,,*56/47,ASMVP-5,bregmal01
7,Matt Olson,24,OAK,AL,162,152,147,1403.1,1494,1403,84,7,115,.995,11,10,11,9,9.54,8.51,9.18,8.43,,,,,,,*3/H,GG,olsonma02
8,Trea Turner,25,WSN,NL,159,158,153,1401.0,615,204,399,12,70,.980,-5,-4,10,9,3.87,3.96,3.79,3.95,,,,,,,*6/H,,turnetr01
9,Carlos Santana,32,PHI,NL,159,157,142,1394.0,1292,1176,105,11,117,.991,7,6,6,5,8.27,8.13,7.63,7.94,,,,,,,*35/H,,santaca01
10,Francisco Lindor,24,CLE,AL,157,157,145,1386.1,586,189,383,14,82,.976,2,1,8,7,3.71,3.84,3.64,3.80,,,,,,,*6/D,ASMVP-6SS,lindofr01
11,Eric Hosmer,28,SDP,NL,157,155,147,1378.0,1341,1231,106,4,113,.997,-1,-1,4,3,8.73,8.66,8.52,8.64,,,,,,,*3/H,,hosmeer01
12,Mitch Haniger,27,SEA,AL,156,156,123,1376.2,358,338,12,8,1,.978,1,1,9,8,2.29,2.20,2.24,2.18,,,,,,,*98/7D,ASMVP-11,hanigmi01
13,Trevor Story,25,COL,NL,156,156,147,1372.2,626,197,416,13,92,.979,3,3,8,7,4.02,3.96,3.93,3.95,,,,,,,*6/H,ASMVP-8SS,storytr01
14,Paul Goldschmidt,30,ARI,NL,155,154,143,1365.2,1439,1323,110,6,131,.996,7,6,8,7,9.44,8.66,9.25,8.64,,,,,,,*3/DH,ASMVP-6SS,goldspa01
15,Ozzie Albies,21,ATL,NL,157,151,149,1361.2,647,248,389,10,94,.985,6,5,13,11,4.21,4.31,4.06,4.29,,,,,,,*4/H,AS,albieoz01
16,Brian Anderson,25,MIA,NL,153,153,138,1358.0,313,209,95,9,8,.971,-11,-10,0,0,2.01,2.26,1.88,2.26,,,,,,,95/H,ROY-4,anderbr06
17,José Ramírez,25,CLE,AL,153,153,144,1352.1,370,118,238,14,26,.962,1,1,0,0,2.37,2.80,2.33,2.76,,,,,,,*54/D,ASMVP-3SS,ramirjo01
18,César Hernández,28,PHI,NL,154,153,144,1349.2,633,243,378,12,92,.981,-2,-1,-4,-4,4.14,4.31,4.03,4.29,,,,,,,*4/HD,,hernace02
19,Ender Inciarte,27,ATL,NL,155,151,141,1341.0,391,380,6,5,3,.987,8,7,16,14,2.59,2.08,2.49,2.08,,,,,,,*8/H,GG,inciaen01
20,Bryce Harper,25,WSN,NL,156,154,113,1338.0,289,285,1,3,0,.990,-14,-13,-21,-19,1.92,2.08,1.82,2.12,,,,,,,*98/H3D,AS,harpebr03
21,Kyle Seager,30,SEA,AL,154,150,145,1333.2,437,98,325,14,49,.968,4,3,0,0,2.85,2.64,2.73,2.62,,,,,,,*5/H4D,,seageky01
22,Andrew McCutchen,31,2TM,2LG,152,151,134,1333.2,289,279,8,2,1,.993,-4,-4,0,0,1.94,2.10,1.89,2.10,,,,,,,*97/DH,,mccutan01
22,Andrew McCutchen,31,SFG,NL,128,127,115,1125.2,255,245,8,2,1,.992,-2,-2,-1,-1,2.02,2.08,1.98,2.08,,,,,,,*9/HD,,mccutan01
22,Andrew McCutchen,31,NYY,AL,24,24,19,208.0,34,34,0,0,0,1.000,-2,-14,1,6,1.47,2.20,1.42,2.18,,,,,,,97/D,,mccutan01
23,José Peraza,24,CIN,NL,156,152,138,1331.0,587,162,403,22,85,.963,-12,-11,-3,-3,3.82,3.96,3.60,3.94,,,,,,,*6/H9,,perazjo01
24,Tim Anderson,25,CHW,AL,151,151,144,1329.1,600,188,392,20,72,.967,1,1,14,13,3.93,3.84,3.84,3.80,,,,,,,*6/HD,,anderti01
25,Yolmer Sánchez,26,CHW,AL,151,149,146,1328.2,440,151,275,14,36,.968,2,2,3,3,2.89,2.74,2.77,2.73,,,,,,,*5/4H6D,,sanchca01
26,Nolan Arenado,27,COL,NL,152,152,140,1328.1,430,104,312,14,44,.967,16,15,12,11,2.82,2.49,2.74,2.49,,,,,,,*5/DH,ASMVP-3GGSS,arenano01
27,Anthony Rizzo,28,CHC,NL,153,148,133,1327.0,1287,1133,147,7,128,.995,12,11,6,5,8.68,8.66,8.26,8.57,,,,,,,*3/H14,MVP-17GG,rizzoan01
28,Charlie Blackmon,31,COL,NL,151,151,138,1322.1,297,293,3,1,1,.997,-13,-12,-26,-24,2.01,2.08,1.96,2.08,,,,,,,*8/HD,AS,blackch02
29,Stephen Piscotty,27,OAK,AL,151,148,138,1314.2,281,273,5,3,1,.989,-5,-4,-5,-5,1.90,2.20,1.84,2.18,,,,,,,*9/H,,piscost01
30,Starlin Castro,28,MIA,NL,150,149,137,1314.0,632,271,349,12,77,.981,-1,-1,-9,-8,4.25,4.31,4.13,4.29,,,,,,,*4/H,,castrst01
31,Javier Báez,25,CHC,NL,156,145,100,1305.1,654,242,395,17,96,.974,-2,-2,14,13,4.39,3.99,3.32,3.99,,,,,,,465/H3,ASMVP-2SS,baezja01
32,Ian Desmond,32,COL,NL,150,147,128,1305.1,1232,1140,86,6,113,.995,4,4,0,0,8.45,7.93,7.61,7.74,,,,,,,*37H/68D,,desmoia01
33,Jed Lowrie,34,OAK,AL,150,147,130,1302.1,566,204,358,4,74,.993,8,7,-10,-9,3.88,3.98,3.75,3.94,,,,,,,*45/HD,ASMVP-20,lowrije01
34,Eduardo Escobar,29,2TM,2LG,151,145,134,1297.0,376,100,270,6,29,.984,-3,-3,-5,-5,2.57,2.77,2.42,2.74,,,,,,,*56/H4,,escobed01
34,Eduardo Escobar,29,MIN,AL,97,94,88,839.1,257,77,176,4,23,.984,-4,-5,-5,-7,2.71,2.92,2.56,2.88,,,,,,,56/H4,,escobed01
34,Eduardo Escobar,29,ARI,NL,54,51,46,457.2,119,23,94,2,6,.983,1,1,0,0,2.30,2.49,2.17,2.49,,,,,,,5/H,,escobed01
35,Whit Merrifield,29,KCR,AL,147,147,140,1294.1,607,311,289,7,75,.988,-2,-2,0,0,4.17,3.80,3.95,3.74,,,,,,,48D/937H,MVP-17,merriwh01
36,Yoán Moncada,23,CHW,AL,149,148,143,1294.1,569,213,335,21,80,.963,-16,-15,-11,-10,3.81,4.12,3.68,4.08,,,,,,,*4/H,,moncayo01
37,Cody Bellinger,22,LAD,NL,161,135,104,1292.2,876,852,20,4,58,.995,6,6,12,11,6.07,6.08,4.57,5.86,,,,,,,*38H/97,,bellico01
38,Marcell Ozuna,27,STL,NL,147,146,132,1283.1,274,264,6,4,4,.985,7,7,4,4,1.89,2.08,1.84,2.08,,,,,,,*7/H,,ozunama01
39,Rhys Hoskins,25,PHI,NL,146,145,129,1279.0,362,340,16,6,9,.983,-14,-13,-19,-18,2.51,2.63,2.34,2.81,,,,,,,*73/DH,,hoskirh01
40,Max Kepler,25,MIN,AL,150,142,116,1276.1,335,327,7,1,2,.997,16,15,16,15,2.36,2.20,2.21,2.22,,,,,,,*98H/D3,,keplema01
41,Matt Chapman,25,OAK,AL,145,144,135,1273.2,484,133,331,20,37,.959,18,17,22,21,3.28,2.64,3.20,2.61,,,,,,,*5,MVP-7GG,chapmma01
42,Amed Rosario,22,NYM,NL,146,141,134,1271.2,508,160,332,16,58,.969,-6,-6,-8,-8,3.48,3.96,3.37,3.95,,,,,,,*6/H,,rosaram01
43,Michael Conforto,25,NYM,NL,144,140,129,1271.1,301,293,5,3,0,.990,-4,-4,-4,-4,2.11,2.08,2.07,2.08,,,,,,,*789H/D,,confomi01
44,Christian Yelich,26,MIL,NL,145,143,97,1269.0,273,266,4,3,1,.989,7,7,2,2,1.91,2.08,1.86,2.08,,,,,,,*798/H,ASMVP-1SS,yelicch01
45,Andrew Benintendi,23,BOS,AL,144,142,125,1268.1,257,241,12,4,2,.984,10,9,6,6,1.80,2.20,1.76,2.18,,,,,,,*78/H,,beninan01
46,Matt Carpenter,32,STL,NL,150,147,89,1263.0,841,628,197,16,79,.981,-7,-6,2,2,5.88,5.60,4.53,5.81,,,,,,,354/HD,MVP-9,carpema01
47,Jean Segura,28,SEA,AL,144,144,133,1260.2,545,141,387,17,68,.969,11,10,-3,-3,3.77,3.84,3.67,3.80,,,,,,,*6,AS,segurje01
48,Brandon Crawford,31,SFG,NL,146,141,132,1259.0,643,192,435,16,105,.975,2,2,-4,-4,4.48,3.96,4.29,3.95,,,,,,,*6/H,AS,crawfbr01
49,Andrelton Simmons,28,LAA,AL,145,145,134,1254.2,610,228,372,10,114,.984,3,3,15,14,4.30,3.84,4.14,3.80,,,,,,,*6/D,MVP-15GG,simmoan01
50,Brian Dozier,31,2TM,2LG,148,141,125,1253.0,572,218,342,12,79,.979,-3,-3,-5,-5,4.02,4.17,3.78,4.14,,,,,,,*4/H,,doziebr01
50,Brian Dozier,31,MIN,AL,103,101,98,906.1,418,150,260,8,60,.981,-3,-5,-7,-9,4.07,4.12,3.98,4.08,,,,,,,4/H,,doziebr01
50,Brian Dozier,31,LAD,NL,45,40,27,346.2,154,68,82,4,19,.974,0,1,2,7,3.89,4.31,3.33,4.29,,,,,,,4/H,,doziebr01
51,Nick Ahmed,28,ARI,NL,148,135,133,1239.2,606,165,432,9,98,.985,22,21,25,24,4.33,3.96,4.03,3.95,,,,,,,*6/H,GG,ahmedni01
52,Billy Hamilton,27,CIN,NL,150,138,130,1238.1,362,348,12,2,1,.994,9,9,7,7,2.62,2.08,2.40,2.08,,,,,,,*8/H9,,hamilbi02
53,Jackie Bradley Jr.,28,BOS,AL,143,137,128,1235.2,341,326,9,6,3,.982,23,22,4,4,2.44,2.20,2.34,2.18,,,,,,,*89/HD,GG,bradlja02
54,Jason Kipnis,31,CLE,AL,145,143,118,1235.2,508,191,308,9,68,.982,-7,-6,-11,-11,3.63,3.96,3.44,3.90,,,,,,,*48/HD,,kipnija01
55,Nick Castellanos,26,DET,AL,142,142,138,1234.1,300,287,10,3,0,.990,-8,-8,-18,-17,2.17,2.20,2.09,2.18,,,,,,,*9D/H,,casteni01
56,David Peralta,30,ARI,NL,140,137,129,1230.0,230,225,1,4,0,.983,1,1,1,1,1.65,2.08,1.61,2.08,,,,,,,*7/H9,SS,peralda01
57,Eugenio Suárez,26,CIN,NL,143,141,130,1229.0,368,96,253,19,23,.948,0,0,-2,-2,2.56,2.50,2.39,2.52,,,,,,,*5/6H,ASMVP-18,suareeu01
58,Odúbel Herrera,26,PHI,NL,145,140,123,1222.1,310,305,2,3,1,.990,-9,-8,-8,-8,2.26,2.08,2.12,2.08,,,,,,,*8/97H,,herreod01
59,Alcides Escobar,31,KCR,AL,140,139,128,1215.0,486,171,302,13,56,.973,-22,-21,-27,-27,3.50,3.54,3.33,3.49,,,,,,,65/84,,escobal02
60,Jeimer Candelario,24,DET,AL,140,139,135,1212.0,367,116,241,10,26,.973,-5,-5,-8,-8,2.65,2.64,2.55,2.61,,,,,,,*5/H,,candeje01
61,Ketel Marte,24,ARI,NL,146,132,114,1212.0,596,211,377,8,98,.987,17,16,12,12,4.37,4.25,3.70,4.23,,,,,,,*46H,,marteke01
62,Scooter Gennett,28,CIN,NL,142,140,121,1210.0,665,280,374,11,101,.983,-17,-16,-12,-12,4.86,4.31,4.61,4.29,,,,,,,*4/HD,AS,gennesc01
63,Jurickson Profar,25,TEX,AL,142,136,120,1208.1,607,315,267,25,74,.959,-10,-10,-18,-18,4.33,4.12,3.78,4.14,,,,,,,6534/H7D,,profaju01
64,Justin Upton,30,LAA,AL,140,140,120,1200.1,305,294,7,4,1,.987,9,9,0,0,2.26,2.20,2.15,2.18,,,,,,,*7/DH,,uptonju01
65,Starling Marte,29,PIT,NL,139,136,130,1196.1,352,338,11,3,3,.991,15,15,3,3,2.63,2.08,2.51,2.08,,,,,,,*8/H,,martest01
66,Adam Jones,32,BAL,AL,139,138,118,1192.1,318,309,5,4,2,.987,-15,-15,-18,-18,2.37,2.20,2.26,2.18,,,,,,,*89/D7,,jonesad01
67,Travis Shaw,28,MIL,NL,146,138,101,1189.1,414,164,239,11,34,.973,11,11,12,12,3.05,3.17,2.47,3.56,,,,,,,543/H,,shawtr01
68,Alex Gordon,34,KCR,AL,136,134,130,1186.1,292,281,9,2,1,.993,8,8,11,11,2.20,2.20,2.13,2.18,,,,,,,*78/D9,GG,gordoal01
69,Marwin González,29,HOU,AL,140,136,93,1186.0,429,292,128,9,39,.979,3,3,6,6,3.19,3.81,2.46,3.79,,,,,,,7643/H589D,,gonzama01
70,Anthony Rendon,28,WSN,NL,136,135,125,1186.0,316,88,222,6,23,.981,8,8,4,4,2.35,2.49,2.28,2.49,,,,,,,*5,MVP-11,rendoan01
71,Brett Gardner,34,NYY,AL,136,130,122,1185.0,274,265,6,3,2,.989,-3,-3,12,12,2.06,2.20,1.99,2.18,,,,,,,*78/H,,gardnbr01
72,Xander Bogaerts,25,BOS,AL,136,134,122,1183.1,509,163,336,10,65,.980,-4,-4,-8,-8,3.80,3.84,3.67,3.80,,,,,,,*6/H,MVP-13,bogaexa01
73,Josh Bell,25,PIT,NL,137,135,129,1181.1,1110,1021,83,6,90,.995,-7,-7,-8,-8,8.41,8.66,8.06,8.64,,,,,,,*3H/D,,belljo02
74,Joey Votto,34,CIN,NL,139,137,114,1181.0,1194,1047,142,5,101,.996,5,5,9,9,9.06,8.66,8.55,8.64,,,,,,,*3/HD,AS,vottojo01
75,Lorenzo Cain,32,MIL,NL,138,137,118,1180.0,321,304,11,6,3,.981,-3,-3,20,20,2.40,2.08,2.28,2.08,,,,,,,*8/H,ASMVP-7,cainlo01
76,Chris Taylor,27,LAD,NL,142,128,101,1179.2,429,208,209,12,32,.972,4,4,8,8,3.18,3.24,2.67,3.22,,,,,,,687H4,,tayloch03
77,Dee Strange-Gordon,30,SEA,AL,136,133,120,1176.2,546,309,222,15,66,.973,-1,-1,-3,-3,4.06,3.39,3.74,3.35,,,,,,,48/6HD,,gordode01
78,Kevin Pillar,29,TOR,AL,142,132,127,1172.1,365,352,7,6,2,.984,12,12,-2,-2,2.76,2.20,2.53,2.18,,,,,,,*8/H,,pillake01
79,Miguel Andujar,23,NYY,AL,136,132,117,1169.1,286,93,178,15,6,.948,-29,-30,-22,-23,2.09,2.64,1.99,2.61,,,,,,,*5D/H,ROY-2,andujmi01
80,Yonder Alonso,31,CLE,AL,138,131,118,1168.1,1044,980,54,10,89,.990,-2,-2,4,4,7.97,8.51,7.49,8.43,,,,,,,*3/HD,,alonsyo01
81,Dansby Swanson,24,ATL,NL,136,132,125,1165.2,525,165,350,10,77,.981,6,6,10,10,3.98,3.96,3.79,3.95,,,,,,,*6/H,,swansda01
82,Joey Gallo,24,TEX,AL,137,132,112,1163.0,468,442,23,3,30,.994,0,0,3,3,3.60,3.71,3.25,3.71,,,,,,,7398H/D,,gallojo01
83,Didi Gregorius,28,NYY,AL,132,130,121,1149.1,475,160,309,6,54,.987,4,4,4,4,3.67,3.84,3.55,3.80,,,,,,,*6/H,MVP-20,gregodi01
84,Kole Calhoun,30,LAA,AL,136,129,116,1148.0,243,231,8,4,4,.984,9,9,1,1,1.87,2.20,1.76,2.18,,,,,,,*9/H8,,calhoko01
85,Ryon Healy,26,SEA,AL,131,128,115,1142.0,1080,1007,65,8,114,.993,-10,-11,-8,-8,8.45,8.49,8.06,8.34,,,,,,,*3/H5,,healyry01
86,Aaron Hicks,28,NYY,AL,131,129,124,1138.1,272,268,2,2,0,.993,-13,-14,-7,-7,2.13,2.20,2.06,2.18,,,,,,,*8/HD,MVP-22,hicksaa01
87,Jose Altuve,28,HOU,AL,130,130,118,1136.2,428,159,262,7,63,.984,5,5,2,2,3.33,4.12,3.24,4.08,,,,,,,*4/DH,ASMVP-13SS,altuvjo01
88,Michael Brantley,31,CLE,AL,134,134,105,1136.1,228,221,6,1,2,.996,3,3,-1,-1,1.80,2.20,1.69,2.18,,,,,,,*7/DH,AS,brantmi02
89,Mallex Smith,25,TBR,AL,138,127,103,1134.2,264,255,3,6,1,.977,3,4,2,2,2.05,2.20,1.87,2.18,,,,,,,*897/HD,,smithma05
90,Trey Mancini,26,BAL,AL,136,134,96,1134.1,555,516,35,4,35,.993,-7,-7,-5,-5,4.37,4.22,3.80,4.21,,,,,,,73D/H,,mancitr01
91,Mike Moustakas,29,2TM,2LG,132,129,122,1131.1,390,114,264,12,40,.969,-1,-1,0,0,3.01,2.76,2.86,2.74,,,,,,,*5D/H3,,moustmi01
91,Mike Moustakas,29,KCR,AL,80,79,77,690.2,263,82,174,7,29,.973,2,4,0,0,3.34,2.94,3.20,2.90,,,,,,,5D/3H,,moustmi01
91,Mike Moustakas,29,MIL,NL,52,50,45,440.2,127,32,90,5,11,.961,-3,-9,0,0,2.49,2.49,2.35,2.49,,,,,,,5/H,,moustmi01
92,Justin Smoak,31,TOR,AL,134,127,121,1127.1,1076,1036,39,1,98,.999,-4,-5,1,1,8.58,8.51,8.02,8.43,,,,,,,*3D/H,,smoakju01
93,Willson Contreras,26,CHC,NL,134,123,113,1124.2,1101,1018,71,12,9,.989,10,11,3,3,8.71,9.09,7.83,8.88,9,34,52,27,34.2,8,*2H/73,AS,contrwi01
94,Asdrúbal Cabrera,32,2TM,NL,132,128,97,1119.1,477,187,284,6,76,.987,-8,-8,-14,-15,3.79,4.05,3.25,3.94,,,,,,,465H/D,,cabreas01
94,Asdrúbal Cabrera,32,NYM,NL,90,90,77,785.0,356,153,198,5,56,.986,-7,-11,-8,-12,4.02,4.31,3.90,4.29,,,,,,,4/HD,,cabreas01
94,Asdrúbal Cabrera,32,PHI,NL,42,38,20,334.1,121,34,86,1,20,.992,-1,-2,-6,-22,3.23,3.44,2.18,3.38,,,,,,,65/HD4,,cabreas01
95,Mookie Betts,25,BOS,AL,131,128,112,1118.0,280,272,7,1,0,.996,18,19,19,20,2.25,2.21,2.11,2.19,,,,,,,*98/HD4,ASMVP-1GGSS,bettsmo01
96,Adam Engel,26,CHW,AL,140,124,116,1118.0,367,355,5,7,1,.981,3,3,7,8,2.90,2.20,2.57,2.18,,,,,,,*8/HD,,engelad01
97,DJ LeMahieu,29,COL,NL,128,127,119,1115.0,591,209,378,4,90,.993,23,25,18,19,4.74,4.31,4.59,4.29,,,,,,,*4/H,GG,lemahdj01
98,Yuli Gurriel,34,HOU,AL,129,124,101,1113.1,895,790,100,5,73,.994,3,3,3,3,7.19,7.39,6.05,7.09,,,,,,,*354/DH6,,gourryu01
99,Miguel Rojas,29,MIA,NL,139,125,69,1113.0,548,255,289,4,58,.993,4,4,7,8,4.40,4.03,2.99,4.92,,,,,,,635H4,,rojasmi02
100,Manuel Margot,23,SDP,NL,136,123,113,1111.0,291,286,2,3,0,.990,8,8,7,8,2.33,2.08,2.12,2.08,,,,,,,*8/H,,margoma01
101,George Springer,28,HOU,AL,128,127,85,1108.0,261,252,8,1,2,.996,12,13,-2,-2,2.11,2.20,2.03,2.18,,,,,,,*89D/H7,AS,springe01
102,Joey Wendle,28,TBR,AL,137,122,99,1107.0,478,185,286,7,68,.985,9,10,9,10,3.83,3.70,3.18,3.64,,,,,,,457H6/9,ROY-4,wendljo01
103,Tommy Pham,30,2TM,2LG,128,126,113,1106.2,275,266,4,5,0,.982,-2,-2,-2,-2,2.20,2.12,2.11,2.11,,,,,,,*87/HD,,phamth01
103,Tommy Pham,30,STL,NL,91,89,84,786.0,210,203,2,5,0,.976,-5,-8,-6,-9,2.35,2.08,2.25,2.08,,,,,,,8/H,,phamth01
103,Tommy Pham,30,TBR,AL,37,37,29,320.2,65,63,2,0,0,1.000,4,13,4,15,1.82,2.20,1.76,2.18,,,,,,,7/8D,,phamth01
104,Johan Camargo,24,ATL,NL,130,122,112,1096.1,314,90,211,13,30,.959,3,4,5,5,2.47,2.71,2.23,2.73,,,,,,,*56/H4,,camarjo01
105,Ian Kinsler,36,2TM,AL,128,124,118,1091.1,532,213,310,9,89,.983,6,6,7,8,4.31,4.12,4.09,4.08,,,,,,,*4/H,GG,kinslia01
105,Ian Kinsler,36,LAA,AL,91,89,87,793.0,404,154,243,7,73,.983,7,11,8,12,4.51,4.12,4.36,4.08,,,,,,,4/H,,kinslia01
105,Ian Kinsler,36,BOS,AL,37,35,31,298.1,128,59,67,2,16,.984,-2,-6,-1,-4,3.80,4.12,3.41,4.08,,,,,,,4/H,,kinslia01
106,Rougned Odor,24,TEX,AL,127,123,121,1084.2,563,218,336,9,96,.984,12,14,8,9,4.60,4.12,4.36,4.08,,,,,,,*4/DH,,odorro01
107,Eddie Rosario,26,MIN,AL,127,121,108,1083.2,254,234,11,9,0,.965,-11,-13,11,12,2.03,2.20,1.91,2.18,,,,,,,*7D/98H5,,rosared01
108,Mike Trout,26,LAA,AL,125,124,110,1076.2,278,271,7,0,4,1.000,4,4,6,7,2.32,2.20,2.22,2.18,,,,,,,*8D/H,ASMVP-2SS,troutmi01
109,Gregory Polanco,26,PIT,NL,124,122,113,1071.2,239,229,8,2,1,.992,4,5,-2,-2,1.99,2.08,1.91,2.08,,,,,,,*9/H,,polangr01
110,Gleyber Torres,21,NYY,AL,123,119,108,1067.2,474,185,272,17,48,.964,-3,-3,2,2,3.85,4.08,3.52,4.03,,,,,,,*46/H,ASROY-3,torregl01
111,Jonathan Lucroy,32,OAK,AL,125,119,105,1066.1,950,857,83,10,3,.989,-5,-6,-12,-14,7.93,9.07,7.52,8.98,10,63,72,31,30.1,0,*2/HD,,lucrojo01
112,Jesús Aguilar,28,MIL,NL,133,121,94,1065.1,988,895,89,4,92,.996,5,6,7,8,8.31,8.58,7.18,8.42,,,,,,,*3H/5D,ASMVP-16,aguilje01
113,Matt Duffy,27,TBR,AL,125,121,114,1063.1,353,87,253,13,24,.963,5,6,3,3,2.88,2.64,2.70,2.62,,,,,,,*5/DH6,,duffyma01
114,Aledmys Díaz,27,TOR,AL,128,120,105,1061.2,425,142,274,9,59,.979,-4,-4,-2,-2,3.53,3.54,3.13,3.46,,,,,,,65/HD,,diazal02
115,Corey Dickerson,29,PIT,NL,124,122,110,1057.1,263,255,7,1,5,.996,16,18,16,18,2.23,2.08,2.11,2.08,,,,,,,*7H/D,GG,dickeco01
116,Jose Iglesias,28,DET,AL,122,120,116,1055.1,472,148,316,8,63,.983,9,10,0,0,3.96,3.84,3.80,3.80,,,,,,,*6/HD,,iglesjo01
117,Josh Reddick,31,HOU,AL,128,119,83,1053.1,218,209,9,0,2,1.000,-4,-4,8,9,1.86,2.20,1.70,2.18,,,,,,,*97H/D,,reddijo01
118,Evan Longoria,32,SFG,NL,123,120,110,1051.0,300,72,213,15,25,.950,-1,-1,3,3,2.44,2.49,2.32,2.49,,,,,,,*5/H,,longoev01
119,Yasmani Grandal,29,LAD,NL,137,111,102,1049.1,1179,1123,48,8,7,.993,3,4,11,13,10.04,9.16,8.55,9.13,9,31,52,20,27.8,0,*2H/3,,grandya01
120,Tucker Barnhart,27,CIN,NL,128,119,110,1046.0,990,931,56,3,8,.997,4,4,-8,-9,8.49,9.14,7.65,9.10,4,20,54,17,23.9,0,*2H3,,barnhtu01
121,Brandon Nimmo,25,NYM,NL,126,115,98,1040.2,254,249,4,1,2,.996,1,2,-2,-2,2.19,2.08,2.01,2.08,,,,,,,*987H,,nimmobr01
122,Scott Kingery,24,PHI,NL,135,116,95,1037.0,400,117,270,13,49,.968,-6,-6,-2,-2,3.36,3.77,2.74,3.75,,,,,,,*6H5/47918,,kingesc01
123,Yadier Molina,35,STL,NL,121,120,95,1029.2,1022,975,44,3,11,.997,6,7,-4,-5,8.91,9.16,8.09,9.12,4,39,27,12,30.8,2,*2/3H,ASGG,molinya01
124,Niko Goodrum,26,DET,AL,127,117,97,1029.1,514,305,193,16,44,.969,-4,-5,-11,-13,4.35,4.66,3.51,4.83,,,,,,,43675H/9D,,goodrni01
125,J.T. Realmuto,27,MIA,NL,119,119,103,1029.0,961,903,51,7,14,.993,8,9,-2,-2,8.34,9.13,7.63,9.09,8,34,34,21,38.2,3,*23/HD,ASSS,realmjt01
126,Jon Jay,33,2TM,2LG,118,113,106,1025.2,254,248,6,0,1,1.000,4,4,4,5,2.23,2.13,2.15,2.12,,,,,,,*978H/D,,jayjo02
126,Jon Jay,33,KCR,AL,51,51,50,457.0,131,129,2,0,0,1.000,8,20,0,0,2.58,2.20,2.57,2.18,,,,,,,78/9DH,,jayjo02
126,Jon Jay,33,ARI,NL,67,62,56,568.2,123,119,4,0,1,1.000,-4,-9,4,8,1.95,2.08,1.84,2.08,,,,,,,9H78,,jayjo02
127,Rafael Devers,21,BOS,AL,116,113,107,1016.2,326,57,245,24,14,.926,-16,-18,-9,-11,2.67,2.64,2.60,2.61,,,,,,,*5/HD,,deverra01
128,Jonathan Villar,27,2TM,2LG,128,118,97,1016.0,461,184,266,11,57,.976,0,0,9,11,3.99,4.18,3.52,4.16,,,,,,,*46H,,villajo01
128,Jonathan Villar,27,MIL,NL,74,64,46,553.2,235,100,129,6,29,.974,-3,-6,6,13,3.72,4.31,3.09,4.29,,,,,,,4H,,villajo01
128,Jonathan Villar,27,BAL,AL,54,54,51,462.1,226,84,137,5,28,.978,3,8,3,8,4.30,4.02,4.09,3.99,,,,,,,46,,villajo01
129,Jonathan Schoop,26,2TM,2LG,124,113,96,1015.2,561,199,346,16,91,.971,3,4,12,14,4.83,4.14,4.10,4.11,,,,,,,*46H,,schoojo01
129,Jonathan Schoop,26,BAL,AL,85,84,81,755.0,417,148,261,8,70,.981,1,2,12,19,4.88,4.12,4.70,4.07,,,,,,,4/6,,schoojo01
129,Jonathan Schoop,26,MIL,NL,39,29,15,260.2,144,51,85,8,21,.944,2,10,0,0,4.70,4.22,2.96,4.18,,,,,,,46H,,schoojo01
130,José Martínez,29,STL,NL,127,126,67,1010.2,710,669,34,7,58,.990,-6,-7,-9,-11,6.26,6.48,5.41,6.32,,,,,,,39H/D,,martijo08
131,JaCoby Jones,26,DET,AL,120,117,111,1010.1,293,284,8,1,2,.997,15,17,20,24,2.60,2.20,2.43,2.18,,,,,,,*87H/D,,jonesja07
132,Chris Davis,32,BAL,AL,116,115,111,1010.0,985,913,67,5,98,.995,-5,-6,-8,-10,8.73,8.51,8.45,8.43,,,,,,,*3D/H,,davisch02
133,Paul DeJong,24,STL,NL,114,111,110,1005.1,454,153,289,12,64,.974,1,1,6,7,3.96,3.96,3.88,3.95,,,,,,,*6/H,,dejonpa01
134,Jason Heyward,28,CHC,NL,126,111,85,1005.1,255,245,7,3,1,.988,12,14,10,12,2.26,2.08,2.00,2.08,,,,,,,*98/H,,heywaja01
135,Carlos González,32,COL,NL,117,113,105,1004.1,221,213,6,2,1,.991,7,9,-3,-4,1.96,2.08,1.87,2.08,,,,,,,*9H/D,,gonzaca01
136,Addison Russell,24,CHC,NL,129,110,97,1003.2,488,157,314,17,66,.965,6,7,15,18,4.22,3.96,3.65,3.95,,,,,,,*6/H,,russead02
137,José Abreu,31,CHW,AL,114,114,112,999.2,984,903,73,8,81,.992,0,0,0,0,8.79,8.51,8.56,8.43,,,,,,,*3D/H,ASSS,abreujo02
138,Jordy Mercer,31,PIT,NL,117,116,104,995.2,434,151,273,10,50,.977,-4,-5,-6,-7,3.83,3.96,3.62,3.95,,,,,,,*6,,mercejo03
139,Nomar Mazara,23,TEX,AL,115,114,106,993.0,225,216,7,2,0,.991,-1,-1,-6,-7,2.02,2.20,1.94,2.18,,,,,,,*9D/7H,,mazarno01
140,Eduardo Núñez,31,BOS,AL,116,111,101,992.1,321,122,192,7,28,.978,-8,-9,-15,-18,2.85,3.58,2.64,3.52,,,,,,,45D/H,,nunezed02
141,Teoscar Hernández,25,TOR,AL,119,111,100,988.1,230,211,11,8,2,.965,-7,-8,-12,-15,2.02,2.20,1.87,2.18,,,,,,,*79H/D,,hernate01
142,James McCann,28,DET,AL,114,112,111,987.1,902,847,50,5,10,.994,3,4,-2,-2,8.18,9.07,7.87,8.98,5,37,47,27,36.5,1,*2/DH,,mccanja02
143,Juan Soto,19,WSN,NL,114,112,107,987.0,213,207,4,2,2,.991,-1,-1,-4,-5,1.92,2.08,1.85,2.08,,,,,,,*7/H,ROY-2,sotoju01
144,Wilmer Difo,26,WSN,NL,136,104,95,986.1,424,168,251,5,49,.988,5,6,1,1,3.82,4.02,2.95,4.00,,,,,,,*4H5/68,,difowi01
145,Randal Grichuk,26,TOR,AL,121,110,97,975.1,238,232,5,1,2,.996,6,8,3,4,2.19,2.20,1.96,2.18,,,,,,,*98/HD7,,grichra01
146,Ben Zobrist,37,CHC,NL,125,107,49,974.0,356,229,126,1,36,.997,11,13,9,11,3.28,3.13,2.35,3.18,,,,,,,497H/3D,,zobribe01
147,Derek Dietrich,28,MIA,NL,127,114,64,971.1,372,349,19,4,17,.989,-13,-16,-19,-23,3.41,3.80,2.71,3.74,,,,,,,73H/4D59,,dietrde01
148,Yangervis Solarte,30,TOR,AL,113,110,87,969.2,328,109,211,8,30,.976,-10,-13,-6,-7,2.97,3.10,2.62,3.21,,,,,,,54/6DH3,,solarya01
149,Martín Maldonado,31,2TM,AL,117,111,93,967.2,1079,1021,54,4,5,.996,0,0,2,2,10.00,9.07,9.19,8.98,13,53,18,17,48.6,2,*2/H,,maldoma01
149,Martín Maldonado,31,LAA,AL,77,77,70,673.0,711,674,33,4,4,.994,-1,-2,1,2,9.45,9.07,9.18,8.98,10,36,15,12,44.4,2,2/H,,maldoma01
149,Martín Maldonado,31,HOU,AL,40,34,23,294.2,368,347,21,0,1,1.000,1,4,1,4,11.24,9.07,9.20,8.98,3,17,3,5,62.5,0,2/H,,maldoma01
150,Maikel Franco,25,PHI,NL,117,111,94,965.2,296,85,196,15,20,.949,-2,-3,-11,-14,2.62,2.49,2.40,2.49,,,,,,,*5H/D,,francma02
151,Yasiel Puig,27,LAD,NL,118,107,96,964.2,189,171,10,8,4,.958,-6,-7,4,5,1.69,2.08,1.53,2.08,,,,,,,*9H,,puigya01
152,Gorkys Hernández,30,SFG,NL,126,102,87,962.1,269,260,3,6,1,.978,12,15,-2,-2,2.46,2.08,2.09,2.08,,,,,,,*87H/9D,,hernago01
153,Kiké Hernández,26,LAD,NL,135,104,47,961.0,320,226,89,5,26,.984,0,0,4,5,2.95,3.21,1.88,3.20,,,,,,,84H697/531,,hernaen02
154,Carlos Correa,23,HOU,AL,109,109,102,959.0,380,106,268,6,43,.984,15,18,10,13,3.51,3.84,3.43,3.80,,,,,,,*6/D,,correca01
155,Todd Frazier,32,NYM,NL,109,108,101,954.0,295,80,203,12,28,.959,5,6,11,14,2.67,2.49,2.60,2.49,,,,,,,*5/HD,,frazito01
156,Yan Gomes,30,CLE,AL,111,105,102,948.2,1052,994,49,9,6,.991,5,6,4,5,9.89,9.07,9.40,8.98,6,32,49,20,29.0,5,*2/HD,AS,gomesya01
157,Kyle Schwarber,25,CHC,NL,120,115,61,943.2,186,174,11,1,0,.995,9,11,6,8,1.76,2.08,1.54,2.08,,,,,,,*7H/D,,schwaky01
158,Ronald Guzmán,23,TEX,AL,117,105,98,939.2,969,909,54,6,102,.994,8,10,0,0,9.22,8.51,8.23,8.43,,,,,,,*3/H,,guzmaro01
159,Ronald Acuña Jr.,20,ATL,NL,108,107,95,936.0,192,184,3,5,0,.974,-3,-4,3,4,1.80,2.08,1.73,2.08,,,,,,,78/9HD,MVP-12ROY-1,acunaro01
160,AJ Pollock,30,ARI,NL,109,105,97,936.0,233,229,3,1,1,.996,-5,-7,2,3,2.23,2.08,2.13,2.08,,,,,,,*8/H,,polloaj01
161,Colin Moran,25,PIT,NL,116,107,90,934.2,262,64,188,10,15,.962,-24,-30,-7,-9,2.43,2.49,2.17,2.49,,,,,,,*5H/D,,moranco01
162,Ian Happ,23,CHC,NL,126,102,44,933.0,218,183,31,4,3,.982,-7,-9,-3,-4,2.06,2.24,1.53,2.26,,,,,,,*87H95/341,,happia01
163,Mitch Moreland,32,BOS,AL,116,103,93,932.1,809,739,68,2,52,.998,7,8,9,12,7.79,8.51,6.96,8.43,,,,,,,*3H/D,AS,morelmi01
164,Denard Span,34,2TM,AL,121,104,92,925.0,210,203,3,4,1,.981,-5,-7,0,0,2.00,2.20,1.70,2.18,,,,,,,*7HD/8,,spande01
164,Denard Span,34,TBR,AL,34,29,26,263.0,61,59,2,0,1,1.000,0,1,3,14,2.09,2.20,1.79,2.18,,,,,,,7/HD,,spande01
164,Denard Span,34,SEA,AL,87,75,66,662.0,149,144,1,4,0,.973,-5,-10,-3,-5,1.97,2.20,1.67,2.18,,,,,,,7H/D8,,spande01
165,Albert Almora,24,CHC,NL,138,94,82,922.1,272,266,3,3,0,.989,12,16,12,16,2.62,2.08,1.95,2.08,,,,,,,*8H/7,,almoral01
166,Brandon Belt,30,SFG,NL,109,103,95,922.1,893,791,94,8,92,.991,12,16,10,13,8.64,8.31,7.90,8.17,,,,,,,3/7H,,beltbr01
167,Mike Zunino,27,SEA,AL,111,101,94,921.2,925,880,43,2,5,.998,3,4,11,14,9.01,9.07,8.32,8.98,10,36,34,18,34.6,1,*2/HD,,zuninmi01
168,Max Muncy,27,LAD,NL,121,101,69,919.1,615,494,108,13,42,.979,1,1,-3,-4,5.89,6.34,4.27,6.30,,,,,,,35H4/7D,MVP-15,muncyma01
169,Harrison Bader,24,STL,NL,113,97,91,915.0,268,257,8,3,1,.989,1,2,15,20,2.61,2.08,2.35,2.08,,,,,,,*89H/7,ROY-6,baderha01
170,Gerardo Parra,31,COL,NL,119,97,90,908.1,207,194,9,4,3,.981,3,4,7,9,2.01,2.08,1.71,2.08,,,,,,,*7H9,,parrage01
171,Justin Bour,30,2TM,NL,113,107,65,897.1,825,764,57,4,81,.995,-6,-8,-4,-5,8.23,8.66,7.27,8.64,,,,,,,*3H/D,,bourju01
171,Justin Bour,30,MIA,NL,103,98,62,835.1,764,707,54,3,75,.996,-1,-2,-2,-3,8.20,8.66,7.39,8.64,,,,,,,3/HD,,bourju01
171,Justin Bour,30,PHI,NL,10,9,3,62.0,61,57,3,1,6,.984,-5,-93,-2,-39,8.71,8.67,6.00,8.64,,,,,,,H3,,bourju01
172,Kolten Wong,27,STL,NL,119,98,89,896.2,480,165,306,9,73,.981,12,15,16,21,4.73,4.31,3.96,4.29,,,,,,,*4H,,wongko01
173,Robinson Chirinos,34,TEX,AL,108,102,96,893.0,753,719,31,3,4,.996,-1,-1,-9,-12,7.56,9.07,6.94,8.98,5,25,53,6,10.2,3,2/HD,,chiriro01
174,José Pirela,28,SDP,NL,111,102,70,889.2,337,165,163,9,35,.973,1,2,-5,-7,3.32,3.75,2.73,3.99,,,,,,,4H7/39D,,pireljo01
175,Lewis Brinson,24,MIA,NL,106,100,91,889.1,281,270,2,9,0,.968,-8,-11,-2,-3,2.75,2.08,2.57,2.08,,,,,,,8/H,,brinsle01
176,Kris Bryant,26,CHC,NL,100,98,78,889.0,279,105,160,14,12,.950,9,12,1,1,2.68,2.50,2.26,2.61,,,,,,,597/3H,,bryankr01
177,Mark Canha,29,OAK,AL,116,98,55,879.1,263,260,3,0,2,1.000,1,1,-4,-5,2.69,2.62,2.14,2.94,,,,,,,87H39/D,,canhama01
178,Matt Kemp,33,LAD,NL,120,114,44,873.0,161,154,5,2,1,.988,0,0,-7,-10,1.64,2.08,1.33,2.08,,,,,,,*79H/D,AS,kempma01
179,Nick Williams,24,PHI,NL,106,101,76,870.2,151,143,5,3,0,.980,-16,-21,-12,-17,1.53,2.08,1.40,2.08,,,,,,,9H7/D,,willini01
180,Jorge Alfaro,25,PHI,NL,105,98,90,870.0,958,888,59,11,6,.989,-3,-4,4,6,9.80,9.16,9.02,9.08,10,49,59,21,26.3,0,2/H5,,alfarjo01
181,Logan Forsythe,31,2TM,2LG,110,96,85,868.2,410,154,245,11,55,.973,5,6,-4,-6,4.13,4.03,3.53,4.03,,,,,,,4H5/37D,,forsylo01
181,Logan Forsythe,31,LAD,NL,61,49,41,463.2,228,80,140,8,27,.965,3,8,1,3,4.27,3.94,3.44,4.02,,,,,,,45H/3,,forsylo01
181,Logan Forsythe,31,MIN,AL,49,47,44,405.0,182,74,105,3,28,.984,2,4,-5,-15,3.98,4.12,3.65,4.04,,,,,,,4/7DH,,forsylo01
182,Buster Posey,31,SFG,NL,98,98,83,866.2,811,764,45,2,12,.998,3,3,12,17,8.40,9.11,8.01,9.08,3,19,42,17,28.8,0,23/HD,AS,poseybu01
183,Joc Pederson,26,LAD,NL,132,88,50,858.0,170,163,6,1,1,.994,-14,-20,0,0,1.77,2.08,1.28,2.08,,,,,,,*7H8/9,,pederjo01
184,Hunter Renfroe,26,SDP,NL,103,95,82,855.0,206,192,6,8,1,.961,-7,-9,5,7,2.08,2.08,1.92,2.08,,,,,,,79H/D,,renfrhu01
185,Orlando Arcia,23,MIL,NL,116,92,77,852.1,412,154,243,15,57,.964,11,15,8,11,4.19,3.96,3.42,3.95,,,,,,,*6H,,arciaor01
186,Salvador Perez,28,KCR,AL,99,98,90,852.1,785,715,70,0,13,1.000,9,13,1,1,8.29,9.06,7.93,8.96,4,41,27,25,48.1,4,2D/3H,ASGGSS,perezsa02
187,Ehire Adrianza,28,MIN,AL,106,95,81,850.2,335,126,200,9,43,.973,-8,-11,-7,-10,3.45,3.71,2.91,3.86,,,,,,,65H3/47D,,adriaeh01
188,Isiah Kiner-Falefa,23,TEX,AL,102,94,90,839.2,477,296,172,9,28,.981,6,9,4,6,5.02,5.30,4.54,5.08,4,20,17,8,32.0,1,524H/6D,,kineris01
189,Francisco Cervelli,32,PIT,NL,98,97,85,835.1,855,788,63,4,11,.995,-3,-4,-5,-7,9.17,9.15,8.60,9.12,8,50,36,23,39.0,0,2/3HD,,cervefr01
190,Elvis Andrus,29,TEX,AL,97,96,87,832.2,413,139,263,11,77,.973,2,2,3,4,4.35,3.84,4.14,3.80,,,,,,,6/H,,andruel01
191,Guillermo Heredia,27,SEA,AL,120,88,69,832.2,222,219,3,0,2,1.000,-1,-1,-4,-6,2.40,2.20,1.85,2.18,,,,,,,*87H/9D,,heredgu01
192,Devon Travis,27,TOR,AL,101,94,91,829.2,417,161,247,9,72,.978,-10,-14,-4,-6,4.43,4.12,4.04,4.08,,,,,,,4/H,,travide01
193,Delino DeShields,25,TEX,AL,102,93,88,829.1,288,275,6,7,2,.976,8,11,9,13,3.05,2.20,2.75,2.18,,,,,,,8/HD,,deshide02
194,Carlos Gómez,32,TBR,AL,103,91,82,828.0,213,201,5,7,2,.967,1,2,9,13,2.24,2.20,1.96,2.19,,,,,,,9H/D814,,gomezca01
195,Adam Duvall,29,2TM,NL,108,91,69,827.0,245,228,15,2,10,.992,15,22,17,25,2.64,2.53,2.13,2.66,,,,,,,7H3/95,,duvalad01
195,Adam Duvall,29,CIN,NL,94,82,65,741.1,226,209,15,2,10,.991,13,21,16,26,2.72,2.59,2.24,2.74,,,,,,,7H3/5,,duvalad01
195,Adam Duvall,29,ATL,NL,14,9,4,85.2,19,19,0,0,0,1.000,3,36,1,14,2.00,2.08,1.36,2.08,,,,,,,H7/9,,duvalad01
196,Ryan Braun,34,MIL,NL,106,97,60,825.1,235,223,9,3,8,.987,9,13,1,1,2.53,2.95,2.09,3.14,,,,,,,7H3/D9,,braunry02
197,Scott Schebler,27,CIN,NL,101,93,72,815.1,197,190,1,6,0,.970,-3,-5,-4,-6,2.11,2.08,1.89,2.08,,,,,,,98/H7D,,schebsc01
198,Jedd Gyorko,29,STL,NL,109,89,62,813.2,253,79,158,16,26,.937,-4,-6,-6,-9,2.62,2.86,1.91,3.04,,,,,,,5H4/361,,gyorkje01
199,Michael A. Taylor,27,WSN,NL,113,87,78,811.1,239,232,6,1,2,.996,9,13,15,22,2.64,2.08,2.09,2.14,,,,,,,*8H/3D,,taylomi02
200,Neil Walker,32,NYY,AL,102,90,65,808.2,457,335,117,5,32,.989,-5,-7,-6,-9,5.03,5.32,3.93,5.09,,,,,,,3459H/D7,,walkene01
201,Joe Panik,27,SFG,NL,95,91,83,804.0,406,163,237,6,66,.985,2,3,-3,-4,4.48,4.36,4.21,4.34,,,,,,,4H/3,,panikjo01
202,Aaron Judge,26,NYY,AL,91,89,86,797.2,183,171,9,3,2,.984,10,15,18,27,2.03,2.20,1.98,2.18,,,,,,,9D/H8,ASMVP-12,judgeaa01
203,Wilson Ramos,30,2TM,2LG,96,91,77,794.1,810,754,51,5,3,.994,3,5,-6,-9,9.12,9.09,8.39,9.02,8,32,34,14,29.2,2,2H/D,AS,ramoswi01
203,Wilson Ramos,30,TBR,AL,73,69,60,610.1,606,564,38,4,3,.993,1,2,-5,-10,8.88,9.07,8.25,8.98,6,23,25,7,21.9,1,2/DH,,ramoswi01
203,Wilson Ramos,30,PHI,NL,23,22,17,184.0,204,190,13,1,0,.995,2,13,-1,-7,9.93,9.17,8.83,9.14,2,9,9,7,43.8,1,2H,,ramoswi01
204,Cameron Maybin,31,2TM,2LG,112,82,55,792.1,217,214,1,2,1,.991,5,8,2,3,2.44,2.11,1.92,2.11,,,,,,,*78H9,,maybica01
204,Cameron Maybin,31,MIA,NL,82,58,36,576.2,157,154,1,2,1,.987,5,10,5,10,2.42,2.08,1.89,2.08,,,,,,,7H89,,maybica01
204,Cameron Maybin,31,SEA,AL,30,24,19,215.2,60,60,0,0,0,1.000,1,3,-3,-17,2.50,2.20,2.00,2.18,,,,,,,87/H,,maybica01
205,Christian Villanueva,27,SDP,NL,98,93,73,792.0,259,68,178,13,23,.950,1,1,2,3,2.80,2.66,2.34,2.76,,,,,,,5H/634,,villach01
206,Wilmer Flores,26,NYM,NL,101,88,72,786.2,662,593,63,6,54,.991,-3,-5,1,2,7.51,7.73,6.19,7.53,,,,,,,3H45/D,,florewi01
207,Russell Martin,35,TOR,AL,90,89,82,785.0,687,605,75,7,6,.990,-8,-12,6,9,7.80,7.73,7.08,7.35,3,28,58,16,21.6,0,25/67,,martiru01
208,Tim Beckham,28,BAL,AL,89,89,84,778.2,330,119,192,19,41,.942,-7,-11,-8,-12,3.59,3.31,3.38,3.29,,,,,,,65/D4,,beckhti01
209,Justin Turner,33,LAD,NL,96,90,76,777.0,266,57,199,10,12,.962,5,7,5,8,2.97,2.49,2.67,2.49,,,,,,,5/HD,MVP-14,turneju01
210,Hunter Dozier,26,KCR,AL,90,87,84,768.0,505,425,73,7,51,.986,-16,-25,-17,-27,5.84,6.03,5.53,5.90,,,,,,,35/DH9,,doziehu01
211,Jake Bauers,22,TBR,AL,89,85,75,765.0,619,584,30,5,57,.992,-2,-3,-2,-3,7.22,7.37,6.40,7.13,,,,,,,37/DH9,,bauerja01
212,Travis Jankowski,27,SDP,NL,101,78,50,759.1,189,185,2,2,0,.989,-1,-2,4,6,2.22,2.08,1.85,2.08,,,,,,,987H,,jankotr01
213,Joe Mauer,35,MIN,AL,90,85,75,754.0,697,633,61,3,56,.996,1,2,4,6,8.28,8.51,7.54,8.37,0,0,0,0,,0,3DH/9,,mauerjo01
214,Chris Iannetta,35,COL,NL,99,83,79,753.1,725,692,29,4,2,.994,-3,-5,-9,-14,8.61,9.17,7.28,9.14,4,31,48,8,14.3,0,2H/D,,iannech01
215,Kurt Suzuki,34,ATL,NL,93,83,74,749.0,782,744,33,5,5,.994,-1,-2,-7,-11,9.34,9.17,8.35,9.14,3,29,50,12,19.4,0,2H/D,,suzukku01
216,Kevin Kiermaier,28,TBR,AL,88,86,78,747.1,237,232,5,0,1,1.000,3,4,13,21,2.85,2.20,2.69,2.18,,,,,,,8/H,,kiermke01
217,Brock Holt,30,BOS,AL,98,82,65,744.1,286,152,133,1,31,.997,-8,-12,-3,-5,3.45,3.98,2.66,3.95,,,,,,,46H9/375D,,holtbr01
218,Manny Piña,31,MIL,NL,93,84,75,743.1,769,720,45,4,6,.995,9,15,5,8,9.26,9.17,8.23,9.13,2,25,29,20,40.8,1,2/H3,,pinama01
219,José Bautista,37,3TM,NL,98,81,61,741.0,187,145,38,4,9,.979,-1,-2,-2,-3,2.22,2.29,1.81,2.32,,,,,,,9H57/D34,,bautijo02
219,José Bautista,37,ATL,NL,8,8,4,61.1,15,3,11,1,2,.933,-2,-35,-2,-39,2.05,2.49,1.75,2.49,,,,,,,/5DH,,bautijo02
219,José Bautista,37,NYM,NL,70,65,52,581.2,154,127,24,3,6,.981,-1,-2,0,0,2.34,2.30,2.10,2.36,,,,,,,9H75/34D,,bautijo02
219,José Bautista,37,PHI,NL,20,8,5,98.0,18,15,3,0,1,1.000,1,16,0,0,1.65,2.09,0.86,2.12,,,,,,,9H/5,,bautijo02
220,Austin Jackson,31,2TM,NL,94,83,71,740.0,201,196,1,4,0,.980,-12,-19,-11,-18,2.40,2.08,2.10,2.08,,,,,,,8H/7,,jacksau01
220,Austin Jackson,31,SFG,NL,41,36,26,305.2,76,73,0,3,0,.961,-13,-52,-9,-35,2.15,2.08,1.78,2.08,,,,,,,8H/7,,jacksau01
220,Austin Jackson,31,NYM,NL,53,47,45,434.1,125,123,1,1,0,.992,1,3,-2,-6,2.57,2.08,2.34,2.08,,,,,,,8/H,,jacksau01
221,Josh Harrison,30,PIT,NL,88,84,74,731.1,341,126,209,6,47,.982,-8,-13,-2,-3,4.12,4.30,3.76,4.25,,,,,,,4H/5,,harrijo05
222,Adeiny Hechavarría,29,3TM,2LG,94,80,67,727.1,275,83,188,4,40,.985,4,7,0,0,3.35,3.84,2.82,3.77,,,,,,,6/5H,,hechaad01
222,Adeiny Hechavarría,29,2TM,AL,79,68,58,614.1,237,67,167,3,33,.987,4,7,1,2,3.43,3.82,2.89,3.74,,,,,,,6/5H,,hechaad01
222,Adeiny Hechavarría,29,TBR,AL,61,57,53,512.1,194,51,141,2,28,.990,4,8,1,2,3.37,3.84,3.15,3.80,,,,,,,6/H,,hechaad01
222,Adeiny Hechavarría,29,PIT,NL,15,12,9,113.0,38,16,21,1,7,.974,0,3,-1,-11,2.95,3.96,2.47,3.95,,,,,,,6/H,,hechaad01
222,Adeiny Hechavarría,29,NYY,AL,18,11,5,102.0,43,16,26,1,5,.977,0,2,0,0,3.71,3.72,2.10,3.56,,,,,,,6/5,,hechaad01
223,Avisaíl García,27,CHW,AL,87,85,73,727.0,193,189,2,2,0,.990,-4,-7,-1,-2,2.36,2.20,2.20,2.18,,,,,,,9/D,,garciav01
224,Austin Hedges,25,SDP,NL,83,80,78,725.0,793,748,34,11,3,.986,-1,-2,10,17,9.71,9.17,9.42,9.14,4,21,45,13,22.4,2,2/HD,,hedgeau01
225,Daniel Descalso,31,ARI,NL,96,84,40,724.0,320,141,170,9,37,.972,-3,-5,-9,-15,3.87,3.92,2.91,3.96,,,,,,,4H53/D71,,descada01
226,Jay Bruce,31,NYM,NL,83,82,68,719.0,283,267,13,3,14,.989,-8,-13,-6,-10,3.50,3.73,3.29,3.70,,,,,,,93/HD,,bruceja01
227,Chad Pinder,26,OAK,AL,102,77,43,711.0,224,161,57,6,5,.973,14,23,5,8,2.76,2.69,1.91,2.69,,,,,,,7H45/9863D,,pindech01
228,Willy Adames,22,TBR,AL,83,80,72,705.2,298,92,192,14,44,.953,0,1,-8,-14,3.62,3.87,3.34,3.83,,,,,,,64/H,,adamewi01
229,Daniel Robertson,24,TBR,AL,83,78,60,694.0,284,86,188,10,36,.965,8,13,1,2,3.55,3.65,2.95,3.63,,,,,,,465/H7D13,,roberda10
230,Hernán Pérez,27,MIL,NL,122,66,31,691.1,236,107,125,4,31,.983,-2,-3,9,16,3.02,3.32,1.59,3.43,,,,,,,4H9567/318D,,perezhe01
231,JT Riddle,26,MIA,NL,95,75,69,691.1,348,115,227,6,47,.983,6,11,12,21,4.45,3.96,3.60,3.95,,,,,,,6H,,riddljt01
232,Yairo Muñoz,23,STL,NL,97,72,53,690.2,286,112,156,18,44,.937,-8,-13,-9,-16,3.49,3.60,2.39,3.35,,,,,,,645H9/78,,munozya01
233,Caleb Joseph,32,BAL,AL,82,79,64,688.1,646,597,42,7,13,.989,0,-1,0,0,8.35,9.07,7.70,8.97,5,38,40,20,33.3,0,2/3,,josepca01
234,Sandy León,29,BOS,AL,87,78,61,685.2,814,776,37,1,4,.999,2,4,10,18,10.67,9.07,9.34,8.98,13,22,26,9,25.7,1,2/H,,leonsa01
235,Mitch Garver,27,MIN,AL,92,76,72,683.1,663,624,35,4,3,.994,-6,-10,-15,-26,8.68,9.05,7.16,8.87,9,33,49,11,18.3,1,2H/D31,,garvemi01
236,Wil Myers,27,SDP,NL,77,77,66,679.2,180,117,57,6,5,.967,-11,-19,4,7,2.30,2.43,2.20,2.43,,,,,,,579/H38D,,myerswi01
237,Leonys Martín,30,2TM,AL,80,77,75,679.1,249,238,9,2,1,.992,-5,-9,1,2,3.27,2.20,3.09,2.18,,,,,,,8/HD9,,martile01
237,Leonys Martín,30,DET,AL,74,73,71,638.1,239,228,9,2,1,.992,-4,-7,0,0,3.34,2.20,3.20,2.18,,,,,,,8/DH,,martile01
237,Leonys Martín,30,CLE,AL,6,4,4,41.0,10,10,0,0,0,1.000,-1,-38,1,29,2.20,2.20,1.67,2.18,,,,,,,/8H9,,martile01
238,John Hicks,28,DET,AL,80,76,75,679.0,598,544,46,8,51,.987,0,-1,-6,-11,7.82,8.66,7.38,8.58,0,10,15,5,25.0,0,32/H,,hicksjo02
239,Jake Cave,25,MIN,AL,85,77,70,676.2,166,157,5,4,1,.976,-6,-11,-4,-7,2.15,2.20,1.91,2.18,,,,,,,89H/7D,,caveja01
240,Robinson Canó,35,SEA,AL,79,77,64,665.0,353,200,151,2,54,.994,7,13,2,4,4.75,4.67,4.13,4.76,,,,,,,43/5DH,,canoro01
241,Jorge Polanco,24,MIN,AL,76,76,74,664.1,275,90,172,13,42,.953,-2,-3,-8,-14,3.55,3.84,3.45,3.80,,,,,,,6/H,,polanjo01
242,Greg Allen,25,CLE,AL,87,69,60,659.2,187,184,2,1,1,.995,2,3,-4,-7,2.54,2.20,2.14,2.18,,,,,,,89H/7D,,allengr01
243,Tony Kemp,26,HOU,AL,89,75,40,656.2,147,140,7,0,3,1.000,5,9,-4,-7,2.01,2.27,1.60,2.33,,,,,,,78H/49D,,kempto01
244,Omar Narváez,26,CHW,AL,85,72,69,653.1,625,578,40,7,3,.989,-10,-18,-15,-28,8.51,9.07,7.27,8.98,12,44,66,21,24.1,2,2/HD,,narvaom01
245,Gary Sánchez,25,NYY,AL,76,74,67,653.0,772,731,35,6,5,.992,-8,-15,5,9,10.56,9.07,10.08,8.98,18,45,28,12,30.0,1,2D/H,,sanchga02
246,Dexter Fowler,32,STL,NL,75,74,62,649.0,130,124,2,4,0,.969,-8,-15,-5,-9,1.75,2.08,1.68,2.08,,,,,,,9H,,fowlede01
247,Giancarlo Stanton,28,NYY,AL,72,72,68,648.0,118,111,6,1,0,.992,5,9,6,11,1.63,2.20,1.63,2.18,,,,,,,D97/H,MVP-19,stantmi03
248,Nick Hundley,34,SFG,NL,83,70,67,642.0,599,566,27,6,2,.990,-3,-6,-16,-30,8.31,9.17,7.14,9.14,6,25,48,13,21.3,0,2H/D,,hundlni01
249,Nicky Delmonico,25,CHW,AL,81,74,51,631.1,179,167,7,5,7,.972,1,2,-7,-13,2.48,2.72,2.10,2.71,,,,,,,7/H3D,,delmoni01
250,Cory Spangenberg,27,SDP,NL,91,64,50,626.2,230,82,142,6,26,.974,0,0,1,2,3.22,3.32,2.22,3.34,,,,,,,45H/71D6,,spangco01
251,Greg Bird,25,NYY,AL,74,69,66,625.2,542,503,37,2,37,.996,4,7,2,4,7.77,8.51,7.30,8.43,,,,,,,3/HD,,birdgr01
252,Ben Gamel,26,SEA,AL,87,69,48,624.1,142,134,5,3,1,.979,-1,-2,-4,-8,2.00,2.21,1.58,2.25,,,,,,,79H/D83,,gamelbe01
253,Robbie Grossman,28,MIN,AL,84,71,50,623.0,144,138,3,3,0,.979,-2,-4,-3,-6,2.04,2.20,1.68,2.18,,,,,,,9D7H,,grossro01
254,Alen Hanson,25,SFG,NL,83,65,50,621.1,255,115,135,5,31,.980,-2,-3,-4,-8,3.62,3.55,2.75,3.55,,,,,,,4H765/9,,hansoal01
255,Ryan Zimmerman,33,WSN,NL,73,72,64,620.1,579,538,39,2,41,.997,3,6,5,10,8.37,8.66,7.90,8.64,,,,,,,3H,,zimmery01
256,Daniel Murphy,33,2TM,NL,81,78,36,619.0,328,188,134,6,34,.982,-14,-28,-10,-19,4.68,4.90,3.79,5.01,,,,,,,43/HD,,murphda08
256,Daniel Murphy,33,WSN,NL,48,46,25,370.2,212,135,73,4,17,.981,-10,-32,-8,-26,5.05,5.29,4.00,5.46,,,,,,,43/HD,,murphda08
256,Daniel Murphy,33,CHC,NL,33,32,11,248.1,116,53,61,2,17,.983,-4,-21,-2,-10,4.13,4.31,3.45,4.29,,,,,,,4/HD,,murphda08
257,David Fletcher,24,LAA,AL,80,70,61,617.2,254,78,174,2,38,.992,8,16,8,16,3.67,3.57,2.90,3.41,,,,,,,45/H69,,fletcda02
258,Tyler Flowers,32,ATL,NL,76,70,61,617.0,634,596,37,1,2,.998,-1,-2,8,16,9.23,9.17,8.33,9.14,8,26,44,13,22.8,0,2/HD,,flowety01
259,Adalberto Mondesí,22,KCR,AL,71,69,67,616.2,325,119,199,7,44,.978,-7,-14,-3,-6,4.64,3.89,4.36,3.85,,,,,,,64/HD,,mondera02
260,Austin Romine,29,NYY,AL,76,68,61,611.1,720,668,48,4,3,.994,2,4,6,12,10.54,9.07,9.42,8.98,5,17,45,16,26.2,0,2/H,,rominau01
261,Curtis Granderson,37,2TM,2LG,86,70,42,607.2,131,123,4,4,1,.969,-4,-8,-5,-10,1.88,2.18,1.48,2.16,,,,,,,97HD/8,,grandcu01
261,Curtis Granderson,37,TOR,AL,71,60,36,517.1,117,109,4,4,1,.966,-6,-14,-5,-12,1.97,2.20,1.59,2.18,,,,,,,79HD/8,,grandcu01
261,Curtis Granderson,37,MIL,NL,15,10,6,90.1,14,14,0,0,0,1.000,2,29,0,0,1.39,2.08,0.93,2.08,,,,,,,9/H7,,grandcu01
262,Kevin Plawecki,27,NYM,NL,72,66,61,606.2,644,609,31,4,1,.994,3,7,0,0,9.49,9.16,8.65,9.12,0,10,54,16,22.9,1,2/H3,,plaweke01
263,Christian Vázquez,27,BOS,AL,76,66,58,606.0,680,650,27,3,3,.996,1,2,-2,-4,10.05,9.05,8.79,8.81,11,21,22,13,37.1,0,2/H5D,,vazquch01
264,Charlie Culberson,29,ATL,NL,78,64,49,604.0,153,79,69,5,12,.967,-3,-7,-9,-18,2.21,2.97,1.78,3.02,,,,,,,H756/4391,,culbech01
265,Luis Valbuena,32,LAA,AL,86,65,44,604.0,280,182,90,8,35,.971,-3,-7,-6,-12,4.05,4.57,2.80,4.97,,,,,,,53H/4D,,valbulu01
266,Adam Eaton,29,WSN,NL,76,73,42,598.0,152,147,2,3,0,.980,-12,-23,-4,-8,2.24,2.08,1.96,2.08,,,,,,,9H7/D,,eatonad02
267,Chris Owings,26,ARI,NL,78,63,50,596.1,137,97,37,3,6,.978,-8,-15,5,10,2.02,2.38,1.60,2.39,,,,,,,9H85/47,,owingch01
268,Jake Marisnick,27,HOU,AL,98,57,47,594.2,143,141,1,1,1,.993,7,13,12,24,2.15,2.20,1.45,2.18,,,,,,,8H/D79,,marisja01
269,Albert Pujols,38,LAA,AL,70,70,49,590.0,586,529,53,4,60,.993,0,-1,0,0,8.88,8.51,8.31,8.43,,,,,,,3D,,pujolal01
270,Max Stassi,27,HOU,AL,82,64,54,587.1,702,668,32,2,4,.997,-1,-2,11,22,10.73,9.07,8.54,8.98,8,23,32,11,25.6,0,2H/D,,stassma01
271,Adrian Beltré,39,TEX,AL,70,69,56,587.0,208,53,145,10,14,.952,1,2,2,4,3.04,2.64,2.83,2.61,,,,,,,5D/H,,beltrad01
272,Jesse Winker,24,CIN,NL,76,71,41,586.1,122,117,4,1,0,.992,-8,-16,-13,-27,1.86,2.08,1.59,2.08,,,,,,,97H/D,,winkeje01
273,Adam Frazier,26,PIT,NL,85,66,43,584.2,247,117,123,7,30,.972,5,11,7,14,3.69,3.58,2.67,3.43,,,,,,,4H79/8D,,fraziad01
274,Matt Adams,29,2TM,NL,78,68,47,581.1,447,411,33,3,33,.993,-1,-1,4,8,6.87,7.54,5.62,7.31,,,,,,,3H7/D9,,adamsma01
274,Matt Adams,29,WSN,NL,63,56,40,476.2,343,319,23,1,21,.997,3,8,5,13,6.46,7.29,5.34,7.00,,,,,,,3H7/D9,,adamsma01
274,Matt Adams,29,STL,NL,15,12,7,104.2,104,92,10,2,12,.981,-4,-41,-1,-11,8.77,8.66,6.80,8.64,,,,,,,3H,,adamsma01
275,Leury García,27,CHW,AL,76,63,39,580.0,175,135,36,4,7,.977,-4,-8,2,4,2.65,2.44,2.11,2.45,,,,,,,789H/465,,garcile02
276,David Freese,35,2TM,NL,81,65,46,577.1,307,202,98,7,21,.977,-6,-12,3,6,4.68,4.44,3.45,4.54,,,,,,,5H3/D,,freesda01
276,David Freese,35,PIT,NL,66,53,46,493.1,220,122,93,5,18,.977,-5,-11,5,12,3.92,3.81,3.07,3.81,,,,,,,5H3/D,,freesda01
276,David Freese,35,LAD,NL,15,12,0,84.0,87,80,5,2,3,.977,-1,-17,-2,-29,9.11,8.14,5.00,7.56,,,,,,,3/H5,,freesda01
277,Devin Mesoraco,30,2TM,NL,68,66,58,567.1,578,553,24,1,6,.998,1,2,-7,-15,9.15,9.17,8.49,9.13,8,9,48,13,21.3,0,2H/3D,,mesorde01
277,Devin Mesoraco,30,CIN,NL,11,10,8,83.0,71,69,2,0,0,1.000,1,14,-1,-14,7.70,9.16,6.45,9.09,0,2,7,2,22.2,0,2/H3,,mesorde01
277,Devin Mesoraco,30,NYM,NL,57,56,50,484.1,507,484,22,1,6,.998,0,0,-6,-15,9.40,9.17,8.88,9.14,8,7,41,11,21.2,0,2H/D,,mesorde01
278,Renato Núñez,24,2TM,AL,71,67,57,565.2,162,40,110,12,12,.926,-2,-3,2,4,2.39,2.62,2.11,2.59,,,,,,,5/H7D,,nunezre01
278,Renato Núñez,24,TEX,AL,12,11,10,95.0,33,8,20,5,4,.848,-2,-23,0,0,2.65,2.53,2.33,2.47,,,,,,,/57H,,nunezre01
278,Renato Núñez,24,BAL,AL,59,56,47,470.2,129,32,90,7,8,.946,0,1,2,5,2.33,2.64,2.07,2.61,,,,,,,5/HD,,nunezre01
279,Miguel Sanó,25,MIN,AL,64,63,57,563.1,237,119,108,10,10,.958,-2,-5,-5,-11,3.63,3.55,3.39,3.57,,,,,,,53/DH,,sanomi01
280,Matt Wieters,32,WSN,NL,73,64,55,559.1,606,579,24,3,5,.995,5,11,-3,-6,9.70,9.17,8.26,9.14,2,10,29,17,37.0,0,2H,,wietema01
281,Steven Souza Jr.,29,ARI,NL,65,64,53,556.2,107,103,1,3,0,.972,-5,-12,-3,-6,1.68,2.08,1.60,2.08,,,,,,,9/H8,,souzast01
282,Jace Peterson,28,2TM,AL,86,56,46,552.1,182,96,83,3,22,.984,-7,-16,-3,-7,2.92,2.81,1.92,2.75,,,,,,,57H49/61D,,peterja01
282,Jace Peterson,28,NYY,AL,3,2,2,24.0,6,6,0,0,0,1.000,-2,-80,-1,-50,2.25,2.21,2.00,2.17,,,,,,,/79,,peterja01
282,Jace Peterson,28,BAL,AL,83,54,44,528.1,176,90,83,3,22,.983,-6,-13,-2,-5,2.95,2.83,1.92,2.77,,,,,,,57H49/61D,,peterja01
283,Franmil Reyes,22,SDP,NL,75,71,38,551.1,111,107,2,2,0,.982,-7,-16,-1,-2,1.78,2.08,1.45,2.08,,,,,,,9H,,reyesfr01
284,Elias Díaz,27,PIT,NL,70,59,55,549.1,551,501,41,9,6,.984,-6,-13,-2,-4,8.88,9.17,7.74,9.14,0,40,29,11,27.5,1,2H/D,,diazel01
285,Lourdes Gurriel Jr.,24,TOR,AL,65,62,53,548.1,265,86,170,9,35,.966,-8,-17,-10,-22,4.20,3.94,3.66,3.90,,,,,,,64/H,,gurrilo01
286,Johnny Field,26,2TM,AL,75,58,43,546.1,135,130,4,1,0,.993,2,4,4,9,2.21,2.20,1.79,2.17,,,,,,,798H/D1,,fieldjo04
286,Johnny Field,26,TBR,AL,55,43,34,419.1,110,105,4,1,0,.991,6,16,5,14,2.34,2.20,1.98,2.16,,,,,,,978/HD1,,fieldjo04
286,Johnny Field,26,MIN,AL,20,15,9,127.0,25,25,0,0,0,1.000,-4,-34,-1,-9,1.77,2.20,1.25,2.18,,,,,,,7/9H8D,,fieldjo04
287,Dixon Machado,26,DET,AL,64,61,57,544.1,281,119,157,5,45,.982,0,0,-2,-4,4.56,4.12,4.31,4.08,,,,,,,4/HD,,machadi01
288,Rosell Herrera,25,2TM,2LG,64,61,57,532.1,175,107,67,1,10,.994,3,7,6,14,2.94,2.77,2.68,2.74,,,,,,,94H8/D57,,herrero02
288,Rosell Herrera,25,CIN,NL,3,1,0,10.1,4,1,3,0,0,1.000,0,23,0,0,3.48,3.66,1.33,2.83,,,,,,,/H74,,herrero02
288,Rosell Herrera,25,KCR,AL,61,60,57,522.0,171,106,64,1,10,.994,3,7,6,14,2.93,2.75,2.74,2.74,,,,,,,948/DH5,,herrero02
289,Lucas Duda,32,2TM,2LG,63,60,58,528.1,555,515,37,3,41,.995,0,-1,3,7,9.40,8.51,8.76,8.44,,,,,,,3DH,,dudalu01
289,Lucas Duda,32,KCR,AL,61,59,58,515.1,535,496,36,3,41,.994,-1,-3,3,7,9.29,8.51,8.72,8.43,,,,,,,3D/H,,dudalu01
289,Lucas Duda,32,ATL,NL,2,1,0,13.0,20,19,1,0,0,1.000,1,83,0,0,13.85,8.65,10.00,8.65,,,,,,,H/3,,dudalu01
290,Jeff Mathis,35,ARI,NL,64,61,46,527.2,575,517,57,1,1,.998,4,9,21,48,9.79,9.13,8.83,8.95,1,17,16,9,36.0,2,2/H14,,mathije01
291,Luke Maile,27,TOR,AL,66,58,56,526.2,534,485,43,6,5,.989,-1,-2,4,9,9.02,9.07,8.00,8.98,4,25,37,16,30.2,0,2/H,,mailelu01
292,Daniel Palka,26,CHW,AL,68,62,42,526.1,95,92,3,0,1,1.000,-12,-28,-10,-23,1.62,2.20,1.40,2.18,,,,,,,D97H,ROY-5,palkada01
293,Aaron Altherr,27,PHI,NL,79,57,43,524.2,98,95,2,1,0,.990,-2,-5,0,0,1.66,2.08,1.23,2.08,,,,,,,9H8/7,,altheaa01
294,David Dahl,24,COL,NL,62,59,48,524.2,111,109,2,0,1,1.000,3,7,2,5,1.90,2.08,1.79,2.08,,,,,,,79H/8,,dahlda01
295,Jorge Bonifacio,25,KCR,AL,60,58,55,514.2,110,105,3,2,1,.982,1,1,-4,-9,1.89,2.20,1.80,2.18,,,,,,,9/7DH,,bonifjo01
296,Joey Rickard,27,BAL,AL,78,56,45,514.2,125,116,8,1,2,.992,0,1,3,7,2.17,2.20,1.59,2.18,,,,,,,97/8H,,rickajo01
297,Zack Cozart,32,LAA,AL,58,58,47,513.2,176,59,113,4,22,.977,-6,-14,-7,-16,3.01,3.26,2.61,3.24,,,,,,,546,,cozarza01
298,Mikie Mahtook,28,DET,AL,61,57,54,513.1,126,120,3,3,2,.976,-2,-5,4,9,2.16,2.20,2.02,2.18,,,,,,,7/H98D,,mahtomi01
299,C.J. Cron,28,TBR,AL,61,58,51,513.0,492,463,27,2,46,.996,4,10,0,0,8.60,8.51,8.03,8.43,,,,,,,D3H,,croncj01
300,Pedro Severino,24,WSN,NL,67,56,47,512.0,565,534,31,0,3,1.000,5,12,0,0,9.93,9.17,8.43,9.14,4,21,29,15,34.1,0,2/H,,severpe01
301,Phil Ervin,25,CIN,NL,70,56,45,508.1,117,111,3,3,0,.974,-11,-27,-6,-14,2.02,2.08,1.61,2.07,,,,,,,79H/81,,ervinph01
302,Shin-Soo Choo,35,TEX,AL,59,59,48,507.1,111,105,2,4,0,.964,-1,-2,-6,-14,1.90,2.20,1.81,2.18,,,,,,,D97/H,AS,choosh01
303,Brandon Guyer,32,CLE,AL,97,47,27,507.1,102,97,2,3,0,.971,2,4,-3,-7,1.76,2.20,1.02,2.17,,,,,,,9H7/81D,,guyerbr01
304,Jarrod Dyson,33,ARI,NL,62,56,48,504.0,136,130,4,2,2,.985,2,4,9,21,2.39,2.08,2.16,2.08,,,,,,,89/H7,,dysonja01
305,Melky Cabrera,33,CLE,AL,71,69,22,500.0,103,99,4,0,1,1.000,-2,-6,-7,-17,1.85,2.20,1.45,2.18,,,,,,,9/H7D,,cabreme01
306,Tony Wolters,26,COL,NL,66,56,39,498.0,539,490,45,4,6,.993,-1,-2,14,34,9.67,9.05,7.75,8.70,6,26,30,11,26.8,1,2/H475,,wolteto01
307,Alex Avila,31,ARI,NL,61,57,42,497.2,504,464,39,1,3,.998,0,0,6,14,9.10,9.13,7.74,9.00,3,22,21,9,30.0,1,2H/31,,avilaal01
308,Austin Barnes,28,LAD,NL,79,59,30,497.0,523,489,32,2,7,.996,3,8,10,24,9.43,8.56,6.51,7.99,1,8,18,5,21.7,0,2H4,,barneau01
309,Víctor Reyes,23,DET,AL,63,53,49,497.0,115,111,4,0,1,1.000,-4,-11,-3,-7,2.08,2.20,1.83,2.18,,,,,,,H7D8/9,,reyesvi01
310,Erik Kratz,38,MIL,NL,63,54,46,494.2,535,508,24,3,4,.994,1,2,3,7,9.68,9.12,8.18,8.78,4,18,31,13,29.5,0,2/H13,,kratzer01
311,J.D. Martinez,30,BOS,AL,57,57,45,493.0,119,116,3,0,1,1.000,3,8,-2,-5,2.17,2.20,2.09,2.18,,,,,,,D79,ASMVP-4SSSS,martijd02
312,Jesús Sucre,30,TBR,AL,73,52,43,492.0,536,497,37,2,3,.996,1,2,1,2,9.77,9.05,7.32,8.77,7,18,26,11,29.7,1,2/1H,,sucreje01
313,Brian McCann,34,HOU,AL,62,55,42,487.0,599,569,27,3,1,.995,1,2,3,7,11.01,9.07,9.61,8.98,3,22,19,9,32.1,0,2/HD,,mccanbr01
314,Matt Davidson,27,CHW,AL,62,53,51,486.2,392,352,36,4,28,.990,-3,-7,-4,-10,7.18,7.17,6.26,6.77,,,,,,,D35/H1,,davidma02
315,Danny Valencia,33,BAL,AL,60,56,45,484.2,146,64,78,4,6,.973,-1,-2,-5,-12,2.64,2.61,2.33,2.65,,,,,,,59D/H31,,valenda01
316,Jeff McNeil,26,NYM,NL,56,53,49,476.2,229,98,128,3,31,.987,-3,-7,5,13,4.27,4.25,3.90,4.17,,,,,,,4/H5,ROY-6,mcneije01
317,Roberto Pérez,29,CLE,AL,58,55,44,476.2,569,538,26,5,3,.991,-1,-3,3,8,10.65,9.07,9.72,8.98,3,21,27,9,25.0,0,2/HD,,perezro02
318,Eric Thames,31,MIL,NL,64,58,29,475.2,273,251,17,5,16,.982,1,3,-3,-8,5.07,5.07,4.06,4.96,,,,,,,H937,,thameer01
319,Brad Miller,28,2TM,2LG,62,54,39,474.1,401,344,50,7,32,.983,1,1,-3,-8,7.48,7.01,6.25,6.61,,,,,,,34H/6D,,millebr02
319,Brad Miller,28,TBR,AL,40,36,34,327.1,326,308,15,3,22,.991,2,9,-3,-11,8.88,8.17,7.88,7.80,,,,,,,3/H4D,,millebr02
319,Brad Miller,28,MIL,NL,22,18,5,147.0,75,36,35,4,10,.947,-2,-16,0,0,4.35,4.41,3.23,4.40,,,,,,,4/H63,,millebr02
320,Rajai Davis,37,CLE,AL,75,47,33,470.2,115,112,3,0,1,1.000,-6,-16,1,3,2.20,2.20,1.53,2.18,,,,,,,8H7D/9,,davisra01
321,Jefry Marté,27,LAA,AL,81,51,33,468.2,386,341,41,4,36,.990,-1,-3,0,0,7.34,7.64,4.60,7.58,,,,,,,3H5/7D,,marteje01
322,Jake Lamb,27,ARI,NL,52,52,49,464.1,128,32,93,3,8,.977,3,9,1,3,2.42,2.49,2.40,2.49,,,,,,,5/H,,lambja01
323,José Reyes,35,NYM,NL,64,48,39,463.2,142,36,98,8,12,.944,-7,-17,-4,-10,2.60,3.39,2.00,3.37,,,,,,,H564/1,,reyesjo01
324,Austin Slater,25,SFG,NL,58,51,46,459.2,250,235,11,4,18,.984,-4,-9,-1,-3,4.82,4.49,4.10,4.38,,,,,,,73H9,,slateau01
325,Pablo Sandoval,31,SFG,NL,61,51,41,456.0,277,207,66,4,19,.986,-4,-10,-4,-11,5.39,5.11,4.33,4.88,,,,,,,5H3/D41,,sandopa01
326,Jorge Soler,26,KCR,AL,52,52,50,451.1,122,117,2,3,0,.975,1,1,-12,-32,2.37,2.20,2.29,2.18,,,,,,,9/D,,solerjo01
327,Ronny Rodríguez,26,DET,AL,58,47,40,451.0,216,103,102,11,17,.949,-3,-9,-10,-27,4.09,4.37,3.20,4.35,,,,,,,6453/HD9,,rodriro03
328,John Ryan Murphy,27,ARI,NL,68,44,42,446.2,468,425,37,6,2,.987,-5,-13,5,13,9.31,9.17,6.79,9.14,2,30,28,9,24.3,0,2H/D,,murphjr01
329,David Bote,25,CHC,NL,65,48,35,444.2,160,42,113,5,18,.969,6,15,12,32,3.14,2.75,2.09,3.01,,,,,,,5H4/367,,boteda01
330,Hunter Pence,35,SFG,NL,55,47,41,442.0,98,97,0,1,0,.990,-7,-20,-6,-16,1.98,2.08,1.76,2.08,,,,,,,7H9/D,,pencehu01
331,Drew Butera,34,2TM,2LG,61,48,43,438.2,394,374,18,2,4,.995,-3,-7,-9,-25,8.04,9.04,6.43,8.83,5,21,25,5,16.7,0,2/31DH,,buterdr01
331,Drew Butera,34,KCR,AL,51,43,42,394.2,338,323,13,2,2,.994,-3,-9,-9,-27,7.66,9.03,6.59,8.81,5,17,20,3,13.0,0,2/31D,,buterdr01
331,Drew Butera,34,COL,NL,10,5,1,44.0,56,51,5,0,2,1.000,0,5,0,0,11.45,9.12,5.60,8.94,0,4,5,2,28.6,0,/23H,,buterdr01
332,Ryan LaMarre,29,2TM,AL,67,47,33,434.0,105,99,4,2,1,.981,-9,-25,2,6,2.14,2.20,1.51,2.17,,,,,,,87H/91D,,lamarry01
332,Ryan LaMarre,29,MIN,AL,38,29,22,261.2,63,63,0,0,0,1.000,-9,-40,-1,-5,2.17,2.20,1.62,2.16,,,,,,,8/H719D,,lamarry01
332,Ryan LaMarre,29,CHW,AL,29,18,11,172.1,42,36,4,2,1,.952,0,-3,3,21,2.09,2.20,1.38,2.18,,,,,,,7/H98,,lamarry01
333,Domingo Santana,25,MIL,NL,55,48,41,433.1,84,82,1,1,0,.988,3,7,7,19,1.72,2.08,1.51,2.08,,,,,,,9H/D,,santado01
334,Carlos Asuaje,26,SDP,NL,64,44,34,428.0,207,75,130,2,23,.990,-4,-12,1,3,4.31,4.23,3.11,4.15,,,,,,,4H/5,,asuajca01
335,Logan Morrison,30,MIN,AL,51,47,44,422.2,407,380,24,3,31,.993,3,8,4,11,8.60,8.46,7.77,8.19,,,,,,,3DH/7,,morrilo01
336,Mark Reynolds,34,WSN,NL,53,43,35,421.1,363,323,35,5,35,.986,-3,-8,-4,-11,7.65,7.70,6.07,7.18,,,,,,,3H5/1489,,reynoma01
337,Dustin Fowler,23,OAK,AL,62,45,36,420.1,112,110,1,1,0,.991,3,10,-9,-26,2.38,2.20,1.79,2.18,,,,,,,8H/79,,fowledu01
338,Martín Prado,34,MIA,NL,49,49,43,418.0,112,38,72,2,11,.982,-2,-5,-2,-6,2.37,2.62,2.24,2.61,,,,,,,5/H3D,,pradoma01
339,Tyler Naquin,27,CLE,AL,60,47,31,414.1,125,123,2,0,0,1.000,5,13,4,12,2.72,2.20,2.08,2.18,,,,,,,98H/7D,,naquity01
340,Kevan Smith,30,CHW,AL,47,44,41,398.1,380,358,20,2,3,.995,-4,-12,-7,-21,8.54,9.07,8.04,8.98,2,25,41,7,14.6,0,2/HD,,smithke04
341,Grégor Blanco,34,SFG,NL,59,40,26,397.0,96,93,0,3,0,.969,-3,-8,-2,-6,2.11,2.08,1.58,2.08,,,,,,,78H9,,blancgr01
342,Adrián González,36,NYM,NL,48,43,39,396.2,368,333,34,1,31,.997,0,0,2,6,8.33,8.66,7.65,8.64,,,,,,,3/H,,gonzaad01
343,Andrew Knapp,26,PHI,NL,54,42,38,394.2,435,406,21,8,2,.982,-5,-15,-10,-30,9.74,9.17,7.91,9.13,6,23,32,7,17.9,1,2H/3,,knappan01
344,Bobby Wilson,35,MIN,AL,47,45,36,390.2,421,399,21,1,2,.998,3,9,8,25,9.68,9.07,8.94,8.98,2,11,19,8,29.6,0,2,,wilsobo02
345,Matt Joyce,33,OAK,AL,57,40,33,387.2,88,86,1,1,0,.989,4,13,-4,-12,2.02,2.20,1.53,2.18,,,,,,,7HD/98,,joycema01
346,Victor Caratini,24,CHC,NL,58,40,29,386.2,385,360,23,2,13,.995,2,5,3,9,8.91,8.92,6.18,8.41,3,9,26,10,27.8,0,2H3/51,,caratvi01
347,Craig Gentry,34,BAL,AL,62,40,30,386.2,97,93,2,2,0,.979,7,21,7,22,2.21,2.20,1.53,2.18,,,,,,,798H,,gentrcr01
348,Ramón Laureano,23,OAK,AL,47,42,39,385.2,113,103,9,1,1,.991,3,10,5,16,2.61,2.20,2.38,2.18,,,,,,,8/H,,laurera01
349,Chance Sisco,23,BAL,AL,55,43,41,385.1,363,336,26,1,5,.997,0,0,-2,-6,8.46,9.07,6.58,8.98,1,24,29,13,31.0,0,2H/D,,siscoch01
350,Cedric Mullins,23,BAL,AL,45,43,42,377.2,111,108,2,1,0,.991,-5,-16,-6,-19,2.62,2.20,2.44,2.18,,,,,,,8/7H,,mullice01
351,A.J. Ellis,37,SDP,NL,45,42,40,370.1,344,321,22,1,2,.997,1,3,-12,-39,8.34,9.16,7.62,8.98,3,16,30,13,30.2,0,2H/7D,,ellisaj01
352,Sean Rodríguez,33,PIT,NL,56,36,28,368.2,149,71,72,6,18,.960,-3,-9,-3,-10,3.49,3.53,2.27,3.68,,,,,,,46H/78935,,rodrise01
353,Jim Adduci,33,DET,AL,48,43,36,364.2,372,351,14,7,22,.981,0,-1,-1,-3,9.01,8.51,7.60,8.43,,,,,,,3H/D,,adducji02
354,Bryan Holaday,30,MIA,NL,52,37,34,359.1,348,325,23,0,1,1.000,6,20,7,23,8.72,9.12,6.69,8.85,1,12,21,17,44.7,1,2H/1,,holadbr01
355,Austin Meadows,23,2TM,2LG,47,39,35,359.1,84,81,1,2,0,.976,-4,-15,-10,-33,2.05,2.09,1.74,2.10,,,,,,,98H7/D,,meadoau01
355,Austin Meadows,23,PIT,NL,39,35,31,314.2,77,75,0,2,0,.974,-2,-6,-8,-31,2.15,2.08,1.92,2.08,,,,,,,897H,,meadoau01
355,Austin Meadows,23,TBR,AL,8,4,4,44.2,7,6,1,0,0,1.000,-3,-73,-2,-54,1.41,2.20,0.88,2.18,,,,,,,/9HD7,,meadoau01
356,Magneuris Sierra,22,MIA,NL,51,42,32,358.2,106,98,4,4,0,.962,-4,-14,-6,-20,2.56,2.08,2.00,2.08,,,,,,,89/H,,sierrma01
357,Ryan McMahon,23,COL,NL,53,37,31,357.2,255,200,54,1,27,.996,1,2,5,17,6.39,6.25,4.38,6.09,,,,,,,H354,,mcmahry01
358,Welington Castillo,31,CHW,AL,43,42,33,354.1,329,306,22,1,4,.997,-1,-3,-7,-24,8.33,9.07,7.63,8.98,5,23,23,10,30.3,0,2/DH,,castiwe01
359,Spencer Kieboom,27,WSN,NL,52,39,27,353.0,325,301,21,3,2,.991,3,8,0,0,8.21,9.16,6.08,8.99,3,11,16,11,40.7,1,2/H35,,kiebosp01
360,Greg Garcia,28,STL,NL,59,34,21,350.0,155,50,100,5,27,.968,1,4,0,0,3.86,3.87,2.34,3.74,,,,,,,H465/1,,garcigr01
361,Ryan Rua,28,TEX,AL,49,39,27,349.0,106,102,4,0,3,1.000,5,16,-4,-14,2.73,2.91,2.00,2.99,,,,,,,7H/398D1,,ruary01
362,Blake Swihart,26,BOS,AL,60,33,21,348.1,229,213,15,1,7,.996,0,0,-2,-7,5.89,6.28,3.62,6.24,0,7,14,5,26.3,0,2H9D3/754,,swihabl01
363,Erik González,26,CLE,AL,74,30,25,346.0,160,61,91,8,16,.950,-1,-2,1,3,3.95,4.11,2.03,4.15,,,,,,,45H6/3D,,gonzaer01
364,Steven Duggar,24,SFG,NL,40,37,35,345.2,96,93,1,2,0,.979,8,26,2,7,2.45,2.08,2.35,2.08,,,,,,,8/H,,duggast01
365,Carlos Tocci,22,TEX,AL,61,36,29,345.2,113,111,1,1,0,.991,-6,-22,-8,-28,2.92,2.20,1.81,2.17,,,,,,,8H9/7D1,,toccica01
366,Tyler Austin,26,2TM,AL,42,40,31,341.0,311,294,16,1,28,.997,-3,-10,1,4,8.18,8.51,7.38,8.43,,,,,,,3D/H,,austity01
366,Tyler Austin,26,NYY,AL,27,26,21,226.0,203,193,9,1,14,.995,-1,-4,1,5,8.04,8.51,7.48,8.43,,,,,,,3/D,,austity01
366,Tyler Austin,26,MIN,AL,15,14,10,115.0,108,101,7,0,14,1.000,-2,-20,0,0,8.45,8.51,7.20,8.43,,,,,,,D3/H,,austity01
367,Brian Goodwin,27,2TM,2LG,52,34,28,339.2,89,85,2,2,0,.978,-1,-5,-4,-14,2.31,2.16,1.67,2.13,,,,,,,H879,,goodwbr01
367,Brian Goodwin,27,WSN,NL,26,9,5,117.1,26,24,1,1,0,.962,0,-1,0,0,1.92,2.08,0.96,2.08,,,,,,,H79/8,,goodwbr01
367,Brian Goodwin,27,KCR,AL,26,25,23,222.1,63,61,1,1,0,.984,-1,-6,-4,-22,2.51,2.20,2.38,2.18,,,,,,,8/H7,,goodwbr01
368,Nick Martini,28,OAK,AL,50,37,25,331.0,86,83,1,2,0,.977,3,10,1,4,2.28,2.20,1.68,2.18,,,,,,,7H/89,,martini02
369,Francisco Peña,28,STL,NL,56,30,23,330.2,309,297,11,1,0,.997,-4,-15,-6,-22,8.38,9.17,5.31,9.12,2,20,14,1,6.7,0,2/H3,,penafr01
370,Howie Kendrick,34,WSN,NL,38,37,30,329.2,129,61,63,5,16,.961,0,0,0,0,3.39,4.09,3.02,4.18,,,,,,,4/7H3,,kendrho01
371,Curt Casali,29,CIN,NL,44,35,31,328.1,318,292,22,4,4,.987,-4,-15,-5,-18,8.61,9.11,6.98,8.96,2,21,20,5,20.0,0,2/H34,,casalcu01
372,Taylor Ward,24,LAA,AL,40,39,30,326.1,82,15,62,5,3,.939,-1,-5,-2,-7,2.12,2.64,1.93,2.61,,,,,,,5,,wardta01
373,Andrew Romine,32,SEA,AL,63,29,21,324.0,146,82,62,2,20,.986,-1,-3,1,4,4.00,4.17,2.18,4.65,,,,,,,H463/517D89,,rominan01
374,Franchy Cordero,23,SDP,NL,37,36,35,323.2,66,61,2,3,0,.955,-14,-50,-7,-26,1.75,2.08,1.70,2.08,,,,,,,78/9H,,cordefr02
375,Chase Utley,39,LAD,NL,51,35,18,323.2,127,60,64,3,10,.976,-1,-4,-2,-7,3.45,4.39,2.38,4.46,,,,,,,4H/3,,utleych01
376,Trayce Thompson,27,2TM,AL,48,34,32,323.1,81,78,3,0,3,1.000,-1,-2,2,7,2.25,2.20,1.69,2.18,,,,,,,9H/78,,thomptr01
376,Trayce Thompson,27,OAK,AL,2,2,1,12.0,4,4,0,0,0,1.000,-3,-310,0,0,3.00,2.18,2.00,2.20,,,,,,,/8H,,thomptr01
376,Trayce Thompson,27,CHW,AL,46,32,31,311.1,77,74,3,0,3,1.000,3,10,2,8,2.23,2.20,1.67,2.18,,,,,,,9/H78,,thomptr01
377,Brandon Lowe,23,TBR,AL,41,36,27,322.0,121,63,57,1,19,.992,2,6,0,0,3.35,3.51,2.79,3.42,,,,,,,47/9HD,,lowebr01
378,Ryan Flaherty,31,ATL,NL,46,33,26,320.1,88,35,51,2,8,.977,-1,-3,-3,-11,2.42,2.98,1.79,3.43,,,,,,,5H/34,,flahery01
379,Josh Donaldson,32,2TM,AL,38,38,26,320.1,92,25,62,5,9,.946,0,-1,-2,-7,2.44,2.79,2.23,2.76,,,,,,,5D/H3,,donaljo02
379,Josh Donaldson,32,TOR,AL,26,26,21,225.0,75,22,50,3,9,.960,0,0,-2,-11,2.88,2.85,2.67,2.83,,,,,,,5D/3,,donaljo02
379,Josh Donaldson,32,CLE,AL,12,12,5,95.1,17,3,12,2,0,.882,0,-5,0,0,1.42,2.64,1.25,2.61,,,,,,,5/DH,,donaljo02
380,Yadiel Rivera,26,MIA,NL,78,28,18,320.0,133,46,83,4,17,.970,7,26,1,4,3.63,3.20,1.57,3.56,,,,,,,H564/7389,,riverya01
381,Kelby Tomlinson,28,SFG,NL,47,31,19,315.1,187,76,105,6,31,.968,1,3,2,8,5.17,4.16,3.55,4.10,,,,,,,4H6/5,,tomlike01
382,Steve Pearce,35,2TM,AL,48,37,23,315.0,216,200,15,1,13,.995,0,1,-5,-19,6.14,6.93,4.39,6.52,,,,,,,3DH7/9,,pearcst01
382,Steve Pearce,35,TOR,AL,14,12,5,90.0,40,39,1,0,1,1.000,-2,-20,-4,-53,4.00,3.74,2.86,3.52,,,,,,,D/7H39,,pearcst01
382,Steve Pearce,35,BOS,AL,34,25,18,225.0,176,161,14,1,12,.994,2,9,-1,-5,7.00,8.20,5.00,7.71,,,,,,,3DH/79,,pearcst01
383,Brett Phillips,24,2TM,2LG,45,34,33,314.1,97,94,3,0,1,1.000,12,46,8,31,2.78,2.18,2.16,2.15,,,,,,,89/H7D,,phillbr02
383,Brett Phillips,24,MIL,NL,12,2,2,42.1,11,11,0,0,0,1.000,3,96,2,57,2.34,2.08,0.92,2.08,,,,,,,/9H87,,phillbr02
383,Brett Phillips,24,KCR,AL,33,32,31,272.0,86,83,3,0,1,1.000,9,38,6,26,2.85,2.20,2.61,2.18,,,,,,,8/9DH7,,phillbr02
384,Tyler White,27,HOU,AL,42,33,26,313.1,273,258,15,0,29,1.000,-4,-17,-3,-11,7.84,8.51,6.50,8.43,,,,,,,3D/H,,whitety01
385,Kaleb Cowart,26,LAA,AL,46,32,23,309.0,126,58,68,0,19,1.000,2,9,-4,-16,3.67,3.68,2.42,3.65,,,,,,,54/367HD,,cowarka01
386,José Briceño,25,LAA,AL,43,34,27,304.0,304,270,32,2,2,.993,-1,-6,1,4,8.94,9.07,7.02,8.96,4,19,10,8,44.4,0,2/H3,,bricejo01
387,J.P. Crawford,23,PHI,NL,39,36,22,303.1,131,37,85,9,19,.931,0,-1,-2,-8,3.62,3.60,2.84,3.51,,,,,,,65H,,crawfjp01
388,Austin Wynns,27,BAL,AL,41,33,28,300.1,284,257,26,1,3,.996,-1,-4,-3,-12,8.48,9.07,6.90,8.98,3,17,15,7,31.8,0,2/HD,,wynnsau01
389,Chris Young,34,LAA,AL,48,31,22,294.0,59,56,2,1,0,.983,-4,-16,-7,-29,1.78,2.20,1.21,2.18,,,,,,,987H/D,,youngch04
390,Yoenis Céspedes,32,NYM,NL,35,35,27,293.2,67,63,4,0,0,1.000,-3,-12,-1,-4,2.05,2.08,1.91,2.08,,,,,,,7/HD,,cespeyo01
391,Abraham Almonte,29,KCR,AL,39,31,30,290.2,85,83,2,0,2,1.000,-5,-21,-2,-8,2.63,2.20,2.18,2.18,,,,,,,8H/9D7,,almonab01
392,Roman Quinn,25,PHI,NL,38,31,29,288.1,81,77,2,2,2,.975,3,13,2,8,2.47,2.09,2.03,2.12,,,,,,,8H/9716,,quinnro01
393,Luke Voit,27,2TM,2LG,35,33,28,288.0,251,234,15,2,17,.992,-5,-21,-7,-29,7.78,8.50,6.92,8.28,,,,,,,3/HD9,,voitlu01
393,Luke Voit,27,STL,NL,3,2,1,17.0,19,15,4,0,1,1.000,0,21,0,0,10.06,8.68,6.33,8.63,,,,,,,/H3,,voitlu01
393,Luke Voit,27,NYY,AL,32,31,27,271.0,232,219,11,2,16,.991,-5,-24,-7,-31,7.64,8.49,6.97,8.24,,,,,,,3/DH9,,voitlu01
394,Charlie Tilson,25,CHW,AL,35,32,29,287.0,71,69,1,1,1,.986,-3,-10,-8,-33,2.20,2.20,2.00,2.18,,,,,,,7/H8D,,tilsoch01
395,Dominic Smith,23,NYM,NL,39,32,25,286.1,183,166,13,4,15,.978,-3,-13,-4,-17,5.63,6.59,4.37,6.56,,,,,,,3H7/D,,smithdo02
396,Noel Cuevas,26,COL,NL,45,34,19,282.2,49,48,1,0,1,1.000,-2,-10,-3,-13,1.56,2.08,1.09,2.08,,,,,,,H97/8,,cuevano01
397,Ryan O'Hearn,24,KCR,AL,32,32,30,282.2,298,280,13,5,18,.983,-4,-15,-4,-17,9.33,8.31,9.16,8.23,,,,,,,3D/H7,,ohearry01
398,Drew Robinson,26,TEX,AL,40,30,22,282.2,106,74,28,4,5,.962,-3,-11,-3,-13,3.25,2.74,2.43,2.61,,,,,,,8H/745D69,,robindr01
399,Preston Tucker,27,2TM,NL,41,35,14,278.1,60,59,1,0,0,1.000,-4,-17,-4,-17,1.94,2.08,1.46,2.08,,,,,,,H7/9D,,tuckepr01
399,Preston Tucker,27,ATL,NL,31,25,9,204.0,48,47,1,0,0,1.000,2,12,-2,-12,2.12,2.08,1.55,2.08,,,,,,,H7/9,,tuckepr01
399,Preston Tucker,27,CIN,NL,10,10,5,74.1,12,12,0,0,0,1.000,-6,-97,-2,-32,1.45,2.08,1.20,2.08,,,,,,,7/HD,,tuckepr01
400,David Freitas,29,SEA,AL,35,32,23,276.0,282,268,12,2,2,.993,-1,-2,-2,-9,9.13,9.07,7.78,8.96,3,11,15,4,21.1,1,2/3H,,freitda01
401,Eric Young Jr.,33,LAA,AL,37,30,30,274.0,74,69,4,1,2,.986,-2,-7,0,0,2.40,2.20,1.97,2.18,,,,,,,87/H,,younger03
402,Tyler O'Neill,23,STL,NL,42,27,26,272.2,63,60,1,2,0,.968,3,13,4,18,2.01,2.08,1.45,2.08,,,,,,,H97/8,,oneilty01
403,Rafael Lopez,30,SDP,NL,32,30,30,271.1,276,255,20,1,3,.996,-1,-4,5,22,9.12,9.14,8.59,8.92,1,12,10,3,23.1,0,2/H35,,lopezra02
404,Bradley Zimmer,25,CLE,AL,34,29,26,271.1,86,82,4,0,1,1.000,-6,-27,0,0,2.85,2.20,2.53,2.18,,,,,,,8/H,,zimmebr01
405,Billy McKinney,23,2TM,AL,36,33,18,271.1,66,65,0,1,0,.985,3,14,-3,-13,2.16,2.22,1.76,2.35,,,,,,,79/H3,,mckinbi01
405,Billy McKinney,23,NYY,AL,2,2,1,9.1,2,2,0,0,0,1.000,0,13,-1,-129,1.93,2.22,1.00,2.20,,,,,,,/7,,mckinbi01
405,Billy McKinney,23,TOR,AL,34,31,17,262.0,64,63,0,1,0,.984,3,14,-2,-9,2.16,2.22,1.80,2.36,,,,,,,79/H3,,mckinbi01
406,Ryan Goins,30,KCR,AL,36,27,26,265.0,116,45,70,1,16,.991,0,-2,4,18,3.91,3.93,3.11,3.85,,,,,,,4/H56,,goinsry01
407,Tyler Saladino,28,2TM,2LG,36,29,25,264.2,131,44,79,8,13,.939,3,13,2,9,4.18,3.87,3.32,3.89,,,,,,,6H/45D,,saladty01
407,Tyler Saladino,28,CHW,AL,2,2,1,14.0,8,3,5,0,0,1.000,1,86,1,86,5.14,2.64,4.00,2.60,,,,,,,/H5D,,saladty01
407,Tyler Saladino,28,MIL,NL,34,27,24,250.2,123,41,74,8,13,.935,2,9,1,5,4.13,3.94,3.29,3.97,,,,,,,6H/45,,saladty01
408,Alex Blandino,25,CIN,NL,48,26,19,262.2,112,44,63,5,24,.955,1,3,-1,-5,3.67,3.57,2.10,3.64,,,,,,,H456/1379,,blandal01
409,Miguel Cabrera,35,DET,AL,32,32,21,261.0,262,248,13,1,22,.996,-2,-8,-4,-18,9.00,8.51,8.16,8.43,,,,,,,3/DH,,cabremi01
410,Rafael Ortega,27,MIA,NL,34,30,17,260.1,76,70,3,3,1,.961,-1,-5,2,9,2.52,2.08,2.15,2.08,,,,,,,97/H,,ortegra01
411,Grayson Greiner,25,DET,AL,30,30,27,259.0,251,238,12,1,1,.996,-1,-5,-1,-5,8.69,9.07,8.33,8.98,3,7,17,5,22.7,0,2,,greingr01
412,Richard Ureña,22,TOR,AL,36,27,26,256.1,92,30,59,3,8,.967,-3,-16,0,0,3.12,3.87,2.47,3.80,,,,,,,64/H5,,urenari01
413,Mason Williams,26,CIN,NL,40,27,19,254.0,51,51,0,0,0,1.000,1,3,2,9,1.81,2.08,1.28,2.08,,,,,,,9H8/7,,willima10
414,Ronald Torreyes,25,NYY,AL,38,24,18,251.0,96,24,70,2,9,.979,-3,-12,-1,-5,3.37,3.72,2.35,3.61,,,,,,,45/6H,,torrero01
415,Pat Valaika,25,COL,NL,44,25,14,248.1,155,97,57,1,29,.994,-1,-6,-4,-19,5.58,5.64,3.28,5.32,,,,,,,H43/56,,valaipa01
416,Josh Phegley,30,OAK,AL,39,27,22,247.1,229,210,18,1,2,.996,-2,-10,0,0,8.30,9.07,5.85,8.98,6,14,13,7,35.0,1,2/H,,phegljo01
417,Austin Dean,24,MIA,NL,31,31,16,245.2,59,57,1,1,0,.983,0,1,-4,-20,2.12,2.08,1.87,2.08,,,,,,,7/H,,deanau01
418,Brandon Dixon,26,CIN,NL,63,22,12,245.1,134,110,24,0,17,1.000,1,3,1,5,4.92,5.44,1.97,4.96,,,,,,,3H9/4751,,dixonbr01
419,J.D. Davis,25,HOU,AL,40,25,17,243.2,128,85,40,3,7,.977,2,11,-2,-10,4.62,4.63,2.98,4.33,,,,,,,53/H71,,davisjd01
420,Francisco Arcia,28,LAA,AL,36,26,20,232.0,214,196,16,2,4,.991,-2,-9,-4,-21,8.22,8.95,5.73,8.55,1,14,9,5,35.7,0,2/H13D,,arciafr01
421,Byron Buxton,24,MIN,AL,27,26,22,232.0,70,69,1,0,0,1.000,2,12,3,16,2.72,2.20,2.59,2.18,,,,,,,8/HD,,buxtoby01
422,Anthony Santander,23,BAL,AL,29,25,23,231.2,61,57,2,2,0,.967,6,28,0,0,2.29,2.20,2.03,2.18,,,,,,,9/DH7,,santaan02
423,JB Shuck,31,MIA,NL,42,21,13,231.2,51,48,2,1,0,.980,-1,-5,-5,-26,1.94,2.08,1.19,2.08,,,,,,,H97/8,,shuckja01
424,Kevin Newman,24,PIT,NL,30,24,21,226.2,89,36,49,4,12,.955,-2,-12,-4,-21,3.38,4.03,2.66,4.03,,,,,,,6/4H,,newmake01
425,Dawel Lugo,23,DET,AL,27,26,25,226.0,84,37,44,3,6,.964,-2,-10,-1,-5,3.23,4.12,3.00,4.08,,,,,,,4/H,,lugoda01
426,José Miguel Fernández,30,LAA,AL,31,27,14,225.0,182,172,10,0,30,1.000,-2,-10,0,0,7.28,8.08,5.87,7.91,,,,,,,3/H5D4,,fernajo03
427,Corey Seager,24,LAD,NL,25,24,22,221.1,93,26,64,3,11,.968,1,8,-1,-5,3.66,3.96,3.60,3.95,,,,,,,6/H,,seageco01
428,Max Scherzer,33,WSN,NL,33,33,2,220.2,17,8,8,1,0,.941,,,-4,-4,0.65,1.56,0.48,1.55,,,,,,,1/H,ASCYA-2MVP-10,scherma01
429,Derek Fisher,24,HOU,AL,37,24,13,220.0,43,43,0,0,0,1.000,1,5,3,16,1.76,2.20,1.16,2.18,,,,,,,7/8H9D,,fishede01
430,Tomás Nido,24,NYM,NL,30,24,19,217.2,230,218,8,4,1,.983,0,0,1,6,9.34,9.17,7.53,9.14,1,5,20,5,20.0,0,2/H,,nidoto01
431,Jacob deGrom,30,NYM,NL,32,32,1,217.0,45,21,23,1,2,.978,,,5,5,1.82,1.56,1.38,1.55,,,,,,,1,ASCYA-1MVP-5,degroja01
432,Corey Kluber,32,CLE,AL,33,33,2,215.0,32,19,13,0,0,1.000,,,3,3,1.34,1.31,0.97,1.30,,,,,,,1,ASCYA-3,klubeco01
433,Mac Williamson,27,SFG,NL,27,27,17,214.1,43,40,3,0,0,1.000,1,6,2,11,1.81,2.08,1.59,2.08,,,,,,,7/9H,,willima11
434,Justin Verlander,35,HOU,AL,34,34,1,214.0,20,7,12,1,0,.950,,,3,3,0.80,1.31,0.56,1.30,,,,,,,1,ASCYA-2MVP-10,verlaju01
435,René Rivera,34,2TM,2LG,31,22,18,213.0,243,227,15,1,3,.996,-1,-6,1,6,10.23,9.07,7.81,8.96,3,17,10,7,41.2,0,2/3HD,,riverre01
435,René Rivera,34,LAA,AL,28,22,18,205.0,233,217,15,1,3,.996,-1,-6,1,6,10.19,9.06,8.29,8.94,3,16,9,7,43.8,0,2/3HD,,riverre01
435,René Rivera,34,ATL,NL,3,0,0,8.0,10,10,0,0,0,1.000,0,0,0,0,11.25,9.23,3.33,9.13,0,1,1,0,0.0,0,/2,,riverre01
436,Aaron Nola,25,PHI,NL,33,33,0,212.1,36,9,26,1,3,.972,,,-1,-1,1.48,1.56,1.06,1.55,,,,,,,1,ASCYA-3MVP-13,nolaaa01
437,Hanley Ramírez,34,BOS,AL,25,25,19,212.1,190,182,8,0,19,1.000,2,12,0,0,8.05,8.51,7.60,8.43,,,,,,,3D,,ramirha01
438,Lonnie Chisenhall,29,CLE,AL,28,24,20,212.0,41,38,2,1,1,.976,-2,-11,-3,-17,1.70,2.20,1.43,2.18,,,,,,,9/H,,chiselo01
439,Eric Sogard,32,MIL,NL,41,18,10,210.1,89,31,55,3,12,.966,0,2,-1,-6,3.68,4.06,1.83,4.07,,,,,,,64H/7,,sogarer01
440,Zack Greinke,34,ARI,NL,33,33,0,207.2,57,27,30,0,0,1.000,,,6,6,2.47,1.56,1.73,1.55,,,,,,,1/H,ASGG,greinza01
441,Danny Jansen,23,TOR,AL,29,23,22,207.0,184,169,13,2,1,.989,-4,-23,-3,-17,7.91,9.07,6.28,8.98,0,14,28,5,15.2,1,2/HD,,janseda01
442,Tommy La Stella,29,CHC,NL,36,22,9,206.1,62,15,43,4,7,.935,2,12,0,0,2.53,3.16,1.38,3.11,,,,,,,H54/D1,,lasteto01
443,Dallas Keuchel,30,HOU,AL,34,34,1,204.2,41,14,27,0,1,1.000,,,1,1,1.80,1.31,1.21,1.30,,,,,,,1,GG,keuchda01
444,James Shields,36,CHW,AL,34,33,0,204.2,22,3,19,0,2,1.000,,,1,1,0.97,1.31,0.65,1.30,,,,,,,1,,shielja02
445,Kyle Freeland,25,COL,NL,33,33,0,202.1,19,1,18,0,3,1.000,,,-4,-4,0.85,1.56,0.58,1.55,,,,,,,1,CYA-4,freelky01
446,Jordan Luplow,24,PIT,NL,29,21,16,201.2,56,51,4,1,0,.982,5,27,4,24,2.45,2.08,1.90,2.08,,,,,,,79H/8,,luplojo01
447,Miles Mikolas,29,STL,NL,32,32,1,200.2,51,19,30,2,3,.961,,,0,0,2.20,1.56,1.53,1.55,,,,,,,1/H,ASCYA-6,mikolmi01
448,Gerrit Cole,27,HOU,AL,32,32,1,200.1,26,10,15,1,2,.962,,,1,1,1.12,1.31,0.78,1.30,,,,,,,1,ASCYA-5,colege01
449,Willie Calhoun,23,TEX,AL,27,25,12,200.0,40,37,1,2,0,.950,-2,-9,-4,-24,1.71,2.20,1.41,2.18,,,,,,,7/HD,,calhowi01
450,Mike Clevinger,27,CLE,AL,32,32,1,200.0,36,7,27,2,1,.944,,,1,1,1.53,1.31,1.06,1.30,,,,,,,1,,clevimi01
451,Patrick Corbin,28,ARI,NL,33,33,1,200.0,37,10,27,0,2,1.000,,,4,4,1.67,1.56,1.12,1.55,,,,,,,1,ASCYA-5,corbipa01
452,Deven Marrero,27,ARI,NL,38,21,16,199.1,72,24,47,1,9,.986,3,20,3,18,3.21,2.59,1.87,2.73,,,,,,,5H/4,,marrede01
453,Kyle Hendricks,28,CHC,NL,33,33,0,199.0,45,13,31,1,3,.978,,,3,3,1.99,1.56,1.33,1.55,,,,,,,1,,hendrky01
454,Rob Refsnyder,27,TBR,AL,27,24,15,197.0,39,36,3,0,0,1.000,0,0,3,18,1.78,2.23,1.44,2.41,,,,,,,7D/H93,,refsnro01
455,Kyle Gibson,30,MIN,AL,32,32,0,196.2,40,17,23,0,2,1.000,,,2,2,1.83,1.31,1.25,1.30,,,,,,,1,,gibsoky01
456,Germán Márquez,23,COL,NL,33,33,0,196.0,33,13,18,2,3,.939,,,2,2,1.42,1.56,0.94,1.55,,,,,,,1,SS,marquge01
457,Keon Broxton,28,MIL,NL,43,18,12,194.0,59,57,2,0,0,1.000,3,16,14,87,2.74,2.08,1.37,2.08,,,,,,,89H,,broxtke01
458,José Osuna,25,PIT,NL,25,22,13,193.1,110,94,15,1,10,.991,2,15,1,6,5.07,5.66,4.19,5.22,,,,,,,H3/59,,osunajo01
459,Jhoulys Chacín,30,MIL,NL,35,35,0,192.2,47,18,26,3,3,.936,,,1,1,2.06,1.56,1.26,1.55,,,,,,,1/H,,chacijh01
460,José Berríos,24,MIN,AL,32,32,2,192.1,36,14,21,1,2,.972,,,3,3,1.64,1.31,1.09,1.30,,,,,,,1,AS,berrijo01
461,Carlos Carrasco,31,CLE,AL,32,30,2,192.0,26,8,18,0,5,1.000,,,-1,-1,1.22,1.31,0.81,1.30,,,,,,,1,,carraca01
462,Kyle Higashioka,28,NYY,AL,27,20,17,192.0,240,225,14,1,1,.996,-1,-6,2,13,11.20,9.07,8.85,8.98,2,11,15,3,16.7,0,2/HD,,higasky01
463,Rick Porcello,29,BOS,AL,33,33,1,191.1,38,15,20,3,1,.921,,,0,0,1.65,1.31,1.06,1.30,,,,,,,1,,porceri01
464,Luis Severino,24,NYY,AL,32,32,1,191.1,30,6,22,2,3,.933,,,3,3,1.32,1.31,0.88,1.30,,,,,,,1,ASCYA-9,severlu01
465,Jameson Taillon,26,PIT,NL,32,32,2,191.0,32,9,23,0,2,1.000,,,-3,-3,1.51,1.56,1.00,1.55,,,,,,,1,,taillja01
466,Cole Hamels,34,2TM,2LG,32,32,1,190.2,26,8,17,1,2,.962,,,-3,-3,1.18,1.41,0.78,1.39,,,,,,,1,,hamelco01
466,Cole Hamels,34,TEX,AL,20,20,0,114.1,11,2,8,1,2,.909,,,-2,-3,0.79,1.31,0.50,1.30,,,,,,,1,,hamelco01
466,Cole Hamels,34,CHC,NL,12,12,1,76.1,15,6,9,0,0,1.000,,,-1,-3,1.77,1.56,1.25,1.55,,,,,,,1,,hamelco01
467,Edwin Encarnación,35,CLE,AL,23,22,16,190.0,162,147,14,1,16,.994,-3,-16,0,0,7.63,8.51,7.00,8.43,,,,,,,*D3,,encared01
468,Willians Astudillo,26,MIN,AL,26,20,18,188.2,140,120,17,3,0,.979,-2,-11,0,0,6.54,7.16,5.27,6.58,0,4,6,3,33.3,1,2/5D4178H,,astudwi01
469,Reynaldo López,24,CHW,AL,32,32,0,188.2,28,11,17,0,1,1.000,,,1,1,1.34,1.31,0.88,1.30,,,,,,,1,,lopezre01
470,Mike Leake,30,SEA,AL,31,31,0,185.2,40,20,17,3,4,.925,,,3,3,1.79,1.31,1.19,1.30,,,,,,,1,,leakemi01
471,Michael Pérez,25,TBR,AL,24,22,18,185.0,193,175,18,0,0,1.000,3,19,1,6,9.39,9.07,8.04,8.98,0,4,12,5,29.4,0,2/H,,perezmi03
472,Kevin Gausman,27,2TM,2LG,31,31,0,183.2,31,5,25,1,1,.968,,,-2,-2,1.47,1.39,0.97,1.38,,,,,,,1/H,,gausmke01
472,Kevin Gausman,27,BAL,AL,21,21,0,124.0,23,4,19,0,1,1.000,,,1,2,1.67,1.31,1.10,1.30,,,,,,,1,,gausmke01
472,Kevin Gausman,27,ATL,NL,10,10,0,59.2,8,1,6,1,0,.875,,,-3,-10,1.06,1.55,0.70,1.55,,,,,,,1/H,,gausmke01
473,Chase d'Arnaud,31,SFG,NL,31,20,9,183.0,83,40,43,0,12,1.000,1,9,2,13,4.08,4.15,2.52,4.18,,,,,,,H45/316,,darnach01
474,Mike Foltynewicz,26,ATL,NL,31,31,2,183.0,27,11,15,1,1,.963,,,1,1,1.28,1.56,0.84,1.55,,,,,,,1,ASCYA-8,foltymi01
475,Zack Wheeler,28,NYM,NL,29,29,0,182.1,28,6,22,0,2,1.000,,,1,1,1.38,1.56,0.97,1.55,,,,,,,1,,wheelza01
476,Chris Herrmann,30,SEA,AL,29,21,16,182.0,136,128,7,1,1,.993,0,0,-1,-7,6.68,9.06,4.66,8.96,0,5,14,4,22.2,0,2H/3,,herrmch01
477,Jon Lester,34,CHC,NL,32,32,0,181.2,23,9,14,0,0,1.000,,,-1,-1,1.14,1.56,0.72,1.55,,,,,,,1/H,ASCYA-9,lestejo01
478,Carlos Pérez,27,2TM,2LG,25,21,15,181.1,184,170,12,2,1,.989,0,0,-3,-20,9.03,9.10,7.28,9.02,3,9,9,6,40.0,1,2/H,,perezca02
478,Carlos Pérez,27,ATL,NL,6,6,4,48.2,52,47,4,1,0,.981,0,0,-2,-49,9.43,9.17,8.50,9.13,0,4,3,2,40.0,1,/2H,,perezca02
478,Carlos Pérez,27,TEX,AL,19,15,11,132.2,132,123,8,1,1,.992,0,0,-1,-9,8.89,9.07,6.89,8.98,3,5,6,4,40.0,0,2/H,,perezca02
479,Blake Snell,25,TBR,AL,31,31,0,180.2,20,1,18,1,1,.950,,,1,1,0.95,1.31,0.61,1.30,,,,,,,1,ASCYA-1MVP-9,snellbl01
480,Tanner Roark,31,WSN,NL,31,30,0,180.1,31,7,24,0,0,1.000,,,4,4,1.55,1.56,1.00,1.55,,,,,,,1,,roarkta01
481,Andrew Heaney,27,LAA,AL,30,30,1,180.0,31,8,22,1,3,.968,,,3,3,1.50,1.31,1.00,1.30,,,,,,,1,,heanean01
482,Cheslor Cuthbert,25,KCR,AL,22,20,16,178.2,100,72,25,3,10,.970,1,7,0,0,4.89,5.24,4.41,5.25,,,,,,,53/DH,,cuthbch01
483,Zack Godley,28,ARI,NL,33,32,0,178.1,37,18,16,3,1,.919,,,0,0,1.72,1.56,1.03,1.55,,,,,,,1,,godleza01
484,Pete Kozma,30,DET,AL,25,20,15,178.0,84,30,54,0,13,1.000,5,33,3,20,4.25,3.50,3.36,3.56,,,,,,,6/54HD,,kozmape01
485,Brandon Drury,25,2TM,AL,23,21,14,178.0,57,21,32,4,8,.930,-4,-24,-1,-7,2.68,3.54,2.12,3.54,,,,,,,5/4H36D,,drurybr01
485,Brandon Drury,25,NYY,AL,16,14,9,118.0,39,17,19,3,3,.923,-1,-9,-1,-10,2.75,3.82,2.25,3.80,,,,,,,/54H3D,,drurybr01
485,Brandon Drury,25,TOR,AL,7,7,5,60.0,18,4,13,1,5,.944,-3,-52,0,0,2.55,3.00,1.89,3.08,,,,,,,/546H,,drurybr01
486,J.A. Happ,35,2TM,AL,31,31,0,177.2,14,4,9,1,2,.929,,,-5,-6,0.66,1.31,0.42,1.30,,,,,,,1,AS,happja01
486,J.A. Happ,35,TOR,AL,20,20,0,114.0,10,3,6,1,2,.900,,,-4,-7,0.71,1.31,0.45,1.30,,,,,,,1,,happja01
486,J.A. Happ,35,NYY,AL,11,11,0,63.2,4,1,3,0,0,1.000,,,-1,-3,0.57,1.31,0.36,1.30,,,,,,,1,,happja01
487,Jakob Junis,25,KCR,AL,30,30,1,177.0,24,9,14,1,1,.958,,,-3,-3,1.17,1.31,0.77,1.30,,,,,,,1,,junisja01
488,Tyler Anderson,28,COL,NL,32,32,0,176.0,24,7,16,1,2,.958,,,4,5,1.18,1.56,0.72,1.55,,,,,,,1/H,,anderty01
489,David Price,32,BOS,AL,30,30,1,176.0,26,6,20,0,0,1.000,,,1,1,1.33,1.31,0.87,1.30,,,,,,,1,,priceda01
490,Julio Teheran,27,ATL,NL,31,31,0,175.2,42,9,33,0,2,1.000,,,6,7,2.15,1.56,1.35,1.55,,,,,,,1,,teherju01
491,Trevor Bauer,27,CLE,AL,28,27,0,175.1,23,8,15,0,1,1.000,,,0,0,1.18,1.31,0.82,1.30,,,,,,,1,ASCYA-6MVP-22,bauertr01
492,Franklin Barreto,22,OAK,AL,28,17,14,175.0,79,38,39,2,6,.975,-3,-19,-1,-7,3.96,4.09,2.75,4.06,,,,,,,4/H6D,,barrefr02
493,Jason Castro,31,MIN,AL,19,19,18,174.1,204,187,17,0,5,1.000,2,14,1,7,10.53,9.07,10.74,8.98,1,5,9,6,40.0,0,2,,castrja01
494,Tzu-Wei Lin,24,BOS,AL,32,13,11,174.1,76,27,45,4,11,.947,-2,-11,-4,-28,3.72,3.62,2.12,3.51,,,,,,,6/H845D,,lintz02
495,Jose Quintana,29,CHC,NL,32,32,0,174.1,33,13,19,1,2,.970,,,2,2,1.65,1.56,1.00,1.55,,,,,,,1,,quintjo01
496,José Ureña,26,MIA,NL,31,31,1,174.0,34,10,23,1,1,.971,,,3,3,1.71,1.56,1.06,1.55,,,,,,,1/H,,urenajo01
497,Lucas Giolito,23,CHW,AL,32,32,0,173.1,30,14,15,1,0,.967,,,-3,-3,1.51,1.31,0.91,1.30,,,,,,,1,,giolilu01
498,Jake Arrieta,32,PHI,NL,31,31,0,172.2,29,8,17,4,1,.862,,,2,2,1.30,1.56,0.81,1.55,,,,,,,1,,arrieja01
499,Jon Gray,26,COL,NL,31,31,0,172.1,30,12,17,1,2,.967,,,1,1,1.51,1.56,0.94,1.55,,,,,,,1,,grayjo02
500,Mark Trumbo,32,BAL,AL,22,22,13,172.1,46,43,3,0,3,1.000,-3,-22,-4,-28,2.40,2.93,2.09,3.03,,,,,,,D9/3H,,trumbma01
501,Mike Fiers,33,2TM,AL,31,30,0,172.0,26,14,12,0,1,1.000,,,0,0,1.36,1.31,0.84,1.30,,,,,,,1,,fiersmi01
501,Mike Fiers,33,DET,AL,21,21,0,119.0,15,7,8,0,0,1.000,,,0,0,1.13,1.31,0.71,1.30,,,,,,,1,,fiersmi01
501,Mike Fiers,33,OAK,AL,10,9,0,53.0,11,7,4,0,1,1.000,,,0,0,1.87,1.31,1.10,1.30,,,,,,,1,,fiersmi01
502,Dylan Bundy,25,BAL,AL,31,31,1,171.2,20,9,10,1,2,.950,,,-4,-5,1.00,1.31,0.61,1.30,,,,,,,1,,bundydy01
503,Derek Holland,31,SFG,NL,36,30,0,171.1,26,9,15,2,0,.923,,,0,0,1.26,1.56,0.67,1.55,,,,,,,1/H,,hollade01
504,Paulo Orlando,32,KCR,AL,21,20,18,171.0,50,47,1,2,0,.960,1,7,1,7,2.53,2.20,2.29,2.18,,,,,,,8/D79,,orlanpa01
505,Gio González,32,2TM,NL,32,32,0,171.0,28,4,23,1,1,.964,,,1,1,1.42,1.56,0.84,1.55,,,,,,,1,,gonzagi01
505,Gio González,32,WSN,NL,27,27,0,145.2,25,4,20,1,1,.960,,,1,1,1.48,1.56,0.89,1.55,,,,,,,1,,gonzagi01
505,Gio González,32,MIL,NL,5,5,0,25.1,3,0,3,0,0,1.000,,,0,0,1.07,1.56,0.60,1.56,,,,,,,/1,,gonzagi01
506,Trevor Williams,26,PIT,NL,31,31,1,170.2,28,12,13,3,1,.893,,,3,4,1.32,1.56,0.81,1.55,,,,,,,1,,willitr01
507,Matthew Boyd,27,DET,AL,31,31,0,170.1,19,9,8,2,1,.895,,,-3,-4,0.90,1.31,0.55,1.30,,,,,,,1,,boydma01
508,Tom Murphy,27,COL,NL,22,19,17,170.0,196,183,8,5,0,.974,-2,-14,-1,-7,10.11,9.17,8.68,9.14,1,9,9,4,30.8,0,2H/D,,murphto04
509,Jett Bandy,28,MIL,NL,22,19,17,169.2,175,167,7,1,1,.994,1,7,-1,-7,9.23,9.17,7.91,9.14,4,6,4,5,55.6,0,2/H,,bandyje01
510,Luis Castillo,25,CIN,NL,31,31,0,169.2,39,18,21,0,1,1.000,,,1,1,2.07,1.56,1.26,1.55,,,,,,,1,,castilu02
511,Tyler Wade,23,NYY,AL,34,15,12,168.2,57,25,31,1,8,.982,0,2,0,0,2.99,3.85,1.56,3.66,,,,,,,4H/96578,,wadety01
512,Charlie Morton,34,HOU,AL,30,30,0,167.0,14,2,12,0,1,1.000,,,1,1,0.75,1.31,0.47,1.30,,,,,,,1,AS,mortoch02
513,Alex Verdugo,22,LAD,NL,28,16,8,167.0,36,34,1,1,0,.972,0,1,1,7,1.89,2.08,1.25,2.08,,,,,,,9H7/8,,verdual01
514,Marco Gonzales,26,SEA,AL,29,29,1,166.2,24,4,19,1,0,.958,,,0,0,1.24,1.31,0.79,1.30,,,,,,,1,,gonzama02
515,Michael Hermosillo,23,LAA,AL,27,17,11,165.2,58,57,0,1,0,.983,8,60,0,0,3.10,2.20,2.11,2.18,,,,,,,89/7H,,hermomi01
516,Jake Odorizzi,28,MIN,AL,32,32,0,164.1,22,10,10,2,1,.909,,,-1,-1,1.10,1.31,0.63,1.30,,,,,,,1/H,,odorija01
517,Sean Newcomb,25,ATL,NL,31,30,0,164.0,23,3,19,1,2,.957,,,1,1,1.21,1.56,0.71,1.55,,,,,,,1,,newcose01
518,Nick Pivetta,25,PHI,NL,33,32,0,164.0,30,9,18,3,0,.900,,,1,1,1.48,1.56,0.82,1.55,,,,,,,1/H,,pivetni01
519,Gregorio Petit,33,MIN,AL,24,17,14,163.1,90,34,53,3,15,.967,3,24,-1,-7,4.79,3.71,3.35,3.81,,,,,,,4/65H3D,,petitgr01
520,Wade LeBlanc,33,SEA,AL,32,27,0,162.0,20,7,13,0,1,1.000,,,2,2,1.11,1.31,0.63,1.30,,,,,,,1,,leblawa01
521,Clayton Kershaw,30,LAD,NL,26,26,0,161.1,26,1,24,1,1,.962,,,1,1,1.39,1.56,0.96,1.55,,,,,,,1/H,,kershcl01
522,Iván Nova,31,PIT,NL,29,29,0,161.0,24,8,11,5,0,.792,,,-2,-2,1.06,1.56,0.66,1.55,,,,,,,1,,novaiv01
523,Sean Manaea,26,OAK,AL,27,27,1,160.2,18,7,10,1,0,.944,,,-4,-5,0.95,1.31,0.63,1.30,,,,,,,1,,manaese01
524,James Paxton,29,SEA,AL,28,28,2,160.1,8,1,7,0,0,1.000,,,-1,-1,0.45,1.31,0.29,1.30,,,,,,,1,,paxtoja01
525,Andrew Suárez,25,SFG,NL,29,29,0,160.1,35,13,22,0,3,1.000,,,3,4,1.96,1.56,1.21,1.55,,,,,,,1,,suarean01
526,Kyle Tucker,21,HOU,AL,23,15,13,159.1,24,20,2,2,0,.917,-6,-45,-1,-8,1.24,2.20,0.96,2.18,,,,,,,7/H98,,tuckeky01
527,Clayton Richard,34,SDP,NL,27,27,0,158.2,44,3,38,3,0,.932,,,5,6,2.33,1.56,1.52,1.55,,,,,,,1/H,,richacl01
528,Chase Anderson,30,MIL,NL,30,30,0,158.0,24,5,18,1,2,.958,,,2,3,1.31,1.56,0.77,1.55,,,,,,,1,,anderch01
529,Chris Sale,29,BOS,AL,27,27,0,158.0,25,12,12,1,2,.960,,,2,3,1.37,1.31,0.89,1.30,,,,,,,1,ASCYA-4MVP-22,salech01
530,Mike Minor,30,TEX,AL,28,28,0,157.0,25,5,18,2,0,.920,,,1,1,1.32,1.31,0.82,1.30,,,,,,,1,,minormi01
531,Lance Lynn,31,2TM,AL,31,29,0,156.2,18,9,6,3,0,.833,,,-6,-8,0.86,1.31,0.48,1.30,,,,,,,1,,lynnla01
531,Lance Lynn,31,MIN,AL,20,20,0,102.1,11,6,4,1,0,.909,,,-4,-8,0.88,1.31,0.50,1.30,,,,,,,1,,lynnla01
531,Lance Lynn,31,NYY,AL,11,9,0,54.1,7,3,2,2,0,.714,,,-2,-7,0.83,1.31,0.45,1.30,,,,,,,1,,lynnla01
532,Masahiro Tanaka,29,NYY,AL,27,27,1,156.0,39,14,24,1,4,.974,,,6,8,2.19,1.31,1.41,1.30,,,,,,,1,,tanakma01
533,Félix Hernández,32,SEA,AL,29,28,0,155.2,26,10,14,2,1,.923,,,-1,-1,1.39,1.31,0.83,1.30,,,,,,,1,,hernafe02
534,José Rondón,24,CHW,AL,23,16,14,155.2,59,16,41,2,10,.966,2,14,1,8,3.30,3.34,2.48,3.63,,,,,,,HD6/543,,rondojo02
535,Dwight Smith Jr.,25,TOR,AL,25,17,11,155.2,37,36,1,0,0,1.000,-5,-40,-3,-23,2.14,2.20,1.48,2.18,,,,,,,7H/9D,,smithdw02
536,Isaac Galloway,28,MIA,NL,38,13,7,155.1,46,45,1,0,0,1.000,4,34,5,39,2.67,2.08,1.21,2.08,,,,,,,7H98,,gallois01
537,Danny Duffy,29,KCR,AL,28,28,0,155.0,21,4,17,0,0,1.000,,,1,1,1.22,1.31,0.75,1.30,,,,,,,1,,duffyda01
538,Matt Harvey,29,2TM,NL,32,28,0,155.0,31,15,15,1,0,.968,,,-3,-4,1.74,1.56,0.94,1.55,,,,,,,1,,harvema01
538,Matt Harvey,29,NYM,NL,8,4,0,27.0,5,1,3,1,0,.800,,,-1,-7,1.33,1.57,0.50,1.55,,,,,,,/1,,harvema01
538,Matt Harvey,29,CIN,NL,24,24,0,128.0,26,14,12,0,0,1.000,,,-2,-3,1.83,1.56,1.08,1.55,,,,,,,1,,harvema01
539,John Andreoli,28,2TM,AL,21,18,13,154.2,37,37,0,0,0,1.000,-1,-7,0,0,2.15,2.20,1.76,2.18,,,,,,,7/9H8D,,andrejo03
539,John Andreoli,28,SEA,AL,2,2,1,15.0,5,5,0,0,0,1.000,1,96,2,160,3.00,2.22,2.50,2.20,,,,,,,/79DH,,andrejo03
539,John Andreoli,28,BAL,AL,19,16,12,139.2,32,32,0,0,0,1.000,-2,-18,-2,-17,2.06,2.20,1.68,2.18,,,,,,,7/9H8D,,andrejo03
540,Noah Syndergaard,25,NYM,NL,25,25,2,154.1,34,7,25,2,0,.941,,,-4,-5,1.87,1.56,1.28,1.55,,,,,,,1,,syndeno01
541,Steven Matz,27,NYM,NL,30,30,0,154.0,30,2,25,3,2,.900,,,0,0,1.58,1.56,0.90,1.55,,,,,,,1,,matzst01
542,Dilson Herrera,24,CIN,NL,26,17,7,153.2,51,30,21,0,4,1.000,1,6,-1,-8,2.99,3.30,1.76,3.36,,,,,,,H47/53,,herredi01
543,Andrew Cashner,31,BAL,AL,28,28,0,153.0,28,9,18,1,0,.964,,,4,5,1.59,1.31,0.96,1.30,,,,,,,1/H,,cashnan01
544,CC Sabathia,37,NYY,AL,29,29,0,153.0,15,0,12,3,1,.800,,,-5,-7,0.71,1.31,0.41,1.30,,,,,,,1,,sabatc.01
545,Alex Cobb,30,BAL,AL,27,27,1,152.1,28,11,17,0,1,1.000,,,0,0,1.65,1.31,1.00,1.30,,,,,,,1,,cobbal01
546,Cam Gallagher,25,KCR,AL,20,18,15,152.1,122,118,3,1,0,.992,2,16,4,32,7.15,9.07,6.05,8.98,0,3,5,2,28.6,0,2/D,,gallaca01
547,Alex Wood,27,LAD,NL,33,27,0,151.2,20,3,14,3,1,.850,,,-3,-4,1.01,1.56,0.52,1.55,,,,,,,1,,woodal02
548,Jack Flaherty,22,STL,NL,28,28,0,151.0,20,7,11,2,0,.900,,,1,1,1.07,1.56,0.64,1.55,,,,,,,1/H,ROY-5,flaheja01
549,Chris Gimenez,35,2TM,2LG,23,18,11,150.0,143,131,9,3,3,.979,-1,-6,0,0,8.40,8.92,5.83,8.08,0,7,8,4,33.3,0,2/H315D,,gimench01
549,Chris Gimenez,35,CHC,NL,11,9,6,74.0,66,60,5,1,1,.985,-1,-16,1,16,7.91,9.07,5.91,8.45,0,3,6,3,33.3,0,2/H1,,gimench01
549,Chris Gimenez,35,MIN,AL,12,9,5,76.0,77,71,4,2,2,.974,0,3,-1,-16,8.88,8.78,5.77,7.77,0,4,2,1,33.3,0,/23H15D,,gimench01
550,Tyson Ross,31,2TM,NL,31,23,0,149.2,40,17,21,2,2,.950,,,1,1,2.29,1.56,1.23,1.55,,,,,,,1/H,,rossty01
550,Tyson Ross,31,SDP,NL,22,22,0,123.1,31,14,16,1,1,.968,,,1,2,2.19,1.56,1.36,1.55,,,,,,,1/H,,rossty01
550,Tyson Ross,31,STL,NL,9,1,0,26.1,9,3,5,1,1,.889,,,0,0,2.73,1.57,0.89,1.56,,,,,,,/1,,rossty01
551,Shane Robinson,33,NYY,AL,24,17,9,148.2,41,36,4,1,1,.976,-1,-6,6,48,2.42,2.20,1.67,2.18,,,,,,,9/7H8D,,robinsh01
552,Chris Archer,29,2TM,2LG,27,27,0,148.1,19,8,10,1,1,.947,,,-2,-3,1.09,1.40,0.67,1.39,,,,,,,1,,archech01
552,Chris Archer,29,TBR,AL,17,17,0,96.0,8,3,4,1,0,.875,,,-2,-4,0.66,1.31,0.41,1.30,,,,,,,1,,archech01
552,Chris Archer,29,PIT,NL,10,10,0,52.1,11,5,6,0,1,1.000,,,0,0,1.89,1.56,1.10,1.55,,,,,,,1,,archech01
553,Aramis Garcia,25,SFG,NL,17,17,15,148.0,141,134,6,1,9,.993,-1,-8,-1,-8,8.51,8.87,8.24,8.85,0,0,3,1,25.0,0,3/2H,,garciar01
554,Jesmuel Valentín,24,PHI,NL,27,11,8,147.1,42,15,25,2,5,.952,-4,-29,-2,-16,2.44,3.19,1.33,3.13,,,,,,,H5/46791,,valenje01
555,Ryan Yarbrough,26,TBR,AL,38,6,0,147.1,22,6,16,0,2,1.000,,,1,1,1.34,1.31,0.58,1.30,,,,,,,1,ROY-5,yarbrry01
556,Vince Velasquez,26,PHI,NL,31,30,0,146.2,25,5,18,2,0,.920,,,4,5,1.41,1.56,0.74,1.55,,,,,,,1/H,,velasvi01
557,Bartolo Colon,45,TEX,AL,28,24,1,146.1,33,7,22,4,2,.879,,,3,4,1.78,1.31,1.04,1.30,,,,,,,1,,colonba01
558,Sal Romano,24,CIN,NL,39,25,0,145.2,35,15,18,2,1,.943,,,-1,-1,2.04,1.56,0.85,1.55,,,,,,,1,,romansa01
559,Chris Stratton,27,SFG,NL,28,26,1,145.0,26,11,13,2,1,.923,,,2,3,1.49,1.56,0.86,1.55,,,,,,,1,,stratch01
560,Marco Estrada,34,TOR,AL,28,28,0,143.2,14,2,12,0,0,1.000,,,2,3,0.88,1.31,0.50,1.30,,,,,,,1,,estrama01
561,Peter O'Brien,27,MIA,NL,19,17,11,143.2,118,108,9,1,12,.992,2,17,2,17,7.33,8.02,6.16,7.95,,,,,,,3/H9,,obriepe01
562,Junior Guerra,33,MIL,NL,31,26,0,141.0,23,12,10,1,2,.957,,,-2,-3,1.40,1.56,0.71,1.55,,,,,,,1,,guerrju02
563,Bruce Maxwell,27,OAK,AL,16,16,13,141.0,138,126,12,0,0,1.000,0,0,0,0,8.81,9.07,8.63,8.98,1,9,12,7,36.8,0,2/HD,,maxwebr01
564,Daniel Vogelbach,25,SEA,AL,20,18,8,141.0,132,121,11,0,13,1.000,0,2,0,0,8.43,8.51,6.60,8.43,,,,,,,3H/D,,vogelda01
565,Brad Keller,22,KCR,AL,41,20,1,140.1,26,7,19,0,3,1.000,,,2,3,1.67,1.31,0.63,1.30,,,,,,,1,,kellebr01
566,Luis Guillorme,23,NYM,NL,21,14,11,139.2,35,11,23,1,1,.971,-2,-21,-1,-9,2.19,3.02,1.55,3.15,,,,,,,H5/4,,guilllu01
567,Breyvic Valera,26,2TM,2LG,19,15,13,139.2,63,33,27,3,10,.952,0,-3,-2,-17,3.87,3.98,2.73,3.80,,,,,,,4H/569,,valerbr01
567,Breyvic Valera,26,LAD,NL,7,4,3,43.1,22,15,7,0,3,1.000,-1,-22,-1,-28,4.57,3.72,2.44,3.46,,,,,,,H/459,,valerbr01
567,Breyvic Valera,26,BAL,AL,12,11,10,96.1,41,18,20,3,7,.927,1,6,-1,-12,3.55,4.09,2.92,4.04,,,,,,,4/6,,valerbr01
568,Kyle Farmer,27,LAD,NL,24,14,10,138.2,45,8,36,1,4,.978,0,2,3,26,2.86,2.63,1.83,3.02,0,0,0,0,,0,5H/23,,farmeky01
569,Walker Buehler,23,LAD,NL,24,23,0,137.1,17,0,16,1,0,.941,,,1,1,1.05,1.56,0.67,1.55,,,,,,,1,ROY-3,buehlwa01
570,Aníbal Sánchez,34,ATL,NL,25,24,0,136.2,37,12,23,2,0,.946,,,0,0,2.30,1.56,1.40,1.55,,,,,,,1,,sanchan01
571,Luke Weaver,24,STL,NL,30,25,0,136.1,28,9,17,2,1,.929,,,-3,-4,1.72,1.56,0.87,1.55,,,,,,,1/H,,weavelu01
572,Gordon Beckham,31,SEA,AL,21,12,9,135.0,73,21,52,0,6,1.000,4,35,6,53,4.87,3.82,3.48,3.63,,,,,,,4/5H6D,,beckhgo01
573,Kendrys Morales,35,TOR,AL,19,17,10,134.0,126,116,9,1,13,.992,-1,-9,0,0,8.40,8.41,6.25,7.78,,,,,,,DH3/15,,moralke01
574,Rowdy Tellez,23,TOR,AL,17,15,14,134.0,125,113,10,2,11,.984,-2,-15,-1,-9,8.26,8.51,7.24,8.43,,,,,,,3/HD,,tellero01
575,Francisco Liriano,34,DET,AL,27,26,0,133.2,21,2,19,0,0,1.000,,,1,1,1.41,1.31,0.78,1.30,,,,,,,1,,liriafr01
576,Wei-Yin Chen,32,MIA,NL,26,26,0,133.1,15,4,11,0,2,1.000,,,0,0,1.01,1.56,0.58,1.55,,,,,,,1/H,,chenwe02
577,Rich Hill,38,LAD,NL,24,23,0,132.2,13,1,12,0,0,1.000,,,1,2,0.88,1.56,0.52,1.55,,,,,,,1,,hillri01
578,Michael Fulmer,25,DET,AL,24,24,0,132.1,25,11,14,0,0,1.000,,,3,5,1.70,1.31,1.04,1.30,,,,,,,1,,fulmemi01
579,Jordan Zimmermann,32,DET,AL,25,25,0,131.1,30,9,21,0,1,1.000,,,2,3,2.06,1.31,1.20,1.30,,,,,,,1,,zimmejo02
580,Sonny Gray,28,NYY,AL,30,23,0,130.1,34,15,18,1,0,.971,,,0,0,2.28,1.31,1.10,1.30,,,,,,,1,,grayso01
581,Jose Lobaton,33,NYM,NL,18,14,10,130.0,142,133,8,1,0,.993,0,0,-4,-37,9.76,9.17,7.83,9.14,0,2,12,3,20.0,0,2/H,,lobatjo01
582,Joey Lucchesi,25,SDP,NL,26,26,0,130.0,32,2,28,2,3,.938,,,2,3,2.08,1.56,1.15,1.55,,,,,,,1,,lucchjo01
583,Christin Stewart,24,DET,AL,15,15,14,130.0,43,41,0,2,0,.953,-3,-29,-5,-46,2.84,2.20,2.73,2.18,,,,,,,7/DH,,stewach02
584,Stephen Strasburg,29,WSN,NL,22,22,0,130.0,23,10,13,0,0,1.000,,,1,2,1.59,1.56,1.05,1.55,,,,,,,1,,strasst01
585,Madison Bumgarner,28,SFG,NL,21,21,0,129.2,16,3,13,0,0,1.000,,,-2,-3,1.11,1.56,0.76,1.55,,,,,,,1/H,,bumgama01
586,Eduardo Rodríguez,25,BOS,AL,27,23,0,129.2,12,1,11,0,0,1.000,,,-1,-2,0.83,1.31,0.44,1.30,,,,,,,1,,rodried05
587,Jaime Barria,21,LAA,AL,26,26,0,129.1,17,10,7,0,1,1.000,,,-1,-2,1.18,1.31,0.65,1.30,,,,,,,1,,barrija01
588,Pedro Florimón,31,PHI,NL,32,9,7,128.2,65,21,42,2,12,.969,2,14,-4,-37,4.41,3.80,1.91,3.52,,,,,,,H6/49158,,floripe01
589,Pablo Reyes,24,PIT,NL,16,13,11,128.2,34,24,8,2,1,.941,3,30,0,0,2.24,2.23,2.00,2.30,,,,,,,/97H54,,reyespa01
590,Juan Lagares,29,NYM,NL,20,13,12,128.1,36,34,2,0,0,1.000,0,2,6,56,2.52,2.08,1.80,2.08,,,,,,,8H,,lagarju01
591,Lance McCullers Jr.,24,HOU,AL,25,22,0,128.1,35,20,14,1,0,.971,,,1,2,2.38,1.31,1.36,1.30,,,,,,,1,,mcculla02
592,Max Moroff,25,PIT,NL,23,11,10,128.1,54,22,31,1,9,.981,0,-4,1,9,3.72,4.21,2.30,4.20,,,,,,,4/6H,,morofma01
593,Zach Eflin,24,PHI,NL,24,24,0,128.0,29,7,20,2,1,.931,,,-1,-2,1.90,1.56,1.13,1.55,,,,,,,1/H,,eflinza01
594,Jason Hammel,35,KCR,AL,39,18,0,127.0,19,4,15,0,0,1.000,,,2,3,1.35,1.31,0.49,1.30,,,,,,,1,,hammeja01
595,Trevor Richards,25,MIA,NL,25,25,0,126.1,20,7,13,0,1,1.000,,,2,3,1.42,1.56,0.80,1.55,,,,,,,1,,richatr01
596,Kenta Maeda,30,LAD,NL,39,20,0,125.1,23,4,18,1,1,.957,,,1,2,1.58,1.56,0.56,1.55,,,,,,,1/H,,maedake01
597,Tyler Skaggs,26,LAA,AL,24,24,0,125.1,12,3,7,2,1,.833,,,-1,-2,0.72,1.31,0.42,1.30,,,,,,,1,,skaggty01
598,Mike Montgomery,28,CHC,NL,38,19,0,124.0,39,16,22,1,1,.974,,,3,5,2.76,1.56,1.00,1.55,,,,,,,1/H,,montgmi01
599,Sam Gaviglio,28,TOR,AL,26,24,0,123.2,21,6,13,2,0,.905,,,-5,-8,1.38,1.31,0.73,1.30,,,,,,,1,,gavigsa01
600,Robbie Ray,26,ARI,NL,24,24,0,123.2,6,1,5,0,0,1.000,,,1,2,0.44,1.56,0.25,1.55,,,,,,,1/H,,rayro02
601,Dan Straily,29,MIA,NL,23,23,0,122.1,18,5,12,1,1,.944,,,3,5,1.25,1.56,0.74,1.55,,,,,,,1/H,,straida01
602,Ross Stripling,28,LAD,NL,33,21,0,122.0,24,8,15,1,1,.958,,,4,7,1.70,1.56,0.70,1.55,,,,,,,1/H,AS,stripro01
603,Dylan Covey,26,CHW,AL,27,21,0,121.2,27,9,14,4,2,.852,,,-3,-5,1.70,1.31,0.85,1.30,,,,,,,1,,coveydy01
604,Matt Szczur,28,SDP,NL,32,8,5,121.2,23,22,1,0,0,1.000,-1,-7,1,10,1.70,2.08,0.72,2.08,,,,,,,H79/8,,szczuma01
605,Chad Wallach,26,MIA,NL,14,13,12,121.2,122,112,8,2,1,.984,1,10,2,20,8.88,9.17,8.57,9.14,1,1,4,3,42.9,0,2/H,,wallach01
606,Christian Arroyo,23,TBR,AL,15,15,11,121.0,46,16,29,1,7,.978,1,7,-2,-20,3.35,3.38,3.00,3.39,,,,,,,/45HD,,arroych01
607,Carlos Rodón,25,CHW,AL,20,20,0,120.2,16,3,12,1,0,.938,,,-1,-2,1.12,1.31,0.75,1.30,,,,,,,1,,rodonca01
608,Chad Bettis,29,COL,NL,27,20,0,120.1,31,9,22,0,1,1.000,,,4,7,2.32,1.56,1.15,1.55,,,,,,,1,,bettich01
609,Ian Kennedy,33,KCR,AL,22,22,0,119.2,19,7,11,1,0,.947,,,1,2,1.35,1.31,0.82,1.30,,,,,,,1,,kenneia01
610,Gio Urshela,26,TOR,AL,17,13,8,119.2,32,8,23,1,0,.969,-1,-9,-3,-30,2.33,3.29,1.72,3.14,,,,,,,5/6HD,,urshegi01
611,Ty Blach,27,SFG,NL,47,13,0,118.2,29,5,24,0,1,1.000,,,1,2,2.20,1.56,0.62,1.55,,,,,,,1/H,,blachty01
612,Carlos Martínez,26,STL,NL,33,18,0,118.2,30,8,19,3,3,.900,,,-1,-2,2.05,1.56,0.82,1.55,,,,,,,1/H,,martica04
613,Dereck Rodríguez,26,SFG,NL,21,19,0,118.1,14,7,7,0,1,1.000,,,0,0,1.06,1.56,0.67,1.55,,,,,,,1,,rodride01
614,Chris Shaw,24,SFG,NL,15,15,10,118.0,19,18,1,0,0,1.000,0,-4,-1,-10,1.45,2.08,1.27,2.08,,,,,,,7/H,,shawch01
615,Stevie Wilkerson,26,BAL,AL,15,12,9,117.0,51,15,34,2,5,.961,2,16,2,21,3.77,3.55,3.06,3.51,,,,,,,/45H6,,wilkest01
616,Víctor Robles,21,WSN,NL,17,12,11,116.0,34,33,1,0,0,1.000,3,30,2,21,2.64,2.08,2.00,2.08,,,,,,,8/H79,,roblevi01
617,Daniel Mengden,25,OAK,AL,22,17,1,115.2,17,8,8,1,0,.941,,,-1,-2,1.24,1.31,0.73,1.30,,,,,,,1,,mengdda01
618,Joe Musgrove,25,PIT,NL,19,19,0,115.1,38,15,22,1,2,.974,,,1,2,2.89,1.56,1.95,1.55,,,,,,,1/H,,musgrjo01
619,Anthony DeSclafani,28,CIN,NL,21,21,0,115.0,21,5,13,3,0,.857,,,1,2,1.41,1.56,0.86,1.55,,,,,,,1,,desclan01
620,Shane Bieber,23,CLE,AL,20,19,0,114.2,11,6,5,0,1,1.000,,,-1,-2,0.86,1.31,0.55,1.30,,,,,,,1,,biebesh01
621,John Gant,25,STL,NL,26,19,0,114.0,21,13,8,0,0,1.000,,,-1,-2,1.66,1.56,0.81,1.55,,,,,,,1/H,,gantjo01
622,Daniel Castro,25,COL,NL,17,13,8,113.0,50,18,32,0,7,1.000,2,16,0,0,3.98,4.30,2.94,4.27,,,,,,,4/H6,,castrda01
623,Eric Lauer,23,SDP,NL,23,23,0,112.0,22,1,21,0,0,1.000,,,2,4,1.77,1.56,0.96,1.55,,,,,,,1,,lauerer01
624,Tyler Mahle,23,CIN,NL,23,23,0,112.0,13,3,9,1,1,.923,,,1,2,0.96,1.56,0.52,1.55,,,,,,,1/H,,mahlety01
625,Adrián Sanchez,27,WSN,NL,19,13,6,112.0,32,16,16,0,4,1.000,-3,-32,-1,-11,2.57,3.77,1.60,3.66,,,,,,,4H/5,,sanchad01
626,Tyler Glasnow,24,2TM,2LG,45,11,0,111.2,22,10,11,1,1,.955,,,-3,-5,1.69,1.43,0.47,1.49,,,,,,,1,,glasnty01
626,Tyler Glasnow,24,PIT,NL,34,0,0,56.0,14,6,7,1,0,.929,,,-1,-4,2.09,1.56,0.38,1.55,,,,,,,1,,glasnty01
626,Tyler Glasnow,24,TBR,AL,11,11,0,55.2,8,4,4,0,1,1.000,,,-2,-7,1.29,1.31,0.73,1.30,,,,,,,1,,glasnty01
627,Nick Ciuffo,23,TBR,AL,16,14,6,111.0,113,108,5,0,0,1.000,-2,-22,-2,-22,9.16,9.07,7.06,8.98,4,7,7,1,12.5,0,2,,ciuffni01
628,Nathan Eovaldi,28,2TM,AL,22,21,0,111.0,24,7,17,0,1,1.000,,,1,2,1.95,1.31,1.09,1.30,,,,,,,1/H,,eovalna01
628,Nathan Eovaldi,28,TBR,AL,10,10,0,57.0,12,2,10,0,1,1.000,,,1,4,1.89,1.31,1.20,1.30,,,,,,,1/H,,eovalna01
628,Nathan Eovaldi,28,BOS,AL,12,11,0,54.0,12,5,7,0,0,1.000,,,0,0,2.00,1.32,1.00,1.30,,,,,,,1,,eovalna01
629,Trevor Cahill,30,OAK,AL,21,20,0,110.0,22,5,16,1,1,.955,,,1,2,1.72,1.31,1.00,1.30,,,,,,,1,,cahiltr01
630,Robbie Erlin,27,SDP,NL,39,12,0,109.0,25,4,20,1,4,.960,,,2,4,1.98,1.56,0.62,1.55,,,,,,,1/H,,erlinro01
631,Jabari Blash,28,LAA,AL,20,11,9,108.1,22,21,0,1,0,.955,-3,-33,-2,-22,1.74,2.20,1.05,2.18,,,,,,,9/7HD,,blashja01
632,Luis Urías,21,SDP,NL,12,12,11,108.0,47,18,29,0,9,1.000,1,13,3,33,3.92,4.31,3.92,4.29,,,,,,,4,,uriaslu01
633,Andrew Stevenson,24,WSN,NL,20,10,7,106.2,20,19,0,1,0,.950,-2,-26,0,0,1.60,2.08,0.95,2.08,,,,,,,H7/89,,stevean01
634,Homer Bailey,32,CIN,NL,20,20,1,106.1,23,9,14,0,0,1.000,,,-1,-2,1.95,1.56,1.15,1.55,,,,,,,1,,baileho02
635,Moisés Sierra,29,WSN,NL,17,11,7,105.1,16,16,0,0,0,1.000,2,18,1,11,1.37,2.08,0.94,2.08,,,,,,,7H/9,,sierrmo01
636,Aaron Sanchez,25,TOR,AL,20,20,0,105.0,19,3,15,1,1,.947,,,3,6,1.54,1.31,0.90,1.30,,,,,,,1,,sanchaa01
637,Tyler Chatwood,28,CHC,NL,24,20,0,103.2,29,12,15,2,3,.931,,,0,0,2.34,1.56,1.13,1.55,,,,,,,1/H,,chatwty01
638,David Hess,24,BAL,AL,21,19,0,103.1,17,5,9,3,1,.824,,,-1,-2,1.22,1.31,0.67,1.30,,,,,,,1,,hessda01
639,Yandy Díaz,26,CLE,AL,18,11,7,102.2,69,51,17,1,2,.986,1,15,-1,-12,5.96,5.72,3.78,5.52,,,,,,,D/35H,,diazya01
640,Marcus Stroman,27,TOR,AL,19,19,0,102.1,38,10,28,0,1,1.000,,,6,12,3.34,1.31,2.00,1.30,,,,,,,1,,stromma01
641,Matt Moore,29,TEX,AL,39,12,0,102.0,14,2,11,1,1,.929,,,1,2,1.15,1.31,0.33,1.30,,,,,,,1,,moorema02
642,Héctor Santiago,30,CHW,AL,49,7,0,102.0,10,3,7,0,1,1.000,,,1,2,0.88,1.31,0.20,1.30,,,,,,,1,,santihe01
643,Seth Lugo,28,NYM,NL,54,5,0,101.1,19,10,8,1,0,.947,,,1,2,1.60,1.56,0.33,1.55,,,,,,,1,,lugose01
644,Brent Suter,28,MIL,NL,20,18,0,101.1,28,10,18,0,1,1.000,,,3,6,2.49,1.56,1.40,1.55,,,,,,,1/H,,suterbr01
645,Mike Gerber,25,DET,AL,12,12,12,101.0,26,25,1,0,0,1.000,3,39,0,0,2.32,2.20,2.17,2.18,,,,,,,/7H8D9,,gerbemi01
646,Carson Kelly,23,STL,NL,16,11,10,100.0,91,85,6,0,0,1.000,0,0,-1,-12,8.19,9.17,5.69,9.14,0,4,5,0,0.0,0,2/H,,kellyca02
647,Garrett Hampson,23,COL,NL,16,10,9,99.1,43,10,30,3,4,.930,2,23,-1,-12,3.62,4.07,2.50,3.98,,,,,,,H/648,,hampsga01
648,Brian Johnson,27,BOS,AL,38,13,0,99.1,6,1,5,0,0,1.000,,,-1,-2,0.54,1.31,0.16,1.30,,,,,,,1,,johnsbr02
649,Jake Smolinski,29,OAK,AL,17,11,8,99.0,30,30,0,0,0,1.000,2,18,2,24,2.73,2.19,1.76,2.13,,,,,,,8/H17,,smolija01
650,Tim Federowicz,30,2TM,2LG,14,10,10,99.0,105,96,8,1,0,.990,-3,-36,-2,-24,9.45,9.08,7.43,9.03,1,7,7,0,0.0,0,2/H,,federti01
650,Tim Federowicz,30,HOU,AL,10,9,9,82.0,96,87,8,1,0,.990,-2,-29,-2,-29,10.43,9.07,9.50,8.98,1,5,6,0,0.0,0,2,,federti01
650,Tim Federowicz,30,CIN,NL,4,1,1,17.0,9,9,0,0,0,1.000,-1,-71,0,0,4.76,9.16,2.25,9.15,0,2,1,0,0.0,0,/2H,,federti01
651,Clay Buchholz,33,ARI,NL,16,16,1,98.1,13,2,9,2,1,.846,,,0,0,1.01,1.56,0.69,1.55,,,,,,,1,,buchhcl01
652,Ryan Borucki,24,TOR,AL,17,17,0,97.2,14,3,10,1,1,.929,,,-3,-6,1.20,1.31,0.76,1.30,,,,,,,1,,borucry01
653,Jesse Chavez,34,2TM,2LG,62,0,0,95.1,12,3,9,0,0,1.000,,,1,2,1.13,1.42,0.19,1.43,,,,,,,1,,chaveje01
653,Jesse Chavez,34,TEX,AL,30,0,0,56.1,7,1,6,0,0,1.000,,,0,0,1.12,1.31,0.23,1.30,,,,,,,1,,chaveje01
653,Jesse Chavez,34,CHC,NL,32,0,0,39.0,5,2,3,0,0,1.000,,,1,5,1.15,1.57,0.16,1.55,,,,,,,1,,chaveje01
654,Yovani Gallardo,32,2TM,2LG,21,18,0,94.1,16,5,11,0,3,1.000,,,0,0,1.53,1.32,0.76,1.34,,,,,,,1,,gallayo01
654,Yovani Gallardo,32,CIN,NL,3,0,0,2.1,0,0,0,0,0,,,,0,0,0.00,1.54,0.00,1.57,,,,,,,/1,,gallayo01
654,Yovani Gallardo,32,TEX,AL,18,18,0,92.0,16,5,11,0,3,1.000,,,0,0,1.57,1.31,0.89,1.30,,,,,,,1,,gallayo01
655,Matt Holliday,38,COL,NL,13,13,2,93.0,15,12,1,2,1,.867,-2,-23,-2,-26,1.26,2.22,0.93,2.54,,,,,,,7H/3D,,hollima01
656,Yusmeiro Petit,33,OAK,AL,74,0,0,93.0,16,5,11,0,1,1.000,,,-1,-2,1.55,1.31,0.22,1.30,,,,,,,1,,petityu01
657,Francisco Mejia,22,SDP,NL,10,10,9,92.2,107,103,4,0,0,1.000,-1,-13,-1,-13,10.39,9.18,10.70,9.14,4,3,3,1,25.0,0,2/HD,,mejiafr01
658,Félix Peña,28,LAA,AL,19,17,0,92.2,18,6,12,0,2,1.000,,,2,4,1.75,1.31,0.95,1.30,,,,,,,1,,penafe01
659,Ryan Cordell,26,CHW,AL,15,10,7,92.1,23,23,0,0,0,1.000,-1,-16,-2,-26,2.24,2.20,1.53,2.18,,,,,,,/98H,,cordery01
660,Edwin Jackson,34,OAK,AL,17,17,0,92.0,18,6,10,2,2,.889,,,1,2,1.57,1.31,0.94,1.30,,,,,,,1,,jacksed01
661,Jason Vargas,35,NYM,NL,20,20,0,92.0,20,3,17,0,0,1.000,,,2,4,1.96,1.56,1.00,1.55,,,,,,,1/H,,vargaja01
662,Taylor Motter,28,2TM,AL,16,9,6,92.0,37,30,7,0,2,1.000,-1,-10,2,26,3.62,4.79,2.18,4.34,,,,,,,/39H45167D,,motteta01
662,Taylor Motter,28,SEA,AL,7,4,3,38.0,20,20,0,0,2,1.000,-1,-25,0,0,4.74,7.79,2.86,6.53,,,,,,,/317DH,,motteta01
662,Taylor Motter,28,MIN,AL,9,5,3,54.0,17,10,7,0,0,1.000,0,0,2,44,2.83,2.68,1.70,2.81,,,,,,,/945H6,,motteta01
663,Steven Brault,26,PIT,NL,45,5,0,91.2,23,7,16,0,2,1.000,,,6,13,2.26,1.56,0.51,1.55,,,,,,,1/H,,braulst01
664,Jeremy Hellickson,31,WSN,NL,19,19,0,91.1,18,7,10,1,2,.944,,,2,4,1.68,1.56,0.89,1.55,,,,,,,1,,hellije01
665,Jacob Stallings,28,PIT,NL,13,9,9,91.0,105,96,9,0,1,1.000,-1,-13,0,0,10.38,9.17,8.08,9.14,0,5,7,2,22.2,0,2/H,,stallja01
666,Ichiro Suzuki,44,SEA,AL,12,12,6,91.0,21,21,0,0,0,1.000,0,5,-2,-26,2.08,2.20,1.75,2.18,,,,,,,7/DH9,,suzukic01
667,Antonio Senzatela,23,COL,NL,23,13,0,90.1,12,4,8,0,1,1.000,,,2,4,1.20,1.56,0.52,1.55,,,,,,,1,,senzaan01
668,Yonny Chirinos,24,TBR,AL,18,7,0,89.2,9,3,6,0,1,1.000,,,0,0,0.90,1.31,0.50,1.30,,,,,,,1,,chiriyo01
669,Peter Bourjos,31,ATL,NL,25,4,4,89.0,18,17,1,0,0,1.000,4,57,1,13,1.82,2.08,0.72,2.08,,,,,,,7H/89,,bourjpe01
670,Chase Headley,34,SDP,NL,14,9,7,88.2,39,23,15,1,6,.974,0,3,2,27,3.86,4.03,2.71,3.81,,,,,,,H5/3D,,headlch01
671,Colby Rasmus,31,BAL,AL,15,8,6,88.2,19,17,1,1,1,.947,1,19,3,41,1.83,2.20,1.20,2.18,,,,,,,9/H7D8,,rasmuco01
672,Jordan Lyles,27,2TM,NL,35,8,0,87.2,14,6,7,1,0,.929,,,-2,-5,1.33,1.56,0.37,1.55,,,,,,,1/H,,lylesjo01
672,Jordan Lyles,27,SDP,NL,24,8,0,71.1,14,6,7,1,0,.929,,,-2,-6,1.64,1.56,0.54,1.55,,,,,,,1/H,,lylesjo01
672,Jordan Lyles,27,MIL,NL,11,0,0,16.1,0,0,0,0,0,,,,0,0,0.00,1.54,0.00,1.55,,,,,,,1,,lylesjo01
673,DJ Stewart,24,BAL,AL,13,9,4,87.0,26,24,2,0,2,1.000,3,36,2,28,2.69,2.20,2.00,2.18,,,,,,,/79HD,,stewadj01
674,Matt Koch,27,ARI,NL,19,14,0,86.2,15,7,8,0,1,1.000,,,1,2,1.56,1.56,0.79,1.55,,,,,,,1,,kochma01
675,Miguel Castro,23,BAL,AL,63,1,0,86.1,12,3,7,2,0,.833,,,-2,-5,1.04,1.31,0.16,1.30,,,,,,,1,,castrmi01
676,Khris Davis,30,OAK,AL,11,10,7,86.0,17,17,0,0,0,1.000,-3,-42,-5,-70,1.78,2.20,1.55,2.18,,,,,,,*D7/H,MVP-8,daviskh01
677,Blaine Hardy,31,DET,AL,30,13,0,86.0,14,4,9,1,1,.929,,,-2,-5,1.36,1.31,0.43,1.30,,,,,,,1,,hardybl01
678,Domingo Germán,25,NYY,AL,21,14,0,85.2,8,3,5,0,1,1.000,,,-3,-7,0.84,1.31,0.38,1.30,,,,,,,1,,germado01
679,Martín Pérez,27,TEX,AL,22,15,0,85.1,8,1,7,0,1,1.000,,,-4,-9,0.84,1.31,0.36,1.30,,,,,,,1,,perezma02
680,Patrick Wisdom,26,STL,NL,16,8,6,85.1,42,26,13,3,6,.929,-3,-37,-1,-14,4.11,4.01,2.29,3.94,,,,,,,H5/3,,wisdopa01
681,Chad Kuhl,25,PIT,NL,16,16,0,85.0,16,4,11,1,0,.938,,,0,0,1.59,1.56,0.94,1.55,,,,,,,1/H,,kuhlch01
682,Hector Velázquez,29,BOS,AL,47,8,0,85.0,16,6,9,1,3,.938,,,0,0,1.59,1.31,0.32,1.30,,,,,,,1,,velazhe01
683,Michael Wacha,26,STL,NL,15,15,0,84.1,11,2,8,1,0,.909,,,0,0,1.07,1.56,0.67,1.55,,,,,,,1,,wachami01
684,Mike Wright Jr.,28,BAL,AL,48,3,0,84.1,14,5,8,1,2,.929,,,1,2,1.39,1.31,0.27,1.30,,,,,,,1,,wrighmi01
685,Sócrates Brito,25,ARI,NL,15,9,7,84.0,20,20,0,0,0,1.000,-2,-21,1,14,2.14,2.08,1.33,2.08,,,,,,,9H/78,,britoso01
686,Noé Ramirez,28,LAA,AL,69,1,0,83.1,10,5,4,1,0,.900,,,-1,-2,0.97,1.31,0.13,1.30,,,,,,,1,,ramirno01
687,Juan Centeno,28,TEX,AL,10,9,9,83.0,67,67,0,0,0,1.000,-1,-14,-1,-14,7.27,9.07,6.70,8.98,1,6,0,0,,0,2,,centeju01
688,Heath Fillmyer,24,KCR,AL,17,13,0,82.1,9,4,5,0,0,1.000,,,-2,-5,0.98,1.31,0.53,1.30,,,,,,,1,,fillmhe01
689,Hyun Jin Ryu,31,LAD,NL,15,15,0,82.1,9,2,7,0,0,1.000,,,0,0,0.98,1.56,0.60,1.55,,,,,,,1/H,,ryuhy01
690,Michael Lorenzen,26,CIN,NL,46,3,0,82.0,21,8,12,1,1,.952,0,0,-2,-5,2.20,1.56,0.43,1.56,,,,,,,1H/9,,lorenmi01
691,Jaime García,31,2TM,2LG,33,14,0,82.0,16,4,9,3,0,.813,,,-1,-2,1.43,1.33,0.39,1.36,,,,,,,1,,garcija02
691,Jaime García,31,TOR,AL,25,13,0,74.1,12,2,7,3,0,.750,,,0,0,1.09,1.31,0.36,1.30,,,,,,,1,,garcija02
691,Jaime García,31,CHC,NL,8,1,0,7.2,4,2,2,0,0,1.000,,,-1,-26,4.70,1.53,0.50,1.55,,,,,,,/1,,garcija02
692,Josh Hader,24,MIL,NL,55,0,0,81.1,6,4,2,0,0,1.000,,,-1,-2,0.66,1.56,0.11,1.55,,,,,,,1,ASCYA-7,haderjo01
693,Wade Miley,31,MIL,NL,16,16,0,80.2,17,5,11,1,1,.941,,,3,7,1.79,1.56,1.00,1.55,,,,,,,1,,mileywa01
694,Brett Anderson,30,OAK,AL,17,17,0,80.1,8,1,7,0,1,1.000,,,-2,-5,0.90,1.31,0.47,1.30,,,,,,,1,,anderbr04
695,Blake Treinen,30,OAK,AL,68,0,0,80.1,16,4,11,1,0,.938,,,-1,-2,1.68,1.31,0.22,1.30,,,,,,,1,ASCYA-6MVP-15,treinbl01
696,Robert Gsellman,24,NYM,NL,68,0,0,80.0,7,1,6,0,0,1.000,,,-2,-5,0.79,1.56,0.10,1.55,,,,,,,1,,gsellro01
697,Reese McGuire,23,TOR,AL,11,10,6,80.0,76,72,3,1,0,.987,-2,-30,-2,-30,8.44,9.07,6.82,8.98,1,4,13,2,13.3,0,2/H,,mcguire01
698,Craig Stammen,34,SDP,NL,73,0,0,79.0,12,2,10,0,1,1.000,,,-1,-3,1.37,1.56,0.16,1.55,,,,,,,1,,stammcr01
699,Kristopher Negrón,32,2TM,2LG,13,9,4,79.0,28,17,11,0,1,1.000,3,41,3,46,3.19,2.78,2.00,2.80,,,,,,,/H57D469,,negrokr01
699,Kristopher Negrón,32,ARI,NL,1,1,0,6.0,1,1,0,0,0,1.000,1,100,1,200,1.50,2.10,1.00,2.10,,,,,,,/9H,,negrokr01
699,Kristopher Negrón,32,SEA,AL,12,8,4,73.0,27,16,11,0,1,1.000,2,36,2,33,3.33,2.84,2.08,2.85,,,,,,,/H57D469,,negrokr01
700,Garrett Cooper,27,MIA,NL,12,10,5,78.2,42,38,4,0,1,1.000,1,21,3,46,4.81,4.26,3.23,4.10,,,,,,,/73H9,,coopega03
701,Jared Hughes,32,CIN,NL,72,0,0,78.2,29,15,14,0,1,1.000,,,-2,-5,3.32,1.56,0.40,1.55,,,,,,,1,,hugheja02
702,Brandon McCarthy,34,ATL,NL,15,15,0,78.2,23,4,18,1,4,.957,,,2,5,2.52,1.56,1.47,1.55,,,,,,,1,,mccarbr01
703,Matt Andriese,28,2TM,2LG,41,5,0,78.2,9,4,4,1,0,.889,,,-1,-3,0.92,1.37,0.20,1.39,,,,,,,1,,andrima01
703,Matt Andriese,28,TBR,AL,27,4,0,59.2,7,4,2,1,0,.857,,,-1,-3,0.91,1.31,0.22,1.30,,,,,,,1,,andrima01
703,Matt Andriese,28,ARI,NL,14,1,0,19.0,2,0,2,0,0,1.000,,,0,0,0.95,1.56,0.14,1.55,,,,,,,1,,andrima01
704,Freddy Peralta,22,MIL,NL,16,14,0,78.1,5,2,3,0,0,1.000,,,-1,-3,0.57,1.56,0.31,1.55,,,,,,,1,,peralfr01
705,Clint Frazier,23,NYY,AL,10,8,8,78.0,15,15,0,0,0,1.000,-2,-25,0,0,1.73,2.20,1.50,2.18,,,,,,,/7H8D,,frazicl01
706,Burch Smith,28,KCR,AL,38,6,0,78.0,8,4,4,0,0,1.000,,,-2,-5,0.92,1.32,0.21,1.30,,,,,,,1,,smithbu03
707,Dylan Cozens,24,PHI,NL,14,8,5,77.2,16,16,0,0,0,1.000,-1,-17,0,0,1.85,2.09,1.14,2.08,,,,,,,H/79,,cozendy01
708,Jordan Hicks,21,STL,NL,73,0,0,77.2,17,4,13,0,0,1.000,,,0,0,1.97,1.56,0.23,1.55,,,,,,,1,,hicksjo03
709,Adam Ottavino,32,COL,NL,75,0,0,77.2,13,8,4,1,0,.923,,,-5,-13,1.39,1.56,0.16,1.55,,,,,,,1,,ottavad01
710,Caleb Smith,26,MIA,NL,16,16,0,77.1,9,3,5,1,0,.889,,,1,3,0.93,1.56,0.50,1.55,,,,,,,1,,smithca03
711,Mychal Givens,28,BAL,AL,69,0,0,76.2,9,4,4,1,0,.889,,,1,3,0.94,1.31,0.12,1.30,,,,,,,1,,givenmy01
712,Jeremy Jeffress,30,MIL,NL,73,0,0,76.2,8,4,4,0,0,1.000,,,-1,-3,0.94,1.56,0.11,1.55,,,,,,,1,AS,jeffrje01
713,Adam Plutko,26,CLE,AL,17,12,0,76.2,10,3,7,0,0,1.000,,,2,5,1.17,1.31,0.59,1.30,,,,,,,1,,plutkad01
714,Garrett Richards,30,LAA,AL,16,16,0,76.1,8,3,4,1,0,.875,,,1,3,0.83,1.31,0.44,1.30,,,,,,,1,,richaga01
715,Nick Kingham,26,PIT,NL,18,15,0,76.0,14,6,4,4,0,.714,,,-1,-3,1.18,1.56,0.56,1.55,,,,,,,1,,kinghni01
716,Nick Tropeano,27,LAA,AL,14,14,0,76.0,11,5,6,0,1,1.000,,,0,0,1.30,1.31,0.79,1.30,,,,,,,1,,tropeni01
717,Brian Flynn,28,KCR,AL,48,0,0,75.2,6,0,6,0,1,1.000,,,-2,-5,0.71,1.31,0.13,1.30,,,,,,,1,,flynnbr01
718,Chad Green,27,NYY,AL,63,0,0,75.2,5,1,4,0,0,1.000,,,1,3,0.59,1.31,0.08,1.30,,,,,,,1,,greench03
719,Austin Gomber,24,STL,NL,29,11,0,75.0,11,1,10,0,0,1.000,,,1,3,1.32,1.56,0.38,1.55,,,,,,,1,,gombeau01
720,Drew Pomeranz,29,BOS,AL,26,11,0,74.0,5,2,3,0,0,1.000,,,-1,-3,0.61,1.31,0.19,1.30,,,,,,,1,,pomerdr01
721,Lou Trivino,26,OAK,AL,69,1,0,74.0,6,4,2,0,1,1.000,,,-2,-5,0.73,1.31,0.09,1.30,,,,,,,1,,trivilo01
722,Brad Ziegler,38,2TM,NL,82,0,0,73.2,26,4,21,1,2,.962,,,1,3,3.05,1.56,0.30,1.55,,,,,,,1,,zieglbr01
722,Brad Ziegler,38,MIA,NL,53,0,0,52.0,21,4,16,1,2,.952,,,1,4,3.46,1.56,0.38,1.55,,,,,,,1,,zieglbr01
722,Brad Ziegler,38,ARI,NL,29,0,0,21.2,5,0,5,0,0,1.000,,,0,0,2.08,1.58,0.17,1.55,,,,,,,1,,zieglbr01
723,Edwin Díaz,24,SEA,AL,73,0,0,73.1,7,1,6,0,0,1.000,,,2,5,0.86,1.31,0.10,1.30,,,,,,,1,ASCYA-8MVP-18,diazed04
724,Trevor Hildenberger,27,MIN,AL,73,0,0,73.0,19,4,15,0,0,1.000,,,1,3,2.34,1.31,0.26,1.30,,,,,,,1,,hildetr01
725,Bryan Mitchell,27,SDP,NL,16,11,0,73.0,14,6,7,1,0,.929,,,-2,-5,1.60,1.57,0.81,1.55,,,,,,,1,,mitchbr01
726,Collin McHugh,31,HOU,AL,58,0,0,72.1,9,3,5,1,0,.889,,,2,6,1.00,1.31,0.14,1.30,,,,,,,1,,mchugco01
727,Meibrys Viloria,21,KCR,AL,10,7,7,72.1,67,60,7,0,0,1.000,-1,-17,-1,-17,8.34,9.07,6.70,8.98,1,7,8,3,27.3,0,2,,vilorme01
728,Joe Biagini,28,TOR,AL,50,4,0,72.0,8,1,6,1,0,.875,,,-5,-14,0.88,1.31,0.14,1.30,,,,,,,1,,biagijo01
729,Raisel Iglesias,28,CIN,NL,66,0,0,72.0,20,10,9,1,2,.950,,,0,0,2.38,1.56,0.29,1.55,,,,,,,1,,iglesra01
730,Mike Marjama,28,SEA,AL,10,8,7,72.0,66,61,4,1,0,.985,0,0,-1,-17,8.13,9.08,6.50,8.98,0,5,3,0,0.0,0,2/H,,marjami01
731,Kevin McCarthy,26,KCR,AL,65,0,0,72.0,14,3,9,2,0,.857,,,0,0,1.50,1.31,0.18,1.30,,,,,,,1,,mccarke01
732,T.J. McFarland,29,ARI,NL,47,0,0,72.0,22,4,16,2,0,.909,,,-1,-3,2.50,1.56,0.43,1.55,,,,,,,1,,mcfartj01
733,Brad Hand,28,2TM,2LG,69,0,0,72.0,11,1,9,1,0,.909,,,1,3,1.25,1.46,0.14,1.45,,,,,,,1,AS,handbr01
733,Brad Hand,28,SDP,NL,41,0,0,44.1,8,0,7,1,0,.875,,,1,5,1.42,1.56,0.17,1.55,,,,,,,1,,handbr01
733,Brad Hand,28,CLE,AL,28,0,0,27.2,3,1,2,0,0,1.000,,,0,0,0.98,1.30,0.11,1.30,,,,,,,1,,handbr01
734,Jeurys Familia,28,2TM,2LG,70,0,0,72.0,8,3,5,0,0,1.000,,,0,0,1.00,1.46,0.11,1.44,,,,,,,1,,familje01
734,Jeurys Familia,28,NYM,NL,40,0,0,40.2,5,2,3,0,0,1.000,,,0,0,1.11,1.57,0.13,1.55,,,,,,,1,,familje01
734,Jeurys Familia,28,OAK,AL,30,0,0,31.1,3,1,2,0,0,1.000,,,0,0,0.86,1.32,0.10,1.30,,,,,,,1,,familje01
735,Archie Bradley,25,ARI,NL,76,0,0,71.2,10,3,7,0,1,1.000,,,-1,-3,1.26,1.56,0.13,1.55,,,,,,,1,,bradlar01
736,Kenley Jansen,30,LAD,NL,69,0,0,71.2,5,1,4,0,1,1.000,,,-2,-6,0.63,1.56,0.07,1.55,,,,,,,1,AS,janseke01
737,Ramón Torres,25,KCR,AL,9,8,8,71.0,29,11,16,2,4,.931,-1,-12,0,0,3.42,3.04,3.00,3.10,,,,,,,/54,,torrera01
738,Ryan Pressly,29,2TM,AL,77,0,0,71.0,13,4,9,0,0,1.000,,,1,3,1.65,1.31,0.17,1.30,,,,,,,1,,pressry01
738,Ryan Pressly,29,MIN,AL,51,0,0,47.2,7,2,5,0,0,1.000,,,1,4,1.32,1.30,0.14,1.30,,,,,,,1,,pressry01
738,Ryan Pressly,29,HOU,AL,26,0,0,23.1,6,2,4,0,0,1.000,,,0,0,2.31,1.31,0.23,1.30,,,,,,,1,,pressry01
739,Steve Cishek,32,CHC,NL,80,0,0,70.2,14,5,8,1,1,.929,0,0,0,0,1.66,1.57,0.16,1.56,,,,,,,1/7,,cishest01
740,Jack Reinheimer,25,NYM,NL,13,6,5,70.2,20,8,12,0,1,1.000,-1,-12,-1,-17,2.55,2.94,1.43,2.76,,,,,,,H/7564,,reinhja01
741,Sam Dyson,30,SFG,NL,74,0,0,70.1,13,5,8,0,2,1.000,,,-2,-6,1.66,1.56,0.18,1.55,,,,,,,1,,dysonsa01
742,Josh Tomlin,33,CLE,AL,32,9,0,70.1,7,3,4,0,0,1.000,,,-1,-3,0.90,1.31,0.22,1.30,,,,,,,1,,tomlijo01
743,Eric Skoglund,25,KCR,AL,14,13,0,70.0,10,0,9,1,1,.900,,,-1,-3,1.16,1.31,0.64,1.30,,,,,,,1,,skogler01
744,Felipe Vázquez,26,PIT,NL,70,0,0,70.0,8,2,5,1,0,.875,,,-2,-6,0.90,1.56,0.10,1.55,,,,,,,1,AS,riverfe01
745,Austin Pruitt,28,TBR,AL,23,0,0,69.2,10,2,8,0,1,1.000,,,0,0,1.29,1.30,0.43,1.30,,,,,,,1,,pruitau01
746,David Robertson,33,NYY,AL,69,0,0,69.2,12,6,5,1,0,.917,,,0,0,1.42,1.30,0.16,1.30,,,,,,,1,,roberda08
747,Buck Farmer,27,DET,AL,66,1,0,69.1,12,3,8,1,0,.917,,,0,0,1.43,1.31,0.17,1.30,,,,,,,1,,farmebu01
748,Richard Rodríguez,28,PIT,NL,63,0,0,69.1,8,2,6,0,0,1.000,,,0,0,1.04,1.56,0.13,1.55,,,,,,,1,,rodriri05
749,Tyler Clippard,33,TOR,AL,73,1,0,68.2,5,2,3,0,0,1.000,,,-1,-3,0.66,1.31,0.07,1.30,,,,,,,1,,clippty01
750,Alex Claudio,26,TEX,AL,66,1,0,68.1,25,4,21,0,1,1.000,,,2,6,3.29,1.30,0.38,1.30,,,,,,,1,,claudal01
751,Taylor Rogers,27,MIN,AL,72,0,0,68.1,14,6,8,0,0,1.000,,,0,0,1.84,1.30,0.19,1.30,,,,,,,1,,rogerta01
752,Adam Cimber,27,2TM,2LG,70,0,0,68.1,19,2,16,1,1,.947,,,1,3,2.37,1.49,0.26,1.45,,,,,,,1,,cimbead01
752,Adam Cimber,27,SDP,NL,42,0,0,48.1,11,1,9,1,0,.909,,,0,0,1.86,1.56,0.24,1.55,,,,,,,1,,cimbead01
752,Adam Cimber,27,CLE,AL,28,0,0,20.0,8,1,7,0,1,1.000,,,1,10,3.60,1.31,0.29,1.30,,,,,,,1,,cimbead01
753,Seunghwan Oh,35,2TM,2LG,73,0,0,68.1,5,2,2,1,1,.800,,,0,0,0.53,1.38,0.05,1.39,,,,,,,1,,ohse01
753,Seunghwan Oh,35,TOR,AL,48,0,0,47.0,3,1,1,1,0,.667,,,0,0,0.38,1.30,0.04,1.30,,,,,,,1,,ohse01
753,Seunghwan Oh,35,COL,NL,25,0,0,21.1,2,1,1,0,1,1.000,,,0,0,0.84,1.56,0.08,1.55,,,,,,,1,,ohse01
754,Alex Colomé,29,2TM,AL,70,0,0,68.0,10,5,5,0,0,1.000,,,-1,-3,1.32,1.31,0.14,1.30,,,,,,,1,,colomal01
754,Alex Colomé,29,TBR,AL,23,0,0,21.2,4,2,2,0,0,1.000,,,0,0,1.66,1.33,0.17,1.30,,,,,,,1,,colomal01
754,Alex Colomé,29,SEA,AL,47,0,0,46.1,6,3,3,0,0,1.000,,,-1,-4,1.17,1.30,0.13,1.30,,,,,,,1,,colomal01
755,Sergio Romo,35,TBR,AL,73,5,0,67.2,2,0,2,0,0,1.000,0,0,-4,-12,0.27,1.32,0.03,1.32,,,,,,,1/5,,romose01
756,Hanser Alberto,25,TEX,AL,11,7,5,67.0,34,13,20,1,6,.971,-1,-25,-1,-18,4.43,3.72,2.75,3.59,,,,,,,/645H,,alberha01
757,Cody Allen,29,CLE,AL,70,0,0,67.0,9,3,6,0,1,1.000,,,0,0,1.21,1.32,0.13,1.30,,,,,,,1,,allenco01
758,Dellin Betances,30,NYY,AL,66,0,0,66.2,14,3,8,3,0,.786,,,-1,-3,1.49,1.31,0.17,1.30,,,,,,,1,,betande01
759,Yoshihisa Hirano,34,ARI,NL,75,0,0,66.1,11,3,8,0,2,1.000,,,1,3,1.49,1.56,0.15,1.55,,,,,,,1,ROY-6,hiranyo01
760,Blake Parker,33,LAA,AL,67,0,0,66.1,3,2,1,0,0,1.000,,,0,0,0.41,1.32,0.04,1.30,,,,,,,1,,parkebl01
761,Edgar Santana,26,PIT,NL,69,0,0,66.1,13,4,8,1,0,.923,,,1,3,1.63,1.56,0.17,1.55,,,,,,,1,,santaed01
762,Ryne Stanek,26,TBR,AL,59,29,0,66.1,6,2,4,0,0,1.000,,,1,3,0.81,1.32,0.10,1.30,,,,,,,1,,stanery01
763,Scott Alexander,28,LAD,NL,73,2,0,66.0,17,1,16,0,2,1.000,,,3,9,2.32,1.55,0.23,1.55,,,,,,,1,,alexasc02
764,Zach Davies,25,MIL,NL,13,13,0,66.0,14,4,9,1,1,.929,,,3,9,1.77,1.55,1.00,1.55,,,,,,,1,,davieza02
765,Jonathan Davis,26,TOR,AL,16,6,3,66.0,21,19,1,1,1,.952,-1,-22,-1,-18,2.73,2.20,1.25,2.18,,,,,,,/87HD,,davisjo05
766,Doug Fister,34,TEX,AL,12,12,0,66.0,13,2,9,2,0,.846,,,1,3,1.50,1.31,0.92,1.30,,,,,,,1,,fistedo01
767,Jarlín García,25,MIA,NL,29,7,0,66.0,9,3,4,2,0,.778,,,0,0,0.95,1.55,0.24,1.55,,,,,,,1,,garcija04
768,Jonathan Holder,25,NYY,AL,60,1,0,66.0,4,1,3,0,0,1.000,,,-1,-3,0.55,1.31,0.07,1.30,,,,,,,1,,holdejo02
769,Kevin Kramer,24,PIT,NL,10,7,5,66.0,27,11,15,1,4,.963,-3,-51,-1,-18,3.55,3.40,2.36,3.15,,,,,,,H/54,,krameke01
770,Cliff Pennington,34,CIN,NL,11,6,5,66.0,20,2,16,2,2,.900,-2,-31,-1,-18,2.45,2.90,1.29,2.95,,,,,,,/56H1,,pennicl01
771,Tony Watson,33,SFG,NL,72,0,0,66.0,17,6,11,0,2,1.000,,,1,3,2.32,1.55,0.24,1.55,,,,,,,1,,watsoto01
772,Elieser Hernández,23,MIA,NL,32,6,0,65.2,7,2,5,0,0,1.000,,,1,3,0.96,1.56,0.22,1.55,,,,,,,1,,hernael01
773,Joe Kelly,30,BOS,AL,73,0,0,65.2,13,3,8,2,0,.846,,,-1,-3,1.51,1.32,0.15,1.30,,,,,,,1,,kellyjo05
774,Wade Davis,32,COL,NL,69,0,0,65.1,11,8,3,0,1,1.000,,,0,0,1.52,1.56,0.16,1.55,,,,,,,1,,daviswa01
775,Yefry Ramírez,24,BAL,AL,17,12,0,65.1,8,2,6,0,0,1.000,,,-2,-6,1.10,1.31,0.47,1.30,,,,,,,1,,ramirye01
776,Jake Faria,24,TBR,AL,17,12,0,65.0,10,3,6,1,1,.900,,,0,0,1.25,1.32,0.53,1.30,,,,,,,1,,fariaja01
777,Frankie Montas,25,OAK,AL,13,11,0,65.0,5,0,5,0,0,1.000,,,-1,-3,0.69,1.32,0.38,1.30,,,,,,,1,,montafr02
778,Reyes Moronta,25,SFG,NL,69,0,0,65.0,7,4,3,0,0,1.000,,,-2,-6,0.97,1.56,0.10,1.55,,,,,,,1,,moronre01
779,Brad Peacock,30,HOU,AL,61,1,0,65.0,6,2,3,1,0,.833,,,0,0,0.69,1.32,0.08,1.30,,,,,,,1,,peacobr01
780,Corey Oswalt,24,NYM,NL,17,12,0,64.2,16,8,8,0,3,1.000,,,0,0,2.23,1.56,0.94,1.55,,,,,,,1,,oswalco01
781,Drew Steckenrider,27,MIA,NL,71,0,0,64.2,6,3,3,0,0,1.000,,,-1,-3,0.84,1.56,0.08,1.55,,,,,,,1,,steckdr01
782,Ryan Tepera,30,TOR,AL,68,0,0,64.2,11,2,8,1,0,.909,,,0,0,1.39,1.31,0.15,1.30,,,,,,,1,,teperry01
783,José Alvarado,23,TBR,AL,70,0,0,64.1,6,1,5,0,1,1.000,0,0,-1,-3,0.84,1.34,0.08,1.40,,,,,,,1/3,,alvarjo03
784,Dan Jennings,31,MIL,NL,72,1,0,64.1,13,3,10,0,0,1.000,,,1,3,1.82,1.55,0.18,1.55,,,,,,,1,,jennida01
785,Fernando Rodney,41,2TM,AL,68,0,0,64.1,10,4,6,0,1,1.000,,,-1,-3,1.40,1.32,0.15,1.30,,,,,,,1,,rodnefe01
785,Fernando Rodney,41,MIN,AL,46,0,0,43.2,8,3,5,0,1,1.000,,,-1,-5,1.65,1.32,0.17,1.30,,,,,,,1,,rodnefe01
785,Fernando Rodney,41,OAK,AL,22,0,0,20.2,2,1,1,0,0,1.000,,,0,0,0.87,1.31,0.09,1.30,,,,,,,1,,rodnefe01
786,Cam Bedrosian,26,LAA,AL,71,0,0,64.0,10,3,6,1,0,.900,,,-1,-3,1.27,1.31,0.13,1.30,,,,,,,1,,bedroca01
787,David Hernández,33,CIN,NL,57,0,0,64.0,13,7,6,0,0,1.000,,,0,0,1.83,1.56,0.23,1.55,,,,,,,1,,hernada01
788,Tommy Hunter,31,PHI,NL,65,0,0,64.0,11,2,7,2,0,.818,,,-1,-3,1.27,1.56,0.14,1.55,,,,,,,1,,hunteto02
789,Dylan Floro,27,2TM,NL,54,0,0,64.0,14,6,8,0,0,1.000,,,-1,-3,1.97,1.56,0.26,1.55,,,,,,,1,,florody01
789,Dylan Floro,27,CIN,NL,25,0,0,36.1,12,5,7,0,0,1.000,,,-1,-6,2.97,1.56,0.48,1.55,,,,,,,1,,florody01
789,Dylan Floro,27,LAD,NL,29,0,0,27.2,2,1,1,0,0,1.000,,,0,0,0.65,1.56,0.07,1.55,,,,,,,1,,florody01
790,Jesse Biddle,26,ATL,NL,60,0,0,63.2,6,0,4,2,0,.667,,,-1,-3,0.57,1.55,0.07,1.55,,,,,,,1,,biddlje01
791,Shane Greene,29,DET,AL,66,0,0,63.1,8,4,3,1,0,.875,,,0,0,0.99,1.31,0.11,1.30,,,,,,,1,,greensh02
792,Jim Johnson,35,LAA,AL,62,1,0,63.1,11,3,7,1,1,.909,,,1,3,1.42,1.31,0.16,1.30,,,,,,,1,,johnsji04
793,José Álvarez,29,LAA,AL,76,0,0,63.0,18,6,12,0,1,1.000,,,1,3,2.57,1.31,0.24,1.30,,,,,,,1,,alvarjo02
794,Shane Carle,26,ATL,NL,52,0,0,63.0,9,3,5,1,1,.889,,,-2,-6,1.14,1.56,0.15,1.55,,,,,,,1,,carlesh01
795,Amir Garrett,26,CIN,NL,66,0,0,63.0,10,5,5,0,0,1.000,,,0,0,1.43,1.56,0.15,1.55,,,,,,,1,,garream01
796,Kirby Yates,31,SDP,NL,64,0,0,63.0,5,0,4,1,0,.800,,,-1,-3,0.57,1.56,0.06,1.55,,,,,,,1,,yateski01
797,Joe Jiménez,23,DET,AL,68,0,0,62.2,6,4,1,1,0,.833,,,-1,-3,0.72,1.31,0.07,1.30,,,,,,,1,AS,jimenjo02
798,Brad Brach,32,2TM,2LG,69,0,0,62.2,8,1,6,1,1,.875,,,-2,-6,1.01,1.41,0.10,1.40,,,,,,,1,,brachbr01
798,Brad Brach,32,BAL,AL,42,0,0,39.0,6,1,4,1,1,.833,,,-1,-5,1.15,1.32,0.12,1.30,,,,,,,1,,brachbr01
798,Brad Brach,32,ATL,NL,27,0,0,23.2,2,0,2,0,0,1.000,,,-1,-8,0.76,1.56,0.07,1.55,,,,,,,1,,brachbr01
799,Craig Kimbrel,30,BOS,AL,63,0,0,62.1,5,2,3,0,0,1.000,,,0,0,0.72,1.31,0.08,1.30,,,,,,,1,AS,kimbrcr01
800,Emilio Pagán,27,OAK,AL,55,0,0,62.0,8,4,4,0,0,1.000,,,-1,-3,1.16,1.31,0.15,1.30,,,,,,,1,,paganem01
801,Matt Barnes,28,BOS,AL,62,0,0,61.2,7,4,3,0,0,1.000,,,-3,-10,1.02,1.31,0.11,1.30,,,,,,,1,,barnema01
802,Alex Wilson,31,DET,AL,59,0,0,61.2,16,4,12,0,0,1.000,,,1,3,2.34,1.31,0.27,1.30,,,,,,,1,,wilsoal01
803,A.J. Minter,24,ATL,NL,65,0,0,61.1,3,0,3,0,1,1.000,,,0,0,0.44,1.56,0.05,1.55,,,,,,,1,,minteaj01
804,Matt Strahm,26,SDP,NL,41,5,0,61.1,12,2,9,1,0,.917,,,1,3,1.61,1.56,0.27,1.55,,,,,,,1,,strahma01
805,Brandon Kintzler,33,2TM,NL,70,0,0,60.2,17,5,12,0,2,1.000,,,1,3,2.52,1.56,0.24,1.55,,,,,,,1,,kintzbr01
805,Brandon Kintzler,33,WSN,NL,45,0,0,42.2,14,4,10,0,2,1.000,,,2,9,2.95,1.56,0.31,1.55,,,,,,,1,,kintzbr01
805,Brandon Kintzler,33,CHC,NL,25,0,0,18.0,3,1,2,0,0,1.000,,,-1,-11,1.50,1.55,0.12,1.55,,,,,,,1,,kintzbr01
806,Joakim Soria,34,2TM,2LG,66,0,0,60.2,11,5,6,0,0,1.000,,,0,0,1.63,1.39,0.17,1.40,,,,,,,1,,soriajo01
806,Joakim Soria,34,CHW,AL,40,0,0,38.2,5,3,2,0,0,1.000,,,0,0,1.16,1.30,0.13,1.30,,,,,,,1,,soriajo01
806,Joakim Soria,34,MIL,NL,26,0,0,22.0,6,2,4,0,0,1.000,,,0,0,2.45,1.55,0.23,1.55,,,,,,,1,,soriajo01
807,Brandon Barnes,32,CLE,AL,19,2,2,60.1,14,14,0,0,0,1.000,2,32,0,0,2.09,2.27,0.70,2.28,,,,,,,9/H784,,barnebr02
808,Kyle Crick,25,PIT,NL,64,0,0,60.1,12,4,6,2,0,.833,,,-3,-10,1.49,1.57,0.16,1.55,,,,,,,1,,crickky01
809,Dan Winkler,28,ATL,NL,69,0,0,60.1,8,0,7,1,1,.875,,,-2,-7,1.04,1.57,0.10,1.55,,,,,,,1,,winklda01
810,Heath Hembree,29,BOS,AL,67,0,0,60.0,10,3,7,0,0,1.000,,,0,0,1.50,1.31,0.15,1.30,,,,,,,1,,hembrhe01
811,Andrew Susac,28,BAL,AL,7,7,7,60.0,52,48,4,0,0,1.000,1,20,-1,-20,7.80,9.08,7.43,8.99,0,2,5,2,28.6,0,/2H,,susacan01
812,Matt Grace,29,WSN,NL,56,0,0,59.2,9,3,5,1,0,.889,,,-2,-7,1.21,1.55,0.14,1.55,,,,,,,1,,gracema02
813,Pedro Strop,33,CHC,NL,60,0,0,59.2,14,7,5,2,0,.857,,,0,0,1.81,1.55,0.20,1.55,,,,,,,1,,stroppe01
814,Víctor Arano,23,PHI,NL,60,0,0,59.1,7,1,6,0,0,1.000,,,1,3,1.06,1.56,0.12,1.55,,,,,,,1,,aranovi01
815,Héctor Rondón,30,HOU,AL,63,0,0,59.0,8,3,5,0,0,1.000,,,-2,-7,1.22,1.31,0.13,1.30,,,,,,,1,,rondohe01
816,Pablo López,22,MIA,NL,10,10,0,58.2,12,4,7,1,2,.917,,,0,0,1.69,1.56,1.10,1.55,,,,,,,1/H,,lopezpa01
817,Scott Oberg,28,COL,NL,56,0,0,58.2,13,4,9,0,2,1.000,,,0,0,1.99,1.56,0.23,1.55,,,,,,,1,,obergsc01
818,Dan Otero,33,CLE,AL,61,0,0,58.2,9,3,6,0,2,1.000,,,0,0,1.38,1.30,0.15,1.30,,,,,,,1,,oteroda01
819,Anthony Alford,23,TOR,AL,11,6,4,58.0,14,14,0,0,0,1.000,-1,-10,-1,-21,2.17,2.20,1.27,2.18,,,,,,,/7H98D,,alforan01
820,Seranthony Domínguez,23,PHI,NL,53,0,0,58.0,13,5,7,1,0,.923,,,0,0,1.86,1.57,0.23,1.55,,,,,,,1,,dominse01
821,Tyron Guerrero,27,MIA,NL,60,0,0,58.0,8,2,6,0,0,1.000,,,-2,-7,1.24,1.57,0.13,1.55,,,,,,,1,,guerrta01
822,José Leclerc,24,TEX,AL,59,0,0,57.2,9,3,4,2,0,.778,,,-1,-3,1.09,1.31,0.12,1.30,,,,,,,1,,leclejo01
823,Bud Norris,33,STL,NL,64,0,0,57.2,12,2,7,3,2,.750,,,-1,-3,1.40,1.56,0.14,1.55,,,,,,,1,,norribu01
824,Mike Tauchman,27,COL,NL,9,6,5,57.1,9,9,0,0,0,1.000,-3,-69,-1,-21,1.41,2.07,1.00,2.08,,,,,,,H/879,,tauchmi01
825,Cory Gearrin,32,3TM,2LG,62,0,0,57.1,6,3,3,0,1,1.000,,,-1,-3,0.94,1.44,0.10,1.44,,,,,,,1,,gearrco01
825,Cory Gearrin,32,2TM,AL,27,0,0,27.1,3,1,2,0,1,1.000,,,0,0,0.99,1.32,0.11,1.30,,,,,,,1,,gearrco01
825,Cory Gearrin,32,SFG,NL,35,0,0,30.0,3,2,1,0,0,1.000,,,-1,-7,0.90,1.56,0.09,1.55,,,,,,,1,,gearrco01
825,Cory Gearrin,32,TEX,AL,21,0,0,21.1,0,0,0,0,0,,,,0,0,0.00,1.31,0.00,1.30,,,,,,,1,,gearrco01
825,Cory Gearrin,32,OAK,AL,6,0,0,6.0,3,1,2,0,1,1.000,,,0,0,4.50,1.35,0.50,1.30,,,,,,,/1,,gearrco01
826,Diego Castillo,24,TBR,AL,43,11,0,56.2,6,2,3,1,0,.833,,,-1,-4,0.79,1.32,0.12,1.30,,,,,,,1,,castidi01
827,Will Harris,33,HOU,AL,61,0,0,56.2,13,2,11,0,1,1.000,,,1,4,2.06,1.32,0.21,1.30,,,,,,,1,,harriwi10
828,Matt Magill,28,MIN,AL,40,0,0,56.2,6,2,4,0,0,1.000,,,0,0,0.95,1.32,0.15,1.30,,,,,,,1,,magilma01
829,Jacob Nottingham,23,MIL,NL,8,6,5,56.2,61,54,5,2,0,.967,0,0,2,42,9.37,9.18,7.38,9.14,0,1,5,1,16.7,0,/2H,,nottija01
830,Pedro Báez,30,LAD,NL,55,0,0,56.1,2,0,2,0,0,1.000,,,-1,-4,0.32,1.57,0.04,1.55,,,,,,,1,,baezpe01
831,Paul Sewald,28,NYM,NL,46,0,0,56.1,9,2,6,1,0,.889,,,0,0,1.28,1.57,0.17,1.55,,,,,,,1,,sewalpa01
832,Drew VerHagen,27,DET,AL,41,1,0,56.1,8,1,7,0,0,1.000,,,0,0,1.28,1.31,0.20,1.30,,,,,,,1,,verhadr01
833,Nick Vincent,31,SEA,AL,62,1,0,56.1,9,4,4,1,0,.889,,,0,0,1.28,1.31,0.13,1.30,,,,,,,1,,vinceni01
834,Boog Powell,25,OAK,AL,7,6,6,56.0,17,16,0,1,0,.941,-4,-81,-3,-64,2.57,2.20,2.29,2.19,,,,,,,/8H,,powelbo02
835,Addison Reed,29,MIN,AL,55,0,0,56.0,9,4,5,0,0,1.000,,,0,0,1.45,1.32,0.16,1.30,,,,,,,1,,reedad01
836,Jorge De La Rosa,37,2TM,NL,59,0,0,56.0,6,0,4,2,0,.667,,,0,0,0.64,1.56,0.07,1.55,,,,,,,1/H,,rosajo01
836,Jorge De La Rosa,37,ARI,NL,42,0,0,35.0,5,0,3,2,0,.600,,,0,0,0.77,1.57,0.07,1.55,,,,,,,1/H,,rosajo01
836,Jorge De La Rosa,37,CHC,NL,17,0,0,21.0,1,0,1,0,0,1.000,,,0,0,0.43,1.54,0.06,1.55,,,,,,,1,,rosajo01
837,Hansel Robles,27,2TM,2LG,53,0,0,56.0,2,1,1,0,0,1.000,,,-1,-4,0.32,1.40,0.04,1.38,,,,,,,1,,robleha01
837,Hansel Robles,27,NYM,NL,16,0,0,19.2,0,0,0,0,0,,,,0,0,0.00,1.56,0.00,1.55,,,,,,,1,,robleha01
837,Hansel Robles,27,LAA,AL,37,0,0,36.1,2,1,1,0,0,1.000,,,-1,-6,0.50,1.31,0.05,1.30,,,,,,,1,,robleha01
838,Kyle Barraclough,28,MIA,NL,61,0,0,55.2,14,8,6,0,0,1.000,,,0,0,2.26,1.57,0.23,1.55,,,,,,,1,,barraky01
839,Fernando Romero,23,MIN,AL,11,11,0,55.2,11,3,7,1,0,.909,,,0,0,1.62,1.31,0.91,1.30,,,,,,,1,,romerfe01
840,Pedro Álvarez,31,BAL,AL,9,6,4,55.1,26,14,11,1,2,.962,0,-9,-2,-43,4.07,3.38,2.78,3.26,,,,,,,DH/53,,alvarpe01
841,Justin Anderson,25,LAA,AL,57,0,0,55.1,12,5,6,1,1,.917,,,0,0,1.79,1.30,0.19,1.30,,,,,,,1,,anderju01
842,Corey Knebel,26,MIL,NL,57,0,0,55.1,8,5,3,0,0,1.000,,,-1,-4,1.30,1.56,0.14,1.55,,,,,,,1,,knebeco01
843,Danny Santana,27,ATL,NL,9,4,1,55.1,13,13,0,0,0,1.000,4,76,2,43,2.11,2.08,1.44,2.08,,,,,,,/7H89,,santada01
844,Gift Ngoepe,28,TOR,AL,12,6,3,55.0,25,8,17,0,6,1.000,2,35,0,0,4.09,3.94,2.08,3.82,,,,,,,/64H5D,,ngoepgi01
845,Andrew Toles,26,LAD,NL,10,5,5,55.0,12,12,0,0,0,1.000,-1,-20,0,0,1.96,2.08,1.20,2.08,,,,,,,/H879,,tolesan01
846,Ariel Jurado,22,TEX,AL,12,8,0,54.2,11,3,8,0,0,1.000,,,0,0,1.81,1.32,0.92,1.30,,,,,,,1,,juradar01
847,Chris Rusin,31,COL,NL,49,0,0,54.2,13,5,8,0,0,1.000,,,1,4,2.14,1.56,0.27,1.55,,,,,,,1,,rusinch01
848,Bryan Shaw,30,COL,NL,61,0,0,54.2,15,5,7,3,0,.800,,,0,0,1.98,1.56,0.20,1.55,,,,,,,1,,shawbr01
849,Justin Wilson,30,CHC,NL,71,0,0,54.2,3,2,1,0,0,1.000,,,1,4,0.49,1.56,0.04,1.55,,,,,,,1,,wilsoju10
850,John Axford,35,2TM,2LG,50,1,0,54.2,11,0,9,2,0,.818,,,-1,-4,1.48,1.32,0.18,1.33,,,,,,,1,,axforjo01
850,John Axford,35,TOR,AL,45,1,0,51.0,9,0,7,2,0,.778,,,-1,-4,1.24,1.31,0.16,1.30,,,,,,,1,,axforjo01
850,John Axford,35,LAD,NL,5,0,0,3.2,2,0,2,0,0,1.000,,,0,0,4.91,1.47,0.40,1.56,,,,,,,/1,,axforjo01
851,Tony Cruz,31,CIN,NL,6,6,6,54.0,61,58,3,0,0,1.000,0,0,0,0,10.17,9.17,10.17,9.13,0,3,1,0,0.0,0,/2H,,cruzto03
852,Chasen Bradford,28,SEA,AL,46,0,0,53.2,9,3,4,2,0,.778,,,-1,-4,1.17,1.31,0.15,1.30,,,,,,,1,,bradfch02
853,Steven Wright,33,BOS,AL,20,4,0,53.2,10,1,9,0,0,1.000,,,4,15,1.68,1.31,0.50,1.30,,,,,,,1,,wrighst01
854,Jorge López,25,2TM,2LG,17,7,0,53.2,11,1,10,0,2,1.000,,,1,4,1.84,1.39,0.65,1.45,,,,,,,1,,lopezjo02
854,Jorge López,25,MIL,NL,10,0,0,19.2,9,1,8,0,2,1.000,,,2,20,4.12,1.56,0.90,1.55,,,,,,,1,,lopezjo02
854,Jorge López,25,KCR,AL,7,7,0,34.0,2,0,2,0,0,1.000,,,-1,-6,0.53,1.30,0.29,1.30,,,,,,,/1,,lopezjo02
855,Brad Boxberger,30,ARI,NL,60,0,0,53.1,5,0,5,0,0,1.000,,,-1,-4,0.84,1.55,0.08,1.55,,,,,,,1,,boxbebr01
856,Tanner Scott,23,BAL,AL,53,0,0,53.1,5,0,5,0,0,1.000,,,-1,-4,0.84,1.32,0.09,1.30,,,,,,,1,,scottta01
857,Jake Diekman,31,2TM,2LG,71,0,0,53.1,12,1,8,3,0,.750,,,0,0,1.52,1.38,0.13,1.38,,,,,,,1,,diekmja01
857,Jake Diekman,31,TEX,AL,47,0,0,39.0,6,0,5,1,0,.833,,,0,0,1.15,1.32,0.11,1.30,,,,,,,1,,diekmja01
857,Jake Diekman,31,ARI,NL,24,0,0,14.1,6,1,3,2,0,.667,,,0,0,2.51,1.57,0.17,1.55,,,,,,,1,,diekmja01
858,Johnny Cueto,32,SFG,NL,9,9,0,53.0,14,7,7,0,1,1.000,,,0,0,2.38,1.56,1.56,1.56,,,,,,,/1,,cuetojo01
859,Will Smith,28,SFG,NL,54,0,0,53.0,5,3,2,0,0,1.000,,,-1,-4,0.85,1.56,0.09,1.55,,,,,,,1,,smithwi04
860,Taylor Williams,26,MIL,NL,56,0,0,53.0,8,3,5,0,1,1.000,,,0,0,1.36,1.56,0.14,1.55,,,,,,,1,,willita01
861,Adam Rosales,35,CLE,AL,13,3,3,52.2,27,18,9,0,0,1.000,-2,-36,-1,-23,4.61,4.68,1.93,5.28,,,,,,,/H3456,,rosalad01
862,Ryan Madson,37,2TM,NL,58,0,0,52.2,4,0,4,0,0,1.000,,,-3,-11,0.68,1.56,0.07,1.55,,,,,,,1,,madsory01
862,Ryan Madson,37,WSN,NL,49,0,0,44.1,3,0,3,0,0,1.000,,,-2,-9,0.61,1.56,0.06,1.55,,,,,,,1,,madsory01
862,Ryan Madson,37,LAD,NL,9,0,0,8.1,1,0,1,0,0,1.000,,,-1,-24,1.08,1.51,0.11,1.56,,,,,,,/1,,madsory01
863,Chasen Shreve,27,2TM,2LG,60,0,0,52.2,6,1,5,0,0,1.000,,,1,4,1.03,1.37,0.10,1.38,,,,,,,1,,shrevch01
863,Chasen Shreve,27,NYY,AL,40,0,0,38.0,5,1,4,0,0,1.000,,,1,5,1.18,1.30,0.13,1.30,,,,,,,1,,shrevch01
863,Chasen Shreve,27,STL,NL,20,0,0,14.2,1,0,1,0,0,1.000,,,0,0,0.61,1.53,0.05,1.55,,,,,,,1,,shrevch01
864,Justin Miller,31,WSN,NL,51,0,0,52.1,7,1,5,1,0,.857,,,-1,-4,1.03,1.56,0.12,1.55,,,,,,,1,,milleju02
865,Carl Edwards Jr.,26,CHC,NL,58,0,0,52.0,10,6,3,1,0,.900,,,-2,-8,1.56,1.56,0.16,1.55,,,,,,,1,,edwarca01
866,Jefry Rodríguez,24,WSN,NL,14,8,0,52.0,8,2,6,0,0,1.000,,,0,0,1.38,1.56,0.57,1.55,,,,,,,1,,rodrije01
867,Zach Duke,35,2TM,AL,72,0,0,52.0,12,6,4,2,0,.833,,,1,4,1.73,1.30,0.14,1.30,,,,,,,1,,dukeza01
867,Zach Duke,35,MIN,AL,45,0,0,37.1,10,4,4,2,0,.800,,,1,5,1.93,1.30,0.18,1.30,,,,,,,1,,dukeza01
867,Zach Duke,35,SEA,AL,27,0,0,14.2,2,2,0,0,0,1.000,,,0,0,1.23,1.29,0.07,1.30,,,,,,,1,,dukeza01
868,Keone Kela,25,2TM,2LG,54,0,0,52.0,9,1,6,2,0,.778,,,-2,-8,1.21,1.38,0.13,1.37,,,,,,,1,,kelake01
868,Keone Kela,25,TEX,AL,38,0,0,36.2,5,1,4,0,0,1.000,,,-2,-11,1.23,1.30,0.13,1.30,,,,,,,1,,kelake01
868,Keone Kela,25,PIT,NL,16,0,0,15.1,4,0,2,2,0,.500,,,0,0,1.17,1.58,0.13,1.55,,,,,,,1,,kelake01
869,Mike Mayers,26,STL,NL,50,0,0,51.2,14,6,8,0,0,1.000,,,0,0,2.44,1.57,0.28,1.55,,,,,,,1,,mayermi01
870,Shohei Ohtani,23,LAA,AL,10,10,0,51.2,7,1,6,0,1,1.000,,,0,0,1.22,1.31,0.70,1.30,,,,,,,DH1,ROY-1,ohtansh01
871,Adam Warren,30,2TM,AL,47,0,0,51.2,9,2,7,0,0,1.000,,,2,8,1.57,1.32,0.19,1.30,,,,,,,1,,warread01
871,Adam Warren,30,NYY,AL,24,0,0,30.0,7,2,5,0,0,1.000,,,1,7,2.10,1.32,0.29,1.30,,,,,,,1,,warread01
871,Adam Warren,30,SEA,AL,23,0,0,21.2,2,0,2,0,0,1.000,,,1,9,0.83,1.33,0.09,1.30,,,,,,,1,,warread01
872,Aroldis Chapman,30,NYY,AL,55,0,0,51.1,5,0,5,0,0,1.000,,,1,4,0.88,1.31,0.09,1.30,,,,,,,1,AS,chapmar01
873,Louis Coleman,32,DET,AL,51,0,0,51.1,10,4,6,0,1,1.000,,,2,8,1.75,1.31,0.20,1.30,,,,,,,1,,colemlo01
874,Jace Fry,24,CHW,AL,59,1,0,51.1,5,2,3,0,0,1.000,,,0,0,0.88,1.31,0.08,1.30,,,,,,,1,,fryja01
875,Jake McGee,31,COL,NL,61,0,0,51.1,9,3,5,1,0,.889,,,1,4,1.40,1.56,0.13,1.55,,,,,,,1,,mcgeeja01
876,Roenis Elías,29,SEA,AL,23,4,0,51.0,7,3,4,0,0,1.000,,,0,0,1.24,1.31,0.30,1.30,,,,,,,1,,eliasro01
877,Adam Moore,34,TBR,AL,8,5,5,51.0,59,51,8,0,1,1.000,1,24,-2,-47,10.41,9.07,7.38,8.98,0,3,8,3,27.3,0,/2H,,mooread01
878,John Brebbia,28,STL,NL,45,0,0,50.2,5,2,3,0,0,1.000,,,-1,-4,0.89,1.56,0.11,1.55,,,,,,,1,,brebbjo01
879,Adam Conley,28,MIA,NL,52,0,0,50.2,4,2,2,0,0,1.000,,,0,0,0.71,1.56,0.08,1.55,,,,,,,1,,conlead01
880,Jalen Beeks,24,2TM,AL,14,1,0,50.2,8,2,6,0,2,1.000,,,-1,-4,1.42,1.30,0.57,1.30,,,,,,,1,,beeksja02
880,Jalen Beeks,24,BOS,AL,2,1,0,6.1,1,0,1,0,1,1.000,,,0,0,1.42,1.28,0.50,1.30,,,,,,,/1,,beeksja02
880,Jalen Beeks,24,TBR,AL,12,0,0,44.1,7,2,5,0,1,1.000,,,-1,-5,1.42,1.30,0.58,1.30,,,,,,,1,,beeksja02
881,Erick Fedde,25,WSN,NL,11,11,0,50.1,10,4,6,0,0,1.000,,,0,0,1.79,1.56,0.91,1.55,,,,,,,1,,feddeer01
882,Sam Freeman,31,ATL,NL,63,0,0,50.1,10,2,8,0,2,1.000,,,1,4,1.79,1.56,0.16,1.55,,,,,,,1,,freemsa01
883,Chaz Roe,31,TBR,AL,61,0,0,50.1,8,2,6,0,2,1.000,,,-1,-4,1.43,1.31,0.13,1.30,,,,,,,1,,roech01
884,Ken Giles,27,2TM,AL,55,0,0,50.1,11,5,5,1,0,.909,,,-1,-4,1.79,1.32,0.18,1.30,,,,,,,1,,gileske01
884,Ken Giles,27,HOU,AL,34,0,0,30.2,3,1,2,0,0,1.000,,,0,0,0.88,1.32,0.09,1.30,,,,,,,1,,gileske01
884,Ken Giles,27,TOR,AL,21,0,0,19.2,8,4,3,1,0,.875,,,-1,-10,3.20,1.33,0.33,1.30,,,,,,,1,,gileske01
885,James Pazos,27,SEA,AL,60,0,0,50.0,4,2,2,0,0,1.000,,,-1,-4,0.72,1.31,0.07,1.30,,,,,,,1,,pazosja01
886,Eddie Butler,27,2TM,2LG,30,0,0,49.2,11,4,7,0,1,1.000,,,0,0,1.99,1.41,0.37,1.37,,,,,,,1,,butleed01
886,Eddie Butler,27,CHC,NL,8,0,0,17.2,5,1,4,0,1,1.000,,,0,0,2.55,1.58,0.63,1.55,,,,,,,/1,,butleed01
886,Eddie Butler,27,TEX,AL,22,0,0,32.0,6,3,3,0,0,1.000,,,0,0,1.69,1.32,0.27,1.30,,,,,,,1,,butleed01
887,Andrew Chafin,28,ARI,NL,77,0,0,49.1,14,6,8,0,2,1.000,,,0,0,2.55,1.55,0.18,1.55,,,,,,,1,,chafian01
888,Adam Morgan,28,PHI,NL,67,0,0,49.1,13,4,9,0,1,1.000,,,-1,-4,2.37,1.55,0.19,1.55,,,,,,,1,,morgaad01
889,Caleb Ferguson,21,LAD,NL,29,3,0,49.0,5,1,4,0,0,1.000,,,-2,-8,0.92,1.56,0.17,1.55,,,,,,,1/H,,ferguca01
890,Brandon Phillips,37,BOS,AL,8,5,3,49.0,8,4,2,2,0,.750,-2,-42,-1,-24,1.10,3.54,0.67,3.42,,,,,,,/45HD,,phillbr01
891,Shawn Kelley,34,2TM,2LG,54,0,0,49.0,6,4,2,0,0,1.000,,,0,0,1.10,1.47,0.11,1.46,,,,,,,1,,kellesh01
891,Shawn Kelley,34,WSN,NL,35,0,0,32.1,4,3,1,0,0,1.000,,,0,0,1.11,1.56,0.11,1.55,,,,,,,1,,kellesh01
891,Shawn Kelley,34,OAK,AL,19,0,0,16.2,2,1,1,0,0,1.000,,,0,0,1.08,1.30,0.11,1.30,,,,,,,1,,kellesh01
892,Jacob Barnes,28,MIL,NL,49,0,0,48.2,13,6,4,3,0,.769,,,-2,-8,1.85,1.55,0.20,1.55,,,,,,,1,,barneja01
893,A.J. Cole,26,2TM,2LG,32,2,0,48.1,8,2,5,1,0,.875,,,0,0,1.30,1.36,0.22,1.33,,,,,,,1,,coleaj01
893,A.J. Cole,26,WSN,NL,4,2,0,10.1,3,1,2,0,0,1.000,,,0,0,2.61,1.57,0.75,1.55,,,,,,,/1,,coleaj01
893,A.J. Cole,26,NYY,AL,28,0,0,38.0,5,1,3,1,0,.800,,,0,0,0.95,1.30,0.14,1.30,,,,,,,1,,coleaj01
894,Chris Bassitt,29,OAK,AL,11,7,0,47.2,8,4,3,1,0,.875,,,-2,-8,1.32,1.30,0.64,1.30,,,,,,,1,,bassich01
895,Michael Feliz,25,PIT,NL,47,0,0,47.2,5,1,2,2,0,.600,,,-1,-4,0.57,1.57,0.06,1.55,,,,,,,1,,felizmi01
896,Hector Neris,29,PHI,NL,53,0,0,47.2,4,2,1,1,0,.750,,,-2,-8,0.57,1.57,0.06,1.55,,,,,,,1,,nerishe01
897,Wander Suero,26,WSN,NL,40,0,0,47.2,10,4,5,1,1,.900,,,0,0,1.70,1.57,0.23,1.55,,,,,,,1,,suerowa01
898,Oliver Drake,31,5TM,2LG,44,0,0,47.2,11,6,5,0,0,1.000,,,0,0,2.08,1.38,0.25,1.36,,,,,,,1,,drakeol01
898,Oliver Drake,31,4TM,AL,33,0,0,35.0,8,4,4,0,0,1.000,,,1,6,2.06,1.31,0.24,1.30,,,,,,,1,,drakeol01
898,Oliver Drake,31,MIL,NL,11,0,0,12.2,3,2,1,0,0,1.000,,,-1,-16,2.13,1.56,0.27,1.55,,,,,,,1,,drakeol01
898,Oliver Drake,31,CLE,AL,4,0,0,4.1,0,0,0,0,0,,,,0,0,0.00,1.25,0.00,1.30,,,,,,,/1,,drakeol01
898,Oliver Drake,31,LAA,AL,8,0,0,8.2,3,3,0,0,0,1.000,,,0,0,3.12,1.35,0.38,1.30,,,,,,,/1,,drakeol01
898,Oliver Drake,31,TOR,AL,2,0,0,1.2,0,0,0,0,0,,,,0,0,0.00,1.08,0.00,1.30,,,,,,,/1,,drakeol01
898,Oliver Drake,31,MIN,AL,19,0,0,20.1,5,1,4,0,0,1.000,,,1,10,2.21,1.33,0.26,1.30,,,,,,,1,,drakeol01
899,Chris Devenski,27,HOU,AL,50,1,0,47.1,11,3,7,1,0,.909,,,-2,-8,1.90,1.31,0.20,1.30,,,,,,,1,,devench02
900,Phil Maton,25,SDP,NL,45,0,0,47.1,5,2,3,0,0,1.000,,,-1,-4,0.95,1.56,0.11,1.55,,,,,,,1,,matonph01
901,Chris Volstad,31,CHW,AL,33,1,0,47.1,10,3,6,1,1,.900,,,1,4,1.71,1.31,0.27,1.30,,,,,,,1,,volstch01
902,Juan Minaya,27,CHW,AL,52,0,0,46.2,9,4,2,3,0,.667,,,-2,-9,1.16,1.31,0.12,1.30,,,,,,,1,,minayju01
903,Randy Rosario,24,CHC,NL,44,0,0,46.2,7,4,3,0,0,1.000,,,-2,-9,1.35,1.56,0.16,1.55,,,,,,,1,,rosarra01
904,Greg Holland,32,2TM,NL,56,0,0,46.1,10,4,6,0,1,1.000,,,1,4,1.94,1.55,0.18,1.55,,,,,,,1,,hollagr01
904,Greg Holland,32,STL,NL,32,0,0,25.0,5,2,3,0,0,1.000,,,1,8,1.80,1.55,0.16,1.55,,,,,,,1,,hollagr01
904,Greg Holland,32,WSN,NL,24,0,0,21.1,5,2,3,0,1,1.000,,,0,0,2.11,1.56,0.21,1.55,,,,,,,1,,hollagr01
905,Matt den Dekker,30,NYM,NL,7,5,4,46.0,19,19,0,0,0,1.000,-3,-65,-4,-104,3.72,2.07,2.71,2.09,,,,,,,/8H,,dendema01
906,Luis García,31,PHI,NL,59,0,0,46.0,5,2,2,1,1,.800,,,-1,-4,0.78,1.57,0.07,1.55,,,,,,,1,,garcilu03
907,Daniel Hudson,31,LAD,NL,40,1,0,46.0,4,3,1,0,0,1.000,,,-2,-9,0.78,1.57,0.10,1.55,,,,,,,1,,hudsoda01
908,Luis Sardiñas,25,BAL,AL,8,5,5,46.0,17,7,8,2,1,.882,-5,-117,-3,-78,2.93,4.13,1.88,4.08,,,,,,,/4H,,sardilu01
909,Tim Hill,28,KCR,AL,70,0,0,45.2,19,3,16,0,0,1.000,,,1,4,3.74,1.32,0.27,1.30,,,,,,,1,,hillti01
910,Jake Petricka,30,TOR,AL,41,0,0,45.2,5,1,4,0,0,1.000,,,-1,-4,0.99,1.32,0.12,1.30,,,,,,,1,,petrija01
911,Erasmo Ramírez,28,SEA,AL,10,10,0,45.2,4,2,2,0,0,1.000,,,0,0,0.79,1.32,0.40,1.30,,,,,,,1,,ramirer02
912,Joe Smith,34,HOU,AL,56,0,0,45.2,9,2,6,1,1,.889,,,-1,-4,1.58,1.32,0.14,1.30,,,,,,,1,,smithjo05
913,Wandy Peralta,26,CIN,NL,59,0,0,45.1,17,6,11,0,2,1.000,,,0,0,3.38,1.57,0.29,1.55,,,,,,,1,,peralwa01
914,Hunter Strickland,29,SFG,NL,49,0,0,45.1,14,6,8,0,1,1.000,,,1,4,2.78,1.57,0.29,1.55,,,,,,,1,,strichu01
915,Luis Avilán,28,2TM,2LG,70,0,0,45.1,8,2,6,0,0,1.000,,,0,0,1.59,1.35,0.11,1.34,,,,,,,1,,avilalu01
915,Luis Avilán,28,CHW,AL,58,0,0,39.2,6,1,5,0,0,1.000,,,0,0,1.36,1.32,0.10,1.30,,,,,,,1,,avilalu01
915,Luis Avilán,28,PHI,NL,12,0,0,5.2,2,1,1,0,0,1.000,,,0,0,3.18,1.59,0.17,1.55,,,,,,,1,,avilalu01
916,Austin Bibens-Dirkx,33,TEX,AL,13,6,0,45.0,9,4,5,0,0,1.000,,,-1,-4,1.80,1.32,0.69,1.30,,,,,,,1,,bibenau01
917,Sean Doolittle,31,WSN,NL,43,0,0,45.0,7,4,3,0,1,1.000,,,0,0,1.40,1.56,0.16,1.55,,,,,,,1,AS,doolise01
918,Javy Guerra,22,SDP,NL,8,5,2,45.0,25,12,11,2,3,.920,-2,-61,-1,-27,4.60,3.94,2.88,3.78,,,,,,,/6H5,,guerrja02
919,Zach McAllister,30,2TM,AL,44,0,0,45.0,7,3,3,1,0,.857,,,-3,-13,1.20,1.32,0.14,1.30,,,,,,,1,,mcallza01
919,Zach McAllister,30,CLE,AL,41,0,0,41.2,7,3,3,1,0,.857,,,-2,-10,1.30,1.32,0.15,1.30,,,,,,,1,,mcallza01
919,Zach McAllister,30,DET,AL,3,0,0,3.1,0,0,0,0,0,,,,-1,-60,0.00,1.35,0.00,1.30,,,,,,,/1,,mcallza01
920,Luis Cessa,26,NYY,AL,16,5,0,44.2,8,3,4,1,0,.875,,,-1,-4,1.41,1.31,0.44,1.30,,,,,,,1,,cessalu01
921,Harrison Musgrave,26,COL,NL,35,0,0,44.2,6,1,5,0,0,1.000,,,1,4,1.21,1.55,0.17,1.55,,,,,,,1,,musgrha01
922,Luis Perdomo,25,SDP,NL,12,10,0,44.2,5,4,1,0,0,1.000,,,-2,-9,1.01,1.55,0.42,1.55,,,,,,,1,,perdolu02
923,Jeff Samardzija,33,SFG,NL,10,10,0,44.2,6,3,3,0,0,1.000,,,-1,-4,1.21,1.55,0.60,1.55,,,,,,,1,,samarje01
924,Daniel Norris,25,DET,AL,11,8,0,44.1,4,2,2,0,0,1.000,,,0,0,0.81,1.30,0.36,1.30,,,,,,,1,,norrida01
925,Sam Travis,24,BOS,AL,10,4,2,44.1,21,20,0,1,2,.952,2,49,1,27,4.06,3.90,2.00,4.06,,,,,,,/H7D39,,travisa01
926,Kelvin Herrera,28,2TM,2LG,48,0,0,44.1,3,1,2,0,0,1.000,,,-1,-5,0.61,1.40,0.06,1.41,,,,,,,1,,herreke01
926,Kelvin Herrera,28,KCR,AL,27,0,0,25.2,1,0,1,0,0,1.000,,,-1,-8,0.35,1.30,0.04,1.30,,,,,,,1,,herreke01
926,Kelvin Herrera,28,WSN,NL,21,0,0,18.2,2,1,1,0,0,1.000,,,0,0,0.96,1.54,0.10,1.55,,,,,,,1,,herreke01
927,Wilmer Font,28,3TM,2LG,19,5,0,44.0,1,0,0,1,0,.000,,,0,0,0.00,1.37,0.00,1.38,,,,,,,1,,fontwi01
927,Wilmer Font,28,2TM,AL,13,5,0,33.2,1,0,0,1,0,.000,,,0,0,0.00,1.31,0.00,1.30,,,,,,,1,,fontwi01
927,Wilmer Font,28,LAD,NL,6,0,0,10.1,0,0,0,0,0,,,,0,0,0.00,1.57,0.00,1.55,,,,,,,/1,,fontwi01
927,Wilmer Font,28,OAK,AL,4,0,0,6.2,0,0,0,0,0,,,,0,0,0.00,1.35,0.00,1.30,,,,,,,/1,,fontwi01
927,Wilmer Font,28,TBR,AL,9,5,0,27.0,1,0,0,1,0,.000,,,0,0,0.00,1.30,0.00,1.30,,,,,,,/1,,fontwi01
928,Pierce Johnson,27,SFG,NL,37,0,0,43.2,7,1,5,1,0,.857,,,1,5,1.24,1.57,0.16,1.55,,,,,,,1,,johnspi01
929,Thomas Pannone,24,TOR,AL,12,6,0,43.0,7,1,6,0,0,1.000,,,0,0,1.47,1.32,0.58,1.30,,,,,,,1,,pannoth01
930,Cody Reed,25,CIN,NL,17,7,0,43.0,10,5,5,0,1,1.000,,,-1,-5,2.09,1.57,0.59,1.55,,,,,,,1,,reedco01
931,Jerry Blevins,34,NYM,NL,64,1,0,42.2,4,0,4,0,0,1.000,,,1,5,0.84,1.56,0.06,1.55,,,,,,,1,,blevije01
932,Edubray Ramos,25,PHI,NL,52,0,0,42.2,0,0,0,0,0,,,,-1,-5,0.00,1.56,0.00,1.55,,,,,,,1,,ramosed02
933,Drew Hutchison,27,2TM,2LG,16,5,0,42.2,5,2,2,1,1,.800,,,-3,-14,0.84,1.43,0.25,1.48,,,,,,,1,,hutchdr01
933,Drew Hutchison,27,PHI,NL,11,0,0,21.1,3,1,1,1,0,.667,,,-1,-9,0.84,1.56,0.18,1.55,,,,,,,1,,hutchdr01
933,Drew Hutchison,27,TEX,AL,5,5,0,21.1,2,1,1,0,1,1.000,,,-2,-19,0.84,1.31,0.40,1.30,,,,,,,/1,,hutchdr01
934,Jacob Nix,22,SDP,NL,9,9,0,42.1,12,6,6,0,2,1.000,,,2,9,2.55,1.55,1.33,1.56,,,,,,,/1,,nixja02
935,Brandon Woodruff,25,MIL,NL,19,4,0,42.1,10,4,5,1,1,.900,,,0,0,1.91,1.55,0.47,1.55,,,,,,,1,,woodrbr01
936,Juan Nicasio,31,SEA,AL,46,0,0,42.0,2,0,2,0,0,1.000,,,-1,-5,0.43,1.31,0.04,1.30,,,,,,,1,,nicasju01
937,Christian Walker,27,ARI,NL,8,4,2,42.0,41,39,2,0,3,1.000,0,-9,-1,-29,8.79,7.26,5.13,7.83,,,,,,,H/37D,,walkech02
938,Chris Martin,32,TEX,AL,46,0,0,41.2,5,1,3,1,0,.800,,,-1,-5,0.86,1.32,0.09,1.30,,,,,,,1,,martich02
939,Neil Ramírez,29,CLE,AL,47,0,0,41.2,3,1,2,0,0,1.000,,,-3,-14,0.65,1.32,0.06,1.30,,,,,,,1,,ramirne01
940,Andrew Triggs,29,OAK,AL,9,9,0,41.1,3,1,2,0,0,1.000,,,-2,-10,0.65,1.31,0.33,1.30,,,,,,,/1,,triggan01
941,Brandon Workman,29,BOS,AL,43,0,0,41.1,9,6,3,0,0,1.000,,,-1,-5,1.96,1.31,0.21,1.30,,,,,,,1,,workmbr01
942,Danny Barnes,28,TOR,AL,47,0,0,41.0,4,1,2,1,0,.750,,,-2,-10,0.66,1.32,0.06,1.30,,,,,,,1,,barneda02
943,Josh Fields,32,LAD,NL,45,0,0,41.0,3,0,3,0,0,1.000,,,0,0,0.66,1.56,0.07,1.55,,,,,,,1,,fieldjo03
944,Hunter Wood,24,TBR,AL,29,8,0,41.0,8,1,7,0,0,1.000,,,1,5,1.76,1.32,0.28,1.30,,,,,,,1/HD,,woodhu01
945,Luke Jackson,26,ATL,NL,35,0,0,40.2,7,0,6,1,0,.857,,,-1,-5,1.33,1.57,0.17,1.55,,,,,,,1,,jackslu01
946,Zack Britton,30,2TM,AL,41,0,0,40.2,11,3,7,1,2,.909,,,1,5,2.21,1.31,0.24,1.30,,,,,,,1,,brittza01
946,Zack Britton,30,BAL,AL,16,0,0,15.2,3,1,2,0,1,1.000,,,0,0,1.72,1.32,0.19,1.30,,,,,,,1,,brittza01
946,Zack Britton,30,NYY,AL,25,0,0,25.0,8,2,5,1,1,.875,,,1,8,2.52,1.30,0.28,1.30,,,,,,,1,,brittza01
947,Adam Wainwright,36,STL,NL,8,8,0,40.1,9,1,7,1,0,.889,,,0,0,1.79,1.56,1.00,1.55,,,,,,,/1,,wainwad01
948,Yu Darvish,31,CHC,NL,8,8,0,40.0,7,4,2,1,0,.857,,,-1,-5,1.35,1.55,0.75,1.55,,,,,,,/1,,darviyu01
949,Fernando Salas,33,ARI,NL,41,0,0,40.0,3,2,0,1,0,.667,,,-2,-10,0.45,1.55,0.05,1.55,,,,,,,1,,salasfe01
950,Jimmy Yacabonis,26,BAL,AL,12,7,0,40.0,5,2,3,0,1,1.000,,,1,5,1.13,1.31,0.42,1.30,,,,,,,1,,yacabji01
951,Matt Wisler,25,2TM,NL,18,3,0,40.0,2,0,2,0,0,1.000,,,0,0,0.45,1.55,0.11,1.56,,,,,,,1,,wislema01
951,Matt Wisler,25,ATL,NL,7,3,0,26.2,1,0,1,0,0,1.000,,,0,0,0.34,1.55,0.14,1.56,,,,,,,/1,,wislema01
951,Matt Wisler,25,CIN,NL,11,0,0,13.1,1,0,1,0,0,1.000,,,0,0,0.68,1.55,0.09,1.55,,,,,,,1,,wislema01
952,Robert Stock,28,SDP,NL,32,0,0,39.2,7,1,4,2,0,.714,,,2,10,1.13,1.57,0.16,1.55,,,,,,,1,,stockro01
953,Aaron Loup,30,2TM,2LG,59,0,0,39.2,9,1,7,1,1,.889,,,0,0,1.82,1.34,0.14,1.34,,,,,,,1,,loupaa01
953,Aaron Loup,30,TOR,AL,50,0,0,35.2,8,1,6,1,1,.875,,,0,0,1.77,1.31,0.14,1.30,,,,,,,1,,loupaa01
953,Aaron Loup,30,PHI,NL,9,0,0,4.0,1,0,1,0,0,1.000,,,0,0,2.25,1.58,0.11,1.56,,,,,,,/1,,loupaa01
954,Ryan Buchter,31,OAK,AL,54,0,0,39.1,7,1,6,0,0,1.000,,,2,10,1.60,1.30,0.13,1.30,,,,,,,1,,buchtry01
955,Sammy Solís,29,WSN,NL,56,0,0,39.1,4,0,4,0,0,1.000,,,0,0,0.92,1.56,0.07,1.55,,,,,,,1,,solissa01
956,Travis d'Arnaud,29,NYM,NL,4,4,4,39.0,45,43,1,1,0,.978,-1,-31,-1,-31,10.15,9.16,11.00,9.15,0,2,7,1,12.5,0,/2,,darnatr01
957,Mark Melancon,33,SFG,NL,41,0,0,39.0,6,2,4,0,1,1.000,,,1,5,1.38,1.57,0.15,1.55,,,,,,,1,,melanma01
958,Odrisamer Despaigne,31,2TM,2LG,19,5,0,39.0,13,3,10,0,0,1.000,,,1,5,3.00,1.43,0.68,1.45,,,,,,,1,,despaod01
958,Odrisamer Despaigne,31,MIA,NL,11,1,0,20.1,8,1,7,0,0,1.000,,,1,10,3.54,1.55,0.73,1.55,,,,,,,1,,despaod01
958,Odrisamer Despaigne,31,LAA,AL,8,4,0,18.2,5,2,3,0,0,1.000,,,0,0,2.41,1.30,0.63,1.30,,,,,,,/1,,despaod01
959,Artie Lewicki,26,DET,AL,13,3,0,38.2,5,2,3,0,0,1.000,,,-1,-5,1.16,1.30,0.38,1.30,,,,,,,1,,lewicar01
960,Tony Sipp,34,HOU,AL,54,0,0,38.2,4,1,3,0,1,1.000,,,2,10,0.93,1.30,0.07,1.30,,,,,,,1,,sippto01
961,Chris Stewart,36,2TM,NL,8,3,3,38.2,36,32,3,1,0,.972,-1,-31,0,0,8.15,9.17,4.38,9.14,2,1,5,1,16.7,0,/2,,stewach01
961,Chris Stewart,36,ATL,NL,5,3,3,34.0,31,28,3,0,0,1.000,-1,-35,0,0,8.21,9.16,6.20,9.14,2,1,4,1,20.0,0,/2,,stewach01
961,Chris Stewart,36,ARI,NL,3,0,0,4.2,5,4,0,1,0,.800,0,0,0,0,7.71,9.26,1.33,9.13,0,0,1,0,0.0,0,/2,,stewach01
962,José Castillo,22,SDP,NL,37,0,0,38.1,2,2,0,0,0,1.000,,,0,0,0.47,1.55,0.05,1.55,,,,,,,1,,castijo03
963,Andrew Kittredge,28,TBR,AL,33,3,0,38.1,2,0,2,0,0,1.000,,,-1,-5,0.47,1.31,0.06,1.30,,,,,,,1,,kittran01
964,Glenn Sparkman,26,KCR,AL,15,3,0,38.1,8,2,5,1,0,.875,,,1,5,1.64,1.31,0.47,1.30,,,,,,,1,,sparkgl01
965,Jackson Stephens,24,CIN,NL,29,0,0,38.1,11,4,7,0,1,1.000,,,1,5,2.58,1.55,0.38,1.55,,,,,,,1,,stephja01
966,Daniel Stumpf,27,DET,AL,56,0,0,38.1,4,2,2,0,0,1.000,,,-2,-10,0.94,1.31,0.07,1.30,,,,,,,1,,stumpda01
967,Arodys Vizcaíno,27,ATL,NL,39,0,0,38.1,6,2,3,1,0,.833,,,0,0,1.17,1.55,0.13,1.55,,,,,,,1,,vizcaar01
968,Corbin Burnes,23,MIL,NL,30,0,0,38.0,8,5,2,1,1,.875,,,0,0,1.66,1.56,0.23,1.55,,,,,,,1,,burneco01
969,Brian Duensing,35,CHC,NL,48,0,0,38.0,15,9,6,0,3,1.000,0,0,1,5,3.55,1.56,0.31,1.56,,,,,,,1/7,,duensbr01
970,Joe Hudson,27,LAA,AL,8,4,3,38.0,41,39,2,0,0,1.000,-1,-32,0,0,9.71,9.07,5.13,8.98,0,2,3,0,0.0,0,/2H,,hudsojo03
971,Deck McGuire,29,2TM,AL,21,4,0,38.0,7,4,2,1,1,.857,,,-2,-11,1.42,1.30,0.29,1.30,,,,,,,1,,mcguide02
971,Deck McGuire,29,TOR,AL,4,0,0,8.1,0,0,0,0,0,,,,0,0,0.00,1.30,0.00,1.30,,,,,,,/1,,mcguide02
971,Deck McGuire,29,LAA,AL,17,4,0,29.2,7,4,2,1,1,.857,,,-2,-13,1.82,1.30,0.35,1.30,,,,,,,1,,mcguide02
972,Roberto Osuna,23,2TM,AL,38,0,0,38.0,7,2,5,0,1,1.000,,,0,0,1.66,1.30,0.18,1.30,,,,,,,1,,osunaro01
972,Roberto Osuna,23,TOR,AL,15,0,0,15.1,4,1,3,0,1,1.000,,,0,0,2.35,1.29,0.27,1.30,,,,,,,1,,osunaro01
972,Roberto Osuna,23,HOU,AL,23,0,0,22.2,3,1,2,0,0,1.000,,,0,0,1.19,1.31,0.13,1.30,,,,,,,1,,osunaro01
973,Paul Fry,25,BAL,AL,35,0,0,37.2,10,3,7,0,2,1.000,,,-1,-5,2.39,1.31,0.29,1.30,,,,,,,1,,frypa01
974,Austin Brice,26,CIN,NL,33,0,0,37.1,9,5,4,0,0,1.000,,,0,0,2.17,1.57,0.27,1.55,,,,,,,1,,briceau01
975,Framber Valdez,24,HOU,AL,8,5,0,37.0,9,2,7,0,1,1.000,,,1,5,2.19,1.31,1.13,1.30,,,,,,,/1,,valdefr01
976,Sam Tuivailala,25,2TM,2LG,36,0,0,37.0,7,1,5,1,0,.857,,,-1,-5,1.46,1.53,0.17,1.52,,,,,,,1,,tuivasa01
976,Sam Tuivailala,25,STL,NL,31,0,0,31.2,6,1,4,1,0,.833,,,-1,-6,1.42,1.56,0.16,1.55,,,,,,,1,,tuivasa01
976,Sam Tuivailala,25,SEA,AL,5,0,0,5.1,1,0,1,0,0,1.000,,,0,0,1.69,1.35,0.20,1.30,,,,,,,/1,,tuivasa01
977,Kohl Stewart,23,MIN,AL,8,4,0,36.2,9,2,7,0,0,1.000,,,0,0,2.21,1.30,1.13,1.30,,,,,,,/1,,stewako01
978,Erik Goeddel,29,2TM,2LG,31,0,0,36.2,2,1,1,0,0,1.000,,,-3,-16,0.49,1.52,0.06,1.51,,,,,,,1,,goedder01
978,Erik Goeddel,29,SEA,AL,5,0,0,7.1,0,0,0,0,0,,,,-1,-27,0.00,1.35,0.00,1.30,,,,,,,/1,,goedder01
978,Erik Goeddel,29,LAD,NL,26,0,0,29.1,2,1,1,0,0,1.000,,,-2,-14,0.61,1.56,0.08,1.55,,,,,,,1,,goedder01
979,Chris Hatcher,33,OAK,AL,34,0,0,36.1,7,1,6,0,0,1.000,,,0,0,1.73,1.31,0.21,1.30,,,,,,,1,,hatchch02
980,Gabriel Moya,23,MIN,AL,35,6,0,36.1,6,4,2,0,0,1.000,,,0,0,1.49,1.31,0.17,1.30,,,,,,,1,,moyaga01
981,Taylor Cole,28,LAA,AL,18,2,0,36.0,8,3,5,0,0,1.000,,,1,6,2.00,1.30,0.44,1.30,,,,,,,1,,coleta01
982,Yacksel Ríos,25,PHI,NL,36,0,0,36.0,9,3,5,1,2,.889,,,-3,-17,2.00,1.55,0.22,1.55,,,,,,,1,,riosya01
983,Javy Guerra,32,MIA,NL,32,0,0,35.2,7,3,3,1,0,.857,,,-2,-11,1.51,1.56,0.19,1.55,,,,,,,1,,guerrja01
984,Tim Mayza,26,TOR,AL,37,0,0,35.2,6,1,5,0,0,1.000,,,1,6,1.51,1.31,0.16,1.30,,,,,,,1,,mayzati01
985,Nate Orf,28,MIL,NL,6,2,1,35.2,13,4,9,0,2,1.000,0,10,0,0,3.28,3.81,1.86,3.63,,,,,,,H/4659,,orfna01
986,Drew Rucinski,29,MIA,NL,32,0,0,35.1,7,2,5,0,0,1.000,,,-1,-6,1.78,1.55,0.22,1.55,,,,,,,1,,rucindr01
987,Kazuhisa Makita,33,SDP,NL,27,0,0,35.0,7,3,4,0,0,1.000,,,0,0,1.80,1.57,0.26,1.55,,,,,,,1,,makitka01
988,Austin Davis,25,PHI,NL,32,0,0,34.2,3,1,0,2,0,.333,,,-2,-12,0.26,1.56,0.03,1.55,,,,,,,1,,davisau01
989,Phillip Evans,25,NYM,NL,6,4,1,34.2,14,10,4,0,0,1.000,0,-7,0,0,3.63,3.92,2.00,3.83,,,,,,,H/5437,,evansph01
990,Blake Trahan,24,CIN,NL,9,2,2,34.2,11,5,6,0,3,1.000,0,10,0,0,2.86,3.61,1.10,3.77,,,,,,,/645H,,trahabl01
991,Andrew Velazquez,23,TBR,AL,11,2,1,34.2,10,3,7,0,1,1.000,1,28,1,35,2.60,2.99,0.83,2.91,,,,,,,/5H46879D,,velazan01
992,Matt Albers,35,MIL,NL,34,0,0,34.1,4,1,3,0,0,1.000,,,0,0,1.05,1.55,0.12,1.55,,,,,,,1,,alberma01
993,Kendall Graveman,27,OAK,AL,7,7,0,34.1,6,0,4,2,1,.667,,,1,6,1.05,1.31,0.57,1.30,,,,,,,/1,,graveke01
994,Adam Kolarek,29,TBR,AL,31,0,0,34.1,12,6,5,1,1,.917,,,0,0,2.88,1.31,0.35,1.30,,,,,,,1,,kolarad01
995,Wily Peralta,29,KCR,AL,37,0,0,34.1,4,1,3,0,0,1.000,,,1,6,1.05,1.31,0.11,1.30,,,,,,,1,,peralwi01
996,Warwick Saupold,28,DET,AL,31,0,0,34.1,8,4,3,1,0,.875,,,1,6,1.83,1.31,0.23,1.30,,,,,,,1,,saupowa01
997,Matt Belisle,38,2TM,AL,33,0,0,34.1,9,4,4,1,0,.889,,,-1,-6,2.10,1.31,0.24,1.30,,,,,,,1,,belisma01
997,Matt Belisle,38,CLE,AL,8,0,0,10.2,2,1,1,0,0,1.000,,,0,0,1.69,1.35,0.25,1.30,,,,,,,/1,,belisma01
997,Matt Belisle,38,MIN,AL,25,0,0,23.2,7,3,3,1,0,.857,,,-1,-8,2.28,1.29,0.24,1.30,,,,,,,1,,belisma01
998,Jonny Venters,33,2TM,2LG,50,1,0,34.1,6,2,4,0,0,1.000,,,-1,-6,1.57,1.44,0.12,1.44,,,,,,,1,,ventejo01
998,Jonny Venters,33,TBR,AL,22,1,0,14.0,3,2,1,0,0,1.000,,,0,0,1.93,1.29,0.14,1.30,,,,,,,1,,ventejo01
998,Jonny Venters,33,ATL,NL,28,0,0,20.1,3,0,3,0,0,1.000,,,-1,-10,1.33,1.55,0.11,1.55,,,,,,,1,,ventejo01
999,Sandy Alcantara,22,MIA,NL,6,6,0,34.0,5,2,3,0,0,1.000,,,0,0,1.32,1.56,0.83,1.55,,,,,,,/1,,alcansa01
1000,Jon Berti,28,TOR,AL,4,4,4,34.0,12,6,6,0,3,1.000,-2,-60,0,0,3.18,4.13,3.00,4.08,,,,,,,/4,,bertijo01
1001,Sherman Johnson,27,LAA,AL,9,2,2,34.0,17,11,6,0,3,1.000,0,7,0,0,4.50,4.63,1.89,5.06,,,,,,,/43H,,johnssh01
1002,Andrew Miller,33,CLE,AL,36,0,0,34.0,3,0,3,0,0,1.000,,,0,0,0.79,1.30,0.08,1.30,,,,,,,1,,millean01
1003,Chris Beck,27,2TM,2LG,20,0,0,34.0,7,3,3,1,0,.857,,,0,0,1.59,1.38,0.30,1.38,,,,,,,1,,beckch02
1003,Chris Beck,27,CHW,AL,14,0,0,23.2,6,2,3,1,0,.833,,,0,0,1.90,1.29,0.36,1.30,,,,,,,1,,beckch02
1003,Chris Beck,27,NYM,NL,6,0,0,10.1,1,1,0,0,0,1.000,,,0,0,0.87,1.57,0.17,1.55,,,,,,,/1,,beckch02
1004,Ryan Brasier,30,BOS,AL,34,0,0,33.2,9,4,5,0,2,1.000,,,1,6,2.41,1.31,0.26,1.30,,,,,,,1,,brasiry01
1005,Max Fried,24,ATL,NL,14,5,0,33.2,9,0,9,0,0,1.000,,,1,6,2.41,1.55,0.64,1.55,,,,,,,1,,friedma01
1006,Phil Gosselin,29,CIN,NL,10,2,1,33.2,16,7,8,1,0,.938,2,71,0,0,4.01,2.99,1.36,3.17,,,,,,,H/5347,,gosseph01
1007,Nick Wittgren,27,MIA,NL,32,0,0,33.2,3,3,0,0,0,1.000,,,0,0,0.80,1.55,0.09,1.55,,,,,,,1,,wittgni01
1008,Brett Graves,25,MIA,NL,21,0,0,33.1,7,1,6,0,1,1.000,,,0,0,1.89,1.57,0.33,1.55,,,,,,,1,,gravebr01
1009,Sean Reid-Foley,22,TOR,AL,7,7,0,33.1,3,0,3,0,0,1.000,,,0,0,0.81,1.30,0.43,1.30,,,,,,,/1,,reidfse01
1010,Xavier Cedeño,31,2TM,2LG,48,0,0,33.1,8,4,4,0,0,1.000,,,0,0,2.16,1.38,0.17,1.38,,,,,,,1,,cedenxa01
1010,Xavier Cedeño,31,CHW,AL,33,0,0,25.1,4,2,2,0,0,1.000,,,-1,-8,1.42,1.31,0.12,1.30,,,,,,,1,,cedenxa01
1010,Xavier Cedeño,31,MIL,NL,15,0,0,8.0,4,2,2,0,0,1.000,,,1,25,4.50,1.58,0.27,1.55,,,,,,,1,,cedenxa01
1011,Braxton Lee,24,MIA,NL,6,3,1,33.0,7,7,0,0,0,1.000,0,15,1,36,1.91,2.07,1.17,2.08,,,,,,,/9H7,,leebr01
1012,Vidal Nuño III,30,TBR,AL,17,0,0,33.0,5,1,4,0,0,1.000,,,1,6,1.36,1.31,0.29,1.30,,,,,,,1,,nunovi01
1013,Daniel Ponce de Leon,26,STL,NL,11,4,0,33.0,10,6,3,1,1,.900,,,1,6,2.45,1.55,0.82,1.55,,,,,,,1/H,,ponceda01
1014,Richard Bleier,31,BAL,AL,31,0,0,32.2,5,2,3,0,1,1.000,,,0,0,1.38,1.32,0.16,1.30,,,,,,,1,,bleieri01
1015,Brett Cecil,31,STL,NL,40,0,0,32.2,7,1,5,1,0,.857,,,-2,-12,1.65,1.57,0.15,1.55,,,,,,,1,,cecilbr01
1016,Phil Hughes,32,2TM,2LG,23,2,0,32.2,0,0,0,0,0,,,,-1,-6,0.00,1.46,0.00,1.47,,,,,,,1,,hugheph01
1016,Phil Hughes,32,MIN,AL,7,2,0,12.0,0,0,0,0,0,,,,0,0,0.00,1.28,0.00,1.30,,,,,,,/1,,hugheph01
1016,Phil Hughes,32,SDP,NL,16,0,0,20.2,0,0,0,0,0,,,,-1,-10,0.00,1.57,0.00,1.55,,,,,,,1,,hugheph01
1017,Jason Adam,26,KCR,AL,31,0,0,32.1,2,0,2,0,0,1.000,,,0,0,0.56,1.31,0.06,1.30,,,,,,,1,,adamja01
1018,JT Chargois,27,LAD,NL,39,0,0,32.1,6,2,4,0,0,1.000,,,-1,-6,1.67,1.56,0.15,1.55,,,,,,,1,,chargjt01
1019,Carson Fulmer,24,CHW,AL,9,8,0,32.1,3,0,3,0,0,1.000,,,0,0,0.84,1.31,0.33,1.30,,,,,,,/1,,fulmeca01
1020,Óliver Pérez,36,CLE,AL,51,0,0,32.1,6,1,5,0,0,1.000,,,1,6,1.67,1.31,0.12,1.30,,,,,,,1,,perezol01
1021,Jacob Rhame,25,NYM,NL,30,0,0,32.1,2,1,1,0,0,1.000,,,-1,-6,0.56,1.56,0.07,1.55,,,,,,,1,,rhameja01
1022,Tyler Bashlor,25,NYM,NL,24,0,0,32.0,3,1,1,1,0,.667,,,-2,-13,0.56,1.55,0.08,1.55,,,,,,,1,,bashlty01
1023,Eric Haase,25,CLE,AL,7,2,2,32.0,30,29,0,1,0,.967,-1,-38,-1,-38,8.16,9.06,4.14,8.99,0,1,5,0,0.0,0,/2HD,,haaseer01
1024,Jeffrey Springs,25,TEX,AL,18,2,0,32.0,6,2,4,0,0,1.000,,,0,0,1.69,1.32,0.33,1.30,,,,,,,1,,sprinje01
1025,Aaron Bummer,24,CHW,AL,37,0,0,31.2,3,1,2,0,1,1.000,,,-1,-6,0.85,1.31,0.08,1.30,,,,,,,1,,bummeaa01
1026,Santiago Casilla,37,OAK,AL,26,0,0,31.1,7,3,4,0,2,1.000,,,0,0,2.01,1.32,0.27,1.30,,,,,,,1,,garcija01
1027,Luke Farrell,27,CHC,NL,20,2,0,31.1,1,0,1,0,0,1.000,,,-1,-6,0.29,1.55,0.05,1.55,,,,,,,1,,farrelu01
1028,Brandon Maurer,27,KCR,AL,37,0,0,31.1,6,4,2,0,1,1.000,,,0,0,1.72,1.32,0.16,1.30,,,,,,,1,,maurebr01
1029,Silvino Bracho,25,ARI,NL,31,0,0,31.0,3,1,1,1,0,.667,,,-1,-6,0.58,1.57,0.06,1.55,,,,,,,1,,brachsi01
1030,Matt Shoemaker,31,LAA,AL,7,7,0,31.0,2,0,1,1,0,.500,,,0,0,0.29,1.31,0.14,1.30,,,,,,,/1,,shoemma01
1031,Brandon Morrow,33,CHC,NL,35,0,0,30.2,11,7,4,0,0,1.000,,,0,0,3.23,1.56,0.31,1.55,,,,,,,1,,morrobr01
1032,Adolis García,25,STL,NL,11,2,1,30.1,5,4,0,1,0,.800,0,0,0,0,1.19,2.08,0.36,2.08,,,,,,,H/978,,garciad02
1033,Jaime Schultz,27,TBR,AL,22,1,0,30.1,4,1,3,0,0,1.000,,,1,7,1.19,1.31,0.18,1.30,,,,,,,1,,schulja02
1034,Ben Lively,26,2TM,2LG,10,5,0,30.1,4,1,3,0,0,1.000,,,-1,-7,1.19,1.51,0.40,1.43,,,,,,,1/H,,livelbe01
1034,Ben Lively,26,PHI,NL,5,5,0,23.2,4,1,3,0,0,1.000,,,-1,-8,1.52,1.56,0.80,1.56,,,,,,,/1H,,livelbe01
1034,Ben Lively,26,KCR,AL,5,0,0,6.2,0,0,0,0,0,,,,0,0,0.00,1.35,0.00,1.30,,,,,,,/1,,livelbe01
1035,Victor Alcántara,25,DET,AL,27,0,0,30.0,2,1,1,0,0,1.000,,,-1,-7,0.60,1.32,0.07,1.30,,,,,,,1,,alcanvi01
1036,Nate Jones,32,CHW,AL,33,0,0,30.0,2,0,2,0,0,1.000,,,0,0,0.60,1.32,0.06,1.30,,,,,,,1,,jonesna01
1037,Myles Straw,23,HOU,AL,9,2,2,30.0,9,9,0,0,0,1.000,2,84,0,0,2.70,2.19,1.00,2.18,,,,,,,/9H87,,strawmy01
1038,Bruce Rondón,27,CHW,AL,35,0,0,29.2,4,1,3,0,0,1.000,,,-2,-13,1.21,1.30,0.11,1.30,,,,,,,1,,rondobr01
1039,Lane Adams,28,ATL,NL,8,2,2,29.1,9,9,0,0,0,1.000,2,86,0,0,2.76,2.09,1.13,2.08,,,,,,,H/978,,adamsla01
1040,Touki Toussaint,22,ATL,NL,7,5,0,29.0,5,2,3,0,2,1.000,,,1,7,1.55,1.55,0.71,1.56,,,,,,,/1H,,toussto01
1041,Nolan Fontana,27,LAA,AL,7,1,1,28.1,13,5,7,1,2,.923,-1,-21,2,85,3.81,3.72,1.71,3.57,,,,,,,/H456,,fontano01
1042,Peter Moylan,39,ATL,NL,39,0,0,28.1,12,1,11,0,2,1.000,,,1,7,3.81,1.56,0.31,1.55,,,,,,,1,,moylape01
1043,Pedro Araújo,24,BAL,AL,20,0,0,28.0,9,6,3,0,0,1.000,,,0,0,2.89,1.32,0.45,1.30,,,,,,,1,,araujpe01
1044,Drew Smith,24,NYM,NL,27,0,0,28.0,4,0,4,0,1,1.000,,,1,7,1.29,1.58,0.15,1.55,,,,,,,1,,smithdr01
1045,Junichi Tazawa,32,2TM,2LG,31,0,0,28.0,3,0,2,1,0,.667,,,0,0,0.64,1.51,0.06,1.48,,,,,,,1,,tazawju01
1045,Junichi Tazawa,32,MIA,NL,22,0,0,20.0,1,0,0,1,0,.000,,,0,0,0.00,1.58,0.00,1.55,,,,,,,1,,tazawju01
1045,Junichi Tazawa,32,LAA,AL,9,0,0,8.0,2,0,2,0,0,1.000,,,0,0,2.25,1.35,0.22,1.30,,,,,,,/1,,tazawju01
1046,Paul Blackburn,24,OAK,AL,6,6,0,27.2,0,0,0,0,0,,,,0,0,0.00,1.30,0.00,1.30,,,,,,,/1,,blackpa01
1047,Yohander Méndez,23,TEX,AL,8,5,0,27.2,6,0,5,1,0,.833,,,1,7,1.63,1.30,0.63,1.30,,,,,,,/1,,mendeyo01
1048,Dillon Peters,25,MIA,NL,7,5,0,27.2,5,3,2,0,0,1.000,,,1,7,1.63,1.56,0.71,1.56,,,,,,,/1,,peterdi01
1049,Tim Peterson,27,NYM,NL,22,0,0,27.2,3,1,2,0,0,1.000,,,0,0,0.98,1.56,0.14,1.55,,,,,,,1,,peterti01
1050,Dakota Hudson,23,STL,NL,26,0,0,27.1,10,3,6,1,0,.900,,,0,0,2.96,1.55,0.35,1.55,,,,,,,1,,hudsoda02
1051,Jordan Montgomery,25,NYY,AL,6,6,0,27.1,1,0,1,0,0,1.000,,,0,0,0.33,1.32,0.17,1.30,,,,,,,/1,,montgjo01
1052,Tyler Olson,28,CLE,AL,43,0,0,27.1,3,2,1,0,0,1.000,,,0,0,0.99,1.32,0.07,1.30,,,,,,,1,,olsonty01
1053,Sean Gilmartin,28,BAL,AL,12,0,0,27.0,6,2,4,0,1,1.000,,,1,7,2.00,1.30,0.50,1.30,,,,,,,1,,gilmase01
1054,Miguel Montero,34,WSN,NL,4,3,2,27.0,28,28,0,0,0,1.000,0,0,0,0,9.33,9.17,7.00,9.15,1,0,1,0,0.0,0,/2,,montemi01
1055,Dovydas Neverauskas,25,PIT,NL,25,0,0,27.0,1,1,0,0,0,1.000,,,1,7,0.33,1.57,0.04,1.55,,,,,,,1,,neverdo01
1056,Dustin Pedroia,34,BOS,AL,3,3,3,27.0,14,7,7,0,1,1.000,0,13,0,0,4.67,4.13,4.67,4.07,,,,,,,/4,,pedrodu01
1057,Engelb Vielma,24,BAL,AL,6,3,2,27.0,8,3,4,1,0,.875,0,0,0,0,2.33,4.10,1.17,3.98,,,,,,,/46,,vielmen01
1058,Brett Kennedy,23,SDP,NL,6,6,0,26.2,2,1,1,0,0,1.000,,,-3,-23,0.68,1.55,0.33,1.55,,,,,,,/1,,kennebr02
1059,Chris Tillman,30,BAL,AL,7,7,0,26.2,5,2,3,0,2,1.000,,,1,8,1.69,1.32,0.71,1.30,,,,,,,/1,,tillmch01
1060,Ildemaro Vargas,26,ARI,NL,6,2,2,26.2,19,5,12,2,3,.895,0,18,0,0,5.74,3.21,2.83,3.35,,,,,,,H/546,,vargail01
1061,George Kontos,33,3TM,2LG,28,0,0,26.2,5,3,2,0,1,1.000,,,0,0,1.69,1.49,0.18,1.49,,,,,,,1,,kontoge01
1061,George Kontos,33,2TM,AL,7,0,0,7.0,1,0,1,0,0,1.000,,,0,0,1.29,1.29,0.14,1.30,,,,,,,/1,,kontoge01
1061,George Kontos,33,PIT,NL,21,0,0,19.2,4,3,1,0,1,1.000,,,0,0,1.83,1.56,0.19,1.55,,,,,,,1,,kontoge01
1061,George Kontos,33,CLE,AL,6,0,0,5.1,1,0,1,0,0,1.000,,,0,0,1.69,1.35,0.17,1.30,,,,,,,/1,,kontoge01
1061,George Kontos,33,NYY,AL,1,0,0,1.2,0,0,0,0,0,,,,0,0,0.00,1.08,0.00,1.30,,,,,,,/1,,kontoge01
1062,Tony Barnette,34,TEX,AL,22,0,0,26.1,9,4,5,0,0,1.000,,,0,0,3.08,1.30,0.41,1.30,,,,,,,1,,barneto01
1063,Nelson Cruz,37,SEA,AL,4,4,1,26.1,6,6,0,0,0,1.000,1,36,1,46,2.05,2.19,1.50,2.18,,,,,,,*D/9H,AS,cruzne02
1064,Clay Holmes,25,PIT,NL,11,4,0,26.1,9,3,6,0,1,1.000,,,0,0,3.08,1.57,0.82,1.55,,,,,,,1,,holmecl01
1065,Tommy Milone,31,WSN,NL,5,4,0,26.1,2,0,2,0,0,1.000,,,-2,-15,0.68,1.57,0.40,1.56,,,,,,,/1,,milonto01
1066,Anthony Swarzak,32,NYM,NL,29,0,0,26.1,1,0,1,0,0,1.000,,,1,8,0.34,1.57,0.03,1.55,,,,,,,1,,swarzan01
1067,Michael Soroka,20,ATL,NL,5,5,0,25.2,4,1,3,0,1,1.000,,,0,0,1.40,1.58,0.80,1.56,,,,,,,/1,,sorokmi01
1068,Alan Busenitz,27,MIN,AL,23,0,0,25.1,5,3,2,0,0,1.000,,,-1,-8,1.78,1.31,0.22,1.30,,,,,,,1,,busenal01
1069,Ryan Dull,28,OAK,AL,28,0,0,25.1,4,1,2,1,0,.750,,,1,8,1.07,1.31,0.11,1.30,,,,,,,1,,dullry01
1070,Trevor May,28,MIN,AL,24,1,0,25.1,5,1,2,2,0,.600,,,-2,-16,1.07,1.31,0.13,1.30,,,,,,,1,,maytr01
1071,Tyler Duffey,27,MIN,AL,19,1,0,25.0,5,1,3,1,0,.800,,,0,0,1.44,1.30,0.21,1.30,,,,,,,1,,duffety01
1072,Jeanmar Gómez,30,CHW,AL,26,0,0,25.0,3,1,1,1,0,.667,,,-1,-8,0.72,1.30,0.08,1.30,,,,,,,1,,gomezje01
1073,Stephen Gonsalves,23,MIN,AL,7,4,0,24.2,5,2,3,0,0,1.000,,,2,16,1.82,1.31,0.71,1.30,,,,,,,/1,,gonsast01
1074,Jonathan Loáisiga,23,NYY,AL,9,4,0,24.2,4,2,2,0,2,1.000,,,0,0,1.46,1.31,0.44,1.30,,,,,,,/1,,loaisjo01
1075,Ervin Santana,35,MIN,AL,5,5,0,24.2,6,3,3,0,0,1.000,,,0,0,2.19,1.31,1.20,1.30,,,,,,,/1,,santaer01
1076,Daniel Gossett,25,OAK,AL,5,5,0,24.1,4,1,3,0,1,1.000,,,0,0,1.48,1.29,0.80,1.30,,,,,,,/1,,gosseda01
1077,Pat Neshek,37,PHI,NL,30,0,0,24.1,3,1,2,0,0,1.000,,,-1,-8,1.11,1.55,0.10,1.55,,,,,,,1,,neshepa01
1078,Alfredo González,25,CHW,AL,3,3,2,24.0,23,21,1,1,0,.957,-1,-50,0,0,8.25,9.08,7.33,8.97,1,2,2,1,33.3,0,/2,,gonzaal04
1079,Gabriel Guerrero,24,CIN,NL,5,2,1,24.0,5,4,0,1,0,.800,-1,-70,1,50,1.50,2.06,0.80,2.08,,,,,,,H/89,,guerrga01
1080,Liam Hendriks,29,OAK,AL,25,8,0,24.0,4,3,1,0,0,1.000,,,-2,-17,1.50,1.31,0.16,1.30,,,,,,,1,,hendrli01
1081,Dominic Leone,26,STL,NL,29,0,0,24.0,6,2,3,1,0,.833,,,0,0,1.88,1.58,0.17,1.55,,,,,,,1,,leonedo01
1082,Tim Locastro,25,LAD,NL,5,3,1,24.0,7,7,0,0,0,1.000,1,30,-1,-50,2.63,2.06,1.40,2.08,,,,,,,H/87,,locasti01
1083,Tyler Thornburg,29,BOS,AL,25,0,0,24.0,1,0,1,0,0,1.000,,,0,0,0.38,1.31,0.04,1.30,,,,,,,1,,thornty01
1084,Mitch Walding,25,PHI,NL,7,2,2,24.0,6,3,3,0,0,1.000,0,0,0,0,2.25,2.48,0.86,2.49,,,,,,,/H5,,waldimi01
1085,Abiatal Avelino,23,SFG,NL,4,3,1,23.2,15,6,8,1,1,.933,0,5,0,0,5.32,4.07,3.50,4.05,,,,,,,/6H4,,aveliab01
1086,Danny Coulombe,28,OAK,AL,27,0,0,23.2,4,1,3,0,0,1.000,,,0,0,1.52,1.29,0.15,1.30,,,,,,,1,,couloda01
1087,Casey Kelly,28,SFG,NL,7,3,0,23.2,4,1,2,1,0,.750,,,0,0,1.14,1.56,0.43,1.56,,,,,,,/1,,kellyca01
1088,Ray Black,28,SFG,NL,26,0,0,23.1,6,3,3,0,0,1.000,,,0,0,2.31,1.54,0.23,1.55,,,,,,,1,,blackra01
1089,Tommy Kahnle,28,NYY,AL,24,0,0,23.1,4,1,2,1,0,.750,,,0,0,1.16,1.31,0.13,1.30,,,,,,,1,,kahnlto01
1090,Casey Lawrence,30,SEA,AL,11,0,0,23.1,4,1,3,0,1,1.000,,,-1,-9,1.54,1.31,0.36,1.30,,,,,,,1,,lawreca01
1091,Mark Leiter Jr.,27,2TM,2LG,20,0,0,23.1,4,2,2,0,0,1.000,,,0,0,1.54,1.50,0.20,1.45,,,,,,,1,,leitema02
1091,Mark Leiter Jr.,27,PHI,NL,12,0,0,16.2,3,2,1,0,0,1.000,,,0,0,1.62,1.57,0.25,1.55,,,,,,,1,,leitema02
1091,Mark Leiter Jr.,27,TOR,AL,8,0,0,6.2,1,0,1,0,0,1.000,,,0,0,1.35,1.35,0.13,1.30,,,,,,,/1,,leitema02
1092,Matt Bowman,27,STL,NL,22,0,0,23.0,10,1,8,1,0,.900,,,0,0,3.52,1.57,0.41,1.55,,,,,,,1,,bowmama01
1093,Matt Bush,32,TEX,AL,21,0,0,23.0,4,3,0,1,0,.750,,,0,0,1.17,1.29,0.14,1.30,,,,,,,1,,bushma01
1094,Josh James,25,HOU,AL,6,3,0,23.0,1,0,1,0,0,1.000,,,0,0,0.39,1.29,0.17,1.30,,,,,,,/1,,jamesjo02
1095,Dalton Pompey,25,TOR,AL,3,2,1,23.0,5,5,0,0,0,1.000,1,42,0,0,1.96,2.19,1.67,2.17,,,,,,,/7H,,pompeda01
1096,Adrian Sampson,26,TEX,AL,5,4,0,23.0,3,0,2,1,0,.667,,,-1,-9,0.78,1.29,0.40,1.30,,,,,,,/1,,sampsad01
1097,Tony Cingrani,28,LAD,NL,30,0,0,22.2,3,1,2,0,0,1.000,,,1,9,1.19,1.55,0.10,1.55,,,,,,,1,,cingrto01
1098,Tim Collins,28,WSN,NL,38,0,0,22.2,5,1,4,0,0,1.000,,,1,9,1.99,1.55,0.13,1.55,,,,,,,1,,colliti01
1099,Ryan Carpenter,27,DET,AL,6,5,0,22.1,7,0,6,1,1,.857,,,0,0,2.42,1.29,1.00,1.30,,,,,,,/1,,carpery01
1100,Yimi García,27,LAD,NL,25,0,0,22.1,3,0,3,0,0,1.000,,,0,0,1.21,1.57,0.12,1.55,,,,,,,1,,garciyi01
1101,Adalberto Mejía,25,MIN,AL,5,4,0,22.1,7,3,4,0,0,1.000,,,1,9,2.82,1.29,1.40,1.30,,,,,,,/1,,mejiaad01
1102,Bobby Poyner,25,BOS,AL,20,0,0,22.1,5,1,4,0,0,1.000,,,1,9,2.01,1.29,0.25,1.30,,,,,,,1,,poynebo01
1103,Merandy González,22,MIA,NL,8,1,0,22.0,1,0,1,0,0,1.000,,,-1,-9,0.41,1.55,0.13,1.55,,,,,,,/1,,gonzame01
1104,Corban Joseph,29,BAL,AL,7,2,1,22.0,18,18,0,0,0,1.000,-1,-33,-1,-55,7.36,7.94,2.57,7.20,,,,,,,/H34D,,josepco01
1105,Jiman Choi,27,2TM,2LG,4,3,2,22.0,15,13,2,0,5,1.000,0,-22,0,0,6.14,8.30,3.75,6.95,,,,,,,D/H37,,choiji01
1105,Jiman Choi,27,MIL,NL,3,2,2,19.0,12,10,2,0,5,1.000,1,32,0,0,5.68,8.29,4.00,6.47,,,,,,,/DH37,,choiji01
1105,Jiman Choi,27,TBR,AL,1,1,0,3.0,3,3,0,0,0,1.000,-1,-360,0,0,9.00,8.40,3.00,8.40,,,,,,,D/H3,,choiji01
1106,Blaine Boyer,36,KCR,AL,21,0,0,21.2,4,0,4,0,0,1.000,,,-2,-18,1.66,1.33,0.19,1.30,,,,,,,1,,boyerbl01
1107,Zac Reininger,25,DET,AL,18,0,0,21.1,4,0,4,0,0,1.000,,,1,9,1.69,1.31,0.22,1.30,,,,,,,1,,reiniza01
1108,Juan Graterol,29,2TM,AL,4,2,1,21.1,25,20,5,0,0,1.000,1,56,1,56,10.55,9.03,6.25,8.98,0,2,0,1,100.0,0,/2,,grateju01
1108,Juan Graterol,29,LAA,AL,1,0,0,2.1,3,0,3,0,0,1.000,1,514,1,514,11.57,8.87,3.00,9.00,0,0,0,1,100.0,0,/2,,grateju01
1108,Juan Graterol,29,MIN,AL,3,2,1,19.0,22,20,2,0,0,1.000,0,0,0,0,10.42,9.05,7.33,8.97,0,2,0,0,,0,/2,,grateju01
1109,Ryan Meisinger,24,BAL,AL,18,1,0,21.0,3,1,2,0,0,1.000,,,0,0,1.29,1.33,0.17,1.30,,,,,,,1,,meisiry01
1110,Raimel Tapia,24,COL,NL,8,1,1,21.0,5,5,0,0,0,1.000,0,17,0,0,2.14,2.10,0.63,2.08,,,,,,,H/879D,,tapiara01
1111,Dan Altavilla,25,SEA,AL,22,0,0,20.2,1,0,1,0,0,1.000,,,0,0,0.44,1.31,0.05,1.30,,,,,,,1,,altavda01
1112,Brandon Finnegan,25,CIN,NL,5,5,0,20.2,5,0,5,0,0,1.000,,,0,0,2.18,1.57,1.00,1.56,,,,,,,/1,,finnebr01
1113,Patrick Kivlehan,28,ARI,NL,4,2,2,20.2,2,2,0,0,0,1.000,0,-12,1,58,0.87,2.09,0.50,2.08,,,,,,,/H7,,kivlepa01
1114,Harold Castro,24,DET,AL,5,2,0,20.1,15,7,8,0,2,1.000,1,65,0,0,6.64,3.94,2.50,3.90,,,,,,,/64H,,castrha01
1115,Zack Littell,22,MIN,AL,8,2,0,20.1,6,0,6,0,0,1.000,,,0,0,2.66,1.33,0.75,1.30,,,,,,,/1,,litteza01
1116,Tyler Webb,27,2TM,NL,22,0,0,20.1,7,5,2,0,1,1.000,,,0,0,3.10,1.59,0.32,1.55,,,,,,,1,,webbty01
1116,Tyler Webb,27,SDP,NL,4,0,0,5.0,2,2,0,0,0,1.000,,,0,0,3.60,1.62,0.50,1.55,,,,,,,/1,,webbty01
1116,Tyler Webb,27,STL,NL,18,0,0,15.1,5,3,2,0,1,1.000,,,0,0,2.93,1.58,0.28,1.55,,,,,,,1,,webbty01
1117,Darren O'Day,35,BAL,AL,20,0,0,20.0,4,0,4,0,0,1.000,,,0,0,1.80,1.31,0.20,1.30,,,,,,,1,,odayda01
1118,Luis Santos,27,TOR,AL,15,1,0,20.0,1,0,1,0,0,1.000,,,1,10,0.45,1.31,0.07,1.30,,,,,,,1,,santolu01
1119,Tomás Telis,27,MIA,NL,6,1,0,20.0,21,20,1,0,2,1.000,0,0,0,0,9.45,8.96,3.50,8.98,0,0,1,1,50.0,0,H/23D,,telisto01
1120,Luiz Gohara,21,ATL,NL,9,1,0,19.2,0,0,0,0,0,,,,-1,-10,0.00,1.56,0.00,1.56,,,,,,,/1,,goharlu01
1121,AJ Ramos,31,NYM,NL,28,0,0,19.2,2,0,2,0,1,1.000,,,0,0,0.92,1.56,0.07,1.55,,,,,,,1,,ramosaj01
1122,Donnie Hart,27,BAL,AL,20,0,0,19.1,7,0,6,1,1,.857,,,1,10,2.79,1.30,0.30,1.30,,,,,,,1,,hartdo01
1123,Jimmy Cordero,26,WSN,NL,22,0,0,19.0,3,1,1,1,0,.667,,,-2,-21,0.95,1.56,0.09,1.55,,,,,,,1,,cordeji01
1124,Enyel De Los Santos,22,PHI,NL,7,2,0,19.0,11,4,7,0,0,1.000,,,1,11,5.21,1.56,1.57,1.56,,,,,,,/1,,delosen01
1125,Trevor Gott,25,WSN,NL,20,0,0,19.0,6,1,5,0,1,1.000,,,1,11,2.84,1.56,0.30,1.55,,,,,,,1,,gotttr01
1126,Ben Meyer,25,MIA,NL,13,0,0,19.0,5,2,3,0,1,1.000,,,1,11,2.37,1.56,0.38,1.55,,,,,,,1,,meyerbe02
1127,Trey Wingenter,24,SDP,NL,22,0,0,19.0,6,3,1,2,0,.667,,,-1,-11,1.89,1.56,0.18,1.55,,,,,,,1,,wingetr01
1128,Miguel Díaz,23,SDP,NL,11,0,0,18.2,2,1,1,0,0,1.000,,,0,0,0.96,1.54,0.18,1.55,,,,,,,1,,diazmi02
1129,Eduardo Paredes,23,LAA,AL,14,0,0,18.1,2,1,1,0,0,1.000,,,0,0,0.98,1.33,0.14,1.30,,,,,,,1,,pareded01
1130,Ty Kelly,29,NYM,NL,4,1,1,18.0,3,2,1,0,1,1.000,-1,-40,0,0,1.50,2.70,0.75,3.30,,,,,,,/H457,,kellyty01
1131,Alec Mills,26,CHC,NL,7,2,0,18.0,1,1,0,0,0,1.000,,,-1,-11,0.50,1.55,0.14,1.56,,,,,,,/1,,millsal02
1132,Tyler Cloyd,31,MIA,NL,7,0,0,17.2,1,1,0,0,0,1.000,,,0,0,0.51,1.58,0.14,1.56,,,,,,,/1,,cloydty01
1133,Chase De Jong,24,MIN,AL,4,4,0,17.2,5,2,2,1,1,.800,,,0,0,2.04,1.32,1.00,1.30,,,,,,,/1,,dejonch01
1134,Keynan Middleton,24,LAA,AL,16,0,0,17.2,1,1,0,0,0,1.000,,,0,0,0.51,1.32,0.06,1.30,,,,,,,1,,middlke01
1135,Nick Rumbelow,26,SEA,AL,13,0,0,17.2,2,1,1,0,0,1.000,,,-1,-11,1.02,1.32,0.15,1.30,,,,,,,1,,rumbeni01
1136,Brock Stewart,26,LAD,NL,9,2,0,17.2,3,0,2,1,0,.667,,,0,0,1.02,1.58,0.22,1.56,,,,,,,/1,,stewabr01
1137,Thyago Vieira,25,CHW,AL,16,0,0,17.2,3,2,1,0,0,1.000,,,0,0,1.53,1.32,0.19,1.30,,,,,,,1,,vieirth01
1138,Justin Grimm,29,2TM,AL,21,0,0,17.1,3,0,2,1,0,.667,,,0,0,1.04,1.30,0.10,1.30,,,,,,,1,,grimmju01
1138,Justin Grimm,29,KCR,AL,16,0,0,12.2,3,0,2,1,0,.667,,,0,0,1.42,1.28,0.13,1.30,,,,,,,1,,grimmju01
1138,Justin Grimm,29,SEA,AL,5,0,0,4.2,0,0,0,0,0,,,,0,0,0.00,1.35,0.00,1.30,,,,,,,/1,,grimmju01
1139,Cody Carroll,25,BAL,AL,15,0,0,17.0,3,2,1,0,0,1.000,,,-1,-12,1.59,1.32,0.20,1.30,,,,,,,1,,carroco01
1140,Ryan Cook,31,SEA,AL,19,0,0,17.0,2,1,1,0,0,1.000,,,-1,-12,1.06,1.32,0.11,1.30,,,,,,,1,,cookry01
1141,William Cuevas,27,BOS,AL,9,1,0,17.0,7,4,3,0,0,1.000,,,2,24,3.71,1.32,0.78,1.30,,,,,,,/1,,cuevawi01
1142,Mike Dunn,33,COL,NL,25,0,0,17.0,3,0,3,0,0,1.000,,,1,12,1.59,1.54,0.12,1.55,,,,,,,1,,dunnmi01
1143,Matt Reynolds,27,WSN,NL,4,1,1,17.0,3,1,2,0,0,1.000,0,28,0,0,1.59,2.49,0.75,2.50,,,,,,,H/5,,reynoma03
1144,Jose Trevino,25,TEX,AL,3,1,1,17.0,15,15,0,0,0,1.000,0,0,0,0,7.94,9.05,5.00,8.97,0,1,0,0,,0,/2H,,trevijo01
1145,Kevin Jepsen,33,TEX,AL,21,0,0,16.2,3,0,3,0,0,1.000,,,0,0,1.62,1.30,0.14,1.30,,,,,,,1,,jepseke01
1146,Tyler Lyons,30,STL,NL,27,0,0,16.2,3,0,3,0,0,1.000,,,0,0,1.62,1.57,0.11,1.55,,,,,,,1,,lyonsty01
1147,J.B. Wendelken,25,OAK,AL,13,0,0,16.2,1,0,1,0,0,1.000,,,0,0,0.54,1.30,0.08,1.30,,,,,,,1,,wendejb01
1148,Rafael Bautista,25,WSN,NL,7,1,0,16.1,4,4,0,0,0,1.000,0,29,0,0,2.20,2.09,0.57,2.09,,,,,,,/7H89,,bautira01
1149,Jeff Brigham,26,MIA,NL,4,4,0,16.1,3,1,2,0,1,1.000,,,0,0,1.65,1.54,0.75,1.55,,,,,,,/1,,brighje01
1150,Ty Buttrey,25,LAA,AL,16,0,0,16.1,5,2,3,0,0,1.000,,,0,0,2.76,1.32,0.31,1.30,,,,,,,1,,buttrty01
1151,Koda Glover,25,WSN,NL,21,0,0,16.1,5,3,2,0,0,1.000,,,0,0,2.76,1.54,0.24,1.55,,,,,,,1,,gloveko01
1152,James Sherfy,26,ARI,NL,15,0,0,16.1,2,0,2,0,0,1.000,,,0,0,1.10,1.54,0.13,1.55,,,,,,,1,,sherfji01
1153,Jake Thompson,24,PHI,NL,9,0,0,16.1,4,1,3,0,0,1.000,,,0,0,2.20,1.54,0.44,1.56,,,,,,,/1,,thompja03
1154,Spencer Turnbull,25,DET,AL,4,3,0,16.1,4,1,3,0,0,1.000,,,1,12,2.20,1.32,1.00,1.30,,,,,,,/1,,turnbsp01
1155,Zac Curtis,25,2TM,2LG,15,0,0,16.1,2,0,2,0,0,1.000,,,0,0,1.10,1.49,0.13,1.42,,,,,,,1,,curtiza01
1155,Zac Curtis,25,PHI,NL,7,0,0,9.2,0,0,0,0,0,,,,0,0,0.00,1.58,0.00,1.56,,,,,,,/1,,curtiza01
1155,Zac Curtis,25,TEX,AL,8,0,0,6.2,2,0,2,0,0,1.000,,,0,0,2.70,1.35,0.25,1.30,,,,,,,/1,,curtiza01
1156,Miguel Gómez,25,SFG,NL,3,2,1,16.0,12,4,8,0,3,1.000,2,113,0,0,6.75,4.33,4.00,4.30,,,,,,,/H4,,gomezmi01
1157,Shelby Miller,27,ARI,NL,5,4,0,16.0,3,1,2,0,0,1.000,,,0,0,1.69,1.58,0.60,1.56,,,,,,,/1,,millesh01
1158,Trevor Plouffe,32,PHI,NL,4,2,0,16.0,4,2,2,0,0,1.000,-1,-38,0,0,2.25,2.70,1.00,2.85,,,,,,,/H549,,plouftr01
1159,Joe Ross,25,WSN,NL,3,3,0,16.0,5,3,2,0,1,1.000,,,0,0,2.81,1.58,1.67,1.57,,,,,,,/1,,rossjo01
1160,Ryan Schimpf,30,LAA,AL,4,2,1,16.0,2,0,2,0,1,1.000,0,-23,0,0,1.13,2.59,0.50,2.78,,,,,,,/H4579,,schimry01
1161,Lucas Sims,24,2TM,NL,9,0,0,15.2,1,1,0,0,0,1.000,,,0,0,0.57,1.55,0.11,1.56,,,,,,,/1,,simslu01
1161,Lucas Sims,24,ATL,NL,6,0,0,10.1,1,1,0,0,0,1.000,,,0,0,0.87,1.57,0.17,1.55,,,,,,,/1,,simslu01
1161,Lucas Sims,24,CIN,NL,3,0,0,5.1,0,0,0,0,0,,,,0,0,0.00,1.52,0.00,1.57,,,,,,,/1,,simslu01
1162,Anthony Bass,30,CHC,NL,16,0,0,15.1,5,3,2,0,0,1.000,,,0,0,2.93,1.58,0.31,1.55,,,,,,,1,,bassan01
1163,Brooks Pounders,27,COL,NL,14,0,0,15.1,2,1,1,0,0,1.000,,,0,0,1.17,1.58,0.14,1.55,,,,,,,1,,poundbr01
1164,Scott Barlow,25,KCR,AL,6,0,0,15.0,4,1,2,1,0,.750,,,0,0,1.80,1.32,0.50,1.30,,,,,,,/1,,barlosc01
1165,Dan Butler,31,BOS,AL,2,2,0,15.0,8,7,1,0,0,1.000,1,80,0,0,4.80,9.06,4.00,9.00,1,1,2,3,60.0,0,/2,,butleda01
1166,Williams Jerez,26,LAA,AL,17,0,0,15.0,3,0,3,0,0,1.000,,,0,0,1.80,1.32,0.18,1.30,,,,,,,1,,jerezwi01
1167,Walker Lockett,24,SDP,NL,4,3,0,15.0,8,4,4,0,0,1.000,,,2,27,4.80,1.56,2.00,1.55,,,,,,,/1,,lockewa01
1168,Brandon Snyder,31,TBR,AL,2,2,1,15.0,4,1,3,0,0,1.000,-1,-48,1,80,2.40,2.64,2.00,2.60,,,,,,,/5,,snydebr03
1169,Ranger Suarez,22,PHI,NL,4,3,0,15.0,5,1,4,0,0,1.000,,,1,13,3.00,1.56,1.25,1.55,,,,,,,/1,,suarera01
1170,Christopher Bostick,25,2TM,NL,4,2,1,15.0,6,5,1,0,1,1.000,0,8,0,0,3.60,3.24,1.50,3.20,,,,,,,H/47,,bostich01
1170,Christopher Bostick,25,PIT,NL,1,0,0,1.0,0,0,0,0,0,,0,0,0,0,0.00,1.80,0.00,2.10,,,,,,,/7H,,bostich01
1170,Christopher Bostick,25,MIA,NL,3,2,1,14.0,6,5,1,0,1,1.000,0,9,0,0,3.86,3.34,2.00,3.57,,,,,,,H/47,,bostich01
1171,Yency Almonte,24,COL,NL,14,0,0,14.2,1,0,1,0,0,1.000,,,0,0,0.61,1.53,0.07,1.55,,,,,,,1,,almonye01
1172,Shawn Armstrong,27,SEA,AL,14,0,0,14.2,4,0,4,0,0,1.000,,,1,14,2.45,1.29,0.29,1.30,,,,,,,1,,armstsh01
1173,Anthony Banda,24,TBR,AL,3,1,0,14.2,1,0,1,0,0,1.000,,,0,0,0.61,1.29,0.33,1.30,,,,,,,/1,,bandaan01
1174,Marcus Walden,29,BOS,AL,8,0,0,14.2,5,2,3,0,1,1.000,,,2,27,3.07,1.29,0.63,1.30,,,,,,,/1,,waldema01
1175,Sandy Báez,24,DET,AL,9,0,0,14.1,1,1,0,0,0,1.000,,,0,0,0.63,1.32,0.11,1.30,,,,,,,/1,,baezsa01
1176,Michael Kopech,22,CHW,AL,4,4,0,14.1,2,1,1,0,0,1.000,,,-1,-14,1.26,1.32,0.50,1.30,,,,,,,/1,,kopecmi01
1177,Josh Lucas,27,OAK,AL,8,1,0,14.1,3,1,2,0,0,1.000,,,0,0,1.88,1.32,0.38,1.30,,,,,,,/1,,lucasjo02
1178,Carson Smith,28,BOS,AL,18,0,0,14.1,4,3,1,0,0,1.000,,,-2,-28,2.51,1.32,0.22,1.30,,,,,,,1,,smithca02
1179,Chad Sobotka,24,ATL,NL,14,0,0,14.1,1,1,0,0,0,1.000,,,0,0,0.63,1.57,0.07,1.55,,,,,,,1,,sobotch01
1180,Christian Bergman,30,SEA,AL,3,2,0,14.0,2,1,1,0,0,1.000,,,0,0,1.29,1.29,0.67,1.30,,,,,,,/1,,bergmch01
1181,Ryder Jones,24,SFG,NL,3,2,1,14.0,2,2,0,0,0,1.000,0,0,0,0,1.29,4.69,0.67,6.60,,,,,,,/H35,,jonesry01
1182,Akeel Morris,25,LAA,AL,9,0,0,14.0,5,1,4,0,0,1.000,,,1,14,3.21,1.29,0.56,1.30,,,,,,,/1,,morriak01
1183,Pat Venditte,33,LAD,NL,15,0,0,14.0,1,0,1,0,0,1.000,,,0,0,0.64,1.54,0.07,1.55,,,,,,,1,,vendipa01
1184,Adrian Houser,25,MIL,NL,7,0,0,13.2,2,2,0,0,0,1.000,,,0,0,1.32,1.58,0.29,1.56,,,,,,,/1,,housead01
1185,Trevor Oaks,25,KCR,AL,4,2,0,13.2,3,0,3,0,0,1.000,,,0,0,1.98,1.32,0.75,1.30,,,,,,,/1,,oakstr01
1186,Aaron Slegers,25,MIN,AL,4,2,0,13.2,3,1,2,0,0,1.000,,,0,0,1.98,1.32,0.75,1.30,,,,,,,/1,,slegeaa01
1187,David Hale,30,2TM,AL,4,0,0,13.2,2,0,2,0,1,1.000,,,0,0,1.32,1.32,0.50,1.30,,,,,,,/1,,haleda02
1187,David Hale,30,NYY,AL,3,0,0,10.2,1,0,1,0,0,1.000,,,0,0,0.84,1.35,0.33,1.30,,,,,,,/1,,haleda02
1187,David Hale,30,MIN,AL,1,0,0,3.0,1,0,1,0,1,1.000,,,0,0,3.00,1.20,1.00,1.30,,,,,,,/1,,haleda02
1188,Derek Law,27,SFG,NL,7,0,0,13.1,2,1,1,0,0,1.000,,,0,0,1.35,1.55,0.29,1.56,,,,,,,/1,,lawde01
1189,Jake Newberry,23,KCR,AL,14,0,0,13.1,1,0,1,0,0,1.000,,,0,0,0.68,1.28,0.07,1.30,,,,,,,1,,newbeja01
1190,Chih-Wei Hu,24,TBR,AL,5,0,0,13.0,0,0,0,0,0,,,,0,0,0.00,1.32,0.00,1.30,,,,,,,/1,,huch02
1191,Adam Liberatore,31,LAD,NL,17,0,0,13.0,5,1,4,0,0,1.000,,,1,15,3.46,1.59,0.29,1.55,,,,,,,1,,liberad01
1192,Taijuan Walker,25,ARI,NL,3,3,0,13.0,5,1,4,0,1,1.000,,,2,31,3.46,1.59,1.67,1.57,,,,,,,/1,,walketa01
1193,Drew Anderson,24,PHI,NL,5,1,0,12.2,3,1,1,1,0,.667,,,-2,-32,1.42,1.56,0.40,1.56,,,,,,,/1,,anderdr02
1194,Luke Gregerson,34,STL,NL,17,0,0,12.2,5,0,4,1,0,.800,,,0,0,2.84,1.56,0.24,1.55,,,,,,,1,,gregelu01
1195,Miguel González,34,CHW,AL,3,3,0,12.1,1,0,1,0,0,1.000,,,0,0,0.73,1.31,0.33,1.30,,,,,,,/1,,gonzami03
1196,Terrance Gore,27,CHC,NL,7,0,0,12.1,3,3,0,0,0,1.000,0,-10,1,97,2.19,2.04,0.43,2.09,,,,,,,H/7D,,gorete01
1197,Justin Hancock,27,CHC,NL,10,0,0,12.1,1,1,0,0,0,1.000,,,0,0,0.73,1.53,0.10,1.55,,,,,,,1,,hancoju01
1198,Austin Voth,26,WSN,NL,4,2,0,12.1,2,1,1,0,0,1.000,,,-1,-16,1.46,1.53,0.50,1.55,,,,,,,/1,,vothau01
1199,Drew Gagnon,28,NYM,NL,5,1,0,12.0,5,0,5,0,0,1.000,,,0,0,3.75,1.58,1.00,1.56,,,,,,,/1,,gagnodr01
1200,Josh Osich,29,SFG,NL,12,0,0,12.0,3,2,1,0,0,1.000,,,0,0,2.25,1.58,0.25,1.55,,,,,,,1,,osichjo01
1201,Luke Bard,27,LAA,AL,8,0,0,11.2,4,2,2,0,0,1.000,,,0,0,3.09,1.31,0.50,1.30,,,,,,,/1,,bardlu01
1202,Nick Goody,26,CLE,AL,12,0,0,11.2,0,0,0,0,0,,,,0,0,0.00,1.31,0.00,1.30,,,,,,,1,,goodyni01
1203,Josh Rogers,23,BAL,AL,3,3,0,11.2,0,0,0,0,0,,,,0,0,0.00,1.31,0.00,1.30,,,,,,,/1,,rogerjo01
1204,Robert Stephenson,25,CIN,NL,4,3,0,11.2,2,1,1,0,0,1.000,,,0,0,1.54,1.54,0.50,1.55,,,,,,,/1,,stephro01
1205,Blake Wood,32,LAA,AL,13,0,0,11.2,2,1,1,0,0,1.000,,,0,0,1.54,1.31,0.15,1.30,,,,,,,1,,woodbl01
1206,Evan Phillips,23,2TM,2LG,9,1,0,11.2,1,0,1,0,0,1.000,,,1,17,0.77,1.47,0.11,1.41,,,,,,,/1,,phillev01
1206,Evan Phillips,23,ATL,NL,4,0,0,6.1,1,0,1,0,0,1.000,,,1,32,1.42,1.56,0.25,1.55,,,,,,,/1,,phillev01
1206,Evan Phillips,23,BAL,AL,5,1,0,5.1,0,0,0,0,0,,,,0,0,0.00,1.35,0.00,1.30,,,,,,,/1,,phillev01
1207,Tanner Anderson,25,PIT,NL,6,0,0,11.1,4,1,3,0,0,1.000,,,0,0,3.18,1.59,0.67,1.55,,,,,,,/1,,anderta01
1208,Randall Delgado,28,ARI,NL,10,0,0,11.1,1,0,1,0,0,1.000,,,0,0,0.79,1.59,0.10,1.55,,,,,,,1,,delgara01
1209,Cionel Pérez,22,HOU,AL,8,0,0,11.1,0,0,0,0,0,,,,0,0,0.00,1.27,0.00,1.30,,,,,,,/1,,perezci01
1210,Zac Rosscup,30,LAD,NL,17,0,0,11.1,0,0,0,0,0,,,,0,0,0.00,1.59,0.00,1.55,,,,,,,1,,rosscza01
1211,Giovanny Gallegos,26,2TM,2LG,6,0,0,11.1,1,0,1,0,0,1.000,,,0,0,0.79,1.35,0.17,1.38,,,,,,,/1,,gallegi01
1211,Giovanny Gallegos,26,NYY,AL,4,0,0,10.0,1,0,1,0,0,1.000,,,0,0,0.90,1.35,0.25,1.30,,,,,,,/1,,gallegi01
1211,Giovanny Gallegos,26,STL,NL,2,0,0,1.1,0,0,0,0,0,,,,0,0,0.00,1.35,0.00,1.55,,,,,,,/1,,gallegi01
1212,James Norwood,24,CHC,NL,11,0,0,11.0,2,1,0,1,0,.500,,,-1,-18,0.82,1.55,0.09,1.55,,,,,,,1,,norwoja01
1213,Beau Taylor,28,OAK,AL,6,0,0,11.0,11,10,1,0,0,1.000,0,0,0,0,9.00,9.08,1.83,8.98,0,0,1,1,50.0,0,/2HD,,taylobe11
1214,Tyler Kinley,27,2TM,2LG,13,0,0,11.0,2,0,2,0,0,1.000,,,0,0,1.64,1.47,0.15,1.48,,,,,,,1,,kinlety01
1214,Tyler Kinley,27,MIN,AL,4,0,0,3.1,1,0,1,0,0,1.000,,,0,0,2.70,1.35,0.25,1.30,,,,,,,/1,,kinlety01
1214,Tyler Kinley,27,MIA,NL,9,0,0,7.2,1,0,1,0,0,1.000,,,0,0,1.17,1.53,0.11,1.56,,,,,,,/1,,kinlety01
1215,Boone Logan,33,MIL,NL,16,0,0,10.2,0,0,0,0,0,,,,-1,-19,0.00,1.60,0.00,1.55,,,,,,,1,,loganbo02
1216,José Fernández,25,TOR,AL,13,0,0,10.1,1,1,0,0,0,1.000,,,0,0,0.87,1.31,0.08,1.30,,,,,,,1,,fernajo04
1217,Marc Rzepczynski,32,2TM,AL,23,0,0,10.1,2,1,1,0,2,1.000,,,-1,-19,1.74,1.31,0.09,1.30,,,,,,,1,,rzepcma01
1217,Marc Rzepczynski,32,SEA,AL,18,0,0,7.2,0,0,0,0,0,,,,-1,-26,0.00,1.29,0.00,1.30,,,,,,,1,,rzepcma01
1217,Marc Rzepczynski,32,CLE,AL,5,0,0,2.2,2,1,1,0,2,1.000,,,0,0,6.75,1.35,0.40,1.30,,,,,,,/1,,rzepcma01
1218,Steven Baron,27,STL,NL,2,1,1,10.0,14,12,2,0,0,1.000,0,0,0,0,12.60,9.18,7.00,9.15,1,0,1,0,0.0,0,/2H,,baronst01
1219,John Lamb,27,LAA,AL,3,3,0,10.0,2,1,1,0,0,1.000,,,0,0,1.80,1.35,0.67,1.30,,,,,,,/1,,lambjo02
1220,Jarrod Saltalamacchia,33,DET,AL,2,1,1,10.0,12,11,0,1,0,.917,1,120,-1,-120,9.90,8.55,5.50,8.70,0,0,0,0,,0,/H23D,,saltaja01
1221,Preston Guilmet,30,2TM,2LG,8,0,0,10.0,2,0,2,0,0,1.000,,,0,0,1.80,1.35,0.25,1.36,,,,,,,/1,,guilmpr01
1221,Preston Guilmet,30,STL,NL,2,0,0,2.0,0,0,0,0,0,,,,0,0,0.00,1.35,0.00,1.55,,,,,,,/1,,guilmpr01
1221,Preston Guilmet,30,TOR,AL,6,0,0,8.0,2,0,2,0,0,1.000,,,0,0,2.25,1.35,0.33,1.30,,,,,,,/1,,guilmpr01
1222,Enny Romero,27,3TM,2LG,8,0,0,10.0,1,1,0,0,0,1.000,,,0,0,0.90,1.44,0.13,1.43,,,,,,,/1,,romeren01
1222,Enny Romero,27,2TM,NL,4,0,0,6.0,0,0,0,0,0,,,,0,0,0.00,1.50,0.00,1.55,,,,,,,/1,,romeren01
1222,Enny Romero,27,WSN,NL,2,0,0,2.0,0,0,0,0,0,,,,0,0,0.00,1.35,0.00,1.55,,,,,,,/1,,romeren01
1222,Enny Romero,27,PIT,NL,2,0,0,4.0,0,0,0,0,0,,,,0,0,0.00,1.58,0.00,1.55,,,,,,,/1,,romeren01
1222,Enny Romero,27,KCR,AL,4,0,0,4.0,1,1,0,0,0,1.000,,,0,0,2.25,1.35,0.25,1.30,,,,,,,/1,,romeren01
1223,Colten Brewer,25,SDP,NL,11,0,0,9.2,2,0,2,0,0,1.000,,,0,0,1.86,1.58,0.18,1.55,,,,,,,1,,breweco01
1224,Ryan Burr,24,CHW,AL,8,0,0,9.2,2,0,2,0,0,1.000,,,0,0,1.86,1.30,0.25,1.30,,,,,,,/1,,burrry01
1225,Taylor Guerrieri,25,TOR,AL,9,0,0,9.2,2,1,1,0,0,1.000,,,0,0,1.86,1.30,0.22,1.30,,,,,,,/1,,guerrta02
1226,Carlos Torres,35,WSN,NL,10,0,0,9.2,2,1,1,0,0,1.000,,,-1,-21,1.86,1.58,0.20,1.55,,,,,,,1,,torreca01
1227,Austen Williams,25,WSN,NL,10,0,0,9.2,1,0,1,0,0,1.000,,,-1,-21,0.93,1.58,0.10,1.55,,,,,,,1,,williau01
1228,Kyle Crockett,26,CIN,NL,15,0,0,9.1,0,0,0,0,0,,,,0,0,0.00,1.54,0.00,1.55,,,,,,,1,,crockky01
1229,Roberto Gómez,28,SFG,NL,5,0,0,9.1,3,2,1,0,0,1.000,,,0,0,2.89,1.54,0.60,1.56,,,,,,,/1,,gomezro01
1230,Keury Mella,24,CIN,NL,4,0,0,9.1,3,1,2,0,0,1.000,,,0,0,2.89,1.54,0.75,1.55,,,,,,,/1,,mellake01
1231,Connor Sadzeck,26,TEX,AL,13,2,0,9.1,2,1,1,0,0,1.000,,,0,0,1.93,1.35,0.15,1.30,,,,,,,1,,sadzeco01
1232,Gregory Infante,30,CHW,AL,10,0,0,9.0,1,0,1,0,0,1.000,,,0,0,1.00,1.30,0.10,1.30,,,,,,,1,,infangr01
1233,Yoan López,25,ARI,NL,10,0,0,9.0,2,1,1,0,0,1.000,,,0,0,2.00,1.60,0.20,1.55,,,,,,,1,,lopezyo01
1234,Kevin Quackenbush,29,CIN,NL,10,0,0,9.0,0,0,0,0,0,,,,0,0,0.00,1.60,0.00,1.55,,,,,,,1,,quackke01
1235,Rio Ruiz,24,ATL,NL,1,1,1,9.0,3,0,3,0,0,1.000,1,107,1,133,3.00,2.50,3.00,2.50,,,,,,,H/5,,ruizri01
1236,Darnell Sweeney,27,TOR,AL,2,1,1,9.0,2,2,0,0,0,1.000,0,13,-1,-133,2.00,2.30,1.00,2.40,,,,,,,/57,,sweenda02
1237,Stephen Tarpley,25,NYY,AL,10,0,0,9.0,1,0,1,0,0,1.000,,,0,0,1.00,1.30,0.10,1.30,,,,,,,1,,tarplst01
1238,Zach Vincej,27,SEA,AL,1,1,1,9.0,1,0,1,0,0,1.000,-1,-107,-1,-133,1.00,2.60,1.00,2.60,,,,,,,/5,,vinceza01
1239,Aaron Wilkerson,29,MIL,NL,3,1,0,9.0,1,0,1,0,0,1.000,,,0,0,1.00,1.60,0.33,1.57,,,,,,,/1,,wilkeaa01
1240,Daniel Zamora,25,NYM,NL,16,0,0,9.0,2,0,2,0,0,1.000,,,0,0,2.00,1.60,0.13,1.55,,,,,,,1,,zamorda01
1241,Jon Edwards,30,CLE,AL,9,0,0,8.2,1,1,0,0,0,1.000,,,0,0,1.04,1.35,0.11,1.30,,,,,,,/1,,edwarjo02
1242,Jeff Hoffman,25,COL,NL,6,1,0,8.2,4,0,3,1,1,.750,,,0,0,3.12,1.56,0.50,1.55,,,,,,,/1,,hoffmje02
1243,Cory Mazzoni,28,CHC,NL,8,0,0,8.2,2,0,2,0,0,1.000,,,1,23,2.08,1.56,0.25,1.55,,,,,,,/1,,mazzoco01
1244,Matt Festa,25,SEA,AL,8,1,0,8.1,2,1,1,0,0,1.000,,,0,0,2.16,1.30,0.25,1.30,,,,,,,/1,,festama01
1245,Mike Hauschild,28,TOR,AL,2,1,0,8.1,0,0,0,0,0,,,,0,0,0.00,1.30,0.00,1.30,,,,,,,/1,,hauscmi01
1246,Brandon Mann,34,TEX,AL,7,0,0,8.1,1,0,1,0,0,1.000,,,1,24,1.08,1.30,0.14,1.30,,,,,,,/1,,mannbr01
1247,Justin Shafer,25,TOR,AL,6,0,0,8.1,1,0,1,0,0,1.000,,,0,0,1.08,1.30,0.17,1.30,,,,,,,/1,,shafeju01
1248,Rowan Wick,25,SDP,NL,10,0,0,8.1,1,1,0,0,0,1.000,,,-3,-72,1.08,1.51,0.10,1.55,,,,,,,1,,wickro01
1249,Carlos Ramírez,27,2TM,AL,5,0,0,8.1,2,2,0,0,0,1.000,,,0,0,2.16,1.30,0.40,1.30,,,,,,,/1,,ramirca01
1249,Carlos Ramírez,27,TOR,AL,2,0,0,2.1,0,0,0,0,0,,,,0,0,0.00,1.16,0.00,1.30,,,,,,,/1,,ramirca01
1249,Carlos Ramírez,27,OAK,AL,3,0,0,6.0,2,2,0,0,0,1.000,,,0,0,3.00,1.35,0.67,1.30,,,,,,,/1,,ramirca01
1250,Kolby Allard,20,ATL,NL,3,1,0,8.0,1,1,0,0,0,1.000,,,0,0,1.13,1.58,0.33,1.57,,,,,,,/1,,allarko01
1251,Danny Farquhar,31,CHW,AL,8,0,0,8.0,0,0,0,0,0,,,,0,0,0.00,1.35,0.00,1.30,,,,,,,/1,,farquda01
1252,Matt Hall,24,DET,AL,5,0,0,8.0,2,0,2,0,0,1.000,,,0,0,2.25,1.35,0.40,1.30,,,,,,,/1,,hallma02
1253,Ian Hamilton,23,CHW,AL,10,0,0,8.0,2,1,1,0,0,1.000,,,0,0,2.25,1.35,0.20,1.30,,,,,,,1,,hamilia01
1254,Jung Ho Kang,31,PIT,NL,1,1,1,8.0,2,1,1,0,0,1.000,0,-15,0,0,2.25,2.48,2.00,2.50,,,,,,,/H5,,kangju01
1255,Jhan Mariñez,29,BAL,AL,8,0,0,8.0,2,0,1,1,0,.500,,,0,0,1.13,1.35,0.13,1.30,,,,,,,/1,,marinjh01
1256,AJ Reed,25,HOU,AL,1,1,1,8.0,6,6,0,0,1,1.000,0,30,0,0,6.75,8.55,6.00,8.40,,,,,,,/3,,reedaj01
1257,Kevin Shackelford,29,CIN,NL,5,0,0,8.0,1,1,0,0,0,1.000,,,0,0,1.13,1.58,0.20,1.56,,,,,,,/1,,shackke01
1258,Matt Skole,28,CHW,AL,1,1,1,8.0,7,6,1,0,4,1.000,0,-15,-1,-150,7.88,8.55,7.00,8.40,,,,,,,/D3,,skolema01
1259,Chance Adams,23,NYY,AL,3,1,0,7.2,1,1,0,0,0,1.000,,,0,0,1.17,1.29,0.33,1.30,,,,,,,/1,,adamsch01
1260,Tyler Beede,25,SFG,NL,2,2,0,7.2,1,0,1,0,0,1.000,,,0,0,1.17,1.53,0.50,1.55,,,,,,,/1,,beedety01
1261,P.J. Conlon,24,NYM,NL,3,2,0,7.2,1,0,1,0,0,1.000,,,0,0,1.17,1.53,0.33,1.57,,,,,,,/1,,conlopj01
1262,Justin Haley,27,BOS,AL,4,0,0,7.2,1,1,0,0,0,1.000,,,0,0,1.17,1.29,0.25,1.30,,,,,,,/1,,haleyju01
1263,Kyle McGowin,26,WSN,NL,5,1,0,7.2,1,0,1,0,0,1.000,,,1,26,1.17,1.53,0.20,1.56,,,,,,,/1,,mcgowky01
1264,Edward Paredes,31,LAD,NL,15,0,0,7.2,1,0,1,0,0,1.000,,,0,0,1.17,1.53,0.07,1.55,,,,,,,1,,pareded02
1265,CD Pelham,23,TEX,AL,10,0,0,7.2,1,1,0,0,0,1.000,,,-1,-26,1.17,1.29,0.10,1.30,,,,,,,1,,pelhacd01
1266,Chad Bell,29,DET,AL,3,0,0,7.1,0,0,0,0,0,,,,0,0,0.00,1.35,0.00,1.30,,,,,,,/1,,bellch02
1267,Steven Okert,26,SFG,NL,10,0,0,7.1,0,0,0,0,0,,,,0,0,0.00,1.60,0.00,1.55,,,,,,,1,,okertst01
1268,Josh Smoker,29,2TM,2LG,8,0,0,7.1,0,0,0,0,0,,,,0,0,0.00,1.47,0.00,1.53,,,,,,,/1,,smokejo01
1268,Josh Smoker,29,PIT,NL,7,0,0,5.2,0,0,0,0,0,,,,0,0,0.00,1.59,0.00,1.56,,,,,,,/1,,smokejo01
1268,Josh Smoker,29,DET,AL,1,0,0,1.2,0,0,0,0,0,,,,0,0,0.00,1.08,0.00,1.30,,,,,,,/1,,smokejo01
1269,Hoby Milner,27,2TM,2LG,14,0,0,7.1,1,1,0,0,0,1.000,,,0,0,1.23,1.47,0.07,1.48,,,,,,,1,,milneho01
1269,Hoby Milner,27,PHI,NL,10,0,0,4.2,1,1,0,0,0,1.000,,,0,0,1.93,1.54,0.10,1.55,,,,,,,1,,milneho01
1269,Hoby Milner,27,TBR,AL,4,0,0,2.2,0,0,0,0,0,,,,0,0,0.00,1.35,0.00,1.30,,,,,,,/1,,milneho01
1270,Miguel Almonte,25,LAA,AL,8,0,0,7.0,1,0,1,0,0,1.000,,,0,0,1.29,1.29,0.13,1.30,,,,,,,/1,,almonmi01
1271,Jake Barrett,26,ARI,NL,7,0,0,7.0,2,1,1,0,0,1.000,,,0,0,2.57,1.54,0.29,1.56,,,,,,,/1,,barreja01
1272,Caleb Frare,24,CHW,AL,11,0,0,7.0,2,1,1,0,0,1.000,,,0,0,2.57,1.29,0.18,1.30,,,,,,,1,,frareca01
1273,Dustin Garneau,30,CHW,AL,1,1,0,7.0,9,7,1,1,0,.889,0,0,-1,-171,10.29,9.13,8.00,9.00,0,0,1,0,0.0,0,/2,,garnedu01
1274,Evan Marshall,28,CLE,AL,10,0,0,7.0,0,0,0,0,0,,,,0,0,0.00,1.29,0.00,1.30,,,,,,,1,,marshev01
1275,Chris O'Grady,28,MIA,NL,8,0,0,7.0,1,0,1,0,0,1.000,,,0,0,1.29,1.54,0.13,1.55,,,,,,,/1,,ogradch01
1276,Tanner Rainey,25,CIN,NL,8,0,0,7.0,1,0,1,0,0,1.000,,,0,0,1.29,1.54,0.13,1.55,,,,,,,/1,,raineta01
1277,Brad Wieck,26,SDP,NL,5,0,0,7.0,1,0,1,0,0,1.000,,,0,0,1.29,1.54,0.20,1.56,,,,,,,/1,,wieckbr01
1278,Bryse Wilson,20,ATL,NL,3,1,0,7.0,1,0,1,0,0,1.000,,,0,0,1.29,1.54,0.33,1.57,,,,,,,/1,,wilsobr02
1279,Johnny Barbato,25,DET,AL,7,0,0,6.2,0,0,0,0,0,,,,0,0,0.00,1.35,0.00,1.30,,,,,,,/1,,barbajo01
1280,Parker Bridwell,26,LAA,AL,5,1,0,6.2,2,0,2,0,0,1.000,,,0,0,2.70,1.35,0.40,1.30,,,,,,,/1,,bridwpa01
1281,David Paulino,24,TOR,AL,7,0,0,6.2,2,0,1,1,0,.500,,,0,0,1.35,1.35,0.14,1.30,,,,,,,/1,,paulida01
1282,JC Ramírez,29,LAA,AL,2,2,0,6.2,3,3,0,0,0,1.000,,,0,0,4.05,1.35,1.50,1.30,,,,,,,/1,,ramirjc01
1283,Ricardo Rodríguez,25,TEX,AL,4,0,0,6.2,1,0,1,0,0,1.000,,,0,0,1.35,1.35,0.25,1.30,,,,,,,/1,,rodriri04
1284,Robby Scott,28,BOS,AL,9,0,0,6.2,0,0,0,0,0,,,,0,0,0.00,1.35,0.00,1.30,,,,,,,/1,,scottro02
1285,Jacob Turner,27,2TM,2LG,5,1,0,6.2,3,0,3,0,0,1.000,,,0,0,4.05,1.49,0.60,1.50,,,,,,,/1,,turneja01
1285,Jacob Turner,27,MIA,NL,4,0,0,5.2,2,0,2,0,0,1.000,,,0,0,3.18,1.59,0.50,1.55,,,,,,,/1,,turneja01
1285,Jacob Turner,27,DET,AL,1,1,0,1.0,1,0,1,0,0,1.000,,,0,0,9.00,0.90,1.00,1.30,,,,,,,/1,,turneja01
1286,John Curtiss,25,MIN,AL,8,0,0,6.1,2,1,1,0,1,1.000,,,1,32,2.84,1.28,0.25,1.30,,,,,,,/1,,curtijo02
1287,Tyler Danish,23,CHW,AL,7,0,0,6.1,2,1,1,0,0,1.000,,,-1,-32,2.84,1.28,0.29,1.30,,,,,,,/1,,danisty01
1288,Chris Flexen,23,NYM,NL,4,1,0,6.1,5,1,4,0,1,1.000,,,1,32,7.11,1.56,1.25,1.55,,,,,,,/1,,flexech01
1289,DJ Johnson,28,COL,NL,7,0,0,6.1,1,1,0,0,0,1.000,,,0,0,1.42,1.56,0.14,1.56,,,,,,,/1,,johnsdj01
1290,Alex McRae,25,PIT,NL,2,0,0,6.1,2,0,2,0,0,1.000,,,1,32,2.84,1.56,1.00,1.55,,,,,,,/1,,mcraeal01
1291,Efren Navarro,32,CHC,NL,2,0,0,6.1,8,8,0,0,1,1.000,0,38,0,0,11.37,8.67,4.00,8.65,,,,,,,/3H,,navaref01
1292,José Ramírez,28,ATL,NL,7,0,0,6.1,1,0,0,1,0,.000,,,-1,-32,0.00,1.56,0.00,1.56,,,,,,,/1,,ramirjo02
1293,Ross Detwiler,32,SEA,AL,1,0,0,6.0,0,0,0,0,0,,,,0,0,0.00,1.35,0.00,1.30,,,,,,,/1,,detwiro01
1294,Kevin Kaczmarski,26,NYM,NL,1,1,0,6.0,2,2,0,0,0,1.000,0,60,0,0,3.00,2.10,2.00,2.10,,,,,,,/H9,,kaczmke01
1295,Ben Taylor,25,CLE,AL,6,0,0,6.0,0,0,0,0,0,,,,0,0,0.00,1.35,0.00,1.30,,,,,,,/1,,taylobe10
1296,Kyle Wright,22,ATL,NL,4,0,0,6.0,1,1,0,0,0,1.000,,,0,0,1.50,1.50,0.25,1.55,,,,,,,/1,,wrighky01
1297,Jesús Reyes,25,CIN,NL,5,0,0,5.2,1,1,0,0,0,1.000,,,0,0,1.59,1.59,0.20,1.56,,,,,,,/1,,reyesje01
1298,Ryan Sherriff,28,STL,NL,5,0,0,5.2,1,0,1,0,0,1.000,,,0,0,1.59,1.59,0.20,1.56,,,,,,,/1,,sherrry01
1299,Rob Zastryzny,26,CHC,NL,6,0,0,5.2,3,1,2,0,0,1.000,,,0,0,4.76,1.59,0.50,1.55,,,,,,,/1,,zastrro01
1300,Jerad Eickhoff,27,PHI,NL,3,1,0,5.1,0,0,0,0,0,,,,0,0,0.00,1.52,0.00,1.57,,,,,,,/1,,eickhje01
1301,Dillon Maples,26,CHC,NL,9,0,0,5.1,1,1,0,0,0,1.000,,,0,0,1.69,1.52,0.11,1.56,,,,,,,/1,,mapledi01
1302,Bobby Wahl,26,NYM,NL,7,0,0,5.1,0,0,0,0,0,,,,0,0,0.00,1.52,0.00,1.56,,,,,,,/1,,wahlbo01
1303,Ryan Weber,27,TBR,AL,2,0,0,5.1,0,0,0,0,0,,,,0,0,0.00,1.35,0.00,1.30,,,,,,,/1,,weberry01
1304,Nick Gardewine,24,TEX,AL,3,0,0,5.0,0,0,0,0,0,,,,0,0,0.00,1.26,0.00,1.30,,,,,,,/1,,gardeni01
1305,Aríel Miranda,29,SEA,AL,1,1,0,5.0,0,0,0,0,0,,,,0,0,0.00,1.26,0.00,1.30,,,,,,,/1,,miranar01
1306,Wes Parsons,25,ATL,NL,1,0,0,5.0,0,0,0,0,0,,,,0,0,0.00,1.62,0.00,1.60,,,,,,,/1,,parsowe01
1307,Rob Scahill,31,CHW,AL,6,0,0,5.0,0,0,0,0,0,,,,0,0,0.00,1.26,0.00,1.30,,,,,,,/1,,scahiro01
1308,Braden Shipley,26,ARI,NL,3,0,0,5.0,2,0,2,0,0,1.000,,,0,0,3.60,1.62,0.67,1.57,,,,,,,/1,,shiplbr01
1309,Miguel Socolovich,31,ATL,NL,4,0,0,5.0,0,0,0,0,0,,,,0,0,0.00,1.62,0.00,1.55,,,,,,,/1,,socolmi01
1310,José Váldez,28,SFG,NL,4,0,0,5.0,1,0,1,0,0,1.000,,,-1,-40,1.80,1.62,0.25,1.55,,,,,,,/1,,valdejo03
1311,Andrew Vasquez,24,MIN,AL,9,0,0,5.0,3,0,1,2,0,.333,,,-1,-40,1.80,1.26,0.11,1.30,,,,,,,/1,,vasquan02
1312,Jeff Beliveau,31,CLE,AL,9,0,0,4.2,1,1,0,0,0,1.000,,,0,0,1.93,1.35,0.11,1.30,,,,,,,/1,,belivje01
1313,Nestor Cortes,23,BAL,AL,4,0,0,4.2,1,0,1,0,1,1.000,,,0,0,1.93,1.35,0.25,1.30,,,,,,,/1,,cortene01
1314,Gerson Bautista,23,NYM,NL,5,0,0,4.1,0,0,0,0,0,,,,0,0,0.00,1.45,0.00,1.56,,,,,,,/1,,bautige01
1315,José Ruiz,23,CHW,AL,6,0,0,4.1,1,0,1,0,0,1.000,,,0,0,2.08,1.25,0.17,1.30,,,,,,,/1,,ruizjo01
1316,Casey Sadler,27,PIT,NL,2,0,0,4.1,0,0,0,0,0,,,,0,0,0.00,1.45,0.00,1.55,,,,,,,/1,,sadleca02
1317,D.J. Snelten,26,SFG,NL,4,0,0,4.1,2,2,0,0,0,1.000,,,0,0,4.15,1.45,0.50,1.55,,,,,,,/1,,sneltdj01
1318,Jerry Vasto,26,2TM,2LG,6,0,0,4.1,0,0,0,0,0,,,,0,0,0.00,1.25,0.00,1.35,,,,,,,/1,,vastoje01
1318,Jerry Vasto,26,COL,NL,1,0,0,0.2,0,0,0,0,0,,,,0,0,0.00,1.35,0.00,1.60,,,,,,,/1,,vastoje01
1318,Jerry Vasto,26,KCR,AL,5,0,0,3.2,0,0,0,0,0,,,,0,0,0.00,1.23,0.00,1.30,,,,,,,/1,,vastoje01
1319,Daniel Corcino,27,LAD,NL,2,0,0,4.0,1,0,1,0,0,1.000,,,0,0,2.25,1.58,0.50,1.55,,,,,,,/1,,corcida01
1320,Taylor Davis,28,CHC,NL,4,0,0,4.0,5,4,1,0,1,1.000,0,0,0,0,11.25,9.23,1.25,9.00,0,0,0,0,,0,/2H3,,davista01
1321,Nick Franklin,27,MIL,NL,1,1,0,4.0,1,0,1,0,0,1.000,0,-60,0,0,2.25,4.28,1.00,4.30,,,,,,,/4,,frankni01
1322,Evan Gattis,31,HOU,AL,2,0,0,4.0,2,2,0,0,0,1.000,0,0,0,0,4.50,9.00,1.00,9.00,0,0,0,0,,0,*DH/2,,gattiev01
1323,Sam Howard,25,COL,NL,4,0,0,4.0,1,0,1,0,1,1.000,,,0,0,2.25,1.58,0.25,1.55,,,,,,,/1,,howarsa01
1324,Kyle McGrath,25,SDP,NL,4,0,0,4.0,1,0,1,0,0,1.000,,,0,0,2.25,1.58,0.25,1.55,,,,,,,/1,,mcgraky01
1325,Kris Medlen,32,ARI,NL,1,1,0,4.0,0,0,0,0,0,,,,0,0,0.00,1.58,0.00,1.60,,,,,,,/1,,medlekr01
1326,Mike Morin,27,SEA,AL,3,0,0,4.0,0,0,0,0,0,,,,0,0,0.00,1.35,0.00,1.30,,,,,,,/1,,morinmi01
1327,Alex Reyes,23,STL,NL,1,1,0,4.0,1,0,1,0,0,1.000,,,0,0,2.25,1.58,1.00,1.60,,,,,,,/1,,reyesal02
1328,Duane Underwood Jr.,23,CHC,NL,1,1,0,4.0,2,1,1,0,0,1.000,,,0,0,4.50,1.58,2.00,1.60,,,,,,,/1,,underdu01
1329,Julio Urías,21,LAD,NL,3,0,0,4.0,0,0,0,0,0,,,,0,0,0.00,1.58,0.00,1.57,,,,,,,/1,,uriasju01
1330,Rob Whalen,24,SEA,AL,1,0,0,4.0,0,0,0,0,0,,,,0,0,0.00,1.35,0.00,1.30,,,,,,,/1,,whalero01
1331,David Wright,35,NYM,NL,1,1,0,4.0,1,0,1,0,0,1.000,0,60,0,0,2.25,2.48,1.00,2.50,,,,,,,/5H,,wrighda03
1332,Dennis Santana,22,LAD,NL,1,0,0,3.2,1,0,1,0,0,1.000,,,0,0,2.45,1.47,1.00,1.60,,,,,,,/1H,,santade01
1333,Troy Scribner,26,ARI,NL,1,1,0,3.2,1,1,0,0,0,1.000,,,0,0,2.45,1.47,1.00,1.60,,,,,,,/1,,scribtr01
1334,Rhiner Cruz,31,TOR,AL,2,0,0,3.1,0,0,0,0,0,,,,0,0,0.00,1.35,0.00,1.30,,,,,,,/1,,cruzrh01
1335,Dean Deetz,24,HOU,AL,4,0,0,3.1,0,0,0,0,0,,,,0,0,0.00,1.35,0.00,1.30,,,,,,,/1,,deetzde01
1336,Reymin Guduan,26,HOU,AL,3,0,0,3.1,0,0,0,0,0,,,,0,0,0.00,1.35,0.00,1.30,,,,,,,/1,,guduare01
1337,John Means,25,BAL,AL,1,0,0,3.1,0,0,0,0,0,,,,0,0,0.00,1.35,0.00,1.30,,,,,,,/1,,meansjo01
1338,Murphy Smith,30,TOR,AL,3,0,0,3.1,0,0,0,0,0,,,,0,0,0.00,1.35,0.00,1.30,,,,,,,/1,,smithmu01
1339,Buddy Baumann,30,2TM,NL,4,0,0,3.1,0,0,0,0,0,,,,0,0,0.00,1.62,0.00,1.58,,,,,,,/1,,baumabu01
1339,Buddy Baumann,30,SDP,NL,1,0,0,0.1,0,0,0,0,0,,,,0,0,0.00,2.70,0.00,1.60,,,,,,,/1,,baumabu01
1339,Buddy Baumann,30,NYM,NL,3,0,0,3.0,0,0,0,0,0,,,,0,0,0.00,1.50,0.00,1.57,,,,,,,/1,,baumabu01
1340,Aristides Aquino,24,CIN,NL,1,0,0,3.0,0,0,0,0,0,,0,0,0,0,0.00,2.10,0.00,2.10,,,,,,,/9H,,aquinar01
1341,Alec Asher,26,MIL,NL,2,0,0,3.0,0,0,0,0,0,,,,0,0,0.00,1.50,0.00,1.55,,,,,,,/1,,asheral01
1342,Joey Krehbiel,25,ARI,NL,2,0,0,3.0,0,0,0,0,0,,,,0,0,0.00,1.50,0.00,1.55,,,,,,,/1,,krehbjo01
1343,Josh Ravin,30,ATL,NL,2,0,0,3.0,2,1,1,0,0,1.000,,,0,0,6.00,1.50,1.00,1.55,,,,,,,/1,,ravinjo01
1344,Allen Webster,28,CHC,NL,3,0,0,3.0,1,0,1,0,0,1.000,,,0,0,3.00,1.50,0.33,1.57,,,,,,,/1,,webstal01
1345,Mark Zagunis,25,CHC,NL,1,0,0,3.0,2,2,0,0,0,1.000,0,80,0,0,6.00,2.10,2.00,2.10,,,,,,,/H9,,zagunma01
1346,Aaron Brooks,28,OAK,AL,3,0,0,2.2,2,0,2,0,1,1.000,,,1,75,6.75,1.35,0.67,1.30,,,,,,,/1,,brookaa01
1347,Justus Sheffield,22,NYY,AL,3,0,0,2.2,3,1,1,1,0,.667,,,0,0,6.75,1.35,0.67,1.30,,,,,,,/1,,sheffju01
1348,Eric Hanhold,24,NYM,NL,3,0,0,2.1,0,0,0,0,0,,,,0,0,0.00,1.54,0.00,1.57,,,,,,,/1,,hanhoer01
1349,Luis Ortiz,22,BAL,AL,2,1,0,2.1,0,0,0,0,0,,,,0,0,0.00,1.16,0.00,1.30,,,,,,,/1,,ortizlu02
1350,Eric Stout,25,KCR,AL,3,0,0,2.1,2,2,0,0,0,1.000,,,0,0,7.71,1.16,0.67,1.30,,,,,,,/1,,stouter01
1351,Mike Freeman,30,CHC,NL,1,0,0,2.0,3,2,1,0,1,1.000,0,-180,-1,-600,13.50,4.50,3.00,4.30,,,,,,,/4,,freemmi01
1352,Rocky Gale,30,LAD,NL,2,0,0,2.0,4,4,0,0,0,1.000,0,0,0,0,18.00,9.00,2.00,9.15,0,0,0,0,,0,/2H,,galero01
1353,Jake Jewell,25,LAA,AL,3,0,0,2.0,0,0,0,0,0,,,,0,0,0.00,1.35,0.00,1.30,,,,,,,/1,,jewelja01
1354,Dean Kiekhefer,29,OAK,AL,4,0,0,2.0,1,1,0,0,0,1.000,,,0,0,4.50,1.35,0.25,1.30,,,,,,,/1,,kiekhde01
1355,Ian Krol,27,LAA,AL,1,0,0,2.0,0,0,0,0,0,,,,0,0,0.00,1.35,0.00,1.30,,,,,,,/1,,krolia01
1356,Jen-Ho Tseng,23,CHC,NL,1,1,0,2.0,0,0,0,0,0,,,,0,0,0.00,1.35,0.00,1.60,,,,,,,/1,,tsengje01
1357,Justin Williams,22,TBR,AL,1,0,0,2.0,1,1,0,0,0,1.000,0,60,0,0,4.50,2.25,1.00,2.20,,,,,,,/9H,,williju02
1358,Brandon Cumpton,29,TOR,AL,1,0,0,1.2,0,0,0,0,0,,,,0,0,0.00,1.08,0.00,1.30,,,,,,,/1,,cumptbr01
1359,Michael Reed,25,ATL,NL,1,0,0,1.2,0,0,0,0,0,,0,0,0,0,0.00,2.16,0.00,2.10,,,,,,,/H7,,reedmi02
1360,Nick Burdi,25,PIT,NL,2,0,0,1.1,0,0,0,0,0,,,,0,0,0.00,1.35,0.00,1.55,,,,,,,/1,,burdini01
1361,Scott Copeland,30,NYM,NL,1,0,0,1.1,0,0,0,0,0,,,,0,0,0.00,1.35,0.00,1.60,,,,,,,/1,,copelsc01
1362,J.J. Hoover,30,MIL,NL,2,0,0,1.1,1,1,0,0,0,1.000,,,0,0,6.75,1.35,0.50,1.55,,,,,,,/1,,hoovejj01
1363,Austin Adams,27,WSN,NL,2,0,0,1.0,0,0,0,0,0,,,,0,0,0.00,1.80,0.00,1.55,,,,,,,/1,,adamsau02
1364,Victor Martinez,39,DET,AL,1,1,0,1.0,1,1,0,0,0,1.000,0,0,0,0,9.00,8.10,1.00,8.40,,,,,,,*D/H3,,martivi01
1365,Adam McCreery,25,ATL,NL,1,0,0,1.0,0,0,0,0,0,,,,0,0,0.00,1.80,0.00,1.60,,,,,,,/1,,mccread01
1366,Zach Neal,29,LAD,NL,1,0,0,1.0,0,0,0,0,0,,,,0,0,0.00,1.80,0.00,1.60,,,,,,,/1,,nealza01
1367,Alexi Ogando,34,CLE,AL,1,0,0,1.0,0,0,0,0,0,,,,0,0,0.00,0.90,0.00,1.30,,,,,,,/1,,ogandal01
1368,Edmundo Sosa,22,STL,NL,1,0,0,1.0,1,0,1,0,1,1.000,0,240,0,0,9.00,4.50,1.00,4.30,,,,,,,/H4,,sosaed01
1369,Chase Whitley,29,ATL,NL,1,0,0,1.0,0,0,0,0,0,,,,0,0,0.00,1.80,0.00,1.60,,,,,,,/1,,whitlch01
1370,Mike Zagurski,35,MIL,NL,2,0,0,1.0,0,0,0,0,0,,,,0,0,0.00,1.80,0.00,1.55,,,,,,,/1,,zagurmi01
1371,Chris Rowley,27,TOR,AL,2,0,0,0.2,0,0,0,0,0,,,,0,0,0.00,1.35,0.00,1.30,,,,,,,/1,,rowlech01
1372,Jeremy Bleich,31,OAK,AL,2,0,0,0.1,0,0,0,0,0,,,,0,0,0.00,0.00,0.00,1.30,,,,,,,/1,,bleicje01
1373,James Hoyt,31,HOU,AL,1,0,0,0.1,0,0,0,0,0,,,,0,0,0.00,0.00,0.00,1.30,,,,,,,/1,,hoytja01
1374,Osmer Morales,25,LAA,AL,1,0,0,0.1,0,0,0,0,0,,,,-1,-600,0.00,0.00,0.00,1.30,,,,,,,/1,,moralos01
1375,Rex Brothers,30,ATL,NL,1,0,0,0.0,0,0,0,0,0,,,,0,,,,0.00,1.60,,,,,,,/1,,brothre01
1376,Zack Weiss,26,CIN,NL,1,0,0,0.0,0,0,0,0,0,,,,0,,,,0.00,1.60,,,,,,,/1,,weissza01
,MLB Average,,,,,,,,,,,,,.984,,0,,0,4.03,,2.66,,,,,,27.9,,,,-9999