Rk,Player,Age,Team,Lg,G,GS,CG,Inn,Ch,PO,A,E,DP,Fld%,Rtot,Rtot/yr,Rdrs,Rdrs/yr,RF/9,lgRF9,RF/G,lgRFG,PB,WP,SB,CS,CS%,Pick,Pos,Awards,-9999
1,Jonathan Schoop,24,BAL,AL,162,162,160,1429.0,732,277,447,8,123,.989,10,8,11,9,4.56,4.49,4.47,4.44,,,,,,,*4,,schoojo01
2,Alcides Escobar,29,KCR,AL,162,162,151,1412.0,661,221,426,14,95,.979,-6,-5,-4,-3,4.12,4.17,3.99,4.13,,,,,,,*6,,escobal02
3,Freddie Freeman,26,ATL,NL,158,158,154,1411.2,1417,1305,107,5,116,.996,7,6,7,6,9.00,9.05,8.94,8.99,,,,,,,*3,MVP-6,freemfr01
4,Kyle Seager,28,SEA,AL,156,156,153,1399.2,505,110,373,22,46,.956,7,6,15,13,3.11,2.66,3.10,2.63,,,,,,,*5/D,MVP-12,seageky01
5,Paul Goldschmidt,28,ARI,NL,157,157,147,1389.1,1498,1378,116,4,127,.997,5,5,6,5,9.68,9.05,9.52,8.99,,,,,,,*3/D,ASMVP-11,goldspa01
6,Marcus Semien,25,OAK,AL,159,158,151,1385.1,733,235,477,21,109,.971,-4,-3,0,0,4.63,4.17,4.48,4.13,,,,,,,*6,,semiema01
7,Mookie Betts,23,BOS,AL,157,157,151,1381.2,361,346,14,1,4,.997,17,14,33,29,2.34,2.15,2.29,2.12,,,,,,,*9/H,ASMVP-2GGSS,bettsmo01
8,Todd Frazier,30,CHW,AL,156,156,154,1381.1,458,150,296,12,37,.974,-5,-5,2,2,2.91,2.94,2.86,2.91,,,,,,,*5/3D,,frazito01
9,Xander Bogaerts,23,BOS,AL,157,157,148,1378.2,562,195,355,12,73,.979,-9,-8,-11,-10,3.59,4.17,3.50,4.13,,,,,,,*6,ASSS,bogaexa01
10,Manny Machado,23,BAL,AL,157,157,148,1378.0,536,162,361,13,59,.976,5,4,21,18,3.42,3.08,3.29,3.05,,,,,,,*56,ASMVP-5,machama01
11,Nolan Arenado,25,COL,NL,160,159,142,1377.1,490,99,378,13,39,.973,1,0,12,10,3.12,2.52,2.98,2.50,,,,,,,*5,ASMVP-5GGSS,arenano01
12,Robinson Canó,33,SEA,AL,157,156,142,1376.1,743,311,429,3,123,.996,14,12,11,10,4.84,4.49,4.71,4.44,,,,,,,*4/D,ASMVP-8,canoro01
13,Jackie Bradley Jr.,26,BOS,AL,156,155,153,1375.2,381,365,13,3,3,.992,-7,-6,13,11,2.47,2.15,2.42,2.12,,,,,,,*8/H,AS,bradlja02
14,Kris Bryant,24,CHC,NL,154,154,110,1366.2,382,176,193,13,21,.966,16,14,9,8,2.43,2.64,1.98,2.66,,,,,,,579/368D,ASMVP-1,bryankr01
15,Francisco Lindor,22,CLE,AL,155,153,145,1364.2,674,215,447,12,83,.982,24,21,10,9,4.37,4.17,4.27,4.13,,,,,,,*6/HD,ASMVP-9GG,lindofr01
16,Adam Eaton,27,CHW,AL,156,154,135,1362.0,440,417,18,5,4,.989,17,15,26,23,2.87,2.15,2.79,2.12,,,,,,,*98/7DH,MVP-19,eatonad02
17,Ian Desmond,30,TEX,AL,156,155,142,1360.0,350,330,8,12,2,.966,-3,-3,-9,-8,2.24,2.15,2.17,2.12,,,,,,,*87,AS,desmoia01
18,Danny Espinosa,29,WSN,NL,157,152,143,1358.0,603,181,404,18,96,.970,6,6,9,8,3.88,4.18,3.73,4.15,,,,,,,*6/H,,espinda01
19,José Abreu,29,CHW,AL,152,152,150,1355.2,1337,1243,84,10,131,.993,-1,-1,-1,-1,8.81,8.97,8.73,8.87,,,,,,,*3/D,,abreujo02
20,Carlos Correa,21,HOU,AL,153,152,142,1355.2,642,202,426,14,81,.978,3,2,6,5,4.17,4.17,4.10,4.13,,,,,,,*6/H,,correca01
21,Chris Davis,30,BAL,AL,155,155,141,1351.0,1402,1330,62,10,138,.993,-2,-2,4,4,9.27,8.85,8.98,8.74,,,,,,,*3/9D,,davisch02
22,Eric Hosmer,26,KCR,AL,154,154,146,1351.0,1320,1240,74,6,118,.995,-10,-9,-1,-1,8.75,8.97,8.53,8.87,,,,,,,*3/D,AS,hosmeer01
23,Freddy Galvis,26,PHI,NL,156,153,146,1350.0,625,210,407,8,93,.987,8,7,3,3,4.11,4.18,3.96,4.15,,,,,,,*6/H,,galvifr01
24,Wil Myers,25,SDP,NL,154,153,142,1350.0,1340,1261,76,3,139,.998,10,9,7,6,8.91,8.76,8.36,8.52,,,,,,,*3/97H5,AS,myerswi01
25,Nick Markakis,32,ATL,NL,151,150,150,1349.0,330,321,5,4,2,.988,22,20,10,9,2.17,2.12,2.16,2.10,,,,,,,*9/DH3,,markani01
26,Anthony Rendon,26,WSN,NL,155,150,148,1345.0,382,134,239,9,25,.976,16,15,12,11,2.50,2.52,2.41,2.50,,,,,,,*5/H,,rendoan01
27,Corey Seager,22,LAD,NL,155,149,144,1345.0,569,195,356,18,67,.968,0,0,-6,-5,3.69,4.18,3.55,4.15,,,,,,,*6/H,ASMVP-3ROY-1SS,seageco01
28,Brandon Belt,28,SFG,NL,152,149,140,1342.1,1387,1285,94,8,110,.994,0,0,4,4,9.25,8.99,8.95,8.86,,,,,,,*3/H7,AS,beltbr01
29,Joey Votto,32,CIN,NL,154,154,140,1342.0,1283,1168,107,8,124,.994,-4,-3,-11,-10,8.55,9.05,8.28,8.99,,,,,,,*3/HD,MVP-7,vottojo01
30,Chris Carter,29,MIL,NL,155,151,147,1338.0,1400,1316,73,11,122,.992,1,1,-6,-5,9.34,9.05,8.96,8.99,,,,,,,*3/HD,,cartech02
31,Anthony Rizzo,26,CHC,NL,154,151,140,1337.1,1400,1268,126,6,98,.996,8,8,14,13,9.38,9.05,8.99,8.96,,,,,,,*3/H4,ASMVP-4GGSS,rizzoan01
32,Jonathan Villar,25,MIL,NL,153,152,137,1331.1,629,198,402,29,75,.954,-9,-8,-5,-5,4.06,3.77,3.73,3.75,,,,,,,654/H,,villajo01
33,Brian Dozier,29,MIN,AL,151,151,143,1331.0,713,286,419,8,118,.989,-5,-5,-2,-2,4.77,4.49,4.67,4.44,,,,,,,*4/DH,MVP-13,doziebr01
34,Christian Yelich,24,MIA,NL,149,149,143,1319.0,272,260,6,6,1,.978,4,3,2,2,1.82,2.07,1.79,2.05,,,,,,,*78/HD,MVP-19SS,yelicch01
35,Eugenio Suárez,24,CIN,NL,152,150,142,1318.2,403,106,274,23,28,.943,5,4,-1,-1,2.59,2.53,2.48,2.52,,,,,,,*5/H6D,,suareeu01
36,Andrew McCutchen,29,PIT,NL,151,151,136,1318.0,326,317,6,3,0,.991,-1,-1,-26,-24,2.21,2.07,2.14,2.05,,,,,,,*8/H,,mccutan01
37,Kole Calhoun,28,LAA,AL,154,153,141,1316.1,320,306,9,5,1,.984,2,2,3,3,2.15,2.15,2.05,2.12,,,,,,,*9/DH,,calhoko01
38,Jean Segura,26,ARI,NL,151,150,123,1316.1,679,241,428,10,92,.985,5,5,11,10,4.57,4.54,4.05,4.50,,,,,,,*46/H,MVP-13,segurje01
39,Evan Longoria,30,TBR,AL,152,152,144,1316.0,366,103,254,9,30,.975,6,5,-1,-1,2.44,2.66,2.35,2.63,,,,,,,*5/D,MVP-19,longoev01
40,George Springer,26,HOU,AL,148,148,139,1316.0,322,308,12,2,2,.994,3,3,7,6,2.19,2.15,2.16,2.12,,,,,,,*9D/8H,,springe01
41,Jose Altuve,26,HOU,AL,148,147,135,1311.0,576,206,363,7,73,.988,6,6,-1,-1,3.91,4.49,3.82,4.44,,,,,,,*4D/6H,ASMVP-3SS,altuvjo01
42,Didi Gregorius,26,NYY,AL,153,148,146,1309.1,575,180,380,15,68,.974,3,3,-9,-8,3.85,4.17,3.66,4.13,,,,,,,*6/H,,gregodi01
43,Jason Kipnis,29,CLE,AL,151,151,126,1309.1,632,198,422,12,70,.981,12,11,1,1,4.26,4.49,4.11,4.44,,,,,,,*4/DH,,kipnija01
44,Brandon Crawford,29,SFG,NL,155,148,136,1309.0,633,209,413,11,90,.983,14,13,26,24,4.28,4.18,4.01,4.15,,,,,,,*6/H,MVP-12GG,crawfbr01
45,José Ramírez,23,CLE,AL,151,144,113,1306.2,334,136,191,7,19,.979,1,0,6,6,2.25,2.60,1.83,2.63,,,,,,,*57/46H,MVP-17,ramirjo01
46,Odúbel Herrera,24,PHI,NL,155,147,139,1301.1,392,372,11,9,4,.977,18,17,11,10,2.65,2.07,2.47,2.05,,,,,,,*8/H,AS,herreod01
47,Adam Jones,30,BAL,AL,152,150,134,1300.0,355,349,4,2,1,.994,-1,-1,-7,-6,2.44,2.15,2.32,2.12,,,,,,,*8,,jonesad01
48,Ian Kinsler,34,DET,AL,151,149,136,1299.0,744,303,432,9,109,.988,5,5,9,8,5.09,4.49,4.87,4.44,,,,,,,*4/HD,GG,kinslia01
49,Justin Upton,28,DET,AL,150,148,138,1299.0,275,267,4,4,0,.985,-6,-5,-1,-1,1.88,2.15,1.81,2.12,,,,,,,*7/8HD,,uptonju01
50,Adrián González,34,LAD,NL,151,146,132,1295.1,1192,1105,85,2,77,.998,5,5,3,3,8.27,9.05,7.88,8.99,,,,,,,*3/HD,,gonzaad01
51,Elvis Andrus,27,TEX,AL,147,146,142,1294.0,659,229,413,17,105,.974,-7,-6,-9,-8,4.47,4.17,4.37,4.13,,,,,,,*6,,andruel01
52,Stephen Piscotty,25,STL,NL,150,145,132,1293.1,284,273,7,4,1,.986,-6,-6,2,2,1.95,2.08,1.85,2.10,,,,,,,*98/H3,,piscost01
53,Melky Cabrera,31,CHW,AL,147,147,138,1293.0,247,232,12,3,0,.988,-2,-2,-4,-4,1.70,2.15,1.66,2.12,,,,,,,*7/DH,,cabreme01
54,Kevin Pillar,27,TOR,AL,146,143,141,1293.0,349,337,6,6,2,.983,7,6,22,20,2.39,2.15,2.35,2.12,,,,,,,*8,,pillake01
55,Matt Kemp,31,2TM,NL,151,151,118,1293.0,287,275,9,3,3,.990,-13,-12,-16,-15,1.98,2.07,1.88,2.05,,,,,,,*97/HD,,kempma01
56,Dustin Pedroia,32,BOS,AL,152,151,129,1292.2,613,245,362,6,98,.990,8,7,8,7,4.23,4.49,3.99,4.44,,,,,,,*4/H,,pedrodu01
57,Maikel Franco,23,PHI,NL,148,147,141,1291.1,329,93,223,13,16,.960,-1,-1,-10,-9,2.20,2.52,2.14,2.50,,,,,,,*5/H,,francma02
58,Starlin Castro,26,NYY,AL,150,146,136,1286.0,622,227,383,12,72,.981,4,4,-8,-7,4.27,4.49,3.99,4.43,,,,,,,*4/H6,,castrst01
59,Leonys Martín,28,SEA,AL,143,142,140,1275.0,367,353,11,3,3,.992,9,8,-2,-2,2.57,2.15,2.55,2.12,,,,,,,*8,,martile01
60,Rougned Odor,22,TEX,AL,146,144,137,1271.0,733,283,428,22,129,.970,-1,-1,-5,-5,5.03,4.49,4.87,4.44,,,,,,,*4/DH,,odorro01
61,Miguel Cabrera,33,DET,AL,148,148,128,1270.0,1290,1188,95,7,124,.995,-1,-1,-4,-4,9.09,8.93,8.67,8.83,,,,,,,*3/DH5,ASMVP-9SS,cabremi01
62,César Hernández,26,PHI,NL,150,145,134,1267.0,655,247,396,12,105,.982,2,2,2,2,4.57,4.58,4.20,4.55,,,,,,,*4/H6,,hernace02
63,Ben Zobrist,35,CHC,NL,146,142,109,1265.0,479,221,251,7,52,.985,3,3,-5,-5,3.36,4.02,2.83,3.89,,,,,,,*479/H36,AS,zobribe01
64,Martín Prado,32,MIA,NL,150,146,126,1264.2,322,73,240,9,30,.972,0,0,0,0,2.23,2.52,2.09,2.50,,,,,,,*5/HD,,pradoma01
65,Addison Russell,22,CHC,NL,148,141,135,1262.2,554,152,388,14,60,.975,12,11,17,16,3.85,4.18,3.65,4.15,,,,,,,*6/H,ASMVP-19,russead02
66,Adam Duvall,27,CIN,NL,146,145,125,1262.1,333,309,16,8,1,.976,10,9,18,17,2.32,2.25,2.17,2.29,,,,,,,*7/93H5,AS,duvalad01
67,Carlos González,30,COL,NL,148,145,132,1261.0,262,251,8,3,0,.989,3,3,4,4,1.85,2.07,1.75,2.05,,,,,,,*9/H,AS,gonzaca01
68,Mike Trout,24,LAA,AL,148,146,133,1260.1,371,360,7,4,1,.989,-1,-1,6,6,2.62,2.15,2.48,2.12,,,,,,,*8D/H,ASMVP-1SS,troutmi01
69,Bryce Harper,23,WSN,NL,143,142,130,1245.2,263,256,5,2,1,.992,12,12,-2,-2,1.89,2.07,1.83,2.05,,,,,,,*9/H,AS,harpebr03
70,Jordy Mercer,29,PIT,NL,146,142,130,1245.1,607,187,411,9,95,.985,3,3,-6,-6,4.32,4.18,4.10,4.15,,,,,,,*6/H,,mercejo03
71,DJ LeMahieu,27,COL,NL,146,144,130,1242.2,704,276,422,6,91,.991,0,0,5,5,5.06,4.59,4.78,4.56,,,,,,,*4/H,MVP-15,lemahdj01
72,Marcell Ozuna,25,MIA,NL,142,142,130,1235.0,323,310,8,5,0,.985,-7,-7,-11,-11,2.32,2.07,2.24,2.05,,,,,,,*87/9H,AS,ozunama01
73,Brett Gardner,32,NYY,AL,147,139,129,1230.0,262,250,9,3,2,.989,-5,-5,11,11,1.90,2.15,1.76,2.12,,,,,,,*7/H8,GG,gardnbr01
74,Justin Turner,31,LAD,NL,144,138,123,1225.2,317,68,240,9,15,.972,19,19,11,11,2.26,2.53,2.12,2.54,,,,,,,*5H/D3,MVP-9,turneju01
75,Yadier Molina,33,STL,NL,146,143,110,1225.1,1186,1123,61,2,5,.998,-2,-2,1,1,8.70,8.81,8.00,8.75,8,42,67,18,21.2,1,*2/3H,MVP-23,molinya01
76,Adeiny Hechavarría,27,MIA,NL,153,135,128,1222.0,575,203,359,13,72,.977,2,2,9,9,4.14,4.18,3.67,4.15,,,,,,,*6/H,,hechaad01
77,Adrian Beltré,37,TEX,AL,141,141,123,1219.0,415,104,301,10,43,.976,24,23,19,19,2.99,2.66,2.87,2.63,,,,,,,*5D,MVP-7GG,beltrad01
78,Jacoby Ellsbury,32,NYY,AL,148,138,131,1217.1,280,272,5,3,1,.989,-3,-3,7,7,2.05,2.15,1.87,2.12,,,,,,,*8/H,,ellsbja01
79,Curtis Granderson,35,NYM,NL,140,138,111,1209.2,281,273,8,0,1,1.000,-4,-4,4,4,2.09,2.07,2.01,2.05,,,,,,,*98H/7D,,grandcu01
80,Jason Heyward,26,CHC,NL,141,133,113,1200.2,276,269,5,2,2,.993,24,24,16,16,2.05,2.07,1.94,2.05,,,,,,,*98/H,GG,heywaja01
81,Denard Span,32,SFG,NL,137,132,125,1191.1,290,286,3,1,1,.997,-9,-9,-3,-3,2.18,2.07,2.11,2.05,,,,,,,*8/H,,spande01
82,Jay Bruce,29,2TM,NL,138,138,115,1190.0,281,265,10,6,3,.979,-9,-9,-7,-7,2.08,2.07,1.99,2.05,,,,,,,*9/HD8,AS,bruceja01
83,Josh Donaldson,30,TOR,AL,136,134,121,1188.0,361,110,237,14,27,.961,-6,-6,0,0,2.63,2.66,2.55,2.63,,,,,,,*5D/H,ASMVP-4SS,donaljo02
84,Jake Lamb,25,ARI,NL,142,132,124,1186.1,363,92,251,20,13,.945,-10,-10,-4,-4,2.60,2.52,2.42,2.50,,,,,,,*5H,,lambja01
85,Charlie Blackmon,29,COL,NL,138,135,128,1183.0,300,293,4,3,0,.990,0,0,-1,-1,2.26,2.07,2.15,2.05,,,,,,,*8/H,MVP-26SS,blackch02
86,Daniel Murphy,31,WSN,NL,134,133,120,1177.0,622,329,282,11,90,.982,-8,-8,-9,-9,4.67,5.15,4.40,5.21,,,,,,,*43/H5D,ASMVP-2SS,murphda08
87,Brandon Phillips,35,CIN,NL,138,138,114,1177.0,608,249,345,14,89,.977,-9,-9,-13,-13,4.54,4.59,4.30,4.56,,,,,,,*4/D,,phillbr01
88,Yonder Alonso,29,OAK,AL,149,132,117,1174.1,1241,1157,79,5,118,.996,2,2,-3,-3,9.47,8.77,8.13,8.58,,,,,,,*3H/5D,,alonsyo01
89,Nomar Mazara,21,TEX,AL,143,130,111,1169.1,309,300,7,2,2,.994,12,12,-5,-5,2.36,2.15,2.15,2.12,,,,,,,*97H/D,ROY-5,mazarno01
90,Chase Headley,32,NYY,AL,140,134,126,1169.0,378,90,278,10,25,.974,1,1,6,6,2.83,2.66,2.63,2.63,,,,,,,*5/HD,,headlch01
91,Buster Posey,29,SFG,NL,134,133,111,1167.2,1175,1098,73,4,19,.997,14,15,22,23,9.03,8.83,8.49,8.78,2,22,47,28,37.3,1,*23/HD,ASMVP-14GG,poseybu01
92,Yasmany Tomás,25,ARI,NL,137,131,105,1165.2,208,194,7,7,2,.966,-32,-32,-19,-20,1.55,2.08,1.46,2.10,,,,,,,*97/H3,,tomasya01
93,Jose Iglesias,26,DET,AL,136,131,128,1163.0,574,180,389,5,92,.991,10,11,9,9,4.40,4.17,4.18,4.13,,,,,,,*6/H,,iglesjo01
94,Brad Miller,26,TBR,AL,141,133,123,1163.0,655,409,227,19,62,.971,-16,-16,-26,-27,4.92,5.41,4.39,5.39,,,,,,,63/HD7,,millebr02
95,Jayson Werth,37,WSN,NL,133,133,110,1158.0,207,201,5,1,1,.995,4,4,-7,-7,1.60,2.07,1.55,2.05,,,,,,,*7/DH9,,werthja01
96,Asdrúbal Cabrera,30,NYM,NL,135,134,121,1154.0,511,175,329,7,77,.986,-6,-6,-1,-1,3.93,4.18,3.73,4.15,,,,,,,*6/H,,cabreas01
97,B.J. Upton,31,2TM,2LG,145,129,115,1150.0,252,240,9,3,2,.988,2,2,8,8,1.95,2.10,1.72,2.08,,,,,,,*78H/9D,,uptonbj01
98,Hanley Ramírez,32,BOS,AL,133,133,112,1145.0,1043,1000,39,4,100,.996,-7,-7,-5,-5,8.17,8.97,7.81,8.87,,,,,,,*3D/H,,ramirha01
99,Travis Shaw,26,BOS,AL,140,127,99,1144.0,560,328,216,16,47,.971,9,9,8,8,4.28,4.26,3.49,4.63,,,,,,,53H/D7,,shawtr01
100,Eduardo Núñez,29,2TM,2LG,133,127,110,1134.1,408,114,281,13,55,.968,-5,-5,-16,-17,3.13,3.27,2.78,3.25,,,,,,,56/H4D,AS,nunezed02
101,Gregory Polanco,24,PIT,NL,134,129,108,1130.1,262,246,10,6,4,.977,2,2,2,2,2.04,2.07,1.91,2.05,,,,,,,*97/H8D,,polangr01
102,Troy Tulowitzki,31,TOR,AL,128,128,115,1128.2,533,158,366,9,72,.983,13,14,10,11,4.18,4.17,4.09,4.13,,,,,,,*6/D,,tulowtr01
103,Ender Inciarte,25,ATL,NL,129,126,122,1127.2,369,351,14,4,4,.989,24,26,15,16,2.91,2.07,2.83,2.05,,,,,,,*87/H,GG,inciaen01
104,Adonis García,31,ATL,NL,127,127,115,1113.1,302,85,199,18,17,.940,-2,-3,-11,-12,2.30,2.51,2.24,2.49,,,,,,,*5/H7D,,garciad01
105,J.T. Realmuto,25,MIA,NL,129,124,121,1113.0,1159,1069,80,10,8,.991,1,1,-13,-14,9.29,8.81,8.91,8.75,8,51,51,28,35.4,0,*2H/D,,realmjt01
106,Salvador Perez,26,KCR,AL,129,128,107,1108.2,1073,992,77,4,4,.996,17,18,4,4,8.68,8.57,8.29,8.48,5,36,40,37,48.1,1,*2/DH3,ASGGSS,perezsa02
107,Jonathan Lucroy,30,2TM,2LG,129,126,112,1104.1,1039,958,75,6,11,.994,7,8,2,2,8.42,8.74,7.83,8.67,8,38,69,44,38.9,1,*2H/3D,AS,lucrojo01
108,Ryan Braun,32,MIL,NL,127,127,112,1102.2,224,209,12,3,3,.987,-1,-1,6,7,1.80,2.07,1.74,2.05,,,,,,,*7/HD9,MVP-23,braunry02
109,Alex Gordon,32,KCR,AL,126,125,118,1100.1,230,222,6,2,1,.991,5,6,3,3,1.86,2.15,1.81,2.12,,,,,,,*7/H,,gordoal01
110,Cheslor Cuthbert,23,KCR,AL,127,123,118,1096.1,309,77,216,16,15,.948,-11,-12,-11,-12,2.41,2.66,2.31,2.63,,,,,,,*5/H,,cuthbch01
111,Wilson Ramos,28,WSN,NL,128,122,112,1096.1,1158,1094,61,3,6,.997,7,8,-2,-2,9.48,8.81,9.02,8.75,10,35,32,19,37.3,2,*2/H,ASMVP-17SS,ramoswi01
112,Marwin González,27,HOU,AL,132,118,89,1091.1,859,701,150,8,68,.991,12,13,6,7,7.02,6.75,5.39,6.47,,,,,,,357H46/D8,,gonzama01
113,Alexei Ramírez,34,2TM,2LG,131,123,114,1089.2,498,166,318,14,84,.972,-25,-28,-15,-17,4.00,4.14,3.69,4.10,,,,,,,*6H/94D,,ramiral03
114,Yunel Escobar,33,LAA,AL,129,129,114,1086.2,302,95,188,19,22,.937,-13,-15,-13,-14,2.34,2.66,2.19,2.63,,,,,,,*5/H,,escobyu01
115,Ángel Pagán,34,SFG,NL,127,125,107,1083.0,241,230,5,6,2,.975,6,7,-1,-1,1.95,2.07,1.85,2.05,,,,,,,*7/8H,,paganan01
116,Howie Kendrick,32,LAD,NL,133,123,86,1081.1,320,224,91,5,19,.984,0,0,0,0,2.62,3.06,2.05,3.12,,,,,,,74H53/D,,kendrho01
117,Joe Panik,25,SFG,NL,126,118,113,1081.0,601,233,363,5,82,.992,15,17,2,2,4.96,4.59,4.73,4.56,,,,,,,*4/H,GG,panikjo01
118,Mitch Moreland,30,TEX,AL,139,118,105,1080.2,1103,1036,65,2,138,.998,9,10,12,13,9.17,8.97,7.92,8.87,,,,,,,*3H/D,GG,morelmi01
119,Josh Harrison,28,PIT,NL,128,122,108,1078.2,635,262,366,7,97,.989,-2,-2,8,9,5.24,4.59,4.87,4.54,,,,,,,*4/H9,,harrijo05
120,Russell Martin,33,TOR,AL,128,119,106,1072.1,1050,989,57,4,3,.996,-6,-7,9,10,8.78,8.56,8.11,8.40,9,39,61,11,15.3,0,*2H/D45,,martiru01
121,Chase Utley,37,LAD,NL,134,118,101,1066.1,466,195,266,5,49,.989,-5,-6,-8,-9,3.89,4.59,3.41,4.54,,,,,,,*4H/5,,utleych01
122,Starling Marte,27,PIT,NL,123,120,107,1063.0,217,196,17,4,2,.982,-1,-1,15,17,1.80,2.07,1.73,2.05,,,,,,,*78/H,ASGG,martest01
123,Scooter Gennett,26,MIL,NL,127,121,108,1062.0,564,206,344,14,73,.975,-6,-7,-8,-9,4.66,4.59,4.33,4.56,,,,,,,*4H/D,,gennesc01
124,Matt Carpenter,30,STL,NL,127,124,91,1061.0,611,384,214,13,72,.979,-2,-2,-1,-1,5.07,5.06,4.30,5.19,,,,,,,534/HD,AS,carpema01
125,Michael Saunders,29,TOR,AL,128,122,79,1058.0,195,188,5,2,0,.990,-3,-4,-10,-11,1.64,2.15,1.51,2.12,,,,,,,*79/DH8,AS,saundmi01
126,Yoenis Céspedes,30,NYM,NL,122,122,86,1046.0,264,250,9,5,0,.981,4,5,-5,-6,2.23,2.07,2.12,2.05,,,,,,,*78/HD,ASMVP-8SS,cespeyo01
127,Paulo Orlando,30,KCR,AL,122,115,111,1045.0,245,235,6,4,2,.984,11,13,6,7,2.08,2.15,1.98,2.12,,,,,,,*98/HD,,orlanpa01
128,Andrelton Simmons,26,LAA,AL,124,123,113,1045.0,545,198,337,10,82,.982,6,7,21,24,4.61,4.17,4.31,4.13,,,,,,,*6,,simmoan01
129,Ketel Marte,22,SEA,AL,119,116,111,1032.2,476,140,315,21,69,.956,-1,-1,-3,-3,3.97,4.17,3.82,4.13,,,,,,,*6/H,,marteke01
130,Joc Pederson,24,LAD,NL,132,114,101,1032.0,263,258,3,2,0,.992,7,8,2,2,2.28,2.07,1.98,2.05,,,,,,,*8H,,pederjo01
131,Logan Forsythe,29,TBR,AL,118,118,115,1028.1,479,206,264,9,69,.981,-7,-8,2,2,4.11,4.49,3.98,4.44,,,,,,,*4/DH,,forsylo01
132,Dexter Fowler,30,CHC,NL,121,117,107,1027.1,229,219,6,4,1,.983,13,15,0,0,1.97,2.07,1.86,2.05,,,,,,,*8/HD,AS,fowlede01
133,J.D. Martinez,28,DET,AL,118,118,114,1027.1,210,201,3,6,0,.971,-15,-18,-21,-25,1.79,2.15,1.73,2.12,,,,,,,*9/DH,,martijd02
134,Danny Valencia,31,OAK,AL,121,119,94,1020.0,393,242,137,14,18,.964,-10,-11,-18,-21,3.34,3.32,3.06,3.38,,,,,,,593/DH7,,valenda01
135,Brandon Drury,23,ARI,NL,123,112,83,1011.1,246,173,67,6,10,.976,-4,-5,-13,-15,2.14,2.38,1.78,2.50,,,,,,,7954H/3,,drurybr01
136,Randal Grichuk,24,STL,NL,119,111,101,994.1,241,232,8,1,1,.996,4,5,7,8,2.17,2.07,2.02,2.05,,,,,,,*8H/79,,grichra01
137,Erick Aybar,32,2TM,2LG,119,110,97,992.0,427,132,282,13,54,.970,-11,-13,-3,-4,3.76,4.05,3.37,4.02,,,,,,,6H5/4,,aybarer01
138,Chris Owings,24,ARI,NL,116,112,101,990.2,373,185,180,8,44,.979,-6,-7,-6,-7,3.32,3.32,3.04,3.30,,,,,,,68/H4,,owingch01
139,J.J. Hardy,33,BAL,AL,115,115,103,990.0,472,140,326,6,80,.987,17,21,7,8,4.24,4.17,4.05,4.13,,,,,,,*6,,hardyjj01
140,Derek Norris,27,SDP,NL,119,113,104,989.0,949,882,58,9,5,.991,-7,-8,15,18,8.55,8.81,7.90,8.76,8,43,76,20,20.8,0,*2/H3,,norride01
141,Rajai Davis,35,CLE,AL,128,107,79,988.2,249,235,9,5,2,.980,7,9,-5,-6,2.22,2.15,1.91,2.12,,,,,,,*87H/9D,,davisra01
142,Matt Wieters,30,BAL,AL,117,111,101,980.1,932,871,50,11,6,.988,4,5,-2,-2,8.46,8.57,7.87,8.48,1,42,43,23,34.8,3,*2/HD,AS,wietema01
143,Yasmani Grandal,27,LAD,NL,117,108,100,973.1,1107,1046,56,5,5,.995,1,1,18,22,10.19,8.81,9.26,8.76,10,42,59,24,28.9,1,*2H/3,MVP-22,grandya01
144,David Freese,33,PIT,NL,125,105,83,972.0,583,384,188,11,59,.981,1,1,4,5,5.30,4.82,4.14,5.26,,,,,,,53H/4,,freesda01
145,Javier Báez,23,CHC,NL,137,97,82,971.0,471,173,283,15,41,.968,13,16,11,14,4.23,3.81,2.96,3.80,,,,,,,546H/37,,baezja01
146,Ryan Zimmerman,31,WSN,NL,114,108,98,969.0,900,852,44,4,88,.996,1,1,5,6,8.32,9.05,7.86,8.99,,,,,,,*3/D,,zimmery01
147,Zack Cozart,30,CIN,NL,111,110,102,966.2,502,192,300,10,69,.980,2,2,10,12,4.58,4.18,4.43,4.15,,,,,,,*6H/D,,cozarza01
148,Steven Souza Jr.,27,TBR,AL,113,110,104,962.2,244,232,8,4,1,.984,-6,-7,2,2,2.24,2.15,2.12,2.12,,,,,,,*9/D8H,,souzast01
149,Neil Walker,30,NYM,NL,111,110,101,961.2,485,181,297,7,65,.986,1,1,-3,-4,4.47,4.59,4.31,4.56,,,,,,,*4/H,,walkene01
150,Carlos Gómez,30,2TM,AL,111,109,92,952.0,234,225,7,2,1,.991,-23,-28,-8,-10,2.19,2.15,2.09,2.12,,,,,,,*87/9DH,,gomezca01
151,Billy Hamilton,25,CIN,NL,115,108,101,942.1,288,276,9,3,4,.990,26,33,18,23,2.72,2.07,2.48,2.05,,,,,,,*8/H,,hamilbi02
152,Max Kepler,23,MIN,AL,112,101,98,932.1,245,229,9,7,4,.971,6,7,9,12,2.30,2.18,2.09,2.24,,,,,,,*9/8H3,,keplema01
153,Tucker Barnhart,25,CIN,NL,108,106,99,931.2,898,817,74,7,6,.992,5,6,-1,-1,8.61,8.81,8.25,8.75,5,33,68,34,33.3,2,2/H,,barnhtu01
154,Welington Castillo,29,ARI,NL,107,103,98,925.0,878,799,72,7,7,.992,2,3,1,1,8.47,8.81,8.14,8.75,10,42,40,24,37.5,1,2/HD,,castiwe01
155,Stephen Vogt,31,OAK,AL,113,103,96,923.1,819,767,45,7,5,.991,-1,-1,-10,-13,7.91,8.57,7.12,8.48,5,41,51,20,28.2,0,*2DH/3,AS,vogtst01
156,Jason Castro,29,HOU,AL,113,102,88,919.1,930,872,54,4,8,.996,-5,-6,2,3,9.07,8.58,8.12,8.49,12,50,45,14,23.7,1,*2/3H,,castrja01
157,Giancarlo Stanton,26,MIA,NL,106,106,92,919.1,224,215,5,4,0,.982,-9,-11,3,4,2.15,2.07,2.08,2.05,,,,,,,9H/D,,stantmi03
158,Aledmys Díaz,25,STL,NL,106,102,97,912.0,416,123,277,16,69,.962,-7,-10,-10,-13,3.95,4.18,3.74,4.15,,,,,,,6/H4,ASROY-5,diazal02
159,Cameron Rupp,27,PHI,NL,104,104,101,911.1,874,825,44,5,5,.994,0,0,-11,-14,8.58,8.81,8.36,8.75,7,37,45,17,27.4,0,2/H,,ruppca01
160,Aaron Hill,34,2TM,2LG,118,101,84,911.0,299,90,204,5,26,.983,10,14,5,7,2.90,2.94,2.31,2.93,,,,,,,54H/D,,hillaa01
161,Hunter Pence,33,SFG,NL,102,102,96,908.1,200,193,7,0,0,1.000,2,3,-2,-3,1.98,2.07,1.96,2.05,,,,,,,9/H,,pencehu01
162,Mark Reynolds,32,COL,NL,115,102,94,908.0,1025,939,79,7,91,.993,4,6,3,4,10.09,9.04,8.78,8.95,,,,,,,*3/H4,,reynoma01
163,Brandon Moss,32,STL,NL,111,101,65,904.1,530,496,30,4,51,.992,1,1,-1,-1,5.23,5.13,3.87,5.32,,,,,,,37H9,,mossbr01
164,Lonnie Chisenhall,27,CLE,AL,121,100,84,904.0,209,199,7,3,1,.986,-1,-1,4,5,2.05,2.20,1.67,2.29,,,,,,,*9H/385,,chiselo01
165,Nick Castellanos,24,DET,AL,108,107,74,898.0,259,66,184,9,12,.965,-8,-11,-4,-5,2.51,2.66,2.31,2.63,,,,,,,*5/HD,,casteni01
166,Josh Reddick,29,2TM,2LG,110,100,91,897.1,219,205,8,6,1,.973,-1,-2,6,8,2.14,2.12,1.94,2.09,,,,,,,*9/HD,,reddijo01
167,Nori Aoki,34,SEA,AL,113,102,85,891.2,194,188,5,1,2,.995,-3,-4,-1,-1,1.95,2.15,1.71,2.12,,,,,,,*78H,,aokino01
168,Jedd Gyorko,27,STL,NL,109,100,76,891.2,462,183,269,10,63,.978,1,2,2,3,4.56,4.18,3.70,4.21,,,,,,,456H3,,gyorkje01
169,Yangervis Solarte,28,SDP,NL,105,103,86,888.0,338,102,225,11,32,.967,2,3,4,5,3.31,2.88,2.92,2.89,,,,,,,54/H3,,solarya01
170,Peter Bourjos,29,PHI,NL,119,97,84,879.2,205,202,2,1,0,.995,4,5,4,5,2.09,2.07,1.71,2.05,,,,,,,*98/H,,bourjpe01
171,Lorenzo Cain,30,KCR,AL,101,101,93,874.1,263,257,3,3,0,.989,6,8,12,16,2.68,2.15,2.57,2.12,,,,,,,89/H,,cainlo01
172,Mark Teixeira,36,NYY,AL,110,100,87,872.2,909,867,39,3,65,.997,-4,-5,-3,-4,9.34,8.97,8.24,8.87,,,,,,,*3/DH,,teixema01
173,Kevin Kiermaier,26,TBR,AL,104,102,94,872.1,273,264,7,2,1,.993,11,14,24,33,2.80,2.15,2.61,2.12,,,,,,,8/H,GG,kiermke01
174,Hernán Pérez,25,MIL,NL,111,96,73,870.0,325,177,135,13,22,.960,-1,-1,0,0,3.23,2.84,2.48,2.86,,,,,,,59H4/8367,,perezhe01
175,Colby Rasmus,29,HOU,AL,103,95,74,869.0,186,173,13,0,2,1.000,11,15,23,32,1.93,2.15,1.81,2.12,,,,,,,789/HD,,rasmuco01
176,Tim Anderson,23,CHW,AL,98,97,96,859.2,400,142,244,14,50,.965,2,2,3,4,4.04,4.17,3.94,4.13,,,,,,,6,ROY-7,anderti01
177,Mike Napoli,34,CLE,AL,98,98,86,859.1,896,831,52,13,64,.985,4,5,-6,-8,9.25,8.97,9.01,8.87,,,,,,,3D/H,,napolmi01
178,Devon Travis,25,TOR,AL,99,96,94,859.1,437,150,276,11,59,.975,8,10,-3,-4,4.46,4.49,4.30,4.44,,,,,,,4/DH,,travide01
179,Coco Crisp,36,2TM,AL,101,98,80,853.0,186,179,4,3,1,.984,-7,-10,-9,-13,1.93,2.15,1.81,2.12,,,,,,,78DH,,crispco01
180,Aaron Hicks,26,NYY,AL,119,92,67,845.2,190,186,3,1,1,.995,7,10,5,7,2.01,2.15,1.59,2.12,,,,,,,*978H/D,,hicksaa01
181,James McCann,26,DET,AL,99,96,90,843.2,804,756,44,4,9,.995,11,16,8,11,8.53,8.57,8.08,8.48,4,22,33,27,45.0,3,2/DH,,mccanja02
182,Joe Mauer,33,MIN,AL,95,93,91,831.2,866,811,53,2,91,.998,-5,-7,8,12,9.35,8.97,9.09,8.87,,,,,,,3D/H,,mauerjo01
183,Mark Trumbo,30,BAL,AL,101,100,56,828.0,214,196,12,6,5,.972,-8,-12,-9,-13,2.26,2.46,2.04,2.52,,,,,,,9D/37,ASSS,trumbma01
184,Michael Bourn,33,2TM,2LG,110,86,78,823.2,222,209,6,7,0,.968,-4,-6,-2,-3,2.35,2.08,1.95,2.07,,,,,,,*879H,,bournmi01
185,Trevor Story,23,COL,NL,96,94,89,823.0,442,139,293,10,64,.977,12,17,13,19,4.72,4.18,4.50,4.15,,,,,,,6/H,ROY-4,storytr01
186,Tyler Naquin,25,CLE,AL,109,92,78,820.2,191,183,6,2,0,.990,-8,-12,-15,-22,2.07,2.15,1.73,2.12,,,,,,,*8H/9D,ROY-3,naquity01
187,C.J. Cron,26,LAA,AL,97,93,86,818.2,815,761,48,6,78,.993,-5,-7,2,3,8.89,8.97,8.34,8.87,,,,,,,3D/H,,croncj01
188,Brett Lawrie,26,CHW,AL,92,92,91,817.2,408,157,242,9,59,.978,-5,-8,-3,-4,4.39,4.49,4.34,4.44,,,,,,,4/D,,lawribr01
189,Francisco Cervelli,30,PIT,NL,96,95,84,817.0,778,700,71,7,9,.991,-8,-12,6,9,8.49,8.81,7.95,8.76,8,38,67,16,19.3,1,2/H3D,,cervefr01
190,Kirk Nieuwenhuis,28,MIL,NL,109,92,67,813.1,201,190,8,3,1,.985,-6,-8,3,4,2.19,2.07,1.82,2.05,,,,,,,*89H/7,,nieuwki01
191,Jace Peterson,26,ATL,NL,98,90,74,810.1,425,177,235,13,54,.969,-2,-3,-4,-6,4.58,4.23,3.96,4.15,,,,,,,4H7/58,,peterja01
192,Adam Lind,32,SEA,AL,101,88,73,797.0,786,731,50,5,75,.994,-4,-6,-2,-3,8.82,8.97,7.73,8.87,,,,,,,3HD,,lindad01
193,Kurt Suzuki,32,MIN,AL,99,92,85,797.0,712,679,28,5,2,.993,-4,-6,-12,-18,7.98,8.57,7.14,8.48,1,35,52,12,18.8,0,2/HD,,suzukku01
194,Khris Davis,28,OAK,AL,93,93,77,796.1,168,159,4,5,3,.970,-11,-16,-1,-2,1.84,2.15,1.75,2.12,,,,,,,7D/H,,daviskh01
195,Eduardo Escobar,27,MIN,AL,99,88,82,790.2,358,105,243,10,69,.972,1,1,-6,-9,3.96,3.83,3.38,3.75,,,,,,,65H/47D1,,escobed01
196,José Bautista,35,TOR,AL,91,90,71,790.0,159,152,5,2,0,.987,0,0,-6,-9,1.79,2.18,1.71,2.19,,,,,,,9D/3,,bautijo02
197,Jake Marisnick,25,HOU,AL,105,85,66,789.2,213,203,9,1,1,.995,1,2,18,27,2.42,2.15,2.02,2.12,,,,,,,87H/9D,,marisja01
198,Travis Jankowski,25,SDP,NL,114,82,76,789.0,222,221,0,1,0,.995,13,20,9,14,2.52,2.07,1.94,2.05,,,,,,,*8H9/7,,jankotr01
199,James Loney,32,NYM,NL,97,88,74,784.0,734,664,62,8,72,.989,-6,-9,2,3,8.33,9.05,7.48,8.99,,,,,,,3/H,,loneyja01
200,Derek Dietrich,26,MIA,NL,107,96,46,783.1,401,214,183,4,47,.990,-6,-8,1,2,4.56,4.79,3.54,4.77,,,,,,,4H35/7,,dietrde01
201,Chris Iannetta,33,SEA,AL,93,86,84,776.1,769,722,42,5,2,.993,-2,-3,-11,-17,8.86,8.57,8.22,8.48,6,34,45,20,30.8,1,2/D,,iannech01
202,Gerardo Parra,29,COL,NL,98,87,69,775.2,257,236,16,5,11,.981,-9,-13,-7,-11,2.92,3.28,2.57,3.40,,,,,,,7398/H,,parrage01
203,Cameron Maybin,29,DET,AL,91,89,83,775.1,227,223,0,4,0,.982,-15,-23,-13,-20,2.59,2.15,2.45,2.12,,,,,,,8/HD,,maybica01
204,Byron Buxton,22,MIN,AL,92,88,82,773.2,249,243,2,4,0,.984,-11,-18,2,3,2.85,2.15,2.66,2.12,,,,,,,8/H,,buxtoby01
205,Johnny Giavotella,28,LAA,AL,97,90,63,768.2,356,165,186,5,54,.986,-8,-13,-4,-6,4.11,4.49,3.62,4.44,,,,,,,4/H,,giavojo01
206,Brian McCann,32,NYY,AL,92,86,79,762.0,818,778,36,4,4,.995,-1,-1,-6,-9,9.61,8.57,8.57,8.49,6,22,47,14,23.0,1,2DH/3,,mccanbr01
207,Jarrod Dyson,31,KCR,AL,95,83,78,758.2,209,196,11,2,0,.990,4,7,16,25,2.46,2.15,2.18,2.12,,,,,,,897H/D,,dysonja01
208,Eddie Rosario,24,MIN,AL,89,81,71,755.1,190,176,10,4,0,.979,-8,-13,3,5,2.22,2.15,2.09,2.12,,,,,,,78/H9,,rosared01
209,John Jaso,32,PIT,NL,108,99,38,749.1,800,749,46,5,81,.994,0,0,-5,-8,9.55,9.04,7.29,8.93,,,,,,,3H/9,,jasojo01
210,Matt Duffy,25,2TM,2LG,88,84,79,746.0,246,59,182,5,13,.980,0,0,5,8,2.91,2.86,2.74,2.83,,,,,,,56/HD,,duffyma01
211,Luis Valbuena,30,HOU,AL,86,84,73,745.0,270,115,149,6,21,.978,-4,-7,-1,-2,3.19,3.17,2.93,3.20,,,,,,,5/3H4,,valbulu01
212,Yasiel Puig,25,LAD,NL,95,81,69,744.1,182,172,6,4,0,.978,0,0,7,11,2.15,2.07,1.87,2.05,,,,,,,9H/78,,puigya01
213,Kolten Wong,25,STL,NL,101,81,65,741.1,422,158,256,8,67,.981,12,20,3,5,5.03,4.23,3.98,4.17,,,,,,,4H/879,,wongko01
214,Justin Smoak,29,TOR,AL,111,79,73,737.2,794,753,38,3,69,.996,-4,-7,-6,-10,9.65,8.97,7.13,8.87,,,,,,,*3H/D,,smoakju01
215,Sean Rodríguez,31,PIT,NL,129,64,39,731.1,416,277,132,7,46,.983,0,0,2,3,5.03,4.85,2.62,5.45,,,,,,,3H46957/8,,rodrise01
216,Seth Smith,33,SEA,AL,109,91,39,730.0,163,155,7,1,1,.994,-6,-10,-6,-10,2.00,2.15,1.49,2.12,,,,,,,*97HD,,smithse01
217,Jung Ho Kang,29,PIT,NL,92,83,73,728.1,257,49,191,17,20,.934,-1,-1,-4,-7,2.97,2.52,2.61,2.50,,,,,,,5H/D,,kangju01
218,Dioner Navarro,32,2TM,AL,90,80,77,726.2,682,633,40,9,2,.987,-4,-7,-15,-25,8.34,8.57,7.48,8.48,6,29,44,13,22.8,4,2H/D,,navardi01
219,Darwin Barney,30,TOR,AL,97,77,62,725.1,314,96,210,8,45,.975,6,10,9,15,3.80,3.76,2.97,3.66,,,,,,,456H/71,,barneda01
220,Nick Ahmed,26,ARI,NL,88,80,72,721.1,394,111,273,10,61,.975,14,23,14,23,4.79,4.18,4.36,4.15,,,,,,,6/H,,ahmedni01
221,Jon Jay,31,SDP,NL,86,82,71,721.0,195,190,4,1,1,.995,7,11,-5,-8,2.42,2.07,2.26,2.05,,,,,,,8/97H,,jayjo02
222,Jake Smolinski,27,OAK,AL,93,77,71,714.0,185,181,3,1,1,.995,4,6,-5,-8,2.32,2.15,1.98,2.12,,,,,,,897H/D,,smolija01
223,Ben Revere,28,WSN,NL,87,80,61,713.2,174,170,2,2,1,.989,6,10,5,8,2.17,2.07,1.98,2.05,,,,,,,87H,,reverbe01
224,Jed Lowrie,32,OAK,AL,83,80,71,711.1,383,141,236,6,60,.984,-3,-6,-7,-12,4.77,4.49,4.49,4.43,,,,,,,4/DH6,,lowrije01
225,Matt Holliday,36,STL,NL,91,91,39,705.2,188,176,12,0,5,1.000,-4,-7,-6,-10,2.40,2.68,2.00,2.79,,,,,,,73H/D,,hollima01
226,Wilmer Flores,24,NYM,NL,92,78,57,701.2,334,204,120,10,31,.970,-8,-14,-11,-19,4.16,4.47,3.12,4.67,,,,,,,534H/6,,florewi01
227,Tyler Saladino,26,CHW,AL,84,77,71,698.0,340,109,223,8,51,.976,2,4,6,10,4.28,4.14,3.77,4.14,,,,,,,465/H3D789,,saladty01
228,Ryan Schimpf,28,SDP,NL,83,79,76,697.1,341,114,221,6,52,.982,-6,-11,0,0,4.32,4.24,4.04,4.18,,,,,,,45/H7,,schimry01
229,Miguel Sanó,23,MIN,AL,80,79,69,688.2,222,110,94,18,10,.919,1,1,-14,-24,2.67,2.43,2.55,2.39,,,,,,,59D/H,,sanomi01
230,Tyler Flowers,30,ATL,NL,81,76,70,686.0,639,607,29,3,1,.995,-11,-19,4,7,8.34,8.81,7.85,8.75,7,36,60,3,4.8,1,2/H,,flowety01
231,Logan Morrison,28,TBR,AL,83,78,73,685.1,612,566,42,4,63,.993,-4,-7,-6,-11,7.98,8.97,7.33,8.87,,,,,,,3D/H,,morrilo01
232,Billy Burns,26,2TM,AL,87,75,67,682.2,177,171,4,2,1,.989,-13,-23,-5,-9,2.31,2.15,2.01,2.12,,,,,,,8H/97D,,burnsbi02
233,Tommy Joseph,24,PHI,NL,97,74,66,681.1,655,612,36,7,69,.989,-3,-5,-5,-9,8.56,9.05,6.68,8.99,,,,,,,3H,,josepto01
234,Brock Holt,28,BOS,AL,90,76,52,680.1,195,133,58,4,7,.979,-4,-7,10,18,2.53,2.49,1.91,2.53,,,,,,,75H/469D,,holtbr01
235,Nick Hundley,32,COL,NL,79,77,74,678.1,599,554,38,7,3,.988,-9,-16,-17,-30,7.85,8.81,7.49,8.75,8,34,57,9,13.6,1,2/H,,hundlni01
236,Carlos Pérez,25,LAA,AL,83,76,67,673.1,619,573,43,3,8,.995,11,20,10,18,8.23,8.57,7.42,8.49,4,18,35,21,37.5,3,2/H3D,,perezca02
237,Hyun Soo Kim,28,BAL,AL,91,78,55,665.0,114,110,4,0,0,1.000,-14,-25,-10,-18,1.54,2.15,1.25,2.12,,,,,,,7H,,kimhy01
238,Whit Merrifield,27,KCR,AL,80,73,64,659.2,302,130,167,5,44,.983,-2,-3,4,7,4.05,4.05,3.41,3.96,,,,,,,47/5H93D,,merriwh01
239,Dee Strange-Gordon,28,MIA,NL,78,73,71,655.1,343,150,186,7,51,.980,-4,-7,0,0,4.61,4.59,4.31,4.56,,,,,,,4/H,,gordode01
240,Ryan Howard,36,PHI,NL,83,81,39,644.1,613,557,45,11,47,.982,0,-1,-6,-11,8.41,9.05,7.25,8.99,,,,,,,3H/D,,howarry01
241,Ezequiel Carrera,29,TOR,AL,100,68,48,643.1,141,132,8,1,3,.993,5,9,8,15,1.96,2.15,1.40,2.12,,,,,,,97H/8D,,carreez01
242,Michael Conforto,23,NYM,NL,87,76,46,643.0,141,134,4,3,1,.979,10,18,3,6,1.93,2.07,1.59,2.05,,,,,,,7H/98D,,confomi01
243,Ryon Healy,24,OAK,AL,72,72,71,637.2,195,42,144,9,9,.954,-9,-16,1,2,2.63,2.66,2.58,2.63,,,,,,,5,,healyry01
244,Robbie Grossman,26,MIN,AL,75,72,66,637.1,134,122,4,8,1,.940,-14,-27,-20,-38,1.78,2.15,1.68,2.12,,,,,,,7D/H8,,grossro01
245,Edwin Encarnación,33,TOR,AL,75,74,47,636.1,631,602,27,2,57,.997,-5,-10,1,2,8.90,8.97,8.39,8.87,,,,,,,D3,ASMVP-14,encared01
246,Trevor Plouffe,30,MIN,AL,76,73,68,632.1,268,137,124,7,23,.974,-8,-15,-4,-8,3.71,3.79,3.43,3.70,,,,,,,53/DH,,plouftr01
247,Trea Turner,23,WSN,NL,72,69,64,627.2,234,154,77,3,21,.987,5,9,-1,-2,3.31,3.03,3.00,3.08,,,,,,,84/6H,ROY-2,turnetr01
248,Jhonny Peralta,34,STL,NL,74,74,56,627.0,197,50,143,4,21,.980,-7,-14,-7,-13,2.77,2.67,2.61,2.66,,,,,,,5/6HD,,peraljh01
249,Brandon Guyer,30,2TM,AL,83,71,51,626.1,157,150,3,4,0,.975,-5,-9,0,0,2.20,2.15,1.84,2.12,,,,,,,798HD,,guyerbr01
250,Dae-ho Lee,34,SEA,AL,84,70,57,622.0,584,554,28,2,68,.997,-3,-5,-3,-6,8.42,8.97,6.93,8.87,,,,,,,3H/D,,leeda02
251,Bobby Wilson,33,3TM,AL,75,71,62,620.0,578,554,20,4,5,.993,-2,-4,-5,-10,8.33,8.57,7.65,8.48,5,15,40,8,16.7,0,2,,wilsobo02
252,Travis d'Arnaud,27,NYM,NL,73,70,63,615.2,645,608,36,1,4,.998,-2,-4,-3,-6,9.41,8.81,8.82,8.75,4,22,61,17,21.8,0,2/H,,darnatr01
253,Corey Dickerson,27,TBR,AL,78,70,56,612.2,138,134,2,2,0,.986,5,11,4,8,2.00,2.15,1.74,2.12,,,,,,,7DH/9,,dickeco01
254,Jarrod Saltalamacchia,31,DET,AL,78,67,61,612.1,551,524,22,5,7,.991,-2,-4,-11,-22,8.03,8.61,6.91,8.53,1,21,37,12,24.5,2,2H3/D,,saltaja01
255,Kelly Johnson,34,2TM,NL,88,67,47,611.2,240,109,123,8,24,.967,-2,-3,-7,-14,3.41,3.87,2.52,3.82,,,,,,,H457/36,,johnske05
256,Justin Bour,28,MIA,NL,82,80,30,610.2,581,544,34,3,50,.995,-1,-2,0,0,8.52,9.05,7.05,8.99,,,,,,,3/HD,,bourju01
257,Matt Adams,27,STL,NL,86,69,47,601.2,695,617,71,7,62,.990,-1,-3,-1,-2,10.29,9.05,8.00,8.99,,,,,,,3H,,adamsma01
258,Sandy León,27,BOS,AL,74,67,62,600.1,597,561,35,1,6,.998,6,12,-1,-2,8.94,8.57,8.05,8.48,7,16,20,14,41.2,3,2/HD,,leonsa01
259,Ramón Flores,24,MIL,NL,83,66,49,599.2,142,137,4,1,0,.993,2,4,-1,-2,2.12,2.14,1.66,2.21,,,,,,,98H7/3,,florera02
260,Chris Coghlan,31,2TM,2LG,84,73,33,597.1,192,109,81,2,19,.990,0,0,-1,-2,2.86,3.06,2.11,3.17,,,,,,,74H59/3D,,coghlch01
261,Joey Rickard,25,BAL,AL,82,64,50,593.0,133,127,6,0,0,1.000,-9,-18,-7,-14,2.02,2.15,1.62,2.12,,,,,,,978H,,rickajo01
262,Willson Contreras,24,CHC,NL,74,64,51,589.1,476,437,33,6,1,.987,0,1,-1,-2,7.18,6.75,5.60,6.85,6,17,22,13,37.1,5,27/H3,,contrwi01
263,Ryan Rua,26,TEX,AL,90,66,41,585.0,249,237,10,2,14,.992,1,2,-2,-4,3.80,4.12,2.52,4.27,,,,,,,73H/8D95,,ruary01
264,Yan Gomes,28,CLE,AL,73,65,55,582.1,574,539,32,3,3,.995,4,8,-1,-2,8.82,8.57,7.82,8.48,4,21,19,11,36.7,2,2/HD,,gomesya01
265,Jeff Francoeur,32,2TM,NL,79,63,53,579.0,112,100,9,3,1,.973,5,10,4,8,1.69,2.07,1.38,2.06,,,,,,,7H9/D5,,francje02
266,Ichiro Suzuki,42,MIA,NL,78,59,55,575.1,132,125,6,1,1,.992,4,8,7,15,2.05,2.07,1.68,2.05,,,,,,,H978/D,,suzukic01
267,Domingo Santana,23,MIL,NL,67,62,59,561.2,110,106,2,2,0,.982,3,7,-10,-21,1.73,2.07,1.61,2.05,,,,,,,9H/78,,santado01
268,Jurickson Profar,23,TEX,AL,75,62,44,560.2,309,177,125,7,36,.977,6,12,5,11,4.85,4.42,3.51,4.37,,,,,,,543H76/D,,profaju01
269,Curt Casali,27,TBR,AL,76,62,53,560.1,579,538,37,4,4,.993,1,2,10,21,9.24,8.57,7.57,8.48,4,27,25,14,35.9,1,2/DH,,casalcu01
270,Miguel Montero,32,CHC,NL,72,64,48,559.2,594,550,37,7,2,.988,-13,-28,0,0,9.44,8.79,8.15,8.65,4,41,59,7,10.6,1,2H/1D,,montemi01
271,Martín Maldonado,29,MIL,NL,69,63,57,559.0,532,486,39,7,3,.987,8,17,7,15,8.45,8.81,7.61,8.75,3,17,30,20,40.0,5,2/H,,maldoma01
272,Carlos Santana,30,CLE,AL,64,62,59,556.2,571,513,53,5,48,.991,7,14,4,9,9.15,8.97,8.84,8.87,,,,,,,D3/H,,santaca01
273,Trayce Thompson,25,LAD,NL,71,61,41,556.0,100,96,2,2,0,.980,-5,-11,0,0,1.59,2.07,1.38,2.05,,,,,,,897H,,thomptr01
274,Scott Schebler,25,CIN,NL,67,65,52,554.2,144,136,5,3,0,.979,-1,-2,-2,-4,2.29,2.07,2.10,2.05,,,,,,,98H7,,schebsc01
275,Nolan Reimold,32,BAL,AL,95,57,42,552.0,121,117,3,1,1,.992,2,4,0,0,1.96,2.15,1.26,2.12,,,,,,,79H/8D,,reimono01
276,Juan Uribe,37,CLE,AL,68,68,41,551.2,178,43,128,7,12,.961,9,20,1,2,2.79,2.66,2.51,2.63,,,,,,,5/HD,,uribeju01
277,Gregorio Petit,31,LAA,AL,85,61,32,550.0,268,103,157,8,31,.970,-6,-13,-1,-2,4.25,3.98,2.63,3.99,,,,,,,46H5/7D9,,petitgr01
278,Alex Dickerson,26,SDP,NL,68,65,53,544.1,107,104,0,3,0,.972,-1,-2,0,0,1.72,2.07,1.53,2.05,,,,,,,7H/D,,dickeal01
279,Grégor Blanco,32,SFG,NL,75,56,48,541.1,114,111,2,1,0,.991,-12,-26,-7,-16,1.88,2.07,1.51,2.05,,,,,,,H978,,blancgr01
280,Jefry Marté,25,LAA,AL,77,66,39,537.0,273,218,50,5,20,.982,-5,-11,-2,-4,4.49,4.91,3.44,4.77,,,,,,,375H/D,,marteje01
281,Danny Santana,25,MIN,AL,66,62,54,536.1,161,143,14,4,2,.975,-7,-15,-10,-22,2.63,2.29,2.31,2.32,,,,,,,87H/9D465,,santada01
282,Adam Rosales,33,SDP,NL,84,53,34,534.1,210,56,146,8,27,.962,7,15,8,18,3.40,3.52,2.10,3.59,,,,,,,54H6/739D,,rosalad01
283,A.J. Pierzynski,39,ATL,NL,64,59,53,532.0,484,457,23,4,5,.992,-6,-14,-7,-16,8.12,8.81,7.50,8.75,5,37,43,14,24.6,0,2H,,pierza.01
284,José Reyes,33,NYM,NL,60,60,52,527.0,150,35,109,6,11,.960,-4,-10,-8,-18,2.46,2.83,2.29,2.84,,,,,,,56,,reyesjo01
285,Miguel Rojas,27,MIA,NL,114,44,21,526.2,303,157,142,4,33,.987,1,1,-1,-2,5.11,5.14,2.21,5.56,,,,,,,436H5,,rojasmi02
286,Jorge Polanco,22,MIN,AL,60,59,57,526.0,235,61,159,15,31,.936,-10,-22,-10,-23,3.76,3.98,3.61,3.93,,,,,,,6/5H4D,,polanjo01
287,Gordon Beckham,29,2TM,NL,71,57,41,524.0,242,81,157,4,27,.983,-7,-16,-6,-14,4.09,4.10,2.98,4.04,,,,,,,4H56,,beckhgo01
288,JB Shuck,29,CHW,AL,66,56,52,521.2,135,129,4,2,0,.985,-2,-3,-11,-25,2.29,2.15,2.02,2.11,,,,,,,8HD/791,,shuckja01
289,Jett Bandy,26,LAA,AL,68,60,53,520.0,454,412,39,3,4,.993,5,12,2,5,7.81,8.57,6.63,8.48,2,20,29,19,39.6,0,2/HD,,bandyje01
290,Daniel Descalso,29,COL,NL,67,62,43,517.2,284,176,101,7,38,.975,-1,-3,-2,-5,4.82,4.98,3.85,5.01,,,,,,,6H34/75D,,descada01
291,Tony Wolters,24,COL,NL,66,58,52,516.2,497,451,39,7,1,.986,0,0,4,9,8.54,8.68,7.10,8.13,3,28,27,12,30.8,0,2/H46,,wolteto01
292,Carlos Beltrán,39,2TM,AL,69,67,31,512.0,102,97,4,1,1,.990,4,9,-4,-9,1.78,2.15,1.46,2.12,,,,,,,D9H,AS,beltrca01
293,Shawn O'Malley,28,SEA,AL,81,49,37,511.1,199,91,105,3,21,.985,-4,-10,-1,-2,3.45,3.48,2.20,3.29,,,,,,,69H74/58D,,omallsh01
294,Keon Broxton,26,MIL,NL,68,58,48,511.0,147,143,0,4,0,.973,4,8,9,21,2.52,2.07,2.10,2.05,,,,,,,8H,,broxtke01
295,Greg Garcia,26,STL,NL,78,50,39,504.0,207,56,143,8,28,.961,-3,-6,0,0,3.55,3.89,2.29,3.69,,,,,,,H564,,garcigr01
296,Tyler Goeddel,23,PHI,NL,77,56,37,496.2,96,88,5,3,3,.969,-8,-19,-1,-2,1.69,2.07,1.21,2.05,,,,,,,7H9,,goeddty01
297,Chris Johnson,31,MIA,NL,90,50,31,495.2,403,365,35,3,38,.993,2,4,4,10,7.26,8.22,4.26,8.08,,,,,,,3H5/7,,johnsch05
298,Steve Pearce,33,2TM,AL,66,58,42,495.2,348,280,64,4,36,.989,-5,-13,1,2,6.25,6.56,4.99,6.55,,,,,,,34D/H795,,pearcst01
299,Carlos Ruiz,37,2TM,NL,56,55,52,493.0,514,466,44,4,6,.992,6,15,5,12,9.31,8.81,9.11,8.75,2,13,21,15,41.7,0,2/HD,,ruizca01
300,Andrew Romine,30,DET,AL,102,45,28,491.2,217,130,85,2,17,.991,1,1,2,5,3.94,3.76,1.85,3.95,,,,,,,58H364/D917,,rominan01
301,Chris Young,32,BOS,AL,69,53,46,491.0,103,103,0,0,0,1.000,2,6,3,7,1.89,2.15,1.49,2.12,,,,,,,7H/89D,,youngch04
302,José Peraza,22,CIN,NL,62,55,49,490.0,184,93,88,3,14,.984,-7,-16,-6,-15,3.32,3.52,2.83,3.54,,,,,,,684H/7D,,perazjo01
303,Desmond Jennings,29,TBR,AL,62,54,50,485.2,117,112,3,2,1,.983,1,2,7,17,2.13,2.15,1.85,2.12,,,,,,,78/HD,,jennide01
304,René Rivera,32,NYM,NL,60,54,47,482.2,536,496,38,2,5,.996,2,5,8,20,9.96,8.81,8.90,8.76,3,19,43,18,29.5,0,2/H3D,,riverre01
305,Aaron Altherr,25,PHI,NL,57,54,34,482.1,113,109,3,1,1,.991,4,9,3,7,2.09,2.07,1.96,2.05,,,,,,,978/H,,altheaa01
306,David Dahl,22,COL,NL,59,52,48,481.1,85,79,4,2,0,.976,-1,-3,-2,-5,1.55,2.07,1.41,2.05,,,,,,,7/8H9,,dahlda01
307,Ryan Goins,28,TOR,AL,74,51,39,481.0,275,105,165,5,36,.982,5,13,2,5,5.05,4.30,3.51,4.17,,,,,,,46/H53719D,,goinsry01
308,Franklin Gutierrez,33,SEA,AL,70,55,27,475.2,106,105,1,0,0,1.000,-3,-8,-7,-18,2.01,2.15,1.51,2.12,,,,,,,9HD/7,,gutiefr01
309,Chase d'Arnaud,29,ATL,NL,60,51,45,469.0,164,72,90,2,9,.988,0,0,-1,-3,3.11,3.35,2.57,3.29,,,,,,,H654/789,,darnach01
310,Tyler White,25,HOU,AL,62,51,42,469.0,441,411,26,4,32,.991,-2,-5,-1,-3,8.39,8.79,6.83,8.32,,,,,,,3DH/541,,whitety01
311,Austin Jackson,29,CHW,AL,54,52,51,465.0,123,118,3,2,2,.984,2,5,-5,-13,2.34,2.15,2.24,2.12,,,,,,,8/H,,jacksau01
312,Orlando Arcia,21,MIL,NL,53,53,50,464.2,263,98,160,5,31,.981,2,6,3,8,5.00,4.18,4.87,4.15,,,,,,,6/H,,arciaor01
313,Avisaíl García,25,CHW,AL,55,51,45,460.2,125,118,5,2,1,.984,11,28,3,8,2.40,2.15,2.24,2.12,,,,,,,D97/H,,garciav01
314,Iván De Jesús,29,CIN,NL,76,42,39,460.1,238,111,124,3,32,.987,2,4,-1,-3,4.59,4.54,2.97,4.68,,,,,,,H6453/7,,dejesiv02
315,Alejandro De Aza,32,NYM,NL,76,45,31,459.0,108,106,0,2,0,.981,0,1,1,3,2.08,2.07,1.39,2.05,,,,,,,H879,,deazaal01
316,Michael A. Taylor,25,WSN,NL,69,48,42,458.2,131,125,5,1,0,.992,2,4,-1,-3,2.55,2.07,1.88,2.05,,,,,,,8H/97,,taylomi02
317,Luis Sardiñas,23,2TM,2LG,61,53,42,455.1,218,70,141,7,36,.968,-11,-28,-8,-21,4.17,4.14,3.40,4.24,,,,,,,6H/43517,,sardilu01
318,Alex Avila,29,CHW,AL,54,52,43,453.0,437,414,21,2,3,.995,-2,-5,-1,-3,8.64,8.57,8.06,8.48,4,22,25,7,21.9,1,2/DH,,avilaal01
319,Roberto Pérez,27,CLE,AL,61,53,37,451.2,507,476,29,2,3,.996,7,19,9,24,10.06,8.57,8.28,8.48,3,10,13,13,50.0,2,2,,perezro02
320,Mallex Smith,23,ATL,NL,56,50,42,451.0,128,122,5,1,0,.992,11,29,8,21,2.53,2.07,2.27,2.05,,,,,,,87H/9,,smithma05
321,A.J. Ellis,35,2TM,NL,57,50,44,450.1,481,447,33,1,3,.998,0,0,-2,-5,9.59,8.81,8.42,8.75,3,16,30,11,26.8,0,2/H,,ellisaj01
322,David Ross,39,CHC,NL,58,50,36,448.2,486,433,44,9,3,.981,1,3,13,35,9.57,8.81,8.22,8.75,2,15,49,18,26.9,5,2H,,rossda01
323,Cliff Pennington,32,LAA,AL,72,44,32,448.1,229,94,133,2,36,.991,5,12,6,16,4.56,4.45,2.87,4.52,,,,,,,46H/35D,,pennicl01
324,Evan Gattis,29,HOU,AL,55,49,44,445.1,484,448,34,2,4,.996,-2,-5,3,8,9.74,8.57,8.76,8.48,5,42,15,13,46.4,0,D2H,,gattiev01
325,Mikie Mahtook,26,TBR,AL,61,50,38,444.2,109,106,3,0,1,1.000,2,4,1,3,2.21,2.15,1.79,2.12,,,,,,,789/HD,,mahtomi01
326,Mike Zunino,25,SEA,AL,52,48,44,443.2,415,400,15,0,0,1.000,2,5,8,22,8.42,8.57,7.98,8.48,3,12,19,7,26.9,1,2/HD,,zuninmi01
327,Cody Asche,26,PHI,NL,57,54,34,440.2,108,104,3,1,0,.991,1,4,-5,-14,2.19,2.07,1.88,2.05,,,,,,,7H,,ascheco01
328,Juan Centeno,26,MIN,AL,53,47,43,438.2,361,321,34,6,3,.983,-4,-11,-5,-14,7.28,8.57,6.70,8.48,5,33,18,3,14.3,0,2/HD,,centeju01
329,Rafael Ortega,25,LAA,AL,59,47,40,438.2,113,103,7,3,1,.973,-9,-24,-2,-5,2.26,2.15,1.86,2.12,,,,,,,7H8/9D,,ortegra01
330,Christian Vázquez,25,BOS,AL,56,49,42,438.2,450,423,25,2,3,.996,1,3,6,16,9.19,8.57,8.00,8.48,9,13,15,8,34.8,1,2/HD,,vazquch01
331,Tim Beckham,26,TBR,AL,53,48,41,438.1,215,95,116,4,31,.981,-2,-6,-1,-3,4.33,4.60,3.70,4.55,,,,,,,64H/53D,,beckhti01
332,Brett Eibner,27,2TM,AL,56,49,41,432.2,114,111,2,1,1,.991,14,40,1,3,2.35,2.15,2.02,2.12,,,,,,,987H/D,,eibnebr01
333,Oswaldo Arcia,25,3TM,2LG,56,50,39,432.2,110,105,3,2,0,.982,-8,-22,-7,-19,2.25,2.13,1.93,2.11,,,,,,,97H/D,,arciaos01
334,Ronald Torreyes,23,NYY,AL,63,47,33,427.1,155,39,113,3,19,.981,0,1,-2,-6,3.20,3.35,2.34,3.35,,,,,,,564H/D9,,torrero01
335,Kiké Hernández,24,LAD,NL,75,46,20,425.1,109,86,21,2,1,.982,3,9,3,8,2.26,2.43,1.34,2.48,,,,,,,H784/956D,,hernaen02
336,Delino DeShields,23,TEX,AL,59,49,32,424.0,106,102,1,3,0,.972,4,12,1,3,2.19,2.15,1.75,2.12,,,,,,,87H/D,,deshide02
337,Abraham Almonte,27,CLE,AL,58,45,28,420.2,83,75,6,2,1,.976,3,8,6,17,1.73,2.15,1.40,2.12,,,,,,,97H/8,,almonab01
338,Ryan Flaherty,29,BAL,AL,70,42,41,420.0,156,53,100,3,16,.981,0,1,5,14,3.28,3.10,2.15,3.46,,,,,,,56H/39714,,flahery01
339,Cristhian Adames,24,COL,NL,68,43,38,415.0,212,68,138,6,24,.972,-4,-10,-2,-6,4.47,4.15,2.99,3.95,,,,,,,H645,,adamecr01
340,Jorge Soler,24,CHC,NL,60,56,15,412.0,71,69,1,1,0,.986,-1,-3,-4,-12,1.53,2.07,1.17,2.05,,,,,,,7H/9D,,solerjo01
341,Chris Gimenez,33,CLE,AL,67,43,29,408.1,390,359,28,3,4,.992,-2,-5,-5,-15,8.53,8.39,5.69,8.04,5,16,17,6,26.1,1,2/351DH,,gimench01
342,Mike Aviles,35,DET,AL,61,43,30,403.1,99,54,39,6,8,.939,-5,-16,-9,-27,2.08,2.72,1.45,2.74,,,,,,,94H/5768D,,avilemi01
343,Matt Joyce,31,PIT,NL,66,44,26,402.2,82,81,1,0,0,1.000,-1,-2,-1,-3,1.83,2.07,1.24,2.05,,,,,,,H97/D,,joycema01
344,Jeremy Hazelbaker,28,STL,NL,73,38,27,402.1,83,79,0,4,0,.952,-2,-5,-3,-9,1.77,2.07,1.08,2.05,,,,,,,H78/9,,hazelje01
345,Nelson Cruz,35,SEA,AL,48,48,35,400.2,79,76,2,1,1,.987,3,8,-1,-3,1.75,2.15,1.63,2.12,,,,,,,D9,MVP-15,cruzne02
346,Alex Bregman,22,HOU,AL,45,45,38,399.2,140,36,94,10,12,.929,-1,-3,7,21,2.93,2.86,2.60,2.91,,,,,,,5/64D7H,,bregmal01
347,Robinson Chirinos,32,TEX,AL,54,46,38,399.0,311,287,23,1,2,.997,3,9,-2,-6,6.99,8.57,5.74,8.48,3,8,22,8,26.7,0,2/HD,,chiriro01
348,Christian Bethancourt,24,SDP,NL,53,42,34,398.1,298,263,32,3,3,.990,-2,-7,3,9,6.67,7.53,5.27,6.99,5,18,16,6,27.3,0,2H/791D4,,bethach01
349,Trevor Brown,24,SFG,NL,61,40,39,391.2,344,316,26,2,0,.994,-2,-6,-4,-12,7.86,8.80,5.61,8.65,4,18,24,7,22.6,1,2H/D5,,browntr01
350,Ramón Cabrera,26,CIN,NL,48,42,39,387.1,354,333,17,4,2,.989,-3,-9,-7,-22,8.13,8.81,7.29,8.75,2,21,31,8,20.5,0,2H,,cabrera01
351,Brett Wallace,29,SDP,NL,60,46,25,387.1,194,145,43,6,15,.969,-5,-16,-6,-19,4.37,4.56,3.03,4.59,,,,,,,H53/D,,wallabr01
352,David Peralta,28,ARI,NL,48,40,35,385.0,99,99,0,0,1,1.000,3,10,3,9,2.31,2.07,2.06,2.05,,,,,,,9/8H,,peralda01
353,Andrés Blanco,32,PHI,NL,62,36,27,381.2,176,82,88,6,19,.966,-2,-7,-10,-31,4.01,4.24,2.39,5.04,,,,,,,H5436/7,,blancan01
354,Austin Romine,27,NYY,AL,56,42,34,381.1,360,336,23,1,3,.997,-3,-8,-1,-3,8.47,8.60,6.41,8.52,2,15,20,4,16.7,0,2/3HD,,rominau01
355,Tyler Holt,27,CIN,NL,71,33,25,380.2,96,94,1,1,0,.990,-4,-12,-6,-19,2.25,2.07,1.34,2.04,,,,,,,H897/1,,holtty01
356,Tommy Pham,28,STL,NL,66,37,27,377.2,73,71,2,0,1,1.000,-8,-26,-6,-19,1.74,2.07,1.11,2.05,,,,,,,87H/9,,phamth01
357,Rob Refsnyder,25,NYY,AL,55,44,16,375.2,221,199,17,5,13,.977,1,4,0,0,5.17,5.58,3.54,5.20,,,,,,,39/4H75,,refsnro01
358,Adalberto Mondesí,20,KCR,AL,47,40,32,373.2,183,78,101,4,24,.978,-8,-24,-2,-6,4.31,4.48,3.65,4.40,,,,,,,4/6H,,mondera02
359,Shin-Soo Choo,33,TEX,AL,43,42,36,357.2,92,85,4,3,0,.967,-7,-23,-5,-17,2.24,2.15,2.07,2.12,,,,,,,9/DH,,choosh01
360,Caleb Joseph,30,BAL,AL,49,40,36,357.1,349,323,24,2,4,.994,2,7,3,10,8.74,8.57,6.94,8.49,2,14,22,10,31.3,1,2/3,,josepca01
361,Clint Robinson,31,WSN,NL,49,39,30,357.0,299,285,12,2,30,.993,-3,-11,-1,-3,7.49,8.70,6.06,8.57,,,,,,,H3/7D,,robincl01
362,Lucas Duda,30,NYM,NL,45,40,37,354.0,339,313,23,3,26,.991,0,-1,-1,-3,8.54,9.05,7.47,8.99,,,,,,,3/H,,dudalu01
363,Matt Szczur,26,CHC,NL,70,29,17,353.1,83,83,0,0,0,1.000,7,22,3,10,2.11,2.07,1.19,2.05,,,,,,,H789,,szczuma01
364,Yolmer Sánchez,24,CHW,AL,43,37,36,351.1,149,56,90,3,18,.980,0,1,-1,-3,3.74,4.26,3.40,4.16,,,,,,,4H/56D,,sanchca01
365,Kevin Plawecki,25,NYM,NL,45,38,37,349.2,345,321,20,4,2,.988,-1,-3,3,10,8.78,8.81,7.58,8.75,1,9,31,10,24.4,0,2/H,,plaweke01
366,Christian Colón,27,KCR,AL,49,39,31,348.2,172,54,117,1,18,.994,5,18,6,21,4.41,4.00,3.35,3.88,,,,,,,45/H6D,,colonch01
367,Juan Lagares,27,NYM,NL,71,31,26,344.1,102,100,1,1,0,.990,10,34,8,28,2.64,2.07,1.42,2.05,,,,,,,8H/97,,lagarju01
368,Ryan Raburn,35,COL,NL,54,48,13,343.2,75,66,6,3,3,.960,2,7,-2,-7,1.89,2.54,1.33,2.69,,,,,,,H7/D39,,raburry01
369,Josh Thole,29,TOR,AL,50,38,29,343.0,311,292,18,1,1,.997,-1,-3,1,3,8.13,8.57,6.20,8.48,17,9,18,6,25.0,0,2/H,,tholejo01
370,Nick Franklin,25,TBR,AL,43,39,32,336.2,145,112,27,6,11,.959,-3,-11,-7,-25,3.72,4.03,2.96,4.02,,,,,,,7H/34D96,,frankni01
371,Conor Gillaspie,28,SFG,NL,52,37,17,336.2,106,40,64,2,9,.981,4,14,5,18,2.78,3.14,2.00,3.37,,,,,,,H5/3,,gillaco01
372,Omar Infante,34,KCR,AL,39,38,38,335.2,172,66,102,4,17,.977,-5,-19,-4,-14,4.50,4.49,4.31,4.44,,,,,,,4,,infanom01
373,Drew Butera,32,KCR,AL,55,34,34,328.2,312,290,16,6,1,.981,-1,-4,-7,-26,8.38,8.54,5.56,8.24,1,19,15,5,25.0,0,2/13H,,buterdr01
374,Alexi Amarista,27,SDP,NL,54,31,24,328.1,135,61,72,2,19,.985,-4,-14,-2,-7,3.65,3.85,2.38,3.79,,,,,,,4H6/5791,,amarial01
375,Hank Conger,28,TBR,AL,47,38,28,325.0,319,300,16,3,1,.991,-4,-15,-3,-11,8.75,8.57,6.72,8.48,2,16,35,8,18.6,1,2/H,,congeha01
376,Chris Herrmann,28,ARI,NL,42,35,33,324.0,259,237,20,2,2,.992,1,4,0,0,7.14,7.65,6.12,7.33,3,10,11,7,38.9,0,2H/9738,,herrmch01
377,Bryan Holaday,28,2TM,AL,43,35,31,320.0,241,220,20,1,6,.996,2,9,3,11,6.75,8.46,5.58,8.03,1,9,13,8,38.1,0,2/H157D,,holadbr01
378,David Wright,33,NYM,NL,36,36,35,317.1,85,23,58,4,5,.953,-10,-38,-5,-19,2.30,2.52,2.25,2.50,,,,,,,5/H,,wrighda03
379,Tyler Collins,26,DET,AL,50,32,27,316.2,82,79,2,1,1,.988,-7,-27,-5,-19,2.30,2.15,1.62,2.12,,,,,,,8H7/9D,,collity01
380,Gary Sánchez,23,NYY,AL,36,36,33,316.0,341,304,34,3,1,.991,3,11,3,11,9.63,8.57,9.39,8.48,6,15,19,13,40.6,2,2D,ROY-2,sanchga02
381,Luke Maile,25,TBR,AL,41,34,30,315.0,321,290,28,3,2,.991,1,2,6,23,9.09,8.59,7.76,8.52,4,12,18,7,28.0,2,2/3DH,,mailelu01
382,Dansby Swanson,22,ATL,NL,37,36,34,313.0,129,44,79,6,17,.953,-3,-10,3,12,3.54,4.18,3.32,4.15,,,,,,,6/H,,swansda01
383,Jeff Mathis,33,MIA,NL,38,36,30,310.0,339,304,32,3,3,.991,0,0,8,31,9.75,8.81,8.84,8.75,1,14,23,10,30.3,1,2/H,,mathije01
384,Eric Fryer,30,2TM,NL,54,31,26,306.1,296,274,19,3,1,.990,-2,-8,-1,-4,8.61,8.81,5.43,8.75,3,15,21,7,25.0,1,2H,,fryerer01
385,Jimmy Rollins,37,CHW,AL,35,34,31,299.0,135,47,86,2,18,.985,-5,-19,-6,-24,4.00,4.17,3.80,4.13,,,,,,,6/DH,,rolliji01
386,Stephen Drew,33,WSN,NL,44,30,21,298.1,128,49,76,3,14,.977,1,3,0,0,3.77,3.90,2.78,3.90,,,,,,,H456/D,,drewst01
387,Phil Gosselin,27,ARI,NL,50,32,19,295.1,153,89,64,0,15,1.000,0,2,1,4,4.66,4.77,2.83,4.53,,,,,,,H45/379D,,gosseph01
388,Adam Frazier,24,PIT,NL,49,27,16,293.0,90,45,39,6,9,.933,0,-2,-3,-12,2.58,2.96,1.47,2.84,,,,,,,H749/58,,fraziad01
389,Max Muncy,25,OAK,AL,43,33,22,285.0,109,53,55,1,10,.991,-3,-11,0,0,3.41,3.47,2.51,3.26,,,,,,,49H/7D5,,muncyma01
390,Shane Robinson,31,LAA,AL,55,28,17,284.2,90,87,2,1,0,.989,6,24,7,30,2.81,2.15,1.62,2.12,,,,,,,78H/9D,,robinsh01
391,Daniel Castro,23,ATL,NL,40,29,23,282.0,129,43,86,0,18,1.000,-4,-15,1,4,4.12,4.01,2.87,3.97,,,,,,,64/5H,,castrda01
392,Jose Lobaton,31,WSN,NL,38,32,23,277.2,310,293,16,1,1,.997,0,0,2,9,10.02,8.81,8.13,8.75,6,7,18,7,28.0,0,2/H,,lobatjo01
393,Omar Narváez,24,CHW,AL,34,30,26,269.0,266,253,11,2,0,.992,-6,-27,-2,-9,8.83,8.57,7.76,8.48,1,21,23,2,8.0,0,2/H,,narvaom01
394,Michael Martínez,33,2TM,AL,55,22,16,266.0,87,49,34,4,10,.954,0,2,3,14,2.81,3.21,1.43,3.18,,,,,,,4H89/76D5,,martimi02
395,Daniel Nava,33,2TM,AL,43,33,12,266.0,84,79,5,0,2,1.000,-7,-31,-7,-32,2.84,2.71,1.95,3.06,,,,,,,7H/39D,,navada01
396,Jiman Choi,25,LAA,AL,39,29,18,265.0,165,153,11,1,15,.994,1,5,0,0,5.57,6.06,3.49,6.00,,,,,,,37H/D,,choiji01
397,Ryan Hanigan,35,BOS,AL,34,30,24,264.0,284,258,26,0,3,1.000,-5,-23,-3,-14,9.68,8.57,8.35,8.48,18,15,18,7,28.0,0,2/DH,,hanigry01
398,Andrew Benintendi,21,BOS,AL,32,30,27,261.2,56,55,0,1,0,.982,2,10,1,5,1.89,2.15,1.72,2.12,,,,,,,7/8H,,beninan01
399,Jimmy Paredes,27,2TM,2LG,41,27,11,260.0,70,59,8,3,1,.957,-1,-5,3,14,2.32,2.22,1.63,2.20,,,,,,,H79/45D,,paredji01
400,Josh Bell,23,PIT,NL,36,33,14,258.2,192,174,14,4,11,.979,-6,-27,-11,-51,6.54,6.12,4.82,6.14,,,,,,,39H,,belljo02
401,Mitch Haniger,25,ARI,NL,31,29,22,257.2,65,62,2,1,0,.985,-1,-3,-1,-5,2.24,2.07,2.06,2.05,,,,,,,8/79H,,hanigmi01
402,Tommy La Stella,27,CHC,NL,41,31,11,257.2,69,23,41,5,6,.928,-2,-7,-3,-14,2.24,2.92,1.52,2.94,,,,,,,H5/4,,lasteto01
403,Jarrett Parker,27,SFG,NL,37,27,20,257.0,54,53,1,0,0,1.000,1,2,-3,-14,1.89,2.07,1.46,2.05,,,,,,,H97/D8,,parkeja03
404,Teoscar Hernández,23,HOU,AL,38,28,18,256.0,49,46,1,2,0,.959,-2,-9,1,5,1.65,2.15,1.24,2.12,,,,,,,78/H9,,hernate01
405,Marlon Byrd,38,CLE,AL,31,30,15,254.2,45,42,3,0,1,1.000,2,8,0,0,1.59,2.15,1.45,2.12,,,,,,,97/HD,,byrdma01
406,Kennys Vargas,25,MIN,AL,32,28,25,250.2,255,240,14,1,27,.996,1,6,1,5,9.12,8.97,7.94,8.87,,,,,,,3D/H,,vargake01
407,Tony Kemp,24,HOU,AL,44,25,14,250.0,45,36,7,2,1,.956,-2,-12,-2,-10,1.55,2.32,0.98,2.38,,,,,,,7H/D489,,kempto01
408,Chris Stewart,34,PIT,NL,32,26,22,246.2,206,193,11,2,1,.990,-3,-15,-5,-24,7.44,8.81,6.38,8.76,4,14,11,4,26.7,0,2/H3,,stewach01
409,Chris Heisey,31,WSN,NL,44,21,18,245.0,59,59,0,0,0,1.000,1,4,-1,-5,2.17,2.07,1.34,2.05,,,,,,,H79/8D,,heisech01
410,Mac Williamson,25,SFG,NL,36,28,19,241.2,65,62,1,2,0,.969,5,27,4,20,2.35,2.07,1.75,2.05,,,,,,,9H7/D,,willima11
411,Anthony Gose,25,DET,AL,30,27,23,238.0,60,59,1,0,0,1.000,-6,-28,-4,-20,2.27,2.15,2.00,2.12,,,,,,,8,,gosean01
412,Albert Almora,22,CHC,NL,41,22,20,237.0,75,74,1,0,2,1.000,6,28,3,15,2.85,2.07,1.83,2.05,,,,,,,8H/79,,almoral01
413,Guillermo Heredia,25,SEA,AL,43,18,10,234.2,70,66,3,1,1,.986,4,21,4,20,2.65,2.15,1.60,2.12,,,,,,,79/H8,,heredgu01
414,Tuffy Gosewisch,32,ARI,NL,31,27,23,234.0,262,241,20,1,1,.996,-3,-15,-3,-15,10.04,8.81,8.42,8.75,3,16,12,4,25.0,0,2/H,,gosewtu01
415,Drew Stubbs,31,3TM,2LG,49,20,11,234.0,46,45,0,1,0,.978,-13,-66,-5,-26,1.73,2.12,0.92,2.10,,,,,,,H798/D,,stubbdr01
416,Albert Pujols,36,LAA,AL,28,28,23,233.2,218,200,16,2,20,.991,-1,-6,-2,-10,8.32,8.97,7.71,8.87,,,,,,,*D3/H,,pujolal01
417,Alex Presley,30,2TM,2LG,30,26,20,232.2,62,60,1,1,0,.984,-2,-10,-3,-15,2.36,2.07,2.03,2.05,,,,,,,H79/8,,preslal01
418,AJ Reed,23,HOU,AL,35,27,19,232.0,229,214,13,2,20,.991,1,3,-1,-5,8.81,8.97,6.49,8.87,,,,,,,3/DH,,reedaj01
419,David Price,30,BOS,AL,35,35,2,230.0,27,5,22,0,2,1.000,,,2,2,1.06,1.41,0.77,1.39,,,,,,,1,,priceda01
420,Anthony Recker,32,ATL,NL,28,26,26,229.2,190,179,10,1,4,.995,-1,-5,-7,-37,7.41,8.81,6.75,8.75,2,10,29,8,21.6,0,2/H,,reckean01
421,Max Scherzer,31,WSN,NL,34,34,1,228.1,32,12,19,1,1,.969,,,1,1,1.22,1.59,0.91,1.58,,,,,,,1,ASCYA-1MVP-10,scherma01
422,Justin Verlander,33,DET,AL,34,34,2,227.2,37,7,29,1,2,.973,,,7,6,1.42,1.41,1.06,1.39,,,,,,,1,CYA-2MVP-17,verlaju01
423,Brandon Barnes,30,COL,NL,43,20,19,227.1,51,47,3,1,1,.980,3,15,6,32,1.98,2.07,1.16,2.05,,,,,,,78H/9,,barnebr02
424,Madison Bumgarner,26,SFG,NL,34,34,4,226.2,22,1,21,0,1,1.000,,,3,3,0.87,1.59,0.65,1.58,,,,,,,1/H,ASCYA-4MVP-16,bumgama01
425,Chris Sale,27,CHW,AL,32,32,6,226.2,31,12,19,0,1,1.000,,,0,0,1.23,1.41,0.97,1.39,,,,,,,1,ASCYA-5MVP-16,salech01
426,Erik Kratz,36,2TM,2LG,32,24,17,224.1,192,175,15,2,1,.990,2,9,1,5,7.62,8.66,5.76,8.21,2,9,9,8,47.1,1,2/13DH,,kratzer01
427,Rick Porcello,27,BOS,AL,33,33,3,223.0,22,6,15,1,0,.955,,,-2,-2,0.85,1.41,0.64,1.39,,,,,,,1,CYA-1,porceri01
428,T.J. Rivera,27,NYM,NL,32,23,19,222.2,95,36,56,3,13,.968,-4,-19,1,5,3.72,4.20,2.56,4.17,,,,,,,4/5H3,,rivertj01
429,Mike Moustakas,27,KCR,AL,26,26,24,221.0,71,29,40,2,4,.972,3,15,1,5,2.81,2.66,2.65,2.63,,,,,,,5/H,,moustmi01
430,Yuli Gurriel,32,HOU,AL,27,25,21,220.0,83,48,34,1,10,.988,1,5,3,16,3.35,3.67,3.04,3.77,,,,,,,5/D3H7,,gourryu01
431,Johnny Cueto,30,SFG,NL,32,32,5,219.2,48,21,25,2,0,.958,,,3,3,1.88,1.59,1.44,1.58,,,,,,,1,ASCYA-6MVP-26,cuetojo01
432,Kaleb Cowart,24,LAA,AL,30,23,15,216.0,94,32,59,3,12,.968,1,5,1,6,3.79,3.50,2.46,3.53,,,,,,,54/H3,,cowarka01
433,Aaron Judge,24,NYY,AL,27,24,21,216.0,38,35,2,1,0,.974,-2,-9,0,0,1.54,2.15,1.37,2.12,,,,,,,9/H,,judgeaa01
434,Rickie Weeks,33,ARI,NL,38,26,13,215.2,41,36,2,3,0,.927,-7,-37,-7,-39,1.59,2.07,1.00,2.05,,,,,,,H7/D9,,weeksri01
435,Corey Kluber,30,CLE,AL,32,32,3,215.0,37,19,17,1,1,.973,,,3,3,1.51,1.41,1.13,1.39,,,,,,,1,ASCYA-3MVP-19,klubeco01
436,Bruce Maxwell,25,OAK,AL,29,25,19,215.0,188,178,9,1,1,.995,-3,-17,-1,-6,7.83,8.57,6.45,8.48,0,12,8,0,0.0,0,2/HD,,maxwebr01
437,Sócrates Brito,23,ARI,NL,36,23,13,214.1,50,46,1,3,0,.940,0,0,2,11,1.97,2.07,1.31,2.05,,,,,,,89/7H,,britoso01
438,Kelby Tomlinson,26,SFG,NL,30,24,13,214.1,88,29,56,3,11,.966,4,22,1,6,3.57,4.15,2.66,4.04,,,,,,,H4/657,,tomlike01
439,Casey McGehee,33,DET,AL,28,23,22,212.0,52,17,35,0,2,1.000,1,3,0,0,2.21,2.69,1.86,2.85,,,,,,,5/H3,,mcgehca01
440,Joey Wendle,26,OAK,AL,28,24,20,210.2,118,45,71,2,20,.983,2,13,3,17,4.96,4.49,4.14,4.44,,,,,,,4/H,,wendljo01
441,Nick Buss,29,LAA,AL,31,23,18,210.0,40,39,1,0,0,1.000,-3,-16,1,6,1.71,2.15,1.29,2.12,,,,,,,7/H98D,,bussni01
442,Tanner Roark,29,WSN,NL,34,33,0,210.0,46,9,36,1,5,.978,,,0,0,1.93,1.59,1.32,1.58,,,,,,,1,CYA-10,roarkta01
443,Jose Quintana,27,CHW,AL,32,32,0,208.0,22,3,18,1,3,.955,,,4,4,0.91,1.41,0.66,1.39,,,,,,,1,ASCYA-10,quintjo01
444,John Ryan Murphy,25,MIN,AL,25,23,19,207.1,200,187,12,1,0,.995,0,0,-1,-6,8.64,8.57,7.96,8.48,3,15,8,5,38.5,0,2/H,,murphjr01
445,Scott Van Slyke,29,LAD,NL,35,22,14,207.1,82,76,4,2,2,.976,1,3,3,17,3.47,3.28,2.22,3.40,,,,,,,H79/38,,vanslsc01
446,ByungHo Park,29,MIN,AL,24,24,22,206.2,207,189,17,1,25,.995,1,3,-1,-6,8.97,8.97,8.58,8.87,,,,,,,D3/H,,parkby01
447,Andrew Toles,24,LAD,NL,32,23,15,204.2,60,55,3,2,0,.967,-3,-16,5,29,2.55,2.07,1.81,2.05,,,,,,,H7/89,,tolesan01
448,Marcus Stroman,25,TOR,AL,32,32,0,204.0,45,12,29,4,2,.911,,,-1,-1,1.81,1.41,1.28,1.39,,,,,,,1,,stromma01
449,Jeff Samardzija,31,SFG,NL,32,32,1,203.1,26,7,18,1,1,.962,,,0,0,1.11,1.59,0.78,1.58,,,,,,,1/H,,samarje01
450,Jon Lester,32,CHC,NL,32,32,2,202.2,35,18,17,0,1,1.000,,,0,0,1.55,1.59,1.09,1.58,,,,,,,1/H,ASCYA-2,lestejo01
451,Tyler Austin,24,NYY,AL,29,22,15,201.2,185,170,15,0,17,1.000,-3,-15,-1,-6,8.26,8.47,5.78,7.82,,,,,,,3/9H7D,,austity01
452,Chris Archer,27,TBR,AL,33,33,0,201.1,35,14,19,2,0,.943,,,-3,-3,1.48,1.41,1.00,1.39,,,,,,,1,,archech01
453,Cole Hamels,32,TEX,AL,32,32,0,200.2,30,9,18,3,0,.900,,,-4,-4,1.21,1.41,0.84,1.39,,,,,,,1,AS,hamelco01
454,Taylor Motter,26,TBR,AL,29,21,15,200.1,78,30,46,2,12,.974,1,4,3,18,3.41,3.53,2.24,3.30,,,,,,,/67H49513D,,motteta01
455,Josh Phegley,28,OAK,AL,26,23,19,200.1,177,164,13,0,1,1.000,-2,-12,-3,-18,7.95,8.55,6.81,8.21,3,14,8,1,11.1,0,2/1H,,phegljo01
456,Masahiro Tanaka,27,NYY,AL,31,31,0,199.2,42,11,30,1,1,.976,,,5,5,1.85,1.41,1.32,1.39,,,,,,,1,CYA-7,tanakma01
457,Hisashi Iwakuma,35,SEA,AL,33,33,0,199.0,30,11,19,0,1,1.000,,,2,2,1.36,1.41,0.91,1.39,,,,,,,1,,iwakuhi01
458,Martín Pérez,25,TEX,AL,33,33,0,198.2,35,9,25,1,3,.971,,,-2,-2,1.54,1.41,1.03,1.39,,,,,,,1,,perezma02
459,Adam Wainwright,34,STL,NL,33,33,1,198.2,41,19,22,0,1,1.000,,,0,0,1.86,1.59,1.24,1.58,,,,,,,1/H,,wainwad01
460,Matt Moore,27,2TM,2LG,33,33,0,198.1,28,8,18,2,2,.929,,,-1,-1,1.18,1.47,0.79,1.46,,,,,,,1,,moorema02
461,Ricky Nolasco,33,2TM,AL,32,32,1,197.2,35,10,23,2,2,.943,,,2,2,1.50,1.41,1.03,1.39,,,,,,,1,,nolasri01
462,Jake Arrieta,30,CHC,NL,31,31,1,197.1,55,12,40,3,6,.945,,,4,4,2.37,1.59,1.68,1.58,,,,,,,1,ASCYA-9SS,arrieja01
463,Jerad Eickhoff,25,PHI,NL,33,33,0,197.1,45,18,26,1,4,.978,,,3,3,2.01,1.59,1.33,1.58,,,,,,,1,,eickhje01
464,Ian Kennedy,31,KCR,AL,33,33,0,195.2,17,9,8,0,2,1.000,,,-1,-1,0.78,1.41,0.52,1.39,,,,,,,1,,kenneia01
465,Carlos Martínez,24,STL,NL,31,31,0,195.1,45,25,17,3,3,.933,,,-1,-1,1.94,1.59,1.35,1.58,,,,,,,1/H,,martica04
466,J.A. Happ,33,TOR,AL,32,32,0,195.0,32,6,26,0,0,1.000,,,3,3,1.48,1.41,1.00,1.39,,,,,,,1,CYA-6,happja01
467,Steven Moya,24,DET,AL,26,24,11,193.1,45,38,4,3,2,.933,-4,-24,-6,-37,1.96,2.15,1.62,2.12,,,,,,,9/7HD,,moyast01
468,Geovany Soto,33,LAA,AL,25,22,21,193.0,157,147,8,2,0,.987,-1,-4,-3,-19,7.23,8.55,6.20,8.26,1,9,25,6,19.4,0,2/35H,,sotoge01
469,Aaron Sanchez,23,TOR,AL,30,30,0,192.0,50,16,32,2,1,.960,,,2,2,2.25,1.41,1.60,1.39,,,,,,,1,ASCYA-7,sanchaa01
470,Bartolo Colon,43,NYM,NL,34,33,0,191.2,55,12,40,3,5,.945,,,8,8,2.44,1.59,1.53,1.58,,,,,,,1,AS,colonba01
471,Dan Straily,27,CIN,NL,34,31,0,191.1,17,5,12,0,0,1.000,,,0,0,0.80,1.59,0.50,1.58,,,,,,,1,,straida01
472,Trevor Bauer,25,CLE,AL,35,28,1,190.0,36,17,19,0,0,1.000,,,0,0,1.71,1.41,1.03,1.39,,,,,,,1,,bauertr01
473,Kyle Hendricks,26,CHC,NL,31,30,2,190.0,46,16,30,0,2,1.000,,,3,3,2.18,1.59,1.48,1.58,,,,,,,1/H,CYA-3MVP-23,hendrky01
474,Matt Reynolds,25,NYM,NL,32,20,14,190.0,85,28,55,2,13,.976,2,9,-1,-6,3.93,4.01,2.52,3.79,,,,,,,6H/547,,reynoma03
475,Edinson Vólquez,32,KCR,AL,34,34,0,189.1,39,13,25,1,0,.974,,,-3,-3,1.81,1.41,1.12,1.39,,,,,,,1,,volqued01
476,Jeremy Hellickson,29,PHI,NL,32,32,1,189.0,36,8,28,0,3,1.000,,,3,3,1.71,1.59,1.13,1.58,,,,,,,1,,hellije01
477,John Lackey,37,CHC,NL,29,29,0,188.1,32,13,19,0,1,1.000,,,-3,-3,1.53,1.59,1.10,1.58,,,,,,,1,,lackejo01
478,Julio Teheran,25,ATL,NL,30,30,1,188.0,40,11,28,1,2,.975,,,0,0,1.87,1.59,1.30,1.58,,,,,,,1/H,AS,teherju01
479,Jake Odorizzi,26,TBR,AL,33,33,0,187.2,27,11,14,2,2,.926,,,1,1,1.20,1.41,0.76,1.39,,,,,,,1,,odorija01
480,Chad Bettis,27,COL,NL,32,32,1,186.0,45,12,31,2,1,.956,,,-2,-2,2.08,1.59,1.34,1.58,,,,,,,1,,bettich01
481,Kendall Graveman,25,OAK,AL,31,31,2,186.0,42,15,27,0,2,1.000,,,2,2,2.03,1.41,1.35,1.39,,,,,,,1,,graveke01
482,Yordano Ventura,25,KCR,AL,32,32,2,186.0,38,6,27,5,1,.868,,,0,0,1.60,1.41,1.03,1.39,,,,,,,1,,ventuyo01
483,Collin McHugh,29,HOU,AL,33,33,1,184.2,30,11,19,0,2,1.000,,,1,1,1.46,1.41,0.91,1.39,,,,,,,1,,mchugco01
484,Eric Campbell,29,NYM,NL,30,20,16,184.1,138,119,18,1,11,.993,-1,-4,1,7,6.69,7.26,4.42,6.94,,,,,,,3H/574,,campber01
485,Noah Syndergaard,23,NYM,NL,31,30,0,183.2,36,11,21,4,0,.889,,,-7,-8,1.57,1.59,1.03,1.58,,,,,,,1,ASCYA-8MVP-19,syndeno01
486,Ben Paulsen,28,COL,NL,30,21,12,183.0,159,153,5,1,10,.994,-2,-12,-5,-33,7.77,7.88,5.27,7.37,,,,,,,3H/7,,paulsbe01
487,José Fernández,23,MIA,NL,29,29,0,182.1,24,7,15,2,0,.917,,,-2,-2,1.09,1.59,0.76,1.58,,,,,,,1/H,ASCYA-7,fernajo02
488,Ramiro Peña,30,SFG,NL,27,20,11,182.1,83,25,53,5,12,.940,0,-2,0,0,3.85,3.98,2.36,3.76,,,,,,,45/H6,,penara02
489,Héctor Santiago,28,2TM,AL,33,33,0,182.0,25,9,15,1,1,.960,,,1,1,1.19,1.41,0.73,1.39,,,,,,,1,,santihe01
490,James Shields,34,2TM,2LG,33,33,1,181.2,30,8,18,4,0,.867,,,-3,-3,1.29,1.48,0.79,1.45,,,,,,,1,,shielja02
491,Ervin Santana,33,MIN,AL,30,30,2,181.1,29,20,8,1,3,.966,,,0,0,1.39,1.41,0.93,1.39,,,,,,,1,,santaer01
492,Doug Fister,32,HOU,AL,32,32,0,180.1,31,11,18,2,1,.935,,,1,1,1.45,1.41,0.91,1.39,,,,,,,1,,fistedo01
493,Danny Duffy,27,KCR,AL,42,26,1,179.2,22,1,18,3,0,.864,,,-1,-1,0.95,1.41,0.45,1.39,,,,,,,1,,duffyda01
494,Kevin Gausman,25,BAL,AL,30,30,0,179.2,21,5,14,2,1,.905,,,-1,-1,0.95,1.41,0.63,1.39,,,,,,,1,,gausmke01
495,CC Sabathia,35,NYY,AL,30,30,0,179.2,24,2,18,4,2,.833,,,-2,-2,1.00,1.41,0.67,1.39,,,,,,,1,,sabatc.01
496,Jimmy Nelson,27,MIL,NL,32,32,0,179.1,39,8,26,5,1,.872,,,-7,-8,1.71,1.59,1.06,1.58,,,,,,,1,,nelsoji02
497,Jered Weaver,33,LAA,AL,31,31,1,178.0,14,6,7,1,1,.929,,,-4,-4,0.66,1.41,0.42,1.39,,,,,,,1,,weaveje02
498,Gio González,30,WSN,NL,32,32,0,177.1,40,13,26,1,0,.975,,,-2,-2,1.98,1.59,1.22,1.58,,,,,,,1,,gonzagi01
499,Tom Koehler,30,MIA,NL,33,33,0,176.2,17,4,12,1,0,.941,,,-3,-3,0.82,1.59,0.48,1.58,,,,,,,1,,koehlto01
500,Mike Leake,28,STL,NL,30,30,0,176.2,65,24,37,4,5,.938,,,3,3,3.11,1.59,2.03,1.58,,,,,,,1/H,,leakemi01
501,Marco Estrada,32,TOR,AL,29,29,0,176.0,22,8,14,0,1,1.000,,,0,0,1.13,1.41,0.76,1.39,,,,,,,1,AS,estrama01
502,Kenta Maeda,28,LAD,NL,32,32,0,175.2,44,17,24,3,4,.932,,,7,8,2.10,1.59,1.28,1.58,,,,,,,1/H,ROY-3,maedake01
503,Michael Pineda,27,NYY,AL,32,32,0,175.2,33,9,22,2,1,.939,,,1,1,1.59,1.41,0.97,1.39,,,,,,,1,,pinedmi01
504,Drew Smyly,27,TBR,AL,30,30,0,175.1,27,6,20,1,1,.963,,,2,2,1.33,1.41,0.87,1.39,,,,,,,1,,smylydr01
505,Rubén Tejada,26,2TM,NL,33,17,11,175.0,65,10,49,6,8,.908,0,-3,0,0,3.03,2.97,1.69,3.04,,,,,,,5/H641,,tejadru01
506,Robbie Ray,24,ARI,NL,32,32,0,174.1,23,3,18,2,3,.913,,,-1,-1,1.08,1.59,0.66,1.58,,,,,,,1,,rayro02
507,Josh Tomlin,31,CLE,AL,30,29,0,174.0,41,16,22,3,1,.927,,,0,0,1.97,1.41,1.27,1.39,,,,,,,1,,tomlijo01
508,Brandon Finnegan,23,CIN,NL,31,31,1,172.0,18,5,12,1,0,.944,,,-2,-2,0.89,1.59,0.55,1.58,,,,,,,1/H,,finnebr01
509,Chris Tillman,28,BAL,AL,30,30,0,172.0,20,5,13,2,1,.900,,,0,0,0.94,1.41,0.60,1.39,,,,,,,1,,tillmch01
510,Jaime García,29,STL,NL,32,30,1,171.2,38,7,28,3,1,.921,,,1,1,1.83,1.59,1.09,1.58,,,,,,,1,,garcija02
511,Drew Pomeranz,27,2TM,2LG,31,30,0,170.2,21,2,17,2,0,.905,,,1,1,1.00,1.52,0.61,1.50,,,,,,,1,AS,pomerdr01
512,R.A. Dickey,41,TOR,AL,30,29,0,169.2,35,3,31,1,2,.971,,,7,8,1.80,1.41,1.13,1.39,,,,,,,1/H,,dicker.01
513,Steve Clevenger,30,SEA,AL,20,20,16,169.0,165,152,11,2,0,.988,1,7,-2,-14,8.68,8.57,8.15,8.48,1,4,11,5,31.3,0,2/HD,,clevest01
514,Mike Fiers,31,HOU,AL,31,30,0,168.2,26,13,12,1,0,.962,,,2,2,1.33,1.41,0.81,1.39,,,,,,,1,,fiersmi01
515,Dustin Garneau,28,COL,NL,23,18,16,168.0,146,134,11,1,0,.993,2,14,0,0,7.77,8.81,6.30,8.75,0,5,10,6,37.5,1,2/H,,garnedu01
516,Jon Gray,24,COL,NL,29,29,1,168.0,19,8,10,1,0,.947,,,-2,-2,0.96,1.59,0.62,1.58,,,,,,,1,ROY-6,grayjo02
517,Dallas Keuchel,28,HOU,AL,26,26,1,168.0,32,5,27,0,2,1.000,,,5,6,1.71,1.41,1.23,1.39,,,,,,,1,GG,keuchda01
518,Logan Schafer,29,MIN,AL,22,19,15,167.1,40,38,2,0,0,1.000,4,25,0,0,2.15,2.15,1.82,2.12,,,,,,,7/9H8D,,schaflo01
519,Jason Hammel,33,CHC,NL,30,30,0,166.2,41,16,24,1,2,.976,,,0,0,2.16,1.59,1.33,1.58,,,,,,,1/H,,hammeja01
520,David Lough,30,PHI,NL,23,17,12,166.0,39,38,1,0,0,1.000,-2,-15,1,7,2.11,2.07,1.70,2.05,,,,,,,79/H,,loughda01
521,Wade Miley,29,2TM,AL,30,30,1,166.0,23,2,21,0,0,1.000,,,3,4,1.25,1.41,0.77,1.39,,,,,,,1,,mileywa01
522,Blake Swihart,24,BOS,AL,19,19,18,165.2,93,89,4,0,0,1.000,4,28,0,0,5.05,4.17,4.89,4.13,3,4,3,1,25.0,0,7/2,,swihabl01
523,Carlos Rodón,23,CHW,AL,28,28,0,165.0,17,5,11,1,0,.941,,,-6,-7,0.87,1.41,0.57,1.39,,,,,,,1,,rodonca01
524,Zach Davies,23,MIL,NL,28,28,0,163.1,31,8,21,2,0,.935,,,0,0,1.60,1.59,1.04,1.58,,,,,,,1,,davieza02
525,Francisco Liriano,32,2TM,2LG,31,29,0,163.0,27,2,21,4,3,.852,,,-1,-1,1.27,1.53,0.74,1.52,,,,,,,1/H,,liriafr01
526,Yadiel Rivera,24,MIL,NL,32,16,12,162.0,88,33,50,5,11,.943,-3,-21,2,15,4.61,3.78,2.52,3.56,,,,,,,54/H6,,riverya01
527,Iván Nova,29,2TM,2LG,32,26,3,162.0,24,10,12,2,2,.917,,,-4,-5,1.22,1.48,0.69,1.46,,,,,,,1,,novaiv01
528,Matt Shoemaker,29,LAA,AL,27,27,1,160.0,34,9,23,2,4,.941,,,0,0,1.80,1.41,1.19,1.39,,,,,,,1,,shoemma01
529,Michael Fulmer,23,DET,AL,26,26,1,159.0,30,16,13,1,2,.967,,,-3,-4,1.64,1.41,1.12,1.39,,,,,,,1,CYA-10ROY-1,fulmemi01
530,Zack Greinke,32,ARI,NL,26,26,1,158.2,49,20,28,1,4,.980,,,6,8,2.72,1.59,1.85,1.58,,,,,,,1/H,GG,greinza01
531,Tyler Chatwood,26,COL,NL,27,27,0,158.0,37,13,22,2,2,.946,,,1,1,1.99,1.59,1.30,1.58,,,,,,,1,,chatwty01
532,Matt Wisler,23,ATL,NL,27,26,0,156.2,25,7,18,0,0,1.000,,,0,0,1.44,1.59,0.93,1.58,,,,,,,1/H,,wislema01
533,Steven Wright,31,BOS,AL,24,24,4,156.2,39,8,28,3,5,.923,,,3,4,2.07,1.41,1.50,1.39,,,,,,,1/H,AS,wrighst01
534,Patrick Corbin,26,ARI,NL,36,24,0,155.2,21,3,17,1,0,.952,,,-1,-1,1.16,1.59,0.56,1.58,,,,,,,1/H,,corbipa01
535,Félix Hernández,30,SEA,AL,25,25,0,153.1,28,6,20,2,1,.929,,,-2,-3,1.53,1.41,1.04,1.39,,,,,,,1,,hernafe02
536,Aníbal Sánchez,32,DET,AL,35,26,0,153.1,28,13,13,2,1,.929,,,-3,-4,1.53,1.41,0.74,1.39,,,,,,,1,,sanchan01
537,Chase Anderson,28,MIL,NL,31,30,0,151.2,28,8,19,1,1,.964,,,4,5,1.60,1.59,0.87,1.58,,,,,,,1,,anderch01
538,Carl Crawford,34,LAD,NL,21,18,10,151.0,28,28,0,0,0,1.000,-2,-15,-4,-32,1.67,2.07,1.33,2.05,,,,,,,7/HD,,crawfca02
539,Hanser Alberto,23,TEX,AL,29,14,12,150.2,93,35,57,1,15,.989,7,57,4,32,5.50,4.22,3.07,4.27,,,,,,,H5/64D3,,alberha01
540,Clayton Kershaw,28,LAD,NL,21,21,3,149.0,18,2,15,1,0,.944,,,0,0,1.03,1.59,0.81,1.58,,,,,,,1/H,ASCYA-5,kershcl01
541,Darin Ruf,29,PHI,NL,26,17,7,149.0,83,78,4,1,8,.988,-3,-22,-1,-8,4.95,5.03,3.04,5.65,,,,,,,H37,,rufda01
542,Jacob deGrom,28,NYM,NL,24,24,1,148.0,37,14,21,2,2,.946,,,1,1,2.13,1.59,1.46,1.58,,,,,,,1/H,,degroja01
543,Stephen Strasburg,27,WSN,NL,24,24,0,147.2,18,8,9,1,1,.944,,,-2,-3,1.04,1.59,0.71,1.58,,,,,,,1,AS,strasst01
544,Kyle Gibson,28,MIN,AL,25,25,1,147.1,39,12,27,0,1,1.000,,,1,1,2.38,1.41,1.56,1.39,,,,,,,1,,gibsoky01
545,Jabari Blash,26,SDP,NL,21,16,15,147.0,44,43,1,0,0,1.000,6,49,2,16,2.69,2.07,2.10,2.05,,,,,,,9H/7,,blashja01
546,Luis Perdomo,23,SDP,NL,35,20,1,146.2,33,12,18,3,1,.909,,,-4,-5,1.84,1.59,0.86,1.58,,,,,,,1/H,,perdolu02
547,Carlos Carrasco,29,CLE,AL,25,25,1,146.1,28,6,22,0,0,1.000,,,3,4,1.72,1.41,1.12,1.39,,,,,,,1,,carraca01
548,Sean Manaea,24,OAK,AL,25,24,0,144.2,18,5,12,1,0,.944,,,-1,-1,1.06,1.41,0.68,1.39,,,,,,,1,,manaese01
549,Charlie Culberson,27,LAD,NL,26,19,6,144.0,58,22,34,2,5,.966,-1,-5,1,8,3.50,4.12,2.07,3.90,,,,,,,H64/57,,culbech01
550,Preston Tucker,25,HOU,AL,21,14,11,144.0,24,23,0,1,0,.958,-4,-33,-4,-33,1.44,2.15,1.10,2.12,,,,,,,D7H/9,,tuckepr01
551,Jhoulys Chacín,28,2TM,2LG,34,22,1,144.0,42,21,21,0,1,1.000,,,4,6,2.63,1.44,1.24,1.42,,,,,,,1,,chacijh01
552,Bryce Brentz,27,BOS,AL,22,17,12,143.0,27,25,1,1,0,.963,0,-3,-2,-17,1.64,2.15,1.18,2.12,,,,,,,7/HD,,brentbr01
553,Ubaldo Jiménez,32,BAL,AL,29,25,1,142.1,26,12,12,2,3,.923,,,-3,-4,1.52,1.41,0.83,1.39,,,,,,,1,,jimenub01
554,Archie Bradley,23,ARI,NL,26,26,0,141.2,19,9,9,1,1,.947,,,-1,-1,1.14,1.59,0.69,1.58,,,,,,,1,,bradlar01
555,Jake Elmore,29,MIL,NL,26,14,9,141.0,34,19,13,2,3,.941,-1,-9,-4,-34,2.04,2.35,1.19,2.40,,,,,,,H7/5948,,elmorja01
556,Manny Piña,29,MIL,NL,17,16,16,141.0,121,105,15,1,1,.992,1,9,-1,-9,7.66,8.81,7.06,8.75,0,6,13,5,27.8,1,2H/D,,pinama01
557,Dustin Ackley,28,NYY,AL,22,16,10,140.1,97,89,8,0,8,1.000,1,9,4,34,6.22,6.30,4.22,6.03,,,,,,,3/9HD4,,ackledu01
558,Rob Segedin,27,LAD,NL,26,17,7,140.0,60,50,9,1,3,.983,-1,-8,-2,-17,3.79,3.75,2.11,4.38,,,,,,,H/3795,,segedro01
559,Clay Buchholz,31,BOS,AL,37,21,0,139.1,16,9,6,1,0,.938,,,0,0,0.97,1.41,0.41,1.39,,,,,,,1,,buchhcl01
560,Jemile Weeks,29,SDP,NL,17,17,12,139.1,85,36,48,1,10,.988,3,23,6,52,5.43,4.57,4.67,4.44,,,,,,,4/5,,weeksje01
561,Tyler Ladendorf,28,OAK,AL,35,13,9,139.0,86,34,51,1,8,.988,1,10,2,17,5.50,4.21,2.36,4.08,,,,,,,4H/5189D,,ladenty01
562,Brandon Nimmo,23,NYM,NL,22,15,11,138.2,30,29,0,1,0,.967,-1,-5,2,17,1.88,2.07,1.32,2.05,,,,,,,H7/98,,nimmobr01
563,Xavier Scruggs,28,MIA,NL,21,18,9,138.2,139,131,8,0,13,1.000,2,19,1,9,9.02,8.50,6.62,8.33,,,,,,,3/H7,,scrugxa01
564,Michael Wacha,24,STL,NL,27,24,0,138.0,44,21,22,1,2,.977,,,4,6,2.80,1.59,1.59,1.58,,,,,,,1,,wachami01
565,Danny Salazar,26,CLE,AL,25,25,0,137.1,15,5,9,1,0,.933,,,-3,-4,0.92,1.41,0.56,1.39,,,,,,,1,AS,salazda01
566,Scott Kazmir,32,LAD,NL,26,26,0,136.1,22,6,16,0,0,1.000,,,1,1,1.45,1.59,0.85,1.58,,,,,,,1/H,,kazmisc01
567,Miguel González,32,CHW,AL,24,23,0,135.0,25,12,13,0,1,1.000,,,0,0,1.67,1.41,1.04,1.39,,,,,,,1,,gonzami03
568,Taijuan Walker,23,SEA,AL,25,25,1,134.1,21,6,14,1,0,.952,,,-1,-1,1.34,1.41,0.80,1.39,,,,,,,1,,walketa01
569,Jorge De La Rosa,35,COL,NL,27,24,0,134.0,20,3,14,3,0,.850,,,-6,-9,1.14,1.59,0.63,1.58,,,,,,,1,,rosajo01
570,Adam Conley,26,MIA,NL,25,25,0,133.1,20,4,15,1,0,.950,,,-1,-2,1.28,1.59,0.76,1.58,,,,,,,1,,conlead01
571,Tyler Duffey,25,MIN,AL,26,26,0,133.0,23,9,13,1,1,.957,,,-4,-6,1.49,1.41,0.85,1.39,,,,,,,1,,duffety01
572,Steven Matz,25,NYM,NL,22,22,0,132.1,32,4,27,1,3,.969,,,0,0,2.11,1.59,1.41,1.58,,,,,,,1/H,ROY-6,matzst01
573,Ben Gamel,24,2TM,AL,31,8,7,132.0,29,29,0,0,0,1.000,2,17,-3,-27,1.98,2.15,0.94,2.12,,,,,,,9/H78,,gamelbe01
574,Andrew Cashner,29,2TM,NL,28,27,0,132.0,25,6,19,0,0,1.000,,,1,2,1.70,1.59,0.89,1.58,,,,,,,1,,cashnan01
575,Vince Velasquez,24,PHI,NL,24,24,1,131.0,19,3,14,2,0,.895,,,-1,-2,1.17,1.59,0.71,1.58,,,,,,,1,,velasvi01
576,Billy Butler,30,2TM,AL,25,17,7,130.0,125,113,9,3,10,.976,-2,-18,-2,-18,8.45,8.97,4.88,8.87,,,,,,,DH3,,butlebi03
577,Christian Friedrich,28,SDP,NL,24,23,0,129.1,21,1,19,1,3,.952,,,4,6,1.39,1.59,0.83,1.58,,,,,,,1,,friedch01
578,Matt Andriese,26,TBR,AL,29,19,1,127.2,22,12,9,1,1,.955,,,-4,-6,1.48,1.41,0.72,1.39,,,,,,,1,,andrima01
579,Wily Peralta,27,MIL,NL,23,23,0,127.2,27,5,19,3,2,.889,,,-3,-5,1.69,1.59,1.04,1.58,,,,,,,1,,peralwi01
580,Jeff Locke,28,PIT,NL,30,19,1,127.1,22,2,18,2,1,.909,,,0,0,1.41,1.59,0.67,1.58,,,,,,,1/H,,lockeje01
581,Gorkys Hernández,28,SFG,NL,22,13,11,126.1,30,28,2,0,0,1.000,1,5,2,19,2.14,2.07,1.36,2.05,,,,,,,8/9H7,,hernago01
582,Dillon Gee,30,KCR,AL,33,14,0,125.0,20,5,12,3,3,.850,,,-2,-3,1.22,1.41,0.52,1.39,,,,,,,1,,geedi01
583,Roman Quinn,23,PHI,NL,15,14,8,125.0,35,33,1,1,0,.971,1,10,2,19,2.45,2.07,2.27,2.05,,,,,,,7/98,,quinnro01
584,Nathan Eovaldi,26,NYY,AL,24,21,0,124.2,21,6,14,1,0,.952,,,1,2,1.44,1.41,0.83,1.39,,,,,,,1,,eovalna01
585,Wei-Yin Chen,30,MIA,NL,22,22,0,123.1,19,4,15,0,1,1.000,,,2,3,1.39,1.59,0.86,1.58,,,,,,,1,,chenwe02
586,Anthony DeSclafani,26,CIN,NL,20,20,1,123.1,20,3,17,0,1,1.000,,,-1,-2,1.46,1.59,1.00,1.58,,,,,,,1,,desclan01
587,Mike Foltynewicz,24,ATL,NL,22,22,0,123.1,22,4,18,0,0,1.000,,,2,3,1.61,1.59,1.00,1.58,,,,,,,1,,foltymi01
588,Junior Guerra,31,MIL,NL,20,20,0,121.2,23,10,11,2,1,.913,,,0,0,1.55,1.59,1.05,1.58,,,,,,,1,,guerrju02
589,James Paxton,27,SEA,AL,20,20,0,121.0,15,0,12,3,1,.800,,,-1,-2,0.89,1.41,0.60,1.39,,,,,,,1,,paxtoja01
590,Josh Rutledge,27,BOS,AL,23,12,10,121.0,37,8,27,2,5,.946,1,6,2,20,2.60,3.03,1.52,3.09,,,,,,,5/H46,,rutlejo01
591,Jon Niese,29,2TM,NL,29,20,0,121.0,24,7,16,1,1,.958,,,0,0,1.71,1.58,0.79,1.58,,,,,,,1/H,,niesejo01
592,Jaff Decker,26,TBR,AL,16,12,11,120.0,31,28,3,0,1,1.000,0,-4,-2,-20,2.33,2.15,1.94,2.12,,,,,,,9/H78D,,deckeja01
593,A.J. Griffin,28,TEX,AL,23,23,0,119.0,10,1,9,0,1,1.000,,,1,2,0.76,1.41,0.43,1.39,,,,,,,1,,griffaj01
594,Mike Pelfrey,32,DET,AL,24,22,0,119.0,26,11,15,0,1,1.000,,,-2,-3,1.97,1.41,1.08,1.39,,,,,,,1,,pelfrmi01
595,Leury García,25,CHW,AL,16,14,13,118.2,30,30,0,0,0,1.000,0,-3,-2,-20,2.28,2.15,1.88,2.12,,,,,,,8/H,,garcile02
596,Jake Peavy,35,SFG,NL,31,21,0,118.2,14,4,9,1,0,.929,,,2,3,0.99,1.59,0.42,1.58,,,,,,,1,,peavyja01
597,Yovani Gallardo,30,BAL,AL,23,23,0,118.0,18,4,14,0,0,1.000,,,2,3,1.37,1.41,0.78,1.39,,,,,,,1/H,,gallayo01
598,Juan Nicasio,29,PIT,NL,52,12,0,118.0,23,10,12,1,1,.957,,,0,0,1.68,1.59,0.42,1.58,,,,,,,1,,nicasju01
599,Sonny Gray,26,OAK,AL,22,22,0,117.0,22,10,11,1,3,.955,,,-2,-3,1.62,1.41,0.95,1.39,,,,,,,1,,grayso01
600,Ty Kelly,27,NYM,NL,23,10,7,116.2,30,16,14,0,1,1.000,1,6,4,41,2.31,2.50,1.30,2.77,,,,,,,H5/74389,,kellyty01
601,Colby Lewis,36,TEX,AL,19,19,1,116.1,9,1,7,1,0,.889,,,1,2,0.62,1.41,0.42,1.39,,,,,,,1,,lewisco01
602,Gerrit Cole,25,PIT,NL,21,21,1,116.0,37,11,24,2,1,.946,,,2,3,2.72,1.59,1.67,1.58,,,,,,,1,,colege01
603,Chad Pinder,24,OAK,AL,19,12,8,115.0,51,15,33,3,4,.941,-3,-34,-4,-42,3.76,4.39,2.40,4.33,,,,,,,4/H6D,,pindech01
604,Tyler Anderson,26,COL,NL,19,19,0,114.1,34,3,29,2,2,.941,,,5,9,2.52,1.59,1.68,1.58,,,,,,,1/H,,anderty01
605,Marco Hernández,23,BOS,AL,25,10,9,114.0,40,14,24,2,8,.950,-2,-25,-5,-53,3.00,3.51,1.46,3.72,,,,,,,H45/6D,,hernama02
606,Adam Morgan,26,PHI,NL,23,21,0,113.1,26,5,17,4,1,.846,,,-2,-4,1.75,1.59,0.96,1.58,,,,,,,1,,morgaad01
607,Chris Taylor,25,2TM,2LG,22,12,9,113.1,50,20,27,3,3,.940,-3,-26,0,0,3.73,3.91,2.04,3.56,,,,,,,H5/46D,,tayloch03
608,Devin Mesoraco,28,CIN,NL,13,13,13,113.0,99,92,6,1,1,.990,-1,-11,0,0,7.81,8.81,7.54,8.75,2,7,8,3,27.3,0,2/H,,mesorde01
609,Bud Norris,31,2TM,NL,35,19,0,113.0,17,6,10,1,1,.941,,,-2,-4,1.27,1.58,0.46,1.58,,,,,,,1,,norribu01
610,Wilmer Difo,24,WSN,NL,17,13,8,112.1,45,12,31,2,2,.956,0,4,-1,-11,3.45,4.13,2.53,4.08,,,,,,,H/465,,difowi01
611,Ehire Adrianza,26,SFG,NL,25,10,6,111.1,46,11,33,2,4,.957,0,2,-1,-11,3.56,3.98,1.63,3.83,,,,,,,H6/45,,adriaeh01
612,Aaron Nola,23,PHI,NL,20,20,0,111.0,29,7,21,1,0,.966,,,0,0,2.27,1.59,1.40,1.58,,,,,,,1,,nolaaa01
613,Rich Hill,36,2TM,2LG,19,19,0,110.1,23,4,17,2,1,.913,,,2,4,1.71,1.47,1.05,1.45,,,,,,,1,,hillri01
614,Jared Hoying,27,TEX,AL,32,8,6,110.0,19,17,1,1,0,.947,-1,-15,-1,-11,1.47,2.14,0.56,2.10,,,,,,,H97/D18,,hoyinja01
615,Tony Renda,25,CIN,NL,18,13,8,110.0,46,23,22,1,4,.978,0,-1,0,0,3.68,3.25,2.50,3.33,,,,,,,H/4795,,rendato01
616,Dylan Bundy,23,BAL,AL,36,14,0,109.2,13,4,8,1,0,.923,,,0,0,0.98,1.41,0.33,1.39,,,,,,,1,,bundydy01
617,Chris Devenski,25,HOU,AL,48,5,0,108.1,15,5,10,0,2,1.000,,,-1,-2,1.25,1.41,0.31,1.39,,,,,,,1,ROY-4,devench02
618,Cory Spangenberg,25,SDP,NL,13,13,12,108.0,62,22,35,5,12,.919,0,2,2,22,4.75,4.59,4.38,4.56,,,,,,,4/H,,spangco01
619,Derek Holland,29,TEX,AL,22,20,0,107.1,13,3,8,2,0,.846,,,1,2,0.92,1.41,0.50,1.39,,,,,,,1,,hollade01
620,Peter O'Brien,25,ARI,NL,17,13,8,107.0,19,17,1,1,0,.947,-3,-34,-1,-11,1.51,2.14,1.06,2.46,,,,,,,7H/3,,obriepe01
621,Eduardo Rodríguez,23,BOS,AL,20,20,0,107.0,16,4,11,1,1,.938,,,3,6,1.26,1.41,0.75,1.39,,,,,,,1,,rodried05
622,Stephen Cardullo,28,COL,NL,18,11,7,105.2,121,110,9,2,7,.983,0,-5,0,0,10.14,8.13,6.26,7.53,,,,,,,3H/97,,cardust01
623,Jordan Zimmermann,30,DET,AL,19,18,0,105.1,21,2,17,2,0,.905,,,2,4,1.62,1.41,1.00,1.39,,,,,,,1,,zimmejo02
624,Joe Ross,23,WSN,NL,19,19,0,105.0,18,4,13,1,0,.944,,,-1,-2,1.46,1.59,0.89,1.58,,,,,,,1/H,,rossjo01
625,Jameson Taillon,24,PIT,NL,18,18,0,104.0,21,5,14,2,1,.905,,,0,0,1.64,1.59,1.06,1.58,,,,,,,1,,taillja01
626,Brett Nicholas,27,TEX,AL,15,10,10,103.0,101,96,5,0,2,1.000,-1,-12,-1,-12,8.83,8.57,6.73,8.48,2,9,3,2,40.0,0,2,,nichobr01
627,Colin Rea,25,2TM,NL,20,19,0,102.2,21,5,16,0,2,1.000,,,-2,-4,1.84,1.59,1.05,1.58,,,,,,,1/H,,reaco01
628,Jason Coats,26,CHW,AL,18,11,6,102.0,17,17,0,0,0,1.000,2,19,1,12,1.50,2.15,0.94,2.12,,,,,,,9H/7D,,coatsja01
629,Shelby Miller,25,ARI,NL,21,20,1,102.0,11,6,5,0,1,1.000,-1,-6,-2,-4,0.97,1.59,0.52,1.60,,,,,,,1/7H,,millesh01
630,Matt Garza,32,MIL,NL,19,19,0,101.2,11,2,6,3,0,.727,,,-5,-10,0.71,1.59,0.42,1.58,,,,,,,1,,garzama01
631,Yu Darvish,29,TEX,AL,17,17,0,100.1,12,3,9,0,2,1.000,,,-2,-4,1.08,1.41,0.71,1.39,,,,,,,1,,darviyu01
632,Ross Stripling,26,LAD,NL,22,14,0,100.0,35,9,26,0,3,1.000,,,3,6,3.15,1.59,1.59,1.58,,,,,,,1,,stripro01
633,Mike Montgomery,26,2TM,2LG,49,7,0,100.0,17,6,9,2,0,.882,,,-1,-2,1.35,1.49,0.31,1.46,,,,,,,1,,montgmi01
634,Matt McBride,31,OAK,AL,17,11,8,99.1,88,83,5,0,0,1.000,-1,-12,-1,-12,7.97,8.51,4.89,8.15,3,3,8,1,11.1,0,2/DH39,,mcbrima02
635,Grant Green,28,SFG,NL,15,11,7,99.0,43,17,24,2,6,.953,-1,-16,-2,-24,3.73,4.59,2.73,4.56,,,,,,,4/H,,greengr01
636,Richie Shaffer,25,TBR,AL,15,10,7,98.2,77,69,7,1,6,.987,0,4,1,12,6.93,7.54,4.47,6.61,,,,,,,3/D59H,,shaffri01
637,Rey Fuentes,25,KCR,AL,12,12,10,98.0,25,23,1,1,0,.960,0,1,-3,-37,2.20,2.15,2.00,2.12,,,,,,,/97DH,,fuentre01
638,Junior Lake,26,TOR,AL,20,10,6,98.0,20,19,0,1,2,.950,-4,-48,-1,-12,1.74,2.50,0.95,2.46,,,,,,,9/H3,,lakeju01
639,Matthew Boyd,25,DET,AL,20,18,0,97.1,7,1,5,1,0,.857,,,-1,-2,0.55,1.41,0.30,1.39,,,,,,,1,,boydma01
640,Francisco Peña,26,BAL,AL,14,11,8,96.1,81,76,5,0,1,1.000,1,12,-1,-12,7.57,8.57,5.79,8.48,1,3,4,4,50.0,0,2/H,,penafr01
641,Nate Karns,28,SEA,AL,22,15,0,94.1,15,8,5,2,0,.867,,,-3,-6,1.24,1.41,0.59,1.39,,,,,,,1,,karnsna01
642,Tyler Wilson,26,BAL,AL,24,13,0,94.0,18,5,10,3,1,.833,,,-1,-2,1.44,1.41,0.63,1.39,,,,,,,1,,wilsoty01
643,Craig Gentry,32,LAA,AL,13,10,8,93.0,30,28,1,1,0,.967,1,13,0,0,2.81,2.15,2.23,2.12,,,,,,,7/H8D,,gentrcr01
644,Steve Selsky,26,CIN,NL,15,9,7,93.0,30,29,1,0,0,1.000,-2,-22,0,0,2.90,2.07,2.00,2.05,,,,,,,9H/78,,selskst01
645,Matt Harvey,27,NYM,NL,17,17,0,92.2,23,5,17,1,2,.957,,,2,4,2.14,1.59,1.29,1.58,,,,,,,1,,harvema01
646,Logan Verrett,26,NYM,NL,35,12,0,91.2,19,6,12,1,2,.947,,,1,2,1.77,1.59,0.51,1.58,,,,,,,1,,verrelo01
647,Erasmo Ramírez,26,TBR,AL,64,1,0,90.2,17,4,13,0,0,1.000,,,0,0,1.69,1.41,0.27,1.39,,,,,,,1,,ramirer02
648,Alberto Rosario,29,STL,NL,18,8,8,90.2,91,82,9,0,1,1.000,-1,-11,-3,-40,9.03,8.75,5.06,8.41,1,4,12,4,25.0,0,2/H5,,rosaral01
649,Paul Janish,33,BAL,AL,14,10,7,90.0,31,13,18,0,2,1.000,-2,-21,1,13,3.10,2.95,2.07,3.23,,,,,,,/56H,,janispa01
650,Kendrys Morales,33,KCR,AL,12,11,7,90.0,57,54,3,0,4,1.000,-1,-13,-2,-27,5.70,6.16,4.75,6.06,,,,,,,*D/39H,,moralke01
651,Héctor Sánchez,26,2TM,2LG,14,9,8,89.2,83,77,4,2,1,.976,-1,-13,-3,-40,8.13,8.77,5.79,8.71,0,6,4,1,20.0,0,2H,,sanchhe01
652,Michael Brantley,29,CLE,AL,11,10,10,89.1,19,18,1,0,0,1.000,1,12,1,13,1.91,2.15,1.73,2.12,,,,,,,7/H,,brantmi02
653,Matt Cain,31,SFG,NL,21,17,0,89.1,18,5,11,2,3,.889,,,0,0,1.61,1.59,0.76,1.58,,,,,,,1,,cainma01
654,Brad Hand,26,SDP,NL,82,0,0,89.1,12,2,9,1,1,.917,,,-1,-2,1.11,1.59,0.13,1.58,,,,,,,1,,handbr01
655,Blake Snell,23,TBR,AL,19,19,0,89.0,19,1,18,0,0,1.000,,,1,2,1.92,1.41,1.00,1.39,,,,,,,1,,snellbl01
656,Chris Young,37,KCR,AL,34,13,0,88.2,11,1,9,1,0,.909,,,-1,-2,1.02,1.41,0.29,1.39,,,,,,,1,,youngch03
657,David Phelps,29,MIA,NL,64,5,0,86.2,19,4,12,3,2,.842,,,3,7,1.66,1.59,0.25,1.58,,,,,,,1,,phelpda01
658,Vance Worley,28,BAL,AL,35,4,0,86.2,12,4,8,0,1,1.000,,,-1,-2,1.25,1.41,0.34,1.39,,,,,,,1,,worleva01
659,AJ Pollock,28,ARI,NL,12,11,9,86.0,32,31,1,0,0,1.000,6,89,2,28,3.35,2.07,2.67,2.05,,,,,,,8,,polloaj01
660,Pedro Severino,22,WSN,NL,15,8,8,85.2,92,84,7,1,0,.989,0,0,0,0,9.56,8.81,6.07,8.75,1,5,4,3,42.9,0,2/H,,severpe01
661,Chris Rusin,29,COL,NL,29,7,0,84.1,23,6,16,1,1,.957,,,2,5,2.35,1.59,0.76,1.58,,,,,,,1,,rusinch01
662,Albert Suárez,26,SFG,NL,22,12,0,84.0,24,8,15,1,3,.958,,,4,10,2.46,1.59,1.05,1.58,,,,,,,1,,suareal01
663,Edwin Jackson,32,2TM,NL,21,13,0,84.0,12,5,5,2,0,.833,,,-3,-7,1.07,1.59,0.48,1.58,,,,,,,1/H,,jacksed01
664,José Pirela,26,SDP,NL,13,10,5,83.2,27,10,16,1,4,.963,-2,-34,0,0,2.80,4.41,2.00,4.37,,,,,,,4/H9,,pireljo01
665,José Ureña,24,MIA,NL,28,12,0,83.2,17,3,13,1,1,.941,,,0,0,1.72,1.59,0.57,1.58,,,,,,,1/H,,urenajo01
666,Carlos Torres,33,MIL,NL,72,0,0,82.1,18,7,11,0,0,1.000,,,2,5,1.97,1.59,0.25,1.58,,,,,,,1,,torreca01
667,Ryan Vogelsong,38,PIT,NL,24,14,0,82.1,15,8,4,3,1,.800,,,-1,-2,1.31,1.59,0.50,1.58,,,,,,,1,,vogelry01
668,Tom Murphy,25,COL,NL,12,9,9,81.2,98,89,7,2,1,.980,0,0,1,15,10.58,8.82,8.00,8.75,2,5,6,4,40.0,0,2H,,murphto04
669,Cedric Hunter,28,PHI,NL,12,9,8,81.1,18,17,1,0,0,1.000,-1,-19,-1,-15,1.99,2.07,1.50,2.05,,,,,,,7/H9,,huntece01
670,Todd Cunningham,27,LAA,AL,18,6,5,81.0,22,19,2,1,1,.955,-1,-12,2,30,2.33,2.16,1.17,2.12,,,,,,,7/H89D,,cunnito01
671,Lance McCullers Jr.,22,HOU,AL,14,14,0,81.0,19,9,10,0,4,1.000,,,3,7,2.11,1.41,1.36,1.39,,,,,,,1,,mcculla02
672,Danny Worth,30,HOU,AL,13,7,5,81.0,33,9,23,1,5,.970,2,33,2,30,3.56,3.60,2.46,3.70,,,,,,,/45H6D,,worthda01
673,Hector Neris,27,PHI,NL,79,0,0,80.1,14,7,7,0,0,1.000,,,0,0,1.57,1.59,0.18,1.58,,,,,,,1,,nerishe01
674,Joe Blanton,35,LAD,NL,75,0,0,80.0,9,2,7,0,1,1.000,,,-1,-3,1.01,1.59,0.12,1.58,,,,,,,1,,blantjo01
675,Seunghwan Oh,33,STL,NL,76,0,0,79.2,9,2,6,1,1,.889,,,-3,-8,0.90,1.59,0.11,1.58,,,,,,,1,ROY-6,ohse01
676,Justin Nicolino,24,MIA,NL,18,13,0,79.1,19,3,15,1,1,.947,,,2,5,2.04,1.59,1.00,1.58,,,,,,,1,,nicolju01
677,Brad Brach,30,BAL,AL,71,0,0,79.0,9,5,4,0,0,1.000,,,-3,-8,1.03,1.41,0.13,1.39,,,,,,,1,AS,brachbr01
678,Brian Goodwin,25,WSN,NL,14,10,6,79.0,14,14,0,0,0,1.000,-5,-81,-1,-15,1.59,2.07,1.00,2.05,,,,,,,/H978,,goodwbr01
679,JC Ramírez,27,2TM,2LG,70,0,0,78.2,18,7,9,2,0,.889,,,-2,-5,1.83,1.49,0.23,1.46,,,,,,,1,,ramirjc01
680,Raisel Iglesias,26,CIN,NL,37,5,0,78.1,17,8,8,1,0,.941,,,1,3,1.84,1.59,0.43,1.58,,,,,,,1,,iglesra01
681,Jeurys Familia,26,NYM,NL,78,0,0,77.2,17,2,15,0,1,1.000,,,0,0,1.97,1.59,0.22,1.58,,,,,,,1,ASMVP-17,familje01
682,Addison Reed,27,NYM,NL,80,0,0,77.2,6,1,5,0,0,1.000,,,-1,-3,0.70,1.59,0.08,1.58,,,,,,,1,,reedad01
683,Hansel Robles,25,NYM,NL,68,0,0,77.2,8,5,3,0,0,1.000,,,-2,-5,0.93,1.59,0.12,1.58,,,,,,,1,,robleha01
684,Mark Canha,27,OAK,AL,13,8,6,77.0,49,40,8,1,4,.980,1,8,-1,-16,5.61,4.89,3.69,4.84,,,,,,,/H3579D,,canhama01
685,Julio Urías,19,LAD,NL,18,15,0,77.0,18,1,16,1,0,.944,,,3,8,1.99,1.59,0.94,1.58,,,,,,,1,,uriasju01
686,Scott Feldman,33,2TM,AL,40,5,0,77.0,16,6,9,1,0,.938,,,-2,-5,1.75,1.41,0.38,1.39,,,,,,,1,,feldmsc01
687,Felipe Vázquez,24,2TM,NL,75,0,0,77.0,14,1,12,1,2,.929,,,2,5,1.52,1.59,0.17,1.58,,,,,,,1,,riverfe01
688,Blake Wood,30,CIN,NL,70,0,0,76.2,7,1,6,0,1,1.000,,,-2,-5,0.82,1.60,0.10,1.58,,,,,,,1,,woodbl01
689,Emilio Bonifácio,31,ATL,NL,13,7,7,76.1,17,17,0,0,0,1.000,-2,-24,-3,-47,2.00,2.06,1.31,2.05,,,,,,,H7/8,,bonifem01
690,Ryan Pressly,27,MIN,AL,72,0,0,75.1,14,3,10,1,1,.929,,,1,3,1.55,1.41,0.18,1.39,,,,,,,1,,pressry01
691,Randall Delgado,26,ARI,NL,79,0,0,75.0,11,3,8,0,2,1.000,,,-1,-3,1.32,1.60,0.14,1.58,,,,,,,1,,delgara01
692,Mychal Givens,26,BAL,AL,66,0,0,74.2,14,1,13,0,1,1.000,,,3,8,1.69,1.41,0.21,1.39,,,,,,,1,,givenmy01
693,Zack Godley,26,ARI,NL,27,9,0,74.2,21,5,14,2,1,.905,,,0,0,2.29,1.59,0.70,1.58,,,,,,,1,,godleza01
694,Hernán Iribarren,32,CIN,NL,13,7,5,74.2,22,20,2,0,3,1.000,0,5,0,0,2.65,2.86,1.47,3.81,,,,,,,H/8439,,iribahe01
695,Mike Wright Jr.,26,BAL,AL,18,12,0,74.2,7,1,5,1,1,.857,,,-1,-3,0.72,1.41,0.33,1.39,,,,,,,1,,wrighmi01
696,Ryan Dull,26,OAK,AL,70,0,0,74.1,9,2,5,2,0,.778,,,0,0,0.85,1.40,0.10,1.39,,,,,,,1,,dullry01
697,Andrew Miller,31,2TM,AL,70,0,0,74.1,6,4,2,0,0,1.000,,,-1,-3,0.73,1.40,0.09,1.39,,,,,,,1,ASCYA-9,millean01
698,Pedro Báez,28,LAD,NL,73,0,0,74.0,12,0,9,3,2,.750,,,1,3,1.09,1.59,0.12,1.58,,,,,,,1,,baezpe01
699,Darrell Ceciliani,26,TOR,AL,12,8,7,74.0,13,12,0,1,0,.923,-3,-42,-1,-16,1.46,2.15,1.00,2.12,,,,,,,/79H,,cecilda01
700,Roberto Osuna,21,TOR,AL,72,0,0,74.0,11,4,7,0,0,1.000,,,1,3,1.34,1.41,0.15,1.39,,,,,,,1,,osunaro01
701,Carlos Villanueva,32,SDP,NL,51,0,0,74.0,10,3,7,0,0,1.000,,,-1,-3,1.22,1.59,0.20,1.58,,,,,,,1,,villaca01
702,Hunter Renfroe,24,SDP,NL,9,8,8,73.2,17,14,1,2,0,.882,0,5,-1,-16,1.83,2.08,1.67,2.06,,,,,,,/9H,,renfrhu01
703,Fernando Salas,31,2TM,2LG,75,0,0,73.2,11,4,7,0,0,1.000,,,0,0,1.34,1.45,0.15,1.43,,,,,,,1,,salasfe01
704,Matt den Dekker,28,WSN,NL,12,6,4,73.1,24,24,0,0,0,1.000,3,52,3,49,2.95,2.07,2.00,2.05,,,,,,,/H897,,dendema01
705,Austin Barnes,26,LAD,NL,16,7,4,73.0,61,51,10,0,3,1.000,2,39,1,16,7.52,7.45,3.59,6.66,0,2,2,0,0.0,0,/2H45,,barneau01
706,Dellin Betances,28,NYY,AL,73,0,0,73.0,13,4,6,3,1,.769,,,-8,-22,1.23,1.41,0.14,1.39,,,,,,,1,AS,betande01
707,Alex Wilson,29,DET,AL,62,0,0,73.0,11,4,7,0,0,1.000,,,-1,-3,1.36,1.41,0.18,1.39,,,,,,,1,,wilsoal01
708,Kyle Barraclough,26,MIA,NL,75,0,0,72.2,10,1,8,1,1,.900,,,0,0,1.11,1.59,0.12,1.58,,,,,,,1,,barraky01
709,David Hernández,31,PHI,NL,70,0,0,72.2,8,2,6,0,0,1.000,,,0,0,0.99,1.59,0.11,1.58,,,,,,,1,,hernada01
710,Kelvin Herrera,26,KCR,AL,72,0,0,72.0,9,2,7,0,1,1.000,,,0,0,1.13,1.41,0.13,1.39,,,,,,,1,AS,herreke01
711,Daniel Mengden,23,OAK,AL,14,14,0,72.0,9,2,7,0,0,1.000,,,2,6,1.13,1.41,0.64,1.39,,,,,,,1,,mengdda01
712,Manuel Margot,21,SDP,NL,10,8,7,71.2,31,31,0,0,0,1.000,2,27,4,67,3.89,2.07,3.10,2.05,,,,,,,/8H9,,margoma01
713,Michael Tonkin,26,MIN,AL,65,0,0,71.2,7,0,7,0,2,1.000,,,-1,-3,0.88,1.41,0.11,1.39,,,,,,,1,,tonkimi01
714,Paul Clemens,28,2TM,NL,18,14,0,71.1,9,0,8,1,1,.889,,,0,0,1.01,1.59,0.44,1.58,,,,,,,1,,clemepa02
715,Mark Melancon,31,2TM,NL,75,0,0,71.1,17,10,7,0,1,1.000,,,0,0,2.14,1.59,0.23,1.58,,,,,,,1,AS,melanma01
716,Luis Severino,22,NYY,AL,22,11,0,71.0,19,4,13,2,1,.895,,,3,8,2.15,1.41,0.77,1.39,,,,,,,1,,severlu01
717,Nate Jones,30,CHW,AL,71,0,0,70.2,17,3,13,1,0,.941,,,1,3,2.04,1.41,0.23,1.39,,,,,,,1,,jonesna01
718,Chad Kuhl,23,PIT,NL,14,14,0,70.2,19,7,12,0,1,1.000,,,3,8,2.42,1.59,1.36,1.58,,,,,,,1/H,,kuhlch01
719,Dan Otero,31,CLE,AL,62,0,0,70.2,21,7,14,0,3,1.000,,,1,3,2.67,1.41,0.34,1.39,,,,,,,1,,oteroda01
720,Luis Cessa,24,NYY,AL,17,9,0,70.1,13,1,11,1,0,.923,,,0,0,1.54,1.41,0.71,1.39,,,,,,,1,,cessalu01
721,Sam Dyson,28,TEX,AL,73,0,0,70.1,15,3,12,0,1,1.000,,,-1,-3,1.92,1.41,0.21,1.39,,,,,,,1,,dysonsa01
722,Brett Oberholtzer,26,2TM,2LG,37,2,0,70.1,11,1,8,2,1,.818,,,1,3,1.15,1.54,0.24,1.52,,,,,,,1,,oberhbr01
723,Aaron Blair,24,ATL,NL,15,15,0,70.0,14,4,9,1,2,.929,,,-1,-3,1.67,1.59,0.87,1.58,,,,,,,1,,blairaa01
724,Prince Fielder,32,TEX,AL,9,9,4,70.0,66,60,4,2,9,.970,-2,-41,-3,-51,8.23,8.97,7.11,8.87,,,,,,,D/3H,,fieldpr01
725,John Lamb,25,CIN,NL,14,14,0,70.0,10,0,10,0,0,1.000,,,-1,-3,1.29,1.59,0.71,1.58,,,,,,,1,,lambjo02
726,Zach Neal,27,OAK,AL,24,6,0,70.0,17,3,14,0,0,1.000,,,1,3,2.19,1.41,0.71,1.39,,,,,,,1,,nealza01
727,Braden Shipley,24,ARI,NL,13,11,0,70.0,13,6,7,0,1,1.000,,,1,3,1.67,1.59,1.00,1.58,,,,,,,1/H,,shiplbr01
728,Mason Williams,24,NYY,AL,11,7,6,70.0,18,18,0,0,0,1.000,1,10,-1,-17,2.31,2.15,1.64,2.12,,,,,,,/978HD,,willima10
729,Mat Latos,28,2TM,2LG,17,12,0,70.0,13,3,10,0,1,1.000,,,2,6,1.67,1.43,0.76,1.46,,,,,,,1,,latosma01
730,Tim Adleman,28,CIN,NL,13,13,0,69.2,13,6,7,0,0,1.000,,,0,0,1.68,1.59,1.00,1.58,,,,,,,1,,adlemti01
731,Brandon Maurer,25,SDP,NL,71,0,0,69.2,12,4,7,1,0,.917,,,0,0,1.42,1.59,0.15,1.58,,,,,,,1,,maurebr01
732,Tommy Milone,29,MIN,AL,19,12,0,69.1,15,3,12,0,0,1.000,,,2,6,1.95,1.41,0.79,1.39,,,,,,,1,,milonto01
733,Daniel Norris,23,DET,AL,14,13,0,69.1,9,4,4,1,0,.889,,,-1,-3,1.04,1.41,0.57,1.39,,,,,,,1,,norrida01
734,Jeanmar Gómez,28,PHI,NL,70,0,0,68.2,17,7,9,1,0,.941,,,-1,-3,2.10,1.59,0.23,1.58,,,,,,,1,,gomezje01
735,Kenley Jansen,28,LAD,NL,71,0,0,68.2,5,3,1,1,0,.800,,,-1,-3,0.52,1.59,0.06,1.58,,,,,,,1,AS,janseke01
736,Nick Tropeano,25,LAA,AL,13,13,0,68.1,12,0,11,1,0,.917,,,2,6,1.45,1.41,0.85,1.39,,,,,,,1,,tropeni01
737,Cody Allen,27,CLE,AL,67,0,0,68.0,9,3,6,0,1,1.000,,,1,3,1.19,1.42,0.13,1.39,,,,,,,1,,allenco01
738,Jesús Sucre,28,SEA,AL,9,8,6,68.0,61,59,2,0,0,1.000,-1,-18,-1,-18,8.07,8.58,6.78,8.48,1,2,6,0,0.0,0,/2,,sucreje01
739,Brad Ziegler,36,2TM,2LG,69,0,0,68.0,14,2,11,1,0,.929,,,-1,-3,1.72,1.52,0.19,1.49,,,,,,,1,,zieglbr01
740,Joe Biagini,26,TOR,AL,60,0,0,67.2,16,3,11,2,0,.875,,,0,0,1.86,1.41,0.23,1.39,,,,,,,1,,biagijo01
741,Matt Bowman,25,STL,NL,59,0,0,67.2,25,6,17,2,3,.920,,,3,9,3.06,1.60,0.39,1.58,,,,,,,1,,bowmama01
742,Don Kelly,36,MIA,NL,12,6,5,67.2,72,63,9,0,5,1.000,2,27,0,0,9.58,9.06,6.00,8.99,,,,,,,3/H,,kellydo01
743,Colin Walsh,26,MIL,NL,13,9,3,67.2,25,7,17,1,2,.960,-1,-14,-1,-18,3.19,2.53,1.71,2.59,,,,,,,H5/74,,walshco02
744,Tony Watson,31,PIT,NL,70,0,0,67.2,12,5,6,1,0,.917,,,0,0,1.46,1.60,0.16,1.58,,,,,,,1,,watsoto01
745,Clayton Richard,32,2TM,NL,36,9,0,67.2,24,2,18,4,0,.833,,,-1,-3,2.66,1.60,0.56,1.58,,,,,,,1/H,,richacl01
746,Antonio Bastardo,30,2TM,NL,69,0,0,67.2,6,1,4,1,0,.833,,,-2,-6,0.67,1.58,0.07,1.58,,,,,,,1,,bastaan01
747,Pat Dean,27,MIN,AL,19,9,0,67.1,9,1,8,0,0,1.000,,,0,0,1.20,1.40,0.47,1.39,,,,,,,1,,deanpa02
748,Zack Britton,28,BAL,AL,69,0,0,67.0,17,1,16,0,0,1.000,,,4,12,2.28,1.41,0.25,1.39,,,,,,,1,ASCYA-4MVP-11,brittza01
749,Dustin McGowan,34,MIA,NL,55,0,0,67.0,10,4,5,1,0,.900,,,-1,-3,1.21,1.59,0.16,1.58,,,,,,,1,,mcgowdu01
750,Tyler Thornburg,27,MIL,NL,67,0,0,67.0,6,2,4,0,0,1.000,,,1,3,0.81,1.59,0.09,1.58,,,,,,,1,,thornty01
751,Blake Treinen,28,WSN,NL,73,0,0,67.0,16,2,13,1,1,.938,,,0,0,2.01,1.59,0.21,1.58,,,,,,,1,,treinbl01
752,Jesse Chavez,32,2TM,2LG,62,0,0,67.0,5,1,4,0,0,1.000,,,-1,-3,0.67,1.48,0.08,1.46,,,,,,,1,,chaveje01
753,Matt Barnes,26,BOS,AL,62,0,0,66.2,8,2,6,0,0,1.000,,,-1,-3,1.08,1.40,0.13,1.39,,,,,,,1,,barnema01
754,Bryan Shaw,28,CLE,AL,75,0,0,66.2,12,6,6,0,1,1.000,,,-1,-3,1.62,1.40,0.16,1.39,,,,,,,1,,shawbr01
755,Joakim Soria,32,KCR,AL,70,0,0,66.2,20,5,15,0,0,1.000,,,2,6,2.70,1.40,0.29,1.39,,,,,,,1,,soriajo01
756,Blaine Boyer,34,MIL,NL,61,0,0,66.0,10,3,7,0,1,1.000,,,-1,-3,1.36,1.60,0.16,1.58,,,,,,,1,,boyerbl01
757,Travis Wood,29,CHC,NL,78,0,0,66.0,16,5,11,0,1,1.000,1,11,1,3,2.18,1.64,0.20,1.60,,,,,,,1/H7,,woodtr01
758,John Axford,33,OAK,AL,68,0,0,65.2,13,2,11,0,0,1.000,,,-1,-3,1.78,1.41,0.19,1.39,,,,,,,1,,axforjo01
759,Trevor Cahill,28,CHC,NL,50,1,0,65.2,21,7,12,2,0,.905,,,-1,-3,2.60,1.59,0.38,1.58,,,,,,,1/H,,cahiltr01
760,Ken Giles,25,HOU,AL,69,0,0,65.2,9,4,5,0,0,1.000,,,-2,-6,1.23,1.41,0.13,1.39,,,,,,,1,,gileske01
761,Ross Ohlendorf,33,CIN,NL,64,0,0,65.2,5,2,3,0,0,1.000,,,-2,-6,0.69,1.59,0.08,1.58,,,,,,,1,,ohlenro01
762,Fernando Rodney,39,2TM,NL,67,0,0,65.1,8,0,7,1,0,.875,,,-1,-3,0.96,1.60,0.10,1.58,,,,,,,1,AS,rodnefe01
763,Adam Warren,28,2TM,2LG,58,1,0,65.1,14,5,8,1,1,.929,,,0,0,1.79,1.50,0.22,1.48,,,,,,,1,,warread01
764,Michael Feliz,23,HOU,AL,47,0,0,65.0,5,1,4,0,0,1.000,,,0,0,0.69,1.41,0.11,1.39,,,,,,,1,,felizmi01
765,Liam Hendriks,27,OAK,AL,53,0,0,64.2,8,3,5,0,0,1.000,,,-1,-3,1.11,1.41,0.15,1.39,,,,,,,1,,hendrli01
766,Jim Johnson,33,ATL,NL,65,0,0,64.2,11,1,10,0,2,1.000,,,1,3,1.53,1.59,0.17,1.58,,,,,,,1,,johnsji04
767,Ryan Madson,35,OAK,AL,63,0,0,64.2,13,3,10,0,1,1.000,,,-1,-3,1.81,1.41,0.21,1.39,,,,,,,1,,madsory01
768,Eddie Butler,25,COL,NL,17,9,0,64.0,9,3,4,2,0,.778,,,-1,-3,0.98,1.59,0.41,1.58,,,,,,,1,,butleed01
769,Steve Cishek,30,SEA,AL,62,0,0,64.0,9,0,8,1,0,.889,,,1,3,1.13,1.41,0.13,1.39,,,,,,,1,,cishest01
770,Will Harris,31,HOU,AL,66,0,0,64.0,16,9,7,0,1,1.000,,,-2,-6,2.25,1.41,0.24,1.39,,,,,,,1,AS,harriwi10
771,Seth Lugo,26,NYM,NL,17,8,0,64.0,12,2,10,0,1,1.000,,,1,3,1.69,1.59,0.71,1.58,,,,,,,1,,lugose01
772,AJ Ramos,29,MIA,NL,67,0,0,64.0,11,6,5,0,1,1.000,,,1,3,1.55,1.59,0.16,1.58,,,,,,,1,AS,ramosaj01
773,Zach Eflin,22,PHI,NL,11,11,2,63.1,11,1,8,2,0,.818,,,0,0,1.28,1.59,0.82,1.58,,,,,,,1,,eflinza01
774,Ryan Buchter,29,SDP,NL,67,0,0,63.0,5,0,5,0,0,1.000,,,1,3,0.71,1.59,0.07,1.58,,,,,,,1,,buchtry01
775,Tony Cingrani,26,CIN,NL,65,0,0,63.0,17,2,14,1,0,.941,,,4,13,2.29,1.59,0.25,1.58,,,,,,,1,,cingrto01
776,Chris Colabello,32,TOR,AL,9,8,3,63.0,77,74,3,0,6,1.000,0,6,0,0,11.00,8.86,8.56,8.12,,,,,,,/3H7,,colabch01
777,Tim Federowicz,28,CHC,NL,12,7,5,63.0,50,42,7,1,1,.980,-1,-19,-2,-38,7.00,8.81,4.08,8.75,0,7,3,0,0.0,0,2/H,,federti01
778,José Rondón,22,SDP,NL,7,7,7,63.0,35,9,24,2,6,.943,-5,-88,-5,-95,4.71,4.19,4.71,4.16,,,,,,,/6H,,rondojo02
779,Raimel Tapia,22,COL,NL,11,6,6,63.0,14,14,0,0,0,1.000,2,29,0,0,2.00,2.07,1.27,2.05,,,,,,,H/879,,tapiara01
780,Tyler Clippard,31,2TM,2LG,69,0,0,63.0,9,3,5,1,0,.889,,,0,0,1.14,1.53,0.12,1.50,,,,,,,1,,clippty01
781,Joel De La Cruz,27,ATL,NL,22,9,0,62.2,12,2,9,1,0,.917,,,1,3,1.58,1.59,0.50,1.58,,,,,,,1,,delacjo01
782,Will Middlebrooks,27,MIL,NL,8,8,6,62.2,25,6,19,0,3,1.000,2,33,0,0,3.59,2.53,3.13,2.50,,,,,,,/5H,,middlwi01
783,David Robertson,31,CHW,AL,62,0,0,62.1,10,4,6,0,1,1.000,,,0,0,1.44,1.41,0.16,1.39,,,,,,,1,,roberda08
784,Jhan Mariñez,27,2TM,2LG,46,0,0,62.1,14,2,12,0,0,1.000,,,2,6,2.02,1.59,0.30,1.57,,,,,,,1,,marinjh01
785,JaCoby Jones,24,DET,AL,11,7,3,62.0,15,9,6,0,0,1.000,0,2,0,0,2.18,2.42,1.36,2.40,,,,,,,/58HD,,jonesja07
786,Joe Musgrove,23,HOU,AL,11,10,0,62.0,18,10,8,0,2,1.000,,,1,3,2.61,1.41,1.64,1.39,,,,,,,1,,musgrjo01
787,Yusmeiro Petit,31,WSN,NL,36,1,0,62.0,6,1,4,1,0,.833,,,-1,-3,0.73,1.60,0.14,1.58,,,,,,,1,,petityu01
788,Wade LeBlanc,31,2TM,2LG,19,8,0,62.0,5,2,3,0,0,1.000,,,0,0,0.73,1.44,0.26,1.47,,,,,,,1,,leblawa01
789,Matt Bush,30,TEX,AL,58,0,0,61.2,18,4,14,0,0,1.000,,,3,10,2.63,1.42,0.31,1.39,,,,,,,1,,bushma01
790,Austin Hedges,23,SDP,NL,7,7,7,61.2,50,47,2,1,1,.980,1,19,-1,-19,7.15,8.82,7.00,8.76,0,1,2,2,50.0,0,/2H,,hedgeau01
791,Kevin Siegrist,26,STL,NL,67,0,0,61.2,7,0,6,1,0,.857,,,0,0,0.88,1.59,0.09,1.58,,,,,,,1,,siegrke01
792,Taylor Rogers,25,MIN,AL,57,0,0,61.1,20,4,13,3,1,.850,,,2,7,2.49,1.41,0.30,1.39,,,,,,,1,,rogerta01
793,Hunter Strickland,27,SFG,NL,72,0,0,61.0,16,5,11,0,1,1.000,,,-1,-3,2.36,1.59,0.22,1.58,,,,,,,1,,strichu01
794,Zach Duke,33,2TM,2LG,81,0,0,61.0,16,1,14,1,0,.938,,,1,3,2.21,1.48,0.19,1.46,,,,,,,1,,dukeza01
795,Cody Anderson,25,CLE,AL,19,9,0,60.2,9,4,4,1,2,.889,,,-1,-3,1.19,1.41,0.42,1.39,,,,,,,1,,anderco01
796,Jonathan Broxton,32,STL,NL,66,0,0,60.2,17,3,14,0,0,1.000,,,1,3,2.52,1.59,0.26,1.58,,,,,,,1,,broxtjo01
797,Dan Jennings,29,CHW,AL,64,0,0,60.2,12,2,9,1,0,.917,,,0,0,1.63,1.41,0.17,1.39,,,,,,,1,,jennida01
798,Arquimedes Caminero,29,2TM,2LG,57,0,0,60.2,7,1,6,0,0,1.000,,,0,0,1.04,1.53,0.12,1.52,,,,,,,1,,caminar01
799,Tony Barnette,32,TEX,AL,53,0,0,60.1,8,6,2,0,0,1.000,,,0,0,1.19,1.40,0.15,1.39,,,,,,,1,,barneto01
800,Shane Greene,27,DET,AL,50,3,0,60.1,7,1,6,0,0,1.000,,,0,0,1.04,1.40,0.14,1.39,,,,,,,1,,greensh02
801,Daniel Hudson,29,ARI,NL,70,0,0,60.1,10,5,3,2,1,.800,,,-2,-7,1.19,1.60,0.11,1.58,,,,,,,1,,hudsoda01
802,Jordan Pacheco,30,CIN,NL,10,7,5,60.1,19,11,8,0,1,1.000,-2,-34,-1,-20,2.83,4.42,1.90,5.07,,,,,,,H/534D,,pachejo01
803,Nick Vincent,29,SEA,AL,60,0,0,60.1,6,3,3,0,1,1.000,,,0,0,0.90,1.40,0.10,1.39,,,,,,,1,,vinceni01
804,Alex Wood,25,LAD,NL,14,10,0,60.1,8,1,7,0,0,1.000,,,1,3,1.19,1.60,0.57,1.58,,,,,,,1/H,,woodal02
805,Kevin Quackenbush,27,SDP,NL,60,0,0,59.2,5,1,4,0,0,1.000,,,0,0,0.75,1.58,0.08,1.58,,,,,,,1,,quackke01
806,Josh A. Smith,28,CIN,NL,32,2,0,59.2,3,2,1,0,0,1.000,,,-2,-7,0.45,1.58,0.09,1.58,,,,,,,1/H,,smithjo07
807,Jake Barrett,24,ARI,NL,68,0,0,59.1,6,4,2,0,0,1.000,,,-1,-3,0.91,1.59,0.09,1.58,,,,,,,1,,barreja01
808,Jared Hughes,30,PIT,NL,67,0,0,59.1,13,5,8,0,2,1.000,,,-1,-3,1.97,1.59,0.19,1.58,,,,,,,1,,hugheja02
809,James Beresford,27,MIN,AL,9,6,3,59.0,41,29,11,1,8,.976,0,0,2,41,6.10,6.65,4.00,6.55,,,,,,,/35H4,,beresja01
810,Phil Hughes,30,MIN,AL,12,11,1,59.0,9,3,6,0,0,1.000,,,0,0,1.37,1.40,0.75,1.39,,,,,,,1,,hugheph01
811,Jason Grilli,39,2TM,2LG,67,0,0,59.0,7,2,4,1,0,.857,,,1,3,0.92,1.46,0.09,1.45,,,,,,,1,,grillja01
812,Emmanuel Burriss,31,PHI,NL,13,5,4,58.2,18,13,5,0,1,1.000,-2,-47,-2,-41,2.76,4.13,1.38,4.58,,,,,,,H/4673D,,burriem01
813,Jordan Lyles,25,COL,NL,40,5,0,58.2,10,4,5,1,1,.900,,,-3,-10,1.38,1.60,0.23,1.58,,,,,,,1,,lylesjo01
814,Vidal Nuño III,28,SEA,AL,55,1,0,58.2,6,2,4,0,0,1.000,,,-1,-3,0.92,1.41,0.11,1.39,,,,,,,1,,nunovi01
815,Alfredo Simón,35,CIN,NL,15,11,0,58.2,9,4,5,0,0,1.000,,,-2,-7,1.38,1.60,0.60,1.58,,,,,,,1,,simonal01
816,Justin Wilson,28,DET,AL,66,0,0,58.2,5,1,4,0,0,1.000,,,-1,-3,0.77,1.41,0.08,1.39,,,,,,,1,,wilsoju10
817,José Berríos,22,MIN,AL,14,14,0,58.1,14,1,12,1,0,.929,,,2,7,2.01,1.40,0.93,1.39,,,,,,,1,,berrijo01
818,Francisco Rodríguez,34,DET,AL,61,0,0,58.1,10,6,3,1,0,.900,,,-1,-3,1.39,1.40,0.15,1.39,,,,,,,1,,rodrifr03
819,Santiago Casilla,35,SFG,NL,62,0,0,58.0,8,3,5,0,0,1.000,,,0,0,1.24,1.58,0.13,1.58,,,,,,,1,,garcija01
820,Shawn Kelley,32,WSN,NL,67,0,0,58.0,4,2,2,0,0,1.000,,,0,0,0.62,1.58,0.06,1.58,,,,,,,1,,kellesh01
821,Colin Moran,23,HOU,AL,8,6,5,58.0,19,5,13,1,1,.947,-1,-29,1,21,2.79,2.65,2.25,2.63,,,,,,,/5H,,moranco01
822,Aríel Miranda,27,2TM,AL,12,10,0,58.0,5,3,1,1,0,.800,,,0,0,0.62,1.41,0.33,1.39,,,,,,,1,,miranar01
823,Jeremy Jeffress,28,2TM,2LG,59,0,0,58.0,12,4,8,0,1,1.000,,,0,0,1.86,1.55,0.20,1.54,,,,,,,1,,jeffrje01
824,Aroldis Chapman,28,2TM,2LG,59,0,0,58.0,10,5,5,0,0,1.000,,,1,3,1.55,1.49,0.17,1.48,,,,,,,1,,chapmar01
825,Luke Gregerson,32,HOU,AL,59,0,0,57.2,20,6,14,0,1,1.000,,,2,7,3.12,1.40,0.34,1.39,,,,,,,1,,gregelu01
826,José Álvarez,27,LAA,AL,64,0,0,57.1,7,1,5,1,2,.857,,,0,0,0.94,1.41,0.09,1.39,,,,,,,1,,alvarjo02
827,Matt Olson,22,OAK,AL,9,6,5,57.0,31,31,0,0,2,1.000,0,8,0,0,4.89,4.53,3.44,5.12,,,,,,,/93H,,olsonma02
828,Michael Reed,23,MIL,NL,7,7,6,57.0,20,18,1,1,0,.950,2,38,2,42,3.00,2.07,2.71,2.06,,,,,,,/87H,,reedmi02
829,Jarred Cosart,26,2TM,NL,13,13,0,57.0,19,3,16,0,2,1.000,,,3,11,3.00,1.59,1.46,1.58,,,,,,,1,,cosarja01
830,Alex Colomé,27,TBR,AL,57,0,0,56.2,8,3,5,0,0,1.000,,,0,0,1.27,1.41,0.14,1.39,,,,,,,1,AS,colomal01
831,Andrew Triggs,27,OAK,AL,24,7,0,56.1,5,0,5,0,0,1.000,,,0,0,0.80,1.41,0.21,1.39,,,,,,,1,,triggan01
832,Mike Morin,25,LAA,AL,60,0,0,55.2,15,5,10,0,1,1.000,,,3,11,2.43,1.41,0.25,1.39,,,,,,,1,,morinmi01
833,Kyle Ryan,24,DET,AL,56,0,0,55.2,8,3,4,1,0,.875,,,0,0,1.13,1.41,0.13,1.39,,,,,,,1,,ryanky01
834,Brian Flynn,26,KCR,AL,36,1,0,55.1,12,2,8,2,3,.833,,,0,0,1.63,1.42,0.28,1.39,,,,,,,1,,flynnbr01
835,Robbie Ross,27,BOS,AL,54,0,0,55.1,9,4,5,0,0,1.000,,,1,4,1.46,1.42,0.17,1.39,,,,,,,1,,rossro01
836,Carlos Estévez,23,COL,NL,63,0,0,55.0,9,2,5,2,0,.778,,,-2,-7,1.15,1.59,0.11,1.58,,,,,,,1,,estevca01
837,Derek Law,25,SFG,NL,61,0,0,55.0,12,3,9,0,1,1.000,,,2,7,1.96,1.59,0.20,1.58,,,,,,,1,,lawde01
838,Brandon Kintzler,31,MIN,AL,54,0,0,54.1,20,5,15,0,0,1.000,,,2,7,3.31,1.41,0.37,1.39,,,,,,,1,,kintzbr01
839,Donovan Solano,28,NYY,AL,8,6,5,54.0,26,12,13,1,3,.962,0,2,0,0,4.17,4.05,3.13,3.99,,,,,,,/45DH,,solando01
840,Neftalí Feliz,28,PIT,NL,62,0,0,53.2,6,1,5,0,1,1.000,,,1,4,1.01,1.59,0.10,1.58,,,,,,,1,,felizne01
841,Williams Pérez,25,ATL,NL,11,11,0,53.2,13,6,7,0,0,1.000,,,-1,-4,2.18,1.59,1.18,1.58,,,,,,,1,,perezwi01
842,Jake Thompson,22,PHI,NL,10,10,0,53.2,10,4,6,0,2,1.000,,,1,4,1.68,1.59,1.00,1.58,,,,,,,1,,thompja03
843,Pedro Florimón,29,PIT,NL,14,3,3,53.1,23,9,14,0,4,1.000,1,25,1,23,3.88,4.44,1.64,4.39,,,,,,,/H46,,floripe01
844,Deolis Guerra,27,LAA,AL,44,0,0,53.1,5,3,2,0,0,1.000,,,-1,-4,0.84,1.42,0.11,1.39,,,,,,,1,,guerrde01
845,George Kontos,31,SFG,NL,57,0,0,53.1,14,6,8,0,1,1.000,,,0,0,2.36,1.59,0.25,1.58,,,,,,,1,,kontoge01
846,Daniel Robertson,30,SEA,AL,8,6,3,53.1,12,11,0,1,0,.917,-2,-41,-1,-23,1.86,2.14,1.38,2.13,,,,,,,/79H8,,roberda09
847,Chien-Ming Wang,36,KCR,AL,38,0,0,53.1,5,1,3,1,0,.800,,,-1,-4,0.68,1.42,0.11,1.39,,,,,,,1,,wangch01
848,Pedro Álvarez,29,BAL,AL,12,6,2,53.0,9,0,5,4,0,.556,-5,-109,-3,-68,0.85,2.67,0.42,2.63,,,,,,,DH5,,alvarpe01
849,Carlos Asuaje,24,SDP,NL,6,6,5,53.0,34,14,19,1,3,.971,1,32,0,0,5.60,4.58,5.50,4.57,,,,,,,/4H,,asuajca01
850,Mike Clevinger,25,CLE,AL,17,10,0,53.0,7,4,3,0,0,1.000,,,-1,-4,1.19,1.41,0.41,1.39,,,,,,,1,,clevimi01
851,Jake Diekman,29,TEX,AL,66,0,0,53.0,8,3,5,0,0,1.000,,,1,4,1.36,1.41,0.12,1.39,,,,,,,1,,diekmja01
852,Craig Kimbrel,28,BOS,AL,57,0,0,53.0,2,0,2,0,0,1.000,,,0,0,0.34,1.41,0.04,1.39,,,,,,,1,AS,kimbrcr01
853,Justin Grimm,27,CHC,NL,68,0,0,52.2,8,3,5,0,0,1.000,,,1,4,1.37,1.59,0.12,1.58,,,,,,,1,,grimmju01
854,Zach McAllister,28,CLE,AL,53,2,0,52.1,8,5,3,0,0,1.000,,,-2,-8,1.38,1.41,0.15,1.39,,,,,,,1,,mcallza01
855,Tyrell Jenkins,23,ATL,NL,14,8,0,52.0,11,1,10,0,0,1.000,,,1,4,1.90,1.59,0.79,1.58,,,,,,,1,,jenkity01
856,A.J. Schugel,27,PIT,NL,36,0,0,52.0,9,1,8,0,0,1.000,,,0,0,1.56,1.59,0.25,1.58,,,,,,,1,,schugaj01
857,Justin Ruggiano,34,2TM,2LG,7,7,4,52.0,20,19,0,1,0,.950,0,5,0,0,3.29,2.09,2.71,2.06,,,,,,,/8H79,,ruggiju01
858,Joe Smith,32,2TM,2LG,54,0,0,52.0,11,1,10,0,0,1.000,,,3,12,1.90,1.45,0.20,1.45,,,,,,,1,,smithjo05
859,Alex Claudio,24,TEX,AL,39,0,0,51.2,13,1,12,0,1,1.000,,,1,4,2.26,1.41,0.33,1.39,,,,,,,1,,claudal01
860,Edwin Díaz,22,SEA,AL,49,0,0,51.2,3,2,1,0,0,1.000,,,-1,-4,0.52,1.41,0.06,1.39,,,,,,,1,ROY-5,diazed04
861,Nick Wittgren,25,MIA,NL,48,0,0,51.2,9,3,6,0,0,1.000,,,0,0,1.57,1.59,0.19,1.58,,,,,,,1,,wittgni01
862,Drew Storen,28,2TM,AL,57,0,0,51.2,6,2,4,0,0,1.000,,,0,0,1.05,1.41,0.11,1.39,,,,,,,1,,storedr01
863,Matt Albers,33,CHW,AL,58,1,0,51.1,12,2,8,2,2,.833,,,-1,-4,1.75,1.40,0.17,1.39,,,,,,,1,,alberma01
864,Cole Gillespie,32,MIA,NL,9,5,5,51.1,18,16,1,1,0,.944,-1,-26,-2,-47,2.98,2.33,1.89,2.82,,,,,,,H/7938,,gilleco01
865,Nick Noonan,27,SDP,NL,7,6,4,51.1,33,11,21,1,4,.970,-3,-61,-3,-70,5.61,4.26,4.57,4.27,,,,,,,/64,,noonani01
866,Heath Hembree,27,BOS,AL,38,0,0,51.0,10,2,7,1,0,.900,,,-2,-8,1.59,1.41,0.24,1.39,,,,,,,1,,hembrhe01
867,Munenori Kawasaki,35,CHC,NL,11,4,4,51.0,25,10,14,1,6,.960,1,16,0,0,4.24,4.55,2.18,4.37,,,,,,,4/H5,,kawasmu01
868,Ian Krol,25,ATL,NL,63,0,0,51.0,16,5,10,1,2,.938,,,1,4,2.65,1.59,0.24,1.58,,,,,,,1,,krolia01
869,Héctor Rondón,28,CHC,NL,54,0,0,51.0,14,7,7,0,1,1.000,,,1,4,2.47,1.59,0.26,1.58,,,,,,,1,,rondohe01
870,Rubby De La Rosa,27,ARI,NL,13,10,0,50.2,8,5,3,0,0,1.000,,,0,0,1.42,1.60,0.62,1.58,,,,,,,1,,delarru01
871,J.P. Howell,33,LAD,NL,64,0,0,50.2,9,1,8,0,0,1.000,,,-1,-4,1.60,1.60,0.14,1.58,,,,,,,1,,howeljp01
872,Reid Brignac,30,ATL,NL,8,5,3,50.1,27,8,18,1,2,.963,0,10,1,24,4.65,3.29,2.89,3.41,,,,,,,/H54,,brignre01
873,John Gant,23,ATL,NL,20,7,0,50.0,6,3,3,0,1,1.000,,,-1,-4,1.08,1.58,0.30,1.58,,,,,,,1,,gantjo01
874,Michael Lorenzen,24,CIN,NL,35,0,0,50.0,16,10,5,1,0,.938,,,1,4,2.70,1.58,0.43,1.58,,,,,,,1/H,,lorenmi01
875,Tyler Skaggs,24,LAA,AL,10,10,0,49.2,7,0,7,0,1,1.000,,,-2,-8,1.27,1.41,0.70,1.39,,,,,,,1,,skaggty01
876,Junichi Tazawa,30,BOS,AL,53,0,0,49.2,7,3,3,1,1,.857,,,0,0,1.09,1.41,0.11,1.39,,,,,,,1,,tazawju01
877,Kevin Jepsen,31,2TM,AL,58,0,0,49.2,4,0,4,0,1,1.000,,,1,4,0.72,1.41,0.07,1.39,,,,,,,1,,jepseke01
878,Mark Lowe,33,DET,AL,54,0,0,49.1,6,2,4,0,0,1.000,,,0,0,1.09,1.40,0.11,1.39,,,,,,,1,,lowema01
879,Ross Detwiler,30,2TM,AL,16,7,0,48.2,5,2,3,0,0,1.000,,,-1,-4,0.92,1.41,0.31,1.39,,,,,,,1,,detwiro01
880,Patrick Kivlehan,26,2TM,NL,7,6,3,48.2,16,14,0,2,0,.875,-2,-49,0,0,2.59,2.07,2.00,2.06,,,,,,,/9H7,,kivlepa01
881,Cory Gearrin,30,SFG,NL,56,0,0,48.1,7,2,5,0,1,1.000,0,0,-2,-8,1.30,1.58,0.12,1.59,,,,,,,1/7,,gearrco01
882,Pedro Strop,31,CHC,NL,54,0,0,48.1,11,5,5,1,0,.909,0,0,1,4,1.86,1.60,0.18,1.59,,,,,,,1/7,,stroppe01
883,Louis Coleman,30,LAD,NL,61,0,0,48.0,11,4,7,0,0,1.000,,,0,0,2.06,1.59,0.18,1.58,,,,,,,1,,colemlo01
884,Tyler Lyons,28,STL,NL,30,0,0,48.0,6,2,4,0,1,1.000,,,0,0,1.13,1.59,0.20,1.58,,,,,,,1,,lyonsty01
885,Joaquin Benoit,38,2TM,AL,51,0,0,48.0,7,1,4,2,0,.714,,,0,0,0.94,1.41,0.10,1.39,,,,,,,1,,benoijo01
886,Danny Coulombe,26,OAK,AL,35,0,0,47.2,8,1,7,0,0,1.000,,,0,0,1.51,1.42,0.23,1.39,,,,,,,1,,couloda01
887,César Ramos,32,TEX,AL,16,4,0,47.2,9,2,7,0,0,1.000,,,1,4,1.70,1.42,0.56,1.39,,,,,,,1,,ramosce01
888,Cody Reed,23,CIN,NL,10,10,0,47.2,10,3,7,0,0,1.000,,,-1,-4,1.89,1.59,1.00,1.58,,,,,,,1,,reedco01
889,Marc Rzepczynski,30,2TM,2LG,70,0,0,47.2,10,4,3,3,0,.700,,,-2,-8,1.32,1.45,0.10,1.43,,,,,,,1,,rzepcma01
890,Pat Neshek,35,HOU,AL,60,0,0,47.0,9,2,6,1,0,.889,,,-1,-4,1.53,1.42,0.13,1.39,,,,,,,1,,neshepa01
891,Koji Uehara,41,BOS,AL,50,0,0,47.0,6,1,4,1,0,.833,,,-1,-4,0.96,1.42,0.10,1.39,,,,,,,1,,ueharko01
892,Lucas Harrell,31,2TM,2LG,9,9,0,47.0,11,4,6,1,1,.909,,,0,0,1.91,1.53,1.11,1.50,,,,,,,/1,,harrelu01
893,Arismendy Alcántara,24,OAK,AL,10,4,3,46.2,21,12,9,0,1,1.000,0,8,-1,-26,4.05,3.92,2.10,3.22,,,,,,,/H846D9,,alcanar01
894,Alen Hanson,23,PIT,NL,8,5,4,46.2,26,13,11,2,6,.923,-3,-72,-2,-51,4.63,4.59,3.00,4.56,,,,,,,H/4,,hansoal01
895,Fernando Abad,30,2TM,AL,57,0,0,46.2,4,0,4,0,1,1.000,,,2,9,0.77,1.41,0.07,1.39,,,,,,,1,,abadfe01
896,Jesse Hahn,26,OAK,AL,9,9,0,46.1,9,3,6,0,1,1.000,,,-1,-4,1.75,1.42,1.00,1.39,,,,,,,/1,,hahnje01
897,Boone Logan,31,COL,NL,66,0,0,46.1,10,0,9,1,1,.900,,,0,0,1.75,1.59,0.14,1.58,,,,,,,1,,loganbo02
898,Tom Wilhelmsen,32,2TM,AL,50,0,0,46.1,5,2,3,0,0,1.000,,,-1,-4,0.97,1.40,0.10,1.39,,,,,,,1,,wilheto01
899,Matt Belisle,36,WSN,NL,40,0,0,46.0,4,1,3,0,0,1.000,,,-1,-4,0.78,1.58,0.10,1.58,,,,,,,1,,belisma01
900,Alex Reyes,21,STL,NL,12,5,0,46.0,6,0,4,2,0,.667,,,1,4,0.78,1.58,0.33,1.58,,,,,,,1,,reyesal02
901,Chad Green,25,NYY,AL,12,8,0,45.2,9,4,5,0,2,1.000,,,0,0,1.77,1.42,0.75,1.39,,,,,,,1,,greench03
902,Jake McGee,29,COL,NL,57,0,0,45.2,5,4,1,0,0,1.000,,,-1,-4,0.99,1.60,0.09,1.58,,,,,,,1,,mcgeeja01
903,Enny Romero,25,TBR,AL,52,0,0,45.2,8,3,5,0,0,1.000,,,1,4,1.58,1.42,0.15,1.39,,,,,,,1,,romeren01
904,Brendan Ryan,34,LAA,AL,17,3,2,45.1,23,10,13,0,2,1.000,1,19,0,0,4.57,4.11,1.35,4.01,,,,,,,6/7H,,ryanbr01
905,Kyle Jensen,28,ARI,NL,9,4,2,45.0,19,19,0,0,1,1.000,1,29,1,27,3.80,3.94,2.11,5.14,,,,,,,H/379D,,jenseky01
906,Mike Freeman,28,2TM,2LG,9,4,4,45.0,20,11,9,0,3,1.000,-1,-13,2,53,4.00,3.88,2.22,3.84,,,,,,,H/46D79,,freemmi01
907,Robert Gsellman,22,NYM,NL,8,7,0,44.2,11,2,9,0,1,1.000,,,1,4,2.22,1.59,1.38,1.58,,,,,,,/1H,,gsellro01
908,Peter Moylan,37,KCR,AL,50,0,0,44.2,15,2,10,3,3,.800,,,1,4,2.42,1.41,0.24,1.39,,,,,,,1,,moylape01
909,Tommy Layne,31,2TM,AL,63,0,0,44.2,16,7,8,1,1,.938,,,2,9,3.02,1.41,0.24,1.39,,,,,,,1,,layneto01
910,Hunter Dozier,24,KCR,AL,7,5,1,44.0,13,13,0,0,0,1.000,0,11,0,0,2.66,2.15,1.86,2.11,,,,,,,/9DH,,doziehu01
911,Reynaldo López,22,WSN,NL,11,6,0,44.0,6,0,6,0,0,1.000,,,1,5,1.23,1.60,0.55,1.58,,,,,,,1,,lopezre01
912,Victor Martinez,37,DET,AL,5,5,5,44.0,36,36,0,0,4,1.000,0,8,-1,-27,7.36,8.98,7.20,8.88,,,,,,,*DH/3,,martivi01
913,Tony Sipp,32,HOU,AL,60,0,0,43.2,10,2,7,1,0,.900,,,1,5,1.85,1.40,0.15,1.39,,,,,,,1,,sippto01
914,Andrew Bailey,32,2TM,2LG,45,0,0,43.2,5,1,4,0,1,1.000,,,-1,-5,1.03,1.55,0.11,1.53,,,,,,,1,,bailean01
915,Wade Davis,30,KCR,AL,45,0,0,43.1,5,1,4,0,0,1.000,,,0,0,1.04,1.41,0.11,1.39,,,,,,,1,AS,daviswa01
916,Jeff Manship,31,CLE,AL,53,0,0,43.1,3,1,2,0,1,1.000,,,0,0,0.62,1.41,0.06,1.39,,,,,,,1,,manshje01
917,Hunter Cervenka,26,2TM,NL,68,0,0,43.1,8,1,7,0,0,1.000,,,-2,-9,1.66,1.58,0.12,1.58,,,,,,,1,,cervehu01
918,Collin Cowgill,30,CLE,AL,8,4,3,43.0,10,10,0,0,0,1.000,0,-6,0,0,2.09,2.16,1.25,2.13,,,,,,,/9H,,cowgico01
919,Jumbo Díaz,32,CIN,NL,45,0,0,43.0,6,1,3,2,0,.667,,,-2,-9,0.84,1.59,0.09,1.58,,,,,,,1,,diazju03
920,Destin Hood,26,MIA,NL,7,5,4,43.0,11,11,0,0,0,1.000,1,22,0,0,2.30,2.07,1.57,2.06,,,,,,,/H79,,hoodde01
921,Héctor Olivera,31,ATL,NL,5,5,4,43.0,7,7,0,0,0,1.000,-1,-36,-2,-56,1.47,2.07,1.40,2.06,,,,,,,/7H,,olivehe01
922,Adam Liberatore,29,LAD,NL,58,0,0,42.2,7,3,4,0,0,1.000,,,-1,-5,1.48,1.58,0.12,1.58,,,,,,,1,,liberad01
923,Trevor May,26,MIN,AL,44,0,0,42.2,2,1,0,1,0,.500,,,0,0,0.21,1.41,0.02,1.39,,,,,,,1,,maytr01
924,Justin Miller,29,COL,NL,40,0,0,42.2,5,3,2,0,0,1.000,,,-2,-9,1.05,1.58,0.13,1.58,,,,,,,1,,milleju02
925,Mike Dunn,31,MIA,NL,51,0,0,42.1,10,3,7,0,1,1.000,,,0,0,2.13,1.59,0.20,1.58,,,,,,,1,,dunnmi01
926,Jerry Blevins,32,NYM,NL,73,0,0,42.0,4,1,2,1,0,.750,,,0,0,0.64,1.59,0.04,1.58,,,,,,,1,,blevije01
927,Juan Graterol,27,LAA,AL,9,4,3,42.0,34,31,3,0,0,1.000,0,0,1,29,7.29,8.57,3.78,8.48,0,0,4,1,20.0,0,/2,,grateju01
928,Deven Marrero,25,BOS,AL,12,3,1,42.0,14,3,10,1,1,.929,1,23,0,0,2.79,3.69,0.93,3.83,,,,,,,/456HD,,marrede01
929,Michael Blazek,27,MIL,NL,41,0,0,41.1,5,1,3,1,1,.800,,,0,0,0.87,1.59,0.10,1.58,,,,,,,1/H,,blazemi01
930,Enrique Burgos,25,ARI,NL,43,0,0,41.1,8,3,5,0,0,1.000,,,-1,-5,1.74,1.59,0.19,1.58,,,,,,,1,,burgoen02
931,Xavier Cedeño,29,TBR,AL,54,0,0,41.1,10,2,7,1,0,.900,,,0,0,1.96,1.42,0.17,1.39,,,,,,,1,,cedenxa01
932,Erik González,24,CLE,AL,17,2,1,41.1,15,7,8,0,2,1.000,-1,-23,0,0,3.27,3.70,0.88,3.81,,,,,,,/6H459,,gonzaer01
933,Kirby Yates,29,NYY,AL,41,0,0,41.1,7,2,4,1,0,.857,,,-1,-5,1.31,1.42,0.15,1.39,,,,,,,1,,yateski01
934,Josh Collmenter,30,2TM,NL,18,3,0,41.1,6,3,3,0,0,1.000,,,0,0,1.31,1.59,0.33,1.58,,,,,,,1,,collmjo01
935,Stefen Romero,27,SEA,AL,9,4,2,41.0,13,11,1,1,0,.923,-1,-20,-2,-59,2.63,3.16,1.33,2.88,,,,,,,/7H93,,romerst01
936,Sammy Solís,27,WSN,NL,37,0,0,41.0,3,0,3,0,0,1.000,,,0,0,0.66,1.58,0.08,1.58,,,,,,,1,,solissa01
937,González Germen,28,COL,NL,40,0,0,40.2,8,5,3,0,0,1.000,,,0,0,1.77,1.59,0.20,1.58,,,,,,,1,,germego01
938,Chris Hatcher,31,LAD,NL,37,0,0,40.2,8,3,4,1,0,.875,,,-1,-5,1.55,1.59,0.19,1.58,,,,,,,1,,hatchch02
939,Fernando Rodriguez Jr.,32,OAK,AL,34,0,0,40.2,1,1,0,0,0,1.000,,,-1,-5,0.22,1.42,0.03,1.39,,,,,,,1,,rodrife02
940,Cam Bedrosian,24,LAA,AL,45,0,0,40.1,3,0,2,1,0,.667,,,-1,-5,0.45,1.41,0.04,1.39,,,,,,,1,,bedroca01
941,Trevor Rosenthal,26,STL,NL,45,0,0,40.1,5,1,4,0,0,1.000,,,-1,-5,1.12,1.58,0.11,1.58,,,,,,,1,,rosentr01
942,Will Smith,26,2TM,NL,53,0,0,40.1,5,0,4,1,0,.800,,,-1,-5,0.89,1.58,0.08,1.58,,,,,,,1,,smithwi04
943,Joe Kelly,28,BOS,AL,20,6,0,40.0,6,2,3,1,0,.833,,,-2,-10,1.13,1.42,0.25,1.39,,,,,,,1,,kellyjo05
944,Brandon McCarthy,32,LAD,NL,10,9,0,40.0,8,2,6,0,0,1.000,,,1,5,1.80,1.60,0.80,1.58,,,,,,,1,,mccarbr01
945,Óliver Pérez,34,WSN,NL,64,0,0,40.0,6,3,3,0,1,1.000,,,0,0,1.35,1.60,0.09,1.58,,,,,,,1,,perezol01
946,Edubray Ramos,23,PHI,NL,42,0,0,40.0,5,2,3,0,0,1.000,,,0,0,1.13,1.60,0.12,1.58,,,,,,,1,,ramosed02
947,Daniel Wright,25,2TM,2LG,9,7,0,39.2,9,4,5,0,1,1.000,,,0,0,2.04,1.47,1.00,1.48,,,,,,,/1,,wrighda04
948,Ryan Garton,26,TBR,AL,37,0,0,39.1,5,1,3,1,0,.800,,,-1,-5,0.92,1.42,0.11,1.39,,,,,,,1,,gartory01
949,Keyvius Sampson,25,CIN,NL,18,2,0,39.1,9,2,7,0,0,1.000,,,1,5,2.06,1.58,0.50,1.58,,,,,,,1,,sampske01
950,Casey Fien,32,2TM,2LG,39,0,0,39.1,8,4,4,0,0,1.000,,,0,0,1.83,1.51,0.21,1.51,,,,,,,1,,fienca01
951,Ike Davis,29,NYY,AL,8,4,2,39.0,42,39,3,0,2,1.000,0,3,1,31,9.69,8.98,5.25,8.88,,,,,,,/3H,,davisik02
952,Sean Doolittle,29,OAK,AL,44,0,0,39.0,6,0,6,0,0,1.000,,,1,5,1.38,1.41,0.14,1.39,,,,,,,1,,doolise01
953,Nick Martinez,25,TEX,AL,12,5,0,38.2,4,1,3,0,1,1.000,,,-1,-5,0.93,1.42,0.33,1.39,,,,,,,1,,martini01
954,Eric Surkamp,28,OAK,AL,9,9,0,38.2,6,3,2,1,0,.833,,,-1,-5,1.16,1.42,0.56,1.39,,,,,,,/1,,surkaer01
955,Pat Valaika,23,COL,NL,10,2,0,38.2,13,5,7,1,0,.923,-2,-47,0,0,2.79,3.89,0.92,3.55,,,,,,,/54H6,,valaipa01
956,Arodys Vizcaíno,25,ATL,NL,43,0,0,38.2,7,3,3,1,0,.857,,,-1,-5,1.40,1.58,0.14,1.58,,,,,,,1,,vizcaar01
957,Mauricio Cabrera,22,ATL,NL,41,0,0,38.1,10,4,6,0,0,1.000,,,1,5,2.35,1.60,0.24,1.58,,,,,,,1,,cabrema01
958,A.J. Cole,24,WSN,NL,8,8,0,38.1,0,0,0,0,0,,,,-2,-10,0.00,1.60,0.00,1.58,,,,,,,/1,,coleaj01
959,Tim Lincecum,32,LAA,AL,9,9,0,38.1,5,1,4,0,0,1.000,,,-1,-5,1.17,1.41,0.56,1.39,,,,,,,/1,,linceti01
960,Andrew Susac,26,MIL,NL,6,4,3,38.0,32,28,3,1,1,.969,0,0,-1,-32,7.34,8.81,5.17,8.75,0,2,1,2,66.7,0,/2H,,susacan01
961,A.J. Achter,27,LAA,AL,27,0,0,37.2,6,2,4,0,0,1.000,,,0,0,1.43,1.41,0.22,1.39,,,,,,,1,,achteaj01
962,Jerry Sands,28,CHW,AL,8,3,2,37.2,31,27,4,0,2,1.000,0,-6,0,0,7.41,7.22,3.88,5.50,,,,,,,D/H379,,sandsje01
963,Chris Withrow,27,ATL,NL,46,0,0,37.2,10,2,7,1,1,.900,,,-1,-5,2.15,1.60,0.20,1.58,,,,,,,1,,withrch01
964,Luke Hochevar,32,KCR,AL,40,0,0,37.1,3,0,3,0,1,1.000,,,0,0,0.72,1.40,0.08,1.39,,,,,,,1,,hochelu01
965,Julio Borbón,30,BAL,AL,6,4,4,37.0,11,11,0,0,0,1.000,-3,-97,-2,-65,2.68,2.14,1.83,2.12,,,,,,,/78,,borboju01
966,Robert Stephenson,23,CIN,NL,8,8,0,37.0,3,1,2,0,0,1.000,,,0,0,0.73,1.58,0.38,1.58,,,,,,,/1,,stephro01
967,Brett Cecil,29,TOR,AL,54,0,0,36.2,2,0,2,0,0,1.000,,,-2,-11,0.49,1.40,0.04,1.39,,,,,,,1,,cecilbr01
968,Josh Osich,27,SFG,NL,59,0,0,36.1,12,2,9,1,0,.917,,,-1,-6,2.72,1.59,0.19,1.58,,,,,,,1,,osichjo01
969,Bruce Rondón,25,DET,AL,37,0,0,36.1,3,1,2,0,0,1.000,,,0,0,0.74,1.41,0.08,1.39,,,,,,,1,,rondobr01
970,Shawn Tolleson,28,TEX,AL,37,0,0,36.1,12,5,7,0,0,1.000,,,0,0,2.97,1.41,0.32,1.39,,,,,,,1,,tollesh01
971,Luke Weaver,22,STL,NL,9,8,0,36.1,11,3,7,1,1,.909,,,2,11,2.48,1.59,1.11,1.58,,,,,,,/1,,weavelu01
972,Ryan Weber,25,ATL,NL,16,2,0,36.1,7,3,4,0,0,1.000,,,-1,-6,1.73,1.59,0.44,1.58,,,,,,,1,,weberry01
973,Buddy Boshers,28,MIN,AL,37,0,0,36.0,7,2,4,1,0,.857,,,-2,-11,1.50,1.40,0.16,1.39,,,,,,,1,,boshebu01
974,Carl Edwards Jr.,24,CHC,NL,36,0,0,36.0,6,2,4,0,1,1.000,,,1,6,1.50,1.60,0.17,1.58,,,,,,,1/H,,edwarca01
975,Cole Figueroa,29,PIT,NL,9,2,1,36.0,12,2,10,0,2,1.000,0,0,0,0,3.00,4.18,1.33,4.01,,,,,,,H/456,,figueco01
976,Carson Kelly,21,STL,NL,10,2,2,36.0,32,30,2,0,0,1.000,0,0,0,0,8.00,8.80,3.20,8.75,0,0,0,0,,0,2,,kellyca02
977,Jordan Patterson,24,COL,NL,8,3,2,36.0,27,26,1,0,0,1.000,1,37,0,0,6.75,5.95,3.38,3.79,,,,,,,/9H37,,pattejo03
978,José Domínguez,25,SDP,NL,34,0,0,35.2,8,2,6,0,2,1.000,,,-1,-6,2.02,1.59,0.24,1.58,,,,,,,1,,dominjo01
979,Erik Goeddel,27,NYM,NL,36,0,0,35.2,4,1,2,1,0,.750,,,0,0,0.76,1.59,0.08,1.58,,,,,,,1,,goedder01
980,Danny Farquhar,29,TBR,AL,35,0,0,35.1,11,1,9,1,0,.909,,,0,0,2.55,1.40,0.29,1.39,,,,,,,1,,farquda01
981,Severino González,23,PHI,NL,27,0,0,35.1,4,1,3,0,1,1.000,,,0,0,1.02,1.58,0.15,1.58,,,,,,,1,,gonzase01
982,Robert Andino,32,MIA,NL,5,4,1,35.0,15,9,6,0,1,1.000,2,55,0,0,3.86,3.70,2.14,3.50,,,,,,,/H4756,,andinro01
983,Jim Henderson,33,NYM,NL,44,0,0,35.0,6,2,3,1,0,.833,,,-2,-11,1.29,1.59,0.11,1.58,,,,,,,1,,hendeji01
984,Yoán Moncada,21,BOS,AL,5,4,3,35.0,15,2,12,1,0,.933,0,14,-2,-69,3.60,2.65,2.80,2.64,,,,,,,/5DH,,moncayo01
985,Jonathan Papelbon,35,WSN,NL,37,0,0,35.0,1,0,1,0,0,1.000,,,0,0,0.26,1.59,0.03,1.58,,,,,,,1,,papeljo01
986,Josh Fields,30,2TM,2LG,37,0,0,35.0,6,5,1,0,2,1.000,,,-1,-6,1.54,1.52,0.16,1.51,,,,,,,1,,fieldjo03
987,Garrett Richards,28,LAA,AL,6,6,0,34.2,7,0,5,2,0,.714,,,-1,-6,1.30,1.40,0.83,1.38,,,,,,,/1,,richaga01
988,Rob Scahill,29,2TM,NL,31,0,0,34.2,10,3,7,0,1,1.000,,,0,0,2.60,1.58,0.32,1.58,,,,,,,1,,scahiro01
989,Keone Kela,23,TEX,AL,35,0,0,34.0,5,2,3,0,0,1.000,,,0,0,1.32,1.40,0.14,1.39,,,,,,,1,,kelake01
990,César Vargas,24,SDP,NL,7,7,0,34.0,15,4,11,0,0,1.000,,,0,0,3.97,1.59,2.14,1.59,,,,,,,/1,,vargace01
991,Tommy Hunter,29,2TM,AL,33,0,0,34.0,1,0,1,0,0,1.000,,,-1,-6,0.26,1.40,0.03,1.39,,,,,,,1,,hunteto02
992,Steven Brault,24,PIT,NL,8,7,0,33.1,5,2,2,1,0,.800,,,0,0,1.08,1.59,0.50,1.58,,,,,,,/1,,braulst01
993,Brian Ellington,25,MIA,NL,32,0,0,33.0,2,0,2,0,0,1.000,,,0,0,0.55,1.58,0.06,1.58,,,,,,,1,,ellinbr02
994,Chasen Shreve,25,NYY,AL,37,0,0,33.0,9,2,7,0,0,1.000,,,2,12,2.45,1.42,0.24,1.39,,,,,,,1,,shrevch01
995,Corey Knebel,24,MIL,NL,35,0,0,32.2,6,1,4,1,0,.833,,,0,0,1.38,1.60,0.14,1.58,,,,,,,1,,knebeco01
996,Chad Qualls,37,COL,NL,44,0,0,32.2,3,1,1,1,1,.667,,,-2,-12,0.55,1.60,0.05,1.58,,,,,,,1,,quallch01
997,José Ramírez,26,ATL,NL,33,0,0,32.2,1,0,1,0,0,1.000,,,-1,-6,0.28,1.60,0.03,1.58,,,,,,,1,,ramirjo02
998,Dixon Machado,24,DET,AL,8,3,2,32.0,17,5,12,0,1,1.000,2,71,2,75,4.78,4.19,2.13,4.21,,,,,,,/6H4,,machadi01
999,Alexi Ogando,32,ATL,NL,36,0,0,32.0,4,1,3,0,0,1.000,,,-2,-13,1.13,1.60,0.11,1.58,,,,,,,1,,ogandal01
1000,Seth Maness,27,STL,NL,29,0,0,31.2,12,4,6,2,0,.833,,,1,6,2.84,1.59,0.34,1.58,,,,,,,1,,manesse01
1001,Colton Murray,26,PHI,NL,24,0,0,31.2,4,2,2,0,0,1.000,,,-1,-6,1.14,1.59,0.17,1.58,,,,,,,1,,murraco02
1002,Brad Peacock,28,HOU,AL,10,5,0,31.2,4,2,2,0,0,1.000,,,0,0,1.14,1.42,0.40,1.39,,,,,,,1,,peacobr01
1003,Jeff Hoffman,23,COL,NL,8,6,0,31.1,6,3,2,1,1,.833,,,0,0,1.44,1.58,0.63,1.58,,,,,,,/1,,hoffmje02
1004,Anthony Ranaudo,26,2TM,AL,9,5,0,31.1,5,1,4,0,0,1.000,,,0,0,1.44,1.41,0.56,1.39,,,,,,,/1,,ranauan01
1005,Erik Johnson,26,2TM,2LG,6,6,0,31.1,5,3,2,0,1,1.000,,,-2,-13,1.44,1.52,0.83,1.52,,,,,,,/1,,johnser04
1006,Jorge Alfaro,23,PHI,NL,4,4,3,31.0,27,27,0,0,0,1.000,-1,-39,-1,-39,7.84,8.80,6.75,8.75,1,5,0,1,100.0,0,/2H,,alfarjo01
1007,Gavin Floyd,33,TOR,AL,28,0,0,31.0,2,0,2,0,0,1.000,,,1,6,0.58,1.42,0.07,1.39,,,,,,,1,,floydga01
1008,Darren O'Day,33,BAL,AL,34,0,0,31.0,2,1,1,0,0,1.000,,,0,0,0.58,1.42,0.06,1.39,,,,,,,1,,odayda01
1009,Max Stassi,25,HOU,AL,8,2,1,31.0,22,22,0,0,0,1.000,0,0,0,0,6.39,8.56,2.75,8.48,1,0,3,0,0.0,0,/2H,,stassma01
1010,Anthony Swarzak,30,NYY,AL,26,0,0,31.0,4,2,2,0,0,1.000,,,0,0,1.16,1.42,0.15,1.39,,,,,,,1,,swarzan01
1011,Sergio Romo,33,SFG,NL,40,0,0,30.2,2,2,0,0,0,1.000,,,0,0,0.59,1.58,0.05,1.58,,,,,,,1,,romose01
1012,Odrisamer Despaigne,29,2TM,2LG,19,0,0,30.1,2,0,2,0,1,1.000,,,-1,-7,0.59,1.42,0.11,1.42,,,,,,,1,,despaod01
1013,Michael Ynoa,24,CHW,AL,23,0,0,30.0,8,1,6,1,0,.875,,,1,7,2.10,1.41,0.30,1.39,,,,,,,1,,ynoami01
1014,Jason Rogers,28,PIT,NL,9,3,0,29.2,22,21,1,0,3,1.000,0,0,0,0,6.67,6.55,2.44,6.11,,,,,,,H/35,,rogerja02
1015,Chaz Roe,29,2TM,2LG,30,0,0,29.2,4,2,2,0,1,1.000,,,-2,-13,1.21,1.52,0.13,1.52,,,,,,,1,,roech01
1016,Jharel Cotton,24,OAK,AL,5,5,0,29.1,2,1,1,0,1,1.000,,,-1,-7,0.61,1.41,0.40,1.40,,,,,,,/1,,cottojh01
1017,Buck Farmer,25,DET,AL,14,1,0,29.1,10,6,4,0,0,1.000,,,1,7,3.07,1.41,0.71,1.39,,,,,,,1,,farmebu01
1018,Matt Dominguez,26,TOR,AL,4,3,3,29.0,20,16,4,0,1,1.000,0,0,1,41,6.21,4.62,5.00,4.20,,,,,,,/53H,,dominma01
1019,Nick Goody,24,NYY,AL,27,0,0,29.0,4,1,3,0,0,1.000,,,-1,-7,1.24,1.40,0.15,1.39,,,,,,,1,,goodyni01
1020,Óscar Hernández,22,ARI,NL,4,3,2,29.0,25,25,0,0,0,1.000,0,0,0,0,7.76,8.81,6.25,8.75,1,1,0,0,,0,/2,,hernaos01
1021,Darin Mastroianni,30,MIN,AL,6,3,3,29.0,4,4,0,0,0,1.000,0,0,0,0,1.24,2.14,0.67,2.12,,,,,,,/9H78,,mastrda01
1022,Brandon Snyder,29,ATL,NL,4,3,2,29.0,11,6,4,1,0,.909,-2,-87,-1,-41,3.10,3.29,2.50,4.03,,,,,,,H/537,,snydebr03
1023,Eric O'Flaherty,31,ATL,NL,39,0,0,28.2,3,0,2,1,0,.667,,,-2,-14,0.63,1.60,0.05,1.58,,,,,,,1,,oflaher01
1024,Tyler Cravy,26,MIL,NL,20,2,0,28.1,5,3,2,0,0,1.000,,,0,0,1.59,1.59,0.25,1.58,,,,,,,1,,cravyty01
1025,Chris Bassitt,27,OAK,AL,5,5,0,28.0,1,1,0,0,0,1.000,,,-1,-7,0.32,1.41,0.20,1.40,,,,,,,/1,,bassich01
1026,Kevan Smith,28,CHW,AL,6,3,2,28.0,13,12,1,0,1,1.000,0,0,0,0,4.18,8.58,2.17,8.48,0,1,2,1,33.3,0,/2D,,smithke04
1027,Jacob Stallings,26,PIT,NL,4,3,3,28.0,28,28,0,0,0,1.000,0,0,0,0,9.00,8.81,7.00,8.75,0,2,0,0,,0,/2H,,stallja01
1028,Brock Stewart,24,LAD,NL,7,5,0,28.0,3,0,3,0,0,1.000,,,0,0,0.96,1.58,0.43,1.59,,,,,,,/1,,stewabr01
1029,Will Venable,33,LAD,NL,5,3,1,28.0,6,6,0,0,0,1.000,0,0,0,0,1.93,2.06,1.20,2.06,,,,,,,/H97,,venabwi01
1030,Alec Asher,24,PHI,NL,5,5,0,27.2,7,3,4,0,1,1.000,,,0,0,2.28,1.59,1.40,1.58,,,,,,,/1,,asheral01
1031,Mike Bolsinger,28,LAD,NL,6,6,0,27.2,5,1,4,0,0,1.000,,,-1,-7,1.63,1.59,0.83,1.58,,,,,,,/1,,bolsimi01
1032,Elvis Araújo,24,PHI,NL,32,0,0,27.1,4,1,3,0,0,1.000,,,0,0,1.32,1.58,0.13,1.58,,,,,,,1,,araujel01
1033,Tommy Kahnle,26,CHW,AL,29,0,0,27.1,10,6,4,0,0,1.000,,,1,7,3.29,1.42,0.34,1.39,,,,,,,1,,kahnlto01
1034,Zach Putnam,28,CHW,AL,25,0,0,27.1,2,0,2,0,1,1.000,,,0,0,0.66,1.42,0.08,1.39,,,,,,,1,,putnaza01
1035,Joel Peralta,40,2TM,2LG,31,0,0,27.1,3,1,2,0,0,1.000,,,0,0,0.99,1.45,0.10,1.42,,,,,,,1,,peraljo01
1036,Joey Gallo,22,TEX,AL,6,2,2,27.0,21,14,6,1,3,.952,-2,-76,-1,-44,6.67,4.77,3.33,3.68,,,,,,,/H5D3,,gallojo01
1037,Dominic Leone,24,ARI,NL,25,0,0,27.0,2,1,0,1,1,.500,,,-2,-15,0.33,1.60,0.04,1.58,,,,,,,1,,leonedo01
1038,Adam Ottavino,30,COL,NL,34,0,0,27.0,3,3,0,0,0,1.000,,,0,0,1.00,1.60,0.09,1.58,,,,,,,1,,ottavad01
1039,Juniel Querecuto,23,TBR,AL,4,3,3,27.0,6,3,3,0,0,1.000,0,-4,0,0,2.00,3.87,1.50,3.90,,,,,,,/456,,quereju01
1040,Jacob Barnes,26,MIL,NL,27,0,0,26.2,6,2,3,1,0,.833,,,0,0,1.69,1.59,0.19,1.58,,,,,,,1,,barneja01
1041,Steve Geltz,28,TBR,AL,27,0,0,26.2,2,1,1,0,0,1.000,,,0,0,0.68,1.42,0.07,1.39,,,,,,,1,,geltzst01
1042,Taylor Jungmann,26,MIL,NL,8,6,0,26.2,7,3,4,0,0,1.000,,,1,8,2.36,1.59,0.88,1.58,,,,,,,/1,,jungmta01
1043,Javier López,38,SFG,NL,68,0,0,26.2,8,1,7,0,2,1.000,,,0,0,2.70,1.59,0.12,1.58,,,,,,,1,,lopezja02
1044,Dario Álvarez,27,2TM,2LG,26,0,0,26.2,2,0,2,0,0,1.000,,,0,0,0.68,1.52,0.08,1.51,,,,,,,1,,alvarda01
1045,Grant Dayton,28,LAD,NL,25,0,0,26.1,2,1,1,0,0,1.000,,,0,0,0.68,1.57,0.08,1.58,,,,,,,1,,daytogr01
1046,Scott Oberg,26,COL,NL,24,0,0,26.0,4,1,3,0,0,1.000,,,1,8,1.38,1.59,0.17,1.58,,,,,,,1,,obergsc01
1047,Taylor Featherston,26,PHI,NL,4,3,2,25.2,15,9,6,0,3,1.000,0,14,0,0,5.26,4.59,3.75,4.55,,,,,,,H/4,,feathta01
1048,Blaine Hardy,29,DET,AL,21,0,0,25.2,6,2,4,0,1,1.000,,,1,8,2.10,1.40,0.29,1.39,,,,,,,1,,hardybl01
1049,Cody Martin,26,SEA,AL,9,2,0,25.2,2,0,2,0,0,1.000,,,0,0,0.70,1.40,0.22,1.39,,,,,,,/1,,martico01
1050,Chris Beck,25,CHW,AL,25,0,0,25.1,1,1,0,0,0,1.000,,,-1,-8,0.36,1.42,0.04,1.39,,,,,,,1,,beckch02
1051,Alex Meyer,26,2TM,AL,7,6,0,25.1,2,1,1,0,0,1.000,,,0,0,0.71,1.42,0.29,1.40,,,,,,,/1,,meyeral01
1052,Kyle Lobstein,26,PIT,NL,14,0,0,25.0,5,1,4,0,0,1.000,,,1,8,1.80,1.58,0.36,1.58,,,,,,,1,,lobstky01
1053,Bryan Mitchell,25,NYY,AL,5,5,0,25.0,1,0,1,0,0,1.000,,,1,8,0.36,1.40,0.20,1.40,,,,,,,/1,,mitchbr01
1054,Ryan O'Rourke,28,MIN,AL,26,0,0,25.0,5,3,2,0,0,1.000,,,0,0,1.80,1.40,0.19,1.39,,,,,,,1,,orourry01
1055,Daniel Vogelbach,23,SEA,AL,4,3,2,25.0,21,20,1,0,3,1.000,-1,-38,-1,-48,7.56,8.96,5.25,8.88,,,,,,,/3HD,,vogelda01
1056,Christian Bergman,28,COL,NL,15,1,0,24.2,3,0,3,0,0,1.000,,,0,0,1.09,1.61,0.20,1.58,,,,,,,1,,bergmch01
1057,Silvino Bracho,23,ARI,NL,26,0,0,24.2,4,2,2,0,0,1.000,,,1,8,1.46,1.61,0.15,1.58,,,,,,,1,,brachsi01
1058,T.J. McFarland,27,BAL,AL,16,0,0,24.2,3,0,3,0,0,1.000,,,0,0,1.09,1.42,0.19,1.39,,,,,,,1,,mcfartj01
1059,Cory Rasmus,28,LAA,AL,19,1,0,24.2,2,0,2,0,0,1.000,,,0,0,0.73,1.42,0.11,1.39,,,,,,,1,,rasmuco02
1060,Chris Smith,35,OAK,AL,13,0,0,24.2,4,2,2,0,0,1.000,,,0,0,1.46,1.42,0.31,1.39,,,,,,,1,,smithch08
1061,Jacob Turner,25,CHW,AL,18,2,0,24.2,3,2,1,0,0,1.000,,,-1,-8,1.09,1.42,0.17,1.39,,,,,,,1,,turneja01
1062,Rob Whalen,22,ATL,NL,5,5,0,24.2,8,2,5,1,1,.875,,,-1,-8,2.55,1.61,1.40,1.58,,,,,,,/1H,,whalero01
1063,Brad Boxberger,28,TBR,AL,27,0,0,24.1,5,2,3,0,0,1.000,,,-1,-8,1.85,1.41,0.19,1.39,,,,,,,1,,boxbebr01
1064,Caleb Cotham,28,CIN,NL,23,0,0,24.1,4,0,3,1,1,.750,,,0,0,1.11,1.59,0.13,1.58,,,,,,,1,,cothaca01
1065,Kris Medlen,30,KCR,AL,6,6,0,24.1,4,2,2,0,1,1.000,,,0,0,1.48,1.41,0.67,1.38,,,,,,,/1,,medlekr01
1066,Dillon Overton,24,OAK,AL,7,5,0,24.1,6,1,5,0,0,1.000,,,2,16,2.22,1.41,0.86,1.39,,,,,,,/1,,overtdi01
1067,Chris Capuano,37,MIL,NL,16,0,0,24.0,2,0,1,1,0,.500,,,0,0,0.38,1.58,0.06,1.58,,,,,,,1,,capuach01
1068,José Martínez,27,STL,NL,5,2,1,24.0,6,6,0,0,0,1.000,-1,-45,-1,-50,2.25,2.66,1.20,3.44,,,,,,,/H73,,martijo08
1069,Neil Ramírez,27,3TM,2LG,18,0,0,24.0,3,1,2,0,0,1.000,,,0,0,1.13,1.50,0.17,1.49,,,,,,,1,,ramirne01
1070,Drew Hutchison,25,2TM,2LG,9,3,0,24.0,1,0,1,0,0,1.000,,,0,0,0.38,1.50,0.11,1.52,,,,,,,/1,,hutchdr01
1071,Edwin Escobar,24,ARI,NL,25,2,0,23.2,6,3,3,0,0,1.000,,,0,0,2.28,1.60,0.24,1.58,,,,,,,1,,escobed02
1072,Andre Ethier,34,LAD,NL,4,2,1,23.2,5,5,0,0,0,1.000,-1,-71,-1,-51,1.90,2.09,1.25,2.05,,,,,,,H/7D,,ethiean01
1073,Jason Motte,34,COL,NL,30,0,0,23.2,6,1,5,0,1,1.000,,,0,0,2.28,1.60,0.20,1.58,,,,,,,1,,motteja01
1074,Tyler Glasnow,22,PIT,NL,7,4,0,23.1,3,0,2,1,1,.667,,,-3,-26,0.77,1.58,0.29,1.59,,,,,,,/1,,glasnty01
1075,José Váldez,26,LAA,AL,25,0,0,23.1,5,2,3,0,0,1.000,,,0,0,1.93,1.43,0.20,1.39,,,,,,,1,,valdejo03
1076,Homer Bailey,30,CIN,NL,6,6,0,23.0,4,3,1,0,0,1.000,,,-1,-9,1.57,1.60,0.67,1.58,,,,,,,/1,,baileho02
1077,Richard Bleier,29,NYY,AL,23,0,0,23.0,6,1,5,0,0,1.000,,,1,9,2.35,1.41,0.26,1.39,,,,,,,1,,bleieri01
1078,JT Chargois,25,MIN,AL,25,0,0,23.0,1,0,1,0,0,1.000,,,-1,-9,0.39,1.41,0.04,1.39,,,,,,,1,,chargjt01
1079,Dana Eveland,32,TBR,AL,33,0,0,23.0,3,0,3,0,0,1.000,,,-4,-35,1.17,1.41,0.09,1.39,,,,,,,1,,evelada01
1080,Andrew Chafin,26,ARI,NL,32,0,0,22.2,4,1,3,0,0,1.000,,,-1,-9,1.59,1.59,0.13,1.58,,,,,,,1,,chafian01
1081,Raúl Alcantara,23,OAK,AL,5,5,0,22.1,2,0,2,0,0,1.000,,,-1,-9,0.81,1.41,0.40,1.40,,,,,,,/1,,alcanra01
1082,Jeimer Candelario,22,CHC,NL,3,2,2,22.1,5,1,3,1,0,.800,0,11,1,54,1.61,2.50,1.33,2.50,,,,,,,/5H,,candeje01
1083,John Danks,31,CHW,AL,4,4,0,22.1,4,1,3,0,1,1.000,,,1,9,1.61,1.41,1.00,1.40,,,,,,,/1,,danksjo01
1084,Huston Street,32,LAA,AL,26,0,0,22.1,5,2,3,0,0,1.000,,,0,0,2.01,1.41,0.19,1.39,,,,,,,1,,streehu01
1085,Leonel Campos,28,SDP,NL,18,0,0,22.0,5,1,4,0,0,1.000,,,0,0,2.05,1.60,0.28,1.58,,,,,,,1,,campole01
1086,Alex Cobb,28,TBR,AL,5,5,0,22.0,8,1,6,1,0,.875,,,0,0,2.86,1.39,1.40,1.40,,,,,,,/1,,cobbal01
1087,James Hoyt,29,HOU,AL,22,0,0,22.0,7,3,3,1,0,.857,,,0,0,2.45,1.39,0.27,1.39,,,,,,,1,,hoytja01
1088,Dean Kiekhefer,27,STL,NL,26,0,0,22.0,5,2,3,0,0,1.000,,,1,9,2.05,1.60,0.19,1.58,,,,,,,1,,kiekhde01
1089,Henry Owens,23,BOS,AL,5,5,0,22.0,0,0,0,0,0,,,,0,0,0.00,1.39,0.00,1.40,,,,,,,/1,,owenshe02
1090,Chris Parmelee,28,NYY,AL,6,2,1,22.0,25,21,4,0,0,1.000,1,76,0,0,10.23,8.96,4.17,8.87,,,,,,,/3,,parmech01
1091,Matt Strahm,24,KCR,AL,21,0,0,22.0,1,1,0,0,0,1.000,,,0,0,0.41,1.39,0.05,1.39,,,,,,,1,,strahma01
1092,Pat Venditte,31,2TM,AL,15,0,0,22.0,3,0,3,0,1,1.000,,,0,0,1.23,1.43,0.20,1.39,,,,,,,1,,vendipa01
1093,Casey Kelly,26,ATL,NL,10,1,0,21.2,8,4,4,0,1,1.000,,,0,0,3.32,1.58,0.80,1.58,,,,,,,1,,kellyca01
1094,Michael Mariot,27,PHI,NL,25,0,0,21.2,4,1,3,0,0,1.000,,,1,9,1.66,1.58,0.16,1.58,,,,,,,1,,mariomi01
1095,Spencer Patton,28,CHC,NL,16,0,0,21.2,2,2,0,0,0,1.000,0,0,-1,-9,0.83,1.62,0.12,1.61,,,,,,,1/7,,pattosp01
1096,Brent Suter,26,MIL,NL,14,2,0,21.2,7,1,5,1,0,.857,,,2,18,2.49,1.58,0.43,1.58,,,,,,,1,,suterbr01
1097,Keith Hessler,27,2TM,NL,17,0,0,21.2,4,0,4,0,1,1.000,,,0,0,1.66,1.58,0.24,1.58,,,,,,,1,,hesslke01
1098,Lucas Giolito,21,WSN,NL,6,4,0,21.1,4,1,3,0,0,1.000,,,0,0,1.69,1.60,0.67,1.58,,,,,,,/1,,giolilu01
1099,Adam Moore,32,CLE,AL,9,1,1,21.1,24,21,2,1,1,.958,0,0,0,0,9.70,8.56,2.56,8.48,0,2,2,2,50.0,0,/2,,mooread01
1100,Jon Moscot,24,CIN,NL,5,5,0,21.1,3,1,1,1,0,.667,,,-2,-19,0.84,1.60,0.40,1.58,,,,,,,/1,,moscojo01
1101,Sean O'Sullivan,28,BOS,AL,5,4,0,21.1,3,0,2,1,0,.667,,,-2,-19,0.84,1.39,0.40,1.40,,,,,,,/1,,osullse01
1102,Germán Márquez,21,COL,NL,6,3,0,20.2,4,1,3,0,0,1.000,,,1,10,1.74,1.61,0.67,1.58,,,,,,,/1,,marquge01
1103,Rusney Castillo,28,BOS,AL,4,2,2,20.0,6,6,0,0,0,1.000,1,60,1,60,2.70,2.16,1.50,2.13,,,,,,,/HD789,,castiru02
1104,Joba Chamberlain,30,CLE,AL,20,0,0,20.0,5,0,5,0,0,1.000,,,1,10,2.25,1.40,0.25,1.39,,,,,,,1,,chambjo03
1105,Brayan Peña,34,STL,NL,4,2,2,20.0,17,15,1,1,0,.941,-1,-60,-2,-120,7.20,8.82,4.00,8.83,1,3,4,0,0.0,0,/H23,,penabr01
1106,Luis Avilán,26,LAD,NL,27,0,0,19.2,5,0,4,1,0,.800,,,-1,-10,1.83,1.60,0.15,1.58,,,,,,,1,,avilalu01
1107,Koda Glover,23,WSN,NL,19,0,0,19.2,5,1,3,1,0,.800,,,-1,-10,1.83,1.60,0.21,1.58,,,,,,,1,,gloveko01
1108,Phil Klein,27,2TM,2LG,12,2,0,19.1,3,2,1,0,1,1.000,,,0,0,1.40,1.54,0.25,1.45,,,,,,,1,,kleinph01
1109,Scott Alexander,26,KCR,AL,17,0,0,19.0,4,1,2,1,1,.750,,,-1,-11,1.42,1.42,0.18,1.39,,,,,,,1,,alexasc02
1110,Rafael Montero,25,NYM,NL,9,3,0,19.0,2,0,2,0,0,1.000,,,0,0,0.95,1.61,0.22,1.58,,,,,,,/1,,montera01
1111,Drew VerHagen,25,DET,AL,19,0,0,19.0,4,0,4,0,0,1.000,,,-1,-11,1.89,1.42,0.21,1.39,,,,,,,1,,verhadr01
1112,J.J. Hoover,28,CIN,NL,18,0,0,18.2,1,0,1,0,0,1.000,,,0,0,0.48,1.59,0.06,1.58,,,,,,,1,,hoovejj01
1113,Austin Adams,29,CLE,AL,19,0,0,18.1,1,0,0,1,0,.000,,,0,0,0.00,1.42,0.00,1.39,,,,,,,1,,adamsau01
1114,Donnie Hart,25,BAL,AL,22,0,0,18.1,6,1,5,0,1,1.000,,,0,0,2.95,1.42,0.27,1.39,,,,,,,1,,hartdo01
1115,Greg Mahle,23,LAA,AL,24,0,0,18.1,4,0,4,0,0,1.000,,,0,0,1.96,1.42,0.17,1.39,,,,,,,1,,mahlegr01
1116,Tyler Sturdevant,30,TBR,AL,16,0,0,18.1,4,2,2,0,2,1.000,,,0,0,1.96,1.42,0.25,1.39,,,,,,,1,,sturdty01
1117,Ryan Tepera,28,TOR,AL,20,0,0,18.1,4,2,2,0,0,1.000,,,1,11,1.96,1.42,0.20,1.39,,,,,,,1,,teperry01
1118,Gabriel Ynoa,23,NYM,NL,10,3,0,18.1,4,3,1,0,0,1.000,,,0,0,1.96,1.57,0.40,1.58,,,,,,,1,,ynoaga01
1119,Oliver Drake,29,BAL,AL,14,0,0,18.0,5,2,3,0,0,1.000,,,0,0,2.50,1.40,0.36,1.39,,,,,,,1,,drakeol01
1120,Matt Koch,25,ARI,NL,7,2,0,18.0,0,0,0,0,0,,,,0,0,0.00,1.60,0.00,1.59,,,,,,,/1,,kochma01
1121,Matt Purke,25,CHW,AL,12,0,0,18.0,3,0,3,0,1,1.000,,,1,11,1.50,1.40,0.25,1.39,,,,,,,1,,purkema01
1122,Miguel Socolovich,29,STL,NL,15,0,0,18.0,5,2,3,0,0,1.000,,,-1,-11,2.50,1.60,0.33,1.58,,,,,,,1,,socolmi01
1123,Sean Gilmartin,26,NYM,NL,14,1,0,17.2,5,0,5,0,0,1.000,,,0,0,2.55,1.58,0.36,1.58,,,,,,,1,,gilmase01
1124,Bryan Morris,29,MIA,NL,24,0,0,17.2,2,0,2,0,0,1.000,,,1,11,1.02,1.58,0.08,1.58,,,,,,,1,,morribr01
1125,Charlie Morton,32,PHI,NL,4,4,0,17.1,3,1,2,0,0,1.000,,,0,0,1.56,1.61,0.75,1.58,,,,,,,/1,,mortoch02
1126,Kyle Waldrop,24,CIN,NL,4,2,0,17.1,4,4,0,0,0,1.000,0,21,0,0,2.08,2.08,1.00,2.05,,,,,,,H/79D,,waldrky02
1127,Ryan Webb,30,TBR,AL,18,0,0,17.1,6,1,5,0,1,1.000,,,0,0,3.12,1.40,0.33,1.39,,,,,,,1,,webbry01
1128,Jerome Williams,34,STL,NL,11,0,0,17.1,5,4,1,0,1,1.000,,,1,12,2.60,1.61,0.45,1.58,,,,,,,1,,willije01
1129,Alex Wimmers,27,MIN,AL,16,0,0,17.1,5,3,1,1,0,.800,,,-2,-23,2.08,1.40,0.25,1.39,,,,,,,1,,wimmeal01
1130,Blake Parker,31,2TM,AL,17,0,0,17.1,2,2,0,0,0,1.000,,,0,0,1.04,1.45,0.12,1.39,,,,,,,1,,parkebl01
1131,Andrew Albers,30,MIN,AL,6,2,0,17.0,4,1,3,0,1,1.000,,,1,12,2.12,1.43,0.67,1.38,,,,,,,/1,,alberan01
1132,Ty Blach,25,SFG,NL,4,2,0,17.0,2,2,0,0,0,1.000,,,0,0,1.06,1.59,0.50,1.58,,,,,,,/1,,blachty01
1133,Brandon Cunniff,27,ATL,NL,15,0,0,17.0,3,0,2,1,0,.667,,,0,0,1.06,1.59,0.13,1.58,,,,,,,1,,cunnibr02
1134,José De León,23,LAD,NL,4,4,0,17.0,7,2,4,1,0,.857,,,-1,-12,3.18,1.59,1.50,1.58,,,,,,,/1,,deleojo03
1135,Matt Thornton,39,SDP,NL,18,0,0,17.0,1,1,0,0,0,1.000,,,-1,-12,0.53,1.59,0.06,1.58,,,,,,,1,,thornma01
1136,Steve Johnson,28,SEA,AL,16,0,0,16.2,2,1,1,0,0,1.000,,,0,0,1.08,1.40,0.13,1.39,,,,,,,1,,johnsst02
1137,Pat Light,25,2TM,AL,17,0,0,16.2,7,2,5,0,1,1.000,,,2,24,3.78,1.40,0.41,1.39,,,,,,,1,,lightpa01
1138,Bo Schultz,30,TOR,AL,16,0,0,16.1,5,3,2,0,0,1.000,,,0,0,2.76,1.43,0.31,1.39,,,,,,,1,,schulbo02
1139,Jesús Aguilar,26,CLE,AL,7,1,1,16.0,18,18,0,0,2,1.000,0,15,0,0,10.13,8.94,2.57,8.87,,,,,,,/3HD,,aguilje01
1140,Kyle Crockett,24,CLE,AL,29,0,0,16.0,4,1,3,0,0,1.000,,,1,13,2.25,1.41,0.14,1.39,,,,,,,1,,crockky01
1141,Brandon Morrow,31,SDP,NL,18,0,0,16.0,2,0,2,0,0,1.000,,,-1,-13,1.13,1.58,0.11,1.58,,,,,,,1,,morrobr01
1142,Rob Zastryzny,24,CHC,NL,8,1,0,16.0,3,1,2,0,0,1.000,,,-1,-13,1.69,1.58,0.38,1.58,,,,,,,/1,,zastrro01
1143,Matt Carasiti,24,COL,NL,19,0,0,15.2,4,2,2,0,1,1.000,,,0,0,2.30,1.61,0.21,1.58,,,,,,,1,,carasma01
1144,Robbie Erlin,25,SDP,NL,3,2,0,15.2,1,0,1,0,0,1.000,,,0,0,0.57,1.61,0.33,1.57,,,,,,,/1,,erlinro01
1145,Nefi Ogando,27,MIA,NL,14,0,0,15.2,6,3,3,0,0,1.000,,,0,0,3.45,1.61,0.43,1.58,,,,,,,1,,ogandne01
1146,Wilfredo Boscán,26,PIT,NL,6,1,0,15.1,6,1,5,0,0,1.000,,,0,0,3.52,1.58,1.00,1.58,,,,,,,/1,,boscawi01
1147,Luis García,29,PHI,NL,17,0,0,15.1,2,0,2,0,0,1.000,,,0,0,1.17,1.58,0.12,1.58,,,,,,,1,,garcilu03
1148,Jandel Gustave,23,HOU,AL,14,0,0,15.1,2,1,1,0,0,1.000,,,-1,-13,1.17,1.41,0.14,1.39,,,,,,,1,,gustaja01
1149,Evan Marshall,26,ARI,NL,15,0,0,15.1,3,0,3,0,0,1.000,,,0,0,1.76,1.58,0.20,1.58,,,,,,,1,,marshev01
1150,Josh Smoker,27,NYM,NL,20,0,0,15.1,1,0,1,0,1,1.000,,,-1,-13,0.59,1.58,0.05,1.58,,,,,,,1,,smokejo01
1151,Dylan Floro,25,TBR,AL,12,0,0,15.0,5,2,3,0,1,1.000,,,1,13,3.00,1.44,0.42,1.39,,,,,,,1,,florody01
1152,Frank Herrmann,32,PHI,NL,14,0,0,15.0,2,0,1,1,0,.500,,,1,13,0.60,1.62,0.07,1.58,,,,,,,1,,herrmfr01
1153,Ryan LaMarre,27,BOS,AL,4,1,1,15.0,3,3,0,0,0,1.000,0,-24,0,0,1.80,2.10,0.75,1.95,,,,,,,/H719,,lamarry01
1154,José Leclerc,22,TEX,AL,12,0,0,15.0,2,0,2,0,0,1.000,,,0,0,1.20,1.44,0.17,1.39,,,,,,,1,,leclejo01
1155,Miguel Castro,21,COL,NL,19,0,0,14.2,8,3,4,1,1,.875,,,0,0,4.30,1.60,0.37,1.58,,,,,,,1,,castrmi01
1156,Steve Hathaway,25,ARI,NL,24,0,0,14.2,3,1,2,0,0,1.000,,,-1,-14,1.84,1.60,0.13,1.58,,,,,,,1,,hathast01
1157,Aaron Loup,28,TOR,AL,21,0,0,14.1,5,0,5,0,1,1.000,,,1,14,3.14,1.38,0.24,1.39,,,,,,,1,,loupaa01
1158,Chase Whitley,27,TBR,AL,5,1,0,14.1,3,1,2,0,0,1.000,,,0,0,1.88,1.38,0.60,1.40,,,,,,,/1,,whitlch01
1159,Craig Breslow,35,MIA,NL,15,0,0,14.0,2,0,2,0,0,1.000,,,1,14,1.29,1.61,0.13,1.58,,,,,,,1,,breslcr01
1160,Austin Brice,24,MIA,NL,15,0,0,14.0,3,1,0,2,0,.333,,,0,0,0.64,1.61,0.07,1.58,,,,,,,1,,briceau01
1161,Blake Lalli,33,ATL,NL,4,1,1,14.0,10,10,0,0,5,1.000,0,-17,0,0,6.43,9.06,2.50,9.00,,,,,,,/H3,,lallibl01
1162,Steven Okert,24,SFG,NL,16,0,0,14.0,0,0,0,0,0,,,,0,0,0.00,1.61,0.00,1.58,,,,,,,1,,okertst01
1163,Evan Scribner,30,SEA,AL,12,0,0,14.0,0,0,0,0,0,,,,0,0,0.00,1.41,0.00,1.39,,,,,,,1,,scribev01
1164,Danny Barnes,26,TOR,AL,12,0,0,13.2,1,0,1,0,0,1.000,,,0,0,0.66,1.38,0.08,1.39,,,,,,,1,,barneda02
1165,Tony Zych,25,SEA,AL,12,0,0,13.2,1,0,0,1,0,.000,,,-1,-15,0.00,1.38,0.00,1.39,,,,,,,1,,zychto01
1166,Zac Curtis,23,ARI,NL,21,0,0,13.1,5,1,4,0,0,1.000,,,1,15,3.38,1.55,0.24,1.58,,,,,,,1,,curtiza01
1167,Brian Duensing,33,BAL,AL,14,0,0,13.1,3,1,2,0,0,1.000,,,1,15,2.03,1.42,0.21,1.39,,,,,,,1,,duensbr01
1168,Eddie Gamboa,31,TBR,AL,7,0,0,13.1,6,0,6,0,0,1.000,,,2,30,4.05,1.42,0.86,1.39,,,,,,,/1,,gamboed01
1169,Johnny Barbato,23,NYY,AL,13,0,0,13.0,1,0,0,1,0,.000,,,0,0,0.00,1.38,0.00,1.39,,,,,,,1,,barbajo01
1170,Jake Esch,26,MIA,NL,3,3,0,13.0,1,0,1,0,0,1.000,,,0,0,0.69,1.59,0.33,1.57,,,,,,,/1,,eschja01
1171,Ryan Kalish,28,CHC,NL,3,1,1,13.0,3,3,0,0,0,1.000,0,-9,0,0,2.08,2.08,1.00,2.07,,,,,,,/H79,,kalisry01
1172,Noé Ramirez,26,BOS,AL,14,0,0,13.0,1,0,1,0,0,1.000,,,0,0,0.69,1.38,0.07,1.39,,,,,,,1,,ramirno01
1173,Brooks Pounders,25,KCR,AL,13,0,0,12.2,1,0,1,0,0,1.000,,,0,0,0.71,1.42,0.08,1.39,,,,,,,1,,poundbr01
1174,J.B. Wendelken,23,OAK,AL,8,0,0,12.2,0,0,0,0,0,,,,-1,-16,0.00,1.42,0.00,1.39,,,,,,,/1,,wendejb01
1175,Trevor Williams,24,PIT,NL,7,1,0,12.2,2,2,0,0,0,1.000,,,0,0,1.42,1.56,0.29,1.59,,,,,,,/1,,willitr01
1176,Dan Altavilla,23,SEA,AL,15,0,0,12.1,1,0,1,0,0,1.000,,,0,0,0.73,1.39,0.07,1.39,,,,,,,1,,altavda01
1177,Andy Wilkins,27,MIL,NL,4,1,0,12.1,12,11,0,1,1,.917,-1,-78,-1,-97,8.03,7.95,2.75,7.28,,,,,,,H/39,,wilkian01
1178,Rio Ruiz,22,ATL,NL,2,1,1,12.0,5,0,5,0,0,1.000,1,100,0,0,3.75,2.55,2.50,2.50,,,,,,,/H5,,ruizri01
1179,Tomás Telis,25,MIA,NL,3,1,1,12.0,10,8,2,0,0,1.000,0,0,-1,-100,7.50,8.78,3.33,8.77,0,1,2,0,0.0,0,/H2,,telisto01
1180,Jason Vargas,33,KCR,AL,3,3,0,12.0,2,1,1,0,0,1.000,,,0,0,1.50,1.43,0.67,1.40,,,,,,,/1,,vargaja01
1181,Carson Fulmer,22,CHW,AL,8,0,0,11.2,4,1,3,0,0,1.000,,,1,17,3.09,1.39,0.50,1.39,,,,,,,/1,,fulmeca01
1182,Luke Jackson,24,TEX,AL,8,0,0,11.2,1,0,1,0,0,1.000,,,0,0,0.77,1.39,0.13,1.39,,,,,,,/1,,jackslu01
1183,Cody Ege,25,2TM,2LG,18,0,0,11.2,1,1,0,0,0,1.000,,,0,0,0.77,1.47,0.06,1.44,,,,,,,1,,egeco01
1184,Brett Anderson,28,LAD,NL,4,3,0,11.1,3,0,3,0,0,1.000,,,-1,-18,2.38,1.59,0.75,1.58,,,,,,,/1,,anderbr04
1185,Andy Burns,25,TOR,AL,6,0,0,11.0,6,0,6,0,1,1.000,0,44,1,109,4.91,3.19,1.00,3.58,,,,,,,/H537,,burnsan01
1186,Dalier Hinojosa,30,PHI,NL,10,0,0,11.0,4,1,3,0,0,1.000,,,-1,-18,3.27,1.55,0.40,1.58,,,,,,,1,,hinojda01
1187,Ryan Merritt,24,CLE,AL,4,1,0,11.0,3,0,3,0,1,1.000,,,0,0,2.45,1.39,0.75,1.40,,,,,,,/1,,merriry01
1188,Pablo Sandoval,29,BOS,AL,2,1,1,11.0,5,1,3,1,0,.800,0,-44,-1,-109,3.27,2.70,2.00,2.65,,,,,,,/5H,,sandopa01
1189,Shawn Armstrong,25,CLE,AL,10,0,0,10.2,2,1,1,0,0,1.000,,,0,0,1.69,1.43,0.20,1.39,,,,,,,1,,armstsh01
1190,David Goforth,27,MIL,NL,10,0,0,10.2,2,0,2,0,0,1.000,,,0,0,1.69,1.60,0.20,1.58,,,,,,,1,,goforda01
1191,Rafael Lopez,28,CIN,NL,5,1,0,10.2,10,9,1,0,0,1.000,0,0,0,0,8.44,8.86,2.00,8.80,0,0,1,0,0.0,0,/H23D,,lopezra02
1192,Josh Edgin,29,NYM,NL,16,0,0,10.1,2,1,1,0,0,1.000,,,0,0,1.74,1.57,0.13,1.58,,,,,,,1,,edginjo01
1193,Chad Girodo,25,TOR,AL,14,0,0,10.1,4,3,0,1,0,.750,,,-1,-19,2.61,1.39,0.21,1.39,,,,,,,1,,girodch01
1194,Chi Chi González,24,TEX,AL,3,3,0,10.1,1,0,1,0,0,1.000,,,-1,-19,0.87,1.39,0.33,1.40,,,,,,,/1,,gonzach01
1195,Juan Minaya,25,CHW,AL,11,0,0,10.1,0,0,0,0,0,,,,0,0,0.00,1.39,0.00,1.39,,,,,,,1,,minayju01
1196,Dariel Álvarez,27,BAL,AL,1,1,1,10.0,1,1,0,0,0,1.000,1,60,0,0,0.90,2.16,1.00,2.10,,,,,,,/9H,,alvarda02
1197,Joe Colón,26,CLE,AL,11,0,0,10.0,2,0,2,0,0,1.000,,,1,20,1.80,1.44,0.18,1.39,,,,,,,1,,colonjo01
1198,A.J. Morris,29,CIN,NL,7,0,0,10.0,3,0,3,0,0,1.000,,,0,0,2.70,1.62,0.43,1.59,,,,,,,/1,,morriaj01
1199,Chris Stratton,25,SFG,NL,7,0,0,10.0,1,1,0,0,0,1.000,,,0,0,0.90,1.62,0.14,1.59,,,,,,,/1,,stratch01
1200,Tyler Wagner,25,ARI,NL,3,0,0,10.0,3,1,2,0,0,1.000,,,0,0,2.70,1.62,1.00,1.57,,,,,,,/1,,wagnety01
1201,Phil Coke,33,2TM,2LG,6,0,0,10.0,2,0,2,0,0,1.000,,,0,0,1.80,1.44,0.33,1.48,,,,,,,/1,,cokeph01
1202,Buddy Baumann,28,SDP,NL,11,0,0,9.2,0,0,0,0,0,,,,0,0,0.00,1.58,0.00,1.58,,,,,,,1,,baumabu01
1203,Jason Gurka,28,COL,NL,6,0,0,9.2,7,1,5,1,0,.857,,,1,21,5.59,1.58,1.00,1.58,,,,,,,/1,,gurkaja01
1204,Drew Hayes,28,CIN,NL,6,0,0,9.2,1,0,1,0,0,1.000,,,0,0,0.93,1.58,0.17,1.58,,,,,,,/1,,hayesdr01
1205,Josh Ravin,28,LAD,NL,10,0,0,9.2,1,0,1,0,0,1.000,,,0,0,0.93,1.58,0.10,1.58,,,,,,,1,,ravinjo01
1206,Joely Rodríguez,24,PHI,NL,12,0,0,9.2,0,0,0,0,0,,,,0,0,0.00,1.58,0.00,1.58,,,,,,,1,,rodrijo06
1207,Warwick Saupold,26,DET,AL,6,0,0,9.2,2,0,2,0,0,1.000,,,-1,-21,1.86,1.40,0.33,1.38,,,,,,,/1,,saupowa01
1208,Perci Garner,27,CLE,AL,8,0,0,9.1,2,0,2,0,0,1.000,,,0,0,1.93,1.45,0.25,1.39,,,,,,,/1,,garnepe01
1209,Kyle Lohse,37,TEX,AL,2,2,0,9.1,3,3,0,0,0,1.000,,,0,0,2.89,1.45,1.50,1.40,,,,,,,/1,,lohseky01
1210,David Rollins,26,SEA,AL,11,0,0,9.1,2,2,0,0,0,1.000,,,0,0,1.93,1.45,0.18,1.39,,,,,,,1,,rollida01
1211,Tony Cruz,29,KCR,AL,4,0,0,9.0,9,9,0,0,0,1.000,0,0,0,0,9.00,8.60,2.25,8.48,1,0,0,0,,0,/2,,cruzto03
1212,Elias Díaz,25,PIT,NL,1,1,1,9.0,11,7,4,0,0,1.000,1,133,0,0,11.00,8.80,11.00,8.80,0,0,0,1,100.0,1,/2,,diazel01
1213,Roberto Hernández,35,ATL,NL,2,2,0,9.0,3,2,1,0,0,1.000,,,0,0,3.00,1.60,1.50,1.60,,,,,,,/1,,carmofa01
1214,Justin Marks,28,TBR,AL,4,0,0,9.0,2,0,2,0,0,1.000,,,0,0,2.00,1.40,0.50,1.40,,,,,,,/1,,marksju01
1215,Tim Melville,26,CIN,NL,3,2,0,9.0,3,0,3,0,0,1.000,,,0,0,3.00,1.60,1.00,1.57,,,,,,,/1,,melviti01
1216,Félix Peña,26,CHC,NL,11,0,0,9.0,0,0,0,0,0,,,,0,0,0.00,1.60,0.00,1.58,,,,,,,1,,penafe01
1217,Sam Tuivailala,23,STL,NL,12,0,0,9.0,0,0,0,0,0,,,,0,0,0.00,1.60,0.00,1.58,,,,,,,1,,tuivasa01
1218,Zach Walters,26,LAD,NL,2,1,0,9.0,2,2,0,0,0,1.000,-1,-120,0,0,2.00,2.80,1.00,5.55,,,,,,,/H379,,walteza01
1219,Brian Matusz,29,2TM,2LG,8,1,0,9.0,1,0,1,0,0,1.000,,,0,0,1.00,1.40,0.13,1.41,,,,,,,/1,,matusbr01
1220,Cory Luebke,31,PIT,NL,9,0,0,8.2,1,0,1,0,0,1.000,,,0,0,1.04,1.56,0.11,1.58,,,,,,,/1,,luebkco01
1221,Tanner Scheppers,29,TEX,AL,10,0,0,8.2,2,0,1,1,0,.500,,,0,0,1.04,1.45,0.10,1.39,,,,,,,1,,schepta01
1222,Patrick Schuster,25,2TM,2LG,11,0,0,8.2,2,1,1,0,0,1.000,,,0,0,2.08,1.45,0.18,1.50,,,,,,,1,,schuspa01
1223,Yimi García,25,LAD,NL,9,0,0,8.1,2,0,2,0,0,1.000,,,0,0,2.16,1.62,0.22,1.58,,,,,,,/1,,garciyi01
1224,Jonathan Holder,23,NYY,AL,8,0,0,8.1,0,0,0,0,0,,,,0,0,0.00,1.40,0.00,1.39,,,,,,,/1,,holdejo02
1225,Kevin McCarthy,24,KCR,AL,10,0,0,8.1,3,1,2,0,0,1.000,,,0,0,3.24,1.40,0.30,1.39,,,,,,,1,,mccarke01
1226,Dustin Molleken,31,DET,AL,4,0,0,8.1,3,1,2,0,0,1.000,,,0,0,3.24,1.40,0.75,1.40,,,,,,,/1,,molledu01
1227,Chris Narveson,34,MIA,NL,6,0,0,8.1,1,0,1,0,0,1.000,,,0,0,1.08,1.62,0.17,1.58,,,,,,,/1,,narvech01
1228,Brady Rodgers,25,HOU,AL,5,1,0,8.1,0,0,0,0,0,,,,0,0,0.00,1.40,0.00,1.40,,,,,,,/1,,rodgebr01
1229,Kevin Chapman,28,HOU,AL,9,0,0,8.0,4,3,1,0,0,1.000,,,-1,-25,4.50,1.46,0.44,1.39,,,,,,,/1,,chapmke02
1230,Steve Delabar,32,CIN,NL,7,0,0,8.0,1,1,0,0,0,1.000,,,0,0,1.13,1.58,0.14,1.59,,,,,,,/1,,delabst01
1231,Mike Morse,34,PIT,NL,1,1,1,8.0,5,5,0,0,1,1.000,0,-45,0,0,5.63,9.00,5.00,9.00,,,,,,,/H3D,,morsemi01
1232,Jake Petricka,28,CHW,AL,9,0,0,8.0,4,1,3,0,1,1.000,,,0,0,4.50,1.46,0.44,1.39,,,,,,,/1,,petrija01
1233,Rafael Ynoa,28,COL,NL,2,0,0,8.0,2,1,0,1,0,.500,0,0,-1,-150,1.13,2.03,0.50,2.05,,,,,,,/7H,,ynoara01
1234,Roenis Elías,27,BOS,AL,3,1,0,7.2,2,0,2,0,0,1.000,,,1,26,2.35,1.41,0.67,1.40,,,,,,,/1,,eliasro01
1235,Sam Freeman,29,MIL,NL,7,0,0,7.2,2,0,1,1,0,.500,,,0,0,1.17,1.64,0.14,1.59,,,,,,,/1,,freemsa01
1236,Kyle Schwarber,23,CHC,NL,2,2,0,7.2,1,1,0,0,0,1.000,0,31,0,0,1.17,2.11,0.50,2.05,,,,,,,/7,,schwaky01
1237,Mayckol Guaipe,25,SEA,AL,5,0,0,7.1,0,0,0,0,0,,,,0,0,0.00,1.35,0.00,1.40,,,,,,,/1,,guaipma01
1238,Wandy Peralta,24,CIN,NL,10,0,0,7.1,3,1,2,0,0,1.000,,,1,27,3.68,1.60,0.30,1.58,,,,,,,1,,peralwa01
1239,Jed Bradley,26,ATL,NL,6,0,0,7.0,1,0,1,0,0,1.000,,,0,0,1.29,1.54,0.17,1.58,,,,,,,/1,,bradlje01
1240,Ben Heller,24,NYY,AL,10,0,0,7.0,3,0,2,1,0,.667,,,0,0,2.57,1.41,0.20,1.39,,,,,,,1,,hellebe01
1241,David Paulino,22,HOU,AL,3,1,0,7.0,2,1,1,0,1,1.000,,,0,0,2.57,1.41,0.67,1.40,,,,,,,/1,,paulida01
1242,Madison Younginer,25,ATL,NL,8,0,0,7.0,2,0,2,0,0,1.000,,,0,0,2.57,1.54,0.25,1.58,,,,,,,/1,,youngma03
1243,Dayán Díaz,27,CIN,NL,6,0,0,6.2,0,0,0,0,0,,,,0,0,0.00,1.62,0.00,1.58,,,,,,,/1,,diazda01
1244,Andrew Faulkner,23,TEX,AL,9,0,0,6.2,1,0,1,0,0,1.000,,,0,0,1.35,1.35,0.11,1.39,,,,,,,/1,,faulkan01
1245,Zach Phillips,29,PIT,NL,8,0,0,6.2,0,0,0,0,0,,,,-1,-30,0.00,1.62,0.00,1.58,,,,,,,/1,,phillza01
1246,Shae Simmons,25,ATL,NL,7,0,0,6.2,2,1,1,0,0,1.000,,,0,0,2.70,1.62,0.29,1.59,,,,,,,/1,,simmosh01
1247,Javy Guerra,30,LAA,AL,7,0,0,6.1,1,0,1,0,0,1.000,,,0,0,1.42,1.42,0.14,1.39,,,,,,,/1,,guerrja01
1248,Logan Ondrusek,31,BAL,AL,7,0,0,6.1,2,0,2,0,0,1.000,,,0,0,2.84,1.42,0.29,1.39,,,,,,,/1,,ondrulo01
1249,Joe Nathan,41,2TM,NL,10,0,0,6.1,1,1,0,0,0,1.000,,,0,0,1.42,1.71,0.10,1.58,,,,,,,1,,nathajo01
1250,Jake Buchanan,26,CHC,NL,2,1,0,6.0,2,2,0,0,0,1.000,,,0,0,3.00,1.65,1.00,1.60,,,,,,,/1,,buchaja01
1251,Gavin Cecchini,22,NYM,NL,2,0,0,6.0,1,0,1,0,0,1.000,-1,-140,0,0,1.50,4.20,0.50,4.15,,,,,,,/H6,,cecchga02
1252,Trevor Gott,23,WSN,NL,9,0,0,6.0,0,0,0,0,0,,,,0,0,0.00,1.65,0.00,1.58,,,,,,,/1,,gotttr01
1253,Andrew Heaney,25,LAA,AL,1,1,0,6.0,0,0,0,0,0,,,,0,0,0.00,1.35,0.00,1.40,,,,,,,/1,,heanean01
1254,Adam Loewen,32,ARI,NL,8,0,0,6.0,0,0,0,0,0,,,,0,0,0.00,1.65,0.00,1.58,,,,,,,/1,,loewead01
1255,Matt Reynolds,31,SFG,NL,8,0,0,6.0,0,0,0,0,0,,,,0,0,0.00,1.65,0.00,1.58,,,,,,,/1,,reynoma02
1256,Robby Scott,26,BOS,AL,7,0,0,6.0,0,0,0,0,0,,,,-1,-33,0.00,1.35,0.00,1.39,,,,,,,/1,,scottro02
1257,Sean Burnett,33,WSN,NL,10,0,0,5.2,3,0,3,0,0,1.000,,,1,35,4.76,1.59,0.30,1.58,,,,,,,1,,burnese01
1258,José Campos,23,ARI,NL,1,0,0,5.2,1,1,0,0,0,1.000,,,0,0,1.59,1.59,1.00,1.60,,,,,,,/1,,campovi01
1259,Abel De Los Santos,23,CIN,NL,5,0,0,5.2,1,0,1,0,0,1.000,,,0,0,1.59,1.59,0.20,1.58,,,,,,,/1,,delosab01
1260,Mike Broadway,29,SFG,NL,4,0,0,5.1,0,0,0,0,0,,,,0,0,0.00,1.52,0.00,1.58,,,,,,,/1,,broadmi01
1261,David Huff,31,LAA,AL,2,2,0,5.1,2,0,1,1,0,.500,,,-1,-38,1.69,1.35,0.50,1.40,,,,,,,/1,,huffda01
1262,Mike Mayers,24,STL,NL,4,1,0,5.1,0,0,0,0,0,,,,0,0,0.00,1.52,0.00,1.58,,,,,,,/1,,mayermi01
1263,Bobby Parnell,31,DET,AL,6,0,0,5.1,2,1,1,0,1,1.000,,,0,0,3.38,1.35,0.33,1.38,,,,,,,/1,,parnebo01
1264,Yefri Pérez,25,MIA,NL,3,0,0,5.1,5,3,2,0,0,1.000,0,45,0,0,8.44,4.39,1.67,4.30,,,,,,,H/64,,perezye01
1265,Donn Roach,26,SEA,AL,4,0,0,5.1,0,0,0,0,0,,,,0,0,0.00,1.35,0.00,1.40,,,,,,,/1,,roachdo01
1266,Tyson Ross,29,SDP,NL,1,1,0,5.1,1,1,0,0,0,1.000,,,0,0,1.69,1.52,1.00,1.60,,,,,,,/1,,rossty01
1267,William Cuevas,25,BOS,AL,3,0,0,5.0,1,0,1,0,0,1.000,,,0,0,1.80,1.44,0.33,1.40,,,,,,,/1,,cuevawi01
1268,Terrance Gore,25,KCR,AL,2,0,0,5.0,3,3,0,0,0,1.000,0,72,1,240,5.40,2.16,1.50,2.10,,,,,,,H/D7,,gorete01
1269,Chris Heston,28,SFG,NL,4,0,0,5.0,0,0,0,0,0,,,,0,0,0.00,1.62,0.00,1.58,,,,,,,/1,,hestoch01
1270,Micah Johnson,25,LAD,NL,4,0,0,5.0,2,2,0,0,0,1.000,-1,-144,0,0,3.60,3.96,0.50,3.95,,,,,,,/H47,,johnsmi04
1271,David Ortiz,40,BOS,AL,1,1,0,5.0,5,5,0,0,0,1.000,0,0,0,0,9.00,9.00,5.00,8.90,,,,,,,*DH/3,ASMVP-6SS,ortizda01
1272,Daniel Stumpf,25,PHI,NL,7,0,0,5.0,2,0,2,0,0,1.000,,,0,0,3.60,1.62,0.29,1.59,,,,,,,/1,,stumpda01
1273,Joe Wieland,26,SEA,AL,1,1,0,5.0,0,0,0,0,0,,,,0,0,0.00,1.44,0.00,1.40,,,,,,,/1,,wielajo01
1274,Eric Young Jr.,31,NYY,AL,2,0,0,5.0,3,3,0,0,0,1.000,0,0,0,0,5.40,2.16,1.50,2.10,,,,,,,/DH8,,younger03
1275,Logan Kensing,33,DET,AL,3,0,0,4.2,2,2,0,0,2,1.000,,,0,0,3.86,1.35,0.67,1.40,,,,,,,/1,,kensilo01
1276,Shawn Morimando,23,CLE,AL,2,0,0,4.2,1,1,0,0,0,1.000,,,0,0,1.93,1.35,0.50,1.40,,,,,,,/1,,morimsh01
1277,Hyun Jin Ryu,29,LAD,NL,1,1,0,4.2,2,0,2,0,0,1.000,,,0,0,3.86,1.54,2.00,1.60,,,,,,,/1,,ryuhy01
1278,Adrian Sampson,24,SEA,AL,1,1,0,4.2,2,1,1,0,0,1.000,,,0,0,3.86,1.35,2.00,1.40,,,,,,,/1,,sampsad01
1279,Ashur Tolliver,28,BAL,AL,5,0,0,4.2,1,0,0,1,0,.000,,,0,0,0.00,1.35,0.00,1.40,,,,,,,/1,,tollias01
1280,Matt Buschmann,32,ARI,NL,3,0,0,4.1,0,0,0,0,0,,,,0,0,0.00,1.66,0.00,1.57,,,,,,,/1,,buschma01
1281,Matt Magill,26,CIN,NL,5,0,0,4.1,2,0,2,0,1,1.000,,,0,0,4.15,1.66,0.40,1.58,,,,,,,/1,,magilma01
1282,James Russell,30,PHI,NL,7,0,0,4.1,0,0,0,0,0,,,,0,0,0.00,1.66,0.00,1.59,,,,,,,/1,,russeja02
1283,Blake Smith,28,CHW,AL,5,0,0,4.1,1,1,0,0,0,1.000,,,0,0,2.08,1.45,0.20,1.40,,,,,,,/1,,smithbl01
1284,Charlie Tilson,23,CHW,AL,1,1,0,4.1,1,1,0,0,0,1.000,-1,-360,0,0,2.08,2.08,1.00,2.10,,,,,,,/8,,tilsoch01
1285,Carlos Frías,26,LAD,NL,1,0,0,4.0,0,0,0,0,0,,,,0,0,0.00,1.58,0.00,1.60,,,,,,,/1,,friasca01
1286,Franklin Morales,30,TOR,AL,5,0,0,4.0,1,0,1,0,0,1.000,,,0,0,2.25,1.35,0.20,1.40,,,,,,,/1,,moralfr01
1287,Jake Smith,26,SDP,NL,4,0,0,4.0,0,0,0,0,0,,,,0,0,0.00,1.58,0.00,1.58,,,,,,,/1,,smithja06
1288,Nick Tepesch,27,LAD,NL,1,1,0,4.0,0,0,0,0,0,,,,0,0,0.00,1.58,0.00,1.60,,,,,,,/1,,tepesni01
1289,Yohan Flande,30,COL,NL,2,0,0,3.2,2,0,1,1,0,.500,,,0,0,2.45,1.72,0.50,1.60,,,,,,,/1,,flandyo01
1290,Rafael Martín,32,WSN,NL,8,0,0,3.2,0,0,0,0,0,,,,0,0,0.00,1.72,0.00,1.58,,,,,,,/1,,martira04
1291,Adam Plutko,24,CLE,AL,2,0,0,3.2,1,0,1,0,0,1.000,,,0,0,2.45,1.47,0.50,1.40,,,,,,,/1,,plutkad01
1292,Jorge Rondon,28,PIT,NL,2,0,0,3.2,1,1,0,0,1,1.000,,,0,0,2.45,1.72,0.50,1.60,,,,,,,/1,,rondojo01
1293,Michael Roth,26,TEX,AL,1,0,0,3.2,1,1,0,0,0,1.000,,,0,0,2.45,1.47,1.00,1.40,,,,,,,/1,,rothmi01
1294,Parker Bridwell,24,BAL,AL,2,0,0,3.1,0,0,0,0,0,,,,0,0,0.00,1.35,0.00,1.40,,,,,,,/1,,bridwpa01
1295,Matt Marksberry,25,ATL,NL,4,0,0,3.1,0,0,0,0,0,,,,0,0,0.00,1.62,0.00,1.58,,,,,,,/1,,marksma01
1296,Kelvin Marte,28,PIT,NL,2,0,0,3.1,0,0,0,0,0,,,,0,0,0.00,1.62,0.00,1.60,,,,,,,/1,,marteke02
1297,Alec Mills,24,KCR,AL,3,0,0,3.1,2,1,1,0,0,1.000,,,0,0,5.40,1.35,0.67,1.40,,,,,,,/1,,millsal02
1298,James Pazos,25,NYY,AL,7,0,0,3.1,2,0,2,0,1,1.000,,,0,0,5.40,1.35,0.29,1.39,,,,,,,/1,,pazosja01
1299,Matt Dermody,25,TOR,AL,5,0,0,3.0,0,0,0,0,0,,,,0,0,0.00,1.50,0.00,1.40,,,,,,,/1,,dermoma01
1300,Kendry Flores,24,MIA,NL,1,1,0,3.0,1,1,0,0,0,1.000,,,0,0,3.00,1.50,1.00,1.60,,,,,,,/1,,floreke01
1301,Tom Gorzelanny,33,CLE,AL,7,0,0,3.0,0,0,0,0,0,,,,0,0,0.00,1.50,0.00,1.39,,,,,,,/1,,gorzeto01
1302,Matt Grace,27,WSN,NL,5,0,0,3.0,0,0,0,0,0,,,,0,0,0.00,1.50,0.00,1.58,,,,,,,/1,,gracema02
1303,Cody Hall,28,MIA,NL,2,0,0,3.0,0,0,0,0,0,,,,0,0,0.00,1.50,0.00,1.60,,,,,,,/1,,hallco01
1304,John Hicks,26,DET,AL,1,0,0,3.0,4,3,1,0,0,1.000,0,120,0,0,12.00,9.00,4.00,8.90,,,,,,,/3,,hicksjo02
1305,Damien Magnifico,25,MIL,NL,3,0,0,3.0,0,0,0,0,0,,,,0,0,0.00,1.50,0.00,1.57,,,,,,,/1,,magnida01
1306,Yohander Méndez,21,TEX,AL,2,0,0,3.0,0,0,0,0,0,,,,0,0,0.00,1.50,0.00,1.40,,,,,,,/1,,mendeyo01
1307,Conor Mullee,28,NYY,AL,3,0,0,3.0,0,0,0,0,0,,,,0,0,0.00,1.50,0.00,1.40,,,,,,,/1,,mulleco01
1308,Ben Rowen,27,MIL,NL,4,0,0,3.0,0,0,0,0,0,,,,0,0,0.00,1.50,0.00,1.58,,,,,,,/1,,rowenbe01
1309,José Torres,22,SDP,NL,4,0,0,3.0,0,0,0,0,0,,,,0,0,0.00,1.50,0.00,1.58,,,,,,,/1,,torrejo02
1310,T.J. House,26,CLE,AL,4,0,0,2.2,1,0,1,0,0,1.000,,,0,0,3.38,1.35,0.25,1.40,,,,,,,/1,,housetj01
1311,Joe Mantiply,25,DET,AL,5,0,0,2.2,1,0,1,0,0,1.000,,,0,0,3.38,1.35,0.20,1.40,,,,,,,/1,,mantijo01
1312,Tyler Olson,26,NYY,AL,1,0,0,2.2,1,0,1,0,0,1.000,,,0,0,3.38,1.35,1.00,1.40,,,,,,,/1,,olsonty01
1313,Carson Smith,26,BOS,AL,3,0,0,2.2,0,0,0,0,0,,,,0,0,0.00,1.35,0.00,1.40,,,,,,,/1,,smithca02
1314,Jayson Aquino,23,BAL,AL,3,0,0,2.1,0,0,0,0,0,,,,0,0,0.00,1.54,0.00,1.40,,,,,,,/1,,aquinja01
1315,Scott Carroll,31,CHW,AL,3,0,0,2.1,0,0,0,0,0,,,,0,0,0.00,1.54,0.00,1.40,,,,,,,/1,,carrosc02
1316,Gerardo Concepción,24,CHC,NL,3,0,0,2.1,1,0,1,0,0,1.000,,,0,0,3.86,1.54,0.33,1.57,,,,,,,/1,,concege01
1317,Arnold León,27,TOR,AL,2,0,0,2.1,0,0,0,0,0,,,,0,0,0.00,1.54,0.00,1.40,,,,,,,/1,,leonar01
1318,Adalberto Mejía,23,MIN,AL,1,0,0,2.1,2,0,2,0,0,1.000,,,1,86,7.71,1.54,2.00,1.40,,,,,,,/1,,mejiaad01
1319,Layne Somsen,27,CIN,NL,2,0,0,2.1,1,0,1,0,0,1.000,,,0,0,3.86,1.54,0.50,1.60,,,,,,,/1,,somsela01
1320,Dan Winkler,26,ATL,NL,3,0,0,2.1,0,0,0,0,0,,,,0,0,0.00,1.54,0.00,1.57,,,,,,,/1,,winklda01
1321,Michael Kirkman,29,2TM,NL,2,0,0,2.1,0,0,0,0,0,,,,0,0,0.00,1.54,0.00,1.60,,,,,,,/1,,kirkmmi01
1322,Al Alburquerque,30,LAA,AL,2,0,0,2.0,0,0,0,0,0,,,,0,0,0.00,1.35,0.00,1.40,,,,,,,/1,,albural01
1323,Dustin Antolin,26,TOR,AL,1,0,0,2.0,0,0,0,0,0,,,,-1,-100,0.00,1.35,0.00,1.40,,,,,,,/1,,antoldu01
1324,Kyle Drabek,28,ARI,NL,1,0,0,2.0,1,1,0,0,0,1.000,,,0,0,4.50,1.80,1.00,1.60,,,,,,,/1,,drabeky01
1325,Matt Duffy,27,HOU,AL,1,0,0,2.0,1,0,1,0,0,1.000,0,180,0,0,4.50,2.70,1.00,2.60,,,,,,,/H5,,duffyma02
1326,Tyron Guerrero,25,SDP,NL,1,0,0,2.0,0,0,0,0,0,,,,0,0,0.00,1.80,0.00,1.60,,,,,,,/1,,guerrta01
1327,David Hale,28,COL,NL,2,0,0,2.0,0,0,0,0,0,,,,0,0,0.00,1.80,0.00,1.60,,,,,,,/1,,haleda02
1328,Glen Perkins,33,MIN,AL,2,0,0,2.0,0,0,0,0,0,,,,0,0,0.00,1.35,0.00,1.40,,,,,,,/1,,perkigl01
1329,Dalton Pompey,23,TOR,AL,2,0,0,2.0,1,1,0,0,0,1.000,0,120,0,0,4.50,2.25,0.50,2.10,,,,,,,/HD7,,pompeda01
1330,Jo-Jo Reyes,31,MIA,NL,1,0,0,2.0,0,0,0,0,0,,,,0,0,0.00,1.80,0.00,1.60,,,,,,,/1,,reyesjo03
1331,Tyler Danish,21,CHW,AL,3,0,0,1.2,0,0,0,0,0,,,,0,0,0.00,1.62,0.00,1.40,,,,,,,/1,,danisty01
1332,J.R. Graham,26,MIN,AL,1,0,0,1.2,0,0,0,0,0,,,,-1,-120,0.00,1.62,0.00,1.40,,,,,,,/1,,grahajr01
1333,Ariel Peña,27,MIL,NL,1,0,0,1.2,0,0,0,0,0,,,,0,0,0.00,1.62,0.00,1.60,,,,,,,/1,,penaar01
1334,Chin-hui Tsao,35,LAD,NL,2,0,0,1.2,0,0,0,0,0,,,,0,0,0.00,1.62,0.00,1.60,,,,,,,/1,,tsaoch01
1335,Jason Hursh,24,ATL,NL,2,0,0,1.1,1,1,0,0,0,1.000,,,0,0,6.75,1.35,0.50,1.60,,,,,,,/1,,hurshja01
1336,Scott Diamond,29,TOR,AL,1,0,0,1.0,0,0,0,0,0,,,,0,0,0.00,1.80,0.00,1.40,,,,,,,/1,,diamosc01
1337,Vin Mazzaro,29,SFG,NL,2,0,0,1.0,0,0,0,0,0,,,,0,0,0.00,1.80,0.00,1.60,,,,,,,/1,,mazzavi01
1338,Mike Miller,26,BOS,AL,1,0,0,1.0,0,0,0,0,0,,0,0,0,0,0.00,4.50,0.00,4.40,,,,,,,/4,,millemi01
1339,Branden Pinder,27,NYY,AL,1,0,0,1.0,0,0,0,0,0,,,,0,0,0.00,1.80,0.00,1.40,,,,,,,/1,,pindebr01
1340,Daniel Webb,26,CHW,AL,1,0,0,1.0,0,0,0,0,0,,,,0,0,0.00,1.80,0.00,1.40,,,,,,,/1,,webbda01
1341,Jonathan Aro,25,SEA,AL,1,0,0,0.2,0,0,0,0,0,,,,0,0,0.00,1.35,0.00,1.40,,,,,,,/1,,arojo01
1342,Curtis Partch,29,PIT,NL,2,0,0,0.2,0,0,0,0,0,,,,0,0,0.00,1.35,0.00,1.60,,,,,,,/1,,partccu01
1343,Alex Rodriguez,40,NYY,AL,1,0,0,0.1,0,0,0,0,0,,0,0,0,0,0.00,2.70,0.00,2.60,,,,,,,D/H5,,rodrial01
,MLB Average,,,,,,,,,,,,,.984,,0,,0,4.09,,2.75,,,,,,28.3,,,,-9999