Rk,Player,Age,Team,Lg,G,GS,CG,Inn,Ch,PO,A,E,DP,Fld%,Rtot,Rtot/yr,Rdrs,Rdrs/yr,RF/9,lgRF9,RF/G,lgRFG,PB,WP,SB,CS,CS%,Pick,Pos,Awards,-9999
1,Matt Olson,30,ATL,NL,162,162,162,1443.1,1370,1259,105,6,125,.996,15,12,13,11,8.51,8.29,8.42,8.18,,,,,,,*3,,olsonma02
2,Jarren Duran,27,BOS,AL,160,160,125,1421.1,374,356,12,6,2,.984,1,1,23,19,2.33,2.27,2.30,2.24,,,,,,,*87,ASMVP-8,duranja01
3,Anthony Volpe,23,NYY,AL,160,158,156,1416.2,570,210,344,16,68,.972,4,3,6,5,3.52,3.70,3.46,3.65,,,,,,,*6/H,,volpean01
4,Pete Alonso,29,NYM,NL,161,159,157,1412.1,1285,1179,99,7,117,.995,-1,0,-3,-3,8.14,8.29,7.94,8.18,,,,,,,*3/DH,AS,alonspe01
5,Willy Adames,28,MIL,NL,161,161,151,1406.1,547,204,323,20,66,.963,-10,-9,-16,-14,3.37,3.82,3.27,3.77,,,,,,,*6,MVP-10,adamewi01
6,Bobby Witt Jr.,24,KCR,AL,160,160,149,1393.2,583,207,361,15,78,.974,-4,-3,2,2,3.67,3.70,3.55,3.65,,,,,,,*6/D,ASMVP-2GGSS,wittbo02
7,Elly De La Cruz,22,CIN,NL,160,159,155,1391.0,636,247,360,29,70,.954,-3,-2,-2,-2,3.93,3.82,3.79,3.77,,,,,,,*6/H,ASMVP-8,delacel01
8,Jeremy Peña,26,HOU,AL,157,157,153,1388.0,620,221,380,19,86,.969,7,6,4,3,3.90,3.70,3.83,3.65,,,,,,,*6,,penaje02
9,Gunnar Henderson,23,BAL,AL,157,157,149,1384.0,635,232,378,25,71,.961,4,4,5,4,3.97,3.70,3.89,3.65,,,,,,,*6/D,ASMVP-4,hendegu01
10,Marcus Semien,33,TEX,AL,159,159,148,1382.2,610,214,389,7,77,.989,12,10,10,9,3.93,3.97,3.79,3.91,,,,,,,*4,AS,semiema01
11,Orlando Arcia,29,ATL,NL,157,156,150,1381.1,572,168,393,11,87,.981,-1,-1,-1,-1,3.66,3.82,3.57,3.77,,,,,,,*6,,arciaor01
12,Ezequiel Tovar,22,COL,NL,157,156,156,1375.2,676,233,435,8,113,.988,18,16,10,9,4.37,3.82,4.25,3.77,,,,,,,*6,MVP-19GG,tovarez01
13,Nick Castellanos,32,PHI,NL,157,157,143,1363.2,269,263,3,3,0,.989,-3,-3,-11,-10,1.76,2.21,1.69,2.18,,,,,,,*9/D,,casteni01
14,Eugenio Suárez,32,ARI,NL,155,154,146,1361.2,390,88,292,10,33,.974,3,3,-4,-4,2.51,2.55,2.45,2.51,,,,,,,*5/D,,suareeu01
15,Gleyber Torres,27,NYY,AL,153,152,144,1342.2,582,234,330,18,74,.969,-10,-9,-11,-10,3.78,3.97,3.69,3.91,,,,,,,*4/H,,torregl01
16,Matt Chapman,31,SFG,NL,154,153,147,1338.0,405,100,290,15,34,.963,15,14,17,15,2.62,2.55,2.53,2.51,,,,,,,*5/H,MVP-11GG,chapmma01
17,Willi Castro,27,MIN,AL,158,150,116,1334.1,433,247,178,8,24,.982,-23,-20,-18,-16,2.87,3.15,2.31,3.05,,,,,,,64785/H1,AS,castrwi01
18,Ceddanne Rafaela,23,BOS,AL,151,147,114,1333.1,489,297,180,12,41,.975,-3,-2,10,9,3.22,3.02,2.61,2.97,,,,,,,864/5H9,,rafaece01
19,Zach Neto,23,LAA,AL,155,153,148,1332.2,654,231,405,18,103,.972,13,12,11,10,4.30,3.70,4.10,3.65,,,,,,,*6/H,,netoza01
20,Andrés Giménez,25,CLE,AL,152,151,144,1331.0,638,233,396,9,93,.986,13,11,20,18,4.25,3.97,4.14,3.91,,,,,,,*4,GG,gimenan01
21,Juan Soto,25,NYY,AL,151,151,140,1329.2,314,302,10,2,1,.994,-4,-4,0,0,2.11,2.27,2.07,2.24,,,,,,,*9/7DH,ASMVP-3SS,sotoju01
22,Jackson Merrill,21,SDP,NL,155,148,147,1323.1,403,392,8,3,4,.993,-4,-4,0,0,2.72,2.21,2.58,2.18,,,,,,,*8/H,ASMVP-9ROY-2SS,merrija01
23,Corbin Carroll,23,ARI,NL,156,146,139,1317.0,366,358,6,2,2,.995,-12,-11,-3,-3,2.49,2.21,2.33,2.18,,,,,,,*89/H,,carroco02
24,Paul Goldschmidt,36,STL,NL,150,148,143,1313.0,1323,1216,102,5,137,.996,-4,-3,0,0,9.03,8.29,8.79,8.18,,,,,,,*3/DH,,goldspa01
25,Francisco Lindor,30,NYM,NL,151,150,141,1311.2,564,194,358,12,74,.979,7,6,1,1,3.79,3.82,3.66,3.77,,,,,,,*6/DH,MVP-2SS,lindofr01
26,Alex Verdugo,28,NYY,AL,149,145,134,1308.2,293,285,7,1,1,.997,10,9,7,6,2.01,2.27,1.96,2.24,,,,,,,*79/8,,verdual01
27,Teoscar Hernández,31,LAD,NL,154,154,104,1308.0,263,253,7,3,3,.989,-2,-2,-3,-3,1.79,2.21,1.69,2.18,,,,,,,*79,ASMVP-19SS,hernate01
28,Nico Hoerner,27,CHC,NL,150,149,137,1307.1,610,238,363,9,64,.985,-6,-6,3,3,4.14,4.13,3.90,4.07,,,,,,,*46/H,,hoernni01
29,Ryan McMahon,29,COL,NL,152,149,142,1306.2,436,98,323,15,33,.966,11,10,10,9,2.90,2.55,2.77,2.51,,,,,,,*5/DH,AS,mcmahry01
30,Spencer Steer,26,CIN,NL,151,150,116,1306.1,601,548,47,6,30,.990,-1,-1,-1,-1,4.10,4.56,3.44,4.45,,,,,,,73/4D9H6,,steersp01
31,JJ Bleday,26,OAK,AL,157,144,134,1295.0,405,392,8,5,1,.988,-8,-8,-19,-18,2.78,2.27,2.55,2.24,,,,,,,*8H/D,,bledajj01
32,Jake Cronenworth,30,SDP,NL,149,146,132,1293.1,923,709,208,6,99,.993,-1,-1,-1,-1,6.38,6.44,5.92,6.33,,,,,,,34/DH,,croneja01
33,Brendan Donovan,27,STL,NL,148,145,121,1292.0,394,242,150,2,28,.995,2,2,0,0,2.73,2.86,2.35,2.80,,,,,,,74/5DH9,,donovbr01
34,Masyn Winn,22,STL,NL,148,143,141,1285.1,611,191,402,18,100,.971,16,15,14,13,4.15,3.82,4.01,3.77,,,,,,,*6/HD,,winnma01
35,Brice Turang,24,MIL,NL,152,142,132,1277.2,626,240,379,7,78,.989,10,9,22,21,4.36,4.15,4.07,4.09,,,,,,,*4H/D,GG,turanbr02
36,Dansby Swanson,30,CHC,NL,148,146,137,1273.1,506,166,335,5,56,.990,-2,-2,7,7,3.54,3.82,3.39,3.77,,,,,,,*6/H,,swansda01
37,Freddie Freeman,34,LAD,NL,147,147,132,1270.1,1141,1022,115,4,93,.996,0,0,1,1,8.06,8.29,7.73,8.18,,,,,,,*3,ASMVP-17,freemfr01
38,Maikel Garcia,24,KCR,AL,156,142,125,1270.0,398,112,272,14,29,.965,-9,-9,-1,-1,2.72,2.78,2.31,2.80,,,,,,,*54H/69,,garcima01
39,Nolan Arenado,33,STL,NL,146,145,132,1268.1,392,103,280,9,26,.977,17,16,6,6,2.72,2.55,2.62,2.51,,,,,,,*5/DH,,arenano01
40,Jose Altuve,34,HOU,AL,147,146,130,1262.0,475,158,312,5,85,.989,3,3,-13,-12,3.35,3.97,3.20,3.91,,,,,,,*4/DH,ASMVP-15SS,altuvjo01
41,Brandon Nimmo,31,NYM,NL,147,142,108,1253.0,245,239,4,2,0,.992,4,4,-3,-3,1.75,2.21,1.65,2.18,,,,,,,*78/DH,,nimmobr01
42,Jacob Young,24,WSN,NL,149,142,137,1251.2,401,388,5,8,2,.980,8,8,12,12,2.83,2.21,2.64,2.18,,,,,,,*8/HD,,youngja03
43,Jazz Chisholm Jr.,26,2TM,2LG,143,142,130,1251.2,357,268,80,9,7,.975,-7,-7,-6,-6,2.50,2.33,2.40,2.30,,,,,,,85/D4H,,chishja01
44,Jazz Chisholm Jr.,26,MIA,NL,97,96,86,837.1,234,226,6,2,1,.991,-5,-8,-4,-6,2.49,2.26,2.37,2.24,,,,,,,8/D4H,,chishja01
45,Jazz Chisholm Jr.,26,NYY,AL,46,46,44,414.1,123,42,74,7,6,.943,-2,-4,-2,-6,2.52,2.46,2.47,2.43,,,,,,,5/8,,chishja01
46,Carlos Santana,38,MIN,AL,146,139,135,1250.0,1094,998,92,4,67,.996,12,12,8,8,7.85,8.03,7.47,7.92,,,,,,,*3/HD,GG,santaca01
47,Ian Happ,29,CHC,NL,144,144,131,1248.1,319,307,11,1,2,.997,17,17,8,8,2.29,2.21,2.21,2.18,,,,,,,*7/DH,GG,happia01
48,Randy Arozarena,29,2TM,AL,145,141,131,1247.1,286,279,5,2,0,.993,-7,-6,-7,-7,2.05,2.27,1.96,2.24,,,,,,,*7/8DH,,arozara01
49,Randy Arozarena,29,TBR,AL,93,89,82,792.1,171,165,4,2,0,.988,-9,-14,-5,-8,1.92,2.27,1.82,2.24,,,,,,,7/8HD,,arozara01
50,Randy Arozarena,29,SEA,AL,52,52,49,455.0,115,114,1,0,0,1.000,3,7,-2,-5,2.27,2.27,2.21,2.24,,,,,,,7/8D,,arozara01
51,Brenton Doyle,26,COL,NL,146,142,138,1242.2,438,426,8,4,3,.991,13,12,11,11,3.14,2.21,2.97,2.18,,,,,,,*8/DH,GG,doylebr02
52,Taylor Ward,30,LAA,AL,141,141,136,1241.0,315,302,8,5,0,.984,4,4,0,0,2.25,2.27,2.20,2.24,,,,,,,*7D,,wardta01
53,Alex Bregman,30,HOU,AL,142,142,132,1234.2,355,103,242,10,23,.972,13,12,6,6,2.51,2.47,2.43,2.44,,,,,,,*5/D,GG,bregmal01
54,Bryce Harper,31,PHI,NL,141,141,131,1233.1,1150,1050,95,5,99,.996,6,5,5,5,8.36,8.29,8.12,8.18,,,,,,,*3/D,ASMVP-6SS,harpebr03
55,Isaac Paredes,25,2TM,2LG,141,139,126,1228.1,409,174,219,16,31,.961,0,0,-2,-2,2.88,3.05,2.71,3.11,,,,,,,*53D/H,AS,paredis01
56,Isaac Paredes,25,TBR,AL,91,91,83,802.0,281,150,124,7,26,.975,3,4,-1,-1,3.07,3.31,2.88,3.42,,,,,,,53D/H,,paredis01
57,Isaac Paredes,25,CHC,NL,50,48,43,426.1,128,24,95,9,5,.930,-2,-6,-1,-3,2.51,2.55,2.38,2.51,,,,,,,5/H,,paredis01
58,Leody Taveras,25,TEX,AL,148,138,128,1227.0,388,376,9,3,2,.992,-16,-15,-10,-10,2.82,2.27,2.60,2.24,,,,,,,*8/HD,,taverle01
59,Jurickson Profar,31,SDP,NL,150,150,93,1221.2,249,243,5,1,1,.996,-4,-4,-8,-8,1.83,2.30,1.65,2.26,,,,,,,*7/D3,ASMVP-14SS,profaju01
60,Nolan Schanuel,22,LAA,AL,144,137,131,1211.1,1101,1018,76,7,127,.994,-6,-6,1,1,8.13,8.03,7.60,7.92,,,,,,,*3/HD,,schanno01
61,Zack Gelof,24,OAK,AL,138,136,134,1209.2,603,264,332,7,92,.988,5,4,-1,-1,4.43,3.97,4.32,3.91,,,,,,,*4/H,,gelofza01
62,Jackson Chourio,20,MIL,NL,146,135,112,1207.0,290,286,4,0,0,1.000,14,14,12,12,2.16,2.21,1.99,2.18,,,,,,,*79/HD,MVP-22ROY-3,chourja01
63,Josh Naylor,27,CLE,AL,137,137,128,1205.0,1086,1008,69,9,110,.992,1,1,-6,-6,8.04,8.03,7.86,7.92,,,,,,,*3D/H,AS,naylojo01
64,Alec Bohm,27,PHI,NL,138,137,128,1203.1,458,180,263,15,20,.967,-2,-2,-2,-2,3.31,3.06,3.10,3.10,,,,,,,*53/DH,AS,bohmal01
65,Bryson Stott,26,PHI,NL,144,133,122,1201.1,570,232,332,6,74,.989,-5,-5,6,6,4.23,4.13,3.74,4.06,,,,,,,*46H/D,,stottbr01
66,Nathaniel Lowe,28,TEX,AL,138,135,134,1193.2,1080,983,92,5,73,.995,9,9,1,1,8.11,8.03,7.79,7.92,,,,,,,*3/HD,,lowena01
67,Colton Cowser,24,BAL,AL,146,133,98,1192.2,312,308,3,1,0,.997,9,9,3,3,2.35,2.27,2.13,2.24,,,,,,,*789H/D,ROY-2,cowseco01
68,Bryan Reynolds,29,PIT,NL,133,133,121,1173.2,254,241,11,2,2,.992,-13,-13,-5,-5,1.93,2.21,1.89,2.18,,,,,,,*7D9,AS,reynobr01
69,CJ Abrams,23,WSN,NL,136,135,124,1170.2,526,160,349,17,68,.968,-10,-10,1,1,3.91,3.82,3.74,3.77,,,,,,,*6/H,AS,abramcj01
70,Joey Ortiz,25,MIL,NL,141,129,113,1164.0,365,114,241,10,30,.973,10,10,8,8,2.74,2.63,2.37,2.66,,,,,,,*56/H4,,ortizjo06
71,Salvador Perez,34,KCR,AL,136,134,110,1157.1,1119,1064,50,5,38,.996,8,8,-4,-4,8.66,8.78,7.96,8.64,3,30,37,11,22.9,1,23D/H,ASSS,perezsa02
72,Oneil Cruz,25,PIT,NL,135,129,123,1153.1,451,194,231,26,53,.942,-2,-2,-12,-12,3.32,3.55,3.15,3.50,,,,,,,*68H/D,,cruzon01
73,Michael Busch,26,CHC,NL,144,133,107,1150.2,1022,940,78,4,68,.996,7,7,5,5,7.96,8.22,6.97,8.06,,,,,,,*3H/4D5,,buschmi02
74,Jake Meyers,28,HOU,AL,145,126,120,1145.0,352,349,2,1,0,.997,16,17,6,6,2.76,2.27,2.42,2.24,,,,,,,*8H/7D,,meyerja02
75,Rafael Devers,27,BOS,AL,130,130,116,1138.1,299,102,185,12,19,.960,-3,-3,-9,-9,2.27,2.47,2.21,2.44,,,,,,,*5/D,ASMVP-13,deverra01
76,Jonathan India,27,CIN,NL,133,132,123,1137.0,460,217,239,4,53,.991,5,6,-10,-11,3.61,4.15,3.43,4.09,,,,,,,*4D/H,,indiajo01
77,Julio Rodríguez,23,SEA,AL,131,131,122,1133.1,343,334,4,5,1,.985,15,16,3,3,2.68,2.27,2.58,2.24,,,,,,,*8D/H,,rodriju01
78,Sal Frelick,24,MIL,NL,142,129,97,1132.0,280,271,6,3,1,.989,3,4,15,16,2.20,2.21,1.94,2.18,,,,,,,*987H/5D,GG,frelisa01
79,Vladimir Guerrero Jr.,25,TOR,AL,129,129,118,1126.1,987,885,90,12,93,.988,-5,-5,-1,-1,7.79,7.54,7.33,7.43,,,,,,,*3D5/H,ASMVP-6SS,guerrvl02
80,Adolis García,31,TEX,AL,131,130,118,1124.2,262,253,5,4,3,.985,5,5,-5,-5,2.06,2.27,1.97,2.24,,,,,,,*9D/H,,garciad02
81,Cal Raleigh,27,SEA,AL,135,125,119,1122.0,1195,1138,51,6,8,.995,6,6,17,18,9.54,9.16,8.81,9.03,5,27,81,32,28.3,0,*2D/H,MVP-12GG,raleica01
82,Anthony Santander,29,BAL,AL,130,129,104,1120.1,271,262,7,2,2,.993,3,3,-7,-7,2.16,2.28,2.05,2.28,,,,,,,*9D/3H,ASMVP-14SS,santaan02
83,Matt Vierling,27,DET,AL,138,124,90,1110.1,319,238,77,4,7,.987,9,9,2,2,2.55,2.35,2.10,2.35,,,,,,,859H7/D3,,vierlma01
84,Shea Langeliers,26,OAK,AL,131,123,118,1108.2,1063,1007,51,5,5,.995,-1,-1,-10,-11,8.59,9.16,8.08,9.03,7,53,79,29,26.9,1,*2/HD,,langesh01
85,José Ramírez,31,CLE,AL,126,126,117,1108.0,315,99,207,9,23,.971,2,2,6,6,2.49,2.47,2.43,2.44,,,,,,,*5D,ASMVP-5SS,ramirjo01
86,Ty France,29,2TM,2LG,133,124,115,1106.0,944,843,96,5,82,.995,-2,-2,-8,-9,7.64,8.11,7.01,7.98,,,,,,,*3/DH4,,francty01
87,Ty France,29,SEA,AL,87,82,76,736.0,651,581,66,4,54,.994,-3,-5,-6,-10,7.91,8.02,7.35,7.87,,,,,,,3/H4D,,francty01
88,Ty France,29,CIN,NL,46,42,39,370.0,293,262,30,1,28,.997,1,4,-2,-6,7.10,8.29,6.35,8.18,,,,,,,3/DH,,francty01
89,José Caballero,27,TBR,AL,137,123,99,1105.1,418,125,281,12,51,.971,6,7,2,2,3.31,3.50,2.62,3.41,,,,,,,654H/D,,cabaljo01
90,Christian Walker,33,ARI,NL,129,126,117,1104.1,1055,977,76,2,104,.998,4,5,7,8,8.58,8.29,8.16,8.18,,,,,,,*3/H,GG,walkech02
91,Brayan Rocchio,23,CLE,AL,142,121,111,1102.0,462,166,284,12,75,.974,9,10,11,12,3.68,3.70,3.17,3.65,,,,,,,*6/H,,rocchbr01
92,Brendan Rodgers,27,COL,NL,132,124,121,1093.0,531,181,342,8,89,.985,-2,-2,-4,-4,4.31,4.15,3.96,4.09,,,,,,,*4/DH,,rodgebr02
93,Cedric Mullins,29,BAL,AL,140,121,112,1090.0,274,271,2,1,0,.996,-6,-6,-5,-6,2.25,2.27,1.95,2.24,,,,,,,*8H/D,,mullice01
94,Colt Keith,22,DET,AL,133,125,108,1086.2,515,194,309,12,68,.977,-1,-1,-8,-9,4.17,3.97,3.78,3.91,,,,,,,*4DH,,keithco01
95,Luis García Jr.,24,WSN,NL,129,122,115,1086.0,536,221,305,10,84,.981,1,1,-5,-6,4.36,4.15,4.08,4.09,,,,,,,*4H/D,,garcilu04
96,Josh Smith,26,TEX,AL,132,122,113,1086.0,337,115,211,11,21,.967,-9,-9,-1,-1,2.70,2.90,2.36,2.87,,,,,,,56DH/749,SS,smithjo11
97,Daulton Varsho,27,TOR,AL,136,123,89,1085.1,327,320,5,2,1,.994,15,17,28,31,2.70,2.27,2.39,2.24,,,,,,,*87/H9D,GG,varshda01
98,Max Schuemann,27,OAK,AL,132,119,106,1071.2,415,139,261,15,48,.964,-4,-4,-7,-8,3.36,3.44,2.88,3.33,,,,,,,65/4H789,,schuema01
99,Lane Thomas,28,2TM,2LG,127,119,107,1065.2,270,256,7,7,3,.974,-16,-18,-13,-15,2.22,2.23,2.07,2.20,,,,,,,*98/HD,,thomala02
100,Lane Thomas,28,WSN,NL,76,76,73,667.2,171,162,5,4,3,.977,-13,-23,-10,-18,2.25,2.21,2.20,2.18,,,,,,,9/8D,,thomala02
101,Lane Thomas,28,CLE,AL,51,43,34,398.0,99,94,2,3,0,.970,-3,-9,-3,-9,2.17,2.27,1.88,2.24,,,,,,,89/HD,,thomala02
102,Logan O'Hoppe,24,LAA,AL,127,121,116,1064.1,1009,962,41,6,0,.994,2,2,1,1,8.48,9.16,7.90,9.03,5,51,84,30,26.3,0,*2/HD,,ohopplo01
103,Isiah Kiner-Falefa,29,2TM,2LG,131,122,97,1063.0,445,148,292,5,60,.989,5,6,15,17,3.73,3.43,2.93,3.37,,,,,,,456/H18,,kineris01
104,Isiah Kiner-Falefa,29,TOR,AL,81,74,55,644.2,278,94,181,3,38,.989,9,17,12,22,3.84,3.24,2.84,3.21,,,,,,,456/H18,,kineris01
105,Isiah Kiner-Falefa,29,PIT,NL,50,48,42,418.1,167,54,111,2,22,.988,-4,-11,3,9,3.55,3.73,3.11,3.65,,,,,,,64/5H,,kineris01
106,Jake McCarthy,26,ARI,NL,137,116,88,1061.2,274,270,2,2,1,.993,-11,-12,-3,-3,2.31,2.21,1.99,2.18,,,,,,,*987H/D,,mccarja02
107,William Contreras,26,MIL,NL,120,119,115,1060.0,1099,1054,37,8,2,.993,6,7,6,7,9.26,9.06,9.09,8.94,6,30,72,21,22.6,3,*2D/H,ASMVP-5SS,contrwi02
108,Lourdes Gurriel Jr.,30,ARI,NL,127,120,108,1060.0,248,239,4,5,0,.980,5,5,3,3,2.06,2.22,1.90,2.23,,,,,,,*7H/D3,,gurrilo01
109,Andrew Vaughn,26,CHW,AL,122,121,118,1059.1,896,816,76,4,75,.996,1,2,-4,-5,7.58,8.03,7.31,7.92,,,,,,,*3D/H,,vaughan01
110,Paul DeJong,30,2TM,AL,131,121,110,1058.1,385,143,227,15,35,.961,-8,-9,-8,-9,3.15,3.32,2.82,3.27,,,,,,,65H/D,,dejonpa01
111,Paul DeJong,30,CHW,AL,100,93,88,817.2,311,119,178,14,29,.955,-12,-17,-11,-16,3.27,3.57,2.97,3.52,,,,,,,65/HD,,dejonpa01
112,Paul DeJong,30,KCR,AL,31,28,22,240.2,74,24,49,1,6,.986,4,17,3,15,2.73,2.48,2.35,2.48,,,,,,,5/HD6,,dejonpa01
113,Gavin Lux,26,LAD,NL,138,117,99,1054.2,453,179,265,9,68,.980,0,0,-2,-2,3.79,4.15,3.19,4.09,,,,,,,*4H/6,,luxga01
114,Jeff McNeil,32,NYM,NL,128,117,103,1054.1,457,216,232,9,66,.980,0,0,1,1,3.82,3.81,3.25,3.70,,,,,,,*497/H,,mcneije01
115,Will Smith,29,LAD,NL,121,117,113,1051.1,1066,1000,58,8,3,.992,6,7,-4,-5,9.06,9.06,8.74,8.94,5,53,64,32,33.3,1,*2/HD,AS,smithwi05
116,Josh Rojas,30,SEA,AL,141,116,88,1050.1,323,98,215,10,20,.969,1,2,8,9,2.68,2.56,2.07,2.56,,,,,,,*5H4/713D,,rojasjo01
117,Jose Siri,28,TBR,AL,128,116,110,1049.2,345,337,1,7,1,.980,9,10,12,14,2.90,2.28,2.62,2.28,,,,,,,*8/H3D,,sirijo01
118,Ha-Seong Kim,28,SDP,NL,121,119,115,1046.2,419,145,263,11,64,.974,0,0,2,2,3.51,3.82,3.37,3.77,,,,,,,*6/H,,kimha01
119,Kyle Isbel,27,KCR,AL,136,119,100,1046.1,298,293,1,4,1,.987,-5,-5,5,6,2.53,2.27,2.16,2.24,,,,,,,*8H,,isbelky01
120,Mike Yastrzemski,33,SFG,NL,134,120,94,1043.0,221,212,5,4,1,.982,-1,-1,4,5,1.87,2.21,1.61,2.17,,,,,,,*9H/81,,yastrmi01
121,Brandon Marsh,26,PHI,NL,133,115,84,1038.2,239,228,6,5,1,.979,0,0,7,8,2.03,2.21,1.76,2.18,,,,,,,*78H/9,,marshbr02
122,George Springer,34,TOR,AL,124,120,109,1038.2,224,219,3,2,0,.991,-2,-2,-1,-1,1.92,2.27,1.79,2.24,,,,,,,*9D/H8,,springe01
123,Gio Urshela,32,2TM,2LG,126,117,107,1038.1,379,181,191,7,34,.982,12,14,1,1,3.22,3.22,2.88,3.24,,,,,,,*53/H6D,,urshegi01
124,Gio Urshela,32,DET,AL,90,81,73,716.1,278,159,114,5,19,.982,1,2,-4,-7,3.43,3.52,2.97,3.51,,,,,,,53/HD,,urshegi01
125,Gio Urshela,32,ATL,NL,36,36,34,322.0,101,22,77,2,15,.980,11,42,5,19,2.77,2.55,2.68,2.55,,,,,,,5/6,,urshegi01
126,Jo Adell,25,LAA,AL,123,117,113,1035.2,241,234,3,4,0,.983,7,8,6,7,2.06,2.27,1.93,2.24,,,,,,,*9H/D8,,adelljo01
127,Andrew Benintendi,29,CHW,AL,125,118,114,1031.0,250,244,3,3,0,.988,-1,-1,-13,-15,2.16,2.27,1.98,2.24,,,,,,,*7H/D8,,beninan01
128,Harrison Bader,30,NYM,NL,140,108,97,1025.1,283,278,1,4,0,.986,10,11,-2,-2,2.45,2.21,1.99,2.18,,,,,,,*8H/D,,baderha01
129,Trea Turner,31,PHI,NL,118,118,106,1018.2,444,136,291,17,51,.962,-10,-12,-14,-16,3.77,3.82,3.62,3.77,,,,,,,*6/D,AS,turnetr01
130,Jared Triolo,26,PIT,NL,119,114,102,1010.2,380,149,228,3,46,.992,4,5,7,8,3.36,3.46,2.97,3.58,,,,,,,54/36H9,GG,triolja01
131,Aaron Judge,32,NYY,AL,117,117,98,1010.0,283,279,4,0,2,1.000,7,8,-8,-10,2.52,2.27,2.42,2.24,,,,,,,*8D/97,ASMVP-1SS,judgeaa01
132,Tyler Stephenson,27,CIN,NL,127,112,107,1001.0,981,945,32,4,4,.996,-1,-1,-8,-10,8.78,9.06,7.69,8.94,4,33,81,18,18.2,1,*2HD,,stephty01
133,Jarred Kelenic,24,ATL,NL,124,111,95,1000.0,238,231,4,3,0,.987,2,2,-3,-4,2.12,2.21,1.90,2.18,,,,,,,*78H/9,,kelenja01
134,Ernie Clement,28,TOR,AL,134,109,97,999.1,370,117,240,13,39,.965,12,15,15,18,3.22,2.89,2.50,2.82,,,,,,,56H/4D17,,clemeer01
135,Michael Toglia,25,COL,NL,116,113,104,997.1,948,870,70,8,96,.992,-6,-8,11,13,8.48,7.64,7.70,7.44,,,,,,,39/7,,toglimi01
136,Dylan Moore,31,SEA,AL,134,108,68,992.0,401,194,202,5,28,.988,5,7,-4,-5,3.59,3.46,2.40,3.47,,,,,,,6547H3/8,GG,mooredy01
137,Steven Kwan,26,CLE,AL,114,114,104,990.0,215,205,9,1,3,.995,-1,-1,10,12,1.95,2.27,1.88,2.24,,,,,,,*7/DH,ASGG,kwanst01
138,Nicky Lopez,29,CHW,AL,122,111,100,985.0,437,161,272,4,57,.991,-1,-2,-10,-12,3.96,3.88,3.38,3.82,,,,,,,46/H,,lopezni01
139,Mauricio Dubón,29,HOU,AL,133,107,72,984.1,363,270,85,8,19,.978,13,16,6,7,3.25,3.12,2.37,3.30,,,,,,,7483H95/6,,dubonma01
140,Yainer Diaz,25,HOU,AL,112,110,106,982.0,1037,991,41,5,13,.995,-1,-1,-7,-9,9.46,9.04,9.13,8.92,1,29,81,24,22.9,0,2D3/H,,diazya02
141,Ryan Mountcastle,27,BAL,AL,114,108,105,981.1,937,860,74,3,57,.997,2,3,8,10,8.57,8.03,8.19,7.92,,,,,,,*3H/D,,mountry01
142,Jonah Heim,29,TEX,AL,119,110,103,977.1,1011,967,37,7,5,.993,-8,-10,5,6,9.25,9.16,8.44,9.03,0,36,98,14,12.5,2,*2DH,,heimjo01
143,Mookie Betts,31,LAD,NL,115,115,89,974.1,359,176,171,12,33,.967,-1,-2,2,2,3.21,3.30,2.75,3.27,,,,,,,694/H,ASMVP-13SS,bettsmo01
144,Heliot Ramos,24,SFG,NL,112,110,99,973.2,230,225,4,1,0,.996,7,8,-9,-11,2.12,2.21,2.04,2.18,,,,,,,*87/9DH,AS,ramoshe02
145,Keibert Ruiz,25,WSN,NL,116,109,104,971.2,962,921,39,2,8,.998,-2,-2,2,2,8.89,9.06,8.28,8.94,4,36,89,22,19.8,1,*2D/H,,ruizke01
146,Pete Crow-Armstrong,22,CHC,NL,117,109,102,965.2,317,306,8,3,0,.991,3,3,11,14,2.93,2.21,2.68,2.18,,,,,,,*8H,,crowape01
147,Luke Raley,29,SEA,AL,127,105,80,965.0,411,389,18,4,14,.990,1,1,4,5,3.80,3.91,2.95,3.93,,,,,,,739H/8D,,raleylu01
148,MJ Melendez,25,KCR,AL,123,115,82,964.2,197,193,2,2,1,.990,-8,-10,-7,-9,1.82,2.28,1.57,2.29,,,,,,,*7H/D93,,melenmj01
149,Connor Wong,28,BOS,AL,116,106,92,964.0,928,873,49,6,8,.994,-2,-3,-16,-20,8.61,8.97,7.26,8.61,3,37,60,16,21.1,1,23DH/47,,wongco01
150,Michael Harris II,23,ATL,NL,110,109,106,960.2,235,232,1,2,0,.991,10,12,11,14,2.18,2.21,2.12,2.18,,,,,,,*8,,harrimi04
151,Davis Schneider,25,TOR,AL,133,106,69,960.2,294,202,90,2,16,.993,2,2,-2,-2,2.74,2.85,1.96,2.87,,,,,,,74H/D,,schneda03
152,Wilyer Abreu,25,BOS,AL,130,110,70,960.1,238,222,9,7,2,.971,16,20,16,20,2.16,2.27,1.78,2.24,,,,,,,*9H/78D,ROY-6GG,abreuwi02
153,Austin Riley,27,ATL,NL,109,109,106,960.1,248,60,178,10,17,.960,0,0,0,0,2.23,2.55,2.18,2.51,,,,,,,*5,,rileyau01
154,Lawrence Butler,23,OAK,AL,123,105,94,959.1,259,253,2,4,1,.985,0,0,-1,-1,2.39,2.27,2.07,2.24,,,,,,,*9H/8,,butlela01
155,Corey Seager,30,TEX,AL,113,113,100,959.1,415,137,271,7,52,.983,6,7,4,5,3.83,3.70,3.61,3.65,,,,,,,*6D/H,ASMVP-15,seageco01
156,Yandy Díaz,32,TBR,AL,112,110,95,956.1,838,784,45,9,67,.989,-3,-4,-5,-6,7.80,8.03,7.40,7.92,,,,,,,*3D/H,,diazya01
157,Blake Perkins,27,MIL,NL,119,104,95,956.1,308,300,7,1,2,.997,8,10,8,10,2.89,2.21,2.58,2.18,,,,,,,*8H/D,,perkibl01
158,Jake Burger,28,MIA,NL,110,109,82,949.1,562,416,133,13,40,.977,-13,-16,-6,-8,5.20,5.35,4.29,5.57,,,,,,,35D/H,,burgeja01
159,Otto Lopez,25,MIA,NL,114,106,97,949.1,470,181,281,8,55,.983,2,2,8,10,4.38,4.05,3.88,3.96,,,,,,,4/6H578,,lopezot01
160,Hunter Renfroe,32,KCR,AL,116,105,96,934.2,212,201,9,2,3,.991,-3,-3,-4,-5,2.02,2.28,1.79,2.29,,,,,,,*9/HD3,,renfrhu01
161,Jesús Sánchez,26,MIA,NL,119,105,85,934.1,233,226,3,4,2,.983,-4,-5,-2,-3,2.21,2.21,1.92,2.18,,,,,,,*9HD7,,sanchje02
162,Jordan Westburg,25,BAL,AL,106,106,86,934.1,279,91,181,7,16,.975,-7,-9,-10,-13,2.62,3.10,2.23,3.10,,,,,,,54/6D,AS,westbjo01
163,Andy Pages,23,LAD,NL,114,101,78,933.2,302,294,5,3,2,.990,8,10,-1,-1,2.88,2.21,2.62,2.18,,,,,,,*89/H7D,,pagesan01
164,Mickey Moniak,26,LAA,AL,117,107,89,932.0,277,270,3,4,0,.986,8,10,-4,-5,2.64,2.27,2.33,2.24,,,,,,,*89H/D7,,moniami01
165,Ketel Marte,30,ARI,NL,114,109,90,930.2,510,216,289,5,73,.990,4,5,10,13,4.88,4.15,4.43,4.09,,,,,,,*4D/H6,ASMVP-3SS,marteke01
166,Wyatt Langford,22,TEX,AL,109,109,81,927.2,218,208,8,2,1,.991,2,3,14,18,2.10,2.27,1.98,2.24,,,,,,,*7D8,ROY-7,langfwy01
167,Cody Bellinger,28,CHC,NL,106,106,87,926.2,313,301,10,2,5,.994,-1,-2,0,0,3.02,3.08,2.68,3.32,,,,,,,98D3/7,,bellico01
168,Jorge Polanco,30,SEA,AL,112,109,92,925.1,367,138,222,7,45,.981,-7,-9,-1,-1,3.50,3.97,3.21,3.91,,,,,,,*4/DH,,polanjo01
169,Riley Greene,23,DET,AL,106,104,88,915.0,210,203,4,3,1,.986,-3,-4,14,18,2.04,2.27,1.95,2.24,,,,,,,7D8/9H,AS,greenri03
170,Patrick Bailey,25,SFG,NL,115,101,98,908.0,962,904,55,3,7,.997,6,8,20,26,9.51,9.06,8.34,8.94,9,25,70,26,27.1,2,*2H/D,GG,bailepa01
171,Rowdy Tellez,29,PIT,NL,125,105,72,908.0,803,740,61,2,76,.998,2,2,-3,-4,7.94,8.27,6.31,8.02,,,,,,,*3H/1,,tellero01
172,Miguel Amaya,25,CHC,NL,116,103,88,905.2,893,856,31,6,3,.993,2,3,5,7,8.81,9.06,7.65,8.94,6,19,78,18,18.8,0,*2/H,,amayami01
173,Mark Vientos,24,NYM,NL,110,105,78,905.1,264,79,180,5,16,.981,2,2,-5,-7,2.57,2.71,2.31,2.71,,,,,,,5/H3D,,vientma01
174,Johan Rojas,23,PHI,NL,116,103,82,903.1,227,219,6,2,1,.991,-9,-12,4,5,2.24,2.21,1.94,2.18,,,,,,,*8/HD,,rojasjo03
175,Bo Naylor,24,CLE,AL,115,101,83,899.1,936,894,36,6,4,.994,3,4,11,15,9.31,9.16,8.09,9.03,7,29,61,16,20.8,0,*2H/D,,naylobo01
176,J.P. Crawford,29,SEA,AL,104,103,96,894.2,328,113,212,3,36,.991,12,16,9,12,3.27,3.70,3.13,3.65,,,,,,,6/HD,,crawfjp01
177,Vinnie Pasquantino,26,KCR,AL,103,103,92,893.0,878,805,71,2,76,.998,4,5,-3,-4,8.83,8.03,8.50,7.92,,,,,,,3D/H,,pasquvi01
178,Tommy Pham,36,3TM,2LG,105,100,81,888.0,205,201,3,1,0,.995,-7,-9,-10,-14,2.07,2.26,1.94,2.23,,,,,,,978/DH,,phamth01
179,Tommy Pham,36,2TM,AL,83,83,66,730.1,180,176,3,1,0,.994,-3,-5,-7,-12,2.21,2.27,2.16,2.24,,,,,,,987/DH,,phamth01
180,Tommy Pham,36,CHW,AL,65,65,51,570.1,144,142,1,1,0,.993,-6,-12,-11,-23,2.26,2.27,2.20,2.24,,,,,,,987/HD,,phamth01
181,Tommy Pham,36,STL,NL,22,17,15,157.2,25,25,0,0,0,1.000,-4,-29,-3,-23,1.43,2.21,1.14,2.18,,,,,,,7/9HD,,phamth01
182,Tommy Pham,36,KCR,AL,18,18,15,160.0,36,34,2,0,0,1.000,3,19,4,30,2.03,2.27,2.00,2.24,,,,,,,7/9D,,phamth01
183,Xander Bogaerts,31,SDP,NL,101,101,90,887.2,383,147,227,9,48,.977,-4,-5,-1,-1,3.79,4.09,3.56,4.03,,,,,,,46/DH,,bogaexa01
184,Will Benson,26,CIN,NL,118,102,52,884.0,233,226,5,2,0,.991,-6,-7,-6,-8,2.35,2.21,1.96,2.18,,,,,,,*798H/D,,bensowi01
185,Adley Rutschman,26,BAL,AL,103,99,97,882.1,915,874,37,4,4,.996,1,1,4,5,9.29,9.16,8.84,9.03,3,21,82,19,18.8,0,2D/H,AS,rutscad01
186,Kiké Hernández,32,LAD,NL,123,93,67,881.0,302,154,138,10,25,.967,3,4,5,7,2.98,3.29,2.13,3.36,,,,,,,5H3784/61D,,hernaen02
187,Michael Siani,24,STL,NL,121,98,70,877.1,243,242,1,0,0,1.000,11,14,9,12,2.49,2.21,2.01,2.18,,,,,,,*8H/97D,,sianimi01
188,Ozzie Albies,27,ATL,NL,99,99,98,875.2,395,153,239,3,57,.992,2,2,1,1,4.03,4.15,3.96,4.09,,,,,,,4,,albieoz01
189,Nolan Gorman,24,STL,NL,106,97,93,874.1,400,147,243,10,68,.975,-4,-5,-4,-5,4.01,4.15,3.64,4.06,,,,,,,4/H5,,gormano01
190,Manny Machado,31,SDP,NL,100,100,94,873.2,232,78,147,7,11,.970,-3,-4,2,3,2.32,2.55,2.25,2.51,,,,,,,5D/H,MVP-16SS,machama01
191,Austin Wells,24,NYY,AL,110,96,85,872.1,936,892,33,11,5,.988,5,7,11,15,9.54,9.16,8.41,9.03,5,24,64,22,25.6,3,*2H/D,ROY-3,wellsau01
192,Luis Arraez,27,2TM,NL,100,100,81,872.0,644,508,127,9,59,.986,1,1,-6,-8,6.55,6.68,5.72,6.63,,,,,,,3D4/H,ASMVP-18,arraelu01
193,Luis Arraez,27,MIA,NL,33,33,21,290.0,142,61,77,4,22,.972,-1,-4,-3,-12,4.28,4.28,3.37,4.89,,,,,,,4/3,,arraelu01
194,Luis Arraez,27,SDP,NL,67,67,60,582.0,502,447,50,5,37,.990,2,4,-3,-6,7.69,7.88,7.10,7.65,,,,,,,3D/4H,,arraelu01
195,J.T. Realmuto,33,PHI,NL,99,99,93,871.1,938,899,34,5,5,.995,2,3,0,0,9.64,9.06,9.42,8.94,4,30,66,16,19.5,0,2,,realmjt01
196,Nick Fortes,27,MIA,NL,109,99,79,864.0,878,831,38,9,3,.990,-1,-1,5,7,9.05,9.06,7.97,8.94,4,25,93,26,21.8,2,*2/H,,forteni01
197,Lars Nootbaar,26,STL,NL,107,98,69,863.0,214,209,2,3,2,.986,-6,-8,0,0,2.20,2.21,1.97,2.18,,,,,,,978/H,,nootbla01
198,Seth Brown,31,OAK,AL,121,93,72,862.2,398,367,27,4,17,.990,0,0,-6,-8,4.11,4.19,3.10,4.25,,,,,,,739H/D8,,brownse01
199,Geraldo Perdomo,24,ARI,NL,97,95,89,849.1,378,112,261,5,55,.987,2,2,10,14,3.95,3.82,3.85,3.77,,,,,,,6/H,,perdoge01
200,Christopher Morel,25,2TM,2LG,106,104,60,846.2,272,84,175,13,15,.952,-11,-16,-6,-9,2.75,2.83,2.44,2.76,,,,,,,5D47/H,,morelch01
201,Christopher Morel,25,CHC,NL,74,73,34,579.0,168,47,112,9,8,.946,-8,-16,-4,-8,2.47,2.55,2.15,2.51,,,,,,,5D/H,,morelch01
202,Christopher Morel,25,TBR,AL,32,31,26,267.2,104,37,63,4,7,.962,-4,-16,-2,-9,3.36,3.44,3.13,3.33,,,,,,,4D7/H,,morelch01
203,Wenceel Pérez,24,DET,AL,105,94,81,846.1,192,189,1,2,0,.990,2,3,-2,-3,2.02,2.27,1.81,2.24,,,,,,,98H/7D,,perezwe01
204,Korey Lee,25,CHW,AL,113,93,88,838.1,861,824,33,4,4,.995,-1,-1,-10,-14,9.20,9.16,7.58,9.03,9,36,78,25,24.3,2,*2H/D,,leeko01
205,Michael Conforto,31,SFG,NL,106,95,84,835.0,159,152,5,2,1,.987,-7,-10,0,0,1.69,2.21,1.48,2.18,,,,,,,7DH,,confomi01
206,Bryan De La Cruz,27,2TM,NL,99,95,86,834.2,190,178,8,4,2,.979,-8,-11,-7,-10,2.01,2.21,1.88,2.18,,,,,,,7D9/H,,delacbr01
207,Bryan De La Cruz,27,MIA,NL,55,54,46,473.0,103,96,6,1,1,.990,-7,-17,-3,-8,1.94,2.21,1.85,2.18,,,,,,,7D/9H,,delacbr01
208,Bryan De La Cruz,27,PIT,NL,44,41,40,361.2,87,82,2,3,1,.966,-1,-2,-4,-13,2.09,2.21,1.91,2.18,,,,,,,9/7H,,delacbr01
209,Ke'Bryan Hayes,27,PIT,NL,96,93,92,829.2,265,75,185,5,28,.981,10,14,10,14,2.82,2.55,2.71,2.51,,,,,,,5/H,,hayeske01
210,Luis Robert Jr.,26,CHW,AL,97,95,92,828.2,257,254,1,2,0,.992,-8,-11,1,1,2.77,2.27,2.63,2.24,,,,,,,8/DH,,roberlu01
211,Fernando Tatis Jr.,25,SDP,NL,96,95,86,822.2,182,171,6,5,1,.973,-9,-13,0,0,1.94,2.21,1.84,2.18,,,,,,,9/DH,AS,tatisfe02
212,Tyler Freeman,25,CLE,AL,113,90,71,817.0,240,205,32,3,6,.988,1,1,3,4,2.61,2.40,1.96,2.45,,,,,,,8H6/54D,,freemty01
213,Santiago Espinal,29,CIN,NL,105,90,79,816.2,253,85,162,6,20,.976,-3,-5,-5,-7,2.72,3.07,2.17,3.01,,,,,,,54HD/679,,espinsa01
214,Connor Joe,31,PIT,NL,113,90,51,816.2,500,457,39,4,46,.992,-6,-9,4,6,5.47,5.59,3.88,5.88,,,,,,,39H/7D,,joeco01
215,Josh Bell,31,2TM,NL,98,97,53,813.0,739,685,47,7,58,.991,-4,-6,-9,-13,8.10,8.29,7.47,8.18,,,,,,,3D/H,,belljo02
216,Josh Bell,31,MIA,NL,67,67,38,561.0,511,472,32,7,39,.986,-4,-9,-7,-15,8.09,8.29,7.52,8.18,,,,,,,3D,,belljo02
217,Josh Bell,31,ARI,NL,31,30,15,252.0,228,213,15,0,19,1.000,0,0,-2,-10,8.14,8.29,7.35,8.18,,,,,,,3/DH,,belljo02
218,Thairo Estrada,28,SFG,NL,94,93,90,811.2,387,121,264,2,63,.995,-4,-6,-7,-10,4.27,4.15,4.10,4.09,,,,,,,4/DH,,estrath01
219,Lenyn Sosa,24,CHW,AL,97,91,84,807.1,288,115,167,6,42,.979,-6,-9,-9,-13,3.14,3.18,2.79,3.23,,,,,,,54/H3D,,sosale01
220,Nick Gonzales,25,PIT,NL,93,91,87,806.1,401,153,241,7,64,.983,0,0,-5,-7,4.40,4.10,4.15,4.03,,,,,,,4/6H5,,gonzani01
221,Max Kepler,31,MIN,AL,103,88,84,806.1,176,172,4,0,1,1.000,1,1,0,0,1.96,2.27,1.71,2.24,,,,,,,9H/D,,keplema01
222,Anthony Rizzo,34,NYY,AL,92,91,83,801.2,679,602,74,3,58,.996,1,1,2,3,7.59,8.03,7.35,7.92,,,,,,,3/H,,rizzoan01
223,Tyler O'Neill,29,BOS,AL,95,90,59,799.2,162,151,4,7,0,.957,-2,-3,1,2,1.74,2.27,1.63,2.24,,,,,,,79D/H,,oneilty01
224,Spencer Torkelson,24,DET,AL,90,90,85,799.2,763,701,58,4,59,.995,4,6,2,3,8.54,8.03,8.43,7.92,,,,,,,3/D,,torkesp01
225,Jonny DeLuca,25,TBR,AL,97,87,69,794.0,227,219,6,2,2,.991,6,9,5,8,2.55,2.27,2.32,2.24,,,,,,,98H7/D,,delucjo01
226,Jake Cave,31,COL,NL,116,83,61,790.2,190,184,5,1,1,.995,-7,-10,-6,-9,2.15,2.21,1.63,2.18,,,,,,,*97H/8D,,caveja01
227,LaMonte Wade Jr.,30,SFG,NL,104,92,70,785.0,739,660,78,1,59,.999,-5,-7,1,2,8.46,7.96,6.96,7.50,,,,,,,3H9/D7,,wadela01
228,Ben Rortvedt,26,TBR,AL,111,87,67,782.0,790,755,26,9,2,.989,0,0,-1,-2,8.99,9.14,6.97,8.96,6,12,64,12,15.8,0,*2H/1,,rortvbe01
229,Rhys Hoskins,31,MIL,NL,94,88,76,777.1,660,602,55,3,52,.995,-5,-8,-3,-5,7.61,8.29,6.99,8.18,,,,,,,3D/H,,hoskirh01
230,Jake Fraley,29,CIN,NL,100,91,71,776.2,199,193,4,2,0,.990,3,4,-1,-2,2.28,2.21,1.97,2.18,,,,,,,9H/D78,,fraleja01
231,Jon Singleton,32,HOU,AL,94,88,72,768.2,640,568,64,8,60,.988,-14,-21,-8,-12,7.40,8.03,6.72,7.92,,,,,,,3HD,,singljo02
232,Byron Buxton,30,MIN,AL,94,87,79,767.0,206,204,2,0,0,1.000,-17,-27,2,3,2.42,2.27,2.19,2.24,,,,,,,8/HD,,buxtoby01
233,Alejandro Kirk,25,TOR,AL,93,89,77,766.0,759,706,46,7,6,.991,6,9,13,20,8.84,9.16,8.09,9.03,7,17,60,27,31.0,4,2/HD,,kirkal01
234,Jake Rogers,29,DET,AL,92,86,75,761.0,776,744,29,3,4,.996,5,8,13,20,9.14,9.16,8.40,9.03,1,21,39,13,25.0,0,2/DH,,rogerja03
235,Miguel Rojas,35,LAD,NL,102,86,67,757.0,334,132,199,3,27,.991,5,8,11,17,3.94,3.76,3.06,3.70,,,,,,,64H5/13,,rojasmi02
236,Kevin Newman,30,ARI,NL,109,79,65,754.1,332,114,213,5,52,.985,3,4,10,16,3.90,4.04,2.82,4.19,,,,,,,643/H57D,,newmake01
237,Tyrone Taylor,30,NYM,NL,113,75,51,754.1,199,193,3,3,0,.985,1,2,10,16,2.34,2.21,1.73,2.18,,,,,,,*98H7/D,,tayloty01
238,Oswaldo Cabrera,25,NYY,AL,104,79,70,753.1,301,136,158,7,19,.977,-4,-6,3,5,3.51,3.10,2.60,3.28,,,,,,,5H34/6791,,cabreos01
239,Josh Lowe,26,TBR,AL,92,87,69,743.1,195,189,2,4,1,.979,-2,-3,-2,-3,2.31,2.27,2.08,2.24,,,,,,,97/HD8,,lowejo01
240,Michael A. Taylor,33,PIT,NL,106,80,72,735.2,235,229,3,3,0,.987,9,15,11,18,2.84,2.21,2.19,2.18,,,,,,,8H/7D,,taylomi02
241,Gabriel Moreno,24,ARI,NL,93,83,78,732.0,669,636,31,2,4,.997,4,7,10,16,8.20,9.06,7.10,8.87,3,25,40,16,28.6,0,2H/5,,morenga01
242,Christian Vázquez,33,MIN,AL,89,82,75,731.1,806,773,29,4,2,.995,2,3,7,11,9.87,9.05,8.91,8.80,1,19,53,10,15.9,1,2/5DH3,,vazquch01
243,Tyler Fitzgerald,26,SFG,NL,88,81,71,728.1,314,120,180,14,33,.955,-5,-8,-5,-8,3.71,3.69,3.19,3.62,,,,,,,6H/8471D3,,fitzgty01
244,Zach McKinstry,29,DET,AL,107,79,44,727.1,235,84,142,9,24,.962,4,6,1,2,2.80,3.18,1.67,3.00,,,,,,,65H479/1D,,mckinza01
245,Francisco Alvarez,22,NYM,NL,96,82,70,726.0,806,775,25,6,1,.993,-7,-12,-1,-2,9.92,9.06,8.33,8.94,11,40,66,14,17.5,3,2/HD,,alvarfr01
246,José Miranda,26,MIN,AL,90,85,61,723.2,240,128,106,6,15,.975,-1,-1,1,2,2.91,3.24,2.54,3.23,,,,,,,5DH3/6,,miranjo01
247,Whit Merrifield,35,2TM,NL,88,80,69,723.0,254,114,135,5,29,.980,-2,-4,-5,-8,3.10,3.46,2.71,3.35,,,,,,,475H/D,,merriwh01
248,Whit Merrifield,35,PHI,NL,47,40,34,373.1,109,67,39,3,10,.972,0,1,0,0,2.56,2.82,2.08,2.78,,,,,,,745H/D,,merriwh01
249,Whit Merrifield,35,ATL,NL,41,40,35,349.2,145,47,96,2,19,.986,-3,-9,-5,-17,3.68,4.15,3.49,4.05,,,,,,,4/H5,,merriwh01
250,Kevin Kiermaier,34,2TM,2LG,113,82,57,722.1,235,230,2,3,1,.987,4,7,10,17,2.89,2.26,2.05,2.22,,,,,,,*8H/9D,,kiermke01
251,Kevin Kiermaier,34,TOR,AL,81,63,47,550.1,171,167,1,3,0,.982,0,-1,9,20,2.75,2.27,2.07,2.24,,,,,,,8/H9D,,kiermke01
252,Kevin Kiermaier,34,LAD,NL,32,19,10,172.0,64,63,1,0,1,1.000,4,30,1,7,3.35,2.21,2.00,2.18,,,,,,,8/H,,kiermke01
253,Ryan Jeffers,27,MIN,AL,86,81,76,720.1,786,749,31,6,0,.992,-3,-5,-4,-7,9.75,9.16,9.07,9.03,3,28,59,12,16.9,0,2DH,,jeffery01
254,Emmanuel Rivera,28,2TM,2LG,116,76,57,715.0,272,137,131,4,20,.985,-5,-8,-5,-8,3.37,3.32,2.20,3.42,,,,,,,53H/1D,,riverem01
255,Emmanuel Rivera,28,MIA,NL,91,59,47,549.1,211,96,112,3,17,.986,0,0,0,0,3.41,3.27,2.21,3.24,,,,,,,53H/1D,,riverem01
256,Emmanuel Rivera,28,BAL,AL,25,17,10,165.2,61,41,19,1,3,.984,-5,-37,-5,-36,3.26,3.48,2.14,4.01,,,,,,,5/3HD,,riverem01
257,Carlos Correa,29,MIN,AL,84,84,76,712.1,293,119,169,5,26,.983,4,7,-3,-5,3.64,3.70,3.43,3.65,,,,,,,6/DH,AS,correca01
258,Travis d'Arnaud,35,ATL,NL,89,79,74,706.2,744,716,25,3,3,.996,2,3,-6,-10,9.44,9.06,8.33,8.94,2,18,55,13,19.1,0,2H,,darnatr01
259,Ramón Urías,30,BAL,AL,96,75,67,702.2,190,58,126,6,12,.968,-4,-7,-3,-5,2.36,2.58,1.88,2.60,,,,,,,5/H4D3,,uriasra01
260,Mitch Haniger,33,SEA,AL,90,80,65,702.1,171,162,4,5,0,.971,3,5,-1,-2,2.13,2.27,1.84,2.24,,,,,,,9DH,,hanigmi01
261,David Hamilton,26,BOS,AL,94,78,55,699.2,330,115,205,10,40,.970,-2,-3,4,7,4.12,3.80,3.17,3.75,,,,,,,64H,,hamilda03
262,James Wood,21,WSN,NL,79,79,77,697.2,137,129,4,4,1,.971,-1,-2,-7,-12,1.72,2.21,1.68,2.18,,,,,,,7,,woodja03
263,Gavin Sheets,28,CHW,AL,88,84,61,695.1,376,346,28,2,29,.995,-7,-12,-7,-12,4.84,5.24,4.25,5.02,,,,,,,93DH,,sheetga01
264,Will Brennan,26,CLE,AL,98,79,50,694.0,161,157,2,2,0,.988,1,1,-6,-10,2.06,2.27,1.62,2.24,,,,,,,97HD/8,,brennwi02
265,Jeimer Candelario,30,CIN,NL,80,79,68,689.2,327,220,96,11,26,.966,-10,-17,-10,-17,4.12,4.50,3.67,4.62,,,,,,,53D/H,,candeje01
266,Manuel Margot,29,MIN,AL,113,68,38,688.1,166,163,0,3,0,.982,2,4,-3,-5,2.13,2.27,1.44,2.24,,,,,,,*79H8/D,,margoma01
267,Adam Duvall,35,ATL,NL,91,74,68,685.0,157,151,4,2,0,.987,-7,-12,-3,-5,2.04,2.21,1.70,2.18,,,,,,,79H/D,,duvalad01
268,Bo Bichette,26,TOR,AL,81,81,72,684.1,242,76,159,7,35,.971,-3,-5,-3,-5,3.09,3.70,2.90,3.65,,,,,,,6,,bichebo01
269,Starling Marte,35,NYM,NL,85,80,62,680.1,146,138,6,2,2,.986,-15,-26,-6,-11,1.90,2.21,1.69,2.18,,,,,,,9/DH,,martest01
270,Ildemaro Vargas,32,WSN,NL,92,71,55,679.1,239,100,133,6,32,.975,-3,-5,-3,-5,3.09,3.19,2.22,3.12,,,,,,,547H/613D,,vargail01
271,TJ Friedl,28,CIN,NL,82,79,69,678.0,198,192,3,3,1,.985,1,2,-5,-9,2.59,2.21,2.38,2.18,,,,,,,8/HD,,friedtj01
272,Ramón Laureano,29,2TM,2LG,96,74,58,675.1,146,138,7,1,0,.993,-1,-1,3,5,1.93,2.23,1.51,2.20,,,,,,,97H8,,laurera01
273,Ramón Laureano,29,CLE,AL,31,20,13,186.0,57,52,5,0,0,1.000,4,25,3,19,2.76,2.27,1.84,2.24,,,,,,,98/H,,laurera01
274,Ramón Laureano,29,ATL,NL,65,54,45,489.1,89,86,2,1,0,.989,-4,-11,0,0,1.62,2.21,1.35,2.18,,,,,,,97/H8,,laurera01
275,Luis Campusano,25,SDP,NL,88,74,70,673.2,728,701,24,3,0,.996,-5,-9,-17,-30,9.69,9.06,8.24,8.92,6,36,41,8,16.3,0,2H/3,,campulu01
276,Carson Kelly,29,2TM,AL,84,75,70,672.2,678,642,33,3,8,.996,1,2,-6,-11,9.03,9.16,8.04,9.03,4,27,59,21,26.3,1,2/DH,,kellyca02
277,Carson Kelly,29,DET,AL,60,52,49,472.1,490,461,27,2,7,.996,3,8,-2,-5,9.30,9.16,8.13,9.03,2,18,42,18,30.0,1,2/HD,,kellyca02
278,Carson Kelly,29,TEX,AL,24,23,21,200.1,188,181,6,1,1,.995,-2,-12,-4,-24,8.40,9.16,7.79,9.03,2,9,17,3,15.0,0,2/DH,,kellyca02
279,Javier Báez,31,DET,AL,80,76,73,672.1,320,122,189,9,39,.972,-1,-1,-4,-7,4.16,3.70,3.89,3.65,,,,,,,6/H,,baezja01
280,Alec Burleson,25,STL,NL,87,81,47,671.1,238,221,16,1,12,.996,-1,-2,-3,-5,3.18,3.27,2.63,3.18,,,,,,,D97H3,,burleal01
281,Jesse Winker,30,2TM,NL,92,85,50,670.2,138,129,7,2,1,.986,-2,-4,1,2,1.83,2.21,1.48,2.18,,,,,,,7DH9,,winkeje01
282,Jesse Winker,30,WSN,NL,65,62,47,515.2,105,98,5,2,1,.981,-1,-3,1,2,1.80,2.21,1.58,2.18,,,,,,,7D/H9,,winkeje01
283,Jesse Winker,30,NYM,NL,27,23,3,155.0,33,31,2,0,0,1.000,-1,-9,0,0,1.92,2.21,1.22,2.18,,,,,,,97HD,,winkeje01
284,Kyle Higashioka,34,SDP,NL,83,77,60,665.2,698,669,20,9,1,.987,-3,-5,1,2,9.32,9.06,8.30,8.94,9,23,52,13,20.0,0,2/H,,higasky01
285,Mark Canha,35,2TM,2LG,89,74,58,665.0,407,383,20,4,32,.990,0,-1,-6,-11,5.45,5.57,4.33,5.34,,,,,,,3D7H9/5,,canhama01
286,Mark Canha,35,DET,AL,61,59,48,515.1,281,265,13,3,22,.989,-3,-7,-4,-9,4.86,5.03,4.34,4.99,,,,,,,3D79/H,,canhama01
287,Mark Canha,35,SFG,NL,28,15,10,149.2,126,118,7,1,10,.992,3,21,-2,-16,7.52,7.41,4.31,6.12,,,,,,,3H/97D5,,canhama01
288,Freddy Fermin,29,KCR,AL,91,72,71,663.0,674,634,35,5,2,.993,13,24,16,29,9.08,9.16,7.35,9.03,4,10,21,17,44.7,1,2D/H,,fermifr01
289,Parker Meadows,24,DET,AL,82,75,59,660.0,194,193,0,1,0,.995,14,25,5,9,2.63,2.27,2.35,2.24,,,,,,,8/H,,meadopa01
290,Brandon Drury,31,LAA,AL,80,74,64,656.2,346,174,167,5,48,.986,4,7,-4,-7,4.67,4.30,3.97,4.29,,,,,,,45D3/H,,drurybr01
291,Danny Jansen,29,2TM,AL,82,72,69,654.1,643,619,18,6,1,.991,0,0,-11,-20,8.76,9.16,7.77,9.03,3,11,62,10,13.9,2,2H/D,,janseda01
292,Danny Jansen,29,TOR,AL,54,50,49,443.1,443,424,16,3,0,.993,0,0,-6,-16,8.93,9.16,8.15,9.03,1,9,44,7,13.7,1,2/HD,,janseda01
293,Danny Jansen,29,BOS,AL,28,22,20,211.0,200,195,2,3,1,.985,0,0,-5,-28,8.40,9.16,7.04,9.03,2,2,18,3,14.3,1,2/HD,,janseda01
294,Chas McCormick,29,HOU,AL,93,72,46,646.0,162,160,1,1,0,.994,4,7,-2,-4,2.24,2.27,1.73,2.24,,,,,,,798/H,,mccorch01
295,Richie Palacios,27,TBR,AL,86,70,58,645.1,226,132,87,7,15,.969,6,11,5,9,3.05,2.97,2.41,2.94,,,,,,,497H/D56,,palacri01
296,Vidal Bruján,26,MIA,NL,87,68,51,630.0,264,116,139,9,29,.966,-2,-4,4,8,3.64,3.47,2.60,3.33,,,,,,,46H58/9713,,brujavi01
297,Edmundo Sosa,28,PHI,NL,86,68,50,628.2,291,101,184,6,36,.979,2,4,6,11,4.08,3.63,3.13,3.52,,,,,,,654H,,sosaed01
298,Jake Bauers,28,MIL,NL,89,69,49,628.1,484,441,38,5,42,.990,-2,-4,-2,-4,6.86,7.56,4.99,6.90,,,,,,,3HD9/71,,bauerja01
299,Brett Wisely,25,SFG,NL,86,68,54,626.2,288,85,200,3,43,.990,2,4,4,8,4.09,3.96,3.10,3.93,,,,,,,46H/538,,wiselbr01
300,Taylor Walls,27,TBR,AL,83,68,64,625.1,255,80,172,3,33,.988,14,27,12,23,3.63,3.70,3.04,3.65,,,,,,,6/HD,,wallsta01
301,Jose Iglesias,34,NYM,NL,85,69,47,625.0,250,91,156,3,38,.988,1,1,4,8,3.56,3.81,2.40,3.52,,,,,,,45/H6,,iglesjo01
302,Seiya Suzuki,29,CHC,NL,73,72,69,625.0,158,150,5,3,3,.981,-1,-1,2,4,2.23,2.21,2.12,2.18,,,,,,,9D/7H,,suzukse01
303,Edouard Julien,25,MIN,AL,90,71,47,624.1,258,87,166,5,25,.981,-5,-10,-6,-12,3.65,3.98,2.78,3.95,,,,,,,4H/D3,,julieed01
304,Michael Massey,26,KCR,AL,82,70,55,623.1,302,122,177,3,39,.990,-1,-2,0,0,4.32,3.97,3.65,3.91,,,,,,,4HD,,massemi02
305,Luis Rengifo,27,LAA,AL,75,71,61,622.2,243,87,150,6,29,.975,-3,-6,-4,-8,3.43,3.08,2.93,3.01,,,,,,,54/H69D,,rengilu01
306,Jack Suwinski,25,PIT,NL,85,67,45,617.2,178,177,0,1,0,.994,1,3,-15,-29,2.58,2.21,2.08,2.18,,,,,,,879H,,suwinja01
307,Víctor Robles,27,2TM,2LG,87,73,48,616.2,172,165,4,3,1,.983,8,15,4,8,2.47,2.26,1.94,2.23,,,,,,,897/HD,,roblevi01
308,Víctor Robles,27,WSN,NL,14,10,7,82.2,27,25,1,1,0,.963,2,26,2,29,2.83,2.21,1.86,2.18,,,,,,,/89H,,roblevi01
309,Víctor Robles,27,SEA,AL,73,63,41,534.0,145,140,3,2,1,.986,6,13,2,4,2.41,2.27,1.96,2.24,,,,,,,897/HD,,roblevi01
310,Dominic Smith,29,2TM,2LG,82,71,48,616.0,556,472,77,7,49,.987,9,18,-2,-4,8.02,8.01,6.46,7.70,,,,,,,3H/D1,,smithdo02
311,Dominic Smith,29,BOS,AL,77,66,46,576.2,526,443,76,7,45,.987,9,19,-2,-4,8.10,8.00,6.49,7.67,,,,,,,3H/D1,,smithdo02
312,Dominic Smith,29,CIN,NL,5,5,2,39.1,30,29,1,0,4,1.000,0,3,0,0,6.86,8.28,6.00,8.18,,,,,,,/3DH,,smithdo02
313,Miguel Andujar,29,OAK,AL,72,71,64,615.2,141,129,10,2,1,.986,9,17,-1,-2,2.03,2.27,1.90,2.32,,,,,,,7/D3H,,andujmi01
314,Abraham Toro,27,OAK,AL,79,71,57,614.1,217,84,128,5,18,.977,-1,-2,-2,-4,3.11,3.10,2.62,3.12,,,,,,,54DH/37,,toroab01
315,Austin Martin,25,MIN,AL,82,69,42,612.0,160,139,20,1,3,.994,-8,-16,-13,-25,2.34,2.53,1.81,2.51,,,,,,,78H4/D,,martiau01
316,Kevin Pillar,35,2TM,AL,86,67,55,607.2,153,150,2,1,0,.993,-4,-8,-2,-4,2.25,2.27,1.77,2.24,,,,,,,8H79D,,pillake01
317,Kevin Pillar,35,CHW,AL,14,8,6,72.2,17,17,0,0,0,1.000,1,12,0,0,2.11,2.27,1.21,2.24,,,,,,,/H89D,,pillake01
318,Kevin Pillar,35,LAA,AL,72,59,49,535.0,136,133,2,1,0,.993,-5,-11,-2,-4,2.27,2.27,1.88,2.24,,,,,,,8H79/D,,pillake01
319,Joey Loperfido,25,2TM,AL,76,69,45,604.2,158,156,2,0,0,1.000,7,13,6,12,2.35,2.30,2.05,2.39,,,,,,,789/H3D,,loperjo01
320,Joey Loperfido,25,HOU,AL,35,31,18,275.1,64,63,1,0,0,1.000,6,25,2,9,2.09,2.33,1.83,2.40,,,,,,,79/H83D,,loperjo01
321,Joey Loperfido,25,TOR,AL,41,38,27,329.1,94,93,1,0,0,1.000,1,4,4,15,2.57,2.27,2.24,2.37,,,,,,,78/H3D,,loperjo01
322,Elias Díaz,33,2TM,NL,79,70,62,604.1,500,467,29,4,1,.992,0,0,5,10,7.39,9.06,6.28,8.94,1,34,47,18,27.7,0,2D/H,,diazel01
323,Elias Díaz,33,COL,NL,67,63,57,538.1,434,403,27,4,1,.991,0,0,5,11,7.19,9.06,6.42,8.94,0,30,44,17,27.9,0,2D/H,,diazel01
324,Elias Díaz,33,SDP,NL,12,7,5,66.0,66,64,2,0,0,1.000,0,0,0,0,9.00,9.05,5.50,8.94,1,4,3,1,25.0,0,2,,diazel01
325,Jacob Stallings,34,COL,NL,76,67,58,603.2,537,506,24,7,1,.987,0,0,-6,-12,7.90,9.06,6.97,8.94,1,18,61,16,20.8,1,2/HD,,stallja01
326,Max Muncy,33,LAD,NL,72,66,64,602.1,165,44,115,6,16,.964,3,7,5,10,2.38,2.55,2.21,2.51,,,,,,,5/H,,muncyma01
327,Xavier Edwards,24,MIA,NL,70,68,65,599.0,247,91,149,7,32,.972,-13,-26,-8,-16,3.61,3.83,3.43,3.77,,,,,,,6/H4,,edwarxa01
328,Sean Murphy,29,ATL,NL,69,67,63,594.0,741,709,27,5,3,.993,2,4,4,8,11.15,9.06,10.67,8.94,2,11,62,15,19.5,0,2/H,,murphse01
329,Kyle Tucker,27,HOU,AL,70,68,62,592.2,128,124,4,0,2,1.000,9,18,7,14,1.94,2.27,1.83,2.24,,,,,,,9/DH,AS,tuckeky01
330,Eddie Rosario,32,2TM,NL,75,67,45,592.2,131,126,3,2,2,.985,-5,-9,-4,-8,1.96,2.21,1.72,2.18,,,,,,,79D8/H,,rosared01
331,Eddie Rosario,32,WSN,NL,51,44,31,400.2,94,91,1,2,1,.979,-4,-13,-5,-15,2.07,2.21,1.80,2.18,,,,,,,97D8/H,,rosared01
332,Eddie Rosario,32,ATL,NL,24,23,14,192.0,37,35,2,0,1,1.000,0,-1,1,6,1.73,2.21,1.54,2.18,,,,,,,7/H,,rosared01
333,Spencer Horwitz,26,TOR,AL,73,69,49,588.2,370,271,96,3,40,.992,-5,-11,-6,-12,5.61,6.04,4.59,5.97,,,,,,,34DH,,horwisp01
334,Nick Gordon,28,MIA,NL,82,68,53,588.1,148,136,9,3,1,.980,2,4,-7,-14,2.22,2.26,1.75,2.32,,,,,,,7H8/49D,,gordoni01
335,Nolan Jones,26,COL,NL,69,67,64,583.2,112,103,4,5,0,.955,-2,-4,-4,-8,1.65,2.21,1.55,2.18,,,,,,,7/DH,,jonesno01
336,Jason Heyward,34,2TM,2LG,85,63,49,580.0,149,145,2,2,0,.987,12,26,5,10,2.28,2.23,1.73,2.20,,,,,,,9H/78,,heywaja01
337,Jason Heyward,34,LAD,NL,61,49,38,435.0,115,113,1,1,0,.991,10,27,3,8,2.36,2.21,1.87,2.18,,,,,,,9/H8,,heywaja01
338,Jason Heyward,34,HOU,AL,24,14,11,145.0,34,32,1,1,0,.971,3,21,2,17,2.05,2.27,1.38,2.24,,,,,,,9/7H8,,heywaja01
339,Dominic Fletcher,26,CHW,AL,71,64,55,567.2,179,165,8,6,1,.966,-5,-11,7,15,2.74,2.27,2.44,2.24,,,,,,,98/H7,,fletcdo01
340,Garrett Hampson,29,KCR,AL,112,59,28,567.1,191,148,40,3,11,.984,9,20,9,19,2.98,2.76,1.49,3.00,,,,,,,8H74/36951,,hampsga01
341,Amed Rosario,28,3TM,2LG,73,63,43,565.2,162,93,67,2,12,.988,-10,-22,-11,-23,2.55,3.11,1.95,3.08,,,,,,,49DH56,,rosaram01
342,Amed Rosario,28,2TM,NL,13,8,2,70.0,21,12,9,0,2,1.000,-2,-36,-1,-17,2.70,3.21,1.40,3.18,,,,,,,D/H4965,,rosaram01
343,Amed Rosario,28,TBR,AL,60,55,41,495.2,141,81,58,2,10,.986,-8,-20,-10,-24,2.52,3.10,2.07,3.06,,,,,,,4956DH,,rosaram01
344,Amed Rosario,28,LAD,NL,5,3,0,24.0,12,4,8,0,2,1.000,0,-10,0,0,4.50,3.94,2.40,3.64,,,,,,,/46H5,,rosaram01
345,Amed Rosario,28,CIN,NL,8,5,2,46.0,9,8,1,0,0,1.000,-2,-50,-1,-26,1.76,2.84,0.90,2.95,,,,,,,D/9H4,,rosaram01
346,Kyle Farmer,33,MIN,AL,102,59,29,565.0,188,57,129,2,17,.989,1,3,-4,-8,2.96,3.57,1.59,3.48,,,,,,,45H6/13D,,farmeky01
347,Chris Taylor,33,LAD,NL,85,56,34,564.0,151,98,51,2,10,.987,-5,-10,-2,-4,2.38,2.72,1.51,2.66,,,,,,,754H/8,,tayloch03
348,Yasmani Grandal,35,PIT,NL,71,62,54,563.1,589,572,10,7,1,.988,-4,-8,0,0,9.30,9.06,7.97,8.92,5,8,66,6,8.3,0,2/H3,,grandya01
349,Nick Ahmed,34,3TM,NL,69,66,58,563.1,255,77,175,3,40,.988,-2,-5,-1,-2,4.03,3.83,3.65,3.78,,,,,,,6/H4,,ahmedni01
350,Nick Ahmed,34,SFG,NL,51,50,44,426.0,198,61,134,3,33,.985,0,0,0,0,4.12,3.82,3.82,3.77,,,,,,,6/H,,ahmedni01
351,Nick Ahmed,34,LAD,NL,16,14,12,120.1,46,13,33,0,7,1.000,-3,-26,0,0,3.44,3.82,2.88,3.77,,,,,,,6/H,,ahmedni01
352,Nick Ahmed,34,SDP,NL,2,2,2,17.0,11,3,8,0,0,1.000,0,28,-1,-71,5.82,4.02,5.50,3.95,,,,,,,/46,,ahmedni01
353,James McCann,34,BAL,AL,66,63,59,560.2,564,528,28,8,2,.986,-2,-4,-5,-11,8.93,9.15,8.42,8.91,0,25,39,12,23.5,0,2/1,,mccanja02
354,Dylan Carlson,25,2TM,2LG,86,54,41,558.1,145,143,1,1,1,.993,-2,-4,-6,-13,2.32,2.24,1.67,2.20,,,,,,,798H/D,,carlsdy01
355,Dylan Carlson,25,STL,NL,57,28,18,317.1,90,88,1,1,1,.989,3,11,-3,-11,2.52,2.21,1.56,2.18,,,,,,,98H/7D,,carlsdy01
356,Dylan Carlson,25,TBR,AL,29,26,23,241.0,55,55,0,0,0,1.000,-5,-24,-3,-15,2.05,2.27,1.90,2.24,,,,,,,7/H9D,,carlsdy01
357,Ryan O'Hearn,30,BAL,AL,78,68,41,557.2,361,337,19,5,28,.986,-5,-10,-4,-9,5.75,6.40,4.34,6.05,,,,,,,3DH9/7,,ohearry01
358,Victor Caratini,30,HOU,AL,69,63,59,556.0,587,557,27,3,10,.995,-1,-1,3,6,9.45,9.00,8.46,8.85,0,17,50,12,19.4,0,2H3/D,,caratvi01
359,Brandon Lowe,29,TBR,AL,69,64,56,555.1,281,151,130,0,35,1.000,2,3,1,2,4.55,4.67,3.96,4.65,,,,,,,4D3H,,lowebr01
360,Joey Gallo,30,WSN,NL,69,61,55,554.2,479,453,25,1,45,.998,4,8,6,13,7.76,7.45,6.83,7.24,,,,,,,3/9HD7,,gallojo01
361,Ezequiel Durán,25,TEX,AL,75,63,45,553.0,228,138,85,5,18,.978,7,14,2,4,3.63,3.59,2.90,3.47,,,,,,,573DH/6498,,duranez01
362,Jose Trevino,31,NYY,AL,72,62,48,546.1,580,552,22,6,2,.990,0,0,9,20,9.46,9.13,7.86,8.82,5,15,57,13,18.6,1,2/H1,,trevijo01
363,Joey Bart,27,PIT,NL,69,62,56,545.0,525,498,23,4,3,.992,-3,-7,-4,-9,8.60,9.06,7.55,8.94,4,17,67,15,18.3,0,2D/H,,bartjo01
364,Pedro Pagés,25,STL,NL,67,60,56,543.2,521,490,28,3,1,.994,-2,-4,3,7,8.58,9.06,7.73,8.93,3,15,61,14,18.7,0,2/H3,,pagespe02
365,Tyler Nevin,27,OAK,AL,80,64,24,542.0,303,261,38,4,25,.987,-7,-16,-1,-2,4.96,4.57,3.22,4.62,,,,,,,359H7/D,,nevinty01
366,Austin Hays,28,2TM,2LG,76,59,48,541.2,118,115,2,1,0,.992,-2,-5,-8,-18,1.94,2.25,1.54,2.22,,,,,,,7H/9D,,haysau01
367,Austin Hays,28,BAL,AL,55,38,31,360.0,83,80,2,1,0,.988,-1,-2,-4,-13,2.05,2.27,1.49,2.24,,,,,,,7H/9D,,haysau01
368,Austin Hays,28,PHI,NL,21,21,17,181.2,35,35,0,0,0,1.000,-2,-11,-4,-26,1.73,2.21,1.67,2.18,,,,,,,7/H,,haysau01
369,Tim Anderson,31,MIA,NL,63,62,59,537.1,245,66,170,9,34,.963,0,1,0,0,3.95,3.82,3.75,3.77,,,,,,,6/H,,anderti01
370,Stuart Fairchild,28,CIN,NL,84,54,39,526.0,171,170,1,0,1,1.000,5,10,6,14,2.93,2.21,2.04,2.18,,,,,,,8H97/D,,faircst01
371,Mike Tauchman,33,CHC,NL,75,54,42,521.0,115,113,1,1,1,.991,-4,-9,-5,-12,1.97,2.21,1.52,2.18,,,,,,,9HD78,,tauchmi01
372,Triston Casas,24,BOS,AL,61,56,51,512.0,505,450,50,5,36,.990,-2,-5,-1,-2,8.79,8.03,8.20,7.92,,,,,,,3/HD,,casastr01
373,DJ LeMahieu,35,NYY,AL,66,55,42,511.1,297,212,82,3,20,.990,-5,-12,-5,-12,5.17,4.82,3.97,5.25,,,,,,,35/H,,lemahdj01
374,Cavan Biggio,29,3TM,2LG,69,56,39,508.0,234,145,82,7,23,.970,-7,-16,-3,-7,4.02,4.07,2.87,4.20,,,,,,,453H9/D,,biggica01
375,Cavan Biggio,29,2TM,NL,31,22,16,204.1,106,75,26,5,11,.953,-8,-46,-5,-29,4.45,4.85,2.89,4.64,,,,,,,53/H49,,biggica01
376,Cavan Biggio,29,TOR,AL,38,34,23,303.2,128,70,56,2,12,.984,1,5,2,8,3.73,3.55,2.86,3.85,,,,,,,49/H35D,,biggica01
377,Cavan Biggio,29,LAD,NL,27,21,15,191.1,99,72,22,5,9,.949,-7,-42,-4,-25,4.42,4.89,3.03,4.71,,,,,,,53/9H4,,biggica01
378,Cavan Biggio,29,ATL,NL,4,1,1,13.0,7,3,4,0,2,1.000,-1,-111,-1,-92,4.85,4.15,1.75,4.10,,,,,,,/4H,,biggica01
379,Jorge Mateo,29,BAL,AL,64,57,47,505.2,228,87,137,4,25,.982,3,7,0,0,3.99,3.90,3.39,3.79,,,,,,,4/6H8D,,mateojo01
380,Daniel Schneemann,27,CLE,AL,70,61,21,505.0,163,89,68,6,12,.963,-2,-5,2,5,2.80,2.89,1.78,2.91,,,,,,,6589H/47D,,schneda04
381,Adam Frazier,32,KCR,AL,81,58,32,503.0,188,95,90,3,14,.984,2,5,5,12,3.31,3.21,2.13,3.15,,,,,,,4H9D7/53,,fraziad01
382,Trey Lipscomb,24,WSN,NL,60,57,48,496.1,168,49,110,9,16,.946,3,7,3,7,2.88,2.87,2.56,3.02,,,,,,,5/3H4D,,lipsctr01
383,Rob Refsnyder,33,BOS,AL,76,51,36,495.1,122,116,2,4,0,.967,3,7,-4,-10,2.14,2.27,1.55,2.24,,,,,,,79HD,,refsnro01
384,Leo Jiménez,23,TOR,AL,61,55,47,490.1,204,78,122,4,29,.980,1,1,2,5,3.67,3.79,3.13,3.74,,,,,,,64/HD,,jimenle01
385,Addison Barger,24,TOR,AL,63,55,36,485.1,138,82,49,7,7,.949,-4,-11,3,7,2.43,2.38,1.87,2.34,,,,,,,59H7/D,,bargead01
386,Trent Grisham,27,NYY,AL,69,52,44,485.1,146,141,3,2,2,.986,3,8,0,0,2.67,2.27,2.09,2.24,,,,,,,8H/D,,grishtr01
387,Miguel Vargas,24,2TM,2LG,65,57,40,484.0,126,58,63,5,10,.960,-5,-13,-2,-5,2.25,2.38,1.86,2.42,,,,,,,57/HD3,,vargami01
388,Miguel Vargas,24,LAD,NL,28,20,5,166.0,34,30,3,1,1,.971,-2,-17,0,0,1.79,2.21,1.18,2.40,,,,,,,7/H3,,vargami01
389,Miguel Vargas,24,CHW,AL,37,37,35,318.0,92,28,60,4,9,.957,-3,-11,-2,-8,2.49,2.47,2.38,2.43,,,,,,,5/D7H,,vargami01
390,Enmanuel Valdéz,25,BOS,AL,68,57,33,479.1,217,71,140,6,23,.972,-4,-11,-5,-13,3.96,3.93,3.06,3.82,,,,,,,4H/D57,,valdeen01
391,Jackson Holliday,20,BAL,AL,59,53,49,474.2,211,80,128,3,30,.986,-6,-14,-3,-8,3.94,3.96,3.53,3.90,,,,,,,4/H6D,,hollija01
392,Iván Herrera,24,STL,NL,56,52,47,469.2,496,476,17,3,2,.994,-6,-15,-7,-18,9.45,9.06,8.80,8.94,1,15,55,4,6.8,0,2D/H,,herreiv01
393,Noelvi Marté,22,CIN,NL,55,53,50,469.1,130,45,73,12,6,.908,-4,-11,-8,-20,2.26,2.55,2.11,2.54,,,,,,,5D/H4,,marteno01
394,Garrett Mitchell,25,MIL,NL,60,51,37,456.2,122,119,3,0,0,1.000,3,7,6,16,2.40,2.21,2.03,2.18,,,,,,,89H/D,,mitchga01
395,Tyler Soderstrom,22,OAK,AL,59,53,42,455.0,404,377,24,3,47,.993,2,4,-3,-8,7.93,8.04,6.68,7.94,0,0,1,0,0.0,0,3/H2,,soderty01
396,Andy Ibáñez,31,DET,AL,85,45,24,453.2,255,147,106,2,32,.992,4,11,8,21,5.02,4.42,2.75,4.27,,,,,,,H453/7D6,,ibanean01
397,Cristian Pache,25,3TM,2LG,78,47,29,451.2,123,117,3,3,0,.976,1,3,3,8,2.39,2.21,1.54,2.18,,,,,,,8H7/9D,,pachecr01
398,Cristian Pache,25,2TM,NL,76,47,29,447.2,123,117,3,3,0,.976,1,3,3,8,2.41,2.21,1.58,2.18,,,,,,,8H7/D9,,pachecr01
399,Cristian Pache,25,PHI,NL,45,30,18,282.2,73,69,2,2,0,.973,4,17,4,17,2.26,2.21,1.58,2.18,,,,,,,87H/D9,,pachecr01
400,Cristian Pache,25,BAL,AL,2,0,0,4.0,0,0,0,0,0,,0,0,0,0,0.00,2.25,0.00,2.25,,,,,,,/9H,,pachecr01
401,Cristian Pache,25,MIA,NL,31,17,11,165.0,50,48,1,1,0,.980,-3,-20,-1,-7,2.67,2.21,1.58,2.18,,,,,,,8/HD,,pachecr01
402,David Peralta,36,SDP,NL,65,53,27,448.0,89,87,1,1,0,.989,0,-1,-1,-3,1.77,2.21,1.35,2.18,,,,,,,9HD7,,peralda01
403,Nick Senzel,29,2TM,2LG,54,52,45,446.1,143,35,102,6,8,.958,-4,-10,-11,-30,2.76,2.53,2.54,2.50,,,,,,,5D/H9,,senzeni01
404,Nick Senzel,29,WSN,NL,47,45,39,388.1,128,28,95,5,8,.961,-1,-3,-8,-25,2.85,2.55,2.62,2.51,,,,,,,5D/H,,senzeni01
405,Nick Senzel,29,CHW,AL,7,7,6,58.0,15,7,7,1,0,.933,-3,-56,-3,-62,2.17,2.44,2.00,2.40,,,,,,,/5D9H,,senzeni01
406,Jordan Beck,23,COL,NL,54,50,45,444.1,100,96,3,1,1,.990,3,7,1,3,2.01,2.21,1.83,2.18,,,,,,,79/8H,,beckjo01
407,Luis Guillorme,29,3TM,2LG,75,45,34,441.1,186,68,116,2,29,.989,6,17,2,5,3.75,3.67,2.36,3.57,,,,,,,45H/61D,,guilllu01
408,Luis Guillorme,29,2TM,NL,25,16,11,150.0,67,22,45,0,10,1.000,5,37,2,16,4.02,4.10,2.58,3.91,,,,,,,4/H156D,,guilllu01
409,Luis Guillorme,29,ATL,NL,9,6,3,54.0,24,7,17,0,3,1.000,2,53,0,0,4.00,4.07,2.67,3.74,,,,,,,/416H,,guilllu01
410,Luis Guillorme,29,LAA,AL,50,29,23,291.1,119,46,71,2,19,.983,2,7,0,0,3.61,3.45,2.25,3.39,,,,,,,45/H61D,,guilllu01
411,Luis Guillorme,29,ARI,NL,16,10,8,96.0,43,15,28,0,7,1.000,2,28,2,25,4.03,4.12,2.53,3.99,,,,,,,4/H5D,,guilllu01
412,Willson Contreras,32,STL,NL,51,50,48,431.2,383,359,21,3,1,.992,-1,-3,0,0,7.92,9.06,7.45,8.94,4,13,37,11,22.9,1,2D/H,,contrwi01
413,Joey Meneses,32,WSN,NL,50,49,46,431.2,387,358,29,0,39,1.000,0,1,0,0,8.07,8.29,7.74,8.18,,,,,,,3D/H,,menesjo01
414,Trevor Larnach,27,MIN,AL,57,52,27,429.0,91,91,0,0,0,1.000,1,4,0,0,1.91,2.27,1.60,2.24,,,,,,,7D9H,,larnatr01
415,Garrett Stubbs,31,PHI,NL,55,47,44,428.1,435,417,16,2,2,.995,0,0,-2,-6,9.10,8.99,7.73,8.40,3,14,35,10,22.2,0,2/1H,,stubbga01
416,Ronald Acuña Jr.,26,ATL,NL,48,48,47,428.0,102,98,2,2,0,.980,-3,-8,-7,-20,2.10,2.21,2.08,2.18,,,,,,,9,,acunaro01
417,Elehuris Montero,25,COL,NL,54,49,43,426.0,477,453,21,3,47,.994,-4,-10,-3,-8,10.01,8.29,8.78,8.18,,,,,,,3D/H,,monteel01
418,Matt Wallner,26,MIN,AL,58,49,33,425.1,113,109,4,0,1,1.000,-1,-4,0,0,2.39,2.27,1.95,2.22,,,,,,,97DH/1,,wallnma01
419,Anthony Rendon,34,LAA,AL,50,49,46,423.0,127,35,87,5,9,.961,-5,-14,2,6,2.60,2.47,2.44,2.44,,,,,,,5/D,,rendoan01
420,Donovan Solano,36,SDP,NL,57,46,39,421.1,207,148,58,1,20,.995,-1,-4,0,0,4.40,4.84,3.49,5.04,,,,,,,5DH3/4,,solando01
421,Kyle Stowers,26,2TM,2LG,59,48,26,421.1,117,114,3,0,0,1.000,0,-1,-1,-3,2.50,2.22,1.98,2.19,,,,,,,79H8/D,,stoweky01
422,Kyle Stowers,26,BAL,AL,12,7,2,63.1,16,16,0,0,0,1.000,-1,-21,0,0,2.27,2.27,1.33,2.24,,,,,,,/97HD,,stoweky01
423,Kyle Stowers,26,MIA,NL,47,41,24,358.0,101,98,3,0,0,1.000,1,2,-1,-3,2.54,2.21,2.15,2.18,,,,,,,78/9H,,stoweky01
424,Yordan Alvarez,27,HOU,AL,53,53,23,421.0,75,71,3,1,0,.987,-3,-7,-5,-14,1.58,2.27,1.40,2.24,,,,,,,D7,ASMVP-9,alvaryo01
425,Dominic Canzone,26,SEA,AL,61,50,36,420.2,100,100,0,0,0,1.000,3,8,1,3,2.14,2.27,1.64,2.24,,,,,,,97H/D,,canzodo01
426,Royce Lewis,25,MIN,AL,52,50,44,419.2,132,42,83,7,7,.947,-1,-3,-2,-6,2.68,2.50,2.36,2.49,,,,,,,5D/H4,,lewisro02
427,Jhonkensy Noel,22,CLE,AL,60,46,36,417.0,134,127,7,0,2,1.000,6,17,3,9,2.89,2.81,2.09,3.04,,,,,,,9H/3D7,,noeljh01
428,Austin Slater,31,3TM,2LG,75,46,18,414.1,96,91,3,2,0,.979,-2,-6,0,0,2.04,2.23,1.25,2.20,,,,,,,9H78/D,,slateau01
429,Austin Slater,31,2TM,NL,46,29,12,260.0,59,55,2,2,0,.966,-2,-11,-2,-9,1.97,2.21,1.24,2.18,,,,,,,9H7/8D,,slateau01
430,Austin Slater,31,SFG,NL,39,23,7,210.0,43,40,2,1,0,.977,-4,-23,-1,-6,1.80,2.21,1.08,2.18,,,,,,,9H/78D,,slateau01
431,Austin Slater,31,CIN,NL,7,6,5,50.0,16,15,0,1,0,.938,2,41,-1,-24,2.70,2.21,2.14,2.19,,,,,,,/87H9D,,slateau01
432,Austin Slater,31,BAL,AL,29,17,6,154.1,37,36,1,0,0,1.000,0,3,2,16,2.16,2.27,1.28,2.24,,,,,,,79H/8,,slateau01
433,David Fry,28,CLE,AL,58,46,31,414.0,281,265,14,2,8,.993,-3,-8,-4,-12,6.07,6.48,4.16,6.28,0,7,7,0,0.0,0,DH237/59,AS,fryda01
434,Hunter Goodman,24,COL,NL,57,47,27,411.0,215,205,8,2,5,.991,-4,-11,-4,-12,4.66,5.50,3.55,5.17,3,9,20,2,9.1,0,92DH/73,,goodmhu01
435,Romy González,27,BOS,AL,85,40,17,407.2,216,133,78,5,18,.977,-5,-15,0,0,4.66,4.45,2.18,4.31,,,,,,,H4635/97D8,,gonzaro01
436,Alex Jackson,28,TBR,AL,58,46,30,407.0,468,444,18,6,2,.987,1,3,2,6,10.22,9.16,7.97,9.03,4,8,28,11,28.2,0,2/H,,jacksal02
437,Christian Yelich,32,MIL,NL,48,47,44,402.1,79,75,3,1,1,.987,0,-1,-5,-15,1.74,2.21,1.63,2.18,,,,,,,7D,AS,yelicch01
438,Wilmer Flores,32,SFG,NL,57,44,39,400.1,416,377,36,3,41,.993,-2,-7,-2,-6,9.28,8.09,7.12,7.98,,,,,,,3H/D5,,florewi01
439,Austin Hedges,31,CLE,AL,66,46,30,398.2,441,423,15,3,2,.993,3,9,5,15,9.89,9.12,6.64,8.91,0,9,30,8,21.1,1,2/1,,hedgeau01
440,Juan Yepez,26,WSN,NL,47,45,41,398.1,372,351,19,2,43,.995,-4,-11,-2,-6,8.36,8.29,7.87,8.18,,,,,,,3D/H,,yepezju01
441,Jonah Bride,28,MIA,NL,51,45,37,397.2,283,242,38,3,33,.989,-4,-11,-2,-6,6.34,7.01,5.19,6.59,,,,,,,3D5/4H,,bridejo01
442,Martín Maldonado,37,CHW,AL,48,46,35,388.2,391,378,11,2,0,.995,-5,-15,-7,-22,9.01,9.16,8.10,9.03,3,18,39,3,7.1,0,2,,maldoma01
443,Daz Cameron,27,OAK,AL,58,45,24,384.1,86,83,3,0,0,1.000,-4,-13,-4,-12,2.01,2.27,1.48,2.24,,,,,,,79H8/D,,camerda01
444,Christian Bethancourt,32,2TM,NL,60,42,33,384.1,366,341,20,5,2,.986,2,6,-3,-9,8.45,9.06,6.02,8.94,1,14,28,12,30.0,2,2/DH,,bethach01
445,Christian Bethancourt,32,MIA,NL,36,25,20,230.1,220,206,10,4,2,.982,0,0,-3,-16,8.44,9.06,6.00,8.94,1,8,17,6,26.1,1,2/DH,,bethach01
446,Christian Bethancourt,32,CHC,NL,24,17,13,154.0,146,135,10,1,0,.993,2,16,0,0,8.47,9.06,6.04,8.94,0,6,11,6,35.3,1,2,,bethach01
447,Corey Julks,28,CHW,AL,55,42,31,383.0,82,80,1,1,1,.988,-3,-9,-4,-13,1.90,2.27,1.47,2.24,,,,,,,97H/D8,,julksco01
448,Luke Maile,33,CIN,NL,52,44,31,381.2,421,402,18,1,0,.998,5,16,-5,-16,9.90,8.99,8.08,8.50,3,8,34,15,30.6,1,2/1HD,,mailelu01
449,Tyler Wade,29,SDP,NL,72,38,20,381.2,104,48,53,3,5,.971,-8,-26,-5,-16,2.38,3.01,1.26,2.93,,,,,,,H5467/9D8,,wadety01
450,Randal Grichuk,32,ARI,NL,57,46,20,381.0,98,97,1,0,0,1.000,1,3,3,9,2.31,2.21,1.72,2.18,,,,,,,9DH7,,grichra01
451,Brett Baty,24,NYM,NL,47,43,33,380.0,122,33,87,2,10,.984,1,3,-1,-3,2.84,2.55,2.55,2.51,,,,,,,5/H,,batybr01
452,Victor Scott II,23,STL,NL,52,40,37,376.0,97,95,0,2,0,.979,-4,-14,-1,-3,2.27,2.21,1.83,2.18,,,,,,,8/9H7,,scottvi01
453,Sam Hilliard,30,COL,NL,52,41,35,372.0,82,78,1,3,0,.963,-10,-33,-2,-6,1.91,2.21,1.52,2.18,,,,,,,789/HD,,hillisa01
454,Brooks Lee,23,MIN,AL,47,40,35,371.0,130,48,78,4,9,.969,1,3,1,3,3.06,3.43,2.47,3.40,,,,,,,654/HD,,leebr02
455,Austin Barnes,34,LAD,NL,47,42,38,368.2,383,368,10,5,2,.987,-4,-13,2,7,9.23,9.03,8.04,8.73,1,9,48,5,9.4,0,2/HD4,,barneau01
456,Jordan Walker,22,STL,NL,48,46,22,367.1,67,64,2,1,1,.985,-2,-6,-4,-13,1.62,2.21,1.38,2.18,,,,,,,9/HD,,walkejo02
457,Matt Thaiss,29,LAA,AL,46,41,35,366.2,327,313,10,4,1,.988,0,0,-2,-7,7.93,9.16,7.02,9.03,1,10,23,4,14.8,0,2/DH,,thaisma01
458,José Tena,23,2TM,2LG,43,42,37,365.1,114,30,74,10,20,.912,-2,-7,-2,-7,2.56,2.84,2.31,2.79,,,,,,,5/4DH,,tenajo01
459,José Tena,23,CLE,AL,2,1,0,10.0,3,2,0,1,0,.667,-4,-480,0,0,1.80,2.43,1.00,2.45,,,,,,,/5DH,,tenajo01
460,José Tena,23,WSN,NL,41,41,37,355.1,111,28,74,9,20,.919,2,7,-2,-7,2.58,2.85,2.37,2.80,,,,,,,5/4,,tenajo01
461,Reese McGuire,29,BOS,AL,48,41,34,361.1,397,381,10,6,2,.985,0,0,4,13,9.74,9.16,8.15,9.03,3,10,21,7,25.0,0,2/HD,,mcguire01
462,Gabriel Arias,24,CLE,AL,48,41,30,361.0,146,57,83,6,12,.959,-1,-2,-3,-10,3.49,3.22,2.64,3.33,,,,,,,56/4H38D79,,ariasga01
463,Justin Turner,39,2TM,AL,48,44,24,359.2,295,253,38,4,12,.986,-2,-5,1,3,7.28,7.52,5.94,7.25,,,,,,,D3H/5,,turneju01
464,Justin Turner,39,TOR,AL,17,16,4,118.0,74,61,11,2,2,.973,-1,-10,0,0,5.49,6.52,4.24,6.31,,,,,,,D3/H5,,turneju01
465,Justin Turner,39,SEA,AL,31,28,20,241.2,221,192,27,2,10,.991,-1,-3,1,5,8.16,8.01,6.84,7.75,,,,,,,3D/H5,,turneju01
466,Tomás Nido,30,2TM,NL,48,40,29,359.0,378,357,15,6,2,.984,0,0,-2,-7,9.33,9.06,7.75,8.94,1,7,34,10,22.7,0,2/H,,nidoto01
467,Tomás Nido,30,NYM,NL,32,25,19,230.1,237,222,10,5,1,.979,-1,-5,-2,-10,9.07,9.06,7.25,8.94,0,5,26,6,18.8,0,2/H,,nidoto01
468,Tomás Nido,30,CHC,NL,16,15,10,128.2,141,135,5,1,1,.993,1,9,0,0,9.79,9.07,8.75,8.94,1,2,8,4,33.3,0,2/H,,nidoto01
469,Connor Norby,24,2TM,2LG,41,41,36,359.0,119,45,66,8,8,.933,-4,-13,-4,-13,2.78,2.92,2.64,2.92,,,,,,,54/D,,norbyco01
470,Connor Norby,24,BAL,AL,9,9,5,74.0,18,5,13,0,3,1.000,-1,-8,1,16,2.19,3.96,2.00,3.91,,,,,,,/4,,norbyco01
471,Connor Norby,24,MIA,NL,32,32,31,285.0,101,40,53,8,5,.921,-3,-14,-5,-21,2.94,2.65,2.82,2.65,,,,,,,5/D4,,norbyco01
472,Josh Jung,26,TEX,AL,40,40,39,352.1,97,28,66,3,7,.969,-7,-22,-3,-10,2.40,2.47,2.35,2.44,,,,,,,5/D,,jungjo01
473,Ben Rice,25,NYY,AL,50,41,26,350.0,289,273,14,2,21,.993,0,0,-1,-3,7.38,8.03,5.74,7.94,0,0,0,0,,0,3/H2,,ricebe01
474,Nick Loftin,25,KCR,AL,51,39,28,341.1,160,67,89,4,21,.975,1,4,4,14,4.11,3.67,2.74,3.80,,,,,,,45H/3D71,,loftini01
475,Kerry Carpenter,26,DET,AL,47,39,26,339.2,94,88,5,1,0,.989,-1,-5,1,4,2.46,2.27,1.98,2.24,,,,,,,9DH/7,,carpeke01
476,James Outman,27,LAD,NL,50,37,28,339.2,97,94,2,1,0,.990,-3,-11,-1,-4,2.54,2.21,1.92,2.18,,,,,,,8H/79,,outmaja01
477,Darell Hernaiz,22,OAK,AL,47,39,25,339.0,130,52,75,3,13,.977,-3,-12,-5,-18,3.37,3.00,2.35,2.95,,,,,,,56/H4,,hernada04
478,Junior Caminero,20,TBR,AL,39,39,33,337.1,104,40,58,6,5,.942,-1,-5,-1,-4,2.61,2.65,2.45,2.58,,,,,,,5/D3H,,caminju01
479,Derek Hill,28,3TM,2LG,46,37,23,333.0,100,97,2,1,1,.990,0,1,-4,-14,2.68,2.22,2.15,2.20,,,,,,,87H/9D,,hillde01
480,Derek Hill,28,2TM,NL,33,29,17,257.1,82,81,1,0,1,1.000,3,12,-2,-9,2.87,2.21,2.48,2.18,,,,,,,87/HD,,hillde01
481,Derek Hill,28,TEX,AL,13,8,6,75.2,18,16,1,1,0,.944,-2,-33,-2,-32,2.02,2.27,1.31,2.24,,,,,,,/9H87D,,hillde01
482,Derek Hill,28,SFG,NL,4,4,2,32.0,6,6,0,0,0,1.000,-2,-56,-1,-38,1.69,2.22,1.50,2.18,,,,,,,/78DH,,hillde01
483,Derek Hill,28,MIA,NL,29,25,15,225.1,76,75,1,0,1,1.000,4,21,-1,-5,3.04,2.21,2.62,2.18,,,,,,,87/HD,,hillde01
484,Dairon Blanco,31,KCR,AL,67,34,21,332.1,83,79,1,3,0,.964,-3,-9,-2,-7,2.17,2.27,1.19,2.24,,,,,,,H798D,,blancda02
485,Evan Carter,21,TEX,AL,41,38,29,331.0,77,73,3,1,1,.987,4,14,4,15,2.07,2.27,1.85,2.24,,,,,,,7/9HD8,,carteev01
486,Angel Martínez,22,CLE,AL,39,37,28,331.0,76,66,7,3,0,.961,-7,-25,-1,-4,1.98,2.32,1.87,2.30,,,,,,,87/9H5D4,,martian02
487,Edward Olivares,28,PIT,NL,45,41,18,330.2,79,76,2,1,0,.987,-9,-33,-6,-22,2.12,2.21,1.73,2.18,,,,,,,9/DH7,,olivaed02
488,Jorge Soler,32,ATL,NL,46,46,13,326.0,63,60,2,1,0,.984,-11,-40,-10,-37,1.71,2.21,1.35,2.18,,,,,,,9/7H,,solerjo01
489,Kyle McCann,26,OAK,AL,44,39,30,324.0,304,288,12,4,2,.987,-2,-7,-6,-22,8.33,9.16,6.82,9.03,5,7,34,8,19.0,0,2/HD,,mccanky01
490,Luis Matos,22,SFG,NL,43,33,24,322.1,71,69,1,1,0,.986,-7,-26,0,0,1.95,2.21,1.63,2.18,,,,,,,98/H7D,,matoslu02
491,Curt Casali,35,SFG,NL,41,38,25,321.0,372,345,20,7,0,.981,-7,-26,-1,-4,10.23,9.06,8.90,8.94,1,17,46,9,16.4,0,2,,casalcu01
492,Travis Jankowski,33,TEX,AL,69,30,23,321.0,86,82,1,3,0,.965,11,40,8,30,2.33,2.27,1.20,2.24,,,,,,,9H7D8,,jankotr01
493,Tommy Edman,29,LAD,NL,37,35,29,317.0,122,82,36,4,6,.967,1,3,1,4,3.35,2.87,2.74,2.89,,,,,,,86/H4,,edmanto01
494,Riley Adams,28,WSN,NL,40,36,29,314.1,294,279,10,5,2,.983,-6,-23,-2,-8,8.27,9.06,7.23,8.94,3,18,31,3,8.8,0,2/DH,,adamsri03
495,Blaze Alexander,25,ARI,NL,44,35,29,312.0,128,45,77,6,16,.953,-5,-19,-4,-15,3.52,3.73,2.71,3.67,,,,,,,64D/H5,,alexabl01
496,Andruw Monasterio,27,MIL,NL,51,34,22,312.0,129,51,72,6,19,.953,2,7,0,0,3.55,3.49,2.32,3.67,,,,,,,54H/3D7,,monasan01
497,Danny Mendick,30,CHW,AL,41,35,29,308.2,106,39,64,3,10,.972,1,4,-1,-4,3.00,2.94,2.51,2.91,,,,,,,54H/1D,,mendida01
498,Grant McCray,23,SFG,NL,37,35,33,307.1,89,87,0,2,0,.978,-5,-20,-3,-12,2.55,2.21,2.35,2.18,,,,,,,8,,mccragr01
499,Jung Hoo Lee,25,SFG,NL,37,36,35,306.2,80,79,1,0,0,1.000,-1,-5,-2,-8,2.35,2.21,2.16,2.18,,,,,,,8,,leeju01
500,Luis Torrens,28,NYM,NL,45,34,21,299.1,317,296,20,1,2,.997,7,28,4,16,9.50,9.05,7.02,8.77,3,14,15,13,46.4,1,2/HD1,,torrelu01
501,Pavin Smith,28,ARI,NL,49,34,18,298.1,105,98,7,0,5,1.000,-3,-13,-4,-16,3.17,3.51,2.10,4.20,,,,,,,397H/D1,,smithpa04
502,Trey Sweeney,24,DET,AL,36,33,28,294.0,145,37,104,4,20,.972,3,13,3,12,4.32,3.70,3.92,3.65,,,,,,,6,,sweentr01
503,José Herrera,27,ARI,NL,41,31,22,284.2,323,314,8,1,1,.997,-3,-12,-2,-8,10.18,9.04,7.85,8.78,3,10,28,3,9.7,0,2/H5D,,herrejo04
504,Brooks Baldwin,23,CHW,AL,33,32,32,281.0,117,46,69,2,16,.983,-3,-15,-2,-9,3.68,3.89,3.48,3.84,,,,,,,4/6,,baldwbr01
505,Brett Harris,26,OAK,AL,35,31,28,280.0,82,20,59,3,9,.963,0,1,-4,-17,2.54,2.47,2.26,2.44,,,,,,,5/H,,harribr02
506,José Abreu,37,HOU,AL,35,31,28,275.1,276,254,19,3,24,.989,-4,-15,-2,-9,8.92,8.03,7.80,7.92,,,,,,,3/H,,abreujo02
507,Alex Kirilloff,26,MIN,AL,41,35,13,274.1,98,94,4,0,2,1.000,-1,-3,-4,-17,3.22,4.03,2.33,3.86,,,,,,,7D3/H9,,kirilal01
508,J.D. Davis,31,2TM,AL,37,32,14,274.0,169,141,27,1,18,.994,-7,-30,-2,-9,5.52,6.06,4.00,6.10,,,,,,,35/DH,,davisjd01
509,J.D. Davis,31,OAK,AL,33,28,14,245.0,156,129,26,1,17,.994,-7,-32,-2,-10,5.69,5.83,4.08,5.90,,,,,,,35/DH,,davisjd01
510,J.D. Davis,31,NYY,AL,4,4,0,29.0,13,12,1,0,1,1.000,0,-12,0,0,4.03,8.04,3.25,7.93,,,,,,,/3DH,,davisjd01
511,Dylan Crews,22,WSN,NL,31,31,28,273.2,67,66,1,0,0,1.000,-2,-10,4,18,2.20,2.21,2.16,2.18,,,,,,,9/8,,crewsdy01
512,Henry Davis,24,PIT,NL,34,31,27,271.1,271,260,9,2,3,.993,-1,-4,-4,-18,8.92,9.06,7.91,8.94,3,10,20,5,20.0,0,2/HD,,davishe01
513,Nick Allen,25,OAK,AL,41,30,24,269.1,129,49,74,6,24,.953,2,7,4,18,4.11,3.57,3.00,3.51,,,,,,,6/5H4,,allenni02
514,Curtis Mead,23,TBR,AL,35,32,24,268.1,95,35,56,4,9,.958,-4,-17,-4,-18,3.05,3.44,2.53,3.45,,,,,,,45/DH3,,meadcu01
515,Casey Schmitt,25,SFG,NL,38,29,20,267.0,93,30,60,3,12,.968,-3,-11,-3,-13,3.03,3.68,2.37,3.63,,,,,,,46/5HD,,schmica01
516,Patrick Wisdom,32,CHC,NL,50,30,13,265.0,164,132,27,5,9,.970,0,1,-1,-5,5.40,5.52,2.84,5.26,,,,,,,H35D/9471,,wisdopa01
517,Michael Stefanic,28,LAA,AL,36,31,19,264.1,127,50,77,0,25,1.000,2,9,-1,-5,4.32,3.92,3.43,3.80,,,,,,,4/HD15,,stefami01
518,Christian Encarnacion-Strand,24,CIN,NL,29,29,28,255.0,215,196,19,0,13,1.000,0,-1,-1,-5,7.59,8.29,7.41,8.18,,,,,,,3,,encarch01
519,Luis Urías,27,SEA,AL,38,29,20,249.1,84,27,51,6,7,.929,2,7,0,0,2.82,2.47,2.05,2.44,,,,,,,5/HD,,uriaslu01
520,Tucker Barnhart,33,ARI,NL,31,29,19,249.0,225,214,9,2,1,.991,0,0,-2,-10,8.06,9.03,6.97,8.70,1,7,14,4,22.2,0,2/1H,,barnhtu01
521,Aaron Schunk,26,COL,NL,33,28,23,249.0,109,39,69,1,15,.991,3,13,3,14,3.90,3.53,3.27,3.43,,,,,,,45/H6D,,schunaa01
522,Gary Sánchez,31,MIL,NL,32,28,25,247.1,228,212,11,5,2,.978,-1,-3,-1,-5,8.11,9.02,6.97,8.84,3,7,23,6,20.7,1,D2H/3,,sanchga02
523,Vaughn Grissom,23,BOS,AL,30,28,26,245.0,123,35,85,3,16,.976,4,18,1,5,4.41,3.97,4.00,3.91,,,,,,,4/DH,,grissva01
524,Yan Gomes,36,CHC,NL,34,27,23,244.0,251,245,6,0,0,1.000,-1,-5,-5,-25,9.26,9.06,7.38,8.94,0,13,21,3,12.5,0,2,,gomesya01
525,Ali Sánchez,27,MIA,NL,30,28,24,244.0,253,239,12,2,2,.992,1,5,0,0,9.26,9.06,8.37,8.94,0,6,25,9,26.5,0,2/H,,sanchal04
526,Andrew Knizner,29,TEX,AL,36,28,20,242.0,255,248,5,2,1,.992,-3,-15,-3,-15,9.41,9.06,7.03,8.60,0,10,25,3,10.7,0,2/1D,,kniznan01
527,Alika Williams,25,PIT,NL,34,26,19,240.2,100,38,60,2,9,.980,2,8,-1,-5,3.66,4.01,2.72,3.95,,,,,,,46/H,,willial04
528,Sean Bouchard,28,COL,NL,30,29,19,239.0,55,50,2,3,0,.945,-11,-53,-5,-25,1.96,2.21,1.73,2.18,,,,,,,97/DH,,bouchse01
529,Kody Clemens,28,PHI,NL,40,24,20,239.0,145,105,37,3,10,.979,1,6,2,10,5.35,5.14,3.38,4.75,,,,,,,H35/471D,,clemeko01
530,Alex Call,29,WSN,NL,30,27,23,238.1,77,73,2,2,2,.974,2,10,2,10,2.83,2.21,2.50,2.18,,,,,,,9/87H,,callal02
531,Alek Thomas,24,ARI,NL,35,26,22,237.0,57,57,0,0,0,1.000,-6,-31,-1,-5,2.16,2.21,1.63,2.18,,,,,,,8/HD,,thomaal01
532,Jacob Wilson,22,OAK,AL,27,27,24,236.0,101,32,69,0,16,1.000,-5,-26,-4,-20,3.85,3.70,3.74,3.65,,,,,,,6/H,,wilsoja05
533,Robbie Grossman,34,3TM,AL,38,27,19,231.1,57,55,1,1,0,.982,1,5,-1,-5,2.18,2.27,1.47,2.24,,,,,,,DH79,,grossro01
534,Robbie Grossman,34,CHW,AL,19,18,15,152.0,42,40,1,1,0,.976,-2,-18,-2,-16,2.43,2.27,2.16,2.24,,,,,,,9/H7D,,grossro01
535,Robbie Grossman,34,TEX,AL,17,8,3,69.0,12,12,0,0,0,1.000,3,45,1,17,1.57,2.27,0.71,2.24,,,,,,,DH7/9,,grossro01
536,Robbie Grossman,34,KCR,AL,2,1,1,10.1,3,3,0,0,0,1.000,1,70,0,0,2.61,2.26,1.50,2.25,,,,,,,D/H79,,grossro01
537,Miles Mastrobuoni,28,CHC,NL,38,25,14,230.2,102,31,68,3,10,.971,2,11,1,5,3.86,3.27,2.48,3.20,,,,,,,H546/97D,,mastrmi01
538,Ben Gamel,32,2TM,2LG,35,26,12,230.0,45,45,0,0,0,1.000,3,14,-2,-10,1.76,2.25,1.29,2.21,,,,,,,97/HD,,gamelbe01
539,Ben Gamel,32,NYM,NL,15,8,3,75.0,13,13,0,0,0,1.000,1,8,-1,-16,1.56,2.21,0.87,2.18,,,,,,,9/7HD,,gamelbe01
540,Ben Gamel,32,HOU,AL,20,18,9,155.0,32,32,0,0,0,1.000,2,16,-1,-8,1.86,2.27,1.60,2.24,,,,,,,9/7H,,gamelbe01
541,Nick Madrigal,27,CHC,NL,47,21,14,229.0,68,21,45,2,8,.971,-4,-19,-2,-10,2.59,3.19,1.29,2.98,,,,,,,54/HD,,madrini01
542,Trevor Story,31,BOS,AL,26,26,24,227.2,94,32,61,1,13,.989,1,7,2,11,3.68,3.70,3.58,3.65,,,,,,,6,,storytr01
543,José Azócar,28,SDP,NL,56,17,9,225.2,58,58,0,0,0,1.000,3,18,-1,-5,2.31,2.21,1.04,2.18,,,,,,,7H8/9D,,azocajo01
544,Ryan Noda,28,OAK,AL,32,24,19,225.0,198,178,18,2,24,.990,2,11,1,5,7.84,7.96,6.13,7.57,,,,,,,3/H9D,,nodary01
545,Dane Myers,28,MIA,NL,39,22,11,222.0,67,59,6,2,1,.970,-1,-5,1,5,2.64,2.21,1.67,2.18,,,,,,,9H8/7D,,myersda01
546,Leo Rivas,26,SEA,AL,39,23,19,221.0,75,19,54,2,8,.973,-1,-4,-1,-5,2.97,3.71,1.78,3.55,,,,,,,6H4/D15,,rivasle01
547,Jonathan Aranda,26,TBR,AL,28,25,19,219.0,156,137,19,0,11,1.000,0,2,1,5,6.41,7.25,5.20,6.94,,,,,,,3DH/45,,arandjo01
548,Zack Short,29,3TM,2LG,36,22,19,214.1,59,11,43,5,5,.915,1,5,1,6,2.27,2.97,1.50,3.07,,,,,,,5H6/4D,,shortza01
549,Zack Short,29,2TM,NL,34,20,17,196.1,53,10,38,5,4,.906,1,4,1,6,2.20,2.94,1.41,3.06,,,,,,,5H6/4D,,shortza01
550,Zack Short,29,NYM,NL,7,3,1,28.0,10,3,6,1,2,.900,1,21,0,0,2.89,2.67,1.29,2.93,,,,,,,/H546D,,shortza01
551,Zack Short,29,BOS,AL,2,2,2,18.0,6,1,5,0,1,1.000,0,13,0,0,3.00,3.25,3.00,3.15,,,,,,,/45,,shortza01
552,Zack Short,29,ATL,NL,27,17,16,168.1,43,7,32,4,2,.907,0,1,1,7,2.09,2.99,1.44,3.10,,,,,,,56/H4D,,shortza01
553,Dillon Dingler,25,DET,AL,27,24,21,213.2,176,168,7,1,0,.994,0,0,0,0,7.37,9.16,6.48,9.03,4,1,15,2,11.8,0,2,,dingldi01
554,Bobby Dalbec,29,BOS,AL,35,23,17,213.1,127,101,26,0,9,1.000,4,24,1,6,5.36,5.64,3.53,5.63,,,,,,,35/H9D,,dalbebo01
555,Nasim Nuñez,23,WSN,NL,35,21,19,212.1,123,38,80,5,19,.959,1,5,2,11,5.00,3.82,3.37,3.79,,,,,,,6H/4D,,nunezna01
556,Logan Gilbert,27,SEA,AL,33,33,1,208.2,38,26,9,3,0,.921,,,-6,-6,1.51,1.31,1.06,1.29,,,,,,,1,ASCYA-6,gilbelo01
557,Trey Cabbage,27,HOU,AL,39,21,16,208.1,32,31,1,0,0,1.000,-1,-6,2,12,1.38,2.27,0.82,2.24,,,,,,,9H7/D,,cabbatr01
558,Seth Lugo,34,KCR,AL,33,33,1,206.2,43,14,29,0,3,1.000,,,5,5,1.87,1.31,1.30,1.29,,,,,,,1,ASCYA-2MVP-15GG,lugose01
559,DJ Stewart,30,NYM,NL,36,29,6,206.0,51,49,2,0,1,1.000,-7,-39,-5,-29,2.23,2.36,1.38,2.34,,,,,,,9HD7/3,,stewadj01
560,Weston Wilson,29,PHI,NL,35,21,10,206.0,46,30,14,2,3,.957,-3,-17,0,0,1.92,2.54,1.16,2.88,,,,,,,7H/549318,,wilsowe01
561,Nick Sogard,26,BOS,AL,31,23,15,205.1,91,32,58,1,10,.989,1,5,1,6,3.94,3.50,2.57,3.67,,,,,,,4/65H3,,sogarni01
562,Logan Webb,27,SFG,NL,33,33,1,204.2,50,15,33,2,5,.960,,,-3,-3,2.11,1.36,1.45,1.34,,,,,,,1,ASCYA-6,webblo01
563,Mike Trout,32,LAA,AL,24,24,21,203.0,67,65,2,0,1,1.000,1,6,-1,-6,2.97,2.27,2.79,2.24,,,,,,,8/D,,troutmi01
564,Zack Wheeler,34,PHI,NL,32,32,0,200.0,38,21,17,0,1,1.000,,,3,3,1.71,1.36,1.19,1.34,,,,,,,1,ASCYA-2MVP-12,wheelza01
565,Aaron Nola,31,PHI,NL,33,33,1,199.1,28,12,16,0,2,1.000,,,1,1,1.26,1.36,0.85,1.34,,,,,,,1,CYA-11,nolaaa01
566,Bryce Johnson,28,SDP,NL,43,18,13,194.2,45,43,2,0,0,1.000,1,8,1,6,2.08,2.21,1.05,2.18,,,,,,,9H/78D,,johnsbr03
567,Corbin Burnes,29,BAL,AL,32,32,0,194.1,36,15,17,4,0,.889,,,-6,-6,1.48,1.31,1.00,1.29,,,,,,,1,ASCYA-5,burneco01
568,Chuckie Robinson,29,CHW,AL,26,23,14,193.0,208,196,10,2,1,.990,1,6,0,0,9.61,9.16,7.92,9.03,0,8,22,9,29.0,0,2/H,,robinch04
569,José Berríos,30,TOR,AL,32,32,1,192.1,32,12,18,2,1,.938,,,2,2,1.40,1.31,0.94,1.29,,,,,,,1,,berrijo01
570,Tarik Skubal,27,DET,AL,31,31,0,192.0,29,7,19,3,2,.897,,,3,3,1.22,1.31,0.84,1.29,,,,,,,1,ASCYA-1MVP-7,skubata01
571,Jihwan Bae,24,PIT,NL,24,21,16,191.2,59,58,1,0,1,1.000,-4,-27,-1,-6,2.77,2.22,2.46,2.26,,,,,,,89/HD4,,baeji01
572,Jace Jung,23,DET,AL,28,23,14,191.0,48,10,34,4,2,.917,-4,-26,-6,-38,2.07,2.47,1.57,2.49,,,,,,,5H/D4,,jungja01
573,George Kirby,26,SEA,AL,33,33,0,191.0,21,11,9,1,1,.952,,,-4,-4,0.94,1.31,0.61,1.29,,,,,,,1,,kirbyge01
574,Mitch Garver,33,SEA,AL,25,23,18,190.0,192,183,9,0,2,1.000,-1,-6,-5,-32,9.09,9.16,7.68,9.03,0,5,24,5,17.2,0,D2/H,,garvemi01
575,Dylan Cease,28,SDP,NL,33,33,1,189.1,27,10,17,0,0,1.000,,,2,2,1.28,1.36,0.82,1.34,,,,,,,1,CYA-4MVP-22,ceasedy01
576,Akil Baddoo,25,DET,AL,28,21,15,188.2,42,42,0,0,0,1.000,1,5,-1,-6,2.00,2.27,1.50,2.24,,,,,,,7/89H,,baddoak01
577,Jake Irvin,27,WSN,NL,33,33,0,187.2,47,17,28,2,1,.957,,,6,6,2.16,1.36,1.36,1.34,,,,,,,1,,irvinja01
578,Jacob Amaya,25,2TM,AL,24,21,17,187.1,69,34,34,1,10,.986,0,0,3,19,3.27,3.70,2.83,3.66,,,,,,,6/4,,amayaja01
579,Jacob Amaya,25,HOU,AL,1,0,0,2.0,4,2,2,0,1,1.000,0,120,0,0,18.00,4.05,4.00,3.90,,,,,,,/4,,amayaja01
580,Jacob Amaya,25,CHW,AL,23,21,17,185.1,65,32,32,1,9,.985,0,-1,3,19,3.11,3.70,2.78,3.65,,,,,,,6,,amayaja01
581,Cole Ragans,26,KCR,AL,32,32,1,186.1,26,7,19,0,1,1.000,,,3,3,1.26,1.31,0.81,1.29,,,,,,,1,ASCYA-4,raganco01
582,Omar Narváez,32,NYM,NL,28,21,13,186.0,193,184,4,5,3,.974,-4,-26,-7,-45,9.10,9.06,6.71,8.94,0,8,33,2,5.7,0,2,,narvaom01
583,Charlie Blackmon,37,COL,NL,26,24,12,185.2,40,38,2,0,0,1.000,-2,-11,-2,-13,1.94,2.21,1.54,2.18,,,,,,,D9H/8,,blackch02
584,Pablo López,28,MIN,AL,32,32,0,185.1,25,11,13,1,1,.960,,,-2,-2,1.17,1.31,0.75,1.29,,,,,,,1,,lopezpa01
585,Griffin Conine,26,MIA,NL,25,21,17,185.0,46,41,4,1,2,.978,1,6,6,39,2.19,2.21,1.80,2.18,,,,,,,9/7HD,,coningr01
586,Ryan Kreidler,26,DET,AL,34,19,11,184.2,88,22,64,2,13,.977,3,19,1,6,4.19,3.50,2.39,3.30,,,,,,,6/5H78D,,kreidry01
587,Kutter Crawford,28,BOS,AL,33,33,0,183.2,26,18,8,0,1,1.000,,,1,1,1.27,1.31,0.79,1.29,,,,,,,1,,crawfku01
588,Brian Serven,29,TOR,AL,27,19,15,182.0,174,168,5,1,0,.994,-1,-7,2,13,8.55,9.16,6.41,9.03,3,4,15,2,11.8,0,2/H,,servebr01
589,Luis Severino,30,NYM,NL,31,31,1,182.0,44,9,30,5,2,.886,,,5,5,1.93,1.36,1.26,1.34,,,,,,,1,,severlu01
590,Sean Manaea,32,NYM,NL,32,32,0,181.2,22,3,17,2,0,.909,,,0,0,0.99,1.36,0.63,1.34,,,,,,,1,CYA-11,manaese01
591,Brandon Pfaadt,25,ARI,NL,32,32,0,181.2,19,7,11,1,0,.947,,,-1,-1,0.89,1.36,0.56,1.34,,,,,,,1,,pfaadbr01
592,Cristopher Sánchez,27,PHI,NL,31,31,2,181.2,39,6,28,5,0,.872,,,3,3,1.68,1.36,1.10,1.34,,,,,,,1,ASCYA-10,sanchcr01
593,Kevin Gausman,33,TOR,AL,31,31,2,181.0,17,7,9,1,0,.941,,,-2,-2,0.80,1.31,0.52,1.29,,,,,,,1,,gausmke01
594,JP Sears,28,OAK,AL,32,32,0,180.2,21,3,17,1,2,.952,,,-2,-2,1.00,1.31,0.63,1.29,,,,,,,1,,searsjp01
595,Bryce Miller,25,SEA,AL,31,31,0,180.1,23,11,11,1,0,.957,,,0,0,1.10,1.31,0.71,1.29,,,,,,,1,,millebr04
596,Adrian Del Castillo,24,ARI,NL,24,19,17,179.2,181,171,7,3,1,.983,-4,-27,-2,-13,8.92,9.06,7.42,8.94,0,7,27,2,6.9,1,2/H,,delcaad01
597,Brady Singer,27,KCR,AL,32,32,0,179.2,34,14,19,1,0,.971,,,3,3,1.65,1.31,1.03,1.29,,,,,,,1,,singebr01
598,Tyler Anderson,34,LAA,AL,31,31,0,179.1,25,15,9,1,1,.960,,,-1,-1,1.20,1.31,0.77,1.29,,,,,,,1,AS,anderty01
599,Brandon Crawford,37,STL,NL,25,21,15,179.0,67,18,48,1,10,.985,-1,-7,-1,-7,3.32,3.48,2.64,3.37,,,,,,,6/5HD1,,crawfbr01
600,Tanner Houck,28,BOS,AL,30,30,1,178.2,51,32,19,0,2,1.000,,,2,2,2.57,1.31,1.70,1.29,,,,,,,1,AS,houckta01
601,Bailey Ober,28,MIN,AL,31,31,1,178.2,29,11,17,1,0,.966,,,3,3,1.41,1.31,0.90,1.29,,,,,,,1,,oberba01
602,Mitch Keller,28,PIT,NL,31,31,1,178.0,31,10,21,0,3,1.000,,,-1,-1,1.57,1.36,1.00,1.34,,,,,,,1,,kellemi03
603,Braden Shewmake,26,CHW,AL,25,21,15,178.0,64,13,48,3,7,.953,-1,-3,-1,-7,3.08,3.37,2.44,3.33,,,,,,,6/54HD,,shewmbr01
604,Chris Sale,35,ATL,NL,29,29,0,177.2,31,9,22,0,1,1.000,,,4,5,1.57,1.36,1.07,1.34,,,,,,,1,ASCYA-1MVP-7GG,salech01
605,Erick Fedde,31,2TM,2LG,31,31,0,177.1,23,13,9,1,1,.957,,,-1,-1,1.12,1.32,0.71,1.31,,,,,,,1,,feddeer01
606,Erick Fedde,31,CHW,AL,21,21,0,121.2,16,10,5,1,1,.938,,,-1,-2,1.11,1.31,0.71,1.29,,,,,,,1,,feddeer01
607,Erick Fedde,31,STL,NL,10,10,0,55.2,7,3,4,0,0,1.000,,,0,0,1.13,1.36,0.70,1.34,,,,,,,1,,feddeer01
608,Ryan Bliss,24,SEA,AL,25,20,14,177.0,79,36,42,1,14,.987,-1,-6,2,14,3.97,3.97,3.12,3.91,,,,,,,4H/D,,blissry01
609,Framber Valdez,30,HOU,AL,28,28,1,176.1,19,2,16,1,3,.947,,,-1,-1,0.92,1.31,0.64,1.29,,,,,,,1,CYA-7MVP-15,valdefr01
610,Yusei Kikuchi,33,2TM,AL,32,32,0,175.2,20,7,13,0,0,1.000,,,2,2,1.02,1.31,0.63,1.29,,,,,,,1,CYA-9,kikucyu01
611,Yusei Kikuchi,33,TOR,AL,22,22,0,115.2,16,5,11,0,0,1.000,,,3,5,1.24,1.31,0.73,1.29,,,,,,,1,,kikucyu01
612,Yusei Kikuchi,33,HOU,AL,10,10,0,60.0,4,2,2,0,0,1.000,,,-1,-3,0.60,1.31,0.40,1.29,,,,,,,1,,kikucyu01
613,Luis Castillo,31,SEA,AL,30,30,0,175.1,12,6,5,1,1,.917,,,-2,-2,0.56,1.31,0.37,1.29,,,,,,,1,,castilu02
614,Carlos Rodón,31,NYY,AL,32,32,0,175.0,14,4,10,0,0,1.000,,,-1,-1,0.72,1.31,0.44,1.29,,,,,,,1,,rodonca01
615,Will Wagner,25,TOR,AL,21,19,17,175.0,85,31,53,1,12,.988,0,2,1,7,4.32,4.04,3.82,4.09,,,,,,,4/H3D,,wagnewi01
616,Patrick Corbin,34,WSN,NL,32,32,0,174.2,25,3,22,0,1,1.000,,,1,1,1.29,1.36,0.78,1.34,,,,,,,1,,corbipa01
617,Nestor Cortes,29,NYY,AL,31,30,0,174.1,15,5,10,0,1,1.000,,,2,2,0.77,1.31,0.48,1.29,,,,,,,1,,cortene01
618,Max Fried,30,ATL,NL,29,29,2,174.1,27,10,17,0,0,1.000,,,0,0,1.39,1.36,0.93,1.34,,,,,,,1,AS,friedma01
619,Tanner Bibee,25,CLE,AL,31,31,0,173.2,35,12,21,2,1,.943,,,6,7,1.71,1.31,1.06,1.29,,,,,,,1,,bibeeta01
620,Michael King,29,SDP,NL,31,30,0,173.2,32,10,21,1,2,.969,,,4,5,1.61,1.36,1.00,1.34,,,,,,,1,CYA-7,kingmi01
621,Freddy Peralta,28,MIL,NL,32,32,0,173.2,32,16,15,1,3,.969,,,1,1,1.61,1.36,0.97,1.34,,,,,,,1,,peralfr01
622,Shota Imanaga,30,CHC,NL,29,29,0,173.1,18,4,14,0,1,1.000,,,3,3,0.93,1.36,0.62,1.34,,,,,,,1,ASCYA-5ROY-4,imanash01
623,Nathan Lukes,29,TOR,AL,21,19,17,173.0,55,50,4,1,0,.982,5,32,5,35,2.81,2.27,2.57,2.24,,,,,,,7/98HD,,lukesna01
624,Griffin Canning,28,LAA,AL,32,31,0,171.2,32,12,20,0,0,1.000,,,5,6,1.68,1.31,1.00,1.29,,,,,,,1,,cannigr01
625,Miles Mikolas,35,STL,NL,32,32,0,171.2,26,13,11,2,1,.923,,,-1,-1,1.26,1.36,0.75,1.34,,,,,,,1,,mikolmi01
626,Bligh Madris,28,DET,AL,21,19,16,171.1,145,140,5,0,12,1.000,-1,-5,2,14,7.62,7.84,6.90,7.65,,,,,,,3/9H,,madribl01
627,Chris Bassitt,35,TOR,AL,31,31,0,171.0,29,12,16,1,3,.966,,,-1,-1,1.47,1.31,0.90,1.29,,,,,,,1,,bassich01
628,Jack López,31,LAA,AL,27,18,11,171.0,103,40,59,4,24,.961,1,8,-1,-7,5.21,3.89,3.41,3.79,,,,,,,4/6H9,,lopezja03
629,Nathan Eovaldi,34,TEX,AL,29,29,0,170.2,38,29,8,1,0,.974,,,-1,-1,1.95,1.31,1.28,1.29,,,,,,,1,,eovalna01
630,Alan Trejo,28,COL,NL,24,19,12,170.2,74,24,49,1,11,.986,-2,-11,0,0,3.85,3.83,2.92,3.62,,,,,,,4/5H6D,,trejoal01
631,Jose Quintana,35,NYM,NL,31,31,0,170.1,35,13,22,0,1,1.000,,,2,2,1.85,1.36,1.13,1.34,,,,,,,1,,quintjo01
632,Hunter Brown,25,HOU,AL,31,30,0,170.0,32,19,12,1,0,.969,,,-4,-5,1.64,1.31,1.00,1.29,,,,,,,1,,brownhu01
633,Kyle Gibson,36,STL,NL,30,30,0,169.2,28,16,12,0,1,1.000,,,0,0,1.49,1.36,0.93,1.34,,,,,,,1,,gibsoky01
634,Kris Bryant,32,COL,NL,22,21,14,169.0,105,101,3,1,10,.990,-6,-41,-3,-21,5.54,5.05,4.73,4.91,,,,,,,D93,,bryankr01
635,Colin Rea,33,MIL,NL,32,27,0,167.2,40,20,15,5,0,.875,,,-2,-2,1.88,1.36,1.09,1.34,,,,,,,1,,reaco01
636,Ronel Blanco,30,HOU,AL,30,29,1,167.1,32,19,10,3,1,.906,,,1,1,1.56,1.31,0.97,1.29,,,,,,,1,,blancro01
637,Jon Berti,34,NYY,AL,21,18,17,167.0,45,8,34,3,4,.933,2,16,2,14,2.26,2.58,2.00,2.57,,,,,,,5/H47D,,bertijo01
638,Bryan Ramos,22,CHW,AL,21,19,17,167.0,55,16,38,1,4,.982,-1,-9,-1,-7,2.91,2.47,2.57,2.44,,,,,,,5/DH,,ramosbr01
639,Michael Wacha,32,KCR,AL,29,29,0,166.2,29,9,20,0,3,1.000,,,5,6,1.57,1.31,1.00,1.29,,,,,,,1,,wachami01
640,MacKenzie Gore,25,WSN,NL,32,32,0,166.1,18,2,13,3,1,.833,,,-3,-4,0.81,1.36,0.47,1.34,,,,,,,1,,gorema01
641,Sonny Gray,34,STL,NL,28,28,0,166.1,31,14,17,0,1,1.000,,,-2,-2,1.68,1.36,1.11,1.34,,,,,,,1,,grayso01
642,Charlie Morton,40,ATL,NL,30,30,0,165.1,33,9,21,3,0,.909,,,3,4,1.63,1.36,1.00,1.34,,,,,,,1,,mortoch02
643,Jameson Taillon,32,CHC,NL,28,28,0,165.1,26,14,11,1,0,.962,,,-2,-2,1.36,1.36,0.89,1.34,,,,,,,1,,taillja01
644,Zach Eflin,30,2TM,AL,28,28,0,165.1,27,7,20,0,0,1.000,,,4,5,1.47,1.31,0.96,1.29,,,,,,,1,,eflinza01
645,Zach Eflin,30,TBR,AL,19,19,0,110.0,16,5,11,0,0,1.000,,,2,4,1.31,1.31,0.84,1.29,,,,,,,1,,eflinza01
646,Zach Eflin,30,BAL,AL,9,9,0,55.1,11,2,9,0,0,1.000,,,2,7,1.79,1.30,1.22,1.29,,,,,,,/1,,eflinza01
647,Austin Gomber,30,COL,NL,30,30,0,165.0,22,6,15,1,0,.955,,,2,2,1.15,1.36,0.70,1.34,,,,,,,1,,gombeau01
648,Joshua Palacios,28,PIT,NL,20,19,14,163.0,28,27,1,0,0,1.000,-1,-7,-2,-15,1.55,2.21,1.40,2.18,,,,,,,9/78H,,palacjo01
649,Brayan Bello,25,BOS,AL,30,30,0,162.1,38,20,16,2,1,.947,,,0,0,2.00,1.31,1.20,1.29,,,,,,,1,,bellobr01
650,Ryan Feltner,27,COL,NL,30,30,0,162.1,20,12,8,0,1,1.000,,,-3,-4,1.11,1.36,0.67,1.34,,,,,,,1,,feltnry01
651,Jack Flaherty,28,2TM,2LG,28,28,0,162.0,19,10,9,0,0,1.000,,,-1,-1,1.06,1.33,0.68,1.31,,,,,,,1,,flaheja01
652,Jack Flaherty,28,DET,AL,18,18,0,106.2,12,6,6,0,0,1.000,,,0,0,1.01,1.31,0.67,1.29,,,,,,,1,,flaheja01
653,Jack Flaherty,28,LAD,NL,10,10,0,55.1,7,4,3,0,0,1.000,,,-1,-4,1.14,1.37,0.70,1.34,,,,,,,1,,flaheja01
654,Jonatan Clase,22,2TM,AL,22,18,14,161.0,33,33,0,0,0,1.000,0,-3,-2,-15,1.84,2.27,1.50,2.24,,,,,,,7/8HD,,clasejo01
655,Jonatan Clase,22,SEA,AL,16,12,8,109.0,21,21,0,0,0,1.000,0,0,0,0,1.73,2.27,1.31,2.24,,,,,,,7/H8D,,clasejo01
656,Jonatan Clase,22,TOR,AL,6,6,6,52.0,12,12,0,0,0,1.000,0,-9,-2,-46,2.08,2.27,2.00,2.23,,,,,,,/8H,,clasejo01
657,Aaron Civale,29,2TM,2LG,31,31,0,161.0,20,10,10,0,0,1.000,,,1,1,1.12,1.34,0.65,1.31,,,,,,,1,,civalaa01
658,Aaron Civale,29,TBR,AL,17,17,0,87.0,4,2,2,0,0,1.000,,,0,0,0.41,1.31,0.24,1.29,,,,,,,1,,civalaa01
659,Aaron Civale,29,MIL,NL,14,14,0,74.0,16,8,8,0,0,1.000,,,1,3,1.95,1.36,1.14,1.34,,,,,,,1,,civalaa01
660,Chris Flexen,29,CHW,AL,33,31,0,160.0,28,8,20,0,3,1.000,,,4,5,1.58,1.31,0.85,1.29,,,,,,,1,,flexech01
661,Andrew Heaney,33,TEX,AL,32,31,0,160.0,12,4,8,0,0,1.000,,,-1,-1,0.68,1.31,0.38,1.29,,,,,,,1,,heanean01
662,Zack Littell,28,TBR,AL,29,29,0,156.1,21,11,9,1,2,.952,,,-2,-3,1.15,1.31,0.69,1.29,,,,,,,1,,litteza01
663,Oliver Dunn,26,MIL,NL,28,18,9,156.0,48,11,37,0,4,1.000,4,32,3,23,2.77,2.61,1.66,2.76,,,,,,,5H/D34,,dunnol01
664,Marcus Stroman,33,NYY,AL,30,29,0,154.2,32,13,18,1,1,.969,,,-2,-3,1.80,1.31,1.03,1.29,,,,,,,1,,stromma01
665,Eric Wagaman,26,LAA,AL,18,17,17,153.1,54,11,39,4,4,.926,1,6,3,23,2.93,2.47,2.78,2.43,,,,,,,5/7H,,wagamer01
666,Luis Gil,26,NYY,AL,29,29,0,151.2,22,14,5,3,1,.864,,,0,0,1.13,1.31,0.66,1.29,,,,,,,1,ROY-1,gillu01
667,Eric Haase,31,MIL,NL,23,16,14,151.1,149,144,3,2,0,.987,-1,-8,-2,-16,8.74,9.06,6.39,8.94,0,3,17,2,10.5,0,2/HD,,haaseer01
668,Mitch Spence,26,OAK,AL,35,24,0,151.1,24,11,12,1,1,.958,,,0,0,1.37,1.31,0.66,1.29,,,,,,,1,,spencmi01
669,Ben Lively,32,CLE,AL,29,29,0,151.0,16,4,12,0,1,1.000,,,-1,-1,0.95,1.31,0.55,1.29,,,,,,,1,,livelbe01
670,Mitchell Parker,24,WSN,NL,29,29,0,151.0,13,2,6,5,0,.615,,,-4,-5,0.48,1.36,0.28,1.34,,,,,,,1,,parkemi01
671,Ryne Nelson,26,ARI,NL,28,25,0,150.2,17,8,8,1,0,.941,,,1,1,0.96,1.36,0.57,1.34,,,,,,,1,,nelsory01
672,Ranger Suarez,28,PHI,NL,27,27,1,150.2,34,7,27,0,1,1.000,,,5,7,2.03,1.36,1.26,1.34,,,,,,,1,AS,suarera01
673,Frankie Montas,31,2TM,NL,30,30,0,150.2,28,15,13,0,0,1.000,,,-1,-1,1.67,1.36,0.93,1.34,,,,,,,1,,montafr02
674,Frankie Montas,31,CIN,NL,19,19,0,93.1,21,10,11,0,0,1.000,,,1,2,2.03,1.36,1.11,1.34,,,,,,,1,,montafr02
675,Frankie Montas,31,MIL,NL,11,11,0,57.1,7,5,2,0,0,1.000,,,-2,-7,1.10,1.37,0.64,1.34,,,,,,,1,,montafr02
676,Hunter Greene,24,CIN,NL,26,26,0,150.1,14,5,9,0,0,1.000,,,-1,-1,0.84,1.36,0.54,1.34,,,,,,,1,ASCYA-8,greenhu01
677,Cal Quantrill,29,COL,NL,29,29,0,148.1,21,8,13,0,1,1.000,,,1,1,1.27,1.36,0.72,1.34,,,,,,,1,,quantca01
678,Zac Gallen,28,ARI,NL,28,28,0,148.0,19,12,7,0,0,1.000,,,-3,-4,1.16,1.36,0.68,1.34,,,,,,,1,,galleza01
679,Drew Millas,26,WSN,NL,18,17,17,148.0,152,143,8,1,1,.993,1,8,0,0,9.18,9.06,8.39,8.94,1,8,12,5,29.4,0,2/HD,,milladr01
680,Javier Assad,26,CHC,NL,29,29,0,147.0,23,8,14,1,2,.957,,,2,3,1.35,1.36,0.76,1.34,,,,,,,1,,assadja01
681,Jacob Hurtubise,26,CIN,NL,21,17,9,147.0,35,32,3,0,0,1.000,0,-2,1,8,2.14,2.21,1.67,2.18,,,,,,,7/HD9,,hurtuja01
682,Matt Waldron,27,SDP,NL,27,26,0,146.2,19,5,14,0,2,1.000,,,0,0,1.17,1.36,0.70,1.34,,,,,,,1,,waldrma01
683,Garrett Crochet,25,CHW,AL,31,31,0,146.0,13,4,8,1,1,.923,,,-4,-5,0.74,1.31,0.38,1.29,,,,,,,1,AS,crochga01
684,Kyren Paris,22,LAA,AL,18,17,12,146.0,68,22,45,1,8,.985,2,17,0,0,4.13,3.95,3.53,3.88,,,,,,,4/H6D,,parisky01
685,Nick Pivetta,31,BOS,AL,27,26,0,145.2,16,8,7,1,0,.938,,,1,1,0.93,1.31,0.56,1.29,,,,,,,1,,pivetni01
686,Spencer Arrighetti,24,HOU,AL,29,28,0,145.0,13,5,8,0,0,1.000,,,-2,-3,0.81,1.31,0.45,1.29,,,,,,,1,,arrigsp01
687,Estevan Florial,26,CLE,AL,22,16,9,144.0,37,35,1,1,0,.973,0,-3,3,25,2.25,2.27,1.64,2.24,,,,,,,79D/H8,,flories01
688,Mason McCoy,29,SDP,NL,19,16,14,143.2,53,20,33,0,7,1.000,-3,-21,0,0,3.32,3.82,2.79,3.77,,,,,,,6,,mccoyma01
689,Chadwick Tromp,29,ATL,NL,19,16,10,142.2,138,131,7,0,0,1.000,1,8,2,17,8.71,9.07,7.26,8.94,0,5,12,5,29.4,0,2,,trompch01
690,Bailey Falter,27,PIT,NL,28,28,0,142.1,17,6,11,0,0,1.000,,,-1,-1,1.07,1.36,0.61,1.34,,,,,,,1,,falteba01
691,Nick Martinez,33,CIN,NL,42,16,1,142.1,28,10,15,3,1,.893,,,1,1,1.58,1.36,0.60,1.34,,,,,,,1,,martini01
692,Pablo Reyes,30,BOS,AL,21,15,9,142.0,62,20,38,4,4,.935,-1,-10,-2,-17,3.68,3.38,2.32,3.46,,,,,,,5/436H1,,reyespa01
693,Esteury Ruiz,25,OAK,AL,27,16,7,141.0,36,35,0,1,0,.972,-1,-8,-1,-9,2.23,2.27,1.30,2.24,,,,,,,7H/8,,ruizes01
694,Gavin Stone,25,LAD,NL,25,25,1,140.1,29,16,13,0,2,1.000,,,3,4,1.86,1.36,1.16,1.34,,,,,,,1,,stonega01
695,Jasson Domínguez,21,NYY,AL,16,16,13,140.0,31,28,2,1,0,.968,-3,-26,-2,-17,1.93,2.27,1.88,2.24,,,,,,,7/8HD,,dominja01
696,Nelson Velázquez,25,KCR,AL,20,17,9,140.0,33,32,0,1,0,.970,-3,-29,-1,-9,2.06,2.27,1.60,2.24,,,,,,,D97/H,,velazne01
697,Zach DeLoach,25,CHW,AL,17,16,13,138.2,38,37,1,0,0,1.000,1,6,-1,-9,2.47,2.27,2.24,2.24,,,,,,,9/7H8D,,deloaza01
698,Andrew Abbott,25,CIN,NL,25,25,0,138.0,14,6,8,0,0,1.000,,,1,1,0.91,1.36,0.56,1.34,,,,,,,1,,abbotan01
699,Taj Bradley,23,TBR,AL,25,25,0,138.0,16,8,8,0,0,1.000,,,-1,-1,1.04,1.31,0.64,1.29,,,,,,,1,,bradlta01
700,Tobias Myers,25,MIL,NL,27,25,0,138.0,19,10,6,3,0,.842,,,0,0,1.04,1.36,0.59,1.34,,,,,,,1,,myersto01
701,Miguel Sanó,31,LAA,AL,19,16,9,136.1,52,28,24,0,2,1.000,2,16,1,9,3.43,3.65,2.60,3.76,,,,,,,5/D3H1,,sanomi01
702,Reynaldo López,30,ATL,NL,26,25,0,135.2,13,8,5,0,1,1.000,,,-4,-6,0.86,1.36,0.50,1.34,,,,,,,1,ASCYA-11,lopezre01
703,Luis Ortiz,25,PIT,NL,37,15,0,135.2,21,7,10,4,0,.810,,,0,0,1.13,1.36,0.46,1.34,,,,,,,1,,ortizlu03
704,Heston Kjerstad,25,BAL,AL,19,16,9,135.0,34,34,0,0,0,1.000,2,19,-1,-9,2.27,2.27,1.79,2.24,,,,,,,D7H/9,,kjershe01
705,René Pinto,27,TBR,AL,19,15,11,135.0,129,126,2,1,0,.992,-3,-27,-3,-27,8.53,9.16,6.74,9.03,1,7,18,1,5.3,0,2,,pintore02
706,Joe Ryan,28,MIN,AL,23,23,0,135.0,21,10,9,2,0,.905,,,-3,-4,1.27,1.31,0.83,1.29,,,,,,,1,,ryanjo04
707,Martín Pérez,33,2TM,NL,26,26,0,135.0,20,6,14,0,1,1.000,,,5,7,1.33,1.36,0.77,1.34,,,,,,,1,,perezma02
708,Martín Pérez,33,PIT,NL,16,16,0,83.0,11,6,5,0,1,1.000,,,3,7,1.19,1.36,0.69,1.34,,,,,,,1,,perezma02
709,Martín Pérez,33,SDP,NL,10,10,0,52.0,9,0,9,0,0,1.000,,,2,8,1.56,1.37,0.90,1.34,,,,,,,1,,perezma02
710,Justin Steele,28,CHC,NL,24,24,1,134.2,10,3,7,0,0,1.000,,,-1,-1,0.67,1.36,0.42,1.34,,,,,,,1,,steelju01
711,Tyler Glasnow,30,LAD,NL,22,22,0,134.0,23,15,8,0,0,1.000,,,-3,-4,1.54,1.36,1.05,1.34,,,,,,,1,AS,glasnty01
712,Albert Suárez,34,BAL,AL,32,24,0,133.2,25,9,15,1,2,.960,,,3,4,1.62,1.31,0.75,1.29,,,,,,,1,,suareal01
713,Simeon Woods Richardson,23,MIN,AL,28,28,0,133.2,21,11,7,3,2,.857,,,-2,-3,1.21,1.31,0.64,1.29,,,,,,,1,,woodssi01
714,Paul Skenes,22,PIT,NL,23,23,0,133.0,26,7,17,2,1,.923,,,1,2,1.62,1.36,1.04,1.34,,,,,,,1,ASCYA-3MVP-19ROY-1,skenepa01
715,Luke Williams,27,ATL,NL,22,14,9,131.0,47,15,30,2,4,.957,4,33,3,27,3.09,3.23,2.05,2.92,,,,,,,H/45D716,,willilu01
716,Kyle Hendricks,34,CHC,NL,29,24,0,130.2,19,7,11,1,1,.947,,,0,0,1.24,1.36,0.62,1.34,,,,,,,1,,hendrky01
717,Michael Lorenzen,32,2TM,AL,26,24,0,130.1,22,8,12,2,4,.909,,,2,3,1.38,1.31,0.77,1.29,,,,,,,1,,lorenmi01
718,Michael Lorenzen,32,TEX,AL,19,18,0,101.2,18,7,11,0,3,1.000,,,2,4,1.59,1.31,0.95,1.29,,,,,,,1,,lorenmi01
719,Michael Lorenzen,32,KCR,AL,7,6,0,28.2,4,1,1,2,1,.500,,,0,0,0.63,1.32,0.29,1.29,,,,,,,/1,,lorenmi01
720,Ryan Pepiot,26,TBR,AL,26,26,0,130.0,15,11,4,0,3,1.000,,,0,0,1.04,1.31,0.58,1.29,,,,,,,1,,pepiory01
721,Dean Kremer,28,BAL,AL,24,24,0,129.2,32,11,19,2,0,.938,,,4,6,2.08,1.31,1.25,1.29,,,,,,,1,,kremede01
722,Rafael Marchán,25,PHI,NL,17,14,14,129.0,134,126,6,2,3,.985,2,19,1,9,9.21,9.06,7.76,8.94,0,4,8,4,33.3,0,2,,marchra01
723,Alec Marsh,26,KCR,AL,26,25,0,129.0,24,9,11,4,0,.833,,,1,2,1.40,1.31,0.77,1.29,,,,,,,1,,marshal01
724,Joey Estes,22,OAK,AL,25,24,1,127.2,10,5,5,0,2,1.000,,,1,2,0.70,1.31,0.40,1.29,,,,,,,1,,estesjo01
725,Marco Luciano,22,SFG,NL,18,14,9,127.0,64,25,33,6,3,.906,-4,-39,-5,-47,4.11,4.00,3.22,3.93,,,,,,,/46DH,,luciama01
726,José Fermín,25,STL,NL,22,13,7,126.0,37,13,24,0,2,1.000,-3,-30,-1,-10,2.64,3.44,1.48,3.19,,,,,,,HD54/7,,fermijo01
727,Jared Walsh,30,TEX,AL,16,14,14,126.0,116,104,10,2,11,.983,-1,-5,-1,-10,8.14,8.03,7.13,7.92,,,,,,,3/H,,walshja01
728,Jonathan Cannon,23,CHW,AL,23,21,0,124.1,30,17,13,0,2,1.000,,,3,5,2.17,1.31,1.30,1.29,,,,,,,1,,cannojo02
729,Kyle Harrison,22,SFG,NL,24,24,0,124.1,14,2,12,0,1,1.000,,,-2,-3,1.01,1.36,0.58,1.34,,,,,,,1,,harriky01
730,Trevor Rogers,26,2TM,2LG,25,25,0,124.1,19,6,12,1,0,.947,,,-2,-3,1.30,1.35,0.72,1.33,,,,,,,1,,rogertr01
731,Trevor Rogers,26,MIA,NL,21,21,0,105.1,15,6,8,1,0,.933,,,-2,-4,1.20,1.36,0.67,1.34,,,,,,,1,,rogertr01
732,Trevor Rogers,26,BAL,AL,4,4,0,19.0,4,0,4,0,0,1.000,,,0,0,1.89,1.33,1.00,1.30,,,,,,,/1,,rogertr01
733,Spencer Schwellenbach,24,ATL,NL,21,21,0,123.2,33,9,24,0,2,1.000,,,5,8,2.40,1.36,1.57,1.34,,,,,,,1,,schwesp01
734,Thomas Saggese,22,STL,NL,18,13,13,123.1,63,17,43,3,9,.952,1,5,-1,-10,4.38,3.85,3.33,3.86,,,,,,,4/65,,saggeth01
735,Jerar Encarnacion,26,SFG,NL,18,13,9,123.0,33,30,2,1,2,.970,-4,-34,0,0,2.34,2.85,1.68,2.82,,,,,,,D9/7H3,,encarje01
736,Justyn-Henry Malloy,24,DET,AL,23,14,6,122.1,24,24,0,0,0,1.000,0,3,-2,-20,1.77,2.27,1.04,2.24,,,,,,,D7H/9,,malloju02
737,Jared Jones,22,PIT,NL,22,22,0,121.2,18,9,8,1,0,.944,,,1,2,1.26,1.36,0.77,1.34,,,,,,,1,,jonesja09
738,Andre Pallante,25,STL,NL,29,20,0,121.1,33,17,16,0,2,1.000,,,-3,-5,2.45,1.36,1.14,1.34,,,,,,,1,,pallaan01
739,Bryan Woo,24,SEA,AL,22,22,0,121.1,21,14,7,0,0,1.000,,,0,0,1.56,1.31,0.95,1.29,,,,,,,1,,woobr01
740,David Peterson,28,NYM,NL,21,21,0,121.0,24,4,15,5,1,.792,,,2,3,1.41,1.36,0.90,1.34,,,,,,,1,,peterda01
741,Seby Zavala,30,SEA,AL,18,14,9,121.0,95,91,3,1,0,.989,0,0,-2,-20,6.99,9.16,5.22,9.03,0,5,11,3,21.4,0,2,,zavalse01
742,Billy Cook,25,PIT,NL,16,14,11,120.0,59,56,2,1,4,.983,3,32,6,60,4.35,3.98,3.41,3.95,,,,,,,/3897,,cookbi01
743,Lance Lynn,37,STL,NL,23,23,0,117.1,10,5,3,2,0,.800,,,-4,-7,0.61,1.36,0.35,1.34,,,,,,,1,,lynnla01
744,Jordan Montgomery,31,ARI,NL,25,21,0,117.0,20,2,17,1,0,.950,,,-1,-2,1.46,1.36,0.76,1.34,,,,,,,1,,montgjo01
745,Grayson Rodriguez,24,BAL,AL,20,20,0,116.2,17,10,7,0,1,1.000,,,0,0,1.31,1.31,0.85,1.29,,,,,,,1,,rodrigr01
746,David Bote,31,CHC,NL,35,8,8,116.1,33,17,16,0,2,1.000,-2,-18,0,0,2.55,3.07,0.92,3.21,,,,,,,5H/431,,boteda01
747,Nick Lodolo,26,CIN,NL,21,21,0,115.1,11,1,9,1,0,.909,,,-1,-2,0.78,1.36,0.48,1.34,,,,,,,1,,lodolni01
748,Rece Hinds,23,CIN,NL,22,10,10,115.0,33,33,0,0,0,1.000,3,31,1,10,2.58,2.21,1.50,2.18,,,,,,,9/H78D,,hindsre01
749,Drew Romo,22,COL,NL,15,13,13,115.0,104,93,10,1,1,.990,1,10,2,21,8.06,9.06,6.87,8.94,2,2,16,5,23.8,1,2/DH,,romodr01
750,Avisaíl García,33,MIA,NL,16,13,10,114.0,39,38,1,0,0,1.000,0,-3,0,0,3.08,2.21,2.44,2.18,,,,,,,9/H,,garciav01
751,Davis Wendzel,27,TEX,AL,21,11,6,113.2,28,6,22,0,0,1.000,2,25,3,32,2.22,2.55,1.33,2.84,,,,,,,5/HD43,,wendzda01
752,Kyle Freeland,31,COL,NL,21,21,0,113.1,12,2,9,1,0,.917,,,-1,-2,0.87,1.36,0.52,1.34,,,,,,,1/H,,freelky01
753,José Soriano,25,LAA,AL,22,20,0,113.0,33,15,16,2,3,.939,,,2,4,2.47,1.31,1.41,1.29,,,,,,,1,,soriajo02
754,Kenta Maeda,36,DET,AL,28,16,0,112.1,25,13,10,2,3,.920,,,-1,-2,1.84,1.31,0.79,1.29,,,,,,,1,,maedake01
755,Reese Olson,24,DET,AL,22,22,0,112.1,7,3,3,1,0,.857,,,-4,-7,0.48,1.31,0.27,1.29,,,,,,,1,,olsonre01
756,Ryan Vilade,25,DET,AL,16,12,8,112.1,32,32,0,0,0,1.000,0,0,-4,-43,2.56,2.37,1.88,2.57,,,,,,,7/98H3,,viladry01
757,Tyler Locklear,23,SEA,AL,16,12,10,112.0,98,91,7,0,5,1.000,1,11,-1,-11,7.88,8.03,6.13,7.92,,,,,,,3/H,,locklty01
758,Eguy Rosario,24,SDP,NL,27,10,5,111.0,39,12,26,1,4,.974,-1,-5,1,11,3.08,2.59,1.36,2.63,,,,,,,5H/D4,,rosareg01
759,Cole Irvin,30,2TM,AL,29,16,0,111.0,16,5,11,0,1,1.000,,,1,2,1.30,1.31,0.55,1.29,,,,,,,1,,irvinco01
760,Cole Irvin,30,BAL,AL,25,16,0,107.1,15,5,10,0,1,1.000,,,1,2,1.26,1.31,0.60,1.29,,,,,,,1,,irvinco01
761,Cole Irvin,30,MIN,AL,4,0,0,3.2,1,0,1,0,0,1.000,,,0,0,2.45,1.23,0.25,1.30,,,,,,,/1,,irvinco01
762,Jordan Hicks,27,SFG,NL,29,20,0,109.2,29,18,10,1,3,.966,,,-2,-4,2.30,1.36,0.97,1.34,,,,,,,1,,hicksjo03
763,Zach Dezenzo,24,HOU,AL,15,12,10,109.0,86,82,3,1,9,.988,-3,-34,-2,-22,7.02,7.67,5.00,6.95,,,,,,,3/5DH,,dezenza01
764,José Ureña,32,TEX,AL,33,9,0,109.0,21,11,9,1,0,.952,,,0,0,1.65,1.31,0.61,1.29,,,,,,,1,,urenajo01
765,Eli White,30,ATL,NL,30,5,5,109.0,28,28,0,0,0,1.000,2,21,2,22,2.31,2.26,0.90,2.24,,,,,,,9H/78D4,,whiteel04
766,Gustavo Campero,26,LAA,AL,13,12,11,108.1,28,26,1,1,0,.964,-1,-6,-2,-22,2.24,2.27,2.08,2.24,,,,,,,9/7H,,campegu01
767,Tyler Alexander,29,TBR,AL,23,9,0,107.2,15,6,8,1,0,.933,,,-1,-2,1.17,1.31,0.61,1.29,,,,,,,1,,alexaty01
768,Steward Berroa,25,TOR,AL,21,9,8,107.0,28,27,1,0,0,1.000,3,35,3,34,2.36,2.27,1.33,2.24,,,,,,,9H/78D,,berrost01
769,David Hensley,28,MIA,NL,18,11,6,107.0,37,34,3,0,2,1.000,-2,-24,-2,-22,3.11,3.73,1.85,3.35,,,,,,,9/H37D15,,henslda01
770,Jonathan Ornelas,24,TEX,AL,18,11,9,106.2,40,14,24,2,1,.950,0,1,1,11,3.21,3.03,2.11,3.16,,,,,,,/564H8,,orneljo01
771,Bryse Wilson,26,MIL,NL,34,9,0,104.2,7,1,6,0,0,1.000,,,-1,-2,0.60,1.36,0.21,1.34,,,,,,,1,,wilsobr02
772,Blake Snell,31,SFG,NL,20,20,1,104.0,14,5,8,1,0,.929,,,1,2,1.13,1.36,0.65,1.34,,,,,,,1,,snellbl01
773,Jamie Westbrook,29,BOS,AL,20,13,5,104.0,58,21,36,1,6,.983,0,-2,0,0,4.93,3.95,2.71,3.76,,,,,,,4/H59D,,westbja02
774,Shay Whitcomb,25,HOU,AL,17,10,7,104.0,35,14,16,5,3,.857,-2,-25,-4,-46,2.60,2.71,1.67,2.77,,,,,,,5/H4,,whitcsh01
775,Garrett Cooper,33,2TM,2LG,16,12,6,104.0,88,78,9,1,9,.989,1,7,-2,-23,7.53,7.92,5.12,7.29,,,,,,,3D/H7,,coopega03
776,Garrett Cooper,33,CHC,NL,4,3,2,29.0,24,23,1,0,3,1.000,-1,-25,0,0,7.45,7.63,4.80,5.78,,,,,,,/D3H7,,coopega03
777,Garrett Cooper,33,BOS,AL,12,9,4,75.0,64,55,8,1,6,.984,1,19,-2,-32,7.56,8.03,5.25,7.92,,,,,,,3/DH,,coopega03
778,Carlos Carrasco,37,CLE,AL,21,21,0,103.2,19,9,9,1,0,.947,,,1,2,1.56,1.31,0.86,1.29,,,,,,,1,,carraca01
779,Bowden Francis,28,TOR,AL,27,13,0,103.2,11,4,7,0,0,1.000,,,3,6,0.95,1.31,0.41,1.29,,,,,,,1,,francbo01
780,Jon Gray,32,TEX,AL,23,19,0,102.2,18,8,10,0,0,1.000,,,0,0,1.58,1.31,0.78,1.29,,,,,,,1,,grayjo02
781,Casey Mize,27,DET,AL,22,20,0,102.1,20,6,14,0,4,1.000,,,2,4,1.76,1.31,0.91,1.29,,,,,,,1,,mizeca01
782,Brent Rooker,29,OAK,AL,14,13,7,102.1,16,16,0,0,0,1.000,-3,-30,-1,-12,1.41,2.27,1.14,2.24,,,,,,,*D/79H,MVP-10SS,rookebr01
783,Andrés Chaparro,25,WSN,NL,12,12,10,102.0,89,80,9,0,11,1.000,1,12,-1,-12,7.85,8.29,7.42,8.18,,,,,,,D3,,chapaan01
784,David Dahl,30,PHI,NL,15,13,5,102.0,19,18,1,0,0,1.000,3,38,3,35,1.68,2.21,1.27,2.18,,,,,,,7/D9H,,dahlda01
785,Yuli Gurriel,40,KCR,AL,12,12,9,101.0,82,76,6,0,4,1.000,0,4,2,24,7.31,8.03,6.83,7.92,,,,,,,3/DH,,gourryu01
786,Jhonny Pereda,28,MIA,NL,19,10,8,101.0,95,86,8,1,1,.989,0,0,0,0,8.38,9.03,4.70,8.52,0,7,4,4,50.0,0,2/H13,,peredjh01
787,James Paxton,35,2TM,2LG,21,21,0,100.1,8,1,6,1,0,.875,,,0,0,0.63,1.35,0.33,1.33,,,,,,,1,,paxtoja01
788,James Paxton,35,LAD,NL,18,18,0,89.1,7,0,6,1,0,.857,,,1,2,0.60,1.36,0.33,1.34,,,,,,,1,,paxtoja01
789,James Paxton,35,BOS,AL,3,3,0,11.0,1,1,0,0,0,1.000,,,-1,-18,0.82,1.31,0.33,1.30,,,,,,,/1,,paxtoja01
790,Nick Martini,34,CIN,NL,16,12,6,100.0,25,24,1,0,0,1.000,0,1,-1,-12,2.25,2.21,1.56,2.18,,,,,,,D9/7H,,martini02
791,Joe Musgrove,31,SDP,NL,19,19,0,99.2,24,11,12,1,0,.958,,,3,6,2.08,1.36,1.21,1.34,,,,,,,1,,musgrjo01
792,Cooper Criswell,27,BOS,AL,26,18,0,99.1,12,8,4,0,1,1.000,,,0,0,1.09,1.31,0.46,1.29,,,,,,,1,,criswco01
793,Ryan Yarbrough,32,2TM,2LG,44,0,0,98.2,25,6,16,3,1,.880,,,3,6,2.01,1.35,0.50,1.33,,,,,,,1,,yarbrry01
794,Ryan Yarbrough,32,LAD,NL,32,0,0,67.1,20,5,14,1,1,.950,,,2,6,2.54,1.36,0.59,1.34,,,,,,,1,,yarbrry01
795,Ryan Yarbrough,32,TOR,AL,12,0,0,31.1,5,1,2,2,0,.600,,,1,6,0.86,1.32,0.25,1.29,,,,,,,1,,yarbrry01
796,Keider Montero,23,DET,AL,19,16,1,98.1,13,4,9,0,0,1.000,,,2,4,1.19,1.31,0.68,1.29,,,,,,,1,,monteke01
797,Cole Tucker,27,LAA,AL,16,11,7,98.0,38,16,18,4,1,.895,-1,-9,-3,-37,3.12,2.39,1.89,2.29,,,,,,,/5D7H1,,tuckeco01
798,Randy Vásquez,25,SDP,NL,20,20,0,98.0,19,4,15,0,2,1.000,,,1,2,1.74,1.36,0.95,1.34,,,,,,,1,,vasqura02
799,Joey Wendle,34,NYM,NL,18,10,5,98.0,40,13,24,3,3,.925,0,1,-1,-12,3.40,3.67,2.06,3.42,,,,,,,/456,,wendljo01
800,Logan Allen,25,CLE,AL,20,20,0,97.1,14,4,10,0,0,1.000,,,1,2,1.29,1.31,0.70,1.29,,,,,,,1,,allenlo02
801,Zach Remillard,30,CHW,AL,14,11,7,97.0,36,9,26,1,2,.972,1,16,1,12,3.25,3.46,2.19,3.28,,,,,,,/456H78D,,remilza01
802,Edward Cabrera,26,MIA,NL,20,20,0,96.1,14,4,6,4,0,.714,,,-4,-8,0.93,1.36,0.50,1.34,,,,,,,1,,cabreed02
803,Luisangel Acuña,22,NYM,NL,12,10,9,95.2,45,9,35,1,3,.978,3,35,1,13,4.14,3.85,3.38,3.79,,,,,,,6/DH4,,acunajo01
804,Gerrit Cole,33,NYY,AL,17,17,0,95.0,10,4,6,0,0,1.000,,,-2,-4,0.95,1.31,0.59,1.29,,,,,,,1,,colege01
805,Dane Dunning,29,TEX,AL,26,15,0,95.0,18,10,7,1,0,.944,,,1,2,1.61,1.31,0.65,1.29,,,,,,,1,,dunnida01
806,Tyler Holton,28,DET,AL,66,9,0,94.1,16,4,12,0,0,1.000,,,2,4,1.53,1.31,0.24,1.29,,,,,,,1,MVP-15,holtoty01
807,Logan Driscoll,26,TBR,AL,15,11,7,93.0,107,100,6,1,0,.991,0,0,2,26,10.26,9.16,7.07,9.03,1,3,6,3,33.3,0,2,,drisclo01
808,Forrest Wall,28,2TM,NL,13,11,7,93.0,18,18,0,0,0,1.000,-1,-15,2,26,1.74,2.22,1.38,2.18,,,,,,,7/H9,,wallfo01
809,Forrest Wall,28,ATL,NL,12,10,7,87.0,18,18,0,0,0,1.000,-1,-14,2,28,1.86,2.21,1.50,2.18,,,,,,,7/9H,,wallfo01
810,Forrest Wall,28,MIA,NL,1,1,0,6.0,0,0,0,0,0,,0,-40,0,0,0.00,2.25,0.00,2.20,,,,,,,/H9,,wallfo01
811,Nick Yorke,22,PIT,NL,11,11,9,92.0,26,14,11,1,3,.962,-3,-39,-3,-39,2.45,3.51,2.27,3.42,,,,,,,/4957,,yorkeni01
812,Carson Spiers,26,CIN,NL,22,10,0,90.2,13,9,4,0,1,1.000,,,1,2,1.29,1.36,0.59,1.34,,,,,,,1,,spierca01
813,Justin Verlander,41,HOU,AL,17,17,0,90.1,9,4,5,0,0,1.000,,,0,0,0.90,1.31,0.53,1.29,,,,,,,1,,verlaju01
814,Derek Law,33,WSN,NL,75,0,0,90.0,10,4,6,0,2,1.000,,,-1,-2,1.00,1.36,0.13,1.34,,,,,,,1,,lawde01
815,Yoshinobu Yamamoto,25,LAD,NL,18,18,0,90.0,14,5,9,0,0,1.000,,,2,4,1.40,1.36,0.78,1.34,,,,,,,1,,yamamyo01
816,Dakota Hudson,29,COL,NL,18,18,0,89.0,14,3,11,0,2,1.000,,,0,0,1.42,1.36,0.78,1.34,,,,,,,1,,hudsoda02
817,DJ Herz,23,WSN,NL,19,19,0,88.2,5,0,5,0,0,1.000,,,0,0,0.51,1.36,0.26,1.34,,,,,,,1,,herzdj01
818,Chris Paddack,28,MIN,AL,17,17,0,88.1,13,5,8,0,0,1.000,,,-2,-5,1.32,1.31,0.76,1.29,,,,,,,1,,paddach01
819,Coby Mayo,22,BAL,AL,15,12,4,88.0,24,15,8,1,2,.958,-2,-26,-2,-27,2.35,3.73,1.44,3.81,,,,,,,5/H3,,mayoco01
820,Aaron Hicks,34,LAA,AL,14,9,8,87.2,19,19,0,0,0,1.000,-3,-40,-2,-27,1.95,2.26,1.36,2.17,,,,,,,/9DH781,,hicksaa01
821,Reid Detmers,24,LAA,AL,17,17,0,87.1,8,3,5,0,0,1.000,,,-2,-5,0.82,1.31,0.47,1.29,,,,,,,1,,detmere01
822,Carson Fulmer,30,LAA,AL,37,8,0,86.2,9,2,5,2,0,.778,,,0,0,0.73,1.31,0.19,1.29,,,,,,,1,,fulmeca01
823,Yariel Rodríguez,27,TOR,AL,21,21,0,86.2,15,8,7,0,0,1.000,,,1,2,1.56,1.31,0.71,1.29,,,,,,,1,,rodriya01
824,Ryan Weathers,24,MIA,NL,16,16,0,86.2,11,1,10,0,0,1.000,,,1,2,1.14,1.36,0.69,1.34,,,,,,,1,,weathry01
825,Matthew Liberatore,24,STL,NL,60,6,0,86.0,22,4,17,1,2,.955,,,3,7,2.20,1.36,0.35,1.34,,,,,,,1,,liberma01
826,Yoán Moncada,29,CHW,AL,11,11,10,86.0,31,8,21,2,4,.935,1,17,0,0,3.03,2.47,2.64,2.44,,,,,,,5/DH,,moncayo01
827,David Villar,27,SFG,NL,10,10,9,86.0,90,79,11,0,5,1.000,-2,-33,0,0,9.42,8.29,9.00,8.18,,,,,,,3/DH,,villada01
828,Clarke Schmidt,28,NYY,AL,16,16,0,85.1,15,7,7,1,0,.933,,,1,2,1.48,1.31,0.88,1.29,,,,,,,1,,schmicl01
829,Ross Stripling,34,OAK,AL,22,14,0,85.1,14,5,8,1,0,.929,,,-1,-2,1.37,1.31,0.59,1.29,,,,,,,1,,stripro01
830,Jordyn Adams,24,LAA,AL,11,9,9,85.0,24,23,0,1,0,.958,-1,-17,-2,-28,2.44,2.27,2.09,2.24,,,,,,,/987H,,adamsjo03
831,Adael Amador,21,COL,NL,10,10,9,85.0,39,14,24,1,8,.974,-3,-40,-1,-14,4.02,4.15,3.80,4.09,,,,,,,4,,amadoad01
832,Tom Murphy,33,SFG,NL,12,10,8,84.2,69,68,1,0,0,1.000,-2,-28,-4,-57,7.33,9.07,5.75,8.94,4,5,11,1,8.3,0,2/DH,,murphto04
833,Aledmys Díaz,33,2TM,AL,14,10,7,84.1,49,28,21,0,6,1.000,-2,-28,-1,-14,5.23,4.92,3.27,4.93,,,,,,,/634H57,,diazal02
834,Aledmys Díaz,33,OAK,AL,12,9,6,75.1,41,22,19,0,4,1.000,-2,-33,-1,-16,4.90,4.61,3.15,4.78,,,,,,,/63457H,,diazal02
835,Aledmys Díaz,33,HOU,AL,2,1,1,9.0,8,6,2,0,2,1.000,0,13,0,0,8.00,7.50,4.00,5.90,,,,,,,/34H,,diazal02
836,Luke Weaver,30,NYY,AL,62,0,0,84.0,9,2,5,2,0,.778,,,0,0,0.75,1.31,0.11,1.29,,,,,,,1,,weavelu01
837,Taijuan Walker,31,PHI,NL,19,15,0,83.2,18,9,8,1,2,.944,,,0,0,1.83,1.36,0.89,1.34,,,,,,,1,,walketa01
838,Roddery Muñoz,24,MIA,NL,18,17,0,82.2,12,2,6,4,0,.667,,,0,0,0.87,1.36,0.44,1.34,,,,,,,1,,munozro01
839,Pedro Avila,27,2TM,2LG,54,0,0,82.2,10,8,2,0,2,1.000,,,1,2,1.09,1.32,0.19,1.29,,,,,,,1,,avilape01
840,Pedro Avila,27,SDP,NL,4,0,0,8.0,2,2,0,0,0,1.000,,,0,0,2.25,1.35,0.50,1.35,,,,,,,/1,,avilape01
841,Pedro Avila,27,CLE,AL,50,0,0,74.2,8,6,2,0,2,1.000,,,1,3,0.96,1.31,0.16,1.29,,,,,,,1,,avilape01
842,Yu Darvish,37,SDP,NL,16,16,0,81.2,13,4,9,0,0,1.000,,,0,0,1.43,1.36,0.81,1.34,,,,,,,1,,darviyu01
843,Sean Hjelle,27,SFG,NL,58,0,0,80.2,27,14,13,0,2,1.000,,,1,2,3.01,1.36,0.47,1.34,,,,,,,1,,hjellse01
844,Armando Alvarez,29,OAK,AL,14,10,5,80.0,39,30,9,0,4,1.000,-3,-41,-3,-45,4.39,4.62,2.79,4.47,,,,,,,/53H74,,alvarar01
845,Ryan Walker,28,SFG,NL,76,1,0,80.0,11,5,6,0,0,1.000,,,0,0,1.24,1.36,0.14,1.34,,,,,,,1,,walkery01
846,Cade Povich,24,BAL,AL,16,16,0,79.2,11,2,9,0,2,1.000,,,2,5,1.24,1.31,0.69,1.29,,,,,,,1,,povicca01
847,Patrick Sandoval,27,LAA,AL,16,16,0,79.2,11,1,9,1,0,.909,,,2,5,1.13,1.31,0.63,1.29,,,,,,,1,,sandopa02
848,Javier Sanoja,21,MIA,NL,13,9,5,79.2,22,13,9,0,2,1.000,0,0,1,15,2.49,3.20,1.57,3.05,,,,,,,/8H647D,,sanojja01
849,Michael Soroka,26,CHW,AL,25,9,0,79.2,12,3,7,2,0,.833,,,-1,-3,1.13,1.31,0.40,1.29,,,,,,,1,,sorokmi01
850,Shane Baz,25,TBR,AL,14,14,0,79.1,7,4,3,0,1,1.000,,,1,3,0.79,1.30,0.50,1.29,,,,,,,1,,bazsh01
851,Michael Tonkin,34,3TM,2LG,57,0,0,79.1,13,6,7,0,1,1.000,,,-1,-3,1.47,1.33,0.23,1.29,,,,,,,1,,tonkimi01
852,Michael Tonkin,34,2TM,AL,52,0,0,72.1,11,4,7,0,1,1.000,,,-1,-3,1.37,1.32,0.21,1.29,,,,,,,1,,tonkimi01
853,Michael Tonkin,34,NYM,NL,5,0,0,7.0,2,2,0,0,0,1.000,,,0,0,2.57,1.41,0.40,1.34,,,,,,,/1,,tonkimi01
854,Michael Tonkin,34,MIN,AL,13,0,0,16.1,4,3,1,0,0,1.000,,,-2,-24,2.20,1.32,0.31,1.29,,,,,,,1,,tonkimi01
855,Michael Tonkin,34,NYY,AL,39,0,0,56.0,7,1,6,0,1,1.000,,,1,4,1.13,1.32,0.18,1.29,,,,,,,1,,tonkimi01
856,Keegan Akin,29,BAL,AL,66,0,0,78.2,7,0,7,0,0,1.000,,,2,5,0.80,1.32,0.11,1.29,,,,,,,1,,akinke01
857,Bryan Abreu,27,HOU,AL,78,0,0,78.1,8,5,3,0,0,1.000,,,-2,-5,0.92,1.31,0.10,1.29,,,,,,,1,,abreubr01
858,Tylor Megill,28,NYM,NL,16,15,0,78.0,18,7,11,0,1,1.000,,,2,5,2.08,1.36,1.13,1.34,,,,,,,1,,megilty01
859,Graham Ashcraft,26,CIN,NL,15,15,0,77.1,21,10,8,3,0,.857,,,-1,-3,2.09,1.36,1.20,1.34,,,,,,,1,,ashcrgr01
860,Slade Cecconi,25,ARI,NL,20,13,0,77.0,9,3,6,0,0,1.000,,,0,0,1.05,1.36,0.45,1.34,,,,,,,1,,ceccosl01
861,Johnathan Rodríguez,24,CLE,AL,11,9,5,77.0,13,12,1,0,0,1.000,-1,-20,-3,-47,1.52,2.27,1.18,2.24,,,,,,,9/H7D,,rodrijo10
862,Cody Bradford,26,TEX,AL,14,13,0,76.1,13,4,8,1,1,.923,,,1,3,1.41,1.31,0.86,1.29,,,,,,,1,,bradfco01
863,Gavin Williams,24,CLE,AL,16,16,0,76.0,13,3,9,1,0,.923,,,0,0,1.42,1.31,0.75,1.29,,,,,,,1,,williga01
864,Josh Winckowski,26,BOS,AL,40,6,0,76.0,15,9,6,0,1,1.000,,,-1,-3,1.78,1.31,0.38,1.29,,,,,,,1,,winckjo01
865,Triston McKenzie,26,CLE,AL,16,16,0,75.2,12,9,2,1,0,.917,,,-2,-5,1.31,1.31,0.69,1.29,,,,,,,1,,mckentr01
866,Walker Buehler,29,LAD,NL,16,16,0,75.1,18,9,8,1,2,.944,,,-1,-3,2.03,1.36,1.06,1.34,,,,,,,1,,buehlwa01
867,Oscar Colás,25,CHW,AL,11,8,6,75.1,16,16,0,0,0,1.000,-1,-22,0,0,1.91,2.27,1.45,2.24,,,,,,,/98H,,colasos01
868,Cade Smith,25,CLE,AL,74,0,0,75.1,7,4,3,0,0,1.000,,,1,3,0.84,1.31,0.09,1.29,,,,,,,1,CYA-9ROY-5,smithca06
869,Niko Goodrum,32,2TM,AL,12,7,7,75.1,25,15,7,3,2,.880,-6,-102,-5,-80,2.63,3.72,1.83,3.97,,,,,,,/7H3546,,goodrni01
870,Niko Goodrum,32,TBR,AL,8,3,3,39.1,14,7,6,1,1,.929,-2,-61,-2,-61,2.97,3.59,1.63,4.05,,,,,,,/7H346,,goodrni01
871,Niko Goodrum,32,LAA,AL,4,4,4,36.0,11,8,1,2,1,.818,-4,-147,-3,-100,2.25,3.85,2.25,3.80,,,,,,,/53,,goodrni01
872,Paul Blackburn,30,2TM,2LG,14,14,0,75.1,17,5,11,1,0,.941,,,1,3,1.91,1.33,1.14,1.31,,,,,,,1,,blackpa01
873,Paul Blackburn,30,OAK,AL,9,9,0,51.0,9,5,3,1,0,.889,,,-1,-4,1.41,1.31,0.89,1.29,,,,,,,/1,,blackpa01
874,Paul Blackburn,30,NYM,NL,5,5,0,24.1,8,0,8,0,0,1.000,,,2,16,2.96,1.37,1.60,1.34,,,,,,,/1,,blackpa01
875,Blake Dunn,25,CIN,NL,17,7,3,75.0,18,18,0,0,0,1.000,2,35,0,0,2.16,2.21,1.06,2.18,,,,,,,7/H89D,,dunnbl01
876,Hunter Gaddis,26,CLE,AL,78,0,0,74.2,13,5,6,2,0,.846,,,2,5,1.33,1.31,0.14,1.29,,,,,,,1,,gaddihu01
877,Emmanuel Clase,26,CLE,AL,74,0,0,74.1,11,4,5,2,1,.818,,,-1,-3,1.09,1.31,0.12,1.29,,,,,,,1,ASCYA-3MVP-11,claseem01
878,Luis De Los Santos,26,TOR,AL,12,8,5,74.1,31,12,17,2,0,.935,2,24,1,16,3.51,2.71,2.07,3.20,,,,,,,5/H37,,deloslu03
879,Joey Wiemer,25,2TM,NL,19,6,4,74.1,13,12,0,1,0,.923,0,-2,2,32,1.45,2.20,0.63,2.18,,,,,,,7/H89D,,wiemejo01
880,Joey Wiemer,25,MIL,NL,17,6,4,69.1,12,11,0,1,0,.917,-1,-10,2,35,1.43,2.21,0.65,2.18,,,,,,,7/H89D,,wiemejo01
881,Joey Wiemer,25,CIN,NL,2,0,0,5.0,1,1,0,0,0,1.000,1,120,0,0,1.80,2.16,0.50,2.20,,,,,,,/789,,wiemejo01
882,José Buttó,26,NYM,NL,30,7,0,74.0,10,5,5,0,1,1.000,,,2,5,1.22,1.36,0.33,1.34,,,,,,,1,,buttojo01
883,Joe Ross,31,MIL,NL,25,10,0,74.0,8,5,3,0,0,1.000,,,0,0,0.97,1.36,0.32,1.34,,,,,,,1,,rossjo01
884,Merrill Kelly,35,ARI,NL,13,13,0,73.2,16,9,5,2,0,.875,,,-2,-5,1.71,1.36,1.08,1.34,,,,,,,1,,kellyme01
885,Victor Vodnik,24,COL,NL,64,0,0,73.2,14,9,5,0,0,1.000,,,-2,-5,1.71,1.36,0.22,1.34,,,,,,,1,,vodnivi01
886,Jason Adam,32,2TM,2LG,74,0,0,73.2,11,4,7,0,1,1.000,,,-2,-5,1.34,1.32,0.15,1.31,,,,,,,1,,adamja01
887,Jason Adam,32,TBR,AL,47,0,0,47.0,9,2,7,0,1,1.000,,,-1,-4,1.72,1.30,0.19,1.29,,,,,,,1,,adamja01
888,Jason Adam,32,SDP,NL,27,0,0,26.2,2,2,0,0,0,1.000,,,-1,-8,0.68,1.35,0.07,1.34,,,,,,,1,,adamja01
889,Jared Shuster,25,CHW,AL,39,4,0,73.1,11,6,4,1,0,.909,,,0,0,1.23,1.31,0.26,1.29,,,,,,,1,,shustja01
890,Hunter Strickland,35,LAA,AL,72,0,0,73.1,5,2,3,0,0,1.000,,,0,0,0.61,1.31,0.07,1.29,,,,,,,1,,strichu01
891,Tristan Gray,28,2TM,2LG,13,7,6,73.0,45,29,16,0,4,1.000,2,26,3,49,5.55,5.62,3.21,5.21,,,,,,,/35H,,graytr01
892,Tristan Gray,28,MIA,NL,5,1,1,15.0,10,1,9,0,0,1.000,2,136,1,80,6.00,2.58,2.00,2.52,,,,,,,/5H,,graytr01
893,Tristan Gray,28,OAK,AL,8,6,5,58.0,35,28,7,0,4,1.000,0,-2,2,41,5.43,6.41,3.89,6.70,,,,,,,/35H,,graytr01
894,Justin Martínez,22,ARI,NL,64,0,0,72.2,9,1,7,1,0,.889,,,-1,-3,0.99,1.36,0.13,1.34,,,,,,,1,,martiju01
895,Hogan Harris,27,OAK,AL,21,9,0,72.1,7,1,5,1,0,.857,,,0,0,0.75,1.31,0.29,1.29,,,,,,,1,,harriho03
896,Trent Thornton,30,SEA,AL,71,0,0,72.1,10,3,6,1,0,.900,,,0,0,1.12,1.31,0.13,1.29,,,,,,,1,,thorntr01
897,Tanner Banks,32,2TM,2LG,63,2,0,72.1,11,0,8,3,0,.727,,,-2,-6,1.00,1.33,0.13,1.31,,,,,,,1,,banksta01
898,Tanner Banks,32,CHW,AL,41,1,0,48.0,9,0,6,3,0,.667,,,-1,-4,1.13,1.31,0.15,1.29,,,,,,,1,,banksta01
899,Tanner Banks,32,PHI,NL,22,1,0,24.1,2,0,2,0,0,1.000,,,-1,-8,0.74,1.37,0.09,1.34,,,,,,,1,,banksta01
900,Hayden Birdsong,22,SFG,NL,16,16,0,72.0,12,7,4,1,0,.917,,,0,0,1.38,1.36,0.69,1.34,,,,,,,1,,birdsha01
901,David Robertson,39,TEX,AL,68,0,0,72.0,11,3,8,0,0,1.000,,,1,3,1.38,1.31,0.16,1.29,,,,,,,1,,roberda08
902,Tanner Scott,29,2TM,NL,72,0,0,72.0,12,5,5,2,0,.833,,,-2,-6,1.25,1.36,0.14,1.34,,,,,,,1,AS,scottta01
903,Tanner Scott,29,MIA,NL,44,0,0,45.2,5,2,2,1,0,.800,,,-2,-9,0.79,1.36,0.09,1.34,,,,,,,1,,scottta01
904,Tanner Scott,29,SDP,NL,28,0,0,26.1,7,3,3,1,0,.857,,,0,0,2.05,1.37,0.21,1.34,,,,,,,1,,scottta01
905,Dennis Santana,28,2TM,2LG,62,0,0,71.2,12,6,6,0,2,1.000,,,0,0,1.51,1.34,0.19,1.32,,,,,,,1,,santade01
906,Dennis Santana,28,NYY,AL,23,0,0,27.1,4,2,2,0,1,1.000,,,-2,-15,1.32,1.32,0.17,1.29,,,,,,,1,,santade01
907,Dennis Santana,28,PIT,NL,39,0,0,44.1,8,4,4,0,1,1.000,,,2,9,1.62,1.36,0.21,1.34,,,,,,,1,,santade01
908,Ty Blach,33,COL,NL,20,12,0,71.1,19,5,14,0,2,1.000,,,4,11,2.40,1.36,0.95,1.34,,,,,,,1,,blachty01
909,Cole Sands,26,MIN,AL,62,0,0,71.1,10,5,4,1,0,.900,,,-1,-3,1.14,1.31,0.15,1.29,,,,,,,1,,sandsco01
910,A.J. Puk,29,2TM,NL,62,4,0,71.1,7,2,5,0,1,1.000,,,1,3,0.88,1.35,0.11,1.34,,,,,,,1,,pukaj01
911,A.J. Puk,29,MIA,NL,32,4,0,44.0,6,2,4,0,1,1.000,,,1,5,1.23,1.35,0.19,1.34,,,,,,,1,,pukaj01
912,A.J. Puk,29,ARI,NL,30,0,0,27.1,1,0,1,0,0,1.000,,,0,0,0.33,1.35,0.03,1.34,,,,,,,1,,pukaj01
913,Alexander Canario,24,CHC,NL,14,7,4,71.0,24,24,0,0,0,1.000,1,17,2,34,3.04,2.21,1.71,2.18,,,,,,,7/9HD,,canaral01
914,Buck Farmer,33,CIN,NL,61,1,0,71.0,6,3,3,0,0,1.000,,,-1,-3,0.76,1.36,0.10,1.34,,,,,,,1,,farmebu01
915,Josh Hader,30,HOU,AL,71,0,0,71.0,9,3,6,0,0,1.000,,,2,6,1.14,1.31,0.13,1.29,,,,,,,1,,haderjo01
916,Griffin Jax,29,MIN,AL,72,0,0,71.0,10,4,6,0,0,1.000,,,1,3,1.27,1.31,0.14,1.29,,,,,,,1,,jaxgr01
917,Nacho Alvarez Jr.,21,ATL,NL,8,8,8,70.2,21,8,13,0,3,1.000,0,-7,-1,-17,2.67,3.96,2.63,3.89,,,,,,,/45,,alvarna01
918,Kevin Kelly,26,TBR,AL,68,0,0,70.2,15,4,11,0,0,1.000,,,0,0,1.91,1.31,0.22,1.29,,,,,,,1,,kellyke02
919,Andrew Kittredge,34,STL,NL,74,0,0,70.2,11,3,7,1,1,.909,,,-2,-6,1.27,1.36,0.14,1.34,,,,,,,1,,kittran01
920,Declan Cronin,26,MIA,NL,56,0,0,70.1,8,4,3,1,0,.875,,,-5,-14,0.90,1.36,0.13,1.34,,,,,,,1,,cronide01
921,Tyler Rogers,33,SFG,NL,77,0,0,70.1,15,5,9,1,1,.933,,,-2,-6,1.79,1.36,0.18,1.34,,,,,,,1,,rogerty01
922,Will Vest,29,DET,AL,69,0,0,70.1,11,4,7,0,0,1.000,,,1,3,1.41,1.31,0.16,1.29,,,,,,,1,,vestwi01
923,Kevin Ginkel,30,ARI,NL,72,0,0,70.0,8,4,4,0,0,1.000,,,0,0,1.03,1.36,0.11,1.34,,,,,,,1,,ginkeke01
924,César Salazar,28,HOU,AL,10,7,5,70.0,89,83,4,2,0,.978,0,0,0,0,11.19,9.15,8.70,9.03,1,3,4,1,20.0,0,2/DH,,salazce01
925,Jalen Beeks,30,2TM,NL,71,0,0,70.0,11,3,7,1,1,.909,,,0,0,1.29,1.35,0.14,1.34,,,,,,,1,,beeksja02
926,Jalen Beeks,30,COL,NL,45,0,0,49.1,7,2,5,0,0,1.000,,,1,4,1.28,1.35,0.16,1.34,,,,,,,1,,beeksja02
927,Jalen Beeks,30,PIT,NL,26,0,0,20.2,4,1,2,1,1,.750,,,-1,-10,1.31,1.35,0.12,1.34,,,,,,,1,,beeksja02
928,Adrian Houser,31,NYM,NL,23,7,0,69.1,15,4,11,0,1,1.000,,,3,9,1.95,1.36,0.65,1.34,,,,,,,1,,housead01
929,Raisel Iglesias,34,ATL,NL,66,0,0,69.1,15,4,11,0,1,1.000,,,2,6,1.95,1.36,0.23,1.34,,,,,,,1,,iglesra01
930,Austin Shenton,26,TBR,AL,10,8,7,69.1,65,62,3,0,3,1.000,0,2,0,0,8.44,8.02,6.50,7.92,,,,,,,3/HD,,shentau01
931,Jahmai Jones,26,NYY,AL,19,5,4,69.0,25,16,8,1,1,.960,1,10,0,0,3.13,2.79,1.26,2.53,,,,,,,H/9D745,,jonesja08
932,Landon Knack,26,LAD,NL,15,12,0,69.0,8,7,1,0,0,1.000,,,-2,-6,1.04,1.36,0.53,1.34,,,,,,,1,,knackla01
933,Valente Bellozo,24,MIA,NL,13,13,0,68.2,9,4,5,0,0,1.000,,,1,3,1.18,1.36,0.69,1.34,,,,,,,1,,bellova01
934,Joe Jiménez,29,ATL,NL,69,0,0,68.2,6,2,3,1,0,.833,,,0,0,0.66,1.36,0.07,1.34,,,,,,,1,,jimenjo02
935,Tayler Scott,32,HOU,AL,62,1,0,68.2,16,11,5,0,0,1.000,,,1,3,2.10,1.31,0.26,1.29,,,,,,,1,,scottta02
936,Dylan Floro,33,2TM,NL,66,0,0,68.2,12,6,6,0,0,1.000,,,-1,-3,1.57,1.36,0.18,1.34,,,,,,,1,,florody01
937,Dylan Floro,33,WSN,NL,51,0,0,52.1,8,3,5,0,0,1.000,,,0,0,1.38,1.36,0.16,1.34,,,,,,,1,,florody01
938,Dylan Floro,33,ARI,NL,15,0,0,16.1,4,3,1,0,0,1.000,,,-1,-12,2.20,1.38,0.27,1.34,,,,,,,1,,florody01
939,Grant Holmes,28,ATL,NL,26,7,0,68.1,9,3,6,0,1,1.000,,,-1,-3,1.19,1.36,0.35,1.34,,,,,,,1,,holmegr01
940,Roansy Contreras,24,2TM,2LG,49,3,0,68.1,10,3,6,1,0,.900,,,0,0,1.19,1.33,0.18,1.30,,,,,,,1,,contrro01
941,Roansy Contreras,24,PIT,NL,12,0,0,16.1,2,2,0,0,0,1.000,,,0,0,1.10,1.38,0.17,1.34,,,,,,,1,,contrro01
942,Roansy Contreras,24,LAA,AL,37,3,0,52.0,8,1,6,1,0,.875,,,0,0,1.21,1.32,0.19,1.29,,,,,,,1,,contrro01
943,Beau Brieske,26,DET,AL,46,12,0,67.2,11,3,8,0,1,1.000,,,2,6,1.46,1.32,0.24,1.29,,,,,,,1,,briesbe01
944,Hayden Wesneski,26,CHC,NL,28,7,0,67.2,17,8,7,2,1,.882,,,-1,-3,2.00,1.36,0.54,1.34,,,,,,,1,,wesneha01
945,Michael Kopech,28,2TM,2LG,67,0,0,67.2,9,6,2,1,0,.889,,,-2,-6,1.06,1.33,0.12,1.31,,,,,,,1,,kopecmi01
946,Michael Kopech,28,CHW,AL,43,0,0,43.2,5,3,2,0,0,1.000,,,-1,-5,1.03,1.32,0.12,1.29,,,,,,,1,,kopecmi01
947,Michael Kopech,28,LAD,NL,24,0,0,24.0,4,3,0,1,0,.750,,,-1,-8,1.13,1.35,0.13,1.34,,,,,,,1,,kopecmi01
948,Trenton Brooks,28,SFG,NL,9,8,4,67.1,63,61,2,0,8,1.000,0,-2,0,0,8.42,8.29,7.00,8.18,,,,,,,/3HD,,brooktr01
949,Erik Miller,26,SFG,NL,73,10,0,67.1,6,0,5,1,0,.833,,,0,0,0.67,1.36,0.07,1.34,,,,,,,1,,milleer01
950,Joey Wentz,26,2TM,2LG,46,1,0,67.1,9,3,5,1,0,.889,,,-2,-6,1.07,1.31,0.17,1.30,,,,,,,1,,wentzjo01
951,Joey Wentz,26,DET,AL,38,1,0,55.1,7,3,3,1,0,.857,,,-2,-7,0.98,1.30,0.16,1.29,,,,,,,1,,wentzjo01
952,Joey Wentz,26,PIT,NL,8,0,0,12.0,2,0,2,0,0,1.000,,,0,0,1.50,1.35,0.25,1.34,,,,,,,/1,,wentzjo01
953,Tim Hill,34,2TM,AL,62,0,0,67.0,27,4,21,2,1,.926,,,0,0,3.36,1.30,0.40,1.29,,,,,,,1,,hillti01
954,Tim Hill,34,CHW,AL,27,0,0,23.0,8,1,5,2,0,.750,,,-1,-9,2.35,1.29,0.22,1.29,,,,,,,1,,hillti01
955,Tim Hill,34,NYY,AL,35,0,0,44.0,19,3,16,0,1,1.000,,,1,5,3.89,1.31,0.54,1.29,,,,,,,1,,hillti01
956,Jakob Junis,31,2TM,NL,24,6,0,67.0,6,2,4,0,2,1.000,,,1,3,0.81,1.36,0.25,1.34,,,,,,,1,,junisja01
957,Jakob Junis,31,MIL,NL,10,1,0,26.0,4,2,2,0,1,1.000,,,0,0,1.38,1.35,0.40,1.34,,,,,,,1,,junisja01
958,Jakob Junis,31,CIN,NL,14,5,0,41.0,2,0,2,0,1,1.000,,,1,5,0.44,1.36,0.14,1.34,,,,,,,1,,junisja01
959,Fernando Cruz,34,CIN,NL,69,3,0,66.2,9,2,7,0,0,1.000,,,1,3,1.22,1.36,0.13,1.34,,,,,,,1,,cruzfe01
960,Ryan Fernandez,26,STL,NL,62,0,0,66.2,11,5,6,0,0,1.000,,,-1,-3,1.49,1.36,0.18,1.34,,,,,,,1,,fernary01
961,José Leclerc,30,TEX,AL,64,0,0,66.2,8,2,5,1,1,.875,,,0,0,0.95,1.31,0.11,1.29,,,,,,,1,,leclejo01
962,Jesús Luzardo,26,MIA,NL,12,12,0,66.2,13,3,10,0,0,1.000,,,2,6,1.76,1.36,1.08,1.34,,,,,,,1,,luzarje01
963,Trevor Williams,32,WSN,NL,13,13,0,66.2,7,2,5,0,0,1.000,,,2,6,0.95,1.36,0.54,1.34,,,,,,,1,,willitr01
964,Shawn Armstrong,33,3TM,2LG,57,7,0,66.2,4,0,4,0,1,1.000,,,-3,-9,0.54,1.32,0.07,1.31,,,,,,,1,,armstsh01
965,Shawn Armstrong,33,2TM,NL,19,0,0,20.0,1,0,1,0,1,1.000,,,-1,-10,0.45,1.35,0.05,1.34,,,,,,,1,,armstsh01
966,Shawn Armstrong,33,TBR,AL,38,7,0,46.2,3,0,3,0,0,1.000,,,-2,-9,0.58,1.31,0.08,1.29,,,,,,,1,,armstsh01
967,Shawn Armstrong,33,STL,NL,11,0,0,12.2,0,0,0,0,0,,,,-1,-16,0.00,1.35,0.00,1.34,,,,,,,1,,armstsh01
968,Shawn Armstrong,33,CHC,NL,8,0,0,7.1,1,0,1,0,1,1.000,,,0,0,1.23,1.35,0.13,1.34,,,,,,,/1,,armstsh01
969,Ryan Helsley,29,STL,NL,65,0,0,66.1,9,6,3,0,2,1.000,,,0,0,1.22,1.36,0.14,1.34,,,,,,,1,ASCYA-9,helslry01
970,Jeff Hoffman,31,PHI,NL,68,0,0,66.1,10,9,1,0,0,1.000,,,-2,-6,1.36,1.36,0.15,1.34,,,,,,,1,AS,hoffmje02
971,Ryan Thompson,32,ARI,NL,67,0,0,66.1,21,7,13,1,1,.952,,,-1,-3,2.71,1.36,0.30,1.34,,,,,,,1,,thompry02
972,Alex Vesia,28,LAD,NL,67,0,0,66.1,8,1,6,1,1,.875,,,1,3,0.95,1.36,0.10,1.34,,,,,,,1,,vesiaal01
973,Nate Pearson,27,2TM,2LG,60,1,0,66.1,1,1,0,0,0,1.000,,,-2,-6,0.14,1.33,0.02,1.31,,,,,,,1,,pearsna01
974,Nate Pearson,27,TOR,AL,41,0,0,40.0,1,1,0,0,0,1.000,,,-2,-10,0.23,1.31,0.02,1.29,,,,,,,1,,pearsna01
975,Nate Pearson,27,CHC,NL,19,1,0,26.1,0,0,0,0,0,,,,0,0,0.00,1.37,0.00,1.34,,,,,,,1,,pearsna01
976,Jacob Barnes,34,WSN,NL,63,0,0,66.0,9,6,2,1,0,.889,,,-2,-6,1.09,1.36,0.13,1.34,,,,,,,1,,barneja01
977,Tim Herrin,27,CLE,AL,75,0,0,65.2,20,2,17,1,2,.950,,,4,12,2.60,1.32,0.25,1.29,,,,,,,1,,herriti01
978,Brent Suter,34,CIN,NL,47,3,0,65.2,18,7,10,1,0,.944,,,2,6,2.33,1.36,0.36,1.34,,,,,,,1,,suterbr01
979,Jack Kochanowicz,23,LAA,AL,11,11,0,65.1,10,3,7,0,1,1.000,,,1,3,1.38,1.31,0.91,1.29,,,,,,,1,,kochaja01
980,Trevor Richards,31,2TM,AL,55,2,0,65.1,7,2,2,3,0,.571,,,0,0,0.55,1.31,0.07,1.29,,,,,,,1,,richatr01
981,Trevor Richards,31,TOR,AL,45,2,0,52.1,5,1,2,2,0,.600,,,1,4,0.52,1.31,0.07,1.29,,,,,,,1,,richatr01
982,Trevor Richards,31,MIN,AL,10,0,0,13.0,2,1,0,1,0,.500,,,-1,-15,0.69,1.32,0.10,1.29,,,,,,,1,,richatr01
983,Mason Miller,25,OAK,AL,55,0,0,65.0,3,2,1,0,0,1.000,,,-1,-3,0.42,1.32,0.05,1.29,,,,,,,1,ASROY-4,millema03
984,Blake Sabol,26,SFG,NL,8,7,5,65.0,70,66,1,3,0,.957,-3,-55,0,0,9.28,9.06,8.38,8.94,0,5,11,0,0.0,0,/2DH,,sabolbl01
985,Robert Suarez,33,SDP,NL,65,0,0,65.0,7,5,2,0,0,1.000,,,1,3,0.97,1.36,0.11,1.34,,,,,,,1,AS,suarero01
986,Hoby Milner,33,MIL,NL,61,1,0,64.2,23,11,12,0,0,1.000,,,4,12,3.20,1.36,0.38,1.34,,,,,,,1,,milneho01
987,David Festa,24,MIN,AL,14,13,0,64.1,5,1,4,0,0,1.000,,,-1,-3,0.70,1.32,0.36,1.29,,,,,,,1,,festada01
988,Tyler Kinley,33,COL,NL,67,0,0,64.0,10,2,7,1,0,.900,,,-1,-3,1.27,1.36,0.13,1.34,,,,,,,1,,kinlety01
989,Enyel De Los Santos,28,3TM,2LG,64,0,0,64.0,8,3,4,1,0,.875,,,0,0,0.98,1.34,0.11,1.33,,,,,,,1,,delosen01
990,Enyel De Los Santos,28,2TM,AL,20,0,0,23.2,6,2,4,0,0,1.000,,,2,17,2.28,1.29,0.30,1.30,,,,,,,1,,delosen01
991,Enyel De Los Santos,28,SDP,NL,44,0,0,40.1,2,1,0,1,0,.500,,,-2,-10,0.22,1.36,0.02,1.34,,,,,,,1,,delosen01
992,Enyel De Los Santos,28,NYY,AL,5,0,0,6.1,1,1,0,0,0,1.000,,,0,0,1.42,1.28,0.20,1.30,,,,,,,/1,,delosen01
993,Enyel De Los Santos,28,CHW,AL,15,0,0,17.1,5,1,4,0,0,1.000,,,2,23,2.60,1.30,0.33,1.29,,,,,,,1,,delosen01
994,Phil Maton,31,2TM,2LG,71,0,0,64.0,9,2,7,0,0,1.000,,,0,0,1.27,1.32,0.13,1.31,,,,,,,1,,matonph01
995,Phil Maton,31,TBR,AL,40,0,0,35.1,4,0,4,0,0,1.000,,,0,0,1.02,1.30,0.10,1.29,,,,,,,1,,matonph01
996,Phil Maton,31,NYM,NL,31,0,0,28.2,5,2,3,0,0,1.000,,,0,0,1.57,1.35,0.16,1.34,,,,,,,1,,matonph01
997,Kyle Finnegan,32,WSN,NL,65,0,0,63.2,5,0,5,0,1,1.000,,,-2,-6,0.71,1.36,0.08,1.34,,,,,,,1,AS,finneky01
998,Adrián Morejón,25,SDP,NL,60,0,0,63.2,6,1,5,0,0,1.000,,,-3,-9,0.85,1.36,0.10,1.34,,,,,,,1,,morejad01
999,Osvaldo Bido,28,OAK,AL,16,9,0,63.1,9,3,5,1,0,.889,,,-1,-3,1.14,1.31,0.50,1.29,,,,,,,1,,bidoos01
1000,Jesse Chavez,40,ATL,NL,46,0,0,63.1,11,2,8,1,0,.909,,,0,0,1.42,1.36,0.22,1.34,,,,,,,1,,chaveje01
1001,Greg Weissert,29,BOS,AL,62,0,0,63.1,11,4,7,0,1,1.000,,,1,3,1.56,1.31,0.18,1.29,,,,,,,1,,weissgr01
1002,Clay Holmes,31,NYY,AL,67,0,0,63.0,10,6,4,0,0,1.000,,,-2,-6,1.43,1.31,0.15,1.29,,,,,,,1,AS,holmecl01
1003,Daniel Hudson,37,LAD,NL,65,0,0,63.0,7,4,3,0,0,1.000,,,0,0,1.00,1.36,0.11,1.34,,,,,,,1,,hudsoda01
1004,Orion Kerkering,23,PHI,NL,64,2,0,63.0,4,3,1,0,0,1.000,,,-1,-3,0.57,1.36,0.06,1.34,,,,,,,1,,kerkeor01
1005,Génesis Cabrera,27,TOR,AL,69,0,0,62.2,6,3,3,0,0,1.000,,,-2,-6,0.86,1.31,0.09,1.29,,,,,,,1,,cabrege01
1006,Yuki Matsui,28,SDP,NL,64,0,0,62.2,6,1,4,1,0,.833,,,-1,-3,0.72,1.36,0.08,1.34,,,,,,,1,,matsuyu01
1007,Matt Strahm,32,PHI,NL,66,0,0,62.2,3,1,2,0,0,1.000,,,1,3,0.43,1.36,0.05,1.34,,,,,,,1,AS,strahma01
1008,Donovan Walton,30,SFG,NL,9,6,6,62.2,26,10,16,0,1,1.000,0,-8,1,19,3.73,4.12,2.89,3.78,,,,,,,/41H,,waltodo01
1009,Bryan Hudson,27,MIL,NL,43,0,0,62.1,10,5,5,0,0,1.000,,,1,3,1.44,1.36,0.23,1.34,,,,,,,1,,hudsobr01
1010,Jared Koenig,30,MIL,NL,55,6,0,62.0,7,0,5,2,0,.714,,,-1,-3,0.73,1.36,0.09,1.34,,,,,,,1,,koenija01
1011,Tyson Miller,28,2TM,2LG,58,0,0,62.0,5,3,2,0,0,1.000,,,-1,-3,0.73,1.35,0.09,1.33,,,,,,,1,,millety01
1012,Tyson Miller,28,SEA,AL,9,0,0,11.2,1,1,0,0,0,1.000,,,0,0,0.77,1.31,0.11,1.29,,,,,,,/1,,millety01
1013,Tyson Miller,28,CHC,NL,49,0,0,50.1,4,2,2,0,0,1.000,,,-1,-4,0.72,1.36,0.08,1.34,,,,,,,1,,millety01
1014,José Alvarado,29,PHI,NL,66,0,0,61.2,4,2,2,0,0,1.000,,,-3,-10,0.58,1.36,0.06,1.34,,,,,,,1,,alvarjo03
1015,Aroldis Chapman,36,PIT,NL,68,0,0,61.2,9,2,7,0,0,1.000,,,0,0,1.31,1.36,0.13,1.34,,,,,,,1,,chapmar01
1016,Kirby Yates,37,TEX,AL,61,0,0,61.2,11,4,6,1,0,.909,,,0,0,1.46,1.31,0.16,1.29,,,,,,,1,ASCYA-8,yateski01
1017,Lucas Erceg,29,2TM,AL,61,0,0,61.2,13,5,7,1,2,.923,,,0,0,1.75,1.30,0.20,1.29,,,,,,,1,,erceglu01
1018,Lucas Erceg,29,OAK,AL,38,0,0,36.2,10,5,5,0,2,1.000,,,1,5,2.45,1.30,0.26,1.29,,,,,,,1,,erceglu01
1019,Lucas Erceg,29,KCR,AL,23,0,0,25.0,3,0,2,1,0,.667,,,-1,-8,0.72,1.30,0.09,1.29,,,,,,,1,,erceglu01
1020,Peter Lambert,27,COL,NL,28,3,0,61.1,14,5,7,2,2,.857,,,0,0,1.76,1.36,0.43,1.34,,,,,,,1,,lambepe01
1021,Jeremiah Estrada,25,SDP,NL,62,0,0,61.0,4,1,2,1,0,.750,,,-1,-3,0.44,1.36,0.05,1.34,,,,,,,1,,estraje01
1022,Austin Voth,32,SEA,AL,68,0,0,61.0,13,10,2,1,0,.923,,,0,0,1.77,1.31,0.18,1.29,,,,,,,1,,vothau01
1023,Emerson Hancock,25,SEA,AL,12,12,0,60.2,13,9,2,2,0,.846,,,0,0,1.63,1.31,0.92,1.29,,,,,,,1,,hancoem01
1024,Ehire Adrianza,34,LAA,AL,8,6,6,60.0,14,2,12,0,2,1.000,1,18,1,20,2.10,2.91,1.75,2.80,,,,,,,/54H,,adriaeh01
1025,Yennier Cano,30,BAL,AL,70,0,0,60.0,15,6,9,0,1,1.000,,,3,10,2.25,1.31,0.21,1.29,,,,,,,1,,canoye01
1026,Garrett Cleavinger,30,TBR,AL,68,0,0,60.0,6,0,6,0,0,1.000,,,-4,-13,0.90,1.31,0.09,1.29,,,,,,,1,,cleavga01
1027,Jason Foley,28,DET,AL,69,0,0,60.0,6,1,5,0,1,1.000,,,-1,-3,0.90,1.31,0.09,1.29,,,,,,,1,,foleyja01
1028,John King,29,STL,NL,56,0,0,60.0,19,6,12,1,0,.947,,,-1,-3,2.70,1.37,0.32,1.34,,,,,,,1,,kingjo01
1029,Taylor Rogers,33,SFG,NL,64,0,0,60.0,9,2,6,1,0,.889,,,1,3,1.20,1.37,0.13,1.34,,,,,,,1,,rogerta01
1030,Robert Garcia,28,WSN,NL,72,0,0,59.2,4,0,3,1,1,.750,,,-1,-3,0.45,1.36,0.04,1.34,,,,,,,1,,garciro04
1031,Justin Lawrence,29,COL,NL,56,0,0,59.2,15,4,11,0,1,1.000,,,0,0,2.26,1.36,0.27,1.34,,,,,,,1,,lawreju01
1032,Dylan Lee,29,ATL,NL,52,0,0,59.2,6,1,5,0,0,1.000,,,2,7,0.91,1.36,0.12,1.34,,,,,,,1,,leedy01
1033,Joe Mantiply,33,ARI,NL,75,2,0,59.2,12,4,7,1,1,.917,,,-2,-7,1.66,1.36,0.15,1.34,,,,,,,1,,mantijo01
1034,Anthony Molina,22,COL,NL,35,1,0,59.2,12,8,4,0,0,1.000,,,-1,-3,1.81,1.36,0.34,1.34,,,,,,,1,,molinan01
1035,Bryce Jarvis,26,ARI,NL,44,0,0,59.1,8,3,5,0,0,1.000,,,1,3,1.21,1.37,0.18,1.34,,,,,,,1,,jarvibr01
1036,Andrés Muñoz,25,SEA,AL,60,0,0,59.1,9,0,8,1,0,.889,,,0,0,1.21,1.30,0.13,1.29,,,,,,,1,AS,munozan01
1037,Hector Neris,35,2TM,2LG,62,0,0,59.1,10,4,4,2,0,.800,,,-2,-7,1.21,1.33,0.13,1.33,,,,,,,1,,nerishe01
1038,Hector Neris,35,CHC,NL,46,0,0,44.0,9,4,4,1,0,.889,,,-1,-5,1.64,1.35,0.17,1.34,,,,,,,1,,nerishe01
1039,Hector Neris,35,HOU,AL,16,0,0,15.1,1,0,0,1,0,.000,,,-1,-13,0.00,1.29,0.00,1.29,,,,,,,1,,nerishe01
1040,Camilo Doval,26,SFG,NL,62,0,0,59.0,15,7,6,2,2,.867,,,-2,-7,1.98,1.36,0.21,1.34,,,,,,,1,,dovalca01
1041,Grae Kessinger,26,HOU,AL,18,4,3,59.0,30,17,12,1,4,.967,0,6,0,0,4.42,3.58,1.61,3.38,,,,,,,/H546D13,,kessigr01
1042,Joel Payamps,30,MIL,NL,68,0,0,59.0,6,1,3,2,0,.667,,,0,0,0.61,1.36,0.06,1.34,,,,,,,1,,payamjo01
1043,JoJo Romero,27,STL,NL,65,0,0,59.0,6,0,6,0,0,1.000,,,2,7,0.92,1.36,0.09,1.34,,,,,,,1,,romerjo01
1044,Cal Stevenson,27,PHI,NL,16,6,3,59.0,24,23,1,0,0,1.000,-1,-14,-1,-20,3.66,2.21,1.50,2.18,,,,,,,8/H97,,steveca01
1045,Luis García,37,2TM,AL,60,0,0,59.0,6,3,3,0,0,1.000,,,-2,-7,0.92,1.31,0.10,1.29,,,,,,,1,,garcilu03
1046,Luis García,37,LAA,AL,45,0,0,43.2,4,3,1,0,0,1.000,,,-2,-9,0.82,1.32,0.09,1.29,,,,,,,1,,garcilu03
1047,Luis García,37,BOS,AL,15,0,0,15.1,2,0,2,0,0,1.000,,,0,0,1.17,1.29,0.13,1.29,,,,,,,1,,garcilu03
1048,Drew Smyly,35,CHC,NL,50,0,0,58.2,7,3,3,1,0,.857,,,-2,-7,0.92,1.37,0.12,1.34,,,,,,,1,,smylydr01
1049,Seranthony Domínguez,29,2TM,2LG,63,0,0,58.2,11,6,5,0,0,1.000,,,-1,-3,1.69,1.33,0.17,1.32,,,,,,,1,,dominse01
1050,Seranthony Domínguez,29,PHI,NL,38,0,0,36.0,5,3,2,0,0,1.000,,,-2,-11,1.25,1.35,0.13,1.34,,,,,,,1,,dominse01
1051,Seranthony Domínguez,29,BAL,AL,25,0,0,22.2,6,3,3,0,0,1.000,,,1,9,2.38,1.31,0.24,1.29,,,,,,,1,,dominse01
1052,Jorge Alcala,28,MIN,AL,54,0,0,58.1,10,4,6,0,0,1.000,,,-2,-7,1.54,1.31,0.19,1.29,,,,,,,1,,alcaljo01
1053,Chris Stratton,33,KCR,AL,57,0,0,58.1,12,2,10,0,1,1.000,,,3,10,1.85,1.31,0.21,1.29,,,,,,,1,,stratch01
1054,Chase Anderson,36,2TM,AL,29,1,0,58.1,7,5,2,0,0,1.000,,,-1,-3,1.08,1.31,0.24,1.29,,,,,,,1,,anderch01
1055,Chase Anderson,36,BOS,AL,27,1,0,52.0,5,4,1,0,0,1.000,,,-1,-4,0.87,1.32,0.19,1.29,,,,,,,1,,anderch01
1056,Chase Anderson,36,TEX,AL,2,0,0,6.1,2,1,1,0,0,1.000,,,0,0,2.84,1.28,1.00,1.30,,,,,,,/1,,anderch01
1057,Mike Baumann,28,5TM,2LG,57,0,0,58.1,12,7,3,2,0,.833,,,-2,-7,1.54,1.34,0.18,1.30,,,,,,,1,,baumami01
1058,Mike Baumann,28,3TM,AL,45,0,0,44.0,9,5,2,2,0,.778,,,-2,-9,1.43,1.33,0.16,1.29,,,,,,,1,,baumami01
1059,Mike Baumann,28,2TM,NL,12,0,0,14.1,3,2,1,0,0,1.000,,,0,0,1.88,1.38,0.25,1.33,,,,,,,1,,baumami01
1060,Mike Baumann,28,BAL,AL,17,0,0,18.1,5,2,2,1,0,.800,,,0,0,1.96,1.33,0.24,1.29,,,,,,,1,,baumami01
1061,Mike Baumann,28,SEA,AL,18,0,0,16.1,2,1,0,1,0,.500,,,-1,-12,0.55,1.32,0.06,1.29,,,,,,,1,,baumami01
1062,Mike Baumann,28,SFG,NL,1,0,0,0.2,0,0,0,0,0,,,,0,0,0.00,1.35,0.00,1.30,,,,,,,/1,,baumami01
1063,Mike Baumann,28,LAA,AL,10,0,0,9.1,2,2,0,0,0,1.000,,,-1,-21,1.93,1.35,0.20,1.29,,,,,,,1,,baumami01
1064,Mike Baumann,28,MIA,NL,11,0,0,13.2,3,2,1,0,0,1.000,,,0,0,1.98,1.38,0.27,1.34,,,,,,,1,,baumami01
1065,Mark Leiter Jr.,33,2TM,2LG,60,0,0,58.0,6,1,4,1,0,.833,,,0,0,0.78,1.35,0.08,1.32,,,,,,,1,,leitema02
1066,Mark Leiter Jr.,33,CHC,NL,39,0,0,36.1,3,1,2,0,0,1.000,,,-1,-6,0.74,1.36,0.08,1.34,,,,,,,1,,leitema02
1067,Mark Leiter Jr.,33,NYY,AL,21,0,0,21.2,3,0,2,1,0,.667,,,1,9,0.83,1.33,0.10,1.29,,,,,,,1,,leitema02
1068,David Bednar,29,PIT,NL,62,0,0,57.2,6,4,2,0,0,1.000,,,-3,-10,0.94,1.36,0.10,1.34,,,,,,,1,,bednada01
1069,Nick Sandlin,27,CLE,AL,68,1,0,57.2,10,1,9,0,1,1.000,,,2,7,1.56,1.31,0.15,1.29,,,,,,,1,,sandlni01
1070,Nick Mears,27,2TM,NL,54,0,0,57.2,4,0,4,0,0,1.000,,,-1,-3,0.62,1.36,0.07,1.34,,,,,,,1,,mearsni01
1071,Nick Mears,27,COL,NL,41,0,0,45.1,3,0,3,0,0,1.000,,,-1,-4,0.60,1.35,0.07,1.34,,,,,,,1,,mearsni01
1072,Nick Mears,27,MIL,NL,13,0,0,12.1,1,0,1,0,0,1.000,,,0,0,0.73,1.39,0.08,1.34,,,,,,,1,,mearsni01
1073,Alex Faedo,28,DET,AL,37,6,0,57.1,8,3,4,1,1,.875,,,1,3,1.10,1.30,0.19,1.29,,,,,,,1,,faedoal01
1074,Reed Garrett,31,NYM,NL,53,0,0,57.1,9,1,7,1,0,.889,,,1,3,1.26,1.37,0.15,1.34,,,,,,,1,,garrere01
1075,Max Meyer,25,MIA,NL,11,11,0,57.0,13,8,4,1,0,.923,,,0,0,1.89,1.36,1.09,1.34,,,,,,,1,,meyerma01
1076,Zack Kelly,29,BOS,AL,49,3,0,56.2,18,9,9,0,0,1.000,,,1,4,2.86,1.32,0.37,1.29,,,,,,,1,,kellyza01
1077,James McArthur,27,KCR,AL,57,0,0,56.2,14,4,9,1,0,.929,,,3,11,2.06,1.32,0.23,1.29,,,,,,,1,,mcartja01
1078,T.J. McFarland,35,OAK,AL,79,0,0,56.2,18,9,9,0,1,1.000,,,0,0,2.86,1.32,0.23,1.29,,,,,,,1,,mcfartj01
1079,Ryan Pressly,35,HOU,AL,59,0,0,56.2,11,5,6,0,1,1.000,,,0,0,1.75,1.32,0.19,1.29,,,,,,,1,,pressry01
1080,Jacob Webb,30,BAL,AL,60,0,0,56.2,8,2,6,0,0,1.000,,,0,0,1.27,1.32,0.13,1.29,,,,,,,1,,webbja01
1081,Alexis Díaz,27,CIN,NL,60,0,0,56.1,6,4,2,0,1,1.000,,,0,0,0.96,1.36,0.10,1.34,,,,,,,1,,diazal03
1082,Pierce Johnson,33,ATL,NL,58,0,0,56.1,11,2,9,0,1,1.000,,,1,4,1.76,1.36,0.19,1.34,,,,,,,1,,johnspi01
1083,Andrew Chafin,34,2TM,AL,62,0,0,56.1,5,3,2,0,0,1.000,,,0,0,0.80,1.31,0.08,1.29,,,,,,,1,,chafian01
1084,Andrew Chafin,34,DET,AL,41,0,0,37.0,3,3,0,0,0,1.000,,,0,0,0.73,1.31,0.07,1.29,,,,,,,1,,chafian01
1085,Andrew Chafin,34,TEX,AL,21,0,0,19.1,2,0,2,0,0,1.000,,,0,0,0.93,1.30,0.10,1.29,,,,,,,1,,chafian01
1086,Burch Smith,34,2TM,2LG,50,0,0,56.1,8,1,7,0,0,1.000,,,0,0,1.28,1.34,0.16,1.32,,,,,,,1,,smithbu03
1087,Burch Smith,34,MIA,NL,25,0,0,29.2,6,0,6,0,0,1.000,,,0,0,1.82,1.37,0.24,1.34,,,,,,,1,,smithbu03
1088,Burch Smith,34,BAL,AL,25,0,0,26.2,2,1,1,0,0,1.000,,,0,0,0.68,1.32,0.08,1.29,,,,,,,1,,smithbu03
1089,Bobby Miller,25,LAD,NL,13,13,0,56.0,4,2,2,0,0,1.000,,,0,0,0.64,1.37,0.31,1.34,,,,,,,1,,millebo06
1090,Adam Ottavino,38,NYM,NL,60,0,0,56.0,11,9,2,0,0,1.000,,,-3,-11,1.77,1.37,0.18,1.34,,,,,,,1,,ottavad01
1091,Shelby Miller,33,DET,AL,51,0,0,55.2,2,2,0,0,0,1.000,,,-1,-4,0.32,1.31,0.04,1.29,,,,,,,1,,millesh01
1092,Ben Brown,24,CHC,NL,15,8,0,55.1,5,4,1,0,0,1.000,,,-1,-4,0.81,1.37,0.33,1.34,,,,,,,1,,brownbe02
1093,Aaron Bummer,30,ATL,NL,56,0,0,55.1,12,1,10,1,0,.917,,,-4,-14,1.79,1.37,0.20,1.34,,,,,,,1,,bummeaa01
1094,Justin Slaten,26,BOS,AL,44,0,0,55.1,4,2,2,0,0,1.000,,,0,0,0.65,1.30,0.09,1.29,,,,,,,1,,slateju01
1095,Keaton Winn,26,SFG,NL,12,12,0,55.1,11,7,4,0,0,1.000,,,1,4,1.79,1.37,0.92,1.34,,,,,,,1,,winnke01
1096,John Brebbia,34,2TM,2LG,59,0,0,55.1,4,0,4,0,0,1.000,,,-1,-4,0.65,1.32,0.07,1.29,,,,,,,1,,brebbjo01
1097,John Brebbia,34,CHW,AL,54,0,0,48.2,3,0,3,0,0,1.000,,,-1,-4,0.55,1.31,0.06,1.29,,,,,,,1,,brebbjo01
1098,John Brebbia,34,ATL,NL,5,0,0,6.2,1,0,1,0,0,1.000,,,0,0,1.35,1.35,0.20,1.34,,,,,,,/1,,brebbjo01
1099,Ryne Stanek,32,2TM,2LG,63,0,0,55.1,6,5,1,0,0,1.000,,,0,0,0.98,1.33,0.10,1.30,,,,,,,1,,stanery01
1100,Ryne Stanek,32,SEA,AL,46,0,0,39.0,4,3,1,0,0,1.000,,,0,0,0.92,1.32,0.09,1.29,,,,,,,1,,stanery01
1101,Ryne Stanek,32,NYM,NL,17,0,0,16.1,2,2,0,0,0,1.000,,,0,0,1.10,1.38,0.12,1.34,,,,,,,1,,stanery01
1102,Scott Barlow,31,CLE,AL,63,0,0,55.0,9,4,5,0,0,1.000,,,-2,-7,1.47,1.31,0.14,1.29,,,,,,,1,,barlosc01
1103,Owen Miller,27,MIL,NL,11,7,3,55.0,57,51,6,0,6,1.000,0,-4,-1,-22,9.33,7.18,4.38,6.58,,,,,,,/3H415D,,milleow01
1104,Carlos Estévez,31,2TM,2LG,54,0,0,55.0,6,1,4,1,0,.833,,,0,0,0.82,1.33,0.09,1.31,,,,,,,1,,estevca01
1105,Carlos Estévez,31,LAA,AL,34,0,0,34.0,2,0,2,0,0,1.000,,,0,0,0.53,1.30,0.06,1.29,,,,,,,1,,estevca01
1106,Carlos Estévez,31,PHI,NL,20,0,0,21.0,4,1,2,1,0,.750,,,0,0,1.29,1.37,0.15,1.34,,,,,,,1,,estevca01
1107,Kenley Jansen,36,BOS,AL,54,0,0,54.2,2,1,1,0,0,1.000,,,-1,-4,0.33,1.32,0.04,1.29,,,,,,,1,,janseke01
1108,Pedro León,26,HOU,AL,6,6,6,54.2,7,7,0,0,0,1.000,-2,-50,0,0,1.15,2.27,1.17,2.23,,,,,,,/9H,,leonpe01
1109,Kyle Nicolas,25,PIT,NL,51,0,0,54.2,5,2,3,0,1,1.000,,,1,4,0.82,1.37,0.10,1.34,,,,,,,1,,nicolky01
1110,Evan Phillips,29,LAD,NL,61,0,0,54.2,9,4,4,1,0,.889,,,-1,-4,1.32,1.37,0.13,1.34,,,,,,,1,,phillev01
1111,Jhoan Duran,26,MIN,AL,58,0,0,54.1,20,8,11,1,0,.950,,,0,0,3.15,1.31,0.33,1.29,,,,,,,1,,duranjh01
1112,Spencer Turnbull,31,PHI,NL,17,7,0,54.1,10,7,3,0,0,1.000,,,-2,-7,1.66,1.36,0.59,1.34,,,,,,,1,,turnbsp01
1113,Caleb Ferguson,27,2TM,AL,62,0,0,54.1,7,4,3,0,0,1.000,,,-1,-4,1.16,1.31,0.11,1.29,,,,,,,1,,ferguca01
1114,Caleb Ferguson,27,NYY,AL,42,0,0,33.1,3,2,1,0,0,1.000,,,-1,-6,0.81,1.30,0.07,1.29,,,,,,,1,,ferguca01
1115,Caleb Ferguson,27,HOU,AL,20,0,0,21.0,4,2,2,0,0,1.000,,,0,0,1.71,1.33,0.20,1.29,,,,,,,1,,ferguca01
1116,Charles Leblanc,28,LAA,AL,10,6,3,54.0,30,17,12,1,3,.967,-1,-27,-1,-22,4.83,3.92,2.64,3.96,,,,,,,/543D,,leblach01
1117,Edwin Díaz,30,NYM,NL,54,0,0,53.2,5,1,3,1,0,.800,,,-5,-19,0.67,1.36,0.07,1.34,,,,,,,1,,diazed04
1118,Calvin Faucher,28,MIA,NL,53,0,0,53.2,6,0,6,0,0,1.000,,,0,0,1.01,1.36,0.11,1.34,,,,,,,1,,fauchca01
1119,Billy McKinney,29,PIT,NL,10,6,3,53.2,9,8,1,0,0,1.000,-2,-34,1,22,1.51,2.21,0.90,2.18,,,,,,,/79H8,,mckinbi01
1120,Cionel Pérez,28,BAL,AL,62,0,0,53.2,14,4,10,0,0,1.000,,,0,0,2.35,1.31,0.23,1.29,,,,,,,1,,perezci01
1121,Angel Zerpa,24,KCR,AL,60,0,0,53.2,13,3,8,2,0,.846,,,1,4,1.84,1.31,0.18,1.29,,,,,,,1,,zerpaan01
1122,Bryan Hoeing,27,2TM,NL,34,2,0,53.2,11,3,7,1,2,.909,,,-2,-7,1.68,1.36,0.29,1.34,,,,,,,1,,hoeinbr01
1123,Bryan Hoeing,27,MIA,NL,16,2,0,30.0,4,2,1,1,0,.750,,,-2,-13,0.90,1.35,0.19,1.34,,,,,,,1,,hoeinbr01
1124,Bryan Hoeing,27,SDP,NL,18,0,0,23.2,7,1,6,0,2,1.000,,,0,0,2.66,1.37,0.39,1.34,,,,,,,1,,hoeinbr01
1125,Justin Anderson,31,CHW,AL,56,0,0,53.1,5,1,4,0,0,1.000,,,-1,-4,0.84,1.32,0.09,1.29,,,,,,,1,,anderju01
1126,Chad Green,33,TOR,AL,53,0,0,53.1,5,2,3,0,0,1.000,,,0,0,0.84,1.32,0.09,1.29,,,,,,,1,,greench03
1127,Chad Kuhl,31,CHW,AL,31,1,0,53.1,9,6,3,0,1,1.000,,,1,4,1.52,1.32,0.29,1.29,,,,,,,1,,kuhlch01
1128,Anthony Bender,29,MIA,NL,59,0,0,53.0,6,4,2,0,0,1.000,,,-1,-4,1.02,1.36,0.10,1.34,,,,,,,1,,bendean01
1129,Luke Jackson,32,2TM,NL,52,0,0,53.0,5,2,2,1,0,.800,,,-2,-8,0.68,1.36,0.08,1.34,,,,,,,1,,jackslu01
1130,Luke Jackson,32,SFG,NL,36,0,0,35.0,4,1,2,1,0,.750,,,-1,-6,0.77,1.36,0.08,1.34,,,,,,,1,,jackslu01
1131,Luke Jackson,32,ATL,NL,16,0,0,18.0,1,1,0,0,0,1.000,,,-1,-11,0.50,1.35,0.06,1.34,,,,,,,1,,jackslu01
1132,Jorge López,31,2TM,NL,52,0,0,53.0,8,2,3,3,0,.625,,,-3,-11,0.85,1.36,0.10,1.34,,,,,,,1,,lopezjo02
1133,Jorge López,31,NYM,NL,28,0,0,26.1,3,1,0,2,0,.333,,,-2,-15,0.34,1.37,0.04,1.34,,,,,,,1,,lopezjo02
1134,Jorge López,31,CHC,NL,24,0,0,26.2,5,1,3,1,0,.800,,,-1,-8,1.35,1.35,0.17,1.34,,,,,,,1,,lopezjo02
1135,Gregory Soto,29,2TM,2LG,66,0,0,53.0,10,3,7,0,0,1.000,,,-1,-4,1.70,1.34,0.15,1.32,,,,,,,1,,sotogr01
1136,Gregory Soto,29,PHI,NL,43,0,0,35.1,5,2,3,0,0,1.000,,,-1,-6,1.27,1.35,0.12,1.34,,,,,,,1,,sotogr01
1137,Gregory Soto,29,BAL,AL,23,0,0,17.2,5,1,4,0,0,1.000,,,0,0,2.55,1.32,0.22,1.29,,,,,,,1,,sotogr01
1138,Seth Martinez,29,HOU,AL,44,0,0,52.2,10,5,5,0,0,1.000,,,1,4,1.71,1.32,0.23,1.29,,,,,,,1,,martise01
1139,Craig Kimbrel,36,BAL,AL,57,0,0,52.1,6,3,2,1,0,.833,,,-2,-8,0.86,1.31,0.09,1.29,,,,,,,1,,kimbrcr01
1140,Randy Rodríguez,24,SFG,NL,35,1,0,52.1,8,2,6,0,0,1.000,,,1,4,1.38,1.36,0.23,1.34,,,,,,,1,,rodrira02
1141,José Suarez,26,LAA,AL,22,3,0,52.1,3,0,3,0,0,1.000,,,0,0,0.52,1.31,0.14,1.29,,,,,,,1,,suarejo01
1142,Bubba Thompson,26,CIN,NL,11,5,4,52.0,15,15,0,0,0,1.000,0,-9,-1,-23,2.60,2.22,1.36,2.18,,,,,,,8/HD,,thompbu01
1143,John Schreiber,30,KCR,AL,59,0,0,51.2,11,6,4,1,0,.909,,,-1,-4,1.74,1.31,0.17,1.29,,,,,,,1,,schrejo01
1144,Huascar Brazobán,34,2TM,NL,39,0,0,51.2,12,8,3,1,0,.917,,,-1,-4,1.92,1.36,0.28,1.34,,,,,,,1,,brazohu01
1145,Huascar Brazobán,34,MIA,NL,20,0,0,30.2,8,5,3,0,0,1.000,,,0,0,2.35,1.35,0.40,1.34,,,,,,,1,,brazohu01
1146,Huascar Brazobán,34,NYM,NL,19,0,0,21.0,4,3,0,1,0,.750,,,-1,-10,1.29,1.37,0.16,1.34,,,,,,,1,,brazohu01
1147,Tyler Ferguson,30,OAK,AL,48,0,0,51.1,2,0,2,0,0,1.000,,,1,4,0.35,1.31,0.04,1.29,,,,,,,1,,ferguty01
1148,Colin Holderman,28,PIT,NL,55,0,0,51.1,9,5,4,0,0,1.000,,,-1,-4,1.58,1.37,0.16,1.34,,,,,,,1,,holdeco01
1149,Elvis Peguero,27,MIL,NL,52,0,0,51.1,7,1,5,1,1,.857,,,-1,-4,1.05,1.37,0.12,1.34,,,,,,,1,,pegueel01
1150,Brennan Bernardino,32,BOS,AL,57,3,0,51.0,13,5,6,2,0,.846,,,2,8,1.94,1.31,0.19,1.29,,,,,,,1,,bernabr01
1151,Michael Grove,27,LAD,NL,39,2,0,51.0,7,3,4,0,0,1.000,,,1,4,1.24,1.36,0.18,1.34,,,,,,,1,,grovemi01
1152,Tanner Rainey,31,WSN,NL,50,0,0,51.0,6,4,2,0,0,1.000,,,-1,-4,1.06,1.36,0.12,1.34,,,,,,,1,,raineta01
1153,José Ruiz,29,PHI,NL,52,0,0,51.0,3,1,2,0,0,1.000,,,-1,-4,0.53,1.36,0.06,1.34,,,,,,,1,,ruizjo01
1154,Carmen Mlodzinski,25,PIT,NL,40,4,0,50.2,9,8,1,0,0,1.000,,,-1,-4,1.60,1.37,0.23,1.34,,,,,,,1,,mlodzca01
1155,Hunter Harvey,29,2TM,2LG,49,0,0,50.2,7,6,1,0,0,1.000,,,-4,-16,1.24,1.35,0.14,1.33,,,,,,,1,,harvehu01
1156,Hunter Harvey,29,WSN,NL,43,0,0,45.0,6,5,1,0,0,1.000,,,-3,-13,1.20,1.36,0.14,1.34,,,,,,,1,,harvehu01
1157,Hunter Harvey,29,KCR,AL,6,0,0,5.2,1,1,0,0,0,1.000,,,-1,-35,1.59,1.27,0.17,1.28,,,,,,,/1,,harvehu01
1158,Landen Roupp,25,SFG,NL,23,4,0,50.1,11,3,8,0,0,1.000,,,2,8,1.97,1.36,0.48,1.34,,,,,,,1,,rouppla01
1159,Davis Martin,27,CHW,AL,11,10,0,50.0,13,4,8,1,0,.923,,,2,8,2.16,1.31,1.09,1.29,,,,,,,1,,martida03
1160,Rafael Ortega,33,CHW,AL,12,4,4,50.0,18,18,0,0,0,1.000,2,58,-1,-24,3.24,2.27,1.50,2.24,,,,,,,8/H9D,,ortegra01
1161,Jace Peterson,34,ARI,NL,10,5,3,50.0,20,7,13,0,3,1.000,-3,-82,-3,-72,3.60,3.71,2.00,3.78,,,,,,,/H64D5,,peterja01
1162,Eduardo Rodríguez,31,ARI,NL,10,10,0,50.0,5,0,4,1,0,.800,,,-1,-4,0.72,1.37,0.40,1.34,,,,,,,1,,rodried05
1163,Anthony Banda,30,LAD,NL,48,2,0,49.2,8,1,7,0,0,1.000,,,0,0,1.45,1.36,0.17,1.34,,,,,,,1,,bandaan01
1164,Bryce Elder,25,ATL,NL,10,10,0,49.2,9,6,3,0,2,1.000,,,-2,-8,1.63,1.36,0.90,1.34,,,,,,,1,,elderbr01
1165,Andrew Nardi,25,MIA,NL,59,0,0,49.2,4,0,4,0,0,1.000,,,0,0,0.72,1.36,0.07,1.34,,,,,,,1,,nardian01
1166,Louis Varland,26,MIN,AL,16,7,0,49.2,7,2,4,1,0,.857,,,2,8,1.09,1.30,0.38,1.29,,,,,,,1,,varlalo01
1167,Quinn Priester,23,2TM,2LG,11,7,0,49.2,13,7,4,2,0,.846,,,-1,-4,1.99,1.36,1.00,1.34,,,,,,,1,,priesqu01
1168,Quinn Priester,23,PIT,NL,10,6,0,44.2,10,4,4,2,0,.800,,,-1,-4,1.61,1.37,0.80,1.34,,,,,,,1,,priesqu01
1169,Quinn Priester,23,BOS,AL,1,1,0,5.0,3,3,0,0,0,1.000,,,0,0,5.40,1.26,3.00,1.30,,,,,,,/1,,priesqu01
1170,Kyle Muller,26,OAK,AL,21,0,0,49.1,10,5,4,1,0,.900,,,0,0,1.64,1.31,0.43,1.29,,,,,,,1,,mulleky01
1171,Lucas Sims,30,2TM,2LG,58,0,0,49.1,9,4,5,0,1,1.000,,,0,0,1.64,1.33,0.16,1.33,,,,,,,1,,simslu01
1172,Lucas Sims,30,CIN,NL,43,0,0,35.1,6,3,3,0,1,1.000,,,0,0,1.53,1.35,0.14,1.34,,,,,,,1,,simslu01
1173,Lucas Sims,30,BOS,AL,15,0,0,14.0,3,1,2,0,0,1.000,,,0,0,1.93,1.29,0.20,1.29,,,,,,,1,,simslu01
1174,Austin Wynns,33,CIN,NL,6,6,4,49.0,50,44,6,0,0,1.000,1,24,2,49,9.18,9.06,8.33,8.93,0,2,8,4,33.3,1,/2H,,wynnsau01
1175,Buddy Kennedy,25,2TM,2LG,10,4,4,49.0,24,9,15,0,3,1.000,0,10,1,24,4.41,3.54,2.40,3.37,,,,,,,/H45D,,kennebu01
1176,Buddy Kennedy,25,DET,AL,5,2,2,24.0,14,5,9,0,2,1.000,0,15,1,50,5.25,3.83,2.80,3.60,,,,,,,/4H5,,kennebu01
1177,Buddy Kennedy,25,PHI,NL,5,2,2,25.0,10,4,6,0,1,1.000,0,5,0,0,3.60,3.28,2.00,3.14,,,,,,,/H54D,,kennebu01
1178,Spencer Bivens,30,SFG,NL,27,2,0,48.2,13,6,7,0,1,1.000,,,1,4,2.40,1.37,0.48,1.34,,,,,,,1,,bivensp01
1179,Kyle Leahy,27,STL,NL,33,0,0,48.2,5,1,3,1,1,.800,,,0,0,0.74,1.37,0.12,1.34,,,,,,,1,,leahyky01
1180,Matt Moore,35,LAA,AL,51,0,0,48.1,7,1,6,0,0,1.000,,,0,0,1.30,1.30,0.14,1.29,,,,,,,1,,moorema02
1181,Zach Pop,27,TOR,AL,58,0,0,48.1,9,3,5,1,0,.889,,,-2,-8,1.49,1.30,0.14,1.29,,,,,,,1,,popza01
1182,Sam Haggerty,30,SEA,AL,7,5,3,48.0,8,6,1,1,0,.875,1,33,0,0,1.31,2.27,1.00,2.24,,,,,,,/7H9D,,haggesa01
1183,Joe Boyle,24,OAK,AL,13,10,0,47.2,4,1,2,1,0,.750,,,-2,-8,0.57,1.30,0.23,1.29,,,,,,,1,,boylejo01
1184,Christian Scott,25,NYM,NL,9,9,0,47.1,5,3,2,0,0,1.000,,,1,4,0.95,1.35,0.56,1.34,,,,,,,/1,,scottch01
1185,Caleb Thielbar,37,MIN,AL,59,0,0,47.1,7,1,5,1,0,.857,,,-1,-4,1.14,1.31,0.10,1.29,,,,,,,1,,thielca01
1186,Stephen Kolek,27,SDP,NL,42,0,0,46.2,9,1,8,0,0,1.000,,,0,0,1.74,1.37,0.21,1.34,,,,,,,1,,kolekst01
1187,Blake Treinen,36,LAD,NL,50,0,0,46.2,6,2,3,1,0,.833,,,-2,-9,0.96,1.37,0.10,1.34,,,,,,,1,,treinbl01
1188,Justin Wilson,36,CIN,NL,60,0,0,46.2,8,2,4,2,0,.750,,,0,0,1.16,1.37,0.10,1.34,,,,,,,1,,wilsoju10
1189,Trevor Megill,30,MIL,NL,48,0,0,46.1,5,2,3,0,1,1.000,,,-1,-4,0.97,1.36,0.10,1.34,,,,,,,1,,megiltr01
1190,Jason Delay,29,PIT,NL,6,5,4,46.0,44,42,2,0,0,1.000,1,26,0,0,8.61,9.06,7.33,8.93,0,2,1,1,50.0,0,/2DH,,delayja01
1191,Jordan Wicks,24,CHC,NL,11,10,0,46.0,4,0,4,0,1,1.000,,,-1,-4,0.78,1.37,0.36,1.34,,,,,,,1,,wicksjo01
1192,Brendon Little,27,TOR,AL,49,0,0,45.2,15,6,9,0,2,1.000,,,0,0,2.96,1.32,0.31,1.29,,,,,,,1,,littlbr02
1193,Shawn Dubin,28,HOU,AL,31,2,0,45.1,6,5,1,0,0,1.000,,,0,0,1.19,1.31,0.19,1.29,,,,,,,1,,dubinsh01
1194,Pete Fairbanks,30,TBR,AL,46,0,0,45.1,7,2,5,0,0,1.000,,,0,0,1.39,1.31,0.15,1.29,,,,,,,1,,fairbpe01
1195,Brant Hurter,25,DET,AL,10,1,0,45.1,4,3,1,0,0,1.000,,,-1,-4,0.79,1.31,0.40,1.29,,,,,,,1,,hurtebr01
1196,Drew Waters,25,KCR,AL,6,5,3,45.0,11,9,1,1,0,.909,0,0,0,0,2.00,2.28,1.67,2.23,,,,,,,/97H,,waterdr01
1197,Yohan Ramírez,29,4TM,2LG,38,0,0,45.0,9,3,4,2,0,.778,,,1,4,1.40,1.36,0.18,1.33,,,,,,,1,,ramiryo01
1198,Yohan Ramírez,29,2TM,NL,32,0,0,37.2,7,2,3,2,0,.714,,,0,0,1.19,1.36,0.16,1.34,,,,,,,1,,ramiryo01
1199,Yohan Ramírez,29,2TM,AL,6,0,0,7.1,2,1,1,0,0,1.000,,,1,27,2.45,1.35,0.33,1.30,,,,,,,/1,,ramiryo01
1200,Yohan Ramírez,29,NYM,NL,5,0,0,8.1,0,0,0,0,0,,,,0,0,0.00,1.40,0.00,1.34,,,,,,,/1,,ramiryo01
1201,Yohan Ramírez,29,BAL,AL,5,0,0,6.0,2,1,1,0,0,1.000,,,1,33,3.00,1.35,0.40,1.30,,,,,,,/1,,ramiryo01
1202,Yohan Ramírez,29,LAD,NL,27,0,0,29.1,7,2,3,2,0,.714,,,0,0,1.53,1.35,0.19,1.34,,,,,,,1,,ramiryo01
1203,Yohan Ramírez,29,BOS,AL,1,0,0,1.1,0,0,0,0,0,,,,0,0,0.00,1.35,0.00,1.30,,,,,,,/1,,ramiryo01
1204,Chris Martin,38,BOS,AL,45,0,0,44.1,16,8,7,1,0,.938,,,0,0,3.05,1.30,0.33,1.29,,,,,,,1,,martich02
1205,Steven Matz,33,STL,NL,12,7,0,44.1,10,2,7,1,2,.900,,,1,5,1.83,1.36,0.75,1.34,,,,,,,1,,matzst01
1206,Drew Thorpe,23,CHW,AL,9,9,0,44.1,14,10,3,1,0,.929,,,-1,-5,2.64,1.30,1.44,1.29,,,,,,,/1,,thorpdr01
1207,Jhony Brito,26,SDP,NL,26,0,0,43.2,8,2,5,1,0,.875,,,-1,-5,1.44,1.36,0.27,1.34,,,,,,,1,,britojh01
1208,Jacob Latz,28,TEX,AL,46,0,0,43.2,5,2,3,0,0,1.000,,,-1,-5,1.03,1.32,0.11,1.29,,,,,,,1,,latzja01
1209,Daniel Lynch IV,27,KCR,AL,16,3,0,43.1,10,3,6,1,1,.900,,,0,0,1.87,1.31,0.56,1.29,,,,,,,1,,lynchda02
1210,Max Scherzer,39,TEX,AL,9,9,0,43.1,10,4,5,1,0,.900,,,0,0,1.87,1.31,1.00,1.29,,,,,,,/1,,scherma01
1211,Jonathan Hernández,27,2TM,AL,29,1,0,43.1,9,7,2,0,0,1.000,,,0,0,1.87,1.31,0.31,1.29,,,,,,,1,,hernajo02
1212,Jonathan Hernández,27,TEX,AL,26,1,0,41.0,8,7,1,0,0,1.000,,,0,0,1.76,1.32,0.31,1.29,,,,,,,1,,hernajo02
1213,Jonathan Hernández,27,SEA,AL,3,0,0,2.1,1,0,1,0,0,1.000,,,0,0,3.86,1.16,0.33,1.30,,,,,,,/1,,hernajo02
1214,DL Hall,25,MIL,NL,13,7,0,43.0,3,0,3,0,0,1.000,,,0,0,0.63,1.36,0.23,1.34,,,,,,,1,,halldl01
1215,Porter Hodge,23,CHC,NL,39,0,0,43.0,8,5,3,0,0,1.000,,,1,5,1.67,1.36,0.21,1.34,,,,,,,1,,hodgepo01
1216,Niko Kavadas,25,LAA,AL,5,5,5,43.0,48,47,1,0,2,1.000,1,22,0,0,10.05,8.04,9.60,7.92,,,,,,,D/3H,,kavadni01
1217,Harold Ramírez,29,TBR,AL,7,5,0,43.0,16,16,0,0,0,1.000,2,42,3,84,3.35,2.26,2.29,2.24,,,,,,,D/H97,,ramirha02
1218,Cam Booser,32,BOS,AL,43,0,0,42.2,7,3,3,1,0,.857,,,1,5,1.27,1.31,0.14,1.29,,,,,,,1,,booseca01
1219,Tommy Kahnle,34,NYY,AL,50,0,0,42.2,6,4,2,0,0,1.000,,,-2,-9,1.27,1.31,0.12,1.29,,,,,,,1,,kahnlto01
1220,Sam Long,28,KCR,AL,43,0,0,42.2,7,1,6,0,1,1.000,,,0,0,1.48,1.31,0.16,1.29,,,,,,,1,,longsa01
1221,Tim Mayza,32,2TM,AL,50,0,0,42.2,10,4,6,0,1,1.000,,,-2,-9,2.11,1.31,0.20,1.29,,,,,,,1,,mayzati01
1222,Tim Mayza,32,TOR,AL,35,0,0,24.2,2,1,1,0,0,1.000,,,-2,-16,0.73,1.31,0.06,1.29,,,,,,,1,,mayzati01
1223,Tim Mayza,32,NYY,AL,15,0,0,18.0,8,3,5,0,1,1.000,,,0,0,4.00,1.30,0.53,1.29,,,,,,,1,,mayzati01
1224,Xzavion Curry,25,2TM,2LG,16,5,0,42.2,2,2,0,0,0,1.000,,,0,0,0.42,1.33,0.13,1.32,,,,,,,1,,curryxz01
1225,Xzavion Curry,25,CLE,AL,7,4,0,24.2,0,0,0,0,0,,,,0,0,0.00,1.31,0.00,1.29,,,,,,,/1,,curryxz01
1226,Xzavion Curry,25,MIA,NL,9,1,0,18.0,2,2,0,0,0,1.000,,,0,0,1.00,1.35,0.22,1.34,,,,,,,/1,,curryxz01
1227,Adam Oller,29,MIA,NL,8,8,0,42.1,3,1,2,0,0,1.000,,,0,0,0.64,1.36,0.38,1.34,,,,,,,/1,,ollerad01
1228,Tyler Black,23,MIL,NL,6,6,2,42.0,44,42,2,0,5,1.000,0,3,1,29,9.43,8.29,7.33,8.18,,,,,,,D/3H,,blackty01
1229,Eli Morgan,28,CLE,AL,32,0,0,42.0,13,4,9,0,0,1.000,,,0,0,2.79,1.31,0.41,1.29,,,,,,,1,,morgael01
1230,Darren McCaughan,28,2TM,2LG,12,5,0,42.0,5,0,4,1,0,.800,,,0,0,0.86,1.35,0.33,1.33,,,,,,,1,,mccauda01
1231,Darren McCaughan,28,MIA,NL,10,5,0,36.0,4,0,3,1,0,.750,,,0,0,0.75,1.35,0.30,1.34,,,,,,,1,,mccauda01
1232,Darren McCaughan,28,CLE,AL,2,0,0,6.0,1,0,1,0,0,1.000,,,0,0,1.50,1.35,0.50,1.30,,,,,,,/1,,mccauda01
1233,Ryan McKenna,27,2TM,2LG,12,5,1,42.0,14,14,0,0,0,1.000,-2,-46,0,0,3.00,2.25,1.17,2.22,,,,,,,/9H78,,mckenry01
1234,Ryan McKenna,27,BAL,AL,8,3,1,30.0,11,11,0,0,0,1.000,-1,-44,-1,-40,3.30,2.28,1.38,2.24,,,,,,,/9H78,,mckenry01
1235,Ryan McKenna,27,SFG,NL,4,2,0,12.0,3,3,0,0,0,1.000,-1,-50,1,100,2.25,2.18,0.75,2.18,,,,,,,/9H7,,mckenry01
1236,Collin Snider,28,SEA,AL,42,0,0,41.2,9,5,3,1,0,.889,,,0,0,1.73,1.32,0.19,1.29,,,,,,,1,,snideco01
1237,Edwin Uceta,26,TBR,AL,30,0,0,41.2,3,2,1,0,0,1.000,,,-1,-5,0.65,1.32,0.10,1.29,,,,,,,1,,ucetaed01
1238,Jordan Weems,31,WSN,NL,41,0,0,41.2,10,1,8,1,1,.900,,,1,5,1.94,1.36,0.22,1.34,,,,,,,1,,weemsjo01
1239,Austin Adams,33,OAK,AL,56,0,0,41.1,4,2,2,0,1,1.000,,,-1,-5,0.87,1.31,0.07,1.29,,,,,,,1,,adamsau02
1240,Will Smith,34,KCR,AL,45,0,0,41.1,10,0,7,3,0,.700,,,1,5,1.52,1.31,0.16,1.29,,,,,,,1,,smithwi04
1241,Brad Keller,28,2TM,AL,16,2,0,41.1,8,5,3,0,0,1.000,,,0,0,1.74,1.31,0.50,1.29,,,,,,,1,,kellebr01
1242,Brad Keller,28,CHW,AL,5,2,0,16.2,4,3,1,0,0,1.000,,,0,0,2.16,1.30,0.80,1.30,,,,,,,/1,,kellebr01
1243,Brad Keller,28,BOS,AL,11,0,0,24.2,4,2,2,0,0,1.000,,,0,0,1.46,1.31,0.36,1.29,,,,,,,1,,kellebr01
1244,Kyle Schwarber,31,PHI,NL,5,5,3,41.0,10,10,0,0,0,1.000,0,0,0,0,2.20,2.22,2.00,2.18,,,,,,,*D/7H,MVP-15,schwaky01
1245,Jesús Tinoco,29,3TM,2LG,32,0,0,40.2,6,3,3,0,0,1.000,,,-1,-5,1.33,1.35,0.19,1.33,,,,,,,1,,tinocje01
1246,Jesús Tinoco,29,2TM,NL,23,0,0,30.2,6,3,3,0,0,1.000,,,0,0,1.76,1.35,0.26,1.34,,,,,,,1,,tinocje01
1247,Jesús Tinoco,29,TEX,AL,9,0,0,10.0,0,0,0,0,0,,,,-1,-20,0.00,1.35,0.00,1.29,,,,,,,/1,,tinocje01
1248,Jesús Tinoco,29,CHC,NL,2,0,0,4.0,2,0,2,0,0,1.000,,,0,0,4.50,1.35,1.00,1.35,,,,,,,/1,,tinocje01
1249,Jesús Tinoco,29,MIA,NL,21,0,0,26.2,4,3,1,0,0,1.000,,,0,0,1.35,1.35,0.19,1.34,,,,,,,1,,tinocje01
1250,Jake Bird,28,COL,NL,35,0,0,40.0,5,0,5,0,0,1.000,,,0,0,1.13,1.35,0.14,1.34,,,,,,,1,,birdja01
1251,Luis Medina,25,OAK,AL,8,8,0,40.0,8,4,3,1,1,.875,,,1,5,1.58,1.31,0.88,1.29,,,,,,,/1,,medinlu02
1252,Matthew Boyd,33,CLE,AL,8,8,0,39.2,5,1,3,1,0,.800,,,0,0,0.91,1.32,0.50,1.29,,,,,,,/1,,boydma01
1253,Paul Sewald,34,ARI,NL,42,0,0,39.2,6,3,3,0,0,1.000,,,0,0,1.36,1.36,0.14,1.34,,,,,,,1,,sewalpa01
1254,Kyle Bradish,27,BAL,AL,8,8,0,39.1,11,4,7,0,0,1.000,,,2,10,2.52,1.30,1.38,1.29,,,,,,,/1,,bradiky01
1255,Erik Swanson,30,TOR,AL,45,0,0,39.1,5,2,2,1,0,.800,,,0,0,0.92,1.30,0.09,1.29,,,,,,,1,,swanser01
1256,Alex Wood,33,OAK,AL,9,9,0,39.1,9,2,7,0,1,1.000,,,2,10,2.06,1.30,1.00,1.29,,,,,,,/1,,woodal02
1257,Liván Soto,24,BAL,AL,11,4,1,39.0,17,6,11,0,5,1.000,0,-9,0,0,3.92,3.76,1.42,3.38,,,,,,,/456DH,,sotoli01
1258,Brett Sullivan,30,SDP,NL,7,4,4,39.0,47,45,1,1,0,.979,0,0,-1,-31,10.62,9.00,6.57,8.73,0,0,5,1,16.7,0,/23H,,sullibr01
1259,Tyler Heineman,33,2TM,AL,7,4,4,39.0,42,39,3,0,1,1.000,2,62,2,62,9.69,8.93,6.00,7.93,0,1,0,2,100.0,1,/21D,,heinety01
1260,Tyler Heineman,33,BOS,AL,1,0,0,2.0,3,2,1,0,0,1.000,1,600,1,600,13.50,9.00,3.00,9.00,0,0,0,1,100.0,0,/2D,,heinety01
1261,Tyler Heineman,33,TOR,AL,6,4,4,37.0,39,37,2,0,1,1.000,1,32,1,32,9.49,8.93,6.50,7.75,0,1,0,1,100.0,1,/21,,heinety01
1262,Yimi García,33,2TM,AL,39,0,0,39.0,3,1,2,0,0,1.000,,,0,0,0.69,1.32,0.08,1.29,,,,,,,1,,garciyi01
1263,Yimi García,33,TOR,AL,29,0,0,30.0,0,0,0,0,0,,,,-1,-7,0.00,1.32,0.00,1.29,,,,,,,1,,garciyi01
1264,Yimi García,33,SEA,AL,10,0,0,9.0,3,1,2,0,0,1.000,,,1,22,3.00,1.30,0.30,1.29,,,,,,,1,,garciyi01
1265,Scott Alexander,34,OAK,AL,45,0,0,38.2,8,1,7,0,0,1.000,,,1,5,1.86,1.30,0.18,1.29,,,,,,,1,,alexasc02
1266,Joey Cantillo,24,CLE,AL,9,8,0,38.2,2,0,2,0,0,1.000,,,-1,-5,0.47,1.30,0.22,1.29,,,,,,,/1,,cantijo01
1267,Tayler Saucedo,31,SEA,AL,53,0,0,38.2,10,0,9,1,0,.900,,,0,0,2.09,1.30,0.17,1.29,,,,,,,1,,sauceta01
1268,Tommy Henry,26,ARI,NL,9,7,0,38.1,4,3,1,0,0,1.000,,,0,0,0.94,1.36,0.44,1.34,,,,,,,/1,,henryto01
1269,Rafael Montero,33,HOU,AL,41,0,0,38.1,5,1,3,1,0,.800,,,-2,-10,0.94,1.31,0.10,1.29,,,,,,,1,,montera01
1270,Wandy Peralta,32,SDP,NL,46,0,0,38.1,7,2,5,0,0,1.000,,,1,5,1.64,1.36,0.15,1.34,,,,,,,1,,peralwa01
1271,Eddy Alvarez,34,NYM,NL,12,3,0,38.0,18,9,9,0,1,1.000,1,22,1,32,4.26,4.03,1.38,3.85,,,,,,,4/H16,,alvared01
1272,Jorge Barrosa,23,ARI,NL,6,3,3,38.0,11,10,0,1,0,.909,1,38,1,32,2.37,2.20,1.67,2.18,,,,,,,/8H7,,barrojo01
1273,Jake Cousins,29,NYY,AL,37,0,0,38.0,6,0,6,0,0,1.000,,,-1,-5,1.42,1.30,0.16,1.29,,,,,,,1,,cousija01
1274,Emilio Pagán,33,CIN,NL,38,1,0,38.0,5,2,3,0,0,1.000,,,1,5,1.18,1.35,0.13,1.34,,,,,,,1,,paganem01
1275,Jakson Reetz,28,SFG,NL,6,4,3,38.0,39,39,0,0,0,1.000,0,0,-1,-32,9.24,9.07,6.50,8.93,0,1,6,1,14.3,0,/2H,,reetzja01
1276,Thyago Vieira,31,3TM,2LG,28,0,0,38.0,6,3,2,1,0,.833,,,0,0,1.18,1.37,0.18,1.34,,,,,,,1,,vieirth01
1277,Thyago Vieira,31,2TM,NL,27,0,0,38.0,6,3,2,1,0,.833,,,0,0,1.18,1.37,0.19,1.34,,,,,,,1,,vieirth01
1278,Thyago Vieira,31,MIL,NL,16,0,0,22.1,3,0,2,1,0,.667,,,1,9,0.81,1.37,0.13,1.34,,,,,,,1,,vieirth01
1279,Thyago Vieira,31,BAL,AL,1,0,0,0.0,0,0,0,0,0,,,,0,,,,0.00,1.30,,,,,,,/1,,vieirth01
1280,Thyago Vieira,31,ARI,NL,11,0,0,15.2,3,3,0,0,0,1.000,,,-1,-13,1.72,1.38,0.27,1.34,,,,,,,1,,vieirth01
1281,Ian Hamilton,29,NYY,AL,35,0,0,37.2,5,5,0,0,1,1.000,,,-1,-5,1.19,1.31,0.14,1.29,,,,,,,1,,hamilia01
1282,Zebby Matthews,24,MIN,AL,9,9,0,37.2,10,4,5,1,0,.900,,,0,0,2.15,1.31,1.00,1.29,,,,,,,/1,,matthze01
1283,Sam Moll,32,CIN,NL,48,0,0,37.2,6,2,4,0,0,1.000,,,0,0,1.43,1.36,0.13,1.34,,,,,,,1,,mollsa01
1284,Manuel Rodríguez,27,TBR,AL,40,0,0,37.2,5,1,4,0,0,1.000,,,0,0,1.19,1.31,0.13,1.29,,,,,,,1,,rodrima01
1285,Hunter Stratton,27,PIT,NL,36,0,0,37.2,6,2,2,2,0,.667,,,0,0,0.96,1.36,0.11,1.34,,,,,,,1,,strathu01
1286,Danny Young,30,NYM,NL,42,0,0,37.2,6,2,2,2,0,.667,,,-1,-5,0.96,1.36,0.10,1.34,,,,,,,1,,youngda02
1287,Brent Honeywell Jr.,29,2TM,NL,20,1,0,37.2,9,5,4,0,1,1.000,,,1,5,2.15,1.36,0.45,1.34,,,,,,,1,,honeybr01
1288,Brent Honeywell Jr.,29,PIT,NL,2,0,0,3.1,0,0,0,0,0,,,,0,0,0.00,1.35,0.00,1.35,,,,,,,/1,,honeybr01
1289,Brent Honeywell Jr.,29,LAD,NL,18,1,0,34.1,9,5,4,0,1,1.000,,,1,6,2.36,1.36,0.50,1.34,,,,,,,1,,honeybr01
1290,Colin Poche,30,TBR,AL,43,0,0,37.1,1,0,1,0,0,1.000,,,0,0,0.24,1.30,0.02,1.29,,,,,,,1,,pocheco01
1291,Braxton Garrett,26,MIA,NL,7,7,1,37.0,4,1,3,0,0,1.000,,,0,0,0.97,1.36,0.57,1.34,,,,,,,/1,,garrebr01
1292,Luis Vázquez,24,CHC,NL,10,3,2,37.0,18,6,11,1,1,.944,1,19,0,0,4.14,3.43,1.70,3.42,,,,,,,/65H4,,vazqulu01
1293,Tyler Phillips,26,PHI,NL,8,7,1,36.2,7,3,4,0,0,1.000,,,1,5,1.72,1.35,0.88,1.34,,,,,,,/1,,phillty01
1294,Dillon Tate,30,2TM,AL,33,0,0,36.2,4,2,2,0,0,1.000,,,0,0,0.98,1.30,0.12,1.29,,,,,,,1,,tatedi01
1295,Dillon Tate,30,BAL,AL,29,0,0,33.1,4,2,2,0,0,1.000,,,0,0,1.08,1.30,0.14,1.29,,,,,,,1,,tatedi01
1296,Dillon Tate,30,TOR,AL,4,0,0,3.1,0,0,0,0,0,,,,0,0,0.00,1.35,0.00,1.30,,,,,,,/1,,tatedi01
1297,Mason Black,24,SFG,NL,9,8,0,36.1,4,2,2,0,0,1.000,,,0,0,0.99,1.36,0.44,1.34,,,,,,,/1,,blackma01
1298,Justin Wrobleski,23,LAD,NL,8,6,0,36.1,2,0,1,1,0,.500,,,-1,-6,0.25,1.36,0.13,1.34,,,,,,,/1,,wroblju01
1299,JT Chargois,33,2TM,2LG,36,0,0,36.1,3,1,2,0,0,1.000,,,1,6,0.74,1.34,0.08,1.31,,,,,,,1,,chargjt01
1300,JT Chargois,33,MIA,NL,15,0,0,16.2,0,0,0,0,0,,,,0,0,0.00,1.35,0.00,1.34,,,,,,,1,,chargjt01
1301,JT Chargois,33,SEA,AL,21,0,0,19.2,3,1,2,0,0,1.000,,,1,10,1.37,1.33,0.14,1.29,,,,,,,1,,chargjt01
1302,DaShawn Keirsey Jr.,27,MIN,AL,6,4,3,36.0,6,5,1,0,0,1.000,1,23,0,0,1.50,2.28,1.00,2.23,,,,,,,/87,,keirsda01
1303,Jason Vosler,30,SEA,AL,6,4,2,36.0,24,21,3,0,3,1.000,0,-13,0,0,6.00,6.93,3.43,6.30,,,,,,,/3DH79,,vosleja01
1304,Nick Anderson,33,KCR,AL,37,0,0,35.2,4,1,3,0,0,1.000,,,1,6,1.01,1.31,0.11,1.29,,,,,,,1,,anderni01
1305,Jack Leiter,24,TEX,AL,9,6,0,35.2,6,3,3,0,0,1.000,,,0,0,1.51,1.31,0.67,1.29,,,,,,,/1,,leiteja01
1306,Nick Nastrini,24,CHW,AL,9,8,0,35.2,3,1,2,0,0,1.000,,,-2,-11,0.76,1.31,0.33,1.29,,,,,,,/1,,nastrni01
1307,Sixto Sánchez,25,MIA,NL,14,7,0,35.2,8,5,3,0,2,1.000,,,0,0,2.02,1.36,0.57,1.34,,,,,,,1,,sanchsi01
1308,Steven Okert,32,MIN,AL,44,1,0,35.1,7,1,6,0,0,1.000,,,0,0,1.78,1.30,0.16,1.29,,,,,,,1,,okertst01
1309,Isaac Collins,26,MIL,NL,7,3,1,35.0,10,7,2,1,0,.900,0,-10,-1,-34,2.31,2.49,1.29,2.73,,,,,,,/H74D,,colliis01
1310,Kameron Misner,26,TBR,AL,6,5,1,35.0,12,12,0,0,0,1.000,1,48,0,0,3.09,2.26,2.00,2.23,,,,,,,/7H8,,misneka01
1311,Carlos Narváez,25,NYY,AL,6,4,3,35.0,42,41,1,0,0,1.000,1,34,1,34,10.80,9.15,7.00,9.03,0,0,1,1,50.0,0,/2H,,narvaca01
1312,Dedniel Núñez,28,NYM,NL,25,0,0,35.0,3,0,1,2,0,.333,,,0,0,0.26,1.36,0.04,1.34,,,,,,,1,,nunezde01
1313,Jake Woodford,27,2TM,2LG,9,7,0,35.0,4,0,4,0,0,1.000,,,1,6,1.03,1.34,0.44,1.33,,,,,,,/1,,woodfja01
1314,Jake Woodford,27,CHW,AL,2,2,0,8.1,0,0,0,0,0,,,,0,0,0.00,1.30,0.00,1.30,,,,,,,/1,,woodfja01
1315,Jake Woodford,27,PIT,NL,7,5,0,26.2,4,0,4,0,0,1.000,,,1,8,1.35,1.35,0.57,1.34,,,,,,,/1,,woodfja01
1316,Kody Funderburk,27,MIN,AL,27,0,0,34.2,8,1,6,1,0,.875,,,0,0,1.82,1.32,0.26,1.29,,,,,,,1,,fundeko01
1317,Cristian Javier,27,HOU,AL,7,7,0,34.2,3,1,2,0,0,1.000,,,0,0,0.78,1.32,0.43,1.29,,,,,,,/1,,javiecr01
1318,Ben Joyce,23,LAA,AL,31,1,0,34.2,5,3,1,1,0,.800,,,-2,-12,1.04,1.32,0.13,1.29,,,,,,,1,,joycebe01
1319,Steven Wilson,29,CHW,AL,40,0,0,34.2,5,0,5,0,0,1.000,,,1,6,1.30,1.32,0.13,1.29,,,,,,,1,,wilsost02
1320,Tanner Gordon,26,COL,NL,8,8,0,34.1,4,0,4,0,1,1.000,,,1,6,1.05,1.36,0.50,1.34,,,,,,,/1,,gordota01
1321,A.J. Minter,30,ATL,NL,39,0,0,34.1,11,2,9,0,0,1.000,,,2,12,2.88,1.36,0.28,1.34,,,,,,,1,,minteaj01
1322,Graham Pauley,23,SDP,NL,6,4,1,34.1,12,6,5,1,1,.917,-1,-21,0,0,2.88,2.88,1.57,3.33,,,,,,,/5DH3,,paulegr01
1323,Chris Roycroft,27,STL,NL,27,0,0,34.1,9,1,7,1,1,.889,,,-1,-6,2.10,1.36,0.30,1.34,,,,,,,1,,roycrch01
1324,Richard Lovelady,28,2TM,2LG,35,0,0,34.1,4,2,2,0,0,1.000,,,-2,-12,1.05,1.34,0.11,1.30,,,,,,,1,,lovelri01
1325,Richard Lovelady,28,CHC,NL,7,0,0,5.2,3,2,1,0,0,1.000,,,-1,-35,4.76,1.43,0.43,1.34,,,,,,,/1,,lovelri01
1326,Richard Lovelady,28,TBR,AL,28,0,0,28.2,1,0,1,0,0,1.000,,,-1,-7,0.31,1.32,0.04,1.29,,,,,,,1,,lovelri01
1327,J.T. Ginn,25,OAK,AL,8,6,0,34.0,6,5,1,0,1,1.000,,,1,6,1.59,1.30,0.75,1.29,,,,,,,/1,,ginnjt01
1328,Brandon Lockridge,27,SDP,NL,8,3,3,34.0,10,10,0,0,0,1.000,1,21,0,0,2.65,2.20,1.25,2.18,,,,,,,/7H9D8,,lockrbr01
1329,Michel Otañez,26,OAK,AL,36,0,0,34.0,0,0,0,0,0,,,,-1,-6,0.00,1.30,0.00,1.29,,,,,,,1,,otanemi01
1330,Brock Burke,27,2TM,AL,34,1,0,34.0,7,3,4,0,0,1.000,,,0,0,1.85,1.32,0.21,1.29,,,,,,,1,,burkebr01
1331,Brock Burke,27,TEX,AL,13,0,0,13.2,4,1,3,0,0,1.000,,,0,0,2.63,1.32,0.31,1.29,,,,,,,1,,burkebr01
1332,Brock Burke,27,LAA,AL,21,1,0,20.1,3,2,1,0,0,1.000,,,0,0,1.33,1.33,0.14,1.29,,,,,,,1,,burkebr01
1333,Marco Gonzales,32,PIT,NL,7,7,0,33.2,5,1,4,0,1,1.000,,,1,6,1.34,1.36,0.71,1.34,,,,,,,/1,,gonzama02
1334,Adam Mazur,23,SDP,NL,8,8,0,33.2,5,1,4,0,1,1.000,,,1,6,1.34,1.36,0.63,1.34,,,,,,,/1,,mazurad01
1335,Willie Calhoun,29,LAA,AL,5,4,3,33.0,34,30,4,0,3,1.000,0,-4,0,0,9.27,7.69,6.80,6.78,,,,,,,D/H37,,calhowi01
1336,Keston Hiura,27,LAA,AL,5,4,1,33.0,11,3,7,1,1,.909,-1,-36,-1,-36,2.73,3.98,2.00,3.92,,,,,,,/4DH,,hiurake01
1337,Jeffrey Springs,31,TBR,AL,7,7,0,33.0,2,2,0,0,0,1.000,,,-1,-6,0.55,1.31,0.29,1.29,,,,,,,/1,,sprinje01
1338,Ryan Burr,30,TOR,AL,34,4,0,32.2,4,2,1,1,0,.750,,,0,0,0.83,1.32,0.09,1.29,,,,,,,1,,burrry01
1339,Scott McGough,34,ARI,NL,26,2,0,32.2,4,1,3,0,1,1.000,,,0,0,1.10,1.35,0.15,1.34,,,,,,,1,,mcgousc01
1340,Jake Diekman,37,NYM,NL,43,0,0,32.0,9,4,3,2,0,.778,,,-1,-6,1.97,1.35,0.16,1.34,,,,,,,1,,diekmja01
1341,Jose A. Ferrer,24,WSN,NL,31,0,0,32.0,4,0,4,0,0,1.000,,,0,0,1.13,1.35,0.13,1.34,,,,,,,1,,ferrejo01
1342,Mickey Gasper,28,BOS,AL,8,3,3,32.0,16,5,11,0,0,1.000,1,38,1,38,4.50,4.22,2.00,4.91,,,,,,,/4HD3,,gaspemi01
1343,Joe Kelly,36,LAD,NL,35,0,0,32.0,7,2,5,0,0,1.000,,,1,6,1.97,1.35,0.20,1.34,,,,,,,1,,kellyjo05
1344,Julian Aguiar,23,CIN,NL,7,7,0,31.2,6,2,4,0,0,1.000,,,0,0,1.71,1.36,0.86,1.34,,,,,,,/1,,aguiaju01
1345,Angel Chivilli,21,COL,NL,30,0,0,31.2,9,4,5,0,1,1.000,,,0,0,2.56,1.36,0.30,1.34,,,,,,,1,,chivian01
1346,Kyle Tyler,27,MIA,NL,8,7,0,31.2,5,1,4,0,0,1.000,,,1,6,1.42,1.36,0.63,1.34,,,,,,,/1,,tylerky01
1347,Josh Fleming,28,PIT,NL,25,3,0,31.1,13,3,10,0,3,1.000,,,4,26,3.73,1.35,0.52,1.34,,,,,,,1,,flemijo01
1348,Michael Kelly,31,OAK,AL,28,0,0,31.1,2,1,1,0,0,1.000,,,-1,-6,0.57,1.32,0.07,1.29,,,,,,,1,,kellymi03
1349,Jordan Leasure,25,CHW,AL,33,0,0,31.1,4,2,2,0,0,1.000,,,1,6,1.15,1.32,0.12,1.29,,,,,,,1,,leasujo01
1350,Oswald Peraza,24,NYY,AL,4,4,2,31.0,5,2,3,0,0,1.000,0,0,0,0,1.45,2.47,1.25,2.45,,,,,,,/5,,perazos02
1351,Rhett Lowder,22,CIN,NL,6,6,0,30.2,3,1,1,1,0,.667,,,0,0,0.59,1.35,0.33,1.33,,,,,,,/1,,lowderh01
1352,Robbie Ray,32,SFG,NL,7,7,0,30.2,2,0,2,0,0,1.000,,,-1,-7,0.59,1.35,0.29,1.34,,,,,,,/1,,rayro02
1353,Bradley Blalock,23,2TM,NL,7,6,0,30.2,4,3,1,0,0,1.000,,,-1,-7,1.17,1.38,0.57,1.33,,,,,,,/1,,blalobr01
1354,Bradley Blalock,23,MIL,NL,1,0,0,1.0,0,0,0,0,0,,,,0,0,0.00,1.80,0.00,1.30,,,,,,,/1,,blalobr01
1355,Bradley Blalock,23,COL,NL,6,6,0,29.2,4,3,1,0,0,1.000,,,-1,-7,1.21,1.37,0.67,1.33,,,,,,,/1,,blalobr01
1356,Matt Bowman,33,4TM,2LG,25,1,0,30.2,7,5,2,0,0,1.000,,,0,0,2.05,1.32,0.28,1.30,,,,,,,1,,bowmama01
1357,Matt Bowman,33,3TM,AL,21,1,0,24.0,6,4,2,0,0,1.000,,,0,0,2.25,1.31,0.29,1.30,,,,,,,1,,bowmama01
1358,Matt Bowman,33,MIN,AL,5,0,0,7.2,2,1,1,0,0,1.000,,,0,0,2.35,1.29,0.40,1.30,,,,,,,/1,,bowmama01
1359,Matt Bowman,33,ARI,NL,4,0,0,6.2,1,1,0,0,0,1.000,,,0,0,1.35,1.35,0.25,1.35,,,,,,,/1,,bowmama01
1360,Matt Bowman,33,SEA,AL,1,0,0,0.2,0,0,0,0,0,,,,0,0,0.00,1.35,0.00,1.30,,,,,,,/1,,bowmama01
1361,Matt Bowman,33,BAL,AL,15,1,0,15.2,4,3,1,0,0,1.000,,,0,0,2.30,1.32,0.27,1.29,,,,,,,1,,bowmama01
1362,Kris Bubic,26,KCR,AL,27,0,0,30.1,5,1,3,1,0,.800,,,0,0,1.19,1.31,0.15,1.29,,,,,,,1,,bubickr01
1363,Davis Daniel,27,LAA,AL,6,6,0,30.1,4,3,0,1,0,.750,,,0,0,0.89,1.31,0.50,1.28,,,,,,,/1,,danieda01
1364,Keegan Thompson,29,CHC,NL,24,0,0,30.1,4,1,1,2,0,.500,,,-1,-7,0.59,1.36,0.08,1.34,,,,,,,1,,thompke02
1365,Yonny Chirinos,30,MIA,NL,6,6,0,30.0,6,4,2,0,0,1.000,,,-1,-7,1.80,1.35,1.00,1.33,,,,,,,/1,,chiriyo01
1366,Carlos Hernández,27,KCR,AL,27,0,0,30.0,2,1,1,0,0,1.000,,,-2,-13,0.60,1.32,0.07,1.29,,,,,,,1,,hernaca04
1367,Clayton Kershaw,36,LAD,NL,7,7,0,30.0,4,1,2,1,0,.750,,,0,0,0.90,1.35,0.43,1.34,,,,,,,/1,,kershcl01
1368,Tony Santillan,27,CIN,NL,29,1,0,30.0,5,2,1,2,0,.600,,,0,0,0.90,1.35,0.10,1.34,,,,,,,1,,santito01
1369,Danny Coulombe,34,BAL,AL,33,0,0,29.2,3,0,3,0,0,1.000,,,1,7,0.91,1.30,0.09,1.29,,,,,,,1,,couloda01
1370,Brandon Bielak,28,2TM,AL,16,0,0,29.2,4,0,4,0,0,1.000,,,0,0,1.21,1.30,0.25,1.29,,,,,,,1,,bielabr01
1371,Brandon Bielak,28,HOU,AL,10,0,0,17.1,2,0,2,0,0,1.000,,,0,0,1.04,1.30,0.20,1.29,,,,,,,1,,bielabr01
1372,Brandon Bielak,28,OAK,AL,6,0,0,12.1,2,0,2,0,0,1.000,,,0,0,1.46,1.31,0.33,1.28,,,,,,,/1,,bielabr01
1373,Brenan Hanifee,26,DET,AL,21,3,0,29.1,9,3,5,1,0,.889,,,0,0,2.45,1.32,0.38,1.29,,,,,,,1,,hanifbr01
1374,George Soriano,25,MIA,NL,22,0,0,29.1,6,3,3,0,0,1.000,,,1,7,1.84,1.35,0.27,1.34,,,,,,,1,,soriage01
1375,Eduardo Salazar,26,2TM,NL,26,0,0,29.1,6,1,4,1,0,.833,,,0,0,1.53,1.35,0.19,1.34,,,,,,,1,,salazed01
1376,Eduardo Salazar,26,LAD,NL,1,0,0,2.0,1,0,1,0,0,1.000,,,0,0,4.50,1.35,1.00,1.30,,,,,,,/1,,salazed01
1377,Eduardo Salazar,26,WSN,NL,25,0,0,27.1,5,1,3,1,0,.800,,,0,0,1.32,1.35,0.16,1.34,,,,,,,1,,salazed01
1378,Bryce Teodosio,25,LAA,AL,4,4,2,29.0,8,7,1,0,1,1.000,-1,-54,-1,-41,2.48,2.27,2.00,2.25,,,,,,,/8DH,,teodobr01
1379,Spencer Howard,27,2TM,2LG,9,3,0,29.0,2,0,2,0,0,1.000,,,-1,-7,0.62,1.33,0.22,1.33,,,,,,,/1,,howarsp01
1380,Spencer Howard,27,SFG,NL,7,2,0,24.0,2,0,2,0,0,1.000,,,-1,-8,0.75,1.35,0.29,1.34,,,,,,,/1,,howarsp01
1381,Spencer Howard,27,CLE,AL,2,1,0,5.0,0,0,0,0,0,,,,0,0,0.00,1.26,0.00,1.30,,,,,,,/1,,howarsp01
1382,Drew Rasmussen,28,TBR,AL,16,4,0,28.2,5,2,2,1,1,.800,,,-1,-7,1.26,1.32,0.25,1.29,,,,,,,1,,rasmudr01
1383,Aaron Ashby,26,MIL,NL,14,2,0,28.1,1,1,0,0,0,1.000,,,-2,-14,0.32,1.37,0.07,1.34,,,,,,,1,,ashbyaa01
1384,Yilber Díaz,23,ARI,NL,7,4,0,28.1,2,0,1,1,0,.500,,,0,0,0.32,1.37,0.14,1.34,,,,,,,/1,,diazyi01
1385,Logan Allen,27,ARI,NL,12,0,0,28.0,6,2,4,0,0,1.000,,,0,0,1.93,1.35,0.50,1.34,,,,,,,1,,allenlo01
1386,Ryan Brasier,36,LAD,NL,29,4,0,28.0,8,4,4,0,0,1.000,,,0,0,2.57,1.35,0.28,1.34,,,,,,,1,,brasiry01
1387,Hunter Feduccia,27,LAD,NL,4,3,3,28.0,34,32,2,0,0,1.000,0,0,0,0,10.93,9.06,8.50,8.95,0,2,3,1,25.0,0,/2H,,feduchu01
1388,David Fletcher,30,ATL,NL,5,3,1,28.0,20,6,14,0,4,1.000,1,43,1,43,6.43,4.15,4.00,4.10,,,,,,,/4,,fletcda02
1389,Robert Gasser,25,MIL,NL,5,5,0,28.0,6,3,2,1,0,.833,,,-1,-7,1.61,1.35,1.00,1.34,,,,,,,/1,,gassero01
1390,Eduard Bazardo,28,SEA,AL,23,0,0,27.2,2,1,1,0,0,1.000,,,-1,-7,0.65,1.30,0.09,1.29,,,,,,,1,,bazared01
1391,Matt Manning,26,DET,AL,5,5,0,27.2,3,1,2,0,1,1.000,,,-1,-7,0.98,1.30,0.60,1.30,,,,,,,/1,,mannima02
1392,Bryan Sammons,29,DET,AL,6,0,0,27.1,1,0,1,0,0,1.000,,,0,0,0.33,1.32,0.17,1.28,,,,,,,/1,,sammobr01
1393,Kolby Allard,26,PHI,NL,7,4,0,27.0,5,2,3,0,0,1.000,,,1,7,1.67,1.37,0.71,1.34,,,,,,,/1,,allarko01
1394,Levi Jordan,28,CIN,NL,6,2,2,27.0,4,3,1,0,1,1.000,-3,-120,0,0,1.33,2.47,0.67,2.50,,,,,,,/7H94,,jordale01
1395,Grant Anderson,27,TEX,AL,23,0,0,26.2,2,0,2,0,0,1.000,,,-1,-8,0.68,1.32,0.09,1.29,,,,,,,1,,andergr01
1396,Aaron Brooks,34,OAK,AL,5,4,0,26.2,6,4,2,0,0,1.000,,,0,0,2.03,1.32,1.20,1.30,,,,,,,/1,,brookaa01
1397,Chris Devenski,33,TBR,AL,19,0,0,26.2,3,2,1,0,0,1.000,,,-1,-8,1.01,1.32,0.16,1.29,,,,,,,1,,devench02
1398,Ethan Roberts,26,CHC,NL,21,0,0,26.2,3,1,2,0,0,1.000,,,1,8,1.01,1.35,0.14,1.34,,,,,,,1,,roberet01
1399,Gerson Garabito,28,TEX,AL,18,2,0,26.1,3,2,1,0,0,1.000,,,0,0,1.03,1.30,0.17,1.29,,,,,,,1,,garabge01
1400,Jay Jackson,36,MIN,AL,20,0,0,26.1,4,2,2,0,0,1.000,,,0,0,1.37,1.30,0.20,1.29,,,,,,,1,,jacksja01
1401,Bryan King,27,HOU,AL,28,0,0,26.1,5,3,2,0,0,1.000,,,0,0,1.71,1.30,0.18,1.29,,,,,,,1,,kingbr02
1402,Gus Varland,27,2TM,2LG,26,0,0,26.1,4,2,1,1,0,.750,,,0,0,1.03,1.33,0.12,1.30,,,,,,,1,,varlagu01
1403,Gus Varland,27,LAD,NL,7,0,0,6.0,3,2,1,0,0,1.000,,,1,33,4.50,1.35,0.43,1.34,,,,,,,/1,,varlagu01
1404,Gus Varland,27,CHW,AL,19,0,0,20.1,1,0,0,1,0,.000,,,-1,-10,0.00,1.33,0.00,1.29,,,,,,,1,,varlagu01
1405,Kevin Alcántara,21,CHC,NL,3,3,2,26.0,2,2,0,0,0,1.000,1,46,0,0,0.69,2.22,0.67,2.17,,,,,,,/9,,alcanke01
1406,Luke Little,23,CHC,NL,29,1,0,26.0,8,1,7,0,1,1.000,,,1,8,2.77,1.35,0.27,1.34,,,,,,,1,,littllu01
1407,Yunior Marté,29,PHI,NL,23,0,0,26.0,6,4,2,0,0,1.000,,,-2,-15,2.08,1.35,0.26,1.34,,,,,,,1,,marteyu01
1408,Liover Peguero,23,PIT,NL,3,3,3,26.0,11,4,6,1,2,.909,0,-14,0,0,3.46,3.81,3.33,3.77,,,,,,,/6,,pegueli01
1409,Rob Brantly,34,TBR,AL,3,3,3,25.2,18,17,1,0,0,1.000,0,0,1,47,6.31,9.19,6.00,9.03,0,0,3,1,25.0,0,/2,,brantro01
1410,Dany Jiménez,30,OAK,AL,25,0,0,25.2,2,0,1,1,0,.500,,,0,0,0.35,1.30,0.04,1.29,,,,,,,1,,jimenda01
1411,Hans Crouse,25,LAA,AL,25,0,0,25.1,3,0,2,1,0,.667,,,-1,-8,0.71,1.31,0.08,1.29,,,,,,,1,,crousha01
1412,J.P. France,29,HOU,AL,5,5,0,25.1,1,1,0,0,0,1.000,,,0,0,0.36,1.31,0.20,1.30,,,,,,,/1,,francjp01
1413,CJ Alexander,27,KCR,AL,3,3,2,25.0,4,1,3,0,0,1.000,-2,-91,-1,-48,1.44,2.48,1.33,2.43,,,,,,,/5DH,,alexacj01
1414,Kaleb Ort,32,HOU,AL,22,0,0,24.2,1,0,0,1,0,.000,,,0,0,0.00,1.31,0.00,1.29,,,,,,,1,,ortka01
1415,Adam Cimber,33,LAA,AL,28,0,0,24.1,4,0,4,0,1,1.000,,,1,8,1.48,1.29,0.14,1.29,,,,,,,1,,cimbead01
1416,Alek Manoah,26,TOR,AL,5,5,0,24.1,2,1,1,0,0,1.000,,,0,0,0.74,1.29,0.40,1.30,,,,,,,/1,,manoaal01
1417,Cody Poteet,29,NYY,AL,5,4,0,24.1,7,5,2,0,0,1.000,,,1,8,2.59,1.29,1.40,1.30,,,,,,,/1,,poteeco01
1418,Josh Staumont,30,MIN,AL,25,0,0,24.1,3,1,2,0,0,1.000,,,0,0,1.11,1.29,0.12,1.29,,,,,,,1,,staumjo01
1419,Fraser Ellard,26,CHW,AL,25,0,0,24.0,4,1,2,1,1,.750,,,0,0,1.13,1.31,0.12,1.29,,,,,,,1,,ellarfr01
1420,Kyle Manzardo,23,CLE,AL,6,2,2,24.0,15,13,2,0,1,1.000,0,5,0,0,5.63,8.03,2.50,7.92,,,,,,,DH/3,,manzaky01
1421,Kenny Rosenberg,28,LAA,AL,7,1,0,24.0,2,0,2,0,0,1.000,,,0,0,0.75,1.31,0.29,1.29,,,,,,,/1,,rosenke01
1422,Sam Hentges,27,CLE,AL,25,0,0,23.2,3,1,2,0,0,1.000,,,0,0,1.14,1.29,0.12,1.29,,,,,,,1,,hentgsa01
1423,Gabe Speier,29,SEA,AL,29,0,0,23.2,3,0,3,0,0,1.000,,,-1,-8,1.14,1.29,0.10,1.29,,,,,,,1,,speiega01
1424,Matt Festa,31,2TM,2LG,19,0,0,23.2,5,2,3,0,0,1.000,,,-1,-8,1.90,1.33,0.26,1.29,,,,,,,1,,festama01
1425,Matt Festa,31,NYM,NL,1,0,0,1.0,0,0,0,0,0,,,,0,0,0.00,1.80,0.00,1.30,,,,,,,/1,,festama01
1426,Matt Festa,31,TEX,AL,18,0,0,22.2,5,2,3,0,0,1.000,,,-1,-9,1.99,1.31,0.28,1.29,,,,,,,1,,festama01
1427,Mitch White,29,3TM,2LG,13,0,0,23.2,3,2,1,0,0,1.000,,,1,8,1.14,1.37,0.23,1.32,,,,,,,1,,whitemi03
1428,Mitch White,29,2TM,NL,9,0,0,13.2,2,1,1,0,0,1.000,,,1,15,1.32,1.38,0.22,1.33,,,,,,,/1,,whitemi03
1429,Mitch White,29,TOR,AL,4,0,0,10.0,1,1,0,0,0,1.000,,,0,0,0.90,1.35,0.25,1.30,,,,,,,/1,,whitemi03
1430,Mitch White,29,SFG,NL,3,0,0,5.1,1,0,1,0,0,1.000,,,0,0,1.69,1.35,0.33,1.33,,,,,,,/1,,whitemi03
1431,Mitch White,29,MIL,NL,6,0,0,8.1,1,1,0,0,0,1.000,,,1,24,1.08,1.40,0.17,1.33,,,,,,,/1,,whitemi03
1432,Bryan Baker,29,BAL,AL,19,0,0,23.1,4,1,3,0,1,1.000,,,0,0,1.54,1.31,0.21,1.29,,,,,,,1,,bakerbr01
1433,Victor González,28,NYY,AL,27,0,0,23.1,6,3,3,0,0,1.000,,,1,9,2.31,1.31,0.22,1.29,,,,,,,1,,gonzavi02
1434,Ron Marinaccio,28,NYY,AL,16,0,0,23.1,4,1,2,1,0,.750,,,-1,-9,1.16,1.31,0.19,1.29,,,,,,,1,,marinro01
1435,Vinny Capra,27,MIL,NL,3,2,2,23.0,8,1,7,0,0,1.000,1,42,0,0,3.13,2.82,2.67,2.93,,,,,,,/56,,capravi01
1436,Michael Helman,28,MIN,AL,8,1,0,23.0,3,2,0,1,0,.667,0,-5,0,0,0.78,2.27,0.25,2.26,,,,,,,/8H759,,helmami01
1437,Ty Madden,24,DET,AL,6,1,0,23.0,2,2,0,0,0,1.000,,,-1,-9,0.78,1.29,0.33,1.28,,,,,,,/1,,maddety01
1438,Michael McGreevy,23,STL,NL,4,3,0,23.0,8,1,7,0,0,1.000,,,1,9,3.13,1.37,2.00,1.35,,,,,,,/1,,mcgremi01
1439,Touki Toussaint,28,CHW,AL,11,0,0,23.0,4,1,1,2,0,.500,,,0,0,0.78,1.29,0.18,1.29,,,,,,,1,,toussto01
1440,Will Warren,25,NYY,AL,6,5,0,22.2,1,1,0,0,0,1.000,,,0,0,0.40,1.31,0.17,1.28,,,,,,,/1,,warrewi01
1441,Brady Basso,26,OAK,AL,7,4,0,22.1,1,0,1,0,0,1.000,,,-1,-9,0.40,1.29,0.14,1.29,,,,,,,/1,,bassobr01
1442,Ray Kerr,29,ATL,NL,10,2,0,22.1,6,1,3,2,0,.667,,,-2,-18,1.61,1.37,0.40,1.34,,,,,,,1,,kerrra01
1443,Tommy Nance,33,TOR,AL,20,0,0,22.0,6,4,1,1,0,.833,,,-2,-18,2.05,1.31,0.25,1.29,,,,,,,1,,nanceto01
1444,Mason Englert,24,DET,AL,12,1,0,21.2,1,1,0,0,0,1.000,,,0,0,0.42,1.33,0.08,1.29,,,,,,,1,,englema01
1445,Sean Reid-Foley,28,NYM,NL,23,0,0,21.2,0,0,0,0,0,,,,-1,-9,0.00,1.37,0.00,1.34,,,,,,,1,,reidfse01
1446,Devin Williams,29,MIL,NL,22,0,0,21.2,3,2,1,0,0,1.000,,,0,0,1.25,1.37,0.14,1.34,,,,,,,1,,willide03
1447,Enoli Paredes,28,2TM,NL,18,0,0,21.2,1,0,1,0,0,1.000,,,0,0,0.42,1.37,0.06,1.34,,,,,,,1,,pareden01
1448,Enoli Paredes,28,MIL,NL,17,0,0,20.2,1,0,1,0,0,1.000,,,0,0,0.44,1.35,0.06,1.34,,,,,,,1,,pareden01
1449,Enoli Paredes,28,CHC,NL,1,0,0,1.0,0,0,0,0,0,,,,0,0,0.00,1.80,0.00,1.30,,,,,,,/1,,pareden01
1450,Yerry Rodríguez,26,2TM,AL,16,0,0,21.2,5,2,3,0,0,1.000,,,0,0,2.08,1.33,0.31,1.29,,,,,,,1,,rodriye01
1451,Yerry Rodríguez,26,TEX,AL,12,0,0,17.0,4,1,3,0,0,1.000,,,0,0,2.12,1.32,0.33,1.29,,,,,,,1,,rodriye01
1452,Yerry Rodríguez,26,TOR,AL,4,0,0,4.2,1,1,0,0,0,1.000,,,0,0,1.93,1.35,0.25,1.30,,,,,,,/1,,rodriye01
1453,Taylor Trammell,26,2TM,2LG,7,1,0,21.1,6,6,0,0,0,1.000,1,68,-1,-56,2.53,2.19,0.86,2.21,,,,,,,/H79D,,trammta01
1454,Taylor Trammell,26,LAD,NL,3,1,0,12.0,5,5,0,0,0,1.000,2,150,0,0,3.75,2.18,1.67,2.17,,,,,,,/H79,,trammta01
1455,Taylor Trammell,26,NYY,AL,4,0,0,9.1,1,1,0,0,0,1.000,0,-39,-1,-129,0.96,2.22,0.25,2.25,,,,,,,/H79D,,trammta01
1456,Darren Baker,25,WSN,NL,5,2,2,21.0,5,2,3,0,1,1.000,-1,-74,-2,-114,2.14,3.99,1.00,3.72,,,,,,,/H4D7,,bakerda02
1457,Sean Guenther,28,DET,AL,17,0,0,21.0,2,1,1,0,0,1.000,,,0,0,0.86,1.33,0.12,1.29,,,,,,,1,,guentse01
1458,Cade Marlowe,27,SEA,AL,7,1,1,21.0,4,4,0,0,0,1.000,0,0,0,0,1.71,2.27,0.57,2.24,,,,,,,/98HD,,marloca01
1459,Andrew McCutchen,37,PIT,NL,5,2,1,21.0,6,6,0,0,0,1.000,0,-11,0,0,2.57,2.23,1.20,2.18,,,,,,,*D/9H,,mccutan01
1460,Duke Ellis,26,2TM,AL,7,1,1,21.0,10,8,0,2,0,.800,-1,-51,-1,-57,3.43,2.27,1.14,2.23,,,,,,,/H789D,,ellisdu01
1461,Duke Ellis,26,CHW,AL,6,1,1,20.0,8,6,0,2,0,.750,-1,-66,-1,-60,2.70,2.25,1.00,2.23,,,,,,,/H789D,,ellisdu01
1462,Duke Ellis,26,NYY,AL,1,0,0,1.0,2,2,0,0,0,1.000,0,240,0,0,18.00,2.70,2.00,2.20,,,,,,,/H7,,ellisdu01
1463,Colten Brewer,31,CHC,NL,16,0,0,20.2,4,2,1,1,0,.750,,,-2,-19,1.31,1.35,0.19,1.34,,,,,,,1,,breweco01
1464,Richard Fitts,24,BOS,AL,4,4,0,20.2,5,1,4,0,1,1.000,,,1,10,2.18,1.31,1.25,1.30,,,,,,,/1,,fittsri01
1465,Giovanny Gallegos,32,STL,NL,21,0,0,20.2,8,4,4,0,0,1.000,,,1,10,3.48,1.35,0.38,1.34,,,,,,,1,,gallegi01
1466,Domingo Germán,31,PIT,NL,7,2,0,20.2,3,2,1,0,0,1.000,,,-1,-10,1.31,1.35,0.43,1.34,,,,,,,/1,,germado01
1467,John Means,31,BAL,AL,4,4,0,20.2,1,0,1,0,0,1.000,,,0,0,0.44,1.31,0.25,1.30,,,,,,,/1,,meansjo01
1468,Emmanuel Ramírez,29,MIA,NL,15,0,0,20.2,1,1,0,0,0,1.000,,,0,0,0.44,1.35,0.07,1.34,,,,,,,1,,ramirem01
1469,Erasmo Ramírez,34,TBR,AL,13,0,0,20.2,2,0,2,0,0,1.000,,,0,0,0.87,1.31,0.15,1.29,,,,,,,1,,ramirer02
1470,Ryder Ryan,29,PIT,NL,15,0,0,20.2,1,1,0,0,0,1.000,,,0,0,0.44,1.35,0.07,1.34,,,,,,,1,,ryanry01
1471,Scott Blewett,28,MIN,AL,12,0,0,20.1,4,1,3,0,0,1.000,,,0,0,1.77,1.33,0.33,1.29,,,,,,,1,,blewesc01
1472,Noah Davis,27,COL,NL,9,0,0,20.1,3,1,2,0,0,1.000,,,0,0,1.33,1.37,0.33,1.34,,,,,,,/1,,davisno01
1473,Matt Duffy,33,TEX,AL,4,2,2,20.1,5,2,3,0,0,1.000,1,41,1,59,2.21,2.48,1.25,2.45,,,,,,,/5H,,duffyma01
1474,Tony Kemp,32,BAL,AL,5,2,1,20.1,8,3,5,0,0,1.000,0,-6,0,0,3.54,3.85,1.33,3.63,,,,,,,/4H7,,kempto01
1475,River Ryan,25,LAD,NL,4,4,0,20.1,8,2,6,0,1,1.000,,,1,10,3.54,1.37,2.00,1.35,,,,,,,/1,,ryanri01
1476,J.P. Martínez,28,ATL,NL,5,1,1,20.0,4,4,0,0,0,1.000,0,12,0,0,1.80,2.21,0.80,2.18,,,,,,,/H798D,,martijp01
1477,Jeff Criswell,25,COL,NL,13,0,0,19.2,3,1,2,0,0,1.000,,,-2,-20,1.37,1.37,0.23,1.34,,,,,,,1,,criswje01
1478,Michael Petersen,30,2TM,NL,16,0,0,19.2,1,0,1,0,0,1.000,,,0,0,0.46,1.37,0.06,1.34,,,,,,,1,,petermi01
1479,Michael Petersen,30,LAD,NL,11,0,0,14.0,0,0,0,0,0,,,,0,0,0.00,1.35,0.00,1.34,,,,,,,1,,petermi01
1480,Michael Petersen,30,MIA,NL,5,0,0,5.2,1,0,1,0,0,1.000,,,0,0,1.59,1.43,0.20,1.34,,,,,,,/1,,petermi01
1481,Ronny Henriquez,24,MIN,AL,16,1,0,19.1,5,0,5,0,0,1.000,,,2,21,2.33,1.30,0.31,1.29,,,,,,,1,,henriro01
1482,José Marte,28,LAA,AL,14,0,0,19.1,4,1,3,0,0,1.000,,,1,10,1.86,1.30,0.29,1.29,,,,,,,1,,martejo01
1483,José Quijada,28,LAA,AL,22,0,0,19.1,1,0,1,0,0,1.000,,,0,0,0.47,1.30,0.05,1.29,,,,,,,1,,quijajo01
1484,Troy Taylor,22,SEA,AL,21,0,0,19.1,1,0,1,0,0,1.000,,,0,0,0.47,1.30,0.05,1.29,,,,,,,1,,taylotr01
1485,Prelander Berroa,24,CHW,AL,17,0,0,19.0,4,1,3,0,0,1.000,,,1,11,1.89,1.33,0.24,1.29,,,,,,,1,,berropr01
1486,Sean Burke,24,CHW,AL,4,3,0,19.0,2,0,1,1,0,.500,,,0,0,0.47,1.33,0.25,1.30,,,,,,,/1,,burkese01
1487,Dominic Leone,32,CHW,AL,23,0,0,19.0,3,0,2,1,0,.667,,,-2,-21,0.95,1.33,0.09,1.29,,,,,,,1,,leonedo01
1488,Anthony Maldonado,26,MIA,NL,16,1,0,19.0,6,2,3,1,1,.833,,,0,0,2.37,1.37,0.31,1.34,,,,,,,1,,maldoan01
1489,Cody Bolton,26,SEA,AL,17,0,0,18.2,6,0,5,1,0,.833,,,0,0,2.41,1.30,0.29,1.29,,,,,,,1,,boltoco01
1490,Alex Lange,28,DET,AL,21,0,0,18.2,1,0,1,0,0,1.000,,,0,0,0.48,1.30,0.05,1.29,,,,,,,1,,langeal01
1491,Blake Walston,23,ARI,NL,7,2,0,18.1,2,0,2,0,0,1.000,,,0,0,0.98,1.37,0.29,1.34,,,,,,,/1,,walstbl01
1492,Garrett Whitlock,28,BOS,AL,4,4,0,18.1,7,4,3,0,0,1.000,,,0,0,3.44,1.33,1.75,1.30,,,,,,,/1,,whitlga01
1493,Aramis Garcia,31,PHI,NL,3,2,2,18.0,17,15,2,0,0,1.000,1,67,1,67,8.50,9.05,5.67,8.93,0,0,1,1,50.0,0,/2,,garciar01
1494,Daysbel Hernández,27,ATL,NL,16,0,0,18.0,2,1,1,0,0,1.000,,,0,0,1.00,1.35,0.13,1.34,,,,,,,1,,hernada03
1495,Bailey Horn,26,BOS,AL,18,0,0,18.0,5,1,3,1,0,.800,,,0,0,2.00,1.30,0.22,1.29,,,,,,,1,,hornba01
1496,Walter Pennington,26,2TM,AL,16,1,0,18.0,2,1,1,0,0,1.000,,,-1,-11,1.00,1.30,0.13,1.29,,,,,,,1,,penniwa01
1497,Walter Pennington,26,KCR,AL,1,0,0,0.2,0,0,0,0,0,,,,0,0,0.00,1.35,0.00,1.30,,,,,,,/1,,penniwa01
1498,Walter Pennington,26,TEX,AL,15,1,0,17.1,2,1,1,0,0,1.000,,,-1,-12,1.04,1.30,0.13,1.29,,,,,,,1,,penniwa01
1499,Ky Bush,24,CHW,AL,4,4,0,17.2,4,2,2,0,0,1.000,,,1,11,2.04,1.32,1.00,1.30,,,,,,,/1,,bushky01
1500,Kent Emanuel,32,MIA,NL,12,0,0,17.2,7,2,5,0,0,1.000,,,1,11,3.57,1.38,0.58,1.34,,,,,,,1,,emanuke01
1501,Brandon Hughes,28,ARI,NL,15,2,0,17.2,5,2,3,0,0,1.000,,,0,0,2.55,1.38,0.33,1.34,,,,,,,1,,hughebr01
1502,Joe La Sorsa,26,WSN,NL,16,0,0,17.2,4,0,4,0,0,1.000,,,0,0,2.04,1.38,0.25,1.34,,,,,,,1,,lasorjo01
1503,Drew Smith,30,NYM,NL,19,0,0,17.2,1,0,1,0,0,1.000,,,0,0,0.51,1.38,0.05,1.34,,,,,,,1,,smithdr01
1504,Guillo Zuñiga,25,LAA,AL,15,0,0,17.2,1,0,1,0,0,1.000,,,0,0,0.51,1.32,0.07,1.29,,,,,,,1,,zuniggu01
1505,Adbert Alzolay,29,CHC,NL,18,0,0,17.1,3,1,2,0,0,1.000,,,-1,-12,1.56,1.35,0.17,1.34,,,,,,,1,,alzolad01
1506,Cole Winn,24,TEX,AL,13,0,0,17.1,3,1,2,0,0,1.000,,,0,0,1.56,1.30,0.23,1.29,,,,,,,1,,winnco01
1507,Hunter Bigge,26,2TM,2LG,19,1,0,17.1,1,0,1,0,0,1.000,,,-1,-12,0.52,1.30,0.05,1.31,,,,,,,1,,biggehu01
1508,Hunter Bigge,26,CHC,NL,4,0,0,3.1,1,0,1,0,0,1.000,,,0,0,2.70,1.35,0.25,1.35,,,,,,,/1,,biggehu01
1509,Hunter Bigge,26,TBR,AL,15,1,0,14.0,0,0,0,0,0,,,,-1,-14,0.00,1.29,0.00,1.29,,,,,,,1,,biggehu01
1510,Mike Ford,31,CIN,NL,2,2,2,17.0,17,15,2,0,1,1.000,1,64,1,71,9.00,8.31,8.50,8.20,,,,,,,D/3H,,fordmi01
1511,Andrew Knapp,32,SFG,NL,3,2,0,17.0,21,21,0,0,0,1.000,0,0,0,0,11.12,9.05,7.00,8.93,1,0,2,0,0.0,0,/2,,knappan01
1512,Edwin Ríos,30,CIN,NL,3,2,1,17.0,12,12,0,0,2,1.000,0,21,0,0,6.35,8.31,4.00,8.17,,,,,,,/3H,,riosed01
1513,Zack Thompson,26,STL,NL,5,2,0,17.0,3,2,1,0,0,1.000,,,0,0,1.59,1.38,0.60,1.34,,,,,,,/1,,thompza02
1514,Ryan Zeferjahn,26,LAA,AL,12,0,0,17.0,4,2,2,0,0,1.000,,,0,0,2.12,1.32,0.33,1.29,,,,,,,1,,zeferry01
1515,Dallas Keuchel,36,MIL,NL,4,4,0,16.2,2,0,2,0,0,1.000,,,-1,-12,1.08,1.35,0.50,1.35,,,,,,,/1,,keuchda01
1516,Alex Cobb,36,CLE,AL,3,3,0,16.1,5,2,3,0,1,1.000,,,0,0,2.76,1.32,1.67,1.30,,,,,,,/1,,cobbal01
1517,Matt Sauer,25,KCR,AL,14,0,0,16.1,2,0,2,0,0,1.000,,,0,0,1.10,1.32,0.14,1.29,,,,,,,1,,sauerma01
1518,Josh Sborz,30,TEX,AL,17,0,0,16.1,3,2,1,0,0,1.000,,,-1,-12,1.65,1.32,0.18,1.29,,,,,,,1,,sborzjo01
1519,Yosver Zulueta,26,CIN,NL,12,0,0,16.1,3,3,0,0,0,1.000,,,0,0,1.65,1.38,0.25,1.34,,,,,,,1,,zulueyo01
1520,José Cuas,30,2TM,2LG,13,0,0,16.1,2,1,1,0,0,1.000,,,0,0,1.10,1.32,0.15,1.33,,,,,,,1,,cuasjo01
1521,José Cuas,30,CHC,NL,9,0,0,13.1,1,1,0,0,0,1.000,,,0,0,0.68,1.35,0.11,1.34,,,,,,,/1,,cuasjo01
1522,José Cuas,30,TOR,AL,4,0,0,3.0,1,0,1,0,0,1.000,,,0,0,3.00,1.20,0.25,1.30,,,,,,,/1,,cuasjo01
1523,Shaun Anderson,29,2TM,2LG,6,2,0,16.1,2,1,1,0,0,1.000,,,0,0,1.10,1.38,0.33,1.33,,,,,,,/1,,andersh01
1524,Shaun Anderson,29,TEX,AL,2,0,0,3.1,1,0,1,0,0,1.000,,,0,0,2.70,1.35,0.50,1.30,,,,,,,/1,,andersh01
1525,Shaun Anderson,29,MIA,NL,4,2,0,13.0,1,1,0,0,0,1.000,,,0,0,0.69,1.38,0.25,1.35,,,,,,,/1,,andersh01
1526,Cole Sulser,34,2TM,2LG,10,2,0,16.1,1,0,1,0,0,1.000,,,0,0,0.55,1.32,0.10,1.31,,,,,,,1,,sulseco01
1527,Cole Sulser,34,NYM,NL,4,0,0,4.2,0,0,0,0,0,,,,-1,-43,0.00,1.35,0.00,1.35,,,,,,,/1,,sulseco01
1528,Cole Sulser,34,TBR,AL,6,2,0,11.2,1,0,1,0,0,1.000,,,1,17,0.77,1.31,0.17,1.28,,,,,,,/1,,sulseco01
1529,Tristan Beck,28,SFG,NL,7,1,0,16.0,2,1,1,0,0,1.000,,,0,0,1.13,1.35,0.29,1.34,,,,,,,/1,,becktr01
1530,Travis Blankenhorn,27,WSN,NL,3,2,0,16.0,6,6,0,0,0,1.000,1,68,0,0,3.38,2.19,2.00,2.17,,,,,,,D/9H,,blanktr01
1531,Mike Clevinger,33,CHW,AL,4,4,0,16.0,3,0,3,0,1,1.000,,,0,0,1.69,1.29,0.75,1.30,,,,,,,/1,,clevimi01
1532,Grant Koch,27,PIT,NL,2,2,1,16.0,17,17,0,0,0,1.000,0,0,0,0,9.56,9.06,8.50,8.95,0,1,0,0,,0,/2H,,kochgr01
1533,Nick Maton,27,BAL,AL,3,2,0,16.0,2,0,2,0,1,1.000,0,-30,0,0,1.13,2.64,0.67,2.93,,,,,,,/5H4D,,matonni01
1534,Yency Almonte,30,CHC,NL,17,0,0,15.2,0,0,0,0,0,,,,0,0,0.00,1.38,0.00,1.34,,,,,,,1,,almonye01
1535,José Cisnero,35,LAA,AL,15,0,0,15.2,2,1,0,1,0,.500,,,-1,-13,0.57,1.32,0.07,1.29,,,,,,,1,,cisnejo01
1536,Grant Holman,24,OAK,AL,18,0,0,15.2,0,0,0,0,0,,,,0,0,0.00,1.32,0.00,1.29,,,,,,,1,,holmagr01
1537,Brock Stewart,32,MIN,AL,16,0,0,15.2,3,1,2,0,1,1.000,,,0,0,1.72,1.32,0.19,1.29,,,,,,,1,,stewabr01
1538,Alex Young,30,2TM,NL,17,0,0,15.2,2,1,1,0,0,1.000,,,0,0,1.15,1.38,0.12,1.34,,,,,,,1,,youngal01
1539,Alex Young,30,CIN,NL,3,0,0,2.0,0,0,0,0,0,,,,0,0,0.00,1.35,0.00,1.33,,,,,,,/1,,youngal01
1540,Alex Young,30,NYM,NL,14,0,0,13.2,2,1,1,0,0,1.000,,,0,0,1.32,1.38,0.14,1.34,,,,,,,1,,youngal01
1541,Elieser Hernández,29,2TM,NL,9,1,0,15.2,1,0,1,0,0,1.000,,,0,0,0.57,1.38,0.11,1.34,,,,,,,/1,,hernael01
1542,Elieser Hernández,29,LAD,NL,5,1,0,9.2,1,0,1,0,0,1.000,,,0,0,0.93,1.40,0.20,1.34,,,,,,,/1,,hernael01
1543,Elieser Hernández,29,MIL,NL,4,0,0,6.0,0,0,0,0,0,,,,0,0,0.00,1.35,0.00,1.35,,,,,,,/1,,hernael01
1544,Tyler Wells,29,BAL,AL,3,3,0,15.1,2,0,2,0,0,1.000,,,0,0,1.17,1.29,0.67,1.30,,,,,,,/1,,wellsty01
1545,Diego Castillo,26,MIN,AL,3,2,1,15.0,4,1,3,0,0,1.000,0,32,1,80,2.40,2.46,1.33,2.43,,,,,,,/5DH,,castidi02
1546,Greg Jones,26,COL,NL,4,1,1,15.0,2,2,0,0,0,1.000,-1,-88,0,0,1.20,2.22,0.50,2.18,,,,,,,/9H,,jonesgr02
1547,Julian Merryweather,32,CHC,NL,15,0,0,15.0,3,2,1,0,0,1.000,,,0,0,1.80,1.38,0.20,1.34,,,,,,,1,,merryju01
1548,Sammy Peralta,26,CHW,AL,9,0,0,15.0,1,0,1,0,0,1.000,,,0,0,0.60,1.32,0.11,1.29,,,,,,,/1,,peralsa01
1549,Tom Cosgrove,28,SDP,NL,18,0,0,14.2,2,0,2,0,0,1.000,,,1,14,1.23,1.35,0.11,1.34,,,,,,,1,,cosgrto01
1550,Alek Jacob,26,SDP,NL,7,0,0,14.2,1,0,1,0,0,1.000,,,0,0,0.61,1.35,0.14,1.34,,,,,,,/1,,jacobal01
1551,Daniel Palencia,24,CHC,NL,10,0,0,14.2,1,0,1,0,0,1.000,,,0,0,0.61,1.35,0.10,1.34,,,,,,,1,,palenda01
1552,Daulton Jefferies,28,2TM,NL,6,1,0,14.2,0,0,0,0,0,,,,0,0,0.00,1.35,0.00,1.35,,,,,,,/1,,jeffeda01
1553,Daulton Jefferies,28,SFG,NL,2,1,0,4.2,0,0,0,0,0,,,,0,0,0.00,1.35,0.00,1.35,,,,,,,/1,,jeffeda01
1554,Daulton Jefferies,28,PIT,NL,4,0,0,10.0,0,0,0,0,0,,,,0,0,0.00,1.35,0.00,1.35,,,,,,,/1,,jeffeda01
1555,Abner Uribe,24,MIL,NL,14,0,0,14.1,7,5,2,0,1,1.000,,,1,14,4.40,1.38,0.50,1.34,,,,,,,1,,uribeab01
1556,Brandon Williamson,26,CIN,NL,4,3,0,14.1,0,0,0,0,0,,,,0,0,0.00,1.38,0.00,1.35,,,,,,,/1,,willibr02
1557,Brian Anderson,31,ATL,NL,3,2,0,14.0,3,3,0,0,0,1.000,0,34,0,0,1.93,2.25,1.00,2.30,,,,,,,/95,,anderbr06
1558,Tyler Beede,31,CLE,AL,13,0,0,14.0,2,0,2,0,0,1.000,,,-1,-14,1.29,1.29,0.15,1.29,,,,,,,1,,beedety01
1559,Matt Carpenter,38,STL,NL,6,1,0,14.0,13,11,2,0,1,1.000,1,51,1,86,8.36,6.81,1.86,6.79,,,,,,,DH/345,,carpema01
1560,Deivi García,25,CHW,AL,14,0,0,14.0,0,0,0,0,0,,,,-1,-14,0.00,1.29,0.00,1.29,,,,,,,1,,garcide01
1561,Tyler Gentry,25,KCR,AL,3,2,0,14.0,1,1,0,0,0,1.000,0,9,0,0,0.64,2.25,0.33,2.23,,,,,,,/9H,,gentrty01
1562,Myles Straw,29,CLE,AL,5,1,0,14.0,4,4,0,0,0,1.000,1,111,-1,-86,2.57,2.25,0.80,2.24,,,,,,,/8HD,,strawmy01
1563,Miguel Castro,29,ARI,NL,11,0,0,13.2,4,0,4,0,0,1.000,,,1,15,2.63,1.38,0.36,1.34,,,,,,,1,,castrmi01
1564,Max Lazar,25,PHI,NL,11,0,0,13.2,3,0,3,0,1,1.000,,,0,0,1.98,1.38,0.27,1.34,,,,,,,1,,lazarma01
1565,Joely Rodríguez,32,BOS,AL,14,0,0,13.2,3,2,1,0,0,1.000,,,0,0,1.98,1.32,0.21,1.29,,,,,,,1,,rodrijo06
1566,Jordan Romano,31,TOR,AL,15,0,0,13.2,1,0,1,0,0,1.000,,,-1,-15,0.66,1.32,0.07,1.29,,,,,,,1,,romanjo03
1567,Darius Vines,26,ATL,NL,4,2,0,13.2,3,1,2,0,0,1.000,,,0,0,1.98,1.38,0.75,1.35,,,,,,,/1,,vinesda01
1568,Matt Barnes,34,WSN,NL,14,0,0,13.1,1,1,0,0,0,1.000,,,-1,-15,0.68,1.35,0.07,1.34,,,,,,,1,,barnema01
1569,Nick Ramirez,34,LAD,NL,8,0,0,13.1,2,0,2,0,0,1.000,,,0,0,1.35,1.35,0.25,1.34,,,,,,,/1,,ramirni01
1570,Nick Robertson,25,2TM,2LG,9,0,0,13.1,2,1,1,0,0,1.000,,,0,0,1.35,1.35,0.22,1.33,,,,,,,/1,,roberni01
1571,Nick Robertson,25,STL,NL,8,0,0,12.1,1,1,0,0,0,1.000,,,0,0,0.73,1.39,0.13,1.34,,,,,,,/1,,roberni01
1572,Nick Robertson,25,TOR,AL,1,0,0,1.0,1,0,1,0,0,1.000,,,0,0,9.00,0.90,1.00,1.30,,,,,,,/1,,roberni01
1573,Anthony Veneziano,26,2TM,2LG,12,0,0,13.1,1,1,0,0,0,1.000,,,0,0,0.68,1.35,0.08,1.33,,,,,,,1,,venezan01
1574,Anthony Veneziano,26,KCR,AL,2,0,0,2.0,0,0,0,0,0,,,,0,0,0.00,1.35,0.00,1.30,,,,,,,/1,,venezan01
1575,Anthony Veneziano,26,MIA,NL,10,0,0,11.1,1,1,0,0,0,1.000,,,0,0,0.79,1.35,0.10,1.34,,,,,,,1,,venezan01
1576,Sam Aldegheri,22,LAA,AL,3,3,0,13.0,0,0,0,0,0,,,,0,0,0.00,1.32,0.00,1.30,,,,,,,/1,,aldegsa01
1577,Sandro Fabian,26,TEX,AL,3,2,0,13.0,1,1,0,0,0,1.000,0,-37,0,0,0.69,2.28,0.33,2.23,,,,,,,/79,,fabiasa01
1578,Michael Mercado,25,PHI,NL,5,2,0,13.0,0,0,0,0,0,,,,0,0,0.00,1.38,0.00,1.34,,,,,,,/1,,mercami01
1579,Ryan Miller,28,LAA,AL,13,0,0,13.0,2,1,1,0,0,1.000,,,1,15,1.38,1.32,0.15,1.29,,,,,,,1,,millery01
1580,Tyler Mahle,29,TEX,AL,3,3,0,12.2,0,0,0,0,0,,,,0,0,0.00,1.28,0.00,1.30,,,,,,,/1,,mahlety01
1581,Erik Sabrowski,26,CLE,AL,8,0,0,12.2,2,0,2,0,0,1.000,,,1,16,1.42,1.28,0.25,1.29,,,,,,,/1,,sabroer01
1582,Seth Halvorsen,24,COL,NL,12,0,0,12.1,1,1,0,0,0,1.000,,,-1,-16,0.73,1.39,0.08,1.34,,,,,,,1,,halvose01
1583,Jimmy Herget,30,ATL,NL,8,0,0,12.1,1,0,0,1,0,.000,,,-1,-16,0.00,1.39,0.00,1.34,,,,,,,/1,,hergeji01
1584,Luis Peralta,23,COL,NL,15,0,0,12.1,1,0,1,0,0,1.000,,,-1,-16,0.73,1.39,0.07,1.34,,,,,,,1,,perallu01
1585,Carlos Rodriguez,22,MIL,NL,3,3,0,12.1,2,0,2,0,0,1.000,,,2,32,1.46,1.39,0.67,1.33,,,,,,,/1,,rodrica02
1586,Antonio Senzatela,29,COL,NL,3,3,0,12.1,3,2,1,0,1,1.000,,,0,0,2.19,1.39,1.00,1.33,,,,,,,/1,,senzaan01
1587,Nick Vespi,28,BAL,AL,11,0,0,12.1,1,1,0,0,0,1.000,,,0,0,0.73,1.31,0.09,1.29,,,,,,,1,,vespini01
1588,Josh Walker,29,NYM,NL,10,0,0,12.1,2,2,0,0,0,1.000,,,0,0,1.46,1.39,0.20,1.34,,,,,,,1,,walkejo03
1589,Shane Bieber,29,CLE,AL,2,2,0,12.0,2,1,1,0,0,1.000,,,0,0,1.50,1.28,1.00,1.30,,,,,,,/1,,biebesh01
1590,Ben Heller,32,PIT,NL,8,0,0,12.0,1,1,0,0,0,1.000,,,0,0,0.75,1.35,0.13,1.34,,,,,,,/1,,hellebe01
1591,Brewer Hicklen,28,MIL,NL,2,2,0,12.0,2,2,0,0,0,1.000,0,10,0,0,1.50,2.18,1.00,2.20,,,,,,,/9H,,hicklbr01
1592,John McMillon,26,MIA,NL,10,0,0,12.0,3,1,1,1,0,.667,,,0,0,1.50,1.35,0.20,1.34,,,,,,,1,,mcmiljo01
1593,Zach Plesac,29,LAA,AL,3,3,0,12.0,2,0,2,0,0,1.000,,,0,0,1.50,1.28,0.67,1.30,,,,,,,/1,,plesaza01
1594,Vinny Nittoli,33,2TM,AL,9,0,0,12.0,0,0,0,0,0,,,,0,0,0.00,1.35,0.00,1.29,,,,,,,/1,,nittovi01
1595,Vinny Nittoli,33,OAK,AL,7,0,0,8.0,0,0,0,0,0,,,,0,0,0.00,1.35,0.00,1.29,,,,,,,/1,,nittovi01
1596,Vinny Nittoli,33,BAL,AL,2,0,0,4.0,0,0,0,0,0,,,,0,0,0.00,1.35,0.00,1.30,,,,,,,/1,,nittovi01
1597,Nick Avila,26,SFG,NL,8,0,0,11.2,1,1,0,0,0,1.000,,,0,0,0.77,1.39,0.13,1.34,,,,,,,/1,,avilani01
1598,Jake Bloss,23,HOU,AL,3,3,0,11.2,2,2,0,0,0,1.000,,,-2,-34,1.54,1.31,0.67,1.30,,,,,,,/1,,blossja01
1599,Kumar Rocker,24,TEX,AL,3,3,0,11.2,2,0,2,0,0,1.000,,,0,0,1.54,1.31,0.67,1.30,,,,,,,/1,,rockeku01
1600,Peter Strzelecki,29,CLE,AL,10,0,0,11.2,0,0,0,0,0,,,,0,0,0.00,1.31,0.00,1.29,,,,,,,1,,strzepe01
1601,Easton Lucas,27,3TM,AL,8,0,0,11.2,2,1,1,0,0,1.000,,,0,0,1.54,1.31,0.25,1.30,,,,,,,/1,,lucasea01
1602,Easton Lucas,27,OAK,AL,3,0,0,3.2,0,0,0,0,0,,,,0,0,0.00,1.23,0.00,1.30,,,,,,,/1,,lucasea01
1603,Easton Lucas,27,DET,AL,3,0,0,3.1,0,0,0,0,0,,,,0,0,0.00,1.35,0.00,1.30,,,,,,,/1,,lucasea01
1604,Easton Lucas,27,TOR,AL,2,0,0,4.2,2,1,1,0,0,1.000,,,0,0,3.86,1.35,1.00,1.30,,,,,,,/1,,lucasea01
1605,Johnny Cueto,38,LAA,AL,2,2,0,11.1,0,0,0,0,0,,,,0,0,0.00,1.27,0.00,1.30,,,,,,,/1,,cuetojo01
1606,Logan Gillaspie,27,SDP,NL,9,0,0,11.1,2,0,2,0,0,1.000,,,0,0,1.59,1.35,0.22,1.34,,,,,,,/1,,gillalo01
1607,Yoendrys Gómez,24,NYY,AL,5,0,0,11.1,2,1,1,0,0,1.000,,,0,0,1.59,1.27,0.40,1.30,,,,,,,/1,,gomezyo01
1608,Kevin Herget,33,MIL,NL,7,0,0,11.1,1,0,1,0,0,1.000,,,0,0,0.79,1.35,0.14,1.34,,,,,,,/1,,hergeke01
1609,Samad Taylor,25,SEA,AL,3,1,0,11.1,1,1,0,0,0,1.000,0,-11,0,0,0.79,2.30,0.33,2.23,,,,,,,/78H,,taylosa04
1610,Brett de Geus,26,3TM,2LG,13,0,0,11.1,3,0,2,1,0,.667,,,0,0,1.59,1.35,0.15,1.32,,,,,,,1,,degeubr01
1611,Brett de Geus,26,2TM,AL,6,0,0,5.2,2,0,1,1,0,.500,,,0,0,1.59,1.27,0.17,1.30,,,,,,,/1,,degeubr01
1612,Brett de Geus,26,SEA,AL,4,0,0,3.1,1,0,1,0,0,1.000,,,0,0,2.70,1.35,0.25,1.30,,,,,,,/1,,degeubr01
1613,Brett de Geus,26,MIA,NL,7,0,0,5.2,1,0,1,0,0,1.000,,,0,0,1.59,1.43,0.14,1.34,,,,,,,/1,,degeubr01
1614,Brett de Geus,26,TOR,AL,2,0,0,2.1,1,0,0,1,0,.000,,,0,0,0.00,1.16,0.00,1.30,,,,,,,/1,,degeubr01
1615,Ryan Borucki,30,PIT,NL,14,0,0,11.0,8,1,5,2,1,.750,,,1,18,4.91,1.39,0.43,1.34,,,,,,,1,,borucry01
1616,J.P. Feyereisen,31,LAD,NL,10,0,0,11.0,3,2,1,0,0,1.000,,,0,0,2.45,1.39,0.30,1.34,,,,,,,1,,feyerjo01
1617,Justin Foscue,25,TEX,AL,3,1,0,11.0,9,7,2,0,1,1.000,0,-44,1,109,7.36,6.87,3.00,5.23,,,,,,,D/4H3,,foscuju01
1618,Sam Huff,26,TEX,AL,2,1,1,11.0,9,9,0,0,0,1.000,0,0,0,0,7.36,9.16,4.50,9.05,0,0,0,0,,0,/2H,,huffsa01
1619,Parker Mushinski,28,HOU,AL,10,0,0,11.0,2,1,0,1,0,.500,,,-2,-36,0.82,1.31,0.10,1.29,,,,,,,1,,mushipa01
1620,Sean Reynolds,26,SDP,NL,9,0,0,11.0,0,0,0,0,0,,,,0,0,0.00,1.39,0.00,1.34,,,,,,,/1,,reynose01
1621,Josh Rogers,29,COL,NL,6,0,0,11.0,0,0,0,0,0,,,,0,0,0.00,1.39,0.00,1.33,,,,,,,/1,,rogerjo01
1622,Kai-Wei Teng,25,SFG,NL,4,0,0,11.0,4,2,2,0,0,1.000,,,0,0,3.27,1.39,1.00,1.35,,,,,,,/1,,tengka01
1623,Joan Adon,25,WSN,NL,8,1,0,10.2,6,2,4,0,0,1.000,,,1,19,5.06,1.35,0.75,1.34,,,,,,,/1,,adonjo01
1624,Jacob deGrom,36,TEX,AL,3,3,0,10.2,1,0,1,0,0,1.000,,,0,0,0.84,1.35,0.33,1.30,,,,,,,/1,,degroja01
1625,Jaden Hill,24,COL,NL,9,0,0,10.2,1,0,1,0,0,1.000,,,-1,-19,0.84,1.35,0.11,1.34,,,,,,,/1,,hillja01
1626,Caleb Kilian,27,CHC,NL,2,1,0,10.2,3,2,1,0,0,1.000,,,0,0,2.53,1.35,1.50,1.35,,,,,,,/1,,kiliaca01
1627,Kyle Nelson,27,ARI,NL,11,0,0,10.2,0,0,0,0,0,,,,0,0,0.00,1.35,0.00,1.34,,,,,,,1,,nelsoky01
1628,Ricardo Pinto,30,PHI,NL,6,0,0,10.2,6,5,1,0,0,1.000,,,0,0,5.06,1.35,1.00,1.33,,,,,,,/1,,pintori01
1629,Austin Warren,28,SFG,NL,6,0,0,10.2,3,2,1,0,1,1.000,,,0,0,2.53,1.35,0.50,1.33,,,,,,,/1,,warreau01
1630,Humberto Castellanos,26,ARI,NL,7,0,0,10.1,1,1,0,0,0,1.000,,,0,0,0.87,1.39,0.14,1.34,,,,,,,/1,,castehu01
1631,Caden Dana,20,LAA,AL,3,3,0,10.1,1,1,0,0,0,1.000,,,0,0,0.87,1.31,0.33,1.30,,,,,,,/1,,danaca01
1632,Jacob Lopez,26,TBR,AL,4,1,0,10.1,1,1,0,0,0,1.000,,,-1,-19,0.87,1.31,0.25,1.30,,,,,,,/1,,lopezja04
1633,Joey Lucchesi,31,NYM,NL,2,2,0,10.1,1,0,1,0,0,1.000,,,0,0,0.87,1.39,0.50,1.35,,,,,,,/1,,lucchjo01
1634,Kirby Snead,29,SEA,AL,11,0,0,10.1,5,0,5,0,0,1.000,,,0,0,4.35,1.31,0.45,1.29,,,,,,,1,,sneadki01
1635,Diego Castillo,30,MIN,AL,7,0,0,10.0,2,1,1,0,0,1.000,,,0,0,1.80,1.35,0.29,1.29,,,,,,,/1,,castidi01
1636,Luis Guerrero,23,BOS,AL,9,0,0,10.0,1,1,0,0,0,1.000,,,0,0,0.90,1.35,0.11,1.29,,,,,,,/1,,guerrlu01
1637,Cooper Hummel,29,HOU,AL,4,1,0,10.0,3,3,0,0,0,1.000,1,72,0,0,2.70,2.25,0.75,2.25,,,,,,,/H7D,,hummeco01
1638,Tyler Matzek,33,ATL,NL,11,0,0,10.0,0,0,0,0,0,,,,0,0,0.00,1.35,0.00,1.34,,,,,,,1,,matzety01
1639,Sean Newcomb,31,OAK,AL,7,0,0,10.0,3,0,3,0,0,1.000,,,0,0,2.70,1.35,0.43,1.29,,,,,,,/1,,newcose01
1640,Jacob Waguespack,30,TBR,AL,4,1,0,10.0,1,1,0,0,0,1.000,,,0,0,0.90,1.35,0.25,1.30,,,,,,,/1,,wagueja01
1641,Joel Kuhnel,29,2TM,AL,6,0,0,10.0,2,0,2,0,0,1.000,,,1,20,1.80,1.35,0.33,1.30,,,,,,,/1,,kuhnejo01
1642,Joel Kuhnel,29,HOU,AL,1,0,0,2.0,0,0,0,0,0,,,,0,0,0.00,1.35,0.00,1.30,,,,,,,/1,,kuhnejo01
1643,Joel Kuhnel,29,TBR,AL,5,0,0,8.0,2,0,2,0,0,1.000,,,1,25,2.25,1.35,0.40,1.30,,,,,,,/1,,kuhnejo01
1644,Nick Burdi,31,NYY,AL,12,0,0,9.2,0,0,0,0,0,,,,0,0,0.00,1.30,0.00,1.29,,,,,,,1,,burdini01
1645,Jhonathan Díaz,27,SEA,AL,5,1,0,9.2,3,1,2,0,0,1.000,,,0,0,2.79,1.30,0.60,1.30,,,,,,,/1,,diazjh01
1646,Randy Dobnak,29,MIN,AL,5,0,0,9.2,1,0,1,0,0,1.000,,,0,0,0.93,1.30,0.20,1.30,,,,,,,/1,,dobnara01
1647,Mason Montgomery,24,TBR,AL,9,0,0,9.2,1,0,1,0,0,1.000,,,0,0,0.93,1.30,0.11,1.29,,,,,,,/1,,montgma01
1648,Jack O'Loughlin,24,OAK,AL,4,0,0,9.2,1,1,0,0,0,1.000,,,0,0,0.93,1.30,0.25,1.30,,,,,,,/1,,olougja01
1649,Luis Frías,26,2TM,2LG,11,0,0,9.2,1,0,0,1,0,.000,,,0,0,0.00,1.40,0.00,1.33,,,,,,,1,,friaslu01
1650,Luis Frías,26,ARI,NL,7,0,0,6.1,1,0,0,1,0,.000,,,0,0,0.00,1.42,0.00,1.34,,,,,,,/1,,friaslu01
1651,Luis Frías,26,TOR,AL,4,0,0,3.1,0,0,0,0,0,,,,0,0,0.00,1.35,0.00,1.30,,,,,,,/1,,friaslu01
1652,Lake Bachar,29,MIA,NL,10,0,0,9.1,2,0,2,0,0,1.000,,,1,21,1.93,1.35,0.20,1.34,,,,,,,1,,bachala01
1653,José Devers,24,MIA,NL,2,1,1,9.1,3,0,3,0,0,1.000,0,13,1,129,2.89,4.34,1.50,6.15,,,,,,,/34H,,deverjo01
1654,Casey Legumina,27,CIN,NL,6,0,0,9.1,1,0,0,1,0,.000,,,0,0,0.00,1.35,0.00,1.33,,,,,,,/1,,legumca01
1655,Tyler Duffey,33,KCR,AL,9,0,0,9.0,1,1,0,0,0,1.000,,,0,0,1.00,1.30,0.11,1.29,,,,,,,/1,,duffety01
1656,Geoff Hartlieb,30,COL,NL,5,0,0,9.0,2,2,0,0,0,1.000,,,0,0,2.00,1.40,0.40,1.34,,,,,,,/1,,hartlge01
1657,Spencer Strider,25,ATL,NL,2,2,0,9.0,1,1,0,0,0,1.000,,,0,0,1.00,1.40,0.50,1.35,,,,,,,/1,,stridsp01
1658,Josh Winder,27,MIN,AL,4,0,0,9.0,1,1,0,0,0,1.000,,,-1,-22,1.00,1.30,0.25,1.30,,,,,,,/1,,windejo01
1659,Wes Parsons,31,2TM,AL,4,0,0,9.0,4,1,2,1,0,.750,,,0,0,3.00,1.30,0.75,1.30,,,,,,,/1,,parsowe01
1660,Wes Parsons,31,TOR,AL,2,0,0,5.0,2,0,1,1,0,.500,,,0,0,1.80,1.26,0.50,1.30,,,,,,,/1,,parsowe01
1661,Wes Parsons,31,CLE,AL,2,0,0,4.0,2,1,1,0,0,1.000,,,0,0,4.50,1.35,1.00,1.30,,,,,,,/1,,parsowe01
1662,Matt Carasiti,32,COL,NL,7,0,0,8.2,3,3,0,0,1,1.000,,,-1,-23,3.12,1.35,0.43,1.34,,,,,,,/1,,carasma01
1663,Paolo Espino,37,TOR,AL,3,1,0,8.2,0,0,0,0,0,,,,0,0,0.00,1.35,0.00,1.30,,,,,,,/1,,espinpa01
1664,Chase Shugart,27,BOS,AL,6,0,0,8.2,1,0,1,0,0,1.000,,,0,0,1.04,1.35,0.17,1.28,,,,,,,/1,,shugach01
1665,Andrew Walters,23,CLE,AL,9,1,0,8.2,1,1,0,0,0,1.000,,,0,0,1.04,1.35,0.11,1.29,,,,,,,/1,,waltean01
1666,Phil Bickford,28,NYY,AL,8,0,0,8.1,1,0,0,1,0,.000,,,-2,-48,0.00,1.30,0.00,1.29,,,,,,,/1,,bickfph01
1667,Ben Casparius,25,LAD,NL,3,0,0,8.1,1,1,0,0,0,1.000,,,-1,-24,1.08,1.40,0.33,1.33,,,,,,,/1,,caspabe01
1668,Tyler Gilbert,30,PHI,NL,6,0,0,8.1,1,1,0,0,0,1.000,,,0,0,1.08,1.40,0.17,1.33,,,,,,,/1,,gilbety01
1669,Josiah Gray,26,WSN,NL,2,2,0,8.1,0,0,0,0,0,,,,0,0,0.00,1.40,0.00,1.35,,,,,,,/1,,grayjo03
1670,Jackson Rutledge,25,WSN,NL,3,1,0,8.1,0,0,0,0,0,,,,0,0,0.00,1.40,0.00,1.33,,,,,,,/1,,rutleja01
1671,Trey Wingenter,30,2TM,2LG,7,0,0,8.1,1,0,1,0,0,1.000,,,0,0,1.08,1.30,0.14,1.33,,,,,,,/1,,wingetr01
1672,Trey Wingenter,30,BOS,AL,2,0,0,2.1,0,0,0,0,0,,,,0,0,0.00,1.16,0.00,1.30,,,,,,,/1,,wingetr01
1673,Trey Wingenter,30,CHC,NL,5,0,0,6.0,1,0,1,0,0,1.000,,,0,0,1.50,1.35,0.20,1.34,,,,,,,/1,,wingetr01
1674,Matthew Batten,29,SDP,NL,1,1,1,8.0,7,5,2,0,1,1.000,1,90,0,0,7.88,8.33,7.00,8.20,,,,,,,/3,,battema01
1675,Connor Gillispie,26,CLE,AL,3,0,0,8.0,1,0,1,0,0,1.000,,,0,0,1.13,1.35,0.33,1.30,,,,,,,/1,,gillico01
1676,Nick Hernandez,29,HOU,AL,5,0,0,8.0,1,1,0,0,0,1.000,,,0,0,1.13,1.35,0.20,1.30,,,,,,,/1,,hernani01
1677,Eloy Jiménez,27,CHW,AL,1,1,1,8.0,1,1,0,0,0,1.000,-1,-90,0,0,1.13,2.25,1.00,2.20,,,,,,,D/H9,,jimenel02
1678,Janson Junk,28,2TM,2LG,6,0,0,8.0,1,0,1,0,0,1.000,,,0,0,1.13,1.35,0.17,1.33,,,,,,,/1,,junkja01
1679,Janson Junk,28,MIL,NL,5,0,0,8.0,1,0,1,0,0,1.000,,,0,0,1.13,1.35,0.20,1.34,,,,,,,/1,,junkja01
1680,Janson Junk,28,OAK,AL,1,0,0,0.0,0,0,0,0,0,,,,0,,,,0.00,1.30,,,,,,,/1,,junkja01
1681,Orelvis Martínez,22,TOR,AL,1,1,1,8.0,6,1,4,1,0,.833,0,-45,0,0,5.63,3.94,5.00,3.90,,,,,,,/4,,martior01
1682,Riley O'Brien,29,STL,NL,8,0,0,8.0,0,0,0,0,0,,,,0,0,0.00,1.35,0.00,1.34,,,,,,,/1,,obrieri01
1683,Chase Silseth,24,LAA,AL,2,2,0,8.0,0,0,0,0,0,,,,0,0,0.00,1.35,0.00,1.30,,,,,,,/1,,silsech01
1684,Gordon Graceffo,24,STL,NL,2,1,0,7.2,0,0,0,0,0,,,,0,0,0.00,1.41,0.00,1.35,,,,,,,/1,,gracego01
1685,Allan Winans,28,ATL,NL,2,2,0,7.2,2,0,2,0,0,1.000,,,0,0,2.35,1.41,1.00,1.35,,,,,,,/1,,winanal01
1686,Rob Zastryzny,32,MIL,NL,9,3,0,7.2,1,0,1,0,0,1.000,,,0,0,1.17,1.41,0.11,1.34,,,,,,,/1,,zastrro01
1687,Tyler Jay,30,2TM,NL,5,0,0,7.2,1,1,0,0,0,1.000,,,0,0,1.17,1.41,0.20,1.34,,,,,,,/1,,jayty01
1688,Tyler Jay,30,NYM,NL,3,0,0,4.2,1,1,0,0,0,1.000,,,0,0,1.93,1.35,0.33,1.33,,,,,,,/1,,jayty01
1689,Tyler Jay,30,MIL,NL,2,0,0,3.0,0,0,0,0,0,,,,0,0,0.00,1.50,0.00,1.35,,,,,,,/1,,jayty01
1690,Brusdar Graterol,25,LAD,NL,7,0,0,7.1,2,2,0,0,0,1.000,,,0,0,2.45,1.35,0.29,1.34,,,,,,,/1,,gratebr01
1691,Gregory Santos,24,SEA,AL,8,0,0,7.1,5,2,3,0,0,1.000,,,0,0,6.14,1.35,0.63,1.29,,,,,,,/1,,santogr01
1692,Will Klein,24,2TM,AL,8,0,0,7.1,2,0,2,0,0,1.000,,,0,0,2.45,1.23,0.25,1.30,,,,,,,/1,,kleinwi01
1693,Will Klein,24,KCR,AL,5,0,0,5.2,2,0,2,0,0,1.000,,,0,0,3.18,1.27,0.40,1.30,,,,,,,/1,,kleinwi01
1694,Will Klein,24,OAK,AL,3,0,0,1.2,0,0,0,0,0,,,,0,0,0.00,1.08,0.00,1.30,,,,,,,/1,,kleinwi01
1695,Nabil Crismatt,29,LAD,NL,5,0,0,7.0,1,0,1,0,0,1.000,,,0,0,1.29,1.41,0.20,1.34,,,,,,,/1,,crismna01
1696,Austin Davis,31,SDP,NL,7,0,0,7.0,3,0,2,1,0,.667,,,-1,-29,2.57,1.41,0.29,1.34,,,,,,,/1,,davisau01
1697,Austin Kitchen,27,MIA,NL,4,1,0,7.0,0,0,0,0,0,,,,0,0,0.00,1.41,0.00,1.35,,,,,,,/1,,kitchau01
1698,Josh Maciejewski,28,NYY,AL,4,0,0,7.0,0,0,0,0,0,,,,0,0,0.00,1.29,0.00,1.30,,,,,,,/1,,maciejo01
1699,Wade Miley,37,MIL,NL,2,2,0,7.0,2,0,2,0,0,1.000,,,0,0,2.57,1.41,1.00,1.35,,,,,,,/1,,mileywa01
1700,Brooks Raley,36,NYM,NL,8,0,0,7.0,0,0,0,0,0,,,,0,0,0.00,1.41,0.00,1.34,,,,,,,/1,,raleybr01
1701,Hurston Waldrep,22,ATL,NL,2,2,0,7.0,0,0,0,0,0,,,,-1,-29,0.00,1.41,0.00,1.35,,,,,,,/1,,waldrhu01
1702,Colin Selby,26,2TM,AL,5,0,0,7.0,2,2,0,0,0,1.000,,,0,0,2.57,1.29,0.40,1.30,,,,,,,/1,,selbyco01
1703,Colin Selby,26,KCR,AL,2,0,0,3.0,2,2,0,0,0,1.000,,,0,0,6.00,1.20,1.00,1.30,,,,,,,/1,,selbyco01
1704,Colin Selby,26,BAL,AL,3,0,0,4.0,0,0,0,0,0,,,,0,0,0.00,1.35,0.00,1.30,,,,,,,/1,,selbyco01
1705,Jonathan Bermúdez,28,MIA,NL,3,1,0,6.2,0,0,0,0,0,,,,0,0,0.00,1.35,0.00,1.33,,,,,,,/1,,bermujo01
1706,Isaiah Campbell,26,BOS,AL,8,0,0,6.2,3,1,2,0,0,1.000,,,1,30,4.05,1.35,0.38,1.29,,,,,,,/1,,campbis01
1707,Brandon Eisert,26,TOR,AL,3,0,0,6.2,1,1,0,0,0,1.000,,,0,0,1.35,1.35,0.33,1.30,,,,,,,/1,,eiserbr01
1708,Matt Foster,29,CHW,AL,6,1,0,6.2,1,1,0,0,0,1.000,,,0,0,1.35,1.35,0.17,1.28,,,,,,,/1,,fostema01
1709,Grant Hartwig,26,NYM,NL,4,0,0,6.2,0,0,0,0,0,,,,0,0,0.00,1.35,0.00,1.35,,,,,,,/1,,hartwgr01
1710,Kyle Hurt,26,LAD,NL,3,1,0,6.2,1,1,0,0,0,1.000,,,0,0,1.35,1.35,0.33,1.33,,,,,,,/1,,hurtky01
1711,Brandon Leibrandt,31,CIN,NL,2,0,0,6.1,2,1,1,0,0,1.000,,,1,32,2.84,1.42,1.00,1.35,,,,,,,/1,,leibrbr01
1712,Matt Andriese,34,MIA,NL,4,0,0,6.0,1,1,0,0,0,1.000,,,0,0,1.50,1.35,0.25,1.35,,,,,,,/1,,andrima01
1713,JB Bukauskas,27,MIL,NL,6,0,0,6.0,1,0,1,0,0,1.000,,,0,0,1.50,1.35,0.17,1.33,,,,,,,/1,,bukaujb01
1714,Conner Capel,27,CIN,NL,1,1,0,6.0,2,2,0,0,0,1.000,1,120,0,0,3.00,2.25,2.00,2.20,,,,,,,/DH7,,capelco01
1715,Luis Contreras,28,HOU,AL,5,0,0,6.0,0,0,0,0,0,,,,0,0,0.00,1.35,0.00,1.30,,,,,,,/1,,contrlu01
1716,Jairo Iriarte,22,CHW,AL,6,0,0,6.0,1,1,0,0,0,1.000,,,0,0,1.50,1.35,0.17,1.28,,,,,,,/1,,iriarja01
1717,Jack Neely,24,CHC,NL,6,0,0,6.0,1,0,1,0,0,1.000,,,0,0,1.50,1.35,0.17,1.33,,,,,,,/1,,neelyja01
1718,Justin Bruihl,27,PIT,NL,7,0,0,5.2,0,0,0,0,0,,,,0,0,0.00,1.43,0.00,1.34,,,,,,,/1,,bruihju01
1719,Zach Brzykcy,24,WSN,NL,6,0,0,5.2,0,0,0,0,0,,,,0,0,0.00,1.43,0.00,1.33,,,,,,,/1,,brzykza01
1720,Steven Cruz,25,KCR,AL,5,0,0,5.2,3,2,1,0,0,1.000,,,0,0,4.76,1.27,0.60,1.30,,,,,,,/1,,cruzst01
1721,Daniel Robert,29,TEX,AL,4,0,0,5.2,0,0,0,0,0,,,,0,0,0.00,1.27,0.00,1.30,,,,,,,/1,,roberda11
1722,Amir Garrett,32,LAA,AL,6,0,0,5.1,0,0,0,0,0,,,,-1,-38,0.00,1.35,0.00,1.28,,,,,,,/1,,garream01
1723,Jonathan Heasley,27,BAL,AL,4,0,0,5.1,2,1,1,0,0,1.000,,,0,0,3.38,1.35,0.50,1.30,,,,,,,/1,,heasljo01
1724,Jose Hernandez,26,PIT,NL,7,0,0,5.1,0,0,0,0,0,,,,0,0,0.00,1.35,0.00,1.34,,,,,,,/1,,hernajo03
1725,Casey Kelly,34,CIN,NL,2,0,0,5.1,0,0,0,0,0,,,,0,0,0.00,1.35,0.00,1.35,,,,,,,/1,,kellyca01
1726,Isaac Mattson,28,PIT,NL,3,0,0,5.1,1,0,1,0,0,1.000,,,0,0,1.69,1.35,0.33,1.33,,,,,,,/1,,mattsis01
1727,Víctor Mederos,23,LAA,AL,4,0,0,5.1,1,0,1,0,0,1.000,,,0,0,1.69,1.35,0.25,1.30,,,,,,,/1,,medervi01
1728,Nick Nelson,28,PHI,NL,4,0,0,5.1,1,1,0,0,0,1.000,,,0,0,1.69,1.35,0.25,1.35,,,,,,,/1,,nelsoni01
1729,Kodai Senga,31,NYM,NL,1,1,0,5.1,1,1,0,0,0,1.000,,,0,0,1.69,1.35,1.00,1.30,,,,,,,/1,,sengako01
1730,Jordan Lyles,33,KCR,AL,5,0,0,5.0,1,1,0,0,0,1.000,,,0,0,1.80,1.26,0.20,1.30,,,,,,,/1,,lylesjo01
1731,Tucker Davidson,28,BAL,AL,1,0,0,4.2,0,0,0,0,0,,,,0,0,0.00,1.35,0.00,1.30,,,,,,,/1,,davidtu01
1732,Ty Adcock,27,NYM,NL,3,0,0,4.1,0,0,0,0,0,,,,0,0,0.00,1.25,0.00,1.33,,,,,,,/1,,adcocty01
1733,Anthony Gose,33,CLE,AL,3,0,0,4.1,0,0,0,0,0,,,,0,0,0.00,1.25,0.00,1.30,,,,,,,/1,,gosean01
1734,Dinelson Lamet,31,LAD,NL,3,0,0,4.1,2,2,0,0,0,1.000,,,0,0,4.15,1.25,0.67,1.33,,,,,,,/1,,lametdi01
1735,Austin Pruitt,34,TEX,AL,4,0,0,4.1,1,0,1,0,0,1.000,,,0,0,2.08,1.25,0.25,1.30,,,,,,,/1,,pruitau01
1736,AJ Smith-Shawver,21,ATL,NL,1,1,0,4.1,0,0,0,0,0,,,,0,0,0.00,1.25,0.00,1.30,,,,,,,/1,,smithaj01
1737,Eli Villalobos,27,MIA,NL,3,0,0,4.1,1,0,1,0,0,1.000,,,0,0,2.08,1.25,0.33,1.33,,,,,,,/1,,villael02
1738,Caleb Boushley,30,MIN,AL,2,0,0,4.0,0,0,0,0,0,,,,0,0,0.00,1.35,0.00,1.30,,,,,,,/1,,boushca01
1739,Alan Busenitz,33,CIN,NL,3,0,0,4.0,0,0,0,0,0,,,,0,0,0.00,1.35,0.00,1.33,,,,,,,/1,,busenal01
1740,Daniel Duarte,27,MIN,AL,2,0,0,4.0,1,1,0,0,0,1.000,,,0,0,2.25,1.35,0.50,1.30,,,,,,,/1,,duartda01
1741,Vladimir Gutierrez,28,MIA,NL,1,0,0,4.0,0,0,0,0,0,,,,0,0,0.00,1.35,0.00,1.30,,,,,,,/1,,gutievl01
1742,Jackson Jobe,21,DET,AL,2,0,0,4.0,1,0,1,0,0,1.000,,,0,0,2.25,1.35,0.50,1.30,,,,,,,/1,,jobeja01
1743,Jonathan Loáisiga,29,NYY,AL,3,0,0,4.0,3,1,2,0,0,1.000,,,0,0,6.75,1.35,1.00,1.30,,,,,,,/1,,loaisjo01
1744,Germán Márquez,29,COL,NL,1,1,0,4.0,0,0,0,0,0,,,,0,0,0.00,1.35,0.00,1.30,,,,,,,/1,,marquge01
1745,Chayce McDermott,25,BAL,AL,1,1,0,4.0,1,1,0,0,0,1.000,,,0,0,2.25,1.35,1.00,1.30,,,,,,,/1,,mcderch01
1746,Zach Penrod,27,BOS,AL,7,0,0,4.0,1,0,1,0,0,1.000,,,0,0,2.25,1.35,0.14,1.29,,,,,,,/1,,penroza01
1747,Gerardo Reyes,31,OAK,AL,3,0,0,4.0,0,0,0,0,0,,,,0,0,0.00,1.35,0.00,1.30,,,,,,,/1,,reyesge01
1748,Bryan Shaw,36,CHW,AL,5,0,0,4.0,0,0,0,0,0,,,,0,0,0.00,1.35,0.00,1.30,,,,,,,/1,,shawbr01
1749,Justin Sterner,27,TBR,AL,2,0,0,4.0,0,0,0,0,0,,,,0,0,0.00,1.35,0.00,1.30,,,,,,,/1,,sternju01
1750,Naoyuki Uwasawa,30,BOS,AL,2,0,0,4.0,1,1,0,0,0,1.000,,,0,0,2.25,1.35,0.50,1.30,,,,,,,/1,,uwasana01
1751,Ricky Vanasco,25,2TM,2LG,4,0,0,4.0,1,1,0,0,0,1.000,,,0,0,2.25,1.35,0.25,1.33,,,,,,,/1,,vanasri01
1752,Ricky Vanasco,25,LAD,NL,2,0,0,2.0,1,1,0,0,0,1.000,,,0,0,4.50,1.35,0.50,1.35,,,,,,,/1,,vanasri01
1753,Ricky Vanasco,25,DET,AL,2,0,0,2.0,0,0,0,0,0,,,,0,0,0.00,1.35,0.00,1.30,,,,,,,/1,,vanasri01
1754,Dan Altavilla,31,KCR,AL,5,1,0,3.2,2,1,1,0,0,1.000,,,0,0,4.91,1.23,0.40,1.30,,,,,,,/1,,altavda01
1755,Clayton Beeter,25,NYY,AL,3,0,0,3.2,0,0,0,0,0,,,,0,0,0.00,1.23,0.00,1.30,,,,,,,/1,,beetecl01
1756,Rich Hill,44,BOS,AL,4,0,0,3.2,1,0,1,0,0,1.000,,,0,0,2.45,1.23,0.25,1.30,,,,,,,/1,,hillri01
1757,David Buchanan,35,CIN,NL,1,0,0,3.1,0,0,0,0,0,,,,0,0,0.00,1.35,0.00,1.30,,,,,,,/1,,buchada01
1758,Mike Burrows,24,PIT,NL,1,0,0,3.1,1,1,0,0,0,1.000,,,0,0,2.70,1.35,1.00,1.30,,,,,,,/1,,burromi01
1759,Scott Effross,30,NYY,AL,3,0,0,3.1,1,0,1,0,0,1.000,,,0,0,2.70,1.35,0.33,1.30,,,,,,,/1,,effrosc01
1760,Edgardo Henriquez,22,LAD,NL,3,0,0,3.1,1,1,0,0,0,1.000,,,0,0,2.70,1.35,0.33,1.33,,,,,,,/1,,henried01
1761,Riley Pint,26,COL,NL,4,0,0,3.1,0,0,0,0,0,,,,0,0,0.00,1.35,0.00,1.35,,,,,,,/1,,pintri01
1762,Orlando Ribalta,26,WSN,NL,4,0,0,3.1,0,0,0,0,0,,,,0,0,0.00,1.35,0.00,1.35,,,,,,,/1,,ribalor01
1763,Jackson Stephens,30,ATL,NL,3,0,0,3.1,0,0,0,0,0,,,,0,0,0.00,1.35,0.00,1.33,,,,,,,/1,,stephja01
1764,Forrest Whitley,26,HOU,AL,3,0,0,3.1,1,0,0,1,0,.000,,,0,0,0.00,1.35,0.00,1.30,,,,,,,/1,,whitlfo01
1765,Tyler Zuber,29,TBR,AL,2,0,0,3.1,0,0,0,0,0,,,,-1,-60,0.00,1.35,0.00,1.30,,,,,,,/1,,zuberty01
1766,Luken Baker,27,STL,NL,1,0,0,3.0,1,1,0,0,0,1.000,-1,-200,-1,-400,3.00,8.40,1.00,8.20,,,,,,,DH/3,,bakerlu01
1767,Brent Headrick,26,MIN,AL,1,0,0,3.0,0,0,0,0,0,,,,0,0,0.00,1.20,0.00,1.30,,,,,,,/1,,headrbr01
1768,Trevor McDonald,23,SFG,NL,1,0,0,3.0,1,1,0,0,0,1.000,,,1,67,3.00,1.50,1.00,1.30,,,,,,,/1,,mcdontr01
1769,Cristian Mena,21,ARI,NL,1,1,0,3.0,0,0,0,0,0,,,,0,0,0.00,1.50,0.00,1.30,,,,,,,/1,,menacr01
1770,Chris Roller,27,MIL,NL,1,0,0,3.0,1,1,0,0,0,1.000,0,40,0,0,3.00,2.10,1.00,2.20,,,,,,,/8H,,rollech01
1771,Owen White,24,TEX,AL,3,0,0,3.0,0,0,0,0,0,,,,0,0,0.00,1.20,0.00,1.30,,,,,,,/1,,whiteow01
1772,Connor Brogdon,29,2TM,NL,4,0,0,3.0,1,0,1,0,0,1.000,,,0,0,3.00,1.50,0.25,1.33,,,,,,,/1,,brogdco01
1773,Connor Brogdon,29,PHI,NL,3,0,0,2.0,0,0,0,0,0,,,,0,0,0.00,1.35,0.00,1.33,,,,,,,/1,,brogdco01
1774,Connor Brogdon,29,LAD,NL,1,0,0,1.0,1,0,1,0,0,1.000,,,0,0,9.00,1.80,1.00,1.30,,,,,,,/1,,brogdco01
1775,Joe Jacques,29,2TM,2LG,2,0,0,3.0,0,0,0,0,0,,,,0,0,0.00,1.20,0.00,1.30,,,,,,,/1,,jacqujo01
1776,Joe Jacques,29,BOS,AL,1,0,0,1.2,0,0,0,0,0,,,,0,0,0.00,1.08,0.00,1.30,,,,,,,/1,,jacqujo01
1777,Joe Jacques,29,ARI,NL,1,0,0,1.1,0,0,0,0,0,,,,0,0,0.00,1.35,0.00,1.30,,,,,,,/1,,jacqujo01
1778,Jonathan Bowlan,27,KCR,AL,1,1,0,2.2,0,0,0,0,0,,,,0,0,0.00,1.35,0.00,1.30,,,,,,,/1,,bowlajo01
1779,Julio Teheran,33,NYM,NL,1,1,0,2.2,1,1,0,0,0,1.000,,,0,0,3.38,1.35,1.00,1.30,,,,,,,/1,,teherju01
1780,John Curtiss,31,COL,NL,3,0,0,2.1,0,0,0,0,0,,,,0,0,0.00,1.16,0.00,1.33,,,,,,,/1,,curtijo02
1781,Parker Dunshee,29,ATL,NL,1,0,0,2.1,0,0,0,0,0,,,,0,0,0.00,1.16,0.00,1.30,,,,,,,/1,,dunshpa01
1782,Seth Johnson,25,PHI,NL,1,1,0,2.1,1,1,0,0,0,1.000,,,0,0,3.86,1.16,1.00,1.30,,,,,,,/1,,johnsse01
1783,Ryan Loutos,25,STL,NL,3,0,0,2.1,0,0,0,0,0,,,,0,0,0.00,1.16,0.00,1.33,,,,,,,/1,,loutory01
1784,Justin Topa,33,MIN,AL,3,0,0,2.1,2,1,1,0,0,1.000,,,0,0,7.71,1.16,0.67,1.30,,,,,,,/1,,topaju01
1785,Tejay Antone,30,CIN,NL,3,0,0,2.0,0,0,0,0,0,,,,-1,-100,0.00,1.35,0.00,1.35,,,,,,,/1,,antonte01
1786,Dylan Dodd,26,ATL,NL,1,0,0,2.0,0,0,0,0,0,,,,0,0,0.00,1.35,0.00,1.30,,,,,,,/1,,dodddy01
1787,Jake Eder,25,CHW,AL,1,0,0,2.0,0,0,0,0,0,,,,0,0,0.00,1.35,0.00,1.30,,,,,,,/1,,ederja01
1788,Ian Gibaut,30,CIN,NL,2,0,0,2.0,0,0,0,0,0,,,,0,0,0.00,1.35,0.00,1.35,,,,,,,/1,,gibauia01
1789,Zac Kristofak,26,LAA,AL,1,0,0,2.0,0,0,0,0,0,,,,0,0,0.00,1.35,0.00,1.30,,,,,,,/1,,kristza01
1790,Zach Logue,28,LAD,NL,2,0,0,2.0,0,0,0,0,0,,,,0,0,0.00,1.35,0.00,1.35,,,,,,,/1,,logueza01
1791,Alex Speas,26,HOU,AL,1,0,0,2.0,1,1,0,0,0,1.000,,,0,0,4.50,1.35,1.00,1.30,,,,,,,/1,,speasal01
1792,Brady Feigl,33,PIT,NL,1,0,0,1.2,2,0,2,0,1,1.000,,,0,0,10.80,1.62,2.00,1.30,,,,,,,/1,,feiglbr01
1793,Eric Orze,26,NYM,NL,2,0,0,1.2,0,0,0,0,0,,,,0,0,0.00,1.62,0.00,1.35,,,,,,,/1,,orzeer01
1794,Gavin Hollowell,26,CHC,NL,1,0,0,1.1,2,0,2,0,0,1.000,,,0,0,13.50,1.35,2.00,1.30,,,,,,,/1,,holloga01
1795,Andrew Wantz,28,LAA,AL,1,0,0,1.1,0,0,0,0,0,,,,0,0,0.00,1.35,0.00,1.30,,,,,,,/1,,wantzan01
1796,Raymond Burgos,25,SFG,NL,1,0,0,1.0,0,0,0,0,0,,,,0,0,0.00,1.80,0.00,1.30,,,,,,,/1,,burgora01
1797,Jair Camargo,24,MIN,AL,2,0,0,1.0,0,0,0,0,0,,0,0,0,0,0.00,9.00,0.00,9.05,0,0,0,0,,0,/2DH,,camarja01
1798,Marc Church,23,TEX,AL,1,0,0,1.0,0,0,0,0,0,,,,0,0,0.00,0.90,0.00,1.30,,,,,,,/1,,churcma01
1799,Dylan Coleman,27,HOU,AL,1,0,0,1.0,0,0,0,0,0,,,,0,0,0.00,0.90,0.00,1.30,,,,,,,/1,,colemdy01
1800,Miguel Díaz,29,HOU,AL,1,0,0,1.0,0,0,0,0,0,,,,0,0,0.00,0.90,0.00,1.30,,,,,,,/1,,diazmi02
1801,Lucas Gilbreath,28,COL,NL,3,0,0,1.0,0,0,0,0,0,,,,0,0,0.00,1.80,0.00,1.33,,,,,,,/1,,gilbrlu01
1802,Joe Hudson,33,NYM,NL,1,0,0,1.0,2,2,0,0,0,1.000,0,0,0,0,18.00,9.00,2.00,8.90,0,0,0,0,,0,/2,,hudsojo03
1803,Daniel Johnson,28,BAL,AL,1,0,0,1.0,1,1,0,0,0,1.000,0,480,0,0,9.00,2.70,1.00,2.20,,,,,,,/9H,,johnsda07
1804,Adam Kloffenstein,23,STL,NL,1,0,0,1.0,0,0,0,0,0,,,,0,0,0.00,1.80,0.00,1.30,,,,,,,/1,,kloffad01
1805,Matt Krook,29,BAL,AL,1,0,0,1.0,0,0,0,0,0,,,,0,0,0.00,0.90,0.00,1.30,,,,,,,/1,,krookma01
1806,James Meeker,29,MIL,NL,1,0,0,1.0,0,0,0,0,0,,,,0,0,0.00,1.80,0.00,1.30,,,,,,,/1,,meekeja01
1807,Matt Mervis,26,CHC,NL,1,0,0,1.0,1,1,0,0,0,1.000,0,0,0,0,9.00,3.60,0.50,4.75,,,,,,,/D13H,,mervima01
1808,Anthony Misiewicz,29,NYY,AL,1,0,0,1.0,0,0,0,0,0,,,,0,0,0.00,0.90,0.00,1.30,,,,,,,/1,,misiean01
1809,Nick Pratto,25,KCR,AL,1,0,0,1.0,0,0,0,0,0,,,,0,0,0.00,0.90,0.00,1.30,,,,,,,/1,,prattni01
1810,Andrew Saalfrank,26,ARI,NL,2,0,0,1.0,0,0,0,0,0,,,,0,0,0.00,1.80,0.00,1.35,,,,,,,/1,,saalfan01
1811,Chasen Shreve,33,COL,NL,1,0,0,1.0,0,0,0,0,0,,,,0,0,0.00,1.80,0.00,1.30,,,,,,,/1,,shrevch01
1812,Amos Willingham,25,WSN,NL,1,0,0,1.0,0,0,0,0,0,,,,0,0,0.00,1.80,0.00,1.30,,,,,,,/1,,william01
1813,Masataka Yoshida,30,BOS,AL,1,0,0,1.0,0,0,0,0,0,,0,-480,0,0,0.00,2.70,0.00,2.20,,,,,,,DH/7,,yoshima02
1814,Evan Kravetz,27,CIN,NL,1,0,0,0.2,0,0,0,0,0,,,,0,0,0.00,1.35,0.00,1.30,,,,,,,/1,,kraveev01
1815,Luis Ortiz,28,PHI,NL,1,0,0,0.2,0,0,0,0,0,,,,0,0,0.00,1.35,0.00,1.30,,,,,,,/1,,ortizlu02
1816,Lyon Richardson,24,CIN,NL,1,0,0,0.2,0,0,0,0,0,,,,0,0,0.00,1.35,0.00,1.30,,,,,,,/1,,richaly01
1817,Clayton Andrews,27,NYY,AL,1,0,0,0.1,0,0,0,0,0,,,,0,0,0.00,0.00,0.00,1.30,,,,,,,/1,,andrecl02
1818,Blair Henley,27,HOU,AL,1,1,0,0.1,0,0,0,0,0,,,,0,0,0.00,0.00,0.00,1.30,,,,,,,/1,,henlebl01
1819,Evan Justice,25,COL,NL,1,0,0,0.1,0,0,0,0,0,,,,0,0,0.00,0.00,0.00,1.30,,,,,,,/1,,justiev01
1820,Matt Koch,33,COL,NL,2,0,0,0.1,0,0,0,0,0,,,,0,0,0.00,0.00,0.00,1.35,,,,,,,/1,,kochma01
1821,Carl Edwards Jr.,32,SDP,NL,1,0,0,0.0,0,0,0,0,0,,,,0,,,,0.00,1.30,,,,,,,/1,,edwarca01
1822,Wander Suero,32,HOU,AL,1,0,0,0.0,0,0,0,0,0,,,,0,,,,0.00,1.30,,,,,,,/1,,suerowa01
,MLB Average,,,,,,,,,,,,,.985,,0,,0,3.96,,2.61,,,,,,21.0,,,,-9999