Rk,Player,Age,Team,Lg,G,GS,CG,Inn,Ch,PO,A,E,DP,Fld%,Rtot,Rtot/yr,Rdrs,Rdrs/yr,RF/9,lgRF9,RF/G,lgRFG,PB,WP,SB,CS,CS%,Pick,Pos,Awards,-9999
1,J.P. Crawford,26,SEA,AL,160,159,156,1412.1,622,222,388,12,89,.981,6,5,6,5,3.89,3.81,3.81,3.72,,,,,,,*6,,crawfjp01
2,Marcus Semien,30,TOR,AL,161,160,150,1380.1,590,218,363,9,91,.985,11,9,12,10,3.79,4.02,3.46,3.92,,,,,,,*46/D,ASMVP-3GGSS,semiema01
3,Austin Riley,24,ATL,NL,158,156,147,1375.1,446,129,303,14,26,.969,6,5,13,11,2.83,2.76,2.59,2.82,,,,,,,*53/H9,MVP-7SS,rileyau01
4,Whit Merrifield,32,KCR,AL,160,160,140,1372.2,702,311,383,8,103,.989,2,1,12,10,4.55,3.88,4.11,3.73,,,,,,,*49/7D,AS,merriwh01
5,Dansby Swanson,27,ATL,NL,159,158,153,1372.0,571,185,376,10,64,.982,7,6,-5,-4,3.68,3.85,3.53,3.74,,,,,,,*6/H,,swansda01
6,Isiah Kiner-Falefa,26,TEX,AL,156,155,153,1360.0,669,214,436,19,98,.972,5,4,12,11,4.30,3.81,4.17,3.72,,,,,,,*6/HD,,kineris01
7,Ozzie Albies,24,ATL,NL,156,156,153,1358.2,628,231,389,8,75,.987,22,20,3,3,4.11,4.12,3.97,4.01,,,,,,,*4,ASMVP-13SS,albieoz01
8,Freddie Freeman,31,ATL,NL,159,158,148,1358.0,1356,1252,101,3,95,.998,-5,-4,1,1,8.97,8.35,8.51,8.13,,,,,,,*3,ASMVP-9SS,freemfr01
9,David Fletcher,27,LAA,AL,156,156,147,1356.2,689,276,405,8,93,.988,3,2,11,10,4.52,4.02,4.20,3.92,,,,,,,*46/H,,fletcda02
10,Tommy Edman,26,STL,NL,157,153,134,1342.2,592,267,318,7,67,.988,3,3,10,9,3.92,3.68,3.34,3.53,,,,,,,*49/6H,GG,edmanto01
11,Matt Olson,27,OAK,AL,152,152,148,1338.2,1235,1156,73,6,98,.995,-6,-5,7,6,8.26,8.20,8.09,8.01,,,,,,,*3/D,ASMVP-8,olsonma02
12,Myles Straw,26,2TM,AL,156,149,146,1338.0,394,386,6,2,2,.995,6,6,4,4,2.64,2.16,2.51,2.10,,,,,,,*8/H,,strawmy01
12,Myles Straw,26,HOU,AL,96,93,90,831.2,239,234,5,0,2,1.000,0,0,2,3,2.59,2.16,2.49,2.10,,,,,,,8/H,,strawmy01
12,Myles Straw,26,CLE,AL,60,56,56,506.1,155,152,1,2,0,.987,6,14,2,5,2.72,2.16,2.55,2.10,,,,,,,8/H,,strawmy01
13,Matt Chapman,28,OAK,AL,150,150,141,1318.2,447,166,275,6,40,.987,3,2,7,6,3.01,2.73,2.88,2.69,,,,,,,*5/6H,GG,chapmma01
14,Paul Goldschmidt,33,STL,NL,153,153,144,1313.0,1252,1144,106,2,111,.998,7,6,9,8,8.57,8.35,8.17,8.13,,,,,,,*3/DH,MVP-6GG,goldspa01
15,Nolan Arenado,30,STL,NL,155,155,141,1312.0,423,125,287,11,38,.974,8,7,9,8,2.83,2.56,2.66,2.49,,,,,,,*5/D,ASGG,arenano01
16,Carlos Correa,26,HOU,AL,148,147,140,1304.2,578,183,384,11,70,.981,14,13,20,18,3.91,3.81,3.83,3.72,,,,,,,*6,ASMVP-5GG,correca01
17,Kyle Seager,33,SEA,AL,149,148,140,1302.2,404,99,291,14,43,.965,-3,-3,-4,-4,2.69,2.73,2.62,2.67,,,,,,,*5D/H,,seageky01
18,Rafael Devers,24,BOS,AL,151,151,140,1302.0,439,147,270,22,37,.950,-22,-20,-14,-13,2.88,2.73,2.73,2.69,,,,,,,*5/D4H,ASMVP-11SS,deverra01
19,Jake Cronenworth,27,SDP,NL,149,145,131,1290.0,653,341,303,9,97,.986,3,3,5,5,4.49,4.61,4.03,4.54,,,,,,,463/H1,AS,croneja01
20,DJ LeMahieu,32,NYY,AL,149,146,111,1283.0,661,421,231,9,75,.986,4,3,-2,-2,4.57,4.78,3.68,4.93,,,,,,,435/HD,,lemahdj01
21,Bryan Reynolds,26,PIT,NL,153,148,139,1272.2,360,354,4,2,1,.994,2,2,-4,-4,2.53,2.06,2.34,2.00,,,,,,,*87/HD,ASMVP-11,reynobr01
22,Bo Bichette,23,TOR,AL,148,148,141,1271.1,557,169,364,24,73,.957,-8,-7,3,3,3.77,3.81,3.60,3.72,,,,,,,*6D,ASMVP-12,bichebo01
23,Nathaniel Lowe,25,TEX,AL,148,144,141,1270.1,1230,1164,55,11,119,.991,0,0,-3,-3,8.64,8.20,8.18,7.97,,,,,,,*3/DH5,,lowena01
24,Cedric Mullins,26,BAL,AL,153,146,139,1264.0,402,389,7,6,2,.985,-6,-6,2,2,2.82,2.16,2.59,2.10,,,,,,,*8/HD,ASMVP-9SS,mullice01
25,Jose Altuve,31,HOU,AL,144,143,135,1263.0,551,199,344,8,76,.985,1,1,-3,-3,3.87,4.04,3.77,3.95,,,,,,,*4/HD,ASMVP-18,altuvjo01
26,Nicky Lopez,26,KCR,AL,151,144,136,1260.2,554,165,382,7,80,.987,1,1,5,5,3.91,3.82,3.60,3.73,,,,,,,*6/4H,,lopezni01
27,Trea Turner,28,2TM,NL,146,146,135,1254.1,528,177,335,16,60,.970,2,2,5,5,3.67,3.94,3.48,3.83,,,,,,,64/H,ASMVP-5,turnetr01
27,Trea Turner,28,WSN,NL,95,95,86,793.2,339,105,223,11,40,.968,0,0,3,5,3.72,3.85,3.45,3.74,,,,,,,6,,turnetr01
27,Trea Turner,28,LAD,NL,51,51,49,460.2,189,72,112,5,20,.974,2,6,2,5,3.59,4.11,3.54,3.99,,,,,,,4/6H,,turnetr01
28,Robbie Grossman,31,DET,AL,146,145,129,1252.2,269,268,1,0,1,1.000,-3,-3,-4,-4,1.93,2.16,1.84,2.10,,,,,,,*79/DH,,grossro01
29,Jonathan India,24,CIN,NL,148,144,131,1248.1,620,269,336,15,78,.976,-1,-1,0,0,4.36,4.12,4.09,4.01,,,,,,,*4/H,ROY-1,indiajo01
30,Elvis Andrus,32,OAK,AL,143,141,134,1246.1,513,161,337,15,61,.971,-5,-5,-10,-10,3.60,3.81,3.48,3.72,,,,,,,*6/H,,andruel01
31,Pete Alonso,26,NYM,NL,148,148,140,1243.2,1084,978,98,8,98,.993,1,1,5,5,7.79,8.35,7.27,8.13,,,,,,,*3/DH,,alonspe01
32,Dylan Carlson,22,STL,NL,145,145,125,1243.1,309,297,8,4,3,.987,4,4,2,2,2.21,2.06,2.10,2.00,,,,,,,*98/7H,ROY-3,carlsdy01
33,Manny Machado,28,SDP,NL,144,144,129,1238.1,368,94,261,13,34,.965,4,3,6,6,2.58,2.56,2.47,2.49,,,,,,,*5/HD,ASMVP-18,machama01
34,Jeimer Candelario,27,DET,AL,142,142,140,1237.2,373,91,273,9,30,.976,-6,-6,-5,-5,2.65,2.73,2.56,2.67,,,,,,,*5/D,,candeje01
35,César Hernández,31,2TM,AL,142,142,137,1229.0,490,175,303,12,73,.976,-12,-12,-11,-11,3.50,4.04,3.34,3.95,,,,,,,*4/D6,,hernace02
35,César Hernández,31,CLE,AL,89,89,86,766.0,293,110,176,7,43,.976,-8,-12,-5,-8,3.36,4.04,3.21,3.95,,,,,,,4/D,,hernace02
35,César Hernández,31,CHW,AL,53,53,51,463.0,197,65,127,5,30,.975,-4,-11,-6,-16,3.73,4.04,3.56,3.95,,,,,,,4/6,,hernace02
36,Juan Soto,22,WSN,NL,144,144,138,1226.0,306,295,5,6,1,.980,0,0,6,6,2.20,2.06,2.08,2.00,,,,,,,*9/HD,ASMVP-2SS,sotoju01
37,Yuli Gurriel,37,HOU,AL,142,139,131,1224.0,1149,1057,86,6,95,.995,12,12,5,5,8.40,8.19,7.99,7.97,,,,,,,*3/5D,GG,gourryu01
38,Jonathan Schoop,29,DET,AL,141,141,122,1220.0,1075,911,154,10,106,.991,3,3,-5,-5,7.86,7.13,6.96,6.97,,,,,,,*34D/5,,schoojo01
39,Ryan McMahon,26,COL,NL,147,139,120,1217.0,450,140,303,7,44,.984,11,11,23,23,3.28,3.03,2.68,2.97,,,,,,,*54H,,mcmahry01
40,Adam Frazier,29,2TM,NL,146,139,128,1214.2,539,222,312,5,77,.991,-2,-2,7,7,3.96,4.03,3.51,3.85,,,,,,,*4H7/D,AS,fraziad01
40,Adam Frazier,29,PIT,NL,95,92,82,795.1,366,148,213,5,47,.986,-2,-3,3,5,4.09,4.08,3.57,3.87,,,,,,,4/7HD,,fraziad01
40,Adam Frazier,29,SDP,NL,51,47,46,419.1,173,74,99,0,30,1.000,0,-1,4,11,3.71,3.92,3.39,3.81,,,,,,,4/H7,,fraziad01
41,Hunter Renfroe,29,BOS,AL,142,139,130,1213.0,281,253,16,12,3,.957,-10,-9,-1,-1,2.00,2.16,1.89,2.10,,,,,,,*9/8HD,,renfrhu01
42,Jared Walsh,27,LAA,AL,144,136,133,1212.2,998,919,73,6,96,.994,-2,-2,-4,-4,7.36,7.46,6.79,7.28,,,,,,,*39/H,AS,walshja01
43,Jorge Polanco,27,MIN,AL,143,138,118,1208.0,566,188,361,17,81,.970,4,4,2,2,4.09,3.99,3.45,3.89,,,,,,,*46/DH,,polanjo01
44,Chris Taylor,30,LAD,NL,145,132,96,1191.1,379,238,129,12,25,.968,0,0,-5,-5,2.77,2.83,2.17,2.82,,,,,,,84765/H9,AS,tayloch03
45,Anthony Rizzo,31,2TM,2LG,139,137,127,1190.2,1092,968,118,6,98,.995,5,5,-3,-3,8.21,8.29,7.70,8.01,,,,,,,*3/H14,,rizzoan01
45,Anthony Rizzo,31,CHC,NL,92,91,82,776.1,757,660,94,3,68,.996,7,10,0,0,8.74,8.34,8.02,8.02,,,,,,,3/14,,rizzoan01
45,Anthony Rizzo,31,NYY,AL,47,46,45,414.1,335,308,24,3,30,.991,-2,-4,-3,-9,7.21,8.20,7.06,8.01,,,,,,,3/H,,rizzoan01
46,Alex Verdugo,25,BOS,AL,143,136,120,1188.0,230,217,9,4,1,.983,-12,-12,0,0,1.71,2.16,1.58,2.10,,,,,,,*789/HD,,verdual01
47,Michael A. Taylor,30,KCR,AL,139,135,132,1186.0,365,351,11,3,3,.992,10,10,22,22,2.75,2.16,2.60,2.10,,,,,,,*8/HD,GG,taylomi02
48,Adolis García,28,TEX,AL,134,134,126,1182.1,345,325,16,4,3,.988,14,14,17,17,2.60,2.16,2.54,2.10,,,,,,,*89D/7H,ASROY-4,garciad02
49,Yoán Moncada,26,CHW,AL,138,138,132,1182.1,342,90,236,16,28,.953,10,10,4,4,2.48,2.73,2.36,2.67,,,,,,,*5/D,,moncayo01
50,Max Muncy,30,LAD,NL,141,135,98,1182.1,939,824,112,3,63,.997,11,11,7,7,7.12,7.31,5.57,6.94,,,,,,,*34/5HD,ASMVP-10,muncyma01
51,Brandon Lowe,26,TBR,AL,139,131,113,1182.0,487,205,270,12,78,.975,-6,-6,-10,-10,3.62,3.90,3.19,3.79,,,,,,,*4H7/9D3,MVP-10,lowebr01
52,Luis Urías,24,MIL,NL,144,133,109,1180.1,424,128,272,24,36,.943,-7,-7,0,0,3.05,3.33,2.48,3.25,,,,,,,564H,,uriaslu01
53,Eduardo Escobar,32,2TM,NL,142,138,107,1179.2,413,172,229,12,39,.971,-7,-7,-5,-5,3.06,3.56,2.51,3.53,,,,,,,543/H6,AS,escobed01
53,Eduardo Escobar,32,ARI,NL,96,92,74,785.0,272,84,179,9,24,.967,-3,-4,2,3,3.02,3.13,2.44,3.09,,,,,,,54/H6,,escobed01
53,Eduardo Escobar,32,MIL,NL,46,46,33,394.2,141,88,50,3,15,.979,-4,-13,-7,-21,3.15,4.41,2.65,4.44,,,,,,,53/H,,escobed01
54,Joey Gallo,27,2TM,AL,138,135,123,1178.1,300,279,14,7,3,.977,12,12,14,14,2.24,2.16,2.12,2.10,,,,,,,*97D/H,ASGG,gallojo01
54,Joey Gallo,27,TEX,AL,83,83,77,711.2,194,181,9,4,3,.979,12,20,12,20,2.40,2.16,2.29,2.10,,,,,,,9D/H,,gallojo01
54,Joey Gallo,27,NYY,AL,55,52,46,466.2,106,98,5,3,0,.972,0,1,2,5,1.99,2.16,1.87,2.10,,,,,,,7/9D,,gallojo01
55,Kris Bryant,29,2TM,NL,138,138,86,1176.0,342,245,88,9,20,.974,-12,-13,-5,-5,2.55,2.72,2.07,2.63,,,,,,,57983/H6,AS,bryankr01
55,Kris Bryant,29,CHC,NL,90,90,57,753.1,241,189,48,4,13,.983,-3,-5,-2,-3,2.83,2.96,2.26,2.85,,,,,,,57983/H6,,bryankr01
55,Kris Bryant,29,SFG,NL,48,48,29,422.2,101,56,40,5,7,.950,-9,-26,-3,-9,2.04,2.28,1.71,2.23,,,,,,,579/8H,,bryankr01
56,Trevor Story,28,COL,NL,138,138,123,1175.0,552,190,348,14,91,.975,8,8,10,10,4.12,3.85,3.90,3.74,,,,,,,*6/HD,,storytr01
57,Justin Turner,36,LAD,NL,143,135,122,1174.2,306,83,211,12,18,.961,-1,-1,-2,-2,2.25,2.56,2.04,2.48,,,,,,,*5H/D1,AS,turneju01
58,Bryce Harper,28,PHI,NL,139,138,123,1174.1,225,214,10,1,1,.996,-15,-16,-6,-6,1.72,2.06,1.60,2.04,,,,,,,*9/D3,MVP-1SS,harpebr03
59,Eugenio Suárez,29,CIN,NL,135,134,119,1171.1,396,109,270,17,38,.957,-15,-15,-9,-9,2.91,2.87,2.75,2.80,,,,,,,56H,,suareeu01
60,Mark Canha,32,OAK,AL,135,134,108,1170.2,251,245,3,3,0,.988,-3,-3,-10,-10,1.91,2.17,1.82,2.19,,,,,,,*798/D3H,,canhama01
61,Xander Bogaerts,28,BOS,AL,138,137,122,1169.0,523,152,362,9,76,.983,-1,-1,-4,-4,3.96,3.81,3.72,3.72,,,,,,,*6/DH,ASMVP-12SS,bogaexa01
62,Carlos Santana,35,KCR,AL,136,136,124,1167.0,1058,1001,50,7,117,.993,0,0,0,0,8.11,8.20,7.73,8.01,,,,,,,*3D/H,,santaca01
63,Kevin Newman,27,PIT,NL,142,134,123,1166.1,492,181,308,3,69,.994,7,7,8,8,3.77,3.87,3.33,3.77,,,,,,,*64H,,newmake01
64,Brandon Crawford,34,SFG,NL,135,130,122,1165.2,517,168,340,9,68,.983,-2,-2,6,6,3.92,3.85,3.76,3.74,,,,,,,*6/H,ASMVP-4GG,crawfbr01
65,Kyle Tucker,24,HOU,AL,135,130,124,1157.0,263,254,6,3,2,.989,10,10,5,5,2.02,2.16,1.93,2.10,,,,,,,*9/8DH,MVP-20,tuckeky01
66,Adam Duvall,32,2TM,NL,137,132,103,1155.0,276,260,12,4,1,.986,18,19,17,18,2.12,2.06,1.99,2.00,,,,,,,*978H,GG,duvalad01
66,Adam Duvall,32,MIA,NL,83,80,66,689.0,161,152,7,2,1,.988,8,14,11,19,2.08,2.06,1.92,2.00,,,,,,,97/H8,,duvalad01
66,Adam Duvall,32,ATL,NL,54,52,37,466.0,115,108,5,2,0,.983,10,26,6,15,2.18,2.06,2.09,2.00,,,,,,,789/H,,duvalad01
67,José Abreu,34,CHW,AL,136,134,130,1153.1,1020,980,35,5,93,.995,-1,-1,-1,-1,7.92,8.20,7.46,7.97,,,,,,,*3D/5,MVP-14,abreujo02
68,Willy Adames,25,2TM,2LG,136,131,123,1150.0,500,153,332,15,63,.970,3,3,1,1,3.80,3.84,3.57,3.73,,,,,,,*6/HD,MVP-16,adamewi01
68,Willy Adames,25,TBR,AL,40,37,36,336.0,153,43,106,4,23,.974,5,16,3,11,3.99,3.81,3.73,3.72,,,,,,,6/H,,adamewi01
68,Willy Adames,25,MIL,NL,96,94,87,814.0,347,110,226,11,40,.968,-2,-3,-2,-3,3.71,3.85,3.50,3.74,,,,,,,6/DH,,adamewi01
69,Vladimir Guerrero Jr.,22,TOR,AL,133,133,127,1145.2,1080,1026,46,8,90,.993,3,3,0,0,8.42,8.19,8.00,7.97,,,,,,,*3D/5,ASMVP-2SS,guerrvl02
70,Charlie Blackmon,34,COL,NL,137,134,125,1144.1,227,211,14,2,3,.991,-7,-7,-1,-1,1.77,2.06,1.64,2.00,,,,,,,*9H/D,,blackch02
71,Amed Rosario,25,CLE,AL,135,132,122,1143.0,440,138,292,10,59,.977,-4,-4,-13,-14,3.39,3.63,3.09,3.51,,,,,,,*68/HD,,rosaram01
72,José Ramírez,28,CLE,AL,133,132,122,1141.0,333,105,213,15,34,.955,9,10,8,8,2.51,2.73,2.39,2.67,,,,,,,*5D/H,ASMVP-6,ramirjo01
73,Kyle Farmer,30,CIN,NL,143,128,112,1140.2,453,154,293,6,59,.987,3,3,1,1,3.53,3.87,3.04,3.80,,,,,,,*65/4H37,,farmeky01
74,Teoscar Hernández,28,TOR,AL,132,130,92,1138.0,272,260,7,5,1,.982,3,3,-5,-5,2.11,2.16,2.02,2.10,,,,,,,*97D/8H,ASMVP-19SS,hernate01
75,Josh Harrison,33,2TM,2LG,137,131,106,1132.0,438,185,241,12,52,.973,-6,-7,-5,-5,3.39,3.66,2.75,3.49,,,,,,,457/6H89,,harrijo05
75,Josh Harrison,33,WSN,NL,89,84,71,733.0,300,136,155,9,37,.970,-4,-6,1,2,3.57,3.66,2.91,3.46,,,,,,,475/8H9,,harrijo05
75,Josh Harrison,33,OAK,AL,48,47,35,399.0,138,49,86,3,15,.978,-2,-7,-6,-18,3.05,3.66,2.45,3.54,,,,,,,45/67H,,harrijo05
76,Nick Castellanos,29,CIN,NL,135,134,109,1123.0,235,226,7,2,0,.991,-13,-14,-10,-11,1.87,2.06,1.73,2.00,,,,,,,*9/DH,ASMVP-12SS,casteni01
77,Javier Báez,28,2TM,NL,133,130,117,1120.1,561,210,327,24,71,.957,0,0,4,4,4.31,3.92,3.98,3.81,,,,,,,64/H,,baezja01
77,Javier Báez,28,CHC,NL,88,86,78,742.1,392,134,240,18,51,.954,4,6,3,5,4.53,3.85,4.25,3.74,,,,,,,6/H,,baezja01
77,Javier Báez,28,NYM,NL,45,44,39,378.0,169,76,87,6,20,.964,-3,-10,1,3,3.88,4.05,3.47,3.94,,,,,,,46/H,,baezja01
78,Kiké Hernández,29,BOS,AL,134,130,106,1119.2,361,240,113,8,30,.978,-6,-6,15,16,2.84,2.83,2.39,2.78,,,,,,,84/6H,,hernaen02
79,Andrew Benintendi,26,KCR,AL,129,129,121,1116.0,234,225,6,3,1,.987,11,12,10,11,1.86,2.16,1.79,2.10,,,,,,,*7/H,GG,beninan01
80,Jose Iglesias,31,2TM,AL,136,128,118,1115.2,443,139,287,17,51,.962,-3,-3,-23,-25,3.44,3.84,3.11,3.75,,,,,,,*64/HD,,iglesjo01
80,Jose Iglesias,31,LAA,AL,114,111,106,961.2,381,115,250,16,44,.958,-5,-6,-21,-26,3.42,3.81,3.20,3.72,,,,,,,*6/H,,iglesjo01
80,Jose Iglesias,31,BOS,AL,22,17,12,154.0,62,24,37,1,7,.984,2,19,-2,-16,3.56,3.99,2.65,3.90,,,,,,,4/6HD,,iglesjo01
81,Eric Hosmer,31,SDP,NL,131,129,114,1113.1,1008,909,92,7,97,.993,4,5,-2,-2,8.09,8.35,7.64,8.13,,,,,,,*3H/D,,hosmeer01
82,Ty France,26,SEA,AL,127,125,116,1107.1,893,774,115,4,94,.996,0,0,0,0,7.23,7.43,6.73,7.16,,,,,,,3D4/5H,,francty01
83,Tyler O'Neill,26,STL,NL,131,129,118,1105.0,237,221,7,9,1,.962,11,12,14,15,1.86,2.06,1.74,2.00,,,,,,,*7/HD,MVP-8GG,oneilty01
84,Andrew McCutchen,34,PHI,NL,135,131,101,1099.0,197,189,4,4,0,.980,-6,-6,-9,-10,1.58,2.06,1.43,2.00,,,,,,,*7H/D,,mccutan01
85,C.J. Cron,31,COL,NL,130,129,112,1095.0,1140,1040,90,10,103,.991,1,2,4,4,9.29,8.35,8.69,8.13,,,,,,,*3H/D,,croncj01
86,Hunter Dozier,29,KCR,AL,131,127,99,1095.0,350,254,89,7,21,.980,-7,-7,-21,-23,2.82,3.05,2.35,3.09,,,,,,,9537D/H,,doziehu01
87,Andrelton Simmons,31,MIN,AL,131,126,108,1091.2,501,167,322,12,67,.976,13,15,13,14,4.03,3.81,3.73,3.72,,,,,,,*6/H,,simmoan01
88,Gleyber Torres,24,NYY,AL,127,123,116,1085.0,448,154,275,19,48,.958,-9,-10,-13,-14,3.56,3.85,3.38,3.76,,,,,,,64/H,,torregl01
89,Jean Segura,31,PHI,NL,128,127,111,1081.1,570,224,335,11,85,.981,-4,-5,6,7,4.65,4.12,4.33,4.01,,,,,,,*4/H6,,segurje01
90,Joey Wendle,31,TBR,AL,135,118,94,1081.1,395,120,264,11,32,.972,11,13,11,12,3.20,3.07,2.59,2.99,,,,,,,564H,AS,wendljo01
91,Mitch Haniger,30,SEA,AL,123,122,118,1080.2,276,270,3,3,0,.989,3,4,-6,-7,2.27,2.16,2.22,2.10,,,,,,,*9D,MVP-20,hanigmi01
92,David Peralta,33,ARI,NL,137,123,103,1075.2,282,277,2,3,0,.989,11,12,1,1,2.33,2.06,2.02,2.00,,,,,,,*7H/1D,,peralda01
93,Miguel Rojas,32,MIA,NL,128,124,114,1073.0,485,192,282,11,80,.977,8,9,5,6,3.98,3.85,3.70,3.74,,,,,,,*6/H,,rojasmi02
94,Aaron Judge,29,NYY,AL,125,122,100,1070.0,259,246,10,3,2,.988,10,12,8,9,2.15,2.16,2.05,2.10,,,,,,,*98D/H,ASMVP-4SS,judgeaa01
95,Randal Grichuk,29,TOR,AL,134,121,88,1065.2,253,252,1,0,0,1.000,3,4,5,6,2.14,2.16,1.89,2.10,,,,,,,*89D/H,,grichra01
96,Christian Vázquez,30,BOS,AL,132,119,105,1062.1,1204,1137,60,7,6,.994,3,4,4,5,10.14,9.30,8.74,8.95,10,38,55,18,24.7,3,*2/HD453,,vazquch01
97,Pavin Smith,25,ARI,NL,130,122,80,1061.1,525,489,32,4,25,.992,3,4,-9,-10,4.42,4.25,3.43,4.18,,,,,,,398H7,,smithpa04
98,Mike Yastrzemski,30,SFG,NL,127,119,86,1059.0,263,259,3,1,1,.996,-4,-4,7,8,2.23,2.06,2.06,2.00,,,,,,,*98H,,yastrmi01
99,Austin Hays,25,BAL,AL,129,120,101,1052.1,254,244,9,1,2,.996,10,11,15,17,2.16,2.16,1.96,2.10,,,,,,,*79/H8,,haysau01
100,Nick Solak,26,TEX,AL,121,120,117,1050.2,444,169,270,5,63,.989,-14,-16,-6,-7,3.76,4.04,3.63,3.95,,,,,,,*4/DH,,solakni01
101,Fernando Tatis Jr.,22,SDP,NL,125,124,106,1049.2,403,162,219,22,47,.945,-8,-9,-6,-7,3.27,3.50,3.02,3.41,,,,,,,69/8HD,ASMVP-3SS,tatisfe02
102,Tim Anderson,28,CHW,AL,122,122,114,1048.0,432,152,270,10,59,.977,-6,-6,0,0,3.62,3.81,3.46,3.72,,,,,,,*6,AS,anderti01
103,Yandy Díaz,29,TBR,AL,126,118,86,1048.0,664,545,115,4,63,.994,-3,-3,-8,-9,5.67,5.88,4.71,5.77,,,,,,,35/HD4,,diazya01
104,Josh Rojas,27,ARI,NL,133,116,81,1044.1,381,183,183,15,35,.961,-12,-14,-17,-20,3.15,3.28,2.25,3.17,,,,,,,4697H5,,rojasjo01
105,Trent Grisham,24,SDP,NL,127,118,113,1043.1,280,274,2,4,1,.986,9,10,7,8,2.38,2.06,2.17,2.00,,,,,,,*8H,,grishtr01
106,Josh Bell,28,WSN,NL,123,122,110,1042.2,905,827,73,5,71,.994,-1,-1,1,1,7.77,7.99,6.98,7.66,,,,,,,*3H/7D9,,belljo02
107,Joey Votto,37,CIN,NL,123,122,104,1042.2,959,853,99,7,91,.993,7,8,1,1,8.22,8.35,7.74,8.13,,,,,,,*3/DH,MVP-16,vottojo01
108,Brett Gardner,37,NYY,AL,136,113,95,1039.2,257,253,3,1,1,.996,-10,-11,-4,-5,2.22,2.16,1.88,2.10,,,,,,,*87/H,,gardnbr01
109,J.T. Realmuto,30,PHI,NL,127,119,104,1038.0,1149,1111,36,2,10,.998,6,7,0,0,9.95,9.40,8.56,9.08,6,25,28,10,26.3,2,*23/HD,AS,realmjt01
110,Miguel Sanó,28,MIN,AL,121,117,106,1033.0,946,881,49,16,95,.983,-9,-11,-9,-10,8.10,8.00,7.32,7.63,,,,,,,*3D/5H,,sanomi01
111,Francisco Lindor,27,NYM,NL,124,122,116,1029.1,445,160,275,10,58,.978,2,2,4,5,3.80,3.85,3.51,3.74,,,,,,,*6/H,,lindofr01
112,Ian Happ,26,CHC,NL,127,119,84,1028.2,221,209,11,1,0,.995,-12,-14,-4,-5,1.92,2.13,1.65,2.13,,,,,,,*78H9/45D,,happia01
113,Nick Ahmed,31,ARI,NL,127,118,108,1028.0,481,170,302,9,59,.981,3,4,5,6,4.13,3.85,3.72,3.74,,,,,,,*6/H,,ahmedni01
114,Randy Arozarena,26,TBR,AL,119,117,83,1025.1,213,207,5,1,1,.995,-2,-2,5,6,1.86,2.16,1.78,2.10,,,,,,,*79D/H8,ROY-1,arozara01
115,Bobby Dalbec,26,BOS,AL,130,115,95,1025.1,910,832,66,12,82,.987,-11,-13,-8,-9,7.88,7.91,6.46,7.41,,,,,,,*35H/6D,,dalbebo01
116,Starling Marte,32,2TM,2LG,119,117,113,1022.2,291,280,8,3,3,.990,0,0,-3,-4,2.53,2.11,2.42,2.05,,,,,,,*8/H,,martest01
116,Starling Marte,32,MIA,NL,63,62,61,543.1,141,133,6,2,3,.986,4,9,3,7,2.30,2.06,2.21,2.00,,,,,,,8/H,,martest01
116,Starling Marte,32,OAK,AL,56,55,52,479.1,150,147,2,1,0,.993,-4,-10,-6,-15,2.80,2.16,2.66,2.10,,,,,,,8,,martest01
117,Wil Myers,30,SDP,NL,128,117,105,1021.1,196,194,2,0,1,1.000,-11,-13,-5,-6,1.73,2.06,1.53,2.00,,,,,,,*9H7/D,,myerswi01
118,Martín Maldonado,34,HOU,AL,124,119,97,1019.2,1110,1058,44,8,11,.993,4,4,-2,-2,9.73,9.34,8.89,9.12,7,48,29,19,39.6,1,*2/3H,,maldoma01
119,Leury García,30,CHW,AL,122,117,87,1018.0,294,174,114,6,23,.980,-7,-8,-1,-1,2.55,2.97,2.20,2.89,,,,,,,497865/H,,garcile02
120,Jazz Chisholm Jr.,23,MIA,NL,121,118,104,1017.1,476,166,286,24,77,.950,3,4,-1,-1,4.00,4.05,3.53,3.93,,,,,,,46/H,,chishja01
121,Avisaíl García,30,MIL,NL,122,118,100,1016.0,214,204,4,6,0,.972,12,14,9,11,1.84,2.06,1.70,2.00,,,,,,,*9H/8,,garciav01
122,Lourdes Gurriel Jr.,27,TOR,AL,125,122,84,1012.0,253,233,16,4,7,.984,-8,-9,5,6,2.21,2.57,1.92,2.60,,,,,,,*7D3/H,,gurrilo01
123,Jonathan Villar,30,NYM,NL,127,117,105,1010.1,325,99,211,15,34,.954,2,2,-1,-1,2.76,2.91,2.35,2.84,,,,,,,56H/4,,villajo01
124,Mookie Betts,28,LAD,NL,120,116,93,1009.2,220,207,10,3,4,.986,7,8,6,7,1.93,2.15,1.76,2.11,,,,,,,*98/4H,AS,bettsmo01
125,Will Smith,26,LAD,NL,118,111,109,1008.1,1152,1102,43,7,1,.994,-2,-2,4,5,10.22,9.46,9.62,9.14,9,35,72,24,25.0,0,*2H/D35,,smithwi05
126,Yadier Molina,38,STL,NL,118,118,103,1004.1,923,870,50,3,10,.997,6,7,6,7,8.24,9.47,7.73,9.20,6,44,26,18,40.9,3,*2/H3,AS,molinya01
127,Salvador Perez,31,KCR,AL,124,120,101,1002.2,1038,975,61,2,12,.998,6,7,-7,-8,9.30,9.35,8.35,9.13,1,69,23,18,43.9,2,*2D/H,ASMVP-7SS,perezsa02
128,Tommy Pham,33,SDP,NL,124,119,92,997.0,218,214,2,2,1,.991,-7,-8,-4,-5,1.95,2.06,1.74,2.00,,,,,,,*7H8/D9,,phamth01
129,Raimel Tapia,27,COL,NL,120,113,102,984.0,188,178,7,3,0,.984,-6,-8,8,10,1.69,2.06,1.54,2.00,,,,,,,*7H/98,,tapiara01
130,Odúbel Herrera,29,PHI,NL,120,107,88,970.1,222,214,5,3,2,.986,1,1,1,1,2.03,2.06,1.83,2.00,,,,,,,*87/H9,,herreod01
131,Garrett Hampson,26,COL,NL,131,107,85,966.2,344,240,103,1,21,.997,1,1,4,5,3.19,2.72,2.37,2.72,,,,,,,84H/65,,hampsga01
132,Jesús Aguilar,31,MIA,NL,114,112,104,964.1,917,824,85,8,94,.991,-2,-2,2,2,8.48,8.34,7.90,8.03,,,,,,,*3H/D5,,aguilje01
133,Manuel Margot,26,TBR,AL,119,104,84,961.1,274,266,4,4,2,.985,12,14,16,20,2.53,2.16,2.27,2.10,,,,,,,*978H/D,,margoma01
134,Michael Conforto,28,NYM,NL,117,111,108,956.1,204,192,7,5,2,.975,-9,-11,-7,-9,1.87,2.06,1.70,2.00,,,,,,,*9H/D,,confomi01
135,Andrew Vaughn,23,CHW,AL,120,112,84,956.1,239,226,9,4,4,.983,3,4,-6,-8,2.21,2.81,1.88,2.83,,,,,,,793/HD54,,vaughan01
136,Gio Urshela,29,NYY,AL,114,109,91,954.2,308,79,217,12,32,.961,-1,-1,-6,-8,2.79,2.96,2.39,2.91,,,,,,,56/H,,urshegi01
137,Willi Castro,24,DET,AL,115,110,100,954.1,439,182,247,10,55,.977,-1,-1,-12,-15,4.05,3.84,3.55,3.76,,,,,,,467H/D,,castrwi01
138,Akil Baddoo,22,DET,AL,117,107,89,953.0,259,252,4,3,1,.988,5,6,-2,-3,2.42,2.16,2.19,2.10,,,,,,,*87H/9D,,baddoak01
139,Max Kepler,28,MIN,AL,114,109,97,949.2,220,215,5,0,1,1.000,7,9,2,3,2.08,2.16,1.93,2.10,,,,,,,*98/HD,,keplema01
140,Willson Contreras,29,CHC,NL,117,112,92,937.2,949,885,57,7,6,.993,0,0,9,12,9.04,9.46,7.98,9.09,3,39,46,12,20.7,5,*2H/57,,contrwi01
141,Kolten Wong,30,MIL,NL,113,108,99,937.0,395,164,229,2,51,.995,6,8,5,6,3.77,4.12,3.48,4.01,,,,,,,*4/H,,wongko01
142,Dominic Smith,26,NYM,NL,120,114,73,930.1,215,204,9,2,5,.991,6,8,-3,-4,2.06,2.54,1.65,2.71,,,,,,,*7H3/D,,smithdo02
143,Sean Murphy,26,OAK,AL,112,104,99,923.1,921,873,42,6,6,.993,3,4,10,13,8.92,9.35,8.17,9.13,1,34,41,13,24.1,1,*2/HD,GG,murphse01
144,Joc Pederson,29,2TM,NL,117,108,71,919.1,174,171,2,1,0,.994,0,0,-7,-9,1.69,2.07,1.47,2.05,,,,,,,*798H/3D,,pederjo01
144,Joc Pederson,29,CHC,NL,68,65,44,546.0,94,92,1,1,0,.989,-5,-11,-4,-9,1.53,2.07,1.35,2.09,,,,,,,7/H983D,,pederjo01
144,Joc Pederson,29,ATL,NL,49,43,27,373.1,80,79,1,0,0,1.000,5,16,-3,-10,1.93,2.06,1.63,2.00,,,,,,,98H,,pederjo01
145,Jackie Bradley Jr.,31,MIL,NL,117,99,92,915.1,218,215,3,0,2,1.000,13,17,11,14,2.14,2.06,1.86,2.00,,,,,,,*8H97,,bradlja02
146,Tyler Naquin,30,CIN,NL,120,106,72,913.1,197,188,5,4,0,.980,-2,-2,-12,-16,1.90,2.06,1.61,2.00,,,,,,,*879H,,naquity01
147,Dylan Moore,28,SEA,AL,125,101,74,908.1,350,190,156,4,38,.989,8,11,10,13,3.43,3.27,2.53,3.08,,,,,,,47H5/96D,,mooredy01
148,Luis Arraez,24,MIN,AL,115,104,84,901.1,335,144,183,8,38,.976,-2,-2,7,9,3.27,3.09,2.52,3.02,,,,,,,547H/D,,arraelu01
149,Christian Yelich,29,MIL,NL,107,103,96,897.0,176,170,5,1,0,.994,-2,-2,-1,-1,1.76,2.06,1.64,2.00,,,,,,,7H/D9,,yelicch01
150,Kevin Kiermaier,31,TBR,AL,116,101,91,894.2,231,229,1,1,0,.996,8,10,14,19,2.31,2.16,1.98,2.10,,,,,,,*8/HD,,kiermke01
151,Jacob Stallings,31,PIT,NL,105,103,102,893.0,925,871,49,5,2,.995,3,4,21,28,9.27,9.47,8.76,9.20,0,35,45,12,21.1,1,2/H3,GG,stallja01
152,Buster Posey,34,SFG,NL,106,102,92,892.0,918,884,31,3,3,.997,9,12,-4,-5,9.23,9.47,8.63,9.21,2,18,31,14,31.1,0,2H/D,ASMVP-21SS,poseybu01
153,Omar Narváez,29,MIL,NL,111,100,83,887.1,1063,1005,52,6,2,.994,-7,-9,2,3,10.72,9.46,9.44,9.16,5,49,62,17,21.5,2,*2H/4D,AS,narvaom01
154,Harrison Bader,27,STL,NL,103,101,100,886.2,296,289,4,3,1,.990,14,19,18,24,2.97,2.06,2.84,2.00,,,,,,,8,GG,baderha01
155,Pedro Severino,27,BAL,AL,109,102,95,883.0,832,797,31,4,2,.995,-6,-8,-9,-12,8.44,9.35,7.60,9.13,10,66,31,9,22.5,0,*2/DH,,severpe01
156,Gary Sánchez,28,NYY,AL,110,100,92,879.1,992,932,54,6,1,.994,-9,-12,-10,-14,10.09,9.35,8.96,9.13,8,60,50,10,16.7,1,*2H/D,,sanchga02
157,Paul DeJong,27,STL,NL,107,100,90,873.0,393,129,256,8,51,.980,6,8,6,8,3.97,3.85,3.60,3.74,,,,,,,6/H,,dejonpa01
158,James McCann,31,NYM,NL,112,102,93,871.1,958,914,38,6,6,.994,4,5,-4,-6,9.83,9.41,8.42,9.15,8,32,46,17,27.0,2,2H/3D,,mccanja02
159,Alec Bohm,24,PHI,NL,107,101,87,868.0,263,91,156,16,19,.939,-4,-5,-14,-19,2.56,2.79,2.25,2.85,,,,,,,5/H3,,bohmal01
160,Christian Walker,30,ARI,NL,107,99,92,866.0,816,744,66,6,64,.993,1,2,5,7,8.42,8.35,7.57,8.13,,,,,,,3H/D,,walkech02
161,Mike Zunino,30,TBR,AL,105,97,84,860.1,951,909,37,5,2,.995,-2,-3,7,10,9.90,9.35,9.01,9.13,10,39,47,13,21.7,1,2/H,ASMVP-20,zuninmi01
162,Tony Kemp,29,OAK,AL,124,90,68,859.0,328,172,151,5,34,.985,2,3,1,1,3.38,3.30,2.32,3.30,,,,,,,47H/D6,,kempto01
163,Rhys Hoskins,28,PHI,NL,103,99,83,854.2,818,735,79,4,81,.995,-6,-8,-5,-7,8.57,8.35,7.90,8.13,,,,,,,3/HD,,hoskirh01
164,AJ Pollock,33,LAD,NL,108,97,74,854.0,181,177,4,0,1,1.000,6,8,3,4,1.91,2.06,1.68,2.00,,,,,,,7H/8,,polloaj01
165,Jesse Winker,27,CIN,NL,102,100,80,853.1,158,152,4,2,0,.987,-10,-13,-8,-11,1.65,2.06,1.53,2.00,,,,,,,7/9DH8,AS,winkeje01
166,Tucker Barnhart,30,CIN,NL,104,97,84,850.0,932,883,47,2,5,.998,7,10,0,0,9.85,9.46,8.94,9.19,3,31,43,17,28.3,2,2H/3,,barnhtu01
167,Didi Gregorius,31,PHI,NL,101,98,90,848.1,385,131,236,18,49,.953,-3,-5,-12,-17,3.89,3.85,3.63,3.74,,,,,,,6/H,,gregodi01
168,Ryan Mountcastle,24,BAL,AL,102,100,88,848.0,689,648,39,2,56,.997,-5,-7,-6,-8,7.29,7.17,6.54,6.83,,,,,,,3D7/H,ROY-6,mountry01
169,Maikel Franco,28,BAL,AL,100,97,89,827.2,243,69,166,8,15,.967,-11,-15,-8,-12,2.56,2.78,2.33,2.78,,,,,,,5/DH3,,francma02
170,Jeff McNeil,29,NYM,NL,106,99,81,827.2,302,143,151,8,36,.974,0,0,6,9,3.20,3.57,2.70,3.47,,,,,,,47H/5D,,mcneije01
171,Brendan Rodgers,24,COL,NL,99,96,81,824.1,397,143,249,5,57,.987,5,7,-4,-6,4.28,4.07,3.66,3.94,,,,,,,46/H,,rodgebr02
172,Eddie Rosario,29,2TM,2LG,100,96,83,819.0,178,171,4,3,1,.983,10,15,1,1,1.92,2.13,1.75,2.07,,,,,,,7/HD9,,rosared01
172,Eddie Rosario,29,CLE,AL,72,72,62,598.2,125,120,4,1,1,.992,5,11,0,0,1.86,2.16,1.72,2.10,,,,,,,7/D,,rosared01
172,Eddie Rosario,29,ATL,NL,28,24,21,220.1,53,51,0,2,0,.962,5,27,1,5,2.08,2.06,1.82,2.00,,,,,,,7/H9,,rosared01
173,Freddy Galvis,31,2TM,2LG,101,98,82,818.2,337,103,226,8,31,.976,1,2,-1,-1,3.62,3.59,3.16,3.54,,,,,,,65/H43,,galvifr01
173,Freddy Galvis,31,BAL,AL,72,71,60,575.0,248,71,173,4,18,.984,1,2,0,0,3.82,3.81,3.39,3.72,,,,,,,6/H,,galvifr01
173,Freddy Galvis,31,PHI,NL,29,27,22,243.2,89,32,53,4,13,.955,0,1,-1,-5,3.14,3.07,2.66,3.15,,,,,,,56/H43,,galvifr01
174,Gavin Lux,23,LAD,NL,100,93,76,817.2,305,115,180,10,26,.967,-1,-1,0,0,3.25,3.61,2.84,3.51,,,,,,,647/8H59,,luxga01
175,Jarred Kelenic,21,SEA,AL,93,91,89,815.2,236,230,2,4,1,.983,-2,-3,-16,-24,2.56,2.16,2.49,2.10,,,,,,,87/9H,,kelenja01
176,Abraham Toro,24,2TM,AL,90,89,86,805.0,302,106,188,8,35,.974,0,1,0,0,3.29,3.70,3.20,3.59,,,,,,,45/H3,,toroab01
176,Abraham Toro,24,HOU,AL,31,30,29,270.1,96,30,63,3,8,.969,0,1,4,18,3.10,3.07,2.91,3.00,,,,,,,5/H3,,toroab01
176,Abraham Toro,24,SEA,AL,59,59,57,534.2,206,76,125,5,27,.976,0,0,-4,-9,3.38,4.01,3.35,3.91,,,,,,,4/5H,,toroab01
177,Corey Seager,27,LAD,NL,92,90,85,803.0,314,104,202,8,22,.975,-2,-2,-1,-1,3.43,3.85,3.33,3.74,,,,,,,6/H,,seageco01
178,Kyle Schwarber,28,2TM,2LG,97,95,79,799.0,224,215,5,4,11,.982,-9,-13,-5,-8,2.48,2.65,2.27,2.64,,,,,,,7D3/H,AS,schwaky01
178,Kyle Schwarber,28,WSN,NL,72,72,62,600.1,133,127,3,3,1,.977,-5,-10,-2,-4,1.95,2.06,1.81,2.00,,,,,,,7,,schwaky01
178,Kyle Schwarber,28,BOS,AL,25,23,17,198.2,91,88,2,1,10,.989,-4,-23,-3,-18,4.08,4.44,3.60,4.46,,,,,,,7D3/H,,schwaky01
179,Victor Caratini,27,SDP,NL,107,87,81,796.1,893,857,34,2,3,.998,-2,-3,-7,-11,10.07,9.44,8.25,9.04,6,26,47,10,17.5,0,2H/35,,caratvi01
180,Ben Gamel,29,2TM,2LG,105,89,71,796.1,203,200,3,0,3,1.000,-2,-3,-8,-12,2.29,2.14,1.90,2.24,,,,,,,7H89/3,,gamelbe01
180,Ben Gamel,29,CLE,AL,10,3,1,40.0,5,5,0,0,0,1.000,-1,-30,-2,-60,1.13,2.16,0.50,2.10,,,,,,,/8H7,,gamelbe01
180,Ben Gamel,29,PIT,NL,95,86,70,756.1,198,195,3,0,3,1.000,-1,-2,-6,-10,2.36,2.13,2.04,2.25,,,,,,,7H98/3,,gamelbe01
181,Wilmer Flores,29,SFG,NL,109,94,56,794.1,356,205,141,10,32,.972,0,0,0,0,3.92,4.24,2.84,4.44,,,,,,,5H34/D,,florewi01
182,Víctor Robles,24,WSN,NL,104,93,86,792.1,220,215,5,0,1,1.000,-1,-2,1,2,2.50,2.06,2.12,2.00,,,,,,,8/H,,roblevi01
183,Jurickson Profar,28,SDP,NL,104,89,66,787.1,272,238,28,6,16,.978,-13,-20,-6,-9,3.04,3.23,2.40,3.29,,,,,,,7H9384,,profaju01
184,Rougned Odor,27,NYY,AL,97,89,69,786.2,305,101,191,13,37,.957,2,2,-3,-5,3.34,3.63,2.73,3.56,,,,,,,45/H,,odorro01
185,Gregory Polanco,29,PIT,NL,92,91,88,784.2,197,191,2,4,0,.980,-2,-3,-10,-15,2.21,2.06,2.10,2.00,,,,,,,9H,,polangr01
186,Juan Lagares,32,LAA,AL,112,83,68,784.1,172,167,5,0,0,1.000,-3,-5,1,2,1.97,2.16,1.54,2.10,,,,,,,*897/H,,lagarju01
187,Jason Heyward,31,CHC,NL,97,92,79,784.0,160,157,3,0,1,1.000,7,11,3,5,1.84,2.06,1.65,2.00,,,,,,,9/H,,heywaja01
188,Alex Bregman,27,HOU,AL,90,90,83,782.2,225,59,158,8,13,.964,4,6,3,5,2.50,2.73,2.41,2.67,,,,,,,5/H,,bregmal01
189,Elias Díaz,30,COL,NL,98,87,84,775.0,751,699,48,4,5,.995,5,8,9,14,8.67,9.47,7.62,9.21,8,37,22,16,42.1,5,2H,,diazel01
190,Yan Gomes,33,2TM,2LG,92,90,86,771.1,782,730,44,8,3,.990,5,8,4,6,9.03,9.43,8.41,9.18,3,18,43,19,30.6,0,2/HD,,gomesya01
190,Yan Gomes,33,WSN,NL,61,60,59,510.0,537,494,37,6,3,.989,5,12,4,9,9.37,9.47,8.70,9.21,2,9,29,16,35.6,0,2/H,,gomesya01
190,Yan Gomes,33,OAK,AL,31,30,27,261.1,245,236,7,2,0,.992,0,0,0,0,8.37,9.35,7.84,9.13,1,9,14,3,17.6,0,2/HD,,gomesya01
191,Ke'Bryan Hayes,24,PIT,NL,95,89,85,766.1,249,73,173,3,28,.988,1,2,16,25,2.89,2.56,2.59,2.49,,,,,,,5/H,,hayeske01
192,Brandon Belt,33,SFG,NL,93,85,75,764.2,740,681,56,3,60,.996,0,0,-4,-6,8.67,8.35,7.92,8.13,,,,,,,3H,,beltbr01
193,Guillermo Heredia,30,ATL,NL,111,84,63,761.2,205,202,0,3,0,.985,-5,-7,0,0,2.39,2.06,1.82,2.00,,,,,,,*87H,,heredgu01
194,Josh Donaldson,35,MIN,AL,92,91,81,761.0,271,71,187,13,19,.952,-1,-1,-1,-2,3.05,2.73,2.80,2.67,,,,,,,5D/H,,donaljo02
195,Bradley Zimmer,28,CLE,AL,97,84,77,760.0,189,187,1,1,0,.995,11,18,3,5,2.23,2.16,1.94,2.10,,,,,,,89/H7D,,zimmebr01
196,Patrick Wisdom,29,CHC,NL,98,85,67,759.1,294,153,133,8,24,.973,9,15,3,5,3.39,3.05,2.65,3.09,,,,,,,57H3/9,ROY-4,wisdopa01
197,Harold Ramírez,26,CLE,AL,93,90,73,757.0,188,186,0,2,0,.989,-5,-8,-7,-11,2.21,2.20,1.98,2.16,,,,,,,798/HD3,,ramirha02
198,Jorge Soler,29,2TM,2LG,96,95,48,752.0,147,141,3,3,0,.980,-3,-4,-9,-14,1.72,2.11,1.50,2.05,,,,,,,9D/H,,solerjo01
198,Jorge Soler,29,KCR,AL,46,46,24,345.0,67,66,0,1,0,.985,-6,-21,-6,-21,1.72,2.16,1.43,2.10,,,,,,,9D/H,,solerjo01
198,Jorge Soler,29,ATL,NL,50,49,24,407.0,80,75,3,2,0,.975,4,11,-3,-9,1.72,2.06,1.56,2.00,,,,,,,9/DH,,solerjo01
199,Austin Hedges,28,CLE,AL,87,85,82,743.2,767,720,45,2,7,.997,6,10,12,19,9.26,9.35,8.79,9.13,2,24,31,14,31.1,1,2/H,,hedgeau01
200,Ronald Torreyes,28,PHI,NL,100,82,71,740.2,263,90,169,4,34,.985,-4,-6,-1,-2,3.15,3.24,2.40,3.13,,,,,,,56H4/18,,torrero01
201,Tyler Stephenson,24,CIN,NL,101,82,71,736.0,822,789,32,1,12,.999,-3,-5,1,2,10.04,9.24,8.05,8.90,7,31,34,8,19.0,0,2H3/7,ROY-6,stephty01
202,Cody Bellinger,25,LAD,NL,93,80,70,734.1,201,195,2,4,3,.980,3,5,-2,-3,2.41,2.23,2.07,2.26,,,,,,,8/9H3,,bellico01
203,LaMonte Wade Jr.,27,SFG,NL,105,83,36,734.0,286,263,18,5,12,.983,4,6,1,2,3.45,3.70,2.53,3.71,,,,,,,973H/8,MVP-21,wadela01
204,Michael Brantley,34,HOU,AL,89,88,65,727.2,131,128,2,1,1,.992,2,3,-2,-3,1.61,2.16,1.46,2.10,,,,,,,7D/9H,AS,brantmi02
205,Tom Murphy,30,SEA,AL,88,83,71,727.2,695,664,24,7,2,.990,-2,-3,1,2,8.51,9.35,7.82,9.13,6,28,44,9,17.0,1,2H/D,,murphto04
206,Ramón Laureano,26,OAK,AL,83,83,80,724.0,208,199,7,2,1,.990,2,3,5,8,2.56,2.16,2.48,2.10,,,,,,,8/9DH,,laurera01
207,Harold Castro,27,DET,AL,99,80,61,722.1,338,158,177,3,41,.991,-9,-15,-10,-17,4.17,4.15,3.02,4.11,,,,,,,643H5/178D,,castrha01
208,Starlin Castro,31,WSN,NL,86,85,82,720.0,222,52,158,12,17,.946,8,14,2,3,2.63,2.57,2.44,2.50,,,,,,,5/H6,,castrst01
209,Kevin Pillar,32,NYM,NL,109,82,48,719.2,167,162,5,0,0,1.000,3,5,-1,-2,2.09,2.06,1.53,2.00,,,,,,,87H9/1,,pillake01
210,Brett Phillips,27,TBR,AL,109,74,60,714.1,221,213,4,4,1,.982,12,21,9,15,2.73,2.16,1.99,2.09,,,,,,,89H7/D1,,phillbr02
211,Eric Haase,28,DET,AL,86,81,76,714.0,548,518,24,6,3,.989,0,-1,-2,-3,6.83,7.65,6.09,7.38,7,25,24,11,31.4,0,27D/H3,,haaseer01
212,Jose Trevino,28,TEX,AL,88,81,76,713.0,677,644,27,6,3,.991,-4,-7,8,13,8.47,9.35,7.63,9.13,4,33,40,7,14.9,1,2/H,,trevijo01
213,Brandon Nimmo,28,NYM,NL,87,85,74,711.2,206,203,2,1,1,.995,5,9,5,8,2.59,2.06,2.36,2.00,,,,,,,87/H,,nimmobr01
214,Phil Gosselin,32,LAA,AL,94,85,55,709.2,295,233,58,4,22,.986,-9,-16,-8,-14,3.69,3.85,2.94,3.73,,,,,,,753H/4D9,,gosseph01
215,Carson Kelly,26,ARI,NL,91,80,75,706.2,651,617,29,5,3,.992,1,2,2,3,8.23,9.47,7.10,9.21,8,20,33,10,23.3,0,2H,,kellyca02
216,Max Stassi,30,LAA,AL,86,80,76,703.0,726,697,25,4,1,.994,-1,-2,10,17,9.24,9.35,8.40,9.13,8,20,44,8,15.4,1,2/H,,stassma01
217,Anthony Santander,26,BAL,AL,85,82,68,698.1,169,166,2,1,1,.994,-5,-9,0,0,2.17,2.16,1.98,2.10,,,,,,,9D/H7,,santaan02
218,Ketel Marte,27,ARI,NL,86,81,68,696.2,229,186,38,5,12,.978,-5,-8,-14,-24,2.89,2.44,2.46,2.44,,,,,,,84/H,,marteke01
219,Donovan Solano,33,SFG,NL,92,78,61,693.1,315,122,186,7,37,.978,3,6,-7,-12,4.00,4.12,3.31,4.00,,,,,,,4H/6,,solando01
220,Justin Upton,33,LAA,AL,87,86,58,688.2,126,121,3,2,1,.984,-2,-4,-11,-19,1.62,2.16,1.43,2.10,,,,,,,7/8DH,,uptonju01
221,Edmundo Sosa,25,STL,NL,102,75,62,688.1,350,124,215,11,43,.969,-2,-3,12,21,4.43,3.85,3.20,3.68,,,,,,,64H/58,,sosaed01
222,Niko Goodrum,29,DET,AL,86,78,69,686.1,308,103,196,9,42,.971,-3,-5,-10,-17,3.92,3.63,3.29,3.52,,,,,,,6H/4873D,,goodrni01
223,Chas McCormick,26,HOU,AL,101,69,56,686.0,169,166,2,1,1,.994,8,14,14,24,2.20,2.16,1.66,2.10,,,,,,,789H/D,,mccorch01
224,Jack Mayfield,30,2TM,AL,86,77,69,684.1,222,57,157,8,27,.964,-1,-2,-2,-4,2.81,3.00,2.38,2.92,,,,,,,56/4H1,,mayfija01
224,Jack Mayfield,30,LAA,AL,74,68,62,606.0,191,46,137,8,24,.958,-3,-5,-4,-8,2.72,2.89,2.35,2.83,,,,,,,56/H,,mayfija01
224,Jack Mayfield,30,SEA,AL,12,9,7,78.1,31,11,20,0,3,1.000,2,28,2,31,3.56,3.84,2.58,3.50,,,,,,,/451,,mayfija01
225,Yasmani Grandal,32,CHW,AL,85,81,69,681.0,750,718,24,8,4,.989,-8,-13,-1,-2,9.81,9.26,8.43,9.03,7,32,50,12,19.4,0,2/D3H,,grandya01
226,Ronald Acuña Jr.,23,ATL,NL,81,80,74,675.1,140,134,4,2,0,.986,9,16,0,0,1.84,2.06,1.70,2.00,,,,,,,9/8H,AS,acunaro01
227,Ryan Jeffers,24,MIN,AL,84,77,68,670.2,660,626,30,4,2,.994,-2,-4,4,7,8.80,9.35,7.81,9.13,6,24,46,13,22.0,0,2/H,,jeffery01
228,Colin Moran,28,PIT,NL,84,81,70,670.0,611,564,42,5,62,.992,-4,-7,-5,-9,8.14,8.34,7.13,8.06,,,,,,,3H/D5,,moranco01
229,Corey Dickerson,32,2TM,2LG,91,81,50,670.0,138,134,2,2,1,.986,-3,-5,1,2,1.83,2.10,1.49,2.04,,,,,,,7H8/D9,,dickeco01
229,Corey Dickerson,32,MIA,NL,52,51,36,425.0,86,83,2,1,1,.988,-2,-5,0,0,1.80,2.06,1.63,2.00,,,,,,,7H,,dickeco01
229,Corey Dickerson,32,TOR,AL,39,30,14,245.0,52,51,0,1,0,.981,-1,-4,1,5,1.87,2.16,1.31,2.10,,,,,,,78/HD9,,dickeco01
230,Kelvin Gutiérrez,26,2TM,AL,84,74,69,665.0,233,62,158,13,19,.944,3,5,0,0,2.98,2.75,2.56,2.75,,,,,,,5/H34,,gutieke01
230,Kelvin Gutiérrez,26,KCR,AL,37,34,31,305.1,100,28,63,9,11,.910,1,4,-2,-8,2.68,2.76,2.39,2.81,,,,,,,5/3H,,gutieke01
230,Kelvin Gutiérrez,26,BAL,AL,47,40,38,359.2,133,34,95,4,8,.970,2,5,2,7,3.23,2.73,2.69,2.70,,,,,,,5/4H,,gutieke01
231,Pat Valaika,28,BAL,AL,88,73,52,660.0,317,159,157,1,35,.997,-6,-11,-8,-15,4.31,4.17,3.10,4.02,,,,,,,46/H3715,,valaipa01
232,Daulton Varsho,24,ARI,NL,82,73,59,657.1,402,383,15,4,2,.990,-1,-1,-3,-5,5.45,5.66,4.42,5.28,4,11,15,7,31.8,0,28H79,,varshda01
233,Jake Bauers,25,2TM,AL,96,70,53,654.2,418,393,25,0,29,1.000,2,3,4,7,5.75,5.43,4.31,5.39,,,,,,,3H97/D,,bauerja01
233,Jake Bauers,25,CLE,AL,41,27,20,258.0,261,244,17,0,23,1.000,2,10,2,9,9.10,8.20,6.37,8.01,,,,,,,3H,,bauerja01
233,Jake Bauers,25,SEA,AL,55,43,33,396.2,157,149,8,0,6,1.000,0,-1,2,6,3.56,3.62,2.80,3.47,,,,,,,97H3/D,,bauerja01
234,Rafael Ortega,30,CHC,NL,93,73,57,647.1,156,154,0,2,0,.987,-5,-10,0,0,2.14,2.06,1.66,2.00,,,,,,,8H79,,ortegra01
235,Marwin González,32,2TM,AL,83,73,58,644.2,340,191,138,11,44,.968,0,1,1,2,4.59,4.32,3.50,4.20,,,,,,,43675H/9D1,,gonzama01
235,Marwin González,32,BOS,AL,75,67,54,587.2,297,165,123,9,40,.970,2,3,4,8,4.41,4.30,3.39,4.21,,,,,,,4367/H591,,gonzama01
235,Marwin González,32,HOU,AL,8,6,4,57.0,43,26,15,2,4,.953,-1,-25,-3,-63,6.47,4.50,4.56,4.14,,,,,,,/5H34D,,gonzama01
236,David Bote,28,CHC,NL,81,75,61,641.2,292,119,168,5,46,.983,-3,-6,0,0,4.03,3.70,3.38,3.58,,,,,,,45H/D,,boteda01
237,Jonah Heim,26,TEX,AL,78,73,64,641.0,585,557,25,3,3,.995,0,0,6,11,8.17,9.35,7.46,9.13,3,33,31,9,22.5,1,2/DH,,heimjo01
238,Trey Mancini,29,BAL,AL,77,75,72,641.0,557,522,34,1,36,.998,-7,-13,-1,-2,7.81,8.20,7.22,8.01,,,,,,,3D/H,,mancitr01
239,Charlie Culberson,32,TEX,AL,84,74,54,640.1,241,96,137,8,15,.967,1,2,4,7,3.27,3.01,2.65,2.93,,,,,,,5H/73461D9,,culbech01
240,Brad Miller,31,PHI,NL,94,76,40,639.0,433,363,65,5,42,.988,-2,-5,-4,-8,6.03,6.19,4.32,5.89,,,,,,,3H94/57D,,millebr02
241,Alcides Escobar,34,WSN,NL,75,75,70,637.2,292,125,160,7,33,.976,-9,-17,-2,-4,4.02,3.91,3.61,3.80,,,,,,,64,,escobal02
242,Jorge Alfaro,28,MIA,NL,82,77,60,634.2,529,504,21,4,1,.992,-8,-16,-4,-8,7.44,7.79,6.18,7.39,13,25,12,9,42.9,1,27H/3,,alfarjo01
243,Ramón Urías,27,BAL,AL,81,73,55,632.0,279,105,162,12,33,.957,1,1,0,0,3.80,3.76,2.97,3.69,,,,,,,645/H,,uriasra01
244,Austin Meadows,26,TBR,AL,79,73,44,623.2,108,101,5,2,0,.981,-7,-13,-2,-4,1.53,2.16,1.34,2.10,,,,,,,7DH/9,MVP-20,meadoau01
245,Dom Nuñez,26,COL,NL,78,74,63,622.1,612,581,28,3,2,.995,-3,-6,-6,-12,8.81,9.47,7.81,9.20,6,30,43,11,20.4,0,2/H3,,nunezdo01
246,Yonathan Daza,27,COL,NL,79,71,54,622.0,163,159,3,1,0,.994,2,4,5,10,2.34,2.06,2.05,2.00,,,,,,,8H97,,dazayo01
247,Seth Brown,28,OAK,AL,99,65,42,620.1,198,190,5,3,5,.985,12,23,7,14,2.83,2.45,1.95,2.46,,,,,,,9H7/D38,,brownse01
248,Jace Peterson,31,MIL,NL,83,66,44,619.2,247,169,73,5,28,.980,-1,-3,-4,-8,3.51,4.00,2.37,4.31,,,,,,,43H957/16,,peterja01
249,Matt Duffy,30,CHC,NL,79,69,57,618.2,245,76,164,5,29,.980,-3,-5,3,6,3.49,3.01,2.73,3.02,,,,,,,5H4/6731,,duffyma01
250,Steven Duggar,27,SFG,NL,94,67,52,614.2,169,165,2,2,0,.988,6,12,5,10,2.45,2.06,1.78,2.00,,,,,,,8H/79,,duggast01
251,Asdrúbal Cabrera,35,2TM,NL,78,70,56,614.0,245,131,105,9,22,.963,-5,-9,1,2,3.46,3.71,2.71,3.71,,,,,,,5H3/1D6,,cabreas01
251,Asdrúbal Cabrera,35,ARI,NL,72,67,53,580.0,225,115,102,8,21,.964,-3,-5,2,4,3.37,3.60,2.68,3.59,,,,,,,5H3/1D6,,cabreas01
251,Asdrúbal Cabrera,35,CIN,NL,6,3,3,34.0,20,16,3,1,1,.950,-2,-67,-1,-35,5.03,5.64,3.17,5.32,,,,,,,H/35,,cabreas01
252,Wander Franco,20,TBR,AL,69,69,65,613.0,242,76,157,9,29,.963,-1,-2,5,10,3.42,3.70,3.24,3.61,,,,,,,6/54,ROY-3,francwa01
253,Cavan Biggio,26,TOR,AL,75,70,58,611.2,200,81,110,9,19,.955,0,-1,-1,-2,2.81,3.00,2.33,3.12,,,,,,,59/34HD7,,biggica01
254,Trevor Larnach,24,MIN,AL,77,69,59,611.0,141,134,4,3,1,.979,-4,-9,0,0,2.03,2.16,1.79,2.10,,,,,,,79/H,,larnatr01
255,Evan Longoria,35,SFG,NL,78,67,63,610.2,191,47,139,5,11,.974,5,9,-2,-4,2.74,2.56,2.38,2.49,,,,,,,5/H,,longoev01
256,Austin Slater,28,SFG,NL,119,55,26,603.0,146,143,3,0,1,1.000,2,4,2,4,2.18,2.06,1.23,2.00,,,,,,,*8H79/1D,,slateau01
257,Lewis Brinson,27,MIA,NL,79,69,53,601.0,147,139,5,3,1,.980,-4,-7,2,4,2.16,2.06,1.82,2.00,,,,,,,78H/9,,brinsle01
258,Adam Eaton,32,2TM,AL,81,68,60,598.1,136,129,3,4,2,.971,2,4,1,2,1.99,2.17,1.61,2.16,,,,,,,9H/713,,eatonad02
258,Adam Eaton,32,CHW,AL,56,49,45,428.0,103,97,2,4,2,.961,3,9,2,6,2.08,2.16,1.77,2.10,,,,,,,9/H7,,eatonad02
258,Adam Eaton,32,LAA,AL,25,19,15,170.1,33,32,1,0,0,1.000,-1,-8,-1,-7,1.74,2.19,1.27,2.29,,,,,,,9/H137,,eatonad02
259,Francisco Mejia,25,TBR,AL,78,65,56,596.0,602,564,34,4,2,.993,3,7,2,4,9.03,9.30,7.48,8.90,4,24,21,9,30.0,1,2/HD13,,mejiafr01
260,Lorenzo Cain,35,MIL,NL,70,69,63,592.2,157,154,2,1,1,.994,7,14,6,12,2.37,2.06,2.23,2.00,,,,,,,8/H,,cainlo01
261,Jed Lowrie,37,OAK,AL,71,69,45,587.2,210,82,125,3,18,.986,-8,-17,-12,-25,3.17,4.03,2.88,3.93,,,,,,,4DH/5,,lowrije01
262,Jiman Choi,30,TBR,AL,73,67,57,587.1,525,500,23,2,46,.996,-5,-10,-3,-6,8.01,8.20,7.16,8.01,,,,,,,3H/D,,choiji01
263,Aledmys Díaz,30,HOU,AL,73,66,55,587.1,258,145,110,3,17,.988,5,10,8,16,3.91,3.81,3.19,3.68,,,,,,,5743H/6D9,,diazal02
264,Joshua Fuentes,28,COL,NL,82,65,49,581.0,275,149,118,8,25,.971,9,19,11,23,4.14,3.80,2.81,4.37,,,,,,,53H/71,,fuentjo01
265,Billy McKinney,26,3TM,NL,80,64,46,576.1,146,142,3,1,4,.993,9,18,4,8,2.26,2.48,1.75,2.74,,,,,,,9H73/8,,mckinbi01
265,Billy McKinney,26,MIL,NL,26,19,13,180.2,58,57,1,0,3,1.000,4,27,2,13,2.89,3.07,2.00,3.90,,,,,,,7H/39,,mckinbi01
265,Billy McKinney,26,NYM,NL,30,24,17,210.0,42,41,0,1,0,.976,3,19,0,0,1.76,2.06,1.37,2.00,,,,,,,9H/78,,mckinbi01
265,Billy McKinney,26,LAD,NL,24,21,16,185.2,46,44,2,0,1,1.000,1,8,2,13,2.23,2.37,1.92,2.25,,,,,,,9H/3,,mckinbi01
266,Luis Robert Jr.,23,CHW,AL,67,67,66,575.1,166,159,3,4,1,.976,3,6,5,10,2.53,2.16,2.42,2.10,,,,,,,8/D,,roberlu01
267,Ha-Seong Kim,25,SDP,NL,76,63,50,573.2,255,73,177,5,38,.980,10,21,18,38,3.92,3.55,3.16,3.45,,,,,,,H654,,kimha01
268,Jon Berti,31,MIA,NL,74,63,48,569.2,200,68,123,9,17,.955,1,2,3,6,3.02,3.03,2.20,2.92,,,,,,,54H/7869,,bertijo01
269,Brandon Marsh,23,LAA,AL,70,63,63,568.0,156,154,1,1,0,.994,-1,-3,-3,-6,2.46,2.16,2.21,2.10,,,,,,,8,,marshbr02
270,Josh VanMeter,26,ARI,NL,77,66,44,565.0,237,92,134,11,26,.954,-1,-1,-4,-8,3.60,3.65,2.83,3.54,,,,,,,4H5/379,,vanmejo01
271,Sergio Alcántara,24,CHC,NL,75,64,55,564.1,282,85,188,9,40,.968,-1,-3,1,2,4.35,3.88,3.37,3.74,,,,,,,64H/51,,alcanse01
272,Brian Anderson,28,MIA,NL,65,63,60,560.2,171,39,127,5,17,.971,1,3,2,4,2.66,2.57,2.52,2.51,,,,,,,5/H6,,anderbr06
273,Kurt Suzuki,37,LAA,AL,69,63,55,557.0,640,597,33,10,5,.984,-5,-11,-12,-26,10.18,9.35,9.13,9.13,7,31,35,8,18.6,0,2/H,,suzukku01
274,Yu Chang,25,CLE,AL,80,63,45,552.1,407,324,78,5,42,.988,2,5,-1,-2,6.55,6.30,4.73,5.96,,,,,,,35H/46,,changyu01
275,Alex Dickerson,31,SFG,NL,82,69,26,552.1,111,107,2,2,0,.982,-2,-4,-5,-11,1.78,2.06,1.33,2.00,,,,,,,7H/D,,dickeal01
276,Santiago Espinal,26,TOR,AL,81,62,57,551.2,196,33,159,4,16,.980,10,22,7,15,3.13,2.73,2.37,2.67,,,,,,,5H/D,,espinsa01
277,Isan Díaz,25,MIA,NL,69,63,56,549.0,203,61,134,8,21,.961,-4,-9,-7,-15,3.20,3.33,2.71,3.23,,,,,,,54H,,diazis01
278,Bobby Bradley,25,CLE,AL,68,65,59,543.0,509,457,47,5,54,.990,5,10,-1,-2,8.35,8.20,7.41,8.01,,,,,,,3/DH,,bradlbo01
279,Brian Goodwin,30,CHW,AL,68,62,49,542.0,130,126,2,2,0,.985,-12,-27,-11,-24,2.13,2.16,1.88,2.10,,,,,,,98/7HD,,goodwbr01
280,Hanser Alberto,28,KCR,AL,86,53,40,530.1,206,72,127,7,25,.966,4,8,2,5,3.38,3.27,2.03,3.24,,,,,,,54H6D/1,,alberha01
281,DJ Stewart,27,BAL,AL,72,65,39,530.0,117,111,2,4,0,.966,-7,-17,-10,-23,1.92,2.16,1.57,2.10,,,,,,,79HD,,stewadj01
282,Darin Ruf,34,SFG,NL,76,60,30,528.1,350,318,31,1,24,.997,7,16,4,9,5.95,5.64,4.31,5.32,,,,,,,H37/9D1,,rufda01
283,Jesús Sánchez,23,MIA,NL,62,61,56,527.0,128,120,3,5,0,.961,1,2,2,5,2.10,2.06,1.98,2.00,,,,,,,97/H,,sanchje02
284,Luis García Jr.,21,WSN,NL,66,62,58,526.2,236,98,128,10,26,.958,-7,-15,-2,-5,3.86,4.08,3.37,3.98,,,,,,,4/6H,,garcilu04
285,Tyrone Taylor,27,MIL,NL,77,57,42,526.0,113,113,0,0,0,1.000,6,13,7,16,1.93,2.06,1.47,2.00,,,,,,,79H8,,tayloty01
286,Reese McGuire,26,TOR,AL,73,61,47,523.0,563,547,16,0,2,1.000,3,7,2,5,9.69,9.35,7.71,9.13,4,17,20,11,35.5,2,2/HD,,mcguire01
287,Josh Naylor,24,CLE,AL,62,61,51,520.0,177,157,16,4,6,.977,-5,-11,-5,-12,2.99,3.29,2.62,3.44,,,,,,,93/DH,,naylojo01
288,Kyle Higashioka,31,NYY,AL,66,58,48,519.1,630,609,18,3,1,.995,-3,-7,5,12,10.87,9.35,9.50,9.13,6,18,33,5,13.2,0,2/H,,higasky01
289,Andrés Giménez,22,CLE,AL,66,59,51,519.0,280,96,177,7,39,.975,5,12,3,7,4.73,3.90,4.07,3.81,,,,,,,64/HD,,gimenan01
290,Jake Fraley,26,SEA,AL,69,56,47,518.0,123,120,1,2,1,.984,-5,-11,2,5,2.10,2.16,1.75,2.10,,,,,,,7H8/D9,,fraleja01
291,Brock Holt,33,TEX,AL,70,57,50,517.1,182,43,135,4,10,.978,10,24,4,9,3.10,2.73,2.54,2.65,,,,,,,5H/D1,,holtbr01
292,Curt Casali,32,SFG,NL,66,55,48,513.1,526,504,18,4,2,.992,0,0,2,5,9.15,9.46,7.79,9.16,4,23,17,5,22.7,0,2H/3,,casalcu01
293,Taylor Ward,27,LAA,AL,64,59,37,511.2,130,126,2,2,0,.985,-3,-7,-3,-7,2.25,2.19,1.97,2.21,0,1,1,0,0.0,0,978/2H,,wardta01
294,Byron Buxton,27,MIN,AL,60,59,53,509.2,180,179,0,1,0,.994,12,28,13,31,3.16,2.16,2.98,2.10,,,,,,,8/H,,buxtoby01
295,Óscar Mercado,26,CLE,AL,68,56,48,508.1,129,125,3,1,1,.992,3,6,5,12,2.27,2.16,1.88,2.10,,,,,,,79H/8,,mercaos01
296,Zack Collins,26,CHW,AL,74,55,50,507.1,645,612,29,4,1,.994,-8,-19,-18,-43,11.37,9.35,8.66,9.11,3,37,45,9,16.7,1,2H/D3,,colliza01
297,Carter Kieboom,23,WSN,NL,60,59,57,507.1,143,39,98,6,7,.958,-7,-16,-8,-19,2.43,2.56,2.28,2.49,,,,,,,5/H,,kieboca01
298,Albert Pujols,41,2TM,2LG,76,57,32,507.1,435,394,38,3,35,.993,4,10,-3,-7,7.66,8.29,5.61,8.03,,,,,,,3H/D5,,pujolal01
298,Albert Pujols,41,LAA,AL,20,20,15,165.1,147,137,8,2,13,.986,0,-1,-3,-22,7.89,8.17,6.90,7.76,,,,,,,3/DH5,,pujolal01
298,Albert Pujols,41,LAD,NL,56,37,17,342.0,288,257,30,1,22,.997,5,16,0,0,7.55,8.35,5.13,8.13,,,,,,,3H,,pujolal01
299,Víctor Reyes,26,DET,AL,62,56,52,503.1,118,115,2,1,0,.992,-3,-6,-6,-14,2.09,2.16,1.89,2.10,,,,,,,98H/D7,,reyesvi01
300,DJ Peters,25,2TM,2LG,64,55,49,502.1,132,129,3,0,2,1.000,1,3,3,7,2.36,2.14,2.06,2.08,,,,,,,879H/D,,peterdj01
300,DJ Peters,25,LAD,NL,14,7,4,76.0,26,26,0,0,0,1.000,4,62,1,16,3.08,2.06,1.86,2.00,,,,,,,8/H9,,peterdj01
300,DJ Peters,25,TEX,AL,50,48,45,426.1,106,103,3,0,2,1.000,-3,-7,2,6,2.24,2.16,2.12,2.10,,,,,,,789/DH,,peterdj01
301,Stephen Vogt,36,2TM,NL,63,57,49,500.0,478,448,28,2,2,.996,0,0,-2,-5,8.57,9.46,7.32,9.18,5,18,37,14,27.5,1,2H/3,,vogtst01
301,Stephen Vogt,36,ARI,NL,40,35,29,310.2,298,279,17,2,1,.993,2,8,-2,-8,8.58,9.46,7.05,9.16,3,7,20,10,33.3,1,2H/3,,vogtst01
301,Stephen Vogt,36,ATL,NL,23,22,20,189.1,180,169,11,0,1,1.000,-2,-13,0,0,8.56,9.47,7.83,9.21,2,11,17,4,19.0,0,2/H,,vogtst01
302,Anthony Rendon,31,LAA,AL,57,57,53,497.0,146,31,114,1,12,.993,-2,-5,-6,-14,2.63,2.73,2.54,2.67,,,,,,,5/D,,rendoan01
303,Eli White,27,TEX,AL,61,55,47,495.2,134,121,11,2,3,.985,12,29,3,7,2.40,2.26,2.13,2.19,,,,,,,789/H4D,,whiteel04
304,Michael Pérez,28,PIT,NL,59,57,56,489.1,480,457,20,3,4,.994,1,2,-2,-5,8.77,9.47,8.08,9.19,2,19,20,7,25.9,1,2H/3,,perezmi03
305,Chad Pinder,29,OAK,AL,70,57,36,487.2,138,105,31,2,9,.986,-7,-18,-3,-7,2.51,2.51,1.79,2.49,,,,,,,97H/645D,,pindech01
306,Rowdy Tellez,26,2TM,2LG,64,57,47,485.1,462,435,21,6,40,.987,-4,-10,-3,-7,8.46,8.31,7.02,8.10,,,,,,,3HD,,tellero01
306,Rowdy Tellez,26,TOR,AL,18,15,13,132.1,128,122,4,2,9,.984,-3,-25,-2,-18,8.57,8.20,6.63,8.01,,,,,,,D3H,,tellero01
306,Rowdy Tellez,26,MIL,NL,46,42,34,353.0,334,313,17,4,31,.988,-1,-4,-1,-3,8.41,8.35,7.17,8.13,,,,,,,3H,,tellero01
307,Danny Jansen,26,TOR,AL,69,54,47,481.1,541,522,17,2,3,.996,3,7,0,0,10.08,9.35,7.81,9.13,0,15,19,5,20.8,0,2/H,,janseda01
308,Sam Hilliard,27,COL,NL,63,55,39,478.2,120,118,2,0,0,1.000,-8,-20,0,0,2.26,2.06,1.90,2.00,,,,,,,8H79/D,,hillisa01
309,Alex Kirilloff,23,MIN,AL,59,55,43,478.2,250,232,17,1,11,.996,-4,-11,-2,-5,4.68,4.86,3.77,4.70,,,,,,,397/H,,kirilal01
310,Lane Thomas,25,2TM,NL,64,52,50,477.0,117,107,7,3,1,.974,-10,-24,-4,-10,2.15,2.08,1.75,2.06,,,,,,,8H79/4,,thomala02
310,Lane Thomas,25,STL,NL,20,10,10,106.0,27,26,0,1,0,.963,4,40,0,0,2.21,2.09,1.30,2.10,,,,,,,H9/784,,thomala02
310,Lane Thomas,25,WSN,NL,44,42,40,371.0,90,81,7,2,1,.978,-13,-42,-4,-13,2.13,2.07,1.96,2.04,,,,,,,8/7H4,,thomala02
311,Nick Gordon,25,MIN,AL,70,52,38,476.2,157,106,49,2,12,.987,-5,-14,-4,-10,2.93,2.86,1.99,2.81,,,,,,,846H7/59,,gordoni01
312,Clint Frazier,26,NYY,AL,63,56,37,474.2,84,82,1,1,0,.988,-9,-23,-12,-30,1.57,2.16,1.32,2.10,,,,,,,79/H,,frazicl01
313,Joe Panik,30,2TM,2LG,64,55,33,474.1,220,110,102,8,21,.964,-3,-9,-8,-20,4.02,3.97,3.12,3.88,,,,,,,5H4/3D,,panikjo01
313,Joe Panik,30,TOR,AL,33,28,14,238.0,104,38,61,5,8,.952,0,-1,-6,-30,3.74,3.51,2.91,3.52,,,,,,,54/H3D,,panikjo01
313,Joe Panik,30,MIA,NL,31,27,19,236.1,116,72,41,3,13,.974,-3,-17,-2,-10,4.30,4.43,3.32,4.25,,,,,,,H45/3,,panikjo01
314,Bryan De La Cruz,24,MIA,NL,56,53,43,473.0,119,113,3,3,1,.975,-2,-6,2,5,2.21,2.06,2.07,2.00,,,,,,,897/H,,delacbr01
315,Willians Astudillo,29,MIN,AL,66,51,38,472.1,295,236,56,3,29,.990,-6,-15,-3,-8,5.56,5.65,3.89,5.43,1,1,1,1,50.0,0,532/H149,,astudwi01
316,Travis d'Arnaud,32,ATL,NL,57,53,51,470.2,515,485,29,1,0,.998,1,3,4,10,9.83,9.47,9.02,9.21,3,14,26,5,16.1,0,2/HD,,darnatr01
317,Travis Shaw,31,2TM,2LG,63,53,28,467.2,186,94,85,7,10,.962,-1,-3,-4,-10,3.44,3.88,2.27,4.69,,,,,,,53H/D,,shawtr01
317,Travis Shaw,31,MIL,NL,52,48,25,414.2,144,57,82,5,6,.965,0,0,-1,-3,3.02,3.32,2.04,4.15,,,,,,,53/H,,shawtr01
317,Travis Shaw,31,BOS,AL,11,5,3,53.0,42,37,3,2,4,.952,-1,-25,-3,-68,6.79,8.20,3.64,8.01,,,,,,,H3/D,,shawtr01
318,Erik González,29,PIT,NL,61,53,40,466.2,217,100,112,5,11,.977,5,13,5,13,4.09,3.88,3.12,3.88,,,,,,,563H,,gonzaer01
319,Austin Barnes,31,LAD,NL,57,51,44,460.2,542,517,18,7,4,.987,-3,-7,4,10,10.45,9.26,9.07,8.59,3,17,36,10,21.7,1,2H/4D,,barneau01
320,Mitch Garver,30,MIN,AL,62,54,45,460.2,446,431,13,2,3,.996,0,1,-1,-3,8.67,9.33,7.05,9.06,4,16,24,5,17.2,0,2H/3D,,garvemi01
321,Yadiel Hernández,33,WSN,NL,61,56,40,460.1,119,117,1,1,1,.992,-1,-3,-8,-21,2.31,2.06,1.93,2.00,,,,,,,H79,,hernaya01
322,Danny Mendick,27,CHW,AL,68,51,43,459.2,153,55,97,1,15,.993,-3,-8,-3,-8,2.98,3.67,2.14,3.49,,,,,,,46/9H5718D,,mendida01
323,Ryan McKenna,24,BAL,AL,79,49,35,458.1,119,116,2,1,0,.992,1,3,1,3,2.32,2.16,1.46,2.13,,,,,,,7H89/D45,,mckenry01
324,Phillip Evans,28,PIT,NL,59,52,37,453.2,204,156,41,7,22,.966,-2,-4,-1,-3,3.91,4.05,3.08,4.02,,,,,,,H3795/1D,,evansph01
325,Nick Madrigal,24,CHW,AL,53,53,52,452.1,187,76,106,5,28,.973,-1,-3,-4,-11,3.62,4.04,3.43,3.95,,,,,,,4/DH,,madrini01
326,Manny Piña,34,MIL,NL,65,52,41,452.1,541,511,27,3,1,.994,4,11,8,21,10.70,9.47,8.28,9.21,3,8,26,11,29.7,1,2H,,pinama01
327,Garrett Cooper,30,MIA,NL,58,53,38,446.2,185,176,8,1,12,.995,1,2,-2,-5,3.71,3.92,3.07,3.94,,,,,,,93H/D,,coopega03
328,Sandy León,32,MIA,NL,64,48,41,444.1,468,444,21,3,3,.994,1,3,3,8,9.42,9.35,6.94,8.41,4,12,22,8,26.7,0,2H/15D,,leonsa01
329,Tommy La Stella,32,SFG,NL,57,52,27,435.2,188,77,110,1,28,.995,-2,-5,-3,-8,3.86,4.01,3.17,3.88,,,,,,,4H/5D,,lasteto01
330,Andy Ibáñez,28,TEX,AL,54,50,47,435.0,236,134,99,3,22,.987,5,13,7,19,4.82,4.62,4.24,4.55,,,,,,,4D35H/7,,ibanean01
331,Magneuris Sierra,25,MIA,NL,77,44,35,432.0,114,109,3,2,1,.982,5,13,6,17,2.33,2.06,1.45,2.00,,,,,,,H87/9,,sierrma01
332,Frank Schwindel,29,2TM,2LG,52,50,47,429.1,436,413,22,1,51,.998,0,1,-4,-11,9.12,8.35,8.37,8.13,,,,,,,3/DH,ROY-6,schwifr01
332,Frank Schwindel,29,OAK,AL,1,0,0,1.0,1,1,0,0,1,1.000,0,0,0,0,9.00,8.10,1.00,8.00,,,,,,,/DH3,,schwifr01
332,Frank Schwindel,29,CHC,NL,51,50,47,428.1,435,412,22,1,50,.998,0,1,-4,-11,9.12,8.35,8.51,8.13,,,,,,,3/DH,,schwifr01
333,Owen Miller,24,CLE,AL,54,48,45,425.0,266,177,84,5,39,.981,-5,-15,-4,-11,5.53,5.52,4.75,5.11,,,,,,,43/5HD6,,milleow01
334,Zack Short,26,DET,AL,57,47,42,425.0,235,60,170,5,32,.979,6,17,-1,-3,4.87,3.78,4.04,3.67,,,,,,,6/H54D,,shortza01
335,Luis Rengifo,24,LAA,AL,52,46,41,424.0,177,63,105,9,22,.949,-2,-6,-5,-14,3.57,3.27,3.00,3.11,,,,,,,695/H47,,rengilu01
336,Mauricio Dubón,26,SFG,NL,69,40,26,422.2,174,74,94,6,17,.966,8,22,1,3,3.58,3.18,2.10,3.03,,,,,,,864H5,,dubonma01
337,Mike Moustakas,32,CIN,NL,55,49,40,417.0,141,64,72,5,5,.965,-5,-14,-5,-14,2.94,3.39,2.43,3.63,,,,,,,5H3/4,,moustmi01
338,Stephen Piscotty,30,OAK,AL,67,49,31,416.2,103,103,0,0,0,1.000,1,4,-6,-17,2.22,2.16,1.54,2.10,,,,,,,9H/D,,piscost01
339,Taylor Trammell,23,SEA,AL,50,48,43,416.2,120,118,2,0,0,1.000,-4,-12,-1,-3,2.59,2.16,2.40,2.10,,,,,,,87/H,,trammta01
340,William Contreras,23,ATL,NL,49,47,45,415.2,434,411,21,2,0,.995,1,3,-7,-20,9.35,9.47,8.82,9.21,7,24,17,10,37.0,0,2/H,,contrwi02
341,Austin Nola,31,SDP,NL,53,47,44,414.0,452,436,15,1,5,.998,-3,-9,-1,-3,9.80,9.37,8.51,8.80,4,19,26,4,13.3,0,2/H43,,nolaau01
342,Yoshi Tsutsugo,29,3TM,2LG,55,48,32,413.1,220,207,12,1,17,.995,1,3,-7,-20,4.77,4.90,3.59,5.09,,,,,,,39H7/D,,tsutsyo01
342,Yoshi Tsutsugo,29,2TM,NL,40,37,25,315.1,136,127,8,1,8,.993,0,0,-7,-27,3.85,3.87,2.93,4.13,,,,,,,93H7/D,,tsutsyo01
342,Yoshi Tsutsugo,29,TBR,AL,15,11,7,98.0,84,80,4,0,9,1.000,1,12,0,0,7.71,8.20,5.60,8.01,,,,,,,3/DH,,tsutsyo01
342,Yoshi Tsutsugo,29,LAD,NL,8,6,5,60.1,17,17,0,0,0,1.000,2,34,1,20,2.54,2.27,1.89,2.68,,,,,,,/7H3,,tsutsyo01
342,Yoshi Tsutsugo,29,PIT,NL,32,31,20,255.0,119,110,8,1,8,.992,-2,-8,-8,-38,4.16,4.25,3.19,4.49,,,,,,,93H/7D,,tsutsyo01
343,Jake Cave,28,MIN,AL,70,41,30,411.2,102,96,4,2,1,.980,-3,-8,-3,-9,2.19,2.16,1.43,2.10,,,,,,,78H9/D,,caveja01
344,Marcell Ozuna,30,ATL,NL,48,48,42,411.1,94,92,2,0,0,1.000,11,32,4,12,2.06,2.06,1.96,2.00,,,,,,,7,,ozunama01
345,Andrew Knizner,26,STL,NL,58,43,43,408.2,393,369,21,3,4,.992,-1,-3,-3,-9,8.59,9.47,6.72,9.19,1,21,17,5,22.7,0,2H/3,,kniznan01
346,Taylor Walls,24,TBR,AL,52,44,40,408.0,166,40,121,5,23,.970,6,18,9,26,3.55,3.80,3.04,3.72,,,,,,,6/H45D,,wallsta01
347,Daniel Vogelbach,28,MIL,NL,59,52,19,407.2,347,330,16,1,20,.997,-1,-3,-4,-12,7.64,8.35,5.86,8.13,,,,,,,3H/D,,vogelda01
348,Tyler Wade,26,NYY,AL,90,35,16,402.2,142,67,71,4,13,.972,-6,-18,-2,-6,3.08,3.18,1.35,3.09,,,,,,,6H548/79D,,wadety01
349,Aristides Aquino,27,CIN,NL,71,40,24,402.0,88,84,1,3,0,.966,3,9,0,0,1.90,2.06,1.20,2.00,,,,,,,7H98,,aquinar01
350,Leody Taveras,22,TEX,AL,48,46,44,402.0,132,128,1,3,1,.977,9,27,5,15,2.89,2.16,2.69,2.10,,,,,,,8/H,,taverle01
351,Ryan Zimmerman,36,WSN,NL,54,45,40,400.2,353,338,15,0,30,1.000,-2,-7,4,12,7.93,8.35,6.54,8.13,,,,,,,H3/D,,zimmery01
352,Jorge Mateo,26,2TM,2LG,61,38,26,400.2,143,67,74,2,14,.986,-4,-10,0,0,3.17,3.18,2.04,3.03,,,,,,,H468/597,,mateojo01
352,Jorge Mateo,26,SDP,NL,30,9,7,147.2,34,30,4,0,0,1.000,1,5,2,16,2.07,2.14,1.10,2.18,,,,,,,H8/5976,,mateojo01
352,Jorge Mateo,26,BAL,AL,31,29,19,253.0,109,37,70,2,14,.982,-4,-19,-2,-9,3.81,3.78,2.82,3.72,,,,,,,46/579H,,mateojo01
353,Keston Hiura,24,MIL,NL,51,46,28,396.1,338,306,29,3,26,.991,1,3,2,6,7.61,7.91,5.88,7.52,,,,,,,3H/47,,hiurake01
354,Jarrod Dyson,36,2TM,AL,89,33,27,393.1,115,110,4,1,0,.991,3,10,6,18,2.61,2.16,1.28,2.10,,,,,,,89H7/D,,dysonja01
354,Jarrod Dyson,36,KCR,AL,68,30,25,338.1,99,95,3,1,0,.990,2,7,5,18,2.61,2.16,1.44,2.10,,,,,,,9H87/D,,dysonja01
354,Jarrod Dyson,36,TOR,AL,21,3,2,55.0,16,15,1,0,0,1.000,1,31,1,22,2.62,2.16,0.76,2.10,,,,,,,8/H7D,,dysonja01
355,Jose Rojas,28,LAA,AL,57,42,27,393.0,130,75,52,3,10,.977,3,8,-8,-24,2.91,2.81,2.12,2.84,,,,,,,945H/73D,,rojasjo02
356,Christian Arroyo,26,BOS,AL,53,44,37,392.2,174,77,97,0,25,1.000,0,1,5,15,3.99,4.06,3.16,3.96,,,,,,,4H/6D13,,arroych01
357,Mike Tauchman,30,2TM,2LG,60,44,24,389.0,83,81,1,1,0,.988,10,29,7,22,1.90,2.07,1.37,2.01,,,,,,,7H98/1D,,tauchmi01
357,Mike Tauchman,30,NYY,AL,8,4,2,42.0,12,12,0,0,0,1.000,1,17,0,0,2.57,2.16,1.50,2.10,,,,,,,/7H89D,,tauchmi01
357,Mike Tauchman,30,SFG,NL,52,40,22,347.0,71,69,1,1,0,.986,9,31,7,24,1.82,2.06,1.35,1.99,,,,,,,7H98/1,,tauchmi01
358,J.D. Davis,28,NYM,NL,50,48,35,382.2,100,36,60,4,6,.960,-3,-8,-7,-22,2.26,2.56,1.92,2.49,,,,,,,5H/D,,davisjd01
359,Matt Beaty,28,LAD,NL,66,44,13,375.1,160,144,12,4,11,.975,-2,-7,-7,-22,3.74,4.02,2.17,3.82,,,,,,,H739/5D,,beatyma01
360,Andrew Stevenson,27,WSN,NL,62,39,29,373.0,97,94,1,2,0,.979,4,14,1,3,2.29,2.06,1.53,2.00,,,,,,,H879,,stevean01
361,Jake Marisnick,30,2TM,NL,72,37,28,372.1,104,102,0,2,0,.981,-6,-20,1,3,2.47,2.06,1.42,2.00,,,,,,,8H7/9,,marisja01
361,Jake Marisnick,30,CHC,NL,49,28,23,266.0,73,71,0,2,0,.973,-8,-36,-1,-5,2.40,2.06,1.45,2.00,,,,,,,8H,,marisja01
361,Jake Marisnick,30,SDP,NL,23,9,5,106.1,31,31,0,0,0,1.000,2,18,2,23,2.62,2.06,1.35,2.00,,,,,,,7H/89,,marisja01
362,Jordan Luplow,27,2TM,AL,58,44,28,370.0,148,140,8,0,10,1.000,-2,-7,-3,-10,3.60,3.91,2.55,3.86,,,,,,,83H9/7D145,,luplojo01
362,Jordan Luplow,27,CLE,AL,35,27,22,237.2,51,49,2,0,2,1.000,0,-2,-2,-10,1.93,2.16,1.46,2.10,,,,,,,89/H7D,,luplojo01
362,Jordan Luplow,27,TBR,AL,23,17,6,132.1,97,91,6,0,8,1.000,-2,-18,-1,-9,6.60,7.07,4.22,6.53,,,,,,,3/H7D145,,luplojo01
363,Mike Brosseau,27,TBR,AL,56,40,23,369.1,143,69,72,2,19,.986,0,1,7,23,3.44,3.90,2.27,4.07,,,,,,,45H3/79,,brossmi01
364,Tomás Nido,27,NYM,NL,52,45,34,367.2,443,415,23,5,5,.989,5,16,11,36,10.72,9.43,8.26,9.08,2,15,9,12,57.1,1,2/H5,,nidoto01
365,Miguel Cabrera,38,DET,AL,44,44,31,367.1,339,312,26,1,34,.997,-1,-3,-4,-13,8.28,8.20,7.68,8.01,,,,,,,D3/H,,cabremi01
366,Nico Hoerner,24,CHC,NL,43,43,34,366.0,174,53,119,2,18,.989,1,3,3,10,4.23,3.95,3.58,3.70,,,,,,,46/785H,,hoernni01
367,Roberto Pérez,32,CLE,AL,44,43,42,366.0,392,376,12,4,2,.990,0,1,-1,-3,9.54,9.34,8.82,9.10,3,10,16,3,15.8,0,2/3H,,perezro02
368,Zach McKinstry,26,LAD,NL,54,39,17,365.2,106,53,48,5,8,.953,-4,-12,-3,-10,2.49,2.78,1.49,2.68,,,,,,,9475/H,,mckinza01
369,Wilmer Difo,29,PIT,NL,56,39,25,359.2,131,58,67,6,16,.954,-9,-28,-9,-30,3.13,3.20,1.95,3.11,,,,,,,H45/9681,,difowi01
370,Jason Castro,34,HOU,AL,52,37,33,355.1,378,363,13,2,1,.995,-3,-10,-4,-14,9.52,9.35,7.23,9.13,3,20,27,4,12.9,1,2H/D,,castrja01
371,Yonny Hernández,23,TEX,AL,41,40,37,354.1,147,44,101,2,21,.986,6,21,8,27,3.68,3.12,3.30,3.08,,,,,,,5/46DH,,hernayo02
372,Miguel Andujar,26,NYY,AL,43,42,31,350.1,91,83,7,1,3,.989,-2,-7,-3,-10,2.31,2.50,2.09,2.43,,,,,,,7/5H3,,andujmi01
373,Shogo Akiyama,33,CIN,NL,61,33,24,350.0,88,86,0,2,0,.977,-2,-7,-3,-10,2.21,2.06,1.41,2.00,,,,,,,8H/79,,akiyash01
374,Jason Martin,25,TEX,AL,47,37,36,347.2,86,85,0,1,0,.988,4,13,1,3,2.20,2.16,1.81,2.10,,,,,,,7H/89D,,martija03
375,Eric Sogard,35,CHC,NL,52,38,24,347.0,151,55,94,2,19,.987,0,-1,0,0,3.86,3.91,2.37,3.61,,,,,,,4H5/163,,sogarer01
376,Luke Voit,30,NYY,AL,42,42,31,344.1,297,277,15,5,21,.983,-2,-7,-2,-7,7.63,8.20,6.95,8.01,,,,,,,3DH,,voitlu01
377,Austin Wynns,30,BAL,AL,44,39,33,344.1,308,289,18,1,1,.997,3,10,-6,-21,8.02,9.32,6.67,8.93,0,15,18,11,37.9,0,2/13DH,,wynnsau01
378,Matt Carpenter,35,STL,NL,53,42,23,343.2,206,124,78,4,24,.981,-4,-12,-9,-31,5.29,5.05,3.67,4.85,,,,,,,H43/5D1,,carpema01
379,Rob Refsnyder,30,MIN,AL,49,37,32,342.1,84,81,2,1,1,.988,1,5,-2,-7,2.18,2.16,1.69,2.10,,,,,,,87H/9D,,refsnro01
380,David Dahl,27,TEX,AL,44,39,35,341.0,71,69,2,0,1,1.000,4,13,1,4,1.87,2.16,1.61,2.10,,,,,,,7D9/H8,,dahlda01
381,Derek Hill,25,DET,AL,45,41,34,341.0,104,100,3,1,1,.990,-5,-18,-6,-21,2.72,2.16,2.29,2.10,,,,,,,8/HD,,hillde01
382,Connor Joe,28,COL,NL,43,40,28,339.2,174,158,12,4,13,.977,5,16,7,25,4.50,3.93,3.70,3.87,,,,,,,7H3/D,,joeco01
383,Kevin Plawecki,30,BOS,AL,55,40,26,339.2,397,383,12,2,1,.995,-9,-32,-3,-11,10.47,9.32,7.05,8.95,3,24,37,3,7.5,0,2/HD31,,plaweke01
384,Andrew Knapp,29,PHI,NL,54,37,31,338.1,362,344,17,1,2,.997,-4,-13,-8,-28,9.60,9.42,6.56,8.86,4,17,20,2,9.1,0,2H/314,,knappan01
385,Alejandro Kirk,22,TOR,AL,44,40,29,338.0,372,353,17,2,1,.995,-1,-4,-3,-11,9.85,9.35,8.41,9.13,2,18,26,6,18.8,1,2/DH,,kirkal01
386,Jake Meyers,25,HOU,AL,44,36,34,333.2,86,84,1,1,0,.988,0,-1,3,11,2.29,2.16,1.93,2.10,,,,,,,8/H79D,,meyerja02
387,George Springer,31,TOR,AL,40,40,30,333.2,91,88,1,2,0,.978,-3,-12,-1,-4,2.40,2.16,2.23,2.10,,,,,,,8D/9,,springe01
388,Cal Raleigh,24,SEA,AL,43,36,34,333.0,312,303,8,1,0,.997,1,4,-1,-4,8.41,9.35,7.23,9.13,5,9,19,5,20.8,0,2/H,,raleica01
389,Nomar Mazara,26,DET,AL,41,39,32,332.0,69,65,1,3,0,.957,2,8,0,0,1.79,2.16,1.61,2.10,,,,,,,9/DH,,mazarno01
390,Luis Guillorme,26,NYM,NL,54,36,27,327.0,125,38,81,6,15,.952,-1,-4,-2,-7,3.28,3.33,2.09,3.19,,,,,,,5H46/1,,guilllu01
391,Luis Torrens,25,SEA,AL,42,37,34,325.2,326,309,15,2,3,.994,-1,-5,-3,-11,8.95,9.17,7.71,8.69,1,17,22,3,12.0,1,D2H/35,,torrelu01
392,Alex Jackson,25,2TM,NL,43,37,30,325.2,327,307,17,3,1,.991,1,4,0,0,8.95,9.45,7.36,9.05,3,14,10,5,33.3,0,2H/9,,jacksal02
392,Alex Jackson,25,ATL,NL,9,7,5,64.0,66,59,6,1,0,.985,0,0,0,0,9.14,9.46,7.22,9.21,1,4,3,2,40.0,0,/2H,,jacksal02
392,Alex Jackson,25,MIA,NL,34,30,25,261.2,261,248,11,2,1,.992,1,5,0,0,8.91,9.44,7.40,9.00,2,10,7,3,30.0,0,2H/9,,jacksal02
393,Billy Hamilton,30,CHW,AL,67,28,24,322.2,80,79,1,0,0,1.000,1,3,2,7,2.23,2.16,1.19,2.10,,,,,,,87H/D9,,hamilbi02
394,Willie Calhoun,26,TEX,AL,41,38,30,321.0,52,51,1,0,1,1.000,-3,-12,-2,-7,1.46,2.16,1.27,2.10,,,,,,,7D/H,,calhowi01
395,Yordan Alvarez,24,HOU,AL,41,39,20,319.0,53,49,3,1,0,.981,2,6,-2,-8,1.47,2.16,1.27,2.10,,,,,,,D7/H,,alvaryo01
396,Abraham Almonte,32,ATL,NL,42,37,25,317.2,58,55,1,2,0,.966,-3,-12,-7,-26,1.59,2.06,1.33,2.00,,,,,,,7H/9,,almonab01
397,Brent Rooker,26,MIN,AL,45,42,18,317.2,75,72,2,1,0,.987,-9,-35,-10,-38,2.10,2.16,1.64,2.10,,,,,,,7D/9H,,rookebr01
398,Franchy Cordero,26,BOS,AL,45,36,26,315.0,98,91,5,2,4,.980,1,3,0,0,2.74,3.41,2.09,3.51,,,,,,,73/H9D,,cordefr02
399,Jake Rogers,26,DET,AL,38,35,33,312.2,308,289,18,1,3,.997,3,12,1,4,8.84,9.30,7.87,8.76,3,18,6,8,57.1,1,2/15H,,rogerja03
400,Ernie Clement,25,CLE,AL,38,36,31,311.2,126,49,75,2,18,.984,4,15,-2,-8,3.58,3.52,3.02,3.35,,,,,,,45/H76,,clemeer01
401,Kole Calhoun,33,ARI,NL,39,36,32,309.0,71,67,2,2,0,.972,-6,-22,1,4,2.01,2.06,1.77,2.00,,,,,,,9H/D,,calhoko01
402,Cam Gallagher,28,KCR,AL,46,33,28,308.2,299,281,13,5,0,.983,1,4,6,23,8.57,9.35,6.39,9.13,1,8,13,4,23.5,0,2/H,,gallaca01
403,José Peraza,27,NYM,NL,43,37,28,306.1,118,49,68,1,13,.992,0,0,0,0,3.44,3.87,2.49,3.67,,,,,,,4H/567D,,perazjo01
404,Eloy Jiménez,24,CHW,AL,37,37,27,304.0,61,59,1,1,0,.984,-3,-12,1,4,1.78,2.16,1.62,2.10,,,,,,,7D,,jimenel02
405,Jo Adell,22,LAA,AL,35,35,25,302.2,84,82,2,0,1,1.000,3,11,0,0,2.50,2.16,2.40,2.10,,,,,,,79,,adelljo01
406,Anthony Alford,26,PIT,NL,39,34,32,302.1,65,63,1,1,0,.985,-5,-20,0,0,1.91,2.06,1.64,2.00,,,,,,,7H/89,,alforan01
407,Josh Reddick,34,ARI,NL,40,34,28,301.2,72,69,2,1,0,.986,-1,-3,-3,-12,2.12,2.06,1.78,1.99,,,,,,,9H/817,,reddijo01
408,Travis Jankowski,30,PHI,NL,57,30,23,300.1,69,69,0,0,0,1.000,-4,-14,-2,-8,2.07,2.06,1.21,2.00,,,,,,,8H/97,,jankotr01
409,Adam Engel,29,CHW,AL,37,34,29,300.0,85,82,2,1,0,.988,0,2,6,24,2.52,2.16,2.27,2.10,,,,,,,89/7HD,,engelad01
410,J.D. Martinez,33,BOS,AL,36,35,27,299.1,68,63,4,1,1,.985,3,13,2,8,2.01,2.16,1.86,2.10,,,,,,,*D7/9,AS,martijd02
411,Mike Trout,29,LAA,AL,36,36,31,295.0,53,53,0,0,0,1.000,-2,-9,-3,-12,1.62,2.16,1.47,2.10,,,,,,,8,AS,troutmi01
412,Justin Williams,25,STL,NL,39,33,23,294.1,66,60,4,2,1,.970,-5,-22,2,8,1.96,2.06,1.64,2.00,,,,,,,97H,,williju02
413,Tim Locastro,28,2TM,2LG,47,34,22,294.1,90,89,1,0,0,1.000,3,12,1,4,2.75,2.08,1.91,2.02,,,,,,,8H7/9,,locasti01
413,Tim Locastro,28,ARI,NL,38,26,16,234.0,77,76,1,0,0,1.000,2,12,1,5,2.96,2.06,2.03,2.00,,,,,,,8H/97,,locasti01
413,Tim Locastro,28,NYY,AL,9,8,6,60.1,13,13,0,0,0,1.000,1,10,0,0,1.94,2.16,1.44,2.10,,,,,,,/78,,locasti01
414,Kyle Lewis,25,SEA,AL,34,34,33,294.0,87,86,0,1,0,.989,-1,-5,-2,-8,2.63,2.16,2.53,2.10,,,,,,,8/D,,lewisky01
415,Ehire Adrianza,31,ATL,NL,44,29,18,289.1,79,42,37,0,6,1.000,-4,-17,-1,-4,2.46,2.57,1.65,2.64,,,,,,,H59/4768D,,adriaeh01
416,Ryan O'Hearn,27,KCR,AL,44,36,16,289.0,146,137,6,3,11,.979,1,3,-1,-4,4.45,4.61,3.11,4.67,,,,,,,D93H/7,,ohearry01
417,Nick Maton,24,PHI,NL,42,31,29,288.2,119,37,78,4,18,.966,-5,-22,-3,-12,3.59,3.98,2.74,3.82,,,,,,,46H/1,,matonni01
418,Hoy Park,25,2TM,2LG,39,34,25,283.0,103,48,54,1,15,.990,-3,-12,-3,-13,3.24,3.35,2.37,3.18,,,,,,,4H/56789,,parkho01
418,Hoy Park,25,NYY,AL,1,0,0,2.0,2,2,0,0,0,1.000,0,120,0,0,9.00,2.25,2.00,2.10,,,,,,,/9H,,parkho01
418,Hoy Park,25,PIT,NL,38,34,25,281.0,101,46,54,1,15,.990,-3,-13,-3,-13,3.20,3.36,2.38,3.20,,,,,,,4/5H6789,,parkho01
419,Ka'ai Tom,27,2TM,2LG,36,34,25,279.2,64,63,1,0,0,1.000,0,-1,2,9,2.06,2.07,1.73,1.99,,,,,,,7H/9D1,,tomka01
419,Ka'ai Tom,27,OAK,AL,5,4,2,35.0,8,8,0,0,0,1.000,-1,-21,0,0,2.06,2.13,1.33,1.93,,,,,,,/H9D17,,tomka01
419,Ka'ai Tom,27,PIT,NL,31,30,23,244.2,56,55,1,0,0,1.000,0,2,2,10,2.06,2.06,1.81,2.00,,,,,,,7/H,,tomka01
420,Jake Lamb,30,2TM,AL,42,36,18,277.0,75,43,30,2,3,.973,-2,-8,-4,-17,2.37,2.73,1.66,2.71,,,,,,,57H/9D3,,lambja01
420,Jake Lamb,30,CHW,AL,32,27,11,200.0,45,31,13,1,0,.978,-1,-5,-2,-12,1.98,2.60,1.33,2.56,,,,,,,7/9H5D3,,lambja01
420,Jake Lamb,30,TOR,AL,10,9,7,77.0,30,12,17,1,3,.967,-1,-16,-2,-31,3.39,3.09,2.64,3.15,,,,,,,5/HD3,,lambja01
421,Aaron Hicks,31,NYY,AL,32,30,30,272.2,58,56,1,1,1,.983,-4,-16,-4,-18,1.88,2.16,1.78,2.10,,,,,,,8/H,,hicksaa01
422,Michael Chavis,25,2TM,2LG,40,29,22,271.2,156,91,63,2,27,.987,4,15,-1,-4,5.10,4.73,3.58,4.63,,,,,,,4/3H59,,chavimi01
422,Michael Chavis,25,BOS,AL,29,19,16,187.2,118,69,47,2,22,.983,3,17,-1,-6,5.56,5.21,3.87,5.03,,,,,,,4/3H,,chavimi01
422,Michael Chavis,25,PIT,NL,11,10,6,84.0,38,22,16,0,5,1.000,1,11,0,0,4.07,3.68,2.92,3.71,,,,,,,/45H39,,chavimi01
423,Jordy Mercer,34,WSN,NL,40,29,21,271.0,102,33,63,6,11,.941,-1,-4,-2,-9,3.19,3.60,2.18,3.63,,,,,,,45H/637D,,mercejo03
424,Shed Long Jr.,25,SEA,AL,32,31,22,269.0,73,47,26,0,5,1.000,-1,-6,-3,-13,2.44,2.66,2.09,2.63,,,,,,,74/HD,,longsh01
425,Seby Zavala,27,CHW,AL,33,31,22,267.2,309,296,12,1,0,.997,-5,-22,-2,-9,10.36,9.35,9.33,9.13,8,15,24,3,11.1,0,2/HD,,zavalse01
426,Thairo Estrada,25,SFG,NL,40,27,20,264.2,107,39,65,3,12,.972,3,13,-1,-5,3.54,3.62,2.36,3.53,,,,,,,6H4/579,,estrath01
427,Wilson Ramos,33,2TM,AL,34,31,29,264.1,248,237,11,0,2,1.000,-4,-18,-9,-41,8.44,9.35,7.29,9.13,4,21,21,4,16.0,0,2D/H,,ramoswi01
427,Wilson Ramos,33,DET,AL,25,22,21,186.2,178,171,7,0,1,1.000,-3,-19,-7,-45,8.58,9.35,7.12,9.13,2,17,13,3,18.8,0,2D/H,,ramoswi01
427,Wilson Ramos,33,CLE,AL,9,9,8,77.2,70,66,4,0,1,1.000,-1,-15,-2,-31,8.11,9.35,7.78,9.13,2,4,8,1,11.1,0,/2,,ramoswi01
428,Richie Martin,26,BAL,AL,37,29,27,262.2,132,49,77,6,10,.955,-6,-29,-7,-32,4.32,3.81,3.41,3.72,,,,,,,6/H,,martiri01
429,Lewin Díaz,24,MIA,NL,32,29,28,258.2,238,204,34,0,24,1.000,4,18,10,46,8.28,8.35,7.44,8.13,,,,,,,3H,,diazle01
430,Adalberto Mondesí,25,KCR,AL,30,30,26,257.1,88,24,62,2,10,.977,2,7,-3,-14,3.01,3.07,2.77,3.04,,,,,,,56/DH,,mondera02
431,Ben Rortvedt,23,MIN,AL,39,28,19,256.0,261,244,14,3,2,.989,4,19,5,23,9.07,9.35,6.62,9.13,2,7,9,7,43.8,0,2/HD,,rortvbe01
432,Nick Senzel,26,CIN,NL,34,29,19,255.1,66,52,11,3,0,.955,1,5,-2,-9,2.22,2.46,1.58,2.44,,,,,,,8/4H5,,senzeni01
433,Cole Tucker,24,PIT,NL,34,28,21,253.1,104,53,48,3,12,.971,-7,-34,-6,-28,3.59,3.45,2.46,3.31,,,,,,,69H/483,,tuckeco01
434,Max Schrock,26,CIN,NL,42,28,15,252.2,86,70,14,2,5,.977,-2,-11,-2,-9,2.99,3.06,1.75,3.04,,,,,,,7H/54319,,schroma01
435,Jonathan Davis,29,2TM,AL,57,25,20,252.1,67,65,2,0,0,1.000,-3,-12,3,14,2.39,2.16,1.18,2.10,,,,,,,8H/7D,,davisjo05
435,Jonathan Davis,29,TOR,AL,47,20,18,205.1,49,48,1,0,0,1.000,-4,-23,1,6,2.15,2.16,1.04,2.10,,,,,,,8/H7D,,davisjo05
435,Jonathan Davis,29,NYY,AL,10,5,2,47.0,18,17,1,0,0,1.000,1,36,2,51,3.45,2.16,1.80,2.10,,,,,,,/8H7D,,davisjo05
436,Rio Ruiz,27,2TM,2LG,36,26,21,252.1,126,55,69,2,11,.984,3,12,0,0,4.42,3.68,3.10,3.39,,,,,,,H45/73D,,ruizri01
436,Rio Ruiz,27,BAL,AL,28,23,19,216.1,104,43,59,2,10,.981,0,2,-1,-6,4.24,3.67,3.19,3.47,,,,,,,45/HD,,ruizri01
436,Rio Ruiz,27,COL,NL,8,3,2,36.0,22,12,10,0,1,1.000,2,73,1,33,5.50,3.80,2.75,3.08,,,,,,,H/573,,ruizri01
437,Daz Cameron,24,DET,AL,33,27,26,251.0,62,62,0,0,0,1.000,-1,-7,-5,-24,2.22,2.16,1.88,2.10,,,,,,,98/HD7,,camerda01
438,JaCoby Jones,29,DET,AL,32,27,27,248.0,74,74,0,0,0,1.000,-1,-4,-1,-5,2.69,2.16,2.31,2.10,,,,,,,8/H7D,,jonesja07
439,Robel García,28,HOU,AL,39,24,23,245.0,89,28,59,2,14,.978,-2,-8,-2,-10,3.20,3.44,2.23,3.42,,,,,,,5H6/413D,,garciro02
440,Danny Santana,30,BOS,AL,31,27,21,245.0,123,119,4,0,16,1.000,-1,-3,0,0,4.52,4.58,3.73,4.61,,,,,,,38/7HD,,santada01
441,Edward Olivares,25,KCR,AL,36,27,22,243.1,46,42,2,2,0,.957,-3,-17,-1,-5,1.63,2.16,1.22,2.10,,,,,,,97H/8D,,olivaed02
442,John Nogowski,28,2TM,NL,32,28,23,241.2,198,184,14,0,27,1.000,-5,-22,3,15,7.37,8.24,5.50,7.41,,,,,,,3H/19,,nogowjo01
442,John Nogowski,28,STL,NL,3,0,0,7.0,6,6,0,0,0,1.000,0,0,0,0,7.71,8.36,2.00,8.13,,,,,,,H/3,,nogowjo01
442,John Nogowski,28,PIT,NL,29,28,23,234.2,192,178,14,0,27,1.000,-5,-23,3,15,7.36,8.23,5.82,7.34,,,,,,,3/H19,,nogowjo01
443,Evan White,25,SEA,AL,30,28,26,237.2,246,227,17,2,28,.992,0,-1,2,10,9.24,8.20,8.13,8.01,,,,,,,3,,whiteev01
444,Kevan Smith,33,2TM,2LG,31,28,26,237.2,254,242,11,1,0,.996,-2,-10,-1,-5,9.58,9.47,8.16,9.21,4,19,8,2,20.0,0,2/H,,smithke04
444,Kevan Smith,33,TBR,AL,2,1,1,10.2,13,13,0,0,0,1.000,0,0,0,0,10.97,9.37,6.50,9.15,0,1,1,0,0.0,0,/2H,,smithke04
444,Kevan Smith,33,ATL,NL,29,27,25,227.0,241,229,11,1,0,.996,-2,-11,-1,-5,9.52,9.47,8.28,9.21,4,18,7,2,22.2,0,2/H,,smithke04
445,Riley Adams,25,2TM,2LG,34,27,24,237.1,246,226,19,1,0,.996,-4,-20,-6,-30,9.29,9.44,7.21,9.18,0,15,24,3,11.1,0,2H,,adamsri03
445,Riley Adams,25,TOR,AL,11,7,4,63.0,74,67,6,1,0,.986,-2,-38,-2,-38,10.43,9.36,6.64,9.13,0,4,8,0,0.0,0,2/H,,adamsri03
445,Riley Adams,25,WSN,NL,23,20,20,174.1,172,159,13,0,0,1.000,-2,-14,-4,-28,8.88,9.47,7.48,9.21,0,11,16,3,15.8,0,2H,,adamsri03
446,Alex Avila,34,WSN,NL,28,28,26,237.0,247,236,10,1,3,.996,4,19,4,20,9.34,9.36,8.79,9.03,0,4,10,6,37.5,0,2/H4,,avilaal01
447,Tres Barrera,26,WSN,NL,29,27,24,233.0,236,222,12,2,2,.992,-3,-15,-1,-5,9.04,9.47,8.07,9.21,2,8,19,1,5.0,0,2/H,,barretr01
448,Aramis Garcia,28,OAK,AL,30,26,22,232.1,228,217,9,2,0,.991,-2,-10,-3,-15,8.75,9.35,7.53,9.13,4,18,8,4,33.3,0,2/DH,,garciar01
449,Emmanuel Rivera,25,KCR,AL,29,27,24,231.1,83,30,48,5,3,.940,-1,-3,-1,-5,3.03,2.94,2.69,2.86,,,,,,,5/3,,riverem01
450,Kyle Garlick,29,MIN,AL,33,24,17,224.0,56,54,2,0,1,1.000,-1,-7,-1,-5,2.25,2.16,1.70,2.10,,,,,,,97/H8D,,garliky01
451,Jarren Duran,24,BOS,AL,29,26,24,223.0,48,47,1,0,1,1.000,-4,-19,-5,-27,1.94,2.16,1.66,2.10,,,,,,,8/H7,,duranja01
452,Lars Nootbaar,23,STL,NL,34,23,20,221.2,60,55,3,2,1,.967,2,9,5,27,2.35,2.06,1.71,2.00,,,,,,,9H/7,,nootbla01
453,Grayson Greiner,28,DET,AL,31,25,18,214.0,210,201,7,2,0,.990,-2,-11,-5,-28,8.75,9.35,6.71,9.13,3,13,15,5,25.0,0,2/H,,greingr01
454,Zack Wheeler,31,PHI,NL,32,32,3,213.1,48,20,26,2,4,.958,,,5,5,1.94,1.49,1.44,1.45,,,,,,,1/H,ASCYA-2MVP-19,wheelza01
455,José Marmolejos,28,SEA,AL,27,26,15,209.2,116,109,5,2,10,.983,-3,-18,-2,-11,4.89,5.38,4.22,5.16,,,,,,,37/HD9,,marmojo01
456,Luke Williams,24,PHI,NL,45,23,8,209.2,71,43,26,2,5,.972,-1,-7,-1,-6,2.96,3.00,1.33,3.26,,,,,,,H8/457369,,willilu01
457,Walker Buehler,26,LAD,NL,33,33,0,207.2,36,10,25,1,1,.972,,,-1,-1,1.52,1.49,1.06,1.45,,,,,,,1/H,ASCYA-4,buehlwa01
458,Domingo Leyba,25,2TM,2LG,28,24,16,206.2,77,36,40,1,7,.987,-2,-10,-4,-23,3.31,3.61,2.45,3.55,,,,,,,45/H,,leybado01
458,Domingo Leyba,25,ARI,NL,7,5,1,41.0,14,5,9,0,1,1.000,0,-12,0,0,3.07,4.08,1.75,3.83,,,,,,,/4H5,,leybado01
458,Domingo Leyba,25,BAL,AL,21,19,15,165.2,63,31,31,1,6,.984,-1,-10,-4,-29,3.37,3.49,2.70,3.45,,,,,,,4/5,,leybado01
459,Adam Wainwright,39,STL,NL,32,32,3,206.1,37,19,16,2,2,.946,,,2,2,1.53,1.49,1.09,1.45,,,,,,,1/H,CYA-7MVP-20,wainwad01
460,Sandy Alcantara,25,MIA,NL,33,33,1,205.2,54,24,26,4,1,.926,,,-2,-2,2.19,1.49,1.52,1.45,,,,,,,1,,alcansa01
461,Sam Haggerty,27,SEA,AL,31,22,18,203.1,62,56,6,0,1,1.000,3,18,0,0,2.74,2.31,1.94,2.33,,,,,,,7/H948D,,haggesa01
462,Giancarlo Stanton,31,NYY,AL,26,26,11,199.2,51,50,0,1,0,.980,2,14,0,0,2.25,2.16,1.92,2.10,,,,,,,D97/H,,stantmi03
463,Robbie Ray,29,TOR,AL,32,32,0,193.1,20,4,15,1,1,.950,,,-2,-2,0.88,1.16,0.59,1.13,,,,,,,1,CYA-1MVP-15,rayro02
464,Robinson Chirinos,37,CHC,NL,29,21,18,193.0,196,188,7,1,2,.995,-3,-19,-2,-12,9.09,9.41,6.72,8.85,4,12,20,4,16.7,0,2H/4D,,chiriro01
465,Kevin Gausman,30,SFG,NL,33,33,0,192.0,33,13,19,1,1,.970,,,2,2,1.50,1.49,0.97,1.45,,,,,,,1/H,ASCYA-6MVP-21,gausmke01
466,José Berríos,27,2TM,AL,32,32,1,192.0,40,13,23,4,5,.900,,,5,5,1.69,1.16,1.13,1.13,,,,,,,1,CYA-9,berrijo01
466,José Berríos,27,MIN,AL,20,20,1,121.2,26,7,17,2,2,.923,,,5,8,1.78,1.16,1.20,1.13,,,,,,,1,,berrijo01
466,José Berríos,27,TOR,AL,12,12,0,70.1,14,6,6,2,3,.857,,,0,0,1.54,1.16,1.00,1.13,,,,,,,1,,berrijo01
467,Daniel Johnson,25,CLE,AL,28,23,17,191.0,45,40,3,2,1,.956,-2,-9,0,0,2.03,2.16,1.54,2.10,,,,,,,9/7HD,,johnsda07
468,Isaac Paredes,22,DET,AL,23,21,20,189.2,82,28,52,2,10,.976,-2,-10,-1,-6,3.80,3.50,3.48,3.46,,,,,,,4/56,,paredis01
469,Breyvic Valera,29,TOR,AL,28,21,13,188.0,50,20,30,0,3,1.000,0,-3,-1,-6,2.39,3.06,1.61,3.08,,,,,,,5H4/D,,valerbr01
470,Luis Castillo,28,CIN,NL,33,33,0,187.2,34,17,16,1,5,.971,,,1,1,1.58,1.49,1.00,1.45,,,,,,,1,,castilu02
471,Frankie Montas,28,OAK,AL,32,32,0,187.0,28,10,17,1,2,.964,,,2,2,1.30,1.16,0.84,1.13,,,,,,,1,CYA-6,montafr02
472,Gavin Sheets,25,CHW,AL,27,24,14,186.0,77,74,1,2,7,.974,-4,-27,-5,-32,3.63,4.79,2.78,4.29,,,,,,,D93/H7,,sheetga01
473,René Rivera,37,2TM,2LG,24,21,20,186.0,218,200,15,3,1,.986,0,0,-4,-26,10.40,9.37,8.96,9.14,4,12,12,9,42.9,0,2/H,,riverre01
473,René Rivera,37,CLE,AL,20,17,17,152.0,178,168,10,0,1,1.000,-1,-8,-5,-39,10.54,9.35,8.90,9.13,4,12,7,5,41.7,0,2/H,,riverre01
473,René Rivera,37,WSN,NL,4,4,3,34.0,40,32,5,3,0,.925,1,35,1,35,9.79,9.48,9.25,9.20,0,0,5,4,44.4,0,/2,,riverre01
474,Charlie Morton,37,ATL,NL,33,33,0,185.2,27,9,15,3,0,.889,,,-1,-1,1.16,1.49,0.73,1.45,,,,,,,1/H,,mortoch02
475,Julio Urías,24,LAD,NL,32,32,0,185.2,21,3,18,0,0,1.000,,,2,2,1.02,1.49,0.66,1.45,,,,,,,1,CYA-7,uriasju01
476,Kyle Isbel,24,KCR,AL,25,20,16,184.1,47,46,1,0,0,1.000,0,-2,1,7,2.29,2.16,1.88,2.10,,,,,,,9/87HD,,isbelky01
477,Nathan Eovaldi,31,BOS,AL,32,32,0,182.1,36,13,23,0,2,1.000,,,0,0,1.78,1.16,1.13,1.13,,,,,,,1,ASCYA-4MVP-15,eovalna01
478,Joe Musgrove,28,SDP,NL,33,31,2,182.0,41,22,18,1,0,.976,1,3,1,1,1.98,1.49,1.21,1.47,,,,,,,1/H7,,musgrjo01
479,Keibert Ruiz,22,2TM,NL,23,20,19,182.0,195,181,13,1,1,.995,1,7,1,7,9.59,9.47,8.43,9.21,0,9,9,2,18.2,0,2/H,,ruizke01
479,Keibert Ruiz,22,LAD,NL,2,0,0,5.0,3,3,0,0,0,1.000,0,0,0,0,5.40,9.54,1.50,9.20,0,0,0,0,,0,/H2,,ruizke01
479,Keibert Ruiz,22,WSN,NL,21,20,19,177.0,192,178,13,1,1,.995,1,7,1,7,9.71,9.47,9.10,9.21,0,9,9,2,18.2,0,2/H,,ruizke01
480,Kyle Gibson,33,2TM,2LG,31,30,0,182.0,35,11,23,1,2,.971,,,1,1,1.68,1.29,1.10,1.25,,,,,,,1,AS,gibsoky01
480,Kyle Gibson,33,TEX,AL,19,19,0,113.0,18,5,12,1,0,.944,,,0,0,1.35,1.16,0.89,1.13,,,,,,,1,,gibsoky01
480,Kyle Gibson,33,PHI,NL,12,11,0,69.0,17,6,11,0,2,1.000,,,1,3,2.22,1.49,1.42,1.45,,,,,,,1,,gibsoky01
481,Gerrit Cole,30,NYY,AL,30,30,2,181.1,21,10,11,0,1,1.000,,,0,0,1.04,1.16,0.70,1.13,,,,,,,1,ASCYA-2MVP-15,colege01
482,Kyle Hendricks,31,CHC,NL,32,32,1,181.0,37,17,20,0,0,1.000,,,1,1,1.84,1.49,1.16,1.45,,,,,,,1,,hendrky01
483,Aaron Nola,28,PHI,NL,32,32,1,180.2,26,16,8,2,0,.923,,,-2,-2,1.20,1.49,0.75,1.45,,,,,,,1/H,,nolaaa01
484,Rodolfo Castro,22,PIT,NL,24,23,17,180.1,90,38,48,4,13,.956,0,-2,-3,-20,4.29,3.84,3.44,3.71,,,,,,,4/H5,,castrro01
485,Andrew Velazquez,26,NYY,AL,28,20,14,180.1,82,25,54,3,5,.963,-3,-19,0,0,3.94,3.81,2.82,3.72,,,,,,,6/H,,velazan01
486,Jordan Lyles,30,TEX,AL,32,30,0,180.0,23,8,15,0,0,1.000,,,-1,-1,1.15,1.16,0.72,1.13,,,,,,,1,,lylesjo01
487,Tyler Mahle,26,CIN,NL,33,33,0,180.0,36,21,15,0,2,1.000,,,2,2,1.80,1.49,1.09,1.45,,,,,,,1,,mahlety01
488,Germán Márquez,26,COL,NL,32,32,3,180.0,40,14,24,2,1,.950,,,1,1,1.90,1.49,1.19,1.45,,,,,,,1,AS,marquge01
489,Chris Flexen,26,SEA,AL,31,31,0,179.2,46,21,25,0,1,1.000,,,5,6,2.30,1.16,1.48,1.13,,,,,,,1,,flexech01
490,Sean Manaea,29,OAK,AL,32,32,2,179.1,23,6,16,1,1,.957,,,0,0,1.10,1.16,0.69,1.13,,,,,,,1,,manaese01
491,Brandon Woodruff,28,MIL,NL,30,30,0,179.1,31,10,19,2,2,.935,,,2,2,1.46,1.49,0.97,1.45,,,,,,,1,ASCYA-5,woodrbr01
492,Max Scherzer,36,2TM,NL,30,30,1,179.1,18,8,10,0,0,1.000,,,1,1,0.90,1.49,0.60,1.45,,,,,,,1,ASCYA-3MVP-14,scherma01
492,Max Scherzer,36,WSN,NL,19,19,1,111.0,10,6,4,0,0,1.000,,,0,0,0.81,1.49,0.53,1.45,,,,,,,1,,scherma01
492,Max Scherzer,36,LAD,NL,11,11,0,68.1,8,2,6,0,0,1.000,,,1,3,1.05,1.49,0.73,1.45,,,,,,,1,,scherma01
493,Marcus Stroman,30,NYM,NL,33,33,0,179.0,51,20,29,2,1,.961,,,1,1,2.46,1.49,1.48,1.45,,,,,,,1,,stromma01
494,Chance Sisco,26,2TM,2LG,25,21,18,179.0,185,173,12,0,0,1.000,3,20,0,0,9.30,9.36,7.40,9.14,3,6,7,7,50.0,1,2/HD,,siscoch01
494,Chance Sisco,26,BAL,AL,21,19,18,159.2,172,161,11,0,0,1.000,3,23,0,0,9.70,9.35,8.19,9.13,3,6,3,6,66.7,1,2/DH,,siscoch01
494,Chance Sisco,26,NYM,NL,4,2,0,19.1,13,12,1,0,0,1.000,0,0,0,0,6.05,9.45,3.25,9.20,0,0,4,1,20.0,0,/2H,,siscoch01
495,Lucas Giolito,26,CHW,AL,31,31,1,178.2,11,1,10,0,0,1.000,,,-2,-2,0.55,1.16,0.35,1.13,,,,,,,1,CYA-11,giolilu01
496,Daniel Robertson,27,MIL,NL,41,13,8,178.2,69,26,41,2,7,.971,0,-1,-2,-13,3.38,3.51,1.49,3.37,,,,,,,5H/4631,,roberda10
497,Cole Irvin,27,OAK,AL,32,32,0,178.1,27,6,20,1,2,.963,,,1,1,1.31,1.16,0.81,1.13,,,,,,,1,,irvinco01
498,Stevie Wilkerson,29,BAL,AL,30,19,16,178.1,97,45,49,3,11,.969,-1,-5,0,0,4.74,3.89,3.03,3.62,,,,,,,4/H719,,wilkest01
499,Gerardo Parra,34,WSN,NL,27,17,12,175.1,46,44,0,2,0,.957,1,9,-3,-21,2.26,2.06,1.63,2.00,,,,,,,H7/89,,parrage01
500,Patrick Mazeika,27,NYM,NL,25,19,16,174.0,185,171,12,2,1,.989,0,-2,1,7,9.47,9.43,7.32,9.16,2,6,7,3,30.0,0,2H/3D,,mazeipa01
501,Ender Inciarte,30,ATL,NL,40,17,12,173.1,59,58,1,0,0,1.000,3,19,1,7,3.06,2.06,1.48,2.00,,,,,,,8H/7,,inciaen01
502,Patrick Corbin,31,WSN,NL,31,31,0,171.2,38,9,29,0,1,1.000,,,1,1,1.99,1.49,1.23,1.45,,,,,,,1,,corbipa01
503,Eddy Alvarez,31,MIA,NL,20,20,18,171.1,63,16,43,4,5,.937,-4,-29,0,0,3.10,2.81,2.81,2.78,,,,,,,5/4H,,alvared01
504,Zack Greinke,37,HOU,AL,30,29,1,171.0,37,17,20,0,6,1.000,,,5,6,1.95,1.16,1.23,1.13,,,,,,,1,,greinza01
505,Jonathan Araúz,22,BOS,AL,25,19,15,169.0,69,23,43,3,9,.957,0,-1,0,0,3.51,3.82,2.36,3.65,,,,,,,64/H51,,arauzjo01
506,Hyun Jin Ryu,34,TOR,AL,31,31,1,169.0,11,1,10,0,0,1.000,,,-2,-2,0.59,1.16,0.35,1.13,,,,,,,1,,ryuhy01
507,Webster Rivas,30,SDP,NL,24,20,12,168.2,161,152,9,0,1,1.000,0,0,0,0,8.59,9.47,6.71,9.21,0,10,11,4,26.7,0,2/H,,rivaswe01
508,Cristian Pache,22,ATL,NL,22,20,18,168.1,43,42,0,1,0,.977,-4,-26,0,0,2.25,2.06,1.91,2.00,,,,,,,8/H,,pachecr01
509,Anthony DeSclafani,31,SFG,NL,31,31,2,167.2,24,8,16,0,1,1.000,,,2,2,1.29,1.49,0.77,1.45,,,,,,,1/H,,desclan01
510,Corbin Burnes,26,MIL,NL,28,28,0,167.0,28,9,18,1,0,.964,,,-2,-2,1.46,1.49,0.96,1.45,,,,,,,1,ASCYA-1MVP-15,burneco01
511,Tyler Anderson,31,2TM,2LG,31,31,0,167.0,38,9,26,3,3,.921,,,2,2,1.89,1.36,1.13,1.32,,,,,,,1,,anderty01
511,Tyler Anderson,31,PIT,NL,18,18,0,103.1,24,5,17,2,2,.917,,,0,0,1.92,1.49,1.22,1.45,,,,,,,1,,anderty01
511,Tyler Anderson,31,SEA,AL,13,13,0,63.2,14,4,9,1,1,.929,,,2,6,1.84,1.16,1.00,1.13,,,,,,,1,,anderty01
512,Yu Darvish,34,SDP,NL,30,30,0,166.1,22,14,8,0,1,1.000,,,-2,-2,1.19,1.49,0.73,1.45,,,,,,,1,AS,darviyu01
513,Dylan Cease,25,CHW,AL,32,32,1,165.2,16,5,8,3,1,.813,,,-7,-8,0.71,1.16,0.41,1.13,,,,,,,1,,ceasedy01
514,Max Fried,27,ATL,NL,28,28,2,165.2,46,8,37,1,3,.978,,,6,7,2.44,1.49,1.61,1.45,,,,,,,1/H,GGSS,friedma01
515,Dustin Garneau,33,DET,AL,20,19,15,165.0,153,142,9,2,1,.987,0,0,0,0,8.24,9.35,7.55,9.13,3,7,9,5,35.7,0,2,,garnedu01
516,Gilberto Celestino,22,MIN,AL,22,20,10,164.0,48,44,2,2,1,.958,-5,-34,0,0,2.52,2.16,2.09,2.10,,,,,,,8/9H7D,,celesgi01
517,Pablo Reyes,27,MIL,NL,32,16,10,163.2,41,10,30,1,3,.976,-1,-8,2,15,2.20,2.83,1.21,2.64,,,,,,,H5/467D,,reyespa01
518,Wade Miley,34,CIN,NL,28,28,1,163.0,35,3,30,2,3,.943,,,3,4,1.82,1.49,1.18,1.45,,,,,,,1/H,,mileywa01
519,Taylor Jones,27,HOU,AL,24,16,15,162.1,98,89,9,0,7,1.000,-1,-8,4,30,5.43,5.40,4.08,5.55,,,,,,,37D/H,,jonesta01
520,Lance McCullers Jr.,27,HOU,AL,28,28,0,162.1,28,15,13,0,0,1.000,,,3,4,1.55,1.16,1.00,1.13,,,,,,,1/H,CYA-7,mcculla02
521,Dallas Keuchel,33,CHW,AL,32,30,0,162.0,49,7,41,1,3,.980,,,12,15,2.67,1.16,1.50,1.13,,,,,,,1,GG,keuchda01
522,Orlando Arcia,26,2TM,NL,22,19,14,162.0,53,33,18,2,4,.962,5,36,2,15,2.83,2.59,2.22,2.53,,,,,,,H7/654,,arciaor01
522,Orlando Arcia,26,MIL,NL,4,3,2,30.0,8,1,7,0,1,1.000,1,36,1,40,2.40,3.06,1.60,3.00,,,,,,,/56,,arciaor01
522,Orlando Arcia,26,ATL,NL,18,16,12,132.0,45,32,11,2,3,.956,4,35,1,9,2.93,2.48,2.39,2.40,,,,,,,H7/64,,arciaor01
523,Drew Ellis,25,ARI,NL,21,19,12,161.2,35,13,22,0,4,1.000,-3,-24,-4,-30,1.95,2.79,1.67,2.78,,,,,,,5/H4,,ellisdr01
524,Taijuan Walker,28,NYM,NL,30,29,0,159.0,51,16,33,2,1,.961,,,7,9,2.77,1.49,1.63,1.45,,,,,,,1/H,AS,walketa01
525,Mike Minor,33,KCR,AL,28,28,0,158.2,9,1,7,1,0,.889,,,1,1,0.45,1.16,0.29,1.13,,,,,,,1,,minormi01
526,Luke Raley,26,LAD,NL,27,15,13,158.2,23,23,0,0,0,1.000,-2,-12,0,0,1.30,2.06,0.85,2.00,,,,,,,97/H,,raleylu01
527,Chad Wallach,29,MIA,NL,19,18,16,158.2,166,161,3,2,1,.988,-2,-15,-4,-30,9.30,9.47,8.63,9.21,4,4,13,1,7.1,0,2/H,,wallach01
528,Rich Hill,41,2TM,2LG,32,31,0,158.2,20,2,17,1,0,.950,,,0,0,1.08,1.29,0.59,1.26,,,,,,,1,,hillri01
528,Rich Hill,41,TBR,AL,19,19,0,95.1,14,0,13,1,0,.929,,,0,0,1.23,1.16,0.68,1.13,,,,,,,1,,hillri01
528,Rich Hill,41,NYM,NL,13,12,0,63.1,6,2,4,0,0,1.000,,,0,0,0.85,1.49,0.46,1.45,,,,,,,1,,hillri01
529,Merrill Kelly,32,ARI,NL,27,27,0,158.0,29,13,16,0,2,1.000,,,2,3,1.65,1.49,1.07,1.45,,,,,,,1,,kellyme01
530,Eduardo Rodríguez,28,BOS,AL,32,31,0,157.2,15,1,14,0,1,1.000,,,1,1,0.86,1.16,0.47,1.13,,,,,,,1,,rodried05
531,Chris Bassitt,32,OAK,AL,27,27,1,157.1,16,4,11,1,0,.938,,,-1,-1,0.86,1.16,0.56,1.13,,,,,,,1,ASCYA-10,bassich01
532,Jordan Montgomery,28,NYY,AL,30,30,0,157.1,21,2,18,1,0,.952,,,-1,-1,1.14,1.16,0.67,1.13,,,,,,,1,,montgjo01
533,Ildemaro Vargas,29,3TM,NL,25,18,12,157.1,55,22,31,2,6,.964,-4,-31,0,0,3.03,3.35,2.04,3.22,,,,,,,H5/467D,,vargail01
533,Ildemaro Vargas,29,CHC,NL,6,4,4,36.1,12,5,6,1,2,.917,-1,-33,2,66,2.72,4.04,1.83,3.92,,,,,,,/4H6D,,vargail01
533,Ildemaro Vargas,29,PIT,NL,4,2,1,19.0,4,1,3,0,0,1.000,-1,-69,-1,-63,1.89,2.32,0.80,2.30,,,,,,,/H57,,vargail01
533,Ildemaro Vargas,29,ARI,NL,15,12,7,102.0,39,16,22,1,4,.974,-2,-22,-1,-12,3.35,3.30,2.53,3.25,,,,,,,/54H6,,vargail01
534,Yusei Kikuchi,30,SEA,AL,29,29,0,157.0,19,6,13,0,1,1.000,,,3,4,1.09,1.16,0.66,1.13,,,,,,,1,AS,kikucyu01
535,Lance Lynn,34,CHW,AL,28,28,1,157.0,10,3,5,2,0,.800,,,-3,-4,0.46,1.16,0.29,1.13,,,,,,,1,ASCYA-3,lynnla01
536,Mike Ford,28,NYY,AL,21,18,12,156.2,139,130,9,0,19,1.000,0,0,0,0,7.99,8.20,6.62,8.01,,,,,,,3/H,,fordmi01
537,Antonio Senzatela,26,COL,NL,28,28,0,156.2,31,7,24,0,2,1.000,,,2,3,1.78,1.49,1.11,1.45,,,,,,,1,,senzaan01
538,Jahmai Jones,23,BAL,AL,23,19,8,156.0,88,39,46,3,10,.966,-1,-8,-1,-8,4.90,4.04,3.70,3.95,,,,,,,4/H,,jonesja08
539,Donovan Walton,27,SEA,AL,21,17,15,155.2,67,28,36,3,10,.955,-3,-20,0,0,3.70,3.52,2.78,3.41,,,,,,,4/7H56D,,waltodo01
540,Luis Garcia,24,HOU,AL,30,28,0,155.1,22,10,10,2,1,.909,,,-3,-4,1.16,1.16,0.67,1.13,,,,,,,1,ROY-2,garcilu05
541,Nick Pivetta,28,BOS,AL,31,30,0,155.0,18,7,8,3,0,.833,,,-2,-3,0.87,1.16,0.48,1.13,,,,,,,1,,pivetni01
542,Ryan Yarbrough,29,TBR,AL,30,21,1,155.0,24,6,18,0,0,1.000,,,0,0,1.39,1.16,0.80,1.13,,,,,,,1,,yarbrry01
543,Jason Vosler,27,SFG,NL,28,18,9,153.2,50,23,24,3,3,.940,-2,-12,-6,-47,2.75,3.18,1.68,3.20,,,,,,,5H/3479D,,vosleja01
544,Jake McCarthy,23,ARI,NL,19,18,14,152.1,49,46,3,0,2,1.000,2,17,1,8,2.89,2.06,2.58,2.00,,,,,,,8/9H,,mccarja02
545,J.A. Happ,38,2TM,2LG,30,30,0,152.1,14,5,8,1,0,.929,,,-1,-1,0.77,1.28,0.43,1.25,,,,,,,1,,happja01
545,J.A. Happ,38,MIN,AL,19,19,0,98.1,11,3,7,1,0,.909,,,0,0,0.92,1.16,0.53,1.13,,,,,,,1,,happja01
545,J.A. Happ,38,STL,NL,11,11,0,54.0,3,2,1,0,0,1.000,,,-1,-4,0.50,1.48,0.27,1.45,,,,,,,1,,happja01
546,Steven Matz,30,TOR,AL,29,29,0,150.2,28,5,22,1,1,.964,,,3,4,1.61,1.16,0.93,1.13,,,,,,,1,,matzst01
547,Casey Mize,24,DET,AL,30,30,1,150.1,27,9,17,1,1,.963,,,3,4,1.56,1.16,0.87,1.13,,,,,,,1,,mizeca01
548,Cal Quantrill,26,CLE,AL,40,22,0,149.2,28,8,19,1,3,.964,,,3,4,1.62,1.16,0.68,1.13,,,,,,,1,,quantca01
549,Tarik Skubal,24,DET,AL,31,29,0,149.1,22,4,15,3,0,.864,,,1,1,1.15,1.16,0.61,1.13,,,,,,,1,,skubata01
550,Jon Gray,29,COL,NL,29,29,0,149.0,20,11,7,2,0,.900,,,-2,-3,1.09,1.49,0.62,1.45,,,,,,,1/H,,grayjo02
551,Logan Webb,24,SFG,NL,27,26,0,148.1,37,14,23,0,2,1.000,,,1,1,2.24,1.49,1.37,1.45,,,,,,,1/H,,webblo01
552,Zach Davies,28,CHC,NL,32,32,0,148.0,35,13,22,0,2,1.000,,,6,8,2.13,1.49,1.09,1.45,,,,,,,1/H,,davieza02
553,John Means,28,BAL,AL,26,26,1,146.2,14,3,10,1,0,.929,,,0,0,0.80,1.16,0.50,1.13,,,,,,,1,,meansjo01
554,Madison Bumgarner,31,ARI,NL,26,26,1,146.1,20,6,13,1,0,.950,,,0,0,1.17,1.49,0.73,1.45,,,,,,,1/H,,bumgama01
555,Andrew Young,27,ARI,NL,23,17,11,145.2,68,34,30,4,6,.941,-9,-71,-11,-91,3.95,4.02,2.67,3.80,,,,,,,H4/57D,,youngan02
556,Freddy Peralta,25,MIL,NL,28,27,1,144.1,22,11,7,4,0,.818,,,-3,-4,1.12,1.49,0.64,1.45,,,,,,,1/H,AS,peralfr01
557,Jameson Taillon,29,NYY,AL,29,29,0,144.1,14,5,9,0,0,1.000,,,-2,-3,0.87,1.16,0.48,1.13,,,,,,,1,,taillja01
558,Alex Blandino,28,CIN,NL,31,11,6,143.2,96,74,22,0,10,1.000,2,20,1,8,6.01,6.18,2.46,5.03,,,,,,,3H/54176,,blandal01
559,Marco Gonzales,29,SEA,AL,25,25,1,143.1,26,6,18,2,0,.923,,,4,6,1.51,1.16,0.96,1.13,,,,,,,1,,gonzama02
560,Zach Plesac,26,CLE,AL,25,25,0,142.2,30,16,12,2,0,.933,,,1,1,1.77,1.16,1.12,1.13,,,,,,,1,,plesaza01
561,Adrian Houser,28,MIL,NL,28,26,1,142.1,36,5,31,0,1,1.000,,,0,0,2.28,1.49,1.29,1.45,,,,,,,1,,housead01
562,Matt Vierling,24,PHI,NL,24,15,6,142.1,60,58,2,0,6,1.000,0,2,-2,-17,3.79,4.49,2.31,4.12,,,,,,,H/3879,,vierlma01
563,Jon Lester,37,2TM,NL,28,28,0,141.1,26,9,17,0,1,1.000,,,-1,-1,1.66,1.49,0.93,1.45,,,,,,,1/H,,lestejo01
563,Jon Lester,37,WSN,NL,16,16,0,75.1,15,5,10,0,1,1.000,,,0,0,1.79,1.49,0.94,1.45,,,,,,,1/H,,lestejo01
563,Jon Lester,37,STL,NL,12,12,0,66.0,11,4,7,0,0,1.000,,,-1,-3,1.50,1.49,0.92,1.45,,,,,,,1,,lestejo01
564,Will Craig,26,PIT,NL,18,16,15,140.0,111,101,9,1,10,.991,-1,-6,-3,-26,7.07,8.35,6.11,8.13,,,,,,,3/H,,craigwi01
565,Roman Quinn,28,PHI,NL,27,14,11,139.1,37,35,2,0,1,1.000,-2,-17,3,26,2.39,2.06,1.37,2.00,,,,,,,8/H97,,quinnro01
566,Mike Foltynewicz,29,TEX,AL,28,24,0,139.0,18,4,13,1,1,.944,,,1,1,1.10,1.16,0.61,1.13,,,,,,,1,,foltymi01
567,Shohei Ohtani,26,LAA,AL,26,23,0,138.2,18,11,6,1,0,.944,0,-2,2,3,1.10,1.22,0.57,1.36,,,,,,,*D1/H97,ASMVP-1SS,ohtansh01
568,Alex Wood,30,SFG,NL,26,26,0,138.2,18,7,11,0,1,1.000,,,-1,-1,1.17,1.49,0.69,1.45,,,,,,,1,,woodal02
569,Garrett Richards,33,BOS,AL,40,22,0,136.2,20,7,11,2,2,.900,,,-2,-3,1.19,1.16,0.45,1.13,,,,,,,1,,richaga01
570,Mike Freeman,33,CIN,NL,30,12,7,135.1,53,30,22,1,1,.981,-2,-18,1,9,3.46,4.43,1.49,4.37,,,,,,,H6/358417D,,freemmi01
571,Sonny Gray,31,CIN,NL,26,26,0,135.1,32,13,19,0,2,1.000,,,1,1,2.13,1.49,1.23,1.45,,,,,,,1,,grayso01
572,Framber Valdez,27,HOU,AL,22,22,1,134.2,13,5,7,1,0,.923,,,-5,-7,0.80,1.16,0.55,1.13,,,,,,,1,,valdefr01
573,Brad Keller,25,KCR,AL,26,26,0,133.2,13,6,7,0,0,1.000,,,-3,-4,0.88,1.16,0.50,1.13,,,,,,,1,,kellebr01
574,Erick Fedde,28,WSN,NL,29,27,0,133.1,31,12,19,0,0,1.000,,,0,0,2.09,1.49,1.07,1.45,,,,,,,1,,feddeer01
575,Sheldon Neuse,26,LAD,NL,25,13,6,133.0,41,13,26,2,4,.951,0,1,0,0,2.64,3.31,1.50,3.15,,,,,,,4H/579D,,neusesh01
576,Trevor Rogers,23,MIA,NL,25,25,0,133.0,24,6,15,3,0,.875,,,3,5,1.42,1.49,0.84,1.45,,,,,,,1/H,ASROY-2,rogertr01
577,Carlos Rodón,28,CHW,AL,24,24,1,132.2,10,3,5,2,0,.800,,,-4,-6,0.54,1.16,0.33,1.13,,,,,,,1,ASCYA-5,rodonca01
578,Austin Romine,32,CHC,NL,21,14,13,132.0,125,121,3,1,0,.992,0,0,-1,-9,8.45,9.47,5.90,9.21,1,3,8,1,11.1,0,2/H,,rominau01
579,Skye Bolt,27,2TM,2LG,25,12,11,131.2,50,50,0,0,0,1.000,4,37,2,18,3.42,2.16,2.00,2.10,,,,,,,8H/79D,,boltsk01
579,Skye Bolt,27,SFG,NL,1,0,0,2.0,2,2,0,0,0,1.000,0,-60,-1,-600,9.00,2.25,2.00,2.00,,,,,,,/7H,,boltsk01
579,Skye Bolt,27,OAK,AL,24,12,11,129.2,48,48,0,0,0,1.000,4,39,3,28,3.33,2.16,2.00,2.10,,,,,,,8H/79D,,boltsk01
580,Andrew Romine,35,CHC,NL,18,15,11,131.1,66,22,42,2,8,.970,-1,-5,1,9,4.39,3.86,3.37,3.65,,,,,,,6/H41,,rominan01
581,Kris Bubic,23,KCR,AL,29,20,0,130.0,13,3,9,1,2,.923,,,-1,-2,0.83,1.16,0.41,1.13,,,,,,,1,,bubickr01
582,Andrew Heaney,30,2TM,AL,30,23,0,129.2,13,8,5,0,0,1.000,,,-3,-5,0.90,1.16,0.43,1.13,,,,,,,1,,heanean01
582,Andrew Heaney,30,LAA,AL,18,18,0,94.0,6,4,2,0,0,1.000,,,-3,-6,0.57,1.16,0.33,1.13,,,,,,,1,,heanean01
582,Andrew Heaney,30,NYY,AL,12,5,0,35.2,7,4,3,0,0,1.000,,,0,0,1.77,1.16,0.58,1.13,,,,,,,1,,heanean01
583,Blake Snell,28,SDP,NL,27,27,0,128.2,13,4,9,0,2,1.000,,,-4,-6,0.91,1.49,0.48,1.45,,,,,,,1,,snellbl01
584,Ian Anderson,23,ATL,NL,24,24,0,128.1,25,8,16,1,2,.960,,,-2,-3,1.68,1.49,1.00,1.45,,,,,,,1,ROY-5,anderia01
585,Brady Singer,24,KCR,AL,27,27,1,128.1,20,9,5,6,1,.700,,,-6,-9,0.98,1.16,0.52,1.13,,,,,,,1,,singebr01
586,Matt Harvey,32,BAL,AL,28,28,0,127.2,21,7,13,1,1,.952,,,0,0,1.41,1.16,0.71,1.13,,,,,,,1,,harvema01
587,Drew Smyly,32,ATL,NL,29,23,0,126.2,28,3,24,1,2,.964,,,3,5,1.92,1.49,0.93,1.45,,,,,,,1/H,,smylydr01
588,Brandon Drury,28,NYM,NL,23,17,5,126.1,41,27,13,1,2,.976,-1,-6,-2,-19,2.85,3.16,1.60,3.01,,,,,,,H/579341,,drurybr01
589,Adbert Alzolay,26,CHC,NL,29,21,0,125.2,30,19,11,0,2,1.000,,,0,0,2.15,1.49,1.03,1.45,,,,,,,1/H,,alzolad01
590,Kean Wong,26,LAA,AL,24,13,7,125.1,51,30,21,0,7,1.000,2,16,1,10,3.66,3.20,2.13,3.01,,,,,,,H4/579,,wongke01
591,Kolby Allard,23,TEX,AL,32,17,0,124.2,9,2,7,0,0,1.000,,,-2,-3,0.65,1.16,0.28,1.13,,,,,,,1,,allarko01
592,Michael Wacha,29,TBR,AL,29,23,0,124.2,15,7,8,0,2,1.000,,,-1,-2,1.08,1.16,0.52,1.13,,,,,,,1/H,,wachami01
593,JT Brubaker,27,PIT,NL,24,24,0,124.1,22,6,15,1,2,.955,,,2,3,1.52,1.49,0.88,1.45,,,,,,,1/H,,brubajt01
594,Aaron Civale,26,CLE,AL,21,21,0,124.1,22,7,15,0,1,1.000,,,2,3,1.59,1.16,1.05,1.13,,,,,,,1,,civalaa01
595,Shane McClanahan,24,TBR,AL,25,25,0,123.1,15,1,14,0,0,1.000,,,2,3,1.09,1.16,0.60,1.13,,,,,,,1,ROY-7,mcclash01
596,Kyle Freeland,28,COL,NL,24,23,0,121.2,15,5,10,0,3,1.000,0,0,-3,-5,1.11,1.49,0.63,1.48,,,,,,,1/H9,,freelky01
597,Clayton Kershaw,33,LAD,NL,22,22,0,121.2,18,4,14,0,0,1.000,,,1,2,1.33,1.49,0.82,1.45,,,,,,,1/H,,kershcl01
598,Jorge López,28,BAL,AL,33,25,0,121.2,18,8,10,0,0,1.000,,,-2,-3,1.33,1.16,0.55,1.13,,,,,,,1,,lopezjo02
599,Zac Gallen,25,ARI,NL,23,23,1,121.1,16,4,11,1,0,.938,,,2,3,1.11,1.49,0.65,1.45,,,,,,,1,,galleza01
600,Albert Almora,27,NYM,NL,36,11,6,121.0,42,41,0,1,0,.976,3,30,0,0,3.05,2.06,1.11,1.99,,,,,,,8H/719,,almoral01
601,Triston McKenzie,23,CLE,AL,25,24,0,120.0,17,5,12,0,0,1.000,,,2,3,1.28,1.16,0.68,1.13,,,,,,,1,,mckentr01
602,Logan Gilbert,24,SEA,AL,24,24,0,119.1,14,5,9,0,0,1.000,,,-1,-2,1.06,1.16,0.58,1.13,,,,,,,1,,gilbelo01
603,James Kaprielian,27,OAK,AL,24,21,0,119.1,13,5,6,2,2,.846,,,-3,-5,0.83,1.16,0.46,1.13,,,,,,,1,,kaprija01
604,Alec Mills,29,CHC,NL,32,20,0,119.0,23,9,13,1,2,.957,,,-1,-2,1.66,1.49,0.69,1.45,,,,,,,1/H,,millsal02
605,Eric Lauer,26,MIL,NL,24,20,0,118.2,21,4,15,2,1,.905,,,4,7,1.44,1.49,0.79,1.45,,,,,,,1/H,,lauerer01
606,Dane Dunning,26,TEX,AL,27,25,0,117.2,12,5,7,0,2,1.000,,,-2,-3,0.92,1.16,0.44,1.13,,,,,,,1,,dunnida01
607,Wil Crowe,26,PIT,NL,26,25,0,116.2,15,5,10,0,1,1.000,,,1,2,1.16,1.49,0.58,1.45,,,,,,,1/H,,crowewi01
608,José Barrero,23,CIN,NL,18,13,12,116.0,55,29,24,2,13,.964,2,21,1,10,4.11,3.25,2.94,3.09,,,,,,,/68H4,,garcijo02
609,Rafael Marchán,22,PHI,NL,18,13,12,116.0,114,107,6,1,0,.991,1,10,0,0,8.77,9.46,6.28,9.15,1,7,3,3,50.0,1,2/H3,,marchra01
610,Austin Gomber,27,COL,NL,23,23,0,115.1,9,1,7,1,1,.889,,,0,0,0.62,1.49,0.35,1.45,,,,,,,1/H,,gombeau01
611,Johnny Cueto,35,SFG,NL,22,21,0,114.2,29,12,14,3,1,.897,,,1,2,2.04,1.49,1.18,1.45,,,,,,,1,,cuetojo01
612,Vladimir Gutierrez,25,CIN,NL,22,22,0,114.0,26,10,14,2,1,.923,,,-1,-2,1.89,1.49,1.09,1.45,,,,,,,1,ROY-8,gutievl01
613,Martín Pérez,30,BOS,AL,36,22,0,114.0,17,3,14,0,2,1.000,,,1,2,1.34,1.16,0.47,1.13,,,,,,,1,,perezma02
614,Caleb Smith,29,ARI,NL,45,13,0,113.2,13,3,8,2,0,.846,,,0,0,0.87,1.49,0.24,1.45,,,,,,,1,,smithca03
615,Delino DeShields,28,CIN,NL,20,13,9,113.0,36,35,0,1,0,.972,0,2,0,0,2.79,2.06,1.75,2.00,,,,,,,8/H7D,,deshide02
616,Alek Manoah,23,TOR,AL,20,20,0,111.2,10,6,3,1,0,.900,,,1,2,0.73,1.16,0.45,1.13,,,,,,,1,ROY-8,manoaal01
617,John Gant,28,2TM,2LG,39,21,0,110.0,22,4,16,2,3,.909,,,2,4,1.64,1.38,0.51,1.34,,,,,,,1,,gantjo01
617,John Gant,28,STL,NL,25,14,0,76.1,18,4,13,1,3,.944,,,3,8,2.00,1.49,0.68,1.45,,,,,,,1,,gantjo01
617,John Gant,28,MIN,AL,14,7,0,33.2,4,0,3,1,0,.750,,,-1,-6,0.80,1.15,0.21,1.13,,,,,,,1,,gantjo01
618,Paolo Espino,34,WSN,NL,35,19,0,109.2,20,9,11,0,0,1.000,,,1,2,1.64,1.49,0.57,1.45,,,,,,,1,,espinpa01
619,Edwin Ríos,27,LAD,NL,17,11,9,109.2,68,52,15,1,3,.985,3,34,-1,-11,5.50,5.44,3.72,5.57,,,,,,,3H/59D,,riosed01
620,Michael Pineda,32,MIN,AL,22,21,0,109.1,14,2,11,1,1,.929,,,1,2,1.07,1.16,0.59,1.13,,,,,,,1,,pinedmi01
621,Chris Paddack,25,SDP,NL,23,22,0,108.1,19,8,10,1,0,.947,,,-1,-2,1.50,1.49,0.78,1.45,,,,,,,1/H,,paddach01
622,Johneshwy Fargas,26,2TM,NL,16,13,10,108.1,24,23,1,0,1,1.000,-1,-6,1,11,1.99,2.06,1.50,2.00,,,,,,,8/H79,,fargajo01
622,Johneshwy Fargas,26,NYM,NL,7,7,5,55.1,14,14,0,0,0,1.000,1,15,2,43,2.28,2.07,2.00,2.00,,,,,,,/8,,fargajo01
622,Johneshwy Fargas,26,CHC,NL,9,6,5,53.0,10,9,1,0,1,1.000,-1,-27,-1,-23,1.70,2.05,1.11,2.00,,,,,,,/H879,,fargajo01
623,Joe Ross,28,WSN,NL,20,19,0,108.0,18,4,14,0,2,1.000,,,1,2,1.50,1.49,0.90,1.45,,,,,,,1/H,,rossjo01
624,Trevor Bauer,30,LAD,NL,17,17,1,107.2,10,3,6,1,0,.900,,,-2,-4,0.75,1.49,0.53,1.45,,,,,,,1,,bauertr01
625,José Urquidy,26,HOU,AL,20,20,0,107.0,12,6,6,0,0,1.000,,,-1,-2,1.01,1.16,0.60,1.13,,,,,,,1,,urquijo01
626,Kwang Hyun Kim,32,STL,NL,27,21,0,106.2,21,6,14,1,0,.952,,,4,8,1.69,1.49,0.74,1.45,,,,,,,1,,kimkw01
627,Tyler Alexander,26,DET,AL,41,15,0,106.1,8,2,6,0,0,1.000,,,-1,-2,0.68,1.16,0.20,1.13,,,,,,,1,,alexaty01
628,Kenta Maeda,33,MIN,AL,21,21,0,106.1,17,6,10,1,2,.941,,,0,0,1.35,1.16,0.76,1.13,,,,,,,1/HD,,maedake01
629,Sebastián Rivero,22,KCR,AL,17,9,8,106.0,103,95,8,0,0,1.000,-1,-11,0,0,8.75,9.35,6.06,9.13,2,9,5,2,28.6,0,2,,riverse01
630,Ranger Suarez,25,PHI,NL,39,12,1,106.0,35,10,24,1,1,.971,,,6,11,2.89,1.49,0.87,1.45,,,,,,,1,,suarera01
631,Zach Eflin,27,PHI,NL,18,18,0,105.2,24,7,16,1,4,.958,,,2,4,1.96,1.49,1.28,1.45,,,,,,,1,,eflinza01
632,Greg Allen,28,NYY,AL,14,11,8,105.0,28,28,0,0,0,1.000,2,23,0,0,2.40,2.16,2.00,2.10,,,,,,,/978H,,allengr01
633,Jake Odorizzi,31,HOU,AL,24,23,0,104.2,23,7,15,1,1,.957,,,3,6,1.89,1.16,0.92,1.13,,,,,,,1,,odorija01
634,Josh Fleming,25,TBR,AL,26,11,0,104.1,30,10,20,0,0,1.000,,,3,6,2.59,1.16,1.15,1.13,,,,,,,1,,flemijo01
635,Taylor Hearn,26,TEX,AL,42,11,0,104.1,9,1,7,1,0,.889,,,-1,-2,0.69,1.16,0.19,1.13,,,,,,,1,,hearnta01
636,Pablo López,25,MIA,NL,20,20,0,102.2,13,4,9,0,1,1.000,,,0,0,1.14,1.49,0.65,1.45,,,,,,,1/H,,lopezpa01
637,Jose Siri,25,HOU,AL,15,11,7,102.2,14,12,2,0,0,1.000,-2,-26,0,0,1.23,2.16,0.93,2.10,,,,,,,/9H87D,,sirijo01
638,Henry Ramos,29,ARI,NL,12,11,10,102.0,30,28,0,2,0,.933,-3,-39,-3,-35,2.47,2.06,2.33,2.00,,,,,,,/9H7,,ramoshe01
639,Chi Chi González,29,COL,NL,24,18,0,101.2,26,13,12,1,2,.962,,,3,6,2.21,1.49,1.04,1.45,,,,,,,1,,gonzach01
640,Cristian Javier,24,HOU,AL,36,9,0,101.1,5,4,1,0,0,1.000,,,0,0,0.44,1.16,0.14,1.13,,,,,,,1,,javiecr01
641,Ross Stripling,31,TOR,AL,24,19,0,101.1,10,2,8,0,0,1.000,,,1,2,0.89,1.16,0.42,1.13,,,,,,,1,,stripro01
642,Mitch Keller,25,PIT,NL,23,23,0,100.2,14,4,10,0,1,1.000,,,1,2,1.25,1.49,0.61,1.45,,,,,,,1/H,,kellemi03
643,José Ureña,29,DET,AL,26,18,0,100.2,16,10,5,1,1,.938,,,1,2,1.34,1.16,0.58,1.13,,,,,,,1,,urenajo01
644,Jake Arrieta,35,2TM,NL,24,24,0,98.2,13,3,6,4,0,.692,,,-3,-6,0.82,1.49,0.38,1.45,,,,,,,1/H,,arrieja01
644,Jake Arrieta,35,CHC,NL,20,20,0,86.1,11,3,5,3,0,.727,,,-3,-7,0.83,1.49,0.40,1.45,,,,,,,1/H,,arrieja01
644,Jake Arrieta,35,SDP,NL,4,4,0,12.1,2,0,1,1,0,.500,,,0,0,0.73,1.46,0.25,1.45,,,,,,,/1,,arrieja01
645,Domingo Germán,28,NYY,AL,22,18,0,98.1,10,2,6,2,0,.800,,,-3,-6,0.73,1.16,0.36,1.13,,,,,,,1,,germado01
646,José Suarez,23,LAA,AL,23,14,1,98.1,12,6,5,1,0,.917,,,-1,-2,1.01,1.16,0.48,1.13,,,,,,,1,,suarejo01
647,Drew Butera,37,LAA,AL,12,12,10,98.0,101,99,2,0,0,1.000,1,12,-2,-24,9.28,9.35,8.42,9.13,3,3,1,1,50.0,0,2,,buterdr01
648,Shane Bieber,26,CLE,AL,16,16,0,96.2,12,4,8,0,0,1.000,,,2,4,1.12,1.16,0.75,1.13,,,,,,,1,AS,biebesh01
649,Brett Anderson,33,MIL,NL,24,24,0,96.0,16,1,13,2,1,.875,,,-1,-2,1.31,1.49,0.58,1.45,,,,,,,1,,anderbr04
650,Alfonso Rivas III,24,CHC,NL,14,11,8,96.0,42,40,1,1,5,.976,-1,-6,-1,-13,3.84,3.90,2.73,4.05,,,,,,,/H379,,rivasal01
651,José Rondón,27,STL,NL,17,8,4,96.0,28,18,9,1,2,.964,0,1,-1,-13,2.53,2.57,1.42,2.71,,,,,,,H/5947D3,,rondojo02
652,Jesús Luzardo,23,2TM,2LG,25,18,0,95.1,17,6,11,0,0,1.000,,,4,8,1.60,1.36,0.68,1.28,,,,,,,1,,luzarje01
652,Jesús Luzardo,23,OAK,AL,13,6,0,38.0,6,2,4,0,0,1.000,,,2,11,1.42,1.16,0.46,1.13,,,,,,,1,,luzarje01
652,Jesús Luzardo,23,MIA,NL,12,12,0,57.1,11,4,7,0,0,1.000,,,2,7,1.73,1.49,0.92,1.45,,,,,,,1,,luzarje01
653,Keegan Akin,26,BAL,AL,24,17,0,95.0,6,0,6,0,1,1.000,,,0,0,0.57,1.16,0.25,1.13,,,,,,,1,,akinke01
654,Dustin Fowler,26,PIT,NL,13,12,10,95.0,26,26,0,0,0,1.000,0,3,-1,-13,2.46,2.06,2.00,2.00,,,,,,,8/H9,,fowledu01
655,José Godoy,26,SEA,AL,14,11,8,95.0,103,97,4,2,0,.981,-1,-13,1,13,9.57,9.35,7.21,9.13,0,4,6,0,0.0,0,2/DH,,godoyjo01
656,Ryan Weathers,21,SDP,NL,30,18,0,94.2,24,4,18,2,0,.917,,,3,6,2.09,1.49,0.73,1.45,,,,,,,1/H,,weathry01
657,Vince Velasquez,29,2TM,NL,25,21,0,94.1,6,3,3,0,0,1.000,,,-1,-2,0.57,1.49,0.24,1.45,,,,,,,1/H,,velasvi01
657,Vince Velasquez,29,PHI,NL,21,17,0,81.2,6,3,3,0,0,1.000,,,-1,-2,0.66,1.49,0.29,1.45,,,,,,,1/H,,velasvi01
657,Vince Velasquez,29,SDP,NL,4,4,0,12.2,0,0,0,0,0,,,,0,0,0.00,1.49,0.00,1.45,,,,,,,/1,,velasvi01
658,José Devers,21,MIA,NL,16,11,8,93.2,33,10,22,1,3,.970,-1,-10,-3,-38,3.07,4.04,1.78,3.93,,,,,,,4/H6,,deverjo01
659,Wily Peralta,32,DET,AL,19,18,0,93.2,11,5,4,2,0,.818,,,-1,-2,0.86,1.16,0.47,1.13,,,,,,,1,,peralwi01
660,Alex Cobb,33,LAA,AL,18,18,0,93.1,25,10,14,1,0,.960,,,2,4,2.31,1.16,1.33,1.13,,,,,,,1,,cobbal01
661,Nestor Cortes,26,NYY,AL,22,14,0,93.0,7,3,4,0,1,1.000,,,-1,-2,0.68,1.16,0.32,1.13,,,,,,,1/H,,cortene01
662,Bailey Ober,25,MIN,AL,20,20,0,92.1,10,3,7,0,1,1.000,,,2,4,0.97,1.16,0.50,1.13,,,,,,,1,,oberba01
663,Jacob deGrom,33,NYM,NL,15,15,1,92.0,13,6,7,0,0,1.000,,,0,0,1.27,1.49,0.87,1.45,,,,,,,1,ASCYA-9,degroja01
664,Joshua Palacios,25,TOR,AL,12,11,7,91.2,15,14,1,0,0,1.000,1,8,0,0,1.47,2.16,1.25,2.10,,,,,,,/978DH,,palacjo01
665,Mason Williams,29,NYM,NL,16,10,7,91.1,25,25,0,0,0,1.000,-2,-20,1,13,2.46,2.06,1.56,2.00,,,,,,,8/H7,,willima10
666,Vimael Machín,27,OAK,AL,13,11,7,91.0,31,8,21,2,5,.935,-1,-13,0,0,2.87,3.75,2.07,3.55,,,,,,,/645H,,machivi01
667,Brian O'Grady,29,SDP,NL,16,9,7,91.0,24,23,1,0,0,1.000,1,12,2,26,2.37,2.21,1.41,2.36,,,,,,,H9/783,,ogradbr01
668,Huascar Ynoa,23,ATL,NL,18,17,0,91.0,16,5,11,0,1,1.000,,,1,2,1.58,1.49,0.89,1.45,,,,,,,1,,ynoahu01
669,Trevor Williams,29,2TM,NL,23,15,0,91.0,18,11,7,0,1,1.000,,,0,0,1.78,1.48,0.78,1.45,,,,,,,1,,willitr01
669,Trevor Williams,29,CHC,NL,13,12,0,58.2,8,4,4,0,0,1.000,,,1,3,1.23,1.49,0.62,1.45,,,,,,,1,,willitr01
669,Trevor Williams,29,NYM,NL,10,3,0,32.1,10,7,3,0,1,1.000,,,-1,-6,2.78,1.48,1.00,1.45,,,,,,,1,,willitr01
670,Dylan Bundy,28,LAA,AL,23,19,0,90.2,9,3,6,0,0,1.000,,,0,0,0.89,1.16,0.39,1.13,,,,,,,1/H,,bundydy01
671,Tylor Megill,25,NYM,NL,18,18,1,89.2,11,6,5,0,0,1.000,,,-1,-2,1.10,1.50,0.61,1.45,,,,,,,1,,megilty01
672,Eli Morgan,25,CLE,AL,18,18,0,89.1,12,1,11,0,2,1.000,,,1,2,1.21,1.16,0.67,1.13,,,,,,,1,,morgael01
673,Chris Gittens,27,NYY,AL,13,10,7,89.0,83,79,4,0,4,1.000,0,3,1,13,8.39,8.20,6.38,8.01,,,,,,,3/H,,gittech01
674,Nick Heath,27,ARI,NL,18,9,6,89.0,21,21,0,0,0,1.000,2,26,1,13,2.12,2.06,1.17,2.00,,,,,,,8/H,,heathni01
675,Kevin Smith,24,TOR,AL,15,10,4,89.0,22,6,15,1,4,.955,1,16,0,0,2.12,3.00,1.31,2.97,,,,,,,5/H37D,,smithke05
676,Craig Stammen,37,SDP,NL,67,4,0,88.1,16,7,9,0,2,1.000,,,-3,-7,1.63,1.49,0.24,1.45,,,,,,,1,,stammcr01
677,Tyler Glasnow,27,TBR,AL,14,14,0,88.0,9,6,3,0,0,1.000,,,-1,-2,0.92,1.16,0.64,1.13,,,,,,,1,,glasnty01
678,Jared Oliva,25,PIT,NL,18,9,7,88.0,25,25,0,0,0,1.000,-1,-19,-1,-14,2.56,2.06,1.39,2.00,,,,,,,9/H78,,olivaja01
679,Matt Joyce,36,PHI,NL,17,9,5,87.2,21,21,0,0,0,1.000,1,18,0,0,2.16,2.06,1.24,2.00,,,,,,,H/79,,joycema01
680,Patrick Sandoval,24,LAA,AL,17,14,0,87.0,10,3,7,0,0,1.000,,,0,0,1.03,1.16,0.59,1.13,,,,,,,1,,sandopa02
681,Matt Peacock,27,ARI,NL,35,8,0,86.1,27,14,13,0,0,1.000,,,0,0,2.81,1.49,0.77,1.45,,,,,,,1,,peacoma01
682,Bryan Holaday,33,ARI,NL,10,10,8,86.0,79,76,2,1,0,.987,0,0,-1,-14,8.16,9.38,7.09,8.51,0,5,5,2,28.6,0,2/H1,,holadbr01
683,Carlos Hernández,24,KCR,AL,24,11,0,85.2,13,4,8,1,2,.923,,,0,0,1.26,1.16,0.50,1.13,,,,,,,1,,hernaca04
684,Matt Manning,23,DET,AL,18,18,0,85.1,19,10,9,0,1,1.000,,,2,5,2.00,1.16,1.06,1.13,,,,,,,1,,mannima02
685,Wyatt Mathisen,27,ARI,NL,16,8,5,84.2,67,58,9,0,3,1.000,-1,-9,1,14,7.12,7.14,3.35,6.06,,,,,,,3H/571,,mathiwy01
686,Jay Bruce,34,NYY,AL,10,10,7,84.0,57,55,2,0,5,1.000,-1,-7,-1,-14,6.11,8.20,5.70,8.01,,,,,,,3,,bruceja01
687,Chad Green,30,NYY,AL,67,0,0,83.2,5,1,4,0,0,1.000,,,1,2,0.54,1.16,0.07,1.13,,,,,,,1,,greench03
688,Carlos Martínez,29,STL,NL,16,16,0,82.1,20,10,9,1,0,.950,,,-2,-5,2.08,1.49,1.19,1.45,,,,,,,1,,martica04
689,Griffin Jax,26,MIN,AL,18,14,0,82.0,4,0,2,2,0,.500,,,-3,-7,0.22,1.16,0.11,1.13,,,,,,,1,,jaxgr01
690,Garrett Stubbs,28,HOU,AL,16,7,6,82.0,79,77,2,0,0,1.000,1,18,0,0,8.67,9.09,4.94,8.25,1,4,0,3,100.0,0,2/H7,,stubbga01
691,Alan Trejo,25,COL,NL,18,8,6,82.0,35,11,22,2,5,.943,0,-4,1,15,3.62,4.03,1.74,3.88,,,,,,,H4/6,,trejoal01
692,Nabil Crismatt,26,SDP,NL,45,0,0,81.1,13,5,7,1,0,.923,,,-2,-5,1.33,1.49,0.27,1.45,,,,,,,1,,crismna01
693,Chris Owings,29,COL,NL,11,10,6,81.1,30,17,13,0,5,1.000,-4,-55,0,0,3.32,2.94,2.50,2.68,,,,,,,/H479568D,,owingch01
694,Geraldo Perdomo,21,ARI,NL,10,9,8,81.1,41,14,26,1,4,.976,1,13,1,15,4.43,3.85,4.00,3.74,,,,,,,6/H,,perdoge01
695,Tyler Rogers,30,SFG,NL,80,0,0,81.0,26,9,17,0,4,1.000,,,-4,-10,2.89,1.49,0.33,1.45,,,,,,,1,,rogerty01
696,Giovanny Gallegos,29,STL,NL,73,0,0,80.1,13,4,8,1,1,.923,,,1,2,1.34,1.49,0.16,1.45,,,,,,,1,,gallegi01
697,Chad Kuhl,28,PIT,NL,28,14,0,80.1,12,3,8,1,4,.917,,,0,0,1.23,1.49,0.39,1.45,,,,,,,1,,kuhlch01
698,Adrián Sanchez,30,WSN,NL,12,8,8,80.1,47,15,32,0,5,1.000,3,43,3,45,5.27,3.89,3.92,3.59,,,,,,,/4H59,,sanchad01
699,Justus Sheffield,25,SEA,AL,21,15,0,80.1,17,5,11,1,2,.941,,,-1,-2,1.79,1.15,0.76,1.13,,,,,,,1,,sheffju01
700,Corey Kluber,35,NYY,AL,16,16,1,80.0,10,4,5,1,0,.900,,,-3,-8,1.01,1.16,0.56,1.13,,,,,,,1,,klubeco01
701,Chris Stratton,30,PIT,NL,68,0,0,79.1,8,6,2,0,0,1.000,,,0,0,0.91,1.49,0.12,1.45,,,,,,,1,,stratch01
702,Matthew Boyd,30,DET,AL,15,15,0,78.2,13,4,9,0,1,1.000,,,1,3,1.49,1.16,0.87,1.13,,,,,,,1,,boydma01
703,Jack Flaherty,25,STL,NL,17,15,0,78.1,14,7,6,1,0,.929,,,3,8,1.49,1.49,0.76,1.45,,,,,,,1,,flaheja01
704,Yusmeiro Petit,36,OAK,AL,78,0,0,78.0,9,3,6,0,0,1.000,,,-1,-3,1.04,1.17,0.12,1.13,,,,,,,1,,petityu01
705,Cameron Maybin,34,NYM,NL,9,9,5,77.2,13,13,0,0,0,1.000,0,-5,1,15,1.51,2.06,1.44,2.00,,,,,,,/879,,maybica01
706,Luis Patiño,21,TBR,AL,19,15,0,77.1,7,0,5,2,0,.714,,,0,0,0.58,1.16,0.26,1.13,,,,,,,1,,patinlu01
707,Bryan Shaw,33,CLE,AL,81,0,0,77.1,13,5,7,1,0,.923,,,0,0,1.40,1.16,0.15,1.13,,,,,,,1,,shawbr01
708,Franmil Reyes,25,CLE,AL,11,11,4,76.0,16,14,2,0,0,1.000,0,2,-1,-16,1.89,2.16,1.45,2.10,,,,,,,D9/H,,reyesfr01
709,Drew Rasmussen,25,2TM,2LG,35,10,0,76.0,9,4,5,0,0,1.000,,,0,0,1.07,1.23,0.26,1.27,,,,,,,1,,rasmudr01
709,Drew Rasmussen,25,MIL,NL,15,0,0,17.0,3,1,2,0,0,1.000,,,0,0,1.59,1.48,0.20,1.45,,,,,,,1,,rasmudr01
709,Drew Rasmussen,25,TBR,AL,20,10,0,59.0,6,3,3,0,0,1.000,,,0,0,0.92,1.16,0.30,1.13,,,,,,,1,,rasmudr01
710,Tucupita Marcano,21,SDP,NL,13,9,3,75.2,23,8,14,1,3,.957,1,17,1,16,2.62,3.21,1.38,3.04,,,,,,,H/4795,,marcatu01
711,Scott Schebler,30,LAA,AL,11,8,7,75.2,21,21,0,0,0,1.000,-1,-11,0,0,2.50,2.16,1.91,2.10,,,,,,,/89H7,,schebsc01
712,Luis Campusano,22,SDP,NL,9,9,6,75.0,86,85,1,0,0,1.000,0,0,-1,-16,10.32,9.47,9.56,9.21,1,2,4,0,0.0,0,/2H,,campulu01
713,Mike Mayers,29,LAA,AL,72,2,0,75.0,7,3,4,0,0,1.000,,,-1,-3,0.84,1.16,0.10,1.13,,,,,,,1,,mayermi01
714,Zach Thompson,27,MIA,NL,26,14,0,75.0,13,2,10,1,2,.923,,,1,3,1.44,1.49,0.46,1.45,,,,,,,1/H,,thompza01
715,Scott Barlow,28,KCR,AL,71,0,0,74.1,7,1,6,0,0,1.000,,,0,0,0.85,1.16,0.10,1.13,,,,,,,1,,barlosc01
716,Hector Neris,32,PHI,NL,74,0,0,74.1,10,5,5,0,0,1.000,,,0,0,1.21,1.49,0.14,1.45,,,,,,,1,,nerishe01
717,TJ Friedl,25,CIN,NL,11,8,6,74.0,15,12,1,2,0,.867,-2,-32,-2,-32,1.58,2.06,1.18,2.00,,,,,,,/87H,,friedtj01
718,Bryse Wilson,23,2TM,NL,16,16,0,74.0,15,5,7,3,0,.800,,,0,0,1.46,1.50,0.75,1.45,,,,,,,1,,wilsobr02
718,Bryse Wilson,23,ATL,NL,8,8,0,33.2,9,3,4,2,0,.778,,,0,0,1.87,1.50,0.88,1.45,,,,,,,/1,,wilsobr02
718,Bryse Wilson,23,PIT,NL,8,8,0,40.1,6,2,3,1,0,.833,,,0,0,1.12,1.50,0.63,1.45,,,,,,,/1,,wilsobr02
719,David Price,35,LAD,NL,39,11,0,73.2,13,3,9,1,0,.923,,,1,3,1.47,1.49,0.31,1.45,,,,,,,1,,priceda01
720,Lou Trivino,29,OAK,AL,71,0,0,73.2,10,5,5,0,2,1.000,,,0,0,1.22,1.16,0.14,1.13,,,,,,,1,,trivilo01
721,Luke Maile,30,MIL,NL,13,7,6,73.1,87,82,5,0,0,1.000,1,16,0,0,10.68,9.36,6.69,8.62,0,2,3,2,40.0,0,2/H1,,mailelu01
722,Brent Suter,31,MIL,NL,61,1,0,73.1,16,7,9,0,0,1.000,,,1,3,1.96,1.49,0.26,1.45,,,,,,,1,,suterbr01
723,Garrett Whitlock,25,BOS,AL,46,0,0,73.1,8,3,5,0,0,1.000,,,0,0,0.98,1.15,0.17,1.13,,,,,,,1,,whitlga01
724,Jeff Hoffman,28,CIN,NL,31,11,0,73.0,12,4,5,3,2,.750,,,-2,-5,1.11,1.49,0.29,1.45,,,,,,,1/H,,hoffmje02
725,Matt Moore,32,PHI,NL,24,13,0,73.0,13,4,8,1,0,.923,,,0,0,1.48,1.49,0.50,1.45,,,,,,,1,,moorema02
726,Duane Underwood Jr.,26,PIT,NL,43,0,0,72.2,8,3,4,1,1,.875,,,-2,-6,0.87,1.49,0.16,1.45,,,,,,,1,,underdu01
727,Lucas Luetge,34,NYY,AL,57,1,0,72.1,8,3,5,0,1,1.000,,,0,0,1.00,1.16,0.14,1.13,,,,,,,1,,luetglu01
728,Alex Reyes,26,STL,NL,69,0,0,72.1,13,4,7,2,1,.846,,,0,0,1.37,1.49,0.16,1.45,,,,,,,1,AS,reyesal02
729,Blake Treinen,33,LAD,NL,72,0,0,72.1,15,3,12,0,0,1.000,,,1,3,1.87,1.49,0.21,1.45,,,,,,,1,,treinbl01
730,Michael Hermosillo,26,CHC,NL,12,7,6,72.0,22,22,0,0,0,1.000,2,35,1,17,2.75,2.06,1.83,2.00,,,,,,,/H987,,hermomi01
731,Trayce Thompson,30,CHC,NL,13,8,8,72.0,20,20,0,0,0,1.000,-1,-13,1,17,2.50,2.06,1.54,2.00,,,,,,,/98H7,,thomptr01
732,Andrew Kittredge,31,TBR,AL,57,4,0,71.2,6,3,2,1,0,.833,,,-1,-3,0.63,1.16,0.09,1.13,,,,,,,1,AS,kittran01
733,Adam Cimber,30,2TM,2LG,72,0,0,71.2,17,3,12,2,0,.882,,,2,6,1.88,1.32,0.21,1.28,,,,,,,1,,cimbead01
733,Adam Cimber,30,MIA,NL,33,0,0,34.1,9,2,7,0,0,1.000,,,3,17,2.36,1.49,0.27,1.45,,,,,,,1,,cimbead01
733,Adam Cimber,30,TOR,AL,39,0,0,37.1,8,1,5,2,0,.750,,,-1,-5,1.45,1.16,0.15,1.13,,,,,,,1,,cimbead01
734,Liam Hendriks,32,CHW,AL,69,0,0,71.0,5,4,1,0,0,1.000,,,-1,-3,0.63,1.17,0.07,1.13,,,,,,,1,ASCYA-8,hendrli01
735,Ryan Lavarnway,33,CLE,AL,8,8,8,70.2,79,76,0,3,0,.962,0,0,0,0,9.68,9.35,9.50,9.13,0,2,1,0,0.0,0,/2H,,lavarry01
736,Jonathan Loáisiga,26,NYY,AL,57,0,0,70.2,16,4,11,1,0,.938,,,1,3,1.91,1.16,0.26,1.13,,,,,,,1,,loaisjo01
737,Josiah Gray,23,2TM,NL,14,13,0,70.2,9,3,6,0,2,1.000,,,1,3,1.15,1.49,0.64,1.45,,,,,,,1,,grayjo03
737,Josiah Gray,23,LAD,NL,2,1,0,8.0,1,0,1,0,0,1.000,,,0,0,1.13,1.46,0.50,1.45,,,,,,,/1,,grayjo03
737,Josiah Gray,23,WSN,NL,12,12,0,62.2,8,3,5,0,2,1.000,,,1,3,1.15,1.49,0.67,1.45,,,,,,,1,,grayjo03
738,Miguel Castro,26,NYM,NL,69,2,0,70.1,17,8,8,1,0,.941,,,-2,-6,2.05,1.48,0.23,1.45,,,,,,,1,,castrmi01
739,Tyler Kinley,30,COL,NL,70,0,0,70.1,10,6,4,0,0,1.000,,,1,3,1.28,1.48,0.14,1.45,,,,,,,1,,kinlety01
740,Taylor Widener,26,ARI,NL,23,13,0,70.1,13,6,7,0,1,1.000,,,1,3,1.66,1.48,0.57,1.45,,,,,,,1,,widenta01
741,Génesis Cabrera,24,STL,NL,71,0,0,70.0,10,6,4,0,1,1.000,,,-1,-3,1.29,1.49,0.14,1.45,,,,,,,1,,cabrege01
742,Raisel Iglesias,31,LAA,AL,65,0,0,70.0,13,6,6,1,0,.923,,,0,0,1.54,1.16,0.18,1.13,,,,,,,1,CYA-11,iglesra01
743,Clay Holmes,28,2TM,2LG,69,0,0,70.0,18,7,11,0,0,1.000,,,2,6,2.31,1.36,0.26,1.33,,,,,,,1,,holmecl01
743,Clay Holmes,28,PIT,NL,44,0,0,42.0,12,5,7,0,0,1.000,,,1,5,2.57,1.50,0.27,1.45,,,,,,,1,,holmecl01
743,Clay Holmes,28,NYY,AL,25,0,0,28.0,6,2,4,0,0,1.000,,,1,7,1.93,1.16,0.24,1.13,,,,,,,1,,holmecl01
744,Emmanuel Clase,23,CLE,AL,71,0,0,69.2,19,9,9,1,1,.947,,,0,0,2.33,1.16,0.25,1.13,,,,,,,1,ROY-5,claseem01
745,Michael Fulmer,28,DET,AL,52,4,0,69.2,9,5,3,1,0,.889,,,-2,-6,1.03,1.16,0.15,1.13,,,,,,,1,,fulmemi01
746,Michael Kopech,25,CHW,AL,44,4,0,69.1,2,1,1,0,0,1.000,,,-3,-9,0.26,1.16,0.05,1.13,,,,,,,1,,kopecmi01
747,Tanner Houck,25,BOS,AL,18,13,0,69.0,8,1,7,0,0,1.000,,,-1,-3,1.04,1.16,0.44,1.13,,,,,,,1,,houckta01
748,Kenley Jansen,33,LAD,NL,69,0,0,69.0,6,4,2,0,0,1.000,,,-2,-6,0.78,1.49,0.09,1.45,,,,,,,1,,janseke01
749,Hansel Robles,30,2TM,AL,72,0,0,69.0,10,4,5,1,0,.900,,,0,0,1.17,1.16,0.13,1.13,,,,,,,1,,robleha01
749,Hansel Robles,30,MIN,AL,45,0,0,44.0,6,2,4,0,0,1.000,,,0,0,1.23,1.17,0.13,1.13,,,,,,,1,,robleha01
749,Hansel Robles,30,BOS,AL,27,0,0,25.0,4,2,1,1,0,.750,,,0,0,1.08,1.15,0.11,1.13,,,,,,,1,,robleha01
750,Jarlín García,28,SFG,NL,58,0,0,68.2,14,3,11,0,0,1.000,,,3,9,1.83,1.49,0.24,1.45,,,,,,,1,,garcija04
751,Sam Hentges,24,CLE,AL,30,12,0,68.2,10,0,10,0,0,1.000,,,0,0,1.31,1.17,0.33,1.13,,,,,,,1,,hentgsa01
752,Andrew Chafin,31,2TM,2LG,71,0,0,68.2,15,6,8,1,1,.933,,,0,0,1.83,1.35,0.20,1.32,,,,,,,1,,chafian01
752,Andrew Chafin,31,CHC,NL,43,0,0,39.1,11,6,4,1,1,.909,,,0,0,2.29,1.49,0.23,1.45,,,,,,,1,,chafian01
752,Andrew Chafin,31,OAK,AL,28,0,0,29.1,4,0,4,0,0,1.000,,,0,0,1.23,1.17,0.14,1.13,,,,,,,1,,chafian01
753,Steve Cishek,35,LAA,AL,74,0,0,68.1,12,3,8,1,1,.917,,,0,0,1.45,1.16,0.15,1.13,,,,,,,1,,cishest01
754,Kyle Funkhouser,27,DET,AL,57,2,0,68.1,13,5,7,1,0,.923,,,2,6,1.58,1.16,0.21,1.13,,,,,,,1,,funkhky01
755,Ryne Stanek,29,HOU,AL,72,0,0,68.1,6,2,4,0,2,1.000,,,0,0,0.79,1.16,0.08,1.13,,,,,,,1,,stanery01
756,Daniel Lynch IV,24,KCR,AL,15,15,0,68.0,5,1,4,0,1,1.000,,,-1,-3,0.66,1.16,0.33,1.13,,,,,,,1,,lynchda02
757,Will Smith,31,ATL,NL,71,0,0,68.0,6,2,4,0,1,1.000,,,1,3,0.79,1.50,0.08,1.45,,,,,,,1,,smithwi04
758,Drew Steckenrider,30,SEA,AL,62,0,0,67.2,7,6,1,0,0,1.000,,,-3,-9,0.93,1.16,0.11,1.13,,,,,,,1,,steckdr01
759,Dillon Tate,27,BAL,AL,62,0,0,67.2,20,5,14,1,1,.950,,,1,3,2.53,1.16,0.31,1.13,,,,,,,1,,tatedi01
760,Jake Woodford,24,STL,NL,26,8,0,67.2,13,3,9,1,1,.923,,,1,3,1.60,1.49,0.46,1.45,,,,,,,1,,woodfja01
761,Mickey Moniak,23,PHI,NL,15,7,2,67.1,15,15,0,0,0,1.000,0,-7,0,0,2.00,2.06,1.00,2.00,,,,,,,/8H79,,moniami01
762,Riley Smith,26,ARI,NL,24,6,0,67.1,15,6,9,0,0,1.000,,,3,9,2.00,1.48,0.63,1.45,,,,,,,1,,smithri01
763,Codi Heuer,24,2TM,2LG,65,0,0,67.1,9,3,6,0,0,1.000,,,0,0,1.20,1.31,0.14,1.25,,,,,,,1,,heuerco01
763,Codi Heuer,24,CHW,AL,40,0,0,38.2,5,2,3,0,0,1.000,,,0,0,1.16,1.16,0.13,1.13,,,,,,,1,,heuerco01
763,Codi Heuer,24,CHC,NL,25,0,0,28.2,4,1,3,0,0,1.000,,,0,0,1.26,1.51,0.16,1.45,,,,,,,1,,heuerco01
764,Renato Núñez,27,DET,AL,8,8,5,67.0,77,72,5,0,8,1.000,-1,-14,0,0,10.34,8.19,9.63,8.01,,,,,,,/3D,,nunezre01
765,Steven Souza Jr.,32,LAD,NL,12,8,4,67.0,9,9,0,0,0,1.000,0,5,1,18,1.21,2.06,0.75,2.00,,,,,,,/9H7,,souzast01
766,David Peterson,25,NYM,NL,15,15,0,66.2,13,5,8,0,1,1.000,,,0,0,1.76,1.49,0.87,1.45,,,,,,,1/H,,peterda01
767,Phil Maton,28,2TM,AL,65,1,0,66.2,13,4,8,1,0,.923,,,0,0,1.62,1.16,0.18,1.13,,,,,,,1,,matonph01
767,Phil Maton,28,CLE,AL,38,1,0,41.1,12,4,7,1,0,.917,,,1,5,2.40,1.15,0.29,1.13,,,,,,,1,,matonph01
767,Phil Maton,28,HOU,AL,27,0,0,25.1,1,0,1,0,0,1.000,,,-1,-8,0.36,1.17,0.04,1.13,,,,,,,1,,matonph01
768,Kyle Finnegan,29,WSN,NL,68,0,0,66.0,11,5,6,0,0,1.000,,,0,0,1.50,1.49,0.16,1.45,,,,,,,1,,finneky01
769,Daniel Bard,36,COL,NL,67,0,0,65.2,4,1,2,1,0,.750,,,-1,-3,0.41,1.49,0.04,1.45,,,,,,,1,,bardda01
770,Deolis Guerra,32,OAK,AL,53,0,0,65.2,8,3,4,1,1,.875,,,-3,-9,0.96,1.16,0.13,1.13,,,,,,,1,,guerrde01
771,Josh Staumont,27,KCR,AL,64,0,0,65.2,5,2,2,1,0,.800,,,-1,-3,0.55,1.16,0.06,1.13,,,,,,,1,,staumjo01
772,Luke Weaver,27,ARI,NL,13,13,0,65.2,7,3,3,1,0,.857,,,-1,-3,0.82,1.49,0.46,1.45,,,,,,,1,,weavelu01
773,Junior Guerra,36,LAA,AL,41,1,0,65.1,13,3,10,0,2,1.000,,,1,3,1.79,1.16,0.32,1.13,,,,,,,1/H,,guerrju02
774,Ervin Santana,38,KCR,AL,38,2,0,65.1,11,6,4,1,1,.909,,,-2,-6,1.38,1.16,0.26,1.13,,,,,,,1,,santaer01
775,Alex Colomé,32,MIN,AL,67,0,0,65.0,8,1,4,3,0,.625,,,-3,-9,0.69,1.16,0.07,1.13,,,,,,,1,,colomal01
776,Scott Heineman,28,CIN,NL,13,7,1,65.0,15,14,1,0,1,1.000,2,28,0,0,2.08,2.74,1.07,2.88,,,,,,,H/8379,,heinesc01
777,José Ruiz,26,CHW,AL,59,0,0,65.0,4,1,2,1,0,.750,,,0,0,0.42,1.16,0.05,1.13,,,,,,,1,,ruizjo01
778,José Álvarez,32,SFG,NL,67,1,0,64.2,15,2,11,2,0,.867,,,0,0,1.81,1.49,0.19,1.45,,,,,,,1,,alvarjo02
779,Brad Boxberger,33,MIL,NL,71,0,0,64.2,9,4,4,1,0,.889,,,-1,-3,1.11,1.49,0.11,1.45,,,,,,,1,,boxbebr01
780,Griffin Canning,25,LAA,AL,15,13,0,64.2,13,4,8,1,1,.923,0,0,2,6,1.67,1.20,0.80,1.19,,,,,,,1/7H,,cannigr01
781,Mark Melancon,36,SDP,NL,64,0,0,64.2,15,3,11,1,2,.933,,,2,6,1.95,1.49,0.22,1.45,,,,,,,1,AS,melanma01
782,Paul Sewald,31,SEA,AL,62,0,0,64.2,10,4,4,2,0,.800,,,-2,-6,1.11,1.16,0.13,1.13,,,,,,,1,,sewalpa01
783,Brad Hand,31,3TM,2LG,68,0,0,64.2,9,0,8,1,1,.889,,,-1,-3,1.11,1.45,0.12,1.40,,,,,,,1,,handbr01
783,Brad Hand,31,2TM,NL,57,0,0,56.0,8,0,7,1,1,.875,,,-1,-4,1.13,1.49,0.12,1.45,,,,,,,1,,handbr01
783,Brad Hand,31,WSN,NL,41,0,0,42.2,6,0,6,0,1,1.000,,,-1,-5,1.27,1.50,0.15,1.45,,,,,,,1,,handbr01
783,Brad Hand,31,NYM,NL,16,0,0,13.1,2,0,1,1,0,.500,,,0,0,0.68,1.49,0.06,1.45,,,,,,,1,,handbr01
783,Brad Hand,31,TOR,AL,11,0,0,8.2,1,0,1,0,0,1.000,,,0,0,1.04,1.14,0.09,1.13,,,,,,,1,,handbr01
784,Luis Cessa,29,2TM,2LG,53,0,0,64.2,14,7,7,0,0,1.000,,,0,0,1.95,1.29,0.26,1.28,,,,,,,1,,cessalu01
784,Luis Cessa,29,NYY,AL,29,0,0,38.1,7,4,3,0,0,1.000,,,-1,-5,1.64,1.15,0.24,1.13,,,,,,,1,,cessalu01
784,Luis Cessa,29,CIN,NL,24,0,0,26.1,7,3,4,0,0,1.000,,,1,8,2.39,1.50,0.29,1.45,,,,,,,1,,cessalu01
785,Jhoulys Chacín,33,COL,NL,46,1,0,64.1,15,6,9,0,0,1.000,,,0,0,2.10,1.48,0.33,1.45,,,,,,,1,,chacijh01
786,Nick Martini,31,CHC,NL,13,6,4,64.1,9,9,0,0,0,1.000,0,-7,-2,-37,1.26,2.06,0.69,2.00,,,,,,,H/79,,martini02
787,Bruce Zimmermann,26,BAL,AL,14,13,0,64.1,5,1,4,0,0,1.000,,,0,0,0.70,1.16,0.36,1.13,,,,,,,1,,zimmebr02
788,Richard Rodríguez,31,2TM,NL,64,0,0,64.1,1,0,1,0,0,1.000,,,-1,-3,0.14,1.48,0.02,1.45,,,,,,,1,,rodriri05
788,Richard Rodríguez,31,PIT,NL,37,0,0,38.1,0,0,0,0,0,,,,-1,-5,0.00,1.48,0.00,1.45,,,,,,,1,,rodriri05
788,Richard Rodríguez,31,ATL,NL,27,0,0,26.0,1,0,1,0,0,1.000,,,0,0,0.35,1.49,0.04,1.45,,,,,,,1,,rodriri05
789,Trevor Richards,28,3TM,2LG,53,0,0,64.1,7,1,6,0,0,1.000,,,1,3,0.98,1.26,0.13,1.22,,,,,,,1,,richatr01
789,Trevor Richards,28,2TM,AL,38,0,0,44.2,4,0,4,0,0,1.000,,,0,0,0.81,1.15,0.11,1.13,,,,,,,1,,richatr01
789,Trevor Richards,28,TBR,AL,6,0,0,12.0,0,0,0,0,0,,,,0,0,0.00,1.13,0.00,1.13,,,,,,,/1,,richatr01
789,Trevor Richards,28,MIL,NL,15,0,0,19.2,3,1,2,0,0,1.000,,,1,10,1.37,1.51,0.20,1.45,,,,,,,1,,richatr01
789,Trevor Richards,28,TOR,AL,32,0,0,32.2,4,0,4,0,0,1.000,,,0,0,1.10,1.16,0.13,1.13,,,,,,,1,,richatr01
790,Jake Brentz,26,KCR,AL,72,0,0,64.0,9,1,8,0,0,1.000,,,2,6,1.27,1.15,0.13,1.13,,,,,,,1,,brentja01
791,Dylan Floro,30,MIA,NL,68,0,0,64.0,9,6,3,0,0,1.000,,,-2,-6,1.27,1.49,0.13,1.45,,,,,,,1,,florody01
792,Collin McHugh,34,TBR,AL,37,7,0,64.0,4,1,3,0,0,1.000,,,0,0,0.56,1.15,0.11,1.13,,,,,,,1,,mchugco01
793,Ryan Pressly,32,HOU,AL,64,0,0,64.0,10,4,5,1,1,.900,,,-1,-3,1.27,1.15,0.14,1.13,,,,,,,1,AS,pressry01
794,Caleb Thielbar,34,MIN,AL,59,0,0,64.0,7,3,4,0,0,1.000,,,-1,-3,0.98,1.15,0.12,1.13,,,,,,,1,,thielca01
795,Anthony Bemboom,31,LAA,AL,8,7,7,63.2,75,72,1,2,0,.973,0,2,-1,-19,10.32,9.00,8.11,7.46,0,1,4,1,20.0,0,/217,,bemboan01
796,Estevan Florial,23,NYY,AL,11,7,6,63.2,16,16,0,0,0,1.000,-1,-17,0,0,2.26,2.16,1.45,2.10,,,,,,,8/H,,flories01
797,Luke Jackson,29,ATL,NL,71,0,0,63.2,5,2,3,0,0,1.000,,,-1,-3,0.71,1.48,0.07,1.45,,,,,,,1,,jackslu01
798,Gregory Soto,26,DET,AL,62,0,0,63.2,8,1,7,0,0,1.000,,,0,0,1.13,1.16,0.13,1.13,,,,,,,1,AS,sotogr01
799,Michael King,26,NYY,AL,22,6,0,63.1,10,3,7,0,0,1.000,,,1,3,1.42,1.17,0.45,1.13,,,,,,,1,,kingmi01
800,Emilio Pagán,30,SDP,NL,67,0,0,63.1,5,4,0,1,0,.800,,,0,0,0.57,1.49,0.06,1.45,,,,,,,1,,paganem01
801,Trevor Stephan,25,CLE,AL,43,0,0,63.1,10,6,2,2,0,.800,,,-1,-3,1.14,1.17,0.19,1.13,,,,,,,1,,stephtr01
802,Cole Sulser,31,BAL,AL,60,0,0,63.1,10,6,4,0,0,1.000,,,2,6,1.42,1.17,0.17,1.13,,,,,,,1,,sulseco01
803,Tyler Matzek,30,ATL,NL,69,0,0,63.0,8,2,6,0,2,1.000,,,2,6,1.14,1.49,0.12,1.45,,,,,,,1,,matzety01
804,Jordan Romano,28,TOR,AL,62,0,0,63.0,9,2,7,0,0,1.000,,,-1,-3,1.29,1.16,0.15,1.13,,,,,,,1,,romanjo03
805,Jose Quintana,32,2TM,2LG,29,10,0,63.0,12,5,6,1,0,.917,,,0,0,1.57,1.21,0.38,1.19,,,,,,,1,,quintjo01
805,Jose Quintana,32,LAA,AL,24,10,0,53.1,8,2,5,1,0,.875,,,0,0,1.18,1.16,0.29,1.13,,,,,,,1,,quintjo01
805,Jose Quintana,32,SFG,NL,5,0,0,9.2,4,3,1,0,0,1.000,,,0,0,3.72,1.49,0.80,1.46,,,,,,,/1,,quintjo01
806,Edwin Díaz,27,NYM,NL,63,0,0,62.2,9,4,5,0,0,1.000,,,0,0,1.29,1.49,0.14,1.45,,,,,,,1,,diazed04
807,Trevor May,31,NYM,NL,68,0,0,62.2,3,0,3,0,0,1.000,,,0,0,0.43,1.49,0.04,1.45,,,,,,,1,,maytr01
808,Tyler Duffey,30,MIN,AL,64,0,0,62.1,4,1,2,1,0,.750,,,0,0,0.43,1.16,0.05,1.13,,,,,,,1,,duffety01
809,Brett Martin,26,TEX,AL,66,0,0,62.1,13,1,10,2,0,.846,,,0,0,1.59,1.16,0.17,1.13,,,,,,,1,,martibr01
810,Johan Oviedo,23,STL,NL,14,13,0,62.1,13,6,6,1,0,.923,,,-2,-6,1.73,1.49,0.86,1.45,,,,,,,1,,oviedjo01
811,Nick Wittgren,30,CLE,AL,60,1,0,62.1,8,5,3,0,0,1.000,,,0,0,1.16,1.16,0.13,1.13,,,,,,,1,,wittgni01
812,Jake Burger,25,CHW,AL,8,7,7,62.0,14,5,9,0,0,1.000,1,25,1,19,2.03,2.73,1.75,2.68,,,,,,,/5DH,,burgeja01
813,Mitch Moreland,35,OAK,AL,8,7,6,62.0,53,49,4,0,5,1.000,0,2,0,0,7.69,8.09,6.63,7.15,,,,,,,DH/31,,morelmi01
814,Adam Ottavino,35,BOS,AL,69,0,0,62.0,10,0,7,3,0,.700,,,-5,-16,1.02,1.16,0.10,1.13,,,,,,,1,,ottavad01
815,José Cisnero,32,DET,AL,67,0,0,61.2,9,4,4,1,0,.889,,,-2,-6,1.17,1.17,0.12,1.13,,,,,,,1,,cisnejo01
816,Carlos Estévez,28,COL,NL,64,0,0,61.2,10,5,5,0,1,1.000,,,-1,-3,1.46,1.49,0.16,1.45,,,,,,,1,,estevca01
817,Zack Littell,25,SFG,NL,63,2,0,61.2,14,6,7,1,0,.929,,,0,0,1.90,1.49,0.21,1.45,,,,,,,1,,litteza01
818,Sergio Romo,38,OAK,AL,66,0,0,61.2,8,3,4,1,1,.875,,,-1,-3,1.02,1.17,0.11,1.13,,,,,,,1,,romose01
819,Colton Welker,23,COL,NL,7,7,5,61.2,25,17,8,0,0,1.000,-1,-16,0,0,3.65,4.22,3.57,4.11,,,,,,,H/53,,welkeco01
820,Anthony Bass,33,MIA,NL,70,1,0,61.1,13,6,6,1,0,.923,,,1,3,1.76,1.48,0.17,1.45,,,,,,,1,,bassan01
821,Anthony Bender,26,MIA,NL,60,1,0,61.1,11,1,8,2,3,.818,,,2,7,1.32,1.48,0.15,1.45,,,,,,,1/H,,bendean01
822,Ryan Tepera,33,2TM,2LG,65,0,0,61.1,6,0,5,1,0,.833,,,-1,-3,0.73,1.39,0.08,1.34,,,,,,,1,,teperry01
822,Ryan Tepera,33,CHC,NL,43,0,0,43.1,5,0,4,1,0,.800,,,-1,-5,0.83,1.50,0.09,1.45,,,,,,,1,,teperry01
822,Ryan Tepera,33,CHW,AL,22,0,0,18.0,1,0,1,0,0,1.000,,,0,0,0.50,1.15,0.05,1.13,,,,,,,1,,teperry01
823,Danny Duffy,32,KCR,AL,13,12,0,61.0,6,1,5,0,1,1.000,,,1,3,0.89,1.17,0.46,1.13,,,,,,,1,,duffyda01
824,Romy González,24,CHW,AL,9,7,3,61.0,13,8,4,1,1,.923,-2,-37,0,0,1.77,2.69,1.09,2.54,,,,,,,/59H1467D,,gonzaro01
825,David Bednar,26,PIT,NL,61,0,0,60.2,5,2,3,0,0,1.000,,,-1,-3,0.74,1.48,0.08,1.45,,,,,,,1,ROY-8,bednada01
826,Jake Diekman,34,OAK,AL,67,0,0,60.2,5,2,3,0,0,1.000,,,0,0,0.74,1.16,0.07,1.13,,,,,,,1,,diekmja01
827,Matt Shoemaker,34,MIN,AL,16,11,0,60.1,13,7,5,1,0,.923,,,-1,-3,1.79,1.16,0.75,1.13,,,,,,,1,,shoemma01
828,Jorge Alcala,25,MIN,AL,59,0,0,59.2,7,4,3,0,0,1.000,,,0,0,1.06,1.16,0.12,1.13,,,,,,,1,,alcaljo01
829,Tim Hill,31,SDP,NL,78,0,0,59.2,16,3,13,0,0,1.000,,,1,3,2.41,1.49,0.21,1.45,,,,,,,1,,hillti01
830,Jake McGee,34,SFG,NL,62,0,0,59.2,7,3,3,1,0,.857,,,0,0,0.91,1.49,0.10,1.45,,,,,,,1,,mcgeeja01
831,Craig Kimbrel,33,2TM,2LG,63,0,0,59.2,4,2,2,0,0,1.000,,,-1,-3,0.60,1.37,0.06,1.33,,,,,,,1,AS,kimbrcr01
831,Craig Kimbrel,33,CHC,NL,39,0,0,36.2,3,2,1,0,0,1.000,,,0,0,0.74,1.50,0.08,1.45,,,,,,,1,,kimbrcr01
831,Craig Kimbrel,33,CHW,AL,24,0,0,23.0,1,0,1,0,0,1.000,,,-1,-9,0.39,1.17,0.04,1.13,,,,,,,1,,kimbrcr01
832,Jeurys Familia,31,NYM,NL,65,0,0,59.1,10,3,7,0,0,1.000,,,0,0,1.52,1.49,0.15,1.45,,,,,,,1,,familje01
833,Josh Sborz,27,TEX,AL,63,0,0,59.0,8,3,5,0,2,1.000,,,-1,-3,1.22,1.16,0.13,1.13,,,,,,,1,,sborzjo01
834,Josh Hader,27,MIL,NL,60,0,0,58.2,4,1,3,0,0,1.000,,,-1,-3,0.61,1.49,0.07,1.45,,,,,,,1,AS,haderjo01
835,Pierce Johnson,30,SDP,NL,63,2,0,58.2,6,2,4,0,1,1.000,,,0,0,0.92,1.49,0.10,1.45,,,,,,,1,,johnspi01
836,Hunter Strickland,32,3TM,2LG,57,0,0,58.2,3,1,2,0,0,1.000,,,-1,-3,0.46,1.37,0.05,1.33,,,,,,,1,,strichu01
836,Hunter Strickland,32,2TM,AL,22,0,0,22.1,2,1,1,0,0,1.000,,,0,0,0.81,1.17,0.09,1.13,,,,,,,1,,strichu01
836,Hunter Strickland,32,TBR,AL,13,0,0,16.0,1,1,0,0,0,1.000,,,0,0,0.56,1.18,0.08,1.13,,,,,,,1,,strichu01
836,Hunter Strickland,32,LAA,AL,9,0,0,6.1,1,0,1,0,0,1.000,,,0,0,1.42,1.14,0.11,1.13,,,,,,,/1,,strichu01
836,Hunter Strickland,32,MIL,NL,35,0,0,36.1,1,0,1,0,0,1.000,,,-1,-6,0.25,1.49,0.03,1.45,,,,,,,1,,strichu01
837,Diego Castillo,27,2TM,AL,61,0,0,58.1,6,1,4,1,0,.833,,,-2,-7,0.77,1.16,0.08,1.13,,,,,,,1,,castidi01
837,Diego Castillo,27,TBR,AL,37,0,0,36.1,3,0,3,0,0,1.000,,,-2,-11,0.74,1.16,0.08,1.13,,,,,,,1,,castidi01
837,Diego Castillo,27,SEA,AL,24,0,0,22.0,3,1,1,1,0,.667,,,0,0,0.82,1.15,0.08,1.13,,,,,,,1,,castidi01
838,Richard Bleier,34,MIA,NL,68,0,0,58.0,14,6,8,0,0,1.000,,,0,0,2.17,1.49,0.21,1.45,,,,,,,1,,bleieri01
839,Heath Hembree,32,2TM,NL,60,0,0,58.0,5,3,2,0,1,1.000,,,0,0,0.78,1.49,0.08,1.45,,,,,,,1,,hembrhe01
839,Heath Hembree,32,NYM,NL,15,0,0,15.2,3,1,2,0,1,1.000,,,1,13,1.72,1.49,0.20,1.45,,,,,,,1,,hembrhe01
839,Heath Hembree,32,CIN,NL,45,0,0,42.1,2,2,0,0,0,1.000,,,-1,-5,0.43,1.49,0.04,1.45,,,,,,,1,,hembrhe01
840,Jacob Nottingham,26,2TM,2LG,7,7,7,58.0,53,48,5,0,2,1.000,0,-2,-1,-21,8.22,8.75,7.57,8.51,2,1,0,0,,0,/D3H2,,nottija01
840,Jacob Nottingham,26,MIL,NL,3,3,3,25.0,24,22,2,0,0,1.000,0,0,-1,-48,8.64,9.47,8.00,9.20,2,1,0,0,,0,/2H,,nottija01
840,Jacob Nottingham,26,SEA,AL,4,4,4,33.0,29,26,3,0,2,1.000,0,-4,0,0,7.91,8.21,7.25,8.00,,,,,,,/D3H,,nottija01
841,Connor Brogdon,26,PHI,NL,56,1,0,57.2,14,7,7,0,1,1.000,,,0,0,2.18,1.50,0.25,1.45,,,,,,,1,,brogdco01
842,Reynaldo López,27,CHW,AL,20,9,0,57.2,8,1,5,2,0,.750,,,1,3,0.94,1.15,0.30,1.13,,,,,,,1,,lopezre01
843,Yimi García,30,2TM,2LG,62,0,0,57.2,9,3,5,1,0,.889,,,-1,-3,1.25,1.36,0.13,1.33,,,,,,,1,,garciyi01
843,Yimi García,30,MIA,NL,39,0,0,36.1,6,3,3,0,0,1.000,,,0,0,1.49,1.49,0.15,1.45,,,,,,,1,,garciyi01
843,Yimi García,30,HOU,AL,23,0,0,21.1,3,0,2,1,0,.667,,,-1,-9,0.84,1.14,0.09,1.13,,,,,,,1,,garciyi01
844,Austin Voth,29,WSN,NL,49,1,0,57.1,12,7,5,0,1,1.000,,,1,3,1.88,1.49,0.24,1.45,,,,,,,1,,vothau01
845,Tony Watson,36,2TM,2LG,62,0,0,57.1,12,4,6,2,2,.833,,,-1,-3,1.57,1.30,0.16,1.26,,,,,,,1,,watsoto01
845,Tony Watson,36,LAA,AL,36,0,0,33.0,10,3,5,2,1,.800,,,-1,-6,2.18,1.17,0.22,1.13,,,,,,,1,,watsoto01
845,Tony Watson,36,SFG,NL,26,0,0,24.1,2,1,1,0,1,1.000,,,0,0,0.74,1.48,0.08,1.45,,,,,,,1,,watsoto01
846,Greg Deichmann,26,CHC,NL,9,6,5,57.0,13,11,1,1,0,.923,0,-4,1,21,1.89,2.05,1.33,2.00,,,,,,,/9H7,,deichgr01
847,Justin Steele,25,CHC,NL,20,9,0,57.0,10,1,9,0,1,1.000,,,1,4,1.58,1.48,0.50,1.45,,,,,,,1,,steelju01
848,Tyler Wells,26,BAL,AL,44,0,0,57.0,4,1,3,0,0,1.000,,,0,0,0.63,1.15,0.09,1.13,,,,,,,1,,wellsty01
849,Daniel Norris,28,2TM,2LG,56,0,0,57.0,5,4,0,1,0,.800,,,-1,-4,0.63,1.28,0.07,1.23,,,,,,,1,,norrida01
849,Daniel Norris,28,DET,AL,38,0,0,36.2,4,4,0,0,0,1.000,,,0,0,0.98,1.15,0.11,1.13,,,,,,,1,,norrida01
849,Daniel Norris,28,MIL,NL,18,0,0,20.1,1,0,0,1,0,.000,,,-1,-10,0.00,1.50,0.00,1.45,,,,,,,1,,norrida01
850,Jaime Barria,24,LAA,AL,13,11,0,56.2,4,1,3,0,0,1.000,,,0,0,0.64,1.16,0.31,1.13,,,,,,,1,,barrija01
851,Aaron Loup,33,NYM,NL,65,2,0,56.2,14,2,12,0,1,1.000,,,1,4,2.22,1.49,0.22,1.45,,,,,,,1,,loupaa01
852,Aaron Bummer,27,CHW,AL,62,0,0,56.1,12,2,9,1,2,.917,,,-1,-4,1.76,1.17,0.18,1.13,,,,,,,1,,bummeaa01
853,Aroldis Chapman,33,NYY,AL,61,0,0,56.1,6,0,3,3,0,.500,,,-1,-4,0.48,1.17,0.05,1.13,,,,,,,1,AS,chapmar01
854,Adam Plutko,29,BAL,AL,38,1,0,56.1,8,3,5,0,0,1.000,,,2,7,1.28,1.17,0.21,1.13,,,,,,,1,,plutkad01
855,Chasen Shreve,30,PIT,NL,57,0,0,56.1,8,3,5,0,0,1.000,,,0,0,1.28,1.49,0.14,1.45,,,,,,,1,,shrevch01
856,Jake Hager,28,2TM,NL,8,6,4,56.1,21,10,11,0,2,1.000,-1,-11,2,43,3.36,3.61,2.33,3.31,,,,,,,/H4769,,hagerja01
856,Jake Hager,28,NYM,NL,3,1,1,13.1,2,1,1,0,0,1.000,-1,-45,0,0,1.35,2.03,0.67,2.00,,,,,,,/H79,,hagerja01
856,Jake Hager,28,ARI,NL,5,5,3,43.0,19,9,10,0,2,1.000,0,0,2,56,3.98,4.10,3.17,3.97,,,,,,,/4H6,,hagerja01
857,Ian Kennedy,36,2TM,2LG,55,0,0,56.1,3,3,0,0,1,1.000,,,0,0,0.48,1.31,0.05,1.27,,,,,,,1,,kenneia01
857,Ian Kennedy,36,TEX,AL,32,0,0,32.1,2,2,0,0,1,1.000,,,0,0,0.56,1.17,0.06,1.13,,,,,,,1,,kenneia01
857,Ian Kennedy,36,PHI,NL,23,0,0,24.0,1,1,0,0,0,1.000,,,0,0,0.38,1.50,0.04,1.45,,,,,,,1,,kenneia01
858,Tony Wolters,29,CHC,NL,9,5,4,56.0,68,65,3,0,1,1.000,0,0,-1,-21,10.93,9.29,6.18,7.61,0,3,7,2,22.2,0,/2H47,,wolteto01
859,Kendall Graveman,30,2TM,AL,53,0,0,56.0,4,0,4,0,0,1.000,,,1,4,0.64,1.17,0.08,1.13,,,,,,,1,,graveke01
859,Kendall Graveman,30,SEA,AL,30,0,0,33.0,3,0,3,0,0,1.000,,,1,6,0.82,1.17,0.10,1.13,,,,,,,1,,graveke01
859,Kendall Graveman,30,HOU,AL,23,0,0,23.0,1,0,1,0,0,1.000,,,0,0,0.39,1.17,0.04,1.13,,,,,,,1,,graveke01
860,J.P. Feyereisen,28,2TM,2LG,55,0,0,56.0,8,6,2,0,0,1.000,,,1,4,1.29,1.27,0.15,1.25,,,,,,,1,,feyerjo01
860,J.P. Feyereisen,28,MIL,NL,21,0,0,19.1,4,3,1,0,0,1.000,,,0,0,1.86,1.49,0.19,1.45,,,,,,,1,,feyerjo01
860,J.P. Feyereisen,28,TBR,AL,34,0,0,36.2,4,3,1,0,0,1.000,,,1,5,0.98,1.15,0.12,1.13,,,,,,,1,,feyerjo01
861,José Alvarado,26,PHI,NL,64,0,0,55.2,9,3,5,1,1,.889,,,-1,-4,1.29,1.49,0.13,1.45,,,,,,,1,,alvarjo03
862,Tony Gonsolin,27,LAD,NL,15,13,0,55.2,9,5,4,0,0,1.000,,,2,7,1.46,1.49,0.60,1.45,,,,,,,1/H,,gonsoto01
863,Greg Holland,35,KCR,AL,57,0,0,55.2,13,7,5,1,0,.923,,,-2,-7,1.94,1.16,0.21,1.13,,,,,,,1,,hollagr01
864,James Karinchak,25,CLE,AL,60,0,0,55.1,2,1,1,0,0,1.000,,,-2,-7,0.33,1.15,0.03,1.13,,,,,,,1,,karinja01
865,Jacob Wilson,30,2TM,AL,11,7,2,55.0,15,6,9,0,1,1.000,1,11,0,0,2.45,3.04,1.36,3.10,,,,,,,/54H7,,wilsoja04
865,Jacob Wilson,30,OAK,AL,5,3,0,21.0,8,4,4,0,1,1.000,0,-6,0,0,3.43,3.43,1.60,3.34,,,,,,,/4H57,,wilsoja04
865,Jacob Wilson,30,HOU,AL,6,4,2,34.0,7,2,5,0,0,1.000,1,21,0,0,1.85,2.81,1.17,2.90,,,,,,,/54,,wilsoja04
866,Matt Barnes,31,BOS,AL,60,0,0,54.2,3,0,3,0,0,1.000,,,-2,-7,0.49,1.17,0.05,1.13,,,,,,,1,AS,barnema01
867,Anthony Misiewicz,26,SEA,AL,66,0,0,54.2,6,2,4,0,0,1.000,,,-1,-4,0.99,1.17,0.09,1.13,,,,,,,1,,misiean01
868,Zach Pop,24,MIA,NL,50,0,0,54.2,10,5,5,0,0,1.000,,,-2,-7,1.65,1.50,0.20,1.45,,,,,,,1,,popza01
869,Spenser Watkins,28,BAL,AL,16,10,0,54.2,7,4,3,0,0,1.000,,,1,4,1.15,1.17,0.44,1.13,,,,,,,1,,watkisp01
870,Dennis Santana,25,2TM,2LG,55,0,0,54.2,5,2,2,1,1,.800,,,-2,-7,0.66,1.25,0.07,1.22,,,,,,,1,,santade01
870,Dennis Santana,25,LAD,NL,16,0,0,15.0,2,1,1,0,0,1.000,,,-1,-13,1.20,1.50,0.13,1.45,,,,,,,1,,santade01
870,Dennis Santana,25,TEX,AL,39,0,0,39.2,3,1,1,1,1,.667,,,-1,-5,0.45,1.16,0.05,1.13,,,,,,,1,,santade01
871,Garrett Crochet,22,CHW,AL,54,0,0,54.1,6,0,3,3,0,.500,,,-4,-15,0.50,1.16,0.06,1.13,,,,,,,1,,crochga01
872,Tanner Scott,26,BAL,AL,62,0,0,54.0,5,1,4,0,0,1.000,,,0,0,0.83,1.17,0.08,1.13,,,,,,,1,,scottta01
873,Devin Williams,26,MIL,NL,58,0,0,54.0,5,2,3,0,0,1.000,,,0,0,0.83,1.48,0.09,1.45,,,,,,,1,,willide03
874,Kyle Zimmer,29,KCR,AL,52,2,0,54.0,9,4,5,0,3,1.000,,,0,0,1.50,1.17,0.17,1.13,,,,,,,1,,zimmeky01
875,Carlos Carrasco,34,NYM,NL,12,12,0,53.2,12,5,6,1,1,.917,,,0,0,1.84,1.49,0.92,1.45,,,,,,,1,,carraca01
876,Dean Kremer,25,BAL,AL,13,13,0,53.2,6,2,4,0,0,1.000,,,0,0,1.01,1.16,0.46,1.13,,,,,,,1,,kremede01
877,Dominic Leone,29,SFG,NL,57,4,0,53.2,9,2,7,0,1,1.000,,,-1,-4,1.51,1.49,0.16,1.45,,,,,,,1,,leonedo01
878,JT Chargois,30,2TM,AL,56,0,0,53.2,6,3,3,0,0,1.000,,,0,0,1.01,1.17,0.11,1.13,,,,,,,1,,chargjt01
878,JT Chargois,30,SEA,AL,31,0,0,30.0,3,2,1,0,0,1.000,,,0,0,0.90,1.17,0.10,1.13,,,,,,,1,,chargjt01
878,JT Chargois,30,TBR,AL,25,0,0,23.2,3,1,2,0,0,1.000,,,0,0,1.14,1.18,0.12,1.13,,,,,,,1,,chargjt01
879,Keegan Thompson,26,CHC,NL,32,6,0,53.1,4,4,0,0,0,1.000,,,-1,-4,0.68,1.49,0.13,1.45,,,,,,,1,,thompke02
880,Rex Brothers,33,CHC,NL,57,0,0,53.0,3,1,2,0,0,1.000,,,-2,-8,0.51,1.49,0.05,1.45,,,,,,,1,,brothre01
881,Ryan LaMarre,32,NYY,AL,8,7,4,53.0,9,8,0,1,0,.889,-1,-16,-1,-23,1.36,2.16,1.00,2.10,,,,,,,/798H,,lamarry01
882,Tim Mayza,29,TOR,AL,61,0,0,53.0,8,1,7,0,0,1.000,,,1,4,1.36,1.15,0.13,1.13,,,,,,,1,,mayzati01
883,Hirokazu Sawamura,33,BOS,AL,55,0,0,53.0,4,1,3,0,0,1.000,,,-1,-4,0.68,1.15,0.07,1.13,,,,,,,1,,sawamhi01
884,Austin Adams,30,SDP,NL,65,0,0,52.2,7,2,5,0,0,1.000,,,-1,-4,1.20,1.49,0.11,1.45,,,,,,,1,,adamsau02
885,John Hicks,31,TEX,AL,8,6,6,52.1,49,45,4,0,0,1.000,1,23,0,0,8.43,9.34,6.13,9.13,0,1,2,1,33.3,0,/2D,,hicksjo02
886,J.C. Mejía,24,CLE,AL,17,11,0,52.1,9,3,6,0,0,1.000,,,0,0,1.55,1.15,0.53,1.13,,,,,,,1,,mejiaje02
887,A.J. Minter,27,ATL,NL,61,0,0,52.1,10,3,5,2,0,.800,,,0,0,1.38,1.50,0.13,1.45,,,,,,,1,,minteaj01
888,Ross Detwiler,35,2TM,NL,53,5,0,52.1,9,4,4,1,0,.889,,,1,4,1.38,1.50,0.15,1.45,,,,,,,1,,detwiro01
888,Ross Detwiler,35,MIA,NL,46,5,0,45.1,9,4,4,1,0,.889,,,1,4,1.59,1.49,0.17,1.45,,,,,,,1,,detwiro01
888,Ross Detwiler,35,SDP,NL,7,0,0,7.0,0,0,0,0,0,,,,0,0,0.00,1.54,0.00,1.46,,,,,,,/1,,detwiro01
889,Alex Young,27,2TM,2LG,40,2,0,52.0,7,3,4,0,0,1.000,,,0,0,1.21,1.42,0.18,1.37,,,,,,,1,,youngal01
889,Alex Young,27,ARI,NL,30,2,0,41.2,6,2,4,0,0,1.000,,,0,0,1.30,1.49,0.20,1.45,,,,,,,1,,youngal01
889,Alex Young,27,CLE,AL,10,0,0,10.1,1,1,0,0,0,1.000,,,0,0,0.87,1.13,0.10,1.13,,,,,,,1,,youngal01
890,Elieser Hernández,26,MIA,NL,11,11,0,51.2,11,6,5,0,0,1.000,,,0,0,1.92,1.50,1.00,1.45,,,,,,,1,,hernael01
891,Daniel Hudson,34,2TM,NL,54,0,0,51.2,7,1,6,0,0,1.000,,,1,4,1.22,1.48,0.13,1.45,,,,,,,1,,hudsoda01
891,Daniel Hudson,34,WSN,NL,31,0,0,32.2,5,1,4,0,0,1.000,,,0,0,1.38,1.49,0.16,1.45,,,,,,,1,,hudsoda01
891,Daniel Hudson,34,SDP,NL,23,0,0,19.0,2,0,2,0,0,1.000,,,1,11,0.95,1.47,0.09,1.45,,,,,,,1,,hudsoda01
892,Phil Bickford,25,2TM,NL,57,0,0,51.1,3,2,1,0,1,1.000,,,-2,-8,0.53,1.49,0.05,1.45,,,,,,,1,,bickfph01
892,Phil Bickford,25,MIL,NL,1,0,0,1.0,0,0,0,0,0,,,,0,0,0.00,1.80,0.00,1.50,,,,,,,/1,,bickfph01
892,Phil Bickford,25,LAD,NL,56,0,0,50.1,3,2,1,0,1,1.000,,,-2,-8,0.54,1.48,0.05,1.45,,,,,,,1,,bickfph01
893,Archie Bradley,28,PHI,NL,53,0,0,51.0,6,2,4,0,0,1.000,,,0,0,1.06,1.48,0.11,1.45,,,,,,,1,,bradlar01
894,Adam Haseley,25,PHI,NL,9,7,1,51.0,15,15,0,0,0,1.000,-1,-31,-1,-24,2.65,2.06,1.67,2.00,,,,,,,/87H,,haselad01
895,P.J. Higgins,28,CHC,NL,7,5,5,51.0,63,60,3,0,1,1.000,0,0,0,0,11.12,9.35,9.00,9.06,1,1,1,1,50.0,0,/2H3,,higgipj01
896,Mychal Givens,31,2TM,NL,54,0,0,51.0,11,6,5,0,0,1.000,,,1,4,1.94,1.48,0.20,1.45,,,,,,,1,,givenmy01
896,Mychal Givens,31,COL,NL,31,0,0,29.2,5,2,3,0,0,1.000,,,0,0,1.52,1.49,0.16,1.45,,,,,,,1,,givenmy01
896,Mychal Givens,31,CIN,NL,23,0,0,21.1,6,4,2,0,0,1.000,,,1,9,2.53,1.48,0.26,1.45,,,,,,,1,,givenmy01
897,Wandy Peralta,29,2TM,2LG,56,1,0,51.0,12,3,9,0,1,1.000,,,1,4,2.12,1.22,0.21,1.19,,,,,,,1,,peralwa01
897,Wandy Peralta,29,SFG,NL,10,0,0,8.1,2,1,1,0,0,1.000,,,0,0,2.16,1.51,0.20,1.45,,,,,,,1,,peralwa01
897,Wandy Peralta,29,NYY,AL,46,1,0,42.2,10,2,8,0,1,1.000,,,1,5,2.11,1.16,0.22,1.13,,,,,,,1,,peralwa01
898,Randy Dobnak,26,MIN,AL,14,6,0,50.2,8,2,6,0,0,1.000,,,-1,-4,1.42,1.15,0.57,1.13,,,,,,,1,,dobnara01
899,Logan Allen,24,CLE,AL,14,11,0,50.1,7,3,4,0,0,1.000,,,-1,-4,1.25,1.16,0.50,1.13,,,,,,,1,,allenlo01
900,Justin Dunn,25,SEA,AL,11,11,0,50.1,7,4,2,1,0,.857,,,-3,-12,1.07,1.16,0.55,1.13,,,,,,,1,,dunnju01
901,Todd Frazier,35,PIT,NL,6,5,4,50.1,44,39,5,0,4,1.000,-1,-12,-1,-24,7.87,6.28,6.29,5.71,,,,,,,/3H5D,,frazito01
902,Joel Payamps,27,2TM,AL,37,1,0,50.1,5,0,5,0,0,1.000,,,0,0,0.89,1.16,0.14,1.13,,,,,,,1,,payamjo01
902,Joel Payamps,27,TOR,AL,22,0,0,30.0,1,0,1,0,0,1.000,,,-1,-7,0.30,1.17,0.05,1.13,,,,,,,1,,payamjo01
902,Joel Payamps,27,KCR,AL,15,1,0,20.1,4,0,4,0,0,1.000,,,1,10,1.77,1.15,0.27,1.13,,,,,,,1,,payamjo01
903,Matt Adams,32,COL,NL,7,7,4,50.0,42,35,7,0,3,1.000,1,24,1,24,7.56,8.35,6.00,8.13,,,,,,,H/3,,adamsma01
904,Brandon Bielak,25,HOU,AL,28,2,0,50.0,8,2,5,1,0,.875,,,0,0,1.26,1.15,0.25,1.13,,,,,,,1,,bielabr01
905,Touki Toussaint,25,ATL,NL,11,10,0,50.0,9,2,6,1,0,.889,,,-2,-8,1.44,1.49,0.73,1.45,,,,,,,1,,toussto01
906,Spencer Turnbull,28,DET,AL,9,9,1,50.0,12,6,6,0,0,1.000,,,-2,-8,2.16,1.15,1.33,1.13,,,,,,,/1,,turnbsp01
907,Jonathan Lucroy,35,2TM,NL,6,6,6,50.0,53,52,1,0,0,1.000,-1,-24,-1,-24,9.54,9.47,8.83,9.20,1,3,4,0,0.0,0,/2H,,lucrojo01
907,Jonathan Lucroy,35,WSN,NL,4,4,4,32.0,34,34,0,0,0,1.000,-1,-38,-1,-38,9.56,9.48,8.50,9.20,1,2,2,0,0.0,0,/2H,,lucrojo01
907,Jonathan Lucroy,35,ATL,NL,2,2,2,18.0,19,18,1,0,0,1.000,0,0,0,0,9.50,9.45,9.50,9.20,0,1,2,0,0.0,0,/2,,lucrojo01
908,Brett de Geus,23,2TM,2LG,47,0,0,50.0,12,3,8,1,1,.917,,,-1,-4,1.98,1.31,0.23,1.32,,,,,,,1,,degeubr01
908,Brett de Geus,23,TEX,AL,19,0,0,26.2,4,0,4,0,0,1.000,,,-1,-8,1.35,1.15,0.21,1.13,,,,,,,1,,degeubr01
908,Brett de Geus,23,ARI,NL,28,0,0,23.1,8,3,4,1,1,.875,,,0,0,2.70,1.50,0.25,1.45,,,,,,,1,,degeubr01
909,Vidal Bruján,23,TBR,AL,8,6,5,49.2,22,14,7,1,2,.955,-1,-12,-4,-97,3.81,3.26,2.63,3.03,,,,,,,/49H78D,,brujavi01
910,Dexter Fowler,35,LAA,AL,7,6,5,49.2,7,7,0,0,0,1.000,0,-7,-1,-24,1.27,2.16,1.00,2.10,,,,,,,/9,,fowlede01
911,Derek Holland,34,DET,AL,39,1,0,49.2,8,3,4,1,0,.875,,,-2,-8,1.27,1.16,0.18,1.13,,,,,,,1,,hollade01
912,Sean Doolittle,34,2TM,2LG,56,0,0,49.2,3,2,1,0,0,1.000,,,0,0,0.54,1.41,0.05,1.39,,,,,,,1,,doolise01
912,Sean Doolittle,34,CIN,NL,45,0,0,38.1,2,1,1,0,0,1.000,,,0,0,0.47,1.48,0.04,1.45,,,,,,,1,,doolise01
912,Sean Doolittle,34,SEA,AL,11,0,0,11.1,1,1,0,0,0,1.000,,,0,0,0.79,1.19,0.09,1.13,,,,,,,1,,doolise01
913,Spencer Howard,24,2TM,2LG,19,15,0,49.2,6,2,4,0,0,1.000,,,1,4,1.09,1.34,0.32,1.32,,,,,,,1,,howarsp01
913,Spencer Howard,24,PHI,NL,11,7,0,28.1,5,2,3,0,0,1.000,,,1,7,1.59,1.49,0.45,1.45,,,,,,,1,,howarsp01
913,Spencer Howard,24,TEX,AL,8,8,0,21.1,1,0,1,0,0,1.000,,,0,0,0.42,1.14,0.13,1.13,,,,,,,/1,,howarsp01
914,Josh Tomlin,36,ATL,NL,35,0,0,49.1,10,4,6,0,1,1.000,,,2,8,1.82,1.50,0.29,1.45,,,,,,,1/H,,tomlijo01
915,Rafael Montero,30,2TM,AL,44,0,0,49.1,9,4,5,0,1,1.000,,,-1,-4,1.64,1.17,0.20,1.13,,,,,,,1,,montera01
915,Rafael Montero,30,SEA,AL,40,0,0,43.1,8,4,4,0,1,1.000,,,-1,-5,1.66,1.16,0.20,1.13,,,,,,,1,,montera01
915,Rafael Montero,30,HOU,AL,4,0,0,6.0,1,0,1,0,0,1.000,,,0,0,1.50,1.20,0.25,1.13,,,,,,,/1,,montera01
916,Brooks Raley,33,HOU,AL,58,0,0,49.0,13,4,9,0,2,1.000,,,1,4,2.39,1.16,0.22,1.13,,,,,,,1,,raleybr01
917,Trent Thornton,27,TOR,AL,37,3,0,49.0,4,0,4,0,0,1.000,,,0,0,0.73,1.16,0.11,1.13,,,,,,,1,,thorntr01
918,Wade LeBlanc,36,2TM,2LG,18,9,0,49.0,8,4,4,0,0,1.000,,,1,4,1.47,1.45,0.44,1.34,,,,,,,1,,leblawa01
918,Wade LeBlanc,36,BAL,AL,6,1,0,6.2,2,1,1,0,0,1.000,,,0,0,2.70,1.22,0.33,1.13,,,,,,,/1,,leblawa01
918,Wade LeBlanc,36,STL,NL,12,8,0,42.1,6,3,3,0,0,1.000,,,1,5,1.28,1.49,0.50,1.45,,,,,,,1,,leblawa01
919,Matt Wisler,28,2TM,2LG,48,0,0,48.2,4,1,3,0,0,1.000,,,-1,-4,0.74,1.29,0.08,1.27,,,,,,,1,,wislema01
919,Matt Wisler,28,SFG,NL,21,0,0,19.1,2,0,2,0,0,1.000,,,-1,-10,0.93,1.49,0.10,1.45,,,,,,,1,,wislema01
919,Matt Wisler,28,TBR,AL,27,0,0,29.1,2,1,1,0,0,1.000,,,0,0,0.61,1.17,0.07,1.13,,,,,,,1,,wislema01
920,Matt Andriese,31,2TM,AL,34,0,0,48.1,4,1,3,0,0,1.000,,,-1,-4,0.74,1.15,0.12,1.13,,,,,,,1,,andrima01
920,Matt Andriese,31,BOS,AL,26,0,0,37.1,3,1,2,0,0,1.000,,,-1,-5,0.72,1.16,0.12,1.13,,,,,,,1,,andrima01
920,Matt Andriese,31,SEA,AL,8,0,0,11.0,1,0,1,0,0,1.000,,,0,0,0.82,1.15,0.13,1.13,,,,,,,/1,,andrima01
921,Chase Anderson,33,PHI,NL,14,9,0,48.0,19,8,11,0,1,1.000,,,2,8,3.56,1.48,1.36,1.45,,,,,,,1,,anderch01
922,Yency Almonte,27,COL,NL,48,0,0,47.2,4,3,1,0,0,1.000,,,-2,-8,0.76,1.49,0.08,1.45,,,,,,,1,,almonye01
923,Amir Garrett,29,CIN,NL,63,0,0,47.2,9,4,5,0,1,1.000,,,0,0,1.70,1.49,0.14,1.45,,,,,,,1,,garream01
924,Josh Taylor,28,BOS,AL,61,0,0,47.2,2,0,2,0,0,1.000,,,-1,-4,0.38,1.15,0.03,1.13,,,,,,,1,,taylojo02
925,Paul Fry,28,BAL,AL,52,0,0,47.1,7,1,6,0,0,1.000,,,0,0,1.33,1.16,0.13,1.13,,,,,,,1,,frypa01
926,Ryan Helsley,26,STL,NL,51,0,0,47.1,11,3,8,0,0,1.000,,,1,4,2.09,1.48,0.22,1.45,,,,,,,1,,helslry01
927,Dinelson Lamet,28,SDP,NL,22,9,0,47.0,7,5,2,0,0,1.000,,,-1,-4,1.34,1.49,0.32,1.45,,,,,,,1,,lametdi01
928,Lucas Sims,27,CIN,NL,47,0,0,47.0,3,0,3,0,0,1.000,,,0,0,0.57,1.49,0.06,1.45,,,,,,,1,,simslu01
929,Mitch White,26,LAD,NL,21,4,0,46.2,11,4,6,1,0,.909,,,-2,-9,1.93,1.49,0.48,1.45,,,,,,,1,,whitemi03
930,Seth Lugo,31,NYM,NL,46,0,0,46.1,10,6,3,1,1,.900,,,0,0,1.75,1.50,0.20,1.45,,,,,,,1,,lugose01
931,Joely Rodríguez,29,2TM,AL,52,0,0,46.1,14,2,11,1,1,.929,,,-2,-9,2.53,1.15,0.25,1.13,,,,,,,1,,rodrijo06
931,Joely Rodríguez,29,TEX,AL,31,0,0,27.1,7,1,5,1,0,.857,,,-2,-15,1.98,1.15,0.19,1.13,,,,,,,1,,rodrijo06
931,Joely Rodríguez,29,NYY,AL,21,0,0,19.0,7,1,6,0,1,1.000,,,0,0,3.32,1.14,0.33,1.13,,,,,,,1,,rodrijo06
932,John King,26,TEX,AL,27,0,0,46.0,10,2,7,1,0,.900,,,0,0,1.76,1.15,0.33,1.13,,,,,,,1,,kingjo01
933,Robert Stephenson,28,COL,NL,49,0,0,46.0,6,2,3,1,0,.833,,,-2,-9,0.98,1.49,0.10,1.45,,,,,,,1,,stephro01
934,César Valdez,36,BAL,AL,39,0,0,46.0,2,1,1,0,0,1.000,,,-2,-9,0.39,1.15,0.05,1.13,,,,,,,1,,valdece01
935,Rob Brantly,31,NYY,AL,6,5,4,45.2,44,41,3,0,1,1.000,-1,-26,0,0,8.67,9.12,7.33,8.95,0,7,3,2,40.0,0,/23H,,brantro01
936,Humberto Castellanos,23,ARI,NL,14,7,0,45.2,11,4,7,0,0,1.000,,,0,0,2.17,1.50,0.79,1.45,,,,,,,1,,castehu01
937,Joe Jiménez,26,DET,AL,52,0,0,45.1,5,3,0,2,0,.600,,,-2,-9,0.60,1.15,0.06,1.13,,,,,,,1,,jimenjo02
938,Sam Clay,28,WSN,NL,58,0,0,45.0,5,1,4,0,0,1.000,,,0,0,1.00,1.50,0.09,1.45,,,,,,,1,,claysa01
939,Sam Howard,28,PIT,NL,54,1,0,45.0,7,1,5,1,1,.857,,,1,4,1.20,1.50,0.11,1.45,,,,,,,1,,howarsa01
940,Austin Dean,27,STL,NL,9,4,1,44.2,13,13,0,0,0,1.000,0,-3,-1,-27,2.62,2.06,1.44,2.00,,,,,,,H/79,,deanau01
941,Khalil Lee,23,NYM,NL,11,4,3,44.2,9,9,0,0,0,1.000,1,16,0,0,1.81,2.06,0.82,2.00,,,,,,,9/H,,leekh01
942,Miles Mikolas,32,STL,NL,9,9,0,44.2,13,4,9,0,0,1.000,,,1,4,2.62,1.49,1.44,1.46,,,,,,,/1,,mikolmi01
943,Jeffrey Springs,28,TBR,AL,43,0,0,44.2,3,1,2,0,1,1.000,,,0,0,0.60,1.17,0.07,1.13,,,,,,,1,,sprinje01
944,Chadwick Tromp,26,SFG,NL,8,4,4,44.2,52,51,1,0,0,1.000,0,0,-1,-27,10.48,9.47,6.50,9.21,0,1,5,1,16.7,0,/2H,,trompch01
945,John Curtiss,28,2TM,NL,41,2,0,44.1,7,0,6,1,1,.857,,,0,0,1.22,1.48,0.15,1.45,,,,,,,1/H,,curtijo02
945,John Curtiss,28,MIA,NL,35,2,0,40.0,7,0,6,1,1,.857,,,0,0,1.35,1.49,0.17,1.45,,,,,,,1/H,,curtijo02
945,John Curtiss,28,MIL,NL,6,0,0,4.1,0,0,0,0,0,,,,0,0,0.00,1.45,0.00,1.45,,,,,,,/1,,curtijo02
946,Nick Fortes,24,MIA,NL,7,4,4,44.0,56,50,5,1,1,.982,-3,-82,-3,-82,11.25,9.47,7.86,9.21,4,6,6,2,25.0,0,/2HD,,forteni01
947,Joe Kelly,33,LAD,NL,48,0,0,44.0,6,2,4,0,0,1.000,,,-1,-5,1.23,1.49,0.13,1.45,,,,,,,1,,kellyjo05
948,Anderson Tejeda,23,TEX,AL,5,5,4,44.0,10,4,6,0,2,1.000,1,19,1,27,2.05,2.74,1.67,2.90,,,,,,,/54,,tejedan01
949,Chase De Jong,27,PIT,NL,9,9,0,43.2,10,1,8,1,2,.900,,,1,5,1.85,1.48,1.00,1.46,,,,,,,/1H,,dejonch01
950,Blake Parker,36,CLE,AL,47,0,0,43.2,5,3,2,0,0,1.000,,,-1,-5,1.03,1.15,0.11,1.13,,,,,,,1,,parkebl01
951,J.B. Wendelken,28,2TM,2LG,46,0,0,43.2,5,2,3,0,1,1.000,,,0,0,1.03,1.30,0.11,1.27,,,,,,,1,,wendejb01
951,J.B. Wendelken,28,OAK,AL,26,0,0,25.0,2,1,1,0,1,1.000,,,0,0,0.72,1.15,0.08,1.13,,,,,,,1,,wendejb01
951,J.B. Wendelken,28,ARI,NL,20,0,0,18.2,3,1,2,0,0,1.000,,,0,0,1.45,1.49,0.15,1.45,,,,,,,1,,wendejb01
952,Taylor Clarke,28,ARI,NL,43,0,0,43.1,6,1,5,0,0,1.000,,,0,0,1.25,1.50,0.14,1.45,,,,,,,1,,clarkta01
953,Chris Martin,35,ATL,NL,46,0,0,43.1,5,3,2,0,0,1.000,,,0,0,1.04,1.50,0.11,1.45,,,,,,,1,,martich02
954,Tony Santillan,24,CIN,NL,26,4,0,43.1,6,1,4,1,0,.833,,,-1,-5,1.04,1.50,0.19,1.45,,,,,,,1/H,,santito01
955,Burch Smith,31,OAK,AL,31,0,0,43.1,5,1,3,1,0,.800,,,0,0,0.83,1.16,0.13,1.13,,,,,,,1,,smithbu03
956,Wade Davis,35,KCR,AL,40,0,0,42.2,4,2,2,0,0,1.000,,,-1,-5,0.84,1.16,0.10,1.13,,,,,,,1,,daviswa01
957,Pete Fairbanks,27,TBR,AL,47,0,0,42.2,6,4,2,0,0,1.000,,,-2,-9,1.27,1.16,0.13,1.13,,,,,,,1,,fairbpe01
958,Lucas Gilbreath,25,COL,NL,47,1,0,42.2,5,1,4,0,0,1.000,,,0,0,1.05,1.50,0.11,1.45,,,,,,,1,,gilbrlu01
959,Deven Marrero,30,MIA,NL,8,4,4,42.2,15,5,10,0,1,1.000,0,-8,0,0,3.16,3.35,1.67,3.84,,,,,,,/H6534,,marrede01
960,Chris Sale,32,BOS,AL,9,9,0,42.2,6,0,6,0,0,1.000,,,0,0,1.27,1.16,0.67,1.13,,,,,,,/1,,salech01
961,Edgar Santana,29,ATL,NL,41,0,0,42.2,9,3,6,0,0,1.000,,,0,0,1.90,1.50,0.22,1.45,,,,,,,1,,santaed01
962,Wander Suero,29,WSN,NL,45,0,0,42.2,2,0,2,0,1,1.000,,,0,0,0.42,1.50,0.04,1.45,,,,,,,1,,suerowa01
963,Blake Taylor,25,HOU,AL,51,0,0,42.2,4,1,2,1,0,.750,,,-2,-9,0.63,1.16,0.06,1.13,,,,,,,1,,taylobl01
964,Alex Wells,24,BAL,AL,11,8,0,42.2,8,1,5,2,0,.750,,,1,5,1.27,1.16,0.55,1.13,,,,,,,1,,wellsal01
965,Sam Coonrod,28,PHI,NL,42,2,0,42.1,6,1,4,1,0,.833,,,-1,-5,1.06,1.49,0.12,1.45,,,,,,,1,,coonrsa01
966,Spencer Patton,33,TEX,AL,42,0,0,42.1,8,5,3,0,0,1.000,,,1,5,1.70,1.17,0.19,1.13,,,,,,,1,,pattosp01
967,Miguel Díaz,26,SDP,NL,25,2,0,42.0,8,1,6,1,1,.875,,,1,5,1.50,1.50,0.28,1.45,,,,,,,1,,diazmi02
968,Drew Smith,27,NYM,NL,31,1,0,41.1,3,2,1,0,1,1.000,,,1,5,0.65,1.48,0.10,1.45,,,,,,,1,,smithdr01
969,Jack López,28,BOS,AL,6,5,3,41.0,26,9,16,1,6,.962,2,44,1,29,5.49,4.04,4.17,3.95,,,,,,,/4H,,lopezja03
970,Kohei Arihara,28,TEX,AL,10,10,0,40.2,5,3,2,0,0,1.000,,,0,0,1.11,1.15,0.50,1.13,,,,,,,1,,arihako01
971,Sam Long,25,SFG,NL,12,5,0,40.2,5,1,4,0,0,1.000,,,0,0,1.11,1.48,0.42,1.45,,,,,,,1,,longsa01
972,Taylor Rogers,30,MIN,AL,39,0,0,40.1,5,1,4,0,0,1.000,,,-1,-5,1.12,1.16,0.13,1.13,,,,,,,1,AS,rogerta01
973,Casey Sadler,30,SEA,AL,42,0,0,40.1,7,1,5,1,2,.857,,,0,0,1.34,1.16,0.14,1.13,,,,,,,1,,sadleca02
974,Tyler Gilbert,27,ARI,NL,9,6,1,40.0,11,4,7,0,2,1.000,,,1,5,2.48,1.49,1.22,1.46,,,,,,,/1,,gilbety01
975,Darwinzon Hernández,24,BOS,AL,48,0,0,40.0,3,1,2,0,0,1.000,,,0,0,0.68,1.17,0.06,1.13,,,,,,,1,,hernada02
976,Juan Minaya,30,MIN,AL,29,0,0,40.0,6,2,4,0,0,1.000,,,-1,-5,1.35,1.17,0.21,1.13,,,,,,,1,,minayju01
977,Kevin Padlo,24,TBR,AL,9,4,2,40.0,18,7,10,1,3,.944,1,15,0,0,3.83,3.26,1.89,4.44,,,,,,,/53H,,padloke01
978,Phillips Valdéz,29,BOS,AL,28,0,0,40.0,11,5,6,0,1,1.000,,,1,5,2.48,1.17,0.39,1.13,,,,,,,1,,valdeph01
979,Alex Vesia,25,LAD,NL,41,0,0,40.0,1,0,0,1,0,.000,,,-1,-5,0.00,1.49,0.00,1.45,,,,,,,1,,vesiaal01
980,Joe Mantiply,30,ARI,NL,57,0,0,39.2,8,2,6,0,1,1.000,,,0,0,1.82,1.50,0.14,1.45,,,,,,,1,,mantijo01
981,Dan Winkler,31,CHC,NL,47,0,0,39.2,8,3,4,1,1,.875,,,0,0,1.59,1.50,0.15,1.45,,,,,,,1,,winklda01
982,Joe Smith,37,2TM,AL,50,0,0,39.2,8,2,6,0,0,1.000,,,1,5,1.82,1.16,0.16,1.13,,,,,,,1,,smithjo05
982,Joe Smith,37,HOU,AL,27,0,0,21.2,6,1,5,0,0,1.000,,,1,9,2.49,1.16,0.22,1.13,,,,,,,1,,smithjo05
982,Joe Smith,37,SEA,AL,23,0,0,18.0,2,1,1,0,0,1.000,,,0,0,1.00,1.15,0.09,1.13,,,,,,,1,,smithjo05
983,Bryan Garcia,26,DET,AL,39,0,0,39.1,4,0,3,1,0,.750,,,1,5,0.69,1.17,0.08,1.13,,,,,,,1,,garcibr01
984,Jakob Junis,28,KCR,AL,16,6,0,39.1,6,2,4,0,1,1.000,,,1,5,1.37,1.17,0.38,1.13,,,,,,,1,,junisja01
985,Matt Foster,26,CHW,AL,37,0,0,39.0,4,0,4,0,1,1.000,,,1,5,0.92,1.15,0.11,1.13,,,,,,,1,,fostema01
986,Max Kranick,23,PIT,NL,9,9,0,38.2,7,2,5,0,0,1.000,,,1,5,1.63,1.49,0.78,1.46,,,,,,,/1,,kranima01
987,T.J. McFarland,32,STL,NL,38,0,0,38.2,2,2,0,0,0,1.000,,,-1,-5,0.47,1.49,0.05,1.45,,,,,,,1,,mcfartj01
988,Paul Blackburn,27,OAK,AL,9,9,0,38.1,5,1,3,1,0,.800,,,-1,-5,0.94,1.15,0.44,1.13,,,,,,,/1,,blackpa01
989,Payton Henry,24,MIA,NL,5,5,4,38.1,44,43,1,0,0,1.000,0,0,0,0,10.33,9.46,8.80,9.22,1,1,1,0,0.0,0,/2,,henrypa01
990,Joey Lucchesi,28,NYM,NL,11,8,0,38.1,5,3,2,0,1,1.000,,,-1,-5,1.17,1.48,0.45,1.45,,,,,,,1,,lucchjo01
991,Cody Ponce,27,PIT,NL,15,2,0,38.1,3,2,1,0,0,1.000,,,-1,-5,0.70,1.48,0.20,1.45,,,,,,,1,,ponceco01
992,Charlie Barnes,25,MIN,AL,9,8,0,38.0,4,0,4,0,0,1.000,,,0,0,0.95,1.16,0.44,1.13,,,,,,,/1,,barnech01
993,Joakim Soria,37,2TM,2LG,41,0,0,37.1,3,1,2,0,0,1.000,,,0,0,0.72,1.42,0.07,1.37,,,,,,,1,,soriajo01
993,Joakim Soria,37,ARI,NL,31,0,0,29.1,3,1,2,0,0,1.000,,,0,0,0.92,1.50,0.10,1.45,,,,,,,1,,soriajo01
993,Joakim Soria,37,TOR,AL,10,0,0,8.0,0,0,0,0,0,,,,0,0,0.00,1.13,0.00,1.13,,,,,,,1,,soriajo01
994,Trevor Cahill,33,PIT,NL,9,8,0,37.0,9,2,5,2,0,.778,,,1,5,1.70,1.48,0.78,1.46,,,,,,,/1,,cahiltr01
995,Tyler Nevin,24,BAL,AL,6,5,4,37.0,16,15,0,1,0,.938,-1,-23,-1,-32,3.65,4.45,2.50,4.07,,,,,,,/73,,nevinty01
996,Hernán Pérez,30,WSN,NL,8,5,1,37.0,10,8,2,0,0,1.000,1,16,0,0,2.43,4.21,1.11,3.91,,,,,,,/4H1379,,perezhe01
997,Albert Abreu,25,NYY,AL,28,0,0,36.2,9,6,3,0,0,1.000,,,-1,-5,2.21,1.15,0.32,1.13,,,,,,,1,,abreual01
998,Ryan Burr,27,CHW,AL,34,1,0,36.2,4,2,2,0,1,1.000,,,-2,-11,0.98,1.15,0.12,1.13,,,,,,,1,,burrry01
999,Kyle Muller,23,ATL,NL,9,8,0,36.2,2,0,2,0,0,1.000,,,0,0,0.49,1.50,0.22,1.46,,,,,,,/1,,mulleky01
1000,Bryan Abreu,24,HOU,AL,31,0,0,36.0,10,7,3,0,1,1.000,,,1,6,2.50,1.15,0.32,1.13,,,,,,,1,,abreubr01
1001,Jordan Holloway,25,MIA,NL,13,4,0,36.0,7,3,4,0,0,1.000,,,1,6,1.75,1.50,0.54,1.45,,,,,,,1,,hollojo01
1002,Andrew Miller,36,STL,NL,40,0,0,36.0,6,1,5,0,2,1.000,,,0,0,1.50,1.50,0.15,1.45,,,,,,,1,,millean01
1003,Steven Okert,29,MIA,NL,34,0,0,36.0,1,0,1,0,0,1.000,,,0,0,0.25,1.50,0.03,1.45,,,,,,,1,,okertst01
1004,Troy Stokes Jr.,25,PIT,NL,4,4,4,36.0,12,12,0,0,0,1.000,0,13,1,33,3.00,2.05,3.00,2.00,,,,,,,/9H,,stoketr01
1005,Shawn Armstrong,30,2TM,AL,31,0,0,36.0,4,0,3,1,0,.750,,,1,6,0.75,1.18,0.10,1.13,,,,,,,1,,armstsh01
1005,Shawn Armstrong,30,BAL,AL,20,0,0,20.0,3,0,3,0,0,1.000,,,1,10,1.35,1.17,0.15,1.13,,,,,,,1,,armstsh01
1005,Shawn Armstrong,30,TBR,AL,11,0,0,16.0,1,0,0,1,0,.000,,,0,0,0.00,1.18,0.00,1.13,,,,,,,1,,armstsh01
1006,Noé Ramirez,31,2TM,2LG,38,0,0,36.0,4,2,2,0,0,1.000,,,-1,-6,1.00,1.45,0.11,1.43,,,,,,,1,,ramirno01
1006,Noé Ramirez,31,LAA,AL,2,0,0,3.1,0,0,0,0,0,,,,0,0,0.00,1.08,0.00,1.15,,,,,,,/1,,ramirno01
1006,Noé Ramirez,31,ARI,NL,36,0,0,32.2,4,2,2,0,0,1.000,,,-1,-6,1.10,1.49,0.11,1.45,,,,,,,1,,ramirno01
1007,Ben Bowden,26,COL,NL,39,0,0,35.2,2,0,1,1,0,.500,,,-2,-11,0.25,1.49,0.03,1.45,,,,,,,1,,bowdebe01
1008,Ryne Harper,32,WSN,NL,34,0,0,35.2,7,3,4,0,0,1.000,,,0,0,1.77,1.49,0.21,1.45,,,,,,,1,,harpery01
1009,Alex Lange,25,DET,AL,36,0,0,35.2,5,3,2,0,0,1.000,,,-1,-6,1.26,1.16,0.14,1.13,,,,,,,1,,langeal01
1010,Andrés Machado,28,WSN,NL,40,0,0,35.2,3,2,1,0,0,1.000,,,-1,-6,0.76,1.49,0.08,1.45,,,,,,,1,,machaan02
1011,Nick Neidert,24,MIA,NL,8,7,0,35.2,7,5,2,0,1,1.000,,,1,6,1.77,1.49,0.88,1.45,,,,,,,/1,,neideni01
1012,Josh Rogers,26,WSN,NL,6,6,0,35.2,4,0,4,0,1,1.000,,,1,6,1.01,1.49,0.67,1.45,,,,,,,/1,,rogerjo01
1013,Buck Farmer,30,DET,AL,36,0,0,35.1,3,0,3,0,1,1.000,,,0,0,0.76,1.15,0.08,1.13,,,,,,,1,,farmebu01
1014,Victor González,25,LAD,NL,44,1,0,35.1,7,1,6,0,1,1.000,,,1,6,1.78,1.48,0.16,1.45,,,,,,,1,,gonzavi02
1015,Adrian Sampson,29,CHC,NL,10,5,0,35.1,4,1,3,0,2,1.000,,,0,0,1.02,1.48,0.40,1.45,,,,,,,1/H,,sampsad01
1016,Aaron Sanchez,28,SFG,NL,9,7,0,35.1,9,2,7,0,1,1.000,,,0,0,2.29,1.48,1.00,1.46,,,,,,,/1,,sanchaa01
1017,Erik Swanson,27,SEA,AL,33,2,0,35.1,3,2,0,1,0,.667,,,0,0,0.51,1.15,0.06,1.13,,,,,,,1,,swanser01
1018,Hyeon-jong Yang,33,TEX,AL,12,4,0,35.1,5,4,1,0,1,1.000,,,0,0,1.27,1.15,0.42,1.13,,,,,,,1,,yanghy01
1019,Enyel De Los Santos,25,2TM,NL,33,0,0,35.1,5,2,2,1,0,.800,,,-1,-6,1.02,1.48,0.12,1.45,,,,,,,1,,delosen01
1019,Enyel De Los Santos,25,PHI,NL,26,0,0,28.0,5,2,2,1,0,.800,,,-1,-7,1.29,1.48,0.15,1.45,,,,,,,1,,delosen01
1019,Enyel De Los Santos,25,PIT,NL,7,0,0,7.1,0,0,0,0,0,,,,0,0,0.00,1.47,0.00,1.46,,,,,,,/1,,delosen01
1020,Louis Head,31,TBR,AL,27,2,0,35.0,5,3,1,1,0,.800,,,1,6,1.03,1.16,0.15,1.13,,,,,,,1,,headlo01
1021,Will Vest,26,SEA,AL,32,0,0,35.0,11,4,6,1,2,.909,,,1,6,2.57,1.16,0.31,1.13,,,,,,,1,,vestwi01
1022,Taylor Motter,31,2TM,2LG,6,4,2,35.0,14,5,8,1,1,.929,-1,-38,2,69,3.34,2.91,2.17,2.90,,,,,,,/H549D,,motteta01
1022,Taylor Motter,31,COL,NL,4,3,2,24.0,10,4,6,0,0,1.000,1,25,2,100,3.75,2.40,2.50,2.38,,,,,,,/H59D,,motteta01
1022,Taylor Motter,31,BOS,AL,2,1,0,11.0,4,1,2,1,1,.750,-2,-175,0,0,2.45,4.01,1.50,3.95,,,,,,,/4H,,motteta01
1023,Danny Coulombe,31,MIN,AL,29,1,0,34.1,6,0,6,0,0,1.000,,,1,6,1.57,1.15,0.21,1.13,,,,,,,1,,couloda01
1024,Jacob Webb,27,ATL,NL,34,0,0,34.1,7,1,3,3,0,.571,,,-2,-12,1.05,1.49,0.12,1.45,,,,,,,1,,webbja01
1025,Ashton Goudeau,28,2TM,NL,16,1,0,34.1,6,2,4,0,1,1.000,,,0,0,1.57,1.49,0.38,1.46,,,,,,,1,,goudeas01
1025,Ashton Goudeau,28,CIN,NL,5,0,0,9.0,3,1,2,0,0,1.000,,,1,22,3.00,1.50,0.60,1.46,,,,,,,/1,,goudeas01
1025,Ashton Goudeau,28,COL,NL,11,1,0,25.1,3,1,2,0,1,1.000,,,-1,-8,1.07,1.49,0.27,1.45,,,,,,,1,,goudeas01
1026,Braxton Garrett,23,MIA,NL,8,7,0,34.0,8,0,7,1,0,.875,,,1,6,1.85,1.48,0.88,1.45,,,,,,,/1,,garrebr01
1027,Ryan Thompson,29,TBR,AL,36,0,0,34.0,5,2,3,0,0,1.000,,,1,6,1.32,1.16,0.14,1.13,,,,,,,1,,thompry02
1028,Justin Wilson,33,2TM,2LG,42,0,0,34.0,1,1,0,0,0,1.000,,,0,0,0.26,1.30,0.02,1.29,,,,,,,1,,wilsoju10
1028,Justin Wilson,33,NYY,AL,21,0,0,18.0,0,0,0,0,0,,,,0,0,0.00,1.15,0.00,1.13,,,,,,,1,,wilsoju10
1028,Justin Wilson,33,CIN,NL,21,0,0,16.0,1,1,0,0,0,1.000,,,0,0,0.56,1.46,0.05,1.45,,,,,,,1,,wilsoju10
1029,Tejay Antone,27,CIN,NL,22,0,0,33.2,7,5,2,0,1,1.000,,,0,0,1.87,1.50,0.30,1.45,,,,,,,1,,antonte01
1030,Jesse Chavez,37,ATL,NL,30,4,0,33.2,6,1,4,1,0,.833,,,1,6,1.34,1.50,0.17,1.45,,,,,,,1,,chaveje01
1031,Bailey Falter,24,PHI,NL,22,1,0,33.2,2,0,2,0,0,1.000,,,0,0,0.53,1.50,0.09,1.45,,,,,,,1,,falteba01
1032,Anthony Kay,26,TOR,AL,11,5,0,33.2,5,1,4,0,0,1.000,,,2,12,1.34,1.15,0.45,1.13,,,,,,,1,,kayan01
1033,Scott Kingery,27,PHI,NL,11,2,0,33.2,11,5,5,1,2,.909,-2,-53,-1,-36,2.67,2.86,0.83,2.71,,,,,,,/H94578,,kingesc01
1034,Nick Sandlin,24,CLE,AL,34,0,0,33.2,4,0,4,0,1,1.000,,,0,0,1.07,1.15,0.12,1.13,,,,,,,1,,sandlni01
1035,Domingo Tapia,29,2TM,AL,34,0,0,33.2,2,0,2,0,0,1.000,,,0,0,0.53,1.18,0.06,1.13,,,,,,,1,,tapiado01
1035,Domingo Tapia,29,SEA,AL,2,0,0,2.0,1,0,1,0,0,1.000,,,0,0,4.50,1.35,0.50,1.15,,,,,,,/1,,tapiado01
1035,Domingo Tapia,29,KCR,AL,32,0,0,31.2,1,0,1,0,0,1.000,,,0,0,0.28,1.17,0.03,1.13,,,,,,,1,,tapiado01
1036,Anthony Banda,27,2TM,NL,30,0,0,33.2,2,1,0,1,0,.500,,,0,0,0.27,1.50,0.03,1.45,,,,,,,1,,bandaan01
1036,Anthony Banda,27,NYM,NL,5,0,0,7.1,1,0,0,1,0,.000,,,0,0,0.00,1.47,0.00,1.46,,,,,,,/1,,bandaan01
1036,Anthony Banda,27,PIT,NL,25,0,0,26.1,1,1,0,0,0,1.000,,,0,0,0.34,1.50,0.04,1.45,,,,,,,1,,bandaan01
1037,Stuart Fairchild,25,ARI,NL,8,4,0,33.1,7,7,0,0,0,1.000,1,32,1,36,1.89,2.05,0.88,2.00,,,,,,,/H879,,faircst01
1038,Luis García,34,STL,NL,34,0,0,33.1,6,2,4,0,0,1.000,,,0,0,1.62,1.49,0.18,1.45,,,,,,,1,,garcilu03
1039,Brusdar Graterol,22,LAD,NL,34,1,0,33.1,15,5,10,0,1,1.000,,,2,12,4.05,1.49,0.44,1.45,,,,,,,1,,gratebr01
1040,Kyle Keller,28,PIT,NL,32,0,0,33.1,2,0,2,0,0,1.000,,,0,0,0.54,1.49,0.06,1.45,,,,,,,1,,kelleky01
1041,Daniel Ponce de Leon,29,STL,NL,24,2,0,33.1,7,4,2,1,0,.857,,,0,0,1.62,1.49,0.25,1.45,,,,,,,1,,ponceda01
1042,Alex Claudio,29,LAA,AL,41,0,0,32.2,8,6,2,0,0,1.000,,,0,0,2.20,1.16,0.20,1.13,,,,,,,1,,claudal01
1043,Jake Faria,27,ARI,NL,23,3,0,32.2,8,7,1,0,0,1.000,,,0,0,2.20,1.49,0.35,1.45,,,,,,,1,,fariaja01
1044,Sean Newcomb,28,ATL,NL,32,0,0,32.1,6,1,5,0,0,1.000,,,1,6,1.67,1.48,0.19,1.45,,,,,,,1,,newcose01
1045,Rafael Dolis,33,TOR,AL,39,0,0,32.0,3,1,2,0,0,1.000,,,-1,-6,0.84,1.15,0.08,1.13,,,,,,,1,,dolisra01
1046,Tyler Chatwood,31,2TM,2LG,32,0,0,32.0,7,3,3,1,0,.857,,,0,0,1.69,1.21,0.19,1.15,,,,,,,1,,chatwty01
1046,Tyler Chatwood,31,TOR,AL,30,0,0,28.0,6,2,3,1,0,.833,,,0,0,1.61,1.16,0.17,1.13,,,,,,,1,,chatwty01
1046,Tyler Chatwood,31,SFG,NL,2,0,0,4.0,1,1,0,0,0,1.000,,,0,0,2.25,1.58,0.50,1.45,,,,,,,/1,,chatwty01
1047,Aaron Ashby,23,MIL,NL,13,4,0,31.2,5,1,3,1,0,.800,,,-1,-6,1.14,1.48,0.31,1.45,,,,,,,1/H,,ashbyaa01
1048,Ryan Hendrix,26,CIN,NL,36,0,0,31.2,4,3,1,0,0,1.000,,,-1,-6,1.14,1.48,0.11,1.45,,,,,,,1,,hendrry01
1049,Tanner Rainey,28,WSN,NL,38,0,0,31.2,0,0,0,0,0,,,,-1,-6,0.00,1.48,0.00,1.45,,,,,,,1,,raineta01
1050,Dillon Maples,29,CHC,NL,28,0,0,31.1,5,3,2,0,0,1.000,,,-1,-6,1.44,1.49,0.18,1.45,,,,,,,1,,mapledi01
1051,Michael Lorenzen,29,CIN,NL,27,0,0,31.0,10,5,5,0,1,1.000,0,4,0,0,2.90,1.54,0.36,1.47,,,,,,,1/89,,lorenmi01
1052,Keynan Middleton,27,SEA,AL,32,1,0,31.0,1,0,1,0,0,1.000,,,-1,-6,0.29,1.16,0.03,1.13,,,,,,,1,,middlke01
1053,Aaron Slegers,28,LAA,AL,29,0,0,31.0,5,1,4,0,0,1.000,,,-1,-6,1.45,1.16,0.17,1.13,,,,,,,1,,slegeaa01
1054,Connor Wong,25,BOS,AL,5,3,3,31.0,32,31,1,0,0,1.000,1,39,1,39,9.29,9.35,6.40,9.14,0,1,0,1,100.0,0,/2HD,,wongco01
1055,Jharel Cotton,29,TEX,AL,23,0,0,30.2,2,1,1,0,0,1.000,,,0,0,0.59,1.17,0.09,1.13,,,,,,,1,,cottojh01
1056,Cody Poteet,26,MIA,NL,7,7,0,30.2,4,2,2,0,1,1.000,,,0,0,1.17,1.50,0.57,1.46,,,,,,,/1H,,poteeco01
1057,Jackson Kowar,24,KCR,AL,9,8,0,30.1,7,0,7,0,0,1.000,,,1,7,2.08,1.16,0.78,1.13,,,,,,,/1,,kowarja01
1058,Ralph Garza,27,2TM,AL,27,0,0,30.1,4,1,3,0,0,1.000,,,1,7,1.19,1.16,0.15,1.13,,,,,,,1,,garzara01
1058,Ralph Garza,27,HOU,AL,9,0,0,11.0,1,0,1,0,0,1.000,,,0,0,0.82,1.15,0.11,1.13,,,,,,,/1,,garzara01
1058,Ralph Garza,27,MIN,AL,18,0,0,19.1,3,1,2,0,0,1.000,,,1,10,1.40,1.16,0.17,1.13,,,,,,,1,,garzara01
1059,Brad Brach,35,CIN,NL,35,0,0,30.0,9,2,5,2,1,.778,,,-1,-7,2.10,1.50,0.20,1.45,,,,,,,1,,brachbr01
1060,Jake Cousins,26,MIL,NL,30,0,0,30.0,4,1,3,0,0,1.000,,,-1,-7,1.20,1.50,0.13,1.45,,,,,,,1,,cousija01
1061,Marcos Diplán,24,BAL,AL,23,0,0,30.0,2,0,2,0,0,1.000,,,0,0,0.60,1.17,0.09,1.13,,,,,,,1,,diplama01
1062,Kyle McGowin,29,WSN,NL,27,0,0,30.0,2,2,0,0,0,1.000,,,-1,-7,0.60,1.50,0.07,1.45,,,,,,,1,,mcgowky01
1063,Ronald Guzmán,26,TEX,AL,6,4,3,29.2,24,21,3,0,1,1.000,0,12,0,0,7.28,7.86,4.00,6.03,,,,,,,/37HD,,guzmaro01
1064,Brandon Kintzler,36,PHI,NL,29,1,0,29.2,8,3,5,0,1,1.000,,,1,7,2.43,1.49,0.28,1.45,,,,,,,1,,kintzbr01
1065,Alejo Lopez,25,CIN,NL,7,3,3,29.2,10,2,7,1,0,.900,-1,-53,-1,-40,2.73,3.03,1.00,2.83,,,,,,,/H4578,,lopezal03
1066,Zac Lowther,25,BAL,AL,10,6,0,29.2,4,1,3,0,0,1.000,,,-1,-7,1.21,1.15,0.40,1.13,,,,,,,1,,lowthza01
1067,Luis Oviedo,22,PIT,NL,22,1,0,29.2,4,2,2,0,1,1.000,,,-1,-7,1.21,1.49,0.18,1.45,,,,,,,1,,oviedlu01
1068,Chris Rodriguez,22,LAA,AL,15,2,0,29.2,2,2,0,0,0,1.000,,,-1,-7,0.61,1.15,0.13,1.13,,,,,,,1,,rodrich01
1069,Luis Gil,23,NYY,AL,6,6,0,29.1,2,0,2,0,0,1.000,,,0,0,0.61,1.17,0.33,1.13,,,,,,,/1,,gillu01
1070,Jordan Sheffield,26,COL,NL,30,0,0,29.1,6,3,3,0,1,1.000,,,0,0,1.84,1.50,0.20,1.45,,,,,,,1,,sheffjo01
1071,Chris Ellis,28,2TM,AL,7,6,0,29.1,2,0,2,0,0,1.000,,,0,0,0.61,1.17,0.29,1.13,,,,,,,/1H,,ellisch01
1071,Chris Ellis,28,TBR,AL,1,0,0,4.0,0,0,0,0,0,,,,0,0,0.00,1.13,0.00,1.10,,,,,,,/1,,ellisch01
1071,Chris Ellis,28,BAL,AL,6,6,0,25.1,2,0,2,0,0,1.000,,,0,0,0.71,1.17,0.33,1.13,,,,,,,/1H,,ellisch01
1072,Joe Barlow,25,TEX,AL,31,0,0,29.0,3,2,1,0,0,1.000,,,0,0,0.93,1.15,0.10,1.13,,,,,,,1,,barlojo01
1073,Jon Jay,36,LAA,AL,5,3,3,29.0,8,8,0,0,0,1.000,0,-12,0,0,2.48,2.17,1.60,2.10,,,,,,,/7,,jayjo02
1074,Reiss Knehr,24,SDP,NL,12,5,0,29.0,2,0,2,0,0,1.000,,,0,0,0.62,1.49,0.17,1.45,,,,,,,1,,knehrre01
1075,Jose Lobaton,36,CHC,NL,5,3,3,29.0,29,28,1,0,0,1.000,-2,-83,-1,-41,9.00,9.47,5.80,9.22,1,2,7,0,0.0,0,/2H,,lobatjo01
1076,Brian Miller,25,MIA,NL,4,3,2,29.0,3,2,1,0,0,1.000,0,8,0,0,0.93,2.05,0.75,2.00,,,,,,,/78H9,,millebr03
1077,Yairo Muñoz,26,BOS,AL,4,2,2,29.0,5,2,3,0,0,1.000,-1,-37,0,0,1.55,3.48,1.25,3.50,,,,,,,/47H,,munozya01
1078,Jimmy Nelson,32,LAD,NL,28,1,0,29.0,3,1,2,0,0,1.000,,,-1,-7,0.93,1.49,0.11,1.45,,,,,,,1,,nelsoji02
1079,Justin Garza,27,CLE,AL,21,0,0,28.2,5,2,3,0,1,1.000,,,0,0,1.57,1.16,0.24,1.13,,,,,,,1,,garzaju01
1080,Robert Gsellman,27,NYM,NL,17,1,0,28.2,12,5,7,0,1,1.000,,,1,7,3.77,1.51,0.71,1.45,,,,,,,1/H,,gsellro01
1081,Tommy Nance,30,CHC,NL,27,0,0,28.2,6,4,2,0,1,1.000,,,0,0,1.88,1.51,0.22,1.45,,,,,,,1,,nanceto01
1082,Jacob Barnes,31,2TM,2LG,29,0,0,28.2,5,2,3,0,0,1.000,,,1,7,1.57,1.38,0.17,1.34,,,,,,,1,,barneja01
1082,Jacob Barnes,31,NYM,NL,19,0,0,18.2,5,2,3,0,0,1.000,,,1,11,2.41,1.49,0.26,1.45,,,,,,,1,,barneja01
1082,Jacob Barnes,31,TOR,AL,10,0,0,10.0,0,0,0,0,0,,,,0,0,0.00,1.17,0.00,1.13,,,,,,,1,,barneja01
1083,Kevin Ginkel,27,ARI,NL,32,0,0,28.1,3,3,0,0,0,1.000,,,-2,-14,0.95,1.49,0.09,1.45,,,,,,,1,,ginkeke01
1084,Michael Rucker,27,CHC,NL,20,0,0,28.1,1,0,1,0,1,1.000,,,-2,-14,0.32,1.49,0.05,1.45,,,,,,,1,,ruckemi01
1085,Travis Lakins Sr.,27,BAL,AL,24,1,0,28.0,5,1,4,0,0,1.000,,,2,14,1.61,1.16,0.21,1.13,,,,,,,1,,lakintr01
1086,Max Moroff,28,STL,NL,5,3,2,28.0,16,6,9,1,3,.938,-1,-60,0,0,4.82,3.63,3.00,3.70,,,,,,,/45H,,morofma01
1087,Nick Williams,27,CHW,AL,3,3,3,28.0,5,5,0,0,0,1.000,0,0,-1,-43,1.61,2.15,1.67,2.10,,,,,,,/7DH,,willini01
1088,Brandon Workman,32,2TM,2LG,29,0,0,28.0,7,3,4,0,0,1.000,,,0,0,2.25,1.25,0.24,1.24,,,,,,,1,,workmbr01
1088,Brandon Workman,32,CHC,NL,10,0,0,8.0,3,1,2,0,0,1.000,,,0,0,3.38,1.46,0.30,1.45,,,,,,,1,,workmbr01
1088,Brandon Workman,32,BOS,AL,19,0,0,20.0,4,2,2,0,0,1.000,,,0,0,1.80,1.17,0.21,1.13,,,,,,,1,,workmbr01
1089,Patrick Murphy,26,2TM,2LG,25,0,0,28.0,4,2,2,0,0,1.000,,,-1,-7,1.29,1.38,0.16,1.35,,,,,,,1,,murphpa02
1089,Patrick Murphy,26,TOR,AL,8,0,0,9.1,0,0,0,0,0,,,,0,0,0.00,1.16,0.00,1.13,,,,,,,/1,,murphpa02
1089,Patrick Murphy,26,WSN,NL,17,0,0,18.2,4,2,2,0,0,1.000,,,-1,-11,1.93,1.49,0.24,1.45,,,,,,,1,,murphpa02
1090,Steven Brault,29,PIT,NL,7,7,0,27.2,6,0,6,0,0,1.000,,,2,14,1.95,1.50,0.86,1.46,,,,,,,/1,,braulst01
1091,Thomas Eshelman,27,BAL,AL,9,6,0,27.2,2,1,1,0,0,1.000,,,-1,-7,0.65,1.17,0.22,1.13,,,,,,,/1,,eshelto01
1092,Trent Giambrone,27,CHC,NL,4,3,3,27.2,17,9,7,1,4,.941,-1,-48,0,0,5.20,4.13,4.00,4.00,,,,,,,/4H,,giambtr01
1093,Yohan Ramírez,26,SEA,AL,25,0,0,27.2,3,1,2,0,0,1.000,,,-1,-7,0.98,1.17,0.12,1.13,,,,,,,1,,ramiryo01
1094,Evan Marshall,31,CHW,AL,27,0,0,27.1,6,2,4,0,0,1.000,,,1,7,1.98,1.15,0.22,1.13,,,,,,,1,,marshev01
1095,Chris Mazza,31,TBR,AL,14,0,0,27.1,3,1,1,1,1,.667,,,0,0,0.66,1.15,0.14,1.13,,,,,,,1,,mazzach01
1096,Andrew Wantz,25,LAA,AL,21,0,0,27.1,1,1,0,0,0,1.000,,,0,0,0.33,1.15,0.05,1.13,,,,,,,1,,wantzan01
1097,Tyler Zuber,26,KCR,AL,31,0,0,27.1,4,1,3,0,0,1.000,,,0,0,1.32,1.15,0.13,1.13,,,,,,,1,,zuberty01
1098,Yacksel Ríos,28,2TM,AL,23,0,0,27.1,6,0,6,0,0,1.000,,,2,15,1.98,1.15,0.26,1.13,,,,,,,1,,riosya01
1098,Yacksel Ríos,28,SEA,AL,3,0,0,3.0,1,0,1,0,0,1.000,,,0,0,3.00,1.20,0.33,1.13,,,,,,,/1,,riosya01
1098,Yacksel Ríos,28,BOS,AL,20,0,0,24.1,5,0,5,0,0,1.000,,,2,16,1.85,1.15,0.25,1.13,,,,,,,1,,riosya01
1099,Camilo Doval,23,SFG,NL,29,0,0,27.0,3,0,3,0,0,1.000,,,-1,-7,1.00,1.50,0.10,1.45,,,,,,,1,,dovalca01
1100,Paul Campbell,25,MIA,NL,16,1,0,26.2,5,4,1,0,0,1.000,,,0,0,1.69,1.49,0.31,1.45,,,,,,,1,,campbpa02
1101,David Hale,33,PHI,NL,17,1,0,26.2,6,1,5,0,1,1.000,,,1,8,2.03,1.49,0.35,1.45,,,,,,,1,,haleda02
1102,Sean Nolin,31,WSN,NL,10,5,0,26.2,1,0,1,0,0,1.000,,,-1,-8,0.34,1.49,0.10,1.45,,,,,,,1,,nolinse01
1103,Dillon Peters,28,PIT,NL,6,6,0,26.2,4,1,3,0,0,1.000,,,1,8,1.35,1.49,0.67,1.45,,,,,,,/1,,peterdi01
1104,Erasmo Ramírez,31,DET,AL,17,0,0,26.2,4,2,2,0,0,1.000,,,0,0,1.35,1.15,0.24,1.13,,,,,,,1,,ramirer02
1105,Joe Ryan,25,MIN,AL,5,5,0,26.2,3,1,1,1,0,.667,,,0,0,0.68,1.15,0.40,1.14,,,,,,,/1,,ryanjo04
1106,Edward Cabrera,23,MIA,NL,7,7,0,26.1,3,0,3,0,1,1.000,,,0,0,1.03,1.50,0.43,1.46,,,,,,,/1,,cabreed02
1107,Demarcus Evans,24,TEX,AL,25,0,0,26.1,1,0,1,0,0,1.000,,,0,0,0.34,1.16,0.04,1.13,,,,,,,1,,evansde01
1108,Héctor Santiago,33,SEA,AL,13,1,0,26.1,4,4,0,0,0,1.000,,,0,0,1.37,1.16,0.31,1.13,,,,,,,1,,santihe01
1109,Austin Davis,28,2TM,2LG,29,0,0,26.1,2,0,2,0,0,1.000,,,0,0,0.68,1.30,0.07,1.24,,,,,,,1,,davisau01
1109,Austin Davis,28,PIT,NL,10,0,0,9.2,1,0,1,0,0,1.000,,,0,0,0.93,1.49,0.10,1.45,,,,,,,1,,davisau01
1109,Austin Davis,28,BOS,AL,19,0,0,16.2,1,0,1,0,0,1.000,,,0,0,0.54,1.19,0.05,1.13,,,,,,,1,,davisau01
1110,Eric Campbell,34,SEA,AL,3,3,3,26.0,9,8,1,0,3,1.000,0,-14,0,0,3.12,4.43,3.00,4.43,,,,,,,/53H,,campber01
1111,Jeff Mathis,38,ATL,NL,3,3,2,26.0,24,23,1,0,0,1.000,-1,-46,0,0,8.31,9.48,8.00,9.20,1,1,2,0,0.0,0,/2,,mathije01
1112,Miguel Sánchez,27,MIL,NL,28,0,0,26.0,5,3,2,0,0,1.000,,,0,0,1.73,1.49,0.18,1.45,,,,,,,1,,sanchmi01
1113,Robert Dugger,25,SEA,AL,12,4,0,25.2,3,2,1,0,0,1.000,,,-1,-8,1.05,1.16,0.25,1.13,,,,,,,1,,duggero01
1114,Carson Fulmer,27,CIN,NL,20,0,0,25.2,1,0,1,0,0,1.000,,,-1,-8,0.35,1.51,0.05,1.45,,,,,,,1,,fulmeca01
1115,Corey Knebel,29,LAD,NL,27,4,0,25.2,5,3,2,0,1,1.000,,,0,0,1.75,1.51,0.19,1.45,,,,,,,1,,knebeco01
1116,Drew Pomeranz,32,SDP,NL,27,0,0,25.2,3,0,3,0,0,1.000,,,0,0,1.05,1.51,0.11,1.45,,,,,,,1,,pomerdr01
1117,José Quijada,25,LAA,AL,26,0,0,25.2,2,0,2,0,0,1.000,,,1,8,0.70,1.16,0.08,1.13,,,,,,,1,,quijajo01
1118,Tayler Saucedo,28,TOR,AL,29,0,0,25.2,6,0,6,0,0,1.000,,,2,16,2.10,1.16,0.21,1.13,,,,,,,1,,sauceta01
1119,Tyler Clippard,36,ARI,NL,26,0,0,25.1,0,0,0,0,0,,,,0,0,0.00,1.49,0.00,1.45,,,,,,,1,,clippty01
1120,Pete Kozma,33,OAK,AL,3,3,3,25.1,15,1,14,0,1,1.000,1,57,2,95,5.33,3.80,5.00,3.73,,,,,,,/6,,kozmape01
1121,Adam Morgan,31,CHC,NL,34,0,0,25.1,5,2,3,0,2,1.000,,,0,0,1.78,1.49,0.15,1.45,,,,,,,1,,morgaad01
1122,Kodi Whitley,26,STL,NL,25,0,0,25.1,4,3,1,0,0,1.000,,,0,0,1.42,1.49,0.16,1.45,,,,,,,1,,whitlko01
1123,Conner Greene,26,2TM,2LG,24,1,0,25.1,3,0,3,0,0,1.000,,,0,0,1.07,1.17,0.13,1.16,,,,,,,1,,greenco01
1123,Conner Greene,26,BAL,AL,22,1,0,23.1,3,0,3,0,0,1.000,,,0,0,1.16,1.16,0.14,1.13,,,,,,,1,,greenco01
1123,Conner Greene,26,LAD,NL,2,0,0,2.0,0,0,0,0,0,,,,0,0,0.00,1.35,0.00,1.45,,,,,,,/1,,greenco01
1124,Andy Burns,30,LAD,NL,6,2,0,25.0,9,7,2,0,0,1.000,-1,-34,-1,-48,3.24,4.50,1.13,4.35,,,,,,,/H4351,,burnsan01
1125,Yennsy Díaz,24,NYM,NL,20,0,0,25.0,2,1,1,0,0,1.000,,,0,0,0.72,1.48,0.10,1.45,,,,,,,1,,diazye01
1126,Sal Romano,27,3TM,2LG,19,0,0,25.0,5,0,5,0,2,1.000,,,0,0,1.80,1.44,0.26,1.38,,,,,,,1,,romansa01
1126,Sal Romano,27,2TM,NL,15,0,0,21.2,4,0,4,0,2,1.000,,,0,0,1.66,1.50,0.27,1.45,,,,,,,1,,romansa01
1126,Sal Romano,27,CIN,NL,14,0,0,20.2,3,0,3,0,2,1.000,,,0,0,1.31,1.48,0.21,1.45,,,,,,,1,,romansa01
1126,Sal Romano,27,MIL,NL,1,0,0,1.0,1,0,1,0,0,1.000,,,0,0,9.00,1.80,1.00,1.50,,,,,,,/1,,romansa01
1126,Sal Romano,27,NYY,AL,4,0,0,3.1,1,0,1,0,0,1.000,,,0,0,2.70,1.08,0.25,1.13,,,,,,,/1,,romansa01
1127,Sam Selman,30,2TM,2LG,25,0,0,25.0,2,0,2,0,0,1.000,,,1,8,0.72,1.26,0.08,1.22,,,,,,,1,,selmasa01
1127,Sam Selman,30,SFG,NL,7,0,0,8.0,0,0,0,0,0,,,,0,0,0.00,1.46,0.00,1.46,,,,,,,/1,,selmasa01
1127,Sam Selman,30,LAA,AL,18,0,0,17.0,2,0,2,0,0,1.000,,,1,12,1.06,1.16,0.11,1.13,,,,,,,1,,selmasa01
1128,Cam Bedrosian,29,3TM,2LG,26,1,0,25.0,4,2,2,0,0,1.000,,,0,0,1.44,1.37,0.15,1.34,,,,,,,1,,bedroca01
1128,Cam Bedrosian,29,2TM,NL,17,1,0,16.0,4,2,2,0,0,1.000,,,0,0,2.25,1.46,0.24,1.45,,,,,,,1,,bedroca01
1128,Cam Bedrosian,29,CIN,NL,6,0,0,5.2,2,0,2,0,0,1.000,,,0,0,3.18,1.43,0.33,1.45,,,,,,,/1,,bedroca01
1128,Cam Bedrosian,29,OAK,AL,9,0,0,9.0,0,0,0,0,0,,,,0,0,0.00,1.20,0.00,1.13,,,,,,,/1,,bedroca01
1128,Cam Bedrosian,29,PHI,NL,11,1,0,10.1,2,2,0,0,0,1.000,,,0,0,1.74,1.48,0.18,1.45,,,,,,,1,,bedroca01
1129,Anthony Castro,26,TOR,AL,25,0,0,24.2,6,4,2,0,0,1.000,,,0,0,2.19,1.17,0.24,1.13,,,,,,,1,,castran02
1130,Luke Farrell,30,MIN,AL,20,1,0,24.2,2,2,0,0,0,1.000,,,-1,-8,0.73,1.17,0.10,1.13,,,,,,,1,,farrelu01
1131,Mason Thompson,23,2TM,NL,31,0,0,24.2,3,0,1,2,0,.333,,,-2,-16,0.36,1.50,0.03,1.45,,,,,,,1,,thompma02
1131,Mason Thompson,23,SDP,NL,4,0,0,3.0,1,0,0,1,0,.000,,,0,0,0.00,1.50,0.00,1.45,,,,,,,/1,,thompma02
1131,Mason Thompson,23,WSN,NL,27,0,0,21.2,2,0,1,1,0,.500,,,-2,-18,0.42,1.50,0.04,1.45,,,,,,,1,,thompma02
1132,Kyle Crick,28,PIT,NL,27,0,0,24.1,3,0,3,0,0,1.000,,,-1,-8,1.11,1.48,0.11,1.45,,,,,,,1,,crickky01
1133,Jefry Rodríguez,27,WSN,NL,14,1,0,24.1,1,0,1,0,0,1.000,,,0,0,0.37,1.48,0.07,1.45,,,,,,,1,,rodrije01
1134,Luis González,25,CHW,AL,4,3,1,24.0,5,4,1,0,0,1.000,1,45,0,0,1.88,2.18,1.25,2.10,,,,,,,/97H,,gonzalu03
1135,Cionel Pérez,25,CIN,NL,25,0,0,24.0,4,0,4,0,0,1.000,,,1,8,1.50,1.50,0.16,1.45,,,,,,,1,,perezci01
1136,Ryan Borucki,27,TOR,AL,24,0,0,23.2,4,0,4,0,0,1.000,,,0,0,1.52,1.18,0.17,1.13,,,,,,,1,,borucry01
1137,Monte Harrison,25,MIA,NL,7,2,2,23.2,8,7,1,0,0,1.000,1,71,2,101,3.04,2.05,1.14,2.00,,,,,,,/8H9,,harrimo01
1138,Trevor Megill,27,CHC,NL,28,0,0,23.2,5,0,4,1,1,.800,,,1,8,1.52,1.48,0.14,1.45,,,,,,,1,,megiltr01
1139,Wilfredo Tovar,29,NYM,NL,4,1,1,23.2,8,1,7,0,0,1.000,0,20,0,0,3.04,4.11,2.00,4.00,,,,,,,/4H,,tovarwi01
1140,Shane Greene,32,2TM,NL,28,0,0,23.2,1,1,0,0,0,1.000,,,0,0,0.38,1.48,0.04,1.45,,,,,,,1,,greensh02
1140,Shane Greene,32,ATL,NL,19,0,0,17.0,1,1,0,0,0,1.000,,,0,0,0.53,1.48,0.05,1.45,,,,,,,1,,greensh02
1140,Shane Greene,32,LAD,NL,9,0,0,6.2,0,0,0,0,0,,,,0,0,0.00,1.49,0.00,1.46,,,,,,,/1,,greensh02
1141,Stefan Crichton,29,ARI,NL,31,0,0,23.1,5,2,3,0,2,1.000,,,0,0,1.93,1.50,0.16,1.45,,,,,,,1,,crichst01
1142,Nick Mears,24,PIT,NL,30,0,0,23.1,4,3,1,0,0,1.000,,,-2,-17,1.54,1.50,0.13,1.45,,,,,,,1,,mearsni01
1143,Glenn Otto,25,TEX,AL,6,6,0,23.1,3,0,3,0,0,1.000,,,0,0,1.16,1.16,0.50,1.13,,,,,,,/1,,ottogl01
1144,Shaun Anderson,26,3TM,2LG,16,0,0,23.1,3,1,2,0,0,1.000,,,0,0,1.16,1.23,0.19,1.23,,,,,,,1,,andersh01
1144,Shaun Anderson,26,2TM,AL,11,0,0,18.2,2,1,1,0,0,1.000,,,0,0,0.96,1.16,0.18,1.13,,,,,,,1,,andersh01
1144,Shaun Anderson,26,MIN,AL,4,0,0,8.2,1,1,0,0,0,1.000,,,0,0,1.04,1.14,0.25,1.13,,,,,,,/1,,andersh01
1144,Shaun Anderson,26,BAL,AL,7,0,0,10.0,1,0,1,0,0,1.000,,,0,0,0.90,1.17,0.14,1.13,,,,,,,/1,,andersh01
1144,Shaun Anderson,26,SDP,NL,5,0,0,4.2,1,0,1,0,0,1.000,,,0,0,1.93,1.54,0.20,1.46,,,,,,,/1,,andersh01
1145,A.J. Alexy,23,TEX,AL,5,4,0,23.0,4,0,4,0,0,1.000,,,2,17,1.57,1.17,0.80,1.14,,,,,,,/1,,alexyaj01
1146,Caleb Baragar,27,SFG,NL,25,0,0,23.0,4,2,2,0,1,1.000,,,0,0,1.57,1.49,0.16,1.45,,,,,,,1,,baragca01
1147,Dustin May,23,LAD,NL,5,5,0,23.0,4,2,2,0,0,1.000,,,0,0,1.57,1.49,0.80,1.46,,,,,,,/1,,maydu01
1148,Rowan Wick,28,CHC,NL,22,0,0,23.0,2,0,2,0,0,1.000,,,-1,-9,0.78,1.49,0.09,1.45,,,,,,,1,,wickro01
1149,Wes Benjamin,27,TEX,AL,13,2,0,22.2,0,0,0,0,0,,,,-1,-9,0.00,1.15,0.00,1.13,,,,,,,1,,benjawe01
1150,Packy Naughton,25,LAA,AL,7,5,0,22.2,7,2,5,0,0,1.000,,,1,9,2.78,1.15,1.00,1.13,,,,,,,/1,,naughpa01
1151,Sean Poppen,27,3TM,2LG,24,0,0,22.2,2,0,0,2,0,.000,,,-2,-18,0.00,1.51,0.00,1.44,,,,,,,1,,poppese01
1151,Sean Poppen,27,2TM,NL,23,0,0,22.0,2,0,0,2,0,.000,,,-2,-18,0.00,1.51,0.00,1.45,,,,,,,1,,poppese01
1151,Sean Poppen,27,PIT,NL,3,0,0,4.2,1,0,0,1,0,.000,,,-1,-43,0.00,1.54,0.00,1.47,,,,,,,/1,,poppese01
1151,Sean Poppen,27,TBR,AL,1,0,0,0.2,0,0,0,0,0,,,,0,0,0.00,1.35,0.00,1.10,,,,,,,/1,,poppese01
1151,Sean Poppen,27,ARI,NL,20,0,0,17.1,1,0,0,1,0,.000,,,-1,-12,0.00,1.51,0.00,1.45,,,,,,,1,,poppese01
1152,Dietrich Enns,30,TBR,AL,9,0,0,22.1,2,0,2,0,0,1.000,,,1,9,0.81,1.17,0.22,1.13,,,,,,,/1,,ennsdi01
1153,Humberto Mejía,24,ARI,NL,5,5,0,22.1,1,1,0,0,0,1.000,,,0,0,0.40,1.49,0.20,1.46,,,,,,,/1,,mejiahu01
1154,Drew Anderson,27,TEX,AL,9,1,0,22.0,4,1,3,0,1,1.000,,,0,0,1.64,1.15,0.44,1.13,,,,,,,/1,,anderdr02
1155,Dillon Thomas,28,SEA,AL,4,2,2,22.0,10,9,1,0,0,1.000,0,16,1,55,4.09,2.17,2.50,2.10,,,,,,,/789H,,thomadi01
1156,Jay Jackson,33,SFG,NL,23,1,0,21.2,1,0,1,0,0,1.000,,,0,0,0.42,1.50,0.04,1.45,,,,,,,1,,jacksja01
1157,Hoby Milner,30,MIL,NL,19,0,0,21.2,2,0,2,0,0,1.000,,,0,0,0.83,1.50,0.11,1.45,,,,,,,1,,milneho01
1158,Stephen Strasburg,32,WSN,NL,5,5,0,21.2,4,1,3,0,0,1.000,,,0,0,1.66,1.50,0.80,1.46,,,,,,,/1,,strasst01
1159,Drew Hutchison,30,DET,AL,9,2,0,21.1,7,2,5,0,1,1.000,,,0,0,2.95,1.14,0.78,1.13,,,,,,,/1,,hutchdr01
1160,Jorge Bonifacio,28,PHI,NL,5,3,0,21.0,5,5,0,0,0,1.000,0,-11,-1,-57,2.14,2.06,1.00,2.00,,,,,,,/87H,,bonifjo01
1161,Erick Castillo,28,CHC,NL,4,2,0,21.0,18,15,3,0,2,1.000,0,0,1,57,7.71,9.47,4.50,9.20,0,0,4,1,20.0,1,/2H,,castier01
1162,Art Warren,28,CIN,NL,26,0,0,21.0,1,0,1,0,0,1.000,,,-1,-10,0.43,1.50,0.04,1.45,,,,,,,1,,warrear01
1163,Reid Detmers,21,LAA,AL,5,5,0,20.2,2,0,2,0,0,1.000,,,-1,-10,0.87,1.18,0.40,1.14,,,,,,,/1,,detmere01
1164,Junior Fernández,24,STL,NL,18,0,0,20.2,2,0,2,0,0,1.000,,,-1,-10,0.87,1.48,0.11,1.45,,,,,,,1,,fernaju01
1165,Richard Lovelady,25,KCR,AL,20,0,0,20.2,6,1,5,0,0,1.000,,,1,10,2.61,1.18,0.30,1.13,,,,,,,1,,lovelri01
1166,Sean Reid-Foley,25,NYM,NL,12,0,0,20.2,3,0,2,1,0,.667,,,-1,-10,0.87,1.48,0.17,1.45,,,,,,,1,,reidfse01
1167,Daniel Castano,26,MIA,NL,5,4,0,20.1,7,2,3,2,0,.714,,,0,0,2.21,1.50,1.00,1.46,,,,,,,/1,,castada01
1168,Sean Guenther,25,MIA,NL,14,0,0,20.1,3,2,1,0,0,1.000,,,-1,-10,1.33,1.50,0.21,1.45,,,,,,,1,,guentse01
1169,Nick Ramirez,31,SDP,NL,13,0,0,20.1,3,2,1,0,0,1.000,,,0,0,1.33,1.50,0.23,1.45,,,,,,,1,,ramirni01
1170,Edwin Uceta,23,LAD,NL,14,1,0,20.1,3,0,3,0,0,1.000,,,0,0,1.33,1.50,0.21,1.45,,,,,,,1,,ucetaed01
1171,Austin Warren,25,LAA,AL,16,0,0,20.1,7,4,3,0,0,1.000,,,1,10,3.10,1.15,0.44,1.13,,,,,,,1,,warreau01
1172,Braden Bishop,27,SEA,AL,8,1,0,20.0,3,3,0,0,0,1.000,-1,-36,0,0,1.35,2.16,0.38,2.10,,,,,,,/7H,,bishobr01
1173,Tucker Davidson,25,ATL,NL,4,4,0,20.0,1,0,1,0,0,1.000,,,0,0,0.45,1.49,0.25,1.45,,,,,,,/1,,davidtu01
1174,Ryan Dorow,25,TEX,AL,3,2,2,20.0,4,1,3,0,0,1.000,0,-6,0,0,1.80,2.75,1.33,2.67,,,,,,,/5,,dorowry01
1175,J.D. Hammer,26,PHI,NL,20,0,0,20.0,3,2,0,1,0,.667,,,-1,-10,0.90,1.49,0.10,1.45,,,,,,,1,,hammejd01
1176,David Hess,27,2TM,2LG,15,1,0,20.0,0,0,0,0,0,,,,0,0,0.00,1.49,0.00,1.43,,,,,,,1,,hessda01
1176,David Hess,27,MIA,NL,14,1,0,18.0,0,0,0,0,0,,,,0,0,0.00,1.50,0.00,1.45,,,,,,,1,,hessda01
1176,David Hess,27,TBR,AL,1,0,0,2.0,0,0,0,0,0,,,,0,0,0.00,1.35,0.00,1.10,,,,,,,/1,,hessda01
1177,Michael Feliz,28,4TM,2LG,21,0,0,20.0,1,1,0,0,1,1.000,,,-1,-10,0.45,1.40,0.05,1.38,,,,,,,1,,felizmi01
1177,Michael Feliz,28,2TM,NL,16,0,0,14.1,0,0,0,0,0,,,,-1,-14,0.00,1.51,0.00,1.46,,,,,,,1,,felizmi01
1177,Michael Feliz,28,2TM,AL,5,0,0,5.2,1,1,0,0,1,1.000,,,0,0,1.59,1.11,0.20,1.12,,,,,,,/1,,felizmi01
1177,Michael Feliz,28,PIT,NL,7,0,0,7.2,0,0,0,0,0,,,,0,0,0.00,1.53,0.00,1.46,,,,,,,/1,,felizmi01
1177,Michael Feliz,28,CIN,NL,9,0,0,6.2,0,0,0,0,0,,,,-1,-30,0.00,1.49,0.00,1.46,,,,,,,/1,,felizmi01
1177,Michael Feliz,28,BOS,AL,4,0,0,5.1,1,1,0,0,1,1.000,,,0,0,1.69,1.18,0.25,1.13,,,,,,,/1,,felizmi01
1177,Michael Feliz,28,OAK,AL,1,0,0,0.1,0,0,0,0,0,,,,0,0,0.00,0.00,0.00,1.10,,,,,,,/1,,felizmi01
1178,Adam Conley,31,TBR,AL,17,0,0,19.2,5,4,1,0,0,1.000,,,0,0,2.29,1.14,0.29,1.13,,,,,,,1,,conlead01
1179,Jerad Eickhoff,30,NYM,NL,5,4,0,19.2,7,3,4,0,1,1.000,,,1,10,3.20,1.51,1.40,1.46,,,,,,,/1H,,eickhje01
1180,Andre Scrubb,26,HOU,AL,18,0,0,19.2,2,0,2,0,1,1.000,,,0,0,0.92,1.14,0.11,1.13,,,,,,,1,,scruban01
1181,Travis Blankenhorn,24,2TM,2LG,8,1,0,19.2,12,6,3,3,2,.750,-1,-55,-2,-122,4.12,3.71,1.13,3.51,,,,,,,H/479,,blanktr01
1181,Travis Blankenhorn,24,MIN,AL,1,0,0,0.2,1,0,0,1,0,.000,-1,-900,-1,-1800,0.00,4.05,0.00,4.00,,,,,,,/4H,,blanktr01
1181,Travis Blankenhorn,24,NYM,NL,7,1,0,19.0,11,6,3,2,2,.818,0,-25,-1,-63,4.26,3.69,1.29,3.44,,,,,,,H/479,,blanktr01
1182,Chris Archer,32,TBR,AL,6,5,0,19.1,0,0,0,0,0,,,,-1,-10,0.00,1.16,0.00,1.13,,,,,,,/1,,archech01
1183,Andrew Albers,35,MIN,AL,5,3,0,19.0,2,1,1,0,0,1.000,,,-1,-11,0.95,1.14,0.40,1.14,,,,,,,/1,,alberan01
1184,Luis Barrera,25,OAK,AL,5,2,0,19.0,4,4,0,0,0,1.000,2,120,1,63,1.89,2.18,0.80,2.10,,,,,,,/79H8,,barrelu01
1185,Justin Miller,34,2TM,NL,23,0,0,19.0,1,0,1,0,0,1.000,,,-1,-11,0.47,1.47,0.04,1.45,,,,,,,1,,milleju02
1185,Justin Miller,34,WSN,NL,5,0,0,3.0,1,0,1,0,0,1.000,,,-1,-67,3.00,1.50,0.20,1.46,,,,,,,/1,,milleju02
1185,Justin Miller,34,STL,NL,18,0,0,16.0,0,0,0,0,0,,,,0,0,0.00,1.46,0.00,1.45,,,,,,,1,,milleju02
1186,Nate Jones,35,2TM,NL,20,0,0,19.0,1,1,0,0,0,1.000,,,-1,-11,0.47,1.47,0.05,1.45,,,,,,,1,,jonesna01
1186,Nate Jones,35,ATL,NL,12,0,0,10.1,1,1,0,0,0,1.000,,,0,0,0.87,1.48,0.08,1.45,,,,,,,1,,jonesna01
1186,Nate Jones,35,LAD,NL,8,0,0,8.2,0,0,0,0,0,,,,-1,-23,0.00,1.45,0.00,1.45,,,,,,,/1,,jonesna01
1187,Justin Bruihl,24,LAD,NL,21,2,0,18.2,3,0,3,0,0,1.000,,,0,0,1.45,1.49,0.14,1.45,,,,,,,1,,bruihju01
1188,Ian Krol,30,DET,AL,18,0,0,18.2,4,1,2,1,0,.750,,,0,0,1.45,1.16,0.17,1.13,,,,,,,1,,krolia01
1189,Eric Yardley,30,MIL,NL,17,0,0,18.2,9,0,9,0,1,1.000,,,2,21,4.34,1.49,0.53,1.45,,,,,,,1,,yardler01
1190,Jimmy Herget,27,2TM,AL,18,0,0,18.2,3,1,2,0,0,1.000,,,0,0,1.45,1.16,0.17,1.13,,,,,,,1,,hergeji01
1190,Jimmy Herget,27,TEX,AL,4,0,0,4.0,2,1,1,0,0,1.000,,,1,50,4.50,1.13,0.50,1.13,,,,,,,/1,,hergeji01
1190,Jimmy Herget,27,LAA,AL,14,0,0,14.2,1,0,1,0,0,1.000,,,-1,-14,0.61,1.17,0.07,1.13,,,,,,,1,,hergeji01
1191,John Brebbia,31,SFG,NL,18,0,0,18.1,1,1,0,0,0,1.000,,,0,0,0.49,1.47,0.06,1.45,,,,,,,1,,brebbjo01
1192,Zack Britton,33,NYY,AL,22,0,0,18.1,3,0,3,0,2,1.000,,,0,0,1.47,1.18,0.14,1.13,,,,,,,1,,brittza01
1193,José De León,28,CIN,NL,9,2,0,18.1,3,1,2,0,0,1.000,,,0,0,1.47,1.47,0.33,1.46,,,,,,,/1,,deleojo03
1194,Jandel Gustave,28,MIL,NL,14,0,0,18.1,1,0,1,0,0,1.000,,,-1,-11,0.49,1.47,0.07,1.45,,,,,,,1,,gustaja01
1195,Garrett Cleavinger,27,LAD,NL,22,1,0,18.0,3,2,1,0,0,1.000,,,-1,-11,1.50,1.50,0.14,1.45,,,,,,,1,,cleavga01
1196,Oneil Cruz,22,PIT,NL,2,2,2,18.0,5,1,4,0,1,1.000,0,-27,0,0,2.50,3.85,2.50,3.75,,,,,,,/6,,cruzon01
1197,Luis Marté,27,MIA,NL,3,2,1,18.0,8,1,7,0,1,1.000,0,0,-1,-67,4.00,3.80,2.67,3.40,,,,,,,/456H,,martelu02
1198,Yohel Pozo,24,TEX,AL,2,2,2,18.0,15,15,0,0,0,1.000,1,67,0,0,7.50,9.35,7.50,9.15,0,0,1,0,0.0,0,D/2H,,pozoyo01
1199,Zach Reks,27,LAD,NL,4,2,0,18.0,7,7,0,0,0,1.000,0,-20,1,67,3.50,2.05,1.75,2.00,,,,,,,/H79,,reksza01
1200,Jacob Robson,26,DET,AL,4,1,1,18.0,2,2,0,0,0,1.000,0,0,0,0,1.00,2.15,0.50,2.10,,,,,,,/7H8,,robsoja01
1201,Mike Wright Jr.,31,CHW,AL,13,0,0,18.0,5,1,4,0,0,1.000,,,0,0,2.50,1.15,0.38,1.13,,,,,,,1,,wrighmi01
1202,Fernando Abad,35,BAL,AL,16,0,0,17.2,3,0,3,0,0,1.000,,,0,0,1.53,1.17,0.19,1.13,,,,,,,1,,abadfe01
1203,Kent Emanuel,29,HOU,AL,10,0,0,17.2,4,3,1,0,1,1.000,,,0,0,2.04,1.17,0.40,1.13,,,,,,,1,,emanuke01
1204,Manuel Rodríguez,24,CHC,NL,20,0,0,17.2,5,1,3,1,0,.800,,,0,0,2.04,1.48,0.20,1.45,,,,,,,1,,rodrima01
1205,Cory Abbott,25,CHC,NL,7,1,0,17.1,3,2,1,0,0,1.000,,,0,0,1.56,1.51,0.43,1.46,,,,,,,/1H,,abbotco01
1206,JB Bukauskas,24,ARI,NL,21,0,0,17.1,1,0,1,0,0,1.000,,,0,0,0.52,1.51,0.05,1.45,,,,,,,1,,bukaujb01
1207,Tim Lopes,27,MIL,NL,3,1,1,17.1,8,3,5,0,0,1.000,1,48,0,0,4.15,4.10,2.67,4.00,,,,,,,/H4,,lopesti01
1208,Nick Ciuffo,26,BAL,AL,2,2,2,17.0,14,14,0,0,0,1.000,0,0,0,0,7.41,9.37,7.00,9.15,0,1,1,1,50.0,0,/2,,ciuffni01
1209,Angel Perdomo,27,MIL,NL,19,0,0,17.0,3,0,2,1,0,.667,,,-1,-12,1.06,1.48,0.11,1.45,,,,,,,1,,perdoan01
1210,Brad Wieck,29,CHC,NL,15,0,0,17.0,1,1,0,0,0,1.000,,,0,0,0.53,1.48,0.07,1.45,,,,,,,1,,wieckbr01
1211,Khris Davis,33,2TM,AL,3,2,2,17.0,4,4,0,0,0,1.000,-3,-176,0,0,2.12,2.12,1.33,2.10,,,,,,,DH/7,,daviskh01
1211,Khris Davis,33,TEX,AL,2,2,2,16.0,3,3,0,0,0,1.000,-3,-233,0,0,1.69,2.14,1.50,2.10,,,,,,,D/H7,,daviskh01
1211,Khris Davis,33,OAK,AL,1,0,0,1.0,1,1,0,0,0,1.000,1,720,0,0,9.00,1.80,1.00,2.10,,,,,,,D/H7,,daviskh01
1212,Justin Lawrence,26,COL,NL,19,0,0,16.2,2,0,2,0,0,1.000,,,-1,-12,1.08,1.51,0.11,1.45,,,,,,,1,,lawreju01
1213,Josh Lindblom,34,MIL,NL,8,0,0,16.2,0,0,0,0,0,,,,0,0,0.00,1.51,0.00,1.45,,,,,,,/1,,lindbjo01
1214,Ryan Buchter,34,ARI,NL,18,0,0,16.1,3,0,3,0,0,1.000,,,1,12,1.65,1.49,0.17,1.45,,,,,,,1,,buchtry01
1215,Janson Junk,25,LAA,AL,4,4,0,16.1,6,4,2,0,0,1.000,,,0,0,3.31,1.16,1.50,1.13,,,,,,,/1,,junkja01
1216,Tyler Webb,30,STL,NL,22,0,0,16.1,1,1,0,0,0,1.000,,,0,0,0.55,1.49,0.05,1.45,,,,,,,1,,webbty01
1217,Austin Allen,27,OAK,AL,2,2,1,16.0,22,18,3,1,0,.955,0,0,1,75,11.81,9.34,10.50,9.15,0,2,2,2,50.0,0,/2HD,,allenau01
1218,Taylor Davis,31,PIT,NL,2,2,2,16.0,11,11,0,0,0,1.000,0,0,0,0,6.19,9.45,5.50,9.20,0,1,1,0,0.0,0,/2,,davista01
1219,Alex De Goti,26,HOU,AL,2,2,2,16.0,2,2,0,0,0,1.000,0,-15,0,0,1.13,4.05,1.00,3.95,,,,,,,/4,,degotal01
1220,Corbin Martin,25,ARI,NL,5,3,0,16.0,2,1,1,0,0,1.000,,,0,0,1.13,1.46,0.40,1.46,,,,,,,/1,,martico02
1221,JT Riddle,29,MIN,AL,3,2,1,16.0,6,0,6,0,1,1.000,1,53,1,75,3.38,3.83,2.00,3.73,,,,,,,/6DH,,riddljt01
1222,Matt Thaiss,26,LAA,AL,2,2,1,16.0,18,17,1,0,0,1.000,0,-15,0,0,10.13,8.21,9.00,8.00,,,,,,,/3H,,thaisma01
1223,Ryan Vilade,22,COL,NL,2,2,1,16.0,3,3,0,0,0,1.000,1,68,0,0,1.69,2.08,1.50,2.00,,,,,,,/7H,,viladry01
1224,Cody Stashak,27,MIN,AL,15,0,0,15.2,1,0,1,0,0,1.000,,,0,0,0.57,1.15,0.07,1.13,,,,,,,1,,stashco01
1225,Scott Alexander,31,LAD,NL,18,0,0,15.1,5,4,1,0,1,1.000,,,-2,-26,2.93,1.47,0.28,1.45,,,,,,,1,,alexasc02
1226,Lewis Thorpe,25,MIN,AL,5,4,0,15.1,4,2,2,0,0,1.000,,,0,0,2.35,1.17,0.80,1.14,,,,,,,/1,,thorple01
1227,Connor Overton,27,2TM,2LG,9,3,0,15.1,4,1,3,0,0,1.000,,,0,0,2.35,1.35,0.44,1.31,,,,,,,/1,,overtco01
1227,Connor Overton,27,TOR,AL,4,0,0,6.2,1,0,1,0,0,1.000,,,0,0,1.35,1.22,0.25,1.13,,,,,,,/1,,overtco01
1227,Connor Overton,27,PIT,NL,5,3,0,8.2,3,1,2,0,0,1.000,,,0,0,3.12,1.45,0.60,1.46,,,,,,,/1,,overtco01
1228,Jaylin Davis,26,SFG,NL,3,2,0,15.0,5,4,1,0,1,1.000,1,104,1,80,3.00,2.04,1.67,2.00,,,,,,,/H79,,davisja03
1229,Daulton Jefferies,25,OAK,AL,5,1,0,15.0,3,0,3,0,0,1.000,,,1,13,1.80,1.14,0.60,1.14,,,,,,,/1,,jeffeda01
1230,Derek Law,30,MIN,AL,9,0,0,15.0,2,1,1,0,0,1.000,,,0,0,1.20,1.14,0.22,1.13,,,,,,,/1,,lawde01
1231,Nate Pearson,24,TOR,AL,12,1,0,15.0,0,0,0,0,0,,,,0,0,0.00,1.14,0.00,1.13,,,,,,,1,,pearsna01
1232,Miguel Yajure,23,PIT,NL,4,3,0,15.0,2,0,2,0,0,1.000,,,-1,-13,1.20,1.50,0.50,1.45,,,,,,,/1,,yajurmi01
1233,T.J. Zeuch,25,TOR,AL,5,3,0,15.0,2,1,0,1,0,.500,,,-1,-13,0.60,1.14,0.20,1.14,,,,,,,/1,,zeuchtj01
1234,James Sherfy,29,2TM,NL,14,0,0,15.0,1,0,1,0,0,1.000,,,-1,-13,0.60,1.50,0.07,1.45,,,,,,,1,,sherfji01
1234,James Sherfy,29,SFG,NL,10,0,0,10.2,1,0,1,0,0,1.000,,,-1,-19,0.84,1.52,0.10,1.45,,,,,,,1,,sherfji01
1234,James Sherfy,29,LAD,NL,4,0,0,4.1,0,0,0,0,0,,,,0,0,0.00,1.45,0.00,1.45,,,,,,,/1,,sherfji01
1235,Scott Effross,27,CHC,NL,14,0,0,14.2,1,0,1,0,0,1.000,,,-1,-14,0.61,1.47,0.07,1.45,,,,,,,1,,effrosc01
1236,Seth Frankoff,32,ARI,NL,4,3,0,14.2,5,1,4,0,1,1.000,,,0,0,3.07,1.47,1.25,1.45,,,,,,,/1,,frankse01
1237,Jonathan Heasley,24,KCR,AL,3,3,0,14.2,1,0,1,0,0,1.000,,,1,14,0.61,1.17,0.33,1.13,,,,,,,/1,,heasljo01
1238,Ljay Newsome,24,SEA,AL,7,1,0,14.2,0,0,0,0,0,,,,0,0,0.00,1.17,0.00,1.13,,,,,,,/1,,newsolj01
1239,Ryan Sherriff,31,TBR,AL,16,0,0,14.2,2,0,2,0,0,1.000,,,1,14,1.23,1.17,0.13,1.13,,,,,,,1,,sherrry01
1240,Edgar García,24,2TM,2LG,11,0,0,14.2,1,0,1,0,0,1.000,,,0,0,0.61,1.23,0.09,1.28,,,,,,,1,,garcied01
1240,Edgar García,24,CIN,NL,5,0,0,4.1,1,0,1,0,0,1.000,,,0,0,2.08,1.45,0.20,1.46,,,,,,,/1,,garcied01
1240,Edgar García,24,MIN,AL,6,0,0,10.1,0,0,0,0,0,,,,0,0,0.00,1.13,0.00,1.13,,,,,,,/1,,garcied01
1241,Derek Fisher,27,MIL,NL,3,1,1,14.1,2,2,0,0,0,1.000,0,33,0,0,1.26,2.07,0.67,2.00,,,,,,,/97H,,fishede01
1242,Reymin Guduan,29,OAK,AL,11,0,0,14.1,3,2,1,0,0,1.000,,,0,0,1.88,1.13,0.27,1.13,,,,,,,1,,guduare01
1243,Nick Nelson,25,NYY,AL,11,2,0,14.1,1,0,1,0,0,1.000,,,0,0,0.63,1.13,0.09,1.13,,,,,,,1,,nelsoni01
1244,Josh Osich,32,CIN,NL,17,0,0,14.1,6,4,2,0,0,1.000,,,0,0,3.77,1.51,0.35,1.45,,,,,,,1,,osichjo01
1245,John Andreoli,31,SDP,NL,6,0,0,14.0,2,2,0,0,0,1.000,1,51,0,0,1.29,2.06,0.33,2.00,,,,,,,/789H,,andrejo03
1246,Conner Menez,26,SFG,NL,8,1,0,14.0,2,0,1,1,0,.500,,,-1,-14,0.64,1.48,0.13,1.45,,,,,,,/1,,menezco01
1247,Tommy Milone,34,TOR,AL,6,1,0,14.0,1,1,0,0,0,1.000,,,-1,-14,0.64,1.16,0.17,1.13,,,,,,,/1,,milonto01
1248,Peter Solomon,24,HOU,AL,6,0,0,14.0,3,2,1,0,0,1.000,,,-1,-14,1.93,1.16,0.50,1.13,,,,,,,/1,,solompe01
1249,Austin Brice,29,BOS,AL,13,0,0,13.2,2,1,1,0,0,1.000,,,-1,-15,1.32,1.19,0.15,1.13,,,,,,,1,,briceau01
1250,Kohl Stewart,26,CHC,NL,4,3,0,13.2,5,2,3,0,0,1.000,,,0,0,3.29,1.51,1.25,1.45,,,,,,,/1,,stewako01
1251,Shane Baz,22,TBR,AL,3,3,0,13.1,0,0,0,0,0,,,,0,0,0.00,1.15,0.00,1.13,,,,,,,/1,,bazsh01
1252,Kervin Castro,22,SFG,NL,10,0,0,13.1,1,0,1,0,0,1.000,,,0,0,0.68,1.49,0.10,1.45,,,,,,,1,,castrke01
1253,A.J. Puk,26,OAK,AL,12,0,0,13.1,2,0,2,0,0,1.000,,,1,15,1.35,1.15,0.17,1.13,,,,,,,1,,pukaj01
1254,Kyle Ryan,29,CHC,NL,13,0,0,13.1,4,0,4,0,0,1.000,,,1,15,2.70,1.49,0.31,1.45,,,,,,,1,,ryanky01
1255,Evan Phillips,26,2TM,2LG,8,0,0,13.1,0,0,0,0,0,,,,0,0,0.00,1.42,0.00,1.41,,,,,,,/1,,phillev01
1255,Evan Phillips,26,TBR,AL,1,0,0,3.0,0,0,0,0,0,,,,0,0,0.00,1.20,0.00,1.10,,,,,,,/1,,phillev01
1255,Evan Phillips,26,LAD,NL,7,0,0,10.1,0,0,0,0,0,,,,0,0,0.00,1.48,0.00,1.46,,,,,,,/1,,phillev01
1256,Kyle Barraclough,31,MIN,AL,10,0,0,13.0,3,3,0,0,0,1.000,,,-1,-15,2.08,1.18,0.30,1.13,,,,,,,1,,barraky01
1257,Grant Dayton,33,ATL,NL,13,0,0,13.0,4,1,3,0,0,1.000,,,-1,-15,2.77,1.52,0.31,1.45,,,,,,,1,,daytogr01
1258,Jhonathan Díaz,24,LAA,AL,3,2,0,13.0,3,1,2,0,1,1.000,,,0,0,2.08,1.18,1.00,1.13,,,,,,,/1,,diazjh01
1259,Jon Duplantier,26,ARI,NL,4,4,0,13.0,1,0,1,0,0,1.000,,,-1,-15,0.69,1.52,0.25,1.45,,,,,,,/1,,duplajo01
1260,Jimmy Lambert,26,CHW,AL,4,3,0,13.0,0,0,0,0,0,,,,0,0,0.00,1.18,0.00,1.13,,,,,,,/1,,lambeji01
1261,Julian Merryweather,29,TOR,AL,13,1,0,13.0,1,0,1,0,0,1.000,,,0,0,0.69,1.18,0.08,1.13,,,,,,,1,,merryju01
1262,Wyatt Mills,26,SEA,AL,11,0,0,12.2,3,1,2,0,0,1.000,,,0,0,2.13,1.14,0.27,1.13,,,,,,,1,,millswy01
1263,Cristopher Sánchez,24,PHI,NL,7,1,0,12.2,4,0,2,2,0,.500,,,-2,-32,1.42,1.49,0.29,1.46,,,,,,,/1,,sanchcr01
1264,Nick Vincent,34,MIN,AL,7,0,0,12.2,2,0,1,1,0,.500,,,0,0,0.71,1.14,0.14,1.13,,,,,,,/1,,vinceni01
1265,Shelby Miller,30,2TM,NL,13,0,0,12.2,1,0,1,0,0,1.000,,,0,0,0.71,1.49,0.08,1.45,,,,,,,1,,millesh01
1265,Shelby Miller,30,CHC,NL,3,0,0,2.0,0,0,0,0,0,,,,0,0,0.00,1.35,0.00,1.47,,,,,,,/1,,millesh01
1265,Shelby Miller,30,PIT,NL,10,0,0,10.2,1,0,1,0,0,1.000,,,0,0,0.84,1.52,0.10,1.45,,,,,,,1,,millesh01
1266,Yoan López,28,ARI,NL,13,0,0,12.1,2,2,0,0,0,1.000,,,0,0,1.46,1.46,0.15,1.45,,,,,,,1,,lopezyo01
1267,Kyle Tyler,24,LAA,AL,5,0,0,12.1,3,1,2,0,0,1.000,,,0,0,2.19,1.17,0.60,1.14,,,,,,,/1,,tylerky01
1268,Konner Wade,29,BAL,AL,7,0,0,12.1,2,2,0,0,0,1.000,,,0,0,1.46,1.17,0.29,1.13,,,,,,,/1,,wadeko01
1269,Anthony Swarzak,35,2TM,2LG,13,0,0,12.1,2,1,1,0,0,1.000,,,0,0,1.46,1.31,0.15,1.28,,,,,,,1,,swarzan01
1269,Anthony Swarzak,35,ARI,NL,6,0,0,4.2,2,1,1,0,0,1.000,,,0,0,3.86,1.54,0.33,1.45,,,,,,,/1,,swarzan01
1269,Anthony Swarzak,35,KCR,AL,7,0,0,7.2,0,0,0,0,0,,,,0,0,0.00,1.17,0.00,1.13,,,,,,,/1,,swarzan01
1270,Ryan Brasier,33,BOS,AL,13,0,0,12.0,2,1,1,0,0,1.000,,,-1,-17,1.50,1.13,0.15,1.13,,,,,,,1,,brasiry01
1271,Patrick Kivlehan,31,SDP,NL,2,2,0,12.0,3,3,0,0,0,1.000,-1,-130,0,0,2.25,2.03,1.50,2.00,,,,,,,/H9,,kivlepa01
1272,Luís Madero,24,MIA,NL,6,0,0,12.0,4,4,0,0,0,1.000,,,0,0,3.00,1.50,0.67,1.45,,,,,,,/1,,maderlu01
1273,Nick Margevicius,25,SEA,AL,5,3,0,12.0,1,0,1,0,0,1.000,,,0,0,0.75,1.13,0.20,1.14,,,,,,,/1,,margeni01
1274,Mark Payton,29,CIN,NL,5,0,0,12.0,7,6,0,1,0,.857,-1,-50,-1,-100,4.50,2.03,1.20,2.00,,,,,,,H/97,,paytoma01
1275,David Robertson,36,TBR,AL,12,1,0,12.0,2,1,1,0,0,1.000,,,0,0,1.50,1.13,0.17,1.13,,,,,,,1,,roberda08
1276,Seth Elledge,25,STL,NL,11,0,0,11.2,1,1,0,0,0,1.000,,,0,0,0.77,1.47,0.09,1.45,,,,,,,1,,elledse01
1277,Andre Jackson,25,LAD,NL,3,0,0,11.2,4,2,2,0,0,1.000,,,0,0,3.09,1.47,1.33,1.47,,,,,,,/1,,jacksan01
1278,Reiver Sanmartín,25,CIN,NL,2,2,0,11.2,3,1,2,0,0,1.000,,,0,0,2.31,1.47,1.50,1.45,,,,,,,/1,,sanmare01
1279,Taylor Williams,29,2TM,NL,11,0,0,11.2,3,2,1,0,0,1.000,,,0,0,2.31,1.47,0.27,1.45,,,,,,,1,,willita01
1279,Taylor Williams,29,SDP,NL,5,0,0,5.1,1,1,0,0,0,1.000,,,0,0,1.69,1.52,0.20,1.46,,,,,,,/1,,willita01
1279,Taylor Williams,29,MIA,NL,6,0,0,6.1,2,1,1,0,0,1.000,,,0,0,2.84,1.42,0.33,1.45,,,,,,,/1,,willita01
1280,Kyle Cody,26,TEX,AL,7,0,0,11.1,0,0,0,0,0,,,,-2,-35,0.00,1.19,0.00,1.13,,,,,,,/1,,codyky01
1281,Scott Kazmir,37,SFG,NL,5,4,0,11.1,1,1,0,0,0,1.000,,,0,0,0.79,1.51,0.20,1.46,,,,,,,/1,,kazmisc01
1282,Gabe Klobosits,26,WSN,NL,11,0,0,11.1,2,0,2,0,0,1.000,,,0,0,1.59,1.51,0.18,1.45,,,,,,,1,,kloboga01
1283,Ben Rowen,32,LAA,AL,8,0,0,11.1,3,1,1,1,0,.667,,,0,0,1.59,1.19,0.25,1.13,,,,,,,/1,,rowenbe01
1284,Antonio Santos,24,COL,NL,7,0,0,11.1,1,1,0,0,0,1.000,,,-1,-18,0.79,1.51,0.14,1.46,,,,,,,/1,,santoan02
1285,Brooks Kriske,27,2TM,AL,12,0,0,11.1,2,0,2,0,0,1.000,,,0,0,1.59,1.19,0.17,1.13,,,,,,,1,,kriskbr01
1285,Brooks Kriske,27,NYY,AL,8,0,0,7.2,2,0,2,0,0,1.000,,,0,0,2.35,1.17,0.25,1.13,,,,,,,/1,,kriskbr01
1285,Brooks Kriske,27,BAL,AL,4,0,0,3.2,0,0,0,0,0,,,,0,0,0.00,1.23,0.00,1.13,,,,,,,/1,,kriskbr01
1286,Domingo Acevedo,27,OAK,AL,10,0,0,11.0,4,1,3,0,0,1.000,,,0,0,3.27,1.15,0.40,1.13,,,,,,,1,,acevedo01
1287,Trey Amburgey,26,NYY,AL,2,2,0,11.0,6,6,0,0,0,1.000,2,185,0,0,4.91,2.13,3.00,2.10,,,,,,,/9,,amburtr01
1288,Beau Burrows,24,2TM,AL,6,1,0,11.0,0,0,0,0,0,,,,0,0,0.00,1.15,0.00,1.13,,,,,,,/1,,burrobe01
1288,Beau Burrows,24,DET,AL,1,0,0,1.2,0,0,0,0,0,,,,0,0,0.00,1.08,0.00,1.10,,,,,,,/1,,burrobe01
1288,Beau Burrows,24,MIN,AL,5,1,0,9.1,0,0,0,0,0,,,,0,0,0.00,1.16,0.00,1.14,,,,,,,/1,,burrobe01
1289,Jason Adam,29,CHC,NL,12,0,0,10.2,1,1,0,0,0,1.000,,,0,0,0.84,1.52,0.08,1.45,,,,,,,1,,adamja01
1290,Alberto Baldonado,28,WSN,NL,14,0,0,10.2,1,0,1,0,0,1.000,,,0,0,0.84,1.52,0.07,1.45,,,,,,,1,,baldoal01
1291,Travis Bergen,27,TOR,AL,10,1,0,10.2,1,0,1,0,0,1.000,,,0,0,0.84,1.18,0.10,1.13,,,,,,,1,,bergetr01
1292,Jesse Biddle,29,ATL,NL,8,0,0,10.2,3,0,3,0,0,1.000,,,0,0,2.53,1.52,0.38,1.45,,,,,,,/1,,biddlje01
1293,Keone Kela,28,SDP,NL,12,0,0,10.2,1,1,0,0,0,1.000,,,0,0,0.84,1.52,0.08,1.45,,,,,,,1,,kelake01
1294,Darren O'Day,38,NYY,AL,12,0,0,10.2,1,0,1,0,0,1.000,,,0,0,0.84,1.18,0.08,1.13,,,,,,,1,,odayda01
1295,Jason Foley,25,DET,AL,11,0,0,10.1,0,0,0,0,0,,,,0,0,0.00,1.13,0.00,1.13,,,,,,,1,,foleyja01
1296,Eric Hanhold,27,BAL,AL,10,0,0,10.1,1,0,1,0,0,1.000,,,-1,-19,0.87,1.13,0.10,1.13,,,,,,,1,,hanhoer01
1297,Sam Moll,29,OAK,AL,8,0,0,10.1,3,0,3,0,0,1.000,,,-1,-19,2.61,1.13,0.38,1.13,,,,,,,/1,,mollsa01
1298,Shawn Morimando,28,MIA,NL,4,0,0,10.1,1,1,0,0,0,1.000,,,0,0,0.87,1.48,0.25,1.45,,,,,,,/1,,morimsh01
1299,Corey Oswalt,27,NYM,NL,3,1,0,10.1,2,0,2,0,0,1.000,,,1,19,1.74,1.48,0.67,1.47,,,,,,,/1,,oswalco01
1300,David Phelps,34,TOR,AL,11,1,0,10.1,0,0,0,0,0,,,,0,0,0.00,1.13,0.00,1.13,,,,,,,1,,phelpda01
1301,Mike Baumann,25,BAL,AL,4,0,0,10.0,1,0,1,0,0,1.000,,,0,0,0.90,1.17,0.25,1.13,,,,,,,/1,,baumami01
1302,Alec Bettinger,25,MIL,NL,4,1,0,10.0,1,1,0,0,0,1.000,,,0,0,0.90,1.53,0.25,1.45,,,,,,,/1,,bettial01
1303,Johan Camargo,27,ATL,NL,3,0,0,10.0,4,2,2,0,0,1.000,-1,-60,0,0,3.60,4.68,1.33,4.87,,,,,,,H/345D,,camarjo01
1304,Jordan Hicks,24,STL,NL,10,0,0,10.0,5,1,4,0,0,1.000,,,0,0,4.50,1.53,0.50,1.45,,,,,,,1,,hicksjo03
1305,Scott Hurst,25,STL,NL,6,0,0,10.0,1,1,0,0,0,1.000,0,12,1,120,0.90,2.07,0.17,2.00,,,,,,,/8H,,hurstsc01
1306,Jake Jewell,28,CHC,NL,10,0,0,10.0,1,0,1,0,0,1.000,,,-1,-20,0.90,1.53,0.10,1.45,,,,,,,1,,jewelja01
1307,Zack Burdi,26,2TM,AL,7,0,0,10.0,1,0,1,0,0,1.000,,,0,0,0.90,1.17,0.14,1.13,,,,,,,/1,,burdiza01
1307,Zack Burdi,26,CHW,AL,6,0,0,9.0,1,0,1,0,0,1.000,,,0,0,1.00,1.20,0.17,1.13,,,,,,,/1,,burdiza01
1307,Zack Burdi,26,BAL,AL,1,0,0,1.0,0,0,0,0,0,,,,0,0,0.00,0.90,0.00,1.10,,,,,,,/1,,burdiza01
1308,Jake Reed,28,2TM,NL,10,1,0,10.0,1,0,1,0,0,1.000,,,0,0,0.90,1.53,0.10,1.45,,,,,,,1,,reedja02
1308,Jake Reed,28,LAD,NL,6,1,0,5.1,1,0,1,0,0,1.000,,,0,0,1.69,1.52,0.17,1.45,,,,,,,/1,,reedja02
1308,Jake Reed,28,NYM,NL,4,0,0,4.2,0,0,0,0,0,,,,0,0,0.00,1.54,0.00,1.45,,,,,,,/1,,reedja02
1309,Kyle Nelson,24,CLE,AL,10,0,0,9.2,1,0,1,0,0,1.000,,,0,0,0.93,1.21,0.10,1.13,,,,,,,1,,nelsoky01
1310,Cody Reed,28,TBR,AL,12,0,0,9.2,3,2,1,0,0,1.000,,,0,0,2.79,1.21,0.25,1.13,,,,,,,1,,reedco01
1311,Ryan Weber,30,3TM,2LG,4,0,0,9.2,2,2,0,0,0,1.000,,,0,0,1.86,1.21,0.50,1.23,,,,,,,/1,,weberry01
1311,Ryan Weber,30,2TM,AL,3,0,0,8.2,1,1,0,0,0,1.000,,,0,0,1.04,1.14,0.33,1.13,,,,,,,/1,,weberry01
1311,Ryan Weber,30,BOS,AL,1,0,0,5.2,0,0,0,0,0,,,,0,0,0.00,1.11,0.00,1.10,,,,,,,/1,,weberry01
1311,Ryan Weber,30,MIL,NL,1,0,0,1.0,1,1,0,0,0,1.000,,,0,0,9.00,1.80,1.00,1.50,,,,,,,/1,,weberry01
1311,Ryan Weber,30,SEA,AL,2,0,0,3.0,1,1,0,0,0,1.000,,,0,0,3.00,1.20,0.50,1.15,,,,,,,/1,,weberry01
1312,Jeremy Beasley,25,TOR,AL,8,0,0,9.1,3,2,1,0,0,1.000,,,0,0,2.89,1.16,0.38,1.13,,,,,,,/1,,beaslje01
1313,Daniel Camarena,28,SDP,NL,6,0,0,9.1,2,0,2,0,0,1.000,,,0,0,1.93,1.45,0.33,1.45,,,,,,,/1,,camarda01
1314,Mike Fiers,36,OAK,AL,2,2,0,9.1,1,0,1,0,0,1.000,,,0,0,0.96,1.16,0.50,1.15,,,,,,,/1,,fiersmi01
1315,Thomas Hatch,26,TOR,AL,3,2,0,9.1,1,0,0,1,0,.000,,,0,0,0.00,1.16,0.00,1.13,,,,,,,/1,,hatchto01
1316,Oliver Ortega,24,LAA,AL,8,0,0,9.1,2,1,1,0,0,1.000,,,0,0,1.93,1.16,0.25,1.13,,,,,,,/1,,ortegol01
1317,Brandon Waddell,27,3TM,2LG,9,0,0,9.1,0,0,0,0,0,,,,0,0,0.00,1.25,0.00,1.27,,,,,,,/1,,waddebr01
1317,Brandon Waddell,27,2TM,AL,5,0,0,5.0,0,0,0,0,0,,,,0,0,0.00,1.08,0.00,1.12,,,,,,,/1,,waddebr01
1317,Brandon Waddell,27,MIN,AL,4,0,0,4.0,0,0,0,0,0,,,,0,0,0.00,1.13,0.00,1.13,,,,,,,/1,,waddebr01
1317,Brandon Waddell,27,BAL,AL,1,0,0,1.0,0,0,0,0,0,,,,0,0,0.00,0.90,0.00,1.10,,,,,,,/1,,waddebr01
1317,Brandon Waddell,27,STL,NL,4,0,0,4.1,0,0,0,0,0,,,,0,0,0.00,1.45,0.00,1.45,,,,,,,/1,,waddebr01
1318,Humberto Arteaga,27,WSN,NL,1,1,1,9.0,2,2,0,0,0,1.000,0,-53,0,0,2.00,3.90,2.00,3.70,,,,,,,/6,,arteahu01
1319,Joey Bart,24,SFG,NL,1,1,1,9.0,8,8,0,0,0,1.000,0,0,0,0,8.00,9.50,8.00,9.20,0,2,0,0,,0,/2H,,bartjo01
1320,Adam Kolarek,32,OAK,AL,12,0,0,9.0,2,1,1,0,0,1.000,,,-2,-44,2.00,1.20,0.17,1.13,,,,,,,1,,kolarad01
1321,Josh Lowe,23,TBR,AL,2,1,0,9.0,4,4,0,0,0,1.000,1,133,0,0,4.00,2.20,2.00,2.10,,,,,,,/79,,lowejo01
1322,Darren McCaughan,25,SEA,AL,2,1,0,9.0,1,1,0,0,0,1.000,,,0,0,1.00,1.20,0.50,1.15,,,,,,,/1,,mccauda01
1323,JoJo Romero,24,PHI,NL,11,0,0,9.0,3,2,1,0,0,1.000,,,0,0,3.00,1.50,0.27,1.45,,,,,,,1,,romerjo01
1324,Ali Sánchez,24,STL,NL,2,1,1,9.0,7,7,0,0,0,1.000,0,0,0,0,7.00,9.50,3.50,9.20,0,1,0,0,,0,/2,,sanchal04
1325,Robert Stock,31,2TM,NL,3,3,0,9.0,2,1,1,0,0,1.000,,,0,0,2.00,1.50,0.67,1.47,,,,,,,/1,,stockro01
1325,Robert Stock,31,CHC,NL,1,1,0,4.0,1,1,0,0,0,1.000,,,0,0,2.25,1.58,1.00,1.50,,,,,,,/1,,stockro01
1325,Robert Stock,31,NYM,NL,2,2,0,5.0,1,0,1,0,0,1.000,,,0,0,1.80,1.44,0.50,1.45,,,,,,,/1,,stockro01
1326,Geoff Hartlieb,27,2TM,NL,7,0,0,9.0,0,0,0,0,0,,,,0,0,0.00,1.50,0.00,1.46,,,,,,,/1,,hartlge01
1326,Geoff Hartlieb,27,PIT,NL,4,0,0,4.2,0,0,0,0,0,,,,0,0,0.00,1.54,0.00,1.45,,,,,,,/1,,hartlge01
1326,Geoff Hartlieb,27,NYM,NL,3,0,0,4.1,0,0,0,0,0,,,,0,0,0.00,1.45,0.00,1.47,,,,,,,/1,,hartlge01
1327,Hunter Harvey,26,BAL,AL,9,0,0,8.2,1,1,0,0,0,1.000,,,0,0,1.04,1.14,0.11,1.13,,,,,,,/1,,harvehu01
1328,Dakota Hudson,26,STL,NL,2,1,0,8.2,1,0,1,0,0,1.000,,,0,0,1.04,1.45,0.50,1.45,,,,,,,/1,,hudsoda02
1329,Dusten Knight,30,BAL,AL,7,0,0,8.2,0,0,0,0,0,,,,0,0,0.00,1.14,0.00,1.13,,,,,,,/1,,knighdu01
1330,Enoli Paredes,25,HOU,AL,12,0,0,8.2,2,0,1,1,0,.500,,,0,0,1.04,1.14,0.08,1.13,,,,,,,1,,pareden01
1331,Deivi García,22,NYY,AL,2,2,0,8.1,0,0,0,0,0,,,,0,0,0.00,1.19,0.00,1.15,,,,,,,/1,,garcide01
1332,Joey Krehbiel,28,2TM,AL,6,0,0,8.1,2,1,1,0,0,1.000,,,0,0,2.16,1.08,0.33,1.13,,,,,,,/1,,krehbjo01
1332,Joey Krehbiel,28,TBR,AL,1,0,0,1.0,0,0,0,0,0,,,,0,0,0.00,0.90,0.00,1.10,,,,,,,/1,,krehbjo01
1332,Joey Krehbiel,28,BAL,AL,5,0,0,7.1,2,1,1,0,0,1.000,,,0,0,2.45,1.10,0.40,1.14,,,,,,,/1,,krehbjo01
1333,A.J. Cole,29,TOR,AL,6,0,0,8.0,0,0,0,0,0,,,,0,0,0.00,1.13,0.00,1.13,,,,,,,/1,,coleaj01
1334,James Hoyt,34,LAA,AL,9,0,0,8.0,0,0,0,0,0,,,,0,0,0.00,1.13,0.00,1.13,,,,,,,/1,,hoytja01
1335,Tommy Hunter,34,NYM,NL,4,1,0,8.0,0,0,0,0,0,,,,0,0,0.00,1.46,0.00,1.45,,,,,,,/1,,hunteto02
1336,Jovani Morán,24,MIN,AL,5,0,0,8.0,0,0,0,0,0,,,,-1,-25,0.00,1.13,0.00,1.14,,,,,,,/1,,moranjo01
1337,Aaron Northcraft,31,SDP,NL,5,0,0,8.0,3,1,2,0,0,1.000,,,1,25,3.38,1.46,0.60,1.46,,,,,,,/1,,northaa01
1338,Ramón Rosso,25,PHI,NL,7,0,0,8.0,1,0,1,0,0,1.000,,,0,0,1.13,1.46,0.14,1.46,,,,,,,/1,,rossora01
1339,Curtis Terry,24,TEX,AL,1,1,1,8.0,6,4,2,0,1,1.000,0,-30,0,0,6.75,8.21,6.00,8.00,,,,,,,D/3,,terrycu01
1340,Nick Tropeano,30,2TM,NL,5,0,0,8.0,2,1,1,0,0,1.000,,,0,0,2.25,1.46,0.40,1.46,,,,,,,/1,,tropeni01
1340,Nick Tropeano,30,SFG,NL,4,0,0,6.0,2,1,1,0,0,1.000,,,0,0,3.00,1.50,0.50,1.45,,,,,,,/1,,tropeni01
1340,Nick Tropeano,30,NYM,NL,1,0,0,2.0,0,0,0,0,0,,,,0,0,0.00,1.35,0.00,1.50,,,,,,,/1,,tropeni01
1341,Ty Tice,24,2TM,2LG,5,0,0,8.0,2,2,0,0,0,1.000,,,0,0,2.25,1.24,0.40,1.20,,,,,,,/1,,ticety01
1341,Ty Tice,24,TOR,AL,4,0,0,7.0,0,0,0,0,0,,,,0,0,0.00,1.16,0.00,1.13,,,,,,,/1,,ticety01
1341,Ty Tice,24,ATL,NL,1,0,0,1.0,2,2,0,0,0,1.000,,,0,0,18.00,1.80,2.00,1.50,,,,,,,/1,,ticety01
1342,Adonis Medina,24,PHI,NL,4,1,0,7.2,2,1,1,0,1,1.000,,,0,0,2.35,1.53,0.50,1.45,,,,,,,/1,,medinad01
1343,Darién Núñez,28,LAD,NL,6,1,0,7.2,2,0,2,0,0,1.000,,,0,0,2.35,1.53,0.33,1.45,,,,,,,/1,,nunezda01
1344,Mac Sceroler,26,BAL,AL,5,0,0,7.2,2,0,1,1,0,.500,,,0,0,1.17,1.17,0.20,1.14,,,,,,,/1,,sceroma01
1345,Kirby Snead,26,TOR,AL,7,0,0,7.2,1,1,0,0,0,1.000,,,0,0,1.17,1.17,0.14,1.13,,,,,,,/1,,sneadki01
1346,Gabe Speier,26,KCR,AL,7,0,0,7.2,2,1,1,0,0,1.000,,,0,0,2.35,1.17,0.29,1.13,,,,,,,/1,,speiega01
1347,Chris Devenski,30,ARI,NL,8,0,0,7.1,1,0,1,0,0,1.000,,,-1,-27,1.23,1.47,0.13,1.45,,,,,,,/1,,devench02
1348,Ryan Meisinger,27,CHC,NL,7,0,0,7.1,0,0,0,0,0,,,,-1,-27,0.00,1.47,0.00,1.46,,,,,,,/1,,meisiry01
1349,Nivaldo Rodríguez,24,HOU,AL,4,0,0,7.1,2,0,2,0,0,1.000,,,1,27,2.45,1.10,0.50,1.13,,,,,,,/1,,rodrini01
1350,Austin Pruitt,31,2TM,2LG,6,0,0,7.1,0,0,0,0,0,,,,0,0,0.00,1.35,0.00,1.35,,,,,,,/1,,pruitau01
1350,Austin Pruitt,31,HOU,AL,2,0,0,2.2,0,0,0,0,0,,,,0,0,0.00,1.01,0.00,1.15,,,,,,,/1,,pruitau01
1350,Austin Pruitt,31,MIA,NL,4,0,0,4.2,0,0,0,0,0,,,,0,0,0.00,1.54,0.00,1.45,,,,,,,/1,,pruitau01
1351,Miguel Aguilar,29,ARI,NL,9,0,0,7.0,1,0,1,0,0,1.000,,,0,0,1.29,1.54,0.11,1.46,,,,,,,/1,,aguilmi01
1352,Hans Crouse,22,PHI,NL,2,2,0,7.0,0,0,0,0,0,,,,0,0,0.00,1.54,0.00,1.45,,,,,,,/1,,crousha01
1353,Nelson Cruz,40,TBR,AL,1,1,0,7.0,7,7,0,0,0,1.000,0,34,0,0,9.00,8.23,7.00,8.00,,,,,,,D/H3,AS,cruzne02
1354,Yermín Mercedes,28,CHW,AL,4,1,0,7.0,3,2,0,1,0,.667,0,0,0,0,2.57,7.46,0.50,6.85,0,0,0,0,,0,D/H213,,merceye01
1355,Tanner Roark,34,TOR,AL,3,1,0,7.0,0,0,0,0,0,,,,-1,-29,0.00,1.16,0.00,1.13,,,,,,,/1,,roarkta01
1356,Julian Fernández,25,COL,NL,6,0,0,6.2,2,2,0,0,0,1.000,,,0,0,2.70,1.49,0.33,1.45,,,,,,,/1,,fernaju02
1357,Jace Fry,27,CHW,AL,6,0,0,6.2,2,0,2,0,1,1.000,,,0,0,2.70,1.22,0.33,1.13,,,,,,,/1,,fryja01
1358,Ian Gibaut,27,MIN,AL,3,0,0,6.2,0,0,0,0,0,,,,0,0,0.00,1.22,0.00,1.13,,,,,,,/1,,gibauia01
1359,Anthony Gose,30,CLE,AL,6,0,0,6.2,2,0,2,0,0,1.000,,,0,0,2.70,1.22,0.33,1.13,,,,,,,/1,,gosean01
1360,Mauricio Llovera,25,PHI,NL,6,0,0,6.2,1,0,1,0,0,1.000,,,0,0,1.35,1.49,0.17,1.45,,,,,,,/1,,llovema01
1361,Francisco Pérez,23,CLE,AL,4,0,0,6.2,0,0,0,0,0,,,,0,0,0.00,1.22,0.00,1.13,,,,,,,/1,,perezfr01
1362,Matt Strahm,29,SDP,NL,6,1,0,6.2,1,1,0,0,0,1.000,,,-1,-30,1.35,1.49,0.17,1.45,,,,,,,/1,,strahma01
1363,Jordan Yamamoto,25,NYM,NL,2,1,0,6.2,1,0,0,1,0,.000,,,0,0,0.00,1.49,0.00,1.45,,,,,,,/1,,yamamjo01
1364,Ronald Bolaños,24,KCR,AL,3,0,0,6.1,0,0,0,0,0,,,,0,0,0.00,1.14,0.00,1.13,,,,,,,/1,,bolanro01
1365,Dylan Coleman,24,KCR,AL,5,0,0,6.1,0,0,0,0,0,,,,0,0,0.00,1.14,0.00,1.14,,,,,,,/1,,colemdy01
1366,Ryan Feltner,24,COL,NL,2,2,0,6.1,1,1,0,0,0,1.000,,,0,0,1.42,1.42,0.50,1.45,,,,,,,/1,,feltnry01
1367,Taylor Gushue,27,CHC,NL,1,0,0,6.1,6,6,0,0,1,1.000,0,-76,0,0,8.53,8.53,3.00,8.65,0,0,0,0,,0,/23H,,gushuta01
1368,Clarke Schmidt,25,NYY,AL,2,1,0,6.1,1,0,1,0,0,1.000,,,-1,-32,1.42,1.14,0.50,1.15,,,,,,,/1,,schmicl01
1369,Kyle Wright,25,ATL,NL,2,2,0,6.1,0,0,0,0,0,,,,0,0,0.00,1.42,0.00,1.45,,,,,,,/1,,wrighky01
1370,Nick Anderson,30,TBR,AL,6,0,0,6.0,1,0,0,1,0,.000,,,-1,-33,0.00,1.20,0.00,1.13,,,,,,,/1,,anderni01
1371,Iván Castillo,26,SDP,NL,2,0,0,6.0,1,0,1,0,1,1.000,0,40,0,0,1.50,3.60,0.50,3.25,,,,,,,/H45,,castiiv01
1372,Javy Guerra,35,WSN,NL,6,0,0,6.0,3,2,1,0,0,1.000,,,0,0,4.50,1.50,0.50,1.45,,,,,,,/1,,guerrja01
1373,Will Harris,36,WSN,NL,8,0,0,6.0,0,0,0,0,0,,,,0,0,0.00,1.50,0.00,1.45,,,,,,,/1,,harriwi10
1374,Jared Hoying,32,TOR,AL,1,1,0,6.0,0,0,0,0,0,,0,0,0,0,0.00,2.10,0.00,2.10,,,,,,,/7H,,hoyinja01
1375,Jake Petricka,33,LAA,AL,7,0,0,6.0,1,0,1,0,0,1.000,,,0,0,1.50,1.20,0.14,1.13,,,,,,,/1,,petrija01
1376,Colin Rea,30,MIL,NL,1,0,0,6.0,0,0,0,0,0,,,,0,0,0.00,1.50,0.00,1.50,,,,,,,/1,,reaco01
1377,Luis Severino,27,NYY,AL,4,0,0,6.0,1,1,0,0,0,1.000,,,0,0,1.50,1.20,0.25,1.13,,,,,,,/1,,severlu01
1378,Peter Lambert,24,COL,NL,2,2,0,5.2,1,0,1,0,0,1.000,,,0,0,1.59,1.43,0.50,1.45,,,,,,,/1,,lambepe01
1379,Jordan Zimmermann,35,MIL,NL,2,0,0,5.2,1,0,1,0,0,1.000,,,0,0,1.59,1.43,0.50,1.45,,,,,,,/1,,zimmejo02
1380,Carl Edwards Jr.,29,2TM,2LG,7,0,0,5.2,0,0,0,0,0,,,,0,0,0.00,1.11,0.00,1.19,,,,,,,/1,,edwarca01
1380,Carl Edwards Jr.,29,ATL,NL,1,0,0,0.1,0,0,0,0,0,,,,0,0,0.00,0.00,0.00,1.50,,,,,,,/1,,edwarca01
1380,Carl Edwards Jr.,29,TOR,AL,6,0,0,5.1,0,0,0,0,0,,,,0,0,0.00,1.18,0.00,1.13,,,,,,,/1,,edwarca01
1381,Jordan Weems,28,2TM,2LG,7,0,0,5.2,0,0,0,0,0,,,,0,0,0.00,1.27,0.00,1.23,,,,,,,/1,,weemsjo01
1381,Jordan Weems,28,OAK,AL,5,0,0,4.1,0,0,0,0,0,,,,0,0,0.00,1.25,0.00,1.14,,,,,,,/1,,weemsjo01
1381,Jordan Weems,28,ARI,NL,2,0,0,1.1,0,0,0,0,0,,,,0,0,0.00,1.35,0.00,1.45,,,,,,,/1,,weemsjo01
1382,Joan Adon,22,WSN,NL,1,1,0,5.1,0,0,0,0,0,,,,0,0,0.00,1.52,0.00,1.50,,,,,,,/1,,adonjo01
1383,Miguel Del Pozo,28,DET,AL,5,0,0,5.1,2,0,2,0,0,1.000,,,1,38,3.38,1.18,0.40,1.14,,,,,,,/1,,delpomi01
1384,Brad Peacock,33,BOS,AL,2,1,0,5.1,0,0,0,0,0,,,,0,0,0.00,1.18,0.00,1.15,,,,,,,/1,,peacobr01
1385,Tanner Anderson,28,PIT,NL,1,0,0,5.0,2,0,2,0,1,1.000,,,1,40,3.60,1.44,2.00,1.50,,,,,,,/1,,anderta01
1386,Luis Avilán,31,WSN,NL,4,0,0,5.0,0,0,0,0,0,,,,0,0,0.00,1.44,0.00,1.45,,,,,,,/1,,avilalu01
1387,Scott Blewett,25,KCR,AL,3,0,0,5.0,0,0,0,0,0,,,,0,0,0.00,1.08,0.00,1.13,,,,,,,/1,,blewesc01
1388,Josh James,28,HOU,AL,5,0,0,5.0,0,0,0,0,0,,,,0,0,0.00,1.08,0.00,1.14,,,,,,,/1,,jamesjo02
1389,James Norwood,27,SDP,NL,5,0,0,5.0,0,0,0,0,0,,,,0,0,0.00,1.44,0.00,1.46,,,,,,,/1,,norwoja01
1390,Hunter Owen,27,PIT,NL,1,1,0,5.0,0,0,0,0,0,,0,-24,0,0,0.00,1.98,0.00,2.00,,,,,,,/H9,,owenhu01
1391,Corey Ray,26,MIL,NL,1,0,0,5.0,2,2,0,0,0,1.000,1,168,0,0,3.60,1.98,2.00,2.00,,,,,,,/9H,,rayco01
1392,Stephen Ridings,25,NYY,AL,5,0,0,5.0,2,1,0,1,0,.500,,,-1,-40,1.80,1.08,0.20,1.14,,,,,,,/1,,ridinst01
1393,Pablo Sandoval,34,ATL,NL,3,0,0,5.0,3,3,0,0,0,1.000,0,0,0,0,5.40,7.20,1.00,6.27,,,,,,,H/D35,,sandopa01
1394,Shea Spitzbarth,26,PIT,NL,5,0,0,5.0,0,0,0,0,0,,,,0,0,0.00,1.44,0.00,1.46,,,,,,,/1,,spitzsh01
1395,Julio Teheran,30,DET,AL,1,1,0,5.0,1,0,1,0,0,1.000,,,0,0,1.80,1.08,1.00,1.10,,,,,,,/1,,teherju01
1396,Hunter Wood,27,TEX,AL,5,0,0,5.0,1,0,1,0,0,1.000,,,0,0,1.80,1.08,0.20,1.14,,,,,,,/1,,woodhu01
1397,Angel Zerpa,21,KCR,AL,1,1,0,5.0,2,0,2,0,0,1.000,,,0,0,3.60,1.08,2.00,1.10,,,,,,,/1,,zerpaan01
1398,Tyler Ivey,25,HOU,AL,1,1,0,4.2,1,0,1,0,0,1.000,,,0,0,1.93,1.16,1.00,1.10,,,,,,,/1,,iveyty01
1399,Jacob Latz,25,TEX,AL,1,1,0,4.2,1,0,1,0,0,1.000,,,0,0,1.93,1.16,1.00,1.10,,,,,,,/1,,latzja01
1400,Adrián Morejón,22,SDP,NL,2,2,0,4.2,1,0,1,0,0,1.000,,,1,43,1.93,1.54,0.50,1.45,,,,,,,/1,,morejad01
1401,AJ Ramos,34,LAA,AL,4,0,0,4.2,0,0,0,0,0,,,,0,0,0.00,1.16,0.00,1.13,,,,,,,/1,,ramosaj01
1402,Brandyn Sittinger,27,ARI,NL,5,0,0,4.2,1,0,1,0,0,1.000,,,0,0,1.93,1.54,0.20,1.46,,,,,,,/1,,sittibr01
1403,Devin Smeltzer,25,MIN,AL,1,0,0,4.2,1,1,0,0,0,1.000,,,0,0,1.93,1.16,1.00,1.10,,,,,,,/1,,smeltde01
1404,Pedro Báez,33,HOU,AL,4,0,0,4.1,0,0,0,0,0,,,,0,0,0.00,1.25,0.00,1.13,,,,,,,/1,,baezpe01
1405,Stephen Gonsalves,26,BOS,AL,3,0,0,4.1,0,0,0,0,0,,,,0,0,0.00,1.25,0.00,1.13,,,,,,,/1,,gonsast01
1406,Brent Honeywell Jr.,26,TBR,AL,3,2,0,4.1,2,1,1,0,0,1.000,,,0,0,4.15,1.25,0.67,1.13,,,,,,,/1,,honeybr01
1407,Isaac Mattson,25,BAL,AL,4,0,0,4.1,0,0,0,0,0,,,,0,0,0.00,1.25,0.00,1.13,,,,,,,/1,,mattsis01
1408,Jake Newberry,26,KCR,AL,4,0,0,4.1,1,0,1,0,1,1.000,,,0,0,2.08,1.25,0.25,1.13,,,,,,,/1,,newbeja01
1409,Daniel Zamora,28,SEA,AL,4,0,0,4.1,1,1,0,0,0,1.000,,,0,0,2.08,1.25,0.25,1.13,,,,,,,/1,,zamorda01
1410,DJ Johnson,31,2TM,AL,4,0,0,4.1,0,0,0,0,0,,,,0,0,0.00,1.04,0.00,1.13,,,,,,,/1,,johnsdj01
1410,DJ Johnson,31,CLE,AL,1,0,0,1.2,0,0,0,0,0,,,,0,0,0.00,1.08,0.00,1.10,,,,,,,/1,,johnsdj01
1410,DJ Johnson,31,TBR,AL,3,0,0,2.2,0,0,0,0,0,,,,0,0,0.00,1.01,0.00,1.13,,,,,,,/1,,johnsdj01
1411,Pedro Avila,24,SDP,NL,1,1,0,4.0,0,0,0,0,0,,,,0,0,0.00,1.58,0.00,1.50,,,,,,,/1,,avilape01
1412,Matt Bush,35,TEX,AL,4,0,0,4.0,0,0,0,0,0,,,,0,0,0.00,1.13,0.00,1.13,,,,,,,/1,,bushma01
1413,José Marte,25,LAA,AL,4,0,0,4.0,0,0,0,0,0,,,,0,0,0.00,1.13,0.00,1.13,,,,,,,/1,,martejo01
1414,Bryan Mitchell,30,MIA,NL,2,0,0,4.0,1,0,1,0,0,1.000,,,0,0,2.25,1.58,0.50,1.45,,,,,,,/1,,mitchbr01
1415,Reyes Moronta,28,SFG,NL,4,0,0,4.0,3,3,0,0,0,1.000,,,0,0,6.75,1.58,0.75,1.45,,,,,,,/1,,moronre01
1416,Jhon Romero,26,WSN,NL,5,0,0,4.0,1,0,1,0,0,1.000,,,0,0,2.25,1.58,0.20,1.46,,,,,,,/1,,romerjh01
1417,Patrick Weigel,26,MIL,NL,3,0,0,4.0,1,0,1,0,0,1.000,,,0,0,2.25,1.58,0.33,1.47,,,,,,,/1,,weigepa01
1418,Asher Wojciechowski,32,NYY,AL,1,1,0,4.0,0,0,0,0,0,,,,0,0,0.00,1.13,0.00,1.10,,,,,,,/1,,wojcias01
1419,Neftalí Feliz,33,2TM,NL,5,0,0,4.0,1,1,0,0,0,1.000,,,0,0,2.25,1.58,0.20,1.46,,,,,,,/1,,felizne01
1419,Neftalí Feliz,33,PHI,NL,2,0,0,1.0,0,0,0,0,0,,,,0,0,0.00,1.80,0.00,1.45,,,,,,,/1,,felizne01
1419,Neftalí Feliz,33,LAD,NL,3,0,0,3.0,1,1,0,0,0,1.000,,,0,0,3.00,1.50,0.33,1.47,,,,,,,/1,,felizne01
1420,Drew Carlton,25,DET,AL,4,0,0,3.2,0,0,0,0,0,,,,0,0,0.00,1.23,0.00,1.13,,,,,,,/1,,carltdr01
1421,Aaron Fletcher,25,SEA,AL,4,0,0,3.2,0,0,0,0,0,,,,0,0,0.00,1.23,0.00,1.13,,,,,,,/1,,fletcaa01
1422,Rony García,23,DET,AL,2,0,0,3.2,0,0,0,0,0,,,,0,0,0.00,1.23,0.00,1.15,,,,,,,/1,,garciro03
1423,Javy Guerra,25,SDP,NL,4,0,0,3.2,0,0,0,0,0,,,,0,0,0.00,1.47,0.00,1.45,,,,,,,/1H,,guerrja02
1424,Dauri Moreta,25,CIN,NL,4,0,0,3.2,0,0,0,0,0,,,,0,0,0.00,1.47,0.00,1.45,,,,,,,/1,,moretda01
1425,Óliver Pérez,39,CLE,AL,5,0,0,3.2,0,0,0,0,0,,,,0,0,0.00,1.23,0.00,1.14,,,,,,,/1,,perezol01
1426,Nicklaus Snyder,25,TEX,AL,4,0,0,3.2,0,0,0,0,0,,,,0,0,0.00,1.23,0.00,1.13,,,,,,,/1,,snydeni01
1427,Thomas Szapucki,25,NYM,NL,1,0,0,3.2,2,1,1,0,0,1.000,,,0,0,4.91,1.47,2.00,1.50,,,,,,,/1,,szaputh01
1428,Andrew Bellatti,29,MIA,NL,3,0,0,3.1,2,0,0,2,0,.000,,,-1,-60,0.00,1.35,0.00,1.47,,,,,,,/1,,bellaan01
1429,Ryan Castellani,25,COL,NL,1,1,0,3.1,1,1,0,0,0,1.000,,,0,0,2.70,1.35,1.00,1.50,,,,,,,/1,,castery01
1430,Luis Frías,23,ARI,NL,3,0,0,3.1,0,0,0,0,0,,,,0,0,0.00,1.35,0.00,1.47,,,,,,,/1,,friaslu01
1431,Zack Godley,31,MIL,NL,2,1,0,3.1,1,0,0,1,0,.000,,,0,0,0.00,1.35,0.00,1.45,,,,,,,/1,,godleza01
1432,Jesse Hahn,31,KCR,AL,5,0,0,3.1,2,1,1,0,1,1.000,,,1,60,5.40,1.08,0.40,1.14,,,,,,,/1,,hahnje01
1433,Mickey Jannis,33,BAL,AL,1,0,0,3.1,0,0,0,0,0,,,,0,0,0.00,1.08,0.00,1.10,,,,,,,/1,,jannimi01
1434,Justin Topa,30,MIL,NL,4,0,0,3.1,0,0,0,0,0,,,,0,0,0.00,1.35,0.00,1.45,,,,,,,/1,,topaju01
1435,Eduard Bazardo,25,BOS,AL,2,0,0,3.0,0,0,0,0,0,,,,0,0,0.00,1.20,0.00,1.15,,,,,,,/1,,bazared01
1436,Joe Biagini,31,CHC,NL,1,0,0,3.0,0,0,0,0,0,,,,0,0,0.00,1.50,0.00,1.50,,,,,,,/1,,biagijo01
1437,Brandon Brennan,29,BOS,AL,1,0,0,3.0,0,0,0,0,0,,,,0,0,0.00,1.20,0.00,1.10,,,,,,,/1,,brennbr01
1438,Roansy Contreras,21,PIT,NL,1,1,0,3.0,0,0,0,0,0,,,,0,0,0.00,1.50,0.00,1.50,,,,,,,/1,,contrro01
1439,Brody Koerner,27,NYY,AL,2,0,0,3.0,1,0,1,0,0,1.000,,,0,0,3.00,1.20,0.50,1.15,,,,,,,/1,,koernbr01
1440,Seth Martinez,26,HOU,AL,3,0,0,3.0,0,0,0,0,0,,,,0,0,0.00,1.20,0.00,1.13,,,,,,,/1,,martise01
1441,Stephen Nogosek,26,NYM,NL,1,0,0,3.0,0,0,0,0,0,,,,0,0,0.00,1.50,0.00,1.50,,,,,,,/1,,nogosst01
1442,Tyler Payne,28,CHC,NL,1,0,0,3.0,2,2,0,0,0,1.000,0,0,0,0,6.00,9.60,2.00,9.20,0,0,0,0,,0,/2H,,paynety01
1443,Zac Rosscup,33,COL,NL,4,0,0,3.0,1,0,1,0,0,1.000,,,0,0,3.00,1.50,0.25,1.45,,,,,,,/1,,rosscza01
1444,John Schreiber,27,BOS,AL,1,0,0,3.0,0,0,0,0,0,,,,0,0,0.00,1.20,0.00,1.10,,,,,,,/1,,schrejo01
1445,Connor Seabold,25,BOS,AL,1,1,0,3.0,0,0,0,0,0,,,,0,0,0.00,1.20,0.00,1.10,,,,,,,/1,,seaboco01
1446,R.J. Alaniz,30,CIN,NL,3,0,0,2.2,0,0,0,0,0,,,,0,0,0.00,1.35,0.00,1.47,,,,,,,/1,,alanirj01
1447,Manny Barreda,32,BAL,AL,3,0,0,2.2,0,0,0,0,0,,,,0,0,0.00,1.01,0.00,1.13,,,,,,,/1,,barrema03
1448,Jay Flaa,29,2TM,2LG,2,0,0,2.2,0,0,0,0,0,,,,0,0,0.00,1.35,0.00,1.30,,,,,,,/1,,flaaja01
1448,Jay Flaa,29,BAL,AL,1,0,0,1.1,0,0,0,0,0,,,,0,0,0.00,1.35,0.00,1.10,,,,,,,/1,,flaaja01
1448,Jay Flaa,29,ATL,NL,1,0,0,1.1,0,0,0,0,0,,,,0,0,0.00,1.35,0.00,1.50,,,,,,,/1,,flaaja01
1449,Ryan Hartman,27,HOU,AL,1,0,0,2.1,0,0,0,0,0,,,,0,0,0.00,1.16,0.00,1.10,,,,,,,/1,,hartmry01
1450,Trevor Hildenberger,30,NYM,NL,2,0,0,2.1,0,0,0,0,0,,,,0,0,0.00,1.54,0.00,1.45,,,,,,,/1,,hildetr01
1451,Elvis Peguero,24,LAA,AL,3,0,0,2.1,0,0,0,0,0,,,,0,0,0.00,1.16,0.00,1.13,,,,,,,/1,,pegueel01
1452,Spencer Strider,22,ATL,NL,2,0,0,2.1,1,1,0,0,0,1.000,,,0,0,3.86,1.54,0.50,1.45,,,,,,,/1,,stridsp01
1453,Kutter Crawford,25,BOS,AL,1,1,0,2.0,0,0,0,0,0,,,,0,0,0.00,1.35,0.00,1.10,,,,,,,/1,,crawfku01
1454,Brandon Dickson,36,STL,NL,2,0,0,2.0,0,0,0,0,0,,,,0,0,0.00,1.35,0.00,1.45,,,,,,,/1,,dicksbr01
1455,Raynel Espinal,29,BOS,AL,1,0,0,2.0,1,0,1,0,0,1.000,,,0,0,4.50,1.35,1.00,1.10,,,,,,,/1,,espinra01
1456,Preston Guilmet,33,MIA,NL,2,0,0,2.0,0,0,0,0,0,,,,0,0,0.00,1.35,0.00,1.45,,,,,,,/1,,guilmpr01
1457,Mike Kickham,32,LAD,NL,1,0,0,2.0,0,0,0,0,0,,,,0,0,0.00,1.35,0.00,1.50,,,,,,,/1,,kickhmi01
1458,Brady Lail,27,SEA,AL,2,0,0,2.0,0,0,0,0,0,,,,0,0,0.00,1.35,0.00,1.15,,,,,,,/1,,lailbr01
1459,Dylan Lee,26,ATL,NL,2,0,0,2.0,0,0,0,0,0,,,,0,0,0.00,1.35,0.00,1.45,,,,,,,/1,,leedy01
1460,Tzu-Wei Lin,27,MIN,AL,1,0,0,2.0,0,0,0,0,0,,0,-240,0,0,0.00,2.25,0.00,2.10,,,,,,,/7,,lintz02
1461,Alex McRae,28,CHW,AL,2,0,0,2.0,0,0,0,0,0,,,,0,0,0.00,1.35,0.00,1.15,,,,,,,/1,,mcraeal01
1462,Joseph Odom,29,TBR,AL,1,0,0,2.0,2,2,0,0,0,1.000,0,0,0,0,9.00,9.45,2.00,9.10,0,0,0,0,,0,/2H,,odomjo01
1463,David Paulino,27,PHI,NL,1,0,0,2.0,0,0,0,0,0,,,,0,0,0.00,1.35,0.00,1.50,,,,,,,/1,,paulida01
1464,Yefry Ramírez,27,LAD,NL,1,0,0,2.0,0,0,0,0,0,,,,0,0,0.00,1.35,0.00,1.50,,,,,,,/1,,ramirye01
1465,Jakson Reetz,25,WSN,NL,1,0,0,2.0,4,4,0,0,0,1.000,0,0,0,0,18.00,9.45,4.00,9.20,0,0,0,0,,0,/2H,,reetzja01
1466,Angel Rondón,23,STL,NL,2,0,0,2.0,0,0,0,0,0,,,,0,0,0.00,1.35,0.00,1.45,,,,,,,/1,,rondoan01
1467,Gregory Santos,21,SFG,NL,3,0,0,2.0,0,0,0,0,0,,,,0,0,0.00,1.35,0.00,1.47,,,,,,,/1,,santogr01
1468,Pedro Strop,36,CHC,NL,2,0,0,2.0,0,0,0,0,0,,,,0,0,0.00,1.35,0.00,1.45,,,,,,,/1,,stroppe01
1469,Noah Syndergaard,28,NYM,NL,2,2,0,2.0,0,0,0,0,0,,,,0,0,0.00,1.35,0.00,1.45,,,,,,,/1,,syndeno01
1470,Jorge Guzmán,25,MIA,NL,2,0,0,1.2,0,0,0,0,0,,,,0,0,0.00,1.62,0.00,1.45,,,,,,,/1,,guzmajo04
1471,Keury Mella,27,ARI,NL,2,0,0,1.2,0,0,0,0,0,,,,0,0,0.00,1.62,0.00,1.45,,,,,,,/1,,mellake01
1472,Félix Peña,31,LAA,AL,2,0,0,1.2,0,0,0,0,0,,,,0,0,0.00,1.08,0.00,1.15,,,,,,,/1,,penafe01
1473,Andrew Vasquez,27,LAD,NL,2,0,0,1.2,1,0,1,0,0,1.000,,,0,0,5.40,1.62,0.50,1.45,,,,,,,/1,,vasquan02
1474,Dan Altavilla,28,SDP,NL,2,0,0,1.1,0,0,0,0,0,,,,0,0,0.00,1.35,0.00,1.45,,,,,,,/1,,altavda01
1475,Cooper Criswell,24,LAA,AL,1,1,0,1.1,0,0,0,0,0,,,,0,0,0.00,1.35,0.00,1.10,,,,,,,/1,,criswco01
1476,Kyle Lobstein,31,WSN,NL,3,0,0,1.1,0,0,0,0,0,,,,0,0,0.00,1.35,0.00,1.47,,,,,,,/1,,lobstky01
1477,Riley O'Brien,26,CIN,NL,1,1,0,1.1,0,0,0,0,0,,,,0,0,0.00,1.35,0.00,1.50,,,,,,,/1,,obrieri01
1478,James Paxton,32,SEA,AL,1,1,0,1.1,0,0,0,0,0,,,,0,0,0.00,1.35,0.00,1.10,,,,,,,/1,,paxtoja01
1479,Jesús Tinoco,26,COL,NL,1,0,0,1.1,0,0,0,0,0,,,,0,0,0.00,1.35,0.00,1.50,,,,,,,/1,,tinocje01
1480,Nick Allgeyer,25,TOR,AL,1,0,0,1.0,0,0,0,0,0,,,,0,0,0.00,0.90,0.00,1.10,,,,,,,/1,,allgeni01
1481,Bryan Baker,26,TOR,AL,1,0,0,1.0,0,0,0,0,0,,,,0,0,0.00,0.90,0.00,1.10,,,,,,,/1,,bakerbr01
1482,Tyler Beede,28,SFG,NL,1,0,0,1.0,0,0,0,0,0,,,,0,0,0.00,1.80,0.00,1.50,,,,,,,/1,,beedety01
1483,Dellin Betances,33,NYM,NL,1,0,0,1.0,0,0,0,0,0,,,,-1,-200,0.00,1.80,0.00,1.50,,,,,,,/1,,betande01
1484,Akeem Bostick,26,NYM,NL,1,0,0,1.0,0,0,0,0,0,,,,0,0,0.00,1.80,0.00,1.50,,,,,,,/1,,bostiak01
1485,Colten Brewer,28,BOS,AL,1,0,0,1.0,0,0,0,0,0,,,,0,0,0.00,0.90,0.00,1.10,,,,,,,/1,,breweco01
1486,Kyle Dohy,24,PHI,NL,1,0,0,1.0,0,0,0,0,0,,,,0,0,0.00,1.80,0.00,1.50,,,,,,,/1,,dohyky01
1487,Seranthony Domínguez,26,PHI,NL,1,0,0,1.0,0,0,0,0,0,,,,0,0,0.00,1.80,0.00,1.50,,,,,,,/1,,dominse01
1488,Blaine Hardy,34,MIL,NL,1,0,0,1.0,0,0,0,0,0,,,,0,0,0.00,1.80,0.00,1.50,,,,,,,/1,,hardybl01
1489,Jack Kruger,26,LAA,AL,1,0,0,1.0,1,1,0,0,0,1.000,0,0,0,0,9.00,9.00,1.00,9.10,0,0,0,0,,0,/2,,krugeja01
1490,Vinny Nittoli,30,SEA,AL,1,0,0,1.0,0,0,0,0,0,,,,0,0,0.00,0.90,0.00,1.10,,,,,,,/1,,nittovi01
1491,Andrés Muñoz,22,SEA,AL,1,0,0,0.2,0,0,0,0,0,,,,0,0,0.00,1.35,0.00,1.10,,,,,,,/1,,munozan01
1492,Chaz Roe,34,TBR,AL,1,0,0,0.2,0,0,0,0,0,,,,0,0,0.00,1.35,0.00,1.10,,,,,,,/1,,roech01
1493,John Axford,38,MIL,NL,1,0,0,0.1,0,0,0,0,0,,,,0,0,0.00,0.00,0.00,1.50,,,,,,,/1,,axforjo01
1494,Seth Beer,24,ARI,NL,1,1,0,0.1,1,1,0,0,0,1.000,-1,-1800,-1,-3600,27.00,8.10,1.00,8.10,,,,,,,/DH3,,beerse01
1495,Damon Jones,26,PHI,NL,1,0,0,0.1,0,0,0,0,0,,,,0,0,0.00,0.00,0.00,1.50,,,,,,,/1,,jonesda07
1496,Kaleb Ort,29,BOS,AL,1,0,0,0.1,0,0,0,0,0,,,,0,0,0.00,0.00,0.00,1.10,,,,,,,/1,,ortka01
1497,Kevin Quackenbush,32,LAD,NL,1,0,0,0.1,0,0,0,0,0,,,,0,0,0.00,0.00,0.00,1.50,,,,,,,/1,,quackke01
1498,Roel Ramírez,26,STL,NL,1,0,0,0.1,0,0,0,0,0,,,,0,0,0.00,0.00,0.00,1.50,,,,,,,/1,,ramirro02
1499,Bernardo Flores Jr.,25,STL,NL,1,0,0,0.0,0,0,0,0,0,,,,0,,,,0.00,1.50,,,,,,,/1,,florebe01
1500,Jonathan Stiever,24,CHW,AL,1,0,0,0.0,0,0,0,0,0,,,,0,,,,0.00,1.10,,,,,,,/1,,stievjo01
1501,Stephen Tarpley,28,NYM,NL,1,0,0,0.0,0,0,0,0,0,,,,0,,,,0.00,1.50,,,,,,,/1,,tarplst01
,MLB Average,,,,,,,,,,,,,.985,,0,,0,3.99,,2.57,,,,,,24.3,,,,-9999