Rk,Player,Age,Team,Lg,G,GS,CG,Inn,Ch,PO,A,E,DP,Fld%,Rtot,Rtot/yr,Rdrs,Rdrs/yr,RF/9,lgRF9,RF/G,lgRFG,PB,WP,SB,CS,CS%,Pick,Pos,Awards,-9999
1,Freddie Freeman,24,ATL,NL,162,162,159,1449.0,1392,1271,116,5,130,.996,-2,-1,-10,-8,8.61,9.29,8.56,9.27,,,,,,,*3,ASMVP-23,freemfr01
2,Alcides Escobar,27,KCR,AL,162,162,156,1433.2,669,213,440,16,91,.976,-5,-4,-2,-2,4.10,3.98,4.03,3.97,,,,,,,*6,,escobal02
3,Hunter Pence,31,SFG,NL,161,161,155,1426.0,322,308,9,5,0,.984,-9,-7,1,1,2.00,2.12,1.97,2.11,,,,,,,*9/8H,ASMVP-11,pencehu01
4,Ian Kinsler,32,DET,AL,160,160,142,1414.0,766,290,467,9,101,.988,14,12,14,12,4.82,4.61,4.73,4.60,,,,,,,*4/H,AS,kinslia01
5,Casey McGehee,31,MIA,NL,158,158,152,1409.2,326,78,241,7,34,.979,-4,-3,-7,-6,2.04,2.52,2.02,2.51,,,,,,,*5/DH,,mcgehca01
6,Kyle Seager,26,SEA,AL,157,157,154,1402.0,422,87,327,8,36,.981,26,22,15,13,2.66,2.56,2.64,2.55,,,,,,,*5/DH,ASMVP-20GG,seageky01
7,Howie Kendrick,30,LAA,AL,154,154,145,1386.0,684,267,406,11,83,.984,6,5,13,11,4.37,4.61,4.37,4.60,,,,,,,*4/D,MVP-18,kendrho01
8,Todd Frazier,28,CIN,NL,156,155,141,1381.2,627,382,231,14,37,.978,8,7,3,3,3.99,4.16,3.67,4.25,,,,,,,*53/H,AS,frazito01
9,Evan Longoria,28,TBR,AL,155,154,148,1381.2,396,121,262,13,27,.967,2,2,-2,-2,2.49,2.56,2.47,2.55,,,,,,,*5/D,,longoev01
10,Ian Desmond,28,WSN,NL,154,154,146,1377.2,643,203,416,24,82,.963,3,3,4,3,4.04,4.30,4.02,4.29,,,,,,,*6,SS,desmoia01
11,Alexei Ramírez,32,CHW,AL,158,157,149,1376.2,696,195,486,15,119,.978,-7,-6,-1,-1,4.45,3.98,4.31,3.97,,,,,,,*6/H,ASSS,ramiral03
12,Matt Carpenter,28,STL,NL,156,155,144,1372.2,395,91,288,16,23,.959,-1,-1,-5,-4,2.48,2.52,2.40,2.51,,,,,,,*5/9HD,AS,carpema01
13,Alex Gordon,30,KCR,AL,156,155,148,1372.2,351,341,8,2,0,.994,26,22,22,19,2.29,2.26,2.24,2.25,,,,,,,*7,ASMVP-12GG,gordoal01
14,Adam Jones,28,BAL,AL,155,153,145,1368.1,387,374,7,6,3,.984,-1,-1,3,3,2.51,2.26,2.46,2.25,,,,,,,*8/DH,ASMVP-14GG,jonesad01
15,Erick Aybar,30,LAA,AL,155,154,140,1365.0,563,194,359,10,75,.982,-11,-10,-3,-3,3.65,3.98,3.57,3.97,,,,,,,*6/H,AS,aybarer01
16,Anthony Rendon,24,WSN,NL,152,151,139,1364.0,459,157,287,15,38,.967,14,13,15,13,2.93,2.86,2.74,2.88,,,,,,,*54/H,MVP-5SS,rendoan01
17,Jose Altuve,24,HOU,AL,156,156,146,1362.1,737,268,459,10,105,.986,1,1,-12,-11,4.80,4.61,4.66,4.60,,,,,,,*4/DH,ASMVP-13SS,altuvjo01
18,Brian Dozier,27,MIN,AL,156,155,150,1361.0,751,261,475,15,98,.980,-11,-10,3,3,4.87,4.61,4.72,4.60,,,,,,,*4,,doziebr01
19,Marlon Byrd,36,PHI,NL,149,147,143,1337.1,341,329,6,6,1,.982,-1,-1,12,11,2.25,2.12,2.25,2.11,,,,,,,*9/HD,,byrdma01
20,James Loney,30,TBR,AL,152,148,142,1334.0,1178,1111,58,9,78,.992,-6,-5,-4,-4,7.89,8.97,7.69,8.94,,,,,,,*3/DH,,loneyja01
21,Nick Markakis,30,BAL,AL,149,149,143,1333.1,330,318,12,0,2,1.000,1,1,1,1,2.23,2.36,2.21,2.34,,,,,,,*9/D3,GG,markani01
22,Curtis Granderson,33,NYM,NL,151,149,126,1328.1,315,305,8,2,1,.994,-7,-7,-5,-5,2.12,2.12,2.07,2.11,,,,,,,*987/H,,grandcu01
23,Austin Jackson,27,2TM,AL,154,151,141,1326.0,388,378,4,6,2,.985,-19,-18,-3,-3,2.59,2.26,2.48,2.25,,,,,,,*8/H,,jacksau01
23,Austin Jackson,27,DET,AL,100,97,96,869.0,253,247,2,4,1,.984,-23,-32,-7,-10,2.58,2.26,2.49,2.25,,,,,,,8/H,,jacksau01
23,Austin Jackson,27,SEA,AL,54,54,45,457.0,135,131,2,2,1,.985,4,9,4,11,2.62,2.26,2.46,2.25,,,,,,,8,,jacksau01
24,Adrián González,32,LAD,NL,157,152,134,1325.1,1442,1318,118,6,118,.996,10,9,15,14,9.75,9.29,9.15,9.27,,,,,,,*3/HD,MVP-7GGSS,gonzaad01
25,Jhonny Peralta,32,STL,NL,152,151,135,1325.1,621,191,418,12,98,.981,13,11,15,14,4.14,4.30,4.01,4.29,,,,,,,*6/HD,MVP-14,peraljh01
26,Chase Utley,35,PHI,NL,147,147,136,1324.0,728,294,423,11,87,.985,3,3,3,3,4.87,4.67,4.84,4.68,,,,,,,*4/H3D,AS,utleych01
27,Josh Donaldson,28,OAK,AL,150,146,141,1320.2,482,131,328,23,43,.952,24,22,15,14,3.13,2.56,3.06,2.55,,,,,,,*5/DH,ASMVP-8,donaljo02
28,Chris Johnson,29,ATL,NL,150,149,137,1319.2,272,57,209,6,18,.978,-10,-9,-7,-6,1.81,2.53,1.76,2.55,,,,,,,*5/H3D,,johnsch05
29,Justin Upton,26,ATL,NL,150,150,136,1319.2,284,271,5,8,0,.972,9,8,-4,-4,1.88,2.12,1.84,2.11,,,,,,,*7/HD,MVP-17SS,uptonju01
30,Jason Heyward,24,ATL,NL,149,148,142,1317.0,375,365,9,1,2,.997,27,25,23,21,2.56,2.12,2.51,2.11,,,,,,,*9/H,GG,heywaja01
31,Mike Trout,22,LAA,AL,149,149,135,1314.0,390,383,4,3,1,.992,-1,-1,-11,-10,2.65,2.26,2.60,2.25,,,,,,,*8/D,ASMVP-1SS,troutmi01
32,Jonathan Lucroy,28,MIL,NL,149,149,128,1311.2,1205,1126,74,5,14,.996,3,2,22,20,8.23,8.50,7.74,8.50,5,33,83,29,25.9,3,*23/HD,ASMVP-4,lucrojo01
33,Elvis Andrus,25,TEX,AL,153,152,143,1309.1,626,237,371,18,94,.971,-7,-6,-12,-11,4.18,3.98,3.97,3.97,,,,,,,*6/DH,,andruel01
34,Marcell Ozuna,23,MIA,NL,151,146,135,1308.2,371,356,10,5,1,.987,10,9,8,7,2.52,2.12,2.42,2.11,,,,,,,*87/H9,,ozunama01
35,Michael Brantley,27,CLE,AL,147,146,132,1304.1,284,271,12,1,2,.996,-17,-16,1,1,1.95,2.26,1.93,2.25,,,,,,,*78/DH,ASMVP-3SS,brantmi02
36,Robinson Canó,31,SEA,AL,150,149,135,1304.0,697,261,427,9,103,.987,8,7,0,0,4.75,4.61,4.59,4.60,,,,,,,*4/D,ASMVP-5,canoro01
37,Matt Dominguez,24,HOU,AL,153,147,139,1302.2,398,109,278,11,22,.972,-1,-1,0,0,2.67,2.56,2.53,2.55,,,,,,,*5/D,,dominma01
38,Denard Span,30,WSN,NL,147,144,138,1302.2,388,377,7,4,3,.990,10,9,2,2,2.65,2.12,2.61,2.11,,,,,,,*8,MVP-19,spande01
39,Adeiny Hechavarría,25,MIA,NL,146,146,141,1294.2,652,200,438,14,87,.979,-13,-12,0,0,4.44,4.30,4.37,4.29,,,,,,,*6,,hechaad01
40,Andrew McCutchen,27,PIT,NL,146,146,133,1286.0,308,301,1,6,0,.981,-5,-5,-11,-10,2.11,2.12,2.07,2.11,,,,,,,*8,ASMVP-3SS,mccutan01
41,Daniel Murphy,29,NYM,NL,142,142,138,1282.2,603,215,373,15,92,.975,-12,-11,-9,-8,4.13,4.43,4.11,4.44,,,,,,,*45/3H,AS,murphda08
42,Matt Holliday,34,STL,NL,150,150,118,1280.2,252,240,5,7,1,.972,0,0,-3,-3,1.72,2.12,1.63,2.11,,,,,,,*7/D,MVP-14,hollima01
43,Andrelton Simmons,24,ATL,NL,146,144,137,1277.0,642,217,411,14,99,.978,13,12,19,18,4.43,4.30,4.30,4.29,,,,,,,*6/H,GG,simmoan01
44,Zack Cozart,28,CIN,NL,147,143,138,1274.1,614,204,400,10,73,.984,16,15,16,15,4.27,4.30,4.11,4.29,,,,,,,*6/H,,cozarza01
45,Brandon Crawford,27,SFG,NL,149,142,137,1273.0,634,185,428,21,85,.967,15,14,9,8,4.33,4.30,4.11,4.29,,,,,,,*6/H,,crawfbr01
46,Carlos Gómez,28,MIL,NL,145,144,133,1269.2,367,355,7,5,2,.986,-7,-6,1,1,2.57,2.12,2.50,2.11,,,,,,,*8/HD,ASMVP-16,gomezca01
47,Pablo Sandoval,27,SFG,NL,151,150,112,1265.2,382,89,282,11,27,.971,8,7,2,2,2.64,2.52,2.46,2.51,,,,,,,*5/DH,,sandopa01
48,Xander Bogaerts,21,BOS,AL,143,142,138,1265.1,515,175,320,20,56,.961,-12,-11,-10,-9,3.52,3.55,3.46,3.53,,,,,,,65/H,,bogaexa01
49,Giancarlo Stanton,24,MIA,NL,143,142,132,1262.1,332,319,7,6,1,.982,14,13,6,6,2.32,2.12,2.28,2.11,,,,,,,*9/DH,ASMVP-2SS,stantmi03
50,Anthony Rizzo,24,CHC,NL,140,140,135,1259.0,1311,1184,118,9,104,.993,7,7,9,9,9.31,9.29,9.30,9.27,,,,,,,*3,ASMVP-10,rizzoan01
51,Christian Yelich,22,MIA,NL,144,142,135,1258.2,279,271,6,2,1,.993,7,7,9,9,1.98,2.12,1.92,2.11,,,,,,,*78/H,GG,yelicch01
52,J.J. Hardy,31,BAL,AL,141,141,133,1257.0,594,187,394,13,99,.978,15,14,9,9,4.16,3.98,4.12,3.97,,,,,,,*6,GG,hardyjj01
53,Ryan Howard,34,PHI,NL,141,141,121,1256.1,1313,1224,80,9,103,.993,0,0,-12,-11,9.34,9.29,9.25,9.27,,,,,,,*3/HD,,howarry01
54,Asdrúbal Cabrera,28,2TM,2LG,140,140,133,1255.2,590,188,387,15,86,.975,6,5,-8,-8,4.12,4.21,4.08,4.20,,,,,,,64/HD,,cabreas01
54,Asdrúbal Cabrera,28,CLE,AL,92,92,89,820.2,383,115,254,14,57,.963,5,8,-4,-6,4.05,3.98,4.01,3.97,,,,,,,6/DH,,cabreas01
54,Asdrúbal Cabrera,28,WSN,NL,48,48,44,435.0,207,73,133,1,29,.995,0,1,-4,-11,4.26,4.66,4.20,4.64,,,,,,,4/6H,,cabreas01
55,Brett Gardner,30,NYY,AL,146,141,131,1252.1,287,280,5,2,0,.993,3,3,3,3,2.05,2.26,1.95,2.25,,,,,,,*78/H9D,,gardnbr01
56,Salvador Perez,24,KCR,AL,146,143,124,1248.2,1118,1037,72,9,5,.992,9,9,6,6,7.99,8.24,7.60,8.21,5,49,57,25,30.5,7,*2/DH,ASGG,perezsa02
57,Leonys Martín,26,TEX,AL,152,140,134,1247.1,434,415,11,8,3,.982,10,10,16,15,3.07,2.26,2.80,2.25,,,,,,,*8/HD,,martile01
58,José Reyes,31,TOR,AL,142,141,134,1243.2,550,160,371,19,75,.965,-3,-3,-14,-14,3.84,3.98,3.74,3.97,,,,,,,*6/H,,reyesjo01
59,Dee Strange-Gordon,26,LAD,NL,144,139,131,1240.1,643,256,375,12,84,.981,3,3,3,3,4.58,4.66,4.38,4.65,,,,,,,*4/H,ASMVP-25,gordode01
60,Jacoby Ellsbury,30,NYY,AL,141,138,130,1237.0,384,380,3,1,1,.997,1,1,-3,-3,2.79,2.26,2.72,2.25,,,,,,,*8/DH,,ellsbja01
61,Jean Segura,24,MIL,NL,144,139,131,1236.2,643,180,447,16,83,.975,8,8,3,3,4.56,4.30,4.35,4.29,,,,,,,*6/H,,segurje01
62,Yasiel Puig,23,LAD,NL,144,141,126,1233.0,272,254,15,3,3,.989,-5,-5,-3,-3,1.96,2.12,1.87,2.11,,,,,,,*98/HD,ASMVP-19,puigya01
63,José Bautista,33,TOR,AL,141,141,118,1231.2,379,357,18,4,8,.989,-2,-2,0,0,2.74,2.79,2.59,2.80,,,,,,,*9D38/H,ASMVP-6SS,bautijo02
64,Nick Castellanos,22,DET,AL,145,141,109,1229.0,302,75,212,15,22,.950,-29,-28,-19,-19,2.10,2.56,1.98,2.55,,,,,,,*5/H,ROY-8,casteni01
65,Lucas Duda,28,NYM,NL,146,136,129,1228.0,1198,1109,82,7,125,.994,-2,-2,5,5,8.73,9.27,8.10,9.22,,,,,,,*3H/D7,MVP-22,dudalu01
66,Jordy Mercer,27,PIT,NL,144,137,129,1224.1,609,159,439,11,80,.982,20,20,4,4,4.40,4.30,4.12,4.28,,,,,,,*6/H9,,mercejo03
67,Jayson Werth,35,WSN,NL,139,137,121,1220.2,260,247,8,5,1,.981,-1,-1,-3,-3,1.88,2.12,1.83,2.11,,,,,,,*9/DH,MVP-18,werthja01
68,DJ LeMahieu,25,COL,NL,148,139,125,1220.0,683,259,418,6,99,.991,7,7,10,10,4.99,4.60,4.42,4.58,,,,,,,*4/536H,GG,lemahdj01
69,Ben Zobrist,33,TBR,AL,137,137,97,1219.2,474,222,244,8,44,.983,6,6,0,0,3.44,3.80,2.84,3.71,,,,,,,4769/D8H,,zobribe01
70,B.J. Upton,29,ATL,NL,139,135,134,1218.1,345,329,9,7,3,.980,8,8,-6,-6,2.50,2.12,2.43,2.11,,,,,,,*8/H,,uptonbj01
71,Martín Prado,30,2TM,2LG,140,136,126,1209.0,401,118,267,16,30,.960,15,15,6,6,2.87,2.81,2.69,2.80,,,,,,,*54/9H7,,pradoma01
71,Martín Prado,30,ARI,NL,103,102,98,904.2,282,75,193,14,23,.950,6,8,0,0,2.67,2.60,2.60,2.59,,,,,,,5/4H,,pradoma01
71,Martín Prado,30,NYY,AL,37,34,28,304.1,119,43,74,2,7,.983,9,34,6,24,3.46,3.42,2.93,3.33,,,,,,,45/97H,,pradoma01
72,Charlie Blackmon,27,COL,NL,142,135,112,1201.1,330,317,6,7,2,.979,8,8,0,0,2.42,2.12,2.27,2.11,,,,,,,*987H,AS,blackch02
73,Adam LaRoche,34,WSN,NL,136,135,123,1200.0,1200,1100,93,7,101,.994,1,1,1,1,8.95,9.29,8.77,9.27,,,,,,,*3/HD,,larocad01
74,Billy Hamilton,23,CIN,NL,144,136,130,1199.1,354,342,10,2,3,.994,17,17,14,14,2.64,2.12,2.44,2.11,,,,,,,*8H/D,ROY-2,hamilbi02
75,Ben Revere,26,PHI,NL,141,132,121,1199.0,329,323,2,4,2,.988,-8,-8,-14,-14,2.44,2.12,2.30,2.11,,,,,,,*8H,,reverbe01
76,Matt Kemp,29,LAD,NL,143,137,119,1195.2,241,227,7,7,2,.971,-17,-17,-23,-23,1.76,2.12,1.64,2.11,,,,,,,*978H/D,,kempma01
77,Buster Posey,27,SFG,NL,142,139,108,1190.1,1112,1033,73,6,28,.995,10,10,7,7,8.36,8.60,7.58,8.60,5,23,59,25,29.8,1,*23/HD,MVP-6SS,poseybu01
78,David Wright,31,NYM,NL,133,133,126,1190.0,329,83,231,15,21,.954,-5,-5,6,6,2.37,2.52,2.36,2.51,,,,,,,*5/H,,wrighda03
79,Starlin Castro,24,CHC,NL,133,133,130,1188.0,549,148,386,15,74,.973,-2,-2,-5,-5,4.05,4.30,4.02,4.29,,,,,,,*6/H,AS,castrst01
80,Dustin Pedroia,30,BOS,AL,135,133,122,1187.1,654,247,405,2,96,.997,15,15,10,10,4.94,4.61,4.83,4.60,,,,,,,*4/H,GG,pedrodu01
81,Yunel Escobar,31,TBR,AL,136,134,125,1183.2,451,168,267,16,50,.965,-16,-16,-24,-24,3.31,3.98,3.18,3.96,,,,,,,*6/H7,,escobyu01
82,Neil Walker,28,PIT,NL,135,132,125,1175.2,630,251,374,5,87,.992,1,1,-2,-2,4.78,4.66,4.63,4.65,,,,,,,*4/H,SS,walkene01
83,Melky Cabrera,29,TOR,AL,136,135,110,1173.2,255,240,13,2,3,.992,-14,-14,-3,-3,1.94,2.26,1.86,2.25,,,,,,,*7/9D8H,,cabreme01
84,Adrian Beltré,35,TEX,AL,136,136,125,1171.1,362,144,206,12,25,.967,-8,-8,4,4,2.69,2.56,2.57,2.55,,,,,,,*5D,ASMVP-15SS,beltrad01
85,Jimmy Rollins,35,PHI,NL,131,129,123,1170.2,563,158,398,7,64,.988,12,12,6,6,4.27,4.30,4.24,4.29,,,,,,,*6/HD,,rolliji01
86,Omar Infante,32,KCR,AL,134,134,122,1170.0,502,187,304,11,67,.978,-12,-12,-2,-2,3.78,4.61,3.66,4.60,,,,,,,*4/H,,infanom01
87,Carlos Santana,28,CLE,AL,129,129,121,1169.2,1081,961,109,11,75,.990,1,1,-8,-8,8.23,7.68,8.17,7.61,2,5,8,4,33.3,0,35D2/H,,santaca01
88,Ryan Braun,30,MIL,NL,134,133,119,1168.0,270,263,5,2,2,.993,10,10,-6,-6,2.07,2.12,2.00,2.11,,,,,,,*9/8DH,,braunry02
89,Matt Adams,25,STL,NL,133,132,124,1163.0,1204,1115,80,9,111,.993,-7,-7,6,6,9.25,9.29,8.98,9.27,,,,,,,*3H,,adamsma01
90,Jay Bruce,27,CIN,NL,133,131,128,1162.1,260,245,8,7,2,.973,4,4,-5,-5,1.96,2.28,1.89,2.27,,,,,,,*9/H3,,bruceja01
91,Gerardo Parra,27,2TM,NL,142,126,119,1161.0,268,252,9,7,3,.974,-3,-3,-3,-3,2.02,2.12,1.84,2.11,,,,,,,*978H,,parrage01
91,Gerardo Parra,27,ARI,NL,103,98,95,890.0,198,186,8,4,2,.980,-1,-2,-1,-1,1.96,2.12,1.88,2.11,,,,,,,9/8H,,parrage01
91,Gerardo Parra,27,MIL,NL,39,28,24,271.0,70,66,1,3,1,.957,-1,-5,-2,-9,2.23,2.12,1.72,2.11,,,,,,,7/8H9,,parrage01
92,Khris Davis,26,MIL,NL,134,131,112,1156.1,257,252,2,3,2,.988,13,13,1,1,1.98,2.12,1.90,2.11,,,,,,,*7H,,daviskh01
93,Alejandro De Aza,30,2TM,AL,140,129,113,1156.1,281,272,6,3,1,.989,-4,-4,1,1,2.16,2.26,1.99,2.25,,,,,,,*78/H9D,,deazaal01
93,Alejandro De Aza,30,CHW,AL,120,109,95,977.0,238,231,5,2,1,.992,-3,-4,2,2,2.17,2.26,1.97,2.25,,,,,,,*78/H9D,,deazaal01
93,Alejandro De Aza,30,BAL,AL,20,20,18,179.1,43,41,1,1,0,.977,0,-3,-1,-7,2.11,2.26,2.10,2.25,,,,,,,7/8,,deazaal01
94,Miguel Cabrera,31,DET,AL,133,133,107,1152.2,1101,984,111,6,102,.995,5,5,-2,-2,8.55,8.58,8.05,8.47,,,,,,,*3D5/H,ASMVP-9,cabremi01
95,Miguel Montero,30,ARI,NL,131,130,125,1152.0,1115,1037,65,13,12,.988,1,1,10,10,8.61,8.41,8.41,8.39,5,41,64,26,28.9,1,*2/HD,AS,montemi01
96,Mike Moustakas,25,KCR,AL,138,126,123,1148.2,357,97,241,19,14,.947,-4,-4,-5,-5,2.65,2.56,2.45,2.55,,,,,,,*5/H,,moustmi01
97,Jed Lowrie,30,OAK,AL,130,129,120,1146.1,503,146,344,13,71,.974,2,2,-9,-9,3.85,3.98,3.77,3.97,,,,,,,*6/DH,,lowrije01
98,Jonathan Schoop,22,BAL,AL,137,126,120,1144.1,592,219,362,11,89,.981,12,13,10,10,4.57,4.37,4.15,4.35,,,,,,,*45/H,,schoojo01
99,Garrett Jones,33,MIA,NL,137,129,108,1140.1,1118,998,107,13,103,.988,-10,-10,-5,-5,8.72,8.91,8.01,8.80,,,,,,,*3H/9,,jonesga02
100,Derek Jeter,40,NYY,AL,130,129,116,1138.1,411,144,256,11,48,.973,-28,-30,-21,-22,3.16,3.98,3.08,3.97,,,,,,,*6D/H,AS,jeterde01
101,Chase Headley,30,2TM,2LG,133,130,123,1136.2,373,128,236,9,31,.976,19,20,14,15,2.88,2.84,2.72,2.86,,,,,,,*5/3HD,,headlch01
101,Chase Headley,30,SDP,NL,76,75,70,647.0,173,43,124,6,14,.965,6,10,3,6,2.32,2.52,2.20,2.51,,,,,,,5/H,,headlch01
101,Chase Headley,30,NYY,AL,57,55,53,489.2,200,85,112,3,17,.985,14,33,11,27,3.62,3.27,3.40,3.32,,,,,,,5/3HD,,headlch01
102,Dustin Ackley,26,SEA,AL,133,127,117,1130.0,251,245,4,2,2,.992,9,9,7,7,1.98,2.26,1.87,2.25,,,,,,,*7H/D,,ackledu01
103,Yoenis Céspedes,28,2TM,AL,127,125,106,1125.2,247,225,16,6,0,.976,-6,-7,13,14,1.93,2.26,1.90,2.25,,,,,,,*7D/8H,AS,cespeyo01
103,Yoenis Céspedes,28,OAK,AL,84,82,68,745.0,160,144,12,4,0,.975,-6,-9,6,10,1.88,2.26,1.86,2.25,,,,,,,7D/8H,,cespeyo01
103,Yoenis Céspedes,28,BOS,AL,43,43,38,380.2,87,81,4,2,0,.977,-1,-2,7,22,2.01,2.26,1.98,2.25,,,,,,,7/DH,,cespeyo01
104,Eric Hosmer,24,KCR,AL,130,126,123,1121.2,1141,1043,88,10,85,.991,2,2,3,3,9.07,8.97,8.70,8.94,,,,,,,*3/H,GG,hosmeer01
105,Luis Valbuena,28,CHC,NL,140,122,109,1121.1,354,102,243,9,21,.975,-6,-6,-4,-4,2.77,2.81,2.38,2.82,,,,,,,*54H/D,,valbulu01
106,Mike Zunino,23,SEA,AL,130,125,121,1121.0,1099,1010,84,5,5,.995,-5,-5,8,9,8.78,8.24,8.42,8.21,8,62,71,28,28.3,0,*2/DH,,zuninmi01
107,Yangervis Solarte,26,2TM,2LG,129,124,98,1114.1,323,104,204,15,28,.954,-5,-5,-9,-10,2.49,2.88,2.01,2.96,,,,,,,*54/67H,,solarya01
107,Yangervis Solarte,26,NYY,AL,74,70,55,633.1,201,55,137,9,15,.955,-3,-6,-6,-11,2.73,2.93,2.18,3.03,,,,,,,54/6H,,solarya01
107,Yangervis Solarte,26,SDP,NL,55,54,43,481.0,122,49,67,6,13,.951,-2,-5,-3,-7,2.17,2.82,1.78,2.88,,,,,,,54/76H,,solarya01
108,Torii Hunter,38,DET,AL,128,128,110,1114.0,228,218,5,5,1,.978,-16,-17,-15,-16,1.80,2.26,1.74,2.25,,,,,,,*9/DH,,hunteto01
109,Lorenzo Cain,28,KCR,AL,133,122,81,1111.2,348,338,8,2,0,.994,20,21,18,19,2.80,2.26,2.60,2.25,,,,,,,*89/HD,,cainlo01
110,Trevor Plouffe,28,MIN,AL,127,127,118,1110.2,349,109,226,14,25,.960,-1,-2,8,9,2.71,2.56,2.64,2.55,,,,,,,*5/DH,,plouftr01
111,Brandon Moss,30,OAK,AL,132,123,82,1109.2,644,610,27,7,49,.989,-3,-3,-2,-2,5.17,5.21,4.22,5.22,,,,,,,379DH,AS,mossbr01
112,Justin Morneau,33,COL,NL,131,126,112,1105.2,1260,1170,86,4,122,.997,11,12,10,11,10.22,9.29,9.59,9.27,,,,,,,*3/HD,MVP-23,morneju01
113,Starling Marte,25,PIT,NL,131,123,105,1105.0,188,178,4,6,0,.968,1,1,3,3,1.48,2.12,1.39,2.11,,,,,,,*78/H,,martest01
114,Chris Davis,28,BAL,AL,125,123,103,1092.0,1000,918,74,8,100,.992,-1,-2,3,3,8.18,8.09,7.29,7.95,,,,,,,*35/HD,,davisch02
115,Alexi Amarista,25,SDP,NL,138,119,102,1084.0,460,178,273,9,44,.980,1,1,8,9,3.74,3.80,3.18,3.67,,,,,,,6548H/7,,amarial01
116,Aaron Hill,32,ARI,NL,123,123,117,1082.1,584,217,360,7,70,.988,-7,-8,-8,-9,4.80,4.54,4.69,4.53,,,,,,,*4/H5D,,hillaa01
117,Yan Gomes,26,CLE,AL,126,121,112,1082.0,1139,1052,73,14,9,.988,2,2,9,10,9.36,8.24,8.93,8.21,6,39,66,31,32.0,2,*2/DH,SS,gomesya01
118,Aramis Ramírez,36,MIL,NL,126,126,105,1077.0,268,74,184,10,12,.963,2,2,-9,-10,2.16,2.52,2.05,2.51,,,,,,,*5/DH,AS,ramirar01
119,Jason Kipnis,27,CLE,AL,123,121,113,1075.0,534,181,347,6,63,.989,7,8,-9,-10,4.42,4.61,4.29,4.60,,,,,,,*4/DH,,kipnija01
120,Conor Gillaspie,26,CHW,AL,127,120,114,1063.2,307,79,216,12,26,.961,-12,-13,-12,-14,2.50,2.56,2.32,2.55,,,,,,,*5/H,,gillaco01
121,Rajai Davis,33,DET,AL,125,118,89,1058.0,288,277,6,5,1,.983,-20,-22,-9,-10,2.41,2.26,2.26,2.25,,,,,,,*78H/D,,davisra01
122,Brandon Phillips,33,CIN,NL,121,121,109,1054.1,525,216,307,2,68,.996,1,2,0,0,4.46,4.66,4.32,4.65,,,,,,,*4,,phillbr01
123,Dayán Viciedo,25,CHW,AL,131,127,71,1052.2,253,240,5,8,1,.968,-6,-7,-15,-17,2.09,2.40,1.86,2.45,,,,,,,*97D/H3,,vicieda01
124,Tyler Flowers,28,CHW,AL,124,120,105,1052.0,941,863,70,8,6,.991,-3,-3,10,11,7.98,8.24,7.52,8.21,9,51,62,26,29.5,0,*2/H,,flowety01
125,Eduardo Escobar,25,MIN,AL,132,117,110,1051.1,449,159,281,9,61,.980,-3,-4,-12,-14,3.77,3.72,3.26,3.71,,,,,,,65/4H78D,,escobed01
126,Adam Eaton,25,CHW,AL,121,121,111,1043.2,325,312,9,4,1,.988,0,0,11,13,2.77,2.26,2.65,2.25,,,,,,,*8,,eatonad02
127,Kole Calhoun,26,LAA,AL,124,112,105,1042.1,244,234,9,1,1,.996,0,0,0,0,2.10,2.30,1.94,2.36,,,,,,,*9H/3,,calhoko01
128,Domonic Brown,26,PHI,NL,127,117,99,1041.1,188,182,4,2,2,.989,0,0,-7,-8,1.61,2.12,1.46,2.11,,,,,,,*7H/D,,browndo01
129,Seth Smith,31,SDP,NL,124,118,78,1034.1,225,219,5,1,1,.996,5,6,3,3,1.95,2.12,1.81,2.11,,,,,,,*79H/D,,smithse01
130,Desmond Jennings,27,TBR,AL,118,115,108,1033.1,309,307,2,0,0,1.000,-2,-2,3,3,2.69,2.26,2.62,2.25,,,,,,,*8/DH,,jennide01
131,Lonnie Chisenhall,25,CLE,AL,122,113,103,1031.0,313,112,183,18,14,.942,-18,-20,-12,-14,2.58,2.92,2.36,3.11,,,,,,,*5DH3,,chiselo01
132,Josh Harrison,26,PIT,NL,127,116,81,1027.0,354,151,197,6,30,.983,14,16,16,19,3.05,2.67,2.37,2.72,,,,,,,579H4/6,ASMVP-9,harrijo05
133,Allen Craig,29,2TM,2LG,123,118,88,1024.2,498,466,32,0,25,1.000,-1,-2,4,5,4.37,4.43,3.89,4.37,,,,,,,937/HD,,craigal01
133,Allen Craig,29,STL,NL,96,94,72,815.1,333,315,18,0,13,1.000,-1,-2,2,3,3.68,3.87,3.40,3.86,,,,,,,937/H,,craigal01
133,Allen Craig,29,BOS,AL,27,24,16,209.1,165,151,14,0,12,1.000,0,0,2,11,7.09,6.60,5.50,6.04,,,,,,,39/H7D,,craigal01
134,Albert Pujols,34,LAA,AL,116,116,96,1023.0,963,879,81,3,78,.997,7,8,5,6,8.45,8.93,8.21,8.89,,,,,,,*3D/5,MVP-17,pujolal01
135,Mark Teixeira,34,NYY,AL,117,116,106,1021.1,987,915,66,6,73,.994,-1,-1,0,0,8.64,8.97,8.38,8.94,,,,,,,*3/DH,,teixema01
136,Gordon Beckham,27,2TM,AL,123,112,110,1019.1,580,219,348,13,82,.978,-5,-6,1,1,5.01,4.44,4.57,4.35,,,,,,,45/H6D,,beckhgo01
136,Gordon Beckham,27,CHW,AL,100,100,98,883.2,524,202,312,10,74,.981,-4,-5,2,3,5.24,4.61,5.14,4.60,,,,,,,4/H,,beckhgo01
136,Gordon Beckham,27,LAA,AL,23,12,12,135.2,56,17,36,3,8,.946,-2,-17,-1,-9,3.52,3.31,2.21,3.33,,,,,,,5/H64D,,beckhgo01
137,Alex Avila,27,DET,AL,123,116,98,1018.2,940,883,52,5,9,.995,9,11,1,1,8.26,8.24,7.60,8.22,3,23,71,36,33.6,0,*2/H3D,,avilaal01
138,Kurt Suzuki,30,MIN,AL,119,115,112,1017.2,780,737,39,4,1,.995,1,1,-16,-19,6.86,8.24,6.52,8.21,3,32,64,21,24.7,0,*2H/D,AS,suzukku01
139,Jackie Bradley Jr.,24,BOS,AL,125,111,101,1012.0,318,304,13,1,8,.997,10,12,16,19,2.82,2.26,2.54,2.25,,,,,,,*89/H7D,,bradlja02
140,David Murphy,32,CLE,AL,122,111,101,1002.0,214,205,6,3,1,.986,-4,-5,-11,-13,1.90,2.26,1.73,2.25,,,,,,,*9H/7D,,murphda07
141,Brian McCann,30,NYY,AL,119,112,100,992.0,1033,959,71,3,11,.997,6,7,9,11,9.34,8.32,8.31,8.30,10,29,49,29,37.2,2,23HD,,mccanbr01
142,Jon Jay,29,STL,NL,125,109,70,987.1,251,247,2,2,0,.992,11,14,6,7,2.27,2.12,1.99,2.11,,,,,,,*897H,,jayjo02
143,Brad Miller,24,SEA,AL,119,107,95,974.1,451,150,282,19,51,.958,-4,-5,-6,-7,3.99,4.00,3.54,4.01,,,,,,,64/H5D,,millebr02
144,Jason Castro,27,HOU,AL,114,110,102,971.0,826,767,55,4,4,.995,-3,-4,1,1,7.62,8.24,7.21,8.21,11,33,81,23,22.1,1,*2D/H,,castrja01
145,Nolan Arenado,23,COL,NL,111,111,105,967.0,364,69,280,15,31,.959,10,13,12,15,3.25,2.52,3.14,2.51,,,,,,,*5,GG,arenano01
146,Scooter Gennett,24,MIL,NL,119,110,89,967.0,478,201,268,9,61,.981,-12,-14,-7,-9,4.37,4.66,3.91,4.63,,,,,,,*4H/9,,gennesc01
147,Paul Goldschmidt,26,ARI,NL,109,108,106,966.1,1021,934,80,7,83,.993,4,5,2,2,9.44,9.29,9.30,9.27,,,,,,,*3,AS,goldspa01
148,Alex Ríos,33,TEX,AL,114,113,104,962.1,262,250,6,6,2,.977,0,0,-4,-5,2.39,2.26,2.25,2.25,,,,,,,*9D/H,,riosal01
149,Carlos Ruiz,35,PHI,NL,109,104,104,960.0,925,852,68,5,9,.995,3,4,1,1,8.63,8.41,8.44,8.39,4,28,74,28,27.5,0,*2/H,,ruizca01
150,David Freese,31,LAA,AL,122,119,54,959.1,237,67,162,8,18,.966,-8,-10,-7,-9,2.15,2.56,1.88,2.55,,,,,,,*5D/H,,freesda01
151,Mike Napoli,32,BOS,AL,110,109,101,959.1,983,904,71,8,92,.992,3,3,4,5,9.15,8.97,8.86,8.94,,,,,,,*3/DH,,napolmi01
152,Dexter Fowler,28,HOU,AL,111,110,103,959.0,247,238,4,5,1,.980,-17,-21,-20,-25,2.27,2.26,2.18,2.25,,,,,,,*8/DH,,fowlede01
153,Nori Aoki,32,KCR,AL,120,119,75,958.1,219,212,5,2,1,.991,2,2,-7,-9,2.04,2.26,1.81,2.25,,,,,,,*9/DH7,,aokino01
154,José Abreu,27,CHW,AL,109,109,105,957.1,1045,970,69,6,105,.994,-2,-3,-10,-13,9.77,8.97,9.53,8.94,,,,,,,*3D/H,ASMVP-4ROY-1SS,abreujo02
155,Will Venable,31,SDP,NL,136,102,65,955.2,257,254,3,0,0,1.000,5,6,10,13,2.42,2.12,1.89,2.11,,,,,,,*89H/7,,venabwi01
156,Brock Holt,26,BOS,AL,106,105,87,954.2,352,198,147,7,30,.980,-5,-6,0,0,3.25,3.22,3.03,3.23,,,,,,,59648/37H,ROY-8,holtbr01
157,Jedd Gyorko,25,SDP,NL,109,106,104,951.1,476,184,281,11,60,.977,-3,-4,-9,-11,4.40,4.66,4.27,4.65,,,,,,,*4/H,,gyorkje01
158,Juan Lagares,25,NYM,NL,112,105,100,945.0,304,293,6,5,0,.984,13,17,25,32,2.85,2.12,2.67,2.11,,,,,,,*8/H,GG,lagarju01
159,Mark Reynolds,30,MIL,NL,122,102,80,943.1,774,641,127,6,64,.992,11,13,1,1,7.33,7.24,5.65,7.02,,,,,,,35H/9,,reynoma01
160,Russell Martin,31,PIT,NL,107,106,98,940.2,880,785,90,5,7,.994,6,8,21,27,8.37,8.41,8.18,8.39,3,43,59,37,38.5,1,2/HD,MVP-13,martiru01
161,Yadier Molina,31,STL,NL,108,107,95,940.2,879,820,57,2,10,.998,13,16,8,10,8.39,8.42,8.12,8.40,3,22,23,21,47.7,4,2/D3H,ASGG,molinya01
162,Rubén Tejada,24,NYM,NL,114,105,97,939.1,494,147,339,8,79,.984,-1,-1,7,9,4.66,4.30,4.26,4.29,,,,,,,*6H,,tejadru01
163,Devin Mesoraco,26,CIN,NL,109,104,99,936.2,890,832,55,3,5,.997,3,4,-4,-5,8.52,8.41,8.14,8.39,9,26,51,18,26.1,0,*2/HD,ASMVP-21,mesorde01
164,Rougned Odor,20,TEX,AL,110,106,103,933.0,478,194,275,9,70,.981,-1,-1,-6,-8,4.52,4.61,4.26,4.60,,,,,,,*4/HD,,odorro01
165,J.D. Martinez,26,DET,AL,111,107,75,931.2,203,198,1,4,0,.980,-5,-7,1,1,1.92,2.26,1.79,2.25,,,,,,,*79/HD,,martijd02
166,Michael Bourn,31,CLE,AL,105,104,96,925.2,242,235,5,2,1,.992,-5,-6,-3,-4,2.33,2.26,2.29,2.25,,,,,,,8/H,,bournmi01
167,Cody Asche,24,PHI,NL,112,105,90,924.2,281,59,206,16,18,.943,-9,-11,-6,-8,2.58,2.52,2.37,2.51,,,,,,,*5H,,ascheco01
168,Jarrod Saltalamacchia,29,MIA,NL,107,103,95,922.2,801,741,45,15,6,.981,-9,-12,-21,-27,7.67,8.41,7.35,8.39,6,38,72,17,19.1,1,2H/D,,saltaja01
169,Hanley Ramírez,30,LAD,NL,115,115,65,919.2,410,148,246,16,53,.961,-9,-11,-8,-10,3.86,4.30,3.43,4.29,,,,,,,*6/HD,,ramirha01
170,Welington Castillo,27,CHC,NL,106,103,97,916.1,883,784,93,6,6,.993,4,5,-9,-12,8.61,8.41,8.27,8.39,7,37,57,28,32.9,5,2/H,,castiwe01
171,Mike Morse,32,SFG,NL,123,121,57,915.1,445,414,26,5,41,.989,-16,-20,-11,-14,4.33,4.75,3.46,4.53,,,,,,,73/HD,,morsemi01
172,Travis d'Arnaud,25,NYM,NL,105,103,95,909.0,876,829,38,9,2,.990,-9,-12,-7,-9,8.58,8.41,8.26,8.39,12,39,58,14,19.4,2,2/HD,ROY-7,darnatr01
173,Ender Inciarte,23,ARI,NL,114,98,97,909.0,281,266,10,5,0,.982,8,11,19,25,2.73,2.12,2.42,2.11,,,,,,,*87H/9,ROY-5,inciaen01
174,Dioner Navarro,30,TOR,AL,112,102,90,907.1,820,782,35,3,3,.996,-1,-1,-16,-21,8.10,8.24,7.29,8.21,7,28,58,15,20.5,1,*2DH,,navardi01
175,Coco Crisp,34,OAK,AL,111,101,88,900.2,197,194,0,3,0,.985,-14,-19,-16,-21,1.94,2.26,1.75,2.25,,,,,,,*8DH,,crispco01
176,Yasmani Grandal,25,SDP,NL,108,100,90,898.2,821,761,53,7,22,.991,-10,-14,-4,-5,8.15,8.70,7.20,8.68,12,28,49,7,12.5,1,23H/D,,grandya01
177,Grégor Blanco,30,SFG,NL,127,92,78,890.2,226,219,6,1,0,.996,9,12,2,3,2.27,2.12,1.77,2.11,,,,,,,*87H/9,,blancgr01
178,Kolten Wong,23,STL,NL,107,100,87,887.0,481,196,273,12,70,.975,-2,-2,10,14,4.76,4.66,4.38,4.65,,,,,,,4H,ROY-3,wongko01
179,Ichiro Suzuki,40,NYY,AL,128,94,83,886.2,194,189,4,1,0,.995,-6,-7,1,1,1.96,2.26,1.51,2.25,,,,,,,*9H/78D,,suzukic01
180,Josh Reddick,27,OAK,AL,108,100,89,882.1,205,195,5,5,2,.976,2,3,10,14,2.04,2.26,1.85,2.25,,,,,,,9/H8,,reddijo01
181,Juan Uribe,35,LAD,NL,102,98,82,874.1,281,60,215,6,25,.979,12,16,16,22,2.83,2.52,2.70,2.51,,,,,,,5/H,,uribeju01
182,Derek Norris,25,OAK,AL,114,93,83,870.1,794,745,43,6,3,.992,-6,-8,-2,-3,8.15,8.24,6.91,8.21,8,32,60,12,16.7,0,*2HD,AS,norride01
183,Corey Dickerson,25,COL,NL,105,98,82,870.0,177,171,2,4,0,.977,2,2,-5,-7,1.79,2.12,1.65,2.11,,,,,,,7H/8D,,dickeco01
184,Robbie Grossman,24,HOU,AL,102,98,86,865.0,186,177,6,3,1,.984,-6,-8,6,8,1.90,2.26,1.79,2.25,,,,,,,79/8DH,,grossro01
185,Sam Fuld,32,2TM,AL,107,95,84,863.2,291,282,7,2,2,.993,8,11,4,6,3.01,2.26,2.70,2.25,,,,,,,879H,,fuldsa01
185,Sam Fuld,32,OAK,AL,54,46,38,425.0,133,129,4,0,1,1.000,10,28,6,17,2.82,2.26,2.46,2.25,,,,,,,789H,,fuldsa01
185,Sam Fuld,32,MIN,AL,53,49,46,438.2,158,153,3,2,1,.987,-2,-5,-2,-5,3.20,2.26,2.94,2.25,,,,,,,87/9H,,fuldsa01
186,Ike Davis,27,2TM,NL,124,99,60,861.0,1022,953,60,9,83,.991,3,4,-1,-1,10.59,9.29,8.17,9.27,,,,,,,*3H/D,,davisik02
186,Ike Davis,27,NYM,NL,7,5,4,53.0,70,67,3,0,4,1.000,2,45,2,45,11.89,9.29,10.00,9.27,,,,,,,/3H,,davisik02
186,Ike Davis,27,PIT,NL,117,94,56,808.0,952,886,57,9,79,.991,1,1,-3,-4,10.50,9.29,8.06,9.27,,,,,,,*3H/D,,davisik02
187,Pedro Álvarez,27,PIT,NL,104,100,80,860.1,359,100,234,25,29,.930,-7,-9,-18,-25,3.49,2.81,3.21,2.84,,,,,,,5H/3D,,alvarpe01
188,Joe Mauer,31,MIN,AL,100,99,91,851.0,915,830,82,3,85,.997,2,3,1,1,9.65,8.97,9.12,8.94,,,,,,,3D/H,,mauerjo01
189,Wilin Rosario,25,COL,NL,98,97,91,849.0,671,610,54,7,12,.990,-9,-12,-16,-23,7.04,8.44,6.64,8.43,12,45,37,7,15.9,2,2/H3,,rosarwi01
190,Oswaldo Arcia,23,MIN,AL,100,97,88,846.2,204,191,8,5,0,.975,-3,-5,-10,-14,2.12,2.26,1.99,2.25,,,,,,,9/HD,,arciaos01
191,Bryce Harper,21,WSN,NL,98,94,80,841.1,179,166,9,4,0,.978,-10,-14,-1,-1,1.87,2.12,1.79,2.11,,,,,,,79/8H,,harpebr03
192,Daniel Nava,31,BOS,AL,105,94,62,837.2,248,229,15,4,6,.984,12,16,19,27,2.62,2.76,2.20,2.91,,,,,,,97H3/D,,navada01
193,Mike Aviles,33,CLE,AL,109,88,69,836.2,303,122,173,8,28,.974,-1,-2,0,0,3.17,3.33,2.52,3.23,,,,,,,5476H/89,,avilemi01
194,Chris Iannetta,31,LAA,AL,104,92,80,835.1,782,744,36,2,5,.997,1,1,-15,-22,8.40,8.24,7.50,8.21,4,44,49,21,30.0,3,2H/D,,iannech01
195,Drew Stubbs,29,COL,NL,113,92,84,835.0,229,215,7,7,1,.969,12,18,-3,-4,2.39,2.12,1.96,2.11,,,,,,,*8H,,stubbdr01
196,Emilio Bonifácio,29,2TM,NL,99,90,71,830.0,277,192,79,6,23,.978,8,11,5,7,2.94,2.90,2.36,2.90,,,,,,,84H/5967D,,bonifem01
196,Emilio Bonifácio,29,CHC,NL,67,62,46,575.2,193,123,65,5,19,.974,7,14,6,13,2.94,3.04,2.29,2.98,,,,,,,84/5H6,,bonifem01
196,Emilio Bonifácio,29,ATL,NL,32,28,25,254.1,84,69,14,1,4,.988,1,5,-1,-5,2.94,2.59,2.52,2.70,,,,,,,8H/9476D,,bonifem01
197,Chris Coghlan,29,CHC,NL,103,92,79,829.1,180,171,5,4,2,.978,-9,-12,-11,-16,1.91,2.12,1.71,2.11,,,,,,,7H/9D,,coghlch01
198,Eric Sogard,28,OAK,AL,115,92,71,829.1,454,164,280,10,54,.978,5,7,4,6,4.82,4.53,3.83,4.52,,,,,,,46H/D,,sogarer01
199,Kevin Kiermaier,24,TBR,AL,108,89,80,824.2,248,237,5,6,2,.976,11,16,14,20,2.64,2.26,2.24,2.25,,,,,,,98H/7D,,kiermke01
200,Everth Cabrera,27,SDP,NL,90,90,89,804.0,393,126,254,13,47,.967,2,3,-2,-3,4.25,4.30,4.22,4.29,,,,,,,6,,cabreev01
201,Evan Gattis,27,ATL,NL,93,89,81,799.0,777,723,49,5,2,.994,-5,-8,-3,-5,8.70,8.41,8.30,8.39,5,50,53,13,19.7,1,2H/D,,gattiev01
202,Danny Santana,23,MIN,AL,99,93,81,797.1,296,220,70,6,15,.980,-8,-12,-2,-3,3.27,2.82,2.82,2.82,,,,,,,86/HD,ROY-7,santada01
203,Danny Espinosa,27,WSN,NL,100,85,80,793.1,437,173,259,5,65,.989,2,3,0,0,4.90,4.62,4.28,4.61,,,,,,,4H6,,espinda01
204,Robinson Chirinos,30,TEX,AL,91,88,87,784.0,634,585,45,4,7,.994,10,15,3,5,7.23,8.24,6.92,8.21,5,22,44,29,39.7,3,2/H,,chiriro01
205,Ángel Pagán,32,SFG,NL,91,91,75,775.1,213,209,3,1,1,.995,7,10,-6,-9,2.46,2.12,2.33,2.11,,,,,,,8/H,,paganan01
206,Wilson Ramos,26,WSN,NL,87,87,82,775.0,685,626,54,5,2,.993,9,14,3,5,7.90,8.41,7.82,8.39,4,20,30,18,37.5,4,2/D,,ramoswi01
207,Brian Roberts,36,NYY,AL,91,85,79,774.2,384,135,239,10,34,.974,-1,-2,-3,-5,4.35,4.61,4.11,4.60,,,,,,,4/H,,roberbr01
208,Brayan Peña,32,CIN,NL,95,89,73,774.0,772,726,43,3,38,.996,4,6,4,6,8.94,8.86,7.77,8.86,1,10,16,12,42.9,0,32H/D,,penabr01
209,A.J. Ellis,33,LAD,NL,92,89,79,773.2,809,737,68,4,4,.995,0,0,-6,-9,9.36,8.41,8.75,8.39,2,32,48,16,25.0,2,2/H,,ellisaj01
210,Jon Singleton,22,HOU,AL,91,86,83,770.2,840,776,53,11,75,.987,-6,-9,-3,-5,9.68,8.97,9.11,8.94,,,,,,,3/H,,singljo02
211,Grady Sizemore,31,2TM,2LG,93,84,67,758.1,167,162,3,2,1,.988,-6,-10,-1,-2,1.96,2.20,1.77,2.19,,,,,,,798H,,sizemgr01
211,Grady Sizemore,31,BOS,AL,51,48,39,434.2,104,100,3,1,1,.990,-3,-7,0,0,2.13,2.26,2.02,2.25,,,,,,,789/H,,sizemgr01
211,Grady Sizemore,31,PHI,NL,42,36,28,323.2,63,62,0,1,0,.984,-4,-14,-1,-4,1.72,2.12,1.48,2.11,,,,,,,7H9/8,,sizemgr01
212,Nate Schierholtz,30,2TM,NL,91,81,73,755.1,169,160,9,0,3,1.000,6,10,10,16,2.01,2.12,1.86,2.11,,,,,,,9H/78D,,schiena01
212,Nate Schierholtz,30,CHC,NL,81,75,68,688.1,161,152,9,0,3,1.000,5,9,9,16,2.11,2.12,1.99,2.11,,,,,,,9H/D,,schiena01
212,Nate Schierholtz,30,WSN,NL,10,6,5,67.0,8,8,0,0,0,1.000,1,21,1,18,1.07,2.12,0.80,2.11,,,,,,,H/978,,schiena01
213,Ryan Ludwick,35,CIN,NL,92,91,52,751.2,136,135,1,0,0,1.000,3,4,-6,-10,1.63,2.12,1.48,2.11,,,,,,,7H/D,,ludwiry01
214,René Rivera,30,SDP,NL,92,85,72,743.1,766,691,66,9,7,.988,4,6,15,24,9.17,8.42,8.23,8.42,7,28,58,33,36.3,2,2H/3,,riverre01
215,Troy Tulowitzki,29,COL,NL,89,88,73,739.2,392,119,269,4,59,.990,10,16,9,15,4.72,4.30,4.36,4.29,,,,,,,6/H,ASMVP-25,tulowtr01
216,Chris Young,30,2TM,2LG,97,80,61,739.2,176,168,6,2,3,.989,6,9,1,2,2.12,2.15,1.79,2.14,,,,,,,78H/9D,,youngch04
216,Chris Young,30,NYM,NL,78,63,44,580.0,139,133,5,1,3,.993,3,6,-2,-4,2.14,2.12,1.77,2.11,,,,,,,78H/9,,youngch04
216,Chris Young,30,NYY,AL,19,17,17,159.2,37,35,1,1,0,.973,3,20,3,23,2.03,2.26,1.89,2.25,,,,,,,7/DH9,,youngch04
217,Manny Machado,21,BAL,AL,82,82,79,737.1,238,61,168,9,17,.962,4,7,5,8,2.80,2.56,2.79,2.55,,,,,,,5,,machama01
218,Carl Crawford,32,LAD,NL,94,80,67,736.0,136,132,1,3,0,.978,-1,-2,1,2,1.63,2.12,1.41,2.11,,,,,,,7H,,crawfca02
219,Ryan Flaherty,27,BAL,AL,99,78,67,736.0,316,104,202,10,35,.968,-2,-4,2,3,3.74,3.81,2.86,3.68,,,,,,,546/H379,,flahery01
220,Mark Trumbo,28,ARI,NL,84,84,78,735.2,454,428,23,3,42,.993,-4,-7,-7,-11,5.52,5.79,5.37,5.78,,,,,,,37/DH,,trumbma01
221,Logan Morrison,26,SEA,AL,87,83,72,732.0,707,657,47,3,48,.996,-1,-1,2,3,8.66,8.32,7.91,8.19,,,,,,,3D/9H7,,morrilo01
222,Matt Joyce,29,TBR,AL,94,83,59,729.0,164,156,5,3,1,.982,-1,-2,2,3,1.99,2.26,1.71,2.25,,,,,,,7DH9,,joycema01
223,David Peralta,26,ARI,NL,84,80,70,726.1,142,132,6,4,2,.972,-3,-5,-1,-2,1.71,2.12,1.64,2.11,,,,,,,978/H,,peralda01
224,Tommy La Stella,25,ATL,NL,88,86,60,721.2,368,146,216,6,54,.984,-15,-25,-2,-3,4.51,4.66,4.11,4.65,,,,,,,4/HD,,lasteto01
225,A.J. Pierzynski,37,2TM,2LG,87,80,78,721.0,658,619,34,5,3,.992,-5,-8,-13,-22,8.15,8.28,7.51,8.26,5,28,50,11,18.0,1,2H/D,,pierza.01
225,A.J. Pierzynski,37,BOS,AL,64,60,58,540.0,495,464,28,3,2,.994,-3,-7,-8,-18,8.20,8.24,7.69,8.21,5,20,38,9,19.1,0,2/HD,,pierza.01
225,A.J. Pierzynski,37,STL,NL,23,20,20,181.0,163,155,6,2,1,.988,-2,-13,-5,-33,8.01,8.41,7.00,8.39,0,8,12,2,14.3,1,2/H,,pierza.01
226,Colby Rasmus,27,TOR,AL,87,80,75,719.1,238,234,3,1,0,.996,-7,-12,-6,-10,2.97,2.26,2.72,2.25,,,,,,,8H/D,,rasmuco01
227,Andre Ethier,32,LAD,NL,93,78,63,717.1,160,158,1,1,0,.994,-12,-19,-7,-12,1.99,2.15,1.71,2.19,,,,,,,8H79/3D,,ethiean01
228,Edwin Encarnación,31,TOR,AL,81,80,75,709.1,668,627,33,8,51,.988,-2,-4,-5,-8,8.37,8.83,8.05,8.78,,,,,,,3D/7H,AS,encared01
229,Marwin González,25,HOU,AL,93,76,70,708.1,336,95,233,8,41,.976,0,0,-3,-5,4.17,3.89,3.38,3.88,,,,,,,6H45/7D39,,gonzama01
230,James Jones,25,SEA,AL,98,72,65,698.1,161,158,1,2,0,.988,-3,-5,-10,-17,2.05,2.26,1.62,2.25,,,,,,,8H/9D7,,jonesja06
231,Jarrod Dyson,29,KCR,AL,108,66,64,691.1,236,228,4,4,0,.983,8,14,11,19,3.02,2.26,2.15,2.25,,,,,,,8H/7D,,dysonja01
232,Chris Denorfia,33,2TM,2LG,101,74,45,691.0,184,179,3,2,0,.989,4,7,3,5,2.37,2.16,1.80,2.15,,,,,,,9H78/D,,denorch01
232,Chris Denorfia,33,SDP,NL,73,53,29,506.2,141,138,2,1,0,.993,6,13,3,7,2.49,2.12,1.92,2.11,,,,,,,9H78,,denorch01
232,Chris Denorfia,33,SEA,AL,28,21,16,184.1,43,41,1,1,0,.977,-2,-10,0,0,2.05,2.26,1.50,2.25,,,,,,,9/H7D,,denorch01
233,Stephen Drew,31,2TM,AL,84,77,70,687.1,343,136,200,7,54,.980,-4,-8,-2,-3,4.40,4.23,3.95,4.22,,,,,,,64/HD,,drewst01
233,Stephen Drew,31,BOS,AL,39,38,36,338.2,175,66,107,2,34,.989,1,3,1,4,4.60,3.98,4.44,3.97,,,,,,,6,,drewst01
233,Stephen Drew,31,NYY,AL,45,39,34,348.2,168,70,93,5,20,.970,-5,-18,-3,-10,4.21,4.47,3.54,4.43,,,,,,,46/HD,,drewst01
234,Steve Pearce,31,BAL,AL,86,78,48,686.2,517,474,42,1,35,.998,14,24,17,30,6.76,6.32,5.67,6.00,,,,,,,37H/9D,,pearcst01
235,Collin Cowgill,28,LAA,AL,97,71,50,682.1,182,175,4,3,2,.984,10,18,4,7,2.36,2.26,1.85,2.25,,,,,,,97H8/D,,cowgico01
236,Wil Myers,23,TBR,AL,78,76,73,680.1,171,162,5,4,1,.977,-2,-3,-7,-12,2.21,2.30,2.09,2.42,,,,,,,9/DH38,,myerswi01
237,Chris Owings,22,ARI,NL,79,77,75,679.2,333,109,213,11,47,.967,5,8,4,7,4.26,4.38,4.08,4.37,,,,,,,64H,,owingch01
238,George Springer,24,HOU,AL,77,77,75,679.0,176,163,6,7,2,.960,-10,-17,-2,-4,2.24,2.26,2.19,2.25,,,,,,,9/8D,ROY-8,springe01
239,Jonathan Villar,23,HOU,AL,82,78,72,678.2,351,104,229,18,45,.949,0,1,1,2,4.42,3.98,4.06,3.97,,,,,,,6/HD,,villajo01
240,Caleb Joseph,28,BAL,AL,81,77,69,676.2,595,549,42,4,4,.993,5,9,15,27,7.86,8.24,7.21,8.25,7,21,34,23,40.4,0,2/3H,,josepca01
241,Andrew Romine,28,DET,AL,92,72,59,676.2,337,118,211,8,48,.976,-2,-4,1,2,4.38,4.00,3.43,4.02,,,,,,,64/H1D,,rominan01
242,Didi Gregorius,24,ARI,NL,78,74,70,670.1,335,113,216,6,42,.982,-1,-1,3,5,4.42,4.32,4.11,4.30,,,,,,,64/H5,,gregodi01
243,Josh Hamilton,33,LAA,AL,74,74,68,668.2,177,169,3,5,1,.972,4,6,-1,-2,2.32,2.26,2.32,2.25,,,,,,,7D/8H,,hamiljo03
244,Josh Rutledge,25,COL,NL,87,75,62,660.0,297,90,194,13,41,.956,-12,-23,-12,-22,3.87,4.25,3.12,4.26,,,,,,,6H4/5,,rutlejo01
245,Kelly Johnson,32,3TM,AL,94,73,48,659.0,353,242,100,11,15,.969,5,10,-3,-5,4.67,5.02,3.35,4.64,,,,,,,53H/47D9,,johnske05
245,Kelly Johnson,32,NYY,AL,68,58,39,505.0,290,202,79,9,11,.969,6,15,-1,-2,5.01,5.21,3.85,4.93,,,,,,,53H/7D49,,johnske05
245,Kelly Johnson,32,BOS,AL,8,5,4,53.0,40,33,7,0,3,1.000,0,2,1,23,6.79,7.10,4.44,6.30,,,,,,,/3H5D47,,johnske05
245,Kelly Johnson,32,BAL,AL,18,10,5,101.0,23,7,14,2,1,.913,-1,-12,-3,-36,1.87,2.99,1.05,2.86,,,,,,,5/4H,,johnske05
246,Anthony Gose,23,TOR,AL,88,74,57,656.1,190,187,2,1,0,.995,5,10,3,5,2.59,2.26,2.15,2.25,,,,,,,897H/D,,gosean01
247,Peter Bourjos,27,STL,NL,104,65,57,649.1,196,194,0,2,0,.990,12,21,7,13,2.69,2.12,1.87,2.11,,,,,,,8H,,bourjpe01
248,Hank Conger,26,LAA,AL,79,70,56,637.1,643,599,37,7,1,.989,-3,-6,18,34,8.98,8.24,8.05,8.21,1,30,57,18,24.0,1,2/H,,congeha01
249,Junior Lake,24,CHC,NL,85,70,48,633.2,155,145,3,7,1,.955,-1,-2,-4,-8,2.10,2.12,1.74,2.11,,,,,,,78H/9,,lakeju01
250,Yonder Alonso,27,SDP,NL,78,72,64,632.0,615,569,44,2,45,.997,3,6,9,17,8.73,9.25,7.66,9.02,,,,,,,3/H5,,alonsyo01
251,Jonny Gomes,33,2TM,AL,94,67,50,631.2,128,122,2,4,0,.969,-11,-21,-6,-11,1.77,2.26,1.32,2.25,,,,,,,7H9D,,gomesjo01
251,Jonny Gomes,33,BOS,AL,75,53,45,516.2,102,97,2,3,0,.971,-8,-18,-4,-9,1.72,2.26,1.32,2.25,,,,,,,7H9/D,,gomesjo01
251,Jonny Gomes,33,OAK,AL,19,14,5,115.0,26,25,0,1,0,.962,-3,-32,-2,-21,1.96,2.26,1.32,2.25,,,,,,,7H/D,,gomesjo01
252,Eugenio Suárez,22,DET,AL,83,71,63,631.1,314,114,190,10,49,.968,-3,-6,-1,-2,4.33,3.96,3.66,3.94,,,,,,,6/H5D,,suareeu01
253,Cameron Maybin,27,SDP,NL,86,73,63,631.0,164,161,1,2,1,.988,4,7,1,2,2.31,2.12,1.88,2.11,,,,,,,8H,,maybica01
254,Arismendy Alcántara,22,CHC,NL,70,69,66,629.2,214,142,66,6,9,.972,-3,-6,6,11,2.97,2.96,2.85,2.98,,,,,,,84/H,,alcanar01
255,Alberto Callaspo,31,OAK,AL,81,74,46,628.1,374,212,154,8,43,.979,-1,-1,-2,-4,5.24,5.14,4.16,5.29,,,,,,,4D35H,,callaal01
256,José Molina,39,TBR,AL,80,70,47,628.1,691,659,30,2,2,.997,-2,-4,-1,-2,9.87,8.24,8.61,8.21,4,29,38,14,26.9,1,2/H,,molinjo01
257,Shin-Soo Choo,31,TEX,AL,75,75,57,627.1,137,129,4,4,0,.971,-17,-33,-12,-23,1.91,2.26,1.77,2.25,,,,,,,7D9/H,,choosh01
258,Justin Turner,29,LAD,NL,85,67,51,619.2,258,70,176,12,24,.953,0,0,4,8,3.57,3.35,2.73,3.29,,,,,,,5H64/3,,turneju01
259,Gregory Polanco,22,PIT,NL,83,63,62,619.0,151,144,5,2,2,.987,1,3,0,0,2.17,2.12,1.80,2.11,,,,,,,9H,,polangr01
260,Travis Snider,26,PIT,NL,97,70,33,613.2,117,108,8,1,2,.991,-1,-1,3,6,1.70,2.12,1.20,2.11,,,,,,,9H7/1D,,snidetr01
261,Donovan Solano,26,MIA,NL,77,67,61,613.1,377,148,228,1,52,.997,0,1,-5,-10,5.52,4.62,4.76,4.58,,,,,,,4H/65,,solando01
262,Juan Francisco,27,TOR,AL,89,72,38,610.0,271,166,94,11,23,.959,-5,-9,-3,-6,3.84,3.90,2.77,3.91,,,,,,,53HD,,francju02
263,Justin Smoak,27,SEA,AL,79,66,65,608.0,621,588,31,2,60,.997,0,1,-1,-2,9.16,8.97,7.84,8.94,,,,,,,3/H,,smoakju01
264,Ryan Hanigan,33,TBR,AL,79,66,61,603.2,573,540,32,1,5,.998,2,4,3,6,8.53,8.24,7.24,8.21,1,21,30,8,21.1,0,2/HD,,hanigry01
265,Logan Forsythe,27,TBR,AL,80,62,49,602.0,249,89,158,2,22,.992,-1,-1,7,14,3.69,4.47,2.87,4.41,,,,,,,4HD/5763,,forsylo01
266,Wilmer Flores,22,NYM,NL,70,67,61,598.1,280,94,181,5,46,.982,2,4,-2,-4,4.14,4.39,3.87,4.36,,,,,,,64/H5,,florewi01
267,Brett Lawrie,24,TOR,AL,70,70,41,596.0,250,95,151,4,29,.984,5,10,6,12,3.71,3.22,2.59,3.24,,,,,,,54,,lawribr01
268,Munenori Kawasaki,33,TOR,AL,80,69,39,591.2,271,86,178,7,29,.974,1,2,-5,-10,4.02,4.14,3.03,4.12,,,,,,,45H/6,,kawasmu01
269,Lyle Overbay,37,MIL,NL,84,64,52,590.2,592,553,34,5,41,.992,3,7,-3,-6,8.94,9.29,6.99,9.18,,,,,,,3H/1,,overbly01
270,Eric Young Jr.,29,NYM,NL,73,66,52,589.2,140,131,8,1,1,.993,10,21,5,10,2.12,2.16,1.85,2.18,,,,,,,7H/48D,,younger03
271,Danny Valencia,29,2TM,AL,78,66,40,587.1,240,111,124,5,13,.979,0,0,0,0,3.60,3.39,2.55,4.07,,,,,,,53H/4D,,valenda01
271,Danny Valencia,29,KCR,AL,31,28,19,240.0,70,16,52,2,5,.971,-2,-9,-2,-10,2.55,2.84,2.13,2.93,,,,,,,5/4HD,,valenda01
271,Danny Valencia,29,TOR,AL,47,38,21,347.1,170,95,72,3,8,.982,2,6,2,7,4.33,3.78,2.78,4.68,,,,,,,53H/D,,valenda01
272,AJ Pollock,26,ARI,NL,70,66,63,585.1,160,151,8,1,2,.994,-7,-14,5,10,2.44,2.12,2.27,2.11,,,,,,,8/H7,,polloaj01
273,Nelson Cruz,33,BAL,AL,70,70,41,580.2,134,132,2,0,0,1.000,-2,-4,3,6,2.08,2.26,1.91,2.25,,,,,,,D79,ASMVP-7,cruzne02
274,Joe Panik,23,SFG,NL,70,66,61,579.0,324,131,185,8,53,.975,3,5,5,10,4.91,4.66,4.51,4.65,,,,,,,4/H,ROY-6,panikjo01
275,Darwin Barney,28,2TM,NL,81,61,56,576.0,260,96,160,4,29,.985,3,6,7,15,4.00,4.65,3.16,4.64,,,,,,,4H/6,,barneda01
275,Darwin Barney,28,CHC,NL,67,55,51,504.0,226,83,140,3,27,.987,4,9,5,12,3.98,4.66,3.33,4.65,,,,,,,4/H,,barneda01
275,Darwin Barney,28,LAD,NL,14,6,5,72.0,34,13,20,1,2,.971,-1,-15,2,33,4.13,4.61,2.36,4.60,,,,,,,4H/6,,barneda01
276,Alex Presley,28,HOU,AL,80,63,50,572.0,118,115,3,0,0,1.000,-3,-6,2,4,1.86,2.26,1.48,2.25,,,,,,,789H/D,,preslal01
277,José Ramírez,21,CLE,AL,67,61,58,571.2,273,90,179,4,40,.985,0,0,5,10,4.23,4.06,4.01,4.07,,,,,,,64/HD,,ramirjo01
278,Chris Parmelee,26,MIN,AL,81,59,46,565.2,293,269,22,2,18,.993,-3,-5,-10,-21,4.63,4.38,3.34,4.79,,,,,,,397H/8D,,parmech01
279,Craig Gentry,30,OAK,AL,87,58,37,560.0,162,153,8,1,2,.994,0,0,9,19,2.59,2.26,1.85,2.25,,,,,,,89H7/D,,gentrcr01
280,Michael Saunders,27,SEA,AL,71,62,47,556.2,128,127,1,0,0,1.000,11,24,6,13,2.07,2.26,1.80,2.25,,,,,,,98/HD7,,saundmi01
281,Stephen Vogt,29,OAK,AL,74,62,42,550.1,460,433,25,2,28,.996,1,3,0,0,7.49,7.41,5.73,7.30,1,4,0,3,100.0,0,392H/D7,,vogtst01
282,Skip Schumaker,34,CIN,NL,67,61,50,549.2,145,99,42,4,8,.972,-7,-16,-8,-17,2.31,2.72,1.96,2.78,,,,,,,74H9/81,,schumsk01
283,Chris Heisey,29,CIN,NL,77,55,43,544.0,131,131,0,0,0,1.000,11,23,8,18,2.17,2.12,1.70,2.11,,,,,,,7H89,,heisech01
284,Joey Votto,30,CIN,NL,61,61,58,539.0,569,499,63,7,39,.988,-2,-5,3,7,9.38,9.29,9.21,9.27,,,,,,,3/H,,vottojo01
285,Jose Lobaton,29,WSN,NL,64,58,55,538.2,545,497,46,2,3,.996,4,9,7,16,9.07,8.41,8.48,8.39,1,14,27,13,32.5,0,2/H,,lobatjo01
286,Brandon Guyer,28,TBR,AL,72,56,42,537.2,122,122,0,0,0,1.000,-1,-2,3,7,2.04,2.26,1.69,2.25,,,,,,,7H8/D9,,guyerbr01
287,Jake Marisnick,23,2TM,2LG,62,57,56,534.0,177,169,6,2,2,.989,13,30,14,31,2.95,2.23,2.82,2.22,,,,,,,98/H7,,marisja01
287,Jake Marisnick,23,MIA,NL,13,10,10,108.0,49,47,2,0,1,1.000,4,41,2,22,4.08,2.12,3.77,2.11,,,,,,,8/H,,marisja01
287,Jake Marisnick,23,HOU,AL,49,47,46,426.0,128,122,4,2,1,.984,10,27,12,34,2.66,2.26,2.57,2.25,,,,,,,98/7H,,marisja01
288,Brandon Hicks,28,SFG,NL,62,59,52,533.0,293,108,180,5,47,.983,8,18,5,11,4.86,4.66,4.57,4.68,,,,,,,4/H37,,hicksbr01
289,Aaron Hicks,24,MIN,AL,65,59,49,528.0,179,173,4,2,2,.989,-2,-4,-1,-2,3.02,2.26,2.72,2.25,,,,,,,8/H79D,,hicksaa01
290,Carlos González,28,COL,NL,65,64,47,525.2,101,97,3,1,1,.990,2,4,-3,-7,1.71,2.12,1.54,2.11,,,,,,,79/HD,,gonzaca01
291,Will Middlebrooks,25,BOS,AL,62,57,51,525.1,143,40,99,4,10,.972,4,8,-4,-9,2.38,2.60,2.21,2.65,,,,,,,5/H3,,middlwi01
292,Gaby Sánchez,30,PIT,NL,97,52,28,518.2,595,554,38,3,46,.995,0,0,0,0,10.27,9.25,6.10,9.20,,,,,,,3H/D9,,sanchga01
293,Brandon Barnes,28,COL,NL,74,55,45,516.0,119,114,3,2,1,.983,4,10,4,9,2.04,2.12,1.58,2.11,,,,,,,H97/8D,,barnebr02
294,Marcus Semien,23,CHW,AL,59,57,53,516.0,232,65,153,14,33,.940,1,1,-2,-5,3.80,3.48,3.52,3.48,,,,,,,54/H6D,,semiema01
295,Nick Hundley,30,2TM,2LG,63,54,52,508.0,468,436,30,2,6,.996,1,2,-2,-5,8.26,8.27,7.40,8.25,4,11,31,5,13.9,1,2H,,hundlni01
295,Nick Hundley,30,SDP,NL,14,9,9,88.0,79,74,5,0,2,1.000,-1,-14,0,0,8.08,8.41,5.64,8.39,2,1,9,0,0.0,0,H2,,hundlni01
295,Nick Hundley,30,BAL,AL,49,45,43,420.0,389,362,25,2,4,.995,2,6,-2,-6,8.29,8.24,7.90,8.21,2,10,22,5,18.5,1,2/H,,hundlni01
296,Nick Swisher,33,CLE,AL,58,58,53,503.0,455,407,39,9,42,.980,-6,-14,-10,-24,7.98,8.38,7.69,8.25,,,,,,,3D/H97,,swishni01
297,Jordan Schafer,27,2TM,2LG,71,52,45,501.1,129,125,2,2,0,.984,4,10,-6,-14,2.28,2.22,1.79,2.19,,,,,,,7H8/9D,,schafjo02
297,Jordan Schafer,27,ATL,NL,30,14,12,162.0,42,42,0,0,0,1.000,0,3,-1,-7,2.33,2.12,1.40,2.11,,,,,,,H78/9D,,schafjo02
297,Jordan Schafer,27,MIN,AL,41,38,33,339.1,87,83,2,2,0,.977,4,13,-5,-18,2.25,2.26,2.07,2.25,,,,,,,7/89H,,schafjo02
298,David Lough,28,BAL,AL,103,47,37,500.1,140,135,4,1,0,.993,7,16,10,24,2.50,2.26,1.35,2.25,,,,,,,7H8/9D,,loughda01
299,Óscar Taveras,22,STL,NL,63,61,39,500.0,111,107,3,1,1,.991,-2,-4,-4,-10,1.98,2.12,1.75,2.11,,,,,,,9H/8,,taveros01
300,Michael Choice,24,TEX,AL,65,55,48,495.0,128,119,5,4,0,.969,-11,-27,-9,-22,2.25,2.26,1.91,2.25,,,,,,,79DH/8,,choicmi01
301,Scott Van Slyke,27,LAD,NL,79,50,28,489.2,165,153,8,4,8,.976,8,20,4,10,2.96,3.53,1.99,3.97,,,,,,,7H389,,vanslsc01
302,Brandon Belt,26,SFG,NL,59,56,49,488.2,558,499,55,4,48,.993,5,12,3,7,10.20,9.28,9.23,9.15,,,,,,,3/H9,,beltbr01
303,Nick Punto,36,OAK,AL,68,48,43,484.1,282,108,167,7,50,.975,7,18,3,7,5.11,4.45,3.82,4.36,,,,,,,4H6/59D,,puntoni01
304,Ryan Goins,26,TOR,AL,66,55,35,482.0,241,91,149,1,29,.996,10,24,6,15,4.48,4.50,3.33,4.47,,,,,,,46/H,,goinsry01
305,Mike Olt,25,CHC,NL,61,57,39,480.2,196,113,76,7,14,.964,-4,-11,-2,-5,3.54,3.72,2.95,3.78,,,,,,,5H3/D,,oltmi01
306,Charlie Culberson,25,COL,NL,74,48,33,475.0,259,105,150,4,32,.985,2,5,-5,-13,4.83,4.01,3.23,3.91,,,,,,,5H64/3,,culbech01
307,Jeff Mathis,31,MIA,NL,62,52,47,473.2,429,389,39,1,4,.998,3,8,8,20,8.13,8.41,6.90,8.39,3,16,33,16,32.7,2,2/H,,mathije01
308,Ramón Santiago,34,CIN,NL,63,49,38,468.1,199,64,130,5,18,.975,3,7,-2,-5,3.73,3.65,2.81,3.64,,,,,,,546H/7,,santira01
309,Ryan Zimmerman,29,WSN,NL,55,54,37,468.0,132,89,39,4,6,.970,1,1,-4,-10,2.46,2.55,2.21,2.89,,,,,,,75/3HD,,zimmery01
310,Javier Báez,21,CHC,NL,52,52,49,465.0,255,105,140,10,40,.961,-1,-3,-3,-8,4.74,4.46,4.45,4.45,,,,,,,64,,baezja01
311,John Baker,33,CHC,NL,56,51,47,464.0,469,437,30,2,2,.996,-6,-16,-5,-13,9.06,8.39,8.34,8.27,5,26,50,9,15.3,1,2H/1,,bakerjo01
312,Justin Ruggiano,32,CHC,NL,57,52,37,461.2,117,115,1,1,0,.991,-3,-7,-10,-26,2.26,2.12,2.04,2.11,,,,,,,9H87,,ruggiju01
313,Christian Vázquez,23,BOS,AL,54,50,48,458.1,375,338,32,5,4,.987,5,13,14,37,7.27,8.24,6.85,8.21,8,16,14,15,51.7,4,2/DH,,vazquch01
314,Endy Chávez,36,SEA,AL,60,49,35,452.1,80,79,1,0,0,1.000,-6,-16,-2,-5,1.59,2.26,1.33,2.25,,,,,,,9HD7/8,,chaveen01
315,Tommy Medica,26,SDP,NL,64,55,33,452.1,346,319,26,1,29,.997,2,6,0,0,6.86,7.13,5.07,6.95,,,,,,,3H7/D,,medicto01
316,Drew Butera,30,LAD,NL,60,48,44,450.0,469,438,30,1,2,.998,2,5,4,11,9.36,8.39,7.80,8.18,9,16,23,11,32.4,2,2/H13,,buterdr01
317,Rickie Weeks,31,MIL,NL,62,49,39,449.1,225,92,126,7,31,.969,-12,-32,-17,-45,4.37,4.66,3.52,4.65,,,,,,,H4/D,,weeksri01
318,Mookie Betts,21,BOS,AL,51,50,47,448.2,154,109,41,4,9,.974,-7,-18,4,11,3.01,2.90,2.94,2.90,,,,,,,849/H,,bettsmo01
319,Josh Willingham,35,2TM,AL,54,53,43,447.1,109,106,3,0,2,1.000,-4,-11,-2,-5,2.19,2.26,2.02,2.25,,,,,,,7D/H9,,willijo03
319,Josh Willingham,35,MIN,AL,53,52,42,439.1,106,103,3,0,2,1.000,-5,-13,-3,-8,2.17,2.26,2.00,2.25,,,,,,,7D/H,,willijo03
319,Josh Willingham,35,KCR,AL,1,1,1,8.0,3,3,0,0,0,1.000,1,105,1,150,3.38,2.25,3.00,2.30,,,,,,,D/H9,,willijo03
320,Sean Rodríguez,29,TBR,AL,64,48,31,436.1,213,155,55,3,15,.986,-5,-15,-5,-14,4.33,4.99,3.04,4.84,,,,,,,H4D37/596,,rodrise01
321,Carlos Corporán,30,HOU,AL,54,48,46,431.2,387,359,25,3,4,.992,-3,-8,1,3,8.01,8.24,7.11,8.21,1,23,25,7,21.9,0,2/DH,,corpoca01
322,Abraham Almonte,25,2TM,2LG,51,49,40,429.2,138,125,6,7,1,.949,11,31,6,17,2.74,2.19,2.57,2.18,,,,,,,87/HD,,almonab01
322,Abraham Almonte,25,SEA,AL,26,25,25,223.2,65,58,2,5,0,.923,2,12,1,5,2.41,2.26,2.31,2.25,,,,,,,8/DH,,almonab01
322,Abraham Almonte,25,SDP,NL,25,24,15,206.0,73,67,4,2,1,.973,9,52,5,29,3.10,2.12,2.84,2.11,,,,,,,78/H,,almonab01
323,Steven Tolleson,30,TOR,AL,102,37,20,427.1,187,77,104,6,15,.968,1,4,2,6,3.81,3.77,1.66,3.57,,,,,,,4H5/9167D,,tollest01
324,Ryan Sweeney,29,CHC,NL,56,48,33,426.2,102,94,7,1,1,.990,1,3,-1,-3,2.13,2.12,1.80,2.11,,,,,,,8H97/D,,sweenry01
325,David Ross,37,BOS,AL,50,47,39,418.1,415,381,27,7,3,.983,-3,-9,-4,-11,8.78,8.24,8.16,8.21,3,15,32,9,22.0,1,2,,rossda01
326,Moisés Sierra,25,2TM,AL,80,39,30,418.1,99,92,4,3,1,.970,-1,-2,1,3,2.07,2.26,1.20,2.25,,,,,,,9H/7D8,,sierrmo01
326,Moisés Sierra,25,TOR,AL,7,6,3,54.0,13,13,0,0,0,1.000,1,20,1,22,2.17,2.27,1.86,2.26,,,,,,,/9DH7,,sierrmo01
326,Moisés Sierra,25,CHW,AL,73,33,27,364.1,86,79,4,3,1,.965,-2,-5,0,0,2.05,2.26,1.14,2.25,,,,,,,9H/78D,,sierrmo01
327,Joaquín Árias,29,SFG,NL,81,40,25,417.0,220,132,85,3,26,.986,1,3,-1,-3,4.68,4.66,2.52,4.37,,,,,,,5H346/D,,ariasjo01
328,Anthony Recker,30,NYM,NL,52,43,40,412.2,411,378,28,5,2,.988,3,9,0,0,8.85,8.41,7.81,8.39,3,10,17,10,37.0,0,2/H,,reckean01
329,Don Kelly,34,DET,AL,89,36,27,411.1,170,130,38,2,13,.988,-3,-10,-3,-9,3.68,3.75,1.73,4.47,,,,,,,53H9/784D,,kellydo01
330,Mark Ellis,37,STL,NL,55,46,38,410.1,213,85,127,1,27,.995,-1,-2,4,12,4.65,4.80,3.79,4.78,,,,,,,4H/35,,ellisma01
331,Miguel Rojas,25,LAD,NL,82,37,24,408.1,198,51,140,7,29,.965,15,44,13,38,4.21,3.84,2.15,3.90,,,,,,,65/H47,,rojasmi02
332,Michael McKenry,29,COL,NL,50,45,42,406.0,342,312,24,6,1,.982,-4,-12,-3,-9,7.45,8.41,6.72,8.39,5,14,34,8,19.0,0,2/H,,mckenmi01
333,Kevin Frandsen,32,WSN,NL,58,42,34,405.0,172,113,56,3,11,.983,-5,-15,-2,-6,3.76,3.80,2.86,3.87,,,,,,,H754/3,,frandke01
334,Cody Ross,33,ARI,NL,56,51,28,404.0,68,61,5,2,1,.971,-6,-19,-6,-18,1.47,2.12,1.18,2.11,,,,,,,7H9,,rossco01
335,Marc Krauss,26,HOU,AL,55,50,21,402.2,329,294,31,4,25,.988,2,4,2,6,7.26,6.22,5.80,6.19,,,,,,,37H/9D,,krausma01
336,Avisaíl García,23,CHW,AL,46,46,43,401.0,90,84,4,2,0,.978,-4,-10,-7,-21,1.98,2.26,1.91,2.25,,,,,,,9,,garciav01
337,Daniel Robertson,28,TEX,AL,64,41,29,400.2,110,100,8,2,0,.982,-7,-20,-1,-3,2.43,2.28,1.69,2.29,,,,,,,789H/D4,,roberda09
338,Bryan Holaday,26,DET,AL,58,42,35,395.1,363,333,23,7,2,.981,-1,-3,-7,-21,8.10,8.24,6.14,8.21,4,17,33,14,29.8,2,2/HD,,holadbr01
339,Jeff Baker,33,MIA,NL,65,41,28,395.0,347,284,60,3,32,.991,-5,-16,-3,-9,7.84,7.66,5.21,7.60,,,,,,,3H4/5,,bakerje03
340,John Jaso,30,OAK,AL,54,47,24,391.0,349,338,10,1,0,.997,-5,-15,-6,-18,8.01,8.24,6.44,8.21,1,21,32,4,11.1,2,2DH,,jasojo01
341,Michael Cuddyer,35,COL,NL,48,48,35,389.2,166,149,16,1,7,.994,-5,-14,-1,-3,3.81,3.83,3.17,4.06,,,,,,,93/5H,,cuddymi01
342,Francisco Cervelli,28,NYY,AL,47,44,41,388.0,390,368,21,1,2,.997,-1,-2,2,6,9.02,8.32,8.28,8.29,2,13,18,6,25.0,0,2/3HD,,cervefr01
343,Cliff Pennington,30,ARI,NL,48,43,41,388.0,186,63,121,2,27,.989,4,12,1,3,4.27,4.10,3.76,4.13,,,,,,,6H4/5,,pennicl01
344,Eduardo Núñez,27,MIN,AL,58,40,36,383.1,133,63,63,7,8,.947,-1,-2,-4,-13,2.96,3.07,2.10,3.00,,,,,,,H567/D49,,nunezed02
345,Gerald Laird,34,ATL,NL,48,42,38,377.2,369,339,28,2,4,.995,0,0,-6,-19,8.75,8.41,7.65,8.39,7,15,30,11,26.8,0,2/H,,lairdge01
346,Eric Campbell,27,NYM,NL,58,36,29,373.1,199,158,39,2,21,.990,-3,-8,2,6,4.75,4.80,3.13,4.39,,,,,,,H753/96D4,,campber01
347,Adam Lind,30,TOR,AL,47,43,29,368.1,383,357,23,3,41,.992,-4,-12,-1,-3,9.29,8.97,8.09,8.94,,,,,,,3DH,,lindad01
348,Chris Taylor,23,SEA,AL,47,40,38,365.0,184,50,127,7,23,.962,1,2,1,3,4.36,3.98,3.77,3.97,,,,,,,6/H,,tayloch03
349,J.P. Arencibia,28,TEX,AL,45,42,32,362.2,328,304,20,4,18,.988,-8,-27,-7,-23,8.04,8.58,7.20,8.42,3,9,9,3,25.0,0,23D/H1,,arencjp01
350,Adam Rosales,31,TEX,AL,46,39,37,362.0,278,230,46,2,36,.993,4,14,3,10,6.86,7.34,5.87,7.21,,,,,,,3/5H4D6,,rosalad01
351,Derek Dietrich,24,MIA,NL,44,43,32,361.1,203,58,134,11,24,.946,-6,-21,-4,-13,4.78,4.65,4.27,4.60,,,,,,,4/H5,,dietrde01
352,Matt den Dekker,26,NYM,NL,45,41,30,360.0,74,69,4,1,0,.986,1,3,4,13,1.83,2.12,1.62,2.11,,,,,,,78/H9,,dendema01
353,Josh Thole,27,TOR,AL,53,41,26,356.2,307,295,11,1,3,.997,-3,-10,-1,-3,7.72,8.24,5.77,8.21,9,12,22,4,15.4,0,2/HD,,tholejo01
354,Efren Navarro,28,LAA,AL,53,35,23,354.2,188,176,10,2,10,.989,-1,-2,0,0,4.72,5.15,3.38,5.66,,,,,,,37H/9D,,navaref01
355,Jesús Guzmán,30,HOU,AL,60,37,29,353.2,331,305,24,2,29,.994,0,0,1,3,8.37,8.16,5.39,7.96,,,,,,,3H/7D5,,guzmaje01
356,Jason Kubel,32,MIN,AL,40,39,36,353.1,76,76,0,0,0,1.000,-4,-12,-10,-34,1.94,2.26,1.90,2.25,,,,,,,7/H9D,,kubelja01
357,Chris Stewart,32,PIT,NL,46,37,35,351.0,340,308,29,3,0,.991,-1,-3,3,10,8.64,8.41,7.33,8.39,5,14,30,9,23.1,2,2/H,,stewach01
358,Ramiro Peña,28,ATL,NL,67,29,27,347.0,157,65,85,7,22,.955,-3,-9,0,0,3.89,4.14,2.14,4.05,,,,,,,4H56,,penara02
359,Prince Fielder,30,TEX,AL,39,39,39,345.1,351,333,14,4,36,.989,-1,-2,-3,-10,9.04,8.97,8.90,8.94,,,,,,,3/D,,fieldpr01
360,Ed Lucas,32,MIA,NL,51,34,27,342.1,174,63,107,4,21,.977,-4,-14,-3,-11,4.47,4.36,3.04,4.55,,,,,,,H46/3579,,lucased01
361,Leury García,23,CHW,AL,53,34,27,341.0,121,48,67,6,17,.950,-8,-26,2,7,3.04,3.26,1.98,3.15,,,,,,,H548/6D971,,garcile02
362,Dan Uggla,34,2TM,NL,39,37,34,333.0,187,67,109,11,21,.941,-1,-2,-2,-7,4.76,4.66,4.51,4.65,,,,,,,4H,,ugglada01
362,Dan Uggla,34,ATL,NL,35,33,31,301.2,162,58,95,9,19,.944,-1,-5,-3,-12,4.56,4.66,4.37,4.65,,,,,,,4H,,ugglada01
362,Dan Uggla,34,SFG,NL,4,4,3,31.1,25,9,14,2,2,.920,1,31,1,38,6.61,4.65,5.75,4.65,,,,,,,/4,,ugglada01
363,Tony Cruz,27,STL,NL,49,35,30,332.0,296,279,16,1,2,.997,-1,-2,-8,-29,8.00,8.37,5.90,8.31,4,12,18,6,25.0,0,2/H35,,cruzto03
364,L.J. Hoes,24,HOU,AL,48,35,31,328.1,76,70,4,2,0,.974,-5,-18,6,22,2.03,2.26,1.54,2.25,,,,,,,7H9/D,,hoeslj01
365,Kristopher Negrón,28,CIN,NL,42,36,30,328.1,139,45,93,1,13,.993,3,11,6,22,3.78,3.38,3.07,3.39,,,,,,,54/H67,,negrokr01
366,Héctor Sánchez,24,SFG,NL,45,34,31,325.2,299,267,29,3,1,.990,-1,-3,1,4,8.18,8.43,6.43,8.41,4,16,31,14,31.1,0,2H/3,,sanchhe01
367,John Mayberry,30,2TM,2LG,55,34,27,324.2,160,151,8,1,5,.994,2,6,-1,-4,4.41,4.43,2.79,4.98,,,,,,,H378/9D,,maybejo02
367,John Mayberry,30,PHI,NL,45,29,23,273.2,116,109,6,1,2,.991,1,4,0,0,3.78,4.02,2.50,4.76,,,,,,,H378/9,,maybejo02
367,John Mayberry,30,TOR,AL,10,5,4,51.0,44,42,2,0,3,1.000,1,12,-1,-24,7.76,6.60,4.00,5.90,,,,,,,/H379D,,maybejo02
368,Chris Colabello,30,MIN,AL,41,39,27,321.2,207,184,20,3,19,.986,-5,-17,-7,-26,5.71,6.40,4.86,5.91,,,,,,,39D/H,,colabch01
369,Stefen Romero,25,SEA,AL,49,36,14,318.1,69,67,1,1,0,.986,-2,-8,-2,-8,1.92,2.26,1.39,2.25,,,,,,,9HD7,,romerst01
370,Nate McLouth,32,WSN,NL,50,33,27,318.0,66,64,0,2,0,.970,2,9,-1,-4,1.81,2.12,1.28,2.11,,,,,,,H79/8D,,mclouna01
371,Brendan Ryan,32,NYY,AL,48,33,25,316.0,159,53,102,4,20,.975,3,13,2,8,4.41,4.31,3.04,4.64,,,,,,,64/H35D,,ryanbr01
372,Billy Butler,28,KCR,AL,37,35,31,310.0,298,272,24,2,26,.993,1,2,-1,-4,8.59,8.97,8.00,8.94,,,,,,,D3/H,,butlebi03
373,Tyler Colvin,28,SFG,NL,44,31,25,310.0,55,52,2,1,1,.982,-1,-2,-1,-4,1.57,2.12,1.23,2.11,,,,,,,7H/8,,colvity01
374,José Tábata,25,PIT,NL,50,34,15,307.0,57,54,3,0,0,1.000,3,11,2,8,1.67,2.12,1.14,2.11,,,,,,,H97/8D,,tabatjo01
375,Jordan Danks,27,CHW,AL,47,31,28,306.2,95,93,1,1,0,.989,0,-1,-3,-12,2.76,2.26,2.00,2.25,,,,,,,87/9HD,,danksjo02
376,Daniel Descalso,27,STL,NL,55,30,25,302.2,153,64,85,4,21,.974,-2,-7,-5,-20,4.43,4.45,2.53,4.29,,,,,,,H465/31,,descada01
377,Elián Herrera,29,MIL,NL,56,27,22,301.1,112,60,48,4,8,.964,-1,-5,-4,-16,3.23,3.02,1.86,3.02,,,,,,,H965/478,,herreel01
378,Victor Martinez,35,DET,AL,36,35,29,301.1,297,274,18,5,24,.983,-9,-37,-4,-16,8.72,8.93,7.89,8.90,1,2,3,1,25.0,0,*D3/2H,ASMVP-2SS,martivi01
379,Adrián Nieto,24,CHW,AL,46,32,29,299.2,216,201,14,1,0,.995,-6,-24,-11,-44,6.46,8.24,4.67,8.21,6,21,25,4,13.8,0,2/HD,,nietoad01
380,Jordan Pacheco,28,2TM,NL,37,34,29,297.2,234,217,15,2,5,.991,-4,-16,-6,-24,7.01,8.09,5.95,8.09,3,10,10,1,9.1,0,H23/54,,pachejo01
380,Jordan Pacheco,28,COL,NL,22,20,18,175.1,156,145,10,1,0,.994,-3,-17,-4,-27,7.96,8.45,6.46,8.38,3,10,10,1,9.1,0,2/34,,pachejo01
380,Jordan Pacheco,28,ARI,NL,15,14,11,122.1,78,72,5,1,5,.987,-2,-15,-2,-20,5.66,7.59,5.13,7.61,,,,,,,H3/54,,pachejo01
381,Kiké Hernández,22,2TM,2LG,38,32,29,296.2,96,68,26,2,7,.979,1,5,6,24,2.85,2.64,2.35,2.70,,,,,,,8/7H6459D,,hernaen02
381,Kiké Hernández,22,HOU,AL,23,22,20,196.0,62,48,12,2,4,.968,0,-1,3,18,2.76,2.54,2.40,2.69,,,,,,,8/764D,,hernaen02
381,Kiké Hernández,22,MIA,NL,15,10,9,100.2,34,20,14,0,3,1.000,1,15,3,36,3.04,2.83,2.27,2.70,,,,,,,/8H459,,hernaen02
382,Freddy Galvis,24,PHI,NL,41,32,27,295.0,145,42,102,1,19,.993,0,-1,-3,-12,4.39,4.02,3.35,3.90,,,,,,,65/4H,,galvifr01
383,Wil Nieves,36,PHI,NL,35,34,29,293.1,273,246,26,1,4,.996,1,4,4,16,8.35,8.41,7.77,8.42,3,9,23,10,30.3,0,2/3H,,nievewi01
384,Willie Bloomquist,36,SEA,AL,39,31,23,292.1,128,77,51,0,13,1.000,-2,-8,0,0,3.94,4.57,3.12,4.68,,,,,,,64H/35D79,,bloomwi01
385,John McDonald,39,LAA,AL,90,16,9,291.2,113,39,70,4,10,.965,7,28,1,4,3.36,3.04,1.20,2.85,,,,,,,5H6/4D,,mcdonjo03
386,Jake Lamb,23,ARI,NL,34,33,33,289.1,76,14,61,1,5,.987,3,11,3,12,2.33,2.52,2.21,2.51,,,,,,,5/H,,lambja01
387,Martín Maldonado,27,MIL,NL,45,30,25,287.1,287,256,24,7,2,.976,1,6,6,25,8.77,8.42,6.22,8.28,2,11,13,6,31.6,2,2/H31,,maldoma01
388,Logan Schafer,27,MIL,NL,47,29,26,285.2,59,54,4,1,2,.983,0,1,2,8,1.83,2.12,1.23,2.11,,,,,,,H798,,schaflo01
389,Tuffy Gosewisch,30,ARI,NL,35,31,30,282.1,260,241,18,1,1,.996,3,13,-1,-4,8.26,8.41,7.40,8.39,1,9,11,8,42.1,0,2/H,,gosewtu01
390,Ryan Raburn,33,CLE,AL,44,33,16,282.1,52,45,5,2,1,.962,-8,-35,-1,-4,1.59,2.28,1.11,2.40,,,,,,,D97H/3,,raburry01
391,Kevin Pillar,25,TOR,AL,47,30,19,281.2,73,71,2,0,0,1.000,1,3,2,9,2.33,2.26,1.55,2.25,,,,,,,78H/9D,,pillake01
392,Mike Carp,28,2TM,AL,46,31,20,281.2,208,191,15,2,17,.990,0,1,0,0,6.58,7.24,4.29,6.70,,,,,,,3H7/159D,,carpmi01
392,Mike Carp,28,BOS,AL,32,21,12,197.0,134,123,11,0,10,1.000,2,10,1,6,6.12,6.67,3.94,6.17,,,,,,,3H7/15,,carpmi01
392,Mike Carp,28,TEX,AL,14,10,8,84.2,74,68,4,2,7,.973,-1,-18,-1,-14,7.65,8.58,5.14,7.99,,,,,,,3/H79D,,carpmi01
393,Chris Gimenez,31,2TM,AL,40,32,31,281.1,258,243,13,2,6,.992,-4,-17,0,0,8.19,8.35,6.40,8.09,1,16,11,2,15.4,1,23/H15D,,gimench01
393,Chris Gimenez,31,TEX,AL,32,29,29,251.0,238,225,11,2,2,.992,-3,-12,0,0,8.46,8.29,7.38,8.12,1,14,11,2,15.4,1,2/3H1D,,gimench01
393,Chris Gimenez,31,CLE,AL,8,3,2,30.1,20,18,2,0,4,1.000,-1,-55,0,0,5.93,8.84,2.50,7.96,0,2,0,0,,0,/325,,gimench01
394,Juan Pérez,27,SFG,NL,59,21,14,280.0,68,65,2,1,1,.985,3,12,-2,-9,2.15,2.12,1.14,2.11,,,,,,,78H/9,,perezju02
395,Phil Gosselin,25,ATL,NL,38,30,23,277.2,115,44,68,3,17,.974,4,18,3,13,3.63,4.05,2.55,4.09,,,,,,,4H/567,,gosseph01
396,Clint Barmes,35,PIT,NL,44,26,19,271.1,119,38,79,2,11,.983,2,7,4,18,3.88,4.42,2.60,4.54,,,,,,,64/H35,,barmecl01
397,Chris Valaika,28,CHC,NL,36,29,25,270.0,191,129,60,2,22,.990,1,4,1,4,6.30,6.21,5.11,6.04,,,,,,,34H/56,,valaich01
398,Carlos Beltrán,37,NYY,AL,32,31,19,264.2,59,54,2,3,1,.949,-3,-14,-6,-27,1.90,2.39,1.70,2.45,,,,,,,D9/H3,,beltrca01
399,Alfonso Soriano,38,NYY,AL,35,31,18,264.0,43,39,2,2,0,.953,-7,-30,-5,-23,1.40,2.26,1.17,2.25,,,,,,,9D7/H,,soriaal01
400,Shane Victorino,33,BOS,AL,30,30,28,263.2,57,56,1,0,0,1.000,3,13,1,5,1.95,2.26,1.90,2.25,,,,,,,9,,victosh01
401,Christian Bethancourt,22,ATL,NL,31,29,29,260.1,234,216,15,3,1,.987,1,5,-4,-18,7.99,8.41,7.45,8.39,6,9,10,5,33.3,0,2,,bethach01
402,Luis Sardiñas,21,TEX,AL,36,27,23,260.1,117,44,69,4,17,.966,1,6,-3,-14,3.91,4.10,2.90,4.02,,,,,,,46/5HD,,sardilu01
403,Rymer Liriano,23,SDP,NL,34,29,27,256.1,63,57,2,4,0,.937,0,0,-2,-9,2.07,2.12,1.74,2.11,,,,,,,9/H,,liriary01
404,C.J. Cron,24,LAA,AL,36,29,21,251.0,234,221,12,1,23,.996,-6,-26,-3,-14,8.35,8.97,6.47,8.94,,,,,,,D3H,,croncj01
405,David Price,28,2TM,AL,34,34,3,248.1,23,4,18,1,1,.957,,,-2,-2,0.80,1.46,0.65,1.46,,,,,,,1,ASCYA-6,priceda01
405,David Price,28,TBR,AL,23,23,2,170.2,19,3,15,1,1,.947,,,0,0,0.95,1.46,0.78,1.46,,,,,,,1,,priceda01
405,David Price,28,DET,AL,11,11,1,77.2,4,1,3,0,0,1.000,,,-2,-5,0.46,1.46,0.36,1.46,,,,,,,1,,priceda01
406,Gregorio Petit,29,HOU,AL,32,27,18,246.2,105,33,70,2,17,.981,-1,-4,4,19,3.76,3.57,2.94,3.55,,,,,,,65/H4D,,petitgr01
407,Johnny Cueto,28,CIN,NL,34,34,4,243.2,63,21,39,3,0,.952,,,6,5,2.22,1.72,1.76,1.71,,,,,,,1,ASCYA-2MVP-12,cuetojo01
408,Yolmer Sánchez,22,CHW,AL,28,27,26,240.2,128,50,77,1,18,.992,-3,-16,-3,-15,4.75,4.59,4.54,4.58,,,,,,,4/6H,,sanchca01
409,Ryan Kalish,26,CHC,NL,38,27,16,237.1,56,55,0,1,0,.982,-4,-19,-6,-30,2.09,2.12,1.45,2.11,,,,,,,H789,,kalisry01
410,Adam Dunn,34,CHW,AL,29,27,23,237.0,228,219,7,2,24,.991,-3,-17,-5,-25,8.58,7.86,7.53,7.35,,,,,,,D3/7H91,,dunnad01
411,Jonathan Herrera,29,BOS,AL,38,24,20,236.1,88,22,65,1,14,.989,-3,-13,0,0,3.31,3.63,2.18,3.74,,,,,,,65H/4D3,,herrejo03
412,Félix Hernández,28,SEA,AL,34,34,0,236.0,37,11,25,1,2,.973,,,-3,-3,1.37,1.46,1.06,1.46,,,,,,,1,ASCYA-2MVP-10,hernafe02
413,Reed Johnson,37,MIA,NL,34,25,15,236.0,47,42,4,1,1,.979,-6,-31,-1,-5,1.75,2.12,1.35,2.11,,,,,,,H79/D8,,johnsre02
414,Travis Ishikawa,30,2TM,NL,46,24,13,236.0,246,230,15,1,23,.996,1,7,2,10,9.34,8.41,4.90,8.13,,,,,,,3H/7,,ishiktr01
414,Travis Ishikawa,30,PIT,NL,11,10,5,85.0,102,95,6,1,7,.990,1,10,1,14,10.69,9.29,9.18,9.27,,,,,,,3/H,,ishiktr01
414,Travis Ishikawa,30,SFG,NL,35,14,8,151.0,144,135,9,0,16,1.000,1,6,1,8,8.58,7.91,3.69,7.80,,,,,,,3H/7,,ishiktr01
415,Corey Kluber,28,CLE,AL,34,34,3,235.2,31,14,17,0,1,1.000,,,1,1,1.18,1.46,0.91,1.46,,,,,,,1/H,CYA-1MVP-11,klubeco01
416,Chris Dickerson,32,CLE,AL,34,25,18,235.1,55,50,3,2,0,.964,1,5,0,0,2.03,2.26,1.56,2.25,,,,,,,79H/8D,,dickech01
417,Roberto Pérez,25,CLE,AL,29,25,20,232.1,244,217,24,3,2,.988,2,10,5,26,9.34,8.24,8.31,8.21,1,7,14,8,36.4,1,2,,perezro02
418,Carlos Quentin,31,SDP,NL,32,31,12,229.0,43,42,1,0,1,1.000,2,11,-3,-16,1.69,2.12,1.34,2.11,,,,,,,7H/D,,quentca01
419,Ryan Rua,24,TEX,AL,26,26,25,229.0,94,87,7,0,7,1.000,0,-2,-2,-10,3.69,4.52,3.48,4.50,,,,,,,7/3D5,,ruary01
420,James Shields,32,KCR,AL,34,34,1,227.0,52,18,30,4,0,.923,,,1,1,1.90,1.46,1.41,1.46,,,,,,,1,MVP-18,shielja02
421,Adam Wainwright,32,STL,NL,32,32,5,227.0,51,20,30,1,2,.980,,,4,4,1.98,1.72,1.56,1.71,,,,,,,1,ASCYA-3MVP-8,wainwad01
422,JB Shuck,27,2TM,AL,30,24,18,226.2,57,55,2,0,0,1.000,5,25,5,26,2.26,2.26,1.90,2.25,,,,,,,7H/9D,,shuckja01
422,JB Shuck,27,LAA,AL,21,19,15,176.1,45,43,2,0,0,1.000,5,31,5,34,2.30,2.26,2.14,2.25,,,,,,,7/9H,,shuckja01
422,JB Shuck,27,CLE,AL,9,5,3,50.1,12,12,0,0,0,1.000,0,7,0,0,2.15,2.25,1.33,2.26,,,,,,,H/97D,,shuckja01
423,Josmil Pinto,25,MIN,AL,25,25,25,226.0,186,173,8,5,0,.973,-5,-27,-8,-42,7.21,8.24,7.24,8.21,4,10,20,0,0.0,0,2DH,,pintojo01
424,Erik Kratz,34,2TM,AL,36,23,19,225.0,198,188,10,0,2,1.000,1,5,4,21,7.92,8.24,5.50,8.21,1,4,18,6,25.0,0,2H/D,,kratzer01
424,Erik Kratz,34,TOR,AL,25,18,15,167.0,150,141,9,0,1,1.000,1,7,4,29,8.08,8.24,6.00,8.21,1,3,13,5,27.8,0,2H/D,,kratzer01
424,Erik Kratz,34,KCR,AL,11,5,4,58.0,48,47,1,0,1,1.000,0,0,0,0,7.45,8.24,4.36,8.21,0,1,5,1,16.7,0,2/HD,,kratzer01
425,Pedro Florimón,27,MIN,AL,31,26,14,224.2,114,28,84,2,18,.982,2,8,4,21,4.49,3.98,3.61,3.97,,,,,,,6/HD,,floripe01
426,Julio Teheran,23,ATL,NL,33,33,4,221.0,48,16,32,0,2,1.000,,,5,5,1.95,1.72,1.45,1.71,,,,,,,1,AS,teherju01
427,Max Scherzer,29,DET,AL,33,33,1,220.1,27,9,17,1,2,.963,,,-3,-3,1.06,1.46,0.79,1.46,,,,,,,1,ASCYA-5,scherma01
428,Jim Adduci,29,TEX,AL,31,24,20,219.2,75,73,2,0,0,1.000,8,44,5,27,3.07,2.67,2.42,2.90,,,,,,,7H/9D3,,adducji02
429,Jon Lester,30,2TM,AL,32,32,1,219.2,26,8,16,2,1,.923,,,-3,-3,0.98,1.46,0.75,1.46,,,,,,,1,ASCYA-4,lestejo01
429,Jon Lester,30,BOS,AL,21,21,0,143.0,18,4,12,2,1,.889,,,-3,-4,1.01,1.46,0.76,1.46,,,,,,,1,,lestejo01
429,Jon Lester,30,OAK,AL,11,11,1,76.2,8,4,4,0,0,1.000,,,0,0,0.94,1.46,0.73,1.46,,,,,,,1,,lestejo01
430,Jeff Samardzija,29,2TM,2LG,33,33,2,219.2,43,18,22,3,2,.930,,,0,0,1.64,1.59,1.21,1.59,,,,,,,1,AS,samarje01
430,Jeff Samardzija,29,CHC,NL,17,17,0,108.0,30,15,12,3,1,.900,,,1,2,2.25,1.72,1.59,1.71,,,,,,,1,,samarje01
430,Jeff Samardzija,29,OAK,AL,16,16,2,111.2,13,3,10,0,1,1.000,,,-1,-2,1.05,1.46,0.81,1.46,,,,,,,1,,samarje01
431,Sonny Gray,24,OAK,AL,33,33,2,219.0,62,18,41,3,3,.952,,,3,3,2.42,1.46,1.79,1.46,,,,,,,1,,grayso01
432,Darin Ruf,27,PHI,NL,32,25,15,218.2,133,126,7,0,9,1.000,1,7,2,11,5.47,5.84,3.69,6.10,,,,,,,H37/5,,rufda01
433,Randal Grichuk,22,STL,NL,35,22,17,218.1,58,54,2,2,0,.966,3,16,3,16,2.31,2.12,1.60,2.11,,,,,,,9H/78,,grichra01
434,Donnie Murphy,31,TEX,AL,32,25,20,218.1,122,67,55,0,21,1.000,0,-2,-2,-11,5.03,5.34,3.81,5.09,,,,,,,4/DH35,,murphdo01
435,Madison Bumgarner,24,SFG,NL,33,33,4,217.1,36,8,26,2,2,.944,,,2,2,1.41,1.72,1.03,1.71,,,,,,,1/H,ASCYA-4SS,bumgama01
436,Nate Freiman,27,OAK,AL,33,24,16,217.1,221,211,7,3,24,.986,3,15,2,11,9.03,8.97,6.61,8.94,,,,,,,3/HD,,freimna01
437,Kirk Nieuwenhuis,26,NYM,NL,35,22,18,217.1,53,47,5,1,0,.981,0,0,3,17,2.15,2.12,1.49,2.11,,,,,,,H78/9,,nieuwki01
438,Jayson Nix,31,3TM,2LG,36,22,14,216.2,102,35,63,4,10,.961,-1,-3,0,0,4.07,3.53,2.45,3.55,,,,,,,54/6H93,,nixja01
438,Jayson Nix,31,2TM,NL,29,20,14,189.2,93,29,60,4,10,.957,-1,-3,0,0,4.22,3.51,2.70,3.48,,,,,,,54/H69,,nixja01
438,Jayson Nix,31,PHI,NL,14,10,8,94.0,41,12,27,2,3,.951,1,15,2,26,3.73,3.12,2.60,3.27,,,,,,,/56H4,,nixja01
438,Jayson Nix,31,PIT,NL,15,10,6,95.2,52,17,33,2,7,.962,-2,-21,-2,-25,4.70,3.89,2.78,3.66,,,,,,,4/59H,,nixja01
438,Jayson Nix,31,KCR,AL,7,2,0,27.0,9,6,3,0,0,1.000,0,0,0,0,3.00,3.70,1.29,3.86,,,,,,,/563H,,nixja01
439,Raúl Ibañez,42,2TM,AL,34,26,11,216.0,89,83,5,1,4,.989,2,8,-1,-6,3.67,3.60,2.59,3.82,,,,,,,DH7/39,,ibanera01
439,Raúl Ibañez,42,LAA,AL,21,16,9,132.0,49,47,2,0,2,1.000,1,6,1,9,3.34,3.63,2.33,3.84,,,,,,,D7H/3,,ibanera01
439,Raúl Ibañez,42,KCR,AL,13,10,2,84.0,40,36,3,1,2,.975,1,11,-2,-29,4.18,3.54,3.00,3.79,,,,,,,DH/793,,ibanera01
440,R.A. Dickey,39,TOR,AL,34,34,1,215.2,42,17,23,2,4,.952,,,4,4,1.67,1.46,1.18,1.46,,,,,,,1/H,,dicker.01
441,Stephen Strasburg,25,WSN,NL,34,34,0,215.0,42,13,25,4,2,.905,,,2,2,1.59,1.72,1.12,1.71,,,,,,,1,CYA-9,strasst01
442,Mike Leake,26,CIN,NL,33,33,0,214.1,60,26,30,4,1,.933,,,1,1,2.35,1.72,1.70,1.71,,,,,,,1/H,,leakemi01
443,A.J. Burnett,37,PHI,NL,34,34,1,213.2,35,9,25,1,1,.971,,,-5,-5,1.43,1.72,1.00,1.71,,,,,,,1,,burnea.01
444,Jered Weaver,31,LAA,AL,34,34,1,213.1,39,12,25,2,0,.949,,,0,0,1.56,1.46,1.09,1.46,,,,,,,1,,weaveje02
445,Mitch Moreland,28,TEX,AL,25,24,23,210.2,180,162,15,3,15,.983,-1,-5,-1,-6,7.56,8.43,7.08,8.11,,,,,,,D3/H71,,morelmi01
446,Jake Goebbert,26,SDP,NL,32,23,14,209.2,191,176,13,2,6,.990,-2,-10,0,0,8.11,7.94,5.73,7.54,,,,,,,H3/7,,goebbja01
447,Phil Hughes,28,MIN,AL,32,32,1,209.2,19,10,8,1,2,.947,,,-7,-7,0.77,1.46,0.56,1.46,,,,,,,1,CYA-7,hugheph01
448,Kendrys Morales,31,2TM,AL,27,26,17,209.2,229,219,9,1,23,.996,-3,-18,0,0,9.79,8.97,8.44,8.94,,,,,,,D3/H,,moralke01
448,Kendrys Morales,31,MIN,AL,13,12,9,100.0,107,102,5,0,8,1.000,-1,-7,0,0,9.63,8.97,8.23,8.94,,,,,,,D3/H,,moralke01
448,Kendrys Morales,31,SEA,AL,14,14,8,109.2,122,117,4,1,15,.992,-3,-27,0,0,9.93,8.97,8.64,8.94,,,,,,,D3,,moralke01
449,Grant Green,26,LAA,AL,33,23,14,207.2,62,31,31,0,7,1.000,-2,-14,-1,-6,2.69,3.06,1.82,3.24,,,,,,,7H4/5D36,,greengr01
450,Curt Casali,25,TBR,AL,29,22,19,207.1,224,212,11,1,0,.996,-2,-12,0,0,9.68,8.24,7.69,8.21,3,14,13,4,23.5,1,2/DH,,casalcu01
451,Chris Tillman,26,BAL,AL,34,34,1,207.1,31,10,19,2,0,.935,,,2,2,1.26,1.46,0.85,1.46,,,,,,,1,,tillmch01
452,Alfredo Marte,25,ARI,NL,27,24,18,206.1,43,40,1,2,1,.953,1,5,0,0,1.79,2.12,1.52,2.11,,,,,,,7H/9D,,marteal01
453,Bobby Abreu,40,NYM,NL,31,26,7,206.0,39,37,0,2,0,.949,-5,-26,-7,-41,1.62,2.12,1.19,2.11,,,,,,,H9/7D,,abreubo01
454,Justin Verlander,31,DET,AL,32,32,0,206.0,39,10,23,6,2,.846,,,-2,-2,1.44,1.46,1.03,1.46,,,,,,,1,,verlaju01
455,Jorge Soler,22,CHC,NL,24,24,21,205.0,48,44,2,2,1,.958,1,4,0,0,2.02,2.12,1.92,2.11,,,,,,,9,,solerjo01
456,Cole Hamels,30,PHI,NL,30,30,0,204.2,32,6,26,0,1,1.000,,,2,2,1.41,1.72,1.07,1.71,,,,,,,1,CYA-6,hamelco01
457,Rick Porcello,25,DET,AL,32,31,3,204.2,39,18,17,4,2,.897,,,0,0,1.54,1.46,1.09,1.46,,,,,,,1,,porceri01
458,Geovany Soto,31,2TM,AL,24,24,22,204.2,213,194,16,3,3,.986,1,6,0,0,9.23,8.24,8.75,8.21,0,10,13,10,43.5,0,2,,sotoge01
458,Geovany Soto,31,TEX,AL,10,10,9,88.0,93,91,2,0,0,1.000,-2,-27,-3,-41,9.51,8.24,9.30,8.21,0,8,5,1,16.7,0,2,,sotoge01
458,Geovany Soto,31,OAK,AL,14,14,13,116.2,120,103,14,3,3,.975,3,31,3,31,9.03,8.24,8.36,8.21,0,2,8,9,52.9,0,2,,sotoge01
459,Aaron Harang,36,ATL,NL,33,33,0,204.1,35,8,27,0,1,1.000,,,-1,-1,1.54,1.72,1.06,1.71,,,,,,,1,,haranaa01
460,César Hernández,24,PHI,NL,29,22,18,203.2,73,33,37,3,5,.959,-5,-31,-6,-35,3.09,3.49,2.41,3.57,,,,,,,H54/6,,hernace02
461,Lance Lynn,27,STL,NL,33,33,2,203.2,37,8,28,1,0,.973,,,1,1,1.59,1.72,1.09,1.71,,,,,,,1,,lynnla01
462,Jeremy Guthrie,35,KCR,AL,32,32,1,202.2,42,12,24,6,1,.857,,,0,0,1.60,1.46,1.13,1.46,,,,,,,1/H,,guthrje01
463,Jake Peavy,33,2TM,2LG,32,32,0,202.2,50,23,25,2,3,.960,,,1,1,2.13,1.56,1.50,1.55,,,,,,,1,,peavyja01
463,Jake Peavy,33,BOS,AL,20,20,0,124.0,31,15,15,1,2,.968,,,-1,-2,2.18,1.46,1.50,1.46,,,,,,,1,,peavyja01
463,Jake Peavy,33,SFG,NL,12,12,0,78.2,19,8,10,1,1,.947,,,2,5,2.06,1.72,1.50,1.71,,,,,,,1,,peavyja01
464,Bartolo Colon,41,NYM,NL,31,31,0,202.1,43,11,27,5,2,.884,,,2,2,1.69,1.72,1.23,1.71,,,,,,,1,,colonba01
465,Zack Greinke,30,LAD,NL,32,32,0,202.1,59,28,30,1,8,.983,,,4,4,2.58,1.72,1.81,1.71,,,,,,,1,ASCYA-7GG,greinza01
466,Mark Buehrle,35,TOR,AL,32,32,0,202.0,42,12,29,1,2,.976,,,2,2,1.83,1.46,1.28,1.46,,,,,,,1,AS,buehrma01
467,Wade Miley,27,ARI,NL,33,33,0,201.1,37,7,27,3,2,.919,,,2,2,1.52,1.72,1.03,1.71,,,,,,,1,,mileywa01
468,Ian Kennedy,29,SDP,NL,33,33,0,201.0,30,12,18,0,1,1.000,,,1,1,1.34,1.72,0.91,1.71,,,,,,,1,,kenneia01
469,John Ryan Murphy,23,NYY,AL,30,21,15,201.0,180,169,10,1,1,.994,-1,-6,1,6,8.01,8.24,5.97,8.21,3,7,10,2,16.7,0,2/HD,,murphjr01
470,Jose Quintana,25,CHW,AL,32,32,0,200.1,29,4,25,0,6,1.000,,,4,4,1.30,1.46,0.91,1.46,,,,,,,1,,quintjo01
471,Dallas Keuchel,26,HOU,AL,29,29,5,200.0,66,18,47,1,3,.985,,,10,10,2.93,1.46,2.24,1.46,,,,,,,1/H,GG,keuchda01
472,Brandon McCarthy,30,2TM,2LG,32,32,1,200.0,31,11,20,0,1,1.000,,,-1,-1,1.40,1.60,0.97,1.60,,,,,,,1,,mccarbr01
472,Brandon McCarthy,30,ARI,NL,18,18,0,109.2,19,8,11,0,1,1.000,,,-1,-2,1.56,1.72,1.06,1.71,,,,,,,1,,mccarbr01
472,Brandon McCarthy,30,NYY,AL,14,14,1,90.1,12,3,9,0,0,1.000,,,0,0,1.20,1.45,0.86,1.46,,,,,,,1,,mccarbr01
473,Nathan Eovaldi,24,MIA,NL,33,33,0,199.2,53,21,31,1,2,.981,,,5,5,2.34,1.72,1.58,1.71,,,,,,,1,,eovalna01
474,Jordan Zimmermann,28,WSN,NL,32,32,3,199.2,33,13,19,1,0,.970,,,3,3,1.44,1.72,1.00,1.71,,,,,,,1,ASCYA-5,zimmejo02
475,Kyle Kendrick,29,PHI,NL,32,32,0,199.0,49,18,29,2,1,.959,,,4,4,2.13,1.72,1.47,1.71,,,,,,,1,,kendrky01
476,Hiroki Kuroda,39,NYY,AL,32,32,0,199.0,35,18,16,1,0,.971,,,0,0,1.54,1.46,1.06,1.46,,,,,,,1,,kurodhi01
477,Wily Peralta,25,MIL,NL,32,32,0,198.2,43,20,23,0,2,1.000,,,0,0,1.95,1.72,1.34,1.71,,,,,,,1,,peralwi01
478,Tanner Roark,27,WSN,NL,31,31,1,198.2,36,9,25,2,5,.944,,,4,4,1.54,1.72,1.10,1.71,,,,,,,1,,roarkta01
479,Clayton Kershaw,26,LAD,NL,27,27,6,198.1,41,8,31,2,3,.951,,,6,6,1.77,1.72,1.44,1.71,,,,,,,1,ASCYA-1MVP-1,kershcl01
480,Kyle Lohse,35,MIL,NL,31,31,2,198.1,35,10,24,1,2,.971,,,3,3,1.54,1.72,1.10,1.71,,,,,,,1,,lohseky01
481,Ehire Adrianza,24,SFG,NL,34,20,12,198.0,104,32,70,2,12,.981,3,19,-3,-18,4.64,4.53,2.91,4.39,,,,,,,4H/65,,adriaeh01
482,John Lackey,35,2TM,2LG,31,31,1,198.0,30,12,15,3,0,.900,,,-4,-4,1.23,1.54,0.87,1.54,,,,,,,1,,lackejo01
482,John Lackey,35,BOS,AL,21,21,1,137.1,16,6,10,0,0,1.000,,,-2,-3,1.05,1.46,0.76,1.46,,,,,,,1,,lackejo01
482,John Lackey,35,STL,NL,10,10,0,60.2,14,6,5,3,0,.786,,,-2,-7,1.63,1.72,1.10,1.71,,,,,,,1,,lackejo01
483,Alfredo Simón,33,CIN,NL,32,32,0,196.1,43,15,26,2,0,.953,,,4,4,1.88,1.72,1.28,1.71,,,,,,,1,AS,simonal01
484,Ervin Santana,31,ATL,NL,31,31,0,196.0,38,17,20,1,1,.974,,,2,2,1.70,1.72,1.19,1.71,,,,,,,1,,santaer01
485,Tyson Ross,27,SDP,NL,31,31,2,195.2,56,16,37,3,3,.946,,,-2,-2,2.44,1.72,1.71,1.71,,,,,,,1/H,AS,rossty01
486,Jordany Valdespin,26,MIA,NL,28,21,17,195.2,91,43,45,3,8,.967,1,3,0,0,4.05,4.00,3.14,3.65,,,,,,,H49/8D,,valdejo02
487,Andrew Susac,24,SFG,NL,29,20,20,195.1,180,160,20,0,1,1.000,1,6,-2,-12,8.29,8.41,6.21,8.39,2,10,17,8,32.0,0,2/H,,susacan01
488,Chris Archer,25,TBR,AL,32,32,0,194.2,31,10,17,4,2,.871,,,-3,-3,1.25,1.46,0.84,1.46,,,,,,,1,,archech01
489,Matt Wieters,28,BAL,AL,22,22,21,194.2,175,169,5,1,0,.994,-1,-6,-4,-25,8.04,8.24,7.91,8.21,0,4,11,1,8.3,0,2/D,AS,wietema01
490,John Danks,29,CHW,AL,32,32,0,193.2,29,4,24,1,0,.966,,,0,0,1.30,1.46,0.88,1.46,,,,,,,1,,danksjo01
491,Edinson Vólquez,30,PIT,NL,32,31,1,192.2,37,9,25,3,1,.919,,,1,1,1.59,1.72,1.06,1.71,,,,,,,1,,volqued01
492,Yovani Gallardo,28,MIL,NL,32,32,0,192.1,40,14,26,0,2,1.000,,,-1,-1,1.87,1.72,1.25,1.71,,,,,,,1/H,,gallayo01
493,Tom Koehler,28,MIA,NL,32,32,0,191.1,36,22,14,0,2,1.000,,,0,0,1.69,1.72,1.13,1.71,,,,,,,1,,koehlto01
494,Eric Fryer,28,MIN,AL,24,22,18,190.1,159,152,6,1,1,.994,-2,-13,-3,-19,7.47,8.24,6.58,8.21,1,8,16,1,5.9,1,2/HD,,fryerer01
495,Scott Kazmir,30,OAK,AL,32,32,2,190.1,23,2,18,3,1,.870,,,-1,-1,0.95,1.46,0.63,1.46,,,,,,,1,AS,kazmisc01
496,Tim Federowicz,26,LAD,NL,22,19,17,190.0,172,150,19,3,1,.983,1,6,-1,-6,8.01,8.41,7.68,8.39,1,12,13,10,43.5,0,2/H,,federti01
497,Tony Gwynn,31,PHI,NL,42,18,10,189.1,49,47,2,0,1,1.000,-4,-28,-4,-25,2.33,2.12,1.17,2.11,,,,,,,H87/9,,gwynnto02
498,Tyler Holt,25,CLE,AL,35,17,10,189.1,43,43,0,0,0,1.000,5,33,2,13,2.04,2.26,1.23,2.25,,,,,,,9/8H7,,holtty01
499,Tim Hudson,38,SFG,NL,31,31,1,189.1,36,13,21,2,1,.944,,,-2,-2,1.62,1.72,1.10,1.71,,,,,,,1,AS,hudsoti01
500,Tyler Moore,27,WSN,NL,27,20,16,189.1,199,180,16,3,16,.985,-2,-11,1,6,9.32,8.36,7.00,8.25,,,,,,,3H/7,,moorety01
501,Steve Clevenger,28,BAL,AL,28,20,19,189.0,154,143,10,1,3,.994,0,3,-4,-25,7.29,8.30,5.46,8.29,0,7,17,3,15.0,0,2H/3D,,clevest01
502,Jon Niese,27,NYM,NL,30,30,0,187.2,39,2,33,4,2,.897,,,3,3,1.68,1.72,1.17,1.71,,,,,,,1/H,,niesejo01
503,Henderson Alvarez III,24,MIA,NL,30,30,3,187.0,56,18,36,2,5,.964,,,5,5,2.60,1.72,1.80,1.71,,,,,,,1,ASCYA-12,alvarhe01
504,Jason Vargas,31,KCR,AL,30,30,1,187.0,31,7,22,2,3,.935,,,1,1,1.40,1.46,0.97,1.46,,,,,,,1,,vargaja01
505,Dan Haren,33,LAD,NL,32,32,0,186.0,38,14,23,1,2,.974,,,0,0,1.79,1.72,1.16,1.71,,,,,,,1,,harenda01
506,Wei-Yin Chen,28,BAL,AL,31,31,0,185.2,31,7,24,0,1,1.000,,,2,2,1.50,1.46,1.00,1.46,,,,,,,1,,chenwe02
507,Zack Wheeler,24,NYM,NL,32,32,1,185.1,34,10,22,2,2,.941,,,-1,-1,1.55,1.72,1.00,1.71,,,,,,,1/H,,wheelza01
508,Drew Hutchison,23,TOR,AL,32,32,1,184.2,21,7,13,1,2,.952,,,-4,-4,0.97,1.46,0.63,1.46,,,,,,,1/H,,hutchdr01
509,Ryan Vogelsong,36,SFG,NL,32,32,1,184.2,32,11,19,2,1,.938,,,2,2,1.46,1.72,0.94,1.71,,,,,,,1,,vogelry01
510,Jorge De La Rosa,33,COL,NL,32,32,0,184.1,31,4,25,2,1,.935,,,0,0,1.42,1.72,0.91,1.71,,,,,,,1,,rosajo01
511,Paul Konerko,38,CHW,AL,23,21,16,183.1,177,168,9,0,25,1.000,1,7,3,20,8.69,8.97,7.70,8.94,,,,,,,DH3,,konerpa01
512,Shelby Miller,23,STL,NL,32,31,1,183.0,27,15,11,1,0,.963,,,0,0,1.28,1.72,0.81,1.71,,,,,,,1,,millesh01
513,Yordano Ventura,23,KCR,AL,31,30,0,183.0,48,26,20,2,0,.958,,,2,2,2.26,1.46,1.48,1.46,,,,,,,1,ROY-6,ventuyo01
514,Cole Gillespie,30,2TM,AL,26,21,14,183.0,49,47,0,2,0,.959,1,4,-1,-7,2.31,2.26,1.81,2.25,,,,,,,79H/D8,,gilleco01
514,Cole Gillespie,30,SEA,AL,25,20,13,175.0,47,45,0,2,0,.957,2,11,0,0,2.31,2.26,1.80,2.25,,,,,,,7H/9D8,,gilleco01
514,Cole Gillespie,30,TOR,AL,1,1,1,8.0,2,2,0,0,0,1.000,-1,-150,-1,-150,2.25,2.25,2.00,2.30,,,,,,,/9,,gilleco01
515,Nick Franklin,23,2TM,AL,24,20,19,181.0,80,25,52,3,13,.963,-1,-3,0,0,3.83,4.21,3.08,4.08,,,,,,,46/H9D5,,frankni01
515,Nick Franklin,23,SEA,AL,14,11,10,101.0,47,14,33,0,7,1.000,3,33,2,24,4.19,4.04,3.13,3.86,,,,,,,/649DH5,,frankni01
515,Nick Franklin,23,TBR,AL,10,9,9,80.0,33,11,19,3,6,.909,-3,-50,-2,-30,3.38,4.42,3.00,4.41,,,,,,,/46H,,frankni01
516,Scott Feldman,31,HOU,AL,29,29,2,180.1,36,18,18,0,1,1.000,,,-7,-8,1.80,1.46,1.24,1.46,,,,,,,1,,feldmsc01
517,Jarred Cosart,24,2TM,2LG,30,30,0,180.1,49,20,29,0,7,1.000,,,1,1,2.45,1.55,1.63,1.54,,,,,,,1,,cosarja01
517,Jarred Cosart,24,HOU,AL,20,20,0,116.1,33,13,20,0,5,1.000,,,2,3,2.55,1.46,1.65,1.46,,,,,,,1,,cosarja01
517,Jarred Cosart,24,MIA,NL,10,10,0,64.0,16,7,9,0,2,1.000,,,-1,-3,2.25,1.72,1.60,1.71,,,,,,,1,,cosarja01
518,Josh Collmenter,28,ARI,NL,33,28,1,179.1,36,13,23,0,1,1.000,,,3,3,1.81,1.72,1.09,1.71,,,,,,,1,,collmjo01
519,Kyle Gibson,26,MIN,AL,31,31,0,179.1,57,30,27,0,3,1.000,,,3,3,2.86,1.46,1.84,1.46,,,,,,,1,,gibsoky01
520,Hisashi Iwakuma,33,SEA,AL,28,28,0,179.0,42,17,24,1,1,.976,,,1,1,2.06,1.46,1.46,1.46,,,,,,,1,,iwakuhi01
521,John Buck,33,2TM,AL,25,19,19,177.0,158,146,11,1,2,.994,-2,-10,-2,-14,7.98,8.26,6.28,8.24,1,11,11,3,21.4,0,2/DH3,,buckjo01
521,John Buck,33,SEA,AL,20,19,19,167.0,147,135,11,1,2,.993,-2,-11,-2,-14,7.87,8.26,7.30,8.25,1,11,11,3,21.4,0,2/DH3,,buckjo01
521,John Buck,33,LAA,AL,5,0,0,10.0,11,11,0,0,0,1.000,0,0,0,0,9.90,8.28,2.20,8.22,0,0,0,0,,0,/2H,,buckjo01
522,Chris Carter,27,HOU,AL,20,20,17,176.1,150,135,12,3,13,.980,0,-2,-1,-7,7.50,6.78,7.35,6.94,,,,,,,*D3/H7,,cartech02
523,Jason Hammel,31,2TM,2LG,30,29,0,176.1,31,17,12,2,1,.935,,,-2,-2,1.48,1.62,0.97,1.60,,,,,,,1,,hammeja01
523,Jason Hammel,31,CHC,NL,17,17,0,108.2,24,12,11,1,1,.958,,,0,0,1.90,1.72,1.35,1.71,,,,,,,1,,hammeja01
523,Jason Hammel,31,OAK,AL,13,12,0,67.2,7,5,1,1,0,.857,,,-2,-6,0.80,1.46,0.46,1.46,,,,,,,1,,hammeja01
524,Eric Stults,34,SDP,NL,32,32,0,176.0,40,10,28,2,2,.950,,,2,2,1.94,1.72,1.19,1.71,,,,,,,1,,stulter01
525,C.J. Wilson,33,LAA,AL,31,31,1,175.2,34,9,22,3,1,.912,,,1,1,1.59,1.46,1.00,1.46,,,,,,,1/H,,wilsocj01
526,Josh Wilson,33,TEX,AL,23,19,13,175.2,98,28,69,1,18,.990,4,30,2,14,4.97,4.21,3.73,4.21,,,,,,,4/56H,,wilsojo03
527,Chris Sale,25,CHW,AL,26,26,2,174.0,17,4,13,0,0,1.000,,,1,1,0.88,1.46,0.65,1.46,,,,,,,1,ASCYA-3,salech01
528,Travis Wood,27,CHC,NL,31,31,0,173.2,24,6,18,0,3,1.000,,,3,3,1.24,1.72,0.77,1.71,,,,,,,1H,,woodtr01
529,Héctor Noesí,27,3TM,AL,33,27,1,172.1,27,5,21,1,4,.963,,,3,3,1.36,1.46,0.79,1.46,,,,,,,1,,noesihe01
529,Héctor Noesí,27,SEA,AL,2,0,0,1.0,0,0,0,0,0,,,,0,0,0.00,1.80,0.00,1.45,,,,,,,/1,,noesihe01
529,Héctor Noesí,27,TEX,AL,3,0,0,5.1,0,0,0,0,0,,,,0,0,0.00,1.52,0.00,1.47,,,,,,,/1,,noesihe01
529,Héctor Noesí,27,CHW,AL,28,27,1,166.0,27,5,21,1,4,.963,,,3,4,1.41,1.46,0.93,1.46,,,,,,,1,,noesihe01
530,Jake Smolinski,25,TEX,AL,21,20,19,172.0,41,41,0,0,0,1.000,0,3,2,14,2.15,2.26,1.95,2.25,,,,,,,7/9DH,,smolija01
531,Alex Wood,23,ATL,NL,35,24,1,171.2,30,3,25,2,2,.933,,,0,0,1.47,1.72,0.80,1.71,,,,,,,1,,woodal02
532,Clay Buchholz,29,BOS,AL,28,28,2,170.1,37,20,16,1,1,.973,,,-1,-1,1.90,1.46,1.29,1.46,,,,,,,1,,buchhcl01
533,Colby Lewis,34,TEX,AL,29,29,2,170.1,14,3,10,1,0,.929,,,-5,-6,0.69,1.46,0.45,1.46,,,,,,,1,,lewisco01
534,Garrett Richards,26,LAA,AL,26,26,1,168.2,26,10,13,3,0,.885,,,0,0,1.23,1.46,0.88,1.46,,,,,,,1,,richaga01
535,Jake Odorizzi,24,TBR,AL,31,31,0,168.0,18,6,12,0,0,1.000,,,1,1,0.96,1.46,0.58,1.46,,,,,,,1,ROY-8,odorija01
536,Nick Ahmed,24,ARI,NL,20,18,17,167.1,74,27,45,2,13,.973,-2,-14,1,7,3.87,4.32,3.60,4.33,,,,,,,6/H4,,ahmedni01
537,Alex Cobb,26,TBR,AL,27,27,0,166.1,33,7,22,4,3,.879,,,0,0,1.57,1.46,1.07,1.46,,,,,,,1,,cobbal01
538,Reid Brignac,28,PHI,NL,24,16,14,165.2,37,11,26,0,2,1.000,-3,-18,-5,-36,2.01,2.65,1.42,2.97,,,,,,,5H/46,,brignre01
539,Bud Norris,29,BAL,AL,28,28,0,165.1,25,9,15,1,0,.960,,,-1,-1,1.31,1.46,0.86,1.46,,,,,,,1/H,,norribu01
540,Chris Young,35,SEA,AL,30,29,0,165.0,18,7,10,1,0,.944,,,-2,-2,0.93,1.46,0.57,1.46,,,,,,,1,,youngch03
541,Tony Sanchez,26,PIT,NL,20,19,18,164.2,150,135,10,5,0,.967,-4,-29,-2,-15,7.93,8.41,7.25,8.39,1,14,18,3,14.3,0,2/HD,,sanchto01
542,Roberto Hernández,33,2TM,NL,32,29,0,164.2,34,11,23,0,2,1.000,,,0,0,1.86,1.72,1.06,1.71,,,,,,,1,,carmofa01
542,Roberto Hernández,33,PHI,NL,23,20,0,121.0,30,10,20,0,1,1.000,,,0,0,2.23,1.72,1.30,1.71,,,,,,,1,,carmofa01
542,Roberto Hernández,33,LAD,NL,9,9,0,43.2,4,1,3,0,1,1.000,,,0,0,0.82,1.73,0.44,1.71,,,,,,,/1,,carmofa01
543,Doug Fister,30,WSN,NL,25,25,1,164.0,37,15,21,1,0,.973,,,2,2,1.98,1.72,1.44,1.71,,,,,,,1/H,CYA-8,fistedo01
544,Roenis Elías,25,SEA,AL,29,29,1,163.2,24,2,22,0,2,1.000,,,1,1,1.32,1.46,0.83,1.46,,,,,,,1,,eliasro01
545,Matt Garza,30,MIL,NL,27,27,1,163.1,29,11,15,3,0,.897,,,-1,-1,1.43,1.72,0.96,1.71,,,,,,,1,,garzama01
546,Francisco Liriano,30,PIT,NL,29,29,0,162.1,29,2,24,3,1,.897,,,-1,-1,1.44,1.72,0.90,1.71,,,,,,,1,,liriafr01
547,Daric Barton,28,OAK,AL,30,15,14,162.0,181,166,12,3,16,.983,-2,-16,1,7,9.89,8.97,5.93,8.94,,,,,,,3/H,,bartoda02
548,Vidal Nuño III,26,2TM,2LG,31,28,0,161.2,23,4,19,0,1,1.000,,,2,2,1.28,1.60,0.74,1.57,,,,,,,1,,nunovi01
548,Vidal Nuño III,26,NYY,AL,17,14,0,78.0,10,1,9,0,0,1.000,,,1,3,1.15,1.47,0.59,1.46,,,,,,,1,,nunovi01
548,Vidal Nuño III,26,ARI,NL,14,14,0,83.2,13,3,10,0,1,1.000,,,1,2,1.40,1.72,0.93,1.71,,,,,,,1,,nunovi01
549,Jeff Bianchi,27,MIL,NL,21,15,13,161.1,74,23,48,3,7,.959,-1,-4,2,15,3.96,3.70,3.09,3.66,,,,,,,6H/54,,biancje01
550,Steve Lombardozzi,25,BAL,AL,20,17,17,160.2,82,29,52,1,14,.988,-2,-15,-7,-52,4.54,4.61,4.05,4.60,,,,,,,4/H,,lombast02
551,Ezequiel Carrera,27,DET,AL,39,13,13,160.1,52,51,1,0,0,1.000,-2,-12,0,0,2.92,2.26,1.33,2.25,,,,,,,8H/7D,,carreez01
552,Jesús Sucre,26,SEA,AL,21,18,12,160.0,162,151,10,1,0,.994,0,0,2,15,9.06,8.24,7.67,8.21,2,7,10,4,28.6,1,2,,sucreje01
553,Tony Campana,28,2TM,2LG,29,14,10,159.2,49,49,0,0,0,1.000,-3,-23,-1,-8,2.76,2.16,1.69,2.18,,,,,,,8H/7D,,campato01
553,Tony Campana,28,ARI,NL,16,13,9,113.0,34,34,0,0,0,1.000,0,0,1,11,2.71,2.12,2.13,2.11,,,,,,,8H/7,,campato01
553,Tony Campana,28,LAA,AL,13,1,1,46.2,15,15,0,0,0,1.000,-3,-80,-2,-51,2.89,2.26,1.15,2.25,,,,,,,8/H7D,,campato01
554,Delmon Young,28,BAL,AL,28,18,6,159.1,36,32,4,0,1,1.000,-1,-8,-1,-8,2.03,2.26,1.29,2.25,,,,,,,D7H/9,,youngde03
555,Miguel González,30,BAL,AL,27,26,1,159.0,21,7,13,1,0,.952,,,-1,-1,1.13,1.46,0.74,1.46,,,,,,,1,,gonzami03
556,Chris Herrmann,26,MIN,AL,25,15,11,159.0,34,33,0,1,0,.971,-1,-9,-4,-30,1.87,2.30,1.32,2.49,0,0,0,0,,0,9H7/2,,herrmch01
557,Ricky Nolasco,31,MIN,AL,27,27,1,159.0,21,8,13,0,0,1.000,,,-2,-3,1.19,1.46,0.78,1.46,,,,,,,1,,nolasri01
558,Gio González,28,WSN,NL,27,27,0,158.2,26,6,19,1,1,.962,,,0,0,1.42,1.72,0.93,1.71,,,,,,,1,,gonzagi01
559,Cameron Rupp,25,PHI,NL,18,18,14,158.1,150,130,18,2,2,.987,1,8,-1,-8,8.41,8.41,8.22,8.39,1,8,11,7,38.9,0,2,,ruppca01
560,J.A. Happ,31,TOR,AL,30,26,0,158.0,20,0,19,1,0,.950,,,4,5,1.08,1.46,0.63,1.46,,,,,,,1,,happja01
561,Charlie Morton,30,PIT,NL,26,26,0,157.1,33,9,23,1,2,.970,,,3,4,1.83,1.72,1.23,1.71,,,,,,,1,,mortoch02
562,Sandy León,25,WSN,NL,20,17,16,157.0,164,154,9,1,1,.994,2,15,3,23,9.34,8.41,8.15,8.39,1,3,3,5,62.5,0,2/H,,leonsa01
563,Jace Peterson,24,SDP,NL,24,18,13,157.0,78,23,51,4,4,.949,2,15,1,8,4.24,3.75,3.08,3.76,,,,,,,45/H,,peterja01
564,Jake Arrieta,28,CHC,NL,25,25,1,156.2,39,17,20,2,1,.949,,,-3,-4,2.13,1.72,1.48,1.71,,,,,,,1/H,CYA-9,arrieja01
565,Chris Nelson,28,SDP,NL,24,17,14,156.0,52,14,36,2,3,.962,4,27,1,8,2.88,2.98,2.08,3.06,,,,,,,5/H43,,nelsoch01
566,Tim Lincecum,30,SFG,NL,33,26,1,155.2,24,11,12,1,1,.958,,,-3,-4,1.33,1.72,0.70,1.71,,,,,,,1/H,,linceti01
567,Collin McHugh,27,HOU,AL,25,25,0,154.2,35,12,21,2,2,.943,,,2,3,1.92,1.46,1.32,1.46,,,,,,,1,ROY-4,mchugco01
568,Kevin Correia,33,2TM,2LG,32,26,0,154.0,35,12,19,4,1,.886,,,0,0,1.81,1.50,0.97,1.53,,,,,,,1,,correke01
568,Kevin Correia,33,MIN,AL,23,23,0,129.1,27,8,15,4,1,.852,,,-1,-2,1.60,1.46,1.00,1.46,,,,,,,1,,correke01
568,Kevin Correia,33,LAD,NL,9,3,0,24.2,8,4,4,0,0,1.000,,,1,8,2.92,1.71,0.89,1.71,,,,,,,/1,,correke01
569,Trevor Bauer,23,CLE,AL,26,26,0,153.0,22,9,12,1,4,.955,,,-1,-1,1.24,1.46,0.81,1.46,,,,,,,1,,bauertr01
570,Drew Smyly,25,2TM,AL,28,25,1,153.0,26,5,20,1,1,.962,,,1,1,1.47,1.46,0.89,1.46,,,,,,,1,,smylydr01
570,Drew Smyly,25,DET,AL,21,18,0,105.1,17,4,13,0,1,1.000,,,1,2,1.45,1.46,0.81,1.46,,,,,,,1,,smylydr01
570,Drew Smyly,25,TBR,AL,7,7,1,47.2,9,1,7,1,0,.889,,,0,0,1.51,1.45,1.14,1.46,,,,,,,/1,,smylydr01
571,Zelous Wheeler,27,NYY,AL,25,17,8,152.2,42,19,21,2,3,.952,-2,-18,2,16,2.36,2.46,1.54,2.46,,,,,,,5/9H7D,,wheelze01
572,Hyun Jin Ryu,27,LAD,NL,26,26,0,152.0,33,7,25,1,3,.970,,,2,3,1.89,1.72,1.23,1.71,,,,,,,1,,ryuhy01
573,Marco Estrada,30,MIL,NL,39,18,0,150.2,27,6,21,0,0,1.000,,,4,5,1.61,1.72,0.69,1.71,,,,,,,1,,estrama01
574,Adam Duvall,25,SFG,NL,22,17,10,150.1,158,149,8,1,13,.994,0,-3,-1,-8,9.40,9.20,7.14,8.96,,,,,,,3/H5D,,duvalad01
575,Danny Duffy,25,KCR,AL,30,24,0,149.1,21,4,12,5,0,.762,,,-1,-1,0.96,1.46,0.52,1.46,,,,,,,1,,duffyda01
576,Tomás Telis,23,TEX,AL,17,17,17,149.0,112,105,6,1,0,.991,-3,-24,-7,-56,6.70,8.24,6.53,8.21,0,8,16,1,5.9,0,2/D,,telisto01
577,Dilson Herrera,20,NYM,NL,17,17,16,147.0,81,29,49,3,16,.963,-2,-13,0,0,4.78,4.66,4.59,4.65,,,,,,,4/H,,herredi01
578,Ian Stewart,29,LAA,AL,20,16,11,147.0,51,34,16,1,1,.980,-1,-10,-3,-24,3.06,3.65,2.27,4.29,,,,,,,5/3HD,,stewaia01
579,Jesse Chavez,30,OAK,AL,32,21,0,146.0,15,11,4,0,3,1.000,,,-2,-3,0.92,1.46,0.47,1.46,,,,,,,1,,chaveje01
580,Homer Bailey,28,CIN,NL,23,23,1,145.2,30,13,17,0,2,1.000,,,2,3,1.85,1.72,1.30,1.71,,,,,,,1,,baileho02
581,Mike Minor,26,ATL,NL,25,25,0,145.1,19,4,15,0,0,1.000,,,-3,-4,1.18,1.72,0.76,1.71,,,,,,,1,,minormi01
582,Yu Darvish,27,TEX,AL,22,22,2,144.1,22,6,16,0,1,1.000,,,2,3,1.37,1.46,1.00,1.46,,,,,,,1,AS,darviyu01
583,Ryan Doumit,33,ATL,NL,20,17,9,144.0,56,54,1,1,1,.982,0,-1,-2,-17,3.44,2.91,2.75,2.74,0,1,7,0,0.0,0,H/79D2,,doumiry01
584,Brett Oberholtzer,24,HOU,AL,24,24,0,143.2,23,6,16,1,2,.957,,,-3,-4,1.38,1.46,0.92,1.46,,,,,,,1,,oberhbr01
585,Brett Hayes,30,KCR,AL,27,14,11,143.0,99,94,5,0,2,1.000,0,0,-6,-50,6.23,8.24,3.67,8.21,1,8,7,2,22.2,0,2/H,,hayesbr01
586,Franklin Morales,28,COL,NL,38,22,0,142.1,31,7,19,5,1,.839,,,-1,-1,1.64,1.72,0.68,1.71,,,,,,,1,,moralfr01
587,Edwin Jackson,30,CHC,NL,28,27,0,140.2,33,12,20,1,1,.970,,,3,4,2.05,1.72,1.14,1.71,,,,,,,1/H,,jacksed01
588,Jacob deGrom,26,NYM,NL,22,22,0,140.1,26,6,20,0,4,1.000,,,0,0,1.67,1.72,1.18,1.71,,,,,,,1/H,ROY-1,degroja01
589,Nick Martinez,23,TEX,AL,29,24,0,140.1,22,11,11,0,1,1.000,,,0,0,1.41,1.46,0.76,1.46,,,,,,,1/H,,martini01
590,Matt Szczur,24,CHC,NL,26,12,8,138.2,49,48,1,0,1,1.000,1,12,-2,-17,3.18,2.12,1.88,2.11,,,,,,,9H/87D,,szczuma01
591,Gerrit Cole,23,PIT,NL,22,22,0,138.0,33,7,24,2,1,.939,,,0,0,2.02,1.72,1.41,1.71,,,,,,,1/H,,colege01
592,Carlos Peña,36,TEX,AL,16,16,14,138.0,115,105,9,1,12,.991,-1,-10,2,17,7.43,8.97,7.13,8.94,,,,,,,3/H,,penaca01
593,Roger Bernadina,30,2TM,NL,31,12,8,138.0,33,33,0,0,0,1.000,0,-2,2,17,2.15,2.48,1.06,2.34,,,,,,,H79/83,,bernaro01
593,Roger Bernadina,30,CIN,NL,27,12,8,125.0,33,33,0,0,0,1.000,0,-1,2,19,2.38,2.52,1.22,2.38,,,,,,,H7/983,,bernaro01
593,Roger Bernadina,30,LAD,NL,4,0,0,13.0,0,0,0,0,0,,0,-9,0,0,0.00,2.15,0.00,2.10,,,,,,,/H79,,bernaro01
594,Dillon Gee,28,NYM,NL,22,22,0,137.1,38,14,24,0,1,1.000,,,3,4,2.49,1.72,1.73,1.71,,,,,,,1,,geedi01
595,Masahiro Tanaka,25,NYY,AL,20,20,3,136.1,26,12,14,0,1,1.000,,,3,4,1.72,1.46,1.30,1.46,,,,,,,1,ASROY-5,tanakma01
596,Matt Shoemaker,27,LAA,AL,27,20,0,136.0,22,7,12,3,1,.864,,,2,3,1.26,1.46,0.70,1.46,,,,,,,1,ROY-2,shoemma01
597,Carlos Carrasco,27,CLE,AL,40,14,1,134.0,26,10,14,2,2,.923,,,0,0,1.61,1.46,0.60,1.46,,,,,,,1,,carraca01
598,Andy Parrino,28,OAK,AL,20,15,12,133.1,55,20,34,1,11,.982,3,31,2,18,3.65,3.98,2.57,3.86,,,,,,,6/475H,,parrian01
599,Rafael Ynoa,26,COL,NL,16,14,14,133.0,66,18,48,0,6,1.000,3,31,-1,-9,4.47,2.82,4.13,2.87,,,,,,,5/H64,,ynoara01
600,Kyle Blanks,27,2TM,2LG,22,14,9,132.2,130,117,12,1,15,.992,1,9,1,9,8.75,8.82,5.86,8.37,,,,,,,3/HD79,,blankky01
600,Kyle Blanks,27,SDP,NL,4,2,1,21.2,28,24,4,0,4,1.000,0,-6,0,0,11.63,8.97,7.00,7.48,,,,,,,/3H7,,blankky01
600,Kyle Blanks,27,OAK,AL,18,12,8,111.0,102,93,8,1,11,.990,1,12,1,11,8.19,8.79,5.61,8.57,,,,,,,3/HD9,,blankky01
601,Tucker Barnhart,23,CIN,NL,20,14,12,132.0,124,110,14,0,2,1.000,1,9,1,9,8.45,8.41,6.20,8.39,3,9,4,8,66.7,0,2/H,,barnhtu01
602,Brad Peacock,26,HOU,AL,28,24,0,131.2,16,7,7,2,1,.875,,,-3,-5,0.96,1.46,0.50,1.46,,,,,,,1,,peacobr01
603,Jeff Locke,26,PIT,NL,21,21,0,131.1,18,4,14,0,1,1.000,,,1,2,1.23,1.72,0.86,1.71,,,,,,,1,,lockeje01
604,Marcus Stroman,23,TOR,AL,26,20,1,130.2,26,7,19,0,0,1.000,,,1,2,1.79,1.46,1.00,1.46,,,,,,,1/HD,,stromma01
605,Scott Carroll,29,CHW,AL,26,19,0,129.1,19,8,11,0,1,1.000,,,1,2,1.32,1.46,0.73,1.46,,,,,,,1,,carrosc02
606,Maikel Franco,21,PHI,NL,16,14,13,129.1,62,31,30,1,5,.984,5,48,1,9,4.24,3.74,3.59,4.50,,,,,,,5/3,,francma02
607,Logan Watkins,24,CHC,NL,18,15,8,129.1,69,34,29,6,9,.913,-5,-42,-3,-28,4.38,4.38,3.50,4.37,,,,,,,4H/9D,,watkilo01
608,Justin Masterson,29,2TM,2LG,28,25,0,128.2,31,8,22,1,5,.968,,,2,3,2.10,1.52,1.07,1.54,,,,,,,1,,masteju01
608,Justin Masterson,29,CLE,AL,19,19,0,98.0,25,4,20,1,5,.960,,,3,6,2.20,1.46,1.26,1.46,,,,,,,1,,masteju01
608,Justin Masterson,29,STL,NL,9,6,0,30.2,6,4,2,0,0,1.000,,,-1,-7,1.76,1.73,0.67,1.71,,,,,,,/1,,masteju01
609,Héctor Santiago,26,LAA,AL,30,24,0,127.1,22,3,17,2,0,.909,,,3,5,1.41,1.46,0.67,1.46,,,,,,,1,,santihe01
610,Jordan Lyles,23,COL,NL,22,22,0,126.2,31,11,19,1,2,.968,,,2,3,2.13,1.72,1.36,1.71,,,,,,,1/H,,lylesjo01
611,Aníbal Sánchez,30,DET,AL,22,21,0,126.0,29,11,18,0,2,1.000,,,-1,-2,2.07,1.46,1.32,1.46,,,,,,,1,,sanchan01
612,Nick Tepesch,25,TEX,AL,23,22,0,126.0,24,6,18,0,1,1.000,,,0,0,1.71,1.46,1.04,1.46,,,,,,,1,,tepesni01
613,Ubaldo Jiménez,30,BAL,AL,25,22,0,125.1,20,11,9,0,3,1.000,,,-1,-2,1.44,1.46,0.80,1.46,,,,,,,1,,jimenub01
614,Jimmy Paredes,25,2TM,AL,19,14,5,124.0,34,8,23,3,3,.912,-5,-45,-2,-19,2.25,2.67,1.63,2.88,,,,,,,5/H4D,,paredji01
614,Jimmy Paredes,25,KCR,AL,5,2,2,22.0,4,1,3,0,1,1.000,-2,-131,-1,-55,1.64,2.90,0.80,3.38,,,,,,,/H5D4,,paredji01
614,Jimmy Paredes,25,BAL,AL,14,12,3,102.0,30,7,20,3,2,.900,-2,-27,-1,-12,2.38,2.62,1.93,2.70,,,,,,,5/H4,,paredji01
615,Andrew Cashner,27,SDP,NL,20,19,2,123.2,24,4,19,1,1,.958,0,0,3,5,1.67,1.72,1.15,1.73,,,,,,,1/H7,,cashnan01
616,Tommy Milone,27,2TM,AL,22,21,0,118.0,24,5,18,1,2,.958,,,1,2,1.75,1.46,1.05,1.46,,,,,,,1/H,,milonto01
616,Tommy Milone,27,OAK,AL,16,16,0,96.1,15,3,12,0,2,1.000,,,2,4,1.40,1.46,0.94,1.46,,,,,,,1/H,,milonto01
616,Tommy Milone,27,MIN,AL,6,5,0,21.2,9,2,6,1,0,.889,,,-1,-9,3.32,1.45,1.33,1.47,,,,,,,/1,,milonto01
617,David Buchanan,25,PHI,NL,20,20,0,117.2,28,11,14,3,0,.893,,,1,2,1.91,1.72,1.25,1.71,,,,,,,1,,buchada01
618,Tyler Matzek,23,COL,NL,20,19,1,117.2,27,10,15,2,1,.926,,,-2,-3,1.91,1.72,1.25,1.71,,,,,,,1/H,,matzety01
619,Cory Spangenberg,23,SDP,NL,15,14,9,117.1,34,10,19,5,0,.853,-3,-29,-1,-10,2.22,2.85,1.81,2.81,,,,,,,/5H74,,spangco01
620,Yusmeiro Petit,29,SFG,NL,39,12,1,117.0,14,7,5,2,0,.857,,,-4,-7,0.92,1.72,0.31,1.71,,,,,,,1,,petityu01
621,Ben Paulsen,26,COL,NL,18,13,9,116.1,123,115,8,0,7,1.000,1,13,2,21,9.52,8.24,6.83,8.08,,,,,,,3H/9,,paulsbe01
622,Erisbel Arruebarrena,24,LAD,NL,21,9,9,116.0,43,14,26,3,6,.930,-2,-21,-1,-10,3.10,4.30,1.90,4.29,,,,,,,6/H,,arrueba01
623,Josh Beckett,34,LAD,NL,20,20,1,115.2,18,8,8,2,1,.889,,,-1,-2,1.24,1.72,0.80,1.71,,,,,,,1,,beckejo02
624,Pedro Ciriaco,28,KCR,AL,18,11,11,115.2,49,21,28,0,7,1.000,-2,-16,0,0,3.81,4.09,2.72,4.19,,,,,,,4H/D56,,ciriape01
625,Jerome Williams,32,3TM,2LG,37,11,0,115.0,19,7,12,0,2,1.000,,,-2,-3,1.49,1.59,0.51,1.52,,,,,,,1,,willije01
625,Jerome Williams,32,2TM,AL,28,2,0,57.2,12,3,9,0,1,1.000,,,-1,-3,1.87,1.45,0.43,1.46,,,,,,,1,,willije01
625,Jerome Williams,32,HOU,AL,26,0,0,47.2,11,3,8,0,1,1.000,,,0,0,2.08,1.45,0.42,1.46,,,,,,,1,,willije01
625,Jerome Williams,32,TEX,AL,2,2,0,10.0,1,0,1,0,0,1.000,,,-1,-20,0.90,1.44,0.50,1.45,,,,,,,/1,,willije01
625,Jerome Williams,32,PHI,NL,9,9,0,57.1,7,4,3,0,1,1.000,,,-1,-3,1.10,1.73,0.78,1.71,,,,,,,/1,,willije01
626,Chase Anderson,26,ARI,NL,21,21,0,114.1,26,9,16,1,1,.962,,,2,3,1.97,1.72,1.19,1.71,,,,,,,1/H,ROY-10,anderch01
627,Jonathan Diaz,29,TOR,AL,22,11,9,114.1,45,17,28,0,8,1.000,1,15,0,0,3.54,4.00,2.05,3.88,,,,,,,6/H4789,,diazjo02
628,Chone Figgins,36,LAD,NL,17,12,9,114.0,42,9,32,1,3,.976,1,15,2,21,3.24,3.32,2.28,3.28,,,,,,,H5/467,,figgich01
629,Danny Worth,28,DET,AL,17,12,10,113.2,62,30,31,1,14,.984,1,11,1,11,4.83,4.03,3.21,4.06,,,,,,,6/4H13,,worthda01
630,Kevin Gausman,23,BAL,AL,20,20,1,113.1,17,5,12,0,2,1.000,,,-1,-2,1.35,1.46,0.85,1.46,,,,,,,1,,gausmke01
631,David Phelps,27,NYY,AL,32,17,1,113.0,28,10,18,0,2,1.000,,,3,5,2.23,1.46,0.88,1.46,,,,,,,1,,phelpda01
632,Tyler Skaggs,22,LAA,AL,18,18,0,113.0,20,2,17,1,0,.950,,,-3,-5,1.51,1.46,1.06,1.46,,,,,,,1,,skaggty01
633,Jacob Turner,23,2TM,NL,28,18,0,113.0,28,14,14,0,1,1.000,,,-3,-5,2.23,1.72,1.00,1.71,,,,,,,1,,turneja01
633,Jacob Turner,23,MIA,NL,20,12,0,78.1,20,11,9,0,1,1.000,,,-3,-8,2.30,1.72,1.00,1.71,,,,,,,1,,turneja01
633,Jacob Turner,23,CHC,NL,8,6,0,34.2,8,3,5,0,0,1.000,,,0,0,2.08,1.71,1.00,1.71,,,,,,,/1,,turneja01
634,Brad Hand,24,MIA,NL,32,16,0,111.0,32,8,24,0,1,1.000,,,4,7,2.59,1.72,1.00,1.71,,,,,,,1,,handbr01
635,Trevor Cahill,26,ARI,NL,32,17,0,110.2,18,5,12,1,1,.944,,,-3,-5,1.38,1.72,0.53,1.71,,,,,,,1,,cahiltr01
636,Vance Worley,26,PIT,NL,18,17,1,110.2,17,4,12,1,0,.941,,,-1,-2,1.30,1.72,0.89,1.71,,,,,,,1/H,,worleva01
637,Danny Salazar,24,CLE,AL,20,20,1,110.0,9,3,6,0,1,1.000,,,0,0,0.74,1.46,0.45,1.46,,,,,,,1,,salazda01
638,David DeJesus,34,TBR,AL,15,13,6,109.0,25,25,0,0,0,1.000,-1,-9,0,0,2.06,2.26,1.67,2.25,,,,,,,DH7/8,,dejesda01
639,Kevin Kouzmanoff,32,TEX,AL,13,12,11,108.0,22,2,18,2,1,.909,0,-2,-2,-22,1.67,2.56,1.54,2.55,,,,,,,5/H,,kouzmke01
640,Justin Maxwell,30,KCR,AL,14,12,10,108.0,17,16,1,0,0,1.000,-9,-102,-6,-67,1.42,2.26,1.21,2.25,,,,,,,/9H8D7,,maxweju01
641,Kennys Vargas,23,MIN,AL,13,13,9,107.0,100,88,9,3,3,.970,-5,-56,-2,-22,8.16,8.97,7.46,8.94,,,,,,,D3,,vargake01
642,Michael Wacha,22,STL,NL,19,19,0,107.0,25,12,13,0,1,1.000,,,2,4,2.10,1.72,1.32,1.71,,,,,,,1,,wachami01
643,Justin Bour,26,MIA,NL,15,12,10,106.0,126,116,10,0,13,1.000,1,7,0,0,10.70,9.29,8.40,9.27,,,,,,,H3/D,,bourju01
644,Christian Colón,25,KCR,AL,17,11,9,106.0,53,17,34,2,5,.962,1,9,2,23,4.33,3.97,2.83,3.96,,,,,,,4/H56D,,colonch01
645,Andrés Blanco,30,PHI,NL,20,11,8,105.2,43,6,36,1,5,.977,-1,-7,-1,-11,3.58,3.56,2.00,3.53,,,,,,,5/H64,,blancan01
646,Zach Walters,24,2TM,2LG,18,10,5,105.2,37,21,15,1,3,.973,0,-3,1,11,3.07,3.11,2.00,3.28,,,,,,,HD/74569,,walteza01
646,Zach Walters,24,WSN,NL,8,3,2,40.2,11,5,6,0,0,1.000,1,32,1,30,2.43,3.14,1.38,3.40,,,,,,,H/5647D,,walteza01
646,Zach Walters,24,CLE,AL,10,7,3,65.0,26,16,9,1,3,.962,-1,-26,0,0,3.46,3.09,2.50,3.19,,,,,,,D/74H9,,walteza01
647,Matt Duffy,23,SFG,NL,17,10,8,104.0,57,24,31,2,8,.965,-3,-29,-2,-23,4.76,4.42,3.06,4.27,,,,,,,H/465,,duffyma01
648,Josh Tomlin,29,CLE,AL,25,16,1,104.0,22,10,10,2,2,.909,,,1,2,1.73,1.46,0.80,1.46,,,,,,,1/DH,,tomlijo01
649,Nyjer Morgan,33,CLE,AL,14,12,9,103.0,23,23,0,0,0,1.000,-4,-49,-4,-47,2.01,2.26,1.64,2.25,,,,,,,8/7H,,morgany01
650,Mat Latos,26,CIN,NL,16,16,0,102.1,22,10,12,0,1,1.000,,,0,0,1.93,1.72,1.38,1.71,,,,,,,1,,latosma01
651,T.J. House,24,CLE,AL,19,18,0,102.0,20,4,14,2,1,.900,,,-2,-4,1.59,1.46,0.95,1.46,,,,,,,1,,housetj01
652,Rubby De La Rosa,25,BOS,AL,19,18,0,101.2,24,12,11,1,1,.958,,,2,4,2.04,1.46,1.21,1.46,,,,,,,1,,delarru01
653,Luis Jiménez,26,LAA,AL,16,10,10,100.2,27,9,18,0,5,1.000,2,23,-2,-24,2.41,2.56,1.69,2.55,,,,,,,5/HD,,jimenlu02
654,Sam Deduno,30,2TM,AL,35,9,0,100.2,30,14,13,3,2,.900,,,-5,-10,2.41,1.46,0.77,1.46,,,,,,,1,,dedunsa01
654,Sam Deduno,30,MIN,AL,30,8,0,92.0,27,12,12,3,2,.889,,,-4,-9,2.35,1.46,0.80,1.46,,,,,,,1,,dedunsa01
654,Sam Deduno,30,HOU,AL,5,1,0,8.2,3,2,1,0,0,1.000,,,-1,-23,3.12,1.45,0.60,1.46,,,,,,,/1,,dedunsa01
655,Ryan Wheeler,25,COL,NL,16,13,5,98.2,48,28,20,0,4,1.000,-3,-41,-2,-24,4.38,4.08,2.82,4.50,,,,,,,H5/3,,wheelry01
656,Chris Capuano,35,2TM,AL,40,12,0,97.1,13,3,9,1,1,.923,,,1,2,1.11,1.46,0.30,1.46,,,,,,,1,,capuach01
656,Chris Capuano,35,BOS,AL,28,0,0,31.2,5,1,4,0,0,1.000,,,1,6,1.42,1.45,0.18,1.46,,,,,,,1,,capuach01
656,Chris Capuano,35,NYY,AL,12,12,0,65.2,8,2,5,1,1,.875,,,0,0,0.96,1.47,0.58,1.46,,,,,,,1,,capuach01
657,Carlos Torres,31,NYM,NL,73,1,0,97.0,13,4,8,1,3,.923,,,-2,-4,1.11,1.72,0.16,1.71,,,,,,,1,,torreca01
658,Odrisamer Despaigne,27,SDP,NL,16,16,0,96.1,27,7,17,3,0,.889,,,0,0,2.24,1.72,1.50,1.71,,,,,,,1,,despaod01
659,Joe Kelly,26,2TM,2LG,17,17,0,96.1,11,5,6,0,0,1.000,,,0,0,1.03,1.55,0.65,1.56,,,,,,,1,,kellyjo05
659,Joe Kelly,26,STL,NL,7,7,0,35.0,5,2,3,0,0,1.000,,,0,0,1.29,1.72,0.71,1.71,,,,,,,/1,,kellyjo05
659,Joe Kelly,26,BOS,AL,10,10,0,61.1,6,3,3,0,0,1.000,,,0,0,0.88,1.45,0.60,1.46,,,,,,,1,,kellyjo05
660,Cole Figueroa,27,TBR,AL,16,10,8,94.1,44,19,24,1,4,.977,-1,-15,-1,-13,4.10,4.61,2.69,4.60,,,,,,,4H/D,,figueco01
661,Darin Mastroianni,28,2TM,AL,19,8,5,94.1,24,22,2,0,0,1.000,-1,-15,0,0,2.29,2.26,1.26,2.25,,,,,,,9H/87D,,mastrda01
661,Darin Mastroianni,28,MIN,AL,7,2,2,29.0,6,5,1,0,0,1.000,-1,-25,0,0,1.86,2.27,0.86,2.26,,,,,,,/9H78,,mastrda01
661,Darin Mastroianni,28,TOR,AL,12,6,3,65.1,18,17,1,0,0,1.000,-1,-11,0,0,2.48,2.26,1.50,2.25,,,,,,,/H897D,,mastrda01
662,Jenrry Mejía,24,NYM,NL,63,7,0,93.2,13,4,9,0,1,1.000,,,-4,-9,1.25,1.72,0.21,1.71,,,,,,,1,,mejiaje01
663,Juan Nicasio,27,COL,NL,33,14,0,93.2,18,6,11,1,0,.944,,,-2,-4,1.63,1.72,0.52,1.71,,,,,,,1,,nicasju01
664,Johnny Giavotella,26,KCR,AL,12,10,7,92.0,47,15,31,1,5,.979,-1,-14,-1,-13,4.50,4.61,3.83,4.60,,,,,,,4,,giavojo01
665,Matt Cain,29,SFG,NL,15,15,0,90.1,26,12,12,2,1,.923,,,1,2,2.39,1.72,1.60,1.71,,,,,,,1,,cainma01
666,Dellin Betances,26,NYY,AL,70,0,0,90.0,14,6,6,2,0,.857,,,-1,-2,1.20,1.46,0.17,1.46,,,,,,,1,ASROY-3,betande01
667,Scott Hairston,34,WSN,NL,16,11,4,90.0,27,25,0,2,0,.926,-1,-12,-1,-13,2.50,2.12,1.56,2.11,,,,,,,H7/9D,,hairssc01
668,Dalton Pompey,21,TOR,AL,11,10,7,90.0,17,17,0,0,0,1.000,-2,-23,-1,-13,1.70,2.26,1.55,2.25,,,,,,,/7H8D,,pompeda01
669,Carlos Martínez,22,STL,NL,57,7,0,89.1,35,11,23,1,2,.971,,,2,4,3.43,1.72,0.60,1.71,,,,,,,1,,martica04
670,Josh Phegley,26,CHW,AL,11,10,9,89.1,89,75,13,1,1,.989,0,0,0,0,8.87,8.24,8.00,8.21,2,3,6,2,25.0,0,2,,phegljo01
671,Rusney Castillo,26,BOS,AL,10,10,10,89.0,32,31,1,0,0,1.000,-1,-13,2,27,3.24,2.26,3.20,2.25,,,,,,,8,,castiru02
672,David Hale,26,ATL,NL,45,6,0,87.1,21,7,14,0,2,1.000,,,-1,-2,2.16,1.72,0.47,1.71,,,,,,,1,,haleda02
673,Brandon Workman,25,BOS,AL,19,15,0,87.0,14,8,5,1,0,.929,,,-2,-5,1.34,1.46,0.68,1.46,,,,,,,1,,workmbr01
674,Dan Otero,29,OAK,AL,72,0,0,86.2,29,11,18,0,2,1.000,,,2,5,3.01,1.46,0.40,1.46,,,,,,,1,,oteroda01
675,Bronson Arroyo,37,ARI,NL,14,14,1,86.0,25,12,12,1,2,.960,,,-1,-2,2.51,1.72,1.71,1.71,,,,,,,1/H,,arroybr01
676,Zach McAllister,26,CLE,AL,22,15,0,86.0,10,5,3,2,0,.800,,,-4,-9,0.84,1.47,0.36,1.46,,,,,,,1,,mcallza01
677,Anthony Swarzak,28,MIN,AL,50,4,0,86.0,15,8,7,0,0,1.000,,,0,0,1.57,1.47,0.30,1.46,,,,,,,1,,swarzan01
678,Michael A. Taylor,23,WSN,NL,14,8,6,85.0,31,31,0,0,0,1.000,0,0,0,0,3.28,2.12,2.21,2.11,,,,,,,8/9H,,taylomi02
679,Daisuke Matsuzaka,33,NYM,NL,34,9,0,83.1,11,3,8,0,1,1.000,,,0,0,1.19,1.72,0.32,1.71,,,,,,,1,,matsuda01
680,Shane Robinson,29,STL,NL,20,7,7,83.1,21,20,1,0,0,1.000,1,13,1,14,2.27,2.12,1.05,2.11,,,,,,,H9/78,,robinsh01
681,Donald Lutz,25,CIN,NL,12,10,8,82.2,52,47,4,1,4,.981,0,-3,0,0,5.55,5.56,4.25,5.69,,,,,,,H/379D,,lutzdo01
682,César Ramos,30,TBR,AL,43,7,0,82.2,14,4,8,2,0,.857,,,0,0,1.31,1.46,0.28,1.46,,,,,,,1,,ramosce01
683,Eric Chávez,36,ARI,NL,11,8,8,82.0,15,5,10,0,2,1.000,-2,-26,-1,-15,1.65,2.52,1.36,2.51,,,,,,,H5/D,,chaveer01
684,Dustin McGowan,32,TOR,AL,53,8,0,82.0,14,3,11,0,2,1.000,,,1,2,1.54,1.46,0.26,1.46,,,,,,,1,,mcgowdu01
685,George Kottaras,31,3TM,2LG,15,8,6,82.0,82,79,3,0,1,1.000,-2,-29,-2,-29,9.00,8.26,5.47,8.25,1,5,9,1,10.0,0,2/H,,kottage01
685,George Kottaras,31,2TM,AL,12,7,6,71.0,74,71,3,0,1,1.000,-1,-17,-2,-34,9.38,8.24,6.17,8.21,1,3,8,1,11.1,0,2/H,,kottage01
685,George Kottaras,31,CLE,AL,9,6,6,59.0,64,61,3,0,1,1.000,-1,-20,-2,-41,9.76,8.24,7.11,8.21,0,3,7,1,12.5,0,/2H,,kottage01
685,George Kottaras,31,STL,NL,3,1,0,11.0,8,8,0,0,0,1.000,-1,-109,0,0,6.55,8.43,2.67,8.40,0,2,1,0,0.0,0,/2H,,kottage01
685,George Kottaras,31,TOR,AL,3,1,0,12.0,10,10,0,0,0,1.000,0,0,0,0,7.50,8.25,3.33,8.20,1,0,1,0,0.0,0,/2H,,kottage01
686,Cliff Lee,35,PHI,NL,13,13,1,81.1,12,4,8,0,0,1.000,,,0,0,1.33,1.72,0.92,1.71,,,,,,,1,,leecl02
687,Scott Baker,32,TEX,AL,25,8,0,80.2,7,6,1,0,1,1.000,,,0,0,0.78,1.46,0.28,1.46,,,,,,,1,,bakersc02
688,Kyle Hendricks,24,CHC,NL,13,13,0,80.1,20,4,16,0,3,1.000,,,0,0,2.24,1.71,1.54,1.71,,,,,,,1/H,ROY-7,hendrky01
689,Seth Maness,25,STL,NL,73,0,0,80.1,32,9,21,2,4,.938,,,5,12,3.36,1.71,0.41,1.71,,,,,,,1,,manesse01
690,Andy Wilkins,25,CHW,AL,13,8,7,80.0,79,75,4,0,7,1.000,0,0,0,0,8.89,8.97,6.08,8.94,,,,,,,3/DH,,wilkian01
691,Félix Doubront,26,2TM,2LG,21,14,0,79.2,15,5,9,1,1,.933,,,-1,-3,1.58,1.53,0.67,1.50,,,,,,,1,,doubrfe01
691,Félix Doubront,26,BOS,AL,17,10,0,59.1,9,2,6,1,1,.889,,,-1,-3,1.21,1.46,0.47,1.46,,,,,,,1,,doubrfe01
691,Félix Doubront,26,CHC,NL,4,4,0,20.1,6,3,3,0,0,1.000,,,0,0,2.66,1.73,1.50,1.70,,,,,,,/1,,doubrfe01
692,Tom Wilhelmsen,30,SEA,AL,57,2,0,79.1,17,8,8,1,0,.941,,,-3,-8,1.82,1.46,0.28,1.46,,,,,,,1,,wilheto01
693,Shane Greene,25,NYY,AL,15,14,0,78.2,13,5,4,4,0,.692,,,-2,-5,1.03,1.46,0.60,1.46,,,,,,,1,,greensh02
694,Adam Warren,26,NYY,AL,69,0,0,78.2,10,2,6,2,0,.800,,,0,0,0.92,1.46,0.12,1.46,,,,,,,1,,warread01
695,Robbie Ross,25,TEX,AL,27,12,0,78.1,12,2,8,2,0,.833,,,1,3,1.15,1.46,0.37,1.46,,,,,,,1,,rossro01
696,Nolan Reimold,30,2TM,2LG,14,9,6,78.0,26,24,1,1,0,.962,1,17,0,0,2.88,2.20,1.79,2.21,,,,,,,H9D/7,,reimono01
696,Nolan Reimold,30,TOR,AL,10,5,3,47.0,19,17,1,1,0,.947,1,26,0,0,3.45,2.26,1.80,2.25,,,,,,,9D/H,,reimono01
696,Nolan Reimold,30,ARI,NL,4,4,3,31.0,7,7,0,0,0,1.000,0,4,0,0,2.03,2.12,1.75,2.10,,,,,,,/7H,,reimono01
697,Zoilo Almonte,25,NYY,AL,10,8,6,77.2,20,19,1,0,0,1.000,1,8,0,0,2.32,2.26,2.00,2.25,,,,,,,/79HD,,almonzo01
698,Randall Delgado,24,ARI,NL,47,4,0,77.2,16,4,11,1,0,.938,,,-2,-5,1.74,1.72,0.32,1.71,,,,,,,1,,delgara01
699,Carlos Villanueva,30,CHC,NL,42,5,0,77.2,15,3,12,0,0,1.000,,,-3,-8,1.74,1.72,0.36,1.71,,,,,,,1,,villaca01
700,Jeurys Familia,24,NYM,NL,76,0,0,77.1,18,5,10,3,0,.833,,,-3,-8,1.75,1.72,0.20,1.71,,,,,,,1,ROY-7,familje01
701,Maicer Izturis,33,TOR,AL,10,9,6,77.1,32,10,22,0,8,1.000,2,29,0,0,3.72,4.61,3.20,4.60,,,,,,,4/H,,izturma01
702,Tony Watson,29,PIT,NL,78,0,0,77.1,19,7,11,1,0,.947,,,0,0,2.09,1.72,0.23,1.71,,,,,,,1,AS,watsoto01
703,Brad Snyder,32,TEX,AL,10,8,8,77.0,68,63,4,1,9,.985,-1,-8,1,16,7.83,8.96,6.70,8.94,,,,,,,3/H,,snydebr02
704,Zack Britton,26,BAL,AL,71,0,0,76.1,20,5,15,0,1,1.000,,,1,3,2.36,1.46,0.28,1.46,,,,,,,1,,brittza01
705,Michael Pineda,25,NYY,AL,13,13,0,76.1,12,2,9,1,0,.917,,,-2,-5,1.30,1.46,0.85,1.46,,,,,,,1,,pinedmi01
706,Bryan Shaw,26,CLE,AL,80,0,0,76.1,11,1,10,0,0,1.000,,,-1,-3,1.30,1.46,0.14,1.46,,,,,,,1,,shawbr01
707,Jemile Weeks,27,2TM,AL,10,8,7,76.1,33,10,23,0,3,1.000,0,-5,-2,-31,3.89,4.40,3.30,4.41,,,,,,,/4H6D,,weeksje01
707,Jemile Weeks,27,BAL,AL,1,1,0,6.0,1,0,1,0,0,1.000,0,-80,-1,-200,1.50,4.65,1.00,4.60,,,,,,,/D4,,weeksje01
707,Jemile Weeks,27,BOS,AL,9,7,7,70.1,32,10,22,0,3,1.000,0,2,-1,-17,4.09,4.38,3.56,4.39,,,,,,,/4H6,,weeksje01
708,Érik Bédard,35,TBR,AL,17,15,0,75.2,7,2,5,0,0,1.000,,,0,0,0.83,1.46,0.41,1.46,,,,,,,1,,bedarer01
709,Chase Whitley,25,NYY,AL,24,12,0,75.2,13,7,6,0,0,1.000,,,1,3,1.55,1.46,0.54,1.46,,,,,,,1,,whitlch01
710,Omar Quintanilla,32,NYM,NL,13,7,4,75.1,37,16,20,1,7,.973,-2,-37,0,0,4.30,4.32,2.77,4.35,,,,,,,6/4H,,quintom01
711,Erasmo Ramírez,24,SEA,AL,17,14,0,75.1,10,2,8,0,0,1.000,,,0,0,1.19,1.46,0.59,1.46,,,,,,,1,,ramirer02
712,Brent Morel,27,PIT,NL,14,8,5,75.0,19,2,17,0,0,1.000,1,11,0,0,2.28,2.58,1.36,2.99,,,,,,,5H/3,,morelbr01
713,Todd Redmond,29,TOR,AL,42,0,0,75.0,6,2,2,2,1,.667,,,-1,-3,0.48,1.46,0.10,1.46,,,,,,,1,,redmoto01
714,Jack Hannahan,34,CIN,NL,13,8,6,74.2,65,58,6,1,7,.985,2,31,0,0,7.71,9.29,4.92,9.27,,,,,,,H3/D,,hannaja01
715,Joe Smith,30,LAA,AL,76,0,0,74.2,15,3,12,0,1,1.000,,,1,3,1.81,1.46,0.20,1.46,,,,,,,1,,smithjo05
716,Jesús Aguilar,24,CLE,AL,13,9,4,74.0,77,71,4,2,4,.974,0,3,0,0,9.12,8.81,5.77,8.45,,,,,,,3/DH5,,aguilje01
717,James Paxton,25,SEA,AL,13,13,0,74.0,11,1,7,3,1,.727,,,-5,-14,0.97,1.46,0.62,1.46,,,,,,,1,,paxtoja01
718,Álex González,37,DET,AL,9,8,7,73.1,31,7,21,3,5,.903,-2,-25,-4,-65,3.44,3.96,2.80,3.83,,,,,,,/65,,gonzaal02
719,Jesse Hahn,24,SDP,NL,14,12,0,73.1,15,0,15,0,0,1.000,,,0,0,1.84,1.72,1.07,1.71,,,,,,,1/H,,hahnje01
720,Tyler Pastornicky,24,ATL,NL,10,10,5,73.0,30,11,18,1,5,.967,-3,-49,-2,-33,3.58,4.66,2.90,4.65,,,,,,,H4,,pastoty01
721,Jake Petricka,26,CHW,AL,67,0,0,73.0,13,6,7,0,1,1.000,,,1,3,1.60,1.45,0.19,1.46,,,,,,,1,,petrija01
722,Craig Stammen,30,WSN,NL,49,0,0,72.2,10,3,6,1,2,.900,,,-1,-3,1.11,1.72,0.18,1.71,,,,,,,1,,stammcr01
723,Irving Falu,31,2TM,NL,16,6,6,72.2,31,15,15,1,5,.968,0,-7,2,33,3.72,4.47,1.88,4.21,,,,,,,4/H56,,faluir01
723,Irving Falu,31,MIL,NL,5,1,1,15.0,6,1,4,1,1,.833,0,-8,0,0,3.00,3.72,1.00,3.22,,,,,,,/H56,,faluir01
723,Irving Falu,31,SDP,NL,11,5,5,57.2,25,14,11,0,4,1.000,0,-6,2,42,3.90,4.67,2.27,4.65,,,,,,,4/H,,faluir01
724,Luke Gregerson,30,OAK,AL,72,0,0,72.1,12,4,8,0,0,1.000,,,-1,-3,1.49,1.46,0.17,1.46,,,,,,,1,,gregelu01
725,Scott Atchison,38,CLE,AL,70,0,0,72.0,19,5,13,1,1,.947,,,1,3,2.25,1.46,0.26,1.46,,,,,,,1,,atchisc01
726,Wade Davis,28,KCR,AL,71,0,0,72.0,8,4,3,1,0,.875,,,0,0,0.88,1.46,0.10,1.46,,,,,,,1,CYA-8,daviswa01
727,Michael Martínez,31,PIT,NL,14,7,4,72.0,28,17,10,1,1,.964,1,15,1,17,3.38,3.85,1.80,3.13,,,,,,,H/4789,,martimi02
728,Taylor Teagarden,30,NYM,NL,9,8,7,72.0,60,54,6,0,0,1.000,0,0,-1,-17,7.50,8.41,6.67,8.39,0,2,5,0,0.0,0,/2,,teagata01
729,Mike Fiers,29,MIL,NL,14,10,0,71.2,15,5,9,1,1,.933,,,1,3,1.76,1.72,1.00,1.71,,,,,,,1,,fiersmi01
730,Shawn Tolleson,26,TEX,AL,64,0,0,71.2,11,5,6,0,0,1.000,,,-2,-6,1.38,1.46,0.17,1.46,,,,,,,1,,tollesh01
731,Jake McGee,27,TBR,AL,73,0,0,71.1,8,1,6,1,0,.875,,,0,0,0.88,1.46,0.10,1.46,,,,,,,1,,mcgeeja01
732,Garin Cecchini,23,BOS,AL,9,7,6,71.0,21,7,13,1,2,.952,-3,-52,0,0,2.54,2.56,2.22,2.56,,,,,,,/5DH,,cecchga01
733,Jake Diekman,27,PHI,NL,73,0,0,71.0,12,3,9,0,0,1.000,,,-2,-6,1.52,1.72,0.16,1.71,,,,,,,1,,diekmja01
734,Danny Farquhar,27,SEA,AL,66,0,0,71.0,17,6,11,0,1,1.000,,,2,6,2.15,1.46,0.26,1.46,,,,,,,1/H,,farquda01
735,Rafael Furcal,36,MIA,NL,8,8,7,71.0,32,13,19,0,8,1.000,-2,-25,0,0,4.06,4.66,4.00,4.65,,,,,,,/4H,,furcara02
736,Corey Hart,32,SEA,AL,9,9,5,71.0,29,28,0,1,1,.966,-3,-56,-1,-17,3.55,3.79,2.80,3.59,,,,,,,D/9H37,,hartco01
737,Mark Melancon,29,PIT,NL,72,0,0,71.0,18,5,12,1,0,.944,,,1,3,2.15,1.72,0.24,1.71,,,,,,,1,,melanma01
738,Burke Badenhop,31,BOS,AL,70,0,0,70.2,21,9,10,2,6,.905,,,0,0,2.42,1.46,0.27,1.46,,,,,,,1,,badenbu01
739,Paul Maholm,32,LAD,NL,30,8,0,70.2,18,4,13,1,0,.944,,,0,0,2.17,1.72,0.57,1.71,,,,,,,1,,maholpa01
740,Tyler Clippard,29,WSN,NL,75,0,0,70.1,8,1,7,0,1,1.000,,,2,6,1.02,1.71,0.11,1.71,,,,,,,1,AS,clippty01
741,Trevor Rosenthal,24,STL,NL,72,0,0,70.1,12,3,8,1,1,.917,,,-1,-3,1.41,1.71,0.15,1.71,,,,,,,1,,rosentr01
742,Jamey Wright,39,LAD,NL,61,1,0,70.1,17,5,12,0,0,1.000,,,-1,-3,2.18,1.71,0.28,1.71,,,,,,,1,,wrighja01
743,Juan Centeno,24,NYM,NL,9,8,7,70.0,69,63,4,2,0,.971,-1,-17,-2,-34,8.61,8.41,7.44,8.39,1,5,5,1,16.7,0,/2H,,centeju01
744,Brandon Cumpton,25,PIT,NL,16,10,0,70.0,12,4,8,0,1,1.000,,,1,3,1.54,1.72,0.75,1.71,,,,,,,1,,cumptbr01
745,Kelvin Herrera,24,KCR,AL,70,0,0,70.0,13,5,8,0,0,1.000,,,0,0,1.67,1.47,0.19,1.46,,,,,,,1,,herreke01
746,Cody Allen,25,CLE,AL,76,0,0,69.2,4,2,2,0,0,1.000,,,0,0,0.52,1.46,0.05,1.46,,,,,,,1,,allenco01
747,Andrew Brown,29,NYM,NL,12,7,3,69.2,14,14,0,0,0,1.000,1,19,0,0,1.81,2.12,1.17,2.11,,,,,,,/7H9D,,brownan02
748,Brandon Maurer,23,SEA,AL,38,7,0,69.2,7,2,5,0,0,1.000,,,0,0,0.90,1.46,0.18,1.46,,,,,,,1,,maurebr01
749,Jimmy Nelson,25,MIL,NL,14,12,0,69.1,9,2,6,1,1,.889,,,-3,-9,1.04,1.71,0.57,1.71,,,,,,,1,,nelsoji02
750,Tsuyoshi Wada,33,CHC,NL,13,13,0,69.1,12,4,8,0,0,1.000,,,2,6,1.56,1.71,0.92,1.71,,,,,,,1,,wadats01
751,Brooks Conrad,34,SDP,NL,10,9,5,69.0,32,17,15,0,5,1.000,-1,-10,-2,-35,4.17,4.66,3.20,4.65,,,,,,,4/H,,conrabr01
752,Justin Grimm,25,CHC,NL,73,0,0,69.0,10,4,6,0,0,1.000,,,-1,-3,1.30,1.72,0.14,1.71,,,,,,,1,,grimmju01
753,Joc Pederson,22,LAD,NL,12,3,3,69.0,16,16,0,0,0,1.000,2,30,1,17,2.09,2.13,1.33,2.11,,,,,,,H/897,,pederjo01
754,Drew Pomeranz,25,OAK,AL,20,10,0,69.0,9,1,8,0,0,1.000,,,0,0,1.17,1.46,0.45,1.46,,,,,,,1,,pomerdr01
755,Tommy Kahnle,24,COL,NL,54,0,0,68.2,15,8,5,2,1,.867,,,-1,-3,1.70,1.72,0.24,1.71,,,,,,,1,,kahnlto01
756,Aaron Loup,26,TOR,AL,71,0,0,68.2,21,3,17,1,2,.952,,,1,3,2.62,1.45,0.28,1.46,,,,,,,1,,loupaa01
757,Darren O'Day,31,BAL,AL,68,0,0,68.2,16,4,11,1,0,.938,,,0,0,1.97,1.45,0.22,1.46,,,,,,,1,,odayda01
758,Francisco Rodríguez,32,MIL,NL,69,0,0,68.0,9,4,5,0,0,1.000,,,0,0,1.19,1.72,0.13,1.71,,,,,,,1,AS,rodrifr03
759,Daniel Webb,24,CHW,AL,57,0,0,67.2,13,3,7,3,0,.769,,,-2,-6,1.33,1.46,0.18,1.46,,,,,,,1,,webbda01
760,Pat Neshek,33,STL,NL,71,0,0,67.1,10,2,8,0,0,1.000,,,1,3,1.34,1.72,0.14,1.71,,,,,,,1,AS,neshepa01
761,Dean Anna,27,NYY,AL,12,7,5,67.0,25,5,19,1,1,.960,0,-2,2,36,3.22,4.11,1.85,3.92,,,,,,,/641,,annade01
762,Brad Ziegler,34,ARI,NL,68,0,0,67.0,24,6,16,2,2,.917,,,2,6,2.96,1.72,0.32,1.71,,,,,,,1,,zieglbr01
763,Neal Cotts,34,TEX,AL,73,0,0,66.2,10,3,7,0,0,1.000,,,1,3,1.35,1.46,0.14,1.46,,,,,,,1,,cottsne01
764,Ronald Belisario,31,CHW,AL,62,0,0,66.1,11,2,9,0,0,1.000,,,-2,-6,1.49,1.47,0.18,1.46,,,,,,,1,,belisro01
765,Dominic Leone,22,SEA,AL,57,0,0,66.1,8,3,5,0,0,1.000,,,0,0,1.09,1.47,0.14,1.46,,,,,,,1,,leonedo01
766,Jean Machi,32,SFG,NL,71,0,0,66.1,22,2,18,2,4,.909,,,3,9,2.71,1.72,0.28,1.71,,,,,,,1,,machije01
767,Jonathan Papelbon,33,PHI,NL,66,0,0,66.1,6,3,3,0,0,1.000,,,-1,-3,0.81,1.72,0.09,1.71,,,,,,,1,,papeljo01
768,Fernando Rodney,37,SEA,AL,69,0,0,66.1,10,3,6,1,0,.900,,,-2,-6,1.22,1.47,0.13,1.46,,,,,,,1,AS,rodnefe01
769,Will Smith,24,MIL,NL,78,0,0,65.2,8,0,7,1,0,.875,,,-1,-3,0.96,1.73,0.09,1.71,,,,,,,1,,smithwi04
770,Steve Cishek,28,MIA,NL,67,0,0,65.1,9,2,5,2,0,.778,,,-2,-6,0.96,1.72,0.10,1.71,,,,,,,1,,cishest01
771,Kenley Jansen,26,LAD,NL,68,0,0,65.1,9,6,2,1,1,.889,,,-1,-3,1.10,1.72,0.12,1.71,,,,,,,1,,janseke01
772,Dale Thayer,33,SDP,NL,70,0,0,65.1,8,2,6,0,0,1.000,,,-2,-6,1.10,1.72,0.11,1.71,,,,,,,1,,thayeda01
773,Jason Bourgeois,32,CIN,NL,10,7,6,65.0,14,12,1,1,0,.929,0,4,3,55,1.80,2.12,1.30,2.11,,,,,,,H/789,,bourgja01
774,Kevin Jepsen,29,LAA,AL,74,0,0,65.0,15,3,11,1,1,.933,,,2,6,1.94,1.45,0.19,1.46,,,,,,,1,,jepseke01
775,Adam Ottavino,28,COL,NL,75,0,0,65.0,8,2,6,0,0,1.000,,,0,0,1.11,1.72,0.11,1.71,,,,,,,1,,ottavad01
776,Matt Belisle,34,COL,NL,66,1,0,64.2,19,6,12,1,1,.947,,,2,6,2.51,1.73,0.27,1.71,,,,,,,1,,belisma01
777,Brad Boxberger,26,TBR,AL,63,0,0,64.2,6,1,5,0,0,1.000,,,-1,-3,0.84,1.46,0.10,1.46,,,,,,,1,,boxbebr01
778,André Rienzo,25,CHW,AL,18,11,0,64.2,17,7,7,3,0,.824,,,-2,-6,1.95,1.46,0.78,1.46,,,,,,,1/H,,rienzan01
779,Jared Hughes,28,PIT,NL,63,0,0,64.1,24,5,18,1,2,.958,,,3,9,3.22,1.72,0.37,1.71,,,,,,,1,,hugheja02
780,Roger Kieschnick,27,ARI,NL,8,7,6,64.1,12,11,0,1,0,.917,-1,-13,-1,-19,1.54,2.11,1.38,2.11,,,,,,,H/79,,kiescro01
781,David Robertson,29,NYY,AL,63,0,0,64.1,9,5,4,0,0,1.000,,,-1,-3,1.26,1.45,0.14,1.46,,,,,,,1,,roberda08
782,Tim Stauffer,32,SDP,NL,44,3,0,64.1,12,7,5,0,2,1.000,,,0,0,1.68,1.72,0.27,1.71,,,,,,,1,,staufti01
783,Michael Taylor,28,CHW,AL,8,7,5,64.1,15,13,2,0,0,1.000,1,21,1,19,2.10,2.25,1.88,2.25,,,,,,,/7HD,,taylomi01
784,Koji Uehara,39,BOS,AL,64,0,0,64.1,10,3,7,0,0,1.000,,,0,0,1.40,1.45,0.16,1.46,,,,,,,1,AS,ueharko01
785,Bryan Morris,27,2TM,NL,60,0,0,64.1,11,2,8,1,0,.909,,,1,3,1.40,1.72,0.17,1.71,,,,,,,1,,morribr01
785,Bryan Morris,27,PIT,NL,21,0,0,23.2,8,0,8,0,0,1.000,,,2,17,3.04,1.71,0.38,1.71,,,,,,,1,,morribr01
785,Bryan Morris,27,MIA,NL,39,0,0,40.2,3,2,0,1,0,.667,,,-1,-5,0.44,1.73,0.05,1.71,,,,,,,1,,morribr01
786,Antonio Bastardo,28,PHI,NL,67,0,0,64.0,3,1,1,1,0,.667,,,-2,-6,0.28,1.72,0.03,1.71,,,,,,,1,,bastaan01
787,Jared Burton,33,MIN,AL,68,0,0,64.0,10,4,6,0,0,1.000,,,-2,-6,1.41,1.46,0.15,1.46,,,,,,,1,,burtoja01
788,AJ Ramos,27,MIA,NL,68,0,0,64.0,8,2,6,0,0,1.000,,,-1,-3,1.13,1.72,0.12,1.71,,,,,,,1,,ramosaj01
789,Eli Whiteside,34,CHC,NL,8,7,6,64.0,52,49,3,0,1,1.000,-1,-19,-2,-38,7.31,8.41,6.50,8.39,1,1,5,0,0.0,0,/2,,whiteel03
790,Chris Getz,30,TOR,AL,10,6,5,63.2,30,8,22,0,1,1.000,0,8,1,19,4.24,4.61,3.00,4.60,,,,,,,4/H,,getzch01
791,J.C. Gutiérrez,30,SFG,NL,61,0,0,63.2,9,5,4,0,0,1.000,,,-3,-9,1.27,1.72,0.15,1.71,,,,,,,1,,gutieju01
792,Jeremy Hellickson,27,TBR,AL,13,13,0,63.2,11,3,7,1,2,.909,,,-1,-3,1.41,1.46,0.77,1.46,,,,,,,1,,hellije01
793,Jhoulys Chacín,26,COL,NL,11,11,0,63.1,13,2,10,1,1,.923,,,1,3,1.71,1.72,1.09,1.71,,,,,,,1/H,,chacijh01
794,Tony Cingrani,24,CIN,NL,13,11,0,63.1,4,0,3,1,0,.750,,,0,0,0.43,1.72,0.23,1.71,,,,,,,1,,cingrto01
795,Casey Fien,30,MIN,AL,73,0,0,63.1,15,6,9,0,1,1.000,,,0,0,2.13,1.46,0.21,1.46,,,,,,,1,,fienca01
796,Joel Peralta,38,TBR,AL,69,0,0,63.1,7,2,5,0,0,1.000,,,0,0,0.99,1.46,0.10,1.46,,,,,,,1,,peraljo01
797,Héctor Rondón,26,CHC,NL,64,0,0,63.1,19,9,10,0,1,1.000,,,1,3,2.70,1.72,0.30,1.71,,,,,,,1,,rondohe01
798,Joba Chamberlain,28,DET,AL,69,0,0,63.0,11,8,3,0,0,1.000,,,-2,-6,1.57,1.46,0.16,1.46,,,,,,,1,,chambjo03
799,Ross Detwiler,28,WSN,NL,47,0,0,63.0,14,4,10,0,1,1.000,,,-2,-6,2.00,1.71,0.30,1.71,,,,,,,1,,detwiro01
800,Pete Kozma,26,STL,NL,13,6,5,63.0,44,19,25,0,7,1.000,2,40,-1,-19,6.29,4.53,3.14,4.44,,,,,,,/64H,,kozmape01
801,Brandon League,31,LAD,NL,63,0,0,63.0,17,4,10,3,3,.824,,,-3,-10,2.00,1.71,0.22,1.71,,,,,,,1,,leagubr01
802,Junichi Tazawa,28,BOS,AL,71,0,0,63.0,10,1,6,3,2,.700,,,1,3,1.00,1.46,0.10,1.46,,,,,,,1,,tazawju01
803,Sean Doolittle,27,OAK,AL,61,0,0,62.2,5,1,4,0,0,1.000,,,0,0,0.72,1.46,0.08,1.46,,,,,,,1/H,AS,doolise01
804,J.J. Hoover,26,CIN,NL,54,0,0,62.2,7,5,2,0,0,1.000,,,-2,-6,1.01,1.72,0.13,1.71,,,,,,,1,,hoovejj01
805,Grant Balfour,36,TBR,AL,65,0,0,62.1,6,1,5,0,0,1.000,,,-2,-6,0.87,1.46,0.09,1.46,,,,,,,1,,balfogr01
806,Brad Brach,28,BAL,AL,46,0,0,62.1,11,2,6,3,1,.727,,,-1,-3,1.16,1.46,0.17,1.46,,,,,,,1,,brachbr01
807,Greg Holland,28,KCR,AL,65,0,0,62.1,9,4,5,0,0,1.000,,,-1,-3,1.30,1.46,0.14,1.46,,,,,,,1,ASCYA-9MVP-16,hollagr01
808,Andrew Miller,29,2TM,AL,73,0,0,62.1,9,0,8,1,0,.889,,,0,0,1.16,1.46,0.11,1.46,,,,,,,1,,millean01
808,Andrew Miller,29,BOS,AL,50,0,0,42.1,9,0,8,1,0,.889,,,0,0,1.70,1.47,0.16,1.46,,,,,,,1,,millean01
808,Andrew Miller,29,BAL,AL,23,0,0,20.0,0,0,0,0,0,,,,0,0,0.00,1.44,0.00,1.46,,,,,,,1,,millean01
809,Brennan Boesch,29,LAA,AL,12,6,2,62.0,15,14,0,1,0,.933,0,-6,-1,-19,2.03,2.26,1.17,2.25,,,,,,,D/9H78,,boescbr01
810,Jeanmar Gómez,26,PIT,NL,44,0,0,62.0,14,5,8,1,0,.929,,,0,0,1.89,1.71,0.30,1.71,,,,,,,1,,gomezje01
811,Rafael Soriano,34,WSN,NL,64,0,0,62.0,6,2,4,0,1,1.000,,,0,0,0.87,1.71,0.09,1.71,,,,,,,1,,soriara01
812,Craig Kimbrel,26,ATL,NL,63,0,0,61.2,10,4,6,0,0,1.000,,,0,0,1.46,1.72,0.16,1.71,,,,,,,1,ASCYA-9,kimbrcr01
813,Glen Perkins,31,MIN,AL,63,0,0,61.2,10,2,8,0,0,1.000,,,2,6,1.46,1.46,0.16,1.46,,,,,,,1,AS,perkigl01
814,Robbie Erlin,23,SDP,NL,13,11,0,61.1,8,3,5,0,0,1.000,,,0,0,1.17,1.72,0.62,1.71,,,,,,,1,,erlinro01
815,J.T. Realmuto,23,MIA,NL,9,7,4,61.1,55,51,3,1,1,.982,0,0,-1,-20,7.92,8.41,6.00,8.39,0,2,4,1,20.0,0,/2H,,realmjt01
816,David Carpenter,28,ATL,NL,65,0,0,61.0,11,5,5,1,0,.909,,,-1,-3,1.48,1.73,0.15,1.71,,,,,,,1,,carpeda01
817,Pedro Strop,29,CHC,NL,65,0,0,61.0,6,3,3,0,1,1.000,,,-1,-3,0.89,1.73,0.09,1.71,,,,,,,1,,stroppe01
818,Tommy Hunter,27,BAL,AL,60,0,0,60.2,14,5,7,2,1,.857,,,1,3,1.78,1.45,0.20,1.46,,,,,,,1,,hunteto02
819,Yohan Pino,30,MIN,AL,11,11,0,60.1,12,6,6,0,0,1.000,,,-1,-3,1.79,1.46,1.09,1.46,,,,,,,1,,pinoyo01
820,Edward Mujica,30,BOS,AL,64,0,0,60.0,10,3,6,1,0,.900,,,0,0,1.35,1.46,0.14,1.46,,,,,,,1,,mujiced01
821,Xavier Nady,35,SDP,NL,13,6,4,60.0,11,11,0,0,0,1.000,-1,-28,0,0,1.65,2.24,0.85,2.66,,,,,,,H/973,,nadyxa01
822,Yorman Rodríguez,21,CIN,NL,8,7,6,60.0,12,12,0,0,0,1.000,1,24,0,0,1.80,2.12,1.50,2.11,,,,,,,/9H78,,rodriyo01
823,Justin Wilson,26,PIT,NL,70,0,0,60.0,5,1,3,1,0,.800,,,-3,-10,0.60,1.73,0.06,1.71,,,,,,,1,,wilsoju10
824,Addison Reed,25,ARI,NL,62,0,0,59.1,4,2,1,1,0,.750,,,-3,-10,0.46,1.71,0.05,1.71,,,,,,,1,,reedad01
825,Huston Street,30,2TM,2LG,61,0,0,59.1,10,5,5,0,1,1.000,,,0,0,1.52,1.61,0.16,1.60,,,,,,,1,AS,streehu01
825,Huston Street,30,SDP,NL,33,0,0,33.0,7,3,4,0,0,1.000,,,0,0,1.91,1.72,0.21,1.71,,,,,,,1,,streehu01
825,Huston Street,30,LAA,AL,28,0,0,26.1,3,2,1,0,1,1.000,,,0,0,1.03,1.47,0.11,1.46,,,,,,,1,,streehu01
826,Aaron Crow,27,KCR,AL,67,0,0,59.0,12,6,6,0,0,1.000,,,1,3,1.83,1.46,0.18,1.46,,,,,,,1,,crowaa01
827,Yohan Flande,28,COL,NL,16,10,0,59.0,14,6,8,0,0,1.000,,,-2,-7,2.14,1.72,0.88,1.71,,,,,,,1,,flandyo01
828,Mike Morin,23,LAA,AL,60,0,0,59.0,12,5,6,1,0,.917,,,0,0,1.68,1.46,0.18,1.46,,,,,,,1,,morinmi01
829,Josh Satin,29,NYM,NL,8,7,3,59.0,54,50,4,0,4,1.000,1,18,-1,-20,8.24,9.06,6.00,8.52,,,,,,,H/35,,satinjo01
830,Justin Sellers,28,CLE,AL,17,5,5,59.0,25,9,16,0,4,1.000,0,8,-1,-20,3.81,3.98,1.47,3.89,,,,,,,/465H,,selleju01
831,Allen Webster,24,BOS,AL,11,11,0,59.0,13,8,5,0,0,1.000,,,-1,-3,1.98,1.46,1.18,1.46,,,,,,,1,,webstal01
832,David Huff,29,2TM,2LG,46,0,0,59.0,16,5,10,1,0,.938,,,1,3,2.29,1.54,0.33,1.55,,,,,,,1/H,,huffda01
832,David Huff,29,SFG,NL,16,0,0,20.0,3,1,1,1,0,.667,,,0,0,0.90,1.71,0.13,1.71,,,,,,,1/H,,huffda01
832,David Huff,29,NYY,AL,30,0,0,39.0,13,4,9,0,0,1.000,,,1,5,3.00,1.45,0.43,1.46,,,,,,,1,,huffda01
833,Zach Duke,31,MIL,NL,74,0,0,58.2,12,2,10,0,1,1.000,,,1,3,1.84,1.72,0.16,1.71,,,,,,,1,,dukeza01
834,T.J. McFarland,25,BAL,AL,37,1,0,58.2,14,3,10,1,0,.929,,,-1,-3,1.99,1.46,0.35,1.46,,,,,,,1,,mcfartj01
835,Óliver Pérez,32,ARI,NL,68,0,0,58.2,7,1,5,1,0,.857,,,-2,-7,0.92,1.72,0.09,1.71,,,,,,,1,,perezol01
836,Fernando Salas,29,LAA,AL,57,0,0,58.2,13,6,7,0,1,1.000,,,1,3,1.99,1.46,0.23,1.46,,,,,,,1,,salasfe01
837,Jonathan Broxton,30,2TM,NL,62,0,0,58.2,14,2,12,0,1,1.000,,,1,3,2.15,1.72,0.23,1.71,,,,,,,1,,broxtjo01
837,Jonathan Broxton,30,CIN,NL,51,0,0,48.1,12,2,10,0,1,1.000,,,1,4,2.23,1.71,0.24,1.71,,,,,,,1,,broxtjo01
837,Jonathan Broxton,30,MIL,NL,11,0,0,10.1,2,0,2,0,0,1.000,,,0,0,1.74,1.74,0.18,1.71,,,,,,,1,,broxtjo01
838,Santiago Casilla,33,SFG,NL,54,0,0,58.1,13,3,9,1,2,.923,,,3,10,1.85,1.71,0.22,1.71,,,,,,,1,,garcija01
839,Brandon Kintzler,29,MIL,NL,64,0,0,58.1,22,9,13,0,1,1.000,,,3,10,3.39,1.71,0.34,1.71,,,,,,,1,,kintzbr01
840,Phil Coke,31,DET,AL,62,0,0,58.0,6,1,5,0,0,1.000,,,-2,-7,0.93,1.46,0.10,1.46,,,,,,,1,,cokeph01
841,Joe Nathan,39,DET,AL,62,0,0,58.0,12,6,6,0,0,1.000,,,0,0,1.86,1.46,0.19,1.46,,,,,,,1,,nathajo01
842,Sergio Romo,31,SFG,NL,64,0,0,58.0,11,3,7,1,0,.909,,,1,3,1.55,1.72,0.16,1.71,,,,,,,1,,romose01
843,James Russell,28,2TM,NL,66,1,0,57.2,8,2,6,0,0,1.000,,,0,0,1.25,1.72,0.12,1.71,,,,,,,1,,russeja02
843,James Russell,28,CHC,NL,44,0,0,33.1,8,2,6,0,0,1.000,,,0,0,2.16,1.73,0.18,1.71,,,,,,,1,,russeja02
843,James Russell,28,ATL,NL,22,1,0,24.1,0,0,0,0,0,,,,0,0,0.00,1.70,0.00,1.71,,,,,,,1,,russeja02
844,Fernando Abad,28,OAK,AL,69,0,0,57.1,8,0,8,0,0,1.000,,,4,14,1.26,1.46,0.12,1.46,,,,,,,1,,abadfe01
845,Al Alburquerque,28,DET,AL,72,0,0,57.1,9,4,5,0,1,1.000,,,-2,-7,1.41,1.46,0.13,1.46,,,,,,,1,,albural01
846,Jerry Blevins,30,WSN,NL,64,0,0,57.1,7,1,6,0,0,1.000,,,1,3,1.10,1.73,0.11,1.71,,,,,,,1,,blevije01
847,Miles Mikolas,25,TEX,AL,10,10,0,57.1,12,5,5,2,1,.833,,,-2,-7,1.57,1.46,1.00,1.46,,,,,,,1,,mikolmi01
848,Mike Dunn,29,MIA,NL,75,0,0,57.0,9,2,6,1,0,.889,,,-1,-4,1.26,1.72,0.11,1.71,,,,,,,1,,dunnmi01
849,Koyie Hill,35,PHI,NL,10,6,6,57.0,45,42,3,0,0,1.000,-1,-21,-1,-21,7.11,8.42,4.50,8.39,0,4,7,1,12.5,0,2,,hillko01
850,Dan Johnson,34,TOR,AL,8,6,6,57.0,49,44,4,1,2,.980,-2,-46,0,0,7.58,8.97,6.00,8.94,,,,,,,/3DH,,johnsda06
851,Yoervis Medina,25,SEA,AL,66,0,0,57.0,8,1,6,1,0,.875,,,-1,-4,1.11,1.45,0.11,1.46,,,,,,,1,,medinyo01
852,Sam LeCure,30,CIN,NL,62,0,0,56.2,5,3,2,0,0,1.000,,,0,0,0.79,1.72,0.08,1.71,,,,,,,1,,lecursa01
853,Rex Brothers,26,COL,NL,74,0,0,56.1,9,1,8,0,0,1.000,,,1,4,1.44,1.73,0.12,1.71,,,,,,,1,,brothre01
854,Brian Schlitter,28,CHC,NL,61,0,0,56.1,19,4,15,0,1,1.000,,,1,4,3.04,1.73,0.31,1.71,,,,,,,1,,schlibr01
855,Drew Storen,26,WSN,NL,65,0,0,56.1,10,2,8,0,0,1.000,,,0,0,1.60,1.73,0.15,1.71,,,,,,,1,,storedr01
856,Bryce Brentz,25,BOS,AL,8,6,5,56.0,14,14,0,0,0,1.000,3,58,0,0,2.25,2.27,1.75,2.25,,,,,,,/79H,,brentbr01
857,Chris Hatcher,29,MIA,NL,52,0,0,56.0,10,6,4,0,0,1.000,,,0,0,1.61,1.72,0.19,1.71,,,,,,,1,,hatchch02
858,Cory Rasmus,26,LAA,AL,30,6,0,56.0,12,3,8,1,1,.917,,,-1,-4,1.77,1.46,0.37,1.46,,,,,,,1,,rasmuco02
859,Miguel Olivo,35,LAD,NL,8,6,6,55.2,52,47,4,1,1,.981,-1,-22,-1,-22,8.25,8.41,6.38,8.39,0,4,2,1,33.3,0,/2,,olivomi01
860,Jeremy Affeldt,35,SFG,NL,62,0,0,55.1,20,0,20,0,2,1.000,,,4,14,3.25,1.72,0.32,1.71,,,,,,,1,,affelje01
861,Ryan Roberts,33,BOS,AL,8,7,1,55.0,14,3,10,1,1,.929,-1,-11,1,22,2.13,2.55,1.63,2.55,,,,,,,/5H,,roberry01
862,Nick Vincent,27,SDP,NL,63,0,0,55.0,12,2,9,1,1,.917,,,0,0,1.80,1.72,0.17,1.71,,,,,,,1,,vinceni01
863,Christian Bergman,26,COL,NL,10,10,0,54.2,11,5,6,0,0,1.000,,,1,4,1.81,1.73,1.10,1.71,,,,,,,1,,bergmch01
864,Josh Fields,28,HOU,AL,54,0,0,54.2,2,2,0,0,0,1.000,,,-3,-11,0.33,1.47,0.04,1.46,,,,,,,1,,fieldjo03
865,Zach Putnam,26,CHW,AL,49,0,0,54.2,7,3,4,0,0,1.000,,,-1,-4,1.15,1.47,0.14,1.46,,,,,,,1,,putnaza01
866,Anthony Varvaro,29,ATL,NL,61,0,0,54.2,5,1,4,0,0,1.000,,,-2,-7,0.82,1.73,0.08,1.71,,,,,,,1,,varvaan01
867,John Axford,31,2TM,2LG,62,0,0,54.2,8,2,6,0,0,1.000,,,0,0,1.32,1.51,0.13,1.51,,,,,,,1,,axforjo01
867,John Axford,31,CLE,AL,49,0,0,43.2,4,0,4,0,0,1.000,,,0,0,0.82,1.46,0.08,1.46,,,,,,,1,,axforjo01
867,John Axford,31,PIT,NL,13,0,0,11.0,4,2,2,0,0,1.000,,,0,0,3.27,1.72,0.31,1.71,,,,,,,1,,axforjo01
868,Joaquin Benoit,36,SDP,NL,53,0,0,54.1,5,0,5,0,0,1.000,,,-1,-4,0.83,1.72,0.09,1.71,,,,,,,1,,benoijo01
869,Craig Breslow,33,BOS,AL,60,0,0,54.1,7,3,4,0,0,1.000,,,0,0,1.16,1.46,0.12,1.46,,,,,,,1,,breslcr01
870,Brian Duensing,31,MIN,AL,62,0,0,54.1,9,1,8,0,1,1.000,,,1,4,1.49,1.46,0.15,1.46,,,,,,,1,,duensbr01
871,Gavin Floyd,31,ATL,NL,9,9,0,54.1,13,3,9,1,1,.923,,,0,0,1.99,1.72,1.33,1.71,,,,,,,/1,,floydga01
872,LaTroy Hawkins,41,COL,NL,57,0,0,54.1,11,5,5,1,1,.909,,,-2,-7,1.66,1.72,0.18,1.71,,,,,,,1,,hawkila01
873,Kevin Quackenbush,25,SDP,NL,56,0,0,54.1,8,3,5,0,0,1.000,,,0,0,1.33,1.72,0.14,1.71,,,,,,,1,,quackke01
874,Aroldis Chapman,26,CIN,NL,54,0,0,54.0,3,1,2,0,0,1.000,,,0,0,0.50,1.72,0.06,1.71,,,,,,,1,AS,chapmar01
875,Matt Clark,27,MIL,NL,9,7,2,54.0,55,51,3,1,5,.982,0,-9,0,0,9.00,9.28,6.00,9.27,,,,,,,/3H,,clarkma02
876,Héctor Gómez,26,MIL,NL,13,4,2,54.0,23,4,18,1,3,.957,2,36,2,44,3.67,3.65,1.57,3.56,,,,,,,/65H4,,gomezhe01
877,Alex Torres,26,SDP,NL,70,0,0,54.0,13,3,8,2,1,.846,,,1,4,1.83,1.72,0.16,1.71,,,,,,,1,,torreal01
878,Jason Grilli,37,2TM,2LG,62,0,0,54.0,9,2,7,0,2,1.000,,,1,4,1.50,1.57,0.15,1.55,,,,,,,1,,grillja01
878,Jason Grilli,37,PIT,NL,22,0,0,20.1,2,1,1,0,1,1.000,,,1,10,0.89,1.73,0.09,1.71,,,,,,,1,,grillja01
878,Jason Grilli,37,LAA,AL,40,0,0,33.2,7,1,6,0,1,1.000,,,0,0,1.87,1.47,0.18,1.46,,,,,,,1,,grillja01
879,Brett Cecil,27,TOR,AL,66,0,0,53.1,5,0,5,0,0,1.000,,,0,0,0.84,1.45,0.08,1.46,,,,,,,1,,cecilbr01
880,Jim Johnson,31,2TM,AL,54,0,0,53.1,11,4,6,1,0,.909,,,-3,-11,1.69,1.45,0.19,1.46,,,,,,,1,,johnsji04
880,Jim Johnson,31,OAK,AL,38,0,0,40.1,6,2,3,1,0,.833,,,-3,-15,1.12,1.45,0.13,1.46,,,,,,,1,,johnsji04
880,Jim Johnson,31,DET,AL,16,0,0,13.0,5,2,3,0,0,1.000,,,0,0,3.46,1.45,0.31,1.46,,,,,,,1,,johnsji04
881,Justin De Fratus,26,PHI,NL,54,0,0,52.2,5,1,2,2,0,.600,,,-3,-11,0.51,1.73,0.06,1.71,,,,,,,1,,defraju01
882,Mike Bolsinger,26,ARI,NL,10,9,0,52.1,16,5,11,0,0,1.000,,,1,4,2.75,1.72,1.60,1.71,,,,,,,1,,bolsimi01
883,Dan Straily,25,2TM,2LG,14,8,0,52.0,4,0,4,0,0,1.000,,,-1,-4,0.69,1.52,0.29,1.59,,,,,,,1,,straida01
883,Dan Straily,25,OAK,AL,7,7,0,38.1,3,0,3,0,0,1.000,,,-1,-5,0.70,1.46,0.43,1.46,,,,,,,/1,,straida01
883,Dan Straily,25,CHC,NL,7,1,0,13.2,1,0,1,0,0,1.000,,,0,0,0.66,1.71,0.14,1.71,,,,,,,/1,,straida01
884,José Fernández,21,MIA,NL,8,8,0,51.2,7,4,3,0,0,1.000,,,2,8,1.22,1.72,0.88,1.71,,,,,,,/1,,fernajo02
885,Shawn Kelley,30,NYY,AL,59,0,0,51.2,10,6,4,0,1,1.000,,,1,4,1.74,1.46,0.17,1.46,,,,,,,1,,kellesh01
886,Brian Matusz,27,BAL,AL,63,0,0,51.2,7,1,6,0,0,1.000,,,0,0,1.22,1.46,0.11,1.46,,,,,,,1,,matusbr01
887,Martín Pérez,23,TEX,AL,8,8,2,51.1,6,1,5,0,1,1.000,,,0,0,1.05,1.46,0.75,1.46,,,,,,,/1,,perezma02
888,Chad Qualls,35,HOU,AL,58,0,0,51.1,12,4,8,0,0,1.000,,,-1,-4,2.10,1.46,0.21,1.46,,,,,,,1,,quallch01
889,Jeff Francoeur,30,SDP,NL,7,6,4,51.0,14,13,0,1,0,.929,-2,-47,0,0,2.29,2.12,1.86,2.11,,,,,,,/9H,,francje02
890,Tony Sipp,30,HOU,AL,56,0,0,51.0,8,4,4,0,0,1.000,0,0,0,0,1.41,1.46,0.14,1.49,,,,,,,1/79,,sippto01
891,Blake Treinen,26,WSN,NL,15,7,0,50.2,19,6,12,1,0,.947,,,-2,-8,3.20,1.72,1.20,1.71,,,,,,,1,,treinbl01
892,Ryan Cook,27,OAK,AL,54,0,0,50.0,11,3,8,0,1,1.000,,,2,8,1.98,1.46,0.20,1.46,,,,,,,1,,cookry01
893,Jordan Walden,26,ATL,NL,58,0,0,50.0,7,4,3,0,0,1.000,,,-2,-8,1.26,1.73,0.12,1.71,,,,,,,1,,waldejo01
894,Evan Marshall,24,ARI,NL,57,0,0,49.1,11,2,8,1,2,.909,,,1,4,1.82,1.71,0.18,1.71,,,,,,,1,,marshev01
895,Ryan Webb,28,BAL,AL,51,0,0,49.1,8,2,6,0,0,1.000,,,0,0,1.46,1.46,0.16,1.46,,,,,,,1,,webbry01
896,Dan Butler,27,BOS,AL,7,5,4,49.0,44,41,2,1,0,.977,-1,-24,-1,-24,7.90,8.25,6.14,8.21,2,0,3,0,0.0,0,/2,,butleda01
897,J.P. Howell,31,LAD,NL,68,0,0,49.0,20,5,15,0,1,1.000,,,2,8,3.67,1.73,0.29,1.71,,,,,,,1,,howeljp01
898,Christian Walker,23,BAL,AL,6,6,4,49.0,48,45,2,1,5,.979,0,-7,-1,-24,8.63,8.96,7.83,8.93,,,,,,,/3,,walkech02
899,Matt McBride,29,COL,NL,8,5,4,48.2,33,31,2,0,7,1.000,0,-2,3,74,6.10,6.25,3.67,6.09,,,,,,,H/397,,mcbrima02
900,Bruce Chen,37,KCR,AL,13,7,0,48.1,9,4,4,1,0,.889,,,0,0,1.49,1.45,0.62,1.46,,,,,,,1,,chenbr01
901,Caleb Gindl,25,MIL,NL,6,6,4,48.1,11,11,0,0,0,1.000,-2,-37,-1,-25,2.05,2.12,1.83,2.12,,,,,,,/9H,,gindlca01
902,Brian Wilson,32,LAD,NL,61,0,0,48.1,3,1,1,1,0,.667,,,-3,-12,0.37,1.71,0.03,1.71,,,,,,,1,,wilsobr01
903,Wesley Wright,29,CHC,NL,58,0,0,48.1,14,2,12,0,0,1.000,,,3,12,2.61,1.71,0.24,1.71,,,,,,,1,,wrighwe01
904,Andrew Lambo,25,PIT,NL,7,6,4,48.0,16,16,0,0,1,1.000,2,58,1,25,3.00,2.87,2.29,3.14,,,,,,,H/93,,lamboan01
905,Caleb Thielbar,27,MIN,AL,54,0,0,47.2,10,2,7,1,0,.900,,,2,8,1.70,1.45,0.17,1.46,,,,,,,1,,thielca01
906,Jason Frasor,36,2TM,AL,61,0,0,47.1,4,1,3,0,2,1.000,,,-1,-4,0.76,1.46,0.07,1.46,,,,,,,1,,frasoja01
906,Jason Frasor,36,TEX,AL,38,0,0,29.2,2,0,2,0,1,1.000,,,1,7,0.61,1.46,0.05,1.46,,,,,,,1,,frasoja01
906,Jason Frasor,36,KCR,AL,23,0,0,17.2,2,1,1,0,1,1.000,,,-2,-23,1.02,1.48,0.09,1.46,,,,,,,1,,frasoja01
907,Mario Hollands,25,PHI,NL,50,0,0,47.0,8,5,3,0,1,1.000,,,-2,-9,1.53,1.72,0.16,1.71,,,,,,,1,,hollama01
908,Javy Guerra,28,CHW,AL,42,0,0,46.1,10,6,3,1,0,.900,,,-2,-9,1.75,1.46,0.21,1.46,,,,,,,1,,guerrja01
909,Chris Pérez,28,LAD,NL,49,0,0,46.1,5,0,5,0,0,1.000,,,-1,-4,0.97,1.71,0.10,1.71,,,,,,,1,,perezch01
910,Marc Rzepczynski,28,CLE,AL,73,0,0,46.0,9,3,5,1,0,.889,,,-3,-13,1.57,1.47,0.11,1.46,,,,,,,1,,rzepcma01
911,CC Sabathia,33,NYY,AL,8,8,0,46.0,6,1,5,0,0,1.000,,,-3,-13,1.17,1.47,0.75,1.46,,,,,,,/1,,sabatc.01
912,Steven Souza Jr.,25,WSN,NL,13,4,3,46.0,11,10,0,1,0,.909,1,13,0,0,1.96,2.11,0.77,2.11,,,,,,,H/978,,souzast01
913,José Veras,33,2TM,2LG,46,0,0,46.0,5,4,1,0,0,1.000,,,-1,-4,0.98,1.53,0.11,1.52,,,,,,,1,,verasjo01
913,José Veras,33,CHC,NL,12,0,0,13.1,1,1,0,0,0,1.000,,,0,0,0.68,1.69,0.08,1.71,,,,,,,1,,verasjo01
913,José Veras,33,HOU,AL,34,0,0,32.2,4,3,1,0,0,1.000,,,-1,-6,1.10,1.46,0.12,1.46,,,,,,,1,,verasjo01
914,Ken Giles,23,PHI,NL,44,0,0,45.2,4,1,3,0,1,1.000,,,0,0,0.79,1.71,0.09,1.71,,,,,,,1,ROY-4,gileske01
915,Casey Janssen,32,TOR,AL,50,0,0,45.2,9,3,5,1,1,.889,,,-1,-4,1.58,1.46,0.16,1.46,,,,,,,1,,janssca01
916,Trevor May,24,MIN,AL,10,9,0,45.2,2,1,1,0,0,1.000,,,0,0,0.39,1.46,0.20,1.46,,,,,,,1,,maytr01
917,Esmil Rogers,28,2TM,AL,34,1,0,45.2,3,0,3,0,0,1.000,,,-1,-4,0.59,1.48,0.09,1.46,,,,,,,1,,rogeres01
917,Esmil Rogers,28,TOR,AL,16,0,0,20.2,2,0,2,0,0,1.000,,,-1,-10,0.87,1.48,0.13,1.46,,,,,,,1,,rogeres01
917,Esmil Rogers,28,NYY,AL,18,1,0,25.0,1,0,1,0,0,1.000,,,0,0,0.36,1.48,0.06,1.46,,,,,,,1,,rogeres01
918,Joe Beimel,37,SEA,AL,56,0,0,45.0,14,2,11,1,1,.929,,,3,13,2.60,1.46,0.23,1.46,,,,,,,1,,beimejo01
919,Elliot Johnson,30,CLE,AL,6,5,4,45.0,18,9,7,2,2,.889,-2,-61,-1,-27,3.20,3.16,2.67,3.10,,,,,,,/94H5,,johnsel02
920,Nick Masset,32,COL,NL,51,0,0,45.0,11,5,3,3,0,.727,,,-1,-4,1.60,1.72,0.16,1.71,,,,,,,1,,masseni01
921,Rafael Montero,23,NYM,NL,10,8,0,44.1,8,2,6,0,1,1.000,,,2,9,1.62,1.73,0.80,1.71,,,,,,,1,,montera01
922,Joakim Soria,30,2TM,AL,48,0,0,44.1,8,1,6,1,0,.875,,,1,5,1.42,1.46,0.15,1.46,,,,,,,1,,soriajo01
922,Joakim Soria,30,TEX,AL,35,0,0,33.1,7,1,5,1,0,.857,,,1,6,1.62,1.46,0.17,1.46,,,,,,,1,,soriajo01
922,Joakim Soria,30,DET,AL,13,0,0,11.0,1,0,1,0,0,1.000,,,0,0,0.82,1.47,0.08,1.46,,,,,,,1,,soriajo01
923,Jaime García,27,STL,NL,7,7,0,43.2,8,1,7,0,1,1.000,,,2,9,1.65,1.73,1.14,1.71,,,,,,,/1H,,garcija02
924,Neil Ramírez,25,CHC,NL,50,0,0,43.2,4,3,1,0,0,1.000,,,-1,-5,0.82,1.73,0.08,1.71,,,,,,,1,,ramirne01
925,Brett Anderson,26,COL,NL,8,8,0,43.1,5,0,5,0,0,1.000,,,-1,-5,1.04,1.72,0.63,1.71,,,,,,,/1,,anderbr04
926,Luis Avilán,24,ATL,NL,62,0,0,43.1,15,5,10,0,2,1.000,,,1,5,3.12,1.72,0.24,1.71,,,,,,,1,,avilalu01
927,David Ortiz,38,BOS,AL,5,5,5,43.0,39,37,2,0,9,1.000,1,39,-1,-28,8.16,8.98,7.80,8.94,,,,,,,*D/H3,,ortizda01
928,Domingo Santana,21,HOU,AL,5,5,4,43.0,7,6,1,0,0,1.000,-5,-131,-1,-28,1.47,2.26,1.40,2.26,,,,,,,/79H,,santado01
929,Joe Saunders,33,2TM,AL,14,8,0,43.0,9,2,6,1,1,.889,,,-1,-5,1.67,1.44,0.57,1.46,,,,,,,1,,saundjo01
929,Joe Saunders,33,TEX,AL,8,8,0,39.2,8,2,5,1,1,.875,,,-1,-5,1.59,1.45,0.88,1.46,,,,,,,/1,,saundjo01
929,Joe Saunders,33,BAL,AL,6,0,0,3.1,1,0,1,0,0,1.000,,,0,0,2.70,1.35,0.17,1.47,,,,,,,/1,,saundjo01
930,Charlie Furbush,28,SEA,AL,67,0,0,42.1,3,0,3,0,0,1.000,,,-3,-14,0.64,1.47,0.04,1.46,,,,,,,1,,furbuch01
931,Carlos Triunfel,24,LAD,NL,10,4,1,42.1,18,7,9,2,2,.889,-1,-17,-1,-28,3.40,4.29,1.60,4.29,,,,,,,6/H,,triunca01
932,Tyler Collins,24,DET,AL,11,4,3,42.0,14,14,0,0,0,1.000,0,-3,1,29,3.00,2.25,1.27,2.25,,,,,,,/H798D,,collity01
933,Sam Dyson,26,MIA,NL,31,0,0,42.0,13,7,4,2,0,.846,,,-4,-19,2.36,1.71,0.35,1.71,,,,,,,1,,dysonsa01
934,Antoan Richardson,30,NYY,AL,6,5,1,42.0,8,8,0,0,0,1.000,-1,-20,0,0,1.71,2.25,1.33,2.25,,,,,,,/H98D,,richaan01
935,Ernesto Frieri,28,2TM,2LG,48,0,0,41.2,4,1,3,0,0,1.000,,,-1,-5,0.86,1.51,0.08,1.53,,,,,,,1,,frierer01
935,Ernesto Frieri,28,LAA,AL,34,0,0,31.0,3,1,2,0,0,1.000,,,-1,-6,0.87,1.45,0.09,1.46,,,,,,,1,,frierer01
935,Ernesto Frieri,28,PIT,NL,14,0,0,10.2,1,0,1,0,0,1.000,,,0,0,0.84,1.69,0.07,1.71,,,,,,,1,,frierer01
936,Logan Ondrusek,29,CIN,NL,40,0,0,41.0,7,5,2,0,0,1.000,,,0,0,1.54,1.71,0.18,1.71,,,,,,,1,,ondrulo01
937,Aaron Barrett,26,WSN,NL,50,0,0,40.2,7,2,4,1,0,.857,,,0,0,1.33,1.73,0.12,1.71,,,,,,,1,,barreaa01
938,Blaine Boyer,32,SDP,NL,32,0,0,40.1,6,0,6,0,0,1.000,,,0,0,1.34,1.72,0.19,1.71,,,,,,,1,,boyerbl01
939,Dan Jennings,27,MIA,NL,47,0,0,40.1,10,1,8,1,0,.900,,,-1,-5,2.01,1.72,0.19,1.71,,,,,,,1,,jennida01
940,Scott Sizemore,29,NYY,AL,6,5,1,40.0,20,14,6,0,2,1.000,1,15,-1,-30,4.50,3.69,2.86,4.39,,,,,,,/53,,sizemsc01
941,Neftali Soto,25,CIN,NL,9,3,2,40.0,23,21,2,0,0,1.000,0,0,0,0,5.18,7.27,2.56,7.77,,,,,,,H/35D,,sotone01
942,Kyle Lobstein,24,DET,AL,7,6,0,39.1,5,2,3,0,0,1.000,,,-1,-5,1.14,1.46,0.71,1.46,,,,,,,/1,,lobstky01
943,Anthony Ranaudo,24,BOS,AL,7,7,0,39.1,5,2,3,0,0,1.000,,,0,0,1.14,1.46,0.71,1.46,,,,,,,/1,,ranauan01
944,Blaine Hardy,27,DET,AL,38,0,0,39.0,14,5,9,0,0,1.000,,,2,10,3.23,1.45,0.37,1.46,,,,,,,1,,hardybl01
945,Jackson Williams,28,COL,NL,7,4,4,38.2,39,37,2,0,0,1.000,-1,-31,0,0,9.08,8.43,5.57,8.39,0,3,4,0,0.0,0,/2,,willija01
946,Sam Freeman,27,STL,NL,44,0,0,38.0,13,4,9,0,0,1.000,,,3,16,3.08,1.73,0.30,1.71,,,,,,,1,,freemsa01
947,Taijuan Walker,21,SEA,AL,8,5,1,38.0,10,3,7,0,1,1.000,,,1,5,2.37,1.47,1.25,1.46,,,,,,,/1,,walketa01
948,Scott Downs,38,2TM,AL,55,0,0,38.0,7,2,4,1,0,.857,,,1,5,1.42,1.44,0.11,1.46,,,,,,,1,,downssc01
948,Scott Downs,38,CHW,AL,38,0,0,23.2,4,1,2,1,0,.750,,,0,0,1.14,1.45,0.08,1.46,,,,,,,1,,downssc01
948,Scott Downs,38,KCR,AL,17,0,0,14.1,3,1,2,0,0,1.000,,,1,14,1.88,1.44,0.18,1.46,,,,,,,1,,downssc01
949,Javier López,36,SFG,NL,65,0,0,37.2,18,10,7,1,0,.944,,,-1,-5,4.06,1.72,0.26,1.71,,,,,,,1,,lopezja02
950,Kevin Slowey,30,MIA,NL,17,2,0,37.1,10,5,5,0,0,1.000,,,-1,-5,2.41,1.71,0.59,1.71,,,,,,,1,,sloweke01
951,Derek Holland,27,TEX,AL,6,5,0,37.0,4,1,2,1,0,.750,,,-1,-5,0.73,1.46,0.50,1.47,,,,,,,/1,,hollade01
952,Eury De La Rosa,24,ARI,NL,25,0,0,36.2,6,0,6,0,1,1.000,,,0,0,1.47,1.72,0.24,1.71,,,,,,,1,,delareu01
953,Tyler Lyons,26,STL,NL,11,4,0,36.2,10,1,7,2,0,.800,,,1,5,1.96,1.72,0.73,1.71,,,,,,,1,,lyonsty01
954,Manny Parra,31,CIN,NL,53,0,0,36.2,11,5,6,0,1,1.000,,,1,5,2.70,1.72,0.21,1.71,,,,,,,1,,parrama01
955,Randy Choate,38,STL,NL,61,0,0,36.0,9,1,7,1,0,.889,,,-1,-6,2.00,1.73,0.13,1.71,,,,,,,1,,choatra01
956,Chris Dominguez,27,SFG,NL,5,4,3,36.0,12,12,0,0,0,1.000,1,37,0,0,3.00,2.15,2.00,2.18,,,,,,,/7H5,,dominch01
957,Brad Glenn,27,TOR,AL,4,4,3,36.0,8,8,0,0,0,1.000,1,17,-1,-33,2.00,2.25,2.00,2.25,,,,,,,/9DH,,glennbr01
958,Nick Greenwood,26,STL,NL,19,1,0,36.0,17,6,11,0,1,1.000,,,3,17,4.25,1.73,0.89,1.71,,,,,,,1,,greenni02
959,Max Stassi,23,HOU,AL,6,4,2,36.0,28,22,5,1,0,.964,0,0,0,0,6.75,8.25,4.50,8.22,2,1,3,2,40.0,0,/2H,,stassma01
960,Kirby Yates,27,TBR,AL,37,0,0,36.0,5,1,4,0,0,1.000,,,0,0,1.25,1.45,0.14,1.46,,,,,,,1,,yateski01
961,Matt Thornton,37,2TM,2LG,64,0,0,36.0,10,4,6,0,0,1.000,,,-1,-6,2.50,1.55,0.16,1.53,,,,,,,1,,thornma01
961,Matt Thornton,37,NYY,AL,46,0,0,24.2,7,2,5,0,0,1.000,,,-1,-8,2.55,1.46,0.15,1.46,,,,,,,1,,thornma01
961,Matt Thornton,37,WSN,NL,18,0,0,11.1,3,2,1,0,0,1.000,,,0,0,2.38,1.75,0.17,1.71,,,,,,,1,,thornma01
962,Jake Buchanan,24,HOU,AL,17,2,0,35.1,9,2,6,1,1,.889,,,0,0,2.04,1.45,0.47,1.46,,,,,,,1,,buchaja01
963,Kyle Parker,24,COL,NL,6,3,3,35.1,21,19,2,0,2,1.000,0,-10,-1,-34,5.35,5.55,3.50,4.48,,,,,,,H/93,,parkeky01
964,Vic Black,26,NYM,NL,41,0,0,34.2,6,2,3,1,1,.833,,,-1,-6,1.30,1.71,0.12,1.71,,,,,,,1,,blackvi01
965,Jumbo Díaz,30,CIN,NL,36,0,0,34.2,2,1,1,0,0,1.000,,,0,0,0.52,1.71,0.06,1.71,,,,,,,1,,diazju03
966,Darin Downs,29,HOU,AL,45,0,0,34.2,7,2,5,0,0,1.000,,,0,0,1.82,1.45,0.16,1.46,,,,,,,1,,downsda02
967,Marco Gonzales,22,STL,NL,10,5,0,34.2,4,1,3,0,1,1.000,,,1,6,1.04,1.71,0.40,1.71,,,,,,,1,,gonzama02
968,Rob Wooten,28,MIL,NL,40,0,0,34.1,7,5,1,1,0,.857,,,-1,-6,1.57,1.73,0.15,1.71,,,,,,,1,,wootero01
969,Louis Coleman,28,KCR,AL,31,0,0,34.0,7,1,6,0,1,1.000,,,2,12,1.85,1.46,0.23,1.46,,,,,,,1,,colemlo01
970,Brandon Gomes,29,TBR,AL,29,0,0,34.0,3,0,3,0,0,1.000,,,0,0,0.79,1.46,0.10,1.46,,,,,,,1,,gomesbr01
971,Matt Lindstrom,34,CHW,AL,35,0,0,34.0,6,1,4,1,1,.833,,,-3,-18,1.32,1.46,0.14,1.46,,,,,,,1,,lindsma01
972,Brandon Morrow,29,TOR,AL,13,6,0,33.1,6,3,3,0,0,1.000,,,-1,-6,1.62,1.46,0.46,1.46,,,,,,,1,,morrobr01
973,Anthony DeSclafani,24,MIA,NL,13,5,0,33.0,3,1,2,0,0,1.000,,,-2,-12,0.82,1.72,0.23,1.71,,,,,,,1,,desclan01
974,Román Méndez,23,TEX,AL,30,0,0,33.0,6,4,2,0,0,1.000,,,-1,-6,1.64,1.47,0.20,1.46,,,,,,,1,,mendero01
975,Aaron Sanchez,21,TOR,AL,24,0,0,33.0,12,0,11,1,0,.917,,,0,0,3.00,1.47,0.46,1.46,,,,,,,1,,sanchaa01
976,Xavier Scruggs,26,STL,NL,5,3,2,33.0,33,29,3,1,4,.970,-1,-22,1,36,8.73,9.30,6.40,9.28,,,,,,,/3H,,scrugxa01
977,Matt Stites,24,ARI,NL,37,0,0,33.0,6,1,5,0,0,1.000,,,1,6,1.64,1.72,0.16,1.71,,,,,,,1,,stitema01
978,Ian Krol,23,DET,AL,45,0,0,32.2,8,4,4,0,1,1.000,,,1,6,2.20,1.46,0.18,1.46,,,,,,,1,,krolia01
979,Shawn O'Malley,26,LAA,AL,7,2,2,32.2,6,5,1,0,0,1.000,0,4,0,0,1.65,2.53,0.86,2.59,,,,,,,/H749D,,omallsh01
980,Stolmy Pimentel,24,PIT,NL,20,0,0,32.2,1,0,1,0,0,1.000,,,0,0,0.28,1.71,0.05,1.71,,,,,,,1,,pimenst01
981,Liam Hendriks,25,2TM,AL,9,7,0,32.2,3,3,0,0,0,1.000,,,-1,-6,0.83,1.46,0.33,1.47,,,,,,,/1,,hendrli01
981,Liam Hendriks,25,TOR,AL,3,3,0,13.1,1,1,0,0,0,1.000,,,0,0,0.68,1.49,0.33,1.47,,,,,,,/1,,hendrli01
981,Liam Hendriks,25,KCR,AL,6,4,0,19.1,2,2,0,0,0,1.000,,,-1,-10,0.93,1.44,0.33,1.47,,,,,,,/1,,hendrli01
982,Cristhian Adames,22,COL,NL,7,2,2,32.1,24,8,16,0,4,1.000,2,63,1,37,6.68,4.43,3.43,4.40,,,,,,,/64H,,adamecr01
983,Francisley Bueno,33,KCR,AL,30,0,0,32.1,6,4,2,0,1,1.000,,,-2,-12,1.67,1.45,0.20,1.46,,,,,,,1,,buenofr01
984,Carlos Frías,24,LAD,NL,15,2,0,32.1,5,2,3,0,0,1.000,,,-1,-6,1.39,1.73,0.33,1.71,,,,,,,1,,friasca01
985,George Kontos,29,SFG,NL,24,0,0,32.1,4,1,3,0,0,1.000,,,0,0,1.11,1.73,0.17,1.71,,,,,,,1,,kontoge01
986,Evan Reed,28,DET,AL,32,0,0,32.1,6,3,2,1,0,.833,,,0,0,1.39,1.45,0.16,1.46,,,,,,,1,,reedev01
987,Guilder Rodríguez,30,TEX,AL,5,3,3,32.0,18,9,8,1,1,.944,-1,-41,0,0,4.78,3.74,2.83,3.48,,,,,,,/5H4D6,,rodrigu02
988,Jamie Romak,28,LAD,NL,5,4,3,32.0,18,17,1,0,3,1.000,1,34,0,0,5.06,4.25,3.60,3.62,,,,,,,H/935,,romakja01
989,Jeremy Jeffress,26,2TM,2LG,32,0,0,32.0,6,0,5,1,1,.833,,,-2,-13,1.41,1.69,0.16,1.69,,,,,,,1,,jeffrje01
989,Jeremy Jeffress,26,TOR,AL,3,0,0,3.1,1,0,0,1,0,.000,,,-1,-60,0.00,1.35,0.00,1.47,,,,,,,/1,,jeffrje01
989,Jeremy Jeffress,26,MIL,NL,29,0,0,28.2,5,0,5,0,1,1.000,,,-1,-7,1.57,1.73,0.17,1.71,,,,,,,1,,jeffrje01
990,Neftalí Feliz,26,TEX,AL,30,0,0,31.2,6,4,2,0,1,1.000,,,0,0,1.71,1.45,0.20,1.46,,,,,,,1,,felizne01
991,Chad Jenkins,26,TOR,AL,21,0,0,31.2,10,1,9,0,2,1.000,,,2,13,2.84,1.45,0.48,1.46,,,,,,,1,,jenkich01
992,Juan Carlos Oviedo,32,TBR,AL,32,0,0,31.2,5,1,3,1,0,.800,,,-1,-6,1.14,1.45,0.13,1.46,,,,,,,1,,nunezle01
993,Buddy Carlyle,36,NYM,NL,27,0,0,31.0,4,2,2,0,0,1.000,,,0,0,1.16,1.71,0.15,1.71,,,,,,,1,,carlybu01
994,González Germen,26,NYM,NL,25,0,0,30.1,4,2,2,0,1,1.000,,,0,0,1.19,1.72,0.16,1.71,,,,,,,1,,germego01
995,Josh Lueke,29,TBR,AL,25,0,0,30.1,4,3,1,0,0,1.000,,,-1,-7,1.19,1.45,0.16,1.46,,,,,,,1,,luekejo01
996,Donn Roach,24,SDP,NL,16,1,0,30.1,8,2,6,0,1,1.000,,,0,0,2.37,1.72,0.50,1.71,,,,,,,1,,roachdo01
997,Kevin Siegrist,24,STL,NL,37,0,0,30.1,1,1,0,0,0,1.000,,,-1,-7,0.30,1.72,0.03,1.71,,,,,,,1,,siegrke01
998,Joe Thatcher,32,2TM,2LG,53,0,0,30.1,1,1,0,0,0,1.000,,,-2,-13,0.30,1.66,0.02,1.64,,,,,,,1,,thatcjo01
998,Joe Thatcher,32,ARI,NL,37,0,0,24.0,0,0,0,0,0,,,,0,0,0.00,1.73,0.00,1.71,,,,,,,1,,thatcjo01
998,Joe Thatcher,32,LAA,AL,16,0,0,6.1,1,1,0,0,0,1.000,,,-2,-63,1.42,1.42,0.06,1.46,,,,,,,1,,thatcjo01
999,Kyle Crockett,22,CLE,AL,43,0,0,30.0,3,2,1,0,0,1.000,,,-1,-7,0.90,1.47,0.07,1.46,,,,,,,1,,crockky01
1000,Greg Dobbs,35,WSN,NL,3,3,2,30.0,34,31,3,0,3,1.000,0,-8,0,0,10.20,9.30,11.33,9.27,,,,,,,H/3,,dobbsgr01
1001,David Holmberg,22,CIN,NL,7,5,0,30.0,7,2,5,0,1,1.000,,,-1,-7,2.10,1.71,1.00,1.71,,,,,,,/1,,holmbda01
1002,Chris Bassitt,25,CHW,AL,6,5,0,29.2,5,1,4,0,0,1.000,,,0,0,1.52,1.46,0.83,1.47,,,,,,,/1,,bassich01
1003,Tyler Thornburg,25,MIL,NL,27,0,0,29.2,6,3,3,0,0,1.000,,,-1,-7,1.82,1.73,0.22,1.71,,,,,,,1,,thornty01
1004,Wade LeBlanc,29,2TM,AL,11,3,0,29.2,4,1,3,0,0,1.000,,,1,7,1.21,1.49,0.36,1.46,,,,,,,1,,leblawa01
1004,Wade LeBlanc,29,LAA,AL,10,3,0,28.2,4,1,3,0,0,1.000,,,1,7,1.26,1.48,0.40,1.46,,,,,,,1,,leblawa01
1004,Wade LeBlanc,29,NYY,AL,1,0,0,1.0,0,0,0,0,0,,,,0,0,0.00,1.80,0.00,1.50,,,,,,,/1,,leblawa01
1005,Maikel Cleto,25,CHW,AL,28,0,0,29.1,5,1,4,0,0,1.000,,,0,0,1.53,1.47,0.18,1.46,,,,,,,1,,cletoma01
1006,Andrew Heaney,23,MIA,NL,7,5,0,29.1,10,7,3,0,0,1.000,,,0,0,3.07,1.72,1.43,1.71,,,,,,,/1,,heanean01
1007,Will Harris,29,ARI,NL,29,0,0,29.0,2,0,2,0,0,1.000,,,0,0,0.62,1.71,0.07,1.71,,,,,,,1,,harriwi10
1008,Andy Marte,30,ARI,NL,4,3,3,29.0,8,1,7,0,1,1.000,-1,-46,0,0,2.48,2.51,2.00,2.50,,,,,,,/5H,,martean01
1009,Robbie Ray,22,DET,AL,9,6,0,28.2,8,2,6,0,1,1.000,,,2,14,2.51,1.48,0.89,1.46,,,,,,,/1,,rayro02
1010,Kyle Farnsworth,38,2TM,2LG,35,0,0,28.2,2,0,2,0,1,1.000,,,0,0,0.63,1.60,0.06,1.60,,,,,,,1,,farnsky01
1010,Kyle Farnsworth,38,NYM,NL,19,0,0,17.0,1,0,1,0,0,1.000,,,0,0,0.53,1.69,0.05,1.71,,,,,,,1,,farnsky01
1010,Kyle Farnsworth,38,HOU,AL,16,0,0,11.2,1,0,1,0,1,1.000,,,0,0,0.77,1.47,0.06,1.46,,,,,,,1,,farnsky01
1011,Xavier Paul,29,ARI,NL,5,3,3,28.1,3,3,0,0,0,1.000,0,-8,0,0,0.95,2.13,0.60,2.12,,,,,,,H/7,,paulxa01
1012,Ryan Pressly,25,MIN,AL,25,0,0,28.1,6,1,5,0,0,1.000,,,-1,-7,1.91,1.46,0.24,1.46,,,,,,,1,,pressry01
1013,Alex Wilson,27,BOS,AL,18,0,0,28.1,6,3,3,0,0,1.000,,,1,7,1.91,1.46,0.33,1.46,,,,,,,1,,wilsoal01
1014,Josh Outman,29,2TM,AL,40,0,0,28.1,7,2,5,0,1,1.000,,,1,7,2.22,1.46,0.18,1.46,,,,,,,1,,outmajo01
1014,Josh Outman,29,CLE,AL,31,0,0,24.2,6,2,4,0,0,1.000,,,0,0,2.19,1.46,0.19,1.46,,,,,,,1,,outmajo01
1014,Josh Outman,29,NYY,AL,9,0,0,3.2,1,0,1,0,1,1.000,,,1,55,2.45,1.47,0.11,1.46,,,,,,,/1,,outmajo01
1015,Matt Guerrier,35,MIN,AL,27,0,0,28.0,6,3,3,0,0,1.000,,,0,0,1.93,1.45,0.22,1.46,,,,,,,1,,guerrma02
1016,C.C. Lee,27,CLE,AL,37,0,0,28.0,8,3,4,1,0,.875,,,1,7,2.25,1.45,0.19,1.46,,,,,,,1,,leech01
1017,Josh Edgin,27,NYM,NL,47,0,0,27.1,3,1,1,1,0,.667,,,-1,-7,0.66,1.71,0.04,1.71,,,,,,,1,,edginjo01
1018,Dana Eveland,30,NYM,NL,30,0,0,27.1,3,1,2,0,0,1.000,,,0,0,0.99,1.71,0.10,1.71,,,,,,,1,,evelada01
1019,Anthony Bass,26,HOU,AL,21,0,0,27.0,9,2,6,1,0,.889,,,0,0,2.67,1.47,0.38,1.46,,,,,,,1,,bassan01
1020,José Pirela,24,NYY,AL,4,3,3,27.0,12,4,7,1,2,.917,-1,-27,0,0,3.67,4.60,2.75,4.60,,,,,,,/4DH,,pireljo01
1021,Wandy Rodríguez,35,PIT,NL,6,6,0,26.2,10,1,8,1,2,.900,,,0,0,3.04,1.72,1.50,1.72,,,,,,,/1,,rodriwa01
1022,Brooks Brown,29,COL,NL,28,0,0,26.0,11,6,5,0,1,1.000,,,1,8,3.81,1.73,0.39,1.71,,,,,,,1,,brownbr02
1023,Jake Elmore,27,CIN,NL,5,3,3,26.0,14,7,7,0,1,1.000,0,5,-1,-46,4.85,4.43,2.80,4.44,,,,,,,/64H,,elmorja01
1024,Brad Penny,36,MIA,NL,8,4,0,26.0,8,2,6,0,0,1.000,,,-1,-8,2.77,1.73,1.00,1.71,,,,,,,/1,,pennybr01
1025,Steve Delabar,30,TOR,AL,30,0,0,25.2,4,0,4,0,0,1.000,,,1,8,1.40,1.47,0.13,1.46,,,,,,,1,,delabst01
1026,Taylor Jordan,25,WSN,NL,5,5,0,25.2,6,3,3,0,0,1.000,,,0,0,2.10,1.72,1.20,1.72,,,,,,,/1,,jordata01
1027,Randy Wolf,37,MIA,NL,6,4,0,25.2,8,3,5,0,1,1.000,,,1,8,2.81,1.72,1.33,1.72,,,,,,,/1,,wolfra02
1028,Greg Garcia,24,STL,NL,5,2,1,25.0,13,5,8,0,2,1.000,-1,-43,0,0,4.68,4.64,2.60,4.58,,,,,,,H/46,,garcigr01
1029,Boone Logan,29,COL,NL,35,0,0,25.0,4,1,2,1,0,.750,,,-1,-8,1.08,1.73,0.09,1.71,,,,,,,1,,loganbo02
1030,Michael Mariot,25,KCR,AL,17,0,0,25.0,5,3,2,0,1,1.000,,,0,0,1.80,1.48,0.29,1.46,,,,,,,1,,mariomi01
1031,Jason Motte,32,STL,NL,29,0,0,25.0,4,1,3,0,0,1.000,,,1,8,1.44,1.73,0.14,1.71,,,,,,,1,,motteja01
1032,Alexi Ogando,30,TEX,AL,27,0,0,25.0,1,0,1,0,0,1.000,,,-1,-8,0.36,1.48,0.04,1.46,,,,,,,1,,ogandal01
1033,Chad Bettis,25,COL,NL,21,0,0,24.2,11,0,10,1,0,.909,,,1,8,3.65,1.71,0.48,1.71,,,,,,,1,,bettich01
1034,Paul Clemens,26,HOU,AL,13,0,0,24.2,9,3,6,0,0,1.000,,,0,0,3.28,1.46,0.69,1.46,,,,,,,1,,clemepa02
1035,Christian Friedrich,26,COL,NL,16,3,0,24.1,7,3,3,1,0,.857,,,0,0,2.22,1.70,0.38,1.71,,,,,,,1,,friedch01
1036,Alí Solís,26,TBR,AL,8,4,1,24.1,27,27,0,0,0,1.000,0,0,-1,-49,9.99,8.21,3.38,8.21,1,1,1,0,0.0,0,/2H,,solisal01
1037,Eric Surkamp,26,CHW,AL,35,0,0,24.1,7,1,6,0,1,1.000,,,1,8,2.59,1.44,0.20,1.46,,,,,,,1,,surkaer01
1038,Pedro Báez,26,LAD,NL,20,0,0,24.0,2,1,1,0,0,1.000,,,1,8,0.75,1.73,0.10,1.71,,,,,,,1,,baezpe01
1039,Jeff Beliveau,27,TBR,AL,30,0,0,24.0,2,1,1,0,0,1.000,,,0,0,0.75,1.46,0.07,1.46,,,,,,,1,,belivje01
1040,Tyler Chatwood,24,COL,NL,4,4,0,24.0,2,0,1,1,0,.500,,,-1,-8,0.38,1.73,0.25,1.70,,,,,,,/1,,chatwty01
1041,Logan Darnell,25,MIN,AL,7,4,0,24.0,4,1,2,1,0,.750,,,-1,-8,1.13,1.46,0.43,1.46,,,,,,,/1,,darnelo01
1042,Ryan Lavarnway,26,BOS,AL,6,2,0,24.0,26,23,3,0,0,1.000,0,20,0,0,9.75,8.96,4.33,8.93,,,,,,,/3H,,lavarry01
1043,James McCann,24,DET,AL,6,2,2,24.0,23,22,1,0,0,1.000,-1,-50,-1,-50,8.63,8.25,3.83,8.22,0,1,4,0,0.0,0,/2DH,,mccanja02
1044,Eury Pérez,24,NYY,AL,4,2,2,24.0,11,8,0,3,0,.727,-1,-60,0,0,3.00,2.25,2.00,2.25,,,,,,,/89,,perezeu01
1045,Alex Colomé,25,TBR,AL,5,3,0,23.2,2,0,2,0,0,1.000,,,-2,-17,0.76,1.45,0.40,1.46,,,,,,,/1,,colomal01
1046,Erik Johnson,24,CHW,AL,5,5,0,23.2,5,3,2,0,0,1.000,,,1,8,1.90,1.45,1.00,1.46,,,,,,,/1,,johnser04
1047,Michael Kohn,28,LAA,AL,25,0,0,23.2,1,1,0,0,0,1.000,,,0,0,0.38,1.45,0.04,1.46,,,,,,,1,,kohnmi01
1048,Mike Pelfrey,30,MIN,AL,5,5,0,23.2,3,0,3,0,0,1.000,,,-1,-8,1.14,1.45,0.60,1.46,,,,,,,/1,,pelfrmi01
1049,Nick Hagadone,28,CLE,AL,35,0,0,23.1,3,0,3,0,0,1.000,,,0,0,1.16,1.47,0.09,1.46,,,,,,,1,,hagadni01
1050,Evan Meek,31,BAL,AL,23,0,0,23.1,8,2,6,0,0,1.000,,,0,0,3.09,1.47,0.35,1.46,,,,,,,1,,meekev01
1051,Jeff Manship,29,PHI,NL,20,0,0,23.0,5,2,3,0,2,1.000,,,-1,-9,1.96,1.72,0.25,1.71,,,,,,,1,,manshje01
1052,Carlos Peguero,27,KCR,AL,4,2,1,23.0,3,3,0,0,0,1.000,0,-10,0,0,1.17,2.27,0.75,2.25,,,,,,,/9,,pegueca01
1053,Tanner Scheppers,27,TEX,AL,8,4,0,23.0,4,0,3,1,0,.750,,,0,0,1.17,1.45,0.38,1.46,,,,,,,/1,,schepta01
1054,Zeke Spruill,24,ARI,NL,6,1,0,22.2,3,0,2,1,0,.667,,,-1,-9,0.79,1.71,0.33,1.72,,,,,,,/1,,spruize01
1055,Marco Scutaro,38,SFG,NL,3,3,2,22.0,9,4,5,0,0,1.000,-1,-65,-1,-55,3.68,4.66,3.00,4.67,,,,,,,/4H,,scutama01
1056,Shae Simmons,23,ATL,NL,26,0,0,21.2,1,0,1,0,0,1.000,,,0,0,0.42,1.70,0.04,1.71,,,,,,,1,,simmosh01
1057,Nick Tropeano,23,HOU,AL,4,4,0,21.2,5,3,2,0,1,1.000,,,0,0,2.08,1.45,1.25,1.45,,,,,,,/1,,tropeni01
1058,Kevin Chapman,26,HOU,AL,21,0,0,21.1,4,1,3,0,0,1.000,,,0,0,1.69,1.48,0.19,1.46,,,,,,,1,,chapmke02
1059,Aaron Poreda,27,TEX,AL,26,0,0,21.1,1,0,1,0,0,1.000,,,-2,-19,0.42,1.48,0.04,1.46,,,,,,,1,,poredaa01
1060,Chris Withrow,25,LAD,NL,20,0,0,21.1,3,1,1,1,1,.667,,,0,0,0.84,1.73,0.10,1.71,,,,,,,1,,withrch01
1061,Gary Brown,25,SFG,NL,6,1,1,21.0,7,7,0,0,0,1.000,1,51,0,0,3.00,2.10,1.17,2.12,,,,,,,/8H,,brownga02
1062,Preston Claiborne,26,NYY,AL,18,0,0,21.0,3,0,3,0,0,1.000,,,0,0,1.29,1.46,0.17,1.46,,,,,,,1,,claibpr01
1063,Tim Collins,24,KCR,AL,22,0,0,21.0,6,1,5,0,0,1.000,,,2,19,2.57,1.46,0.27,1.46,,,,,,,1,,colliti01
1064,Tom Gorzelanny,31,MIL,NL,23,0,0,21.0,6,2,3,1,0,.833,,,0,0,2.14,1.71,0.22,1.71,,,,,,,1,,gorzeto01
1065,Jeff Kobernus,26,WSN,NL,3,2,2,21.0,10,1,9,0,4,1.000,1,80,0,0,4.29,4.67,3.33,4.67,,,,,,,/4H,,koberje01
1066,Blake Parker,29,CHC,NL,18,0,0,21.0,2,0,2,0,0,1.000,,,0,0,0.86,1.71,0.11,1.71,,,,,,,1,,parkebl01
1067,Sergio Santos,30,TOR,AL,26,0,0,21.0,3,2,1,0,0,1.000,,,-1,-10,1.29,1.46,0.12,1.46,,,,,,,1/DH,,santose01
1068,Steven Wright,29,BOS,AL,6,1,0,21.0,6,2,4,0,1,1.000,,,0,0,2.57,1.46,1.00,1.47,,,,,,,/1,,wrighst01
1069,Lisalverto Bonilla,24,TEX,AL,5,3,0,20.2,4,3,1,0,0,1.000,,,-1,-10,1.74,1.48,0.80,1.46,,,,,,,/1,,bonilli01
1070,Iván Nova,27,NYY,AL,4,4,0,20.2,2,1,1,0,0,1.000,,,-1,-10,0.87,1.48,0.50,1.45,,,,,,,/1,,novaiv01
1071,José Valverde,36,NYM,NL,21,0,0,20.2,2,0,0,2,0,.000,,,-2,-19,0.00,1.74,0.00,1.71,,,,,,,1,,valvejo01
1072,Josh Zeid,27,HOU,AL,23,0,0,20.2,8,1,7,0,1,1.000,,,0,0,3.48,1.48,0.35,1.46,,,,,,,1,,zeidjo01
1073,Brad Mills,29,2TM,AL,5,3,0,20.2,2,1,1,0,0,1.000,,,0,0,0.87,1.44,0.40,1.46,,,,,,,/1,,millsbr02
1073,Brad Mills,29,OAK,AL,3,3,0,16.1,0,0,0,0,0,,,,0,0,0.00,1.43,0.00,1.47,,,,,,,/1,,millsbr02
1073,Brad Mills,29,TOR,AL,2,0,0,4.1,2,1,1,0,0,1.000,,,0,0,4.15,1.45,1.00,1.45,,,,,,,/1,,millsbr02
1074,Carter Capps,23,MIA,NL,17,0,0,20.1,0,0,0,0,0,,,,-1,-10,0.00,1.73,0.00,1.71,,,,,,,1,,cappsca01
1075,Doug Bernier,34,MIN,AL,5,2,0,20.0,10,3,7,0,1,1.000,-1,-84,0,0,4.50,4.28,2.00,4.22,,,,,,,/H64D,,bernido01
1076,Nick Evans,28,ARI,NL,5,2,1,20.0,14,10,4,0,2,1.000,0,-6,0,0,6.30,6.57,2.80,6.48,,,,,,,H/357D,,evansni01
1077,Rafael Lopez,26,CHC,NL,4,1,1,20.0,24,23,1,0,0,1.000,0,0,0,0,10.80,8.42,6.00,8.40,0,0,2,1,33.3,0,/2H,,lopezra02
1078,Eric O'Flaherty,29,OAK,AL,21,0,0,20.0,1,0,1,0,0,1.000,,,-1,-10,0.45,1.44,0.05,1.46,,,,,,,1,,oflaher01
1079,Jeff Francis,33,3TM,2LG,12,1,0,20.0,1,0,1,0,0,1.000,,,0,0,0.45,1.58,0.08,1.48,,,,,,,1,,francje01
1079,Jeff Francis,33,2TM,AL,11,0,0,15.0,0,0,0,0,0,,,,0,0,0.00,1.50,0.00,1.45,,,,,,,1,,francje01
1079,Jeff Francis,33,CIN,NL,1,1,0,5.0,1,0,1,0,0,1.000,,,0,0,1.80,1.80,1.00,1.70,,,,,,,/1,,francje01
1079,Jeff Francis,33,OAK,AL,9,0,0,13.1,0,0,0,0,0,,,,0,0,0.00,1.49,0.00,1.46,,,,,,,/1,,francje01
1079,Jeff Francis,33,NYY,AL,2,0,0,1.2,0,0,0,0,0,,,,0,0,0.00,1.62,0.00,1.45,,,,,,,/1,,francje01
1080,Alfredo Aceves,31,NYY,AL,10,0,0,19.1,3,2,1,0,0,1.000,,,0,0,1.40,1.44,0.30,1.46,,,,,,,1,,aceveal01
1081,Cam Bedrosian,22,LAA,AL,17,0,0,19.1,6,2,4,0,0,1.000,,,0,0,2.79,1.44,0.35,1.46,,,,,,,1,,bedroca01
1082,Carlos Contreras,23,CIN,NL,17,0,0,19.1,2,2,0,0,0,1.000,,,0,0,0.93,1.72,0.12,1.71,,,,,,,1,,contrca01
1083,Phil Klein,25,TEX,AL,17,0,0,19.0,3,1,1,1,0,.667,,,-1,-11,0.95,1.47,0.12,1.46,,,,,,,1,,kleinph01
1084,Tommy Layne,29,BOS,AL,30,0,0,19.0,5,3,2,0,1,1.000,,,0,0,2.37,1.47,0.17,1.46,,,,,,,1,,layneto01
1085,Michael Tonkin,24,MIN,AL,25,0,0,19.0,5,1,4,0,0,1.000,,,0,0,2.37,1.47,0.20,1.46,,,,,,,1,,tonkimi01
1086,Mike Adams,35,PHI,NL,22,0,0,18.2,5,0,5,0,1,1.000,,,-1,-11,2.41,1.74,0.23,1.71,,,,,,,1,,adamsmi03
1087,Daniel Corcino,23,CIN,NL,5,3,0,18.2,7,4,3,0,0,1.000,,,1,11,3.38,1.74,1.40,1.72,,,,,,,/1,,corcida01
1088,Mike Foltynewicz,22,HOU,AL,16,0,0,18.2,2,2,0,0,0,1.000,,,0,0,0.96,1.45,0.13,1.46,,,,,,,1,,foltymi01
1089,Vinnie Pestano,29,2TM,AL,25,0,0,18.2,2,1,1,0,0,1.000,,,-1,-11,0.96,1.49,0.08,1.46,,,,,,,1,,pestavi01
1089,Vinnie Pestano,29,CLE,AL,13,0,0,9.0,2,1,1,0,0,1.000,,,0,0,2.00,1.50,0.15,1.46,,,,,,,1,,pestavi01
1089,Vinnie Pestano,29,LAA,AL,12,0,0,9.2,0,0,0,0,0,,,,-1,-21,0.00,1.49,0.00,1.46,,,,,,,1,,pestavi01
1090,Dylan Axelrod,28,CIN,NL,5,4,0,18.1,4,1,3,0,0,1.000,,,0,0,1.96,1.72,0.80,1.72,,,,,,,/1,,axelrdy01
1091,Felipe Paulino,30,CHW,AL,4,4,0,18.1,1,1,0,0,0,1.000,,,-1,-11,0.49,1.47,0.25,1.45,,,,,,,/1,,paulife01
1092,Austin Romine,25,NYY,AL,4,1,0,18.0,18,16,2,0,2,1.000,1,67,0,0,9.00,8.35,4.50,8.38,0,0,0,1,100.0,0,/2HD3,,rominau01
1093,Gus Schlosser,25,ATL,NL,15,0,0,17.2,5,1,3,1,0,.800,,,1,11,2.04,1.73,0.27,1.71,,,,,,,1,,schlogu01
1094,Heath Bell,36,TBR,AL,13,0,0,17.1,3,1,2,0,0,1.000,,,-2,-23,1.56,1.45,0.23,1.46,,,,,,,1,,bellhe01
1095,Matt Harrison,28,TEX,AL,4,4,0,17.1,1,0,1,0,0,1.000,,,0,0,0.52,1.45,0.25,1.45,,,,,,,/1,,harrima01
1096,Wei-Chung Wang,22,MIL,NL,14,0,0,17.1,2,1,1,0,0,1.000,,,-1,-12,1.04,1.71,0.14,1.71,,,,,,,1,,wangwe01
1097,Ronny Cedeño,31,PHI,NL,3,2,1,17.0,9,4,5,0,1,1.000,0,7,0,0,4.76,3.34,3.00,3.70,,,,,,,/H65,,cedenro02
1098,Alex Hassan,26,BOS,AL,2,2,2,17.0,1,1,0,0,0,1.000,0,21,0,0,0.53,2.28,0.50,2.25,,,,,,,/9DH,,hassaal01
1099,Yoslán Herrera,33,LAA,AL,20,0,0,16.2,5,0,5,0,0,1.000,,,1,12,2.70,1.46,0.25,1.46,,,,,,,1,,herreyo01
1100,Eddie Butler,23,COL,NL,3,3,0,16.0,4,0,4,0,0,1.000,,,-1,-13,2.25,1.74,1.33,1.70,,,,,,,/1,,butleed01
1101,César Jiménez,29,PHI,NL,16,0,0,16.0,2,0,1,1,0,.500,,,0,0,0.56,1.74,0.06,1.71,,,,,,,1,,jimence01
1102,Joey Terdoslavich,25,ATL,NL,4,1,1,16.0,5,5,0,0,0,1.000,0,30,0,0,2.81,3.88,1.25,5.68,,,,,,,/H39,,terdojo01
1103,Brett Jackson,25,ARI,NL,5,1,1,15.2,7,7,0,0,0,1.000,1,69,0,0,4.02,2.13,1.40,2.12,,,,,,,/H98,,jacksbr01
1104,Chris Martin,28,COL,NL,16,0,0,15.2,3,1,2,0,0,1.000,,,0,0,1.72,1.72,0.19,1.71,,,,,,,1,,martich02
1105,Rob Scahill,27,COL,NL,12,0,0,15.0,5,3,2,0,0,1.000,,,0,0,3.00,1.74,0.42,1.71,,,,,,,1,,scahiro01
1106,Pedro Villarreal,26,CIN,NL,12,0,0,14.2,0,0,0,0,0,,,,0,0,0.00,1.72,0.00,1.71,,,,,,,1,,villape01
1107,Matt Daley,32,NYY,AL,13,0,0,14.1,4,1,3,0,0,1.000,,,1,14,2.51,1.44,0.31,1.46,,,,,,,1,,daleyma01
1108,Eric Jokisch,24,CHC,NL,4,1,0,14.1,4,1,3,0,0,1.000,,,0,0,2.51,1.70,1.00,1.70,,,,,,,/1,,jokiser01
1109,Andrew Chafin,24,ARI,NL,3,3,0,14.0,2,0,2,0,0,1.000,,,0,0,1.29,1.74,0.67,1.70,,,,,,,/1,,chafian01
1110,Luis García,27,PHI,NL,13,0,0,14.0,4,2,2,0,0,1.000,,,0,0,2.57,1.74,0.31,1.71,,,,,,,1,,garcilu03
1111,Alex Guerrero,27,LAD,NL,3,0,0,14.0,2,2,0,0,0,1.000,0,-17,-1,-86,1.29,2.12,0.67,2.10,,,,,,,/H7,,guerral01
1112,Sean Marshall,31,CIN,NL,15,0,0,14.0,7,1,6,0,1,1.000,,,0,0,4.50,1.74,0.47,1.71,,,,,,,1,,marshse01
1113,Pat McCoy,25,DET,AL,14,0,0,14.0,0,0,0,0,0,,,,0,0,0.00,1.48,0.00,1.46,,,,,,,1,,mccoypa01
1114,Carlos Rivero,26,BOS,AL,3,1,1,14.0,6,1,4,1,0,.833,-2,-206,-2,-171,3.21,2.57,1.67,2.57,,,,,,,/5HD,,riverca02
1115,Paco Rodríguez,23,LAD,NL,19,0,0,14.0,4,0,4,0,0,1.000,,,2,29,2.57,1.74,0.21,1.71,,,,,,,1,,rodrist02
1116,Jason Rogers,26,MIL,NL,4,2,0,14.0,13,12,0,1,1,.923,-2,-206,-1,-86,7.71,9.32,3.00,9.28,,,,,,,/3H,,rogerja02
1117,Troy Patton,28,2TM,2LG,17,0,0,14.0,0,0,0,0,0,,,,-2,-29,0.00,1.61,0.00,1.58,,,,,,,1,,pattotr01
1117,Troy Patton,28,BAL,AL,9,0,0,6.2,0,0,0,0,0,,,,-2,-60,0.00,1.49,0.00,1.46,,,,,,,/1,,pattotr01
1117,Troy Patton,28,SDP,NL,8,0,0,7.1,0,0,0,0,0,,,,0,0,0.00,1.72,0.00,1.71,,,,,,,/1,,pattotr01
1118,Hernán Pérez,23,DET,AL,8,1,0,13.2,5,3,2,0,1,1.000,0,0,0,0,3.29,4.08,0.63,4.01,,,,,,,/456H,,perezhe01
1119,J.J. Putz,37,ARI,NL,18,0,0,13.2,2,0,2,0,1,1.000,,,-1,-15,1.32,1.71,0.11,1.71,,,,,,,1,,putzjj01
1120,Scott Rice,32,NYM,NL,32,0,0,13.2,5,1,4,0,0,1.000,,,-1,-15,3.29,1.71,0.16,1.71,,,,,,,1,,ricesc01
1121,Kris Johnson,29,MIN,AL,3,3,0,13.1,4,0,4,0,0,1.000,,,0,0,2.70,1.49,1.33,1.47,,,,,,,/1,,johnskr01
1122,Carlos Mármol,31,MIA,NL,15,0,0,13.1,3,2,1,0,0,1.000,,,-1,-15,2.03,1.69,0.20,1.71,,,,,,,1,,marmoca01
1123,Zac Rosscup,26,CHC,NL,18,0,0,13.1,0,0,0,0,0,,,,0,0,0.00,1.69,0.00,1.71,,,,,,,1,,rosscza01
1124,Nick Christiani,26,CIN,NL,10,0,0,13.0,2,1,0,1,0,.500,,,0,0,0.69,1.73,0.10,1.71,,,,,,,1,,chrisni01
1125,Kyuji Fujikawa,33,CHC,NL,15,0,0,13.0,1,0,1,0,0,1.000,,,-1,-15,0.69,1.73,0.07,1.71,,,,,,,1,,fujikky01
1126,Josh Stinson,26,BAL,AL,8,0,0,13.0,2,2,0,0,0,1.000,,,0,0,1.38,1.45,0.25,1.46,,,,,,,/1,,stinsjo01
1127,Sean O'Sullivan,26,PHI,NL,3,2,0,12.2,2,0,2,0,1,1.000,,,0,0,1.42,1.71,0.67,1.70,,,,,,,/1,,osullse01
1128,Chris Rusin,27,CHC,NL,4,0,0,12.2,4,2,2,0,0,1.000,,,0,0,2.84,1.71,1.00,1.70,,,,,,,/1,,rusinch01
1129,Alex Claudio,22,TEX,AL,15,0,0,12.1,2,1,1,0,0,1.000,,,0,0,1.46,1.46,0.13,1.46,,,,,,,1,,claudal01
1130,Lucas Harrell,29,HOU,AL,3,3,0,12.1,2,1,1,0,0,1.000,,,0,0,1.46,1.46,0.67,1.47,,,,,,,/1,,harrelu01
1131,Juan Jaime,26,ATL,NL,16,0,0,12.1,1,0,1,0,0,1.000,,,0,0,0.73,1.75,0.06,1.71,,,,,,,1,,jaimeju01
1132,Justin Miller,27,DET,AL,8,0,0,12.1,2,0,2,0,0,1.000,,,0,0,1.46,1.46,0.25,1.46,,,,,,,/1,,milleju02
1133,Michael Roth,24,LAA,AL,7,0,0,12.1,7,1,5,1,2,.857,,,0,0,4.38,1.46,0.86,1.46,,,,,,,/1,,rothmi01
1134,Chasen Shreve,23,ATL,NL,15,0,0,12.1,3,0,3,0,0,1.000,,,0,0,2.19,1.75,0.20,1.71,,,,,,,1,,shrevch01
1135,Casey Coleman,26,KCR,AL,10,0,0,12.0,3,2,1,0,1,1.000,,,0,0,2.25,1.43,0.30,1.46,,,,,,,1,,colemca01
1136,Nate Karns,26,TBR,AL,2,2,0,12.0,0,0,0,0,0,,,,0,0,0.00,1.43,0.00,1.45,,,,,,,/1,,karnsna01
1137,Jorge Polanco,20,MIN,AL,4,1,0,12.0,9,3,6,0,3,1.000,0,-10,0,0,6.75,3.98,2.25,3.98,,,,,,,/6H,,polanjo01
1138,B.J. Rosenberg,28,PHI,NL,13,0,0,12.0,0,0,0,0,0,,,,0,0,0.00,1.73,0.00,1.71,,,,,,,1,,rosenbj01
1139,Evan Scribner,28,OAK,AL,13,0,0,11.2,1,0,1,0,0,1.000,,,0,0,0.77,1.47,0.08,1.46,,,,,,,1,,scribev01
1140,Chad Smith,24,DET,AL,10,0,0,11.2,2,0,2,0,1,1.000,,,0,0,1.54,1.47,0.20,1.46,,,,,,,1,,smithch09
1141,Jim Henderson,31,MIL,NL,14,0,0,11.1,4,1,3,0,1,1.000,,,0,0,3.18,1.75,0.29,1.71,,,,,,,1,,hendeji01
1142,Rob Rasmussen,25,TOR,AL,10,0,0,11.1,1,0,1,0,0,1.000,,,0,0,0.79,1.43,0.10,1.46,,,,,,,1,,rasmuro01
1143,Joe Wieland,24,SDP,NL,4,2,0,11.1,2,0,1,1,0,.500,,,0,0,0.79,1.75,0.25,1.70,,,,,,,/1,,wielajo01
1144,A.J. Achter,25,MIN,AL,7,0,0,11.0,1,0,1,0,0,1.000,,,-1,-18,0.82,1.47,0.14,1.46,,,,,,,/1,,achteaj01
1145,Dallas Beeler,25,CHC,NL,2,2,0,11.0,3,0,3,0,0,1.000,,,1,18,2.45,1.72,1.50,1.70,,,,,,,/1,,beeleda01
1146,Bryan Mitchell,23,NYY,AL,3,1,0,11.0,2,0,2,0,0,1.000,,,0,0,1.64,1.47,0.67,1.47,,,,,,,/1,,mitchbr01
1147,Ian Thomas,27,ATL,NL,16,0,0,10.2,4,3,1,0,0,1.000,,,-1,-19,3.38,1.69,0.25,1.71,,,,,,,1,,thomaia01
1148,Preston Guilmet,26,BAL,AL,10,0,0,10.1,0,0,0,0,0,,,,0,0,0.00,1.48,0.00,1.46,,,,,,,1,,guilmpr01
1149,Jason Lane,37,SDP,NL,3,1,0,10.1,2,0,2,0,0,1.000,,,0,0,1.74,1.74,0.67,1.70,,,,,,,/1,,laneja01
1150,Vin Mazzaro,27,PIT,NL,5,0,0,10.1,1,1,0,0,0,1.000,,,0,0,0.87,1.74,0.20,1.72,,,,,,,/1,,mazzavi01
1151,Kyle Ryan,22,DET,AL,6,1,0,10.1,3,2,1,0,0,1.000,,,0,0,2.61,1.48,0.50,1.47,,,,,,,/1,,ryanky01
1152,Casey Sadler,23,PIT,NL,6,0,0,10.1,4,3,1,0,0,1.000,,,0,0,3.48,1.74,0.67,1.72,,,,,,,/1,,sadleca02
1153,Nathan Adcock,26,TEX,AL,7,0,0,10.0,0,0,0,0,0,,,,0,0,0.00,1.44,0.00,1.46,,,,,,,/1,,adcocna01
1154,Matt Albers,31,HOU,AL,8,0,0,10.0,0,0,0,0,0,,,,0,0,0.00,1.44,0.00,1.46,,,,,,,/1,,alberma01
1155,Yimi García,23,LAD,NL,8,0,0,10.0,4,3,1,0,0,1.000,,,0,0,3.60,1.71,0.50,1.71,,,,,,,/1,,garciyi01
1156,Heath Hembree,25,BOS,AL,6,0,0,10.0,1,1,0,0,0,1.000,,,0,0,0.90,1.44,0.17,1.47,,,,,,,/1,,hembrhe01
1157,Matt Moore,25,TBR,AL,2,2,0,10.0,1,0,1,0,0,1.000,,,0,0,0.90,1.44,0.50,1.45,,,,,,,/1,,moorema02
1158,José Ramírez,24,NYY,AL,8,0,0,10.0,0,0,0,0,0,,,,0,0,0.00,1.44,0.00,1.46,,,,,,,/1,,ramirjo02
1159,Neil Wagner,30,TOR,AL,10,0,0,10.0,2,0,2,0,0,1.000,,,1,20,1.80,1.44,0.20,1.46,,,,,,,1,,wagnene01
1160,Bobby Wilson,31,ARI,NL,2,1,1,10.0,11,10,1,0,0,1.000,1,120,0,0,9.90,8.37,5.50,8.40,0,0,0,0,,0,/2,,wilsobo02
1161,Eric Fornataro,26,STL,NL,8,0,0,9.2,3,1,1,1,0,.667,,,-1,-21,1.86,1.77,0.25,1.71,,,,,,,/1,,fornaer01
1162,Jason Pridie,30,COL,NL,2,1,1,9.2,3,3,0,0,0,1.000,1,74,0,0,2.79,2.14,1.50,2.10,,,,,,,/79,,pridija01
1163,Buck Farmer,23,DET,AL,4,2,0,9.1,0,0,0,0,0,,,,1,21,0.00,1.45,0.00,1.45,,,,,,,/1,,farmebu01
1164,Jair Jurrjens,28,COL,NL,2,2,0,9.1,1,0,0,1,0,.000,,,0,0,0.00,1.74,0.00,1.70,,,,,,,/1,,jurrjja01
1165,Spencer Patton,26,TEX,AL,9,0,0,9.1,3,1,2,0,1,1.000,,,0,0,2.89,1.45,0.33,1.46,,,,,,,/1,,pattosp01
1166,Aaron Altherr,23,PHI,NL,1,1,1,9.0,3,3,0,0,0,1.000,1,93,1,133,3.00,2.10,3.00,2.10,,,,,,,/7H,,altheaa01
1167,Matt Barnes,24,BOS,AL,5,0,0,9.0,1,1,0,0,0,1.000,,,0,0,1.00,1.50,0.20,1.46,,,,,,,/1,,barnema01
1168,Mike Baxter,29,LAD,NL,1,1,1,9.0,3,3,0,0,0,1.000,0,13,0,0,3.00,2.10,3.00,2.10,,,,,,,/H7,,baxtemi01
1169,Quintin Berry,29,BAL,AL,5,0,0,9.0,2,2,0,0,0,1.000,-1,-80,0,0,2.00,2.30,0.40,2.26,,,,,,,/H7D89,,berryqu01
1170,Pedro Figueroa,28,TEX,AL,10,0,0,9.0,2,1,1,0,0,1.000,,,0,0,2.00,1.50,0.20,1.46,,,,,,,1,,figuepe01
1171,Frank Garcés,24,SDP,NL,15,0,0,9.0,1,0,1,0,0,1.000,,,0,0,1.00,1.70,0.07,1.71,,,,,,,1,,garcefr01
1172,Kevin Gregg,36,MIA,NL,12,0,0,9.0,0,0,0,0,0,,,,-1,-22,0.00,1.70,0.00,1.71,,,,,,,1,,greggke01
1173,Taylor Hill,25,WSN,NL,3,1,0,9.0,3,0,3,0,0,1.000,,,0,0,3.00,1.70,1.00,1.70,,,,,,,/1,,hillta01
1174,John Holdzkom,26,PIT,NL,9,0,0,9.0,0,0,0,0,0,,,,0,0,0.00,1.70,0.00,1.71,,,,,,,/1,,holdzjo01
1175,Lucas Luetge,27,SEA,AL,12,0,0,9.0,1,0,1,0,0,1.000,,,-1,-22,1.00,1.50,0.08,1.46,,,,,,,1,,luetglu01
1176,Adam Moore,30,SDP,NL,1,1,1,9.0,8,8,0,0,0,1.000,0,0,0,0,8.00,8.40,8.00,8.40,0,0,0,0,,0,/H2,,mooread01
1177,Jonathan Pettibone,23,PHI,NL,2,2,0,9.0,1,0,1,0,0,1.000,,,-1,-22,1.00,1.70,0.50,1.70,,,,,,,/1,,pettijo02
1178,Clint Robinson,29,LAD,NL,3,1,0,9.0,7,7,0,0,1,1.000,0,0,0,0,7.00,9.30,2.33,9.27,,,,,,,/H3,,robincl01
1179,Fernando Rodriguez Jr.,30,OAK,AL,7,0,0,9.0,0,0,0,0,0,,,,0,0,0.00,1.50,0.00,1.46,,,,,,,/1,,rodrife02
1180,Alfredo Fígaro,29,MIL,NL,6,0,0,8.2,2,1,1,0,0,1.000,,,0,0,2.08,1.77,0.33,1.72,,,,,,,/1,,figaral01
1181,Corey Knebel,22,DET,AL,8,0,0,8.2,3,1,2,0,0,1.000,,,1,23,3.12,1.45,0.38,1.46,,,,,,,/1,,knebeco01
1182,Ryan Mattheus,30,WSN,NL,7,0,0,8.2,1,0,1,0,0,1.000,,,0,0,1.04,1.77,0.14,1.71,,,,,,,/1,,matthry01
1183,Ben Rowen,25,TEX,AL,8,0,0,8.2,3,0,3,0,0,1.000,,,0,0,3.12,1.45,0.38,1.46,,,,,,,/1,,rowenbe01
1184,Jon Edwards,26,TEX,AL,9,0,0,8.1,1,0,1,0,0,1.000,,,0,0,1.08,1.40,0.11,1.46,,,,,,,/1,,edwarjo02
1185,Steve Geltz,26,TBR,AL,11,0,0,8.1,1,0,0,1,0,.000,,,0,0,0.00,1.40,0.00,1.46,,,,,,,1,,geltzst01
1186,Carson Smith,24,SEA,AL,9,0,0,8.1,1,0,1,0,0,1.000,,,0,0,1.08,1.40,0.11,1.46,,,,,,,/1,,smithca02
1187,R.J. Alvarez,23,SDP,NL,10,0,0,8.0,2,0,2,0,0,1.000,,,1,25,2.25,1.69,0.20,1.71,,,,,,,1,,alvarrj01
1188,Billy Burns,24,OAK,AL,1,1,1,8.0,3,2,0,1,0,.667,-2,-315,0,0,2.25,2.25,2.00,2.30,,,,,,,H/D8,,burnsbi02
1189,Alexi Casilla,29,BAL,AL,1,1,0,8.0,2,0,1,1,0,.500,-1,-210,-1,-150,1.13,2.81,0.50,3.60,,,,,,,/45,,casilal01
1190,Bo Schultz,28,ARI,NL,4,0,0,8.0,3,1,2,0,0,1.000,,,0,0,3.38,1.69,0.75,1.70,,,,,,,/1,,schulbo02
1191,Jorge De León,26,HOU,AL,8,0,0,7.1,1,0,1,0,0,1.000,,,0,0,1.23,1.47,0.13,1.46,,,,,,,/1,,deleojo02
1192,Ryan Feierabend,28,TEX,AL,6,0,0,7.1,4,2,1,1,0,.750,,,-1,-27,3.68,1.47,0.50,1.47,,,,,,,/1,,feierry01
1193,Ryan Rowland-Smith,31,ARI,NL,6,0,0,7.1,1,0,0,1,0,.000,,,-1,-27,0.00,1.72,0.00,1.72,,,,,,,/1,,rowlary01
1194,Drew Rucinski,25,LAA,AL,3,0,0,7.1,2,1,1,0,0,1.000,,,0,0,2.45,1.47,0.67,1.47,,,,,,,/1,,rucindr01
1195,Aaron Thompson,27,MIN,AL,7,0,0,7.1,1,1,0,0,0,1.000,,,0,0,1.23,1.47,0.14,1.46,,,,,,,/1,,thompaa01
1196,Austin Adams,27,CLE,AL,6,0,0,7.0,3,1,2,0,0,1.000,,,0,0,3.86,1.41,0.50,1.47,,,,,,,/1,,adamsau01
1197,Lane Adams,24,KCR,AL,2,0,0,7.0,3,3,0,0,0,1.000,0,-51,0,0,3.86,2.31,1.50,2.25,,,,,,,/H78D,,adamsla01
1198,Jason Bartlett,34,MIN,AL,2,0,0,7.0,0,0,0,0,0,,-3,-583,-1,-171,0.00,2.31,0.00,2.25,,,,,,,/7HD,,bartlja01
1199,Leonel Campos,26,SDP,NL,6,0,0,7.0,1,0,1,0,0,1.000,,,0,0,1.29,1.67,0.17,1.72,,,,,,,/1,,campole01
1200,Xavier Cedeño,27,WSN,NL,9,0,0,7.0,1,0,1,0,0,1.000,,,0,0,1.29,1.67,0.11,1.71,,,,,,,/1,,cedenxa01
1201,Brandon Finnegan,21,KCR,AL,7,0,0,7.0,1,0,1,0,0,1.000,,,0,0,1.29,1.41,0.14,1.46,,,,,,,/1,,finnebr01
1202,Brian Flynn,24,MIA,NL,2,1,0,7.0,1,1,0,0,0,1.000,,,0,0,1.29,1.67,0.50,1.70,,,,,,,/1,,flynnbr01
1203,Mark Lowe,31,CLE,AL,7,0,0,7.0,1,0,0,1,0,.000,,,-1,-29,0.00,1.41,0.00,1.46,,,,,,,/1,,lowema01
1204,David Martínez,26,HOU,AL,3,0,0,7.0,1,1,0,0,0,1.000,,,0,0,1.29,1.41,0.33,1.47,,,,,,,/1,,martida02
1205,Curtis Partch,27,CIN,NL,6,0,0,7.0,0,0,0,0,0,,,,0,0,0.00,1.67,0.00,1.72,,,,,,,/1,,partccu01
1206,Humberto Quintero,34,SEA,AL,3,0,0,7.0,4,4,0,0,0,1.000,0,0,0,0,5.14,8.23,1.33,8.20,0,0,0,0,,0,/2,,quinthu01
1207,Hunter Strickland,25,SFG,NL,9,0,0,7.0,1,1,0,0,0,1.000,,,0,0,1.29,1.67,0.11,1.71,,,,,,,/1,,strichu01
1208,Tony Abreu,29,SFG,NL,2,0,0,6.2,3,2,1,0,0,1.000,0,36,0,0,4.05,4.05,1.50,3.60,,,,,,,/45H,,abreuto01
1209,Drake Britton,25,BOS,AL,7,0,0,6.2,1,0,1,0,0,1.000,,,0,0,1.35,1.49,0.14,1.46,,,,,,,/1,,brittdr01
1210,Arquimedes Caminero,27,MIA,NL,6,0,0,6.2,2,2,0,0,0,1.000,,,0,0,2.70,1.76,0.33,1.72,,,,,,,/1,,caminar01
1211,Erik Goeddel,25,NYM,NL,6,0,0,6.2,0,0,0,0,0,,,,0,0,0.00,1.76,0.00,1.72,,,,,,,/1,,goedder01
1212,Daniel Norris,21,TOR,AL,5,1,0,6.2,2,0,2,0,0,1.000,,,0,0,2.70,1.49,0.40,1.46,,,,,,,/1,,norrida01
1213,Guillermo Quiroz,32,SFG,NL,2,0,0,6.2,7,6,1,0,0,1.000,0,0,0,0,9.45,8.51,3.50,8.40,0,0,0,0,,0,/2,,quirogu01
1214,José Domínguez,23,LAD,NL,5,0,0,6.1,2,1,1,0,0,1.000,,,0,0,2.84,1.71,0.40,1.72,,,,,,,/1,,dominjo01
1215,Wilton López,30,COL,NL,4,0,0,6.1,1,0,1,0,0,1.000,,,0,0,1.42,1.71,0.25,1.70,,,,,,,/1,,lopezwi01
1216,Nick Maronde,24,LAA,AL,11,0,0,6.1,1,0,1,0,0,1.000,,,0,0,1.42,1.42,0.09,1.46,,,,,,,1,,maronni01
1217,Lester Oliveros,26,MIN,AL,7,0,0,6.1,0,0,0,0,0,,,,0,0,0.00,1.42,0.00,1.46,,,,,,,/1,,olivele01
1218,Blake Wood,28,CLE,AL,7,0,0,6.1,2,1,1,0,0,1.000,,,0,0,2.84,1.42,0.29,1.46,,,,,,,/1,,woodbl01
1219,Erik Cordier,28,SFG,NL,7,0,0,6.0,0,0,0,0,0,,,,0,0,0.00,1.65,0.00,1.71,,,,,,,/1,,cordier01
1220,Stephen Fife,27,LAD,NL,1,1,0,6.0,4,2,2,0,0,1.000,,,0,0,6.00,1.65,4.00,1.70,,,,,,,/1,,fifest01
1221,Jesús Montero,24,SEA,AL,1,1,0,6.0,8,8,0,0,0,1.000,0,40,0,0,12.00,9.00,8.00,8.90,,,,,,,/D3H,,monteje01
1222,Donnie Veal,29,CHW,AL,7,0,0,6.0,0,0,0,0,0,,,,0,0,0.00,1.50,0.00,1.46,,,,,,,/1,,vealdo01
1223,Phillippe Aumont,25,PHI,NL,5,0,0,5.2,0,0,0,0,0,,,,0,0,0.00,1.75,0.00,1.72,,,,,,,/1,,aumonph01
1224,Billy Buckner,30,SDP,NL,1,1,0,5.2,0,0,0,0,0,,,,0,0,0.00,1.75,0.00,1.70,,,,,,,/1,,bucknbi02
1225,Jairo Díaz,23,LAA,AL,5,0,0,5.2,0,0,0,0,0,,,,0,0,0.00,1.43,0.00,1.46,,,,,,,/1,,diazja01
1226,Pedro Hernández,25,COL,NL,1,1,0,5.2,1,0,1,0,0,1.000,,,0,0,1.59,1.75,1.00,1.70,,,,,,,/1,,hernape02
1227,Michael Kirkman,27,TEX,AL,12,0,0,5.2,0,0,0,0,0,,,,-1,-35,0.00,1.43,0.00,1.46,,,,,,,1,,kirkmmi01
1228,Rudy Owens,26,HOU,AL,1,1,0,5.2,1,0,1,0,0,1.000,,,0,0,1.59,1.43,1.00,1.50,,,,,,,/1,,owensru01
1229,Justin Germano,31,TEX,AL,2,0,0,5.1,0,0,0,0,0,,,,0,0,0.00,1.52,0.00,1.45,,,,,,,/1,,germaju01
1230,Miguel González,30,PHI,NL,6,0,0,5.1,1,0,1,0,0,1.000,,,0,0,1.69,1.69,0.17,1.72,,,,,,,/1,,gonzami05
1231,Chris Heston,26,SFG,NL,3,1,0,5.1,0,0,0,0,0,,,,0,0,0.00,1.69,0.00,1.70,,,,,,,/1,,hestoch01
1232,Rich Hill,34,2TM,AL,16,0,0,5.1,0,0,0,0,0,,,,0,0,0.00,1.52,0.00,1.46,,,,,,,1,,hillri01
1232,Rich Hill,34,LAA,AL,2,0,0,0.0,0,0,0,0,0,,,,0,,,,0.00,1.45,,,,,,,/1,,hillri01
1232,Rich Hill,34,NYY,AL,14,0,0,5.1,0,0,0,0,0,,,,0,0,0.00,1.52,0.00,1.46,,,,,,,1,,hillri01
1233,C.J. Riefenhauser,24,TBR,AL,7,0,0,5.1,1,0,1,0,0,1.000,,,0,0,1.69,1.52,0.14,1.46,,,,,,,/1,,riefecj01
1234,Taylor Thompson,27,CHW,AL,5,0,0,5.1,2,0,2,0,0,1.000,,,0,0,3.38,1.52,0.40,1.46,,,,,,,/1,,thompta01
1235,José Constanza,30,ATL,NL,3,0,0,5.0,2,2,0,0,0,1.000,0,72,-1,-240,3.60,2.16,0.67,2.10,,,,,,,/H79,,constjo01
1236,Steven Moya,22,DET,AL,5,0,0,5.0,0,0,0,0,0,,0,-24,0,0,0.00,2.34,0.00,2.26,,,,,,,/H9D,,moyast01
1237,Drew VerHagen,23,DET,AL,1,1,0,5.0,0,0,0,0,0,,,,0,0,0.00,1.44,0.00,1.50,,,,,,,/1,,verhadr01
1238,Arodys Vizcaíno,23,CHC,NL,5,0,0,5.0,0,0,0,0,0,,,,-1,-40,0.00,1.80,0.00,1.72,,,,,,,/1,,vizcaar01
1239,Joey Butler,28,STL,NL,1,0,0,4.2,1,1,0,0,0,1.000,0,103,0,0,1.93,2.12,1.00,2.10,,,,,,,/H9,,butlejo04
1240,José Cisnero,25,HOU,AL,5,0,0,4.2,0,0,0,0,0,,,,0,0,0.00,1.54,0.00,1.46,,,,,,,/1,,cisnejo01
1241,Ryan Dennick,27,CIN,NL,8,0,0,4.2,1,0,1,0,0,1.000,,,0,0,1.93,1.74,0.13,1.71,,,,,,,/1,,denniry01
1242,Kendall Graveman,23,TOR,AL,5,0,0,4.2,2,1,1,0,0,1.000,,,0,0,3.86,1.54,0.40,1.46,,,,,,,/1,,graveke01
1243,Josh Lindblom,27,OAK,AL,1,1,0,4.2,0,0,0,0,0,,,,0,0,0.00,1.54,0.00,1.50,,,,,,,/1,,lindbjo01
1244,Red Patterson,27,LAD,NL,1,1,0,4.2,2,1,1,0,0,1.000,,,0,0,3.86,1.74,2.00,1.70,,,,,,,/1,,pattere02
1245,Pedro Beato,27,ATL,NL,3,0,0,4.1,0,0,0,0,0,,,,0,0,0.00,1.66,0.00,1.70,,,,,,,/1,,beatope01
1246,Danny Coulombe,24,LAD,NL,5,0,0,4.1,0,0,0,0,0,,,,0,0,0.00,1.66,0.00,1.72,,,,,,,/1,,couloda01
1247,Scott Elbert,28,LAD,NL,7,0,0,4.1,1,1,0,0,0,1.000,,,0,0,2.08,1.66,0.14,1.71,,,,,,,/1,,elbersc01
1248,Blake Beavan,25,SEA,AL,1,1,0,4.0,1,0,1,0,0,1.000,,,0,0,2.25,1.35,1.00,1.50,,,,,,,/1,,beavabl01
1249,Bruce Billings,28,NYY,AL,1,0,0,4.0,0,0,0,0,0,,,,0,0,0.00,1.35,0.00,1.50,,,,,,,/1,,billibr02
1250,Terrance Gore,23,KCR,AL,2,0,0,4.0,1,1,0,0,0,1.000,1,150,0,0,2.25,2.25,0.50,2.25,,,,,,,/HD7,,gorete01
1251,Phil Irwin,27,TEX,AL,1,1,0,4.0,0,0,0,0,0,,,,0,0,0.00,1.35,0.00,1.50,,,,,,,/1,,irwinph01
1252,John Lannan,29,NYM,NL,5,0,0,4.0,1,0,1,0,0,1.000,,,0,0,2.25,1.80,0.20,1.72,,,,,,,/1,,lannajo01
1253,Ethan Martin,25,PHI,NL,2,0,0,4.0,0,0,0,0,0,,,,0,0,0.00,1.80,0.00,1.70,,,,,,,/1,,martiet01
1254,Tommy Pham,26,STL,NL,2,0,0,4.0,2,2,0,0,0,1.000,0,60,0,0,4.50,2.03,1.00,2.10,,,,,,,/H79,,phamth01
1255,Seth Rosin,25,TEX,AL,3,0,0,4.0,0,0,0,0,0,,,,0,0,0.00,1.35,0.00,1.47,,,,,,,/1,,rosinse01
1256,Joe Savery,28,OAK,AL,3,0,0,4.0,0,0,0,0,0,,,,0,0,0.00,1.35,0.00,1.47,,,,,,,/1,,saverjo01
1257,Matt West,25,TEX,AL,3,0,0,4.0,0,0,0,0,0,,,,0,0,0.00,1.35,0.00,1.47,,,,,,,/1,,westma03
1258,Frank Francisco,34,CHW,AL,4,0,0,3.2,0,0,0,0,0,,,,-1,-55,0.00,1.47,0.00,1.45,,,,,,,/1,,francfr01
1259,Bobby LaFromboise,28,PIT,NL,6,0,0,3.2,0,0,0,0,0,,,,0,0,0.00,1.72,0.00,1.72,,,,,,,/1,,lafrobo01
1260,Wilfredo Tovar,22,NYM,NL,1,0,0,3.2,1,0,1,0,0,1.000,0,98,0,0,2.45,4.42,1.00,4.30,,,,,,,/6H,,tovarwi01
1261,Raúl Valdés,36,HOU,AL,8,0,0,3.2,0,0,0,0,0,,,,0,0,0.00,1.47,0.00,1.46,,,,,,,/1,,valdera02
1262,Brett Bochy,26,SFG,NL,3,0,0,3.1,0,0,0,0,0,,,,0,0,0.00,1.62,0.00,1.70,,,,,,,/1,,bochybr02
1263,Shawn Camp,38,PHI,NL,3,0,0,3.1,0,0,0,0,0,,,,0,0,0.00,1.62,0.00,1.70,,,,,,,/1,,campsh01
1264,Bobby Korecky,34,TOR,AL,2,0,0,3.1,0,0,0,0,0,,,,0,0,0.00,1.35,0.00,1.45,,,,,,,/1,,korecbo01
1265,David Carpenter,26,LAA,AL,1,0,0,3.0,2,1,1,0,0,1.000,,,0,0,6.00,1.50,2.00,1.50,,,,,,,/1,,carpeda02
1266,Jaff Decker,24,PIT,NL,2,0,0,3.0,0,0,0,0,0,,0,0,0,0,0.00,2.10,0.00,2.10,,,,,,,/H7,,deckeja01
1267,Kyle Drabek,26,TOR,AL,2,0,0,3.0,0,0,0,0,0,,,,0,0,0.00,1.50,0.00,1.45,,,,,,,/1,,drabeky01
1268,Aaron Brooks,24,KCR,AL,2,1,0,2.2,1,0,1,0,1,1.000,,,0,0,3.38,1.35,0.50,1.45,,,,,,,/1,,brookaa01
1269,Bradin Hagens,25,ARI,NL,2,0,0,2.2,1,0,1,0,0,1.000,,,0,0,3.38,1.69,0.50,1.70,,,,,,,/1,,hagenbr01
1270,Daniel Hudson,27,ARI,NL,3,0,0,2.2,0,0,0,0,0,,,,0,0,0.00,1.69,0.00,1.70,,,,,,,/1,,hudsoda01
1271,Charles Leesman,27,CHW,AL,1,1,0,2.2,0,0,0,0,0,,,,0,0,0.00,1.35,0.00,1.50,,,,,,,/1,,leesmch01
1272,Jim Miller,32,NYY,AL,2,0,0,2.2,0,0,0,0,0,,,,0,0,0.00,1.35,0.00,1.45,,,,,,,/1,,milleji02
1273,Bryan Price,27,CLE,AL,3,0,0,2.2,0,0,0,0,0,,,,0,0,0.00,1.35,0.00,1.47,,,,,,,/1,,pricebr10
1274,Luke Putkonen,28,DET,AL,2,0,0,2.2,1,1,0,0,0,1.000,,,0,0,3.38,1.35,0.50,1.45,,,,,,,/1,,putkolu01
1275,Dane De La Rosa,31,LAA,AL,3,0,0,2.1,4,0,4,0,0,1.000,,,0,0,15.43,1.54,1.33,1.47,,,,,,,/1,,delarda01
1276,Brad Lincoln,29,PHI,NL,2,0,0,2.1,0,0,0,0,0,,,,0,0,0.00,1.54,0.00,1.70,,,,,,,/1,,lincobr01
1277,Daniel McCutchen,31,TEX,AL,1,0,0,2.1,0,0,0,0,0,,,,0,0,0.00,1.54,0.00,1.50,,,,,,,/1,,mccutda01
1278,Scott Snodgress,24,CHW,AL,4,0,0,2.1,0,0,0,0,0,,,,0,0,0.00,1.54,0.00,1.45,,,,,,,/1,,snodgsc01
1279,Héctor Ambriz,30,SDP,NL,1,0,0,2.0,0,0,0,0,0,,,,0,0,0.00,1.80,0.00,1.70,,,,,,,/1,,ambrihe01
1280,Keith Butler,25,STL,NL,2,0,0,2.0,0,0,0,0,0,,,,0,0,0.00,1.80,0.00,1.70,,,,,,,/1,,butleke01
1281,Edwin Escobar,22,BOS,AL,2,0,0,2.0,0,0,0,0,0,,,,0,0,0.00,1.35,0.00,1.45,,,,,,,/1,,escobed02
1282,Mike Kickham,25,SFG,NL,2,0,0,2.0,1,0,1,0,0,1.000,,,0,0,4.50,1.80,0.50,1.70,,,,,,,/1,,kickhmi01
1283,Chris Leroux,30,NYY,AL,2,0,0,2.0,0,0,0,0,0,,,,0,0,0.00,1.35,0.00,1.45,,,,,,,/1,,lerouch01
1284,Justin Marks,26,KCR,AL,1,0,0,2.0,0,0,0,0,0,,,,0,0,0.00,1.35,0.00,1.50,,,,,,,/1,,marksju01
1285,Melvin Mercedes,23,DET,AL,1,0,0,2.0,1,0,1,0,0,1.000,,,0,0,4.50,1.35,1.00,1.50,,,,,,,/1,,merceme01
1286,Wilking Rodríguez,24,KCR,AL,2,0,0,2.0,1,0,1,0,0,1.000,,,0,0,4.50,1.35,0.50,1.45,,,,,,,/1,,rodriwi02
1287,Chaz Roe,27,NYY,AL,3,0,0,2.0,1,1,0,0,0,1.000,,,0,0,4.50,1.35,0.33,1.47,,,,,,,/1,,roech01
1288,Stephen Pryor,24,SEA,AL,1,0,0,1.2,0,0,0,0,0,,,,0,0,0.00,1.62,0.00,1.50,,,,,,,/1,,pryorst01
1289,Henry Rodríguez,27,MIA,NL,2,0,0,1.2,0,0,0,0,0,,,,0,0,0.00,1.62,0.00,1.70,,,,,,,/1,,rodrihe03
1290,Dario Álvarez,25,NYM,NL,4,0,0,1.1,0,0,0,0,0,,,,0,0,0.00,1.35,0.00,1.70,,,,,,,/1,,alvarda01
1291,José Ortega,25,DET,AL,1,0,0,1.1,0,0,0,0,0,,,,0,0,0.00,1.35,0.00,1.50,,,,,,,/1,,ortegjo01
1292,Joe Paterson,28,ARI,NL,3,0,0,1.1,0,0,0,0,0,,,,0,0,0.00,1.35,0.00,1.70,,,,,,,/1,,paterjo01
1293,Kevin Whelan,30,DET,AL,1,0,0,1.1,0,0,0,0,0,,,,0,0,0.00,1.35,0.00,1.50,,,,,,,/1,,whelake01
1294,Corey Brown,28,BOS,AL,1,0,0,1.0,1,1,0,0,0,1.000,1,600,1,1200,9.00,2.70,1.00,2.30,,,,,,,/H9D,,brownco01
1295,Ryan Buchter,27,ATL,NL,1,0,0,1.0,0,0,0,0,0,,,,0,0,0.00,1.80,0.00,1.70,,,,,,,/1,,buchtry01
1296,César Cabral,25,NYY,AL,4,0,0,1.0,0,0,0,0,0,,,,0,0,0.00,1.80,0.00,1.45,,,,,,,/1,,cabrace01
1297,Hector Neris,25,PHI,NL,1,0,0,1.0,0,0,0,0,0,,,,0,0,0.00,1.80,0.00,1.70,,,,,,,/1,,nerishe01
1298,Sean Nolin,24,TOR,AL,1,0,0,1.0,0,0,0,0,0,,,,0,0,0.00,1.80,0.00,1.50,,,,,,,/1,,nolinse01
1299,Matt Pagnozzi,31,MIL,NL,1,0,0,1.0,2,2,0,0,0,1.000,0,0,0,0,18.00,8.10,2.00,8.40,0,0,0,0,,0,/2,,pagnoma01
1300,Bobby Parnell,29,NYM,NL,1,0,0,1.0,0,0,0,0,0,,,,0,0,0.00,1.80,0.00,1.70,,,,,,,/1,,parnebo01
1301,Francisco Peña,24,KCR,AL,1,0,0,1.0,1,0,1,0,0,1.000,0,0,1,1200,9.00,8.10,1.00,8.20,0,0,0,1,100.0,0,/2,,penafr01
1302,Ramón Ramírez,32,BAL,AL,1,0,0,1.0,1,1,0,0,0,1.000,,,0,0,9.00,1.80,1.00,1.50,,,,,,,/1,,ramirra02
1303,Jorge Rondon,26,STL,NL,1,0,0,1.0,0,0,0,0,0,,,,0,0,0.00,1.80,0.00,1.70,,,,,,,/1,,rondojo01
1304,Sam Tuivailala,21,STL,NL,2,0,0,1.0,0,0,0,0,0,,,,0,0,0.00,1.80,0.00,1.70,,,,,,,/1,,tuivasa01
1305,Josh Wall,27,LAA,AL,2,0,0,1.0,0,0,0,0,0,,,,0,0,0.00,1.80,0.00,1.45,,,,,,,/1,,walljo02
1306,José Álvarez,25,LAA,AL,2,0,0,0.2,0,0,0,0,0,,,,0,0,0.00,1.35,0.00,1.45,,,,,,,/1,,alvarjo02
1307,Trevor Bell,27,CIN,NL,2,0,0,0.2,0,0,0,0,0,,,,0,0,0.00,1.35,0.00,1.70,,,,,,,/1,,belltr01
1308,Sean Burnett,31,LAA,AL,3,0,0,0.2,0,0,0,0,0,,,,0,0,0.00,1.35,0.00,1.47,,,,,,,/1,,burnese01
1309,Chase d'Arnaud,27,PIT,NL,1,0,0,0.2,0,0,0,0,0,,0,0,0,0,0.00,4.05,0.00,4.30,,,,,,,/H6,,darnach01
1310,Jake Dunning,25,SFG,NL,1,0,0,0.2,0,0,0,0,0,,,,0,0,0.00,1.35,0.00,1.70,,,,,,,/1,,dunnija01
1311,Jarrett Grube,32,LAA,AL,1,0,0,0.2,0,0,0,0,0,,,,0,0,0.00,1.35,0.00,1.50,,,,,,,/1,,grubeja01
1312,Donnie Joseph,26,KCR,AL,1,0,0,0.2,0,0,0,0,0,,,,0,0,0.00,1.35,0.00,1.50,,,,,,,/1,,josepdo01
1313,Nate Jones,28,CHW,AL,2,0,0,0.0,0,0,0,0,0,,,,0,,,,0.00,1.45,,,,,,,/1,,jonesna01
,MLB Average,,,,,,,,,,,,,.984,,0,,0,4.10,,2.83,,,,,,27.2,,,,-9999