Rk,Player,Age,Team,Lg,G,GS,CG,Inn,Ch,PO,A,E,DP,Fld%,Rtot,Rtot/yr,Rdrs,Rdrs/yr,RF/9,lgRF9,RF/G,lgRFG,PB,WP,SB,CS,CS%,Pick,Pos,Awards,-9999
1,Adam Jones,26,BAL,AL,162,161,151,1458.0,454,439,7,8,0,.982,12,10,-13,-11,2.75,2.17,2.75,2.16,,,,,,,*8/D,ASMVP-6GG,jonesad01
2,J.J. Hardy,29,BAL,AL,158,158,149,1439.0,779,244,529,6,113,.992,19,16,18,15,4.83,4.43,4.89,4.40,,,,,,,*6,GG,hardyjj01
3,Alex Gordon,28,KCR,AL,160,159,158,1424.1,338,319,17,2,3,.994,3,3,24,20,2.12,2.17,2.10,2.16,,,,,,,*7/H,GG,gordoal01
4,José Reyes,29,MIA,NL,160,160,154,1410.2,663,226,419,18,105,.973,-8,-7,-16,-14,4.12,4.26,4.03,4.21,,,,,,,*6,,reyesjo01
5,Hunter Pence,29,2TM,NL,159,158,152,1408.1,289,271,11,7,0,.976,-11,-9,-6,-5,1.80,2.11,1.77,2.09,,,,,,,*9/H,MVP-32,pencehu01
5,Hunter Pence,29,PHI,NL,101,100,99,901.2,175,161,9,5,0,.971,-11,-15,-4,-5,1.70,2.11,1.68,2.09,,,,,,,9/H,,pencehu01
5,Hunter Pence,29,SFG,NL,58,58,53,506.2,114,110,2,2,0,.982,1,2,-2,-5,1.99,2.11,1.93,2.09,,,,,,,9/H,,pencehu01
6,Starlin Castro,22,CHC,NL,162,161,159,1402.2,758,266,465,27,97,.964,-3,-2,3,3,4.69,4.26,4.51,4.21,,,,,,,*6,AS,castrst01
7,Chase Headley,28,SDP,NL,160,159,153,1399.0,425,100,315,10,20,.976,7,6,-3,-3,2.67,2.46,2.59,2.46,,,,,,,*5/H3,MVP-5GGSS,headlch01
8,Prince Fielder,28,DET,AL,159,159,154,1392.2,1372,1256,105,11,113,.992,1,1,-4,-3,8.80,9.27,8.56,9.22,,,,,,,*3/D,ASMVP-9SS,fieldpr01
9,Alexei Ramírez,30,CHW,AL,158,157,153,1392.0,673,227,434,12,93,.982,11,9,14,12,4.27,4.43,4.18,4.40,,,,,,,*6/H,,ramiral03
10,Alcides Escobar,25,KCR,AL,155,155,152,1379.2,669,242,408,19,97,.972,-18,-15,-2,-2,4.24,4.43,4.19,4.40,,,,,,,*6,,escobal02
11,Danny Espinosa,25,WSN,NL,158,153,142,1378.2,687,235,439,13,90,.981,19,17,7,6,4.40,4.66,4.16,4.61,,,,,,,*46/H,,espinda01
12,Adrián González,30,2TM,2LG,158,157,130,1373.0,1425,1282,138,5,135,.996,13,11,14,12,9.31,8.62,8.40,8.46,,,,,,,*39/DH,,gonzaad01
12,Adrián González,30,BOS,AL,122,121,96,1052.0,1076,967,105,4,101,.996,12,14,11,13,9.17,8.41,8.06,8.26,,,,,,,*39/DH,,gonzaad01
12,Adrián González,30,LAD,NL,36,36,34,321.0,349,315,33,1,34,.997,1,4,3,11,9.76,9.29,9.67,9.18,,,,,,,3,,gonzaad01
13,Martín Prado,28,ATL,NL,156,154,138,1370.1,353,250,99,4,23,.989,16,14,18,16,2.29,2.62,2.04,2.62,,,,,,,*7564/3H,MVP-20,pradoma01
14,Alex Ríos,31,CHW,AL,156,156,147,1369.0,349,333,9,7,2,.980,27,24,7,6,2.25,2.17,2.19,2.16,,,,,,,*9/H,MVP-15,riosal01
15,Curtis Granderson,31,NYY,AL,157,152,149,1364.1,349,346,3,0,0,1.000,-6,-5,-7,-6,2.30,2.17,2.22,2.16,,,,,,,*8/HD,AS,grandcu01
16,Andrew McCutchen,25,PIT,NL,156,156,148,1364.0,371,367,3,1,1,.997,13,12,-6,-5,2.44,2.11,2.37,2.09,,,,,,,*8/H,ASMVP-3GGSS,mccutan01
17,Jimmy Rollins,33,PHI,NL,156,152,149,1364.0,594,204,377,13,74,.978,-6,-5,-8,-7,3.83,4.26,3.72,4.21,,,,,,,*6/H,GG,rolliji01
18,Hanley Ramírez,28,2TM,NL,154,153,146,1363.2,443,141,287,15,55,.966,-7,-6,-18,-16,2.82,3.12,2.76,3.08,,,,,,,56/DH,,ramirha01
18,Hanley Ramírez,28,MIA,NL,90,89,85,790.1,197,66,122,9,20,.954,-7,-10,-10,-15,2.14,2.45,2.09,2.42,,,,,,,5/DH,,ramirha01
18,Hanley Ramírez,28,LAD,NL,64,64,61,573.1,246,75,165,6,35,.976,0,-1,-8,-17,3.77,4.04,3.69,3.99,,,,,,,6/5,,ramirha01
19,Jason Heyward,22,ATL,NL,156,151,149,1355.2,351,335,11,5,4,.986,23,20,17,15,2.30,2.11,2.22,2.09,,,,,,,*9/H8,MVP-28GG,heywaja01
20,David Wright,29,NYM,NL,155,155,146,1354.1,386,107,269,10,20,.974,8,7,16,14,2.50,2.46,2.41,2.43,,,,,,,*5/6H,ASMVP-6,wrighda03
21,Shane Victorino,31,2TM,NL,154,151,145,1351.1,353,342,9,2,4,.994,-9,-8,7,6,2.34,2.11,2.28,2.09,,,,,,,*87/9,,victosh01
21,Shane Victorino,31,PHI,NL,101,99,98,883.2,240,232,7,1,3,.996,-13,-18,1,1,2.43,2.11,2.37,2.09,,,,,,,8,,victosh01
21,Shane Victorino,31,LAD,NL,53,52,47,467.2,113,110,2,1,1,.991,4,10,6,15,2.16,2.11,2.11,2.09,,,,,,,7/89,,victosh01
22,Kyle Seager,24,SEA,AL,152,151,143,1349.1,430,139,278,13,37,.970,5,4,-4,-4,2.78,2.81,2.67,2.82,,,,,,,*54/DH,,seageky01
23,Dan Uggla,32,ATL,NL,152,151,149,1348.1,741,258,471,12,103,.984,9,8,4,4,4.87,4.77,4.80,4.72,,,,,,,*4/H,AS,ugglada01
24,Ichiro Suzuki,38,2TM,AL,156,148,131,1346.1,305,299,5,1,0,.997,2,2,5,4,2.03,2.17,1.95,2.16,,,,,,,*97/8HD,,suzukic01
24,Ichiro Suzuki,38,SEA,AL,93,93,93,836.0,202,198,3,1,0,.995,7,9,12,17,2.16,2.17,2.16,2.16,,,,,,,9/D,,suzukic01
24,Ichiro Suzuki,38,NYY,AL,63,55,38,510.1,103,101,2,0,0,1.000,-4,-10,-7,-16,1.82,2.17,1.63,2.16,,,,,,,97/8HD,,suzukic01
25,Rickie Weeks,29,MIL,NL,152,152,139,1344.1,626,236,374,16,78,.974,-18,-16,-30,-27,4.08,4.77,4.01,4.72,,,,,,,*4/HD,,weeksri01
26,Jay Bruce,25,CIN,NL,154,149,146,1343.1,311,297,8,6,1,.981,4,3,-1,-1,2.04,2.11,1.98,2.09,,,,,,,*9/H,ASMVP-10SS,bruceja01
27,Robinson Canó,29,NYY,AL,154,150,147,1343.1,726,285,435,6,92,.992,10,9,15,13,4.82,4.63,4.68,4.60,,,,,,,*4/DH,ASMVP-4GGSS,canoro01
28,Ben Zobrist,31,TBR,AL,153,152,120,1341.2,496,232,252,12,55,.976,-4,-3,5,4,3.25,3.58,2.75,3.56,,,,,,,946/D,MVP-18,zobribe01
29,Michael Bourn,29,ATL,NL,153,151,148,1340.1,388,383,3,2,0,.995,35,32,23,21,2.59,2.11,2.52,2.09,,,,,,,*8/H,ASMVP-18,bournmi01
30,Aaron Hill,30,ARI,NL,153,151,144,1336.2,757,264,487,6,94,.992,16,14,-2,-2,5.06,4.77,4.91,4.72,,,,,,,*4/H,MVP-26SS,hillaa01
31,Elvis Andrus,23,TEX,AL,153,150,145,1333.0,663,233,414,16,91,.976,4,4,8,7,4.37,4.43,4.23,4.40,,,,,,,*6/DH,AS,andruel01
32,Shin-Soo Choo,29,CLE,AL,154,151,142,1331.2,302,293,7,2,1,.993,-16,-14,-10,-9,2.03,2.17,1.95,2.16,,,,,,,*9/H,,choosh01
33,Miguel Cabrera,29,DET,AL,154,154,142,1325.0,387,131,243,13,32,.966,-9,-8,-4,-4,2.54,2.62,2.40,2.68,,,,,,,*5/D3,ASMVP-1SS,cabremi01
34,Adam LaRoche,32,WSN,NL,153,149,134,1323.1,1367,1260,100,7,113,.995,14,13,8,7,9.25,9.29,8.89,9.18,,,,,,,*3/H,MVP-6GGSS,larocad01
35,Ryan Braun,28,MIL,NL,151,151,129,1318.0,288,276,6,6,1,.979,5,4,6,5,1.93,2.11,1.87,2.09,,,,,,,*7/DH,ASMVP-2SS,braunry02
36,Dustin Ackley,24,SEA,AL,147,147,138,1317.2,695,289,398,8,96,.988,2,2,11,10,4.69,4.83,4.49,4.93,,,,,,,*43/DH,,ackledu01
37,Mike Moustakas,23,KCR,AL,149,147,143,1314.1,454,127,312,15,41,.967,12,11,14,13,3.01,2.60,2.95,2.59,,,,,,,*5,,moustmi01
38,Matt Holliday,32,STL,NL,152,152,123,1312.2,235,226,6,3,1,.987,-11,-10,-6,-5,1.59,2.11,1.53,2.09,,,,,,,*7/HD,ASMVP-11,hollima01
39,Gordon Beckham,25,CHW,AL,149,148,143,1308.2,698,280,411,7,110,.990,-1,-1,-6,-6,4.75,4.63,4.64,4.60,,,,,,,*4/HD,,beckhgo01
40,Nelson Cruz,31,TEX,AL,151,148,132,1307.0,301,288,9,4,2,.987,7,6,-12,-11,2.05,2.17,1.97,2.16,,,,,,,*9/D7H,,cruzne02
41,Marco Scutaro,36,2TM,NL,155,149,131,1302.2,723,284,426,13,92,.982,1,1,-10,-9,4.91,4.45,4.44,4.42,,,,,,,*465/H,,scutama01
41,Marco Scutaro,36,COL,NL,95,90,82,792.1,482,179,294,9,62,.981,7,10,-6,-9,5.37,4.63,4.78,4.58,,,,,,,46,,scutama01
41,Marco Scutaro,36,SFG,NL,60,59,49,510.1,241,105,132,4,30,.983,-5,-13,-4,-9,4.18,4.17,3.89,4.15,,,,,,,45/H,,scutama01
42,Jeff Francoeur,28,KCR,AL,147,146,142,1299.1,265,242,19,4,3,.985,-3,-3,-11,-10,1.81,2.17,1.78,2.16,,,,,,,*9/8HD,,francje02
43,Jason Kipnis,25,CLE,AL,146,145,142,1293.1,687,241,440,6,94,.991,10,10,3,3,4.74,4.63,4.66,4.60,,,,,,,*4/DH,,kipnija01
44,Eric Hosmer,22,KCR,AL,150,144,142,1293.0,1298,1184,104,10,132,.992,-15,-14,-6,-6,8.97,9.18,8.53,9.08,,,,,,,*3/9H,,hosmeer01
45,Freddie Freeman,22,ATL,NL,146,145,142,1289.1,1381,1295,74,12,122,.991,-3,-3,3,3,9.56,9.29,9.38,9.18,,,,,,,*3/H,,freemfr01
46,Darwin Barney,26,CHC,NL,155,147,137,1281.1,744,315,426,3,98,.996,16,15,29,27,5.20,4.77,4.69,4.71,,,,,,,*4/H6,GG,barneda01
47,Justin Upton,24,ARI,NL,149,148,138,1280.2,320,309,6,5,2,.984,-5,-5,1,1,2.21,2.11,2.11,2.09,,,,,,,*9/H,,uptonju01
48,Ryan Zimmerman,27,WSN,NL,145,144,131,1280.1,379,76,284,19,28,.950,-1,-1,-1,-1,2.53,2.45,2.48,2.42,,,,,,,*5/H,MVP-24,zimmery01
49,Ángel Pagán,30,SFG,NL,151,148,131,1279.1,389,377,7,5,2,.987,12,11,-5,-5,2.70,2.11,2.54,2.09,,,,,,,*8/HD,MVP-32,paganan01
50,Josh Reddick,25,OAK,AL,144,141,133,1279.1,331,310,15,6,3,.982,5,5,15,14,2.29,2.17,2.26,2.16,,,,,,,*98D/H,MVP-16GG,reddijo01
51,Jhonny Peralta,30,DET,AL,149,145,139,1277.2,595,229,359,7,75,.988,1,1,-1,-1,4.14,4.43,3.95,4.40,,,,,,,*6/DH,,peraljh01
52,Yonder Alonso,25,SDP,NL,149,144,138,1276.1,1377,1269,96,12,77,.991,6,5,2,2,9.63,9.29,9.16,9.18,,,,,,,*3/H,ROY-6,alonsyo01
53,Omar Infante,30,2TM,2LG,147,143,139,1273.1,704,233,453,18,98,.974,8,7,7,7,4.85,4.67,4.57,4.59,,,,,,,*4/5H,,infanom01
53,Omar Infante,30,MIA,NL,83,82,81,731.2,435,149,278,8,71,.982,5,8,4,7,5.25,4.77,5.14,4.72,,,,,,,4/H,,infanom01
53,Omar Infante,30,DET,AL,64,61,58,541.2,269,84,175,10,27,.963,3,6,3,7,4.30,4.53,3.87,4.42,,,,,,,4/5H,,infanom01
54,Pedro Álvarez,25,PIT,NL,145,143,139,1273.0,364,73,264,27,23,.926,-8,-7,-5,-5,2.38,2.45,2.32,2.42,,,,,,,*5/HD,,alvarpe01
55,Ian Kinsler,30,TEX,AL,144,144,138,1267.0,607,203,386,18,81,.970,-3,-2,1,1,4.18,4.63,4.06,4.59,,,,,,,*4D/5,AS,kinslia01
56,Andre Ethier,30,LAD,NL,147,143,132,1265.1,244,238,3,3,1,.988,-9,-8,0,0,1.71,2.11,1.64,2.09,,,,,,,*9/DH8,,ethiean01
57,Corey Hart,30,MIL,NL,147,146,112,1257.1,883,813,64,6,67,.993,-17,-17,-6,-6,6.28,6.96,5.62,6.77,,,,,,,39/H,,hartco01
58,B.J. Upton,27,TBR,AL,142,141,131,1254.2,303,290,10,3,4,.990,-3,-3,-5,-5,2.15,2.17,2.11,2.16,,,,,,,*8/DH,,uptonbj01
59,Brandon Phillips,31,CIN,NL,146,144,130,1251.0,637,241,391,5,73,.992,4,4,11,11,4.55,4.77,4.33,4.72,,,,,,,*4/H,MVP-13,phillbr01
60,Yunel Escobar,29,TOR,AL,143,140,135,1250.2,683,240,431,12,100,.982,17,17,14,14,4.83,4.43,4.69,4.40,,,,,,,*6/HD,,escobyu01
61,Carlos Lee,36,2TM,NL,145,145,135,1250.2,1329,1219,104,6,114,.995,4,3,-5,-5,9.52,9.29,9.12,9.18,,,,,,,*3/DH,,leeca01
61,Carlos Lee,36,HOU,NL,65,65,56,555.0,623,576,44,3,46,.995,-1,-2,-2,-4,10.05,9.29,9.54,9.18,,,,,,,3/D,,leeca01
61,Carlos Lee,36,MIA,NL,80,80,79,695.2,706,643,60,3,68,.996,4,7,-3,-5,9.09,9.29,8.79,9.18,,,,,,,3/H,,leeca01
62,Howie Kendrick,28,LAA,AL,143,142,132,1249.2,667,244,408,15,81,.978,7,7,2,2,4.70,4.64,4.44,4.63,,,,,,,*4/H37D,,kendrho01
63,Aramis Ramírez,34,MIL,NL,143,143,125,1242.1,300,71,222,7,14,.977,6,6,4,4,2.12,2.45,2.05,2.42,,,,,,,*5/DH,MVP-9,ramirar01
64,Colby Rasmus,25,TOR,AL,145,138,131,1237.1,317,304,7,6,1,.981,13,12,7,7,2.26,2.17,2.14,2.16,,,,,,,*8/HD,,rasmuco01
65,Michael Brantley,25,CLE,AL,144,140,132,1237.0,342,336,5,1,3,.997,-11,-11,0,0,2.48,2.17,2.37,2.16,,,,,,,*8/HD,,brantmi02
66,Carlos Peña,34,TBR,AL,153,134,128,1237.0,1284,1182,95,7,119,.995,-5,-4,0,0,9.29,9.27,8.35,9.22,,,,,,,*3H/D,,penaca01
67,Jose Altuve,22,HOU,NL,147,142,135,1226.2,678,257,410,11,83,.984,-11,-10,-18,-18,4.89,4.77,4.54,4.72,,,,,,,*4/H,AS,altuvjo01
68,Mike Trout,20,LAA,AL,139,138,96,1225.2,347,340,3,4,1,.988,13,13,19,19,2.52,2.17,2.47,2.16,,,,,,,*87/9H,ASMVP-2ROY-1SS,troutmi01
69,Ike Davis,25,NYM,NL,148,137,126,1222.1,1235,1156,71,8,106,.994,3,2,-3,-3,9.03,9.29,8.29,9.18,,,,,,,*3H,,davisik02
70,Dustin Pedroia,28,BOS,AL,139,139,126,1216.0,625,228,392,5,100,.992,10,10,11,11,4.59,4.63,4.46,4.60,,,,,,,*4/D,,pedrodu01
71,Cameron Maybin,25,SDP,NL,145,136,128,1210.1,337,330,4,3,1,.991,7,7,7,7,2.48,2.11,2.30,2.09,,,,,,,*8/H,,maybica01
72,Paul Goldschmidt,24,ARI,NL,139,136,133,1205.1,1306,1234,65,7,106,.995,-4,-4,1,1,9.70,9.29,9.35,9.18,,,,,,,*3/H,,goldspa01
73,Miguel Montero,28,ARI,NL,139,136,127,1190.0,1095,1008,78,9,8,.992,10,10,9,9,8.21,8.36,7.81,8.26,5,38,44,32,42.1,3,*2/H,MVP-32,montemi01
74,Erick Aybar,28,LAA,AL,139,137,129,1189.2,606,232,359,15,86,.975,1,1,3,3,4.47,4.43,4.25,4.40,,,,,,,*6/H,,aybarer01
75,Buster Posey,25,SFG,NL,140,140,106,1189.0,1144,1059,75,10,22,.991,4,4,15,15,8.58,8.53,7.93,8.45,2,26,87,38,30.4,2,*23/HD,ASMVP-1SS,poseybu01
76,Matt Wieters,26,BAL,AL,134,132,122,1188.2,1056,994,52,10,7,.991,12,12,13,13,7.92,7.99,7.81,7.94,5,27,51,32,38.6,1,*2/DH,ASMVP-21GG,wietema01
77,Daniel Murphy,27,NYM,NL,144,136,111,1188.1,618,274,329,15,74,.976,-7,-7,-10,-10,4.57,5.00,4.02,5.08,,,,,,,*4H3,,murphda08
78,Michael Saunders,25,SEA,AL,136,133,126,1188.1,323,315,4,4,1,.988,-9,-9,-10,-10,2.42,2.17,2.35,2.16,,,,,,,*87/H9,,saundmi01
79,Bryce Harper,19,WSN,NL,138,133,98,1188.0,326,311,8,7,3,.979,7,7,14,14,2.42,2.11,2.31,2.09,,,,,,,*89/7H,ASMVP-30ROY-1,harpebr03
80,Derek Jeter,38,NYY,AL,135,133,128,1186.1,506,172,324,10,67,.980,-11,-11,-18,-18,3.76,4.43,3.67,4.40,,,,,,,*6D,ASMVP-7SS,jeterde01
81,Austin Jackson,25,DET,AL,137,135,130,1184.0,345,339,5,1,1,.997,-9,-9,6,6,2.61,2.17,2.51,2.16,,,,,,,*8/H,,jacksau01
82,Alfonso Soriano,36,CHC,NL,145,143,98,1183.0,266,253,12,1,6,.996,11,11,-5,-5,2.02,2.11,1.83,2.09,,,,,,,*7/DH,MVP-20,soriaal01
83,Kelly Johnson,30,TOR,AL,136,133,123,1179.2,644,247,386,11,100,.983,2,2,5,5,4.83,4.63,4.65,4.60,,,,,,,*4/HD,,johnske05
84,Carlos Beltrán,35,STL,NL,133,132,109,1174.0,233,221,10,2,0,.991,-2,-2,5,5,1.77,2.11,1.74,2.09,,,,,,,*9H/8D,ASMVP-26,beltrca01
85,Josh Hamilton,31,TEX,AL,138,136,77,1172.0,285,273,5,7,2,.975,-12,-13,-8,-8,2.13,2.17,2.01,2.16,,,,,,,*87D/9H,ASMVP-5SS,hamiljo03
86,Brendan Ryan,30,SEA,AL,138,134,118,1170.2,601,196,396,9,104,.985,9,10,27,28,4.55,4.43,4.29,4.40,,,,,,,*6/H,,ryanbr01
87,Yadier Molina,29,STL,NL,136,133,114,1170.1,1066,973,90,3,12,.997,16,16,29,30,8.17,8.37,7.65,8.28,6,36,38,35,47.9,5,*2/H3,ASMVP-4GG,molinya01
88,Nick Swisher,31,NYY,AL,135,134,111,1166.2,497,469,22,6,23,.988,6,6,7,7,3.79,3.75,3.27,4.09,,,,,,,*93D/H,,swishni01
89,Jamey Carroll,38,MIN,AL,137,130,117,1163.2,582,193,377,12,85,.979,1,1,13,14,4.41,4.08,3.88,3.95,,,,,,,456/H,,carroja01
90,Zack Cozart,26,CIN,NL,138,131,125,1163.2,567,204,349,14,68,.975,5,5,12,12,4.28,4.26,4.01,4.21,,,,,,,*6/H,,cozarza01
91,Asdrúbal Cabrera,26,CLE,AL,136,133,121,1161.1,650,223,408,19,99,.971,10,10,-5,-5,4.89,4.43,4.64,4.40,,,,,,,*6/DH,AS,cabreas01
92,Clint Barmes,33,PIT,NL,143,135,109,1161.0,562,147,399,16,72,.972,12,12,13,14,4.23,4.27,3.82,4.24,,,,,,,*6/H3,,barmecl01
93,Justin Smoak,25,SEA,AL,131,129,125,1155.2,1168,1094,70,4,119,.997,-3,-3,0,0,9.06,9.27,8.89,9.22,,,,,,,*3/D,,smoakju01
94,David Freese,29,STL,NL,134,132,111,1153.2,354,77,259,18,29,.949,9,9,2,2,2.62,2.45,2.51,2.42,,,,,,,*5H,AS,freesda01
95,A.J. Ellis,31,LAD,NL,131,128,126,1151.0,1100,1007,87,6,12,.995,8,8,-6,-6,8.55,8.36,8.35,8.26,11,37,74,36,32.7,2,*2/H,,ellisaj01
96,Ian Desmond,26,WSN,NL,128,126,124,1139.1,492,171,306,15,65,.970,3,3,-6,-6,3.77,4.26,3.73,4.21,,,,,,,*6/H,ASMVP-16SS,desmoia01
97,Alejandro De Aza,28,CHW,AL,130,127,117,1133.1,333,326,4,3,1,.991,8,8,-6,-6,2.62,2.17,2.54,2.16,,,,,,,*87/HD,,deazaal01
98,Carlos González,26,COL,NL,131,131,122,1127.2,218,207,7,4,0,.982,-8,-9,-13,-14,1.71,2.11,1.63,2.09,,,,,,,*7/H,ASGG,gonzaca01
99,Mike Aviles,31,BOS,AL,130,125,122,1126.0,598,208,375,15,89,.975,6,7,13,14,4.66,4.42,4.45,4.39,,,,,,,*6/DH45,,avilemi01
100,Adrian Beltré,33,TEX,AL,129,129,119,1125.1,312,95,209,8,23,.974,8,8,13,14,2.43,2.60,2.36,2.59,,,,,,,*5D/H,ASMVP-3GG,beltrad01
101,David DeJesus,32,CHC,NL,143,125,109,1125.1,272,262,8,2,1,.993,-2,-2,-6,-6,2.16,2.11,1.89,2.09,,,,,,,*98H/7,,dejesda01
102,Torii Hunter,36,LAA,AL,134,128,116,1112.2,258,240,14,4,5,.984,0,0,12,13,2.05,2.17,1.90,2.16,,,,,,,*9/DH,,hunteto01
103,Drew Stubbs,27,CIN,NL,135,123,120,1107.1,282,272,5,5,1,.982,-5,-5,1,1,2.25,2.11,2.05,2.09,,,,,,,*8/H,,stubbdr01
104,Alberto Callaspo,29,LAA,AL,131,122,121,1106.2,324,77,235,12,19,.963,7,7,7,8,2.54,2.60,2.38,2.59,,,,,,,*5H,,callaal01
105,Chris Johnson,27,2TM,NL,131,127,111,1106.0,360,115,226,19,17,.947,-6,-6,-10,-11,2.77,2.67,2.54,2.72,,,,,,,*5/H39,,johnsch05
105,Chris Johnson,27,HOU,NL,92,89,74,769.2,263,98,152,13,10,.951,-4,-5,-8,-12,2.92,2.77,2.63,2.84,,,,,,,5/39H,,johnsch05
105,Chris Johnson,27,ARI,NL,39,38,37,336.1,97,17,74,6,7,.938,-2,-8,-2,-7,2.44,2.45,2.33,2.42,,,,,,,5/H,,johnsch05
106,Brandon Crawford,25,SFG,NL,139,122,107,1101.0,607,195,394,18,74,.970,8,9,12,13,4.81,4.26,4.24,4.21,,,,,,,*6/H,,crawfbr01
107,Desmond Jennings,25,TBR,AL,129,124,113,1100.2,224,220,4,0,0,1.000,4,5,10,11,1.83,2.17,1.74,2.16,,,,,,,*78/H9,,jennide01
108,Mark Reynolds,28,BAL,AL,122,120,114,1099.0,1011,936,64,11,89,.989,-14,-15,-9,-10,8.19,8.41,8.13,8.41,,,,,,,35D/H,,reynoma01
109,Dayán Viciedo,23,CHW,AL,131,129,94,1093.0,248,233,13,2,0,.992,8,9,2,2,2.03,2.17,1.88,2.16,,,,,,,*7D/H,,vicieda01
110,Nori Aoki,30,MIL,NL,133,119,109,1092.0,242,231,8,3,2,.988,5,6,3,3,1.97,2.11,1.80,2.09,,,,,,,*9H87,ROY-5,aokino01
111,Casey Kotchman,29,CLE,AL,137,120,109,1087.0,1213,1099,108,6,114,.995,10,11,-1,-1,9.99,9.27,8.81,9.22,,,,,,,*3H/D,,kotchca01
112,Jason Kubel,30,ARI,NL,125,124,107,1076.0,200,185,14,1,3,.995,-13,-15,-4,-4,1.66,2.11,1.59,2.09,,,,,,,*7H/D9,,kubelja01
113,Brett Lawrie,22,TOR,AL,123,123,117,1076.0,375,85,273,17,23,.955,15,17,20,22,2.99,2.61,2.89,2.60,,,,,,,*5/6D,,lawribr01
114,Denard Span,28,MIN,AL,125,122,117,1073.1,349,339,6,4,3,.989,-16,-17,19,21,2.89,2.17,2.76,2.16,,,,,,,*8/HD,,spande01
115,A.J. Pierzynski,35,CHW,AL,126,121,111,1071.1,976,899,71,6,8,.994,-1,-1,-10,-11,8.15,7.99,7.70,7.94,8,54,76,27,26.2,1,*2/HD,SS,pierza.01
116,Neil Walker,26,PIT,NL,125,124,117,1068.2,604,234,361,9,76,.985,-1,-1,-4,-4,5.01,4.77,4.76,4.72,,,,,,,*4/HD,,walkene01
117,Ben Revere,24,MIN,AL,121,118,110,1061.1,282,274,8,0,3,1.000,19,21,10,11,2.39,2.17,2.33,2.16,,,,,,,*98/7H,,reverbe01
118,Cliff Pennington,28,OAK,AL,125,116,108,1052.0,585,217,357,11,70,.981,16,18,12,14,4.91,4.48,4.59,4.45,,,,,,,64/H,,pennicl01
119,Russell Martin,29,NYY,AL,128,116,107,1045.0,991,924,61,6,3,.994,1,1,4,5,8.48,7.99,7.70,7.94,9,42,63,20,24.1,3,*2/HD,,martiru01
120,Rajai Davis,31,TOR,AL,135,115,98,1037.2,227,211,8,8,1,.965,5,6,3,3,1.90,2.17,1.62,2.16,,,,,,,*79H/8D,,davisra01
121,Albert Pujols,32,LAA,AL,120,120,108,1037.1,1121,1014,100,7,97,.994,2,3,9,10,9.67,9.17,9.06,9.06,,,,,,,*3D/5,MVP-17,pujolal01
122,Rafael Furcal,34,STL,NL,120,116,108,1034.1,537,173,349,15,68,.972,-7,-8,-4,-5,4.54,4.26,4.35,4.21,,,,,,,*6/H,AS,furcara02
123,Giancarlo Stanton,22,MIA,NL,117,116,112,1034.1,270,257,6,7,1,.974,10,12,9,10,2.29,2.11,2.25,2.09,,,,,,,*9/HD,ASMVP-24,stantmi03
124,Mark Teixeira,32,NYY,AL,119,117,113,1032.0,1055,985,69,1,91,.999,4,4,17,20,9.19,9.27,8.86,9.22,,,,,,,*3/DH,GG,teixema01
125,Ryan Roberts,31,2TM,2LG,123,114,99,1028.0,423,131,283,9,42,.979,9,11,9,11,3.62,3.34,3.11,3.33,,,,,,,54H/7D,,roberry01
125,Ryan Roberts,31,ARI,NL,66,63,58,556.1,195,52,136,7,16,.964,4,9,5,11,3.04,2.67,2.72,2.68,,,,,,,5H/47,,roberry01
125,Ryan Roberts,31,TBR,AL,57,51,41,471.2,228,79,147,2,26,.991,5,13,4,10,4.31,4.13,3.53,4.03,,,,,,,45/HD,,roberry01
126,Josh Willingham,33,MIN,AL,119,118,102,1027.2,247,237,6,4,2,.984,0,0,-12,-14,2.13,2.17,2.04,2.16,,,,,,,*7D/H,SS,willijo03
127,Dexter Fowler,26,COL,NL,131,116,109,1026.0,267,257,4,6,2,.978,-11,-13,-12,-14,2.29,2.11,1.99,2.09,,,,,,,*8H,,fowlede01
128,David Murphy,30,TEX,AL,133,118,82,1025.0,202,197,4,1,2,.995,9,11,5,6,1.76,2.17,1.51,2.16,,,,,,,*79H/D8,,murphda07
129,Kevin Youkilis,33,2TM,AL,121,121,88,1019.2,374,179,186,9,40,.976,2,2,0,0,3.22,3.42,2.66,3.85,,,,,,,*53/H,,youklke01
129,Kevin Youkilis,33,BOS,AL,41,41,27,338.1,165,101,61,3,15,.982,1,2,1,4,4.31,4.38,3.52,4.47,,,,,,,53/H,,youklke01
129,Kevin Youkilis,33,CHW,AL,80,80,61,681.1,209,78,125,6,25,.971,1,2,-1,-2,2.68,2.94,2.23,3.54,,,,,,,53,,youklke01
130,Carlos Santana,26,CLE,AL,117,115,101,1018.0,877,790,78,9,24,.990,-3,-4,-14,-16,7.67,8.17,7.11,8.11,10,44,70,25,26.3,1,2D3/7H,,santaca01
131,John Mayberry,28,PHI,NL,140,107,86,1014.0,405,385,17,3,15,.993,-6,-7,4,5,3.57,3.43,2.59,3.33,,,,,,,*783H/9D,,maybejo02
132,Kurt Suzuki,28,2TM,2LG,117,113,106,1014.0,881,815,61,5,7,.994,4,5,-11,-13,7.78,8.12,7.49,8.05,6,34,65,28,30.1,2,*2/H,,suzukku01
132,Kurt Suzuki,28,OAK,AL,75,72,68,649.2,530,491,37,2,4,.996,8,15,-5,-9,7.31,7.99,7.04,7.94,4,17,37,23,38.3,2,2/H,,suzukku01
132,Kurt Suzuki,28,WSN,NL,42,41,38,364.1,351,324,24,3,3,.991,-4,-13,-6,-19,8.60,8.36,8.29,8.26,2,17,28,5,15.2,0,2/H,,suzukku01
133,Jemile Weeks,25,OAK,AL,113,112,110,1013.2,485,181,293,11,63,.977,-9,-10,-14,-17,4.21,4.63,4.19,4.60,,,,,,,*4/HD,,weeksje01
134,Robert Andino,28,BAL,AL,126,107,99,1012.0,514,195,306,13,71,.975,-7,-8,4,5,4.46,4.43,3.94,4.32,,,,,,,45H/678,,andinro01
135,Brandon Belt,24,SFG,NL,140,106,94,1003.2,998,917,73,8,85,.992,-3,-4,4,5,8.88,9.09,6.92,8.98,,,,,,,*3H/7,,beltbr01
136,Jordan Pacheco,26,COL,NL,125,120,88,1001.1,541,374,153,14,41,.974,-16,-19,-14,-17,4.74,4.87,4.05,4.88,0,3,5,0,0.0,0,53/H2,ROY-6,pachejo01
137,Garrett Jones,31,PIT,NL,128,123,67,996.2,663,603,51,9,47,.986,-4,-5,-9,-11,5.91,5.93,4.74,5.79,,,,,,,39H/D,,jonesga02
138,Brian McCann,28,ATL,NL,114,113,105,994.2,898,845,51,2,4,.998,1,1,13,16,8.11,8.36,7.86,8.26,6,34,76,24,24.0,1,*2/HD,,mccanbr01
139,Jon Jay,27,STL,NL,116,108,105,993.1,292,291,1,0,0,1.000,10,12,1,1,2.65,2.11,2.52,2.09,,,,,,,*8/H,,jayjo02
140,Allen Craig,27,STL,NL,113,112,84,986.1,847,802,41,4,64,.995,-4,-5,-7,-9,7.69,7.74,6.97,7.42,,,,,,,39/7HD,MVP-19,craigal01
141,Mark Trumbo,26,LAA,AL,121,121,61,983.0,315,294,14,7,8,.978,-5,-5,-3,-4,2.82,3.35,2.44,3.36,,,,,,,79D3/5H,AS,trumbma01
142,James Loney,28,2TM,2LG,133,107,91,982.1,995,915,74,6,85,.994,6,7,6,7,9.06,9.29,7.44,9.19,,,,,,,*3H,,loneyja01
142,James Loney,28,LAD,NL,105,81,66,752.2,764,703,55,6,64,.992,2,4,4,6,9.06,9.29,7.22,9.18,,,,,,,3H,,loneyja01
142,James Loney,28,BOS,AL,28,26,25,229.2,231,212,19,0,21,1.000,4,20,2,10,9.05,9.27,8.25,9.22,,,,,,,3/H,,loneyja01
143,Melky Cabrera,27,SFG,NL,112,112,95,979.2,209,198,7,4,3,.981,0,0,1,1,1.88,2.11,1.83,2.09,,,,,,,*79/H,AS,cabreme01
144,Coco Crisp,32,OAK,AL,113,109,103,972.2,279,272,4,3,2,.989,8,9,0,0,2.55,2.17,2.44,2.16,,,,,,,*87/HD,,crispco01
145,Cody Ross,31,BOS,AL,116,112,88,972.0,208,198,9,1,2,.995,-2,-3,0,0,1.92,2.17,1.78,2.16,,,,,,,*97D/8H,,rossco01
146,Trevor Plouffe,26,MIN,AL,116,111,89,969.2,318,108,191,19,18,.940,-12,-15,-8,-10,2.78,2.67,2.49,2.78,,,,,,,59/437DH6,,plouftr01
147,Joey Votto,28,CIN,NL,109,109,104,969.0,972,850,116,6,69,.994,1,1,9,11,8.97,9.29,8.86,9.18,,,,,,,*3/H,ASMVP-14,vottojo01
148,Rubén Tejada,22,NYM,NL,112,110,104,964.2,456,164,280,12,72,.974,-1,-1,0,0,4.14,4.26,3.96,4.21,,,,,,,*6/H,,tejadru01
149,Todd Frazier,26,CIN,NL,114,109,86,964.1,505,372,126,7,34,.986,0,0,-1,-1,4.65,4.69,4.18,4.62,,,,,,,53H/79D,ROY-3,frazito01
150,Matt Joyce,27,TBR,AL,115,106,87,957.1,185,181,2,2,0,.989,-4,-5,4,5,1.72,2.17,1.59,2.16,,,,,,,*97H/D,,joycema01
151,Everth Cabrera,25,SDP,NL,114,109,98,953.2,490,146,328,16,34,.967,-12,-15,-4,-5,4.47,4.28,4.02,4.22,,,,,,,*6/4H5,,cabreev01
152,Alex Avila,25,DET,AL,113,107,99,937.2,960,897,57,6,7,.994,3,4,5,7,9.16,7.99,8.44,7.94,10,31,79,34,30.1,0,*2/H,,avilaal01
153,Will Venable,29,SDP,NL,135,103,77,931.2,217,209,1,7,0,.968,-4,-5,-3,-4,2.03,2.11,1.56,2.09,,,,,,,*9H87,,venabwi01
154,Ryan Ludwick,33,CIN,NL,108,107,82,929.1,192,191,0,1,0,.995,6,8,-3,-4,1.85,2.11,1.77,2.09,,,,,,,7H/D,,ludwiry01
155,Nick Markakis,28,BAL,AL,102,102,97,926.0,192,187,3,2,0,.990,-3,-4,-7,-9,1.85,2.17,1.86,2.16,,,,,,,9/D,,markani01
156,Daniel Descalso,25,STL,NL,130,94,72,919.1,518,189,314,15,65,.971,-2,-3,-7,-9,4.92,4.53,3.38,4.44,,,,,,,46H5/3,,descada01
157,John Buck,31,MIA,NL,105,103,101,915.0,779,715,57,7,4,.991,7,9,1,1,7.59,8.36,7.35,8.26,7,16,48,18,27.3,0,2/H,,buckjo01
158,Carlos Gómez,26,MIL,NL,128,98,90,911.1,269,255,9,5,4,.981,-3,-4,2,3,2.61,2.11,2.06,2.09,,,,,,,*8H,,gomezca01
159,Matt Kemp,27,LAD,NL,105,105,96,911.0,216,208,7,1,1,.995,4,5,-10,-13,2.12,2.11,2.05,2.09,,,,,,,8/H,AS,kempma01
160,Mark Ellis,35,LAD,NL,110,100,93,910.1,488,211,274,3,59,.994,10,13,10,13,4.79,4.77,4.41,4.72,,,,,,,*4/H,,ellisma01
161,Brennan Boesch,27,DET,AL,121,115,58,909.2,174,167,5,2,1,.989,-9,-11,-6,-8,1.70,2.17,1.42,2.16,,,,,,,*9/DH,,boescbr01
162,Andrés Torres,34,NYM,NL,124,101,91,904.2,269,261,6,2,1,.993,9,12,4,5,2.66,2.11,2.15,2.09,,,,,,,*8H/D,,torrean02
163,Yoenis Céspedes,26,OAK,AL,102,102,94,900.2,233,221,9,3,0,.987,-1,-1,-6,-8,2.30,2.17,2.25,2.16,,,,,,,78D/H,MVP-10ROY-2,cespeyo01
164,Chipper Jones,40,ATL,NL,103,100,93,895.2,233,41,181,11,8,.953,3,4,0,0,2.23,2.45,2.16,2.42,,,,,,,5H/D,ASMVP-32,jonesch06
165,Tyler Colvin,26,COL,NL,117,99,67,891.0,366,346,15,5,12,.986,-2,-2,3,4,3.65,3.46,2.89,3.85,,,,,,,983H7,,colvity01
166,Wilin Rosario,23,COL,NL,109,101,100,890.2,796,702,79,15,6,.981,-13,-17,-18,-24,7.89,8.34,7.17,8.11,21,63,64,30,31.9,1,2H/53,ROY-4,rosarwi01
167,Joe Mauer,29,MIN,AL,102,102,93,888.2,737,690,42,5,27,.993,-5,-7,-6,-8,7.41,8.36,7.04,8.31,1,22,56,9,13.8,1,2D3/H,ASMVP-19,mauerjo01
168,Paul Konerko,36,CHW,AL,105,105,79,886.0,879,818,60,1,96,.999,-8,-10,-11,-15,8.92,9.27,8.36,9.22,,,,,,,3D/H,AS,konerpa01
169,Justin Morneau,31,MIN,AL,99,99,94,879.2,957,879,72,6,105,.994,-4,-6,0,0,9.73,9.27,9.61,9.22,,,,,,,3D/H,,morneju01
170,Grégor Blanco,28,SFG,NL,125,89,72,878.1,186,181,3,2,0,.989,-1,-2,7,10,1.89,2.11,1.47,2.09,,,,,,,*978H/D,,blancgr01
171,Lucas Duda,26,NYM,NL,108,104,72,878.1,198,184,9,5,1,.975,-12,-16,-15,-20,1.98,2.37,1.74,2.47,,,,,,,97H/3D,,dudalu01
172,Ryan Hanigan,31,CIN,NL,110,98,89,877.0,833,781,48,4,6,.995,18,25,23,32,8.51,8.36,7.54,8.26,3,17,34,32,48.5,1,*2/H,,hanigry01
173,Carlos Ruiz,33,PHI,NL,106,95,92,856.1,935,856,73,6,8,.994,9,13,4,6,9.76,8.36,8.76,8.26,5,16,64,33,34.0,3,2H,ASMVP-28,ruizca01
174,Jarrod Saltalamacchia,27,BOS,AL,105,95,89,854.0,764,716,41,7,3,.991,-3,-4,5,7,7.98,7.99,7.21,7.95,6,23,80,18,18.4,0,2HD/3,,saltaja01
175,Pablo Sandoval,25,SFG,NL,104,103,68,854.0,294,73,208,13,14,.956,-2,-3,-4,-6,2.96,2.55,2.68,2.61,,,,,,,5/3HD,AS,sandopa01
176,Gerardo Parra,25,ARI,NL,109,90,84,841.2,201,189,8,4,1,.980,-3,-5,9,13,2.11,2.11,1.81,2.09,,,,,,,*87H9,,parrage01
177,J.D. Martinez,24,HOU,NL,100,97,84,833.0,142,131,9,2,0,.986,-8,-11,-2,-3,1.51,2.11,1.40,2.09,,,,,,,7H/D,,martijd02
178,Rod Barajas,36,PIT,NL,99,98,81,827.0,748,701,41,6,4,.992,-12,-17,-21,-30,8.07,8.36,7.42,8.27,7,25,93,6,6.1,0,2/H3,,barajro01
179,Mike Napoli,30,TEX,AL,94,93,83,827.0,744,685,52,7,14,.991,-2,-3,-12,-17,8.02,8.31,7.37,8.30,8,16,42,11,20.8,0,23/DH,AS,napolmi01
180,Brian Bogusevic,28,HOU,NL,121,83,74,809.0,197,187,5,5,3,.975,-10,-15,2,3,2.14,2.11,1.57,2.09,,,,,,,*9H8/17,,bogusbr01
181,Geovany Soto,29,2TM,2LG,96,92,88,806.2,759,714,37,8,3,.989,-1,-1,0,0,8.38,8.19,7.82,8.11,2,28,65,21,24.4,0,2/DH,,sotoge01
181,Geovany Soto,29,CHC,NL,52,51,50,444.2,388,356,25,7,2,.982,1,3,1,3,7.71,8.36,7.33,8.26,1,11,37,14,27.5,0,2,,sotoge01
181,Geovany Soto,29,TEX,AL,44,41,38,362.0,371,358,12,1,1,.997,-2,-7,-1,-3,9.20,7.99,8.41,7.94,1,17,28,7,20.0,0,2/DH,,sotoge01
182,Chris Nelson,26,COL,NL,107,86,75,804.2,270,85,172,13,27,.952,-14,-21,-22,-33,2.87,2.90,2.25,2.86,,,,,,,54H/6,,nelsoch01
183,Sean Rodríguez,27,TBR,AL,109,86,51,801.0,379,113,248,18,41,.953,1,1,5,8,4.06,3.82,2.71,3.79,,,,,,,564H/D,,rodrise01
184,J.P. Arencibia,26,TOR,AL,94,91,85,800.0,683,622,57,4,1,.994,0,0,-4,-6,7.64,7.99,7.22,7.94,9,31,53,22,29.3,1,2/HD,,arencjp01
185,Juan Pierre,34,PHI,NL,107,98,44,799.2,158,156,1,1,0,.994,5,7,3,5,1.77,2.11,1.47,2.09,,,,,,,7H,,pierrju01
186,Michael Cuddyer,33,COL,NL,97,92,79,799.0,365,339,21,5,25,.986,-9,-14,-7,-11,4.06,3.96,3.60,3.93,,,,,,,93/H,,cuddymi01
187,Josh Thole,25,NYM,NL,100,90,81,798.1,746,690,50,6,3,.992,-1,-2,10,15,8.34,8.36,7.40,8.26,18,18,57,17,23.0,1,2H,,tholejo01
188,Elliot Johnson,28,TBR,AL,118,79,71,797.1,384,129,241,14,55,.964,-8,-13,-7,-10,4.18,4.33,3.03,4.28,,,,,,,6H4/57D,,johnsel02
189,José Bautista,31,TOR,AL,90,90,79,786.2,178,163,13,2,5,.989,9,14,6,9,2.01,2.24,1.85,2.46,,,,,,,9/3D5,AS,bautijo02
190,Wilson Betemit,30,BAL,AL,92,87,74,780.2,308,172,121,15,19,.951,-9,-13,-6,-9,3.38,3.64,3.08,3.61,,,,,,,53/D7H,,betemwi01
191,Mike Morse,30,WSN,NL,92,92,41,779.1,159,154,4,1,0,.994,6,9,-6,-9,1.82,2.16,1.70,2.17,,,,,,,79/D3,,morsemi01
192,Jed Lowrie,28,HOU,NL,93,90,80,773.1,394,102,284,8,48,.980,0,1,-3,-5,4.49,4.26,4.15,4.21,,,,,,,6/H,,lowrije01
193,Scott Hairston,32,NYM,NL,108,86,54,772.2,154,152,1,1,0,.994,5,8,-4,-6,1.78,2.11,1.42,2.09,,,,,,,79H8,,hairssc01
194,Alexi Casilla,27,MIN,AL,100,84,78,756.0,454,178,267,9,82,.980,-1,-1,15,24,5.30,4.60,4.45,4.52,,,,,,,4H/5,,casilal01
195,Joaquín Árias,27,SFG,NL,108,79,57,750.0,277,73,195,9,25,.968,-9,-14,-5,-8,3.22,3.30,2.09,3.19,,,,,,,56H/4,,ariasjo01
196,Steve Lombardozzi,23,WSN,NL,98,83,58,749.2,314,146,164,4,29,.987,4,6,-1,-1,3.72,3.58,2.92,3.42,,,,,,,47H5/6,,lombast02
197,Jack Hannahan,32,CLE,AL,100,81,72,747.2,277,76,187,14,22,.949,5,8,1,2,3.17,2.72,2.50,2.84,,,,,,,5/6H3,,hannaja01
198,Mitch Moreland,26,TEX,AL,98,82,76,743.1,754,694,57,3,68,.996,4,7,0,0,9.09,9.23,7.66,9.00,,,,,,,3H/D9,,morelmi01
199,Ryan Theriot,32,SFG,NL,93,81,74,740.0,364,153,202,9,53,.975,-8,-12,-12,-19,4.32,4.76,3.82,4.66,,,,,,,4H/7,,theriry01
200,Chris Heisey,27,CIN,NL,101,80,62,738.0,188,181,4,3,0,.984,1,1,-3,-5,2.26,2.11,1.83,2.09,,,,,,,78H9,,heisech01
201,José Tábata,23,PIT,NL,96,79,59,736.1,175,166,6,3,0,.983,-6,-9,4,7,2.10,2.11,1.79,2.09,,,,,,,97H,,tabatjo01
202,Chris Denorfia,31,SDP,NL,118,77,43,735.0,145,140,4,1,0,.993,-3,-5,5,8,1.76,2.11,1.22,2.09,,,,,,,*97H/8,,denorch01
203,Michael Young,35,TEX,AL,85,83,74,735.0,511,406,99,6,48,.988,-9,-15,-12,-19,6.18,6.32,5.87,6.21,,,,,,,D354/6H,,youngmi02
204,Brian Dozier,25,MIN,AL,83,81,81,732.1,413,111,287,15,70,.964,-5,-8,1,2,4.89,4.43,4.80,4.40,,,,,,,6/H,,doziebr01
205,Anthony Rizzo,22,CHC,NL,85,85,82,730.2,735,685,46,4,76,.995,3,5,4,7,9.00,9.29,8.60,9.18,,,,,,,3/H,,rizzoan01
206,Chris Young,28,ARI,NL,87,84,80,725.0,207,201,4,2,1,.990,-2,-3,6,10,2.54,2.11,2.36,2.09,,,,,,,8H/D,,youngch04
207,Bryan LaHair,29,CHC,NL,92,86,64,722.1,527,504,18,5,44,.991,-9,-14,-10,-17,6.50,6.82,5.55,6.46,,,,,,,3H9/7,AS,lahaibr01
208,Chase Utley,33,PHI,NL,81,81,78,720.1,372,156,209,7,32,.981,0,0,9,15,4.56,4.77,4.51,4.72,,,,,,,4/H,,utleych01
209,Scott Rolen,37,CIN,NL,87,80,77,719.1,194,45,139,10,6,.948,1,2,0,0,2.30,2.45,2.11,2.42,,,,,,,5/H,,rolensc01
210,Jonathan Lucroy,26,MIL,NL,88,80,76,717.1,755,714,34,7,4,.991,-5,-8,16,27,9.38,8.36,8.50,8.26,2,27,70,19,21.3,0,2H,,lucrojo01
211,Brandon Inge,35,2TM,AL,81,79,75,716.0,251,85,158,8,21,.968,3,5,3,5,3.05,2.72,2.96,2.74,,,,,,,5/4DH,,ingebr01
211,Brandon Inge,35,DET,AL,7,5,3,46.0,30,11,18,1,4,.967,-1,-29,-3,-78,5.67,4.50,3.63,4.10,,,,,,,/45DH,,ingebr01
211,Brandon Inge,35,OAK,AL,74,74,72,670.0,221,74,140,7,17,.968,4,7,6,11,2.87,2.60,2.89,2.59,,,,,,,5,,ingebr01
212,Casey McGehee,29,2TM,2LG,103,78,67,716.0,638,569,66,3,53,.995,0,-1,-1,-2,7.98,7.90,5.93,7.83,,,,,,,35H/D4,,mcgehca01
212,Casey McGehee,29,PIT,NL,83,64,60,598.2,588,528,58,2,49,.997,3,6,2,4,8.81,8.52,6.81,8.47,,,,,,,3H/5,,mcgehca01
212,Casey McGehee,29,NYY,AL,20,14,7,117.1,50,41,8,1,4,.980,-4,-36,-3,-31,3.76,4.73,2.33,5.21,,,,,,,5/3D4H,,mcgehca01
213,José Molina,37,TBR,AL,102,80,57,709.2,702,657,41,4,8,.994,4,7,14,24,8.85,7.99,6.84,7.94,6,30,39,19,32.8,0,2/H,,molinjo01
214,Alex Rodriguez,36,NYY,AL,81,81,76,709.1,184,57,119,8,13,.957,-6,-10,-2,-3,2.23,2.60,2.17,2.59,,,,,,,5D/H,,rodrial01
215,Jarrod Dyson,27,KCR,AL,88,79,66,699.0,245,231,8,6,4,.976,-17,-29,4,7,3.08,2.17,2.72,2.16,,,,,,,8H/D,,dysonja01
216,Gaby Sánchez,28,2TM,NL,95,77,65,697.1,769,695,71,3,58,.996,3,5,6,10,9.89,9.29,8.06,9.18,,,,,,,3H,,sanchga01
216,Gaby Sánchez,28,MIA,NL,54,51,44,445.1,491,442,47,2,45,.996,2,6,4,11,9.88,9.29,9.06,9.18,,,,,,,3/H,,sanchga01
216,Gaby Sánchez,28,PIT,NL,41,26,21,252.0,278,253,24,1,13,.996,1,3,2,10,9.89,9.29,6.76,9.18,,,,,,,3H,,sanchga01
217,Ty Wigginton,34,PHI,NL,92,77,57,695.0,524,444,68,12,37,.977,-9,-15,-11,-19,6.63,7.07,5.12,7.20,,,,,,,3H5/7,,wiggity01
218,Casper Wells,27,SEA,AL,87,74,67,694.0,159,151,8,0,2,1.000,-3,-6,3,5,2.06,2.17,1.83,2.16,,,,,,,798/HD,,wellsca01
219,Justin Maxwell,28,HOU,NL,95,77,51,693.0,192,185,5,2,2,.990,0,-1,6,10,2.47,2.11,2.00,2.09,,,,,,,87H9,,maxweju01
220,Jordan Schafer,25,HOU,NL,87,82,69,692.2,184,178,4,2,1,.989,-16,-27,-5,-9,2.36,2.11,2.09,2.09,,,,,,,8H,,schafjo02
221,Jayson Werth,33,WSN,NL,79,79,62,692.0,171,166,4,1,1,.994,4,7,-11,-19,2.21,2.11,2.15,2.09,,,,,,,98/H,,werthja01
222,Alex Presley,26,PIT,NL,90,78,67,688.0,158,153,2,3,1,.981,-3,-5,-4,-7,2.03,2.11,1.72,2.09,,,,,,,7H/98,,preslal01
223,Jesús Flores,27,WSN,NL,80,75,70,687.2,704,648,52,4,5,.994,-6,-10,5,9,9.16,8.36,8.75,8.26,6,28,51,9,15.0,0,2/H,,floreje02
224,Tyler Greene,28,2TM,NL,97,77,57,687.1,366,119,236,11,46,.970,-12,-20,-10,-17,4.65,4.53,3.38,4.44,,,,,,,46H/97,,greenty02
224,Tyler Greene,28,STL,NL,60,44,28,397.2,221,73,143,5,28,.977,-7,-22,-5,-15,4.89,4.69,3.22,4.53,,,,,,,4H/697,,greenty02
224,Tyler Greene,28,HOU,NL,37,33,29,289.2,145,46,93,6,18,.959,-4,-17,-5,-20,4.32,4.32,3.66,4.26,,,,,,,6/H4,,greenty02
225,Logan Forsythe,25,SDP,NL,86,76,69,685.2,378,170,196,12,36,.968,-18,-32,-10,-17,4.80,4.70,4.07,4.59,,,,,,,4H/65D,,forsylo01
226,Ryan Doumit,31,MIN,AL,81,78,68,680.0,362,335,22,5,3,.986,-1,-1,-22,-39,4.73,6.42,4.35,6.40,2,22,31,8,20.5,0,2D7/H93,,doumiry01
227,Jeff Keppinger,32,TBR,AL,91,85,33,672.2,333,212,118,3,35,.991,5,8,3,5,4.42,4.77,3.17,4.83,,,,,,,534DH,,keppije01
228,Plácido Polanco,36,PHI,NL,80,72,71,664.2,207,57,148,2,10,.990,5,10,2,4,2.78,2.45,2.56,2.42,,,,,,,5H,,polanpl01
229,Justin Ruggiano,30,MIA,NL,85,74,57,662.1,186,180,3,3,0,.984,13,23,0,0,2.49,2.11,2.15,2.09,,,,,,,879H,,ruggiju01
230,Chris Davis,26,BAL,AL,80,77,57,661.0,461,424,31,6,37,.987,7,12,-4,-7,6.20,5.85,5.69,5.51,,,,,,,D397/1H,,davisch02
231,Josh Donaldson,26,OAK,AL,75,74,71,660.2,244,76,155,13,14,.947,10,18,3,6,3.15,2.83,3.08,2.89,0,1,4,2,33.3,0,5/23,,donaljo02
232,Stephen Drew,29,2TM,2LG,75,75,72,658.2,282,84,190,8,42,.972,-4,-7,-7,-12,3.74,4.35,3.65,4.31,,,,,,,6/H,,drewst01
232,Stephen Drew,29,ARI,NL,36,36,34,308.2,131,40,88,3,25,.977,-1,-3,-1,-3,3.73,4.26,3.56,4.21,,,,,,,6/H,,drewst01
232,Stephen Drew,29,OAK,AL,39,39,38,350.0,151,44,102,5,17,.967,-3,-12,-6,-20,3.75,4.43,3.74,4.40,,,,,,,6,,drewst01
233,Craig Gentry,28,TEX,AL,117,66,52,655.0,197,190,7,0,2,1.000,3,5,15,27,2.71,2.17,1.68,2.16,,,,,,,*8H/9D1,,gentrcr01
234,Luis Valbuena,26,CHC,NL,83,74,66,655.0,195,47,141,7,19,.964,6,11,4,7,2.58,2.51,2.16,2.55,,,,,,,5H/4,,valbulu01
235,Salvador Perez,22,KCR,AL,74,74,71,653.2,579,522,53,4,4,.993,9,17,7,13,7.92,7.99,7.77,7.94,3,29,25,18,41.9,5,2/DH,,perezsa02
236,Dee Strange-Gordon,24,LAD,NL,79,73,69,651.1,331,127,186,18,38,.946,-3,-6,-14,-26,4.32,4.26,3.96,4.21,,,,,,,6/H,,gordode01
237,Raúl Ibañez,40,NYY,AL,90,76,39,651.0,134,131,2,1,0,.993,0,0,-5,-9,1.84,2.17,1.48,2.16,,,,,,,7HD9,MVP-24,ibanera01
238,Luis Cruz,28,LAD,NL,76,73,59,650.0,241,78,159,4,23,.983,10,19,9,17,3.28,3.08,3.08,3.04,,,,,,,56/H4,,cruzlu01
239,Jason Castro,25,HOU,NL,79,73,71,646.2,571,525,40,6,6,.989,-9,-17,-8,-15,7.86,8.36,7.15,8.26,8,38,57,13,18.6,3,2H,,castrja01
240,Quintin Berry,27,DET,AL,87,70,63,644.0,171,167,2,2,0,.988,-9,-18,-4,-7,2.36,2.17,1.94,2.16,,,,,,,78H/9D,,berryqu01
241,Willie Bloomquist,34,ARI,NL,75,73,64,636.1,257,91,160,6,32,.977,-9,-16,-11,-21,3.55,3.97,3.22,3.91,,,,,,,65/H479,,bloomwi01
242,Logan Morrison,24,MIA,NL,76,75,52,635.0,272,237,30,5,20,.982,-3,-6,-2,-4,3.78,3.87,3.34,3.95,,,,,,,73H/D,,morrilo01
243,Donovan Solano,24,MIA,NL,79,72,60,634.2,295,107,184,4,32,.986,-2,-3,-3,-6,4.13,4.23,3.51,4.10,,,,,,,4H57/6,,solando01
244,Daniel Nava,29,BOS,AL,79,68,65,631.2,118,111,5,2,0,.983,7,12,4,8,1.65,2.17,1.47,2.16,,,,,,,7H/9D,,navada01
245,Juan Rivera,33,LAD,NL,88,74,30,628.0,380,353,22,5,20,.987,-7,-14,-3,-6,5.37,5.85,3.75,5.92,,,,,,,37H9/D,,riverju01
246,Maicer Izturis,31,LAA,AL,79,70,61,627.2,241,67,164,10,26,.959,-2,-4,-8,-15,3.31,3.77,2.72,3.83,,,,,,,546H,,izturma01
247,Miguel Olivo,33,SEA,AL,73,68,63,625.2,556,505,46,5,5,.991,0,0,-6,-11,7.93,7.99,7.55,7.94,8,26,47,21,30.9,2,2D/H,,olivomi01
248,Matt Carpenter,26,STL,NL,90,67,45,625.0,421,351,61,9,37,.979,1,2,-5,-10,5.93,5.53,4.00,5.35,,,,,,,3H59/74,ROY-6,carpema01
249,Greg Dobbs,33,MIA,NL,83,70,49,623.0,236,183,42,11,11,.953,-14,-26,-18,-35,3.25,3.79,2.47,3.62,,,,,,,H5739/D,,dobbsgr01
250,Chris Iannetta,29,LAA,AL,78,71,62,623.0,532,495,35,2,3,.996,3,6,-6,-11,7.66,7.99,6.79,7.94,8,17,46,16,25.8,0,2/H,,iannech01
251,Eric Thames,25,2TM,AL,79,70,52,620.0,149,145,1,3,0,.980,4,7,-6,-12,2.12,2.17,1.85,2.16,,,,,,,79H/D,,thameer01
251,Eric Thames,25,TOR,AL,43,38,23,332.2,73,72,0,1,0,.986,1,4,-5,-18,1.95,2.17,1.67,2.16,,,,,,,7/HD,,thameer01
251,Eric Thames,25,SEA,AL,36,32,29,287.1,76,73,1,2,0,.974,3,10,-1,-4,2.32,2.17,2.06,2.16,,,,,,,9/H7D,,thameer01
252,Kirk Nieuwenhuis,24,NYM,NL,83,69,47,613.2,178,174,0,4,0,.978,1,2,-2,-4,2.55,2.11,2.10,2.09,,,,,,,879H,,nieuwki01
253,Jacoby Ellsbury,28,BOS,AL,73,71,64,611.1,169,164,2,3,1,.982,-6,-12,2,4,2.44,2.17,2.27,2.16,,,,,,,8/D,,ellsbja01
254,Edwin Encarnación,29,TOR,AL,70,69,65,608.1,643,607,32,4,61,.994,-6,-11,-4,-8,9.45,8.98,8.88,8.83,,,,,,,D3/75,MVP-11,encared01
255,Ramón Santiago,32,DET,AL,89,62,51,607.2,282,88,188,6,36,.979,5,10,-2,-4,4.09,4.49,2.85,4.43,,,,,,,46H/5D,,santira01
256,Michael McKenry,27,PIT,NL,81,64,63,607.1,539,495,41,3,1,.994,-4,-8,-5,-10,7.94,8.36,6.62,8.26,2,20,61,13,17.6,0,2H,,mckenmi01
257,Will Middlebrooks,23,BOS,AL,72,69,60,606.2,175,32,134,9,13,.949,1,3,-3,-6,2.46,2.60,2.31,2.59,,,,,,,5/HD,,middlwi01
258,Andy Dirks,26,DET,AL,72,69,50,605.1,111,107,1,3,0,.973,-15,-30,1,2,1.61,2.17,1.50,2.16,,,,,,,79D/H8,,dirksan01
259,Brandon Moss,28,OAK,AL,73,66,56,601.2,477,442,26,9,38,.981,-3,-5,-5,-10,7.00,7.40,6.00,7.14,,,,,,,3H97/D,,mossbr01
260,Orlando Hudson,34,2TM,2LG,73,66,59,599.1,273,104,163,6,33,.978,2,4,5,10,4.01,3.91,3.66,3.86,,,,,,,45H/D,,hudsoor01
260,Orlando Hudson,34,SDP,NL,33,33,29,288.0,152,68,82,2,16,.987,0,1,-1,-4,4.69,4.77,4.55,4.72,,,,,,,4/H,,hudsoor01
260,Orlando Hudson,34,CHW,AL,40,33,30,311.1,121,36,81,4,17,.967,2,7,6,23,3.38,3.11,2.93,3.14,,,,,,,5H4/D,,hudsoor01
261,Alexi Amarista,23,SDP,NL,86,64,43,594.1,252,120,128,4,22,.984,-7,-13,-4,-8,3.76,4.07,2.51,3.73,,,,,,,4H768/95,,amarial01
262,Cody Ransom,36,2TM,NL,78,65,48,594.1,249,71,170,8,36,.968,-3,-6,-3,-6,3.65,3.57,2.68,3.60,,,,,,,65H/43D,,ransoco01
262,Cody Ransom,36,ARI,NL,22,21,16,181.2,63,16,43,4,9,.937,-2,-15,-2,-13,2.92,2.86,2.36,2.92,,,,,,,5/6HD,,ransoco01
262,Cody Ransom,36,MIL,NL,56,44,32,412.2,186,55,127,4,27,.978,-1,-2,-1,-3,3.97,3.89,2.80,3.86,,,,,,,65H/43,,ransoco01
263,Chris Snyder,31,HOU,NL,72,67,61,592.0,541,498,39,4,5,.993,-5,-11,-1,-2,8.16,8.36,7.36,8.27,3,29,60,17,22.1,0,2/H3,,snydech02
264,Carlos Quentin,29,SDP,NL,72,72,43,590.0,101,96,2,3,0,.970,-1,-1,-10,-20,1.49,2.11,1.36,2.09,,,,,,,7/HD9,,quentca01
265,Ryan Howard,32,PHI,NL,67,66,62,589.2,530,495,30,5,37,.991,-3,-7,-6,-12,8.01,9.29,7.84,9.18,,,,,,,3/H,,howarry01
266,Vernon Wells,33,LAA,AL,74,65,60,589.0,138,137,0,1,0,.993,1,3,-1,-2,2.09,2.17,1.85,2.16,,,,,,,7/8H9D,,wellsve01
267,Nyjer Morgan,31,MIL,NL,86,66,30,587.1,155,153,2,0,1,1.000,0,0,4,8,2.38,2.11,1.80,2.09,,,,,,,8H97/D,,morgany01
268,Nate McLouth,30,2TM,2LG,71,62,53,584.1,115,113,1,1,0,.991,-1,-1,-1,-2,1.76,2.16,1.61,2.14,,,,,,,7H8/9,,mclouna01
268,Nate McLouth,30,PIT,NL,16,10,9,97.1,19,19,0,0,0,1.000,-2,-22,1,12,1.76,2.11,1.19,2.09,,,,,,,H/789,,mclouna01
268,Nate McLouth,30,BAL,AL,55,52,44,487.0,96,94,1,1,0,.990,1,3,-2,-5,1.76,2.17,1.73,2.16,,,,,,,7/8H,,mclouna01
269,Tony Gwynn,29,LAD,NL,90,57,52,578.0,156,149,6,1,0,.994,-2,-4,0,0,2.41,2.11,1.72,2.09,,,,,,,87H/9,,gwynnto02
270,Skip Schumaker,32,STL,NL,78,68,32,575.1,285,137,144,4,35,.986,-2,-5,0,0,4.40,4.14,3.31,3.98,,,,,,,4H89/7,,schumsk01
271,Kelly Shoppach,32,2TM,2LG,73,64,53,566.0,493,454,29,10,3,.980,1,2,3,7,7.68,8.12,6.62,8.06,8,16,32,16,33.3,1,2/HD,,shoppke01
271,Kelly Shoppach,32,BOS,AL,46,42,33,370.0,316,294,18,4,0,.987,3,10,3,10,7.59,7.99,6.78,7.94,4,9,19,10,34.5,1,2/HD,,shoppke01
271,Kelly Shoppach,32,NYM,NL,27,22,20,196.0,177,160,11,6,3,.966,-2,-12,0,0,7.85,8.36,6.33,8.26,4,7,13,6,31.6,0,2/H,,shoppke01
272,DJ LeMahieu,23,COL,NL,78,65,56,560.0,322,108,212,2,33,.994,6,14,8,17,5.14,4.60,4.05,4.50,,,,,,,4/5H63,,lemahdj01
273,Todd Helton,38,COL,NL,67,64,59,558.2,625,566,57,2,53,.997,2,4,1,2,10.04,9.29,9.30,9.18,,,,,,,3/H,,heltoto01
274,Lou Marson,26,CLE,AL,69,64,56,555.2,453,433,18,2,3,.996,-7,-15,-12,-26,7.30,7.99,6.54,7.94,2,21,67,11,14.1,0,2/HD,,marsolo01
275,Emilio Bonifácio,27,MIA,NL,64,64,57,550.0,175,130,41,4,7,.977,-2,-5,-4,-9,2.80,2.70,2.59,2.69,,,,,,,84,,bonifem01
276,Josh Rutledge,23,COL,NL,64,63,59,547.2,284,98,175,11,37,.961,-7,-16,-10,-22,4.49,4.32,4.27,4.27,,,,,,,6H/4,,rutlejo01
277,Martín Maldonado,25,MIL,NL,72,58,51,547.0,585,532,47,6,7,.990,3,5,12,27,9.53,8.38,7.93,8.31,2,23,32,15,31.9,3,2H/3,,maldoma01
278,Jerry Hairston,36,LAD,NL,74,62,43,546.2,228,95,124,9,18,.961,-3,-7,0,0,3.61,3.37,2.64,3.30,,,,,,,547H/63D,,hairsje02
279,Jesús Guzmán,28,SDP,NL,77,64,38,543.2,220,201,17,2,9,.991,4,8,0,0,3.61,3.78,2.69,3.88,,,,,,,7H3/94D,,guzmaje01
280,Dewayne Wise,34,2TM,AL,99,53,47,535.2,130,125,4,1,0,.992,0,1,-2,-4,2.17,2.17,1.29,2.15,,,,,,,78H9/1,,wisede01
280,Dewayne Wise,34,NYY,AL,54,15,13,190.1,38,35,2,1,0,.974,0,-1,2,13,1.75,2.17,0.69,2.15,,,,,,,7H/981,,wisede01
280,Dewayne Wise,34,CHW,AL,45,38,34,345.1,92,90,2,0,0,1.000,1,2,-4,-14,2.40,2.17,2.00,2.15,,,,,,,87/H91,,wisede01
281,Jeff Mathis,29,TOR,AL,67,59,53,534.2,473,433,38,2,5,.996,6,13,7,16,7.93,7.97,6.93,7.75,6,18,29,20,40.8,4,2/H1D,,mathije01
282,Nate Schierholtz,28,2TM,NL,85,52,45,533.1,110,109,0,1,0,.991,-5,-12,1,2,1.84,2.11,1.28,2.09,,,,,,,9H/8D,,schiena01
282,Nate Schierholtz,28,SFG,NL,52,37,33,367.0,80,79,0,1,0,.988,-5,-15,2,7,1.94,2.11,1.52,2.09,,,,,,,9H/D,,schiena01
282,Nate Schierholtz,28,PHI,NL,33,15,12,166.1,30,30,0,0,0,1.000,-1,-4,-1,-7,1.62,2.11,0.91,2.09,,,,,,,9/H8,,schiena01
283,Bryan Petersen,26,MIA,NL,72,57,48,528.1,120,115,4,1,1,.992,-1,-3,-6,-14,2.03,2.11,1.65,2.09,,,,,,,78H/9,,peterbr01
284,Pedro Ciriaco,26,BOS,AL,65,59,51,518.0,215,63,143,9,19,.958,0,0,1,3,3.58,3.33,2.94,3.32,,,,,,,546D/H879,,ciriape01
285,Brett Wallace,25,HOU,NL,64,59,55,515.2,513,457,47,9,44,.982,-6,-13,-7,-16,8.80,8.63,7.64,8.36,,,,,,,3/5H,,wallabr01
286,Seth Smith,29,OAK,AL,66,58,40,515.0,120,115,3,2,0,.983,-4,-10,2,5,2.06,2.17,1.79,2.16,,,,,,,7DH9,,smithse01
287,Bobby Wilson,29,LAA,AL,74,58,41,509.1,468,430,34,4,7,.991,5,11,10,24,8.20,8.01,6.11,8.01,2,8,45,18,28.6,0,2/3DH,,wilsobo02
288,Jonathan Herrera,27,COL,NL,69,55,47,509.0,235,86,146,3,23,.987,-2,-4,-6,-14,4.10,4.08,3.14,4.03,,,,,,,64H5,,herrejo03
289,Eric Chávez,34,NYY,AL,70,56,41,507.2,182,85,91,6,7,.967,2,4,-1,-2,3.12,3.40,2.38,3.49,,,,,,,5HD3,,chaveer01
290,Reed Johnson,35,2TM,NL,86,54,33,506.1,107,102,3,2,1,.981,1,2,-3,-7,1.87,2.11,1.22,2.09,,,,,,,H789,,johnsre02
290,Reed Johnson,35,CHC,NL,53,33,17,307.0,78,74,3,1,1,.987,2,7,-2,-8,2.26,2.11,1.45,2.09,,,,,,,H987,,johnsre02
290,Reed Johnson,35,ATL,NL,33,21,16,199.1,29,28,0,1,0,.966,-1,-6,-1,-6,1.26,2.11,0.85,2.09,,,,,,,7H8/9,,johnsre02
291,Roger Bernadina,28,WSN,NL,94,49,36,503.2,120,117,3,0,1,1.000,4,9,-1,-2,2.14,2.11,1.28,2.09,,,,,,,7H8/9,,bernaro01
292,Peter Bourjos,25,LAA,AL,90,48,46,501.2,167,164,2,1,1,.994,8,19,9,22,2.98,2.17,1.84,2.16,,,,,,,8H/D,,bourjpe01
293,Adam Lind,28,TOR,AL,61,57,49,500.1,587,545,37,5,64,.991,3,6,1,2,10.47,9.27,9.54,9.22,,,,,,,3D/H,,lindad01
294,Josh Harrison,24,PIT,NL,73,55,35,498.2,196,81,109,6,12,.969,-7,-16,-4,-9,3.43,3.80,2.38,3.73,,,,,,,H4659/7D,,harrijo05
295,Derek Norris,23,OAK,AL,58,53,51,496.2,462,438,19,5,0,.989,1,2,6,15,8.28,7.99,7.88,7.94,4,15,34,12,26.1,1,2/HD,,norride01
296,Lorenzo Cain,26,KCR,AL,60,55,51,493.0,151,144,3,4,1,.974,7,18,5,12,2.68,2.17,2.45,2.16,,,,,,,8/9H7D,,cainlo01
297,Nick Hundley,28,SDP,NL,56,56,52,492.0,478,426,48,4,1,.992,3,7,-4,-10,8.67,8.36,8.46,8.26,3,17,54,25,31.6,1,2/H,,hundlni01
298,Jesús Montero,22,SEA,AL,56,55,53,487.2,434,409,22,3,3,.993,-7,-17,-13,-32,7.95,7.99,7.70,7.94,7,19,54,11,16.9,0,D2/H,,monteje01
299,Adam Dunn,32,CHW,AL,56,56,44,484.2,431,395,34,2,31,.995,-1,-1,-3,-7,7.97,8.80,7.53,8.60,,,,,,,D3/7H,AS,dunnad01
300,Chris Getz,28,KCR,AL,61,55,49,483.1,242,95,143,4,40,.983,-2,-5,-2,-5,4.43,4.63,3.90,4.60,,,,,,,4/HD,,getzch01
301,Brent Lillibridge,28,3TM,AL,93,47,28,482.2,176,102,66,8,14,.955,-9,-23,-1,-2,3.13,3.86,1.63,4.41,,,,,,,H36758/49D,,lillibr01
301,Brent Lillibridge,28,CHW,AL,44,13,8,165.1,65,54,11,0,6,1.000,-2,-16,3,22,3.54,4.06,1.38,5.22,,,,,,,3H7/58D,,lillibr01
301,Brent Lillibridge,28,BOS,AL,9,4,2,40.0,16,15,1,0,0,1.000,0,6,0,0,3.60,3.94,1.78,3.72,,,,,,,/9H83D,,lillibr01
301,Brent Lillibridge,28,CLE,AL,40,30,18,277.1,95,33,54,8,8,.916,-7,-32,-4,-17,2.82,3.74,1.85,3.73,,,,,,,65/H4783,,lillibr01
302,Yorvit Torrealba,33,3TM,2LG,60,53,49,473.0,457,434,21,2,2,.996,-3,-8,-6,-15,8.66,8.00,7.46,7.97,4,20,35,10,22.2,1,2/H3,,torreyo01
302,Yorvit Torrealba,33,2TM,AL,58,53,49,467.1,454,431,21,2,2,.996,-3,-8,-6,-15,8.70,8.00,7.66,7.96,4,20,35,10,22.2,1,2/H3,,torreyo01
302,Yorvit Torrealba,33,TEX,AL,49,46,44,402.2,397,377,18,2,1,.995,-2,-6,-6,-18,8.83,7.99,8.06,7.94,4,17,30,9,23.1,1,2/H,,torreyo01
302,Yorvit Torrealba,33,TOR,AL,9,7,5,64.2,57,54,3,0,1,1.000,-1,-19,0,0,7.93,8.06,5.70,8.07,0,3,5,1,16.7,0,/23H,,torreyo01
302,Yorvit Torrealba,33,MIL,NL,2,0,0,5.2,3,3,0,0,0,1.000,0,0,0,0,4.76,8.42,1.50,8.25,0,0,0,0,,0,/H2,,torreyo01
303,Ryan Raburn,31,DET,AL,62,54,24,472.2,149,80,65,4,13,.973,-6,-14,-3,-8,2.76,3.35,1.75,3.10,,,,,,,479/HD,,raburry01
304,Chris Carter,25,OAK,AL,55,51,42,469.2,453,433,14,6,29,.987,-2,-6,-5,-13,8.57,9.27,8.13,9.22,,,,,,,3/DH,,cartech02
305,John McDonald,37,ARI,NL,62,51,47,469.0,231,75,155,1,33,.996,4,9,8,21,4.41,4.22,3.65,4.10,,,,,,,6H/54,,mcdonjo03
306,Manny Machado,19,BAL,AL,51,51,51,468.0,151,44,102,5,4,.967,4,9,7,18,2.81,2.60,2.86,2.59,,,,,,,5,,machama01
307,Ryan Sweeney,27,BOS,AL,61,50,35,467.1,116,111,3,2,2,.983,10,26,5,13,2.20,2.17,1.87,2.16,,,,,,,98/H,,sweenry01
308,Jose Lobaton,27,TBR,AL,66,50,42,467.0,480,448,28,4,3,.992,-4,-10,-1,-2,9.17,7.99,7.21,7.94,0,20,42,8,16.0,0,2/HD,,lobatjo01
309,Jayson Nix,29,NYY,AL,68,52,32,462.2,167,66,97,4,18,.976,-1,-1,0,0,3.17,3.47,2.30,3.35,,,,,,,5647/HD,,nixja01
310,Yasmani Grandal,23,SDP,NL,55,52,50,461.1,429,386,38,5,2,.988,0,0,15,39,8.27,8.36,7.71,8.26,8,10,44,13,22.8,2,2/H,,grandya01
311,John Baker,31,SDP,NL,56,52,49,460.1,395,368,23,4,0,.990,-9,-23,1,3,7.64,8.36,6.98,8.26,7,21,49,9,15.5,0,2/H,,bakerjo01
312,Joe Mather,29,CHC,NL,74,50,28,459.0,118,96,19,3,3,.975,-5,-14,-10,-26,2.25,2.29,1.49,2.35,,,,,,,H8759/31,,mathejo02
313,Jason Bay,33,NYM,NL,65,54,42,457.1,117,113,2,2,0,.983,1,3,-2,-5,2.26,2.11,1.77,2.09,,,,,,,7/H,,bayja01
314,Omar Quintanilla,30,2TM,2LG,61,50,42,455.2,215,70,139,6,27,.972,-2,-4,-2,-5,4.13,4.47,3.27,4.44,,,,,,,46/H,,quintom01
314,Omar Quintanilla,30,NYM,NL,25,21,20,189.2,82,25,55,2,12,.976,1,8,1,7,3.80,4.27,3.20,4.25,,,,,,,6/H4,,quintom01
314,Omar Quintanilla,30,BAL,AL,36,29,22,266.0,133,45,84,4,15,.970,-3,-12,-3,-14,4.36,4.61,3.31,4.56,,,,,,,4/6H,,quintom01
315,Andruw Jones,35,NYY,AL,66,55,27,452.2,85,81,3,1,2,.988,1,2,0,0,1.67,2.17,1.27,2.16,,,,,,,7H9D,,jonesan01
316,Freddy Galvis,22,PHI,NL,58,49,46,452.1,266,96,169,1,34,.996,7,17,9,24,5.27,4.73,4.42,4.68,,,,,,,4/6H,,galvifr01
317,Paul Janish,29,ATL,NL,55,49,46,450.1,231,63,166,2,34,.991,11,28,4,11,4.58,4.26,4.16,4.21,,,,,,,6,,janispa01
318,Domonic Brown,24,PHI,NL,51,51,32,449.2,101,94,7,0,1,1.000,-4,-11,-5,-13,2.02,2.11,1.98,2.09,,,,,,,97/H,,browndo01
319,Yuniesky Betancourt,30,KCR,AL,53,50,44,449.1,220,93,121,6,42,.973,-10,-27,-11,-29,4.29,4.36,3.89,4.30,,,,,,,4/5H6D,,betanyu01
320,Steve Clevenger,26,CHC,NL,60,52,47,448.2,375,350,21,4,3,.989,-4,-11,-2,-5,7.44,8.42,6.08,8.30,4,15,45,7,13.5,0,2H/35,,clevest01
321,Kevin Frandsen,30,PHI,NL,52,49,48,442.2,118,35,76,7,4,.941,-2,-5,2,5,2.26,2.45,2.13,2.42,,,,,,,5/H,,frandke01
322,Scott Moore,28,HOU,NL,64,53,31,441.1,246,178,62,6,16,.976,-1,-2,-6,-16,4.89,4.68,3.43,4.37,,,,,,,539H/47,,mooresc02
323,Héctor Sánchez,22,SFG,NL,56,48,44,441.0,383,350,26,7,4,.982,-4,-11,-2,-5,7.67,8.36,6.71,8.26,3,24,40,12,23.1,0,2H/D,,sanchhe01
324,Anthony Gose,21,TOR,AL,54,49,40,438.0,109,106,2,1,2,.991,3,8,3,8,2.22,2.17,2.00,2.16,,,,,,,987/H,,gosean01
325,Scott Podsednik,36,BOS,AL,57,50,39,437.0,92,88,3,1,0,.989,4,11,0,0,1.87,2.17,1.60,2.16,,,,,,,78/H9D,,podsesc01
326,Ian Stewart,27,CHC,NL,52,49,48,436.2,112,21,86,5,4,.955,-4,-11,3,8,2.21,2.45,2.06,2.42,,,,,,,5/H,,stewaia01
327,Wilson Valdéz,34,CIN,NL,68,44,29,435.0,170,72,94,4,19,.976,-6,-15,-7,-19,3.43,3.96,2.24,3.88,,,,,,,64H5/8,,valdewi01
328,Marwin González,23,HOU,NL,62,48,37,431.1,210,62,143,5,20,.976,-2,-6,2,6,4.28,4.08,3.06,3.88,,,,,,,6H5/4,,gonzama01
329,Gerald Laird,32,DET,AL,56,49,42,429.0,419,393,22,4,2,.990,-1,-3,-10,-28,8.71,7.99,7.41,7.94,2,14,42,10,19.2,0,2/HD,,lairdge01
330,Brayan Peña,30,KCR,AL,55,46,43,426.1,374,352,18,4,4,.989,-1,-3,-2,-5,7.81,8.02,6.73,8.01,5,7,52,16,23.5,1,2/DH3,,penabr01
331,Andrelton Simmons,22,ATL,NL,49,49,46,426.0,228,67,158,3,31,.987,15,43,19,54,4.75,4.26,4.59,4.21,,,,,,,6,,simmoan01
332,José López,28,2TM,AL,66,46,37,425.1,154,80,71,3,12,.981,1,2,1,3,3.20,3.67,2.19,4.05,,,,,,,53DH/49,,lopezjo01
332,José López,28,CLE,AL,53,42,34,371.1,137,72,62,3,10,.978,0,-1,-1,-3,3.25,3.72,2.44,4.05,,,,,,,5D3/H49,,lopezjo01
332,José López,28,CHW,AL,13,4,3,54.0,17,8,9,0,2,1.000,1,18,2,44,2.83,3.35,1.21,4.01,,,,,,,5/H3D,,lopezjo01
333,David Ross,35,ATL,NL,54,47,44,421.2,395,366,27,2,4,.995,3,9,7,20,8.39,8.36,7.28,8.26,4,20,19,15,44.1,1,2/H,,rossda01
334,Devin Mesoraco,24,CIN,NL,53,48,38,420.2,393,368,24,1,1,.997,0,0,-2,-5,8.39,8.36,7.40,8.26,3,13,39,10,20.4,0,2/H,,mesorde01
335,George Kottaras,29,2TM,2LG,59,49,32,419.1,355,336,15,4,2,.989,-3,-9,-6,-17,7.53,8.19,5.85,8.21,3,12,38,8,17.4,0,2H/3D,,kottage01
335,George Kottaras,29,MIL,NL,32,24,11,202.1,179,172,7,0,2,1.000,-1,-8,-3,-17,7.96,8.40,5.42,8.43,1,7,21,5,19.2,0,H2/3D,,kottage01
335,George Kottaras,29,OAK,AL,27,25,21,217.0,176,164,8,4,0,.977,-2,-11,-3,-16,7.13,7.99,6.37,7.94,2,5,17,3,15.0,0,2/H,,kottage01
336,Chone Figgins,34,SEA,AL,55,44,39,415.1,98,78,19,1,1,.990,-6,-18,-6,-17,2.10,2.24,1.70,2.24,,,,,,,7H5/8D9,,figgich01
337,Welington Castillo,25,CHC,NL,49,46,42,413.2,376,345,24,7,2,.981,-2,-6,-4,-11,8.03,8.36,7.38,8.28,4,15,33,11,25.0,2,2/H3,,castiwe01
338,Chris Parmelee,24,MIN,AL,54,48,38,413.2,353,325,26,2,43,.994,0,0,-5,-15,7.64,6.85,6.16,6.87,,,,,,,39H/7D,,parmech01
339,Evan Longoria,26,TBR,AL,50,49,40,413.0,126,37,81,8,7,.937,4,12,1,3,2.57,2.60,2.36,2.59,,,,,,,5D,,longoev01
340,Shelley Duncan,32,CLE,AL,58,52,23,411.2,85,79,4,2,0,.976,-2,-5,-3,-9,1.81,2.19,1.43,2.28,,,,,,,7D/H93,,duncash01
341,Elián Herrera,27,LAD,NL,57,44,27,407.1,127,80,44,3,11,.976,-5,-14,-1,-3,2.74,2.74,1.85,2.76,,,,,,,75H4/896,,herreel01
342,Mike Baxter,27,NYM,NL,63,44,32,406.1,85,81,3,1,2,.988,-1,-3,-4,-12,1.86,2.11,1.33,2.09,,,,,,,9H7/8D,,baxtemi01
343,Troy Tulowitzki,27,COL,NL,47,47,42,404.0,224,76,140,8,31,.964,0,1,-6,-18,4.81,4.26,4.60,4.21,,,,,,,6,,tulowtr01
344,Ramón Hernández,36,COL,NL,48,45,43,402.0,356,337,17,2,4,.994,0,0,-12,-36,7.93,8.37,7.38,8.30,1,23,36,12,25.0,1,2/H3,,hernara02
345,Darin Mastroianni,26,MIN,AL,62,41,37,398.1,105,100,2,3,0,.971,7,21,5,15,2.30,2.18,1.65,2.20,,,,,,,97HD/84,,mastrda01
346,Jeff Baker,31,3TM,2LG,58,48,20,397.0,212,186,23,3,15,.986,-8,-23,-8,-24,4.74,5.22,3.27,4.72,,,,,,,H93/475,,bakerje03
346,Jeff Baker,31,2TM,NL,43,37,18,309.0,194,173,19,2,14,.990,-5,-19,-6,-23,5.59,6.06,4.00,5.54,,,,,,,H39/47,,bakerje03
346,Jeff Baker,31,CHC,NL,39,34,17,280.0,189,169,18,2,14,.989,-4,-17,-6,-26,6.01,6.45,4.35,5.88,,,,,,,3H9/47,,bakerje03
346,Jeff Baker,31,DET,AL,15,11,2,88.0,18,13,4,1,1,.944,-3,-35,-2,-27,1.74,2.26,1.06,2.27,,,,,,,9/5H7,,bakerje03
346,Jeff Baker,31,ATL,NL,4,3,1,29.0,5,4,1,0,0,1.000,-1,-37,0,0,1.55,2.30,1.00,2.62,,,,,,,H/749,,bakerje03
347,Johnny Damon,38,CLE,AL,56,52,25,396.0,102,99,1,2,0,.980,3,8,2,6,2.27,2.17,1.79,2.16,,,,,,,7/HD,,damonjo01
348,Chris Stewart,30,NYY,AL,54,46,33,395.1,408,379,25,4,3,.990,-2,-6,11,34,9.20,7.99,7.48,7.94,8,10,27,8,22.9,0,2/H,,stewach01
349,Ryan Flaherty,25,BAL,AL,71,42,27,395.0,141,68,70,3,15,.979,5,16,0,0,3.14,3.39,1.89,3.52,,,,,,,459H/736D,,flahery01
350,Steve Pearce,29,3TM,2LG,52,44,27,394.0,184,179,4,1,14,.995,1,3,2,6,4.18,4.38,3.33,4.58,,,,,,,739H/D,,pearcst01
350,Steve Pearce,29,2TM,AL,34,28,18,247.1,92,91,1,0,7,1.000,0,-1,2,10,3.35,3.78,2.71,4.03,,,,,,,7/39HD,,pearcst01
350,Steve Pearce,29,BAL,AL,25,21,17,191.1,37,36,1,0,0,1.000,1,8,2,13,1.74,2.17,1.48,2.16,,,,,,,7/9H,,pearcst01
350,Steve Pearce,29,HOU,NL,18,16,9,146.2,92,88,3,1,7,.989,1,9,0,0,5.58,5.41,4.33,5.47,,,,,,,39/H7,,pearcst01
350,Steve Pearce,29,NYY,AL,9,7,1,56.0,55,55,0,0,7,1.000,-1,-30,0,0,8.84,9.27,6.11,9.22,,,,,,,/3DH,,pearcst01
351,Jean Segura,22,2TM,2LG,44,44,44,389.0,171,65,96,10,20,.942,-6,-19,0,0,3.72,4.26,3.66,4.21,,,,,,,6/H,,segurje01
351,Jean Segura,22,LAA,AL,1,1,1,9.0,6,1,5,0,0,1.000,1,147,0,0,6.00,4.40,6.00,4.40,,,,,,,/6,,segurje01
351,Jean Segura,22,MIL,NL,43,43,43,380.0,165,64,91,10,20,.939,-7,-22,0,0,3.67,4.26,3.60,4.21,,,,,,,6/H,,segurje01
352,Rick Ankiel,32,WSN,NL,62,37,34,382.0,119,115,2,2,0,.983,1,3,-5,-16,2.76,2.11,1.89,2.09,,,,,,,8H,,ankieri01
353,Tony Campana,26,CHC,NL,69,38,37,381.1,92,91,1,0,0,1.000,2,5,2,6,2.17,2.11,1.33,2.09,,,,,,,8H7/9,,campato01
354,Bobby Abreu,38,2TM,2LG,54,50,20,377.2,73,70,2,1,1,.986,-11,-33,-8,-25,1.72,2.12,1.33,2.10,,,,,,,7H/D9,,abreubo01
354,Bobby Abreu,38,LAA,AL,7,7,5,53.0,11,11,0,0,0,1.000,-1,-25,-1,-23,1.87,2.17,1.57,2.16,,,,,,,/79H,,abreubo01
354,Bobby Abreu,38,LAD,NL,47,43,15,324.2,62,59,2,1,1,.984,-9,-35,-7,-26,1.69,2.11,1.30,2.09,,,,,,,7H/D9,,abreubo01
355,Johnny Giavotella,24,KCR,AL,45,43,40,376.2,183,84,93,6,21,.967,-10,-30,-4,-13,4.23,4.63,3.93,4.60,,,,,,,4/HD,,giavojo01
356,César Izturis,32,2TM,NL,52,40,30,374.0,167,46,118,3,17,.982,3,8,0,0,3.95,4.21,3.09,4.19,,,,,,,6H/543,,izturce01
356,César Izturis,32,MIL,NL,49,40,30,369.0,166,45,118,3,17,.982,3,8,1,3,3.98,4.22,3.26,4.21,,,,,,,6H/534,,izturce01
356,César Izturis,32,WSN,NL,3,0,0,5.0,1,1,0,0,0,1.000,0,0,-1,-240,1.80,3.42,0.33,3.77,,,,,,,/H456,,izturce01
357,Nick Punto,34,2TM,2LG,62,36,28,372.2,178,59,117,2,21,.989,5,14,7,23,4.25,3.79,2.59,4.01,,,,,,,H54/63D,,puntoni01
357,Nick Punto,34,BOS,AL,48,30,25,306.2,139,44,93,2,14,.986,3,10,5,20,4.02,3.64,2.63,4.02,,,,,,,5H4/63D,,puntoni01
357,Nick Punto,34,LAD,NL,14,6,3,66.0,39,15,24,0,7,1.000,2,35,2,36,5.32,4.53,2.44,4.00,,,,,,,4H/5,,puntoni01
358,Tyler Flowers,26,CHW,AL,50,41,34,371.2,366,334,30,2,7,.995,2,5,9,29,8.81,8.03,7.14,7.99,1,12,28,14,33.3,0,2/3HD,,flowety01
359,Mike Carp,26,SEA,AL,47,44,28,368.2,245,229,14,2,15,.992,-6,-20,1,3,5.93,6.02,5.17,5.61,,,,,,,73H/D,,carpmi01
360,Trayvon Robinson,24,SEA,AL,46,39,38,367.1,102,100,0,2,0,.980,8,26,2,7,2.45,2.17,2.17,2.16,,,,,,,7/H,,robintr01
361,Pedro Florimón,25,MIN,AL,43,42,38,367.0,201,69,125,7,26,.965,0,0,7,23,4.76,4.43,4.51,4.40,,,,,,,6,,floripe01
362,Juan Uribe,33,LAD,NL,47,42,34,366.0,114,23,86,5,8,.956,8,27,4,13,2.68,2.50,2.32,2.46,,,,,,,5H/6,,uribeju01
363,Endy Chávez,34,BAL,AL,57,34,29,365.0,79,75,2,2,0,.975,-6,-20,1,3,1.90,2.17,1.35,2.16,,,,,,,79H/8,,chaveen01
364,Juan Francisco,25,ATL,NL,49,42,35,363.1,93,20,67,6,9,.935,1,2,1,3,2.16,2.45,1.78,2.42,,,,,,,H5,,francju02
365,Ronny Cedeño,29,NYM,NL,56,42,29,361.0,150,48,98,4,19,.973,1,2,-4,-13,3.64,4.36,2.52,4.37,,,,,,,46H/5,,cedenro02
366,Marlon Byrd,34,2TM,2LG,47,40,31,361.0,109,105,1,3,0,.972,1,3,2,7,2.64,2.15,2.26,2.14,,,,,,,8/9H,,byrdma01
366,Marlon Byrd,34,CHC,NL,13,13,9,105.0,36,35,0,1,0,.972,-2,-22,1,11,3.00,2.11,2.69,2.09,,,,,,,8,,byrdma01
366,Marlon Byrd,34,BOS,AL,34,27,22,256.0,73,70,1,2,0,.973,3,13,1,5,2.50,2.17,2.09,2.16,,,,,,,8/9H,,byrdma01
367,Danny Valencia,27,2TM,AL,44,40,40,357.0,113,26,83,4,9,.965,1,4,-1,-3,2.75,2.60,2.48,2.59,,,,,,,5/H,,valenda01
367,Danny Valencia,27,MIN,AL,34,33,33,291.0,98,21,73,4,9,.959,0,1,-2,-8,2.91,2.60,2.76,2.59,,,,,,,5/H,,valenda01
367,Danny Valencia,27,BOS,AL,10,7,7,66.0,15,5,10,0,0,1.000,1,16,1,18,2.05,2.60,1.50,2.59,,,,,,,5/H,,valenda01
368,Humberto Quintero,32,KCR,AL,43,40,35,355.0,343,310,28,5,5,.985,3,10,-2,-6,8.57,7.99,7.86,7.94,2,12,32,17,34.7,1,2/H,,quinthu01
369,Ezequiel Carrera,25,CLE,AL,47,37,32,354.1,114,112,1,1,0,.991,3,11,0,0,2.87,2.17,2.40,2.16,,,,,,,78/H9,,carreez01
370,Omar Vizquel,45,TOR,AL,50,37,31,354.1,164,58,103,3,19,.982,2,8,4,14,4.09,4.01,2.93,4.03,,,,,,,45H6/37D,,vizquom01
371,Starling Marte,23,PIT,NL,45,39,35,351.0,72,66,3,3,0,.958,4,12,5,17,1.77,2.11,1.53,2.09,,,,,,,7/8H,,martest01
372,Adam Kennedy,36,LAD,NL,57,40,18,350.2,166,58,102,6,8,.964,1,2,-4,-14,4.11,3.35,2.71,3.38,,,,,,,5H4/37,,kennead01
373,Travis Snider,24,2TM,2LG,46,41,30,348.1,86,84,1,1,1,.988,2,5,2,7,2.20,2.13,1.85,2.10,,,,,,,9H7,,snidetr01
373,Travis Snider,24,TOR,AL,10,10,9,87.0,20,19,0,1,0,.950,2,33,0,0,1.97,2.17,1.90,2.16,,,,,,,7,,snidetr01
373,Travis Snider,24,PIT,NL,36,31,21,261.1,66,65,1,0,1,1.000,-1,-4,2,9,2.27,2.11,1.83,2.09,,,,,,,9H/7,,snidetr01
374,Tyler Pastornicky,22,ATL,NL,49,42,25,345.2,142,46,89,7,22,.951,-10,-36,-15,-52,3.51,4.28,2.70,4.24,,,,,,,6H/4,,pastoty01
375,Gorkys Hernández,24,2TM,NL,56,33,29,344.0,107,106,1,0,0,1.000,-2,-8,-2,-7,2.80,2.11,1.91,2.09,,,,,,,8H7/9,,hernago01
375,Gorkys Hernández,24,PIT,NL,21,2,2,64.0,23,23,0,0,0,1.000,1,15,4,75,3.23,2.11,1.10,2.09,,,,,,,7/H98,,hernago01
375,Gorkys Hernández,24,MIA,NL,35,31,27,280.0,84,83,1,0,0,1.000,-3,-14,-6,-26,2.70,2.11,2.40,2.09,,,,,,,8H/7,,hernago01
376,John Jaso,28,SEA,AL,43,39,36,343.1,278,263,15,0,1,1.000,-3,-10,-4,-14,7.29,7.99,6.47,7.94,5,16,27,7,20.6,2,D2H,,jasojo01
377,Erik Kratz,32,PHI,NL,41,38,36,343.1,366,339,26,1,3,.997,6,21,10,35,9.57,8.36,8.90,8.26,3,8,18,15,45.5,2,2H,,kratzer01
378,Adeiny Hechavarría,23,TOR,AL,40,39,32,340.2,135,40,92,3,21,.978,-4,-14,-1,-3,3.49,3.64,3.07,3.68,,,,,,,56/4H,,hechaad01
379,Jordany Valdespin,24,NYM,NL,56,32,21,328.1,110,82,25,3,11,.973,-4,-14,-9,-33,2.93,2.75,1.81,2.95,,,,,,,H7489/6D,,valdejo02
380,Eduardo Escobar,23,2TM,AL,45,33,26,324.2,139,44,93,2,16,.986,3,12,5,19,3.80,3.59,2.74,3.51,,,,,,,546H/D7,,escobed01
380,Eduardo Escobar,23,CHW,AL,31,20,18,212.1,67,19,46,2,5,.970,3,17,2,12,2.76,3.26,1.97,3.16,,,,,,,5H/46D7,,escobed01
380,Eduardo Escobar,23,MIN,AL,14,13,8,112.1,72,25,47,0,11,1.000,0,3,3,33,5.77,4.20,4.24,4.18,,,,,,,/465,,escobed01
381,Matt Downs,28,HOU,NL,57,35,22,323.1,211,153,52,6,13,.972,-3,-12,-4,-15,5.71,5.48,3.42,5.31,,,,,,,H359/476,,downsma01
382,Franklin Gutierrez,29,SEA,AL,38,38,32,322.2,100,98,1,1,0,.990,4,14,-5,-19,2.76,2.17,2.61,2.16,,,,,,,8/HD,,gutiefr01
383,Don Kelly,32,DET,AL,68,29,19,322.1,103,92,8,3,3,.971,-2,-8,-2,-7,2.79,2.97,1.41,3.01,,,,,,,97H/38D54,,kellydo01
384,Emmanuel Burriss,27,SFG,NL,48,34,31,319.2,130,49,77,4,14,.969,-6,-21,-7,-26,3.55,4.52,2.52,4.33,,,,,,,4H/569,,burriem01
385,Xavier Nady,33,2TM,NL,51,39,16,319.1,55,52,2,1,0,.982,-1,-5,1,4,1.52,2.11,1.06,2.09,,,,,,,7H9,,nadyxa01
385,Xavier Nady,33,WSN,NL,35,24,12,214.2,34,32,1,1,0,.971,-2,-11,0,0,1.38,2.11,0.94,2.09,,,,,,,79H,,nadyxa01
385,Xavier Nady,33,SFG,NL,16,15,4,104.2,21,20,1,0,0,1.000,1,6,1,11,1.81,2.11,1.31,2.09,,,,,,,7/H,,nadyxa01
386,Moisés Sierra,23,TOR,AL,39,35,32,316.0,70,67,3,0,0,1.000,-1,-4,-6,-23,1.99,2.17,1.79,2.16,,,,,,,9/HD,,sierrmo01
387,Daric Barton,26,OAK,AL,43,33,33,313.1,336,319,17,0,30,1.000,2,6,2,8,9.65,9.27,7.81,9.22,,,,,,,3/H,,bartoda02
388,Brett Jackson,23,CHC,NL,39,38,31,313.1,96,94,0,2,0,.979,2,7,-1,-4,2.70,2.11,2.41,2.09,,,,,,,8/H,,jacksbr01
389,Mike Nickeas,29,NYM,NL,45,35,22,305.0,302,280,20,2,3,.993,-3,-12,-2,-7,8.85,8.36,6.67,8.26,8,11,18,6,25.0,0,2/H,,nickemi01
390,Shane Robinson,27,STL,NL,60,29,19,304.2,79,74,3,2,1,.975,-2,-7,2,8,2.27,2.11,1.28,2.09,,,,,,,H879,,robinsh01
391,Tyler Moore,25,WSN,NL,54,35,16,304.0,106,99,7,0,7,1.000,-6,-24,-7,-28,3.14,3.74,1.93,3.89,,,,,,,7H3/9,,moorety01
392,Drew Butera,28,MIN,AL,42,32,27,299.2,258,243,14,1,2,.996,-3,-12,-1,-4,7.72,7.97,6.12,7.79,4,15,23,7,23.3,0,2/H1,,buterdr01
393,Aaron Cunningham,26,CLE,AL,70,21,15,299.0,69,65,4,0,1,1.000,-3,-10,1,4,2.08,2.17,0.99,2.16,,,,,,,798/HD,,cunniaa01
394,Will Rhymes,29,TBR,AL,41,35,16,299.0,155,43,104,8,28,.948,2,9,-3,-12,4.42,4.05,3.20,3.95,,,,,,,45/HD,,rhymewi01
395,Tony Cruz,25,STL,NL,49,28,25,296.0,282,256,24,2,5,.993,2,9,-1,-4,8.51,8.37,5.71,8.30,3,10,18,8,30.8,0,2H/3,,cruzto03
396,Michael Martínez,29,PHI,NL,42,34,22,293.1,111,45,62,4,14,.964,-3,-14,5,21,3.28,3.66,2.49,3.54,,,,,,,45/6H987,,martimi02
397,Ben Francisco,30,3TM,2LG,53,33,16,289.2,45,43,1,1,0,.978,-2,-7,-6,-25,1.37,2.14,0.83,2.12,,,,,,,9H7D,,francbe01
397,Ben Francisco,30,2TM,AL,27,15,3,121.0,14,14,0,0,0,1.000,0,2,-1,-10,1.04,2.17,0.52,2.16,,,,,,,HD97,,francbe01
397,Ben Francisco,30,TOR,AL,9,4,0,32.0,3,3,0,0,0,1.000,1,30,0,0,0.84,2.17,0.33,2.16,,,,,,,DH/79,,francbe01
397,Ben Francisco,30,HOU,NL,26,18,13,168.2,31,29,1,1,0,.968,-2,-13,-5,-36,1.60,2.11,1.15,2.09,,,,,,,97/H,,francbe01
397,Ben Francisco,30,TBR,AL,18,11,3,89.0,11,11,0,0,0,1.000,-1,-8,-1,-13,1.11,2.17,0.61,2.16,,,,,,,9/H7D,,francbe01
398,Matt Treanor,36,LAD,NL,35,33,29,288.2,285,261,21,3,3,.989,1,4,-3,-12,8.79,8.36,8.06,8.26,0,9,18,6,25.0,0,2/H,,treanma01
399,Munenori Kawasaki,31,SEA,AL,49,29,25,286.2,134,56,78,0,16,1.000,-4,-17,-1,-4,4.21,4.45,2.73,4.40,,,,,,,6H4/D5,,kawasmu01
400,Jason Donald,27,CLE,AL,36,33,22,286.0,94,37,50,7,10,.926,-5,-22,0,0,2.74,3.47,2.35,3.43,,,,,,,56/H47D8,,donalja01
401,Justin Turner,27,NYM,NL,43,31,21,286.0,154,96,56,2,19,.987,-4,-16,-3,-12,4.78,5.31,3.30,5.13,,,,,,,H4356,,turneju01
402,Miguel Cairo,38,CIN,NL,45,30,22,285.1,232,179,48,5,15,.978,-3,-12,-3,-13,7.16,6.65,5.04,6.44,,,,,,,H35/4D,,cairomi01
403,Adam Rosales,29,OAK,AL,41,31,20,283.0,167,88,79,0,18,1.000,-2,-10,6,26,5.31,5.00,3.98,5.17,,,,,,,46/3H5,,rosalad01
404,Jonny Gomes,31,OAK,AL,42,28,22,281.2,68,65,1,2,0,.971,-5,-19,-3,-13,2.11,2.17,1.57,2.16,,,,,,,D7H/9,,gomesjo01
405,Brent Morel,25,CHW,AL,33,31,30,281.2,79,25,51,3,2,.962,-2,-7,0,0,2.43,2.60,2.30,2.59,,,,,,,5/H,,morelbr01
406,Travis Ishikawa,28,MIL,NL,44,27,21,280.2,288,269,17,2,21,.993,0,-2,5,21,9.17,9.20,6.22,8.72,,,,,,,H3/9,,ishiktr01
407,Andy Parrino,26,SDP,NL,44,31,26,279.1,142,44,92,6,16,.958,-1,-5,1,5,4.38,4.34,3.09,4.25,,,,,,,6H4/59,,parrian01
408,Brett Hayes,28,MIA,NL,33,31,29,278.0,247,221,21,5,1,.980,-1,-4,-4,-17,7.83,8.36,7.33,8.26,1,8,22,6,21.4,0,2/H,,hayesbr01
409,Fernando Martínez,23,HOU,NL,37,35,15,275.2,50,49,1,0,0,1.000,-1,-4,-5,-22,1.63,2.11,1.35,2.09,,,,,,,7/9H,,martife02
410,Chris Gimenez,29,TBR,AL,40,31,13,270.0,280,265,12,3,3,.989,1,3,1,5,9.23,7.96,6.60,7.71,0,8,20,5,20.0,0,2/H357D,,gimench01
411,Alex Liddi,23,SEA,AL,34,30,25,268.1,103,62,36,5,7,.951,-3,-13,-1,-4,3.29,3.60,2.80,3.45,,,,,,,5/73H,,liddial01
412,Collin Cowgill,26,OAK,AL,36,28,21,255.1,72,69,3,0,2,1.000,-4,-20,3,14,2.54,2.17,2.00,2.16,,,,,,,78/9H,,cowgico01
413,Lonnie Chisenhall,23,CLE,AL,30,28,25,255.0,76,16,54,6,7,.921,-7,-34,-4,-19,2.47,2.60,2.33,2.59,,,,,,,5D/H,,chiselo01
414,Eric Sogard,26,OAK,AL,34,25,24,254.1,112,35,75,2,12,.982,6,26,3,15,3.89,3.63,3.14,3.71,,,,,,,65/H4,,sogarer01
415,John Hester,28,LAA,AL,38,27,21,253.2,204,195,9,0,2,1.000,-2,-9,-7,-33,7.24,7.99,5.37,7.94,1,10,30,5,14.3,0,2/H,,hestejo01
416,Rob Brantly,22,MIA,NL,28,28,28,247.2,209,191,16,2,1,.990,-3,-15,-6,-29,7.52,8.36,7.39,8.26,6,12,18,4,18.2,0,2/H,,brantro01
417,Austin Kearns,32,MIA,NL,35,29,16,246.0,106,104,1,1,2,.991,6,27,0,0,3.84,2.43,2.92,2.49,,,,,,,H79/3D,,kearnau01
418,Carl Crawford,30,BOS,AL,30,30,25,245.2,43,42,0,1,0,.977,2,11,1,5,1.54,2.17,1.40,2.16,,,,,,,7/DH,,crawfca02
419,Matt Dominguez,22,HOU,NL,31,27,24,245.2,78,18,59,1,9,.987,2,8,0,0,2.82,2.45,2.48,2.42,,,,,,,5,,dominma01
420,Drew Sutton,29,2TM,2LG,38,28,15,245.2,80,47,28,5,3,.938,-3,-15,-4,-20,2.75,2.86,1.83,3.24,,,,,,,75H/493,,suttodr01
420,Drew Sutton,29,TBR,AL,18,12,9,117.0,48,18,27,3,2,.938,0,4,0,0,3.46,3.64,2.25,4.19,,,,,,,5/4H3,,suttodr01
420,Drew Sutton,29,PIT,NL,20,16,6,128.2,32,29,1,2,1,.938,-3,-32,-4,-37,2.10,2.15,1.43,2.34,,,,,,,7/9H4,,suttodr01
421,Donnie Murphy,29,MIA,NL,36,26,19,245.0,78,28,49,1,6,.987,-2,-8,-2,-10,2.83,3.31,2.08,3.32,,,,,,,5H4/6,,murphdo01
422,Eric Young Jr.,27,COL,NL,34,28,25,244.2,64,64,0,0,0,1.000,-1,-5,4,20,2.35,2.11,1.88,2.09,,,,,,,H89/7D,,younger03
423,Kendrys Morales,29,LAA,AL,28,28,25,241.0,213,199,13,1,18,.995,2,10,-1,-5,7.92,9.27,7.57,9.22,,,,,,,D3H,,moralke01
424,Justin Verlander,29,DET,AL,33,33,6,238.1,53,25,24,4,3,.925,,,5,4,1.85,1.57,1.48,1.56,,,,,,,1,ASCYA-2MVP-8,verlaju01
425,Andrew Brown,27,COL,NL,33,28,17,234.0,60,55,3,2,0,.967,2,10,2,10,2.23,2.11,1.76,2.09,,,,,,,9H7,,brownan02
426,Jason Bartlett,32,SDP,NL,27,26,24,233.2,105,32,68,5,12,.952,0,2,-3,-15,3.85,4.26,3.70,4.21,,,,,,,6/H,,bartlja01
427,R.A. Dickey,37,NYM,NL,34,33,5,233.2,60,12,44,4,6,.933,,,6,5,2.16,1.77,1.65,1.75,,,,,,,1,ASCYA-1MVP-14,dicker.01
428,Sam Fuld,30,TBR,AL,33,23,17,232.0,54,51,2,1,0,.981,4,20,5,26,2.06,2.17,1.61,2.16,,,,,,,97H/D8,,fuldsa01
429,Félix Hernández,26,SEA,AL,33,33,5,232.0,37,11,24,2,3,.946,,,0,0,1.36,1.57,1.06,1.56,,,,,,,1,ASCYA-4MVP-22,hernafe02
430,Yan Gomes,24,TOR,AL,38,24,17,231.1,168,148,19,1,9,.994,4,19,1,5,6.50,7.17,4.07,6.96,0,4,0,0,,0,3/25H7D,,gomesya01
431,Ryan Kalish,24,BOS,AL,32,25,22,231.1,66,62,0,4,0,.939,-11,-56,-5,-26,2.41,2.17,1.94,2.16,,,,,,,8/9H7D,,kalisry01
432,Charlie Blackmon,25,COL,NL,33,24,23,230.0,58,54,4,0,2,1.000,10,50,5,26,2.27,2.11,1.76,2.09,,,,,,,97H/8,,blackch02
433,Brian Schneider,35,PHI,NL,29,26,17,228.2,218,197,21,0,2,1.000,2,10,-1,-5,8.58,8.36,7.52,8.26,1,6,17,8,32.0,1,2/H,,schnebr01
434,Clayton Kershaw,24,LAD,NL,33,33,2,227.2,51,9,42,0,1,1.000,,,6,5,2.02,1.77,1.55,1.75,,,,,,,1/H,ASCYA-2MVP-16,kershcl01
435,James Shields,30,TBR,AL,33,33,3,227.2,42,16,21,5,0,.881,,,-3,-3,1.46,1.57,1.12,1.56,,,,,,,1,,shielja02
436,Darnell McDonald,33,2TM,AL,36,24,14,227.2,62,58,2,2,0,.968,5,27,3,16,2.37,2.17,1.67,2.14,,,,,,,79H/8D1,,mcdonda02
436,Darnell McDonald,33,BOS,AL,32,22,14,215.2,60,57,2,1,0,.983,6,33,3,17,2.46,2.17,1.84,2.14,,,,,,,7H9/8D1,,mcdonda02
436,Darnell McDonald,33,NYY,AL,4,2,0,12.0,2,1,0,1,0,.500,-1,-80,0,0,0.75,2.18,0.25,2.15,,,,,,,/978,,mcdonda02
437,Brandon Barnes,26,HOU,NL,37,24,16,227.1,68,65,3,0,1,1.000,7,35,4,21,2.69,2.11,1.84,2.09,,,,,,,8/H97,,barnebr02
438,Laynce Nix,31,PHI,NL,38,26,10,226.1,109,100,6,3,8,.972,0,2,0,0,4.22,4.40,2.72,3.91,,,,,,,H739/8,,nixla01
439,Delmon Young,26,DET,AL,31,29,11,226.1,38,35,1,2,0,.947,-7,-34,-3,-16,1.43,2.17,1.16,2.16,,,,,,,*D7/H,,youngde03
440,Danny Worth,26,DET,AL,38,24,18,226.0,97,38,58,1,16,.990,-2,-9,-3,-16,3.82,4.51,2.46,4.33,,,,,,,4H/56D,,worthda01
441,David Cooper,25,TOR,AL,29,26,20,225.2,243,217,25,1,22,.996,1,6,-3,-16,9.65,9.27,8.34,9.22,,,,,,,3D/H,,coopeda01
442,Chris Coghlan,27,MIA,NL,32,23,18,221.2,54,54,0,0,0,1.000,-3,-18,-3,-16,2.19,2.11,1.69,2.09,,,,,,,78H/9,,coghlch01
443,Hiroki Kuroda,37,NYY,AL,33,33,3,219.2,42,11,31,0,3,1.000,,,2,2,1.72,1.57,1.27,1.56,,,,,,,1,,kurodhi01
444,Matt Cain,27,SFG,NL,32,32,2,219.1,36,10,24,2,1,.944,,,1,1,1.40,1.77,1.06,1.75,,,,,,,1/H,ASCYA-6,cainma01
445,Ryan Lavarnway,24,BOS,AL,28,25,23,219.0,196,183,11,2,0,.990,-4,-22,-3,-16,7.97,7.99,6.93,7.94,0,10,28,3,9.7,0,2D/H,,lavarry01
446,Jake Peavy,31,CHW,AL,32,32,4,219.0,37,14,22,1,3,.973,,,4,4,1.48,1.57,1.13,1.56,,,,,,,1,ASGG,peavyja01
447,Clayton Richard,28,SDP,NL,33,33,1,218.2,65,17,42,6,1,.908,,,3,3,2.43,1.77,1.79,1.75,,,,,,,1/H,,richacl01
448,Jason Vargas,29,SEA,AL,33,33,2,217.1,37,7,28,2,0,.946,,,4,4,1.45,1.57,1.06,1.56,,,,,,,1,,vargaja01
449,Xavier Avery,22,BAL,AL,28,23,23,217.0,52,49,1,2,0,.962,-1,-7,-2,-11,2.07,2.17,1.79,2.16,,,,,,,7/HD8,,averyxa01
450,Johnny Cueto,26,CIN,NL,33,33,2,217.0,68,19,44,5,0,.926,,,8,7,2.61,1.77,1.91,1.75,,,,,,,1,CYA-4MVP-30,cuetojo01
451,Wilson Ramos,24,WSN,NL,24,24,22,216.2,204,189,14,1,1,.995,-1,-6,-2,-11,8.43,8.36,8.46,8.26,2,8,19,4,17.4,0,2/H,,ramoswi01
452,Mark Kotsay,36,SDP,NL,31,29,7,216.0,70,67,2,1,4,.986,-3,-19,-1,-6,2.88,2.90,2.16,3.20,,,,,,,H7/93,,kotsama01
453,Cole Hamels,28,PHI,NL,31,31,2,215.1,39,10,25,4,0,.897,,,-2,-2,1.46,1.77,1.13,1.75,,,,,,,1,ASCYA-8,hamelco01
454,Matt Harrison,26,TEX,AL,32,32,4,213.1,39,13,25,1,3,.974,,,3,3,1.60,1.57,1.19,1.56,,,,,,,1/H,ASCYA-8,harrima01
455,Ryan Wheeler,23,ARI,NL,26,23,21,213.0,71,32,37,2,5,.972,-6,-35,0,0,2.92,3.09,2.56,3.42,,,,,,,H5/3,,wheelry01
456,Zack Greinke,28,2TM,2LG,34,34,0,212.1,53,22,31,0,3,1.000,,,6,6,2.25,1.69,1.56,1.68,,,,,,,1/H,,greinza01
456,Zack Greinke,28,MIL,NL,21,21,0,123.0,31,14,17,0,2,1.000,,,2,3,2.27,1.77,1.48,1.75,,,,,,,1/H,,greinza01
456,Zack Greinke,28,LAA,AL,13,13,0,89.1,22,8,14,0,1,1.000,,,4,9,2.22,1.57,1.69,1.56,,,,,,,1,,greinza01
457,Cliff Lee,33,PHI,NL,30,30,0,211.0,31,6,22,3,3,.903,,,-2,-2,1.19,1.77,0.93,1.75,,,,,,,1/H,,leecl02
458,Kyle Lohse,33,STL,NL,33,33,0,211.0,43,17,26,0,2,1.000,,,1,1,1.83,1.77,1.30,1.75,,,,,,,1/H,CYA-7,lohseky01
459,David Price,26,TBR,AL,31,31,2,211.0,37,6,28,3,4,.919,,,5,5,1.45,1.57,1.10,1.56,,,,,,,1,ASCYA-1MVP-12,priceda01
460,Mat Latos,24,CIN,NL,33,33,2,209.1,40,18,22,0,0,1.000,,,0,0,1.72,1.77,1.21,1.75,,,,,,,1,,latosma01
461,Madison Bumgarner,22,SFG,NL,32,32,2,208.1,45,7,36,2,0,.956,,,1,1,1.86,1.77,1.34,1.75,,,,,,,1,,bumgama01
462,Ian Kennedy,27,ARI,NL,33,33,1,208.1,35,9,22,4,1,.886,,,0,0,1.34,1.77,0.94,1.75,,,,,,,1,,kenneia01
463,Homer Bailey,26,CIN,NL,33,33,2,208.0,43,14,26,3,0,.930,,,4,4,1.73,1.77,1.21,1.75,,,,,,,1/H,,baileho02
464,Brett Pill,27,SFG,NL,32,25,11,206.2,181,166,13,2,15,.989,3,19,1,6,7.80,7.63,5.59,7.42,,,,,,,3H/75,,pillbr01
465,Justin Masterson,27,CLE,AL,34,34,1,206.1,59,24,34,1,2,.983,,,1,1,2.53,1.57,1.71,1.56,,,,,,,1,,masteju01
466,Wandy Rodríguez,33,2TM,NL,34,33,0,205.2,34,7,24,3,1,.912,,,-6,-6,1.36,1.77,0.91,1.75,,,,,,,1,,rodriwa01
466,Wandy Rodríguez,33,HOU,NL,21,21,0,130.2,22,2,18,2,0,.909,,,-4,-6,1.38,1.77,0.95,1.75,,,,,,,1,,rodriwa01
466,Wandy Rodríguez,33,PIT,NL,13,12,0,75.0,12,5,6,1,1,.917,,,-2,-5,1.32,1.78,0.85,1.75,,,,,,,1,,rodriwa01
467,Jon Lester,28,BOS,AL,33,33,3,205.1,37,14,21,2,3,.946,,,0,0,1.53,1.57,1.06,1.56,,,,,,,1,,lestejo01
468,Yovani Gallardo,26,MIL,NL,33,33,0,204.0,41,13,27,1,3,.976,,,3,3,1.76,1.77,1.21,1.75,,,,,,,1,,gallayo01
469,Álex González,35,MIL,NL,24,24,23,203.0,100,30,67,3,17,.970,-3,-18,-2,-11,4.30,4.26,4.04,4.21,,,,,,,6,,gonzaal02
470,Taylor Green,25,MIL,NL,35,22,14,203.0,146,116,28,2,12,.986,3,17,2,12,6.38,6.54,4.11,6.16,,,,,,,H35/4D,,greenta01
471,Mark Buehrle,33,MIA,NL,31,31,1,202.1,60,13,47,0,5,1.000,,,12,12,2.67,1.77,1.94,1.75,,,,,,,1,GG,buehrma01
472,A.J. Burnett,35,PIT,NL,31,31,1,202.1,58,21,36,1,1,.983,,,-3,-3,2.54,1.77,1.84,1.75,,,,,,,1,,burnea.01
473,C.J. Wilson,31,LAA,AL,34,34,0,202.1,42,7,33,2,0,.952,,,3,3,1.78,1.57,1.18,1.56,,,,,,,1,AS,wilsocj01
474,Bronson Arroyo,35,CIN,NL,32,32,1,202.0,47,16,31,0,1,1.000,,,4,4,2.09,1.77,1.47,1.75,,,,,,,1,,arroybr01
475,Mike Fontenot,32,PHI,NL,29,22,16,200.2,86,33,48,5,8,.942,-1,-5,1,6,3.63,3.88,2.79,3.77,,,,,,,H45/D,,fontemi01
476,Eduardo Núñez,25,NYY,AL,30,22,18,200.1,89,34,48,7,8,.921,-4,-23,-1,-5,3.68,3.68,2.73,3.56,,,,,,,6H/5D749,,nunezed02
477,Trevor Cahill,24,ARI,NL,32,32,2,200.0,52,16,31,5,0,.904,,,0,0,2.12,1.77,1.47,1.75,,,,,,,1,,cahiltr01
478,CC Sabathia,31,NYY,AL,28,28,2,200.0,28,1,27,0,0,1.000,,,2,2,1.26,1.57,1.00,1.56,,,,,,,1,AS,sabatc.01
479,Gio González,26,WSN,NL,32,32,2,199.1,34,10,22,2,1,.941,,,-1,-1,1.44,1.77,1.00,1.75,,,,,,,1,ASCYA-3MVP-20,gonzagi01
480,Pete Kozma,24,STL,NL,26,22,19,199.0,88,25,60,3,10,.966,0,2,2,13,3.84,4.26,3.27,4.23,,,,,,,6/4H,,kozmape01
481,Brooks Conrad,32,2TM,2LG,35,21,14,199.0,97,56,39,2,5,.979,2,11,2,12,4.30,4.42,2.57,4.59,,,,,,,H54/36D,,conrabr01
481,Brooks Conrad,32,MIL,NL,13,8,4,68.1,52,40,12,0,2,1.000,1,21,-1,-18,6.85,6.62,3.71,6.59,,,,,,,H/3456,,conrabr01
481,Brooks Conrad,32,TBR,AL,22,13,10,130.2,45,16,27,2,3,.956,1,6,3,28,2.96,3.26,1.87,3.38,,,,,,,5/4HD,,conrabr01
482,Adam Wainwright,30,STL,NL,32,32,3,198.2,35,15,19,1,2,.971,,,-1,-1,1.54,1.77,1.06,1.75,,,,,,,1/H,,wainwad01
483,Chris Capuano,33,LAD,NL,33,33,0,198.1,33,5,27,1,1,.970,,,4,4,1.45,1.77,0.97,1.75,,,,,,,1/H,,capuach01
484,Josh Vitters,22,CHC,NL,29,24,16,197.2,54,9,41,4,4,.926,-3,-19,-3,-18,2.28,2.45,1.72,2.42,,,,,,,5H,,vittejo01
485,Lyle Overbay,35,2TM,NL,23,23,20,196.1,205,190,14,1,26,.995,1,4,1,6,9.35,9.29,8.87,9.18,,,,,,,H3/D,,overbly01
485,Lyle Overbay,35,ARI,NL,21,21,18,180.1,185,170,14,1,26,.995,1,5,1,7,9.18,9.29,8.76,9.18,,,,,,,H3/D,,overbly01
485,Lyle Overbay,35,ATL,NL,2,2,2,16.0,20,20,0,0,0,1.000,0,-8,0,0,11.25,9.28,10.00,9.20,,,,,,,H/3,,overbly01
486,Jordan Zimmermann,26,WSN,NL,32,32,0,195.2,42,12,28,2,2,.952,,,3,3,1.84,1.77,1.25,1.75,,,,,,,1,,zimmejo02
487,Aníbal Sánchez,28,2TM,2LG,31,31,1,195.2,44,16,26,2,4,.955,,,1,1,1.93,1.69,1.35,1.68,,,,,,,1,,sanchan01
487,Aníbal Sánchez,28,MIA,NL,19,19,0,121.0,24,10,13,1,3,.958,,,0,0,1.71,1.77,1.21,1.75,,,,,,,1,,sanchan01
487,Aníbal Sánchez,28,DET,AL,12,12,1,74.2,20,6,13,1,1,.950,,,1,3,2.29,1.57,1.58,1.56,,,,,,,1,,sanchan01
488,Matt Adams,23,STL,NL,24,23,19,194.2,225,210,12,3,13,.987,-2,-12,1,6,10.26,9.29,9.25,9.18,,,,,,,3/H,,adamsma01
489,Wade Miley,25,ARI,NL,32,29,0,194.2,31,2,28,1,1,.968,,,5,5,1.39,1.77,0.94,1.75,,,,,,,1,ASROY-2,mileywa01
490,Lucas Harrell,27,HOU,NL,32,32,1,193.2,51,12,39,0,2,1.000,,,2,2,2.37,1.77,1.59,1.75,,,,,,,1/H,,harrelu01
491,Jose Iglesias,22,BOS,AL,24,23,20,193.2,100,27,71,2,16,.980,2,14,7,44,4.55,4.43,4.08,4.40,,,,,,,6/DH,,iglesjo01
492,Wei-Yin Chen,26,BAL,AL,32,32,0,192.2,39,7,31,1,2,.974,,,3,3,1.78,1.57,1.19,1.56,,,,,,,1,ROY-4,chenwe02
493,Chris Sale,23,CHW,AL,30,29,1,192.0,34,8,25,1,1,.971,,,-1,-1,1.55,1.57,1.10,1.56,,,,,,,1,ASCYA-6,salech01
494,Bruce Chen,35,KCR,AL,34,34,0,191.2,36,7,28,1,0,.972,,,0,0,1.64,1.57,1.03,1.56,,,,,,,1/H,,chenbr01
495,Yu Darvish,25,TEX,AL,29,29,0,191.1,33,19,14,0,1,1.000,,,-2,-2,1.55,1.57,1.14,1.56,,,,,,,1,ASCYA-9ROY-3,darviyu01
496,Phil Hughes,26,NYY,AL,32,32,1,191.1,22,7,14,1,0,.955,,,-2,-2,0.99,1.57,0.66,1.56,,,,,,,1,,hugheph01
497,Josh Johnson,28,MIA,NL,31,31,0,191.1,59,25,33,1,3,.983,,,-4,-4,2.73,1.77,1.87,1.75,,,,,,,1,,johnsjo09
498,Ricky Nolasco,29,MIA,NL,31,31,3,191.0,44,22,21,1,3,.977,,,-5,-5,2.03,1.77,1.39,1.75,,,,,,,1,,nolasri01
499,Joe Blanton,31,2TM,NL,31,30,2,191.0,43,14,25,4,3,.907,,,-1,-1,1.84,1.77,1.26,1.75,,,,,,,1,,blantjo01
499,Joe Blanton,31,PHI,NL,21,20,2,133.1,30,11,16,3,1,.900,,,-1,-2,1.82,1.77,1.29,1.75,,,,,,,1,,blantjo01
499,Joe Blanton,31,LAD,NL,10,10,0,57.2,13,3,9,1,2,.923,,,0,0,1.87,1.76,1.20,1.75,,,,,,,1,,blantjo01
500,Jon Niese,25,NYM,NL,30,30,0,190.1,33,5,26,2,2,.939,,,3,3,1.47,1.77,1.03,1.75,,,,,,,1,,niesejo01
501,Irving Falu,29,KCR,AL,24,19,19,190.0,91,29,59,3,13,.967,-3,-17,0,1,4.17,4.11,3.67,4.14,,,,,,,4/56H,,faluir01
502,Tommy Milone,25,OAK,AL,31,31,1,190.0,24,5,18,1,1,.958,,,3,3,1.09,1.57,0.74,1.56,,,,,,,1,,milonto01
503,Edwin Jackson,28,WSN,NL,31,31,1,189.2,40,17,20,3,1,.925,,,0,0,1.76,1.77,1.19,1.75,,,,,,,1/H,,jacksed01
504,Ryan Vogelsong,34,SFG,NL,31,31,0,189.2,26,6,20,0,3,1.000,,,2,2,1.23,1.77,0.84,1.75,,,,,,,1,,vogelry01
505,Clay Buchholz,27,BOS,AL,29,29,2,189.1,46,29,14,3,2,.935,,,0,0,2.04,1.57,1.48,1.56,,,,,,,1,,buchhcl01
506,Paul Maholm,30,2TM,NL,32,31,1,189.0,33,5,26,2,1,.939,,,1,1,1.48,1.77,0.97,1.75,,,,,,,1,,maholpa01
506,Paul Maholm,30,CHC,NL,21,20,0,120.1,18,4,13,1,1,.944,,,-1,-2,1.27,1.77,0.81,1.75,,,,,,,1,,maholpa01
506,Paul Maholm,30,ATL,NL,11,11,1,68.2,15,1,13,1,0,.933,,,2,6,1.83,1.77,1.27,1.75,,,,,,,1,,maholpa01
507,Jered Weaver,29,LAA,AL,30,30,3,188.2,26,12,14,0,4,1.000,,,2,2,1.24,1.57,0.87,1.56,,,,,,,1,ASCYA-3MVP-22,weaveje02
508,Max Scherzer,27,DET,AL,32,32,0,187.2,22,8,13,1,0,.955,,,-3,-3,1.01,1.57,0.66,1.56,,,,,,,1,,scherma01
509,Henderson Alvarez III,22,TOR,AL,31,31,1,187.1,54,15,35,4,2,.926,,,3,3,2.40,1.57,1.61,1.56,,,,,,,1,,alvarhe01
510,Adam Eaton,23,ARI,NL,21,21,19,186.0,40,37,2,1,1,.975,0,1,1,6,1.89,2.11,1.86,2.09,,,,,,,8/7H,,eatonad02
511,Tim Lincecum,28,SFG,NL,33,33,0,186.0,37,15,22,0,0,1.000,,,-2,-2,1.79,1.77,1.12,1.75,,,,,,,1,,linceti01
512,Carlos Corporán,28,HOU,NL,24,22,17,185.2,189,164,23,2,3,.989,1,6,6,39,9.06,8.36,7.79,8.26,2,8,14,7,33.3,2,2/H,,corpoca01
513,Luke Hochevar,28,KCR,AL,32,32,2,185.1,34,6,28,0,1,1.000,,,3,3,1.65,1.57,1.06,1.56,,,,,,,1,,hochelu01
514,Barry Zito,34,SFG,NL,32,32,1,184.1,29,2,26,1,1,.966,,,1,1,1.37,1.77,0.88,1.75,,,,,,,1,,zitoba01
515,Jordan Danks,25,CHW,AL,41,15,14,183.0,44,44,0,0,0,1.000,4,26,2,13,2.16,2.17,1.07,2.16,,,,,,,7H8/9D,,danksjo02
516,Edinson Vólquez,28,SDP,NL,32,32,1,182.2,27,9,18,0,1,1.000,,,-5,-5,1.33,1.77,0.84,1.75,,,,,,,1,,volqued01
517,Matt Diaz,34,ATL,NL,24,22,14,182.1,52,50,2,0,2,1.000,-1,-7,-4,-26,2.57,2.11,2.17,2.09,,,,,,,H7/9D,,diazma02
518,José Constanza,28,ATL,NL,25,20,11,182.0,43,41,2,0,0,1.000,7,44,6,40,2.13,2.11,1.72,2.09,,,,,,,7H/8,,constjo01
519,Jeremy Guthrie,33,2TM,2LG,33,29,0,181.2,32,13,15,4,1,.875,,,1,1,1.39,1.67,0.85,1.67,,,,,,,1/H,,guthrje01
519,Jeremy Guthrie,33,COL,NL,19,15,0,90.2,18,5,11,2,1,.889,,,0,0,1.59,1.77,0.84,1.75,,,,,,,1/H,,guthrje01
519,Jeremy Guthrie,33,KCR,AL,14,14,0,91.0,14,8,4,2,0,.857,,,1,2,1.19,1.57,0.86,1.56,,,,,,,1,,guthrje01
520,Jarrod Parker,23,OAK,AL,29,29,0,181.1,27,9,15,3,2,.889,,,-2,-2,1.19,1.57,0.83,1.56,,,,,,,1,ROY-5,parkeja02
521,Ricky Romero,27,TOR,AL,32,32,1,181.0,41,5,34,2,2,.951,,,6,7,1.94,1.57,1.22,1.56,,,,,,,1,,romerri01
522,AJ Pollock,24,ARI,NL,25,19,18,180.0,58,58,0,0,0,1.000,3,21,1,7,2.90,2.11,2.32,2.09,,,,,,,8H/79,,polloaj01
523,Aaron Harang,34,LAD,NL,31,31,0,179.2,43,10,31,2,1,.953,,,0,0,2.05,1.77,1.32,1.75,,,,,,,1,,haranaa01
524,Kila Ka'aihue,28,OAK,AL,22,21,17,179.2,174,160,12,2,24,.989,-1,-7,-2,-13,8.62,9.27,7.82,9.22,,,,,,,3D/H,,kaaihki01
525,Mike Minor,24,ATL,NL,30,30,0,179.1,24,2,22,0,1,1.000,,,0,0,1.20,1.77,0.80,1.75,,,,,,,1,,minormi01
526,Tim Hudson,36,ATL,NL,28,28,1,179.0,34,13,20,1,0,.971,,,-1,-1,1.66,1.77,1.18,1.75,,,,,,,1/H,,hudsoti01
527,Mike Leake,24,CIN,NL,30,30,2,179.0,57,25,30,2,3,.965,,,6,7,2.77,1.77,1.83,1.75,,,,,,,1/H,,leakemi01
528,Ervin Santana,29,LAA,AL,30,30,1,178.0,34,17,16,1,1,.971,,,-2,-2,1.67,1.57,1.10,1.56,,,,,,,1,,santaer01
529,Wil Nieves,34,2TM,NL,26,19,17,178.0,153,141,10,2,2,.987,-1,-7,-2,-13,7.63,8.38,5.81,8.33,1,8,17,3,15.0,1,2H/3,,nievewi01
529,Wil Nieves,34,COL,NL,14,12,10,108.0,93,85,7,1,2,.989,-2,-22,-2,-21,7.67,8.39,6.57,8.39,0,5,16,1,5.9,0,2/H3,,nievewi01
529,Wil Nieves,34,ARI,NL,12,7,7,70.0,60,56,3,1,0,.983,1,17,0,0,7.59,8.36,4.92,8.26,1,3,1,2,66.7,1,2/H,,nievewi01
530,Matt Moore,23,TBR,AL,31,31,0,177.1,28,6,20,2,3,.929,,,-2,-2,1.32,1.57,0.84,1.56,,,,,,,1,,moorema02
531,Brian Bixler,29,HOU,NL,26,18,14,177.0,61,29,32,0,5,1.000,-2,-10,0,1,3.10,3.28,2.26,3.10,,,,,,,H/96457,,bixlebr01
532,Jeremy Hellickson,25,TBR,AL,31,31,0,177.0,40,17,21,2,2,.950,,,2,2,1.93,1.57,1.23,1.56,,,,,,,1,GG,hellije01
533,Dan Haren,31,LAA,AL,30,30,1,176.2,33,11,19,3,3,.909,,,1,1,1.53,1.57,1.00,1.56,,,,,,,1/H,,harenda01
534,Ubaldo Jiménez,28,CLE,AL,31,31,0,176.2,29,12,16,1,3,.966,,,-3,-3,1.43,1.57,0.90,1.56,,,,,,,1,,jimenub01
535,Rick Porcello,23,DET,AL,31,31,0,176.1,47,12,30,5,0,.894,,,0,0,2.14,1.57,1.35,1.56,,,,,,,1,,porceri01
536,Lance Lynn,25,STL,NL,35,29,0,176.0,22,5,16,1,1,.955,,,1,1,1.07,1.77,0.60,1.75,,,,,,,1,AS,lynnla01
537,Derek Holland,25,TEX,AL,29,27,0,175.1,39,9,28,2,1,.949,,,2,2,1.90,1.57,1.28,1.56,,,,,,,1,,hollade01
538,Tommy Hanson,25,ATL,NL,31,31,0,174.2,22,2,15,5,1,.773,,,-6,-7,0.88,1.77,0.55,1.75,,,,,,,1,,hansoto01
539,Jeff Samardzija,27,CHC,NL,28,28,1,174.2,40,13,25,2,1,.950,,,1,1,1.96,1.77,1.36,1.75,,,,,,,1/H,,samarje01
540,Jake Westbrook,34,STL,NL,28,28,1,174.2,60,12,43,5,1,.917,,,11,13,2.83,1.77,1.96,1.75,,,,,,,1/H,,westbja01
541,Joe Saunders,31,2TM,2LG,28,28,1,174.2,36,12,23,1,2,.972,,,4,5,1.80,1.72,1.25,1.70,,,,,,,1,,saundjo01
541,Joe Saunders,31,ARI,NL,21,21,1,130.0,29,11,17,1,1,.966,,,3,5,1.94,1.77,1.33,1.75,,,,,,,1,,saundjo01
541,Joe Saunders,31,BAL,AL,7,7,0,44.2,7,1,6,0,1,1.000,,,1,4,1.41,1.57,1.00,1.56,,,,,,,/1,,saundjo01
542,Mauro Gómez,27,BOS,AL,23,19,15,174.0,145,119,21,5,13,.966,-3,-17,-4,-28,7.24,7.40,5.60,6.83,,,,,,,3H/5D,,gomezma01
543,Lance Berkman,36,STL,NL,23,22,17,173.1,187,170,13,4,22,.979,-2,-12,0,0,9.50,9.29,7.96,9.18,,,,,,,3H,,berkmla01
544,Scott Diamond,25,MIN,AL,27,27,1,173.0,31,10,21,0,1,1.000,,,1,1,1.61,1.57,1.15,1.56,,,,,,,1,,diamosc01
545,Ryan Dempster,35,2TM,2LG,28,28,0,173.0,37,10,26,1,0,.973,,,3,3,1.87,1.69,1.29,1.67,,,,,,,1,,dempsry01
545,Ryan Dempster,35,CHC,NL,16,16,0,104.0,22,5,16,1,0,.955,,,1,2,1.82,1.77,1.31,1.75,,,,,,,1,,dempsry01
545,Ryan Dempster,35,TEX,AL,12,12,0,69.0,15,5,10,0,0,1.000,,,2,6,1.96,1.57,1.25,1.56,,,,,,,1,,dempsry01
546,Kevin Correia,31,PIT,NL,32,28,0,171.0,47,23,23,1,1,.979,,,0,0,2.42,1.77,1.44,1.75,,,,,,,1,,correke01
547,James McDonald,27,PIT,NL,30,29,1,171.0,30,14,15,1,1,.967,,,1,1,1.53,1.77,0.97,1.75,,,,,,,1/H,,mcdonja03
548,Eric Hinske,34,ATL,NL,25,18,13,170.2,114,104,8,2,6,.982,-5,-37,-3,-21,5.91,6.61,4.48,6.34,,,,,,,H3/79D,,hinsker01
549,Iván Nova,25,NYY,AL,28,28,0,170.1,19,9,9,1,2,.947,,,-3,-4,0.95,1.57,0.64,1.56,,,,,,,1,,novaiv01
550,Josh Beckett,32,2TM,2LG,28,28,0,170.1,33,13,19,1,2,.970,,,-4,-5,1.69,1.62,1.14,1.61,,,,,,,1,,beckejo02
550,Josh Beckett,32,BOS,AL,21,21,0,127.1,21,8,13,0,2,1.000,,,-3,-5,1.48,1.57,1.00,1.56,,,,,,,1,,beckejo02
550,Josh Beckett,32,LAD,NL,7,7,0,43.0,12,5,6,1,0,.917,,,-1,-5,2.30,1.78,1.57,1.76,,,,,,,/1,,beckejo02
551,Bud Norris,27,HOU,NL,29,29,0,168.1,35,16,17,2,2,.943,,,2,2,1.76,1.77,1.14,1.75,,,,,,,1/H,,norribu01
552,Gavin Floyd,29,CHW,AL,29,29,0,168.0,37,10,26,1,2,.973,,,3,4,1.93,1.57,1.24,1.56,,,,,,,1,,floydga01
553,Luis Mendoza,28,KCR,AL,30,25,0,166.0,45,19,25,1,1,.978,,,4,5,2.39,1.57,1.47,1.56,,,,,,,1,,mendolu01
554,Steven Tolleson,28,BAL,AL,25,19,10,166.0,59,21,34,4,3,.932,2,12,1,7,2.98,2.74,2.12,2.99,,,,,,,5/7H4D6,,tollest01
555,Billy Butler,26,KCR,AL,20,20,13,165.2,165,147,15,3,18,.982,1,8,-3,-22,8.80,9.27,8.10,9.22,,,,,,,*D3/H,ASSS,butlebi03
556,Mark DeRosa,37,WSN,NL,29,16,6,164.2,39,27,11,1,2,.974,-1,-4,-3,-22,2.08,2.57,1.19,3.01,,,,,,,H5/79346,,derosma01
557,Ross Detwiler,26,WSN,NL,33,27,0,164.1,31,12,18,1,2,.968,,,1,1,1.64,1.77,0.91,1.75,,,,,,,1,,detwiro01
558,Doug Fister,28,DET,AL,26,26,2,161.2,36,10,24,2,3,.944,,,2,2,1.89,1.57,1.31,1.56,,,,,,,1,,fistedo01
559,Scott Cousins,27,MIA,NL,36,14,13,161.0,44,44,0,0,0,1.000,4,33,-1,-7,2.46,2.11,1.22,2.09,,,,,,,H89/7,,cousisc01
560,Félix Doubront,24,BOS,AL,29,29,0,161.0,25,7,17,1,2,.960,,,-3,-4,1.34,1.57,0.83,1.56,,,,,,,1,,doubrfe01
561,Kevin Millwood,37,SEA,AL,28,28,1,161.0,28,11,17,0,2,1.000,,,-4,-5,1.57,1.57,1.00,1.56,,,,,,,1,,millwke01
562,Tony Abreu,27,KCR,AL,19,17,15,160.2,75,27,47,1,15,.987,-2,-17,-1,-7,4.15,4.16,3.52,3.99,,,,,,,4/56HD,,abreuto01
563,Henry Blanco,40,ARI,NL,21,18,15,160.2,157,141,14,2,5,.987,1,7,-1,-7,8.68,8.36,7.38,8.26,2,7,3,3,50.0,0,2/H,,blanche01
564,Brandon Hicks,26,OAK,AL,21,18,14,160.0,72,28,41,3,5,.958,0,2,-1,-7,3.88,4.68,3.29,4.64,,,,,,,6/H34,,hicksbr01
565,Kyle Kendrick,27,PHI,NL,37,25,1,159.1,34,11,22,1,1,.971,,,2,3,1.86,1.77,0.89,1.75,,,,,,,1,,kendrky01
566,Stephen Strasburg,23,WSN,NL,28,28,0,159.1,28,15,13,0,0,1.000,,,-2,-3,1.58,1.77,1.00,1.75,,,,,,,1,ASSS,strasst01
567,Mat Gamel,26,MIL,NL,20,20,15,159.0,145,134,8,3,15,.979,-1,-8,1,8,8.04,9.20,6.76,8.86,,,,,,,3/5H,,gamelma01
568,Randy Wolf,35,2TM,2LG,30,26,0,157.2,44,6,38,0,4,1.000,,,7,9,2.51,1.75,1.47,1.72,,,,,,,1/H,,wolfra02
568,Randy Wolf,35,MIL,NL,25,24,0,142.1,41,6,35,0,3,1.000,,,6,8,2.59,1.77,1.64,1.75,,,,,,,1/H,,wolfra02
568,Randy Wolf,35,BAL,AL,5,2,0,15.1,3,0,3,0,1,1.000,,,1,13,1.76,1.58,0.60,1.56,,,,,,,/1,,wolfra02
569,Francisco Liriano,28,2TM,AL,34,28,0,156.2,29,6,23,0,2,1.000,,,2,3,1.67,1.57,0.85,1.56,,,,,,,1,,liriafr01
569,Francisco Liriano,28,MIN,AL,22,17,0,100.0,22,3,19,0,2,1.000,,,3,6,1.98,1.57,1.00,1.56,,,,,,,1,,liriafr01
569,Francisco Liriano,28,CHW,AL,12,11,0,56.2,7,3,4,0,0,1.000,,,-1,-4,1.11,1.57,0.58,1.56,,,,,,,1,,liriafr01
570,Roy Halladay,35,PHI,NL,25,25,0,156.1,30,8,20,2,2,.933,,,-1,-1,1.61,1.77,1.12,1.75,,,,,,,1,,hallaro01
571,Travis Wood,25,CHC,NL,26,26,0,156.0,34,10,22,2,1,.941,,,2,3,1.85,1.77,1.23,1.75,,,,,,,1/H,,woodtr01
572,Dioner Navarro,28,CIN,NL,21,16,14,155.1,141,131,9,1,0,.993,1,8,1,8,8.11,8.36,6.67,8.26,1,4,5,1,16.7,0,2/H,,navardi01
573,Mitch Maier,30,KCR,AL,22,15,12,155.0,38,38,0,0,0,1.000,-1,-9,-5,-39,2.21,2.17,1.65,2.13,,,,,,,8H/9D1,,maiermi01
574,Jimmy Paredes,23,HOU,NL,20,18,12,154.0,47,28,14,5,2,.894,-1,-8,-1,-8,2.45,2.72,2.00,2.71,,,,,,,9/4H7,,paredji01
575,Jack Wilson,34,ATL,NL,31,14,10,153.0,78,22,54,2,15,.974,-1,-10,-2,-15,4.47,4.29,2.45,4.24,,,,,,,6H/4,,wilsoja02
576,Blake Beavan,23,SEA,AL,26,26,0,152.1,26,6,19,1,3,.962,,,1,1,1.48,1.57,0.96,1.56,,,,,,,1,,beavabl01
577,Bartolo Colon,39,OAK,AL,24,24,0,152.1,28,6,18,4,2,.857,,,0,0,1.42,1.57,1.00,1.56,,,,,,,1,,colonba01
578,Taylor Teagarden,28,BAL,AL,21,15,14,152.0,117,110,7,0,0,1.000,1,8,-2,-15,6.93,7.99,5.57,7.94,1,4,6,2,25.0,0,2/HD,,teagata01
579,Jeff Bianchi,25,MIL,NL,23,15,15,151.0,58,18,39,1,7,.983,1,10,1,9,3.40,4.08,2.38,3.85,,,,,,,6H/54,,biancje01
580,Dave Sappelt,25,CHC,NL,21,16,12,150.1,39,37,2,0,1,1.000,8,63,2,16,2.33,2.11,1.86,2.09,,,,,,,9/H7,,sappeda01
581,Chad Billingsley,27,LAD,NL,25,25,0,149.2,39,9,29,1,2,.974,,,4,5,2.29,1.77,1.52,1.75,,,,,,,1,,billich01
582,Brian Roberts,34,BAL,AL,17,17,17,149.0,79,30,48,1,9,.987,-3,-26,-6,-48,4.71,4.63,4.59,4.60,,,,,,,4,,roberbr01
583,Vinny Rottino,32,2TM,2LG,28,15,7,148.1,65,61,4,0,6,1.000,4,29,0,0,3.94,4.25,2.10,4.12,0,0,0,0,,0,7/H3D259,,rottivi01
583,Vinny Rottino,32,NYM,NL,14,8,1,73.2,45,42,3,0,6,1.000,0,3,-1,-16,5.50,6.05,2.65,5.05,,,,,,,/73H5D,,rottivi01
583,Vinny Rottino,32,CLE,AL,14,7,6,74.2,20,19,1,0,0,1.000,3,55,1,16,2.41,2.48,1.43,2.99,0,0,0,0,,0,7/H29D,,rottivi01
584,Jordy Mercer,25,PIT,NL,34,13,8,146.1,79,20,58,1,8,.987,-1,-4,3,25,4.80,4.39,2.17,4.26,,,,,,,6H/45,,mercejo03
585,Travis Buck,28,HOU,NL,21,17,13,146.0,42,40,1,1,0,.976,5,39,2,16,2.53,2.11,1.95,2.09,,,,,,,H79,,bucktr01
586,J.A. Happ,29,2TM,2LG,28,24,0,144.2,29,8,21,0,0,1.000,,,-2,-3,1.80,1.71,1.04,1.68,,,,,,,1/H,,happja01
586,J.A. Happ,29,HOU,NL,18,18,0,104.1,23,6,17,0,0,1.000,,,-2,-4,1.98,1.77,1.28,1.75,,,,,,,1/H,,happja01
586,J.A. Happ,29,TOR,AL,10,6,0,40.1,6,2,4,0,0,1.000,,,0,0,1.34,1.56,0.60,1.56,,,,,,,1,,happja01
587,Russ Canzler,26,CLE,AL,19,18,10,144.0,76,72,3,1,5,.987,-1,-7,-1,-8,4.69,4.93,3.95,5.14,,,,,,,7/3DH,,canzlru01
588,Matt Carson,30,MIN,AL,22,16,14,143.0,28,25,3,0,1,1.000,0,1,4,34,1.76,2.17,1.27,2.16,,,,,,,7/9HD,,carsoma01
589,Matt McBride,27,COL,NL,19,17,9,143.0,81,79,0,2,3,.975,-3,-23,-4,-34,4.97,5.32,3.95,4.93,,,,,,,H9/3,,mcbrima02
590,Jake Elmore,25,ARI,NL,22,15,14,142.2,83,25,56,2,12,.976,1,9,-3,-24,5.11,4.31,3.68,4.33,,,,,,,6H/4,,elmorja01
591,Derek Lowe,39,2TM,AL,38,21,1,142.2,26,11,14,1,0,.962,,,-8,-11,1.58,1.57,0.66,1.56,,,,,,,1,,lowede01
591,Derek Lowe,39,CLE,AL,21,21,1,119.0,20,9,11,0,0,1.000,,,-7,-12,1.51,1.57,0.95,1.56,,,,,,,1,,lowede01
591,Derek Lowe,39,NYY,AL,17,0,0,23.2,6,2,3,1,0,.833,,,-1,-8,1.90,1.56,0.29,1.56,,,,,,,1,,lowede01
592,Jordan Lyles,21,HOU,NL,25,25,1,141.1,27,7,19,1,2,.963,,,-2,-3,1.66,1.77,1.04,1.75,,,,,,,1/H,,lylesjo01
593,Jason Bourgeois,30,KCR,AL,24,16,8,140.2,50,44,3,3,1,.940,-1,-4,-5,-43,3.01,2.17,1.96,2.16,,,,,,,8H/D7,,bourgja01
594,Marco Estrada,28,MIL,NL,29,23,0,138.1,20,4,16,0,1,1.000,,,-1,-1,1.30,1.77,0.69,1.75,,,,,,,1,,estrama01
595,Kris Medlen,26,ATL,NL,50,12,2,138.0,39,12,26,1,1,.974,,,3,4,2.48,1.77,0.76,1.75,,,,,,,1,MVP-20,medlekr01
596,Jerome Williams,30,LAA,AL,32,15,1,137.2,29,12,17,0,2,1.000,,,1,1,1.90,1.57,0.91,1.56,,,,,,,1,,willije01
597,Alex Cobb,24,TBR,AL,23,23,2,136.1,46,18,27,1,3,.978,,,5,7,2.97,1.57,1.96,1.56,,,,,,,1,,cobbal01
598,Jose Quintana,23,CHW,AL,25,22,0,136.1,29,7,21,1,2,.966,,,0,0,1.85,1.57,1.12,1.56,,,,,,,1,,quintjo01
599,Rob Johnson,29,NYM,NL,17,15,12,135.2,136,130,6,0,0,1.000,-1,-9,-3,-26,9.02,8.31,7.56,7.90,2,4,9,1,10.0,0,2/1H,,johnsro07
600,Edwin Maysonet,30,MIL,NL,21,13,9,135.0,89,28,57,4,16,.955,2,16,0,1,5.67,4.33,3.86,4.20,,,,,,,6H/45,,maysoed01
601,Gil Velazquez,32,MIA,NL,17,15,14,134.2,49,16,31,2,3,.959,0,0,2,18,3.14,2.45,2.76,2.42,,,,,,,5/H,,velazgi01
602,Alberto González,29,TEX,AL,22,12,11,134.0,52,15,35,2,6,.962,4,32,2,19,3.36,3.71,2.27,3.79,,,,,,,/654HD,,gonzaal03
603,Tommy Hunter,25,BAL,AL,33,20,0,133.2,37,8,29,0,4,1.000,,,4,6,2.49,1.57,1.12,1.56,,,,,,,1,,hunteto02
604,Vance Worley,24,PHI,NL,23,23,0,133.0,27,4,22,1,2,.963,,,-1,-2,1.76,1.77,1.13,1.75,,,,,,,1,,worleva01
605,Carlos Zambrano,31,MIA,NL,35,20,1,132.1,32,12,18,2,2,.938,,,2,3,2.04,1.77,0.86,1.75,,,,,,,1,,zambrca01
606,Brandon Snyder,25,TEX,AL,29,13,9,131.0,85,78,7,0,5,1.000,-1,-7,1,9,5.84,6.34,2.93,5.14,0,0,0,0,,0,H3/579D2,,snydebr03
607,Mike Fiers,27,MIL,NL,23,22,0,127.2,27,8,14,5,1,.815,,,3,5,1.55,1.77,0.96,1.75,,,,,,,1,,fiersmi01
608,David Lough,26,KCR,AL,17,14,10,127.2,31,30,0,1,0,.968,2,20,0,0,2.11,2.17,1.76,2.16,,,,,,,8/9H7,,loughda01
609,Jason Marquis,33,2TM,2LG,22,22,1,127.2,32,7,23,2,0,.938,,,-1,-2,2.11,1.71,1.36,1.69,,,,,,,1/H,,marquja01
609,Jason Marquis,33,MIN,AL,7,7,0,34.0,8,1,7,0,0,1.000,,,-1,-6,2.12,1.56,1.14,1.56,,,,,,,/1,,marquja01
609,Jason Marquis,33,SDP,NL,15,15,1,93.2,24,6,16,2,0,.917,,,0,0,2.11,1.77,1.47,1.75,,,,,,,1/H,,marquja01
610,Nolan Reimold,28,BAL,AL,15,14,12,126.0,29,26,0,3,0,.897,-4,-35,-1,-10,1.86,2.17,1.73,2.16,,,,,,,7/HD,,reimono01
611,Érik Bédard,33,PIT,NL,24,24,0,125.2,14,5,9,0,2,1.000,,,-1,-2,1.00,1.77,0.58,1.75,,,,,,,1,,bedarer01
612,Scott Van Slyke,25,LAD,NL,23,13,6,125.2,50,45,5,0,3,1.000,0,4,0,0,3.58,4.05,1.92,3.45,,,,,,,97/H3,,vanslsc01
613,Hisashi Iwakuma,31,SEA,AL,30,16,0,125.1,18,7,10,1,1,.944,,,0,0,1.22,1.57,0.57,1.56,,,,,,,1,,iwakuhi01
614,Zach McAllister,24,CLE,AL,22,22,0,125.1,10,4,5,1,0,.900,,,-6,-10,0.65,1.57,0.41,1.56,,,,,,,1,,mcallza01
615,Carlos Villanueva,28,TOR,AL,38,16,0,125.1,18,7,11,0,0,1.000,,,0,0,1.29,1.57,0.47,1.56,,,,,,,1,,villaca01
616,Brandon Morrow,27,TOR,AL,21,21,3,124.2,13,4,8,1,0,.923,,,-1,-2,0.87,1.57,0.57,1.56,,,,,,,1,,morrobr01
617,Shaun Marcum,30,MIL,NL,21,21,0,124.0,28,11,16,1,0,.964,,,-1,-2,1.96,1.77,1.29,1.75,,,,,,,1/H,,marcush01
618,Scott Feldman,29,TEX,AL,29,21,0,123.2,20,6,14,0,0,1.000,,,-4,-6,1.46,1.57,0.69,1.56,,,,,,,1,,feldmsc01
619,Brock Holt,24,PIT,NL,14,14,12,123.2,64,22,38,4,3,.938,-4,-37,-2,-19,4.37,4.77,4.29,4.72,,,,,,,4H,,holtbr01
620,Jaime García,25,STL,NL,20,20,0,121.2,26,3,22,1,0,.962,,,0,0,1.85,1.77,1.25,1.75,,,,,,,1,,garcija02
621,Avisaíl García,21,DET,AL,21,11,10,121.1,24,23,1,0,1,1.000,2,15,-1,-10,1.78,2.17,1.14,2.16,,,,,,,9/H78,,garciav01
622,Chad Tracy,32,WSN,NL,23,12,7,121.1,85,67,17,1,6,.988,3,25,1,10,6.23,6.19,3.50,6.36,,,,,,,H35,,tracych01
623,Aubrey Huff,35,SFG,NL,20,15,6,120.2,99,91,7,1,3,.990,1,13,1,10,7.31,7.36,4.67,7.28,,,,,,,H3/74,,huffau01
624,Anthony Recker,28,2TM,2LG,18,13,11,120.2,100,91,8,1,5,.990,3,26,-2,-19,7.38,8.17,5.50,8.10,2,2,7,7,50.0,0,2/H3D,,reckean01
624,Anthony Recker,28,OAK,AL,12,9,7,82.2,61,57,4,0,2,1.000,2,29,-2,-28,6.64,7.99,5.08,7.94,2,2,7,5,41.7,0,2/DH,,reckean01
624,Anthony Recker,28,CHC,NL,6,4,4,38.0,39,34,4,1,3,.974,1,19,0,0,9.00,8.57,6.33,8.42,0,0,0,2,100.0,0,/2H3,,reckean01
625,Nathan Eovaldi,22,2TM,NL,22,22,0,119.1,23,7,16,0,1,1.000,,,1,2,1.73,1.77,1.05,1.75,,,,,,,1,,eovalna01
625,Nathan Eovaldi,22,LAD,NL,10,10,0,56.1,9,3,6,0,1,1.000,,,1,4,1.44,1.77,0.90,1.75,,,,,,,1,,eovalna01
625,Nathan Eovaldi,22,MIA,NL,12,12,0,63.0,14,4,10,0,0,1.000,,,0,0,2.00,1.77,1.17,1.75,,,,,,,1,,eovalna01
626,Leonys Martín,24,TEX,AL,17,13,8,119.0,40,39,1,0,1,1.000,1,7,0,0,3.03,2.17,2.35,2.16,,,,,,,8/H7D,,martile01
627,Xavier Paul,27,CIN,NL,18,13,10,118.2,17,15,2,0,0,1.000,-3,-30,-2,-20,1.29,2.11,0.94,2.09,,,,,,,H7/9,,paulxa01
628,Jason Hammel,29,BAL,AL,20,20,1,118.0,28,4,23,1,1,.964,,,4,7,2.06,1.57,1.35,1.56,,,,,,,1,,hammeja01
629,Mike McCoy,31,TOR,AL,22,12,7,117.2,41,16,25,0,3,1.000,1,7,2,20,3.14,2.96,1.71,3.17,,,,,,,H/45789D6,,mccoymi01
630,Johan Santana,33,NYM,NL,21,21,2,117.0,23,7,16,0,2,1.000,,,1,2,1.77,1.77,1.10,1.75,,,,,,,1,,santajo02
631,Adron Chambers,25,STL,NL,26,8,8,115.0,33,32,1,0,0,1.000,0,1,4,42,2.58,2.11,1.27,2.09,,,,,,,H78/9,,chambad01
632,Chris Young,33,NYM,NL,20,20,0,115.0,15,6,8,1,0,.933,,,-5,-9,1.10,1.77,0.70,1.75,,,,,,,1,,youngch03
633,Jake Arrieta,26,BAL,AL,24,18,0,114.2,25,4,18,3,2,.880,,,-2,-3,1.73,1.57,0.92,1.56,,,,,,,1,,arrieja01
634,Jeff Francis,31,COL,NL,24,24,0,113.0,28,5,23,0,1,1.000,,,4,7,2.23,1.77,1.17,1.75,,,,,,,1,,francje01
635,Carlos Peguero,25,SEA,AL,12,12,11,111.2,28,28,0,0,0,1.000,4,45,-1,-11,2.26,2.17,2.33,2.16,,,,,,,9/D7H,,pegueca01
636,Chris Volstad,25,CHC,NL,21,21,0,111.1,26,4,21,1,2,.962,,,-1,-2,2.02,1.77,1.19,1.75,,,,,,,1,,volstch01
637,Matt Hague,26,PIT,NL,16,14,7,111.0,127,114,12,1,13,.992,3,29,1,11,10.22,9.29,7.88,9.18,,,,,,,3H/D,,haguema01
638,Brandon McCarthy,28,OAK,AL,18,18,0,111.0,21,7,14,0,1,1.000,,,-2,-4,1.70,1.57,1.17,1.56,,,,,,,1,,mccarbr01
639,Dillon Gee,26,NYM,NL,17,17,0,109.2,27,9,16,2,3,.926,,,1,2,2.05,1.77,1.47,1.75,,,,,,,1,,geedi01
640,Brian Duensing,29,MIN,AL,55,11,0,109.0,18,5,13,0,1,1.000,,,-3,-6,1.49,1.57,0.33,1.56,,,,,,,1,,duensbr01
641,Justin Sellers,26,LAD,NL,18,12,8,108.2,49,20,28,1,6,.980,0,0,2,23,3.98,3.85,2.53,3.63,,,,,,,/654H,,selleju01
642,Travis Blackley,29,2TM,2LG,28,15,0,107.2,24,9,14,1,1,.958,,,1,2,1.92,1.58,0.82,1.59,,,,,,,1,,blacktr01
642,Travis Blackley,29,SFG,NL,4,0,0,5.0,3,2,1,0,0,1.000,,,0,0,5.40,1.80,0.75,1.75,,,,,,,/1,,blacktr01
642,Travis Blackley,29,OAK,AL,24,15,0,102.2,21,7,13,1,1,.952,,,1,2,1.75,1.57,0.83,1.56,,,,,,,1,,blacktr01
643,Freddy García,35,NYY,AL,30,17,0,107.1,15,8,7,0,0,1.000,,,-4,-7,1.26,1.57,0.50,1.56,,,,,,,1,,garcifr03
644,Erik Komatsu,24,2TM,2LG,16,10,10,107.1,28,26,1,1,0,.964,-1,-16,-1,-11,2.26,2.15,1.69,2.13,,,,,,,H9/8D7,,komater01
644,Erik Komatsu,24,STL,NL,7,1,1,28.1,9,9,0,0,0,1.000,0,-13,0,0,2.86,2.10,1.29,2.09,,,,,,,/H987,,komater01
644,Erik Komatsu,24,MIN,AL,9,9,9,79.0,19,17,1,1,0,.947,-1,-17,-1,-15,2.05,2.16,2.00,2.16,,,,,,,/9HD87,,komater01
645,Patrick Corbin,22,ARI,NL,22,17,0,107.0,20,3,17,0,2,1.000,,,4,7,1.68,1.77,0.91,1.75,,,,,,,1,,corbipa01
646,Joe Kelly,24,STL,NL,24,16,0,107.0,32,11,19,2,3,.938,,,2,4,2.52,1.77,1.25,1.75,,,,,,,1/H,,kellyjo05
647,Héctor Noesí,25,SEA,AL,22,18,0,106.2,15,9,5,1,0,.933,,,0,0,1.18,1.57,0.64,1.56,,,,,,,1,,noesihe01
648,Josh Bell,25,ARI,NL,12,12,12,106.0,25,6,18,1,1,.960,-4,-50,0,0,2.04,2.45,2.00,2.42,,,,,,,5/H,,belljo01
649,Miguel González,28,BAL,AL,18,15,0,105.1,10,3,7,0,1,1.000,,,-1,-2,0.85,1.57,0.56,1.56,,,,,,,1,,gonzami03
650,Lew Ford,35,BAL,AL,18,12,5,105.0,29,27,2,0,0,1.000,5,54,2,23,2.49,2.17,1.61,2.16,,,,,,,7/D9H,,fordle01
651,Colby Lewis,32,TEX,AL,16,16,2,105.0,13,4,7,2,0,.846,,,-1,-2,0.94,1.57,0.69,1.56,,,,,,,1,,lewisco01
652,Matt Garza,28,CHC,NL,18,18,0,103.2,19,4,12,3,0,.842,,,-5,-10,1.39,1.77,0.89,1.75,,,,,,,1,,garzama01
653,Josh Tomlin,27,CLE,AL,21,16,0,103.1,22,14,8,0,1,1.000,,,1,2,1.92,1.57,1.05,1.56,,,,,,,1,,tomlijo01
654,Philip Humber,29,CHW,AL,26,16,1,102.0,13,8,5,0,0,1.000,,,-5,-10,1.15,1.57,0.50,1.56,,,,,,,1,,humbeph01
655,Héctor Luna,32,PHI,NL,13,11,9,101.1,85,78,7,0,7,1.000,-1,-7,1,12,7.55,7.75,6.54,7.57,,,,,,,H3/75,,lunahe01
656,Aaron Laffey,27,TOR,AL,22,16,0,100.2,27,5,22,0,2,1.000,,,4,8,2.41,1.57,1.23,1.56,,,,,,,1,,laffeaa01
657,David Phelps,25,NYY,AL,33,11,0,99.2,17,4,10,3,0,.824,,,0,0,1.26,1.57,0.42,1.56,,,,,,,1,,phelpda01
658,Drew Smyly,23,DET,AL,23,18,0,99.1,18,3,12,3,1,.833,,,2,4,1.36,1.57,0.65,1.56,,,,,,,1,,smylydr01
659,Eric Stults,32,2TM,2LG,20,15,0,99.0,19,3,16,0,1,1.000,,,2,4,1.73,1.76,0.95,1.73,,,,,,,1,,stulter01
659,Eric Stults,32,CHW,AL,2,1,0,6.2,0,0,0,0,0,,,,0,0,0.00,1.62,0.00,1.55,,,,,,,/1,,stulter01
659,Eric Stults,32,SDP,NL,18,14,0,92.1,19,3,16,0,1,1.000,,,2,4,1.85,1.77,1.06,1.75,,,,,,,1,,stulter01
660,Nick Blackburn,30,MIN,AL,19,19,0,98.2,24,10,14,0,2,1.000,,,0,0,2.19,1.57,1.26,1.56,,,,,,,1,,blackni01
661,Brian Matusz,25,BAL,AL,34,16,0,98.0,12,2,10,0,0,1.000,,,-3,-6,1.10,1.57,0.35,1.56,,,,,,,1,,matusbr01
662,Alex White,23,COL,NL,23,20,0,98.0,30,8,20,2,0,.933,,,-1,-2,2.57,1.77,1.22,1.75,,,,,,,1/H,,whiteal01
663,Anthony Bass,24,SDP,NL,24,15,1,97.0,21,9,12,0,0,1.000,,,-1,-2,1.95,1.77,0.88,1.75,,,,,,,1/H,,bassan01
664,Kosuke Fukudome,35,CHW,AL,15,11,9,97.0,22,22,0,0,0,1.000,3,36,1,12,2.04,2.17,1.47,2.16,,,,,,,H7/9D8,,fukudko01
665,Drew Pomeranz,23,COL,NL,22,22,0,96.2,21,6,14,1,0,.952,,,-3,-6,1.86,1.77,0.91,1.75,,,,,,,1,,pomerdr01
666,Anthony Swarzak,26,MIN,AL,44,5,0,96.2,15,6,9,0,1,1.000,,,1,2,1.40,1.57,0.34,1.56,,,,,,,1,,swarzan01
667,Hideki Matsui,38,TBR,AL,15,13,6,96.1,14,14,0,0,0,1.000,-3,-39,-3,-37,1.31,2.17,0.93,2.16,,,,,,,DH/79,,matsuhi01
668,Ray Olmedo,31,CHW,AL,16,9,8,95.2,32,10,21,1,3,.969,0,0,0,1,2.92,3.38,1.82,3.36,,,,,,,5/H64D,,olmedra01
669,Aaron Cook,33,BOS,AL,18,18,1,94.0,36,15,16,5,1,.861,,,1,2,2.97,1.57,1.72,1.56,,,,,,,1,,cookaa01
670,Jeremy Hefner,26,NYM,NL,26,13,0,93.2,19,8,11,0,1,1.000,,,-1,-2,1.83,1.77,0.73,1.75,,,,,,,1,,hefneje01
671,Randall Delgado,22,ATL,NL,18,17,0,92.2,22,6,16,0,0,1.000,,,1,2,2.14,1.77,1.22,1.75,,,,,,,1,,delgara01
672,Jeanmar Gómez,24,CLE,AL,20,17,0,90.2,18,8,10,0,2,1.000,,,1,2,1.79,1.57,0.90,1.56,,,,,,,1,,gomezje01
673,Jeff Karstens,29,PIT,NL,19,15,0,90.2,13,4,8,1,0,.923,,,-3,-7,1.19,1.77,0.63,1.75,,,,,,,1,,karstje01
674,Yamaico Navarro,24,PIT,NL,16,10,4,90.2,24,14,10,0,3,1.000,-1,-16,3,40,2.38,2.61,1.50,2.69,,,,,,,H/76594,,navarya01
675,Josh Collmenter,26,ARI,NL,28,11,0,90.1,16,5,11,0,1,1.000,,,2,4,1.59,1.77,0.57,1.75,,,,,,,1,,collmjo01
676,Justin Christian,32,SFG,NL,18,9,4,90.0,30,28,0,2,0,.933,5,61,2,27,2.80,2.11,1.56,2.09,,,,,,,H7/9D8,,chrisju01
677,Jason Giambi,41,COL,NL,13,12,4,89.2,89,86,3,0,7,1.000,-1,-17,0,0,8.93,9.29,6.85,9.18,,,,,,,H3/D,,giambja01
678,Mike Olt,23,TEX,AL,15,11,3,89.2,66,49,14,3,2,.955,3,35,0,0,6.32,6.80,4.20,6.07,,,,,,,/359H,,oltmi01
679,Will Smith,22,KCR,AL,16,16,0,89.2,10,2,8,0,1,1.000,,,-3,-7,1.00,1.57,0.63,1.56,,,,,,,1,,smithwi04
680,Josh Roenicke,29,COL,NL,63,0,0,88.2,24,3,20,1,0,.958,,,2,5,2.33,1.77,0.37,1.75,,,,,,,1,,roenijo01
681,Jhonatan Solano,26,WSN,NL,11,10,10,88.1,65,55,10,0,2,1.000,0,0,-1,-12,6.62,8.35,5.91,8.26,2,5,5,3,37.5,0,2/H,,solanjh01
682,Craig Stammen,28,WSN,NL,59,0,0,88.1,14,5,8,1,0,.929,,,-1,-2,1.32,1.77,0.22,1.75,,,,,,,1,,stammcr01
683,Brad Lincoln,27,2TM,2LG,52,5,0,88.0,22,8,14,0,1,1.000,,,1,2,2.25,1.71,0.42,1.66,,,,,,,1/H,,lincobr01
683,Brad Lincoln,27,PIT,NL,28,5,0,59.1,14,6,8,0,1,1.000,,,0,0,2.12,1.77,0.50,1.75,,,,,,,1/H,,lincobr01
683,Brad Lincoln,27,TOR,AL,24,0,0,28.2,8,2,6,0,0,1.000,,,1,7,2.51,1.57,0.33,1.56,,,,,,,1,,lincobr01
684,Cole De Vries,27,MIN,AL,17,16,0,87.2,13,5,7,1,1,.923,,,0,0,1.23,1.57,0.71,1.56,,,,,,,1,,devrico01
685,Koyie Hill,33,CHC,NL,11,10,10,87.0,80,71,8,1,0,.988,0,0,-1,-12,8.17,8.36,7.18,8.26,0,1,6,2,25.0,0,2,,hillko01
686,Chris Tillman,24,BAL,AL,15,15,0,86.0,10,2,7,1,0,.900,,,-1,-2,0.94,1.57,0.60,1.56,,,,,,,1,,tillmch01
687,Brett Gardner,28,NYY,AL,15,8,8,85.1,15,14,1,0,0,1.000,-1,-10,1,14,1.58,2.17,1.00,2.16,,,,,,,7/H,,gardnbr01
688,Liam Hendriks,23,MIN,AL,16,16,1,85.1,12,5,7,0,1,1.000,,,-2,-5,1.27,1.57,0.75,1.56,,,,,,,1/H,,hendrli01
689,Dallas Keuchel,24,HOU,NL,16,16,1,85.1,29,8,19,2,2,.931,,,0,0,2.85,1.77,1.69,1.75,,,,,,,1/H,,keuchda01
690,Ronny Paulino,31,BAL,AL,11,9,7,85.1,66,62,4,0,1,1.000,0,0,-1,-13,6.96,7.98,6.00,7.94,3,2,5,1,16.7,0,2/DH,,pauliro01
691,Christian Friedrich,24,COL,NL,16,16,0,84.2,14,3,8,3,0,.786,,,-2,-5,1.17,1.78,0.69,1.75,,,,,,,1/H,,friedch01
692,Kelvin Herrera,22,KCR,AL,76,0,0,84.1,17,8,9,0,1,1.000,,,-1,-2,1.81,1.57,0.22,1.56,,,,,,,1,,herreke01
693,Pete Orr,33,PHI,NL,17,11,0,84.1,39,13,23,3,4,.923,0,-1,0,0,3.84,4.39,2.12,4.18,,,,,,,H4/5,,orrpe01
694,Alfredo Aceves,29,BOS,AL,69,0,0,84.0,23,9,12,2,1,.913,,,1,2,2.25,1.58,0.30,1.56,,,,,,,1,,aceveal01
695,Sandy León,23,WSN,NL,12,9,8,83.1,79,73,5,1,1,.987,-1,-14,0,0,8.42,8.36,6.50,8.26,3,3,6,1,14.3,0,2/H,,leonsa01
696,A.J. Griffin,24,OAK,AL,15,15,0,82.1,11,4,7,0,0,1.000,,,1,2,1.20,1.57,0.73,1.56,,,,,,,1,,griffaj01
697,Brandon Beachy,25,ATL,NL,13,13,1,81.0,8,1,7,0,1,1.000,,,0,0,0.89,1.77,0.62,1.75,,,,,,,1/H,,beachbr01
698,Adrian Cardenas,24,CHC,NL,16,9,4,80.2,36,18,16,2,2,.944,-2,-28,-1,-15,3.79,4.18,2.13,4.08,,,,,,,H4/75,,cardead01
699,Matt Belisle,32,COL,NL,80,0,0,80.0,14,6,7,1,0,.929,,,-3,-8,1.46,1.77,0.16,1.75,,,,,,,1,,belisma01
700,Tom Wilhelmsen,28,SEA,AL,73,0,0,79.1,14,4,8,2,0,.857,,,-4,-10,1.36,1.57,0.16,1.56,,,,,,,1,,wilheto01
701,Sam Deduno,28,MIN,AL,15,15,0,79.0,26,11,13,2,5,.923,,,-1,-3,2.73,1.57,1.60,1.56,,,,,,,1,,dedunsa01
702,Adam Ottavino,26,COL,NL,53,0,0,79.0,15,5,10,0,0,1.000,,,-3,-8,1.71,1.77,0.28,1.75,,,,,,,1,,ottavad01
703,Esmil Rogers,26,2TM,2LG,67,0,0,78.2,18,9,8,1,1,.944,,,-2,-5,1.94,1.64,0.25,1.63,,,,,,,1,,rogeres01
703,Esmil Rogers,26,COL,NL,23,0,0,25.2,4,0,3,1,0,.750,,,-1,-8,1.05,1.79,0.13,1.75,,,,,,,1,,rogeres01
703,Esmil Rogers,26,CLE,AL,44,0,0,53.0,14,9,5,0,1,1.000,,,-1,-4,2.38,1.56,0.32,1.56,,,,,,,1,,rogeres01
704,Shawn Camp,36,CHC,NL,80,0,0,77.2,16,4,10,2,0,.875,,,1,3,1.62,1.77,0.18,1.75,,,,,,,1,,campsh01
705,Franklin Morales,26,BOS,AL,37,9,0,76.1,12,5,6,1,0,.917,,,0,0,1.30,1.57,0.30,1.56,,,,,,,1,,moralfr01
706,Jared Hughes,26,PIT,NL,66,0,0,75.2,24,8,15,1,2,.958,,,-1,-3,2.74,1.77,0.35,1.75,,,,,,,1,,hugheja02
707,Andy Pettitte,40,NYY,AL,12,12,0,75.1,13,1,12,0,0,1.000,,,-2,-5,1.55,1.57,1.08,1.56,,,,,,,1,,pettian01
708,Luis Ayala,34,BAL,AL,66,0,0,75.0,17,4,13,0,1,1.000,,,2,5,2.04,1.57,0.26,1.56,,,,,,,1,,ayalalu01
709,Grant Balfour,34,OAK,AL,75,0,0,74.2,13,6,7,0,0,1.000,,,1,3,1.57,1.57,0.17,1.56,,,,,,,1,,balfogr01
710,Fernando Rodney,35,TBR,AL,76,0,0,74.2,26,13,13,0,1,1.000,,,1,3,3.13,1.57,0.34,1.56,,,,,,,1,ASCYA-5MVP-13,rodnefe01
711,Cristhian Martínez,30,ATL,NL,54,0,0,73.2,15,8,7,0,1,1.000,,,-1,-3,1.83,1.77,0.28,1.75,,,,,,,1,,marticr01
712,Chris Resop,29,PIT,NL,61,0,0,73.2,20,7,10,3,1,.850,,,0,0,2.08,1.77,0.28,1.75,,,,,,,1,,resopch01
713,Mitchell Boggs,28,STL,NL,78,0,0,73.1,19,3,15,1,2,.947,,,0,0,2.21,1.77,0.23,1.75,,,,,,,1,,boggsmi01
714,Ryan Cook,25,OAK,AL,71,0,0,73.1,13,7,6,0,2,1.000,,,1,3,1.60,1.57,0.18,1.56,,,,,,,1,AS,cookry01
715,Tyson Ross,25,OAK,AL,18,13,0,73.1,24,8,16,0,1,1.000,,,0,0,2.95,1.57,1.33,1.56,,,,,,,1,,rossty01
716,Tyler Clippard,27,WSN,NL,74,0,0,72.2,13,3,8,2,0,.846,,,0,0,1.36,1.77,0.15,1.75,,,,,,,1,,clippty01
717,Tom Gorzelanny,29,WSN,NL,45,1,0,72.0,21,8,12,1,2,.952,,,3,8,2.50,1.78,0.44,1.75,,,,,,,1,,gorzeto01
718,Jason Motte,30,STL,NL,67,0,0,72.0,12,3,9,0,0,1.000,,,2,6,1.50,1.78,0.18,1.75,,,,,,,1,,motteja01
719,Francisco Rodríguez,30,MIL,NL,78,0,0,72.0,5,3,2,0,0,1.000,,,-3,-8,0.63,1.78,0.06,1.75,,,,,,,1,,rodrifr03
720,Darin Ruf,25,PHI,NL,9,9,5,72.0,21,21,0,0,0,1.000,0,-2,0,0,2.63,4.70,2.33,4.44,,,,,,,/73H,,rufda01
721,Brandon League,29,2TM,2LG,74,0,0,72.0,12,4,7,1,1,.917,,,-3,-8,1.38,1.65,0.15,1.63,,,,,,,1,,leagubr01
721,Brandon League,29,SEA,AL,46,0,0,44.2,10,4,5,1,1,.900,,,-1,-4,1.81,1.57,0.20,1.56,,,,,,,1,,leagubr01
721,Brandon League,29,LAD,NL,28,0,0,27.1,2,0,2,0,0,1.000,,,-2,-15,0.66,1.78,0.07,1.75,,,,,,,1,,leagubr01
722,Alex Burnett,24,MIN,AL,67,0,0,71.2,14,4,10,0,1,1.000,,,-3,-8,1.76,1.57,0.21,1.56,,,,,,,1,,burneal01
723,Aroldis Chapman,24,CIN,NL,68,0,0,71.2,6,2,3,1,0,.833,,,1,3,0.63,1.77,0.07,1.75,,,,,,,1,ASCYA-8MVP-12,chapmar01
724,Luke Gregerson,28,SDP,NL,77,0,0,71.2,24,3,20,1,1,.958,,,1,3,2.89,1.77,0.30,1.75,,,,,,,1,,gregelu01
725,Nate Jones,26,CHW,AL,65,0,0,71.2,13,6,6,1,1,.923,,,0,0,1.51,1.57,0.18,1.56,,,,,,,1,,jonesna01
726,Kyle Drabek,24,TOR,AL,13,13,0,71.1,14,3,8,3,1,.786,,,1,3,1.39,1.56,0.85,1.56,,,,,,,1,,drabeky01
727,Ronald Belisario,29,LAD,NL,68,0,0,71.0,19,4,14,1,0,.947,,,2,6,2.28,1.77,0.26,1.75,,,,,,,1,,belisro01
728,Joaquin Benoit,34,DET,AL,73,0,0,71.0,12,4,8,0,0,1.000,,,3,8,1.52,1.57,0.16,1.56,,,,,,,1,,benoijo01
729,Garrett Richards,24,LAA,AL,30,9,0,71.0,7,1,5,1,0,.857,,,-2,-6,0.76,1.57,0.20,1.56,,,,,,,1,,richaga01
730,Clete Thomas,28,2TM,AL,14,7,7,71.0,20,19,1,0,0,1.000,3,44,2,34,2.54,2.17,1.43,2.16,,,,,,,9/H78,,thomacl02
730,Clete Thomas,28,DET,AL,3,0,0,3.0,0,0,0,0,0,,0,-120,0,0,0.00,2.10,0.00,2.17,,,,,,,/79H,,thomacl02
730,Clete Thomas,28,MIN,AL,11,7,7,68.0,20,19,1,0,0,1.000,3,51,2,35,2.65,2.17,1.82,2.16,,,,,,,/9H78,,thomacl02
731,Josh Lindblom,25,2TM,NL,74,0,0,71.0,12,3,8,1,1,.917,,,1,3,1.39,1.77,0.15,1.75,,,,,,,1,,lindbjo01
731,Josh Lindblom,25,LAD,NL,48,0,0,47.2,10,2,8,0,1,1.000,,,1,4,1.89,1.77,0.21,1.75,,,,,,,1,,lindbjo01
731,Josh Lindblom,25,PHI,NL,26,0,0,23.1,2,1,0,1,0,.500,,,0,0,0.39,1.77,0.04,1.75,,,,,,,1,,lindbjo01
732,Wade Davis,26,TBR,AL,54,0,0,70.1,11,6,4,1,0,.909,,,1,3,1.28,1.57,0.19,1.56,,,,,,,1,,daviswa01
733,Glen Perkins,29,MIN,AL,70,0,0,70.1,16,2,13,1,0,.938,,,0,0,1.92,1.57,0.21,1.56,,,,,,,1,,perkigl01
734,Fernando Rodriguez Jr.,28,HOU,NL,71,0,0,70.1,10,3,5,2,0,.800,,,-5,-14,1.02,1.77,0.11,1.75,,,,,,,1,,rodrife02
735,Héctor Santiago,24,CHW,AL,42,4,0,70.1,12,4,8,0,2,1.000,,,0,0,1.54,1.57,0.29,1.56,,,,,,,1,,santihe01
736,Jonathan Papelbon,31,PHI,NL,70,0,0,70.0,10,1,9,0,0,1.000,,,-1,-3,1.29,1.77,0.14,1.75,,,,,,,1,AS,papeljo01
737,Vinnie Pestano,27,CLE,AL,70,0,0,70.0,10,3,7,0,1,1.000,,,2,6,1.29,1.57,0.14,1.56,,,,,,,1,,pestavi01
738,Tim Collins,22,KCR,AL,72,0,0,69.2,12,3,9,0,0,1.000,,,-1,-3,1.55,1.58,0.17,1.56,,,,,,,1,,colliti01
739,Justin Germano,29,2TM,2LG,14,12,0,69.2,19,5,14,0,2,1.000,,,0,0,2.45,1.76,1.36,1.74,,,,,,,1,,germaju01
739,Justin Germano,29,BOS,AL,1,0,0,5.2,1,0,1,0,0,1.000,,,0,0,1.59,1.59,1.00,1.60,,,,,,,/1,,germaju01
739,Justin Germano,29,CHC,NL,13,12,0,64.0,18,5,13,0,2,1.000,,,0,0,2.53,1.77,1.38,1.75,,,,,,,1,,germaju01
740,John Axford,29,MIL,NL,75,0,0,69.1,7,2,4,1,0,.857,,,0,0,0.78,1.77,0.08,1.75,,,,,,,1,,axforjo01
741,Chad Gaudin,29,MIA,NL,46,0,0,69.1,21,7,14,0,0,1.000,,,1,3,2.73,1.77,0.46,1.75,,,,,,,1,,gaudich01
742,James Russell,26,CHC,NL,77,0,0,69.1,10,1,9,0,0,1.000,,,-1,-3,1.30,1.77,0.13,1.75,,,,,,,1,,russeja02
743,Jhoulys Chacín,24,COL,NL,14,14,0,69.0,21,7,11,3,1,.857,,,2,6,2.35,1.77,1.29,1.75,,,,,,,1,,chacijh01
744,Matt LaPorta,27,CLE,AL,11,8,4,69.0,62,56,6,0,5,1.000,1,17,-2,-35,8.09,9.27,5.64,9.22,,,,,,,3D/H,,laporma01
745,José Valverde,34,DET,AL,71,0,0,69.0,5,4,0,1,0,.800,,,-5,-14,0.52,1.57,0.06,1.56,,,,,,,1,,valvejo01
746,Jim Johnson,29,BAL,AL,71,0,0,68.2,18,6,12,0,1,1.000,,,0,0,2.36,1.57,0.25,1.56,,,,,,,1,ASCYA-7MVP-14,johnsji04
747,Brandon Laird,24,HOU,NL,12,8,4,68.2,34,23,10,1,1,.971,-1,-12,1,17,4.33,4.77,2.75,4.68,,,,,,,/5H3,,lairdbr01
748,Wade LeBlanc,27,MIA,NL,25,9,0,68.2,16,3,13,0,0,1.000,,,2,6,2.10,1.77,0.64,1.75,,,,,,,1,,leblawa01
749,Bobby Parnell,27,NYM,NL,74,0,0,68.2,25,7,18,0,2,1.000,,,4,12,3.28,1.77,0.34,1.75,,,,,,,1,,parnebo01
750,Brad Ziegler,32,ARI,NL,77,0,0,68.2,25,3,21,1,2,.960,,,4,12,3.15,1.77,0.31,1.75,,,,,,,1,,zieglbr01
751,David Hernández,27,ARI,NL,72,0,0,68.1,2,0,1,1,0,.500,,,-1,-3,0.13,1.76,0.01,1.75,,,,,,,1,,hernada01
752,Kameron Loe,30,MIL,NL,70,0,0,68.1,22,5,15,2,0,.909,,,0,0,2.63,1.76,0.29,1.75,,,,,,,1,,loeka01
753,Rex Brothers,24,COL,NL,75,0,0,67.2,6,1,5,0,1,1.000,,,0,0,0.80,1.77,0.08,1.75,,,,,,,1,,brothre01
754,Rafael Soriano,32,NYY,AL,69,0,0,67.2,6,1,4,1,0,.833,,,-2,-6,0.67,1.57,0.07,1.56,,,,,,,1,MVP-20,soriara01
755,Jamey Wright,37,LAD,NL,66,0,0,67.2,24,9,10,5,1,.792,,,-4,-12,2.53,1.77,0.29,1.75,,,,,,,1,,wrighja01
756,Liván Hernández,37,2TM,NL,44,0,0,67.1,15,4,11,0,1,1.000,,,0,0,2.00,1.76,0.34,1.75,,,,,,,1,,hernali01
756,Liván Hernández,37,ATL,NL,18,0,0,31.0,9,3,6,0,0,1.000,,,1,6,2.61,1.77,0.50,1.75,,,,,,,1,,hernali01
756,Liván Hernández,37,MIL,NL,26,0,0,36.1,6,1,5,0,1,1.000,,,-1,-6,1.49,1.76,0.23,1.75,,,,,,,1,,hernali01
757,Greg Holland,26,KCR,AL,67,0,0,67.0,5,2,3,0,1,1.000,,,-2,-6,0.67,1.57,0.07,1.56,,,,,,,1,,hollagr01
758,Darren O'Day,29,BAL,AL,69,0,0,67.0,9,3,6,0,0,1.000,,,0,0,1.21,1.57,0.13,1.56,,,,,,,1,,odayda01
759,Joel Peralta,36,TBR,AL,76,0,0,67.0,8,6,2,0,1,1.000,,,0,0,1.07,1.57,0.11,1.56,,,,,,,1,,peraljo01
760,Joe Smith,28,CLE,AL,72,0,0,67.0,17,1,15,1,1,.941,,,2,6,2.15,1.57,0.22,1.56,,,,,,,1,,smithjo05
761,José Veras,31,MIL,NL,72,0,0,67.0,8,2,6,0,0,1.000,,,0,0,1.07,1.77,0.11,1.75,,,,,,,1,,verasjo01
762,Brad Brach,26,SDP,NL,67,0,0,66.2,10,2,6,2,1,.800,,,-2,-6,1.08,1.77,0.12,1.75,,,,,,,1,,brachbr01
763,Wilton López,28,HOU,NL,64,0,0,66.1,23,10,12,1,1,.957,,,2,6,2.98,1.76,0.34,1.75,,,,,,,1,,lopezwi01
764,Ryan Mattheus,28,WSN,NL,66,0,0,66.1,14,7,7,0,0,1.000,,,0,0,1.90,1.76,0.21,1.75,,,,,,,1,,matthry01
765,Pedro Strop,27,BAL,AL,70,0,0,66.1,18,6,12,0,1,1.000,,,0,0,2.44,1.57,0.26,1.56,,,,,,,1,,stroppe01
766,Alexi Ogando,28,TEX,AL,58,1,0,66.0,10,3,7,0,0,1.000,,,-1,-3,1.36,1.57,0.17,1.56,,,,,,,1,,ogandal01
767,Steve Delabar,28,2TM,AL,61,0,0,66.0,8,5,3,0,0,1.000,,,1,3,1.09,1.57,0.13,1.56,,,,,,,1,,delabst01
767,Steve Delabar,28,SEA,AL,34,0,0,36.2,4,2,2,0,0,1.000,,,0,0,0.98,1.57,0.12,1.56,,,,,,,1,,delabst01
767,Steve Delabar,28,TOR,AL,27,0,0,29.1,4,3,1,0,0,1.000,,,1,7,1.23,1.56,0.15,1.56,,,,,,,1,,delabst01
768,Ernesto Frieri,26,2TM,2LG,67,0,0,66.0,5,1,4,0,1,1.000,,,0,0,0.68,1.61,0.07,1.59,,,,,,,1,,frierer01
768,Ernesto Frieri,26,SDP,NL,11,0,0,11.2,0,0,0,0,0,,,,0,0,0.00,1.77,0.00,1.75,,,,,,,1,,frierer01
768,Ernesto Frieri,26,LAA,AL,56,0,0,54.1,5,1,4,0,1,1.000,,,0,0,0.83,1.57,0.09,1.56,,,,,,,1,,frierer01
769,Jerry Blevins,28,OAK,AL,63,0,0,65.1,7,0,7,0,0,1.000,,,2,6,0.96,1.57,0.11,1.56,,,,,,,1,,blevije01
770,Edward Mujica,28,2TM,NL,70,0,0,65.1,19,6,12,1,1,.947,,,2,6,2.48,1.78,0.26,1.75,,,,,,,1,,mujiced01
770,Edward Mujica,28,MIA,NL,41,0,0,39.0,15,5,10,0,0,1.000,,,2,10,3.46,1.78,0.37,1.75,,,,,,,1,,mujiced01
770,Edward Mujica,28,STL,NL,29,0,0,26.1,4,1,2,1,1,.750,,,0,0,1.03,1.78,0.10,1.75,,,,,,,1,,mujiced01
771,Brett Myers,31,2TM,2LG,70,0,0,65.1,18,12,6,0,2,1.000,,,-1,-3,2.48,1.67,0.26,1.66,,,,,,,1,,myersbr01
771,Brett Myers,31,HOU,NL,35,0,0,30.2,11,7,4,0,2,1.000,,,-1,-7,3.23,1.76,0.31,1.75,,,,,,,1,,myersbr01
771,Brett Myers,31,CHW,AL,35,0,0,34.2,7,5,2,0,0,1.000,,,0,0,1.82,1.58,0.20,1.56,,,,,,,1,,myersbr01
772,Kenley Jansen,24,LAD,NL,65,0,0,65.0,7,1,5,1,0,.857,,,0,0,0.83,1.77,0.09,1.75,,,,,,,1,,janseke01
773,Robbie Ross,23,TEX,AL,58,0,0,65.0,16,4,12,0,3,1.000,,,0,0,2.22,1.56,0.28,1.56,,,,,,,1,,rossro01
774,Matt Thornton,35,CHW,AL,74,0,0,65.0,16,2,14,0,2,1.000,,,3,9,2.22,1.56,0.22,1.56,,,,,,,1,,thornma01
775,Reid Brignac,26,TBR,AL,16,5,3,64.2,38,13,24,1,11,.974,0,6,0,2,5.15,4.16,2.18,3.86,,,,,,,6/547H,,brignre01
776,Tyler Chatwood,22,COL,NL,19,12,0,64.2,19,5,13,1,2,.947,,,0,0,2.51,1.77,0.95,1.75,,,,,,,1/H,,chatwty01
777,Aaron Crow,25,KCR,AL,73,0,0,64.2,9,4,5,0,0,1.000,,,-1,-3,1.25,1.57,0.12,1.56,,,,,,,1,,crowaa01
778,Jonathan Sánchez,29,2TM,2LG,15,15,0,64.2,14,2,8,4,0,.714,,,-3,-9,1.39,1.60,0.67,1.60,,,,,,,1,,sanchjo01
778,Jonathan Sánchez,29,KCR,AL,12,12,0,53.1,10,1,5,4,0,.600,,,-3,-11,1.01,1.57,0.50,1.56,,,,,,,1,,sanchjo01
778,Jonathan Sánchez,29,COL,NL,3,3,0,11.1,4,1,3,0,0,1.000,,,0,0,3.18,1.75,1.33,1.77,,,,,,,/1,,sanchjo01
779,Joe Nathan,37,TEX,AL,66,0,0,64.1,8,3,4,1,1,.875,,,0,0,0.98,1.57,0.11,1.56,,,,,,,1,AS,nathajo01
780,Heath Bell,34,MIA,NL,73,0,0,63.2,15,1,14,0,2,1.000,,,1,3,2.12,1.77,0.21,1.75,,,,,,,1,,bellhe01
781,Steve Cishek,26,MIA,NL,68,0,0,63.2,15,9,5,1,0,.933,,,-1,-3,1.98,1.77,0.21,1.75,,,,,,,1,,cishest01
782,Casey Janssen,30,TOR,AL,62,0,0,63.2,13,7,6,0,0,1.000,,,1,3,1.84,1.57,0.21,1.56,,,,,,,1,,janssca01
783,Ramón Ramírez,30,NYM,NL,58,0,0,63.2,9,3,6,0,0,1.000,,,-3,-9,1.27,1.77,0.16,1.75,,,,,,,1,,ramirra02
784,Jeremy Affeldt,33,SFG,NL,67,0,0,63.1,19,5,13,1,1,.947,,,-1,-3,2.56,1.76,0.27,1.75,,,,,,,1,,affelje01
785,Santiago Casilla,31,SFG,NL,73,0,0,63.1,10,1,7,2,1,.800,,,-1,-3,1.14,1.76,0.11,1.75,,,,,,,1,,garcija01
786,Craig Breslow,31,2TM,2LG,63,0,0,63.1,7,1,6,0,0,1.000,,,0,0,0.99,1.71,0.11,1.68,,,,,,,1,,breslcr01
786,Craig Breslow,31,ARI,NL,40,0,0,43.1,5,0,5,0,0,1.000,,,1,5,1.04,1.77,0.13,1.75,,,,,,,1,,breslcr01
786,Craig Breslow,31,BOS,AL,23,0,0,20.0,2,1,1,0,0,1.000,,,-1,-10,0.90,1.58,0.09,1.56,,,,,,,1,,breslcr01
787,Corey Kluber,26,CLE,AL,12,12,0,63.0,14,9,5,0,1,1.000,,,-2,-6,2.00,1.57,1.17,1.56,,,,,,,1,,klubeco01
788,Carl Pavano,36,MIN,AL,11,11,0,63.0,10,5,5,0,0,1.000,,,-1,-3,1.43,1.57,0.91,1.56,,,,,,,1,,pavanca01
789,Craig Kimbrel,24,ATL,NL,63,0,0,62.2,5,0,5,0,0,1.000,,,-1,-3,0.72,1.77,0.08,1.75,,,,,,,1,ASCYA-5MVP-8,kimbrcr01
790,Burke Badenhop,29,TBR,AL,66,0,0,62.1,9,3,4,2,1,.778,,,-1,-3,1.01,1.57,0.11,1.56,,,,,,,1,,badenbu01
791,Jared Burton,31,MIN,AL,64,0,0,62.0,14,2,11,1,0,.929,,,1,3,1.89,1.57,0.20,1.56,,,,,,,1,,burtoja01
792,Willie Harris,34,CIN,NL,9,7,3,62.0,30,9,20,1,5,.967,1,17,0,0,4.21,4.05,3.22,4.17,,,,,,,H/457D,,harriwi02
793,Iván De Jesús,25,2TM,2LG,18,5,1,62.0,24,9,13,2,4,.917,-2,-31,-1,-19,3.19,4.20,1.16,3.95,,,,,,,H4/5D6,,dejesiv02
793,Iván De Jesús,25,LAD,NL,11,4,1,43.0,18,6,11,1,2,.944,-1,-22,0,0,3.56,4.10,1.42,3.76,,,,,,,H/45D,,dejesiv02
793,Iván De Jesús,25,BOS,AL,7,1,0,19.0,6,3,2,1,2,.833,-1,-51,-1,-63,2.37,4.41,0.71,4.29,,,,,,,/4H56,,dejesiv02
794,P.J. Walters,27,MIN,AL,12,12,1,61.2,13,5,7,1,1,.923,,,1,3,1.75,1.58,1.00,1.56,,,,,,,1,,waltepj01
795,Brett Cecil,25,TOR,AL,21,9,0,61.1,8,0,7,1,1,.875,,,0,0,1.03,1.57,0.33,1.56,,,,,,,1,,cecilbr01
796,Everett Teaford,28,KCR,AL,18,5,0,61.1,9,1,8,0,2,1.000,,,-1,-3,1.32,1.57,0.50,1.56,,,,,,,1,,teafoev01
797,Luke Hughes,27,2TM,AL,8,7,6,61.1,35,18,13,4,1,.886,-3,-63,-1,-20,4.55,4.06,3.44,4.00,,,,,,,/543H,,hughelu01
797,Luke Hughes,27,MIN,AL,4,3,2,27.0,23,15,7,1,0,.957,-1,-49,0,0,7.33,5.93,4.40,5.12,,,,,,,/435H,,hughelu01
797,Luke Hughes,27,OAK,AL,4,4,4,34.1,12,3,6,3,1,.750,-2,-73,-1,-35,2.36,2.60,2.25,2.60,,,,,,,/5,,hughelu01
798,José Arredondo,28,CIN,NL,66,0,0,61.0,17,7,9,1,1,.941,,,0,0,2.36,1.77,0.24,1.75,,,,,,,1,,arredjo01
799,Chad Durbin,34,ATL,NL,76,0,0,61.0,10,1,8,1,0,.900,,,2,7,1.33,1.77,0.12,1.75,,,,,,,1,,durbich01
800,Sean Marshall,29,CIN,NL,73,0,0,61.0,15,4,11,0,0,1.000,,,2,7,2.21,1.77,0.21,1.75,,,,,,,1,,marshse01
801,Alfredo Simón,31,CIN,NL,36,0,0,61.0,13,6,6,1,0,.923,,,0,0,1.77,1.77,0.33,1.75,,,,,,,1,,simonal01
802,Brandon Lyon,32,2TM,2LG,67,0,0,61.0,8,3,5,0,0,1.000,,,-1,-3,1.18,1.70,0.12,1.67,,,,,,,1,,lyonbr01
802,Brandon Lyon,32,HOU,NL,37,0,0,36.0,3,1,2,0,0,1.000,,,-1,-6,0.75,1.78,0.08,1.75,,,,,,,1,,lyonbr01
802,Brandon Lyon,32,TOR,AL,30,0,0,25.0,5,2,3,0,0,1.000,,,0,0,1.80,1.58,0.17,1.56,,,,,,,1,,lyonbr01
803,David Robertson,27,NYY,AL,65,0,0,60.2,5,4,1,0,0,1.000,,,-2,-7,0.74,1.57,0.08,1.56,,,,,,,1,,roberda08
804,Zack Britton,24,BAL,AL,12,11,0,60.1,12,1,10,1,0,.917,,,0,0,1.64,1.57,0.92,1.56,,,,,,,1,,brittza01
805,Ryan Webb,26,MIA,NL,65,0,0,60.1,7,5,1,1,0,.857,,,-6,-20,0.90,1.78,0.09,1.75,,,,,,,1,,webbry01
806,Matt Albers,29,2TM,2LG,63,0,0,60.1,10,1,8,1,1,.900,,,0,0,1.34,1.64,0.14,1.63,,,,,,,1,,alberma01
806,Matt Albers,29,BOS,AL,40,0,0,39.1,8,1,7,0,1,1.000,,,0,0,1.83,1.58,0.20,1.56,,,,,,,1,,alberma01
806,Matt Albers,29,ARI,NL,23,0,0,21.0,2,0,1,1,0,.500,,,0,0,0.43,1.76,0.04,1.75,,,,,,,1,,alberma01
807,Joel Hanrahan,30,PIT,NL,63,0,0,59.2,8,2,6,0,0,1.000,,,-1,-3,1.21,1.76,0.13,1.75,,,,,,,1,AS,hanrajo01
808,Daniel Bard,27,BOS,AL,17,10,0,59.1,12,4,8,0,3,1.000,,,-1,-3,1.82,1.56,0.71,1.56,,,,,,,1,,bardda01
809,Chris Dickerson,30,NYY,AL,22,4,2,59.1,11,11,0,0,0,1.000,-1,-18,-1,-20,1.67,2.17,0.50,2.16,,,,,,,7/H98,,dickech01
810,Matt Harvey,23,NYM,NL,10,10,0,59.1,14,1,13,0,0,1.000,,,2,7,2.12,1.77,1.40,1.75,,,,,,,1,,harvema01
811,Bryan Shaw,24,ARI,NL,64,0,0,59.1,12,2,9,1,1,.917,,,1,3,1.67,1.77,0.17,1.75,,,,,,,1,,shawbr01
812,Roy Oswalt,34,TEX,AL,17,9,0,59.0,6,2,4,0,1,1.000,,,-1,-3,0.92,1.57,0.35,1.56,,,,,,,1,,oswalro01
813,Erasmo Ramírez,22,SEA,AL,16,8,0,59.0,12,3,9,0,0,1.000,,,1,3,1.83,1.57,0.75,1.56,,,,,,,1,,ramirer02
814,Jason Grilli,35,PIT,NL,64,0,0,58.2,9,5,4,0,0,1.000,,,-1,-3,1.38,1.76,0.14,1.75,,,,,,,1,,grillja01
815,Drew Hutchison,21,TOR,AL,11,11,0,58.2,9,2,7,0,0,1.000,,,1,3,1.38,1.56,0.82,1.56,,,,,,,1,,hutchdr01
816,Manny Parra,29,MIL,NL,62,0,0,58.2,10,4,6,0,0,1.000,,,-4,-14,1.53,1.76,0.16,1.75,,,,,,,1,,parrama01
817,Fernando Salas,27,STL,NL,65,0,0,58.2,12,3,9,0,0,1.000,,,-1,-3,1.84,1.76,0.18,1.75,,,,,,,1,,salasfe01
818,Jonny Venters,27,ATL,NL,66,0,0,58.2,12,1,9,2,0,.833,,,-3,-10,1.53,1.76,0.15,1.75,,,,,,,1,,ventejo01
819,Octavio Dotel,38,DET,AL,57,0,0,58.0,6,1,4,1,0,.833,,,-1,-3,0.78,1.57,0.09,1.56,,,,,,,1,,doteloc01
820,Juan Nicasio,25,COL,NL,11,11,0,58.0,11,5,6,0,0,1.000,,,1,3,1.71,1.77,1.00,1.75,,,,,,,1,,nicasju01
821,Jonathan Broxton,28,2TM,2LG,60,0,0,58.0,11,4,7,0,0,1.000,,,1,3,1.71,1.64,0.18,1.64,,,,,,,1,,broxtjo01
821,Jonathan Broxton,28,KCR,AL,35,0,0,35.2,6,3,3,0,0,1.000,,,1,6,1.51,1.56,0.17,1.56,,,,,,,1,,broxtjo01
821,Jonathan Broxton,28,CIN,NL,25,0,0,22.1,5,1,4,0,0,1.000,,,0,0,2.01,1.77,0.20,1.75,,,,,,,1,,broxtjo01
822,Rafael Betancourt,37,COL,NL,60,0,0,57.2,4,3,1,0,0,1.000,,,-2,-7,0.62,1.76,0.07,1.75,,,,,,,1,,betanra01
823,Chris Pérez,26,CLE,AL,61,0,0,57.2,9,7,2,0,1,1.000,,,0,0,1.40,1.58,0.15,1.56,,,,,,,1,AS,perezch01
824,Jon Rauch,33,NYM,NL,73,0,0,57.2,9,2,7,0,0,1.000,,,0,0,1.40,1.76,0.12,1.75,,,,,,,1,,rauchjo01
825,Dale Thayer,31,SDP,NL,64,0,0,57.2,4,1,3,0,0,1.000,,,-4,-14,0.62,1.76,0.06,1.75,,,,,,,1,,thayeda01
826,Sam LeCure,28,CIN,NL,48,0,0,57.1,16,7,9,0,2,1.000,,,2,7,2.51,1.77,0.33,1.75,,,,,,,1,,lecursa01
827,Eric O'Flaherty,27,ATL,NL,64,0,0,57.1,7,1,6,0,0,1.000,,,0,0,1.10,1.77,0.11,1.75,,,,,,,1,,oflaher01
828,Matt Reynolds,27,COL,NL,71,0,0,57.1,18,5,11,2,1,.889,,,1,3,2.51,1.77,0.23,1.75,,,,,,,1,,reynoma02
829,Luis Exposito,25,BAL,AL,9,6,6,57.0,46,43,3,0,0,1.000,1,21,-1,-19,7.26,7.99,5.11,7.94,1,1,1,1,50.0,0,/2,,exposlu01
830,Luis Martinez,27,TEX,AL,10,6,4,57.0,55,54,1,0,0,1.000,-1,-21,-2,-40,8.68,7.99,5.50,7.94,0,3,6,0,0.0,0,2,,martilu02
831,Rich Thompson,33,TBR,AL,12,4,3,57.0,8,8,0,0,0,1.000,-2,-48,-2,-42,1.26,2.16,0.67,2.16,,,,,,,H/78D,,thompri02
832,Carlos Triunfel,22,SEA,AL,9,5,4,57.0,36,12,23,1,6,.972,1,29,1,23,5.53,4.48,3.89,4.44,,,,,,,/64H,,triunca01
833,Sean Burnett,29,WSN,NL,70,0,0,56.2,17,7,10,0,2,1.000,,,0,0,2.70,1.78,0.24,1.75,,,,,,,1,,burnese01
834,Darren Oliver,41,TOR,AL,62,0,0,56.2,4,1,3,0,0,1.000,,,-2,-7,0.64,1.57,0.06,1.56,,,,,,,1,,oliveda02
835,José Mijares,27,2TM,2LG,78,0,0,56.1,9,1,6,2,0,.778,,,0,0,1.12,1.65,0.09,1.63,,,,,,,1,,mijarjo01
835,José Mijares,27,KCR,AL,51,0,0,38.2,8,1,5,2,0,.750,,,0,0,1.40,1.58,0.12,1.56,,,,,,,1,,mijarjo01
835,José Mijares,27,SFG,NL,27,0,0,17.2,1,0,1,0,0,1.000,,,0,0,0.51,1.78,0.04,1.75,,,,,,,1,,mijarjo01
836,Troy Patton,26,BAL,AL,54,0,0,55.2,5,3,1,1,1,.800,,,-1,-4,0.65,1.57,0.07,1.56,,,,,,,1,,pattotr01
837,Boone Logan,27,NYY,AL,80,0,0,55.1,10,2,8,0,0,1.000,,,-1,-4,1.63,1.56,0.13,1.56,,,,,,,1,,loganbo02
838,Carlos Mármol,29,CHC,NL,61,0,0,55.1,11,5,5,1,4,.909,,,0,0,1.63,1.77,0.16,1.75,,,,,,,1,,marmoca01
839,Jake McGee,25,TBR,AL,69,0,0,55.1,9,2,7,0,1,1.000,,,1,4,1.46,1.56,0.13,1.56,,,,,,,1,,mcgeeja01
840,Sergio Romo,29,SFG,NL,69,0,0,55.1,6,1,5,0,0,1.000,,,0,0,0.98,1.77,0.09,1.75,,,,,,,1,,romose01
841,Hank Conger,24,LAA,AL,7,6,6,55.0,53,48,4,1,0,.981,-1,-22,0,0,8.51,7.99,7.43,7.94,0,3,6,2,25.0,0,/2,,congeha01
842,Rhiner Cruz,25,HOU,NL,52,0,0,55.0,13,6,6,1,0,.923,,,0,0,1.96,1.77,0.23,1.75,,,,,,,1,,cruzrh01
843,Addison Reed,23,CHW,AL,62,0,0,55.0,9,5,4,0,2,1.000,,,-1,-4,1.47,1.57,0.15,1.56,,,,,,,1,,reedad01
844,Tony Sipp,28,CLE,AL,63,0,0,55.0,13,5,8,0,0,1.000,,,1,4,2.13,1.57,0.21,1.56,,,,,,,1,,sippto01
845,Jacob Turner,21,2TM,2LG,10,10,0,55.0,12,2,10,0,0,1.000,,,2,7,1.96,1.72,1.20,1.70,,,,,,,1,,turneja01
845,Jacob Turner,21,DET,AL,3,3,0,12.1,1,1,0,0,0,1.000,,,0,0,0.73,1.53,0.33,1.57,,,,,,,/1,,turneja01
845,Jacob Turner,21,MIA,NL,7,7,0,42.2,11,1,10,0,0,1.000,,,2,9,2.32,1.77,1.57,1.76,,,,,,,/1,,turneja01
846,Logan Ondrusek,27,CIN,NL,63,0,0,54.2,9,4,5,0,1,1.000,,,-2,-7,1.48,1.78,0.14,1.75,,,,,,,1,,ondrulo01
847,Brayan Villarreal,25,DET,AL,50,0,0,54.2,7,1,4,2,1,.714,,,-2,-7,0.82,1.56,0.10,1.56,,,,,,,1,,villabr02
848,J.J. Putz,35,ARI,NL,57,0,0,54.1,7,1,6,0,0,1.000,,,1,4,1.16,1.77,0.12,1.75,,,,,,,1,,putzjj01
849,Phil Coke,29,DET,AL,66,0,0,54.0,11,4,7,0,1,1.000,,,-1,-4,1.83,1.57,0.17,1.56,,,,,,,1,,cokeph01
850,Thomas Neal,24,CLE,AL,8,7,1,54.0,13,11,1,1,1,.923,0,0,-2,-44,2.00,2.17,1.50,2.16,,,,,,,/79H,,nealth01
851,John Danks,27,CHW,AL,9,9,0,53.2,19,3,13,3,0,.842,,,3,11,2.68,1.58,1.78,1.56,,,,,,,/1,,danksjo01
852,Jamie Moyer,49,COL,NL,10,10,0,53.2,14,3,11,0,0,1.000,,,0,0,2.35,1.78,1.40,1.75,,,,,,,1,,moyerja01
853,Tony Watson,27,PIT,NL,68,0,0,53.1,11,1,8,2,0,.818,,,1,4,1.52,1.77,0.13,1.75,,,,,,,1,,watsoto01
854,Nick Green,33,MIA,NL,6,6,6,53.0,23,5,16,2,5,.913,-1,-16,0,0,3.57,3.52,3.50,3.48,,,,,,,/546H,,greenni01
855,Carlos Torres,29,COL,NL,31,0,0,53.0,11,1,9,1,0,.909,,,-1,-4,1.70,1.77,0.32,1.75,,,,,,,1/H,,torreca01
856,Miguel Batista,41,2TM,NL,35,5,0,52.2,8,0,7,1,0,.875,,,0,0,1.20,1.78,0.20,1.75,,,,,,,1,,batismi01
856,Miguel Batista,41,NYM,NL,30,5,0,46.2,8,0,7,1,0,.875,,,0,0,1.35,1.77,0.23,1.75,,,,,,,1,,batismi01
856,Miguel Batista,41,ATL,NL,5,0,0,6.0,0,0,0,0,0,,,,0,0,0.00,1.80,0.00,1.76,,,,,,,/1,,batismi01
857,Mike Adams,33,TEX,AL,61,0,0,52.1,17,5,12,0,2,1.000,,,2,8,2.92,1.56,0.28,1.56,,,,,,,1,,adamsmi03
858,Wesley Wright,27,HOU,NL,77,0,0,52.1,16,5,10,1,1,.938,0,0,1,4,2.58,1.77,0.19,1.76,,,,,,,1/9H,,wrighwe01
859,Chad Qualls,33,3TM,2LG,60,0,0,52.1,18,7,9,2,0,.889,,,-3,-11,2.75,1.75,0.27,1.73,,,,,,,1,,quallch01
859,Chad Qualls,33,2TM,NL,52,0,0,45.0,16,6,8,2,0,.875,,,-2,-9,2.80,1.78,0.27,1.75,,,,,,,1,,quallch01
859,Chad Qualls,33,PHI,NL,35,0,0,31.1,6,1,4,1,0,.833,,,-2,-13,1.44,1.78,0.14,1.75,,,,,,,1,,quallch01
859,Chad Qualls,33,NYY,AL,8,0,0,7.1,2,1,1,0,0,1.000,,,-1,-27,2.45,1.60,0.25,1.56,,,,,,,/1,,quallch01
859,Chad Qualls,33,PIT,NL,17,0,0,13.2,10,5,4,1,0,.900,,,0,0,5.93,1.78,0.53,1.75,,,,,,,1,,quallch01
860,Antonio Bastardo,26,PHI,NL,65,0,0,52.0,3,2,0,1,1,.667,,,-1,-4,0.35,1.77,0.03,1.75,,,,,,,1,,bastaan01
861,Kole Calhoun,24,LAA,AL,16,3,1,52.0,13,13,0,0,0,1.000,1,12,1,23,2.25,2.16,0.81,2.16,,,,,,,9/H7D,,calhoko01
862,Jeff Gray,30,MIN,AL,49,0,0,52.0,8,3,5,0,0,1.000,,,0,0,1.38,1.58,0.16,1.56,,,,,,,1,,grayje02
863,Jordan Norberto,25,OAK,AL,39,0,0,52.0,8,1,6,1,0,.875,,,0,0,1.21,1.58,0.18,1.56,,,,,,,1,,norbejo01
864,David Ortiz,36,BOS,AL,7,7,2,52.0,56,54,2,0,4,1.000,0,9,-1,-23,9.69,9.28,8.00,9.21,,,,,,,D/3H,AS,ortizda01
865,Scott Atchison,36,BOS,AL,42,0,0,51.1,18,8,10,0,0,1.000,,,2,8,3.16,1.56,0.43,1.56,,,,,,,1,,atchisc01
866,Alex Castellanos,25,LAD,NL,13,4,2,51.1,12,11,0,1,0,.917,0,2,-2,-47,1.93,2.10,0.85,2.09,,,,,,,7/H9,,casteal01
867,Dylan Axelrod,26,CHW,AL,14,7,0,51.0,8,2,6,0,0,1.000,,,-1,-4,1.41,1.57,0.57,1.56,,,,,,,1,,axelrdy01
868,Louis Coleman,26,KCR,AL,42,0,0,51.0,3,0,3,0,0,1.000,,,2,8,0.53,1.57,0.07,1.56,,,,,,,1,,colemlo01
869,Clay Hensley,32,SFG,NL,60,0,0,50.2,10,4,5,1,2,.900,,,-3,-12,1.60,1.78,0.15,1.75,,,,,,,1,,henslcl01
870,J.P. Howell,29,TBR,AL,55,0,0,50.1,10,2,8,0,0,1.000,,,1,4,1.79,1.57,0.18,1.56,,,,,,,1,,howeljp01
871,Charlie Morton,28,PIT,NL,9,9,0,50.1,12,3,6,3,0,.750,,,-2,-8,1.61,1.77,1.00,1.76,,,,,,,/1,,mortoch02
872,Hisanori Takahashi,37,2TM,2LG,51,0,0,50.1,8,4,4,0,0,1.000,,,0,0,1.43,1.59,0.16,1.59,,,,,,,1,,takahhi01
872,Hisanori Takahashi,37,LAA,AL,42,0,0,42.0,8,4,4,0,0,1.000,,,1,5,1.71,1.56,0.19,1.56,,,,,,,1,,takahhi01
872,Hisanori Takahashi,37,PIT,NL,9,0,0,8.1,0,0,0,0,0,,,,-1,-24,0.00,1.73,0.00,1.76,,,,,,,/1,,takahhi01
873,Guillermo Moscoso,28,COL,NL,23,3,0,50.0,12,3,9,0,2,1.000,,,0,0,2.16,1.76,0.52,1.75,,,,,,,1,,moscogu01
874,Vicente Padilla,34,BOS,AL,56,0,0,50.0,8,4,3,1,0,.875,,,-2,-8,1.26,1.57,0.13,1.56,,,,,,,1,,padilvi01
875,Ben Sheets,33,ATL,NL,9,9,0,49.1,11,5,6,0,0,1.000,,,-1,-4,2.01,1.77,1.22,1.76,,,,,,,/1,,sheetbe01
876,Jerry Sands,24,LAD,NL,8,6,3,49.0,18,17,1,0,1,1.000,1,12,1,24,3.31,3.29,2.25,2.98,,,,,,,/7H39,,sandsje01
877,Ted Lilly,36,LAD,NL,8,8,0,48.2,4,0,4,0,0,1.000,,,-2,-8,0.74,1.78,0.50,1.75,,,,,,,/1,,lillyte01
878,Jim Miller,30,OAK,AL,33,0,0,48.2,9,5,4,0,1,1.000,,,-2,-8,1.66,1.57,0.27,1.56,,,,,,,1,,milleji02
879,Ross Ohlendorf,29,SDP,NL,13,9,0,48.2,10,3,6,1,0,.900,,,-2,-8,1.66,1.78,0.69,1.75,,,,,,,1,,ohlenro01
880,Charlie Culberson,23,SFG,NL,6,5,3,48.1,20,9,11,0,1,1.000,0,10,0,0,3.72,4.77,3.33,4.72,,,,,,,/4H,,culbech01
881,Jair Jurrjens,26,ATL,NL,11,10,0,48.1,15,2,13,0,1,1.000,,,0,0,2.79,1.77,1.36,1.75,,,,,,,1,,jurrjja01
882,Jesse Crain,30,CHW,AL,51,0,0,48.0,5,0,4,1,0,.800,,,0,0,0.75,1.58,0.08,1.56,,,,,,,1,,crainje01
883,Manny Acosta,31,NYM,NL,45,0,0,47.1,6,3,2,1,0,.833,,,-1,-4,0.95,1.77,0.11,1.75,,,,,,,1,,acostma01
884,Sean Doolittle,25,OAK,AL,44,0,0,47.1,6,0,4,2,0,.667,,,-1,-4,0.76,1.58,0.09,1.56,,,,,,,1,,doolise01
885,Michael Taylor,26,OAK,AL,6,5,4,47.0,14,14,0,0,0,1.000,1,18,3,77,2.68,2.16,2.33,2.17,,,,,,,/97H,,taylomi01
886,Matt Lindstrom,32,2TM,2LG,46,0,0,47.0,7,3,4,0,1,1.000,,,-3,-13,1.34,1.61,0.15,1.61,,,,,,,1,,lindsma01
886,Matt Lindstrom,32,BAL,AL,34,0,0,36.1,6,2,4,0,1,1.000,,,-2,-11,1.49,1.56,0.18,1.56,,,,,,,1,,lindsma01
886,Matt Lindstrom,32,ARI,NL,12,0,0,10.2,1,1,0,0,0,1.000,,,-1,-19,0.84,1.77,0.08,1.75,,,,,,,1,,lindsma01
887,Manny Corpas,29,CHC,NL,48,0,0,46.2,7,4,3,0,1,1.000,,,0,0,1.35,1.77,0.15,1.75,,,,,,,1,,corpama01
888,Marc Rzepczynski,26,STL,NL,70,0,0,46.2,12,2,10,0,1,1.000,,,2,9,2.31,1.77,0.17,1.75,,,,,,,1,,rzepcma01
889,Duane Below,26,DET,AL,27,1,0,46.1,10,2,8,0,0,1.000,,,0,0,1.94,1.57,0.37,1.56,,,,,,,1,,belowdu01
890,Andrew Cashner,25,SDP,NL,33,5,0,46.1,13,5,8,0,0,1.000,,,-3,-13,2.53,1.77,0.39,1.75,,,,,,,1,,cashnan01
891,Charlie Furbush,26,SEA,AL,48,0,0,46.1,8,1,6,1,0,.875,,,-1,-4,1.36,1.57,0.15,1.56,,,,,,,1,,furbuch01
892,Andrew Romine,26,LAA,AL,10,4,3,46.1,31,9,20,2,6,.935,-1,-34,-2,-49,5.63,4.35,2.90,4.24,,,,,,,/6H45D,,rominan01
893,Fernando Abad,26,HOU,NL,37,6,0,46.0,9,3,6,0,0,1.000,,,-1,-4,1.76,1.76,0.24,1.75,,,,,,,1,,abadfe01
894,Cody Eppley,26,NYY,AL,59,0,0,46.0,12,1,11,0,1,1.000,,,2,9,2.35,1.57,0.20,1.56,,,,,,,1,,eppleco01
895,Didi Gregorius,22,CIN,NL,6,4,4,46.0,18,8,10,0,4,1.000,-1,-29,1,29,3.52,4.27,3.00,4.22,,,,,,,/6H,,gregodi01
896,Scott Downs,36,LAA,AL,57,0,0,45.2,16,6,9,1,1,.938,,,1,4,2.96,1.58,0.26,1.56,,,,,,,1,,downssc01
897,Jason Isringhausen,39,LAA,AL,50,0,0,45.2,9,3,5,1,0,.889,,,-1,-4,1.58,1.58,0.16,1.56,,,,,,,1,,isrinja01
898,Daisuke Matsuzaka,31,BOS,AL,11,11,0,45.2,8,6,2,0,0,1.000,,,-1,-4,1.58,1.58,0.73,1.56,,,,,,,1,,matsuda01
899,Daniel Hudson,25,ARI,NL,9,9,0,45.1,5,0,5,0,1,1.000,,,-1,-4,0.99,1.77,0.56,1.76,,,,,,,/1,,hudsoda01
900,Conor Gillaspie,24,SFG,NL,5,5,4,45.0,14,3,9,2,0,.857,-3,-72,-3,-80,2.40,2.46,2.40,2.42,,,,,,,/5H,,gillaco01
901,Javy Guerra,26,LAD,NL,45,0,0,45.0,6,0,6,0,0,1.000,,,0,0,1.20,1.78,0.13,1.75,,,,,,,1,,guerrja01
902,Mark Melancon,27,BOS,AL,41,0,0,45.0,13,5,8,0,0,1.000,,,1,4,2.60,1.58,0.32,1.56,,,,,,,1,,melanma01
903,Cord Phelps,25,CLE,AL,7,5,5,45.0,24,6,18,0,5,1.000,-1,-32,1,27,4.80,4.54,3.43,4.29,,,,,,,/4HD56,,phelpco01
904,Kevin Jepsen,27,LAA,AL,49,0,0,44.2,6,2,3,1,0,.833,,,-1,-4,1.01,1.57,0.10,1.56,,,,,,,1,,jepseke01
905,Shawn Kelley,28,SEA,AL,47,0,0,44.1,10,2,8,0,0,1.000,,,1,5,2.03,1.56,0.21,1.56,,,,,,,1,,kellesh01
906,Geoff Blum,39,ARI,NL,6,5,5,44.0,14,1,13,0,2,1.000,0,-3,1,27,2.86,2.45,2.33,2.42,,,,,,,H/5,,blumge01
907,Mike Dunn,27,MIA,NL,60,0,0,44.0,8,3,4,1,1,.875,,,0,0,1.43,1.78,0.12,1.75,,,,,,,1,,dunnmi01
908,Vin Mazzaro,25,KCR,AL,18,6,0,44.0,9,3,6,0,0,1.000,,,-2,-9,1.84,1.58,0.50,1.56,,,,,,,1,,mazzavi01
909,Jurickson Profar,19,TEX,AL,8,4,4,44.0,11,3,8,0,1,1.000,-1,-14,-1,-27,2.25,4.52,1.38,4.53,,,,,,,/46H,,profaju01
910,Junichi Tazawa,26,BOS,AL,37,0,0,44.0,6,2,4,0,0,1.000,,,1,5,1.23,1.58,0.16,1.56,,,,,,,1,,tazawju01
911,Jason Frasor,34,TOR,AL,50,0,0,43.2,8,5,2,1,0,.875,,,0,0,1.44,1.57,0.14,1.56,,,,,,,1,,frasoja01
912,Kevin Gregg,34,BAL,AL,40,0,0,43.2,9,4,5,0,1,1.000,,,1,5,1.85,1.57,0.23,1.56,,,,,,,1,,greggke01
913,George Kontos,27,SFG,NL,44,0,0,43.2,9,4,4,1,0,.889,,,0,0,1.65,1.77,0.18,1.75,,,,,,,1,,kontoge01
914,Nick Johnson,33,BAL,AL,5,5,3,43.0,55,51,3,1,7,.982,1,17,-1,-28,11.30,9.27,10.80,9.22,,,,,,,DH/3,,johnsni01
915,Brandon Allen,26,2TM,AL,6,5,1,43.0,31,29,2,0,1,1.000,0,8,0,0,6.49,5.46,5.17,5.70,,,,,,,/H37,,allenbr01
915,Brandon Allen,26,OAK,AL,3,2,0,20.0,27,25,2,0,1,1.000,1,42,1,60,12.15,9.27,9.00,9.23,,,,,,,/3H,,allenbr01
915,Brandon Allen,26,TBR,AL,3,3,1,23.0,4,4,0,0,0,1.000,0,-21,-1,-52,1.57,2.15,1.33,2.17,,,,,,,/H7,,allenbr01
916,Neftalí Feliz,24,TEX,AL,8,7,1,42.2,4,0,4,0,0,1.000,,,0,0,0.84,1.56,0.50,1.56,,,,,,,/1,,felizne01
917,Frank Francisco,32,NYM,NL,48,0,0,42.1,4,0,4,0,0,1.000,,,-2,-9,0.85,1.76,0.08,1.75,,,,,,,1,,francfr01
918,LaTroy Hawkins,39,LAA,AL,48,0,0,42.0,9,3,5,1,2,.889,,,-3,-14,1.71,1.56,0.17,1.56,,,,,,,1,,hawkila01
919,Clayton Mortensen,27,BOS,AL,26,0,0,42.0,13,5,8,0,0,1.000,,,2,10,2.79,1.56,0.50,1.56,,,,,,,1,,mortecl01
920,Luis Pérez,27,TOR,AL,35,0,0,42.0,5,1,3,1,0,.800,,,0,0,0.86,1.56,0.11,1.56,,,,,,,1,,perezlu01
921,Luke Scott,34,TBR,AL,6,6,2,41.0,30,28,2,0,3,1.000,-1,-32,0,0,6.59,9.26,5.00,9.22,,,,,,,DH/3,,scottlu01
922,Lucas Luetge,25,SEA,AL,63,0,0,40.2,2,1,1,0,1,1.000,,,0,0,0.44,1.57,0.03,1.56,,,,,,,1,,luetglu01
923,Josh Outman,27,COL,NL,27,7,0,40.2,6,1,5,0,0,1.000,,,0,0,1.33,1.77,0.22,1.75,,,,,,,1/H,,outmajo01
924,Jeremy Hermida,28,SDP,NL,7,4,3,40.1,11,11,0,0,0,1.000,1,36,1,30,2.45,2.10,1.57,2.09,,,,,,,/H97,,hermije01
925,Víctor Marte,31,STL,NL,48,0,0,40.1,7,2,5,0,0,1.000,,,1,5,1.56,1.76,0.15,1.75,,,,,,,1,,martevi01
926,Andrew Miller,27,BOS,AL,53,0,0,40.1,4,1,2,1,0,.750,,,-1,-5,0.67,1.56,0.06,1.56,,,,,,,1,,millean01
927,Andrew Werner,25,SDP,NL,8,8,0,40.1,4,0,3,1,1,.750,,,-4,-20,0.67,1.76,0.38,1.75,,,,,,,/1,,wernean01
928,Jairo Asencio,29,2TM,2LG,30,0,0,40.1,1,0,1,0,0,1.000,,,-1,-5,0.22,1.65,0.03,1.64,,,,,,,1,,valdelu01
928,Jairo Asencio,29,CLE,AL,18,0,0,25.2,1,0,1,0,0,1.000,,,0,0,0.35,1.58,0.06,1.56,,,,,,,1,,valdelu01
928,Jairo Asencio,29,CHC,NL,12,0,0,14.2,0,0,0,0,0,,,,-1,-14,0.00,1.78,0.00,1.75,,,,,,,1,,valdelu01
929,Che-Hsuan Lin,23,BOS,AL,9,3,3,40.0,6,6,0,0,0,1.000,-1,-24,0,0,1.35,2.16,0.67,2.16,,,,,,,/98H,,linch01
930,David Carpenter,24,LAA,AL,28,0,0,39.2,7,2,5,0,2,1.000,,,-1,-5,1.59,1.57,0.25,1.56,,,,,,,1,,carpeda02
931,Michael Bowden,25,2TM,2LG,32,0,0,39.2,4,0,4,0,0,1.000,,,-1,-5,0.91,1.75,0.13,1.74,,,,,,,1,,bowdemi01
931,Michael Bowden,25,BOS,AL,2,0,0,3.0,0,0,0,0,0,,,,0,0,0.00,1.50,0.00,1.55,,,,,,,/1,,bowdemi01
931,Michael Bowden,25,CHC,NL,30,0,0,36.2,4,0,4,0,0,1.000,,,-1,-5,0.98,1.77,0.13,1.75,,,,,,,1,,bowdemi01
932,Mark Lowe,29,TEX,AL,36,0,0,39.1,4,2,2,0,1,1.000,,,-1,-5,0.92,1.58,0.11,1.56,,,,,,,1,,lowema01
933,Dan Straily,23,OAK,AL,7,7,0,39.1,2,1,1,0,0,1.000,,,0,0,0.46,1.58,0.29,1.56,,,,,,,/1,,straida01
934,Francisco Cordero,37,2TM,2LG,47,0,0,39.1,7,2,5,0,0,1.000,,,-3,-15,1.60,1.60,0.15,1.59,,,,,,,1,,cordefr01
934,Francisco Cordero,37,TOR,AL,41,0,0,34.1,5,1,4,0,0,1.000,,,-3,-17,1.31,1.57,0.12,1.56,,,,,,,1,,cordefr01
934,Francisco Cordero,37,HOU,NL,6,0,0,5.0,2,1,1,0,0,1.000,,,0,0,3.60,1.80,0.33,1.75,,,,,,,/1,,cordefr01
935,Mark Rogers,26,MIL,NL,7,7,0,39.0,10,4,6,0,1,1.000,,,1,5,2.31,1.78,1.43,1.76,,,,,,,/1H,,rogerma01
936,Huston Street,28,SDP,NL,40,0,0,39.0,11,4,7,0,0,1.000,,,1,5,2.54,1.78,0.28,1.75,,,,,,,1,AS,streehu01
937,Cory Wade,29,NYY,AL,39,0,0,39.0,6,2,3,1,0,.833,,,-1,-5,1.15,1.57,0.13,1.56,,,,,,,1,,wadeco01
938,Jordan Walden,24,LAA,AL,45,0,0,39.0,4,1,3,0,0,1.000,,,0,0,0.92,1.57,0.09,1.56,,,,,,,1,,waldejo01
939,Logan Schafer,25,MIL,NL,9,3,1,38.2,17,17,0,0,0,1.000,4,124,1,31,3.96,2.12,1.89,2.09,,,,,,,/H879,,schaflo01
940,Randy Choate,36,2TM,NL,80,0,0,38.2,12,6,6,0,1,1.000,,,1,5,2.79,1.77,0.15,1.75,,,,,,,1,,choatra01
940,Randy Choate,36,MIA,NL,44,0,0,25.1,6,3,3,0,1,1.000,,,1,8,2.13,1.78,0.14,1.75,,,,,,,1,,choatra01
940,Randy Choate,36,LAD,NL,36,0,0,13.1,6,3,3,0,0,1.000,,,0,0,4.05,1.76,0.17,1.75,,,,,,,1,,choatra01
941,Steve Johnson,24,BAL,AL,12,4,0,38.1,2,0,2,0,0,1.000,,,1,5,0.47,1.57,0.17,1.56,,,,,,,1,,johnsst02
942,Clay Rapada,31,NYY,AL,70,0,0,38.1,11,0,8,3,1,.727,,,-1,-5,1.88,1.57,0.11,1.56,,,,,,,1,,rapadcl01
943,Rafael Dolis,24,CHC,NL,34,0,0,38.0,5,0,4,1,1,.800,,,-1,-5,0.95,1.78,0.12,1.75,,,,,,,1,,dolisra01
944,Jeff Niemann,29,TBR,AL,8,8,0,38.0,8,2,6,0,2,1.000,,,1,5,1.89,1.56,1.00,1.56,,,,,,,/1,,niemaje01
945,Martín Pérez,21,TEX,AL,12,6,0,38.0,3,1,2,0,0,1.000,,,-1,-5,0.71,1.56,0.25,1.56,,,,,,,1,,perezma02
946,Felipe Paulino,28,KCR,AL,7,7,0,37.2,9,3,6,0,0,1.000,,,0,0,2.15,1.58,1.29,1.56,,,,,,,/1,,paulife01
947,Shawn Tolleson,24,LAD,NL,40,0,0,37.2,4,1,3,0,0,1.000,,,0,0,0.96,1.77,0.10,1.75,,,,,,,1,,tollesh01
948,Corey Brown,26,WSN,NL,11,2,1,37.1,14,14,0,0,0,1.000,-1,-35,2,64,3.38,2.10,1.27,2.09,,,,,,,H/789,,brownco01
949,Kip Wells,35,SDP,NL,7,7,0,37.1,5,2,2,1,0,.800,,,-2,-11,0.96,1.76,0.57,1.76,,,,,,,/1H,,wellski01
950,Mike Zagurski,29,ARI,NL,45,0,0,37.1,6,0,6,0,0,1.000,,,0,0,1.45,1.76,0.13,1.75,,,,,,,1,,zagurmi01
951,Jeremy Accardo,30,2TM,AL,27,0,0,37.1,9,2,7,0,2,1.000,,,1,5,2.17,1.57,0.33,1.56,,,,,,,1,,accarje01
951,Jeremy Accardo,30,CLE,AL,26,0,0,35.1,9,2,7,0,2,1.000,,,1,6,2.29,1.58,0.35,1.56,,,,,,,1,,accarje01
951,Jeremy Accardo,30,OAK,AL,1,0,0,2.0,0,0,0,0,0,,,,0,0,0.00,1.35,0.00,1.60,,,,,,,/1,,accarje01
952,Tim Dillard,28,MIL,NL,34,0,0,37.0,7,3,4,0,0,1.000,,,0,0,1.70,1.78,0.21,1.75,,,,,,,1,,dillati01
953,Bryan Holaday,24,DET,AL,6,3,2,37.0,27,25,2,0,1,1.000,0,0,0,0,6.57,7.98,4.50,7.93,0,1,3,1,25.0,0,/2H,,holadbr01
954,Eli Whiteside,32,SFG,NL,11,3,2,37.0,37,32,5,0,0,1.000,1,32,0,0,9.00,8.37,3.36,8.26,0,4,2,3,60.0,0,2/H,,whiteel03
955,Blake DeWitt,26,CHC,NL,5,5,1,36.2,21,13,8,0,2,1.000,0,0,-1,-33,5.15,4.34,4.20,4.20,,,,,,,H/47,,dewitbl01
956,Luis Avilán,22,ATL,NL,31,0,0,36.0,4,1,2,1,1,.750,,,-2,-11,0.75,1.78,0.10,1.75,,,,,,,1,,avilalu01
957,Juan Díaz,23,CLE,AL,5,4,4,36.0,18,8,9,1,4,.944,0,-10,-3,-97,4.25,4.43,3.40,4.40,,,,,,,/6,,diazju02
958,Javier López,34,SFG,NL,70,0,0,36.0,13,5,8,0,0,1.000,,,1,6,3.25,1.78,0.19,1.75,,,,,,,1,,lopezja02
959,Francisco Peguero,24,SFG,NL,10,3,1,36.0,15,14,1,0,0,1.000,3,103,6,200,3.75,2.10,1.50,2.09,,,,,,,H/79,,peguefr01
960,Koji Uehara,37,TEX,AL,37,0,0,36.0,6,4,1,1,0,.833,,,0,0,1.25,1.58,0.14,1.56,,,,,,,1,,ueharko01
961,Juan Cruz,33,PIT,NL,43,0,0,35.2,5,1,4,0,0,1.000,,,1,6,1.26,1.77,0.12,1.75,,,,,,,1,,cruzju02
962,Mike González,34,WSN,NL,47,0,0,35.2,3,1,2,0,1,1.000,,,-3,-17,0.76,1.77,0.06,1.75,,,,,,,1,,gonzami02
963,Zach Stewart,25,2TM,AL,20,3,0,35.2,5,2,2,1,0,.800,,,-1,-6,1.01,1.56,0.20,1.56,,,,,,,1,,stewaza01
963,Zach Stewart,25,CHW,AL,18,1,0,30.0,2,0,1,1,0,.500,,,-1,-7,0.30,1.56,0.06,1.56,,,,,,,1,,stewaza01
963,Zach Stewart,25,BOS,AL,2,2,0,5.2,3,2,1,0,0,1.000,,,0,0,4.76,1.59,1.50,1.55,,,,,,,/1,,stewaza01
964,Michael Kirkman,25,TEX,AL,28,0,0,35.1,4,3,1,0,0,1.000,,,0,0,1.02,1.58,0.14,1.56,,,,,,,1,,kirkmmi01
965,Evan Scribner,26,OAK,AL,30,0,0,35.1,2,0,2,0,0,1.000,,,0,0,0.51,1.58,0.07,1.56,,,,,,,1,,scribev01
966,Brett Anderson,24,OAK,AL,6,6,0,35.0,1,0,1,0,0,1.000,,,-3,-17,0.26,1.57,0.17,1.57,,,,,,,/1,,anderbr04
967,James Darnell,25,SDP,NL,5,4,2,35.0,5,3,1,1,0,.800,-2,-65,-2,-69,1.03,2.19,0.80,2.16,,,,,,,/7H5,,darneja01
968,Casey Fien,28,MIN,AL,35,0,0,35.0,3,1,2,0,0,1.000,,,0,0,0.77,1.57,0.09,1.56,,,,,,,1,,fienca01
969,Nathan Adcock,24,KCR,AL,12,2,0,34.2,8,1,5,2,0,.750,,,1,6,1.56,1.58,0.50,1.56,,,,,,,1,,adcocna01
970,Jeff Locke,24,PIT,NL,8,6,0,34.1,4,2,2,0,1,1.000,,,-3,-17,1.05,1.76,0.50,1.75,,,,,,,/1,,lockeje01
971,Michael Schwimer,26,PHI,NL,35,0,0,34.1,5,1,4,0,0,1.000,,,1,6,1.31,1.76,0.14,1.75,,,,,,,1,,schwimi01
972,Chris Seddon,28,CLE,AL,17,2,0,34.1,4,2,1,1,0,.750,,,-2,-12,0.79,1.57,0.18,1.56,,,,,,,1,,seddoch01
973,Tyler Cloyd,25,PHI,NL,6,6,0,33.0,8,2,6,0,2,1.000,,,1,6,2.18,1.77,1.33,1.75,,,,,,,/1,,cloydty01
974,Scott Elbert,26,LAD,NL,43,0,0,32.2,4,1,3,0,1,1.000,,,-2,-12,1.10,1.76,0.09,1.75,,,,,,,1,,elbersc01
975,John Lannan,27,WSN,NL,6,6,0,32.2,9,0,9,0,1,1.000,,,0,0,2.48,1.76,1.50,1.75,,,,,,,/1,,lannajo01
976,Dana Eveland,28,BAL,AL,14,2,0,32.1,8,6,2,0,0,1.000,,,0,0,2.23,1.56,0.57,1.56,,,,,,,1,,evelada01
977,Miles Mikolas,23,SDP,NL,25,0,0,32.1,8,0,7,1,0,.875,,,1,6,1.95,1.78,0.28,1.75,,,,,,,1,,mikolmi01
978,Tanner Scheppers,25,TEX,AL,39,0,0,32.1,7,2,5,0,2,1.000,,,-1,-6,1.95,1.56,0.18,1.56,,,,,,,1,,schepta01
979,Chien-Ming Wang,32,WSN,NL,10,5,0,32.1,10,2,8,0,2,1.000,,,2,12,2.78,1.78,1.00,1.75,,,,,,,1,,wangch01
980,David Carpenter,26,2TM,2LG,33,0,0,32.1,4,2,2,0,0,1.000,,,0,0,1.11,1.75,0.12,1.73,,,,,,,1/H,,carpeda01
980,David Carpenter,26,HOU,NL,30,0,0,29.2,4,2,2,0,0,1.000,,,0,0,1.21,1.76,0.13,1.75,,,,,,,1/H,,carpeda01
980,David Carpenter,26,TOR,AL,3,0,0,2.2,0,0,0,0,0,,,,0,0,0.00,1.69,0.00,1.57,,,,,,,/1,,carpeda01
981,Chad Jenkins,24,TOR,AL,13,3,0,32.0,9,5,3,1,0,.889,,,0,0,2.25,1.58,0.62,1.56,,,,,,,1,,jenkich01
982,Josh Kinney,33,SEA,AL,35,0,0,32.0,8,2,6,0,1,1.000,,,1,6,2.25,1.58,0.23,1.56,,,,,,,1,,kinnejo01
983,Jason Repko,31,BOS,AL,4,4,2,32.0,12,12,0,0,0,1.000,1,34,2,75,3.38,2.17,3.00,2.15,,,,,,,/8DH,,repkoja01
984,Joe Thatcher,30,SDP,NL,55,0,0,31.2,3,0,3,0,0,1.000,,,-1,-6,0.85,1.76,0.05,1.75,,,,,,,1,,thatcjo01
985,Esmerling Vásquez,28,MIN,AL,6,6,0,31.2,6,0,6,0,0,1.000,,,1,6,1.71,1.56,1.00,1.57,,,,,,,/1,,vasques01
986,Jeremy Horst,26,PHI,NL,32,0,0,31.1,7,3,4,0,1,1.000,,,1,6,2.01,1.78,0.22,1.75,,,,,,,1,,horstje01
987,Luke Carlin,31,CLE,AL,4,3,3,31.0,33,32,1,0,0,1.000,0,0,0,0,9.58,7.98,8.25,7.95,1,2,3,1,25.0,0,/2,,carlilu01
988,Xavier Cedeño,25,HOU,NL,44,0,0,31.0,6,4,2,0,0,1.000,,,-2,-13,1.74,1.77,0.14,1.75,,,,,,,1,,cedenxa01
989,Cory Luebke,27,SDP,NL,5,5,0,31.0,10,2,7,1,0,.900,,,1,6,2.61,1.77,1.80,1.76,,,,,,,/1,,luebkco01
990,Raúl Valdés,34,PHI,NL,27,1,0,31.0,2,1,1,0,0,1.000,,,0,0,0.58,1.77,0.07,1.75,,,,,,,1,,valdera02
991,Tim Byrdak,38,NYM,NL,56,0,0,30.2,6,1,5,0,1,1.000,,,1,7,1.76,1.76,0.11,1.75,,,,,,,1,,byrdati01
992,Jim Henderson,29,MIL,NL,36,0,0,30.2,3,0,3,0,0,1.000,,,0,0,0.88,1.76,0.08,1.75,,,,,,,1,,hendeji01
993,J.J. Hoover,24,CIN,NL,28,0,0,30.2,1,0,1,0,0,1.000,,,-1,-7,0.29,1.76,0.04,1.75,,,,,,,1,,hoovejj01
994,Aaron Loup,24,TOR,AL,33,0,0,30.2,9,2,7,0,0,1.000,,,0,0,2.64,1.58,0.27,1.56,,,,,,,1,,loupaa01
995,Jeff Suppan,37,SDP,NL,6,6,0,30.2,12,5,7,0,1,1.000,,,1,7,3.52,1.76,2.00,1.75,,,,,,,/1H,,suppaje01
996,Drew Storen,24,WSN,NL,37,0,0,30.1,3,1,2,0,0,1.000,,,-1,-7,0.89,1.78,0.08,1.75,,,,,,,1,,storedr01
997,Mickey Storey,26,HOU,NL,26,0,0,30.1,4,1,2,1,0,.750,,,-1,-7,0.89,1.78,0.12,1.75,,,,,,,1,,storemi01
998,Ryan Jackson,24,STL,NL,8,3,1,30.0,14,2,11,1,1,.929,-1,-20,0,0,3.90,4.74,1.44,4.67,,,,,,,/H46,,jacksry02
999,César Ramos,28,TBR,AL,17,1,0,30.0,9,5,4,0,1,1.000,,,0,0,2.70,1.56,0.53,1.56,,,,,,,1,,ramosce01
1000,Brian Fuentes,36,2TM,2LG,32,0,0,30.0,3,1,2,0,0,1.000,,,0,0,0.90,1.62,0.09,1.60,,,,,,,1,,fuentbr01
1000,Brian Fuentes,36,OAK,AL,26,0,0,25.0,3,1,2,0,0,1.000,,,0,0,1.08,1.58,0.12,1.56,,,,,,,1,,fuentbr01
1000,Brian Fuentes,36,STL,NL,6,0,0,5.0,0,0,0,0,0,,,,0,0,0.00,1.80,0.00,1.75,,,,,,,/1,,fuentbr01
1001,Brad Bergesen,26,ARI,NL,19,0,0,29.2,6,1,4,1,0,.833,,,0,0,1.52,1.76,0.26,1.75,,,,,,,1,,bergebr02
1002,Blake Lalli,29,CHC,NL,6,3,3,29.2,24,24,0,0,1,1.000,-1,-40,-1,-36,7.28,8.46,4.00,8.57,0,2,4,0,0.0,0,/23H,,lallibl01
1003,Óliver Pérez,30,SEA,AL,33,0,0,29.2,7,2,5,0,1,1.000,,,0,0,2.12,1.58,0.21,1.56,,,,,,,1,,perezol01
1004,Chris Rusin,25,CHC,NL,7,7,0,29.2,7,1,6,0,0,1.000,,,-1,-7,2.12,1.76,1.00,1.76,,,,,,,/1,,rusinch01
1005,Chris Archer,23,TBR,AL,6,4,0,29.1,6,1,4,1,0,.833,,,0,0,1.53,1.56,0.83,1.57,,,,,,,/1H,,archech01
1006,Matt Capps,28,MIN,AL,30,0,0,29.1,2,1,1,0,0,1.000,,,-2,-14,0.61,1.56,0.07,1.56,,,,,,,1,,cappsma01
1007,Henry Rodríguez,25,WSN,NL,35,0,0,29.1,4,0,3,1,0,.750,,,-2,-14,0.92,1.78,0.09,1.75,,,,,,,1,,rodrihe03
1008,Tyler Skaggs,20,ARI,NL,6,6,0,29.1,8,0,8,0,0,1.000,,,2,14,2.45,1.78,1.33,1.75,,,,,,,/1,,skaggty01
1009,Cody Allen,23,CLE,AL,27,0,0,29.0,5,3,2,0,0,1.000,,,0,0,1.55,1.58,0.19,1.56,,,,,,,1,,allenco01
1010,J.C. Boscán,32,ATL,NL,6,2,2,29.0,39,37,1,1,0,.974,0,0,0,0,11.79,8.35,6.33,8.27,0,0,3,0,0.0,0,/2H,,boscajc01
1011,Casey Kelly,22,SDP,NL,6,6,0,29.0,8,2,6,0,1,1.000,,,-1,-7,2.48,1.77,1.33,1.75,,,,,,,/1H,,kellyca01
1012,Wily Peralta,23,MIL,NL,6,5,0,29.0,9,4,4,1,0,.889,,,1,7,2.48,1.77,1.33,1.75,,,,,,,/1,,peralwi01
1013,Fred Lewis,31,NYM,NL,6,3,0,28.2,4,4,0,0,0,1.000,0,-17,-2,-84,1.26,2.10,0.67,2.08,,,,,,,H/798,,lewisfr02
1014,Randy Wells,29,CHC,NL,12,4,0,28.2,9,2,7,0,0,1.000,,,1,7,2.83,1.76,0.75,1.75,,,,,,,1,,wellsra01
1015,Alex Hinshaw,29,2TM,NL,33,0,0,28.1,3,0,3,0,0,1.000,,,0,0,0.95,1.78,0.09,1.75,,,,,,,1,,hinshal01
1015,Alex Hinshaw,29,SDP,NL,31,0,0,28.0,3,0,3,0,0,1.000,,,0,0,0.96,1.77,0.10,1.75,,,,,,,1,,hinshal01
1015,Alex Hinshaw,29,CHC,NL,2,0,0,0.1,0,0,0,0,0,,,,0,0,0.00,2.70,0.00,1.75,,,,,,,/1,,hinshal01
1016,Chris Herrmann,24,MIN,AL,5,3,2,28.0,10,10,0,0,0,1.000,-1,-56,0,0,3.21,6.14,2.00,5.62,1,1,1,0,0.0,0,/27DH,,herrmch01
1017,Mike Jacobs,31,ARI,NL,4,3,3,28.0,30,26,3,1,4,.967,0,9,-1,-43,9.32,9.29,7.25,9.18,,,,,,,H/3,,jacobmi02
1018,Carlos Maldonado,33,WSN,NL,4,3,3,28.0,24,24,0,0,0,1.000,0,0,0,0,7.71,8.36,6.00,8.25,0,1,2,0,0.0,0,/2H,,maldoca03
1019,Brad Penny,34,SFG,NL,22,0,0,28.0,7,3,4,0,2,1.000,,,-1,-7,2.25,1.77,0.32,1.75,,,,,,,1,,pennybr01
1020,Brad Boxberger,24,SDP,NL,24,0,0,27.2,3,0,0,3,0,.000,,,-1,-7,0.00,1.76,0.00,1.75,,,,,,,1,,boxbebr01
1021,Danny Duffy,23,KCR,AL,6,6,0,27.2,2,0,2,0,0,1.000,,,1,7,0.65,1.56,0.33,1.57,,,,,,,/1,,duffyda01
1022,Joe Wieland,22,SDP,NL,5,5,0,27.2,4,2,2,0,0,1.000,,,0,0,1.30,1.76,0.80,1.76,,,,,,,/1,,wielajo01
1023,Jake Diekman,25,PHI,NL,32,0,0,27.1,6,1,3,2,0,.667,,,-1,-7,1.32,1.78,0.13,1.75,,,,,,,1,,diekmja01
1024,Kyle Farnsworth,36,TBR,AL,34,0,0,27.0,5,1,4,0,0,1.000,,,0,0,1.67,1.57,0.15,1.56,,,,,,,1,,farnsky01
1025,Omir Santos,31,DET,AL,3,3,3,27.0,23,21,0,2,0,.913,-2,-89,-1,-40,7.00,8.00,7.00,7.93,2,0,7,0,0.0,0,/2,,santoom01
1026,Jim Thome,41,PHI,NL,4,4,2,27.0,38,35,2,1,4,.974,2,71,1,44,12.33,9.30,9.25,9.18,,,,,,,H/D3,,thomeji01
1027,Stephen Fife,25,LAD,NL,5,5,0,26.2,7,3,4,0,0,1.000,,,1,8,2.36,1.79,1.40,1.76,,,,,,,/1,,fifest01
1028,David Huff,27,CLE,AL,6,4,0,26.2,2,0,2,0,1,1.000,,,1,8,0.68,1.59,0.33,1.57,,,,,,,/1,,huffda01
1029,Will Ohman,34,CHW,AL,32,0,0,26.2,1,0,1,0,1,1.000,,,0,0,0.34,1.59,0.03,1.56,,,,,,,1,,ohmanwi01
1030,Scott Maine,27,2TM,2LG,30,0,0,26.2,1,0,1,0,0,1.000,,,0,0,0.34,1.72,0.03,1.69,,,,,,,1,,mainesc01
1030,Scott Maine,27,CHC,NL,21,0,0,20.2,1,0,1,0,0,1.000,,,0,0,0.44,1.79,0.05,1.75,,,,,,,1,,mainesc01
1030,Scott Maine,27,CLE,AL,9,0,0,6.0,0,0,0,0,0,,,,0,0,0.00,1.50,0.00,1.56,,,,,,,/1,,mainesc01
1031,Kyle McPherson,24,PIT,NL,10,3,0,26.1,4,3,1,0,0,1.000,,,0,0,1.37,1.78,0.40,1.75,,,,,,,1,,mcpheky01
1032,Nick Vincent,25,SDP,NL,27,0,0,26.1,4,1,3,0,0,1.000,,,0,0,1.37,1.78,0.15,1.75,,,,,,,1,,vinceni01
1033,Tsuyoshi Nishioka,27,MIN,AL,3,3,3,26.0,19,6,11,2,6,.895,-2,-69,-2,-92,5.88,4.64,5.67,4.60,,,,,,,/4,,nishits01
1034,Josh Edgin,25,NYM,NL,34,0,0,25.2,3,0,2,1,0,.667,,,0,0,0.70,1.79,0.06,1.75,,,,,,,1,,edginjo01
1035,Nick Hagadone,26,CLE,AL,27,0,0,25.1,1,0,1,0,0,1.000,,,-1,-8,0.36,1.56,0.04,1.56,,,,,,,1,,hagadni01
1036,Shane Loux,32,SFG,NL,19,0,0,25.1,6,3,2,1,1,.833,,,1,8,1.78,1.78,0.26,1.75,,,,,,,1,,louxsh01
1037,Sean Burroughs,31,MIN,AL,3,3,1,25.0,12,7,5,0,2,1.000,1,24,0,0,4.32,3.42,3.00,4.25,,,,,,,/H53D,,burrose01
1038,Carter Capps,21,SEA,AL,18,0,0,25.0,4,1,3,0,1,1.000,,,-1,-8,1.44,1.58,0.22,1.56,,,,,,,1,,cappsca01
1039,Édgar González,29,HOU,NL,6,6,0,25.0,3,1,1,1,0,.667,,,-1,-8,0.72,1.76,0.33,1.75,,,,,,,/1,,gonzaed01
1040,Tyler Robertson,24,MIN,AL,40,0,0,25.0,7,1,5,1,0,.857,,,0,0,2.16,1.58,0.15,1.56,,,,,,,1,,roberty01
1041,B.J. Rosenberg,26,PHI,NL,22,1,0,25.0,5,3,2,0,0,1.000,,,0,0,1.80,1.76,0.23,1.75,,,,,,,1,,rosenbj01
1042,Joe Savery,26,PHI,NL,19,0,0,25.0,9,1,7,1,0,.889,,,1,8,2.88,1.76,0.42,1.75,,,,,,,1,,saverjo01
1043,C.J. Fick,26,2TM,NL,20,0,0,24.2,8,2,6,0,1,1.000,,,1,8,2.92,1.75,0.40,1.75,,,,,,,1,,fickch01
1043,C.J. Fick,26,STL,NL,2,0,0,1.2,1,0,1,0,0,1.000,,,0,0,5.40,1.62,0.50,1.75,,,,,,,/1,,fickch01
1043,C.J. Fick,26,HOU,NL,18,0,0,23.0,7,2,5,0,1,1.000,,,1,9,2.74,1.76,0.39,1.75,,,,,,,1,,fickch01
1044,Jesse Chavez,28,2TM,AL,13,2,0,24.2,3,0,2,1,0,.667,,,-1,-8,0.73,1.57,0.15,1.55,,,,,,,1,,chaveje01
1044,Jesse Chavez,28,TOR,AL,9,2,0,21.1,2,0,1,1,0,.500,,,-1,-9,0.42,1.56,0.11,1.56,,,,,,,/1,,chaveje01
1044,Jesse Chavez,28,OAK,AL,4,0,0,3.1,1,0,1,0,0,1.000,,,0,0,2.70,1.62,0.25,1.55,,,,,,,/1,,chaveje01
1045,Casey Coleman,24,CHC,NL,17,1,0,24.1,5,3,2,0,0,1.000,,,-1,-8,1.85,1.78,0.29,1.75,,,,,,,1,,colemca01
1046,Brooks Raley,24,CHC,NL,5,5,0,24.1,4,1,3,0,0,1.000,,,0,0,1.48,1.78,0.80,1.76,,,,,,,/1,,raleybr01
1047,Armando Galarraga,30,HOU,NL,5,5,0,24.0,1,1,0,0,0,1.000,,,-1,-8,0.38,1.76,0.20,1.76,,,,,,,/1,,galarar01
1048,Steven Lerud,27,PHI,NL,3,3,1,23.0,21,21,0,0,0,1.000,0,0,0,0,8.22,8.37,7.00,8.27,0,0,0,0,,0,/2,,lerudst01
1049,Stephen Pryor,22,SEA,AL,26,0,0,23.0,4,2,2,0,1,1.000,,,0,0,1.57,1.57,0.15,1.56,,,,,,,1,,pryorst01
1050,Trevor Rosenthal,22,STL,NL,19,0,0,22.2,2,1,1,0,0,1.000,,,0,0,0.79,1.79,0.11,1.75,,,,,,,1,,rosentr01
1051,Edgmer Escalona,25,COL,NL,22,0,0,22.1,2,0,2,0,0,1.000,,,-1,-9,0.81,1.77,0.09,1.75,,,,,,,1,,escaled01
1052,Luis Marte,25,DET,AL,13,0,0,22.1,4,1,3,0,0,1.000,,,1,9,1.61,1.57,0.31,1.56,,,,,,,1,,martelu01
1053,Joel Carreño,25,TOR,AL,11,2,0,22.0,3,1,1,1,0,.667,,,0,0,0.82,1.55,0.18,1.56,,,,,,,1,,carrejo01
1054,Adam Moore,28,KCR,AL,3,2,2,22.0,13,11,1,1,0,.923,-1,-55,-1,-49,4.91,7.98,4.00,7.93,1,0,4,0,0.0,0,/2D,,mooread01
1055,Tyler Thornburg,23,MIL,NL,8,3,0,22.0,6,1,5,0,1,1.000,,,1,9,2.45,1.76,0.75,1.75,,,,,,,/1,,thornty01
1056,Alberto Cabrera,23,CHC,NL,25,0,0,21.2,4,2,1,1,0,.750,,,0,0,1.25,1.79,0.12,1.75,,,,,,,1,,cabreal03
1057,Pedro Figueroa,26,OAK,AL,19,0,0,21.2,1,1,0,0,0,1.000,,,-1,-9,0.42,1.58,0.05,1.56,,,,,,,1,,figuepe01
1058,Jeff Manship,27,MIN,AL,12,0,0,21.2,4,1,3,0,1,1.000,,,-1,-9,1.66,1.58,0.33,1.56,,,,,,,1,,manshje01
1059,Collin McHugh,25,NYM,NL,8,4,0,21.1,3,0,3,0,1,1.000,,,0,0,1.27,1.77,0.38,1.75,,,,,,,/1,,mchugco01
1060,Elvin Ramírez,24,NYM,NL,20,0,0,21.1,2,0,2,0,0,1.000,,,-1,-9,0.84,1.77,0.10,1.75,,,,,,,1,,ramirel02
1061,Kyle Waldrop,26,MIN,AL,17,0,0,21.1,10,3,7,0,2,1.000,,,0,0,4.22,1.56,0.59,1.56,,,,,,,1,,waldrky01
1062,Graham Godfrey,27,OAK,AL,5,4,0,21.0,4,1,3,0,1,1.000,,,-1,-10,1.71,1.59,0.80,1.56,,,,,,,/1,,godfrgr01
1063,Brian Omogrosso,28,CHW,AL,17,0,0,21.0,0,0,0,0,0,,,,-1,-10,0.00,1.59,0.00,1.56,,,,,,,1,,omogrbr01
1064,Blake Tekotte,25,SDP,NL,4,2,0,21.0,3,3,0,0,0,1.000,-1,-80,0,0,1.29,2.10,0.75,2.10,,,,,,,/H789,,tekotbl01
1065,Joba Chamberlain,26,NYY,AL,22,0,0,20.2,2,0,2,0,0,1.000,,,-1,-10,0.87,1.57,0.09,1.56,,,,,,,1,,chambjo03
1066,Darin Downs,27,DET,AL,18,0,0,20.2,4,1,3,0,1,1.000,,,-1,-10,1.74,1.57,0.22,1.56,,,,,,,1,,downsda02
1067,Guillermo Mota,38,SFG,NL,26,0,0,20.2,5,2,3,0,0,1.000,,,1,10,2.18,1.79,0.19,1.75,,,,,,,1,,motagu01
1068,Sam Freeman,25,STL,NL,24,0,0,20.0,4,0,3,1,0,.750,,,-1,-10,1.35,1.76,0.13,1.75,,,,,,,1,,freemsa01
1069,Cory Gearrin,26,ATL,NL,22,0,0,20.0,4,1,3,0,0,1.000,,,1,10,1.80,1.76,0.18,1.75,,,,,,,1,,gearrco01
1070,Stephen Vogt,27,TBR,AL,9,1,0,20.0,22,20,2,0,0,1.000,0,0,0,0,9.90,7.11,2.44,6.66,0,1,0,1,100.0,0,H/2D7,,vogtst01
1071,Rich Hill,32,BOS,AL,25,0,0,19.2,8,4,4,0,1,1.000,,,1,10,3.66,1.56,0.32,1.56,,,,,,,1,,hillri01
1072,Pat Neshek,31,OAK,AL,24,0,0,19.2,1,0,1,0,0,1.000,,,0,0,0.46,1.56,0.04,1.56,,,,,,,1,,neshepa01
1073,Mike Pelfrey,28,NYM,NL,3,3,0,19.2,8,3,4,1,0,.875,,,0,0,3.20,1.78,2.33,1.77,,,,,,,/1,,pelfrmi01
1074,Jason Berken,28,2TM,2LG,5,4,0,19.2,6,1,5,0,0,1.000,,,0,0,2.75,1.78,1.20,1.72,,,,,,,/1,,berkeja01
1074,Jason Berken,28,BAL,AL,1,0,0,1.0,0,0,0,0,0,,,,0,0,0.00,1.80,0.00,1.60,,,,,,,/1,,berkeja01
1074,Jason Berken,28,CHC,NL,4,4,0,18.2,6,1,5,0,0,1.000,,,0,0,2.89,1.78,1.50,1.75,,,,,,,/1,,berkeja01
1075,Héctor Ambriz,28,HOU,NL,18,0,0,19.1,5,2,3,0,0,1.000,,,1,10,2.33,1.77,0.28,1.75,,,,,,,1,,ambrihe01
1076,Barret Browning,27,STL,NL,22,0,0,19.1,2,0,2,0,0,1.000,,,0,0,0.93,1.77,0.09,1.75,,,,,,,1,,brownba01
1077,Todd Coffey,31,LAD,NL,23,0,0,19.1,6,0,6,0,0,1.000,,,2,21,2.79,1.77,0.26,1.75,,,,,,,1,,coffeto01
1078,Frank Herrmann,28,CLE,AL,15,0,0,19.1,1,0,1,0,0,1.000,,,0,0,0.47,1.58,0.07,1.56,,,,,,,1,,herrmfr01
1079,Matt Young,29,DET,AL,4,1,1,19.1,9,8,1,0,1,1.000,1,43,0,0,4.19,2.70,1.50,2.97,,,,,,,/74H9,,youngma02
1080,Scott Barnes,24,CLE,AL,16,0,0,19.0,5,2,3,0,0,1.000,,,0,0,2.37,1.56,0.31,1.56,,,,,,,1,,barnesc01
1081,Enerio Del Rosario,26,HOU,NL,19,0,0,19.0,7,3,2,2,0,.714,,,-1,-11,2.37,1.75,0.26,1.75,,,,,,,1,,delroen01
1082,Dan Jennings,25,MIA,NL,22,0,0,19.0,4,2,2,0,1,1.000,,,0,0,1.89,1.75,0.18,1.75,,,,,,,1,,jennida01
1083,Kyle McClellan,28,STL,NL,16,0,0,18.2,2,0,2,0,0,1.000,,,0,0,0.96,1.78,0.13,1.75,,,,,,,1,,mccleky01
1084,Collin Balester,26,DET,AL,11,0,0,18.0,1,1,0,0,0,1.000,,,0,0,0.50,1.55,0.09,1.56,,,,,,,1,,balesco01
1085,Cory Burns,24,SDP,NL,17,0,0,18.0,5,2,2,1,0,.800,,,0,0,2.00,1.75,0.24,1.75,,,,,,,1,,burnsco01
1086,Denis Phipps,26,CIN,NL,2,2,2,18.0,4,4,0,0,0,1.000,0,0,-1,-67,2.00,2.10,2.00,2.10,,,,,,,/H89,,phippde01
1087,Jeff Beliveau,25,CHC,NL,22,0,0,17.2,4,0,4,0,0,1.000,,,1,11,2.04,1.78,0.18,1.75,,,,,,,1,,belivje01
1088,Brandon Gomes,27,TBR,AL,15,0,0,17.2,4,2,1,1,0,.750,,,0,0,1.53,1.58,0.20,1.56,,,,,,,1,,gomesbr01
1089,Will Harris,27,COL,NL,20,0,0,17.2,4,1,3,0,0,1.000,,,0,0,2.04,1.78,0.20,1.75,,,,,,,1,,harriwi10
1090,Kyle Weiland,25,HOU,NL,3,3,0,17.2,3,1,0,2,0,.333,,,-1,-11,0.51,1.78,0.33,1.77,,,,,,,/1H,,weilaky01
1091,Francisley Bueno,31,KCR,AL,18,0,0,17.1,4,1,3,0,1,1.000,,,1,12,2.08,1.56,0.22,1.56,,,,,,,1,,buenofr01
1092,Bryan Anderson,25,STL,NL,3,2,1,17.0,16,14,1,1,1,.938,0,0,-1,-71,7.94,8.84,5.00,8.57,0,0,0,0,,0,/H23,,anderbr05
1093,Chris Carpenter,37,STL,NL,3,3,0,17.0,2,0,2,0,0,1.000,,,-1,-12,1.06,1.75,0.67,1.77,,,,,,,/1,,carpech01
1094,Luis Perdomo,28,MIN,AL,15,0,0,17.0,9,6,3,0,1,1.000,,,0,0,4.76,1.59,0.60,1.56,,,,,,,1,,perdolu01
1095,Eddy Rodríguez,26,SDP,NL,2,2,2,17.0,21,20,1,0,0,1.000,-1,-71,0,0,11.12,8.36,10.50,8.25,0,1,3,0,0.0,0,/2,,rodried04
1096,Yoshinori Tateyama,36,TEX,AL,14,0,0,17.0,2,2,0,0,0,1.000,,,0,0,1.06,1.59,0.14,1.56,,,,,,,1,,tateyyo01
1097,Brandon Kintzler,27,MIL,NL,14,0,0,16.2,6,2,4,0,0,1.000,,,2,24,3.24,1.78,0.43,1.75,,,,,,,1,,kintzbr01
1098,Tommy Layne,27,SDP,NL,26,0,0,16.2,4,1,1,2,0,.500,,,-1,-12,1.08,1.78,0.08,1.75,,,,,,,1,,layneto01
1099,Anthony Varvaro,27,ATL,NL,12,0,0,16.2,1,0,1,0,0,1.000,,,-1,-12,0.54,1.78,0.08,1.75,,,,,,,1,,varvaan01
1100,David Pauley,29,2TM,AL,10,0,0,16.2,1,0,1,0,0,1.000,,,0,0,0.54,1.57,0.10,1.56,,,,,,,1,,pauleda01
1100,David Pauley,29,LAA,AL,5,0,0,10.1,1,0,1,0,0,1.000,,,0,0,0.87,1.57,0.20,1.56,,,,,,,/1,,pauleda01
1100,David Pauley,29,TOR,AL,5,0,0,6.1,0,0,0,0,0,,,,0,0,0.00,1.56,0.00,1.56,,,,,,,/1,,pauleda01
1101,Trevor Bauer,21,ARI,NL,4,4,0,16.1,6,1,3,2,1,.667,,,-2,-24,2.20,1.76,1.00,1.75,,,,,,,/1,,bauertr01
1102,Miguel Socolovich,25,2TM,2LG,12,0,0,16.1,3,0,3,0,0,1.000,,,0,0,1.65,1.65,0.25,1.66,,,,,,,1,,socolmi01
1102,Miguel Socolovich,25,BAL,AL,6,0,0,10.1,2,0,2,0,0,1.000,,,0,0,1.74,1.57,0.33,1.57,,,,,,,/1,,socolmi01
1102,Miguel Socolovich,25,CHC,NL,6,0,0,6.0,1,0,1,0,0,1.000,,,0,0,1.50,1.80,0.17,1.75,,,,,,,/1,,socolmi01
1103,Lendy Castillo,23,CHC,NL,13,0,0,16.0,2,1,1,0,0,1.000,,,-2,-25,1.13,1.74,0.15,1.75,,,,,,,1,,castile01
1104,Bill Hall,32,BAL,AL,2,2,1,16.0,1,1,0,0,0,1.000,0,-8,-1,-75,0.56,2.19,0.50,2.15,,,,,,,/HD79,,hallbi03
1105,Jenrry Mejía,22,NYM,NL,5,3,0,16.0,3,0,2,1,0,.667,,,-4,-50,1.13,1.74,0.40,1.76,,,,,,,/1,,mejiaje01
1106,Luke Putkonen,26,DET,AL,12,0,0,16.0,4,2,2,0,0,1.000,,,-1,-13,2.25,1.58,0.33,1.56,,,,,,,1,,putkolu01
1107,Chad Beck,27,TOR,AL,14,0,0,15.2,4,1,2,1,0,.750,,,0,0,1.72,1.55,0.21,1.56,,,,,,,1,,beckch01
1108,Mike Ekstrom,28,COL,NL,15,0,0,15.2,5,2,3,0,1,1.000,,,0,0,2.87,1.78,0.33,1.75,,,,,,,1,,ekstrmi01
1109,Héctor Giménez,29,CHW,AL,5,1,1,15.2,17,17,0,0,0,1.000,1,54,0,0,9.77,7.30,3.40,5.62,0,0,0,0,,0,/2H79D,,gimenhe01
1110,Andrew Bailey,28,BOS,AL,19,0,0,15.1,1,0,1,0,0,1.000,,,0,0,0.59,1.58,0.05,1.56,,,,,,,1,,bailean01
1111,Steve Edlefsen,27,SFG,NL,14,0,0,15.1,3,1,1,1,0,.667,,,-1,-13,1.17,1.76,0.14,1.75,,,,,,,1,,edlefst01
1112,Eduardo Sánchez,23,STL,NL,17,0,0,15.0,1,1,0,0,0,1.000,,,-1,-13,0.60,1.80,0.06,1.75,,,,,,,1,,sanched01
1113,Phillippe Aumont,23,PHI,NL,18,0,0,14.2,3,0,3,0,0,1.000,,,1,14,1.84,1.78,0.17,1.75,,,,,,,1,,aumonph01
1114,Chris Hatcher,27,MIA,NL,11,0,0,14.2,2,1,1,0,0,1.000,,,0,0,1.23,1.78,0.18,1.75,,,,,,,1,,hatchch02
1115,Roberto Hernández,31,CLE,AL,3,3,0,14.1,2,1,1,0,0,1.000,,,0,0,1.26,1.57,0.67,1.57,,,,,,,/1,,carmofa01
1116,Leyson Séptimo,26,CHW,AL,21,0,0,14.1,2,0,1,1,0,.500,,,0,0,0.63,1.57,0.05,1.56,,,,,,,1,,septile01
1117,Justin Grimm,23,TEX,AL,5,2,0,14.0,5,1,4,0,0,1.000,,,0,0,3.21,1.54,1.00,1.56,,,,,,,/1,,grimmju01
1118,Matt Guerrier,33,LAD,NL,16,0,0,14.0,4,1,3,0,0,1.000,,,1,14,2.57,1.80,0.25,1.75,,,,,,,1,,guerrma02
1119,Brandon Guyer,26,TBR,AL,3,2,1,14.0,3,2,0,1,0,.667,0,-9,0,0,1.29,2.19,0.67,2.17,,,,,,,/7,,guyerbr01
1120,Dan Johnson,32,CHW,AL,3,1,1,14.0,13,12,1,0,2,1.000,0,34,-1,-86,8.36,9.26,4.33,9.23,,,,,,,/HD3,,johnsda06
1121,Mike McClendon,27,MIL,NL,9,0,0,14.0,5,0,5,0,0,1.000,,,0,0,3.21,1.80,0.56,1.76,,,,,,,/1,,mcclemi01
1122,José Contreras,40,PHI,NL,16,0,0,13.2,1,1,0,0,0,1.000,,,0,0,0.66,1.78,0.06,1.75,,,,,,,1,,contrjo01
1123,Chase d'Arnaud,25,PIT,NL,3,1,0,13.2,3,1,2,0,0,1.000,-1,-114,0,0,1.98,4.61,1.00,4.53,,,,,,,/H46,,darnach01
1124,Zach Duke,29,WSN,NL,8,0,0,13.2,4,0,4,0,0,1.000,,,0,0,2.63,1.78,0.50,1.75,,,,,,,/1,,dukeza01
1125,Shelby Miller,21,STL,NL,6,1,0,13.2,1,0,1,0,0,1.000,,,0,0,0.66,1.78,0.17,1.75,,,,,,,/1,,millesh01
1126,Al Alburquerque,26,DET,AL,8,0,0,13.1,2,0,2,0,0,1.000,,,1,15,1.35,1.55,0.25,1.56,,,,,,,/1,,albural01
1127,Robert Carson,23,NYM,NL,17,0,0,13.1,1,0,1,0,0,1.000,,,-1,-15,0.68,1.76,0.06,1.75,,,,,,,1,,carsoro01
1128,Jeremy Jeffress,24,KCR,AL,13,0,0,13.1,5,2,3,0,0,1.000,,,1,15,3.38,1.55,0.38,1.56,,,,,,,1,,jeffrje01
1129,Tom Koehler,26,MIA,NL,8,1,0,13.1,1,0,1,0,0,1.000,,,0,0,0.68,1.76,0.13,1.75,,,,,,,/1,,koehlto01
1130,Konrad Schmidt,27,ARI,NL,2,1,1,13.0,14,11,3,0,0,1.000,-1,-92,-1,-83,9.69,8.38,7.00,8.25,1,4,0,0,,0,/2H,,schmiko01
1131,Doug Slaten,32,PIT,NL,10,0,0,13.0,1,0,1,0,0,1.000,,,0,0,0.69,1.80,0.10,1.75,,,,,,,1,,slatedo01
1132,Donnie Veal,27,CHW,AL,24,0,0,13.0,2,0,1,1,0,.500,,,0,0,0.69,1.59,0.04,1.56,,,,,,,1,,vealdo01
1133,Christian Garcia,26,WSN,NL,13,0,0,12.2,1,0,1,0,0,1.000,,,0,0,0.71,1.78,0.08,1.75,,,,,,,1,,garcich02
1134,Casey Crosby,23,DET,AL,3,3,0,12.1,2,1,1,0,1,1.000,,,0,0,1.46,1.53,0.67,1.57,,,,,,,/1,,crosbca01
1135,Jeurys Familia,22,NYM,NL,8,1,0,12.1,3,0,3,0,0,1.000,,,0,0,2.19,1.75,0.38,1.75,,,,,,,/1,,familje01
1136,Dan Otero,27,SFG,NL,12,0,0,12.1,3,0,3,0,0,1.000,,,0,0,2.19,1.75,0.25,1.75,,,,,,,1,,oteroda01
1137,Dan Wheeler,34,CLE,AL,12,0,0,12.1,1,1,0,0,0,1.000,,,-1,-16,0.73,1.53,0.08,1.56,,,,,,,1,,wheelda01
1138,Lars Anderson,24,BOS,AL,6,1,0,12.0,5,5,0,0,0,1.000,0,30,0,0,3.75,3.98,0.83,4.50,,,,,,,/7H3,,anderla03
1139,Jaye Chapman,25,CHC,NL,14,0,0,12.0,2,0,2,0,0,1.000,,,0,0,1.50,1.80,0.14,1.75,,,,,,,1,,chapmja02
1140,Joe Mahoney,25,BAL,AL,2,1,1,12.0,10,10,0,0,0,1.000,-1,-130,0,0,7.50,9.30,5.00,9.20,,,,,,,/3,,mahonjo01
1141,Evan Meek,29,PIT,NL,12,0,0,12.0,4,3,1,0,0,1.000,,,0,0,3.00,1.80,0.33,1.75,,,,,,,1,,meekev01
1142,Takashi Saito,42,ARI,NL,16,0,0,12.0,1,1,0,0,0,1.000,,,0,0,0.75,1.80,0.06,1.75,,,,,,,1,,saitota01
1143,José Valdéz,29,HOU,NL,12,0,0,12.0,1,0,1,0,0,1.000,,,-1,-17,0.75,1.80,0.08,1.75,,,,,,,1,,valdejo01
1144,J.C. Romero,36,2TM,2LG,16,0,0,12.0,7,2,4,1,0,.857,,,0,0,4.50,1.73,0.38,1.69,,,,,,,1,,romerj.01
1144,J.C. Romero,36,STL,NL,11,0,0,8.0,5,2,3,0,0,1.000,,,0,0,5.63,1.80,0.45,1.75,,,,,,,1,,romerj.01
1144,J.C. Romero,36,BAL,AL,5,0,0,4.0,2,0,1,1,0,.500,,,0,0,2.25,1.58,0.20,1.56,,,,,,,/1,,romerj.01
1145,Pedro Beato,25,2TM,2LG,11,0,0,12.0,1,0,1,0,0,1.000,,,0,0,0.75,1.58,0.09,1.68,,,,,,,1,,beatope01
1145,Pedro Beato,25,NYM,NL,7,0,0,4.1,1,0,1,0,0,1.000,,,0,0,2.08,1.66,0.14,1.76,,,,,,,/1,,beatope01
1145,Pedro Beato,25,BOS,AL,4,0,0,7.2,0,0,0,0,0,,,,0,0,0.00,1.53,0.00,1.55,,,,,,,/1,,beatope01
1146,Chris Leroux,28,PIT,NL,10,0,0,11.1,2,0,2,0,0,1.000,,,-1,-18,1.59,1.75,0.20,1.75,,,,,,,1,,lerouch01
1147,Matt Maloney,28,MIN,AL,9,0,0,11.0,3,0,3,0,0,1.000,,,0,0,2.45,1.55,0.33,1.56,,,,,,,/1,,malonma02
1148,Eury Pérez,22,WSN,NL,7,0,0,11.0,1,1,0,0,0,1.000,0,-44,0,0,0.82,2.13,0.14,2.09,,,,,,,H/87,,perezeu01
1149,Adam Wilk,24,DET,AL,3,3,0,11.0,2,0,2,0,0,1.000,,,0,0,1.64,1.55,0.67,1.57,,,,,,,/1,,wilkad01
1150,Justin De Fratus,24,PHI,NL,13,0,0,10.2,3,0,2,1,0,.667,,,0,0,1.69,1.77,0.15,1.75,,,,,,,1,,defraju01
1151,Jorge De La Rosa,31,COL,NL,3,3,0,10.2,0,0,0,0,0,,,,0,0,0.00,1.77,0.00,1.77,,,,,,,/1,,rosajo01
1152,Jason Pridie,28,PHI,NL,2,1,1,10.2,2,2,0,0,0,1.000,0,-23,0,0,1.69,2.11,1.00,2.10,,,,,,,/H89,,pridija01
1153,Josh Spence,24,SDP,NL,11,0,0,10.1,6,1,5,0,0,1.000,,,0,0,5.23,1.74,0.55,1.75,,,,,,,1,,spencjo01
1154,Tim Federowicz,24,LAD,NL,2,1,1,10.0,13,13,0,0,0,1.000,1,120,0,0,11.70,8.37,6.50,8.25,0,0,0,1,100.0,0,/2H,,federti01
1155,Justin Hampson,32,NYM,NL,13,0,0,10.0,3,0,3,0,0,1.000,,,-1,-20,2.70,1.80,0.23,1.75,,,,,,,1,,hampsju01
1156,Nate Spears,27,BOS,AL,4,0,0,10.0,3,1,2,0,0,1.000,0,-48,-1,-120,2.70,2.61,0.75,2.88,,,,,,,/H745,,spearna01
1157,Kyle Blanks,25,SDP,NL,2,1,1,9.2,6,6,0,0,0,1.000,0,0,0,0,5.59,8.84,3.00,5.65,,,,,,,/H37,,blankky01
1158,Andrew Carignan,25,OAK,AL,11,0,0,9.2,0,0,0,0,0,,,,-1,-21,0.00,1.58,0.00,1.56,,,,,,,1,,carigan01
1159,Eric Hacker,29,SFG,NL,4,1,0,9.2,2,0,2,0,0,1.000,,,0,0,1.86,1.77,0.50,1.75,,,,,,,/1,,hackeer01
1160,Micah Owings,29,SDP,NL,6,0,0,9.2,3,0,3,0,0,1.000,,,1,21,2.79,1.77,0.50,1.75,,,,,,,/1,,owingmi01
1161,Henry Rodríguez,22,CIN,NL,2,1,1,9.2,10,5,5,0,2,1.000,-1,-112,0,0,9.31,4.75,5.00,4.70,,,,,,,H/4,,rodrihe04
1162,Tommy Hottovy,30,KCR,AL,9,0,0,9.1,2,1,1,0,0,1.000,,,0,0,1.93,1.54,0.22,1.56,,,,,,,/1,,hottoto01
1163,Brad Lidge,35,WSN,NL,11,0,0,9.1,1,0,1,0,0,1.000,,,0,0,0.96,1.74,0.09,1.75,,,,,,,1,,lidgebr01
1164,AJ Ramos,25,MIA,NL,11,0,0,9.1,1,0,1,0,0,1.000,,,0,0,0.96,1.74,0.09,1.75,,,,,,,1,,ramosaj01
1165,Josh Stinson,24,MIL,NL,6,1,0,9.1,0,0,0,0,0,,,,0,0,0.00,1.74,0.00,1.75,,,,,,,/1,,stinsjo01
1166,Drew Carpenter,27,TOR,AL,6,0,0,9.0,1,0,1,0,0,1.000,,,0,0,1.00,1.60,0.17,1.57,,,,,,,/1,,carpean01
1167,Vinnie Chulk,33,MIL,NL,7,0,0,9.0,1,1,0,0,0,1.000,,,0,0,1.00,1.80,0.14,1.76,,,,,,,/1,,chulkvi01
1168,Maikel Cleto,23,STL,NL,9,0,0,9.0,1,1,0,0,0,1.000,,,0,0,1.00,1.80,0.11,1.76,,,,,,,/1,,cletoma01
1169,Chris Narveson,30,MIL,NL,2,2,0,9.0,1,0,1,0,0,1.000,,,0,0,1.00,1.80,0.50,1.75,,,,,,,/1,,narvech01
1170,Ramiro Peña,26,NYY,AL,1,1,1,9.0,4,0,4,0,0,1.000,1,80,0,0,4.00,4.40,4.00,4.40,,,,,,,/DH6,,penara02
1171,Bill Bray,29,CIN,NL,14,0,0,8.2,3,1,2,0,0,1.000,,,0,0,3.12,1.77,0.21,1.75,,,,,,,1,,braybi01
1172,Rob Scahill,25,COL,NL,6,0,0,8.2,1,0,1,0,0,1.000,,,0,0,1.04,1.77,0.17,1.75,,,,,,,/1,,scahiro01
1173,Chris Schwinden,25,NYM,NL,3,2,0,8.2,5,2,2,1,0,.800,,,-1,-23,4.15,1.77,1.33,1.77,,,,,,,/1,,schwich01
1174,Kerry Wood,35,CHC,NL,10,0,0,8.2,2,1,1,0,0,1.000,,,0,0,2.08,1.77,0.20,1.75,,,,,,,1,,woodke02
1175,Mariano Rivera,42,NYY,AL,9,0,0,8.1,3,1,2,0,0,1.000,,,1,24,3.24,1.51,0.33,1.56,,,,,,,/1,,riverma01
1176,Román Colón,32,KCR,AL,3,0,0,8.0,3,1,2,0,0,1.000,,,0,0,3.38,1.58,1.00,1.57,,,,,,,/1,,colonro01
1177,Evan Crawford,25,TOR,AL,10,0,0,8.0,1,0,1,0,0,1.000,,,0,0,1.13,1.58,0.10,1.56,,,,,,,1,,crawfev01
1178,Luis Hernández,28,TEX,AL,2,1,0,8.0,3,1,2,0,0,1.000,0,-15,0,0,3.38,4.16,1.50,3.50,,,,,,,/56,,hernalu01
1179,Zach Lutz,26,NYM,NL,1,1,1,8.0,12,10,1,1,0,.917,0,-30,0,0,12.38,9.34,11.00,9.20,,,,,,,/H3,,lutzza01
1180,Rafael Ortega,21,COL,NL,1,1,1,8.0,3,3,0,0,0,1.000,0,0,0,0,3.38,2.14,3.00,2.10,,,,,,,/8H,,ortegra01
1181,Ryan Perry,25,WSN,NL,7,0,0,8.0,1,0,1,0,0,1.000,,,0,0,1.13,1.80,0.14,1.76,,,,,,,/1,,perryry01
1182,David Herndon,26,PHI,NL,5,0,0,7.2,3,1,2,0,0,1.000,,,-1,-26,3.52,1.76,0.60,1.76,,,,,,,/1,,herndda01
1183,Rafael Pérez,30,CLE,AL,8,0,0,7.2,2,2,0,0,0,1.000,,,0,0,2.35,1.53,0.25,1.56,,,,,,,/1,,perezra01
1184,Justin Thomas,28,2TM,AL,11,0,0,7.2,0,0,0,0,0,,,,0,0,0.00,1.53,0.00,1.55,,,,,,,1,,thomaju01
1184,Justin Thomas,28,BOS,AL,7,0,0,4.2,0,0,0,0,0,,,,0,0,0.00,1.54,0.00,1.56,,,,,,,/1,,thomaju01
1184,Justin Thomas,28,NYY,AL,4,0,0,3.0,0,0,0,0,0,,,,0,0,0.00,1.50,0.00,1.55,,,,,,,/1,,thomaju01
1185,Jake Odorizzi,22,KCR,AL,2,2,0,7.1,3,2,1,0,0,1.000,,,0,0,3.68,1.60,1.50,1.55,,,,,,,/1,,odorija01
1186,Mike Costanzo,28,CIN,NL,2,1,0,7.0,10,9,0,1,0,.900,0,-51,-1,-171,11.57,9.26,4.50,9.20,,,,,,,H/3D,,costami01
1187,Juan Pérez,33,MIL,NL,10,0,0,7.0,0,0,0,0,0,,,,-1,-29,0.00,1.80,0.00,1.75,,,,,,,1,,perezju01
1188,Daniel Schlereth,26,DET,AL,6,0,0,7.0,0,0,0,0,0,,,,0,0,0.00,1.54,0.00,1.57,,,,,,,/1,,schleda01
1189,Jean Machi,30,SFG,NL,8,0,0,6.2,2,0,2,0,0,1.000,,,0,0,2.70,1.76,0.25,1.75,,,,,,,/1,,machije01
1190,Paco Rodríguez,21,LAD,NL,11,0,0,6.2,3,3,0,0,0,1.000,,,-1,-30,4.05,1.76,0.27,1.75,,,,,,,1,,rodrist02
1191,Robert Coello,27,TOR,AL,6,0,0,6.1,0,0,0,0,0,,,,0,0,0.00,1.56,0.00,1.57,,,,,,,/1,,coellro01
1192,Brandon Dickson,27,STL,NL,4,0,0,6.1,1,0,1,0,0,1.000,,,0,0,1.42,1.71,0.25,1.75,,,,,,,/1,,dicksbr01
1193,Rodrigo López,36,CHC,NL,4,0,0,6.1,1,1,0,0,0,1.000,,,0,0,1.42,1.71,0.25,1.75,,,,,,,/1,,lopezro02
1194,Brian Sanches,33,PHI,NL,6,0,0,6.1,0,0,0,0,0,,,,0,0,0.00,1.71,0.00,1.75,,,,,,,/1,,sanchbr01
1195,Julio Teheran,21,ATL,NL,2,1,0,6.1,2,1,1,0,0,1.000,,,0,0,2.84,1.71,1.00,1.75,,,,,,,/1,,teherju01
1196,Chris Carpenter,26,BOS,AL,8,0,0,6.0,1,0,1,0,0,1.000,,,0,0,1.50,1.50,0.13,1.56,,,,,,,/1,,carpech02
1197,Jeff Clement,28,PIT,NL,1,1,0,6.0,8,7,1,0,0,1.000,-1,-120,-1,-200,12.00,9.30,8.00,9.20,,,,,,,H/3,,clemeje01
1198,Nick Maronde,22,LAA,AL,12,0,0,6.0,1,0,1,0,0,1.000,,,0,0,1.50,1.50,0.08,1.56,,,,,,,1,,maronni01
1199,Blake Parker,27,CHC,NL,7,0,0,6.0,1,0,0,1,0,.000,,,-1,-33,0.00,1.80,0.00,1.76,,,,,,,/1,,parkebl01
1200,Zach Phillips,25,BAL,AL,6,0,0,6.0,1,0,1,0,0,1.000,,,0,0,1.50,1.50,0.17,1.57,,,,,,,/1,,phillza01
1201,Stu Pomeranz,27,BAL,AL,3,0,0,6.0,0,0,0,0,0,,,,0,0,0.00,1.50,0.00,1.57,,,,,,,/1,,pomerst01
1202,Aneury Rodríguez,24,HOU,NL,1,1,0,6.0,0,0,0,0,0,,,,0,0,0.00,1.80,0.00,1.80,,,,,,,/1,,rodrian01
1203,Edwar Cabrera,24,COL,NL,2,2,0,5.2,0,0,0,0,0,,,,0,0,0.00,1.75,0.00,1.75,,,,,,,/1,,cabreed01
1204,Mike MacDougal,35,LAD,NL,7,0,0,5.2,0,0,0,0,0,,,,0,0,0.00,1.75,0.00,1.76,,,,,,,/1,,macdomi01
1205,Michael Stutes,25,PHI,NL,6,0,0,5.2,0,0,0,0,0,,,,-1,-35,0.00,1.75,0.00,1.75,,,,,,,/1,,sttuemi01
1206,Josh Wall,25,LAD,NL,7,0,0,5.2,1,0,1,0,0,1.000,,,0,0,1.59,1.75,0.14,1.76,,,,,,,/1,,walljo02
1207,Bobby Cassevah,26,LAA,AL,4,0,0,5.0,2,0,1,1,0,.500,,,0,0,1.80,1.62,0.25,1.55,,,,,,,/1,,cassebo01
1208,Francisco Cervelli,26,NYY,AL,3,0,0,5.0,8,8,0,0,0,1.000,0,0,0,0,14.40,7.92,2.67,7.93,0,1,0,0,,0,/2,,cervefr01
1209,Tony Cingrani,22,CIN,NL,3,0,0,5.0,2,1,0,1,0,.500,,,-1,-40,1.80,1.80,0.33,1.77,,,,,,,/1,,cingrto01
1210,Dane De La Rosa,29,TBR,AL,5,0,0,5.0,0,0,0,0,0,,,,-1,-40,0.00,1.62,0.00,1.56,,,,,,,/1,,delarda01
1211,Brad Mills,27,LAA,AL,1,1,0,5.0,0,0,0,0,0,,,,0,0,0.00,1.62,0.00,1.60,,,,,,,/1,,millsbr02
1212,Bryan Morris,25,PIT,NL,5,0,0,5.0,2,1,1,0,0,1.000,,,0,0,3.60,1.80,0.40,1.76,,,,,,,/1,,morribr01
1213,Dustin Moseley,30,SDP,NL,1,1,0,5.0,0,0,0,0,0,,,,0,0,0.00,1.80,0.00,1.80,,,,,,,/1,,moseldu01
1214,Peter Moylan,33,ATL,NL,8,0,0,5.0,3,0,3,0,0,1.000,,,1,40,5.40,1.80,0.38,1.75,,,,,,,/1,,moylape01
1215,Sergio Santos,28,TOR,AL,6,0,0,5.0,2,0,2,0,0,1.000,,,0,0,3.60,1.62,0.33,1.57,,,,,,,/1,,santose01
1216,Tim Stauffer,30,SDP,NL,1,1,0,5.0,1,1,0,0,0,1.000,,,0,0,1.80,1.80,1.00,1.80,,,,,,,/1,,staufti01
1217,Thomas Field,25,COL,NL,1,0,0,4.2,1,1,0,0,0,1.000,0,0,0,0,1.93,4.82,1.00,4.70,,,,,,,/4H,,fieldth01
1218,D.J. Mitchell,25,NYY,AL,4,0,0,4.2,2,0,1,1,0,.500,,,0,0,1.93,1.54,0.25,1.55,,,,,,,/1,,mitchdj01
1219,Yusmeiro Petit,27,SFG,NL,1,1,0,4.2,2,0,2,0,0,1.000,,,2,86,3.86,1.74,2.00,1.80,,,,,,,/1,,petityu01
1220,Justin Wilson,24,PIT,NL,8,0,0,4.2,1,0,1,0,0,1.000,,,0,0,1.93,1.74,0.13,1.75,,,,,,,/1,,wilsoju10
1221,Brett Carroll,29,WSN,NL,3,0,0,4.0,0,0,0,0,0,,0,0,0,0,0.00,2.03,0.00,2.10,,,,,,,/H8,,carrobr01
1222,Eric Farris,26,MIL,NL,3,0,0,4.0,1,1,0,0,0,1.000,-1,-270,0,0,2.25,3.60,0.33,3.83,,,,,,,H/47,,farrier01
1223,Pedro Hernández,23,CHW,AL,1,1,0,4.0,0,0,0,0,0,,,,-1,-50,0.00,1.58,0.00,1.60,,,,,,,/1,,hernape02
1224,Kristopher Negrón,26,CIN,NL,1,0,0,4.0,0,0,0,0,0,,0,-90,0,0,0.00,2.03,0.00,2.10,,,,,,,/H8,,negrokr01
1225,Alí Solís,24,SDP,NL,2,0,0,4.0,9,8,0,1,0,.889,-1,-300,0,0,18.00,8.33,4.00,8.25,0,0,2,0,0.0,0,/H2,,solisal01
1226,Thad Weber,27,DET,AL,2,0,0,4.0,1,0,1,0,0,1.000,,,-1,-50,2.25,1.58,0.50,1.55,,,,,,,/1,,weberth01
1227,Ryota Igarashi,33,2TM,AL,4,0,0,4.0,2,1,1,0,0,1.000,,,1,50,4.50,1.58,0.50,1.55,,,,,,,/1,,igarary01
1227,Ryota Igarashi,33,TOR,AL,2,0,0,1.0,0,0,0,0,0,,,,0,0,0.00,1.80,0.00,1.55,,,,,,,/1,,igarary01
1227,Ryota Igarashi,33,NYY,AL,2,0,0,3.0,2,1,1,0,0,1.000,,,1,67,6.00,1.50,1.00,1.55,,,,,,,/1,,igarary01
1228,D.J. Carrasco,35,NYM,NL,4,0,0,3.2,1,0,1,0,0,1.000,,,0,0,2.45,1.72,0.25,1.75,,,,,,,/1,,carradj01
1229,Barry Enright,26,LAA,AL,3,0,0,3.2,0,0,0,0,0,,,,-1,-55,0.00,1.47,0.00,1.57,,,,,,,/1,,enrigba01
1230,Brad Hand,22,MIA,NL,1,1,0,3.2,0,0,0,0,0,,,,-1,-55,0.00,1.72,0.00,1.80,,,,,,,/1,,handbr01
1231,Dan Runzler,27,SFG,NL,6,0,0,3.2,0,0,0,0,0,,,,0,0,0.00,1.72,0.00,1.75,,,,,,,/1,,runzlda01
1232,Josh Lueke,27,TBR,AL,3,0,0,3.1,0,0,0,0,0,,,,0,0,0.00,1.62,0.00,1.57,,,,,,,/1,,luekejo01
1233,Todd Redmond,27,CIN,NL,1,1,0,3.1,2,0,1,1,0,.500,,,0,0,2.70,1.62,1.00,1.80,,,,,,,/1,,redmoto01
1234,Jonathan Albaladejo,29,ARI,NL,3,0,0,3.0,0,0,0,0,0,,,,0,0,0.00,1.80,0.00,1.77,,,,,,,/1,,albaljo01
1235,Fautino De Los Santos,26,OAK,AL,6,0,0,3.0,0,0,0,0,0,,,,0,0,0.00,1.50,0.00,1.57,,,,,,,/1,,delosfa01
1236,Shawn Hill,31,TOR,AL,1,0,0,3.0,1,0,0,1,0,.000,,,0,0,0.00,1.50,0.00,1.60,,,,,,,/1,,hillsh01
1237,Manny Piña,25,KCR,AL,1,0,0,3.0,4,4,0,0,0,1.000,0,0,0,0,12.00,8.10,4.00,7.90,0,1,0,0,,0,/2H,,pinama01
1238,Scott Richmond,32,TOR,AL,3,0,0,3.0,1,0,0,1,0,.000,,,-1,-67,0.00,1.50,0.00,1.57,,,,,,,/1,,richmsc01
1239,Sandy Rosario,26,MIA,NL,4,0,0,3.0,0,0,0,0,0,,,,-1,-67,0.00,1.80,0.00,1.75,,,,,,,/1,,rosarsa02
1240,Rich Thompson,27,2TM,AL,3,0,0,3.0,0,0,0,0,0,,,,-1,-67,0.00,1.50,0.00,1.57,,,,,,,/1,,thompri03
1240,Rich Thompson,27,LAA,AL,2,0,0,2.1,0,0,0,0,0,,,,0,0,0.00,1.54,0.00,1.55,,,,,,,/1,,thompri03
1240,Rich Thompson,27,OAK,AL,1,0,0,0.2,0,0,0,0,0,,,,-1,-300,0.00,1.35,0.00,1.60,,,,,,,/1,,thompri03
1241,John Ely,26,LAD,NL,2,0,0,2.2,0,0,0,0,0,,,,0,0,0.00,1.69,0.00,1.75,,,,,,,/1,,elyjo01
1242,Jhan Mariñez,23,CHW,AL,2,0,0,2.2,1,0,1,0,0,1.000,,,0,0,3.38,1.69,0.50,1.55,,,,,,,/1,,marinjh01
1243,José Ortega,23,DET,AL,2,0,0,2.2,0,0,0,0,0,,,,0,0,0.00,1.69,0.00,1.55,,,,,,,/1,,ortegjo01
1244,Joe Paterson,26,ARI,NL,6,0,0,2.2,0,0,0,0,0,,,,-2,-150,0.00,1.69,0.00,1.75,,,,,,,/1,,paterjo01
1245,Rick van den Hurk,27,PIT,NL,4,0,0,2.2,0,0,0,0,0,,,,-1,-75,0.00,1.69,0.00,1.75,,,,,,,/1,,vanderi01
1246,Andrew Taylor,25,LAA,AL,3,0,0,2.1,0,0,0,0,0,,,,0,0,0.00,1.54,0.00,1.57,,,,,,,/1,,tayloan01
1247,Adam Warren,24,NYY,AL,1,1,0,2.1,0,0,0,0,0,,,,-1,-86,0.00,1.54,0.00,1.60,,,,,,,/1,,warread01
1248,Wilmer Font,22,TEX,AL,3,0,0,2.0,0,0,0,0,0,,,,0,0,0.00,1.35,0.00,1.57,,,,,,,/1,,fontwi01
1249,Steve Geltz,24,LAA,AL,2,0,0,2.0,0,0,0,0,0,,,,0,0,0.00,1.35,0.00,1.55,,,,,,,/1,,geltzst01
1250,Tyler Graham,28,ARI,NL,2,0,0,2.0,0,0,0,0,0,,0,0,0,0,0.00,2.25,0.00,2.10,,,,,,,/H89,,grahaty01
1251,Deunte Heath,26,CHW,AL,3,0,0,2.0,0,0,0,0,0,,,,0,0,0.00,1.35,0.00,1.57,,,,,,,/1,,heathde01
1252,Kevin Mattison,26,MIA,NL,1,0,0,2.0,0,0,0,0,0,,-1,-660,-1,-600,0.00,2.25,0.00,2.10,,,,,,,/H7,,mattike01
1253,Melky Mesa,25,NYY,AL,1,0,0,2.0,0,0,0,0,0,,0,0,0,0,0.00,2.25,0.00,2.20,,,,,,,/H8D,,mesame01
1254,Matt Palmer,33,SDP,NL,3,0,0,2.0,1,0,1,0,0,1.000,,,0,0,4.50,1.80,0.33,1.77,,,,,,,/1,,palmema01
1255,Hernán Pérez,21,DET,AL,1,0,0,2.0,1,1,0,0,0,1.000,0,0,0,0,4.50,4.50,1.00,4.60,,,,,,,/H4,,perezhe01
1256,Zach Putnam,24,COL,NL,2,0,0,2.0,0,0,0,0,0,,,,0,0,0.00,1.80,0.00,1.75,,,,,,,/1,,putnaza01
1257,Guillermo Quiroz,30,BOS,AL,1,0,0,2.0,2,1,1,0,0,1.000,0,0,0,0,9.00,8.10,2.00,7.90,1,0,0,0,,0,/2H,,quirogu01
1258,Brian Wilson,30,SFG,NL,2,0,0,2.0,0,0,0,0,0,,,,0,0,0.00,1.80,0.00,1.75,,,,,,,/1,,wilsobr01
1259,Dylan Bundy,19,BAL,AL,2,0,0,1.2,0,0,0,0,0,,,,0,0,0.00,1.62,0.00,1.55,,,,,,,/1,,bundydy01
1260,Eric Fryer,26,PIT,NL,2,0,0,1.2,0,0,0,0,0,,0,0,0,0,0.00,2.16,0.00,2.10,,,,,,,/H79,,fryerer01
1261,Lester Oliveros,24,MIN,AL,1,0,0,1.2,0,0,0,0,0,,,,0,0,0.00,1.62,0.00,1.60,,,,,,,/1,,olivele01
1262,Ryan Verdugo,25,KCR,AL,1,1,0,1.2,0,0,0,0,0,,,,0,0,0.00,1.62,0.00,1.60,,,,,,,/1,,verdury01
1263,Steven Hill,27,STL,NL,1,0,0,1.1,1,1,0,0,0,1.000,0,0,0,0,6.75,8.78,1.00,9.20,,,,,,,/H3,,hillst01
1264,Ryan Langerhans,32,LAA,AL,2,0,0,1.1,0,0,0,0,0,,0,0,-1,-900,0.00,2.03,0.00,2.15,,,,,,,/7,,langery01
1265,George Sherrill,35,SEA,AL,2,0,0,1.1,0,0,0,0,0,,,,0,0,0.00,1.35,0.00,1.55,,,,,,,/1,,sherrge01
1266,David Aardsma,30,NYY,AL,1,0,0,1.0,0,0,0,0,0,,,,0,0,0.00,1.80,0.00,1.60,,,,,,,/1,,aardsda01
1267,Brian Bruney,30,CHW,AL,1,0,0,1.0,0,0,0,0,0,,,,0,0,0.00,1.80,0.00,1.60,,,,,,,/1,,brunebr01
1268,Sam Demel,26,ARI,NL,1,0,0,1.0,1,1,0,0,0,1.000,,,0,0,9.00,1.80,1.00,1.80,,,,,,,/1,,demelsa01
1269,L.J. Hoes,22,BAL,AL,1,0,0,1.0,0,0,0,0,0,,0,0,0,0,0.00,1.80,0.00,2.20,,,,,,,/H7D,,hoeslj01
1270,Bobby Korecky,32,TOR,AL,1,0,0,1.0,1,0,1,0,0,1.000,,,0,0,9.00,1.80,1.00,1.60,,,,,,,/1,,korecbo01
1271,Joe Martinez,29,ARI,NL,1,0,0,1.0,0,0,0,0,0,,,,0,0,0.00,1.80,0.00,1.80,,,,,,,/1,,martijo07
1272,Pedro Villarreal,24,CIN,NL,1,0,0,1.0,0,0,0,0,0,,,,0,0,0.00,1.80,0.00,1.80,,,,,,,/1,,villape01
1273,Tyson Brummett,27,PHI,NL,1,0,0,0.2,0,0,0,0,0,,,,0,0,0.00,1.35,0.00,1.80,,,,,,,/1,,brummty01
1274,Rubby De La Rosa,23,LAD,NL,1,0,0,0.2,0,0,0,0,0,,,,0,0,0.00,1.35,0.00,1.80,,,,,,,/1,,delarru01
1275,Sam Dyson,24,TOR,AL,2,0,0,0.2,0,0,0,0,0,,,,0,0,0.00,1.35,0.00,1.55,,,,,,,/1,,dysonsa01
1276,Jack Egbert,29,NYM,NL,1,0,0,0.2,0,0,0,0,0,,,,0,0,0.00,1.35,0.00,1.80,,,,,,,/1,,egberja01
1277,Garrett Olson,28,NYM,NL,1,0,0,0.1,0,0,0,0,0,,,,0,0,0.00,2.70,0.00,1.80,,,,,,,/1,,olsonga01
1278,Daniel McCutchen,29,PIT,NL,1,0,0,0.0,0,0,0,0,0,,,,0,,,,0.00,1.80,,,,,,,/1,,mccutda01
,MLB Average,,,,,,,,,,,,,.983,,0,,0,4.12,,2.82,,,,,,26.0,,,,-9999