Rk,Player,Age,Team,Lg,G,GS,CG,Inn,Ch,PO,A,E,DP,Fld%,Rtot,Rtot/yr,Rdrs,Rdrs/yr,RF/9,lgRF9,RF/G,lgRFG,PB,WP,SB,CS,CS%,Pick,Pos,Awards,-9999
1,Carlos Santana,34,CLE,AL,60,60,57,531.0,453,413,36,4,44,.991,0,1,5,11,7.61,8.17,7.48,7.86,,,,,,,*3,,santaca01
2,Dansby Swanson,26,ATL,NL,60,60,56,513.1,228,74,152,2,39,.991,7,16,9,21,3.96,3.78,3.77,3.59,,,,,,,*6,MVP-18,swansda01
3,Whit Merrifield,31,KCR,AL,60,60,37,511.0,158,118,37,3,12,.981,3,7,-2,-5,2.73,2.53,2.31,2.56,,,,,,,*984/73,,merriwh01
4,Francisco Lindor,26,CLE,AL,58,58,53,508.0,208,79,128,1,30,.995,2,5,3,7,3.67,3.78,3.57,3.64,,,,,,,*6/D,,lindofr01
5,César Hernández,30,CLE,AL,58,57,54,503.2,210,67,139,4,33,.981,4,10,5,12,3.68,4.01,3.55,3.86,,,,,,,*4/H,GG,hernace02
6,Matt Olson,26,OAK,AL,60,59,52,499.1,442,393,48,1,30,.998,-2,-4,5,12,7.95,8.17,7.35,7.86,,,,,,,*3,,olsonma02
7,Adalberto Mondesí,24,KCR,AL,59,59,56,497.0,233,85,144,4,37,.983,2,4,4,10,4.15,3.78,3.88,3.64,,,,,,,*6,,mondera02
8,José Ramírez,27,CLE,AL,57,57,51,497.0,110,39,65,6,13,.945,-3,-7,-6,-14,1.88,2.57,1.82,2.48,,,,,,,*5/D,MVP-2SS,ramirjo01
9,Trent Grisham,23,SDP,NL,59,57,56,496.1,139,134,3,2,1,.986,8,20,7,17,2.48,2.04,2.32,1.94,,,,,,,*8/H,GG,grishtr01
10,Cavan Biggio,25,TOR,AL,57,56,46,491.1,190,89,96,5,23,.974,2,5,1,2,3.39,3.28,2.85,3.15,,,,,,,495/8H7D,,biggica01
11,Trevor Story,27,COL,NL,57,57,52,491.1,259,88,161,10,49,.961,2,4,6,15,4.56,3.78,4.37,3.59,,,,,,,*6/D,MVP-11,storytr01
12,Max Muncy,29,LAD,NL,56,56,45,490.2,318,248,66,4,28,.987,-4,-10,0,0,5.76,6.06,4.98,5.78,,,,,,,354/D,,muncyma01
13,Starling Marte,31,2TM,NL,61,60,51,489.2,127,123,3,1,0,.992,-3,-7,-2,-5,2.32,2.04,2.07,1.94,,,,,,,*8/7H,,martest01
13,Starling Marte,31,ARI,NL,33,33,28,276.0,73,71,2,0,0,1.000,-3,-13,-2,-9,2.38,2.04,2.21,1.94,,,,,,,8/7,,martest01
13,Starling Marte,31,MIA,NL,28,27,23,213.2,54,52,1,1,0,.981,0,0,0,0,2.23,2.04,1.89,1.94,,,,,,,8/H,,martest01
14,Isiah Kiner-Falefa,25,TEX,AL,57,57,52,487.1,159,44,110,5,10,.969,5,13,11,27,2.84,2.87,2.52,2.77,,,,,,,*56/H,GG,kineris01
15,Nick Ahmed,30,ARI,NL,57,56,56,484.1,189,61,121,7,33,.963,4,10,4,10,3.38,3.78,3.19,3.59,,,,,,,*6/H,,ahmedni01
16,Luis Robert Jr.,22,CHW,AL,56,55,54,483.0,154,151,2,1,0,.994,6,15,9,22,2.85,2.15,2.73,2.07,,,,,,,*8/H,ROY-2GG,roberlu01
17,Cody Bellinger,24,LAD,NL,54,54,48,479.2,255,246,8,1,11,.996,9,23,4,10,4.77,3.92,4.38,3.90,,,,,,,83/D9,,bellico01
18,Trea Turner,27,WSN,NL,59,59,53,479.2,206,77,120,9,33,.956,-8,-19,-4,-10,3.70,3.78,3.34,3.59,,,,,,,*6,MVP-7,turnetr01
19,Kyle Lewis,24,SEA,AL,57,56,53,478.2,136,133,1,2,0,.985,-7,-18,-1,-3,2.52,2.15,2.35,2.07,,,,,,,*8/DH,MVP-17ROY-1,lewisky01
20,Freddie Freeman,30,ATL,NL,58,56,50,477.1,460,427,32,1,44,.998,1,1,1,3,8.65,8.33,7.91,7.92,,,,,,,*3/DH,MVP-1SS,freemfr01
21,Carlos Correa,25,HOU,AL,57,56,51,475.0,212,69,142,1,35,.995,3,8,7,18,4.00,3.78,3.70,3.64,,,,,,,*6/H,,correca01
22,Rafael Devers,23,BOS,AL,57,55,51,475.0,128,30,84,14,12,.891,-12,-31,-3,-8,2.16,2.57,2.00,2.48,,,,,,,*5/H,,deverra01
23,Anthony Rizzo,30,CHC,NL,57,57,50,474.1,463,418,44,1,39,.998,6,15,3,8,8.77,8.33,8.11,7.92,,,,,,,*3/DH,GG,rizzoan01
24,Fernando Tatis Jr.,21,SDP,NL,57,57,49,473.1,191,72,116,3,32,.984,-4,-9,1,3,3.57,3.78,3.30,3.59,,,,,,,*6/D,MVP-4SS,tatisfe02
25,Eugenio Suárez,28,CIN,NL,57,57,56,473.0,127,47,75,5,10,.961,-1,-2,-5,-13,2.32,2.72,2.14,2.59,,,,,,,*5,,suareeu01
26,Yuli Gurriel,36,HOU,AL,55,54,51,472.0,463,412,50,1,40,.998,6,16,2,5,8.81,8.17,8.40,7.86,,,,,,,*3/DH,,gourryu01
27,Jackie Bradley Jr.,30,BOS,AL,55,54,51,471.0,123,120,3,0,0,1.000,-5,-12,5,13,2.35,2.15,2.24,2.07,,,,,,,*8,,bradlja02
28,José Abreu,33,CHW,AL,54,54,53,470.0,462,430,27,5,39,.989,3,7,2,5,8.75,8.17,8.46,7.86,,,,,,,*3/D,MVP-1SS,abreujo02
29,Didi Gregorius,30,PHI,NL,59,56,54,470.0,218,79,132,7,34,.968,4,10,-3,-8,4.04,3.78,3.58,3.59,,,,,,,*6/H,,gregodi01
30,Javier Báez,27,CHC,NL,57,56,50,469.2,253,86,159,8,34,.968,7,18,5,13,4.69,3.78,4.30,3.56,,,,,,,*6/7DH,GG,baezja01
31,Brian Anderson,27,MIA,NL,58,56,52,468.0,166,38,119,9,12,.946,5,12,4,10,3.02,2.81,2.71,2.70,,,,,,,*5/34DH,,anderbr06
32,Nick Castellanos,28,CIN,NL,57,57,51,467.0,82,78,1,3,0,.963,-1,-3,-4,-10,1.52,2.04,1.39,1.94,,,,,,,*9/DH,,casteni01
33,Manny Machado,27,SDP,NL,56,56,48,464.0,151,44,105,2,10,.987,4,11,6,16,2.89,2.72,2.66,2.59,,,,,,,*5/D,MVP-3SS,machama01
34,Joey Gallo,26,TEX,AL,53,53,51,457.2,123,120,3,0,1,1.000,12,33,14,37,2.42,2.15,2.32,2.07,,,,,,,*9/DH8,GG,gallojo01
35,Anthony Rendon,30,LAA,AL,52,52,48,455.0,124,48,73,3,7,.976,1,2,-1,-3,2.39,2.57,2.33,2.48,,,,,,,*5,MVP-10,rendoan01
36,J.P. Crawford,25,SEA,AL,53,53,51,454.2,221,73,145,3,31,.986,7,18,6,16,4.32,3.78,4.11,3.64,,,,,,,*6,GG,crawfjp01
37,Mike Trout,28,LAA,AL,52,52,52,454.1,120,120,0,0,0,1.000,-5,-13,-9,-24,2.38,2.15,2.31,2.07,,,,,,,*8/D,MVP-5SS,troutmi01
38,Eloy Jiménez,23,CHW,AL,54,54,42,453.2,69,68,0,1,0,.986,5,12,-3,-8,1.35,2.15,1.26,2.07,,,,,,,*7/D,SS,jimenel02
39,Ian Happ,25,CHC,NL,56,53,21,452.1,96,92,3,1,1,.990,-4,-9,-2,-5,1.89,2.12,1.64,2.14,,,,,,,*87/9H3D,MVP-18,happia01
40,Adam Frazier,28,PIT,NL,54,53,50,451.2,182,89,92,1,24,.995,9,23,7,19,3.61,3.52,3.29,3.32,,,,,,,*47/HD,,fraziad01
41,Marcus Semien,29,OAK,AL,53,53,47,451.1,213,59,147,7,17,.967,-2,-6,-6,-16,4.11,3.78,3.89,3.64,,,,,,,*6,,semiema01
42,Kyle Seager,32,SEA,AL,53,53,51,450.2,158,39,115,4,11,.975,-4,-11,-2,-5,3.08,2.57,2.91,2.48,,,,,,,*5/DH,,seageky01
43,Willy Adames,24,TBR,AL,53,51,50,450.0,193,53,131,9,27,.953,-5,-12,1,3,3.68,3.78,3.47,3.64,,,,,,,*6/H,,adamewi01
44,Mookie Betts,27,LAD,NL,53,51,47,448.2,120,113,3,4,0,.967,14,37,11,29,2.33,2.07,2.19,1.98,,,,,,,*9/D48,MVP-2GGSS,bettsmo01
45,Jorge Polanco,26,MIN,AL,53,53,51,448.1,168,49,117,2,17,.988,0,-1,-6,-16,3.33,3.78,3.13,3.64,,,,,,,*6/H,,polanjo01
46,Yoán Moncada,25,CHW,AL,52,51,50,448.0,140,33,101,6,17,.957,8,22,-2,-5,2.69,2.57,2.58,2.48,,,,,,,*5/H,,moncayo01
47,Hanser Alberto,27,BAL,AL,53,52,44,447.2,208,88,118,2,26,.990,0,-1,-1,-3,4.14,3.90,3.61,3.74,,,,,,,*4/5DH,,alberha01
48,Ramón Laureano,25,OAK,AL,53,53,50,447.0,146,144,2,0,0,1.000,11,28,5,13,2.94,2.15,2.75,2.07,,,,,,,*8/D,,laurera01
49,Nicky Lopez,25,KCR,AL,55,51,46,447.0,221,76,143,2,35,.991,-3,-9,6,16,4.41,3.99,3.71,3.80,,,,,,,*4/65H,,lopezni01
50,Orlando Arcia,25,MIL,NL,58,52,46,445.1,181,58,120,3,26,.983,-3,-7,-4,-11,3.60,3.75,2.97,3.49,,,,,,,*6/H18,,arciaor01
51,Marwin González,31,MIN,AL,53,51,38,445.1,177,106,69,2,12,.989,-4,-11,3,8,3.54,3.82,2.65,4.01,,,,,,,543/9H,,gonzama01
52,Jurickson Profar,27,SDP,NL,55,50,46,444.1,104,71,32,1,7,.990,0,0,2,5,2.09,2.68,1.81,2.60,,,,,,,74/H938D,,profaju01
53,Maikel Franco,27,KCR,AL,52,52,50,444.0,132,37,89,6,19,.955,4,12,1,3,2.55,2.68,2.38,2.68,,,,,,,*5/D3,,francma02
54,Wil Myers,29,SDP,NL,53,53,47,443.1,104,98,3,3,1,.971,-6,-16,-1,-3,2.05,2.20,1.87,2.16,,,,,,,*9/3D,MVP-16,myerswi01
55,Evan White,24,SEA,AL,54,52,50,443.0,403,370,32,1,36,.998,5,14,6,16,8.17,8.17,7.44,7.86,,,,,,,*3/H,GG,whiteev01
56,Nick Solak,25,TEX,AL,52,52,41,440.2,123,90,31,2,5,.984,-8,-22,-14,-38,2.47,2.76,2.24,2.74,,,,,,,748/D3H,,solakni01
57,Lourdes Gurriel Jr.,26,TOR,AL,54,49,48,438.2,107,103,3,1,0,.991,12,32,-4,-11,2.17,2.16,1.96,2.18,,,,,,,*7/HD3,,gurrilo01
58,Michael Conforto,27,NYM,NL,52,52,48,438.1,98,92,6,0,1,1.000,2,5,0,0,2.01,2.04,1.88,1.94,,,,,,,*9/DH,,confomi01
59,Eddie Rosario,28,MIN,AL,51,51,50,438.1,91,84,5,2,1,.978,-4,-11,4,11,1.83,2.15,1.75,2.07,,,,,,,*7/DH,MVP-17,rosared01
60,Xander Bogaerts,27,BOS,AL,53,52,43,438.0,194,59,130,5,26,.974,-7,-19,-7,-19,3.88,3.78,3.57,3.64,,,,,,,*6/HD,MVP-17,bogaexa01
61,Tommy Edman,25,STL,NL,54,54,34,438.0,146,65,74,7,10,.952,5,13,6,16,2.86,2.91,1.90,2.71,,,,,,,569/47H,,edmanto01
62,Rio Ruiz,26,BAL,AL,53,50,47,435.2,144,37,101,6,13,.958,6,17,2,6,2.85,2.57,2.51,2.50,,,,,,,*5/H47,,ruizri01
63,Bryan Reynolds,25,PIT,NL,53,51,50,435.0,102,95,5,2,1,.980,0,0,6,17,2.07,2.04,1.89,1.94,,,,,,,*78/HD,,reynobr01
64,Jean Segura,30,PHI,NL,53,53,42,434.1,178,42,133,3,26,.983,4,12,4,11,3.63,3.46,2.92,3.30,,,,,,,45/6D,,segurje01
65,Víctor Reyes,25,DET,AL,56,50,33,433.1,118,117,0,1,0,.992,1,3,2,6,2.43,2.15,2.09,2.07,,,,,,,*879/H,,reyesvi01
66,Mike Yastrzemski,29,SFG,NL,53,52,37,433.1,122,120,2,0,1,1.000,1,2,2,6,2.53,2.04,2.30,1.94,,,,,,,*98/7H,MVP-8,yastrmi01
67,Austin Riley,23,ATL,NL,51,51,41,431.1,154,49,98,7,7,.955,-15,-41,-7,-19,3.07,2.95,2.72,2.94,,,,,,,*5/37,,rileyau01
68,Christian Yelich,28,MIL,NL,51,51,46,431.1,61,60,1,0,0,1.000,-10,-27,-6,-17,1.27,2.04,1.20,1.94,,,,,,,*7/D,,yelicch01
69,Jake Cronenworth,26,SDP,NL,54,49,41,429.1,206,116,87,3,23,.985,3,8,1,3,4.26,4.75,3.38,4.42,,,,,,,463/H5,ROY-2,croneja01
70,Brandon Nimmo,27,NYM,NL,55,50,25,429.1,103,98,3,2,0,.981,-10,-27,-3,-8,2.12,2.04,1.84,1.94,,,,,,,*879/H,,nimmobr01
71,Jeimer Candelario,26,DET,AL,51,51,48,428.1,349,301,44,4,38,.989,4,12,6,17,7.25,7.09,6.51,6.85,,,,,,,*35/H,,candeje01
72,Charlie Blackmon,33,COL,NL,50,50,42,427.2,105,101,4,0,2,1.000,-1,-4,1,3,2.21,2.04,2.10,1.94,,,,,,,*9/D,,blackch02
73,Evan Longoria,34,SFG,NL,52,50,47,426.2,127,41,84,2,9,.984,6,16,2,6,2.64,2.72,2.40,2.59,,,,,,,*5/H,,longoev01
74,David Fletcher,26,LAA,AL,49,49,46,424.2,184,67,111,6,15,.967,-4,-10,4,11,3.77,3.67,3.49,3.49,,,,,,,64/59,MVP-17,fletcda02
75,Ryan McMahon,25,COL,NL,51,48,37,424.1,263,130,123,10,38,.962,2,5,2,6,5.37,4.65,4.15,4.32,,,,,,,453/H6,,mcmahry01
76,Miguel Sanó,27,MIN,AL,52,52,43,423.1,372,355,13,4,30,.989,1,4,-3,-9,7.82,8.17,7.08,7.86,,,,,,,*3/D,,sanomi01
77,Víctor Robles,23,WSN,NL,52,51,48,422.2,122,121,1,0,1,1.000,-5,-13,-3,-9,2.60,2.04,2.35,1.94,,,,,,,*8,,roblevi01
78,Eduardo Escobar,31,ARI,NL,50,49,48,422.1,134,32,94,8,15,.940,4,11,1,3,2.69,2.80,2.52,2.66,,,,,,,*5/D4,,escobed01
79,Alex Verdugo,24,BOS,AL,50,49,43,422.0,97,86,7,4,1,.959,0,0,8,23,1.98,2.15,1.86,2.07,,,,,,,*97/H8D,MVP-12,verdual01
80,Josh Reddick,33,HOU,AL,50,49,44,420.2,92,89,1,2,0,.978,-4,-11,-3,-9,1.93,2.15,1.80,2.07,,,,,,,*9/DH,,reddijo01
81,Adam Duvall,31,ATL,NL,56,47,39,419.2,82,79,1,2,0,.976,-2,-5,0,0,1.72,2.04,1.43,1.94,,,,,,,*79/H8D,,duvalad01
82,Brandon Crawford,33,SFG,NL,53,47,45,417.2,201,69,124,8,24,.960,4,11,1,3,4.16,3.78,3.64,3.59,,,,,,,*6/H,,crawfbr01
83,Tim Anderson,27,CHW,AL,49,49,42,417.1,180,65,109,6,23,.967,-4,-10,4,12,3.75,3.78,3.55,3.64,,,,,,,*6,MVP-7SS,anderti01
84,Nolan Arenado,29,COL,NL,48,48,42,417.1,163,43,117,3,19,.982,9,25,13,37,3.45,2.72,3.33,2.59,,,,,,,*5,GG,arenano01
85,Jose Altuve,30,HOU,AL,48,48,45,415.2,194,64,126,4,36,.979,0,0,-4,-12,4.11,4.01,3.96,3.86,,,,,,,*4,,altuvjo01
86,Chris Taylor,29,LAD,NL,50,45,39,415.2,135,67,66,2,8,.985,6,18,3,9,2.88,3.05,2.33,2.94,,,,,,,674/8DH,,tayloch03
87,Mauricio Dubón,25,SFG,NL,54,46,39,411.2,135,104,28,3,6,.978,-1,-3,4,12,2.89,2.51,2.20,2.41,,,,,,,*8/46H,,dubonma01
88,Paul Goldschmidt,32,STL,NL,52,52,47,411.1,411,383,27,1,41,.998,4,13,0,0,8.97,8.33,7.88,7.92,,,,,,,*3/D,MVP-15,goldspa01
89,Brandon Lowe,25,TBR,AL,51,46,37,409.2,145,75,68,2,21,.986,-2,-5,1,3,3.14,3.63,2.51,3.55,,,,,,,*4/9H7D3,MVP-8,lowebr01
90,Joey Votto,36,CIN,NL,50,49,42,406.1,344,299,40,5,25,.985,-1,-4,-6,-18,7.51,8.33,6.78,7.92,,,,,,,*3/D,,vottojo01
91,Keston Hiura,23,MIL,NL,49,49,41,406.0,155,66,83,6,15,.961,-2,-7,-7,-21,3.30,3.99,3.04,3.79,,,,,,,*4D,,hiurake01
92,Erik González,28,PIT,NL,49,47,43,404.2,146,37,103,6,23,.959,-1,-2,4,12,3.11,3.53,2.75,3.34,,,,,,,65/HD,,gonzaer01
93,Jason Heyward,30,CHC,NL,50,49,40,404.0,100,98,2,0,1,1.000,9,26,2,6,2.23,2.04,2.00,1.94,,,,,,,*9/H,,heywaja01
94,Kole Calhoun,32,ARI,NL,48,48,43,403.1,104,102,1,1,1,.990,0,1,1,3,2.30,2.04,2.15,1.94,,,,,,,*9/DH,,calhoko01
95,Kevin Pillar,31,2TM,2LG,50,46,41,403.1,104,98,5,1,0,.990,-5,-14,-2,-6,2.30,2.10,2.06,2.01,,,,,,,*89/HD7,,pillake01
95,Kevin Pillar,31,BOS,AL,29,25,22,228.1,59,56,3,0,0,1.000,1,3,1,5,2.33,2.15,2.03,2.07,,,,,,,9/8H7D,,pillake01
95,Kevin Pillar,31,COL,NL,21,21,19,175.0,45,42,2,1,0,.978,-5,-36,-3,-21,2.26,2.04,2.10,1.94,,,,,,,8/D9H,,pillake01
96,Kyle Tucker,23,HOU,AL,47,46,43,402.1,92,89,2,1,1,.989,3,10,5,15,2.04,2.15,1.94,2.07,,,,,,,*7D/9H,,tuckeky01
97,Donovan Solano,32,SFG,NL,52,46,43,400.2,162,63,88,11,20,.932,-5,-14,-3,-9,3.39,3.85,2.90,3.67,,,,,,,*4/5H6,SS,solando01
98,Randal Grichuk,28,TOR,AL,48,47,43,399.2,99,96,2,1,0,.990,-2,-7,-8,-24,2.21,2.15,2.04,2.07,,,,,,,*8/D,,grichra01
99,Kolten Wong,29,STL,NL,53,48,44,397.0,190,59,129,2,29,.989,7,21,5,15,4.26,3.99,3.55,3.79,,,,,,,*4/H,GG,wongko01
100,Aaron Hicks,30,NYY,AL,50,48,44,393.2,102,97,3,2,2,.980,2,7,-8,-24,2.29,2.15,2.00,2.07,,,,,,,*8/HD,,hicksaa01
101,Avisaíl García,29,MIL,NL,49,47,40,393.1,69,67,2,0,1,1.000,-4,-12,-4,-12,1.58,2.04,1.41,1.94,,,,,,,*8/9DH,,garciav01
102,Martín Maldonado,33,HOU,AL,47,46,39,392.0,399,375,22,2,0,.995,2,6,-1,-3,9.11,9.51,8.45,9.15,3,14,13,6,31.6,0,*2,,maldoma01
103,Alex Gordon,36,KCR,AL,49,48,37,391.0,85,81,4,0,1,1.000,9,28,3,9,1.96,2.15,1.73,2.07,,,,,,,*7/H,GG,gordoal01
104,George Springer,30,HOU,AL,47,46,37,391.0,86,86,0,0,0,1.000,4,12,3,9,1.98,2.15,1.83,2.07,,,,,,,*8/9DH,MVP-13,springe01
105,Jeff McNeil,28,NYM,NL,48,48,36,388.2,117,64,48,5,11,.957,6,19,2,6,2.59,2.52,2.20,2.49,,,,,,,74/59DH,,mcneije01
106,Robbie Grossman,30,OAK,AL,47,45,43,388.1,87,86,1,0,0,1.000,3,11,-1,-3,2.02,2.15,1.85,2.07,,,,,,,*7/H8D9,,grossro01
107,Joey Wendle,30,TBR,AL,50,45,33,387.2,161,50,106,5,17,.969,3,9,2,6,3.62,3.37,2.69,3.16,,,,,,,546/H,,wendljo01
108,Bryce Harper,27,PHI,NL,48,48,38,384.0,70,67,2,1,0,.986,-6,-19,-1,-3,1.62,2.04,1.44,1.94,,,,,,,*9D/8,,harpebr03
109,DJ LeMahieu,31,NYY,AL,47,46,27,381.2,189,85,98,6,22,.968,0,0,0,0,4.32,3.94,3.10,4.35,,,,,,,435/HD,MVP-3SS,lemahdj01
110,Garrett Hampson,25,COL,NL,49,43,33,381.1,157,81,74,2,23,.987,0,-1,0,0,3.66,3.11,2.67,2.94,,,,,,,48/H76D,,hampsga01
111,Shogo Akiyama,32,CIN,NL,52,47,34,381.0,89,87,2,0,0,1.000,0,1,5,16,2.10,2.04,1.71,1.94,,,,,,,*78/HD,,akiyash01
112,Teoscar Hernández,27,TOR,AL,46,43,40,380.2,86,76,7,3,2,.965,-2,-5,-1,-3,1.96,2.15,1.80,2.07,,,,,,,*9/8DH,MVP-11SS,hernate01
113,Max Kepler,27,MIN,AL,46,46,43,380.1,77,74,2,1,0,.987,8,24,2,6,1.80,2.15,1.65,2.07,,,,,,,*9/8HD,,keplema01
114,David Peralta,32,ARI,NL,45,45,41,380.1,87,86,1,0,1,1.000,6,20,-1,-3,2.06,2.04,1.93,1.94,,,,,,,*7/DH,,peralda01
115,Hunter Dozier,28,KCR,AL,44,44,39,378.0,224,215,9,0,24,1.000,-2,-8,-3,-10,5.33,5.53,4.57,5.39,,,,,,,39/75,,doziehu01
116,Luke Voit,29,NYY,AL,48,47,35,377.2,331,308,20,3,23,.991,-2,-6,-4,-13,7.82,8.17,6.83,7.86,,,,,,,*3/DH,MVP-9,voitlu01
117,Ronald Acuña Jr.,22,ATL,NL,46,46,26,376.2,102,102,0,0,0,1.000,9,28,5,16,2.44,2.04,2.22,1.94,,,,,,,*89,MVP-12SS,acunaro01
118,Stephen Piscotty,29,OAK,AL,44,44,42,376.1,75,73,2,0,0,1.000,1,4,3,10,1.79,2.15,1.70,2.07,,,,,,,*9/H,,piscost01
119,Corey Seager,26,LAD,NL,43,43,40,376.0,167,46,113,8,16,.952,2,8,-3,-10,3.81,3.78,3.70,3.59,,,,,,,*6/D,MVP-9,seageco01
120,Paul DeJong,26,STL,NL,45,45,44,369.0,156,52,100,4,24,.974,-1,-4,-1,-3,3.71,3.78,3.38,3.59,,,,,,,*6,,dejonpa01
121,Ketel Marte,26,ARI,NL,44,44,37,368.1,169,74,93,2,22,.988,0,1,4,13,4.08,3.87,3.63,3.66,,,,,,,*4/86D,,marteke01
122,Christian Walker,29,ARI,NL,43,42,40,366.1,299,268,28,3,40,.990,-2,-8,0,0,7.27,8.33,6.88,7.92,,,,,,,*3D/H,,walkech02
123,Todd Frazier,34,2TM,2LG,45,42,38,366.1,181,121,57,3,14,.983,-4,-13,0,0,4.37,4.60,3.87,4.36,,,,,,,53/1H,,frazito01
123,Todd Frazier,34,TEX,AL,31,30,27,260.1,142,112,28,2,11,.986,-4,-18,-2,-9,4.84,5.37,4.52,5.26,,,,,,,35/H,,frazito01
123,Todd Frazier,34,NYM,NL,14,12,11,106.0,39,9,29,1,3,.974,0,0,2,23,3.23,2.71,2.53,2.51,,,,,,,5/1,,frazito01
124,Alex Bregman,26,HOU,AL,42,41,39,363.1,97,23,72,2,2,.979,0,-1,0,0,2.35,2.57,2.26,2.48,,,,,,,*5/H,,bregmal01
125,Kyle Schwarber,27,CHC,NL,48,48,23,363.1,73,70,3,0,0,1.000,1,2,-3,-10,1.81,2.04,1.52,1.94,,,,,,,*7/DH,,schwaky01
126,Jonathan Villar,29,2TM,2LG,45,43,38,362.2,158,51,98,9,24,.943,-5,-16,-3,-10,3.70,3.85,3.10,3.65,,,,,,,46/DH8,,villajo01
126,Jonathan Villar,29,MIA,NL,27,26,23,215.1,85,31,49,5,15,.941,-4,-20,-2,-11,3.34,3.79,2.86,3.56,,,,,,,64/D8H,,villajo01
126,Jonathan Villar,29,TOR,AL,18,17,15,147.1,73,20,49,4,9,.945,-1,-11,-1,-8,4.21,3.93,3.45,3.79,,,,,,,4/6DH,,villajo01
127,Freddy Galvis,30,CIN,NL,45,42,37,361.0,131,40,88,3,13,.977,1,4,0,0,3.19,3.84,2.61,3.66,,,,,,,64/H,,galvifr01
128,Tommy La Stella,31,2TM,AL,45,45,30,360.2,192,114,74,4,22,.979,-4,-14,-5,-17,4.69,4.83,3.84,4.51,,,,,,,43/D5H,,lasteto01
128,Tommy La Stella,31,LAA,AL,24,24,20,201.2,128,93,32,3,14,.977,-4,-23,-4,-24,5.58,5.73,5.00,5.46,,,,,,,43/DH,,lasteto01
128,Tommy La Stella,31,OAK,AL,21,21,10,159.0,64,21,42,1,8,.984,0,-3,-1,-8,3.57,3.70,2.63,3.52,,,,,,,4/5D,,lasteto01
129,Gio Urshela,28,NYY,AL,43,42,40,357.2,121,34,86,1,10,.992,2,6,6,20,3.02,2.57,2.79,2.48,,,,,,,*5/H,,urshegi01
130,Christian Vázquez,29,BOS,AL,43,41,38,356.2,390,370,19,1,3,.997,0,0,2,7,9.82,9.50,9.05,9.03,4,16,21,9,30.0,0,*2/D4H,,vazquch01
131,Jonathan Schoop,28,DET,AL,44,44,38,355.2,174,60,113,1,25,.994,6,20,1,3,4.38,4.01,3.93,3.86,,,,,,,*4,,schoojo01
132,Dominic Smith,25,NYM,NL,44,43,33,354.1,178,160,16,2,14,.989,-12,-40,-2,-7,4.47,5.47,3.67,5.05,,,,,,,37/DH,MVP-13,smithdo02
133,Niko Goodrum,28,DET,AL,41,41,39,352.2,159,47,110,2,19,.987,5,18,2,7,4.01,3.84,3.74,3.70,,,,,,,64/H,,goodrni01
134,Brandon Belt,32,SFG,NL,47,41,36,351.1,308,278,28,2,27,.994,1,4,1,3,7.84,8.33,6.51,7.92,,,,,,,*3/HD,MVP-16,beltbr01
135,Alec Bohm,23,PHI,NL,43,43,40,351.1,153,81,68,4,12,.974,-1,-2,-7,-24,3.82,3.54,3.31,3.42,,,,,,,5/3D,ROY-2,bohmal01
136,Austin Nola,30,2TM,2LG,46,40,37,351.0,386,369,15,2,3,.995,1,4,-2,-7,9.85,9.43,8.17,8.96,4,12,19,7,26.9,0,*2/DH35,,nolaau01
136,Austin Nola,30,SEA,AL,29,25,22,218.0,220,212,6,2,1,.991,-1,-5,-2,-11,9.00,9.31,7.27,8.84,3,7,14,1,6.7,0,2/H35D,,nolaau01
136,Austin Nola,30,SDP,NL,17,15,15,133.0,166,157,9,0,2,1.000,2,18,0,0,11.23,9.64,9.76,9.17,1,5,5,6,54.5,0,2/D,,nolaau01
137,Kevin Kiermaier,30,TBR,AL,46,41,34,350.2,92,86,6,0,0,1.000,2,8,11,38,2.36,2.15,2.00,2.07,,,,,,,*8/H,,kiermke01
138,Brian Goodwin,29,2TM,2LG,46,41,31,348.2,80,78,1,1,0,.988,-9,-30,-5,-17,2.04,2.11,1.72,2.02,,,,,,,*879/HD,,goodwbr01
138,Brian Goodwin,29,LAA,AL,28,26,23,226.2,57,57,0,0,0,1.000,-1,-7,-2,-11,2.26,2.15,2.04,2.07,,,,,,,79/8H,,goodwbr01
138,Brian Goodwin,29,CIN,NL,18,15,8,122.0,23,21,1,1,0,.957,-7,-72,-3,-30,1.62,2.04,1.22,1.94,,,,,,,8/H79D,,goodwbr01
139,Travis Shaw,30,TOR,AL,46,40,31,347.1,160,87,70,3,12,.981,4,12,0,0,4.07,3.73,3.08,3.96,,,,,,,53/HD,,shawtr01
140,Jacob Stallings,30,PIT,NL,42,40,36,345.1,405,379,22,4,2,.990,2,7,7,24,10.45,9.64,9.55,9.17,3,15,18,9,33.3,2,*2,,stallja01
141,Brett Gardner,36,NYY,AL,48,40,37,344.2,72,69,1,2,0,.972,0,-1,1,3,1.83,2.15,1.46,2.07,,,,,,,*78/HD,,gardnbr01
142,Manuel Margot,25,TBR,AL,46,37,26,344.2,94,92,0,2,0,.979,8,27,4,14,2.40,2.15,2.00,2.07,,,,,,,*879/HD,,margoma01
143,Pat Valaika,27,BAL,AL,50,38,27,344.2,176,100,71,5,19,.972,-1,-2,-1,-3,4.47,4.49,2.95,4.45,,,,,,,634/H579,,valaipa01
144,Corey Dickerson,31,MIA,NL,46,45,26,344.1,67,62,3,2,0,.970,-10,-33,-2,-7,1.70,2.04,1.41,1.94,,,,,,,*7/D9H,,dickeco01
145,Tyler O'Neill,25,STL,NL,48,41,39,344.0,89,89,0,0,0,1.000,7,25,9,31,2.33,2.04,1.85,1.94,,,,,,,*7/HD,GG,oneilty01
146,Kevin Newman,26,PIT,NL,41,41,38,343.1,146,53,85,8,18,.945,-5,-17,-4,-14,3.62,3.88,3.21,3.68,,,,,,,64/H,,newmake01
147,Danny Jansen,25,TOR,AL,43,40,32,342.1,354,332,20,2,2,.994,2,7,-4,-14,9.25,9.51,8.19,9.15,3,8,20,6,23.1,0,*2/H,,janseda01
148,Yadier Molina,37,STL,NL,42,42,34,342.1,331,310,16,5,1,.985,1,4,1,4,8.57,9.62,7.41,9.11,3,14,6,5,45.5,1,*2/3,,molinya01
149,Asdrúbal Cabrera,34,WSN,NL,41,40,37,340.0,213,175,37,1,21,.995,4,14,-1,-4,5.61,6.00,5.05,5.76,,,,,,,35D/H,,cabreas01
150,Sean Murphy,25,OAK,AL,43,39,34,339.1,350,334,14,2,1,.994,1,4,2,7,9.23,9.51,8.09,9.15,4,11,15,6,28.6,0,*2/H,ROY-4,murphse01
151,Michael Chavis,24,BOS,AL,41,39,33,337.2,216,187,25,4,27,.981,-1,-4,-2,-7,5.65,5.71,4.82,5.55,,,,,,,37/4DH,,chavimi01
152,Kiké Hernández,28,LAD,NL,46,32,25,337.1,161,77,79,5,20,.969,7,23,9,32,4.16,3.52,3.06,3.33,,,,,,,4H/97836D,,hernaen02
153,Nomar Mazara,25,CHW,AL,42,38,33,336.0,73,72,1,0,0,1.000,0,1,1,4,1.96,2.15,1.74,2.07,,,,,,,*9/H,,mazarno01
154,Adam Eaton,31,WSN,NL,41,40,37,335.0,82,81,0,1,0,.988,0,-1,-6,-21,2.18,2.04,1.98,1.94,,,,,,,*9/H,,eatonad02
155,Rhys Hoskins,27,PHI,NL,40,40,37,333.2,340,315,21,4,34,.988,-6,-20,-4,-14,9.06,8.33,8.40,7.92,,,,,,,3/D,,hoskirh01
156,Cedric Mullins,25,BAL,AL,47,38,33,332.2,104,103,1,0,1,1.000,7,26,0,0,2.81,2.15,2.21,2.07,,,,,,,*8/79HD,,mullice01
157,Juan Soto,21,WSN,NL,42,42,37,332.1,65,64,1,0,0,1.000,-6,-23,-10,-36,1.76,2.04,1.55,1.94,,,,,,,*7/9D,MVP-5SS,sotoju01
158,AJ Pollock,32,LAD,NL,42,37,33,332.0,61,60,0,1,0,.984,-2,-8,-4,-14,1.63,2.04,1.43,1.94,,,,,,,*78D/H,,polloaj01
159,Yasmani Grandal,31,CHW,AL,38,38,34,327.1,345,327,15,3,8,.991,3,9,6,22,9.40,9.28,9.00,8.95,4,12,7,6,46.2,1,2/D3H,,grandya01
160,Wilson Ramos,32,NYM,NL,41,38,35,327.1,406,396,9,1,3,.998,-2,-7,-1,-4,11.14,9.64,9.88,9.17,4,16,28,6,17.6,1,*2/HD,,ramoswi01
161,Raimel Tapia,26,COL,NL,38,38,35,327.1,70,65,3,2,0,.971,1,3,1,4,1.87,2.04,1.79,1.94,,,,,,,7D/9H,,tapiara01
162,Mark Canha,31,OAK,AL,38,38,31,326.1,91,89,1,1,0,.989,2,8,0,0,2.48,2.32,2.25,2.51,,,,,,,D97/83,,canhama01
163,Mike Moustakas,31,CIN,NL,41,41,29,325.0,135,86,48,1,13,.993,-2,-6,-4,-15,3.71,4.77,3.05,4.68,,,,,,,43/D5H,,moustmi01
164,Willson Contreras,28,CHC,NL,41,39,34,324.1,326,311,13,2,0,.994,3,11,1,4,8.99,9.64,7.90,9.17,0,13,17,9,34.6,0,*2D,,contrwi01
165,Amed Rosario,24,NYM,NL,44,37,34,322.1,107,33,72,2,11,.981,-4,-14,-2,-7,2.93,3.78,2.39,3.59,,,,,,,*6/H,,rosaram01
166,Gary Sánchez,27,NYY,AL,41,38,35,321.2,367,347,14,6,2,.984,-3,-11,-4,-15,10.10,9.51,8.80,9.15,5,19,13,5,27.8,0,*2/DH,,sanchga02
167,J.D. Davis,27,NYM,NL,42,40,27,321.1,81,19,58,4,5,.951,-8,-30,-9,-34,2.16,2.61,1.83,2.47,,,,,,,5D/7H,,davisjd01
168,Gleyber Torres,23,NYY,AL,40,40,35,320.2,135,40,86,9,13,.933,-1,-4,-9,-34,3.54,3.78,3.15,3.64,,,,,,,6/H,,torregl01
169,Pete Alonso,25,NYM,NL,39,38,35,320.1,283,264,14,5,21,.982,-5,-18,-5,-19,7.81,8.33,7.13,7.92,,,,,,,3D/H,,alonspe01
170,Harrison Bader,26,STL,NL,49,36,34,317.2,79,75,2,2,0,.975,2,6,1,4,2.18,2.04,1.57,1.94,,,,,,,*8/HD,,baderha01
171,Gregory Polanco,28,PIT,NL,39,38,35,316.1,70,67,1,2,1,.971,5,17,2,8,1.93,2.04,1.74,1.94,,,,,,,9/DH,,polangr01
172,Rougned Odor,26,TEX,AL,37,37,36,315.1,144,54,86,4,18,.972,-3,-10,-4,-15,4.00,4.01,3.78,3.86,,,,,,,4/D,,odorro01
173,Dylan Moore,27,SEA,AL,38,36,28,314.1,119,85,31,3,8,.975,2,9,4,15,3.32,3.14,2.76,3.04,,,,,,,794/3658H,,mooredy01
174,Miguel Rojas,31,MIA,NL,40,38,34,313.2,166,49,114,3,30,.982,7,28,2,8,4.68,3.80,3.98,3.67,,,,,,,6/35H,,rojasmi02
175,Byron Buxton,26,MIN,AL,39,35,34,313.1,105,104,1,0,0,1.000,8,29,11,42,3.02,2.15,2.69,2.07,,,,,,,8,MVP-16,buxtoby01
176,Austin Romine,31,DET,AL,37,37,33,313.0,282,274,8,0,1,1.000,-1,-2,-4,-15,8.11,9.48,7.42,9.12,2,11,23,6,20.7,0,2/3,,rominau01
177,Justin Upton,32,LAA,AL,39,39,25,312.1,67,65,0,2,0,.970,1,3,-5,-19,1.87,2.15,1.67,2.07,,,,,,,7/D,,uptonju01
178,J.T. Realmuto,29,PHI,NL,38,37,30,311.2,322,312,8,2,3,.994,3,11,-1,-4,9.24,9.56,7.62,8.99,1,8,15,5,25.0,1,2/D3H,,realmjt01
179,Anthony Santander,25,BAL,AL,36,36,31,311.1,82,75,4,3,0,.963,6,21,8,31,2.28,2.15,2.19,2.07,,,,,,,9/7D,,santaan02
180,Matt Chapman,27,OAK,AL,37,36,31,310.1,93,29,59,5,9,.946,-1,-4,3,12,2.55,2.59,2.38,2.51,,,,,,,5/6,,chapmma01
181,Ender Inciarte,29,ATL,NL,46,30,25,308.1,72,70,1,1,0,.986,-3,-13,-1,-4,2.07,2.04,1.54,1.94,,,,,,,*8/H,,inciaen01
182,Nico Hoerner,23,CHC,NL,46,33,21,305.0,116,34,80,2,9,.983,2,7,7,28,3.36,3.74,2.07,3.55,,,,,,,46/5H78D,,hoernni01
183,Jon Berti,30,MIA,NL,39,35,28,303.0,117,57,59,1,17,.991,0,0,-1,-4,3.45,3.13,2.64,2.97,,,,,,,4/895H6,,bertijo01
184,Andrew McCutchen,33,PHI,NL,39,36,28,302.0,47,47,0,0,0,1.000,-11,-42,-7,-28,1.40,2.04,1.21,1.94,,,,,,,7D/H,,mccutan01
185,Vladimir Guerrero Jr.,21,TOR,AL,34,34,31,299.0,290,265,22,3,25,.990,-2,-9,-3,-12,8.64,8.17,8.44,7.86,,,,,,,3D/H,,guerrvl02
186,Tyler Naquin,29,CLE,AL,39,32,31,299.0,71,66,5,0,0,1.000,-5,-20,-1,-4,2.14,2.15,1.82,2.07,,,,,,,9/H,,naquity01
187,Luis García Jr.,20,WSN,NL,40,36,32,298.1,117,57,54,6,15,.949,-12,-49,-5,-20,3.35,3.98,2.78,3.78,,,,,,,4/6H,,garcilu04
188,Alex Dickerson,30,SFG,NL,46,36,18,298.0,65,63,1,1,0,.985,-2,-6,-7,-28,1.93,2.04,1.39,1.94,,,,,,,*7H/9D,,dickeal01
189,David Bote,27,CHC,NL,41,32,31,297.1,97,38,54,5,12,.948,0,2,-3,-12,2.78,3.01,2.24,2.92,,,,,,,5/4HD3,,boteda01
190,Mitch Moreland,34,2TM,2LG,38,33,29,296.1,260,245,13,2,30,.992,1,2,1,4,7.84,8.24,6.79,7.88,,,,,,,3/HD,,morelmi01
190,Mitch Moreland,34,BOS,AL,22,19,15,165.1,147,137,9,1,17,.993,1,7,0,0,7.95,8.17,6.64,7.86,,,,,,,3/H,,morelmi01
190,Mitch Moreland,34,SDP,NL,16,14,14,131.0,113,108,4,1,13,.991,0,-3,1,9,7.69,8.33,7.00,7.92,,,,,,,3/DH,,morelmi01
191,Travis d'Arnaud,31,ATL,NL,35,33,32,295.1,296,289,4,3,1,.990,-3,-12,-7,-28,8.93,9.64,8.37,9.17,5,13,24,3,11.1,0,2/DH,SS,darnatr01
192,Jo Adell,21,LAA,AL,38,33,33,295.0,77,72,2,3,0,.961,-7,-30,-3,-12,2.26,2.15,1.95,2.07,,,,,,,9/8H,,adelljo01
193,Hunter Renfroe,28,TBR,AL,40,33,26,294.0,71,65,3,3,0,.958,-1,-3,-2,-8,2.08,2.34,1.66,2.35,,,,,,,9/H3D,,renfrhu01
194,Carson Kelly,25,ARI,NL,38,34,28,290.1,306,291,13,2,1,.993,-1,-4,0,0,9.42,9.61,7.79,8.97,3,10,19,3,13.6,0,2/H1D,,kellyca02
195,Tony Wolters,28,COL,NL,42,35,15,289.2,248,232,15,1,2,.996,-3,-12,-2,-8,7.67,9.53,5.74,8.67,4,17,17,3,15.0,0,2/4H,,wolteto01
196,Salvador Perez,30,KCR,AL,35,34,29,289.0,316,310,6,0,5,1.000,1,5,3,12,9.84,9.44,8.54,9.05,0,12,8,3,27.3,0,2/3D,MVP-17SS,perezsa02
197,Josh Bell,27,PIT,NL,35,34,31,285.2,245,215,26,4,24,.984,-2,-7,-1,-4,7.59,8.33,6.89,7.92,,,,,,,3D/H,,belljo02
198,Willi Castro,23,DET,AL,35,35,33,285.1,103,28,69,6,10,.942,-10,-40,-9,-38,3.06,3.52,2.69,3.39,,,,,,,6/54DH,ROY-4,castrwi01
199,Delino DeShields,27,CLE,AL,35,32,29,285.0,88,86,2,0,0,1.000,3,14,0,0,2.78,2.15,2.51,2.07,,,,,,,8/HD,,deshide02
200,Omar Narváez,28,MIL,NL,39,32,28,285.0,345,333,9,3,1,.991,1,4,2,8,10.80,9.64,8.77,9.17,0,13,16,7,30.4,1,2/H,,narvaom01
201,Joe Panik,29,TOR,AL,38,30,19,284.0,104,45,58,1,11,.990,-2,-9,-5,-21,3.26,3.56,2.34,3.42,,,,,,,465/HD,,panikjo01
202,Ben Gamel,28,MIL,NL,37,31,25,281.0,51,50,1,0,0,1.000,-4,-18,-2,-9,1.63,2.04,1.38,1.94,,,,,,,98/H7,,gamelbe01
203,Andrés Giménez,21,NYM,NL,45,29,21,281.0,118,47,69,2,12,.983,-2,-7,2,9,3.72,3.70,2.23,3.47,,,,,,,645/H,ROY-7,gimenan01
204,Clint Frazier,25,NYY,AL,34,34,27,280.0,64,62,1,1,0,.984,7,31,3,13,2.03,2.15,1.85,2.07,,,,,,,9/7D,,frazicl01
205,Luis Urías,23,MIL,NL,41,31,23,279.1,118,37,78,3,9,.975,5,22,4,17,3.71,3.16,2.40,3.01,,,,,,,54/6H,,uriaslu01
206,Tucker Barnhart,29,CIN,NL,38,33,28,278.1,361,346,15,0,2,1.000,3,14,8,34,11.67,9.61,9.50,9.10,2,8,14,8,36.4,0,2/3H,GG,barnhtu01
207,Jiman Choi,29,TBR,AL,38,31,24,277.2,269,255,11,3,25,.989,1,6,1,4,8.62,8.17,7.00,7.86,,,,,,,3H/D,,choiji01
208,Will Smith,25,LAD,NL,34,31,30,276.2,280,270,10,0,3,1.000,-1,-4,-3,-13,9.11,9.64,8.24,9.17,1,15,17,5,22.7,0,2/DH,,smithwi05
209,Scott Kingery,26,PHI,NL,36,34,26,276.0,112,48,59,5,23,.955,-6,-24,-6,-26,3.49,3.53,2.74,3.36,,,,,,,4/8H6,,kingesc01
210,Pedro Severino,26,BAL,AL,35,32,28,275.2,287,272,11,4,1,.986,0,0,0,0,9.24,9.51,8.09,9.15,5,16,9,4,30.8,1,2D/H,,severpe01
211,Austin Hays,24,BAL,AL,33,31,27,274.0,70,67,3,0,0,1.000,4,19,3,13,2.30,2.15,2.12,2.07,,,,,,,87/9H,,haysau01
212,Leody Taveras,21,TEX,AL,33,32,32,273.0,84,81,1,2,1,.976,3,13,6,26,2.70,2.15,2.48,2.07,,,,,,,8,,taverle01
213,Tony Kemp,28,OAK,AL,46,32,25,271.1,107,51,55,1,12,.991,-4,-18,-5,-22,3.52,3.92,2.30,3.74,,,,,,,*4/H7D,,kempto01
214,Eric Sogard,34,MIL,NL,39,28,17,271.0,112,37,71,4,17,.964,4,15,1,4,3.59,3.01,2.25,2.93,,,,,,,5H/467D,,sogarer01
215,Jedd Gyorko,31,MIL,NL,40,34,21,270.1,191,165,25,1,11,.995,2,7,1,4,6.33,7.06,4.52,6.37,,,,,,,35/H1D,,gyorkje01
216,Tyler Wade,25,NYY,AL,49,29,21,269.0,105,44,60,1,10,.990,1,4,4,18,3.48,3.89,1.96,3.77,,,,,,,46/H,,wadety01
217,Nick Markakis,36,ATL,NL,34,31,23,268.1,54,54,0,0,0,1.000,-6,-27,-3,-13,1.81,2.04,1.59,1.94,,,,,,,9/7HD,,markani01
218,Jake Cave,27,MIN,AL,38,29,24,268.0,58,57,1,0,0,1.000,4,18,2,9,1.95,2.15,1.53,2.07,,,,,,,89H/7D,,caveja01
219,Danny Mendick,26,CHW,AL,33,29,27,268.0,120,44,75,1,18,.992,3,12,5,22,4.00,3.85,3.40,3.72,,,,,,,4/65,,mendida01
220,Ryan Mountcastle,23,BAL,AL,33,32,25,267.1,88,81,6,1,6,.989,0,1,-3,-13,2.93,3.84,2.49,3.73,,,,,,,73/DH,ROY-8,mountry01
221,Shed Long Jr.,24,SEA,AL,33,30,29,266.2,109,53,55,1,17,.991,0,0,0,0,3.65,3.96,3.27,3.81,,,,,,,4/H7D,,longsh01
222,Andrelton Simmons,30,LAA,AL,30,30,30,265.1,100,25,71,4,10,.960,1,3,-1,-5,3.26,3.78,3.20,3.64,,,,,,,6,,simmoan01
223,Justin Turner,35,LAD,NL,32,32,24,263.2,84,17,63,4,7,.952,3,13,-1,-5,2.73,2.72,2.50,2.59,,,,,,,5D,,turneju01
224,Kris Bryant,28,CHC,NL,32,32,27,263.1,79,30,45,4,5,.949,3,11,1,5,2.56,2.84,2.34,2.68,,,,,,,5/7D3,,bryankr01
225,Roman Quinn,27,PHI,NL,39,30,28,263.1,64,60,3,1,1,.984,-10,-45,-2,-9,2.15,2.04,1.62,1.94,,,,,,,8/H9,,quinnro01
226,Lewis Brinson,26,MIA,NL,46,28,10,263.0,64,63,0,1,0,.984,-6,-28,4,18,2.16,2.04,1.37,1.94,,,,,,,*97H/8,,brinsle01
227,Johan Camargo,26,ATL,NL,31,31,30,263.0,113,43,69,1,17,.991,3,15,2,9,3.83,3.57,3.61,3.40,,,,,,,45/HD,,camarjo01
228,Dylan Carlson,21,STL,NL,34,32,21,263.0,68,64,4,0,2,1.000,3,12,4,18,2.33,2.04,2.00,1.94,,,,,,,987/H,,carlsdy01
229,Jesús Aguilar,30,MIA,NL,31,31,29,262.0,266,243,20,3,36,.989,-5,-22,-1,-5,9.03,8.31,8.22,7.75,,,,,,,3D/5H,,aguilje01
230,José Peraza,26,BOS,AL,32,30,24,261.2,120,50,65,5,18,.958,-4,-19,0,0,3.96,3.67,3.11,3.49,,,,,,,4/76H15D,,perazjo01
231,Luis Arraez,23,MIN,AL,31,31,28,259.0,119,50,68,1,16,.992,2,8,1,5,4.10,4.01,3.81,3.86,,,,,,,4/H,,arraelu01
232,Eric Hosmer,30,SDP,NL,32,32,25,257.1,236,215,19,2,24,.992,0,-2,2,9,8.18,8.33,7.31,7.92,,,,,,,3/DH,,hosmeer01
233,Isaac Paredes,21,DET,AL,33,30,29,257.1,80,22,56,2,8,.975,-3,-12,0,0,2.73,2.57,2.36,2.48,,,,,,,5/HD,,paredis01
234,Roberto Pérez,31,CLE,AL,32,30,25,256.0,312,291,21,0,2,1.000,7,33,6,28,10.97,9.51,9.75,9.15,0,7,4,10,71.4,1,2,GG,perezro02
235,Carter Kieboom,22,WSN,NL,31,30,29,255.2,88,16,69,3,4,.966,5,23,4,19,2.99,2.72,2.74,2.59,,,,,,,5/HD,,kieboca01
236,Jason Kipnis,33,CHC,NL,37,32,17,255.0,113,35,75,3,13,.973,0,0,1,5,3.88,4.14,2.97,3.90,,,,,,,4/DH3,,kipnija01
237,Renato Núñez,26,BAL,AL,30,30,21,253.2,211,193,15,3,18,.986,0,-2,-2,-9,7.38,7.77,6.50,7.19,,,,,,,3D/5H,,nunezre01
238,Ozzie Albies,23,ATL,NL,29,28,28,252.2,110,43,65,2,13,.982,6,29,0,0,3.85,3.99,3.72,3.79,,,,,,,4/H,,albieoz01
239,Yan Gomes,32,WSN,NL,30,30,30,252.0,246,229,15,2,0,.992,0,0,-4,-19,8.71,9.64,8.13,9.17,2,9,18,4,18.2,0,2,,gomesya01
240,Kurt Suzuki,36,WSN,NL,30,30,30,251.2,281,271,10,0,2,1.000,-3,-14,-5,-24,10.05,9.64,9.37,9.17,1,14,28,5,15.2,0,2/DH,,suzukku01
241,Cole Tucker,23,PIT,NL,30,28,19,250.2,54,54,0,0,0,1.000,-4,-19,-6,-29,1.94,2.06,1.74,2.00,,,,,,,89/H4D,,tuckeco01
242,Robinson Canó,37,NYM,NL,34,33,14,249.1,94,35,58,1,11,.989,2,10,-2,-10,3.36,3.99,2.74,3.79,,,,,,,4D/H,,canoro01
243,Nick Madrigal,23,CHW,AL,29,29,28,249.0,110,32,74,4,12,.964,1,5,1,5,3.83,4.01,3.66,3.86,,,,,,,4,,madrini01
244,Mike Tauchman,29,NYY,AL,41,27,21,248.0,65,63,2,0,0,1.000,-3,-14,1,5,2.36,2.15,1.59,2.07,,,,,,,*79/8HD,,tauchmi01
245,Sam Hilliard,26,COL,NL,34,27,20,247.1,74,73,1,0,1,1.000,4,21,1,5,2.69,2.04,2.18,1.94,,,,,,,798/HD,,hillisa01
246,James McCann,30,CHW,AL,30,27,27,245.2,261,250,7,4,0,.985,0,0,5,24,9.42,9.51,8.57,9.15,2,11,8,4,33.3,0,2/H,,mccanja02
247,Matt Carpenter,34,STL,NL,34,33,18,245.1,97,37,57,3,7,.969,4,17,1,5,3.45,3.43,2.61,3.48,,,,,,,5D/3H,,carpema01
248,Austin Barnes,30,LAD,NL,28,27,24,245.0,253,245,6,2,0,.992,2,10,5,24,9.22,9.64,8.96,9.17,0,8,16,5,23.8,0,2/DH,,barneau01
249,Luis Rengifo,23,LAA,AL,33,26,24,243.2,109,42,64,3,12,.972,0,-1,1,5,3.92,4.00,3.12,3.81,,,,,,,4/56H,,rengilu01
250,Justin Smoak,33,MIL,NL,31,27,25,243.0,222,208,11,3,26,.986,-2,-10,-1,-5,8.11,8.33,7.06,7.92,,,,,,,3/HD,,smoakju01
251,Elvis Andrus,31,TEX,AL,29,28,27,241.2,97,33,61,3,10,.969,1,3,-2,-10,3.50,3.78,3.24,3.64,,,,,,,6/H,,andruel01
252,Ehire Adrianza,30,MIN,AL,37,24,22,239.1,81,29,51,1,9,.988,1,4,3,15,3.01,3.06,2.11,2.90,,,,,,,5H/641D,,adriaeh01
253,Michael Pérez,27,TBR,AL,38,27,19,239.0,260,232,27,1,4,.996,0,1,1,5,9.75,9.47,6.64,9.12,1,14,13,6,31.6,0,2/3H,,perezmi03
254,Max Stassi,29,LAA,AL,31,26,24,238.2,257,242,14,1,1,.996,-1,-5,1,5,9.65,9.51,8.26,9.15,1,6,32,6,15.8,0,2/H,,stassma01
255,Wilmer Flores,28,SFG,NL,30,29,17,235.0,156,107,46,3,16,.981,-1,-4,2,10,5.86,5.67,4.94,5.54,,,,,,,D34/H5,,florewi01
256,Óscar Mercado,25,CLE,AL,32,26,20,235.0,65,65,0,0,0,1.000,6,28,3,15,2.49,2.15,2.03,2.07,,,,,,,87/HD,,mercaos01
257,Daniel Murphy,35,COL,NL,29,27,22,233.2,259,228,27,4,29,.985,-1,-6,-1,-5,9.82,8.33,8.79,7.92,,,,,,,3/HD,,murphda08
258,JaCoby Jones,28,DET,AL,28,28,25,233.0,61,61,0,0,0,1.000,-5,-25,-2,-10,2.36,2.15,2.18,2.07,,,,,,,8/H,,jonesja07
259,Taylor Ward,26,LAA,AL,34,24,20,231.2,51,51,0,0,0,1.000,1,3,-3,-16,1.98,2.20,1.50,2.41,,,,,,,97/H3D,,wardta01
260,Joey Bart,23,SFG,NL,32,27,23,231.1,248,234,12,2,0,.992,-1,-5,1,5,9.57,9.64,7.69,9.17,2,9,23,5,17.9,0,2/DH,,bartjo01
261,DJ Stewart,26,BAL,AL,30,30,22,231.1,68,64,1,3,0,.956,0,-2,-1,-5,2.53,2.15,2.17,2.07,,,,,,,97/H,,stewadj01
262,Edward Olivares,24,2TM,2LG,30,24,17,224.0,56,54,0,2,0,.964,-2,-8,-5,-27,2.17,2.11,1.80,2.02,,,,,,,789/HD,,olivaed02
262,Edward Olivares,24,SDP,NL,12,8,6,81.0,19,18,0,1,0,.947,-1,-21,-2,-30,2.00,2.04,1.50,1.94,,,,,,,/79H8D,,olivaed02
262,Edward Olivares,24,KCR,AL,18,16,11,143.0,37,36,0,1,0,.973,0,-1,-3,-25,2.27,2.15,2.00,2.07,,,,,,,8/79,,olivaed02
263,Matt Joyce,35,MIA,NL,36,28,7,223.1,42,40,0,2,0,.952,-7,-38,-6,-32,1.61,2.04,1.11,1.94,,,,,,,97D/H,,joycema01
264,Jorge Alfaro,27,MIA,NL,29,26,24,220.1,194,182,9,3,0,.985,-1,-5,-7,-38,7.80,9.54,6.37,8.93,4,6,15,4,21.1,1,2/9DH,,alfarjo01
265,Michael A. Taylor,29,WSN,NL,35,23,21,219.2,64,63,0,1,0,.984,-1,-7,-2,-11,2.58,2.04,1.80,1.94,,,,,,,789/HD,,taylomi02
266,Jared Walsh,26,LAA,AL,30,24,21,219.0,172,160,11,1,10,.994,-1,-5,-2,-11,7.03,7.73,5.52,7.48,,,,,,,3/H9D,ROY-7,walshja01
267,Adam Engel,28,CHW,AL,35,23,17,217.2,38,35,2,1,0,.974,-1,-6,1,6,1.53,2.15,1.06,2.07,,,,,,,9H/78,,engelad01
268,Bo Bichette,22,TOR,AL,26,26,23,217.0,103,34,66,3,11,.971,2,13,0,0,4.15,3.78,3.85,3.64,,,,,,,6/D,,bichebo01
269,Joshua Fuentes,27,COL,NL,28,24,18,216.0,228,204,23,1,27,.996,4,24,9,50,9.46,7.80,6.68,6.63,,,,,,,3/5H79,,fuentjo01
270,Albert Pujols,40,LAA,AL,26,26,20,216.0,186,164,20,2,16,.989,2,11,3,17,7.67,8.17,7.08,7.86,,,,,,,3D/H,,pujolal01
271,Mike Zunino,29,TBR,AL,28,25,16,215.2,260,244,15,1,2,.996,-3,-17,-2,-11,10.81,9.51,9.25,9.15,5,16,11,4,26.7,0,2,,zuninmi01
272,Adam Haseley,24,PHI,NL,39,23,15,214.1,37,37,0,0,0,1.000,-4,-24,-3,-17,1.55,2.04,0.95,1.94,,,,,,,87/9H,,haselad01
273,Daulton Varsho,23,ARI,NL,28,24,22,214.1,103,99,4,0,0,1.000,3,16,1,6,4.33,4.13,3.55,4.43,1,6,6,1,14.3,0,82/D7H,,varshda01
274,Curt Casali,31,CIN,NL,29,25,22,212.2,268,258,9,1,1,.996,-2,-11,-1,-6,11.30,9.64,9.21,9.17,3,14,8,2,20.0,0,2/HD,,casalcu01
275,Joc Pederson,28,LAD,NL,29,26,11,211.0,48,46,2,0,1,1.000,-1,-7,-1,-6,2.05,2.04,1.66,1.94,,,,,,,7D/9H,,pederjo01
276,Brock Holt,32,2TM,NL,32,25,17,211.0,63,35,26,2,3,.968,2,13,-3,-17,2.60,3.07,1.69,2.90,,,,,,,5/7H391D,,holtbr01
276,Brock Holt,32,MIL,NL,16,10,7,91.1,23,11,12,0,1,1.000,0,-3,-2,-26,2.27,2.50,1.35,2.44,,,,,,,5/H79,,holtbr01
276,Brock Holt,32,WSN,NL,16,15,10,119.2,40,24,14,2,2,.950,3,25,-1,-10,2.86,3.50,2.00,3.32,,,,,,,/753H19D,,holtbr01
277,Austin Hedges,27,2TM,2LG,34,22,15,210.1,237,220,15,2,0,.992,2,11,1,6,10.06,9.61,6.91,9.17,4,4,9,6,40.0,1,2/DH,,hedgeau01
277,Austin Hedges,27,SDP,NL,28,19,13,176.1,200,183,15,2,0,.990,2,14,0,0,10.11,9.64,7.07,9.17,4,3,7,6,46.2,1,2/DH,,hedgeau01
277,Austin Hedges,27,CLE,AL,6,3,2,34.0,37,37,0,0,0,1.000,0,0,1,35,9.79,9.50,6.17,9.15,0,1,2,0,0.0,0,/2,,hedgeau01
278,Christin Stewart,26,DET,AL,32,30,12,210.0,43,40,3,0,0,1.000,4,24,0,0,1.84,2.15,1.34,2.07,,,,,,,7/HD,,stewach02
279,Andrew Velazquez,25,BAL,AL,38,22,12,210.0,93,34,59,0,10,1.000,4,25,4,23,3.99,3.59,2.27,3.30,,,,,,,6H/784,,velazan01
280,Cameron Maybin,33,2TM,2LG,26,23,17,209.1,49,46,2,1,0,.980,-2,-11,0,0,2.06,2.09,1.85,2.00,,,,,,,9/H78D,,maybica01
280,Cameron Maybin,33,DET,AL,12,12,9,96.0,23,22,0,1,0,.957,-1,-10,0,0,2.06,2.15,1.83,2.07,,,,,,,9/HD,,maybica01
280,Cameron Maybin,33,CHC,NL,14,11,8,113.1,26,24,2,0,0,1.000,-1,-13,0,0,2.06,2.04,1.86,1.94,,,,,,,/97H8D,,maybica01
281,Dexter Fowler,34,STL,NL,27,27,17,208.0,38,38,0,0,0,1.000,-3,-20,-2,-12,1.64,2.04,1.41,1.94,,,,,,,9/DH,,fowlede01
282,Jordan Luplow,26,CLE,AL,29,24,14,208.0,37,35,2,0,0,1.000,1,5,1,6,1.60,2.15,1.28,2.07,,,,,,,7/9H,,luplojo01
283,Mike Brosseau,26,TBR,AL,34,23,14,207.1,127,77,48,2,18,.984,4,23,3,17,5.43,4.57,3.47,4.55,,,,,,,35/4H719D,,brossmi01
284,Austin Meadows,25,TBR,AL,26,24,21,207.0,38,38,0,0,0,1.000,5,27,3,17,1.65,2.15,1.46,2.07,,,,,,,7/D9H,,meadoau01
285,Jorge Bonifacio,27,DET,AL,29,22,22,205.1,52,49,2,1,0,.981,-3,-19,-1,-6,2.24,2.15,1.76,2.07,,,,,,,79/H,,bonifjo01
286,Ryan O'Hearn,26,KCR,AL,27,25,19,203.1,202,192,8,2,22,.990,1,4,-1,-6,8.85,8.17,7.41,7.86,,,,,,,3H/D,,ohearry01
287,Tim Lopes,26,SEA,AL,30,24,17,202.0,46,39,6,1,1,.978,-2,-11,-1,-6,2.00,2.17,1.50,2.06,,,,,,,7D9/H15,,lopesti01
288,Eric Thames,33,WSN,NL,27,24,22,202.0,174,163,9,2,20,.989,1,4,-1,-6,7.66,8.33,6.37,7.92,,,,,,,3D/H,,thameer01
289,Colin Moran,27,PIT,NL,26,24,20,201.0,182,157,22,3,17,.984,1,8,0,0,8.01,7.35,6.88,7.10,,,,,,,D3/5H,,moranco01
290,Jason Castro,33,2TM,2LG,26,25,19,200.2,231,216,14,1,0,.996,-1,-6,-2,-12,10.32,9.56,8.85,9.16,1,16,11,4,26.7,0,2/H,,castrja01
290,Jason Castro,33,LAA,AL,17,16,12,127.2,138,131,7,0,0,1.000,0,0,-1,-9,9.73,9.51,8.12,9.15,1,10,7,4,36.4,0,2/H,,castrja01
290,Jason Castro,33,SDP,NL,9,9,7,73.0,93,85,7,1,0,.989,-1,-16,-1,-16,11.34,9.64,10.22,9.17,0,6,4,0,0.0,0,/2,,castrja01
291,Yandy Díaz,28,TBR,AL,26,24,12,198.2,63,21,41,1,4,.984,-3,-16,0,0,2.81,2.96,2.30,2.88,,,,,,,5/DH3,,diazya01
292,Ke'Bryan Hayes,23,PIT,NL,24,24,24,198.1,68,17,50,1,3,.985,4,21,4,24,3.04,2.72,2.79,2.59,,,,,,,5,ROY-6,hayeske01
293,Josh Donaldson,34,MIN,AL,26,25,21,197.0,54,17,37,0,4,1.000,-1,-8,-1,-6,2.47,2.57,2.08,2.48,,,,,,,5/H,,donaljo02
294,Phil Ervin,27,2TM,2LG,34,20,16,195.0,44,43,1,0,0,1.000,1,6,3,18,2.03,2.11,1.29,2.01,,,,,,,9H7/8D,,ervinph01
294,Phil Ervin,27,CIN,NL,16,7,5,74.0,11,11,0,0,0,1.000,2,28,1,16,1.34,2.04,0.69,1.94,,,,,,,H7/89D,,ervinph01
294,Phil Ervin,27,SEA,AL,18,13,11,121.0,33,32,1,0,0,1.000,-1,-7,2,20,2.45,2.15,1.83,2.07,,,,,,,9/H,,ervinph01
295,Yoshi Tsutsugo,28,TBR,AL,26,23,13,194.2,41,21,16,4,3,.902,-1,-6,-2,-12,1.71,2.34,1.23,2.26,,,,,,,D75/H,,tsutsyo01
296,David Dahl,26,COL,NL,22,21,19,193.0,51,50,0,1,0,.980,-2,-11,-4,-25,2.33,2.04,2.27,1.94,,,,,,,8/79D,,dahlda01
297,Dee Strange-Gordon,32,SEA,AL,28,22,20,193.0,53,32,19,2,2,.962,2,11,-3,-19,2.38,3.12,1.76,3.03,,,,,,,47/H6D,,gordode01
298,Jake Lamb,29,2TM,2LG,26,23,18,193.0,97,73,23,1,9,.990,-2,-14,-2,-12,4.48,5.05,3.69,5.00,,,,,,,53/D,,lambja01
298,Jake Lamb,29,ARI,NL,15,12,7,99.0,74,64,10,0,7,1.000,0,-1,1,12,6.73,7.42,4.93,6.85,,,,,,,3/5D,,lambja01
298,Jake Lamb,29,OAK,AL,11,11,11,94.0,23,9,13,1,2,.957,-2,-28,-3,-38,2.11,2.57,2.00,2.48,,,,,,,5/D,,lambja01
299,Ronald Guzmán,25,TEX,AL,24,23,21,192.0,184,169,14,1,14,.995,-1,-9,1,6,8.58,8.17,7.63,7.86,,,,,,,3/H,,guzmaro01
300,Robinson Chirinos,36,2TM,2LG,25,22,20,191.1,216,210,6,0,0,1.000,-1,-6,-5,-31,10.16,9.57,8.64,9.16,2,9,12,2,14.3,0,2/DH,,chiriro01
300,Robinson Chirinos,36,TEX,AL,13,12,12,105.1,121,117,4,0,0,1.000,-1,-11,-3,-34,10.34,9.51,9.31,9.15,2,5,7,2,22.2,0,2/DH,,chiriro01
300,Robinson Chirinos,36,NYM,NL,12,10,8,86.0,95,93,2,0,0,1.000,0,0,-2,-28,9.94,9.64,7.92,9.17,0,4,5,0,0.0,0,2,,chiriro01
301,Bobby Dalbec,25,BOS,AL,22,22,20,190.2,158,144,11,3,16,.981,2,13,-1,-6,7.32,7.73,6.74,7.40,,,,,,,3/5D,,dalbebo01
302,Myles Straw,25,HOU,AL,28,19,18,189.0,44,44,0,0,0,1.000,-1,-6,-2,-13,2.10,2.18,1.57,2.13,,,,,,,8/HD6,,strawmy01
303,Aaron Judge,28,NYY,AL,25,23,18,187.2,46,45,1,0,1,1.000,0,0,3,19,2.21,2.15,1.84,2.07,,,,,,,9/DH,,judgeaa01
304,Victor Caratini,26,CHC,NL,25,21,19,187.0,211,204,6,1,2,.995,1,8,1,6,10.11,9.59,8.40,9.02,0,9,4,2,33.3,0,2D/H3,,caratvi01
305,Andrew Knapp,28,PHI,NL,30,22,21,187.0,239,224,13,2,3,.992,0,-1,-3,-19,11.41,9.61,7.90,9.13,4,6,7,2,22.2,0,2/HD3,,knappan01
306,Sandy León,31,CLE,AL,24,20,18,186.0,232,213,14,5,0,.978,-1,-6,0,0,10.98,9.51,9.46,9.15,0,9,9,2,18.2,1,2/HD,,leonsa01
307,Tyler Flowers,34,ATL,NL,22,22,20,184.0,187,181,5,1,0,.995,-1,-7,2,13,9.10,9.64,8.45,9.17,1,7,15,2,11.8,0,2,,flowety01
308,Chance Sisco,25,BAL,AL,26,22,19,184.0,180,172,6,2,0,.989,-4,-26,-6,-39,8.71,9.51,6.85,9.15,0,17,13,3,18.8,1,2/DH,,siscoch01
309,Jeff Mathis,37,TEX,AL,24,22,16,182.1,186,169,15,2,1,.989,1,7,5,33,9.08,9.51,7.67,9.15,2,5,8,4,33.3,0,2/H,,mathije01
310,Josh Naylor,23,2TM,2LG,29,20,13,182.0,38,36,2,0,0,1.000,4,27,1,7,1.88,2.43,1.23,2.98,,,,,,,7H/D39,,naylojo01
310,Josh Naylor,23,SDP,NL,9,4,2,41.0,14,12,2,0,0,1.000,2,61,-1,-29,3.07,2.81,1.40,3.74,,,,,,,/DH937,,naylojo01
310,Josh Naylor,23,CLE,AL,20,16,11,141.0,24,24,0,0,0,1.000,2,17,2,17,1.53,2.32,1.14,2.62,,,,,,,7/H3,,naylojo01
311,Edwin Ríos,26,LAD,NL,27,19,15,179.0,75,50,23,2,6,.973,1,5,-1,-7,3.67,3.94,2.70,3.77,,,,,,,5/H3D,,riosed01
312,Luis Torrens,24,2TM,2LG,24,21,16,177.0,162,156,6,0,1,1.000,-2,-14,-7,-47,8.24,9.53,6.75,9.16,6,10,15,3,16.7,0,2/HD,,torrelu01
312,Luis Torrens,24,SDP,NL,7,5,1,37.0,41,38,3,0,0,1.000,-1,-32,-2,-65,9.97,9.63,5.86,9.17,3,0,5,0,0.0,0,/2,,torrelu01
312,Luis Torrens,24,SEA,AL,17,16,15,140.0,121,118,3,0,1,1.000,-1,-9,-5,-43,7.78,9.51,7.12,9.15,3,10,10,3,23.1,0,2/HD,,torrelu01
313,Jarrod Dyson,35,2TM,2LG,29,18,17,175.0,44,42,1,1,0,.977,-3,-21,-4,-27,2.21,2.06,1.48,1.98,,,,,,,8/H7D9,,dysonja01
313,Jarrod Dyson,35,PIT,NL,21,15,15,143.1,39,37,1,1,0,.974,-3,-23,-2,-17,2.39,2.04,1.81,1.94,,,,,,,8/H,,dysonja01
313,Jarrod Dyson,35,CHW,AL,8,3,2,31.2,5,5,0,0,0,1.000,0,-11,-2,-76,1.42,2.16,0.63,2.08,,,,,,,/7H8D9,,dysonja01
314,Kyle Farmer,29,CIN,NL,32,19,15,174.2,66,20,44,2,14,.970,4,28,3,21,3.30,3.80,1.94,3.64,,,,,,,64/573H,,farmeky01
315,Stephen Vogt,35,ARI,NL,24,20,16,174.0,196,189,7,0,1,1.000,0,-1,2,14,10.14,9.61,8.17,9.12,0,7,15,4,21.1,0,2/H3D,,vogtst01
316,Domingo Santana,27,CLE,AL,23,23,10,173.0,36,35,1,0,0,1.000,5,32,0,0,1.87,2.15,1.57,2.07,,,,,,,9/7H,,santado01
317,Nick Senzel,25,CIN,NL,23,20,18,172.0,42,39,2,1,1,.976,-2,-14,1,7,2.15,2.04,1.78,1.94,,,,,,,8/H,,senzeni01
318,Mitch Garver,29,MIN,AL,23,19,18,171.0,186,175,11,0,2,1.000,2,14,3,21,9.79,9.49,8.09,9.10,3,6,10,5,33.3,0,2/H3,,garvemi01
319,Anderson Tejeda,22,TEX,AL,22,20,20,171.0,67,19,45,3,9,.955,1,5,2,14,3.37,3.82,2.91,3.68,,,,,,,6/4D,,tejedan01
320,Ty France,25,2TM,2LG,21,20,17,171.0,94,54,38,2,10,.979,0,0,1,7,4.84,4.49,4.38,4.44,,,,,,,D4/H53,,francty01
320,Ty France,25,SDP,NL,7,6,5,54.0,39,30,9,0,2,1.000,1,16,1,22,6.50,6.45,5.57,6.40,,,,,,,D/H35,,francty01
320,Ty France,25,SEA,AL,14,14,12,117.0,55,24,29,2,8,.964,-1,-7,0,0,4.08,3.59,3.79,3.46,,,,,,,4/D5,,francty01
321,Jose Iglesias,30,BAL,AL,24,22,13,168.0,69,24,44,1,6,.986,1,6,-2,-14,3.64,3.78,2.83,3.64,,,,,,,6D/H,,iglesjo01
322,Jonathan Araúz,21,BOS,AL,24,17,13,166.0,78,33,43,2,14,.974,-4,-30,-2,-14,4.12,3.76,2.92,3.51,,,,,,,4/56HD,,arauzjo01
323,JT Riddle,28,PIT,NL,21,19,17,166.0,51,24,23,4,4,.922,-3,-25,-3,-22,2.55,2.78,2.14,2.85,,,,,,,5/6789H34,,riddljt01
324,Santiago Espinal,25,TOR,AL,24,19,13,165.0,84,24,58,2,12,.976,3,24,2,15,4.47,3.70,3.28,3.35,,,,,,,6/H15,,espinsa01
325,José Marmolejos,27,SEA,AL,24,20,10,162.2,59,56,2,1,5,.983,0,-1,-1,-7,3.21,3.44,2.42,3.28,,,,,,,7D/3H9,,marmojo01
326,Cam Gallagher,27,KCR,AL,25,19,12,162.0,161,156,4,1,0,.994,0,0,3,22,8.89,9.51,6.40,9.15,1,7,4,0,0.0,0,2,,gallaca01
327,Ryan Jeffers,23,MIN,AL,25,18,15,162.0,187,183,4,0,1,1.000,-1,-7,-1,-7,10.39,9.51,7.48,9.15,1,8,14,2,12.5,0,2/DH,,jeffery01
328,Marcell Ozuna,29,ATL,NL,21,21,11,162.0,44,42,0,2,0,.955,0,2,0,0,2.33,2.04,2.00,1.94,,,,,,,D7/9,MVP-6SS,ozunama01
329,Kevin Plawecki,29,BOS,AL,22,18,16,161.0,179,170,8,1,0,.994,-1,-6,-1,-7,9.95,9.46,7.74,8.69,1,10,12,4,25.0,1,2/3D1,,plaweke01
330,John Ryan Murphy,29,PIT,NL,24,19,17,160.2,172,159,11,2,3,.988,0,0,1,7,9.52,9.60,7.08,8.85,0,11,9,4,30.8,0,2/1H,,murphjr01
331,Chadwick Tromp,25,SFG,NL,23,19,14,160.1,148,144,3,1,1,.993,1,7,-1,-7,8.25,9.64,6.39,9.17,3,7,4,2,33.3,0,2/DH,,trompch01
332,Josh Harrison,32,WSN,NL,26,19,13,160.0,59,30,28,1,7,.983,2,11,1,8,3.26,3.18,2.00,3.13,,,,,,,45/HD793,,harrijo05
333,Bubba Starling,27,KCR,AL,31,16,12,159.2,32,32,0,0,0,1.000,-5,-35,-4,-30,1.80,2.15,1.03,2.07,,,,,,,8/HD79,,starlbu01
334,Michael Brantley,33,HOU,AL,19,19,19,158.1,41,39,2,0,1,1.000,5,41,4,30,2.33,2.15,2.16,2.07,,,,,,,D7/H,,brantmi02
335,José Barrero,22,CIN,NL,21,19,17,157.0,65,17,46,2,10,.969,-1,-6,-1,-8,3.61,3.78,3.00,3.59,,,,,,,6/HD,,garcijo02
336,Tim Locastro,27,ARI,NL,25,16,15,157.0,52,51,0,1,0,.981,-1,-9,-1,-8,2.92,2.04,2.04,1.94,,,,,,,8H/79D,,locasti01
337,José Osuna,27,PIT,NL,20,18,10,155.1,76,66,10,0,5,1.000,1,8,1,8,4.40,4.03,3.04,4.22,,,,,,,/3957DH,,osunajo01
338,Rowdy Tellez,25,TOR,AL,19,18,15,152.2,136,132,4,0,15,1.000,0,0,-1,-8,8.02,8.17,7.16,7.86,,,,,,,3D/H,,tellero01
339,Jose Trevino,27,TEX,AL,21,17,15,151.1,158,154,3,1,0,.994,-1,-8,0,0,9.34,9.51,7.14,9.10,0,8,10,1,9.1,1,2/D3H,,trevijo01
340,Brett Phillips,26,2TM,AL,31,16,8,151.0,38,37,1,0,0,1.000,0,0,1,8,2.26,2.15,1.23,2.07,,,,,,,89/7HD,,phillbr02
340,Brett Phillips,26,KCR,AL,16,8,4,82.0,23,22,1,0,0,1.000,-1,-9,-1,-15,2.52,2.15,1.44,2.07,,,,,,,8/H79D,,phillbr02
340,Brett Phillips,26,TBR,AL,15,8,4,69.0,15,15,0,0,0,1.000,1,10,2,35,1.96,2.15,1.00,2.07,,,,,,,/987HD,,phillbr02
341,Alex Avila,33,MIN,AL,22,19,12,150.1,162,153,6,3,1,.981,1,8,0,0,9.52,9.51,7.23,9.15,1,3,8,3,27.3,0,2/DH,,avilaal01
342,Shin-Soo Choo,37,TEX,AL,19,17,15,149.0,42,41,0,1,0,.976,1,4,-2,-16,2.48,2.15,2.16,2.07,,,,,,,7D/9H,,choosh01
343,Tommy Pham,32,SDP,NL,18,18,16,149.0,30,28,1,1,0,.967,-2,-19,-1,-8,1.75,2.04,1.61,1.94,,,,,,,7D,,phamth01
344,Anthony Bemboom,30,LAA,AL,20,16,14,145.0,151,143,8,0,2,1.000,2,17,3,25,9.37,9.45,7.19,8.77,0,9,10,7,41.2,0,2/1H,,bemboan01
345,Jazz Chisholm Jr.,22,MIA,NL,20,17,13,144.2,69,25,43,1,13,.986,0,3,0,0,4.23,3.91,3.09,3.71,,,,,,,4/6H,,chishja01
346,Adeiny Hechavarría,31,ATL,NL,23,14,12,143.2,57,19,34,4,7,.930,0,1,-2,-17,3.32,3.58,2.21,3.36,,,,,,,4/56HD,,hechaad01
347,Gavin Lux,22,LAD,NL,18,15,14,143.0,71,22,46,3,11,.958,1,6,5,42,4.28,3.99,3.78,3.79,,,,,,,4/D,,luxga01
348,Josh VanMeter,25,2TM,NL,21,16,15,143.0,69,32,35,2,12,.971,-3,-23,2,17,4.22,4.13,3.05,4.25,,,,,,,4/DH35,,vanmejo01
348,Josh VanMeter,25,CIN,NL,9,7,6,59.0,32,17,14,1,3,.969,0,-4,1,20,4.73,4.73,3.10,5.03,,,,,,,/4DH3,,vanmejo01
348,Josh VanMeter,25,ARI,NL,12,9,9,84.0,37,15,21,1,9,.973,-3,-37,1,14,3.86,3.72,3.00,3.59,,,,,,,4/5H,,vanmejo01
349,Luis Guillorme,25,NYM,NL,23,15,13,142.0,68,30,38,0,10,1.000,3,21,1,8,4.31,3.70,2.72,3.48,,,,,,,4/H561,,guilllu01
350,Darin Ruf,33,SFG,NL,27,18,5,140.1,38,36,1,1,2,.974,0,-2,0,0,2.37,2.86,1.32,2.80,,,,,,,7H/D39,,rufda01
351,Nathaniel Lowe,24,TBR,AL,16,16,14,139.0,120,110,10,0,9,1.000,-1,-11,2,17,7.77,7.53,7.06,7.23,,,,,,,3/D5H,,lowena01
352,Grayson Greiner,27,DET,AL,18,16,16,137.0,138,134,4,0,0,1.000,0,0,-1,-9,9.07,9.51,7.67,9.15,2,5,8,2,20.0,0,2,,greingr01
353,Jace Peterson,30,MIL,NL,24,15,7,135.0,46,33,10,3,2,.935,0,4,-1,-9,2.87,3.39,1.54,3.09,,,,,,,9/H3574,,peterja01
354,Starlin Castro,30,WSN,NL,16,16,13,134.1,66,26,37,3,9,.955,0,-4,-1,-9,4.22,3.99,3.94,3.79,,,,,,,4,,castrst01
355,Leury García,29,CHW,AL,16,15,12,134.0,61,20,41,0,8,1.000,0,-2,1,9,4.10,3.73,3.39,3.44,,,,,,,6/49H,,garcile02
356,Tzu-Wei Lin,26,BOS,AL,25,13,8,134.0,57,33,22,2,11,.965,2,18,1,9,3.69,3.14,1.90,3.31,0,0,0,0,,0,6/4H79812D,,lintz02
357,Jacob Nottingham,25,MIL,NL,19,16,13,134.0,187,178,7,2,0,.989,-1,-9,2,18,12.43,9.64,9.74,9.17,2,6,6,2,25.0,0,2/H,,nottija01
358,Daz Cameron,23,DET,AL,16,16,16,132.2,36,35,0,1,0,.972,0,-4,-1,-9,2.37,2.15,2.19,2.07,,,,,,,9/H,,camerda01
359,Bradley Zimmer,27,CLE,AL,20,13,10,132.0,24,22,0,2,0,.917,-5,-42,1,9,1.50,2.15,1.10,2.07,,,,,,,/789H,,zimmebr01
360,Phil Gosselin,31,PHI,NL,25,18,8,131.1,59,48,10,1,7,.983,-3,-26,-2,-18,3.97,4.74,2.07,3.96,,,,,,,D/H37945,,gosseph01
361,Thairo Estrada,24,NYY,AL,25,15,8,131.0,53,21,31,1,7,.981,0,3,0,0,3.57,3.75,1.79,3.55,,,,,,,4/5H6,,estrath01
362,Francisco Cervelli,34,MIA,NL,16,16,13,130.1,128,124,3,1,0,.992,0,0,2,18,8.77,9.64,7.94,9.17,2,2,5,0,0.0,0,2,,cervefr01
363,Chad Pinder,28,OAK,AL,23,12,8,129.0,48,19,28,1,4,.979,1,5,-1,-9,3.28,3.62,2.04,3.21,,,,,,,4/H579D,,pindech01
364,Eli White,26,TEX,AL,17,15,14,128.0,22,22,0,0,0,1.000,-1,-8,2,19,1.55,2.15,1.29,2.07,,,,,,,7/9H8D,,whiteel04
365,Ryan Braun,36,MIL,NL,20,19,4,127.1,27,26,0,1,0,.963,1,8,-1,-9,1.84,2.04,1.24,2.22,,,,,,,9D/H3,,braunry02
366,Elias Díaz,29,COL,NL,24,13,12,126.0,88,79,9,0,1,1.000,-1,-10,0,0,6.29,9.64,3.67,9.17,0,9,7,1,12.5,0,2/HD,,diazel01
367,Scott Heineman,27,TEX,AL,22,14,13,125.2,47,45,1,1,0,.979,2,18,1,10,3.29,2.54,2.09,2.34,,,,,,,8/H7D39,,heinesc01
368,Drew Butera,36,COL,NL,29,12,7,125.1,99,94,5,0,2,1.000,0,2,1,10,7.11,9.46,3.19,8.72,1,3,5,2,28.6,0,2/31,,buterdr01
369,Monte Harrison,24,MIA,NL,28,12,10,125.1,42,42,0,0,0,1.000,5,52,0,0,3.02,2.04,1.50,1.94,,,,,,,89H,,harrimo01
370,Jay Bruce,33,PHI,NL,19,16,9,125.0,42,39,3,0,1,1.000,1,12,2,19,3.02,2.69,2.21,2.57,,,,,,,7D/H93,,bruceja01
371,Brandon Drury,27,TOR,AL,21,14,9,125.0,34,10,24,0,4,1.000,-2,-18,-5,-48,2.45,2.98,1.55,2.84,,,,,,,5/46H,,drurybr01
372,Joseph Odom,28,SEA,AL,18,15,10,122.2,113,110,3,0,0,1.000,-1,-10,1,10,8.29,9.52,6.28,9.15,2,3,16,1,5.9,0,2/H,,odomjo01
373,Abraham Toro,23,HOU,AL,18,13,12,122.2,54,28,26,0,5,1.000,0,4,-2,-20,3.96,3.45,2.84,3.68,,,,,,,5DH/34,,toroab01
374,Garrett Cooper,29,MIA,NL,15,15,15,122.0,119,108,11,0,11,1.000,-3,-25,0,0,8.78,8.33,7.93,7.92,,,,,,,D3/H,,coopega03
375,Christian Arroyo,25,2TM,AL,15,14,12,120.2,61,21,40,0,10,1.000,-1,-6,1,10,4.55,3.98,3.81,3.75,,,,,,,4/65,,arroych01
375,Christian Arroyo,25,CLE,AL,1,0,0,1.0,0,0,0,0,0,,0,0,0,0,0.00,2.70,0.00,2.50,,,,,,,/5,,arroych01
375,Christian Arroyo,25,BOS,AL,14,14,12,119.2,61,21,40,0,10,1.000,-1,-6,1,10,4.59,3.99,4.07,3.83,,,,,,,4/6,,arroych01
376,Ildemaro Vargas,28,3TM,2LG,22,12,9,120.0,74,39,33,2,12,.973,2,16,-2,-20,5.40,4.70,3.00,4.53,,,,,,,4/H35,,vargail01
376,Ildemaro Vargas,28,2TM,NL,13,6,4,66.0,40,25,14,1,4,.975,1,13,-1,-18,5.32,5.29,2.60,5.01,,,,,,,/43H5,,vargail01
376,Ildemaro Vargas,28,ARI,NL,8,4,3,44.0,26,19,6,1,3,.962,-1,-19,-1,-27,5.11,5.99,2.78,5.96,,,,,,,/34H5,,vargail01
376,Ildemaro Vargas,28,MIN,AL,9,6,5,54.0,34,14,19,1,8,.971,1,20,-1,-22,5.50,3.97,3.67,3.71,,,,,,,/4H5,,vargail01
376,Ildemaro Vargas,28,CHC,NL,5,2,1,22.0,14,6,8,0,1,1.000,1,76,0,0,5.73,3.89,2.33,3.60,,,,,,,/4H5,,vargail01
377,Tyler Heineman,29,SFG,NL,15,13,11,119.0,122,110,9,3,0,.975,1,10,1,10,9.00,9.57,7.44,8.69,0,4,8,5,38.5,0,2/1,,heinety01
378,Jon Jay,35,ARI,NL,17,13,9,118.0,32,32,0,0,0,1.000,-1,-13,0,0,2.44,2.04,1.88,1.94,,,,,,,/987DH,,jayjo02
379,Vimael Machín,26,OAK,AL,19,14,11,117.0,49,18,29,2,4,.959,-5,-53,-3,-31,3.62,3.38,2.24,3.52,,,,,,,5/6D43H,,machivi01
380,Dwight Smith Jr.,27,BAL,AL,16,14,8,117.0,27,26,0,1,0,.963,0,-3,-4,-41,2.00,2.15,1.63,2.07,,,,,,,7/DH,,smithdw02
381,Jack Mayfield,29,HOU,AL,20,13,10,116.1,38,10,28,0,1,1.000,0,0,1,10,2.94,3.33,1.81,3.25,,,,,,,/564HD,,mayfija01
382,Magneuris Sierra,24,MIA,NL,17,13,9,116.0,42,41,1,0,1,1.000,2,21,3,31,3.26,2.04,2.47,1.94,,,,,,,8/79HD,,sierrma01
383,Chris Davis,34,BAL,AL,15,13,11,114.0,115,105,7,3,8,.974,0,-1,-2,-21,8.84,8.17,7.47,7.86,,,,,,,3/H,,davisch02
384,Aledmys Díaz,29,HOU,AL,14,14,10,114.0,49,28,21,0,4,1.000,-4,-38,-1,-11,3.87,4.36,3.06,3.99,,,,,,,4/53D7H,,diazal02
385,Danny Santana,29,TEX,AL,13,13,11,114.0,74,72,2,0,3,1.000,3,27,2,21,5.84,6.27,5.69,6.08,,,,,,,/38D7H,,santada01
386,Randy Arozarena,25,TBR,AL,17,13,5,113.0,18,17,1,0,1,1.000,0,2,0,0,1.43,2.15,1.06,2.07,,,,,,,7/DH98,,arozara01
387,Chad Wallach,28,MIA,NL,15,13,11,112.1,114,110,4,0,1,1.000,1,11,1,11,9.13,9.64,7.60,9.17,0,2,8,4,33.3,0,2/H,,wallach01
388,Mallex Smith,27,SEA,AL,14,13,10,112.0,24,23,0,1,0,.958,-3,-33,0,0,1.85,2.15,1.64,2.07,,,,,,,9/8,,smithma05
389,Reese McGuire,25,TOR,AL,18,12,10,111.0,139,131,5,3,1,.978,1,11,1,11,11.03,9.51,7.56,9.15,2,2,4,4,50.0,0,2/H,,mcguire01
390,Dustin Garneau,32,HOU,AL,17,13,10,110.2,130,120,6,4,1,.969,-3,-33,-2,-22,10.25,9.52,7.41,9.15,1,10,14,3,17.6,0,2/H,,garnedu01
391,Aristides Aquino,26,CIN,NL,18,12,7,108.0,22,22,0,0,0,1.000,-1,-11,-1,-11,1.83,2.04,1.22,1.94,,,,,,,7/H9D8,,aquinar01
392,C.J. Cron,30,DET,AL,13,13,10,108.0,127,113,12,2,9,.984,1,16,0,0,10.42,8.17,9.62,7.86,,,,,,,3,,croncj01
393,Kyle Higashioka,30,NYY,AL,14,13,10,107.0,117,108,7,2,1,.983,1,11,2,22,9.67,9.51,8.21,9.15,1,2,5,3,37.5,0,2/HD,,higasky01
394,Steven Duggar,26,SFG,NL,20,10,5,103.2,22,22,0,0,0,1.000,2,19,0,0,1.91,2.04,1.10,1.94,,,,,,,7/98H,,duggast01
395,Sam Haggerty,26,SEA,AL,12,12,12,103.2,30,27,3,0,0,1.000,2,28,-1,-12,2.60,2.20,2.50,2.11,,,,,,,7/59D,,haggesa01
396,Francisco Mejia,24,SDP,NL,16,12,7,101.0,101,93,7,1,0,.990,0,0,0,0,8.91,9.64,6.25,9.17,1,5,2,0,0.0,0,2/H,,mejiafr01
397,Andrew Benintendi,25,BOS,AL,13,12,10,100.0,20,20,0,0,0,1.000,1,11,2,24,1.80,2.15,1.54,2.07,,,,,,,7/H,,beninan01
398,Brad Miller,30,STL,NL,18,13,10,100.0,28,3,20,5,3,.821,-1,-6,-2,-24,2.07,2.87,1.28,2.77,,,,,,,D5/H64,,millebr02
399,Harold Castro,26,DET,AL,18,11,5,99.0,38,26,12,0,0,1.000,0,4,0,0,3.45,2.99,1.73,2.97,,,,,,,/H7593468D,,castrha01
400,Manny Piña,33,MIL,NL,13,12,8,98.1,124,117,7,0,2,1.000,3,37,4,49,11.35,9.64,9.54,9.17,0,2,4,5,55.6,0,2/H,,pinama01
401,Lane Thomas,24,STL,NL,18,10,7,97.2,23,21,1,1,1,.957,3,36,1,12,2.03,2.04,1.22,1.94,,,,,,,9/8H,,thomala02
402,Matt Wieters,34,STL,NL,18,12,11,97.2,121,119,2,0,0,1.000,-1,-12,-1,-12,11.15,9.64,6.72,9.17,2,5,1,0,0.0,0,2/H,,wietema01
403,Chris Owings,28,COL,NL,15,11,9,97.0,43,18,23,2,8,.953,-2,-21,0,0,3.80,3.28,2.41,2.98,,,,,,,/4H57896,,owingch01
404,Greg Garcia,30,SDP,NL,19,8,6,96.1,37,10,26,1,3,.973,1,14,0,0,3.36,3.50,1.71,3.22,,,,,,,H45D,,garcigr01
405,Andrew Stevenson,26,WSN,NL,14,12,11,95.1,24,24,0,0,0,1.000,1,18,1,13,2.27,2.04,1.71,1.94,,,,,,,/79H8,,stevean01
406,Jonah Heim,25,OAK,AL,12,12,12,95.0,111,105,6,0,0,1.000,2,25,2,25,10.52,9.51,9.25,9.15,0,3,2,3,60.0,0,2/DH,,heimjo01
407,Jesse Winker,26,CIN,NL,16,13,5,94.2,20,20,0,0,0,1.000,2,22,1,13,1.90,2.04,1.25,1.94,,,,,,,D7/H9,,winkeje01
408,Billy Hamilton,29,2TM,NL,25,6,5,94.1,21,19,2,0,0,1.000,2,22,2,25,2.00,2.04,0.84,1.94,,,,,,,8H/D,,hamilbi02
408,Billy Hamilton,29,NYM,NL,13,5,4,62.1,15,13,2,0,0,1.000,1,15,2,39,2.17,2.04,1.15,1.94,,,,,,,8/HD,,hamilbi02
408,Billy Hamilton,29,CHC,NL,12,1,1,32.0,6,6,0,0,0,1.000,1,34,0,0,1.69,2.05,0.50,1.94,,,,,,,8/HD,,hamilbi02
409,Josh Rojas,26,ARI,NL,11,11,10,93.0,32,12,20,0,3,1.000,0,3,0,0,3.10,3.76,2.91,3.58,,,,,,,/4D67H,,rojasjo01
410,Albert Almora,26,CHC,NL,28,6,6,92.2,30,30,0,0,0,1.000,3,43,0,0,2.91,2.04,1.07,1.94,,,,,,,8/H,,almoral01
411,Mike Ford,27,NYY,AL,13,12,8,92.0,64,59,3,2,6,.969,-2,-20,0,0,6.07,8.17,4.77,7.86,,,,,,,3H/D,,fordmi01
412,Ryan McBroom,28,KCR,AL,14,11,6,91.0,67,64,2,1,7,.985,0,0,-2,-26,6.53,7.05,4.71,6.21,,,,,,,H3/D79,,mcbrory01
413,Tyrone Taylor,26,MIL,NL,20,8,7,91.0,15,15,0,0,0,1.000,-2,-25,1,13,1.48,2.04,0.75,1.94,,,,,,,9/8H7,,tayloty01
414,Phillip Evans,27,PIT,NL,11,11,8,90.2,24,12,9,3,1,.875,-2,-30,-4,-53,2.08,2.92,1.91,2.95,,,,,,,/5379,,evansph01
415,Derek Fisher,26,TOR,AL,15,11,6,90.0,14,13,0,1,0,.929,-6,-80,-6,-80,1.30,2.15,0.87,2.07,,,,,,,9/7HD,,fishede01
416,Eddy Alvarez,30,MIA,NL,12,10,7,89.1,36,12,24,0,6,1.000,0,3,0,0,3.63,3.71,2.77,3.50,,,,,,,/45H6,,alvared01
417,Mike Freeman,32,CLE,AL,18,8,6,88.1,29,15,12,2,2,.931,-1,-8,-1,-14,2.75,3.06,1.50,3.19,,,,,,,H/5476D3,,freemmi01
418,Guillermo Heredia,29,2TM,NL,14,10,8,88.1,28,27,1,0,1,1.000,0,5,1,14,2.85,2.04,2.00,1.94,,,,,,,/89H,,heredgu01
418,Guillermo Heredia,29,PIT,NL,7,5,3,45.1,15,14,1,0,1,1.000,3,85,1,26,2.98,2.04,2.14,1.94,,,,,,,/98H,,heredgu01
418,Guillermo Heredia,29,NYM,NL,7,5,5,43.0,13,13,0,0,0,1.000,-3,-78,0,0,2.72,2.03,1.86,1.94,,,,,,,/8H,,heredgu01
419,LaMonte Wade Jr.,26,MIN,AL,12,11,8,88.0,31,29,1,1,0,.968,-1,-12,1,14,3.07,4.06,2.50,4.00,,,,,,,/38H79D,,wadela01
420,Jonathan Davis,28,TOR,AL,13,9,7,87.0,20,20,0,0,0,1.000,1,7,2,28,2.07,2.15,1.54,2.07,,,,,,,/987H,,davisjo05
421,Austin Slater,27,SFG,NL,12,10,7,86.0,29,28,1,0,0,1.000,3,40,0,0,3.03,2.04,2.42,1.94,,,,,,,D/9H7,,slateau01
422,Jake Marisnick,29,NYM,NL,16,8,7,85.2,31,30,0,1,0,.968,-1,-14,-3,-42,3.15,2.04,1.88,1.94,,,,,,,8/H,,marisja01
423,Lewin Díaz,23,MIA,NL,11,10,9,85.0,94,88,6,0,10,1.000,0,6,2,28,9.95,8.33,8.55,7.92,,,,,,,3/HD,,diazle01
424,Greg Allen,27,2TM,2LG,15,7,5,85.0,20,20,0,0,0,1.000,1,7,1,14,2.12,2.14,1.33,2.06,,,,,,,7/8H9,,allengr01
424,Greg Allen,27,CLE,AL,14,6,5,76.0,18,18,0,0,0,1.000,1,11,1,16,2.13,2.16,1.29,2.07,,,,,,,7/8H,,allengr01
424,Greg Allen,27,SDP,NL,1,1,0,9.0,2,2,0,0,0,1.000,0,-27,0,0,2.00,2.00,2.00,1.90,,,,,,,/79,,allengr01
425,Lance Lynn,33,TEX,AL,13,13,1,84.0,6,2,4,0,1,1.000,,,-1,-2,0.64,1.25,0.46,1.20,,,,,,,1,CYA-6,lynnla01
426,Matt Beaty,27,LAD,NL,14,9,6,82.0,74,71,3,0,8,1.000,-1,-19,-2,-29,8.12,7.87,4.93,7.13,,,,,,,3/DH7,,beatyma01
427,Braden Bishop,26,SEA,AL,12,9,8,81.2,19,19,0,0,0,1.000,-2,-24,2,29,2.09,2.15,1.58,2.07,,,,,,,/987,,bishobr01
428,Germán Márquez,25,COL,NL,13,13,0,81.2,12,6,3,3,1,.750,,,-3,-7,0.99,1.45,0.69,1.38,,,,,,,1,,marquge01
429,Kyle Hendricks,30,CHC,NL,12,12,1,81.1,20,7,13,0,0,1.000,,,2,5,2.21,1.45,1.67,1.38,,,,,,,1,CYA-9,hendrky01
430,Austin Allen,26,OAK,AL,14,9,5,81.0,77,76,1,0,0,1.000,0,0,-1,-15,8.56,9.51,5.50,9.15,0,2,6,1,14.3,0,2,,allenau01
431,Erik Kratz,40,NYY,AL,18,9,8,81.0,85,80,5,0,2,1.000,2,34,2,30,9.44,9.20,4.72,7.98,0,1,3,2,40.0,1,2/31,,kratzer01
432,Yairo Muñoz,25,BOS,AL,11,11,9,81.0,20,18,2,0,0,1.000,3,43,4,59,2.22,2.16,1.82,2.07,,,,,,,/79D,,munozya01
433,Kevan Smith,32,TBR,AL,16,8,5,80.0,76,73,3,0,0,1.000,1,15,-1,-15,8.55,9.51,4.75,9.15,1,0,3,3,50.0,0,2/HD,,smithke04
434,Derek Dietrich,30,TEX,AL,12,9,6,79.1,51,42,8,1,5,.980,-3,-38,-1,-15,5.67,6.25,4.17,5.52,,,,,,,/D3H45,,dietrde01
435,Franchy Cordero,25,KCR,AL,12,8,4,78.0,17,15,0,2,0,.882,-2,-28,-1,-15,1.73,2.15,1.25,2.07,,,,,,,/98HD7,,cordefr02
436,Sam Huff,22,TEX,AL,10,9,9,78.0,66,62,2,2,1,.970,-1,-15,-1,-15,7.38,9.51,6.40,9.15,2,3,2,0,0.0,0,2,,huffsa01
437,Shane Bieber,25,CLE,AL,12,12,0,77.1,11,2,8,1,0,.909,,,0,0,1.16,1.25,0.83,1.20,,,,,,,1,CYA-1MVP-4,biebesh01
438,Pablo Sandoval,33,2TM,NL,13,8,6,77.0,55,45,10,0,4,1.000,-1,-19,-1,-16,6.43,6.36,4.23,5.88,,,,,,,DH/35,,sandopa01
438,Pablo Sandoval,33,SFG,NL,12,7,5,68.0,52,45,7,0,4,1.000,-1,-16,-1,-18,6.88,6.84,4.33,6.15,,,,,,,DH/35,,sandopa01
438,Pablo Sandoval,33,ATL,NL,1,1,1,9.0,3,0,3,0,0,1.000,0,-40,0,0,3.00,2.70,3.00,2.60,,,,,,,/5,,sandopa01
439,Logan Forsythe,33,MIA,NL,11,9,7,76.1,43,29,14,0,5,1.000,0,3,0,0,5.07,5.52,3.91,5.07,,,,,,,/43D1,,forsylo01
440,Yu Darvish,33,CHC,NL,12,12,0,76.0,15,4,10,1,2,.933,,,1,3,1.66,1.44,1.17,1.38,,,,,,,1,CYA-2MVP-14,darviyu01
441,Hunter Pence,37,SFG,NL,10,9,5,76.0,17,17,0,0,0,1.000,2,28,1,16,2.01,2.04,1.70,1.94,,,,,,,/D79H,,pencehu01
442,Mark Mathias,25,MIL,NL,13,8,5,75.0,20,19,1,0,1,1.000,-1,-11,1,16,2.40,2.32,1.54,2.54,,,,,,,/9H7D348,,mathima01
443,Pavin Smith,24,ARI,NL,10,9,9,75.0,47,45,2,0,4,1.000,-1,-8,2,32,5.64,5.47,4.70,4.93,,,,,,,/379D,,smithpa04
444,Miguel Andujar,25,NYY,AL,13,12,4,74.0,17,8,5,4,2,.765,-5,-79,-5,-81,1.58,2.34,1.00,2.26,,,,,,,/7D5H,,andujmi01
445,Aaron Civale,25,CLE,AL,12,12,1,74.0,14,5,8,1,2,.929,,,0,0,1.58,1.25,1.08,1.20,,,,,,,1,,civalaa01
446,Brandon Woodruff,27,MIL,NL,13,13,1,73.2,10,0,10,0,0,1.000,,,2,5,1.22,1.45,0.77,1.38,,,,,,,1,,woodrbr01
447,Bryan Holaday,32,BAL,AL,15,7,3,73.1,67,62,5,0,2,1.000,2,26,-1,-16,8.22,9.20,3.94,8.23,0,2,1,1,50.0,0,2/H3D1,,holadbr01
448,Antonio Senzatela,25,COL,NL,12,12,1,73.1,11,7,4,0,4,1.000,,,-1,-3,1.35,1.45,0.92,1.38,,,,,,,1,,senzaan01
449,Trevor Bauer,29,CIN,NL,11,11,2,73.0,11,5,6,0,0,1.000,,,0,0,1.36,1.45,1.00,1.38,,,,,,,1,CYA-1MVP-10,bauertr01
450,Gerrit Cole,29,NYY,AL,12,12,2,73.0,7,5,2,0,0,1.000,,,0,0,0.86,1.25,0.58,1.20,,,,,,,1,CYA-4,colege01
451,Anthony Alford,25,2TM,2LG,13,10,4,73.0,8,8,0,0,0,1.000,-3,-53,-3,-49,0.99,2.11,0.62,2.02,,,,,,,/78HD9,,alforan01
451,Anthony Alford,25,TOR,AL,8,6,1,43.0,6,6,0,0,0,1.000,-2,-59,-1,-28,1.26,2.16,0.75,2.08,,,,,,,/7H8D9,,alforan01
451,Anthony Alford,25,PIT,NL,5,4,3,30.0,2,2,0,0,0,1.000,-1,-44,-2,-80,0.60,2.04,0.40,1.94,,,,,,,/87H,,alforan01
452,Lucas Giolito,25,CHW,AL,12,12,1,72.1,8,2,5,1,0,.875,,,1,3,0.87,1.24,0.58,1.20,,,,,,,1,CYA-7,giolilu01
453,Travis Demeritte,25,DET,AL,15,8,6,72.0,25,24,0,1,0,.960,1,18,2,33,3.00,2.14,1.60,2.01,,,,,,,9/HD71,,demertr01
454,Zac Gallen,24,ARI,NL,12,12,0,72.0,7,3,4,0,1,1.000,,,-2,-6,0.88,1.45,0.58,1.38,,,,,,,1,CYA-9,galleza01
455,Aaron Nola,27,PHI,NL,12,12,2,71.1,9,5,4,0,0,1.000,,,-2,-6,1.14,1.45,0.75,1.38,,,,,,,1,CYA-7,nolaaa01
456,Meibrys Viloria,23,KCR,AL,15,7,3,71.0,66,62,3,1,0,.985,-2,-34,-2,-34,8.24,9.51,4.33,9.15,1,8,5,0,0.0,0,2,,vilorme01
457,Zack Wheeler,30,PHI,NL,11,11,0,71.0,17,4,12,1,3,.941,,,1,3,2.03,1.45,1.45,1.38,,,,,,,1,CYA-12,wheelza01
458,Kyle Freeland,27,COL,NL,13,13,0,70.2,15,3,11,1,1,.933,,,0,0,1.78,1.45,1.08,1.38,,,,,,,1,,freelky01
459,Framber Valdez,26,HOU,AL,11,10,0,70.2,12,5,5,2,1,.833,,,-3,-8,1.27,1.25,0.91,1.20,,,,,,,1,CYA-11,valdefr01
460,Luis Castillo,27,CIN,NL,12,12,1,70.0,17,7,10,0,0,1.000,,,1,3,2.19,1.45,1.42,1.38,,,,,,,1,,castilu02
461,Marco Gonzales,28,SEA,AL,11,11,1,69.2,7,1,6,0,1,1.000,,,0,0,0.90,1.25,0.64,1.20,,,,,,,1,,gonzama02
462,Zach Davies,27,SDP,NL,12,12,0,69.1,12,5,7,0,0,1.000,,,0,0,1.56,1.45,1.00,1.38,,,,,,,1,,davieza02
463,Dinelson Lamet,27,SDP,NL,12,12,0,69.0,5,3,2,0,0,1.000,,,0,0,0.65,1.45,0.42,1.38,,,,,,,1,CYA-4,lametdi01
464,Carlos Carrasco,33,CLE,AL,12,12,0,68.0,9,2,6,1,1,.889,,,0,0,1.06,1.24,0.67,1.20,,,,,,,1,,carraca01
465,Jacob deGrom,32,NYM,NL,12,12,0,68.0,15,7,8,0,0,1.000,,,-2,-6,1.99,1.46,1.25,1.38,,,,,,,1,CYA-3,degroja01
466,Kyle Gibson,32,TEX,AL,12,12,1,67.1,12,6,6,0,0,1.000,,,0,0,1.60,1.24,1.00,1.20,,,,,,,1,,gibsoky01
467,Max Scherzer,35,WSN,NL,12,12,1,67.1,10,3,5,2,1,.800,,,-1,-3,1.07,1.44,0.67,1.38,,,,,,,1,,scherma01
468,Zack Greinke,36,HOU,AL,12,12,0,67.0,16,9,7,0,3,1.000,,,1,3,2.15,1.25,1.33,1.20,,,,,,,1,,greinza01
469,Hyun Jin Ryu,33,TOR,AL,12,12,0,67.0,6,1,5,0,0,1.000,,,1,3,0.81,1.25,0.50,1.20,,,,,,,1,CYA-3MVP-13,ryuhy01
470,Andrew Heaney,29,LAA,AL,12,12,0,66.2,9,3,6,0,1,1.000,,,0,0,1.22,1.26,0.75,1.20,,,,,,,1,,heanean01
471,Kenta Maeda,32,MIN,AL,11,11,0,66.2,13,1,11,1,0,.923,,,1,3,1.62,1.26,1.09,1.20,,,,,,,1,CYA-2,maedake01
472,Neil Walker,34,PHI,NL,14,7,4,66.2,38,25,13,0,4,1.000,-1,-11,0,0,5.13,5.27,2.38,4.15,,,,,,,/4HD3517,,walkene01
473,Jesús Sánchez,22,MIA,NL,10,8,8,66.0,18,17,0,1,0,.944,-1,-15,-1,-18,2.32,2.05,1.70,1.94,,,,,,,9/H,,sanchje02
474,Dylan Bundy,27,LAA,AL,11,11,1,65.2,13,7,6,0,0,1.000,,,1,3,1.78,1.25,1.18,1.20,,,,,,,1,CYA-9,bundydy01
475,Patrick Corbin,30,WSN,NL,11,11,0,65.2,10,1,8,1,1,.900,,,-2,-6,1.23,1.45,0.82,1.38,,,,,,,1,,corbipa01
476,Adam Wainwright,38,STL,NL,10,10,2,65.2,10,2,8,0,0,1.000,,,1,3,1.37,1.45,1.00,1.38,,,,,,,1,,wainwad01
477,Brady Singer,23,KCR,AL,12,12,0,64.1,12,3,7,2,0,.833,,,1,3,1.40,1.25,0.83,1.20,,,,,,,1,ROY-8,singebr01
478,Johnny Cueto,34,SFG,NL,12,12,0,63.1,8,3,5,0,0,1.000,,,1,3,1.14,1.45,0.67,1.38,,,,,,,1,,cuetojo01
479,Dallas Keuchel,32,CHW,AL,11,11,0,63.1,8,2,6,0,0,1.000,,,0,0,1.14,1.25,0.73,1.20,,,,,,,1,CYA-5MVP-17,keuchda01
480,Chris Bassitt,31,OAK,AL,11,11,0,63.0,8,3,4,1,1,.875,,,-2,-6,1.00,1.26,0.64,1.20,,,,,,,1,CYA-8,bassich01
481,José Berríos,26,MIN,AL,12,12,0,63.0,7,1,6,0,0,1.000,,,1,3,1.00,1.26,0.58,1.20,,,,,,,1,,berrijo01
482,Alec Mills,28,CHC,NL,11,11,1,62.1,16,4,12,0,1,1.000,,,4,13,2.31,1.44,1.45,1.38,,,,,,,1/H,,millsal02
483,Sergio Alcántara,23,DET,AL,10,7,4,62.0,19,7,10,2,3,.895,-3,-52,-3,-58,2.47,3.22,1.42,3.18,,,,,,,/45H,,alcanse01
484,Martín Pérez,29,BOS,AL,12,12,0,62.0,3,0,3,0,0,1.000,,,0,0,0.44,1.25,0.25,1.20,,,,,,,1,,perezma02
485,Steven Souza Jr.,31,CHC,NL,9,7,5,62.0,12,12,0,0,0,1.000,-1,-25,1,19,1.74,2.05,1.33,1.94,,,,,,,/97HD,,souzast01
486,Jon Lester,36,CHC,NL,12,12,0,61.0,7,2,4,1,0,.857,,,-1,-3,0.89,1.45,0.50,1.38,,,,,,,1,,lestejo01
487,Wyatt Mathisen,26,ARI,NL,7,7,7,61.0,21,6,13,2,4,.905,0,0,0,0,2.80,2.71,2.71,2.59,,,,,,,/5DH,,mathiwy01
488,Jorge Soler,28,KCR,AL,8,8,5,61.0,12,12,0,0,0,1.000,0,0,-1,-20,1.77,2.15,1.50,2.08,,,,,,,D/9H,,solerjo01
489,Jake Fraley,25,SEA,AL,7,7,7,60.2,20,19,1,0,0,1.000,2,47,1,20,2.97,2.15,2.86,2.07,,,,,,,/97,,fraleja01
490,Matthew Boyd,29,DET,AL,12,12,1,60.1,4,1,3,0,1,1.000,,,0,0,0.60,1.25,0.33,1.20,,,,,,,1,,boydma01
491,Tomás Nido,26,NYM,NL,7,7,7,60.0,59,57,1,1,0,.983,0,0,0,0,8.70,9.65,8.29,9.17,1,0,5,1,16.7,0,/2,,nidoto01
492,Beau Taylor,30,CLE,AL,7,7,6,60.0,80,73,6,1,0,.988,1,20,1,20,11.85,9.51,11.29,9.16,0,3,2,2,50.0,0,/2,,taylobe11
493,Tyler Anderson,30,SFG,NL,13,11,1,59.2,11,2,8,1,1,.909,,,2,7,1.51,1.45,0.77,1.38,,,,,,,1,,anderty01
494,Corbin Burnes,25,MIL,NL,12,9,0,59.2,11,2,7,2,0,.818,,,-1,-3,1.36,1.45,0.75,1.38,,,,,,,1,CYA-6,burneco01
495,Kevin Gausman,29,SFG,NL,12,10,0,59.2,5,3,2,0,1,1.000,,,-1,-3,0.75,1.45,0.42,1.38,,,,,,,1,,gausmke01
496,Zach Eflin,26,PHI,NL,11,10,1,59.0,10,1,9,0,0,1.000,,,1,3,1.53,1.45,0.91,1.38,,,,,,,1,,eflinza01
497,Mike Fiers,35,OAK,AL,11,11,0,59.0,8,3,5,0,0,1.000,,,-1,-3,1.22,1.25,0.73,1.20,,,,,,,1,,fiersmi01
498,Jesús Luzardo,22,OAK,AL,12,9,0,59.0,13,6,6,1,1,.923,,,0,0,1.83,1.25,1.00,1.20,,,,,,,1,ROY-8,luzarje01
499,Chris Paddack,24,SDP,NL,12,12,0,59.0,12,3,7,2,1,.833,,,-1,-3,1.53,1.45,0.83,1.38,,,,,,,1,,paddach01
500,Rick Porcello,31,NYM,NL,12,12,0,59.0,7,3,4,0,0,1.000,,,0,0,1.07,1.45,0.58,1.38,,,,,,,1,,porceri01
501,Dylan Cease,24,CHW,AL,12,12,0,58.1,9,6,3,0,0,1.000,,,0,0,1.39,1.25,0.75,1.20,,,,,,,1,,ceasedy01
502,Clayton Kershaw,32,LAD,NL,10,10,0,58.1,5,1,4,0,0,1.000,,,0,0,0.77,1.45,0.50,1.38,,,,,,,1,CYA-9,kershcl01
503,Jordan Lyles,29,TEX,AL,12,9,0,57.2,11,1,8,2,0,.818,,,1,3,1.40,1.25,0.75,1.20,,,,,,,1,,lylesjo01
504,Tyler Glasnow,26,TBR,AL,11,11,0,57.1,9,4,5,0,0,1.000,,,-1,-3,1.41,1.26,0.82,1.20,,,,,,,1,,glasnty01
505,Pablo López,24,MIA,NL,11,11,0,57.1,15,11,4,0,0,1.000,,,1,3,2.35,1.44,1.36,1.38,,,,,,,1,,lopezpa01
506,Joe Hudson,29,SEA,AL,9,6,4,57.0,60,57,3,0,0,1.000,-1,-21,-2,-42,9.47,9.51,6.67,9.16,1,3,4,0,0.0,0,/2,,hudsojo03
507,Spencer Turnbull,27,DET,AL,11,11,0,56.2,13,7,5,1,3,.923,,,-3,-11,1.91,1.25,1.09,1.20,,,,,,,1,,turnbsp01
508,Mike Minor,32,2TM,AL,12,11,1,56.2,11,4,6,1,0,.909,,,1,4,1.59,1.25,0.83,1.20,,,,,,,1,,minormi01
508,Mike Minor,32,TEX,AL,7,7,0,35.1,7,2,4,1,0,.857,,,1,6,1.53,1.25,0.86,1.20,,,,,,,/1,,minormi01
508,Mike Minor,32,OAK,AL,5,4,1,21.1,4,2,2,0,0,1.000,,,0,0,1.69,1.27,0.80,1.20,,,,,,,/1,,minormi01
509,Griffin Canning,24,LAA,AL,11,11,0,56.1,16,7,8,1,1,.938,,,2,7,2.40,1.25,1.36,1.20,,,,,,,1,GG,cannigr01
510,Danny Duffy,31,KCR,AL,12,11,0,56.1,5,0,5,0,1,1.000,,,-1,-4,0.80,1.25,0.42,1.20,,,,,,,1,,duffyda01
511,Daniel Robertson,26,SFG,NL,12,5,4,56.1,16,6,10,0,3,1.000,-1,-19,-1,-21,2.56,3.47,1.23,3.11,,,,,,,/6457H9D,,roberda10
512,Max Fried,26,ATL,NL,11,11,0,56.0,17,1,15,1,1,.941,,,5,18,2.57,1.45,1.45,1.38,,,,,,,1,CYA-5MVP-18GG,friedma01
513,Sonny Gray,30,CIN,NL,11,11,0,56.0,12,5,6,1,0,.917,,,1,4,1.77,1.45,1.00,1.38,,,,,,,1,,grayso01
514,Adrian Houser,27,MIL,NL,12,11,0,56.0,9,2,7,0,0,1.000,,,-1,-4,1.45,1.45,0.75,1.38,,,,,,,1,,housead01
515,Dustin May,22,LAD,NL,12,10,0,56.0,8,1,6,1,0,.875,,,0,0,1.13,1.45,0.58,1.38,,,,,,,1,ROY-5,maydu01
516,Ryan Yarbrough,28,TBR,AL,11,9,0,55.2,10,2,8,0,0,1.000,,,0,0,1.62,1.24,0.91,1.20,,,,,,,1,,yarbrry01
517,Zach Plesac,25,CLE,AL,8,8,0,55.1,13,5,8,0,0,1.000,,,2,7,2.11,1.25,1.63,1.20,,,,,,,/1,,plesaza01
518,Justus Sheffield,24,SEA,AL,10,10,0,55.1,11,4,7,0,1,1.000,,,1,4,1.79,1.25,1.10,1.20,,,,,,,1,,sheffju01
519,Trevor Williams,28,PIT,NL,11,11,0,55.1,11,3,6,2,0,.818,,,-1,-4,1.46,1.45,0.82,1.38,,,,,,,1,,willitr01
520,Jorge Mateo,25,SDP,NL,12,5,2,55.0,22,13,9,0,1,1.000,0,7,0,0,3.60,2.75,1.83,2.72,,,,,,,H/4D798,,mateojo01
521,Lance McCullers Jr.,26,HOU,AL,11,11,0,55.0,18,11,6,1,0,.944,,,1,4,2.78,1.24,1.55,1.20,,,,,,,1,,mcculla02
522,Julio Urías,23,LAD,NL,11,10,0,55.0,5,2,3,0,0,1.000,,,-1,-4,0.82,1.46,0.45,1.38,,,,,,,1,,uriasju01
523,Franklin Barreto,24,2TM,AL,13,6,3,55.0,25,11,13,1,2,.960,1,17,-1,-22,3.93,3.50,1.85,3.44,,,,,,,H/465D7,,barrefr02
523,Franklin Barreto,24,OAK,AL,7,1,0,18.0,7,2,5,0,1,1.000,0,27,0,0,3.50,3.90,1.00,3.76,,,,,,,H/46D,,barrefr02
523,Franklin Barreto,24,LAA,AL,6,5,3,37.0,18,9,8,1,1,.944,0,13,-1,-32,4.14,3.31,2.83,3.07,,,,,,,/4567H,,barrefr02
524,Brad Keller,24,KCR,AL,9,9,1,54.2,11,4,7,0,0,1.000,,,0,0,1.81,1.25,1.22,1.20,,,,,,,/1,,kellebr01
525,Cristian Javier,23,HOU,AL,12,10,0,54.1,5,3,2,0,1,1.000,,,0,0,0.83,1.24,0.42,1.20,,,,,,,1,ROY-3,javiecr01
526,Logan Webb,23,SFG,NL,13,11,0,54.1,5,4,1,0,0,1.000,,,-3,-11,0.83,1.44,0.38,1.38,,,,,,,1,,webblo01
527,Sean Manaea,28,OAK,AL,11,11,0,54.0,5,0,5,0,0,1.000,,,-3,-11,0.83,1.25,0.45,1.20,,,,,,,1,,manaese01
528,Ramón Urías,26,BAL,AL,8,6,5,54.0,30,11,15,4,8,.867,-3,-64,-2,-44,4.33,3.87,2.89,3.73,,,,,,,/64H,,uriasra01
529,Taijuan Walker,27,2TM,AL,11,11,0,53.1,7,1,5,1,0,.857,,,0,0,1.01,1.27,0.55,1.20,,,,,,,1,,walketa01
529,Taijuan Walker,27,SEA,AL,5,5,0,27.0,3,0,3,0,0,1.000,,,1,7,1.00,1.27,0.60,1.20,,,,,,,/1,,walketa01
529,Taijuan Walker,27,TOR,AL,6,6,0,26.1,4,1,2,1,0,.750,,,-1,-8,1.03,1.26,0.50,1.20,,,,,,,/1,,walketa01
530,Frankie Montas,27,OAK,AL,11,11,0,53.0,4,3,1,0,0,1.000,,,0,0,0.68,1.26,0.36,1.20,,,,,,,1,,montafr02
531,Aníbal Sánchez,36,WSN,NL,11,11,0,53.0,11,5,5,1,1,.909,,,0,0,1.70,1.44,0.91,1.38,,,,,,,1,,sanchan01
532,Yolmer Sánchez,28,CHW,AL,9,6,5,52.2,19,5,13,1,0,.947,0,9,0,0,3.08,3.01,1.80,2.84,,,,,,,/5H6D14,,sanchca01
533,Alex Cobb,32,BAL,AL,10,10,0,52.1,11,1,8,2,0,.818,,,0,0,1.55,1.26,0.90,1.20,,,,,,,1,,cobbal01
534,Alejandro Kirk,21,TOR,AL,7,6,6,52.0,49,48,1,0,0,1.000,-1,-23,0,0,8.48,9.50,7.00,9.16,0,4,4,0,0.0,0,/2DH,,kirkal01
535,J.D. Martinez,32,BOS,AL,6,6,4,52.0,9,9,0,0,0,1.000,0,-9,-2,-46,1.56,2.15,1.50,2.07,,,,,,,*D/97,,martijd02
536,Luke Weaver,26,ARI,NL,12,12,0,52.0,6,2,4,0,0,1.000,,,1,4,1.04,1.45,0.50,1.38,,,,,,,1,,weavelu01
537,Jordy Mercer,33,2TM,AL,9,6,4,52.0,18,13,5,0,1,1.000,0,-5,-1,-23,3.12,4.33,1.80,4.25,,,,,,,/635H,,mercejo03
537,Jordy Mercer,33,DET,AL,3,2,1,19.0,7,6,1,0,0,1.000,0,13,0,0,3.32,5.26,1.75,5.18,,,,,,,/35H,,mercejo03
537,Jordy Mercer,33,NYY,AL,6,4,3,33.0,11,7,4,0,1,1.000,0,-15,-1,-36,3.00,3.79,1.83,3.63,,,,,,,/6,,mercejo03
538,Robbie Ray,28,2TM,2LG,12,11,0,51.2,7,1,6,0,0,1.000,,,0,0,1.22,1.38,0.58,1.31,,,,,,,1,,rayro02
538,Robbie Ray,28,ARI,NL,7,7,0,31.0,1,0,1,0,0,1.000,,,-1,-6,0.29,1.45,0.14,1.39,,,,,,,/1,,rayro02
538,Robbie Ray,28,TOR,AL,5,4,0,20.2,6,1,5,0,0,1.000,,,1,10,2.61,1.26,1.20,1.20,,,,,,,/1,,rayro02
539,Garrett Richards,32,SDP,NL,14,10,0,51.1,10,7,3,0,0,1.000,,,0,0,1.75,1.46,0.71,1.38,,,,,,,1,,richaga01
540,Willie Calhoun,25,TEX,AL,8,6,2,51.0,11,11,0,0,0,1.000,-1,-24,-1,-24,1.94,2.15,1.38,2.08,,,,,,,D/7H,,calhowi01
541,Erick Fedde,27,WSN,NL,11,8,0,50.1,16,4,12,0,2,1.000,,,2,8,2.86,1.45,1.45,1.38,,,,,,,1,,feddeer01
542,Kris Bubic,22,KCR,AL,10,10,0,50.0,4,1,3,0,0,1.000,,,0,0,0.72,1.24,0.40,1.20,,,,,,,1,,bubickr01
543,Howie Kendrick,36,WSN,NL,6,6,4,50.0,33,28,4,1,3,.970,-1,-14,0,0,5.76,8.33,5.33,7.92,,,,,,,D/3,,kendrho01
544,Rangel Ravelo,28,STL,NL,7,6,4,50.0,23,21,2,0,2,1.000,-1,-29,0,0,4.14,4.01,2.88,4.19,,,,,,,/D93H7,,ravelra01
545,Blake Snell,27,TBR,AL,11,11,0,50.0,8,1,7,0,0,1.000,,,1,4,1.44,1.24,0.73,1.20,,,,,,,1,,snellbl01
546,David Peterson,24,NYM,NL,10,9,0,49.2,9,3,6,0,0,1.000,,,3,12,1.63,1.45,0.90,1.38,,,,,,,1,,peterda01
547,Austin Voth,28,WSN,NL,11,11,1,49.2,6,4,2,0,1,1.000,,,-1,-4,1.09,1.45,0.55,1.38,,,,,,,1,,vothau01
548,J.A. Happ,37,NYY,AL,9,9,0,49.1,7,2,5,0,0,1.000,,,1,4,1.28,1.24,0.78,1.20,,,,,,,/1,,happja01
549,Travis Jankowski,29,CIN,NL,13,3,2,49.1,11,11,0,0,0,1.000,1,27,0,0,2.01,2.04,0.85,1.94,,,,,,,/8H97D,,jankotr01
550,Ross Stripling,30,2TM,2LG,12,9,0,49.1,10,4,5,1,0,.900,,,-1,-4,1.64,1.39,0.75,1.31,,,,,,,1,,stripro01
550,Ross Stripling,30,LAD,NL,7,7,0,33.2,4,1,2,1,0,.750,,,-2,-12,0.80,1.44,0.43,1.39,,,,,,,/1,,stripro01
550,Ross Stripling,30,TOR,AL,5,2,0,15.2,6,3,3,0,0,1.000,,,1,13,3.45,1.26,1.20,1.20,,,,,,,/1,,stripro01
551,Nathan Eovaldi,30,BOS,AL,9,9,0,48.1,9,2,7,0,1,1.000,,,3,12,1.68,1.25,1.00,1.20,,,,,,,/1,,eovalna01
552,Eric Haase,27,DET,AL,7,5,5,48.1,55,52,2,1,0,.982,-1,-25,0,0,10.06,9.50,7.71,9.16,0,2,9,1,10.0,0,/2,,haaseer01
553,Masahiro Tanaka,31,NYY,AL,10,10,0,48.0,10,3,7,0,0,1.000,,,3,13,1.88,1.26,1.00,1.20,,,,,,,1,,tanakma01
554,Tyler Mahle,25,CIN,NL,10,9,0,47.2,6,0,6,0,1,1.000,,,1,4,1.13,1.45,0.60,1.38,,,,,,,1,,mahlety01
555,Tanner Roark,33,TOR,AL,11,11,0,47.2,5,3,2,0,0,1.000,,,0,0,0.94,1.25,0.45,1.20,,,,,,,1,,roarkta01
556,JT Brubaker,26,PIT,NL,11,9,0,47.1,5,3,2,0,1,1.000,,,0,0,0.95,1.45,0.45,1.38,,,,,,,1,,brubajt01
557,Brett Anderson,32,MIL,NL,10,10,0,47.0,8,2,6,0,0,1.000,,,1,4,1.53,1.46,0.80,1.38,,,,,,,1,,anderbr04
558,Isan Díaz,24,MIA,NL,7,6,5,47.0,29,11,18,0,6,1.000,0,10,-1,-26,5.55,3.98,4.14,3.79,,,,,,,/4,,diazis01
559,Kyle Garlick,28,PHI,NL,10,7,4,47.0,2,2,0,0,0,1.000,-4,-97,-2,-51,0.38,2.05,0.20,1.94,,,,,,,/79HD,,garliky01
560,Yusei Kikuchi,29,SEA,AL,9,9,0,47.0,8,3,5,0,0,1.000,,,0,0,1.53,1.24,0.89,1.20,,,,,,,/1,,kikucyu01
561,Randy Dobnak,25,MIN,AL,10,10,0,46.2,11,5,6,0,0,1.000,,,0,0,2.12,1.25,1.10,1.20,,,,,,,1,,dobnara01
562,Tony Gonsolin,26,LAD,NL,9,8,0,46.2,8,4,4,0,0,1.000,,,1,4,1.54,1.45,0.89,1.38,,,,,,,/1,ROY-4,gonsoto01
563,Chad Kuhl,27,PIT,NL,11,9,0,46.1,11,6,5,0,1,1.000,,,0,0,2.14,1.46,1.00,1.38,,,,,,,1,,kuhlch01
564,Alex Young,26,ARI,NL,15,7,0,46.1,6,2,4,0,0,1.000,,,1,4,1.17,1.46,0.40,1.38,,,,,,,1,,youngal01
565,Sherten Apostel,21,TEX,AL,7,6,5,46.0,39,33,4,2,4,.949,-1,-34,-2,-52,7.24,7.20,5.29,6.33,,,,,,,/35,,apostsh01
566,Nicky Delmonico,27,CHW,AL,6,6,3,46.0,9,9,0,0,0,1.000,-2,-60,-1,-26,1.76,2.15,1.50,2.07,,,,,,,/97,,delmoni01
567,Justin Dunn,24,SEA,AL,10,10,0,45.2,4,3,1,0,0,1.000,,,-2,-9,0.79,1.24,0.40,1.20,,,,,,,1,,dunnju01
568,Josh Lindblom,33,MIL,NL,12,10,0,45.1,3,2,1,0,0,1.000,,,0,0,0.60,1.45,0.25,1.38,,,,,,,1,,lindbjo01
569,Jake Arrieta,34,PHI,NL,9,9,0,44.1,10,2,8,0,0,1.000,,,1,5,2.03,1.44,1.11,1.38,,,,,,,/1,,arrieja01
570,Mason Williams,28,BAL,AL,9,4,2,44.1,6,6,0,0,0,1.000,0,-3,0,0,1.22,2.15,0.67,2.07,,,,,,,/78H9,,willima10
571,Luis Alexander Basabe,23,SFG,NL,8,4,3,44.0,12,12,0,0,0,1.000,1,25,1,27,2.45,2.05,1.50,1.94,,,,,,,/97H,,basablu01
572,Lorenzo Cain,34,MIL,NL,5,5,5,44.0,11,11,0,0,0,1.000,0,0,1,27,2.25,2.05,2.20,1.94,,,,,,,/8,,cainlo01
573,Jordan Montgomery,27,NYY,AL,10,10,0,44.0,8,1,4,3,0,.625,,,-3,-14,1.02,1.25,0.50,1.20,,,,,,,1,,montgjo01
574,John Means,27,BAL,AL,10,10,0,43.2,6,0,6,0,0,1.000,,,0,0,1.24,1.26,0.60,1.20,,,,,,,1,,meansjo01
575,Ryan Castellani,24,COL,NL,10,9,0,43.1,7,4,3,0,1,1.000,,,0,0,1.45,1.45,0.70,1.38,,,,,,,1,,castery01
576,Taylor Clarke,27,ARI,NL,12,5,0,43.1,8,5,3,0,1,1.000,,,0,0,1.66,1.45,0.67,1.38,,,,,,,1,,clarkta01
577,Ryan Weber,29,BOS,AL,17,5,0,43.0,11,5,6,0,0,1.000,,,1,5,2.30,1.26,0.65,1.20,,,,,,,1,,weberry01
578,Steven Brault,28,PIT,NL,11,10,1,42.2,7,1,6,0,1,1.000,,,1,5,1.48,1.46,0.64,1.38,,,,,,,1,,braulst01
579,Sandy Alcantara,24,MIA,NL,7,7,0,42.0,5,1,4,0,0,1.000,,,-1,-5,1.07,1.46,0.71,1.39,,,,,,,/1,,alcansa01
580,Madison Bumgarner,30,ARI,NL,9,9,0,41.2,7,2,3,2,0,.714,,,0,0,1.08,1.45,0.56,1.38,,,,,,,/1,,bumgama01
581,Mike Clevinger,29,2TM,2LG,8,8,1,41.2,7,2,4,1,0,.857,,,1,5,1.30,1.36,0.75,1.29,,,,,,,/1,,clevimi01
581,Mike Clevinger,29,CLE,AL,4,4,0,22.2,4,1,2,1,0,.750,,,1,9,1.19,1.27,0.75,1.20,,,,,,,/1,,clevimi01
581,Mike Clevinger,29,SDP,NL,4,4,1,19.0,3,1,2,0,0,1.000,,,0,0,1.42,1.47,0.75,1.38,,,,,,,/1,,clevimi01
582,Nick Margevicius,24,SEA,AL,10,7,0,41.1,6,2,4,0,1,1.000,,,0,0,1.31,1.24,0.60,1.20,,,,,,,1,,margeni01
583,Derek Holland,33,PIT,NL,12,5,0,40.2,7,2,3,2,0,.714,,,1,5,1.11,1.46,0.42,1.38,,,,,,,1,,hollade01
584,Jack Flaherty,24,STL,NL,9,9,0,40.1,5,1,4,0,0,1.000,,,1,5,1.12,1.45,0.56,1.38,,,,,,,/1,,flaheja01
585,Christian Colón,31,CIN,NL,8,4,4,40.0,16,6,10,0,3,1.000,0,-3,-1,-30,3.60,4.10,2.00,4.30,,,,,,,/4DH3,,colonch01
586,Joe Musgrove,27,PIT,NL,8,8,0,39.2,15,7,8,0,0,1.000,,,2,10,3.40,1.45,1.88,1.38,,,,,,,/1,,musgrjo01
587,Josh Tomlin,35,ATL,NL,17,5,0,39.2,5,2,3,0,1,1.000,,,-2,-10,1.13,1.45,0.29,1.38,,,,,,,1,,tomlijo01
588,Jon Gray,28,COL,NL,8,8,0,39.0,7,5,2,0,0,1.000,,,0,0,1.62,1.45,0.88,1.38,,,,,,,/1,,grayjo02
589,Dakota Hudson,25,STL,NL,8,8,0,39.0,9,5,4,0,0,1.000,,,1,5,2.08,1.45,1.13,1.38,,,,,,,/1,,hudsoda02
590,Kwang Hyun Kim,31,STL,NL,8,7,0,39.0,4,1,3,0,0,1.000,,,0,0,0.92,1.45,0.50,1.38,,,,,,,/1,,kimkw01
591,Sixto Sánchez,21,MIA,NL,7,7,1,39.0,8,3,5,0,1,1.000,,,1,5,1.85,1.45,1.14,1.39,,,,,,,/1,ROY-7,sanchsi01
592,Jorge López,27,2TM,AL,10,6,0,39.0,9,4,5,0,1,1.000,,,0,0,2.08,1.25,0.90,1.20,,,,,,,1,,lopezjo02
592,Jorge López,27,KCR,AL,1,0,0,0.2,0,0,0,0,0,,,,0,0,0.00,1.35,0.00,1.20,,,,,,,/1,,lopezjo02
592,Jorge López,27,BAL,AL,9,6,0,38.1,9,4,5,0,1,1.000,,,0,0,2.11,1.24,1.00,1.20,,,,,,,/1,,lopezjo02
593,Tommy Milone,33,2TM,2LG,9,9,0,39.0,2,0,2,0,0,1.000,,,-1,-5,0.46,1.32,0.22,1.26,,,,,,,/1,,milonto01
593,Tommy Milone,33,BAL,AL,6,6,0,29.1,1,0,1,0,0,1.000,,,-1,-7,0.31,1.26,0.17,1.20,,,,,,,/1,,milonto01
593,Tommy Milone,33,ATL,NL,3,3,0,9.2,1,0,1,0,0,1.000,,,0,0,0.93,1.49,0.33,1.37,,,,,,,/1,,milonto01
594,Rich Hill,40,MIN,AL,8,8,0,38.2,5,0,4,1,0,.800,,,0,0,0.93,1.26,0.50,1.20,,,,,,,/1,,hillri01
595,Andrew Knizner,25,STL,NL,7,4,4,38.0,47,40,6,1,0,.979,1,32,0,0,10.89,9.64,6.57,9.17,1,2,1,2,66.7,0,/2HD,,kniznan01
596,Charlie Morton,36,TBR,AL,9,9,0,38.0,3,2,1,0,0,1.000,,,1,5,0.71,1.26,0.33,1.20,,,,,,,/1,,mortoch02
597,Mark Payton,28,CIN,NL,6,6,3,38.0,6,6,0,0,0,1.000,0,-13,0,0,1.42,2.04,1.00,1.93,,,,,,,/7HD,,paytoma01
598,Matt Thaiss,25,LAA,AL,5,4,4,38.0,20,15,4,1,2,.950,-3,-85,-2,-63,4.50,5.90,3.80,4.84,,,,,,,/3D457H,,thaisma01
599,Kyle Wright,24,ATL,NL,8,8,0,38.0,7,4,3,0,0,1.000,,,-1,-5,1.66,1.44,0.88,1.38,,,,,,,/1,,wrighky01
600,Michael Lorenzen,28,CIN,NL,21,2,0,37.2,8,4,4,0,0,1.000,0,-10,0,0,1.91,1.51,0.38,1.46,,,,,,,1/H8,,lorenmi01
601,Jared Oliva,24,PIT,NL,5,4,4,37.2,4,4,0,0,0,1.000,0,10,0,0,0.96,2.03,0.80,1.94,,,,,,,/78H,,olivaja01
602,Wilmer Difo,28,WSN,NL,10,2,2,37.0,10,4,6,0,1,1.000,-1,-23,0,0,2.43,3.50,1.00,3.48,,,,,,,/46H5D,,difowi01
603,Rob Refsnyder,29,TEX,AL,7,4,1,37.0,24,23,1,0,3,1.000,1,42,2,65,5.84,5.42,3.43,5.37,,,,,,,/D3H97,,refsnro01
604,Asher Wojciechowski,31,BAL,AL,10,7,0,37.0,5,3,2,0,0,1.000,,,-1,-5,1.22,1.24,0.50,1.20,,,,,,,1,,wojcias01
605,Walker Buehler,25,LAD,NL,8,8,0,36.2,6,3,3,0,0,1.000,,,0,0,1.47,1.45,0.75,1.38,,,,,,,/1,,buehlwa01
606,Seth Lugo,30,NYM,NL,16,7,0,36.2,7,4,3,0,0,1.000,,,0,0,1.72,1.45,0.44,1.38,,,,,,,1,,lugose01
607,Patrick Sandoval,23,LAA,AL,9,6,0,36.2,7,1,5,1,0,.857,,,1,5,1.47,1.25,0.67,1.20,,,,,,,/1,,sandopa02
608,Tyler Alexander,25,DET,AL,14,2,0,36.1,8,1,7,0,1,1.000,,,2,11,1.98,1.24,0.57,1.20,,,,,,,1,,alexaty01
609,Yu Chang,24,CLE,AL,8,3,1,36.0,18,5,12,1,2,.944,1,47,2,67,4.25,3.48,1.89,3.30,,,,,,,/6H54,,changyu01
610,Mickey Moniak,22,PHI,NL,6,4,4,36.0,14,12,0,2,0,.857,-1,-30,0,0,3.00,2.05,2.00,1.93,,,,,,,/7H9D,,moniami01
611,Andrew Young,26,ARI,NL,6,4,2,36.0,13,5,5,3,3,.769,-2,-67,-3,-100,2.50,3.23,1.25,3.11,,,,,,,/4D5H7,,youngan02
612,Tejay Antone,26,CIN,NL,13,4,0,35.1,8,6,2,0,1,1.000,,,0,0,2.04,1.45,0.62,1.38,,,,,,,1,,antonte01
613,Nick Heath,26,KCR,AL,7,4,3,35.0,7,7,0,0,0,1.000,1,21,1,34,1.80,2.16,1.00,2.07,,,,,,,/H8D7,,heathni01
614,Donovan Walton,26,SEA,AL,5,4,4,35.0,12,5,7,0,3,1.000,0,10,0,0,3.09,3.83,2.40,3.70,,,,,,,/64,,waltodo01
615,Thomas Eshelman,26,BAL,AL,12,4,0,34.2,3,1,2,0,0,1.000,,,0,0,0.78,1.25,0.25,1.20,,,,,,,1,,eshelto01
616,Deivi García,21,NYY,AL,6,6,0,34.1,6,2,2,2,0,.667,,,-1,-6,1.05,1.26,0.67,1.20,,,,,,,/1,,garcide01
617,Dane Dunning,25,CHW,AL,7,7,0,34.0,7,3,3,1,0,.857,,,1,6,1.59,1.24,0.86,1.20,,,,,,,/1,,dunnida01
618,José Martínez,31,TBR,AL,6,4,2,34.0,33,31,2,0,2,1.000,0,14,0,0,8.74,8.18,5.50,7.87,,,,,,,D/H3,,martijo08
619,Brendan Rodgers,23,COL,NL,5,4,2,34.0,14,9,5,0,2,1.000,0,-7,-1,-35,3.71,3.97,2.33,3.77,,,,,,,/4H6D,,rodgebr02
620,Vince Velasquez,28,PHI,NL,9,7,0,34.0,10,1,8,1,0,.900,,,1,6,2.38,1.46,1.00,1.38,,,,,,,/1,,velasvi01
621,Michael Wacha,28,NYM,NL,8,7,0,34.0,5,2,3,0,0,1.000,,,0,0,1.32,1.46,0.63,1.38,,,,,,,/1,,wachami01
622,Kolby Allard,22,TEX,AL,11,8,0,33.2,2,0,2,0,0,1.000,,,0,0,0.53,1.26,0.18,1.20,,,,,,,1,,allarko01
623,Chase Anderson,32,TOR,AL,10,7,0,33.2,2,1,1,0,0,1.000,,,0,0,0.53,1.26,0.20,1.20,,,,,,,1,,anderch01
624,Anthony DeSclafani,30,CIN,NL,9,7,0,33.2,7,4,3,0,0,1.000,,,0,0,1.87,1.44,0.78,1.38,,,,,,,/1,,desclan01
625,Triston McKenzie,22,CLE,AL,8,6,0,33.1,4,0,4,0,0,1.000,,,1,6,1.08,1.24,0.50,1.20,,,,,,,/1,,mckentr01
626,Daniel Johnson,24,CLE,AL,5,4,3,33.0,2,2,0,0,0,1.000,0,-4,0,0,0.55,2.15,0.40,2.08,,,,,,,/97H,,johnsda07
627,Erick Mejia,25,KCR,AL,7,3,3,33.0,9,3,5,1,1,.889,-3,-120,-2,-73,2.18,2.51,1.14,2.56,,,,,,,/5H74,,mejiaer01
628,Derek Hill,24,DET,AL,10,1,1,32.2,10,9,0,1,0,.900,-1,-44,0,0,2.48,2.15,0.90,2.07,,,,,,,8/HD,,hillde01
629,Daniel Ponce de Leon,28,STL,NL,9,8,0,32.2,5,4,1,0,0,1.000,,,0,0,1.38,1.46,0.56,1.38,,,,,,,/1,,ponceda01
630,Ian Anderson,22,ATL,NL,6,6,0,32.1,4,2,1,1,0,.750,,,-1,-6,0.84,1.45,0.50,1.38,,,,,,,/1,ROY-7,anderia01
631,Jaime Barria,23,LAA,AL,7,5,0,32.1,4,2,2,0,0,1.000,,,0,0,1.11,1.25,0.57,1.20,,,,,,,/1,,barrija01
632,Josh Fleming,24,TBR,AL,7,5,0,32.1,8,0,8,0,1,1.000,,,0,0,2.23,1.25,1.14,1.20,,,,,,,/1,,flemijo01
633,Matt Andriese,30,LAA,AL,16,1,0,32.0,7,4,3,0,0,1.000,,,0,0,1.97,1.24,0.44,1.20,,,,,,,1,,andrima01
634,Willians Astudillo,28,MIN,AL,6,4,2,32.0,41,40,1,0,0,1.000,-1,-38,-1,-38,11.53,9.51,6.83,9.15,2,3,1,0,0.0,0,/2H,,astudwi01
635,Brandon Bielak,24,HOU,AL,12,6,0,32.0,7,3,4,0,1,1.000,,,-1,-6,1.97,1.24,0.58,1.20,,,,,,,1,,bielabr01
636,Trevor Richards,27,TBR,AL,9,4,0,32.0,3,0,3,0,1,1.000,,,0,0,0.84,1.24,0.33,1.20,,,,,,,/1,,richatr01
637,Ali Sánchez,23,NYM,NL,5,4,4,32.0,29,29,0,0,0,1.000,-1,-38,0,0,8.16,9.65,5.80,9.18,1,2,3,0,0.0,0,/2,,sanchal04
638,Tarik Skubal,23,DET,AL,8,7,0,32.0,3,0,3,0,1,1.000,,,0,0,0.84,1.24,0.38,1.20,,,,,,,/1,,skubata01
639,Cal Quantrill,25,2TM,2LG,18,3,0,32.0,6,0,4,2,0,.667,,,0,0,1.13,1.35,0.22,1.30,,,,,,,1,,quantca01
639,Cal Quantrill,25,SDP,NL,10,1,0,17.1,3,0,1,2,0,.333,,,-1,-12,0.52,1.45,0.10,1.38,,,,,,,1,,quantca01
639,Cal Quantrill,25,CLE,AL,8,2,0,14.2,3,0,3,0,0,1.000,,,1,14,1.84,1.23,0.38,1.20,,,,,,,/1,,quantca01
640,Gio González,34,CHW,AL,12,4,0,31.2,3,1,2,0,0,1.000,,,1,6,0.85,1.25,0.25,1.20,,,,,,,1,,gonzagi01
641,Brent Suter,30,MIL,NL,16,4,0,31.2,6,0,5,1,0,.833,,,-1,-6,1.42,1.45,0.31,1.38,,,,,,,1,,suterbr01
642,Merrill Kelly,31,ARI,NL,5,5,0,31.1,10,7,3,0,0,1.000,,,0,0,2.87,1.44,2.00,1.38,,,,,,,/1,,kellyme01
643,Julio Teheran,29,LAA,AL,10,9,0,31.1,8,2,5,1,0,.875,,,0,0,2.01,1.24,0.70,1.20,,,,,,,1,,teherju01
644,Jaylin Davis,25,SFG,NL,4,4,3,31.0,10,8,1,1,0,.900,-1,-39,-1,-39,2.61,2.03,2.25,1.95,,,,,,,/9,,davisja03
645,Brandon Dixon,28,DET,AL,5,3,1,31.0,20,18,2,0,1,1.000,0,4,1,39,5.81,5.81,2.86,5.63,,,,,,,/37H4,,dixonbr01
646,Jonathan Hernández,23,TEX,AL,27,0,0,31.0,7,2,4,1,1,.857,,,0,0,1.74,1.25,0.22,1.20,,,,,,,1,,hernajo02
647,Garrett Stubbs,27,HOU,AL,11,1,1,31.0,26,26,0,0,0,1.000,1,23,0,0,7.55,7.20,2.36,7.22,0,1,1,0,0.0,0,/2H7,,stubbga01
648,Steven Matz,29,NYM,NL,9,6,0,30.2,2,0,2,0,0,1.000,,,0,0,0.59,1.44,0.22,1.38,,,,,,,/1,,matzst01
649,Phillips Valdéz,28,BOS,AL,24,0,0,30.1,7,0,6,1,1,.857,,,1,7,1.78,1.25,0.25,1.20,,,,,,,1,,valdeph01
650,Scott Barlow,27,KCR,AL,32,0,0,30.0,3,0,2,1,0,.667,,,-1,-7,0.60,1.26,0.06,1.20,,,,,,,1,,barlosc01
651,Mike Mayers,28,LAA,AL,29,0,0,30.0,4,1,2,1,0,.750,,,-1,-7,0.90,1.26,0.10,1.20,,,,,,,1,,mayermi01
652,Chris Mazza,30,BOS,AL,9,6,0,30.0,5,0,4,1,0,.800,,,0,0,1.20,1.26,0.44,1.20,,,,,,,/1,,mazzach01
653,Max Schrock,25,STL,NL,7,4,2,30.0,11,4,7,0,0,1.000,-1,-48,1,40,3.30,3.48,1.38,3.20,,,,,,,/4H51D,,schroma01
654,Chris Stratton,29,PIT,NL,27,0,0,30.0,5,2,3,0,0,1.000,,,1,7,1.50,1.44,0.19,1.38,,,,,,,1,,stratch01
655,Daniel Castano,25,MIA,NL,7,6,0,29.2,3,0,3,0,0,1.000,,,2,13,0.91,1.46,0.43,1.39,,,,,,,/1,,castada01
656,José Cisnero,31,DET,AL,29,0,0,29.2,3,2,1,0,0,1.000,,,0,0,0.91,1.24,0.10,1.20,,,,,,,1,,cisnejo01
657,José Urquidy,25,HOU,AL,5,5,0,29.2,6,4,2,0,0,1.000,,,0,0,1.82,1.24,1.20,1.20,,,,,,,/1,,urquijo01
658,Freddy Peralta,24,MIL,NL,15,1,0,29.1,4,0,2,2,0,.500,,,0,0,0.61,1.44,0.13,1.38,,,,,,,1,,peralfr01
659,Austin Gomber,26,STL,NL,14,4,0,29.0,2,0,2,0,0,1.000,,,0,0,0.62,1.46,0.14,1.38,,,,,,,1,,gombeau01
660,Ryan Lavarnway,32,MIA,NL,5,3,3,29.0,36,35,1,0,0,1.000,0,0,0,0,11.17,9.65,7.20,9.18,0,1,1,1,50.0,0,/2,,lavarry01
661,Tyler Matzek,29,ATL,NL,21,0,0,29.0,5,0,4,1,0,.800,,,-1,-7,1.24,1.46,0.19,1.38,,,,,,,1,,matzety01
662,Matt Foster,25,CHW,AL,23,2,0,28.2,5,0,5,0,0,1.000,,,1,7,1.57,1.26,0.22,1.20,,,,,,,1,,fostema01
663,Zack Godley,30,BOS,AL,8,7,0,28.2,4,2,2,0,0,1.000,,,-1,-7,1.26,1.26,0.50,1.20,,,,,,,/1,,godleza01
664,Matt Shoemaker,33,TOR,AL,6,6,0,28.2,5,2,1,2,0,.600,,,-2,-14,0.94,1.26,0.50,1.20,,,,,,,/1,,shoemma01
665,Brian Dozier,33,NYM,NL,5,3,1,28.1,17,9,7,1,3,.941,0,-17,-2,-85,5.08,3.97,3.20,3.80,,,,,,,/4DH,,doziebr01
666,Greg Holland,34,KCR,AL,28,0,0,28.1,1,1,0,0,0,1.000,,,0,0,0.32,1.24,0.04,1.20,,,,,,,1,,hollagr01
667,Casey Mize,23,DET,AL,7,7,0,28.1,5,0,5,0,0,1.000,,,-1,-7,1.59,1.24,0.71,1.20,,,,,,,/1,,mizeca01
668,Jake Noll,26,WSN,NL,5,3,3,28.1,29,26,3,0,2,1.000,0,-17,-1,-42,9.21,8.26,5.80,6.86,,,,,,,/3HD5,,nollja01
669,Dawel Lugo,25,DET,AL,6,2,2,28.0,9,0,9,0,0,1.000,-1,-30,0,0,2.89,2.60,1.50,2.72,,,,,,,/5HD4,,lugoda01
670,Jason Martin,24,PIT,NL,5,3,3,28.0,6,6,0,0,0,1.000,-1,-43,-1,-43,1.93,2.03,1.20,1.94,,,,,,,/8H7,,martija03
671,Trevor Rogers,22,MIA,NL,7,7,0,28.0,2,0,2,0,0,1.000,,,0,0,0.64,1.45,0.29,1.39,,,,,,,/1,,rogertr01
672,Tyler Rogers,29,SFG,NL,29,0,0,28.0,9,3,6,0,0,1.000,,,1,7,2.89,1.45,0.31,1.38,,,,,,,1,,rogerty01
673,Yency Almonte,26,COL,NL,24,0,0,27.2,4,3,1,0,0,1.000,,,0,0,1.30,1.46,0.17,1.38,,,,,,,1,,almonye01
674,Michael Fulmer,27,DET,AL,10,10,0,27.2,5,2,3,0,2,1.000,,,-1,-7,1.63,1.24,0.50,1.20,,,,,,,1,,fulmemi01
675,Shane Greene,31,ATL,NL,28,0,0,27.2,3,1,2,0,0,1.000,,,0,0,0.98,1.46,0.11,1.38,,,,,,,1,,greensh02
676,Daniel Norris,27,DET,AL,14,1,0,27.2,6,2,4,0,0,1.000,,,1,7,1.95,1.24,0.43,1.20,,,,,,,1,,norrida01
677,Adam Plutko,28,CLE,AL,10,4,0,27.2,5,1,4,0,1,1.000,,,1,7,1.63,1.24,0.50,1.20,,,,,,,1,,plutkad01
678,Grant Dayton,32,ATL,NL,18,0,0,27.1,4,1,3,0,0,1.000,,,0,0,1.32,1.45,0.22,1.38,,,,,,,1,,daytogr01
679,Wandy Peralta,28,SFG,NL,25,0,0,27.1,12,3,8,1,0,.917,,,2,15,3.62,1.45,0.44,1.38,,,,,,,1,,peralwa01
680,James Karinchak,24,CLE,AL,27,0,0,27.0,0,0,0,0,0,,,,0,0,0.00,1.27,0.00,1.20,,,,,,,1,ROY-6,karinja01
681,Sean Rodríguez,35,MIA,NL,4,3,3,27.0,7,3,4,0,1,1.000,0,-4,-1,-44,2.33,3.33,1.75,3.33,,,,,,,/47,,rodrise01
682,Devin Williams,25,MIL,NL,22,0,0,27.0,4,2,1,1,0,.750,,,-1,-7,1.00,1.47,0.14,1.38,,,,,,,1,CYA-7MVP-18ROY-1,willide03
683,Jimmy Cordero,28,CHW,AL,30,0,0,26.2,5,1,3,1,0,.800,,,1,8,1.35,1.25,0.13,1.20,,,,,,,1,,cordeji01
684,Pete Fairbanks,26,TBR,AL,27,2,0,26.2,6,5,1,0,0,1.000,,,-1,-8,2.03,1.25,0.22,1.20,,,,,,,1,,fairbpe01
685,Jeurys Familia,30,NYM,NL,25,0,0,26.2,5,1,4,0,0,1.000,,,-1,-8,1.69,1.45,0.20,1.38,,,,,,,1,,familje01
686,Michael King,25,NYY,AL,9,4,0,26.2,7,2,4,1,0,.857,,,1,8,2.03,1.25,0.67,1.20,,,,,,,/1,,kingmi01
687,Félix Peña,30,LAA,AL,25,0,0,26.2,5,2,3,0,0,1.000,,,0,0,1.69,1.25,0.20,1.20,,,,,,,1,,penafe01
688,Michael Pineda,31,MIN,AL,5,5,0,26.2,3,1,2,0,0,1.000,,,-1,-8,1.01,1.25,0.60,1.20,,,,,,,/1,,pinedmi01
689,Robbie Erlin,29,2TM,NL,9,5,0,26.2,5,0,5,0,0,1.000,,,1,8,1.69,1.45,0.56,1.39,,,,,,,/1,,erlinro01
689,Robbie Erlin,29,PIT,NL,2,0,0,3.1,0,0,0,0,0,,,,0,0,0.00,1.35,0.00,1.40,,,,,,,/1,,erlinro01
689,Robbie Erlin,29,ATL,NL,7,5,0,23.1,5,0,5,0,0,1.000,,,1,9,1.93,1.47,0.71,1.39,,,,,,,/1,,erlinro01
690,Ty Buttrey,27,LAA,AL,27,0,0,26.1,3,2,1,0,0,1.000,,,0,0,1.03,1.26,0.11,1.20,,,,,,,1,,buttrty01
691,Thomas Hatch,25,TOR,AL,17,1,0,26.1,4,1,3,0,0,1.000,,,0,0,1.37,1.26,0.24,1.20,,,,,,,1,,hatchto01
692,Luke Jackson,28,ATL,NL,19,0,0,26.1,2,0,2,0,0,1.000,,,0,0,0.68,1.44,0.11,1.38,,,,,,,1,,jackslu01
693,Reynaldo López,26,CHW,AL,8,8,0,26.1,1,0,1,0,0,1.000,,,1,8,0.34,1.26,0.13,1.20,,,,,,,/1,,lopezre01
694,Josh A. Smith,32,MIA,NL,16,1,0,26.1,2,0,1,1,0,.500,,,-1,-8,0.34,1.44,0.06,1.38,,,,,,,1,,smithjo07
695,Drew Smyly,31,SFG,NL,7,5,0,26.1,3,2,1,0,0,1.000,,,-1,-8,1.03,1.44,0.43,1.39,,,,,,,/1,,smylydr01
696,Ryan Thompson,28,TBR,AL,25,1,0,26.1,6,1,5,0,1,1.000,,,2,15,2.05,1.26,0.24,1.20,,,,,,,1,,thompry02
697,Tyler Clippard,35,MIN,AL,26,2,0,26.0,2,1,1,0,0,1.000,,,-1,-8,0.69,1.25,0.08,1.20,,,,,,,1,,clippty01
698,Stefan Crichton,28,ARI,NL,26,0,0,26.0,1,1,0,0,0,1.000,,,0,0,0.35,1.45,0.04,1.38,,,,,,,1,,crichst01
699,Kelvin Gutiérrez,25,KCR,AL,3,3,3,26.0,7,2,5,0,2,1.000,0,9,-1,-46,2.42,2.56,2.33,2.47,,,,,,,/5DH,,gutieke01
700,Aaron Slegers,27,TBR,AL,11,1,0,26.0,5,2,3,0,0,1.000,,,1,8,1.73,1.25,0.45,1.20,,,,,,,1,,slegeaa01
701,Keegan Akin,25,BAL,AL,8,6,0,25.2,3,1,2,0,0,1.000,,,1,8,1.05,1.26,0.38,1.20,,,,,,,/1,,akinke01
702,Anthony Bass,32,TOR,AL,26,0,0,25.2,6,3,3,0,0,1.000,,,0,0,2.10,1.26,0.23,1.20,,,,,,,1,,bassan01
703,Colten Brewer,27,BOS,AL,11,4,0,25.2,4,1,3,0,0,1.000,,,1,8,1.40,1.26,0.36,1.20,,,,,,,1,,breweco01
704,Edwin Díaz,26,NYM,NL,26,0,0,25.2,1,0,0,1,0,.000,,,-1,-8,0.00,1.44,0.00,1.38,,,,,,,1,,diazed04
705,Chad Green,29,NYY,AL,22,0,0,25.2,3,0,3,0,0,1.000,,,1,8,1.05,1.26,0.14,1.20,,,,,,,1,,greench03
706,Elieser Hernández,25,MIA,NL,6,6,0,25.2,5,1,2,2,0,.600,,,0,0,1.05,1.44,0.50,1.38,,,,,,,/1,,hernael01
707,Travis Lakins Sr.,26,BAL,AL,22,0,0,25.2,1,1,0,0,0,1.000,,,0,0,0.35,1.26,0.05,1.20,,,,,,,1,,lakintr01
708,Lucas Sims,26,CIN,NL,20,0,0,25.2,7,7,0,0,0,1.000,,,0,0,2.45,1.44,0.35,1.38,,,,,,,1,,simslu01
709,Josh Staumont,26,KCR,AL,26,0,0,25.2,2,1,1,0,0,1.000,,,0,0,0.70,1.26,0.08,1.20,,,,,,,1,,staumjo01
710,Blake Treinen,32,LAD,NL,27,0,0,25.2,5,2,3,0,0,1.000,,,0,0,1.75,1.44,0.19,1.38,,,,,,,1,,treinbl01
711,Shun Yamaguchi,32,TOR,AL,17,0,0,25.2,4,1,3,0,1,1.000,,,1,8,1.40,1.26,0.24,1.20,,,,,,,1,,yamagsh01
712,Liam Hendriks,31,OAK,AL,24,0,0,25.1,5,4,1,0,0,1.000,,,0,0,1.78,1.24,0.21,1.20,,,,,,,1,CYA-9MVP-13,hendrli01
713,Jakob Junis,27,KCR,AL,8,6,0,25.1,4,1,3,0,2,1.000,,,0,0,1.42,1.24,0.50,1.20,,,,,,,/1,,junisja01
714,Matt Wisler,27,MIN,AL,18,4,0,25.1,0,0,0,0,0,,,,0,0,0.00,1.24,0.00,1.20,,,,,,,1,,wislema01
715,Ryan Brasier,32,BOS,AL,25,1,0,25.0,1,0,1,0,0,1.000,,,0,0,0.36,1.26,0.04,1.20,,,,,,,1,,brasiry01
716,Trevor Cahill,32,SFG,NL,11,6,0,25.0,4,1,3,0,0,1.000,,,-1,-8,1.44,1.44,0.36,1.38,,,,,,,1,,cahiltr01
717,John Curtiss,27,TBR,AL,17,3,0,25.0,1,0,1,0,0,1.000,,,0,0,0.36,1.26,0.06,1.20,,,,,,,1,,curtijo02
718,Aaron Loup,32,TBR,AL,24,0,0,25.0,6,2,4,0,0,1.000,,,1,8,2.16,1.26,0.25,1.20,,,,,,,1,,loupaa01
719,César Puello,29,BOS,AL,5,2,2,25.0,10,8,2,0,2,1.000,1,62,1,48,3.60,2.16,2.00,2.08,,,,,,,/97,,puellce01
720,Brent Rooker,25,MIN,AL,5,5,1,25.0,4,4,0,0,0,1.000,-1,-62,-2,-96,1.44,2.16,0.80,2.08,,,,,,,/9D7,,rookebr01
721,Chasen Shreve,29,NYM,NL,17,0,0,25.0,7,1,5,1,0,.857,,,2,16,2.16,1.44,0.35,1.38,,,,,,,1,,shrevch01
722,J.B. Wendelken,27,OAK,AL,21,0,0,25.0,3,0,1,2,1,.333,,,-2,-16,0.36,1.26,0.05,1.20,,,,,,,1,,wendejb01
723,Daniel Bard,35,COL,NL,23,0,0,24.2,2,1,0,1,0,.500,,,-1,-8,0.36,1.46,0.04,1.38,,,,,,,1,,bardda01
724,Kyle Finnegan,28,WSN,NL,25,0,0,24.2,9,3,5,1,1,.889,,,-1,-8,2.92,1.46,0.32,1.38,,,,,,,1,,finneky01
725,Tommy Hunter,33,PHI,NL,24,0,0,24.2,6,1,5,0,1,1.000,,,1,8,2.19,1.46,0.25,1.38,,,,,,,1,,hunteto02
726,Johan Oviedo,22,STL,NL,5,5,0,24.2,3,3,0,0,0,1.000,,,0,0,1.09,1.46,0.60,1.38,,,,,,,/1,,oviedjo01
727,Miguel Castro,25,2TM,2LG,26,0,0,24.2,2,1,1,0,0,1.000,,,-1,-8,0.73,1.35,0.08,1.27,,,,,,,1,,castrmi01
727,Miguel Castro,25,BAL,AL,16,0,0,15.2,1,1,0,0,0,1.000,,,-1,-13,0.57,1.26,0.06,1.20,,,,,,,1,,castrmi01
727,Miguel Castro,25,NYM,NL,10,0,0,9.0,1,0,1,0,0,1.000,,,0,0,1.00,1.50,0.10,1.38,,,,,,,1,,castrmi01
728,Dylan Floro,29,LAD,NL,25,0,0,24.1,8,1,7,0,2,1.000,,,1,8,2.96,1.44,0.32,1.38,,,,,,,1,,florody01
729,Spencer Howard,23,PHI,NL,6,6,0,24.1,4,3,1,0,0,1.000,,,0,0,1.48,1.44,0.67,1.38,,,,,,,/1,,howarsp01
730,Kenley Jansen,32,LAD,NL,27,0,0,24.1,1,1,0,0,0,1.000,,,-1,-8,0.37,1.44,0.04,1.38,,,,,,,1,,janseke01
731,Brandon Kintzler,35,MIA,NL,24,0,0,24.1,6,2,3,1,0,.833,,,1,8,1.85,1.44,0.21,1.38,,,,,,,1,,kintzbr01
732,Touki Toussaint,24,ATL,NL,7,5,0,24.1,5,1,2,2,0,.600,,,-1,-8,1.11,1.44,0.43,1.39,,,,,,,/1,,toussto01
733,Jorge Alcala,24,MIN,AL,16,0,0,24.0,3,2,1,0,0,1.000,,,-1,-8,1.13,1.24,0.19,1.20,,,,,,,1,,alcaljo01
734,Rafael Dolis,32,TOR,AL,24,0,0,24.0,4,0,2,2,0,.500,,,-1,-8,0.75,1.24,0.08,1.20,,,,,,,1,,dolisra01
735,Tyler Duffey,29,MIN,AL,22,0,0,24.0,3,0,3,0,0,1.000,,,1,8,1.13,1.24,0.14,1.20,,,,,,,1,,duffety01
736,Carlos Estévez,27,COL,NL,26,0,0,24.0,2,1,1,0,0,1.000,,,0,0,0.75,1.46,0.08,1.38,,,,,,,1,,estevca01
737,Alex Jackson,24,ATL,NL,4,3,1,24.0,24,24,0,0,0,1.000,0,0,0,0,9.00,9.64,6.00,9.18,0,1,1,0,0.0,0,/2H,,jacksal02
738,Joe McCarthy,26,SFG,NL,4,3,2,24.0,3,3,0,0,0,1.000,-2,-85,-1,-50,1.13,2.03,0.75,1.95,,,,,,,/79,,mccarjo04
739,Matt Reynolds,29,KCR,AL,3,3,1,24.0,5,3,2,0,0,1.000,0,-15,0,0,1.88,2.59,1.67,2.47,,,,,,,/5,,reynoma03
740,Craig Stammen,36,SDP,NL,24,0,0,24.0,5,1,2,2,1,.600,,,-3,-25,1.13,1.46,0.13,1.38,,,,,,,1,,stammcr01
741,Junior Guerra,35,ARI,NL,25,0,0,23.2,6,2,3,1,0,.833,,,-2,-17,1.90,1.45,0.20,1.38,,,,,,,1,,guerrju02
742,Ryne Harper,31,WSN,NL,23,0,0,23.2,3,1,2,0,0,1.000,,,1,8,1.14,1.45,0.13,1.38,,,,,,,1,,harpery01
743,Codi Heuer,23,CHW,AL,21,0,0,23.2,4,3,1,0,0,1.000,,,0,0,1.52,1.25,0.19,1.20,,,,,,,1,,heuerco01
744,Tyler Kinley,29,COL,NL,24,0,0,23.2,7,3,4,0,1,1.000,,,1,8,2.66,1.45,0.29,1.38,,,,,,,1,,kinlety01
745,Andre Scrubb,25,HOU,AL,20,0,0,23.2,5,1,4,0,0,1.000,,,0,0,1.90,1.25,0.25,1.20,,,,,,,1,,scruban01
746,Wander Suero,28,WSN,NL,22,0,0,23.2,4,2,2,0,1,1.000,,,-1,-8,1.52,1.45,0.18,1.38,,,,,,,1,,suerowa01
747,Nick Wittgren,29,CLE,AL,25,0,0,23.2,1,0,1,0,0,1.000,,,-1,-8,0.38,1.25,0.04,1.20,,,,,,,1,,wittgni01
748,Trevor Rosenthal,30,2TM,2LG,23,0,0,23.2,2,1,1,0,0,1.000,,,0,0,0.76,1.33,0.09,1.27,,,,,,,1,,rosentr01
748,Trevor Rosenthal,30,KCR,AL,14,0,0,13.2,1,1,0,0,0,1.000,,,0,0,0.66,1.25,0.07,1.20,,,,,,,1,,rosentr01
748,Trevor Rosenthal,30,SDP,NL,9,0,0,10.0,1,0,1,0,0,1.000,,,0,0,0.90,1.44,0.11,1.38,,,,,,,/1,,rosentr01
749,A.J. Cole,28,TOR,AL,24,0,0,23.1,3,1,2,0,0,1.000,,,-1,-9,1.16,1.23,0.13,1.20,,,,,,,1,,coleaj01
750,Brusdar Graterol,21,LAD,NL,23,2,0,23.1,8,3,5,0,2,1.000,,,0,0,3.09,1.47,0.35,1.38,,,,,,,1,,gratebr01
751,Jeremy Jeffress,32,CHC,NL,22,0,0,23.1,2,1,1,0,0,1.000,,,0,0,0.77,1.47,0.09,1.38,,,,,,,1,,jeffrje01
752,Trevor May,30,MIN,AL,24,0,0,23.1,2,0,2,0,0,1.000,,,0,0,0.77,1.23,0.08,1.20,,,,,,,1,,maytr01
753,Richard Rodríguez,30,PIT,NL,24,0,0,23.1,3,2,1,0,0,1.000,,,-2,-17,1.16,1.47,0.13,1.38,,,,,,,1,,rodriri05
754,Lou Trivino,28,OAK,AL,20,0,0,23.1,2,1,1,0,0,1.000,,,0,0,0.77,1.23,0.10,1.20,,,,,,,1,,trivilo01
755,José Ureña,28,MIA,NL,5,5,0,23.1,5,3,2,0,0,1.000,,,0,0,1.93,1.47,1.00,1.38,,,,,,,/1,,urenajo01
756,Eric Yardley,29,MIL,NL,24,0,0,23.1,3,0,3,0,0,1.000,,,1,9,1.16,1.47,0.13,1.38,,,,,,,1,,yardler01
757,Matt Barnes,30,BOS,AL,24,0,0,23.0,3,2,1,0,0,1.000,,,-1,-9,1.17,1.25,0.13,1.20,,,,,,,1,,barnema01
758,Michael Hermosillo,25,LAA,AL,6,2,1,23.0,13,13,0,0,0,1.000,1,57,0,0,5.09,2.15,2.17,2.07,,,,,,,/78H,,hermomi01
759,Raisel Iglesias,30,CIN,NL,22,0,0,23.0,8,2,6,0,0,1.000,,,1,9,3.13,1.45,0.36,1.38,,,,,,,1,,iglesra01
760,Jonathan Loáisiga,25,NYY,AL,12,3,0,23.0,6,1,5,0,0,1.000,,,1,9,2.35,1.25,0.50,1.20,,,,,,,1,,loaisjo01
761,Rafael Marchán,21,PHI,NL,3,3,2,23.0,27,25,1,1,0,.963,0,0,0,0,10.17,9.63,8.67,9.17,0,0,1,0,0.0,0,/2,,marchra01
762,Gregory Soto,25,DET,AL,27,0,0,23.0,2,1,1,0,0,1.000,,,0,0,0.78,1.25,0.07,1.20,,,,,,,1,,sotogr01
763,Kyle Zimmer,28,KCR,AL,16,1,0,23.0,6,2,4,0,1,1.000,,,1,9,2.35,1.25,0.38,1.20,,,,,,,1,,zimmeky01
764,Kyle Cody,25,TEX,AL,8,5,0,22.2,7,3,3,1,1,.857,,,0,0,2.38,1.27,0.75,1.20,,,,,,,/1,,codyky01
765,Joe Jiménez,25,DET,AL,25,0,0,22.2,1,0,1,0,0,1.000,,,-1,-9,0.40,1.27,0.04,1.20,,,,,,,1,,jimenjo02
766,Evan Marshall,30,CHW,AL,23,0,0,22.2,2,0,2,0,0,1.000,,,0,0,0.79,1.27,0.09,1.20,,,,,,,1,,marshev01
767,Mark Melancon,35,ATL,NL,23,0,0,22.2,9,3,6,0,2,1.000,,,0,0,3.57,1.47,0.39,1.38,,,,,,,1,,melanma01
768,Cole Sulser,30,BAL,AL,19,0,0,22.2,5,2,3,0,0,1.000,,,0,0,1.99,1.27,0.26,1.20,,,,,,,1,,sulseco01
769,Caleb Baragar,26,SFG,NL,24,1,0,22.1,0,0,0,0,0,,,,0,0,0.00,1.45,0.00,1.38,,,,,,,1,,baragca01
770,Wes Benjamin,26,TEX,AL,8,1,0,22.1,2,2,0,0,0,1.000,,,0,0,0.81,1.25,0.25,1.20,,,,,,,/1,,benjawe01
771,Génesis Cabrera,23,STL,NL,19,0,0,22.1,0,0,0,0,0,,,,-1,-9,0.00,1.45,0.00,1.38,,,,,,,1,,cabrege01
772,Alex Colomé,31,CHW,AL,21,0,0,22.1,4,1,3,0,0,1.000,,,0,0,1.61,1.25,0.19,1.20,,,,,,,1,,colomal01
773,Geoff Hartlieb,26,PIT,NL,21,0,0,22.1,6,2,3,1,0,.833,,,0,0,2.01,1.45,0.24,1.38,,,,,,,1,,hartlge01
774,Jared Hughes,34,NYM,NL,18,0,0,22.1,9,1,8,0,0,1.000,,,1,9,3.63,1.45,0.50,1.38,,,,,,,1,,hugheja02
775,Wade LeBlanc,35,BAL,AL,6,6,0,22.1,5,1,4,0,0,1.000,,,1,9,2.01,1.25,0.83,1.20,,,,,,,/1,,leblawa01
776,Joakim Soria,36,OAK,AL,22,0,0,22.1,1,0,1,0,0,1.000,,,-1,-9,0.40,1.25,0.05,1.20,,,,,,,1,,soriajo01
777,Nick Vincent,33,MIA,NL,21,0,0,22.1,6,3,3,0,0,1.000,,,-2,-18,2.42,1.45,0.29,1.38,,,,,,,1,,vinceni01
778,Mychal Givens,30,2TM,2LG,22,0,0,22.1,1,0,0,1,0,.000,,,-1,-9,0.00,1.33,0.00,1.28,,,,,,,1,,givenmy01
778,Mychal Givens,30,BAL,AL,12,0,0,13.0,0,0,0,0,0,,,,0,0,0.00,1.25,0.00,1.20,,,,,,,1,,givenmy01
778,Mychal Givens,30,COL,NL,10,0,0,9.1,1,0,0,1,0,.000,,,-1,-21,0.00,1.45,0.00,1.38,,,,,,,1,,givenmy01
779,Paul Fry,27,BAL,AL,22,0,0,22.0,3,2,1,0,0,1.000,,,-1,-9,1.23,1.27,0.14,1.20,,,,,,,1,,frypa01
780,Ryan Goins,32,CHW,AL,5,2,2,22.0,7,0,7,0,0,1.000,1,38,0,0,2.86,2.78,1.40,3.24,,,,,,,/HD564,,goinsry01
781,Brad Hand,30,CLE,AL,23,0,0,22.0,1,0,1,0,0,1.000,,,0,0,0.41,1.27,0.04,1.20,,,,,,,1,,handbr01
782,Jake Newberry,25,KCR,AL,20,0,0,22.0,1,0,0,1,0,.000,,,-1,-9,0.00,1.27,0.00,1.20,,,,,,,1,,newbeja01
783,Emilio Pagán,29,SDP,NL,22,0,0,22.0,1,1,0,0,0,1.000,,,0,0,0.41,1.43,0.05,1.38,,,,,,,1,,paganem01
784,Tyler Zuber,25,KCR,AL,23,0,0,22.0,2,0,2,0,0,1.000,,,0,0,0.82,1.27,0.09,1.20,,,,,,,1,,zuberty01
785,Diego Castillo,26,TBR,AL,22,0,0,21.2,3,2,1,0,0,1.000,,,0,0,1.25,1.25,0.14,1.20,,,,,,,1,,castidi01
786,Luis Cessa,28,NYY,AL,16,0,0,21.2,6,4,2,0,0,1.000,,,0,0,2.49,1.25,0.38,1.20,,,,,,,1,,cessalu01
787,Bryan Garcia,25,DET,AL,26,0,0,21.2,2,0,1,1,0,.500,,,-1,-9,0.42,1.25,0.04,1.20,,,,,,,1,,garcibr01
788,Jonathan Holder,27,NYY,AL,18,0,0,21.2,2,1,1,0,0,1.000,,,-1,-9,0.83,1.25,0.11,1.20,,,,,,,1,,holdejo02
789,Mitch Keller,24,PIT,NL,5,5,0,21.2,7,3,4,0,0,1.000,,,1,9,2.91,1.45,1.40,1.38,,,,,,,/1,,kellemi03
790,Phil Maton,27,CLE,AL,23,0,0,21.2,3,1,2,0,0,1.000,,,0,0,1.25,1.25,0.13,1.20,,,,,,,1,,matonph01
791,A.J. Minter,26,ATL,NL,22,0,0,21.2,4,0,4,0,0,1.000,,,0,0,1.66,1.45,0.18,1.38,,,,,,,1,,minteaj01
792,Hector Neris,31,PHI,NL,24,0,0,21.2,3,1,2,0,0,1.000,,,0,0,1.25,1.45,0.13,1.38,,,,,,,1,,nerishe01
793,Yusmeiro Petit,35,OAK,AL,26,0,0,21.2,4,3,1,0,0,1.000,,,-1,-9,1.66,1.25,0.15,1.20,,,,,,,1,,petityu01
794,Nik Turley,30,PIT,NL,25,0,0,21.2,0,0,0,0,0,,,,0,0,0.00,1.45,0.00,1.38,,,,,,,1,,turleni01
795,Tyler Webb,29,STL,NL,21,0,0,21.2,7,2,4,1,1,.857,,,-1,-9,2.49,1.45,0.29,1.38,,,,,,,1,,webbty01
796,Huascar Ynoa,22,ATL,NL,9,5,0,21.2,8,4,4,0,0,1.000,,,0,0,3.32,1.45,0.89,1.38,,,,,,,/1,,ynoahu01
797,Adbert Alzolay,25,CHC,NL,6,4,0,21.1,3,0,3,0,0,1.000,,,1,9,1.27,1.43,0.50,1.38,,,,,,,/1,,alzolad01
798,Jake Diekman,33,OAK,AL,21,0,0,21.1,2,2,0,0,0,1.000,,,0,0,0.84,1.27,0.10,1.20,,,,,,,1,,diekmja01
799,Buck Farmer,29,DET,AL,23,0,0,21.1,2,2,0,0,0,1.000,,,0,0,0.84,1.27,0.09,1.20,,,,,,,1,,farmebu01
800,Adolis García,27,TEX,AL,3,2,1,21.1,8,8,0,0,0,1.000,1,56,1,56,3.38,2.15,2.67,2.07,,,,,,,/7,,garciad02
801,Jeff Hoffman,27,COL,NL,16,0,0,21.1,2,1,1,0,1,1.000,,,0,0,0.84,1.43,0.13,1.38,,,,,,,1,,hoffmje02
802,William Contreras,22,ATL,NL,4,2,2,21.0,22,21,1,0,0,1.000,-1,-57,0,0,9.43,9.64,5.50,9.18,0,2,2,0,0.0,0,/2,,contrwi02
803,Rony García,22,DET,AL,15,2,0,21.0,7,4,2,1,0,.857,,,1,10,2.57,1.24,0.40,1.20,,,,,,,1,,garciro03
804,Sam Howard,27,PIT,NL,22,0,0,21.0,3,1,2,0,0,1.000,,,0,0,1.29,1.46,0.14,1.38,,,,,,,1,,howarsa01
805,Anthony Kay,25,TOR,AL,13,0,0,21.0,2,0,2,0,0,1.000,,,0,0,0.86,1.24,0.15,1.20,,,,,,,1,,kayan01
806,Adam Kolarek,31,LAD,NL,21,0,0,21.0,6,2,4,0,0,1.000,0,0,1,10,2.57,1.54,0.29,1.40,,,,,,,1/9,,kolarad01
807,Ryan Pressly,31,HOU,AL,23,0,0,21.0,4,2,2,0,0,1.000,,,0,0,1.71,1.24,0.17,1.20,,,,,,,1,,pressry01
808,Harold Ramírez,25,MIA,NL,3,3,2,21.0,4,4,0,0,0,1.000,0,-11,0,0,1.71,2.06,1.33,1.93,,,,,,,/97,,ramirha02
809,Noé Ramirez,30,LAA,AL,21,0,0,21.0,7,2,5,0,0,1.000,,,0,0,3.00,1.24,0.33,1.20,,,,,,,1,,ramirno01
810,Jake Woodford,23,STL,NL,12,1,0,21.0,3,2,1,0,0,1.000,,,0,0,1.29,1.46,0.25,1.38,,,,,,,1,,woodfja01
811,Daniel Hudson,33,WSN,NL,21,0,0,20.2,3,0,3,0,0,1.000,,,1,10,1.31,1.44,0.14,1.38,,,,,,,1,,hudsoda01
812,T.J. McFarland,31,OAK,AL,23,0,0,20.2,8,3,5,0,0,1.000,,,1,10,3.48,1.26,0.35,1.20,,,,,,,1,,mcfartj01
813,Nick Nelson,24,NYY,AL,11,0,0,20.2,2,1,1,0,0,1.000,,,0,0,0.87,1.26,0.18,1.20,,,,,,,1,,nelsoni01
814,Enoli Paredes,24,HOU,AL,22,0,0,20.2,3,1,2,0,0,1.000,,,0,0,1.31,1.26,0.14,1.20,,,,,,,1,,pareden01
815,Yohan Ramírez,25,SEA,AL,16,0,0,20.2,1,0,1,0,0,1.000,,,0,0,0.44,1.26,0.06,1.20,,,,,,,1,,ramiryo01
816,Tanner Scott,25,BAL,AL,25,0,0,20.2,5,0,3,2,0,.600,,,0,0,1.31,1.26,0.12,1.20,,,,,,,1,,scottta01
817,Matt Strahm,28,SDP,NL,19,0,0,20.2,1,1,0,0,0,1.000,,,0,0,0.44,1.44,0.05,1.38,,,,,,,1,,strahma01
818,Blake Taylor,24,HOU,AL,22,0,0,20.2,5,3,2,0,0,1.000,,,0,0,2.18,1.26,0.23,1.20,,,,,,,1,,taylobl01
819,Ryan Tepera,32,CHC,NL,21,0,0,20.2,5,3,2,0,0,1.000,,,0,0,2.18,1.44,0.24,1.38,,,,,,,1,MVP-18,teperry01
820,Duane Underwood Jr.,25,CHC,NL,17,0,0,20.2,4,3,1,0,1,1.000,,,0,0,1.74,1.44,0.24,1.38,,,,,,,1,,underdu01
821,David Phelps,33,2TM,NL,22,0,0,20.2,4,4,0,0,0,1.000,,,-1,-10,1.74,1.44,0.18,1.38,,,,,,,1,,phelpda01
821,David Phelps,33,MIL,NL,12,0,0,13.0,2,2,0,0,0,1.000,,,-1,-15,1.38,1.45,0.17,1.38,,,,,,,1,,phelpda01
821,David Phelps,33,PHI,NL,10,0,0,7.2,2,2,0,0,0,1.000,,,0,0,2.35,1.41,0.20,1.38,,,,,,,1,,phelpda01
822,Victor González,24,LAD,NL,15,1,0,20.1,3,1,2,0,0,1.000,,,0,0,1.33,1.46,0.20,1.38,,,,,,,1,,gonzavi02
823,Jake McGee,33,LAD,NL,24,0,0,20.1,1,0,1,0,0,1.000,,,0,0,0.44,1.46,0.04,1.38,,,,,,,1,,mcgeeja01
824,James Paxton,31,NYY,AL,5,5,0,20.1,2,0,2,0,0,1.000,,,0,0,0.89,1.24,0.40,1.20,,,,,,,/1,,paxtoja01
825,Tanner Rainey,27,WSN,NL,20,0,0,20.1,1,1,0,0,0,1.000,,,0,0,0.44,1.46,0.05,1.38,,,,,,,1,,raineta01
826,Jeffrey Springs,27,BOS,AL,16,0,0,20.1,2,0,2,0,0,1.000,,,0,0,0.89,1.24,0.13,1.20,,,,,,,1,,sprinje01
827,Dan Altavilla,27,2TM,2LG,22,0,0,20.1,3,0,3,0,0,1.000,,,0,0,1.33,1.33,0.14,1.27,,,,,,,1,,altavda01
827,Dan Altavilla,27,SEA,AL,13,0,0,11.2,2,0,2,0,0,1.000,,,0,0,1.54,1.23,0.15,1.20,,,,,,,1,,altavda01
827,Dan Altavilla,27,SDP,NL,9,0,0,8.2,1,0,1,0,0,1.000,,,0,0,1.04,1.45,0.11,1.38,,,,,,,/1,,altavda01
828,Steve Cishek,34,CHW,AL,22,0,0,20.0,1,1,0,0,0,1.000,,,0,0,0.45,1.26,0.05,1.20,,,,,,,1,,cishest01
829,Jairo Díaz,29,COL,NL,24,0,0,20.0,4,1,3,0,0,1.000,,,0,0,1.80,1.44,0.17,1.38,,,,,,,1,,diazja01
830,Pierce Johnson,29,SDP,NL,24,0,0,20.0,2,0,2,0,0,1.000,,,1,10,0.90,1.44,0.08,1.38,,,,,,,1,,johnspi01
831,Carlos Martínez,28,STL,NL,5,5,0,20.0,7,3,3,1,1,.857,,,0,0,2.70,1.44,1.20,1.38,,,,,,,/1,,martica04
832,Anthony Misiewicz,25,SEA,AL,21,0,0,20.0,3,2,1,0,0,1.000,,,0,0,1.35,1.26,0.14,1.20,,,,,,,1,,misiean01
833,Joey Rickard,29,SFG,NL,3,3,2,20.0,4,4,0,0,0,1.000,-1,-36,0,0,1.80,2.03,1.33,1.93,,,,,,,/9H,,rickajo01
834,Taylor Rogers,29,MIN,AL,21,0,0,20.0,2,1,1,0,0,1.000,,,0,0,0.90,1.26,0.10,1.20,,,,,,,1,,rogerta01
835,Sergio Romo,37,MIN,AL,24,0,0,20.0,2,0,2,0,0,1.000,,,0,0,0.90,1.26,0.08,1.20,,,,,,,1,,romose01
836,Héctor Rondón,32,ARI,NL,23,0,0,20.0,2,0,2,0,0,1.000,,,0,0,0.90,1.44,0.09,1.38,,,,,,,1,,rondohe01
837,Caleb Thielbar,33,MIN,AL,17,0,0,20.0,3,0,3,0,0,1.000,,,1,10,1.35,1.26,0.18,1.20,,,,,,,1,,thielca01
838,Ronald Torreyes,27,PHI,NL,4,3,2,20.0,7,2,5,0,1,1.000,0,18,0,0,3.15,3.29,1.75,3.23,,,,,,,/648,,torrero01
839,Taylor Widener,25,ARI,NL,12,0,0,20.0,3,3,0,0,0,1.000,,,0,0,1.35,1.44,0.25,1.38,,,,,,,1,,widenta01
840,Brooks Raley,32,2TM,2LG,21,0,0,20.0,3,2,1,0,0,1.000,,,0,0,1.35,1.26,0.14,1.23,,,,,,,1,,raleybr01
840,Brooks Raley,32,CIN,NL,4,0,0,4.0,1,1,0,0,0,1.000,,,0,0,2.25,1.35,0.25,1.38,,,,,,,/1,,raleybr01
840,Brooks Raley,32,HOU,AL,17,0,0,16.0,2,1,1,0,0,1.000,,,0,0,1.13,1.24,0.12,1.20,,,,,,,1,,raleybr01
841,Austin Brice,28,BOS,AL,21,1,0,19.2,2,0,2,0,0,1.000,,,0,0,0.92,1.24,0.10,1.20,,,,,,,1,,briceau01
842,Ross Detwiler,34,CHW,AL,16,0,0,19.2,6,1,5,0,0,1.000,,,1,10,2.75,1.24,0.38,1.20,,,,,,,1,,detwiro01
843,Jace Fry,26,CHW,AL,18,0,0,19.2,2,1,0,1,0,.500,,,-1,-10,0.46,1.24,0.06,1.20,,,,,,,1,,fryja01
844,Chi Chi González,28,COL,NL,6,4,0,19.2,4,1,3,0,0,1.000,,,1,10,1.83,1.46,0.67,1.38,,,,,,,/1,,gonzach01
845,Jimmy Herget,26,TEX,AL,20,1,0,19.2,1,0,1,0,0,1.000,,,-1,-10,0.46,1.24,0.05,1.20,,,,,,,1,,hergeji01
846,Yoan López,27,ARI,NL,20,0,0,19.2,3,2,1,0,1,1.000,,,0,0,1.37,1.46,0.15,1.38,,,,,,,1,,lopezyo01
847,Alex Reyes,25,STL,NL,15,1,0,19.2,4,3,1,0,0,1.000,,,0,0,1.83,1.46,0.27,1.38,,,,,,,1,,reyesal02
848,Justin Wilson,32,NYM,NL,23,0,0,19.2,5,2,2,1,0,.800,,,-1,-10,1.83,1.46,0.17,1.38,,,,,,,1,,wilsoju10
849,Brandon Workman,31,2TM,2LG,21,0,0,19.2,3,0,3,0,0,1.000,,,0,0,1.37,1.37,0.14,1.32,,,,,,,1,,workmbr01
849,Brandon Workman,31,BOS,AL,7,0,0,6.2,0,0,0,0,0,,,,0,0,0.00,1.22,0.00,1.20,,,,,,,/1,,workmbr01
849,Brandon Workman,31,PHI,NL,14,0,0,13.0,3,0,3,0,0,1.000,,,0,0,2.08,1.45,0.21,1.38,,,,,,,1,,workmbr01
850,Jalen Beeks,26,TBR,AL,12,0,0,19.1,2,1,1,0,0,1.000,,,0,0,0.93,1.26,0.17,1.20,,,,,,,1,,beeksja02
851,Matt Davidson,29,CIN,NL,5,2,2,19.1,11,10,1,0,2,1.000,-1,-37,0,0,5.12,7.12,2.20,3.98,,,,,,,DH/13,,davidma02
852,Caleb Joseph,34,TOR,AL,3,2,1,19.1,20,18,0,2,0,.900,-2,-124,0,0,8.38,9.50,6.00,9.17,1,1,4,0,0.0,0,/2,,josepca01
853,Adrián Morejón,21,SDP,NL,9,4,0,19.1,3,0,3,0,0,1.000,,,0,0,1.40,1.44,0.33,1.38,,,,,,,/1,,morejad01
854,Sam Selman,29,SFG,NL,24,0,0,19.1,3,1,2,0,0,1.000,,,0,0,1.40,1.44,0.13,1.38,,,,,,,1,,selmasa01
855,Casey Sadler,29,2TM,2LG,17,0,0,19.1,5,1,4,0,0,1.000,,,0,0,2.33,1.35,0.29,1.31,,,,,,,1,,sadleca02
855,Casey Sadler,29,CHC,NL,10,0,0,9.1,3,0,3,0,0,1.000,,,0,0,2.89,1.45,0.30,1.38,,,,,,,1,,sadleca02
855,Casey Sadler,29,SEA,AL,7,0,0,10.0,2,1,1,0,0,1.000,,,0,0,1.80,1.26,0.29,1.20,,,,,,,/1,,sadleca02
856,Zack Britton,32,NYY,AL,20,0,0,19.0,6,1,3,2,0,.667,,,-1,-11,1.89,1.23,0.20,1.20,,,,,,,1,,brittza01
857,Alex Claudio,28,MIL,NL,20,0,0,19.0,7,3,4,0,0,1.000,,,1,11,3.32,1.47,0.35,1.38,,,,,,,1,,claudal01
858,Ryan Cordell,28,NYM,NL,5,2,1,19.0,5,5,0,0,0,1.000,0,0,0,0,2.37,2.04,1.00,1.94,,,,,,,/89H,,cordery01
859,Josh Hader,26,MIL,NL,21,0,0,19.0,3,2,1,0,0,1.000,,,1,11,1.42,1.47,0.14,1.38,,,,,,,1,,haderjo01
860,Dovydas Neverauskas,27,PIT,NL,17,0,0,19.0,6,1,5,0,0,1.000,,,1,11,2.84,1.47,0.35,1.38,,,,,,,1,,neverdo01
861,Iván Nova,33,DET,AL,4,4,0,19.0,7,2,5,0,0,1.000,,,2,21,3.32,1.23,1.75,1.20,,,,,,,/1,,novaiv01
862,Tyler Stephenson,23,CIN,NL,4,2,1,19.0,24,23,1,0,0,1.000,0,0,0,0,11.37,9.66,6.00,9.18,0,1,1,1,50.0,0,/2DH,,stephty01
863,Heath Hembree,31,2TM,2LG,22,0,0,19.0,2,1,1,0,0,1.000,,,-1,-11,0.95,1.33,0.09,1.29,,,,,,,1,,hembrhe01
863,Heath Hembree,31,BOS,AL,11,0,0,9.2,0,0,0,0,0,,,,-1,-21,0.00,1.21,0.00,1.20,,,,,,,1,,hembrhe01
863,Heath Hembree,31,PHI,NL,11,0,0,9.1,2,1,1,0,0,1.000,,,0,0,1.93,1.45,0.18,1.38,,,,,,,1,,hembrhe01
864,Tyler Chatwood,30,CHC,NL,5,5,0,18.2,1,0,1,0,0,1.000,,,0,0,0.48,1.45,0.20,1.38,,,,,,,/1,,chatwty01
865,Caleb Ferguson,23,LAD,NL,21,1,0,18.2,4,0,3,1,1,.750,,,-1,-11,1.45,1.45,0.14,1.38,,,,,,,1,,ferguca01
866,Kendall Graveman,29,SEA,AL,11,2,0,18.2,3,2,1,0,0,1.000,,,0,0,1.45,1.25,0.27,1.20,,,,,,,1,,graveke01
867,Nate Jones,34,CIN,NL,21,0,0,18.2,0,0,0,0,0,,,,-2,-21,0.00,1.45,0.00,1.38,,,,,,,1,,jonesna01
868,Dean Kremer,24,BAL,AL,4,4,0,18.2,3,2,1,0,0,1.000,,,0,0,1.45,1.25,0.75,1.20,,,,,,,/1,,kremede01
869,Drew Pomeranz,31,SDP,NL,20,0,0,18.2,1,0,1,0,0,1.000,,,-1,-11,0.48,1.45,0.05,1.38,,,,,,,1,,pomerdr01
870,Jarlín García,27,SFG,NL,19,0,0,18.1,2,1,1,0,0,1.000,,,0,0,0.98,1.42,0.11,1.38,,,,,,,1,,garcija04
871,Amir Garrett,28,CIN,NL,21,0,0,18.1,1,0,0,1,0,.000,,,0,0,0.00,1.42,0.00,1.38,,,,,,,1,,garream01
872,Cam Hill,26,CLE,AL,18,0,0,18.1,6,5,1,0,0,1.000,,,0,0,2.95,1.23,0.33,1.20,,,,,,,1,,hillca02
873,Adam Ottavino,34,NYY,AL,24,0,0,18.1,2,0,2,0,0,1.000,,,-1,-11,0.98,1.23,0.08,1.20,,,,,,,1,,ottavad01
874,Riley Smith,25,ARI,NL,6,0,0,18.1,3,1,2,0,0,1.000,,,0,0,1.47,1.42,0.50,1.38,,,,,,,/1,,smithri01
875,Dan Winkler,30,CHC,NL,18,0,0,18.1,2,0,2,0,0,1.000,,,-1,-11,0.98,1.42,0.11,1.38,,,,,,,1,,winklda01
876,Archie Bradley,27,2TM,NL,16,0,0,18.1,3,1,2,0,0,1.000,,,0,0,1.47,1.42,0.19,1.38,,,,,,,1,,bradlar01
876,Archie Bradley,27,ARI,NL,10,0,0,10.2,2,1,1,0,0,1.000,,,0,0,1.69,1.43,0.20,1.38,,,,,,,1,,bradlar01
876,Archie Bradley,27,CIN,NL,6,0,0,7.2,1,0,1,0,0,1.000,,,0,0,1.17,1.41,0.17,1.38,,,,,,,/1,,bradlar01
877,Josh Osich,31,2TM,2LG,17,1,0,18.1,2,1,1,0,0,1.000,,,-1,-11,0.98,1.28,0.12,1.24,,,,,,,1,,osichjo01
877,Josh Osich,31,BOS,AL,13,1,0,15.2,2,1,1,0,0,1.000,,,0,0,1.15,1.26,0.15,1.20,,,,,,,1,,osichjo01
877,Josh Osich,31,CHC,NL,4,0,0,2.2,0,0,0,0,0,,,,-1,-75,0.00,1.35,0.00,1.38,,,,,,,/1,,osichjo01
878,Jacob Barnes,30,LAA,AL,18,0,0,18.0,3,2,1,0,0,1.000,,,0,0,1.50,1.25,0.17,1.20,,,,,,,1,,barneja01
879,Brad Boxberger,32,MIA,NL,23,0,0,18.0,5,3,2,0,1,1.000,,,1,11,2.50,1.45,0.22,1.38,,,,,,,1,,boxbebr01
880,Tim Hill,30,SDP,NL,23,0,0,18.0,6,1,5,0,0,1.000,,,1,11,3.00,1.45,0.26,1.38,,,,,,,1,,hillti01
881,Taylor Jones,26,HOU,AL,3,2,2,18.0,16,16,0,0,3,1.000,-2,-113,-1,-67,8.00,8.15,5.33,7.87,,,,,,,/D3H,,jonesta01
882,Chris Martin,34,ATL,NL,18,0,0,18.0,7,2,4,1,0,.857,,,0,0,3.00,1.45,0.32,1.38,,,,,,,1,,martich02
883,Nate Pearson,23,TOR,AL,5,4,0,18.0,2,1,1,0,0,1.000,,,0,0,1.00,1.25,0.40,1.20,,,,,,,/1,,pearsna01
884,Óliver Pérez,38,CLE,AL,21,0,0,18.0,2,0,2,0,0,1.000,,,0,0,1.00,1.25,0.10,1.20,,,,,,,1,,perezol01
885,Yadiel Rivera,28,TEX,AL,4,2,1,18.0,12,7,5,0,3,1.000,-1,-67,0,0,6.00,4.35,3.00,4.78,,,,,,,/6H34,,riverya01
886,Elliot Soto,30,LAA,AL,3,2,2,18.0,9,3,6,0,2,1.000,1,40,0,0,4.50,3.80,3.00,3.73,,,,,,,/64H,,sotoel01
887,Tony Watson,35,SFG,NL,21,0,0,18.0,5,2,2,1,0,.800,,,0,0,2.00,1.45,0.19,1.38,,,,,,,1,,watsoto01
888,Will Harris,35,WSN,NL,20,0,0,17.2,2,0,1,1,0,.500,,,-1,-11,0.51,1.48,0.05,1.38,,,,,,,1,,harriwi10
889,Rafael Montero,29,TEX,AL,17,0,0,17.2,2,2,0,0,0,1.000,,,0,0,1.02,1.27,0.12,1.20,,,,,,,1,,montera01
890,Jacob Waguespack,26,TOR,AL,11,0,0,17.2,3,2,1,0,0,1.000,,,-1,-11,1.53,1.27,0.27,1.20,,,,,,,1,,wagueja01
891,Charlie Culberson,31,ATL,NL,6,1,0,17.1,11,11,0,0,3,1.000,0,-14,0,0,5.71,6.13,1.83,6.15,,,,,,,/H314D,,culbech01
892,Kyle Funkhouser,26,DET,AL,13,0,0,17.1,3,2,1,0,0,1.000,,,0,0,1.56,1.25,0.23,1.20,,,,,,,1,,funkhky01
893,Jesse Hahn,30,KCR,AL,18,0,0,17.1,2,1,1,0,0,1.000,,,0,0,1.04,1.25,0.11,1.20,,,,,,,1,,hahnje01
894,Taylor Hearn,25,TEX,AL,14,0,0,17.1,0,0,0,0,0,,,,-1,-12,0.00,1.25,0.00,1.20,,,,,,,1,,hearnta01
895,Josh James,27,HOU,AL,13,2,0,17.1,2,1,1,0,0,1.000,,,0,0,1.04,1.25,0.15,1.20,,,,,,,1,,jamesjo02
896,Luis Patiño,20,SDP,NL,11,1,0,17.1,2,1,1,0,0,1.000,,,0,0,1.04,1.45,0.18,1.38,,,,,,,1,,patinlu01
897,Luis Perdomo,27,SDP,NL,10,1,0,17.1,3,2,0,1,0,.667,,,0,0,1.04,1.45,0.20,1.38,,,,,,,1,,perdolu02
898,Cy Sneed,27,HOU,AL,18,0,0,17.1,4,1,3,0,0,1.000,,,0,0,2.08,1.25,0.22,1.20,,,,,,,1,,sneedcy01
899,Rowan Wick,27,CHC,NL,19,0,0,17.1,1,1,0,0,0,1.000,,,0,0,0.52,1.45,0.05,1.38,,,,,,,1,,wickro01
900,Matt Adams,31,ATL,NL,2,2,2,17.0,15,15,0,0,2,1.000,0,28,0,0,7.94,8.31,7.50,7.90,,,,,,,D/H3,,adamsma01
901,Pedro Báez,32,LAD,NL,18,0,0,17.0,0,0,0,0,0,,,,0,0,0.00,1.43,0.00,1.38,,,,,,,1,,baezpe01
902,Jesse Chavez,36,TEX,AL,18,0,0,17.0,1,0,1,0,0,1.000,,,-1,-12,0.53,1.27,0.06,1.20,,,,,,,1,,chaveje01
903,Tanner Houck,24,BOS,AL,3,3,0,17.0,2,0,2,0,0,1.000,,,0,0,1.06,1.27,0.67,1.20,,,,,,,/1,,houckta01
904,Cody Ponce,26,PIT,NL,5,3,0,17.0,1,1,0,0,0,1.000,,,0,0,0.53,1.43,0.20,1.38,,,,,,,/1,,ponceco01
905,Keibert Ruiz,21,LAD,NL,2,2,2,17.0,13,12,1,0,0,1.000,0,0,0,0,6.88,9.64,6.50,9.15,0,1,3,0,0.0,1,/2,,ruizke01
906,Dennis Santana,24,LAD,NL,12,0,0,17.0,4,1,2,1,0,.750,,,-1,-12,1.59,1.43,0.25,1.38,,,,,,,1,,santade01
907,David Hale,32,2TM,2LG,11,2,0,17.0,4,0,4,0,0,1.000,,,0,0,2.12,1.38,0.36,1.30,,,,,,,1,,haleda02
907,David Hale,32,NYY,AL,5,0,0,6.0,2,0,2,0,0,1.000,,,0,0,3.00,1.20,0.40,1.20,,,,,,,/1,,haleda02
907,David Hale,32,PHI,NL,6,2,0,11.0,2,0,2,0,0,1.000,,,0,0,1.64,1.47,0.33,1.38,,,,,,,/1,,haleda02
908,Ryan Borucki,26,TOR,AL,21,0,0,16.2,1,0,1,0,0,1.000,,,0,0,0.54,1.24,0.05,1.20,,,,,,,1,,borucry01
909,Hansel Robles,29,LAA,AL,18,0,0,16.2,2,1,1,0,0,1.000,,,0,0,1.08,1.24,0.11,1.20,,,,,,,1,,robleha01
910,Jeff Samardzija,35,SFG,NL,4,4,0,16.2,4,3,1,0,0,1.000,,,0,0,2.16,1.46,1.00,1.38,,,,,,,/1,,samarje01
911,Dillon Tate,26,BAL,AL,12,0,0,16.2,3,2,1,0,0,1.000,,,0,0,1.62,1.24,0.25,1.20,,,,,,,1,,tatedi01
912,Richard Bleier,33,2TM,2LG,21,0,0,16.2,4,0,4,0,0,1.000,,,0,0,2.16,1.40,0.19,1.36,,,,,,,1,,bleieri01
912,Richard Bleier,33,BAL,AL,2,0,0,3.0,0,0,0,0,0,,,,0,0,0.00,1.20,0.00,1.20,,,,,,,/1,,bleieri01
912,Richard Bleier,33,MIA,NL,19,0,0,13.2,4,0,4,0,0,1.000,,,0,0,2.63,1.45,0.21,1.38,,,,,,,1,,bleieri01
913,Nick Anderson,29,TBR,AL,19,0,0,16.1,1,1,0,0,0,1.000,,,0,0,0.55,1.27,0.05,1.20,,,,,,,1,,anderni01
914,Wilmer Font,30,TOR,AL,21,0,0,16.1,1,0,1,0,0,1.000,,,-1,-12,0.55,1.27,0.05,1.20,,,,,,,1,,fontwi01
915,Darren O'Day,37,ATL,NL,19,0,0,16.1,4,1,2,1,0,.750,,,-1,-12,1.65,1.43,0.16,1.38,,,,,,,1,,odayda01
916,Lewis Thorpe,24,MIN,AL,7,1,0,16.1,3,0,3,0,3,1.000,,,1,12,1.65,1.27,0.43,1.20,,,,,,,/1,,thorple01
917,Brady Lail,26,2TM,AL,8,0,0,16.1,2,1,1,0,0,1.000,,,0,0,1.10,1.27,0.25,1.20,,,,,,,/1,,lailbr01
917,Brady Lail,26,CHW,AL,1,0,0,1.1,0,0,0,0,0,,,,0,0,0.00,1.35,0.00,1.20,,,,,,,/1,,lailbr01
917,Brady Lail,26,SEA,AL,7,0,0,15.0,2,1,1,0,0,1.000,,,0,0,1.20,1.26,0.29,1.20,,,,,,,/1,,lailbr01
918,Walker Lockett,26,2TM,2LG,7,1,0,16.1,3,2,1,0,1,1.000,,,1,12,1.65,1.38,0.43,1.26,,,,,,,/1,,lockewa01
918,Walker Lockett,26,NYM,NL,2,1,0,8.0,2,1,1,0,1,1.000,,,1,25,2.25,1.46,1.00,1.40,,,,,,,/1,,lockewa01
918,Walker Lockett,26,SEA,AL,5,0,0,8.1,1,1,0,0,0,1.000,,,0,0,1.08,1.30,0.20,1.20,,,,,,,/1,,lockewa01
919,Abraham Almonte,31,SDP,NL,3,2,1,16.0,6,6,0,0,0,1.000,1,105,0,0,3.38,2.03,2.00,1.93,,,,,,,/D7H8,,almonab01
920,Kevin Ginkel,26,ARI,NL,19,0,0,16.0,1,1,0,0,0,1.000,,,-1,-13,0.56,1.46,0.05,1.38,,,,,,,1,,ginkeke01
921,Jahmai Jones,22,LAA,AL,2,2,2,16.0,4,1,3,0,1,1.000,0,15,0,0,2.25,3.99,2.00,3.85,,,,,,,/4H,,jonesja08
922,Logan Morrison,32,MIL,NL,2,2,1,16.0,14,14,0,0,1,1.000,0,-15,0,0,7.88,8.33,7.00,7.90,,,,,,,/DH3,,morrilo01
923,Nate Orf,30,OAK,AL,5,1,1,16.0,4,2,2,0,1,1.000,-1,-105,-1,-75,2.25,3.94,0.80,3.72,,,,,,,/6H4,,orfna01
924,Blake Parker,35,PHI,NL,14,1,0,16.0,2,0,2,0,0,1.000,,,0,0,1.13,1.46,0.14,1.38,,,,,,,1,,parkebl01
925,Devin Smeltzer,24,MIN,AL,7,1,0,16.0,5,1,4,0,0,1.000,,,2,25,2.81,1.24,0.71,1.20,,,,,,,/1,,smeltde01
926,Will Smith,30,ATL,NL,18,0,0,16.0,3,1,2,0,0,1.000,,,0,0,1.69,1.46,0.17,1.38,,,,,,,1,,smithwi04
927,Joey Gerber,23,SEA,AL,17,0,0,15.2,2,2,0,0,1,1.000,,,0,0,1.15,1.26,0.12,1.20,,,,,,,1,,gerbejo01
928,Javy Guerra,34,WSN,NL,14,0,0,15.2,0,0,0,0,0,,,,0,0,0.00,1.44,0.00,1.38,,,,,,,1,,guerrja01
929,Ljay Newsome,23,SEA,AL,5,4,0,15.2,1,0,1,0,0,1.000,,,0,0,0.57,1.26,0.20,1.20,,,,,,,/1,,newsolj01
930,Kyle Ryan,28,CHC,NL,18,0,0,15.2,8,3,5,0,0,1.000,,,1,13,4.60,1.44,0.44,1.38,,,,,,,1,,ryanky01
931,John Schreiber,26,DET,AL,15,0,0,15.2,3,3,0,0,0,1.000,,,0,0,1.72,1.26,0.20,1.20,,,,,,,1,,schrejo01
932,Nick Tropeano,29,PIT,NL,7,0,0,15.2,1,0,1,0,0,1.000,,,0,0,0.57,1.44,0.14,1.39,,,,,,,/1,,tropeni01
933,Bryse Wilson,22,ATL,NL,6,2,0,15.2,3,1,2,0,0,1.000,,,0,0,1.72,1.44,0.50,1.38,,,,,,,/1,,wilsobr02
934,Nick Pivetta,27,2TM,2LG,5,2,0,15.2,1,0,1,0,0,1.000,,,0,0,0.57,1.32,0.20,1.30,,,,,,,/1,,pivetni01
934,Nick Pivetta,27,PHI,NL,3,0,0,5.2,0,0,0,0,0,,,,0,0,0.00,1.43,0.00,1.37,,,,,,,/1,,pivetni01
934,Nick Pivetta,27,BOS,AL,2,2,0,10.0,1,0,1,0,0,1.000,,,0,0,0.90,1.26,0.50,1.20,,,,,,,/1,,pivetni01
935,Shaun Anderson,25,SFG,NL,18,0,0,15.1,3,1,2,0,0,1.000,,,0,0,1.76,1.47,0.17,1.38,,,,,,,1,,andersh01
936,Craig Kimbrel,32,CHC,NL,18,0,0,15.1,1,0,1,0,0,1.000,,,0,0,0.59,1.47,0.06,1.38,,,,,,,1,,kimbrcr01
937,Drew Rasmussen,24,MIL,NL,12,0,0,15.1,3,1,2,0,0,1.000,,,0,0,1.76,1.47,0.25,1.38,,,,,,,1,,rasmudr01
938,Shawn Armstrong,29,BAL,AL,14,0,0,15.0,1,0,0,1,0,.000,,,0,0,0.00,1.26,0.00,1.20,,,,,,,1,,armstsh01
939,José Briceño,27,LAA,AL,2,2,0,15.0,17,16,0,1,0,.941,-1,-80,0,0,9.60,9.54,8.00,9.15,1,0,1,0,0.0,0,/2,,bricejo01
940,Austin Dean,26,STL,NL,3,2,0,15.0,4,4,0,0,0,1.000,-2,-144,-1,-80,2.40,2.88,1.33,3.93,,,,,,,/739H,,deanau01
941,Giovanny Gallegos,28,STL,NL,16,0,0,15.0,0,0,0,0,0,,,,0,0,0.00,1.44,0.00,1.38,,,,,,,1,,gallegi01
942,John Gant,27,STL,NL,17,0,0,15.0,3,1,2,0,0,1.000,,,1,13,1.80,1.44,0.18,1.38,,,,,,,1,,gantjo01
943,Yimi García,29,MIA,NL,14,0,0,15.0,3,1,1,1,0,.667,,,1,13,1.20,1.44,0.14,1.38,,,,,,,1,,garciyi01
944,Brian Navarreto,25,MIA,NL,2,2,2,15.0,14,13,1,0,0,1.000,0,0,0,0,8.40,9.66,7.00,9.15,0,0,1,1,50.0,0,/2,,navarbr01
945,Cody Stashak,26,MIN,AL,11,0,0,15.0,0,0,0,0,0,,,,0,0,0.00,1.26,0.00,1.20,,,,,,,1,,stashco01
946,Daniel Vogelbach,27,MIL,NL,2,2,1,15.0,17,15,2,0,1,1.000,0,0,0,0,10.20,8.34,8.50,7.90,,,,,,,D/3H,,vogelda01
947,Cam Bedrosian,28,LAA,AL,11,0,0,14.2,0,0,0,0,0,,,,0,0,0.00,1.23,0.00,1.20,,,,,,,1,,bedroca01
948,Sam Coonrod,27,SFG,NL,18,0,0,14.2,4,2,2,0,0,1.000,,,0,0,2.45,1.47,0.22,1.38,,,,,,,1,,coonrsa01
949,Carlos Hernández,23,KCR,AL,5,3,0,14.2,1,0,0,1,0,.000,,,-1,-14,0.00,1.23,0.00,1.20,,,,,,,/1,,hernaca04
950,James Hoyt,33,MIA,NL,24,0,0,14.2,4,1,1,2,0,.500,,,0,0,1.23,1.47,0.08,1.38,,,,,,,1,,hoytja01
951,Brett Martin,25,TEX,AL,15,0,0,14.2,1,1,0,0,0,1.000,,,0,0,0.61,1.23,0.07,1.20,,,,,,,1,,martibr01
952,Jordan Romano,27,TOR,AL,15,0,0,14.2,5,3,2,0,0,1.000,,,0,0,3.07,1.23,0.33,1.20,,,,,,,1,,romanjo03
953,Taylor Williams,28,2TM,2LG,15,0,0,14.2,1,0,1,0,0,1.000,,,0,0,0.61,1.29,0.07,1.21,,,,,,,1,,willita01
953,Taylor Williams,28,SEA,AL,14,0,0,13.2,1,0,1,0,0,1.000,,,0,0,0.66,1.25,0.07,1.20,,,,,,,1,,willita01
953,Taylor Williams,28,SDP,NL,1,0,0,1.0,0,0,0,0,0,,,,0,0,0.00,1.80,0.00,1.40,,,,,,,/1,,willita01
954,Wade Miley,33,CIN,NL,6,4,0,14.1,4,3,1,0,0,1.000,,,0,0,2.51,1.44,0.67,1.38,,,,,,,/1,,mileywa01
955,Evan Phillips,25,BAL,AL,14,0,0,14.1,1,1,0,0,0,1.000,,,0,0,0.63,1.26,0.07,1.20,,,,,,,1,,phillev01
956,Erasmo Ramírez,30,NYM,NL,6,0,0,14.1,2,1,1,0,0,1.000,,,0,0,1.26,1.44,0.33,1.38,,,,,,,/1,,ramirer02
957,César Valdez,35,BAL,AL,9,0,0,14.1,3,1,2,0,0,1.000,,,0,0,1.88,1.26,0.33,1.20,,,,,,,/1,,valdece01
958,Dylan Covey,28,BOS,AL,8,0,0,14.0,1,0,1,0,0,1.000,,,-1,-14,0.64,1.22,0.13,1.20,,,,,,,/1,,coveydy01
959,Robert Gsellman,26,NYM,NL,6,4,0,14.0,3,1,1,1,0,.667,,,0,0,1.29,1.48,0.33,1.38,,,,,,,/1,,gsellro01
960,Ian Kennedy,35,KCR,AL,15,1,0,14.0,2,0,1,1,0,.500,,,-1,-14,0.64,1.22,0.07,1.20,,,,,,,1,,kenneia01
961,Mike Kickham,31,BOS,AL,6,2,0,14.0,3,1,2,0,0,1.000,,,1,14,1.93,1.22,0.50,1.20,,,,,,,/1,,kickhmi01
962,Josh Phegley,32,CHC,NL,4,0,0,14.0,21,21,0,0,0,1.000,0,0,0,0,13.50,9.64,5.25,9.18,1,0,1,0,0.0,0,/DH2,,phegljo01
963,Colin Rea,29,CHC,NL,9,2,0,14.0,4,4,0,0,0,1.000,,,0,0,2.57,1.48,0.44,1.38,,,,,,,/1,,reaco01
964,Jordan Weems,27,OAK,AL,9,0,0,14.0,0,0,0,0,0,,,,0,0,0.00,1.22,0.00,1.20,,,,,,,/1,,weemsjo01
965,Caleb Smith,28,2TM,NL,5,4,0,14.0,0,0,0,0,0,,,,0,0,0.00,1.48,0.00,1.38,,,,,,,/1,,smithca03
965,Caleb Smith,28,MIA,NL,1,1,0,3.0,0,0,0,0,0,,,,0,0,0.00,1.50,0.00,1.40,,,,,,,/1,,smithca03
965,Caleb Smith,28,ARI,NL,4,3,0,11.0,0,0,0,0,0,,,,0,0,0.00,1.47,0.00,1.38,,,,,,,/1,,smithca03
966,Jason Adam,28,CHC,NL,13,0,0,13.2,3,0,2,1,0,.667,,,0,0,1.32,1.45,0.15,1.38,,,,,,,1,,adamja01
967,Sean Newcomb,27,ATL,NL,4,4,0,13.2,2,0,2,0,0,1.000,,,0,0,1.32,1.45,0.50,1.38,,,,,,,/1,,newcose01
968,Jake Odorizzi,30,MIN,AL,4,4,0,13.2,0,0,0,0,0,,,,-1,-15,0.00,1.25,0.00,1.20,,,,,,,/1,,odorija01
969,Michael Soroka,22,ATL,NL,3,3,0,13.2,3,3,0,0,0,1.000,,,0,0,1.98,1.45,1.00,1.37,,,,,,,/1,,sorokmi01
970,Javy Guerra,24,SDP,NL,14,0,0,13.1,3,0,3,0,0,1.000,,,1,15,2.03,1.42,0.21,1.38,,,,,,,1,,guerrja02
971,Corey Knebel,28,MIL,NL,15,0,0,13.1,3,2,1,0,0,1.000,,,0,0,2.03,1.42,0.20,1.38,,,,,,,1,,knebeco01
972,Hoby Milner,29,LAA,AL,19,0,0,13.1,2,1,1,0,1,1.000,,,0,0,1.35,1.22,0.11,1.20,,,,,,,1,,milneho01
973,Robert Stock,30,BOS,AL,10,0,0,13.1,2,1,1,0,1,1.000,,,-1,-15,1.35,1.22,0.20,1.20,,,,,,,1,,stockro01
974,Marcus Walden,31,BOS,AL,15,0,0,13.1,1,0,1,0,0,1.000,,,0,0,0.68,1.22,0.07,1.20,,,,,,,1,,waldema01
975,Julian Merryweather,28,TOR,AL,8,3,0,13.0,3,0,3,0,0,1.000,,,0,0,2.08,1.25,0.38,1.20,,,,,,,/1,,merryju01
976,Andrew Miller,35,STL,NL,16,0,0,13.0,1,0,1,0,0,1.000,,,0,0,0.69,1.45,0.06,1.38,,,,,,,1,,millean01
977,Adam Morgan,30,PHI,NL,17,0,0,13.0,1,0,0,1,0,.000,,,-1,-15,0.00,1.45,0.00,1.38,,,,,,,1,,morgaad01
978,Corey Oswalt,26,NYM,NL,4,1,0,13.0,3,2,1,0,0,1.000,,,0,0,2.08,1.45,0.75,1.38,,,,,,,/1,,oswalco01
979,Justin Williams,24,STL,NL,2,2,1,13.0,1,1,0,0,0,1.000,1,46,0,0,0.69,2.01,0.50,1.95,,,,,,,/9DH,,williju02
980,Joely Rodríguez,28,TEX,AL,12,0,0,12.2,3,0,2,1,0,.667,,,0,0,1.42,1.28,0.17,1.20,,,,,,,1,,rodrijo06
981,Alex Wood,29,LAD,NL,9,2,0,12.2,1,0,1,0,0,1.000,,,1,16,0.71,1.42,0.11,1.38,,,,,,,/1,,woodal02
982,Scott Alexander,30,LAD,NL,13,0,0,12.1,3,0,3,0,0,1.000,,,0,0,2.19,1.46,0.23,1.38,,,,,,,1,,alexasc02
983,Brad Brach,34,NYM,NL,14,0,0,12.1,5,1,4,0,0,1.000,,,1,16,3.65,1.46,0.36,1.38,,,,,,,1,,brachbr01
984,Luis Garcia,23,HOU,AL,5,1,0,12.1,0,0,0,0,0,,,,0,0,0.00,1.24,0.00,1.20,,,,,,,/1,,garcilu05
985,Ian Gibaut,26,TEX,AL,14,0,0,12.1,3,0,2,1,0,.667,,,1,16,1.46,1.24,0.14,1.20,,,,,,,1,,gibauia01
986,Yoshihisa Hirano,36,SEA,AL,13,0,0,12.1,3,0,3,0,1,1.000,,,0,0,2.19,1.24,0.23,1.20,,,,,,,1,,hiranyo01
987,Daniel Mengden,27,OAK,AL,4,1,0,12.1,1,1,0,0,0,1.000,,,0,0,0.73,1.24,0.25,1.20,,,,,,,/1,,mengdda01
988,Ryan Helsley,25,STL,NL,12,0,0,12.0,0,0,0,0,0,,,,0,0,0.00,1.43,0.00,1.38,,,,,,,1,,helslry01
989,Keynan Middleton,26,LAA,AL,13,0,0,12.0,2,1,1,0,0,1.000,,,-1,-17,1.50,1.28,0.15,1.20,,,,,,,1,,middlke01
990,Burch Smith,30,OAK,AL,6,0,0,12.0,1,0,1,0,0,1.000,,,0,0,0.75,1.28,0.17,1.20,,,,,,,/1,,smithbu03
991,Cody Reed,27,2TM,2LG,11,0,0,12.0,0,0,0,0,0,,,,0,0,0.00,1.43,0.00,1.35,,,,,,,1,,reedco01
991,Cody Reed,27,CIN,NL,9,0,0,9.1,0,0,0,0,0,,,,0,0,0.00,1.45,0.00,1.38,,,,,,,/1,,reedco01
991,Cody Reed,27,TBR,AL,2,0,0,2.2,0,0,0,0,0,,,,0,0,0.00,1.35,0.00,1.20,,,,,,,/1,,reedco01
992,Dellin Betances,32,NYM,NL,15,0,0,11.2,0,0,0,0,0,,,,0,0,0.00,1.47,0.00,1.38,,,,,,,1,,betande01
993,Aroldis Chapman,32,NYY,AL,13,0,0,11.2,0,0,0,0,0,,,,-1,-17,0.00,1.23,0.00,1.20,,,,,,,1,,chapmar01
994,Seth Elledge,24,STL,NL,12,0,0,11.2,0,0,0,0,0,,,,0,0,0.00,1.47,0.00,1.38,,,,,,,1,,elledse01
995,Trevor Gott,27,SFG,NL,15,0,0,11.2,1,1,0,0,0,1.000,,,0,0,0.77,1.47,0.07,1.38,,,,,,,1,,gotttr01
996,Matt Harvey,31,KCR,AL,7,4,0,11.2,2,1,1,0,0,1.000,,,0,0,1.54,1.23,0.29,1.20,,,,,,,/1,,harvema01
997,Dakota Bacus,29,WSN,NL,11,0,0,11.1,6,1,5,0,0,1.000,,,1,18,4.76,1.43,0.55,1.38,,,,,,,1,,bacusda01
998,Connor Brogdon,25,PHI,NL,9,0,0,11.1,1,0,1,0,0,1.000,,,0,0,0.79,1.43,0.11,1.38,,,,,,,/1,,brogdco01
999,Yonny Chirinos,26,TBR,AL,3,3,0,11.1,1,0,1,0,0,1.000,,,0,0,0.79,1.27,0.33,1.20,,,,,,,/1,,chiriyo01
1000,Adam Cimber,29,CLE,AL,14,0,0,11.1,3,0,3,0,0,1.000,,,0,0,2.38,1.27,0.21,1.20,,,,,,,1,,cimbead01
1001,Franklyn Kilome,25,NYM,NL,4,0,0,11.1,3,0,3,0,0,1.000,,,0,0,2.38,1.43,0.75,1.38,,,,,,,/1,,kilomfr01
1002,Conner Menez,25,SFG,NL,7,0,0,11.1,3,1,1,1,0,.667,,,0,0,1.59,1.43,0.29,1.39,,,,,,,/1,,menezco01
1003,Jordan Yamamoto,24,MIA,NL,4,3,0,11.1,1,0,1,0,0,1.000,,,0,0,0.79,1.43,0.25,1.38,,,,,,,/1,,yamamjo01
1004,T.J. Zeuch,24,TOR,AL,3,1,0,11.1,0,0,0,0,0,,,,0,0,0.00,1.27,0.00,1.20,,,,,,,/1,,zeuchtj01
1005,Zack Collins,25,CHW,AL,3,1,1,11.0,12,12,0,0,0,1.000,0,0,0,0,9.82,9.41,4.00,8.73,0,1,1,0,0.0,0,/DH23,,colliza01
1006,Oliver Drake,33,TBR,AL,11,0,0,11.0,3,2,1,0,0,1.000,,,0,0,2.45,1.23,0.27,1.20,,,,,,,1,,drakeol01
1007,Nick Goody,28,TEX,AL,17,1,0,11.0,1,0,1,0,0,1.000,,,0,0,0.82,1.23,0.06,1.20,,,,,,,1,,goodyni01
1008,Kyle Hart,27,BOS,AL,4,3,0,11.0,1,0,1,0,0,1.000,,,0,0,0.82,1.23,0.25,1.20,,,,,,,/1,,hartky01
1009,Dilson Herrera,26,BAL,AL,3,1,1,11.0,12,11,1,0,0,1.000,0,11,1,109,9.82,7.61,4.00,5.93,,,,,,,/38H,,herredi01
1010,Eric Lauer,25,MIL,NL,4,2,0,11.0,0,0,0,0,0,,,,0,0,0.00,1.47,0.00,1.38,,,,,,,/1,,lauerer01
1011,Kyle McGowin,28,WSN,NL,9,0,0,11.0,0,0,0,0,0,,,,-1,-18,0.00,1.47,0.00,1.38,,,,,,,/1,,mcgowky01
1012,Hernán Pérez,29,CHC,NL,2,1,0,11.0,3,2,1,0,0,1.000,0,44,0,0,2.45,4.50,0.75,5.38,,,,,,,/347DH,,perezhe01
1013,Stephen Tarpley,27,MIA,NL,12,0,0,11.0,1,0,1,0,0,1.000,,,0,0,0.82,1.47,0.08,1.38,,,,,,,1,,tarplst01
1014,Logan Allen,23,CLE,AL,3,0,0,10.2,1,0,1,0,0,1.000,,,0,0,0.84,1.27,0.33,1.20,,,,,,,/1,,allenlo01
1015,Humberto Castellanos,22,HOU,AL,8,0,0,10.2,1,0,1,0,0,1.000,,,0,0,0.84,1.27,0.13,1.20,,,,,,,/1,,castehu01
1016,Robert Dugger,24,MIA,NL,4,1,0,10.2,1,1,0,0,0,1.000,,,0,0,0.84,1.43,0.25,1.38,,,,,,,/1,,duggero01
1017,Nick Ramirez,30,DET,AL,5,0,0,10.2,3,1,2,0,0,1.000,,,1,19,2.53,1.27,0.60,1.20,,,,,,,/1,,ramirni01
1018,JoJo Romero,23,PHI,NL,12,0,0,10.2,1,1,0,0,0,1.000,,,0,0,0.84,1.43,0.08,1.38,,,,,,,1,,romerjo01
1019,John King,25,TEX,AL,6,0,0,10.1,2,1,1,0,0,1.000,,,0,0,1.74,1.22,0.33,1.20,,,,,,,/1,,kingjo01
1020,Matt Magill,30,SEA,AL,11,0,0,10.1,0,0,0,0,0,,,,0,0,0.00,1.22,0.00,1.20,,,,,,,1,,magilma01
1021,Carson Fulmer,26,2TM,AL,10,0,0,10.1,2,1,1,0,0,1.000,,,0,0,1.74,1.22,0.20,1.20,,,,,,,1,,fulmeca01
1021,Carson Fulmer,26,DET,AL,7,0,0,6.2,1,1,0,0,0,1.000,,,0,0,1.35,1.22,0.14,1.20,,,,,,,/1,,fulmeca01
1021,Carson Fulmer,26,BAL,AL,3,0,0,3.2,1,0,1,0,0,1.000,,,0,0,2.45,1.23,0.33,1.20,,,,,,,/1,,fulmeca01
1022,Rico Garcia,26,SFG,NL,12,0,0,10.0,1,1,0,0,0,1.000,,,0,0,0.90,1.44,0.08,1.38,,,,,,,1,,garciri01
1023,Óscar Hernández,26,KCR,AL,3,1,0,10.0,9,7,2,0,0,1.000,0,0,0,0,8.10,9.54,3.00,9.17,0,1,0,0,,0,/2H,,hernaos01
1024,Joe Kelly,32,LAD,NL,12,1,0,10.0,2,0,2,0,1,1.000,,,0,0,1.80,1.44,0.17,1.38,,,,,,,1,,kellyjo05
1025,Humberto Mejía,23,MIA,NL,3,3,0,10.0,0,0,0,0,0,,,,0,0,0.00,1.44,0.00,1.37,,,,,,,/1,,mejiahu01
1026,Keury Mella,26,ARI,NL,11,0,0,10.0,1,0,1,0,0,1.000,,,0,0,0.90,1.44,0.09,1.38,,,,,,,1,,mellake01
1027,Brian O'Grady,28,TBR,AL,2,1,0,10.0,1,1,0,0,0,1.000,0,-48,0,0,0.90,2.79,0.50,5.00,,,,,,,/378,,ogradbr01
1028,Cristian Pache,21,ATL,NL,2,1,1,10.0,3,3,0,0,0,1.000,0,-12,-1,-120,2.70,2.07,1.50,1.95,,,,,,,/7,,pachecr01
1029,Jose Quintana,31,CHC,NL,4,1,0,10.0,2,1,1,0,0,1.000,,,0,0,1.80,1.44,0.50,1.38,,,,,,,/1,,quintjo01
1030,Ryne Stanek,28,MIA,NL,9,0,0,10.0,1,1,0,0,0,1.000,,,0,0,0.90,1.44,0.11,1.38,,,,,,,/1,,stanery01
1031,Robert Stephenson,27,CIN,NL,10,0,0,10.0,2,2,0,0,0,1.000,,,0,0,1.80,1.44,0.20,1.38,,,,,,,1,,stephro01
1032,Jacob Webb,26,ATL,NL,8,0,0,10.0,2,0,1,1,0,.500,,,0,0,0.90,1.44,0.13,1.38,,,,,,,/1,,webbja01
1033,Dominic Leone,28,CLE,AL,12,0,0,9.2,4,1,3,0,0,1.000,,,1,21,3.72,1.21,0.33,1.20,,,,,,,1,,leonedo01
1034,Ramón Rosso,24,PHI,NL,7,1,0,9.2,0,0,0,0,0,,,,0,0,0.00,1.49,0.00,1.39,,,,,,,/1,,rossora01
1035,Ryan Sherriff,30,TBR,AL,10,0,0,9.2,1,1,0,0,0,1.000,,,0,0,0.93,1.21,0.10,1.20,,,,,,,1,,sherrry01
1036,Andrew Suárez,27,SFG,NL,6,0,0,9.2,0,0,0,0,0,,,,-1,-21,0.00,1.49,0.00,1.38,,,,,,,/1,,suarean01
1037,Andrew Chafin,30,2TM,NL,15,0,0,9.2,3,1,2,0,0,1.000,,,0,0,2.79,1.49,0.20,1.38,,,,,,,1,,chafian01
1037,Andrew Chafin,30,ARI,NL,11,0,0,6.2,1,0,1,0,0,1.000,,,0,0,1.35,1.49,0.09,1.38,,,,,,,1,,chafian01
1037,Andrew Chafin,30,CHC,NL,4,0,0,3.0,2,1,1,0,0,1.000,,,0,0,6.00,1.50,0.50,1.38,,,,,,,/1,,chafian01
1038,Aaron Bummer,26,CHW,AL,9,0,0,9.1,1,0,0,1,0,.000,,,0,0,0.00,1.25,0.00,1.20,,,,,,,/1,,bummeaa01
1039,J.P. Feyereisen,27,MIL,NL,6,0,0,9.1,1,0,1,0,0,1.000,,,0,0,0.96,1.45,0.17,1.38,,,,,,,/1,,feyerjo01
1040,Chaz Roe,33,TBR,AL,10,0,0,9.1,0,0,0,0,0,,,,0,0,0.00,1.25,0.00,1.20,,,,,,,1,,roech01
1041,José Alvarado,25,TBR,AL,9,0,0,9.0,1,0,1,0,0,1.000,,,0,0,1.00,1.30,0.11,1.20,,,,,,,/1,,alvarjo03
1042,Emilio Bonifácio,35,WSN,NL,1,1,1,9.0,4,4,0,0,0,1.000,0,40,0,0,4.00,2.00,4.00,1.90,,,,,,,/H7,,bonifem01
1043,Ryon Healy,28,MIL,NL,2,1,0,9.0,12,12,0,0,3,1.000,0,13,0,0,12.00,8.30,6.00,7.90,,,,,,,/3DH,,healyry01
1044,Brandon Leibrandt,27,MIA,NL,5,0,0,9.0,1,1,0,0,0,1.000,,,0,0,1.00,1.50,0.20,1.38,,,,,,,/1,,leibrbr01
1045,Zach McKinstry,25,LAD,NL,2,1,1,9.0,3,3,0,0,0,1.000,1,67,0,0,3.00,2.20,1.50,2.85,,,,,,,/HD49,,mckinza01
1046,Chance Adams,25,KCR,AL,6,0,0,8.2,1,0,1,0,0,1.000,,,0,0,1.04,1.25,0.17,1.20,,,,,,,/1,,adamsch01
1047,Matt Hall,26,BOS,AL,4,1,0,8.2,0,0,0,0,0,,,,-1,-23,0.00,1.25,0.00,1.20,,,,,,,/1,,hallma02
1048,Hunter Harvey,25,BAL,AL,10,0,0,8.2,1,1,0,0,0,1.000,,,0,0,1.04,1.25,0.10,1.20,,,,,,,1,,harvehu01
1049,Nivaldo Rodríguez,23,HOU,AL,5,0,0,8.2,2,2,0,0,0,1.000,,,0,0,2.08,1.25,0.40,1.20,,,,,,,/1,,rodrini01
1050,Jesús Tinoco,25,2TM,NL,6,0,0,8.2,2,0,2,0,0,1.000,,,1,23,2.08,1.45,0.33,1.37,,,,,,,/1,,tinocje01
1050,Jesús Tinoco,25,MIA,NL,3,0,0,5.0,2,0,2,0,0,1.000,,,1,40,3.60,1.44,0.67,1.37,,,,,,,/1,,tinocje01
1050,Jesús Tinoco,25,COL,NL,3,0,0,3.2,0,0,0,0,0,,,,0,0,0.00,1.47,0.00,1.37,,,,,,,/1,,tinocje01
1051,Luis Avilán,30,NYY,AL,10,0,0,8.1,0,0,0,0,0,,,,0,0,0.00,1.30,0.00,1.20,,,,,,,1,,avilalu01
1052,Tyler Bashlor,27,PIT,NL,8,0,0,8.1,0,0,0,0,0,,,,0,0,0.00,1.40,0.00,1.38,,,,,,,/1,,bashlty01
1053,Nabil Crismatt,25,STL,NL,6,0,0,8.1,5,1,4,0,1,1.000,,,1,24,5.40,1.40,0.83,1.38,,,,,,,/1,,crismna01
1054,Wil Crowe,25,WSN,NL,3,3,0,8.1,1,1,0,0,0,1.000,,,0,0,1.08,1.40,0.33,1.37,,,,,,,/1,,crowewi01
1055,Luis García,33,TEX,AL,11,2,0,8.1,0,0,0,0,0,,,,0,0,0.00,1.30,0.00,1.20,,,,,,,1,,garcilu03
1056,Ashton Goudeau,27,COL,NL,4,0,0,8.1,3,2,1,0,1,1.000,,,0,0,3.24,1.40,0.75,1.38,,,,,,,/1,,goudeas01
1057,Darwinzon Hernández,23,BOS,AL,7,0,0,8.1,0,0,0,0,0,,,,0,0,0.00,1.30,0.00,1.20,,,,,,,/1,,hernada02
1058,Nick Neidert,23,MIA,NL,4,0,0,8.1,1,1,0,0,0,1.000,,,0,0,1.08,1.40,0.25,1.38,,,,,,,/1,,neideni01
1059,Andrew Triggs,31,2TM,2LG,5,2,0,8.1,0,0,0,0,0,,,,0,0,0.00,1.19,0.00,1.24,,,,,,,/1,,triggan01
1059,Andrew Triggs,31,SFG,NL,1,0,0,0.1,0,0,0,0,0,,,,0,0,0.00,0.00,0.00,1.40,,,,,,,/1,,triggan01
1059,Andrew Triggs,31,BOS,AL,4,2,0,8.0,0,0,0,0,0,,,,0,0,0.00,1.24,0.00,1.20,,,,,,,/1,,triggan01
1060,Travis Bergen,26,2TM,2LG,8,0,0,8.1,1,0,0,1,0,.000,,,0,0,0.00,1.40,0.00,1.36,,,,,,,/1,,bergetr01
1060,Travis Bergen,26,TOR,AL,1,0,0,1.2,0,0,0,0,0,,,,0,0,0.00,1.08,0.00,1.20,,,,,,,/1,,bergetr01
1060,Travis Bergen,26,ARI,NL,7,0,0,6.2,1,0,0,1,0,.000,,,0,0,0.00,1.49,0.00,1.39,,,,,,,/1,,bergetr01
1061,Homer Bailey,34,MIN,AL,2,2,0,8.0,1,0,1,0,0,1.000,,,0,0,1.13,1.24,0.50,1.20,,,,,,,/1,,baileho02
1062,Travis Blankenhorn,23,MIN,AL,1,1,1,8.0,2,1,1,0,1,1.000,-2,-225,-2,-300,2.25,4.05,2.00,3.90,,,,,,,/4,,blanktr01
1063,Rob Brantly,30,SFG,NL,1,1,1,8.0,5,4,1,0,0,1.000,0,0,0,0,5.63,9.68,5.00,9.20,0,0,1,1,50.0,0,/2,,brantro01
1064,Will Craig,25,PIT,NL,2,1,0,8.0,9,9,0,0,1,1.000,0,-45,0,0,10.13,8.33,4.50,7.90,,,,,,,/3,,craigwi01
1065,Yadiel Hernández,32,WSN,NL,1,1,0,8.0,2,2,0,0,0,1.000,0,-15,0,0,2.25,2.03,2.00,1.90,,,,,,,/DH9,,hernaya01
1066,Andrew Kittredge,30,TBR,AL,8,1,0,8.0,2,0,2,0,0,1.000,,,0,0,2.25,1.24,0.25,1.20,,,,,,,/1,,kittran01
1067,John Nogowski,27,STL,NL,1,1,1,8.0,7,6,1,0,0,1.000,0,-45,0,0,7.88,8.33,7.00,7.90,,,,,,,/3,,nogowjo01
1068,René Rivera,36,NYM,NL,1,1,0,8.0,8,7,1,0,0,1.000,0,0,1,150,9.00,9.68,8.00,9.20,0,2,0,1,100.0,0,/2H,,riverre01
1069,Andrew Romine,34,TEX,AL,1,0,0,8.0,3,0,3,0,1,1.000,0,45,0,0,3.38,3.83,3.00,3.60,,,,,,,/6DH,,rominan01
1070,Andrew Susac,30,PIT,NL,1,1,1,8.0,5,5,0,0,0,1.000,0,0,0,0,5.63,9.68,5.00,9.20,0,2,0,0,,0,/2,,susacan01
1071,Nestor Cortes,25,SEA,AL,5,1,0,7.2,0,0,0,0,0,,,,0,0,0.00,1.29,0.00,1.20,,,,,,,/1,,cortene01
1072,Sean Doolittle,33,WSN,NL,11,0,0,7.2,1,0,1,0,0,1.000,,,0,0,1.17,1.41,0.09,1.38,,,,,,,1,,doolise01
1073,Braxton Garrett,22,MIA,NL,2,2,0,7.2,1,0,1,0,0,1.000,,,0,0,1.17,1.41,0.50,1.40,,,,,,,/1,,garrebr01
1074,Taylor Guilbeau,27,SEA,AL,8,0,0,7.2,1,1,0,0,0,1.000,,,0,0,1.17,1.29,0.13,1.20,,,,,,,/1,,guilbta01
1075,Sean Poppen,26,MIN,AL,6,0,0,7.2,0,0,0,0,0,,,,0,0,0.00,1.29,0.00,1.20,,,,,,,/1,,poppese01
1076,Carlos Rodón,27,CHW,AL,4,2,0,7.2,1,0,1,0,0,1.000,,,0,0,1.17,1.29,0.25,1.20,,,,,,,/1,,rodonca01
1077,Erik Swanson,26,SEA,AL,9,0,0,7.2,0,0,0,0,0,,,,0,0,0.00,1.29,0.00,1.20,,,,,,,/1,,swanser01
1078,Justin Topa,29,MIL,NL,6,0,0,7.2,1,0,1,0,0,1.000,,,0,0,1.17,1.41,0.17,1.38,,,,,,,/1,,topaju01
1079,Brandon Bailey,25,HOU,AL,5,0,0,7.1,0,0,0,0,0,,,,0,0,0.00,1.23,0.00,1.20,,,,,,,/1,,bailebr01
1080,Ben Braymer,26,WSN,NL,3,1,0,7.1,1,0,1,0,0,1.000,,,0,0,1.23,1.47,0.33,1.37,,,,,,,/1,,braymbe01
1081,Brandon Brennan,28,SEA,AL,5,0,0,7.1,1,0,1,0,0,1.000,,,0,0,1.23,1.23,0.20,1.20,,,,,,,/1,,brennbr01
1082,Zack Burdi,25,CHW,AL,8,0,0,7.1,1,0,1,0,0,1.000,,,0,0,1.23,1.23,0.13,1.20,,,,,,,/1,,burdiza01
1083,Chase De Jong,26,HOU,AL,3,2,0,7.1,0,0,0,0,0,,,,0,0,0.00,1.23,0.00,1.20,,,,,,,/1,,dejonch01
1084,Zac Grotz,27,SEA,AL,5,0,0,7.1,1,1,0,0,0,1.000,,,0,0,1.23,1.23,0.20,1.20,,,,,,,/1,,grotzza01
1085,Deolis Guerra,31,PHI,NL,9,0,0,7.1,3,3,0,0,0,1.000,,,-1,-27,3.68,1.47,0.33,1.38,,,,,,,/1,,guerrde01
1086,Josh Taylor,27,BOS,AL,8,0,0,7.1,1,0,0,1,0,.000,,,0,0,0.00,1.23,0.00,1.20,,,,,,,/1,,taylojo02
1087,Anthony Banda,26,TBR,AL,4,0,0,7.0,0,0,0,0,0,,,,-1,-29,0.00,1.29,0.00,1.20,,,,,,,/1,,bandaan01
1088,Estevan Florial,22,NYY,AL,1,1,1,7.0,1,1,0,0,0,1.000,0,17,0,0,1.29,2.19,1.00,2.10,,,,,,,/8,,flories01
1089,Deivy Grullón,24,BOS,AL,1,1,1,7.0,5,4,1,0,0,1.000,0,0,-1,-171,6.43,9.51,5.00,9.20,0,2,0,0,,0,/2,,grullde01
1090,David Hess,26,BAL,AL,3,0,0,7.0,1,0,1,0,0,1.000,,,0,0,1.29,1.29,0.33,1.20,,,,,,,/1,,hessda01
1091,Billy McKinney,25,TOR,AL,1,1,0,7.0,1,1,0,0,0,1.000,0,17,0,0,1.29,2.19,1.00,2.10,,,,,,,/79H,,mckinbi01
1092,Drew Smith,26,NYM,NL,8,0,0,7.0,4,2,2,0,0,1.000,,,1,29,5.14,1.41,0.50,1.38,,,,,,,/1,,smithdr01
1093,Tyler Thornburg,31,CIN,NL,7,0,0,7.0,0,0,0,0,0,,,,0,0,0.00,1.41,0.00,1.39,,,,,,,/1,,thornty01
1094,Miguel Yajure,22,NYY,AL,3,0,0,7.0,0,0,0,0,0,,,,0,0,0.00,1.29,0.00,1.20,,,,,,,/1,,yajurmi01
1095,Bruce Zimmermann,25,BAL,AL,2,1,0,7.0,0,0,0,0,0,,,,-1,-29,0.00,1.29,0.00,1.20,,,,,,,/1,,zimmebr02
1096,Beau Burrows,23,DET,AL,5,0,0,6.2,1,1,0,0,0,1.000,,,0,0,1.35,1.22,0.20,1.20,,,,,,,/1,,burrobe01
1097,Sean Reid-Foley,24,TOR,AL,5,0,0,6.2,1,0,1,0,0,1.000,,,-1,-30,1.35,1.22,0.20,1.20,,,,,,,/1,,reidfse01
1098,Austin Davis,27,2TM,NL,9,0,0,6.2,0,0,0,0,0,,,,0,0,0.00,1.49,0.00,1.38,,,,,,,/1,,davisau01
1098,Austin Davis,27,PHI,NL,4,0,0,3.0,0,0,0,0,0,,,,0,0,0.00,1.50,0.00,1.38,,,,,,,/1,,davisau01
1098,Austin Davis,27,PIT,NL,5,0,0,3.2,0,0,0,0,0,,,,0,0,0.00,1.47,0.00,1.38,,,,,,,/1,,davisau01
1099,José Álvarez,31,PHI,NL,8,0,0,6.1,2,0,2,0,0,1.000,,,0,0,2.84,1.42,0.25,1.38,,,,,,,/1,,alvarjo02
1100,David Bednar,25,SDP,NL,4,0,0,6.1,1,1,0,0,0,1.000,,,0,0,1.42,1.42,0.25,1.38,,,,,,,/1,,bednada01
1101,Zack Littell,24,MIN,AL,6,0,0,6.1,2,0,2,0,1,1.000,,,-1,-32,2.84,1.28,0.33,1.20,,,,,,,/1,,litteza01
1102,Cionel Pérez,24,HOU,AL,7,0,0,6.1,3,0,3,0,0,1.000,,,1,32,4.26,1.28,0.43,1.20,,,,,,,/1,,perezci01
1103,Clarke Schmidt,24,NYY,AL,3,1,0,6.1,1,1,0,0,0,1.000,,,0,0,1.42,1.28,0.33,1.20,,,,,,,/1,,schmicl01
1104,Jonathan Stiever,23,CHW,AL,2,2,0,6.1,0,0,0,0,0,,,,0,0,0.00,1.28,0.00,1.20,,,,,,,/1,,stievjo01
1105,Ryan Buchter,33,LAA,AL,10,0,0,6.0,0,0,0,0,0,,,,0,0,0.00,1.20,0.00,1.20,,,,,,,1,,buchtry01
1106,Garrett Crochet,21,CHW,AL,5,0,0,6.0,0,0,0,0,0,,,,0,0,0.00,1.20,0.00,1.20,,,,,,,/1,,crochga01
1107,José De León,27,CIN,NL,5,0,0,6.0,1,1,0,0,0,1.000,,,0,0,1.50,1.50,0.20,1.38,,,,,,,/1,,deleojo03
1108,Phillip Diehl,25,COL,NL,6,0,0,6.0,2,0,2,0,0,1.000,,,0,0,3.00,1.50,0.33,1.38,,,,,,,/1,,diehlph01
1109,Paolo Espino,33,WSN,NL,2,1,0,6.0,0,0,0,0,0,,,,0,0,0.00,1.50,0.00,1.40,,,,,,,/1,,espinpa01
1110,Ben Heller,28,NYY,AL,6,0,0,6.0,0,0,0,0,0,,,,0,0,0.00,1.20,0.00,1.20,,,,,,,/1,,hellebe01
1111,Matt Kemp,35,COL,NL,1,1,0,6.0,2,2,0,0,0,1.000,1,120,1,200,3.00,2.10,2.00,1.90,,,,,,,DH/7,,kempma01
1112,Kevin McCarthy,28,KCR,AL,5,0,0,6.0,0,0,0,0,0,,,,-1,-33,0.00,1.20,0.00,1.20,,,,,,,/1,,mccarke01
1113,Patrick Murphy,25,TOR,AL,4,0,0,6.0,1,0,1,0,0,1.000,,,1,33,1.50,1.20,0.25,1.20,,,,,,,/1,,murphpa02
1114,Antonio Santos,23,COL,NL,3,1,0,6.0,0,0,0,0,0,,,,0,0,0.00,1.50,0.00,1.37,,,,,,,/1,,santoan02
1115,Paul Sewald,30,NYM,NL,5,0,0,6.0,0,0,0,0,0,,,,0,0,0.00,1.50,0.00,1.38,,,,,,,/1,,sewalpa01
1116,Bryan Shaw,32,SEA,AL,6,0,0,6.0,1,0,1,0,0,1.000,,,0,0,1.50,1.20,0.17,1.20,,,,,,,/1,,shawbr01
1117,Justin Verlander,37,HOU,AL,1,1,0,6.0,3,2,1,0,0,1.000,,,0,0,4.50,1.20,3.00,1.20,,,,,,,/1,,verlaju01
1118,Kyle Crick,27,PIT,NL,7,0,0,5.2,2,1,0,1,0,.500,,,-1,-35,1.59,1.43,0.14,1.39,,,,,,,/1,,crickky01
1119,Joey Lucchesi,27,SDP,NL,3,2,0,5.2,2,0,1,1,0,.500,,,-1,-35,1.59,1.43,0.33,1.37,,,,,,,/1,,lucchjo01
1120,Justin Shafer,27,MIA,NL,5,0,0,5.2,0,0,0,0,0,,,,0,0,0.00,1.43,0.00,1.38,,,,,,,/1,,shafeju01
1121,Gabe Speier,25,KCR,AL,8,0,0,5.2,1,0,1,0,0,1.000,,,0,0,1.59,1.27,0.13,1.20,,,,,,,/1,,speiega01
1122,Trent Thornton,26,TOR,AL,3,3,0,5.2,0,0,0,0,0,,,,0,0,0.00,1.27,0.00,1.20,,,,,,,/1,,thorntr01
1123,Edinson Vólquez,36,TEX,AL,7,0,0,5.2,0,0,0,0,0,,,,0,0,0.00,1.27,0.00,1.20,,,,,,,/1,,volqued01
1124,Jordan Zimmermann,34,DET,AL,3,2,0,5.2,1,0,1,0,0,1.000,,,0,0,1.59,1.27,0.33,1.20,,,,,,,/1,,zimmejo02
1125,Luke Bard,29,LAA,AL,6,0,0,5.1,0,0,0,0,0,,,,0,0,0.00,1.18,0.00,1.20,,,,,,,/1,,bardlu01
1126,Luke Farrell,29,TEX,AL,4,0,0,5.1,0,0,0,0,0,,,,0,0,0.00,1.18,0.00,1.20,,,,,,,/1,,farrelu01
1127,Reggie McClain,27,PHI,NL,5,0,0,5.1,1,0,1,0,0,1.000,,,0,0,1.69,1.52,0.20,1.38,,,,,,,/1,,mcclare01
1128,Mike Montgomery,30,KCR,AL,3,1,0,5.1,0,0,0,0,0,,,,0,0,0.00,1.18,0.00,1.20,,,,,,,/1,,montgmi01
1129,James Pazos,29,COL,NL,6,0,0,5.1,2,2,0,0,1,1.000,,,-1,-38,3.38,1.52,0.33,1.38,,,,,,,/1,,pazosja01
1130,Ricardo Sánchez,23,STL,NL,3,0,0,5.1,1,0,1,0,0,1.000,,,0,0,1.69,1.52,0.33,1.37,,,,,,,/1,,sanchri01
1131,Sterling Sharp,25,MIA,NL,4,0,0,5.1,2,0,2,0,0,1.000,,,0,0,3.38,1.52,0.50,1.38,,,,,,,/1,,sharpst01
1132,Jhoulys Chacín,32,ATL,NL,2,0,0,5.0,0,0,0,0,0,,,,0,0,0.00,1.44,0.00,1.40,,,,,,,/1,,chacijh01
1133,Sam Freeman,33,WSN,NL,7,0,0,5.0,0,0,0,0,0,,,,0,0,0.00,1.44,0.00,1.39,,,,,,,/1,,freemsa01
1134,Branden Kline,28,BAL,AL,3,0,0,5.0,1,1,0,0,0,1.000,,,0,0,1.80,1.26,0.33,1.20,,,,,,,/1,,klinebr01
1135,Nick Mears,23,PIT,NL,4,0,0,5.0,0,0,0,0,0,,,,0,0,0.00,1.44,0.00,1.38,,,,,,,/1,,mearsni01
1136,Tyson Miller,24,CHC,NL,2,1,0,5.0,2,0,2,0,0,1.000,,,0,0,3.60,1.44,1.00,1.40,,,,,,,/1,,millety01
1137,Franmil Reyes,24,CLE,AL,1,1,0,5.0,0,0,0,0,0,,-1,-144,-1,-240,0.00,2.16,0.00,2.10,,,,,,,*D/7H,,reyesfr01
1138,Glenn Sparkman,28,KCR,AL,4,0,0,5.0,1,0,0,1,0,.000,,,-1,-40,0.00,1.26,0.00,1.20,,,,,,,/1,,sparkgl01
1139,Stephen Strasburg,31,WSN,NL,2,2,0,5.0,0,0,0,0,0,,,,0,0,0.00,1.44,0.00,1.40,,,,,,,/1,,strasst01
1140,Aaron Whitefield,23,MIN,AL,2,0,0,5.0,3,3,0,0,0,1.000,1,240,1,240,5.40,2.16,1.50,2.05,,,,,,,/8H,,whiteaa01
1141,Michel Báez,24,SDP,NL,3,1,0,4.2,1,0,1,0,0,1.000,,,0,0,1.93,1.54,0.33,1.37,,,,,,,/1,,baezmi01
1142,Carl Edwards Jr.,28,SEA,AL,5,0,0,4.2,0,0,0,0,0,,,,0,0,0.00,1.35,0.00,1.20,,,,,,,/1,,edwarca01
1143,Justin Grimm,31,MIL,NL,4,0,0,4.2,0,0,0,0,0,,,,0,0,0.00,1.54,0.00,1.38,,,,,,,/1,,grimmju01
1144,Rob Kaminsky,25,STL,NL,5,0,0,4.2,0,0,0,0,0,,,,-1,-43,0.00,1.54,0.00,1.38,,,,,,,/1,,kaminro01
1145,Robinson Leyer,27,BOS,AL,6,1,0,4.2,0,0,0,0,0,,,,0,0,0.00,1.35,0.00,1.20,,,,,,,/1,,leyerro01
1146,Kodi Whitley,25,STL,NL,4,0,0,4.2,1,0,1,0,0,1.000,,,0,0,1.93,1.54,0.25,1.38,,,,,,,/1,,whitlko01
1147,Brian Moran,31,2TM,2LG,7,0,0,4.2,0,0,0,0,0,,,,0,0,0.00,1.35,0.00,1.33,,,,,,,/1,,moranbr01
1147,Brian Moran,31,TOR,AL,2,0,0,1.0,0,0,0,0,0,,,,0,0,0.00,0.90,0.00,1.20,,,,,,,/1,,moranbr01
1147,Brian Moran,31,MIA,NL,5,0,0,3.2,0,0,0,0,0,,,,0,0,0.00,1.47,0.00,1.38,,,,,,,/1,,moranbr01
1148,Joe Biagini,30,HOU,AL,4,0,0,4.1,1,1,0,0,0,1.000,,,0,0,2.08,1.25,0.25,1.20,,,,,,,/1,,biagijo01
1149,Wade Davis,34,COL,NL,5,0,0,4.1,0,0,0,0,0,,,,0,0,0.00,1.45,0.00,1.38,,,,,,,/1,,daviswa01
1150,Aaron Fletcher,24,SEA,AL,6,0,0,4.1,0,0,0,0,0,,,,0,0,0.00,1.25,0.00,1.20,,,,,,,/1,,fletcaa01
1151,Sean Gilmartin,30,TBR,AL,2,0,0,4.1,0,0,0,0,0,,,,0,0,0.00,1.25,0.00,1.20,,,,,,,/1,,gilmase01
1152,José Mujica,24,COL,NL,2,0,0,4.1,1,0,1,0,0,1.000,,,0,0,2.08,1.45,0.50,1.40,,,,,,,/1,,mujicjo01
1153,Roberto Osuna,25,HOU,AL,4,0,0,4.1,2,2,0,0,0,1.000,,,0,0,4.15,1.25,0.50,1.20,,,,,,,/1,,osunaro01
1154,Josh Sborz,26,LAD,NL,4,0,0,4.1,0,0,0,0,0,,,,0,0,0.00,1.45,0.00,1.38,,,,,,,/1,,sborzjo01
1155,Domingo Tapia,28,BOS,AL,5,0,0,4.1,1,0,1,0,0,1.000,,,0,0,2.08,1.25,0.20,1.20,,,,,,,/1,,tapiado01
1156,Pat Venditte,35,MIA,NL,3,0,0,4.1,0,0,0,0,0,,,,0,0,0.00,1.45,0.00,1.37,,,,,,,/1,,vendipa01
1157,Alex Vesia,24,MIA,NL,5,0,0,4.1,0,0,0,0,0,,,,0,0,0.00,1.45,0.00,1.38,,,,,,,/1,,vesiaal01
1158,Kirby Yates,33,SDP,NL,6,0,0,4.1,3,1,1,1,0,.667,,,0,0,4.15,1.45,0.33,1.38,,,,,,,/1,,yateski01
1159,Austin Adams,29,SDP,NL,3,0,0,4.0,1,0,1,0,0,1.000,,,0,0,2.25,1.35,0.33,1.37,,,,,,,/1,,adamsau02
1160,James Bourque,26,WSN,NL,6,0,0,4.0,1,0,1,0,0,1.000,,,0,0,2.25,1.35,0.17,1.38,,,,,,,/1,,bourqja01
1161,Seth Brown,27,OAK,AL,3,0,0,4.0,3,3,0,0,0,1.000,0,0,0,0,6.75,8.10,1.00,7.87,,,,,,,/H3D,,brownse01
1162,Blake Cederlind,24,PIT,NL,5,0,0,4.0,0,0,0,0,0,,,,0,0,0.00,1.35,0.00,1.38,,,,,,,/1,,cederbl01
1163,Demarcus Evans,23,TEX,AL,4,0,0,4.0,0,0,0,0,0,,,,0,0,0.00,1.35,0.00,1.20,,,,,,,/1,,evansde01
1164,Ian Hamilton,25,CHW,AL,4,0,0,4.0,0,0,0,0,0,,,,0,0,0.00,1.35,0.00,1.20,,,,,,,/1,,hamilia01
1165,Ariel Jurado,24,NYM,NL,1,1,0,4.0,1,0,1,0,0,1.000,,,0,0,2.25,1.35,1.00,1.40,,,,,,,/1,,juradar01
1166,Adonis Medina,23,PHI,NL,1,1,0,4.0,3,1,2,0,0,1.000,,,0,0,6.75,1.35,3.00,1.40,,,,,,,/1,,medinad01
1167,Mike Morin,29,MIA,NL,3,0,0,4.0,0,0,0,0,0,,,,0,0,0.00,1.35,0.00,1.37,,,,,,,/1,,morinmi01
1168,Yacksel Ríos,27,PIT,NL,3,0,0,4.0,2,1,1,0,1,1.000,,,0,0,4.50,1.35,0.67,1.37,,,,,,,/1,,riosya01
1169,Dereck Rodríguez,28,SFG,NL,2,0,0,4.0,1,1,0,0,0,1.000,,,0,0,2.25,1.35,0.50,1.40,,,,,,,/1,,rodride01
1170,José Ruiz,25,CHW,AL,5,0,0,4.0,0,0,0,0,0,,,,0,0,0.00,1.35,0.00,1.20,,,,,,,/1,,ruizjo01
1171,Ranger Suarez,24,PHI,NL,3,0,0,4.0,1,0,1,0,1,1.000,,,0,0,2.25,1.35,0.33,1.37,,,,,,,/1,,suarera01
1172,Patrick Wisdom,28,CHC,NL,2,0,0,4.0,3,3,0,0,0,1.000,0,0,0,0,6.75,8.33,1.50,7.90,,,,,,,/3H,,wisdopa01
1173,Ronald Bolaños,23,KCR,AL,2,2,0,3.2,0,0,0,0,0,,,,0,0,0.00,1.23,0.00,1.20,,,,,,,/1,,bolanro01
1174,Miguel Del Pozo,27,PIT,NL,5,0,0,3.2,1,1,0,0,0,1.000,,,0,0,2.45,1.47,0.20,1.38,,,,,,,/1,,delpomi01
1175,Chris Devenski,29,HOU,AL,4,0,0,3.2,1,0,1,0,0,1.000,,,0,0,2.45,1.23,0.25,1.20,,,,,,,/1,,devench02
1176,Ken Giles,29,TOR,AL,4,0,0,3.2,0,0,0,0,0,,,,0,0,0.00,1.23,0.00,1.20,,,,,,,/1,,gileske01
1177,Cole Irvin,26,PHI,NL,3,0,0,3.2,0,0,0,0,0,,,,0,0,0.00,1.47,0.00,1.37,,,,,,,/1,,irvinco01
1178,James Kaprielian,26,OAK,AL,2,0,0,3.2,0,0,0,0,0,,,,0,0,0.00,1.23,0.00,1.20,,,,,,,/1,,kaprija01
1179,Brooks Kriske,26,NYY,AL,4,0,0,3.2,0,0,0,0,0,,,,0,0,0.00,1.23,0.00,1.20,,,,,,,/1,,kriskbr01
1180,José Quijada,24,LAA,AL,6,0,0,3.2,0,0,0,0,0,,,,-1,-55,0.00,1.23,0.00,1.20,,,,,,,/1,,quijajo01
1181,Chad Sobotka,26,ATL,NL,4,0,0,3.2,0,0,0,0,0,,,,0,0,0.00,1.47,0.00,1.38,,,,,,,/1,,sobotch01
1182,Bryan Abreu,23,HOU,AL,4,0,0,3.1,2,2,0,0,0,1.000,,,0,0,5.40,1.35,0.50,1.20,,,,,,,/1,,abreubr01
1183,Rex Brothers,32,CHC,NL,3,0,0,3.1,0,0,0,0,0,,,,0,0,0.00,1.35,0.00,1.37,,,,,,,/1,,brothre01
1184,Brett Eibner,31,MIA,NL,3,0,0,3.1,0,0,0,0,0,,,,0,0,0.00,1.35,0.00,1.37,,,,,,,/1,,eibnebr01
1185,Mike Foltynewicz,28,ATL,NL,1,1,0,3.1,0,0,0,0,0,,,,0,0,0.00,1.35,0.00,1.40,,,,,,,/1,,foltymi01
1186,Edgar García,23,TBR,AL,4,0,0,3.1,1,1,0,0,1,1.000,,,0,0,2.70,1.35,0.25,1.20,,,,,,,/1,,garcied01
1187,Cole Hamels,36,ATL,NL,1,1,0,3.1,0,0,0,0,0,,,,0,0,0.00,1.35,0.00,1.40,,,,,,,/1,,hamelco01
1188,Joe Harvey,28,COL,NL,4,0,0,3.1,0,0,0,0,0,,,,0,0,0.00,1.35,0.00,1.38,,,,,,,/1,,harvejo01
1189,Trevor Kelley,27,PHI,NL,4,0,0,3.1,0,0,0,0,0,,,,0,0,0.00,1.35,0.00,1.38,,,,,,,/1,,kelletr01
1190,Artie Lewicki,28,ARI,NL,2,0,0,3.1,0,0,0,0,0,,,,0,0,0.00,1.35,0.00,1.40,,,,,,,/1,,lewicar01
1191,Randy Rosario,26,KCR,AL,4,0,0,3.1,0,0,0,0,0,,,,0,0,0.00,1.35,0.00,1.20,,,,,,,/1,,rosarra01
1192,Chris Rusin,33,ATL,NL,1,0,0,3.1,0,0,0,0,0,,,,0,0,0.00,1.35,0.00,1.40,,,,,,,/1,,rusinch01
1193,Hunter Strickland,31,NYM,NL,4,0,0,3.1,1,0,1,0,0,1.000,,,0,0,2.70,1.35,0.25,1.38,,,,,,,/1,,strichu01
1194,Brandon Waddell,26,PIT,NL,2,0,0,3.1,0,0,0,0,0,,,,0,0,0.00,1.35,0.00,1.40,,,,,,,/1,,waddebr01
1195,Ray Black,30,MIL,NL,3,0,0,3.0,1,0,1,0,0,1.000,,,0,0,3.00,1.50,0.33,1.37,,,,,,,/1,,blackra01
1196,Scott Blewett,24,KCR,AL,2,0,0,3.0,0,0,0,0,0,,,,0,0,0.00,1.20,0.00,1.20,,,,,,,/1,,blewesc01
1197,Junior Fernández,23,STL,NL,3,0,0,3.0,1,0,1,0,0,1.000,,,1,67,3.00,1.50,0.33,1.37,,,,,,,/1,,fernaju01
1198,Sam Gaviglio,30,TOR,AL,4,0,0,3.0,0,0,0,0,0,,,,0,0,0.00,1.20,0.00,1.20,,,,,,,/1,,gavigsa01
1199,Luis González,24,CHW,AL,2,0,0,3.0,2,0,1,1,0,.500,0,-120,0,0,3.00,2.10,0.50,2.05,,,,,,,/H78D,,gonzalu03
1200,Joel Kuhnel,25,CIN,NL,3,0,0,3.0,0,0,0,0,0,,,,0,0,0.00,1.50,0.00,1.37,,,,,,,/1,,kuhnejo01
1201,Juan Lagares,31,NYM,NL,2,0,0,3.0,3,3,0,0,0,1.000,1,400,1,400,9.00,2.10,1.50,1.95,,,,,,,/8H,,lagarju01
1202,Alex McRae,27,CHW,AL,2,0,0,3.0,0,0,0,0,0,,,,0,0,0.00,1.20,0.00,1.20,,,,,,,/1,,mcraeal01
1203,Joel Payamps,26,ARI,NL,2,0,0,3.0,0,0,0,0,0,,,,0,0,0.00,1.50,0.00,1.40,,,,,,,/1,,payamjo01
1204,Johan Quezada,25,MIA,NL,3,0,0,3.0,0,0,0,0,0,,,,0,0,0.00,1.50,0.00,1.37,,,,,,,/1,,quezajo01
1205,Mitch White,25,LAD,NL,2,0,0,3.0,0,0,0,0,0,,,,0,0,0.00,1.50,0.00,1.40,,,,,,,/1,,whitemi03
1206,Danny Coulombe,30,MIN,AL,2,0,0,2.2,0,0,0,0,0,,,,0,0,0.00,1.35,0.00,1.20,,,,,,,/1,,couloda01
1207,Seth Frankoff,31,SEA,AL,2,0,0,2.2,0,0,0,0,0,,,,0,0,0.00,1.35,0.00,1.20,,,,,,,/1,,frankse01
1208,Ryan Meisinger,26,STL,NL,2,0,0,2.2,0,0,0,0,0,,,,0,0,0.00,1.35,0.00,1.40,,,,,,,/1,,meisiry01
1209,Angel Perdomo,26,MIL,NL,3,0,0,2.2,0,0,0,0,0,,,,0,0,0.00,1.35,0.00,1.37,,,,,,,/1,,perdoan01
1210,AJ Ramos,33,COL,NL,3,0,0,2.2,0,0,0,0,0,,,,0,0,0.00,1.35,0.00,1.37,,,,,,,/1,,ramosaj01
1211,Seth Romero,24,WSN,NL,3,0,0,2.2,2,0,1,1,0,.500,,,-1,-75,3.38,1.35,0.33,1.37,,,,,,,/1,,romerse01
1212,Paul Blackburn,26,OAK,AL,1,1,0,2.1,1,1,0,0,0,1.000,,,0,0,3.86,1.16,1.00,1.20,,,,,,,/1,,blackpa01
1213,Nick Burdi,27,PIT,NL,3,0,0,2.1,0,0,0,0,0,,,,0,0,0.00,1.54,0.00,1.37,,,,,,,/1,,burdini01
1214,Tommy Doyle,24,COL,NL,3,0,0,2.1,1,0,1,0,0,1.000,,,0,0,3.86,1.54,0.33,1.37,,,,,,,/1,,doyleto01
1215,Kelvin Herrera,30,CHW,AL,2,0,0,2.1,0,0,0,0,0,,,,0,0,0.00,1.16,0.00,1.20,,,,,,,/1,,herreke01
1216,Kyle Keller,27,LAA,AL,2,0,0,2.1,0,0,0,0,0,,,,0,0,0.00,1.16,0.00,1.20,,,,,,,/1,,kelleky01
1217,Joe Mantiply,29,ARI,NL,4,0,0,2.1,0,0,0,0,0,,,,0,0,0.00,1.54,0.00,1.38,,,,,,,/1,,mantijo01
1218,Joe Palumbo,25,TEX,AL,2,0,0,2.1,2,0,1,1,0,.500,,,0,0,3.86,1.16,0.50,1.20,,,,,,,/1,,palumjo01
1219,Brad Peacock,32,HOU,AL,3,0,0,2.1,1,0,1,0,0,1.000,,,0,0,3.86,1.16,0.33,1.20,,,,,,,/1,,peacobr01
1220,Pedro Strop,35,CIN,NL,4,0,0,2.1,1,1,0,0,0,1.000,,,0,0,3.86,1.54,0.25,1.38,,,,,,,/1,,stroppe01
1221,José Suarez,22,LAA,AL,2,2,0,2.1,2,0,1,1,0,.500,,,0,0,3.86,1.16,0.50,1.20,,,,,,,/1,,suarejo01
1222,Bobby Wahl,28,MIL,NL,3,0,0,2.1,1,0,1,0,0,1.000,,,0,0,3.86,1.54,0.33,1.37,,,,,,,/1,,wahlbo01
1223,Jimmy Yacabonis,28,SEA,AL,2,1,0,2.1,0,0,0,0,0,,,,0,0,0.00,1.16,0.00,1.20,,,,,,,/1,,yacabji01
1224,Cody Carroll,27,BAL,AL,3,0,0,2.0,0,0,0,0,0,,,,0,0,0.00,1.35,0.00,1.20,,,,,,,/1,,carroco01
1225,Bernardo Flores Jr.,24,CHW,AL,2,0,0,2.0,0,0,0,0,0,,,,0,0,0.00,1.35,0.00,1.20,,,,,,,/1,,florebe01
1226,Cory Gearrin,34,MIN,AL,1,0,0,2.0,0,0,0,0,0,,,,0,0,0.00,1.35,0.00,1.20,,,,,,,/1,,gearrco01
1227,Daulton Jefferies,24,OAK,AL,1,1,0,2.0,1,1,0,0,0,1.000,,,0,0,4.50,1.35,1.00,1.20,,,,,,,/1,,jeffeda01
1228,Keone Kela,27,PIT,NL,3,0,0,2.0,0,0,0,0,0,,,,0,0,0.00,1.35,0.00,1.37,,,,,,,/1,,kelake01
1229,Jimmy Lambert,25,CHW,AL,2,0,0,2.0,1,0,1,0,0,1.000,,,0,0,4.50,1.35,0.50,1.20,,,,,,,/1,,lambeji01
1230,José Leclerc,26,TEX,AL,2,0,0,2.0,0,0,0,0,0,,,,0,0,0.00,1.35,0.00,1.20,,,,,,,/1,,leclejo01
1231,Jonathan Lucroy,34,BOS,AL,1,0,0,2.0,2,2,0,0,0,1.000,0,0,0,0,9.00,9.45,2.00,9.20,0,0,0,0,,0,/2,,lucrojo01
1232,Jorge Oña,23,SDP,NL,1,0,0,2.0,0,0,0,0,0,,0,0,0,0,0.00,2.25,0.00,1.90,,,,,,,/D9,,onajo01
1233,Carlos Sanabria,23,HOU,AL,2,0,0,2.0,0,0,0,0,0,,,,0,0,0.00,1.35,0.00,1.20,,,,,,,/1,,sanabca01
1234,Aaron Barrett,32,WSN,NL,2,0,0,1.2,0,0,0,0,0,,,,0,0,0.00,1.62,0.00,1.40,,,,,,,/1,,barreaa01
1235,Tucker Davidson,24,ATL,NL,1,1,0,1.2,0,0,0,0,0,,,,0,0,0.00,1.62,0.00,1.40,,,,,,,/1,,davidtu01
1236,Michael Feliz,27,PIT,NL,3,0,0,1.2,0,0,0,0,0,,,,0,0,0.00,1.62,0.00,1.37,,,,,,,/1,,felizmi01
1237,Foster Griffin,24,KCR,AL,1,0,0,1.2,0,0,0,0,0,,,,0,0,0.00,1.08,0.00,1.20,,,,,,,/1,,grifffo01
1238,Tyler Lyons,32,NYY,AL,1,0,0,1.2,0,0,0,0,0,,,,0,0,0.00,1.08,0.00,1.20,,,,,,,/1,,lyonsty01
1239,James Norwood,26,CHC,NL,3,0,0,1.2,1,1,0,0,1,1.000,,,0,0,5.40,1.62,0.33,1.37,,,,,,,/1,,norwoja01
1240,Shohei Ohtani,25,LAA,AL,2,2,0,1.2,0,0,0,0,0,,,,0,0,0.00,1.08,0.00,1.20,,,,,,,D/H1,,ohtansh01
1241,Hector Perez,24,TOR,AL,1,0,0,1.2,0,0,0,0,0,,,,0,0,0.00,1.08,0.00,1.20,,,,,,,/1,,perezhe02
1242,Dillon Peters,27,LAA,AL,1,1,0,1.2,1,1,0,0,0,1.000,,,0,0,5.40,1.08,1.00,1.20,,,,,,,/1,,peterdi01
1243,José Rodríguez,24,LAA,AL,1,0,0,1.2,0,0,0,0,0,,,,0,0,0.00,1.08,0.00,1.20,,,,,,,/1,,rodrijo07
1244,Josh D. Smith,30,MIA,NL,2,0,0,1.2,1,0,1,0,0,1.000,,,0,0,5.40,1.62,0.50,1.40,,,,,,,/1,,smithjo08
1245,Albert Abreu,24,NYY,AL,2,0,0,1.1,0,0,0,0,0,,,,0,0,0.00,1.35,0.00,1.20,,,,,,,/1,,abreual01
1246,Drew Anderson,26,CHW,AL,1,0,0,1.1,0,0,0,0,0,,,,0,0,0.00,1.35,0.00,1.20,,,,,,,/1,,anderdr02
1247,Clay Holmes,27,PIT,NL,1,0,0,1.1,1,1,0,0,0,1.000,,,0,0,6.75,1.35,1.00,1.40,,,,,,,/1,,holmecl01
1248,Dany Jiménez,26,SFG,NL,2,0,0,1.1,0,0,0,0,0,,,,0,0,0.00,1.35,0.00,1.40,,,,,,,/1,,jimenda01
1249,Juan Nicasio,33,TEX,AL,2,0,0,1.1,0,0,0,0,0,,,,0,0,0.00,1.35,0.00,1.20,,,,,,,/1,,nicasju01
1250,Sal Romano,26,CIN,NL,2,0,0,1.1,0,0,0,0,0,,,,0,0,0.00,1.35,0.00,1.40,,,,,,,/1,,romansa01
1251,Phil Bickford,24,MIL,NL,1,0,0,1.0,0,0,0,0,0,,,,0,0,0.00,1.80,0.00,1.40,,,,,,,/1,,bickfph01
1252,Silvino Bracho,27,ARI,NL,1,0,0,1.0,0,0,0,0,0,,,,0,0,0.00,1.80,0.00,1.40,,,,,,,/1,,brachsi01
1253,Jeff Brigham,28,MIA,NL,1,0,0,1.0,0,0,0,0,0,,,,0,0,0.00,1.80,0.00,1.40,,,,,,,/1,,brighje01
1254,Anthony Castro,25,DET,AL,1,0,0,1.0,0,0,0,0,0,,,,0,0,0.00,0.90,0.00,1.20,,,,,,,/1,,castran02
1255,Kevin Cron,27,ARI,NL,1,0,0,1.0,1,1,0,0,0,1.000,0,0,0,0,9.00,8.10,1.00,7.90,,,,,,,/DH3,,cronke01
1256,Jesús Cruz,25,STL,NL,1,0,0,1.0,0,0,0,0,0,,,,0,0,0.00,1.80,0.00,1.40,,,,,,,/1,,cruzje01
1257,Cheslor Cuthbert,27,CHW,AL,1,0,0,1.0,1,1,0,0,0,1.000,0,0,0,0,9.00,2.70,1.00,2.50,,,,,,,/5H,,cuthbch01
1258,Matt Dermody,29,CHC,NL,1,0,0,1.0,0,0,0,0,0,,,,0,0,0.00,1.80,0.00,1.40,,,,,,,/1,,dermoma01
1259,Terrance Gore,29,LAD,NL,1,0,0,1.0,0,0,0,0,0,,0,0,0,0,0.00,1.80,0.00,1.90,,,,,,,/8DH,,gorete01
1260,Matt Grace,31,ARI,NL,3,0,0,1.0,0,0,0,0,0,,,,-1,-200,0.00,1.80,0.00,1.37,,,,,,,/1,,gracema02
1261,Jorge Guzmán,24,MIA,NL,1,0,0,1.0,0,0,0,0,0,,,,0,0,0.00,1.80,0.00,1.40,,,,,,,/1,,guzmajo04
1262,Tommy Kahnle,30,NYY,AL,1,0,0,1.0,0,0,0,0,0,,,,0,0,0.00,0.90,0.00,1.20,,,,,,,/1,,kahnlto01
1263,Corey Kluber,34,TEX,AL,1,1,0,1.0,0,0,0,0,0,,,,0,0,0.00,0.90,0.00,1.20,,,,,,,/1,,klubeco01
1264,Mauricio Llovera,24,PHI,NL,1,0,0,1.0,1,0,1,0,0,1.000,,,0,0,9.00,1.80,1.00,1.40,,,,,,,/1,,llovema01
1265,Richard Lovelady,24,KCR,AL,1,0,0,1.0,0,0,0,0,0,,,,0,0,0.00,0.90,0.00,1.20,,,,,,,/1,,lovelri01
1266,Dillon Maples,28,CHC,NL,2,0,0,1.0,0,0,0,0,0,,,,0,0,0.00,1.80,0.00,1.40,,,,,,,/1,,mapledi01
1267,Eduardo Núñez,33,NYM,NL,1,0,0,1.0,2,2,0,0,0,1.000,0,120,0,0,18.00,1.80,2.00,1.90,,,,,,,/9DH,,nunezed02
1268,Scott Schebler,29,ATL,NL,1,0,0,1.0,0,0,0,0,0,,0,0,0,0,0.00,1.80,0.00,1.90,,,,,,,/9H,,schebsc01
1269,Brad Wieck,28,CHC,NL,1,0,0,1.0,0,0,0,0,0,,,,0,0,0.00,1.80,0.00,1.40,,,,,,,/1,,wieckbr01
1270,Jesse Biddle,28,CIN,NL,1,0,0,0.2,0,0,0,0,0,,,,0,0,0.00,1.35,0.00,1.40,,,,,,,/1,,biddlje01
1271,Garrett Cleavinger,26,PHI,NL,1,0,0,0.2,0,0,0,0,0,,,,0,0,0.00,1.35,0.00,1.40,,,,,,,/1,,cleavga01
1272,Brailyn Márquez,21,CHC,NL,1,0,0,0.2,0,0,0,0,0,,,,0,0,0.00,1.35,0.00,1.40,,,,,,,/1,,marqubr01
1273,Kyle Nelson,23,CLE,AL,1,0,0,0.2,0,0,0,0,0,,,,0,0,0.00,1.35,0.00,1.20,,,,,,,/1,,nelsoky01
1274,Roel Ramírez,25,STL,NL,1,0,0,0.2,0,0,0,0,0,,,,0,0,0.00,1.35,0.00,1.40,,,,,,,/1,,ramirro02
1275,Patrick Weigel,25,ATL,NL,1,0,0,0.2,0,0,0,0,0,,,,0,0,0.00,1.35,0.00,1.40,,,,,,,/1,,weigepa01
1276,Jeremy Beasley,24,ARI,NL,1,0,0,0.1,0,0,0,0,0,,,,0,0,0.00,0.00,0.00,1.40,,,,,,,/1,,beaslje01
1277,Edwar Colina,23,MIN,AL,1,0,0,0.1,0,0,0,0,0,,,,0,0,0.00,0.00,0.00,1.20,,,,,,,/1,,colined01
1278,Jordan Holloway,24,MIA,NL,1,0,0,0.1,0,0,0,0,0,,,,0,0,0.00,0.00,0.00,1.40,,,,,,,/1,,hollojo01
1279,David McKay,25,DET,AL,1,0,0,0.1,0,0,0,0,0,,,,0,0,0.00,0.00,0.00,1.20,,,,,,,/1,,mckayda02
,MLB Average,,,,,,,,,,,,,.983,,0,,0,3.99,,2.51,,,,,,24.9,,,,-9999