Rk,Player,Age,Team,Lg,G,GS,CG,Inn,Ch,PO,A,E,DP,Fld%,Rtot,Rtot/yr,Rdrs,Rdrs/yr,RF/9,lgRF9,RF/G,lgRFG,PB,WP,SB,CS,CS%,Pick,Pos,Awards,-9999
1,Paul Goldschmidt,25,ARI,NL,159,158,150,1446.0,1598,1494,99,5,118,.997,13,11,5,4,9.91,9.42,10.02,9.41,,,,,,,*3/H,ASMVP-2GGSS,goldspa01
2,Jay Bruce,26,CIN,NL,160,160,154,1438.2,346,330,13,3,3,.991,24,20,16,13,2.15,2.13,2.14,2.13,,,,,,,*9,MVP-10SS,bruceja01
3,Hunter Pence,30,SFG,NL,162,162,155,1431.1,383,374,2,7,1,.982,5,4,-9,-8,2.36,2.13,2.32,2.13,,,,,,,*9,MVP-16,pencehu01
4,Joey Votto,29,CIN,NL,161,161,148,1430.2,1413,1245,154,14,115,.990,-1,-1,5,4,8.80,9.42,8.69,9.41,,,,,,,*3/H,ASMVP-6,vottojo01
5,Kyle Seager,25,SEA,AL,160,158,154,1425.0,417,94,308,15,38,.964,-3,-2,-8,-7,2.54,2.51,2.51,2.50,,,,,,,*5/H,,seageky01
6,Starlin Castro,23,CHC,NL,159,159,158,1418.0,676,238,416,22,77,.967,-8,-7,-10,-8,4.15,4.40,4.11,4.40,,,,,,,*6/H,,castrst01
7,J.J. Hardy,30,BAL,AL,159,159,151,1417.0,645,230,403,12,108,.981,3,3,5,4,4.02,4.15,3.98,4.13,,,,,,,*6,ASGGSS,hardyjj01
8,Anthony Rizzo,23,CHC,NL,159,158,158,1415.0,1441,1287,149,5,114,.997,7,6,12,10,9.13,9.42,9.03,9.41,,,,,,,*3/H,,rizzoan01
9,Alexei Ramírez,31,CHW,AL,158,157,154,1400.2,691,236,433,22,100,.968,-4,-4,-3,-3,4.30,4.15,4.23,4.13,,,,,,,*6,,ramiral03
10,Ian Desmond,27,WSN,NL,158,158,155,1400.0,700,234,446,20,96,.971,-6,-5,3,3,4.37,4.40,4.30,4.40,,,,,,,*6,SS,desmoia01
11,Dustin Pedroia,29,BOS,AL,160,159,143,1398.0,688,254,429,5,102,.993,11,9,12,10,4.40,4.64,4.27,4.62,,,,,,,*4/H,ASMVP-7GG,pedrodu01
12,Daniel Murphy,28,NYM,NL,157,155,145,1396.1,747,333,396,18,89,.976,-9,-7,-10,-9,4.70,4.93,4.64,4.93,,,,,,,*4/3H,,murphda08
13,Adam Jones,27,BAL,AL,156,156,152,1394.0,365,352,11,2,0,.995,-15,-13,-1,-1,2.34,2.24,2.33,2.23,,,,,,,*8/D,ASMVP-13GGSS,jonesad01
14,Manny Machado,20,BAL,AL,156,156,152,1390.0,484,116,355,13,42,.973,34,29,27,23,3.05,2.51,3.02,2.50,,,,,,,*5,ASMVP-9GG,machama01
15,Alcides Escobar,26,KCR,AL,158,156,151,1388.1,630,222,395,13,89,.979,4,3,5,4,4.00,4.15,3.91,4.13,,,,,,,*6/H,,escobal02
16,Nick Markakis,29,BAL,AL,155,154,152,1381.0,319,312,7,0,1,1.000,-2,-2,-5,-4,2.08,2.24,2.06,2.23,,,,,,,*9/DH,,markani01
17,Matt Carpenter,27,STL,NL,156,154,125,1379.2,674,233,429,12,106,.982,-1,-1,0,0,4.32,4.36,3.72,4.24,,,,,,,*45/H39,ASMVP-4SS,carpema01
18,Eric Hosmer,23,KCR,AL,158,154,152,1378.1,1335,1205,122,8,118,.994,5,4,1,1,8.66,8.87,8.35,8.83,,,,,,,*3/H9D,GG,hosmeer01
19,Andrew McCutchen,26,PIT,NL,155,154,144,1378.0,338,321,11,6,3,.982,7,6,3,3,2.17,2.13,2.14,2.13,,,,,,,*8/HD,ASMVP-1SS,mccutan01
20,Chris Davis,27,BAL,AL,155,155,150,1377.2,1420,1339,75,6,153,.996,-4,-4,-2,-2,9.24,8.90,9.12,8.87,,,,,,,*3/D,ASMVP-3SS,davisch02
21,Ben Zobrist,32,TBR,AL,155,154,115,1376.2,656,278,373,5,79,.992,-6,-5,9,8,4.26,4.17,3.46,4.03,,,,,,,*496/7D8H,AS,zobribe01
22,Josh Donaldson,27,OAK,AL,155,155,147,1375.0,415,143,256,16,22,.961,7,6,7,6,2.61,2.52,2.54,2.55,,,,,,,*5/D36,MVP-4,donaljo02
23,Martín Prado,29,ARI,NL,152,149,122,1372.1,427,148,269,10,33,.977,0,0,7,6,2.73,2.91,2.37,2.91,,,,,,,*547/H6,,pradoma01
24,Alex Ríos,32,2TM,AL,155,155,141,1366.0,339,327,9,3,1,.991,5,4,-4,-4,2.21,2.24,2.17,2.23,,,,,,,*9/8H,,riosal01
25,Alex Gordon,29,KCR,AL,155,155,147,1364.1,341,323,17,1,2,.997,15,13,15,13,2.24,2.24,2.19,2.23,,,,,,,*7/H,ASGG,gordoal01
26,Shin-Soo Choo,30,CIN,NL,153,153,141,1361.0,366,353,9,4,0,.989,17,15,-17,-15,2.39,2.13,2.37,2.13,,,,,,,*8/7H,MVP-12,choosh01
27,Gerardo Parra,26,ARI,NL,155,147,135,1355.1,365,343,17,5,1,.986,17,15,33,29,2.39,2.13,2.32,2.13,,,,,,,*98/7H,GG,parrage01
28,Andrelton Simmons,23,ATL,NL,156,150,146,1352.1,753,240,499,14,94,.981,29,26,30,27,4.92,4.40,4.74,4.40,,,,,,,*6/H,MVP-14GG,simmoan01
29,Robinson Canó,30,NYY,AL,153,153,145,1351.1,657,247,404,6,88,.991,3,2,-5,-4,4.34,4.64,4.23,4.62,,,,,,,*4/D6,ASMVP-5SS,canoro01
30,Brandon Phillips,32,CIN,NL,151,151,139,1347.0,715,278,428,9,84,.987,10,9,-1,-1,4.72,4.72,4.68,4.72,,,,,,,*4,ASGG,phillbr01
31,Pedro Álvarez,26,PIT,NL,150,148,141,1328.1,458,72,359,27,27,.941,7,6,2,2,2.92,2.59,2.87,2.59,,,,,,,*5/HD,ASSS,alvarpe01
32,Prince Fielder,29,DET,AL,151,151,134,1323.2,1254,1152,96,6,119,.995,-5,-4,-10,-9,8.49,8.90,8.26,8.87,,,,,,,*3D,AS,fieldpr01
33,Yunel Escobar,30,TBR,AL,153,149,134,1320.0,610,208,395,7,88,.989,2,2,5,5,4.11,4.15,3.94,4.13,,,,,,,*6/H,,escobyu01
34,Jimmy Rollins,34,PHI,NL,153,151,142,1318.1,625,190,424,11,89,.982,-8,-8,-7,-6,4.19,4.40,4.01,4.40,,,,,,,*6/H,,rolliji01
35,Alejandro De Aza,29,CHW,AL,151,146,106,1315.1,381,368,5,8,2,.979,-4,-4,-15,-14,2.55,2.24,2.47,2.23,,,,,,,*87/HD,,deazaal01
36,Matt Dominguez,23,HOU,AL,149,149,144,1312.1,431,92,323,16,28,.963,2,1,9,8,2.85,2.51,2.79,2.50,,,,,,,*5/HD,,dominma01
37,Mike Trout,21,LAA,AL,148,148,130,1308.2,361,359,0,2,0,.994,6,6,-13,-12,2.47,2.24,2.43,2.23,,,,,,,*87/D,ASMVP-2SS,troutmi01
38,Zack Cozart,27,CIN,NL,150,147,133,1308.0,622,222,386,14,83,.977,3,3,-2,-2,4.18,4.40,4.05,4.40,,,,,,,*6/H,,cozarza01
39,Denard Span,29,WSN,NL,153,145,139,1300.2,384,379,5,0,1,1.000,15,14,8,7,2.66,2.13,2.51,2.13,,,,,,,*8/H,,spande01
40,Nori Aoki,31,MIL,NL,149,146,140,1297.1,302,290,9,3,0,.990,27,25,7,6,2.07,2.13,2.01,2.13,,,,,,,*9/H8,,aokino01
41,Michael Brantley,26,CLE,AL,151,144,143,1297.1,268,257,11,0,1,1.000,-13,-12,6,6,1.86,2.24,1.77,2.23,,,,,,,*7/H8,,brantmi02
42,Adeiny Hechavarría,24,MIA,NL,148,145,142,1297.1,613,197,401,15,89,.976,1,1,2,2,4.15,4.40,4.04,4.40,,,,,,,*6/H,,hechaad01
43,Jason Kipnis,26,CLE,AL,147,146,141,1292.1,649,242,395,12,91,.982,3,3,-8,-7,4.44,4.64,4.33,4.62,,,,,,,*4/DH,ASMVP-11,kipnija01
44,Adrián González,31,LAD,NL,151,148,130,1291.0,1389,1294,84,11,133,.992,4,3,9,8,9.61,9.42,9.13,9.41,,,,,,,*3/HD,MVP-18,gonzaad01
45,Freddie Freeman,23,ATL,NL,147,145,141,1290.2,1345,1228,107,10,114,.993,0,0,2,2,9.31,9.42,9.08,9.41,,,,,,,*3/H,ASMVP-5,freemfr01
46,Adrian Beltré,34,TEX,AL,146,146,137,1289.2,339,93,232,14,25,.959,3,3,-5,-5,2.27,2.51,2.23,2.50,,,,,,,*5D,MVP-7,beltrad01
47,Evan Longoria,27,TBR,AL,147,145,140,1289.0,386,96,279,11,27,.972,14,13,8,7,2.62,2.51,2.55,2.50,,,,,,,*5D,MVP-6,longoev01
48,Elvis Andrus,24,TEX,AL,146,145,138,1288.2,588,212,362,14,97,.976,2,2,2,2,4.01,4.15,3.93,4.13,,,,,,,*6D/H,,andruel01
49,Jon Jay,28,STL,NL,152,141,135,1285.2,340,335,4,1,3,.997,-12,-11,-10,-9,2.37,2.13,2.23,2.13,,,,,,,*8/H,,jayjo02
50,James Loney,29,TBR,AL,154,143,130,1277.2,1308,1203,98,7,115,.995,3,3,3,3,9.16,8.90,8.45,8.87,,,,,,,*3/HD,,loneyja01
51,Adam LaRoche,33,WSN,NL,149,143,137,1272.0,1251,1164,76,11,117,.991,1,1,-2,-2,8.77,9.42,8.32,9.41,,,,,,,*3/HD,,larocad01
52,Todd Frazier,27,CIN,NL,148,141,125,1262.2,337,86,241,10,27,.970,10,9,4,4,2.33,2.59,2.19,2.58,,,,,,,*5/H7,,frazito01
53,Jose Altuve,23,HOU,AL,145,145,137,1261.2,675,273,393,9,114,.987,-4,-4,-2,-2,4.75,4.64,4.59,4.62,,,,,,,*4/D,,altuvjo01
54,Justin Upton,25,ATL,NL,147,143,120,1259.0,269,263,2,4,0,.985,6,6,-7,-7,1.89,2.13,1.80,2.13,,,,,,,*79/HD,,uptonju01
55,Brian Dozier,26,MIN,AL,146,141,135,1255.1,734,267,461,6,110,.992,-1,-1,-3,-3,5.22,4.64,4.99,4.62,,,,,,,*4/H,,doziebr01
56,Jean Segura,23,MIL,NL,144,143,137,1251.0,673,199,459,15,96,.978,5,5,2,2,4.73,4.40,4.57,4.40,,,,,,,*6/H,AS,segurje01
57,Ryan Zimmerman,28,WSN,NL,141,141,130,1245.2,379,98,260,21,28,.945,-15,-15,-5,-5,2.59,2.59,2.54,2.59,,,,,,,*5/DH,,zimmery01
58,Carlos Gómez,27,MIL,NL,145,142,134,1242.0,408,391,12,5,2,.988,14,13,29,28,2.92,2.13,2.78,2.13,,,,,,,*8/H,ASMVP-9GG,gomezca01
59,Darwin Barney,27,CHC,NL,141,139,135,1237.1,603,236,363,4,72,.993,7,6,4,4,4.36,4.72,4.25,4.72,,,,,,,*4/H,,barneda01
60,Torii Hunter,37,DET,AL,143,138,128,1236.1,235,223,9,3,3,.987,-6,-6,-7,-7,1.69,2.24,1.62,2.23,,,,,,,*9/H,ASMVP-19SS,hunteto01
61,Chase Headley,29,SDP,NL,140,138,130,1235.0,346,83,252,11,18,.968,8,7,4,4,2.44,2.59,2.39,2.59,,,,,,,*5/H,,headlch01
62,Miguel Cabrera,30,DET,AL,145,145,113,1234.2,283,87,184,12,24,.958,-17,-16,-17,-17,1.98,2.51,1.87,2.50,,,,,,,*5/DH,ASMVP-1SS,cabremi01
63,Mark Trumbo,27,LAA,AL,143,138,124,1234.0,1054,965,80,9,87,.991,3,3,-3,-3,7.62,7.80,6.92,7.64,,,,,,,*39D/75,,trumbma01
64,Brandon Crawford,26,SFG,NL,147,139,128,1226.0,588,185,388,15,75,.974,5,5,3,3,4.21,4.40,3.90,4.40,,,,,,,*6/H,,crawfbr01
65,Jed Lowrie,29,OAK,AL,139,138,126,1222.1,492,172,302,18,66,.963,-13,-13,-20,-20,3.49,4.23,3.31,4.21,,,,,,,*64D/H,,lowrije01
66,Erick Aybar,29,LAA,AL,138,138,130,1203.0,560,217,328,15,78,.973,-15,-15,-14,-14,4.08,4.15,3.95,4.13,,,,,,,*6,,aybarer01
67,Matt Wieters,27,BAL,AL,140,134,127,1201.0,1082,1021,58,3,6,.997,8,8,-10,-10,8.09,8.21,7.71,8.18,5,28,44,24,35.3,1,*2/HD,,wietema01
68,Marlon Byrd,35,2TM,NL,141,133,116,1200.0,255,240,10,5,3,.980,-5,-5,9,9,1.88,2.13,1.77,2.13,,,,,,,*9H/78,,byrdma01
69,Justin Morneau,32,2TM,2LG,137,133,126,1189.1,1326,1222,100,4,133,.997,1,1,-1,-1,10.00,8.98,9.65,8.97,,,,,,,*3D/H,,morneju01
70,Desmond Jennings,26,TBR,AL,136,132,128,1188.2,325,320,2,3,2,.991,5,5,-5,-5,2.44,2.24,2.37,2.23,,,,,,,*8/HD,,jennide01
71,Jacoby Ellsbury,29,BOS,AL,134,134,127,1188.1,353,347,3,3,2,.992,21,21,13,13,2.65,2.24,2.61,2.23,,,,,,,*8,MVP-15,ellsbja01
72,Mitch Moreland,27,TEX,AL,146,129,119,1176.1,1146,1045,96,5,108,.996,0,0,1,1,8.73,8.90,7.76,8.82,,,,,,,*3/H9,,morelmi01
73,Brandon Belt,25,SFG,NL,143,132,123,1174.1,1162,1066,88,8,100,.993,1,1,2,2,8.84,9.42,8.07,9.41,,,,,,,*3H,,beltbr01
74,Buster Posey,26,SFG,NL,140,135,107,1169.2,1112,1044,59,9,16,.992,4,4,15,15,8.49,8.26,7.77,8.29,3,33,63,27,30.0,1,*23/DH,ASMVP-20,poseybu01
75,Brett Gardner,29,NYY,AL,138,130,124,1166.1,335,327,5,3,1,.991,-18,-18,4,4,2.56,2.24,2.41,2.23,,,,,,,*8/HD,,gardnbr01
76,Alfonso Soriano,37,2TM,2LG,134,134,118,1163.1,284,266,12,6,2,.979,6,6,4,4,2.15,2.17,2.07,2.17,,,,,,,*7D/H,,soriaal01
77,Dan Uggla,33,ATL,NL,133,130,122,1161.2,595,247,334,14,81,.976,-3,-3,-13,-13,4.50,4.72,4.37,4.72,,,,,,,*4/HD,,ugglada01
78,Jonathan Lucroy,27,MIL,NL,136,131,120,1156.0,993,923,60,10,10,.990,-2,-2,10,10,7.65,8.19,7.02,8.23,7,37,80,22,21.6,0,*23H/D,,lucrojo01
79,Pablo Sandoval,26,SFG,NL,137,137,97,1152.0,301,77,206,18,14,.940,-10,-11,-8,-8,2.21,2.59,2.07,2.59,,,,,,,*5/HD,,sandopa01
80,Nate McLouth,31,BAL,AL,138,125,121,1150.2,259,254,4,1,0,.996,-9,-10,0,0,2.02,2.24,1.87,2.23,,,,,,,*7H/8D,,mclouna01
81,Matt Holliday,33,STL,NL,136,136,96,1150.1,215,212,2,1,1,.995,8,9,-14,-15,1.67,2.13,1.57,2.13,,,,,,,*7/DH,MVP-23,hollima01
82,Austin Jackson,26,DET,AL,129,127,124,1145.2,307,300,5,2,1,.993,0,0,2,2,2.40,2.24,2.36,2.23,,,,,,,*8,,jacksau01
83,Neil Walker,27,PIT,NL,132,125,119,1144.0,660,256,397,7,88,.989,-1,-1,0,0,5.14,4.72,4.95,4.72,,,,,,,*4/H,,walkene01
84,Andre Ethier,31,LAD,NL,133,127,117,1141.0,257,247,8,2,4,.992,-3,-3,2,2,2.01,2.13,1.92,2.13,,,,,,,*89/H7D,,ethiean01
85,Domonic Brown,25,PHI,NL,133,131,125,1138.2,204,190,9,5,0,.975,-5,-5,-1,-1,1.57,2.13,1.50,2.13,,,,,,,*7/H9,AS,browndo01
86,Carlos Beltrán,36,STL,NL,137,135,108,1138.1,251,242,4,5,1,.980,-4,-4,-7,-7,1.94,2.13,1.80,2.13,,,,,,,*9/HD,AS,beltrca01
87,Allen Craig,28,STL,NL,131,131,107,1136.0,906,847,58,1,86,.999,3,3,0,0,7.17,7.11,6.42,7.04,,,,,,,379/HD,ASMVP-18,craigal01
88,Yadier Molina,30,STL,NL,132,130,109,1133.1,1061,993,64,4,12,.996,13,14,30,32,8.39,8.12,7.77,8.15,3,22,26,20,43.5,2,*2/3H,ASMVP-3GGSS,molinya01
89,Ichiro Suzuki,39,NYY,AL,138,126,107,1133.1,262,254,5,3,0,.989,5,5,14,15,2.06,2.24,1.88,2.23,,,,,,,*9H8/7D,,suzukic01
90,Mike Moustakas,24,KCR,AL,134,126,116,1129.2,340,114,210,16,19,.953,-3,-4,-8,-8,2.58,2.51,2.42,2.50,,,,,,,*5/H,,moustmi01
91,Michael Young,36,2TM,NL,135,128,112,1128.0,463,262,191,10,34,.978,-19,-20,-24,-26,3.61,3.95,3.15,4.24,,,,,,,53H/46,,youngmi02
92,Leonys Martín,25,TEX,AL,142,125,97,1127.2,336,317,14,5,1,.985,18,19,13,14,2.64,2.24,2.33,2.23,,,,,,,*89H/7D,,martile01
93,Salvador Perez,23,KCR,AL,138,127,118,1124.1,1011,932,71,8,4,.992,7,7,10,11,8.03,8.22,7.27,8.19,3,49,46,25,35.2,1,*2/H3,ASMVP-22GG,perezsa02
94,Drew Stubbs,28,CLE,AL,142,124,111,1124.0,270,258,6,6,1,.978,-10,-10,-6,-6,2.11,2.24,1.86,2.23,,,,,,,*98H/D,,stubbdr01
95,Chris Johnson,28,ATL,NL,135,133,85,1119.2,398,165,219,14,26,.965,6,6,-5,-5,3.09,3.20,2.80,3.19,,,,,,,*53/H,,johnsch05
96,Nolan Arenado,22,COL,NL,130,128,123,1110.0,411,91,309,11,27,.973,10,11,18,19,3.24,2.59,3.08,2.59,,,,,,,*5/H,ROY-7GG,arenano01
97,Nick Swisher,32,CLE,AL,127,127,108,1109.1,952,853,90,9,71,.991,9,10,7,8,7.65,7.70,6.78,7.58,,,,,,,*39D/H,,swishni01
98,Starling Marte,24,PIT,NL,130,119,109,1108.0,206,193,6,7,0,.966,8,8,18,19,1.62,2.13,1.53,2.13,,,,,,,*78H,,martest01
99,Michael Cuddyer,34,COL,NL,128,126,116,1101.0,317,303,12,2,16,.994,-12,-13,-16,-17,2.57,2.85,2.37,2.95,,,,,,,*93/HD,ASMVP-20SS,cuddymi01
100,Jedd Gyorko,24,SDP,NL,124,123,113,1100.0,532,197,329,6,54,.989,1,1,-3,-3,4.30,4.54,4.05,4.51,,,,,,,*45/H,ROY-6,gyorkje01
101,Asdrúbal Cabrera,27,CLE,AL,129,127,115,1099.2,503,180,314,9,70,.982,1,1,-14,-15,4.04,4.15,3.83,4.13,,,,,,,*6/DH,,cabreas01
102,Pedro Florimón,26,MIN,AL,133,127,102,1099.2,664,245,401,18,101,.973,2,2,4,4,5.29,4.15,4.86,4.13,,,,,,,*6/H,,floripe01
103,Michael Bourn,30,CLE,AL,128,124,119,1098.1,281,272,6,3,2,.989,2,2,3,3,2.28,2.24,2.17,2.23,,,,,,,*8/HD,,bournmi01
104,Eric Young Jr.,28,2TM,NL,126,122,100,1098.0,256,241,11,4,1,.984,-1,-1,-7,-8,2.07,2.16,1.94,2.21,,,,,,,*7H98/4D,,younger03
105,Mike Napoli,31,BOS,AL,131,123,114,1097.1,1069,976,87,6,96,.994,11,12,7,8,8.72,8.90,8.11,8.87,,,,,,,*3/DH,,napolmi01
106,Ian Kinsler,31,TEX,AL,124,124,120,1095.1,595,211,371,13,89,.978,8,9,10,11,4.78,4.64,4.69,4.62,,,,,,,*4D/H,,kinslia01
107,Stephen Drew,30,BOS,AL,124,122,118,1093.1,516,176,332,8,82,.984,-3,-3,-6,-7,4.18,4.15,4.10,4.13,,,,,,,*6/H,,drewst01
108,Justin Smoak,26,SEA,AL,125,121,116,1084.1,1100,1035,60,5,101,.995,-7,-7,-7,-8,9.09,8.90,8.76,8.87,,,,,,,*3/DH,,smoakju01
109,Russell Martin,30,PIT,NL,121,120,110,1077.0,997,889,106,2,6,.998,5,5,21,23,8.31,7.97,8.02,7.92,4,51,53,36,40.4,3,*2/H59D,MVP-24,martiru01
110,Will Venable,30,SDP,NL,143,120,75,1072.1,277,271,3,3,1,.989,1,1,2,2,2.30,2.13,1.92,2.13,,,,,,,*98H,,venabwi01
111,Jayson Werth,34,WSN,NL,126,126,107,1072.0,244,235,7,2,1,.992,0,0,-1,-1,2.03,2.13,1.92,2.13,,,,,,,*9/DH,MVP-13,werthja01
112,Chase Utley,34,PHI,NL,125,123,114,1071.0,581,247,317,17,65,.971,-4,-4,-5,-6,4.74,4.72,4.51,4.72,,,,,,,*4/HD,,utleych01
113,J.P. Arencibia,27,TOR,AL,131,115,109,1058.2,951,891,49,11,6,.988,-3,-3,7,8,7.99,8.21,7.18,8.18,13,40,62,21,25.3,3,*2H/D,,arencjp01
114,Daniel Nava,30,BOS,AL,127,116,87,1057.2,259,244,11,4,5,.985,-11,-12,-6,-7,2.17,2.79,1.83,3.14,,,,,,,*973/HD8,,navada01
115,Lyle Overbay,36,NYY,AL,134,118,109,1057.0,1009,938,67,4,93,.996,-8,-9,0,0,8.56,8.74,7.50,8.67,,,,,,,*3H/9D,,overbly01
116,Pete Kozma,25,STL,NL,140,113,107,1055.0,563,157,397,9,98,.984,11,12,6,7,4.73,4.39,3.96,4.38,,,,,,,*6H/7,,kozmape01
117,David Freese,30,STL,NL,132,129,76,1050.2,256,55,190,11,21,.957,-7,-8,-7,-8,2.10,2.59,1.86,2.59,,,,,,,*5/HD,,freesda01
118,Howie Kendrick,29,LAA,AL,118,118,109,1044.1,555,224,321,10,68,.982,0,0,-1,-1,4.70,4.64,4.58,4.60,,,,,,,*4/D7,,kendrho01
119,Brandon Moss,29,OAK,AL,139,113,93,1043.1,775,719,48,8,52,.990,-9,-10,-8,-9,6.62,7.36,5.22,7.25,,,,,,,*39H/7D58,,mossbr01
120,Nate Schierholtz,29,CHC,NL,126,117,104,1041.0,250,242,5,3,1,.988,-5,-6,0,0,2.14,2.13,1.96,2.13,,,,,,,*9H,,schiena01
121,Trevor Plouffe,27,MIN,AL,120,118,105,1038.0,300,93,194,13,25,.957,-8,-9,-7,-8,2.49,2.52,2.35,2.60,,,,,,,*5/DH3,,plouftr01
122,Brandon Barnes,27,HOU,AL,134,115,98,1034.2,340,328,9,3,4,.991,-2,-2,5,6,2.93,2.24,2.51,2.23,,,,,,,*89H/7,,barnebr02
123,Marco Scutaro,37,SFG,NL,121,121,101,1033.2,533,221,299,13,69,.976,4,4,-8,-9,4.53,4.72,4.30,4.72,,,,,,,*4/DH,AS,scutama01
124,Giancarlo Stanton,23,MIA,NL,116,116,113,1031.1,248,233,7,8,0,.968,3,3,-5,-6,2.09,2.13,2.07,2.13,,,,,,,*9,,stantmi03
125,Troy Tulowitzki,28,COL,NL,121,119,105,1029.1,570,183,379,8,84,.986,18,21,3,3,4.91,4.40,4.64,4.40,,,,,,,*6/H,ASMVP-17,tulowtr01
126,Omar Infante,31,DET,AL,118,116,109,1025.1,509,157,342,10,73,.980,4,5,-4,-5,4.38,4.64,4.23,4.62,,,,,,,*4/H,,infanom01
127,Chris Denorfia,32,SDP,NL,139,105,56,1024.1,265,247,13,5,3,.981,13,16,18,21,2.28,2.13,1.87,2.13,,,,,,,*978H/D,,denorch01
128,Grégor Blanco,29,SFG,NL,136,113,86,1022.2,238,232,6,0,1,1.000,11,13,11,13,2.09,2.13,1.75,2.13,,,,,,,*87H/9,,blancgr01
129,Shane Victorino,32,BOS,AL,122,117,97,1021.1,309,296,10,3,3,.990,18,21,22,26,2.70,2.24,2.51,2.23,,,,,,,*98/H,MVP-22GG,victosh01
130,Emilio Bonifácio,28,2TM,AL,128,110,93,1017.0,462,213,239,10,60,.978,-5,-5,0,0,4.00,3.94,3.35,3.85,,,,,,,47H8/596D,,bonifem01
131,Alberto Callaspo,30,2TM,AL,123,116,104,1016.2,330,105,209,16,17,.952,-3,-4,-10,-12,2.78,3.03,2.51,3.04,,,,,,,54D/H,,callaal01
132,Miguel Montero,29,ARI,NL,112,111,106,1006.2,898,823,70,5,5,.994,1,1,-1,-1,7.98,8.10,7.97,8.10,9,50,31,15,32.6,4,*2/H,,montemi01
133,A.J. Pierzynski,36,TEX,AL,119,111,107,1005.0,959,892,65,2,8,.998,2,2,-5,-6,8.57,8.21,8.04,8.18,6,45,49,24,32.9,0,*2DH,,pierza.01
134,Jarrod Saltalamacchia,28,BOS,AL,119,111,106,1004.0,960,908,46,6,4,.994,-3,-4,-4,-5,8.55,8.21,8.02,8.18,7,33,89,24,21.2,0,*2/HD,,saltaja01
135,David Wright,30,NYM,NL,111,111,107,1003.1,330,86,235,9,18,.973,-2,-2,-2,-2,2.88,2.59,2.89,2.59,,,,,,,*5/H,AS,wrighda03
136,Colby Rasmus,26,TOR,AL,114,111,109,1002.2,313,308,1,4,1,.987,-3,-4,12,14,2.77,2.24,2.71,2.23,,,,,,,*8/HD,,rasmuco01
137,Michael Saunders,26,SEA,AL,126,109,93,998.1,263,255,7,1,2,.996,-10,-13,-10,-12,2.36,2.24,2.08,2.23,,,,,,,*897H/D,,saundmi01
138,Bryce Harper,20,WSN,NL,115,113,96,993.2,221,202,13,6,1,.973,-5,-6,4,5,1.95,2.13,1.87,2.13,,,,,,,*79/8H,AS,harpebr03
139,José Bautista,32,TOR,AL,111,111,104,989.1,209,195,9,5,4,.976,12,14,7,8,1.86,2.26,1.81,2.30,,,,,,,*9/D53,AS,bautijo02
140,David Murphy,31,TEX,AL,129,107,90,989.1,207,195,10,2,1,.990,3,3,3,4,1.86,2.24,1.58,2.22,,,,,,,*7HD/19,,murphda07
141,Conor Gillaspie,25,CHW,AL,121,109,96,982.1,332,109,206,17,19,.949,-11,-13,1,1,2.89,2.79,2.52,3.11,,,,,,,*5H3/D,,gillaco01
142,Eric Sogard,27,OAK,AL,126,110,89,977.2,529,234,286,9,70,.983,3,4,-1,-1,4.79,4.58,4.06,4.56,,,,,,,*46H/D,,sogarer01
143,B.J. Upton,28,ATL,NL,118,111,102,975.1,237,230,3,4,3,.983,4,5,0,0,2.15,2.13,1.97,2.13,,,,,,,*8H,,uptonbj01
144,A.J. Ellis,32,LAD,NL,113,109,106,972.1,931,855,73,3,8,.997,8,10,-4,-5,8.59,8.10,8.21,8.10,6,45,35,28,44.4,0,*2/H,,ellisaj01
145,Josh Reddick,26,OAK,AL,113,108,101,966.1,258,244,9,5,3,.981,12,15,16,20,2.36,2.24,2.24,2.23,,,,,,,*9/HD,,reddijo01
146,AJ Pollock,25,ARI,NL,118,102,97,965.2,256,246,8,2,1,.992,9,11,11,14,2.37,2.13,2.15,2.13,,,,,,,*8H/79,,polloaj01
147,Welington Castillo,26,CHC,NL,111,107,103,956.0,825,730,85,10,3,.988,3,4,3,4,7.67,8.10,7.34,8.10,8,34,67,28,29.5,5,*2/H,,castiwe01
148,Jhonny Peralta,31,DET,AL,107,106,102,954.1,440,142,294,4,54,.991,-3,-3,-4,-5,4.11,4.11,4.00,4.08,,,,,,,6/7H,AS,peraljh01
149,Andy Dirks,27,DET,AL,124,103,74,950.1,241,232,7,2,0,.992,2,2,6,8,2.26,2.24,1.93,2.23,,,,,,,*7H9/8D,,dirksan01
150,Mark Ellis,36,LAD,NL,119,106,92,950.1,533,225,302,6,78,.989,5,6,12,15,4.99,4.72,4.39,4.70,,,,,,,*4H/5,,ellisma01
151,Dustin Ackley,25,SEA,AL,111,103,92,950.0,379,226,152,1,31,.997,9,12,-9,-11,3.58,3.45,3.20,3.64,,,,,,,487/H3D,,ackledu01
152,Lorenzo Cain,27,KCR,AL,113,106,91,948.0,306,296,7,3,0,.990,16,20,23,29,2.88,2.24,2.68,2.23,,,,,,,*89/HD,,cainlo01
153,Justin Ruggiano,31,MIA,NL,110,103,99,945.0,249,242,3,4,0,.984,-10,-12,-4,-5,2.33,2.13,2.23,2.13,,,,,,,*87H/9D,,ruggiju01
154,Brett Lawrie,23,TOR,AL,107,107,102,938.2,290,80,198,12,21,.959,-11,-15,6,8,2.67,2.62,2.55,2.62,,,,,,,5/4,,lawribr01
155,Yoenis Céspedes,27,OAK,AL,108,107,95,934.1,238,224,10,4,1,.983,-6,-7,-1,-1,2.25,2.24,2.17,2.23,,,,,,,7D8/H,,cespeyo01
156,Wilin Rosario,24,COL,NL,109,106,100,932.1,743,667,65,11,5,.985,-7,-9,-13,-17,7.07,8.13,6.65,8.15,9,47,53,19,26.4,2,2/H3D,,rosarwi01
157,Josh Hamilton,32,LAA,AL,108,105,98,931.1,248,236,4,8,0,.968,-7,-9,-8,-10,2.32,2.24,2.22,2.23,,,,,,,9D7/8H,,hamiljo03
158,Nick Hundley,29,SDP,NL,112,102,100,928.0,802,729,63,10,12,.988,0,0,-10,-13,7.68,8.10,7.07,8.10,4,34,81,28,25.7,0,*2/H,,hundlni01
159,Carlos Santana,27,CLE,AL,108,105,90,927.2,926,879,42,5,31,.995,-5,-6,-19,-25,8.94,8.37,8.15,8.36,5,44,51,11,17.7,2,2D3/H,MVP-15,santaca01
160,John Buck,32,2TM,NL,104,101,99,922.2,791,746,41,4,1,.995,5,7,-15,-20,7.68,8.10,7.57,8.10,6,31,39,16,29.1,4,2/HD,,buckjo01
161,Chris Iannetta,30,LAA,AL,113,102,91,921.2,781,725,51,5,6,.994,-4,-5,-23,-30,7.58,8.21,6.87,8.18,6,40,84,20,19.2,7,*2/H,,iannech01
162,Dexter Fowler,27,COL,NL,110,106,100,921.1,237,231,3,3,2,.987,-2,-3,-4,-5,2.29,2.13,2.13,2.13,,,,,,,*8H,,fowlede01
163,Coco Crisp,33,OAK,AL,110,107,93,919.0,309,307,2,0,1,1.000,14,18,3,4,3.03,2.24,2.81,2.23,,,,,,,*8D/H,MVP-15,crispco01
164,Mark Reynolds,29,2TM,AL,114,105,82,918.2,633,534,88,11,60,.983,-4,-6,-11,-14,6.09,6.01,5.14,5.96,,,,,,,35DH/4,,reynoma01
165,Juan Uribe,34,LAD,NL,124,102,77,916.1,317,80,231,6,23,.981,22,29,10,13,3.05,2.71,2.45,2.80,,,,,,,*5H/3,,uribeju01
166,Todd Helton,39,COL,NL,110,104,95,910.1,1035,941,92,2,96,.998,3,4,4,5,10.21,9.42,9.39,9.41,,,,,,,*3H/D,,heltoto01
167,Nelson Cruz,32,TEX,AL,102,102,95,906.1,199,195,1,3,0,.985,-2,-3,-3,-4,1.95,2.24,1.92,2.23,,,,,,,9/D,AS,cruzne02
168,Juan Lagares,24,NYM,NL,116,97,82,904.0,301,281,15,5,0,.983,1,2,27,36,2.95,2.13,2.55,2.13,,,,,,,*89H,,lagarju01
169,Didi Gregorius,23,ARI,NL,100,97,89,894.2,444,152,279,13,51,.971,-1,-1,-2,-3,4.34,4.40,4.31,4.40,,,,,,,6/H,,gregodi01
170,Dayán Viciedo,24,CHW,AL,109,109,63,892.2,164,147,12,5,0,.970,-6,-8,-2,-3,1.60,2.24,1.46,2.23,,,,,,,*7D/H,,vicieda01
171,Jose Iglesias,23,2TM,AL,106,104,88,892.2,361,115,240,6,53,.983,-2,-2,3,4,3.58,3.59,3.20,3.60,,,,,,,65/4DH,ROY-2,iglesjo01
172,Gordon Beckham,26,CHW,AL,103,100,91,890.1,481,214,255,12,69,.975,-7,-9,-6,-8,4.74,4.64,4.47,4.61,,,,,,,4/6H,,beckhgo01
173,Maicer Izturis,32,TOR,AL,103,98,73,879.0,339,113,216,10,39,.971,-11,-16,-8,-11,3.37,3.84,2.67,3.89,,,,,,,456/H,,izturma01
174,Yuniesky Betancourt,31,MIL,NL,119,92,70,863.1,554,426,117,11,41,.980,-6,-9,-7,-10,5.66,5.90,3.96,6.09,,,,,,,35H/467,,betanyu01
175,Jason Heyward,23,ATL,NL,102,96,86,861.2,215,211,4,0,0,1.000,8,11,14,19,2.25,2.13,2.11,2.13,,,,,,,98/H,,heywaja01
176,Carlos González,27,COL,NL,106,99,89,857.0,186,172,11,3,0,.984,-8,-11,11,15,1.92,2.13,1.73,2.13,,,,,,,7/HD,ASGG,gonzaca01
177,John Mayberry,29,PHI,NL,125,89,63,855.1,247,239,6,2,7,.992,-9,-12,-11,-15,2.58,2.51,1.96,2.54,,,,,,,*98H/73,,maybejo02
178,Brendan Ryan,31,2TM,AL,101,96,81,854.0,424,111,301,12,64,.972,4,5,5,7,4.34,4.15,4.08,4.13,,,,,,,6/HD,,ryanbr01
179,DJ LeMahieu,24,COL,NL,101,95,86,852.2,474,176,295,3,59,.994,8,11,9,13,4.97,4.47,4.44,4.48,,,,,,,45H/36,,lemahdj01
180,David DeJesus,33,3TM,2LG,112,93,72,852.2,233,230,2,1,0,.996,8,11,-2,-3,2.45,2.16,2.07,2.16,,,,,,,*87H/9,,dejesda01
181,Plácido Polanco,37,MIA,NL,109,92,85,849.2,207,52,153,2,13,.990,1,2,5,7,2.17,2.59,1.88,2.59,,,,,,,*5H,,polanpl01
182,Nick Franklin,22,SEA,AL,98,92,89,849.0,491,143,336,12,67,.976,7,10,3,4,5.08,4.63,4.84,4.61,,,,,,,4/H6D,,frankni01
183,Chris Stewart,31,NYY,AL,109,98,75,848.1,802,745,55,2,8,.998,2,3,9,13,8.49,8.21,7.27,8.19,12,32,37,17,31.5,1,2/3H,,stewach01
184,Everth Cabrera,26,SDP,NL,95,95,94,847.2,447,143,298,6,59,.987,4,5,-3,-4,4.68,4.40,4.64,4.40,,,,,,,6,AS,cabreev01
185,Mike Aviles,32,CLE,AL,114,87,78,844.1,318,110,200,8,37,.975,4,6,-3,-4,3.30,3.40,2.61,3.33,,,,,,,56H4/D79,,avilemi01
186,Chris Carter,26,HOU,AL,100,97,70,844.1,555,533,17,5,45,.991,-5,-8,-10,-14,5.86,6.12,4.91,5.85,,,,,,,37D/H9,,cartech02
187,Anthony Rendon,23,WSN,NL,97,93,85,840.0,420,163,241,16,55,.962,-4,-5,-8,-11,4.33,4.46,4.00,4.39,,,,,,,45/6H,,rendoan01
188,Yasiel Puig,22,LAD,NL,100,96,81,838.2,175,162,8,5,1,.971,4,5,7,10,1.82,2.13,1.70,2.13,,,,,,,98/H7,MVP-15ROY-2,puigya01
189,Alex Avila,26,DET,AL,98,96,87,836.2,850,815,29,6,4,.993,-8,-11,-3,-4,9.08,8.21,8.61,8.18,9,39,73,15,17.0,0,2/H,,avilaal01
190,Carl Crawford,31,LAD,NL,107,96,74,835.2,172,165,3,4,0,.977,7,10,-1,-1,1.81,2.13,1.57,2.13,,,,,,,7H/D,,crawfca02
191,Raúl Ibañez,41,SEA,AL,100,98,71,832.1,175,165,6,4,1,.977,-15,-21,-16,-23,1.85,2.24,1.71,2.23,,,,,,,7D/H9,,ibanera01
192,Jason Castro,26,HOU,AL,98,95,89,827.1,679,630,44,5,6,.993,-3,-4,-5,-7,7.33,8.21,6.88,8.18,10,36,58,19,24.7,0,2D/H,AS,castrja01
193,Jeff Keppinger,33,CHW,AL,98,90,77,822.0,412,219,188,5,48,.988,-4,-6,-9,-13,4.46,4.45,3.84,4.60,,,,,,,453DH,,keppije01
194,Alexi Amarista,24,SDP,NL,131,84,62,819.1,303,214,84,5,17,.983,-3,-4,-7,-10,3.27,2.86,2.13,2.80,,,,,,,8H467/5,,amarial01
195,Omar Quintanilla,31,NYM,NL,93,89,82,816.0,363,107,248,8,45,.978,-8,-12,-10,-15,3.92,4.40,3.82,4.38,,,,,,,6/H5,,quintom01
196,Rickie Weeks,30,MIL,NL,95,92,87,815.2,407,143,254,10,56,.975,-14,-20,-16,-24,4.38,4.72,4.18,4.72,,,,,,,4H,,weeksri01
197,Garrett Jones,32,PIT,NL,112,105,36,814.0,768,708,53,7,73,.991,-9,-13,-2,-3,8.41,7.66,6.62,7.38,,,,,,,3H9/D,,jonesga02
198,Will Middlebrooks,24,BOS,AL,93,91,85,810.2,233,64,159,10,13,.957,-1,-2,-2,-3,2.48,2.59,2.35,2.61,,,,,,,5/4H3,,middlwi01
199,Donovan Solano,25,MIA,NL,95,92,86,809.1,464,172,284,8,69,.983,7,11,1,1,5.07,4.71,4.80,4.68,,,,,,,4/H5,,solando01
200,JB Shuck,26,LAA,AL,103,92,60,807.2,167,158,7,2,0,.988,-5,-8,-1,-1,1.84,2.24,1.60,2.23,,,,,,,7DH/9,ROY-5,shuckja01
201,Brian McCann,29,ATL,NL,92,91,84,806.1,767,729,34,4,1,.995,6,9,6,9,8.52,8.10,8.29,8.10,3,17,47,15,24.2,0,2/HD,AS,mccanbr01
202,Clint Barmes,34,PIT,NL,106,91,70,804.1,402,107,282,13,53,.968,10,15,5,7,4.35,4.40,3.67,4.40,,,,,,,6/H,,barmecl01
203,Matt Joyce,28,TBR,AL,110,92,56,803.2,171,168,2,1,1,.994,1,1,0,0,1.90,2.24,1.55,2.23,,,,,,,*79HD,,joycema01
204,Luis Valbuena,27,CHC,NL,99,90,78,802.2,239,69,163,7,17,.971,5,7,1,1,2.60,2.70,2.30,2.71,,,,,,,5H/47D,,valbulu01
205,Ed Lucas,31,MIA,NL,93,86,64,798.2,426,246,173,7,40,.984,9,14,6,9,4.72,4.44,3.71,4.57,,,,,,,534/6H7,,lucased01
206,José Reyes,30,TOR,AL,92,92,86,793.0,344,95,240,9,51,.974,-5,-7,-4,-6,3.80,4.15,3.64,4.13,,,,,,,6/H,,reyesjo01
207,Vernon Wells,34,NYY,AL,98,88,75,789.1,192,183,9,0,1,1.000,-2,-3,1,2,2.19,2.31,1.94,2.32,,,,,,,79HD/345,,wellsve01
208,Juan Francisco,26,2TM,NL,100,95,60,788.0,664,557,90,17,65,.974,-1,-1,-6,-9,7.39,7.20,6.41,7.11,,,,,,,35H/D,,francju02
209,Edwin Encarnación,30,TOR,AL,87,87,82,786.1,779,701,70,8,68,.990,-4,-6,-7,-11,8.82,8.19,8.66,8.15,,,,,,,3D5,ASMVP-14,encared01
210,Jordy Mercer,26,PIT,NL,96,84,64,782.2,425,121,289,15,62,.965,-1,-1,-8,-12,4.71,4.46,3.87,4.51,,,,,,,64H/35,,mercejo03
211,Devin Mesoraco,25,CIN,NL,97,84,77,782.0,728,668,55,5,2,.993,3,5,-5,-8,8.32,8.10,7.45,8.10,4,22,45,18,28.6,2,2H/D,,mesorde01
212,Ike Davis,26,NYM,NL,96,87,77,781.0,852,805,38,9,62,.989,-2,-3,-3,-5,9.71,9.42,8.78,9.41,,,,,,,3H,,davisik02
213,Lucas Duda,27,NYM,NL,92,89,68,774.0,348,327,19,2,20,.994,-11,-17,-13,-20,4.02,4.77,3.76,4.82,,,,,,,73/HD,,dudalu01
214,Yonder Alonso,26,SDP,NL,92,86,81,772.0,822,761,58,3,72,.996,3,5,2,3,9.55,9.41,8.62,9.21,,,,,,,3/H457,,alonsyo01
215,Daniel Descalso,26,STL,NL,108,78,48,758.1,382,112,256,14,54,.963,-4,-6,-4,-6,4.37,4.22,2.79,3.97,,,,,,,645H,,descada01
216,José Molina,38,TBR,AL,96,87,67,749.1,712,674,34,4,5,.994,-1,-2,8,13,8.50,8.21,7.38,8.18,8,33,56,23,29.1,2,2/HD,,molinjo01
217,Kurt Suzuki,29,2TM,2LG,93,82,80,748.0,662,621,35,6,5,.991,-4,-6,-9,-14,7.89,8.11,7.05,8.11,3,16,57,8,12.3,0,2/H,,suzukku01
218,Carlos Ruiz,34,PHI,NL,86,83,81,745.0,704,657,44,3,9,.996,-1,-2,-2,-3,8.47,8.10,8.15,8.10,4,23,63,21,25.0,1,2/H,,ruizca01
219,Aaron Hill,31,ARI,NL,84,82,77,741.0,384,150,232,2,48,.995,-7,-12,-10,-16,4.64,4.72,4.55,4.72,,,,,,,4/H,,hillaa01
220,Chris Young,29,OAK,AL,96,78,67,739.1,244,240,2,2,0,.992,-3,-4,-8,-13,2.95,2.24,2.52,2.23,,,,,,,897H/D,,youngch04
221,Eduardo Núñez,26,NYY,AL,89,84,74,737.1,295,99,182,14,37,.953,-18,-29,-27,-44,3.43,3.89,3.09,3.89,,,,,,,65/H4D,,nunezed02
222,Joe Mauer,30,MIN,AL,83,81,80,728.2,609,573,33,3,16,.995,8,13,7,12,7.48,8.28,7.30,8.25,3,16,23,17,42.5,0,2D/3H,ASSS,mauerjo01
223,Clete Thomas,29,MIN,AL,86,79,77,727.1,221,212,6,3,1,.986,-2,-2,4,7,2.70,2.24,2.53,2.23,,,,,,,879/HD,,thomacl02
224,Evan Gattis,26,ATL,NL,90,89,55,725.0,412,376,29,7,3,.983,-7,-12,-1,-2,5.03,5.34,4.31,5.11,2,17,16,8,33.3,0,72H/3D,ROY-7,gattiev01
225,Rajai Davis,32,TOR,AL,97,75,60,722.1,179,173,4,2,1,.989,2,3,4,7,2.21,2.24,1.82,2.23,,,,,,,798H/D,,davisra01
226,Jose Lobaton,28,TBR,AL,96,76,66,713.2,686,643,40,3,6,.996,-7,-12,-2,-3,8.61,8.21,7.11,8.18,2,36,63,10,13.7,1,2H/D,,lobatjo01
227,Yan Gomes,25,CLE,AL,85,79,75,713.0,737,669,65,3,1,.996,7,12,23,39,9.27,8.21,8.53,8.19,4,27,29,20,40.8,5,2/DH3,,gomesya01
228,Oswaldo Arcia,22,MIN,AL,83,82,70,712.1,174,167,5,2,2,.989,-1,-1,-17,-29,2.17,2.24,2.07,2.23,,,,,,,79/DH,,arciaos01
229,Skip Schumaker,33,LAD,NL,108,73,44,712.1,252,165,80,7,26,.972,-13,-21,-17,-29,3.10,3.21,2.04,3.07,,,,,,,478H9/1D,,schumsk01
230,Cody Ross,32,ARI,NL,83,78,68,712.0,169,164,5,0,1,1.000,18,30,18,30,2.14,2.13,2.04,2.13,,,,,,,79H,,rossco01
231,David Lough,27,KCR,AL,89,80,62,708.0,174,164,8,2,1,.989,9,14,12,20,2.19,2.24,1.93,2.23,,,,,,,97H/8,ROY-8,loughda01
232,Ben Revere,25,PHI,NL,87,79,75,708.0,228,220,6,2,3,.991,-5,-9,0,0,2.87,2.13,2.60,2.13,,,,,,,8/H,,reverbe01
233,Chris Parmelee,25,MIN,AL,90,79,74,703.0,277,257,18,2,15,.993,-11,-18,3,5,3.52,3.92,3.02,3.91,,,,,,,93H/8,,parmech01
234,Aaron Hicks,23,MIN,AL,81,78,73,701.1,224,215,9,0,2,1.000,-5,-8,2,3,2.87,2.24,2.77,2.23,,,,,,,8,,hicksaa01
235,Lonnie Chisenhall,24,CLE,AL,88,83,62,697.0,198,55,134,9,18,.955,1,2,-1,-2,2.44,2.51,2.15,2.50,,,,,,,5/HD,,chiselo01
236,Logan Morrison,25,MIA,NL,79,78,72,691.2,749,678,68,3,65,.996,2,3,-3,-5,9.71,9.42,9.44,9.41,,,,,,,3/HD,,morrilo01
237,Tyler Flowers,27,CHW,AL,84,77,70,687.2,686,640,42,4,4,.994,-2,-3,1,2,8.93,8.21,8.12,8.18,8,24,52,16,23.5,0,2,,flowety01
238,Kelly Johnson,31,TBR,AL,91,78,44,679.2,210,132,74,4,14,.981,-2,-4,-1,-2,2.73,2.94,2.19,3.05,,,,,,,74DH5/3,,johnske05
239,Jayson Nix,30,NYY,AL,87,74,62,674.1,297,85,205,7,37,.976,5,10,0,0,3.87,3.46,3.12,3.43,,,,,,,65/H4,,nixja01
240,Wilson Ramos,25,WSN,NL,77,77,67,667.2,636,593,35,8,1,.987,-1,-2,10,18,8.47,8.10,8.16,8.10,5,26,34,14,29.2,0,2/H,,ramoswi01
241,Derek Norris,24,OAK,AL,91,71,60,667.0,599,566,30,3,4,.995,1,2,-1,-2,8.04,8.21,6.48,8.19,6,23,35,12,25.5,1,2H/D3,,norride01
242,Brad Miller,23,SEA,AL,75,73,63,665.0,298,109,181,8,35,.973,-7,-12,-2,-4,3.92,4.20,3.45,4.15,,,,,,,64/5H,,millebr02
243,Logan Schafer,26,MIL,NL,91,69,61,663.0,178,174,4,0,2,1.000,6,11,8,14,2.42,2.13,1.96,2.13,,,,,,,7H89,,schaflo01
244,Nick Punto,35,LAD,NL,105,71,48,661.0,307,103,196,8,48,.974,2,3,8,15,4.07,4.04,2.56,3.95,,,,,,,654H,,puntoni01
245,Aramis Ramírez,35,MIL,NL,80,80,61,657.0,155,45,103,7,7,.955,-10,-18,-11,-20,2.03,2.59,1.85,2.59,,,,,,,5/HD,,ramirar01
246,Gaby Sánchez,29,PIT,NL,114,60,54,656.1,757,696,58,3,55,.996,-2,-4,-5,-9,10.34,9.38,6.61,9.35,,,,,,,*3H/5,,sanchga01
247,Jonny Gomes,32,BOS,AL,101,67,59,656.0,125,119,5,1,2,.992,-10,-18,4,7,1.70,2.24,1.23,2.23,,,,,,,7HD/9,,gomesjo01
248,Wil Myers,22,TBR,AL,77,74,63,655.2,142,140,2,0,1,1.000,-2,-3,-1,-2,1.95,2.24,1.84,2.23,,,,,,,9D/8H,ROY-1,myerswi01
249,Paul Konerko,37,CHW,AL,76,76,65,652.2,652,600,48,4,70,.994,-4,-7,-3,-6,8.94,8.90,8.53,8.87,,,,,,,3D,,konerpa01
250,Hanley Ramírez,29,LAD,NL,76,75,61,651.0,328,105,210,13,43,.960,0,0,1,2,4.35,4.40,4.14,4.40,,,,,,,6/HD,MVP-8,ramirha01
251,Ryan Howard,33,PHI,NL,76,74,66,650.0,661,618,42,1,55,.998,-2,-4,-3,-6,9.14,9.42,8.68,9.41,,,,,,,3/H,,howarry01
252,Cliff Pennington,29,ARI,NL,80,69,63,648.2,321,91,222,8,44,.975,9,16,12,22,4.34,4.44,3.82,4.47,,,,,,,64H/5,,pennicl01
253,Craig Gentry,29,TEX,AL,102,69,50,647.2,192,183,7,2,1,.990,15,27,11,20,2.64,2.24,1.86,2.23,,,,,,,87H/D,,gentrcr01
254,Elliot Johnson,29,2TM,2LG,94,67,53,647.1,305,115,184,6,32,.980,4,7,9,17,4.16,4.22,2.90,4.17,,,,,,,4H6/57D9,,johnsel02
255,Adam Dunn,33,CHW,AL,73,72,66,644.0,589,550,31,8,54,.986,-9,-17,-11,-20,8.12,8.72,7.85,8.60,,,,,,,D3/7H,,dunnad01
256,Ryan Doumit,32,MIN,AL,76,72,64,640.0,312,284,25,3,4,.990,-15,-28,-22,-41,4.35,5.73,4.07,5.60,3,17,28,7,20.0,0,D29H/7,,doumiry01
257,Mike Morse,31,2TM,AL,78,77,54,631.1,185,180,4,1,9,.995,-6,-12,-13,-25,2.62,2.78,2.33,2.82,,,,,,,97/D3H,,morsemi01
258,Kyle Blanks,26,SDP,NL,81,70,39,630.1,313,293,16,4,21,.987,0,1,2,4,4.41,4.54,3.25,4.73,,,,,,,973H/D,,blankky01
259,Ronny Cedeño,30,2TM,2LG,78,71,64,629.2,322,111,198,13,44,.960,-1,-2,-9,-17,4.42,4.27,3.96,4.29,,,,,,,6/DH35,,cedenro02
260,Marcell Ozuna,22,MIA,NL,69,69,69,628.2,167,157,8,2,4,.988,0,1,4,8,2.36,2.13,2.39,2.13,,,,,,,98/H,,ozunama01
261,Melky Cabrera,28,TOR,AL,77,76,49,620.2,130,126,3,1,0,.992,-5,-9,-4,-8,1.87,2.24,1.68,2.23,,,,,,,7/DH,,cabreme01
262,Adam Lind,29,TOR,AL,76,71,62,620.0,637,579,51,7,56,.989,-1,-3,-6,-12,9.15,8.90,8.29,8.87,,,,,,,3DH,,lindad01
263,Darin Ruf,26,PHI,NL,73,70,51,618.1,349,322,25,2,29,.994,2,3,-11,-21,5.05,5.09,4.18,5.29,,,,,,,397/H,,rufda01
264,José Tábata,24,PIT,NL,89,73,35,615.1,106,106,0,0,0,1.000,4,8,-1,-2,1.55,2.13,1.19,2.13,,,,,,,97H,,tabatjo01
265,Jeff Mathis,30,MIA,NL,73,70,62,615.0,551,520,30,1,2,.998,5,10,9,18,8.05,8.10,7.53,8.10,5,24,30,15,33.3,0,2/H,,mathije01
266,Josh Rutledge,24,COL,NL,72,69,65,613.0,335,121,208,6,48,.982,0,0,-7,-14,4.83,4.66,4.57,4.66,,,,,,,4H6,,rutlejo01
267,Josh Willingham,34,MIN,AL,72,71,56,607.2,131,125,5,1,1,.992,-6,-11,-5,-10,1.93,2.24,1.81,2.23,,,,,,,7D/H,,willijo03
268,Ryan Flaherty,26,BAL,AL,78,66,51,602.1,333,140,191,2,57,.994,5,9,3,6,4.95,4.64,3.89,4.59,,,,,,,4H/653D,,flahery01
269,Matt Adams,24,STL,NL,74,63,57,597.2,650,598,50,2,70,.997,5,10,-2,-4,9.76,9.42,8.76,9.41,,,,,,,3H,,adamsma01
270,Munenori Kawasaki,32,TOR,AL,76,67,53,596.2,292,105,181,6,45,.979,0,0,0,0,4.31,4.25,3.67,4.24,,,,,,,64HD,,kawasmu01
271,Andrés Torres,35,SFG,NL,85,64,50,591.2,158,152,1,5,0,.968,11,21,-2,-4,2.33,2.13,1.80,2.13,,,,,,,78H/9,,torrean02
272,Ryan Hanigan,32,CIN,NL,72,66,58,589.2,572,538,33,1,1,.998,6,12,4,8,8.72,8.10,7.93,8.10,3,20,18,15,45.5,0,2/H,,hanigry01
273,Ángel Pagán,31,SFG,NL,71,66,60,579.2,158,149,5,4,1,.975,-3,-7,-9,-19,2.39,2.13,2.17,2.13,,,,,,,8/H,,paganan01
274,Matt Kemp,28,LAD,NL,70,68,59,576.1,140,133,2,5,0,.964,-8,-16,-4,-8,2.11,2.13,1.93,2.13,,,,,,,8/H,,kempma01
275,Endy Chávez,35,SEA,AL,82,59,48,572.2,157,149,4,4,2,.975,0,0,-3,-6,2.40,2.24,1.87,2.23,,,,,,,98H7/D,,chaveen01
276,Jarrod Dyson,28,KCR,AL,73,61,57,571.2,184,176,3,5,2,.973,3,7,4,8,2.82,2.24,2.45,2.23,,,,,,,8HD,,dysonja01
277,Justin Maxwell,29,2TM,AL,71,65,54,567.0,164,153,6,5,2,.970,-1,-1,-6,-13,2.52,2.24,2.24,2.23,,,,,,,98/HD,,maxweju01
278,Jeff Francoeur,29,2TM,2LG,72,64,57,565.1,126,119,5,2,0,.984,1,1,0,0,1.97,2.21,1.72,2.20,,,,,,,97H/D8,,francje02
279,Juan Pierre,35,MIA,NL,64,63,59,564.1,146,146,0,0,0,1.000,-2,-3,3,6,2.33,2.13,2.28,2.13,,,,,,,7H/D,,pierrju01
280,J.D. Martinez,25,HOU,AL,70,67,48,563.2,104,98,4,2,1,.981,-5,-10,-10,-21,1.63,2.24,1.46,2.23,,,,,,,79D/H,,martijd02
281,Brett Wallace,26,HOU,AL,70,65,53,561.2,512,456,52,4,56,.992,-4,-9,-3,-6,8.14,8.06,7.26,8.05,,,,,,,3/5DH,,wallabr01
282,Don Kelly,33,DET,AL,98,52,27,557.1,131,112,17,2,4,.985,-4,-9,-7,-15,2.08,2.44,1.21,2.60,,,,,,,7H859/D34,,kellydo01
283,Rob Brantly,23,MIA,NL,65,61,55,556.0,487,440,42,5,5,.990,0,0,-14,-30,7.80,8.10,7.42,8.10,9,20,36,14,28.0,1,2/H,,brantro01
284,Carlos Quentin,30,SDP,NL,69,69,35,556.0,107,105,1,1,0,.991,2,3,-5,-11,1.72,2.13,1.54,2.13,,,,,,,7/HD,,quentca01
285,Robbie Grossman,23,HOU,AL,62,62,48,555.2,127,122,2,3,0,.976,-12,-27,-2,-4,2.01,2.24,2.00,2.23,,,,,,,78/9D,,grossro01
286,Ramón Santiago,33,DET,AL,79,56,43,552.2,240,80,158,2,27,.992,1,3,4,9,3.88,4.12,2.74,3.81,,,,,,,456/H,,santira01
287,Avisaíl García,22,2TM,AL,71,60,52,551.1,132,128,1,3,0,.977,-9,-19,-4,-9,2.11,2.24,1.82,2.23,,,,,,,98H/7,,garciav01
288,Steve Lombardozzi,24,WSN,NL,74,60,50,550.2,262,125,134,3,28,.989,1,2,-2,-4,4.23,3.84,3.45,3.81,,,,,,,H47/5,,lombast02
289,Christian Yelich,21,MIA,NL,62,61,59,544.1,114,114,0,0,0,1.000,4,9,0,0,1.88,2.13,1.84,2.13,,,,,,,7/8H,,yelicch01
290,Jeff Bianchi,26,MIL,NL,78,54,48,543.2,277,87,180,10,35,.964,14,32,12,26,4.42,3.57,3.18,3.49,,,,,,,5H64/7,,biancje01
291,Jesús Guzmán,29,SDP,NL,78,63,30,540.1,357,334,17,6,24,.983,-3,-7,-2,-4,5.85,5.93,4.28,5.55,,,,,,,H37/954,,guzmaje01
292,Brian Roberts,35,BAL,AL,60,60,56,540.1,301,110,190,1,43,.997,7,16,-2,-4,5.00,4.64,5.00,4.62,,,,,,,4D/H,,roberbr01
293,Chris Getz,29,KCR,AL,68,62,55,540.0,291,106,181,4,39,.986,6,13,2,4,4.78,4.64,4.22,4.62,,,,,,,4H/D,,getzch01
294,Jurickson Profar,20,TEX,AL,61,59,57,538.1,234,92,134,8,26,.966,-5,-10,-4,-9,3.78,4.01,3.53,4.00,,,,,,,4D65/H7,,profaju01
295,Marwin González,24,HOU,AL,66,57,56,536.2,287,95,182,10,44,.965,0,-1,3,7,4.65,4.16,4.13,4.11,,,,,,,64/H5D,,gonzama01
296,Hank Conger,25,LAA,AL,71,60,48,535.0,517,480,30,7,5,.986,-6,-13,8,18,8.58,8.21,7.18,8.18,1,34,47,15,24.2,0,2H/D,,congeha01
297,Travis Snider,25,PIT,NL,81,53,39,527.0,123,117,5,1,0,.992,2,4,-1,-2,2.08,2.13,1.51,2.13,,,,,,,9H/7,,snidetr01
298,Adam Eaton,24,ARI,NL,60,56,47,526.2,113,103,6,4,1,.965,-2,-5,-4,-9,1.86,2.13,1.82,2.13,,,,,,,78/H9D,,eatonad02
299,Charlie Blackmon,26,COL,NL,68,56,44,523.1,116,112,0,4,0,.966,-4,-9,-6,-14,1.93,2.13,1.65,2.13,,,,,,,987H,,blackch02
300,Brayan Peña,31,DET,AL,65,55,52,521.0,559,529,27,3,4,.995,-3,-6,-1,-2,9.60,8.21,8.55,8.19,5,21,42,13,23.6,0,2H/3,,penabr01
301,Josh Phegley,25,CHW,AL,65,59,47,516.2,449,415,29,5,4,.989,-1,-2,4,9,7.73,8.21,6.83,8.12,8,25,30,13,30.2,2,2/H4,,phegljo01
302,Jason Kubel,31,2TM,2LG,63,59,45,514.1,94,84,7,3,0,.968,-13,-29,0,0,1.59,2.14,1.44,2.14,,,,,,,7H/9D,,kubelja01
303,Jamey Carroll,39,2TM,AL,67,56,44,514.0,170,56,112,2,25,.988,-4,-10,1,2,2.94,3.17,2.43,3.11,,,,,,,54H/61D,,carroja01
304,Sam Fuld,31,TBR,AL,106,48,34,512.2,129,126,2,1,1,.992,6,14,3,7,2.25,2.24,1.21,2.22,,,,,,,789H/D1,,fuldsa01
305,Roger Bernadina,29,2TM,NL,86,47,42,507.1,122,116,6,0,1,1.000,5,12,5,12,2.16,2.13,1.42,2.13,,,,,,,9H78,,bernaro01
306,Logan Forsythe,26,SDP,NL,66,57,47,506.0,242,90,147,5,25,.979,-5,-13,-2,-5,4.22,3.99,3.43,3.84,,,,,,,4H567/9,,forsylo01
307,Delmon Young,27,2TM,2LG,65,64,31,503.1,124,115,4,5,2,.960,-8,-19,-7,-17,2.13,2.13,1.83,2.13,,,,,,,9DH,,youngde03
308,Ryan Braun,29,MIL,NL,59,59,50,503.0,123,116,5,2,1,.984,-2,-5,0,0,2.17,2.13,2.05,2.13,,,,,,,7/H,,braunry02
309,Derek Dietrich,23,MIA,NL,57,56,48,502.1,258,98,158,2,31,.992,-2,-5,-5,-12,4.59,4.72,4.49,4.72,,,,,,,4,,dietrde01
310,Rubén Tejada,23,NYM,NL,55,55,54,499.0,257,72,177,8,37,.969,3,7,-3,-7,4.49,4.40,4.53,4.40,,,,,,,6/H,,tejadru01
311,Jonathan Villar,22,HOU,AL,58,57,55,499.0,252,95,141,16,38,.937,-8,-19,-8,-19,4.26,4.15,4.07,4.13,,,,,,,6/H,,villajo01
312,Junior Lake,23,CHC,NL,56,56,51,498.2,124,119,2,3,1,.976,5,11,-2,-5,2.18,2.13,2.16,2.13,,,,,,,78/H,,lakeju01
313,Ryan Raburn,32,CLE,AL,67,60,33,495.1,108,100,6,2,3,.981,-4,-10,1,2,1.93,2.32,1.56,2.29,,,,,,,9D7H/41,,raburry01
314,Jordan Schafer,26,ATL,NL,68,51,42,493.2,132,126,5,1,1,.992,6,14,2,5,2.39,2.13,1.93,2.13,,,,,,,H897,,schafjo02
315,Joaquín Árias,28,SFG,NL,88,47,32,492.0,229,105,119,5,29,.978,-1,-2,2,5,4.10,4.05,2.29,3.73,,,,,,,5H64/3,,ariasjo01
316,Scooter Gennett,23,MIL,NL,59,56,48,487.2,264,113,146,5,39,.981,-5,-12,-4,-10,4.78,4.72,4.39,4.72,,,,,,,4H,,gennesc01
317,Chris Nelson,27,3TM,2LG,58,55,47,484.0,122,25,91,6,3,.951,-1,-1,-4,-10,2.16,2.55,1.97,2.60,,,,,,,5/H4D,,nelsoch01
318,Jason Bay,34,SEA,AL,61,50,41,481.1,105,103,2,0,0,1.000,1,2,0,0,1.96,2.24,1.72,2.23,,,,,,,79H/D8,,bayja01
319,Erik Kratz,33,PHI,NL,60,54,52,478.1,441,414,26,1,5,.998,0,0,-2,-5,8.28,8.10,7.33,8.10,1,16,33,9,21.4,1,2H,,kratzer01
320,Dioner Navarro,29,CHC,NL,55,53,49,470.0,466,425,36,5,7,.989,-4,-10,0,0,8.83,8.10,8.38,8.10,5,25,37,13,26.0,0,2H/D,,navardi01
321,Sean Rodríguez,28,TBR,AL,85,56,15,463.0,202,184,17,1,13,.995,2,4,5,13,3.91,4.37,2.26,4.23,,,,,,,7H3/964D,,rodrise01
322,Mike Carp,27,BOS,AL,70,56,21,461.2,245,231,12,2,19,.992,0,-1,-2,-5,4.74,5.15,3.38,4.90,,,,,,,73H/D9,,carpmi01
323,Kole Calhoun,25,LAA,AL,58,49,47,457.2,168,152,8,8,6,.952,-4,-9,-7,-18,3.15,2.78,2.67,2.89,,,,,,,9/3H,,calhoko01
324,Jordan Pacheco,27,COL,NL,57,50,43,457.0,512,469,36,7,30,.986,-2,-5,-5,-13,9.95,9.10,8.56,8.95,2,2,4,1,20.0,0,3H2/7D,,pachejo01
325,Chris Heisey,28,CIN,NL,75,44,35,455.0,102,101,1,0,1,1.000,13,35,7,18,2.02,2.13,1.36,2.13,,,,,,,7H/9D8,,heisech01
326,Eric Chávez,35,ARI,NL,56,48,38,452.1,157,50,106,1,9,.994,1,1,-3,-8,3.10,2.94,2.69,3.30,,,,,,,5H/3D,,chaveer01
327,Jonathan Herrera,28,COL,NL,66,45,38,451.1,241,85,151,5,38,.979,2,6,0,0,4.71,4.40,3.32,4.31,,,,,,,64H/57,,herrejo03
328,Carlos Corporán,29,HOU,AL,58,51,44,450.1,379,356,17,6,3,.984,-1,-3,7,19,7.45,8.21,6.43,8.19,2,14,31,10,24.4,1,2/HD3,,corpoca01
329,Freddy Galvis,23,PHI,NL,58,49,44,447.1,196,78,115,3,22,.985,3,8,-6,-16,3.88,3.58,3.22,3.66,,,,,,,45H67,,galvifr01
330,Seth Smith,30,OAK,AL,58,51,39,447.1,115,114,1,0,0,1.000,-3,-9,0,0,2.31,2.24,1.98,2.23,,,,,,,D7H/9,,smithse01
331,Kevin Frandsen,31,PHI,NL,63,52,34,447.0,363,296,63,4,31,.989,-2,-4,2,5,7.23,7.57,5.61,7.52,,,,,,,H34/5,,frandke01
332,Martín Maldonado,26,MIL,NL,55,47,42,439.2,385,343,38,4,7,.990,2,5,10,27,7.80,8.32,6.68,8.33,3,14,19,8,29.6,2,2H3,,maldoma01
333,Geovany Soto,30,TEX,AL,54,49,41,432.1,424,395,27,2,3,.995,2,6,4,11,8.78,8.20,7.81,8.07,1,23,24,10,29.4,0,2/5,,sotoge01
334,Mike Zunino,22,SEA,AL,50,48,44,429.2,387,363,22,2,1,.995,-5,-14,1,3,8.06,8.21,7.70,8.18,2,25,28,6,17.6,0,2/H,,zuninmi01
335,Ryan Sweeney,28,CHC,NL,57,47,45,428.2,142,140,1,1,0,.993,7,20,-1,-3,2.96,2.13,2.47,2.13,,,,,,,8H7/9,,sweenry01
336,Greg Dobbs,34,MIA,NL,51,47,44,428.0,415,364,50,1,33,.998,1,4,5,14,8.71,9.33,7.96,9.27,,,,,,,H3/D9,,dobbsgr01
337,Yorvit Torrealba,34,COL,NL,53,48,43,426.0,363,340,20,3,4,.992,1,3,1,3,7.61,8.11,6.79,8.17,2,13,32,13,28.9,0,2H/3,,torreyo01
338,Luis Cruz,29,2TM,2LG,56,45,34,420.2,199,56,137,6,17,.970,14,40,11,31,4.13,3.22,3.06,3.23,,,,,,,56/H37,,cruzlu01
339,Peter Bourjos,26,LAA,AL,53,45,42,415.0,120,117,2,1,0,.992,-5,-14,0,0,2.58,2.24,2.25,2.23,,,,,,,8/H,,bourjpe01
340,Jordan Danks,26,CHW,AL,68,40,37,407.1,102,100,1,1,1,.990,-4,-12,1,3,2.23,2.24,1.49,2.23,,,,,,,8H9/D7,,danksjo02
341,Cody Ransom,37,2TM,NL,51,46,38,404.0,152,54,91,7,13,.954,3,8,2,6,3.23,3.18,2.84,3.16,,,,,,,5H/36,,ransoco01
342,Mark DeRosa,38,TOR,AL,65,41,24,403.2,213,123,86,4,17,.981,-5,-15,0,0,4.66,4.83,2.90,4.85,,,,,,,H453D/7,,derosma01
343,Matt Tuiasosopo,27,DET,AL,76,47,13,397.2,127,124,2,1,3,.992,-3,-8,-3,-9,2.85,2.75,1.64,3.35,,,,,,,7H3/5D,,tuiasma01
344,Eduardo Escobar,24,MIN,AL,60,40,31,396.1,154,43,104,7,16,.955,-3,-9,-4,-12,3.34,3.62,2.13,3.61,,,,,,,65H/47D,,escobed01
345,Derrick Robinson,25,CIN,NL,73,37,31,395.1,101,101,0,0,0,1.000,8,24,6,18,2.30,2.13,1.38,2.13,,,,,,,7H8/9,,robinde02
346,Austin Romine,24,NYY,AL,59,43,33,394.1,342,315,24,3,1,.991,-2,-6,-3,-9,7.74,8.21,5.75,8.18,4,18,30,8,21.1,0,2/H,,rominau01
347,Chris Coghlan,28,MIA,NL,48,45,37,394.0,127,103,21,3,3,.976,-9,-28,-4,-12,2.83,2.22,2.58,2.26,,,,,,,H78/594D,,coghlch01
348,Trevor Crowe,29,HOU,AL,53,40,28,390.0,109,103,3,3,1,.972,2,7,1,3,2.45,2.24,2.00,2.23,,,,,,,978H/D,,crowetr01
349,L.J. Hoes,23,2TM,AL,46,42,39,387.1,93,89,0,4,0,.957,-6,-19,-6,-19,2.07,2.24,1.93,2.23,,,,,,,9/7H8D,,hoeslj01
350,Xavier Paul,28,CIN,NL,59,49,9,385.0,74,69,3,2,0,.973,-6,-19,-10,-31,1.68,2.13,1.22,2.13,,,,,,,7H/D,,paulxa01
351,Jerry Hairston,37,LAD,NL,63,43,21,384.2,148,102,40,6,7,.959,-2,-7,0,0,3.32,3.56,2.06,3.72,,,,,,,H573/94,,hairsje02
352,Cody Asche,23,PHI,NL,44,44,42,383.2,121,29,87,5,3,.959,1,3,-4,-13,2.72,2.59,2.64,2.59,,,,,,,5/H,,ascheco01
353,Curtis Granderson,32,NYY,AL,46,42,34,382.2,108,107,1,0,0,1.000,6,18,2,6,2.54,2.24,2.35,2.23,,,,,,,8D97/H,,grandcu01
354,Carlos Peña,35,2TM,AL,46,43,42,382.2,429,399,30,0,47,1.000,-3,-9,-4,-13,10.09,8.90,9.33,8.87,,,,,,,3D/H,,penaca01
355,Wil Nieves,35,ARI,NL,47,40,37,380.2,339,323,14,2,0,.994,-5,-16,-5,-16,7.97,8.10,7.17,8.10,1,33,13,5,27.8,0,2H/D,,nievewi01
356,Danny Espinosa,26,WSN,NL,44,44,42,379.2,218,97,119,2,32,.991,5,16,4,13,5.12,4.71,4.91,4.71,,,,,,,4/6,,espinda01
357,Alex Presley,27,2TM,2LG,49,41,34,378.1,113,110,2,1,1,.991,-7,-23,-4,-13,2.66,2.20,2.29,2.19,,,,,,,8H79,,preslal01
358,Justin Turner,28,NYM,NL,60,37,26,377.1,188,120,66,2,19,.989,-5,-17,-3,-10,4.44,4.99,2.70,4.91,,,,,,,H5634/7D,,turneju01
359,Tim Federowicz,25,LAD,NL,47,42,38,377.0,368,323,40,5,0,.986,-2,-6,0,0,8.67,8.11,7.72,8.16,2,17,24,10,29.4,0,2H/3,,federti01
360,Josh Satin,28,NYM,NL,47,40,29,371.1,309,267,37,5,27,.984,7,21,3,10,7.37,7.41,6.08,7.09,,,,,,,3H5/D,,satinjo01
361,Henry Blanco,41,2TM,AL,47,42,33,368.0,351,331,17,3,4,.991,-1,-3,-11,-36,8.51,8.21,7.40,8.18,10,18,13,6,31.6,0,2/H,,blanche01
362,Collin Cowgill,27,2TM,2LG,66,36,22,366.2,87,83,3,1,0,.989,0,0,1,3,2.11,2.20,1.30,2.20,,,,,,,789H/D,,cowgico01
363,Corey Dickerson,24,COL,NL,51,41,26,366.1,94,94,0,0,0,1.000,4,12,0,0,2.31,2.13,1.84,2.13,,,,,,,7H8/9D,,dickeco01
364,John Jaso,29,OAK,AL,49,42,31,365.1,285,270,12,3,1,.989,-4,-13,-9,-30,6.95,8.21,5.76,8.19,0,20,28,4,12.5,0,2DH/3,,jasojo01
365,Grant Green,25,2TM,AL,45,40,34,361.2,171,75,92,4,17,.977,-9,-31,-8,-27,4.16,4.64,3.71,4.62,,,,,,,4/H,,greengr01
366,Shane Robinson,28,STL,NL,77,30,18,360.1,111,108,0,3,0,.973,4,13,7,23,2.70,2.13,1.40,2.13,,,,,,,9H87,,robinsh01
367,Chris Herrmann,25,MIN,AL,46,38,31,359.2,183,165,16,2,2,.989,-2,-6,-5,-17,4.53,5.72,3.55,5.38,0,7,13,7,35.0,0,29H/7D,,herrmch01
368,Nate Freiman,26,OAK,AL,59,42,14,357.2,310,292,17,1,23,.997,-3,-10,-3,-10,7.78,8.90,5.24,8.87,,,,,,,3HD,,freimna01
369,Adam Rosales,30,2TM,AL,61,35,29,355.0,189,61,121,7,16,.963,2,8,-2,-7,4.61,4.24,2.89,4.41,,,,,,,6H4/35D7,,rosalad01
370,Anthony Gose,22,TOR,AL,49,37,32,347.1,89,81,4,4,0,.955,-4,-12,1,3,2.20,2.24,1.73,2.23,,,,,,,87/H9D,,gosean01
371,Humberto Quintero,33,2TM,2LG,42,40,30,347.0,312,281,26,5,4,.984,1,3,0,0,7.96,8.16,7.31,8.14,2,9,21,12,36.4,1,2/H,,quinthu01
372,Donnie Murphy,30,CHC,NL,43,38,35,345.2,100,31,65,4,11,.960,-5,-17,-4,-14,2.50,2.81,2.13,2.80,,,,,,,5/H64,,murphdo01
373,Ryan Roberts,32,TBR,AL,55,36,28,345.2,154,51,99,4,20,.974,0,-1,-1,-3,3.91,4.35,2.50,4.52,,,,,,,4H/53D,,roberry01
374,Tyler Moore,26,WSN,NL,47,41,24,344.1,136,131,4,1,12,.993,-5,-18,-5,-17,3.53,4.16,2.76,4.21,,,,,,,7H3/9,,moorety01
375,Miguel Tejada,39,KCR,AL,48,41,22,343.1,122,43,77,2,11,.984,-7,-23,-1,-3,3.15,3.82,2.45,3.76,,,,,,,45H/3D,,tejadmi01
376,David Adams,26,NYY,AL,42,38,30,340.0,133,56,76,1,12,.992,1,4,1,4,3.49,3.39,3.00,3.51,,,,,,,5/43H,,adamsda02
377,Stephen Vogt,28,OAK,AL,44,40,28,335.2,314,299,14,1,2,.997,1,4,0,0,8.39,8.21,7.11,8.18,6,10,20,9,31.0,0,2/HD,,vogtst01
378,Brian Bogusevic,29,CHC,NL,39,37,33,328.0,89,86,3,0,0,1.000,1,3,-3,-11,2.44,2.13,2.28,2.13,,,,,,,78H/9,,bogusbr01
379,Anthony Recker,29,NYM,NL,39,34,31,324.1,309,289,17,3,2,.990,0,0,0,0,8.49,8.08,7.85,7.94,2,9,27,7,20.6,0,2H/1D,,reckean01
380,Scott Van Slyke,26,LAD,NL,44,35,22,314.2,86,83,1,2,4,.977,-1,-2,2,8,2.40,2.66,1.87,2.78,,,,,,,79H/3,,vanslsc01
381,Pedro Ciriaco,27,3TM,2LG,45,31,27,311.2,142,55,77,10,21,.930,-13,-49,-10,-39,3.81,4.05,2.93,4.04,,,,,,,6H5/D43,,ciriape01
382,Rick Ankiel,33,2TM,2LG,40,33,27,308.0,83,77,4,2,0,.976,-9,-35,-3,-12,2.37,2.19,2.03,2.19,,,,,,,98/H,,ankieri01
383,Andrew Romine,27,LAA,AL,44,30,28,307.2,121,39,78,4,16,.967,2,9,2,8,3.42,3.20,2.60,3.30,,,,,,,56/H4D,,rominan01
384,Jimmy Paredes,24,HOU,AL,42,34,25,307.1,70,61,8,1,0,.986,-4,-15,-5,-20,2.02,2.34,1.60,2.40,,,,,,,9/H45,,paredji01
385,Franklin Gutierrez,30,SEA,AL,38,34,30,305.1,79,78,0,1,0,.987,-6,-22,-6,-24,2.30,2.24,2.05,2.23,,,,,,,98/H,,gutiefr01
386,Alexi Casilla,28,BAL,AL,53,31,28,302.2,170,70,100,0,22,1.000,2,7,3,12,5.06,4.64,3.21,4.60,,,,,,,4H/6D,,casilal01
387,Albert Pujols,33,LAA,AL,34,34,31,302.0,297,265,29,3,24,.990,-3,-10,2,8,8.76,8.90,8.65,8.87,,,,,,,D3,,pujolal01
388,Jake Elmore,26,HOU,AL,43,30,25,301.2,159,60,91,8,17,.950,-3,-10,-4,-16,4.50,4.13,3.15,3.87,0,0,0,0,,0,6H4/7D812359,,elmorja01
389,Josh Thole,26,TOR,AL,41,34,23,296.2,278,262,13,3,2,.989,-3,-10,-4,-16,8.34,8.23,6.71,8.21,9,12,22,8,26.7,2,2/HD3,,tholejo01
390,Kelly Shoppach,33,2TM,AL,36,32,31,295.0,281,265,14,2,0,.993,-1,-4,-7,-28,8.51,8.21,7.75,8.18,3,17,17,10,37.0,1,2/H,,shoppke01
391,Gerald Laird,33,ATL,NL,40,33,30,294.1,257,241,16,0,6,1.000,3,12,-7,-29,7.86,8.10,6.43,8.10,1,16,16,9,36.0,1,2H,,lairdge01
392,Caleb Gindl,24,MIL,NL,34,34,27,292.1,53,49,2,2,0,.962,-4,-17,-3,-12,1.57,2.13,1.50,2.13,,,,,,,7H/9,,gindlca01
393,Jeff Baker,32,TEX,AL,52,37,6,290.2,154,135,18,1,9,.994,-3,-12,-3,-12,4.74,4.98,2.83,4.91,,,,,,,H37D5/49,,bakerje03
394,David Ross,36,BOS,AL,36,33,26,286.0,302,288,13,1,2,.997,3,13,6,25,9.47,8.21,8.36,8.18,2,6,19,13,40.6,0,2/H,,rossda01
395,Scott Hairston,33,2TM,NL,46,35,13,284.1,47,44,2,1,0,.979,-7,-29,-4,-17,1.46,2.13,1.00,2.13,,,,,,,H97/D,,hairssc01
396,Chris Colabello,29,MIN,AL,37,32,25,283.2,240,220,17,3,19,.988,2,10,2,8,7.52,7.07,6.41,6.89,,,,,,,3D9/H,,colabch01
397,César Izturis,33,CIN,NL,50,25,21,275.1,131,46,83,2,19,.985,3,14,5,22,4.22,4.51,2.53,4.50,,,,,,,6H4/5,,izturce01
398,Kendrys Morales,30,SEA,AL,31,31,25,274.1,307,293,13,1,26,.997,0,-1,0,0,10.04,8.90,9.87,8.87,,,,,,,*D3/H,,moralke01
399,Ryan Goins,25,TOR,AL,33,30,29,272.1,152,54,97,1,27,.993,5,21,8,35,4.99,4.62,4.44,4.59,,,,,,,4/6H,,goinsry01
400,Tony Cruz,26,STL,NL,44,28,21,272.0,250,234,15,1,1,.996,2,7,-3,-13,8.24,8.00,5.30,7.75,2,6,12,6,33.3,0,2H/5D,,cruzto03
401,Mike Baxter,28,NYM,NL,46,28,20,268.2,86,84,1,1,0,.988,-1,-6,3,13,2.85,2.13,1.85,2.13,,,,,,,H97,,baxtemi01
402,Daric Barton,27,OAK,AL,36,30,26,267.2,256,232,23,1,25,.996,2,10,0,0,8.57,8.90,7.08,8.87,,,,,,,3/H,,bartoda02
403,Willie Bloomquist,35,ARI,NL,31,29,27,265.1,120,53,66,1,17,.992,-3,-15,-1,-5,4.04,4.09,3.84,4.04,,,,,,,H4/67,,bloomwi01
404,Khris Davis,25,MIL,NL,34,30,23,265.0,49,47,1,1,0,.980,0,0,-3,-14,1.63,2.13,1.41,2.13,,,,,,,7H/D,,daviskh01
405,George Kottaras,30,KCR,AL,39,29,16,262.0,230,212,14,4,0,.983,0,0,-4,-18,7.76,8.21,5.79,8.18,3,9,25,9,26.5,1,2H,,kottage01
406,Jake Marisnick,22,MIA,NL,32,30,28,261.0,80,75,5,0,2,1.000,5,23,7,32,2.76,2.13,2.50,2.13,,,,,,,8/H,,marisja01
407,Travis d'Arnaud,24,NYM,NL,30,30,29,258.1,224,214,10,0,0,1.000,-2,-9,1,5,7.80,8.10,7.47,8.10,3,12,19,5,20.8,0,2/H,,darnatr01
408,Luis Jiménez,25,LAA,AL,31,29,25,258.0,112,37,71,4,13,.964,7,33,4,19,3.77,2.73,3.38,2.95,,,,,,,5/3DH6,,jimenlu02
409,César Hernández,23,PHI,NL,32,29,29,257.1,82,57,19,6,4,.927,-1,-3,-5,-23,2.66,2.80,2.38,2.94,,,,,,,84/H,,hernace02
410,Brendan Harris,32,LAA,AL,37,27,13,256.2,112,48,61,3,14,.973,-6,-30,-6,-28,3.82,4.54,2.66,4.57,,,,,,,6H/5347D,,harribr01
411,Michael McKenry,28,PIT,NL,31,27,24,253.1,228,210,16,2,0,.991,-5,-24,-9,-43,8.03,8.10,7.29,8.10,1,13,35,6,14.6,0,2H,,mckenmi01
412,Jack Hannahan,33,CIN,NL,45,24,17,253.0,99,45,50,4,12,.960,0,0,-2,-9,3.38,3.45,1.98,4.05,,,,,,,H53/4D,,hannaja01
413,Tony Abreu,28,SFG,NL,36,25,23,251.1,116,47,66,3,15,.974,-2,-11,-5,-24,4.05,4.58,3.14,4.52,,,,,,,4H/56,,abreuto01
414,Kevin Pillar,24,TOR,AL,34,29,23,251.0,58,57,1,0,0,1.000,1,3,4,19,2.08,2.24,1.71,2.23,,,,,,,7/9DH,,pillake01
415,Ryan Ludwick,34,CIN,NL,32,32,13,250.1,39,39,0,0,0,1.000,-1,-3,-3,-14,1.40,2.13,1.22,2.13,,,,,,,7/HD,,ludwiry01
416,Andrew Brown,28,NYM,NL,39,27,12,249.2,59,53,4,2,0,.966,-3,-12,-1,-5,2.05,2.18,1.46,2.32,,,,,,,H97/D3,,brownan02
417,Leury García,22,2TM,AL,38,25,18,244.0,116,43,71,2,15,.983,2,10,3,15,4.20,3.99,2.85,3.86,,,,,,,4H/658D,,garcile02
418,Jackie Bradley Jr.,23,BOS,AL,34,26,22,242.0,59,57,1,1,0,.983,-2,-10,-2,-10,2.16,2.24,1.71,2.23,,,,,,,87/H9,,bradlja02
419,Adam Wainwright,31,STL,NL,34,34,5,241.2,61,25,36,0,6,1.000,,,4,3,2.27,1.76,1.79,1.76,,,,,,,1/H,ASCYA-2MVP-20GG,wainwad01
420,Álex González,36,MIL,NL,34,27,20,241.0,192,152,35,5,14,.974,2,8,0,0,6.98,6.90,5.19,6.91,,,,,,,35H/6,,gonzaal02
421,Zoilo Almonte,24,NYY,AL,28,27,25,239.0,56,56,0,0,0,1.000,3,16,0,0,2.11,2.24,2.00,2.23,,,,,,,7/H9D,,almonzo01
422,Moisés Sierra,24,TOR,AL,31,28,22,238.2,59,57,0,2,0,.966,2,9,0,0,2.15,2.24,1.84,2.23,,,,,,,9/D7H,,sierrmo01
423,Yasmani Grandal,24,SDP,NL,26,26,22,236.0,212,199,11,2,2,.991,-1,-5,5,25,8.01,8.13,7.78,8.15,1,6,11,1,8.3,0,2/H3,,grandya01
424,Clayton Kershaw,25,LAD,NL,33,33,3,236.0,35,7,27,1,2,.971,,,4,3,1.30,1.76,1.03,1.76,,,,,,,1/H,ASCYA-1MVP-7,kershcl01
425,Alex Rodriguez,37,NYY,AL,27,27,23,233.0,75,22,52,1,9,.987,-4,-22,-6,-31,2.86,2.51,2.74,2.50,,,,,,,5D/H,,rodrial01
426,Kevin Youkilis,34,NYY,AL,26,26,22,231.1,86,57,26,3,2,.965,-4,-22,-4,-21,3.23,3.78,2.96,3.86,,,,,,,5/3D,,youklke01
427,Jordany Valdespin,25,NYM,NL,38,25,12,229.0,75,48,25,2,4,.973,-4,-19,-3,-16,2.87,2.97,1.92,3.01,,,,,,,H84/976,,valdejo02
428,James Shields,31,KCR,AL,34,34,2,228.2,35,11,21,3,2,.914,,,1,1,1.26,1.54,0.94,1.53,,,,,,,1,CYA-11,shielja02
429,Jesús Montero,23,SEA,AL,26,25,24,225.1,219,207,11,1,0,.995,-5,-27,-7,-37,8.71,8.21,8.38,8.18,3,10,23,1,4.2,1,2/HD,,monteje01
430,R.A. Dickey,38,TOR,AL,34,34,3,224.2,53,11,40,2,1,.962,,,7,6,2.04,1.54,1.50,1.53,,,,,,,1,GG,dicker.01
431,Cliff Lee,34,PHI,NL,31,31,2,222.2,36,7,28,1,1,.972,,,3,3,1.41,1.76,1.13,1.76,,,,,,,1/H,ASCYA-6,leecl02
432,Héctor Sánchez,23,SFG,NL,33,24,20,220.1,226,210,15,1,0,.996,-4,-22,0,0,9.19,8.10,6.82,8.10,5,16,21,6,22.2,0,2H/D,,sanchhe01
433,Cole Hamels,29,PHI,NL,33,33,1,220.0,39,9,29,1,0,.974,,,-2,-2,1.55,1.76,1.15,1.76,,,,,,,1,,hamelco01
434,Hisashi Iwakuma,32,SEA,AL,33,33,0,219.2,40,13,26,1,2,.975,,,5,5,1.60,1.54,1.18,1.53,,,,,,,1,ASCYA-3MVP-19,iwakuhi01
435,Wilmer Flores,21,NYM,NL,26,26,17,219.0,75,16,57,2,5,.973,2,10,-3,-16,3.00,2.70,2.61,2.74,,,,,,,5/4H,,florewi01
436,Justin Verlander,30,DET,AL,34,34,0,218.1,38,19,17,2,5,.947,,,-1,-1,1.48,1.54,1.06,1.53,,,,,,,1,AS,verlaju01
437,Juan Pérez,26,SFG,NL,32,24,14,218.0,76,67,8,1,1,.987,8,44,10,55,3.10,2.13,2.34,2.13,,,,,,,87/H9,,perezju02
438,Chris Sale,24,CHW,AL,30,30,4,214.1,25,5,19,1,1,.960,,,-4,-4,1.01,1.54,0.80,1.53,,,,,,,1,ASCYA-5,salech01
439,Max Scherzer,28,DET,AL,32,32,0,214.1,41,17,21,3,0,.927,,,0,0,1.60,1.54,1.19,1.53,,,,,,,1,ASCYA-1MVP-12,scherma01
440,Ramiro Peña,27,ATL,NL,44,18,13,214.0,90,24,66,0,11,1.000,-1,-6,1,6,3.79,3.65,1.84,3.28,,,,,,,5H4/6,,penara02
441,Jeff Samardzija,28,CHC,NL,33,33,2,213.2,42,23,16,3,2,.929,,,-6,-6,1.64,1.76,1.18,1.76,,,,,,,1,,samarje01
442,Jon Lester,29,BOS,AL,33,33,1,213.1,32,12,18,2,1,.938,,,-3,-3,1.27,1.54,0.91,1.53,,,,,,,1,,lestejo01
443,Jordan Zimmermann,27,WSN,NL,32,32,4,213.1,42,12,28,2,1,.952,,,2,2,1.69,1.76,1.25,1.76,,,,,,,1,ASCYA-7,zimmejo02
444,Derek Holland,26,TEX,AL,33,33,2,213.0,22,3,17,2,0,.909,,,-1,-1,0.85,1.54,0.61,1.53,,,,,,,1,,hollade01
445,C.J. Wilson,32,LAA,AL,33,33,0,212.1,34,9,24,1,1,.971,,,1,1,1.40,1.54,1.00,1.53,,,,,,,1,,wilsocj01
446,Jeremy Guthrie,34,KCR,AL,33,33,3,211.2,39,17,22,0,2,1.000,,,0,0,1.66,1.54,1.18,1.53,,,,,,,1,,guthrje01
447,Sean Halton,26,MIL,NL,31,24,16,211.1,183,174,9,0,18,1.000,1,5,-2,-11,7.79,7.90,5.72,7.83,,,,,,,3H/795,,haltose01
448,CC Sabathia,32,NYY,AL,32,32,2,211.0,33,1,30,2,2,.939,,,1,1,1.32,1.54,0.97,1.53,,,,,,,1,,sabatc.01
449,Ervin Santana,30,KCR,AL,32,32,0,211.0,42,22,19,1,2,.976,,,-1,-1,1.75,1.54,1.28,1.53,,,,,,,1,,santaer01
450,Mat Latos,25,CIN,NL,32,32,1,210.2,47,26,20,1,2,.979,,,-3,-3,1.97,1.76,1.44,1.76,,,,,,,1,,latosma01
451,Dee Strange-Gordon,25,LAD,NL,30,23,22,210.1,113,29,77,7,12,.938,-1,-5,-3,-17,4.54,4.41,3.53,4.43,,,,,,,6H/4,,gordode01
452,Reed Johnson,36,ATL,NL,36,19,14,210.0,53,53,0,0,0,1.000,1,7,0,0,2.27,2.13,1.47,2.13,,,,,,,H987,,johnsre02
453,Yu Darvish,26,TEX,AL,32,32,0,209.2,23,9,14,0,1,1.000,,,0,0,0.99,1.54,0.72,1.53,,,,,,,1,ASCYA-2MVP-22,darviyu01
454,Homer Bailey,27,CIN,NL,32,32,2,209.0,47,20,26,1,2,.979,,,2,2,1.98,1.76,1.44,1.76,,,,,,,1,,baileho02
455,Doug Fister,29,DET,AL,33,32,1,208.2,53,23,30,0,5,1.000,,,1,1,2.29,1.54,1.61,1.53,,,,,,,1,,fistedo01
456,Patrick Corbin,23,ARI,NL,32,32,3,208.1,52,10,40,2,2,.962,,,8,8,2.16,1.76,1.56,1.76,,,,,,,1/H,AS,corbipa01
457,Chris Tillman,25,BAL,AL,33,33,1,206.1,26,8,18,0,1,1.000,,,3,3,1.13,1.54,0.79,1.53,,,,,,,1,AS,tillmch01
458,Mike Minor,25,ATL,NL,32,32,1,204.2,25,5,20,0,1,1.000,,,3,3,1.10,1.76,0.78,1.76,,,,,,,1,,minormi01
459,Félix Hernández,27,SEA,AL,31,31,0,204.1,24,7,15,2,2,.917,,,-3,-3,0.97,1.54,0.71,1.53,,,,,,,1,ASCYA-8MVP-22,hernafe02
460,Mark Buehrle,34,TOR,AL,33,33,1,203.2,49,12,35,2,1,.959,,,4,4,2.08,1.54,1.42,1.53,,,,,,,1,,buehrma01
461,Eric Stults,33,SDP,NL,33,33,2,203.2,39,5,32,2,5,.949,,,4,4,1.64,1.76,1.12,1.76,,,,,,,1/H,,stulter01
462,Wade Miley,26,ARI,NL,33,33,0,202.2,38,14,24,0,0,1.000,,,-1,-1,1.69,1.76,1.15,1.76,,,,,,,1/H,,mileywa01
463,Robert Andino,29,SEA,AL,28,22,18,202.1,91,28,61,2,17,.978,-3,-15,-2,-12,3.96,4.10,2.97,4.04,,,,,,,6/45H,,andinro01
464,Bronson Arroyo,36,CIN,NL,32,32,2,202.0,45,15,29,1,1,.978,,,1,1,1.96,1.76,1.38,1.76,,,,,,,1,,arroybr01
465,Lance Lynn,26,STL,NL,33,33,0,201.2,41,14,26,1,5,.976,,,-2,-2,1.79,1.76,1.21,1.76,,,,,,,1,,lynnla01
466,Madison Bumgarner,23,SFG,NL,31,31,0,201.1,43,7,33,3,1,.930,,,4,4,1.79,1.76,1.29,1.76,,,,,,,1,ASCYA-9,bumgama01
467,Hiroki Kuroda,38,NYY,AL,32,32,1,201.1,37,12,25,0,3,1.000,,,4,4,1.65,1.54,1.16,1.53,,,,,,,1,,kurodhi01
468,A.J. Griffin,25,OAK,AL,32,32,1,200.0,23,8,15,0,0,1.000,,,0,0,1.04,1.54,0.72,1.53,,,,,,,1,,griffaj01
469,Jose Quintana,24,CHW,AL,33,33,0,200.0,29,4,23,2,1,.931,,,1,1,1.22,1.54,0.82,1.53,,,,,,,1,,quintjo01
470,Travis Wood,26,CHC,NL,32,32,0,200.0,35,20,14,1,0,.971,,,1,1,1.53,1.76,1.06,1.76,,,,,,,1/H,AS,woodtr01
471,Casper Wells,28,3TM,2LG,32,18,16,199.2,49,46,2,1,2,.980,2,11,5,30,2.16,2.20,1.45,2.18,,,,,,,H79/D81,,wellsca01
472,Ricky Nolasco,30,2TM,NL,34,33,0,199.1,43,14,27,2,0,.953,,,0,0,1.85,1.76,1.21,1.76,,,,,,,1,,nolasri01
473,Dillon Gee,27,NYM,NL,32,32,2,199.0,50,12,37,1,1,.980,,,3,3,2.22,1.76,1.53,1.76,,,,,,,1,,geedi01
474,Reid Brignac,27,2TM,2LG,32,21,16,199.0,83,32,48,3,9,.964,-4,-21,-3,-18,3.62,3.89,2.50,3.76,,,,,,,6H/547,,brignre01
475,Brandon Inge,36,PIT,NL,33,22,12,198.2,88,34,54,0,10,1.000,1,4,3,18,3.99,3.57,2.59,4.18,,,,,,,H45/936,,ingebr01
476,Kyle Lohse,34,MIL,NL,32,32,2,198.2,23,7,16,0,0,1.000,,,1,1,1.04,1.76,0.72,1.76,,,,,,,1/H,,lohseky01
477,Kirk Nieuwenhuis,25,NYM,NL,33,22,11,198.2,48,46,2,0,0,1.000,-1,-5,1,6,2.17,2.13,1.45,2.13,,,,,,,8H/79,,nieuwki01
478,Laynce Nix,32,PHI,NL,35,22,14,198.2,72,71,0,1,2,.986,-1,-4,5,30,3.22,2.85,2.03,3.79,,,,,,,H9/378,,nixla01
479,Tim Lincecum,29,SFG,NL,32,32,1,197.2,32,11,17,4,0,.875,,,-8,-8,1.27,1.76,0.88,1.76,,,,,,,1,,linceti01
480,Jhoulys Chacín,25,COL,NL,31,31,0,197.1,38,15,22,1,2,.974,,,3,3,1.69,1.76,1.19,1.76,,,,,,,1/H,,chacijh01
481,Kris Medlen,27,ATL,NL,32,31,0,197.0,41,9,30,2,2,.951,,,1,1,1.78,1.76,1.22,1.76,,,,,,,1,,medlekr01
482,Jarrod Parker,24,OAK,AL,32,32,1,197.0,39,14,21,4,0,.897,,,0,0,1.60,1.54,1.09,1.53,,,,,,,1,,parkeja02
483,Gio González,27,WSN,NL,32,32,1,195.2,23,6,16,1,1,.957,,,-2,-2,1.01,1.76,0.69,1.76,,,,,,,1,,gonzagi01
484,Justin Masterson,28,CLE,AL,32,29,3,193.0,49,21,27,1,3,.980,,,1,1,2.24,1.54,1.50,1.53,,,,,,,1,AS,masteju01
485,Guillermo Quiroz,31,SFG,NL,35,19,17,193.0,157,144,13,0,0,1.000,1,6,-3,-19,7.32,8.10,4.49,8.10,0,11,11,8,42.1,0,2H,,quirogu01
486,John McDonald,38,4TM,2LG,45,16,7,193.0,94,33,57,4,16,.957,0,-2,0,0,4.20,3.95,1.88,3.74,,,,,,,65H4/17,,mcdonjo03
487,Mike Leake,25,CIN,NL,31,31,0,192.1,55,26,28,1,2,.982,,,5,5,2.53,1.76,1.74,1.76,,,,,,,1,,leakemi01
488,Hyun Jin Ryu,26,LAD,NL,30,30,2,192.0,37,8,29,0,3,1.000,,,2,2,1.73,1.76,1.23,1.76,,,,,,,1,ROY-4,ryuhy01
489,A.J. Burnett,36,PIT,NL,30,30,1,191.0,33,12,19,2,0,.939,,,-5,-5,1.46,1.76,1.03,1.76,,,,,,,1,,burnea.01
490,Bartolo Colon,40,OAK,AL,30,30,3,190.1,29,6,22,1,1,.966,,,-3,-3,1.32,1.54,0.93,1.53,,,,,,,1,ASCYA-6,colonba01
491,Roger Kieschnick,26,SFG,NL,25,21,15,189.2,39,38,1,0,0,1.000,4,27,1,6,1.85,2.13,1.56,2.13,,,,,,,7H,,kiescro01
492,John Lackey,34,BOS,AL,29,29,2,189.1,49,18,29,2,0,.959,,,-6,-6,2.23,1.54,1.62,1.53,,,,,,,1,,lackejo01
493,David Price,27,TBR,AL,27,27,4,186.2,32,7,25,0,0,1.000,,,3,3,1.54,1.54,1.19,1.53,,,,,,,1,,priceda01
494,Julio Teheran,22,ATL,NL,30,30,0,185.2,37,12,25,0,0,1.000,,,6,6,1.79,1.76,1.23,1.76,,,,,,,1,ROY-5,teherju01
495,Kevin Correia,32,MIN,AL,31,31,0,185.1,36,18,16,2,1,.944,,,-4,-4,1.65,1.54,1.10,1.53,,,,,,,1/H,,correke01
496,Andy Pettitte,41,NYY,AL,30,30,1,185.1,40,7,30,3,4,.925,,,4,4,1.80,1.54,1.23,1.53,,,,,,,1,,pettian01
497,Charlie Culberson,24,COL,NL,30,21,13,185.0,49,42,5,2,2,.959,-1,-7,-3,-19,2.29,2.24,1.52,2.46,,,,,,,7H/4,,culbech01
498,Matt Cain,28,SFG,NL,30,30,0,184.1,38,12,25,1,2,.974,,,2,2,1.81,1.76,1.23,1.76,,,,,,,1,,cainma01
499,Wily Peralta,24,MIL,NL,32,32,2,183.1,30,10,19,1,2,.967,,,-3,-3,1.42,1.76,0.91,1.76,,,,,,,1,,peralwi01
500,Joe Saunders,32,SEA,AL,32,32,2,183.0,44,8,35,1,3,.977,,,0,0,2.11,1.54,1.34,1.53,,,,,,,1/H,,saundjo01
501,Stephen Strasburg,24,WSN,NL,30,30,1,183.0,28,9,19,0,0,1.000,,,-3,-3,1.38,1.76,0.93,1.76,,,,,,,1,,strasst01
502,Ubaldo Jiménez,29,CLE,AL,32,32,0,182.2,21,5,14,2,1,.905,,,-5,-5,0.94,1.54,0.59,1.53,,,,,,,1,,jimenub01
503,Marc Krauss,25,HOU,AL,26,22,13,182.1,45,40,3,2,3,.956,0,-1,0,0,2.12,2.39,1.54,2.70,,,,,,,7HD/93,,krausma01
504,Kyle Kendrick,28,PHI,NL,30,30,2,182.0,58,13,43,2,5,.966,,,5,5,2.77,1.76,1.87,1.76,,,,,,,1/H,,kendrky01
505,Aníbal Sánchez,29,DET,AL,29,29,1,182.0,37,17,19,1,0,.973,,,-5,-5,1.78,1.54,1.24,1.53,,,,,,,1,CYA-4,sanchan01
506,Nick Noonan,24,SFG,NL,37,17,13,181.2,76,29,46,1,13,.987,2,15,1,7,3.72,3.97,1.97,3.87,,,,,,,H45/6,,noonani01
507,Scott Feldman,30,2TM,2LG,30,30,2,181.2,43,11,29,3,2,.930,,,-2,-2,1.98,1.65,1.33,1.65,,,,,,,1/H,,feldmsc01
508,Ian Kennedy,28,2TM,NL,31,31,0,181.1,27,7,20,0,1,1.000,,,-1,-1,1.34,1.76,0.87,1.76,,,,,,,1/H,,kenneia01
509,Yovani Gallardo,27,MIL,NL,31,31,0,180.2,37,14,22,1,1,.973,,,0,0,1.79,1.76,1.16,1.76,,,,,,,1/H,,gallayo01
510,René Rivera,29,SDP,NL,21,21,15,180.0,198,185,13,0,1,1.000,4,27,8,53,9.90,8.10,9.43,8.10,2,4,7,9,56.3,0,2/H,,riverre01
511,Héctor Giménez,30,CHW,AL,23,19,17,179.0,160,146,12,2,3,.988,-1,-7,2,13,7.94,8.21,6.87,8.18,5,7,15,6,28.6,1,2/H,,gimenhe01
512,Mark Kotsay,37,SDP,NL,28,23,7,178.2,46,43,3,0,2,1.000,-5,-30,-7,-47,2.32,3.19,1.53,3.35,,,,,,,H7/93D,,kotsama01
513,Matt Harvey,24,NYM,NL,26,26,1,178.1,28,9,19,0,1,1.000,,,0,0,1.41,1.76,1.08,1.76,,,,,,,1/H,ASCYA-4,harvema01
514,Justin Sellers,27,LAD,NL,23,20,16,178.1,73,22,48,3,11,.959,0,1,4,27,3.53,4.39,3.04,4.32,,,,,,,6/H5,,selleju01
515,Zack Greinke,29,LAD,NL,28,28,1,177.2,47,16,31,0,4,1.000,,,6,7,2.38,1.76,1.68,1.76,,,,,,,1/H,CYA-8SS,greinza01
516,Rick Porcello,24,DET,AL,32,29,1,177.0,37,15,21,1,2,.973,,,-4,-5,1.83,1.54,1.13,1.53,,,,,,,1,,porceri01
517,Bud Norris,28,2TM,AL,32,30,0,176.2,31,9,21,1,2,.968,,,3,3,1.53,1.54,0.94,1.53,,,,,,,1,,norribu01
518,Edwin Jackson,29,CHC,NL,31,31,0,175.1,44,16,24,4,1,.909,,,-3,-3,2.05,1.76,1.29,1.76,,,,,,,1,,jacksed01
519,Andrew Cashner,26,SDP,NL,31,26,1,175.0,48,10,37,1,4,.979,,,5,6,2.42,1.76,1.52,1.76,,,,,,,1/H,,cashnan01
520,Jeremy Hellickson,26,TBR,AL,32,31,0,174.0,23,9,14,0,1,1.000,,,0,0,1.19,1.54,0.72,1.53,,,,,,,1,,hellije01
521,Shelby Miller,22,STL,NL,31,31,1,173.1,24,10,13,1,0,.958,,,-3,-3,1.19,1.76,0.74,1.76,,,,,,,1,ROY-3,millesh01
522,José Fernández,20,MIA,NL,28,28,0,172.2,38,22,15,1,0,.974,,,3,3,1.93,1.76,1.32,1.76,,,,,,,1,ASCYA-3ROY-1,fernajo02
523,Wilkin Ramírez,27,MIN,AL,25,20,13,171.2,50,49,1,0,0,1.000,4,25,0,0,2.62,2.24,2.00,2.23,,,,,,,H/897,,ramirwi01
524,Ryan Dempster,36,BOS,AL,32,29,0,171.1,34,12,19,3,2,.912,,,-2,-2,1.63,1.54,0.97,1.53,,,,,,,1,,dempsry01
525,Miguel González,29,BAL,AL,30,28,0,171.1,31,6,24,1,1,.968,,,1,1,1.58,1.54,1.00,1.53,,,,,,,1,,gonzami03
526,Edinson Vólquez,29,2TM,NL,33,32,0,170.1,32,11,21,0,0,1.000,,,-7,-8,1.69,1.76,0.97,1.76,,,,,,,1,,volqued01
527,Dan Haren,32,WSN,NL,31,30,0,169.2,23,9,14,0,0,1.000,,,-2,-2,1.22,1.76,0.74,1.76,,,,,,,1,,harenda01
528,Jerome Williams,31,LAA,AL,37,25,0,169.1,32,15,16,1,0,.969,,,1,1,1.65,1.54,0.84,1.53,,,,,,,1,,willije01
529,Hernán Pérez,22,DET,AL,27,16,14,168.1,81,30,49,2,9,.975,-2,-12,2,14,4.22,4.61,2.72,4.44,,,,,,,4/HD56,,perezhe01
530,Abraham Almonte,24,SEA,AL,23,18,16,167.2,38,33,1,4,0,.895,-1,-9,-2,-14,1.83,2.24,1.48,2.23,,,,,,,8/9H7D,,almonab01
531,Jorge De La Rosa,32,COL,NL,30,30,0,167.2,38,7,30,1,2,.974,,,3,4,1.99,1.76,1.23,1.76,,,,,,,1,,rosajo01
532,Jeff Locke,25,PIT,NL,30,30,0,166.1,46,15,30,1,0,.978,,,2,2,2.43,1.76,1.50,1.76,,,,,,,1,AS,lockeje01
533,Tyler Colvin,27,COL,NL,24,18,17,166.0,47,47,0,0,0,1.000,-3,-22,-3,-22,2.55,2.26,1.96,2.43,,,,,,,8/H793,,colvity01
534,Darin Mastroianni,27,MIN,AL,29,17,13,166.0,41,40,1,0,0,1.000,-1,-4,-3,-22,2.22,2.26,1.41,2.31,,,,,,,7/9H84,,mastrda01
535,Ryan Lavarnway,25,BOS,AL,22,18,15,164.0,140,131,8,1,4,.993,-3,-22,-2,-15,7.63,8.21,6.32,8.18,6,8,25,6,19.4,0,2/HD,,lavarry01
536,Tommy Medica,25,SDP,NL,19,19,17,164.0,166,153,13,0,6,1.000,-1,-10,0,0,9.11,9.42,8.74,9.41,,,,,,,3,,medicto01
537,Félix Doubront,25,BOS,AL,29,27,0,162.1,24,5,18,1,1,.958,,,-1,-1,1.28,1.54,0.79,1.53,,,,,,,1,,doubrfe01
538,Marcus Semien,22,CHW,AL,21,17,14,162.0,66,13,50,3,2,.955,1,9,4,30,3.50,2.96,2.74,2.99,,,,,,,5/46,,semiema01
539,Taylor Teagarden,29,BAL,AL,23,18,14,162.0,118,108,9,1,0,.992,0,0,-1,-7,6.50,8.21,5.09,8.18,1,5,13,5,27.8,0,2/H,,teagata01
540,Francisco Liriano,29,PIT,NL,26,26,2,161.0,38,7,30,1,5,.974,,,2,2,2.07,1.76,1.42,1.76,,,,,,,1,CYA-9,liriafr01
541,Brock Holt,25,BOS,AL,23,17,12,159.2,45,16,27,2,4,.956,-3,-19,-2,-15,2.42,2.62,1.72,2.92,,,,,,,5/4HD,,holtbr01
542,Josmil Pinto,24,MIN,AL,20,18,17,159.1,118,112,4,2,1,.983,0,0,-4,-30,6.55,8.21,5.80,8.18,0,9,6,5,45.5,0,2/HD,,pintojo01
543,Alberto González,30,2TM,2LG,24,17,13,158.1,71,30,40,1,8,.986,0,2,0,0,3.98,3.76,2.80,3.66,,,,,,,4/56179H,,gonzaal03
544,Scott Kazmir,29,CLE,AL,29,29,0,158.0,25,10,12,3,0,.880,,,2,3,1.25,1.54,0.76,1.53,,,,,,,1,,kazmisc01
545,Juan Nicasio,26,COL,NL,31,31,0,157.2,24,9,15,0,1,1.000,,,-1,-1,1.37,1.76,0.77,1.76,,,,,,,1,,nicasju01
546,Tommy Milone,26,OAK,AL,28,26,1,156.1,18,6,11,1,0,.944,,,-2,-3,0.98,1.54,0.61,1.53,,,,,,,1,,milonto01
547,Matt Davidson,22,ARI,NL,20,18,9,155.1,39,10,28,1,3,.974,2,16,-1,-8,2.20,2.59,1.90,2.59,,,,,,,5H,,davidma02
548,Matt Garza,29,2TM,2LG,24,24,1,155.1,26,13,11,2,0,.923,,,-3,-4,1.39,1.64,1.00,1.64,,,,,,,1,,garzama01
549,Jered Weaver,30,LAA,AL,24,24,0,154.1,12,6,5,1,1,.917,,,-4,-5,0.64,1.54,0.46,1.53,,,,,,,1,,weaveje02
550,Lucas Harrell,28,HOU,AL,36,22,0,153.2,29,6,22,1,5,.966,,,-2,-3,1.64,1.54,0.78,1.53,,,,,,,1/H,,harrelu01
551,Dallas Keuchel,25,HOU,AL,31,22,0,153.2,31,7,24,0,3,1.000,,,3,4,1.82,1.54,1.00,1.53,,,,,,,1/HD,,keuchda01
552,Paul Maholm,31,ATL,NL,26,26,0,153.0,26,7,18,1,2,.962,,,1,1,1.47,1.76,0.96,1.76,,,,,,,1,,maholpa01
553,Mike Pelfrey,29,MIN,AL,29,29,0,152.2,27,11,14,2,3,.926,,,1,1,1.47,1.54,0.86,1.53,,,,,,,1,,pelfrmi01
554,Dan Straily,24,OAK,AL,27,27,0,152.1,16,8,8,0,0,1.000,,,-1,-1,0.95,1.54,0.59,1.53,,,,,,,1,ROY-4,straida01
555,Nick Green,34,MIA,NL,17,16,15,152.0,97,68,29,0,11,1.000,-2,-13,-1,-8,5.74,5.75,5.39,5.91,,,,,,,/6345H,,greenni01
556,Érik Bédard,34,HOU,AL,32,26,0,151.0,15,3,9,3,0,.800,,,-2,-3,0.72,1.54,0.38,1.53,,,,,,,1,,bedarer01
557,Julio Borbón,27,CHC,NL,29,13,12,151.0,40,37,1,2,0,.950,-1,-10,-2,-16,2.26,2.13,1.31,2.13,,,,,,,H8/79D,,borboju01
558,Roberto Hernández,32,TBR,AL,32,24,1,151.0,23,8,15,0,2,1.000,,,-1,-1,1.37,1.54,0.72,1.53,,,,,,,1,,carmofa01
559,Matt Moore,24,TBR,AL,27,27,1,150.1,26,9,17,0,1,1.000,,,2,3,1.56,1.54,0.96,1.53,,,,,,,1,ASCYA-9,moorema02
560,Doug Bernier,33,MIN,AL,30,14,12,150.0,68,18,50,0,9,1.000,1,7,3,24,4.08,4.04,2.19,3.83,,,,,,,6H/54D,,bernido01
561,Jason Vargas,30,LAA,AL,24,24,3,150.0,27,7,19,1,2,.963,,,-1,-1,1.56,1.54,1.08,1.53,,,,,,,1,,vargaja01
562,Josh Harrison,25,PIT,NL,37,15,6,149.2,66,27,38,1,6,.985,-2,-14,0,0,3.91,3.22,1.71,3.19,,,,,,,H94/5617D,,harrijo05
563,Héctor Santiago,25,CHW,AL,34,23,0,149.0,26,8,17,1,0,.962,,,6,8,1.51,1.54,0.74,1.53,,,,,,,1,,santihe01
564,Dewayne Wise,35,CHW,AL,26,15,13,149.0,52,51,0,1,0,.981,-3,-23,-1,-8,3.08,2.24,1.96,2.23,,,,,,,8H/79D,,wisede01
565,Chris Valaika,27,MIA,NL,19,16,15,147.2,53,21,29,3,8,.943,-7,-54,-4,-33,3.05,4.45,2.50,4.80,,,,,,,/465H3,,valaich01
566,Paul Janish,30,ATL,NL,49,10,6,147.1,52,16,36,0,5,1.000,0,2,0,0,3.18,3.66,1.02,3.18,,,,,,,5H/46,,janispa01
567,Corey Kluber,27,CLE,AL,26,24,0,147.1,31,12,18,1,1,.968,,,1,1,1.83,1.54,1.15,1.53,,,,,,,1,,klubeco01
568,Trevor Cahill,25,ARI,NL,26,25,0,146.2,40,4,36,0,3,1.000,,,4,5,2.45,1.76,1.54,1.76,,,,,,,1,,cahiltr01
569,Koyie Hill,34,MIA,NL,18,16,16,145.2,114,107,6,1,0,.991,-1,-8,-3,-25,6.98,8.10,6.28,8.10,1,6,11,2,15.4,0,2,,hillko01
570,Phil Hughes,27,NYY,AL,30,29,0,145.2,13,3,10,0,0,1.000,,,-1,-1,0.80,1.54,0.43,1.53,,,,,,,1,,hugheph01
571,Garrett Richards,25,LAA,AL,47,17,1,145.0,39,16,21,2,1,.949,,,0,0,2.30,1.54,0.79,1.53,,,,,,,1,,richaga01
572,Jake Peavy,32,2TM,AL,23,23,2,144.2,20,10,10,0,0,1.000,,,-1,-1,1.24,1.54,0.87,1.53,,,,,,,1,,peavyja01
573,Miguel Olivo,34,MIA,NL,22,15,13,144.1,133,118,12,3,1,.977,0,0,-2,-17,8.11,8.12,5.91,8.16,1,3,13,6,31.6,0,2H/3D,,olivomi01
574,Josh Wilson,32,ARI,NL,21,15,12,144.0,71,22,47,2,11,.972,3,21,5,42,4.31,4.58,3.00,4.32,,,,,,,4H/56,,wilsojo03
575,Alex Cobb,25,TBR,AL,22,22,1,143.1,28,7,20,1,1,.964,,,1,1,1.70,1.54,1.23,1.53,,,,,,,1,,cobbal01
576,Steve Pearce,30,BAL,AL,21,19,6,143.1,46,46,0,0,2,1.000,-4,-33,1,8,2.89,3.45,2.19,3.18,,,,,,,D7/H39,,pearcst01
577,Aaron Harang,35,2TM,2LG,26,26,2,143.1,25,10,14,1,1,.960,,,0,0,1.51,1.58,0.92,1.57,,,,,,,1,,haranaa01
578,Tom Koehler,27,MIA,NL,29,23,0,143.0,32,16,15,1,3,.969,,,0,0,1.95,1.76,1.07,1.76,,,,,,,1,,koehlto01
579,Jon Niese,26,NYM,NL,24,24,1,143.0,33,5,26,2,1,.939,,,-1,-1,1.95,1.76,1.29,1.76,,,,,,,1,,niesejo01
580,Jordan Lyles,22,HOU,AL,27,25,0,141.2,31,12,18,1,1,.968,,,2,3,1.91,1.54,1.11,1.53,,,,,,,1,,lylesjo01
581,Brent Lillibridge,29,2TM,2LG,18,17,9,139.2,59,29,28,2,4,.966,-2,-18,-1,-9,3.67,3.50,3.00,3.42,,,,,,,5/4H39D,,lillibr01
582,Jason Hammel,30,BAL,AL,26,23,0,139.1,11,4,7,0,0,1.000,,,-3,-4,0.71,1.54,0.42,1.53,,,,,,,1,,hammeja01
583,Iván Nova,26,NYY,AL,23,20,3,139.1,26,8,18,0,1,1.000,,,3,4,1.68,1.54,1.13,1.53,,,,,,,1,,novaiv01
584,Francisco Cervelli,27,NYY,AL,16,15,14,139.0,131,121,6,4,1,.969,1,9,2,17,8.22,8.18,7.06,7.98,0,3,2,2,50.0,0,2/4,,cervefr01
585,Chad Tracy,33,WSN,NL,24,15,12,138.2,79,60,17,2,8,.975,3,24,0,0,5.00,5.58,3.21,5.43,,,,,,,H53/D,,tracych01
586,John Danks,28,CHW,AL,22,22,0,138.1,21,8,13,0,1,1.000,,,0,0,1.37,1.54,0.95,1.53,,,,,,,1,,danksjo01
587,Esmil Rogers,27,TOR,AL,44,20,0,137.2,27,11,16,0,2,1.000,,,1,1,1.77,1.54,0.61,1.53,,,,,,,1/HD,,rogeres01
588,Matt den Dekker,25,NYM,NL,24,14,12,137.1,34,34,0,0,0,1.000,-1,-12,1,9,2.23,2.13,1.42,2.13,,,,,,,8/9H7,,dendema01
589,Wei-Yin Chen,27,BAL,AL,23,23,0,137.0,20,4,16,0,3,1.000,,,4,6,1.31,1.54,0.87,1.53,,,,,,,1,,chenwe02
590,Wade Davis,27,KCR,AL,31,24,0,135.1,26,12,13,1,2,.962,,,-2,-3,1.66,1.54,0.81,1.53,,,,,,,1,,daviswa01
591,Brandon McCarthy,29,ARI,NL,22,22,2,135.0,24,8,16,0,0,1.000,,,-2,-3,1.60,1.76,1.09,1.76,,,,,,,1,,mccarbr01
592,Zach McAllister,25,CLE,AL,24,24,0,134.1,16,8,6,2,0,.875,,,-3,-4,0.94,1.54,0.58,1.53,,,,,,,1,,mcallza01
593,Dave Sappelt,26,CHC,NL,21,15,9,134.0,31,30,0,1,0,.968,1,9,1,9,2.01,2.13,1.43,2.13,,,,,,,H8/97,,sappeda01
594,Brett Pill,28,SFG,NL,21,16,9,133.2,87,81,6,0,6,1.000,0,3,0,0,5.86,7.29,4.14,6.63,,,,,,,H3/7,,pillbr01
595,Barry Zito,35,SFG,NL,30,25,0,133.1,23,3,20,0,0,1.000,,,1,2,1.55,1.76,0.77,1.76,,,,,,,1,,zitoba01
596,Joe Blanton,32,LAA,AL,28,20,0,132.2,24,12,10,2,2,.917,,,-3,-5,1.49,1.54,0.79,1.53,,,,,,,1,,blantjo01
597,Cole Gillespie,29,2TM,NL,20,14,11,132.1,28,26,2,0,1,1.000,2,15,3,27,1.90,2.13,1.40,2.13,,,,,,,9H/78,,gilleco01
598,Tim Hudson,37,ATL,NL,21,21,0,131.1,22,5,16,1,0,.955,,,-4,-6,1.44,1.76,1.00,1.76,,,,,,,1,,hudsoti01
599,Scott Diamond,26,MIN,AL,24,24,0,131.0,25,7,16,2,0,.920,,,0,0,1.58,1.54,0.96,1.53,,,,,,,1,,diamosc01
600,Chris Dickerson,31,BAL,AL,28,11,11,131.0,42,41,1,0,0,1.000,3,27,3,27,2.89,2.24,1.50,2.23,,,,,,,DH7/98,,dickech01
601,Jeremy Hefner,27,NYM,NL,24,23,0,130.2,24,5,19,0,1,1.000,,,2,3,1.65,1.76,1.00,1.76,,,,,,,1,,hefneje01
602,Chris Archer,24,TBR,AL,23,23,2,128.2,21,6,13,2,1,.905,,,-1,-2,1.33,1.54,0.83,1.53,,,,,,,1,ROY-3,archech01
603,Carlos Villanueva,29,CHC,NL,47,15,0,128.2,18,9,9,0,2,1.000,,,0,0,1.26,1.76,0.38,1.76,,,,,,,1,,villaca01
604,Dylan Axelrod,27,CHW,AL,30,20,0,128.1,26,13,12,1,1,.962,,,-2,-3,1.75,1.54,0.83,1.53,,,,,,,1,,axelrdy01
605,Joey Terdoslavich,24,ATL,NL,21,14,5,128.1,55,53,2,0,3,1.000,-2,-16,0,0,3.86,3.67,2.50,4.12,,,,,,,H7/39,,terdojo01
606,Marco Estrada,29,MIL,NL,21,21,0,128.0,15,5,9,1,1,.933,,,-2,-3,0.98,1.76,0.67,1.76,,,,,,,1,,estrama01
607,Tyler Greene,29,CHW,AL,19,14,14,128.0,59,24,33,2,11,.966,1,8,-3,-28,4.01,4.64,3.00,4.62,,,,,,,4/H,,greenty02
608,Tyson Ross,26,SDP,NL,35,16,0,125.0,31,12,17,2,2,.935,,,1,2,2.09,1.76,0.83,1.76,,,,,,,1/H,,rossty01
609,Martín Pérez,22,TEX,AL,20,20,1,124.1,27,4,22,1,1,.963,,,1,2,1.88,1.54,1.30,1.53,,,,,,,1,ROY-6,perezma02
610,Joe Kelly,25,STL,NL,37,15,0,124.0,32,13,16,3,2,.906,,,-1,-2,2.10,1.76,0.78,1.76,,,,,,,1/H,,kellyjo05
611,Chris Owings,21,ARI,NL,16,13,12,123.0,62,20,41,1,4,.984,0,-1,-1,-10,4.46,4.48,3.81,4.46,,,,,,,6/H4,,owingch01
612,Mark Teixeira,33,NYY,AL,14,14,13,121.1,108,100,8,0,9,1.000,0,3,0,0,8.01,8.90,7.71,8.87,,,,,,,3/D,,teixema01
613,Bruce Chen,36,KCR,AL,34,15,0,121.0,20,5,15,0,0,1.000,,,5,8,1.49,1.54,0.59,1.53,,,,,,,1,,chenbr01
614,Cameron Maybin,26,SDP,NL,14,14,12,120.1,33,33,0,0,0,1.000,1,12,-5,-50,2.47,2.13,2.36,2.13,,,,,,,8,,maybica01
615,Brandon Snyder,26,BOS,AL,24,11,6,119.1,49,23,25,1,7,.980,1,7,-1,-10,3.62,3.42,2.00,4.08,,,,,,,5H/3D7,,snydebr03
616,Victor Martinez,34,DET,AL,14,14,11,119.0,121,103,18,0,3,1.000,-1,-10,0,0,9.15,8.77,8.64,8.72,0,1,1,0,0.0,0,*D3/H2,,martivi01
617,Jhonatan Solano,27,WSN,NL,19,12,11,118.0,103,96,6,1,0,.990,-1,-10,1,10,7.78,8.10,5.37,8.10,0,4,8,0,0.0,0,2/H,,solanjh01
618,Jacob Turner,22,MIA,NL,20,20,1,118.0,40,14,21,5,1,.875,,,-3,-5,2.67,1.76,1.75,1.76,,,,,,,1,,turneja01
619,Jason Marquis,34,SDP,NL,20,20,0,117.2,28,8,20,0,2,1.000,,,1,2,2.14,1.76,1.40,1.76,,,,,,,1/H,,marquja01
620,Gerrit Cole,22,PIT,NL,19,19,0,117.1,21,7,13,1,2,.952,,,0,0,1.53,1.76,1.05,1.76,,,,,,,1,,colege01
621,Jake Westbrook,35,STL,NL,21,19,1,116.2,35,11,24,0,2,1.000,,,5,9,2.70,1.76,1.67,1.76,,,,,,,1,,westbja01
622,Randall Delgado,23,ARI,NL,20,19,1,116.1,17,6,10,1,1,.941,,,1,2,1.24,1.76,0.80,1.76,,,,,,,1/H,,delgara01
623,Charlie Morton,29,PIT,NL,20,20,0,116.0,17,4,13,0,0,1.000,,,-1,-2,1.32,1.76,0.85,1.76,,,,,,,1,,mortoch02
624,Tony Sanchez,25,PIT,NL,16,12,12,112.1,105,98,7,0,0,1.000,-3,-32,-1,-11,8.41,8.10,6.56,8.10,2,11,5,1,16.7,0,2/HD,,sanchto01
625,Tyler Chatwood,23,COL,NL,20,20,1,111.1,38,13,22,3,1,.921,,,-4,-7,2.83,1.76,1.75,1.76,,,,,,,1/H,,chatwty01
626,Carlos Triunfel,23,SEA,AL,14,13,10,111.0,48,17,29,2,8,.958,-3,-35,-3,-32,3.73,4.21,3.07,4.15,,,,,,,6/4H5D,,triunca01
627,Kolten Wong,22,STL,NL,18,10,7,111.0,65,22,43,0,8,1.000,1,14,-2,-22,5.27,4.72,3.61,4.72,,,,,,,4H,,wongko01
628,Xander Bogaerts,20,BOS,AL,17,12,10,110.0,44,15,29,0,2,1.000,2,21,-1,-11,3.60,3.30,2.59,3.26,,,,,,,/56H,,bogaexa01
629,Derek Jeter,39,NYY,AL,13,13,10,109.2,52,23,27,2,6,.962,-5,-49,-6,-66,4.10,4.15,3.85,4.13,,,,,,,6/D,,jeterde01
630,Clay Buchholz,28,BOS,AL,16,16,1,108.1,32,17,13,2,1,.938,,,0,0,2.49,1.54,1.88,1.53,,,,,,,1,AS,buchhcl01
631,Sam Deduno,29,MIN,AL,18,18,0,108.0,35,13,21,1,1,.971,,,-2,-4,2.83,1.54,1.89,1.53,,,,,,,1,,dedunsa01
632,Tuffy Gosewisch,29,ARI,NL,13,11,9,107.2,90,87,2,1,1,.989,2,22,2,22,7.44,8.10,6.85,8.10,0,1,4,2,33.3,0,2/H,,gosewtu01
633,Nathan Eovaldi,23,MIA,NL,18,18,0,106.1,30,8,20,2,1,.933,,,2,4,2.37,1.76,1.56,1.76,,,,,,,1,,eovalna01
634,John Baker,32,SDP,NL,14,12,11,106.0,90,81,9,0,2,1.000,1,11,2,23,7.64,8.10,6.43,8.10,0,7,8,5,38.5,0,2/H,,bakerjo01
635,Chris Capuano,34,LAD,NL,24,20,0,105.2,19,5,14,0,1,1.000,,,-2,-4,1.62,1.76,0.79,1.76,,,,,,,1,,capuach01
636,Tony Cingrani,23,CIN,NL,23,18,0,104.2,22,9,13,0,1,1.000,,,3,6,1.89,1.76,0.96,1.76,,,,,,,1/H,,cingrto01
637,Alexi Ogando,29,TEX,AL,23,18,0,104.1,21,9,12,0,1,1.000,,,2,4,1.81,1.54,0.91,1.53,,,,,,,1,,ogandal01
638,Ryan Vogelsong,35,SFG,NL,19,19,0,103.2,18,8,10,0,0,1.000,,,0,0,1.56,1.76,0.95,1.76,,,,,,,1,,vogelry01
639,Brennan Boesch,28,NYY,AL,15,12,9,103.1,30,28,1,1,1,.967,-2,-28,-1,-12,2.53,2.24,1.93,2.23,,,,,,,9/HD,,boescbr01
640,Brandon Laird,25,HOU,AL,17,11,10,103.0,83,72,10,1,9,.988,-2,-24,-1,-12,7.17,7.23,4.82,7.37,,,,,,,3/HD5,,lairdbr01
641,Henderson Alvarez III,23,MIA,NL,17,17,1,102.2,34,14,19,1,1,.971,,,2,4,2.89,1.76,1.94,1.76,,,,,,,1,,alvarhe01
642,Cody Clark,31,HOU,AL,16,10,8,102.0,99,87,11,1,2,.990,1,12,1,12,8.65,8.21,6.13,8.18,2,8,6,7,53.8,0,2/H,,clarkco01
643,Corky Miller,37,CIN,NL,16,12,6,102.0,110,103,6,1,1,.991,0,0,1,12,9.62,8.10,6.81,8.10,1,2,7,2,22.2,1,2/H,,milleco01
644,Ramón Hernández,37,LAD,NL,13,11,9,101.0,101,92,8,1,0,.990,0,4,0,0,8.91,8.14,7.69,8.30,2,4,4,2,33.3,2,2/H3D,,hernara02
645,Darnell McDonald,34,CHC,NL,15,11,9,100.1,33,33,0,0,0,1.000,3,31,0,0,2.96,2.13,2.20,2.13,,,,,,,H/97,,mcdonda02
646,Jonathan Pettibone,22,PHI,NL,18,18,0,100.1,24,9,14,1,0,.958,,,-1,-2,2.06,1.76,1.28,1.76,,,,,,,1,,pettijo02
647,Zack Wheeler,23,NYM,NL,17,17,0,100.0,6,1,5,0,1,1.000,,,-3,-6,0.54,1.76,0.35,1.76,,,,,,,1/H,,wheelza01
648,Justin Grimm,24,2TM,2LG,27,17,0,98.0,25,12,11,2,1,.920,,,0,0,2.11,1.56,0.85,1.61,,,,,,,1,,grimmju01
649,Chad Gaudin,30,SFG,NL,30,12,0,97.0,11,3,7,1,1,.909,,,-1,-2,0.93,1.76,0.33,1.76,,,,,,,1,,gaudich01
650,Johnny Giavotella,25,KCR,AL,13,12,7,97.0,57,20,37,0,9,1.000,-1,-12,0,0,5.29,4.64,4.38,4.62,,,,,,,4/DH,,giavojo01
651,Anthony Swarzak,27,MIN,AL,48,0,0,96.0,16,6,9,1,1,.938,,,0,0,1.41,1.54,0.31,1.53,,,,,,,1,,swarzan01
652,Engel Beltré,23,TEX,AL,16,10,7,95.0,26,26,0,0,0,1.000,3,37,2,25,2.46,2.24,1.63,2.23,,,,,,,/H978D,,beltren01
653,Luis Mendoza,29,KCR,AL,22,15,0,94.0,18,10,8,0,2,1.000,,,0,0,1.72,1.54,0.82,1.53,,,,,,,1,,mendolu01
654,Nick Tepesch,24,TEX,AL,19,17,0,93.0,16,10,6,0,0,1.000,,,-1,-2,1.55,1.54,0.84,1.53,,,,,,,1,,tepesni01
655,J.A. Happ,30,TOR,AL,18,18,0,92.2,11,2,9,0,0,1.000,,,-1,-2,1.07,1.54,0.61,1.53,,,,,,,1,,happja01
656,Blake Tekotte,26,CHW,AL,16,9,7,92.1,21,21,0,0,0,1.000,2,23,0,0,2.05,2.24,1.31,2.23,,,,,,,8/H7,,tekotbl01
657,Josh Collmenter,27,ARI,NL,49,0,0,92.0,15,4,11,0,0,1.000,,,-1,-2,1.47,1.76,0.31,1.76,,,,,,,1,,collmjo01
658,Kevin Slowey,29,MIA,NL,20,14,0,92.0,22,7,15,0,1,1.000,,,1,2,2.15,1.76,1.10,1.76,,,,,,,1,,sloweke01
659,Brandon Maurer,22,SEA,AL,22,14,0,90.0,16,6,10,0,0,1.000,,,0,0,1.60,1.54,0.73,1.53,,,,,,,1,,maurebr01
660,Nolan Reimold,29,BAL,AL,11,11,8,90.0,26,24,2,0,1,1.000,-3,-41,-4,-53,2.60,2.24,2.36,2.23,,,,,,,D7/H,,reimono01
661,Alfredo Simón,32,CIN,NL,63,0,0,87.2,18,5,13,0,0,1.000,,,2,5,1.85,1.77,0.29,1.76,,,,,,,1,,simonal01
662,David Phelps,26,NYY,AL,22,12,0,86.2,23,13,9,1,2,.957,,,1,2,2.28,1.54,1.00,1.53,,,,,,,1,,phelpda01
663,Tommy Hunter,26,BAL,AL,68,0,0,86.1,14,3,10,1,0,.929,,,1,2,1.36,1.54,0.19,1.53,,,,,,,1,,hunteto02
664,Carlos Torres,30,NYM,NL,33,9,0,86.1,14,5,9,0,0,1.000,,,0,0,1.46,1.76,0.42,1.76,,,,,,,1,,torreca01
665,Tom Gorzelanny,30,MIL,NL,43,10,0,85.1,18,6,11,1,2,.944,,,1,2,1.79,1.76,0.40,1.76,,,,,,,1,,gorzeto01
666,Donald Lutz,24,CIN,NL,18,7,7,84.2,27,27,0,0,0,1.000,1,17,1,14,2.87,2.13,1.50,2.13,,,,,,,H7/9,,lutzdo01
667,Bryan Holaday,25,DET,AL,14,8,6,84.0,78,73,3,2,0,.974,-1,-14,-2,-29,8.14,8.21,5.43,8.18,0,2,12,1,7.7,0,2/HD,,holadbr01
668,Brad Peacock,25,HOU,AL,18,14,0,83.1,15,4,10,1,0,.933,,,-1,-2,1.51,1.54,0.78,1.53,,,,,,,1,,peacobr01
669,Chris McGuiness,25,TEX,AL,10,9,9,82.0,83,77,6,0,5,1.000,1,18,2,29,9.11,8.90,8.30,8.87,,,,,,,3,,mcguich01
670,Michael Martínez,30,PHI,NL,20,7,6,81.2,29,24,5,0,2,1.000,0,0,0,0,3.20,2.69,1.38,2.50,,,,,,,H8/6579,,martimi02
671,Craig Stammen,29,WSN,NL,55,0,0,81.2,8,0,8,0,0,1.000,,,-3,-7,0.88,1.76,0.15,1.76,,,,,,,1,,stammcr01
672,Josh Johnson,29,TOR,AL,16,16,0,81.1,18,12,4,2,1,.889,,,-4,-10,1.77,1.54,1.00,1.53,,,,,,,1,,johnsjo09
673,Jeanmar Gómez,25,PIT,NL,34,8,0,80.2,20,7,13,0,0,1.000,,,1,2,2.23,1.76,0.59,1.76,,,,,,,1,,gomezje01
674,Ryan Webb,27,MIA,NL,66,0,0,80.1,22,3,19,0,1,1.000,,,-2,-5,2.46,1.76,0.33,1.76,,,,,,,1,,webbry01
675,Freddy García,36,2TM,2LG,17,13,0,80.1,21,9,11,1,1,.952,,,0,0,2.24,1.61,1.18,1.61,,,,,,,1,,garcifr03
676,AJ Ramos,26,MIA,NL,68,0,0,80.0,16,5,9,2,0,.875,,,-1,-3,1.58,1.76,0.21,1.76,,,,,,,1,,ramosaj01
677,Tony Campana,27,ARI,NL,9,7,5,78.1,16,14,1,1,0,.938,0,2,-2,-31,1.72,2.13,1.67,2.13,,,,,,,H/87,,campato01
678,Shaun Marcum,31,NYM,NL,14,12,0,78.1,17,4,13,0,0,1.000,,,3,8,1.95,1.76,1.21,1.76,,,,,,,1/H,,marcush01
679,Adam Ottavino,27,COL,NL,51,0,0,78.1,17,8,8,1,1,.941,,,-2,-5,1.84,1.76,0.31,1.76,,,,,,,1,,ottavad01
680,Nate Jones,27,CHW,AL,70,0,0,78.0,10,2,8,0,0,1.000,,,-1,-3,1.15,1.53,0.14,1.53,,,,,,,1,,jonesna01
681,Alfredo Marte,24,ARI,NL,9,9,7,78.0,11,11,0,0,0,1.000,-4,-63,-2,-31,1.27,2.13,1.22,2.13,,,,,,,H/79D,,marteal01
682,Andy Parrino,27,OAK,AL,14,7,4,78.0,37,14,22,1,3,.973,1,18,-5,-77,4.15,4.11,2.57,4.07,,,,,,,/64H5,,parrian01
683,Ty Wigginton,35,STL,NL,18,7,5,77.2,50,37,12,1,6,.980,0,-5,-1,-15,5.68,6.03,2.72,5.09,,,,,,,H/375,,wiggity01
684,Alex Wood,22,ATL,NL,31,11,0,77.2,13,0,13,0,0,1.000,,,3,8,1.51,1.76,0.42,1.76,,,,,,,1,,woodal02
685,Brandon Kintzler,28,MIL,NL,71,0,0,77.0,15,5,10,0,2,1.000,,,2,5,1.75,1.76,0.21,1.76,,,,,,,1,,kintzbr01
686,Todd Redmond,28,TOR,AL,17,14,0,77.0,10,2,7,1,1,.900,,,0,0,1.05,1.54,0.53,1.53,,,,,,,1,,redmoto01
687,Adam Warren,25,NYY,AL,34,2,0,77.0,16,4,12,0,1,1.000,,,1,3,1.87,1.54,0.47,1.53,,,,,,,1,,warread01
688,Kenley Jansen,25,LAD,NL,75,0,0,76.2,4,3,1,0,0,1.000,,,-2,-5,0.47,1.76,0.05,1.76,,,,,,,1,,janseke01
689,Ryan Pressly,24,MIN,AL,49,0,0,76.2,22,8,13,1,2,.955,,,1,3,2.47,1.54,0.43,1.53,,,,,,,1,,pressry01
690,Tanner Scheppers,26,TEX,AL,76,0,0,76.2,17,7,8,2,1,.882,,,2,5,1.76,1.54,0.20,1.53,,,,,,,1,,schepta01
691,Drew Smyly,24,DET,AL,63,0,0,76.0,12,6,6,0,0,1.000,,,-1,-3,1.42,1.54,0.19,1.53,,,,,,,1,,smylydr01
692,Rey Fuentes,22,SDP,NL,17,7,3,75.2,24,23,0,1,0,.958,4,67,-1,-16,2.74,2.13,1.35,2.13,,,,,,,8H/7,,fuentre01
693,Rob Johnson,30,STL,NL,16,6,5,75.2,55,52,3,0,0,1.000,-1,-16,-2,-32,6.54,8.08,3.44,7.71,1,5,1,0,0.0,0,2/H1,,johnsro07
694,Wilton López,29,COL,NL,75,0,0,75.1,17,9,7,1,0,.941,,,0,0,1.91,1.76,0.21,1.76,,,,,,,1,,lopezwi01
695,Trevor Rosenthal,23,STL,NL,74,0,0,75.1,10,6,3,1,0,.900,,,-2,-5,1.08,1.76,0.12,1.76,,,,,,,1,,rosentr01
696,Jake Arrieta,27,2TM,2LG,14,14,0,75.1,28,12,15,1,0,.964,,,2,5,3.23,1.70,1.93,1.68,,,,,,,1,,arrieja01
697,Bryan Shaw,25,CLE,AL,70,0,0,75.0,11,4,5,2,0,.818,,,-2,-5,1.08,1.54,0.13,1.53,,,,,,,1,,shawbr01
698,T.J. McFarland,24,BAL,AL,38,1,0,74.2,15,3,12,0,0,1.000,,,-1,-3,1.81,1.54,0.39,1.53,,,,,,,1,,mcfartj01
699,John Lannan,28,PHI,NL,14,14,0,74.1,10,0,9,1,0,.900,,,-1,-3,1.09,1.76,0.64,1.76,,,,,,,1,,lannajo01
700,Koji Uehara,38,BOS,AL,73,0,0,74.1,9,2,7,0,0,1.000,,,0,0,1.09,1.54,0.12,1.53,,,,,,,1,CYA-7MVP-19,ueharko01
701,Alfredo Fígaro,28,MIL,NL,33,5,0,74.0,13,5,7,1,1,.923,,,-1,-3,1.46,1.76,0.36,1.76,,,,,,,1,,figaral01
702,Vin Mazzaro,26,PIT,NL,57,0,0,73.2,17,9,8,0,1,1.000,,,1,3,2.08,1.76,0.30,1.76,,,,,,,1,,mazzavi01
703,Justin Wilson,25,PIT,NL,58,0,0,73.2,15,5,10,0,0,1.000,,,1,3,1.83,1.76,0.26,1.76,,,,,,,1,,wilsoju10
704,Paul Clemens,25,HOU,AL,35,5,0,73.1,6,1,4,1,0,.833,,,-1,-3,0.61,1.53,0.14,1.53,,,,,,,1,,clemepa02
705,Anthony Varvaro,28,ATL,NL,62,0,0,73.1,23,13,9,1,2,.957,,,2,5,2.70,1.76,0.35,1.76,,,,,,,1,,varvaan01
706,Matt Belisle,33,COL,NL,72,0,0,73.0,21,8,13,0,2,1.000,,,1,3,2.59,1.76,0.29,1.76,,,,,,,1,,belisma01
707,Tommy Hanson,26,LAA,AL,15,13,0,73.0,15,7,7,1,0,.933,,,-4,-11,1.73,1.54,0.93,1.53,,,,,,,1,,hansoto01
708,Brad Ziegler,33,ARI,NL,78,0,0,73.0,26,3,21,2,0,.923,,,3,8,2.96,1.76,0.31,1.76,,,,,,,1,,zieglbr01
709,Dane De La Rosa,30,LAA,AL,75,0,0,72.1,19,6,12,1,2,.947,,,2,6,2.24,1.54,0.24,1.53,,,,,,,1,,delarda01
710,Brent Morel,26,CHW,AL,12,7,6,72.1,26,9,16,1,2,.962,0,5,1,17,3.11,3.12,2.08,4.09,,,,,,,/5H3,,morelbr01
711,Erasmo Ramírez,23,SEA,AL,14,13,0,72.1,9,2,7,0,0,1.000,,,0,0,1.12,1.54,0.64,1.53,,,,,,,1,,ramirer02
712,Brett Oberholtzer,23,HOU,AL,13,10,2,71.2,10,4,6,0,0,1.000,,,1,3,1.26,1.54,0.77,1.53,,,,,,,1,,oberhbr01
713,Tony Watson,28,PIT,NL,67,0,0,71.2,14,2,12,0,0,1.000,,,1,3,1.76,1.76,0.21,1.76,,,,,,,1,,watsoto01
714,Ross Detwiler,27,WSN,NL,13,13,0,71.1,11,4,7,0,1,1.000,,,-1,-3,1.39,1.75,0.85,1.76,,,,,,,1,,detwiro01
715,Joel Peralta,37,TBR,AL,80,0,0,71.1,7,3,4,0,0,1.000,,,1,3,0.88,1.54,0.09,1.53,,,,,,,1,,peraljo01
716,Addison Reed,24,CHW,AL,68,0,0,71.1,11,6,5,0,0,1.000,,,-3,-8,1.39,1.54,0.16,1.53,,,,,,,1,,reedad01
717,Tyler Clippard,28,WSN,NL,72,0,0,71.0,8,3,5,0,2,1.000,,,0,0,1.01,1.76,0.11,1.76,,,,,,,1,,clippty01
718,Mark Melancon,28,PIT,NL,72,0,0,71.0,18,7,11,0,2,1.000,,,2,6,2.28,1.76,0.25,1.76,,,,,,,1,AS,melanma01
719,Jesús Sucre,25,SEA,AL,8,8,7,71.0,66,60,6,0,1,1.000,0,0,1,17,8.37,8.21,8.25,8.18,0,3,2,0,0.0,0,/2,,sucreje01
720,LaTroy Hawkins,40,NYM,NL,72,0,0,70.2,21,3,16,2,1,.905,,,2,6,2.42,1.76,0.26,1.76,,,,,,,1,,hawkila01
721,John Ryan Murphy,22,NYY,AL,15,6,5,70.2,72,65,7,0,0,1.000,1,17,2,34,9.17,8.21,4.80,8.18,0,4,3,3,50.0,0,2/H,,murphjr01
722,Cody Allen,24,CLE,AL,77,0,0,70.1,8,0,5,3,0,.625,,,-3,-9,0.64,1.54,0.06,1.53,,,,,,,1,ROY-6,allenco01
723,Jeff Francis,32,COL,NL,23,12,0,70.1,18,6,12,0,1,1.000,,,0,0,2.30,1.75,0.78,1.76,,,,,,,1,,francje01
724,Luke Hochevar,29,KCR,AL,58,0,0,70.1,8,4,3,1,0,.875,,,1,3,0.90,1.54,0.12,1.53,,,,,,,1,,hochelu01
725,Jim Johnson,30,BAL,AL,74,0,0,70.1,22,3,17,2,2,.909,,,-1,-3,2.56,1.54,0.27,1.53,,,,,,,1,,johnsji04
726,Brad Hawpe,34,LAA,AL,13,7,3,70.0,41,37,3,1,3,.976,-1,-22,0,0,5.14,5.48,3.08,5.81,,,,,,,/39H7D,,hawpebr01
727,Jamey Wright,38,TBR,AL,66,1,0,70.0,21,8,13,0,2,1.000,,,-1,-3,2.70,1.54,0.32,1.53,,,,,,,1,,wrighja01
728,Steve Cishek,27,MIA,NL,69,0,0,69.2,16,9,6,1,0,.938,,,0,0,1.94,1.76,0.22,1.76,,,,,,,1,,cishest01
729,Tim Stauffer,31,SDP,NL,43,1,0,69.2,16,6,10,0,0,1.000,,,1,3,2.07,1.76,0.37,1.76,,,,,,,1,,staufti01
730,Aaron Loup,25,TOR,AL,64,0,0,69.1,31,5,23,3,2,.903,,,2,6,3.63,1.54,0.44,1.53,,,,,,,1,,loupaa01
731,Sean Doolittle,26,OAK,AL,70,0,0,69.0,7,1,6,0,0,1.000,,,-1,-3,0.91,1.54,0.10,1.53,,,,,,,1,,doolise01
732,Ernesto Frieri,27,LAA,AL,67,0,0,68.2,8,2,6,0,1,1.000,,,0,0,1.05,1.55,0.12,1.53,,,,,,,1,,frierer01
733,Donovan Hand,27,MIL,NL,31,7,0,68.1,19,3,15,1,0,.947,,,2,6,2.37,1.76,0.58,1.76,,,,,,,1,,handdo01
734,Junichi Tazawa,27,BOS,AL,71,0,0,68.1,8,2,6,0,1,1.000,,,0,0,1.05,1.54,0.11,1.53,,,,,,,1,,tazawju01
735,Ronald Belisario,30,LAD,NL,77,0,0,68.0,23,6,15,2,1,.913,,,-1,-3,2.78,1.76,0.27,1.76,,,,,,,1,,belisro01
736,Jon Garland,33,COL,NL,12,12,0,68.0,27,6,21,0,0,1.000,,,3,9,3.57,1.76,2.25,1.76,,,,,,,1,,garlajo01
737,Yoervis Medina,24,SEA,AL,63,0,0,68.0,9,2,7,0,0,1.000,,,0,0,1.19,1.54,0.14,1.53,,,,,,,1,,medinyo01
738,Mike Dunn,28,MIA,NL,75,0,0,67.2,8,2,4,2,0,.750,,,0,0,0.80,1.76,0.08,1.76,,,,,,,1,,dunnmi01
739,Rex Brothers,25,COL,NL,72,0,0,67.1,11,2,7,2,1,.818,,,-1,-3,1.20,1.76,0.13,1.76,,,,,,,1,,brothre01
740,Ryan Cook,26,OAK,AL,71,0,0,67.1,12,4,8,0,1,1.000,,,-3,-9,1.60,1.54,0.17,1.53,,,,,,,1,,cookry01
741,César Ramos,29,TBR,AL,48,0,0,67.1,15,7,8,0,0,1.000,,,0,0,2.00,1.54,0.31,1.53,,,,,,,1,,ramosce01
742,Joaquin Benoit,35,DET,AL,66,0,0,67.0,14,6,8,0,0,1.000,,,0,0,1.88,1.54,0.21,1.53,,,,,,,1,,benoijo01
743,Greg Holland,27,KCR,AL,68,0,0,67.0,11,5,6,0,1,1.000,,,0,0,1.48,1.54,0.16,1.53,,,,,,,1,ASCYA-9MVP-15,hollagr01
744,Craig Kimbrel,25,ATL,NL,68,0,0,67.0,7,3,4,0,0,1.000,,,-1,-3,0.94,1.76,0.10,1.76,,,,,,,1,ASCYA-4MVP-11,kimbrcr01
745,Fernando Rodney,36,TBR,AL,68,0,0,66.2,13,4,7,2,1,.846,,,-1,-3,1.49,1.54,0.16,1.53,,,,,,,1,,rodnefe01
746,Rafael Soriano,33,WSN,NL,68,0,0,66.2,9,3,6,0,0,1.000,,,0,0,1.22,1.76,0.13,1.76,,,,,,,1,,soriara01
747,Tyler Thornburg,24,MIL,NL,18,7,0,66.2,11,3,8,0,1,1.000,,,0,0,1.49,1.76,0.61,1.76,,,,,,,1/H,,thornty01
748,Luke Gregerson,29,SDP,NL,73,0,0,66.1,17,2,14,1,1,.941,,,0,0,2.17,1.76,0.22,1.76,,,,,,,1,,gregelu01
749,David Robertson,28,NYY,AL,70,0,0,66.1,8,4,4,0,0,1.000,,,-2,-6,1.09,1.53,0.11,1.53,,,,,,,1,,roberda08
750,Chris Rusin,26,CHC,NL,13,13,0,66.1,14,3,11,0,0,1.000,,,2,6,1.90,1.76,1.08,1.76,,,,,,,1,,rusinch01
751,Jared Burton,32,MIN,AL,71,0,0,66.0,17,6,10,1,0,.941,,,-3,-9,2.18,1.54,0.23,1.53,,,,,,,1,,burtoja01
752,J.J. Hoover,25,CIN,NL,69,0,0,66.0,12,7,4,1,1,.917,,,-1,-3,1.50,1.76,0.16,1.76,,,,,,,1,,hoovejj01
753,Francisco Peguero,25,SFG,NL,13,6,3,66.0,15,15,0,0,0,1.000,3,53,2,36,2.05,2.13,1.15,2.13,,,,,,,7/H9,,peguefr01
754,Heath Bell,35,ARI,NL,69,0,0,65.2,16,8,7,1,1,.938,,,1,3,2.06,1.75,0.22,1.76,,,,,,,1,,bellhe01
755,David Carpenter,27,ATL,NL,56,0,0,65.2,4,1,3,0,0,1.000,,,-1,-3,0.55,1.75,0.07,1.76,,,,,,,1,,carpeda01
756,Luis Avilán,23,ATL,NL,75,0,0,65.0,27,11,16,0,0,1.000,,,4,12,3.74,1.76,0.36,1.76,,,,,,,1,,avilalu01
757,Charlie Furbush,27,SEA,AL,71,0,0,65.0,11,2,9,0,1,1.000,,,-1,-3,1.52,1.54,0.15,1.53,,,,,,,1,,furbuch01
758,Fernando Martínez,24,HOU,AL,10,8,5,65.0,12,12,0,0,0,1.000,-2,-41,-3,-55,1.66,2.24,1.20,2.23,,,,,,,/79HD,,martife02
759,Bryan Morris,26,PIT,NL,55,0,0,65.0,15,3,12,0,2,1.000,,,2,6,2.08,1.76,0.27,1.76,,,,,,,1,,morribr01
760,Dale Thayer,32,SDP,NL,69,0,0,65.0,9,2,6,1,2,.889,,,-2,-6,1.11,1.76,0.12,1.76,,,,,,,1,,thayeda01
761,John Axford,30,2TM,NL,75,0,0,65.0,4,1,3,0,0,1.000,,,0,0,0.55,1.76,0.05,1.76,,,,,,,1,,axforjo01
762,Thomas Field,26,LAA,AL,15,5,4,64.2,17,12,5,0,1,1.000,-4,-76,-1,-19,2.37,4.01,1.00,4.11,,,,,,,/465H,,fieldth01
763,Edward Mujica,29,STL,NL,65,0,0,64.2,15,6,9,0,0,1.000,,,1,3,2.09,1.77,0.23,1.76,,,,,,,1,AS,mujiced01
764,Joe Nathan,38,TEX,AL,67,0,0,64.2,12,5,7,0,0,1.000,,,1,3,1.67,1.54,0.18,1.53,,,,,,,1,AS,nathajo01
765,Michael Wacha,21,STL,NL,15,9,0,64.2,10,3,6,1,0,.900,,,0,0,1.25,1.77,0.60,1.76,,,,,,,1,,wachami01
766,Sonny Gray,23,OAK,AL,12,10,0,64.0,20,9,10,1,0,.950,,,2,6,2.67,1.55,1.58,1.53,,,,,,,1,,grayso01
767,Mariano Rivera,43,NYY,AL,64,0,0,64.0,17,5,12,0,0,1.000,,,2,6,2.39,1.55,0.27,1.53,,,,,,,1,AS,riverma01
768,Aroldis Chapman,25,CIN,NL,68,0,0,63.2,5,1,3,1,0,.800,,,-1,-3,0.57,1.77,0.06,1.76,,,,,,,1,AS,chapmar01
769,Matt Albers,30,CLE,AL,56,0,0,63.0,16,4,11,1,1,.938,,,1,3,2.14,1.54,0.27,1.53,,,,,,,1,,alberma01
770,Joe Smith,29,CLE,AL,70,0,0,63.0,17,2,14,1,1,.941,,,-1,-3,2.29,1.54,0.23,1.53,,,,,,,1,,smithjo05
771,Grant Balfour,35,OAK,AL,65,0,0,62.2,7,1,5,1,1,.857,,,0,0,0.86,1.54,0.09,1.53,,,,,,,1,AS,balfogr01
772,Jake McGee,26,TBR,AL,71,0,0,62.2,6,1,5,0,0,1.000,,,-1,-3,0.86,1.54,0.08,1.53,,,,,,,1,,mcgeeja01
773,Glen Perkins,30,MIN,AL,61,0,0,62.2,7,2,5,0,0,1.000,,,0,0,1.01,1.54,0.11,1.53,,,,,,,1,AS,perkigl01
774,Wandy Rodríguez,34,PIT,NL,12,12,0,62.2,10,2,8,0,0,1.000,,,0,0,1.44,1.77,0.83,1.76,,,,,,,1/H,,rodriwa01
775,José Veras,32,2TM,AL,67,0,0,62.2,13,6,7,0,0,1.000,,,-1,-3,1.87,1.55,0.19,1.53,,,,,,,1,,verasjo01
776,Burke Badenhop,30,MIL,NL,63,0,0,62.1,18,1,15,2,2,.889,,,2,6,2.31,1.76,0.25,1.76,,,,,,,1,,badenbu01
777,Jaff Decker,23,SDP,NL,8,7,6,62.1,17,15,2,0,0,1.000,3,64,-1,-19,2.45,2.12,2.13,2.13,,,,,,,/7H,,deckeja01
778,David Hernández,28,ARI,NL,62,0,0,62.1,4,2,2,0,0,1.000,,,0,0,0.58,1.76,0.06,1.76,,,,,,,1,,hernada01
779,Robbie Ross,24,TEX,AL,65,0,0,62.1,15,5,10,0,0,1.000,,,2,6,2.17,1.54,0.23,1.53,,,,,,,1,,rossro01
780,Jim Adduci,28,TEX,AL,10,7,2,62.0,23,22,0,1,3,.957,0,6,0,0,3.19,3.53,1.83,4.44,,,,,,,/7H3D,,adducji02
781,Robinson Chirinos,29,TEX,AL,10,7,5,62.0,51,45,5,1,2,.980,-1,-10,0,0,7.26,8.09,5.00,6.75,0,0,0,0,,0,/325HD,,chiriro01
782,Casey Fien,29,MIN,AL,73,0,0,62.0,10,3,7,0,0,1.000,,,-1,-3,1.45,1.54,0.14,1.53,,,,,,,1,,fienca01
783,Kevin Gregg,35,CHC,NL,62,0,0,62.0,12,4,6,2,0,.833,,,-1,-3,1.45,1.76,0.16,1.76,,,,,,,1,,greggke01
784,Roy Halladay,36,PHI,NL,13,13,1,62.0,12,4,7,1,0,.917,,,-2,-6,1.60,1.76,0.85,1.76,,,,,,,1,,hallaro01
785,J.P. Howell,30,LAD,NL,67,0,0,62.0,16,6,10,0,1,1.000,,,1,3,2.32,1.76,0.24,1.76,,,,,,,1,,howeljp01
786,Seth Maness,24,STL,NL,66,0,0,62.0,16,7,9,0,0,1.000,,,0,0,2.32,1.76,0.24,1.76,,,,,,,1,,manesse01
787,Yamaico Navarro,25,BAL,AL,8,8,3,62.0,37,17,18,2,4,.946,-2,-41,1,19,5.08,4.65,4.38,4.63,,,,,,,/4,,navarya01
788,Darren O'Day,30,BAL,AL,68,0,0,62.0,8,4,3,1,2,.875,,,0,0,1.02,1.54,0.10,1.53,,,,,,,1,,odayda01
789,Chad Qualls,34,MIA,NL,66,0,0,62.0,22,4,18,0,3,1.000,,,0,0,3.19,1.76,0.33,1.76,,,,,,,1,,quallch01
790,Josh Roenicke,30,MIN,AL,63,0,0,62.0,14,4,10,0,0,1.000,,,1,3,2.03,1.54,0.22,1.53,,,,,,,1,,roenijo01
791,Jonathan Papelbon,32,PHI,NL,61,0,0,61.2,7,2,5,0,0,1.000,,,0,0,1.02,1.77,0.11,1.76,,,,,,,1,,papeljo01
792,Drew Storen,25,WSN,NL,68,0,0,61.2,13,4,8,1,2,.923,,,-1,-3,1.75,1.77,0.18,1.76,,,,,,,1,,storedr01
793,Brian Duensing,30,MIN,AL,73,0,0,61.0,19,7,12,0,1,1.000,,,2,7,2.80,1.53,0.26,1.53,,,,,,,1,,duensbr01
794,Sam LeCure,29,CIN,NL,63,0,0,61.0,5,2,3,0,1,1.000,,,0,0,0.74,1.76,0.08,1.76,,,,,,,1,,lecursa01
795,Brett Cecil,26,TOR,AL,60,0,0,60.2,3,0,3,0,0,1.000,,,-2,-7,0.45,1.54,0.05,1.53,,,,,,,1,AS,cecilbr01
796,Johnny Cueto,27,CIN,NL,11,11,0,60.2,16,7,8,1,0,.938,,,2,7,2.23,1.77,1.36,1.76,,,,,,,1,,cuetojo01
797,Matt Lindstrom,33,CHW,AL,76,0,0,60.2,10,2,8,0,1,1.000,,,0,0,1.48,1.54,0.13,1.53,,,,,,,1,,lindsma01
798,Tyler Cloyd,26,PHI,NL,13,11,0,60.1,15,5,10,0,0,1.000,,,0,0,2.24,1.76,1.15,1.76,,,,,,,1,,cloydty01
799,Ross Ohlendorf,30,WSN,NL,16,7,0,60.1,12,4,4,4,0,.667,,,-1,-3,1.19,1.76,0.50,1.76,,,,,,,1,,ohlenro01
800,Sergio Romo,30,SFG,NL,65,0,0,60.1,8,2,6,0,0,1.000,,,-2,-7,1.19,1.76,0.12,1.76,,,,,,,1,AS,romose01
801,Andrew Albers,27,MIN,AL,10,10,1,60.0,13,4,9,0,1,1.000,,,1,3,1.95,1.55,1.30,1.53,,,,,,,1,,alberan01
802,Jerry Blevins,29,OAK,AL,67,0,0,60.0,6,0,4,2,0,.667,,,-1,-3,0.60,1.55,0.06,1.53,,,,,,,1,,blevije01
803,Jarred Cosart,23,HOU,AL,10,10,0,60.0,14,6,8,0,1,1.000,,,2,7,2.10,1.55,1.40,1.53,,,,,,,1,,cosarja01
804,Jim Henderson,30,MIL,NL,61,0,0,60.0,10,2,8,0,1,1.000,,,2,7,1.50,1.76,0.16,1.76,,,,,,,1,,hendeji01
805,Craig Breslow,32,BOS,AL,61,0,0,59.2,14,5,9,0,2,1.000,,,2,7,2.11,1.54,0.23,1.53,,,,,,,1,,breslcr01
806,Carter Capps,22,SEA,AL,53,0,0,59.0,8,2,6,0,0,1.000,,,-2,-7,1.22,1.54,0.15,1.53,,,,,,,1,,cappsca01
807,Tom Wilhelmsen,29,SEA,AL,59,0,0,59.0,10,3,6,1,0,.900,,,-2,-7,1.37,1.54,0.15,1.53,,,,,,,1,,wilheto01
808,Steve Delabar,29,TOR,AL,55,0,0,58.2,7,1,6,0,0,1.000,,,1,3,1.07,1.53,0.13,1.53,,,,,,,1,AS,delabst01
809,Stephen Fife,26,LAD,NL,12,10,0,58.1,5,1,4,0,0,1.000,,,-2,-7,0.77,1.76,0.42,1.76,,,,,,,1,,fifest01
810,Kelvin Herrera,23,KCR,AL,59,0,0,58.1,9,4,4,1,0,.889,,,0,0,1.23,1.54,0.14,1.53,,,,,,,1,,herreke01
811,Joe Mahoney,26,MIA,NL,7,7,5,58.0,48,44,3,1,6,.979,1,10,1,21,7.29,9.42,6.71,9.41,,,,,,,/3H,,mahonjo01
812,Alex Torres,25,TBR,AL,39,0,0,58.0,12,2,9,1,0,.917,,,1,3,1.71,1.54,0.28,1.53,,,,,,,1,,torreal01
813,Jesse Chavez,29,OAK,AL,35,0,0,57.1,14,7,7,0,0,1.000,,,-1,-3,2.20,1.54,0.40,1.53,,,,,,,1,,chaveje01
814,Pedro Strop,28,2TM,2LG,66,0,0,57.1,7,1,6,0,0,1.000,,,-1,-3,1.10,1.66,0.11,1.66,,,,,,,1,,stroppe01
815,Neal Cotts,33,TEX,AL,58,0,0,57.0,10,5,5,0,0,1.000,,,0,0,1.58,1.55,0.17,1.53,,,,,,,1,,cottsne01
816,Jeff Kobernus,25,WSN,NL,10,8,2,57.0,13,13,0,0,0,1.000,1,25,0,0,2.05,2.13,1.30,2.13,,,,,,,H/789,,koberje01
817,Félix Pié,28,PIT,NL,19,3,3,57.0,10,10,0,0,0,1.000,0,2,-1,-21,1.58,2.13,0.53,2.13,,,,,,,7H/89,,piefe01
818,Pedro Hernández,24,MIN,AL,14,12,0,56.2,12,1,11,0,0,1.000,,,0,0,1.91,1.54,0.86,1.53,,,,,,,1,,hernape02
819,Huston Street,29,SDP,NL,58,0,0,56.2,12,3,9,0,0,1.000,,,1,4,1.91,1.76,0.21,1.76,,,,,,,1,,streehu01
820,Logan Watkins,23,CHC,NL,9,5,5,56.1,14,2,11,1,1,.929,1,30,-1,-21,2.08,4.71,1.44,4.72,,,,,,,H/4,,watkilo01
821,Troy Patton,27,BAL,AL,56,0,0,56.0,13,3,10,0,2,1.000,,,2,7,2.09,1.54,0.23,1.53,,,,,,,1,,pattotr01
822,André Rienzo,24,CHW,AL,10,10,0,56.0,19,8,10,1,1,.947,,,0,0,2.89,1.54,1.80,1.53,,,,,,,1,,rienzan01
823,Danny Farquhar,26,SEA,AL,46,0,0,55.2,12,4,8,0,2,1.000,,,1,4,1.94,1.54,0.26,1.53,,,,,,,1,,farquda01
824,Jaime García,26,STL,NL,9,9,0,55.1,11,0,11,0,0,1.000,,,0,0,1.79,1.76,1.22,1.76,,,,,,,/1,,garcija02
825,George Kontos,28,SFG,NL,52,0,0,55.1,11,4,7,0,0,1.000,,,0,0,1.79,1.76,0.21,1.76,,,,,,,1,,kontoge01
826,Alex Sanabia,24,MIA,NL,10,10,0,55.1,10,1,9,0,0,1.000,,,2,7,1.63,1.76,1.00,1.76,,,,,,,1,,sanabal01
827,J.C. Gutiérrez,29,2TM,AL,53,0,0,55.1,8,3,3,2,0,.750,,,-5,-18,0.98,1.53,0.11,1.53,,,,,,,1,,gutieju01
828,Logan Ondrusek,28,CIN,NL,52,0,0,55.0,12,4,8,0,1,1.000,,,-1,-4,1.96,1.77,0.23,1.76,,,,,,,1,,ondrulo01
829,Chris Snyder,32,BAL,AL,8,6,4,55.0,44,39,5,0,2,1.000,0,0,3,65,7.20,8.21,5.50,8.18,1,2,4,3,42.9,0,/2H,,snydech02
830,Kensuke Tanaka,32,SFG,NL,9,7,3,55.0,6,6,0,0,0,1.000,-1,-31,2,44,0.98,2.13,0.67,2.13,,,,,,,/7H,,tanakke01
831,Jeremy Bonderman,30,2TM,AL,18,7,0,55.0,9,4,4,1,1,.889,,,0,0,1.31,1.55,0.44,1.53,,,,,,,1,,bondeje01
832,Wade LeBlanc,28,2TM,2LG,17,7,0,55.0,10,4,5,1,1,.900,,,-1,-4,1.47,1.73,0.53,1.71,,,,,,,1,,leblawa01
833,Robbie Erlin,22,SDP,NL,11,9,0,54.2,6,1,5,0,0,1.000,,,1,4,0.99,1.76,0.55,1.76,,,,,,,1,,erlinro01
834,Philip Humber,30,HOU,AL,17,7,0,54.2,11,7,4,0,0,1.000,,,-1,-4,1.81,1.55,0.65,1.53,,,,,,,1,,humbeph01
835,Héctor Rondón,25,CHC,NL,45,0,0,54.2,17,9,8,0,1,1.000,,,1,4,2.80,1.76,0.38,1.76,,,,,,,1,,rondohe01
836,Bryan Anderson,26,CHW,AL,10,6,4,54.1,52,49,2,1,0,.981,-2,-44,-2,-44,8.45,8.20,5.10,8.18,0,5,3,0,0.0,0,2,,anderbr05
837,Brandon League,30,LAD,NL,58,0,0,54.1,14,4,8,2,0,.857,,,-3,-11,1.99,1.76,0.21,1.76,,,,,,,1,,leagubr01
838,Brandon Morrow,28,TOR,AL,10,10,0,54.1,5,2,3,0,1,1.000,,,-1,-4,0.83,1.54,0.50,1.53,,,,,,,1,,morrobr01
839,Paco Rodríguez,22,LAD,NL,76,0,0,54.1,11,4,7,0,1,1.000,,,0,0,1.82,1.76,0.14,1.76,,,,,,,1,,rodrist02
840,Josh Outman,28,COL,NL,61,0,0,54.0,11,3,8,0,2,1.000,,,-3,-11,1.83,1.77,0.18,1.76,,,,,,,1,,outmajo01
841,Matt Pagnozzi,30,HOU,AL,7,6,5,54.0,40,37,2,1,0,.975,0,0,-1,-22,6.50,8.22,5.57,8.19,0,2,3,1,25.0,0,/2DH,,pagnoma01
842,Chris Pérez,27,CLE,AL,54,0,0,54.0,8,2,6,0,0,1.000,,,0,0,1.33,1.53,0.15,1.53,,,,,,,1,,perezch01
843,Tanner Roark,26,WSN,NL,14,5,0,53.2,14,6,7,1,2,.929,,,0,0,2.18,1.76,0.93,1.76,,,,,,,1,,roarkta01
844,Wesley Wright,28,2TM,AL,70,0,0,53.2,12,2,10,0,0,1.000,,,0,0,2.01,1.54,0.17,1.53,,,,,,,1,,wrighwe01
845,Tim Collins,23,KCR,AL,66,0,0,53.1,7,2,5,0,0,1.000,,,-1,-4,1.18,1.54,0.11,1.53,,,,,,,1,,colliti01
846,Shawn Kelley,29,NYY,AL,57,0,0,53.1,9,6,3,0,1,1.000,,,1,4,1.52,1.54,0.16,1.53,,,,,,,1,,kellesh01
847,Billy Butler,27,KCR,AL,7,7,1,53.0,56,56,0,0,4,1.000,1,20,0,0,9.51,8.90,8.00,8.87,,,,,,,*D/3H,,butlebi03
848,Michael Kohn,27,LAA,AL,63,0,0,53.0,6,2,4,0,0,1.000,,,0,0,1.02,1.55,0.10,1.53,,,,,,,1,,kohnmi01
849,Tyler Lyons,25,STL,NL,12,8,0,53.0,14,2,12,0,0,1.000,,,2,8,2.38,1.77,1.17,1.76,,,,,,,1,,lyonsty01
850,Jean Machi,31,SFG,NL,51,0,0,53.0,15,3,11,1,0,.933,,,1,4,2.38,1.77,0.27,1.76,,,,,,,1,,machije01
851,Óliver Pérez,31,SEA,AL,61,0,0,53.0,6,1,4,1,0,.833,,,1,4,0.85,1.55,0.08,1.53,,,,,,,1,,perezol01
852,Michael Taylor,27,OAK,AL,8,6,1,53.0,12,12,0,0,0,1.000,-3,-70,-2,-45,2.04,2.24,1.50,2.23,,,,,,,/97H,,taylomi01
853,Will Harris,28,ARI,NL,61,0,0,52.2,11,2,9,0,1,1.000,,,0,0,1.88,1.76,0.18,1.76,,,,,,,1,,harriwi10
854,Casey Janssen,31,TOR,AL,56,0,0,52.2,12,4,8,0,0,1.000,,,3,11,2.05,1.54,0.21,1.53,,,,,,,1,,janssca01
855,Clayton Richard,29,SDP,NL,11,10,0,52.2,17,4,12,1,1,.941,,,0,0,2.73,1.76,1.33,1.76,,,,,,,1/H,,richacl01
856,James Russell,27,CHC,NL,74,0,0,52.2,12,4,8,0,1,1.000,,,1,4,2.05,1.76,0.16,1.76,,,,,,,1,,russeja02
857,José Constanza,29,ATL,NL,10,5,4,52.0,11,11,0,0,0,1.000,0,2,2,46,1.90,2.13,1.10,2.13,,,,,,,H/78,,constjo01
858,Danny Salazar,23,CLE,AL,10,10,0,52.0,5,3,2,0,1,1.000,,,-1,-4,0.87,1.54,0.50,1.53,,,,,,,1,,salazda01
859,Taylor Jordan,24,WSN,NL,9,9,0,51.2,5,2,3,0,0,1.000,,,-4,-15,0.87,1.76,0.56,1.76,,,,,,,/1,,jordata01
860,Kyle Gibson,25,MIN,AL,10,10,0,51.0,5,1,4,0,1,1.000,,,-1,-4,0.88,1.54,0.50,1.53,,,,,,,1,,gibsoky01
861,Brian Matusz,26,BAL,AL,65,0,0,51.0,6,0,6,0,1,1.000,,,0,0,1.06,1.54,0.09,1.53,,,,,,,1,,matusbr01
862,Scott Rice,31,NYM,NL,73,0,0,51.0,20,4,16,0,0,1.000,,,2,8,3.53,1.76,0.27,1.76,,,,,,,1,,ricesc01
863,Preston Claiborne,25,NYY,AL,44,0,0,50.1,13,6,7,0,2,1.000,,,0,0,2.32,1.54,0.30,1.53,,,,,,,1,,claibpr01
864,Ryan Wheeler,24,COL,NL,9,5,4,50.1,42,40,1,1,5,.976,-2,-36,-3,-72,7.33,7.17,4.56,7.84,,,,,,,H/357,,wheelry01
865,Travis Blackley,30,2TM,AL,46,3,0,50.1,15,3,12,0,0,1.000,,,3,12,2.68,1.54,0.33,1.53,,,,,,,1,,blacktr01
866,Matt Carson,31,CLE,AL,18,1,1,50.0,10,10,0,0,0,1.000,1,24,1,24,1.80,2.23,0.56,2.23,,,,,,,9H/7D,,carsoma01
867,Santiago Casilla,32,SFG,NL,57,0,0,50.0,9,1,8,0,2,1.000,,,2,8,1.62,1.76,0.16,1.76,,,,,,,1,,garcija01
868,Mike González,35,MIL,NL,75,0,0,50.0,5,0,5,0,0,1.000,,,-2,-8,0.90,1.76,0.07,1.76,,,,,,,1,,gonzami02
869,Jason Grilli,36,PIT,NL,54,0,0,50.0,5,3,2,0,0,1.000,,,0,0,0.90,1.76,0.09,1.76,,,,,,,1,AS,grillja01
870,Bobby Parnell,28,NYM,NL,49,0,0,50.0,10,2,8,0,1,1.000,,,0,0,1.80,1.76,0.20,1.76,,,,,,,1,,parnebo01
871,Al Alburquerque,27,DET,AL,53,0,0,49.0,7,4,2,1,0,.857,,,-3,-12,1.10,1.54,0.11,1.53,,,,,,,1,,albural01
872,Jason Frasor,35,TEX,AL,61,0,0,49.0,9,3,5,1,0,.889,,,-3,-12,1.47,1.54,0.13,1.53,,,,,,,1,,frasoja01
873,José Mijares,28,SFG,NL,60,0,0,49.0,6,0,4,2,0,.667,,,0,0,0.73,1.76,0.07,1.76,,,,,,,1,,mijarjo01
874,Darren Oliver,42,TOR,AL,50,0,0,49.0,11,0,11,0,0,1.000,,,1,4,2.02,1.54,0.22,1.53,,,,,,,1,,oliveda02
875,Carlos Mármol,30,2TM,NL,52,0,0,49.0,18,6,11,1,1,.944,,,2,8,3.12,1.76,0.33,1.76,,,,,,,1,,marmoca01
876,Vance Worley,25,MIN,AL,10,10,0,48.2,14,2,11,1,1,.929,,,2,8,2.40,1.53,1.30,1.53,,,,,,,1,,worleva01
877,Aaron Crow,26,KCR,AL,57,0,0,48.0,7,3,4,0,1,1.000,,,-1,-4,1.31,1.54,0.12,1.53,,,,,,,1,,crowaa01
878,Andrew Lambo,24,PIT,NL,8,6,2,48.0,6,6,0,0,0,1.000,-2,-58,-2,-50,1.13,2.14,0.75,2.13,,,,,,,H/97,,lamboan01
879,Yusmeiro Petit,28,SFG,NL,8,7,1,48.0,6,1,5,0,1,1.000,,,0,0,1.13,1.76,0.75,1.76,,,,,,,/1,,petityu01
880,Kevin Gausman,22,BAL,AL,20,5,0,47.2,12,4,8,0,1,1.000,,,1,4,2.27,1.55,0.60,1.53,,,,,,,1,,gausmke01
881,Ross Wolf,30,TEX,AL,22,3,0,47.2,13,7,5,1,3,.923,,,-1,-4,2.27,1.55,0.55,1.53,,,,,,,1,,wolfro01
882,Liam Hendriks,24,MIN,AL,10,8,0,47.1,9,5,4,0,0,1.000,,,-1,-4,1.71,1.54,0.90,1.53,,,,,,,1,,hendrli01
883,Jordan Walden,25,ATL,NL,50,0,0,47.0,6,0,4,2,0,.667,,,-1,-4,0.77,1.76,0.08,1.76,,,,,,,1,,waldejo01
884,Carlos Carrasco,26,CLE,AL,15,7,0,46.2,12,3,7,2,0,.833,,,-1,-4,1.93,1.54,0.67,1.53,,,,,,,1,,carraca01
885,Justin De Fratus,25,PHI,NL,58,0,0,46.2,8,1,6,1,1,.875,,,0,0,1.35,1.76,0.12,1.76,,,,,,,1,,defraju01
886,Casey Kotchman,30,MIA,NL,6,5,3,46.2,42,39,2,1,4,.976,1,36,-1,-26,7.91,9.43,6.83,9.42,,,,,,,/3,,kotchca01
887,Francisco Rodríguez,31,2TM,2LG,48,0,0,46.2,6,2,4,0,0,1.000,,,0,0,1.16,1.66,0.13,1.65,,,,,,,1,,rodrifr03
888,Blake Parker,28,CHC,NL,49,0,0,46.1,6,4,2,0,0,1.000,,,-1,-4,1.17,1.77,0.12,1.76,,,,,,,1,,parkebl01
889,Wilfredo Tovar,21,NYM,NL,7,5,5,46.1,20,5,15,0,4,1.000,1,21,1,26,3.88,4.39,2.86,4.40,,,,,,,/6H,,tovarwi01
890,Nick Vincent,26,SDP,NL,45,0,0,46.1,11,4,7,0,0,1.000,,,1,4,2.14,1.77,0.24,1.76,,,,,,,1,,vinceni01
891,Edgmer Escalona,26,COL,NL,37,0,0,46.0,8,2,5,1,0,.875,,,0,0,1.37,1.76,0.19,1.76,,,,,,,1,,escaled01
892,Manny Parra,30,CIN,NL,57,0,0,46.0,10,4,6,0,0,1.000,,,-1,-4,1.96,1.76,0.18,1.76,,,,,,,1,,parrama01
893,Caleb Thielbar,26,MIN,AL,49,0,0,46.0,6,3,3,0,0,1.000,,,0,0,1.17,1.55,0.12,1.53,,,,,,,1,,thielca01
894,Scott Atchison,37,NYM,NL,50,0,0,45.1,19,5,13,1,0,.947,,,0,0,3.57,1.77,0.36,1.76,,,,,,,1,,atchisc01
895,Ehire Adrianza,23,SFG,NL,6,4,4,45.0,17,4,12,1,4,.941,0,-3,0,0,3.20,4.40,2.67,4.40,,,,,,,/6H,,adriaeh01
896,Billy Hamilton,22,CIN,NL,7,3,3,45.0,16,16,0,0,0,1.000,1,37,1,27,3.20,2.14,2.29,2.13,,,,,,,/8H,,hamilbi02
897,Brett Anderson,25,OAK,AL,16,5,0,44.2,4,0,4,0,0,1.000,,,-2,-9,0.81,1.53,0.25,1.53,,,,,,,1,,anderbr04
898,Chad Bettis,24,COL,NL,16,8,0,44.2,12,3,9,0,0,1.000,,,0,0,2.42,1.75,0.75,1.76,,,,,,,1/H,,bettich01
899,Joe Ortiz,22,TEX,AL,32,0,0,44.2,8,3,5,0,0,1.000,,,1,4,1.61,1.53,0.25,1.53,,,,,,,1,,ortizjo05
900,Brett Hayes,29,KCR,AL,5,4,4,44.0,46,45,1,0,0,1.000,0,0,-1,-27,9.41,8.20,9.20,8.18,0,2,3,1,25.0,0,/2H,,hayesbr01
901,José Cisnero,24,HOU,AL,28,0,0,43.2,7,4,3,0,0,1.000,,,0,0,1.44,1.55,0.25,1.53,,,,,,,1,,cisnejo01
902,Josh Beckett,33,LAD,NL,8,8,1,43.1,10,2,7,1,0,.900,,,0,0,1.87,1.77,1.13,1.76,,,,,,,/1,,beckejo02
903,Matt Thornton,36,2TM,AL,60,0,0,43.1,11,3,6,2,0,.818,,,1,5,1.87,1.54,0.15,1.53,,,,,,,1,,thornma01
904,Scott Downs,37,2TM,2LG,68,0,0,43.1,14,7,6,1,3,.929,,,0,0,2.70,1.60,0.19,1.61,,,,,,,1,,downssc01
905,Adron Chambers,26,STL,NL,14,1,0,43.0,8,7,0,1,0,.875,-1,-22,-2,-56,1.47,2.13,0.50,2.13,,,,,,,H7/9,,chambad01
906,Steve Clevenger,27,2TM,2LG,6,5,4,43.0,35,31,3,1,0,.971,-1,-17,-1,-28,7.12,7.16,5.67,6.32,1,3,2,0,0.0,0,/H25,,clevest01
907,Antonio Bastardo,27,PHI,NL,48,0,0,42.2,2,1,1,0,0,1.000,,,-2,-9,0.42,1.77,0.04,1.76,,,,,,,1,,bastaan01
908,Matt Guerrier,34,2TM,NL,49,0,0,42.2,10,4,6,0,0,1.000,,,0,0,2.11,1.77,0.20,1.76,,,,,,,1,,guerrma02
909,Anthony Bass,25,SDP,NL,24,0,0,42.0,10,5,5,0,0,1.000,,,-1,-5,2.14,1.76,0.42,1.76,,,,,,,1,,bassan01
910,Nick Buss,26,LAD,NL,6,4,3,42.0,7,7,0,0,0,1.000,0,-6,0,0,1.50,2.12,1.17,2.13,,,,,,,/79H8,,bussni01
911,Joba Chamberlain,27,NYY,AL,45,0,0,42.0,7,3,4,0,0,1.000,,,-1,-5,1.50,1.54,0.16,1.53,,,,,,,1,,chambjo03
912,Lance Berkman,37,TEX,AL,4,4,3,41.2,45,38,6,1,3,.978,1,26,0,0,9.50,8.90,11.00,8.88,,,,,,,D/3H,,berkmla01
913,Manny Corpas,30,COL,NL,31,0,0,41.2,12,4,7,1,1,.917,,,2,10,2.38,1.77,0.35,1.76,,,,,,,1,,corpama01
914,Sandy Rosario,27,SFG,NL,43,0,0,41.2,12,1,11,0,0,1.000,,,1,5,2.59,1.77,0.28,1.76,,,,,,,1,,rosarsa02
915,Brandon Workman,24,BOS,AL,20,3,0,41.2,1,0,1,0,0,1.000,,,-2,-10,0.22,1.53,0.05,1.53,,,,,,,1,,workmbr01
916,Michael Choice,23,OAK,AL,7,3,2,41.0,10,10,0,0,0,1.000,2,44,1,29,2.20,2.24,1.43,2.23,,,,,,,/978DH,,choicmi01
917,Alex Liddi,24,SEA,AL,6,4,4,41.0,34,34,0,0,4,1.000,-1,-23,0,0,7.46,8.89,5.67,8.87,,,,,,,/3H,,liddial01
918,Dan Jennings,26,MIA,NL,47,0,0,40.2,9,3,6,0,0,1.000,,,0,0,1.99,1.77,0.19,1.76,,,,,,,1,,jennida01
919,Pat Neshek,32,OAK,AL,45,0,0,40.1,5,0,5,0,0,1.000,,,0,0,1.12,1.54,0.11,1.53,,,,,,,1,,neshepa01
920,Zack Britton,25,BAL,AL,8,7,0,40.0,5,1,4,0,0,1.000,,,-2,-10,1.13,1.53,0.63,1.53,,,,,,,/1,,brittza01
921,Eric Fryer,27,MIN,AL,5,4,4,40.0,30,28,2,0,0,1.000,1,30,1,30,6.75,8.21,6.00,8.18,0,1,3,2,40.0,0,/2DH,,fryerer01
922,Ethan Martin,24,PHI,NL,15,8,0,40.0,6,0,6,0,0,1.000,,,0,0,1.35,1.76,0.40,1.76,,,,,,,1,,martiet01
923,Tyler Pastornicky,23,ATL,NL,8,5,3,40.0,16,6,10,0,3,1.000,-1,-24,0,0,3.60,4.52,2.00,4.35,,,,,,,H/468,,pastoty01
924,David Aardsma,31,NYM,NL,43,0,0,39.2,6,1,5,0,0,1.000,,,0,0,1.36,1.77,0.14,1.76,,,,,,,1,,aardsda01
925,Blake Beavan,24,SEA,AL,12,2,0,39.2,4,0,4,0,0,1.000,,,0,0,0.91,1.54,0.33,1.53,,,,,,,1,,beavabl01
926,Kevin Siegrist,23,STL,NL,45,0,0,39.2,5,1,4,0,1,1.000,,,1,5,1.13,1.77,0.11,1.76,,,,,,,1,,siegrke01
927,Javier López,35,SFG,NL,69,0,0,39.1,14,5,9,0,1,1.000,,,1,5,3.20,1.76,0.20,1.76,,,,,,,1,,lopezja02
928,P.J. Walters,28,MIN,AL,8,8,0,39.1,7,3,4,0,0,1.000,,,-1,-5,1.60,1.53,0.88,1.53,,,,,,,/1,,waltepj01
929,Joe Thatcher,31,2TM,NL,72,0,0,39.1,4,0,4,0,0,1.000,,,2,10,0.92,1.76,0.06,1.76,,,,,,,1,,thatcjo01
930,Boone Logan,28,NYY,AL,61,0,0,39.0,4,1,3,0,0,1.000,,,-2,-10,0.92,1.55,0.07,1.53,,,,,,,1,,loganbo02
931,David Ortiz,37,BOS,AL,6,6,2,39.0,37,36,1,0,4,1.000,-2,-46,-1,-31,8.54,8.91,6.17,8.87,,,,,,,*D/3H,ASMVP-10SS,ortizda01
932,Dan Otero,28,OAK,AL,33,0,0,39.0,8,1,7,0,2,1.000,,,-1,-5,1.85,1.55,0.24,1.53,,,,,,,1,,oteroda01
933,José Álvarez,24,DET,AL,14,6,0,38.2,3,0,3,0,0,1.000,,,0,0,0.70,1.54,0.21,1.53,,,,,,,1,,alvarjo02
934,Nick Castellanos,21,DET,AL,9,4,2,38.2,5,5,0,0,0,1.000,0,6,-1,-31,1.16,2.23,0.56,2.23,,,,,,,/7HD,,casteni01
935,Rich Hill,33,CLE,AL,63,0,0,38.2,8,3,4,1,0,.875,,,-2,-10,1.63,1.54,0.11,1.53,,,,,,,1,,hillri01
936,Daisuke Matsuzaka,32,NYM,NL,7,7,0,38.2,5,1,4,0,0,1.000,,,-1,-5,1.16,1.77,0.71,1.76,,,,,,,/1,,matsuda01
937,Tyler Skaggs,21,ARI,NL,7,7,0,38.2,6,1,5,0,0,1.000,,,0,0,1.40,1.77,0.86,1.76,,,,,,,/1,,skaggty01
938,Alex Castellanos,26,LAD,NL,8,4,1,38.1,2,2,0,0,0,1.000,-1,-44,-2,-63,0.47,2.14,0.25,2.13,,,,,,,/97H,,casteal01
939,Phil Coke,30,DET,AL,49,0,0,38.1,7,0,6,1,0,.857,,,-1,-5,1.41,1.55,0.12,1.53,,,,,,,1,,cokeph01
940,Jake Diekman,26,PHI,NL,45,0,0,38.1,7,0,5,2,0,.714,,,-1,-5,1.17,1.76,0.11,1.76,,,,,,,1,,diekmja01
941,Kyle Farnsworth,37,2TM,2LG,48,0,0,38.1,10,4,6,0,0,1.000,,,-1,-5,2.35,1.60,0.21,1.57,,,,,,,1,,farnsky01
942,Josh Fields,27,HOU,AL,41,0,0,38.0,4,3,1,0,0,1.000,,,0,0,0.95,1.54,0.10,1.53,,,,,,,1/H,,fieldjo03
943,Neil Wagner,29,TOR,AL,36,0,0,38.0,7,0,7,0,2,1.000,,,0,0,1.66,1.54,0.19,1.53,,,,,,,1,,wagnene01
944,Ezequiel Carrera,26,2TM,2LG,8,3,3,38.0,11,11,0,0,0,1.000,-1,-35,-1,-32,2.61,2.16,1.38,2.14,,,,,,,/H978,,carreez01
945,Fernando Abad,27,WSN,NL,39,0,0,37.2,5,1,4,0,0,1.000,,,-1,-5,1.19,1.77,0.13,1.76,,,,,,,1,,abadfe01
946,Michael Bowden,26,CHC,NL,34,0,0,37.2,13,5,8,0,1,1.000,,,3,16,3.11,1.77,0.38,1.76,,,,,,,1,,bowdemi01
947,Tony Sipp,29,ARI,NL,56,0,0,37.2,7,4,2,1,0,.857,,,0,0,1.43,1.77,0.11,1.76,,,,,,,1,,sippto01
948,David Huff,28,2TM,AL,14,2,0,37.2,5,2,3,0,0,1.000,,,0,0,1.19,1.53,0.36,1.53,,,,,,,1,,huffda01
949,Alfredo Aceves,30,BOS,AL,11,6,0,37.0,11,2,7,2,0,.818,,,-1,-5,2.19,1.53,0.82,1.53,,,,,,,1,,aceveal01
950,Austin Kearns,33,MIA,NL,4,4,4,37.0,13,13,0,0,0,1.000,2,55,0,0,3.16,2.14,3.25,2.13,,,,,,,H/97,,kearnau01
951,Lucas Luetge,26,SEA,AL,35,0,0,37.0,5,2,3,0,1,1.000,,,0,0,1.22,1.53,0.14,1.53,,,,,,,1,,luetglu01
952,Jesse Crain,31,CHW,AL,38,0,0,36.2,4,1,2,1,0,.750,,,-1,-5,0.74,1.55,0.08,1.53,,,,,,,1,AS,crainje01
953,Héctor Ambriz,29,HOU,AL,43,0,0,36.1,10,1,9,0,1,1.000,,,0,0,2.48,1.54,0.23,1.53,,,,,,,1,,ambrihe01
954,Burch Smith,23,SDP,NL,10,7,0,36.1,6,2,3,1,0,.833,,,0,0,1.24,1.76,0.50,1.76,,,,,,,1,,smithbu03
955,Kevin Jepsen,28,LAA,AL,45,0,0,36.0,2,0,2,0,0,1.000,,,-2,-11,0.50,1.55,0.04,1.53,,,,,,,1,,jepseke01
956,Jonathan Schoop,21,BAL,AL,4,4,4,36.0,21,8,12,1,4,.952,-2,-50,-1,-33,5.00,4.65,5.00,4.63,,,,,,,/4H,,schoojo01
957,Randy Choate,37,STL,NL,64,0,0,35.1,9,4,5,0,0,1.000,,,-1,-6,2.29,1.76,0.14,1.76,,,,,,,1,,choatra01
958,Darin Downs,28,DET,AL,29,0,0,35.1,3,1,2,0,0,1.000,,,0,0,0.76,1.53,0.10,1.53,,,,,,,1,,downsda02
959,Ryan Mattheus,29,WSN,NL,37,0,0,35.1,6,3,3,0,1,1.000,,,-3,-17,1.53,1.76,0.16,1.76,,,,,,,1,,matthry01
960,Vinnie Pestano,28,CLE,AL,37,0,0,35.1,7,2,5,0,0,1.000,,,1,6,1.78,1.53,0.19,1.53,,,,,,,1,,pestavi01
961,Blake Lalli,30,MIL,NL,6,3,2,35.0,49,47,0,2,1,.959,-1,-48,-1,-34,12.09,9.33,7.83,9.20,0,0,0,0,,0,H/32,,lallibl01
962,Raúl Valdés,35,PHI,NL,17,1,0,35.0,8,1,7,0,1,1.000,,,3,17,2.06,1.75,0.47,1.76,,,,,,,1,,valdera02
963,Chris Withrow,24,LAD,NL,26,0,0,34.2,1,0,1,0,0,1.000,,,0,0,0.26,1.77,0.04,1.76,,,,,,,1,,withrch01
964,González Germen,25,NYM,NL,29,0,0,34.1,6,5,1,0,0,1.000,,,0,0,1.57,1.76,0.21,1.76,,,,,,,1,,germego01
965,Brandon Lyon,33,NYM,NL,37,0,0,34.1,7,1,5,1,0,.857,,,-1,-6,1.57,1.76,0.16,1.76,,,,,,,1,,lyonbr01
966,J.J. Putz,36,ARI,NL,40,0,0,34.1,5,0,5,0,0,1.000,,,1,6,1.31,1.76,0.13,1.76,,,,,,,1,,putzjj01
967,Jason Bourgeois,31,TBR,AL,7,4,2,34.0,8,8,0,0,0,1.000,-1,-35,-2,-71,2.12,2.25,1.14,2.23,,,,,,,/7HD9,,bourgja01
968,Brock Peterson,29,STL,NL,9,3,0,34.0,21,19,2,0,1,1.000,0,-14,-1,-35,5.56,5.77,2.33,5.37,,,,,,,H/73,,peterbr02
969,Travis Ishikawa,29,2TM,AL,5,4,3,34.0,27,26,1,0,1,1.000,0,4,-2,-71,7.15,8.89,5.40,8.88,,,,,,,/3D,,ishiktr01
970,Jeremy Affeldt,34,SFG,NL,39,0,0,33.2,10,1,9,0,0,1.000,,,1,6,2.67,1.76,0.26,1.76,,,,,,,1,,affelje01
971,Chad Jenkins,25,TOR,AL,10,3,0,33.1,11,2,8,1,2,.909,,,1,6,2.70,1.54,1.00,1.53,,,,,,,1,,jenkich01
972,Rob Scahill,26,COL,NL,23,0,0,33.1,11,7,4,0,1,1.000,,,0,0,2.97,1.76,0.48,1.76,,,,,,,1,,scahiro01
973,Will Smith,23,KCR,AL,19,1,0,33.1,7,2,4,1,1,.857,,,-1,-6,1.62,1.54,0.32,1.53,,,,,,,1,,smithwi04
974,Luke Scott,35,TBR,AL,11,2,1,33.0,18,17,0,1,0,.944,0,-7,-2,-73,4.64,4.66,1.55,5.25,,,,,,,DH/73,,scottlu01
975,Luis Ayala,35,2TM,2LG,39,0,0,33.0,10,0,10,0,1,1.000,,,2,12,2.73,1.75,0.26,1.75,,,,,,,1,,ayalalu01
976,Ben Francisco,31,NYY,AL,8,4,1,32.2,8,8,0,0,0,1.000,1,29,1,37,2.20,2.23,1.00,2.23,,,,,,,D/9H7,,francbe01
977,Roy Oswalt,35,COL,NL,9,6,0,32.1,8,5,3,0,1,1.000,,,-2,-12,2.23,1.75,0.89,1.76,,,,,,,/1,,oswalro01
978,Jared Hughes,27,PIT,NL,29,0,0,32.0,10,1,7,2,0,.800,,,0,0,2.25,1.77,0.28,1.76,,,,,,,1,,hugheja02
979,Greg Burke,30,NYM,NL,32,0,0,31.2,3,1,2,0,0,1.000,,,-3,-19,0.85,1.76,0.09,1.76,,,,,,,1,,burkegr01
980,Brad Lincoln,28,TOR,AL,22,0,0,31.2,11,5,6,0,1,1.000,,,0,0,3.13,1.53,0.50,1.53,,,,,,,1,,lincobr01
981,Juan Pérez,34,TOR,AL,19,0,0,31.2,8,3,5,0,0,1.000,,,0,0,2.27,1.53,0.42,1.53,,,,,,,1,,perezju01
982,Luis García,26,PHI,NL,24,0,0,31.1,10,0,10,0,0,1.000,,,1,6,2.87,1.75,0.42,1.76,,,,,,,1,,garcilu03
983,Nick Hagadone,27,CLE,AL,36,0,0,31.1,4,0,4,0,0,1.000,,,0,0,1.15,1.55,0.11,1.53,,,,,,,1,,hagadni01
984,Josh Lindblom,26,TEX,AL,8,5,0,31.1,6,1,5,0,0,1.000,,,0,0,1.72,1.55,0.75,1.53,,,,,,,/1,,lindbjo01
985,Zach Duke,30,2TM,NL,26,1,0,31.1,6,1,5,0,0,1.000,,,0,0,1.72,1.75,0.23,1.76,,,,,,,1,,dukeza01
986,Brad Brach,27,SDP,NL,33,0,0,31.0,7,2,5,0,1,1.000,,,0,0,2.03,1.77,0.21,1.76,,,,,,,1,,brachbr01
987,Cory Gearrin,27,ATL,NL,37,0,0,31.0,5,0,5,0,1,1.000,,,0,0,1.45,1.77,0.14,1.76,,,,,,,1,,gearrco01
988,Jonathan Broxton,29,CIN,NL,34,0,0,30.2,7,4,3,0,0,1.000,,,-2,-13,2.05,1.76,0.21,1.76,,,,,,,1,,broxtjo01
989,Brandon Cumpton,24,PIT,NL,6,5,0,30.2,3,2,1,0,0,1.000,,,-1,-7,0.88,1.76,0.50,1.77,,,,,,,/1,,cumptbr01
990,Johnny Hellweg,24,MIL,NL,8,7,0,30.2,2,1,1,0,0,1.000,,,-1,-7,0.59,1.76,0.25,1.76,,,,,,,/1,,hellwjo01
991,Jeff Manship,28,COL,NL,11,4,0,30.2,7,5,2,0,0,1.000,,,-1,-7,2.05,1.76,0.64,1.76,,,,,,,1,,manshje01
992,Andrew Miller,28,BOS,AL,37,0,0,30.2,5,2,2,1,0,.800,,,-2,-13,1.17,1.56,0.11,1.53,,,,,,,1,,millean01
993,Marc Rzepczynski,27,2TM,2LG,38,0,0,30.2,3,1,2,0,0,1.000,,,-1,-7,0.88,1.61,0.08,1.60,,,,,,,1,,rzepcma01
994,Clayton Mortensen,28,BOS,AL,24,0,0,30.1,8,3,4,1,0,.875,,,-2,-13,2.08,1.54,0.29,1.53,,,,,,,1,,mortecl01
995,Allen Webster,23,BOS,AL,8,7,0,30.1,5,3,2,0,0,1.000,,,-1,-7,1.48,1.54,0.63,1.53,,,,,,,/1,,webstal01
996,Brandon Beachy,26,ATL,NL,5,5,0,30.0,10,2,8,0,1,1.000,,,0,0,3.00,1.77,2.00,1.76,,,,,,,/1,,beachbr01
997,Corey Brown,27,WSN,NL,9,2,1,30.0,7,7,0,0,0,1.000,1,44,0,0,2.10,2.13,0.78,2.13,,,,,,,/H798,,brownco01
998,Guillermo Moscoso,29,SFG,NL,13,2,0,30.0,3,0,2,1,1,.667,,,1,7,0.60,1.77,0.15,1.76,,,,,,,1,,moscogu01
999,Ramón Troncoso,30,CHW,AL,29,0,0,30.0,11,3,6,2,0,.818,,,0,0,2.70,1.53,0.31,1.53,,,,,,,1,,troncra01
1000,Thomas Neal,25,2TM,2LG,4,4,2,30.0,9,9,0,0,0,1.000,-1,-44,-1,-40,2.70,2.22,2.25,2.20,,,,,,,/79DH,,nealth01
1001,Louis Coleman,27,KCR,AL,27,0,0,29.2,3,1,2,0,2,1.000,,,0,0,0.91,1.55,0.11,1.53,,,,,,,1,,colemlo01
1002,James McDonald,28,PIT,NL,6,6,0,29.2,4,2,1,1,0,.750,,,0,0,0.91,1.76,0.50,1.77,,,,,,,/1H,,mcdonja03
1003,Jake Odorizzi,23,TBR,AL,7,4,0,29.2,7,3,4,0,0,1.000,,,1,7,2.12,1.55,1.00,1.53,,,,,,,/1,,odorija01
1004,Luke Putkonen,27,DET,AL,30,0,0,29.2,3,2,1,0,0,1.000,,,-1,-7,0.91,1.55,0.10,1.53,,,,,,,1,,putkolu01
1005,Hiram Burgos,25,MIL,NL,6,6,0,29.1,6,2,4,0,0,1.000,,,-2,-14,1.84,1.75,1.00,1.77,,,,,,,/1,,burgohi01
1006,Greg Reynolds,27,CIN,NL,6,5,0,29.1,9,5,4,0,2,1.000,,,0,0,2.76,1.75,1.50,1.77,,,,,,,/1,,reynogr01
1007,Donnie Veal,28,CHW,AL,50,0,0,29.1,4,1,2,1,0,.750,,,-1,-7,0.92,1.53,0.06,1.53,,,,,,,1,,vealdo01
1008,Zach Lutz,27,NYM,NL,4,3,3,29.0,6,1,5,0,1,1.000,1,25,0,0,1.86,3.07,1.50,4.30,,,,,,,H/53D,,lutzza01
1009,Danny Valencia,28,BAL,AL,6,3,2,29.0,4,2,2,0,1,1.000,-1,-29,-1,-41,1.24,2.51,0.67,2.50,,,,,,,DH/5,,valenda01
1010,Andrew Bailey,29,BOS,AL,30,0,0,28.2,1,1,0,0,1,1.000,,,0,0,0.31,1.54,0.03,1.53,,,,,,,1,,bailean01
1011,Rafael Betancourt,38,COL,NL,31,0,0,28.2,6,0,6,0,0,1.000,,,1,7,1.88,1.76,0.19,1.76,,,,,,,1,,betanra01
1012,Josh Edgin,26,NYM,NL,34,0,0,28.2,0,0,0,0,0,,,,-1,-7,0.00,1.76,0.00,1.76,,,,,,,1,,edginjo01
1013,Zach Miner,31,PHI,NL,16,3,0,28.2,6,1,5,0,1,1.000,,,0,0,1.88,1.76,0.38,1.76,,,,,,,1,,minerza01
1014,Bruce Rondón,22,DET,AL,30,0,0,28.2,3,1,1,1,0,.667,,,-2,-14,0.63,1.54,0.07,1.53,,,,,,,1,,rondobr01
1015,Mike Kickham,24,SFG,NL,12,3,0,28.1,8,2,5,1,0,.875,,,-2,-14,2.22,1.75,0.58,1.76,,,,,,,1,,kickhmi01
1016,Carlos Martínez,21,STL,NL,21,1,0,28.1,7,4,3,0,1,1.000,,,-3,-21,2.22,1.75,0.33,1.76,,,,,,,1,,martica04
1017,Melky Mesa,26,NYY,AL,4,3,2,28.0,11,11,0,0,0,1.000,2,86,0,0,3.54,2.25,2.75,2.23,,,,,,,/789H,,mesame01
1018,José Ramírez,20,CLE,AL,8,2,1,28.0,13,2,10,1,0,.923,1,30,0,0,3.86,3.83,1.33,4.04,,,,,,,H/456D,,ramirjo01
1019,Fernando Salas,28,STL,NL,27,0,0,28.0,4,1,3,0,0,1.000,,,0,0,1.29,1.77,0.15,1.76,,,,,,,1,,salasfe01
1020,Erik Johnson,23,CHW,AL,5,5,0,27.2,5,2,2,1,0,.800,,,1,7,1.30,1.53,0.80,1.54,,,,,,,/1,,johnser04
1021,Matt Magill,23,LAD,NL,6,6,0,27.2,3,0,3,0,0,1.000,,,-2,-14,0.98,1.76,0.50,1.77,,,,,,,/1,,magilma01
1022,Alex Wilson,26,BOS,AL,26,0,0,27.2,7,1,6,0,1,1.000,,,2,14,2.28,1.53,0.27,1.53,,,,,,,1,,wilsoal01
1023,Rob Wooten,27,MIL,NL,27,0,0,27.2,3,0,3,0,0,1.000,,,0,0,0.98,1.76,0.11,1.76,,,,,,,1,,wootero01
1024,Josh Zeid,26,HOU,AL,25,0,0,27.2,8,2,5,1,0,.875,,,0,0,2.28,1.53,0.28,1.53,,,,,,,1,,zeidjo01
1025,Ian Krol,22,WSN,NL,32,0,0,27.1,5,2,3,0,0,1.000,,,1,7,1.65,1.75,0.16,1.76,,,,,,,1,,krolia01
1026,Jenrry Mejía,23,NYM,NL,5,5,0,27.1,3,2,1,0,0,1.000,,,-1,-7,0.99,1.75,0.60,1.76,,,,,,,/1H,,mejiaje01
1027,Héctor Noesí,26,SEA,AL,12,1,0,27.1,4,0,3,1,0,.750,,,-1,-7,0.99,1.55,0.25,1.53,,,,,,,1,,noesihe01
1028,Matt Reynolds,28,ARI,NL,30,0,0,27.1,3,0,3,0,0,1.000,,,0,0,0.99,1.75,0.10,1.76,,,,,,,1,,reynoma02
1029,Matt Diaz,35,MIA,NL,4,3,3,27.0,6,4,2,0,1,1.000,1,27,1,44,2.00,2.13,1.50,2.13,,,,,,,/H7,,diazma02
1030,Ryan Langerhans,33,TOR,AL,4,3,3,27.0,28,28,0,0,4,1.000,0,13,0,0,9.33,8.90,7.00,8.88,,,,,,,/3,,langery01
1031,Adam Moore,29,KCR,AL,5,3,1,27.0,26,22,3,1,0,.962,0,0,0,0,8.33,8.20,5.00,8.18,0,0,3,1,25.0,0,/2H,,mooread01
1032,Jason Pridie,29,BAL,AL,4,3,2,27.0,5,2,1,2,0,.600,-3,-133,-3,-133,1.00,2.23,0.75,2.23,,,,,,,/78,,pridija01
1033,Cameron Rupp,24,PHI,NL,3,3,3,27.0,26,25,1,0,0,1.000,0,0,0,0,8.67,8.10,8.67,8.10,0,1,2,0,0.0,0,/2H,,ruppca01
1034,Chien-Ming Wang,33,TOR,AL,6,6,0,27.0,11,3,8,0,2,1.000,,,0,0,3.67,1.53,1.83,1.53,,,,,,,/1,,wangch01
1035,Evan Scribner,27,OAK,AL,18,0,0,26.2,1,1,0,0,0,1.000,,,-2,-15,0.34,1.55,0.06,1.53,,,,,,,1,,scribev01
1036,Kameron Loe,31,3TM,2LG,20,1,0,26.2,4,1,3,0,0,1.000,,,0,0,1.35,1.69,0.20,1.71,,,,,,,1,,loeka01
1037,Juan Centeno,23,NYM,NL,4,3,1,26.0,30,28,2,0,0,1.000,0,0,1,46,10.38,8.10,7.50,8.10,0,1,4,1,20.0,0,/2,,centeju01
1038,Eric Hinske,35,ARI,NL,6,2,1,26.0,34,32,2,0,5,1.000,1,37,1,46,11.77,9.42,5.67,9.42,,,,,,,H/3D,,hinsker01
1039,Jeremy Horst,27,PHI,NL,28,0,0,26.0,4,0,4,0,2,1.000,,,-1,-8,1.38,1.77,0.14,1.76,,,,,,,1,,horstje01
1040,Collin McHugh,26,2TM,NL,7,5,0,26.0,9,3,6,0,0,1.000,,,-1,-8,3.12,1.77,1.29,1.76,,,,,,,/1,,mchugco01
1041,Drew Butera,29,2TM,2LG,6,2,1,26.0,21,21,0,0,1,1.000,0,-5,0,0,7.27,8.69,3.50,8.57,0,0,0,0,,0,/23,,buterdr01
1042,Dustin McGowan,31,TOR,AL,25,0,0,25.2,10,2,6,2,0,.800,,,1,8,2.81,1.54,0.32,1.53,,,,,,,1,,mcgowdu01
1043,Sergio Santos,29,TOR,AL,29,0,0,25.2,4,1,3,0,1,1.000,,,0,0,1.40,1.54,0.14,1.53,,,,,,,1,,santose01
1044,Jake Dunning,24,SFG,NL,29,0,0,25.1,7,1,5,1,0,.857,,,1,8,2.13,1.74,0.21,1.76,,,,,,,1,,dunnija01
1045,Franklin Morales,27,BOS,AL,20,1,0,25.1,5,1,4,0,0,1.000,,,0,0,1.78,1.53,0.25,1.53,,,,,,,1,,moralfr01
1046,Ramón Ortiz,40,TOR,AL,7,4,0,25.1,6,3,2,1,1,.833,,,1,8,1.78,1.53,0.71,1.53,,,,,,,/1,,ortizra02
1047,David Purcey,31,CHW,AL,24,0,0,25.1,4,1,3,0,0,1.000,,,1,8,1.42,1.53,0.17,1.53,,,,,,,1,,purceda01
1048,Mike Adams,34,PHI,NL,28,0,0,25.0,9,5,3,1,0,.889,,,0,0,2.88,1.76,0.29,1.76,,,,,,,1,,adamsmi03
1049,Sean O'Sullivan,25,SDP,NL,7,3,0,25.0,4,0,4,0,0,1.000,,,1,8,1.44,1.76,0.57,1.76,,,,,,,/1,,osullse01
1050,Danny Duffy,24,KCR,AL,5,5,0,24.1,3,1,2,0,1,1.000,,,1,8,1.11,1.55,0.60,1.54,,,,,,,/1,,duffyda01
1051,Gavin Floyd,30,CHW,AL,5,5,0,24.1,8,2,6,0,1,1.000,,,1,8,2.96,1.55,1.60,1.54,,,,,,,/1,,floydga01
1052,James Paxton,24,SEA,AL,4,4,0,24.0,3,0,3,0,0,1.000,,,0,0,1.13,1.54,0.75,1.53,,,,,,,/1,,paxtoja01
1053,Eury Pérez,23,WSN,NL,7,2,1,24.0,11,11,0,0,0,1.000,1,50,1,50,4.13,2.14,1.57,2.13,,,,,,,/87H9,,perezeu01
1054,JC Ramírez,24,PHI,NL,18,0,0,24.0,5,1,3,1,0,.800,,,-1,-8,1.50,1.76,0.22,1.76,,,,,,,1,,ramirjc01
1055,Joakim Soria,29,TEX,AL,26,0,0,23.2,2,1,1,0,0,1.000,,,-2,-17,0.76,1.56,0.08,1.53,,,,,,,1,,soriajo01
1056,Pete Orr,34,PHI,NL,4,3,2,23.1,7,4,2,1,0,.857,1,51,0,0,2.31,2.35,1.50,2.38,,,,,,,H/57,,orrpe01
1057,Curtis Partch,26,CIN,NL,14,0,0,23.1,6,2,4,0,0,1.000,,,0,0,2.31,1.77,0.43,1.76,,,,,,,1,,partccu01
1058,Evan Reed,27,DET,AL,16,0,0,23.1,11,2,6,3,0,.727,,,0,0,3.09,1.54,0.50,1.53,,,,,,,1,,reedev01
1059,Mitchell Boggs,29,2TM,NL,27,0,0,23.1,7,3,4,0,0,1.000,,,0,0,2.70,1.77,0.26,1.76,,,,,,,1,,boggsmi01
1060,Shawn Camp,37,CHC,NL,26,0,0,23.0,9,4,3,2,0,.778,,,0,0,2.74,1.76,0.27,1.76,,,,,,,1,,campsh01
1061,Ted Lilly,37,LAD,NL,5,5,0,23.0,4,0,3,1,0,.750,,,0,0,1.17,1.76,0.60,1.76,,,,,,,/1,,lillyte01
1062,Mike Fiers,28,MIL,NL,11,3,0,22.1,7,2,5,0,0,1.000,,,1,9,2.82,1.77,0.64,1.76,,,,,,,1,,fiersmi01
1063,Chaz Roe,26,ARI,NL,21,0,0,22.1,3,2,1,0,0,1.000,,,-1,-9,1.21,1.77,0.14,1.76,,,,,,,1,,roech01
1064,J.C. Boscán,33,CHC,NL,4,2,2,22.0,21,19,2,0,0,1.000,0,0,0,0,8.59,8.10,5.25,8.10,0,0,3,1,25.0,0,/2H,,boscajc01
1065,Brad Boxberger,25,SDP,NL,18,0,0,22.0,6,3,3,0,1,1.000,,,1,9,2.45,1.76,0.33,1.76,,,,,,,1,,boxbebr01
1066,Michael Kirkman,26,TEX,AL,25,0,0,22.0,0,0,0,0,0,,,,-1,-9,0.00,1.55,0.00,1.53,,,,,,,1,,kirkmmi01
1067,Cord Phelps,26,CLE,AL,3,2,2,22.0,6,3,2,1,0,.833,-2,-104,-1,-55,2.05,4.62,1.67,4.63,,,,,,,/4H,,phelpco01
1068,Henry Rodríguez,26,2TM,NL,22,0,0,22.0,1,0,1,0,0,1.000,,,-2,-18,0.41,1.76,0.05,1.76,,,,,,,1,,rodrihe03
1069,Quintin Berry,28,BOS,AL,9,1,1,21.2,4,4,0,0,0,1.000,0,-22,0,0,1.66,2.24,0.44,2.23,,,,,,,/H798D,,berryqu01
1070,Drew Pomeranz,24,COL,NL,8,4,0,21.2,2,0,2,0,0,1.000,,,0,0,0.83,1.74,0.25,1.76,,,,,,,/1,,pomerdr01
1071,Cory Rasmus,25,2TM,2LG,19,0,0,21.2,1,0,1,0,0,1.000,,,0,0,0.42,1.62,0.05,1.57,,,,,,,1,,rasmuco02
1072,Rhiner Cruz,26,HOU,AL,20,0,0,21.1,1,0,1,0,0,1.000,,,0,0,0.42,1.52,0.05,1.53,,,,,,,1,,cruzrh01
1073,Josh Lueke,28,TBR,AL,19,0,0,21.1,4,1,3,0,0,1.000,,,0,0,1.69,1.52,0.21,1.53,,,,,,,1,,luekejo01
1074,Brett Myers,32,CLE,AL,4,3,0,21.1,5,1,4,0,0,1.000,,,1,9,2.11,1.52,1.25,1.53,,,,,,,/1,,myersbr01
1075,Drake Britton,24,BOS,AL,18,0,0,21.0,3,0,3,0,1,1.000,,,0,0,1.29,1.54,0.17,1.53,,,,,,,1/DH,,brittdr01
1076,Joey Butler,27,TEX,AL,5,3,0,21.0,3,3,0,0,0,1.000,-1,-57,1,57,1.29,2.23,0.60,2.24,,,,,,,/7H9D,,butlejo04
1077,Jemile Weeks,26,OAK,AL,5,1,0,21.0,13,7,6,0,1,1.000,1,51,0,0,5.57,4.03,2.17,3.83,,,,,,,/4H8D,,weeksje01
1078,Brad Hand,23,MIA,NL,7,2,0,20.2,3,1,2,0,0,1.000,,,0,0,1.31,1.74,0.43,1.76,,,,,,,/1,,handbr01
1079,Kevin Chapman,25,HOU,AL,25,0,0,20.1,2,0,2,0,0,1.000,,,0,0,0.89,1.55,0.08,1.53,,,,,,,1,,chapmke02
1080,Keith Butler,24,STL,NL,16,0,0,20.0,3,2,1,0,0,1.000,,,0,0,1.35,1.76,0.19,1.76,,,,,,,1,,butleke01
1081,Vidal Nuño III,25,NYY,AL,5,3,0,20.0,2,0,2,0,0,1.000,,,0,0,0.90,1.53,0.40,1.54,,,,,,,/1,,nunovi01
1082,Michael Roth,23,LAA,AL,15,1,0,20.0,6,2,4,0,0,1.000,,,0,0,2.70,1.53,0.40,1.53,,,,,,,1,,rothmi01
1083,Joe Savery,27,PHI,NL,18,0,0,20.0,4,1,2,1,0,.750,,,0,0,1.35,1.76,0.17,1.76,,,,,,,1,,saverjo01
1084,Robert Carson,24,NYM,NL,14,0,0,19.2,4,1,3,0,0,1.000,,,0,0,1.83,1.78,0.29,1.76,,,,,,,1,,carsoro01
1085,B.J. Rosenberg,27,PHI,NL,22,0,0,19.2,3,0,3,0,1,1.000,,,0,0,1.37,1.78,0.14,1.76,,,,,,,1,,rosenbj01
1086,Phillippe Aumont,24,PHI,NL,22,0,0,19.1,4,1,3,0,0,1.000,,,0,0,1.86,1.77,0.18,1.76,,,,,,,1,,aumonph01
1087,Brandon Gomes,28,TBR,AL,26,0,0,19.1,4,0,4,0,0,1.000,,,0,0,1.86,1.54,0.15,1.53,,,,,,,1,,gomesbr01
1088,Chia-Jen Lo,27,HOU,AL,19,0,0,19.1,3,1,2,0,0,1.000,,,0,0,1.40,1.54,0.16,1.53,,,,,,,1,,loch02
1089,Jake Petricka,25,CHW,AL,16,0,0,19.1,4,0,4,0,0,1.000,,,0,0,1.86,1.54,0.25,1.53,,,,,,,1,,petrija01
1090,José Valverde,35,DET,AL,20,0,0,19.1,1,0,1,0,0,1.000,,,-1,-10,0.47,1.54,0.05,1.53,,,,,,,1,,valvejo01
1091,Brian Flynn,23,MIA,NL,4,4,0,18.0,1,0,1,0,0,1.000,,,0,0,0.50,1.75,0.25,1.75,,,,,,,/1,,flynnbr01
1092,Miguel González,22,CHW,AL,4,1,1,18.0,13,12,1,0,0,1.000,0,0,0,0,6.50,8.20,3.25,8.18,0,1,2,0,0.0,0,/2DH,,gonzami04
1093,Eric O'Flaherty,28,ATL,NL,19,0,0,18.0,5,0,5,0,0,1.000,,,0,0,2.50,1.75,0.26,1.76,,,,,,,1,,oflaher01
1094,Carlos Peguero,26,SEA,AL,2,2,2,18.0,3,3,0,0,0,1.000,0,13,-1,-67,1.50,2.25,1.50,2.25,,,,,,,/9,,pegueca01
1095,Shane Peterson,25,OAK,AL,2,2,2,18.0,10,8,2,0,1,1.000,0,-20,1,67,5.00,8.90,5.00,8.85,,,,,,,/3,,petersh01
1096,Chris Resop,30,OAK,AL,18,0,0,18.0,2,1,1,0,0,1.000,,,-2,-22,1.00,1.55,0.11,1.53,,,,,,,1,,resopch01
1097,Édgar González,30,2TM,AL,8,0,0,18.0,6,3,2,1,1,.833,,,1,11,2.50,1.55,0.63,1.54,,,,,,,/1,,gonzaed01
1098,Michael Stutes,26,PHI,NL,16,0,0,17.2,6,3,3,0,0,1.000,,,-1,-11,3.06,1.78,0.38,1.76,,,,,,,1,,sttuemi01
1099,Billy Buckner,29,LAA,AL,7,2,0,17.1,1,0,1,0,0,1.000,,,0,0,0.52,1.56,0.14,1.53,,,,,,,/1,,bucknbi02
1100,Michael Blazek,24,2TM,NL,18,0,0,17.1,1,1,0,0,0,1.000,,,0,0,0.52,1.77,0.06,1.76,,,,,,,1,,blazemi01
1101,Trevor Bauer,22,CLE,AL,4,4,0,17.0,4,2,2,0,0,1.000,,,0,0,2.12,1.54,1.00,1.53,,,,,,,/1,,bauertr01
1102,Robert Coello,28,LAA,AL,16,0,0,17.0,1,1,0,0,0,1.000,,,0,0,0.53,1.54,0.06,1.53,,,,,,,1,,coellro01
1103,Elián Herrera,28,LAD,NL,2,2,2,17.0,1,0,0,1,0,.000,0,-14,0,0,0.00,2.12,0.00,2.15,,,,,,,/7H,,herreel01
1104,Colt Hynes,28,SDP,NL,22,0,0,17.0,5,1,4,0,0,1.000,,,1,12,2.65,1.75,0.23,1.76,,,,,,,1,,hynesco01
1105,César Jiménez,28,PHI,NL,19,0,0,17.0,2,1,1,0,0,1.000,,,0,0,1.06,1.75,0.11,1.76,,,,,,,1,,jimence01
1106,Corban Joseph,24,NYY,AL,2,2,2,17.0,14,8,6,0,1,1.000,1,49,0,0,7.41,6.62,7.00,6.75,,,,,,,/34,,josepco01
1107,Chris Marrero,24,WSN,NL,3,2,1,17.0,14,12,2,0,1,1.000,0,14,0,0,7.41,9.42,4.67,9.40,,,,,,,/H3D,,marrech01
1108,Josh Stinson,25,BAL,AL,11,1,0,17.0,4,3,1,0,0,1.000,,,0,0,2.12,1.54,0.36,1.53,,,,,,,1,,stinsjo01
1109,Vic Black,25,2TM,NL,18,0,0,17.0,4,1,2,1,1,.750,,,0,0,1.59,1.75,0.17,1.76,,,,,,,1,,blackvi01
1110,Jon Rauch,34,MIA,NL,15,0,0,16.2,5,1,4,0,0,1.000,,,0,0,2.70,1.78,0.33,1.76,,,,,,,1,,rauchjo01
1111,Brian Omogrosso,29,CHW,AL,12,0,0,16.1,3,2,1,0,0,1.000,,,-1,-12,1.65,1.54,0.25,1.53,,,,,,,1,,omogrbr01
1112,Alex Colomé,24,TBR,AL,3,3,0,16.0,2,1,0,1,0,.500,,,0,0,0.56,1.52,0.33,1.53,,,,,,,/1,,colomal01
1113,Chad Durbin,35,PHI,NL,16,0,0,16.0,1,0,1,0,0,1.000,,,-1,-13,0.56,1.74,0.06,1.76,,,,,,,1,,durbich01
1114,Todd Cunningham,24,ATL,NL,7,0,0,15.2,0,0,0,0,0,,0,0,0,0,0.00,2.13,0.00,2.13,,,,,,,/7H9,,cunnito01
1115,Steve Johnson,25,BAL,AL,9,1,0,15.2,1,0,1,0,0,1.000,,,0,0,0.57,1.55,0.11,1.53,,,,,,,/1,,johnsst02
1116,Buddy Boshers,25,LAA,AL,25,0,0,15.1,5,1,4,0,0,1.000,,,1,13,2.93,1.53,0.20,1.53,,,,,,,1,,boshebu01
1117,Charles Leesman,26,CHW,AL,8,1,0,15.1,3,1,2,0,0,1.000,,,0,0,1.76,1.53,0.38,1.53,,,,,,,/1,,leesmch01
1118,Peter Moylan,34,LAD,NL,14,0,0,15.1,0,0,0,0,0,,,,1,13,0.00,1.76,0.00,1.76,,,,,,,1,,moylape01
1119,Yordano Ventura,22,KCR,AL,3,3,0,15.1,4,1,2,1,2,.750,,,1,13,1.76,1.53,1.00,1.53,,,,,,,/1,,ventuyo01
1120,Scott Baker,31,CHC,NL,3,3,0,15.0,3,2,1,0,0,1.000,,,-1,-13,1.80,1.74,1.00,1.77,,,,,,,/1,,bakersc02
1121,Cole De Vries,28,MIN,AL,4,2,0,15.0,3,1,2,0,0,1.000,,,0,0,1.80,1.56,0.75,1.53,,,,,,,/1,,devrico01
1122,Phil Gosselin,24,ATL,NL,3,1,0,15.0,7,2,5,0,1,1.000,0,24,0,0,4.20,4.74,2.33,4.73,,,,,,,/4H,,gosseph01
1123,Ryan Jackson,25,STL,NL,6,1,0,15.0,4,1,3,0,0,1.000,-1,-104,-1,-80,2.40,3.84,0.67,3.60,,,,,,,/H546,,jacksry02
1124,Steven Lerud,28,PHI,NL,5,1,1,15.0,7,7,0,0,0,1.000,-1,-80,0,0,4.20,8.10,1.40,8.10,0,2,2,0,0.0,0,/2H,,lerudst01
1125,Josh Prince,25,MIL,NL,4,1,1,15.0,2,2,0,0,0,1.000,0,-32,0,0,1.20,2.22,0.50,2.25,,,,,,,/H759D,,princjo01
1126,Taijuan Walker,20,SEA,AL,3,3,0,15.0,1,0,1,0,0,1.000,,,0,0,0.60,1.56,0.33,1.53,,,,,,,/1,,walketa01
1127,Thad Weber,28,2TM,2LG,8,0,0,15.0,6,2,3,1,0,.833,,,1,13,3.00,1.68,0.63,1.63,,,,,,,/1,,weberth01
1128,Eury De La Rosa,23,ARI,NL,19,0,0,14.2,3,0,2,1,0,.667,,,0,0,1.23,1.78,0.11,1.76,,,,,,,1,,delareu01
1129,Tim Beckham,23,TBR,AL,4,1,0,14.0,5,0,5,0,0,1.000,0,-34,0,0,3.21,4.63,1.25,4.50,,,,,,,/H46,,beckhti01
1130,Brooks Raley,25,CHC,NL,9,0,0,14.0,4,2,1,1,0,.750,,,0,0,1.93,1.74,0.33,1.76,,,,,,,/1,,raleybr01
1131,Neftali Soto,24,CIN,NL,5,0,0,14.0,14,14,0,0,2,1.000,0,17,0,0,9.00,9.45,2.80,9.42,,,,,,,/H3,,sotone01
1132,Matt Langwell,27,2TM,2LG,13,0,0,14.0,2,0,2,0,0,1.000,,,0,0,1.29,1.67,0.15,1.68,,,,,,,1,,langwma01
1133,Jonathan Sánchez,30,PIT,NL,5,4,0,13.2,3,0,2,1,0,.667,,,0,0,1.32,1.78,0.40,1.76,,,,,,,/1H,,sanchjo01
1134,Brian Wilson,31,LAD,NL,18,0,0,13.2,4,1,3,0,1,1.000,,,0,0,2.63,1.78,0.22,1.76,,,,,,,1,,wilsobr01
1135,Steven Wright,28,BOS,AL,4,1,0,13.1,1,0,1,0,0,1.000,,,0,0,0.68,1.55,0.25,1.53,,,,,,,/1,,wrighst01
1136,Arquimedes Caminero,26,MIA,NL,13,0,0,13.0,0,0,0,0,0,,,,0,0,0.00,1.73,0.00,1.76,,,,,,,1,,caminar01
1137,Jonathan Diaz,28,BOS,AL,4,1,1,13.0,5,2,3,0,0,1.000,-1,-55,1,92,3.46,2.63,1.25,3.03,,,,,,,/5H4,,diazjo02
1138,Shelley Duncan,33,TBR,AL,4,1,0,13.0,15,14,1,0,2,1.000,0,28,0,0,10.38,8.93,3.75,8.88,,,,,,,D/H3,,duncash01
1139,Derek Lowe,40,TEX,AL,9,0,0,13.0,2,0,2,0,0,1.000,,,0,0,1.38,1.52,0.22,1.53,,,,,,,/1,,lowede01
1140,Zach Walters,23,WSN,NL,4,1,1,13.0,7,0,7,0,1,1.000,1,55,0,0,4.85,4.02,1.75,3.50,,,,,,,/H56,,walteza01
1141,Aaron Laffey,28,2TM,2LG,5,3,0,12.2,2,0,2,0,0,1.000,,,0,0,1.42,1.78,0.40,1.70,,,,,,,/1,,laffeaa01
1142,Sam Freeman,26,STL,NL,13,0,0,12.1,4,0,3,1,0,.750,,,-1,-16,2.19,1.75,0.23,1.76,,,,,,,1,,freemsa01
1143,John Gast,24,STL,NL,3,3,0,12.1,1,1,0,0,0,1.000,,,-1,-16,0.73,1.75,0.33,1.77,,,,,,,/1,,gastjo01
1144,Xavier Cedeño,26,2TM,2LG,16,0,0,12.1,5,3,2,0,0,1.000,,,0,0,3.65,1.68,0.31,1.69,,,,,,,1,,cedenxa01
1145,Chad Billingsley,28,LAD,NL,2,2,0,12.0,2,0,2,0,0,1.000,,,0,0,1.50,1.73,1.00,1.75,,,,,,,/1,,billich01
1146,Kyuji Fujikawa,32,CHC,NL,12,0,0,12.0,2,1,1,0,0,1.000,,,0,0,1.50,1.73,0.17,1.76,,,,,,,1,,fujikky01
1147,Nate Karns,25,WSN,NL,3,3,0,12.0,3,3,0,0,0,1.000,,,0,0,2.25,1.73,1.00,1.77,,,,,,,/1,,karnsna01
1148,Brett Marshall,23,NYY,AL,3,0,0,12.0,2,1,1,0,1,1.000,,,0,0,1.50,1.58,0.67,1.53,,,,,,,/1,,marshbr01
1149,Scott Sizemore,28,OAK,AL,2,2,1,12.0,6,4,2,0,2,1.000,-2,-220,-2,-200,4.50,4.65,3.00,4.60,,,,,,,/4,,sizemsc01
1150,Steve Susdorf,27,PHI,NL,2,1,1,12.0,4,3,0,1,0,.750,-1,-60,0,0,2.25,2.10,1.50,2.15,,,,,,,/7H,,susdost01
1151,Mark Lowe,30,LAA,AL,11,0,0,11.2,4,0,4,0,0,1.000,,,-1,-17,3.09,1.54,0.36,1.53,,,,,,,1,,lowema01
1152,Lou Marson,27,CLE,AL,3,2,1,11.2,12,11,1,0,1,1.000,-1,-103,-1,-103,9.26,8.25,4.00,8.17,0,0,4,0,0.0,0,/2,,marsolo01
1153,José Ortega,24,DET,AL,11,0,0,11.2,4,1,2,1,0,.750,,,0,0,2.31,1.54,0.27,1.53,,,,,,,1,,ortegjo01
1154,Cory Burns,25,TEX,AL,10,0,0,11.1,1,0,0,1,0,.000,,,-2,-35,0.00,1.51,0.00,1.53,,,,,,,1,,burnsco01
1155,Rubby De La Rosa,24,BOS,AL,11,0,0,11.1,3,1,1,1,0,.667,,,0,0,1.59,1.51,0.18,1.53,,,,,,,1,,delarru01
1156,José De La Torre,27,BOS,AL,7,0,0,11.1,1,1,0,0,0,1.000,,,0,0,0.79,1.51,0.14,1.53,,,,,,,/1,,delatjo01
1157,Pedro Feliciano,36,NYM,NL,25,0,0,11.1,4,1,3,0,0,1.000,,,-1,-18,3.18,1.75,0.16,1.76,,,,,,,1,,felicpe01
1158,David Martínez,25,HOU,AL,4,0,0,11.1,4,0,4,0,0,1.000,,,1,18,3.18,1.51,1.00,1.53,,,,,,,/1,,martida02
1159,Zeke Spruill,23,ARI,NL,6,2,0,11.1,2,0,2,0,0,1.000,,,0,0,1.59,1.75,0.33,1.77,,,,,,,/1,,spruize01
1160,Michael Tonkin,23,MIN,AL,9,0,0,11.1,2,0,2,0,1,1.000,,,0,0,1.59,1.51,0.22,1.53,,,,,,,/1,,tonkimi01
1161,Daniel Webb,23,CHW,AL,9,0,0,11.1,0,0,0,0,0,,,,0,0,0.00,1.51,0.00,1.53,,,,,,,/1,,webbda01
1162,Sam Dyson,25,MIA,NL,5,1,0,11.0,1,1,0,0,0,1.000,,,-1,-18,0.82,1.80,0.20,1.76,,,,,,,/1,,dysonsa01
1163,David Hale,25,ATL,NL,2,2,0,11.0,2,1,1,0,0,1.000,,,0,0,1.64,1.80,1.00,1.75,,,,,,,/1,,haleda02
1164,Ryan Reid,28,PIT,NL,7,0,0,11.0,2,1,1,0,0,1.000,,,0,0,1.64,1.80,0.29,1.76,,,,,,,/1,,reidry01
1165,Jeurys Familia,23,NYM,NL,9,0,0,10.2,1,1,0,0,1,1.000,,,-1,-19,0.84,1.77,0.11,1.76,,,,,,,/1,,familje01
1166,Javy Guerra,27,LAD,NL,9,0,0,10.2,4,1,2,1,0,.750,,,0,0,2.53,1.77,0.33,1.76,,,,,,,/1,,guerrja01
1167,Matt Harrison,27,TEX,AL,2,2,0,10.2,2,1,1,0,0,1.000,,,0,0,1.69,1.52,1.00,1.55,,,,,,,/1,,harrima01
1168,Bobby LaFromboise,27,SEA,AL,10,0,0,10.2,2,0,2,0,0,1.000,,,0,0,1.69,1.52,0.20,1.53,,,,,,,1,,lafrobo01
1169,Jeremy Jeffress,25,TOR,AL,10,0,0,10.1,2,0,2,0,0,1.000,,,-1,-19,1.74,1.57,0.20,1.53,,,,,,,1,,jeffrje01
1170,Kris Johnson,28,PIT,NL,4,1,0,10.1,1,1,0,0,0,1.000,,,0,0,0.87,1.74,0.25,1.75,,,,,,,/1,,johnskr01
1171,Sean Marshall,30,CIN,NL,16,0,0,10.1,3,0,3,0,0,1.000,,,1,19,2.61,1.74,0.19,1.76,,,,,,,1,,marshse01
1172,Pedro Beato,26,BOS,AL,10,0,0,10.0,1,0,1,0,0,1.000,,,0,0,0.90,1.53,0.10,1.53,,,,,,,1,,beatope01
1173,Jorge De León,25,HOU,AL,11,0,0,10.0,2,1,1,0,0,1.000,,,0,0,1.80,1.53,0.18,1.53,,,,,,,1,,deleojo02
1174,Efren Navarro,27,LAA,AL,2,1,0,10.0,9,7,2,0,2,1.000,-1,-84,0,0,8.10,8.91,4.50,8.85,,,,,,,/3H,,navaref01
1175,Jimmy Nelson,24,MIL,NL,4,1,0,10.0,1,0,1,0,0,1.000,,,0,0,0.90,1.80,0.25,1.75,,,,,,,/1,,nelsoji02
1176,Chris Robinson,29,SDP,NL,2,1,1,10.0,8,8,0,0,0,1.000,0,0,0,0,7.20,8.10,4.00,8.10,0,0,0,0,,0,/H2,,robinch02
1177,Henry Rodríguez,23,CIN,NL,3,0,0,10.0,6,3,3,0,2,1.000,-1,-120,0,0,5.40,4.68,2.00,4.73,,,,,,,/H4,,rodrihe04
1178,Sean Burnett,30,LAA,AL,13,0,0,9.2,1,1,0,0,0,1.000,,,0,0,0.93,1.58,0.08,1.53,,,,,,,1,,burnese01
1179,Shairon Martis,26,MIN,AL,6,0,0,9.2,2,2,0,0,0,1.000,,,0,0,1.86,1.58,0.33,1.53,,,,,,,/1,,martish01
1180,Chance Ruffin,24,SEA,AL,9,0,0,9.2,0,0,0,0,0,,,,0,0,0.00,1.58,0.00,1.53,,,,,,,/1,,ruffich01
1181,Kyle McClellan,29,TEX,AL,7,0,0,9.1,1,1,0,0,0,1.000,,,0,0,0.96,1.54,0.14,1.53,,,,,,,/1,,mccleky01
1182,Stolmy Pimentel,23,PIT,NL,5,0,0,9.1,0,0,0,0,0,,,,0,0,0.00,1.74,0.00,1.76,,,,,,,/1,,pimenst01
1183,Ryan Brasier,25,LAA,AL,7,0,0,9.0,1,0,1,0,0,1.000,,,0,0,1.00,1.50,0.14,1.53,,,,,,,/1,,brasiry01
1184,Irving Falu,30,KCR,AL,1,1,1,9.0,1,1,0,0,0,1.000,0,0,0,0,1.00,2.50,1.00,2.50,,,,,,,/5,,faluir01
1185,Andy LaRoche,29,TOR,AL,1,1,1,9.0,4,1,3,0,1,1.000,0,53,1,133,4.00,2.50,4.00,2.50,,,,,,,/5,,larocan01
1186,Scott Barnes,25,CLE,AL,6,0,0,8.2,4,1,3,0,0,1.000,,,1,23,4.15,1.56,0.67,1.53,,,,,,,/1,,barnesc01
1187,Erik Davis,26,WSN,NL,10,0,0,8.2,3,0,3,0,0,1.000,,,1,23,3.12,1.77,0.30,1.76,,,,,,,1,,daviser02
1188,Chris Hatcher,28,MIA,NL,7,0,0,8.2,2,0,2,0,0,1.000,,,0,0,2.08,1.77,0.29,1.76,,,,,,,/1,,hatchch02
1189,Tommy Layne,28,SDP,NL,14,0,0,8.2,1,0,1,0,0,1.000,,,0,0,1.04,1.77,0.07,1.76,,,,,,,1,,layneto01
1190,Francisley Bueno,32,KCR,AL,7,0,0,8.1,4,2,2,0,0,1.000,,,1,24,4.32,1.51,0.57,1.53,,,,,,,/1,,buenofr01
1191,José Domínguez,22,LAD,NL,9,0,0,8.1,2,0,2,0,0,1.000,,,0,0,2.16,1.73,0.22,1.76,,,,,,,/1,,dominjo01
1192,Barry Enright,27,LAA,AL,4,2,0,8.1,2,1,1,0,0,1.000,,,0,0,2.16,1.51,0.50,1.53,,,,,,,/1,,enrigba01
1193,Chris Volstad,26,COL,NL,6,0,0,8.1,0,0,0,0,0,,,,0,0,0.00,1.73,0.00,1.77,,,,,,,/1,,volstch01
1194,Brandon Bantz,26,SEA,AL,1,1,0,8.0,5,5,0,0,0,1.000,0,0,0,0,5.63,8.21,5.00,8.20,0,0,2,0,0.0,0,/2,,bantzbr01
1195,Deunte Heath,27,CHW,AL,5,0,0,7.2,0,0,0,0,0,,,,-1,-26,0.00,1.53,0.00,1.54,,,,,,,/1,,heathde01
1196,Heath Hembree,24,SFG,NL,9,0,0,7.2,0,0,0,0,0,,,,0,0,0.00,1.76,0.00,1.76,,,,,,,/1,,hembrhe01
1197,Joel Hanrahan,31,BOS,AL,9,0,0,7.1,2,1,1,0,0,1.000,,,0,0,2.45,1.47,0.22,1.53,,,,,,,/1,,hanrajo01
1198,Jair Jurrjens,27,BAL,AL,2,1,0,7.1,0,0,0,0,0,,,,0,0,0.00,1.47,0.00,1.55,,,,,,,/1,,jurrjja01
1199,John Maine,32,MIA,NL,4,0,0,7.1,2,1,1,0,0,1.000,,,0,0,2.45,1.72,0.50,1.75,,,,,,,/1,,mainejo01
1200,Stephen Pryor,23,SEA,AL,7,0,0,7.1,1,1,0,0,0,1.000,,,0,0,1.23,1.47,0.14,1.53,,,,,,,/1,,pryorst01
1201,Ricky Romero,28,TOR,AL,4,2,0,7.1,2,0,2,0,0,1.000,,,0,0,2.45,1.47,0.50,1.53,,,,,,,/1,,romerri01
1202,Josh Wall,26,LAD,NL,6,0,0,7.0,0,0,0,0,0,,,,-1,-29,0.00,1.80,0.00,1.77,,,,,,,/1,,walljo02
1203,Simon Castro,25,CHW,AL,4,0,0,6.2,0,0,0,0,0,,,,0,0,0.00,1.49,0.00,1.53,,,,,,,/1,,castrsi01
1204,Zac Rosscup,25,CHC,NL,10,0,0,6.2,0,0,0,0,0,,,,-1,-30,0.00,1.76,0.00,1.76,,,,,,,1,,rosscza01
1205,Frank Francisco,33,NYM,NL,8,0,0,6.1,1,0,1,0,0,1.000,,,0,0,1.42,1.71,0.13,1.76,,,,,,,/1,,francfr01
1206,Eduardo Sánchez,24,CHC,NL,4,0,0,6.1,1,0,1,0,0,1.000,,,0,0,1.42,1.71,0.25,1.75,,,,,,,/1,,sanched01
1207,Mike Zagurski,30,2TM,2LG,7,0,0,6.1,1,0,1,0,0,1.000,,,0,0,1.42,1.85,0.14,1.73,,,,,,,/1,,zagurmi01
1208,Charles Brewer,25,ARI,NL,4,0,0,6.0,2,0,2,0,0,1.000,,,0,0,3.00,1.80,0.50,1.75,,,,,,,/1,,brewech01
1209,Alberto Cabrera,24,CHC,NL,7,0,0,6.0,3,1,2,0,0,1.000,,,1,33,4.50,1.80,0.43,1.76,,,,,,,/1,,cabreal03
1210,Scott Cousins,28,LAA,AL,4,0,0,6.0,0,0,0,0,0,,0,0,0,0,0.00,2.25,0.00,2.23,,,,,,,/H79,,cousisc01
1211,Matt Daley,31,NYY,AL,7,0,0,6.0,1,0,1,0,0,1.000,,,0,0,1.50,1.50,0.14,1.53,,,,,,,/1,,daleyma01
1212,Chris Gimenez,30,TBR,AL,3,0,0,6.0,5,4,1,0,0,1.000,0,60,0,0,7.50,6.75,1.67,6.53,0,0,0,0,,0,/H235,,gimench01
1213,Danny Worth,27,DET,AL,2,0,0,6.0,4,0,3,1,0,.750,-2,-300,0,0,4.50,2.55,1.50,2.50,,,,,,,/5DH,,worthda01
1214,Donnie Joseph,25,KCR,AL,6,0,0,5.2,2,0,2,0,0,1.000,,,0,0,3.18,1.59,0.33,1.53,,,,,,,/1,,josepdo01
1215,Ramón Ramírez,31,SFG,NL,6,0,0,5.2,1,0,1,0,1,1.000,,,0,0,1.59,1.75,0.17,1.77,,,,,,,/1,,ramirra02
1216,Pedro Villarreal,25,CIN,NL,2,1,0,5.2,0,0,0,0,0,,,,0,0,0.00,1.75,0.00,1.75,,,,,,,/1,,villape01
1217,Preston Guilmet,25,CLE,AL,4,0,0,5.1,2,1,1,0,0,1.000,,,-1,-38,3.38,1.52,0.50,1.53,,,,,,,/1,,guilmpr01
1218,Nick Maronde,23,LAA,AL,10,0,0,5.1,1,0,1,0,0,1.000,,,0,0,1.69,1.52,0.10,1.53,,,,,,,1,,maronni01
1219,Dellin Betances,25,NYY,AL,6,0,0,5.0,0,0,0,0,0,,,,0,0,0.00,1.62,0.00,1.53,,,,,,,/1,,betande01
1220,José Contreras,41,PIT,NL,7,0,0,5.0,3,1,2,0,0,1.000,,,0,0,5.40,1.80,0.43,1.76,,,,,,,/1,,contrjo01
1221,Rafael Dolis,25,CHC,NL,5,0,0,5.0,0,0,0,0,0,,,,0,0,0.00,1.80,0.00,1.76,,,,,,,/1,,dolisra01
1222,Chang-Yong Lim,37,CHC,NL,6,0,0,5.0,0,0,0,0,0,,,,0,0,0.00,1.80,0.00,1.77,,,,,,,/1,,limch01
1223,Joe Martinez,30,CLE,AL,2,0,0,5.0,0,0,0,0,0,,,,0,0,0.00,1.62,0.00,1.55,,,,,,,/1,,martijo07
1224,Edgar Olmos,23,MIA,NL,5,0,0,5.0,2,0,1,1,0,.500,,,-1,-40,1.80,1.80,0.20,1.76,,,,,,,/1,,olmosed01
1225,Luis Pérez,28,TOR,AL,6,0,0,5.0,1,0,1,0,0,1.000,,,0,0,1.80,1.62,0.17,1.53,,,,,,,/1,,perezlu01
1226,Matt Shoemaker,26,LAA,AL,1,1,0,5.0,1,0,1,0,0,1.000,,,1,40,1.80,1.62,1.00,1.50,,,,,,,/1,,shoemma01
1227,Tim Byrdak,39,NYM,NL,8,0,0,4.2,0,0,0,0,0,,,,0,0,0.00,1.74,0.00,1.76,,,,,,,/1,,byrdati01
1228,Octavio Dotel,39,DET,AL,6,0,0,4.2,1,0,1,0,0,1.000,,,0,0,1.93,1.54,0.17,1.53,,,,,,,/1,,doteloc01
1229,Neftalí Feliz,25,TEX,AL,6,0,0,4.2,0,0,0,0,0,,,,-1,-43,0.00,1.54,0.00,1.53,,,,,,,/1,,felizne01
1230,Phil Irwin,26,PIT,NL,1,1,0,4.2,2,0,2,0,0,1.000,,,0,0,3.86,1.74,2.00,1.80,,,,,,,/1,,irwinph01
1231,Mauricio Robles,24,PHI,NL,3,0,0,4.2,0,0,0,0,0,,,,1,43,0.00,1.74,0.00,1.77,,,,,,,/1,,roblema01
1232,Enny Romero,22,TBR,AL,1,1,0,4.2,1,0,1,0,1,1.000,,,0,0,1.93,1.54,1.00,1.50,,,,,,,/1,,romeren01
1233,C.C. Lee,26,CLE,AL,8,0,0,4.1,0,0,0,0,0,,,,0,0,0.00,1.45,0.00,1.53,,,,,,,/1,,leech01
1234,Brayan Villarreal,26,2TM,AL,8,0,0,4.1,2,0,2,0,1,1.000,,,0,0,4.15,1.45,0.25,1.53,,,,,,,/1,,villabr02
1235,Steve Ames,25,MIA,NL,4,0,0,4.0,1,1,0,0,0,1.000,,,0,0,2.25,1.80,0.25,1.75,,,,,,,/1,,amesst01
1236,Nick Christiani,25,CIN,NL,3,0,0,4.0,0,0,0,0,0,,,,0,0,0.00,1.80,0.00,1.77,,,,,,,/1,,chrisni01
1237,Chris Leroux,29,PIT,NL,2,0,0,4.0,0,0,0,0,0,,,,0,0,0.00,1.80,0.00,1.75,,,,,,,/1,,lerouch01
1238,Hideki Okajima,37,OAK,AL,5,0,0,4.0,2,0,2,0,0,1.000,,,1,50,4.50,1.58,0.40,1.54,,,,,,,/1,,okajihi01
1239,Mickey Storey,27,TOR,AL,3,0,0,4.0,0,0,0,0,0,,,,0,0,0.00,1.58,0.00,1.53,,,,,,,/1,,storemi01
1240,César Cabral,24,NYY,AL,8,0,0,3.2,0,0,0,0,0,,,,0,0,0.00,1.47,0.00,1.53,,,,,,,/1,,cabrace01
1241,David Holmberg,21,ARI,NL,1,1,0,3.2,1,1,0,0,0,1.000,,,0,0,2.45,1.72,1.00,1.80,,,,,,,/1,,holmbda01
1242,Zach Putnam,25,CHC,NL,5,0,0,3.1,0,0,0,0,0,,,,0,0,0.00,1.62,0.00,1.76,,,,,,,/1,,putnaza01
1243,Angel Sánchez,29,CHW,AL,1,0,0,3.1,1,0,1,0,0,1.000,0,-108,0,0,2.70,4.59,1.00,4.60,,,,,,,/4,,sanchan02
1244,Dave Bush,33,TOR,AL,1,0,0,3.0,0,0,0,0,0,,,,0,0,0.00,1.50,0.00,1.50,,,,,,,/1,,bushda01
1245,Chris Dwyer,25,KCR,AL,2,0,0,3.0,3,0,3,0,1,1.000,,,0,0,9.00,1.50,1.50,1.55,,,,,,,/1,,dwyerch01
1246,Pedro Figueroa,27,OAK,AL,5,0,0,3.0,0,0,0,0,0,,,,0,0,0.00,1.50,0.00,1.54,,,,,,,/1,,figuepe01
1247,Víctor Marte,32,STL,NL,4,0,0,3.0,1,0,0,1,0,.000,,,-1,-67,0.00,1.80,0.00,1.75,,,,,,,/1,,martevi01
1248,Johnny Monell,27,SFG,NL,1,0,0,3.0,4,4,0,0,0,1.000,0,0,0,0,12.00,8.10,4.00,8.10,0,0,0,0,,0,/H2D,,moneljo01
1249,Omir Santos,32,CLE,AL,1,0,0,3.0,2,2,0,0,0,1.000,0,0,0,0,6.00,8.10,2.00,8.20,0,0,0,0,,0,/2,,santoom01
1250,Max Stassi,22,HOU,AL,1,0,0,3.0,2,1,1,0,0,1.000,0,0,0,0,6.00,8.10,2.00,8.20,0,1,0,0,,0,/D2,,stassma01
1251,Hisanori Takahashi,38,CHC,NL,3,0,0,3.0,1,0,1,0,0,1.000,,,0,0,3.00,1.80,0.33,1.77,,,,,,,/1,,takahhi01
1252,Henry Urrutia,26,BAL,AL,2,0,0,3.0,0,0,0,0,0,,0,-120,0,0,0.00,2.10,0.00,2.25,,,,,,,DH/7,,urruthe01
1253,Gil Velazquez,33,MIA,NL,1,0,0,3.0,0,0,0,0,0,,0,0,0,0,0.00,2.70,0.00,2.60,,,,,,,/5,,velazgi01
1254,Duane Below,27,MIA,NL,2,0,0,2.2,1,0,1,0,0,1.000,,,-1,-75,3.38,1.69,0.50,1.75,,,,,,,/1,,belowdu01
1255,Sean Henn,32,NYM,NL,4,0,0,2.2,0,0,0,0,0,,,,0,0,0.00,1.69,0.00,1.75,,,,,,,/1,,hennse01
1256,Eric Surkamp,25,SFG,NL,1,1,0,2.2,0,0,0,0,0,,,,0,0,0.00,1.69,0.00,1.80,,,,,,,/1,,surkaer01
1257,Jairo Asencio,30,BAL,AL,4,0,0,2.1,1,0,1,0,0,1.000,,,-1,-86,3.86,1.54,0.25,1.53,,,,,,,/1,,valdelu01
1258,Maikel Cleto,24,STL,NL,1,0,0,2.1,0,0,0,0,0,,,,0,0,0.00,1.54,0.00,1.80,,,,,,,/1,,cletoma01
1259,Kyle Drabek,25,TOR,AL,3,0,0,2.1,1,0,1,0,0,1.000,,,0,0,3.86,1.54,0.33,1.53,,,,,,,/1,,drabeky01
1260,Cristhian Martínez,31,ATL,NL,2,0,0,2.1,1,0,1,0,0,1.000,,,0,0,3.86,1.54,0.50,1.75,,,,,,,/1,,marticr01
1261,Joe Paterson,27,ARI,NL,2,0,0,2.1,0,0,0,0,0,,,,0,0,0.00,1.54,0.00,1.75,,,,,,,/1,,paterjo01
1262,Alex Burnett,25,2TM,2LG,3,0,0,2.1,1,1,0,0,0,1.000,,,0,0,3.86,1.54,0.33,1.63,,,,,,,/1,,burneal01
1263,Jermaine Curtis,25,STL,NL,1,0,0,2.0,0,0,0,0,0,,0,0,0,0,0.00,2.25,0.00,2.10,,,,,,,/H7,,curtije01
1264,Justin Germano,30,TOR,AL,1,0,0,2.0,0,0,0,0,0,,,,0,0,0.00,1.35,0.00,1.50,,,,,,,/1,,germaju01
1265,Chris Narveson,31,MIL,NL,2,0,0,2.0,0,0,0,0,0,,,,0,0,0.00,1.80,0.00,1.75,,,,,,,/1,,narvech01
1266,Audry Pérez,24,STL,NL,1,0,0,2.0,1,1,0,0,0,1.000,0,0,0,0,4.50,8.10,1.00,8.10,0,0,0,0,,0,/2H,,perezau01
1267,Clay Rapada,32,CLE,AL,4,0,0,2.0,1,1,0,0,0,1.000,,,0,0,4.50,1.35,0.25,1.53,,,,,,,/1,,rapadcl01
1268,Kyle Skipworth,23,MIA,NL,1,0,0,2.0,2,2,0,0,0,1.000,0,0,0,0,9.00,8.10,2.00,8.10,0,0,0,0,,0,/H2,,skipwky01
1269,Josh Tomlin,28,CLE,AL,1,0,0,2.0,0,0,0,0,0,,,,0,0,0.00,1.35,0.00,1.50,,,,,,,/1,,tomlijo01
1270,Zach Clark,29,BAL,AL,1,0,0,1.2,0,0,0,0,0,,,,0,0,0.00,1.62,0.00,1.50,,,,,,,/1,,clarkza01
1271,Cody Eppley,27,NYY,AL,2,0,0,1.2,0,0,0,0,0,,,,0,0,0.00,1.62,0.00,1.55,,,,,,,/1,,eppleco01
1272,Miles Mikolas,24,SDP,NL,2,0,0,1.2,0,0,0,0,0,,,,0,0,0.00,1.62,0.00,1.75,,,,,,,/1,,mikolmi01
1273,Zach Phillips,26,MIA,NL,3,0,0,1.2,0,0,0,0,0,,,,-1,-120,0.00,1.62,0.00,1.77,,,,,,,/1,,phillza01
1274,Daniel Stange,27,LAA,AL,3,0,0,1.2,0,0,0,0,0,,,,0,0,0.00,1.62,0.00,1.53,,,,,,,/1,,stangda01
1275,Mike Belfiore,24,BAL,AL,1,0,0,1.1,0,0,0,0,0,,,,0,0,0.00,1.35,0.00,1.50,,,,,,,/1,,belfimi01
1276,Wilmer Font,23,TEX,AL,2,0,0,1.1,0,0,0,0,0,,,,0,0,0.00,1.35,0.00,1.55,,,,,,,/1,,fontwi01
1277,Onelki García,23,LAD,NL,3,0,0,1.1,1,0,1,0,0,1.000,,,0,0,6.75,2.03,0.33,1.77,,,,,,,/1,,garcion01
1278,Jim Miller,31,NYY,AL,1,0,0,1.1,0,0,0,0,0,,,,0,0,0.00,1.35,0.00,1.50,,,,,,,/1,,milleji02
1279,Sean Nolin,23,TOR,AL,1,1,0,1.1,0,0,0,0,0,,,,0,0,0.00,1.35,0.00,1.50,,,,,,,/1,,nolinse01
1280,Duke Welker,27,PIT,NL,2,0,0,1.1,1,0,1,0,0,1.000,,,0,0,6.75,2.03,0.50,1.75,,,,,,,/1,,welkedu01
1281,Blake Wood,27,CLE,AL,2,0,0,1.1,0,0,0,0,0,,,,0,0,0.00,1.35,0.00,1.55,,,,,,,/1,,woodbl01
1282,Daniel Bard,28,BOS,AL,2,0,0,1.0,1,0,1,0,0,1.000,,,1,200,9.00,1.80,0.50,1.55,,,,,,,/1,,bardda01
1283,Wilson Betemit,31,BAL,AL,1,0,0,1.0,1,1,0,0,0,1.000,0,0,0,0,9.00,9.00,1.00,8.90,,,,,,,/DH3,,betemwi01
1284,Chris Bootcheck,34,NYY,AL,1,0,0,1.0,0,0,0,0,0,,,,0,0,0.00,1.80,0.00,1.50,,,,,,,/1,,bootcch01
1285,Blake DeWitt,27,ATL,NL,1,0,0,1.0,0,0,0,0,0,,0,0,0,0,0.00,2.70,0.00,2.60,,,,,,,/H5,,dewitbl01
1286,Justin Freeman,26,CIN,NL,1,0,0,1.0,0,0,0,0,0,,,,0,0,0.00,1.80,0.00,1.80,,,,,,,/1,,freemju02
1287,John Hester,29,LAA,AL,1,0,0,1.0,1,1,0,0,0,1.000,0,0,0,0,9.00,8.10,1.00,8.20,0,0,0,0,,0,/2DH,,hestejo01
1288,Dan Johnson,33,BAL,AL,1,0,0,1.0,1,1,0,0,1,1.000,0,0,0,0,9.00,9.00,1.00,8.90,,,,,,,/D3H,,johnsda06
1289,Kevin Kiermaier,23,TBR,AL,1,0,0,1.0,0,0,0,0,0,,0,0,0,0,0.00,1.80,0.00,2.20,,,,,,,/8,,kiermke01
1290,Sandy León,24,WSN,NL,1,0,0,1.0,2,2,0,0,0,1.000,0,0,0,0,18.00,8.10,2.00,8.10,0,0,0,0,,0,/2H,,leonsa01
1291,Luke Montz,29,OAK,AL,1,0,0,1.0,0,0,0,0,0,,0,0,0,0,0.00,9.00,0.00,8.90,,,,,,,D/H3,,montzlu01
1292,Mike Nickeas,30,TOR,AL,1,0,0,1.0,0,0,0,0,0,,0,0,0,0,0.00,8.10,0.00,8.20,0,0,0,0,,0,/2,,nickemi01
1293,Tyler Robertson,25,MIN,AL,2,0,0,1.0,0,0,0,0,0,,,,0,0,0.00,1.80,0.00,1.55,,,,,,,/1,,roberty01
1294,Jeff Beliveau,26,TBR,AL,1,0,0,0.2,0,0,0,0,0,,,,0,0,0.00,1.35,0.00,1.50,,,,,,,/1,,belivje01
1295,Logan Kensing,30,COL,NL,1,0,0,0.2,0,0,0,0,0,,,,0,0,0.00,1.35,0.00,1.80,,,,,,,/1,,kensilo01
1296,Everett Teaford,29,KCR,AL,1,0,0,0.2,0,0,0,0,0,,,,0,0,0.00,1.35,0.00,1.50,,,,,,,/1,,teafoev01
1297,David Carpenter,25,LAA,AL,1,0,0,0.1,0,0,0,0,0,,,,0,0,0.00,2.70,0.00,1.50,,,,,,,/1,,carpeda02
1298,Yunesky Maya,31,WSN,NL,1,0,0,0.1,0,0,0,0,0,,,,0,0,0.00,2.70,0.00,1.80,,,,,,,/1,,mayayu01
1299,Shawn Tolleson,25,LAD,NL,1,0,0,0.0,0,0,0,0,0,,,,0,,,,0.00,1.80,,,,,,,/1,,tollesh01
,MLB Average,,,,,,,,,,,,,.985,,0,,0,4.11,,2.84,,,,,,27.2,,,,-9999