Rk,Player,Age,Team,Lg,G,GS,CG,Inn,Ch,PO,A,E,DP,Fld%,Rtot,Rtot/yr,Rdrs,Rdrs/yr,RF/9,lgRF9,RF/G,lgRFG,PB,WP,SB,CS,CS%,Pick,Pos,Awards,-9999
1,Marcus Semien,28,OAK,AL,161,161,154,1435.0,634,186,436,12,85,.981,0,0,7,6,3.90,3.87,3.86,3.85,,,,,,,*6,MVP-3,semiema01
2,Ozzie Albies,22,ATL,NL,158,157,155,1405.0,661,273,384,4,117,.994,2,2,7,6,4.21,4.15,4.16,4.13,,,,,,,*4/H,SS,albieoz01
3,Rhys Hoskins,26,PHI,NL,158,157,152,1398.1,1324,1193,122,9,111,.993,-1,-1,2,2,8.46,8.57,8.32,8.52,,,,,,,*3/D,,hoskirh01
4,Starlin Castro,29,MIA,NL,161,159,144,1397.1,547,206,328,13,71,.976,7,6,4,3,3.44,3.72,3.24,3.68,,,,,,,*45/6H,,castrst01
5,Kevin Pillar,30,2TM,2LG,156,154,143,1392.0,365,354,6,5,2,.986,3,3,-9,-8,2.33,2.04,2.31,2.02,,,,,,,*89/HD,MVP-22,pillake01
6,Kevin Pillar,30,TOR,AL,4,4,4,39.0,11,11,0,0,0,1.000,1,43,0,0,2.54,2.12,2.75,2.13,,,,,,,/8DH,,pillake01
7,Kevin Pillar,30,SFG,NL,152,150,139,1353.0,354,343,6,5,2,.986,2,2,-9,-8,2.32,2.04,2.30,2.02,,,,,,,*89/H,,pillake01
8,Jonathan Villar,28,BAL,AL,160,158,101,1391.1,646,206,420,20,104,.969,0,0,-5,-4,4.05,3.99,3.01,3.96,,,,,,,*46/HD,,villajo01
9,Nick Ahmed,29,ARI,NL,158,155,146,1381.0,632,207,412,13,79,.979,13,12,14,12,4.03,3.87,3.92,3.84,,,,,,,*6/H,GG,ahmedni01
10,César Hernández,29,PHI,NL,157,155,149,1376.2,637,271,354,12,96,.981,-6,-5,0,0,4.09,4.15,3.98,4.13,,,,,,,*4/H,,hernace02
11,Eduardo Escobar,30,ARI,NL,155,153,121,1374.0,415,125,283,7,40,.983,6,6,3,3,2.67,2.81,2.31,2.81,,,,,,,*54/HD,,escobed01
12,Paul DeJong,25,STL,NL,157,156,145,1372.0,653,211,435,7,119,.989,13,12,24,21,4.24,3.87,4.11,3.84,,,,,,,*6/H,AS,dejonpa01
13,Paul Goldschmidt,31,STL,NL,159,155,143,1369.2,1372,1256,111,5,145,.996,6,5,0,0,8.98,8.57,8.60,8.52,,,,,,,*3/H,MVP-20,goldspa01
14,Xander Bogaerts,26,BOS,AL,153,153,139,1368.0,525,165,347,13,70,.975,-7,-6,-9,-8,3.37,3.87,3.35,3.85,,,,,,,*6/DH,ASMVP-5SS,bogaexa01
15,Freddie Freeman,29,ATL,NL,158,157,144,1365.2,1365,1296,63,6,128,.996,-1,-1,0,0,8.96,8.57,8.60,8.52,,,,,,,*3/H,ASMVP-8SS,freemfr01
16,Ronald Acuña Jr.,21,ATL,NL,156,154,124,1364.0,338,325,10,3,1,.991,15,13,7,6,2.21,2.04,2.15,2.02,,,,,,,*879/H,ASMVP-5SS,acunaro01
17,Eric Hosmer,29,SDP,NL,157,155,148,1356.0,1248,1128,106,14,82,.989,3,3,-5,-4,8.19,8.57,7.86,8.52,,,,,,,*3/HD,,hosmeer01
18,Rafael Devers,22,BOS,AL,152,151,142,1355.0,431,117,292,22,20,.949,-9,-8,-4,-4,2.72,2.67,2.67,2.66,,,,,,,*5/H6D,MVP-12,deverra01
19,Amed Rosario,23,NYM,NL,152,151,138,1340.1,549,162,370,17,72,.969,-11,-10,-5,-4,3.57,3.87,3.48,3.83,,,,,,,*6/H7D,,rosaram01
20,Manny Machado,26,SDP,NL,154,154,143,1339.0,387,119,254,14,29,.964,-9,-8,-3,-3,2.51,2.83,2.39,2.83,,,,,,,*56/H,,machama01
21,Matt Chapman,26,OAK,AL,156,152,139,1336.0,466,146,311,9,27,.981,13,11,23,21,3.08,2.67,2.93,2.65,,,,,,,*5,ASMVP-6GG,chapmma01
22,Whit Merrifield,30,KCR,AL,154,153,132,1331.1,577,334,232,11,66,.981,-1,-1,1,1,3.83,3.26,3.45,3.28,,,,,,,498/D37,AS,merriwh01
23,Pete Alonso,24,NYM,NL,156,152,123,1328.0,1202,1078,112,12,108,.990,7,6,1,1,8.06,8.57,7.63,8.52,,,,,,,*3/HD,ASMVP-7ROY-1,alonspe01
24,Juan Soto,20,WSN,NL,150,150,147,1327.1,275,273,0,2,0,.993,-3,-3,3,3,1.85,2.04,1.82,2.02,,,,,,,*7,MVP-9,sotoju01
25,Nolan Arenado,28,COL,NL,154,151,135,1319.2,457,111,337,9,43,.980,18,17,22,20,3.06,2.53,2.91,2.51,,,,,,,*5/H,ASMVP-6GG,arenano01
26,Bryce Harper,26,PHI,NL,152,152,137,1318.0,302,284,13,5,1,.983,6,5,12,11,2.03,2.04,1.95,2.02,,,,,,,*9/HD,,harpebr03
27,Willy Adames,23,TBR,AL,152,145,137,1314.2,562,157,388,17,68,.970,19,17,9,8,3.73,3.87,3.59,3.85,,,,,,,*6/H,,adamewi01
28,Cody Bellinger,23,LAD,NL,153,151,115,1312.0,472,449,19,4,22,.992,2,2,24,22,3.21,3.18,2.72,3.38,,,,,,,*938/H,ASMVP-1GGSS,bellico01
29,Víctor Robles,22,WSN,NL,152,147,138,1308.2,366,348,12,6,2,.984,2,2,24,22,2.48,2.04,2.37,2.02,,,,,,,*89/H,ROY-6,roblevi01
30,Eugenio Suárez,27,CIN,NL,158,151,138,1308.2,369,106,246,17,26,.954,-6,-6,-5,-5,2.42,2.53,2.23,2.51,,,,,,,*5/HD,MVP-15,suareeu01
31,Kole Calhoun,31,LAA,AL,150,146,141,1306.2,325,312,7,6,2,.982,3,3,-4,-4,2.20,2.13,2.13,2.12,,,,,,,*9/H8,,calhoko01
32,David Fletcher,25,LAA,AL,154,145,103,1305.2,451,157,286,8,37,.982,12,11,11,10,3.05,3.09,2.28,3.13,,,,,,,5467/9H,,fletcda02
33,Alex Bregman,25,HOU,AL,151,150,123,1301.1,448,129,308,11,38,.975,10,9,11,10,3.02,3.13,2.66,3.13,,,,,,,56/D,ASMVP-2SS,bregmal01
34,Josh Donaldson,33,ATL,NL,148,148,137,1297.0,417,100,304,13,38,.969,2,2,9,8,2.80,2.53,2.73,2.51,,,,,,,*5/HD,MVP-11,donaljo02
35,Michael Conforto,26,NYM,NL,149,143,113,1280.1,308,297,8,3,1,.990,-7,-6,-1,-1,2.14,2.04,2.05,2.02,,,,,,,*98/H,,confomi01
36,Elvis Andrus,30,TEX,AL,146,146,140,1279.1,597,205,379,13,80,.978,-3,-3,-10,-9,4.11,3.87,4.00,3.85,,,,,,,*6/D,,andruel01
37,Mookie Betts,26,BOS,AL,143,142,132,1273.1,332,320,10,2,0,.994,12,11,20,19,2.33,2.13,2.31,2.12,,,,,,,*98/DH,ASMVP-8GGSS,bettsmo01
38,Anthony Rendon,29,WSN,NL,146,146,132,1265.1,355,95,249,11,31,.969,10,9,8,8,2.45,2.53,2.34,2.52,,,,,,,*5/4,ASMVP-3SS,rendoan01
39,Alex Gordon,35,KCR,AL,146,145,135,1262.1,276,268,7,1,2,.996,8,8,-1,-1,1.96,2.13,1.86,2.11,,,,,,,*7/1DH,GG,gordoal01
40,Jackie Bradley Jr.,29,BOS,AL,145,138,134,1260.0,319,305,10,4,3,.987,-16,-15,1,1,2.25,2.13,2.17,2.12,,,,,,,*8/H9,,bradlja02
41,Trevor Story,26,COL,NL,144,144,133,1257.1,606,182,416,8,90,.987,14,13,21,20,4.28,3.87,4.15,3.84,,,,,,,*6/H,ASMVP-12SS,storytr01
42,Yolmer Sánchez,27,CHW,AL,149,142,138,1256.2,673,248,416,9,108,.987,15,14,8,8,4.76,4.09,4.46,4.06,,,,,,,*4/H,GG,sanchca01
43,Yuli Gurriel,35,HOU,AL,143,142,117,1248.0,904,754,143,7,65,.992,6,5,3,3,6.47,6.76,5.75,6.65,,,,,,,*35/4DH,,gourryu01
44,DJ LeMahieu,30,NYY,AL,144,141,112,1241.2,620,351,261,8,63,.987,11,11,3,3,4.44,4.53,3.66,4.63,,,,,,,453/HD,ASMVP-4SS,lemahdj01
45,Orlando Arcia,24,MIL,NL,150,139,126,1241.1,572,208,350,14,79,.976,-3,-3,-3,-3,4.05,3.87,3.72,3.84,,,,,,,*6/H,,arciaor01
46,Kris Bryant,27,CHC,NL,142,142,108,1240.0,322,119,188,15,16,.953,2,2,-2,-2,2.23,2.55,1.90,2.49,,,,,,,*597/3DH,AS,bryankr01
47,Yasmani Grandal,30,MIL,NL,149,140,115,1238.2,1341,1283,49,9,24,.993,2,2,-2,-2,9.68,9.38,8.48,9.31,8,30,73,27,27.0,0,*23/HD,ASMVP-15,grandya01
48,Brandon Belt,31,SFG,NL,151,134,113,1238.1,1140,1032,101,7,108,.994,1,0,3,3,8.23,8.13,7.13,7.91,,,,,,,*3H7/9D,,beltbr01
49,Brandon Crawford,32,SFG,NL,142,137,129,1233.0,572,190,366,16,81,.972,-10,-10,-10,-10,4.06,3.87,3.92,3.84,,,,,,,*6/H,,crawfbr01
50,Jorge Polanco,25,MIN,AL,142,139,126,1233.0,506,141,343,22,57,.957,-6,-6,-10,-10,3.53,3.87,3.41,3.85,,,,,,,*6D/H,ASMVP-13,polanjo01
51,Anthony Rizzo,29,CHC,NL,146,144,126,1226.2,1268,1140,123,5,120,.996,6,6,7,7,9.27,8.57,8.65,8.52,,,,,,,*3/H,GG,rizzoan01
52,Yasiel Puig,28,2TM,2LG,146,143,124,1224.0,258,244,8,6,2,.977,0,0,-1,-1,1.85,2.07,1.73,2.05,,,,,,,*9/HD,,puigya01
53,Yasiel Puig,28,CIN,NL,98,95,84,816.1,168,160,5,3,1,.982,3,4,2,3,1.82,2.04,1.68,2.02,,,,,,,9/H,,puigya01
54,Yasiel Puig,28,CLE,AL,48,48,40,407.2,90,84,3,3,1,.967,-3,-8,-3,-9,1.92,2.13,1.81,2.12,,,,,,,9/D,,puigya01
55,Jason Heyward,29,CHC,NL,144,137,83,1222.0,258,247,6,5,1,.981,4,4,6,6,1.86,2.04,1.76,2.02,,,,,,,*98/H,,heywaja01
56,Adam Eaton,30,WSN,NL,145,143,126,1220.2,286,277,3,6,1,.979,3,3,-1,-1,2.06,2.04,1.93,2.02,,,,,,,*9/7H,,eatonad02
57,Jean Segura,29,PHI,NL,142,141,129,1212.2,546,175,351,20,83,.963,-2,-2,-1,-1,3.90,3.87,3.70,3.84,,,,,,,*6/H,,segurje01
58,Randal Grichuk,27,TOR,AL,140,139,118,1211.1,276,268,6,2,2,.993,8,8,-3,-3,2.04,2.13,1.96,2.12,,,,,,,*98D/H,,grichra01
59,Ketel Marte,25,ARI,NL,142,139,81,1210.0,397,249,145,3,32,.992,5,5,5,5,2.93,2.94,2.07,3.05,,,,,,,846/H,ASMVP-4,marteke01
60,Gleyber Torres,22,NYY,AL,139,137,129,1207.0,551,204,327,20,88,.964,0,0,-15,-15,3.96,3.97,3.74,3.95,,,,,,,64/DH,ASMVP-17,torregl01
61,Nick Castellanos,27,2TM,2LG,140,140,113,1206.2,297,289,6,2,1,.993,-9,-9,-9,-9,2.20,2.10,2.11,2.08,,,,,,,*97D,,casteni01
62,Nick Castellanos,27,DET,AL,89,89,85,784.0,205,200,3,2,0,.990,-8,-12,-7,-11,2.33,2.13,2.28,2.12,,,,,,,9D,,casteni01
63,Nick Castellanos,27,CHC,NL,51,51,28,422.2,92,89,3,0,1,1.000,-1,-2,-2,-6,1.96,2.04,1.80,2.02,,,,,,,97,,casteni01
64,Francisco Lindor,25,CLE,AL,137,137,127,1196.1,481,159,312,10,68,.979,5,5,9,9,3.54,3.87,3.44,3.85,,,,,,,*6/DH,ASMVP-15GG,lindofr01
65,Kolten Wong,28,STL,NL,147,134,124,1195.1,671,250,412,9,103,.987,9,9,20,20,4.98,4.15,4.50,4.13,,,,,,,*4/H,MVP-20GG,wongko01
66,Andrew Benintendi,24,BOS,AL,136,134,120,1193.2,193,182,9,2,3,.990,-6,-6,-2,-2,1.44,2.13,1.40,2.12,,,,,,,*78/HD,,beninan01
67,Rougned Odor,25,TEX,AL,137,134,133,1188.1,555,246,294,15,85,.973,-17,-17,-7,-7,4.09,4.09,3.94,4.06,,,,,,,*4/HD,,odorro01
68,Carlos Santana,33,CLE,AL,135,135,129,1185.2,1034,951,73,10,77,.990,3,3,1,1,7.77,8.33,7.59,8.27,,,,,,,*3D,ASMVP-16SS,santaca01
69,Adam Frazier,27,PIT,NL,142,133,122,1180.2,555,222,327,6,78,.989,8,8,4,4,4.18,4.15,3.87,4.13,,,,,,,*4H,,fraziad01
70,Christian Walker,28,ARI,NL,142,132,112,1179.0,1192,1042,139,11,95,.991,11,11,9,9,9.02,8.57,8.32,8.52,,,,,,,*3H/D,,walkech02
71,Charlie Blackmon,32,COL,NL,135,134,125,1178.0,241,232,5,4,1,.983,-17,-18,-7,-7,1.81,2.04,1.76,2.02,,,,,,,*9/HD,AS,blackch02
72,Lorenzo Cain,33,MIL,NL,143,133,117,1177.1,313,306,5,2,1,.994,-2,-2,19,19,2.38,2.04,2.17,2.02,,,,,,,*8/H,GG,cainlo01
73,Jose Iglesias,29,CIN,NL,144,136,116,1169.2,455,122,324,9,62,.980,9,10,5,5,3.43,3.87,3.10,3.84,,,,,,,*6/H,,iglesjo01
74,Brett Gardner,35,NYY,AL,140,131,121,1168.1,284,280,3,1,0,.996,-3,-3,7,7,2.18,2.13,2.02,2.12,,,,,,,*87/HD,,gardnbr01
75,Trey Mancini,27,BAL,AL,134,134,98,1168.0,606,562,43,1,43,.998,1,1,-5,-5,4.66,4.52,4.09,4.45,,,,,,,93D/7H,,mancitr01
76,Freddy Galvis,29,2TM,2LG,139,133,122,1168.0,529,172,350,7,73,.987,9,9,13,13,4.02,3.92,3.68,3.91,,,,,,,*64/HD,,galvifr01
77,Freddy Galvis,29,TOR,AL,108,106,102,935.1,435,138,291,6,64,.986,7,8,9,12,4.13,3.88,3.97,3.86,,,,,,,6/4DH,,galvifr01
78,Freddy Galvis,29,CIN,NL,31,27,20,232.2,94,34,59,1,9,.989,2,10,4,21,3.60,4.10,2.74,4.07,,,,,,,4/6H,,galvifr01
79,Josh Bell,26,PIT,NL,134,133,124,1160.2,1090,981,96,13,91,.988,-6,-6,-7,-7,8.35,8.57,8.04,8.52,,,,,,,*3/DH,AS,belljo02
80,J.T. Realmuto,28,PHI,NL,135,132,119,1160.1,1193,1115,69,9,16,.992,17,18,11,11,9.18,9.47,8.64,9.40,8,30,49,43,46.7,2,*2H/3D,ASMVP-14GGSS,realmjt01
81,Leury García,28,CHW,AL,138,134,93,1158.2,299,222,66,11,16,.963,-10,-10,-8,-8,2.24,2.38,2.03,2.38,,,,,,,*8976/H45D,,garcile02
82,Mike Moustakas,30,MIL,NL,139,133,100,1158.1,380,131,237,12,42,.968,2,2,-2,-2,2.86,3.03,2.42,3.01,,,,,,,54/HD,AS,moustmi01
83,Kyle Schwarber,26,CHC,NL,141,137,99,1157.2,228,215,7,6,0,.974,8,8,-4,-4,1.73,2.05,1.57,2.07,0,0,0,0,,0,*7H/D2,,schwaky01
84,Max Muncy,28,LAD,NL,139,130,91,1157.1,689,444,231,14,75,.980,16,17,9,9,5.25,5.36,3.97,5.48,,,,,,,435/H,ASMVP-15,muncyma01
85,Eddie Rosario,27,MIN,AL,132,129,116,1146.0,221,208,8,5,1,.977,-10,-10,-10,-10,1.70,2.13,1.64,2.12,,,,,,,*79/8DH,MVP-18,rosared01
86,Starling Marte,30,PIT,NL,130,128,125,1141.1,310,297,8,5,2,.984,5,6,-8,-8,2.41,2.04,2.35,2.02,,,,,,,*8/H,,martest01
87,Dexter Fowler,33,STL,NL,140,132,75,1138.0,251,238,8,5,3,.980,-6,-6,-2,-2,1.95,2.04,1.76,2.02,,,,,,,*98H,,fowlede01
88,Joey Votto,35,CIN,NL,133,132,113,1132.0,1069,944,118,7,93,.993,9,9,6,6,8.44,8.57,7.93,8.47,,,,,,,*3/HD7,,vottojo01
89,Josh Reddick,32,HOU,AL,133,126,93,1131.1,244,235,4,5,1,.980,-3,-3,10,11,1.90,2.16,1.74,2.30,,,,,,,*97H/83D,,reddijo01
90,Javier Báez,26,CHC,NL,130,129,119,1125.2,551,167,369,15,88,.973,12,13,33,35,4.29,3.86,4.12,3.83,,,,,,,*6/HD5,AS,baezja01
91,Matt Olson,25,OAK,AL,127,125,119,1120.2,1121,1023,90,8,95,.993,8,9,14,15,8.94,8.33,8.76,8.27,,,,,,,*3,MVP-21GG,olsonma02
92,Marcell Ozuna,28,STL,NL,129,129,113,1112.0,189,181,4,4,0,.979,3,3,3,3,1.50,2.04,1.43,2.02,,,,,,,*7/H,,ozunama01
93,Mallex Smith,26,SEA,AL,132,124,110,1112.0,319,312,2,5,2,.984,19,21,-11,-12,2.54,2.13,2.38,2.12,,,,,,,*89/7HD,,smithma05
94,Max Kepler,26,MIN,AL,130,125,99,1111.0,281,277,4,0,2,1.000,10,10,7,8,2.28,2.13,2.16,2.12,,,,,,,*98/HD,MVP-20,keplema01
95,Ryan McMahon,24,COL,NL,135,122,100,1104.1,641,297,328,16,90,.975,3,3,9,10,5.09,4.50,4.06,4.44,,,,,,,*453H,,mcmahry01
96,José Abreu,32,CHW,AL,125,125,123,1103.2,1094,1012,74,8,128,.993,-1,-1,-4,-4,8.86,8.33,8.69,8.27,,,,,,,*3D,ASMVP-19,abreujo02
97,Hanser Alberto,26,BAL,AL,132,127,80,1103.1,473,179,284,10,73,.979,11,12,6,7,3.78,3.45,2.88,3.42,,,,,,,45/H719D,,alberha01
98,Yoán Moncada,24,CHW,AL,129,128,123,1095.2,391,120,256,15,37,.962,9,9,0,0,3.09,2.67,2.91,2.65,,,,,,,*5/DH,MVP-21,moncayo01
99,Tommy Pham,31,TBR,AL,123,123,112,1093.1,166,158,8,0,0,1.000,-3,-4,2,2,1.37,2.13,1.35,2.12,,,,,,,*7D/H,,phamth01
100,Christian Yelich,27,MIL,NL,124,124,110,1093.0,236,225,7,4,2,.983,8,8,0,0,1.91,2.04,1.87,2.02,,,,,,,*9/7HD8,ASMVP-2SS,yelicch01
101,Dansby Swanson,25,ATL,NL,126,123,118,1090.2,496,137,347,12,68,.976,0,0,-2,-2,3.99,3.87,3.84,3.84,,,,,,,*6/H,,swansda01
102,José Ramírez,26,CLE,AL,126,125,118,1088.2,344,108,222,14,21,.959,2,2,0,0,2.73,2.67,2.62,2.65,,,,,,,*5/DH,,ramirjo01
103,Asdrúbal Cabrera,33,2TM,2LG,127,122,108,1084.0,359,117,235,7,40,.981,-1,-1,-11,-12,2.92,3.14,2.67,3.13,,,,,,,54/H3,,cabreas01
104,Asdrúbal Cabrera,33,TEX,AL,93,90,84,793.0,246,66,173,7,25,.972,-3,-5,-8,-12,2.71,2.67,2.57,2.65,,,,,,,5/H,,cabreas01
105,Asdrúbal Cabrera,33,WSN,NL,34,32,24,291.0,113,51,62,0,15,1.000,2,9,-3,-12,3.49,4.41,2.90,4.26,,,,,,,4/5H3,,cabreas01
106,Corey Seager,25,LAD,NL,132,125,111,1082.2,457,138,304,15,59,.967,10,11,-1,-1,3.67,3.87,3.35,3.84,,,,,,,*6/H,,seageco01
107,Miguel Rojas,30,MIA,NL,128,123,111,1080.2,491,191,289,11,77,.978,5,5,-2,-2,4.00,3.93,3.58,4.06,,,,,,,*6/3H4,,rojasmi02
108,Jurickson Profar,26,OAK,AL,130,121,103,1079.0,494,235,246,13,65,.974,-7,-8,-17,-19,4.01,4.04,3.64,3.99,,,,,,,*4H/D73,,profaju01
109,Hunter Dozier,27,KCR,AL,124,123,115,1078.0,346,154,183,9,24,.974,-6,-6,-10,-11,2.81,2.92,2.65,2.88,,,,,,,59D/3H,,doziehu01
110,Jeff McNeil,27,NYM,NL,130,123,61,1070.0,260,170,83,7,18,.973,-5,-5,8,9,2.13,2.59,1.57,2.60,,,,,,,7945/H,AS,mcneije01
111,Trea Turner,26,WSN,NL,122,122,117,1065.1,441,130,298,13,57,.971,3,4,4,5,3.62,3.87,3.51,3.84,,,,,,,*6,,turnetr01
112,Bryan Reynolds,24,PIT,NL,129,122,105,1055.0,245,237,4,4,0,.984,-17,-19,8,9,2.06,2.04,1.87,2.02,,,,,,,*798/H,ROY-4,reynobr01
113,Mike Trout,27,LAA,AL,122,121,110,1051.2,303,294,5,4,2,.987,12,14,-4,-5,2.56,2.13,2.45,2.12,,,,,,,*8D/H,ASMVP-1SS,troutmi01
114,Tim Anderson,26,CHW,AL,122,122,114,1050.0,532,182,324,26,75,.951,-9,-11,-5,-6,4.34,3.87,4.15,3.85,,,,,,,*6/DH,,anderti01
115,Adam Jones,33,ARI,NL,130,118,103,1045.0,217,209,2,6,0,.972,-6,-7,-7,-8,1.82,2.04,1.62,2.02,,,,,,,*9H/8,,jonesad01
116,Brian Anderson,26,MIA,NL,119,119,112,1044.1,286,144,135,7,15,.976,9,10,10,11,2.40,2.31,2.29,2.29,,,,,,,59/HD,,anderbr06
117,Kevin Kiermaier,29,TBR,AL,125,117,110,1044.1,260,250,6,4,1,.985,5,6,12,14,2.21,2.13,2.05,2.12,,,,,,,*8/HD,GG,kiermke01
118,Ramón Laureano,24,OAK,AL,122,115,110,1041.0,302,285,10,7,2,.977,-1,-1,-5,-6,2.55,2.13,2.42,2.12,,,,,,,*89/H,,laurera01
119,Evan Longoria,33,SFG,NL,119,117,109,1041.0,317,69,233,15,27,.953,6,7,5,6,2.61,2.53,2.54,2.51,,,,,,,*5H,,longoev01
120,Jose Altuve,29,HOU,AL,121,119,105,1025.2,397,128,257,12,49,.970,-1,-1,-1,-1,3.38,4.09,3.16,4.06,,,,,,,*4/DH6,,altuvjo01
121,Justin Turner,34,LAD,NL,124,119,103,1024.2,294,67,219,8,22,.973,5,6,-4,-5,2.51,2.53,2.29,2.52,,,,,,,*5H/D4,,turneju01
122,Jason Kipnis,32,CLE,AL,117,117,110,1024.0,407,150,253,4,51,.990,-3,-3,-6,-7,3.54,4.09,3.44,4.06,,,,,,,*4/D,,kipnija01
123,Kevin Newman,25,PIT,NL,120,116,90,1022.2,462,161,289,12,55,.974,-2,-3,-5,-6,3.96,3.85,3.33,3.80,,,,,,,64H/57,,newmake01
124,Wilson Ramos,31,NYM,NL,124,113,99,1016.1,1108,1051,50,7,5,.994,-6,-7,-11,-13,9.75,9.49,8.88,9.43,10,31,94,17,15.3,3,*2H/D,,ramoswi01
125,Todd Frazier,33,NYM,NL,121,114,99,1012.1,347,106,229,12,24,.965,6,7,3,4,2.98,2.62,2.72,2.66,,,,,,,*5H/3D,,frazito01
126,Scott Kingery,25,PHI,NL,120,115,83,1012.0,347,200,138,9,29,.974,1,1,7,8,3.01,2.54,2.45,2.56,,,,,,,85647/H9,,kingesc01
127,Brian Dozier,32,WSN,NL,123,114,103,1010.0,398,145,248,5,61,.987,-5,-6,0,0,3.50,4.15,3.17,4.11,,,,,,,*4H/1,,doziebr01
128,Michael Brantley,32,HOU,AL,123,118,89,1006.2,173,167,3,3,0,.983,-3,-3,12,14,1.52,2.13,1.38,2.12,,,,,,,*7D/9H,AS,brantmi02
129,Colin Moran,26,PIT,NL,133,118,84,1005.2,293,106,173,14,26,.952,-21,-25,-19,-23,2.50,2.90,1.96,2.97,,,,,,,*5H4/37,,moranco01
130,Christian Vázquez,28,BOS,AL,126,111,90,1003.0,1126,1043,81,2,10,.998,0,0,5,6,10.09,9.13,8.33,8.91,9,56,36,22,37.9,4,*2HD3/54,,vazquch01
131,Hunter Renfroe,27,SDP,NL,127,111,77,998.0,236,221,13,2,3,.992,12,15,19,23,2.11,2.04,1.84,2.02,,,,,,,*97H/8,,renfrhu01
132,Danny Santana,28,TEX,AL,120,111,93,997.2,535,427,93,15,48,.972,-9,-10,-7,-8,4.69,4.82,4.03,4.63,,,,,,,38479H/65D,,santada01
133,Roberto Pérez,30,CLE,AL,118,114,101,993.2,1137,1082,52,3,12,.997,14,17,31,37,10.27,9.32,9.61,9.25,0,24,29,20,40.8,1,*2/D,GG,perezro02
134,C.J. Cron,29,MIN,AL,117,110,104,993.1,996,927,61,8,87,.992,2,2,3,4,8.95,8.33,8.44,8.27,,,,,,,*3/HD,,croncj01
135,Teoscar Hernández,26,TOR,AL,118,110,97,992.0,273,261,9,3,4,.989,4,5,-6,-7,2.45,2.13,2.29,2.12,,,,,,,*87H/D,,hernate01
136,Brandon Drury,26,TOR,AL,116,109,96,990.0,375,219,151,5,25,.987,-8,-10,-7,-8,3.36,3.39,3.01,3.32,,,,,,,5943/76HD,,drurybr01
137,Wil Myers,28,SDP,NL,139,106,59,989.0,279,269,5,5,4,.982,-4,-5,-9,-11,2.49,2.33,1.92,2.34,,,,,,,*78H/395,,myerswi01
138,Gio Urshela,27,NYY,AL,124,109,101,984.1,294,69,212,13,21,.956,-6,-7,0,0,2.57,2.70,2.25,2.69,,,,,,,*5H/D37,,urshegi01
139,Jonathan Schoop,27,MIN,AL,113,110,101,983.1,434,166,254,14,62,.968,-3,-3,-2,-2,3.84,4.09,3.72,4.06,,,,,,,*4/HD,,schoojo01
140,Robbie Grossman,29,OAK,AL,129,104,89,976.1,228,226,2,0,0,1.000,14,17,3,4,2.10,2.13,1.77,2.12,,,,,,,*7H9/8,,grossro01
141,Jorge Alfaro,26,MIA,NL,119,112,106,974.0,996,930,55,11,8,.989,-3,-4,-1,-1,9.10,9.49,8.28,9.42,11,45,33,16,32.7,1,*2H/3D,,alfarjo01
142,Eloy Jiménez,22,CHW,AL,114,114,94,967.2,199,190,6,3,1,.985,3,3,-9,-11,1.82,2.13,1.72,2.12,,,,,,,*7/D,ROY-4,jimenel02
143,Robinson Chirinos,35,HOU,AL,112,106,103,966.0,1135,1078,51,6,5,.995,6,7,4,5,10.52,9.32,10.08,9.25,4,19,45,12,21.1,0,*2/H,,chiriro01
144,Joe Panik,28,2TM,NL,118,104,93,955.1,445,179,261,5,59,.989,2,2,-7,-9,4.15,4.15,3.73,4.13,,,,,,,*4H,,panikjo01
145,Joe Panik,28,SFG,NL,90,85,80,771.1,375,155,217,3,48,.992,2,3,-5,-8,4.34,4.15,4.13,4.13,,,,,,,4H,,panikjo01
146,Joe Panik,28,NYM,NL,28,19,13,184.0,70,24,44,2,11,.971,0,-3,-2,-13,3.33,4.15,2.43,4.13,,,,,,,4H,,panikjo01
147,Yadier Molina,36,STL,NL,111,108,93,948.1,953,922,30,1,6,.999,4,5,2,3,9.03,9.47,8.21,9.34,4,31,22,8,26.7,1,*2/3H5,,molinya01
148,Nick Markakis,35,ATL,NL,111,107,100,945.0,197,191,5,1,1,.995,-1,-1,-3,-4,1.87,2.04,1.77,2.02,,,,,,,*9/7HD,,markani01
149,Manuel Margot,24,SDP,NL,135,98,84,943.1,253,249,2,2,0,.992,10,13,6,8,2.39,2.04,1.86,2.02,,,,,,,*8H,,margoma01
150,Ian Desmond,33,COL,NL,119,104,94,942.1,192,182,5,5,1,.974,-16,-20,-18,-23,1.79,2.04,1.57,2.02,,,,,,,*87H/D1,,desmoia01
151,Óscar Mercado,24,CLE,AL,110,104,97,941.2,248,236,6,6,0,.976,6,8,5,6,2.31,2.13,2.20,2.12,,,,,,,*87/9HD,ROY-8,mercaos01
152,Joc Pederson,27,LAD,NL,136,108,57,938.2,306,285,13,8,9,.974,-6,-8,3,4,2.86,3.08,2.10,2.94,,,,,,,*79H3/8D,,pederjo01
153,Marwin González,30,MIN,AL,110,106,82,934.2,359,255,100,4,16,.989,10,12,12,15,3.42,3.42,2.89,3.39,,,,,,,9537/HD46,,gonzama01
154,Dee Strange-Gordon,31,SEA,AL,112,107,98,931.1,451,195,246,10,63,.978,-3,-4,0,0,4.26,4.09,3.90,4.06,,,,,,,*4/HD6,,gordode01
155,Maikel Franco,26,PHI,NL,111,100,95,927.0,266,63,195,8,11,.970,-2,-2,1,1,2.50,2.54,2.30,2.62,,,,,,,*5H/3,,francma02
156,Niko Goodrum,27,DET,AL,107,105,96,925.2,483,286,182,15,40,.969,0,0,-5,-6,4.55,4.16,4.22,4.10,,,,,,,6473/89DH5,,goodrni01
157,Brian Goodwin,28,LAA,AL,117,101,86,925.2,217,207,5,5,1,.977,-2,-2,1,1,2.06,2.13,1.81,2.12,,,,,,,*78H9/D,,goodwbr01
158,Kiké Hernández,27,LAD,NL,122,100,68,923.1,357,177,174,6,38,.983,12,15,13,17,3.42,3.63,2.47,3.52,,,,,,,4H8967/35,,hernaen02
159,Harold Ramírez,24,MIA,NL,110,100,64,919.1,253,252,0,1,0,.996,2,3,-4,-5,2.47,2.04,2.29,2.02,,,,,,,*798H,,ramirha02
160,Tony Wolters,27,COL,NL,117,102,90,918.1,859,778,80,1,14,.999,5,6,8,10,8.41,9.41,7.09,9.02,4,41,44,23,34.3,1,*2/H45,,wolteto01
161,George Springer,29,HOU,AL,109,106,67,915.0,227,220,5,2,1,.991,18,24,13,17,2.21,2.13,2.06,2.12,,,,,,,*89D/H,ASMVP-7SS,springe01
162,Harrison Bader,25,STL,NL,122,95,87,909.2,251,239,8,4,4,.984,5,6,15,20,2.44,2.04,2.02,2.02,,,,,,,*8H,,baderha01
163,Kyle Seager,31,SEA,AL,104,103,99,909.2,293,64,218,11,23,.962,0,0,5,7,2.79,2.67,2.71,2.65,,,,,,,5/HD,,seageky01
164,James McCann,29,CHW,AL,106,102,100,905.1,930,884,39,7,8,.992,1,1,4,5,9.18,9.32,8.71,9.25,3,40,37,17,31.5,2,2D/H,AS,mccanja02
165,Luis Rengifo,22,LAA,AL,107,101,87,901.2,440,182,246,12,60,.973,-2,-2,-2,-3,4.27,4.07,3.69,4.04,,,,,,,46/H,,rengilu01
166,Matt Carpenter,33,STL,NL,108,104,82,899.2,239,69,162,8,17,.967,-2,-3,4,5,2.31,2.66,2.08,2.73,,,,,,,5H/3D,,carpema01
167,Ryan Braun,35,MIL,NL,112,110,71,892.2,166,155,6,5,0,.970,-6,-8,-3,-4,1.62,2.04,1.44,2.02,,,,,,,*7H/D9,,braunry02
168,Daniel Murphy,34,COL,NL,110,98,94,889.0,1030,909,112,9,98,.991,6,9,6,8,10.34,8.55,9.04,8.40,,,,,,,*3H/D4,,murphda08
169,Rio Ruiz,25,BAL,AL,121,93,85,886.0,291,104,179,8,26,.973,0,0,-2,-3,2.87,2.94,2.23,3.19,,,,,,,*5H3/D4,,ruizri01
170,Nicky Lopez,24,KCR,AL,101,100,91,884.0,438,153,281,4,68,.991,-8,-10,-1,-1,4.42,4.02,3.98,4.00,,,,,,,46/HD,,lopezni01
171,Jarrod Dyson,34,ARI,NL,118,91,64,879.0,220,208,10,2,1,.991,1,2,16,22,2.23,2.04,1.85,2.02,,,,,,,*89H7,,dysonja01
172,Nomar Mazara,24,TEX,AL,101,100,95,878.1,197,192,4,1,0,.995,-5,-7,-1,-1,2.01,2.13,1.94,2.12,,,,,,,9/DH,,mazarno01
173,Mark Canha,30,OAK,AL,103,99,82,874.0,287,280,5,2,6,.993,13,18,-5,-7,2.93,2.82,2.71,3.00,,,,,,,89D3H7,,canhama01
174,Andrelton Simmons,29,LAA,AL,102,98,91,873.1,424,137,276,11,56,.974,14,20,8,11,4.26,3.87,4.05,3.85,,,,,,,6/DH,,simmoan01
175,Buster Posey,32,SFG,NL,104,99,85,870.1,842,793,47,2,3,.998,7,9,13,18,8.69,9.46,8.00,9.40,1,20,50,24,32.4,2,2H/3D,,poseybu01
176,Avisaíl García,28,TBR,AL,100,99,86,869.1,181,170,6,5,1,.972,-5,-7,4,6,1.82,2.13,1.76,2.12,,,,,,,9D8/H,,garciav01
177,Domingo Santana,26,SEA,AL,100,98,93,865.2,200,184,4,12,1,.940,-13,-19,-15,-21,1.95,2.13,1.88,2.12,,,,,,,79D/H,,santado01
178,Albert Pujols,39,LAA,AL,98,98,86,861.2,801,719,77,5,70,.994,-13,-18,-2,-3,8.31,8.32,8.04,8.21,,,,,,,3D/H5,,pujolal01
179,Delino DeShields,26,TEX,AL,112,94,92,860.2,268,261,2,5,1,.981,5,7,5,7,2.75,2.13,2.35,2.12,,,,,,,*8H/D,,deshide02
180,Miguel Sanó,26,MIN,AL,98,94,86,859.0,275,92,164,19,19,.931,-11,-15,-11,-15,2.68,3.11,2.56,3.16,,,,,,,5/3DH,,sanomi01
181,Danny Jansen,24,TOR,AL,103,94,89,852.2,854,803,47,4,8,.995,4,6,12,17,8.97,9.32,8.25,9.25,4,41,42,19,31.1,2,2/DH,,janseda01
182,Adalberto Mondesí,23,KCR,AL,100,99,94,852.2,440,147,286,7,66,.984,5,7,5,7,4.57,3.87,4.33,3.85,,,,,,,6/DH,,mondera02
183,Martín Maldonado,32,3TM,2LG,104,98,84,852.2,890,849,35,6,3,.993,1,1,7,10,9.33,9.32,8.50,9.25,6,29,29,10,25.6,1,2/H3,,maldoma01
184,Martín Maldonado,32,2TM,AL,100,94,81,817.2,853,814,34,5,3,.994,2,2,8,12,9.33,9.32,8.48,9.24,6,27,28,10,26.3,1,2/H3,,maldoma01
185,Martín Maldonado,32,KCR,AL,73,70,62,604.2,573,544,27,2,2,.997,3,6,8,16,8.50,9.32,7.82,9.25,5,20,18,9,33.3,1,2/H,,maldoma01
186,Martín Maldonado,32,CHC,NL,4,4,3,35.0,37,35,1,1,0,.973,-1,-34,-1,-34,9.26,9.49,9.00,9.43,0,2,1,0,0.0,0,/2,,maldoma01
187,Martín Maldonado,32,HOU,AL,27,24,19,213.0,280,270,7,3,1,.989,-2,-8,0,0,11.70,9.30,10.26,9.21,1,7,10,1,9.1,0,2/3H,,maldoma01
188,Chris Taylor,28,LAD,NL,115,91,54,850.1,254,144,99,11,20,.957,0,1,-1,-1,2.57,2.96,1.81,2.89,,,,,,,76H48/59,,tayloch03
189,José Peraza,25,CIN,NL,124,88,49,847.0,328,132,187,9,46,.973,3,4,1,1,3.39,3.64,2.01,3.51,,,,,,,467H/581,,perazjo01
190,Raimel Tapia,25,COL,NL,106,91,83,845.2,174,164,6,4,1,.977,2,3,0,0,1.81,2.04,1.60,2.02,,,,,,,7H8/9D,,tapiara01
191,Eric Thames,32,MIL,NL,113,95,69,843.0,698,649,46,3,63,.996,3,4,-1,-1,7.42,8.10,5.94,7.85,,,,,,,3H9/D,,thameer01
192,Jiman Choi,28,TBR,AL,103,92,85,842.0,790,748,36,6,66,.992,-4,-5,-1,-1,8.38,8.33,7.61,8.27,,,,,,,3HD,,choiji01
193,Cavan Biggio,24,TOR,AL,96,94,84,835.1,404,192,207,5,49,.988,-1,-1,-1,-1,4.30,4.10,3.95,4.24,,,,,,,4/39DH7,ROY-5,biggica01
194,Willson Contreras,27,CHC,NL,103,94,83,831.1,841,777,52,12,3,.986,1,2,-3,-4,8.97,9.39,7.97,9.20,6,33,39,16,29.1,1,2/H397D,AS,contrwi01
195,Billy Hamilton,28,2TM,2LG,114,89,85,826.0,220,217,3,0,0,1.000,0,-1,8,12,2.40,2.12,1.93,2.10,,,,,,,*8H/D,,hamilbi02
196,Billy Hamilton,28,KCR,AL,90,80,77,716.1,201,198,3,0,0,1.000,1,1,11,18,2.53,2.13,2.23,2.12,,,,,,,8/HD,,hamilbi02
197,Billy Hamilton,28,ATL,NL,24,9,8,109.2,19,19,0,0,0,1.000,-1,-12,-3,-33,1.56,2.04,0.79,2.02,,,,,,,8H,,hamilbi02
198,Vladimir Guerrero Jr.,20,TOR,AL,96,94,87,824.1,265,66,182,17,23,.936,-16,-23,-2,-3,2.71,2.67,2.58,2.65,,,,,,,5D/H,ROY-6,guerrvl02
199,Josh Phegley,31,OAK,AL,106,90,77,824.0,752,704,46,2,3,.997,-2,-3,-14,-20,8.19,9.32,7.08,9.25,15,40,50,24,32.4,1,2/H,,phegljo01
200,Mike Yastrzemski,28,SFG,NL,102,89,59,821.0,195,189,2,4,0,.979,1,2,7,10,2.09,2.04,1.87,2.02,,,,,,,79H/8,,yastrmi01
201,Omar Narváez,27,SEA,AL,99,91,89,816.2,753,713,34,6,3,.992,-9,-14,-17,-25,8.23,9.31,7.55,9.20,3,54,58,13,18.3,0,2DH/4,,narvaom01
202,Austin Hedges,26,SDP,NL,96,93,79,816.0,904,858,35,11,3,.988,0,0,20,29,9.85,9.46,9.21,9.29,2,36,24,12,33.3,0,2/H5,,hedgeau01
203,Stevie Wilkerson,27,BAL,AL,112,86,68,809.2,215,189,23,3,5,.986,-4,-6,-7,-10,2.36,2.26,1.80,2.29,,,,,,,87H49/1D,,wilkest01
204,Garrett Cooper,28,MIA,NL,99,97,74,809.1,546,502,41,3,40,.995,8,11,6,9,6.04,6.57,5.22,6.58,,,,,,,39/HD,,coopega03
205,J.P. Crawford,24,SEA,AL,93,92,90,806.1,395,110,273,12,46,.970,2,3,-1,-1,4.27,3.87,4.12,3.85,,,,,,,6,,crawfjp01
206,David Peralta,31,ARI,NL,93,91,84,806.0,206,201,3,2,1,.990,12,17,9,13,2.28,2.04,2.19,2.02,,,,,,,7/HD,GG,peralda01
207,J.D. Davis,26,NYM,NL,109,98,42,805.1,170,104,59,7,6,.959,-16,-24,-17,-25,1.82,2.17,1.48,2.16,,,,,,,7H5/D,,davisjd01
208,Robinson Canó,36,NYM,NL,99,98,73,804.1,358,164,189,5,51,.986,-5,-8,-1,-1,3.95,4.15,3.57,4.13,,,,,,,4/HD,,canoro01
209,Nick Senzel,24,CIN,NL,96,92,85,801.0,186,177,5,4,1,.978,-5,-8,-4,-6,2.04,2.04,1.88,2.04,,,,,,,8H/4,,senzeni01
210,David Dahl,25,COL,NL,93,92,77,799.1,171,168,1,2,0,.988,-5,-7,-8,-12,1.90,2.04,1.82,2.02,,,,,,,879/H,AS,dahlda01
211,Stephen Piscotty,28,OAK,AL,90,90,81,795.0,170,168,2,0,0,1.000,5,7,3,5,1.92,2.13,1.89,2.12,,,,,,,9/DH,,piscost01
212,Anthony Santander,24,BAL,AL,90,89,63,793.1,230,223,5,2,2,.991,2,3,3,5,2.59,2.13,2.53,2.12,,,,,,,978/DH,,santaan02
213,Yan Gomes,31,WSN,NL,93,90,85,788.0,888,843,41,4,3,.995,7,11,5,8,10.10,9.49,9.40,9.42,10,21,41,18,30.5,4,2/H3,,gomesya01
214,Carson Kelly,24,ARI,NL,102,85,79,786.2,849,792,49,8,2,.991,4,6,-1,-2,9.62,9.48,8.25,9.36,4,28,32,15,31.9,1,2H/5,,kellyca02
215,Richie Martin,24,BAL,AL,117,89,65,785.0,342,108,224,10,46,.971,-8,-12,-10,-15,3.81,3.87,2.84,3.85,,,,,,,*6/HD,,martiri01
216,Michael Chavis,23,BOS,AL,93,85,71,784.1,531,415,108,8,44,.985,4,7,1,2,6.00,6.22,5.28,6.07,,,,,,,34/5HD,,chavimi01
217,Tucker Barnhart,28,CIN,NL,103,87,78,782.0,873,824,47,2,4,.998,1,2,5,8,10.02,9.48,8.30,9.40,5,19,41,12,22.6,0,2H/3,,barnhtu01
218,Brandon Dixon,27,DET,AL,97,86,79,782.0,540,490,42,8,39,.985,-5,-7,-6,-9,6.12,6.04,5.17,5.82,,,,,,,37DH/95418,,dixonbr01
219,Chris Davis,33,BAL,AL,99,87,81,778.1,714,672,37,5,86,.993,-1,-2,-1,-2,8.20,8.26,7.16,8.14,,,,,,,3H/D19,,davisch02
220,Harold Castro,25,DET,AL,90,87,82,775.1,281,173,101,7,19,.975,-3,-5,-15,-23,3.18,3.04,3.01,3.01,,,,,,,485/7H9D63,,castrha01
221,Aaron Judge,27,NYY,AL,92,90,80,775.1,184,177,7,0,0,1.000,18,28,21,33,2.14,2.13,2.00,2.12,,,,,,,9D/H,,judgeaa01
222,Jeimer Candelario,25,DET,AL,89,86,86,774.2,331,180,144,7,35,.979,-10,-15,0,0,3.76,3.87,3.64,3.91,,,,,,,53/DH,,candeje01
223,Chad Pinder,27,OAK,AL,110,82,48,773.2,235,176,54,5,11,.979,-3,-5,10,16,2.68,2.62,1.92,2.68,,,,,,,79H45/86D3,,pindech01
224,Travis d'Arnaud,30,2TM,2LG,97,83,65,773.2,839,805,31,3,10,.996,-1,-2,-6,-9,9.73,9.14,7.89,9.07,7,32,35,14,28.6,1,23H/D,,darnatr01
225,Travis d'Arnaud,30,NYM,NL,9,5,4,48.0,47,43,3,1,0,.979,-1,-25,-1,-25,8.63,9.49,5.11,9.43,1,5,4,2,33.3,0,/2H,,darnatr01
226,Travis d'Arnaud,30,TBR,AL,88,78,61,725.2,792,762,28,2,10,.997,0,0,-5,-8,9.80,9.12,8.14,9.04,6,27,31,12,27.9,1,23H/D,,darnatr01
227,Austin Meadows,24,TBR,AL,88,86,70,773.0,156,152,2,2,1,.987,5,8,-5,-8,1.79,2.13,1.75,2.12,,,,,,,9D7/H8,ASMVP-14,meadoau01
228,Justin Smoak,32,TOR,AL,89,88,82,772.0,732,686,42,4,64,.995,-7,-11,-4,-6,8.49,8.33,8.18,8.27,,,,,,,3D/H,,smoakju01
229,Ryan O'Hearn,25,KCR,AL,95,88,79,769.0,735,707,24,4,80,.995,1,1,-3,-5,8.56,8.31,7.61,8.14,,,,,,,3H/7D,,ohearry01
230,Logan Forsythe,32,TEX,AL,91,86,72,767.0,474,333,131,10,59,.979,-1,-1,-6,-9,5.44,5.53,4.55,5.47,,,,,,,356H/4,,forsylo01
231,Christin Stewart,25,DET,AL,89,89,77,766.2,140,133,2,5,1,.964,-9,-15,-3,-5,1.58,2.13,1.52,2.12,,,,,,,7D/H,,stewach02
232,Albert Almora,25,CHC,NL,125,80,69,765.1,207,201,3,3,0,.986,-13,-20,-3,-5,2.40,2.04,1.63,2.02,,,,,,,*8H,,almoral01
233,Alex Verdugo,23,LAD,NL,97,82,67,756.0,178,170,6,2,0,.989,5,7,12,19,2.10,2.04,1.81,2.02,,,,,,,897H,,verdual01
234,Gary Sánchez,26,NYY,AL,90,86,77,742.2,840,793,32,15,5,.982,-4,-6,-2,-3,10.00,9.32,9.17,9.25,7,30,36,11,23.4,3,2D/H,AS,sanchga02
235,David Bote,26,CHC,NL,112,75,55,734.2,281,82,183,16,32,.943,6,10,3,5,3.25,3.18,2.09,3.24,,,,,,,54H/69,,boteda01
236,John Hicks,29,DET,AL,89,81,81,733.1,735,688,46,1,27,.999,-4,-7,-5,-8,9.01,9.00,8.25,8.93,3,30,37,16,30.2,0,23H/D,,hicksjo02
237,Jake Marisnick,28,HOU,AL,109,73,63,733.0,198,196,1,1,1,.995,12,20,7,11,2.42,2.13,1.81,2.12,,,,,,,*8H/D,,marisja01
238,Fernando Tatis Jr.,20,SDP,NL,83,82,79,731.1,323,90,215,18,36,.944,-14,-23,-5,-8,3.75,3.87,3.67,3.84,,,,,,,6/H,ROY-3,tatisfe02
239,JaCoby Jones,27,DET,AL,85,83,78,725.2,198,193,1,4,1,.980,-18,-30,-15,-25,2.41,2.13,2.28,2.12,,,,,,,8/HD,,jonesja07
240,Jesse Winker,25,CIN,NL,93,86,45,720.0,154,145,6,3,2,.981,-2,-4,1,2,1.89,2.04,1.62,2.02,,,,,,,7H89/D,,winkeje01
241,Pedro Severino,25,BAL,AL,89,80,71,719.2,692,655,29,8,5,.988,-6,-10,-12,-20,8.55,9.32,7.69,9.25,10,40,42,13,23.6,2,2/HD,,severpe01
242,Luis Arraez,22,MIN,AL,85,78,62,716.0,227,101,121,5,31,.978,-6,-10,-11,-18,2.79,3.38,2.34,3.36,,,,,,,475/6HD,ROY-6,arraelu01
243,Elias Díaz,28,PIT,NL,96,75,69,706.2,753,694,47,12,5,.984,-3,-5,-21,-36,9.44,9.49,7.72,9.43,8,34,42,15,26.3,2,2H,,diazel01
244,Luke Voit,28,NYY,AL,83,81,73,706.1,610,575,28,7,60,.989,-10,-17,-11,-19,7.68,8.33,7.27,8.27,,,,,,,3D/H,,voitlu01
245,Juan Lagares,30,NYM,NL,125,67,52,703.2,173,169,1,3,1,.983,2,3,-2,-3,2.17,2.04,1.36,2.02,,,,,,,*8H,,lagarju01
246,Eric Sogard,33,2TM,AL,86,75,65,701.2,321,137,177,7,31,.978,1,2,2,3,4.03,3.83,3.45,3.81,,,,,,,4DH/5967,,sogarer01
247,Eric Sogard,33,TOR,AL,55,53,47,486.2,209,87,119,3,24,.986,1,2,1,2,3.81,3.72,3.43,3.68,,,,,,,4D/596H7,,sogarer01
248,Eric Sogard,33,TBR,AL,31,22,18,215.0,112,50,58,4,7,.964,0,1,1,6,4.52,4.09,3.48,4.06,,,,,,,4H/D,,sogarer01
249,Neil Walker,33,MIA,NL,89,79,59,701.1,515,457,55,3,47,.994,-8,-13,-1,-2,6.57,7.11,5.33,6.85,,,,,,,3H5/D4,,walkene01
250,Dwight Smith Jr.,26,BAL,AL,86,82,66,695.2,161,153,3,5,1,.969,-6,-11,-7,-12,2.02,2.13,1.81,2.12,,,,,,,7H/D,,smithdw02
251,Ben Gamel,27,MIL,NL,108,66,52,694.2,151,148,2,1,1,.993,3,5,5,9,1.94,2.04,1.39,2.02,,,,,,,7H98,,gamelbe01
252,Mike Tauchman,28,NYY,AL,86,77,65,694.1,160,156,3,1,1,.994,7,12,19,33,2.06,2.13,1.85,2.12,,,,,,,798/H,,tauchmi01
253,Byron Buxton,25,MIN,AL,86,78,73,692.0,224,217,5,2,2,.991,6,11,8,14,2.89,2.13,2.58,2.12,,,,,,,8/HD,,buxtoby01
254,Mike Zunino,28,TBR,AL,89,78,62,689.2,807,764,37,6,7,.993,5,9,8,14,10.45,9.32,9.00,9.25,4,25,27,17,38.6,1,2/H,,zuninmi01
255,Shin-Soo Choo,36,TEX,AL,81,80,66,688.2,157,153,0,4,0,.975,1,2,-17,-30,2.00,2.13,1.89,2.12,,,,,,,D97H,,choosh01
256,Didi Gregorius,29,NYY,AL,80,78,75,688.1,280,93,181,6,48,.979,-5,-9,-9,-16,3.58,3.87,3.43,3.85,,,,,,,6/DH,,gregodi01
257,Melky Cabrera,34,PIT,NL,97,80,51,682.2,119,113,5,1,1,.992,-15,-25,-13,-23,1.56,2.04,1.22,2.02,,,,,,,9H7/D,,cabreme01
258,Jonathan Lucroy,33,2TM,2LG,93,75,66,681.0,715,665,45,5,8,.993,-9,-16,-14,-25,9.38,9.34,7.40,9.21,7,53,53,18,25.4,0,2/3HD,,lucrojo01
259,Jonathan Lucroy,33,LAA,AL,69,61,55,548.0,573,534,36,3,6,.995,-8,-18,-12,-26,9.36,9.31,7.92,9.18,7,46,42,15,26.3,0,2/3DH,,lucrojo01
260,Jonathan Lucroy,33,CHC,NL,24,14,11,133.0,142,131,9,2,2,.986,-1,-7,-2,-18,9.47,9.45,5.83,9.28,0,7,11,3,21.4,0,2/H3,,lucrojo01
261,Tyler Flowers,33,ATL,NL,83,73,68,679.0,716,676,37,3,3,.996,-8,-14,3,5,9.45,9.49,8.59,9.43,16,36,38,9,19.1,0,2/H,,flowety01
262,Keston Hiura,22,MIL,NL,81,79,62,679.0,314,123,175,16,43,.949,-9,-16,-7,-12,3.95,4.15,3.68,4.13,,,,,,,4/H,,hiurake01
263,Brian McCann,35,ATL,NL,83,79,69,678.0,662,640,19,3,3,.995,-1,-2,0,0,8.75,9.49,7.94,9.43,7,30,36,9,20.0,1,2/H,,mccanbr01
264,Dylan Moore,26,SEA,AL,104,67,52,677.1,278,136,133,9,35,.968,7,12,2,4,3.57,3.24,2.36,3.22,,,,,,,674H59/3D81,,mooredy01
265,Mitch Garver,28,MIN,AL,83,73,66,675.2,728,693,29,6,4,.992,-5,-9,1,2,9.62,9.32,8.70,9.24,8,30,31,6,16.2,0,2H/D3,SS,garvemi01
266,Tommy Edman,24,STL,NL,82,75,52,669.1,236,85,146,5,28,.979,9,16,11,20,3.11,2.96,2.38,2.93,,,,,,,54H9/78,,edmanto01
267,Cheslor Cuthbert,26,KCR,AL,82,75,69,668.1,428,337,78,13,37,.970,-4,-6,-7,-13,5.59,5.62,4.83,5.66,,,,,,,35H/D,,cuthbch01
268,Greg Garcia,29,SDP,NL,95,73,56,666.1,284,115,164,5,34,.982,-6,-11,-3,-5,3.77,3.88,2.85,3.91,,,,,,,4H5/637D,,garcigr01
269,Mitch Moreland,33,BOS,AL,85,74,58,663.2,607,556,48,3,52,.995,1,3,0,0,8.19,8.33,7.11,8.27,,,,,,,3H/D,,morelmi01
270,Garrett Hampson,24,COL,NL,89,72,53,662.1,291,150,134,7,32,.976,-2,-3,1,2,3.86,3.47,2.90,3.38,,,,,,,48H6/7,,hampsga01
271,Franmil Reyes,23,2TM,2LG,86,86,48,660.2,172,164,3,5,1,.971,-10,-17,-11,-20,2.27,2.04,1.94,2.02,,,,,,,9DH,,reyesfr01
272,Franmil Reyes,23,SDP,NL,83,83,48,644.2,168,160,3,5,1,.970,-10,-19,-11,-20,2.28,2.04,1.96,2.02,,,,,,,9H/D,,reyesfr01
273,Franmil Reyes,23,CLE,AL,3,3,0,16.0,4,4,0,0,0,1.000,1,38,0,0,2.25,2.14,1.33,2.13,,,,,,,D/9H,,reyesfr01
274,AJ Pollock,31,LAD,NL,80,76,65,655.0,121,116,3,2,1,.983,-7,-14,-11,-20,1.64,2.04,1.49,2.02,,,,,,,87/HD,,polloaj01
275,Jeff Mathis,36,TEX,AL,88,76,55,653.1,722,686,30,6,2,.992,-3,-6,-1,-2,9.86,9.30,8.14,9.07,5,23,50,10,16.7,1,2/1,,mathije01
276,Tyler Naquin,28,CLE,AL,80,74,62,649.2,176,165,11,0,3,1.000,12,22,10,18,2.44,2.13,2.20,2.12,,,,,,,97H/D,,naquity01
277,Ronald Guzmán,24,TEX,AL,81,72,69,647.2,582,544,33,5,61,.991,0,-1,5,9,8.02,8.33,7.12,8.27,,,,,,,3/HD,,guzmaro01
278,Brandon Lowe,24,TBR,AL,77,70,61,645.0,317,150,164,3,53,.991,-3,-5,1,2,4.38,4.18,3.88,4.15,,,,,,,4/H39D7,ASROY-3,lowebr01
279,Carlos Correa,24,HOU,AL,75,75,68,642.1,273,95,176,2,34,.993,4,8,10,19,3.80,3.87,3.61,3.85,,,,,,,6,,correca01
280,Brock Holt,31,BOS,AL,82,73,47,642.0,288,125,160,3,32,.990,6,12,5,9,4.00,4.05,3.17,4.30,,,,,,,4H3/6957D,,holtbr01
281,Jason Castro,32,MIN,AL,78,72,61,631.1,667,637,29,1,2,.999,-3,-6,-8,-15,9.49,9.32,8.54,9.25,7,34,29,7,19.4,0,2/H,,castrja01
282,Dawel Lugo,24,DET,AL,73,70,66,631.0,207,66,136,5,11,.976,-10,-19,-9,-17,2.88,2.67,2.77,2.65,,,,,,,5/HD,,lugoda01
283,Kurt Suzuki,35,WSN,NL,75,70,66,628.1,696,666,27,3,1,.996,-7,-13,-14,-27,9.93,9.49,9.24,9.43,6,31,45,5,10.0,0,2H,,suzukku01
284,Jordy Mercer,32,DET,AL,73,71,67,622.2,293,105,181,7,38,.976,-5,-9,-10,-19,4.13,4.20,3.92,4.16,,,,,,,6/435DH,,mercejo03
285,Jake Bauers,23,CLE,AL,78,71,56,617.1,277,263,11,3,13,.989,-10,-19,-3,-6,3.99,4.27,3.26,4.39,,,,,,,7D3/H,,bauerja01
286,Lourdes Gurriel Jr.,25,TOR,AL,74,70,67,617.1,136,113,21,2,4,.985,-3,-5,-1,-2,1.95,2.47,1.79,2.60,,,,,,,7/4D3H,,gurrilo01
287,Tim Beckham,29,SEA,AL,75,72,64,615.2,280,127,139,14,33,.950,-9,-18,-8,-16,3.89,3.74,3.45,3.71,,,,,,,675D/43H,,beckhti01
288,Curtis Granderson,38,MIA,NL,89,67,43,611.0,142,139,3,0,0,1.000,1,1,3,6,2.09,2.04,1.60,2.02,,,,,,,7H/9D,,grandcu01
289,Matt Adams,30,WSN,NL,79,71,60,610.1,558,502,51,5,40,.991,1,2,8,16,8.15,8.57,7.00,8.52,,,,,,,3H,,adamsma01
290,Willie Calhoun,24,TEX,AL,71,69,61,610.0,116,113,2,1,0,.991,1,2,-5,-10,1.70,2.13,1.62,2.12,,,,,,,7/DH,,calhowi01
291,Adam Engel,27,CHW,AL,86,65,58,608.1,164,159,2,3,0,.982,10,19,4,8,2.38,2.13,1.87,2.12,,,,,,,8/H,,engelad01
292,Howie Kendrick,35,WSN,NL,81,63,51,601.0,401,308,91,2,35,.995,3,6,-2,-4,5.98,6.35,4.64,6.30,,,,,,,3H45/D,,kendrho01
293,Steven Duggar,25,SFG,NL,72,67,61,600.0,161,155,3,3,2,.981,-4,-7,6,12,2.37,2.04,2.19,2.02,,,,,,,89/H,,duggast01
294,Jay Bruce,32,2TM,2LG,73,72,54,600.0,226,206,16,4,13,.982,1,2,2,4,3.33,3.32,2.96,3.39,,,,,,,79H3/D,,bruceja01
295,Jay Bruce,32,SEA,AL,42,41,31,348.1,167,151,12,4,12,.976,-2,-8,-4,-14,4.21,4.25,3.70,4.36,,,,,,,93/7DH,,bruceja01
296,Jay Bruce,32,PHI,NL,31,31,23,251.2,59,55,4,0,1,1.000,3,16,6,29,2.11,2.04,1.90,2.02,,,,,,,7H/D,,bruceja01
297,Ryan Cordell,27,CHW,AL,91,63,54,599.1,158,153,2,3,2,.981,-3,-5,-2,-4,2.33,2.13,1.70,2.12,,,,,,,98H/7,,cordery01
298,Joey Wendle,29,TBR,AL,74,64,49,594.2,236,84,149,3,29,.987,4,8,2,4,3.53,3.64,2.71,3.57,,,,,,,456/H9,,wendljo01
299,Cameron Maybin,32,NYY,AL,77,63,51,588.1,125,121,2,2,0,.984,1,2,1,2,1.88,2.13,1.60,2.12,,,,,,,79/H8D,,maybica01
300,Tommy La Stella,30,LAA,AL,74,70,44,586.0,196,71,120,5,22,.974,-3,-7,-4,-8,2.93,3.56,2.42,3.68,,,,,,,45/H3D,AS,lasteto01
301,Jesús Aguilar,29,2TM,2LG,76,65,51,581.0,550,504,42,4,49,.993,5,10,-1,-2,8.46,8.50,7.09,8.32,,,,,,,3HD/5,,aguilje01
302,Jesús Aguilar,29,MIL,NL,61,52,42,468.0,444,405,35,4,38,.991,6,14,-1,-3,8.46,8.54,7.10,8.33,,,,,,,3H/5,,aguilje01
303,Jesús Aguilar,29,TBR,AL,15,13,9,113.0,106,99,7,0,11,1.000,-1,-10,0,0,8.44,8.33,7.07,8.27,,,,,,,3D/H,,aguilje01
304,Tom Murphy,28,SEA,AL,69,66,57,580.0,527,500,23,4,3,.992,3,6,6,12,8.12,9.27,7.37,8.81,3,21,20,13,39.4,0,2/D1H7,,murphto04
305,Austin Nola,29,SEA,AL,78,63,51,578.2,500,437,62,1,49,.998,3,6,1,2,7.76,7.35,5.74,7.22,1,0,3,0,0.0,0,34/25H79,,nolaau01
306,Ronny Rodríguez,27,DET,AL,68,65,61,573.1,304,150,146,8,39,.974,-7,-14,-8,-17,4.65,4.71,4.17,4.63,,,,,,,46H3/D57,,rodriro03
307,Greg Allen,26,CLE,AL,84,58,50,570.1,134,125,7,2,0,.985,5,10,5,11,2.08,2.13,1.57,2.12,,,,,,,7H89,,allengr01
308,Billy McKinney,24,TOR,AL,73,63,49,568.0,141,131,6,4,4,.972,4,8,2,4,2.17,2.39,1.76,2.83,,,,,,,97H/3D,,mckinbi01
309,Austin Riley,22,ATL,NL,71,67,34,567.1,145,126,14,5,7,.966,-1,-1,3,6,2.22,2.54,1.97,2.60,,,,,,,7H/359D,,rileyau01
310,Gerardo Parra,32,2TM,NL,76,59,46,567.0,220,197,21,2,13,.991,8,18,10,21,3.46,3.25,2.73,3.19,,,,,,,H9738/145,,parrage01
311,Gerardo Parra,32,SFG,NL,29,23,20,216.0,58,53,4,1,1,.983,4,21,5,28,2.38,2.04,1.97,2.02,,,,,,,79/H,,parrage01
312,Gerardo Parra,32,WSN,NL,47,36,26,351.0,162,144,17,1,12,.994,5,16,5,17,4.13,4.00,3.16,3.85,,,,,,,H938/7145,,parrage01
313,Víctor Reyes,24,DET,AL,67,63,62,566.0,155,147,7,1,1,.994,0,0,2,4,2.45,2.13,2.30,2.12,,,,,,,87/9H,,reyesvi01
314,Leonys Martín,31,CLE,AL,65,65,58,565.1,152,148,3,1,0,.993,5,11,0,0,2.40,2.13,2.32,2.12,,,,,,,8,,martile01
315,Austin Romine,30,NYY,AL,71,62,56,564.1,638,610,26,2,4,.997,1,2,-1,-2,10.14,9.30,8.96,9.14,6,18,23,10,30.3,0,2/H1,,rominau01
316,Ian Kinsler,37,SDP,NL,73,63,58,564.0,256,96,155,5,36,.980,3,7,-5,-11,4.01,4.15,3.44,4.10,,,,,,,4H/1,,kinslia01
317,José Martínez,30,STL,NL,79,72,31,561.2,118,112,3,3,0,.975,-13,-28,-10,-21,1.84,2.04,1.46,2.02,,,,,,,9H/D7,,martijo08
318,Luis Urías,22,SDP,NL,67,65,59,561.2,218,77,131,10,22,.954,-9,-19,-1,-2,3.33,3.96,3.06,3.93,,,,,,,64/H5,,uriaslu01
319,Victor Caratini,25,CHC,NL,81,59,47,559.1,592,558,31,3,11,.995,2,5,0,0,9.48,9.22,6.85,8.84,3,14,29,6,17.1,3,23H/15,,caratvi01
320,Jon Berti,29,MIA,NL,68,60,49,558.1,189,93,93,3,18,.984,-2,-4,2,4,3.00,2.95,2.33,2.87,,,,,,,685/H79,,bertijo01
321,Lewis Brinson,25,MIA,NL,70,64,56,556.2,167,157,5,5,2,.970,-3,-6,-2,-4,2.62,2.04,2.31,2.02,,,,,,,89/H,,brinsle01
322,Yandy Díaz,27,TBR,AL,63,62,43,554.2,246,157,84,5,24,.980,4,9,-3,-6,3.91,4.27,3.35,4.37,,,,,,,53D/H,,diazya01
323,Joey Gallo,25,TEX,AL,63,63,50,551.1,154,142,8,4,1,.974,5,11,5,11,2.45,2.13,2.38,2.12,,,,,,,87/D,AS,gallojo01
324,Derek Dietrich,29,CIN,NL,84,65,30,546.2,312,191,118,3,36,.990,1,2,3,7,5.09,4.83,3.22,4.72,,,,,,,4H37/D5,,dietrde01
325,Adam Haseley,23,PHI,NL,65,59,44,541.0,131,126,4,1,2,.992,4,9,14,31,2.16,2.04,2.00,2.02,,,,,,,879/H,,haselad01
326,Mitch Haniger,28,SEA,AL,62,62,53,539.1,166,165,0,1,0,.994,5,11,4,9,2.75,2.13,2.66,2.12,,,,,,,98/DH,,hanigmi01
327,Travis Shaw,29,MIL,NL,75,58,43,537.0,160,39,118,3,10,.981,0,1,-1,-2,2.63,2.78,1.99,3.01,,,,,,,5H/34,,shawtr01
328,Guillermo Heredia,28,TBR,AL,79,55,42,534.0,141,137,1,3,0,.979,-7,-15,2,4,2.33,2.13,1.75,2.12,,,,,,,89H7/D,,heredgu01
329,Daniel Robertson,25,TBR,AL,74,58,40,532.1,199,62,131,6,28,.970,10,23,-3,-7,3.26,3.29,2.24,3.28,,,,,,,546/H1,,roberda10
330,Austin Barnes,29,LAD,NL,65,62,54,529.2,576,554,16,6,1,.990,1,1,8,18,9.69,9.44,8.77,9.35,2,15,18,5,21.7,1,2H/4,,barneau01
331,Keon Broxton,29,3TM,2LG,89,56,41,528.2,181,177,1,3,0,.983,17,38,5,11,3.03,2.11,2.00,2.09,,,,,,,87H/9D,,broxtke01
332,Keon Broxton,29,2TM,AL,61,46,39,417.2,144,140,1,3,0,.979,13,36,4,11,3.04,2.13,2.31,2.12,,,,,,,8/H7D9,,broxtke01
333,Keon Broxton,29,NYM,NL,28,10,2,111.0,37,37,0,0,0,1.000,4,43,1,11,3.00,2.04,1.32,2.02,,,,,,,7H/89,,broxtke01
334,Keon Broxton,29,BAL,AL,36,29,24,266.1,106,104,0,2,0,.981,13,57,3,14,3.51,2.13,2.89,2.12,,,,,,,8/H,,broxtke01
335,Keon Broxton,29,SEA,AL,25,17,15,151.1,38,36,1,1,0,.974,0,1,1,8,2.20,2.13,1.48,2.12,,,,,,,8/H7D9,,broxtke01
336,Addison Russell,25,CHC,NL,80,55,47,525.1,277,95,176,6,36,.978,1,3,6,14,4.64,4.07,3.23,4.06,,,,,,,46/H,,russead02
337,Corey Dickerson,30,2TM,NL,65,62,52,524.1,112,110,0,2,0,.982,-4,-9,-5,-11,1.89,2.04,1.69,2.02,,,,,,,7H,,dickeco01
338,Corey Dickerson,30,PIT,NL,33,32,25,261.2,59,57,0,2,0,.966,-3,-15,-4,-18,1.96,2.04,1.73,2.02,,,,,,,7H,,dickeco01
339,Corey Dickerson,30,PHI,NL,32,30,27,262.2,53,53,0,0,0,1.000,-1,-4,-1,-5,1.82,2.04,1.66,2.02,,,,,,,7/H,,dickeco01
340,José Osuna,26,PIT,NL,71,58,44,522.2,303,262,36,5,27,.983,-3,-8,-3,-7,5.13,5.02,3.87,4.75,,,,,,,3H95/17,,osunajo01
341,Jordan Luplow,25,CLE,AL,76,60,42,522.0,122,117,5,0,1,1.000,0,0,3,7,2.10,2.13,1.61,2.12,,,,,,,97H/8D,,luplojo01
342,Phil Ervin,26,CIN,NL,88,52,32,519.2,111,107,2,2,0,.982,6,14,6,14,1.89,2.04,1.24,2.02,,,,,,,7H89,,ervinph01
343,Gordon Beckham,32,DET,AL,66,56,55,519.0,226,89,132,5,31,.978,-1,-3,-13,-30,3.83,4.01,3.35,4.15,,,,,,,4H6D/53,,beckhgo01
344,Ehire Adrianza,29,MIN,AL,78,54,44,518.1,255,135,112,8,31,.969,3,7,-3,-7,4.29,4.44,2.98,4.41,,,,,,,563H/4917,,adriaeh01
345,Curt Casali,30,CIN,NL,69,57,41,510.1,610,575,32,3,4,.995,1,1,8,19,10.70,9.48,8.55,9.38,3,14,34,11,24.4,1,2H/3D,,casalcu01
346,Grayson Greiner,26,DET,AL,58,57,57,509.0,506,478,23,5,2,.990,-2,-5,-1,-2,8.86,9.32,8.64,9.25,4,21,38,13,25.5,1,2,,greingr01
347,Hernán Pérez,28,MIL,NL,86,49,33,508.2,222,100,119,3,28,.986,0,0,2,5,3.87,3.75,2.23,3.77,,,,,,,46H5/9317,,perezhe01
348,Matt Beaty,26,LAD,NL,75,54,38,506.2,277,247,27,3,16,.989,4,9,-2,-5,4.87,4.74,3.47,4.96,,,,,,,37H/59D,,beatyma01
349,Tony Kemp,27,2TM,2LG,73,51,37,503.2,189,109,79,1,13,.995,1,2,6,14,3.36,3.33,2.47,3.22,,,,,,,4H78/D9,,kempto01
350,Tony Kemp,27,HOU,AL,52,36,28,360.2,121,71,50,0,6,1.000,-2,-8,3,10,3.02,3.30,2.24,3.16,,,,,,,47H8/D,,kempto01
351,Tony Kemp,27,CHC,NL,21,15,9,143.0,68,38,29,1,7,.985,3,26,3,25,4.22,3.40,3.05,3.36,,,,,,,H4/798,,kempto01
352,Jake Cave,26,MIN,AL,68,54,35,503.1,131,125,3,3,1,.977,0,-1,-3,-7,2.29,2.13,1.88,2.12,,,,,,,987/HD,,caveja01
353,Russell Martin,36,LAD,NL,69,52,51,503.0,551,513,36,2,1,.996,1,3,3,7,9.82,9.25,7.73,8.31,7,13,23,5,17.9,0,2H/51,,martiru01
354,Stephen Vogt,34,SFG,NL,68,54,46,503.0,455,430,24,1,0,.998,-1,-2,-4,-10,8.12,8.83,6.68,8.65,4,22,29,6,17.1,2,2H/7D3,,vogtst01
355,Wilmer Flores,27,ARI,NL,70,60,27,500.0,252,124,122,6,30,.976,-5,-11,-6,-14,4.43,4.66,3.08,5.01,,,,,,,4H3,,florewi01
356,Aaron Hicks,29,NYY,AL,58,55,53,499.1,116,115,0,1,0,.991,9,21,-1,-2,2.07,2.13,1.98,2.12,,,,,,,8/DH,,hicksaa01
357,Aledmys Díaz,28,HOU,AL,62,54,36,498.1,227,158,66,3,14,.987,-5,-11,-3,-7,4.05,4.97,2.84,5.00,,,,,,,345H/67D,,diazal02
358,Andrew McCutchen,32,PHI,NL,57,57,41,495.2,110,106,2,2,0,.982,0,0,5,12,1.96,2.04,1.89,2.02,,,,,,,78/D,,mccutan01
359,Isiah Kiner-Falefa,24,TEX,AL,63,54,51,492.1,328,261,64,3,5,.991,3,7,-3,-7,5.94,6.46,5.16,6.63,4,24,12,5,29.4,0,25/HD,,kineris01
360,Ender Inciarte,28,ATL,NL,63,57,52,491.0,146,143,2,1,1,.993,2,4,-1,-2,2.66,2.04,2.30,2.02,,,,,,,8/H,,inciaen01
361,Edwin Encarnación,36,2TM,AL,57,57,51,490.0,461,435,24,2,38,.996,-6,-14,0,0,8.43,8.32,7.91,8.20,,,,,,,3D/4H,,encared01
362,Edwin Encarnación,36,SEA,AL,45,45,39,385.1,371,347,22,2,32,.995,-4,-12,0,0,8.62,8.32,8.02,8.18,,,,,,,3D/4H,,encared01
363,Edwin Encarnación,36,NYY,AL,12,12,12,104.2,90,88,2,0,6,1.000,-2,-21,0,0,7.74,8.33,7.50,8.27,,,,,,,D3,,encared01
364,Rowdy Tellez,24,TOR,AL,57,57,48,483.0,494,451,41,2,40,.996,-3,-8,0,0,9.17,8.33,8.63,8.27,,,,,,,3DH,,tellero01
365,Francisco Mejia,23,SDP,NL,64,55,52,482.0,488,462,24,2,1,.996,-2,-5,-2,-5,9.07,9.20,7.59,8.97,1,20,25,5,16.7,0,2H/7D,,mejiafr01
366,Brandon Nimmo,26,NYM,NL,66,56,17,481.0,129,128,0,1,0,.992,3,7,0,0,2.40,2.04,1.94,2.02,,,,,,,87/H9,,nimmobr01
367,Pablo Sandoval,32,SFG,NL,64,51,38,472.2,221,145,70,6,23,.973,-4,-9,0,0,4.09,4.24,3.12,4.50,,,,,,,H53/D1,,sandopa01
368,Sandy León,30,BOS,AL,65,50,33,469.0,572,539,30,3,0,.995,-1,-2,0,0,10.92,9.31,8.62,9.24,4,20,26,7,21.2,1,2/3DH,,leonsa01
369,Aristides Aquino,25,CIN,NL,54,53,49,464.2,102,97,3,2,0,.980,6,15,2,5,1.94,2.04,1.82,2.14,,,,,,,9/H3,,aquinar01
370,Jacob Stallings,29,PIT,NL,62,53,35,464.1,539,510,24,5,1,.991,6,16,13,34,10.35,9.47,8.61,9.30,4,7,12,8,40.0,3,2H/1,,stallja01
371,Josh VanMeter,24,CIN,NL,74,53,23,463.2,170,128,38,4,9,.976,3,8,1,3,3.22,3.57,1.87,3.72,,,,,,,7H43/59D,,vanmejo01
372,Mike Freeman,31,CLE,AL,66,47,41,463.0,174,56,112,6,15,.966,6,15,4,10,3.27,3.55,2.51,3.44,,,,,,,4H5/67D1,,freemmi01
373,Justin Upton,31,LAA,AL,56,55,43,461.0,92,86,2,4,0,.957,-10,-26,-13,-34,1.72,2.13,1.57,2.12,,,,,,,7/DH,,uptonju01
374,Tim Locastro,26,ARI,NL,69,44,32,460.2,106,104,1,1,0,.991,1,2,1,3,2.05,2.04,1.52,2.02,,,,,,,7H98,,locasti01
375,Josh Naylor,22,SDP,NL,62,59,32,457.2,94,84,4,6,1,.936,-11,-30,-4,-10,1.73,2.04,1.42,2.02,,,,,,,79H/D,,naylojo01
376,Adeiny Hechavarría,30,2TM,NL,63,44,40,457.0,204,78,120,6,31,.971,-4,-10,-1,-3,3.90,3.79,3.05,3.79,,,,,,,46H/5D,,hechaad01
377,Adeiny Hechavarría,30,NYM,NL,47,29,25,313.1,148,56,87,5,20,.966,-4,-15,-3,-11,4.11,3.78,2.92,3.78,,,,,,,4H6/5,,hechaad01
378,Adeiny Hechavarría,30,ATL,NL,16,15,15,143.2,56,22,33,1,11,.982,0,3,2,17,3.45,3.81,3.44,3.81,,,,,,,6/H45D,,hechaad01
379,Jorge Soler,27,KCR,AL,56,54,39,447.1,103,97,3,3,0,.971,-5,-12,-9,-24,2.01,2.13,1.79,2.12,,,,,,,D9/H,MVP-21,solerjo01
380,Bubba Starling,26,KCR,AL,55,49,39,443.1,129,123,5,1,1,.992,3,8,-4,-11,2.60,2.13,2.33,2.12,,,,,,,89/7H,,starlbu01
381,Johan Camargo,25,ATL,NL,62,46,35,436.2,167,70,90,7,17,.958,-6,-16,-2,-5,3.30,3.11,2.50,3.10,,,,,,,H657/943D,,camarjo01
382,Alex Avila,32,ARI,NL,55,49,37,433.0,415,384,29,2,2,.995,7,19,6,17,8.58,9.46,7.38,9.15,2,11,10,11,52.4,0,2/H1,,avilaal01
383,Chris Owings,27,2TM,AL,60,47,41,432.0,178,85,92,1,21,.994,4,11,1,3,3.69,3.30,2.77,3.24,,,,,,,4H56/8971D,,owingch01
384,Chris Owings,27,KCR,AL,41,36,34,328.0,125,67,58,0,13,1.000,3,11,0,0,3.43,3.09,2.91,2.96,,,,,,,45/89617H,,owingch01
385,Chris Owings,27,BOS,AL,19,11,7,104.0,53,18,34,1,8,.981,1,12,1,12,4.50,3.96,2.48,3.83,,,,,,,H4/657D,,owingch01
386,Tyler White,28,2TM,2LG,57,45,38,431.0,375,344,30,1,28,.997,1,2,2,6,7.81,8.30,6.23,7.83,,,,,,,3DH/1,,whitety01
387,Tyler White,28,HOU,AL,49,40,33,378.0,318,293,25,0,22,1.000,2,7,3,10,7.57,8.27,6.12,7.73,,,,,,,3D/H1,,whitety01
388,Tyler White,28,LAD,NL,8,5,5,53.0,57,51,5,1,6,.982,-2,-36,-1,-23,9.51,8.58,7.00,8.53,,,,,,,/3H,,whitety01
389,Kevan Smith,31,LAA,AL,59,46,41,430.0,416,392,22,2,0,.995,-5,-14,-7,-20,8.67,9.32,7.02,9.25,0,29,30,5,14.3,1,2/DH,,smithke04
390,Jake Lamb,28,ARI,NL,57,53,22,424.1,223,159,62,2,22,.991,-5,-14,-1,-3,4.69,4.84,3.68,4.92,,,,,,,53H/D,,lambja01
391,Kevin Plawecki,28,CLE,AL,59,46,38,422.0,441,419,20,2,2,.995,1,4,1,3,9.36,9.28,7.32,8.97,1,14,24,7,22.6,0,2/H13D,,plaweke01
392,Daniel Vogelbach,26,SEA,AL,57,49,29,421.2,418,394,22,2,45,.995,-2,-7,-6,-17,8.88,8.33,7.30,8.27,,,,,,,D3H,AS,vogelda01
393,Isan Díaz,23,MIA,NL,48,47,45,418.1,186,71,106,9,21,.952,0,0,-2,-6,3.81,4.15,3.69,4.13,,,,,,,4/H,,diazis01
394,Martín Prado,35,MIA,NL,59,46,32,415.1,299,253,43,3,34,.990,2,5,1,3,6.41,6.53,4.77,6.39,,,,,,,H35/D,,pradoma01
395,Travis Demeritte,24,DET,AL,47,46,46,411.2,105,104,0,1,0,.990,-5,-15,-8,-23,2.27,2.13,2.21,2.12,,,,,,,9/H,,demertr01
396,Willians Astudillo,27,MIN,AL,55,44,34,409.2,306,266,37,3,11,.990,-2,-7,-2,-6,6.66,6.65,5.14,6.41,0,7,11,3,21.4,0,235/H974D,,astudwi01
397,Donovan Solano,31,SFG,NL,55,42,34,407.0,199,84,113,2,27,.990,2,6,1,3,4.36,4.00,3.46,3.98,,,,,,,4H6/5D,,solando01
398,Ryon Healy,27,SEA,AL,47,46,35,404.0,144,54,81,9,10,.938,-6,-17,-3,-9,3.01,3.20,2.45,3.77,,,,,,,53,,healyry01
399,Will Smith,24,LAD,NL,46,45,43,403.0,456,436,20,0,1,1.000,1,3,4,12,10.18,9.49,9.91,9.43,2,10,20,6,23.1,1,2/HD,,smithwi05
400,Ty France,24,SDP,NL,55,45,34,401.2,124,23,99,2,8,.984,-4,-13,-3,-9,2.73,3.11,2.03,3.15,,,,,,,54H/13,,francty01
401,Joey Rickard,28,2TM,2LG,61,45,28,401.0,110,108,0,2,0,.982,5,13,5,15,2.42,2.11,1.77,2.09,,,,,,,798H/D,,rickajo01
402,Joey Rickard,28,BAL,AL,40,33,23,291.2,85,83,0,2,0,.976,4,17,4,16,2.56,2.13,2.08,2.12,,,,,,,98/7HD,,rickajo01
403,Joey Rickard,28,SFG,NL,21,12,5,109.1,25,25,0,0,0,1.000,0,4,1,11,2.06,2.04,1.19,2.02,,,,,,,7H/9,,rickajo01
404,Clint Frazier,24,NYY,AL,53,45,34,395.1,80,71,6,3,1,.963,-12,-37,-10,-30,1.75,2.13,1.45,2.12,,,,,,,97D/H,,frazicl01
405,Chance Sisco,24,BAL,AL,53,45,36,395.1,345,332,7,6,0,.983,-4,-13,-11,-33,7.72,9.32,6.40,9.23,1,20,25,5,16.7,1,2/HD3,,siscoch01
406,Welington Castillo,32,CHW,AL,48,46,43,395.0,377,354,19,4,4,.989,-6,-18,-10,-30,8.50,9.32,7.77,9.25,9,23,30,7,18.9,0,2D/H,,castiwe01
407,Austin Dean,25,MIA,NL,52,46,27,388.1,105,96,5,4,3,.962,-10,-31,-8,-25,2.34,2.58,1.87,2.62,,,,,,,7H/39,,deanau01
408,Kyle Farmer,28,CIN,NL,71,35,16,387.1,219,164,52,3,13,.986,0,0,0,0,5.02,5.83,2.45,5.68,0,1,6,2,25.0,0,4H325/16D,,farmeky01
409,Matt Wieters,33,STL,NL,54,41,37,386.2,396,379,15,2,5,.995,4,12,-2,-6,9.17,9.49,7.30,9.43,2,9,11,8,42.1,0,2H,,wietema01
410,Austin Slater,26,SFG,NL,56,41,28,385.2,126,117,7,2,4,.984,8,24,1,3,2.89,2.65,2.18,2.97,,,,,,,9H/374,,slateau01
411,Matt Duffy,28,TBR,AL,46,41,32,374.0,104,24,73,7,11,.933,-2,-5,-3,-10,2.33,2.69,2.06,2.68,,,,,,,5/6,,duffyma01
412,Ildemaro Vargas,27,ARI,NL,67,35,30,373.2,166,59,105,2,26,.988,4,12,3,10,3.95,3.85,2.41,3.72,,,,,,,4H5/679,,vargail01
413,Jung Ho Kang,32,PIT,NL,57,39,26,365.1,129,36,84,9,13,.930,-5,-16,-1,-3,2.96,2.83,2.03,2.85,,,,,,,5H6,,kangju01
414,Jon Jay,34,CHW,AL,45,42,33,364.0,63,60,2,1,0,.984,-11,-36,-7,-23,1.53,2.13,1.38,2.12,,,,,,,97/DH,,jayjo02
415,Bo Bichette,21,TOR,AL,42,42,40,361.2,171,58,106,7,23,.959,1,4,5,17,4.08,3.87,3.90,3.85,,,,,,,6/D,,bichebo01
416,Erik González,27,PIT,NL,46,38,32,359.2,133,30,97,6,19,.955,5,17,7,23,3.18,3.25,2.70,3.19,,,,,,,65/H78,,gonzaer01
417,Charlie Tilson,26,CHW,AL,51,41,27,358.1,101,94,4,3,0,.970,-5,-17,-4,-13,2.46,2.13,1.92,2.12,,,,,,,978/H,,tilsoch01
418,Max Stassi,28,2TM,AL,50,44,26,357.1,397,375,20,2,2,.995,-3,-10,3,10,9.95,9.30,7.90,9.03,3,17,25,6,19.4,0,2/31DH,,stassma01
419,Max Stassi,28,HOU,AL,30,26,21,224.1,270,257,11,2,2,.993,-3,-16,2,11,10.75,9.28,8.93,8.88,2,9,17,3,15.0,0,2/31DH,,stassma01
420,Max Stassi,28,LAA,AL,20,18,5,133.0,127,118,9,0,0,1.000,0,0,1,9,8.59,9.32,6.35,9.25,1,8,8,3,27.3,0,2,,stassma01
421,Manny Piña,32,MIL,NL,54,38,25,354.0,371,350,15,6,1,.984,1,3,7,24,9.28,9.49,6.76,9.30,2,10,21,7,25.0,1,2H/5,,pinama01
422,Derek Fisher,25,2TM,AL,47,41,32,353.2,73,69,1,3,1,.959,4,12,3,10,1.78,2.13,1.49,2.12,,,,,,,7H/9D8,,fishede01
423,Derek Fisher,25,HOU,AL,14,11,9,108.0,13,13,0,0,0,1.000,2,21,2,22,1.08,2.13,0.93,2.12,,,,,,,7/9DH,,fishede01
424,Derek Fisher,25,TOR,AL,33,30,23,245.2,60,56,1,3,1,.950,2,8,1,5,2.09,2.13,1.73,2.12,,,,,,,7/H98D,,fishede01
425,Matt Thaiss,24,LAA,AL,53,39,27,349.1,162,96,59,7,7,.957,1,4,2,7,3.99,3.98,2.77,3.96,,,,,,,53/H,,thaisma01
426,Luke Maile,28,TOR,AL,45,41,31,347.1,348,316,28,4,3,.989,3,10,3,10,8.91,9.27,7.48,8.90,4,15,18,12,40.0,0,2/1,,mailelu01
427,Ryan Zimmerman,34,WSN,NL,44,40,32,346.0,330,307,20,3,24,.991,1,3,5,17,8.51,8.57,7.43,8.52,,,,,,,3/HD,,zimmery01
428,Meibrys Viloria,22,KCR,AL,41,39,36,345.1,316,294,21,1,2,.997,3,10,-1,-3,8.21,9.32,7.68,9.25,3,16,13,9,40.9,0,2/DH,,vilorme01
429,Alex Dickerson,29,2TM,NL,51,36,25,345.1,66,66,0,0,0,1.000,0,-1,-1,-3,1.72,2.04,1.29,2.02,,,,,,,7H/9,,dickeal01
430,Alex Dickerson,29,SDP,NL,6,3,0,27.2,8,8,0,0,0,1.000,1,56,0,0,2.60,2.05,1.33,2.02,,,,,,,/H7,,dickeal01
431,Alex Dickerson,29,SFG,NL,45,33,25,317.2,58,58,0,0,0,1.000,-2,-6,-1,-4,1.64,2.04,1.29,2.02,,,,,,,7H/9,,dickeal01
432,Tomás Nido,25,NYM,NL,48,38,28,341.2,392,376,13,3,2,.992,-2,-7,0,0,10.25,9.49,8.10,9.43,2,8,34,3,8.1,2,2/H,,nidoto01
433,Shed Long Jr.,23,SEA,AL,40,39,33,341.0,135,64,68,3,21,.978,-7,-23,-9,-32,3.48,3.35,3.22,3.27,,,,,,,47/H5D,,longsh01
434,Dominic Smith,24,NYM,NL,62,35,17,341.0,154,141,10,3,12,.981,1,3,-2,-7,3.99,4.30,2.19,5.41,,,,,,,H37/9,,smithdo02
435,Chris Iannetta,36,COL,NL,45,37,33,338.2,319,300,16,3,1,.991,-2,-7,-9,-32,8.40,9.49,7.02,9.43,2,16,19,4,17.4,0,2H/D,,iannech01
436,Trent Grisham,22,MIL,NL,42,37,21,338.1,70,69,1,0,0,1.000,-2,-8,4,14,1.86,2.04,1.67,2.02,,,,,,,879H,,grishtr01
437,J.D. Martinez,31,BOS,AL,38,37,31,330.2,74,67,4,3,2,.959,-4,-13,-5,-18,1.93,2.13,1.87,2.12,,,,,,,D97/H,ASMVP-21,martijd02
438,Josh Rojas,25,ARI,NL,38,35,30,327.0,65,63,2,0,1,1.000,6,21,4,15,1.79,2.05,1.67,2.07,,,,,,,7/9H4,,rojasjo01
439,Ryan Goins,31,CHW,AL,46,34,30,326.2,127,48,74,5,22,.961,-5,-17,-1,-4,3.36,3.01,2.60,3.16,,,,,,,56H/937D,,goinsry01
440,Cam Gallagher,26,KCR,AL,44,36,33,325.0,301,292,8,1,2,.997,-2,-7,1,4,8.31,9.32,6.82,9.25,1,14,20,5,20.0,0,2/H,,gallaca01
441,Wilmer Difo,27,WSN,NL,40,35,33,324.2,114,34,78,2,14,.982,-4,-13,-6,-22,3.10,3.73,2.73,3.66,,,,,,,6/5H4,,difowi01
442,Yairo Muñoz,24,STL,NL,64,29,17,319.1,98,46,51,1,9,.990,-2,-6,-5,-19,2.73,2.78,1.39,2.73,,,,,,,H5697/84,,munozya01
443,Cole Tucker,22,PIT,NL,45,36,29,318.2,139,45,92,2,20,.986,4,15,2,8,3.87,3.87,3.04,3.84,,,,,,,6H,,tuckeco01
444,Mac Williamson,28,2TM,2LG,38,35,30,318.0,75,69,4,2,0,.973,4,14,5,19,2.07,2.09,1.92,2.08,,,,,,,7/H9D,,willima11
445,Mac Williamson,28,SFG,NL,14,14,14,129.0,26,23,2,1,0,.962,1,11,1,9,1.74,2.04,1.79,2.02,,,,,,,7/9H,,willima11
446,Mac Williamson,28,SEA,AL,24,21,16,189.0,49,46,2,1,0,.980,3,16,4,25,2.29,2.13,2.00,2.12,,,,,,,7/H9D,,willima11
447,Francisco Cervelli,33,2TM,NL,43,39,29,317.2,339,318,18,3,4,.991,-1,-5,3,11,9.52,9.46,7.64,9.37,6,12,17,8,32.0,2,2/H3D,,cervefr01
448,Francisco Cervelli,33,PIT,NL,32,32,25,254.0,278,259,17,2,3,.993,0,0,4,19,9.78,9.48,8.36,9.40,5,9,15,6,28.6,2,2/H3,,cervefr01
449,Francisco Cervelli,33,ATL,NL,11,7,4,63.2,61,59,1,1,1,.984,-1,-26,-1,-19,8.48,9.37,5.45,9.26,1,3,2,2,50.0,0,/23HD,,cervefr01
450,Mike Brosseau,25,TBR,AL,47,32,14,316.0,104,45,58,1,10,.990,-2,-8,-4,-15,2.93,3.39,1.75,3.19,,,,,,,45H/9713D,,brossmi01
451,José Rondón,25,2TM,AL,46,36,24,316.0,127,43,80,4,15,.969,-3,-10,-5,-19,3.50,3.57,2.46,3.58,,,,,,,465H/D713,,rondojo02
452,José Rondón,25,CHW,AL,45,36,24,314.0,126,42,80,4,15,.968,-3,-10,-5,-19,3.50,3.58,2.49,3.60,,,,,,,465H/D713,,rondojo02
453,José Rondón,25,BAL,AL,1,0,0,2.0,1,1,0,0,0,1.000,0,0,0,0,4.50,2.70,1.00,2.70,,,,,,,/5H,,rondojo02
454,César Puello,28,2TM,2LG,40,38,28,312.2,103,99,3,1,0,.990,5,19,5,19,2.94,2.07,2.55,2.05,,,,,,,879/H,,puellce01
455,César Puello,28,LAA,AL,12,12,9,99.0,25,25,0,0,0,1.000,0,-2,-2,-24,2.27,2.13,2.08,2.12,,,,,,,7,,puellce01
456,César Puello,28,MIA,NL,28,26,19,213.2,78,74,3,1,0,.987,5,29,7,39,3.24,2.04,2.75,2.02,,,,,,,89/H,,puellce01
457,Bryan Holaday,31,MIA,NL,39,34,28,311.1,305,288,16,1,1,.997,-1,-4,-6,-23,8.79,9.48,7.79,9.23,1,14,20,5,20.0,0,2/H1,,holadbr01
458,Gregory Polanco,27,PIT,NL,36,35,33,311.0,75,74,0,1,0,.987,-11,-42,-4,-15,2.14,2.04,2.06,2.02,,,,,,,9/HD,,polangr01
459,Justin Bour,31,LAA,AL,37,35,35,308.2,286,264,21,1,24,.997,-2,-6,0,0,8.31,8.33,7.70,8.27,,,,,,,3H/D,,bourju01
460,Daniel Descalso,32,CHC,NL,47,38,15,307.2,152,54,95,3,26,.980,-1,-5,0,0,4.36,4.14,2.98,4.07,,,,,,,4H/5D13,,descada01
461,Brad Miller,29,2TM,2LG,50,38,18,307.2,88,32,52,4,3,.955,1,5,3,12,2.46,2.85,1.68,2.77,,,,,,,H574/69,,millebr02
462,Brad Miller,29,CLE,AL,13,12,6,94.0,31,7,22,2,2,.935,1,17,3,38,2.78,4.09,2.23,4.06,,,,,,,4/H,,millebr02
463,Brad Miller,29,PHI,NL,37,26,12,213.2,57,25,30,2,1,.965,0,1,0,0,2.32,2.31,1.49,2.32,,,,,,,H57/69,,millebr02
464,JT Riddle,27,MIA,NL,42,33,28,306.1,87,69,16,2,2,.977,-6,-24,-3,-12,2.50,2.46,1.98,2.53,,,,,,,8H6,,riddljt01
465,Myles Straw,24,HOU,AL,46,27,22,306.0,90,43,47,0,4,1.000,4,15,3,12,2.65,3.19,1.88,3.22,,,,,,,6H8/74D9,,strawmy01
466,Josh Harrison,31,DET,AL,34,34,33,305.2,156,70,86,0,22,1.000,-1,-3,-1,-4,4.59,4.09,4.59,4.06,,,,,,,4/HD,,harrijo05
467,Andrew Knapp,27,PHI,NL,44,30,27,305.1,349,319,27,3,4,.991,1,4,0,0,10.20,9.46,7.86,9.41,3,14,17,7,29.2,1,2H/3,,knappan01
468,Ian Happ,24,CHC,NL,49,28,15,303.2,136,98,36,2,9,.985,-1,-4,4,16,3.97,3.58,2.35,3.37,,,,,,,H748/593,,happia01
469,Ben Zobrist,38,CHC,NL,44,37,15,302.2,117,58,56,3,16,.974,-3,-10,-2,-8,3.39,3.35,2.24,3.37,,,,,,,49/7H16D,,zobribe01
470,Jake Rogers,24,DET,AL,34,34,32,302.0,301,287,13,1,0,.997,-1,-4,1,4,8.94,9.32,8.82,9.25,9,14,11,7,38.9,2,2/D,,rogerja03
471,Pablo Reyes,25,PIT,NL,53,28,18,300.0,63,44,17,2,1,.968,-5,-21,-3,-12,1.83,2.33,1.09,2.37,,,,,,,H798/456,,reyespa01
472,Humberto Arteaga,25,KCR,AL,39,33,30,298.1,129,45,81,3,14,.977,-7,-27,-5,-20,3.80,3.86,3.15,3.77,,,,,,,6/4H15,,arteahu01
473,Jose Trevino,26,TEX,AL,40,32,28,297.2,273,259,13,1,1,.996,2,8,0,0,8.22,9.32,6.80,9.25,1,14,9,7,43.8,4,2/H,,trevijo01
474,David Freese,36,LAD,NL,50,37,14,296.1,302,287,13,2,18,.993,1,5,0,0,9.11,8.53,5.77,8.29,,,,,,,3H/D5,,freesda01
475,Marco Hernández,26,BOS,AL,50,29,24,295.2,114,50,63,1,10,.991,0,1,-1,-4,3.44,4.09,2.26,4.05,,,,,,,4H/D6,,hernama02
476,Odúbel Herrera,27,PHI,NL,37,32,27,286.2,75,75,0,0,0,1.000,-2,-6,-3,-13,2.35,2.04,2.03,2.02,,,,,,,8/H,,herreod01
477,Eduardo Núñez,32,BOS,AL,43,28,21,284.2,96,34,59,3,7,.969,-1,-4,-9,-38,2.94,3.77,2.02,3.73,,,,,,,4HD/561,,nunezed02
478,Sam Travis,25,BOS,AL,45,31,19,283.0,188,175,9,4,14,.979,1,6,-2,-8,5.85,5.83,3.83,5.84,,,,,,,37H/D9,,travisa01
479,Tyler O'Neill,24,STL,NL,43,30,24,279.2,43,40,0,3,0,.930,-2,-7,1,4,1.29,2.04,0.93,2.02,,,,,,,7H/98,,oneilty01
480,DJ Stewart,25,BAL,AL,35,33,22,275.2,55,50,3,2,1,.964,-3,-11,-4,-17,1.73,2.13,1.51,2.12,,,,,,,97/HD,,stewadj01
481,Scooter Gennett,29,2TM,NL,36,34,23,275.1,136,58,77,1,24,.993,-2,-9,-5,-22,4.41,4.15,3.75,4.13,,,,,,,4/H,,gennesc01
482,Scooter Gennett,29,CIN,NL,19,18,10,141.2,66,27,39,0,13,1.000,-2,-18,-4,-34,4.19,4.15,3.47,4.13,,,,,,,4/H,,gennesc01
483,Scooter Gennett,29,SFG,NL,17,16,13,133.2,70,31,38,1,11,.986,0,1,-1,-9,4.65,4.15,4.06,4.13,,,,,,,4/H,,gennesc01
484,Carlos González,33,2TM,2LG,34,32,21,272.0,62,61,0,1,0,.984,6,27,3,13,2.02,2.10,1.79,2.08,,,,,,,79/DH,,gonzaca01
485,Carlos González,33,CLE,AL,20,20,18,172.0,47,46,0,1,0,.979,6,45,4,28,2.41,2.13,2.30,2.12,,,,,,,7/D9H,,gonzaca01
486,Carlos González,33,CHC,NL,14,12,3,100.0,15,15,0,0,0,1.000,0,-2,-1,-12,1.35,2.04,1.07,2.02,,,,,,,9/7H,,gonzaca01
487,Tyler Wade,24,NYY,AL,40,28,14,271.2,96,47,48,1,10,.990,2,10,-2,-9,3.15,3.20,2.11,3.11,,,,,,,47/H5689D,,wadety01
488,Kendrys Morales,36,2TM,AL,33,30,28,271.1,238,221,14,3,14,.987,-3,-12,1,4,7.79,8.30,6.91,8.06,,,,,,,3D/H1,,moralke01
489,Kendrys Morales,36,OAK,AL,26,23,22,208.2,180,165,13,2,10,.989,-3,-17,1,6,7.68,8.29,6.59,8.01,,,,,,,3/DH1,,moralke01
490,Kendrys Morales,36,NYY,AL,7,7,6,62.2,58,56,1,1,4,.983,0,2,0,0,8.19,8.33,8.14,8.27,,,,,,,D/3H,,moralke01
491,Matt Joyce,34,ATL,NL,37,34,11,269.0,58,54,2,2,1,.966,0,1,-3,-13,1.87,2.04,1.51,2.02,,,,,,,H9/D7,,joycema01
492,Sean Rodríguez,34,PHI,NL,54,24,14,269.0,94,40,54,0,8,1.000,0,1,1,4,3.14,2.91,1.71,2.81,,,,,,,H56/794183D,,rodrise01
493,Tyler Austin,27,3TM,2LG,47,32,12,264.1,125,114,9,2,6,.984,-3,-15,2,9,4.19,5.18,2.56,5.12,,,,,,,H37/9D,,austity01
494,Tyler Austin,27,2TM,NL,45,31,11,253.1,111,100,9,2,6,.982,-2,-11,3,14,3.87,5.04,2.37,4.99,,,,,,,H73/9D,,austity01
495,Tyler Austin,27,MIN,AL,2,1,1,11.0,14,14,0,0,0,1.000,-1,-109,-1,-109,11.45,8.35,7.00,8.25,,,,,,,/3H,,austity01
496,Tyler Austin,27,SFG,NL,36,28,10,216.0,87,79,7,1,4,.989,-2,-12,3,17,3.58,4.43,2.32,4.13,,,,,,,H73/9D,,austity01
497,Tyler Austin,27,MIL,NL,9,3,1,37.1,24,21,2,1,2,.958,0,-10,0,0,5.54,8.56,2.56,8.52,,,,,,,H/3,,austity01
498,Yonder Alonso,32,2TM,2LG,32,31,30,260.0,234,220,12,2,20,.991,3,14,-1,-5,8.03,8.41,7.25,8.36,,,,,,,HD3,,alonsyo01
499,Yonder Alonso,32,CHW,AL,21,21,21,175.0,146,137,7,2,14,.986,2,16,-1,-7,7.41,8.33,6.86,8.27,,,,,,,D3/H,,alonsyo01
500,Yonder Alonso,32,COL,NL,11,10,9,85.0,88,83,5,0,6,1.000,1,11,0,0,9.32,8.57,8.00,8.52,,,,,,,H3,,alonsyo01
501,Tim Lopes,25,SEA,AL,37,30,20,259.1,55,50,3,2,1,.964,5,24,5,23,1.84,2.19,1.39,2.27,,,,,,,7/H49D,,lopesti01
502,Willi Castro,22,DET,AL,29,28,28,253.0,107,36,67,4,17,.963,-5,-25,-4,-19,3.66,3.87,3.55,3.85,,,,,,,6/H,,castrwi01
503,Mauricio Dubón,24,2TM,NL,29,28,22,252.2,137,51,82,4,18,.971,2,9,1,5,4.74,4.08,4.16,4.04,,,,,,,46/H,,dubonma01
504,Mauricio Dubón,24,MIL,NL,1,0,0,1.0,0,0,0,0,0,,0,0,0,0,0.00,3.60,0.00,3.80,,,,,,,/H6,,dubonma01
505,Mauricio Dubón,24,SFG,NL,28,28,22,251.2,137,51,82,4,18,.971,2,9,1,5,4.76,4.08,4.29,4.05,,,,,,,4/6,,dubonma01
506,Dustin Garneau,31,2TM,AL,35,27,23,245.1,256,239,16,1,0,.996,2,10,2,10,9.35,9.31,7.29,9.23,1,11,15,7,31.8,1,2/H3,,garnedu01
507,Dustin Garneau,31,LAA,AL,28,22,18,200.1,219,206,12,1,0,.995,2,12,2,12,9.79,9.31,7.79,9.22,1,9,12,6,33.3,1,2/3H,,garnedu01
508,Dustin Garneau,31,OAK,AL,7,5,5,45.0,37,33,4,0,0,1.000,0,0,0,0,7.40,9.32,5.29,9.26,0,2,3,1,25.0,0,/2H,,garnedu01
509,Renato Núñez,25,BAL,AL,33,29,19,244.1,192,163,25,4,16,.979,-2,-8,-6,-29,6.92,6.82,5.53,6.60,,,,,,,*D3H/57,,nunezre01
510,Zack Cozart,33,LAA,AL,34,27,22,242.2,85,30,51,4,4,.953,1,3,0,0,3.00,2.87,2.19,2.85,,,,,,,5/6H4,,cozarza01
511,Adam Duvall,30,ATL,NL,32,26,23,239.0,48,44,2,2,0,.958,-3,-13,2,10,1.73,2.04,1.44,2.02,,,,,,,7H/9,,duvalad01
512,Roman Quinn,26,PHI,NL,35,23,19,238.2,63,58,4,1,1,.984,-5,-24,-2,-10,2.34,2.03,1.72,2.00,,,,,,,8H/1,,quinnro01
513,Rosell Herrera,26,MIA,NL,51,20,13,237.0,51,46,4,1,2,.980,-8,-41,-7,-35,1.90,2.13,0.98,2.11,,,,,,,H897/456,,herrero02
514,Reese McGuire,24,TOR,AL,30,26,26,236.1,244,226,16,2,1,.992,-1,-5,3,15,9.22,9.32,8.07,9.25,1,13,14,5,26.3,1,2/H,,mcguire01
515,Mark Reynolds,35,COL,NL,32,29,17,235.0,231,217,13,1,29,.996,-3,-13,0,0,8.81,8.54,6.97,8.31,,,,,,,H3/1D,,reynoma01
516,Charlie Culberson,30,ATL,NL,64,15,11,229.0,92,63,27,2,10,.978,1,6,-1,-5,3.54,3.48,1.38,3.21,,,,,,,H793/615,,culbech01
517,Cory Spangenberg,28,MIL,NL,32,24,18,229.0,88,35,52,1,10,.989,4,18,6,31,3.42,3.59,2.49,3.64,,,,,,,4/567H,,spangco01
518,Jonathan Davis,27,TOR,AL,35,24,20,225.0,56,55,0,1,0,.982,-3,-13,0,0,2.20,2.13,1.57,2.12,,,,,,,8/H9D7,,davisjo05
519,Justin Verlander,36,HOU,AL,34,34,2,223.0,27,17,10,0,0,1.000,,,1,1,1.09,1.22,0.79,1.21,,,,,,,1,ASCYA-1MVP-11,verlaju01
520,Miguel Cabrera,36,DET,AL,26,26,15,219.0,210,204,5,1,13,.995,-3,-14,-1,-5,8.59,8.33,8.04,8.27,,,,,,,D3/H,,cabremi01
521,Mike Ford,26,NYY,AL,30,24,18,219.0,204,191,10,3,22,.985,-2,-8,0,0,8.26,8.26,6.70,8.03,,,,,,,3DH/1,,fordmi01
522,Jace Peterson,29,BAL,AL,28,23,16,217.1,89,53,33,3,3,.966,1,8,3,17,3.56,2.64,2.61,2.56,,,,,,,7/54H9,,peterja01
523,Shane Bieber,24,CLE,AL,34,33,3,214.1,26,12,14,0,0,1.000,,,-2,-2,1.09,1.22,0.76,1.21,,,,,,,1,ASCYA-4,biebesh01
524,Trevor Bauer,28,2TM,2LG,34,34,1,213.0,27,12,15,0,1,1.000,,,-2,-2,1.14,1.31,0.79,1.32,,,,,,,1,,bauertr01
525,Trevor Bauer,28,CLE,AL,24,24,1,156.2,18,5,13,0,1,1.000,,,0,0,1.03,1.22,0.75,1.21,,,,,,,1,,bauertr01
526,Trevor Bauer,28,CIN,NL,10,10,0,56.1,9,7,2,0,0,1.000,,,-2,-7,1.44,1.58,0.90,1.58,,,,,,,1,,bauertr01
527,Gerrit Cole,28,HOU,AL,33,33,0,212.1,26,14,12,0,0,1.000,,,0,0,1.10,1.22,0.79,1.21,,,,,,,1,ASCYA-2MVP-10,colege01
528,Carlos Gómez,33,NYM,NL,30,23,9,210.2,61,58,2,1,0,.984,-4,-25,-1,-6,2.56,2.04,2.00,2.02,,,,,,,87/9H,,gomezca01
529,Tim Federowicz,31,TEX,AL,29,23,19,209.1,211,203,4,4,0,.981,0,0,0,0,8.90,9.28,6.90,8.98,1,7,10,4,28.6,0,2/1,,federti01
530,Chris Herrmann,31,OAK,AL,28,23,17,209.0,193,187,4,2,0,.990,2,9,-3,-17,8.22,9.04,6.82,8.49,1,7,6,6,50.0,0,2/H7,,herrmch01
531,Stephen Strasburg,30,WSN,NL,33,33,0,209.0,47,21,24,2,2,.957,,,0,0,1.94,1.59,1.36,1.58,,,,,,,1/H,CYA-5MVP-15,strasst01
532,Zack Greinke,35,2TM,2LG,33,33,0,208.2,68,33,34,1,12,.985,,,8,8,2.89,1.48,2.03,1.47,,,,,,,1/H,ASGGSS,greinza01
533,Zack Greinke,35,ARI,NL,23,23,0,146.0,52,26,25,1,8,.981,,,7,10,3.14,1.59,2.22,1.58,,,,,,,1/H,,greinza01
534,Zack Greinke,35,HOU,AL,10,10,0,62.2,16,7,9,0,4,1.000,,,1,3,2.30,1.22,1.60,1.21,,,,,,,1,,greinza01
535,Lance Lynn,32,TEX,AL,33,33,0,208.1,14,8,6,0,0,1.000,,,-1,-1,0.60,1.22,0.42,1.21,,,,,,,1,CYA-5,lynnla01
536,Mike Minor,31,TEX,AL,32,32,2,208.1,28,7,21,0,1,1.000,,,1,1,1.21,1.22,0.88,1.21,,,,,,,1/H,ASCYA-8,minormi01
537,Madison Bumgarner,29,SFG,NL,34,34,0,207.2,22,2,19,1,1,.955,,,-1,-1,0.91,1.59,0.62,1.58,,,,,,,1/H,,bumgama01
538,Wilfredo Tovar,27,LAA,AL,31,23,17,207.0,92,29,62,1,12,.989,1,7,1,6,3.96,3.87,2.94,3.85,,,,,,,6/H,,tovarwi01
539,Jacob deGrom,31,NYM,NL,32,32,0,204.0,42,24,17,1,0,.976,,,-2,-2,1.81,1.59,1.28,1.58,,,,,,,1/H,ASCYA-1MVP-10,degroja01
540,Eduardo Rodríguez,26,BOS,AL,34,34,0,203.1,25,2,23,0,1,1.000,,,0,0,1.11,1.22,0.74,1.21,,,,,,,1,CYA-6,rodried05
541,Marco Gonzales,27,SEA,AL,34,34,0,203.0,33,7,23,3,2,.909,,,3,3,1.33,1.22,0.88,1.21,,,,,,,1,,gonzama02
542,Aaron Nola,26,PHI,NL,34,34,0,202.1,36,9,27,0,3,1.000,,,5,5,1.60,1.59,1.06,1.58,,,,,,,1,,nolaaa01
543,Patrick Corbin,29,WSN,NL,33,33,1,202.0,42,12,30,0,0,1.000,,,5,5,1.87,1.59,1.27,1.58,,,,,,,1,CYA-11,corbipa01
544,José Berríos,25,MIN,AL,32,32,1,200.1,32,12,19,1,0,.969,,,0,0,1.39,1.22,0.97,1.21,,,,,,,1,AS,berrijo01
545,Scott Schebler,28,CIN,NL,25,22,17,199.2,58,57,0,1,0,.983,3,17,0,0,2.57,2.04,2.28,2.02,,,,,,,8/H79,,schebsc01
546,Noah Syndergaard,26,NYM,NL,32,32,1,197.2,39,14,21,4,4,.897,,,-7,-7,1.59,1.59,1.09,1.58,,,,,,,1,,syndeno01
547,Sandy Alcantara,23,MIA,NL,32,32,2,197.1,34,10,20,4,0,.882,,,-4,-4,1.37,1.59,0.94,1.58,,,,,,,1,AS,alcansa01
548,Mike Leake,31,2TM,2LG,32,32,2,197.0,46,20,25,1,4,.978,,,3,3,2.06,1.33,1.41,1.33,,,,,,,1,GG,leakemi01
549,Mike Leake,31,SEA,AL,22,22,2,137.0,29,11,17,1,2,.966,,,4,6,1.84,1.22,1.27,1.21,,,,,,,1,,leakemi01
550,Mike Leake,31,ARI,NL,10,10,0,60.0,17,9,8,0,2,1.000,,,-1,-3,2.55,1.59,1.70,1.58,,,,,,,1,,leakemi01
551,Jack Flaherty,23,STL,NL,33,33,0,196.1,41,18,23,0,4,1.000,,,4,4,1.88,1.59,1.24,1.58,,,,,,,1/H,CYA-4MVP-13,flaheja01
552,Rafael Ortega,28,ATL,NL,27,18,15,196.0,37,37,0,0,0,1.000,4,26,1,6,1.70,2.04,1.37,2.02,,,,,,,7H/98,,ortegra01
553,Richard Ureña,23,TOR,AL,29,21,20,196.0,69,21,46,2,6,.971,-2,-11,1,6,3.08,3.68,2.23,3.53,,,,,,,6/45H17,,urenari01
554,Nick Hundley,35,OAK,AL,30,23,13,195.1,179,167,12,0,0,1.000,-1,-6,-2,-12,8.25,9.32,5.97,9.25,0,12,18,5,21.7,0,2/H,,hundlni01
555,Zack Wheeler,29,NYM,NL,31,31,0,195.1,35,13,20,2,0,.943,,,0,0,1.52,1.59,1.06,1.58,,,,,,,1,,wheelza01
556,Yonathan Daza,25,COL,NL,29,24,10,195.0,55,49,4,2,0,.964,-6,-39,0,0,2.45,2.04,1.83,2.02,,,,,,,8H/79,,dazayo01
557,Charlie Morton,35,TBR,AL,33,33,0,194.2,15,9,6,0,0,1.000,,,-3,-3,0.69,1.22,0.45,1.21,,,,,,,1,ASCYA-3MVP-21,mortoch02
558,Scott Heineman,26,TEX,AL,25,21,19,194.0,73,70,3,0,3,1.000,-3,-19,2,12,3.39,3.28,2.92,3.10,,,,,,,/8973,,heinesc01
559,Hunter Pence,36,TEX,AL,23,23,19,192.1,49,49,0,0,0,1.000,-2,-9,-5,-31,2.29,2.13,2.13,2.12,,,,,,,D7H/9,AS,pencehu01
560,Kristopher Negrón,33,2TM,2LG,32,21,9,191.1,53,33,20,0,5,1.000,1,5,3,19,2.49,2.54,1.51,2.50,,,,,,,H9/87564,,negrokr01
561,Kristopher Negrón,33,SEA,AL,10,7,4,66.0,14,14,0,0,0,1.000,2,38,2,36,1.91,2.14,1.40,2.18,,,,,,,/97H58,,negrokr01
562,Kristopher Negrón,33,LAD,NL,22,14,5,125.1,39,19,20,0,5,1.000,-1,-12,1,10,2.80,2.74,1.56,2.62,,,,,,,H/896457,,negrokr01
563,Yu Chang,23,CLE,AL,26,21,13,191.0,45,11,34,0,2,1.000,1,9,0,0,2.12,2.78,1.36,2.94,,,,,,,5/6H,,changyu01
564,Luis Castillo,26,CIN,NL,32,32,0,190.2,48,17,30,1,1,.979,,,4,4,2.22,1.59,1.47,1.58,,,,,,,1,AS,castilu02
565,Abraham Toro,22,HOU,AL,24,20,17,189.2,57,18,37,2,5,.965,3,20,2,13,2.61,2.76,2.20,2.88,,,,,,,5/H3,,toroab01
566,Michael A. Taylor,28,WSN,NL,31,19,14,189.1,35,32,2,1,1,.971,-6,-36,-1,-6,1.62,2.04,1.10,2.02,,,,,,,8H/9,,taylomi02
567,Iván Nova,32,CHW,AL,34,34,2,187.0,28,9,18,1,3,.964,,,0,0,1.30,1.22,0.79,1.21,,,,,,,1,,novaiv01
568,Matthew Boyd,28,DET,AL,32,32,0,185.1,27,7,19,1,0,.963,,,3,3,1.26,1.22,0.81,1.21,,,,,,,1,,boydma01
569,Jared Walsh,25,LAA,AL,27,21,17,185.1,157,140,17,0,12,1.000,0,-1,1,6,7.62,8.14,5.41,7.06,,,,,,,3/H1,,walshja01
570,Nick Martini,29,2TM,2LG,26,22,12,185.0,48,47,1,0,1,1.000,-2,-10,-2,-13,2.34,2.04,1.78,2.00,,,,,,,7/H1D,,martini02
571,Nick Martini,29,OAK,AL,3,1,1,15.0,5,5,0,0,0,1.000,1,64,0,0,3.00,2.04,1.25,1.90,,,,,,,/7H1D,,martini02
572,Nick Martini,29,SDP,NL,23,21,11,170.0,43,42,1,0,1,1.000,-2,-17,-2,-14,2.28,2.04,1.87,2.02,,,,,,,7/H,,martini02
573,Mike Fiers,34,OAK,AL,33,33,1,184.2,26,8,16,2,1,.923,,,1,1,1.17,1.22,0.73,1.21,,,,,,,1,,fiersmi01
574,Brett Phillips,25,KCR,AL,28,19,17,184.1,60,58,2,0,1,1.000,3,18,6,39,2.93,2.13,2.14,2.12,,,,,,,8/H79D,,phillbr02
575,Marcus Stroman,28,2TM,2LG,32,32,0,184.1,55,21,30,4,2,.927,,,6,7,2.49,1.34,1.59,1.34,,,,,,,1,AS,stromma01
576,Marcus Stroman,28,TOR,AL,21,21,0,124.2,34,11,20,3,1,.912,,,3,5,2.24,1.22,1.48,1.21,,,,,,,1,,stromma01
577,Marcus Stroman,28,NYM,NL,11,11,0,59.2,21,10,10,1,1,.952,,,3,10,3.02,1.58,1.82,1.58,,,,,,,1,,stromma01
578,Reynaldo López,25,CHW,AL,33,33,1,184.0,23,9,13,1,1,.957,,,-1,-1,1.08,1.22,0.67,1.21,,,,,,,1,,lopezre01
579,Miles Mikolas,30,STL,NL,32,32,1,184.0,44,14,30,0,2,1.000,,,6,7,2.15,1.59,1.38,1.58,,,,,,,1,,mikolmi01
580,Merrill Kelly,30,ARI,NL,32,32,0,183.1,39,21,14,4,2,.897,,,-4,-4,1.72,1.59,1.09,1.58,,,,,,,1,,kellyme01
581,Hyun Jin Ryu,32,LAD,NL,29,29,1,182.2,36,7,29,0,0,1.000,,,3,3,1.77,1.59,1.24,1.58,,,,,,,1/H,ASCYA-2MVP-19,ryuhy01
582,Blake Swihart,27,2TM,2LG,29,17,14,182.2,85,77,5,3,0,.965,-4,-28,-4,-26,4.04,4.30,2.83,4.46,0,3,4,1,20.0,0,H7/923,,swihabl01
583,Blake Swihart,27,BOS,AL,10,6,6,61.0,60,55,2,3,0,.950,-1,-24,-2,-39,8.41,8.59,5.70,8.44,0,3,4,1,20.0,0,/2H37,,swihabl01
584,Blake Swihart,27,ARI,NL,19,11,8,121.2,25,22,3,0,0,1.000,-3,-31,-2,-20,1.85,2.15,1.32,2.36,,,,,,,H7/93,,swihabl01
585,Walker Buehler,24,LAD,NL,30,30,2,182.1,28,11,17,0,1,1.000,,,-1,-1,1.38,1.59,0.93,1.58,,,,,,,1,ASCYA-9,buehlwa01
586,Sam Hilliard,25,COL,NL,25,18,13,182.0,54,51,1,2,0,.963,4,27,-2,-13,2.57,2.04,2.08,2.02,,,,,,,8/9H7,,hillisa01
587,Masahiro Tanaka,30,NYY,AL,32,31,1,182.0,29,9,18,2,3,.931,,,1,1,1.34,1.22,0.84,1.21,,,,,,,1,AS,tanakma01
588,Austin Wynns,28,BAL,AL,25,20,19,182.0,188,173,12,3,1,.984,-2,-13,1,7,9.15,9.32,7.40,9.25,2,10,11,3,21.4,0,2/HD,,wynnsau01
589,Jeff Samardzija,34,SFG,NL,32,32,0,181.1,18,8,9,1,0,.944,,,-3,-3,0.84,1.59,0.53,1.58,,,,,,,1,,samarje01
590,Nathaniel Lowe,23,TBR,AL,25,20,17,179.1,165,159,5,1,11,.994,-2,-16,-1,-7,8.23,8.04,6.56,7.37,,,,,,,3DH/5,,lowena01
591,Yu Darvish,32,CHC,NL,31,31,0,178.2,28,14,13,1,1,.964,,,-5,-6,1.36,1.59,0.87,1.58,,,,,,,1,,darviyu01
592,Clayton Kershaw,31,LAD,NL,29,28,0,178.1,26,3,23,0,1,1.000,,,3,3,1.31,1.59,0.90,1.58,,,,,,,1,ASCYA-8,kershcl01
593,Gavin Lux,21,LAD,NL,22,19,17,178.0,67,27,38,2,9,.970,1,9,3,20,3.29,4.15,2.95,4.13,,,,,,,4/HD,,luxga01
594,Kyle Hendricks,29,CHC,NL,30,30,1,177.0,41,10,29,2,0,.951,,,1,1,1.98,1.59,1.30,1.58,,,,,,,1/H,,hendrky01
595,Lucas Giolito,24,CHW,AL,29,29,3,176.2,19,4,15,0,1,1.000,,,4,5,0.97,1.22,0.66,1.21,,,,,,,1,ASCYA-6,giolilu01
596,Brett Anderson,31,OAK,AL,31,31,0,176.0,33,5,25,3,1,.909,,,1,1,1.53,1.22,0.97,1.21,,,,,,,1,,anderbr04
597,Sonny Gray,29,CIN,NL,31,31,0,175.1,43,22,19,2,4,.953,,,0,0,2.10,1.59,1.32,1.58,,,,,,,1/H,ASCYA-7,grayso01
598,Jakob Junis,26,KCR,AL,31,31,0,175.1,21,7,13,1,1,.952,,,-2,-2,1.03,1.22,0.65,1.21,,,,,,,1,,junisja01
599,Dakota Hudson,24,STL,NL,33,32,0,174.2,41,13,26,2,1,.951,,,0,0,2.01,1.59,1.18,1.58,,,,,,,1,ROY-5,hudsoda02
600,Michael Soroka,21,ATL,NL,29,29,0,174.2,36,9,27,0,5,1.000,,,5,6,1.85,1.59,1.24,1.58,,,,,,,1,ASCYA-6ROY-2,sorokmi01
601,Julio Teheran,28,ATL,NL,33,33,0,174.2,29,4,25,0,0,1.000,,,4,5,1.49,1.59,0.88,1.58,,,,,,,1/H,,teherju01
602,Rick Porcello,30,BOS,AL,32,32,0,174.1,38,16,21,1,1,.974,,,2,2,1.91,1.22,1.16,1.21,,,,,,,1,,porceri01
603,Robbie Ray,27,ARI,NL,33,33,0,174.1,30,7,21,2,2,.933,,,0,0,1.45,1.59,0.85,1.58,,,,,,,1/H,,rayro02
604,Germán Márquez,24,COL,NL,28,28,1,174.0,39,17,20,2,0,.949,,,2,2,1.91,1.59,1.32,1.58,,,,,,,1/H,,marquge01
605,Michael Lorenzen,27,CIN,NL,93,6,5,172.1,52,38,13,1,0,.981,0,-3,3,9,2.66,1.82,0.50,1.70,,,,,,,1H8/79,,lorenmi01
606,Max Scherzer,34,WSN,NL,27,27,0,172.1,24,10,13,1,1,.958,,,-1,-1,1.20,1.59,0.85,1.58,,,,,,,1/H,ASCYA-3MVP-22,scherma01
607,Jon Lester,35,CHC,NL,31,31,0,171.2,11,5,5,1,1,.909,,,-5,-6,0.52,1.59,0.32,1.58,,,,,,,1/H,,lestejo01
608,Adam Wainwright,37,STL,NL,31,31,0,171.2,32,15,17,0,1,1.000,,,1,1,1.68,1.59,1.03,1.58,,,,,,,1,,wainwad01
609,Seth Brown,26,OAK,AL,25,17,12,171.0,48,44,4,0,4,1.000,1,9,4,28,2.53,2.78,1.78,3.03,,,,,,,7/H3,,brownse01
610,Jose Quintana,30,CHC,NL,32,31,0,171.0,41,15,26,0,1,1.000,,,3,4,2.16,1.59,1.28,1.58,,,,,,,1,,quintjo01
611,Daniel Palka,27,CHW,AL,24,21,8,170.2,32,30,2,0,0,1.000,-4,-28,-5,-35,1.69,2.35,1.33,2.38,,,,,,,9/HD3,,palkada01
612,Joe Musgrove,26,PIT,NL,32,31,0,170.1,58,30,24,4,0,.931,,,2,2,2.85,1.59,1.69,1.58,,,,,,,1H,,musgrjo01
613,Nick Williams,25,PHI,NL,28,15,12,170.0,32,31,1,0,0,1.000,2,14,-1,-7,1.69,2.04,1.14,2.02,,,,,,,H7/9,,willini01
614,Brendan Rodgers,22,COL,NL,22,18,13,168.2,89,29,55,5,13,.944,1,6,-1,-7,4.48,4.06,3.36,4.03,,,,,,,4/6H,,rodgebr02
615,Nico Hoerner,22,CHC,NL,19,19,18,168.1,74,21,51,2,9,.973,-5,-32,1,7,3.85,3.80,3.79,3.76,,,,,,,6/48H,,hoernni01
616,Wade Miley,32,HOU,AL,33,33,0,167.1,27,7,19,1,1,.963,,,1,1,1.40,1.22,0.79,1.21,,,,,,,1,,mileywa01
617,Anthony DeSclafani,29,CIN,NL,31,31,0,166.2,27,13,14,0,0,1.000,,,-2,-2,1.46,1.59,0.87,1.58,,,,,,,1,,desclan01
618,Aníbal Sánchez,35,WSN,NL,30,30,0,166.0,39,17,18,4,0,.897,,,1,1,1.90,1.59,1.17,1.58,,,,,,,1,,sanchan01
619,Max Fried,25,ATL,NL,33,30,1,165.2,44,7,34,3,1,.932,,,5,6,2.23,1.59,1.24,1.58,,,,,,,1/H,,friedma01
620,Brad Keller,23,KCR,AL,28,28,0,165.1,18,3,14,1,1,.944,,,1,1,0.93,1.22,0.61,1.21,,,,,,,1,,kellebr01
621,Martín Pérez,28,MIN,AL,32,29,0,165.1,30,9,19,2,0,.933,,,0,0,1.52,1.22,0.88,1.21,,,,,,,1,,perezma02
622,Tanner Roark,32,2TM,2LG,31,31,0,165.1,25,11,12,2,1,.920,,,-1,-1,1.25,1.47,0.74,1.46,,,,,,,1,,roarkta01
623,Tanner Roark,32,CIN,NL,21,21,0,110.1,20,10,8,2,1,.900,,,-1,-2,1.47,1.59,0.86,1.58,,,,,,,1,,roarkta01
624,Tanner Roark,32,OAK,AL,10,10,0,55.0,5,1,4,0,0,1.000,,,0,0,0.82,1.23,0.50,1.21,,,,,,,1,,roarkta01
625,Steve Pearce,36,BOS,AL,23,18,12,165.0,113,100,10,3,10,.973,0,-1,2,15,6.00,7.01,4.78,7.20,,,,,,,3/D7H,,pearcst01
626,Thairo Estrada,23,NYY,AL,28,16,11,164.0,64,33,30,1,7,.984,-1,-10,0,0,3.46,3.86,2.10,3.74,,,,,,,4H/679D,,estrath01
627,Jack Mayfield,28,HOU,AL,26,16,11,164.0,65,23,41,1,6,.985,-1,-6,5,37,3.51,3.90,2.37,3.85,,,,,,,6/4H5,,mayfija01
628,Cedric Mullins,24,BAL,AL,22,18,16,164.0,59,58,0,1,0,.983,5,35,1,7,3.18,2.13,2.64,2.12,,,,,,,8/H,,mullice01
629,Joey Lucchesi,26,SDP,NL,30,30,0,163.2,23,4,17,2,0,.913,,,-5,-6,1.15,1.59,0.70,1.58,,,,,,,1,,lucchjo01
630,Zach Eflin,25,PHI,NL,32,28,2,163.1,34,13,20,1,2,.971,,,-2,-2,1.82,1.59,1.03,1.58,,,,,,,1,,eflinza01
631,Homer Bailey,33,2TM,AL,31,31,0,163.1,26,12,14,0,0,1.000,,,1,1,1.43,1.22,0.84,1.21,,,,,,,1,,baileho02
632,Homer Bailey,33,KCR,AL,18,18,0,90.0,13,5,8,0,0,1.000,,,1,2,1.30,1.22,0.72,1.21,,,,,,,1,,baileho02
633,Homer Bailey,33,OAK,AL,13,13,0,73.1,13,7,6,0,0,1.000,,,0,0,1.60,1.22,1.00,1.21,,,,,,,1,,baileho02
634,Jedd Gyorko,30,2TM,NL,32,15,9,163.1,83,41,40,2,6,.976,6,44,1,7,4.46,4.06,2.45,4.08,,,,,,,H5/341D,,gyorkje01
635,Jedd Gyorko,30,STL,NL,16,9,6,85.1,33,8,23,2,1,.939,3,45,0,0,3.27,2.77,1.94,3.03,,,,,,,H5/413,,gyorkje01
636,Jedd Gyorko,30,LAD,NL,16,6,3,78.0,50,33,17,0,5,1.000,3,43,1,15,5.77,5.46,2.94,5.08,,,,,,,H/534D,,gyorkje01
637,Dylan Bundy,26,BAL,AL,30,30,0,161.2,18,10,8,0,1,1.000,,,-2,-2,1.00,1.22,0.60,1.21,,,,,,,1,,bundydy01
638,Yusei Kikuchi,28,SEA,AL,32,32,1,161.2,23,10,12,1,1,.957,,,-2,-2,1.22,1.22,0.69,1.21,,,,,,,1,,kikucyu01
639,J.A. Happ,36,NYY,AL,31,30,0,161.1,15,2,12,1,0,.933,,,-2,-2,0.78,1.22,0.45,1.21,,,,,,,1/H,,happja01
640,Kyle Lewis,23,SEA,AL,18,17,17,161.0,44,43,0,1,0,.977,2,12,0,0,2.40,2.13,2.39,2.12,,,,,,,9/8H,,lewisky01
641,Ryan McBroom,27,KCR,AL,20,19,14,161.0,70,68,2,0,2,1.000,-2,-12,-3,-22,3.91,3.97,3.50,3.97,,,,,,,9/3H7,,mcbrory01
642,Kelvin Gutiérrez,24,KCR,AL,18,18,18,160.2,61,23,35,3,2,.951,-2,-14,2,15,3.25,2.67,3.22,2.65,,,,,,,5/D,,gutieke01
643,Steven Matz,28,NYM,NL,32,30,1,160.1,27,5,22,0,2,1.000,,,3,4,1.52,1.59,0.84,1.58,,,,,,,1/H,,matzst01
644,Kyle Gibson,31,MIN,AL,34,29,0,160.0,26,10,14,2,3,.923,,,0,0,1.35,1.22,0.71,1.21,,,,,,,1,,gibsoky01
645,Zach Davies,26,MIL,NL,31,31,0,159.2,34,11,20,3,2,.912,,,2,3,1.75,1.59,1.00,1.58,,,,,,,1/H,,davieza02
646,Jake Odorizzi,29,MIN,AL,30,30,0,159.0,16,7,9,0,0,1.000,,,2,3,0.91,1.22,0.53,1.21,,,,,,,1,AS,odorija01
647,John Ryan Murphy,28,2TM,NL,20,17,14,156.0,163,153,10,0,1,1.000,3,23,3,23,9.40,9.33,7.76,8.68,0,3,3,2,40.0,1,2/H1,,murphjr01
648,John Ryan Murphy,28,ARI,NL,19,17,14,154.0,160,150,10,0,1,1.000,3,23,3,23,9.35,9.33,8.00,8.65,0,3,3,2,40.0,1,2/H1,,murphjr01
649,John Ryan Murphy,28,ATL,NL,1,0,0,2.0,3,3,0,0,0,1.000,0,0,0,0,13.50,9.45,3.00,9.40,0,0,0,0,,0,/2,,murphjr01
650,John Means,26,BAL,AL,31,27,0,155.0,15,5,10,0,0,1.000,,,-1,-1,0.87,1.22,0.48,1.21,,,,,,,1,ASROY-2,meansjo01
651,Trent Thornton,25,TOR,AL,32,29,0,154.1,15,6,8,1,1,.933,,,1,1,0.82,1.22,0.44,1.21,,,,,,,1,,thorntr01
652,Anthony Bemboom,29,2TM,AL,25,17,10,154.1,169,162,7,0,0,1.000,2,16,1,8,9.86,9.32,6.76,9.25,4,9,7,6,46.2,0,2,,bemboan01
653,Anthony Bemboom,29,TBR,AL,3,2,0,16.0,26,26,0,0,0,1.000,-1,-75,-1,-75,14.63,9.34,8.67,9.27,2,3,0,0,,0,/2,,bemboan01
654,Anthony Bemboom,29,LAA,AL,22,15,10,138.1,143,136,7,0,0,1.000,3,26,2,17,9.30,9.32,6.50,9.25,2,6,7,6,46.2,0,2,,bemboan01
655,Kenta Maeda,31,LAD,NL,37,26,0,153.2,30,11,18,1,3,.967,,,1,1,1.70,1.59,0.78,1.58,,,,,,,1/H,,maedake01
656,Austin Hays,23,BAL,AL,20,15,15,153.1,55,54,1,0,0,1.000,4,33,0,0,3.23,2.13,2.75,2.12,,,,,,,8/H,,haysau01
657,Caleb Smith,27,MIA,NL,28,28,0,153.1,21,7,12,2,1,.905,,,1,1,1.12,1.59,0.68,1.58,,,,,,,1/H,,smithca03
658,Pat Valaika,26,COL,NL,22,15,8,153.1,83,34,48,1,14,.988,1,5,0,0,4.81,4.28,3.42,4.03,,,,,,,H4/653D,,valaipa01
659,Tyler Saladino,29,MIL,NL,23,16,8,151.0,62,28,33,1,7,.984,3,22,5,40,3.64,3.23,2.10,3.16,,,,,,,6/75H4,,saladty01
660,James Paxton,30,NYY,AL,29,29,0,150.2,12,2,10,0,0,1.000,,,-1,-1,0.72,1.22,0.41,1.21,,,,,,,1,,paxtoja01
661,Nick Dini,25,KCR,AL,20,17,15,150.0,125,112,12,1,1,.992,1,8,-3,-24,7.44,9.32,6.20,9.25,1,9,6,4,40.0,0,2/H,,dinini01
662,Jon Gray,27,COL,NL,26,25,0,150.0,35,18,16,1,0,.971,,,1,1,2.04,1.59,1.31,1.58,,,,,,,1/H,,grayjo02
663,Jesús Sucre,31,BAL,AL,19,17,16,150.0,119,113,5,1,3,.992,1,8,-1,-8,7.08,9.25,5.90,8.80,3,5,4,4,50.0,0,2/H13D,,sucreje01
664,Andrew Cashner,32,2TM,AL,42,23,0,150.0,27,10,17,0,1,1.000,,,1,1,1.62,1.22,0.64,1.21,,,,,,,1,,cashnan01
665,Andrew Cashner,32,BAL,AL,17,17,0,96.1,16,8,8,0,0,1.000,,,0,0,1.49,1.22,0.94,1.21,,,,,,,1,,cashnan01
666,Andrew Cashner,32,BOS,AL,25,6,0,53.2,11,2,9,0,1,1.000,,,1,4,1.84,1.22,0.44,1.21,,,,,,,1,,cashnan01
667,Eric Lauer,24,SDP,NL,30,29,0,149.2,29,11,15,3,1,.897,,,-2,-3,1.56,1.59,0.87,1.58,,,,,,,1,,lauerer01
668,Yangervis Solarte,31,SFG,NL,22,16,10,149.2,64,38,25,1,12,.984,2,13,0,0,3.79,3.45,2.52,3.20,,,,,,,4/7H65,,solarya01
669,Jason Vargas,36,2TM,NL,30,29,1,149.2,24,4,17,3,1,.875,,,-1,-1,1.26,1.59,0.70,1.58,,,,,,,1,,vargaja01
670,Jason Vargas,36,NYM,NL,19,18,1,94.1,11,2,8,1,1,.909,,,-1,-2,0.95,1.59,0.53,1.58,,,,,,,1,,vargaja01
671,Jason Vargas,36,PHI,NL,11,11,0,55.1,13,2,9,2,0,.846,,,0,0,1.79,1.59,1.00,1.58,,,,,,,1,,vargaja01
672,Spencer Turnbull,26,DET,AL,30,30,0,148.1,20,6,13,1,1,.950,,,-2,-3,1.15,1.22,0.63,1.21,,,,,,,1,,turnbsp01
673,Chris Sale,30,BOS,AL,25,25,1,147.1,13,6,7,0,1,1.000,,,-2,-3,0.79,1.22,0.52,1.21,,,,,,,1,,salech01
674,Franklin Barreto,23,OAK,AL,21,14,11,146.2,71,20,46,5,8,.930,2,15,-2,-16,4.05,4.06,3.00,4.01,,,,,,,4/6H,,barrefr02
675,Michael Pineda,30,MIN,AL,26,26,0,146.0,11,5,6,0,0,1.000,,,-3,-4,0.68,1.22,0.42,1.21,,,,,,,1,,pinedmi01
676,Trevor Williams,27,PIT,NL,26,26,0,145.2,27,11,15,1,2,.963,,,1,1,1.61,1.59,1.00,1.58,,,,,,,1,,willitr01
677,Braden Bishop,25,SEA,AL,24,16,10,145.1,42,41,1,0,0,1.000,5,40,5,41,2.60,2.13,1.75,2.12,,,,,,,8/7H9D,,bishobr01
678,Daniel Norris,26,DET,AL,32,29,0,144.1,22,6,14,2,0,.909,,,-1,-1,1.25,1.22,0.63,1.21,,,,,,,1/H,,norrida01
679,Chris Bassitt,30,OAK,AL,28,25,0,144.0,19,5,14,0,3,1.000,,,-1,-1,1.19,1.22,0.68,1.21,,,,,,,1,,bassich01
680,Nick Solak,24,TEX,AL,16,16,16,144.0,42,15,24,3,4,.929,-5,-40,-2,-17,2.44,3.14,2.44,3.09,,,,,,,D5/4H,,solakni01
681,LaMonte Wade Jr.,25,MIN,AL,25,15,6,143.1,29,27,2,0,1,1.000,-8,-63,-2,-17,1.82,2.52,1.16,2.37,,,,,,,8/7H93D,,wadela01
682,Nicky Delmonico,26,CHW,AL,21,17,11,143.0,33,30,2,1,1,.970,-1,-11,-2,-17,2.01,2.17,1.45,2.40,,,,,,,7/H3,,delmoni01
683,Domingo Germán,26,NYY,AL,27,24,0,143.0,18,4,12,2,0,.889,,,0,0,1.01,1.22,0.59,1.21,,,,,,,1,,germado01
684,Sheldon Neuse,24,OAK,AL,24,15,10,143.0,58,26,31,1,8,.983,4,29,4,34,3.59,3.80,2.28,3.78,,,,,,,4/5D,,neusesh01
685,Cole Hamels,35,CHC,NL,27,27,0,141.2,21,2,18,1,0,.952,,,1,1,1.27,1.59,0.74,1.58,,,,,,,1,,hamelco01
686,Ryan Yarbrough,27,TBR,AL,28,14,0,141.2,19,6,13,0,1,1.000,,,1,1,1.21,1.22,0.68,1.21,,,,,,,1,,yarbrry01
687,Jordan Lyles,28,2TM,NL,28,28,0,141.0,20,6,11,3,1,.850,,,-1,-1,1.09,1.59,0.61,1.58,,,,,,,1,,lylesjo01
688,Jordan Lyles,28,PIT,NL,17,17,0,82.1,14,4,8,2,1,.857,,,-1,-2,1.31,1.59,0.71,1.58,,,,,,,1,,lylesjo01
689,Jordan Lyles,28,MIL,NL,11,11,0,58.2,6,2,3,1,0,.833,,,0,0,0.77,1.60,0.45,1.58,,,,,,,1,,lylesjo01
690,Chris Paddack,23,SDP,NL,26,26,0,140.2,24,8,14,2,0,.917,,,1,1,1.41,1.59,0.85,1.58,,,,,,,1,,paddach01
691,Chase Anderson,31,MIL,NL,32,27,0,139.0,20,4,15,1,0,.950,,,-1,-1,1.23,1.59,0.59,1.58,,,,,,,1/H,,anderch01
692,Lucas Duda,33,KCR,AL,19,15,14,137.2,118,111,7,0,15,1.000,-3,-25,-2,-17,7.71,8.33,6.21,8.27,,,,,,,3D/H,,dudalu01
693,Robel García,26,CHC,NL,21,15,8,137.2,57,23,30,4,11,.930,-1,-9,-1,-9,3.46,3.85,2.21,3.60,,,,,,,4H/79D,,garciro02
694,Kyle Tucker,22,HOU,AL,19,12,7,137.2,47,44,2,1,1,.979,2,18,4,35,3.01,2.75,2.00,3.19,,,,,,,79/H3D,,tuckeky01
695,Kyle Higashioka,29,NYY,AL,18,14,13,137.0,154,146,8,0,2,1.000,0,0,2,18,10.12,9.32,8.56,9.25,0,7,12,3,20.0,1,2,,higasky01
696,Michael Pérez,26,TBR,AL,21,15,10,136.0,147,134,12,1,3,.993,0,2,2,18,9.66,9.29,6.64,9.16,0,2,15,4,21.1,0,2/3H,,perezmi03
697,Glenn Sparkman,27,KCR,AL,31,23,1,136.0,19,5,14,0,1,1.000,,,-1,-1,1.26,1.22,0.61,1.21,,,,,,,1,,sparkgl01
698,Jake Arrieta,33,PHI,NL,24,24,0,135.2,42,13,26,3,3,.929,,,4,6,2.59,1.59,1.63,1.58,,,,,,,1,,arrieja01
699,Trevor Richards,26,2TM,2LG,30,23,0,135.1,27,10,14,3,1,.889,,,3,4,1.60,1.53,0.80,1.49,,,,,,,1/H,,richatr01
700,Trevor Richards,26,MIA,NL,23,20,0,112.0,23,10,11,2,1,.913,,,2,4,1.69,1.59,0.91,1.58,,,,,,,1/H,,richatr01
701,Trevor Richards,26,TBR,AL,7,3,0,23.1,4,0,3,1,0,.750,,,1,9,1.16,1.23,0.43,1.21,,,,,,,/1,,richatr01
702,Yadiel Rivera,27,MIA,NL,22,12,7,134.2,55,35,18,2,4,.964,-1,-9,0,0,3.54,4.09,2.04,3.90,,,,,,,H/563948,,riverya01
703,Yonny Chirinos,25,TBR,AL,26,18,0,133.1,15,4,10,1,1,.933,,,1,2,0.95,1.22,0.54,1.21,,,,,,,1,,chiriyo01
704,Austin Allen,25,SDP,NL,21,14,13,133.0,143,131,11,1,3,.993,-1,-7,0,0,9.61,9.46,6.76,9.34,3,4,8,1,11.1,0,2H/3,,allenau01
705,Terrance Gore,28,KCR,AL,23,13,12,132.0,35,34,0,1,0,.971,-2,-14,2,18,2.32,2.13,1.48,2.12,,,,,,,H9/78D,,gorete01
706,Aaron Sanchez,26,2TM,AL,27,27,0,131.1,29,12,17,0,1,1.000,,,0,0,1.99,1.22,1.07,1.21,,,,,,,1,,sanchaa01
707,Aaron Sanchez,26,TOR,AL,23,23,0,112.2,24,8,16,0,1,1.000,,,1,2,1.92,1.22,1.04,1.21,,,,,,,1,,sanchaa01
708,Aaron Sanchez,26,HOU,AL,4,4,0,18.2,5,4,1,0,0,1.000,,,-1,-11,2.41,1.21,1.25,1.20,,,,,,,/1,,sanchaa01
709,Danny Duffy,30,KCR,AL,23,23,0,130.2,15,1,13,1,1,.933,,,-1,-2,0.96,1.22,0.61,1.21,,,,,,,1,,duffyda01
710,Sean Murphy,24,OAK,AL,18,13,12,130.2,156,151,4,1,0,.994,0,0,-1,-9,10.68,9.32,8.61,9.25,2,7,4,2,33.3,0,2/HD,,murphse01
711,Erik Kratz,39,2TM,2LG,17,13,10,130.0,157,141,12,4,1,.975,-1,-9,0,0,10.59,9.44,9.00,9.36,4,5,8,3,27.3,0,2/H,,kratzer01
712,Erik Kratz,39,SFG,NL,11,9,7,88.0,112,101,7,4,0,.964,-2,-27,0,0,11.05,9.49,9.82,9.43,2,3,7,2,22.2,0,2/H,,kratzer01
713,Erik Kratz,39,TBR,AL,6,4,3,42.0,45,40,5,0,1,1.000,1,29,0,0,9.64,9.32,7.50,9.25,2,2,1,1,50.0,0,/2,,kratzer01
714,Tyler Mahle,24,CIN,NL,25,25,0,129.2,26,12,13,1,0,.962,,,0,0,1.74,1.59,1.00,1.58,,,,,,,1/H,,mahlety01
715,Aaron Altherr,28,2TM,NL,32,8,3,128.1,37,36,0,1,0,.973,1,6,2,19,2.52,2.04,1.13,2.01,,,,,,,H87/91,,altheaa01
716,Aaron Altherr,28,PHI,NL,12,3,0,50.1,16,15,0,1,0,.938,2,41,2,48,2.68,2.04,1.25,1.98,,,,,,,H/8917,,altheaa01
717,Aaron Altherr,28,NYM,NL,20,5,3,78.0,21,21,0,0,0,1.000,-1,-17,0,0,2.42,2.04,1.05,2.02,,,,,,,7H/89,,altheaa01
718,Bobby Wilson,36,DET,AL,15,15,11,127.2,131,125,6,0,0,1.000,0,0,1,9,9.23,9.32,8.73,9.25,0,1,11,1,8.3,0,2,,wilsobo02
719,Michael Wacha,27,STL,NL,29,24,0,126.2,24,11,12,1,2,.958,,,-1,-2,1.63,1.59,0.79,1.58,,,,,,,1,,wachami01
720,Mike Clevinger,28,CLE,AL,21,21,0,126.0,23,12,11,0,0,1.000,,,0,0,1.64,1.22,1.10,1.21,,,,,,,1,,clevimi01
721,Adrian Sampson,27,TEX,AL,35,15,1,125.1,21,4,17,0,1,1.000,,,2,3,1.51,1.22,0.60,1.21,,,,,,,1,,sampsad01
722,Antonio Senzatela,24,COL,NL,25,25,0,124.2,34,10,22,2,2,.941,,,1,2,2.31,1.59,1.28,1.58,,,,,,,1,,senzaan01
723,Corban Joseph,30,3TM,2LG,17,12,12,124.2,45,18,25,2,6,.956,-2,-14,-2,-19,3.10,3.78,2.53,3.69,,,,,,,4H/59D,,josepco01
724,Corban Joseph,30,2TM,NL,7,3,3,36.2,16,6,9,1,1,.938,0,0,-1,-33,3.68,3.17,2.14,3.36,,,,,,,H/459,,josepco01
725,Corban Joseph,30,OAK,AL,10,9,9,88.0,29,12,16,1,5,.966,-2,-20,-1,-14,2.86,4.04,2.80,3.92,,,,,,,/45D,,josepco01
726,Corban Joseph,30,SFG,NL,5,3,3,31.1,14,4,9,1,1,.929,-1,-23,-1,-38,3.73,3.27,2.60,3.48,,,,,,,/4H5,,josepco01
727,Corban Joseph,30,PIT,NL,2,0,0,5.1,2,2,0,0,0,1.000,1,135,0,0,3.38,2.53,1.00,3.05,,,,,,,/H49,,josepco01
728,Matt Kemp,34,CIN,NL,17,15,10,124.0,16,16,0,0,0,1.000,-5,-44,-4,-39,1.16,2.04,0.94,2.02,,,,,,,7/H,,kempma01
729,Jorge López,26,KCR,AL,39,18,0,123.2,19,5,14,0,1,1.000,,,0,0,1.38,1.22,0.49,1.21,,,,,,,1,,lopezjo02
730,Ariel Jurado,23,TEX,AL,32,18,1,122.1,17,6,9,2,0,.882,,,-3,-5,1.10,1.22,0.47,1.21,,,,,,,1,,juradar01
731,Breyvic Valera,27,2TM,AL,17,12,12,122.0,48,12,36,0,6,1.000,2,20,0,0,3.54,3.95,2.82,3.95,,,,,,,4/65H,,valerbr01
732,Breyvic Valera,27,NYY,AL,12,9,9,89.0,35,7,28,0,5,1.000,2,20,-1,-13,3.54,4.09,2.92,4.06,,,,,,,4/H,,valerbr01
733,Breyvic Valera,27,TOR,AL,5,3,3,33.0,13,5,8,0,1,1.000,1,18,1,36,3.55,3.57,2.60,3.70,,,,,,,/465,,valerbr01
734,Peter Bourjos,32,LAA,AL,24,11,10,121.2,30,29,1,0,0,1.000,3,26,5,49,2.22,2.16,1.25,2.20,,,,,,,78/HD45,,bourjpe01
735,Brandon Woodruff,26,MIL,NL,22,22,0,121.2,15,7,8,0,1,1.000,,,-1,-2,1.11,1.59,0.68,1.58,,,,,,,1/H,AS,woodrbr01
736,Wade LeBlanc,34,SEA,AL,26,8,0,121.1,13,7,6,0,1,1.000,,,0,0,0.96,1.22,0.50,1.21,,,,,,,1,,leblawa01
737,Andrew Knizner,24,STL,NL,17,13,13,121.0,131,124,6,1,3,.992,1,10,-3,-30,9.67,9.47,7.65,9.38,0,6,1,3,75.0,0,2/H3,,kniznan01
738,Chris Archer,30,PIT,NL,23,23,0,119.2,22,7,14,1,0,.955,,,0,0,1.58,1.59,0.91,1.58,,,,,,,1,,archech01
739,Gorkys Hernández,31,BOS,AL,15,12,8,119.2,26,24,1,1,0,.962,2,22,0,0,1.88,2.13,1.67,2.12,,,,,,,/97H8D,,hernago01
740,Vince Velasquez,27,PHI,NL,34,23,0,119.1,32,15,13,4,4,.875,0,3,5,25,2.11,1.60,0.82,1.59,,,,,,,1/H7,,velasvi01
741,Christian Arroyo,24,TBR,AL,14,14,12,119.0,34,8,24,2,3,.941,2,19,0,0,2.42,2.75,2.29,2.76,,,,,,,5/H4,,arroych01
742,Chad Wallach,27,MIA,NL,14,12,12,119.0,140,132,7,1,1,.993,-1,-10,1,10,10.51,9.49,9.93,9.43,1,10,3,2,40.0,0,2/H,,wallach01
743,Drew Butera,35,COL,NL,16,13,9,118.0,113,106,7,0,0,1.000,1,11,0,0,8.62,9.43,6.65,9.27,0,4,4,2,33.3,0,2/3H,,buterdr01
744,Eric Stamets,27,CLE,AL,15,14,11,118.0,40,10,28,2,3,.950,-1,-6,-1,-10,2.90,3.87,2.53,3.85,,,,,,,6,,stameer01
745,Tyler Beede,26,SFG,NL,24,22,0,117.0,18,6,11,1,3,.944,,,-2,-3,1.31,1.59,0.71,1.58,,,,,,,1/H,,beedety01
746,Mike Foltynewicz,27,ATL,NL,21,21,0,117.0,13,3,9,1,0,.923,,,-1,-2,0.92,1.59,0.57,1.58,,,,,,,1,,foltymi01
747,Zach Plesac,24,CLE,AL,21,21,1,115.2,26,11,13,2,2,.923,,,2,3,1.87,1.22,1.14,1.21,,,,,,,1,,plesaza01
748,Michael Hermosillo,24,LAA,AL,18,12,9,115.0,32,32,0,0,0,1.000,1,13,1,10,2.50,2.13,1.78,2.12,,,,,,,7/89H,,hermomi01
749,Matt Strahm,27,SDP,NL,46,16,0,114.2,20,9,11,0,0,1.000,,,0,0,1.57,1.59,0.43,1.58,,,,,,,1/H,,strahma01
750,Drew Smyly,30,2TM,2LG,25,21,0,114.0,16,4,12,0,0,1.000,,,0,0,1.26,1.43,0.64,1.39,,,,,,,1,,smylydr01
751,Drew Smyly,30,TEX,AL,13,9,0,51.1,9,3,6,0,0,1.000,,,0,0,1.58,1.23,0.69,1.21,,,,,,,1,,smylydr01
752,Drew Smyly,30,PHI,NL,12,12,0,62.2,7,1,6,0,0,1.000,,,0,0,1.01,1.59,0.58,1.58,,,,,,,1,,smylydr01
753,Steven Brault,27,PIT,NL,25,19,0,113.1,26,8,18,0,3,1.000,,,3,5,2.06,1.59,1.04,1.58,,,,,,,1H,,braulst01
754,JB Shuck,32,PIT,NL,18,10,8,113.0,24,24,0,0,0,1.000,-1,-6,0,9,1.91,2.04,1.26,2.00,,,,,,,H9/781D,,shuckja01
755,Dallas Keuchel,31,ATL,NL,19,19,0,112.2,26,3,23,0,4,1.000,,,3,5,2.08,1.59,1.37,1.58,,,,,,,1,,keuchda01
756,Jordan Zimmermann,33,DET,AL,23,23,0,112.0,18,7,10,1,1,.944,,,-3,-5,1.37,1.22,0.74,1.21,,,,,,,1,,zimmejo02
757,Tommy Milone,32,SEA,AL,23,6,0,111.2,19,5,13,1,0,.947,,,0,0,1.45,1.22,0.78,1.21,,,,,,,1,,milonto01
758,Isaac Galloway,29,MIA,NL,16,12,8,111.1,33,32,1,0,1,1.000,1,11,-2,-22,2.67,2.04,2.06,2.02,,,,,,,8/H79,,gallois01
759,Adrian Houser,26,MIL,NL,35,18,0,111.1,13,8,4,1,0,.923,,,-3,-5,0.97,1.59,0.34,1.58,,,,,,,1,,housead01
760,Pablo López,23,MIA,NL,21,21,0,111.1,21,9,12,0,1,1.000,,,1,2,1.70,1.59,1.00,1.58,,,,,,,1/H,,lopezpa01
761,Gabriel Ynoa,26,BAL,AL,36,13,0,110.2,17,7,8,2,0,.882,,,-1,-2,1.22,1.22,0.42,1.21,,,,,,,1,,ynoaga01
762,Aaron Brooks,29,2TM,AL,29,18,0,110.0,16,7,8,1,2,.938,,,-1,-2,1.23,1.22,0.52,1.21,,,,,,,1,,brookaa01
763,Aaron Brooks,29,OAK,AL,15,6,0,50.1,7,3,4,0,2,1.000,,,0,0,1.25,1.22,0.47,1.21,,,,,,,1,,brookaa01
764,Aaron Brooks,29,BAL,AL,14,12,0,59.2,9,4,4,1,0,.889,,,-1,-3,1.21,1.22,0.57,1.21,,,,,,,1,,brookaa01
765,Adam Plutko,27,CLE,AL,21,20,0,109.1,14,10,2,2,0,.857,,,-2,-4,0.99,1.22,0.57,1.21,,,,,,,1,,plutkad01
766,Peter O'Brien,28,MIA,NL,14,13,8,107.2,19,17,1,1,0,.947,-2,-21,-4,-45,1.50,2.17,1.20,2.45,,,,,,,9/73H,,obriepe01
767,David Price,33,BOS,AL,22,22,0,107.1,11,4,7,0,0,1.000,,,0,0,0.92,1.22,0.50,1.21,,,,,,,1,,priceda01
768,CC Sabathia,38,NYY,AL,23,22,0,107.1,5,0,3,2,1,.600,,,-4,-7,0.25,1.22,0.13,1.21,,,,,,,1,,sabatc.01
769,Blake Snell,26,TBR,AL,23,23,0,107.0,16,1,14,1,1,.938,,,-2,-4,1.26,1.22,0.65,1.21,,,,,,,1,,snellbl01
770,Aramis Garcia,26,SFG,NL,16,12,7,105.2,122,113,9,0,5,1.000,0,3,1,11,10.39,9.27,7.63,9.14,0,8,2,1,33.3,0,2/3H,,garciar01
771,Jalen Beeks,25,TBR,AL,33,3,0,104.1,16,2,14,0,2,1.000,,,1,2,1.38,1.22,0.48,1.21,,,,,,,1/H,,beeksja02
772,Kyle Freeland,26,COL,NL,22,22,0,104.1,16,3,12,1,1,.938,,,1,2,1.29,1.59,0.68,1.58,,,,,,,1,,freelky01
773,Drew Pomeranz,30,2TM,NL,46,18,0,104.0,11,2,8,1,0,.909,,,-2,-4,0.87,1.58,0.22,1.58,,,,,,,1,,pomerdr01
774,Drew Pomeranz,30,SFG,NL,21,17,0,77.2,10,2,7,1,0,.900,,,-2,-5,1.04,1.59,0.43,1.58,,,,,,,1,,pomerdr01
775,Drew Pomeranz,30,MIL,NL,25,1,0,26.1,1,0,1,0,0,1.000,,,0,0,0.34,1.57,0.04,1.58,,,,,,,1,,pomerdr01
776,Jhoulys Chacín,31,2TM,2LG,25,24,0,103.1,17,10,7,0,2,1.000,,,0,0,1.48,1.54,0.68,1.49,,,,,,,1,,chacijh01
777,Jhoulys Chacín,31,MIL,NL,19,19,0,88.2,16,9,7,0,2,1.000,,,0,0,1.62,1.59,0.84,1.58,,,,,,,1,,chacijh01
778,Jhoulys Chacín,31,BOS,AL,6,5,0,14.2,1,1,0,0,0,1.000,,,0,0,0.61,1.23,0.17,1.22,,,,,,,/1,,chacijh01
779,Alen Hanson,26,TOR,AL,14,11,8,103.0,46,30,15,1,6,.978,-1,-13,0,0,3.93,3.82,2.81,3.86,,,,,,,/4H93D7,,hansoal01
780,Cal Quantrill,24,SDP,NL,23,18,0,103.0,17,8,8,1,0,.941,,,-2,-4,1.40,1.59,0.70,1.58,,,,,,,1,,quantca01
781,Luis Guillorme,24,NYM,NL,20,8,6,102.2,48,19,28,1,12,.979,-1,-8,3,35,4.12,3.68,2.24,3.63,,,,,,,H/465D,,guilllu01
782,Trevor Cahill,31,LAA,AL,37,11,0,102.1,19,9,9,1,0,.947,,,-1,-2,1.58,1.22,0.49,1.21,,,,,,,1/H,,cahiltr01
783,Kevin Gausman,28,2TM,NL,31,17,0,102.1,19,6,10,3,0,.842,,,-3,-6,1.41,1.58,0.52,1.58,,,,,,,1,,gausmke01
784,Kevin Gausman,28,ATL,NL,16,16,0,80.0,11,1,8,2,0,.818,,,-4,-10,1.01,1.59,0.56,1.58,,,,,,,1,,gausmke01
785,Kevin Gausman,28,CIN,NL,15,1,0,22.1,8,5,2,1,0,.875,,,1,9,2.82,1.57,0.47,1.58,,,,,,,1,,gausmke01
786,Sócrates Brito,26,TOR,AL,17,11,8,101.2,28,26,0,2,0,.929,1,6,-2,-24,2.30,2.13,1.53,2.12,,,,,,,9/8H7,,britoso01
787,Jaylin Davis,24,SFG,NL,15,12,9,101.1,24,24,0,0,0,1.000,-4,-41,-2,-24,2.13,2.04,1.60,2.02,,,,,,,9/DH,,davisja03
788,Joshua Fuentes,26,COL,NL,12,11,7,100.1,101,98,3,0,6,1.000,2,24,1,12,9.06,8.32,7.77,7.59,,,,,,,H3/5,,fuentjo01
789,Dustin Peterson,24,DET,AL,14,11,11,99.2,17,17,0,0,0,1.000,-2,-28,-4,-48,1.54,2.19,1.21,2.56,,,,,,,/7H89D3,,peterdu01
790,Dereck Rodríguez,27,SFG,NL,28,16,0,99.0,13,4,9,0,2,1.000,,,-1,-2,1.18,1.59,0.46,1.58,,,,,,,1/H,,rodride01
791,Caleb Joseph,33,ARI,NL,17,11,5,98.2,94,87,6,1,2,.989,0,0,1,12,8.48,9.38,5.17,8.56,0,7,2,3,60.0,0,2/H1,,josepca01
792,Kevin Kramer,25,PIT,NL,17,11,7,98.2,15,13,2,0,1,1.000,-1,-13,0,0,1.37,2.14,0.88,2.39,,,,,,,/H794,,krameke01
793,Zack Collins,24,CHW,AL,11,11,11,98.1,81,80,1,0,0,1.000,-2,-24,-4,-49,7.41,9.23,7.36,9.16,1,8,8,1,11.1,0,D2/H3,,colliza01
794,Félix Peña,29,LAA,AL,22,7,0,96.1,14,5,6,3,0,.786,,,-1,-2,1.03,1.22,0.50,1.21,,,,,,,1/H,,penafe01
795,Shaun Anderson,24,SFG,NL,28,16,0,96.0,26,10,14,2,2,.923,,,3,6,2.25,1.59,0.86,1.58,,,,,,,1,,andersh01
796,Frankie Montas,26,OAK,AL,16,16,0,96.0,8,2,3,3,0,.625,,,-1,-2,0.47,1.22,0.31,1.21,,,,,,,1,,montafr02
797,Dom Nuñez,24,COL,NL,14,10,8,96.0,89,82,7,0,1,1.000,0,0,0,0,8.34,9.49,6.36,9.43,2,2,8,1,11.1,0,2/H,,nunezdo01
798,Sam Gaviglio,29,TOR,AL,52,0,0,95.2,9,4,5,0,1,1.000,,,0,0,0.85,1.22,0.17,1.21,,,,,,,1,,gavigsa01
799,Andrew Heaney,28,LAA,AL,18,18,0,95.1,10,4,6,0,1,1.000,,,0,0,0.94,1.22,0.56,1.21,,,,,,,1,,heanean01
800,Giancarlo Stanton,29,NYY,AL,13,13,5,95.0,16,15,0,1,0,.938,-2,-24,-1,-13,1.42,2.13,1.15,2.12,,,,,,,7/D9,,stantmi03
801,Nick Pivetta,26,PHI,NL,30,13,1,93.2,16,9,7,0,0,1.000,,,-2,-4,1.54,1.60,0.53,1.58,,,,,,,1,,pivetni01
802,Zack Godley,29,2TM,2LG,33,9,0,92.0,19,10,7,2,0,.895,,,0,0,1.66,1.53,0.52,1.52,,,,,,,1,,godleza01
803,Zack Godley,29,ARI,NL,27,9,0,76.0,16,10,5,1,0,.938,,,0,0,1.78,1.59,0.56,1.58,,,,,,,1,,godleza01
804,Zack Godley,29,TOR,AL,6,0,0,16.0,3,0,2,1,0,.667,,,0,0,1.13,1.24,0.33,1.22,,,,,,,/1,,godleza01
805,Brad Peacock,31,HOU,AL,23,15,0,91.2,11,5,4,2,0,.818,,,1,2,0.88,1.22,0.39,1.21,,,,,,,1,,peacobr01
806,Mike Montgomery,29,2TM,2LG,33,13,0,91.0,20,5,15,0,0,1.000,,,0,0,1.98,1.34,0.61,1.43,,,,,,,1,,montgmi01
807,Mike Montgomery,29,CHC,NL,20,0,0,27.0,7,2,5,0,0,1.000,,,0,0,2.33,1.60,0.35,1.58,,,,,,,1,,montgmi01
808,Mike Montgomery,29,KCR,AL,13,13,0,64.0,13,3,10,0,0,1.000,,,0,0,1.83,1.22,1.00,1.21,,,,,,,1,,montgmi01
809,Jason Martin,23,PIT,NL,15,9,8,90.2,25,24,0,1,0,.960,-3,-34,-3,-40,2.38,2.04,1.60,2.02,,,,,,,7/H8,,martija03
810,Ross Stripling,29,LAD,NL,32,15,0,90.2,18,5,12,1,0,.944,,,3,7,1.69,1.59,0.53,1.58,,,,,,,1,,stripro01
811,Griffin Canning,23,LAA,AL,18,17,0,90.1,23,9,12,2,0,.913,,,0,0,2.09,1.22,1.17,1.21,,,,,,,1,,cannigr01
812,Carter Kieboom,21,WSN,NL,10,10,10,90.0,40,15,21,4,4,.900,-4,-52,-6,-80,3.60,3.87,3.60,3.84,,,,,,,6/H,,kieboca01
813,Peter Lambert,22,COL,NL,19,19,0,89.1,31,14,16,1,3,.968,,,2,4,3.02,1.59,1.58,1.58,,,,,,,1/H,,lambepe01
814,Jake Fraley,24,SEA,AL,12,10,9,88.1,20,19,0,1,0,.950,-5,-61,-4,-54,1.94,2.13,1.58,2.12,,,,,,,8/H9,,fraleja01
815,Brian O'Grady,27,CIN,NL,18,9,2,88.0,32,31,1,0,0,1.000,1,12,1,14,3.27,2.71,1.78,2.74,,,,,,,H8/73D,,ogradbr01
816,Gio González,33,MIL,NL,19,17,0,87.1,18,5,12,1,0,.944,,,0,0,1.75,1.59,0.89,1.58,,,,,,,1,,gonzagi01
817,Magneuris Sierra,23,MIA,NL,14,10,7,87.1,25,23,2,0,1,1.000,0,4,0,0,2.58,2.04,1.79,2.02,,,,,,,/89H,,sierrma01
818,Garrett Stubbs,26,HOU,AL,17,6,6,87.1,84,80,3,1,0,.988,0,-1,-1,-14,8.55,7.75,4.61,6.48,0,6,3,1,25.0,0,2/7H9,,stubbga01
819,Jake Elmore,32,PIT,NL,12,8,6,86.1,16,12,3,1,0,.938,0,-3,0,0,1.56,2.20,1.25,2.35,,,,,,,/H7594,,elmorja01
820,Greg Bird,26,NYY,AL,10,10,10,85.1,85,83,2,0,6,1.000,2,28,-2,-28,8.96,8.32,8.50,8.27,,,,,,,3,,birdgr01
821,Liam Hendriks,30,OAK,AL,75,2,0,85.0,12,6,6,0,0,1.000,,,0,0,1.27,1.22,0.16,1.21,,,,,,,1,AS,hendrli01
822,Freddy Peralta,23,MIL,NL,39,8,0,85.0,8,4,4,0,0,1.000,,,-2,-5,0.85,1.59,0.21,1.58,,,,,,,1/H,,peralfr01
823,Taylor Ward,25,LAA,AL,13,10,5,85.0,21,17,2,2,1,.905,-5,-72,-8,-113,2.01,2.29,1.46,2.28,,,,,,,/7H5D,,wardta01
824,Taylor Clarke,26,ARI,NL,23,15,0,84.2,12,4,6,2,0,.833,,,1,2,1.06,1.59,0.43,1.58,,,,,,,1,,clarkta01
825,José Ureña,27,MIA,NL,24,13,0,84.2,19,11,8,0,1,1.000,,,0,0,2.02,1.59,0.79,1.58,,,,,,,1/H,,urenajo01
826,Derek Holland,32,2TM,NL,51,8,1,84.1,23,6,16,1,0,.957,,,2,5,2.35,1.59,0.43,1.58,,,,,,,1/H,,hollade01
827,Derek Holland,32,SFG,NL,31,7,1,68.2,18,4,14,0,0,1.000,,,2,6,2.36,1.59,0.58,1.58,,,,,,,1/H,,hollade01
828,Derek Holland,32,CHC,NL,20,1,0,15.2,5,2,2,1,0,.800,,,0,0,2.30,1.61,0.20,1.58,,,,,,,1,,hollade01
829,Wilmer Font,29,3TM,2LG,48,17,0,84.1,11,6,5,0,1,1.000,,,-1,-2,1.17,1.36,0.23,1.33,,,,,,,1,,fontwi01
830,Wilmer Font,29,2TM,AL,33,14,0,53.1,7,3,4,0,0,1.000,,,-1,-4,1.18,1.22,0.21,1.21,,,,,,,1,,fontwi01
831,Wilmer Font,29,TBR,AL,10,0,0,14.0,0,0,0,0,0,,,,0,0,0.00,1.22,0.00,1.21,,,,,,,1,,fontwi01
832,Wilmer Font,29,NYM,NL,15,3,0,31.0,4,3,1,0,1,1.000,,,0,0,1.16,1.60,0.27,1.58,,,,,,,1,,fontwi01
833,Wilmer Font,29,TOR,AL,23,14,0,39.1,7,3,4,0,0,1.000,,,-1,-5,1.60,1.21,0.30,1.21,,,,,,,1,,fontwi01
834,Max Moroff,26,CLE,AL,19,7,4,84.0,33,14,19,0,3,1.000,-1,-17,-2,-29,3.54,3.83,1.50,3.84,,,,,,,6/4H5,,morofma01
835,Junior Guerra,34,MIL,NL,72,0,0,83.2,12,5,7,0,0,1.000,,,-1,-2,1.29,1.59,0.17,1.58,,,,,,,1,,guerrju02
836,Alex Young,25,ARI,NL,17,15,0,83.1,10,2,8,0,0,1.000,,,0,0,1.08,1.59,0.59,1.58,,,,,,,1,,youngal01
837,Yusmeiro Petit,34,OAK,AL,80,0,0,83.0,17,13,4,0,1,1.000,,,-1,-2,1.84,1.23,0.21,1.21,,,,,,,1,,petityu01
838,Jaime Barria,22,LAA,AL,19,13,0,82.2,8,4,4,0,0,1.000,,,1,2,0.87,1.22,0.42,1.21,,,,,,,1,,barrija01
839,Elieser Hernández,24,MIA,NL,21,15,0,82.1,8,0,8,0,0,1.000,,,-2,-5,0.87,1.59,0.38,1.58,,,,,,,1,,hernael01
840,Asher Wojciechowski,30,BAL,AL,17,16,0,82.1,6,4,2,0,0,1.000,,,0,0,0.66,1.22,0.35,1.21,,,,,,,1,,wojcias01
841,Craig Stammen,35,SDP,NL,76,0,0,82.0,23,6,16,1,1,.957,,,2,5,2.41,1.59,0.29,1.58,,,,,,,1,,stammcr01
842,Kyle Garlick,27,LAD,NL,15,9,4,81.2,20,20,0,0,0,1.000,4,56,0,0,2.20,2.04,1.33,2.02,,,,,,,H7/9,,garliky01
843,Edwin Ríos,25,LAD,NL,16,7,7,81.2,55,49,5,1,4,.982,-1,-19,-1,-15,5.95,6.87,3.00,6.49,,,,,,,H3/57D,,riosed01
844,Lane Thomas,23,STL,NL,25,4,3,81.2,23,22,1,0,1,1.000,3,46,0,0,2.53,2.04,0.92,2.02,,,,,,,8H/97,,thomala02
845,Luis Cessa,27,NYY,AL,43,0,0,81.0,11,2,9,0,1,1.000,,,0,0,1.22,1.22,0.26,1.21,,,,,,,1,,cessalu01
846,José Suarez,21,LAA,AL,19,15,0,81.0,15,4,10,1,0,.933,,,2,5,1.56,1.22,0.74,1.21,,,,,,,1,,suarejo01
847,Alex Blandino,26,CIN,NL,15,8,1,80.0,42,23,18,1,5,.976,0,6,0,0,4.61,4.38,2.41,4.52,,,,,,,H4/53D,,blandal01
848,Carlos Carrasco,32,CLE,AL,23,12,1,80.0,11,5,6,0,0,1.000,,,2,5,1.24,1.22,0.48,1.21,,,,,,,1,,carraca01
849,David Hess,25,BAL,AL,23,14,0,80.0,8,4,3,1,0,.875,,,-1,-3,0.79,1.22,0.30,1.21,,,,,,,1,,hessda01
850,Seth Lugo,29,NYM,NL,61,0,0,80.0,18,12,6,0,0,1.000,,,0,0,2.03,1.59,0.30,1.58,,,,,,,1,,lugose01
851,Zac Gallen,23,2TM,NL,15,15,0,80.0,10,4,6,0,0,1.000,,,-2,-5,1.13,1.59,0.67,1.58,,,,,,,1,,galleza01
852,Zac Gallen,23,MIA,NL,7,7,0,36.1,4,1,3,0,0,1.000,,,0,0,0.99,1.59,0.57,1.59,,,,,,,/1,,galleza01
853,Zac Gallen,23,ARI,NL,8,8,0,43.2,6,3,3,0,0,1.000,,,-2,-9,1.24,1.59,0.75,1.58,,,,,,,/1,,galleza01
854,Nick Ramirez,29,DET,AL,46,0,0,79.2,16,5,10,1,0,.938,,,0,0,1.69,1.22,0.33,1.21,,,,,,,1,,ramirni01
855,Tyler Skaggs,27,LAA,AL,15,15,0,79.2,12,5,7,0,0,1.000,,,1,3,1.36,1.22,0.80,1.21,,,,,,,1,,skaggty01
856,Julio Urías,22,LAD,NL,37,8,0,79.2,14,4,6,4,0,.714,,,-3,-8,1.13,1.59,0.27,1.58,,,,,,,1,,uriasju01
857,Josh Tomlin,34,ATL,NL,51,1,0,79.1,16,5,11,0,1,1.000,,,1,3,1.82,1.59,0.31,1.58,,,,,,,1,,tomlijo01
858,Jordan Yamamoto,23,MIA,NL,15,15,0,78.2,13,5,7,1,1,.923,,,0,0,1.37,1.59,0.80,1.58,,,,,,,1/H,,yamamjo01
859,Jesse Chavez,35,TEX,AL,48,9,0,78.0,9,2,7,0,0,1.000,,,2,5,1.04,1.22,0.19,1.21,,,,,,,1,,chaveje01
860,Erick Fedde,26,WSN,NL,21,12,0,78.0,25,13,12,0,1,1.000,,,1,3,2.88,1.59,1.19,1.58,,,,,,,1,,feddeer01
861,Danny Mendick,25,CHW,AL,11,8,7,78.0,40,14,26,0,7,1.000,0,-2,2,31,4.62,3.62,3.64,3.59,,,,,,,/H6D45,,mendida01
862,Matt Skole,29,CHW,AL,9,9,9,78.0,60,59,1,0,9,1.000,-1,-15,-2,-31,6.92,8.33,6.67,8.27,,,,,,,D/3H,,skolema01
863,Jacob Waguespack,25,TOR,AL,16,13,0,78.0,7,2,5,0,0,1.000,,,0,0,0.81,1.22,0.44,1.21,,,,,,,1,,wagueja01
864,Marcus Walden,30,BOS,AL,70,0,0,78.0,11,5,5,1,0,.909,,,-1,-3,1.15,1.22,0.14,1.21,,,,,,,1,,waldema01
865,Ryne Stanek,27,2TM,2LG,63,27,0,77.0,8,5,3,0,0,1.000,,,-1,-3,0.94,1.33,0.13,1.34,,,,,,,1,,stanery01
866,Ryne Stanek,27,TBR,AL,41,27,0,55.2,5,3,2,0,0,1.000,,,-1,-4,0.81,1.23,0.12,1.21,,,,,,,1,,stanery01
867,Ryne Stanek,27,MIA,NL,22,0,0,21.1,3,2,1,0,0,1.000,,,0,0,1.27,1.60,0.14,1.58,,,,,,,1,,stanery01
868,Tyler Chatwood,29,CHC,NL,38,5,0,76.2,19,7,11,1,1,.947,,,2,5,2.11,1.60,0.47,1.58,,,,,,,1/H,,chatwty01
869,Phil Gosselin,30,PHI,NL,11,7,5,76.2,21,11,9,1,2,.952,-3,-44,-2,-31,2.35,3.05,1.67,2.82,,,,,,,H/765,,gosseph01
870,Chris Stratton,28,2TM,2LG,35,5,0,76.0,21,7,14,0,1,1.000,,,4,11,2.49,1.46,0.60,1.51,,,,,,,1,,stratch01
871,Chris Stratton,28,LAA,AL,7,5,0,29.1,6,3,3,0,0,1.000,,,1,7,1.84,1.23,0.86,1.21,,,,,,,/1,,stratch01
872,Chris Stratton,28,PIT,NL,28,0,0,46.2,15,4,11,0,1,1.000,,,3,13,2.89,1.60,0.54,1.58,,,,,,,1,,stratch01
873,Josh Hader,25,MIL,NL,61,0,0,75.2,7,2,5,0,0,1.000,,,1,3,0.83,1.59,0.11,1.58,,,,,,,1,AS,haderjo01
874,Beau Taylor,29,2TM,AL,10,9,6,75.0,71,68,3,0,0,1.000,0,0,-2,-32,8.52,9.32,7.10,9.26,1,7,2,3,60.0,0,2/H,,taylobe11
875,Beau Taylor,29,OAK,AL,9,8,6,69.0,65,62,3,0,0,1.000,0,0,-2,-35,8.48,9.33,7.22,9.26,1,6,2,3,60.0,0,/2H,,taylobe11
876,Beau Taylor,29,TOR,AL,1,1,0,6.0,6,6,0,0,0,1.000,0,0,0,0,9.00,9.30,6.00,9.30,0,1,0,0,,0,/2,,taylobe11
877,Collin McHugh,32,HOU,AL,35,8,0,74.2,13,6,6,1,1,.923,,,0,0,1.45,1.22,0.34,1.21,,,,,,,1,,mchugco01
878,Giovanny Gallegos,27,STL,NL,66,0,0,74.0,8,3,4,1,0,.875,,,1,3,0.85,1.59,0.11,1.58,,,,,,,1,,gallegi01
879,Dario Agrazal,24,PIT,NL,15,14,0,73.1,12,5,6,1,1,.917,,,1,3,1.35,1.58,0.73,1.58,,,,,,,1,,agrazda01
880,Miguel Castro,24,BAL,AL,65,0,0,73.1,18,7,10,1,1,.944,,,-2,-5,2.09,1.22,0.26,1.21,,,,,,,1,,castrmi01
881,Dylan Cease,23,CHW,AL,14,14,0,73.0,15,8,6,1,2,.933,,,0,0,1.73,1.22,1.00,1.21,,,,,,,1,,ceasedy01
882,Dinelson Lamet,26,SDP,NL,14,14,0,73.0,10,6,4,0,0,1.000,,,0,0,1.23,1.59,0.71,1.58,,,,,,,1,,lametdi01
883,Thomas Pannone,25,TOR,AL,37,7,0,73.0,5,2,3,0,1,1.000,,,0,0,0.62,1.22,0.14,1.21,,,,,,,1,,pannoth01
884,Daniel Hudson,32,2TM,2LG,69,1,0,73.0,14,5,8,1,0,.929,,,0,0,1.60,1.34,0.19,1.34,,,,,,,1,,hudsoda01
885,Daniel Hudson,32,TOR,AL,45,1,0,48.0,10,2,7,1,0,.900,,,0,0,1.69,1.22,0.20,1.21,,,,,,,1,,hudsoda01
886,Daniel Hudson,32,WSN,NL,24,0,0,25.0,4,3,1,0,0,1.000,,,0,0,1.44,1.58,0.17,1.58,,,,,,,1,,hudsoda01
887,John Brebbia,29,STL,NL,66,0,0,72.2,7,1,6,0,0,1.000,,,0,0,0.87,1.59,0.11,1.58,,,,,,,1,,brebbjo01
888,Luke Jackson,27,ATL,NL,70,0,0,72.2,8,1,5,2,1,.750,,,-3,-8,0.74,1.59,0.09,1.58,,,,,,,1,,jackslu01
889,Hansel Robles,28,LAA,AL,71,1,0,72.2,13,7,5,1,1,.923,,,-2,-6,1.49,1.23,0.17,1.21,,,,,,,1,,robleha01
890,Ty Buttrey,26,LAA,AL,72,0,0,72.1,9,4,5,0,1,1.000,,,0,0,1.12,1.22,0.13,1.21,,,,,,,1,,buttrty01
891,Carlos Estévez,26,COL,NL,71,0,0,72.0,9,4,4,1,1,.889,,,-1,-3,1.00,1.59,0.11,1.58,,,,,,,1,,estevca01
892,Luis Perdomo,26,SDP,NL,47,1,0,72.0,16,6,10,0,0,1.000,,,1,3,2.00,1.59,0.34,1.58,,,,,,,1,,perdolu02
893,Dillon Peters,26,LAA,AL,17,12,0,72.0,15,5,10,0,3,1.000,,,1,3,1.88,1.23,0.88,1.21,,,,,,,1,,peterdi01
894,Bryan Shaw,31,COL,NL,70,0,0,72.0,12,6,6,0,0,1.000,,,0,0,1.50,1.59,0.17,1.58,,,,,,,1,,shawbr01
895,Mason Williams,27,BAL,AL,9,8,5,72.0,16,14,1,1,0,.938,-1,-22,-1,-17,1.88,2.13,1.67,2.12,,,,,,,/8H79D,,willima10
896,Archie Bradley,26,ARI,NL,66,1,0,71.2,4,3,1,0,1,1.000,,,-1,-3,0.50,1.59,0.06,1.58,,,,,,,1,,bradlar01
897,Félix Hernández,33,SEA,AL,15,15,0,71.2,6,1,5,0,0,1.000,,,0,0,0.75,1.22,0.40,1.21,,,,,,,1,,hernafe02
898,Brandon Workman,30,BOS,AL,73,0,0,71.2,9,4,5,0,1,1.000,,,0,0,1.13,1.22,0.12,1.21,,,,,,,1,,workmbr01
899,Wander Suero,27,WSN,NL,78,0,0,71.1,14,4,7,3,0,.786,,,1,3,1.39,1.59,0.14,1.58,,,,,,,1,,suerowa01
900,Jared Hughes,33,2TM,NL,72,0,0,71.1,14,5,9,0,1,1.000,,,1,3,1.77,1.59,0.19,1.58,,,,,,,1,,hugheja02
901,Jared Hughes,33,CIN,NL,47,0,0,48.1,10,3,7,0,1,1.000,,,0,0,1.86,1.58,0.21,1.58,,,,,,,1,,hugheja02
902,Jared Hughes,33,PHI,NL,25,0,0,23.0,4,2,2,0,0,1.000,,,1,9,1.57,1.60,0.16,1.58,,,,,,,1,,hugheja02
903,Matt Andriese,29,ARI,NL,54,0,0,70.2,20,6,12,2,1,.900,,,-2,-6,2.29,1.59,0.33,1.58,,,,,,,1,,andrima01
904,Framber Valdez,25,HOU,AL,26,8,0,70.2,15,3,11,1,1,.933,,,-1,-3,1.78,1.22,0.54,1.21,,,,,,,1,,valdefr01
905,Scott Barlow,26,KCR,AL,61,0,0,70.1,7,1,6,0,0,1.000,,,-1,-3,0.90,1.22,0.11,1.21,,,,,,,1,,barlosc01
906,Jeff Hoffman,26,COL,NL,15,15,0,70.0,21,10,10,1,0,.952,,,1,3,2.57,1.59,1.33,1.58,,,,,,,1/H,,hoffmje02
907,Francisco Liriano,35,PIT,NL,69,0,0,70.0,15,2,13,0,0,1.000,,,3,9,1.93,1.59,0.22,1.58,,,,,,,1,,liriafr01
908,Emilio Pagán,28,TBR,AL,66,0,0,70.0,5,2,3,0,0,1.000,,,-1,-3,0.64,1.22,0.08,1.21,,,,,,,1,,paganem01
909,Pedro Báez,31,LAD,NL,71,0,0,69.2,9,2,6,1,0,.889,,,-1,-3,1.03,1.59,0.11,1.58,,,,,,,1,,baezpe01
910,Ross Detwiler,33,CHW,AL,18,12,0,69.2,7,2,5,0,0,1.000,,,1,3,0.90,1.21,0.39,1.21,,,,,,,1,,detwiro01
911,Chris Devenski,28,HOU,AL,61,1,0,69.0,11,5,5,1,0,.909,,,-1,-3,1.30,1.23,0.16,1.21,,,,,,,1,,devench02
912,Chad Green,28,NYY,AL,54,15,0,69.0,1,0,1,0,0,1.000,,,-2,-6,0.13,1.23,0.02,1.21,,,,,,,1,,greench03
913,Taylor Rogers,28,MIN,AL,60,0,0,69.0,15,5,9,1,1,.933,,,-1,-3,1.83,1.23,0.23,1.21,,,,,,,1,,rogerta01
914,Joakim Soria,35,OAK,AL,71,1,0,69.0,10,5,5,0,0,1.000,,,1,3,1.30,1.23,0.14,1.21,,,,,,,1,,soriajo01
915,Diego Castillo,25,TBR,AL,65,6,0,68.2,9,2,6,1,0,.889,,,-1,-3,1.05,1.22,0.12,1.21,,,,,,,1,,castidi01
916,José Leclerc,25,TEX,AL,70,3,0,68.2,10,7,3,0,0,1.000,,,-2,-6,1.31,1.22,0.14,1.21,,,,,,,1,,leclejo01
917,Wei-Yin Chen,33,MIA,NL,45,0,0,68.1,12,5,7,0,0,1.000,,,3,9,1.58,1.59,0.27,1.58,,,,,,,1,,chenwe02
918,Sean Newcomb,26,ATL,NL,55,4,0,68.1,8,1,6,1,1,.875,,,0,0,0.92,1.59,0.13,1.58,,,,,,,1,,newcose01
919,Ryan Flaherty,32,CLE,AL,13,6,5,68.0,19,6,13,0,0,1.000,0,-5,0,0,2.51,2.90,1.46,2.87,,,,,,,5/4H,,flahery01
920,Aaron Bummer,25,CHW,AL,58,0,0,67.2,17,4,12,1,1,.941,,,0,0,2.13,1.22,0.28,1.21,,,,,,,1,,bummeaa01
921,Nathan Eovaldi,29,BOS,AL,23,12,0,67.2,16,8,8,0,2,1.000,,,2,6,2.13,1.22,0.70,1.21,,,,,,,1,,eovalna01
922,Buck Farmer,28,DET,AL,73,1,0,67.2,12,4,6,2,1,.833,,,-3,-9,1.33,1.22,0.14,1.21,,,,,,,1,,farmebu01
923,Hector Neris,30,PHI,NL,68,0,0,67.2,12,6,6,0,0,1.000,,,0,0,1.60,1.60,0.18,1.58,,,,,,,1,,nerishe01
924,Josh Osich,30,CHW,AL,57,0,0,67.2,14,7,7,0,0,1.000,,,1,3,1.86,1.22,0.25,1.21,,,,,,,1,,osichjo01
925,Noé Ramirez,29,LAA,AL,51,7,0,67.2,12,8,4,0,0,1.000,,,-2,-6,1.60,1.22,0.24,1.21,,,,,,,1,,ramirno01
926,Edwin Jackson,35,2TM,AL,18,13,0,67.2,8,5,2,1,0,.875,,,-3,-9,0.93,1.21,0.39,1.21,,,,,,,1,,jacksed01
927,Edwin Jackson,35,TOR,AL,8,5,0,28.1,5,3,2,0,0,1.000,,,-1,-7,1.59,1.21,0.63,1.21,,,,,,,/1,,jacksed01
928,Edwin Jackson,35,DET,AL,10,8,0,39.1,3,2,0,1,0,.667,,,-2,-10,0.46,1.21,0.20,1.21,,,,,,,1,,jacksed01
929,Javy Guerra,33,2TM,2LG,51,0,0,67.2,11,7,3,1,0,.909,,,-3,-9,1.33,1.52,0.20,1.50,,,,,,,1,,guerrja01
930,Javy Guerra,33,TOR,AL,11,0,0,14.0,1,0,1,0,0,1.000,,,-1,-14,0.64,1.22,0.09,1.21,,,,,,,1,,guerrja01
931,Javy Guerra,33,WSN,NL,40,0,0,53.2,10,7,2,1,0,.900,,,-2,-7,1.51,1.59,0.23,1.58,,,,,,,1,,guerrja01
932,Mark Melancon,34,2TM,NL,66,0,0,67.1,15,7,8,0,3,1.000,,,0,0,2.00,1.59,0.23,1.58,,,,,,,1,,melanma01
933,Mark Melancon,34,SFG,NL,43,0,0,46.1,12,6,6,0,3,1.000,,,0,0,2.33,1.59,0.28,1.58,,,,,,,1,,melanma01
934,Mark Melancon,34,ATL,NL,23,0,0,21.0,3,1,2,0,0,1.000,,,0,0,1.29,1.59,0.13,1.58,,,,,,,1,,melanma01
935,Abraham Almonte,30,ARI,NL,12,7,4,67.0,18,16,1,1,0,.944,-1,-13,1,18,2.28,2.04,1.42,2.02,,,,,,,/9H8,,almonab01
936,Raisel Iglesias,29,CIN,NL,68,0,0,67.0,12,5,6,1,1,.917,,,1,3,1.48,1.59,0.16,1.58,,,,,,,1,,iglesra01
937,Nestor Cortes,24,NYY,AL,33,1,0,66.2,7,1,5,1,2,.857,,,0,0,0.81,1.22,0.18,1.21,,,,,,,1,,cortene01
938,Kevin Cron,26,ARI,NL,13,7,5,66.1,60,56,3,1,7,.983,0,-5,0,0,8.01,8.38,4.54,8.05,,,,,,,H3/D5,,cronke01
939,John Gant,26,STL,NL,64,0,0,66.1,12,5,7,0,0,1.000,,,1,3,1.63,1.59,0.19,1.58,,,,,,,1,,gantjo01
940,Adam Ottavino,33,NYY,AL,73,0,0,66.1,7,3,3,1,1,.857,,,-4,-12,0.81,1.22,0.08,1.21,,,,,,,1,,ottavad01
941,Yordan Alvarez,22,HOU,AL,10,9,4,66.0,11,9,1,1,0,.909,0,2,1,18,1.36,2.13,1.00,2.12,,,,,,,D7/H,ROY-1,alvaryo01
942,Richard Rodríguez,29,PIT,NL,72,0,0,65.1,4,0,4,0,0,1.000,,,1,3,0.55,1.58,0.06,1.58,,,,,,,1,,rodriri05
943,Will Smith,29,SFG,NL,63,0,0,65.1,5,1,3,1,1,.800,,,-1,-3,0.55,1.58,0.06,1.58,,,,,,,1,AS,smithwi04
944,Kaleb Cowart,27,LAA,AL,9,6,6,65.0,21,9,12,0,2,1.000,0,-2,1,18,2.91,3.12,2.33,3.12,,,,,,,/54H,,cowarka01
945,Roberto Osuna,24,HOU,AL,66,0,0,65.0,12,8,3,1,0,.917,,,-1,-3,1.52,1.22,0.17,1.21,,,,,,,1,,osunaro01
946,Nick Anderson,28,2TM,2LG,68,0,0,65.0,7,2,4,1,0,.857,,,1,3,0.83,1.47,0.09,1.45,,,,,,,1,,anderni01
947,Nick Anderson,28,MIA,NL,45,0,0,43.2,7,2,4,1,0,.857,,,1,5,1.24,1.59,0.13,1.58,,,,,,,1,,anderni01
948,Nick Anderson,28,TBR,AL,23,0,0,21.1,0,0,0,0,0,,,,0,0,0.00,1.22,0.00,1.21,,,,,,,1,,anderni01
949,Robert Stephenson,26,CIN,NL,57,0,0,64.2,14,4,6,4,0,.714,,,0,0,1.39,1.59,0.18,1.58,,,,,,,1,,stephro01
950,Joe Biagini,29,2TM,AL,63,0,0,64.2,8,0,6,2,0,.750,,,0,0,0.84,1.22,0.10,1.21,,,,,,,1,,biagijo01
951,Joe Biagini,29,TOR,AL,50,0,0,50.0,8,0,6,2,0,.750,,,0,0,1.08,1.22,0.12,1.21,,,,,,,1,,biagijo01
952,Joe Biagini,29,HOU,AL,13,0,0,14.2,0,0,0,0,0,,,,0,0,0.00,1.23,0.00,1.21,,,,,,,1,,biagijo01
953,Matt Barnes,29,BOS,AL,70,0,0,64.1,7,4,2,1,0,.857,,,0,0,0.84,1.22,0.09,1.21,,,,,,,1,,barnema01
954,Trevor May,29,MIN,AL,65,0,0,64.1,5,2,2,1,0,.800,,,-1,-3,0.56,1.22,0.06,1.21,,,,,,,1,,maytr01
955,Luke Weaver,25,ARI,NL,12,12,0,64.1,12,5,7,0,0,1.000,,,1,3,1.68,1.59,1.00,1.58,,,,,,,1/H,,weavelu01
956,Steve Cishek,33,CHC,NL,70,0,0,64.0,13,4,8,1,1,.923,,,-1,-3,1.69,1.59,0.17,1.58,,,,,,,1,,cishest01
957,Joe Ross,26,WSN,NL,27,9,0,64.0,16,4,11,1,0,.938,,,1,3,2.11,1.59,0.56,1.58,,,,,,,1/H,,rossjo01
958,Chad Bettis,30,COL,NL,39,3,0,63.2,21,7,13,1,2,.952,,,-1,-3,2.83,1.60,0.51,1.58,,,,,,,1,,bettich01
959,Robert Gsellman,25,NYM,NL,52,0,0,63.2,11,2,9,0,2,1.000,,,0,0,1.55,1.60,0.21,1.58,,,,,,,1,,gsellro01
960,Ian Kennedy,34,KCR,AL,63,0,0,63.1,6,0,5,1,0,.833,,,-1,-3,0.71,1.22,0.08,1.21,,,,,,,1,,kenneia01
961,Anthony Alford,24,TOR,AL,13,5,3,63.0,18,17,0,1,1,.944,3,53,1,19,2.43,2.13,1.31,2.12,,,,,,,/H798D,,alforan01
962,Mychal Givens,29,BAL,AL,58,0,0,63.0,8,2,4,2,0,.750,,,1,3,0.86,1.21,0.10,1.21,,,,,,,1,,givenmy01
963,Chi Chi González,27,COL,NL,14,12,0,63.0,16,4,10,2,1,.875,,,0,0,2.00,1.59,1.00,1.58,,,,,,,1,,gonzach01
964,Kenley Jansen,31,LAD,NL,62,0,0,63.0,10,7,2,1,0,.900,,,0,0,1.29,1.59,0.15,1.58,,,,,,,1,,janseke01
965,Shane Greene,30,2TM,2LG,65,0,0,62.2,8,0,6,2,1,.750,,,-1,-3,0.86,1.38,0.09,1.36,,,,,,,1,AS,greensh02
966,Shane Greene,30,DET,AL,38,0,0,38.0,5,0,3,2,1,.600,,,-1,-5,0.71,1.23,0.08,1.21,,,,,,,1,,greensh02
967,Shane Greene,30,ATL,NL,27,0,0,24.2,3,0,3,0,0,1.000,,,0,0,1.09,1.61,0.11,1.58,,,,,,,1,,greensh02
968,Yimi García,28,LAD,NL,64,0,0,62.1,4,1,2,1,0,.750,,,-1,-3,0.43,1.59,0.05,1.58,,,,,,,1,,garciyi01
969,Brett Martin,24,TEX,AL,51,2,0,62.1,6,1,5,0,0,1.000,,,0,0,0.87,1.21,0.12,1.21,,,,,,,1,,martibr01
970,Sam Dyson,31,2TM,2LG,61,0,0,62.1,14,7,7,0,1,1.000,,,-2,-6,2.02,1.52,0.23,1.51,,,,,,,1,,dysonsa01
971,Sam Dyson,31,SFG,NL,49,0,0,51.0,12,7,5,0,1,1.000,,,-2,-8,2.12,1.59,0.24,1.58,,,,,,,1,,dysonsa01
972,Sam Dyson,31,MIN,AL,12,0,0,11.1,2,0,2,0,0,1.000,,,0,0,1.59,1.19,0.17,1.21,,,,,,,1,,dysonsa01
973,Alex Claudio,27,MIL,NL,83,0,0,62.0,20,4,16,0,2,1.000,,,1,3,2.90,1.60,0.24,1.58,,,,,,,1,,claudal01
974,Tyler Clippard,34,CLE,AL,53,3,0,62.0,6,2,3,1,0,.833,,,-2,-6,0.73,1.22,0.09,1.21,,,,,,,1,,clippty01
975,Luis García,32,LAA,AL,64,2,0,62.0,17,6,10,1,2,.941,,,-3,-10,2.32,1.22,0.25,1.21,,,,,,,1,,garcilu03
976,Patrick Wisdom,27,TEX,AL,9,6,4,62.0,32,25,6,1,5,.969,0,-8,0,0,4.50,5.92,3.44,5.78,,,,,,,/35H,,wisdopa01
977,Jake Diekman,32,2TM,AL,76,0,0,62.0,7,1,5,1,1,.857,,,0,0,0.87,1.23,0.08,1.21,,,,,,,1,,diekmja01
978,Jake Diekman,32,KCR,AL,48,0,0,41.2,3,0,2,1,0,.667,,,-1,-5,0.43,1.23,0.04,1.21,,,,,,,1,,diekmja01
979,Jake Diekman,32,OAK,AL,28,0,0,20.1,4,1,3,0,1,1.000,,,1,10,1.77,1.24,0.14,1.21,,,,,,,1,,diekmja01
980,Cam Bedrosian,27,LAA,AL,59,7,0,61.1,11,5,6,0,0,1.000,,,-2,-7,1.61,1.22,0.19,1.21,,,,,,,1,,bedroca01
981,Zack Britton,31,NYY,AL,66,0,0,61.1,11,1,10,0,0,1.000,,,1,3,1.61,1.22,0.17,1.21,,,,,,,1,,brittza01
982,Josh James,26,HOU,AL,49,1,0,61.1,4,1,3,0,1,1.000,,,0,0,0.59,1.22,0.08,1.21,,,,,,,1,,jamesjo02
983,Tommy Kahnle,29,NYY,AL,72,0,0,61.1,11,4,7,0,1,1.000,,,1,3,1.61,1.22,0.15,1.21,,,,,,,1,,kahnlto01
984,Blake Parker,34,2TM,2LG,60,2,0,61.1,9,4,5,0,1,1.000,,,0,0,1.32,1.36,0.15,1.35,,,,,,,1,,parkebl01
985,Blake Parker,34,MIN,AL,37,0,0,36.1,6,2,4,0,1,1.000,,,0,0,1.49,1.21,0.16,1.21,,,,,,,1,,parkebl01
986,Blake Parker,34,PHI,NL,23,2,0,25.0,3,2,1,0,0,1.000,,,0,0,1.08,1.58,0.13,1.58,,,,,,,1,,parkebl01
987,Alex Colomé,30,CHW,AL,62,0,0,61.0,6,2,3,1,0,.833,,,-1,-3,0.74,1.22,0.08,1.21,,,,,,,1,,colomal01
988,Ryan LaMarre,30,MIN,AL,13,7,3,61.0,12,12,0,0,0,1.000,-2,-37,-1,-20,1.77,2.12,0.92,2.12,,,,,,,8/9HD,,lamarry01
989,Seth Mejias-Brean,28,SDP,NL,8,6,4,61.0,31,20,10,1,3,.968,1,24,3,59,4.43,5.53,3.00,5.91,,,,,,,/H365,,mejiase01
990,Kyle Ryan,27,CHC,NL,73,0,0,61.0,17,5,11,1,1,.941,,,2,7,2.36,1.59,0.22,1.58,,,,,,,1,,ryanky01
991,Adam Conley,29,MIA,NL,60,0,0,60.2,13,3,10,0,2,1.000,,,2,7,1.93,1.59,0.22,1.58,,,,,,,1,,conlead01
992,Tyler Glasnow,25,TBR,AL,12,12,0,60.2,6,1,5,0,0,1.000,,,-1,-3,0.89,1.22,0.50,1.21,,,,,,,1,,glasnty01
993,Derek Law,28,TOR,AL,58,4,0,60.2,17,3,12,2,0,.882,,,2,7,2.23,1.22,0.26,1.21,,,,,,,1,,lawde01
994,Yoan López,26,ARI,NL,70,0,0,60.2,11,5,6,0,1,1.000,,,0,0,1.63,1.59,0.16,1.58,,,,,,,1,,lopezyo01
995,Héctor Rondón,31,HOU,AL,62,1,0,60.2,13,6,7,0,2,1.000,,,-1,-3,1.93,1.22,0.21,1.21,,,,,,,1,,rondohe01
996,Kirby Yates,32,SDP,NL,60,0,0,60.2,11,6,5,0,1,1.000,,,0,0,1.63,1.59,0.18,1.58,,,,,,,1,ASCYA-9,yateski01
997,Kevin McCarthy,27,KCR,AL,56,0,0,60.1,19,4,15,0,2,1.000,,,2,7,2.83,1.22,0.34,1.21,,,,,,,1,,mccarke01
998,Sergio Romo,36,2TM,2LG,65,0,0,60.1,5,0,4,1,1,.800,,,-1,-3,0.60,1.46,0.06,1.43,,,,,,,1,,romose01
999,Sergio Romo,36,MIA,NL,38,0,0,37.2,4,0,3,1,1,.750,,,-1,-5,0.72,1.60,0.08,1.58,,,,,,,1,,romose01
1000,Sergio Romo,36,MIN,AL,27,0,0,22.2,1,0,1,0,0,1.000,,,0,0,0.40,1.23,0.04,1.21,,,,,,,1,,romose01
1001,Sean Doolittle,32,WSN,NL,63,0,0,60.0,0,0,0,0,0,,,,0,0,0.00,1.59,0.00,1.58,,,,,,,1,,doolise01
1002,Jeurys Familia,29,NYM,NL,66,0,0,60.0,8,3,5,0,1,1.000,,,-2,-7,1.20,1.59,0.12,1.58,,,,,,,1,,familje01
1003,Will Harris,34,HOU,AL,68,0,0,60.0,16,6,10,0,4,1.000,,,1,3,2.40,1.22,0.24,1.21,,,,,,,1,,harriwi10
1004,Lou Trivino,27,OAK,AL,61,0,0,60.0,11,7,3,1,1,.909,,,-2,-7,1.50,1.22,0.16,1.21,,,,,,,1,,trivilo01
1005,Felipe Vázquez,27,PIT,NL,56,0,0,60.0,5,0,5,0,0,1.000,,,0,0,0.75,1.59,0.09,1.58,,,,,,,1,AS,riverfe01
1006,Matt Albers,36,MIL,NL,67,0,0,59.2,6,2,4,0,0,1.000,,,-3,-10,0.91,1.58,0.09,1.58,,,,,,,1,,alberma01
1007,Matt Harvey,30,LAA,AL,12,12,0,59.2,11,4,6,1,1,.909,,,-1,-3,1.51,1.22,0.83,1.21,,,,,,,1,,harvema01
1008,Joe Jiménez,24,DET,AL,66,0,0,59.2,4,2,1,1,1,.750,,,-1,-3,0.45,1.22,0.05,1.21,,,,,,,1,,jimenjo02
1009,Daniel Mengden,26,OAK,AL,13,9,0,59.2,6,2,4,0,0,1.000,,,0,0,0.91,1.22,0.46,1.21,,,,,,,1,,mengdda01
1010,Ryan Court,31,SEA,AL,10,5,2,59.1,29,26,2,1,4,.966,-1,-20,-1,-20,4.25,4.35,2.33,5.71,,,,,,,/379H,,courtry01
1011,José Álvarez,30,PHI,NL,67,1,0,59.0,18,5,13,0,0,1.000,,,3,10,2.75,1.59,0.27,1.58,,,,,,,1,,alvarjo02
1012,Clay Buchholz,34,TOR,AL,12,12,0,59.0,23,7,16,0,2,1.000,,,2,7,3.51,1.22,1.92,1.21,,,,,,,1,,buchhcl01
1013,Mikie Mahtook,29,DET,AL,8,6,6,59.0,18,16,0,2,0,.889,-1,-24,1,20,2.44,2.14,2.00,2.13,,,,,,,/8H7D,,mahtomi01
1014,Dylan Covey,27,CHW,AL,18,12,0,58.2,9,6,2,1,0,.889,,,-4,-14,1.23,1.23,0.44,1.21,,,,,,,1,,coveydy01
1015,Rich Hill,39,LAD,NL,13,13,0,58.2,11,2,8,1,0,.909,,,0,0,1.53,1.60,0.77,1.58,,,,,,,1,,hillri01
1016,Blake Treinen,31,OAK,AL,57,0,0,58.2,5,4,1,0,0,1.000,,,-1,-3,0.77,1.23,0.09,1.21,,,,,,,1,,treinbl01
1017,Jerad Eickhoff,28,PHI,NL,12,10,0,58.1,10,3,7,0,0,1.000,,,1,3,1.54,1.59,0.83,1.58,,,,,,,1,,eickhje01
1018,Edwin Díaz,25,NYM,NL,66,0,0,58.0,5,2,3,0,0,1.000,,,-2,-7,0.78,1.58,0.08,1.58,,,,,,,1,,diazed04
1019,Erik Swanson,25,SEA,AL,27,8,0,58.0,5,2,3,0,0,1.000,,,-1,-3,0.78,1.23,0.19,1.21,,,,,,,1,,swanser01
1020,Drew VerHagen,28,DET,AL,22,4,0,58.0,8,1,7,0,2,1.000,,,0,0,1.24,1.23,0.36,1.21,,,,,,,1,,verhadr01
1021,Shawn Armstrong,28,2TM,AL,55,0,0,58.0,3,1,2,0,0,1.000,,,-3,-10,0.47,1.23,0.05,1.21,,,,,,,1,,armstsh01
1022,Shawn Armstrong,28,SEA,AL,4,0,0,3.2,0,0,0,0,0,,,,0,0,0.00,1.23,0.00,1.20,,,,,,,/1,,armstsh01
1023,Shawn Armstrong,28,BAL,AL,51,0,0,54.1,3,1,2,0,0,1.000,,,-3,-11,0.50,1.23,0.06,1.21,,,,,,,1,,armstsh01
1024,Aaron Civale,24,CLE,AL,10,10,0,57.2,6,1,4,1,0,.833,,,0,0,0.78,1.22,0.50,1.21,,,,,,,1,,civalaa01
1025,Jairo Díaz,28,COL,NL,56,0,0,57.2,14,6,6,2,2,.857,,,0,0,1.87,1.59,0.21,1.58,,,,,,,1,,diazja01
1026,Tyler Duffey,28,MIN,AL,58,0,0,57.2,12,3,8,1,0,.917,,,0,0,1.72,1.22,0.19,1.21,,,,,,,1,,duffety01
1027,Gregory Soto,24,DET,AL,33,7,0,57.2,10,1,6,3,1,.700,,,-3,-10,1.09,1.22,0.21,1.21,,,,,,,1,,sotogr01
1028,Nick Wittgren,28,CLE,AL,55,0,0,57.2,10,3,7,0,3,1.000,,,2,7,1.56,1.22,0.18,1.21,,,,,,,1,,wittgni01
1029,Paul Fry,26,BAL,AL,66,0,0,57.1,11,7,4,0,0,1.000,,,-2,-7,1.73,1.22,0.17,1.21,,,,,,,1,,frypa01
1030,Brad Hand,29,CLE,AL,60,0,0,57.1,0,0,0,0,0,,,,-1,-3,0.00,1.22,0.00,1.21,,,,,,,1,AS,handbr01
1031,Aroldis Chapman,31,NYY,AL,60,0,0,57.0,6,1,3,2,0,.667,,,-1,-4,0.63,1.22,0.07,1.21,,,,,,,1,AS,chapmar01
1032,Brandon Kintzler,34,CHC,NL,62,0,0,57.0,18,11,7,0,2,1.000,,,2,7,2.84,1.59,0.29,1.58,,,,,,,1,,kintzbr01
1033,Nick Margevicius,23,SDP,NL,17,12,0,57.0,9,3,6,0,0,1.000,,,0,0,1.42,1.59,0.53,1.58,,,,,,,1,,margeni01
1034,Adam Cimber,28,CLE,AL,68,0,0,56.2,16,4,10,2,1,.875,,,2,7,2.22,1.22,0.21,1.21,,,,,,,1,,cimbead01
1035,Reyes Moronta,26,SFG,NL,55,0,0,56.2,2,1,1,0,0,1.000,,,-2,-7,0.32,1.59,0.04,1.58,,,,,,,1,,moronre01
1036,Adam Kolarek,30,2TM,2LG,81,0,0,56.2,21,6,14,1,1,.952,0,0,1,4,3.18,1.52,0.24,1.58,,,,,,,1/3,,kolarad01
1037,Adam Kolarek,30,TBR,AL,54,0,0,44.0,18,5,13,0,0,1.000,0,0,1,5,3.68,1.33,0.32,1.46,,,,,,,1/3,,kolarad01
1038,Adam Kolarek,30,LAD,NL,27,0,0,12.2,3,1,1,1,1,.667,0,0,0,0,1.42,2.20,0.07,1.84,,,,,,,1/3,,kolarad01
1039,Michael Feliz,26,PIT,NL,58,1,0,56.1,9,3,4,2,0,.778,,,0,0,1.12,1.58,0.12,1.58,,,,,,,1,,felizmi01
1040,Hector Velázquez,30,BOS,AL,34,8,0,56.1,10,4,5,1,0,.900,,,2,7,1.44,1.21,0.26,1.21,,,,,,,1,,velazhe01
1041,Oliver Drake,32,TBR,AL,50,0,0,56.0,8,6,2,0,0,1.000,,,-1,-4,1.29,1.22,0.16,1.21,,,,,,,1,,drakeol01
1042,Amir Garrett,27,CIN,NL,69,0,0,56.0,16,5,10,1,1,.938,,,1,4,2.41,1.59,0.22,1.58,,,,,,,1,,garream01
1043,T.J. McFarland,30,ARI,NL,51,0,0,56.0,23,5,17,1,1,.957,,,3,11,3.54,1.59,0.43,1.58,,,,,,,1,,mcfartj01
1044,Scott Oberg,29,COL,NL,49,0,0,56.0,8,2,6,0,0,1.000,,,0,0,1.29,1.59,0.16,1.58,,,,,,,1,,obergsc01
1045,Ryan Brasier,31,BOS,AL,62,0,0,55.2,9,4,4,1,0,.889,,,0,0,1.29,1.23,0.13,1.21,,,,,,,1,,brasiry01
1046,Chris Martin,33,2TM,2LG,58,0,0,55.2,7,0,5,2,0,.714,,,-2,-7,0.81,1.34,0.09,1.34,,,,,,,1,,martich02
1047,Chris Martin,33,TEX,AL,38,0,0,38.0,3,0,2,1,0,.667,,,-2,-11,0.47,1.23,0.05,1.21,,,,,,,1,,martich02
1048,Chris Martin,33,ATL,NL,20,0,0,17.2,4,0,3,1,0,.750,,,0,0,1.53,1.58,0.15,1.58,,,,,,,1,,martich02
1049,Nick Kingham,27,2TM,2LG,25,4,0,55.2,13,7,5,1,1,.923,,,0,0,1.94,1.44,0.48,1.42,,,,,,,1,,kinghni01
1050,Nick Kingham,27,PIT,NL,14,4,0,34.2,10,6,3,1,0,.900,,,0,0,2.34,1.58,0.64,1.58,,,,,,,1,,kinghni01
1051,Nick Kingham,27,TOR,AL,11,0,0,21.0,3,1,2,0,1,1.000,,,0,0,1.29,1.20,0.27,1.21,,,,,,,1,,kinghni01
1052,Richard Bleier,32,BAL,AL,53,1,0,55.1,12,4,8,0,0,1.000,,,-2,-7,1.95,1.22,0.23,1.21,,,,,,,1,,bleieri01
1053,Robbie Erlin,28,SDP,NL,37,1,0,55.1,13,4,8,1,0,.923,,,-2,-7,1.95,1.59,0.32,1.58,,,,,,,1,,erlinro01
1054,Cory Gearrin,33,2TM,AL,66,2,0,55.1,10,3,7,0,2,1.000,,,0,0,1.63,1.22,0.15,1.21,,,,,,,1,,gearrco01
1055,Cory Gearrin,33,SEA,AL,48,2,0,41.1,10,3,7,0,2,1.000,,,0,0,2.18,1.22,0.21,1.21,,,,,,,1,,gearrco01
1056,Cory Gearrin,33,NYY,AL,18,0,0,14.0,0,0,0,0,0,,,,0,0,0.00,1.22,0.00,1.21,,,,,,,1,,gearrco01
1057,Jace Fry,25,CHW,AL,68,0,0,55.0,9,1,8,0,2,1.000,,,1,4,1.47,1.23,0.13,1.21,,,,,,,1,,fryja01
1058,René Rivera,35,NYM,NL,8,6,4,55.0,66,65,1,0,0,1.000,-2,-44,-2,-44,10.80,9.49,8.25,9.43,1,3,7,0,0.0,0,/2H,,riverre01
1059,Tyler Webb,28,STL,NL,65,0,0,55.0,10,5,5,0,0,1.000,,,0,0,1.64,1.59,0.15,1.58,,,,,,,1,,webbty01
1060,Andrew Velazquez,24,2TM,AL,12,5,4,55.0,28,13,14,1,3,.964,0,4,1,22,4.42,3.57,2.25,3.10,,,,,,,/H4587,,velazan01
1061,Andrew Velazquez,24,TBR,AL,7,2,1,25.0,15,7,7,1,0,.933,1,29,0,0,5.04,3.28,2.00,2.97,,,,,,,/H547,,velazan01
1062,Andrew Velazquez,24,CLE,AL,5,3,3,30.0,13,6,7,0,3,1.000,0,-16,1,40,3.90,3.81,2.60,3.28,,,,,,,/48,,velazan01
1063,Colten Brewer,26,BOS,AL,58,0,0,54.2,15,3,12,0,0,1.000,,,3,11,2.47,1.22,0.26,1.21,,,,,,,1,,breweco01
1064,Andrew Miller,34,STL,NL,73,0,0,54.2,8,3,5,0,0,1.000,,,1,4,1.32,1.60,0.11,1.58,,,,,,,1,,millean01
1065,Ryne Harper,30,MIN,AL,61,0,0,54.1,6,3,3,0,0,1.000,,,0,0,0.99,1.23,0.10,1.21,,,,,,,1,,harpery01
1066,Ryan Pressly,30,HOU,AL,55,0,0,54.1,10,4,6,0,0,1.000,,,1,4,1.66,1.23,0.18,1.21,,,,,,,1,AS,pressry01
1067,Brad Brach,33,2TM,NL,58,0,0,54.1,11,5,6,0,1,1.000,,,2,7,1.82,1.59,0.19,1.58,,,,,,,1/H,,brachbr01
1068,Brad Brach,33,CHC,NL,42,0,0,39.2,10,4,6,0,1,1.000,,,2,10,2.27,1.59,0.24,1.58,,,,,,,1/H,,brachbr01
1069,Brad Brach,33,NYM,NL,16,0,0,14.2,1,1,0,0,0,1.000,,,0,0,0.61,1.60,0.06,1.58,,,,,,,1,,brachbr01
1070,Tony Watson,34,SFG,NL,60,0,0,54.0,12,3,9,0,0,1.000,,,0,0,2.00,1.58,0.20,1.58,,,,,,,1,,watsoto01
1071,Tyler Alexander,24,DET,AL,13,8,0,53.2,4,2,2,0,0,1.000,,,-2,-7,0.67,1.22,0.31,1.21,,,,,,,1,,alexaty01
1072,Anthony Swarzak,33,2TM,2LG,59,0,0,53.1,4,0,4,0,0,1.000,,,1,4,0.68,1.50,0.07,1.49,,,,,,,1,,swarzan01
1073,Anthony Swarzak,33,SEA,AL,15,0,0,13.2,1,0,1,0,0,1.000,,,0,0,0.66,1.25,0.07,1.21,,,,,,,1,,swarzan01
1074,Anthony Swarzak,33,ATL,NL,44,0,0,39.2,3,0,3,0,0,1.000,,,1,5,0.68,1.59,0.07,1.58,,,,,,,1,,swarzan01
1075,Ken Giles,28,TOR,AL,53,0,0,53.0,5,3,2,0,1,1.000,,,-2,-8,0.85,1.22,0.09,1.21,,,,,,,1,,gileske01
1076,Yoshihisa Hirano,35,ARI,NL,62,0,0,53.0,11,3,7,1,1,.909,,,0,0,1.70,1.60,0.16,1.58,,,,,,,1,,hiranyo01
1077,Erick Mejia,24,KCR,AL,8,6,4,53.0,26,24,2,0,0,1.000,2,41,0,0,4.42,2.38,2.89,2.53,,,,,,,/8H46,,mejiaer01
1078,Andrew Chafin,29,ARI,NL,77,0,0,52.2,16,7,8,1,2,.938,,,1,4,2.56,1.59,0.19,1.58,,,,,,,1,,chafian01
1079,Trevor Gott,26,SFG,NL,50,0,0,52.2,7,2,5,0,0,1.000,,,0,0,1.20,1.59,0.14,1.58,,,,,,,1,,gotttr01
1080,Jeremy Jeffress,31,MIL,NL,48,0,0,52.0,16,7,9,0,0,1.000,,,0,0,2.77,1.59,0.33,1.58,,,,,,,1,,jeffrje01
1081,Taylor Cole,29,LAA,AL,38,6,0,51.2,11,1,10,0,3,1.000,,,1,4,1.92,1.22,0.29,1.21,,,,,,,1,,coleta01
1082,Colin Poche,25,TBR,AL,51,0,0,51.2,1,0,1,0,0,1.000,,,-3,-12,0.17,1.22,0.02,1.21,,,,,,,1,,pocheco01
1083,Kelvin Herrera,29,CHW,AL,57,0,0,51.1,4,2,2,0,0,1.000,,,-1,-4,0.70,1.23,0.07,1.21,,,,,,,1,,herreke01
1084,Joe Kelly,31,LAD,NL,55,0,0,51.1,16,4,8,4,0,.750,,,1,4,2.10,1.60,0.22,1.58,,,,,,,1,,kellyjo05
1085,Tzu-Wei Lin,25,BOS,AL,11,6,5,51.1,26,14,12,0,5,1.000,0,0,0,0,4.56,4.00,2.36,3.85,,,,,,,/46H8,,lintz02
1086,Tim Mayza,27,TOR,AL,68,0,0,51.1,12,3,7,2,0,.833,,,0,0,1.75,1.23,0.15,1.21,,,,,,,1,,mayzati01
1087,Matt Wisler,26,2TM,2LG,44,8,0,51.1,8,3,4,1,0,.875,,,-1,-4,1.23,1.42,0.16,1.39,,,,,,,1,,wislema01
1088,Matt Wisler,26,SDP,NL,21,0,0,29.0,5,1,3,1,0,.800,,,-1,-7,1.24,1.58,0.19,1.58,,,,,,,1,,wislema01
1089,Matt Wisler,26,SEA,AL,23,8,0,22.1,3,2,1,0,0,1.000,,,0,0,1.21,1.21,0.13,1.21,,,,,,,1,,wislema01
1090,Chaz Roe,32,TBR,AL,71,0,0,51.0,4,0,3,1,0,.750,,,-2,-8,0.53,1.22,0.04,1.21,,,,,,,1,,roech01
1091,Trey Wingenter,25,SDP,NL,51,1,0,51.0,4,0,3,1,1,.750,,,0,0,0.53,1.59,0.06,1.58,,,,,,,1,,wingetr01
1092,Manny Bañuelos,28,CHW,AL,16,8,0,50.2,4,2,1,1,1,.750,,,-2,-8,0.53,1.23,0.19,1.21,,,,,,,1,,banuema01
1093,Jarlín García,26,MIA,NL,53,0,0,50.2,10,1,9,0,0,1.000,,,0,0,1.78,1.60,0.19,1.58,,,,,,,1,,garcija04
1094,Evan Marshall,29,CHW,AL,55,0,0,50.2,7,3,3,1,0,.857,,,-1,-4,1.07,1.23,0.11,1.21,,,,,,,1,,marshev01
1095,Matt Magill,29,2TM,AL,50,0,0,50.2,6,2,4,0,0,1.000,,,0,0,1.07,1.21,0.12,1.21,,,,,,,1,,magilma01
1096,Matt Magill,29,MIN,AL,28,0,0,28.1,3,0,3,0,0,1.000,,,1,7,0.95,1.21,0.11,1.21,,,,,,,1,,magilma01
1097,Matt Magill,29,SEA,AL,22,0,0,22.1,3,2,1,0,0,1.000,,,-1,-9,1.21,1.21,0.14,1.21,,,,,,,1,,magilma01
1098,Mike Morin,28,2TM,2LG,52,0,0,50.2,10,4,5,1,0,.900,,,2,8,1.60,1.42,0.17,1.42,,,,,,,1,,morinmi01
1099,Mike Morin,28,MIN,AL,23,0,0,22.2,6,2,3,1,0,.833,,,1,9,1.99,1.23,0.22,1.21,,,,,,,1,,morinmi01
1100,Mike Morin,28,PHI,NL,29,0,0,28.0,4,2,2,0,0,1.000,,,1,7,1.29,1.58,0.14,1.58,,,,,,,1,,morinmi01
1101,Clay Holmes,26,PIT,NL,35,0,0,50.0,19,4,14,1,1,.947,,,1,4,3.24,1.58,0.51,1.58,,,,,,,1,,holmecl01
1102,Roenis Elías,30,2TM,2LG,48,0,0,50.0,8,1,4,3,0,.625,,,0,0,0.90,1.24,0.10,1.24,,,,,,,1,,eliasro01
1103,Roenis Elías,30,SEA,AL,44,0,0,47.0,8,1,4,3,0,.625,,,0,0,0.96,1.23,0.11,1.21,,,,,,,1,,eliasro01
1104,Roenis Elías,30,WSN,NL,4,0,0,3.0,0,0,0,0,0,,,,0,0,0.00,1.50,0.00,1.58,,,,,,,/1,,eliasro01
1105,Andrew Kittredge,29,TBR,AL,37,7,0,49.2,8,4,4,0,0,1.000,,,1,4,1.45,1.21,0.22,1.21,,,,,,,1,,kittran01
1106,Tyler Kinley,28,MIA,NL,52,0,0,49.1,11,4,6,1,0,.909,,,0,0,1.82,1.59,0.19,1.58,,,,,,,1,,kinlety01
1107,Luke Bard,28,LAA,AL,32,3,0,49.0,4,3,1,0,1,1.000,,,-2,-8,0.73,1.21,0.13,1.21,,,,,,,1,,bardlu01
1108,Corbin Burnes,24,MIL,NL,32,4,0,49.0,14,2,10,2,0,.857,,,0,0,2.20,1.60,0.38,1.58,,,,,,,1,,burneco01
1109,Kyle Crick,26,PIT,NL,52,0,0,49.0,10,3,6,1,1,.900,,,0,0,1.65,1.60,0.17,1.58,,,,,,,1,,crickky01
1110,Brendan McKay,23,TBR,AL,13,11,0,49.0,6,2,4,0,0,1.000,,,-1,-4,1.10,1.21,0.46,1.21,,,,,,,1/HD,,mckaybr01
1111,Devin Smeltzer,23,MIN,AL,11,6,0,49.0,3,0,3,0,0,1.000,,,1,4,0.55,1.21,0.27,1.21,,,,,,,1,,smeltde01
1112,Daniel Ponce de Leon,27,STL,NL,13,8,0,48.2,7,3,4,0,1,1.000,,,0,0,1.29,1.59,0.54,1.58,,,,,,,1,,ponceda01
1113,Ranger Suarez,23,PHI,NL,37,0,0,48.2,13,5,8,0,0,1.000,,,2,8,2.40,1.59,0.35,1.58,,,,,,,1,,suarera01
1114,Carlos Martínez,27,STL,NL,48,0,0,48.1,14,6,7,1,0,.929,,,0,0,2.42,1.58,0.27,1.58,,,,,,,1,,martica04
1115,Tanner Rainey,26,WSN,NL,52,0,0,48.1,8,1,7,0,0,1.000,,,2,8,1.49,1.58,0.15,1.58,,,,,,,1,,raineta01
1116,Anthony Bass,31,SEA,AL,44,0,0,48.0,11,5,6,0,1,1.000,,,0,0,2.06,1.22,0.25,1.21,,,,,,,1,,bassan01
1117,Mitch Keller,23,PIT,NL,11,11,0,48.0,5,3,1,1,0,.800,,,-1,-4,0.75,1.59,0.36,1.58,,,,,,,1,,kellemi03
1118,Dan Straily,30,BAL,AL,14,8,0,47.2,7,2,4,1,0,.857,,,1,4,1.13,1.23,0.43,1.21,,,,,,,1,,straida01
1119,Fernando Rodney,42,2TM,2LG,55,0,0,47.2,5,2,3,0,1,1.000,,,-1,-4,0.94,1.47,0.09,1.47,,,,,,,1,,rodnefe01
1120,Fernando Rodney,42,OAK,AL,17,0,0,14.1,2,1,1,0,1,1.000,,,-1,-14,1.26,1.19,0.12,1.21,,,,,,,1,,rodnefe01
1121,Fernando Rodney,42,WSN,NL,38,0,0,33.1,3,1,2,0,0,1.000,,,0,0,0.81,1.59,0.08,1.58,,,,,,,1,,rodnefe01
1122,Brandon Brennan,27,SEA,AL,43,0,0,47.1,7,0,5,2,1,.714,,,0,0,0.95,1.22,0.11,1.21,,,,,,,1,,brennbr01
1123,Mike Gerber,26,SFG,NL,10,5,3,47.1,6,5,1,0,0,1.000,-1,-18,0,0,1.14,2.03,0.60,2.02,,,,,,,/79H,,gerbemi01
1124,Shawn Kelley,35,TEX,AL,50,0,0,47.1,11,6,5,0,2,1.000,,,1,4,2.09,1.22,0.22,1.21,,,,,,,1,,kellesh01
1125,Ian Miller,27,MIN,AL,12,3,3,47.1,23,22,1,0,0,1.000,1,33,2,51,4.37,2.13,1.92,2.12,,,,,,,/879H,,milleia01
1126,Juan Nicasio,32,PHI,NL,47,0,0,47.1,12,4,7,1,0,.917,,,-3,-13,2.09,1.60,0.23,1.58,,,,,,,1,,nicasju01
1127,Josh Taylor,26,BOS,AL,52,1,0,47.1,5,0,4,1,0,.800,,,0,0,0.76,1.22,0.08,1.21,,,,,,,1,,taylojo02
1128,Justin Anderson,26,LAA,AL,54,0,0,47.0,4,2,2,0,0,1.000,,,0,0,0.77,1.23,0.07,1.21,,,,,,,1,,anderju01
1129,Austin Pruitt,29,TBR,AL,14,2,0,47.0,9,3,6,0,0,1.000,,,0,0,1.72,1.23,0.64,1.21,,,,,,,1,,pruitau01
1130,Donovan Walton,25,SEA,AL,7,5,3,47.0,15,8,7,0,1,1.000,0,3,0,0,2.87,3.91,2.14,3.91,,,,,,,/64,,waltodo01
1131,Mark Zagunis,26,CHC,NL,8,6,3,47.0,8,7,0,1,0,.875,-3,-64,-1,-26,1.34,2.05,0.88,2.03,,,,,,,H/97,,zagunma01
1132,Dylan Floro,28,LAD,NL,50,0,0,46.2,10,5,4,1,1,.900,,,0,0,1.74,1.60,0.18,1.58,,,,,,,1,,florody01
1133,Matt Grace,30,WSN,NL,51,1,0,46.2,7,3,2,2,1,.714,,,-3,-13,0.96,1.60,0.10,1.58,,,,,,,1,,gracema02
1134,Jefry Rodríguez,25,CLE,AL,10,8,0,46.2,8,2,5,1,2,.875,,,-1,-4,1.35,1.22,0.70,1.21,,,,,,,1,,rodrije01
1135,Casey Sadler,28,2TM,2LG,33,1,0,46.1,13,3,9,1,0,.923,,,0,0,2.33,1.44,0.36,1.48,,,,,,,1,,sadleca02
1136,Casey Sadler,28,TBR,AL,9,0,0,19.1,6,1,4,1,0,.833,,,0,0,2.33,1.21,0.56,1.21,,,,,,,/1,,sadleca02
1137,Casey Sadler,28,LAD,NL,24,1,0,27.0,7,2,5,0,0,1.000,,,0,0,2.33,1.60,0.29,1.58,,,,,,,1,,sadleca02
1138,Cristhian Adames,27,SFG,NL,7,5,5,46.0,15,7,8,0,2,1.000,1,29,1,26,2.93,3.44,2.14,3.43,,,,,,,/H45,,adamecr01
1139,Tyron Guerrero,28,MIA,NL,52,0,0,46.0,5,3,2,0,0,1.000,,,-1,-4,0.98,1.58,0.10,1.58,,,,,,,1,,guerrta01
1140,Kolby Allard,21,TEX,AL,9,9,0,45.1,4,2,0,2,0,.500,,,-1,-4,0.40,1.21,0.22,1.21,,,,,,,/1,,allarko01
1141,Ryan Buchter,32,OAK,AL,64,0,0,45.1,10,3,6,1,0,.900,,,2,9,1.79,1.21,0.14,1.21,,,,,,,1,,buchtry01
1142,Clayton Richard,35,TOR,AL,10,10,0,45.1,19,5,13,1,1,.947,,,5,22,3.57,1.21,1.80,1.21,,,,,,,1,,richacl01
1143,Hunter Wood,25,2TM,AL,36,2,0,45.1,4,2,2,0,0,1.000,,,-1,-4,0.79,1.21,0.11,1.21,,,,,,,1,,woodhu01
1144,Hunter Wood,25,TBR,AL,19,2,0,29.0,0,0,0,0,0,,,,-1,-7,0.00,1.21,0.00,1.21,,,,,,,1,,woodhu01
1145,Hunter Wood,25,CLE,AL,17,0,0,16.1,4,2,2,0,0,1.000,,,0,0,2.20,1.21,0.24,1.21,,,,,,,1,,woodhu01
1146,Austin Brice,27,MIA,NL,36,0,0,44.2,4,2,2,0,0,1.000,,,-1,-4,0.81,1.59,0.11,1.58,,,,,,,1,,briceau01
1147,Caleb Ferguson,22,LAD,NL,46,2,0,44.2,9,1,8,0,0,1.000,,,1,4,1.81,1.59,0.20,1.58,,,,,,,1,,ferguca01
1148,Nick Vincent,32,2TM,NL,32,1,0,44.2,5,1,2,2,0,.600,,,0,0,0.60,1.59,0.09,1.58,,,,,,,1,,vinceni01
1149,Nick Vincent,32,SFG,NL,18,1,0,30.2,5,1,2,2,0,.600,,,0,0,0.88,1.58,0.17,1.58,,,,,,,1,,vinceni01
1150,Nick Vincent,32,PHI,NL,14,0,0,14.0,0,0,0,0,0,,,,0,0,0.00,1.61,0.00,1.58,,,,,,,1,,vinceni01
1151,Taylor Davis,29,CHC,NL,7,4,3,44.1,57,54,3,0,0,1.000,-2,-54,-1,-27,11.57,9.26,7.13,8.34,1,4,11,0,0.0,0,/213,,davista01
1152,Blaine Hardy,32,DET,AL,39,0,0,44.1,9,3,6,0,0,1.000,,,1,5,1.83,1.22,0.23,1.21,,,,,,,1,,hardybl01
1153,Shelby Miller,28,TEX,AL,19,8,0,44.0,1,1,0,0,0,1.000,,,-2,-9,0.20,1.23,0.05,1.21,,,,,,,1,,millesh01
1154,Randy Arozarena,24,STL,NL,11,4,2,43.2,12,11,1,0,0,1.000,1,19,1,27,2.47,2.04,1.09,2.02,,,,,,,H/987,,arozara01
1155,Austin Voth,27,WSN,NL,9,8,0,43.2,8,4,4,0,0,1.000,,,2,9,1.65,1.59,0.89,1.58,,,,,,,/1,,vothau01
1156,Rangel Ravelo,27,STL,NL,9,5,2,43.0,36,35,1,0,2,1.000,0,-3,0,0,7.53,8.56,4.00,8.52,,,,,,,H/3,,ravelra01
1157,Lucas Sims,25,CIN,NL,24,4,0,43.0,5,2,3,0,0,1.000,,,-1,-5,1.05,1.59,0.21,1.58,,,,,,,1,,simslu01
1158,Victor Alcántara,26,DET,AL,46,0,0,42.2,9,2,6,1,0,.889,,,-1,-5,1.69,1.22,0.17,1.21,,,,,,,1,,alcanvi01
1159,Wade Davis,33,COL,NL,50,0,0,42.2,6,2,3,1,2,.833,,,-2,-9,1.05,1.58,0.10,1.58,,,,,,,1,,daviswa01
1160,David Hernández,34,CIN,NL,47,0,0,42.2,4,2,2,0,0,1.000,,,0,0,0.84,1.58,0.09,1.58,,,,,,,1,,hernada01
1161,Cole Irvin,25,PHI,NL,16,3,0,41.2,9,5,2,2,0,.778,,,0,0,1.51,1.60,0.44,1.58,,,,,,,1,,irvinco01
1162,Ryan Lavarnway,31,CIN,NL,5,4,4,41.2,50,46,3,1,1,.980,-1,-29,0,0,10.58,9.50,9.80,9.44,1,1,5,1,16.7,0,/2,,lavarry01
1163,Pedro Strop,34,CHC,NL,50,0,0,41.2,6,4,1,1,0,.833,,,-1,-5,1.08,1.60,0.10,1.58,,,,,,,1,,stroppe01
1164,Touki Toussaint,23,ATL,NL,24,1,0,41.2,8,4,4,0,0,1.000,,,0,0,1.73,1.60,0.33,1.58,,,,,,,1,,toussto01
1165,Jonathan Holder,26,NYY,AL,34,1,0,41.1,5,2,3,0,1,1.000,,,0,0,1.09,1.22,0.15,1.21,,,,,,,1,,holdejo02
1166,Jake McGee,32,COL,NL,45,0,0,41.1,8,3,4,1,0,.875,,,0,0,1.52,1.59,0.16,1.58,,,,,,,1,,mcgeeja01
1167,Jorge Bonifacio,26,KCR,AL,5,5,4,41.0,11,11,0,0,0,1.000,-1,-23,0,0,2.41,2.13,2.20,2.12,,,,,,,/97,,bonifjo01
1168,Branden Kline,27,BAL,AL,34,0,0,41.0,4,2,2,0,0,1.000,,,0,0,0.88,1.23,0.12,1.21,,,,,,,1,,klinebr01
1169,José Urquidy,24,HOU,AL,9,7,0,41.0,6,3,3,0,1,1.000,,,0,0,1.32,1.23,0.67,1.21,,,,,,,/1,,urquijo01
1170,Jimmy Yacabonis,27,BAL,AL,29,4,0,41.0,8,2,5,1,1,.875,,,1,5,1.54,1.23,0.24,1.21,,,,,,,1,,yacabji01
1171,Ryan Carpenter,28,DET,AL,9,9,0,40.2,6,1,4,1,0,.833,,,0,0,1.11,1.22,0.56,1.21,,,,,,,/1,,carpery01
1172,Nick Goody,27,CLE,AL,39,0,0,40.2,2,0,1,1,0,.500,,,-1,-5,0.22,1.22,0.03,1.21,,,,,,,1,,goodyni01
1173,Dominic Leone,27,STL,NL,40,0,0,40.2,5,1,4,0,0,1.000,,,1,5,1.11,1.59,0.13,1.58,,,,,,,1,,leonedo01
1174,Óliver Pérez,37,CLE,AL,67,0,0,40.2,5,1,3,1,0,.800,,,0,0,0.89,1.22,0.06,1.21,,,,,,,1,,perezol01
1175,Ryan Weber,28,BOS,AL,18,3,0,40.2,12,3,9,0,0,1.000,,,2,10,2.66,1.22,0.67,1.21,,,,,,,1,,weberry01
1176,Brian Johnson,28,BOS,AL,21,7,0,40.1,1,0,1,0,0,1.000,,,-1,-5,0.22,1.23,0.05,1.21,,,,,,,1/H,,johnsbr02
1177,Wily Peralta,30,KCR,AL,42,0,0,40.1,3,2,1,0,2,1.000,,,-1,-5,0.67,1.23,0.07,1.21,,,,,,,1,,peralwi01
1178,Franchy Cordero,24,SDP,NL,7,4,0,40.0,8,8,0,0,0,1.000,0,-12,0,0,1.80,2.05,1.14,2.01,,,,,,,/89H,,cordefr02
1179,Tony Gonsolin,25,LAD,NL,11,6,0,40.0,7,2,4,1,0,.857,,,0,0,1.35,1.60,0.55,1.58,,,,,,,1,,gonsoto01
1180,José Ruiz,24,CHW,AL,40,1,0,40.0,7,1,5,1,0,.857,,,1,5,1.35,1.22,0.15,1.21,,,,,,,1,,ruizjo01
1181,Heath Hembree,30,BOS,AL,45,0,0,39.2,2,1,1,0,0,1.000,,,0,0,0.45,1.23,0.04,1.21,,,,,,,1,,hembrhe01
1182,Tim Hill,29,KCR,AL,46,0,0,39.2,6,0,5,1,1,.833,,,-2,-10,1.13,1.23,0.11,1.21,,,,,,,1,,hillti01
1183,Travis Jankowski,28,SDP,NL,11,2,1,39.2,9,8,1,0,0,1.000,2,48,2,61,2.04,2.04,0.82,2.02,,,,,,,H/897,,jankotr01
1184,Justin Shafer,26,TOR,AL,34,0,0,39.2,3,2,1,0,0,1.000,,,0,0,0.68,1.23,0.09,1.21,,,,,,,1,,shafeju01
1185,Logan Webb,22,SFG,NL,8,8,0,39.2,8,0,8,0,1,1.000,,,1,5,1.82,1.59,1.00,1.58,,,,,,,/1H,,webblo01
1186,Wandy Peralta,27,2TM,NL,47,0,0,39.2,12,8,4,0,0,1.000,,,0,0,2.72,1.59,0.26,1.58,,,,,,,1,,peralwa01
1187,Wandy Peralta,27,CIN,NL,39,0,0,34.0,10,7,3,0,0,1.000,,,0,0,2.65,1.59,0.26,1.58,,,,,,,1,,peralwa01
1188,Wandy Peralta,27,SFG,NL,8,0,0,5.2,2,1,1,0,0,1.000,,,0,0,3.18,1.59,0.25,1.58,,,,,,,/1,,peralwa01
1189,Domingo Leyba,23,ARI,NL,10,3,1,39.1,24,8,15,1,3,.958,1,34,0,0,5.26,4.00,2.09,3.93,,,,,,,H/465,,leybado01
1190,Patrick Sandoval,22,LAA,AL,10,9,0,39.1,7,2,4,1,0,.857,,,1,5,1.37,1.21,0.60,1.21,,,,,,,1,,sandopa02
1191,Edgar García,22,PHI,NL,37,0,0,39.0,3,2,1,0,0,1.000,,,-1,-5,0.69,1.59,0.08,1.58,,,,,,,1,,garcied01
1192,Jeremy Hellickson,32,WSN,NL,9,8,0,39.0,9,2,7,0,0,1.000,,,1,5,2.08,1.59,1.00,1.58,,,,,,,/1,,hellije01
1193,Justin Wilson,31,NYM,NL,45,0,0,39.0,7,2,5,0,0,1.000,,,-2,-10,1.62,1.59,0.16,1.58,,,,,,,1,,wilsoju10
1194,Jeff Brigham,27,MIA,NL,32,0,0,38.1,3,0,3,0,0,1.000,,,2,10,0.70,1.60,0.09,1.58,,,,,,,1,,brighje01
1195,Ronald Torreyes,26,MIN,AL,7,4,2,38.1,17,7,9,1,1,.941,0,-9,-2,-63,3.76,3.76,1.78,3.56,,,,,,,/6457,,torrero01
1196,David Hale,31,NYY,AL,20,0,0,37.2,13,5,8,0,0,1.000,,,2,11,3.11,1.22,0.65,1.21,,,,,,,1,,haleda02
1197,Juan Graterol,30,CIN,NL,5,5,4,37.1,47,46,1,0,1,1.000,0,0,0,0,11.33,9.47,9.40,9.44,1,0,2,0,0.0,0,/2H,,grateju01
1198,Jameson Taillon,27,PIT,NL,7,7,1,37.1,3,1,2,0,0,1.000,,,0,0,0.72,1.59,0.43,1.59,,,,,,,/1,,taillja01
1199,Jimmy Cordero,27,2TM,AL,31,0,0,37.1,3,2,1,0,0,1.000,,,-1,-5,0.72,1.23,0.10,1.21,,,,,,,1,,cordeji01
1200,Jimmy Cordero,27,TOR,AL,1,0,0,1.1,0,0,0,0,0,,,,0,0,0.00,1.35,0.00,1.20,,,,,,,/1,,cordeji01
1201,Jimmy Cordero,27,CHW,AL,30,0,0,36.0,3,2,1,0,0,1.000,,,-1,-6,0.75,1.23,0.10,1.21,,,,,,,1,,cordeji01
1202,Bobby Bradley,23,CLE,AL,5,5,1,37.0,41,39,0,2,3,.951,0,-10,-1,-32,9.49,8.32,7.80,8.28,,,,,,,/D3H,,bradlbo01
1203,Zack Littell,23,MIN,AL,29,0,0,37.0,4,1,3,0,0,1.000,,,0,0,0.97,1.22,0.14,1.21,,,,,,,1,,litteza01
1204,Jon Duplantier,24,ARI,NL,15,3,0,36.2,4,2,2,0,1,1.000,,,0,0,0.98,1.60,0.27,1.58,,,,,,,1,,duplajo01
1205,Ryan Helsley,24,STL,NL,24,0,0,36.2,3,0,3,0,0,1.000,,,-1,-5,0.74,1.60,0.13,1.58,,,,,,,1,,helslry01
1206,José Pirela,29,2TM,NL,6,4,2,36.2,5,5,0,0,0,1.000,0,-7,1,33,1.23,2.04,0.83,2.02,,,,,,,/H79,,pireljo01
1207,José Pirela,29,SDP,NL,1,1,1,9.0,1,1,0,0,0,1.000,0,-40,0,0,1.00,2.00,1.00,2.00,,,,,,,/7H,,pireljo01
1208,José Pirela,29,PHI,NL,5,3,1,27.2,4,4,0,0,0,1.000,0,4,1,43,1.30,2.05,0.80,2.02,,,,,,,/H79,,pireljo01
1209,Phil Maton,26,2TM,2LG,30,0,0,36.2,9,6,2,1,0,.889,,,0,0,1.96,1.47,0.27,1.47,,,,,,,1,,matonph01
1210,Phil Maton,26,SDP,NL,21,0,0,24.1,8,5,2,1,0,.875,,,0,0,2.59,1.59,0.33,1.58,,,,,,,1,,matonph01
1211,Phil Maton,26,CLE,AL,9,0,0,12.1,1,1,0,0,0,1.000,,,0,0,0.73,1.24,0.11,1.21,,,,,,,/1,,matonph01
1212,Thomas Eshelman,25,BAL,AL,10,4,0,36.0,5,2,2,1,0,.800,,,0,0,1.00,1.23,0.40,1.21,,,,,,,1,,eshelto01
1213,Zach Green,25,SFG,NL,5,4,1,36.0,6,2,4,0,2,1.000,1,20,1,33,1.50,2.53,1.20,2.52,,,,,,,/5H,,greenza01
1214,Alex Jackson,23,ATL,NL,4,4,3,36.0,29,26,3,0,0,1.000,1,33,0,0,7.25,9.50,7.25,9.43,0,1,0,0,,0,/2,,jacksal02
1215,Alec Mills,27,CHC,NL,9,4,0,36.0,4,1,3,0,0,1.000,,,0,0,1.00,1.60,0.44,1.58,,,,,,,/1,,millsal02
1216,Justus Sheffield,23,SEA,AL,8,7,0,36.0,8,1,6,1,1,.875,,,-1,-6,1.75,1.23,0.88,1.21,,,,,,,/1,,sheffju01
1217,Jesús Tinoco,24,COL,NL,24,0,0,36.0,5,3,2,0,0,1.000,,,0,0,1.25,1.60,0.21,1.58,,,,,,,1,,tinocje01
1218,Greg Holland,33,ARI,NL,40,0,0,35.2,8,7,1,0,1,1.000,,,-2,-11,2.02,1.59,0.20,1.58,,,,,,,1,,hollagr01
1219,Corey Kluber,33,CLE,AL,7,7,0,35.2,3,0,3,0,0,1.000,,,-2,-11,0.76,1.21,0.43,1.21,,,,,,,/1,,klubeco01
1220,Alex Wood,28,CIN,NL,7,7,0,35.2,5,2,3,0,0,1.000,,,1,6,1.26,1.59,0.71,1.59,,,,,,,/1,,woodal02
1221,José Cisnero,30,DET,AL,35,0,0,35.1,4,2,2,0,0,1.000,,,-1,-6,1.02,1.22,0.11,1.21,,,,,,,1,,cisnejo01
1222,Tyson Ross,32,DET,AL,7,7,0,35.1,11,4,6,1,0,.909,,,0,0,2.55,1.22,1.43,1.21,,,,,,,/1,,rossty01
1223,Geoff Hartlieb,25,PIT,NL,29,0,0,35.0,7,2,5,0,0,1.000,,,1,6,1.80,1.59,0.24,1.58,,,,,,,1,,hartlge01
1224,Kean Wong,24,2TM,AL,4,3,1,35.0,12,5,7,0,2,1.000,1,24,0,0,3.09,3.39,2.40,3.28,,,,,,,/H49,,wongke01
1225,Kean Wong,24,TBR,AL,3,3,1,25.0,6,3,3,0,1,1.000,0,10,0,0,2.16,3.13,1.50,3.08,,,,,,,/H49,,wongke01
1226,Kean Wong,24,LAA,AL,1,0,0,10.0,6,2,4,0,1,1.000,1,60,0,0,5.40,4.05,6.00,4.10,,,,,,,/4H,,wongke01
1227,Dustin May,21,LAD,NL,14,4,0,34.2,4,0,4,0,0,1.000,,,0,0,1.04,1.58,0.29,1.58,,,,,,,1,,maydu01
1228,Carlos Rodón,26,CHW,AL,7,7,0,34.2,1,0,1,0,0,1.000,,,-1,-6,0.26,1.22,0.14,1.21,,,,,,,/1,,rodonca01
1229,Brad Wieck,27,2TM,NL,44,0,0,34.2,2,0,1,1,0,.500,,,-1,-6,0.26,1.61,0.02,1.58,,,,,,,1,,wieckbr01
1230,Brad Wieck,27,SDP,NL,30,0,0,24.2,1,0,1,0,0,1.000,,,-1,-8,0.36,1.61,0.03,1.58,,,,,,,1,,wieckbr01
1231,Brad Wieck,27,CHC,NL,14,0,0,10.0,1,0,0,1,0,.000,,,0,0,0.00,1.62,0.00,1.58,,,,,,,1,,wieckbr01
1232,Wes Parsons,26,2TM,NL,32,0,0,34.2,11,4,6,1,0,.909,,,0,0,2.60,1.58,0.31,1.58,,,,,,,1,,parsowe01
1233,Wes Parsons,26,ATL,NL,17,0,0,15.1,3,2,1,0,0,1.000,,,0,0,1.76,1.58,0.18,1.58,,,,,,,1,,parsowe01
1234,Wes Parsons,26,COL,NL,15,0,0,19.1,8,2,5,1,0,.875,,,0,0,3.26,1.58,0.47,1.58,,,,,,,1,,parsowe01
1235,Robert Dugger,23,MIA,NL,7,7,0,34.1,3,1,2,0,0,1.000,,,0,0,0.79,1.60,0.43,1.59,,,,,,,/1,,duggero01
1236,Jarrett Parker,30,LAA,AL,5,3,3,34.1,5,5,0,0,0,1.000,-1,-21,1,35,1.31,2.12,1.00,2.12,,,,,,,/7,,parkeja03
1237,David Phelps,32,2TM,2LG,41,1,0,34.1,1,0,1,0,0,1.000,,,-1,-6,0.26,1.39,0.02,1.43,,,,,,,1,,phelpda01
1238,David Phelps,32,TOR,AL,17,1,0,17.1,0,0,0,0,0,,,,0,0,0.00,1.19,0.00,1.21,,,,,,,1,,phelpda01
1239,David Phelps,32,CHC,NL,24,0,0,17.0,1,0,1,0,0,1.000,,,-1,-12,0.53,1.59,0.04,1.58,,,,,,,1,,phelpda01
1240,Yency Almonte,25,COL,NL,28,0,0,34.0,4,2,2,0,0,1.000,,,0,0,1.06,1.59,0.14,1.58,,,,,,,1,,almonye01
1241,Juan Centeno,29,BOS,AL,5,3,3,34.0,30,25,5,0,1,1.000,-1,-35,-1,-35,7.94,9.32,6.00,9.26,2,2,4,1,20.0,0,/2HD,,centeju01
1242,AJ Reed,26,CHW,AL,4,4,3,34.0,38,31,6,1,6,.974,-1,-18,0,0,9.79,8.10,7.40,6.86,,,,,,,/D31H,,reedaj01
1243,Elvis Luciano,19,TOR,AL,25,0,0,33.2,4,1,3,0,2,1.000,,,0,0,1.07,1.23,0.16,1.21,,,,,,,1,,luciael01
1244,Kyle Barraclough,29,2TM,NL,43,0,0,33.2,9,3,4,2,0,.778,,,1,6,1.87,1.58,0.16,1.58,,,,,,,1,,barraky01
1245,Kyle Barraclough,29,WSN,NL,33,0,0,25.2,5,2,2,1,0,.800,,,1,8,1.40,1.58,0.12,1.58,,,,,,,1,,barraky01
1246,Kyle Barraclough,29,SFG,NL,10,0,0,8.0,4,1,2,1,0,.750,,,0,0,3.38,1.58,0.30,1.58,,,,,,,1,,barraky01
1247,Héctor Santiago,31,2TM,2LG,19,2,0,33.2,5,0,5,0,1,1.000,,,1,6,1.34,1.31,0.26,1.36,,,,,,,1,,santihe01
1248,Héctor Santiago,31,NYM,NL,8,0,0,8.0,0,0,0,0,0,,,,0,0,0.00,1.58,0.00,1.58,,,,,,,/1,,santihe01
1249,Héctor Santiago,31,CHW,AL,11,2,0,25.2,5,0,5,0,1,1.000,,,1,8,1.75,1.23,0.45,1.21,,,,,,,1,,santihe01
1250,Tim Melville,29,COL,NL,7,7,0,33.1,6,2,3,1,0,.833,,,0,0,1.35,1.59,0.71,1.59,,,,,,,/1,,melviti01
1251,Rowan Wick,26,CHC,NL,31,0,0,33.1,7,2,5,0,0,1.000,,,0,0,1.89,1.59,0.23,1.58,,,,,,,1,,wickro01
1252,Miguel Andujar,24,NYY,AL,4,4,3,33.0,10,0,7,3,0,.700,-2,-84,-4,-145,1.91,2.67,1.75,2.65,,,,,,,/D5,,andujmi01
1253,Connor Joe,26,SFG,NL,5,5,2,33.0,8,7,1,0,1,1.000,1,44,1,36,2.18,2.05,1.60,2.02,,,,,,,/7H,,joeco01
1254,Adrián Sanchez,28,WSN,NL,14,1,1,32.2,17,9,7,1,1,.941,0,7,0,0,4.41,4.49,1.14,3.56,,,,,,,H/54637,,sanchad01
1255,Andrew Suárez,26,SFG,NL,21,2,0,32.2,3,2,1,0,0,1.000,,,0,0,0.83,1.60,0.14,1.58,,,,,,,1,,suarean01
1256,J.B. Wendelken,26,OAK,AL,27,0,0,32.2,3,1,2,0,0,1.000,,,0,0,0.83,1.21,0.11,1.21,,,,,,,1,,wendejb01
1257,Jacob Barnes,29,2TM,2LG,33,1,0,32.2,6,1,5,0,0,1.000,,,-1,-6,1.65,1.46,0.18,1.41,,,,,,,1,,barneja01
1258,Jacob Barnes,29,MIL,NL,18,1,0,19.2,2,0,2,0,0,1.000,,,-1,-10,0.92,1.60,0.11,1.58,,,,,,,1,,barneja01
1259,Jacob Barnes,29,KCR,AL,15,0,0,13.0,4,1,3,0,0,1.000,,,0,0,2.77,1.25,0.27,1.21,,,,,,,1,,barneja01
1260,Jerry Blevins,35,ATL,NL,45,0,0,32.1,5,3,1,1,0,.800,,,-1,-6,1.11,1.59,0.09,1.58,,,,,,,1,,blevije01
1261,Jeffrey Springs,26,TEX,AL,25,0,0,32.1,1,0,1,0,0,1.000,,,0,0,0.28,1.22,0.04,1.21,,,,,,,1,,sprinje01
1262,Jacob Webb,25,ATL,NL,36,0,0,32.1,1,0,1,0,0,1.000,,,-1,-6,0.28,1.59,0.03,1.58,,,,,,,1,,webbja01
1263,Luis Avilán,29,NYM,NL,45,0,0,32.0,7,4,3,0,0,1.000,,,0,0,1.97,1.60,0.16,1.58,,,,,,,1,,avilalu01
1264,Matt Bowman,28,CIN,NL,27,0,0,32.0,11,2,8,1,0,.909,,,1,6,2.81,1.60,0.37,1.58,,,,,,,1,,bowmama01
1265,Rajai Davis,38,NYM,NL,14,1,1,32.0,6,6,0,0,0,1.000,0,15,0,0,1.69,2.05,0.43,2.02,,,,,,,H7/9,,davisra01
1266,Rocky Gale,31,LAD,NL,4,4,2,32.0,40,37,2,1,0,.975,0,0,0,0,10.97,9.48,9.75,9.43,0,2,2,1,33.3,0,/2H,,galero01
1267,Frank Schwindel,27,KCR,AL,5,4,1,32.0,31,30,0,1,2,.968,-1,-49,0,0,8.44,8.33,6.00,8.28,,,,,,,/3H,,schwifr01
1268,Austin Adams,28,2TM,2LG,30,2,0,32.0,4,2,1,1,1,.750,,,0,0,0.84,1.24,0.10,1.22,,,,,,,1,,adamsau02
1269,Austin Adams,28,WSN,NL,1,0,0,1.0,0,0,0,0,0,,,,0,0,0.00,1.80,0.00,1.60,,,,,,,/1,,adamsau02
1270,Austin Adams,28,SEA,AL,29,2,0,31.0,4,2,1,1,1,.750,,,0,0,0.87,1.22,0.10,1.21,,,,,,,1,,adamsau02
1271,Jonathan Loáisiga,24,NYY,AL,15,4,0,31.2,3,1,2,0,1,1.000,,,-1,-6,0.85,1.22,0.20,1.21,,,,,,,1,,loaisjo01
1272,Sean Reid-Foley,23,TOR,AL,9,6,0,31.2,4,0,4,0,0,1.000,,,0,0,1.14,1.22,0.44,1.21,,,,,,,/1,,reidfse01
1273,Adalberto Mejía,26,3TM,2LG,35,0,0,31.1,4,0,4,0,0,1.000,,,1,6,1.15,1.26,0.11,1.23,,,,,,,1,,mejiaad01
1274,Adalberto Mejía,26,2TM,AL,33,0,0,28.1,4,0,4,0,0,1.000,,,1,7,1.27,1.24,0.12,1.21,,,,,,,1,,mejiaad01
1275,Adalberto Mejía,26,MIN,AL,13,0,0,15.1,1,0,1,0,0,1.000,,,0,0,0.59,1.23,0.08,1.21,,,,,,,1,,mejiaad01
1276,Adalberto Mejía,26,LAA,AL,20,0,0,13.0,3,0,3,0,0,1.000,,,1,15,2.08,1.25,0.15,1.21,,,,,,,1,,mejiaad01
1277,Adalberto Mejía,26,STL,NL,2,0,0,3.0,0,0,0,0,0,,,,0,0,0.00,1.50,0.00,1.60,,,,,,,/1,,mejiaad01
1278,Jake Newberry,24,KCR,AL,27,0,0,31.0,5,1,4,0,1,1.000,,,1,6,1.45,1.22,0.19,1.21,,,,,,,1,,newbeja01
1279,Josh A. Smith,31,BOS,AL,18,2,0,31.0,4,3,1,0,0,1.000,,,-1,-6,1.16,1.22,0.22,1.21,,,,,,,1,,smithjo07
1280,Wei-Chung Wang,27,2TM,2LG,25,0,0,31.0,5,0,5,0,0,1.000,,,2,13,1.45,1.28,0.20,1.28,,,,,,,1,,wangwe01
1281,Wei-Chung Wang,27,OAK,AL,20,0,0,27.0,3,0,3,0,0,1.000,,,1,7,1.00,1.23,0.15,1.21,,,,,,,1,,wangwe01
1282,Wei-Chung Wang,27,PIT,NL,5,0,0,4.0,2,0,2,0,0,1.000,,,1,50,4.50,1.58,0.40,1.58,,,,,,,/1,,wangwe01
1283,Tyler Olson,29,CLE,AL,39,0,0,30.2,3,1,2,0,0,1.000,,,0,0,0.88,1.23,0.08,1.21,,,,,,,1,,olsonty01
1284,Stefan Crichton,27,ARI,NL,28,0,0,30.1,7,2,4,1,0,.857,,,0,0,1.78,1.60,0.21,1.58,,,,,,,1,,crichst01
1285,Darwinzon Hernández,22,BOS,AL,29,1,0,30.1,5,1,4,0,1,1.000,,,0,0,1.48,1.22,0.17,1.21,,,,,,,1,,hernada02
1286,Jay Jackson,31,MIL,NL,28,0,0,30.1,3,0,3,0,0,1.000,,,-1,-7,0.89,1.60,0.11,1.58,,,,,,,1,,jacksja01
1287,José Alvarado,24,TBR,AL,35,1,0,30.0,6,1,4,1,0,.833,,,1,7,1.50,1.23,0.14,1.21,,,,,,,1,,alvarjo03
1288,Troy Tulowitzki,34,NYY,AL,4,4,3,30.0,10,3,7,0,0,1.000,-1,-28,0,0,3.00,3.87,2.50,3.85,,,,,,,/6H,,tulowtr01
1289,Michel Báez,23,SDP,NL,24,1,0,29.2,7,4,3,0,0,1.000,,,1,7,2.12,1.58,0.29,1.58,,,,,,,1,,baezmi01
1290,Keone Kela,26,PIT,NL,32,0,0,29.2,3,1,2,0,0,1.000,,,1,7,0.91,1.58,0.09,1.58,,,,,,,1,,kelake01
1291,Sean Manaea,27,OAK,AL,5,5,0,29.2,5,3,2,0,0,1.000,,,-1,-7,1.52,1.21,1.00,1.22,,,,,,,/1,,manaese01
1292,Adam Morgan,29,PHI,NL,40,0,0,29.2,3,1,2,0,0,1.000,,,0,0,0.91,1.58,0.08,1.58,,,,,,,1,,morgaad01
1293,Dan Otero,34,CLE,AL,25,0,0,29.2,4,1,3,0,1,1.000,,,-1,-7,1.21,1.21,0.16,1.21,,,,,,,1,,oteroda01
1294,José Quijada,23,MIA,NL,34,0,0,29.2,3,1,2,0,0,1.000,,,0,0,0.91,1.58,0.09,1.58,,,,,,,1,,quijajo01
1295,Brian Flynn,29,KCR,AL,11,1,0,29.1,6,0,6,0,0,1.000,,,0,0,1.84,1.23,0.55,1.21,,,,,,,1,,flynnbr01
1296,A.J. Minter,25,ATL,NL,36,0,0,29.1,4,0,4,0,0,1.000,,,-2,-14,1.23,1.60,0.11,1.58,,,,,,,1,,minteaj01
1297,Mike Wright Jr.,29,2TM,AL,19,0,0,29.1,5,4,1,0,0,1.000,,,0,0,1.53,1.23,0.26,1.21,,,,,,,1,,wrighmi01
1298,Mike Wright Jr.,29,BAL,AL,10,0,0,13.1,2,1,1,0,0,1.000,,,0,0,1.35,1.22,0.20,1.21,,,,,,,1,,wrighmi01
1299,Mike Wright Jr.,29,SEA,AL,9,0,0,16.0,3,3,0,0,0,1.000,,,0,0,1.69,1.24,0.33,1.21,,,,,,,/1,,wrighmi01
1300,Rafael Montero,28,TEX,AL,22,0,0,29.0,7,4,3,0,1,1.000,,,0,0,2.17,1.21,0.32,1.21,,,,,,,1,,montera01
1301,Chad Sobotka,25,ATL,NL,32,0,0,29.0,0,0,0,0,0,,,,-1,-7,0.00,1.58,0.00,1.58,,,,,,,1,,sobotch01
1302,Daniel Stumpf,28,DET,AL,48,0,0,29.0,3,2,1,0,0,1.000,,,0,0,0.93,1.21,0.06,1.21,,,,,,,1,,stumpda01
1303,Jordan Hicks,22,STL,NL,29,0,0,28.2,6,3,3,0,0,1.000,,,-1,-7,1.88,1.60,0.21,1.58,,,,,,,1,,hicksjo03
1304,Matt Shoemaker,32,TOR,AL,5,5,0,28.2,11,6,4,1,0,.909,,,2,14,3.14,1.22,2.00,1.22,,,,,,,/1,,shoemma01
1305,Adam Warren,31,SDP,NL,25,0,0,28.2,8,4,4,0,0,1.000,,,0,0,2.51,1.60,0.32,1.58,,,,,,,1,,warread01
1306,Randy Dobnak,24,MIN,AL,9,5,0,28.1,5,2,2,1,0,.800,,,0,0,1.27,1.21,0.44,1.21,,,,,,,/1,,dobnara01
1307,Dustin Pedroia,35,BOS,AL,4,4,3,28.0,16,9,7,0,3,1.000,-1,-43,-3,-129,5.14,4.08,4.00,4.05,,,,,,,/4D,,pedrodu01
1308,Evan Phillips,24,BAL,AL,25,0,0,28.0,1,0,1,0,0,1.000,,,-1,-7,0.32,1.22,0.04,1.21,,,,,,,1,,phillev01
1309,Zac Reininger,26,DET,AL,25,1,0,28.0,3,0,3,0,0,1.000,,,0,0,0.96,1.22,0.12,1.21,,,,,,,1,,reiniza01
1310,Luis Torrens,23,SDP,NL,4,3,3,28.0,33,32,1,0,0,1.000,0,0,0,0,10.61,9.48,8.25,9.43,0,0,1,0,0.0,0,/2H,,torrelu01
1311,Jesse Biddle,27,3TM,2LG,30,0,0,28.0,5,1,1,3,0,.400,,,-2,-14,0.64,1.38,0.07,1.39,,,,,,,1,,biddlje01
1312,Jesse Biddle,27,2TM,AL,15,0,0,16.1,2,0,0,2,0,.000,,,-1,-12,0.00,1.21,0.00,1.21,,,,,,,1,,biddlje01
1313,Jesse Biddle,27,ATL,NL,15,0,0,11.2,3,1,1,1,0,.667,,,-1,-17,1.54,1.62,0.13,1.58,,,,,,,1,,biddlje01
1314,Jesse Biddle,27,SEA,AL,11,0,0,11.0,2,0,0,2,0,.000,,,-1,-18,0.00,1.23,0.00,1.21,,,,,,,1,,biddlje01
1315,Jesse Biddle,27,TEX,AL,4,0,0,5.1,0,0,0,0,0,,,,0,0,0.00,1.18,0.00,1.20,,,,,,,/1,,biddlje01
1316,Sam Coonrod,26,SFG,NL,33,0,0,27.2,7,3,4,0,1,1.000,,,0,0,2.28,1.59,0.21,1.58,,,,,,,1,,coonrsa01
1317,Juan Minaya,28,CHW,AL,22,0,0,27.2,2,1,1,0,0,1.000,,,0,0,0.65,1.24,0.09,1.21,,,,,,,1,,minayju01
1318,Héctor Noesí,32,MIA,NL,12,4,0,27.2,2,1,1,0,0,1.000,,,0,0,0.65,1.59,0.17,1.58,,,,,,,1,,noesihe01
1319,Lewis Thorpe,23,MIN,AL,12,2,0,27.2,2,0,2,0,0,1.000,,,0,0,0.65,1.24,0.17,1.21,,,,,,,1,,thorple01
1320,Logan Allen,22,2TM,2LG,9,4,0,27.2,8,1,7,0,1,1.000,,,1,7,2.60,1.56,0.89,1.53,,,,,,,/1,,allenlo01
1321,Logan Allen,22,SDP,NL,8,4,0,25.1,8,1,7,0,1,1.000,,,1,8,2.84,1.60,1.00,1.58,,,,,,,/1,,allenlo01
1322,Logan Allen,22,CLE,AL,1,0,0,2.1,0,0,0,0,0,,,,0,0,0.00,1.16,0.00,1.20,,,,,,,/1,,allenlo01
1323,Carson Fulmer,25,CHW,AL,20,2,0,27.1,1,1,0,0,0,1.000,,,0,0,0.33,1.22,0.05,1.21,,,,,,,1,,fulmeca01
1324,Ty Blach,28,2TM,2LG,7,5,0,27.0,4,1,3,0,0,1.000,,,1,7,1.33,1.30,0.57,1.33,,,,,,,/1,,blachty01
1325,Ty Blach,28,SFG,NL,2,0,0,6.1,1,1,0,0,0,1.000,,,0,0,1.42,1.56,0.50,1.60,,,,,,,/1,,blachty01
1326,Ty Blach,28,BAL,AL,5,5,0,20.2,3,0,3,0,0,1.000,,,1,10,1.31,1.22,0.60,1.22,,,,,,,/1,,blachty01
1327,Brad Boxberger,31,KCR,AL,29,0,0,26.2,3,3,0,0,0,1.000,,,0,0,1.01,1.22,0.10,1.21,,,,,,,1,,boxbebr01
1328,Brock Burke,22,TEX,AL,6,6,0,26.2,5,0,5,0,0,1.000,,,0,0,1.69,1.22,0.83,1.22,,,,,,,/1,,burkebr01
1329,Alex McRae,26,PIT,NL,11,2,0,26.2,5,3,2,0,0,1.000,,,0,0,1.69,1.59,0.45,1.58,,,,,,,1,,mcraeal01
1330,Taylor Guerrieri,26,TEX,AL,20,0,0,26.1,1,1,0,0,0,1.000,,,-1,-8,0.34,1.23,0.05,1.21,,,,,,,1,,guerrta02
1331,Jake Jewell,26,LAA,AL,18,0,0,26.1,7,5,2,0,0,1.000,,,-1,-8,2.39,1.23,0.39,1.21,,,,,,,1,,jewelja01
1332,Tanner Scott,24,BAL,AL,28,0,0,26.1,3,0,2,1,0,.667,,,-1,-8,0.68,1.23,0.07,1.21,,,,,,,1,,scottta01
1333,David McKay,24,2TM,AL,25,0,0,26.1,1,0,1,0,0,1.000,,,0,0,0.34,1.20,0.04,1.21,,,,,,,1,,mckayda02
1334,David McKay,24,SEA,AL,7,0,0,7.0,0,0,0,0,0,,,,0,0,0.00,1.16,0.00,1.21,,,,,,,/1,,mckayda02
1335,David McKay,24,DET,AL,18,0,0,19.1,1,0,1,0,0,1.000,,,0,0,0.47,1.21,0.06,1.21,,,,,,,1,,mckayda02
1336,A.J. Cole,27,CLE,AL,25,0,0,26.0,3,0,3,0,0,1.000,,,0,0,1.04,1.21,0.12,1.21,,,,,,,1,,coleaj01
1337,Eric Haase,26,CLE,AL,8,2,2,26.0,29,27,2,0,0,1.000,-1,-46,0,0,10.04,9.31,3.63,9.25,1,4,0,1,100.0,0,/2HD,,haaseer01
1338,Gerardo Reyes,26,SDP,NL,27,0,0,26.0,4,2,2,0,0,1.000,,,0,0,1.38,1.59,0.15,1.58,,,,,,,1,,reyesge01
1339,Brock Stewart,27,2TM,2LG,13,0,0,25.2,3,1,2,0,0,1.000,,,0,0,1.05,1.26,0.23,1.29,,,,,,,1,,stewabr01
1340,Brock Stewart,27,LAD,NL,3,0,0,4.0,1,0,1,0,0,1.000,,,0,0,2.25,1.58,0.33,1.57,,,,,,,/1,,stewabr01
1341,Brock Stewart,27,TOR,AL,10,0,0,21.2,2,1,1,0,0,1.000,,,0,0,0.83,1.20,0.20,1.21,,,,,,,1,,stewabr01
1342,Chance Adams,24,NYY,AL,13,0,0,25.1,2,0,2,0,0,1.000,,,0,0,0.71,1.21,0.15,1.21,,,,,,,1,,adamsch01
1343,Kohl Stewart,24,MIN,AL,9,2,0,25.1,4,1,3,0,0,1.000,,,-1,-8,1.42,1.21,0.44,1.21,,,,,,,/1,,stewako01
1344,DJ Johnson,29,COL,NL,28,0,0,25.0,5,3,2,0,0,1.000,,,1,8,1.80,1.58,0.18,1.58,,,,,,,1,,johnsdj01
1345,Joe Smith,35,HOU,AL,28,0,0,25.0,2,1,1,0,0,1.000,,,0,0,0.72,1.22,0.07,1.21,,,,,,,1,,smithjo05
1346,Cody Stashak,25,MIN,AL,18,1,0,25.0,2,0,2,0,1,1.000,,,0,0,0.72,1.22,0.11,1.21,,,,,,,1,,stashco01
1347,Andrew Stevenson,25,WSN,NL,5,3,1,25.0,1,1,0,0,0,1.000,-2,-77,0,0,0.36,2.05,0.20,2.02,,,,,,,H/7,,stevean01
1348,Neil Ramírez,30,2TM,AL,22,1,0,25.0,2,1,1,0,0,1.000,,,-1,-8,0.72,1.22,0.09,1.21,,,,,,,1,,ramirne01
1349,Neil Ramírez,30,CLE,AL,16,0,0,16.2,1,1,0,0,0,1.000,,,-1,-12,0.54,1.24,0.06,1.21,,,,,,,1,,ramirne01
1350,Neil Ramírez,30,TOR,AL,6,1,0,8.1,1,0,1,0,0,1.000,,,0,0,1.08,1.19,0.17,1.22,,,,,,,/1,,ramirne01
1351,Seranthony Domínguez,24,PHI,NL,27,0,0,24.2,7,2,5,0,0,1.000,,,0,0,2.55,1.61,0.26,1.58,,,,,,,1,,dominse01
1352,Stephen Tarpley,26,NYY,AL,21,1,0,24.2,4,2,2,0,1,1.000,,,0,0,1.46,1.20,0.19,1.21,,,,,,,1,,tarplst01
1353,Kevin Ginkel,25,ARI,NL,25,0,0,24.1,3,1,1,1,0,.667,,,0,0,0.74,1.59,0.08,1.58,,,,,,,1,,ginkeke01
1354,Jandel Gustave,26,SFG,NL,23,0,0,24.1,3,0,3,0,0,1.000,,,0,0,1.11,1.59,0.13,1.58,,,,,,,1,,gustaja01
1355,Hunter Strickland,30,2TM,2LG,28,0,0,24.1,2,2,0,0,0,1.000,,,0,0,0.74,1.52,0.07,1.53,,,,,,,1,,strichu01
1356,Hunter Strickland,30,SEA,AL,4,0,0,3.1,0,0,0,0,0,,,,0,0,0.00,1.08,0.00,1.20,,,,,,,/1,,strichu01
1357,Hunter Strickland,30,WSN,NL,24,0,0,21.0,2,2,0,0,0,1.000,,,0,0,0.86,1.59,0.08,1.58,,,,,,,1,,strichu01
1358,Yefry Ramírez,25,2TM,2LG,13,1,0,24.1,5,2,2,1,0,.800,,,-1,-8,1.48,1.44,0.31,1.46,,,,,,,1,,ramirye01
1359,Yefry Ramírez,25,BAL,AL,4,1,0,10.1,0,0,0,0,0,,,,-1,-19,0.00,1.22,0.00,1.20,,,,,,,/1,,ramirye01
1360,Yefry Ramírez,25,PIT,NL,9,0,0,14.0,5,2,2,1,0,.800,,,0,0,2.57,1.61,0.44,1.58,,,,,,,/1,,ramirye01
1361,Khris Davis,31,OAK,AL,4,4,1,24.0,3,3,0,0,0,1.000,-1,-30,1,50,1.13,2.14,0.75,2.13,,,,,,,*D/H7,,daviskh01
1362,Rubén Tejada,29,NYM,NL,6,2,1,24.0,9,4,5,0,1,1.000,0,20,0,0,3.38,3.53,1.50,3.50,,,,,,,/456H,,tejadru01
1363,Marco Estrada,35,OAK,AL,5,5,0,23.2,1,0,1,0,0,1.000,,,0,0,0.38,1.22,0.20,1.22,,,,,,,/1,,estrama01
1364,Drew Gagnon,29,NYM,NL,18,0,0,23.2,4,3,1,0,0,1.000,,,0,0,1.52,1.60,0.22,1.58,,,,,,,1,,gagnodr01
1365,Connor Sadzeck,27,SEA,AL,20,0,0,23.2,4,2,2,0,0,1.000,,,-1,-8,1.52,1.22,0.20,1.21,,,,,,,1,,sadzeco01
1366,Tyrone Taylor,25,MIL,NL,11,0,0,23.2,7,7,0,0,0,1.000,-1,-41,-1,-51,2.66,2.05,0.64,2.02,,,,,,,/9H8,,tayloty01
1367,Emmanuel Clase,21,TEX,AL,21,1,0,23.1,2,0,0,2,0,.000,,,-1,-9,0.00,1.23,0.00,1.21,,,,,,,1,,claseem01
1368,Zach Duke,36,CIN,NL,30,0,0,23.1,6,3,3,0,1,1.000,,,-1,-9,2.31,1.58,0.20,1.58,,,,,,,1,,dukeza01
1369,Matt Hall,25,DET,AL,16,0,0,23.1,1,0,1,0,0,1.000,,,-1,-9,0.39,1.23,0.06,1.21,,,,,,,1,,hallma02
1370,Tyler Heineman,28,MIA,NL,2,2,2,23.1,27,26,1,0,0,1.000,0,0,0,0,10.41,9.49,13.50,9.45,0,1,1,1,50.0,0,/H2,,heinety01
1371,Travis Lakins Sr.,25,BOS,AL,16,3,0,23.1,5,4,1,0,0,1.000,,,0,0,1.93,1.23,0.31,1.21,,,,,,,1,,lakintr01
1372,Cody Allen,30,LAA,AL,25,0,0,23.0,0,0,0,0,0,,,,0,0,0.00,1.21,0.00,1.21,,,,,,,1,,allenco01
1373,Andrés Muñoz,20,SDP,NL,22,0,0,23.0,1,0,1,0,1,1.000,,,0,0,0.39,1.60,0.05,1.58,,,,,,,1,,munozan01
1374,Sam Tuivailala,26,SEA,AL,23,2,0,23.0,1,0,0,1,0,.000,,,-1,-9,0.00,1.21,0.00,1.21,,,,,,,1,,tuivasa01
1375,Seby Zavala,25,CHW,AL,3,3,2,23.0,26,22,3,1,0,.962,0,0,0,0,9.78,9.31,8.33,9.27,0,0,1,1,50.0,0,/2H,,zavalse01
1376,Walker Lockett,25,NYM,NL,9,4,0,22.2,4,1,3,0,0,1.000,,,-1,-9,1.59,1.59,0.44,1.58,,,,,,,/1,,lockewa01
1377,T.J. Zeuch,23,TOR,AL,5,3,0,22.2,3,0,3,0,0,1.000,,,0,0,1.19,1.23,0.60,1.22,,,,,,,/1,,zeuchtj01
1378,Tanner Anderson,26,OAK,AL,5,5,0,22.1,6,3,3,0,0,1.000,,,-1,-9,2.42,1.21,1.20,1.22,,,,,,,/1H,,anderta01
1379,Kyle Dowdy,26,TEX,AL,13,1,0,22.1,4,3,1,0,0,1.000,,,0,0,1.61,1.21,0.31,1.21,,,,,,,1,,dowdyky01
1380,Matt Festa,26,SEA,AL,20,0,0,22.1,4,1,3,0,0,1.000,,,1,9,1.61,1.21,0.20,1.21,,,,,,,1,,festama01
1381,Heath Fillmyer,25,KCR,AL,12,3,0,22.1,3,0,3,0,0,1.000,,,0,0,1.21,1.21,0.25,1.21,,,,,,,1,,fillmhe01
1382,Tyler Bashlor,26,NYM,NL,24,0,0,22.0,0,0,0,0,0,,,,-1,-9,0.00,1.60,0.00,1.58,,,,,,,1,,bashlty01
1383,Skye Bolt,25,OAK,AL,4,2,2,22.0,10,10,0,0,0,1.000,-1,-55,0,0,4.09,2.13,2.50,2.13,,,,,,,/8H9,,boltsk01
1384,Logan Morrison,31,PHI,NL,3,2,1,22.0,14,14,0,0,2,1.000,0,-16,0,0,5.73,8.55,4.67,8.53,,,,,,,H/3D,,morrilo01
1385,Jimmy Nelson,30,MIL,NL,10,3,0,22.0,2,1,0,1,0,.500,,,0,0,0.41,1.60,0.10,1.58,,,,,,,1,,nelsoji02
1386,Pedro Payano,24,TEX,AL,6,4,0,22.0,2,0,2,0,1,1.000,,,0,0,0.82,1.23,0.33,1.22,,,,,,,/1,,payanpe01
1387,Raudy Read,25,WSN,NL,4,2,2,22.0,21,20,1,0,0,1.000,1,55,-1,-55,8.59,9.49,5.25,9.43,0,1,0,1,100.0,0,/2H,,readra01
1388,Bradley Zimmer,26,CLE,AL,5,2,1,22.0,5,5,0,0,0,1.000,-1,-55,0,0,2.05,2.13,1.00,2.12,,,,,,,/H98,,zimmebr01
1389,Parker Markel,28,2TM,2LG,20,0,0,22.0,2,1,1,0,0,1.000,,,0,0,0.82,1.51,0.10,1.49,,,,,,,1,,markepa01
1390,Parker Markel,28,SEA,AL,5,0,0,4.2,1,0,1,0,0,1.000,,,0,0,1.93,1.16,0.20,1.22,,,,,,,/1,,markepa01
1391,Parker Markel,28,PIT,NL,15,0,0,17.1,1,1,0,0,0,1.000,,,0,0,0.52,1.61,0.07,1.58,,,,,,,1,,markepa01
1392,Jason Adam,27,TOR,AL,23,0,0,21.2,6,3,2,1,1,.833,,,0,0,2.08,1.20,0.22,1.21,,,,,,,1,,adamja01
1393,Ryan Tepera,31,TOR,AL,23,1,0,21.2,5,0,4,1,0,.800,,,1,9,1.66,1.20,0.17,1.21,,,,,,,1,,teperry01
1394,Dan Winkler,29,ATL,NL,27,0,0,21.2,1,0,1,0,0,1.000,,,-1,-9,0.42,1.58,0.04,1.58,,,,,,,1,,winklda01
1395,JT Chargois,28,LAD,NL,21,0,0,21.1,2,2,0,0,0,1.000,,,-1,-9,0.84,1.60,0.10,1.58,,,,,,,1,,chargjt01
1396,Cy Sneed,26,HOU,AL,8,0,0,21.1,1,0,1,0,0,1.000,,,0,0,0.42,1.22,0.13,1.21,,,,,,,/1,,sneedcy01
1397,Burch Smith,29,2TM,NL,17,0,0,21.1,3,1,2,0,0,1.000,,,0,0,1.27,1.56,0.18,1.58,,,,,,,1,,smithbu03
1398,Burch Smith,29,MIL,NL,7,0,0,12.2,2,1,1,0,0,1.000,,,0,0,1.42,1.56,0.29,1.59,,,,,,,/1,,smithbu03
1399,Burch Smith,29,SFG,NL,10,0,0,8.2,1,0,1,0,0,1.000,,,0,0,1.04,1.56,0.10,1.58,,,,,,,1,,smithbu03
1400,Reggie McClain,26,SEA,AL,14,2,0,21.0,4,0,2,2,0,.500,,,0,0,0.86,1.20,0.14,1.21,,,,,,,1,,mcclare01
1401,Tony Sipp,35,WSN,NL,36,0,0,21.0,4,2,1,1,0,.750,,,1,10,1.29,1.59,0.08,1.58,,,,,,,1,,sippto01
1402,Eric Skoglund,26,KCR,AL,6,4,0,21.0,6,2,4,0,1,1.000,,,0,0,2.57,1.20,1.00,1.22,,,,,,,/1,,skogler01
1403,Dillon Tate,25,BAL,AL,16,0,0,21.0,2,0,2,0,0,1.000,,,0,0,0.86,1.20,0.13,1.21,,,,,,,1,,tatedi01
1404,Pete Fairbanks,25,2TM,AL,21,0,0,21.0,3,2,0,1,0,.667,,,-1,-10,0.86,1.24,0.10,1.21,,,,,,,1,,fairbpe01
1405,Pete Fairbanks,25,TEX,AL,8,0,0,8.2,1,1,0,0,0,1.000,,,0,0,1.04,1.25,0.13,1.21,,,,,,,/1,,fairbpe01
1406,Pete Fairbanks,25,TBR,AL,13,0,0,12.1,2,1,0,1,0,.500,,,-1,-16,0.73,1.24,0.08,1.21,,,,,,,1,,fairbpe01
1407,Tyler Anderson,29,COL,NL,5,5,0,20.2,3,2,1,0,0,1.000,,,-1,-10,1.31,1.61,0.60,1.58,,,,,,,/1,,anderty01
1408,Austin Davis,26,PHI,NL,14,0,0,20.2,3,1,2,0,0,1.000,,,0,0,1.31,1.61,0.21,1.58,,,,,,,1,,davisau01
1409,Craig Kimbrel,31,CHC,NL,23,0,0,20.2,1,0,1,0,0,1.000,,,0,0,0.44,1.61,0.04,1.58,,,,,,,1,,kimbrcr01
1410,Matt Koch,28,ARI,NL,9,0,0,20.2,3,2,1,0,0,1.000,,,0,0,1.31,1.61,0.33,1.58,,,,,,,/1,,kochma01
1411,Génesis Cabrera,22,STL,NL,13,2,0,20.1,3,0,3,0,0,1.000,,,0,0,1.33,1.59,0.23,1.58,,,,,,,1,,cabrege01
1412,Mike Shawaryn,24,BOS,AL,14,0,0,20.1,1,0,0,1,0,.000,,,-1,-10,0.00,1.24,0.00,1.21,,,,,,,1,,shawami01
1413,Buddy Boshers,31,TOR,AL,28,1,0,20.0,1,0,1,0,0,1.000,,,0,0,0.45,1.22,0.04,1.21,,,,,,,1,,boshebu01
1414,Richard Lovelady,23,KCR,AL,25,0,0,20.0,3,0,2,1,0,.667,,,0,0,0.90,1.22,0.08,1.21,,,,,,,1,,lovelri01
1415,Bryse Wilson,21,ATL,NL,6,4,0,20.0,3,0,3,0,0,1.000,,,0,0,1.35,1.58,0.50,1.58,,,,,,,/1,,wilsobr02
1416,Travis Bergen,25,SFG,NL,21,0,0,19.2,2,1,1,0,0,1.000,,,0,0,0.92,1.60,0.10,1.58,,,,,,,1,,bergetr01
1417,Ronald Bolaños,22,SDP,NL,5,3,0,19.2,2,2,0,0,0,1.000,,,0,0,0.92,1.60,0.40,1.58,,,,,,,/1,,bolanro01
1418,Ryan Burr,25,CHW,AL,16,1,0,19.2,4,1,3,0,0,1.000,,,1,10,1.83,1.24,0.25,1.21,,,,,,,1,,burrry01
1419,José Rodríguez,23,LAA,AL,9,1,0,19.2,3,1,2,0,1,1.000,,,0,0,1.37,1.24,0.33,1.21,,,,,,,/1,,rodrijo07
1420,Paul Sewald,29,NYM,NL,17,0,0,19.2,1,1,0,0,0,1.000,,,0,0,0.46,1.60,0.06,1.58,,,,,,,1,,sewalpa01
1421,Kyle Wright,23,ATL,NL,7,4,0,19.2,2,1,1,0,0,1.000,,,-1,-10,0.92,1.60,0.29,1.59,,,,,,,/1,,wrighky01
1422,Corbin Martin,23,HOU,AL,5,5,0,19.1,7,6,0,1,0,.857,,,0,0,2.79,1.21,1.20,1.22,,,,,,,/1,,martico02
1423,Josh Staumont,25,KCR,AL,16,0,0,19.1,3,1,2,0,0,1.000,,,0,0,1.40,1.21,0.19,1.21,,,,,,,1,,staumjo01
1424,J.D. Hammer,24,PHI,NL,20,0,0,19.0,2,0,2,0,0,1.000,,,0,0,0.95,1.61,0.10,1.58,,,,,,,1,,hammejd01
1425,Sam Howard,26,COL,NL,20,0,0,19.0,3,0,3,0,0,1.000,,,0,0,1.42,1.61,0.15,1.58,,,,,,,1,,howarsa01
1426,Mike Mayers,27,STL,NL,16,0,0,19.0,0,0,0,0,0,,,,-1,-11,0.00,1.61,0.00,1.58,,,,,,,1,,mayermi01
1427,Michael Reed,26,SFG,NL,4,2,0,19.0,3,2,1,0,0,1.000,-1,-51,-1,-63,1.42,2.04,0.75,2.03,,,,,,,/79,,reedmi02
1428,Chandler Shepherd,26,BAL,AL,5,3,0,19.0,2,1,1,0,0,1.000,,,0,0,0.95,1.23,0.40,1.22,,,,,,,/1,,shephch01
1429,Tyler Thornburg,30,BOS,AL,16,0,0,18.2,2,0,2,0,0,1.000,,,0,0,0.96,1.21,0.13,1.21,,,,,,,1,,thornty01
1430,Jake Faria,25,2TM,2LG,16,0,0,18.2,1,0,1,0,0,1.000,,,0,0,0.48,1.40,0.06,1.42,,,,,,,1,,fariaja01
1431,Jake Faria,25,TBR,AL,7,0,0,10.0,1,0,1,0,0,1.000,,,0,0,0.90,1.26,0.14,1.21,,,,,,,/1,,fariaja01
1432,Jake Faria,25,MIL,NL,9,0,0,8.2,0,0,0,0,0,,,,0,0,0.00,1.56,0.00,1.58,,,,,,,/1,,fariaja01
1433,Seunghwan Oh,36,COL,NL,21,0,0,18.1,4,1,3,0,0,1.000,,,0,0,1.96,1.57,0.19,1.58,,,,,,,1,,ohse01
1434,James Sherfy,27,ARI,NL,17,0,0,18.1,2,0,2,0,0,1.000,,,0,0,0.98,1.57,0.12,1.58,,,,,,,1,,sherfji01
1435,Brent Suter,29,MIL,NL,9,0,0,18.1,5,1,3,1,0,.800,,,1,11,1.96,1.57,0.44,1.58,,,,,,,/1,,suterbr01
1436,Kyle Zimmer,27,KCR,AL,15,0,0,18.1,1,0,1,0,0,1.000,,,0,0,0.49,1.23,0.07,1.21,,,,,,,1,,zimmeky01
1437,Rogelio Armenteros,25,HOU,AL,5,2,0,18.0,2,1,1,0,0,1.000,,,0,0,1.00,1.20,0.40,1.22,,,,,,,/1,,armenro01
1438,Wilkin Castillo,35,MIA,NL,2,2,2,18.0,20,20,0,0,0,1.000,0,0,-1,-67,10.00,9.50,10.00,9.45,0,1,0,0,,0,/2,,castiwi01
1439,Pat Neshek,38,PHI,NL,20,0,0,18.0,6,1,5,0,1,1.000,,,1,11,3.00,1.60,0.30,1.58,,,,,,,1,,neshepa01
1440,Zac Rosscup,31,3TM,2LG,28,0,0,18.0,4,1,3,0,0,1.000,,,1,11,2.00,1.25,0.14,1.30,,,,,,,1,,rosscza01
1441,Zac Rosscup,31,2TM,AL,21,0,0,15.0,4,1,3,0,0,1.000,,,1,13,2.40,1.20,0.19,1.21,,,,,,,1,,rosscza01
1442,Zac Rosscup,31,SEA,AL,19,0,0,14.0,4,1,3,0,0,1.000,,,1,14,2.57,1.22,0.21,1.21,,,,,,,1,,rosscza01
1443,Zac Rosscup,31,TOR,AL,2,0,0,1.0,0,0,0,0,0,,,,0,0,0.00,0.90,0.00,1.20,,,,,,,/1,,rosscza01
1444,Zac Rosscup,31,LAD,NL,7,0,0,3.0,0,0,0,0,0,,,,0,0,0.00,1.50,0.00,1.59,,,,,,,/1,,rosscza01
1445,Joe Harvey,27,2TM,2LG,18,0,0,18.0,1,0,1,0,0,1.000,,,-1,-11,0.50,1.40,0.06,1.39,,,,,,,1,,harvejo01
1446,Joe Harvey,27,NYY,AL,9,0,0,10.0,1,0,1,0,0,1.000,,,-1,-20,0.90,1.26,0.11,1.21,,,,,,,/1,,harvejo01
1447,Joe Harvey,27,COL,NL,9,0,0,8.0,0,0,0,0,0,,,,0,0,0.00,1.58,0.00,1.58,,,,,,,/1,,harvejo01
1448,Steven Baron,28,PIT,NL,5,2,1,17.2,14,12,0,2,0,.857,-1,-68,0,0,6.11,9.53,2.40,9.44,0,0,2,0,0.0,0,/2H,,baronst01
1449,Mike Dunn,34,COL,NL,28,0,0,17.2,1,0,1,0,0,1.000,,,0,0,0.51,1.58,0.04,1.58,,,,,,,1,,dunnmi01
1450,Tyler Rogers,28,SFG,NL,17,0,0,17.2,5,1,4,0,0,1.000,,,1,11,2.55,1.58,0.29,1.58,,,,,,,1,,rogerty01
1451,Scott Alexander,29,LAD,NL,28,0,0,17.1,6,2,3,1,0,.833,,,0,0,2.60,1.61,0.18,1.58,,,,,,,1,,alexasc02
1452,Montana DuRapau,27,PIT,NL,14,2,0,17.1,3,2,1,0,0,1.000,,,1,12,1.56,1.61,0.21,1.58,,,,,,,1,,durapmo01
1453,Zac Grotz,26,SEA,AL,14,0,0,17.1,1,0,1,0,0,1.000,,,0,0,0.52,1.19,0.07,1.21,,,,,,,1,,grotzza01
1454,James Marvel,25,PIT,NL,4,4,0,17.1,4,1,3,0,0,1.000,,,1,12,2.08,1.61,1.00,1.58,,,,,,,/1,,marveja01
1455,Deivy Grullón,23,PHI,NL,2,2,2,17.0,21,21,0,0,0,1.000,0,0,0,0,11.12,9.48,10.50,9.45,0,1,0,0,,0,/2HD,,grullde01
1456,Conner Menez,24,SFG,NL,8,3,0,17.0,3,2,1,0,0,1.000,,,0,0,1.59,1.59,0.38,1.58,,,,,,,/1H,,menezco01
1457,Jake Noll,25,WSN,NL,3,2,2,17.0,9,7,1,1,0,.889,-1,-35,0,0,4.24,5.72,2.67,6.50,,,,,,,/H35,,nollja01
1458,Carl Edwards Jr.,27,2TM,NL,22,0,0,17.0,4,2,2,0,0,1.000,,,1,12,2.12,1.59,0.18,1.58,,,,,,,1,,edwarca01
1459,Carl Edwards Jr.,27,CHC,NL,20,0,0,15.1,4,2,2,0,0,1.000,,,1,13,2.35,1.58,0.20,1.58,,,,,,,1,,edwarca01
1460,Carl Edwards Jr.,27,SDP,NL,2,0,0,1.2,0,0,0,0,0,,,,0,0,0.00,1.62,0.00,1.60,,,,,,,/1,,edwarca01
1461,Chasen Bradford,29,SEA,AL,12,0,0,16.2,5,2,3,0,1,1.000,,,0,0,2.70,1.24,0.42,1.21,,,,,,,1,,bradfch02
1462,Jonathan Hernández,22,TEX,AL,9,2,0,16.2,0,0,0,0,0,,,,0,0,0.00,1.24,0.00,1.21,,,,,,,/1,,hernajo02
1463,Joe Palumbo,24,TEX,AL,7,4,0,16.2,2,0,2,0,1,1.000,,,0,0,1.08,1.24,0.29,1.21,,,,,,,/1,,palumjo01
1464,Austin Adams,32,2TM,AL,15,0,0,16.2,4,1,3,0,0,1.000,,,1,12,2.16,1.24,0.27,1.21,,,,,,,1,,adamsau01
1465,Austin Adams,32,MIN,AL,2,0,0,2.2,0,0,0,0,0,,,,0,0,0.00,1.35,0.00,1.20,,,,,,,/1,,adamsau01
1466,Austin Adams,32,DET,AL,13,0,0,14.0,4,1,3,0,0,1.000,,,1,14,2.57,1.22,0.31,1.21,,,,,,,1,,adamsau01
1467,Trevor Hildenberger,28,MIN,AL,22,0,0,16.1,4,2,2,0,0,1.000,,,-1,-12,2.20,1.21,0.18,1.21,,,,,,,1,,hildetr01
1468,Chris Mazza,29,NYM,NL,9,0,0,16.1,3,1,2,0,0,1.000,,,1,12,1.65,1.60,0.33,1.58,,,,,,,/1,,mazzach01
1469,Sal Romano,25,CIN,NL,12,0,0,16.1,2,0,2,0,1,1.000,,,0,0,1.10,1.60,0.17,1.58,,,,,,,1/H,,romansa01
1470,Tayler Scott,27,2TM,AL,13,2,0,16.1,6,3,2,1,1,.833,,,0,0,2.76,1.21,0.38,1.22,,,,,,,1,,scottta02
1471,Tayler Scott,27,SEA,AL,5,2,0,7.2,2,1,0,1,0,.500,,,0,0,1.17,1.17,0.20,1.22,,,,,,,/1,,scottta02
1472,Tayler Scott,27,BAL,AL,8,0,0,8.2,4,2,2,0,1,1.000,,,0,0,4.15,1.25,0.50,1.21,,,,,,,/1,,scottta02
1473,Nick Ciuffo,24,TBR,AL,3,1,1,16.0,23,21,2,0,0,1.000,0,0,0,0,12.94,9.34,7.67,9.27,2,0,1,1,50.0,0,/2,,ciuffni01
1474,Johnny Cueto,33,SFG,NL,4,4,0,16.0,4,1,3,0,0,1.000,,,1,13,2.25,1.58,1.00,1.58,,,,,,,/1,,cuetojo01
1475,Kyle McGowin,27,WSN,NL,7,1,0,16.0,3,2,0,1,0,.667,,,-1,-13,1.13,1.58,0.29,1.59,,,,,,,/1,,mcgowky01
1476,Phillips Valdéz,27,TEX,AL,11,0,0,16.0,1,1,0,0,0,1.000,,,0,0,0.56,1.24,0.09,1.21,,,,,,,1,,valdeph01
1477,Edinson Vólquez,35,TEX,AL,11,4,0,16.0,3,3,0,0,1,1.000,,,-1,-13,1.69,1.24,0.27,1.21,,,,,,,1,,volqued01
1478,Aaron Wilkerson,30,MIL,NL,8,0,0,16.0,2,1,1,0,0,1.000,,,0,0,1.13,1.58,0.25,1.58,,,,,,,/1,,wilkeaa01
1479,Ray Black,29,2TM,NL,17,0,0,16.0,3,1,2,0,0,1.000,,,0,0,1.69,1.63,0.18,1.58,,,,,,,1,,blackra01
1480,Ray Black,29,SFG,NL,2,0,0,2.0,0,0,0,0,0,,,,0,0,0.00,1.80,0.00,1.60,,,,,,,/1,,blackra01
1481,Ray Black,29,MIL,NL,15,0,0,14.0,3,1,2,0,0,1.000,,,0,0,1.93,1.61,0.20,1.58,,,,,,,1,,blackra01
1482,Josh Lucas,28,BAL,AL,9,0,0,15.2,2,0,2,0,0,1.000,,,0,0,1.15,1.21,0.22,1.21,,,,,,,/1,,lucasjo02
1483,Justin Miller,32,WSN,NL,17,0,0,15.2,1,0,1,0,0,1.000,,,1,13,0.57,1.61,0.06,1.58,,,,,,,1,,milleju02
1484,R.J. Alaniz,28,2TM,2LG,12,0,0,15.2,5,2,2,1,0,.800,,,-1,-13,2.30,1.49,0.33,1.45,,,,,,,1,,alanirj01
1485,R.J. Alaniz,28,SEA,AL,4,0,0,4.0,1,0,1,0,0,1.000,,,0,0,2.25,1.13,0.25,1.20,,,,,,,/1,,alanirj01
1486,R.J. Alaniz,28,CIN,NL,8,0,0,11.2,4,2,1,1,0,.750,,,-1,-17,2.31,1.62,0.38,1.58,,,,,,,/1,,alanirj01
1487,Reed Garrett,26,DET,AL,13,0,0,15.1,0,0,0,0,0,,,,0,0,0.00,1.23,0.00,1.21,,,,,,,1,,garrere01
1488,Jeanmar Gómez,31,TEX,AL,16,0,0,15.1,0,0,0,0,0,,,,-1,-13,0.00,1.23,0.00,1.21,,,,,,,1,,gomezje01
1489,Jordan Romano,26,TOR,AL,17,0,0,15.1,5,3,2,0,1,1.000,,,0,0,2.93,1.23,0.29,1.21,,,,,,,1,,romanjo03
1490,Trevor Rosenthal,29,2TM,2LG,22,0,0,15.1,3,1,1,1,0,.667,,,0,0,1.17,1.35,0.09,1.41,,,,,,,1,,rosentr01
1491,Trevor Rosenthal,29,WSN,NL,12,0,0,6.1,1,1,0,0,0,1.000,,,0,0,1.42,1.56,0.08,1.58,,,,,,,1,,rosentr01
1492,Trevor Rosenthal,29,DET,AL,10,0,0,9.0,2,0,1,1,0,.500,,,0,0,1.00,1.20,0.10,1.21,,,,,,,1,,rosentr01
1493,Edubray Ramos,26,PHI,NL,20,0,0,15.0,1,0,1,0,0,1.000,,,-1,-13,0.60,1.62,0.05,1.58,,,,,,,1,,ramosed02
1494,Dan Altavilla,26,SEA,AL,17,0,0,14.2,4,0,4,0,0,1.000,,,0,0,2.45,1.23,0.24,1.21,,,,,,,1,,altavda01
1495,Taylor Williams,27,MIL,NL,10,0,0,14.2,7,4,3,0,0,1.000,,,0,0,4.30,1.60,0.70,1.58,,,,,,,1/H,,willita01
1496,Josh Rogers,24,BAL,AL,5,0,0,14.1,0,0,0,0,0,,,,0,0,0.00,1.19,0.00,1.22,,,,,,,/1,,rogerjo01
1497,Drew Steckenrider,28,MIA,NL,15,0,0,14.1,1,1,0,0,0,1.000,,,0,0,0.63,1.57,0.07,1.58,,,,,,,1,,steckdr01
1498,Ian Gibaut,25,2TM,AL,10,0,0,14.1,2,1,1,0,0,1.000,,,-1,-14,1.26,1.26,0.20,1.21,,,,,,,1,,gibauia01
1499,Ian Gibaut,25,TBR,AL,1,0,0,2.0,0,0,0,0,0,,,,0,0,0.00,1.35,0.00,1.20,,,,,,,/1,,gibauia01
1500,Ian Gibaut,25,TEX,AL,9,0,0,12.1,2,1,1,0,0,1.000,,,-1,-16,1.46,1.24,0.22,1.21,,,,,,,/1,,gibauia01
1501,Randy Rosario,25,2TM,2LG,19,0,0,14.1,4,1,3,0,0,1.000,,,0,0,2.51,1.51,0.21,1.46,,,,,,,1,,rosarra01
1502,Randy Rosario,25,CHC,NL,13,0,0,10.2,3,1,2,0,0,1.000,,,0,0,2.53,1.60,0.23,1.58,,,,,,,1,,rosarra01
1503,Randy Rosario,25,KCR,AL,6,0,0,3.2,1,0,1,0,0,1.000,,,0,0,2.45,1.23,0.17,1.22,,,,,,,/1,,rosarra01
1504,Abiatal Avelino,24,SFG,NL,2,2,1,14.0,6,3,3,0,1,1.000,0,9,0,0,3.86,3.09,3.00,2.90,,,,,,,/H67,,aveliab01
1505,Anthony Kay,24,TOR,AL,3,2,0,14.0,2,0,2,0,0,1.000,,,1,14,1.29,1.22,0.67,1.20,,,,,,,/1,,kayan01
1506,Fernando Romero,24,MIN,AL,15,0,0,14.0,2,1,1,0,0,1.000,,,0,0,1.29,1.22,0.13,1.21,,,,,,,1,,romerfe01
1507,Chris Flexen,24,NYM,NL,9,1,0,13.2,1,0,1,0,0,1.000,,,0,0,0.66,1.58,0.11,1.58,,,,,,,/1,,flexech01
1508,Nick Tropeano,28,LAA,AL,3,1,0,13.2,2,1,1,0,0,1.000,,,0,0,1.32,1.25,0.67,1.20,,,,,,,/1,,tropeni01
1509,Devin Williams,24,MIL,NL,13,0,0,13.2,0,0,0,0,0,,,,-1,-15,0.00,1.58,0.00,1.58,,,,,,,1,,willide03
1510,Odrisamer Despaigne,32,CHW,AL,3,3,0,13.1,0,0,0,0,0,,,,1,15,0.00,1.22,0.00,1.20,,,,,,,/1,,despaod01
1511,Luke Farrell,28,TEX,AL,9,1,0,13.1,1,0,1,0,0,1.000,,,0,0,0.68,1.22,0.11,1.21,,,,,,,/1,,farrelu01
1512,Ervin Santana,36,CHW,AL,3,3,0,13.1,2,2,0,0,0,1.000,,,0,0,1.35,1.22,0.67,1.20,,,,,,,/1,,santaer01
1513,Fernando Abad,33,SFG,NL,21,0,0,13.0,0,0,0,0,0,,,,0,0,0.00,1.59,0.00,1.58,,,,,,,1,,abadfe01
1514,John Schreiber,25,DET,AL,13,0,0,13.0,1,1,0,0,0,1.000,,,0,0,0.69,1.25,0.08,1.21,,,,,,,1,,schrejo01
1515,Yacksel Ríos,26,2TM,NL,14,0,0,13.0,3,1,1,1,0,.667,,,-1,-15,1.38,1.59,0.14,1.58,,,,,,,1,,riosya01
1516,Yacksel Ríos,26,PHI,NL,4,0,0,2.2,2,1,0,1,0,.500,,,-1,-75,3.38,1.69,0.25,1.58,,,,,,,/1,,riosya01
1517,Yacksel Ríos,26,PIT,NL,10,0,0,10.1,1,0,1,0,0,1.000,,,0,0,0.87,1.57,0.10,1.58,,,,,,,1,,riosya01
1518,Kyle Bird,26,TEX,AL,12,0,0,12.2,2,0,2,0,0,1.000,,,-1,-16,1.42,1.21,0.17,1.21,,,,,,,1,,birdky01
1519,Ryan Dull,29,3TM,AL,11,0,0,12.2,3,1,2,0,0,1.000,,,0,0,2.13,1.21,0.27,1.21,,,,,,,1,,dullry01
1520,Ryan Dull,29,OAK,AL,7,0,0,9.0,2,0,2,0,0,1.000,,,0,0,2.00,1.20,0.29,1.21,,,,,,,/1,,dullry01
1521,Ryan Dull,29,NYY,AL,3,0,0,2.1,1,1,0,0,0,1.000,,,0,0,3.86,1.16,0.33,1.20,,,,,,,/1,,dullry01
1522,Ryan Dull,29,TOR,AL,1,0,0,1.1,0,0,0,0,0,,,,0,0,0.00,1.35,0.00,1.20,,,,,,,/1,,dullry01
1523,Tyler Lyons,31,2TM,2LG,14,0,0,12.2,4,2,2,0,2,1.000,,,1,16,2.84,1.35,0.29,1.29,,,,,,,1,,lyonsty01
1524,Tyler Lyons,31,PIT,NL,3,0,0,4.0,1,0,1,0,1,1.000,,,1,50,2.25,1.58,0.33,1.57,,,,,,,/1,,lyonsty01
1525,Tyler Lyons,31,NYY,AL,11,0,0,8.2,3,2,1,0,1,1.000,,,0,0,3.12,1.25,0.27,1.21,,,,,,,1,,lyonsty01
1526,Josh D. Smith,29,2TM,2LG,14,0,0,12.2,1,0,1,0,0,1.000,,,0,0,0.71,1.35,0.07,1.37,,,,,,,1,,smithjo08
1527,Josh D. Smith,29,CLE,AL,8,0,0,8.1,1,0,1,0,0,1.000,,,0,0,1.08,1.19,0.13,1.21,,,,,,,/1,,smithjo08
1528,Josh D. Smith,29,MIA,NL,6,0,0,4.1,0,0,0,0,0,,,,0,0,0.00,1.66,0.00,1.58,,,,,,,/1,,smithjo08
1529,Adbert Alzolay,24,CHC,NL,4,2,0,12.1,4,2,1,1,0,.750,,,0,0,2.19,1.61,0.75,1.58,,,,,,,/1,,alzolad01
1530,Alex Cobb,31,BAL,AL,3,3,0,12.1,3,0,3,0,0,1.000,,,0,0,2.19,1.24,1.00,1.20,,,,,,,/1,,cobbal01
1531,Taylor Guilbeau,26,SEA,AL,17,0,0,12.1,4,1,2,1,0,.750,,,0,0,2.19,1.24,0.18,1.21,,,,,,,1,,guilbta01
1532,Grant Dayton,31,ATL,NL,14,0,0,12.0,1,0,1,0,0,1.000,,,0,0,0.75,1.58,0.07,1.58,,,,,,,1,,daytogr01
1533,Jesús Luzardo,21,OAK,AL,6,0,0,12.0,1,0,1,0,0,1.000,,,1,17,0.75,1.20,0.17,1.22,,,,,,,/1,,luzarje01
1534,Luis Severino,25,NYY,AL,3,3,0,12.0,3,0,2,1,0,.667,,,-1,-17,1.50,1.20,0.67,1.20,,,,,,,/1,,severlu01
1535,Chris Shaw,25,SFG,NL,4,1,0,12.0,5,4,1,0,0,1.000,-1,-70,-2,-200,3.75,8.55,1.25,8.53,,,,,,,H/3D,,shawch01
1536,Junior Fernández,22,STL,NL,13,0,0,11.2,1,0,0,1,0,.000,,,0,0,0.00,1.62,0.00,1.58,,,,,,,1,,fernaju01
1537,Dillon Maples,27,CHC,NL,14,0,0,11.2,5,2,3,0,0,1.000,,,1,17,3.86,1.62,0.36,1.58,,,,,,,1,,mapledi01
1538,Jacob Nottingham,24,MIL,NL,7,0,0,11.2,14,13,0,1,0,.929,0,0,-1,-103,10.03,9.33,1.86,9.30,0,1,0,0,,0,/2H3,,nottija01
1539,Bobby Poyner,26,BOS,AL,13,1,0,11.2,0,0,0,0,0,,,,0,0,0.00,1.23,0.00,1.21,,,,,,,1,,poynebo01
1540,Duane Underwood Jr.,24,CHC,NL,12,0,0,11.2,2,1,1,0,0,1.000,,,-1,-17,1.54,1.62,0.17,1.58,,,,,,,1,,underdu01
1541,Eric Yardley,28,SDP,NL,10,0,0,11.2,4,1,3,0,0,1.000,,,0,0,3.09,1.62,0.40,1.58,,,,,,,1,,yardler01
1542,A.J. Puk,24,OAK,AL,10,0,0,11.1,1,0,1,0,0,1.000,,,-1,-18,0.79,1.19,0.10,1.21,,,,,,,1,,pukaj01
1543,Alex Wilson,32,MIL,NL,13,0,0,11.1,2,0,2,0,0,1.000,,,1,18,1.59,1.59,0.15,1.58,,,,,,,1,,wilsoal01
1544,Ryan Eades,27,2TM,AL,8,0,0,11.1,1,0,1,0,0,1.000,,,0,0,0.79,1.19,0.13,1.21,,,,,,,/1,,eadesry01
1545,Ryan Eades,27,MIN,AL,2,0,0,3.2,0,0,0,0,0,,,,0,0,0.00,1.23,0.00,1.20,,,,,,,/1,,eadesry01
1546,Ryan Eades,27,BAL,AL,6,0,0,7.2,1,0,1,0,0,1.000,,,0,0,1.17,1.17,0.17,1.22,,,,,,,/1,,eadesry01
1547,David Bednar,24,SDP,NL,13,0,0,11.0,2,1,1,0,1,1.000,,,0,0,1.64,1.55,0.15,1.58,,,,,,,1,,bednada01
1548,Paul Blackburn,25,OAK,AL,4,1,0,11.0,5,1,4,0,0,1.000,,,0,0,4.09,1.23,1.25,1.20,,,,,,,/1,,blackpa01
1549,Enyel De Los Santos,23,PHI,NL,5,1,0,11.0,0,0,0,0,0,,,,0,0,0.00,1.55,0.00,1.58,,,,,,,/1,,delosen01
1550,Deven Marrero,28,MIA,NL,3,1,0,11.0,4,1,3,0,1,1.000,0,33,1,109,3.27,3.68,1.33,3.40,,,,,,,/H65,,marrede01
1551,Edmundo Sosa,23,STL,NL,4,1,1,11.0,2,1,1,0,0,1.000,0,-11,0,0,1.64,4.17,0.50,4.13,,,,,,,/H4,,sosaed01
1552,Allen Webster,29,CHC,NL,12,0,0,11.0,4,1,3,0,1,1.000,,,0,0,3.27,1.55,0.33,1.58,,,,,,,1,,webstal01
1553,Rookie Davis,26,PIT,NL,5,1,0,10.2,2,1,1,0,0,1.000,,,0,0,1.69,1.60,0.40,1.58,,,,,,,/1,,davisro03
1554,Eduardo Jiménez,24,DET,AL,8,0,0,10.2,2,1,0,1,0,.500,,,0,0,0.84,1.27,0.13,1.21,,,,,,,/1,,jimened01
1555,Kyle Keller,26,MIA,NL,10,0,0,10.2,0,0,0,0,0,,,,0,0,0.00,1.60,0.00,1.58,,,,,,,1,,kelleky01
1556,Robert Stock,29,SDP,NL,10,0,0,10.2,1,0,1,0,0,1.000,,,0,0,0.84,1.60,0.10,1.58,,,,,,,1,,stockro01
1557,Nate Jones,33,CHW,AL,13,0,0,10.1,1,0,1,0,1,1.000,,,0,0,0.87,1.22,0.08,1.21,,,,,,,1,,jonesna01
1558,James Pazos,28,COL,NL,12,0,0,10.1,4,0,4,0,0,1.000,,,1,19,3.48,1.57,0.33,1.58,,,,,,,1,,pazosja01
1559,Sam Selman,28,SFG,NL,10,0,0,10.1,3,2,1,0,0,1.000,,,0,0,2.61,1.57,0.30,1.58,,,,,,,1,,selmasa01
1560,Williams Jerez,27,2TM,NL,12,0,0,10.1,3,1,2,0,0,1.000,,,0,0,2.61,1.65,0.25,1.58,,,,,,,1,,jerezwi01
1561,Williams Jerez,27,SFG,NL,6,0,0,6.2,2,1,1,0,0,1.000,,,0,0,2.70,1.62,0.33,1.58,,,,,,,/1,,jerezwi01
1562,Williams Jerez,27,PIT,NL,6,0,0,3.2,1,0,1,0,0,1.000,,,0,0,2.45,1.72,0.17,1.58,,,,,,,/1,,jerezwi01
1563,Johnny Davis,29,TBR,AL,3,0,0,10.0,2,2,0,0,0,1.000,-1,-156,-1,-120,1.80,2.16,0.67,2.13,,,,,,,/H87,,davisjo06
1564,Matt Moore,30,DET,AL,2,2,0,10.0,4,0,3,1,0,.750,,,0,0,2.70,1.26,1.50,1.20,,,,,,,/1,,moorema02
1565,Harrison Musgrave,27,COL,NL,10,0,0,10.0,4,3,1,0,0,1.000,,,0,0,3.60,1.62,0.40,1.58,,,,,,,1,,musgrha01
1566,Ichiro Suzuki,45,SEA,AL,2,2,0,10.0,3,3,0,0,0,1.000,0,-48,1,120,2.70,2.16,1.50,2.10,,,,,,,/9,,suzukic01
1567,Matt Carasiti,27,SEA,AL,11,5,0,9.2,1,0,1,0,0,1.000,,,0,0,0.93,1.21,0.09,1.21,,,,,,,1,,carasma01
1568,Brusdar Graterol,20,MIN,AL,10,0,0,9.2,3,1,2,0,0,1.000,,,0,0,2.79,1.21,0.30,1.21,,,,,,,1,,gratebr01
1569,Joel Kuhnel,24,CIN,NL,11,0,0,9.2,0,0,0,0,0,,,,0,0,0.00,1.58,0.00,1.58,,,,,,,1,,kuhnejo01
1570,Brian Schlitter,33,OAK,AL,6,0,0,9.2,1,0,1,0,0,1.000,,,0,0,0.93,1.21,0.17,1.22,,,,,,,/1,,schlibr01
1571,Shane Carle,27,ATL,NL,6,0,0,9.1,1,1,0,0,0,1.000,,,-1,-21,0.96,1.54,0.17,1.58,,,,,,,/1,,carlesh01
1572,Miguel Del Pozo,26,LAA,AL,17,0,0,9.1,1,1,0,0,0,1.000,,,-1,-21,0.96,1.25,0.06,1.21,,,,,,,1,,delpomi01
1573,Dovydas Neverauskas,26,PIT,NL,10,0,0,9.1,2,1,1,0,0,1.000,,,0,0,1.93,1.54,0.20,1.58,,,,,,,1,,neverdo01
1574,James Norwood,25,CHC,NL,9,0,0,9.1,1,0,1,0,0,1.000,,,0,0,0.96,1.54,0.11,1.58,,,,,,,/1,,norwoja01
1575,Jeremy Walker,24,ATL,NL,6,0,0,9.1,1,0,1,0,0,1.000,,,0,0,0.96,1.54,0.17,1.58,,,,,,,/1,,walkeje02
1576,Gerson Bautista,24,SEA,AL,8,2,0,9.0,0,0,0,0,0,,,,0,0,0.00,1.20,0.00,1.21,,,,,,,/1,,bautige01
1577,David Freitas,30,SEA,AL,1,1,1,9.0,8,8,0,0,0,1.000,0,0,0,0,8.00,9.30,8.00,9.30,0,0,2,0,0.0,0,/2,,freitda01
1578,Cionel Pérez,23,HOU,AL,5,0,0,9.0,1,0,1,0,0,1.000,,,0,0,1.00,1.20,0.20,1.22,,,,,,,/1,,perezci01
1579,Josh Sborz,25,LAD,NL,7,0,0,9.0,2,2,0,0,0,1.000,,,0,0,2.00,1.60,0.29,1.59,,,,,,,/1,,sborzjo01
1580,Bryan Abreu,22,HOU,AL,7,0,0,8.2,4,2,2,0,0,1.000,,,0,0,4.15,1.25,0.57,1.21,,,,,,,/1,,abreubr01
1581,Cody Anderson,28,CLE,AL,5,2,0,8.2,1,0,1,0,0,1.000,,,0,0,1.04,1.25,0.20,1.22,,,,,,,/1,,anderco01
1582,Nick Burdi,26,PIT,NL,11,0,0,8.2,0,0,0,0,0,,,,0,0,0.00,1.56,0.00,1.58,,,,,,,1,,burdini01
1583,Tim Collins,29,CHC,NL,9,0,0,8.2,1,0,1,0,0,1.000,,,0,0,1.04,1.56,0.11,1.58,,,,,,,/1,,colliti01
1584,Javy Guerra,23,SDP,NL,8,0,0,8.2,3,1,2,0,0,1.000,,,1,23,3.12,1.56,0.38,1.58,,,,,,,/1,,guerrja02
1585,Garrett Richards,31,SDP,NL,3,3,0,8.2,1,0,1,0,0,1.000,,,0,0,1.04,1.56,0.33,1.57,,,,,,,/1,,richaga01
1586,Daniel Zamora,26,NYM,NL,17,0,0,8.2,0,0,0,0,0,,,,0,0,0.00,1.56,0.00,1.58,,,,,,,1,,zamorda01
1587,James Hoyt,32,CLE,AL,8,0,0,8.1,0,0,0,0,0,,,,0,0,0.00,1.19,0.00,1.21,,,,,,,/1,,hoytja01
1588,Trevor Kelley,26,BOS,AL,10,0,0,8.1,1,0,1,0,0,1.000,,,0,0,1.08,1.19,0.10,1.21,,,,,,,1,,kelletr01
1589,Sean Poppen,25,MIN,AL,4,0,0,8.1,0,0,0,0,0,,,,-1,-24,0.00,1.19,0.00,1.20,,,,,,,/1,,poppese01
1590,Jim Adduci,34,CHC,NL,1,1,1,8.0,5,5,0,0,0,1.000,1,120,1,150,5.63,2.03,5.00,2.00,,,,,,,/9H,,adducji02
1591,Jon Edwards,31,CLE,AL,9,0,0,8.0,1,1,0,0,0,1.000,,,0,0,1.13,1.24,0.11,1.21,,,,,,,/1,,edwarjo02
1592,Drew Jackson,25,BAL,AL,3,1,0,8.0,3,3,0,0,0,1.000,0,-45,0,0,3.38,2.14,1.00,2.13,,,,,,,/8H7,,jacksdr01
1593,Adrián Morejón,20,SDP,NL,5,2,0,8.0,3,1,2,0,0,1.000,,,0,0,3.38,1.58,0.60,1.58,,,,,,,/1,,morejad01
1594,Jake Petricka,31,MIL,NL,6,0,0,8.0,2,2,0,0,0,1.000,,,0,0,2.25,1.58,0.33,1.58,,,,,,,/1,,petrija01
1595,JC Ramírez,30,LAA,AL,5,0,0,8.0,2,1,1,0,0,1.000,,,0,0,2.25,1.24,0.40,1.22,,,,,,,/1,,ramirjc01
1596,Jonny Venters,34,2TM,NL,12,0,0,8.0,0,0,0,0,0,,,,0,0,0.00,1.58,0.00,1.58,,,,,,,1,,ventejo01
1597,Jonny Venters,34,ATL,NL,9,0,0,4.2,0,0,0,0,0,,,,0,0,0.00,1.54,0.00,1.58,,,,,,,/1,,ventejo01
1598,Jonny Venters,34,WSN,NL,3,0,0,3.1,0,0,0,0,0,,,,0,0,0.00,1.62,0.00,1.57,,,,,,,/1,,ventejo01
1599,Keynan Middleton,25,LAA,AL,11,0,0,7.2,0,0,0,0,0,,,,-1,-26,0.00,1.17,0.00,1.21,,,,,,,1,,middlke01
1600,Donnie Hart,28,2TM,NL,5,0,0,7.2,1,0,1,0,0,1.000,,,0,0,1.17,1.64,0.20,1.58,,,,,,,/1,,hartdo01
1601,Donnie Hart,28,MIL,NL,4,0,0,6.2,1,0,1,0,0,1.000,,,0,0,1.35,1.62,0.25,1.58,,,,,,,/1,,hartdo01
1602,Donnie Hart,28,NYM,NL,1,0,0,1.0,0,0,0,0,0,,,,0,0,0.00,1.80,0.00,1.60,,,,,,,/1,,hartdo01
1603,Phillip Diehl,24,COL,NL,10,0,0,7.1,0,0,0,0,0,,,,0,0,0.00,1.60,0.00,1.58,,,,,,,1,,diehlph01
1604,Ben Heller,27,NYY,AL,6,0,0,7.1,0,0,0,0,0,,,,0,0,0.00,1.23,0.00,1.22,,,,,,,/1,,hellebe01
1605,Tim Peterson,28,NYM,NL,6,0,0,7.1,0,0,0,0,0,,,,0,0,0.00,1.60,0.00,1.58,,,,,,,/1,,peterti01
1606,Brooks Pounders,28,NYM,NL,7,0,0,7.1,2,0,2,0,0,1.000,,,0,0,2.45,1.60,0.29,1.59,,,,,,,/1,,poundbr01
1607,Robby Scott,29,ARI,NL,11,0,0,7.1,0,0,0,0,0,,,,-1,-27,0.00,1.60,0.00,1.58,,,,,,,1,,scottro02
1608,Gabe Speier,24,KCR,AL,9,0,0,7.1,2,0,2,0,0,1.000,,,0,0,2.45,1.23,0.22,1.21,,,,,,,/1,,speiega01
1609,Cole Sulser,29,TBR,AL,7,0,0,7.1,1,0,1,0,0,1.000,,,0,0,1.23,1.23,0.14,1.21,,,,,,,/1,,sulseco01
1610,Thyago Vieira,26,CHW,AL,6,0,0,7.0,2,0,1,1,1,.500,,,0,0,1.29,1.16,0.17,1.22,,,,,,,/1,,vieirth01
1611,Ryan Borucki,25,TOR,AL,2,2,0,6.2,0,0,0,0,0,,,,0,0,0.00,1.22,0.00,1.20,,,,,,,/1,,borucry01
1612,Justin Dunn,23,SEA,AL,4,4,0,6.2,1,0,1,0,0,1.000,,,-1,-30,1.35,1.22,0.25,1.20,,,,,,,/1,,dunnju01
1613,Bryan Garcia,24,DET,AL,7,0,0,6.2,1,1,0,0,0,1.000,,,0,0,1.35,1.22,0.14,1.21,,,,,,,/1,,garcibr01
1614,Stephen Nogosek,24,NYM,NL,7,0,0,6.2,1,1,0,0,0,1.000,,,0,0,1.35,1.62,0.14,1.59,,,,,,,/1,,nogosst01
1615,Corey Oswalt,25,NYM,NL,2,0,0,6.2,0,0,0,0,0,,,,0,0,0.00,1.62,0.00,1.60,,,,,,,/1,,oswalco01
1616,David Robertson,34,PHI,NL,7,0,0,6.2,1,1,0,0,0,1.000,,,0,0,1.35,1.62,0.14,1.59,,,,,,,/1,,roberda08
1617,Locke St. John,26,TEX,AL,7,0,0,6.2,1,1,0,0,0,1.000,,,0,0,1.35,1.22,0.14,1.21,,,,,,,/1,,stjohlo01
1618,Miguel Díaz,24,SDP,NL,5,0,0,6.1,0,0,0,0,0,,,,0,0,0.00,1.56,0.00,1.58,,,,,,,/1,,diazmi02
1619,Hunter Harvey,24,BAL,AL,7,0,0,6.1,1,0,1,0,0,1.000,,,0,0,1.42,1.28,0.14,1.21,,,,,,,/1,,harvehu01
1620,Jimmy Herget,25,CIN,NL,5,0,0,6.1,1,1,0,0,0,1.000,,,0,0,1.42,1.56,0.20,1.58,,,,,,,/1,,hergeji01
1621,Brian Moran,30,MIA,NL,10,0,0,6.1,1,0,1,0,0,1.000,,,0,0,1.42,1.56,0.10,1.58,,,,,,,1,,moranbr01
1622,Cody Reed,26,CIN,NL,3,0,0,6.1,0,0,0,0,0,,,,0,0,0.00,1.56,0.00,1.57,,,,,,,/1,,reedco01
1623,Jacob Rhame,26,NYM,NL,5,0,0,6.1,2,0,2,0,0,1.000,,,0,0,2.84,1.56,0.40,1.58,,,,,,,/1,,rhameja01
1624,Steven Wright,34,BOS,AL,6,0,0,6.1,1,0,1,0,0,1.000,,,0,0,1.42,1.28,0.17,1.22,,,,,,,/1,,wrighst01
1625,Drew Anderson,25,PHI,NL,2,0,0,6.0,1,0,1,0,0,1.000,,,0,0,1.50,1.65,0.50,1.60,,,,,,,/1,,anderdr02
1626,Rico Garcia,25,COL,NL,2,1,0,6.0,0,0,0,0,0,,,,0,0,0.00,1.65,0.00,1.60,,,,,,,/1,,garciri01
1627,Carlos Torres,36,DET,AL,4,0,0,6.0,0,0,0,0,0,,,,0,0,0.00,1.20,0.00,1.20,,,,,,,/1,,torreca01
1628,Luis Escobar,23,PIT,NL,4,0,0,5.2,2,0,2,0,0,1.000,,,0,0,3.18,1.59,0.50,1.58,,,,,,,/1,,escoblu01
1629,Ryan Feierabend,33,TOR,AL,2,1,1,5.2,1,0,1,0,0,1.000,,,-1,-35,1.59,1.27,0.50,1.20,,,,,,,/1,,feierry01
1630,Luke Gregerson,35,STL,NL,6,0,0,5.2,1,0,1,0,0,1.000,,,0,0,1.59,1.59,0.17,1.58,,,,,,,/1,,gregelu01
1631,Wei-Chieh Huang,25,TEX,AL,4,0,0,5.2,1,1,0,0,0,1.000,,,-1,-35,1.59,1.27,0.25,1.20,,,,,,,/1,,huangwe01
1632,Pedro Avila,22,SDP,NL,1,1,0,5.1,1,1,0,0,0,1.000,,,0,0,1.69,1.52,1.00,1.60,,,,,,,/1,,avilape01
1633,Enderson Franco,26,SFG,NL,5,0,0,5.1,1,1,0,0,0,1.000,,,-1,-38,1.69,1.52,0.20,1.58,,,,,,,/1,,francen01
1634,Reymin Guduan,27,HOU,AL,7,0,0,5.1,0,0,0,0,0,,,,0,0,0.00,1.18,0.00,1.21,,,,,,,/1,,guduare01
1635,Tommy Hunter,32,PHI,NL,5,0,0,5.1,2,2,0,0,0,1.000,,,0,0,3.38,1.52,0.40,1.58,,,,,,,/1,,hunteto02
1636,James Karinchak,23,CLE,AL,5,0,0,5.1,1,0,0,1,0,.000,,,-1,-38,0.00,1.18,0.00,1.22,,,,,,,/1,,karinja01
1637,Nate Karns,31,BAL,AL,4,2,0,5.1,3,0,3,0,1,1.000,,,1,38,5.06,1.18,0.75,1.20,,,,,,,/1,,karnsna01
1638,Darren O'Day,36,ATL,NL,8,0,0,5.1,0,0,0,0,0,,,,0,0,0.00,1.52,0.00,1.58,,,,,,,/1,,odayda01
1639,Drew Robinson,27,STL,NL,2,0,0,5.1,2,2,0,0,0,1.000,0,45,0,0,3.38,2.03,1.00,2.00,,,,,,,/H89,,robindr01
1640,Art Warren,26,SEA,AL,6,0,0,5.1,0,0,0,0,0,,,,0,0,0.00,1.18,0.00,1.22,,,,,,,/1,,warrear01
1641,Michael Blazek,30,WSN,NL,4,0,0,5.0,0,0,0,0,0,,,,0,0,0.00,1.62,0.00,1.58,,,,,,,/1,,blazemi01
1642,Sam Haggerty,25,NYM,NL,2,0,0,5.0,0,0,0,0,0,,-1,-168,0,0,0.00,2.52,0.00,3.05,,,,,,,H/49,,haggesa01
1643,Brady Rodgers,28,HOU,AL,3,0,0,5.0,0,0,0,0,0,,,,0,0,0.00,1.26,0.00,1.20,,,,,,,/1,,rodgebr01
1644,Dennis Santana,23,LAD,NL,3,0,0,5.0,0,0,0,0,0,,,,0,0,0.00,1.62,0.00,1.57,,,,,,,/1,,santade01
1645,Jaime Schultz,28,LAD,NL,4,0,0,5.0,0,0,0,0,0,,,,0,0,0.00,1.62,0.00,1.58,,,,,,,/1,,schulja02
1646,Víctor Arano,24,PHI,NL,3,0,0,4.2,0,0,0,0,0,,,,0,0,0.00,1.54,0.00,1.57,,,,,,,/1,,aranovi01
1647,Jesse Hahn,29,KCR,AL,6,0,0,4.2,0,0,0,0,0,,,,0,0,0.00,1.16,0.00,1.22,,,,,,,/1,,hahnje01
1648,Dan Jennings,32,WSN,NL,8,0,0,4.2,1,0,1,0,0,1.000,,,-1,-43,1.93,1.54,0.13,1.58,,,,,,,/1,,jennida01
1649,Yohander Méndez,24,TEX,AL,3,0,0,4.2,2,0,2,0,0,1.000,,,1,43,3.86,1.16,0.67,1.20,,,,,,,/1,,mendeyo01
1650,Andrew Moore,25,SEA,AL,1,1,0,4.2,0,0,0,0,0,,,,0,0,0.00,1.16,0.00,1.20,,,,,,,/1,,moorean02
1651,Matt Wotherspoon,27,BAL,AL,2,0,0,4.2,2,1,1,0,0,1.000,,,0,0,3.86,1.16,1.00,1.20,,,,,,,/1,,wothema01
1652,Anthony Banda,25,TBR,AL,3,0,0,4.0,0,0,0,0,0,,,,0,0,0.00,1.13,0.00,1.20,,,,,,,/1,,bandaan01
1653,José De León,26,TBR,AL,3,0,0,4.0,0,0,0,0,0,,,,0,0,0.00,1.13,0.00,1.20,,,,,,,/1,,deleojo03
1654,Jordan Montgomery,26,NYY,AL,2,1,0,4.0,0,0,0,0,0,,,,0,0,0.00,1.13,0.00,1.20,,,,,,,/1,,montgjo01
1655,Joel Payamps,25,ARI,NL,2,0,0,4.0,0,0,0,0,0,,,,0,0,0.00,1.58,0.00,1.60,,,,,,,/1,,payamjo01
1656,Danny Salazar,29,CLE,AL,1,1,0,4.0,0,0,0,0,0,,,,0,0,0.00,1.13,0.00,1.20,,,,,,,/1,,salazda01
1657,Arodys Vizcaíno,28,ATL,NL,4,0,0,4.0,0,0,0,0,0,,,,0,0,0.00,1.58,0.00,1.58,,,,,,,/1,,vizcaar01
1658,Jake Barrett,27,NYY,AL,2,0,0,3.2,0,0,0,0,0,,,,0,0,0.00,1.23,0.00,1.20,,,,,,,/1,,barreja01
1659,Christian Colón,30,CIN,NL,3,0,0,3.2,1,0,1,0,0,1.000,0,0,0,0,2.45,4.17,0.33,4.13,,,,,,,/H4,,colonch01
1660,José Fernández,26,DET,AL,4,0,0,3.2,2,1,1,0,0,1.000,,,0,0,4.91,1.23,0.50,1.20,,,,,,,/1,,fernajo04
1661,Keury Mella,25,CIN,NL,2,0,0,3.2,0,0,0,0,0,,,,0,0,0.00,1.72,0.00,1.60,,,,,,,/1,,mellake01
1662,Hoby Milner,28,TBR,AL,4,0,0,3.2,0,0,0,0,0,,,,0,0,0.00,1.23,0.00,1.20,,,,,,,/1,,milneho01
1663,David Carpenter,33,TEX,AL,4,0,0,3.1,1,1,0,0,0,1.000,,,0,0,2.70,1.08,0.25,1.20,,,,,,,/1,,carpeda01
1664,Danny Hultzen,29,CHC,NL,6,0,0,3.1,2,0,1,1,0,.500,,,0,0,2.70,1.62,0.17,1.58,,,,,,,/1,,hultzda01
1665,Aaron Loup,31,SDP,NL,4,0,0,3.1,2,0,2,0,0,1.000,,,0,0,5.40,1.62,0.50,1.58,,,,,,,/1,,loupaa01
1666,Luis Ortiz,23,BAL,AL,1,1,0,3.1,1,1,0,0,0,1.000,,,0,0,2.70,1.08,1.00,1.20,,,,,,,/1,,ortizlu02
1667,Pat Venditte,34,SFG,NL,2,0,0,3.1,1,1,0,0,0,1.000,,,0,0,2.70,1.62,0.50,1.60,,,,,,,/1,,vendipa01
1668,Noel Cuevas,27,COL,NL,1,1,0,3.0,0,0,0,0,0,,0,0,0,0,0.00,2.10,0.00,2.00,,,,,,,/7,,cuevano01
1669,Ryan Garton,29,SEA,AL,2,0,0,3.0,1,1,0,0,0,1.000,,,0,0,3.00,1.20,0.50,1.20,,,,,,,/1,,gartory01
1670,Joe Mantiply,28,NYY,AL,1,0,0,3.0,3,2,1,0,0,1.000,,,0,0,9.00,1.20,3.00,1.20,,,,,,,/1,,mantijo01
1671,Erasmo Ramírez,29,BOS,AL,1,0,0,3.0,2,0,2,0,0,1.000,,,0,0,6.00,1.20,2.00,1.20,,,,,,,/1,,ramirer02
1672,Alex Reyes,24,STL,NL,4,0,0,3.0,0,0,0,0,0,,,,0,0,0.00,1.50,0.00,1.58,,,,,,,/1,,reyesal02
1673,Aaron Slegers,26,TBR,AL,1,0,0,3.0,0,0,0,0,0,,,,0,0,0.00,1.20,0.00,1.20,,,,,,,/1,,slegeaa01
1674,Huascar Ynoa,21,ATL,NL,2,0,0,3.0,2,1,1,0,0,1.000,,,0,0,6.00,1.50,1.00,1.60,,,,,,,/1,,ynoahu01
1675,Caleb Frare,25,CHW,AL,5,0,0,2.2,0,0,0,0,0,,,,0,0,0.00,1.35,0.00,1.22,,,,,,,/1,,frareca01
1676,Brady Lail,25,NYY,AL,1,0,0,2.2,1,0,1,0,0,1.000,,,0,0,3.38,1.35,1.00,1.20,,,,,,,/1,,lailbr01
1677,Fernando Salas,34,PHI,NL,3,0,0,2.2,0,0,0,0,0,,,,0,0,0.00,1.69,0.00,1.57,,,,,,,/1,,salasfe01
1678,Aaron Barrett,31,WSN,NL,3,0,0,2.1,0,0,0,0,0,,,,0,0,0.00,1.54,0.00,1.57,,,,,,,/1,,barreaa01
1679,John Curtiss,26,LAA,AL,1,0,0,2.1,1,0,1,0,0,1.000,,,0,0,3.86,1.16,1.00,1.20,,,,,,,/1,,curtijo02
1680,Sean Gilmartin,29,BAL,AL,1,1,0,2.1,1,0,1,0,0,1.000,,,0,0,3.86,1.16,1.00,1.20,,,,,,,/1,,gilmase01
1681,Ricardo Pinto,25,TBR,AL,2,0,0,2.1,2,1,1,0,0,1.000,,,0,0,7.71,1.16,1.00,1.20,,,,,,,/1,,pintori01
1682,Tres Barrera,24,WSN,NL,1,0,0,2.0,0,0,0,0,0,,0,0,0,0,0.00,9.45,0.00,9.40,0,0,0,0,,0,/2H,,barretr01
1683,Xavier Cedeño,32,CHC,NL,5,0,0,2.0,1,0,1,0,0,1.000,,,0,0,4.50,1.80,0.20,1.58,,,,,,,/1,,cedenxa01
1684,Sam Freeman,32,LAA,AL,1,0,0,2.0,0,0,0,0,0,,,,0,0,0.00,1.35,0.00,1.20,,,,,,,/1,,freemsa01
1685,Michael King,24,NYY,AL,1,0,0,2.0,1,0,0,1,0,.000,,,-1,-100,0.00,1.35,0.00,1.20,,,,,,,/1,,kingmi01
1686,Adonis Rosa,24,NYY,AL,1,0,0,2.0,1,1,0,0,0,1.000,,,0,0,4.50,1.35,1.00,1.20,,,,,,,/1,,rosaad01
1687,Chasen Shreve,28,STL,NL,3,0,0,2.0,0,0,0,0,0,,,,0,0,0.00,1.80,0.00,1.57,,,,,,,/1,,shrevch01
1688,Jorge Alcala,23,MIN,AL,2,0,0,1.2,0,0,0,0,0,,,,0,0,0.00,1.08,0.00,1.20,,,,,,,/1,,alcaljo01
1689,Tony Barnette,35,CHC,NL,2,0,0,1.1,0,0,0,0,0,,,,0,0,0.00,1.35,0.00,1.60,,,,,,,/1,,barneto01
1690,Ryan O'Rourke,31,NYM,NL,2,0,0,1.1,0,0,0,0,0,,,,0,0,0.00,1.35,0.00,1.60,,,,,,,/1,,orourry01
1691,Nick Rumbelow,27,SEA,AL,3,0,0,1.1,0,0,0,0,0,,,,0,0,0.00,1.35,0.00,1.20,,,,,,,/1,,rumbeni01
1692,Sandy Báez,25,DET,AL,1,0,0,1.0,0,0,0,0,0,,,,0,0,0.00,0.90,0.00,1.20,,,,,,,/1,,baezsa01
1693,Chase De Jong,25,MIN,AL,1,0,0,1.0,0,0,0,0,0,,,,0,0,0.00,0.90,0.00,1.20,,,,,,,/1,,dejonch01
1694,Chris Ellis,26,KCR,AL,1,0,0,1.0,0,0,0,0,0,,,,0,0,0.00,0.90,0.00,1.20,,,,,,,/1,,ellisch01
1695,Ben Lively,27,KCR,AL,1,0,0,1.0,0,0,0,0,0,,,,0,0,0.00,0.90,0.00,1.20,,,,,,,/1,,livelbe01
1696,Matt Ramsey,29,LAA,AL,1,0,0,1.0,0,0,0,0,0,,,,0,0,0.00,0.90,0.00,1.20,,,,,,,/1,,ramsema01
1697,Chris Rusin,32,COL,NL,2,0,0,1.0,0,0,0,0,0,,,,0,0,0.00,1.80,0.00,1.60,,,,,,,/1,,rusinch01
1698,Taijuan Walker,26,ARI,NL,1,1,0,1.0,0,0,0,0,0,,,,0,0,0.00,1.80,0.00,1.60,,,,,,,/1,,walketa01
1699,Pedro Araújo,25,BAL,AL,1,0,0,0.2,0,0,0,0,0,,,,0,0,0.00,1.35,0.00,1.20,,,,,,,/1,,araujpe01
1700,Dellin Betances,31,NYY,AL,1,0,0,0.2,0,0,0,0,0,,,,0,0,0.00,1.35,0.00,1.20,,,,,,,/1,,betande01
1701,James Bourque,25,WSN,NL,1,0,0,0.2,0,0,0,0,0,,,,0,0,0.00,1.35,0.00,1.60,,,,,,,/1,,bourqja01
1702,José Castillo,23,SDP,NL,1,0,0,0.2,0,0,0,0,0,,,,0,0,0.00,1.35,0.00,1.60,,,,,,,/1,,castijo03
1703,Yennsy Díaz,22,TOR,AL,1,0,0,0.2,1,0,1,0,0,1.000,,,0,0,13.50,1.35,1.00,1.20,,,,,,,/1,,diazye01
1704,Deolis Guerra,30,MIL,NL,1,0,0,0.2,0,0,0,0,0,,,,0,0,0.00,1.35,0.00,1.60,,,,,,,/1,,guerrde01
1705,Taylor Hearn,24,TEX,AL,1,1,0,0.1,0,0,0,0,0,,,,0,0,0.00,0.00,0.00,1.20,,,,,,,/1,,hearnta01
1706,Austen Williams,26,WSN,NL,2,0,0,0.1,0,0,0,0,0,,,,0,0,0.00,2.70,0.00,1.60,,,,,,,/1,,williau01
1707,Andrew Vasquez,25,MIN,AL,1,0,0,0.0,0,0,0,0,0,,,,0,,,,0.00,1.20,,,,,,,/1,,vasquan02
,MLB Average,,,,,,,,,,,,,.984,,0,,0,4.01,,2.63,,,,,,26.7,,,,-9999