Rk,Player,Age,Team,Lg,G,GS,CG,Inn,Ch,PO,A,E,DP,Fld%,Rtot,Rtot/yr,Rdrs,Rdrs/yr,RF/9,lgRF9,RF/G,lgRFG,PB,WP,SB,CS,CS%,Pick,Pos,Awards,-9999
1,Anthony Rizzo,25,CHC,NL,160,160,154,1430.1,1465,1330,126,9,102,.994,7,6,11,9,9.16,9.30,9.10,9.23,,,,,,,*3,ASMVP-4,rizzoan01
2,Kyle Seager,27,SEA,AL,160,159,150,1423.0,463,94,353,16,37,.965,13,11,11,9,2.83,2.64,2.78,2.63,,,,,,,*5/6H,,seageky01
3,Manny Machado,22,BAL,AL,162,162,152,1420.2,509,136,352,21,41,.959,5,4,15,13,3.09,2.70,2.99,2.69,,,,,,,*5/6,ASMVP-4GG,machama01
4,Elvis Andrus,26,TEX,AL,160,159,153,1404.2,786,248,516,22,114,.972,14,12,-4,-3,4.90,4.21,4.78,4.18,,,,,,,*6,,andruel01
5,Kole Calhoun,27,LAA,AL,157,157,149,1384.2,358,343,11,4,1,.989,14,12,8,7,2.30,2.20,2.24,2.23,,,,,,,*9/H3D,GG,calhoko01
6,Brian Dozier,28,MIN,AL,157,157,148,1383.0,767,303,456,8,111,.990,-7,-6,0,0,4.94,4.58,4.83,4.55,,,,,,,*4,ASMVP-28,doziebr01
7,Kevin Pillar,26,TOR,AL,158,155,151,1382.0,452,440,10,2,1,.996,14,12,24,21,2.93,2.20,2.85,2.19,,,,,,,*87/9H,,pillake01
8,Paul Goldschmidt,27,ARI,NL,157,155,143,1381.2,1506,1378,123,5,129,.997,5,4,15,13,9.78,9.30,9.56,9.23,,,,,,,*3/DH,ASMVP-2GGSS,goldspa01
9,Joey Votto,31,CIN,NL,156,156,147,1377.1,1360,1212,139,9,122,.993,-2,-1,7,6,8.83,9.30,8.66,9.23,,,,,,,*3/H,MVP-3,vottojo01
10,Andrew McCutchen,28,PIT,NL,152,151,141,1374.2,310,301,7,2,2,.994,4,4,-7,-6,2.02,2.07,2.03,2.06,,,,,,,*8/DH,ASMVP-5SS,mccutan01
11,Todd Frazier,29,CIN,NL,155,155,147,1371.1,395,102,274,19,21,.952,-1,-1,4,4,2.47,2.46,2.43,2.44,,,,,,,*5/H,AS,frazito01
12,Mike Trout,23,LAA,AL,156,155,143,1362.2,435,428,7,0,1,1.000,16,14,7,6,2.87,2.20,2.79,2.19,,,,,,,*8/D,ASMVP-2SS,troutmi01
13,Nolan Arenado,24,COL,NL,157,156,147,1362.0,507,105,385,17,42,.966,3,2,23,20,3.24,2.46,3.12,2.44,,,,,,,*5/H,ASMVP-8GGSS,arenano01
14,Xander Bogaerts,22,BOS,AL,156,154,144,1360.1,676,236,429,11,95,.984,-11,-10,0,0,4.40,4.21,4.26,4.18,,,,,,,*6/H,SS,bogaexa01
15,Ian Desmond,29,WSN,NL,155,155,148,1359.0,670,226,417,27,94,.960,-9,-8,0,0,4.26,4.38,4.15,4.35,,,,,,,*6/H,,desmoia01
16,Eric Hosmer,25,KCR,AL,154,152,147,1357.2,1366,1261,101,4,121,.997,-5,-4,7,6,9.03,9.09,8.79,8.99,,,,,,,*3/H9D,MVP-24GG,hosmeer01
17,Alexei Ramírez,33,CHW,AL,152,151,146,1350.2,684,206,462,16,105,.977,-2,-1,0,0,4.45,4.21,4.37,4.16,,,,,,,*6/H1D,,ramiral03
18,Erick Aybar,31,LAA,AL,154,154,137,1335.2,620,244,359,17,71,.973,-16,-15,-4,-4,4.06,4.21,3.92,4.18,,,,,,,*6/HD,,aybarer01
19,Trevor Plouffe,29,MIN,AL,152,151,141,1335.0,523,223,288,12,39,.977,12,11,5,4,3.44,3.21,3.25,3.31,,,,,,,*53,,plouftr01
20,Yoenis Céspedes,29,2TM,2LG,153,152,111,1334.2,348,328,13,7,1,.980,15,14,10,9,2.30,2.15,2.23,2.14,,,,,,,*78/DH,MVP-13GG,cespeyo01
20,Yoenis Céspedes,29,DET,AL,99,99,87,865.2,218,204,9,5,1,.977,9,12,12,17,2.21,2.20,2.15,2.19,,,,,,,7/DH,,cespeyo01
20,Yoenis Céspedes,29,NYM,NL,54,53,24,469.0,130,124,4,2,0,.985,7,17,-2,-5,2.46,2.07,2.37,2.06,,,,,,,87/HD,,cespeyo01
21,Jose Altuve,25,HOU,AL,153,153,144,1330.2,669,247,417,5,81,.993,13,12,-4,-4,4.49,4.58,4.34,4.55,,,,,,,*4/D,ASMVP-10GGSS,altuvjo01
22,Nick Markakis,31,ATL,NL,153,153,143,1330.1,300,295,4,1,0,.997,-5,-5,-4,-4,2.02,2.07,1.95,2.06,,,,,,,*9/D,,markani01
23,Didi Gregorius,25,NYY,AL,155,147,141,1330.0,620,177,430,13,77,.979,2,2,4,4,4.11,4.21,3.92,4.18,,,,,,,*6/H,,gregodi01
24,Melky Cabrera,30,CHW,AL,150,150,138,1324.2,233,220,8,5,0,.979,-4,-4,0,0,1.55,2.20,1.52,2.19,,,,,,,*7/D,,cabreme01
25,Dexter Fowler,29,CHC,NL,152,149,138,1324.1,346,337,5,4,2,.988,3,3,-12,-11,2.32,2.07,2.25,2.06,,,,,,,*8/H,,fowlede01
26,Ian Kinsler,33,DET,AL,153,151,133,1324.0,727,289,425,13,109,.982,11,10,11,10,4.85,4.58,4.67,4.55,,,,,,,*4/DH,MVP-21,kinslia01
27,Chase Headley,31,NYY,AL,155,148,136,1321.0,424,99,302,23,25,.946,2,2,-3,-3,2.73,2.64,2.57,2.66,,,,,,,*5/H3,,headlch01
28,Jay Bruce,28,CIN,NL,150,150,139,1319.2,314,300,11,3,0,.990,1,1,6,5,2.12,2.07,2.07,2.06,,,,,,,*9/HD,,bruceja01
29,Josh Donaldson,29,TOR,AL,150,150,142,1317.0,442,137,287,18,32,.959,4,4,1,1,2.90,2.64,2.83,2.62,,,,,,,*5/DH,ASMVP-1SS,donaljo02
30,Robinson Canó,32,SEA,AL,149,149,135,1316.1,696,287,403,6,104,.991,1,1,-4,-4,4.72,4.58,4.63,4.55,,,,,,,*4/DH,,canoro01
31,Kris Bryant,23,CHC,NL,150,147,128,1313.1,371,103,251,17,21,.954,0,0,-2,-2,2.43,2.46,2.16,2.44,,,,,,,*5/789H3D,ASMVP-11ROY-1,bryankr01
32,Matt Carpenter,29,STL,NL,152,151,126,1313.0,370,102,254,14,31,.962,-4,-4,-3,-3,2.44,2.62,2.23,2.73,,,,,,,*54/3H,MVP-12,carpema01
33,Alcides Escobar,28,KCR,AL,148,148,141,1306.2,647,217,417,13,80,.980,8,8,4,4,4.37,4.21,4.28,4.18,,,,,,,*6,ASGG,escobal02
34,J.D. Martinez,27,DET,AL,148,147,140,1306.1,282,265,15,2,3,.993,7,6,10,9,1.93,2.20,1.89,2.19,,,,,,,*9D/H,ASMVP-15SS,martijd02
35,Marcus Semien,24,OAK,AL,152,147,135,1304.2,656,214,407,35,99,.947,-6,-5,-5,-5,4.28,4.21,4.09,4.18,,,,,,,*6/H,,semiema01
36,Bryce Harper,22,WSN,NL,151,151,135,1304.0,313,297,9,7,2,.978,13,12,7,6,2.11,2.07,2.03,2.06,,,,,,,*98/D,ASMVP-1SS,harpebr03
37,Charlie Blackmon,28,COL,NL,155,146,128,1303.2,339,327,9,3,2,.991,-3,-3,-12,-11,2.32,2.07,2.17,2.06,,,,,,,*87/9H,,blackch02
38,AJ Pollock,27,ARI,NL,151,143,138,1303.2,355,347,5,3,0,.992,19,17,10,9,2.43,2.07,2.33,2.06,,,,,,,*8/H,ASMVP-14GG,polloaj01
39,Evan Longoria,29,TBR,AL,148,147,137,1293.1,377,109,259,9,29,.976,18,17,11,10,2.56,2.64,2.49,2.62,,,,,,,*5D/H,,longoev01
40,Freddy Galvis,25,PHI,NL,149,147,140,1292.1,642,216,409,17,90,.974,-12,-11,-11,-10,4.35,4.39,4.17,4.36,,,,,,,*6/4H,,galvifr01
41,Curtis Granderson,34,NYM,NL,150,143,135,1291.2,301,287,9,5,1,.983,4,4,13,12,2.06,2.07,1.97,2.06,,,,,,,*9H/8D,MVP-18,grandcu01
42,Brett Lawrie,25,OAK,AL,147,146,135,1291.2,496,161,311,24,43,.952,-10,-9,-10,-9,3.29,3.18,3.13,3.16,,,,,,,*54/DH,,lawribr01
43,Starling Marte,26,PIT,NL,151,143,124,1289.1,223,205,16,2,1,.991,-3,-3,21,20,1.54,2.07,1.46,2.06,,,,,,,*78/H,GG,martest01
44,Jhonny Peralta,33,STL,NL,148,147,123,1287.2,585,157,420,8,88,.986,-12,-11,-13,-12,4.03,4.38,3.90,4.35,,,,,,,*6/HD,AS,peraljh01
45,DJ LeMahieu,26,COL,NL,149,146,140,1284.0,761,300,452,9,120,.988,8,8,0,0,5.27,4.78,5.05,4.74,,,,,,,*4/H,AS,lemahdj01
46,Matt Kemp,30,SDP,NL,149,149,130,1282.0,287,269,10,8,2,.972,-3,-2,-14,-13,1.96,2.07,1.87,2.06,,,,,,,*9/DH,,kempma01
47,Gregory Polanco,23,PIT,NL,149,137,123,1280.1,281,260,13,8,5,.972,-4,-4,12,11,1.92,2.07,1.83,2.06,,,,,,,*9H/78,,polangr01
48,Adam Eaton,26,CHW,AL,145,144,137,1280.0,356,343,8,5,2,.986,-9,-8,-12,-11,2.47,2.20,2.42,2.19,,,,,,,*8/DH,,eatonad02
49,Andrelton Simmons,25,ATL,NL,147,145,143,1279.1,687,235,444,8,126,.988,15,14,28,26,4.78,4.38,4.62,4.35,,,,,,,*6/H,,simmoan01
50,Kolten Wong,24,STL,NL,147,140,132,1278.2,739,312,410,17,107,.977,-4,-3,9,8,5.08,4.78,4.91,4.74,,,,,,,*4/H,,wongko01
51,Dee Strange-Gordon,27,MIA,NL,145,144,141,1270.0,733,293,434,6,111,.992,3,2,7,7,5.15,4.78,5.01,4.74,,,,,,,*4/H,ASMVP-16GGSS,gordode01
52,Jason Heyward,25,STL,NL,147,144,126,1268.1,303,290,10,3,3,.990,5,5,28,26,2.13,2.07,2.04,2.06,,,,,,,*98/H,MVP-15GG,heywaja01
53,Brett Gardner,31,NYY,AL,150,140,125,1264.2,274,265,7,2,1,.993,-10,-9,7,7,1.94,2.20,1.81,2.19,,,,,,,*78/H,AS,gardnbr01
54,Shin-Soo Choo,32,TEX,AL,148,144,127,1262.0,325,315,5,5,2,.985,2,2,-11,-10,2.28,2.20,2.16,2.19,,,,,,,*9/HD,,choosh01
55,Justin Upton,27,SDP,NL,146,145,131,1260.1,247,235,9,3,0,.988,-3,-3,7,7,1.74,2.07,1.67,2.06,,,,,,,*7/HD,AS,uptonju01
56,Logan Forsythe,28,TBR,AL,143,142,118,1257.2,617,290,318,9,53,.985,-6,-6,1,1,4.35,5.01,3.78,5.17,,,,,,,*43/5DH,,forsylo01
57,Adrián González,33,LAD,NL,149,145,128,1254.1,1389,1267,116,6,100,.996,16,15,16,15,9.92,9.30,9.28,9.23,,,,,,,*3/HD,ASMVP-19,gonzaad01
58,Mookie Betts,22,BOS,AL,144,141,137,1254.0,373,358,10,5,2,.987,-7,-6,12,11,2.64,2.20,2.56,2.19,,,,,,,*89/HD,MVP-19,bettsmo01
59,Mike Moustakas,26,KCR,AL,146,140,133,1254.0,381,112,257,12,21,.969,-3,-3,1,1,2.65,2.64,2.53,2.62,,,,,,,*5/H,ASMVP-21,moustmi01
60,Ben Revere,27,2TM,2LG,147,140,114,1241.1,300,295,5,0,2,1.000,-2,-2,2,2,2.18,2.12,2.04,2.11,,,,,,,*789/H,,reverbe01
60,Ben Revere,27,PHI,NL,91,84,63,749.1,203,198,5,0,2,1.000,3,5,4,6,2.44,2.07,2.23,2.06,,,,,,,789/H,,reverbe01
60,Ben Revere,27,TOR,AL,56,56,51,492.0,97,97,0,0,0,1.000,-5,-13,-2,-5,1.77,2.20,1.73,2.19,,,,,,,7/8,,reverbe01
61,Adrian Beltré,36,TEX,AL,142,142,130,1237.2,389,105,267,17,28,.956,11,11,7,7,2.71,2.64,2.62,2.62,,,,,,,*5/D,MVP-7,beltrad01
62,Matt Duffy,24,SFG,NL,142,138,129,1234.0,376,91,271,14,26,.963,0,0,3,3,2.64,2.62,2.46,2.67,,,,,,,*5H/463,ROY-2,duffyma01
63,Jean Segura,25,MIL,NL,140,139,137,1232.1,622,177,426,19,98,.969,9,9,2,2,4.40,4.38,4.31,4.35,,,,,,,*6/H,,segurje01
64,Carlos González,29,COL,NL,151,142,123,1230.1,268,253,8,7,1,.974,-8,-7,2,2,1.91,2.07,1.73,2.06,,,,,,,*9/H,SS,gonzaca01
65,Brandon Phillips,34,CIN,NL,141,141,128,1229.0,661,261,394,6,79,.991,4,4,-3,-3,4.80,4.78,4.61,4.74,,,,,,,*4/H6,,phillbr01
66,Buster Posey,28,SFG,NL,142,140,122,1225.1,1193,1105,86,2,39,.998,9,9,19,19,8.75,8.69,8.05,8.64,4,20,39,22,36.1,0,23/HD,ASMVP-9SS,poseybu01
67,Neil Walker,29,PIT,NL,146,135,118,1224.2,661,236,418,7,103,.989,6,6,0,0,4.81,4.78,4.48,4.74,,,,,,,*4H,,walkene01
68,Joc Pederson,23,LAD,NL,147,137,131,1223.0,278,269,5,4,1,.986,5,5,-2,-2,2.02,2.07,1.86,2.06,,,,,,,*8H,ASROY-6,pederjo01
69,Jace Peterson,25,ATL,NL,144,137,135,1218.0,691,287,395,9,109,.987,-6,-6,6,6,5.04,4.78,4.74,4.74,,,,,,,*4H,,peterja01
70,Addison Russell,21,CHC,NL,142,137,124,1217.1,596,218,365,13,76,.978,4,4,13,13,4.31,4.63,3.97,4.58,,,,,,,46/H,,russead02
71,Starlin Castro,25,CHC,NL,144,133,117,1201.0,622,190,408,24,78,.961,3,3,-5,-5,4.48,4.47,4.07,4.45,,,,,,,*64H,,castrst01
72,Brandon Crawford,28,SFG,NL,140,136,127,1200.1,631,191,427,13,89,.979,20,20,25,25,4.63,4.38,4.41,4.35,,,,,,,*6/H,ASGGSS,crawfbr01
73,Chris Davis,29,BAL,AL,138,137,123,1200.1,979,921,55,3,77,.997,-4,-4,-3,-3,7.32,7.64,6.92,7.57,,,,,,,*39D,MVP-14,davisch02
74,Salvador Perez,25,KCR,AL,140,137,112,1195.1,1070,976,90,4,11,.996,5,5,4,4,8.03,8.27,7.61,8.22,4,48,66,29,30.5,4,*2/D3H,ASGG,perezsa02
75,Lorenzo Cain,29,KCR,AL,137,137,123,1192.1,407,391,6,10,2,.975,6,6,16,16,3.00,2.20,2.90,2.19,,,,,,,*8/9DH,ASMVP-3,cainlo01
76,Kevin Kiermaier,25,TBR,AL,149,131,117,1188.2,432,412,15,5,3,.988,19,19,37,37,3.23,2.20,2.87,2.19,,,,,,,*8H/9,MVP-17GG,kiermke01
77,Joe Mauer,32,MIN,AL,137,135,126,1188.0,1242,1151,86,5,113,.996,-3,-3,-1,-1,9.37,9.10,9.03,9.03,,,,,,,*3D/H,,mauerjo01
78,Josh Reddick,28,OAK,AL,143,134,123,1184.1,269,258,6,5,1,.981,-2,-2,0,0,2.01,2.20,1.85,2.19,,,,,,,*9H/D8,,reddijo01
79,Chris Owings,23,ARI,NL,138,130,110,1179.2,547,191,351,5,75,.991,-2,-2,4,4,4.14,4.69,3.61,4.65,,,,,,,*46H,,owingch01
80,Nick Castellanos,23,DET,AL,145,142,87,1175.2,353,92,249,12,27,.966,-9,-9,-3,-3,2.61,2.64,2.35,2.62,,,,,,,*5/DH,,casteni01
81,Adam Jones,29,BAL,AL,134,134,124,1168.2,333,317,13,3,4,.991,15,16,5,5,2.54,2.20,2.46,2.19,,,,,,,*8/D,AS,jonesad01
82,Gerardo Parra,28,2TM,2LG,144,126,109,1164.0,265,254,9,2,0,.992,-4,-4,-11,-11,2.03,2.12,1.83,2.11,,,,,,,*978H,,parrage01
82,Gerardo Parra,28,MIL,NL,89,75,69,693.2,160,154,4,2,0,.988,-4,-7,-5,-9,2.05,2.07,1.78,2.06,,,,,,,78H9,,parrage01
82,Gerardo Parra,28,BAL,AL,55,51,40,470.1,105,100,5,0,0,1.000,0,1,-6,-15,2.01,2.20,1.91,2.19,,,,,,,98/7H,,parrage01
83,Adam Lind,31,MIL,NL,138,134,126,1163.2,1184,1098,82,4,124,.997,5,5,9,9,9.13,9.30,8.55,9.23,,,,,,,*3H/D,,lindad01
84,Carlos Santana,29,CLE,AL,132,132,130,1157.0,1141,1061,77,3,110,.997,-2,-2,-9,-9,8.85,9.10,8.62,9.03,,,,,,,*3D/H,,santaca01
85,Yadier Molina,32,STL,NL,134,131,108,1149.2,1127,1064,56,7,9,.994,8,8,7,7,8.77,8.47,8.36,8.41,4,34,37,26,41.3,2,*2/HD,ASGG,molinya01
86,Derek Norris,26,SDP,NL,137,131,111,1148.2,1167,1078,80,9,15,.992,4,4,8,8,9.07,8.55,7.99,8.51,13,39,84,44,34.4,1,*23H/D,,norride01
87,Brandon Belt,27,SFG,NL,131,130,122,1146.1,1152,1076,71,5,91,.996,13,13,11,12,9.01,8.69,8.56,8.48,,,,,,,*37/H,,beltbr01
88,Asdrúbal Cabrera,29,TBR,AL,136,131,121,1141.0,443,150,284,9,51,.980,-13,-14,-9,-9,3.42,4.21,3.19,4.18,,,,,,,*6/HD,,cabreas01
89,Jimmy Rollins,36,LAD,NL,134,128,123,1134.1,526,166,351,9,65,.983,-4,-4,1,1,4.10,4.38,3.86,4.35,,,,,,,*6H,,rolliji01
90,Cameron Maybin,28,ATL,NL,139,126,123,1129.2,341,331,7,3,2,.991,-20,-21,-16,-17,2.69,2.07,2.43,2.06,,,,,,,*8/H,,maybica01
91,Wilmer Flores,23,NYM,NL,134,126,109,1128.0,553,180,359,14,84,.975,-8,-9,-7,-7,4.30,4.48,3.85,4.45,,,,,,,64/H,,florewi01
92,Lucas Duda,29,NYM,NL,129,127,121,1127.2,1119,1039,77,3,87,.997,-5,-5,3,3,8.91,9.30,8.65,9.23,,,,,,,*3/H,,dudalu01
93,Yunel Escobar,32,WSN,NL,134,134,118,1126.2,234,56,171,7,14,.970,-16,-17,-11,-12,1.81,2.46,1.69,2.44,,,,,,,*5/DH,,escobyu01
94,Logan Morrison,27,SEA,AL,143,117,114,1125.2,1135,1060,71,4,106,.996,-9,-9,-3,-3,9.04,8.97,7.85,8.84,,,,,,,*3H/97D,,morrilo01
95,Marlon Byrd,37,2TM,NL,129,126,113,1124.1,245,241,4,0,0,1.000,7,7,3,3,1.96,2.07,1.90,2.06,,,,,,,*79/8HD,,byrdma01
95,Marlon Byrd,37,CIN,NL,92,91,80,809.2,175,173,2,0,0,1.000,4,6,2,3,1.95,2.07,1.90,2.06,,,,,,,7/89HD,,byrdma01
95,Marlon Byrd,37,SFG,NL,37,35,33,314.2,70,68,2,0,0,1.000,3,10,1,4,2.00,2.07,1.89,2.06,,,,,,,9/DH,,byrdma01
96,Avisaíl García,24,CHW,AL,130,129,120,1124.0,255,235,17,3,4,.988,-1,-1,-3,-3,2.02,2.20,1.94,2.19,,,,,,,*9D/H,,garciav01
97,Ryan Braun,31,MIL,NL,130,128,118,1121.0,212,205,5,2,1,.991,-2,-2,-4,-4,1.69,2.07,1.62,2.06,,,,,,,*9/HD,AS,braunry02
98,Adeiny Hechavarría,26,MIA,NL,130,129,123,1120.1,555,173,373,9,93,.984,14,14,13,14,4.39,4.38,4.20,4.35,,,,,,,*6,,hechaad01
99,Anthony Gose,24,DET,AL,137,125,115,1120.0,360,352,4,4,1,.989,-16,-17,-11,-12,2.86,2.20,2.60,2.19,,,,,,,*8/H,,gosean01
100,Martín Prado,31,MIA,NL,129,127,116,1105.0,330,85,238,7,32,.979,8,9,11,12,2.63,2.61,2.39,2.63,,,,,,,*54/H,,pradoma01
101,Michael A. Taylor,24,WSN,NL,132,121,115,1100.2,311,302,6,3,1,.990,11,12,8,9,2.52,2.07,2.33,2.06,,,,,,,*87H/9,,taylomi02
102,Francisco Cervelli,29,PIT,NL,128,124,108,1099.2,1081,992,82,7,6,.994,-11,-12,10,11,8.79,8.47,8.39,8.41,10,51,101,29,22.3,0,*2/HD,,cervefr01
103,Kurt Suzuki,31,MIN,AL,130,123,114,1096.0,863,825,35,3,8,.997,-7,-8,-3,-3,7.06,8.27,6.62,8.21,3,36,80,14,14.9,0,*2/H,,suzukku01
104,Johnny Giavotella,27,LAA,AL,128,124,112,1095.2,535,216,307,12,64,.978,-9,-10,-8,-9,4.30,4.58,4.05,4.55,,,,,,,*4/H6,,giavojo01
105,Jason Kipnis,28,CLE,AL,124,124,118,1082.2,521,203,311,7,69,.987,-1,-1,-6,-7,4.27,4.58,4.15,4.55,,,,,,,*4D/H,ASMVP-16,kipnija01
106,Yangervis Solarte,27,SDP,NL,133,124,105,1080.2,438,247,180,11,36,.975,-3,-3,1,1,3.56,4.10,3.07,4.12,,,,,,,53H4/D,,solarya01
107,Wilson Ramos,27,WSN,NL,125,123,118,1078.1,1109,1026,77,6,3,.995,11,12,11,12,9.21,8.47,8.82,8.41,3,26,30,24,44.4,2,*2/HD,,ramoswi01
108,Christian Yelich,23,MIA,NL,124,122,104,1069.1,264,256,6,2,1,.992,3,3,8,9,2.21,2.07,2.11,2.06,,,,,,,*78/H,,yelicch01
109,Brad Miller,25,SEA,AL,129,119,95,1067.1,485,175,293,17,61,.965,-6,-6,-21,-24,3.95,3.74,3.42,3.68,,,,,,,687H4D/95,,millebr02
110,Billy Burns,25,OAK,AL,125,118,117,1066.0,285,280,2,3,2,.989,-13,-14,4,5,2.38,2.20,2.26,2.19,,,,,,,*8/H,ROY-5,burnsbi02
111,Odúbel Herrera,23,PHI,NL,136,121,110,1065.0,351,341,5,5,1,.986,15,16,10,11,2.92,2.07,2.54,2.06,,,,,,,*8H,,herreod01
112,Ender Inciarte,24,ARI,NL,122,116,91,1063.1,270,254,10,6,2,.978,7,8,28,32,2.23,2.07,2.16,2.06,,,,,,,*978H,,inciaen01
113,Ángel Pagán,33,SFG,NL,124,122,107,1061.1,264,258,2,4,2,.985,-14,-15,-18,-20,2.20,2.07,2.10,2.06,,,,,,,*8H/D,,paganan01
114,Omar Infante,33,KCR,AL,124,121,114,1060.1,523,193,320,10,67,.981,3,4,6,7,4.35,4.58,4.14,4.55,,,,,,,*4/H,,infanom01
115,Brian McCann,31,NYY,AL,126,119,97,1058.2,1068,992,69,7,5,.993,2,2,-4,-5,9.02,8.28,7.80,8.27,1,55,50,28,35.9,2,*2H3/D,MVP-24SS,mccanbr01
116,Daniel Murphy,30,NYM,NL,121,120,99,1057.1,515,251,251,13,49,.975,-5,-5,-7,-8,4.27,4.58,3.92,4.58,,,,,,,453/HD,,murphda08
117,Brandon Moss,31,2TM,2LG,130,121,102,1055.1,448,413,31,4,23,.991,0,0,-1,-1,3.79,4.20,3.31,4.37,,,,,,,93H7/D,,mossbr01
117,Brandon Moss,31,CLE,AL,89,86,81,760.1,230,211,15,4,5,.983,-3,-5,-1,-2,2.68,2.98,2.54,2.96,,,,,,,93/DH,,mossbr01
117,Brandon Moss,31,STL,NL,41,35,21,295.0,218,202,16,0,18,1.000,3,12,0,0,6.65,7.36,4.84,7.16,,,,,,,3H7/9,,mossbr01
118,Luis Valbuena,29,HOU,AL,128,120,99,1053.0,449,259,183,7,32,.984,7,8,3,3,3.78,3.97,3.37,4.15,,,,,,,53/HD4,,valbulu01
119,Austin Jackson,28,2TM,2LG,135,111,104,1048.2,309,302,3,4,2,.987,-2,-2,-1,-1,2.62,2.18,2.26,2.16,,,,,,,*89H/7,,jacksau01
119,Austin Jackson,28,SEA,AL,107,99,95,899.0,276,271,2,3,1,.989,-3,-4,-1,-1,2.73,2.20,2.55,2.19,,,,,,,8/H,,jacksau01
119,Austin Jackson,28,CHC,NL,28,12,9,149.2,33,31,1,1,1,.970,1,11,0,0,1.92,2.07,1.14,2.06,,,,,,,9H/87,,jacksau01
120,Marcell Ozuna,24,MIA,NL,122,119,112,1047.1,279,273,5,1,0,.996,-8,-9,0,0,2.39,2.07,2.28,2.06,,,,,,,*89/H,,ozunama01
121,Michael Bourn,32,2TM,2LG,131,115,102,1043.2,281,273,7,1,3,.996,-1,-1,6,7,2.41,2.16,2.14,2.15,,,,,,,*87H/9D,,bournmi01
121,Michael Bourn,32,CLE,AL,89,80,74,714.2,186,182,4,0,2,1.000,3,6,5,8,2.34,2.20,2.09,2.19,,,,,,,8H/7D,,bournmi01
121,Michael Bourn,32,ATL,NL,42,35,28,329.0,95,91,3,1,1,.989,-4,-15,1,4,2.57,2.07,2.24,2.06,,,,,,,78/H9,,bournmi01
122,David Peralta,27,ARI,NL,131,115,103,1042.2,232,227,3,2,0,.991,2,2,-2,-2,1.99,2.07,1.76,2.06,,,,,,,*7H/98,,peralda01
123,Nick Ahmed,25,ARI,NL,129,116,103,1042.1,571,190,368,13,84,.977,14,16,8,9,4.82,4.38,4.33,4.35,,,,,,,*6/H,,ahmedni01
124,José Bautista,34,TOR,AL,118,118,104,1038.2,231,224,4,3,1,.987,7,8,-2,-2,1.98,2.20,1.93,2.19,,,,,,,*9D/H,ASMVP-8,bautijo02
125,Torii Hunter,39,MIN,AL,123,121,94,1035.2,242,231,6,5,1,.979,0,0,-8,-9,2.06,2.20,1.93,2.19,,,,,,,*9D/H,,hunteto01
126,Eddie Rosario,23,MIN,AL,118,116,109,1035.2,243,220,16,7,4,.971,10,12,11,13,2.05,2.20,2.00,2.19,,,,,,,*79/H8,ROY-6,rosared01
127,Michael Brantley,28,CLE,AL,118,118,95,1034.2,222,212,8,2,1,.991,-7,-9,2,2,1.91,2.20,1.86,2.19,,,,,,,*78D/H,MVP-28,brantmi02
128,Pablo Sandoval,28,BOS,AL,123,122,104,1034.2,293,78,200,15,19,.949,-10,-12,-7,-8,2.42,2.64,2.26,2.62,,,,,,,*5/H,,sandopa01
129,Brock Holt,27,BOS,AL,125,115,90,1031.0,431,207,215,9,47,.979,8,10,3,3,3.68,3.76,2.91,3.76,,,,,,,45976/3H8D,AS,holtbr01
130,Colby Rasmus,28,HOU,AL,131,115,80,1029.0,249,235,9,5,3,.980,-10,-11,4,5,2.13,2.20,1.86,2.19,,,,,,,*789H,,rasmuco01
131,J.T. Realmuto,24,MIA,NL,118,116,113,1025.1,888,836,46,6,6,.993,-2,-2,3,4,7.74,8.47,7.47,8.41,11,33,43,16,27.1,0,*2H,,realmjt01
132,Troy Tulowitzki,30,2TM,2LG,121,120,104,1025.1,522,153,361,8,85,.985,15,17,4,5,4.51,4.32,4.25,4.30,,,,,,,*6/HD,AS,tulowtr01
132,Troy Tulowitzki,30,COL,NL,82,81,68,685.1,356,107,241,8,59,.978,5,8,1,2,4.57,4.38,4.24,4.35,,,,,,,6/H,,tulowtr01
132,Troy Tulowitzki,30,TOR,AL,39,39,36,340.0,166,46,120,0,26,1.000,10,35,3,11,4.39,4.21,4.26,4.18,,,,,,,6/DH,,tulowtr01
133,Jose Iglesias,25,DET,AL,119,115,112,1019.1,488,162,315,11,81,.977,-3,-4,-4,-5,4.21,4.21,4.01,4.18,,,,,,,*6/H,AS,iglesjo01
134,José Abreu,28,CHW,AL,115,115,108,1017.0,1023,952,60,11,100,.989,2,2,-3,-4,8.96,9.10,8.80,9.03,,,,,,,*3D,MVP-21,abreujo02
135,Rougned Odor,21,TEX,AL,119,113,110,1007.1,574,207,350,17,97,.970,4,5,-5,-6,4.98,4.58,4.68,4.55,,,,,,,*4/H,,odorro01
136,Ryan Goins,27,TOR,AL,125,112,92,1006.1,522,205,309,8,74,.985,15,18,6,7,4.60,4.36,3.95,4.28,,,,,,,46/H579,,goinsry01
137,Juan Lagares,26,NYM,NL,139,106,102,1003.2,287,282,3,2,2,.993,9,11,1,1,2.56,2.07,2.05,2.06,,,,,,,*8H/9,,lagarju01
138,Chris Coghlan,30,CHC,NL,133,119,63,1000.1,228,198,29,1,4,.996,0,0,1,1,2.04,2.38,1.60,2.60,,,,,,,*7H94/35,,coghlch01
139,Russell Martin,32,TOR,AL,117,113,107,997.0,874,799,71,4,6,.995,0,0,1,1,7.85,8.26,7.31,8.15,19,51,40,32,44.4,2,*2/HD4,ASMVP-24,martiru01
140,Yolmer Sánchez,23,CHW,AL,117,112,104,996.1,502,229,268,5,83,.990,-6,-8,0,0,4.49,4.58,4.25,4.55,,,,,,,*4/HD,,sanchca01
141,José Reyes,32,2TM,2LG,116,116,104,996.0,501,147,338,16,70,.968,-9,-11,-6,-7,4.38,4.28,4.18,4.25,,,,,,,*6,,reyesjo01
141,José Reyes,32,TOR,AL,69,69,61,591.1,274,84,177,13,38,.953,-7,-15,-7,-14,3.97,4.21,3.78,4.18,,,,,,,6,,reyesjo01
141,José Reyes,32,COL,NL,47,47,43,404.2,227,63,161,3,32,.987,-2,-5,1,3,4.98,4.38,4.77,4.35,,,,,,,6,,reyesjo01
142,Aramis Ramírez,37,2TM,NL,126,124,69,995.1,304,89,203,12,25,.961,-2,-2,-7,-8,2.64,2.67,2.30,2.71,,,,,,,*5H/3D,,ramirar01
142,Aramis Ramírez,37,MIL,NL,74,74,43,585.1,164,40,119,5,14,.970,1,1,-6,-12,2.44,2.46,2.15,2.44,,,,,,,5/HD,,ramirar01
142,Aramis Ramírez,37,PIT,NL,52,50,26,410.0,140,49,84,7,11,.950,-2,-7,-1,-3,2.92,2.96,2.51,3.08,,,,,,,5/H3,,ramirar01
143,J.J. Hardy,32,BAL,AL,114,112,106,994.2,445,141,301,3,57,.993,5,6,2,2,4.00,4.21,3.88,4.18,,,,,,,*6,,hardyjj01
144,Ben Zobrist,34,2TM,AL,117,115,85,994.1,391,194,190,7,53,.982,-4,-5,-7,-8,3.48,3.62,3.15,3.54,,,,,,,47/D95H,,zobribe01
144,Ben Zobrist,34,OAK,AL,60,59,41,504.1,206,100,103,3,32,.985,3,8,-3,-7,3.62,3.57,3.22,3.46,,,,,,,47/DH9,,zobribe01
144,Ben Zobrist,34,KCR,AL,57,56,44,490.0,185,94,87,4,21,.978,-8,-18,-4,-10,3.32,3.68,3.07,3.62,,,,,,,47/59D,,zobribe01
145,Stephen Drew,32,NYY,AL,130,105,86,994.0,483,171,303,9,69,.981,4,5,-4,-5,4.29,4.52,3.34,4.46,,,,,,,*46/H5,,drewst01
146,Howie Kendrick,31,LAD,NL,113,112,108,989.0,493,193,295,5,52,.990,-6,-7,-8,-10,4.44,4.78,4.32,4.74,,,,,,,*4/H,,kendrho01
147,Jordy Mercer,28,PIT,NL,115,108,98,986.1,506,148,351,7,78,.986,12,15,4,5,4.55,4.38,4.34,4.35,,,,,,,*6/H,,mercejo03
148,Stephen Vogt,30,OAK,AL,119,109,99,983.1,900,840,55,5,22,.994,0,0,-4,-5,8.19,8.42,7.16,8.37,9,28,43,20,31.7,2,23H/D,AS,vogtst01
149,Mitch Moreland,29,TEX,AL,120,110,99,982.1,1043,975,64,4,109,.996,2,2,2,2,9.52,9.10,8.66,9.03,,,,,,,*3H/D,,morelmi01
150,Billy Hamilton,24,CIN,NL,110,109,104,975.2,281,273,8,0,1,1.000,7,9,9,11,2.59,2.07,2.55,2.06,,,,,,,*8/H,,hamilbi02
151,Carlos Beltrán,38,NYY,AL,123,120,61,968.1,174,166,5,3,3,.983,-7,-9,-11,-14,1.59,2.20,1.39,2.19,,,,,,,*9/DH,,beltrca01
152,Mark Canha,26,OAK,AL,121,106,75,962.1,653,598,49,6,58,.991,4,4,0,0,6.05,6.06,4.72,5.94,,,,,,,37H/9D5,,canhama01
153,Jung Ho Kang,28,PIT,NL,115,103,73,961.1,403,104,285,14,51,.965,4,5,5,6,3.64,3.31,2.84,3.28,,,,,,,56H,ROY-3,kangju01
154,Carlos Gómez,29,2TM,2LG,111,109,102,960.2,281,269,5,7,3,.975,5,6,4,5,2.57,2.12,2.45,2.13,,,,,,,*8/HD4,,gomezca01
154,Carlos Gómez,29,MIL,NL,72,71,65,623.2,180,172,2,6,1,.967,1,2,2,4,2.51,2.07,2.38,2.10,,,,,,,8/4DH,,gomezca01
154,Carlos Gómez,29,HOU,AL,39,38,37,337.0,101,97,3,1,2,.990,4,12,2,7,2.67,2.20,2.56,2.19,,,,,,,8/HD,,gomezca01
155,Freddie Freeman,25,ATL,NL,117,110,104,958.0,960,893,63,4,103,.996,5,6,0,0,8.98,9.30,8.17,9.23,,,,,,,*3/HD,,freemfr01
156,Cody Asche,25,PHI,NL,114,112,89,957.1,243,133,100,10,14,.959,-8,-9,-7,-9,2.19,2.25,2.04,2.23,,,,,,,75H,,ascheco01
157,Ryan Howard,35,PHI,NL,116,112,91,957.1,943,871,66,6,75,.994,-11,-13,-13,-16,8.81,9.30,8.08,9.23,,,,,,,*3H/D,,howarry01
158,Eduardo Escobar,26,MIN,AL,116,107,87,953.0,384,164,214,6,48,.984,-3,-3,-1,-1,3.57,3.66,3.07,3.57,,,,,,,674/DH59,,escobed01
159,Mike Napoli,33,2TM,AL,121,112,94,949.0,934,853,72,9,77,.990,8,10,0,0,8.77,8.74,7.58,8.41,,,,,,,*3H7/D,,napolmi01
159,Mike Napoli,33,BOS,AL,96,90,85,798.0,819,748,65,6,64,.993,10,15,2,3,9.17,9.10,8.47,9.03,,,,,,,3/DH,,napolmi01
159,Mike Napoli,33,TEX,AL,25,22,9,151.0,115,105,7,3,13,.974,-2,-15,-2,-16,6.68,6.81,4.31,6.14,,,,,,,37H/D,,napolmi01
160,Jacoby Ellsbury,31,NYY,AL,110,106,99,948.0,237,232,5,0,2,1.000,0,0,1,1,2.25,2.20,2.15,2.19,,,,,,,*8/H,,ellsbja01
161,James McCann,25,DET,AL,112,103,100,943.1,777,723,54,0,5,1.000,9,11,-7,-9,7.41,8.27,6.94,8.21,3,35,41,28,40.6,2,*2/HD,,mccanja02
162,Jedd Gyorko,26,SDP,NL,113,104,88,935.1,447,156,288,3,61,.993,0,-1,-4,-5,4.27,4.69,3.61,4.68,,,,,,,46H/3D,,gyorkje01
163,Miguel Cabrera,32,DET,AL,107,107,92,932.1,983,903,76,4,96,.996,1,1,2,3,9.45,9.10,9.15,9.03,,,,,,,3D/H,ASMVP-11SS,cabremi01
164,Delino DeShields,22,TEX,AL,113,110,71,929.2,267,252,9,6,2,.978,-4,-6,-11,-14,2.53,2.21,2.29,2.21,,,,,,,*87/HD4,ROY-7,deshide02
165,Jake Marisnick,24,HOU,AL,126,101,82,923.0,256,245,8,3,3,.988,7,9,14,18,2.47,2.20,2.01,2.19,,,,,,,*8H79/D,,marisja01
166,Andre Ethier,33,LAD,NL,127,106,78,919.2,187,177,6,4,2,.979,-7,-9,2,3,1.79,2.07,1.44,2.06,,,,,,,*97H/8D,,ethiean01
167,Mike Zunino,24,SEA,AL,112,101,99,919.2,858,809,44,5,6,.994,1,1,3,4,8.35,8.27,7.62,8.21,6,48,42,22,34.4,0,*2/H,,zuninmi01
168,Alex Ríos,34,KCR,AL,105,105,92,914.2,222,215,4,3,0,.986,5,6,-7,-9,2.15,2.20,2.09,2.19,,,,,,,9,,riosal01
169,David Freese,32,LAA,AL,113,112,67,913.2,241,54,179,8,13,.967,2,2,2,3,2.30,2.64,2.06,2.62,,,,,,,*5/DH,,freesda01
170,Mark Teixeira,35,NYY,AL,108,105,85,913.2,948,897,48,3,76,.997,-3,-3,1,1,9.31,9.10,8.75,9.03,,,,,,,3/DH,ASMVP-28,teixema01
171,Chris Carter,28,HOU,AL,115,105,88,913.1,986,911,67,8,85,.992,6,8,-2,-3,9.64,9.10,8.50,9.03,,,,,,,*3H/D,,cartech02
172,Yasmani Grandal,26,LAD,NL,111,102,93,911.1,901,837,61,3,11,.997,3,3,2,3,8.87,8.49,7.95,8.45,8,32,56,23,29.1,2,2H/3,AS,grandya01
173,A.J. Pierzynski,38,ATL,NL,107,104,100,909.2,775,729,44,2,7,.997,-1,-1,-11,-15,7.65,8.47,7.22,8.41,5,40,67,21,23.9,1,2/HD,,pierza.01
174,Pedro Álvarez,28,PIT,NL,124,119,37,906.1,1057,966,68,23,98,.978,-10,-13,-14,-19,10.27,9.30,8.34,9.23,,,,,,,*3H/D,,alvarpe01
175,Eric Sogard,29,OAK,AL,110,102,93,902.2,503,190,307,6,65,.988,3,4,9,12,4.96,4.51,4.36,4.48,,,,,,,46H/D5,,sogarer01
176,Justin Bour,27,MIA,NL,111,101,90,899.2,889,836,47,6,106,.993,-7,-10,-8,-11,8.83,9.30,7.95,9.23,,,,,,,*3H/D,ROY-5,bourju01
177,Mark Reynolds,31,STL,NL,119,94,74,896.1,771,698,64,9,76,.988,1,2,-1,-1,7.65,7.85,5.91,7.70,,,,,,,3H5/7D49,,reynoma01
178,Josh Harrison,27,PIT,NL,111,96,68,894.0,332,112,206,14,41,.958,1,2,0,0,3.20,2.99,2.43,3.03,,,,,,,549H7,,harrijo05
179,George Springer,25,HOU,AL,102,101,92,885.1,198,189,6,3,3,.985,-6,-8,9,12,1.98,2.20,1.91,2.19,,,,,,,98/H,,springe01
180,Steven Souza Jr.,26,TBR,AL,103,101,94,884.0,182,172,8,2,3,.989,3,4,-1,-1,1.83,2.20,1.75,2.19,,,,,,,9/HD,,souzast01
181,Jason Castro,28,HOU,AL,103,102,88,883.1,840,777,62,1,5,.999,2,3,8,11,8.55,8.27,8.15,8.21,7,41,42,24,36.4,0,2/H,,castrja01
182,Tyler Flowers,29,CHW,AL,111,100,78,883.1,949,880,64,5,10,.995,-2,-2,11,15,9.62,8.28,8.43,8.23,15,37,53,18,25.4,0,*2/3DH,,flowety01
183,Danny Espinosa,28,WSN,NL,105,95,85,873.1,471,190,278,3,52,.994,3,5,8,11,4.82,4.62,4.07,4.47,,,,,,,45H/637,,espinda01
184,Rubén Tejada,25,NYM,NL,111,94,85,872.1,370,106,257,7,48,.981,-9,-12,-16,-22,3.75,4.08,3.21,4.07,,,,,,,654/H,,tejadru01
185,Khris Davis,27,MIL,NL,108,107,72,871.1,177,171,1,5,0,.972,5,6,-8,-11,1.78,2.07,1.59,2.06,,,,,,,7H,,daviskh01
186,Carlos Correa,20,HOU,AL,99,99,97,870.2,390,112,265,13,41,.967,-3,-4,4,6,3.90,4.21,3.81,4.18,,,,,,,6,MVP-24ROY-1,correca01
187,Justin Turner,30,LAD,NL,110,98,83,867.0,298,95,192,11,27,.963,4,6,2,3,2.98,3.02,2.47,3.14,,,,,,,5H3/46,,turneju01
188,Nick Hundley,31,COL,NL,102,100,97,866.1,699,643,51,5,5,.993,4,6,-9,-12,7.21,8.47,6.80,8.41,5,40,50,26,34.2,1,2/H,,hundlni01
189,Francisco Lindor,21,CLE,AL,98,97,96,865.1,389,132,247,10,60,.974,15,20,6,8,3.94,4.21,3.87,4.18,,,,,,,6/HD,ROY-2,lindofr01
190,Alex Gordon,31,KCR,AL,101,100,88,864.2,197,193,4,0,1,1.000,8,11,5,7,2.05,2.20,1.95,2.19,,,,,,,7/DH,AS,gordoal01
191,Aaron Hicks,25,MIN,AL,97,95,83,849.0,254,244,9,1,2,.996,-7,-10,0,0,2.68,2.20,2.61,2.19,,,,,,,89/7H,,hicksaa01
192,Joe Panik,24,SFG,NL,99,95,91,843.1,461,191,268,2,64,.996,4,6,6,9,4.90,4.78,4.64,4.74,,,,,,,4/H,AS,panikjo01
193,Eugenio Suárez,23,CIN,NL,96,95,91,842.1,431,147,265,19,59,.956,4,6,-12,-17,4.40,4.38,4.25,4.33,,,,,,,6/H5,,suareeu01
194,César Hernández,25,PHI,NL,106,93,85,841.2,441,152,280,9,52,.980,-6,-8,-6,-9,4.62,4.53,3.93,4.49,,,,,,,4H65,,hernace02
195,Yonder Alonso,28,SDP,NL,102,94,82,840.1,876,817,56,3,71,.997,1,1,13,19,9.35,9.18,8.39,9.10,,,,,,,3/H5,,alonsyo01
196,Caleb Joseph,29,BAL,AL,95,93,90,828.1,799,751,45,3,4,.996,5,8,8,12,8.65,8.27,8.38,8.22,6,25,37,18,32.7,2,2/DH3,,josepca01
197,Jorge Soler,23,CHC,NL,95,93,82,825.2,149,144,4,1,1,.993,-5,-7,-7,-10,1.61,2.07,1.56,2.06,,,,,,,9/HD,,solerjo01
198,Miguel Montero,31,CHC,NL,109,90,76,825.0,887,820,55,12,3,.986,-6,-9,4,6,9.55,8.47,8.03,8.41,3,39,71,18,20.2,3,*2H/D,,montemi01
199,Ichiro Suzuki,41,MIA,NL,109,88,85,824.0,222,217,5,0,0,1.000,16,23,6,9,2.42,2.07,2.02,2.06,,,,,,,*9H7/8D1,,suzukic01
200,Mark Trumbo,29,2TM,2LG,105,102,51,822.0,296,279,12,5,13,.983,-9,-14,-1,-1,3.19,3.42,2.62,3.56,,,,,,,9D37H,,trumbma01
200,Mark Trumbo,29,ARI,NL,42,41,27,351.2,76,72,3,1,1,.987,-5,-16,1,3,1.92,2.21,1.74,2.23,,,,,,,9/H3,,trumbma01
200,Mark Trumbo,29,SEA,AL,63,61,24,470.1,220,207,9,4,12,.982,-5,-12,-2,-5,4.13,4.33,3.18,4.40,,,,,,,9D37/H,,trumbma01
201,Scooter Gennett,25,MIL,NL,108,93,78,819.0,456,176,273,7,71,.985,-6,-8,-1,-1,4.93,4.78,4.16,4.74,,,,,,,4H,,gennesc01
202,James Loney,31,TBR,AL,101,92,81,815.1,777,729,42,6,58,.992,-4,-5,-4,-6,8.51,9.10,7.63,9.03,,,,,,,3/HD,,loneyja01
203,Jake Lamb,24,ARI,NL,100,89,83,811.2,286,74,205,7,16,.976,9,13,12,18,3.09,2.70,2.71,2.97,,,,,,,5H/3,,lambja01
204,René Rivera,31,TBR,AL,110,89,69,810.2,841,769,61,11,5,.987,-3,-4,-6,-9,9.21,8.30,7.28,8.26,6,43,40,23,36.5,1,2/3HD,,riverre01
205,Chase Utley,36,2TM,NL,94,93,77,805.1,436,186,242,8,55,.982,-5,-8,0,0,4.78,4.87,4.41,4.95,,,,,,,4H/35D,,utleych01
205,Chase Utley,36,PHI,NL,64,64,52,539.1,276,119,151,6,34,.978,-8,-18,-5,-11,4.51,4.94,4.09,5.01,,,,,,,4/H3D,,utleych01
205,Chase Utley,36,LAD,NL,30,29,25,266.0,160,67,91,2,21,.988,3,14,5,23,5.35,4.73,5.10,4.81,,,,,,,4/H53D,,utleych01
206,Albert Pujols,35,LAA,AL,95,95,79,805.0,778,718,55,5,57,.994,0,0,5,7,8.64,9.09,8.05,8.96,,,,,,,3D/5,AS,pujolal01
207,Yan Gomes,27,CLE,AL,91,90,83,800.0,807,746,58,3,8,.996,3,5,0,0,9.05,8.27,8.84,8.21,6,22,39,19,32.8,1,2/DH,,gomesya01
208,Dustin Pedroia,31,BOS,AL,92,92,80,799.2,443,165,272,6,61,.986,6,9,4,6,4.92,4.58,4.75,4.55,,,,,,,4/D,,pedrodu01
209,Marwin González,26,HOU,AL,112,86,65,798.1,446,282,156,8,37,.982,8,11,10,15,4.94,5.05,3.48,5.38,,,,,,,36H547/D,,gonzama01
210,Seth Smith,32,SEA,AL,110,91,56,797.2,170,163,6,1,1,.994,2,3,0,0,1.91,2.20,1.54,2.19,,,,,,,*79HD,,smithse01
211,Will Venable,32,2TM,2LG,110,81,62,793.2,176,171,4,1,0,.994,2,3,-3,-5,1.98,2.10,1.59,2.10,,,,,,,*87H9,,venabwi01
211,Will Venable,32,SDP,NL,76,68,54,614.0,144,140,3,1,0,.993,0,1,-4,-8,2.10,2.07,1.88,2.06,,,,,,,8H97,,venabwi01
211,Will Venable,32,TEX,AL,34,13,8,179.2,32,31,1,0,0,1.000,2,11,1,7,1.60,2.20,0.94,2.19,,,,,,,7H/89,,venabwi01
212,Ryan Zimmerman,30,WSN,NL,93,92,83,793.1,779,726,49,4,63,.995,3,5,-2,-3,8.79,9.29,8.24,9.15,,,,,,,3/H7,,zimmery01
213,Jonathan Lucroy,29,MIL,NL,93,91,84,788.0,735,673,54,8,14,.989,-6,-10,2,3,8.30,8.51,7.82,8.47,3,38,70,27,27.8,1,2H/3D,,lucrojo01
214,Alexi Amarista,26,SDP,NL,105,87,57,787.1,391,139,240,12,53,.969,1,1,3,5,4.33,4.22,3.24,3.98,,,,,,,6H47/851,,amarial01
215,Juan Uribe,36,3TM,NL,99,88,76,787.0,234,42,183,9,22,.962,8,11,-4,-6,2.57,2.62,2.25,2.62,,,,,,,5H/4D,,uribeju01
215,Juan Uribe,36,LAD,NL,24,22,16,184.0,54,9,44,1,3,.981,2,16,-1,-7,2.59,2.46,2.21,2.44,,,,,,,5/H,,uribeju01
215,Juan Uribe,36,ATL,NL,42,38,37,343.1,107,20,81,6,14,.944,5,19,-3,-10,2.65,2.50,2.35,2.49,,,,,,,5/H4,,uribeju01
215,Juan Uribe,36,NYM,NL,33,28,23,259.2,73,13,58,2,5,.973,0,-1,0,0,2.46,2.88,2.15,2.93,,,,,,,5H/4D,,uribeju01
216,Chris Young,31,NYY,AL,129,77,46,781.2,171,166,4,1,0,.994,0,0,-2,-3,1.96,2.20,1.32,2.19,,,,,,,*97H8/D,,youngch04
217,Yasmany Tomás,24,ARI,NL,96,92,64,780.2,205,147,49,9,7,.956,-10,-16,-9,-14,2.26,2.34,2.00,2.47,,,,,,,95H/73D,,tomasya01
218,Brayan Peña,33,CIN,NL,90,84,78,767.1,738,705,32,1,5,.999,-4,-6,-3,-5,8.64,8.48,8.10,8.46,5,21,58,13,18.3,0,2H/3D,,penabr01
219,José Ramírez,22,CLE,AL,94,84,79,762.1,318,91,216,11,40,.965,4,6,3,5,3.62,4.08,3.27,4.05,,,,,,,645/H7D,,ramirjo01
220,Lonnie Chisenhall,26,CLE,AL,101,85,69,760.0,229,117,106,6,14,.974,20,32,15,24,2.64,2.43,2.21,2.40,,,,,,,95H/D,,chiselo01
221,Hanley Ramírez,31,BOS,AL,92,92,62,751.2,127,120,3,4,1,.969,-10,-16,-12,-19,1.47,2.20,1.32,2.19,,,,,,,7D/H5,,ramirha01
222,Danny Valencia,30,2TM,AL,95,83,67,748.1,217,99,114,4,11,.982,-4,-6,-6,-10,2.56,2.66,2.13,2.84,,,,,,,57H/394D,,valenda01
222,Danny Valencia,30,TOR,AL,50,38,24,346.1,91,69,21,1,2,.989,2,6,-4,-14,2.34,2.69,1.64,3.02,,,,,,,7H5/394D,,valenda01
222,Danny Valencia,30,OAK,AL,45,45,43,402.0,126,30,93,3,9,.976,-6,-16,-2,-6,2.75,2.64,2.73,2.62,,,,,,,5/D,,valenda01
223,Michael Cuddyer,36,NYM,NL,92,87,62,747.2,237,219,15,3,11,.987,4,6,-2,-3,2.82,3.43,2.52,3.45,,,,,,,7H3/9D,,cuddymi01
224,Alejandro De Aza,31,3TM,2LG,96,81,63,738.0,159,153,4,2,0,.987,-7,-11,-5,-8,1.91,2.18,1.64,2.17,,,,,,,79H/D8,,deazaal01
224,Alejandro De Aza,31,2TM,AL,79,68,51,612.2,125,120,4,1,0,.992,-8,-15,-1,-2,1.82,2.20,1.57,2.19,,,,,,,79H/8D,,deazaal01
224,Alejandro De Aza,31,BAL,AL,27,27,19,225.1,59,56,2,1,0,.983,-3,-14,0,0,2.32,2.20,2.15,2.19,,,,,,,79/H,,deazaal01
224,Alejandro De Aza,31,BOS,AL,52,41,32,387.1,66,64,2,0,0,1.000,-5,-16,-1,-3,1.53,2.20,1.27,2.19,,,,,,,79H/8D,,deazaal01
224,Alejandro De Aza,31,SFG,NL,17,13,12,125.1,34,33,0,1,0,.971,1,10,-4,-38,2.37,2.07,1.94,2.06,,,,,,,7H/D,,deazaal01
225,Welington Castillo,28,3TM,2LG,88,83,73,736.2,648,606,35,7,4,.989,0,0,-9,-15,7.83,8.46,7.28,8.40,7,19,33,11,25.0,1,2H/D,,castiwe01
225,Welington Castillo,28,2TM,NL,83,79,69,690.1,608,567,34,7,3,.988,0,0,-9,-16,7.84,8.47,7.24,8.41,6,19,30,11,26.8,1,2H/D,,castiwe01
225,Welington Castillo,28,CHC,NL,9,8,5,64.0,58,56,0,2,1,.966,0,0,0,0,7.88,8.47,6.22,8.41,1,0,1,0,0.0,0,H/2,,castiwe01
225,Welington Castillo,28,SEA,AL,5,4,4,46.1,40,39,1,0,1,1.000,0,0,0,0,7.77,8.26,8.00,8.22,1,0,3,0,0.0,0,/2D,,castiwe01
225,Welington Castillo,28,ARI,NL,74,71,64,626.1,550,511,34,5,2,.991,0,0,-9,-17,7.83,8.47,7.36,8.41,5,19,29,11,27.5,1,2/HD,,castiwe01
226,Grégor Blanco,31,SFG,NL,93,78,63,732.2,187,183,1,3,0,.984,5,8,-6,-10,2.26,2.07,1.98,2.06,,,,,,,87H9,,blancgr01
227,Nori Aoki,33,SFG,NL,87,84,72,729.2,140,136,4,0,0,1.000,5,8,0,0,1.73,2.07,1.61,2.06,,,,,,,7/H9D,,aokino01
228,Brandon Guyer,29,TBR,AL,110,76,45,724.1,175,172,2,1,1,.994,3,5,2,3,2.16,2.20,1.58,2.19,,,,,,,*7H98/D,,guyerbr01
229,Chris Iannetta,32,LAA,AL,87,80,75,723.2,676,629,44,3,3,.996,1,2,2,3,8.37,8.28,7.74,8.23,6,26,44,15,25.4,2,2/H3D,,iannech01
230,Ben Paulsen,27,COL,NL,102,79,64,721.0,730,679,48,3,63,.996,4,6,5,8,9.07,8.26,6.55,7.94,,,,,,,3H7/9,,paulsbe01
231,Jonathan Schoop,23,BAL,AL,84,82,78,721.0,387,145,235,7,50,.982,-3,-5,1,2,4.74,4.58,4.52,4.55,,,,,,,4/H,,schoojo01
232,Jayson Werth,36,WSN,NL,86,84,71,720.2,118,113,3,2,0,.983,-3,-5,-11,-18,1.45,2.07,1.35,2.06,,,,,,,79/HD,,werthja01
233,Randal Grichuk,23,STL,NL,85,81,56,719.2,156,151,2,3,1,.981,5,9,6,10,1.91,2.07,1.80,2.06,,,,,,,78H9,,grichra01
234,Carlos Ruiz,36,PHI,NL,83,81,80,716.0,678,626,41,11,8,.984,-3,-5,-9,-15,8.38,8.47,8.04,8.41,5,30,46,11,19.3,2,2/H,,ruizca01
235,Sam Fuld,33,OAK,AL,108,75,59,705.2,206,191,11,4,3,.981,9,14,8,14,2.58,2.20,1.87,2.19,,,,,,,78H9/D,,fuldsa01
236,Ryan Flaherty,28,BAL,AL,90,81,65,704.1,379,207,170,2,52,.995,-4,-7,0,0,4.82,4.72,3.93,4.70,,,,,,,463/59H7,,flahery01
237,Nelson Cruz,34,SEA,AL,80,80,70,704.0,161,151,6,4,1,.975,-7,-12,-8,-14,2.01,2.20,1.96,2.19,,,,,,,9D,ASMVP-6SS,cruzne02
238,Cameron Rupp,26,PHI,NL,80,79,76,701.1,582,524,54,4,7,.993,0,0,5,9,7.42,8.47,7.23,8.41,7,29,33,20,37.7,2,2/H,,ruppca01
239,Mike Aviles,34,CLE,AL,91,79,61,700.2,238,101,127,10,21,.958,3,5,-3,-5,2.93,3.08,2.26,3.02,,,,,,,756H4/8D9,,avilemi01
240,Cory Spangenberg,24,SDP,NL,87,81,59,697.1,291,89,198,4,39,.986,-6,-10,3,5,3.70,4.30,3.09,4.15,,,,,,,4H5/978D,,spangco01
241,Steve Pearce,32,BAL,AL,87,78,64,695.2,341,281,57,3,22,.991,-4,-6,-4,-7,4.37,4.72,3.56,4.65,,,,,,,734H/9D,,pearcst01
242,Anthony Rendon,25,WSN,NL,78,78,68,692.2,294,117,173,4,39,.986,-3,-6,0,0,3.77,4.11,3.33,4.00,,,,,,,45/H,,rendoan01
243,Blake Swihart,23,BOS,AL,83,78,75,688.0,612,570,39,3,4,.995,-8,-14,-13,-23,7.97,8.27,7.34,8.21,16,43,41,16,28.1,1,2/H,,swihabl01
244,Justin Smoak,28,TOR,AL,110,71,65,687.0,714,666,44,4,74,.994,7,12,2,3,9.30,9.10,6.45,9.03,,,,,,,*3H/D,,smoakju01
245,Gio Urshela,23,CLE,AL,80,76,71,682.0,192,41,145,6,17,.969,10,17,0,0,2.45,2.64,2.33,2.62,,,,,,,5/H,,urshegi01
246,Maikel Franco,22,PHI,NL,77,77,73,680.0,192,62,120,10,12,.948,-11,-20,-10,-18,2.41,2.62,2.36,2.62,,,,,,,5/3H,,francma02
247,Leonys Martín,27,TEX,AL,92,71,68,673.1,232,218,13,1,0,.996,16,29,13,23,3.09,2.20,2.51,2.19,,,,,,,8/HD,,martile01
248,Carlos Pérez,24,LAA,AL,82,75,71,669.0,626,549,72,5,1,.992,3,5,-1,-2,8.35,8.27,7.57,8.23,7,32,41,25,37.9,3,2/H3D,,perezca02
249,Kelly Johnson,33,2TM,NL,90,76,42,666.0,329,223,95,11,35,.967,-8,-15,-7,-13,4.30,4.74,3.09,4.60,,,,,,,74H35/96D,,johnske05
249,Kelly Johnson,33,ATL,NL,54,47,23,393.1,198,162,29,7,22,.965,-3,-8,-6,-18,4.37,4.70,3.03,4.44,,,,,,,735H/94D,,johnske05
249,Kelly Johnson,33,NYM,NL,36,29,19,272.2,131,61,66,4,13,.969,-6,-24,-1,-4,4.19,4.80,3.18,4.84,,,,,,,4H/39756,,johnske05
250,Jeff Francoeur,31,PHI,NL,102,69,55,660.2,163,151,5,7,1,.957,-3,-6,-9,-16,2.13,2.07,1.53,2.06,,,,,,,9H7/D1,,francje02
251,Preston Tucker,24,HOU,AL,90,74,53,655.0,124,121,2,1,0,.992,-1,-1,-4,-7,1.69,2.20,1.37,2.19,,,,,,,7H9/D,,tuckepr01
252,Robinson Chirinos,31,TEX,AL,78,73,70,645.0,511,474,31,6,2,.988,1,2,0,0,7.05,8.27,6.47,8.21,4,20,29,12,29.3,2,2,,chiriro01
253,Brandon Barnes,29,COL,NL,97,67,51,638.0,140,134,4,2,2,.986,-5,-9,-6,-11,1.95,2.07,1.42,2.06,,,,,,,79H8,,barnebr02
254,Yasiel Puig,24,LAD,NL,78,71,64,638.0,139,132,6,1,0,.993,10,19,2,4,1.95,2.07,1.77,2.06,,,,,,,9/H,,puigya01
255,Rajai Davis,34,DET,AL,91,67,54,635.2,165,161,2,2,0,.988,-7,-14,3,6,2.31,2.20,1.79,2.19,,,,,,,87H9/D,,davisra01
256,Clint Robinson,30,WSN,NL,79,74,50,635.2,408,378,25,5,21,.988,-1,-1,-11,-21,5.71,6.22,4.91,5.90,,,,,,,3H79/D1,,robincl01
257,Aaron Hill,33,ARI,NL,79,71,53,634.1,261,80,175,6,29,.977,1,1,0,0,3.62,3.71,3.00,3.71,,,,,,,45H/D,,hillaa01
258,Giancarlo Stanton,25,MIA,NL,71,71,69,625.2,158,149,6,3,3,.981,0,1,9,17,2.23,2.07,2.18,2.06,,,,,,,9/D,AS,stantmi03
259,Dustin Ackley,27,2TM,AL,96,67,41,617.1,162,143,18,1,4,.994,-7,-13,-12,-23,2.35,2.78,1.68,2.72,,,,,,,7H84/3D9,,ackledu01
259,Dustin Ackley,27,SEA,AL,79,53,34,508.1,108,102,6,0,1,1.000,-3,-6,-8,-19,1.91,2.24,1.37,2.22,,,,,,,78H/9D4,,ackledu01
259,Dustin Ackley,27,NYY,AL,17,14,7,109.0,54,41,12,1,3,.981,-4,-46,-4,-44,4.38,5.28,3.12,5.05,,,,,,,/4H37D,,ackledu01
260,Rusney Castillo,27,BOS,AL,75,67,61,614.1,163,152,6,5,0,.969,7,14,15,29,2.31,2.20,2.11,2.19,,,,,,,97/H8D,,castiru02
261,Jackie Bradley Jr.,25,BOS,AL,73,66,63,608.1,164,159,4,1,2,.994,-3,-5,8,16,2.41,2.20,2.23,2.19,,,,,,,987/H,,bradlja02
262,Hernán Pérez,24,2TM,2LG,101,66,43,608.1,213,77,131,5,15,.977,2,4,2,4,3.08,3.17,1.86,3.35,,,,,,,5H4/36D,,perezhe01
262,Hernán Pérez,24,DET,AL,18,7,5,79.2,33,18,15,0,1,1.000,-2,-33,-1,-15,3.73,4.43,1.65,4.62,,,,,,,/5H436D,,perezhe01
262,Hernán Pérez,24,MIL,NL,83,59,38,528.2,180,59,116,5,14,.972,4,10,3,7,2.98,2.98,1.90,3.08,,,,,,,5H4/36,,perezhe01
263,Danny Santana,24,MIN,AL,71,68,68,606.1,307,100,191,16,47,.948,-4,-7,-10,-20,4.32,4.12,4.10,4.04,,,,,,,6H/8D9,,santada01
264,Martín Maldonado,28,MIL,NL,74,66,61,605.2,606,563,34,9,7,.985,1,2,8,16,8.87,8.47,7.96,8.42,3,26,29,18,38.3,2,2/H3,,maldoma01
265,Chris Colabello,31,TOR,AL,78,75,41,605.0,333,318,11,4,24,.988,-6,-12,-17,-34,4.89,4.94,4.11,5.10,,,,,,,37H9D,,colabch01
266,Paulo Orlando,29,KCR,AL,79,63,57,604.1,138,129,5,4,1,.971,-1,-2,6,12,2.00,2.20,1.70,2.19,,,,,,,97H/8D,,orlanpa01
267,Kevin Plawecki,24,NYM,NL,70,66,63,602.2,595,558,36,1,1,.998,0,0,11,22,8.87,8.47,8.49,8.41,2,17,32,11,25.6,0,2/H,,plaweke01
268,Tucker Barnhart,24,CIN,NL,74,67,64,599.0,536,492,42,2,0,.996,0,0,-3,-6,8.02,8.46,7.22,8.32,4,26,37,15,28.8,2,2/H9,,barnhtu01
269,Elián Herrera,30,MIL,NL,72,62,43,580.1,262,82,171,9,22,.966,3,6,3,6,3.92,3.47,2.91,3.37,,,,,,,54H/97,,herreel01
270,Will Middlebrooks,26,SDP,NL,75,65,55,578.1,179,68,104,7,16,.961,-2,-4,-2,-4,2.68,2.68,2.18,2.81,,,,,,,5H/63,,middlwi01
271,Darin Ruf,28,PHI,NL,81,62,50,575.1,477,447,27,3,47,.994,-4,-8,-4,-8,7.41,7.37,5.39,7.44,,,,,,,3H7,,rufda01
272,Travis d'Arnaud,26,NYM,NL,64,64,56,569.1,584,556,25,3,6,.995,0,0,-1,-2,9.18,8.47,9.08,8.41,1,23,29,14,32.6,0,2/H,,darnatr01
273,Sean Rodríguez,30,PIT,NL,131,34,18,567.0,454,405,46,3,45,.993,3,6,6,13,7.16,6.48,3.03,7.16,,,,,,,3H79/546,,rodrise01
274,Jarrod Dyson,30,KCR,AL,79,55,52,560.2,155,145,8,2,4,.987,-3,-5,11,24,2.46,2.20,1.94,2.19,,,,,,,87H9/D,,dysonja01
275,Derek Dietrich,25,MIA,NL,73,70,35,559.2,127,85,36,6,4,.953,-7,-16,-11,-24,1.95,2.27,1.59,2.45,,,,,,,75H/34D,,dietrde01
276,Justin Maxwell,31,SFG,NL,79,60,53,554.1,135,130,3,2,1,.985,-3,-6,5,11,2.16,2.07,1.68,2.06,,,,,,,9H7/8,,maxweju01
277,Tyler Saladino,25,CHW,AL,66,60,51,541.2,193,53,135,5,8,.974,5,12,8,18,3.12,2.83,2.61,2.95,,,,,,,56/H3,,saladty01
278,Josh Phegley,27,OAK,AL,68,62,50,541.0,509,454,53,2,3,.996,1,2,1,2,8.43,8.27,7.46,8.21,5,26,28,18,39.1,0,2/H,,phegljo01
279,Roberto Pérez,26,CLE,AL,69,61,55,538.1,614,568,42,4,2,.993,3,7,6,13,10.20,8.27,8.84,8.21,4,22,25,18,41.9,1,2/D,,perezro02
280,Stephen Piscotty,24,STL,NL,62,61,39,537.2,139,135,2,2,7,.986,-10,-23,-3,-7,2.29,2.84,1.90,3.16,,,,,,,793/H8,ROY-6,piscost01
281,Jed Lowrie,31,HOU,AL,63,61,53,534.1,162,46,113,3,7,.981,0,0,-2,-4,2.68,3.09,2.48,3.03,,,,,,,56/HD,,lowrije01
282,Gordon Beckham,28,CHW,AL,90,50,44,532.0,193,55,134,4,23,.979,1,1,7,16,3.20,2.99,2.05,2.94,,,,,,,5H4/6D,,beckhgo01
283,Abraham Almonte,26,2TM,2LG,64,59,58,531.0,137,135,2,0,1,1.000,6,14,2,5,2.32,2.18,2.14,2.16,,,,,,,8H/79D,,almonab01
283,Abraham Almonte,26,SDP,NL,14,10,9,90.2,12,12,0,0,0,1.000,-1,-9,1,13,1.19,2.07,0.86,2.06,,,,,,,H/789D,,almonab01
283,Abraham Almonte,26,CLE,AL,50,49,49,440.1,125,123,2,0,1,1.000,7,19,1,3,2.55,2.20,2.50,2.19,,,,,,,8/H,,almonab01
284,Conor Gillaspie,27,2TM,AL,70,67,34,529.2,151,38,99,14,5,.907,-12,-27,-5,-11,2.33,2.71,1.90,2.83,,,,,,,5/H3D4,,gillaco01
284,Conor Gillaspie,27,CHW,AL,53,50,23,387.0,114,27,75,12,4,.895,-7,-21,-5,-16,2.37,2.73,1.89,2.86,,,,,,,5/H3D,,gillaco01
284,Conor Gillaspie,27,LAA,AL,17,17,11,142.2,37,11,24,2,1,.946,-5,-43,0,0,2.21,2.66,1.94,2.73,,,,,,,5/4,,gillaco01
285,Ike Davis,28,OAK,AL,67,61,48,527.0,537,492,41,4,53,.993,-1,-2,2,5,9.10,9.07,7.96,8.81,,,,,,,3/H1D,,davisik02
286,Denard Span,31,WSN,NL,61,61,55,523.0,153,149,3,1,3,.993,-3,-6,-8,-18,2.62,2.07,2.49,2.06,,,,,,,8,,spande01
287,Scott Van Slyke,28,LAD,NL,88,52,27,520.2,193,176,14,3,11,.984,7,15,11,25,3.28,3.39,2.00,3.64,,,,,,,7H93/8D,,vanslsc01
288,Hank Conger,27,HOU,AL,70,56,53,516.2,498,472,22,4,5,.992,-8,-19,-6,-14,8.61,8.25,7.06,8.12,1,19,42,1,2.3,0,2H/7,,congeha01
289,Travis Shaw,25,BOS,AL,63,55,53,514.0,477,424,50,3,50,.994,5,11,-1,-2,8.30,8.37,7.41,8.12,,,,,,,3/5H7,,shawtr01
290,Clint Barmes,36,SDP,NL,89,51,45,511.1,266,91,167,8,28,.970,-4,-10,-3,-7,4.54,4.40,2.87,4.40,,,,,,,6H/3,,barmecl01
291,Devon Travis,24,TOR,AL,62,60,57,510.1,289,112,171,6,39,.979,1,3,-3,-7,4.99,4.58,4.56,4.55,,,,,,,4/H,,travide01
292,Andrew Romine,29,DET,AL,104,43,28,503.1,300,156,137,7,38,.977,1,1,5,12,5.24,4.54,2.48,4.11,,,,,,,56H34/7D,,rominan01
293,Matt Wieters,29,BAL,AL,58,57,54,503.1,474,445,24,5,5,.989,-1,-3,-6,-14,8.39,8.30,8.09,8.25,2,19,18,8,30.8,2,2D/H3,,wietema01
294,Alex Avila,28,DET,AL,65,56,46,499.2,439,411,27,1,15,.998,1,2,-4,-10,7.89,8.49,6.54,8.49,2,19,21,11,34.4,0,23/HD,,avilaal01
295,Jon Jay,30,STL,NL,64,53,31,496.2,139,137,2,0,2,1.000,6,14,3,7,2.52,2.07,2.17,2.06,,,,,,,8H7/9,,jayjo02
296,Matt Holliday,35,STL,NL,64,64,37,495.1,85,85,0,0,0,1.000,0,0,-5,-12,1.54,2.07,1.33,2.06,,,,,,,7/HD,AS,hollima01
297,Alberto Callaspo,32,2TM,NL,67,54,44,495.0,146,37,104,5,12,.966,-3,-7,-5,-12,2.56,2.60,2.04,2.57,,,,,,,5H/4D,,callaal01
297,Alberto Callaspo,32,ATL,NL,30,28,21,239.1,79,20,56,3,8,.962,1,5,-3,-15,2.86,2.75,2.38,2.73,,,,,,,5/H4,,callaal01
297,Alberto Callaspo,32,LAD,NL,37,26,23,255.2,67,17,48,2,4,.970,-4,-17,-2,-9,2.29,2.46,1.76,2.44,,,,,,,5H/D,,callaal01
298,Wil Myers,24,SDP,NL,56,56,43,493.2,241,230,11,0,17,1.000,-1,-2,-5,-12,4.39,4.49,3.77,4.53,,,,,,,83/7H9,,myerswi01
299,A.J. Ellis,34,LAD,NL,62,55,46,492.0,564,515,49,0,3,1.000,6,15,-2,-5,10.32,8.47,9.10,8.41,3,18,22,18,45.0,0,2/H,,ellisaj01
300,Cliff Pennington,31,2TM,2LG,78,48,33,489.2,232,69,154,9,28,.961,6,14,1,2,4.10,4.14,2.53,3.86,,,,,,,H465/7D,,pennicl01
300,Cliff Pennington,31,ARI,NL,47,27,21,288.1,133,35,92,6,17,.955,3,12,2,8,3.96,4.08,2.44,3.77,,,,,,,H654/7,,pennicl01
300,Cliff Pennington,31,TOR,AL,31,21,12,201.1,99,34,62,3,11,.970,3,16,-1,-6,4.29,4.22,2.67,3.98,,,,,,,4/5H67D,,pennicl01
301,Geovany Soto,32,CHW,AL,73,53,42,487.1,427,398,24,5,1,.988,-1,-2,1,2,7.79,8.27,5.78,8.21,5,18,21,9,30.0,1,2/HD,,sotoge01
302,David DeJesus,35,2TM,AL,68,55,41,486.2,105,101,3,1,0,.990,-1,-2,4,10,1.92,2.20,1.53,2.19,,,,,,,7HD/98,,dejesda01
302,David DeJesus,35,TBR,AL,53,45,32,389.2,93,89,3,1,0,.989,1,4,5,15,2.12,2.20,1.74,2.19,,,,,,,7DH/9,,dejesda01
302,David DeJesus,35,LAA,AL,15,10,9,97.0,12,12,0,0,0,1.000,-2,-27,-1,-12,1.11,2.20,0.80,2.19,,,,,,,H7/89,,dejesda01
303,Ketel Marte,21,SEA,AL,57,54,50,486.0,237,68,160,9,33,.962,0,1,2,5,4.22,4.18,4.00,4.14,,,,,,,6/48H,,marteke01
304,Edwin Encarnación,32,TOR,AL,59,59,34,481.1,501,466,32,3,33,.994,3,7,3,7,9.31,9.10,8.44,9.03,,,,,,,D3/H,MVP-12,encared01
305,Travis Snider,27,2TM,2LG,63,60,32,480.1,119,113,5,1,1,.992,-3,-8,7,17,2.21,2.19,1.87,2.18,,,,,,,79H/D,,snidetr01
305,Travis Snider,27,BAL,AL,57,55,31,447.1,111,105,5,1,1,.991,-4,-9,8,21,2.21,2.20,1.93,2.19,,,,,,,79/HD,,snidetr01
305,Travis Snider,27,PIT,NL,6,5,1,33.0,8,8,0,0,0,1.000,0,4,-1,-36,2.18,2.07,1.33,2.07,,,,,,,H/79,,snidetr01
306,Peter Bourjos,28,STL,NL,93,41,37,476.2,127,125,1,1,1,.992,-10,-26,-4,-10,2.38,2.07,1.35,2.06,,,,,,,8H,,bourjpe01
307,David Murphy,33,2TM,AL,69,56,28,476.2,92,92,0,0,0,1.000,-5,-12,-4,-10,1.74,2.20,1.31,2.18,,,,,,,7DH9/1,,murphda07
307,David Murphy,33,CLE,AL,37,25,15,234.2,39,39,0,0,0,1.000,-5,-26,-1,-5,1.50,2.20,1.03,2.17,,,,,,,DH79/1,,murphda07
307,David Murphy,33,LAA,AL,32,31,13,242.0,53,53,0,0,0,1.000,0,1,-3,-15,1.97,2.20,1.66,2.19,,,,,,,7/HD,,murphda07
308,Kiké Hernández,23,LAD,NL,67,51,36,472.0,178,92,83,3,13,.983,-4,-9,1,3,3.34,3.36,2.46,3.34,,,,,,,4876H/95,,hernaen02
309,Matt Joyce,30,LAA,AL,65,58,31,469.2,98,95,2,1,0,.990,2,6,-2,-5,1.86,2.20,1.49,2.19,,,,,,,7DH/9,,joycema01
310,Grady Sizemore,32,2TM,2LG,74,56,26,469.1,120,114,3,3,0,.975,-5,-14,-5,-13,2.24,2.15,1.58,2.14,,,,,,,97HD,,sizemgr01
310,Grady Sizemore,32,PHI,NL,31,23,12,193.2,49,47,1,1,0,.980,-3,-17,-4,-25,2.23,2.07,1.55,2.06,,,,,,,9H/7,,sizemgr01
310,Grady Sizemore,32,TBR,AL,43,33,14,275.2,71,67,2,2,0,.972,-3,-12,-1,-4,2.25,2.20,1.60,2.19,,,,,,,7H9D,,sizemgr01
311,Andrés Blanco,31,PHI,NL,66,48,43,465.0,198,66,126,6,21,.970,-14,-35,-7,-18,3.72,3.56,2.78,3.55,,,,,,,H546/3,,blancan01
312,C.J. Cron,25,LAA,AL,58,54,36,460.2,422,385,31,6,33,.986,-5,-12,-4,-10,8.13,9.10,7.17,9.03,,,,,,,3DH,,croncj01
313,Shane Robinson,30,MIN,AL,75,48,32,459.0,117,111,5,1,1,.991,0,0,3,8,2.27,2.20,1.53,2.18,,,,,,,7H89/D1,,robinsh01
314,Ezequiel Carrera,28,TOR,AL,81,44,34,456.2,100,97,1,2,0,.980,1,3,-8,-21,1.93,2.20,1.21,2.19,,,,,,,79H/8D,,carreez01
315,Mike Morse,33,2TM,NL,63,56,38,455.0,454,435,19,0,41,1.000,-5,-13,-1,-3,8.98,8.74,7.09,8.56,,,,,,,3H/7D,,morsemi01
315,Mike Morse,33,MIA,NL,41,41,32,338.1,337,322,15,0,29,1.000,-2,-7,2,7,8.96,8.55,8.02,8.21,,,,,,,3H/7D,,morsemi01
315,Mike Morse,33,PIT,NL,22,15,6,116.2,117,113,4,0,12,1.000,-3,-28,-3,-31,9.03,9.30,5.32,9.23,,,,,,,H3,,morsemi01
316,Ryan Hanigan,34,BOS,AL,53,51,48,454.1,439,411,25,3,4,.993,0,0,2,5,8.64,8.27,8.23,8.21,4,26,24,12,33.3,0,2/H,,hanigry01
317,Jonny Gomes,34,2TM,2LG,66,54,34,454.0,71,67,4,0,0,1.000,-9,-25,-7,-19,1.41,2.08,1.08,2.07,,,,,,,7H/9D1,,gomesjo01
317,Jonny Gomes,34,ATL,NL,60,48,32,414.0,68,64,4,0,0,1.000,-6,-19,-5,-14,1.48,2.07,1.13,2.05,,,,,,,7H/91,,gomesjo01
317,Jonny Gomes,34,KCR,AL,6,6,2,40.0,3,3,0,0,0,1.000,-3,-90,-2,-60,0.68,2.21,0.50,2.18,,,,,,,/9DH,,gomesjo01
318,Taylor Featherston,25,LAA,AL,90,42,28,451.2,205,78,121,6,19,.971,2,5,4,11,3.97,3.91,2.12,3.66,,,,,,,54H6/D,,feathta01
319,Shane Victorino,34,2TM,AL,65,50,40,450.1,112,104,6,2,2,.982,-2,-5,1,3,2.20,2.20,1.69,2.19,,,,,,,97H/8,,victosh01
319,Shane Victorino,34,BOS,AL,32,26,21,234.1,58,57,1,0,1,1.000,1,5,3,15,2.23,2.20,1.81,2.19,,,,,,,9/H,,victosh01
319,Shane Victorino,34,LAA,AL,33,24,19,216.0,54,47,5,2,1,.963,-3,-16,-2,-11,2.17,2.20,1.58,2.19,,,,,,,7/H89,,victosh01
320,Zack Cozart,29,CIN,NL,52,52,50,449.2,214,79,132,3,30,.986,1,2,5,13,4.22,4.38,4.06,4.35,,,,,,,6/H,,cozarza01
321,Kyle Schwarber,22,CHC,NL,59,53,29,445.2,168,155,8,5,1,.970,-5,-13,-6,-16,3.29,4.02,2.55,4.14,2,8,14,3,17.6,0,72/HD9,,schwaky01
322,B.J. Upton,30,SDP,NL,63,47,41,441.1,123,116,6,1,0,.992,2,4,1,3,2.49,2.07,1.94,2.06,,,,,,,8H,,uptonbj01
323,Hunter Pence,32,SFG,NL,51,50,46,441.0,129,122,4,3,2,.977,2,5,0,0,2.57,2.07,2.47,2.06,,,,,,,9/DH,,pencehu01
324,Casey McGehee,32,2TM,NL,62,50,38,438.1,206,129,70,7,18,.966,-1,-3,-1,-3,4.09,4.16,3.16,4.70,,,,,,,H53/D,,mcgehca01
324,Casey McGehee,32,SFG,NL,33,30,24,262.2,84,21,58,5,6,.940,0,-1,-1,-5,2.71,2.54,2.39,2.65,,,,,,,5H/3D,,mcgehca01
324,Casey McGehee,32,MIA,NL,29,20,14,175.2,122,108,12,2,12,.984,-1,-7,0,0,6.15,6.57,4.00,6.97,,,,,,,H35/D,,mcgehca01
325,Jake Smolinski,26,2TM,AL,66,50,28,435.2,94,89,5,0,1,1.000,-4,-10,-2,-6,1.94,2.20,1.42,2.19,,,,,,,79H/D,,smolija01
325,Jake Smolinski,26,TEX,AL,31,18,12,176.0,41,41,0,0,0,1.000,-4,-27,-3,-20,2.10,2.20,1.32,2.19,,,,,,,7/H9D,,smolija01
325,Jake Smolinski,26,OAK,AL,35,32,16,259.2,53,48,5,0,1,1.000,0,0,1,5,1.84,2.20,1.51,2.19,,,,,,,79/H,,smolija01
326,Corey Dickerson,26,COL,NL,55,55,36,433.0,89,88,1,0,0,1.000,-4,-11,-7,-19,1.85,2.07,1.62,2.06,,,,,,,7/H8D,,dickeco01
327,Eric Campbell,28,NYM,NL,57,45,42,431.2,143,66,69,8,9,.944,-8,-22,-4,-11,2.81,2.86,2.37,3.01,,,,,,,5H/37,,campber01
328,Chris Denorfia,34,CHC,NL,76,45,32,431.1,93,88,5,0,0,1.000,2,6,1,3,1.94,2.07,1.22,2.06,,,,,,,7H9/81,,denorch01
329,Tim Beckham,25,TBR,AL,64,44,32,423.2,176,56,113,7,23,.960,-7,-19,-3,-8,3.59,4.36,2.52,4.37,,,,,,,46HD/5,,beckhti01
330,Iván De Jesús,28,CIN,NL,60,42,32,423.1,181,85,91,5,16,.972,3,9,-9,-26,3.74,3.70,2.71,3.75,,,,,,,H4756/3,,dejesiv02
331,John Ryan Murphy,24,NYY,AL,65,43,36,415.1,416,389,24,3,1,.993,-4,-12,-3,-9,8.95,8.27,6.35,8.21,7,23,21,8,27.6,0,2/HD,,murphjr01
332,Chris Johnson,30,2TM,2LG,56,48,30,408.0,242,191,47,4,32,.983,1,3,-3,-9,5.25,6.01,4.18,5.99,,,,,,,35HD,,johnsch05
332,Chris Johnson,30,ATL,NL,42,34,20,290.0,159,117,38,4,22,.975,1,2,-2,-8,4.81,5.53,3.60,5.60,,,,,,,53H/D,,johnsch05
332,Chris Johnson,30,CLE,AL,14,14,10,118.0,83,74,9,0,10,1.000,1,5,-1,-10,6.33,7.18,5.93,7.20,,,,,,,D3/5H,,johnsch05
333,Shane Peterson,27,MIL,NL,54,44,31,407.2,119,110,5,4,2,.966,5,16,5,15,2.54,2.34,2.13,2.33,,,,,,,H78/93D,,petersh01
334,David Ross,38,CHC,NL,61,46,29,404.1,434,397,36,1,3,.998,-1,-3,4,12,9.64,8.44,7.10,8.19,4,17,49,17,25.8,6,2H/1,,rossda01
335,Jarrod Saltalamacchia,30,2TM,NL,50,45,40,404.0,367,340,24,3,2,.992,-2,-6,-2,-6,8.11,8.50,7.14,8.47,0,20,22,5,18.5,1,2H/3D,,saltaja01
335,Jarrod Saltalamacchia,30,MIA,NL,9,8,7,72.0,62,54,6,2,1,.968,-1,-17,1,17,7.50,8.48,6.67,8.41,0,4,7,2,22.2,0,/2,,saltaja01
335,Jarrod Saltalamacchia,30,ARI,NL,41,37,33,332.0,305,286,18,1,1,.997,-1,-4,-3,-11,8.24,8.51,7.24,8.49,0,16,15,3,16.7,1,2H/3D,,saltaja01
336,Domonic Brown,27,PHI,NL,50,47,38,403.1,104,99,4,1,1,.990,7,22,4,12,2.30,2.07,2.06,2.06,,,,,,,9H,,browndo01
337,Adonis García,30,ATL,NL,51,48,36,401.1,106,32,64,10,6,.906,0,1,-5,-15,2.15,2.41,1.85,2.37,,,,,,,57/H,,garciad01
338,Domingo Santana,22,2TM,2LG,49,44,27,398.1,82,78,1,3,0,.963,-1,-2,-6,-18,1.78,2.10,1.61,2.10,,,,,,,987/H,,santado01
338,Domingo Santana,22,HOU,AL,13,10,9,99.2,18,18,0,0,0,1.000,-1,-10,-1,-12,1.63,2.20,1.38,2.19,,,,,,,/97H8,,santado01
338,Domingo Santana,22,MIL,NL,36,34,18,298.2,64,60,1,3,0,.953,0,0,-5,-20,1.84,2.07,1.69,2.06,,,,,,,897/H,,santado01
339,Kelby Tomlinson,25,SFG,NL,50,46,38,396.0,216,82,130,4,30,.981,-2,-5,-3,-9,4.82,4.78,4.16,4.73,,,,,,,4/H6,,tomlike01
340,Wilin Rosario,26,COL,NL,55,48,29,395.0,437,408,23,6,38,.986,-6,-18,-9,-27,9.82,9.26,7.84,9.20,0,0,0,0,,0,3H/D2,,rosarwi01
341,Adam LaRoche,35,CHW,AL,49,44,42,393.2,379,351,27,1,43,.997,-2,-7,2,6,8.64,9.08,7.71,8.88,,,,,,,D3/H1,,larocad01
342,Michael Conforto,22,NYM,NL,50,48,19,389.2,91,85,6,0,0,1.000,9,29,10,31,2.10,2.07,1.82,2.06,,,,,,,7/H,,confomi01
343,Jesús Sucre,27,SEA,AL,52,43,30,381.1,380,349,28,3,5,.992,4,13,2,6,8.90,8.23,7.25,7.95,3,16,13,13,50.0,3,2/1,,sucreje01
344,Greg Bird,22,NYY,AL,46,42,38,379.2,401,376,24,1,33,.998,-2,-7,-3,-9,9.48,9.10,8.70,9.03,,,,,,,3/H,,birdgr01
345,David Lough,29,BAL,AL,77,34,34,376.2,80,78,2,0,0,1.000,3,11,5,16,1.91,2.20,1.04,2.19,,,,,,,78H/9D,,loughda01
346,Daniel Descalso,28,COL,NL,58,39,33,376.1,217,92,117,8,26,.963,2,5,1,3,5.00,4.63,3.43,4.81,,,,,,,H64/359,,descada01
347,Bobby Wilson,32,2TM,AL,55,41,30,373.1,348,323,23,2,1,.994,1,3,3,10,8.34,8.27,6.29,8.21,2,9,28,10,26.3,2,2/HD,,wilsobo02
347,Bobby Wilson,32,TBR,AL,24,16,10,151.2,164,153,11,0,1,1.000,1,8,1,8,9.73,8.27,6.83,8.21,0,4,15,6,28.6,0,2/DH,,wilsobo02
347,Bobby Wilson,32,TEX,AL,31,25,20,221.2,184,170,12,2,0,.989,0,0,2,11,7.39,8.27,5.87,8.21,2,5,13,4,23.5,2,2/H,,wilsobo02
348,Chris Stewart,33,PIT,NL,52,36,32,372.2,374,328,37,9,2,.976,-2,-6,4,13,8.81,8.47,7.02,8.41,1,16,41,13,24.1,3,2H,,stewach01
349,Jason Bourgeois,33,CIN,NL,48,40,30,370.0,89,85,2,2,0,.978,-4,-12,-6,-19,2.12,2.07,1.81,2.06,,,,,,,8H7/9,,bourgja01
350,Jake Elmore,28,TBR,AL,48,40,29,369.0,243,202,36,5,20,.979,-2,-8,-3,-10,5.80,6.37,4.33,5.91,,,,,,,3/5467H1D,,elmorja01
351,Nolan Reimold,31,BAL,AL,51,41,26,366.0,82,76,4,2,0,.976,-10,-31,-3,-10,1.97,2.20,1.57,2.19,,,,,,,79H/8D,,reimono01
352,Skip Schumaker,35,CIN,NL,57,39,25,365.2,93,67,22,4,5,.957,-12,-41,-5,-16,2.19,2.47,1.53,2.62,,,,,,,H74/98D,,schumsk01
353,Justin Morneau,34,COL,NL,44,42,33,361.0,390,357,32,1,54,.997,1,3,-1,-3,9.70,9.30,8.84,9.23,,,,,,,3/HD,,morneju01
354,Tyler Collins,25,DET,AL,43,40,33,358.1,80,73,3,4,1,.950,-6,-21,-5,-17,1.91,2.20,1.77,2.19,,,,,,,7D/H9,,collity01
355,Christian Bethancourt,23,ATL,NL,42,41,38,357.0,331,305,22,4,4,.988,3,10,0,0,8.24,8.47,7.79,8.41,8,9,11,9,45.0,0,2/H,,bethach01
356,Tyler Moore,28,WSN,NL,58,36,32,356.1,244,234,10,0,22,1.000,-2,-8,-4,-13,6.16,6.78,4.00,6.64,,,,,,,H37/19,,moorety01
357,Alex Guerrero,28,LAD,NL,51,45,20,356.0,77,39,35,3,3,.961,-3,-11,-2,-7,1.87,2.23,1.45,2.22,,,,,,,H75/D,,guerral01
358,Matt Adams,26,STL,NL,46,42,30,352.0,356,321,32,3,30,.992,3,9,2,7,9.03,9.30,7.67,9.23,,,,,,,3H,,adamsma01
359,Austin Hedges,22,SDP,NL,47,41,30,350.2,396,366,26,4,1,.990,0,0,3,10,10.06,8.47,8.34,8.41,2,12,33,16,32.7,1,2/H,,hedgeau01
360,Jose Lobaton,30,WSN,NL,42,38,36,347.1,321,299,20,2,3,.994,-1,-3,-1,-3,8.27,8.47,7.60,8.41,4,13,23,8,25.8,0,2/H,,lobatjo01
361,Carl Crawford,33,LAD,NL,51,42,25,346.2,38,38,0,0,0,1.000,-8,-28,-4,-14,0.99,2.07,0.75,2.06,,,,,,,7H/D,,crawfca02
362,Josh Hamilton,34,TEX,AL,42,40,29,345.0,72,70,2,0,0,1.000,2,8,0,0,1.88,2.20,1.71,2.19,,,,,,,79/HD,,hamiljo03
363,Daniel Nava,32,2TM,AL,53,36,18,345.0,142,135,6,1,8,.993,3,10,0,0,3.68,3.82,2.43,3.72,,,,,,,9H37/D,,navada01
363,Daniel Nava,32,BOS,AL,26,18,11,170.1,79,77,2,0,7,1.000,2,11,1,7,4.17,4.14,2.93,3.71,,,,,,,9/H73D,,navada01
363,Daniel Nava,32,TBR,AL,27,18,7,174.2,63,58,4,1,1,.984,1,9,-1,-7,3.19,3.50,2.00,3.74,,,,,,,9/3H7,,navada01
364,David Wright,32,NYM,NL,38,38,34,337.2,82,23,55,4,2,.951,-5,-19,-9,-32,2.08,2.46,2.05,2.44,,,,,,,5,,wrighda03
365,Miguel Rojas,26,MIA,NL,48,36,31,333.2,143,45,96,2,20,.986,1,3,3,11,3.80,4.09,2.82,4.08,,,,,,,6H/45,,rojasmi02
366,Delmon Young,29,BAL,AL,42,39,29,333.2,72,62,8,2,0,.972,-3,-10,5,18,1.89,2.20,1.67,2.19,,,,,,,9H/D7,,youngde03
367,Eduardo Núñez,28,MIN,AL,47,35,33,330.1,136,46,87,3,10,.978,0,-1,2,7,3.62,3.67,2.83,3.53,,,,,,,6H5D/74,,nunezed02
368,Tommy Pham,27,STL,NL,44,35,18,328.1,65,63,2,0,1,1.000,2,7,3,11,1.78,2.07,1.48,2.06,,,,,,,87H/9,,phamth01
369,Byron Buxton,21,MIN,AL,44,35,33,327.0,117,115,2,0,0,1.000,5,17,5,18,3.22,2.20,2.66,2.19,,,,,,,8/H,,buxtoby01
370,Aaron Altherr,24,PHI,NL,37,35,29,323.1,83,80,3,0,1,1.000,5,18,6,22,2.31,2.07,2.24,2.06,,,,,,,79/8H,,altheaa01
371,Dioner Navarro,31,TOR,AL,39,34,32,320.0,266,242,20,4,3,.985,3,11,1,4,7.37,8.27,6.72,8.21,2,8,14,9,39.1,2,2D/H,,navardi01
372,Cole Gillespie,31,MIA,NL,52,34,24,315.0,84,80,0,4,0,.952,-2,-9,-1,-4,2.29,2.07,1.54,2.06,,,,,,,89H7,,gilleco01
373,Tuffy Gosewisch,31,ARI,NL,37,34,31,311.1,281,256,24,1,0,.996,3,12,3,12,8.09,8.47,7.57,8.41,2,7,19,11,36.7,0,2/H,,gosewtu01
374,Franklin Gutierrez,32,SEA,AL,46,36,22,309.1,71,67,3,1,1,.986,3,12,6,23,2.04,2.20,1.52,2.19,,,,,,,7H/D9,,gutiefr01
375,Sandy León,26,BOS,AL,38,33,28,307.0,287,258,28,1,4,.997,4,16,6,23,8.38,8.25,7.53,8.06,2,10,10,10,50.0,1,2/HD5,,leonsa01
376,Drew Butera,31,2TM,AL,55,31,27,306.2,254,229,21,4,1,.984,2,7,-1,-4,7.34,8.34,4.39,8.33,1,15,15,9,37.5,1,2/3H,,buterdr01
376,Drew Butera,31,LAA,AL,10,7,5,62.0,47,41,5,1,0,.979,0,-6,1,19,6.68,8.36,4.60,8.46,0,3,8,3,27.3,1,/23,,buterdr01
376,Drew Butera,31,KCR,AL,45,24,22,244.2,207,188,16,3,1,.986,2,11,-2,-10,7.50,8.33,4.34,8.30,1,12,7,6,46.2,0,2/3H,,buterdr01
377,Andrew Susac,25,SFG,NL,40,33,32,302.2,244,222,18,4,3,.984,-4,-16,-1,-4,7.14,8.47,6.00,8.41,3,9,29,6,17.1,0,2H,,susacan01
378,Jerry Sands,27,CLE,AL,47,32,20,299.2,129,124,5,0,2,1.000,3,13,-1,-4,3.87,3.83,2.69,3.76,,,,,,,9H3/7D,,sandsje01
379,Ehire Adrianza,25,SFG,NL,42,31,25,297.1,158,57,98,3,24,.981,6,22,3,12,4.69,4.66,3.69,4.60,,,,,,,46H/35,,adriaeh01
380,JB Shuck,28,CHW,AL,48,29,25,297.0,79,75,4,0,0,1.000,-6,-24,1,4,2.39,2.20,1.65,2.19,,,,,,,H987,,shuckja01
381,Adam Rosales,32,TEX,AL,47,32,17,296.1,190,120,67,3,25,.984,3,10,2,8,5.68,5.47,3.40,5.45,,,,,,,345H/17D,,rosalad01
382,Trayce Thompson,24,CHW,AL,39,32,27,295.1,69,68,0,1,0,.986,6,23,4,16,2.07,2.20,1.74,2.19,,,,,,,978/HD,,thomptr01
383,Tony Cruz,28,STL,NL,53,30,23,293.0,269,251,18,0,2,1.000,-2,-9,-3,-12,8.26,8.35,4.98,8.08,1,11,17,3,15.0,0,2H/5,,cruzto03
384,Nick Swisher,34,2TM,2LG,37,36,21,293.0,140,133,5,2,12,.986,-3,-11,-7,-29,4.24,4.17,3.54,4.27,,,,,,,D7H3/9,,swishni01
384,Nick Swisher,34,CLE,AL,1,1,1,8.0,1,0,0,1,0,.000,0,-60,0,0,0.00,2.25,0.00,2.20,,,,,,,D/H9,,swishni01
384,Nick Swisher,34,ATL,NL,36,35,20,285.0,139,133,5,1,12,.993,-2,-9,-7,-29,4.36,4.23,3.63,4.33,,,,,,,73/H9D,,swishni01
385,Drew Stubbs,30,2TM,2LG,64,26,17,291.1,62,60,2,0,0,1.000,3,12,-1,-4,1.92,2.10,0.97,2.11,,,,,,,8H7/9D,,stubbdr01
385,Drew Stubbs,30,COL,NL,40,21,16,217.0,51,49,2,0,0,1.000,3,15,0,0,2.12,2.07,1.28,2.06,,,,,,,8H7/9,,stubbdr01
385,Drew Stubbs,30,TEX,AL,24,5,1,74.1,11,11,0,0,0,1.000,0,0,-1,-16,1.33,2.20,0.46,2.19,,,,,,,8/7HD,,stubbdr01
386,Justin Ruggiano,33,2TM,2LG,47,28,17,286.1,59,58,0,1,0,.983,-3,-13,-7,-29,1.82,2.15,1.23,2.15,,,,,,,H789/D,,ruggiju01
386,Justin Ruggiano,33,SEA,AL,31,15,11,169.2,41,40,0,1,0,.976,-3,-21,-6,-42,2.12,2.20,1.29,2.19,,,,,,,8H9/7D,,ruggiju01
386,Justin Ruggiano,33,LAD,NL,16,13,6,116.2,18,18,0,0,0,1.000,0,-2,-1,-10,1.39,2.07,1.13,2.06,,,,,,,7/H9,,ruggiju01
387,Chris Herrmann,27,MIN,AL,42,32,22,284.0,227,208,16,3,5,.987,1,3,-2,-8,7.10,8.24,5.33,7.96,0,13,11,8,42.1,0,2/H39D,,herrmch01
388,Christian Colón,26,KCR,AL,41,28,25,281.1,139,49,85,5,20,.964,0,0,2,9,4.29,4.05,3.12,4.01,,,,,,,64/5H,,colonch01
389,Jonathan Villar,24,HOU,AL,42,28,26,280.2,124,37,78,9,18,.927,1,6,1,4,3.69,3.57,2.61,3.46,,,,,,,6H5/7D48,,villajo01
390,Micah Johnson,24,CHW,AL,33,32,26,280.0,137,58,76,3,14,.978,-6,-25,-5,-21,4.31,4.58,4.06,4.55,,,,,,,4/H,,johnsmi04
391,Chris Gimenez,32,TEX,AL,36,32,23,279.0,246,230,13,3,3,.988,-4,-17,-5,-22,7.84,8.27,6.75,8.21,2,16,18,2,10.0,1,2,,gimench01
392,Eury Pérez,25,ATL,NL,36,30,28,278.2,65,61,3,1,0,.985,-4,-16,1,4,2.07,2.07,1.78,2.06,,,,,,,7H/98D,,perezeu01
393,Kirk Nieuwenhuis,27,2TM,2LG,51,27,20,278.1,79,77,2,0,1,1.000,6,25,6,26,2.55,2.10,1.55,2.09,,,,,,,7H8/9,,nieuwki01
393,Kirk Nieuwenhuis,27,NYM,NL,41,21,16,218.1,62,60,2,0,1,1.000,1,6,4,22,2.56,2.07,1.51,2.06,,,,,,,H78/9,,nieuwki01
393,Kirk Nieuwenhuis,27,LAA,AL,10,6,4,60.0,17,17,0,0,0,1.000,5,92,2,40,2.55,2.21,1.70,2.19,,,,,,,/78H,,nieuwki01
394,Carlos Corporán,31,TEX,AL,31,30,29,277.2,233,219,11,3,2,.987,-1,-4,0,0,7.45,8.27,7.42,8.21,3,10,20,7,25.9,1,2/HD,,corpoca01
395,Curt Casali,26,TBR,AL,37,32,25,275.1,257,241,15,1,4,.996,-3,-13,-2,-9,8.37,8.27,6.92,8.21,0,19,19,7,26.9,0,2/HD,,casalcu01
396,Michael McKenry,30,COL,NL,32,31,29,272.1,239,226,8,5,0,.979,-6,-26,-1,-4,7.73,8.47,7.31,8.41,1,13,30,3,9.1,0,2H/D,,mckenmi01
397,Héctor Gómez,27,MIL,NL,44,28,20,270.0,129,46,79,4,21,.969,-3,-12,1,4,4.17,4.26,2.60,4.05,,,,,,,H45/67,,gomezhe01
398,Logan Schafer,28,MIL,NL,50,25,23,268.0,73,70,1,2,0,.973,-4,-18,-6,-27,2.38,2.07,1.42,2.06,,,,,,,8H/7,,schaflo01
399,Garrett Jones,34,NYY,AL,45,28,18,266.1,149,137,12,0,10,1.000,-4,-16,-2,-9,5.04,4.82,3.04,5.11,,,,,,,93H/7D1,,jonesga02
400,Jonathan Herrera,30,CHC,NL,45,25,15,264.0,112,45,64,3,11,.973,-2,-7,-4,-18,3.72,4.01,2.37,3.93,,,,,,,H45/6,,herrejo03
401,Brendan Ryan,33,NYY,AL,43,29,11,263.2,119,39,75,5,11,.958,0,0,-1,-5,3.89,4.01,2.19,4.10,,,,,,,45/H6391,,ryanbr01
402,Coco Crisp,35,OAK,AL,37,27,23,253.1,52,51,1,0,0,1.000,0,1,2,9,1.85,2.20,1.41,2.19,,,,,,,7H,,crispco01
403,Chris Taylor,24,SEA,AL,33,27,26,252.1,114,38,72,4,12,.965,-4,-18,-3,-14,3.92,4.23,3.33,4.18,,,,,,,6/H4D5,,tayloch03
404,Hanser Alberto,22,TEX,AL,36,26,22,249.2,137,46,89,2,17,.985,5,23,5,24,4.87,4.33,3.46,4.13,,,,,,,4/65HD,,alberha01
405,Pete Kozma,27,STL,NL,59,18,12,248.2,129,40,85,4,11,.969,1,4,0,0,4.52,3.95,1.98,4.10,,,,,,,H645/37D,,kozmape01
406,Joey Gallo,21,TEX,AL,32,28,21,246.0,56,29,22,5,2,.911,2,12,1,5,1.87,2.41,1.50,2.38,,,,,,,75/HD8,,gallojo01
407,Jeff Mathis,32,MIA,NL,30,29,25,246.0,224,210,13,1,1,.996,1,5,1,5,8.16,8.47,7.43,8.41,0,12,11,5,31.3,0,2/H,,mathije01
408,Dilson Herrera,21,NYM,NL,29,27,27,243.1,140,53,85,2,19,.986,0,-2,-2,-10,5.10,4.78,4.76,4.74,,,,,,,4/H,,herredi01
409,Everth Cabrera,28,BAL,AL,28,28,25,240.1,96,26,67,3,9,.969,1,3,-5,-25,3.48,4.23,3.21,4.21,,,,,,,6/4H,,cabreev01
410,Nick Franklin,24,TBR,AL,36,22,19,235.0,127,69,53,5,16,.961,0,0,-3,-15,4.67,5.53,3.13,5.52,,,,,,,4H63/D1,,frankni01
411,Pedro Ciriaco,29,ATL,NL,41,24,20,234.2,105,51,53,1,17,.990,0,-2,0,0,3.99,3.94,2.42,3.53,,,,,,,H5/6437D,,ciriape01
412,Max Muncy,24,OAK,AL,37,27,17,234.2,175,142,27,6,9,.966,-1,-3,-1,-5,6.48,6.62,4.33,6.40,,,,,,,35H/D,,muncyma01
413,Travis Jankowski,24,SDP,NL,32,27,18,234.0,51,49,1,1,0,.980,-1,-4,1,5,1.92,2.07,1.56,2.06,,,,,,,89/H,,jankotr01
414,Clayton Kershaw,27,LAD,NL,33,33,4,232.2,54,8,45,1,1,.981,,,5,4,2.05,1.69,1.61,1.68,,,,,,,1/H,ASCYA-3MVP-10,kershcl01
415,Dan Uggla,35,WSN,NL,32,22,21,232.1,103,39,62,2,9,.981,-2,-9,-2,-10,3.91,4.80,3.16,4.88,,,,,,,H4/3D,,ugglada01
416,Dallas Keuchel,27,HOU,AL,33,33,3,232.0,72,18,53,1,1,.986,,,12,10,2.75,1.52,2.15,1.51,,,,,,,1,ASCYA-1MVP-5GG,keuchda01
417,Corey Seager,21,LAD,NL,26,25,24,231.2,110,24,81,5,13,.955,-1,-4,1,5,4.08,4.05,3.89,3.93,,,,,,,6/5H,,seageco01
418,Luis Sardiñas,22,MIL,NL,30,24,20,230.0,131,48,81,2,23,.985,-2,-11,2,10,5.05,4.33,3.91,4.36,,,,,,,46/H5,,sardilu01
419,Jake Arrieta,29,CHC,NL,33,33,4,229.0,86,33,49,4,5,.953,,,5,4,3.22,1.69,2.48,1.68,,,,,,,1,CYA-1MVP-6,arrieja01
420,Jason Rogers,27,MIL,NL,30,25,21,228.2,225,210,11,4,12,.982,-4,-20,-3,-16,8.70,8.52,7.37,7.83,,,,,,,H3/57D,,rogerja02
421,Max Scherzer,30,WSN,NL,33,33,4,228.2,29,7,22,0,0,1.000,,,0,0,1.14,1.69,0.88,1.68,,,,,,,1/H,ASCYA-5,scherma01
422,Chris Parmelee,27,BAL,AL,32,26,24,228.1,206,192,13,1,18,.995,-1,-6,0,0,8.08,7.43,6.21,7.37,,,,,,,3/9H,,parmech01
423,Ryan Lavarnway,27,2TM,2LG,31,25,24,226.2,201,191,8,2,1,.990,1,5,-2,-11,7.90,8.42,6.42,8.38,1,6,9,5,35.7,0,2/H3,,lavarry01
423,Ryan Lavarnway,27,BAL,AL,9,8,8,67.0,59,55,3,1,1,.983,0,0,0,0,7.79,8.27,6.44,8.21,1,2,3,2,40.0,0,/2H,,lavarry01
423,Ryan Lavarnway,27,ATL,NL,22,17,16,159.2,142,136,5,1,0,.993,1,8,-2,-15,7.95,8.48,6.41,8.45,0,4,6,3,33.3,0,2/H3,,lavarry01
424,Mikie Mahtook,25,TBR,AL,36,24,13,225.2,65,63,1,1,1,.985,2,8,0,0,2.55,2.20,1.78,2.19,,,,,,,789/HD,,mahtomi01
425,Desmond Jennings,28,TBR,AL,26,26,18,225.0,53,50,3,0,0,1.000,2,11,2,11,2.12,2.20,2.04,2.19,,,,,,,78/DH,,jennide01
426,Mike Olt,26,2TM,2LG,29,26,16,223.0,74,40,28,6,2,.919,-4,-23,-3,-16,2.74,3.55,2.19,3.62,,,,,,,5/3H,,oltmi01
426,Mike Olt,26,CHC,NL,6,3,2,28.0,7,2,5,0,0,1.000,0,9,1,43,2.25,2.48,1.17,2.43,,,,,,,/5H,,oltmi01
426,Mike Olt,26,CHW,AL,23,23,14,195.0,67,38,23,6,2,.910,-4,-27,-4,-25,2.82,3.70,2.44,3.90,,,,,,,5/3H,,oltmi01
427,Zack Greinke,31,LAD,NL,32,32,1,222.2,62,19,41,2,2,.968,,,8,7,2.43,1.69,1.88,1.68,,,,,,,1,ASCYA-2MVP-7GG,greinza01
428,Corey Kluber,29,CLE,AL,32,32,4,222.0,41,16,25,0,2,1.000,,,1,1,1.66,1.52,1.28,1.51,,,,,,,1,CYA-9,klubeco01
429,Kyle Parker,25,COL,NL,33,27,14,221.1,48,45,2,1,0,.979,1,6,-3,-16,1.91,2.46,1.38,2.48,,,,,,,7H/93,,parkeky01
430,David Price,29,2TM,AL,32,32,3,220.1,39,14,23,2,1,.949,,,4,4,1.51,1.52,1.16,1.51,,,,,,,1,ASCYA-2MVP-9,priceda01
430,David Price,29,DET,AL,21,21,3,146.0,28,9,17,2,1,.929,,,3,4,1.60,1.52,1.24,1.51,,,,,,,1,,priceda01
430,David Price,29,TOR,AL,11,11,0,74.1,11,5,6,0,0,1.000,,,1,3,1.33,1.51,1.00,1.51,,,,,,,1,,priceda01
431,Madison Bumgarner,25,SFG,NL,32,32,4,218.1,25,5,19,1,1,.960,,,0,0,0.99,1.69,0.75,1.68,,,,,,,1/H,ASCYA-6SS,bumgama01
432,John Lackey,36,STL,NL,33,33,1,218.0,37,20,15,2,3,.946,,,-7,-6,1.44,1.69,1.06,1.68,,,,,,,1,CYA-9,lackejo01
433,Kristopher Negrón,29,CIN,NL,35,20,17,217.1,99,50,46,3,11,.970,2,13,4,22,3.98,4.03,2.67,3.56,,,,,,,H67/48359,,negrokr01
434,Joey Butler,29,TBR,AL,34,24,14,216.1,57,55,1,1,0,.982,1,5,2,11,2.33,2.20,1.65,2.19,,,,,,,D7H/9,,butlejo04
435,Dalton Pompey,22,TOR,AL,27,24,24,216.1,63,58,3,2,0,.968,4,22,5,28,2.54,2.20,2.26,2.19,,,,,,,8/H7D,,pompeda01
436,Matt den Dekker,27,WSN,NL,38,20,17,216.0,34,33,0,1,0,.971,1,7,1,6,1.38,2.07,0.87,2.06,,,,,,,7H9/8,,dendema01
437,Anthony Recker,31,NYM,NL,30,24,23,215.2,187,180,6,1,1,.995,-1,-8,-5,-28,7.76,8.48,6.20,8.24,1,5,10,1,9.1,0,2/H35,,reckean01
438,R.A. Dickey,40,TOR,AL,33,33,2,214.1,36,11,25,0,1,1.000,,,2,2,1.51,1.52,1.09,1.51,,,,,,,1,,dicker.01
439,Jeff Samardzija,30,CHW,AL,32,32,2,214.0,21,7,14,0,2,1.000,,,-4,-4,0.88,1.52,0.66,1.51,,,,,,,1,,samarje01
440,Cole Hamels,31,2TM,2LG,32,32,2,212.1,37,10,25,2,1,.946,,,-4,-4,1.48,1.62,1.09,1.62,,,,,,,1,,hamelco01
440,Cole Hamels,31,PHI,NL,20,20,1,128.2,27,5,20,2,0,.926,,,-3,-5,1.75,1.69,1.25,1.68,,,,,,,1,,hamelco01
440,Cole Hamels,31,TEX,AL,12,12,1,83.2,10,5,5,0,1,1.000,,,-1,-2,1.08,1.52,0.83,1.51,,,,,,,1,,hamelco01
441,Chris Archer,26,TBR,AL,34,34,1,212.0,29,5,22,2,3,.931,,,-2,-2,1.15,1.52,0.79,1.51,,,,,,,1,ASCYA-5,archech01
442,Johnny Cueto,29,2TM,2LG,32,32,2,212.0,43,21,22,0,2,1.000,,,5,5,1.83,1.62,1.34,1.61,,,,,,,1,,cuetojo01
442,Johnny Cueto,29,CIN,NL,19,19,1,130.2,30,12,18,0,1,1.000,,,5,8,2.07,1.69,1.58,1.68,,,,,,,1,,cuetojo01
442,Johnny Cueto,29,KCR,AL,13,13,1,81.1,13,9,4,0,1,1.000,,,0,0,1.44,1.52,1.00,1.51,,,,,,,1,,cuetojo01
443,Chris Sale,26,CHW,AL,31,31,1,208.2,24,7,16,1,1,.958,,,0,0,0.99,1.52,0.74,1.51,,,,,,,1,ASCYA-4MVP-19,salech01
444,Gerrit Cole,24,PIT,NL,32,32,0,208.0,47,10,37,0,1,1.000,,,5,5,2.03,1.69,1.47,1.68,,,,,,,1/H,ASCYA-4MVP-19,colege01
445,Sonny Gray,25,OAK,AL,31,31,3,208.0,60,37,23,0,1,1.000,,,2,2,2.60,1.52,1.94,1.51,,,,,,,1,ASCYA-3,grayso01
446,Garrett Richards,27,LAA,AL,32,32,1,207.1,49,17,29,3,2,.939,,,-3,-3,2.00,1.52,1.44,1.51,,,,,,,1,,richaga01
447,Jose Quintana,26,CHW,AL,32,32,1,206.1,29,2,27,0,1,1.000,,,3,3,1.26,1.52,0.91,1.51,,,,,,,1,,quintjo01
448,Shelby Miller,24,ATL,NL,33,33,2,205.1,36,9,22,5,3,.861,,,-2,-2,1.36,1.69,0.94,1.68,,,,,,,1,AS,millesh01
449,Jon Lester,31,CHC,NL,32,32,1,205.0,30,10,17,3,1,.900,,,-8,-8,1.19,1.69,0.84,1.68,,,,,,,1,,lestejo01
450,Colby Lewis,35,TEX,AL,33,33,2,204.2,19,8,10,1,0,.947,,,-5,-5,0.79,1.52,0.55,1.51,,,,,,,1,,lewisco01
451,Collin McHugh,28,HOU,AL,32,32,0,203.2,45,13,31,1,1,.978,,,1,1,1.94,1.52,1.38,1.51,,,,,,,1,CYA-8,mchugco01
452,James Shields,33,SDP,NL,33,33,0,202.1,43,10,30,3,2,.930,,,0,0,1.78,1.69,1.21,1.68,,,,,,,1/H,,shielja02
453,Félix Hernández,29,SEA,AL,31,31,2,201.2,41,13,26,2,2,.951,,,2,2,1.74,1.52,1.26,1.51,,,,,,,1,ASCYA-7,hernafe02
454,Jordan Zimmermann,29,WSN,NL,33,33,0,201.2,47,16,29,2,1,.957,,,2,2,2.01,1.69,1.36,1.68,,,,,,,1,,zimmejo02
455,Julio Teheran,24,ATL,NL,33,33,0,200.2,47,16,30,1,5,.979,,,4,4,2.06,1.69,1.39,1.68,,,,,,,1,,teherju01
456,Edinson Vólquez,31,KCR,AL,34,33,1,200.1,22,7,13,2,0,.909,,,-8,-8,0.90,1.52,0.59,1.51,,,,,,,1,,volqued01
457,Collin Cowgill,29,LAA,AL,46,17,12,200.0,54,52,2,0,0,1.000,6,35,6,36,2.43,2.20,1.17,2.19,,,,,,,7H/89D,,cowgico01
458,Efren Navarro,29,LAA,AL,46,19,13,199.0,141,135,6,0,7,1.000,4,22,7,42,6.38,5.91,3.07,6.50,,,,,,,37H/9D,,navaref01
459,Mark Buehrle,36,TOR,AL,32,32,4,198.2,43,11,29,3,4,.930,,,4,4,1.81,1.52,1.25,1.51,,,,,,,1,,buehrma01
460,Josh Rutledge,26,BOS,AL,35,19,16,197.1,97,34,59,4,14,.959,-6,-33,-3,-18,4.24,4.36,2.66,4.27,,,,,,,4/H5D,,rutlejo01
461,Tyson Ross,28,SDP,NL,33,33,1,196.0,47,12,31,4,3,.915,,,-4,-4,1.97,1.69,1.30,1.68,,,,,,,1/H,,rossty01
462,Daniel Castro,22,ATL,NL,25,21,18,195.0,104,38,65,1,26,.990,-1,-6,4,25,4.75,4.40,3.81,4.17,,,,,,,46/H5,,castrda01
463,Bartolo Colon,42,NYM,NL,33,31,1,194.2,44,9,32,3,6,.932,,,3,3,1.90,1.69,1.24,1.68,,,,,,,1,,colonba01
464,Kyle Gibson,27,MIN,AL,32,32,1,194.2,44,16,27,1,3,.977,,,1,1,1.99,1.52,1.34,1.51,,,,,,,1,,gibsoky01
465,Ryan Raburn,34,CLE,AL,36,24,7,194.2,45,43,1,1,0,.978,-6,-37,-4,-25,2.03,2.20,1.22,2.17,,,,,,,DH79/1,,raburry01
466,Rafael Ynoa,27,COL,NL,35,19,9,194.2,60,27,31,2,5,.967,1,6,-5,-31,2.68,2.80,1.38,2.90,,,,,,,H75/64,,ynoara01
467,Wade Miley,28,BOS,AL,32,32,1,193.2,38,7,30,1,1,.974,,,5,5,1.72,1.52,1.16,1.51,,,,,,,1,,mileywa01
468,John Mayberry,31,NYM,NL,29,23,13,193.0,58,57,1,0,1,1.000,4,22,1,6,2.70,2.07,2.00,2.06,,,,,,,H79/D,,maybejo02
469,Ryan Rua,25,TEX,AL,27,24,12,192.0,42,42,0,0,0,1.000,-1,-9,0,0,1.97,2.49,1.45,3.13,,,,,,,7/39H,,ruary01
470,Mike Leake,27,2TM,NL,30,30,2,192.0,52,19,32,1,2,.981,,,6,6,2.39,1.69,1.70,1.68,,,,,,,1/H,,leakemi01
470,Mike Leake,27,CIN,NL,21,21,1,136.2,42,17,24,1,1,.976,,,5,7,2.70,1.69,1.95,1.68,,,,,,,1/H,,leakemi01
470,Mike Leake,27,SFG,NL,9,9,1,55.1,10,2,8,0,1,1.000,,,1,4,1.63,1.69,1.11,1.68,,,,,,,/1H,,leakemi01
471,Wei-Yin Chen,29,BAL,AL,31,31,0,191.1,36,12,22,2,4,.944,,,-1,-1,1.60,1.52,1.10,1.51,,,,,,,1,,chenwe02
472,Jacob deGrom,27,NYM,NL,30,30,0,191.0,49,17,32,0,3,1.000,,,7,7,2.31,1.69,1.63,1.68,,,,,,,1/H,ASCYA-7,degroja01
473,Alex Wood,24,2TM,NL,31,31,0,189.2,33,4,27,2,3,.939,,,-1,-1,1.47,1.69,0.97,1.68,,,,,,,1,,woodal02
473,Alex Wood,24,ATL,NL,19,19,0,119.1,18,2,14,2,2,.889,,,-3,-5,1.21,1.69,0.80,1.68,,,,,,,1,,woodal02
473,Alex Wood,24,LAD,NL,12,12,0,70.1,15,2,13,0,1,1.000,,,2,6,1.92,1.69,1.25,1.68,,,,,,,1,,woodal02
474,Matt Harvey,26,NYM,NL,29,29,0,189.1,27,6,19,2,1,.926,,,-1,-1,1.19,1.69,0.86,1.68,,,,,,,1,,harvema01
475,Jesús Montero,25,SEA,AL,27,25,12,189.0,187,181,5,1,18,.995,-7,-44,-3,-19,8.86,9.10,6.89,9.03,,,,,,,3/DH,,monteje01
476,Rubby De La Rosa,26,ARI,NL,32,32,0,188.2,43,26,17,0,3,1.000,,,-1,-1,2.05,1.69,1.34,1.68,,,,,,,1,,delarru01
477,Tom Koehler,29,MIA,NL,32,31,0,187.1,39,14,20,5,2,.872,,,-3,-3,1.63,1.69,1.06,1.68,,,,,,,1,,koehlto01
478,Dan Haren,34,2TM,NL,32,32,0,187.1,18,9,9,0,0,1.000,,,-2,-2,0.86,1.69,0.56,1.68,,,,,,,1/H,,harenda01
478,Dan Haren,34,MIA,NL,21,21,0,129.0,13,7,6,0,0,1.000,,,-1,-2,0.91,1.69,0.62,1.68,,,,,,,1/H,,harenda01
478,Dan Haren,34,CHC,NL,11,11,0,58.1,5,2,3,0,0,1.000,,,-1,-3,0.77,1.68,0.45,1.68,,,,,,,1,,harenda01
479,Jordan Schafer,28,MIN,AL,27,20,19,187.0,57,55,1,1,0,.982,-8,-53,-3,-19,2.70,2.20,2.07,2.19,,,,,,,8/H7,,schafjo02
480,Alfredo Simón,34,DET,AL,31,31,2,187.0,39,14,25,0,2,1.000,,,1,1,1.88,1.52,1.26,1.51,,,,,,,1,,simonal01
481,Francisco Liriano,31,PIT,NL,31,31,0,186.2,30,5,24,1,1,.967,,,2,2,1.40,1.69,0.94,1.68,,,,,,,1,,liriafr01
482,Danny Salazar,25,CLE,AL,30,30,0,185.0,31,11,17,3,1,.903,,,-1,-1,1.36,1.52,0.93,1.51,,,,,,,1,,salazda01
483,Andrew Cashner,28,SDP,NL,31,31,0,184.2,44,9,34,1,3,.977,,,0,0,2.10,1.69,1.39,1.68,,,,,,,1/H,,cashnan01
484,Anthony DeSclafani,25,CIN,NL,31,31,0,184.2,37,14,21,2,0,.946,,,-3,-3,1.71,1.69,1.13,1.68,,,,,,,1,,desclan01
485,Yovani Gallardo,29,TEX,AL,33,33,0,184.1,39,17,21,1,2,.974,,,2,2,1.86,1.52,1.15,1.51,,,,,,,1,,gallayo01
486,Carlos Peguero,28,2TM,AL,31,18,12,184.1,42,41,1,0,0,1.000,3,21,2,13,2.05,2.20,1.35,2.19,,,,,,,7H/98,,pegueca01
486,Carlos Peguero,28,TEX,AL,27,17,11,167.1,37,36,1,0,0,1.000,3,19,2,14,1.99,2.20,1.37,2.19,,,,,,,7/9H8,,pegueca01
486,Carlos Peguero,28,BOS,AL,4,1,1,17.0,5,5,0,0,0,1.000,1,35,0,0,2.65,2.22,1.25,2.20,,,,,,,/7H,,pegueca01
487,Todd Cunningham,26,ATL,NL,27,19,16,184.0,48,47,1,0,1,1.000,3,20,4,26,2.35,2.07,1.78,2.06,,,,,,,7H/98,,cunnito01
488,Ubaldo Jiménez,31,BAL,AL,32,32,0,184.0,23,7,15,1,1,.957,,,-4,-4,1.08,1.52,0.69,1.51,,,,,,,1,,jimenub01
489,Carlos Carrasco,28,CLE,AL,30,30,3,183.2,22,8,14,0,1,1.000,,,0,0,1.08,1.52,0.73,1.51,,,,,,,1,CYA-13,carraca01
490,Scott Kazmir,31,2TM,AL,31,31,0,183.0,28,4,17,7,1,.750,,,-3,-3,1.03,1.52,0.68,1.51,,,,,,,1,,kazmisc01
490,Scott Kazmir,31,OAK,AL,18,18,0,109.2,15,1,12,2,0,.867,,,-1,-2,1.07,1.52,0.72,1.51,,,,,,,1,,kazmisc01
490,Scott Kazmir,31,HOU,AL,13,13,0,73.1,13,3,5,5,1,.615,,,-2,-5,0.98,1.52,0.62,1.51,,,,,,,1,,kazmisc01
491,Michael Wacha,23,STL,NL,30,30,0,181.1,50,18,29,3,0,.940,,,3,3,2.33,1.69,1.57,1.68,,,,,,,1,AS,wachami01
492,Marco Estrada,31,TOR,AL,34,28,0,181.0,19,10,8,1,0,.947,,,-1,-1,0.90,1.52,0.53,1.51,,,,,,,1,CYA-10,estrama01
493,Héctor Santiago,27,LAA,AL,33,32,0,180.2,24,4,20,0,3,1.000,,,1,1,1.20,1.52,0.73,1.51,,,,,,,1,AS,santihe01
494,Brett Anderson,27,LAD,NL,31,31,1,180.1,51,4,47,0,1,1.000,,,-1,-1,2.55,1.69,1.65,1.68,,,,,,,1,,anderbr04
495,Dustin Garneau,27,COL,NL,22,19,18,180.1,158,146,10,2,0,.987,1,7,-4,-27,7.79,8.47,7.09,8.41,1,7,5,5,50.0,0,2,,garnedu01
496,Mike Fiers,30,2TM,2LG,31,30,1,180.1,35,10,21,4,0,.886,,,4,4,1.55,1.63,1.00,1.63,,,,,,,1,,fiersmi01
496,Mike Fiers,30,MIL,NL,21,21,0,118.0,20,5,11,4,0,.800,,,2,3,1.22,1.69,0.76,1.68,,,,,,,1,,fiersmi01
496,Mike Fiers,30,HOU,AL,10,9,1,62.1,15,5,10,0,0,1.000,,,2,6,2.17,1.52,1.50,1.51,,,,,,,1,,fiersmi01
497,Kyle Hendricks,25,CHC,NL,32,32,1,180.0,46,17,29,0,2,1.000,,,4,4,2.30,1.69,1.44,1.68,,,,,,,1,,hendrky01
498,Dixon Machado,23,DET,AL,24,20,18,179.2,95,37,56,2,14,.979,0,-1,0,0,4.66,4.21,3.88,4.18,,,,,,,6/H,,machadi01
499,Carlos Martínez,23,STL,NL,31,29,0,179.2,46,18,26,2,3,.957,,,-1,-1,2.20,1.69,1.42,1.68,,,,,,,1/H,AS,martica04
500,Phil Gosselin,26,2TM,NL,23,22,13,179.0,73,26,44,3,8,.959,0,0,-2,-13,3.52,3.92,2.69,3.81,,,,,,,H4/57,,gosseph01
500,Phil Gosselin,26,ATL,NL,8,7,5,56.0,22,6,14,2,4,.909,1,13,0,0,3.21,3.44,2.50,3.30,,,,,,,H/54,,gosseph01
500,Phil Gosselin,26,ARI,NL,15,15,8,123.0,51,20,30,1,4,.980,-1,-6,-2,-20,3.66,4.14,2.78,4.04,,,,,,,4/H75,,gosseph01
501,Darnell Sweeney,24,PHI,NL,24,21,14,178.1,52,35,14,3,4,.942,-7,-49,-3,-20,2.47,3.08,2.04,3.08,,,,,,,H7/4859,,sweenda02
502,John Danks,30,CHW,AL,30,30,2,177.2,29,6,20,3,1,.897,,,-2,-2,1.32,1.52,0.87,1.51,,,,,,,1,,danksjo01
503,Chris Heston,27,SFG,NL,31,31,2,177.2,40,12,24,4,3,.900,,,4,5,1.82,1.69,1.16,1.68,,,,,,,1,,hestoch01
504,Jimmy Nelson,26,MIL,NL,30,30,0,177.1,30,8,21,1,3,.967,,,-8,-9,1.47,1.69,0.97,1.68,,,,,,,1,,nelsoji02
505,Daniel Robertson,29,LAA,AL,33,15,11,177.0,54,51,3,0,0,1.000,6,37,6,41,2.75,2.20,1.64,2.19,,,,,,,7H/89,,roberda09
506,Jon Niese,28,NYM,NL,33,29,0,176.2,47,7,39,1,4,.979,,,3,3,2.34,1.69,1.39,1.68,,,,,,,1,,niesejo01
507,Trevor Bauer,24,CLE,AL,31,30,1,176.0,26,12,13,1,3,.962,,,0,0,1.28,1.52,0.81,1.51,,,,,,,1,,bauertr01
508,Gio González,29,WSN,NL,31,31,0,175.2,41,9,32,0,1,1.000,,,3,3,2.10,1.69,1.32,1.68,,,,,,,1,,gonzagi01
509,Lance Lynn,28,STL,NL,31,31,0,175.1,28,12,14,2,1,.929,,,-3,-3,1.33,1.69,0.84,1.68,,,,,,,1,,lynnla01
510,Jefry Marté,24,DET,AL,28,19,11,175.0,138,108,26,4,12,.971,-4,-28,-1,-7,6.89,7.16,4.62,7.48,,,,,,,3H/5D,,marteje01
511,José Pirela,25,NYY,AL,30,21,10,174.2,87,38,45,4,12,.954,-3,-19,-3,-21,4.28,4.33,2.77,4.32,,,,,,,4H/D79,,pireljo01
512,Chris Tillman,27,BAL,AL,31,31,0,173.0,26,7,18,1,0,.962,,,-2,-2,1.30,1.52,0.81,1.51,,,,,,,1,,tillmch01
513,Aaron Harang,37,PHI,NL,29,29,0,172.1,23,6,15,2,0,.913,,,-4,-5,1.10,1.69,0.72,1.68,,,,,,,1,,haranaa01
514,Rick Porcello,26,BOS,AL,28,28,0,172.0,32,10,19,3,3,.906,,,-3,-3,1.52,1.52,1.04,1.51,,,,,,,1,,porceri01
515,J.A. Happ,32,2TM,2LG,32,31,0,172.0,27,4,21,2,0,.926,,,0,0,1.31,1.59,0.78,1.57,,,,,,,1,,happja01
515,J.A. Happ,32,SEA,AL,21,20,0,108.2,16,2,12,2,0,.875,,,0,0,1.16,1.52,0.67,1.51,,,,,,,1,,happja01
515,J.A. Happ,32,PIT,NL,11,11,0,63.1,11,2,9,0,0,1.000,,,0,0,1.56,1.69,1.00,1.68,,,,,,,1,,happja01
516,Eric Young Jr.,30,2TM,NL,29,18,10,171.0,50,50,0,0,0,1.000,4,27,0,0,2.63,2.07,1.72,2.06,,,,,,,H78/9,,younger03
516,Eric Young Jr.,30,ATL,NL,22,17,9,153.0,45,45,0,0,0,1.000,4,27,-1,-8,2.65,2.07,2.05,2.06,,,,,,,8H7,,younger03
516,Eric Young Jr.,30,NYM,NL,7,1,1,18.0,5,5,0,0,0,1.000,0,20,1,67,2.50,2.05,0.71,2.06,,,,,,,H/79,,younger03
517,Jason Hammel,32,CHC,NL,31,31,0,170.2,33,8,23,2,1,.939,,,-1,-1,1.63,1.69,1.00,1.68,,,,,,,1/H,,hammeja01
518,Javier Báez,22,CHC,NL,26,16,7,169.2,76,25,49,2,11,.974,3,23,3,21,3.93,3.82,2.00,4.09,,,,,,,45/6H3,,baezja01
519,Taijuan Walker,22,SEA,AL,29,29,1,169.2,35,12,19,4,1,.886,,,1,1,1.64,1.52,1.07,1.51,,,,,,,1,,walketa01
520,Jake Odorizzi,25,TBR,AL,28,28,0,169.1,14,4,10,0,2,1.000,,,-2,-2,0.74,1.52,0.50,1.51,,,,,,,1,,odorija01
521,Ian Kennedy,30,SDP,NL,30,30,0,168.1,20,8,12,0,2,1.000,,,-1,-1,1.07,1.69,0.67,1.68,,,,,,,1,,kenneia01
522,Jeff Locke,27,PIT,NL,30,30,0,168.1,32,7,25,0,1,1.000,,,-4,-5,1.71,1.69,1.07,1.68,,,,,,,1,,lockeje01
523,Héctor Olivera,30,ATL,NL,21,21,12,168.0,42,15,23,4,2,.905,-3,-18,-2,-14,2.04,2.46,1.81,2.44,,,,,,,5/H,,olivehe01
524,CC Sabathia,34,NYY,AL,29,29,1,167.1,11,3,7,1,0,.909,,,-5,-6,0.54,1.52,0.34,1.51,,,,,,,1,,sabatc.01
525,Mike Pelfrey,31,MIN,AL,30,30,0,164.2,28,8,20,0,2,1.000,,,-3,-4,1.53,1.52,0.93,1.51,,,,,,,1,,pelfrmi01
526,A.J. Burnett,38,PIT,NL,26,26,0,164.0,34,11,20,3,1,.912,,,-6,-7,1.70,1.69,1.19,1.68,,,,,,,1,AS,burnea.01
527,Chris Heisey,30,LAD,NL,28,17,8,163.1,28,27,1,0,0,1.000,1,5,2,15,1.54,2.07,1.00,2.06,,,,,,,798/H,,heisech01
528,Erasmo Ramírez,25,TBR,AL,34,27,0,163.1,27,7,19,1,2,.963,,,2,2,1.43,1.52,0.76,1.51,,,,,,,1,,ramirer02
529,Yordano Ventura,24,KCR,AL,28,28,0,163.1,33,15,16,2,1,.939,,,4,5,1.71,1.52,1.11,1.51,,,,,,,1,,ventuyo01
530,Donovan Solano,27,MIA,NL,26,14,11,163.0,63,13,47,3,5,.952,-2,-12,0,0,3.31,3.79,2.22,3.74,,,,,,,H56/4,,solando01
531,Michael Pineda,26,NYY,AL,27,27,1,160.2,30,9,19,2,0,.933,,,0,0,1.57,1.52,1.04,1.51,,,,,,,1,,pinedmi01
532,Jered Weaver,32,LAA,AL,26,26,1,159.0,32,13,16,3,0,.906,,,-2,-3,1.64,1.52,1.12,1.51,,,,,,,1,,weaveje02
533,Jesse Chavez,31,OAK,AL,30,26,0,157.0,22,10,10,2,0,.909,,,1,1,1.15,1.52,0.67,1.51,,,,,,,1,,chaveje01
534,Aníbal Sánchez,31,DET,AL,25,25,1,157.0,36,21,15,0,0,1.000,,,1,1,2.06,1.52,1.44,1.51,,,,,,,1,,sanchan01
535,Willie Bloomquist,37,SEA,AL,28,16,5,155.1,68,41,27,0,7,1.000,-1,-9,1,8,3.94,4.32,2.27,4.04,,,,,,,H/465739,,bloomwi01
536,Phil Hughes,29,MIN,AL,27,25,1,155.1,22,5,17,0,0,1.000,,,0,0,1.27,1.52,0.81,1.51,,,,,,,1,,hugheph01
537,Nathan Eovaldi,25,NYY,AL,27,27,0,154.1,30,10,20,0,2,1.000,,,-3,-4,1.75,1.52,1.11,1.51,,,,,,,1,,eovalna01
538,Masahiro Tanaka,26,NYY,AL,24,24,1,154.0,30,11,19,0,2,1.000,,,4,5,1.75,1.52,1.25,1.51,,,,,,,1,,tanakma01
539,J.P. Arencibia,29,TBR,AL,23,18,11,153.0,161,148,12,1,0,.994,0,0,-3,-24,9.41,8.27,6.96,8.21,1,9,14,7,33.3,0,2/HD,,arencjp01
540,Chase Anderson,27,ARI,NL,27,27,0,152.2,24,8,14,2,2,.917,,,-1,-1,1.30,1.69,0.81,1.68,,,,,,,1/H,,anderch01
541,Kyle Lohse,36,MIL,NL,37,22,0,152.1,35,8,26,1,0,.971,,,2,3,2.01,1.69,0.92,1.68,,,,,,,1/H,,lohseky01
542,Junior Lake,25,2TM,2LG,21,16,12,151.1,29,24,2,3,0,.897,-4,-34,-3,-24,1.55,2.10,1.24,2.10,,,,,,,79H/8D,,lakeju01
542,Junior Lake,25,CHC,NL,15,12,10,114.1,24,21,2,1,0,.958,-2,-24,0,0,1.81,2.07,1.53,2.06,,,,,,,9/H78,,lakeju01
542,Junior Lake,25,BAL,AL,6,4,2,37.0,5,3,0,2,0,.600,-2,-65,-3,-97,0.73,2.19,0.50,2.18,,,,,,,/78DH,,lakeju01
543,Drew Hutchison,24,TOR,AL,30,28,1,150.1,21,6,15,0,3,1.000,,,0,0,1.26,1.52,0.70,1.51,,,,,,,1/H,,hutchdr01
544,Kaleb Cowart,23,LAA,AL,33,13,13,150.0,52,10,40,2,4,.962,3,22,1,8,3.00,2.64,1.52,2.62,,,,,,,5/H,,cowarka01
545,Noah Syndergaard,22,NYM,NL,24,24,0,150.0,21,8,11,2,0,.905,,,-4,-5,1.14,1.69,0.79,1.68,,,,,,,1,ROY-4,syndeno01
546,Jorge De La Rosa,34,COL,NL,26,26,1,149.0,27,5,22,0,0,1.000,,,1,1,1.63,1.69,1.04,1.68,,,,,,,1,,rosajo01
547,Matt Garza,31,MIL,NL,26,25,0,148.2,26,9,16,1,0,.962,,,-1,-1,1.51,1.69,0.96,1.68,,,,,,,1,,garzama01
548,Prince Fielder,31,TEX,AL,18,18,11,148.1,147,134,9,4,15,.973,-6,-48,-5,-40,8.68,9.10,7.94,9.03,,,,,,,*D3/H,ASMVP-13,fieldpr01
549,Jeremy Guthrie,36,KCR,AL,30,24,0,148.1,41,13,27,1,0,.976,,,5,7,2.43,1.52,1.33,1.51,,,,,,,1,,guthrje01
550,Nate Karns,27,TBR,AL,27,26,0,147.0,19,5,13,1,0,.947,,,-2,-3,1.10,1.52,0.67,1.51,,,,,,,1,,karnsna01
551,Oswaldo Arcia,24,MIN,AL,19,18,9,146.0,38,37,0,1,0,.974,0,-2,-2,-16,2.28,2.20,1.95,2.19,,,,,,,7/9H,,arciaos01
552,Jeremy Hellickson,28,ARI,NL,27,27,0,146.0,32,11,19,2,0,.938,,,1,1,1.85,1.69,1.11,1.68,,,,,,,1/H,,hellije01
553,Miguel González,31,BAL,AL,26,26,0,144.2,24,10,14,0,3,1.000,,,-1,-1,1.49,1.52,0.92,1.51,,,,,,,1,,gonzami03
554,Brennan Boesch,30,CIN,NL,23,15,12,144.1,36,36,0,0,0,1.000,-4,-32,-3,-25,2.24,2.07,1.57,2.06,,,,,,,H/789D,,boescbr01
555,Matt Szczur,25,CHC,NL,33,12,7,144.1,24,24,0,0,0,1.000,-1,-4,-3,-25,1.50,2.07,0.73,2.06,,,,,,,H7/89,,szczuma01
556,Marc Krauss,27,3TM,AL,20,16,9,143.2,123,111,11,1,13,.992,-2,-18,0,0,7.64,9.05,5.81,8.70,,,,,,,3/D7H,,krausma01
556,Marc Krauss,27,LAA,AL,4,3,1,29.0,24,22,2,0,1,1.000,-1,-29,0,0,7.45,8.84,4.80,7.66,,,,,,,/D37H,,krausma01
556,Marc Krauss,27,TBR,AL,4,4,2,33.0,24,21,2,1,1,.958,-1,-33,0,0,6.27,9.11,5.75,9.03,,,,,,,/3,,krausma01
556,Marc Krauss,27,DET,AL,12,9,6,81.2,75,68,7,0,11,1.000,-1,-7,0,0,8.27,9.10,6.25,9.03,,,,,,,3,,krausma01
557,Kyle Kendrick,30,COL,NL,27,27,0,142.1,30,10,18,2,2,.933,,,2,3,1.77,1.69,1.04,1.68,,,,,,,1,,kendrky01
558,Bryan Holaday,27,DET,AL,20,15,14,140.0,118,113,5,0,2,1.000,1,7,-2,-17,7.59,8.25,5.90,8.07,0,6,10,4,28.6,0,2/HD34,,holadbr01
559,Tommy La Stella,26,CHC,NL,24,17,4,140.0,52,15,36,1,4,.981,1,9,2,17,3.28,3.92,1.96,3.68,,,,,,,H45,,lasteto01
560,Carlos Rodón,22,CHW,AL,26,23,1,139.1,22,3,19,0,2,1.000,,,0,0,1.42,1.52,0.85,1.51,,,,,,,1,,rodonca01
561,Kyle Blanks,28,TEX,AL,16,16,14,139.0,116,110,6,0,10,1.000,0,3,0,0,7.51,7.86,7.25,7.75,,,,,,,3/7DH,,blankky01
562,Adam Duvall,26,CIN,NL,18,17,9,139.0,41,41,0,0,2,1.000,-2,-17,-1,-9,2.65,3.06,2.16,3.57,,,,,,,7/H3,,duvalad01
563,Craig Gentry,31,OAK,AL,25,16,7,139.0,39,35,2,2,1,.949,-1,-12,0,0,2.40,2.20,1.48,2.19,,,,,,,7/89HD,,gentrcr01
564,Jordan Pacheco,29,ARI,NL,20,13,10,138.1,104,100,3,1,1,.990,-2,-17,-2,-17,6.70,8.46,4.90,8.20,2,5,9,2,18.2,0,2H/35,,pachejo01
565,Danny Duffy,26,KCR,AL,30,24,0,136.2,23,2,18,3,2,.870,,,0,0,1.32,1.52,0.67,1.51,,,,,,,1,,duffyda01
566,Allen Craig,30,BOS,AL,22,12,10,136.0,58,55,3,0,3,1.000,1,6,-1,-9,3.84,3.88,2.64,4.05,,,,,,,H/9D73,,craigal01
567,Deven Marrero,24,BOS,AL,20,12,11,136.0,37,7,29,1,8,.973,-3,-22,1,9,2.38,3.12,1.64,3.31,,,,,,,5/H6D4,,marrede01
568,Matt Shoemaker,28,LAA,AL,25,24,0,135.1,23,12,9,2,1,.913,,,-4,-6,1.40,1.52,0.84,1.51,,,,,,,1,,shoemma01
569,Ryan Vogelsong,37,SFG,NL,33,22,0,135.0,20,7,13,0,1,1.000,,,-1,-1,1.33,1.69,0.61,1.68,,,,,,,1,,vogelry01
570,Joe Kelly,27,BOS,AL,25,25,0,134.1,47,20,23,4,1,.915,,,5,7,2.88,1.52,1.72,1.51,,,,,,,1,,kellyjo05
571,Richie Shaffer,24,TBR,AL,20,13,8,133.1,85,72,12,1,7,.988,2,14,-2,-18,5.67,6.24,4.00,5.61,,,,,,,3/DH597,,shaffri01
572,Justin Verlander,32,DET,AL,20,20,1,133.1,17,8,6,3,1,.824,,,-1,-2,0.95,1.52,0.70,1.51,,,,,,,1,,verlaju01
573,Greg Garcia,25,STL,NL,25,14,9,132.0,70,27,39,4,12,.943,-3,-25,-1,-9,4.50,4.44,2.54,4.21,,,,,,,H64/5,,garcigr01
574,C.J. Wilson,34,LAA,AL,21,21,0,132.0,26,4,20,2,1,.923,,,3,5,1.64,1.52,1.14,1.51,,,,,,,1,,wilsocj01
575,Chris Rusin,28,COL,NL,24,22,2,131.2,36,8,27,1,5,.972,,,4,6,2.39,1.69,1.46,1.68,,,,,,,1/H,,rusinch01
576,Adam Warren,27,NYY,AL,43,17,0,131.1,21,6,14,1,1,.952,,,1,2,1.37,1.52,0.47,1.51,,,,,,,1,,warread01
577,Jaime García,28,STL,NL,20,20,0,129.2,34,2,30,2,1,.941,,,6,9,2.22,1.69,1.60,1.68,,,,,,,1,,garcija02
578,Hisashi Iwakuma,34,SEA,AL,20,20,1,129.2,27,6,21,0,1,1.000,,,3,5,1.87,1.52,1.35,1.51,,,,,,,1,,iwakuhi01
579,Darrell Ceciliani,25,NYM,NL,21,13,9,129.1,38,36,2,0,1,1.000,6,51,4,37,2.64,2.07,1.81,2.06,,,,,,,H7/8,,cecilda01
580,Charlie Morton,31,PIT,NL,23,23,0,129.0,27,9,16,2,1,.926,,,-2,-3,1.74,1.69,1.09,1.68,,,,,,,1,,mortoch02
581,Brian Bogusevic,31,PHI,NL,16,14,11,128.2,35,30,2,3,1,.914,2,15,0,0,2.24,2.07,2.00,2.06,,,,,,,9/H7,,bogusbr01
582,Tommy Milone,28,MIN,AL,24,23,0,128.2,25,9,16,0,0,1.000,,,-1,-2,1.75,1.52,1.04,1.51,,,,,,,1,,milonto01
583,Ryan Strausborger,27,TEX,AL,19,14,10,128.0,23,21,1,1,1,.957,-1,-10,-3,-28,1.55,2.20,1.16,2.19,,,,,,,7H/D9,,straury01
584,Kennys Vargas,24,MIN,AL,18,14,12,128.0,141,131,10,0,14,1.000,0,3,0,0,9.91,9.10,7.83,9.03,,,,,,,D3H,,vargake01
585,Robbie Ray,23,ARI,NL,23,23,0,127.2,24,9,15,0,1,1.000,,,-1,-2,1.69,1.69,1.04,1.68,,,,,,,1,,rayro02
586,Stephen Strasburg,26,WSN,NL,23,23,0,127.1,14,3,9,2,0,.857,,,-2,-3,0.85,1.69,0.52,1.68,,,,,,,1,,strasst01
587,Robbie Grossman,25,HOU,AL,19,14,8,127.0,18,18,0,0,0,1.000,-2,-20,-1,-9,1.28,2.20,0.95,2.19,,,,,,,7/H9D,,grossro01
588,Josh Thole,28,TOR,AL,18,15,11,127.0,91,87,3,1,0,.989,-2,-19,-2,-19,6.38,8.27,5.00,8.21,4,3,6,0,0.0,0,2,,tholejo01
589,Odrisamer Despaigne,28,SDP,NL,34,18,0,125.2,35,5,30,0,0,1.000,,,5,8,2.51,1.69,1.03,1.68,,,,,,,1,,despaod01
590,Lance McCullers Jr.,21,HOU,AL,22,22,1,125.2,23,11,11,1,1,.957,,,1,2,1.58,1.52,1.00,1.51,,,,,,,1,,mcculla02
591,Nick Martinez,24,TEX,AL,24,21,0,125.0,23,6,13,4,2,.826,,,1,2,1.37,1.52,0.79,1.51,,,,,,,1,,martini01
592,Brandon Drury,22,ARI,NL,17,13,9,123.2,40,14,25,1,4,.975,-2,-21,1,10,2.84,3.27,2.17,3.31,,,,,,,5/4H6,,drurybr01
593,Tim Hudson,39,SFG,NL,24,22,0,123.2,22,7,15,0,4,1.000,,,0,0,1.60,1.69,0.92,1.68,,,,,,,1,,hudsoti01
594,Chris Young,36,KCR,AL,34,18,0,123.1,15,4,10,1,0,.933,,,-1,-2,1.02,1.52,0.41,1.51,,,,,,,1,,youngch03
595,Eduardo Rodríguez,22,BOS,AL,21,21,0,121.2,24,5,17,2,0,.917,,,2,3,1.63,1.52,1.05,1.51,,,,,,,1,,rodried05
596,Jeff Baker,34,MIA,NL,20,15,9,121.0,122,116,4,2,7,.984,-4,-44,-2,-20,8.93,9.01,6.00,8.31,,,,,,,H3/457D,,bakerje03
597,Josh Collmenter,29,ARI,NL,44,12,1,121.0,31,17,14,0,0,1.000,,,2,3,2.31,1.69,0.70,1.68,,,,,,,1,,collmjo01
598,Jerome Williams,33,PHI,NL,33,21,0,121.0,14,5,9,0,0,1.000,,,-3,-5,1.04,1.69,0.42,1.68,,,,,,,1,,willije01
599,Emilio Bonifácio,30,CHW,AL,22,12,10,120.1,70,30,37,3,11,.957,-1,-10,0,0,5.01,4.27,2.91,3.96,,,,,,,H4/D875,,bonifem01
600,Shawn O'Malley,27,SEA,AL,17,12,5,120.0,26,25,1,0,0,1.000,0,2,-1,-10,1.95,2.23,1.37,2.26,,,,,,,8H/759D,,omallsh01
601,Taylor Jungmann,25,MIL,NL,21,21,1,119.1,28,11,16,1,1,.964,,,0,0,2.04,1.69,1.29,1.68,,,,,,,1,,jungmta01
602,Cheslor Cuthbert,22,KCR,AL,18,12,10,118.0,40,8,31,1,3,.975,3,29,3,31,2.97,2.72,2.05,3.06,,,,,,,5/H34D,,cuthbch01
603,Williams Pérez,24,ATL,NL,23,20,1,116.2,22,7,15,0,2,1.000,,,1,2,1.70,1.69,0.96,1.68,,,,,,,1,,perezwi01
604,Mat Latos,27,3TM,2LG,24,21,0,116.1,27,12,14,1,1,.963,,,-1,-2,2.01,1.69,1.08,1.67,,,,,,,1,,latosma01
604,Mat Latos,27,2TM,NL,22,21,0,112.2,25,11,13,1,1,.960,,,-1,-2,1.92,1.69,1.09,1.68,,,,,,,1,,latosma01
604,Mat Latos,27,MIA,NL,16,16,0,88.1,18,8,10,0,1,1.000,,,0,0,1.83,1.69,1.13,1.68,,,,,,,1,,latosma01
604,Mat Latos,27,LAD,NL,6,5,0,24.1,7,3,3,1,0,.857,,,-1,-8,2.22,1.70,1.00,1.68,,,,,,,/1,,latosma01
604,Mat Latos,27,LAA,AL,2,0,0,3.2,2,1,1,0,0,1.000,,,0,0,4.91,1.47,1.00,1.50,,,,,,,/1,,latosma01
605,Kendall Graveman,24,OAK,AL,21,21,1,115.2,24,11,11,2,1,.917,,,1,2,1.71,1.52,1.05,1.51,,,,,,,1,,graveke01
606,Roenis Elías,26,SEA,AL,22,20,0,115.1,14,0,13,1,0,.929,,,1,2,1.01,1.52,0.59,1.51,,,,,,,1,,eliasro01
607,Chad Bettis,26,COL,NL,20,20,0,115.0,23,12,11,0,0,1.000,,,0,0,1.80,1.69,1.15,1.68,,,,,,,1,,bettich01
608,Trevor May,25,MIN,AL,48,16,0,114.2,18,5,11,2,0,.889,,,-4,-7,1.26,1.52,0.33,1.51,,,,,,,1,,maytr01
609,Jarrett Parker,26,SFG,NL,15,12,9,114.2,19,19,0,0,0,1.000,-2,-20,-3,-31,1.49,2.07,1.27,2.06,,,,,,,/9H78,,parkeja03
610,Steven Tolleson,31,TOR,AL,19,12,7,114.0,43,13,29,1,3,.977,-3,-29,1,11,3.32,4.14,2.21,3.98,,,,,,,4/67H9,,tollest01
611,Clay Buchholz,30,BOS,AL,18,18,1,113.1,17,9,6,2,0,.882,,,-3,-5,1.19,1.52,0.83,1.51,,,,,,,1,,buchhcl01
612,Michael Lorenzen,23,CIN,NL,27,21,0,113.1,24,13,11,0,3,1.000,,,1,2,1.91,1.69,0.89,1.68,,,,,,,1/H,,lorenmi01
613,Brett Wallace,28,SDP,NL,22,10,8,113.0,96,87,8,1,8,.990,-2,-22,0,0,7.57,8.45,4.32,7.69,,,,,,,H3/5D,,wallabr01
614,Kevin Gausman,24,BAL,AL,25,17,0,112.1,19,5,13,1,0,.947,,,0,0,1.44,1.52,0.72,1.51,,,,,,,1,,gausmke01
615,David Phelps,28,MIA,NL,23,19,0,112.0,24,4,19,1,2,.958,,,2,4,1.85,1.69,1.00,1.68,,,,,,,1,,phelpda01
616,Gregorio Petit,30,NYY,AL,16,13,8,111.0,58,25,31,2,10,.966,-3,-34,-2,-22,4.54,4.26,3.50,4.19,,,,,,,4/H5D,,petitgr01
617,Tanner Roark,28,WSN,NL,40,12,0,111.0,24,9,15,0,3,1.000,,,1,2,1.95,1.69,0.60,1.68,,,,,,,1,,roarkta01
618,Jake Peavy,34,SFG,NL,19,19,0,110.2,19,8,10,1,0,.947,,,-1,-2,1.46,1.69,0.95,1.68,,,,,,,1,,peavyja01
619,Cristhian Adames,23,COL,NL,15,13,12,110.0,58,19,37,2,9,.966,-1,-8,1,11,4.58,4.44,3.73,4.41,,,,,,,6H/4,,adamecr01
620,Alex Colomé,26,TBR,AL,43,13,0,109.2,17,5,12,0,0,1.000,,,-1,-2,1.40,1.52,0.40,1.51,,,,,,,1,,colomal01
621,Mike Bolsinger,27,LAD,NL,21,21,0,109.1,18,8,7,3,1,.833,,,-4,-7,1.23,1.69,0.71,1.68,,,,,,,1,,bolsimi01
622,Matt Wisler,22,ATL,NL,20,19,0,109.0,23,9,14,0,1,1.000,,,2,4,1.90,1.69,1.15,1.68,,,,,,,1/H,,wislema01
623,Wily Peralta,26,MIL,NL,20,20,0,108.2,31,11,18,2,1,.935,,,-1,-2,2.40,1.69,1.45,1.68,,,,,,,1,,peralwi01
624,Scott Feldman,32,HOU,AL,18,18,0,108.1,32,10,20,2,2,.938,,,-1,-2,2.49,1.52,1.67,1.51,,,,,,,1,,feldmsc01
625,Trevor Brown,23,SFG,NL,13,12,9,108.0,85,77,7,1,0,.988,0,0,-3,-33,7.00,8.47,6.46,8.41,0,5,7,2,22.2,0,2,,browntr01
626,Thomas Field,28,TEX,AL,14,12,10,108.0,69,24,42,3,4,.957,1,9,-2,-22,5.50,4.57,4.40,4.53,,,,,,,4/H6,,fieldth01
627,Grant Green,27,LAA,AL,18,13,7,108.0,58,38,19,1,5,.983,-2,-26,-1,-11,4.75,5.58,3.17,5.65,,,,,,,4/H3D67,,greengr01
628,Ervin Santana,32,MIN,AL,17,17,0,108.0,25,10,14,1,2,.960,,,2,4,2.00,1.52,1.41,1.51,,,,,,,1,,santaer01
629,Rob Refsnyder,24,NYY,AL,15,12,9,106.0,52,10,41,1,7,.981,0,2,1,11,4.33,4.58,3.40,4.55,,,,,,,4/H,,refsnro01
630,Andrew Heaney,24,LAA,AL,18,18,0,105.2,11,3,8,0,1,1.000,,,1,2,0.94,1.52,0.61,1.51,,,,,,,1,,heanean01
631,Doug Fister,31,WSN,NL,25,15,0,103.0,29,8,18,3,2,.897,,,2,4,2.27,1.69,1.04,1.68,,,,,,,1/H,,fistedo01
632,Héctor Sánchez,25,SFG,NL,16,11,8,101.0,75,69,6,0,1,1.000,-1,-12,-1,-12,6.68,8.47,4.69,8.41,2,6,6,1,14.3,1,2H,,sanchhe01
633,Travis Wood,28,CHC,NL,54,9,0,100.2,10,3,7,0,1,1.000,,,3,6,0.89,1.69,0.19,1.68,,,,,,,1/H,,woodtr01
634,Josh Wilson,34,DET,AL,20,8,6,99.1,35,10,23,2,5,.943,1,10,0,0,2.99,3.69,1.38,3.59,,,,,,,45/6H1D,,wilsojo03
635,James Jones,26,SEA,AL,27,6,3,98.1,21,21,0,0,0,1.000,-5,-66,-5,-61,1.92,2.20,0.78,2.19,,,,,,,8H/97D,,jonesja06
636,Joey Terdoslavich,26,ATL,NL,13,11,9,97.1,97,87,10,0,12,1.000,2,21,0,0,8.97,9.20,6.93,8.21,,,,,,,H3/7,,terdojo01
637,Jesse Hahn,25,OAK,AL,16,16,1,96.2,24,10,13,1,1,.958,,,1,2,2.14,1.52,1.44,1.51,,,,,,,1,,hahnje01
638,Joaquín Árias,30,SFG,NL,20,10,5,96.0,60,22,34,4,6,.933,0,-5,3,38,5.25,4.43,2.80,4.12,,,,,,,H/5634D,,ariasjo01
639,Munenori Kawasaki,34,TOR,AL,20,10,6,96.0,43,10,33,0,6,1.000,3,43,2,25,4.03,4.22,2.15,4.27,,,,,,,4/H5,,kawasmu01
640,Jon Singleton,23,HOU,AL,14,10,7,96.0,113,107,5,1,9,.991,-2,-24,-2,-25,10.50,9.10,8.00,9.03,,,,,,,3/DH,,singljo02
641,Raisel Iglesias,25,CIN,NL,18,16,0,95.1,28,12,14,2,1,.929,,,1,2,2.45,1.69,1.44,1.68,,,,,,,1,,iglesra01
642,Kyle Kubitza,24,LAA,AL,16,10,7,94.0,20,4,14,2,1,.900,-2,-24,-1,-13,1.72,2.64,1.06,2.80,,,,,,,5/H47D,,kubitky01
643,Iván Nova,28,NYY,AL,17,17,0,94.0,14,4,8,2,2,.857,,,-3,-6,1.15,1.52,0.71,1.51,,,,,,,1,,novaiv01
644,Brad Hand,25,MIA,NL,38,12,0,93.1,20,2,18,0,1,1.000,,,2,4,1.93,1.69,0.53,1.68,,,,,,,1,,handbr01
645,Aaron Sanchez,22,TOR,AL,41,11,0,92.1,19,5,12,2,0,.895,,,1,2,1.66,1.52,0.41,1.51,,,,,,,1,,sanchaa01
646,Paul Janish,32,BAL,AL,14,9,8,91.2,54,18,36,0,9,1.000,1,18,2,26,5.30,4.25,3.86,4.21,,,,,,,6/4H,,janispa01
647,Cody Anderson,24,CLE,AL,15,15,1,91.1,23,8,15,0,1,1.000,,,2,4,2.27,1.52,1.53,1.51,,,,,,,1,,anderco01
648,Travis Ishikawa,31,2TM,NL,18,10,4,91.1,78,70,7,1,9,.987,1,16,-2,-26,7.59,7.01,4.28,6.84,,,,,,,H3/7,,ishiktr01
648,Travis Ishikawa,31,SFG,NL,1,1,0,5.0,0,0,0,0,0,,0,0,0,0,0.00,2.16,0.00,2.10,,,,,,,/H7,,ishiktr01
648,Travis Ishikawa,31,PIT,NL,17,9,4,86.1,78,70,7,1,9,.987,1,17,-2,-28,8.03,7.29,4.53,7.12,,,,,,,H3/7,,ishiktr01
649,John Hicks,25,SEA,AL,15,10,6,90.2,84,73,10,1,1,.988,1,9,1,13,8.24,8.15,5.53,7.83,0,6,5,5,50.0,0,2/DH5,,hicksjo02
650,Mike Baxter,30,CHC,NL,13,9,9,90.1,33,31,1,1,1,.970,1,12,2,27,3.19,2.95,2.46,3.17,,,,,,,H9/37D,,baxtemi01
651,Tom Murphy,24,COL,NL,11,10,9,90.1,88,82,5,1,0,.989,-2,-27,-3,-40,8.67,8.47,7.91,8.41,0,6,7,1,12.5,0,2,,murphto04
652,Mike Montgomery,25,SEA,AL,16,16,2,90.0,15,5,10,0,2,1.000,,,2,4,1.50,1.52,0.94,1.51,,,,,,,1,,montgmi01
653,Rickie Weeks,32,SEA,AL,19,10,4,89.0,13,12,0,1,0,.923,-4,-50,-2,-27,1.21,2.20,0.63,2.19,,,,,,,7HD,,weeksri01
654,Vidal Nuño III,27,2TM,2LG,35,10,0,89.0,14,0,13,1,1,.929,,,0,0,1.31,1.55,0.37,1.52,,,,,,,1,,nunovi01
654,Vidal Nuño III,27,ARI,NL,3,0,0,14.1,0,0,0,0,0,,,,0,0,0.00,1.70,0.00,1.67,,,,,,,/1,,nunovi01
654,Vidal Nuño III,27,SEA,AL,32,10,0,74.2,14,0,13,1,1,.929,,,0,0,1.57,1.52,0.41,1.51,,,,,,,1,,nunovi01
655,Luke Maile,24,TBR,AL,15,9,6,88.2,81,76,5,0,1,1.000,0,0,1,14,8.22,8.27,5.40,8.21,1,6,0,1,100.0,0,2/H,,mailelu01
656,Rob Brantly,25,CHW,AL,14,9,8,87.0,85,82,3,0,1,1.000,1,14,-2,-28,8.79,8.27,6.07,8.21,2,6,1,3,75.0,0,2/H,,brantro01
657,Allan Dykstra,28,TBR,AL,13,11,3,87.0,95,92,1,2,9,.979,0,-6,-3,-41,9.62,9.10,7.15,9.03,,,,,,,3,,dykstal01
658,Mike Foltynewicz,23,ATL,NL,18,15,0,86.2,8,2,5,1,1,.875,,,-4,-9,0.73,1.69,0.39,1.68,,,,,,,1,,foltymi01
659,Wandy Rodríguez,36,TEX,AL,17,15,0,86.1,11,3,7,1,0,.909,,,2,5,1.04,1.52,0.59,1.51,,,,,,,1,,rodriwa01
660,Chris Bassitt,26,OAK,AL,18,13,0,86.0,15,5,9,1,1,.933,,,-2,-5,1.47,1.52,0.78,1.51,,,,,,,1,,bassich01
661,Victor Martinez,36,DET,AL,10,10,5,86.0,87,81,5,1,13,.989,-2,-22,-3,-42,9.00,9.10,8.60,9.03,,,,,,,D3/H,,martivi01
662,Drew Pomeranz,26,OAK,AL,53,9,0,86.0,16,2,13,1,2,.938,,,1,2,1.57,1.52,0.28,1.51,,,,,,,1,,pomerdr01
663,Brett Hayes,31,CLE,AL,14,9,8,85.1,79,74,4,1,0,.987,-1,-14,-2,-28,8.23,8.27,5.57,8.21,0,4,7,2,22.2,1,2,,hayesbr01
664,Patrick Corbin,25,ARI,NL,16,16,0,85.0,21,2,18,1,2,.952,,,4,9,2.12,1.69,1.25,1.68,,,,,,,1,,corbipa01
665,Johnny Monell,29,NYM,NL,12,9,9,85.0,60,60,0,0,0,1.000,0,0,1,14,6.35,8.47,5.00,8.41,0,1,4,0,0.0,0,H2,,moneljo01
666,Roberto Hernández,34,HOU,AL,20,11,0,84.2,18,6,12,0,0,1.000,,,-3,-7,1.91,1.52,0.90,1.51,,,,,,,1,,carmofa01
667,Adam Morgan,25,PHI,NL,15,15,0,84.1,13,6,7,0,1,1.000,,,1,2,1.39,1.69,0.87,1.68,,,,,,,1,,morgaad01
668,Trea Turner,22,WSN,NL,17,8,7,84.1,50,22,26,2,7,.960,1,10,2,28,5.12,4.66,2.67,4.61,,,,,,,H4/6,,turnetr01
669,Dellin Betances,27,NYY,AL,74,0,0,84.0,13,5,8,0,0,1.000,,,-2,-5,1.39,1.52,0.18,1.51,,,,,,,1,ASCYA-14,betande01
670,Carson Blair,25,OAK,AL,11,9,8,83.2,62,57,1,4,0,.935,-2,-29,-6,-86,6.24,8.27,5.27,8.21,0,7,5,2,28.6,0,2,,blairca01
671,Shane Greene,26,DET,AL,18,16,0,83.2,16,4,10,2,2,.875,,,-1,-2,1.51,1.52,0.78,1.51,,,,,,,1,,greensh02
672,Xavier Scruggs,27,STL,NL,11,10,6,83.1,82,73,8,1,8,.988,1,9,-1,-14,8.75,9.30,7.36,9.23,,,,,,,3/H,,scrugxa01
673,Bud Norris,30,2TM,2LG,38,11,0,83.0,14,6,6,2,0,.857,,,-1,-2,1.30,1.55,0.32,1.60,,,,,,,1,,norribu01
673,Bud Norris,30,BAL,AL,18,11,0,66.1,12,4,6,2,0,.833,,,-1,-3,1.36,1.52,0.56,1.51,,,,,,,1,,norribu01
673,Bud Norris,30,SDP,NL,20,0,0,16.2,2,2,0,0,0,1.000,,,0,0,1.08,1.67,0.10,1.68,,,,,,,1,,norribu01
674,Miguel Sanó,22,MIN,AL,10,9,8,82.0,25,10,15,0,0,1.000,0,-3,0,0,2.74,3.04,2.27,3.79,,,,,,,D/53H,ROY-3,sanomi01
675,Dariel Álvarez,26,BAL,AL,12,10,6,81.0,17,16,1,0,1,1.000,0,-6,-1,-15,1.89,2.20,1.42,2.19,,,,,,,9/8,,alvarda02
676,Ramón Flores,23,NYY,AL,12,8,8,81.0,20,18,2,0,0,1.000,0,-6,2,30,2.22,2.20,1.67,2.19,,,,,,,7/9,,florera02
677,Tyler Holt,26,2TM,2LG,14,8,6,81.0,26,26,0,0,0,1.000,-2,-27,1,15,2.89,2.16,1.86,2.14,,,,,,,/879,,holtty01
677,Tyler Holt,26,CLE,AL,9,5,4,52.0,13,13,0,0,0,1.000,-3,-65,0,0,2.25,2.20,1.44,2.19,,,,,,,/879,,holtty01
677,Tyler Holt,26,CIN,NL,5,3,2,29.0,13,13,0,0,0,1.000,1,41,1,41,4.03,2.08,2.60,2.06,,,,,,,/8,,holtty01
678,Justin De Fratus,27,PHI,NL,61,0,0,80.0,15,10,3,2,1,.867,,,1,3,1.46,1.69,0.21,1.68,,,,,,,1,,defraju01
679,Brad Brach,29,BAL,AL,62,0,0,79.1,10,3,6,1,1,.900,,,-1,-3,1.02,1.52,0.15,1.51,,,,,,,1,,brachbr01
680,Eddie Butler,24,COL,NL,16,16,1,79.1,29,10,15,4,2,.862,,,1,3,2.84,1.69,1.56,1.68,,,,,,,1,,butleed01
681,Martín Pérez,24,TEX,AL,14,14,0,78.2,12,5,6,1,1,.917,,,-1,-3,1.26,1.52,0.79,1.51,,,,,,,1,,perezma02
682,Austin Barnes,25,LAD,NL,13,8,7,78.1,63,57,6,0,0,1.000,-2,-25,0,0,7.24,7.95,4.85,7.66,1,2,7,1,12.5,0,2/H45,,barneau01
683,David Hale,27,COL,NL,17,12,0,78.1,12,5,7,0,1,1.000,,,-4,-10,1.38,1.69,0.71,1.68,,,,,,,1,,haleda02
684,Jeurys Familia,25,NYM,NL,76,0,0,78.0,16,5,11,0,1,1.000,,,1,3,1.85,1.68,0.21,1.68,,,,,,,1,,familje01
685,Carlos Frías,25,LAD,NL,17,13,0,77.2,26,16,10,0,0,1.000,,,-1,-3,3.01,1.69,1.53,1.68,,,,,,,1,,friasca01
686,Aaron Nola,22,PHI,NL,13,13,0,77.2,15,5,10,0,0,1.000,,,0,0,1.74,1.69,1.15,1.68,,,,,,,1,,nolaaa01
687,Óscar Hernández,21,ARI,NL,13,7,6,77.1,85,74,11,0,2,1.000,-1,-16,-1,-16,9.89,8.46,6.54,8.41,2,4,1,1,50.0,0,2/HD,,hernaos01
688,Mark Melancon,30,PIT,NL,78,0,0,76.2,24,7,16,1,1,.958,,,4,10,2.70,1.69,0.29,1.68,,,,,,,1,ASCYA-8,melanma01
689,Joe Ross,22,WSN,NL,16,13,0,76.2,20,6,13,1,1,.950,,,1,3,2.23,1.69,1.19,1.68,,,,,,,1/DH,,rossjo01
690,Tim Lincecum,31,SFG,NL,15,15,0,76.1,10,3,7,0,0,1.000,,,-3,-8,1.18,1.69,0.67,1.68,,,,,,,1/H,,linceti01
691,Yusmeiro Petit,30,SFG,NL,42,1,0,76.0,14,5,9,0,0,1.000,,,-2,-5,1.66,1.69,0.33,1.68,,,,,,,1,,petityu01
692,Joe Blanton,34,2TM,2LG,36,4,0,76.0,16,7,8,1,0,.938,,,2,5,1.78,1.59,0.42,1.61,,,,,,,1,,blantjo01
692,Joe Blanton,34,KCR,AL,15,4,0,41.2,10,4,6,0,0,1.000,,,2,10,2.16,1.51,0.67,1.51,,,,,,,1,,blantjo01
692,Joe Blanton,34,PIT,NL,21,0,0,34.1,6,3,2,1,0,.833,,,0,0,1.31,1.68,0.24,1.68,,,,,,,1,,blantjo01
693,Darwin Barney,29,2TM,2LG,17,7,5,75.2,37,10,26,1,3,.973,2,32,0,0,4.28,4.52,2.12,4.42,,,,,,,4/56H,,barneda01
693,Darwin Barney,29,LAD,NL,2,1,0,8.2,3,0,3,0,0,1.000,1,111,0,0,3.12,4.05,1.50,3.40,,,,,,,/56,,barneda01
693,Darwin Barney,29,TOR,AL,15,6,5,67.0,34,10,23,1,3,.971,1,21,0,0,4.43,4.58,2.20,4.55,,,,,,,4/H,,barneda01
694,Kendrys Morales,32,KCR,AL,9,9,7,75.1,65,62,3,0,3,1.000,-1,-18,0,0,7.77,9.09,7.22,9.03,,,,,,,*D/3H,MVP-18SS,moralke01
695,Michael Saunders,28,TOR,AL,9,9,9,75.1,15,12,3,0,0,1.000,0,-3,0,0,1.79,2.20,1.67,2.19,,,,,,,/97,,saundmi01
696,Tony Watson,30,PIT,NL,77,0,0,75.1,17,5,12,0,1,1.000,,,2,5,2.03,1.68,0.22,1.68,,,,,,,1,,watsoto01
697,Félix Doubront,27,2TM,AL,16,12,0,75.1,19,4,15,0,1,1.000,,,2,5,2.27,1.52,1.19,1.51,,,,,,,1,,doubrfe01
697,Félix Doubront,27,TOR,AL,5,4,0,22.2,3,0,3,0,0,1.000,,,0,0,1.19,1.51,0.60,1.52,,,,,,,/1,,doubrfe01
697,Félix Doubront,27,OAK,AL,11,8,0,52.2,16,4,12,0,1,1.000,,,2,8,2.73,1.52,1.45,1.51,,,,,,,1,,doubrfe01
698,Sam Dyson,27,2TM,2LG,75,0,0,75.1,18,4,11,3,1,.833,,,-3,-8,1.79,1.62,0.20,1.61,,,,,,,1,,dysonsa01
698,Sam Dyson,27,MIA,NL,44,0,0,44.0,11,3,5,3,1,.727,,,-3,-14,1.64,1.70,0.18,1.68,,,,,,,1,,dysonsa01
698,Sam Dyson,27,TEX,AL,31,0,0,31.1,7,1,6,0,0,1.000,,,0,0,2.01,1.52,0.23,1.51,,,,,,,1,,dysonsa01
699,Andrew Chafin,25,ARI,NL,66,0,0,75.0,15,4,10,1,1,.933,,,1,3,1.68,1.69,0.21,1.68,,,,,,,1,,chafian01
700,David Buchanan,26,PHI,NL,15,15,0,74.2,8,2,5,1,2,.875,,,-5,-13,0.84,1.69,0.47,1.68,,,,,,,1,,buchada01
701,Arquimedes Caminero,28,PIT,NL,73,0,0,74.2,11,2,9,0,0,1.000,,,-1,-3,1.33,1.69,0.15,1.68,,,,,,,1,,caminar01
702,Jeanmar Gómez,27,PHI,NL,65,0,0,74.2,16,4,12,0,1,1.000,,,-1,-3,1.93,1.69,0.25,1.68,,,,,,,1,,gomezje01
703,Kevin Siegrist,25,STL,NL,81,0,0,74.2,14,1,10,3,1,.786,,,1,3,1.33,1.69,0.14,1.68,,,,,,,1,,siegrke01
704,Justin Nicolino,23,MIA,NL,12,12,0,74.0,17,2,15,0,1,1.000,,,1,3,2.07,1.69,1.42,1.68,,,,,,,1/H,,nicolju01
705,George Kontos,30,SFG,NL,73,0,0,73.1,11,4,7,0,1,1.000,,,0,0,1.35,1.69,0.15,1.68,,,,,,,1,,kontoge01
706,Henry Urrutia,28,BAL,AL,8,8,7,73.0,15,14,1,0,0,1.000,-2,-35,1,16,1.85,2.19,1.88,2.19,,,,,,,/7DH,,urruthe01
707,Jimmy Paredes,26,BAL,AL,17,7,5,72.2,37,14,20,3,2,.919,-3,-50,-4,-66,4.21,3.96,2.00,3.23,,,,,,,DH/5497,,paredji01
708,Steven Wright,30,BOS,AL,16,9,0,72.2,17,4,12,1,1,.941,,,3,8,1.98,1.52,1.00,1.51,,,,,,,1,,wrighst01
709,Juan Pérez,28,SFG,NL,13,8,4,72.1,14,13,1,0,0,1.000,2,25,2,33,1.74,2.15,1.08,2.26,,,,,,,H/784,,perezju02
710,Shawn Tolleson,27,TEX,AL,73,0,0,72.1,12,2,10,0,0,1.000,,,1,3,1.49,1.52,0.16,1.51,,,,,,,1,CYA-10,tollesh01
711,Randall Delgado,25,ARI,NL,64,1,0,72.0,12,5,7,0,0,1.000,,,2,6,1.50,1.69,0.19,1.68,,,,,,,1,,delgara01
712,Michael Martínez,32,CLE,AL,13,7,7,72.0,22,21,1,0,0,1.000,1,20,0,0,2.75,2.21,1.69,2.22,,,,,,,/7H8D59,,martimi02
713,Vance Worley,27,PIT,NL,23,8,0,71.2,15,1,14,0,2,1.000,,,2,6,1.88,1.70,0.65,1.68,,,,,,,1/H,,worleva01
714,Evan Gattis,28,HOU,AL,11,11,2,71.0,6,5,0,1,0,.833,-3,-47,-3,-51,0.63,2.21,0.45,2.19,,,,,,,*D7/H,,gattiev01
715,Will Harris,30,HOU,AL,68,0,0,71.0,14,3,11,0,1,1.000,,,2,6,1.77,1.52,0.21,1.51,,,,,,,1,,harriwi10
716,Slade Heathcott,24,NYY,AL,17,6,6,71.0,20,20,0,0,0,1.000,0,3,0,0,2.54,2.21,1.18,2.19,,,,,,,/98H,,heathsl01
717,Sean O'Sullivan,27,PHI,NL,13,13,0,71.0,12,6,6,0,0,1.000,,,-2,-6,1.52,1.69,0.92,1.68,,,,,,,1,,osullse01
718,Tyler Clippard,30,2TM,2LG,69,0,0,71.0,9,3,6,0,1,1.000,,,1,3,1.14,1.60,0.13,1.59,,,,,,,1,,clippty01
718,Tyler Clippard,30,OAK,AL,37,0,0,38.2,3,1,2,0,0,1.000,,,0,0,0.70,1.51,0.08,1.51,,,,,,,1,,clippty01
718,Tyler Clippard,30,NYM,NL,32,0,0,32.1,6,2,4,0,1,1.000,,,1,6,1.67,1.70,0.19,1.68,,,,,,,1,,clippty01
719,AJ Ramos,28,MIA,NL,71,0,0,70.1,12,4,8,0,1,1.000,,,0,0,1.54,1.69,0.17,1.68,,,,,,,1,,ramosaj01
720,Ken Giles,24,PHI,NL,69,0,0,70.0,6,1,4,1,0,.833,,,-4,-11,0.64,1.68,0.07,1.68,,,,,,,1,,gileske01
721,Héctor Rondón,27,CHC,NL,72,0,0,70.0,18,8,10,0,0,1.000,,,0,0,2.31,1.68,0.25,1.68,,,,,,,1,,rondohe01
722,Carson Smith,25,SEA,AL,70,0,0,70.0,18,11,6,1,0,.944,,,-3,-9,2.19,1.52,0.24,1.51,,,,,,,1,,smithca02
723,Alex Wilson,28,DET,AL,59,1,0,70.0,19,9,9,1,0,.947,,,1,3,2.31,1.52,0.31,1.51,,,,,,,1,,wilsoal01
724,Jarred Cosart,25,MIA,NL,14,13,0,69.2,20,1,19,0,0,1.000,,,3,9,2.58,1.69,1.43,1.68,,,,,,,1/H,,cosarja01
725,Corey Hart,33,PIT,NL,10,10,2,69.2,53,49,1,3,2,.943,-1,-24,-1,-17,6.46,7.03,4.55,7.27,,,,,,,H/39D,,hartco01
726,Kelvin Herrera,25,KCR,AL,72,0,0,69.2,11,5,6,0,0,1.000,,,-1,-3,1.42,1.52,0.15,1.51,,,,,,,1,AS,herreke01
727,Roberto Osuna,20,TOR,AL,68,0,0,69.2,8,4,4,0,0,1.000,,,-1,-3,1.03,1.52,0.12,1.51,,,,,,,1,ROY-4,osunaro01
728,Kevin Jepsen,30,2TM,AL,75,0,0,69.2,15,5,8,2,1,.867,,,1,3,1.68,1.51,0.17,1.51,,,,,,,1,,jepseke01
728,Kevin Jepsen,30,TBR,AL,46,0,0,41.2,6,2,3,1,1,.833,,,0,0,1.08,1.51,0.11,1.51,,,,,,,1,,jepseke01
728,Kevin Jepsen,30,MIN,AL,29,0,0,28.0,9,3,5,1,0,.889,,,1,7,2.57,1.51,0.28,1.51,,,,,,,1,,jepseke01
729,Cody Allen,26,CLE,AL,70,0,0,69.1,6,2,4,0,0,1.000,,,1,3,0.78,1.52,0.09,1.51,,,,,,,1,,allenco01
730,Eric Fryer,29,MIN,AL,15,7,6,69.0,53,52,0,1,1,.981,-1,-17,0,0,6.78,8.27,3.47,8.21,0,5,2,0,0.0,0,2/H,,fryerer01
731,Zach McAllister,27,CLE,AL,61,1,0,69.0,7,2,3,2,0,.714,,,-4,-12,0.65,1.53,0.08,1.51,,,,,,,1,,mcallza01
732,Trevor Rosenthal,25,STL,NL,68,0,0,68.2,4,1,3,0,0,1.000,,,-2,-6,0.52,1.69,0.06,1.68,,,,,,,1,ASMVP-17,rosentr01
733,Christian Bergman,27,COL,NL,30,4,0,68.1,15,5,10,0,2,1.000,,,2,6,1.98,1.69,0.50,1.68,,,,,,,1,,bergmch01
734,Yohan Flande,29,COL,NL,19,10,0,68.1,17,4,12,1,0,.941,,,0,0,2.11,1.69,0.84,1.68,,,,,,,1,,flandyo01
735,Pedro Florimón,28,PIT,NL,20,4,3,68.1,35,12,21,2,3,.943,0,7,1,18,4.35,4.40,1.65,4.41,,,,,,,6H/4,,floripe01
736,Jeremy Jeffress,27,MIL,NL,72,0,0,68.0,14,4,8,2,0,.857,,,-2,-6,1.59,1.69,0.17,1.68,,,,,,,1,,jeffrje01
737,Rey Navarro,25,BAL,AL,9,7,7,68.0,36,16,19,1,6,.972,-1,-18,-2,-35,4.63,4.58,3.89,4.56,,,,,,,/4H,,navarre01
738,Scott Schebler,24,LAD,NL,13,5,3,68.0,18,18,0,0,0,1.000,2,41,3,53,2.38,2.06,1.38,2.06,,,,,,,H/79,,schebsc01
739,Pedro Strop,30,CHC,NL,76,0,0,68.0,8,2,6,0,0,1.000,,,0,0,1.06,1.69,0.11,1.68,,,,,,,1,,stroppe01
740,Brad Ziegler,35,ARI,NL,66,0,0,68.0,16,4,10,2,0,.875,,,1,3,1.85,1.69,0.21,1.68,,,,,,,1,,zieglbr01
741,Daniel Hudson,28,ARI,NL,64,1,0,67.2,13,5,7,1,0,.923,,,1,3,1.60,1.69,0.19,1.68,,,,,,,1,,hudsoda01
742,Blake Treinen,27,WSN,NL,60,0,0,67.2,19,4,12,3,2,.842,,,0,0,2.13,1.69,0.27,1.68,,,,,,,1,,treinbl01
743,Joakim Soria,31,2TM,2LG,72,0,0,67.2,11,2,9,0,1,1.000,,,2,6,1.46,1.58,0.15,1.58,,,,,,,1,,soriajo01
743,Joakim Soria,31,DET,AL,43,0,0,41.0,10,1,9,0,1,1.000,,,2,10,2.20,1.51,0.23,1.51,,,,,,,1,,soriajo01
743,Joakim Soria,31,PIT,NL,29,0,0,26.2,1,1,0,0,0,1.000,,,0,0,0.34,1.69,0.03,1.68,,,,,,,1,,soriajo01
744,Wade Davis,29,KCR,AL,69,0,0,67.1,18,9,8,1,1,.944,,,1,3,2.27,1.52,0.25,1.51,,,,,,,1,ASCYA-6MVP-28,daviswa01
745,Steve Geltz,27,TBR,AL,70,2,0,67.1,6,0,6,0,1,1.000,,,-1,-3,0.80,1.52,0.09,1.51,,,,,,,1,,geltzst01
746,Arismendy Alcántara,23,CHC,NL,9,7,5,67.0,35,15,19,1,2,.971,0,-4,-2,-36,4.57,4.43,3.40,4.28,,,,,,,/4H5,,alcanar01
747,José Álvarez,26,LAA,AL,64,0,0,67.0,14,6,8,0,1,1.000,,,2,6,1.88,1.52,0.22,1.51,,,,,,,1,,alvarjo02
748,Adam Conley,25,MIA,NL,15,11,0,67.0,9,0,9,0,0,1.000,,,0,0,1.21,1.69,0.60,1.68,,,,,,,1,,conlead01
749,Chi Chi González,23,TEX,AL,14,10,1,67.0,17,4,13,0,0,1.000,,,1,3,2.28,1.52,1.21,1.51,,,,,,,1,,gonzach01
750,Jared Hughes,29,PIT,NL,76,0,0,67.0,20,4,15,1,0,.950,,,-3,-9,2.55,1.69,0.25,1.68,,,,,,,1,,hugheja02
751,James Paxton,26,SEA,AL,13,13,0,67.0,6,0,6,0,0,1.000,,,-2,-6,0.81,1.52,0.46,1.51,,,,,,,1,,paxtoja01
752,Luis García,28,PHI,NL,72,0,0,66.2,24,4,20,0,1,1.000,,,2,6,3.24,1.69,0.33,1.68,,,,,,,1,,garcilu03
753,Drew Smyly,26,TBR,AL,12,12,0,66.2,12,1,10,1,0,.917,,,0,0,1.49,1.53,0.92,1.51,,,,,,,1,,smylydr01
754,Jim Johnson,32,2TM,NL,72,0,0,66.2,11,4,6,1,0,.909,,,-3,-9,1.35,1.69,0.14,1.68,,,,,,,1,,johnsji04
754,Jim Johnson,32,ATL,NL,49,0,0,48.0,6,3,2,1,0,.833,,,-2,-8,0.94,1.69,0.10,1.68,,,,,,,1,,johnsji04
754,Jim Johnson,32,LAD,NL,23,0,0,18.2,5,1,4,0,0,1.000,,,-1,-11,2.41,1.69,0.22,1.68,,,,,,,1,,johnsji04
755,Burke Badenhop,32,CIN,NL,68,0,0,66.1,12,3,9,0,0,1.000,,,2,6,1.63,1.68,0.18,1.68,,,,,,,1,,badenbu01
756,Aroldis Chapman,27,CIN,NL,65,0,0,66.1,3,1,2,0,0,1.000,,,-3,-9,0.41,1.68,0.05,1.68,,,,,,,1,AS,chapmar01
757,Matt Andriese,25,TBR,AL,25,8,0,65.2,9,4,5,0,1,1.000,,,0,0,1.23,1.52,0.36,1.51,,,,,,,1,,andrima01
758,Zack Britton,27,BAL,AL,64,0,0,65.2,26,5,21,0,0,1.000,,,2,6,3.56,1.52,0.41,1.51,,,,,,,1,AS,brittza01
759,Josh Tomlin,30,CLE,AL,10,10,2,65.2,12,7,5,0,0,1.000,,,1,3,1.64,1.52,1.20,1.51,,,,,,,1,,tomlijo01
760,Joaquin Benoit,37,SDP,NL,67,0,0,65.1,11,3,8,0,0,1.000,,,1,3,1.52,1.69,0.16,1.68,,,,,,,1,,benoijo01
761,Darren O'Day,32,BAL,AL,68,0,0,65.1,6,2,4,0,1,1.000,,,0,0,0.83,1.52,0.09,1.51,,,,,,,1,AS,odayda01
762,Alexi Ogando,31,BOS,AL,64,0,0,65.1,16,8,6,2,0,.875,,,0,0,1.93,1.52,0.22,1.51,,,,,,,1,,ogandal01
763,Joe Smith,31,LAA,AL,70,0,0,65.1,19,3,14,2,3,.895,,,1,3,2.34,1.52,0.24,1.51,,,,,,,1,,smithjo05
764,Blaine Boyer,33,MIN,AL,68,0,0,65.0,22,7,13,2,1,.909,,,0,0,2.77,1.52,0.29,1.51,,,,,,,1,,boyerbl01
765,Craig Breslow,34,BOS,AL,45,2,0,65.0,9,3,5,1,1,.889,,,-1,-3,1.11,1.52,0.18,1.51,,,,,,,1,,breslcr01
766,José Fernández,22,MIA,NL,11,11,0,64.2,4,3,1,0,0,1.000,,,-1,-3,0.56,1.68,0.36,1.68,,,,,,,1,,fernajo02
767,Liam Hendriks,26,TOR,AL,58,0,0,64.2,8,4,4,0,0,1.000,,,-2,-6,1.11,1.52,0.14,1.51,,,,,,,1,,hendrli01
768,J.J. Hoover,27,CIN,NL,67,0,0,64.1,12,3,8,1,0,.917,,,-1,-3,1.54,1.69,0.16,1.68,,,,,,,1,,hoovejj01
769,Anthony Bass,27,TEX,AL,33,0,0,64.0,15,6,8,1,2,.933,,,-1,-3,1.97,1.52,0.42,1.51,,,,,,,1,,bassan01
770,Bryan Shaw,27,CLE,AL,74,0,0,64.0,12,7,5,0,0,1.000,,,0,0,1.69,1.52,0.16,1.51,,,,,,,1,,shawbr01
771,J.R. Graham,25,MIN,AL,39,1,0,63.2,17,6,11,0,0,1.000,,,-1,-3,2.40,1.53,0.44,1.51,,,,,,,1,,grahajr01
772,Kyle Lobstein,25,DET,AL,13,11,0,63.2,13,3,10,0,0,1.000,,,0,0,1.84,1.53,1.00,1.51,,,,,,,1,,lobstky01
773,Fernando Salas,30,LAA,AL,72,0,0,63.2,12,2,10,0,1,1.000,,,2,6,1.70,1.53,0.17,1.51,,,,,,,1,,salasfe01
774,Casey Fien,31,MIN,AL,62,0,0,63.1,10,5,5,0,0,1.000,,,0,0,1.42,1.52,0.16,1.51,,,,,,,1,,fienca01
775,Ryan Madson,34,KCR,AL,68,0,0,63.1,19,6,13,0,4,1.000,,,3,9,2.70,1.52,0.28,1.51,,,,,,,1,,madsory01
776,Seth Maness,26,STL,NL,76,0,0,63.1,16,5,11,0,1,1.000,,,0,0,2.27,1.69,0.21,1.68,,,,,,,1/H,,manesse01
777,David Robertson,30,CHW,AL,60,0,0,63.1,5,4,1,0,0,1.000,,,-1,-3,0.71,1.52,0.08,1.51,,,,,,,1,,roberda08
778,Will Smith,25,MIL,NL,76,0,0,63.1,4,0,4,0,0,1.000,,,-2,-6,0.57,1.69,0.05,1.68,,,,,,,1,,smithwi04
779,Jonathan Papelbon,34,2TM,NL,59,0,0,63.1,15,7,6,2,1,.867,,,0,0,1.85,1.71,0.22,1.68,,,,,,,1,AS,papeljo01
779,Jonathan Papelbon,34,PHI,NL,37,0,0,39.2,8,3,3,2,0,.750,,,-1,-5,1.36,1.70,0.16,1.68,,,,,,,1,,papeljo01
779,Jonathan Papelbon,34,WSN,NL,22,0,0,23.2,7,4,3,0,1,1.000,,,1,8,2.66,1.71,0.32,1.68,,,,,,,1,,papeljo01
780,Neal Cotts,35,2TM,2LG,68,0,0,63.1,7,2,5,0,0,1.000,,,-2,-6,0.99,1.65,0.10,1.64,,,,,,,1,,cottsne01
780,Neal Cotts,35,MIL,NL,51,0,0,49.2,7,2,5,0,0,1.000,,,-2,-8,1.27,1.69,0.14,1.68,,,,,,,1,,cottsne01
780,Neal Cotts,35,MIN,AL,17,0,0,13.2,0,0,0,0,0,,,,0,0,0.00,1.51,0.00,1.51,,,,,,,1,,cottsne01
781,Brad Boxberger,27,TBR,AL,69,0,0,63.0,9,1,6,2,0,.778,,,-1,-3,1.00,1.51,0.10,1.51,,,,,,,1,AS,boxbebr01
782,Matt McBride,30,COL,NL,8,8,4,63.0,39,37,2,0,3,1.000,1,25,-1,-19,5.57,5.86,4.33,5.24,,,,,,,H/379,,mcbrima02
783,Matt Moore,26,TBR,AL,12,12,0,63.0,12,3,8,1,0,.917,,,-1,-3,1.57,1.51,0.92,1.51,,,,,,,1,,moorema02
784,Bryan Morris,28,MIA,NL,67,0,0,63.0,16,2,13,1,2,.938,,,0,0,2.14,1.69,0.22,1.68,,,,,,,1,,morribr01
785,Henry Owens,22,BOS,AL,11,11,0,63.0,7,1,6,0,1,1.000,,,-1,-3,1.00,1.51,0.64,1.51,,,,,,,1,,owenshe02
786,Ryan Jackson,27,LAA,AL,22,4,3,62.2,22,6,15,1,1,.955,-4,-67,-3,-57,3.02,4.19,0.95,4.32,,,,,,,4/65H,,jacksry02
787,Fernando Rodney,38,2TM,2LG,68,0,0,62.2,10,3,7,0,0,1.000,,,2,6,1.44,1.57,0.15,1.54,,,,,,,1,,rodnefe01
787,Fernando Rodney,38,SEA,AL,54,0,0,50.2,6,2,4,0,0,1.000,,,1,4,1.07,1.53,0.11,1.51,,,,,,,1,,rodnefe01
787,Fernando Rodney,38,CHC,NL,14,0,0,12.0,4,1,3,0,0,1.000,,,1,17,3.00,1.73,0.29,1.68,,,,,,,1,,rodnefe01
788,Franklin Morales,29,KCR,AL,67,0,0,62.1,17,4,12,1,2,.941,,,4,13,2.31,1.52,0.24,1.51,,,,,,,1,,moralfr01
789,Luis Severino,21,NYY,AL,11,11,0,62.1,17,5,11,1,1,.941,,,4,13,2.31,1.52,1.45,1.51,,,,,,,1,,severlu01
790,Huston Street,31,LAA,AL,62,0,0,62.1,12,3,9,0,1,1.000,,,2,6,1.73,1.52,0.19,1.51,,,,,,,1,,streehu01
791,Al Alburquerque,29,DET,AL,67,0,0,62.0,14,5,9,0,2,1.000,,,1,3,2.03,1.52,0.21,1.51,,,,,,,1,,albural01
792,Tom Wilhelmsen,31,SEA,AL,53,0,0,62.0,15,6,9,0,2,1.000,,,0,0,2.18,1.52,0.28,1.51,,,,,,,1,,wilheto01
793,Andrew Miller,30,NYY,AL,60,0,0,61.2,5,2,2,1,0,.800,,,0,0,0.58,1.52,0.07,1.51,,,,,,,1,CYA-10,millean01
794,José Ureña,23,MIA,NL,20,9,0,61.2,12,0,12,0,1,1.000,,,1,3,1.75,1.69,0.60,1.68,,,,,,,1,,urenajo01
795,Blaine Hardy,28,DET,AL,70,0,0,61.1,9,2,7,0,0,1.000,,,-1,-3,1.32,1.53,0.13,1.51,,,,,,,1,,hardybl01
796,Mac Williamson,24,SFG,NL,7,7,5,61.1,16,16,0,0,0,1.000,-1,-22,1,20,2.35,2.07,2.29,2.06,,,,,,,/79DH,,willima11
797,Luke Gregerson,31,HOU,AL,64,0,0,61.0,20,3,17,0,3,1.000,,,-1,-3,2.95,1.52,0.31,1.51,,,,,,,1,,gregelu01
798,Ryan LaMarre,26,CIN,NL,16,5,4,61.0,18,16,1,1,0,.944,1,26,0,0,2.51,2.07,1.06,2.06,,,,,,,8/H79,,lamarry01
799,Carlos Villanueva,31,STL,NL,35,0,0,61.0,7,3,4,0,0,1.000,,,0,0,1.03,1.70,0.20,1.68,,,,,,,1,,villaca01
800,Justin Wilson,27,NYY,AL,74,0,0,61.0,6,1,4,1,1,.833,,,-1,-3,0.74,1.52,0.07,1.51,,,,,,,1,,wilsoju10
801,Matt Cain,30,SFG,NL,13,11,0,60.2,6,2,4,0,0,1.000,,,0,0,0.89,1.69,0.46,1.68,,,,,,,1,,cainma01
802,Zach Duke,32,CHW,AL,71,0,0,60.2,13,7,5,1,2,.923,,,-1,-3,1.78,1.53,0.17,1.51,,,,,,,1,,dukeza01
803,Robbie Ross,26,BOS,AL,54,0,0,60.2,15,5,10,0,0,1.000,,,0,0,2.23,1.53,0.28,1.51,,,,,,,1,,rossro01
804,Jumbo Díaz,31,CIN,NL,61,0,0,60.1,7,6,1,0,1,1.000,,,-1,-3,1.04,1.69,0.11,1.68,,,,,,,1,,diazju03
805,Keone Kela,22,TEX,AL,68,0,0,60.1,8,2,6,0,0,1.000,,,-2,-7,1.19,1.52,0.12,1.51,,,,,,,1,,kelake01
806,Jonathan Broxton,31,2TM,NL,66,0,0,60.1,19,5,13,1,0,.947,,,1,3,2.69,1.70,0.27,1.68,,,,,,,1,,broxtjo01
806,Jonathan Broxton,31,MIL,NL,40,0,0,36.2,12,4,8,0,0,1.000,,,2,11,2.95,1.69,0.30,1.68,,,,,,,1,,broxtjo01
806,Jonathan Broxton,31,STL,NL,26,0,0,23.2,7,1,5,1,0,.857,,,-1,-8,2.28,1.71,0.23,1.68,,,,,,,1,,broxtjo01
807,Tommy Hunter,28,2TM,2LG,58,0,0,60.1,16,9,7,0,1,1.000,,,0,0,2.39,1.55,0.28,1.57,,,,,,,1,,hunteto02
807,Tommy Hunter,28,BAL,AL,39,0,0,44.2,12,7,5,0,1,1.000,,,-1,-4,2.42,1.51,0.31,1.51,,,,,,,1,,hunteto02
807,Tommy Hunter,28,CHC,NL,19,0,0,15.2,4,2,2,0,0,1.000,,,1,13,2.30,1.67,0.21,1.68,,,,,,,1,,hunteto02
808,Tyler Lyons,27,STL,NL,17,8,0,60.0,13,1,9,3,0,.769,,,0,0,1.50,1.70,0.59,1.68,,,,,,,1,,lyonsty01
809,David Ortiz,39,BOS,AL,9,9,1,60.0,57,51,5,1,2,.982,-1,-24,-2,-40,8.40,9.11,6.22,9.03,,,,,,,*D/3H,MVP-28,ortizda01
810,Evan Scribner,29,OAK,AL,54,0,0,60.0,10,5,5,0,1,1.000,,,1,3,1.50,1.52,0.19,1.51,,,,,,,1,,scribev01
811,Daniel Norris,22,2TM,AL,13,13,0,60.0,11,3,8,0,1,1.000,,,3,10,1.65,1.52,0.85,1.52,,,,,,,1,,norrida01
811,Daniel Norris,22,TOR,AL,5,5,0,23.1,5,0,5,0,0,1.000,,,2,17,1.93,1.50,1.00,1.52,,,,,,,/1,,norrida01
811,Daniel Norris,22,DET,AL,8,8,0,36.2,6,3,3,0,1,1.000,,,1,5,1.47,1.52,0.75,1.51,,,,,,,/1,,norrida01
812,Craig Kimbrel,27,SDP,NL,61,0,0,59.1,8,4,3,1,1,.875,,,-2,-7,1.06,1.68,0.11,1.68,,,,,,,1,,kimbrcr01
813,Justin Masterson,30,BOS,AL,18,9,0,59.1,15,6,8,1,1,.933,,,0,0,2.12,1.52,0.78,1.51,,,,,,,1,,masteju01
814,Brandon Gomes,30,TBR,AL,63,0,0,59.0,6,0,6,0,0,1.000,,,0,0,0.92,1.53,0.10,1.51,,,,,,,1,,gomesbr01
815,Derek Holland,28,TEX,AL,10,10,1,58.2,10,1,8,1,1,.900,,,1,3,1.38,1.52,0.90,1.51,,,,,,,1,,hollade01
816,Fernando Rodriguez Jr.,31,OAK,AL,56,0,0,58.2,7,2,4,1,0,.857,,,1,3,0.92,1.52,0.11,1.51,,,,,,,1,,rodrife02
817,Junichi Tazawa,29,BOS,AL,61,0,0,58.2,5,1,4,0,2,1.000,,,-1,-3,0.77,1.52,0.08,1.51,,,,,,,1,,tazawju01
818,Christian Friedrich,27,COL,NL,68,0,0,58.1,7,3,4,0,0,1.000,,,-2,-7,1.08,1.68,0.10,1.68,,,,,,,1,,friedch01
819,Kris Medlen,29,KCR,AL,15,8,0,58.1,11,4,7,0,0,1.000,,,1,3,1.70,1.51,0.73,1.51,,,,,,,1,,medlekr01
820,Juan Nicasio,28,LAD,NL,53,1,0,58.1,13,5,7,1,0,.923,,,-4,-14,1.85,1.68,0.23,1.68,,,,,,,1/H,,nicasju01
821,Scott Oberg,25,COL,NL,64,0,0,58.1,12,6,6,0,1,1.000,,,1,3,1.85,1.68,0.19,1.68,,,,,,,1,,obergsc01
822,Kevin Quackenbush,26,SDP,NL,57,0,0,58.1,3,1,2,0,0,1.000,,,-2,-7,0.46,1.68,0.05,1.68,,,,,,,1,,quackke01
823,Stefen Romero,26,SEA,AL,12,5,2,58.1,13,13,0,0,0,1.000,1,14,-1,-21,2.01,2.21,1.08,2.19,,,,,,,/79H8,,romerst01
824,Chasen Shreve,24,NYY,AL,59,0,0,58.1,7,3,4,0,0,1.000,,,-1,-3,1.08,1.51,0.12,1.51,,,,,,,1,,shrevch01
825,Ross Detwiler,29,2TM,2LG,41,7,0,58.1,19,4,15,0,0,1.000,,,4,14,2.93,1.57,0.46,1.61,,,,,,,1,,detwiro01
825,Ross Detwiler,29,TEX,AL,17,7,0,43.0,13,3,10,0,0,1.000,,,3,14,2.72,1.53,0.76,1.51,,,,,,,1,,detwiro01
825,Ross Detwiler,29,ATL,NL,24,0,0,15.1,6,1,5,0,0,1.000,,,1,13,3.52,1.70,0.25,1.68,,,,,,,1,,detwiro01
826,Jake Diekman,28,2TM,2LG,67,0,0,58.1,12,1,10,1,1,.917,,,1,3,1.70,1.64,0.16,1.61,,,,,,,1,,diekmja01
826,Jake Diekman,28,PHI,NL,41,0,0,36.2,6,0,5,1,1,.833,,,0,0,1.23,1.69,0.12,1.68,,,,,,,1,,diekmja01
826,Jake Diekman,28,TEX,AL,26,0,0,21.2,6,1,5,0,0,1.000,,,1,9,2.49,1.54,0.23,1.51,,,,,,,1,,diekmja01
827,Santiago Casilla,34,SFG,NL,67,0,0,58.0,10,2,8,0,1,1.000,,,1,3,1.55,1.69,0.15,1.68,,,,,,,1,,garcija01
828,Steve Clevenger,29,BAL,AL,10,6,6,58.0,50,47,3,0,0,1.000,0,0,0,0,7.76,8.30,5.00,8.29,1,0,4,1,20.0,0,D/2H3,,clevest01
829,Tyler Duffey,24,MIN,AL,10,10,0,58.0,12,7,4,1,0,.917,,,-3,-10,1.71,1.52,1.10,1.51,,,,,,,1,,duffety01
830,Jean Machi,33,2TM,2LG,59,0,0,58.0,14,4,10,0,0,1.000,,,0,0,2.17,1.63,0.24,1.61,,,,,,,1,,machije01
830,Jean Machi,33,SFG,NL,33,0,0,35.0,9,2,7,0,0,1.000,,,0,0,2.31,1.70,0.27,1.68,,,,,,,1,,machije01
830,Jean Machi,33,BOS,AL,26,0,0,23.0,5,2,3,0,0,1.000,,,0,0,1.96,1.53,0.19,1.51,,,,,,,1,,machije01
831,Carlos Torres,32,NYM,NL,59,0,0,57.2,22,5,17,0,1,1.000,,,3,10,3.43,1.69,0.37,1.68,,,,,,,1,,torreca01
832,Antonio Bastardo,29,PIT,NL,66,0,0,57.1,5,0,4,1,0,.800,,,-1,-3,0.63,1.70,0.06,1.68,,,,,,,1,,bastaan01
833,Sean Gilmartin,25,NYM,NL,50,1,0,57.1,7,2,5,0,1,1.000,,,-1,-3,1.10,1.70,0.14,1.68,,,,,,,1,,gilmase01
834,Sergio Romo,32,SFG,NL,70,0,0,57.1,12,4,8,0,0,1.000,,,2,7,1.88,1.70,0.17,1.68,,,,,,,1,,romose01
835,Matthew Boyd,24,2TM,AL,13,12,0,57.1,9,1,7,1,0,.889,,,1,3,1.26,1.52,0.62,1.51,,,,,,,1,,boydma01
835,Matthew Boyd,24,TOR,AL,2,2,0,6.2,2,0,2,0,0,1.000,,,0,0,2.70,1.49,1.00,1.50,,,,,,,/1,,boydma01
835,Matthew Boyd,24,DET,AL,11,10,0,50.2,7,1,5,1,0,.857,,,1,4,1.07,1.53,0.55,1.51,,,,,,,1,,boydma01
836,Billy Butler,29,OAK,AL,7,7,5,57.0,56,49,7,0,4,1.000,1,19,-2,-42,8.84,9.09,8.00,9.03,,,,,,,*D/H3,,butlebi03
837,Glen Perkins,32,MIN,AL,60,0,0,57.0,9,2,7,0,0,1.000,,,-1,-4,1.42,1.52,0.15,1.51,,,,,,,1,AS,perkigl01
838,Francisco Rodríguez,33,MIL,NL,60,0,0,57.0,7,5,2,0,0,1.000,,,0,0,1.11,1.69,0.12,1.68,,,,,,,1,AS,rodrifr03
839,Yimi García,24,LAD,NL,59,1,0,56.2,9,4,5,0,1,1.000,,,0,0,1.43,1.68,0.15,1.68,,,,,,,1,,garciyi01
840,Dan Jennings,28,CHW,AL,53,0,0,56.1,16,5,9,2,1,.875,,,-1,-4,2.24,1.52,0.26,1.51,,,,,,,1,,jennida01
841,Kyle Ryan,23,DET,AL,16,6,0,56.1,8,0,8,0,1,1.000,,,2,7,1.28,1.52,0.50,1.51,,,,,,,1,,ryanky01
842,Addison Reed,26,2TM,NL,55,0,0,56.0,6,3,3,0,2,1.000,,,-1,-4,0.96,1.69,0.11,1.68,,,,,,,1,,reedad01
842,Addison Reed,26,ARI,NL,38,0,0,40.2,4,2,2,0,1,1.000,,,0,0,0.89,1.68,0.11,1.68,,,,,,,1,,reedad01
842,Addison Reed,26,NYM,NL,17,0,0,15.1,2,1,1,0,1,1.000,,,-1,-13,1.17,1.70,0.12,1.68,,,,,,,1,,reedad01
843,Ryan Mattheus,31,2TM,2LG,58,0,0,56.0,15,3,8,4,0,.733,,,-6,-21,1.77,1.69,0.19,1.68,,,,,,,1,,matthry01
843,Ryan Mattheus,31,LAA,AL,1,0,0,1.0,0,0,0,0,0,,,,0,0,0.00,1.80,0.00,1.50,,,,,,,/1,,matthry01
843,Ryan Mattheus,31,CIN,NL,57,0,0,55.0,15,3,8,4,0,.733,,,-6,-22,1.80,1.69,0.19,1.68,,,,,,,1,,matthry01
844,John Axford,32,COL,NL,60,0,0,55.2,15,6,8,1,1,.933,,,-1,-4,2.26,1.70,0.23,1.68,,,,,,,1,,axforjo01
845,Michael Blazek,26,MIL,NL,45,0,0,55.2,15,5,9,1,0,.933,,,2,7,2.26,1.70,0.31,1.68,,,,,,,1,,blazemi01
846,Vince Velasquez,23,HOU,AL,19,7,0,55.2,7,4,3,0,3,1.000,,,1,4,1.13,1.52,0.37,1.51,,,,,,,1,,velasvi01
847,Edwin Jackson,31,2TM,NL,47,0,0,55.2,9,2,6,1,0,.889,,,0,0,1.29,1.68,0.17,1.68,,,,,,,1,,jacksed01
847,Edwin Jackson,31,CHC,NL,23,0,0,31.0,7,2,4,1,0,.857,,,0,0,1.74,1.68,0.26,1.68,,,,,,,1,,jacksed01
847,Edwin Jackson,31,ATL,NL,24,0,0,24.2,2,0,2,0,0,1.000,,,0,0,0.73,1.68,0.08,1.68,,,,,,,1,,jacksed01
848,Aaron Brooks,25,2TM,AL,13,9,0,55.1,7,5,2,0,1,1.000,,,-1,-4,1.14,1.51,0.54,1.51,,,,,,,1,,brookaa01
848,Aaron Brooks,25,KCR,AL,2,0,0,4.1,0,0,0,0,0,,,,0,0,0.00,1.45,0.00,1.50,,,,,,,/1,,brookaa01
848,Aaron Brooks,25,OAK,AL,11,9,0,51.0,7,5,2,0,1,1.000,,,-1,-4,1.24,1.52,0.64,1.51,,,,,,,1,,brookaa01
849,Steve Cishek,29,2TM,NL,59,0,0,55.1,13,4,7,2,0,.846,,,0,0,1.79,1.69,0.19,1.68,,,,,,,1,,cishest01
849,Steve Cishek,29,MIA,NL,32,0,0,32.0,10,4,5,1,0,.900,,,-1,-6,2.53,1.69,0.28,1.68,,,,,,,1,,cishest01
849,Steve Cishek,29,STL,NL,27,0,0,23.1,3,0,2,1,0,.667,,,1,9,0.77,1.70,0.07,1.68,,,,,,,1,,cishest01
850,Drew Storen,27,WSN,NL,58,0,0,55.0,10,3,7,0,0,1.000,,,0,0,1.64,1.69,0.17,1.68,,,,,,,1,,storedr01
851,Mark Lowe,32,2TM,AL,57,0,0,55.0,5,2,3,0,0,1.000,,,1,4,0.82,1.52,0.09,1.51,,,,,,,1,,lowema01
851,Mark Lowe,32,SEA,AL,34,0,0,36.0,3,1,2,0,0,1.000,,,1,6,0.75,1.53,0.09,1.51,,,,,,,1,,lowema01
851,Mark Lowe,32,TOR,AL,23,0,0,19.0,2,1,1,0,0,1.000,,,0,0,0.95,1.52,0.09,1.51,,,,,,,1,,lowema01
852,Pat Neshek,34,HOU,AL,66,0,0,54.2,8,1,6,1,0,.875,,,-1,-4,1.15,1.51,0.11,1.51,,,,,,,1,,neshepa01
853,Zach Walters,25,CLE,AL,8,5,3,54.2,14,6,6,2,1,.857,0,-7,1,22,1.98,3.21,1.20,3.15,,,,,,,/H74569,,walteza01
854,Brett Cecil,28,TOR,AL,63,0,0,54.1,9,3,5,1,0,.889,,,-2,-7,1.33,1.52,0.13,1.51,,,,,,,1,,cecilbr01
855,Tony Sipp,31,HOU,AL,60,0,0,54.1,9,2,7,0,0,1.000,,,1,4,1.49,1.52,0.15,1.51,,,,,,,1,,sippto01
856,Mike Dunn,30,MIA,NL,72,0,0,54.0,5,1,4,0,0,1.000,,,-2,-7,0.83,1.68,0.07,1.68,,,,,,,1,,dunnmi01
857,Hansel Robles,24,NYM,NL,57,0,0,54.0,5,1,4,0,0,1.000,,,0,0,0.83,1.68,0.09,1.68,,,,,,,1,,robleha01
858,Luis Avilán,25,2TM,NL,73,0,0,53.1,20,6,13,1,2,.950,,,3,11,3.21,1.69,0.26,1.68,,,,,,,1,,avilalu01
858,Luis Avilán,25,ATL,NL,50,0,0,37.2,17,4,12,1,2,.941,,,2,11,3.82,1.70,0.32,1.68,,,,,,,1,,avilalu01
858,Luis Avilán,25,LAD,NL,23,0,0,15.2,3,2,1,0,0,1.000,,,1,13,1.72,1.67,0.13,1.68,,,,,,,1,,avilalu01
859,Jaff Decker,25,PIT,NL,10,4,4,53.0,12,8,2,2,0,.833,-4,-79,-3,-68,1.70,2.07,1.00,2.02,,,,,,,H/7981,,deckeja01
860,Mason Williams,23,NYY,AL,8,7,4,53.0,13,13,0,0,0,1.000,0,-5,-1,-23,2.21,2.21,1.63,2.19,,,,,,,/8,,willima10
861,Jhonatan Solano,29,MIA,NL,6,6,6,52.2,41,39,2,0,1,1.000,-2,-46,0,0,7.01,8.48,6.83,8.42,0,4,12,1,7.7,0,/2H,,solanjh01
862,Kenley Jansen,27,LAD,NL,54,0,0,52.1,3,0,2,1,0,.667,,,-2,-8,0.34,1.69,0.04,1.68,,,,,,,1,,janseke01
863,César Ramos,31,LAA,AL,65,0,0,52.1,5,0,5,0,0,1.000,,,0,0,0.86,1.51,0.08,1.51,,,,,,,1,,ramosce01
864,Keyvius Sampson,24,CIN,NL,13,12,0,52.1,8,4,4,0,0,1.000,,,0,0,1.38,1.69,0.62,1.68,,,,,,,1,,sampske01
865,Sócrates Brito,22,ARI,NL,7,5,4,52.0,17,15,2,0,1,1.000,4,83,4,92,2.94,2.08,2.43,2.06,,,,,,,H/978,,britoso01
866,José Peraza,21,LAD,NL,7,6,4,52.0,29,7,20,2,5,.931,2,35,0,0,4.67,4.53,3.86,4.36,,,,,,,/48H,,perazjo01
867,Jake Petricka,27,CHW,AL,62,0,0,52.0,7,1,6,0,1,1.000,,,-1,-4,1.21,1.52,0.11,1.51,,,,,,,1,,petrija01
868,Cody Ross,34,OAK,AL,8,6,2,52.0,13,12,0,1,0,.923,-2,-44,-1,-23,2.08,2.20,1.50,2.19,,,,,,,/97HD,,rossco01
869,Shawn Kelley,31,SDP,NL,53,0,0,51.1,4,3,0,1,0,.750,,,-1,-4,0.53,1.68,0.06,1.68,,,,,,,1,,kellesh01
870,Hunter Strickland,26,SFG,NL,55,0,0,51.1,9,2,7,0,0,1.000,,,1,4,1.58,1.68,0.16,1.68,,,,,,,1,,strichu01
871,Pedro Báez,27,LAD,NL,52,0,0,51.0,6,1,4,1,1,.833,,,-4,-16,0.88,1.69,0.10,1.68,,,,,,,1,,baezpe01
872,Jerad Eickhoff,24,PHI,NL,8,8,0,51.0,11,6,5,0,0,1.000,,,1,4,1.94,1.69,1.38,1.68,,,,,,,/1,,eickhje01
873,Danny Farquhar,28,SEA,AL,43,0,0,51.0,14,3,11,0,0,1.000,,,2,8,2.47,1.52,0.33,1.51,,,,,,,1,,farquda01
874,Brandon Maurer,24,SDP,NL,53,0,0,51.0,4,0,3,1,0,.750,,,-2,-8,0.53,1.69,0.06,1.68,,,,,,,1,,maurebr01
875,Devin Mesoraco,27,CIN,NL,6,5,5,51.0,54,52,2,0,0,1.000,0,0,-1,-24,9.53,8.47,9.00,8.42,0,2,3,0,0.0,0,H/2D,,mesorde01
876,Josh Fields,29,HOU,AL,54,0,0,50.2,5,1,4,0,0,1.000,,,-1,-4,0.89,1.53,0.09,1.51,,,,,,,1,,fieldjo03
877,Luke Hochevar,31,KCR,AL,49,0,0,50.2,11,4,7,0,2,1.000,,,1,4,1.95,1.53,0.22,1.51,,,,,,,1,,hochelu01
878,Ryan Webb,29,CLE,AL,40,0,0,50.2,16,1,15,0,0,1.000,,,1,4,2.84,1.53,0.40,1.51,,,,,,,1,,webbry01
879,Corey Knebel,23,MIL,NL,48,0,0,50.1,11,3,8,0,0,1.000,,,2,8,1.97,1.68,0.23,1.68,,,,,,,1,,knebeco01
880,Tomás Telis,24,2TM,2LG,11,5,5,50.1,45,42,2,1,0,.978,1,24,-1,-24,7.87,8.39,4.00,8.34,0,0,3,1,25.0,0,H2/D,,telisto01
880,Tomás Telis,24,TEX,AL,4,2,2,19.1,16,14,1,1,0,.938,0,0,-1,-62,6.98,8.24,3.75,8.20,0,0,2,0,0.0,0,/2H,,telisto01
880,Tomás Telis,24,MIA,NL,7,3,3,31.0,29,28,1,0,0,1.000,1,39,0,0,8.42,8.48,4.14,8.41,0,0,1,1,50.0,0,/H2D,,telisto01
881,Ramón Cabrera,25,CIN,NL,8,6,4,50.0,46,41,5,0,0,1.000,0,0,1,24,8.28,8.48,5.75,8.41,0,5,2,3,60.0,0,/2H,,cabrera01
882,Pedro Villarreal,27,CIN,NL,29,0,0,50.0,7,6,1,0,0,1.000,,,-1,-4,1.26,1.69,0.24,1.68,,,,,,,1,,villape01
883,Justin Grimm,26,CHC,NL,62,0,0,49.2,3,2,0,1,0,.667,,,-2,-8,0.36,1.69,0.03,1.68,,,,,,,1,,grimmju01
884,John Lamb,24,CIN,NL,10,10,0,49.2,3,0,3,0,0,1.000,,,-1,-4,0.54,1.69,0.30,1.68,,,,,,,1,,lambjo02
885,Chad Qualls,36,HOU,AL,60,0,0,49.1,9,2,7,0,1,1.000,,,-2,-8,1.64,1.51,0.15,1.51,,,,,,,1,,quallch01
886,John Jaso,31,TBR,AL,8,7,1,49.0,3,2,1,0,0,1.000,-1,-17,-1,-24,0.55,2.20,0.38,2.19,,,,,,,DH/79,,jasojo01
887,Jordan Lyles,24,COL,NL,10,10,0,49.0,11,2,8,1,0,.909,,,0,0,1.84,1.69,1.00,1.68,,,,,,,1/H,,lylesjo01
888,Brian Matusz,28,BAL,AL,58,0,0,49.0,4,0,4,0,0,1.000,,,0,0,0.73,1.52,0.07,1.51,,,,,,,1,,matusbr01
889,Brian Duensing,32,MIN,AL,55,0,0,48.2,15,1,13,1,1,.933,,,1,4,2.59,1.52,0.25,1.51,,,,,,,1,,duensbr01
890,Zach Putnam,27,CHW,AL,49,0,0,48.2,10,2,8,0,0,1.000,,,-1,-4,1.85,1.52,0.20,1.51,,,,,,,1,,putnaza01
891,Jason Motte,33,CHC,NL,57,0,0,48.1,6,1,5,0,0,1.000,,,0,0,1.12,1.69,0.11,1.68,,,,,,,1,,motteja01
892,Felipe Vázquez,23,WSN,NL,49,0,0,48.1,10,2,8,0,0,1.000,,,1,4,1.86,1.69,0.20,1.68,,,,,,,1,,riverfe01
893,Neftalí Feliz,27,2TM,AL,48,0,0,48.0,7,4,3,0,2,1.000,,,-1,-4,1.31,1.52,0.15,1.51,,,,,,,1,,felizne01
893,Neftalí Feliz,27,TEX,AL,18,0,0,19.2,2,0,2,0,0,1.000,,,-1,-10,0.92,1.51,0.11,1.51,,,,,,,1,,felizne01
893,Neftalí Feliz,27,DET,AL,30,0,0,28.1,5,4,1,0,2,1.000,,,0,0,1.59,1.52,0.17,1.51,,,,,,,1,,felizne01
894,Brandon Finnegan,22,2TM,2LG,20,4,0,48.0,6,0,6,0,1,1.000,,,2,8,1.13,1.61,0.30,1.56,,,,,,,1,,finnebr01
894,Brandon Finnegan,22,KCR,AL,14,0,0,24.1,2,0,2,0,1,1.000,,,1,8,0.74,1.52,0.14,1.51,,,,,,,1,,finnebr01
894,Brandon Finnegan,22,CIN,NL,6,4,0,23.2,4,0,4,0,0,1.000,,,1,8,1.52,1.71,0.67,1.68,,,,,,,/1,,finnebr01
895,Fernando Abad,29,OAK,AL,62,0,0,47.2,6,2,4,0,0,1.000,,,-1,-4,1.13,1.53,0.10,1.51,,,,,,,1,,abadfe01
896,Trevor Gott,22,LAA,AL,48,0,0,47.2,12,4,8,0,0,1.000,,,1,4,2.27,1.53,0.25,1.51,,,,,,,1,,gotttr01
897,Tommy Layne,30,BOS,AL,64,0,0,47.2,12,5,7,0,0,1.000,,,-1,-4,2.27,1.53,0.19,1.51,,,,,,,1,,layneto01
898,Eric Stults,35,ATL,NL,9,8,0,47.2,6,3,3,0,0,1.000,,,1,4,1.13,1.70,0.67,1.68,,,,,,,/1,,stulter01
899,Logan Verrett,25,2TM,2LG,18,4,0,47.2,10,7,3,0,2,1.000,,,-1,-4,1.89,1.66,0.56,1.64,,,,,,,1,,verrelo01
899,Logan Verrett,25,TEX,AL,4,0,0,9.0,5,3,2,0,1,1.000,,,0,0,5.00,1.50,1.25,1.50,,,,,,,/1,,verrelo01
899,Logan Verrett,25,NYM,NL,14,4,0,38.2,5,4,1,0,1,1.000,,,-1,-5,1.16,1.70,0.36,1.68,,,,,,,1,,verrelo01
900,Joe Beimel,38,SEA,AL,53,0,0,47.1,15,1,14,0,2,1.000,,,3,13,2.85,1.52,0.28,1.51,,,,,,,1,,beimejo01
901,Jason Marquis,36,CIN,NL,9,9,0,47.1,9,4,5,0,0,1.000,,,-1,-4,1.71,1.69,1.00,1.68,,,,,,,/1H,,marquja01
902,Edward Mujica,31,2TM,AL,49,0,0,47.1,13,1,10,2,2,.846,,,2,8,2.09,1.52,0.22,1.51,,,,,,,1,,mujiced01
902,Edward Mujica,31,BOS,AL,11,0,0,13.2,1,0,1,0,0,1.000,,,1,15,0.66,1.51,0.09,1.51,,,,,,,1,,mujiced01
902,Edward Mujica,31,OAK,AL,38,0,0,33.2,12,1,9,2,2,.833,,,1,6,2.67,1.52,0.26,1.51,,,,,,,1,,mujiced01
903,Dan Otero,30,OAK,AL,41,0,0,46.2,7,1,6,0,0,1.000,,,-1,-4,1.35,1.52,0.17,1.51,,,,,,,1,,oteroda01
904,Juan Centeno,25,MIL,NL,7,5,4,46.0,48,44,3,1,0,.979,-1,-26,-1,-26,9.20,8.47,6.71,8.41,1,3,3,0,0.0,0,/2H,,centeju01
905,Nick Noonan,26,SFG,NL,8,5,4,46.0,36,28,7,1,3,.972,0,0,-1,-26,6.85,6.40,4.38,6.19,,,,,,,/H63,,noonani01
906,Xavier Cedeño,28,2TM,2LG,66,0,0,46.0,11,2,8,1,1,.909,,,0,0,1.96,1.55,0.15,1.52,,,,,,,1,,cedenxa01
906,Xavier Cedeño,28,WSN,NL,5,0,0,3.0,0,0,0,0,0,,,,0,0,0.00,1.80,0.00,1.68,,,,,,,/1,,cedenxa01
906,Xavier Cedeño,28,TBR,AL,61,0,0,43.0,11,2,8,1,1,.909,,,0,0,2.09,1.53,0.16,1.51,,,,,,,1,,cedenxa01
907,Steven Moya,23,DET,AL,7,5,4,45.0,14,12,2,0,1,1.000,1,16,0,0,2.80,2.20,2.00,2.19,,,,,,,/97DH,,moyast01
908,Erik Kratz,35,2TM,2LG,9,5,2,45.0,43,41,2,0,3,1.000,-1,-35,0,0,8.60,8.68,4.78,8.50,0,2,2,1,33.3,0,/2H3,,kratzer01
908,Erik Kratz,35,KCR,AL,4,1,0,12.0,13,12,1,0,0,1.000,-1,-100,0,0,9.75,8.25,3.25,8.20,0,1,2,0,0.0,0,/2,,kratzer01
908,Erik Kratz,35,PHI,NL,5,4,2,33.0,30,29,1,0,3,1.000,0,-11,0,0,8.18,8.84,6.00,8.74,0,1,0,1,100.0,0,/H23,,kratzer01
909,Greg Holland,29,KCR,AL,48,0,0,44.2,10,1,9,0,1,1.000,,,2,9,2.01,1.51,0.21,1.51,,,,,,,1,,hollagr01
910,Mike Wright Jr.,25,BAL,AL,12,9,0,44.2,5,2,3,0,0,1.000,,,-1,-4,1.01,1.51,0.42,1.51,,,,,,,1,,wrighmi01
911,J.P. Howell,32,LAD,NL,65,0,0,44.0,18,7,11,0,2,1.000,,,-1,-5,3.68,1.70,0.28,1.68,,,,,,,1,,howeljp01
912,José Tábata,26,PIT,NL,8,5,2,43.1,7,7,0,0,0,1.000,-1,-36,-2,-55,1.45,2.08,0.88,2.06,,,,,,,H/97D,,tabatjo01
913,Trevor Cahill,27,2TM,NL,26,3,0,43.1,15,5,10,0,0,1.000,,,0,0,3.12,1.68,0.58,1.68,,,,,,,1,,cahiltr01
913,Trevor Cahill,27,ATL,NL,15,3,0,26.1,10,4,6,0,0,1.000,,,-1,-8,3.42,1.67,0.67,1.68,,,,,,,1,,cahiltr01
913,Trevor Cahill,27,CHC,NL,11,0,0,17.0,5,1,4,0,0,1.000,,,1,12,2.65,1.69,0.45,1.68,,,,,,,1,,cahiltr01
914,Matt Barnes,25,BOS,AL,32,2,0,43.0,7,4,3,0,0,1.000,,,-2,-9,1.47,1.53,0.22,1.51,,,,,,,1,,barnema01
915,Bo Schultz,29,TOR,AL,31,0,0,43.0,5,2,2,1,0,.800,,,-1,-5,0.84,1.53,0.13,1.51,,,,,,,1,,schulbo02
916,Max Stassi,24,HOU,AL,10,4,1,43.0,40,39,1,0,1,1.000,1,28,1,28,8.37,8.27,4.00,8.21,0,1,3,2,40.0,0,2/DH,,stassma01
917,Jason Vargas,32,KCR,AL,9,9,0,43.0,7,1,6,0,1,1.000,,,1,5,1.47,1.53,0.78,1.51,,,,,,,/1,,vargaja01
918,Tyler Cravy,25,MIL,NL,14,7,0,42.2,5,2,3,0,0,1.000,,,0,0,1.05,1.69,0.36,1.68,,,,,,,1,,cravyty01
919,Aaron Loup,27,TOR,AL,60,0,0,42.1,4,0,4,0,0,1.000,,,-1,-5,0.85,1.51,0.07,1.51,,,,,,,1,,loupaa01
920,Clayton Richard,31,CHC,NL,23,3,0,42.1,18,5,13,0,1,1.000,,,3,14,3.83,1.68,0.78,1.68,,,,,,,1,,richacl01
921,Nevin Ashley,30,MIL,NL,8,5,3,41.1,44,41,3,0,0,1.000,-1,-29,0,0,9.58,8.47,5.50,8.41,0,4,2,1,33.3,0,/2H,,ashlene01
922,Chaz Roe,28,BAL,AL,36,0,0,41.1,5,1,3,1,0,.800,,,-1,-5,0.87,1.52,0.11,1.51,,,,,,,1,,roech01
923,Matt Thornton,38,WSN,NL,60,0,0,41.1,10,2,8,0,1,1.000,,,0,0,2.18,1.70,0.17,1.68,,,,,,,1,,thornma01
924,Óliver Pérez,33,2TM,2LG,70,0,0,41.0,9,3,6,0,1,1.000,,,-1,-5,1.98,1.62,0.13,1.63,,,,,,,1,,perezol01
924,Óliver Pérez,33,ARI,NL,48,0,0,29.0,7,2,5,0,1,1.000,,,-1,-7,2.17,1.68,0.15,1.68,,,,,,,1,,perezol01
924,Óliver Pérez,33,HOU,AL,22,0,0,12.0,2,1,1,0,0,1.000,,,0,0,1.50,1.50,0.09,1.51,,,,,,,1,,perezol01
925,Chris Capuano,36,NYY,AL,22,4,0,40.2,10,0,10,0,2,1.000,,,2,10,2.21,1.53,0.45,1.51,,,,,,,1,,capuach01
926,Jon Gray,23,COL,NL,9,9,0,40.2,7,3,4,0,0,1.000,,,-3,-15,1.55,1.68,0.78,1.68,,,,,,,/1,,grayjo02
927,Buck Farmer,24,DET,AL,14,5,0,40.1,8,2,5,1,0,.875,,,-4,-20,1.56,1.52,0.50,1.51,,,,,,,1,,farmebu01
928,T.J. McFarland,26,BAL,AL,30,0,0,40.1,6,0,6,0,0,1.000,,,-1,-5,1.34,1.52,0.20,1.51,,,,,,,1,,mcfartj01
929,Hector Neris,26,PHI,NL,32,0,0,40.1,6,1,3,2,0,.667,,,-1,-5,0.89,1.70,0.13,1.68,,,,,,,1,,nerishe01
930,Koji Uehara,40,BOS,AL,43,0,0,40.1,4,2,2,0,0,1.000,,,0,0,0.89,1.52,0.09,1.51,,,,,,,1,,ueharko01
931,Jonathan Diaz,30,TOR,AL,7,4,3,40.0,18,9,9,0,1,1.000,0,0,0,0,4.05,3.92,2.25,3.69,,,,,,,/67,,diazjo02
932,Casey Janssen,33,WSN,NL,48,0,0,40.0,10,4,6,0,0,1.000,,,1,5,2.25,1.69,0.21,1.68,,,,,,,1,,janssca01
933,Tyler Ladendorf,27,OAK,AL,8,4,1,40.0,15,10,5,0,1,1.000,-1,-15,0,0,3.38,3.40,1.67,2.99,,,,,,,/7H4856,,ladenty01
934,Dillon Gee,29,NYM,NL,8,7,0,39.2,16,5,10,1,2,.938,,,0,0,3.40,1.70,1.88,1.68,,,,,,,/1,,geedi01
935,Rafael Betancourt,40,COL,NL,45,0,0,39.1,3,2,1,0,0,1.000,,,-1,-5,0.69,1.69,0.07,1.68,,,,,,,1,,betanra01
936,Tom Gorzelanny,32,DET,AL,48,0,0,39.1,6,2,4,0,0,1.000,,,1,5,1.37,1.51,0.13,1.51,,,,,,,1,,gorzeto01
937,Javier López,37,SFG,NL,77,0,0,39.1,16,4,12,0,2,1.000,,,2,10,3.66,1.69,0.21,1.68,,,,,,,1,,lopezja02
938,Jeff Manship,30,CLE,AL,32,0,0,39.1,6,2,4,0,0,1.000,,,0,0,1.37,1.51,0.19,1.51,,,,,,,1,,manshje01
939,Chris Hatcher,30,LAD,NL,49,0,0,39.0,4,3,1,0,0,1.000,,,-1,-5,0.92,1.68,0.08,1.68,,,,,,,1,,hatchch02
940,Yadiel Rivera,23,MIL,NL,7,4,3,39.0,31,12,18,1,8,.968,-1,-15,0,0,6.92,4.38,4.29,4.30,,,,,,,/465,,riverya01
941,González Germen,27,2TM,NL,35,1,0,38.2,5,1,4,0,0,1.000,,,0,0,1.16,1.68,0.14,1.68,,,,,,,1,,germego01
941,González Germen,27,CHC,NL,6,0,0,6.0,0,0,0,0,0,,,,0,0,0.00,1.65,0.00,1.68,,,,,,,/1,,germego01
941,González Germen,27,COL,NL,29,1,0,32.2,5,1,4,0,0,1.000,,,0,0,1.38,1.68,0.17,1.68,,,,,,,1,,germego01
942,LaTroy Hawkins,42,2TM,2LG,42,0,0,38.2,10,2,8,0,1,1.000,,,3,16,2.33,1.63,0.24,1.61,,,,,,,1,,hawkila01
942,LaTroy Hawkins,42,COL,NL,24,0,0,22.1,7,2,5,0,1,1.000,,,2,18,2.82,1.69,0.29,1.68,,,,,,,1,,hawkila01
942,LaTroy Hawkins,42,TOR,AL,18,0,0,16.1,3,0,3,0,0,1.000,,,1,12,1.65,1.54,0.17,1.51,,,,,,,1,,hawkila01
943,Sam Freeman,28,TEX,AL,54,0,0,38.1,6,1,5,0,0,1.000,,,2,10,1.41,1.53,0.11,1.51,,,,,,,1,,freemsa01
944,Brett Oberholtzer,25,HOU,AL,8,8,0,38.1,10,3,7,0,0,1.000,,,1,5,2.35,1.53,1.25,1.51,,,,,,,/1,,oberhbr01
945,Tanner Scheppers,28,TEX,AL,42,0,0,38.1,7,4,3,0,0,1.000,,,0,0,1.64,1.53,0.17,1.51,,,,,,,1,,schepta01
946,Frank Garcés,25,SDP,NL,40,1,0,38.0,3,1,2,0,0,1.000,,,-1,-5,0.71,1.68,0.08,1.68,,,,,,,1,,garcefr01
947,Daniel Muno,26,NYM,NL,6,4,3,38.0,12,1,8,3,1,.750,-1,-25,0,0,2.13,2.94,1.50,2.82,,,,,,,H/54D,,munoda01
948,Dale Thayer,34,SDP,NL,38,0,0,37.2,2,0,2,0,0,1.000,,,0,0,0.48,1.70,0.05,1.68,,,,,,,1,,thayeda01
949,Nick Tropeano,24,LAA,AL,8,7,0,37.2,5,2,2,1,0,.800,,,0,0,0.96,1.53,0.50,1.51,,,,,,,/1,,tropeni01
950,Matt Albers,32,CHW,AL,30,0,0,37.1,12,3,8,1,1,.917,,,-1,-5,2.65,1.52,0.37,1.51,,,,,,,1,,alberma01
951,Dan Johnson,35,STL,NL,6,4,4,37.1,38,34,4,0,6,1.000,-1,-16,-1,-32,9.16,9.28,6.33,9.23,,,,,,,/H3,,johnsda06
952,Jake McGee,28,TBR,AL,39,0,0,37.1,2,0,2,0,0,1.000,,,0,0,0.48,1.52,0.05,1.51,,,,,,,1,,mcgeeja01
953,Ricky Nolasco,32,MIN,AL,9,8,0,37.1,4,2,1,1,0,.750,,,-1,-5,0.72,1.52,0.33,1.51,,,,,,,/1,,nolasri01
954,Chad Billingsley,30,PHI,NL,7,7,0,37.0,9,2,6,1,1,.889,,,-2,-11,1.95,1.68,1.14,1.69,,,,,,,/1,,billich01
955,L.J. Hoes,25,HOU,AL,7,4,2,37.0,6,6,0,0,0,1.000,0,10,2,65,1.46,2.19,0.86,2.19,,,,,,,/97H,,hoeslj01
956,Scott Carroll,30,CHW,AL,18,0,0,36.2,7,2,4,1,0,.857,,,-1,-5,1.47,1.52,0.33,1.51,,,,,,,1,,carrosc02
957,Zack Godley,25,ARI,NL,9,6,0,36.2,5,2,3,0,1,1.000,,,-1,-5,1.23,1.69,0.56,1.68,,,,,,,/1,,godleza01
958,Jesús Aguilar,25,CLE,AL,4,4,4,36.0,29,26,3,0,1,1.000,-2,-60,-2,-67,7.25,9.10,7.25,9.03,,,,,,,/3DH,,aguilje01
959,Tyler Wilson,25,BAL,AL,9,5,0,36.0,6,2,4,0,1,1.000,,,-1,-6,1.50,1.53,0.67,1.51,,,,,,,/1,,wilsoty01
960,Archie Bradley,22,ARI,NL,8,8,0,35.2,6,4,2,0,0,1.000,,,-1,-6,1.51,1.69,0.75,1.68,,,,,,,/1,,bradlar01
961,Steven Matz,24,NYM,NL,6,6,0,35.2,6,0,6,0,1,1.000,,,1,6,1.51,1.69,1.00,1.68,,,,,,,/1,,matzst01
962,Jeremy Affeldt,36,SFG,NL,52,0,0,35.1,9,3,6,0,0,1.000,,,1,6,2.29,1.68,0.17,1.68,,,,,,,1,,affelje01
963,Boone Logan,30,COL,NL,60,0,0,35.1,6,0,6,0,0,1.000,,,1,6,1.53,1.68,0.10,1.68,,,,,,,1,,loganbo02
964,Mike Morin,24,LAA,AL,47,0,0,35.1,6,2,3,1,0,.833,,,-1,-6,1.27,1.53,0.11,1.51,,,,,,,1,,morinmi01
965,Brandon Cunniff,26,ATL,NL,39,0,0,35.0,5,1,3,1,0,.800,,,-1,-6,1.03,1.70,0.10,1.68,,,,,,,1,,cunnibr02
966,Chris Dominguez,28,CIN,NL,5,4,3,35.0,13,13,0,0,0,1.000,0,3,0,0,3.34,4.14,2.60,4.94,,,,,,,/H379,,dominch01
967,Erik Johnson,25,CHW,AL,6,6,0,35.0,4,2,2,0,0,1.000,,,1,6,1.03,1.52,0.67,1.52,,,,,,,/1,,johnser04
968,Shaun Marcum,33,CLE,AL,7,6,0,35.0,5,3,2,0,0,1.000,,,1,6,1.29,1.52,0.71,1.51,,,,,,,/1,,marcush01
969,Marc Rzepczynski,29,2TM,2LG,72,0,0,35.0,11,4,4,3,1,.727,,,-3,-17,2.06,1.59,0.11,1.58,,,,,,,1,,rzepcma01
969,Marc Rzepczynski,29,CLE,AL,45,0,0,20.1,8,4,2,2,1,.750,,,-2,-20,2.66,1.50,0.13,1.51,,,,,,,1,,rzepcma01
969,Marc Rzepczynski,29,SDP,NL,27,0,0,14.2,3,0,2,1,0,.667,,,-1,-14,1.23,1.72,0.07,1.68,,,,,,,1,,rzepcma01
970,Elvis Araújo,23,PHI,NL,40,0,0,34.2,7,1,6,0,2,1.000,,,0,0,1.82,1.69,0.18,1.68,,,,,,,1,,araujel01
971,Randy Wolf,38,DET,AL,8,7,0,34.2,8,3,5,0,0,1.000,,,2,12,2.08,1.53,1.00,1.51,,,,,,,/1,,wolfra02
972,Tyler Thornburg,26,MIL,NL,24,0,0,34.1,4,3,1,0,0,1.000,,,0,0,1.05,1.68,0.17,1.68,,,,,,,1,,thornty01
973,Alex Torres,27,NYM,NL,39,0,0,34.1,7,4,3,0,0,1.000,,,0,0,1.83,1.68,0.18,1.68,,,,,,,1,,torreal01
974,Zach Davies,22,MIL,NL,6,6,0,34.0,9,1,8,0,1,1.000,,,2,12,2.38,1.69,1.50,1.68,,,,,,,/1,,davieza02
975,Wil Nieves,37,SDP,NL,6,4,2,34.0,48,45,2,1,1,.979,-3,-106,-2,-71,12.44,8.52,7.83,8.68,3,3,5,0,0.0,0,/23H,,nievewi01
976,Alex Presley,29,HOU,AL,6,4,3,34.0,8,8,0,0,0,1.000,-1,-32,-1,-35,2.12,2.20,1.33,2.18,,,,,,,/7H89,,preslal01
977,James Russell,29,CHC,NL,49,0,0,34.0,10,4,6,0,0,1.000,,,-1,-6,2.65,1.69,0.20,1.68,,,,,,,1,,russeja02
978,Taylor Teagarden,31,CHC,NL,6,3,2,34.0,33,30,3,0,0,1.000,-1,-35,0,0,8.74,8.47,5.50,8.42,0,2,2,0,0.0,0,/2H,,teagata01
979,Matt Belisle,35,STL,NL,34,0,0,33.2,8,1,7,0,0,1.000,,,1,6,2.14,1.68,0.24,1.68,,,,,,,1,,belisma01
980,Jason Grilli,38,ATL,NL,36,0,0,33.2,5,1,3,1,0,.800,,,1,6,1.07,1.68,0.11,1.68,,,,,,,1,,grillja01
981,David Hernández,30,ARI,NL,40,0,0,33.2,6,3,2,1,0,.833,,,-1,-6,1.34,1.68,0.13,1.68,,,,,,,1,,hernada01
982,Arodys Vizcaíno,24,ATL,NL,36,0,0,33.2,4,2,2,0,0,1.000,,,0,0,1.07,1.68,0.11,1.68,,,,,,,1,,vizcaar01
983,Austin Adams,28,CLE,AL,28,0,0,33.1,4,0,4,0,0,1.000,,,0,0,1.08,1.51,0.14,1.51,,,,,,,1,,adamsau01
984,Cam Bedrosian,23,LAA,AL,34,0,0,33.1,6,2,4,0,0,1.000,,,-1,-6,1.62,1.51,0.18,1.51,,,,,,,1,,bedroca01
985,Tony Cingrani,25,CIN,NL,35,1,0,33.1,6,0,6,0,1,1.000,,,1,6,1.62,1.70,0.17,1.68,,,,,,,1,,cingrto01
986,Erik Goeddel,26,NYM,NL,35,0,0,33.1,2,1,1,0,0,1.000,,,-2,-12,0.54,1.70,0.06,1.68,,,,,,,1,,goedder01
987,Tommy Kahnle,25,COL,NL,36,0,0,33.1,4,3,1,0,0,1.000,,,-1,-6,1.08,1.70,0.11,1.68,,,,,,,1,,kahnlto01
988,Justin Miller,28,COL,NL,34,0,0,33.1,3,1,2,0,0,1.000,,,0,0,0.81,1.70,0.09,1.68,,,,,,,1,,milleju02
989,Brooks Brown,30,COL,NL,36,0,0,33.0,5,1,4,0,0,1.000,,,-1,-6,1.36,1.69,0.14,1.68,,,,,,,1,,brownbr02
990,Danny Dorn,30,ARI,NL,5,3,3,33.0,10,10,0,0,0,1.000,-2,-73,0,0,2.73,4.25,2.00,4.94,,,,,,,H/93,,dornda01
991,Brandon Morrow,30,SDP,NL,5,5,0,33.0,5,3,2,0,1,1.000,,,0,0,1.36,1.69,1.00,1.68,,,,,,,/1,,morrobr01
992,Esmil Rogers,29,NYY,AL,18,0,0,33.0,7,3,3,1,1,.857,,,0,0,1.64,1.53,0.33,1.51,,,,,,,1,,rogeres01
993,Ryan Tepera,27,TOR,AL,32,0,0,33.0,4,0,4,0,1,1.000,,,0,0,1.09,1.53,0.13,1.51,,,,,,,1,,teperry01
994,Héctor Noesí,28,CHW,AL,10,5,0,32.2,4,0,4,0,1,1.000,,,-1,-6,1.10,1.52,0.40,1.51,,,,,,,1,,noesihe01
995,Josh A. Smith,27,CIN,NL,9,7,0,32.2,3,1,1,1,0,.667,,,-2,-12,0.55,1.68,0.22,1.68,,,,,,,/1H,,smithjo07
996,Manny Parra,32,CIN,NL,40,0,0,32.1,7,5,2,0,0,1.000,,,-1,-6,1.95,1.70,0.18,1.68,,,,,,,1,,parrama01
997,Aaron Thompson,28,MIN,AL,41,0,0,32.1,11,4,7,0,0,1.000,,,1,6,3.06,1.53,0.27,1.51,,,,,,,1,,thompaa01
998,Tsuyoshi Wada,34,CHC,NL,8,7,0,32.1,3,1,2,0,0,1.000,,,-1,-6,0.84,1.70,0.38,1.68,,,,,,,/1,,wadats01
999,Leury García,24,CHW,AL,11,1,1,32.0,7,4,2,1,0,.857,-1,-38,0,0,1.69,2.78,0.50,3.02,,,,,,,/H8647D1,,garcile02
1000,Colin Rea,24,SDP,NL,6,6,0,31.2,7,1,5,1,1,.857,,,0,0,1.71,1.71,1.00,1.68,,,,,,,/1H,,reaco01
1001,Tim Cooney,24,STL,NL,6,6,0,31.1,6,1,5,0,0,1.000,,,2,13,1.72,1.69,1.00,1.68,,,,,,,/1,,cooneti01
1002,Carter Capps,24,MIA,NL,30,0,0,31.0,6,1,5,0,1,1.000,,,-1,-6,1.74,1.68,0.20,1.68,,,,,,,1,,cappsca01
1003,Andrew Lambo,26,PIT,NL,8,3,2,31.0,4,3,1,0,0,1.000,-1,-50,-1,-39,1.16,2.06,0.50,2.06,,,,,,,H/97,,lamboan01
1004,Bruce Rondón,24,DET,AL,35,0,0,31.0,8,3,5,0,0,1.000,,,0,0,2.32,1.51,0.23,1.51,,,,,,,1,,rondobr01
1005,Allen Webster,25,ARI,NL,9,5,0,31.0,7,2,4,1,1,.857,,,-1,-6,1.74,1.68,0.67,1.68,,,,,,,/1,,webstal01
1006,Jackson Williams,29,SFG,NL,7,3,3,31.0,25,21,4,0,0,1.000,0,0,0,0,7.26,8.48,3.57,8.41,1,0,1,1,50.0,0,/2H,,willija01
1007,David Aardsma,33,ATL,NL,33,0,0,30.2,2,0,1,1,0,.500,,,-1,-7,0.29,1.70,0.03,1.68,,,,,,,1,,aardsda01
1008,Severino González,22,PHI,NL,7,7,0,30.2,5,3,2,0,0,1.000,,,-1,-7,1.47,1.70,0.71,1.69,,,,,,,/1,,gonzase01
1009,Rob Scahill,28,PIT,NL,28,0,0,30.2,6,1,4,1,0,.833,,,-1,-7,1.47,1.70,0.18,1.68,,,,,,,1,,scahiro01
1010,Cody Martin,25,2TM,2LG,25,2,0,30.2,4,2,2,0,0,1.000,,,-1,-7,1.17,1.64,0.16,1.65,,,,,,,1,,martico01
1010,Cody Martin,25,ATL,NL,21,0,0,21.2,2,1,1,0,0,1.000,,,-1,-9,0.83,1.70,0.10,1.68,,,,,,,1,,martico01
1010,Cody Martin,25,OAK,AL,4,2,0,9.0,2,1,1,0,0,1.000,,,0,0,2.00,1.50,0.50,1.50,,,,,,,/1,,martico01
1011,Chase d'Arnaud,28,PHI,NL,4,3,3,30.1,19,5,14,0,3,1.000,0,-12,0,0,5.64,3.83,4.75,3.88,,,,,,,/H65,,darnach01
1012,Chris Narveson,33,MIA,NL,15,2,0,30.1,7,0,5,2,0,.714,,,0,0,1.48,1.69,0.33,1.68,,,,,,,1,,narvech01
1013,Mychal Givens,25,BAL,AL,22,0,0,30.0,9,3,6,0,1,1.000,,,1,7,2.70,1.53,0.41,1.51,,,,,,,1,,givenmy01
1014,Enny Romero,24,TBR,AL,23,0,0,30.0,4,1,2,1,0,.750,,,-2,-13,0.90,1.53,0.13,1.51,,,,,,,1,,romeren01
1015,Daniel Webb,25,CHW,AL,27,0,0,30.0,6,1,4,1,0,.833,,,-1,-7,1.50,1.53,0.19,1.51,,,,,,,1,,webbda01
1016,Eric O'Flaherty,30,2TM,2LG,41,0,0,30.0,7,2,5,0,0,1.000,,,0,0,2.10,1.56,0.17,1.58,,,,,,,1,,oflaher01
1016,Eric O'Flaherty,30,OAK,AL,25,0,0,21.1,6,2,4,0,0,1.000,,,0,0,2.53,1.52,0.24,1.51,,,,,,,1,,oflaher01
1016,Eric O'Flaherty,30,NYM,NL,16,0,0,8.2,1,0,1,0,0,1.000,,,0,0,1.04,1.66,0.06,1.68,,,,,,,1,,oflaher01
1017,Jason García,22,BAL,AL,21,0,0,29.2,5,3,1,1,0,.800,,,-1,-7,1.21,1.52,0.19,1.51,,,,,,,1,,garcija03
1018,Adam Liberatore,28,LAD,NL,39,0,0,29.2,5,1,4,0,0,1.000,,,0,0,1.52,1.70,0.13,1.68,,,,,,,1,,liberad01
1019,Bryan Mitchell,24,NYY,AL,20,2,0,29.2,4,1,3,0,0,1.000,,,0,0,1.21,1.52,0.20,1.51,,,,,,,1,,mitchbr01
1020,Miguel Socolovich,28,STL,NL,28,0,0,29.2,7,1,5,1,0,.857,,,-1,-7,1.82,1.70,0.21,1.68,,,,,,,1,,socolmi01
1021,Aaron Barrett,27,WSN,NL,40,0,0,29.1,7,2,3,2,1,.714,,,-1,-7,1.53,1.69,0.13,1.68,,,,,,,1,,barreaa01
1022,Steve Delabar,31,TOR,AL,31,0,0,29.1,4,2,2,0,0,1.000,,,0,0,1.23,1.50,0.13,1.51,,,,,,,1,,delabst01
1023,Alec Asher,23,PHI,NL,7,7,0,29.0,6,3,3,0,0,1.000,,,0,0,1.86,1.68,0.86,1.69,,,,,,,/1,,asheral01
1024,Steven Baron,24,SEA,AL,4,4,1,29.0,35,34,1,0,0,1.000,-1,-41,0,0,10.86,8.26,8.75,8.20,0,2,2,0,0.0,0,/2,,baronst01
1025,Rich Hill,35,BOS,AL,4,4,1,29.0,4,1,2,1,0,.750,,,0,0,0.93,1.52,0.75,1.50,,,,,,,/1,,hillri01
1026,Sean Nolin,25,OAK,AL,6,6,0,29.0,1,0,1,0,0,1.000,,,-1,-7,0.31,1.52,0.17,1.52,,,,,,,/1,,nolinse01
1027,Andy Parrino,29,OAK,AL,16,1,0,29.0,7,2,5,0,2,1.000,-2,-62,0,0,2.17,3.66,0.44,3.59,,,,,,,6/5H,,parrian01
1028,Joel Peralta,39,LAD,NL,33,0,0,29.0,1,1,0,0,0,1.000,,,0,0,0.31,1.68,0.03,1.68,,,,,,,1,,peraljo01
1029,Josh Osich,26,SFG,NL,35,0,0,28.2,4,1,2,1,0,.750,,,-1,-7,0.94,1.70,0.09,1.68,,,,,,,1,,osichjo01
1030,Pat Venditte,30,OAK,AL,26,0,0,28.2,4,1,3,0,0,1.000,,,1,7,1.26,1.51,0.15,1.51,,,,,,,1,,vendipa01
1031,David Holmberg,23,CIN,NL,6,6,0,28.1,3,1,2,0,0,1.000,,,-1,-7,0.95,1.68,0.50,1.68,,,,,,,/1,,holmbda01
1032,Ryan Weber,24,ATL,NL,5,5,0,28.1,10,5,4,1,1,.900,,,1,7,2.86,1.68,1.80,1.68,,,,,,,/1,,weberry01
1033,Carlos Contreras,24,CIN,NL,22,0,0,28.0,4,3,1,0,0,1.000,,,0,0,1.29,1.70,0.18,1.68,,,,,,,1,,contrca01
1034,Ian Krol,24,DET,AL,33,0,0,28.0,5,0,4,1,1,.800,,,0,0,1.29,1.51,0.12,1.51,,,,,,,1,,krolia01
1035,Jorge Polanco,21,MIN,AL,4,3,3,28.0,17,3,12,2,2,.882,-2,-64,-2,-86,4.82,4.21,3.75,4.18,,,,,,,/6H,,polanjo01
1036,Adam Wainwright,33,STL,NL,7,4,0,28.0,7,4,3,0,0,1.000,,,0,0,2.25,1.70,1.00,1.69,,,,,,,/1,,wainwad01
1037,Jason Frasor,37,2TM,2LG,32,0,0,28.0,8,4,4,0,2,1.000,,,1,7,2.57,1.54,0.25,1.54,,,,,,,1,,frasoja01
1037,Jason Frasor,37,KCR,AL,26,0,0,23.1,7,4,3,0,2,1.000,,,1,9,2.70,1.50,0.27,1.51,,,,,,,1,,frasoja01
1037,Jason Frasor,37,ATL,NL,6,0,0,4.2,1,0,1,0,0,1.000,,,0,0,1.93,1.74,0.17,1.68,,,,,,,/1,,frasoja01
1038,Branden Pinder,26,NYY,AL,25,0,0,27.2,5,2,3,0,1,1.000,,,1,7,1.63,1.53,0.20,1.51,,,,,,,1,,pindebr01
1039,Ryan Pressly,26,MIN,AL,27,0,0,27.2,1,0,1,0,1,1.000,,,0,0,0.33,1.53,0.04,1.51,,,,,,,1,,pressry01
1040,Joba Chamberlain,29,2TM,AL,36,0,0,27.2,6,3,3,0,0,1.000,,,0,0,1.95,1.53,0.17,1.51,,,,,,,1,,chambjo03
1040,Joba Chamberlain,29,DET,AL,30,0,0,22.0,4,2,2,0,0,1.000,,,0,0,1.64,1.51,0.13,1.51,,,,,,,1,,chambjo03
1040,Joba Chamberlain,29,KCR,AL,6,0,0,5.2,2,1,1,0,0,1.000,,,0,0,3.18,1.59,0.33,1.52,,,,,,,/1,,chambjo03
1041,Randy Choate,39,STL,NL,71,0,0,27.1,14,5,9,0,1,1.000,,,0,0,4.61,1.68,0.20,1.68,,,,,,,1,,choatra01
1042,Nick Hagadone,29,CLE,AL,36,0,0,27.1,4,1,3,0,0,1.000,,,0,0,1.32,1.51,0.11,1.51,,,,,,,1,,hagadni01
1043,Andrew McKirahan,25,ATL,NL,27,0,0,27.1,3,0,3,0,1,1.000,,,0,0,0.99,1.68,0.11,1.68,,,,,,,1,,mckiran01
1044,Ariel Peña,26,MIL,NL,6,5,0,27.1,2,1,1,0,0,1.000,,,0,0,0.66,1.68,0.33,1.68,,,,,,,/1,,penaar01
1045,Alex Rodriguez,39,NYY,AL,6,3,1,27.1,20,17,2,1,2,.950,1,22,-1,-44,6.26,4.94,3.17,4.77,,,,,,,*DH/53,MVP-28,rodrial01
1046,Enrique Burgos,24,ARI,NL,30,0,0,27.0,2,0,2,0,0,1.000,,,0,0,0.67,1.70,0.07,1.68,,,,,,,1,,burgoen02
1047,Mitch Harris,29,STL,NL,26,0,0,27.0,4,1,3,0,0,1.000,,,0,0,1.33,1.70,0.15,1.68,,,,,,,1,,harrimi03
1048,Luis Jiménez,27,MIL,NL,8,2,2,27.0,8,2,5,1,1,.875,-1,-22,0,0,2.33,2.63,0.88,2.73,,,,,,,/H54,,jimenlu02
1049,Marcos Mateo,31,SDP,NL,26,0,0,27.0,3,1,2,0,0,1.000,,,-1,-7,1.00,1.70,0.12,1.68,,,,,,,1,,mateoma01
1050,Marcus Stroman,24,TOR,AL,4,4,0,27.0,10,5,5,0,0,1.000,,,0,0,3.33,1.53,2.50,1.50,,,,,,,/1,,stromma01
1051,Jhoulys Chacín,27,ARI,NL,5,4,0,26.2,6,2,4,0,0,1.000,,,0,0,2.03,1.69,1.20,1.68,,,,,,,/1,,chacijh01
1052,Mayckol Guaipe,24,SEA,AL,21,0,0,26.2,2,1,1,0,0,1.000,,,-1,-8,0.68,1.52,0.10,1.51,,,,,,,1,,guaipma01
1053,Arnold León,26,OAK,AL,19,0,0,26.2,5,4,1,0,0,1.000,,,-1,-8,1.69,1.52,0.26,1.51,,,,,,,1,,leonar01
1054,Zac Rosscup,27,CHC,NL,33,0,0,26.2,6,1,5,0,0,1.000,,,0,0,2.03,1.69,0.18,1.68,,,,,,,1,,rosscza01
1055,Manny Bañuelos,24,ATL,NL,7,6,0,26.1,3,0,2,1,0,.667,,,-1,-8,0.68,1.67,0.29,1.69,,,,,,,/1,,banuema01
1056,Ryan Lollis,28,SFG,NL,4,3,3,26.1,4,4,0,0,0,1.000,0,-9,0,0,1.37,2.05,1.00,2.05,,,,,,,/79H,,lolliry01
1057,Drew VerHagen,24,DET,AL,20,0,0,26.1,6,2,4,0,0,1.000,,,0,0,2.05,1.50,0.30,1.51,,,,,,,1,,verhadr01
1058,Kevin Frandsen,33,SFG,NL,4,3,2,26.0,26,24,2,0,0,1.000,1,37,1,46,9.00,9.31,6.50,9.23,,,,,,,/3H,,frandke01
1059,Sugar Ray Marimón,26,ATL,NL,16,0,0,25.2,1,0,1,0,0,1.000,,,0,0,0.35,1.68,0.06,1.68,,,,,,,1,,marimsu01
1060,Heath Hembree,26,BOS,AL,22,0,0,25.1,1,0,1,0,0,1.000,,,1,8,0.36,1.53,0.05,1.51,,,,,,,1,,hembrhe01
1061,Brian Ellington,24,MIA,NL,23,0,0,25.0,5,0,5,0,0,1.000,,,1,8,1.80,1.69,0.22,1.68,,,,,,,1,,ellinbr02
1062,David Rollins,25,SEA,AL,20,0,0,25.0,4,1,3,0,1,1.000,,,1,8,1.44,1.51,0.20,1.51,,,,,,,1,,rollida01
1063,Nick Masset,33,2TM,NL,28,0,0,25.0,1,1,0,0,0,1.000,,,0,0,0.36,1.69,0.04,1.68,,,,,,,1,,masseni01
1063,Nick Masset,33,MIA,NL,8,0,0,9.2,1,1,0,0,0,1.000,,,0,0,0.93,1.68,0.13,1.68,,,,,,,/1,,masseni01
1063,Nick Masset,33,ATL,NL,20,0,0,15.1,0,0,0,0,0,,,,0,0,0.00,1.70,0.00,1.68,,,,,,,1,,masseni01
1064,David Goforth,26,MIL,NL,20,0,0,24.2,6,1,5,0,0,1.000,,,-1,-8,2.19,1.68,0.30,1.68,,,,,,,1,,goforda01
1065,Dalier Hinojosa,29,2TM,2LG,19,0,0,24.2,1,1,0,0,0,1.000,,,-1,-8,0.36,1.68,0.05,1.67,,,,,,,1,,hinojda01
1065,Dalier Hinojosa,29,BOS,AL,1,0,0,1.2,0,0,0,0,0,,,,0,0,0.00,1.62,0.00,1.50,,,,,,,/1,,hinojda01
1065,Dalier Hinojosa,29,PHI,NL,18,0,0,23.0,1,1,0,0,0,1.000,,,-1,-9,0.39,1.68,0.06,1.68,,,,,,,1,,hinojda01
1066,David Carpenter,29,2TM,2LG,30,0,0,24.2,5,2,2,1,0,.800,,,0,0,1.46,1.57,0.13,1.55,,,,,,,1,,carpeda01
1066,David Carpenter,29,NYY,AL,22,0,0,18.2,4,1,2,1,0,.750,,,0,0,1.45,1.54,0.14,1.51,,,,,,,1,,carpeda01
1066,David Carpenter,29,WSN,NL,8,0,0,6.0,1,1,0,0,0,1.000,,,0,0,1.50,1.65,0.13,1.68,,,,,,,/1,,carpeda01
1067,Kyle Barraclough,25,MIA,NL,25,0,0,24.1,4,1,2,1,0,.750,,,0,0,1.11,1.70,0.12,1.68,,,,,,,1,,barraky01
1068,Bobby Parnell,30,NYM,NL,30,0,0,24.0,8,3,3,2,2,.750,,,0,0,2.25,1.69,0.20,1.68,,,,,,,1,,parnebo01
1069,Spencer Patton,27,TEX,AL,27,0,0,24.0,5,2,3,0,1,1.000,,,0,0,1.88,1.54,0.19,1.51,,,,,,,1,,pattosp01
1070,JC Ramírez,26,2TM,2LG,20,0,0,23.2,2,1,1,0,0,1.000,,,-1,-8,0.76,1.64,0.10,1.62,,,,,,,1,,ramirjc01
1070,JC Ramírez,26,ARI,NL,12,0,0,15.1,2,1,1,0,0,1.000,,,-1,-13,1.17,1.70,0.17,1.68,,,,,,,1,,ramirjc01
1070,JC Ramírez,26,SEA,AL,8,0,0,8.1,0,0,0,0,0,,,,0,0,0.00,1.51,0.00,1.51,,,,,,,/1,,ramirjc01
1071,Andrew Bellatti,23,TBR,AL,17,0,0,23.1,3,0,2,1,1,.667,,,-1,-9,0.77,1.50,0.12,1.51,,,,,,,1,,bellaan01
1072,Kevin Correia,34,PHI,NL,5,5,0,23.1,2,1,1,0,0,1.000,,,0,0,0.77,1.70,0.40,1.68,,,,,,,/1,,correke01
1073,Ernesto Frieri,29,TBR,AL,22,0,0,23.1,0,0,0,0,0,,,,-1,-9,0.00,1.50,0.00,1.51,,,,,,,1,,frierer01
1074,Radhames Liz,31,PIT,NL,14,0,0,23.1,4,2,2,0,0,1.000,,,0,0,1.54,1.70,0.29,1.68,,,,,,,1,,lizra01
1075,Matt Marksberry,24,ATL,NL,31,0,0,23.1,4,1,2,1,0,.750,,,-1,-9,1.16,1.70,0.10,1.68,,,,,,,1,,marksma01
1076,Dustin McGowan,33,PHI,NL,14,1,0,23.1,6,1,5,0,1,1.000,,,1,9,2.31,1.70,0.43,1.68,,,,,,,1,,mcgowdu01
1077,Michael Tonkin,25,MIN,AL,26,0,0,23.1,6,2,4,0,0,1.000,,,1,9,2.31,1.50,0.23,1.51,,,,,,,1,,tonkimi01
1078,Ian Thomas,28,2TM,NL,14,1,0,23.1,4,2,1,1,0,.750,,,-1,-9,1.16,1.70,0.21,1.68,,,,,,,1,,thomaia01
1078,Ian Thomas,28,ATL,NL,5,0,0,5.1,1,1,0,0,0,1.000,,,0,0,1.69,1.69,0.20,1.68,,,,,,,/1,,thomaia01
1078,Ian Thomas,28,LAD,NL,9,1,0,18.0,3,1,1,1,0,.667,,,-1,-11,1.00,1.70,0.22,1.68,,,,,,,/1,,thomaia01
1079,Brandon McCarthy,31,LAD,NL,4,4,0,23.0,4,1,3,0,1,1.000,,,1,9,1.57,1.68,1.00,1.68,,,,,,,/1,,mccarbr01
1080,Nick Vincent,28,SDP,NL,26,0,0,23.0,2,0,1,1,1,.500,,,-2,-17,0.39,1.68,0.04,1.68,,,,,,,1,,vinceni01
1081,César Jiménez,30,2TM,NL,19,0,0,23.0,4,1,3,0,0,1.000,,,0,0,1.57,1.68,0.21,1.68,,,,,,,1,,jimence01
1081,César Jiménez,30,PHI,NL,3,0,0,3.1,0,0,0,0,0,,,,0,0,0.00,1.62,0.00,1.67,,,,,,,/1,,jimence01
1081,César Jiménez,30,MIL,NL,16,0,0,19.2,4,1,3,0,0,1.000,,,0,0,1.83,1.69,0.25,1.68,,,,,,,1,,jimence01
1082,Joe Thatcher,33,HOU,AL,43,0,0,22.2,3,0,3,0,0,1.000,,,0,0,1.19,1.51,0.07,1.51,,,,,,,1,,thatcjo01
1083,Henderson Alvarez III,25,MIA,NL,4,4,0,22.1,8,3,4,1,0,.875,,,-1,-9,2.82,1.69,1.75,1.68,,,,,,,/1,,alvarhe01
1084,Reed Johnson,38,WSN,NL,4,2,2,22.1,5,5,0,0,0,1.000,0,-11,0,0,2.01,2.06,1.25,2.05,,,,,,,H/79,,johnsre02
1085,Jeff Francis,34,TOR,AL,14,0,0,22.0,4,1,3,0,0,1.000,,,1,9,1.64,1.51,0.29,1.51,,,,,,,1,,francje01
1086,Tyler Matzek,24,COL,NL,5,5,0,22.0,5,1,4,0,1,1.000,,,0,0,2.05,1.68,1.00,1.68,,,,,,,/1H,,matzety01
1087,Ryan O'Rourke,27,MIN,AL,28,0,0,22.0,4,2,2,0,0,1.000,,,1,9,1.64,1.51,0.14,1.51,,,,,,,1,,orourry01
1088,Jemile Weeks,28,BOS,AL,3,2,2,22.0,13,6,7,0,2,1.000,1,55,1,55,5.32,4.58,4.33,4.57,,,,,,,/4,,weeksje01
1089,Charlie Furbush,29,SEA,AL,33,0,0,21.2,6,2,3,1,0,.833,,,-1,-9,2.08,1.54,0.15,1.51,,,,,,,1,,furbuch01
1090,Ángel Nesbitt,24,DET,AL,24,0,0,21.2,4,2,2,0,0,1.000,,,-1,-9,1.66,1.54,0.17,1.51,,,,,,,1,,nesbian01
1091,Sammy Solís,26,WSN,NL,18,0,0,21.1,7,3,4,0,0,1.000,,,0,0,2.95,1.69,0.39,1.68,,,,,,,1,,solissa01
1092,Sam Deduno,31,HOU,AL,9,2,0,21.0,3,2,1,0,0,1.000,,,0,0,1.29,1.50,0.33,1.51,,,,,,,/1,,dedunsa01
1093,Francisco Peña,25,KCR,AL,8,1,1,21.0,12,12,0,0,0,1.000,0,0,0,0,5.14,8.27,1.50,8.21,0,1,0,0,,0,/2H,,penafr01
1094,Yoervis Medina,26,2TM,2LG,17,0,0,21.0,6,3,2,1,0,.833,,,0,0,2.14,1.59,0.29,1.56,,,,,,,1,,medinyo01
1094,Yoervis Medina,26,SEA,AL,12,0,0,12.0,2,1,0,1,0,.500,,,0,0,0.75,1.50,0.08,1.51,,,,,,,1,,medinyo01
1094,Yoervis Medina,26,CHC,NL,5,0,0,9.0,4,2,2,0,0,1.000,,,0,0,4.00,1.70,0.80,1.68,,,,,,,/1,,medinyo01
1095,Chris Martin,29,NYY,AL,24,0,0,20.2,5,3,2,0,0,1.000,,,0,0,2.18,1.52,0.21,1.51,,,,,,,1,,martich02
1096,Cory Rasmus,27,LAA,AL,16,1,0,20.2,1,1,0,0,0,1.000,,,0,0,0.44,1.52,0.06,1.51,,,,,,,1,,rasmuco02
1097,Tim Stauffer,33,2TM,2LG,18,0,0,20.2,5,0,5,0,1,1.000,,,0,0,2.18,1.57,0.28,1.56,,,,,,,1,,staufti01
1097,Tim Stauffer,33,MIN,AL,13,0,0,15.0,4,0,4,0,0,1.000,,,0,0,2.40,1.50,0.31,1.51,,,,,,,1,,staufti01
1097,Tim Stauffer,33,NYM,NL,5,0,0,5.2,1,0,1,0,1,1.000,,,0,0,1.59,1.75,0.20,1.68,,,,,,,/1,,staufti01
1098,Kirby Yates,28,TBR,AL,20,0,0,20.1,3,0,2,1,0,.667,,,0,0,0.89,1.50,0.10,1.51,,,,,,,1,,yateski01
1099,R.J. Alvarez,24,OAK,AL,21,0,0,20.0,3,2,1,0,0,1.000,,,-1,-10,1.35,1.53,0.14,1.51,,,,,,,1,,alvarrj01
1100,Matt Hague,29,TOR,AL,4,2,2,20.0,19,17,2,0,0,1.000,-1,-54,0,0,8.55,8.15,4.75,7.43,,,,,,,/H3D5,,haguema01
1101,Sam LeCure,31,CIN,NL,19,0,0,20.0,4,2,2,0,0,1.000,,,0,0,1.80,1.71,0.21,1.68,,,,,,,1,,lecursa01
1102,Scott Atchison,39,CLE,AL,23,0,0,19.2,3,1,2,0,0,1.000,,,0,0,1.37,1.51,0.13,1.51,,,,,,,1,,atchisc01
1103,André Rienzo,26,MIA,NL,14,0,0,19.2,2,0,2,0,0,1.000,,,0,0,0.92,1.69,0.14,1.68,,,,,,,1,,rienzan01
1104,Adam Loewen,31,PHI,NL,20,0,0,19.1,6,1,4,1,0,.833,,,0,0,2.33,1.68,0.25,1.68,,,,,,,1,,loewead01
1105,Ross Ohlendorf,32,TEX,AL,21,0,0,19.1,2,0,2,0,0,1.000,,,0,0,0.93,1.54,0.10,1.51,,,,,,,1,,ohlenro01
1106,Yohan Pino,31,KCR,AL,7,1,0,19.1,3,0,1,2,0,.333,,,-2,-21,0.47,1.54,0.14,1.51,,,,,,,/1,,pinoyo01
1107,Chase Whitley,26,NYY,AL,4,4,0,19.1,7,3,3,1,0,.857,,,-1,-10,2.79,1.54,1.50,1.50,,,,,,,/1,,whitlch01
1108,Jairo Díaz,24,COL,NL,21,0,0,19.0,2,1,1,0,0,1.000,,,-1,-11,0.95,1.71,0.10,1.68,,,,,,,1,,diazja01
1109,Nate Jones,29,CHW,AL,19,0,0,19.0,4,1,3,0,0,1.000,,,0,0,1.89,1.52,0.21,1.51,,,,,,,1,,jonesna01
1110,Jason Pridie,31,OAK,AL,4,1,1,19.0,1,1,0,0,0,1.000,-1,-57,0,0,0.47,2.18,0.25,2.20,,,,,,,/H978D,,pridija01
1111,Tony Zych,24,SEA,AL,13,1,0,18.1,3,0,3,0,0,1.000,,,-2,-22,1.47,1.52,0.23,1.51,,,,,,,1,,zychto01
1112,Nathan Adcock,27,CIN,NL,13,0,0,18.0,6,2,3,1,0,.833,,,-1,-11,2.50,1.70,0.38,1.68,,,,,,,1,,adcocna01
1113,Cole Figueroa,28,NYY,AL,2,2,2,18.0,4,0,3,1,0,.750,0,-13,0,0,1.50,2.65,1.50,2.60,,,,,,,/5,,figueco01
1114,Kyle Crockett,23,CLE,AL,31,0,0,17.2,2,0,2,0,0,1.000,,,0,0,1.02,1.53,0.06,1.51,,,,,,,1,,crockky01
1115,Miguel Castro,20,2TM,2LG,18,0,0,17.2,2,0,2,0,0,1.000,,,0,0,1.02,1.58,0.11,1.56,,,,,,,1,,castrmi01
1115,Miguel Castro,20,TOR,AL,13,0,0,12.1,0,0,0,0,0,,,,0,0,0.00,1.53,0.00,1.51,,,,,,,1,,castrmi01
1115,Miguel Castro,20,COL,NL,5,0,0,5.1,2,0,2,0,0,1.000,,,0,0,3.38,1.69,0.40,1.68,,,,,,,/1,,castrmi01
1116,Mike Broadway,28,SFG,NL,21,0,0,17.1,3,1,2,0,0,1.000,,,0,0,1.56,1.66,0.14,1.68,,,,,,,1,,broadmi01
1117,Phil Klein,26,TEX,AL,11,2,0,17.1,1,0,1,0,0,1.000,,,-1,-12,0.52,1.51,0.09,1.51,,,,,,,1,,kleinph01
1118,Tony Sanchez,27,PIT,NL,2,2,2,17.1,19,16,3,0,0,1.000,0,0,0,0,9.87,8.46,9.50,8.40,0,0,2,1,33.3,0,/2H,,sanchto01
1119,Bryan Anderson,28,OAK,AL,3,2,2,17.0,13,10,2,1,0,.923,-1,-71,0,0,6.35,8.26,4.00,8.20,0,1,2,0,0.0,0,/2H,,anderbr05
1120,Ryan Dull,25,OAK,AL,13,0,0,17.0,0,0,0,0,0,,,,0,0,0.00,1.54,0.00,1.51,,,,,,,1,,dullry01
1121,Robbie Erlin,24,SDP,NL,3,3,0,17.0,3,0,2,1,0,.667,,,-1,-12,1.06,1.69,0.67,1.67,,,,,,,/1,,erlinro01
1122,Rocky Gale,27,SDP,NL,6,1,1,17.0,18,18,0,0,0,1.000,1,71,0,0,9.53,8.47,3.00,8.42,0,0,0,0,,0,/2H,,galero01
1123,Matt Grace,26,WSN,NL,26,0,0,17.0,4,0,4,0,0,1.000,,,0,0,2.12,1.69,0.15,1.68,,,,,,,1,,gracema02
1124,Gorkys Hernández,27,PIT,NL,6,1,1,17.0,1,1,0,0,0,1.000,0,0,0,0,0.53,2.06,0.17,2.07,,,,,,,/7H9,,hernago01
1125,Taylor Jordan,26,WSN,NL,4,1,0,17.0,5,1,4,0,0,1.000,,,1,12,2.65,1.69,1.25,1.68,,,,,,,/1,,jordata01
1126,Ronald Torreyes,22,LAD,NL,6,0,0,17.0,6,2,4,0,1,1.000,0,21,0,0,3.18,4.13,0.86,3.76,,,,,,,/4H5,,torrero01
1127,Jake Brigham,27,ATL,NL,12,1,0,16.2,0,0,0,0,0,,,,-1,-12,0.00,1.67,0.00,1.68,,,,,,,1,,brighja01
1128,Deolis Guerra,26,PIT,NL,10,0,0,16.2,6,4,2,0,0,1.000,,,0,0,3.24,1.67,0.60,1.68,,,,,,,1,,guerrde01
1129,Ryan Kelly,27,ATL,NL,17,0,0,16.2,3,1,2,0,0,1.000,,,0,0,1.62,1.67,0.18,1.68,,,,,,,1,,kellyry01
1130,Dan Straily,26,HOU,AL,4,3,0,16.2,2,1,1,0,0,1.000,,,0,0,1.08,1.51,0.50,1.50,,,,,,,/1,,straida01
1131,Jon Edwards,27,2TM,2LG,22,0,0,16.2,3,1,2,0,0,1.000,,,0,0,1.62,1.62,0.14,1.60,,,,,,,1,,edwarjo02
1131,Jon Edwards,27,TEX,AL,11,0,0,6.0,1,1,0,0,0,1.000,,,0,0,1.50,1.50,0.09,1.51,,,,,,,1,,edwarjo02
1131,Jon Edwards,27,SDP,NL,11,0,0,10.2,2,0,2,0,0,1.000,,,0,0,1.69,1.69,0.18,1.68,,,,,,,1,,edwarjo02
1132,Asher Wojciechowski,26,HOU,AL,5,3,0,16.1,2,0,1,1,0,.500,,,-1,-12,0.55,1.54,0.20,1.52,,,,,,,/1,,wojcias01
1133,Sergio Santos,31,2TM,2LG,14,0,0,16.1,4,3,1,0,0,1.000,,,0,0,2.20,1.65,0.29,1.66,,,,,,,1,,santose01
1133,Sergio Santos,31,LAD,NL,12,0,0,13.1,3,2,1,0,0,1.000,,,0,0,2.03,1.69,0.25,1.68,,,,,,,1,,santose01
1133,Sergio Santos,31,NYY,AL,2,0,0,3.0,1,1,0,0,0,1.000,,,0,0,3.00,1.50,0.50,1.50,,,,,,,/1,,santose01
1134,Matt Harrison,29,TEX,AL,3,3,0,16.0,2,1,1,0,0,1.000,,,-1,-13,1.13,1.52,0.67,1.50,,,,,,,/1,,harrima01
1135,Peter O'Brien,24,ARI,NL,3,1,1,16.0,1,1,0,0,0,1.000,-2,-120,-1,-75,0.56,2.08,0.33,2.07,,,,,,,/H7,,obriepe01
1136,Todd Redmond,30,TOR,AL,7,1,0,16.0,0,0,0,0,0,,,,0,0,0.00,1.52,0.00,1.51,,,,,,,/1,,redmoto01
1137,Jamie Romak,29,ARI,NL,3,1,1,16.0,4,3,0,1,0,.750,-1,-60,-1,-75,1.69,3.43,1.00,4.43,,,,,,,H/73,,romakja01
1138,Danny Coulombe,25,2TM,2LG,14,0,0,16.0,1,1,0,0,0,1.000,,,0,0,0.56,1.63,0.07,1.57,,,,,,,1,,couloda01
1138,Danny Coulombe,25,LAD,NL,5,0,0,8.1,0,0,0,0,0,,,,0,0,0.00,1.73,0.00,1.68,,,,,,,/1,,couloda01
1138,Danny Coulombe,25,OAK,AL,9,0,0,7.2,1,1,0,0,0,1.000,,,0,0,1.17,1.53,0.11,1.51,,,,,,,/1,,couloda01
1139,Collin Balester,29,CIN,NL,15,0,0,15.2,1,1,0,0,0,1.000,,,0,0,0.57,1.67,0.07,1.68,,,,,,,1,,balesco01
1140,Alex Claudio,23,TEX,AL,18,0,0,15.2,6,2,4,0,1,1.000,,,1,13,3.45,1.55,0.33,1.51,,,,,,,1,,claudal01
1141,Oliver Drake,28,BAL,AL,13,0,0,15.2,4,1,3,0,0,1.000,,,0,0,2.30,1.55,0.31,1.51,,,,,,,1,,drakeol01
1142,Nick Rumbelow,23,NYY,AL,17,0,0,15.2,0,0,0,0,0,,,,0,0,0.00,1.55,0.00,1.51,,,,,,,1,,rumbeni01
1143,Scott Copeland,27,TOR,AL,5,3,0,15.1,5,1,4,0,1,1.000,,,0,0,2.93,1.53,1.00,1.52,,,,,,,/1,,copelsc01
1144,Logan Kensing,32,SEA,AL,19,0,0,15.1,2,0,2,0,0,1.000,,,0,0,1.17,1.53,0.11,1.51,,,,,,,1,,kensilo01
1145,Anthony Ranaudo,25,TEX,AL,4,2,0,15.1,2,1,1,0,0,1.000,,,0,0,1.17,1.53,0.50,1.50,,,,,,,/1,,ranauan01
1146,Rob Rasmussen,26,2TM,AL,20,0,0,15.1,1,0,1,0,0,1.000,,,0,0,0.59,1.53,0.05,1.51,,,,,,,1,,rasmuro01
1146,Rob Rasmussen,26,TOR,AL,1,0,0,1.0,0,0,0,0,0,,,,0,0,0.00,1.80,0.00,1.50,,,,,,,/1,,rasmuro01
1146,Rob Rasmussen,26,SEA,AL,19,0,0,14.1,1,0,1,0,0,1.000,,,0,0,0.63,1.51,0.05,1.51,,,,,,,1,,rasmuro01
1147,Frankie Montas,22,CHW,AL,7,2,0,15.0,1,0,1,0,0,1.000,,,0,0,0.60,1.50,0.14,1.51,,,,,,,/1,,montafr02
1148,Dominic Leone,23,2TM,2LG,13,0,0,15.0,2,1,1,0,0,1.000,,,0,0,1.20,1.56,0.15,1.55,,,,,,,1,,leonedo01
1148,Dominic Leone,23,SEA,AL,10,0,0,11.1,2,1,1,0,0,1.000,,,0,0,1.59,1.51,0.20,1.51,,,,,,,1,,leonedo01
1148,Dominic Leone,23,ARI,NL,3,0,0,3.2,0,0,0,0,0,,,,0,0,0.00,1.72,0.00,1.67,,,,,,,/1,,leonedo01
1149,C.J. Riefenhauser,25,TBR,AL,17,0,0,14.2,1,0,1,0,0,1.000,,,-1,-14,0.61,1.53,0.06,1.51,,,,,,,1,,riefecj01
1150,Sam Tuivailala,22,STL,NL,14,0,0,14.2,4,2,2,0,0,1.000,,,0,0,2.45,1.72,0.29,1.68,,,,,,,1,,tuivasa01
1151,Jorge Rondon,27,2TM,2LG,10,0,0,14.1,2,1,1,0,0,1.000,,,-1,-14,1.26,1.51,0.20,1.55,,,,,,,1,,rondojo01
1151,Jorge Rondon,27,COL,NL,2,0,0,1.0,0,0,0,0,0,,,,-1,-200,0.00,1.80,0.00,1.70,,,,,,,/1,,rondojo01
1151,Jorge Rondon,27,BAL,AL,8,0,0,13.1,2,1,1,0,0,1.000,,,0,0,1.35,1.49,0.25,1.51,,,,,,,/1,,rondojo01
1152,Ed Easley,29,STL,NL,3,1,1,14.0,14,14,0,0,0,1.000,1,86,0,0,9.00,8.49,4.67,8.40,0,0,0,0,,0,/2H,,easleed01
1153,Brent Morel,28,PIT,NL,2,2,1,14.0,4,1,3,0,1,1.000,0,9,0,0,2.57,2.44,2.00,2.45,,,,,,,/5H,,morelbr01
1154,Edgar Olmos,25,SEA,AL,6,2,0,14.0,1,0,1,0,0,1.000,,,0,0,0.64,1.54,0.17,1.52,,,,,,,/1,,olmosed01
1155,Neil Ramírez,26,CHC,NL,18,0,0,14.0,0,0,0,0,0,,,,0,0,0.00,1.67,0.00,1.68,,,,,,,1,,ramirne01
1156,Sean Doolittle,28,OAK,AL,12,0,0,13.2,1,0,1,0,1,1.000,,,0,0,0.66,1.51,0.08,1.51,,,,,,,1,,doolise01
1157,Matt Reynolds,30,ARI,NL,18,0,0,13.2,2,0,2,0,0,1.000,,,0,0,1.32,1.71,0.11,1.68,,,,,,,1,,reynoma02
1158,Tyler Wagner,24,MIL,NL,3,3,0,13.2,3,1,2,0,0,1.000,,,-1,-15,1.98,1.71,1.00,1.67,,,,,,,/1,,wagnety01
1159,Román Méndez,24,2TM,AL,15,0,0,13.2,2,1,1,0,0,1.000,,,0,0,1.32,1.51,0.13,1.51,,,,,,,1,,mendero01
1159,Román Méndez,24,TEX,AL,12,0,0,11.2,1,1,0,0,0,1.000,,,0,0,0.77,1.54,0.08,1.51,,,,,,,1,,mendero01
1159,Román Méndez,24,BOS,AL,3,0,0,2.0,1,0,1,0,0,1.000,,,0,0,4.50,1.35,0.33,1.50,,,,,,,/1,,mendero01
1160,Kenny Roberts,27,2TM,NL,15,0,0,13.2,3,1,2,0,0,1.000,,,0,0,1.98,1.65,0.20,1.68,,,,,,,1,,roberke02
1160,Kenny Roberts,27,COL,NL,9,0,0,9.1,2,1,1,0,0,1.000,,,0,0,1.93,1.64,0.22,1.68,,,,,,,/1,,roberke02
1160,Kenny Roberts,27,PHI,NL,6,0,0,4.1,1,0,1,0,0,1.000,,,0,0,2.08,1.66,0.17,1.68,,,,,,,/1,,roberke02
1161,A.J. Achter,26,MIN,AL,11,0,0,13.1,2,1,0,1,0,.500,,,-1,-15,0.68,1.49,0.09,1.51,,,,,,,1,,achteaj01
1162,Gavin Floyd,32,CLE,AL,7,0,0,13.1,3,1,2,0,0,1.000,,,1,15,2.03,1.49,0.43,1.51,,,,,,,/1,,floydga01
1163,Evan Marshall,25,ARI,NL,13,0,0,13.1,2,1,1,0,0,1.000,,,0,0,1.35,1.69,0.15,1.68,,,,,,,1,,marshev01
1164,Tyler Olson,25,SEA,AL,11,0,0,13.1,2,1,1,0,1,1.000,,,0,0,1.35,1.49,0.18,1.51,,,,,,,1,,olsonty01
1165,Anthony Swarzak,29,CLE,AL,10,0,0,13.1,2,0,2,0,0,1.000,,,0,0,1.35,1.49,0.20,1.51,,,,,,,1,,swarzan01
1166,Doug Bernier,35,MIN,AL,4,1,1,13.0,4,0,4,0,1,1.000,0,-9,0,0,2.77,3.05,1.00,3.58,,,,,,,/45H,,bernido01
1167,T.J. House,25,CLE,AL,4,4,0,13.0,1,0,1,0,0,1.000,,,-1,-15,0.69,1.52,0.25,1.50,,,,,,,/1,,housetj01
1168,Alfredo Marte,26,LAA,AL,3,1,0,13.0,2,2,0,0,0,1.000,1,83,1,92,1.38,2.22,0.67,2.20,,,,,,,/79DH,,marteal01
1169,Noé Ramirez,25,BOS,AL,17,0,0,13.0,2,2,0,0,0,1.000,,,0,0,1.38,1.52,0.12,1.51,,,,,,,1,,ramirno01
1170,Danny Burawa,26,2TM,2LG,13,0,0,13.0,1,0,1,0,0,1.000,,,0,0,0.69,1.66,0.08,1.67,,,,,,,1,,burawda01
1170,Danny Burawa,26,NYY,AL,1,0,0,0.2,0,0,0,0,0,,,,0,0,0.00,1.35,0.00,1.50,,,,,,,/1,,burawda01
1170,Danny Burawa,26,ATL,NL,12,0,0,12.1,1,0,1,0,0,1.000,,,0,0,0.73,1.68,0.08,1.68,,,,,,,1,,burawda01
1171,Kendry Flores,23,MIA,NL,7,1,0,12.2,2,0,2,0,0,1.000,,,0,0,1.42,1.71,0.29,1.69,,,,,,,/1,,floreke01
1172,Phil Coke,32,2TM,2LG,18,0,0,12.2,7,2,4,1,0,.857,,,1,16,4.26,1.71,0.33,1.66,,,,,,,1,,cokeph01
1172,Phil Coke,32,CHC,NL,16,0,0,10.0,6,2,3,1,0,.833,,,1,20,4.50,1.71,0.31,1.68,,,,,,,1,,cokeph01
1172,Phil Coke,32,TOR,AL,2,0,0,2.2,1,0,1,0,0,1.000,,,0,0,3.38,1.69,0.50,1.50,,,,,,,/1,,cokeph01
1173,Dylan Axelrod,29,CIN,NL,6,0,0,12.1,1,0,1,0,0,1.000,,,1,16,0.73,1.68,0.17,1.68,,,,,,,/1,,axelrdy01
1174,Silvino Bracho,22,ARI,NL,13,0,0,12.1,1,1,0,0,0,1.000,,,0,0,0.73,1.68,0.08,1.68,,,,,,,1,,brachsi01
1175,Erik Cordier,29,MIA,NL,8,0,0,12.1,1,0,1,0,0,1.000,,,0,0,0.73,1.68,0.13,1.68,,,,,,,/1,,cordier01
1176,Keith Hessler,26,ARI,NL,18,0,0,12.1,3,1,2,0,0,1.000,,,1,16,2.19,1.68,0.17,1.68,,,,,,,1,,hesslke01
1177,Rafael Martín,31,WSN,NL,13,0,0,12.1,0,0,0,0,0,,,,0,0,0.00,1.68,0.00,1.68,,,,,,,1,,martira04
1178,Taylor Hill,26,WSN,NL,6,0,0,12.0,2,1,1,0,0,1.000,,,1,17,1.50,1.73,0.33,1.68,,,,,,,/1,,hillta01
1179,Vin Mazzaro,28,MIA,NL,10,0,0,12.0,0,0,0,0,0,,,,-1,-17,0.00,1.73,0.00,1.68,,,,,,,1,,mazzavi01
1180,Jack Leathersich,24,NYM,NL,17,0,0,11.2,2,0,2,0,0,1.000,,,-1,-17,1.54,1.70,0.12,1.68,,,,,,,1,,leathja01
1181,Jon Moscot,23,CIN,NL,3,3,0,11.2,3,2,1,0,0,1.000,,,0,0,2.31,1.70,1.00,1.67,,,,,,,/1,,moscojo01
1182,Vinnie Pestano,30,LAA,AL,19,0,0,11.2,1,0,0,1,0,.000,,,-1,-17,0.00,1.54,0.00,1.51,,,,,,,1,,pestavi01
1183,Homer Bailey,29,CIN,NL,2,2,0,11.1,3,1,2,0,0,1.000,,,0,0,2.38,1.67,1.50,1.70,,,,,,,/1,,baileho02
1184,Jeff Ferrell,24,DET,AL,9,0,0,11.1,2,1,1,0,0,1.000,,,0,0,1.59,1.51,0.22,1.51,,,,,,,/1,,ferreje01
1185,Casey Kelly,25,SDP,NL,3,2,0,11.1,2,0,2,0,0,1.000,,,0,0,1.59,1.67,0.67,1.67,,,,,,,/1,,kellyca01
1186,Stolmy Pimentel,25,TEX,AL,8,0,0,11.1,3,0,3,0,0,1.000,,,1,18,2.38,1.51,0.38,1.51,,,,,,,/1,,pimenst01
1187,Scott Baker,33,LAD,NL,2,2,0,11.0,2,1,1,0,0,1.000,,,0,0,1.64,1.72,1.00,1.70,,,,,,,/1,,bakersc02
1188,Michael Reed,22,MIL,NL,3,1,1,11.0,4,4,0,0,0,1.000,2,164,1,109,3.27,2.05,1.33,2.07,,,,,,,/H9,,reedmi02
1189,Anthony Varvaro,30,BOS,AL,9,0,0,11.0,3,2,1,0,0,1.000,,,0,0,2.45,1.55,0.33,1.51,,,,,,,/1,,varvaan01
1190,Kevin Gregg,37,CIN,NL,11,0,0,10.2,2,1,0,1,0,.500,,,0,0,0.84,1.69,0.09,1.68,,,,,,,1,,greggke01
1191,Jonathan Aro,24,BOS,AL,6,0,0,10.1,1,1,0,0,0,1.000,,,0,0,0.87,1.48,0.17,1.52,,,,,,,/1,,arojo01
1192,Rex Brothers,27,COL,NL,17,0,0,10.1,2,0,2,0,1,1.000,,,1,19,1.74,1.65,0.12,1.68,,,,,,,1,,brothre01
1193,Simon Castro,27,COL,NL,11,0,0,10.1,1,0,1,0,0,1.000,,,0,0,0.87,1.65,0.09,1.68,,,,,,,1,,castrsi01
1194,Diego Moreno,27,NYY,AL,4,0,0,10.1,1,0,1,0,0,1.000,,,0,0,0.87,1.48,0.25,1.50,,,,,,,/1,,morendi01
1195,Peter Moylan,36,ATL,NL,22,0,0,10.1,2,0,2,0,0,1.000,,,-1,-19,1.74,1.65,0.09,1.68,,,,,,,1,,moylape01
1196,Adam Ottavino,29,COL,NL,10,0,0,10.1,1,0,1,0,0,1.000,,,0,0,0.87,1.65,0.10,1.68,,,,,,,1,,ottavad01
1197,Paco Rodríguez,24,LAD,NL,18,0,0,10.1,1,1,0,0,0,1.000,,,0,0,0.87,1.65,0.06,1.68,,,,,,,1,,rodrist02
1198,Jordan Walden,27,STL,NL,12,0,0,10.1,0,0,0,0,0,,,,-1,-19,0.00,1.65,0.00,1.68,,,,,,,1,,waldejo01
1199,Reid Brignac,29,MIA,NL,2,1,1,10.0,1,1,0,0,0,1.000,0,0,0,0,0.90,2.43,0.50,2.45,,,,,,,H/5,,brignre01
1200,Cody Decker,28,SDP,NL,3,1,0,10.0,7,5,2,0,1,1.000,0,12,0,0,6.30,9.27,2.33,9.23,,,,,,,/H3,,deckeco01
1201,Matt Duffy,26,HOU,AL,4,0,0,10.0,9,3,6,0,0,1.000,-1,-72,1,120,8.10,3.87,2.25,5.83,,,,,,,/H35,,duffyma02
1202,Terrance Gore,24,KCR,AL,4,0,0,10.0,0,0,0,0,0,,-1,-120,-1,-120,0.00,2.16,0.00,2.20,,,,,,,/H7D,,gorete01
1203,Max Kepler,22,MIN,AL,2,1,1,10.0,3,3,0,0,0,1.000,0,-36,0,0,2.70,2.16,1.50,2.20,,,,,,,/9H,,keplema01
1204,Jorge López,22,MIL,NL,2,2,0,10.0,1,0,1,0,0,1.000,,,0,0,0.90,1.71,0.50,1.70,,,,,,,/1,,lopezjo02
1205,Rafael Montero,24,NYM,NL,5,1,0,10.0,3,2,1,0,0,1.000,,,0,0,2.70,1.71,0.60,1.68,,,,,,,/1,,montera01
1206,Caleb Cotham,27,NYY,AL,12,0,0,9.2,0,0,0,0,0,,,,0,0,0.00,1.49,0.00,1.51,,,,,,,1,,cothaca01
1207,Andrew Faulkner,22,TEX,AL,11,0,0,9.2,2,1,1,0,0,1.000,,,0,0,1.86,1.49,0.18,1.51,,,,,,,1,,faulkan01
1208,A.J. Cole,23,WSN,NL,3,1,0,9.1,4,0,3,1,0,.750,,,0,0,2.89,1.64,1.00,1.67,,,,,,,/1,,coleaj01
1209,Josh Ravin,27,LAD,NL,9,0,0,9.1,1,1,0,0,0,1.000,,,0,0,0.96,1.64,0.11,1.68,,,,,,,/1,,ravinjo01
1210,Quintin Berry,30,CHC,NL,5,0,0,9.0,0,0,0,0,0,,-2,-240,0,0,0.00,2.10,0.00,2.06,,,,,,,/H789,,berryqu01
1211,Jake Buchanan,25,HOU,AL,5,0,0,9.0,1,0,1,0,0,1.000,,,0,0,1.00,1.50,0.20,1.52,,,,,,,/1,,buchaja01
1212,Dusty Coleman,28,KCR,AL,2,1,0,9.0,3,1,2,0,0,1.000,0,13,0,0,3.00,2.60,1.50,2.60,,,,,,,/H5,,colemdu01
1213,Adam Moore,31,CLE,AL,1,1,1,9.0,4,4,0,0,0,1.000,0,0,0,0,4.00,8.30,4.00,8.20,0,0,0,0,,0,/2,,mooread01
1214,A.J. Schugel,26,ARI,NL,5,0,0,9.0,4,0,3,1,1,.750,,,0,0,3.00,1.70,0.60,1.68,,,,,,,/1,,schugaj01
1215,Pedro Severino,21,WSN,NL,2,1,1,9.0,8,7,1,0,0,1.000,0,0,1,133,8.00,8.50,4.00,8.40,0,0,0,0,,0,/2H,,severpe01
1216,Jordany Valdespin,27,MIA,NL,1,1,1,9.0,1,1,0,0,0,1.000,1,80,0,0,1.00,2.10,1.00,2.10,,,,,,,/9H,,valdejo02
1217,José Váldez,25,DET,AL,7,0,0,9.0,0,0,0,0,0,,,,0,0,0.00,1.50,0.00,1.51,,,,,,,/1,,valdejo03
1218,Miguel Almonte,22,KCR,AL,9,0,0,8.2,2,1,1,0,0,1.000,,,0,0,2.08,1.56,0.22,1.51,,,,,,,/1,,almonmi01
1219,Andrew Bailey,31,NYY,AL,10,0,0,8.2,4,2,2,0,0,1.000,,,1,23,4.15,1.56,0.40,1.51,,,,,,,1,,bailean01
1220,Jason Gurka,27,COL,NL,10,0,0,8.2,1,0,1,0,0,1.000,0,0,0,0,1.04,1.66,0.10,1.72,,,,,,,/19,,gurkaja01
1221,Cory Mazzoni,25,SDP,NL,8,0,0,8.2,0,0,0,0,0,,,,-1,-23,0.00,1.66,0.00,1.68,,,,,,,/1,,mazzoco01
1222,Matt Stites,25,ARI,NL,11,0,0,8.2,2,0,2,0,0,1.000,,,1,23,2.08,1.66,0.18,1.68,,,,,,,1,,stitema01
1223,Joe Wieland,25,LAD,NL,2,2,0,8.2,2,1,1,0,0,1.000,,,0,0,2.08,1.66,1.00,1.70,,,,,,,/1,,wielajo01
1224,Ryan Cook,28,2TM,AL,9,0,0,8.2,1,0,0,1,0,.000,,,-1,-23,0.00,1.45,0.00,1.51,,,,,,,/1,,cookry01
1224,Ryan Cook,28,OAK,AL,4,0,0,4.1,0,0,0,0,0,,,,-1,-46,0.00,1.45,0.00,1.50,,,,,,,/1,,cookry01
1224,Ryan Cook,28,BOS,AL,5,0,0,4.1,1,0,0,1,0,.000,,,0,0,0.00,1.45,0.00,1.52,,,,,,,/1,,cookry01
1225,Dallas Beeler,26,CHC,NL,3,3,0,8.1,3,1,2,0,0,1.000,,,0,0,3.24,1.73,1.00,1.67,,,,,,,/1,,beeleda01
1226,Cody Hall,27,SFG,NL,7,0,0,8.1,0,0,0,0,0,,,,0,0,0.00,1.73,0.00,1.69,,,,,,,/1,,hallco01
1227,Shawn Armstrong,24,CLE,AL,8,0,0,8.0,0,0,0,0,0,,,,0,0,0.00,1.58,0.00,1.51,,,,,,,/1,,armstsh01
1228,Brandon Beachy,28,LAD,NL,2,2,0,8.0,1,1,0,0,0,1.000,,,0,0,1.13,1.69,0.50,1.70,,,,,,,/1,,beachbr01
1229,Ronald Belisario,32,TBR,AL,6,0,0,8.0,0,0,0,0,0,,,,0,0,0.00,1.58,0.00,1.52,,,,,,,/1,,belisro01
1230,Ryan Brett,23,TBR,AL,3,1,0,8.0,7,3,3,1,1,.857,0,30,0,0,6.75,4.61,2.00,4.57,,,,,,,/4H,,brettry01
1231,Buddy Carlyle,37,NYM,NL,11,0,0,8.0,2,2,0,0,0,1.000,,,0,0,2.25,1.69,0.18,1.68,,,,,,,1,,carlybu01
1232,Michael Feliz,22,HOU,AL,5,0,0,8.0,0,0,0,0,0,,,,0,0,0.00,1.58,0.00,1.52,,,,,,,/1,,felizmi01
1233,Bobby LaFromboise,29,PIT,NL,11,0,0,8.0,0,0,0,0,0,,,,0,0,0.00,1.69,0.00,1.68,,,,,,,1,,lafrobo01
1234,Travis Tartamella,27,STL,NL,3,0,0,8.0,9,9,0,0,0,1.000,0,0,0,0,10.13,8.44,3.00,8.40,0,1,0,0,,0,/2,,tartatr01
1235,Colton Murray,25,PHI,NL,8,0,0,7.2,1,0,1,0,0,1.000,,,0,0,1.17,1.64,0.13,1.68,,,,,,,/1,,murraco02
1236,José Ramírez,25,2TM,AL,8,0,0,7.2,0,0,0,0,0,,,,0,0,0.00,1.53,0.00,1.51,,,,,,,/1,,ramirjo02
1236,José Ramírez,25,NYY,AL,3,0,0,3.0,0,0,0,0,0,,,,0,0,0.00,1.50,0.00,1.50,,,,,,,/1,,ramirjo02
1236,José Ramírez,25,SEA,AL,5,0,0,4.2,0,0,0,0,0,,,,0,0,0.00,1.54,0.00,1.52,,,,,,,/1,,ramirjo02
1237,Aaron Laffey,30,COL,NL,3,0,0,7.1,1,0,1,0,0,1.000,,,0,0,1.23,1.72,0.33,1.67,,,,,,,/1,,laffeaa01
1238,Jenrry Mejía,25,NYM,NL,7,0,0,7.1,2,2,0,0,0,1.000,,,0,0,2.45,1.72,0.29,1.69,,,,,,,/1,,mejiaje01
1239,Brian Schlitter,29,CHC,NL,10,0,0,7.1,0,0,0,0,0,,,,0,0,0.00,1.72,0.00,1.68,,,,,,,1,,schlibr01
1240,Wesley Wright,30,2TM,AL,11,0,0,7.1,3,2,1,0,0,1.000,,,0,0,3.68,1.60,0.27,1.51,,,,,,,1,,wrighwe01
1240,Wesley Wright,30,BAL,AL,2,0,0,1.2,1,0,1,0,0,1.000,,,0,0,5.40,1.62,0.50,1.50,,,,,,,/1,,wrighwe01
1240,Wesley Wright,30,LAA,AL,9,0,0,5.2,2,2,0,0,0,1.000,,,0,0,3.18,1.59,0.22,1.51,,,,,,,/1,,wrighwe01
1241,Preston Guilmet,27,2TM,2LG,5,0,0,7.1,1,0,1,0,0,1.000,,,0,0,1.23,1.60,0.20,1.58,,,,,,,/1,,guilmpr01
1241,Preston Guilmet,27,TBR,AL,3,0,0,5.1,1,0,1,0,0,1.000,,,0,0,1.69,1.52,0.33,1.50,,,,,,,/1,,guilmpr01
1241,Preston Guilmet,27,MIL,NL,2,0,0,2.0,0,0,0,0,0,,,,0,0,0.00,1.80,0.00,1.70,,,,,,,/1,,guilmpr01
1242,Jeff Bianchi,28,BOS,AL,3,0,0,7.0,4,1,3,0,1,1.000,0,0,0,0,5.14,2.96,1.33,3.13,,,,,,,/56H,,biancje01
1243,Daniel Fields,24,DET,AL,1,0,0,7.0,3,2,0,1,0,.667,-3,-463,-1,-171,2.57,2.19,2.00,2.20,,,,,,,/7,,fieldda01
1244,Brandon Kintzler,30,MIL,NL,7,0,0,7.0,4,1,3,0,0,1.000,,,0,0,5.14,1.67,0.57,1.69,,,,,,,/1,,kintzbr01
1245,Jacob Lindgren,22,NYY,AL,7,0,0,7.0,2,0,1,1,0,.500,,,0,0,1.29,1.54,0.14,1.51,,,,,,,/1,,lindgja01
1246,Drew Rucinski,26,LAA,AL,4,1,0,7.0,1,0,1,0,0,1.000,,,0,0,1.29,1.54,0.25,1.50,,,,,,,/1,,rucindr01
1247,Chin-hui Tsao,34,LAD,NL,5,0,0,7.0,0,0,0,0,0,,,,0,0,0.00,1.67,0.00,1.68,,,,,,,/1,,tsaoch01
1248,Barry Zito,37,OAK,AL,3,2,0,7.0,3,1,2,0,1,1.000,,,1,29,3.86,1.54,1.00,1.50,,,,,,,/1,,zitoba01
1249,Yhonathan Barrios,23,MIL,NL,5,0,0,6.2,1,0,1,0,0,1.000,,,0,0,1.35,1.76,0.20,1.68,,,,,,,/1,,barriyh01
1250,Scott McGough,25,MIA,NL,6,0,0,6.2,1,0,1,0,0,1.000,,,0,0,1.35,1.76,0.17,1.68,,,,,,,/1,,mcgousc01
1251,Bruce Chen,38,CLE,AL,2,2,0,6.1,0,0,0,0,0,,,,0,0,0.00,1.56,0.00,1.50,,,,,,,/1,,chenbr01
1252,Luke Jackson,23,TEX,AL,7,0,0,6.1,0,0,0,0,0,,,,0,0,0.00,1.56,0.00,1.51,,,,,,,/1,,jackslu01
1253,Scott Alexander,25,KCR,AL,4,0,0,6.0,2,1,1,0,0,1.000,,,0,0,3.00,1.50,0.50,1.50,,,,,,,/1,,alexasc02
1254,Chris Beck,24,CHW,AL,1,1,0,6.0,2,0,2,0,0,1.000,,,0,0,3.00,1.50,2.00,1.50,,,,,,,/1,,beckch02
1255,David Huff,30,LAD,NL,3,1,0,6.0,3,0,3,0,0,1.000,,,0,0,4.50,1.65,1.00,1.67,,,,,,,/1,,huffda01
1256,Austin Romine,26,NYY,AL,1,1,0,6.0,9,8,1,0,1,1.000,0,-60,-1,-200,13.50,9.15,9.00,9.00,,,,,,,/3,,rominau01
1257,Cody Stanley,26,STL,NL,2,0,0,6.0,7,7,0,0,0,1.000,0,0,-1,-200,10.50,8.40,3.50,8.40,0,2,0,0,,0,/H2,,stanlco01
1258,Rob Wooten,29,MIL,NL,4,0,0,6.0,3,1,2,0,0,1.000,,,0,0,4.50,1.65,0.75,1.68,,,,,,,/1,,wootero01
1259,José Domínguez,24,TBR,AL,4,0,0,5.2,2,0,2,0,0,1.000,,,0,0,3.18,1.59,0.50,1.50,,,,,,,/1,,dominjo01
1260,Nick Goody,23,NYY,AL,7,0,0,5.2,2,1,1,0,0,1.000,,,0,0,3.18,1.59,0.29,1.51,,,,,,,/1,,goodyni01
1261,Raudel Lazo,26,MIA,NL,7,0,0,5.2,0,0,0,0,0,,,,0,0,0.00,1.75,0.00,1.69,,,,,,,/1,,lazora01
1262,Rafael Soriano,35,CHC,NL,6,0,0,5.2,1,0,1,0,0,1.000,,,0,0,1.59,1.75,0.17,1.68,,,,,,,/1,,soriara01
1263,Everett Teaford,31,TBR,AL,4,0,0,5.2,1,0,1,0,0,1.000,,,0,0,1.59,1.59,0.25,1.50,,,,,,,/1,,teafoev01
1264,Kevin Chapman,27,HOU,AL,3,0,0,5.1,1,0,1,0,0,1.000,,,0,0,1.69,1.52,0.33,1.50,,,,,,,/1,,chapmke02
1265,Kyle Drabek,27,CHW,AL,3,0,0,5.1,0,0,0,0,0,,,,0,0,0.00,1.52,0.00,1.50,,,,,,,/1,,drabeky01
1266,Steve Johnson,27,BAL,AL,6,0,0,5.1,0,0,0,0,0,,,,0,0,0.00,1.52,0.00,1.52,,,,,,,/1,,johnsst02
1267,Jerry Blevins,31,NYM,NL,7,0,0,5.0,1,0,1,0,0,1.000,,,0,0,1.80,1.62,0.14,1.69,,,,,,,/1,,blevije01
1268,Guido Knudson,25,DET,AL,4,0,0,5.0,0,0,0,0,0,,,,0,0,0.00,1.44,0.00,1.50,,,,,,,/1,,knudsgu01
1269,Brad Mills,30,OAK,AL,1,1,0,5.0,0,0,0,0,0,,,,0,0,0.00,1.44,0.00,1.50,,,,,,,/1,,millsbr02
1270,James Pazos,24,NYY,AL,11,0,0,5.0,1,0,1,0,0,1.000,,,0,0,1.80,1.44,0.09,1.51,,,,,,,1,,pazosja01
1271,Brad Peacock,27,HOU,AL,1,1,0,5.0,1,0,1,0,0,1.000,,,0,0,1.80,1.44,1.00,1.50,,,,,,,/1,,peacobr01
1272,Casey Sadler,24,PIT,NL,1,1,0,5.0,3,1,2,0,0,1.000,,,0,0,5.40,1.62,3.00,1.70,,,,,,,/1,,sadleca02
1273,Caleb Thielbar,28,MIN,AL,6,0,0,5.0,2,1,1,0,0,1.000,,,0,0,3.60,1.44,0.33,1.52,,,,,,,/1,,thielca01
1274,Carl Edwards Jr.,23,CHC,NL,5,0,0,4.2,2,1,1,0,0,1.000,,,0,0,3.86,1.74,0.40,1.68,,,,,,,/1,,edwarca01
1275,Michael Kohn,29,ATL,NL,6,0,0,4.2,0,0,0,0,0,,,,0,0,0.00,1.74,0.00,1.68,,,,,,,/1,,kohnmi01
1276,Zach Lee,23,LAD,NL,1,1,0,4.2,0,0,0,0,0,,,,-1,-43,0.00,1.74,0.00,1.70,,,,,,,/1,,leeza01
1277,Grant Balfour,37,TBR,AL,6,0,0,4.1,0,0,0,0,0,,,,0,0,0.00,1.45,0.00,1.52,,,,,,,/1,,balfogr01
1278,Jay Jackson,27,SDP,NL,6,0,0,4.1,0,0,0,0,0,,,,0,0,0.00,1.66,0.00,1.68,,,,,,,/1,,jacksja01
1279,Brian Johnson,24,BOS,AL,1,1,0,4.1,0,0,0,0,0,,,,0,0,0.00,1.45,0.00,1.50,,,,,,,/1,,johnsbr02
1280,Gerald Laird,35,ARI,NL,1,1,0,4.1,3,3,0,0,0,1.000,0,0,0,0,6.23,8.31,3.00,8.40,0,0,0,0,,0,/2,,lairdge01
1281,Donnie Veal,30,ATL,NL,5,0,0,4.1,1,0,1,0,0,1.000,,,0,0,2.08,1.66,0.20,1.68,,,,,,,/1,,vealdo01
1282,Phillippe Aumont,26,PHI,NL,1,1,0,4.0,0,0,0,0,0,,,,0,0,0.00,1.80,0.00,1.70,,,,,,,/1,,aumonph01
1283,Orlando Calixte,23,KCR,AL,1,0,0,4.0,2,0,2,0,0,1.000,0,-120,0,0,4.50,4.28,2.00,4.20,,,,,,,/H6,,calixor01
1284,Ángel Castro,32,OAK,AL,5,0,0,4.0,0,0,0,0,0,,,,-1,-50,0.00,1.58,0.00,1.52,,,,,,,/1,,castran01
1285,Garin Cecchini,24,BOS,AL,1,0,0,4.0,5,4,1,0,1,1.000,0,90,0,0,11.25,9.00,5.00,9.00,,,,,,,/H3D,,cecchga01
1286,Junior Guerra,30,CHW,AL,3,0,0,4.0,3,1,2,0,1,1.000,,,1,50,6.75,1.58,1.00,1.50,,,,,,,/1,,guerrju02
1287,Edgar Ibarra,26,LAA,AL,2,0,0,4.0,0,0,0,0,0,,,,0,0,0.00,1.58,0.00,1.50,,,,,,,/1,,ibarred01
1288,Nefi Ogando,26,PHI,NL,4,0,0,4.0,1,1,0,0,0,1.000,,,0,0,2.25,1.80,0.25,1.68,,,,,,,/1,,ogandne01
1289,Chris Reed,25,MIA,NL,2,0,0,4.0,3,0,3,0,0,1.000,,,0,0,6.75,1.80,1.50,1.70,,,,,,,/1,,reedch01
1290,Craig Stammen,31,WSN,NL,5,0,0,4.0,0,0,0,0,0,,,,0,0,0.00,1.80,0.00,1.68,,,,,,,/1,,stammcr01
1291,Christian Walker,24,BAL,AL,2,0,0,4.0,7,7,0,0,1,1.000,0,-90,0,0,15.75,9.00,3.50,9.05,,,,,,,/H3D,,walkech02
1292,Dario Álvarez,26,NYM,NL,6,0,0,3.2,0,0,0,0,0,,,,0,0,0.00,1.72,0.00,1.68,,,,,,,/1,,alvarda01
1293,David Carpenter,27,ATL,NL,4,0,0,3.2,1,1,0,0,0,1.000,,,0,0,2.45,1.72,0.25,1.68,,,,,,,/1,,carpeda02
1294,Cory Gearrin,29,SFG,NL,7,0,0,3.2,2,0,2,0,0,1.000,,,1,55,4.91,1.72,0.29,1.69,,,,,,,/1,,gearrco01
1295,Chad Jenkins,27,TOR,AL,2,0,0,3.2,0,0,0,0,0,,,,0,0,0.00,1.47,0.00,1.50,,,,,,,/1,,jenkich01
1296,José De Paula,27,NYY,AL,1,0,0,3.1,0,0,0,0,0,,,,0,0,0.00,1.62,0.00,1.50,,,,,,,/1,,depaujo02
1297,Dana Eveland,31,ATL,NL,10,0,0,3.1,1,1,0,0,0,1.000,,,0,0,2.70,1.62,0.10,1.68,,,,,,,1,,evelada01
1298,Don Kelly,35,MIA,NL,2,1,0,3.1,2,0,2,0,0,1.000,1,180,0,0,5.40,4.32,1.00,5.80,,,,,,,/35H,,kellydo01
1299,Toru Murata,30,CLE,AL,1,1,0,3.1,1,0,1,0,0,1.000,,,0,0,2.70,1.62,1.00,1.50,,,,,,,/1,,muratto01
1300,Donn Roach,25,CHC,NL,1,1,0,3.1,0,0,0,0,0,,,,0,0,0.00,1.62,0.00,1.70,,,,,,,/1,,roachdo01
1301,Giovanni Soto,24,CLE,AL,6,0,0,3.1,0,0,0,0,0,,,,0,0,0.00,1.62,0.00,1.52,,,,,,,/1,,sotogi01
1302,Eric Surkamp,27,LAD,NL,1,0,0,3.1,0,0,0,0,0,,,,0,0,0.00,1.62,0.00,1.70,,,,,,,/1,,surkaer01
1303,Brett Bochy,27,SFG,NL,4,0,0,3.0,0,0,0,0,0,,,,0,0,0.00,1.80,0.00,1.68,,,,,,,/1,,bochybr02
1304,Michael Choice,25,TEX,AL,1,0,0,3.0,1,0,0,1,0,.000,-1,-240,-1,-400,0.00,2.10,0.00,2.20,,,,,,,/9,,choicmi01
1305,Louis Coleman,29,KCR,AL,4,0,0,3.0,1,0,1,0,1,1.000,,,0,0,3.00,1.50,0.25,1.50,,,,,,,/1,,colemlo01
1306,Alex Dickerson,25,SDP,NL,1,0,0,3.0,1,1,0,0,0,1.000,0,160,0,0,3.00,2.10,1.00,2.10,,,,,,,H/7,,dickeal01
1307,Wilmer Difo,23,WSN,NL,2,1,0,3.0,1,0,1,0,0,1.000,0,80,0,0,3.00,4.80,0.50,4.75,,,,,,,H/4,,difowi01
1308,Donovan Hand,29,CIN,NL,1,0,0,3.0,0,0,0,0,0,,,,0,0,0.00,1.80,0.00,1.70,,,,,,,/1,,handdo01
1309,Colt Hynes,30,TOR,AL,5,0,0,3.0,0,0,0,0,0,,,,0,0,0.00,1.50,0.00,1.52,,,,,,,/1,,hynesco01
1310,Michael Mariot,26,KCR,AL,2,0,0,3.0,0,0,0,0,0,,,,0,0,0.00,1.50,0.00,1.50,,,,,,,/1,,mariomi01
1311,Chris Rearick,27,SDP,NL,5,0,0,3.0,0,0,0,0,0,,,,0,0,0.00,1.80,0.00,1.68,,,,,,,/1,,rearich01
1312,Matt West,26,LAD,NL,2,0,0,3.0,2,1,1,0,1,1.000,,,0,0,6.00,1.80,1.00,1.70,,,,,,,/1,,westma03
1313,Andrew Albers,29,TOR,AL,1,0,0,2.2,0,0,0,0,0,,,,0,0,0.00,1.69,0.00,1.50,,,,,,,/1,,alberan01
1314,Jeff Beliveau,28,TBR,AL,5,0,0,2.2,0,0,0,0,0,,,,0,0,0.00,1.69,0.00,1.52,,,,,,,/1,,belivje01
1315,Marco Gonzales,23,STL,NL,1,1,0,2.2,0,0,0,0,0,,,,0,0,0.00,1.69,0.00,1.70,,,,,,,/1,,gonzama02
1316,Alex Meyer,25,MIN,AL,2,0,0,2.2,2,1,1,0,0,1.000,,,0,0,6.75,1.69,1.00,1.50,,,,,,,/1,,meyeral01
1317,Keon Broxton,25,PIT,NL,2,0,0,2.1,0,0,0,0,0,,0,-103,0,0,0.00,1.93,0.00,2.05,,,,,,,/H789,,broxtke01
1318,Kyle Davies,31,NYY,AL,1,0,0,2.1,1,0,1,0,0,1.000,,,0,0,3.86,1.54,1.00,1.50,,,,,,,/1,,davieky01
1319,Lucas Luetge,28,SEA,AL,1,0,0,2.1,2,0,2,0,0,1.000,,,0,0,7.71,1.54,2.00,1.50,,,,,,,/1,,luetglu01
1320,Adrian Houser,22,MIL,NL,2,0,0,2.0,3,1,2,0,1,1.000,,,1,100,13.50,1.80,1.50,1.70,,,,,,,/1,,housead01
1321,Rico Noel,26,NYY,AL,2,0,0,2.0,1,1,0,0,0,1.000,-1,-300,0,0,4.50,2.25,0.50,2.20,,,,,,,H/D9,,noelri02
1322,Seth Rosin,26,PHI,NL,1,0,0,2.0,1,0,1,0,0,1.000,,,0,0,4.50,1.80,1.00,1.70,,,,,,,/1,,rosinse01
1323,Matt Tracy,26,NYY,AL,1,0,0,2.0,0,0,0,0,0,,,,0,0,0.00,1.35,0.00,1.50,,,,,,,/1,,tracyma01
1324,Chris Volstad,28,PIT,NL,1,0,0,2.0,0,0,0,0,0,,,,0,0,0.00,1.80,0.00,1.70,,,,,,,/1,,volstch01
1325,Adam Wilk,27,LAA,AL,1,0,0,2.0,0,0,0,0,0,,,,0,0,0.00,1.35,0.00,1.50,,,,,,,/1,,wilkad01
1326,Abel De Los Santos,22,WSN,NL,2,0,0,1.2,0,0,0,0,0,,,,0,0,0.00,1.62,0.00,1.70,,,,,,,/1,,delosab01
1327,Kyuji Fujikawa,34,TEX,AL,2,0,0,1.2,0,0,0,0,0,,,,0,0,0.00,1.62,0.00,1.50,,,,,,,/1,,fujikky01
1328,Javy Guerra,29,CHW,AL,3,0,0,1.2,0,0,0,0,0,,,,0,0,0.00,1.62,0.00,1.50,,,,,,,/1,,guerrja01
1329,C.C. Lee,28,CLE,AL,2,0,0,1.2,0,0,0,0,0,,,,0,0,0.00,1.62,0.00,1.50,,,,,,,/1,,leech01
1330,Dan Winkler,25,ATL,NL,2,0,0,1.2,1,1,0,0,0,1.000,,,0,0,5.40,1.62,0.50,1.70,,,,,,,/1,,winklda01
1331,Jordan Danks,28,PHI,NL,1,0,0,1.1,0,0,0,0,0,,0,0,0,0,0.00,2.03,0.00,2.10,,,,,,,/H7,,danksjo02
1332,Marcus Hatley,27,STL,NL,2,0,0,1.1,0,0,0,0,0,,,,0,0,0.00,1.35,0.00,1.70,,,,,,,/1,,hatlema01
1333,Juan Jaime,27,ATL,NL,2,0,0,1.1,1,0,1,0,0,1.000,,,0,0,6.75,1.35,0.50,1.70,,,,,,,/1,,jaimeju01
1334,Chad Smith,25,OAK,AL,2,0,0,1.1,0,0,0,0,0,,,,0,0,0.00,1.35,0.00,1.50,,,,,,,/1,,smithch09
1335,Jett Bandy,25,LAA,AL,1,0,0,1.0,2,1,1,0,0,1.000,0,0,0,0,18.00,8.10,2.00,8.20,0,0,0,0,,0,/2H,,bandyje01
1336,Emmanuel Burriss,30,WSN,NL,1,0,0,1.0,1,0,1,0,0,1.000,0,240,0,0,9.00,4.50,1.00,4.70,,,,,,,/H4,,burriem01
1337,César Cabral,26,BAL,AL,2,0,0,1.0,0,0,0,0,0,,,,0,0,0.00,1.80,0.00,1.50,,,,,,,/1,,cabrace01
1338,Leonel Campos,27,SDP,NL,1,0,0,1.0,0,0,0,0,0,,,,0,0,0.00,1.80,0.00,1.70,,,,,,,/1,,campole01
1339,John Cornely,26,ATL,NL,1,0,0,1.0,0,0,0,0,0,,,,0,0,0.00,1.80,0.00,1.70,,,,,,,/1,,cornejo01
1340,Akeel Morris,22,NYM,NL,1,0,0,0.2,0,0,0,0,0,,,,0,0,0.00,1.35,0.00,1.70,,,,,,,/1,,morriak01
1341,Joe Nathan,40,DET,AL,1,0,0,0.1,0,0,0,0,0,,,,0,0,0.00,2.70,0.00,1.50,,,,,,,/1,,nathajo01
1342,Jo-Jo Reyes,30,LAA,AL,1,0,0,0.1,0,0,0,0,0,,,,0,0,0.00,2.70,0.00,1.50,,,,,,,/1,,reyesjo03
1343,Nick Greenwood,27,STL,NL,1,0,0,0.0,0,0,0,0,0,,,,0,,,,0.00,1.70,,,,,,,/1,,greenni02
,MLB Average,,,,,,,,,,,,,.984,,0,,0,4.12,,2.78,,,,,,29.8,,,,-9999