Rk,Player,Age,Team,Lg,G,GS,CG,Inn,Ch,PO,A,E,DP,Fld%,Rtot,Rtot/yr,Rdrs,Rdrs/yr,RF/9,lgRF9,RF/G,lgRFG,PB,WP,SB,CS,CS%,Pick,Pos,Awards,-9999
1,Matt Olson,28,ATL,NL,162,161,161,1441.0,1318,1209,101,8,104,.994,6,5,6,5,8.18,8.48,8.09,8.35,,,,,,,*3,,olsonma02
2,Dansby Swanson,28,ATL,NL,161,161,158,1433.0,592,193,391,8,77,.986,11,9,9,8,3.67,3.88,3.63,3.82,,,,,,,*6,ASMVP-12GG,swansda01
3,Marcus Semien,31,TEX,AL,161,161,154,1421.0,726,276,441,9,96,.988,4,3,11,9,4.54,4.13,4.35,4.07,,,,,,,*46,,semiema01
4,Austin Riley,25,ATL,NL,159,158,157,1415.0,405,104,285,16,20,.960,6,5,7,6,2.47,2.73,2.43,2.69,,,,,,,*5/3H,ASMVP-6,rileyau01
5,Trea Turner,29,LAD,NL,160,160,146,1386.2,524,174,334,16,54,.969,2,2,-1,-1,3.30,3.88,3.18,3.82,,,,,,,*6,ASMVP-11SS,turnetr01
6,Francisco Lindor,28,NYM,NL,159,159,143,1378.2,592,198,385,9,82,.985,4,3,-3,-3,3.81,3.88,3.67,3.82,,,,,,,*6/D,MVP-9,lindofr01
7,Freddie Freeman,32,LAD,NL,159,159,144,1377.2,1251,1155,91,5,100,.996,-1,-1,-2,-2,8.14,8.48,7.84,8.35,,,,,,,*3,ASMVP-4,freemfr01
8,Bo Bichette,24,TOR,AL,157,157,146,1374.1,552,166,363,23,58,.958,-12,-11,-16,-14,3.46,3.91,3.37,3.86,,,,,,,*6/DH,MVP-11,bichebo01
9,Jake Cronenworth,28,SDP,NL,156,153,131,1367.1,612,276,331,5,88,.992,-5,-4,-2,-2,4.00,4.35,3.45,4.54,,,,,,,*43/6HD,AS,croneja01
10,Alex Bregman,28,HOU,AL,154,153,149,1360.1,414,144,263,7,39,.983,1,1,-5,-4,2.69,2.70,2.64,2.67,,,,,,,*5/H,MVP-19,bregmal01
11,Matt Chapman,29,TOR,AL,153,151,149,1344.1,432,164,263,5,41,.988,-4,-4,3,3,2.86,2.70,2.79,2.67,,,,,,,*5/HD,,chapmma01
12,Nathaniel Lowe,26,TEX,AL,153,150,145,1327.1,1331,1252,70,9,125,.993,-3,-3,-9,-8,8.96,8.27,8.64,8.15,,,,,,,*3/DH,SS,lowena01
13,Myles Straw,27,CLE,AL,152,144,139,1309.0,385,371,12,2,2,.995,15,14,17,16,2.63,2.23,2.52,2.20,,,,,,,*8/H,GG,strawmy01
14,Alex Verdugo,26,BOS,AL,150,149,141,1306.0,261,248,8,5,1,.981,1,0,-7,-6,1.76,2.23,1.71,2.20,,,,,,,*79/DH,,verdual01
15,Rhys Hoskins,29,PHI,NL,151,150,137,1298.1,1213,1098,103,12,103,.990,0,0,3,3,8.33,8.48,7.95,8.35,,,,,,,*3/DH,,hoskirh01
16,Juan Soto,23,2TM,NL,151,151,136,1298.1,310,304,3,3,0,.990,-11,-10,-2,-2,2.13,2.12,2.03,2.09,,,,,,,*9/DH,ASSS,sotoju01
17,Christian Walker,31,ARI,NL,150,146,143,1292.0,1192,1109,78,5,106,.996,19,18,17,16,8.27,8.48,7.91,8.35,,,,,,,*3D/H,GG,walkech02
18,Amed Rosario,26,CLE,AL,145,145,137,1286.0,533,161,358,14,62,.974,2,2,4,4,3.63,3.85,3.55,3.79,,,,,,,*6/7DH,,rosaram01
19,Brandon Nimmo,29,NYM,NL,151,148,135,1282.1,308,304,4,0,1,1.000,-4,-3,-4,-4,2.16,2.12,2.04,2.09,,,,,,,*8,,nimmobr01
20,Kyle Tucker,25,HOU,AL,147,145,138,1276.1,298,287,8,3,1,.990,16,15,15,14,2.08,2.23,2.01,2.20,,,,,,,*9/DH,ASMVP-15GG,tuckeky01
21,Tommy Edman,27,STL,NL,152,142,108,1270.2,665,224,435,6,102,.991,9,9,18,17,4.67,3.97,3.66,3.86,,,,,,,46/5H98,,edmanto01
22,Bobby Witt Jr.,22,KCR,AL,148,146,139,1269.2,513,145,349,19,58,.963,-23,-21,-22,-21,3.50,3.49,3.23,3.43,,,,,,,65/DH,ROY-4,wittbo02
23,Ha-Seong Kim,26,SDP,NL,149,142,130,1263.1,503,136,359,8,63,.984,7,6,13,12,3.53,3.72,3.19,3.64,,,,,,,*65/H,,kimha01
24,Cedric Mullins,27,BAL,AL,150,140,138,1259.2,367,358,9,0,4,1.000,2,2,5,5,2.62,2.23,2.45,2.20,,,,,,,*8/HD,,mullice01
25,Corey Seager,28,TEX,AL,144,144,138,1259.0,600,176,407,17,91,.972,-8,-7,-4,-4,4.17,3.91,4.05,3.86,,,,,,,*6/D,AS,seageco01
26,Ryan McMahon,27,COL,NL,151,141,136,1258.1,404,104,283,17,37,.958,0,0,10,10,2.77,2.80,2.48,2.78,,,,,,,*54/H3D,,mcmahry01
27,Jorge Mateo,27,BAL,AL,149,142,136,1257.1,615,181,417,17,91,.972,8,7,15,14,4.28,3.91,4.01,3.86,,,,,,,*6/H,,mateojo01
28,J.P. Crawford,27,SEA,AL,144,143,134,1254.0,502,162,326,14,70,.972,2,1,-4,-4,3.50,3.91,3.39,3.86,,,,,,,*6/H,,crawfjp01
29,Xander Bogaerts,29,BOS,AL,146,146,126,1249.2,581,170,401,10,78,.983,13,13,3,3,4.11,3.91,3.91,3.86,,,,,,,*6/DH,ASMVP-9SS,bogaexa01
30,Ian Happ,27,CHC,NL,147,143,130,1245.1,288,277,8,3,1,.990,2,2,15,14,2.06,2.12,1.94,2.09,,,,,,,*7D/H8,ASGG,happia01
31,Jurickson Profar,29,SDP,NL,146,141,124,1237.2,243,229,10,4,2,.984,-4,-3,2,2,1.74,2.12,1.64,2.09,,,,,,,*7/DH,,profaju01
32,César Hernández,32,WSN,NL,144,142,139,1228.2,527,222,299,6,73,.989,-9,-9,-6,-6,3.82,3.92,3.59,3.84,,,,,,,*47/5H,,hernace02
33,Isiah Kiner-Falefa,27,NYY,AL,142,135,127,1227.0,506,151,339,16,51,.968,5,5,10,10,3.59,3.87,3.40,3.81,,,,,,,*6/5H,,kineris01
34,Yuli Gurriel,38,HOU,AL,142,138,133,1226.1,1106,1057,45,4,106,.996,-6,-6,-2,-2,8.09,8.27,7.76,8.15,,,,,,,*3/DH,,gourryu01
35,Cody Bellinger,26,LAD,NL,144,135,134,1223.0,327,322,2,3,0,.991,9,9,-1,-1,2.38,2.12,2.25,2.09,,,,,,,*8/H,,bellico01
36,Geraldo Perdomo,22,ARI,NL,147,138,127,1221.0,543,181,348,14,85,.974,2,2,-2,-2,3.90,3.84,3.57,3.78,,,,,,,*6/5H4,,perdoge01
37,Elvis Andrus,33,2TM,AL,143,139,131,1220.1,548,172,366,10,65,.982,3,3,-5,-5,3.97,3.91,3.76,3.86,,,,,,,*6/HD,,andruel01
38,Austin Hays,26,BAL,AL,141,136,122,1211.1,285,276,8,1,0,.996,-5,-5,9,9,2.11,2.23,2.01,2.20,,,,,,,*79/8DH,,haysau01
39,Jeff McNeil,30,NYM,NL,143,139,114,1208.0,476,246,226,4,56,.992,4,4,7,7,3.52,3.52,3.06,3.45,,,,,,,479/DH5,ASMVP-15SS,mcneije01
40,Adam Frazier,30,SEA,AL,144,133,103,1206.0,502,249,246,7,61,.986,-1,-1,2,2,3.69,3.84,2.98,3.65,,,,,,,*497H/D68,,fraziad01
41,Alec Bohm,25,PHI,NL,140,137,128,1203.2,401,146,242,13,23,.968,-13,-13,-17,-17,2.90,2.97,2.68,3.04,,,,,,,*53/DH,,bohmal01
42,Andrés Giménez,23,CLE,AL,141,134,127,1203.0,612,240,363,9,76,.985,6,6,17,17,4.51,4.12,4.22,4.06,,,,,,,*46/H,ASMVP-6GG,gimenan01
43,Steven Kwan,24,CLE,AL,137,133,117,1202.2,278,266,8,4,3,.986,14,14,16,16,2.05,2.23,2.00,2.20,,,,,,,*79/8HD,ROY-3GG,kwanst01
44,Mookie Betts,29,LAD,NL,139,138,122,1200.1,332,307,23,2,11,.994,29,29,15,15,2.47,2.20,2.31,2.19,,,,,,,*9/4HD,ASMVP-5GGSS,bettsmo01
45,Willy Adames,26,MIL,NL,136,136,132,1199.2,526,178,334,14,68,.973,9,9,9,9,3.84,3.88,3.76,3.82,,,,,,,*6/DH,,adamewi01
46,Rafael Devers,25,BOS,AL,138,137,125,1186.0,393,124,255,14,29,.964,-6,-6,-6,-6,2.88,2.70,2.75,2.67,,,,,,,*5/DH,ASMVP-14,deverra01
47,Adolis García,29,TEX,AL,134,133,115,1177.1,284,269,10,5,1,.982,7,7,6,6,2.13,2.23,2.08,2.20,,,,,,,*98D/H,,garciad02
48,Brendan Rodgers,25,COL,NL,134,133,132,1168.1,639,218,411,10,99,.984,14,14,22,23,4.85,4.13,4.69,4.06,,,,,,,*4/D,GG,rodgebr02
49,Kyle Schwarber,29,PHI,NL,139,138,111,1167.0,186,182,3,1,0,.995,-13,-13,-14,-14,1.43,2.12,1.33,2.09,,,,,,,*7D/H,ASMVP-16SS,schwaky01
50,Jeremy Peña,24,HOU,AL,134,132,127,1165.0,512,146,347,19,64,.963,8,8,16,16,3.81,3.91,3.68,3.86,,,,,,,*6/H,ROY-5GG,penaje02
51,Seth Brown,29,OAK,AL,145,130,95,1164.0,717,665,46,6,53,.992,-11,-12,-5,-5,5.50,5.53,4.42,5.30,,,,,,,3798H/D,,brownse01
52,Thairo Estrada,26,SFG,NL,139,129,105,1164.0,520,218,292,10,78,.981,-12,-12,-17,-18,3.94,3.90,3.17,3.75,,,,,,,467H/58,,estrath01
53,Jose Altuve,32,HOU,AL,135,134,112,1150.1,437,159,269,9,67,.979,-3,-3,-15,-16,3.35,4.15,3.17,4.09,,,,,,,*4/HD,ASMVP-5SS,altuvjo01
54,Gio Urshela,30,MIN,AL,137,131,120,1147.2,344,100,238,6,25,.983,0,0,3,3,2.65,2.70,2.45,2.69,,,,,,,*5/DH6,,urshegi01
55,Randal Grichuk,30,COL,NL,138,128,106,1144.1,268,260,3,5,0,.981,-22,-23,-4,-4,2.07,2.12,1.91,2.08,,,,,,,*98/H1D,,grichra01
56,Eugenio Suárez,30,SEA,AL,130,129,122,1144.0,348,112,226,10,23,.971,-8,-9,-1,-1,2.66,2.70,2.60,2.67,,,,,,,*5D/H,,suareeu01
57,Rowdy Tellez,27,MIL,NL,139,126,118,1144.0,1029,946,81,2,86,.998,-1,-1,-5,-5,8.08,8.48,7.39,8.35,,,,,,,*3H/D,,tellero01
58,Kyle Farmer,31,CIN,NL,133,132,120,1143.2,423,138,276,9,58,.979,0,0,-2,-2,3.26,3.58,3.04,3.58,,,,,,,65D/H3,,farmeky01
59,Trent Grisham,25,SDP,NL,148,124,118,1143.0,346,341,3,2,1,.994,15,15,10,10,2.71,2.12,2.32,2.09,,,,,,,*8H,GG,grishtr01
60,Manny Machado,29,SDP,NL,134,132,115,1143.0,321,93,217,11,27,.966,2,2,-2,-2,2.44,2.70,2.31,2.65,,,,,,,*5D/H,ASMVP-2,machama01
61,Pete Alonso,27,NYM,NL,134,133,108,1141.2,1013,913,92,8,102,.992,-8,-8,-2,-2,7.92,8.48,7.50,8.35,,,,,,,*3D,ASMVP-8,alonspe01
62,Miguel Rojas,33,MIA,NL,140,132,110,1141.2,561,211,343,7,78,.988,14,15,17,18,4.37,3.99,3.79,4.13,,,,,,,*63/H,,rojasmi02
63,J.T. Realmuto,31,PHI,NL,134,130,120,1137.2,1215,1157,49,9,11,.993,11,12,11,12,9.54,9.12,8.87,8.96,2,35,38,30,44.1,1,*2/H3D,MVP-7GGSS,realmjt01
64,José Abreu,35,CHW,AL,128,128,125,1136.1,1016,954,51,11,96,.989,-2,-2,1,1,7.96,8.27,7.85,8.15,,,,,,,*3D,MVP-17,abreujo02
65,Tommy Pham,34,2TM,2LG,134,133,123,1135.1,249,227,15,7,1,.972,-6,-7,-1,-1,1.92,2.16,1.81,2.13,,,,,,,*7D/H,,phamth01
66,Taylor Ward,28,LAA,AL,132,129,118,1133.0,288,277,6,5,1,.983,3,3,-4,-4,2.25,2.23,2.11,2.21,,,,,,,*9/8H57D,,wardta01
67,Ty France,27,SEA,AL,130,130,117,1132.1,904,820,81,3,74,.997,-8,-8,-1,-1,7.16,8.04,6.72,7.87,,,,,,,*3/D5H4,AS,francty01
68,Mike Yastrzemski,31,SFG,NL,144,125,56,1127.2,283,271,9,3,3,.989,8,9,3,3,2.23,2.12,1.94,2.09,,,,,,,*98H/D,,yastrmi01
69,Julio Rodríguez,21,SEA,AL,130,130,122,1126.2,366,357,3,6,0,.984,6,7,3,3,2.88,2.23,2.77,2.20,,,,,,,*8/DH,ASMVP-7ROY-1SS,rodriju01
70,Lane Thomas,26,WSN,NL,142,125,97,1124.2,308,298,8,2,2,.994,4,4,-1,-1,2.45,2.12,2.15,2.09,,,,,,,*789H/D,,thomala02
71,Aaron Judge,30,NYY,AL,129,128,92,1124.1,281,275,6,0,1,1.000,10,10,5,5,2.25,2.23,2.18,2.20,,,,,,,*89D/H,ASMVP-1SS,judgeaa01
72,Javier Báez,29,DET,AL,133,132,117,1122.2,567,187,354,26,76,.954,-4,-4,-4,-4,4.34,3.91,4.07,3.86,,,,,,,*6D/H,,baezja01
73,Vladimir Guerrero Jr.,23,TOR,AL,128,126,122,1121.0,1026,969,47,10,80,.990,-1,-1,3,3,8.16,8.26,7.88,8.11,,,,,,,*3D/H5,ASMVP-16GG,guerrvl02
74,Nicky Lopez,27,KCR,AL,140,127,111,1120.1,549,201,341,7,85,.987,-7,-7,-7,-7,4.35,3.83,3.59,3.71,,,,,,,465H/D1,,lopezni01
75,AJ Pollock,34,CHW,AL,137,123,98,1119.2,259,247,7,5,3,.981,-8,-8,-1,-1,2.04,2.23,1.85,2.20,,,,,,,*789/H,,polloaj01
76,Tony Kemp,30,OAK,AL,140,128,97,1119.0,417,238,175,4,37,.990,-10,-10,-1,-1,3.32,3.28,2.68,3.29,,,,,,,47H/D,,kempto01
77,Nolan Arenado,31,STL,NL,131,131,113,1118.2,379,84,283,12,42,.968,18,20,20,21,2.95,2.70,2.80,2.65,,,,,,,*5D/H,ASMVP-3GGSS,arenano01
78,Nico Hoerner,25,CHC,NL,133,128,118,1118.2,498,127,358,13,58,.974,4,4,10,11,3.90,3.88,3.62,3.81,,,,,,,*6/H5D,,hoernni01
79,Jonathan Schoop,30,DET,AL,130,128,124,1116.0,533,216,314,3,86,.994,8,8,9,10,4.27,4.19,4.05,4.15,,,,,,,*4/3HD,,schoojo01
80,Carlos Correa,27,MIN,AL,132,129,115,1113.1,472,157,307,8,51,.983,6,7,3,3,3.75,3.91,3.52,3.86,,,,,,,*6/DH,,correca01
81,Eduardo Escobar,33,NYM,NL,130,125,117,1110.2,289,93,184,12,19,.958,-18,-20,-11,-12,2.24,2.70,2.10,2.67,,,,,,,*5/DH4,,escobed01
82,José Ramírez,29,CLE,AL,127,127,114,1109.2,335,91,234,10,27,.970,0,0,1,1,2.64,2.70,2.56,2.67,,,,,,,*5D,ASMVP-4SS,ramirjo01
83,Ke'Bryan Hayes,25,PIT,NL,133,128,116,1107.2,432,112,308,12,36,.972,12,13,25,27,3.41,2.71,3.09,2.68,,,,,,,*5/H6D,,hayeske01
84,Patrick Wisdom,30,CHC,NL,131,124,108,1104.1,386,178,194,14,34,.964,-8,-8,-12,-13,3.03,3.26,2.72,3.34,,,,,,,53/97HD8,,wisdopa01
85,Paul Goldschmidt,34,STL,NL,128,127,113,1103.2,1163,1071,91,1,118,.999,4,4,2,2,9.48,8.48,9.08,8.35,,,,,,,*3D/H,ASMVP-1SS,goldspa01
86,Mark Canha,33,NYM,NL,132,124,96,1103.0,199,195,4,0,1,1.000,-9,-10,-4,-4,1.62,2.13,1.49,2.14,,,,,,,*7H8/9D35,,canhama01
87,Taylor Walls,25,TBR,AL,140,122,107,1101.2,532,168,350,14,52,.974,11,12,19,21,4.23,3.77,3.43,3.72,,,,,,,645/HD,,wallsta01
88,Gleyber Torres,25,NYY,AL,125,122,115,1097.2,478,196,274,8,50,.983,3,4,9,10,3.85,4.15,3.62,4.08,,,,,,,*4/DH6,,torregl01
89,Daulton Varsho,25,ARI,NL,136,121,99,1095.1,435,411,18,6,2,.986,9,9,17,19,3.52,3.24,2.96,3.56,3,7,12,6,33.3,0,*982D/H,,varshda01
90,Randy Arozarena,27,TBR,AL,126,123,113,1084.0,207,198,4,5,0,.976,-7,-8,-7,-8,1.68,2.23,1.60,2.20,,,,,,,*7D9/H,,arozara01
91,Ryan Mountcastle,25,BAL,AL,124,123,120,1079.1,1042,963,74,5,111,.995,-4,-4,1,1,8.65,8.27,8.36,8.15,,,,,,,*3D/H,,mountry01
92,Santiago Espinal,27,TOR,AL,134,119,104,1078.0,453,162,285,6,61,.987,1,1,5,6,3.73,4.03,3.15,3.96,,,,,,,*4H56,AS,espinsa01
93,Whit Merrifield,33,2TM,AL,133,124,92,1076.2,431,242,185,4,47,.991,-4,-5,-10,-11,3.57,3.41,2.89,3.33,,,,,,,498/H7D31,,merriwh01
94,Bryan Reynolds,27,PIT,NL,128,126,113,1073.0,286,282,2,2,1,.993,-2,-2,-14,-16,2.38,2.12,2.22,2.09,,,,,,,*8D/7H,,reynobr01
95,Luis Rengifo,25,LAA,AL,125,120,74,1057.2,478,178,285,15,76,.969,9,10,2,2,3.94,3.76,2.86,3.66,,,,,,,456/9H7,,rengilu01
96,Gavin Lux,24,LAD,NL,126,117,94,1056.0,380,180,191,9,48,.976,-3,-4,1,1,3.16,3.73,2.67,3.65,,,,,,,47/6HD,,luxga01
97,Bryson Stott,24,PHI,NL,125,118,106,1045.1,461,159,294,8,61,.983,-5,-6,-5,-6,3.90,3.95,3.43,3.89,,,,,,,64/H5,,stottbr01
98,Hunter Renfroe,30,MIL,NL,118,118,115,1044.2,225,210,11,4,2,.982,-8,-10,1,1,1.90,2.13,1.86,2.14,,,,,,,*9/D3,,renfrhu01
99,Josh Bell,29,2TM,NL,124,120,117,1044.1,960,868,83,9,78,.991,-3,-4,-1,-1,8.20,8.48,7.67,8.35,,,,,,,*3D/H,SS,belljo02
100,Brandon Marsh,24,2TM,2LG,131,119,98,1042.1,257,253,1,3,1,.988,3,3,8,9,2.19,2.20,1.94,2.17,,,,,,,*78H/9,,marshbr02
101,Andrew Benintendi,27,2TM,AL,124,119,114,1041.1,218,214,4,0,0,1.000,8,9,-1,-1,1.88,2.23,1.76,2.20,,,,,,,*7/HD,AS,beninan01
102,Nick Castellanos,30,PHI,NL,123,122,95,1034.1,230,222,8,0,3,1.000,-18,-21,-10,-12,2.00,2.12,1.87,2.09,,,,,,,*9D/7H,,casteni01
103,Anthony Rizzo,32,NYY,AL,120,115,110,1034.0,996,919,72,5,71,.995,-10,-12,-3,-3,8.63,8.27,8.26,8.15,,,,,,,*3/DH,,rizzoan01
104,Kolten Wong,31,MIL,NL,131,115,102,1031.2,457,185,255,17,60,.963,-5,-6,-1,-1,3.84,4.13,3.33,4.06,,,,,,,*4H/6D,,wongko01
105,Rougned Odor,28,BAL,AL,129,113,107,1031.1,526,212,298,16,73,.970,-11,-13,-10,-12,4.45,4.13,3.89,4.07,,,,,,,*4H/5D,,odorro01
106,C.J. Cron,32,COL,NL,121,120,105,1028.0,1099,1033,59,7,113,.994,-6,-7,6,7,9.56,8.48,9.02,8.35,,,,,,,*3D/H,AS,croncj01
107,Michael Harris II,21,ATL,NL,114,114,113,1021.0,257,252,3,2,0,.992,3,4,7,8,2.25,2.12,2.24,2.09,,,,,,,*8,MVP-13ROY-1,harrimi04
108,Michael A. Taylor,31,KCR,AL,123,114,106,1012.0,302,289,10,3,0,.990,16,18,21,24,2.66,2.23,2.41,2.19,,,,,,,*8/H1D,,taylomi02
109,Christian Yelich,30,MIL,NL,115,114,106,1008.2,192,189,2,1,1,.995,1,1,-2,-2,1.70,2.12,1.66,2.09,,,,,,,*7D/H,,yelicch01
110,Nick Gordon,26,MIN,AL,134,114,74,1004.1,316,216,91,9,24,.972,-5,-6,-6,-7,2.75,2.85,2.01,2.80,,,,,,,7846H/1D5,,gordoni01
111,Sean Murphy,27,OAK,AL,116,116,111,1004.0,926,878,40,8,4,.991,6,7,1,1,8.23,8.94,7.91,8.82,2,34,42,19,31.1,2,*2D/H,MVP-22,murphse01
112,Teoscar Hernández,29,TOR,AL,119,118,90,1000.0,257,243,10,4,1,.984,9,11,0,0,2.28,2.23,2.13,2.20,,,,,,,*9D/7H,,hernate01
113,Starling Marte,33,NYM,NL,116,116,105,998.2,219,209,9,1,1,.995,-3,-4,3,4,1.96,2.12,1.88,2.09,,,,,,,*9/8HD,ASMVP-19,martest01
114,Aaron Hicks,32,NYY,AL,126,110,98,995.1,226,221,4,1,1,.996,2,2,2,2,2.03,2.23,1.79,2.20,,,,,,,*87H/D,,hicksaa01
115,Anthony Santander,27,BAL,AL,119,116,83,994.2,223,215,5,3,1,.987,-9,-11,-7,-8,1.99,2.23,1.85,2.20,,,,,,,*97D/H,,santaan02
116,Robbie Grossman,32,2TM,2LG,124,114,102,989.2,246,242,1,3,0,.988,-2,-2,4,5,2.21,2.19,1.96,2.16,,,,,,,*79H/D,,grossro01
117,Luis Urías,25,MIL,NL,119,109,79,985.0,383,118,251,14,35,.963,1,1,2,2,3.37,3.35,2.58,3.30,,,,,,,546/H,,uriaslu01
118,Brandon Crawford,35,SFG,NL,116,113,105,979.0,466,163,287,16,67,.966,-14,-17,-6,-7,4.14,3.88,3.88,3.82,,,,,,,*6/H,,crawfbr01
119,Dylan Carlson,23,STL,NL,124,109,96,978.0,232,222,8,2,1,.991,-8,-10,1,1,2.12,2.12,1.85,2.09,,,,,,,*89H/D,,carlsdy01
120,Wilmer Flores,30,SFG,NL,121,109,84,976.1,568,373,188,7,56,.988,-7,-9,-9,-11,5.17,5.13,4.01,5.10,,,,,,,435DH,,florewi01
121,Jose Iglesias,32,COL,NL,116,116,102,975.2,429,123,298,8,73,.981,1,1,-4,-5,3.88,3.88,3.63,3.82,,,,,,,*6/D,,iglesjo01
122,Jeimer Candelario,28,DET,AL,117,112,109,974.0,283,75,197,11,17,.961,0,0,-1,-1,2.51,2.70,2.32,2.67,,,,,,,*5/DH,,candeje01
123,Yandy Díaz,30,TBR,AL,117,112,98,972.0,361,184,171,6,29,.983,-4,-5,-14,-17,3.29,3.46,2.98,3.45,,,,,,,53DH,MVP-20,diazya01
124,Jesse Winker,28,SEA,AL,118,113,93,972.0,185,176,5,4,0,.978,-5,-6,-15,-19,1.68,2.23,1.53,2.20,,,,,,,*7D/H,,winkeje01
125,Víctor Robles,25,WSN,NL,128,110,100,971.2,353,340,7,6,3,.983,3,4,12,15,3.21,2.12,2.71,2.09,,,,,,,*8/HD,,roblevi01
126,Josh Rojas,28,ARI,NL,115,110,105,970.1,348,117,215,16,30,.954,-2,-2,-1,-1,3.08,3.04,2.89,2.97,,,,,,,54/HD,,rojasjo01
127,DJ LeMahieu,33,NYY,AL,113,109,92,963.1,520,306,210,4,44,.992,14,17,8,10,4.82,4.70,4.20,4.70,,,,,,,543/HD,GG,lemahdj01
128,Jared Walsh,28,LAA,AL,118,106,103,963.0,894,843,46,5,83,.994,5,6,-2,-2,8.31,8.24,7.41,8.05,,,,,,,*3H/7,,walshja01
129,Will Smith,27,LAD,NL,109,106,106,956.1,1003,968,32,3,6,.997,-2,-3,8,10,9.41,9.12,9.17,8.97,4,28,46,10,17.9,1,*2D/H,,smithwi05
130,Ramón Urías,28,BAL,AL,114,107,86,956.1,350,84,257,9,38,.974,13,17,14,18,3.21,2.97,2.69,2.98,,,,,,,54/6HD,GG,uriasra01
131,Chris Taylor,31,LAD,NL,114,105,89,952.0,251,192,57,2,10,.992,7,9,-2,-3,2.35,2.48,2.06,2.48,,,,,,,7489/HD56,,tayloch03
132,Josh Harrison,34,CHW,AL,114,106,94,951.0,369,135,221,13,36,.965,-4,-5,7,9,3.37,3.84,2.97,3.71,,,,,,,45/HD167,,harrijo05
133,Martín Maldonado,35,HOU,AL,113,110,89,948.2,1076,1025,49,2,3,.998,3,4,2,3,10.19,8.94,9.50,8.82,9,31,46,16,25.8,1,*2,,maldoma01
134,Christopher Morel,23,CHC,NL,110,105,83,941.1,308,178,120,10,21,.968,-6,-8,-11,-14,2.85,2.89,2.44,2.89,,,,,,,8456/HD7,,morelch01
135,Max Muncy,31,LAD,NL,111,105,93,941.1,333,90,231,12,39,.964,11,14,8,10,3.07,3.07,2.72,3.17,,,,,,,54D/H3,,muncyma01
136,Mike Trout,30,LAA,AL,111,110,97,937.2,253,250,2,1,0,.996,4,5,-1,-1,2.42,2.23,2.27,2.20,,,,,,,*8/DH,ASMVP-8SS,troutmi01
137,Tyrone Taylor,28,MIL,NL,117,103,85,937.1,239,234,5,0,3,1.000,-2,-2,8,10,2.29,2.12,2.04,2.09,,,,,,,*897H/D,,tayloty01
138,Raimel Tapia,28,TOR,AL,124,106,67,935.1,224,217,4,3,0,.987,3,4,-3,-4,2.13,2.23,1.78,2.20,,,,,,,*789H/D,,tapiara01
139,Brandon Drury,29,2TM,NL,109,105,85,930.0,400,254,141,5,36,.988,-8,-11,-6,-8,3.82,4.37,3.11,4.31,,,,,,,534D/H69,SS,drurybr01
140,David Peralta,34,2TM,2LG,113,106,93,927.0,219,215,2,2,1,.991,0,0,-5,-6,2.11,2.16,1.92,2.13,,,,,,,*7HD,,peralda01
141,Spencer Torkelson,22,DET,AL,109,105,104,925.0,858,805,51,2,76,.998,2,2,-4,-5,8.33,8.27,7.85,8.15,,,,,,,*3/H,,torkesp01
142,Lourdes Gurriel Jr.,28,TOR,AL,108,106,93,923.2,227,216,8,3,3,.987,-2,-2,2,3,2.18,2.41,1.98,2.62,,,,,,,7D/3H,,gurrilo01
143,Jackie Bradley Jr.,32,2TM,AL,132,98,78,921.2,242,233,7,2,2,.992,6,8,3,4,2.34,2.23,1.82,2.19,,,,,,,*98/H1,,bradlja02
144,Christian Vázquez,31,2TM,AL,111,101,88,918.0,959,909,42,8,9,.992,1,1,11,14,9.32,8.90,8.06,8.73,3,28,51,19,27.1,1,2H/34D,,vazquch01
145,Cal Raleigh,25,SEA,AL,115,99,93,917.0,945,911,28,6,3,.994,5,7,14,18,9.22,8.94,8.17,8.82,3,22,53,25,32.1,1,*2H/D,,raleica01
146,Chas McCormick,27,HOU,AL,117,98,73,914.2,191,187,3,1,0,.995,0,0,1,1,1.87,2.23,1.62,2.20,,,,,,,*789/HD,,mccorch01
147,Alek Thomas,22,ARI,NL,112,102,96,907.1,318,311,4,3,2,.991,12,15,7,9,3.12,2.12,2.81,2.09,,,,,,,*8/H,,thomaal01
148,Jacob Stallings,32,MIA,NL,110,103,88,906.0,944,918,24,2,2,.998,2,3,-9,-12,9.36,9.12,8.56,8.97,0,30,61,14,18.7,2,*2/HD,,stallja01
149,Andrew Velazquez,27,LAA,AL,124,100,78,906.0,385,106,271,8,44,.979,7,9,11,15,3.75,3.91,3.04,3.86,,,,,,,*6/H,,velazan01
150,Seiya Suzuki,27,CHC,NL,106,104,99,905.1,208,201,3,4,2,.981,5,6,-4,-5,2.03,2.12,1.92,2.09,,,,,,,9/HD,,suzukse01
151,Josh Donaldson,36,NYY,AL,104,102,99,902.2,310,78,220,12,17,.961,10,13,7,9,2.97,2.70,2.87,2.67,,,,,,,5D/H,,donaljo02
152,Jonah Heim,27,TEX,AL,111,102,96,900.2,879,839,37,3,3,.997,-7,-9,8,11,8.75,8.94,7.89,8.82,3,41,57,13,18.6,0,*2H/D,,heimjo01
153,Max Kepler,29,MIN,AL,110,103,90,900.1,232,225,5,2,1,.991,9,13,6,8,2.30,2.23,2.09,2.20,,,,,,,*9/H8D,,keplema01
154,Joey Gallo,28,2TM,2LG,118,99,75,899.1,170,164,4,2,0,.988,3,3,5,7,1.68,2.20,1.41,2.22,,,,,,,*79H/D38,,gallojo01
155,MJ Melendez,23,KCR,AL,111,102,92,890.0,570,534,29,7,3,.988,-12,-17,-23,-31,5.69,6.59,4.85,6.65,6,49,29,11,27.5,0,27D9/H,,melenmj01
156,Harold Castro,28,DET,AL,107,100,81,877.2,559,422,124,13,64,.977,-13,-17,-13,-18,5.60,5.65,4.71,5.33,,,,,,,3564H/D178,,castrha01
157,Travis d'Arnaud,33,ATL,NL,99,99,96,876.1,981,956,23,2,2,.998,3,4,6,8,10.05,9.12,9.89,8.97,3,28,44,15,25.4,0,2/DH,AS,darnatr01
158,Michael Chavis,26,PIT,NL,122,94,80,865.0,764,696,62,6,70,.992,-3,-5,2,3,7.89,7.85,5.83,7.49,,,,,,,3H4/5D,,chavimi01
159,Keibert Ruiz,23,WSN,NL,106,97,95,865.0,838,794,37,7,5,.992,1,1,-5,-7,8.65,9.12,7.84,8.97,4,35,51,20,28.2,4,2H/D,,ruizke01
160,Jorge Polanco,28,MIN,AL,99,99,88,863.1,399,168,223,8,55,.980,0,0,-1,-1,4.08,4.14,3.80,4.08,,,,,,,4/6DH,,polanjo01
161,Nick Senzel,27,CIN,NL,102,99,91,861.2,247,237,6,4,2,.984,-7,-9,-11,-15,2.54,2.13,2.34,2.12,,,,,,,8/DH54,,senzeni01
162,Yoán Moncada,27,CHW,AL,101,98,95,859.2,250,82,163,5,18,.980,6,8,2,3,2.56,2.70,2.43,2.67,,,,,,,5/H,,moncayo01
163,Owen Miller,25,CLE,AL,106,94,85,856.1,638,530,98,10,61,.984,2,3,-1,-1,6.60,7.21,5.76,7.02,,,,,,,34DH/5,,milleow01
164,Eric Hosmer,32,2TM,2LG,102,101,84,856.1,773,690,77,6,67,.992,-1,-2,-4,-6,8.06,8.45,7.52,8.32,,,,,,,3/D,,hosmeer01
165,Brendan Donovan,25,STL,NL,106,97,59,854.1,395,208,180,7,49,.982,9,12,9,13,4.09,3.42,3.01,3.68,,,,,,,45973DH/6,ROY-3GG,donovbr01
166,Luis Arraez,25,MIN,AL,102,95,79,847.1,595,486,107,2,60,.997,8,11,4,6,6.30,6.65,5.25,6.34,,,,,,,34DH/5,ASMVP-13SS,arraelu01
167,Willi Castro,25,DET,AL,105,94,77,846.2,248,187,56,5,13,.980,1,1,0,0,2.58,2.62,2.06,2.71,,,,,,,97468H/5D,,castrwi01
168,José Miranda,24,MIN,AL,105,96,83,842.0,598,523,69,6,51,.990,-2,-3,-6,-9,6.33,6.64,5.33,6.47,,,,,,,35D/H,,miranjo01
169,Maikel Franco,29,WSN,NL,99,96,90,841.2,281,72,198,11,16,.961,5,7,-9,-13,2.89,2.80,2.62,2.87,,,,,,,5/H3D,,francma02
170,Yonathan Daza,28,COL,NL,112,94,82,839.2,261,252,3,6,1,.977,-15,-22,-3,-4,2.73,2.12,2.28,2.09,,,,,,,*87/H9,,dazayo01
171,Austin Hedges,29,CLE,AL,105,97,73,839.2,864,824,35,5,5,.994,3,4,8,11,9.21,8.94,8.18,8.82,1,22,47,13,21.7,1,2,,hedgeau01
172,Andrew Vaughn,24,CHW,AL,104,101,61,839.0,295,279,12,4,13,.986,-10,-15,-19,-27,3.12,3.61,2.67,3.49,,,,,,,97D3/H4,,vaughan01
173,Austin Nola,32,SDP,NL,103,94,87,838.2,868,834,28,6,4,.993,-6,-8,-6,-9,9.25,9.09,8.29,8.82,5,27,56,8,12.5,0,2/DH45,,nolaau01
174,Hunter Dozier,30,KCR,AL,101,97,73,834.1,423,357,61,5,37,.988,-8,-11,-11,-16,4.51,4.75,3.80,4.58,,,,,,,395D/7H1,,doziehu01
175,Elias Díaz,31,COL,NL,104,94,90,833.1,735,672,52,11,3,.985,-3,-4,-15,-22,7.82,9.12,6.96,8.97,3,41,48,15,23.8,4,2/H,,diazel01
176,Max Stassi,31,LAA,AL,97,93,87,829.0,859,826,26,7,7,.992,-6,-9,0,0,9.25,8.94,8.78,8.82,8,33,44,12,21.4,0,2/HD,,stassma01
177,Jean Segura,32,PHI,NL,97,96,86,824.1,389,168,217,4,57,.990,-1,-1,-1,-1,4.20,4.13,3.93,4.06,,,,,,,4/H6,,segurje01
178,Jose Trevino,29,NYY,AL,112,89,79,820.1,866,828,32,6,1,.993,6,9,21,31,9.44,8.94,7.68,8.82,2,23,30,15,33.3,4,*2/HD,ASGG,trevijo01
179,Matt Vierling,25,PHI,NL,113,90,58,819.1,208,188,19,1,3,.995,0,0,-5,-7,2.27,2.21,1.77,2.29,,,,,,,897H/543D,,vierlma01
180,Jack Suwinski,23,PIT,NL,103,90,76,818.2,171,162,7,2,1,.988,-4,-6,3,4,1.86,2.12,1.64,2.09,,,,,,,798/HD,,suwinja01
181,Riley Greene,21,DET,AL,93,93,92,814.1,243,241,0,2,0,.992,1,2,2,3,2.66,2.23,2.59,2.20,,,,,,,8,,greenri03
182,Trevor Story,29,BOS,AL,94,92,89,813.2,378,157,215,6,50,.984,5,8,6,9,4.11,4.15,3.96,4.09,,,,,,,4/H,,storytr01
183,Nick Allen,23,OAK,AL,99,92,82,809.0,431,137,284,10,59,.977,8,12,10,15,4.68,4.00,4.09,3.96,,,,,,,64/H,,allenni02
184,Gilberto Celestino,23,MIN,AL,119,87,65,809.0,246,238,4,4,0,.984,12,18,3,4,2.69,2.23,2.03,2.20,,,,,,,*87H/9,,celesgi01
185,Jon Berti,32,MIA,NL,96,91,70,807.1,292,113,176,3,34,.990,8,11,3,4,3.22,3.29,2.56,3.25,,,,,,,4576/H8D,,bertijo01
186,Ketel Marte,28,ARI,NL,94,91,85,806.1,339,135,196,8,49,.976,-2,-3,-6,-9,3.69,4.13,3.52,4.06,,,,,,,4D/H,,marteke01
187,Isaac Paredes,23,TBR,AL,109,88,65,803.2,417,227,185,5,47,.988,0,0,5,7,4.61,4.31,3.35,4.47,,,,,,,543H/6,,paredis01
188,Kiké Hernández,30,BOS,AL,93,91,82,800.2,258,214,44,0,10,1.000,6,10,6,9,2.90,2.53,2.55,2.57,,,,,,,846/H,,hernaen02
189,Bryan De La Cruz,25,MIA,NL,106,85,67,796.0,178,168,5,5,1,.972,-6,-8,0,0,1.96,2.12,1.63,2.09,,,,,,,897H/D,,delacbr01
190,Ronald Acuña Jr.,24,ATL,NL,92,88,80,793.0,158,150,4,4,0,.975,1,1,-2,-3,1.75,2.12,1.67,2.09,,,,,,,9D/H8,AS,acunaro01
191,Jiman Choi,31,TBR,AL,98,92,75,792.2,739,706,30,3,62,.996,2,3,-2,-3,8.36,8.27,7.51,8.15,,,,,,,3DH,,choiji01
192,Bobby Dalbec,27,BOS,AL,111,79,72,790.1,655,569,81,5,58,.992,2,3,-7,-11,7.40,7.20,5.60,6.91,,,,,,,35H/D46,,dalbebo01
193,Luis García Jr.,22,WSN,NL,92,91,89,789.0,342,121,205,16,50,.953,-12,-18,-14,-21,3.72,3.97,3.54,3.91,,,,,,,64/H,,garcilu04
194,Jose Siri,26,2TM,AL,100,88,82,786.0,245,242,1,2,0,.992,13,19,8,12,2.78,2.23,2.43,2.20,,,,,,,8/H97D,,sirijo01
195,Josh Naylor,25,CLE,AL,92,89,75,785.0,715,657,52,6,65,.992,5,8,0,0,8.13,7.99,7.62,7.83,,,,,,,3D/H9,,naylojo01
196,Luis Robert Jr.,24,CHW,AL,91,89,82,781.2,211,208,1,2,0,.991,-14,-21,-3,-5,2.41,2.23,2.30,2.20,,,,,,,8/HD,,roberlu01
197,Tucker Barnhart,31,DET,AL,94,90,73,780.0,685,653,29,3,3,.996,5,8,-7,-11,7.87,8.92,7.26,8.67,3,23,51,20,28.2,0,2/15,,barnhtu01
198,Joc Pederson,30,SFG,NL,114,96,45,779.0,141,137,2,2,0,.986,-4,-6,-16,-25,1.61,2.12,1.22,2.09,,,,,,,*7H9D,AS,pederjo01
199,Carson Kelly,27,ARI,NL,101,86,77,776.2,742,707,35,0,4,1.000,2,3,-1,-2,8.60,9.07,7.13,8.68,3,20,48,14,22.6,1,2/H1D,,kellyca02
200,Tyler O'Neill,27,STL,NL,94,87,74,776.0,151,147,3,1,0,.993,4,6,0,0,1.74,2.12,1.60,2.09,,,,,,,78/HD,,oneilty01
201,Kole Calhoun,34,TEX,AL,101,85,72,774.0,163,160,3,0,1,1.000,1,2,-4,-6,1.90,2.23,1.61,2.20,,,,,,,97HD/8,,calhoko01
202,Tomás Nido,28,NYM,NL,96,86,76,766.1,891,859,27,5,3,.994,5,8,8,13,10.41,9.12,9.23,8.97,3,13,50,13,20.6,3,2/H,,nidoto01
203,Leody Taveras,23,TEX,AL,93,86,83,765.2,216,211,3,2,1,.991,-3,-4,-4,-6,2.52,2.23,2.30,2.20,,,,,,,8/HD,,taverle01
204,Joey Wendle,32,MIA,NL,96,85,64,763.1,311,104,199,8,49,.974,8,13,12,19,3.57,3.48,2.75,3.44,,,,,,,564H/D,,wendljo01
205,Adley Rutschman,24,BAL,AL,93,84,83,762.0,713,670,35,8,3,.989,4,6,18,28,8.33,8.94,7.58,8.82,2,23,25,11,30.6,0,2D/H,MVP-12ROY-2,rutscad01
206,Luis Guillorme,27,NYM,NL,96,83,65,754.2,316,110,203,3,48,.991,-2,-3,2,3,3.73,3.81,3.01,3.73,,,,,,,456/HD,,guilllu01
207,Jace Peterson,32,MIL,NL,107,81,64,748.0,249,97,148,4,15,.984,10,16,11,18,2.95,2.86,2.25,2.87,,,,,,,5H9/347D1,,peterja01
208,Gavin Sheets,26,CHW,AL,100,89,56,744.1,243,231,8,4,1,.984,-5,-9,-10,-16,2.89,2.93,2.37,2.97,,,,,,,9HD3/7,,sheetga01
209,Ramón Laureano,27,OAK,AL,88,87,60,742.1,197,190,5,2,0,.990,-6,-10,-2,-3,2.36,2.23,2.22,2.20,,,,,,,98/DH,,laurera01
210,George Springer,32,TOR,AL,89,86,46,737.0,198,191,6,1,2,.995,-3,-4,-3,-5,2.41,2.23,2.21,2.20,,,,,,,8D9/H,AS,springe01
211,Oscar González,24,CLE,AL,84,82,69,735.0,164,155,3,6,1,.963,8,13,0,0,1.93,2.23,1.88,2.20,,,,,,,9/DH,,gonzaos01
212,Jesús Sánchez,24,MIA,NL,91,84,73,733.2,174,168,5,1,0,.994,-5,-9,2,3,2.12,2.12,1.90,2.09,,,,,,,87/HD9,,sanchje02
213,Brian Anderson,29,MIA,NL,86,83,72,733.0,215,102,103,10,9,.953,-7,-11,-2,-3,2.52,2.42,2.20,2.40,,,,,,,59/D7H4,,anderbr06
214,Luis González,26,SFG,NL,93,86,34,730.1,185,170,10,5,0,.973,2,3,1,0,2.22,2.11,1.86,2.05,,,,,,,97/H81D,,gonzalu03
215,Emmanuel Rivera,26,2TM,2LG,90,83,72,728.2,253,74,175,4,14,.984,8,13,5,8,3.08,2.91,2.74,2.97,,,,,,,5H/D3,,riverem01
216,Ben Gamel,30,PIT,NL,89,82,63,725.0,188,183,3,2,5,.989,-18,-30,-8,-13,2.31,2.49,2.04,2.43,,,,,,,79DH/38,,gamelbe01
217,Jonathan India,25,CIN,NL,86,85,77,720.0,291,104,177,10,31,.966,-11,-18,-15,-25,3.51,4.13,3.27,4.06,,,,,,,4D/H,,indiajo01
218,Chad Pinder,30,OAK,AL,96,78,60,717.2,186,178,7,1,3,.995,1,1,-7,-12,2.32,2.42,1.76,2.42,,,,,,,79HD/5314,,pindech01
219,Gary Sánchez,29,MIN,AL,92,80,69,715.0,720,678,38,4,4,.994,1,2,0,0,9.01,8.94,7.78,8.81,4,27,36,14,28.0,0,2DH/3,,sanchga02
220,Lars Nootbaar,24,STL,NL,94,79,59,711.0,179,169,8,2,4,.989,4,6,6,10,2.24,2.12,1.88,2.09,,,,,,,9H87/D,,nootbla01
221,Adam Duvall,33,ATL,NL,86,80,73,709.1,179,174,3,2,2,.989,0,1,-2,-3,2.25,2.12,2.06,2.09,,,,,,,879/H,,duvalad01
222,Leury García,31,CHW,AL,88,76,63,708.0,297,138,149,10,31,.966,-8,-13,2,3,3.65,3.65,3.02,3.50,,,,,,,469H/75D8,,garcile02
223,Avisaíl García,31,MIA,NL,86,83,69,702.1,134,129,3,2,1,.985,-9,-15,-3,-5,1.69,2.12,1.53,2.09,,,,,,,9D/H,,garciav01
224,Victor Caratini,28,MIL,NL,92,74,71,700.2,787,743,40,4,4,.995,0,0,2,3,10.06,9.10,8.42,8.87,5,22,40,15,27.3,0,2H/31D,,caratvi01
225,Joey Bart,25,SFG,NL,93,80,67,699.1,698,656,34,8,4,.989,-4,-7,-6,-10,8.88,9.12,7.42,8.97,4,32,46,12,20.7,0,2/HD,,bartjo01
226,Harrison Bader,28,2TM,2LG,85,77,76,698.1,208,205,3,0,0,1.000,4,7,1,2,2.68,2.14,2.45,2.11,,,,,,,8/H,,baderha01
227,CJ Abrams,21,2TM,NL,87,78,72,696.2,327,106,206,15,37,.954,-4,-7,-5,-9,4.03,3.87,3.43,3.80,,,,,,,64/H9D,,abramcj01
228,Andrew Knizner,27,STL,NL,94,78,64,693.0,617,590,21,6,7,.990,0,1,-8,-14,7.94,9.11,6.36,8.86,3,20,21,7,25.0,0,2/H31D,,kniznan01
229,Tim Anderson,29,CHW,AL,79,79,73,691.0,314,99,203,12,38,.962,-9,-16,-7,-12,3.93,3.91,3.82,3.86,,,,,,,6,AS,anderti01
230,Víctor Reyes,27,DET,AL,83,77,68,681.1,165,161,2,2,0,.988,-4,-7,-1,-2,2.15,2.23,1.96,2.20,,,,,,,97H/8D,,reyesvi01
231,Omar Narváez,30,MIL,NL,83,80,65,681.0,741,704,32,5,3,.993,2,4,2,4,9.73,9.12,8.87,8.97,5,23,35,10,22.2,0,2/DH,,narvaom01
232,Oneil Cruz,23,PIT,NL,79,77,76,679.0,363,135,211,17,54,.953,2,3,1,2,4.59,3.88,4.33,3.80,,,,,,,6/DH7,ROY-6,cruzon01
233,Connor Joe,29,COL,NL,82,76,54,669.1,311,282,27,2,14,.994,10,17,4,7,4.15,3.66,3.51,3.80,,,,,,,7D39H,,joeco01
234,Christian Bethancourt,30,2TM,AL,86,75,62,662.0,612,571,37,4,22,.993,2,4,4,7,8.27,8.61,6.68,8.14,2,18,17,13,43.3,2,23HD/15,,bethach01
235,Eric Haase,29,DET,AL,92,72,69,656.2,573,542,24,7,2,.988,-3,-6,-8,-15,7.76,8.45,5.96,8.05,6,34,27,13,32.5,0,2HD7,,haaseer01
236,Carlos Santana,36,2TM,AL,76,74,69,656.1,625,573,50,2,54,.997,3,5,3,5,8.54,8.26,8.09,8.07,,,,,,,3D/H9,,santaca01
237,Kyle Isbel,25,KCR,AL,101,72,54,656.0,190,184,2,4,1,.979,9,17,10,18,2.55,2.23,1.84,2.20,,,,,,,987H/D,,isbelky01
238,Alejandro Kirk,23,TOR,AL,78,74,64,654.0,689,655,31,3,7,.996,7,13,9,17,9.44,8.94,8.79,8.82,1,12,35,12,25.5,2,2DH,ASSS,kirkal01
239,Alfonso Rivas III,25,CHC,NL,95,73,59,652.1,644,610,33,1,57,.998,3,6,6,11,8.87,8.42,6.77,8.15,,,,,,,3H/D79,,rivasal01
240,Cavan Biggio,27,TOR,AL,88,77,51,651.1,408,295,109,4,42,.990,2,4,1,2,5.58,5.61,4.39,5.35,,,,,,,43H/9D75,,biggica01
241,Joey Votto,38,CIN,NL,76,76,68,650.1,541,492,48,1,40,.998,-4,-6,-2,-4,7.47,8.48,7.11,8.35,,,,,,,3D/H,,vottojo01
242,Adam Engel,30,CHW,AL,113,60,50,649.2,169,165,1,3,0,.982,3,6,5,9,2.30,2.23,1.47,2.20,,,,,,,*89H/7D,,engelad01
243,Cristian Pache,23,OAK,AL,90,70,65,646.1,199,197,1,1,0,.995,-8,-14,1,2,2.76,2.23,2.20,2.20,,,,,,,8/H,,pachecr01
244,Francisco Mejia,26,TBR,AL,85,70,70,642.1,653,624,27,2,2,.997,1,1,0,0,9.12,8.94,7.66,8.80,5,25,36,11,23.4,1,2H/D3,,mejiafr01
245,Austin Slater,29,SFG,NL,120,61,36,638.0,161,157,1,3,0,.981,1,1,-6,-11,2.23,2.12,1.32,2.09,,,,,,,*8H79/D,,slateau01
246,Jake McCarthy,24,ARI,NL,82,71,61,636.0,151,146,4,1,1,.993,-8,-15,0,0,2.12,2.12,1.83,2.09,,,,,,,978DH,ROY-4,mccarja02
247,Yadier Molina,39,STL,NL,79,71,62,631.1,540,512,25,3,6,.994,6,11,9,17,7.66,9.09,6.71,8.77,1,15,20,13,39.4,0,2/13DH,,molinya01
248,Reese McGuire,27,2TM,AL,85,70,57,629.0,658,624,31,3,4,.995,2,4,2,4,9.37,8.93,7.71,8.73,3,31,32,16,33.3,0,2H/1D,,mcguire01
249,Matt Reynolds,31,2TM,NL,91,67,47,626.2,310,169,135,6,27,.981,2,4,2,4,4.37,4.13,2.95,4.02,,,,,,,465H39/718D,,reynoma03
250,Willson Contreras,30,CHC,NL,72,72,61,625.1,655,605,46,4,7,.994,2,4,0,0,9.37,9.12,9.04,8.97,7,21,24,11,31.4,2,2D/H,AS,contrwi01
251,Kyle Higashioka,32,NYY,AL,82,72,49,622.1,695,669,21,5,2,.993,5,10,3,6,9.98,8.94,8.41,8.82,6,17,19,13,40.6,0,2/HD,,higasky01
252,Salvador Perez,32,KCR,AL,77,74,58,621.2,581,548,30,3,3,.995,3,6,-4,-8,8.37,8.94,7.51,8.82,1,29,19,10,34.5,1,2D,,perezsa02
253,Christian Arroyo,27,BOS,AL,80,72,48,617.2,260,139,118,3,26,.988,-5,-9,-1,-2,3.74,3.96,2.86,3.95,,,,,,,4965/3DH,,arroych01
254,Aledmys Díaz,31,HOU,AL,78,69,53,617.2,210,115,92,3,16,.986,5,10,3,6,3.02,3.63,2.44,3.52,,,,,,,746H5/D39,,diazal02
255,Diego Castillo,24,PIT,NL,89,70,44,617.0,265,134,122,9,25,.966,-11,-20,-9,-18,3.73,3.76,2.69,3.72,,,,,,,649H/351D,,castidi02
256,Mauricio Dubón,27,2TM,2LG,101,60,46,614.1,212,132,75,5,14,.976,5,10,4,8,3.03,2.83,1.92,2.82,,,,,,,864H/759D,,dubonma01
257,Dylan Moore,29,SEA,AL,101,64,36,614.0,218,158,59,1,16,.995,-1,-1,-1,-2,3.18,3.25,1.99,3.25,,,,,,,96H74/38D5,,mooredy01
258,Aristides Aquino,28,CIN,NL,78,70,63,608.1,157,140,12,5,4,.968,5,9,19,37,2.25,2.12,1.95,2.09,,,,,,,9/7H8D,,aquinar01
259,Tyler Naquin,31,2TM,NL,83,66,56,607.0,132,127,3,2,0,.985,-3,-6,-4,-8,1.93,2.12,1.57,2.09,,,,,,,9HD7/8,,naquity01
260,Manuel Margot,27,TBR,AL,70,69,53,605.0,139,134,3,2,0,.986,6,12,2,4,2.04,2.23,1.96,2.20,,,,,,,98D/7H,,margoma01
261,Wander Franco,21,TBR,AL,72,70,64,604.1,245,68,172,5,26,.980,5,10,-1,-2,3.57,3.91,3.33,3.86,,,,,,,6D/H,,francwa01
262,Kevin Newman,28,PIT,NL,73,68,61,603.2,289,108,175,6,50,.979,4,8,-2,-4,4.22,4.02,3.77,3.95,,,,,,,46/HD,,newmake01
263,Wil Myers,31,SDP,NL,75,70,49,601.2,253,243,9,1,18,.996,8,16,5,10,3.77,4.17,3.07,3.97,,,,,,,937/8H15,,myerswi01
264,Yadiel Hernández,34,WSN,NL,79,75,42,601.0,137,132,4,1,1,.993,-1,-3,-1,-2,2.04,2.12,1.72,2.09,,,,,,,7DH/9,,hernaya01
265,Abraham Toro,25,SEA,AL,86,64,56,599.1,246,87,153,6,27,.976,3,5,0,0,3.60,3.66,2.73,3.62,,,,,,,45DH/39,,toroab01
266,Rafael Ortega,31,CHC,NL,93,66,43,592.2,138,133,4,1,0,.993,2,3,-3,-6,2.08,2.12,1.47,2.09,,,,,,,8HD97,,ortegra01
267,Jo Adell,23,LAA,AL,84,71,44,589.2,149,139,5,5,1,.966,4,8,-2,-4,2.20,2.23,1.71,2.20,,,,,,,79H/D,,adelljo01
268,Sheldon Neuse,27,OAK,AL,79,68,50,588.0,288,153,121,14,29,.951,-5,-9,-5,-10,4.19,3.93,3.22,3.87,,,,,,,543HD/16,,neusesh01
269,Yasmani Grandal,33,CHW,AL,74,67,54,584.0,599,575,19,5,6,.992,-5,-10,-5,-10,9.15,8.91,7.82,8.78,8,28,46,8,14.8,0,2D/3H,,grandya01
270,Yan Gomes,34,CHC,NL,69,66,65,582.1,618,576,35,7,5,.989,2,4,5,10,9.44,9.12,8.86,8.97,2,19,37,18,32.7,0,2/DH,,gomesya01
271,Rodolfo Castro,23,PIT,NL,67,66,57,581.1,282,86,183,13,35,.954,-1,-2,1,2,4.16,3.59,3.59,3.55,,,,,,,456/DH,,castrro01
272,Franchy Cordero,27,BOS,AL,79,67,36,575.0,407,366,31,10,37,.975,1,2,-5,-10,6.21,6.03,4.32,5.63,,,,,,,397H/D8,,cordefr02
273,Justin Turner,37,LAD,NL,66,66,59,574.1,178,33,138,7,16,.961,8,17,2,4,2.68,2.70,2.59,2.65,,,,,,,5D/H,,turneju01
274,Trey Mancini,30,2TM,AL,68,67,49,571.0,351,334,16,1,25,.997,10,22,3,6,5.52,5.65,5.00,5.52,,,,,,,D379/H,,mancitr01
275,Brett Phillips,28,2TM,AL,78,60,41,564.2,158,153,3,2,1,.987,-1,-3,7,15,2.49,2.22,1.93,2.16,,,,,,,89H/71D,,phillbr02
276,Ozzie Albies,25,ATL,NL,64,63,61,554.1,235,81,151,3,33,.987,6,13,-1,-2,3.77,4.13,3.63,4.06,,,,,,,4/H,,albieoz01
277,Sergio Alcántara,25,2TM,NL,86,58,45,552.0,226,66,151,9,21,.960,1,2,-4,-9,3.54,3.31,2.31,3.37,,,,,,,564H/D,,alcanse01
278,Nolan Gorman,22,STL,NL,68,62,51,549.1,316,127,181,8,61,.975,-2,-3,-5,-11,5.05,4.13,4.46,4.03,,,,,,,4DH/7,,gormano01
279,Paul DeJong,28,STL,NL,75,58,56,544.0,284,81,196,7,48,.975,5,12,5,11,4.58,3.88,3.64,3.82,,,,,,,6/H4D,,dejonpa01
280,Vimael Machín,28,OAK,AL,70,62,53,539.2,168,42,119,7,16,.958,-10,-21,-7,-16,2.68,2.71,2.30,2.71,,,,,,,5H/46D,,machivi01
281,Akil Baddoo,23,DET,AL,65,63,52,539.1,168,166,0,2,0,.988,2,5,5,11,2.77,2.23,2.55,2.20,,,,,,,78H/D,,baddoak01
282,Jesús Aguilar,32,2TM,2LG,65,60,52,537.2,526,475,47,4,46,.992,4,8,-4,-9,8.74,8.40,7.79,7.99,,,,,,,3DH/5,,aguilje01
283,José Azócar,26,SDP,NL,92,54,27,534.2,161,155,2,4,0,.975,0,-1,2,4,2.64,2.12,1.71,2.09,,,,,,,98H7/D,,azocajo01
284,Trayce Thompson,31,2TM,NL,78,55,41,533.2,132,131,1,0,1,1.000,4,10,3,7,2.23,2.12,1.69,2.09,,,,,,,798H/D,,thomptr01
285,Garrett Hampson,27,COL,NL,81,57,48,531.0,215,111,100,4,19,.981,-12,-27,-7,-16,3.58,3.13,2.48,3.02,,,,,,,86H4/5D,,hampsga01
286,Jorge Alfaro,29,SDP,NL,65,59,53,530.2,573,544,27,2,4,.997,-4,-9,-4,-9,9.68,9.12,8.78,8.97,7,26,25,5,16.7,1,2DH,,alfarjo01
287,Eddie Rosario,30,ATL,NL,67,60,45,529.0,105,99,1,5,0,.952,-7,-15,-11,-25,1.70,2.12,1.49,2.09,,,,,,,79H/D,,rosared01
288,Robinson Chirinos,38,BAL,AL,66,63,48,528.1,483,459,21,3,2,.994,1,2,-11,-25,8.18,8.94,7.27,8.82,3,18,22,10,31.3,0,2/H,,chiriro01
289,William Contreras,24,ATL,NL,61,58,58,527.2,577,559,10,8,1,.986,-7,-15,-5,-11,9.70,9.00,9.33,8.86,3,23,36,6,14.3,1,2D/H7,AS,contrwi02
290,Matt Duffy,31,LAA,AL,73,58,44,526.0,248,150,92,6,26,.976,0,0,-3,-7,4.14,4.20,3.03,4.41,,,,,,,534H,,duffyma01
291,Danny Jansen,27,TOR,AL,63,58,57,524.0,526,501,18,7,3,.987,4,9,5,11,8.91,8.94,8.24,8.82,1,9,30,11,26.8,2,2/HD,,janseda01
292,Josh Smith,24,TEX,AL,66,58,48,523.2,152,63,88,1,12,.993,7,15,5,11,2.60,2.66,2.22,2.65,,,,,,,57H/6D4,,smithjo11
293,Albert Almora,28,CIN,NL,62,59,48,523.0,142,135,5,2,0,.986,3,6,8,18,2.41,2.12,2.26,2.09,,,,,,,987/HD,,almoral01
294,Darin Ruf,35,2TM,NL,78,59,37,518.1,326,309,15,2,21,.994,-8,-19,-15,-35,5.63,5.87,3.90,5.47,,,,,,,3DH7/91,,rufda01
295,Ildemaro Vargas,30,2TM,NL,61,57,54,516.2,207,61,141,5,18,.976,7,17,6,14,3.52,3.04,3.21,3.00,,,,,,,56/4H1,,vargail01
296,Luke Maile,31,CLE,AL,76,55,44,513.1,507,484,23,0,2,1.000,3,7,0,0,8.89,8.94,6.67,8.82,1,19,36,14,28.0,1,2,,mailelu01
297,JJ Bleday,24,MIA,NL,64,56,55,512.2,115,113,1,1,0,.991,1,2,-4,-9,2.00,2.12,1.78,2.09,,,,,,,87/H9,,bledajj01
298,Evan Longoria,36,SFG,NL,68,59,51,512.1,175,40,129,6,11,.966,3,7,-4,-9,2.97,2.70,2.49,2.65,,,,,,,5HD,,longoev01
299,Brandon Belt,34,SFG,NL,63,58,50,506.1,518,458,54,6,35,.988,-4,-9,2,5,9.10,8.48,8.13,8.35,,,,,,,3DH,,beltbr01
300,Didi Gregorius,32,PHI,NL,61,58,52,506.0,212,70,140,2,29,.991,1,2,-5,-12,3.74,3.88,3.44,3.82,,,,,,,6/H,,gregodi01
301,P.J. Higgins,29,CHC,NL,71,51,42,505.0,472,437,30,5,22,.989,-3,-6,-7,-17,8.32,8.49,6.14,8.33,3,13,16,3,15.8,1,32H/5D,,higgipj01
302,Marwin González,33,NYY,AL,80,54,37,503.2,200,130,68,2,12,.990,12,27,10,22,3.54,3.94,2.30,3.67,,,,,,,6973H5/4D1,,gonzama01
303,Ryan Jeffers,25,MIN,AL,59,56,52,496.1,492,475,14,3,2,.994,-1,-2,4,10,8.87,8.94,8.29,8.82,5,16,31,7,18.4,0,2/DH,,jeffery01
304,Corey Dickerson,33,STL,NL,68,58,39,495.0,89,88,0,1,0,.989,0,-1,-6,-15,1.60,2.12,1.29,2.08,,,,,,,7DH9/1,,dickeco01
305,David Fletcher,28,LAA,AL,60,53,31,493.0,243,79,163,1,31,.996,9,22,7,17,4.42,4.05,3.03,3.99,,,,,,,46/H,,fletcda02
306,Austin Barnes,32,LAD,NL,56,55,52,488.0,537,521,12,4,3,.993,2,5,3,7,9.83,9.11,9.52,8.88,2,10,21,9,30.0,0,2/DH4,,barneau01
307,Nick Madrigal,25,CHC,NL,59,53,51,487.1,251,106,144,1,46,.996,4,10,4,10,4.62,4.13,4.24,4.06,,,,,,,4/H,,madrini01
308,Brian Serven,27,COL,NL,61,55,48,487.0,449,418,26,5,2,.989,-4,-10,5,12,8.21,9.10,7.28,8.83,2,21,41,10,19.6,0,2/H13D,,servebr01
309,Ezequiel Durán,23,TEX,AL,56,54,50,483.2,158,40,108,10,6,.937,-3,-8,0,0,2.75,2.87,2.47,2.88,,,,,,,5/4HD,,duranez01
310,Kevin Kiermaier,32,TBR,AL,60,56,48,482.1,142,139,2,1,0,.993,9,22,2,5,2.63,2.23,2.35,2.20,,,,,,,8/DH,,kiermke01
311,Sam Haggerty,28,SEA,AL,73,49,34,482.0,130,123,6,1,1,.992,16,39,11,27,2.41,2.28,1.74,2.30,,,,,,,97H/D84,,haggesa01
312,Orlando Arcia,27,ATL,NL,60,53,42,481.2,208,70,133,5,26,.976,2,4,-2,-5,3.79,3.83,3.27,3.73,,,,,,,4/D75H16,,arciaor01
313,Joey Meneses,30,WSN,NL,56,55,46,478.2,328,310,14,4,25,.988,-3,-7,-9,-23,6.09,5.90,5.06,6.00,,,,,,,39/7H,,menesjo01
314,Jazz Chisholm Jr.,24,MIA,NL,60,56,51,476.0,220,93,123,4,21,.982,2,6,2,5,4.08,4.13,3.60,4.06,,,,,,,4/H,AS,chishja01
315,James McCann,32,NYM,NL,61,54,43,475.2,555,533,18,4,6,.993,-2,-6,1,3,10.43,9.10,8.75,8.94,1,21,26,8,23.5,0,2/3H,,mccanja02
316,Sam Hilliard,28,COL,NL,68,51,37,470.0,121,118,3,0,1,1.000,5,13,11,28,2.32,2.12,1.78,2.09,,,,,,,78/H9,,hillisa01
317,Garrett Cooper,31,MIA,NL,59,56,41,469.0,441,411,28,2,43,.995,3,8,-4,-10,8.42,8.48,7.44,8.35,,,,,,,3D/H,AS,coopega03
318,Jorge Soler,30,MIA,NL,57,56,41,469.0,93,89,4,0,0,1.000,-7,-18,-1,-3,1.78,2.12,1.63,2.09,,,,,,,7D/H,,solerjo01
319,Yordan Alvarez,25,HOU,AL,56,56,44,467.2,88,79,7,2,1,.977,4,11,5,13,1.66,2.23,1.54,2.20,,,,,,,D7/H,ASMVP-3SS,alvaryo01
320,TJ Friedl,26,CIN,NL,61,54,43,466.1,128,123,4,1,1,.992,-3,-8,-2,-5,2.45,2.12,2.08,2.09,,,,,,,789H/D,,friedtj01
321,Jarren Duran,25,BOS,AL,56,53,41,462.2,133,132,0,1,0,.992,-2,-6,-8,-21,2.57,2.23,2.36,2.20,,,,,,,8/9HD,,duranja01
322,Seby Zavala,28,CHW,AL,59,49,44,452.2,507,478,27,2,5,.996,1,3,4,11,10.04,8.94,8.42,8.80,4,16,22,7,24.1,0,2/H3D,,zavalse01
323,Kevin Plawecki,31,2TM,AL,62,49,38,447.2,431,416,14,1,1,.998,-6,-16,-10,-27,8.64,8.92,6.94,8.70,1,20,46,5,9.8,0,2/H1,,plaweke01
324,Bubba Thompson,24,TEX,AL,52,51,47,446.0,97,96,0,1,0,.990,4,10,0,0,1.94,2.23,1.85,2.20,,,,,,,79/8HD,,thompbu01
325,Byron Buxton,28,MIN,AL,57,51,43,445.1,136,133,3,0,2,1.000,8,22,8,22,2.75,2.23,2.39,2.20,,,,,,,8D/H,AS,buxtoby01
326,Jonathan Villar,31,2TM,2LG,54,52,43,445.1,164,49,104,11,23,.933,-10,-26,-13,-35,3.09,3.47,2.59,3.39,,,,,,,45/H6D,,villajo01
327,Odúbel Herrera,30,PHI,NL,59,48,36,443.0,136,131,4,1,0,.993,4,10,-3,-8,2.74,2.12,2.29,2.09,,,,,,,87H/9,,herreod01
328,Nick Fortes,25,MIA,NL,60,48,47,442.0,485,466,19,0,3,1.000,3,8,4,11,9.88,9.12,8.08,8.96,1,20,25,10,28.6,0,2DH/3,,forteni01
329,Brandon Lowe,27,TBR,AL,53,51,46,441.1,192,74,112,6,23,.969,0,-1,-1,-3,3.79,4.14,3.44,4.06,,,,,,,4D/H9,,lowebr01
330,Yu Chang,26,4TM,2LG,66,47,29,437.1,231,116,113,2,22,.991,3,9,2,5,4.71,4.51,2.97,4.32,,,,,,,46/35HD1,,changyu01
331,Jason Delay,27,PIT,NL,57,49,42,436.2,417,393,15,9,2,.978,-5,-14,2,5,8.41,9.12,7.16,8.97,0,25,37,9,19.6,2,2,,delayja01
332,Nelson Velázquez,23,CHC,NL,67,45,34,436.1,95,89,2,4,0,.958,-5,-13,-8,-22,1.88,2.12,1.36,2.09,,,,,,,89H7/D,,velazne01
333,Tyler Heineman,31,2TM,2LG,59,50,43,436.1,424,390,29,5,2,.988,0,0,5,14,8.64,9.10,7.10,8.95,4,17,27,12,30.8,1,2/HD,,heinety01
334,Andrew McCutchen,35,MIL,NL,50,49,42,434.1,89,88,1,0,0,1.000,6,17,4,11,1.84,2.12,1.78,2.09,,,,,,,D79/8H,,mccutan01
335,LaMonte Wade Jr.,28,SFG,NL,62,53,20,434.1,218,200,15,3,20,.986,-6,-17,-1,-3,4.46,4.37,3.21,4.15,,,,,,,937HD/8,,wadela01
336,Tyler Wade,27,LAA,AL,64,48,25,431.0,179,71,103,5,20,.972,-4,-11,-5,-14,3.63,3.52,2.29,3.46,,,,,,,465H/798D,,wadety01
337,Calvin Mitchell,23,PIT,NL,54,50,35,428.0,89,86,1,2,1,.978,-7,-19,-5,-14,1.83,2.12,1.61,2.09,,,,,,,9D/H,,mitchca01
338,Curt Casali,33,2TM,2LG,56,49,37,425.0,432,404,25,3,1,.993,1,1,2,6,9.08,9.06,7.53,8.89,1,12,22,4,15.4,0,2/3DH,,casalcu01
339,Ryan McKenna,25,BAL,AL,87,43,26,424.0,107,101,4,2,0,.981,7,20,4,11,2.23,2.23,1.19,2.18,,,,,,,79H8/D1,,mckenry01
340,Edmundo Sosa,26,2TM,NL,65,45,36,423.2,189,63,122,4,20,.979,6,17,6,17,3.93,3.49,2.76,3.39,,,,,,,65H/D74,,sosaed01
341,Marcell Ozuna,31,ATL,NL,52,52,26,420.0,80,78,1,1,0,.988,-4,-10,-6,-17,1.69,2.12,1.52,2.09,,,,,,,D7,,ozunama01
342,Jordan Luplow,28,ARI,NL,64,47,24,416.1,115,105,8,2,1,.983,-2,-5,1,3,2.44,2.17,1.74,2.20,,,,,,,9H7/D835,,luplojo01
343,Tyler Nevin,25,BAL,AL,55,50,39,416.1,174,106,63,5,12,.971,-4,-10,-4,-12,3.65,3.54,3.07,3.44,,,,,,,5/3D79,,nevinty01
344,Josh VanMeter,27,PIT,NL,60,49,27,413.1,289,185,96,8,43,.972,0,0,-3,-9,6.12,5.52,4.19,5.29,0,1,0,0,,0,43H/15D29,,vanmejo01
345,Lewin Díaz,25,MIA,NL,56,47,39,410.0,410,378,32,0,40,1.000,9,27,5,15,9.00,8.48,7.32,8.35,,,,,,,3/DH,,diazle01
346,Michael Massey,24,KCR,AL,49,47,47,409.2,223,95,124,4,37,.982,-7,-21,0,0,4.81,4.12,4.47,4.06,,,,,,,4/HD5,,massemi02
347,José Barrero,24,CIN,NL,48,46,45,407.1,172,58,108,6,26,.965,-5,-13,-2,-6,3.67,3.88,3.46,3.82,,,,,,,6,,garcijo02
348,Donovan Solano,34,CIN,NL,47,46,41,405.0,278,215,61,2,30,.993,1,2,4,12,6.13,5.94,5.63,5.88,,,,,,,3D5/H4,,solando01
349,Charlie Blackmon,35,COL,NL,51,49,31,403.1,94,83,7,4,3,.957,-4,-12,-3,-9,2.01,2.12,1.76,2.09,,,,,,,D9/H,,blackch02
350,Jake Meyers,26,HOU,AL,51,44,39,402.2,121,119,0,2,0,.983,7,22,5,15,2.66,2.23,2.33,2.20,,,,,,,8/HD,,meyerja02
351,Pavin Smith,26,ARI,NL,53,48,32,402.0,150,139,9,2,10,.987,3,7,1,3,3.31,3.29,2.79,3.27,,,,,,,9D3/H,,smithpa04
352,Harold Ramírez,27,TBR,AL,59,46,30,401.1,257,247,6,4,11,.984,-2,-6,-3,-9,5.67,5.96,4.15,5.32,,,,,,,D39H/7,,ramirha02
353,Nick Pratto,23,KCR,AL,48,46,40,398.1,334,308,26,0,32,1.000,2,6,0,0,7.55,7.39,6.55,7.22,,,,,,,3/7H9,,prattni01
354,Ernie Clement,26,2TM,AL,61,40,34,398.0,148,66,78,4,15,.973,-1,-3,2,6,3.26,3.17,2.22,3.30,,,,,,,5H47/D316,,clemeer01
355,Mitch Haniger,31,SEA,AL,47,45,43,396.0,104,100,2,2,1,.981,2,5,2,6,2.32,2.23,2.17,2.20,,,,,,,9D,,hanigmi01
356,Juan Yepez,24,STL,NL,55,47,26,396.0,133,116,15,2,13,.985,-7,-20,-4,-12,2.98,3.38,2.15,3.69,,,,,,,7D93/5H,,yepezju01
357,Jake Cave,29,MIN,AL,51,43,32,395.0,92,85,6,1,1,.989,1,3,1,3,2.07,2.23,1.78,2.20,,,,,,,79/H8,,caveja01
358,Anthony Rendon,32,LAA,AL,47,46,41,394.2,115,31,78,6,7,.948,3,9,3,9,2.49,2.70,2.32,2.67,,,,,,,5/H,,rendoan01
359,Austin Wynns,31,SFG,NL,58,43,30,392.2,448,423,19,6,0,.987,-1,-3,-1,-3,10.13,9.08,7.49,8.71,2,13,21,5,19.2,0,2/DH1,,wynnsau01
360,Zach McKinstry,27,2TM,NL,54,41,36,391.1,159,58,98,3,17,.981,3,9,0,0,3.59,3.46,2.74,3.34,,,,,,,546/H9D7,,mckinza01
361,Jarred Kelenic,22,SEA,AL,50,42,37,388.1,106,101,4,1,0,.991,-1,-3,2,6,2.43,2.23,2.10,2.20,,,,,,,89/H7D,,kelenja01
362,Frank Schwindel,30,CHC,NL,49,45,32,388.0,368,355,13,0,39,1.000,1,3,-2,-6,8.54,8.43,7.22,7.94,,,,,,,3D/H1,,schwifr01
363,Jonah Bride,26,OAK,AL,53,44,29,387.1,168,68,96,4,16,.976,-3,-8,1,3,3.81,3.86,2.83,3.93,,,,,,,45/H3D,,bridejo01
364,Tucupita Marcano,22,PIT,NL,47,44,34,385.1,134,77,55,2,8,.985,-2,-6,-3,-9,3.08,2.95,2.44,2.96,,,,,,,74/H69,,marcatu01
365,Riley Adams,26,WSN,NL,45,44,41,375.2,345,327,16,2,1,.994,-2,-6,-6,-19,8.22,9.11,7.62,8.96,1,14,32,5,13.5,0,2/HD3,,adamsri03
366,Vidal Bruján,24,TBR,AL,50,40,33,375.0,160,74,81,5,20,.969,0,1,1,3,3.72,3.61,2.67,3.36,,,,,,,49/H6578D,,brujavi01
367,Luke Williams,25,2TM,NL,68,36,25,374.2,114,58,56,0,7,1.000,4,14,0,0,2.74,2.82,1.58,2.80,,,,,,,57H4/D3,,willilu01
368,Jake Fraley,27,CIN,NL,51,42,36,374.0,85,82,1,2,0,.976,-6,-20,-8,-26,2.00,2.12,1.63,2.09,,,,,,,79DH/8,,fraleja01
369,Bradley Zimmer,29,2TM,2LG,99,28,24,369.2,118,116,0,2,0,.983,9,28,6,19,2.82,2.22,1.17,2.19,,,,,,,8H/9D,,zimmebr01
370,Charles Leblanc,26,MIA,NL,45,42,30,367.1,142,71,70,1,17,.993,-1,-3,-1,-3,3.45,4.18,3.00,4.40,,,,,,,45/3HD,,leblach01
371,Josh Lowe,24,TBR,AL,44,41,31,367.1,84,82,2,0,0,1.000,-5,-18,3,10,2.06,2.23,1.91,2.20,,,,,,,97/8DH,,lowejo01
372,Oswaldo Cabrera,23,NYY,AL,43,41,30,367.0,110,76,33,1,3,.991,4,13,11,36,2.67,2.71,2.32,2.87,,,,,,,9/76345H,,cabreos01
373,Keston Hiura,25,MIL,NL,51,43,27,366.0,265,228,30,7,26,.974,-8,-25,-3,-10,6.34,6.85,4.96,6.59,,,,,,,3D4/H7,,hiurake01
374,Hanser Alberto,29,LAD,NL,66,37,20,365.0,147,62,82,3,20,.980,0,-1,1,3,3.55,3.63,1.89,3.46,,,,,,,45H1/6D39,,alberha01
375,Mike Moustakas,33,CIN,NL,47,43,35,362.1,226,183,42,1,12,.996,-2,-5,-3,-10,5.59,5.64,4.59,5.44,,,,,,,D53/H,,moustmi01
376,Kevin Smith,25,OAK,AL,47,41,36,362.1,133,43,88,2,12,.985,7,22,5,17,3.25,2.87,2.67,2.91,,,,,,,56/H,,smithke05
377,Mike Brosseau,28,MIL,NL,63,44,19,358.2,116,39,70,7,11,.940,-7,-23,-6,-20,2.74,3.00,1.68,2.93,,,,,,,5H/613D,,brossmi01
378,Lorenzo Cain,36,MIL,NL,42,40,40,358.1,83,80,1,2,1,.976,-1,-2,2,7,2.03,2.12,1.93,2.09,,,,,,,8/H,,cainlo01
379,Johan Camargo,28,PHI,NL,49,38,32,358.0,161,73,87,1,23,.994,-3,-8,-1,-3,4.02,3.95,3.02,4.00,,,,,,,65H/43D,,camarjo01
380,Vaughn Grissom,21,ATL,NL,41,40,38,357.0,155,60,91,4,16,.974,-1,-3,-4,-13,3.81,4.12,3.60,4.05,,,,,,,4/6,,grissva01
381,Kurt Suzuki,38,LAA,AL,44,41,37,352.2,354,343,10,1,2,.997,-4,-14,-7,-24,9.01,8.94,7.84,8.81,2,14,35,7,16.7,0,2/HD3,,suzukku01
382,Tyler Stephenson,25,CIN,NL,46,43,38,352.0,402,386,16,0,1,1.000,-1,-3,-3,-10,10.28,9.12,8.74,8.96,2,15,27,10,27.0,0,2/DH3,,stephty01
383,Austin Romine,33,3TM,2LG,50,39,29,349.2,390,372,17,1,2,.997,-2,-7,-1,-3,10.01,9.11,7.78,8.96,1,14,33,6,15.4,0,2/DH,,rominau01
384,Nomar Mazara,27,SDP,NL,50,41,23,348.2,95,93,1,1,0,.989,-9,-30,-3,-10,2.43,2.12,1.88,2.09,,,,,,,9H/7,,mazarno01
385,Jason Heyward,32,CHC,NL,47,41,31,348.1,92,91,1,0,0,1.000,-1,-4,-2,-7,2.38,2.12,1.96,2.09,,,,,,,89/H,,heywaja01
386,José Herrera,25,ARI,NL,46,42,26,346.2,298,275,18,5,1,.983,4,14,-1,-3,7.61,9.12,6.37,8.97,3,13,16,12,42.9,2,2/DH,,herrejo04
387,Brad Miller,32,TEX,AL,53,36,25,344.2,73,40,31,2,5,.973,-3,-10,-9,-31,1.85,2.42,1.27,2.43,,,,,,,75DH/9,,millebr02
388,Michael Pérez,29,2TM,NL,44,38,31,331.2,311,294,16,1,2,.997,2,7,0,0,8.41,9.12,7.05,8.97,1,10,17,8,32.0,1,2/H,,perezmi03
389,Jake Burger,26,CHW,AL,40,36,35,331.0,93,21,66,6,5,.935,-5,-18,-5,-18,2.37,2.72,2.18,2.78,,,,,,,5/DH4,,burgeja01
390,Trevor Larnach,25,MIN,AL,43,37,32,331.0,87,83,4,0,0,1.000,2,8,10,36,2.37,2.23,2.02,2.20,,,,,,,79/DH,,larnatr01
391,David Villar,25,SFG,NL,42,38,29,327.0,160,77,76,7,13,.956,4,14,1,4,4.21,4.09,3.48,4.27,,,,,,,53D/4H,,villada01
392,Alex Kirilloff,24,MIN,AL,41,36,22,320.0,153,146,6,1,11,.993,-1,-5,-3,-11,4.28,4.72,3.30,4.53,,,,,,,73/9DH,,kirilal01
393,Luis Torrens,26,SEA,AL,46,36,27,317.1,289,271,17,1,1,.997,0,0,-3,-11,8.17,8.73,6.26,8.28,0,17,19,9,32.1,0,2/DH14,,torrelu01
394,Alcides Escobar,35,WSN,NL,41,36,33,313.1,146,49,92,5,15,.966,-6,-24,-5,-19,4.05,3.87,3.44,3.71,,,,,,,6/H14,,escobal02
395,Giancarlo Stanton,32,NYY,AL,38,38,18,312.2,59,56,2,1,0,.983,-4,-14,-4,-15,1.67,2.23,1.53,2.20,,,,,,,D9/H7,AS,stantmi03
396,Óscar Mercado,27,2TM,2LG,51,32,25,307.1,81,79,1,1,0,.988,-2,-7,0,0,2.34,2.23,1.57,2.20,,,,,,,97H/8D,,mercaos01
397,Vinnie Pasquantino,24,KCR,AL,37,37,31,306.2,291,273,16,2,37,.993,-2,-6,-2,-8,8.48,8.27,7.81,8.15,,,,,,,3D,,pasquvi01
398,Luke Voit,31,2TM,NL,37,37,27,306.0,283,261,17,5,25,.982,-1,-5,0,0,8.18,8.48,7.51,8.35,,,,,,,D3/H,,voitlu01
399,Rob Refsnyder,31,BOS,AL,47,31,25,302.2,74,71,1,2,0,.973,-6,-23,-2,-8,2.14,2.23,1.53,2.20,,,,,,,9H8/D7,,refsnro01
400,Aramis Garcia,29,CIN,NL,45,34,22,302.1,325,310,13,2,1,.994,1,3,0,0,9.62,9.10,7.02,8.90,0,14,18,6,25.0,1,2/3HD,,garciar01
401,Garrett Stubbs,29,PHI,NL,46,32,29,299.1,299,285,11,3,1,.990,0,0,-3,-12,8.90,9.00,6.43,8.16,3,12,18,7,28.0,0,2/H1D7,,stubbga01
402,Mike Zunino,31,TBR,AL,35,34,30,299.1,293,283,9,1,0,.997,-2,-8,-2,-8,8.78,8.94,8.34,8.82,2,15,16,4,20.0,0,2/H,,zuninmi01
403,Elehuris Montero,23,COL,NL,39,34,23,297.0,164,113,47,4,15,.976,4,15,0,0,4.85,4.94,4.10,4.99,,,,,,,53D/H,,monteel01
404,Charlie Culberson,33,TEX,AL,50,37,16,296.1,107,37,63,7,10,.935,-2,-9,1,4,3.04,2.92,1.92,2.93,,,,,,,5H74D/136,,culbech01
405,Nate Eaton,25,KCR,AL,43,33,27,294.2,80,56,22,2,6,.975,2,8,3,12,2.38,2.41,1.73,2.36,,,,,,,95H/78,,eatonna01
406,Greg Allen,29,PIT,NL,43,32,28,293.1,70,70,0,0,0,1.000,2,7,3,12,2.15,2.12,1.63,2.09,,,,,,,798H/D,,allengr01
407,Eli White,28,TEX,AL,42,35,21,291.1,77,74,3,0,1,1.000,9,35,7,29,2.38,2.23,1.83,2.20,,,,,,,87/H9D,,whiteel04
408,David Bote,29,CHC,NL,38,34,23,289.1,121,56,64,1,17,.992,2,8,4,17,3.73,4.03,3.00,4.14,,,,,,,45/3HD,,boteda01
409,Kody Clemens,26,DET,AL,49,31,18,289.1,134,86,47,1,16,.993,6,27,4,17,4.14,4.34,2.42,3.92,,,,,,,5H3/471D,,clemeko01
410,Edward Olivares,26,KCR,AL,39,35,18,289.0,78,76,1,1,0,.987,3,13,-5,-21,2.40,2.23,1.97,2.20,,,,,,,97H/D8,,olivaed02
411,J.D. Davis,29,2TM,NL,47,30,18,287.1,158,112,43,3,10,.981,-7,-29,-3,-13,4.85,4.97,3.10,4.68,,,,,,,DH53/7,,davisjd01
412,Alan Trejo,26,COL,NL,35,31,31,285.0,143,42,97,4,19,.972,1,6,-3,-13,4.39,3.90,3.97,3.84,,,,,,,64/5H,,trejoal01
413,Yoshi Tsutsugo,30,PIT,NL,35,34,27,285.0,277,260,15,2,29,.993,-3,-13,-4,-17,8.68,8.48,7.86,8.35,,,,,,,3D/H,,tsutsyo01
414,Skye Bolt,28,OAK,AL,41,30,26,280.1,88,88,0,0,0,1.000,1,4,-3,-13,2.83,2.23,2.15,2.20,,,,,,,8/H97,,boltsk01
415,Taylor Trammell,24,SEA,AL,41,34,15,280.0,73,71,2,0,0,1.000,-1,-3,2,9,2.35,2.23,1.78,2.20,,,,,,,9/8H7D,,trammta01
416,Michael Papierski,26,2TM,NL,39,30,24,278.2,289,273,15,1,1,.997,-4,-17,-1,-4,9.30,9.12,7.38,8.96,2,9,35,5,12.5,2,2/3H,,papiemi01
417,Alex Call,27,2TM,2LG,42,29,26,278.2,51,51,0,0,0,1.000,-1,-4,0,0,1.65,2.13,1.21,2.12,,,,,,,7H/98D,,callal02
418,Cooper Hummel,27,ARI,NL,41,31,20,273.1,130,124,5,1,0,.992,-5,-22,-6,-26,4.25,5.15,3.15,5.11,4,9,7,0,0.0,0,7H2D/9,,hummeco01
419,Alejo Lopez,26,CIN,NL,45,27,21,272.1,109,47,60,2,14,.982,3,11,-4,-18,3.54,3.76,2.14,3.43,,,,,,,4H/5D719,,lopezal03
420,Mickey Moniak,24,2TM,2LG,36,30,22,265.0,63,62,1,0,1,1.000,-1,-5,-4,-18,2.14,2.18,1.75,2.15,,,,,,,87/H9D,,moniami01
421,Austin Meadows,27,DET,AL,32,31,27,264.1,80,79,1,0,0,1.000,2,7,3,14,2.72,2.23,2.50,2.20,,,,,,,97/DH,,meadoau01
422,Stuart Fairchild,26,3TM,2LG,41,29,15,264.0,58,58,0,0,0,1.000,7,30,3,14,1.98,2.12,1.41,2.10,,,,,,,78/H9,,faircst01
423,Michael Toglia,23,COL,NL,30,30,27,260.1,146,134,12,0,8,1.000,-5,-21,-1,-5,5.05,4.99,4.56,5.03,,,,,,,93/H,,toglimi01
424,Sam Huff,24,TEX,AL,35,28,28,259.2,260,246,11,3,2,.988,-6,-28,-3,-14,8.91,8.86,7.34,8.71,5,13,23,4,14.8,0,2/H3D,,huffsa01
425,Dérmis Garcia,24,OAK,AL,36,29,23,257.0,247,232,14,1,29,.996,1,2,3,14,8.61,8.08,6.83,7.99,,,,,,,3/HD7,,garcide02
426,Colin Moran,29,CIN,NL,36,29,21,257.0,157,124,33,0,11,1.000,-1,-5,-2,-9,5.50,6.65,4.03,6.31,,,,,,,35/HD,,moranco01
427,Kyle Garlick,30,MIN,AL,49,30,12,254.2,68,66,1,1,0,.985,0,1,-3,-14,2.37,2.23,1.37,2.20,,,,,,,79H/D,,garliky01
428,Romy González,25,CHW,AL,30,28,25,253.0,109,42,66,1,10,.991,0,0,-2,-9,3.84,4.06,3.48,3.89,,,,,,,4/6H97,,gonzaro01
429,Drew Waters,23,KCR,AL,31,28,26,253.0,65,63,2,0,0,1.000,-8,-38,-2,-9,2.31,2.23,2.10,2.20,,,,,,,98/7HD,,waterdr01
430,Andy Ibáñez,29,TEX,AL,31,29,24,252.2,121,47,69,5,5,.959,5,24,2,9,4.13,3.74,3.52,3.75,,,,,,,5/D34H,,ibanean01
431,Jason Vosler,28,SFG,NL,33,29,20,252.2,79,20,58,1,7,.987,-6,-29,-7,-33,2.78,2.99,2.11,2.97,,,,,,,5/H73469,,vosleja01
432,Kris Bryant,30,COL,NL,30,30,23,252.0,44,42,0,2,0,.955,-8,-36,-3,-14,1.50,2.12,1.40,2.09,,,,,,,7D,,bryankr01
433,Peyton Burdick,25,MIA,NL,31,28,27,251.0,46,46,0,0,0,1.000,-6,-30,-4,-19,1.65,2.12,1.48,2.09,,,,,,,78/9H,,burdipe01
434,Stephen Piscotty,31,OAK,AL,32,30,20,251.0,65,65,0,0,0,1.000,-2,-10,-4,-19,2.33,2.23,2.03,2.20,,,,,,,9/D7H,,piscost01
435,Michael Brantley,35,HOU,AL,29,29,24,249.0,60,59,1,0,0,1.000,1,4,1,5,2.17,2.23,2.07,2.20,,,,,,,D7,,brantmi02
436,Bligh Madris,26,PIT,NL,32,29,19,248.2,104,101,3,0,4,1.000,-4,-19,-4,-19,3.76,3.63,3.06,3.75,,,,,,,9/37HD8,,madribl01
437,Gunnar Henderson,21,BAL,AL,30,27,23,246.2,106,38,67,1,14,.991,4,21,0,0,3.83,3.09,3.09,3.04,,,,,,,5/6DH4,,hendegu01
438,Guillermo Heredia,31,ATL,NL,64,20,14,245.2,61,60,0,1,0,.984,-1,-7,1,5,2.20,2.12,0.94,2.09,,,,,,,79H/8D,,heredgu01
439,Magneuris Sierra,26,LAA,AL,43,22,17,245.1,72,70,2,0,0,1.000,5,24,2,10,2.64,2.23,1.67,2.20,,,,,,,87/H9,,sierrma01
440,Ehire Adrianza,32,2TM,NL,33,26,20,243.1,79,37,41,1,7,.987,0,0,-1,-5,2.88,3.04,1.95,2.86,,,,,,,5/74H61D,,adriaeh01
441,Danny Mendick,28,CHW,AL,31,26,25,242.2,94,34,60,0,12,1.000,2,11,-3,-15,3.49,3.83,3.03,3.77,,,,,,,6/457H,,mendida01
442,Stephen Vogt,37,OAK,AL,35,28,17,238.2,216,203,12,1,10,.995,-2,-11,-2,-10,8.11,8.67,5.97,8.51,0,9,13,3,18.8,0,DH23,,vogtst01
443,Derek Hill,26,DET,AL,30,26,23,235.2,81,79,2,0,1,1.000,6,32,4,20,3.09,2.23,2.70,2.20,,,,,,,8/H,,hillde01
444,Sandy León,33,2TM,AL,34,28,17,232.2,240,233,5,2,0,.992,-3,-15,-2,-10,9.21,8.87,7.00,8.59,3,7,24,3,11.1,0,2/1,,leonsa01
445,Eloy Jiménez,25,CHW,AL,30,30,14,231.2,49,49,0,0,0,1.000,0,0,-1,-5,1.90,2.23,1.63,2.20,,,,,,,D7/H,,jimenel02
446,Sandy Alcantara,26,MIA,NL,32,32,6,228.2,48,20,28,0,2,1.000,,,-2,-2,1.89,1.36,1.50,1.34,,,,,,,1,ASCYA-1MVP-10,alcansa01
447,Jonathan Davis,30,MIL,NL,34,26,19,228.1,57,56,0,1,0,.982,-1,-4,-1,-5,2.21,2.12,1.65,2.09,,,,,,,8/H,,davisjo05
448,Corbin Carroll,21,ARI,NL,29,24,22,225.1,45,43,1,1,0,.978,2,11,5,27,1.76,2.12,1.52,2.09,,,,,,,7/8H9D,,carroco02
449,Mike Ford,29,4TM,2LG,30,26,20,225.0,200,191,9,0,22,1.000,-1,-4,0,0,8.00,8.25,6.67,7.93,,,,,,,3DH/1,,fordmi01
450,Roman Quinn,29,2TM,2LG,44,22,17,221.0,56,53,2,1,0,.982,1,3,1,5,2.24,2.17,1.25,2.14,,,,,,,87H/9,,quinnro01
451,Josh Jung,24,TEX,AL,25,25,25,219.0,76,19,55,2,6,.974,0,0,0,0,3.04,2.70,2.96,2.67,,,,,,,5/D,,jungjo01
452,Sean Bouchard,26,COL,NL,26,25,25,218.1,53,53,0,0,0,1.000,3,18,1,5,2.18,2.12,2.04,2.09,,,,,,,7/H,,bouchse01
453,Travis Demeritte,27,ATL,NL,26,25,20,216.0,54,52,2,0,0,1.000,0,-2,-1,-6,2.25,2.12,2.08,2.09,,,,,,,9/7H,,demertr01
454,Spencer Steer,24,CIN,NL,25,25,19,214.2,105,65,38,2,12,.981,1,4,1,6,4.32,4.85,3.68,4.74,,,,,,,5/34DH,,steersp01
455,Andrelton Simmons,32,CHC,NL,33,22,14,211.0,87,30,56,1,10,.989,0,-2,3,17,3.67,3.99,2.32,3.87,,,,,,,46/DH1,,simmoan01
456,Aaron Nola,29,PHI,NL,32,32,2,205.0,25,9,14,2,0,.920,,,1,1,1.01,1.36,0.72,1.34,,,,,,,1,CYA-4,nolaaa01
457,René Pinto,25,TBR,AL,25,23,18,203.0,221,215,3,3,0,.986,-2,-12,0,0,9.67,8.94,8.72,8.82,1,7,13,1,7.1,0,2,,pintore02
458,Miles Mikolas,33,STL,NL,33,32,1,202.1,31,17,14,0,1,1.000,,,0,0,1.38,1.36,0.94,1.34,,,,,,,1,AS,mikolmi01
459,Corbin Burnes,27,MIL,NL,33,33,0,202.0,51,32,17,2,3,.961,,,4,4,2.18,1.36,1.48,1.34,,,,,,,1,ASCYA-7,burneco01
460,Framber Valdez,28,HOU,AL,31,31,3,201.1,30,6,23,1,0,.967,,,0,0,1.30,1.13,0.94,1.12,,,,,,,1,ASCYA-5MVP-20,valdefr01
461,Jason Castro,35,HOU,AL,30,22,21,201.0,213,200,10,3,2,.986,-1,-6,-3,-18,9.40,8.94,7.00,8.82,1,11,12,4,25.0,1,2/H,,castrja01
462,Luis Barrera,26,OAK,AL,28,22,16,200.2,51,47,1,3,0,.941,4,23,3,18,2.15,2.23,1.71,2.20,,,,,,,79/H8,,barrelu01
463,Gerrit Cole,31,NYY,AL,33,33,0,200.2,28,12,16,0,0,1.000,,,1,1,1.26,1.13,0.85,1.12,,,,,,,1,ASCYA-9,colege01
464,Ryan Kreidler,24,DET,AL,25,22,17,200.2,88,21,66,1,10,.989,2,10,5,30,3.90,3.35,3.00,3.29,,,,,,,56/H48,,kreidry01
465,Nick Maton,25,PHI,NL,33,22,13,200.2,68,37,31,0,6,1.000,3,17,1,6,3.05,2.88,1.89,2.72,,,,,,,479/H156,,matonni01
466,Merrill Kelly,33,ARI,NL,33,33,0,200.1,35,15,19,1,2,.971,,,2,2,1.53,1.36,1.03,1.34,,,,,,,1,,kellyme01
467,Shane Bieber,27,CLE,AL,31,31,1,200.0,32,15,16,1,1,.969,,,3,3,1.40,1.13,1.00,1.12,,,,,,,1,CYA-7GG,biebesh01
468,Triston Casas,22,BOS,AL,27,22,22,198.0,185,176,8,1,17,.995,2,12,-2,-12,8.36,8.27,6.81,8.15,,,,,,,3/H,,casastr01
469,Alek Manoah,24,TOR,AL,31,31,0,196.2,20,5,14,1,1,.950,,,1,1,0.87,1.13,0.61,1.12,,,,,,,1,ASCYA-3MVP-17,manoaal01
470,Martín Pérez,31,TEX,AL,32,32,1,196.1,27,6,19,2,1,.926,,,1,1,1.15,1.13,0.78,1.12,,,,,,,1,AS,perezma02
471,Dominic Smith,27,NYM,NL,37,20,18,196.0,160,145,15,0,15,1.000,2,13,0,0,7.35,8.48,4.32,8.35,,,,,,,3DH,,smithdo02
472,Jake Marisnick,31,PIT,NL,29,21,16,195.2,59,58,1,0,0,1.000,-2,-11,1,6,2.71,2.12,2.03,2.09,,,,,,,87/9H,,marisja01
473,Yu Darvish,35,SDP,NL,30,30,0,194.2,21,15,5,1,0,.952,,,-2,-2,0.92,1.36,0.67,1.34,,,,,,,1,CYA-8,darviyu01
474,Tyler Freeman,23,CLE,AL,22,21,19,193.0,60,24,32,4,9,.933,-6,-39,-5,-31,2.61,3.35,2.55,3.31,,,,,,,5/64HD,,freemty01
475,Steven Duggar,28,3TM,2LG,28,20,14,193.0,41,41,0,0,0,1.000,0,1,0,0,1.91,2.17,1.46,2.15,,,,,,,87/H,,duggast01
476,Logan Webb,25,SFG,NL,32,32,0,192.1,44,22,22,0,2,1.000,,,1,1,2.06,1.36,1.38,1.34,,,,,,,1,CYA-11,webblo01
477,Adam Wainwright,40,STL,NL,32,32,1,191.2,34,18,16,0,0,1.000,,,2,2,1.60,1.36,1.06,1.34,,,,,,,1,,wainwad01
478,Triston McKenzie,24,CLE,AL,31,30,0,191.1,22,12,9,1,1,.955,,,0,0,0.99,1.13,0.68,1.12,,,,,,,1,,mckentr01
479,Donovan Walton,28,2TM,2LG,25,20,15,191.1,98,26,70,2,8,.980,3,17,3,19,4.52,3.99,3.43,3.81,,,,,,,46/H15,,waltodo01
480,Miguel Andujar,27,2TM,2LG,23,22,15,189.2,46,46,0,0,0,1.000,7,43,3,19,2.18,2.22,1.92,2.43,,,,,,,7D/H3,,andujmi01
481,Robbie Ray,30,SEA,AL,32,32,0,189.0,24,6,18,0,1,1.000,,,1,1,1.14,1.13,0.75,1.12,,,,,,,1,,rayro02
482,Cal Quantrill,27,CLE,AL,32,32,0,186.1,29,11,16,2,0,.931,,,-1,-1,1.30,1.13,0.84,1.12,,,,,,,1,,quantca01
483,Logan Gilbert,25,SEA,AL,32,32,0,185.2,29,15,13,1,1,.966,,,-1,-1,1.36,1.13,0.88,1.12,,,,,,,1,,gilbelo01
484,Max Fried,28,ATL,NL,30,30,0,185.1,42,15,26,1,0,.976,,,3,3,1.99,1.36,1.37,1.34,,,,,,,1,ASCYA-2GG,friedma01
485,Phil Gosselin,33,2TM,2LG,30,21,12,185.0,70,32,37,1,9,.986,1,6,-2,-13,3.36,3.78,2.16,3.55,,,,,,,54/H319D,,gosseph01
486,Dylan Cease,26,CHW,AL,32,32,1,184.0,12,2,8,2,0,.833,,,-2,-2,0.49,1.13,0.31,1.12,,,,,,,1,CYA-2MVP-22,ceasedy01
487,Zac Gallen,26,ARI,NL,31,31,0,184.0,27,10,16,1,3,.963,,,2,2,1.27,1.36,0.84,1.34,,,,,,,1,CYA-5,galleza01
488,Travis Jankowski,31,2TM,2LG,40,17,12,184.0,38,38,0,0,0,1.000,1,9,1,7,1.86,2.12,0.95,2.09,,,,,,,7H98/D,,jankotr01
489,Jermaine Palacios,25,MIN,AL,27,18,16,183.2,70,19,45,6,7,.914,-5,-30,-2,-13,3.14,4.05,2.13,3.87,,,,,,,64/H135,,palacje01
490,Marco Gonzales,30,SEA,AL,32,32,0,183.0,16,7,9,0,1,1.000,,,-2,-2,0.79,1.13,0.50,1.12,,,,,,,1,,gonzama02
491,Buddy Kennedy,23,ARI,NL,24,23,12,182.0,76,38,36,2,10,.974,0,2,-1,-7,3.66,4.06,3.08,3.94,,,,,,,4/HD5,,kennebu01
492,Chris Bassitt,33,NYM,NL,30,30,0,181.2,32,16,16,0,3,1.000,,,2,2,1.59,1.36,1.07,1.34,,,,,,,1,,bassich01
493,Germán Márquez,27,COL,NL,31,31,0,181.2,23,6,15,2,1,.913,,,0,0,1.04,1.36,0.68,1.34,,,,,,,1,,marquge01
494,Cole Irvin,28,OAK,AL,30,30,0,181.0,16,6,9,1,2,.938,,,1,1,0.75,1.13,0.50,1.12,,,,,,,1,,irvinco01
495,Joe Musgrove,29,SDP,NL,30,30,0,181.0,37,19,17,1,2,.973,,,0,0,1.79,1.36,1.20,1.34,,,,,,,1,AS,musgrjo01
496,Kyle Wright,26,ATL,NL,30,30,0,180.1,46,23,23,0,1,1.000,,,2,2,2.30,1.36,1.53,1.34,,,,,,,1,CYA-10,wrighky01
497,Pablo López,26,MIA,NL,32,32,0,180.0,27,13,12,2,2,.926,,,0,0,1.25,1.36,0.78,1.34,,,,,,,1,,lopezpa01
498,Nick Pivetta,29,BOS,AL,33,33,1,179.2,19,11,8,0,1,1.000,,,-3,-3,0.95,1.13,0.58,1.12,,,,,,,1,,pivetni01
499,Jordan Lyles,31,BAL,AL,32,32,1,179.0,28,13,15,0,2,1.000,,,0,0,1.41,1.13,0.88,1.12,,,,,,,1,,lylesjo01
500,Tyler Anderson,32,LAD,NL,30,28,0,178.2,47,13,31,3,2,.936,,,5,6,2.22,1.36,1.47,1.34,,,,,,,1/H,AS,anderty01
501,Jordan Montgomery,29,2TM,2LG,32,32,1,178.1,28,7,21,0,1,1.000,,,1,1,1.41,1.21,0.88,1.19,,,,,,,1,,montgjo01
502,Michael Hermosillo,27,CHC,NL,30,19,9,178.0,54,51,0,3,0,.944,2,12,0,0,2.58,2.12,1.70,2.09,,,,,,,8/H97,,hermomi01
503,Carlos Rodón,29,SFG,NL,31,31,1,178.0,12,3,9,0,0,1.000,,,-3,-3,0.61,1.36,0.39,1.34,,,,,,,1,ASCYA-6,rodonca01
504,Jameson Taillon,30,NYY,AL,32,32,0,177.1,27,8,18,1,2,.963,,,2,2,1.32,1.13,0.81,1.12,,,,,,,1,,taillja01
505,Garrett Mitchell,23,MIL,NL,28,19,15,176.1,42,40,1,1,0,.976,-1,-7,2,14,2.09,2.12,1.46,2.09,,,,,,,8/H,,mitchga01
506,Julio Urías,25,LAD,NL,31,31,0,175.0,15,3,11,1,0,.933,,,0,0,0.72,1.36,0.45,1.34,,,,,,,1,CYA-3MVP-14,uriasju01
507,Justin Verlander,39,HOU,AL,28,28,0,175.0,20,4,15,1,2,.950,,,0,0,0.98,1.13,0.68,1.12,,,,,,,1,ASCYA-1MVP-10,verlaju01
508,Kyle Freeland,29,COL,NL,31,31,0,174.2,16,2,14,0,0,1.000,,,0,0,0.82,1.36,0.52,1.34,,,,,,,1,,freelky01
509,Kevin Gausman,31,TOR,AL,31,31,0,174.2,16,3,12,1,0,.938,,,-1,-1,0.77,1.13,0.48,1.12,,,,,,,1,CYA-9,gausmke01
510,Matt Thaiss,27,LAA,AL,26,19,15,172.1,164,155,9,0,5,1.000,0,0,-2,-14,8.56,8.52,5.86,7.90,0,6,5,3,37.5,0,23/H5,,thaisma01
511,José Berríos,28,TOR,AL,32,32,0,172.0,23,6,16,1,1,.957,,,1,1,1.15,1.13,0.69,1.12,,,,,,,1,,berrijo01
512,Charlie Morton,38,ATL,NL,31,31,0,172.0,24,7,15,2,2,.917,,,1,1,1.15,1.36,0.71,1.34,,,,,,,1,,mortoch02
513,Kyle Stowers,24,BAL,AL,25,20,13,171.0,39,39,0,0,0,1.000,-1,-5,-3,-21,2.05,2.23,1.56,2.20,,,,,,,79/HD,,stoweky01
514,Jerar Encarnacion,24,MIA,NL,20,19,18,169.1,37,33,2,2,0,.946,-2,-15,1,7,1.86,2.12,1.75,2.09,,,,,,,79/DH,,encarje01
515,Nolan Jones,24,CLE,AL,22,21,13,169.0,50,48,2,0,1,1.000,4,29,1,7,2.66,2.23,2.27,2.20,,,,,,,9/DH,,jonesno01
516,Chuckie Robinson,27,CIN,NL,25,20,13,169.0,146,140,5,1,0,.993,-1,-7,0,0,7.72,9.12,5.80,8.97,1,4,14,3,17.6,0,2,,robinch04
517,Daz Cameron,25,DET,AL,20,19,17,167.2,46,45,1,0,1,1.000,-2,-12,0,0,2.47,2.23,2.30,2.20,,,,,,,9/8H,,camerda01
518,Kyle Gibson,34,PHI,NL,31,31,0,167.2,30,12,17,1,1,.967,,,2,2,1.56,1.36,0.94,1.34,,,,,,,1,,gibsoky01
519,Shane McClanahan,25,TBR,AL,28,28,0,166.1,14,1,12,1,1,.929,,,-2,-2,0.70,1.13,0.46,1.12,,,,,,,1,ASCYA-6,mcclash01
520,Jonathan Aranda,24,TBR,AL,29,21,9,166.0,99,67,28,4,8,.960,-2,-12,-1,-7,5.15,4.90,3.06,5.20,,,,,,,43/H5D7,,arandjo01
521,Shohei Ohtani,27,LAA,AL,28,28,0,166.0,11,6,5,0,0,1.000,,,1,1,0.60,1.13,0.39,1.12,,,,,,,*D1/H,ASCYA-4MVP-2,ohtansh01
522,Jose Quintana,33,2TM,NL,32,32,0,165.2,23,4,19,0,0,1.000,,,0,0,1.25,1.36,0.72,1.34,,,,,,,1,,quintjo01
523,José Urquidy,27,HOU,AL,29,28,0,164.1,17,6,11,0,1,1.000,,,-1,-1,0.93,1.13,0.59,1.12,,,,,,,1,,urquijo01
524,Corey Kluber,36,TBR,AL,31,31,0,164.0,17,7,9,1,1,.941,,,-1,-1,0.88,1.13,0.52,1.12,,,,,,,1,,klubeco01
525,Chris Owings,30,BAL,AL,22,19,11,164.0,74,28,44,2,15,.973,-1,-6,-1,-7,3.95,3.86,3.13,3.67,,,,,,,4/6H517,,owingch01
526,Patrick Mazeika,28,NYM,NL,24,18,16,163.2,165,160,4,1,1,.994,2,15,0,0,9.02,9.12,6.83,8.92,1,1,8,4,33.3,0,2/H3,,mazeipa01
527,Albert Pujols,42,STL,NL,23,20,10,163.2,171,157,14,0,19,1.000,0,1,0,0,9.40,8.44,7.43,8.04,,,,,,,DH3/1,AS,pujolal01
528,Cal Stevenson,25,OAK,AL,22,19,12,163.0,45,45,0,0,0,1.000,-4,-30,0,0,2.48,2.23,2.05,2.20,,,,,,,8/9H7,,steveca01
529,Lucas Giolito,27,CHW,AL,30,30,0,161.2,17,5,12,0,1,1.000,,,0,0,0.95,1.13,0.57,1.12,,,,,,,1,,giolilu01
530,Terrin Vavra,25,BAL,AL,27,21,10,160.2,60,37,22,1,8,.983,-4,-26,-1,-7,3.30,3.30,2.19,3.25,,,,,,,47/HD9,,vavrate01
531,Mitch Keller,26,PIT,NL,31,29,0,159.0,26,10,15,1,2,.962,,,-1,-1,1.42,1.36,0.81,1.34,,,,,,,1,,kellemi03
532,Richie Palacios,25,CLE,AL,26,20,10,159.0,48,45,3,0,2,1.000,-2,-17,1,8,2.72,2.27,1.78,2.34,,,,,,,7HD/4,,palacri01
533,Roberto Pérez,33,PIT,NL,20,19,16,159.0,168,163,4,1,0,.994,1,8,3,23,9.45,9.12,8.35,8.97,1,4,6,3,33.3,0,2/H,,perezro02
534,Madison Bumgarner,32,ARI,NL,30,30,0,158.2,13,2,11,0,3,1.000,,,-2,-3,0.74,1.36,0.43,1.34,,,,,,,1,,bumgama01
535,Eric Lauer,27,MIL,NL,29,29,0,158.2,20,9,10,1,0,.950,,,0,0,1.08,1.36,0.66,1.34,,,,,,,1,,lauerer01
536,Nestor Cortes,27,NYY,AL,28,28,1,158.1,14,5,8,1,0,.929,,,1,1,0.74,1.13,0.46,1.12,,,,,,,1,ASCYA-8,cortene01
537,Johnny Cueto,36,CHW,AL,25,24,1,158.1,27,11,15,1,2,.963,,,1,1,1.48,1.13,1.04,1.12,,,,,,,1,,cuetojo01
538,Sean Manaea,30,SDP,NL,30,28,0,158.0,10,5,5,0,0,1.000,,,-4,-5,0.57,1.36,0.33,1.34,,,,,,,1,,manaese01
539,Luis Garcia,25,HOU,AL,28,28,0,157.1,13,4,8,1,2,.923,,,-1,-1,0.69,1.13,0.43,1.12,,,,,,,1,,garcilu05
540,Taijuan Walker,29,NYM,NL,29,29,0,157.1,41,15,24,2,0,.951,,,6,8,2.23,1.36,1.34,1.34,,,,,,,1,,walketa01
541,Gabriel Moreno,22,TOR,AL,20,18,16,156.2,149,134,13,2,1,.987,2,17,2,15,8.44,8.58,6.68,8.03,0,5,10,7,41.2,0,2/HD457,,morenga01
542,Meibrys Viloria,25,TEX,AL,20,18,14,156.2,166,151,10,5,0,.970,0,0,3,23,9.25,8.94,8.05,8.82,1,7,8,7,46.7,0,2/HD,,vilorme01
543,Jack Mayfield,31,LAA,AL,22,18,8,156.0,58,30,27,1,6,.983,-1,-5,0,0,3.29,3.11,2.19,3.10,,,,,,,4/59H71D,,mayfija01
544,Ranger Suarez,26,PHI,NL,29,29,0,155.1,44,13,31,0,0,1.000,,,9,12,2.55,1.36,1.52,1.34,,,,,,,1,,suarera01
545,Jordan Groshans,22,MIA,NL,17,17,17,154.1,53,15,37,1,3,.981,0,2,-1,-8,3.03,2.70,3.06,2.65,,,,,,,5,,groshjo01
546,Dane Dunning,27,TEX,AL,29,29,0,153.1,20,5,14,1,1,.950,,,-1,-1,1.12,1.13,0.66,1.12,,,,,,,1,,dunnida01
547,Jake Hager,29,ARI,NL,26,17,7,153.1,64,21,43,0,9,1.000,-1,-4,-2,-16,3.76,3.66,2.13,3.43,,,,,,,4/561DH,,hagerja01
548,Brady Singer,25,KCR,AL,27,24,0,153.1,25,7,17,1,0,.960,,,0,0,1.41,1.13,0.89,1.12,,,,,,,1,,singebr01
549,Brandon Woodruff,29,MIL,NL,27,27,0,153.1,21,8,13,0,1,1.000,,,1,1,1.23,1.36,0.78,1.34,,,,,,,1,,woodrbr01
550,Zack Wheeler,32,PHI,NL,26,26,0,153.0,22,11,11,0,1,1.000,,,2,3,1.29,1.36,0.85,1.34,,,,,,,1,,wheelza01
551,Patrick Corbin,32,WSN,NL,31,31,1,152.2,26,9,17,0,0,1.000,,,-1,-1,1.53,1.36,0.84,1.34,,,,,,,1,,corbipa01
552,Carlos Carrasco,35,NYM,NL,29,29,0,152.0,34,15,18,1,3,.971,,,2,3,1.95,1.36,1.14,1.34,,,,,,,1,,carraca01
553,Mark Contreras,27,MIN,AL,24,15,10,150.2,49,45,3,1,0,.980,2,19,2,16,2.87,2.23,2.00,2.20,,,,,,,8/9H7,,contrma01
554,Luis Castillo,29,2TM,2LG,25,25,0,150.1,18,11,7,0,0,1.000,,,-3,-4,1.08,1.26,0.72,1.24,,,,,,,1,AS,castilu02
555,Kerry Carpenter,24,DET,AL,19,17,14,150.0,35,34,1,0,1,1.000,1,8,-2,-16,2.10,2.23,1.84,2.20,,,,,,,7D/9H,,carpeke01
556,Yairo Muñoz,27,PHI,NL,25,16,11,150.0,50,19,30,1,7,.980,-3,-20,-3,-24,2.94,3.56,1.96,3.37,,,,,,,4/5H97,,munozya01
557,Robinson Canó,39,3TM,NL,20,19,9,150.0,70,26,43,1,9,.986,-1,-10,-5,-40,4.14,4.13,3.45,4.06,,,,,,,4/DH,,canoro01
558,Alex Cobb,34,SFG,NL,28,28,0,149.2,46,19,27,0,4,1.000,,,3,4,2.77,1.36,1.64,1.34,,,,,,,1,,cobbal01
559,Josiah Gray,24,WSN,NL,28,28,0,148.2,12,4,8,0,0,1.000,,,-1,-1,0.73,1.36,0.43,1.34,,,,,,,1,,grayjo03
560,Cristian Javier,25,HOU,AL,30,25,0,148.2,5,2,3,0,1,1.000,,,-1,-1,0.30,1.13,0.17,1.12,,,,,,,1,,javiecr01
561,Patrick Sandoval,25,LAA,AL,27,27,1,148.2,21,7,14,0,1,1.000,,,2,3,1.27,1.13,0.78,1.12,,,,,,,1,,sandopa02
562,Matt Carpenter,36,NYY,AL,22,19,9,147.0,54,50,4,0,2,1.000,1,10,0,0,3.31,3.31,2.45,3.60,,,,,,,D9H/375,,carpema01
563,Joe Ryan,26,MIN,AL,27,27,0,147.0,14,2,11,1,0,.929,,,2,3,0.80,1.13,0.48,1.12,,,,,,,1,,ryanjo04
564,Miguel Sanó,29,MIN,AL,19,17,15,147.0,138,131,5,2,9,.986,0,2,0,0,8.33,8.27,7.16,8.15,,,,,,,3/D,,sanomi01
565,Tres Barrera,27,WSN,NL,19,18,12,146.0,113,109,4,0,1,1.000,-2,-16,-1,-8,6.97,9.12,5.95,8.97,0,8,12,2,14.3,0,2,,barretr01
566,Drew Rasmussen,26,TBR,AL,28,28,0,146.0,20,9,10,1,0,.950,,,0,0,1.17,1.13,0.68,1.12,,,,,,,1,,rasmudr01
567,Max Scherzer,37,NYM,NL,23,23,0,145.1,18,6,12,0,1,1.000,,,2,3,1.11,1.36,0.78,1.34,,,,,,,1,,scherma01
568,Frankie Montas,29,2TM,AL,27,27,0,144.1,19,10,8,1,1,.947,,,0,0,1.12,1.13,0.67,1.12,,,,,,,1,,montafr02
569,JT Brubaker,28,PIT,NL,28,28,0,144.0,22,5,14,3,2,.864,,,2,3,1.19,1.36,0.68,1.34,,,,,,,1,,brubajt01
570,Connor Wong,26,BOS,AL,23,17,13,144.0,138,129,7,2,0,.986,-2,-20,-2,-17,8.50,8.73,5.91,8.14,1,8,18,3,14.3,0,2/H45D,,wongco01
571,Juan Lagares,33,LAA,AL,19,16,12,143.2,24,22,1,1,0,.958,-8,-67,-4,-33,1.44,2.23,1.21,2.20,,,,,,,/987H,,lagarju01
572,Anthony Bemboom,32,BAL,AL,21,15,13,143.0,128,121,4,3,0,.977,1,8,0,0,7.87,8.94,5.95,8.82,0,6,5,3,37.5,0,2/H,,bemboan01
573,Ryan O'Hearn,28,KCR,AL,25,15,8,143.0,81,76,5,0,9,1.000,1,4,-2,-17,5.10,5.02,3.12,5.18,,,,,,,HD39,,ohearry01
574,Liván Soto,22,LAA,AL,18,15,13,141.2,55,17,36,2,7,.964,-3,-25,-1,-8,3.37,3.85,2.79,3.80,,,,,,,6/5H,,sotoli01
575,Dylan Bundy,29,MIN,AL,29,29,0,140.0,10,4,6,0,0,1.000,,,-3,-4,0.64,1.13,0.34,1.12,,,,,,,1,,bundydy01
576,Dakota Hudson,27,STL,NL,27,26,0,139.2,28,13,14,1,1,.964,,,-2,-3,1.74,1.36,1.00,1.34,,,,,,,1,,hudsoda02
577,Brad Keller,26,KCR,AL,35,22,0,139.2,25,13,11,1,0,.960,,,-2,-3,1.55,1.13,0.69,1.12,,,,,,,1,,kellebr01
578,Cole Tucker,25,PIT,NL,18,16,12,139.0,41,25,14,2,2,.951,-4,-31,-5,-43,2.53,3.02,1.86,2.90,,,,,,,9/46H,,tuckeco01
579,Marcus Stroman,31,CHC,NL,25,25,0,138.2,33,12,21,0,2,1.000,,,2,3,2.14,1.36,1.32,1.34,,,,,,,1,,stromma01
580,Matt Wallner,24,MIN,AL,16,16,14,138.2,31,29,0,2,0,.935,0,-3,-4,-35,1.88,2.23,1.81,2.20,,,,,,,9/DH,,wallnma01
581,Chris Flexen,27,SEA,AL,33,22,0,137.2,19,9,9,1,1,.947,,,-2,-3,1.18,1.13,0.55,1.12,,,,,,,1,,flexech01
582,Zack Collins,27,2TM,2LG,22,15,11,137.2,124,113,10,1,5,.992,2,14,0,0,8.04,8.74,5.59,8.63,0,3,5,3,37.5,0,2D/3H,,colliza01
583,Zack Greinke,38,KCR,AL,26,26,0,137.0,37,20,17,0,1,1.000,,,3,4,2.43,1.13,1.42,1.12,,,,,,,1,,greinza01
584,Chad Kuhl,29,COL,NL,27,27,1,137.0,22,12,9,1,0,.955,,,2,3,1.38,1.36,0.78,1.34,,,,,,,1,,kuhlch01
585,Conner Capel,25,2TM,2LG,20,16,11,136.2,48,48,0,0,0,1.000,0,-2,-2,-18,3.16,2.20,2.40,2.16,,,,,,,9/H7D,,capelco01
586,Dee Strange-Gordon,34,WSN,NL,20,15,14,136.0,62,23,36,3,9,.952,-4,-35,-4,-35,3.90,3.45,2.81,3.12,,,,,,,6/87H1D,,gordode01
587,Glenn Otto,26,TEX,AL,27,27,0,135.2,19,10,7,2,0,.895,,,-3,-4,1.13,1.13,0.63,1.12,,,,,,,1,,ottogl01
588,Jeffrey Springs,29,TBR,AL,33,25,0,135.1,14,4,10,0,1,1.000,,,1,1,0.93,1.13,0.42,1.12,,,,,,,1,,sprinje01
589,Noah Syndergaard,29,2TM,2LG,25,24,1,134.2,20,7,11,2,2,.900,,,-6,-9,1.20,1.22,0.72,1.21,,,,,,,1,,syndeno01
590,Zach Davies,29,ARI,NL,27,27,0,134.1,34,17,16,1,1,.971,,,4,6,2.21,1.36,1.22,1.34,,,,,,,1,,davieza02
591,Ross Stripling,32,TOR,AL,32,24,0,134.1,15,6,9,0,0,1.000,,,1,1,1.00,1.13,0.47,1.12,,,,,,,1,,stripro01
592,Nick Ahmed,32,ARI,NL,16,15,14,134.0,58,16,41,1,6,.983,-2,-15,-3,-27,3.83,3.88,3.56,3.82,,,,,,,6/HD,,ahmedni01
593,James Kaprielian,28,OAK,AL,26,26,0,134.0,17,10,6,1,1,.941,,,-1,-1,1.07,1.13,0.62,1.12,,,,,,,1/DH,,kaprija01
594,Hoy Park,26,PIT,NL,21,17,9,134.0,62,26,33,3,7,.952,-7,-58,-5,-45,3.96,3.49,2.68,3.47,,,,,,,4/5H69,,parkho01
595,Nick Solak,27,TEX,AL,23,16,7,133.2,31,29,2,0,0,1.000,-1,-6,-3,-27,2.09,2.25,1.35,2.28,,,,,,,7D/H4,,solakni01
596,Shea Langeliers,24,OAK,AL,17,14,14,133.1,137,126,10,1,2,.993,-2,-18,-1,-9,9.18,8.94,8.00,8.82,0,8,16,3,15.8,0,D2,,langesh01
597,Daniel Lynch IV,25,KCR,AL,27,27,0,131.2,14,3,10,1,0,.929,,,0,0,0.89,1.13,0.48,1.12,,,,,,,1,,lynchda02
598,Zach Plesac,27,CLE,AL,25,24,0,131.2,25,10,13,2,1,.920,,,2,3,1.57,1.13,0.92,1.12,,,,,,,1,,plesaza01
599,Spencer Strider,23,ATL,NL,31,20,0,131.2,13,5,8,0,1,1.000,,,-2,-3,0.89,1.36,0.42,1.34,,,,,,,1,ROY-2,stridsp01
600,Gabriel Arias,22,CLE,AL,16,14,14,131.0,48,19,24,5,1,.896,-2,-16,-3,-27,2.95,3.59,2.69,3.51,,,,,,,/5463H,,ariasga01
601,Adalberto Mondesí,26,KCR,AL,15,15,14,131.0,63,18,45,0,10,1.000,3,25,1,9,4.33,3.91,4.20,3.86,,,,,,,6,,mondera02
602,Michael Stefanic,26,LAA,AL,22,19,8,131.0,63,32,31,0,5,1.000,2,18,2,18,4.33,4.15,2.86,4.09,,,,,,,4/H,,stefami01
603,Jake Lamb,31,2TM,2LG,26,11,3,131.0,36,28,7,1,3,.972,0,2,-2,-18,2.40,3.16,1.25,3.10,,,,,,,D7/H935,,lambja01
604,Alex Wood,31,SFG,NL,26,26,0,130.2,18,3,14,1,1,.944,,,0,0,1.17,1.36,0.65,1.34,,,,,,,1,,woodal02
605,Tony Gonsolin,28,LAD,NL,24,24,0,130.1,19,9,10,0,0,1.000,,,2,3,1.31,1.36,0.79,1.34,,,,,,,1,AS,gonsoto01
606,George Kirby,24,SEA,AL,25,25,0,130.0,17,7,10,0,1,1.000,,,-1,-2,1.18,1.13,0.68,1.12,,,,,,,1,ROY-6,kirbyge01
607,Kris Bubic,24,KCR,AL,28,27,0,129.0,21,5,14,2,1,.905,,,0,0,1.33,1.13,0.68,1.12,,,,,,,1,,bubickr01
608,Reid Detmers,22,LAA,AL,25,25,1,129.0,16,2,12,2,0,.875,,,-1,-2,0.98,1.13,0.56,1.12,,,,,,,1,,detmere01
609,Blake Snell,29,SDP,NL,24,24,0,128.0,14,4,10,0,0,1.000,,,-1,-2,0.98,1.36,0.58,1.34,,,,,,,1,,snellbl01
610,Jon Gray,30,TEX,AL,24,24,0,127.1,16,6,10,0,2,1.000,,,-1,-2,1.13,1.13,0.67,1.12,,,,,,,1,,grayjo02
611,Michael Wacha,30,BOS,AL,23,23,1,127.1,21,8,13,0,0,1.000,,,2,3,1.48,1.13,0.91,1.12,,,,,,,1,,wachami01
612,Erick Fedde,29,WSN,NL,27,27,0,127.0,25,14,11,0,1,1.000,,,-2,-3,1.77,1.36,0.93,1.34,,,,,,,1,,feddeer01
613,Clayton Kershaw,34,LAD,NL,22,22,0,126.1,15,3,10,2,0,.867,,,-1,-2,0.93,1.36,0.59,1.34,,,,,,,1,AS,kershcl01
614,Hunter Greene,22,CIN,NL,24,24,1,125.2,12,6,5,1,0,.917,,,-2,-3,0.79,1.36,0.46,1.34,,,,,,,1,,greenhu01
615,Dean Kremer,26,BAL,AL,22,21,1,125.1,13,6,6,1,1,.923,,,0,0,0.86,1.13,0.55,1.12,,,,,,,1,,kremede01
616,Austin Gomber,28,COL,NL,33,17,0,124.2,16,7,9,0,2,1.000,,,0,0,1.16,1.36,0.48,1.34,,,,,,,1,,gombeau01
617,Rich Hill,42,BOS,AL,26,26,0,124.1,13,3,9,1,1,.923,,,-1,-2,0.87,1.13,0.46,1.12,,,,,,,1,,hillri01
618,Will Benson,24,CLE,AL,20,13,10,124.0,30,29,0,1,0,.967,-4,-43,1,10,2.10,2.23,1.45,2.20,,,,,,,8/H97D,,bensowi01
619,Cam Gallagher,29,KCR,AL,18,14,9,124.0,115,108,6,1,0,.991,-1,-10,-2,-19,8.27,8.94,6.33,8.82,1,8,6,2,25.0,0,2,,gallaca01
620,Mitch Garver,31,TEX,AL,14,14,12,124.0,124,119,4,1,0,.992,-1,-10,-2,-19,8.93,8.94,8.79,8.82,2,4,10,2,16.7,0,D2/H,,garvemi01
621,Luke Raley,27,TBR,AL,16,14,7,124.0,38,35,2,1,3,.974,-4,-35,3,29,2.69,3.06,2.18,3.25,,,,,,,/97D3H,,raleylu01
622,Oswald Peraza,22,NYY,AL,15,14,13,123.0,43,16,27,0,6,1.000,0,-4,-1,-10,3.15,3.98,2.69,3.92,,,,,,,6/4H,,perazos02
623,Lance Lynn,35,CHW,AL,21,21,0,121.2,7,2,5,0,0,1.000,,,-1,-2,0.52,1.13,0.33,1.12,,,,,,,1,,lynnla01
624,Zach Thompson,28,PIT,NL,29,22,0,121.2,10,5,5,0,0,1.000,,,-4,-7,0.74,1.36,0.34,1.34,,,,,,,1,,thompza01
625,Jose Rojas,29,LAA,AL,19,14,7,121.1,32,16,15,1,3,.969,-1,-9,-3,-30,2.30,2.50,1.63,2.49,,,,,,,5/H97,,rojasjo02
626,Billy McKinney,27,OAK,AL,19,14,8,120.2,61,56,5,0,3,1.000,-1,-8,0,0,4.55,4.08,2.90,4.19,,,,,,,9/3H7D,,mckinbi01
627,Tyler Mahle,27,2TM,2LG,23,23,0,120.2,18,9,7,2,1,.889,,,-1,-2,1.19,1.33,0.70,1.30,,,,,,,1,,mahlety01
628,Sonny Gray,32,MIN,AL,24,24,0,119.2,18,5,12,1,1,.944,,,0,0,1.28,1.13,0.71,1.12,,,,,,,1,,grayso01
629,Michael Kopech,26,CHW,AL,25,25,0,119.1,4,0,3,1,0,.750,,,-3,-5,0.23,1.13,0.12,1.12,,,,,,,1,,kopecmi01
630,Justin Steele,26,CHC,NL,24,24,0,119.0,8,4,3,1,1,.875,,,-5,-8,0.53,1.36,0.29,1.34,,,,,,,1,,steelju01
631,Kyle Bradish,25,BAL,AL,23,23,0,117.2,17,7,10,0,0,1.000,,,0,0,1.30,1.13,0.74,1.12,,,,,,,1,,bradiky01
632,Tarik Skubal,25,DET,AL,21,21,0,117.2,16,2,13,1,1,.938,,,0,0,1.15,1.13,0.71,1.12,,,,,,,1,,skubata01
633,Bryse Wilson,24,PIT,NL,25,20,0,115.2,7,4,3,0,0,1.000,,,-1,-2,0.54,1.36,0.28,1.34,,,,,,,1,,wilsobr02
634,Keegan Thompson,27,CHC,NL,29,17,0,115.0,9,6,3,0,0,1.000,,,0,0,0.70,1.36,0.31,1.34,,,,,,,1,,thompke02
635,Andrew Knapp,30,3TM,2LG,16,13,9,115.0,97,91,4,2,0,.979,-2,-21,-1,-10,7.43,9.09,5.94,8.95,1,3,12,2,14.3,0,2/H,,knappan01
636,Mike Clevinger,31,SDP,NL,23,22,0,114.1,17,6,8,3,0,.824,,,-2,-3,1.10,1.36,0.61,1.34,,,,,,,1,,clevimi01
637,Paolo Espino,35,WSN,NL,42,19,1,113.1,30,15,13,2,0,.933,,,1,2,2.22,1.36,0.67,1.34,,,,,,,1,,espinpa01
638,Yolmer Sánchez,30,2TM,2LG,17,12,11,113.0,64,26,36,2,11,.969,1,5,-1,-11,4.94,4.09,3.44,3.75,,,,,,,4/516H,,sanchca01
639,Jakob Junis,29,SFG,NL,23,17,0,112.0,20,7,12,1,0,.950,,,-1,-2,1.53,1.36,0.83,1.34,,,,,,,1,,junisja01
640,Ian Anderson,24,ATL,NL,22,22,0,111.2,18,8,10,0,0,1.000,,,2,4,1.45,1.36,0.82,1.34,,,,,,,1,,anderia01
641,Paul Blackburn,28,OAK,AL,21,21,0,111.1,21,9,12,0,2,1.000,,,-1,-2,1.70,1.13,1.00,1.12,,,,,,,1,AS,blackpa01
642,Nathan Eovaldi,32,BOS,AL,20,20,2,109.1,20,12,7,1,2,.950,,,-1,-2,1.56,1.13,0.95,1.12,,,,,,,1,,eovalna01
643,José Suarez,24,LAA,AL,22,20,0,109.0,8,2,5,1,0,.875,,,1,2,0.58,1.13,0.32,1.12,,,,,,,1,,suarejo01
644,David MacKinnon,27,2TM,AL,17,13,6,109.0,71,59,12,0,6,1.000,-2,-23,0,0,5.86,6.58,4.18,6.55,,,,,,,3/H5,,mackida01
645,Willians Astudillo,30,MIA,NL,19,11,4,108.0,33,11,19,3,6,.909,-5,-57,-5,-56,2.50,3.63,1.30,3.77,,,,,,,/54H31D,,astudwi01
646,Dom Nuñez,27,COL,NL,14,13,9,108.0,99,93,5,1,0,.990,1,11,-2,-22,8.17,9.12,7.00,8.97,0,3,12,3,20.0,1,2,,nunezdo01
647,Andre Pallante,23,STL,NL,47,10,0,108.0,27,12,15,0,1,1.000,,,1,2,2.25,1.36,0.57,1.34,,,,,,,1,,pallaan01
648,Aaron Ashby,24,MIL,NL,27,19,0,107.1,14,6,8,0,0,1.000,,,-2,-4,1.17,1.36,0.52,1.34,,,,,,,1,,ashbyaa01
649,Tim Locastro,29,NYY,AL,26,10,6,107.0,23,22,1,0,0,1.000,-1,-11,-3,-34,1.93,2.23,0.88,2.20,,,,,,,H7/89D,,locasti01
650,Trevor Rogers,24,MIA,NL,23,23,0,107.0,15,1,12,2,0,.867,,,-1,-2,1.09,1.36,0.57,1.34,,,,,,,1,,rogertr01
651,Nick Martinez,31,SDP,NL,47,10,0,106.1,27,13,11,3,2,.889,,,0,0,2.03,1.36,0.51,1.34,,,,,,,1,,martini01
652,Drew Smyly,33,CHC,NL,22,22,0,106.1,11,2,9,0,0,1.000,,,0,0,0.93,1.36,0.50,1.34,,,,,,,1,,smylydr01
653,Jake Odorizzi,32,2TM,2LG,22,22,0,106.1,17,5,10,2,1,.882,,,2,4,1.27,1.23,0.68,1.22,,,,,,,1,,odorija01
654,David Peterson,26,NYM,NL,28,19,0,105.2,16,1,12,3,1,.813,,,2,4,1.11,1.36,0.46,1.34,,,,,,,1,,peterda01
655,Drew Hutchison,31,DET,AL,28,18,0,105.1,15,6,8,1,1,.933,,,0,0,1.20,1.13,0.50,1.12,,,,,,,1,,hutchdr01
656,Spenser Watkins,29,BAL,AL,23,20,0,105.1,14,6,6,2,0,.857,,,-1,-2,1.03,1.13,0.52,1.12,,,,,,,1,,watkisp01
657,Graham Ashcraft,24,CIN,NL,19,19,0,105.0,28,17,11,0,1,1.000,,,0,0,2.40,1.36,1.47,1.34,,,,,,,1,,ashcrgr01
658,Adrian Sampson,30,CHC,NL,21,19,0,104.1,18,5,13,0,0,1.000,,,3,6,1.55,1.36,0.86,1.34,,,,,,,1,,sampsad01
659,Jonathan Heasley,25,KCR,AL,21,21,0,104.0,10,4,5,1,1,.900,,,1,2,0.78,1.13,0.43,1.12,,,,,,,1,,heasljo01
660,Tyler Wells,27,BAL,AL,23,23,0,103.2,20,12,8,0,0,1.000,,,2,4,1.74,1.13,0.87,1.12,,,,,,,1,,wellsty01
661,Nick Lodolo,24,CIN,NL,19,19,0,103.1,12,2,10,0,0,1.000,,,0,0,1.05,1.36,0.63,1.34,,,,,,,1,ROY-6,lodolni01
662,Chris Archer,33,MIN,AL,25,25,0,102.2,8,2,6,0,1,1.000,,,-1,-2,0.70,1.13,0.32,1.12,,,,,,,1,,archech01
663,Adrian Houser,29,MIL,NL,22,21,0,102.2,20,12,8,0,0,1.000,,,1,2,1.75,1.36,0.91,1.34,,,,,,,1,,housead01
664,Royce Lewis,23,MIN,AL,12,12,11,102.0,45,15,28,2,4,.956,1,8,0,0,3.79,3.86,3.58,3.73,,,,,,,6/8,,lewisro02
665,Luis Severino,28,NYY,AL,19,19,0,102.0,19,6,13,0,0,1.000,,,4,8,1.68,1.13,1.00,1.12,,,,,,,1,,severlu01
666,Austin Voth,30,2TM,2LG,41,17,0,101.2,15,6,9,0,0,1.000,,,2,4,1.33,1.17,0.37,1.22,,,,,,,1,,vothau01
667,Tyler Alexander,27,DET,AL,27,17,0,101.0,10,2,7,1,0,.900,,,0,0,0.80,1.13,0.33,1.12,,,,,,,1,,alexaty01
668,Yusei Kikuchi,31,TOR,AL,32,20,0,100.2,16,4,11,1,1,.938,,,4,8,1.34,1.13,0.47,1.12,,,,,,,1,,kikucyu01
669,Jesús Luzardo,24,MIA,NL,18,18,0,100.1,15,1,13,1,2,.933,,,3,6,1.26,1.36,0.78,1.34,,,,,,,1,,luzarje01
670,Alec Burleson,23,STL,NL,13,12,5,100.0,47,45,2,0,5,1.000,2,23,0,0,4.23,3.91,2.76,4.30,,,,,,,/93D7H,,burleal01
671,Erik González,30,MIA,NL,16,9,7,100.0,40,13,27,0,5,1.000,4,43,2,24,3.60,3.39,2.22,3.65,,,,,,,/6543,,gonzaer01
672,Taylor Hearn,27,TEX,AL,31,13,0,100.0,7,2,3,2,0,.714,,,-1,-2,0.45,1.13,0.16,1.12,,,,,,,1,,hearnta01
673,Mitch White,27,2TM,2LG,25,18,0,99.0,19,9,10,0,0,1.000,,,1,2,1.73,1.26,0.76,1.25,,,,,,,1,,whitemi03
674,Stone Garrett,26,ARI,NL,13,13,5,98.0,15,15,0,0,0,1.000,-1,-10,0,0,1.38,2.12,1.15,2.09,,,,,,,7/DH,,garrest01
675,Mike Minor,34,CIN,NL,19,19,0,98.0,9,4,5,0,1,1.000,,,0,0,0.83,1.36,0.47,1.34,,,,,,,1,,minormi01
676,Joshua Palacios,26,WSN,NL,21,11,10,98.0,21,21,0,0,0,1.000,-1,-7,1,12,1.93,2.12,1.00,2.09,,,,,,,H9/7D,,palacjo01
677,Wynton Bernard,31,COL,NL,11,10,9,97.2,26,25,1,0,0,1.000,-1,-16,1,12,2.40,2.12,2.36,2.09,,,,,,,8/79DH,,bernawy01
678,Michael Lorenzen,30,LAA,AL,18,18,0,97.2,18,8,9,1,1,.944,,,1,2,1.57,1.13,0.94,1.12,,,,,,,1,,lorenmi01
679,Ryan Feltner,25,COL,NL,20,19,0,97.1,15,8,7,0,0,1.000,,,-1,-2,1.39,1.36,0.75,1.34,,,,,,,1,,feltnry01
680,Aaron Civale,27,CLE,AL,20,20,0,97.0,18,11,5,2,0,.889,,,-1,-2,1.48,1.13,0.80,1.12,,,,,,,1,,civalaa01
681,Jordan Diaz,21,OAK,AL,13,12,8,97.0,51,26,23,2,10,.961,0,-5,1,12,4.55,4.49,3.77,4.41,,,,,,,4/D3,,diazjo03
682,José Ureña,30,2TM,NL,21,17,0,97.0,30,16,13,1,0,.967,,,1,2,2.69,1.36,1.38,1.34,,,,,,,1,,urenajo01
683,Jeter Downs,23,BOS,AL,13,10,6,96.0,37,12,23,2,3,.946,-3,-35,-3,-38,3.28,3.65,2.06,3.55,,,,,,,/45H6D,,downsje01
684,Jonathan Araúz,23,2TM,AL,14,12,6,96.0,31,12,17,2,3,.935,-1,-10,-2,-25,2.72,3.38,2.07,3.42,,,,,,,/546H,,arauzjo01
685,Franmil Reyes,26,2TM,2LG,15,12,7,96.0,26,25,1,0,0,1.000,3,36,0,0,2.44,2.22,1.73,2.13,,,,,,,D9/H71,,reyesfr01
686,Roansy Contreras,22,PIT,NL,21,18,0,95.0,9,5,4,0,0,1.000,,,0,0,0.85,1.36,0.43,1.34,,,,,,,1,,contrro01
687,Mark Mathias,27,2TM,2LG,15,11,5,95.0,47,34,13,0,4,1.000,0,3,1,13,4.45,4.59,3.13,4.20,,,,,,,D/H43579,,mathima01
688,Niko Goodrum,30,HOU,AL,14,10,9,94.0,58,39,18,1,6,.983,0,-5,1,13,5.46,5.64,4.07,5.25,,,,,,,4/3DH,,goodrni01
689,Brett Baty,22,NYM,NL,11,11,9,93.0,30,7,21,2,1,.933,-2,-27,-3,-39,2.71,2.70,2.55,2.65,,,,,,,5,,batybr01
690,Esteban Quiroz,30,CHC,NL,12,10,10,93.0,57,25,31,1,9,.982,3,34,3,39,5.42,4.13,4.67,4.06,,,,,,,4/H,,quiroes01
691,Chad Wallach,30,LAA,AL,12,10,10,93.0,83,80,3,0,0,1.000,-1,-13,0,0,8.03,8.94,6.92,8.82,0,5,8,1,11.1,0,2,,wallach01
692,Antonio Senzatela,27,COL,NL,19,19,0,92.1,23,7,15,1,1,.957,,,2,4,2.14,1.35,1.16,1.34,,,,,,,1,,senzaan01
693,Estevan Florial,24,NYY,AL,15,9,6,91.0,26,24,2,0,0,1.000,-2,-28,-2,-26,2.57,2.23,1.73,2.20,,,,,,,8/H7D,,flories01
694,Eduardo Rodríguez,29,DET,AL,17,17,0,91.0,13,4,7,2,1,.846,,,-1,-2,1.09,1.13,0.65,1.12,,,,,,,1,,rodried05
695,Tom Murphy,31,SEA,AL,12,11,9,90.2,98,96,2,0,0,1.000,0,0,0,0,9.73,8.94,8.17,8.82,1,2,4,0,0.0,0,2/HD,,murphto04
696,Payton Henry,25,MIA,NL,15,11,5,90.1,86,78,8,0,0,1.000,0,0,-1,-13,8.57,9.12,5.73,8.97,1,4,6,3,33.3,0,2/H,,henrypa01
697,Trevor Williams,30,NYM,NL,30,9,0,89.2,10,6,4,0,1,1.000,,,1,2,1.00,1.37,0.33,1.34,,,,,,,1,,willitr01
698,Lewis Brinson,28,SFG,NL,16,9,4,88.0,18,17,1,0,0,1.000,-4,-53,-4,-55,1.84,2.12,1.13,2.09,,,,,,,8/H7,,brinsle01
699,Braxton Garrett,24,MIA,NL,17,17,0,88.0,18,6,11,1,1,.944,,,1,2,1.74,1.36,1.00,1.34,,,,,,,1,,garrebr01
700,Miguel Vargas,22,LAD,NL,14,7,5,87.2,48,44,3,1,2,.979,-2,-30,0,0,4.83,5.07,2.94,5.26,,,,,,,/37D5H,,vargami01
701,Erasmo Ramírez,32,WSN,NL,60,2,0,86.1,14,4,9,1,0,.929,,,1,2,1.36,1.36,0.22,1.34,,,,,,,1,,ramirer02
702,Esteury Ruiz,23,2TM,NL,17,9,5,86.0,20,20,0,0,0,1.000,-3,-35,-2,-28,2.09,2.11,1.18,2.09,,,,,,,/789H,,ruizes01
703,Kyle Hendricks,32,CHC,NL,16,16,0,84.1,14,5,8,1,0,.929,,,0,0,1.39,1.36,0.81,1.34,,,,,,,1,,hendrky01
704,Will Brennan,24,CLE,AL,10,9,9,84.0,17,17,0,0,0,1.000,-3,-36,1,14,1.82,2.23,1.70,2.20,,,,,,,/798DH,,brennwi02
705,Bailey Falter,25,PHI,NL,20,16,0,84.0,8,4,4,0,0,1.000,,,0,0,0.86,1.36,0.40,1.34,,,,,,,1,,falteba01
706,Jihwan Bae,22,PIT,NL,10,9,8,83.0,30,17,11,2,2,.933,-1,-14,0,0,3.04,2.97,2.80,2.87,,,,,,,/847,,baeji01
707,Brock Burke,25,TEX,AL,52,0,0,82.1,10,2,8,0,2,1.000,,,0,0,1.09,1.13,0.19,1.12,,,,,,,1,,burkebr01
708,Keegan Akin,27,BAL,AL,45,1,0,81.2,14,3,11,0,2,1.000,,,2,5,1.54,1.14,0.31,1.12,,,,,,,1,,akinke01
709,Beau Brieske,24,DET,AL,15,15,0,81.2,18,5,11,2,1,.889,,,3,7,1.76,1.14,1.07,1.12,,,,,,,1,,briesbe01
710,Zach Reks,28,TEX,AL,15,7,4,81.0,13,12,1,0,0,1.000,-2,-22,-3,-44,1.44,2.23,0.87,2.20,,,,,,,7/H9,,reksza01
711,Lenyn Sosa,22,CHW,AL,11,9,8,81.0,28,15,13,0,7,1.000,-1,-21,-2,-30,3.11,4.02,2.55,3.98,,,,,,,/46DH,,sosale01
712,Matt Beaty,29,SDP,NL,14,11,0,80.2,14,14,0,0,0,1.000,-3,-43,-2,-30,1.56,2.91,0.93,3.35,,,,,,,9/H3D7,,beatyma01
713,Luis Cessa,30,CIN,NL,46,10,0,80.2,21,9,11,1,2,.952,,,0,0,2.23,1.36,0.43,1.34,,,,,,,1,,cessalu01
714,Ryan Yarbrough,30,TBR,AL,20,9,0,80.0,13,2,9,2,1,.846,,,1,3,1.24,1.13,0.55,1.12,,,,,,,1,,yarbrry01
715,Jaime Barria,25,LAA,AL,35,1,0,79.1,13,3,10,0,1,1.000,,,1,3,1.47,1.13,0.37,1.12,,,,,,,1,,barrija01
716,Garrett Whitlock,26,BOS,AL,31,9,0,78.1,12,6,6,0,0,1.000,,,1,3,1.38,1.13,0.39,1.12,,,,,,,1,,whitlga01
717,Luis Campusano,23,SDP,NL,10,9,8,78.0,84,81,2,1,0,.988,-1,-15,-1,-15,9.58,9.12,8.30,8.97,1,1,8,0,0.0,0,2/DH,,campulu01
718,Freddy Peralta,26,MIL,NL,18,17,0,78.0,12,4,8,0,0,1.000,,,2,5,1.38,1.36,0.67,1.34,,,,,,,1,,peralfr01
719,Ezequiel Tovar,20,COL,NL,9,9,9,78.0,35,14,20,1,2,.971,-3,-43,-3,-46,3.92,3.88,3.78,3.82,,,,,,,/6,,tovarez01
720,Kutter Crawford,26,BOS,AL,21,12,0,77.1,14,7,4,3,2,.786,,,-1,-3,1.28,1.13,0.52,1.12,,,,,,,1,,crawfku01
721,Richie Martin,27,BAL,AL,11,9,7,77.0,37,9,26,2,3,.946,0,-2,1,16,4.09,4.10,2.92,4.05,,,,,,,4/6HD,,martiri01
722,Wil Crowe,27,PIT,NL,60,1,0,76.0,13,5,6,2,1,.846,,,0,0,1.30,1.36,0.18,1.34,,,,,,,1,,crowewi01
723,Tommy La Stella,33,SFG,NL,12,9,5,76.0,36,25,10,1,2,.972,-3,-46,-3,-47,4.14,4.52,2.92,4.43,,,,,,,DH/534,,lasteto01
724,Kevin Padlo,25,3TM,2LG,12,9,4,76.0,46,35,11,0,8,1.000,-3,-54,-1,-16,5.45,5.38,3.83,5.91,,,,,,,/35H,,padloke01
725,Zach Eflin,28,PHI,NL,20,13,0,75.2,16,3,13,0,1,1.000,,,3,8,1.90,1.36,0.80,1.34,,,,,,,1,,eflinza01
726,Tyler Rogers,31,SFG,NL,68,0,0,75.2,27,5,21,1,1,.963,,,2,5,3.09,1.36,0.38,1.34,,,,,,,1,,rogerty01
727,Vince Velasquez,30,CHW,AL,27,9,0,75.1,7,2,2,3,0,.571,,,-1,-3,0.48,1.13,0.15,1.12,,,,,,,1,,velasvi01
728,Scott Barlow,29,KCR,AL,69,0,0,74.1,9,7,2,0,0,1.000,,,-1,-3,1.09,1.13,0.13,1.12,,,,,,,1,,barlosc01
729,Adam Oller,27,OAK,AL,19,14,0,74.1,11,4,5,2,0,.818,,,1,3,1.09,1.13,0.47,1.12,,,,,,,1,,ollerad01
730,Matt Moore,33,TEX,AL,63,0,0,74.0,4,2,2,0,0,1.000,,,-1,-3,0.49,1.13,0.06,1.12,,,,,,,1,,moorema02
731,Cody Thomas,27,OAK,AL,10,9,5,74.0,18,18,0,0,0,1.000,-3,-50,-2,-32,2.19,2.23,1.80,2.20,,,,,,,7,,thomaco01
732,Dillon Tate,28,BAL,AL,67,0,0,73.2,12,4,6,2,0,.833,,,-1,-3,1.22,1.14,0.15,1.12,,,,,,,1,,tatedi01
733,Bruce Zimmermann,27,BAL,AL,15,13,0,73.2,6,1,5,0,0,1.000,,,-1,-3,0.73,1.14,0.40,1.12,,,,,,,1,,zimmebr02
734,Sebastián Rivero,23,KCR,AL,17,7,4,73.0,72,70,2,0,0,1.000,1,16,1,16,8.88,8.94,4.24,8.82,0,2,4,1,20.0,0,2/H,,riverse01
735,Emmanuel Clase,24,CLE,AL,77,0,0,72.2,13,7,6,0,1,1.000,,,-2,-6,1.61,1.13,0.17,1.12,,,,,,,1,AS,claseem01
736,Andrew Heaney,31,LAD,NL,16,14,0,72.2,5,2,2,1,0,.800,,,-1,-3,0.50,1.36,0.25,1.34,,,,,,,1,,heanean01
737,Domingo Germán,29,NYY,AL,15,14,0,72.1,7,5,1,1,0,.857,,,-2,-6,0.75,1.13,0.40,1.12,,,,,,,1,,germado01
738,Griffin Jax,27,MIN,AL,65,0,0,72.1,6,2,3,1,0,.833,,,-1,-3,0.62,1.13,0.08,1.12,,,,,,,1,,jaxgr01
739,Jason Alexander,29,MIL,NL,18,11,0,71.2,17,2,14,1,2,.941,,,0,0,2.01,1.36,0.89,1.34,,,,,,,1,,alexaja01
740,Edward Cabrera,24,MIA,NL,14,14,0,71.2,10,6,4,0,2,1.000,,,-1,-3,1.26,1.36,0.71,1.34,,,,,,,1,,cabreed02
741,Chase De Jong,28,PIT,NL,42,0,0,71.2,8,3,4,1,0,.875,,,0,0,0.88,1.36,0.17,1.34,,,,,,,1,,dejonch01
742,Jorge López,29,2TM,AL,67,0,0,71.0,13,4,7,2,0,.846,,,-1,-3,1.39,1.14,0.16,1.12,,,,,,,1,AS,lopezjo02
743,Billy Hamilton,31,2TM,2LG,20,6,2,71.0,11,11,0,0,0,1.000,0,0,0,0,1.39,2.29,0.52,2.43,,,,,,,H7/8D45,,hamilbi02
744,Adam Cimber,31,TOR,AL,77,0,0,70.2,14,2,11,1,1,.929,,,-2,-6,1.66,1.13,0.17,1.12,,,,,,,1,,cimbead01
745,Devin Smeltzer,26,MIN,AL,15,12,0,70.1,6,1,4,1,0,.833,,,-1,-3,0.64,1.13,0.33,1.12,,,,,,,1,,smeltde01
746,Josh Winckowski,24,BOS,AL,15,14,0,70.1,17,9,7,1,0,.941,,,-1,-3,2.05,1.13,1.07,1.12,,,,,,,1,,winckjo01
747,Anthony Bass,34,2TM,2LG,73,0,0,70.1,15,6,7,2,1,.867,,,1,3,1.66,1.28,0.18,1.26,,,,,,,1/DH,,bassan01
748,MacKenzie Gore,23,SDP,NL,16,13,0,70.0,9,2,7,0,0,1.000,,,2,6,1.16,1.36,0.56,1.34,,,,,,,1,,gorema01
749,Dalton Guthrie,26,PHI,NL,13,6,5,70.0,19,15,4,0,2,1.000,-2,-26,0,0,2.44,2.21,1.36,2.28,,,,,,,9/H45,,guthrda01
750,A.J. Minter,28,ATL,NL,75,0,0,70.0,6,2,4,0,0,1.000,,,-1,-3,0.77,1.36,0.08,1.34,,,,,,,1,,minteaj01
751,Caleb Smith,30,ARI,NL,44,1,0,70.0,9,2,7,0,1,1.000,,,1,3,1.16,1.36,0.20,1.34,,,,,,,1,,smithca03
752,JP Sears,26,2TM,AL,17,11,0,70.0,5,0,5,0,0,1.000,,,0,0,0.64,1.13,0.29,1.12,,,,,,,1,,searsjp01
753,Bryan Baker,27,BAL,AL,66,2,0,69.2,6,2,4,0,0,1.000,,,-1,-3,0.78,1.14,0.09,1.12,,,,,,,1,,bakerbr01
754,Collin McHugh,35,ATL,NL,58,0,0,69.1,8,5,3,0,1,1.000,,,0,0,1.04,1.36,0.14,1.34,,,,,,,1,,mchugco01
755,Penn Murfee,28,SEA,AL,64,1,0,69.1,6,2,4,0,1,1.000,,,1,3,0.78,1.13,0.09,1.12,,,,,,,1,,murfepe01
756,Aníbal Sánchez,38,WSN,NL,14,14,0,69.1,10,4,4,2,0,.800,,,-1,-3,1.04,1.36,0.57,1.34,,,,,,,1,,sanchan01
757,Jesse Chavez,38,3TM,2LG,60,1,0,69.1,7,2,5,0,0,1.000,,,1,3,0.91,1.32,0.12,1.30,,,,,,,1,,chaveje01
758,Jimmy Herget,28,LAA,AL,49,1,0,69.0,11,5,6,0,0,1.000,,,-2,-6,1.43,1.13,0.22,1.12,,,,,,,1,,hergeji01
759,Nick Nelson,26,PHI,NL,47,2,0,68.2,9,3,5,1,0,.889,,,-2,-6,1.05,1.36,0.17,1.34,,,,,,,1,,nelsoni01
760,Rafael Montero,31,HOU,AL,71,0,0,68.1,9,2,6,1,1,.889,,,-1,-3,1.05,1.13,0.11,1.12,,,,,,,1,,montera01
761,John Brebbia,32,SFG,NL,76,11,0,68.0,14,4,10,0,0,1.000,,,2,6,1.85,1.36,0.18,1.34,,,,,,,1,,brebbjo01
762,Dylan Coleman,25,KCR,AL,68,0,0,68.0,9,3,3,3,0,.667,,,-1,-3,0.79,1.13,0.09,1.12,,,,,,,1,,colemdy01
763,Kelvin Gutiérrez,27,BAL,AL,10,8,7,68.0,25,5,19,1,5,.960,1,18,-2,-35,3.18,2.70,2.40,2.67,,,,,,,5/HD,,gutieke01
764,Bryce Harper,29,PHI,NL,8,8,7,68.0,14,14,0,0,0,1.000,-1,-12,-1,-18,1.85,2.12,1.75,2.09,,,,,,,D/9H,AS,harpebr03
765,Yonny Hernández,24,ARI,NL,11,7,5,68.0,22,8,14,0,1,1.000,-1,-23,2,35,2.91,2.93,1.83,2.88,,,,,,,5/4H,,hernayo02
766,Matt Davidson,31,2TM,2LG,10,9,5,68.0,22,11,9,2,2,.909,-5,-81,-4,-71,2.65,3.11,2.00,3.22,,,,,,,/5DH3,,davidma02
767,Domingo Acevedo,28,OAK,AL,70,0,0,67.2,9,3,3,3,0,.667,,,-1,-3,0.80,1.13,0.09,1.12,,,,,,,1,,acevedo01
768,Camilo Doval,24,SFG,NL,68,0,0,67.2,18,9,8,1,0,.944,,,-2,-6,2.26,1.36,0.25,1.34,,,,,,,1,,dovalca01
769,Jhoan Duran,24,MIN,AL,57,0,0,67.2,7,1,5,1,1,.857,,,-1,-3,0.80,1.13,0.11,1.12,,,,,,,1,,duranjh01
770,Mark Leiter Jr.,31,CHC,NL,35,4,0,67.2,11,2,9,0,2,1.000,,,1,3,1.46,1.36,0.31,1.34,,,,,,,1,,leitema02
771,Nabil Crismatt,27,SDP,NL,50,1,0,67.1,9,4,5,0,1,1.000,,,-1,-3,1.20,1.36,0.18,1.34,,,,,,,1,,crismna01
772,Korey Lee,23,HOU,AL,12,7,5,67.0,74,73,0,1,0,.986,-2,-36,-4,-72,9.81,8.95,6.08,8.82,2,6,4,0,0.0,0,2/H,,leeko01
773,Josh Winder,25,MIN,AL,15,11,0,67.0,3,1,2,0,0,1.000,,,-2,-6,0.40,1.13,0.20,1.12,,,,,,,1,,windejo01
774,Kyle Finnegan,30,WSN,NL,66,0,0,66.2,12,3,9,0,0,1.000,,,2,6,1.62,1.36,0.18,1.34,,,,,,,1,,finneky01
775,Eli Morgan,26,CLE,AL,50,1,0,66.2,9,3,6,0,0,1.000,,,1,3,1.22,1.13,0.18,1.12,,,,,,,1,,morgael01
776,Brent Suter,32,MIL,NL,54,0,0,66.2,12,2,9,1,0,.917,,,1,3,1.49,1.36,0.20,1.34,,,,,,,1,,suterbr01
777,Steve Cishek,36,WSN,NL,69,0,0,66.1,4,2,2,0,0,1.000,,,-1,-3,0.54,1.36,0.06,1.34,,,,,,,1,,cishest01
778,A.J. Puk,27,OAK,AL,62,0,0,66.1,8,0,7,1,1,.875,,,0,0,0.95,1.13,0.11,1.12,,,,,,,1,,pukaj01
779,Lucius Fox,24,WSN,NL,8,6,5,66.0,25,8,15,2,0,.920,-2,-40,-2,-36,3.14,3.63,2.30,3.35,,,,,,,/65H,,foxlu01
780,Félix Bautista,27,BAL,AL,65,0,0,65.2,8,4,4,0,0,1.000,,,0,0,1.10,1.12,0.12,1.12,,,,,,,1,,bautife01
781,Phil Maton,29,HOU,AL,67,0,0,65.2,9,2,6,1,1,.889,,,0,0,1.10,1.12,0.12,1.12,,,,,,,1,,matonph01
782,Adam Ottavino,36,NYM,NL,66,0,0,65.2,12,3,6,3,0,.750,,,-3,-9,1.23,1.36,0.14,1.34,,,,,,,1,,ottavad01
783,Reynaldo López,28,CHW,AL,61,1,0,65.1,13,6,6,1,0,.923,,,-1,-3,1.65,1.13,0.20,1.12,,,,,,,1,,lopezre01
784,Hector Neris,33,HOU,AL,70,0,0,65.1,5,2,2,1,1,.800,,,0,0,0.55,1.13,0.06,1.12,,,,,,,1,,nerishe01
785,Abraham Almonte,33,BOS,AL,9,7,5,65.0,14,14,0,0,0,1.000,-3,-54,-2,-37,1.94,2.23,1.56,2.20,,,,,,,/H87D9,,almonab01
786,Walker Buehler,27,LAD,NL,12,12,1,65.0,11,5,6,0,0,1.000,,,1,3,1.52,1.36,0.92,1.34,,,,,,,1,,buehlwa01
787,Ben DeLuzio,27,STL,NL,18,4,2,65.0,19,19,0,0,0,1.000,-1,-13,2,37,2.63,2.12,1.06,2.09,,,,,,,8/HD,,deluzbe01
788,Jarlín García,29,SFG,NL,58,0,0,65.0,4,1,3,0,0,1.000,,,-1,-3,0.55,1.36,0.07,1.34,,,,,,,1,,garcija04
789,Kendall Graveman,31,CHW,AL,65,0,0,65.0,10,3,6,1,0,.900,,,0,0,1.25,1.14,0.14,1.12,,,,,,,1,,graveke01
790,Seth Lugo,32,NYM,NL,62,0,0,65.0,11,3,8,0,0,1.000,,,2,6,1.52,1.36,0.18,1.34,,,,,,,1,,lugose01
791,Andrés Muñoz,23,SEA,AL,64,0,0,65.0,7,3,4,0,0,1.000,,,-1,-3,0.97,1.14,0.11,1.12,,,,,,,1,,munozan01
792,John Schreiber,28,BOS,AL,64,0,0,65.0,15,7,8,0,2,1.000,,,0,0,2.08,1.14,0.23,1.12,,,,,,,1,,schrejo01
793,Joan Adon,23,WSN,NL,14,14,0,64.2,17,8,7,2,0,.882,,,0,0,2.09,1.36,1.07,1.34,,,,,,,1,,adonjo01
794,Ryan Helsley,27,STL,NL,54,0,0,64.2,9,7,2,0,1,1.000,,,2,6,1.25,1.36,0.17,1.34,,,,,,,1,ASCYA-12,helslry01
795,Hoby Milner,31,MIL,NL,67,0,0,64.2,14,4,10,0,1,1.000,,,1,3,1.95,1.36,0.21,1.34,,,,,,,1,,milneho01
796,Jacob deGrom,34,NYM,NL,11,11,0,64.1,6,5,1,0,0,1.000,,,0,0,0.84,1.36,0.55,1.34,,,,,,,1,,degroja01
797,Taylor Rogers,31,2TM,NL,66,0,0,64.1,10,3,7,0,0,1.000,,,0,0,1.40,1.36,0.15,1.34,,,,,,,1,,rogerta01
798,Brad Boxberger,34,MIL,NL,70,0,0,64.0,6,3,2,1,0,.833,,,-2,-6,0.70,1.36,0.07,1.34,,,,,,,1,,boxbebr01
799,Kenley Jansen,34,ATL,NL,65,0,0,64.0,4,1,3,0,0,1.000,,,-1,-3,0.56,1.36,0.06,1.34,,,,,,,1,,janseke01
800,Yermín Mercedes,29,SFG,NL,12,8,3,64.0,20,19,0,1,0,.950,-2,-32,-2,-38,2.67,3.71,1.46,4.55,0,0,0,0,,0,D/H732,,merceye01
801,Trevor Richards,29,TOR,AL,62,4,0,64.0,5,3,2,0,1,1.000,,,0,0,0.70,1.13,0.08,1.12,,,,,,,1,,richatr01
802,Jordan Romano,29,TOR,AL,63,0,0,64.0,7,2,5,0,0,1.000,,,-2,-6,0.98,1.13,0.11,1.12,,,,,,,1,AS,romanjo03
803,Paul Sewald,32,SEA,AL,65,0,0,64.0,16,3,13,0,0,1.000,,,2,6,2.25,1.13,0.25,1.12,,,,,,,1,,sewalpa01
804,Rowan Wick,29,CHC,NL,64,0,0,64.0,12,4,7,1,0,.917,,,-1,-3,1.55,1.36,0.17,1.34,,,,,,,1,,wickro01
805,Alexis Díaz,25,CIN,NL,59,0,0,63.2,9,2,6,1,1,.889,,,0,0,1.13,1.36,0.14,1.34,,,,,,,1,ROY-5,diazal03
806,Clay Holmes,29,NYY,AL,62,0,0,63.2,16,8,8,0,0,1.000,,,0,0,2.26,1.13,0.26,1.12,,,,,,,1,AS,holmecl01
807,David Phelps,35,TOR,AL,65,1,0,63.2,7,1,6,0,0,1.000,,,1,3,0.99,1.13,0.11,1.12,,,,,,,1,,phelpda01
808,Trevor Stephan,26,CLE,AL,66,0,0,63.2,9,5,2,2,0,.778,,,-4,-13,0.99,1.13,0.11,1.12,,,,,,,1,,stephtr01
809,David Robertson,37,2TM,NL,58,0,0,63.2,7,3,4,0,0,1.000,,,1,3,0.99,1.36,0.12,1.34,,,,,,,1,,roberda08
810,Michael Fulmer,29,2TM,AL,67,0,0,63.2,6,1,5,0,1,1.000,,,0,0,0.85,1.13,0.09,1.12,,,,,,,1,,fulmemi01
811,Jason Adam,30,TBR,AL,67,0,0,63.1,3,1,2,0,0,1.000,,,-3,-9,0.43,1.12,0.04,1.12,,,,,,,1,,adamja01
812,Alex Lange,26,DET,AL,71,0,0,63.1,13,5,7,1,0,.923,,,1,3,1.71,1.12,0.17,1.12,,,,,,,1,,langeal01
813,Davis Martin,25,CHW,AL,14,9,0,63.1,13,5,8,0,3,1.000,,,1,3,1.85,1.12,0.93,1.12,,,,,,,1,,martida03
814,Michael Siani,22,CIN,NL,9,7,6,63.1,13,13,0,0,0,1.000,-2,-32,0,0,1.85,2.12,1.44,2.09,,,,,,,/8H,,sianimi01
815,Chris Stratton,31,2TM,NL,60,1,0,63.1,7,2,4,1,3,.857,,,-1,-3,0.85,1.36,0.10,1.34,,,,,,,1,,stratch01
816,Matt Manning,24,DET,AL,12,12,0,63.0,10,4,6,0,0,1.000,,,0,0,1.43,1.13,0.83,1.12,,,,,,,1,,mannima02
817,Emilio Pagán,31,MIN,AL,59,0,0,63.0,6,2,3,1,1,.833,,,0,0,0.71,1.13,0.08,1.12,,,,,,,1,,paganem01
818,Evan Phillips,27,LAD,NL,64,0,0,63.0,11,3,8,0,0,1.000,,,1,3,1.57,1.36,0.17,1.34,,,,,,,1,,phillev01
819,Will Vest,27,DET,AL,59,2,0,63.0,12,5,6,1,0,.917,,,-1,-3,1.57,1.13,0.19,1.12,,,,,,,1,,vestwi01
820,Tanner Scott,27,MIA,NL,67,0,0,62.2,4,1,2,1,0,.750,,,-1,-3,0.43,1.36,0.04,1.34,,,,,,,1,,scottta01
821,Ryan Brasier,34,BOS,AL,68,0,0,62.1,7,0,6,1,1,.857,,,-1,-3,0.87,1.13,0.09,1.12,,,,,,,1,,brasiry01
822,Elieser Hernández,27,MIA,NL,20,10,0,62.1,6,1,5,0,0,1.000,,,1,3,0.87,1.36,0.30,1.34,,,,,,,1,,hernael01
823,Hunter Strickland,33,CIN,NL,66,0,0,62.1,8,3,5,0,0,1.000,,,-1,-3,1.16,1.36,0.12,1.34,,,,,,,1,,strichu01
824,Edwin Díaz,28,NYM,NL,61,0,0,62.0,6,4,1,1,0,.833,,,-3,-10,0.73,1.36,0.08,1.34,,,,,,,1,ASCYA-9MVP-16,diazed04
825,Carl Edwards Jr.,30,WSN,NL,57,0,0,62.0,11,5,6,0,0,1.000,,,2,6,1.60,1.36,0.19,1.34,,,,,,,1,,edwarca01
826,Sam Hentges,25,CLE,AL,57,0,0,62.0,15,3,11,1,1,.933,,,1,3,2.03,1.13,0.25,1.12,,,,,,,1,,hentgsa01
827,Raisel Iglesias,32,2TM,2LG,67,0,0,62.0,8,3,5,0,1,1.000,,,0,0,1.16,1.23,0.12,1.21,,,,,,,1,,iglesra01
828,Shawn Armstrong,31,2TM,2LG,50,3,0,61.2,5,0,5,0,0,1.000,,,0,0,0.73,1.15,0.10,1.15,,,,,,,1,,armstsh01
829,Jordan Hicks,25,STL,NL,35,8,0,61.1,13,4,9,0,0,1.000,,,1,3,1.91,1.36,0.37,1.34,,,,,,,1,,hicksjo03
830,Tyler Beede,29,2TM,NL,31,5,0,61.1,7,3,4,0,0,1.000,,,-2,-7,1.03,1.36,0.23,1.34,,,,,,,1,,beedety01
831,Mychal Givens,32,2TM,NL,59,1,0,61.1,12,1,10,1,2,.917,,,1,3,1.61,1.36,0.19,1.34,,,,,,,1/H,,givenmy01
832,Jalen Beeks,28,TBR,AL,42,7,0,61.0,8,1,7,0,0,1.000,,,0,0,1.18,1.14,0.19,1.12,,,,,,,1,,beeksja02
833,Phil Bickford,26,LAD,NL,60,0,0,61.0,4,1,3,0,0,1.000,,,-1,-3,0.59,1.36,0.07,1.34,,,,,,,1,,bickfph01
834,Luis García,35,SDP,NL,64,0,0,61.0,11,2,5,4,2,.636,,,-3,-10,1.03,1.36,0.11,1.34,,,,,,,1,,garcilu03
835,Yimi García,31,TOR,AL,61,0,0,61.0,6,0,6,0,0,1.000,,,-2,-7,0.89,1.14,0.10,1.12,,,,,,,1,,garciyi01
836,José Ruiz,27,CHW,AL,63,0,0,60.2,7,2,5,0,1,1.000,,,-1,-3,1.04,1.13,0.11,1.12,,,,,,,1,,ruizjo01
837,Devin Williams,27,MIL,NL,65,0,0,60.2,8,3,5,0,0,1.000,,,1,3,1.19,1.36,0.12,1.34,,,,,,,1,AS,willide03
838,Dallas Keuchel,34,3TM,2LG,14,14,0,60.2,14,6,8,0,2,1.000,,,1,3,2.08,1.20,1.00,1.19,,,,,,,1,,keuchda01
839,Bryan Abreu,25,HOU,AL,55,0,0,60.1,8,2,6,0,0,1.000,,,0,0,1.19,1.13,0.15,1.12,,,,,,,1,,abreubr01
840,Daniel Bard,37,COL,NL,57,0,0,60.1,8,2,6,0,0,1.000,,,-2,-7,1.19,1.36,0.14,1.34,,,,,,,1,MVP-16,bardda01
841,Jason Foley,26,DET,AL,60,0,0,60.1,10,2,8,0,1,1.000,,,0,0,1.49,1.13,0.17,1.12,,,,,,,1,,foleyja01
842,Garrett Hill,26,DET,AL,17,8,0,60.1,6,3,2,1,0,.833,,,0,0,0.75,1.13,0.29,1.12,,,,,,,1,,hillga02
843,Gregory Soto,27,DET,AL,64,0,0,60.1,8,0,7,1,1,.875,,,-1,-3,1.04,1.13,0.11,1.12,,,,,,,1,AS,sotogr01
844,Eddy Alvarez,32,LAD,NL,12,7,3,60.0,19,13,5,1,2,.947,1,22,-1,-20,2.70,2.40,1.50,2.47,,,,,,,/59HD67,,alvared01
845,Tanner Houck,26,BOS,AL,32,4,0,60.0,16,5,10,1,0,.938,,,1,3,2.25,1.13,0.47,1.12,,,,,,,1,,houckta01
846,Craig Kimbrel,34,LAD,NL,63,0,0,60.0,6,3,3,0,0,1.000,,,-1,-3,0.90,1.37,0.10,1.34,,,,,,,1,,kimbrcr01
847,Mark Kolozsvary,26,CIN,NL,9,6,6,60.0,53,53,0,0,0,1.000,-1,-20,0,0,7.95,9.12,5.89,8.97,2,4,4,1,20.0,0,/2H,,kolozma01
848,Joe Mantiply,31,ARI,NL,69,0,0,60.0,7,2,5,0,0,1.000,,,1,3,1.05,1.37,0.10,1.34,,,,,,,1,AS,mantijo01
849,Aaron Sanchez,29,2TM,2LG,15,10,0,60.0,11,3,8,0,0,1.000,,,2,7,1.65,1.25,0.73,1.23,,,,,,,1,,sanchaa01
850,Matt Bush,36,2TM,2LG,65,6,0,59.2,13,5,6,2,1,.846,,,0,0,1.66,1.22,0.17,1.20,,,,,,,1,,bushma01
851,Andrés Machado,29,WSN,NL,51,0,0,59.1,11,3,7,1,0,.909,,,-1,-3,1.52,1.37,0.20,1.34,,,,,,,1,,machaan02
852,Caleb Thielbar,35,MIN,AL,67,0,0,59.1,7,3,3,1,0,.857,,,-1,-3,0.91,1.12,0.09,1.12,,,,,,,1,,thielca01
853,José Godoy,27,2TM,2LG,10,7,4,59.1,53,50,3,0,0,1.000,0,0,0,0,8.04,9.07,5.30,8.94,0,3,5,2,28.6,0,2,,godoyjo01
854,Giovanny Gallegos,30,STL,NL,57,0,0,59.0,9,3,6,0,0,1.000,,,1,3,1.37,1.36,0.16,1.34,,,,,,,1,,gallegi01
855,Iván Herrera,22,STL,NL,11,6,5,59.0,57,49,8,0,0,1.000,0,0,-1,-20,8.69,9.12,5.18,8.97,1,5,1,0,0.0,0,2,,herreiv01
856,Will Smith,32,2TM,2LG,65,0,0,59.0,5,2,3,0,0,1.000,,,0,0,0.76,1.28,0.08,1.26,,,,,,,1,,smithwi04
857,Aaron Loup,34,LAA,AL,65,0,0,58.2,9,0,9,0,0,1.000,,,0,0,1.38,1.14,0.14,1.12,,,,,,,1,,loupaa01
858,Colin Poche,28,TBR,AL,65,0,0,58.2,2,0,2,0,0,1.000,,,-1,-3,0.31,1.14,0.03,1.12,,,,,,,1,,pocheco01
859,Dennis Santana,26,TEX,AL,63,1,0,58.2,9,1,7,1,1,.889,,,2,7,1.23,1.14,0.13,1.12,,,,,,,1,,santade01
860,Daniel Norris,29,2TM,2LG,41,3,0,58.2,8,4,3,1,0,.875,,,0,0,1.07,1.24,0.17,1.27,,,,,,,1,,norrida01
861,Bryan Shaw,34,CLE,AL,60,2,0,58.1,9,7,2,0,0,1.000,,,0,0,1.39,1.13,0.15,1.12,,,,,,,1,,shawbr01
862,Ryan Aguilar,27,LAA,AL,7,6,3,58.0,15,15,0,0,1,1.000,1,29,-1,-21,2.33,2.44,1.88,2.95,,,,,,,/9738,,aguilry01
863,Elier Hernández,27,TEX,AL,9,7,3,58.0,26,24,2,0,0,1.000,1,10,0,0,4.03,2.95,2.89,2.87,,,,,,,/7DH39,,hernael02
864,Joel Kuhnel,27,CIN,NL,53,0,0,58.0,14,9,4,1,0,.929,,,1,3,2.02,1.37,0.25,1.34,,,,,,,1,,kuhnejo01
865,Mark Payton,30,CHW,AL,8,6,4,58.0,11,11,0,0,0,1.000,-2,-33,0,0,1.71,2.23,1.38,2.20,,,,,,,/798H,,paytoma01
866,Konnor Pilkington,24,CLE,AL,15,11,0,58.0,9,1,6,2,0,.778,,,1,3,1.09,1.13,0.47,1.12,,,,,,,1,,pilkiko01
867,Heliot Ramos,22,SFG,NL,8,7,3,58.0,12,12,0,0,0,1.000,-2,-43,-3,-62,1.86,2.13,1.50,2.09,,,,,,,/97H,,ramoshe02
868,Robert Stephenson,29,2TM,NL,58,0,0,58.0,7,2,4,1,0,.857,,,0,0,0.93,1.37,0.10,1.34,,,,,,,1,,stephro01
869,Liam Hendriks,33,CHW,AL,58,0,0,57.2,7,1,5,1,0,.857,,,-2,-7,0.94,1.12,0.10,1.12,,,,,,,1,AS,hendrli01
870,Brandon Hughes,26,CHC,NL,57,0,0,57.2,4,3,1,0,0,1.000,,,0,0,0.62,1.36,0.07,1.34,,,,,,,1,,hughebr01
871,Joey Krehbiel,29,BAL,AL,56,0,0,57.2,13,4,8,1,1,.923,,,1,3,1.87,1.12,0.21,1.12,,,,,,,1,,krehbjo01
872,Adrián Martínez,25,OAK,AL,12,12,0,57.2,3,1,2,0,1,1.000,,,0,0,0.47,1.12,0.25,1.12,,,,,,,1,,martiad01
873,Cionel Pérez,26,BAL,AL,66,0,0,57.2,11,5,5,1,0,.909,,,0,0,1.56,1.12,0.15,1.12,,,,,,,1,,perezci01
874,Clarke Schmidt,26,NYY,AL,29,3,0,57.2,10,4,6,0,1,1.000,,,0,0,1.56,1.12,0.34,1.12,,,,,,,1,,schmicl01
875,Jake Diekman,35,2TM,AL,70,0,0,57.2,7,3,4,0,0,1.000,,,0,0,1.09,1.12,0.10,1.12,,,,,,,1,,diekmja01
876,Brayan Bello,23,BOS,AL,13,11,1,57.1,8,5,3,0,2,1.000,,,-2,-7,1.26,1.13,0.62,1.12,,,,,,,1,,bellobr01
877,Andrew Chafin,32,DET,AL,64,0,0,57.1,12,5,5,2,1,.833,,,-2,-7,1.57,1.13,0.16,1.12,,,,,,,1,,chafian01
878,Lucas Luetge,35,NYY,AL,50,0,0,57.1,6,1,3,2,2,.667,,,0,0,0.63,1.13,0.08,1.12,,,,,,,1,,luetglu01
879,Ryan Tepera,34,LAA,AL,59,0,0,57.1,5,1,4,0,0,1.000,,,-1,-3,0.78,1.13,0.08,1.12,,,,,,,1,,teperry01
880,Duane Underwood Jr.,27,PIT,NL,51,1,0,57.1,8,3,5,0,1,1.000,,,0,0,1.26,1.37,0.16,1.34,,,,,,,1,,underdu01
881,Carlos Estévez,29,COL,NL,62,0,0,57.0,11,6,5,0,1,1.000,,,1,4,1.74,1.36,0.18,1.34,,,,,,,1,,estevca01
882,Caleb Hamilton,27,MIN,AL,17,4,4,57.0,49,48,1,0,2,1.000,-1,-19,-1,-21,7.74,8.72,2.88,8.58,0,2,6,0,0.0,0,2/H3D,,hamilca01
883,Zach Logue,26,OAK,AL,14,10,0,57.0,8,3,5,0,0,1.000,,,-1,-4,1.26,1.14,0.57,1.12,,,,,,,1,,logueza01
884,J.J. Matijevic,26,HOU,AL,11,6,3,57.0,37,36,1,0,2,1.000,0,4,0,0,5.84,8.16,3.36,7.61,,,,,,,HD3/7,,matijjj01
885,Reiver Sanmartín,26,CIN,NL,45,4,0,57.0,8,3,5,0,1,1.000,,,-2,-7,1.26,1.36,0.18,1.34,,,,,,,1,,sanmare01
886,Joe Jiménez,27,DET,AL,62,0,0,56.2,2,1,1,0,0,1.000,,,-2,-7,0.32,1.13,0.03,1.12,,,,,,,1,,jimenjo02
887,Scott Effross,28,2TM,2LG,60,1,0,56.2,6,0,6,0,1,1.000,,,-1,-4,0.95,1.30,0.10,1.29,,,,,,,1,,effrosc01
888,Wandy Peralta,30,NYY,AL,56,0,0,56.1,18,3,14,1,2,.944,,,4,14,2.72,1.13,0.30,1.12,,,,,,,1,,peralwa01
889,Carlos Hernández,25,KCR,AL,27,7,0,56.0,9,3,6,0,0,1.000,,,1,4,1.45,1.13,0.33,1.12,,,,,,,1,,hernaca04
890,Mark Melancon,37,ARI,NL,62,0,0,56.0,11,5,6,0,2,1.000,,,1,4,1.77,1.37,0.18,1.34,,,,,,,1,,melanma01
891,Bailey Ober,26,MIN,AL,11,11,0,56.0,4,1,3,0,0,1.000,,,0,0,0.64,1.13,0.36,1.12,,,,,,,1,,oberba01
892,Austin Davis,29,2TM,AL,52,3,0,56.0,7,1,5,1,0,.857,,,-1,-4,0.96,1.13,0.12,1.12,,,,,,,1,,davisau01
893,Chris Martin,36,2TM,NL,60,0,0,56.0,11,2,8,1,0,.909,,,2,7,1.61,1.35,0.17,1.34,,,,,,,1,,martich02
894,Johan Oviedo,24,2TM,NL,21,8,0,56.0,7,3,3,1,1,.857,,,0,0,0.96,1.35,0.29,1.34,,,,,,,1,,oviedjo01
895,Joel Payamps,28,2TM,AL,41,0,0,55.2,14,6,7,1,0,.929,,,0,0,2.10,1.13,0.32,1.12,,,,,,,1,,payamjo01
896,Austin Pruitt,32,OAK,AL,39,1,0,55.1,10,6,4,0,0,1.000,,,1,4,1.63,1.12,0.26,1.12,,,,,,,1,,pruitau01
897,Bryce Johnson,26,SFG,NL,10,6,2,55.0,12,11,1,0,0,1.000,-1,-13,-1,-22,1.96,2.13,1.20,2.09,,,,,,,/897H,,johnsbr03
898,Michael Rucker,28,CHC,NL,41,0,0,54.2,9,3,6,0,1,1.000,,,0,0,1.48,1.37,0.22,1.34,,,,,,,1,,ruckemi01
899,Ryne Stanek,30,HOU,AL,59,0,0,54.2,1,0,1,0,0,1.000,,,-1,-4,0.16,1.14,0.02,1.12,,,,,,,1,,stanery01
900,Andrew Bellatti,30,PHI,NL,59,1,0,54.1,4,1,3,0,0,1.000,,,1,4,0.66,1.36,0.07,1.34,,,,,,,1,,bellaan01
901,Diego Castillo,28,SEA,AL,59,0,0,54.1,12,7,4,1,0,.917,,,-2,-7,1.82,1.13,0.19,1.12,,,,,,,1,,castidi01
902,Alex Vesia,26,LAD,NL,63,0,0,54.1,7,1,4,2,0,.714,,,-2,-7,0.83,1.36,0.08,1.34,,,,,,,1,,vesiaal01
903,Bryce Elder,23,ATL,NL,10,9,1,54.0,7,3,4,0,1,1.000,,,-1,-4,1.17,1.37,0.70,1.34,,,,,,,1,,elderbr01
904,Matt Festa,29,SEA,AL,53,0,0,54.0,10,5,5,0,1,1.000,,,-1,-4,1.67,1.13,0.19,1.12,,,,,,,1,,festama01
905,Matthew Batten,27,SDP,NL,13,5,2,53.2,17,8,9,0,1,1.000,-1,-13,0,0,2.85,2.97,1.13,2.91,,,,,,,/5H41D7,,battema01
906,Alex Faedo,26,DET,AL,12,12,0,53.2,5,3,2,0,0,1.000,,,0,0,0.84,1.12,0.42,1.12,,,,,,,1,,faedoal01
907,Dylan Floro,31,MIA,NL,56,0,0,53.2,4,0,4,0,0,1.000,,,1,4,0.67,1.36,0.07,1.34,,,,,,,1,,florody01
908,Brooks Raley,34,TBR,AL,60,0,0,53.2,7,2,4,1,0,.857,,,-1,-4,1.01,1.12,0.10,1.12,,,,,,,1,,raleybr01
909,Jackson Stephens,28,ATL,NL,39,1,0,53.2,11,3,8,0,0,1.000,,,-1,-4,1.84,1.36,0.28,1.34,,,,,,,1,,stephja01
910,Erik Swanson,28,SEA,AL,57,1,0,53.2,7,3,4,0,0,1.000,,,0,0,1.17,1.12,0.12,1.12,,,,,,,1,,swanser01
911,Lou Trivino,30,2TM,AL,64,0,0,53.2,11,4,6,1,0,.909,,,1,4,1.68,1.12,0.16,1.12,,,,,,,1,,trivilo01
912,Enyel De Los Santos,26,CLE,AL,50,0,0,53.1,8,3,4,1,0,.875,,,-1,-4,1.18,1.13,0.14,1.12,,,,,,,1,,delosen01
913,Maikel Garcia,22,KCR,AL,8,6,5,53.1,24,11,11,2,1,.917,-2,-38,-1,-23,3.71,3.92,2.75,3.86,,,,,,,/6H,,garcima01
914,Adam Haseley,26,CHW,AL,10,5,3,53.1,19,19,0,0,0,1.000,2,38,2,45,3.21,2.23,1.90,2.20,,,,,,,/H978D,,haselad01
915,Tanner Banks,30,CHW,AL,35,0,0,53.0,7,2,5,0,0,1.000,,,2,8,1.19,1.14,0.20,1.12,,,,,,,1,,banksta01
916,Steven Wilson,27,SDP,NL,50,1,0,53.0,6,2,3,1,0,.833,,,0,0,0.85,1.36,0.10,1.34,,,,,,,1,,wilsost02
917,Tucker Davidson,26,2TM,2LG,12,11,0,52.0,7,2,5,0,0,1.000,,,-1,-4,1.21,1.19,0.58,1.20,,,,,,,1,,davidtu01
918,David Bednar,27,PIT,NL,45,0,0,51.2,2,0,2,0,1,1.000,,,-1,-4,0.35,1.36,0.04,1.34,,,,,,,1,AS,bednada01
919,John King,27,TEX,AL,39,0,0,51.1,8,1,7,0,0,1.000,,,0,0,1.40,1.12,0.21,1.12,,,,,,,1,,kingjo01
920,Steven Okert,30,MIA,NL,60,0,0,51.1,5,1,2,2,0,.600,,,-2,-8,0.53,1.37,0.05,1.34,,,,,,,1,,okertst01
921,José Alvarado,27,PHI,NL,59,0,0,51.0,9,3,6,0,1,1.000,,,0,0,1.59,1.36,0.15,1.34,,,,,,,1,,alvarjo03
922,Jaylin Davis,27,BOS,AL,8,6,4,51.0,12,12,0,0,0,1.000,-2,-56,-1,-24,2.12,2.22,1.50,2.20,,,,,,,/H897,,davisja03
923,Seranthony Domínguez,27,PHI,NL,54,0,0,51.0,5,5,0,0,0,1.000,,,-1,-4,0.88,1.36,0.09,1.34,,,,,,,1,,dominse01
924,Rony García,24,DET,AL,16,8,0,51.0,3,0,3,0,0,1.000,,,0,0,0.53,1.13,0.19,1.12,,,,,,,1,,garciro03
925,Michael King,27,NYY,AL,34,0,0,51.0,11,2,7,2,1,.818,,,1,4,1.59,1.13,0.26,1.12,,,,,,,1,,kingmi01
926,Richard Bleier,35,MIA,NL,55,1,0,50.2,13,6,7,0,0,1.000,,,1,4,2.31,1.37,0.24,1.34,,,,,,,1,,bleieri01
927,Matt Brash,24,SEA,AL,39,5,0,50.2,9,3,5,1,1,.889,,,1,4,1.42,1.14,0.21,1.12,,,,,,,1,,brashma01
928,Dylan Lee,27,ATL,NL,46,0,0,50.2,4,2,2,0,0,1.000,,,-1,-4,0.71,1.37,0.09,1.34,,,,,,,1,,leedy01
929,Mike Mayers,30,LAA,AL,24,3,0,50.2,3,0,3,0,0,1.000,,,1,4,0.53,1.14,0.13,1.12,,,,,,,1,,mayermi01
930,Hirokazu Sawamura,34,BOS,AL,49,0,0,50.2,10,1,8,1,1,.900,,,0,0,1.60,1.14,0.18,1.12,,,,,,,1,,sawamhi01
931,Ian Kennedy,37,ARI,NL,57,0,0,50.1,1,1,0,0,0,1.000,,,-1,-4,0.18,1.36,0.02,1.34,,,,,,,1,,kenneia01
932,Joely Rodríguez,30,NYM,NL,55,0,0,50.1,3,0,2,1,0,.667,,,-1,-4,0.36,1.36,0.04,1.34,,,,,,,1,,rodrijo06
933,Andrew Wantz,26,LAA,AL,42,1,0,50.1,5,2,3,0,0,1.000,,,0,0,0.89,1.13,0.12,1.12,,,,,,,1,,wantzan01
934,Brett Martin,27,TEX,AL,55,1,0,50.0,11,4,7,0,2,1.000,,,0,0,1.98,1.13,0.20,1.12,,,,,,,1,,martibr01
935,Ford Proctor,25,SFG,NL,7,6,4,50.0,15,4,11,0,1,1.000,0,2,-1,-24,2.70,4.23,2.14,4.77,0,0,0,0,,0,/42H,,proctfo01
936,Noé Ramirez,32,ARI,NL,55,0,0,50.0,7,3,4,0,1,1.000,,,-1,-4,1.26,1.37,0.13,1.34,,,,,,,1,,ramirno01
937,Josh Hader,28,2TM,NL,56,0,0,50.0,6,1,4,1,0,.833,,,-1,-4,0.90,1.35,0.09,1.34,,,,,,,1,AS,haderjo01
938,Brusdar Graterol,23,LAD,NL,46,1,0,49.2,23,13,10,0,0,1.000,,,3,12,4.17,1.36,0.50,1.34,,,,,,,1,,gratebr01
939,Dominic Leone,30,SFG,NL,55,0,0,49.1,12,3,7,2,0,.833,,,2,8,1.82,1.35,0.18,1.34,,,,,,,1,,leonedo01
940,Taylor Clarke,29,KCR,AL,47,0,0,49.0,8,5,3,0,0,1.000,,,0,0,1.47,1.14,0.17,1.12,,,,,,,1,,clarkta01
941,Tim Mayza,30,TOR,AL,63,0,0,48.2,9,3,6,0,0,1.000,,,-1,-4,1.66,1.13,0.14,1.12,,,,,,,1,,mayzati01
942,Ryan Pressly,33,HOU,AL,50,0,0,48.1,5,2,3,0,0,1.000,,,0,0,0.93,1.14,0.10,1.12,,,,,,,1,,pressry01
943,Jake Woodford,25,STL,NL,27,1,0,48.1,3,3,0,0,0,1.000,,,-2,-8,0.56,1.36,0.11,1.34,,,,,,,1,,woodfja01
944,Cory Abbott,26,WSN,NL,16,9,0,48.0,3,2,1,0,0,1.000,,,0,0,0.56,1.37,0.19,1.34,,,,,,,1,,abbotco01
945,Tim Hill,32,SDP,NL,55,0,0,48.0,15,6,7,2,0,.867,,,0,0,2.44,1.37,0.24,1.34,,,,,,,1,,hillti01
946,Zach Jackson,27,OAK,AL,54,0,0,48.0,3,2,1,0,0,1.000,,,0,0,0.56,1.13,0.06,1.12,,,,,,,1,,jacksza02
947,Jonathan Loáisiga,27,NYY,AL,50,0,0,48.0,17,4,13,0,0,1.000,,,3,13,3.19,1.13,0.34,1.12,,,,,,,1,,loaisjo01
948,Yunior Marté,27,SFG,NL,39,0,0,48.0,7,0,7,0,1,1.000,,,1,4,1.31,1.37,0.18,1.34,,,,,,,1,,marteyu01
949,Steven Matz,31,STL,NL,14,9,0,48.0,10,2,7,1,0,.900,,,1,4,1.69,1.37,0.60,1.34,,,,,,,1,,matzst01
950,Jake Bird,26,COL,NL,38,0,0,47.2,7,2,5,0,0,1.000,,,0,0,1.32,1.36,0.18,1.34,,,,,,,1,,birdja01
951,José Leclerc,28,TEX,AL,39,0,0,47.2,2,1,1,0,0,1.000,,,-1,-4,0.38,1.13,0.05,1.12,,,,,,,1,,leclejo01
952,Lance McCullers Jr.,28,HOU,AL,8,8,0,47.2,4,2,2,0,0,1.000,,,-1,-4,0.76,1.13,0.50,1.13,,,,,,,/1,,mcculla02
953,Robert Suarez,31,SDP,NL,45,0,0,47.2,4,3,1,0,0,1.000,,,-1,-4,0.76,1.36,0.09,1.34,,,,,,,1,,suarero01
954,Jhoulys Chacín,34,COL,NL,35,0,0,47.1,9,1,8,0,3,1.000,,,2,8,1.71,1.35,0.26,1.34,,,,,,,1,,chacijh01
955,Tylor Megill,26,NYM,NL,15,9,0,47.1,8,3,5,0,0,1.000,,,0,0,1.52,1.35,0.53,1.34,,,,,,,1,,megilty01
956,Alex Colomé,33,COL,NL,53,0,0,47.0,8,3,5,0,0,1.000,,,-2,-9,1.53,1.36,0.15,1.34,,,,,,,1,,colomal01
957,Buck Farmer,31,CIN,NL,44,0,0,47.0,13,6,6,1,0,.923,,,0,0,2.30,1.36,0.27,1.34,,,,,,,1,,farmebu01
958,Tommy Henry,24,ARI,NL,9,9,0,47.0,2,1,1,0,0,1.000,,,0,0,0.38,1.36,0.22,1.34,,,,,,,/1,,henryto01
959,Jimmy Lambert,27,CHW,AL,42,2,0,47.0,5,1,4,0,0,1.000,,,0,0,0.96,1.13,0.12,1.12,,,,,,,1,,lambeji01
960,Michael Pineda,33,DET,AL,11,11,0,46.2,3,1,2,0,0,1.000,,,0,0,0.58,1.14,0.27,1.12,,,,,,,1,,pinedmi01
961,Carlos Pérez,25,CHW,AL,6,5,5,46.0,53,50,2,1,0,.981,-1,-26,-2,-52,10.17,8.94,8.67,8.82,1,2,3,0,0.0,0,/2H,,perezca03
962,Drew Smith,28,NYM,NL,44,0,0,46.0,4,2,2,0,0,1.000,,,0,0,0.78,1.37,0.09,1.34,,,,,,,1,,smithdr01
963,Trent Thornton,28,TOR,AL,32,0,0,46.0,4,1,2,1,0,.750,,,0,0,0.59,1.13,0.09,1.12,,,,,,,1,,thorntr01
964,Trevor Gott,29,MIL,NL,45,0,0,45.2,5,2,3,0,0,1.000,,,-1,-4,0.99,1.36,0.11,1.34,,,,,,,1,,gotttr01
965,Amir Garrett,30,KCR,AL,60,0,0,45.1,3,1,2,0,0,1.000,,,-1,-4,0.60,1.13,0.05,1.12,,,,,,,1,,garream01
966,Matt Foster,27,CHW,AL,48,0,0,45.0,2,1,1,0,0,1.000,,,0,0,0.40,1.14,0.04,1.12,,,,,,,1,,fostema01
967,Brad Hand,32,PHI,NL,55,0,0,45.0,6,4,1,1,0,.833,,,1,4,1.00,1.36,0.09,1.34,,,,,,,1,,handbr01
968,Dixon Machado,30,SFG,NL,5,5,5,45.0,17,2,15,0,1,1.000,1,29,1,27,3.40,3.88,3.40,3.82,,,,,,,/6,,machadi01
969,Trevor Megill,28,MIN,AL,39,0,0,45.0,5,1,2,2,0,.600,,,-1,-4,0.60,1.14,0.08,1.12,,,,,,,1,,megiltr01
970,Drew Ellis,26,2TM,2LG,7,6,3,45.0,16,9,6,1,1,.938,-2,-40,-2,-53,3.00,2.70,2.14,2.66,,,,,,,/5,,ellisdr01
971,Génesis Cabrera,25,STL,NL,39,0,0,44.2,14,3,11,0,0,1.000,,,2,9,2.82,1.37,0.36,1.34,,,,,,,1,,cabrege01
972,Jeff Hoffman,29,CIN,NL,35,1,0,44.2,3,2,0,1,0,.667,,,-1,-4,0.40,1.37,0.06,1.34,,,,,,,1,,hoffmje02
973,Corey Knebel,30,PHI,NL,46,0,0,44.2,11,4,7,0,0,1.000,,,1,4,2.22,1.37,0.24,1.34,,,,,,,1,,knebeco01
974,Kirby Snead,27,OAK,AL,46,0,0,44.2,8,1,6,1,1,.875,,,0,0,1.41,1.13,0.15,1.12,,,,,,,1,,sneadki01
975,Matt Strahm,30,BOS,AL,50,0,0,44.2,7,1,4,2,0,.714,,,0,0,1.01,1.13,0.10,1.12,,,,,,,1,,strahma01
976,Ty Blach,31,COL,NL,24,1,0,44.1,8,5,3,0,0,1.000,,,1,5,1.62,1.36,0.33,1.34,,,,,,,1,,blachty01
977,Humberto Castellanos,24,ARI,NL,11,9,0,44.1,2,2,0,0,1,1.000,,,0,0,0.41,1.36,0.18,1.34,,,,,,,1,,castehu01
978,Zack Littell,26,SFG,NL,39,0,0,44.1,7,5,2,0,0,1.000,,,0,0,1.42,1.36,0.18,1.34,,,,,,,1,,litteza01
979,Jeurys Familia,32,2TM,2LG,48,0,0,44.1,6,3,1,2,0,.667,,,0,0,0.81,1.30,0.08,1.29,,,,,,,1,,familje01
980,Connor Brogdon,27,PHI,NL,47,0,0,44.0,3,2,1,0,0,1.000,,,0,0,0.61,1.35,0.06,1.34,,,,,,,1,,brogdco01
981,Tyler Duffey,31,MIN,AL,40,0,0,44.0,5,2,3,0,0,1.000,,,0,0,1.02,1.13,0.13,1.12,,,,,,,1,,duffety01
982,Ron Marinaccio,26,NYY,AL,40,0,0,44.0,6,4,2,0,0,1.000,,,0,0,1.23,1.13,0.15,1.12,,,,,,,1,,marinro01
983,Manny Piña,35,ATL,NL,5,5,5,44.0,52,50,2,0,0,1.000,0,0,0,0,10.64,9.12,10.40,8.98,1,3,1,1,50.0,0,/2,,pinama01
984,Nick Sandlin,25,CLE,AL,46,0,0,44.0,9,2,6,1,2,.889,,,-1,-5,1.64,1.13,0.17,1.12,,,,,,,1,,sandlni01
985,Matt Wisler,29,TBR,AL,39,5,0,44.0,4,2,2,0,0,1.000,,,0,0,0.82,1.13,0.10,1.12,,,,,,,1,,wislema01
986,Brent Rooker,27,2TM,2LG,8,5,3,44.0,14,13,1,0,1,1.000,2,41,0,0,2.86,2.17,1.75,2.18,,,,,,,/7HD9,,rookebr01
987,Tyler Matzek,31,ATL,NL,42,0,0,43.2,3,0,3,0,1,1.000,,,0,0,0.62,1.36,0.07,1.34,,,,,,,1,,matzety01
988,Tommy Nance,31,MIA,NL,35,2,0,43.2,5,1,4,0,0,1.000,,,-3,-14,1.03,1.36,0.14,1.34,,,,,,,1,,nanceto01
989,Sam Moll,30,OAK,AL,53,0,0,43.1,8,2,4,2,0,.750,,,1,5,1.25,1.12,0.11,1.12,,,,,,,1,,mollsa01
990,Lucas Gilbreath,26,COL,NL,47,0,0,43.0,8,1,6,1,2,.875,,,1,5,1.47,1.36,0.15,1.34,,,,,,,1,,gilbrlu01
991,David Hensley,26,HOU,AL,10,3,3,43.0,11,4,7,0,2,1.000,-1,-31,-1,-28,2.30,3.50,1.00,3.49,,,,,,,/D45H67,,henslda01
992,Jharel Cotton,30,2TM,2LG,30,0,0,43.0,4,2,2,0,0,1.000,,,-1,-5,0.84,1.17,0.13,1.16,,,,,,,1,,cottojh01
993,Justin Lawrence,27,COL,NL,38,0,0,42.2,11,0,11,0,1,1.000,,,3,14,2.32,1.37,0.29,1.34,,,,,,,1,,lawreju01
994,Garrett Richards,34,TEX,AL,32,2,0,42.2,3,2,1,0,0,1.000,,,-1,-5,0.63,1.14,0.09,1.12,,,,,,,1,,richaga01
995,Ryan Thompson,30,TBR,AL,47,0,0,42.2,15,5,8,2,1,.867,,,-2,-9,2.74,1.14,0.28,1.12,,,,,,,1,,thompry02
996,Sam Long,26,SFG,NL,28,6,0,42.1,5,0,5,0,0,1.000,,,0,0,1.06,1.36,0.18,1.34,,,,,,,1,,longsa01
997,Víctor Arano,27,WSN,NL,43,0,0,42.0,3,0,2,1,0,.667,,,-2,-10,0.43,1.35,0.05,1.34,,,,,,,1,,aranovi01
998,Miles Mastrobuoni,26,TBR,AL,8,4,3,41.1,21,14,7,0,2,1.000,1,17,-1,-29,4.57,3.68,2.33,3.46,,,,,,,/49H,,mastrmi01
999,Bobby Bradley,26,CLE,AL,7,5,3,41.0,32,31,0,1,1,.969,0,-9,-1,-29,6.80,8.28,4.43,8.16,,,,,,,/3H,,bradlbo01
1000,Jed Lowrie,38,OAK,AL,5,5,4,41.0,40,31,9,0,3,1.000,-1,-26,-1,-29,8.78,6.67,8.00,6.54,,,,,,,D/H34,,lowrije01
1001,Nick Plummer,25,NYM,NL,9,3,3,41.0,8,7,1,0,0,1.000,-1,-38,0,0,1.76,2.13,0.89,2.09,,,,,,,/9D7H,,plummni01
1002,Manny Bañuelos,31,2TM,2LG,35,0,0,41.0,14,2,12,0,1,1.000,,,3,15,3.07,1.30,0.40,1.31,,,,,,,1,,banuema01
1003,Jovani Morán,25,MIN,AL,31,0,0,40.2,5,0,5,0,0,1.000,,,-1,-5,1.11,1.13,0.16,1.12,,,,,,,1,,moranjo01
1004,José Quijada,26,LAA,AL,42,0,0,40.2,4,0,3,1,0,.750,,,-1,-5,0.66,1.13,0.07,1.12,,,,,,,1,,quijajo01
1005,Craig Stammen,38,SDP,NL,33,1,0,40.2,6,3,3,0,0,1.000,,,-2,-10,1.33,1.37,0.18,1.34,,,,,,,1,,stammcr01
1006,Tyler Danish,27,BOS,AL,32,0,0,40.1,6,2,4,0,0,1.000,,,0,0,1.34,1.14,0.19,1.12,,,,,,,1,,danisty01
1007,David Price,36,LAD,NL,40,0,0,40.1,7,1,6,0,0,1.000,,,-1,-5,1.56,1.36,0.18,1.34,,,,,,,1,,priceda01
1008,Clint Frazier,27,CHC,NL,7,5,1,40.0,14,12,1,1,0,.929,-1,-15,-1,-30,2.93,2.12,1.86,2.09,,,,,,,/DH79,,frazicl01
1009,Cole Ragans,24,TEX,AL,9,9,0,40.0,1,1,0,0,0,1.000,,,-1,-5,0.23,1.13,0.11,1.12,,,,,,,/1,,raganco01
1010,Cristopher Sánchez,25,PHI,NL,15,3,0,40.0,9,3,6,0,0,1.000,,,0,0,2.03,1.35,0.60,1.34,,,,,,,1,,sanchcr01
1011,Steven Souza Jr.,33,SEA,AL,5,5,3,40.0,12,11,1,0,0,1.000,1,27,-1,-30,2.70,2.23,2.40,2.20,,,,,,,/9D,,souzast01
1012,Matt Barnes,32,BOS,AL,44,0,0,39.2,4,2,2,0,0,1.000,,,-2,-10,0.91,1.13,0.09,1.12,,,,,,,1,,barnema01
1013,Jordan Weems,29,WSN,NL,32,0,0,39.2,4,2,2,0,0,1.000,,,-1,-5,0.91,1.36,0.13,1.34,,,,,,,1,,weemsjo01
1014,Darick Hall,26,PHI,NL,8,4,4,39.1,42,40,2,0,5,1.000,0,-12,0,0,9.61,8.40,5.25,7.48,,,,,,,D/3H1,,hallda02
1015,Hunter Harvey,27,WSN,NL,38,0,0,39.1,4,2,2,0,0,1.000,,,-1,-5,0.92,1.35,0.11,1.34,,,,,,,1,,harvehu01
1016,Daulton Jefferies,26,OAK,AL,8,8,0,39.1,9,8,1,0,0,1.000,,,-1,-5,2.06,1.12,1.13,1.13,,,,,,,/1,,jeffeda01
1017,Jared Koenig,28,OAK,AL,10,5,0,39.1,4,0,3,1,0,.750,,,0,0,0.69,1.12,0.30,1.12,,,,,,,1,,koenija01
1018,Logan O'Hoppe,22,LAA,AL,5,4,4,39.1,44,43,1,0,0,1.000,-1,-31,-1,-31,10.07,8.92,8.80,8.82,0,4,3,0,0.0,0,/2,,ohopplo01
1019,Dillon Peters,29,PIT,NL,22,4,0,39.1,10,5,5,0,1,1.000,,,1,5,2.29,1.35,0.45,1.34,,,,,,,1,,peterdi01
1020,Max Castillo,23,2TM,AL,14,6,0,39.1,3,1,2,0,0,1.000,,,-1,-5,0.69,1.12,0.21,1.12,,,,,,,1,,castima03
1021,James Karinchak,26,CLE,AL,38,0,0,39.0,2,1,1,0,0,1.000,,,-1,-5,0.46,1.13,0.05,1.12,,,,,,,1,,karinja01
1022,Zach Pop,25,2TM,2LG,35,0,0,39.0,6,2,3,1,0,.833,,,-3,-15,1.15,1.25,0.14,1.23,,,,,,,1,,popza01
1023,Seth Martinez,27,HOU,AL,29,0,0,38.2,6,1,5,0,1,1.000,,,0,0,1.40,1.14,0.21,1.12,,,,,,,1,,martise01
1024,Albert Abreu,26,3TM,AL,33,0,0,38.2,9,2,5,2,1,.778,,,0,0,1.63,1.12,0.21,1.12,,,,,,,1,,abreual01
1025,Dauri Moreta,26,CIN,NL,35,1,0,38.1,4,1,3,0,0,1.000,,,0,0,0.94,1.36,0.11,1.34,,,,,,,1,,moretda01
1026,Wily Peralta,33,DET,AL,28,1,0,38.1,7,5,2,0,2,1.000,,,0,0,1.64,1.13,0.25,1.12,,,,,,,1,,peralwi01
1027,Javier Assad,24,CHC,NL,9,8,0,37.2,6,3,3,0,0,1.000,,,0,0,1.43,1.36,0.67,1.34,,,,,,,/1,,assadja01
1028,José Cuas,28,KCR,AL,47,0,0,37.2,8,0,8,0,0,1.000,,,1,5,1.91,1.12,0.17,1.12,,,,,,,1,,cuasjo01
1029,Spencer Howard,25,TEX,AL,10,8,0,37.2,5,1,4,0,0,1.000,,,0,0,1.19,1.12,0.50,1.12,,,,,,,1,,howarsp01
1030,Kirk McCarty,26,CLE,AL,13,2,0,37.2,6,2,4,0,0,1.000,,,0,0,1.43,1.12,0.46,1.12,,,,,,,1,,mccarki01
1031,Josh Staumont,28,KCR,AL,42,0,0,37.2,5,2,3,0,0,1.000,,,1,5,1.19,1.12,0.12,1.12,,,,,,,1,,staumjo01
1032,Reyes Moronta,29,2TM,NL,39,0,0,37.2,3,0,2,1,0,.667,,,-1,-5,0.48,1.36,0.05,1.34,,,,,,,1,,moronre01
1033,Yohan Ramírez,27,3TM,2LG,30,0,0,37.1,10,5,5,0,1,1.000,,,2,11,2.41,1.30,0.33,1.28,,,,,,,1,,ramiryo01
1034,Joe Kelly,34,CHW,AL,43,1,0,37.0,7,3,4,0,1,1.000,,,-1,-5,1.70,1.12,0.16,1.12,,,,,,,1,,kellyjo05
1035,Wade Miley,35,CHC,NL,9,8,0,37.0,4,0,3,1,0,.750,,,-1,-5,0.73,1.36,0.33,1.34,,,,,,,/1,,mileywa01
1036,Kyle Nelson,25,ARI,NL,43,1,0,37.0,8,3,4,1,1,.875,,,0,0,1.70,1.36,0.16,1.34,,,,,,,1,,nelsoky01
1037,Pablo Reyes,28,MIL,NL,6,3,3,37.0,11,1,9,1,2,.909,-2,-55,-1,-32,2.43,3.48,1.67,3.02,,,,,,,/651,,reyespa01
1038,Steele Walker,25,TEX,AL,5,4,4,37.0,10,10,0,0,0,1.000,-2,-62,-1,-32,2.43,2.24,2.00,2.20,,,,,,,/79H,,walkest01
1039,Jake McGee,35,3TM,NL,42,0,0,37.0,2,0,2,0,0,1.000,,,0,0,0.49,1.36,0.05,1.34,,,,,,,1,,mcgeeja01
1040,Vladimir Gutierrez,26,CIN,NL,10,8,0,36.2,10,5,3,2,1,.800,,,0,0,1.96,1.35,0.80,1.34,,,,,,,1,,gutievl01
1041,Aroldis Chapman,34,NYY,AL,43,0,0,36.1,8,2,6,0,0,1.000,,,3,17,1.98,1.14,0.19,1.12,,,,,,,1,,chapmar01
1042,Ryan Pepiot,24,LAD,NL,9,7,0,36.1,3,2,1,0,1,1.000,,,0,0,0.74,1.36,0.33,1.34,,,,,,,/1,,pepiory01
1043,Pedro Severino,28,MIL,NL,6,4,3,36.1,43,40,3,0,1,1.000,1,33,0,0,10.65,9.04,7.17,8.77,2,1,2,2,50.0,0,/2H3D,,severpe01
1044,Jack Flaherty,26,STL,NL,9,8,0,36.0,8,3,3,2,0,.750,,,-1,-6,1.50,1.35,0.67,1.34,,,,,,,/1,,flaheja01
1045,Monte Harrison,26,LAA,AL,8,4,1,36.0,9,7,1,1,0,.889,-2,-70,1,33,2.00,2.23,1.00,2.20,,,,,,,/78H,,harrimo01
1046,Bryan Lavastida,23,CLE,AL,6,4,3,36.0,37,36,1,0,0,1.000,-1,-33,0,0,9.25,8.95,6.17,8.82,0,3,2,0,0.0,0,/2,,lavasbr01
1047,Art Warren,29,CIN,NL,39,0,0,36.0,3,1,2,0,0,1.000,,,-1,-6,0.75,1.35,0.08,1.34,,,,,,,1,,warrear01
1048,Ian Gibaut,28,2TM,2LG,34,0,0,36.0,3,2,1,0,0,1.000,,,0,0,0.75,1.35,0.09,1.33,,,,,,,1,,gibauia01
1049,Daniel Castano,27,MIA,NL,10,7,0,35.2,6,3,3,0,0,1.000,,,0,0,1.51,1.36,0.60,1.34,,,,,,,1,,castada01
1050,Luke Weaver,28,2TM,2LG,26,1,0,35.2,6,2,3,1,1,.833,,,0,0,1.26,1.24,0.19,1.22,,,,,,,1/DH,,weavelu01
1051,Yency Almonte,28,LAD,NL,33,0,0,35.1,8,4,3,1,0,.875,,,-1,-6,1.78,1.35,0.21,1.34,,,,,,,1,,almonye01
1052,Joe Barlow,26,TEX,AL,35,0,0,35.0,3,1,2,0,0,1.000,,,0,0,0.77,1.13,0.09,1.12,,,,,,,1,,barlojo01
1053,Seth Beer,25,ARI,NL,5,5,2,35.0,39,38,0,1,4,.974,-1,-27,-1,-34,9.77,8.49,7.60,8.36,,,,,,,D/3H,,beerse01
1054,Josh Fleming,26,TBR,AL,10,3,0,35.0,8,4,3,1,1,.875,,,-1,-6,1.80,1.13,0.70,1.12,,,,,,,1,,flemijo01
1055,Ralph Garza,28,TBR,AL,19,0,0,35.0,4,1,3,0,0,1.000,,,0,0,1.03,1.13,0.21,1.12,,,,,,,1,,garzara01
1056,Peter Strzelecki,27,MIL,NL,30,0,0,35.0,7,2,5,0,1,1.000,,,1,6,1.80,1.36,0.23,1.34,,,,,,,1,,strzepe01
1057,Justin Upton,34,SEA,AL,6,5,1,35.0,8,8,0,0,0,1.000,1,31,0,0,2.06,2.24,1.33,2.20,,,,,,,D/97H,,uptonju01
1058,Caleb Ferguson,25,LAD,NL,37,1,0,34.2,2,0,2,0,0,1.000,,,0,0,0.52,1.35,0.05,1.34,,,,,,,1,,ferguca01
1059,Matthew Liberatore,22,STL,NL,9,7,0,34.2,2,0,2,0,0,1.000,,,-1,-6,0.52,1.35,0.22,1.34,,,,,,,/1,,liberma01
1060,Zack Thompson,24,STL,NL,22,1,0,34.2,7,4,3,0,0,1.000,,,1,6,1.82,1.35,0.32,1.34,,,,,,,1,,thompza02
1061,Ken Waldichuk,24,OAK,AL,7,7,0,34.2,3,1,2,0,1,1.000,,,0,0,0.78,1.14,0.43,1.11,,,,,,,/1,,waldike01
1062,Mike Baumann,26,BAL,AL,13,4,0,34.1,7,2,4,1,1,.857,,,1,6,1.57,1.13,0.46,1.12,,,,,,,1,,baumami01
1063,Tyler Gilbert,28,ARI,NL,8,7,0,34.1,6,1,5,0,1,1.000,,,0,0,1.57,1.36,0.75,1.34,,,,,,,/1,,gilbety01
1064,Dany Jiménez,28,OAK,AL,34,0,0,34.1,2,1,1,0,0,1.000,,,-1,-6,0.52,1.13,0.06,1.12,,,,,,,1,,jimenda01
1065,Gosuke Katoh,27,TOR,AL,5,4,1,34.1,21,18,3,0,2,1.000,0,-3,0,0,5.50,6.71,4.20,6.54,,,,,,,/3H4D,,katohgo01
1066,Collin Snider,26,KCR,AL,42,0,0,34.1,5,4,1,0,1,1.000,,,-1,-6,1.31,1.13,0.12,1.12,,,,,,,1,,snideco01
1067,Austin Allen,28,OAK,AL,4,4,3,34.0,27,24,3,0,1,1.000,1,35,2,71,7.15,8.95,6.75,8.83,0,0,0,1,100.0,0,/2D,,allenau01
1068,Adrián Morejón,23,SDP,NL,26,0,0,34.0,5,1,3,1,1,.800,,,0,0,1.06,1.35,0.15,1.34,,,,,,,1,,morejad01
1069,Oliver Ortega,25,LAA,AL,27,0,0,34.0,3,1,2,0,0,1.000,,,0,0,0.79,1.14,0.11,1.12,,,,,,,1,,ortegol01
1070,Israel Pineda,22,WSN,NL,4,4,4,34.0,29,26,3,0,0,1.000,-1,-35,0,0,7.68,9.13,7.25,8.98,2,2,2,1,33.3,0,/2,,pinedis01
1071,Cole Sulser,32,MIA,NL,39,0,0,34.0,7,3,4,0,1,1.000,,,0,0,1.85,1.35,0.18,1.34,,,,,,,1,,sulseco01
1072,Matt Swarmer,28,CHC,NL,11,5,0,34.0,2,1,1,0,0,1.000,,,0,0,0.53,1.35,0.18,1.34,,,,,,,1,,swarmma01
1073,Dillon Thomas,29,LAA,AL,7,3,0,34.0,9,9,0,0,0,1.000,1,49,2,71,2.38,2.22,1.29,2.20,,,,,,,/79H,,thomadi01
1074,Chris Okey,27,CIN,NL,7,3,1,33.2,31,30,0,1,0,.968,-2,-71,-1,-36,8.02,9.12,4.29,8.97,1,3,6,1,14.3,0,/2,,okeych01
1075,Dustin Garneau,34,DET,AL,7,4,2,33.0,24,23,1,0,0,1.000,0,0,0,0,6.55,8.95,3.43,8.81,0,2,1,0,0.0,0,/2H,,garnedu01
1076,Connor Overton,28,CIN,NL,6,4,0,33.0,9,6,3,0,1,1.000,,,1,6,2.45,1.36,1.50,1.33,,,,,,,/1,,overtco01
1077,Hayden Wesneski,24,CHC,NL,6,4,0,33.0,6,5,0,1,0,.833,,,-1,-6,1.36,1.36,0.83,1.33,,,,,,,/1,,wesneha01
1078,T.J. McFarland,33,STL,NL,28,0,0,32.2,9,3,6,0,0,1.000,,,1,6,2.48,1.35,0.32,1.34,,,,,,,1,,mcfartj01
1079,Joey Wentz,24,DET,AL,7,7,0,32.2,6,1,5,0,0,1.000,,,3,18,1.65,1.13,0.86,1.11,,,,,,,/1,,wentzjo01
1080,Dinelson Lamet,29,2TM,NL,32,0,0,32.1,6,2,4,0,0,1.000,,,-2,-12,1.67,1.36,0.19,1.34,,,,,,,1,,lametdi01
1081,Huascar Brazobán,32,MIA,NL,27,0,0,32.0,7,2,4,1,0,.857,,,0,0,1.69,1.35,0.22,1.34,,,,,,,1,,brazohu01
1082,Packy Naughton,26,STL,NL,26,3,0,32.0,5,2,3,0,0,1.000,,,0,0,1.41,1.35,0.19,1.34,,,,,,,1,,naughpa01
1083,Kevin Pillar,33,LAD,NL,4,4,2,32.0,7,7,0,0,0,1.000,0,15,1,38,1.97,2.11,1.75,2.10,,,,,,,/78,,pillake01
1084,Justin Dunn,26,CIN,NL,7,7,0,31.0,4,1,3,0,0,1.000,,,-1,-6,1.16,1.36,0.57,1.34,,,,,,,/1,,dunnju01
1085,Kyle Lewis,26,SEA,AL,4,4,2,31.0,13,13,0,0,0,1.000,3,124,1,39,3.77,2.24,3.25,2.20,,,,,,,D/9H7,,lewisky01
1086,Max Schrock,27,CIN,NL,7,3,0,31.0,12,10,2,0,0,1.000,2,70,1,39,3.48,2.76,1.50,2.49,,,,,,,/H9471D,,schroma01
1087,Zack Short,27,DET,AL,5,3,1,31.0,20,8,12,0,4,1.000,1,23,0,0,5.81,4.04,3.33,3.93,,,,,,,/64DH,,shortza01
1088,Cole Sands,24,MIN,AL,11,3,0,30.2,5,1,3,1,0,.800,,,-2,-13,1.17,1.14,0.36,1.12,,,,,,,1,,sandsco01
1089,Jonathan Hernández,25,TEX,AL,29,0,0,30.1,3,1,1,1,0,.667,,,0,0,0.59,1.13,0.07,1.12,,,,,,,1,,hernajo02
1090,Dustin May,24,LAD,NL,6,6,0,30.0,10,2,6,2,0,.800,,,-1,-7,2.40,1.35,1.33,1.33,,,,,,,/1,,maydu01
1091,Simón Muzziotti,23,PHI,NL,8,3,2,30.0,11,9,1,1,0,.909,1,52,0,0,3.00,2.13,1.25,2.09,,,,,,,/8H,,muzzisi01
1092,Tanner Rainey,29,WSN,NL,29,0,0,30.0,2,1,1,0,0,1.000,,,0,0,0.60,1.35,0.07,1.34,,,,,,,1,,raineta01
1093,Elvin Rodríguez,24,DET,AL,7,5,0,29.2,3,2,1,0,1,1.000,,,0,0,0.91,1.12,0.43,1.11,,,,,,,/1,,rodriel02
1094,Kevin Ginkel,28,ARI,NL,30,0,0,29.1,5,1,4,0,0,1.000,,,0,0,1.53,1.35,0.17,1.34,,,,,,,1,,ginkeke01
1095,Michael Grove,25,LAD,NL,7,6,0,29.1,5,1,4,0,0,1.000,,,0,0,1.53,1.35,0.71,1.34,,,,,,,/1,,grovemi01
1096,Wyatt Mills,27,2TM,AL,27,0,0,29.1,7,1,6,0,1,1.000,,,0,0,2.15,1.14,0.26,1.12,,,,,,,1,,millswy01
1097,Miguel Castro,27,NYY,AL,34,0,0,29.0,3,0,3,0,0,1.000,,,-1,-7,0.93,1.12,0.09,1.12,,,,,,,1,,castrmi01
1098,J.B. Wendelken,29,ARI,NL,29,0,0,29.0,5,1,4,0,2,1.000,,,0,0,1.55,1.37,0.17,1.34,,,,,,,1,,wendejb01
1099,Nick Wittgren,31,STL,NL,29,0,0,29.0,4,2,2,0,1,1.000,,,1,7,1.24,1.37,0.14,1.34,,,,,,,1,,wittgni01
1100,Anthony Misiewicz,27,2TM,AL,32,0,0,29.0,3,1,2,0,0,1.000,,,0,0,0.93,1.12,0.09,1.12,,,,,,,1,,misiean01
1101,Sean Poppen,28,ARI,NL,29,0,0,28.2,4,2,2,0,0,1.000,,,0,0,1.26,1.35,0.14,1.34,,,,,,,1,,poppese01
1102,Chase Silseth,22,LAA,AL,7,7,0,28.2,2,1,1,0,0,1.000,,,0,0,0.63,1.13,0.29,1.11,,,,,,,/1,,silsech01
1103,Louis Head,32,2TM,2LG,28,0,0,28.2,4,2,2,0,0,1.000,,,1,7,1.26,1.32,0.14,1.30,,,,,,,1,,headlo01
1104,Kaleb Ort,30,BOS,AL,25,0,0,28.1,2,1,1,0,1,1.000,,,-1,-7,0.64,1.14,0.08,1.12,,,,,,,1,,ortka01
1105,Colin Holderman,26,2TM,NL,24,0,0,28.1,5,5,0,0,0,1.000,,,0,0,1.59,1.37,0.21,1.34,,,,,,,1,,holdeco01
1106,Jandel Gustave,29,MIL,NL,27,0,0,28.0,2,1,1,0,0,1.000,,,0,0,0.64,1.35,0.07,1.34,,,,,,,1,,gustaja01
1107,Cody Poteet,27,MIA,NL,12,2,0,28.0,3,1,2,0,0,1.000,,,1,7,0.96,1.35,0.25,1.34,,,,,,,1,,poteeco01
1108,Rylan Bannon,26,2TM,2LG,4,3,3,28.0,14,3,11,0,1,1.000,0,17,-1,-43,4.50,2.80,3.50,3.03,,,,,,,/54D,,bannory01
1109,Sean Newcomb,29,2TM,NL,20,1,0,27.2,6,1,5,0,1,1.000,,,0,0,1.95,1.37,0.30,1.34,,,,,,,1,,newcose01
1110,Joe Smith,38,MIN,AL,34,0,0,27.1,5,1,4,0,0,1.000,,,1,7,1.65,1.12,0.15,1.12,,,,,,,1,,smithjo05
1111,Shane Baz,23,TBR,AL,6,6,0,27.0,3,3,0,0,0,1.000,,,0,0,1.00,1.13,0.50,1.12,,,,,,,/1,,bazsh01
1112,Alex Jackson,26,MIL,NL,4,3,2,27.0,34,34,0,0,0,1.000,0,0,0,0,11.33,9.13,8.50,8.98,0,0,0,0,,0,/2H,,jacksal02
1113,James Outman,25,LAD,NL,3,3,2,27.0,3,3,0,0,0,1.000,0,13,0,0,1.00,2.13,1.00,2.10,,,,,,,/79D,,outmaja01
1114,Hyun Jin Ryu,35,TOR,AL,6,6,0,27.0,2,0,2,0,0,1.000,,,0,0,0.67,1.13,0.33,1.12,,,,,,,/1,,ryuhy01
1115,Erich Uelmen,26,CHC,NL,25,0,0,27.0,3,2,0,1,0,.667,,,-2,-15,0.67,1.37,0.08,1.34,,,,,,,1,,uelmeer01
1116,Aaron Bummer,28,CHW,AL,32,0,0,26.2,2,0,2,0,0,1.000,,,-1,-8,0.68,1.15,0.06,1.12,,,,,,,1,,bummeaa01
1117,Julian Merryweather,30,TOR,AL,26,1,0,26.2,1,0,1,0,0,1.000,,,-1,-8,0.34,1.15,0.04,1.12,,,,,,,1,,merryju01
1118,Alex Young,28,2TM,2LG,25,1,0,26.2,4,3,1,0,1,1.000,,,-1,-8,1.35,1.35,0.16,1.33,,,,,,,1,,youngal01
1119,Anthony Banda,28,3TM,2LG,32,1,0,26.2,2,1,1,0,0,1.000,,,-1,-8,0.68,1.32,0.06,1.28,,,,,,,1,,bandaan01
1120,Ross Detwiler,36,CIN,NL,30,0,0,26.1,1,1,0,0,0,1.000,,,0,0,0.34,1.37,0.03,1.34,,,,,,,1,,detwiro01
1121,Josh Rogers,27,WSN,NL,16,3,0,26.1,3,0,3,0,0,1.000,,,1,8,1.03,1.37,0.19,1.34,,,,,,,1,,rogerjo01
1122,Chasen Shreve,31,NYM,NL,25,0,0,26.1,3,1,2,0,0,1.000,,,1,8,1.03,1.37,0.12,1.34,,,,,,,1,,shrevch01
1123,Nick Vespi,26,BAL,AL,25,0,0,26.1,4,1,3,0,1,1.000,,,0,0,1.37,1.13,0.16,1.12,,,,,,,1,,vespini01
1124,Willie Calhoun,27,TEX,AL,5,3,1,26.0,5,5,0,0,0,1.000,0,-18,0,0,1.73,2.22,1.00,2.20,,,,,,,D/7H,,calhowi01
1125,Travis Shaw,32,BOS,AL,3,3,3,26.0,25,24,1,0,1,1.000,-1,-28,-1,-46,8.65,8.27,8.33,8.17,,,,,,,/3DH,,shawtr01
1126,Louis Varland,24,MIN,AL,5,5,0,26.0,2,0,2,0,0,1.000,,,0,0,0.69,1.14,0.40,1.12,,,,,,,/1,,varlalo01
1127,Yerry de los Santos,24,PIT,NL,26,0,0,25.2,4,0,4,0,0,1.000,,,1,8,1.40,1.37,0.15,1.34,,,,,,,1,,delosye01
1128,Brendon Davis,24,DET,AL,3,3,3,25.1,3,1,2,0,0,1.000,0,-14,-1,-47,1.07,2.38,1.00,2.37,,,,,,,/95,,davisbr04
1129,Touki Toussaint,26,LAA,AL,8,2,0,25.1,0,0,0,0,0,,,,0,0,0.00,1.14,0.00,1.13,,,,,,,/1,,toussto01
1130,Ryan Borucki,28,2TM,AL,32,0,0,25.1,5,0,5,0,0,1.000,,,0,0,1.78,1.14,0.16,1.12,,,,,,,1,,borucry01
1131,Tim Beckham,32,MIN,AL,6,2,2,25.0,12,11,1,0,2,1.000,-1,-29,0,0,4.32,4.90,2.00,4.18,,,,,,,/H7D3,,beckhti01
1132,José Cisnero,33,DET,AL,28,0,0,25.0,2,0,2,0,0,1.000,,,1,8,0.72,1.12,0.07,1.12,,,,,,,1,,cisnejo01
1133,Sean Hjelle,25,SFG,NL,8,0,0,25.0,5,1,2,2,1,.600,,,0,0,1.08,1.37,0.38,1.34,,,,,,,/1,,hjellse01
1134,Trevor May,32,NYM,NL,26,0,0,25.0,3,2,1,0,0,1.000,,,0,0,1.08,1.37,0.12,1.34,,,,,,,1,,maytr01
1135,Hansel Robles,31,BOS,AL,26,0,0,24.2,0,0,0,0,0,,,,-1,-8,0.00,1.13,0.00,1.12,,,,,,,1,,robleha01
1136,Mason Thompson,24,WSN,NL,23,0,0,24.2,6,5,1,0,0,1.000,,,0,0,2.19,1.35,0.25,1.34,,,,,,,1,,thompma02
1137,Aaron Whitefield,25,LAA,AL,5,2,1,24.2,5,5,0,0,0,1.000,0,19,0,0,1.82,2.23,1.00,2.20,,,,,,,/987H,,whiteaa01
1138,J.P. Feyereisen,29,TBR,AL,22,2,0,24.1,1,1,0,0,0,1.000,,,0,0,0.37,1.15,0.05,1.12,,,,,,,1,,feyerjo01
1139,Daniel Hudson,35,LAD,NL,25,0,0,24.1,1,1,0,0,0,1.000,,,-1,-8,0.37,1.37,0.04,1.34,,,,,,,1,,hudsoda01
1140,Drey Jameson,24,ARI,NL,4,4,0,24.1,4,2,2,0,0,1.000,,,0,0,1.48,1.37,1.00,1.35,,,,,,,/1,,jamesdr01
1141,Miguel Yajure,24,PIT,NL,12,1,0,24.1,5,3,2,0,0,1.000,,,0,0,1.85,1.37,0.42,1.34,,,,,,,1,,yajurmi01
1142,Chase Anderson,34,CIN,NL,9,7,0,24.0,2,0,2,0,0,1.000,,,0,0,0.75,1.35,0.22,1.34,,,,,,,/1,,anderch01
1143,Jeff Brigham,30,MIA,NL,16,0,0,24.0,4,2,2,0,0,1.000,,,-1,-8,1.50,1.35,0.25,1.34,,,,,,,1,,brighje01
1144,Joe Dunand,26,MIA,NL,3,2,2,24.0,12,3,9,0,0,1.000,2,90,0,0,4.50,3.60,4.00,3.60,,,,,,,/45,,dunanjo01
1145,Pete Fairbanks,28,TBR,AL,24,0,0,24.0,8,7,1,0,0,1.000,,,0,0,3.00,1.13,0.33,1.12,,,,,,,1,,fairbpe01
1146,Tyler Kinley,31,COL,NL,25,0,0,24.0,4,2,1,1,0,.750,,,-2,-17,1.13,1.35,0.12,1.34,,,,,,,1,,kinlety01
1147,Travis Swaggerty,24,PIT,NL,4,3,2,24.0,2,1,0,1,0,.500,-1,-40,0,0,0.38,2.14,0.25,2.10,,,,,,,/7H8D,,swaggtr01
1148,Justin Bruihl,25,LAD,NL,24,0,0,23.2,7,2,4,1,0,.857,,,-1,-8,2.28,1.37,0.25,1.34,,,,,,,1,,bruihju01
1149,Trevor Kelley,29,MIL,NL,18,0,0,23.2,2,0,2,0,0,1.000,,,0,0,0.76,1.37,0.11,1.34,,,,,,,1,,kelletr01
1150,Adonis Medina,25,NYM,NL,14,0,0,23.2,11,5,5,1,0,.909,,,0,0,3.80,1.37,0.71,1.34,,,,,,,1,,medinad01
1151,Cody Morris,25,CLE,AL,7,5,0,23.2,3,2,1,0,1,1.000,,,0,0,1.14,1.14,0.43,1.11,,,,,,,/1,,morrico01
1152,Luis Perdomo,29,MIL,NL,14,0,0,23.2,6,2,3,1,0,.833,,,0,0,1.90,1.37,0.36,1.34,,,,,,,1,,perdolu02
1153,Ender Inciarte,31,NYM,NL,10,1,1,23.0,9,9,0,0,0,1.000,1,68,1,52,3.52,2.11,0.90,2.09,,,,,,,/7H89D,,inciaen01
1154,Jason Krizan,33,SFG,NL,3,3,2,23.0,4,4,0,0,0,1.000,0,5,0,0,1.57,2.11,1.33,2.10,,,,,,,/7,,krizaja01
1155,Garrett Cleavinger,28,2TM,2LG,17,0,0,23.0,1,0,1,0,0,1.000,,,0,0,0.39,1.13,0.06,1.18,,,,,,,1,,cleavga01
1156,Chi Chi González,30,3TM,2LG,7,5,0,23.0,4,1,3,0,0,1.000,,,1,9,1.57,1.25,0.57,1.24,,,,,,,/1,,gonzach01
1157,JT Chargois,31,TBR,AL,21,3,0,22.1,4,1,3,0,0,1.000,,,0,0,1.61,1.13,0.19,1.12,,,,,,,1,,chargjt01
1158,Tommy Hunter,35,NYM,NL,18,0,0,22.1,5,1,4,0,0,1.000,,,1,9,2.01,1.37,0.28,1.34,,,,,,,1,,hunteto02
1159,Corbin Martin,26,ARI,NL,7,2,0,22.1,3,2,1,0,0,1.000,,,-1,-9,1.21,1.37,0.43,1.34,,,,,,,/1,,martico02
1160,Chris Paddack,26,MIN,AL,5,5,0,22.1,2,0,1,1,0,.500,,,-1,-9,0.40,1.13,0.20,1.12,,,,,,,/1,,paddach01
1161,Josh Sborz,28,TEX,AL,19,1,0,22.1,1,0,0,1,0,.000,,,-1,-9,0.00,1.13,0.00,1.12,,,,,,,1,,sborzjo01
1162,Jacob Barnes,32,2TM,AL,23,0,0,22.1,6,1,5,0,1,1.000,,,1,9,2.42,1.13,0.26,1.12,,,,,,,1,,barneja01
1163,Eric Stout,29,2TM,NL,20,0,0,22.1,2,0,1,1,0,.500,,,0,0,0.40,1.37,0.05,1.34,,,,,,,1,,stouter01
1164,Beau Sulser,28,2TM,2LG,10,0,0,22.1,4,2,1,1,0,.750,,,0,0,1.21,1.25,0.30,1.21,,,,,,,1,,sulsebe01
1165,Stephen Nogosek,27,NYM,NL,12,0,0,22.0,5,4,1,0,0,1.000,,,0,0,2.05,1.35,0.42,1.34,,,,,,,1,,nogosst01
1166,Heath Hembree,33,2TM,NL,26,0,0,22.0,1,0,1,0,0,1.000,,,-1,-9,0.41,1.39,0.04,1.34,,,,,,,1,,hembrhe01
1167,Otto Lopez,23,TOR,AL,6,2,1,21.2,5,2,3,0,0,1.000,-1,-78,0,0,2.08,3.90,0.71,3.66,,,,,,,/6H48D,,lopezot01
1168,Darren O'Day,39,ATL,NL,28,0,0,21.2,3,1,2,0,1,1.000,,,0,0,1.25,1.37,0.11,1.34,,,,,,,1,,odayda01
1169,Drew VerHagen,31,STL,NL,19,0,0,21.2,4,1,3,0,0,1.000,,,1,9,1.66,1.37,0.21,1.34,,,,,,,1,,verhadr01
1170,Calvin Faucher,26,TBR,AL,22,0,0,21.1,1,0,1,0,0,1.000,,,-1,-9,0.42,1.14,0.05,1.12,,,,,,,1,,fauchca01
1171,Kolby Allard,24,TEX,AL,10,0,0,21.0,3,1,2,0,0,1.000,,,0,0,1.29,1.11,0.30,1.12,,,,,,,1,,allarko01
1172,Anthony Gose,31,CLE,AL,22,0,0,21.0,2,2,0,0,0,1.000,,,0,0,0.86,1.11,0.09,1.12,,,,,,,1,,gosean01
1173,Jackson Tetreault,26,WSN,NL,4,4,0,21.0,2,0,2,0,0,1.000,,,0,0,0.86,1.37,0.50,1.35,,,,,,,/1,,tetreja01
1174,Jesús Tinoco,27,TEX,AL,17,2,0,20.2,3,1,2,0,1,1.000,,,1,10,1.31,1.13,0.18,1.12,,,,,,,1,,tinocje01
1175,Hunter Brown,23,HOU,AL,7,2,0,20.1,3,1,2,0,0,1.000,,,0,0,1.33,1.11,0.43,1.11,,,,,,,/1,,brownhu01
1176,Bryan Garcia,27,DET,AL,4,4,0,20.1,1,0,1,0,0,1.000,,,0,0,0.44,1.11,0.25,1.13,,,,,,,/1,,garcibr01
1177,Ashton Goudeau,29,COL,NL,12,0,0,20.1,0,0,0,0,0,,,,-1,-10,0.00,1.37,0.00,1.34,,,,,,,1,,goudeas01
1178,Bennett Sousa,27,CHW,AL,25,0,0,20.1,2,0,0,2,0,.000,,,-2,-20,0.00,1.11,0.00,1.12,,,,,,,1,,sousabe01
1179,Kohei Arihara,29,TEX,AL,5,4,0,20.0,2,1,1,0,0,1.000,,,0,0,0.90,1.13,0.40,1.12,,,,,,,/1,,arihako01
1180,Terrance Gore,31,NYM,NL,6,1,1,20.0,5,5,0,0,0,1.000,-1,-36,0,0,2.25,2.12,0.83,2.08,,,,,,,/H78D,,gorete01
1181,Andrew Kittredge,32,TBR,AL,17,0,0,20.0,2,0,2,0,0,1.000,,,0,0,0.90,1.13,0.12,1.12,,,,,,,1,,kittran01
1182,Christian Lopes,29,OAK,AL,3,2,1,20.0,5,1,4,0,2,1.000,0,24,0,0,2.25,3.29,1.25,3.15,,,,,,,/4H79D,,lopesch01
1183,Luis Patiño,22,TBR,AL,6,6,0,20.0,5,3,2,0,0,1.000,,,0,0,2.25,1.13,0.83,1.12,,,,,,,/1,,patinlu01
1184,Edwin Ríos,28,LAD,NL,8,1,0,20.0,12,7,5,0,1,1.000,-1,-72,-1,-60,5.40,5.31,1.50,5.50,,,,,,,D/H35,,riosed01
1185,Tony Santillan,25,CIN,NL,21,0,0,19.2,3,0,2,1,0,.667,,,-1,-10,0.92,1.37,0.10,1.34,,,,,,,1,,santito01
1186,Derek Law,31,2TM,2LG,17,0,0,19.2,5,2,2,1,1,.800,,,-1,-10,1.83,1.37,0.24,1.31,,,,,,,1,,lawde01
1187,Anthony Bender,27,MIA,NL,22,0,0,19.1,4,3,1,0,0,1.000,,,-1,-10,1.86,1.35,0.18,1.34,,,,,,,1,,bendean01
1188,Gabe Speier,27,KCR,AL,17,1,0,19.1,3,2,1,0,1,1.000,,,0,0,1.40,1.12,0.18,1.12,,,,,,,1,,speiega01
1189,Austin Dean,28,SFG,NL,3,2,1,19.0,4,4,0,0,0,1.000,0,13,0,0,1.89,2.13,1.33,2.10,,,,,,,/79H,,deanau01
1190,Anthony DeSclafani,32,SFG,NL,5,5,0,19.0,1,1,0,0,0,1.000,,,-1,-11,0.47,1.37,0.20,1.34,,,,,,,/1,,desclan01
1191,Freddy Fermin,27,KCR,AL,3,2,0,19.0,17,16,1,0,0,1.000,1,63,0,0,8.05,8.95,5.67,8.83,0,0,0,1,100.0,0,/2,,fermifr01
1192,Norge Ruíz,28,OAK,AL,14,0,0,19.0,2,1,1,0,0,1.000,,,0,0,0.95,1.14,0.14,1.12,,,,,,,1,,ruizno01
1193,Jared Young,26,CHC,NL,3,2,1,19.0,17,17,0,0,2,1.000,0,0,0,0,8.05,7.48,5.67,6.27,,,,,,,/D39H,,youngja02
1194,Tyler Thornburg,33,2TM,2LG,14,0,0,19.0,3,1,2,0,0,1.000,,,0,0,1.42,1.23,0.21,1.26,,,,,,,1,,thornty01
1195,Archie Bradley,29,LAA,AL,21,0,0,18.2,0,0,0,0,0,,,,-2,-21,0.00,1.11,0.00,1.12,,,,,,,1,,bradlar01
1196,Junior Fernández,25,2TM,NL,16,0,0,18.2,1,0,1,0,0,1.000,,,0,0,0.48,1.35,0.06,1.34,,,,,,,1,,fernaju01
1197,Ronald Bolaños,25,KCR,AL,8,0,0,18.1,5,2,3,0,0,1.000,,,2,22,2.45,1.13,0.63,1.13,,,,,,,/1,,bolanro01
1198,Anderson Espinoza,24,CHC,NL,7,0,0,18.1,0,0,0,0,0,,,,-1,-11,0.00,1.37,0.00,1.34,,,,,,,/1,,espinan01
1199,Ryne Nelson,24,ARI,NL,3,3,0,18.1,4,1,2,1,0,.750,,,1,11,1.47,1.37,1.00,1.33,,,,,,,/1,,nelsory01
1200,Connor Seabold,26,BOS,AL,5,5,0,18.1,1,0,1,0,0,1.000,,,0,0,0.49,1.13,0.20,1.12,,,,,,,/1,,seaboco01
1201,Sam Selman,31,OAK,AL,16,0,0,18.1,5,3,2,0,0,1.000,,,0,0,2.45,1.13,0.31,1.12,,,,,,,1,,selmasa01
1202,Narciso Crook,26,CHC,NL,3,2,1,18.0,4,4,0,0,0,1.000,0,-7,-1,-67,2.00,2.10,1.33,2.10,,,,,,,/9H8,,crookna01
1203,Wilmer Difo,30,ARI,NL,3,2,1,18.0,6,3,3,0,0,1.000,0,-13,0,0,3.00,4.00,2.00,3.90,,,,,,,/64,,difowi01
1204,Brandon Dixon,30,SDP,NL,2,2,1,18.0,4,1,3,0,0,1.000,1,53,1,67,2.00,2.50,1.33,2.47,,,,,,,/D59H,,dixonbr01
1205,Grayson Greiner,29,ARI,NL,2,2,2,18.0,17,15,1,1,0,.941,-1,-67,0,0,8.00,9.10,8.00,8.95,0,2,1,0,0.0,0,/2,,greingr01
1206,Casey Lawrence,34,TOR,AL,6,0,0,18.0,4,2,2,0,0,1.000,,,0,0,2.00,1.15,0.67,1.12,,,,,,,/1,,lawreca01
1207,Chad Smith,27,COL,NL,15,0,0,18.0,1,0,0,1,0,.000,,,-3,-33,0.00,1.35,0.00,1.34,,,,,,,1,,smithch12
1208,Sergio Romo,39,2TM,AL,23,0,0,18.0,2,0,2,0,0,1.000,,,0,0,1.00,1.15,0.09,1.12,,,,,,,1,,romose01
1209,Yennier Cano,28,2TM,AL,13,0,0,18.0,5,2,3,0,0,1.000,,,0,0,2.50,1.10,0.38,1.12,,,,,,,1,,canoye01
1210,Javy Guerra,26,2TM,2LG,18,0,0,18.0,3,1,2,0,0,1.000,,,0,0,1.50,1.15,0.17,1.13,,,,,,,1,,guerrja02
1211,Adam Kolarek,33,OAK,AL,15,0,0,17.2,5,2,3,0,0,1.000,,,1,11,2.55,1.12,0.33,1.12,,,,,,,1,,kolarad01
1212,Alec Mills,30,CHC,NL,7,2,0,17.2,2,1,1,0,0,1.000,,,1,11,1.02,1.38,0.29,1.34,,,,,,,/1,,millsal02
1213,Scott Alexander,32,SFG,NL,17,4,0,17.1,7,2,5,0,1,1.000,,,1,12,3.63,1.35,0.41,1.34,,,,,,,1,,alexasc02
1214,Logan Gillaspie,25,BAL,AL,17,0,0,17.1,1,0,1,0,0,1.000,,,0,0,0.52,1.14,0.06,1.12,,,,,,,1,,gillalo01
1215,James Norwood,28,PHI,NL,20,0,0,17.1,1,1,0,0,0,1.000,,,0,0,0.52,1.35,0.05,1.34,,,,,,,1,,norwoja01
1216,Elvis Peguero,25,LAA,AL,13,0,0,17.1,2,0,2,0,0,1.000,,,0,0,1.04,1.14,0.15,1.12,,,,,,,1,,pegueel01
1217,Taylor Widener,27,ARI,NL,14,0,0,17.1,1,1,0,0,0,1.000,,,0,0,0.52,1.35,0.07,1.34,,,,,,,1,,widenta01
1218,Dairon Blanco,29,KCR,AL,3,2,1,17.0,6,6,0,0,0,1.000,1,64,0,0,3.18,2.22,2.00,2.20,,,,,,,/8HD,,blancda02
1219,Luis Frías,24,ARI,NL,15,0,0,17.0,0,0,0,0,0,,,,-1,-12,0.00,1.38,0.00,1.34,,,,,,,1,,friaslu01
1220,Keynan Middleton,28,ARI,NL,18,0,0,17.0,3,1,2,0,0,1.000,,,0,0,1.59,1.38,0.17,1.34,,,,,,,1,,middlke01
1221,Domingo Tapia,30,OAK,AL,11,0,0,17.0,3,0,3,0,1,1.000,,,-1,-12,1.59,1.11,0.27,1.12,,,,,,,1,,tapiado01
1222,Edwin Uceta,24,ARI,NL,10,0,0,17.0,3,1,2,0,0,1.000,,,1,12,1.59,1.38,0.30,1.34,,,,,,,1,,ucetaed01
1223,Tommy Milone,35,SEA,AL,7,0,0,16.2,1,1,0,0,0,1.000,,,0,0,0.54,1.13,0.14,1.11,,,,,,,/1,,milonto01
1224,Jake Reed,29,3TM,2LG,18,0,0,16.2,3,0,2,1,0,.667,,,0,0,1.08,1.30,0.11,1.24,,,,,,,1,,reedja02
1225,Eduard Bazardo,26,BOS,AL,12,0,0,16.1,5,2,3,0,0,1.000,,,0,0,2.76,1.10,0.42,1.12,,,,,,,1,,bazared01
1226,Jacob Lemoine,28,OAK,AL,9,0,0,16.1,1,0,1,0,0,1.000,,,0,0,0.55,1.10,0.11,1.12,,,,,,,/1,,lemoija01
1227,Mauricio Llovera,26,SFG,NL,17,1,0,16.1,2,0,2,0,0,1.000,,,0,0,1.10,1.38,0.12,1.34,,,,,,,1,,llovema01
1228,Cody Stashak,28,MIN,AL,11,0,0,16.1,2,0,2,0,0,1.000,,,1,12,1.10,1.10,0.18,1.12,,,,,,,1,,stashco01
1229,Phillips Valdéz,30,BOS,AL,13,0,0,16.1,3,1,2,0,0,1.000,,,0,0,1.65,1.10,0.23,1.12,,,,,,,1,,valdeph01
1230,JoJo Romero,25,2TM,NL,17,0,0,16.1,2,0,2,0,1,1.000,,,1,12,1.10,1.38,0.12,1.34,,,,,,,1,,romerjo01
1231,Ronald Guzmán,27,NYY,AL,3,1,1,16.0,17,16,1,0,1,1.000,0,-30,0,0,9.56,8.27,5.67,8.17,,,,,,,/3,,guzmaro01
1232,Mickey McDonald,27,OAK,AL,2,2,1,16.0,2,2,0,0,0,1.000,1,38,0,0,1.13,2.25,1.00,2.20,,,,,,,/H89D,,mcdonmi01
1233,Luis Ortiz,23,PIT,NL,4,4,0,16.0,1,0,1,0,0,1.000,,,0,0,0.56,1.35,0.25,1.35,,,,,,,/1,,ortizlu03
1234,Blake Taylor,26,HOU,AL,19,0,0,16.0,1,1,0,0,0,1.000,,,0,0,0.56,1.13,0.05,1.12,,,,,,,1,,taylobl01
1235,Austin Warren,26,LAA,AL,14,0,0,16.0,3,1,2,0,0,1.000,,,0,0,1.69,1.13,0.21,1.12,,,,,,,1,,warreau01
1236,Robert Dugger,26,2TM,2LG,4,1,0,16.0,1,1,0,0,0,1.000,,,0,0,0.56,1.29,0.25,1.28,,,,,,,/1,,duggero01
1237,Kyle Crick,29,CHW,AL,14,0,0,15.2,6,1,4,1,1,.833,,,2,26,2.87,1.15,0.36,1.12,,,,,,,1,,crickky01
1238,Jackson Kowar,25,KCR,AL,7,0,0,15.2,4,0,4,0,0,1.000,,,0,0,2.30,1.15,0.57,1.11,,,,,,,/1,,kowarja01
1239,José Álvarez,33,SFG,NL,21,0,0,15.1,3,1,2,0,0,1.000,,,0,0,1.76,1.35,0.14,1.34,,,,,,,1,,alvarjo02
1240,Jhonathan Díaz,25,LAA,AL,4,3,0,15.1,0,0,0,0,0,,,,0,0,0.00,1.12,0.00,1.13,,,,,,,/1,,diazjh01
1241,Justin Grimm,33,OAK,AL,15,0,0,15.1,4,1,3,0,0,1.000,,,1,13,2.35,1.12,0.27,1.12,,,,,,,1,,grimmju01
1242,Robert Gsellman,28,CHC,NL,8,0,0,15.1,3,1,2,0,0,1.000,,,0,0,1.76,1.35,0.38,1.34,,,,,,,/1,,gsellro01
1243,Jeremy Beasley,26,TOR,AL,9,0,0,15.0,3,2,1,0,0,1.000,,,1,13,1.80,1.14,0.33,1.12,,,,,,,/1,,beaslje01
1244,Chad Green,31,NYY,AL,14,0,0,15.0,1,0,1,0,0,1.000,,,0,0,0.60,1.14,0.07,1.12,,,,,,,1,,greench03
1245,Deven Marrero,31,NYM,NL,4,1,1,15.0,4,2,2,0,1,1.000,-1,-48,0,0,2.40,3.24,1.00,3.55,,,,,,,/65DH,,marrede01
1246,Luke Bard,31,2TM,AL,9,0,0,15.0,4,1,3,0,0,1.000,,,0,0,2.40,1.14,0.44,1.12,,,,,,,/1,,bardlu01
1247,Thomas Szapucki,26,2TM,NL,11,1,0,15.0,2,0,2,0,0,1.000,,,0,0,1.20,1.38,0.18,1.34,,,,,,,1,,szaputh01
1248,Luke Farrell,31,2TM,NL,6,2,0,15.0,1,0,1,0,0,1.000,,,0,0,0.60,1.38,0.17,1.35,,,,,,,/1,,farrelu01
1249,Fernando Cruz,32,CIN,NL,14,2,0,14.2,1,0,1,0,0,1.000,,,-1,-14,0.61,1.35,0.07,1.34,,,,,,,1,,cruzfe01
1250,Andrew Nardi,23,MIA,NL,13,0,0,14.2,0,0,0,0,0,,,,-1,-14,0.00,1.35,0.00,1.34,,,,,,,1,,nardian01
1251,Phoenix Sanders,27,TBR,AL,8,0,0,14.2,0,0,0,0,0,,,,0,0,0.00,1.10,0.00,1.13,,,,,,,/1,,sandeph01
1252,Chris Devenski,31,2TM,NL,13,0,0,14.2,0,0,0,0,0,,,,-1,-14,0.00,1.35,0.00,1.34,,,,,,,1,,devench02
1253,Pierce Johnson,31,SDP,NL,15,0,0,14.1,2,1,1,0,0,1.000,,,-1,-14,1.26,1.38,0.13,1.34,,,,,,,1,,johnspi01
1254,Drew Steckenrider,31,SEA,AL,16,0,0,14.1,5,3,2,0,0,1.000,,,0,0,3.14,1.13,0.31,1.12,,,,,,,1,,steckdr01
1255,Mario Feliciano,23,MIL,NL,2,2,0,14.0,14,12,2,0,1,1.000,0,0,0,0,9.00,9.13,7.00,8.95,0,1,2,1,33.3,0,/2,,felicma01
1256,Taylor Motter,32,CIN,NL,2,2,0,14.0,7,1,3,3,0,.571,-2,-206,-1,-86,2.57,2.89,1.33,3.13,,,,,,,/54,,motteta01
1257,Bo Naylor,22,CLE,AL,4,0,0,14.0,18,16,2,0,0,1.000,-1,-86,0,0,11.57,8.94,4.50,8.83,0,2,3,1,25.0,0,/2D,,naylobo01
1258,Canaan Smith-Njigba,23,PIT,NL,2,2,1,14.0,4,4,0,0,0,1.000,0,-9,-1,-86,2.57,2.12,2.00,2.10,,,,,,,/7H,,smithca05
1259,Jimmy Yacabonis,30,2TM,2LG,14,1,0,14.0,2,1,0,1,1,.500,,,0,0,0.64,1.29,0.07,1.26,,,,,,,1,,yacabji01
1260,DL Hall,23,BAL,AL,11,1,0,13.2,0,0,0,0,0,,,,-1,-15,0.00,1.12,0.00,1.12,,,,,,,1,,halldl01
1261,Zack Kelly,27,BOS,AL,13,0,0,13.2,3,1,2,0,0,1.000,,,0,0,1.98,1.12,0.23,1.12,,,,,,,1,,kellyza01
1262,Reiss Knehr,25,SDP,NL,5,1,0,13.2,3,1,2,0,0,1.000,,,1,15,1.98,1.38,0.60,1.34,,,,,,,/1,,knehrre01
1263,Manuel Rodríguez,25,CHC,NL,14,0,0,13.2,1,0,1,0,0,1.000,,,0,0,0.66,1.38,0.07,1.34,,,,,,,1,,rodrima01
1264,Adbert Alzolay,27,CHC,NL,6,0,0,13.1,3,1,2,0,0,1.000,,,1,15,2.03,1.35,0.50,1.33,,,,,,,/1,,alzolad01
1265,Matthew Boyd,31,SEA,AL,10,0,0,13.1,4,2,2,0,0,1.000,,,0,0,2.70,1.15,0.40,1.12,,,,,,,1,,boydma01
1266,Anthony Castro,27,CLE,AL,12,0,0,13.1,2,0,2,0,0,1.000,,,0,0,1.35,1.15,0.17,1.12,,,,,,,1,,castran02
1267,Jake Cousins,27,MIL,NL,12,0,0,13.1,3,2,1,0,0,1.000,,,0,0,2.03,1.35,0.25,1.34,,,,,,,1,,cousija01
1268,Miguel Sánchez,28,MIL,NL,12,0,0,13.1,3,2,1,0,1,1.000,,,0,0,2.03,1.35,0.25,1.34,,,,,,,1,,sanchmi01
1269,Zack Weiss,30,LAA,AL,12,0,0,13.1,2,1,0,1,0,.500,,,0,0,0.68,1.15,0.08,1.12,,,,,,,1,,weissza01
1270,Tyler Cyr,29,2TM,2LG,12,0,0,13.1,2,1,1,0,0,1.000,,,0,0,1.35,1.08,0.17,1.13,,,,,,,1,,cyrty01
1271,Francisco Alvarez,20,NYM,NL,2,1,1,13.0,12,12,0,0,0,1.000,0,0,0,0,8.31,9.14,6.00,8.95,0,0,0,0,,0,/D2H,,alvarfr01
1272,Matt Gage,29,TOR,AL,11,0,0,13.0,0,0,0,0,0,,,,0,0,0.00,1.11,0.00,1.12,,,,,,,1,,gagema01
1273,Mark Vientos,22,NYM,NL,2,1,1,13.0,2,0,2,0,1,1.000,0,0,0,0,1.38,2.70,1.00,2.65,,,,,,,D/H5,,vientma01
1274,Paul Fry,29,2TM,2LG,13,0,0,13.0,2,1,1,0,0,1.000,,,0,0,1.38,1.18,0.15,1.13,,,,,,,1,,frypa01
1275,Sam Coonrod,29,PHI,NL,12,0,0,12.2,2,1,0,1,0,.500,,,0,0,0.71,1.35,0.08,1.34,,,,,,,1,,coonrsa01
1276,Ángel De Jesús,25,DET,AL,8,0,0,12.2,3,1,2,0,0,1.000,,,0,0,2.13,1.14,0.38,1.13,,,,,,,/1,,dejesan01
1277,Bryan Hoeing,25,MIA,NL,8,1,0,12.2,4,1,3,0,0,1.000,,,1,16,2.84,1.35,0.50,1.34,,,,,,,/1,,hoeinbr01
1278,Tommy Kahnle,32,LAD,NL,13,0,0,12.2,6,4,2,0,0,1.000,,,0,0,4.26,1.35,0.46,1.34,,,,,,,1,,kahnlto01
1279,Kodi Whitley,27,STL,NL,14,0,0,12.2,4,2,2,0,0,1.000,,,0,0,2.84,1.35,0.29,1.34,,,,,,,1,,whitlko01
1280,Brandon Bielak,26,HOU,AL,5,0,0,12.1,0,0,0,0,0,,,,0,0,0.00,1.09,0.00,1.12,,,,,,,/1,,bielabr01
1281,Danny Coulombe,32,MIN,AL,10,0,0,12.1,2,1,1,0,0,1.000,,,0,0,1.46,1.09,0.20,1.12,,,,,,,1,,couloda01
1282,Kyle Muller,24,ATL,NL,3,3,0,12.1,1,0,1,0,0,1.000,,,-1,-16,0.73,1.39,0.33,1.33,,,,,,,/1,,mulleky01
1283,Kervin Castro,23,2TM,NL,10,0,0,12.1,2,0,1,1,0,.500,,,0,0,0.73,1.39,0.10,1.34,,,,,,,1,,castrke01
1284,Vinny Capra,25,TOR,AL,3,2,0,12.0,1,0,1,0,0,1.000,0,20,0,0,0.75,2.40,0.33,2.83,,,,,,,/HD479,,capravi01
1285,Brewer Hicklen,26,KCR,AL,5,1,0,12.0,2,2,0,0,0,1.000,0,40,0,0,1.50,2.25,0.40,2.20,,,,,,,/H798,,hicklbr01
1286,Tayler Scott,30,SDP,NL,8,0,0,12.0,1,0,1,0,0,1.000,,,0,0,0.75,1.35,0.13,1.34,,,,,,,/1,,scottta02
1287,Aaron Fletcher,26,PIT,NL,9,0,0,11.2,1,0,1,0,0,1.000,,,0,0,0.77,1.39,0.11,1.34,,,,,,,/1,,fletcaa01
1288,Ronny Henriquez,22,MIN,AL,3,0,0,11.2,5,3,1,1,0,.800,,,1,17,3.09,1.16,1.33,1.13,,,,,,,/1,,henriro01
1289,Justus Sheffield,26,SEA,AL,6,1,0,11.2,0,0,0,0,0,,,,0,0,0.00,1.16,0.00,1.12,,,,,,,/1,,sheffju01
1290,Caleb Kilian,25,CHC,NL,3,3,0,11.1,2,0,2,0,0,1.000,,,0,0,1.59,1.35,0.67,1.33,,,,,,,/1,,kiliaca01
1291,Greg Weissert,27,NYY,AL,12,0,0,11.1,2,1,0,1,0,.500,,,-1,-18,0.79,1.11,0.08,1.12,,,,,,,1,,weissgr01
1292,Jake Fishman,27,MIA,NL,7,0,0,11.0,1,0,1,0,1,1.000,,,0,0,0.82,1.39,0.14,1.34,,,,,,,/1,,fishmja01
1293,Dusten Knight,31,TBR,AL,6,0,0,11.0,3,0,3,0,0,1.000,,,1,18,2.45,1.15,0.50,1.12,,,,,,,/1,,knighdu01
1294,Yoan López,29,NYM,NL,8,0,0,11.0,2,2,0,0,0,1.000,,,0,0,1.64,1.39,0.25,1.34,,,,,,,/1,,lopezyo01
1295,José Marte,26,LAA,AL,11,0,0,11.0,0,0,0,0,0,,,,0,0,0.00,1.15,0.00,1.12,,,,,,,1,,martejo01
1296,Angel Zerpa,22,KCR,AL,3,2,0,11.0,2,0,1,1,0,.500,,,-1,-18,0.82,1.15,0.33,1.13,,,,,,,/1,,zerpaan01
1297,Tyson Miller,26,TEX,AL,4,2,0,10.2,3,1,2,0,1,1.000,,,1,19,2.53,1.10,0.75,1.13,,,,,,,/1,,millety01
1298,Kenny Rosenberg,26,LAA,AL,3,1,0,10.2,0,0,0,0,0,,,,0,0,0.00,1.10,0.00,1.13,,,,,,,/1,,rosenke01
1299,Ryan Weber,31,NYY,AL,5,0,0,10.2,4,3,1,0,0,1.000,,,1,19,3.38,1.10,0.80,1.12,,,,,,,/1,,weberry01
1300,T.J. Zeuch,26,CIN,NL,3,3,0,10.2,5,3,2,0,0,1.000,,,0,0,4.22,1.35,1.67,1.33,,,,,,,/1,,zeuchtj01
1301,Mark Appel,30,PHI,NL,6,0,0,10.1,0,0,0,0,0,,,,-1,-19,0.00,1.39,0.00,1.33,,,,,,,/1,,appelma01
1302,Travis Lakins Sr.,28,BAL,AL,6,0,0,10.1,2,1,1,0,0,1.000,,,0,0,1.74,1.13,0.33,1.12,,,,,,,/1,,lakintr01
1303,Casey Mize,25,DET,AL,2,2,0,10.0,3,0,3,0,0,1.000,,,-1,-20,2.70,1.17,1.50,1.10,,,,,,,/1,,mizeca01
1304,Sean Reid-Foley,26,NYM,NL,7,0,0,10.0,0,0,0,0,0,,,,0,0,0.00,1.35,0.00,1.34,,,,,,,/1,,reidfse01
1305,Marcus Wilson,25,SEA,AL,2,1,0,10.0,2,2,0,0,0,1.000,0,-24,0,0,1.80,2.25,1.00,2.20,,,,,,,/9H8D,,wilsoma02
1306,Matt Peacock,28,2TM,2LG,9,0,0,10.0,1,0,1,0,0,1.000,,,0,0,0.90,1.17,0.11,1.17,,,,,,,/1,,peacoma01
1307,Andre Jackson,26,LAD,NL,4,0,0,9.2,2,1,1,0,0,1.000,,,0,0,1.86,1.40,0.50,1.35,,,,,,,/1,,jacksan01
1308,Drew Jackson,28,OAK,AL,3,1,0,9.2,2,2,0,0,0,1.000,-1,-124,0,0,1.86,2.33,0.50,2.33,,,,,,,/957H,,jacksdr01
1309,Juan Minaya,31,MIN,AL,6,0,0,9.2,1,1,0,0,0,1.000,,,0,0,0.93,1.12,0.17,1.12,,,,,,,/1,,minayju01
1310,Collin Wiles,28,OAK,AL,4,0,0,9.2,1,1,0,0,0,1.000,,,-1,-21,0.93,1.12,0.25,1.13,,,,,,,/1,,wilesco01
1311,Aaron Brooks,32,STL,NL,5,0,0,9.1,2,0,2,0,0,1.000,,,0,0,1.93,1.35,0.40,1.34,,,,,,,/1,,brookaa01
1312,Xzavion Curry,23,CLE,AL,2,2,0,9.1,2,1,1,0,0,1.000,,,0,0,1.93,1.16,1.00,1.10,,,,,,,/1,,curryxz01
1313,Reed Garrett,29,WSN,NL,7,0,0,9.1,1,0,0,1,0,.000,,,0,0,0.00,1.35,0.00,1.34,,,,,,,/1,,garrere01
1314,Anthony Alford,27,PIT,NL,2,1,0,9.0,1,1,0,0,0,1.000,-2,-227,0,0,1.00,2.10,0.50,2.10,,,,,,,/789,,alforan01
1315,Kyle Barraclough,32,LAA,AL,8,0,0,9.0,2,1,1,0,0,1.000,,,0,0,2.00,1.10,0.25,1.13,,,,,,,/1,,barraky01
1316,Rob Brantly,32,NYY,AL,1,1,1,9.0,9,9,0,0,0,1.000,0,0,0,0,9.00,8.90,9.00,8.80,0,0,0,0,,0,/2,,brantro01
1317,Steven Brault,30,CHC,NL,9,0,0,9.0,0,0,0,0,0,,,,0,0,0.00,1.40,0.00,1.34,,,,,,,/1,,braulst01
1318,Ryan Burr,28,CHW,AL,8,0,0,9.0,2,1,0,1,0,.500,,,-1,-22,1.00,1.10,0.13,1.13,,,,,,,/1,,burrry01
1319,Tyler Holton,26,ARI,NL,10,0,0,9.0,0,0,0,0,0,,,,0,0,0.00,1.40,0.00,1.34,,,,,,,1,,holtoty01
1320,James Naile,29,STL,NL,7,0,0,9.0,5,3,2,0,0,1.000,,,0,0,5.00,1.40,0.71,1.34,,,,,,,/1,,naileja01
1321,Liover Peguero,21,PIT,NL,1,1,1,9.0,5,2,3,0,0,1.000,0,0,1,133,5.00,3.90,5.00,3.80,,,,,,,/6,,pegueli01
1322,JT Riddle,30,CIN,NL,1,1,1,9.0,6,2,4,0,0,1.000,1,93,0,0,6.00,2.70,6.00,2.70,,,,,,,/5H,,riddljt01
1323,Chadwick Tromp,27,ATL,NL,1,1,1,9.0,7,6,0,1,0,.857,-1,-133,0,0,6.00,9.10,6.00,9.00,0,1,1,0,0.0,0,/2,,trompch01
1324,Tony Wolters,30,LAD,NL,2,1,1,9.0,6,5,1,0,0,1.000,0,0,0,0,6.00,8.60,3.00,6.55,0,0,1,0,0.0,0,/24DH,,wolteto01
1325,Drew Carlton,26,DET,AL,5,0,0,8.2,0,0,0,0,0,,,,0,0,0.00,1.14,0.00,1.12,,,,,,,/1,,carltdr01
1326,Jesús Cruz,27,ATL,NL,7,0,0,8.2,1,1,0,0,0,1.000,,,0,0,1.04,1.35,0.14,1.34,,,,,,,/1,,cruzje01
1327,Evan Lee,25,WSN,NL,4,1,0,8.2,1,0,1,0,0,1.000,,,0,0,1.04,1.35,0.25,1.35,,,,,,,/1,,leeev01
1328,Luis Ortiz,26,SFG,NL,6,0,0,8.2,2,0,2,0,0,1.000,,,0,0,2.08,1.35,0.33,1.33,,,,,,,/1,,ortizlu02
1329,Francisco Pérez,24,WSN,NL,10,0,0,8.2,1,1,0,0,0,1.000,,,0,0,1.04,1.35,0.10,1.34,,,,,,,1,,perezfr01
1330,Cam Vieaux,28,PIT,NL,8,0,0,8.2,0,0,0,0,0,,,,0,0,0.00,1.35,0.00,1.34,,,,,,,/1,,vieauca01
1331,Andrew Vasquez,28,2TM,2LG,10,0,0,8.2,1,1,0,0,0,1.000,,,-1,-23,1.04,1.14,0.10,1.14,,,,,,,1,,vasquan02
1332,Ryan Hendrix,27,CIN,NL,9,0,0,8.1,1,0,1,0,0,1.000,,,0,0,1.08,1.40,0.11,1.34,,,,,,,/1,,hendrry01
1333,Janson Junk,26,LAA,AL,3,2,0,8.1,1,1,0,0,0,1.000,,,-1,-24,1.08,1.08,0.33,1.13,,,,,,,/1,,junkja01
1334,Jared Solomon,25,CIN,NL,9,0,0,8.1,0,0,0,0,0,,,,0,0,0.00,1.40,0.00,1.34,,,,,,,/1,,solomja01
1335,Tommy Romero,24,2TM,2LG,4,2,0,8.1,1,0,1,0,0,1.000,,,0,0,1.08,1.30,0.25,1.18,,,,,,,/1,,romerto01
1336,Rico Garcia,28,BAL,AL,6,0,0,8.0,0,0,0,0,0,,,,-1,-25,0.00,1.13,0.00,1.12,,,,,,,/1,,garciri01
1337,John Means,29,BAL,AL,2,2,0,8.0,0,0,0,0,0,,,,0,0,0.00,1.13,0.00,1.10,,,,,,,/1,,meansjo01
1338,Nate Mondou,27,OAK,AL,1,1,0,8.0,0,0,0,0,0,,-1,-75,0,0,0.00,4.16,0.00,4.10,,,,,,,/4,,mondona01
1339,Roenis Elías,33,SEA,AL,7,0,0,7.2,2,0,2,0,0,1.000,,,0,0,2.35,1.17,0.29,1.11,,,,,,,/1,,eliasro01
1340,Denyi Reyes,25,BAL,AL,3,1,0,7.2,1,0,1,0,0,1.000,,,0,0,1.17,1.17,0.33,1.13,,,,,,,/1,,reyesde02
1341,Ethan Roberts,24,CHC,NL,9,0,0,7.2,1,0,1,0,0,1.000,,,0,0,1.17,1.41,0.11,1.34,,,,,,,/1,,roberet01
1342,Dereck Rodríguez,30,MIN,AL,2,0,0,7.2,1,1,0,0,0,1.000,,,0,0,1.17,1.17,0.50,1.10,,,,,,,/1,,rodride01
1343,Logan Allen,25,2TM,AL,7,0,0,7.2,2,0,2,0,0,1.000,,,0,0,2.35,1.17,0.29,1.13,,,,,,,/1,,allenlo01
1344,Hunter Gaddis,24,CLE,AL,2,2,0,7.1,2,0,2,0,0,1.000,,,0,0,2.45,1.10,1.00,1.10,,,,,,,/1,,gaddihu01
1345,Parker Mushinski,26,HOU,AL,7,0,0,7.1,1,1,0,0,0,1.000,,,0,0,1.23,1.10,0.14,1.11,,,,,,,/1,,mushipa01
1346,Michael Plassmeyer,25,PHI,NL,2,0,0,7.1,1,0,1,0,1,1.000,,,0,0,1.23,1.35,0.50,1.35,,,,,,,/1,,plassmi01
1347,Anderson Severino,27,CHW,AL,6,0,0,7.1,3,0,2,1,0,.667,,,1,27,2.45,1.10,0.33,1.12,,,,,,,/1,,severan01
1348,Justin Topa,31,MIL,NL,7,0,0,7.1,5,1,4,0,0,1.000,,,-1,-27,6.14,1.35,0.71,1.34,,,,,,,/1,,topaju01
1349,A.J. Alexy,24,TEX,AL,4,0,0,7.0,2,0,1,1,0,.500,,,-1,-29,1.29,1.16,0.25,1.13,,,,,,,/1,,alexyaj01
1350,Yonny Chirinos,28,TBR,AL,2,1,0,7.0,0,0,0,0,0,,,,0,0,0.00,1.16,0.00,1.10,,,,,,,/1,,chiriyo01
1351,Kevin Herget,31,TBR,AL,3,0,0,7.0,1,0,1,0,0,1.000,,,0,0,1.29,1.16,0.33,1.13,,,,,,,/1,,hergeke01
1352,Gavin Hollowell,24,COL,NL,6,0,0,7.0,1,1,0,0,0,1.000,,,0,0,1.29,1.41,0.17,1.33,,,,,,,/1,,holloga01
1353,Daniel Mengden,29,KCR,AL,5,1,0,7.0,3,3,0,0,0,1.000,,,0,0,3.86,1.16,0.60,1.12,,,,,,,/1,,mengdda01
1354,Shelby Miller,31,SFG,NL,4,0,0,7.0,0,0,0,0,0,,,,0,0,0.00,1.41,0.00,1.35,,,,,,,/1,,millesh01
1355,Spencer Patton,34,TEX,AL,7,0,0,7.0,1,1,0,0,0,1.000,,,0,0,1.29,1.16,0.14,1.11,,,,,,,/1,,pattosp01
1356,Eguy Rosario,22,SDP,NL,5,0,0,7.0,3,1,2,0,0,1.000,0,-51,1,171,3.86,3.21,0.50,3.03,,,,,,,/H56D,,rosareg01
1357,Kirby Yates,35,ATL,NL,9,0,0,7.0,1,1,0,0,0,1.000,,,0,0,1.29,1.41,0.11,1.34,,,,,,,/1,,yateski01
1358,Austin Brice,30,PIT,NL,4,0,0,6.2,1,0,1,0,0,1.000,,,0,0,1.35,1.35,0.25,1.35,,,,,,,/1,,briceau01
1359,Tyler Glasnow,28,TBR,AL,2,2,0,6.2,0,0,0,0,0,,,,0,0,0.00,1.08,0.00,1.10,,,,,,,/1,,glasnty01
1360,Darwinzon Hernández,25,BOS,AL,7,0,0,6.2,1,0,1,0,0,1.000,,,0,0,1.35,1.08,0.14,1.11,,,,,,,/1,,hernada02
1361,Lucas Sims,28,CIN,NL,6,0,0,6.2,2,2,0,0,0,1.000,,,0,0,2.70,1.35,0.33,1.33,,,,,,,/1,,simslu01
1362,Huascar Ynoa,24,ATL,NL,2,2,0,6.2,3,1,2,0,0,1.000,,,1,30,4.05,1.35,1.50,1.35,,,,,,,/1,,ynoahu01
1363,David McKay,27,3TM,AL,4,0,0,6.2,1,1,0,0,0,1.000,,,0,0,1.35,1.22,0.25,1.10,,,,,,,/1,,mckayda02
1364,Ronel Blanco,28,HOU,AL,7,0,0,6.1,1,1,0,0,0,1.000,,,0,0,1.42,1.14,0.14,1.11,,,,,,,/1,,blancro01
1365,Kyle Dowdy,29,CIN,NL,2,0,0,6.1,2,0,2,0,0,1.000,,,0,0,2.84,1.42,1.00,1.35,,,,,,,/1,,dowdyky01
1366,Ethan Small,25,MIL,NL,2,2,0,6.1,0,0,0,0,0,,,,0,0,0.00,1.42,0.00,1.35,,,,,,,/1,,smallet01
1367,Foster Griffin,26,2TM,AL,6,0,0,6.1,2,0,2,0,0,1.000,,,0,0,2.84,1.14,0.33,1.12,,,,,,,/1,,grifffo01
1368,Danny Young,28,2TM,2LG,3,0,0,6.1,0,0,0,0,0,,,,-1,-32,0.00,1.28,0.00,1.17,,,,,,,/1,,youngda02
1369,Max Meyer,23,MIA,NL,2,2,0,6.0,1,1,0,0,0,1.000,,,0,0,1.50,1.35,0.50,1.35,,,,,,,/1,,meyerma01
1370,Tanner Tully,27,CLE,AL,3,0,0,6.0,1,0,1,0,0,1.000,,,1,33,1.50,1.20,0.33,1.13,,,,,,,/1,,tullyta01
1371,Phillip Diehl,27,CIN,NL,5,0,0,5.2,0,0,0,0,0,,,,0,0,0.00,1.43,0.00,1.34,,,,,,,/1,,diehlph01
1372,Marcos Diplán,25,BAL,AL,5,0,0,5.2,1,1,0,0,0,1.000,,,0,0,1.59,1.11,0.20,1.12,,,,,,,/1,,diplama01
1373,Jeremiah Estrada,23,CHC,NL,5,0,0,5.2,1,1,0,0,0,1.000,,,0,0,1.59,1.43,0.20,1.34,,,,,,,/1,,estraje01
1374,Patrick Murphy,27,WSN,NL,6,0,0,5.2,2,0,2,0,0,1.000,,,0,0,3.18,1.43,0.33,1.33,,,,,,,/1,,murphpa02
1375,Chris Sale,33,BOS,AL,2,2,0,5.2,1,1,0,0,0,1.000,,,0,0,1.59,1.11,0.50,1.10,,,,,,,/1,,salech01
1376,Arodys Vizcaíno,31,KCR,AL,7,0,0,5.2,0,0,0,0,0,,,,0,0,0.00,1.11,0.00,1.11,,,,,,,/1,,vizcaar01
1377,Cole Waites,24,SFG,NL,7,0,0,5.2,0,0,0,0,0,,,,0,0,0.00,1.43,0.00,1.34,,,,,,,/1,,waiteco01
1378,Jake Brentz,27,KCR,AL,8,0,0,5.1,0,0,0,0,0,,,,0,0,0.00,1.18,0.00,1.13,,,,,,,/1,,brentja01
1379,Sean Doolittle,35,WSN,NL,6,0,0,5.1,0,0,0,0,0,,,,0,0,0.00,1.35,0.00,1.33,,,,,,,/1,,doolise01
1380,Zac Lowther,26,BAL,AL,1,0,0,5.1,0,0,0,0,0,,,,0,0,0.00,1.18,0.00,1.10,,,,,,,/1,,lowthza01
1381,Chris Mazza,32,TBR,AL,2,0,0,5.1,2,1,1,0,0,1.000,,,-1,-38,3.38,1.18,1.00,1.10,,,,,,,/1,,mazzach01
1382,Sam Clay,29,2TM,NL,7,0,0,5.1,1,0,1,0,0,1.000,,,0,0,1.69,1.35,0.14,1.33,,,,,,,/1,,claysa01
1383,Tyler Clippard,37,WSN,NL,4,0,0,5.0,0,0,0,0,0,,,,0,0,0.00,1.44,0.00,1.35,,,,,,,/1,,clippty01
1384,Ray Kerr,27,SDP,NL,7,0,0,5.0,1,0,1,0,0,1.000,,,0,0,1.80,1.44,0.14,1.34,,,,,,,/1,,kerrra01
1385,Max Kranick,24,PIT,NL,2,0,0,5.0,3,1,2,0,1,1.000,,,1,40,5.40,1.44,1.50,1.35,,,,,,,/1,,kranima01
1386,Francisco Morales,22,PHI,NL,3,0,0,5.0,0,0,0,0,0,,,,0,0,0.00,1.44,0.00,1.33,,,,,,,/1,,moralfr02
1387,Nick Neidert,25,MIA,NL,1,1,0,5.0,2,2,0,0,0,1.000,,,0,0,3.60,1.44,2.00,1.30,,,,,,,/1,,neideni01
1388,Jhon Romero,27,MIN,AL,4,0,0,5.0,2,0,2,0,1,1.000,,,0,0,3.60,1.08,0.50,1.13,,,,,,,/1,,romerjh01
1389,Angel Rondón,24,STL,NL,1,1,0,5.0,0,0,0,0,0,,,,0,0,0.00,1.44,0.00,1.30,,,,,,,/1,,rondoan01
1390,Blake Treinen,34,LAD,NL,5,0,0,5.0,0,0,0,0,0,,,,0,0,0.00,1.44,0.00,1.34,,,,,,,/1,,treinbl01
1391,Daniel Vogelbach,29,PIT,NL,5,0,0,5.0,7,5,1,1,1,.857,0,-96,0,0,10.80,8.46,1.20,8.36,,,,,,,DH/3,,vogelda01
1392,Simeon Woods Richardson,21,MIN,AL,1,1,0,5.0,0,0,0,0,0,,,,0,0,0.00,1.08,0.00,1.10,,,,,,,/1,,woodssi01
1393,Raynel Espinal,30,CIN,NL,2,0,0,4.2,1,0,1,0,0,1.000,,,0,0,1.93,1.35,0.50,1.35,,,,,,,/1,,espinra01
1394,Thomas Hatch,27,TOR,AL,1,1,0,4.2,0,0,0,0,0,,,,-1,-43,0.00,1.16,0.00,1.10,,,,,,,/1,,hatchto01
1395,Greg Holland,36,TEX,AL,5,0,0,4.2,0,0,0,0,0,,,,0,0,0.00,1.16,0.00,1.12,,,,,,,/1,,hollagr01
1396,Damon Jones,27,PHI,NL,4,0,0,4.2,0,0,0,0,0,,,,0,0,0.00,1.35,0.00,1.35,,,,,,,/1,,jonesda07
1397,Stephen Strasburg,33,WSN,NL,1,1,0,4.2,0,0,0,0,0,,,,0,0,0.00,1.35,0.00,1.30,,,,,,,/1,,strasst01
1398,Silvino Bracho,29,ATL,NL,3,0,0,4.1,1,0,1,0,0,1.000,,,0,0,2.08,1.25,0.33,1.33,,,,,,,/1,,brachsi01
1399,Cade Cavalli,23,WSN,NL,1,1,0,4.1,1,1,0,0,0,1.000,,,0,0,2.08,1.25,1.00,1.30,,,,,,,/1,,cavalca01
1400,Jerad Eickhoff,31,PIT,NL,1,1,0,4.1,2,1,1,0,0,1.000,,,0,0,4.15,1.25,2.00,1.30,,,,,,,/1,,eickhje01
1401,Chris Ellis,29,BAL,AL,2,2,0,4.1,1,1,0,0,0,1.000,,,0,0,2.08,1.04,0.50,1.10,,,,,,,/1,,ellisch01
1402,Ken Giles,31,SEA,AL,5,0,0,4.1,0,0,0,0,0,,,,0,0,0.00,1.04,0.00,1.12,,,,,,,/1,,gileske01
1403,Matt Koch,31,SEA,AL,4,0,0,4.1,1,0,1,0,0,1.000,,,1,46,2.08,1.04,0.25,1.13,,,,,,,/1,,kochma01
1404,Cristofer Ogando,28,TBR,AL,3,0,0,4.1,0,0,0,0,0,,,,0,0,0.00,1.04,0.00,1.13,,,,,,,/1,,ogandcr01
1405,Pedro Avila,25,SDP,NL,2,0,0,4.0,1,1,0,0,0,1.000,,,0,0,2.25,1.35,0.50,1.35,,,,,,,/1,,avilape01
1406,Luke Barker,30,MIL,NL,3,0,0,4.0,2,1,1,0,0,1.000,,,0,0,4.50,1.35,0.67,1.33,,,,,,,/1,,barkelu01
1407,José Buttó,24,NYM,NL,1,1,0,4.0,0,0,0,0,0,,,,0,0,0.00,1.35,0.00,1.30,,,,,,,/1,,buttojo01
1408,Franklin German,24,BOS,AL,5,0,0,4.0,1,1,0,0,0,1.000,,,0,0,2.25,1.13,0.20,1.12,,,,,,,/1,,germafr02
1409,Luis Gil,24,NYY,AL,1,1,0,4.0,1,0,1,0,0,1.000,,,0,0,2.25,1.13,1.00,1.10,,,,,,,/1,,gillu01
1410,Michael Kelly,29,PHI,NL,4,0,0,4.0,1,1,0,0,0,1.000,,,0,0,2.25,1.35,0.25,1.35,,,,,,,/1,,kellymi03
1411,Jack Larsen,27,SEA,AL,1,1,0,4.0,0,0,0,0,0,,0,0,0,0,0.00,2.25,0.00,2.20,,,,,,,/9,,larseja01
1412,Luis Liberato,26,SDP,NL,3,0,0,4.0,0,0,0,0,0,,0,0,0,0,0.00,2.03,0.00,2.10,,,,,,,/HD789,,liberlu01
1413,Óliver Pérez,40,ARI,NL,7,0,0,4.0,1,1,0,0,0,1.000,,,0,0,2.25,1.35,0.14,1.34,,,,,,,/1,,perezol01
1414,Kyle Tyler,25,SDP,NL,2,0,0,4.0,1,1,0,0,0,1.000,,,0,0,2.25,1.35,0.50,1.35,,,,,,,/1,,tylerky01
1415,Rob Zastryzny,30,2TM,2LG,6,0,0,4.0,0,0,0,0,0,,,,0,0,0.00,1.35,0.00,1.15,,,,,,,/1,,zastrro01
1416,Luis Castillo,27,DET,AL,3,0,0,3.2,0,0,0,0,0,,,,0,0,0.00,1.23,0.00,1.13,,,,,,,/1,,castilu03
1417,Miguel Díaz,27,DET,AL,3,0,0,3.2,0,0,0,0,0,,,,0,0,0.00,1.23,0.00,1.13,,,,,,,/1,,diazmi02
1418,Gregory Santos,22,SFG,NL,2,0,0,3.2,0,0,0,0,0,,,,0,0,0.00,1.47,0.00,1.35,,,,,,,/1,,santogr01
1419,Ryan Weathers,22,SDP,NL,1,1,0,3.2,1,1,0,0,0,1.000,,,0,0,2.45,1.47,1.00,1.30,,,,,,,/1,,weathry01
1420,Alex Wells,25,BAL,AL,2,0,0,3.2,0,0,0,0,0,,,,0,0,0.00,1.23,0.00,1.10,,,,,,,/1,,wellsal01
1421,Justin Wilson,34,CIN,NL,5,0,0,3.2,1,1,0,0,0,1.000,,,0,0,2.45,1.47,0.20,1.34,,,,,,,/1,,wilsoju10
1422,Alex Claudio,30,NYM,NL,3,0,0,3.1,0,0,0,0,0,,,,0,0,0.00,1.35,0.00,1.33,,,,,,,/1,,claudal01
1423,Cooper Criswell,25,TBR,AL,1,1,0,3.1,0,0,0,0,0,,,,0,0,0.00,1.08,0.00,1.10,,,,,,,/1,,criswco01
1424,Michael Feliz,29,BOS,AL,1,0,0,3.1,1,1,0,0,0,1.000,,,0,0,2.70,1.08,1.00,1.10,,,,,,,/1,,felizmi01
1425,A.J. Ladwig,29,MIA,NL,1,0,0,3.1,0,0,0,0,0,,,,0,0,0.00,1.35,0.00,1.30,,,,,,,/1,,ladwiaj01
1426,Bryce Montes de Oca,26,NYM,NL,3,0,0,3.1,3,2,1,0,0,1.000,,,0,0,8.10,1.35,1.00,1.33,,,,,,,/1,,montebr01
1427,Nate Fisher,26,NYM,NL,1,0,0,3.0,1,0,1,0,0,1.000,,,0,0,3.00,1.50,1.00,1.30,,,,,,,/1,,fishena01
1428,Khalil Lee,24,NYM,NL,2,0,0,3.0,0,0,0,0,0,,-1,-200,-1,-400,0.00,2.10,0.00,2.10,,,,,,,/8,,leekh01
1429,Parker Markel,31,OAK,AL,3,0,0,3.0,0,0,0,0,0,,,,0,0,0.00,1.20,0.00,1.13,,,,,,,/1,,markepa01
1430,Easton McGee,24,TBR,AL,1,0,0,3.0,0,0,0,0,0,,,,0,0,0.00,1.20,0.00,1.10,,,,,,,/1,,mcgeeea01
1431,Enoli Paredes,26,HOU,AL,3,0,0,3.0,0,0,0,0,0,,,,0,0,0.00,1.20,0.00,1.13,,,,,,,/1,,pareden01
1432,Connor Sadzeck,30,MIL,NL,2,0,0,3.0,0,0,0,0,0,,,,0,0,0.00,1.50,0.00,1.35,,,,,,,/1,,sadzeco01
1433,Cody Sedlock,27,BAL,AL,1,0,0,3.0,0,0,0,0,0,,,,0,0,0.00,1.20,0.00,1.10,,,,,,,/1,,sedloco01
1434,Shane Greene,33,2TM,2LG,2,0,0,3.0,0,0,0,0,0,,,,0,0,0.00,1.20,0.00,1.20,,,,,,,/1,,greensh02
1435,Ryan Castellani,26,OAK,AL,3,0,0,2.2,0,0,0,0,0,,,,0,0,0.00,1.01,0.00,1.13,,,,,,,/1,,castery01
1436,Daniel Duarte,25,CIN,NL,3,0,0,2.2,0,0,0,0,0,,,,0,0,0.00,1.35,0.00,1.33,,,,,,,/1,,duartda01
1437,Ian Hamilton,27,MIN,AL,1,0,0,2.2,1,0,1,0,0,1.000,,,0,0,3.38,1.01,1.00,1.10,,,,,,,/1,,hamilia01
1438,Jordan Holloway,26,MIA,NL,1,0,0,2.2,1,0,1,0,0,1.000,,,0,0,3.38,1.35,1.00,1.30,,,,,,,/1,,hollojo01
1439,Tayler Saucedo,29,TOR,AL,4,0,0,2.2,0,0,0,0,0,,,,0,0,0.00,1.01,0.00,1.13,,,,,,,/1,,sauceta01
1440,Jake Walsh,26,STL,NL,3,0,0,2.2,0,0,0,0,0,,,,0,0,0.00,1.35,0.00,1.33,,,,,,,/1,,walshja02
1441,Aneurys Zabala,25,MIA,NL,2,0,0,2.2,0,0,0,0,0,,,,0,0,0.00,1.35,0.00,1.35,,,,,,,/1,,zabalan01
1442,Austin Adams,31,SDP,NL,2,0,0,2.1,1,1,0,0,0,1.000,,,0,0,3.86,1.16,0.50,1.35,,,,,,,/1,,adamsau02
1443,Jorge Alcala,26,MIN,AL,2,0,0,2.1,0,0,0,0,0,,,,0,0,0.00,1.16,0.00,1.10,,,,,,,/1,,alcaljo01
1444,R.J. Alvarez,31,NYM,NL,1,0,0,2.1,1,1,0,0,0,1.000,,,0,0,3.86,1.16,1.00,1.30,,,,,,,/1,,alvarrj01
1445,Pedro Báez,34,HOU,AL,3,0,0,2.1,0,0,0,0,0,,,,0,0,0.00,1.16,0.00,1.13,,,,,,,/1,,baezpe01
1446,Brennan Bernardino,30,SEA,AL,2,0,0,2.1,2,0,1,1,0,.500,,,-1,-86,3.86,1.16,0.50,1.10,,,,,,,/1,,bernabr01
1447,J.C. Mejía,25,MIL,NL,2,0,0,2.1,1,0,1,0,0,1.000,,,0,0,3.86,1.16,0.50,1.35,,,,,,,/1,,mejiaje02
1448,Michel Báez,26,SDP,NL,2,0,0,2.0,0,0,0,0,0,,,,0,0,0.00,1.35,0.00,1.35,,,,,,,/1,,baezmi01
1449,Yainer Diaz,23,HOU,AL,2,0,0,2.0,3,2,1,0,0,1.000,0,0,0,0,13.50,9.00,1.50,8.80,0,0,0,0,,0,/D2H,,diazya02
1450,Robbie Erlin,31,LAD,NL,2,0,0,2.0,0,0,0,0,0,,,,0,0,0.00,1.35,0.00,1.35,,,,,,,/1,,erlinro01
1451,Sam Howard,29,PIT,NL,3,0,0,2.0,0,0,0,0,0,,,,0,0,0.00,1.35,0.00,1.33,,,,,,,/1,,howarsa01
1452,Anthony Kay,27,TOR,AL,1,0,0,2.0,0,0,0,0,0,,,,0,0,0.00,1.35,0.00,1.10,,,,,,,/1,,kayan01
1453,Nick Mears,25,PIT,NL,2,0,0,2.0,0,0,0,0,0,,,,0,0,0.00,1.35,0.00,1.35,,,,,,,/1,,mearsni01
1454,Vinny Nittoli,31,PHI,NL,2,0,0,2.0,0,0,0,0,0,,,,0,0,0.00,1.35,0.00,1.35,,,,,,,/1,,nittovi01
1455,Joe Perez,22,HOU,AL,1,0,0,2.0,1,0,1,0,0,1.000,0,-60,0,0,4.50,2.70,1.00,2.70,,,,,,,/5H,,perezjo02
1456,Gerardo Reyes,29,LAA,AL,2,0,0,2.0,0,0,0,0,0,,,,0,0,0.00,1.35,0.00,1.10,,,,,,,/1,,reyesge01
1457,Donny Sands,26,PHI,NL,1,0,0,2.0,1,1,0,0,0,1.000,0,0,0,0,4.50,9.00,1.00,9.00,0,0,0,0,,0,/H2D,,sandsdo01
1458,Jordan Sheffield,27,COL,NL,2,0,0,2.0,2,1,1,0,1,1.000,,,0,0,9.00,1.35,1.00,1.35,,,,,,,/1,,sheffjo01
1459,Locke St. John,29,CHC,NL,1,0,0,2.0,0,0,0,0,0,,,,0,0,0.00,1.35,0.00,1.30,,,,,,,/1,,stjohlo01
1460,William Woods,23,ATL,NL,2,0,0,2.0,0,0,0,0,0,,,,0,0,0.00,1.35,0.00,1.35,,,,,,,/1,,woodswi02
1461,Nicholas Padilla,25,CHC,NL,1,0,0,1.2,0,0,0,0,0,,,,0,0,0.00,1.62,0.00,1.30,,,,,,,/1,,padilni01
1462,Jay Jackson,34,ATL,NL,2,0,0,1.1,0,0,0,0,0,,,,0,0,0.00,1.35,0.00,1.35,,,,,,,/1,,jacksja01
1463,Cam Alldred,25,PIT,NL,1,0,0,1.0,0,0,0,0,0,,,,0,0,0.00,1.80,0.00,1.30,,,,,,,/1,,alldrca01
1464,Shaun Anderson,27,TOR,AL,1,0,0,1.0,0,0,0,0,0,,,,0,0,0.00,0.90,0.00,1.10,,,,,,,/1,,andersh01
1465,José Castillo,26,SDP,NL,1,0,0,1.0,0,0,0,0,0,,,,0,0,0.00,1.80,0.00,1.30,,,,,,,/1,,castijo03
1466,Noah Davis,25,COL,NL,1,0,0,1.0,0,0,0,0,0,,,,0,0,0.00,1.80,0.00,1.30,,,,,,,/1,,davisno01
1467,Matt Dermody,31,CHC,NL,1,0,0,1.0,0,0,0,0,0,,,,0,0,0.00,1.80,0.00,1.30,,,,,,,/1,,dermoma01
1468,Yusniel Díaz,25,BAL,AL,1,0,0,1.0,1,1,0,0,0,1.000,0,120,0,0,9.00,1.80,1.00,2.20,,,,,,,/9H,,diazyu01
1469,Alex Dickerson,32,ATL,NL,1,0,0,1.0,0,0,0,0,0,,0,0,0,0,0.00,1.80,0.00,2.10,,,,,,,D/H9,,dickeal01
1470,Nick Duron,26,PHI,NL,1,0,0,1.0,0,0,0,0,0,,,,0,0,0.00,1.80,0.00,1.30,,,,,,,/1,,duronni01
1471,Scott Kingery,28,PHI,NL,1,0,0,1.0,0,0,0,0,0,,0,0,0,0,0.00,4.50,0.00,4.10,,,,,,,/4,,kingesc01
1472,Josh Lester,27,DET,AL,1,0,0,1.0,1,0,1,0,0,1.000,0,240,0,0,9.00,2.70,1.00,2.70,,,,,,,/5DH,,lestejo02
1473,Conner Menez,27,CHC,NL,1,0,0,1.0,0,0,0,0,0,,,,0,0,0.00,1.80,0.00,1.30,,,,,,,/1,,menezco01
1474,Riley O'Brien,27,SEA,AL,1,0,0,1.0,0,0,0,0,0,,,,0,0,0.00,0.90,0.00,1.10,,,,,,,/1,,obrieri01
1475,Brian O'Keefe,28,SEA,AL,1,0,0,1.0,1,1,0,0,0,1.000,0,0,0,0,9.00,9.00,1.00,8.80,0,0,0,0,,0,/2D,,okeefbr01
1476,Kramer Robertson,27,STL,NL,1,0,0,1.0,1,0,0,1,0,.000,-1,-1080,-1,-1200,0.00,3.60,0.00,3.80,,,,,,,/H6D,,roberkr01
1477,Yerry Rodríguez,24,TEX,AL,1,0,0,1.0,0,0,0,0,0,,,,0,0,0.00,0.90,0.00,1.10,,,,,,,/1,,rodriye01
1478,Bubby Rossman,30,PHI,NL,1,0,0,1.0,0,0,0,0,0,,,,0,0,0.00,1.80,0.00,1.30,,,,,,,/1,,rossmbu01
1479,Nicklaus Snyder,26,TEX,AL,2,0,0,1.0,0,0,0,0,0,,,,0,0,0.00,0.90,0.00,1.10,,,,,,,/1,,snydeni01
1480,Cory Spangenberg,31,STL,NL,1,0,0,1.0,0,0,0,0,0,,0,0,0,0,0.00,2.70,0.00,2.70,,,,,,,/5,,spangco01
1481,Ka'ai Tom,28,SFG,NL,1,0,0,1.0,0,0,0,0,0,,0,-120,0,0,0.00,1.80,0.00,2.10,,,,,,,/9H,,tomka01
1482,César Valdez,37,LAA,AL,1,0,0,1.0,0,0,0,0,0,,,,0,0,0.00,0.90,0.00,1.10,,,,,,,/1,,valdece01
1483,Zack Britton,34,NYY,AL,3,0,0,0.2,0,0,0,0,0,,,,0,0,0.00,1.35,0.00,1.13,,,,,,,/1,,brittza01
1484,Bowden Francis,26,TOR,AL,1,0,0,0.2,0,0,0,0,0,,,,0,0,0.00,1.35,0.00,1.10,,,,,,,/1,,francbo01
1485,Brendon Little,25,CHC,NL,1,0,0,0.2,0,0,0,0,0,,,,0,0,0.00,1.35,0.00,1.30,,,,,,,/1,,littlbr02
1486,Freddy Tarnok,23,ATL,NL,1,0,0,0.2,0,0,0,0,0,,,,0,0,0.00,1.35,0.00,1.30,,,,,,,/1,,tarnofr01
1487,Brian Moran,33,LAA,AL,1,0,0,0.1,0,0,0,0,0,,,,0,0,0.00,0.00,0.00,1.10,,,,,,,/1,,moranbr01
1488,Nash Walters,25,LAA,AL,1,0,0,0.1,0,0,0,0,0,,,,0,0,0.00,0.00,0.00,1.10,,,,,,,/1,,waltena01
,MLB Average,,,,,,,,,,,,,.985,,0,,0,3.99,,2.63,,,,,,24.6,,,,-9999