"id_player","player","position","year","team","team_whole_name","age","years_experience","id_contract","contract_value","average_annual_contract_value","dummy_team_change","years_contract","initial_contract_year","reference_end_contract_year","awards","MVP_price","CYA_price","team_g","team_w","team_l","team_divs","team_playoffs","team_games_over_500","team_pnnts","team_ws","team_hof","team_r","team_ab","team_h","team_hr","team_ra","team_w_l_percent","team_ba","team_era","war","war_to_2","w","l","g","gs","gf","cg","sho","sv","ip","h","r","er","hr","bb","ibb","so","hbp","bk","wp","bf","w_l","era","era_plus","fip","whip","h9","hr9","bb9","so9","so_bb","w_to_2","l_to_2","g_to_2","gs_to_2","gf_to_2","cg_to_2","sho_to_2","sv_to_2","ip_to_2","h_to_2","r_to_2","er_to_2","hr_to_2","bb_to_2","ibb_to_2","so_to_2","hbp_to_2","bk_to_2","wp_to_2","bf_to_2","w_l_to_2","era_to_2","era_plus_to_2","fip_to_2","whip_to_2","h9_to_2","hr9_to_2","bb9_to_2","so9_to_2","so_bb_to_2"
1,"Aaron Brooks","P","2022","STL","St Louis Cardinals",32.2,0,1,1400000,1400000,0,1,"2022","2022",0,0,0,162,93,69,1,1,24,0,0,2,772,5496,1386,197,637,0.521,0.266,3.68,-0.2,0.04,0,0,5,0,3,0,0,0,9.1,11,8,8,3,2,0,7,1,0,0,43,0,7.71,53,6.75,1.393,10.6,2.9,1.9,6.8,3.5,0,0,25,0,9,0,0,0,82.81,121,64,64,9,4,0,49,1,0,0,1849,0,59.4441,2809,45.5625,1.940449,112.36,8.41,3.61,46.24,12.25
1,"Aaron Brooks","P","2024","OAK","Oakland Athletics",34.2,1,2,761001.808873827,761001.808873827,1,1,"2024","2024",0,0,0,162,69,93,0,0,-24,0,0,0,643,5432,1267,196,764,0.486,0.257,4,-0.2,0.04,0,2,5,4,1,0,0,0,26.2,33,19,15,4,8,0,12,1,0,0,119,0,5.06,79,5.23,1.538,11.1,1.4,2.7,4.1,1.5,0,4,25,16,1,0,0,0,686.44,1089,361,225,16,64,0,144,1,0,0,14161,0,25.6036,6241,27.3529,2.365444,123.21,1.96,7.29,16.81,2.25
2,"Aaron Cook","P","2012","BOS","Boston Red Sox",33.5,0,3,1500000,1500000,1,1,"2012","2012",0,0,0,162,69,93,0,0,-24,0,0,0,734,5604,1459,165,806,0.517,0.267,3.9,-1.4,1.96,4,11,18,18,0,1,1,0,94,117,68,59,15,21,1,20,1,0,2,411,0.267,5.65,75,5.45,1.468,11.2,1.4,2,1.9,0.95,16,121,324,324,0,1,1,0,8836,13689,4624,3481,225,441,1,400,1,0,4,168921,0.071289,31.9225,5625,29.7025,2.155024,125.44,1.96,4,3.61,0.9025
3,"Aaron Harang","P","2012","LAD","Los Angeles Dodgers",34.2,1.061,5,12000000,6000000,1,2,"2012","2013",0,0,0,162,86,76,0,0,10,0,0,0,637,5438,1369,116,597,0.524,0.262,3.54,1.8,3.24,10,10,31,31,0,0,0,0,179.2,167,85,72,14,85,10,131,4,0,4,786,0.5,3.61,105,4.13,1.403,8.4,0.7,4.3,6.6,1.54,100,100,961,961,0,0,0,0,32112.64,27889,7225,5184,196,7225,100,17161,16,0,16,617796,0.25,13.0321,11025,17.0569,1.968409,70.56,0.49,18.49,43.56,2.3716
3,"Aaron Harang","P","2015","PHI","Philadelphia Phillies",37.2,4.061,7,5000000,5000000,1,1,"2015","2015",0,0,0,162,63,99,0,0,-36,0,0,1,626,5529,1374,130,809,0.472,0.261,3.97,0.4,0.16,6,15,29,29,0,0,0,0,172.1,189,100,93,26,51,3,108,6,0,4,748,0.286,4.86,79,4.83,1.393,9.9,1.4,2.7,5.6,2.12,36,225,841,841,0,0,0,0,29618.41,35721,10000,8649,676,2601,9,11664,36,0,16,559504,0.081796,23.6196,6241,23.3289,1.940449,98.01,1.96,7.29,31.36,4.4944
4,"Aaron Hicks","NP","2024","LAA","Los Angeles Angels",34.8,1,9,740000,740000,1,1,"2024","2024",0,0,0,162,63,99,0,0,-36,0,0,0,635,5357,1227,165,797,0.495,0.256,4,-0.1,0.01,0,0,1,0,1,0,0,0,1,2,2,2,1,1,0,0,0,0,0,6,0,18,32,19.17,3,18,9,9,0,0,0,0,1,0,1,0,0,0,1,4,4,4,1,1,0,0,0,0,0,36,0,324,1024,367.4889,9,324,81,81,0,0
5,"Aaron Loup","P","2021","NYM","New York Mets",33.7,0,12,3000000,3000000,1,1,"2021","2021",0,0,0,162,77,85,0,0,-8,0,0,0,636,5210,1243,176,668,0.48,0.25,3.8,2.8,7.84,6,0,65,2,6,0,0,0,56.2,37,9,6,1,16,0,57,4,0,0,218,1,0.95,422,2.45,0.935,5.9,0.2,2.5,9.1,3.56,36,0,4225,4,36,0,0,0,3158.44,1369,81,36,1,256,0,3249,16,0,0,47524,1,0.9025,178084,6.0025,0.874225,34.81,0.04,6.25,82.81,12.6736
5,"Aaron Loup","P","2022","LAA","Los Angeles Angels",34.7,1,13,17000000,8500000,1,2,"2022","2023",0,0,0,162,73,89,0,0,-16,0,0,0,623,5423,1265,190,668,0.498,0.257,3.98,-0.9,0.81,0,5,65,0,7,0,0,1,58.2,54,38,25,4,22,3,52,8,0,0,260,0,3.84,105,3.76,1.295,8.3,0.6,3.4,8,2.36,0,25,4225,0,49,0,0,1,3387.24,2916,1444,625,16,484,9,2704,64,0,0,67600,0,14.7456,11025,14.1376,1.677025,68.89,0.36,11.56,64,5.5696
5,"Aaron Loup","P","2023","LAA","Los Angeles Angels",35.7,3,14,18083513.5757391,9041756.78786955,0,2,"2023","2024",0,0,0,162,73,89,0,0,-16,0,0,0,739,5489,1346,231,829,0.497,0.256,4,-0.6,0.36,2,3,55,0,21,0,0,1,48.2,65,37,33,6,20,4,45,2,1,2,231,0.4,6.1,73,4.36,1.747,12,1.1,3.7,8.3,2.25,4,9,3025,0,441,0,0,1,2323.24,4225,1369,1089,36,400,16,2025,4,1,4,53361,0.16,37.21,5329,19.0096,3.052009,144,1.21,13.69,68.89,5.0625
6,"Adam Kolarek","P","2020","LAD","Los Angeles Dodgers",31.6,1,24,715031.793883292,715031.793883292,1,1,"2020","2020",0,0,0,60,43,17,1,1,26,1,1,0,349,2042,523,118,213,0.528,0.261,3.53,0.8,0.64,3,0,20,0,3,0,0,1,19,11,2,2,1,4,0,13,0,0,2,72,1,0.95,467,3.14,0.789,5.2,0.5,1.9,6.2,3.25,9,0,400,0,9,0,0,1,361,121,4,4,1,16,0,169,0,0,4,5184,1,0.9025,218089,9.8596,0.622521,27.04,0.25,3.61,38.44,10.5625
7,"Adam Laroche","NP","2015","CHW","Chicago White Sox",35.8,11,27,25000000,12500000,1,2,"2015","2016",0,0,0,162,76,86,0,0,-10,0,0,0,622,5533,1381,136,701,0.504,0.261,3.75,0,0,0,0,1,0,1,0,0,0,1,0,0,0,0,0,0,1,0,0,0,3,0,0,0,1.13,0,0,0,0,9,0,0,0,1,0,1,0,0,0,1,0,0,0,0,0,0,1,0,0,0,9,0,0,0,1.2769,0,0,0,0,81,0
8,"Adam Ottavino","P","2019","NYY","New York Yankees",33.8,0,32,27000000,9000000,1,3,"2019","2021",0,0,0,162,103,59,1,1,44,0,0,3,943,5583,1493,306,739,0.57,0.266,3.65,2.3,5.29,6,5,73,0,7,0,0,2,66.1,47,17,14,5,40,3,88,2,1,3,283,0.545,1.9,235,3.44,1.312,6.4,0.7,5.4,11.9,2.2,36,25,5329,0,49,0,0,4,4369.21,2209,289,196,25,1600,9,7744,4,1,9,80089,0.297025,3.61,55225,11.8336,1.721344,40.96,0.49,29.16,141.61,4.84
8,"Adam Ottavino","P","2020","NYY","New York Yankees",34.8,1,32,27000000,9000000,1,3,"2019","2021",0,0,0,60,33,27,0,1,6,0,0,1,315,1915,473,94,270,0.57,0.266,3.65,-0.1,0.01,2,3,24,0,4,0,0,0,18.1,20,12,12,2,9,0,25,1,0,1,85,0.4,5.89,74,3.52,1.582,9.8,1,4.4,12.3,2.78,4,9,576,0,16,0,0,0,327.61,400,144,144,4,81,0,625,1,0,1,7225,0.16,34.6921,5476,12.3904,2.502724,96.04,1,19.36,151.29,7.7284
8,"Adam Ottavino","P","2022","NYM","New York Mets",36.8,3,33,4000000,4000000,1,1,"2022","2022",0,0,0,162,101,61,0,1,40,0,0,1,772,5489,1422,171,606,0.483,0.25,3.79,2.3,5.29,6,3,66,0,19,0,0,3,65.2,48,15,15,6,16,2,79,5,0,7,258,0.667,2.06,188,2.85,0.975,6.6,0.8,2.2,10.8,4.94,36,9,4356,0,361,0,0,9,4251.04,2304,225,225,36,256,4,6241,25,0,49,66564,0.444889,4.2436,35344,8.1225,0.950625,43.56,0.64,4.84,116.64,24.4036
8,"Adam Ottavino","P","2023","NYM","New York Mets",37.8,4,34,14500000,7250000,0,2,"2023","2024",0,0,0,162,75,87,0,0,-12,0,0,0,717,5363,1276,215,729,0.482,0.25,3.8,1.2,1.44,1,7,66,0,36,0,0,12,61.2,46,24,22,7,29,3,62,8,3,5,261,0.125,3.21,130,4.52,1.216,6.7,1,4.2,9,2.14,1,49,4356,0,1296,0,0,144,3745.44,2116,576,484,49,841,9,3844,64,9,25,68121,0.015625,10.3041,16900,20.4304,1.478656,44.89,1,17.64,81,4.5796
8,"Adam Ottavino","P","2024","NYM","New York Mets",38.8,6,35,4500000,4500000,0,1,"2024","2024",0,0,0,162,89,73,0,1,16,0,0,0,768,5510,1357,207,697,0.483,0.25,3.8,0,0,2,2,60,0,9,0,0,1,56,49,29,27,6,23,1,70,7,0,5,245,0.5,4.34,91,3.67,1.286,7.9,1,3.7,11.3,3.04,4,4,3600,0,81,0,0,1,3136,2401,841,729,36,529,1,4900,49,0,25,60025,0.25,18.8356,8281,13.4689,1.653796,62.41,1,13.69,127.69,9.2416
8,"Adam Ottavino","P","2025","NYY","New York Yankees",39.8,7,36,2000000,2000000,1,1,"2025","2025",0,0,0,162,94,68,0,1,26,0,0,2,849,5471,1371,274,685,0.57,0.265,3.66,0.1,0.01,0,0,3,0,0,0,0,0,1.2,0,0,0,0,4,0,3,0,0,0,9,0,0,0,6.74,2.4,0,0,21.6,16.2,0.75,0,0,9,0,0,0,0,0,1.44,0,0,0,0,16,0,9,0,0,0,81,0,0,0,45.4276,5.76,0,0,466.56,262.44,0.5625
9,"Adam Rosales","NP","2015","TEX","Texas Rangers",32.2,1,38,900000,900000,0,1,"2015","2015",0,0,0,162,88,74,1,1,14,0,0,0,751,5511,1419,172,733,0.477,0.26,4.24,-0.1,0.01,0,0,2,0,2,0,0,0,2,2,3,2,2,1,0,1,0,0,0,10,0,9,55,16.63,1.5,9,9,4.5,4.5,1,0,0,4,0,4,0,0,0,4,4,9,4,4,1,0,1,0,0,0,100,0,81,3025,276.5569,2.25,81,81,20.25,20.25,1
10,"Adam Wainwright","P","2020","STL","St Louis Cardinals",38.9,0,42,5000000,5000000,0,1,"2020","2020",0,0,0,58,30,28,0,1,2,0,0,2,240,1752,410,51,229,0.52,0.266,3.67,0.5,0.25,5,3,10,10,0,2,0,0,65.2,54,25,23,9,15,0,54,2,0,0,262,0.625,3.15,133,4.1,1.051,7.4,1.2,2.1,7.4,3.6,25,9,100,100,0,4,0,0,4251.04,2916,625,529,81,225,0,2916,4,0,0,68644,0.390625,9.9225,17689,16.81,1.104601,54.76,1.44,4.41,54.76,12.96
10,"Adam Wainwright","P","2021","STL","St Louis Cardinals",39.9,1,43,8000000,8000000,0,1,"2021","2021",3,1,1,162,90,72,0,1,18,0,0,0,706,5351,1303,198,672,0.521,0.266,3.68,3.7,13.69,17,7,32,32,0,3,1,0,206.1,168,72,70,21,50,3,174,9,1,4,828,0.708,3.05,128,3.66,1.057,7.3,0.9,2.2,7.6,3.48,289,49,1024,1024,0,9,1,0,42477.21,28224,5184,4900,441,2500,9,30276,81,1,16,685584,0.501264,9.3025,16384,13.3956,1.117249,53.29,0.81,4.84,57.76,12.1104
10,"Adam Wainwright","P","2022","STL","St Louis Cardinals",40.9,2,44,19505584.3048246,19505584.3048246,0,1,"2022","2022",0,0,0,162,93,69,1,1,24,0,0,2,772,5496,1386,197,637,0.521,0.266,3.68,2.1,4.41,11,12,32,32,0,1,0,0,191.2,192,80,79,16,54,1,143,7,0,5,803,0.478,3.71,105,3.66,1.283,9,0.8,2.5,6.7,2.65,121,144,1024,1024,0,1,0,0,36557.44,36864,6400,6241,256,2916,1,20449,49,0,25,644809,0.228484,13.7641,11025,13.3956,1.646089,81,0.64,6.25,44.89,7.0225
10,"Adam Wainwright","P","2023","STL","St Louis Cardinals",41.9,3,45,18615381.6220844,18615381.6220844,0,1,"2023","2023",0,0,0,162,71,91,0,0,-20,0,0,1,719,5510,1376,209,829,0.52,0.266,3.69,-1.9,3.61,5,11,21,21,0,0,0,0,101,151,89,83,20,41,0,55,1,0,1,484,0.313,7.4,59,5.99,1.901,13.5,1.8,3.7,4.9,1.34,25,121,441,441,0,0,0,0,10201,22801,7921,6889,400,1681,0,3025,1,0,1,234256,0.097969,54.76,3481,35.8801,3.613801,182.25,3.24,13.69,24.01,1.7956
11,"Adrian Sampson","P","2019","TEX","Texas Rangers",27.8,0,50,691688.341292727,691688.341292727,1,1,"2019","2019",0,0,0,162,78,84,0,0,-6,0,0,1,810,5540,1374,223,878,0.478,0.259,4.28,1.2,1.44,6,8,35,15,4,1,0,0,125.1,156,86,82,29,36,1,101,9,1,4,563,0.429,5.89,88,5.69,1.532,11.2,2.1,2.6,7.3,2.81,36,64,1225,225,16,1,0,0,15650.01,24336,7396,6724,841,1296,1,10201,81,1,16,316969,0.184041,34.6921,7744,32.3761,2.347024,125.44,4.41,6.76,53.29,7.8961
11,"Adrian Sampson","P","2021","CHC","Chicago Cubs",29.8,1,51,674990.669239509,674990.669239509,1,1,"2021","2021",0,0,0,162,71,91,0,0,-20,0,0,0,705,5306,1255,210,839,0.513,0.262,3.69,0.8,0.64,1,2,10,5,0,0,0,0,35.1,30,15,11,8,8,0,28,6,0,1,145,0.333,2.8,152,5.72,1.075,7.6,2,2,7.1,3.5,1,4,100,25,0,0,0,0,1232.01,900,225,121,64,64,0,784,36,0,1,21025,0.110889,7.84,23104,32.7184,1.155625,57.76,4,4,50.41,12.25
11,"Adrian Sampson","P","2022","CHC","Chicago Cubs",30.8,2,52,780223.372192982,780223.372192982,0,1,"2022","2022",0,0,0,162,74,88,0,0,-14,0,0,1,657,5425,1293,159,731,0.513,0.262,3.69,2.3,5.29,4,5,21,19,2,0,0,0,104.1,101,40,36,10,27,0,73,2,1,0,428,0.444,3.11,135,3.79,1.227,8.7,0.9,2.3,6.3,2.7,16,25,441,361,4,0,0,0,10836.81,10201,1600,1296,100,729,0,5329,4,1,0,183184,0.197136,9.6721,18225,14.3641,1.505529,75.69,0.81,5.29,39.69,7.29
12,"Aj Burnett","P","2014","PHI","Philadelphia Phillies",37.6,14.038,53,16000000,16000000,1,1,"2014","2014",0,0,0,159,73,89,0,0,-16,0,0,0,619,5603,1356,125,687,0.473,0.261,3.96,-0.1,0.01,8,18,34,34,0,1,0,0,213.2,205,122,109,20,96,2,190,16,0,9,935,0.308,4.59,82,4.14,1.409,8.6,0.8,4,8,1.98,64,324,1156,1156,0,1,0,0,45454.24,42025,14884,11881,400,9216,4,36100,256,0,81,874225,0.094864,21.0681,6724,17.1396,1.985281,73.96,0.64,16,64,3.9204
12,"Aj Burnett","P","2015","PIT","Pittsburgh Pirates",38.6,15.038,54,8500000,8500000,1,1,"2015","2015",1,0,0,162,98,64,0,1,34,0,0,0,697,5631,1462,140,596,0.504,0.265,3.71,2.6,6.76,9,7,26,26,0,0,0,0,164,174,64,58,11,49,2,143,11,1,6,699,0.563,3.18,122,3.36,1.36,9.5,0.6,2.7,7.8,2.92,81,49,676,676,0,0,0,0,26896,30276,4096,3364,121,2401,4,20449,121,1,36,488601,0.316969,10.1124,14884,11.2896,1.8496,90.25,0.36,7.29,60.84,8.5264
13,"Aj Cole","P","2020","TOR","Toronto Blue Jays",28.6,2.124,55,690523.420485407,690523.420485407,0,1,"2020","2020",0,0,0,60,32,28,0,1,4,0,0,0,302,2023,516,88,312,0.495,0.26,4.24,1,1,3,0,24,0,7,0,0,1,23.1,19,9,8,3,9,2,20,0,0,3,95,1,3.09,144,4.31,1.2,7.3,1.2,3.5,7.7,2.22,9,0,576,0,49,0,0,1,533.61,361,81,64,9,81,4,400,0,0,9,9025,1,9.5481,20736,18.5761,1.44,53.29,1.44,12.25,59.29,4.9284
13,"Aj Cole","P","2021","TOR","Toronto Blue Jays",29.6,3.124,56,1000000,1000000,0,1,"2021","2021",0,0,0,162,91,71,0,0,20,0,0,0,846,5476,1455,262,663,0.496,0.261,4.23,0.4,0.16,0,0,6,0,4,0,0,1,8,6,1,1,1,1,0,7,0,0,0,30,0,1.13,413,3.42,0.875,6.8,1.1,1.1,7.9,7,0,0,36,0,16,0,0,1,64,36,1,1,1,1,0,49,0,0,0,900,0,1.2769,170569,11.6964,0.765625,46.24,1.21,1.21,62.41,49
14,"Aj Griffin","P","2016","TEX","Texas Rangers",28.5,3.034,59,507500,507500,1,1,"2016","2016",0,0,0,162,95,67,1,1,28,0,0,0,765,5525,1446,215,757,0.479,0.26,4.24,1,1,7,4,23,23,0,0,0,0,119,116,68,67,28,46,1,107,7,1,0,509,0.636,5.07,90,5.74,1.361,8.8,2.1,3.5,8.1,2.33,49,16,529,529,0,0,0,0,14161,13456,4624,4489,784,2116,1,11449,49,1,0,259081,0.404496,25.7049,8100,32.9476,1.852321,77.44,4.41,12.25,65.61,5.4289
15,"Albert Pujols","NP","2022","STL","St Louis Cardinals",42.5,21,69,2500000,2500000,1,1,"2022","2022",1,0,0,162,93,69,1,1,24,0,0,2,772,5496,1386,197,637,0.521,0.266,3.68,-0.1,0.01,0,0,1,0,1,0,0,0,1,3,4,4,2,1,0,0,0,0,0,7,0,36,15,32.11,4,27,18,9,0,0,0,0,1,0,1,0,0,0,1,9,16,16,4,1,0,0,0,0,0,49,0,1296,225,1031.0521,16,729,324,81,0,0
16,"Alex Avila","NP","2018","ARI","Arizona Diamondbacks",31.5,8.061,77,8250000,4125000,1,2,"2018","2019",0,0,0,162,82,80,0,0,2,0,0,0,693,5460,1283,176,644,0.493,0.257,4.21,0.1,0.01,0,0,1,0,1,0,0,0,2,1,0,0,0,0,0,0,0,0,0,7,0,0,0,3.16,0.5,4.5,0,0,0,0,0,0,1,0,1,0,0,0,4,1,0,0,0,0,0,0,0,0,0,49,0,0,0,9.9856,0.25,20.25,0,0,0,0
16,"Alex Avila","NP","2019","ARI","Arizona Diamondbacks",32.5,9.061,77,8250000,4125000,1,2,"2018","2019",0,0,0,162,85,77,0,0,8,0,0,0,813,5633,1419,220,743,0.495,0.257,4.21,0,0,0,0,2,0,2,0,0,0,2,2,1,1,0,1,0,1,0,0,0,8,0,4.5,116,3.71,1.5,9,0,4.5,4.5,1,0,0,4,0,4,0,0,0,4,4,1,1,0,1,0,1,0,0,0,64,0,20.25,13456,13.7641,2.25,81,0,20.25,20.25,1
17,"Alex Claudio","P","2020","MIL","Milwaukee Brewers",28.5,4.114,80,1750000,1750000,0,1,"2020","2020",0,0,0,60,29,31,0,1,-2,0,0,1,247,1920,429,75,264,0.481,0.257,4.18,0.1,0.01,0,0,20,0,7,0,0,1,19,18,10,9,2,6,0,15,1,0,2,81,0,4.26,108,4.09,1.263,8.5,0.9,2.8,7.1,2.5,0,0,400,0,49,0,0,1,361,324,100,81,4,36,0,225,1,0,4,6561,0,18.1476,11664,16.7281,1.595169,72.25,0.81,7.84,50.41,6.25
17,"Alex Claudio","P","2021","LAA","Los Angeles Angels",29.5,5.114,81,1125000,1125000,1,1,"2021","2021",0,0,0,162,77,85,0,0,-8,0,0,0,723,5437,1331,190,804,0.499,0.257,3.99,-0.1,0.01,1,2,41,0,11,0,0,1,32.2,37,22,20,6,15,1,30,0,0,1,148,0.333,5.51,82,5.1,1.592,10.2,1.7,4.1,8.3,2,1,4,1681,0,121,0,0,1,1036.84,1369,484,400,36,225,1,900,0,0,1,21904,0.110889,30.3601,6724,26.01,2.534464,104.04,2.89,16.81,68.89,4
18,"Alex Cobb","P","2018","BAL","Baltimore Orioles",30.8,0,82,57000000,14250000,1,4,"2018","2021",0,0,0,162,47,115,0,0,-68,0,0,2,622,5507,1317,188,892,0.475,0.259,4.02,0.8,0.64,5,15,28,28,0,1,0,0,152.1,172,93,83,24,43,5,102,4,1,4,661,0.25,4.9,87,4.79,1.411,10.2,1.4,2.5,6,2.37,25,225,784,784,0,1,0,0,23134.41,29584,8649,6889,576,1849,25,10404,16,1,16,436921,0.0625,24.01,7569,22.9441,1.990921,104.04,1.96,6.25,36,5.6169
18,"Alex Cobb","P","2019","BAL","Baltimore Orioles",31.8,1,82,57000000,14250000,1,4,"2018","2021",0,0,0,162,54,108,0,0,-54,0,0,3,729,5596,1379,213,981,0.474,0.259,4.04,-0.4,0.16,0,2,3,3,0,0,0,0,12.1,21,16,15,9,2,0,8,0,0,0,60,0,10.95,44,11.89,1.865,15.3,6.6,1.5,5.8,4,0,4,9,9,0,0,0,0,146.41,441,256,225,81,4,0,64,0,0,0,3600,0,119.9025,1936,141.3721,3.478225,234.09,43.56,2.25,33.64,16
18,"Alex Cobb","P","2020","BAL","Baltimore Orioles",32.8,2,82,57000000,14250000,1,4,"2018","2021",0,0,0,60,25,35,0,0,-10,0,0,0,274,2026,523,77,294,0.474,0.259,4.04,1.1,1.21,2,5,10,10,0,0,0,0,52.1,52,27,25,8,18,0,38,2,0,1,226,0.286,4.3,109,4.87,1.338,8.9,1.4,3.1,6.5,2.11,4,25,100,100,0,0,0,0,2714.41,2704,729,625,64,324,0,1444,4,0,1,51076,0.081796,18.49,11881,23.7169,1.790244,79.21,1.96,9.61,42.25,4.4521
19,"Alex Wood","P","2020","LAD","Los Angeles Dodgers",29.6,0,92,4000000,4000000,1,1,"2020","2020",0,0,0,60,43,17,1,1,26,1,1,0,349,2042,523,118,213,0.528,0.261,3.53,-0.4,0.16,0,1,9,2,2,0,0,0,12.2,17,11,9,2,6,1,15,3,0,1,65,0,6.39,70,5.01,1.816,12.1,1.4,4.3,10.7,2.5,0,1,81,4,4,0,0,0,148.84,289,121,81,4,36,1,225,9,0,1,4225,0,40.8321,4900,25.1001,3.297856,146.41,1.96,18.49,114.49,6.25
19,"Alex Wood","P","2024","OAK","Oakland Athletics",33.6,6,96,8500000,8500000,1,1,"2024","2024",0,0,0,162,69,93,0,0,-24,0,0,0,643,5432,1267,196,764,0.486,0.257,4,-0.2,0.04,1,3,9,9,0,0,0,0,39.1,51,27,23,6,19,1,33,5,1,0,186,0.25,5.26,76,5.3,1.78,11.7,1.4,4.3,7.6,1.74,1,9,81,81,0,0,0,0,1528.81,2601,729,529,36,361,1,1089,25,1,0,34596,0.0625,27.6676,5776,28.09,3.1684,136.89,1.96,18.49,57.76,3.0276
20,"Alexi Ogando","P","2015","BOS","Boston Red Sox",31.8,0,97,1500000,1500000,1,1,"2015","2015",0,0,0,162,78,84,0,0,-6,0,0,2,748,5640,1495,161,753,0.516,0.267,3.9,0.9,0.81,3,1,64,0,16,0,0,0,65.1,59,29,29,12,28,2,53,3,2,1,277,0.75,3.99,108,5.32,1.332,8.1,1.7,3.9,7.3,1.89,9,1,4096,0,256,0,0,0,4238.01,3481,841,841,144,784,4,2809,9,4,1,76729,0.5625,15.9201,11664,28.3024,1.774224,65.61,2.89,15.21,53.29,3.5721
20,"Alexi Ogando","P","2016","ATL","Atlanta Braves",32.8,1,98,2000000,2000000,1,1,"2016","2016",0,0,0,161,68,93,0,0,-25,0,0,0,649,5514,1404,122,779,0.5,0.26,3.65,0,0,2,1,36,0,11,0,0,0,32,32,18,14,2,23,5,29,1,0,3,148,0.667,3.94,106,4.4,1.719,9,0.6,6.5,8.2,1.26,4,1,1296,0,121,0,0,0,1024,1024,324,196,4,529,25,841,1,0,9,21904,0.444889,15.5236,11236,19.36,2.954961,81,0.36,42.25,67.24,1.5876
21,"Andrelton Simmons","NP","2022","CHC","Chicago Cubs",32.9,9.122,106,4000000,4000000,1,1,"2022","2022",0,0,0,162,74,88,0,0,-14,0,0,1,657,5425,1293,159,731,0.513,0.262,3.69,-0.2,0.04,0,0,1,0,1,0,0,0,1,5,5,5,0,1,0,0,0,0,0,9,0,45,13,6.11,6,45,0,9,0,0,0,0,1,0,1,0,0,0,1,25,25,25,0,1,0,0,0,0,0,81,0,2025,169,37.3321,36,2025,0,81,0,0
22,"Andres Blanco","NP","2017","PHI","Philadelphia Phillies",33.3,6.007,107,3000000,3000000,0,1,"2017","2017",0,0,0,165,66,96,0,0,-30,0,0,0,690,5534,1382,174,782,0.471,0.261,3.97,0,0,0,0,1,0,1,0,0,0,0.1,1,1,1,1,0,0,0,0,0,0,2,0,27,33,42.16,3,27,27,0,0,0,0,0,1,0,1,0,0,0,0.01,1,1,1,1,0,0,0,0,0,0,4,0,729,1089,1777.4656,9,729,729,0,0,0
23,"Andrew Bailey","P","2017","LAA","Los Angeles Angels",33.2,2,111,1300857.7580908,1300857.7580908,0,1,"2017","2017",0,0,0,162,80,82,0,0,-2,0,0,0,710,5415,1314,186,709,0.501,0.258,3.95,0.2,0.04,2,0,4,0,2,0,0,0,4,1,0,0,0,0,0,2,0,0,0,13,1,0,0,2.16,0.25,2.3,0,0,4.5,0,4,0,16,0,4,0,0,0,16,1,0,0,0,0,0,4,0,0,0,169,1,0,0,4.6656,0.0625,5.29,0,0,20.25,0
24,"Andrew Bellatti","P","2021","MIA","Miami Marlins",29,0,112,674990.669239509,674990.669239509,1,1,"2021","2021",0,0,0,162,67,95,0,0,-28,0,0,0,623,5348,1244,158,701,0.461,0.256,4.3,-0.2,0.04,0,0,3,0,0,0,0,0,3.1,6,5,5,0,2,0,4,0,0,0,19,0,13.5,35,2.57,2.4,16.2,0,5.4,10.8,2,0,0,9,0,0,0,0,0,9.61,36,25,25,0,4,0,16,0,0,0,361,0,182.25,1225,6.6049,5.76,262.44,0,29.16,116.64,4
24,"Andrew Bellatti","P","2022","PHI","Philadelphia Phillies",30,1,113,780223.372192982,780223.372192982,1,1,"2022","2022",0,0,0,162,87,75,0,1,12,1,0,1,747,5496,1392,205,685,0.473,0.26,3.99,0.8,0.64,4,4,59,1,16,0,0,2,54.1,47,25,20,5,25,1,78,1,0,1,230,0.5,3.31,121,2.87,1.325,7.8,0.8,4.1,12.9,3.12,16,16,3481,1,256,0,0,4,2926.81,2209,625,400,25,625,1,6084,1,0,1,52900,0.25,10.9561,14641,8.2369,1.755625,60.84,0.64,16.81,166.41,9.7344
25,"Andrew Cashner","P","2017","TEX","Texas Rangers",30.9,6.126,114,10000000,10000000,1,1,"2017","2017",0,0,0,162,78,84,0,0,-6,0,0,1,799,5430,1326,237,816,0.479,0.26,4.25,4.6,21.16,11,11,28,28,0,0,0,0,166.2,156,75,63,15,64,0,86,9,1,10,704,0.5,3.4,142,4.61,1.32,8.4,0.8,3.5,4.6,1.34,121,121,784,784,0,0,0,0,27622.44,24336,5625,3969,225,4096,0,7396,81,1,100,495616,0.25,11.56,20164,21.2521,1.7424,70.56,0.64,12.25,21.16,1.7956
25,"Andrew Cashner","P","2018","BAL","Baltimore Orioles",31.9,7.126,115,16000000,8000000,1,2,"2018","2019",0,0,0,162,47,115,0,0,-68,0,0,2,622,5507,1317,188,892,0.475,0.259,4.02,0.4,0.16,4,15,28,28,0,0,0,0,153,177,97,90,25,65,3,99,3,0,6,681,0.211,5.29,81,5.32,1.582,10.4,1.5,3.8,5.8,1.52,16,225,784,784,0,0,0,0,23409,31329,9409,8100,625,4225,9,9801,9,0,36,463761,0.044521,27.9841,6561,28.3024,2.502724,108.16,2.25,14.44,33.64,2.3104
26,"Andrew Chafin","P","2021","CHC","Chicago Cubs",31.2,0,116,2750000,2750000,0,1,"2021","2021",0,0,0,162,71,91,0,0,-20,0,0,0,705,5306,1255,210,839,0.513,0.262,3.69,2.9,8.41,2,4,71,0,11,0,0,5,68.2,45,14,14,4,19,1,64,2,0,3,266,0.333,1.83,229,2.98,0.932,5.9,0.5,2.5,8.4,3.37,4,16,5041,0,121,0,0,25,4651.24,2025,196,196,16,361,1,4096,4,0,9,70756,0.110889,3.3489,52441,8.8804,0.868624,34.81,0.25,6.25,70.56,11.3569
26,"Andrew Chafin","P","2022","DET","Detroit Tigers",32.2,1,117,13000000,6500000,1,2,"2022","2023",0,0,0,162,66,96,0,0,-30,0,0,0,557,5378,1240,110,713,0.503,0.265,4,0.4,0.16,2,3,64,0,10,0,0,3,57.1,48,26,18,5,19,0,67,3,0,4,243,0.4,2.83,138,3.06,1.169,7.5,0.8,3,10.5,3.53,4,9,4096,0,100,0,0,9,3260.41,2304,676,324,25,361,0,4489,9,0,16,59049,0.16,8.0089,19044,9.3636,1.366561,56.25,0.64,9,110.25,12.4609
26,"Andrew Chafin","P","2023","ARI","Arizona Diamondbacks",33.2,3,118,6250000,6250000,1,1,"2023","2023",0,0,0,162,84,78,0,1,6,1,0,0,746,5436,1359,166,761,0.486,0.254,4.27,-0.2,0.04,3,4,63,0,19,0,0,8,51.1,45,30,27,6,28,0,63,1,0,2,224,0.429,4.73,93,4.01,1.422,7.9,1.1,4.9,11,2.25,9,16,3969,0,361,0,0,64,2611.21,2025,900,729,36,784,0,3969,1,0,4,50176,0.184041,22.3729,8649,16.0801,2.022084,62.41,1.21,24.01,121,5.0625
26,"Andrew Chafin","P","2024","DET","Detroit Tigers",34.2,4,119,4750000,4750000,1,1,"2024","2024",0,0,0,162,86,76,0,1,10,0,0,0,682,5442,1273,162,642,0.503,0.264,4,0.5,0.25,4,3,62,0,13,0,0,1,56.1,52,26,22,5,31,4,70,1,0,7,246,0.571,3.51,116,3.54,1.473,8.3,0.8,5,11.2,2.26,16,9,3844,0,169,0,0,1,3147.21,2704,676,484,25,961,16,4900,1,0,49,60516,0.326041,12.3201,13456,12.5316,2.169729,68.89,0.64,25,125.44,5.1076
27,"Andrew Heaney","P","2022","LAD","Los Angeles Dodgers",31.2,0,121,8500000,8500000,1,1,"2022","2022",0,0,0,162,111,51,1,1,60,0,0,2,847,5526,1418,212,513,0.531,0.261,3.52,0.5,0.25,4,4,16,14,1,0,0,0,72.2,60,34,25,14,19,0,110,9,0,0,310,0.5,3.1,130,3.75,1.087,7.4,1.7,2.4,13.6,5.79,16,16,256,196,1,0,0,0,5212.84,3600,1156,625,196,361,0,12100,81,0,0,96100,0.25,9.61,16900,14.0625,1.181569,54.76,2.89,5.76,184.96,33.5241
27,"Andrew Heaney","P","2023","TEX","Texas Rangers",32.2,1,122,25000000,12500000,1,2,"2023","2024",0,0,0,162,90,72,0,1,18,1,1,0,881,5595,1470,233,716,0.476,0.258,4.29,1,1,10,6,34,28,1,0,0,0,147.1,143,74,68,23,60,0,151,10,0,3,641,0.625,4.15,103,4.66,1.378,8.7,1.4,3.7,9.2,2.52,100,36,1156,784,1,0,0,0,21638.41,20449,5476,4624,529,3600,0,22801,100,0,9,410881,0.390625,17.2225,10609,21.7156,1.898884,75.69,1.96,13.69,84.64,6.3504
27,"Andrew Heaney","P","2024","TEX","Texas Rangers",33.2,2,122,25000000,12500000,1,2,"2023","2024",0,0,0,162,78,84,0,0,-6,0,0,1,683,5472,1302,176,738,0.476,0.258,4.29,0.4,0.16,5,14,32,31,0,0,0,0,160,159,84,76,23,41,1,159,12,0,2,693,0.263,4.28,89,4.04,1.25,8.9,1.3,2.3,8.9,3.88,25,196,1024,961,0,0,0,0,25600,25281,7056,5776,529,1681,1,25281,144,0,4,480249,0.069169,18.3184,7921,16.3216,1.5625,79.21,1.69,5.29,79.21,15.0544
27,"Andrew Heaney","P","2025","PIT","Pittsburgh Pirates",34.2,3,123,5250000,5250000,1,1,"2025","2025",0,0,0,162,71,91,0,0,-20,0,0,1,583,5375,1244,117,645,0.5,0.263,3.76,-0.3,0.09,5,10,27,23,0,0,0,0,122.1,129,77,75,25,40,0,86,9,0,2,536,0.333,5.52,78,5.59,1.381,9.5,1.8,2.9,6.3,2.15,25,100,729,529,0,0,0,0,14908.41,16641,5929,5625,625,1600,0,7396,81,0,4,287296,0.110889,30.4704,6084,31.2481,1.907161,90.25,3.24,8.41,39.69,4.6225
28,"Andrew Kittredge","P","2024","STL","St Louis Cardinals",34.4,2,126,2704641.56397049,2704641.56397049,1,1,"2024","2024",0,0,0,162,83,79,0,0,4,0,0,0,672,5507,1363,165,719,0.52,0.266,3.69,1.5,2.25,5,5,74,0,4,0,0,1,70.2,60,26,22,10,20,2,67,0,0,0,287,0.5,2.8,147,3.96,1.132,7.6,1.3,2.5,8.5,3.35,25,25,5476,0,16,0,0,1,4928.04,3600,676,484,100,400,4,4489,0,0,0,82369,0.25,7.84,21609,15.6816,1.281424,57.76,1.69,6.25,72.25,11.2225
28,"Andrew Kittredge","P","2025","BAL","Baltimore Orioles",35.4,3,127,10000000,10000000,1,1,"2025","2025",0,0,0,162,75,87,0,0,-12,0,0,0,677,5416,1273,191,788,0.475,0.258,4.05,0.6,0.36,4,3,54,0,17,0,0,5,53,41,22,20,7,11,1,64,0,0,1,208,0.571,3.4,118,3.06,0.981,7,1.2,1.9,10.9,5.82,16,9,2916,0,289,0,0,25,2809,1681,484,400,49,121,1,4096,0,0,1,43264,0.326041,11.56,13924,9.3636,0.962361,49,1.44,3.61,118.81,33.8724
29,"Andrew Miller","P","2015","NYY","New York Yankees",30.2,0,133,36000000,9000000,1,4,"2015","2018",2,0,1,162,87,75,0,1,12,0,0,1,764,5567,1397,212,698,0.569,0.267,3.64,2.3,5.29,3,2,60,0,53,0,0,36,61.2,33,16,14,5,20,1,100,5,0,2,246,0.6,2.04,200,2.16,0.859,4.8,0.7,2.9,14.6,5,9,4,3600,0,2809,0,0,1296,3745.44,1089,256,196,25,400,1,10000,25,0,4,60516,0.36,4.1616,40000,4.6656,0.737881,23.04,0.49,8.41,213.16,25
29,"Andrew Miller","P","2016","NYY","New York Yankees",31.2,1,133,36000000,9000000,1,4,"2015","2018",2,0,1,162,84,78,0,0,6,0,0,0,680,5458,1378,183,702,0.569,0.267,3.64,3.7,13.69,10,1,70,0,23,0,0,12,74.1,42,13,12,8,9,0,123,2,0,1,275,0.909,1.45,304,1.68,0.686,5.1,1,1.1,14.9,13.67,100,1,4900,0,529,0,0,144,5490.81,1764,169,144,64,81,0,15129,4,0,1,75625,0.826281,2.1025,92416,2.8224,0.470596,26.01,1,1.21,222.01,186.8689
29,"Andrew Miller","P","2019","STL","St Louis Cardinals",34.2,4,134,25000000,12500000,1,2,"2019","2020",0,0,0,162,91,71,1,1,20,0,0,1,764,5449,1336,210,662,0.52,0.266,3.67,-0.5,0.25,5,6,73,0,11,0,0,6,54.2,45,32,27,11,27,1,70,8,0,4,236,0.455,4.45,95,5.19,1.317,7.4,1.8,4.4,11.5,2.59,25,36,5329,0,121,0,0,36,2937.64,2025,1024,729,121,729,1,4900,64,0,16,55696,0.207025,19.8025,9025,26.9361,1.734489,54.76,3.24,19.36,132.25,6.7081
29,"Andrew Miller","P","2020","STL","St Louis Cardinals",35.2,6,135,30635466.7473561,15317733.3736781,0,2,"2020","2021",0,0,0,58,30,28,0,1,2,0,0,2,240,1752,410,51,229,0.52,0.266,3.67,0.1,0.01,1,1,16,0,5,0,0,4,13,9,4,4,0,5,0,16,3,0,2,55,0.5,2.77,155,2.58,1.077,6.2,0,3.5,11.1,3.2,1,1,256,0,25,0,0,16,169,81,16,16,0,25,0,256,9,0,4,3025,0.25,7.6729,24025,6.6564,1.159929,38.44,0,12.25,123.21,10.24
29,"Andrew Miller","P","2021","STL","St Louis Cardinals",36.2,8,136,29578907.5039224,14789453.7519612,0,2,"2021","2022",0,0,0,162,90,72,0,1,18,0,0,0,706,5351,1303,198,672,0.521,0.266,3.68,-0.1,0.01,0,0,40,0,6,0,0,0,36,41,19,19,5,16,1,40,5,0,1,164,0,4.75,83,4.5,1.583,10.3,1.3,4,10,2.5,0,0,1600,0,36,0,0,0,1296,1681,361,361,25,256,1,1600,25,0,1,26896,0,22.5625,6889,20.25,2.505889,106.09,1.69,16,100,6.25
30,"Angel Perdomo","P","2021","MIL","Milwaukee Brewers",26,0,137,674990.669239509,674990.669239509,1,1,"2021","2021",0,0,0,162,95,67,1,1,28,0,0,0,738,5362,1251,194,623,0.483,0.257,4.17,-0.2,0.04,1,0,19,0,8,0,0,0,17,12,12,12,4,16,2,28,2,1,1,79,1,6.35,66,6.11,1.647,6.4,2.1,8.5,14.8,1.75,1,0,361,0,64,0,0,0,289,144,144,144,16,256,4,784,4,1,1,6241,1,40.3225,4356,37.3321,2.712609,40.96,4.41,72.25,219.04,3.0625
30,"Angel Perdomo","P","2023","PIT","Pittsburgh Pirates",28,1,138,765889.986737186,765889.986737186,1,1,"2023","2023",0,0,0,162,76,86,0,0,-10,0,0,0,692,5406,1293,159,790,0.501,0.264,3.76,0.5,0.25,3,2,30,0,8,0,0,0,29,21,14,12,3,11,3,44,3,0,0,117,0.6,3.72,121,3.01,1.103,6.5,0.9,3.4,13.7,4,9,4,900,0,64,0,0,0,841,441,196,144,9,121,9,1936,9,0,0,13689,0.36,13.8384,14641,9.0601,1.216609,42.25,0.81,11.56,187.69,16
31,"Anthony Banda","P","2017","ARI","Arizona Diamondbacks",24,0,141,695958.90057858,695958.90057858,1,1,"2017","2017",0,0,0,162,93,69,0,1,24,0,0,0,812,5525,1405,220,659,0.493,0.258,4.23,0,0,2,3,8,4,1,0,0,0,25.2,26,17,17,1,10,1,25,3,0,2,115,0.4,5.96,80,3.24,1.403,9.1,0.4,3.5,8.8,2.5,4,9,64,16,1,0,0,0,635.04,676,289,289,1,100,1,625,9,0,4,13225,0.16,35.5216,6400,10.4976,1.968409,82.81,0.16,12.25,77.44,6.25
31,"Anthony Banda","P","2021","PIT","Pittsburgh Pirates",28,2,143,674990.669239509,674990.669239509,1,1,"2021","2021",0,0,0,162,61,101,0,0,-40,0,0,0,609,5336,1261,124,833,0.502,0.264,3.74,0.2,0.04,2,2,30,0,5,0,0,0,33.2,39,18,16,6,13,1,32,2,0,3,153,0.5,4.28,100,4.92,1.545,10.4,1.6,3.5,8.6,2.46,4,4,900,0,25,0,0,0,1102.24,1521,324,256,36,169,1,1024,4,0,9,23409,0.25,18.3184,10000,24.2064,2.387025,108.16,2.56,12.25,73.96,6.0516
31,"Anthony Banda","P","2025","LAD","Los Angeles Dodgers",32,6,147,1000000,1000000,1,1,"2025","2025",0,0,0,162,93,69,1,1,24,1,1,1,825,5481,1384,244,683,0.532,0.261,3.53,0.9,0.81,5,1,71,1,15,0,0,0,65,45,23,23,8,34,6,61,2,0,7,268,0.833,3.18,128,4.52,1.215,6.2,1.1,4.7,8.4,1.79,25,1,5041,1,225,0,0,0,4225,2025,529,529,64,1156,36,3721,4,0,49,71824,0.693889,10.1124,16384,20.4304,1.476225,38.44,1.21,22.09,70.56,3.2041
32,"Anthony Bass","P","2020","TOR","Toronto Blue Jays",32.8,1,149,1838128.00484137,1838128.00484137,1,1,"2020","2020",0,0,0,60,32,28,0,1,4,0,0,0,302,2023,516,88,312,0.495,0.26,4.24,0.6,0.36,2,3,26,0,14,0,0,7,25.2,17,13,10,2,9,2,21,0,0,0,100,0.4,3.51,127,3.62,1.013,6,0.7,3.2,7.4,2.33,4,9,676,0,196,0,0,49,635.04,289,169,100,4,81,4,441,0,0,0,10000,0.16,12.3201,16129,13.1044,1.026169,36,0.49,10.24,54.76,5.4289
32,"Anthony Bass","P","2021","MIA","Miami Marlins",33.8,2,150,5000000,2500000,1,2,"2021","2022",0,0,0,162,67,95,0,0,-28,0,0,0,623,5348,1244,158,701,0.461,0.256,4.3,0.1,0.01,3,9,70,1,12,0,0,0,61.1,55,33,26,11,24,6,58,3,0,0,260,0.25,3.82,111,4.93,1.288,8.1,1.6,3.5,8.5,2.42,9,81,4900,1,144,0,0,0,3733.21,3025,1089,676,121,576,36,3364,9,0,0,67600,0.0625,14.5924,12321,24.3049,1.658944,65.61,2.56,12.25,72.25,5.8564
32,"Anthony Bass","P","2022","MIA","Miami Marlins",34.8,3,150,5000000,2500000,1,2,"2021","2022",0,0,0,162,69,93,0,0,-24,0,0,0,586,5395,1241,144,676,0.46,0.255,4.29,2.7,7.29,4,3,73,0,12,0,0,0,70.1,51,15,12,6,20,1,73,0,0,2,275,0.571,1.54,264,3,1.009,6.5,0.8,2.6,9.3,3.65,16,9,5329,0,144,0,0,0,4914.01,2601,225,144,36,400,1,5329,0,0,4,75625,0.326041,2.3716,69696,9,1.018081,42.25,0.64,6.76,86.49,13.3225
32,"Anthony Bass","P","2023","TOR","Toronto Blue Jays",35.8,5,151,5573024.08709273,2786512.04354636,1,2,"2022","2023",0,0,0,162,89,73,0,1,16,0,0,1,746,5562,1423,188,671,0.499,0.261,4.22,-0.1,0.01,0,0,22,0,7,0,0,0,20,19,12,11,3,9,2,19,0,0,1,88,0,4.95,88,4.66,1.4,8.6,1.4,4.1,8.6,2.11,0,0,484,0,49,0,0,0,400,361,144,121,9,81,4,361,0,0,1,7744,0,24.5025,7744,21.7156,1.96,73.96,1.96,16.81,73.96,4.4521
33,"Anthony Bender","P","2021","MIA","Miami Marlins",26.5,0,152,674990.669239509,674990.669239509,1,1,"2021","2021",0,0,0,162,67,95,0,0,-28,0,0,0,623,5348,1244,158,701,0.461,0.256,4.3,1.3,1.69,3,2,60,1,13,0,0,3,61.1,45,22,19,5,20,3,71,6,0,4,247,0.6,2.79,152,3.19,1.06,6.6,0.7,2.9,10.4,3.55,9,4,3600,1,169,0,0,9,3733.21,2025,484,361,25,400,9,5041,36,0,16,61009,0.36,7.7841,23104,10.1761,1.1236,43.56,0.49,8.41,108.16,12.6025
33,"Anthony Bender","P","2024","MIA","Miami Marlins",29.5,2,154,791853.233557901,791853.233557901,0,1,"2024","2024",0,0,0,162,62,100,0,0,-38,0,0,0,637,5522,1347,150,841,0.459,0.255,4.3,0.7,0.49,5,2,59,0,10,0,0,1,53,50,25,24,3,18,1,59,4,0,2,228,0.714,4.08,105,2.92,1.283,8.5,0.5,3.1,10,3.28,25,4,3481,0,100,0,0,1,2809,2500,625,576,9,324,1,3481,16,0,4,51984,0.509796,16.6464,11025,8.5264,1.646089,72.25,0.25,9.61,100,10.7584
33,"Anthony Bender","P","2025","MIA","Miami Marlins",30.5,3,155,1420000,1420000,0,1,"2025","2025",0,0,0,162,79,83,0,0,-4,0,0,1,709,5543,1388,154,798,0.46,0.255,4.31,1.9,3.61,3,5,51,0,12,0,0,4,50,32,13,12,3,21,2,42,2,0,1,204,0.375,2.16,201,3.62,1.06,5.8,0.5,3.8,7.6,2,9,25,2601,0,144,0,0,16,2500,1024,169,144,9,441,4,1764,4,0,1,41616,0.140625,4.6656,40401,13.1044,1.1236,33.64,0.25,14.44,57.76,4
34,"Anthony Desclafani","P","2025","ARI","Arizona Diamondbacks",35.3,4,158,2000000,2000000,1,1,"2025","2025",0,0,0,162,80,82,0,0,-2,0,0,0,791,5480,1377,214,785,0.489,0.255,4.29,-0.1,0.01,1,2,13,4,5,0,0,2,38.2,37,23,22,11,12,2,36,5,0,0,169,0.333,5.12,85,6.29,1.267,8.6,2.6,2.8,8.4,3,1,4,169,16,25,0,0,4,1459.24,1369,529,484,121,144,4,1296,25,0,0,28561,0.110889,26.2144,7225,39.5641,1.605289,73.96,6.76,7.84,70.56,9
35,"Anthony Gose","P","2022","CLE","Cleveland Guardians",31,0,159,783455.726163496,783455.726163496,0,1,"2022","2022",0,0,0,162,92,70,1,1,22,0,0,1,698,5558,1410,127,634,0.512,0.265,3.83,-0.2,0.04,3,0,22,0,3,0,0,0,21,15,13,11,4,14,1,28,1,0,2,92,1,4.71,81,5.06,1.381,6.4,1.7,6,12,2,9,0,484,0,9,0,0,0,441,225,169,121,16,196,1,784,1,0,4,8464,1,22.1841,6561,25.6036,1.907161,40.96,2.89,36,144,4
35,"Anthony Gose","P","2024","CLE","Cleveland Guardians",33,2,160,2000000,1000000,0,2,"2023","2024",0,0,0,161,92,69,1,1,23,0,0,0,708,5310,1263,185,621,0.513,0.265,3.83,-0.2,0.04,0,0,3,0,3,0,0,0,4.1,9,5,5,2,1,0,4,0,0,1,22,0,10.38,42,8.01,2.308,18.7,4.2,2.1,8.3,4,0,0,9,0,9,0,0,0,16.81,81,25,25,4,1,0,16,0,0,1,484,0,107.7444,1764,64.1601,5.326864,349.69,17.64,4.41,68.89,16
36,"Anthony Swarzak","P","2015","CLE","Cleveland Guardians",29.9,0,165,900000,900000,1,1,"2015","2015",0,0,0,161,81,80,0,0,1,0,0,0,669,5439,1395,141,640,0.509,0.266,3.84,-0.1,0.01,0,0,10,0,3,0,0,0,13.1,18,9,5,1,4,1,13,0,0,0,61,0,3.38,131,3.06,1.65,12.2,0.7,2.7,8.8,3.25,0,0,100,0,9,0,0,0,171.61,324,81,25,1,16,1,169,0,0,0,3721,0,11.4244,17161,9.3636,2.7225,148.84,0.49,7.29,77.44,10.5625
36,"Anthony Swarzak","P","2017","CHW","Chicago White Sox",31.9,1,166,900000,900000,1,1,"2017","2017",0,0,0,162,67,95,0,0,-28,0,0,1,706,5513,1412,186,820,0.503,0.26,3.76,2.8,7.84,6,4,70,0,6,0,0,2,77.1,58,21,20,6,22,4,91,2,0,2,303,0.6,2.33,187,2.74,1.034,6.8,0.7,2.6,10.6,4.14,36,16,4900,0,36,0,0,4,5944.41,3364,441,400,36,484,16,8281,4,0,4,91809,0.36,5.4289,34969,7.5076,1.069156,46.24,0.49,6.76,112.36,17.1396
36,"Anthony Swarzak","P","2018","NYM","New York Mets",32.9,2,167,14000000,7000000,1,2,"2018","2019",0,0,0,162,77,85,0,0,-8,0,0,0,676,5468,1282,170,707,0.48,0.25,3.78,-0.5,0.25,0,2,29,0,12,0,0,4,26.1,28,18,18,6,14,0,31,1,0,2,116,0,6.15,61,5.48,1.595,9.6,2.1,4.8,10.6,2.21,0,4,841,0,144,0,0,16,681.21,784,324,324,36,196,0,961,1,0,4,13456,0,37.8225,3721,30.0304,2.544025,92.16,4.41,23.04,112.36,4.8841
36,"Anthony Swarzak","P","2019","ATL","Atlanta Braves",33.9,4,168,17447994.1947715,8723997.09738575,1,2,"2019","2020",0,0,0,162,97,65,1,1,32,0,0,0,855,5560,1432,249,743,0.501,0.26,3.66,0.1,0.01,3,4,59,0,8,0,0,4,53.1,52,30,27,12,27,3,52,0,0,2,234,0.429,4.56,100,5.71,1.481,8.8,2,4.6,8.8,1.93,9,16,3481,0,64,0,0,16,2819.61,2704,900,729,144,729,9,2704,0,0,4,54756,0.184041,20.7936,10000,32.6041,2.193361,77.44,4,21.16,77.44,3.7249
37,"Archie Bradley","P","2021","PHI","Philadelphia Phillies",29,5.112,172,6000000,6000000,1,1,"2021","2021",0,0,0,162,82,80,0,0,2,0,0,0,734,5366,1288,198,745,0.472,0.261,3.99,0.7,0.49,7,3,53,0,11,0,0,2,51,51,24,21,5,22,1,40,3,0,1,224,0.7,3.71,113,4.35,1.431,9,0.9,3.9,7.1,1.82,49,9,2809,0,121,0,0,4,2601,2601,576,441,25,484,1,1600,9,0,1,50176,0.49,13.7641,12769,18.9225,2.047761,81,0.81,15.21,50.41,3.3124
37,"Archie Bradley","P","2022","LAA","Los Angeles Angels",30,6.112,173,3750000,3750000,1,1,"2022","2022",0,0,0,162,73,89,0,0,-16,0,0,0,623,5423,1265,190,668,0.498,0.257,3.98,-0.4,0.16,0,1,21,0,6,0,0,2,18.2,17,13,10,1,7,1,15,0,0,1,78,0,4.82,85,3.33,1.286,8.2,0.5,3.4,7.2,2.14,0,1,441,0,36,0,0,4,331.24,289,169,100,1,49,1,225,0,0,1,6084,0,23.2324,7225,11.0889,1.653796,67.24,0.25,11.56,51.84,4.5796
38,"Aroldis Chapman","P","2017","NYY","New York Yankees",29.4,0,174,86000000,17200000,1,5,"2017","2021",0,0,0,162,91,71,0,1,20,0,0,2,858,5594,1463,241,660,0.569,0.267,3.64,1,1,4,3,52,0,42,0,0,22,50.1,37,20,18,3,20,2,69,3,0,5,210,0.571,3.22,141,2.56,1.132,6.6,0.5,3.6,12.3,3.45,16,9,2704,0,1764,0,0,484,2510.01,1369,400,324,9,400,4,4761,9,0,25,44100,0.326041,10.3684,19881,6.5536,1.281424,43.56,0.25,12.96,151.29,11.9025
38,"Aroldis Chapman","P","2018","NYY","New York Yankees",30.4,1,174,86000000,17200000,1,5,"2017","2021",1,0,0,162,100,62,0,1,38,0,0,0,851,5515,1374,267,669,0.569,0.266,3.65,1.5,2.25,3,0,55,0,43,0,0,32,51.1,24,15,14,2,30,0,93,5,0,9,212,1,2.45,172,2.09,1.052,4.2,0.4,5.3,16.3,3.1,9,0,3025,0,1849,0,0,1024,2611.21,576,225,196,4,900,0,8649,25,0,81,44944,1,6.0025,29584,4.3681,1.106704,17.64,0.16,28.09,265.69,9.61
38,"Aroldis Chapman","P","2019","NYY","New York Yankees",31.4,2,174,86000000,17200000,1,5,"2017","2021",1,0,0,162,103,59,1,1,44,0,0,3,943,5583,1493,306,739,0.57,0.266,3.65,1.6,2.56,3,2,60,0,53,0,0,37,57,38,18,14,3,25,0,85,1,0,6,235,0.6,2.21,202,2.28,1.105,6,0.5,3.9,13.4,3.4,9,4,3600,0,2809,0,0,1369,3249,1444,324,196,9,625,0,7225,1,0,36,55225,0.36,4.8841,40804,5.1984,1.221025,36,0.25,15.21,179.56,11.56
38,"Aroldis Chapman","P","2020","NYY","New York Yankees",32.4,3,174,86000000,17200000,1,5,"2017","2021",0,0,0,60,33,27,0,1,6,0,0,1,315,1915,473,94,270,0.57,0.266,3.65,0.4,0.16,1,1,13,0,8,0,0,3,11.2,6,4,4,2,4,0,22,1,1,0,45,0.5,3.09,142,2.93,0.857,4.6,1.5,3.1,17,5.5,1,1,169,0,64,0,0,9,125.44,36,16,16,4,16,0,484,1,1,0,2025,0.25,9.5481,20164,8.5849,0.734449,21.16,2.25,9.61,289,30.25
38,"Aroldis Chapman","P","2021","NYY","New York Yankees",33.4,5,175,56791502.407531,18930500.8025103,0,3,"2021","2023",1,0,0,162,92,70,0,1,22,0,0,0,711,5331,1266,222,669,0.57,0.266,3.65,1.5,2.25,6,4,61,0,46,0,0,30,56.1,36,23,21,9,38,2,97,3,0,7,243,0.6,3.36,128,3.99,1.314,5.8,1.4,6.1,15.5,2.55,36,16,3721,0,2116,0,0,900,3147.21,1296,529,441,81,1444,4,9409,9,0,49,59049,0.36,11.2896,16384,15.9201,1.726596,33.64,1.96,37.21,240.25,6.5025
38,"Aroldis Chapman","P","2022","NYY","New York Yankees",34.4,8,176,53501031.2360902,17833677.0786967,0,3,"2022","2024",0,0,0,162,99,63,1,1,36,0,0,1,807,5422,1308,254,567,0.57,0.266,3.65,-0.2,0.04,4,4,43,0,19,0,0,9,36.1,24,18,18,4,28,0,43,1,0,6,160,0.5,4.46,89,4.57,1.431,5.9,1,6.9,10.7,1.54,16,16,1849,0,361,0,0,81,1303.21,576,324,324,16,784,0,1849,1,0,36,25600,0.25,19.8916,7921,20.8849,2.047761,34.81,1,47.61,114.49,2.3716
38,"Aroldis Chapman","P","2024","PIT","Pittsburgh Pirates",36.4,12,178,10500000,10500000,1,1,"2024","2024",0,0,0,162,76,86,0,0,-10,0,0,0,665,5477,1283,160,739,0.5,0.263,3.76,0.4,0.16,5,5,68,0,18,0,0,14,61.2,44,31,26,5,39,0,98,2,2,4,265,0.5,3.79,110,3.04,1.346,6.4,0.7,5.7,14.3,2.51,25,25,4624,0,324,0,0,196,3745.44,1936,961,676,25,1521,0,9604,4,4,16,70225,0.25,14.3641,12100,9.2416,1.811716,40.96,0.49,32.49,204.49,6.3001
38,"Aroldis Chapman","P","2025","BOS","Boston Red Sox",37.4,13,179,10750000,10750000,1,1,"2025","2025",3,1,1,162,89,73,0,1,16,0,0,1,786,5562,1414,186,676,0.518,0.267,3.92,3.6,12.96,5,3,67,0,43,0,0,32,61.1,28,9,8,3,15,0,85,0,0,6,228,0.625,1.17,344,1.73,0.701,4.1,0.4,2.2,12.5,5.67,25,9,4489,0,1849,0,0,1024,3733.21,784,81,64,9,225,0,7225,0,0,36,51984,0.390625,1.3689,118336,2.9929,0.491401,16.81,0.16,4.84,156.25,32.1489
39,"Asdrubal Cabrera","NP","2021","ARI","Arizona Diamondbacks",35.8,7,185,1750000,1750000,1,1,"2021","2021",0,0,0,162,52,110,0,0,-58,0,0,0,679,5489,1297,144,893,0.486,0.256,4.26,0.1,0.01,0,0,2,0,1,0,0,0,1.1,1,0,0,0,0,0,0,0,0,0,4,0,0,0,3.17,0.75,6.8,0,0,0,0,0,0,4,0,1,0,0,0,1.21,1,0,0,0,0,0,0,0,0,0,16,0,0,0,10.0489,0.5625,46.24,0,0,0,0
40,"Asher Wojciechowski","P","2017","CIN","Cincinnati Reds",28.7,0.114,186,695958.90057858,695958.90057858,1,1,"2017","2017",0,0,0,165,68,94,0,0,-26,0,0,0,753,5484,1390,219,869,0.506,0.261,3.74,-1,1,4,3,25,8,2,0,0,0,62.1,71,48,45,14,19,1,64,5,0,1,279,0.571,6.5,69,5.18,1.444,10.3,2,2.7,9.2,3.37,16,9,625,64,4,0,0,0,3856.41,5041,2304,2025,196,361,1,4096,25,0,1,77841,0.326041,42.25,4761,26.8324,2.085136,106.09,4,7.29,84.64,11.3569
41,"Austin Adams","P","2023","ARI","Arizona Diamondbacks",37,3,191,765889.986737186,765889.986737186,1,1,"2023","2023",0,0,0,162,84,78,0,1,6,1,0,0,746,5436,1359,166,761,0.486,0.254,4.27,-0.2,0.04,0,1,24,0,1,0,0,0,17.1,16,12,11,1,8,0,22,5,0,2,81,0,5.71,78,3.72,1.385,8.3,0.5,4.2,11.4,2.75,0,1,576,0,1,0,0,0,292.41,256,144,121,1,64,0,484,25,0,4,6561,0,32.6041,6084,13.8384,1.918225,68.89,0.25,17.64,129.96,7.5625
42,"Austin Hedges","NP","2024","CLE","Cleveland Guardians",32,1,194,4000000,4000000,1,1,"2024","2024",0,0,0,161,92,69,1,1,23,0,0,0,708,5310,1263,185,621,0.513,0.265,3.83,0.1,0.01,0,0,1,0,1,0,0,0,2,0,0,0,0,1,0,0,0,0,0,6,0,0,0,4.67,0.5,0,0,4.5,0,0,0,0,1,0,1,0,0,0,4,0,0,0,0,1,0,0,0,0,0,36,0,0,0,21.8089,0.25,0,0,20.25,0,0
42,"Austin Hedges","NP","2025","CLE","Cleveland Guardians",33,2,195,4000000,4000000,0,1,"2025","2025",0,0,0,162,88,74,1,1,14,0,0,1,643,5310,1199,168,649,0.513,0.264,3.83,0,0,0,0,3,0,3,0,0,0,3,6,2,2,0,1,0,1,0,0,0,16,0,6,77,3.47,2.333,18,0,3,3,1,0,0,9,0,9,0,0,0,9,36,4,4,0,1,0,1,0,0,0,256,0,36,5929,12.0409,5.442889,324,0,9,9,1
43,"Bartolo Colon","P","2013","OAK","Oakland Athletics",40.2,8.061,211,3000000,3000000,0,1,"2013","2013",2,0,1,162,96,66,1,1,30,0,0,0,785,5521,1405,186,637,0.487,0.259,3.97,5.6,31.36,18,6,30,30,0,3,3,0,190.1,193,60,56,14,29,0,117,0,0,1,769,0.75,2.65,147,3.23,1.166,9.1,0.7,1.4,5.5,4.03,324,36,900,900,0,9,9,0,36138.01,37249,3600,3136,196,841,0,13689,0,0,1,591361,0.5625,7.0225,21609,10.4329,1.359556,82.81,0.49,1.96,30.25,16.2409
43,"Bartolo Colon","P","2014","NYM","New York Mets",41.2,9.061,212,20000000,10000000,1,2,"2014","2015",0,0,0,162,79,83,0,0,-4,0,0,2,629,5472,1306,125,618,0.478,0.25,3.76,0.4,0.16,15,13,31,31,0,0,0,0,202.1,218,97,92,22,30,3,151,5,0,2,846,0.536,4.09,84,3.57,1.226,9.7,1,1.3,6.7,5.03,225,169,961,961,0,0,0,0,40844.41,47524,9409,8464,484,900,9,22801,25,0,4,715716,0.287296,16.7281,7056,12.7449,1.503076,94.09,1,1.69,44.89,25.3009
43,"Bartolo Colon","P","2015","NYM","New York Mets",42.2,10.061,212,20000000,10000000,1,2,"2014","2015",0,0,0,162,90,72,1,1,18,1,0,1,683,5527,1351,177,613,0.48,0.25,3.76,1.3,1.69,14,13,33,31,1,1,1,0,194.2,217,94,90,25,24,5,136,4,0,0,815,0.519,4.16,91,3.84,1.238,10,1.2,1.1,6.3,5.67,196,169,1089,961,1,1,1,0,37713.64,47089,8836,8100,625,576,25,18496,16,0,0,664225,0.269361,17.3056,8281,14.7456,1.532644,100,1.44,1.21,39.69,32.1489
43,"Bartolo Colon","P","2016","NYM","New York Mets",43.2,11.061,213,7250000,7250000,0,1,"2016","2016",1,0,0,162,87,75,0,1,12,0,0,1,671,5459,1342,218,617,0.481,0.25,3.75,3,9,15,8,34,33,0,0,0,0,191.2,200,81,73,24,32,2,128,3,0,0,791,0.652,3.43,117,3.99,1.21,9.4,1.1,1.5,6,4,225,64,1156,1089,0,0,0,0,36557.44,40000,6561,5329,576,1024,4,16384,9,0,0,625681,0.425104,11.7649,13689,15.9201,1.4641,88.36,1.21,2.25,36,16
44,"Ben Lively","P","2023","CIN","Cincinnati Reds",31.4,0,218,765889.986737186,765889.986737186,0,1,"2023","2023",0,0,0,162,82,80,0,0,2,0,0,1,783,5499,1371,198,821,0.504,0.261,3.77,0.4,0.16,4,7,19,12,0,0,0,0,88.2,96,53,53,20,25,0,79,3,0,1,383,0.364,5.38,87,5.35,1.365,9.7,2,2.5,8,3.16,16,49,361,144,0,0,0,0,7779.24,9216,2809,2809,400,625,0,6241,9,0,1,146689,0.132496,28.9444,7569,28.6225,1.863225,94.09,4,6.25,64,9.9856
44,"Ben Lively","P","2024","CLE","Cleveland Guardians",32.4,1,219,750000,750000,1,1,"2024","2024",0,0,0,161,92,69,1,1,23,0,0,0,708,5310,1263,185,621,0.513,0.265,3.83,1.4,1.96,13,10,29,29,0,0,0,0,151,139,67,64,23,49,0,118,5,1,2,632,0.565,3.81,106,4.66,1.245,8.3,1.4,2.9,7,2.41,169,100,841,841,0,0,0,0,22801,19321,4489,4096,529,2401,0,13924,25,1,4,399424,0.319225,14.5161,11236,21.7156,1.550025,68.89,1.96,8.41,49,5.8081
44,"Ben Lively","P","2025","CLE","Cleveland Guardians",33.4,2,220,2250000,2250000,0,1,"2025","2025",0,0,0,162,88,74,1,1,14,0,0,1,643,5310,1199,168,649,0.513,0.264,3.83,0.9,0.81,2,2,9,9,0,0,0,0,44.2,38,16,16,6,15,0,29,0,0,0,178,0.5,3.22,129,4.59,1.187,7.7,1.2,3,5.8,1.93,4,4,81,81,0,0,0,0,1953.64,1444,256,256,36,225,0,841,0,0,0,31684,0.25,10.3684,16641,21.0681,1.408969,59.29,1.44,9,33.64,3.7249
45,"Blaine Boyer","P","2016","MIL","Milwaukee Brewers",35.1,0.07,233,950000,950000,1,1,"2016","2016",0,0,0,162,73,89,0,0,-16,0,0,0,671,5330,1299,194,733,0.477,0.258,4.19,0.5,0.25,2,4,61,0,17,0,0,1,66,80,30,29,4,17,3,26,1,0,0,282,0.333,3.95,108,3.96,1.47,10.9,0.5,2.3,3.5,1.53,4,16,3721,0,289,0,0,1,4356,6400,900,841,16,289,9,676,1,0,0,79524,0.110889,15.6025,11664,15.6816,2.1609,118.81,0.25,5.29,12.25,2.3409
45,"Blaine Boyer","P","2017","BOS","Boston Red Sox",36.1,1.07,234,695958.90057858,695958.90057858,1,1,"2017","2017",0,0,0,162,93,69,1,1,24,0,0,0,785,5669,1461,168,668,0.517,0.267,3.9,0.2,0.04,1,1,32,0,11,0,0,0,41.1,50,20,20,3,14,3,33,1,0,1,178,0.5,4.35,105,3.59,1.548,10.9,0.7,3,7.2,2.36,1,1,1024,0,121,0,0,0,1689.21,2500,400,400,9,196,9,1089,1,0,1,31684,0.25,18.9225,11025,12.8881,2.396304,118.81,0.49,9,51.84,5.5696
46,"Blake Parker","P","2017","LAA","Los Angeles Angels",32.2,2.036,235,560000,560000,1,1,"2017","2017",0,0,0,162,80,82,0,0,-2,0,0,0,710,5415,1314,186,709,0.501,0.258,3.95,1.7,2.89,3,3,71,0,17,0,0,8,67.1,40,20,19,7,16,0,86,1,0,4,254,0.5,2.54,168,2.71,0.832,5.3,0.9,2.1,11.5,5.38,9,9,5041,0,289,0,0,64,4502.41,1600,400,361,49,256,0,7396,1,0,16,64516,0.25,6.4516,28224,7.3441,0.692224,28.09,0.81,4.41,132.25,28.9444
46,"Blake Parker","P","2019","MIN","Minnesota Twins",34.2,4.036,236,1800000,1800000,1,1,"2019","2019",0,0,0,162,101,61,1,1,40,0,0,0,939,5732,1547,307,754,0.481,0.263,3.99,0.3,0.09,3,3,60,2,21,0,0,10,61.1,53,32,31,13,22,0,65,3,0,4,255,0.5,4.55,100,5.07,1.223,7.8,1.9,3.2,9.5,2.95,9,9,3600,4,441,0,0,100,3733.21,2809,1024,961,169,484,0,4225,9,0,16,65025,0.25,20.7025,10000,25.7049,1.495729,60.84,3.61,10.24,90.25,8.7025
46,"Blake Parker","P","2020","PHI","Philadelphia Phillies",35.2,5.036,237,690523.420485407,690523.420485407,1,1,"2020","2020",0,0,0,60,28,32,0,0,-4,0,0,0,306,1948,501,82,311,0.472,0.261,3.98,0.6,0.36,3,0,14,1,4,0,0,0,16,12,7,5,2,9,2,25,0,0,0,69,1,2.81,163,3.38,1.313,6.8,1.1,5.1,14.1,2.78,9,0,196,1,16,0,0,0,256,144,49,25,4,81,4,625,0,0,0,4761,1,7.8961,26569,11.4244,1.723969,46.24,1.21,26.01,198.81,7.7284
47,"Blake Snell","P","2025","LAD","Los Angeles Dodgers",32,2,241,182000000,36400000,1,5,"2025","2029",0,0,0,162,93,69,1,1,24,1,1,1,825,5481,1384,244,683,0.532,0.261,3.53,1.4,1.96,5,4,11,11,0,0,0,0,61.1,51,21,16,3,26,1,72,0,0,7,254,0.556,2.35,174,2.69,1.255,7.5,0.4,3.8,10.6,2.77,25,16,121,121,0,0,0,0,3733.21,2601,441,256,9,676,1,5184,0,0,49,64516,0.309136,5.5225,30276,7.2361,1.575025,56.25,0.16,14.44,112.36,7.6729
48,"Blake Treinen","P","2020","LAD","Los Angeles Dodgers",32.1,0,242,10000000,10000000,1,1,"2020","2020",0,0,0,60,43,17,1,1,26,1,1,0,349,2042,523,118,213,0.528,0.261,3.53,-0.2,0.04,3,3,27,0,3,0,0,1,25.2,23,15,11,1,8,1,22,2,0,2,107,0.5,3.86,114,3.15,1.208,8.1,0.4,2.8,7.7,2.75,9,9,729,0,9,0,0,1,635.04,529,225,121,1,64,1,484,4,0,4,11449,0.25,14.8996,12996,9.9225,1.459264,65.61,0.16,7.84,59.29,7.5625
48,"Blake Treinen","P","2021","LAD","Los Angeles Dodgers",33.1,1,243,17500000,8750000,0,2,"2021","2022",0,0,0,162,106,56,0,1,50,0,0,0,830,5445,1330,237,561,0.529,0.261,3.53,2.5,6.25,6,5,72,0,10,0,0,7,72.1,46,20,16,5,25,1,85,3,0,3,286,0.545,1.99,212,2.88,0.982,5.7,0.6,3.1,10.6,3.4,36,25,5184,0,100,0,0,49,5198.41,2116,400,256,25,625,1,7225,9,0,9,81796,0.297025,3.9601,44944,8.2944,0.964324,32.49,0.36,9.61,112.36,11.56
48,"Blake Treinen","P","2022","LAD","Los Angeles Dodgers",34.1,2,243,17500000,8750000,0,2,"2021","2022",0,0,0,162,111,51,1,1,60,0,0,2,847,5526,1418,212,513,0.531,0.261,3.52,0.2,0.04,1,1,5,0,1,0,0,0,5,1,1,1,1,1,0,6,0,0,0,17,0.5,1.8,240,3.91,0.4,1.8,1.8,1.8,10.8,6,1,1,25,0,1,0,0,0,25,1,1,1,1,1,0,36,0,0,0,289,0.25,3.24,57600,15.2881,0.16,3.24,3.24,3.24,116.64,36
48,"Blake Treinen","P","2025","LAD","Los Angeles Dodgers",37.1,4,245,22000000,11000000,0,2,"2025","2026",0,0,0,162,93,69,1,1,24,1,1,1,825,5481,1384,244,683,0.532,0.261,3.53,-0.6,0.36,2,7,32,0,9,0,0,2,26.2,30,18,16,4,19,4,36,2,0,1,129,0.222,5.4,76,4.75,1.838,10.1,1.4,6.4,12.2,1.89,4,49,1024,0,81,0,0,4,686.44,900,324,256,16,361,16,1296,4,0,1,16641,0.049284,29.16,5776,22.5625,3.378244,102.01,1.96,40.96,148.84,3.5721
49,"Blake Wood","P","2016","CIN","Cincinnati Reds",31,0,246,600000,600000,1,1,"2016","2016",0,0,0,162,68,94,0,0,-26,0,0,1,716,5487,1403,164,854,0.507,0.262,3.72,0.5,0.25,6,5,70,0,21,0,0,1,76.2,72,38,34,9,38,3,81,2,0,8,330,0.545,3.99,107,4.12,1.435,8.5,1.1,4.5,9.5,2.13,36,25,4900,0,441,0,0,1,5806.44,5184,1444,1156,81,1444,9,6561,4,0,64,108900,0.297025,15.9201,11449,16.9744,2.059225,72.25,1.21,20.25,90.25,4.5369
49,"Blake Wood","P","2018","LAA","Los Angeles Angels",33,1,247,1846726.84565061,1846726.84565061,1,1,"2018","2018",0,0,0,162,80,82,0,0,-2,0,0,1,721,5472,1323,214,722,0.5,0.257,3.95,0.4,0.16,1,0,13,0,1,0,0,0,11.2,8,3,3,1,7,2,10,1,0,0,47,1,2.31,187,4.62,1.286,6.2,0.8,5.4,7.7,1.43,1,0,169,0,1,0,0,0,125.44,64,9,9,1,49,4,100,1,0,0,2209,1,5.3361,34969,21.3444,1.653796,38.44,0.64,29.16,59.29,2.0449
50,"Boone Logan","P","2014","COL","Colorado Rockies",30,0.14,252,16500000,5500000,1,3,"2014","2016",0,0,0,162,66,96,0,0,-30,0,0,0,755,5612,1551,186,818,0.469,0.276,5,-1,1,2,3,35,0,8,0,0,0,25,31,20,19,6,11,1,32,1,0,3,116,0.4,6.84,63,5.13,1.68,11.2,2.2,4,11.5,2.91,4,9,1225,0,64,0,0,0,625,961,400,361,36,121,1,1024,1,0,9,13456,0.16,46.7856,3969,26.3169,2.8224,125.44,4.84,16,132.25,8.4681
50,"Boone Logan","P","2015","COL","Colorado Rockies",31,1.14,252,16500000,5500000,1,3,"2014","2016",0,0,0,162,68,94,0,0,-26,0,0,0,737,5572,1479,186,844,0.466,0.275,5,0.6,0.36,0,3,60,0,12,0,0,0,35.1,40,17,17,3,17,1,44,5,0,3,168,0,4.33,108,3.62,1.613,10.2,0.8,4.3,11.2,2.59,0,9,3600,0,144,0,0,0,1232.01,1600,289,289,9,289,1,1936,25,0,9,28224,0,18.7489,11664,13.1044,2.601769,104.04,0.64,18.49,125.44,6.7081
50,"Boone Logan","P","2016","COL","Colorado Rockies",32,2.14,252,16500000,5500000,1,3,"2014","2016",0,0,0,162,75,87,0,0,-12,0,0,0,845,5614,1544,204,860,0.466,0.275,4.99,0.6,0.36,2,5,66,0,9,0,0,1,46.1,27,23,19,4,20,5,57,2,0,4,187,0.286,3.69,132,3.23,1.014,5.2,0.8,3.9,11.1,2.85,4,25,4356,0,81,0,0,1,2125.21,729,529,361,16,400,25,3249,4,0,16,34969,0.081796,13.6161,17424,10.4329,1.028196,27.04,0.64,15.21,123.21,8.1225
50,"Boone Logan","P","2017","CLE","Cleveland Guardians",33,3.14,253,6500000,6500000,1,1,"2017","2017",0,0,0,162,102,60,1,1,42,0,0,1,818,5511,1449,212,564,0.511,0.266,3.83,0,0,1,0,38,0,4,0,0,0,21,20,13,11,2,9,0,28,1,0,0,91,1,4.71,98,3.16,1.381,8.6,0.9,3.9,12,3.11,1,0,1444,0,16,0,0,0,441,400,169,121,4,81,0,784,1,0,0,8281,1,22.1841,9604,9.9856,1.907161,73.96,0.81,15.21,144,9.6721
50,"Boone Logan","P","2018","MIL","Milwaukee Brewers",34,4.14,254,2500000,2500000,1,1,"2018","2018",0,0,0,163,96,67,1,1,29,0,0,1,754,5542,1398,218,659,0.48,0.258,4.17,-0.2,0.04,1,0,16,0,4,0,0,0,10.2,15,7,7,3,10,3,14,1,0,1,58,1,5.91,71,7.29,2.344,12.7,2.5,8.4,11.8,1.4,1,0,256,0,16,0,0,0,104.04,225,49,49,9,100,9,196,1,0,1,3364,1,34.9281,5041,53.1441,5.494336,161.29,6.25,70.56,139.24,1.96
51,"Brad Boxberger","P","2020","MIA","Miami Marlins",32.2,6.05,256,1000000,1000000,1,1,"2020","2020",0,0,0,60,31,29,0,1,2,0,0,0,263,1935,472,60,304,0.463,0.257,4.31,0.5,0.25,1,0,23,0,0,0,0,0,18,17,7,6,3,8,0,18,1,0,0,79,1,3,154,4.86,1.389,8.5,1.5,4,9,2.25,1,0,529,0,0,0,0,0,324,289,49,36,9,64,0,324,1,0,0,6241,1,9,23716,23.6196,1.929321,72.25,2.25,16,81,5.0625
51,"Brad Boxberger","P","2022","MIL","Milwaukee Brewers",34.2,8.033,257,2500000,2500000,0,1,"2022","2022",0,0,0,162,86,76,0,0,10,0,0,0,725,5417,1271,219,688,0.484,0.257,4.16,1.2,1.44,4,3,70,0,9,0,0,1,64,52,23,21,6,27,1,68,2,0,0,268,0.571,2.95,137,3.57,1.234,7.3,0.8,3.8,9.6,2.52,16,9,4900,0,81,0,0,1,4096,2704,529,441,36,729,1,4624,4,0,0,71824,0.326041,8.7025,18769,12.7449,1.522756,53.29,0.64,14.44,92.16,6.3504
51,"Brad Boxberger","P","2023","CHC","Chicago Cubs",35.2,9.033,258,2800000,2800000,1,1,"2023","2023",0,0,0,162,83,79,0,0,4,0,0,0,819,5504,1399,196,723,0.513,0.262,3.7,0,0,0,1,22,0,6,0,0,2,20,15,11,11,3,11,1,17,1,0,0,84,0,4.95,87,5.31,1.3,6.8,1.4,5,7.7,1.55,0,1,484,0,36,0,0,4,400,225,121,121,9,121,1,289,1,0,0,7056,0,24.5025,7569,28.1961,1.69,46.24,1.96,25,59.29,2.4025
52,"Brad Brach","P","2019","CHC","Chicago Cubs",33.3,6.063,259,3000000,3000000,1,1,"2019","2019",0,0,0,162,84,78,0,0,6,0,0,1,814,5461,1378,256,717,0.514,0.263,3.68,-0.2,0.04,5,4,58,0,6,0,0,0,54.1,57,33,33,4,31,2,60,1,0,3,242,0.556,5.47,80,3.73,1.62,9.4,0.7,5.1,9.9,1.94,25,16,3364,0,36,0,0,0,2926.81,3249,1089,1089,16,961,4,3600,1,0,9,58564,0.309136,29.9209,6400,13.9129,2.6244,88.36,0.49,26.01,98.01,3.7636
52,"Brad Brach","P","2020","NYM","New York Mets",34.3,7.063,260,2100000,1050000,0,2,"2020","2021",0,0,0,60,26,34,0,0,-8,0,0,0,286,2023,551,86,308,0.48,0.25,3.8,0,0,1,0,14,0,5,0,0,0,12.1,8,8,8,2,14,0,14,1,0,2,58,1,5.84,75,6.68,1.784,5.8,1.5,10.2,10.2,1,1,0,196,0,25,0,0,0,146.41,64,64,64,4,196,0,196,1,0,4,3364,1,34.1056,5625,44.6224,3.182656,33.64,2.25,104.04,104.04,1
53,"Brad Hand","P","2022","PHI","Philadelphia Phillies",32.4,8.092,262,6000000,6000000,1,1,"2022","2022",0,0,0,162,87,75,0,1,12,1,0,1,747,5496,1392,205,685,0.473,0.26,3.99,0.8,0.64,3,2,55,0,15,0,0,5,45,37,18,14,2,23,1,38,6,0,1,198,0.6,2.8,143,3.93,1.333,7.4,0.4,4.6,7.6,1.65,9,4,3025,0,225,0,0,25,2025,1369,324,196,4,529,1,1444,36,0,1,39204,0.36,7.84,20449,15.4449,1.776889,54.76,0.16,21.16,57.76,2.7225
53,"Brad Hand","P","2023","COL","Colorado Rockies",33.4,9.092,263,2000000,2000000,1,1,"2023","2023",0,0,0,162,59,103,0,0,-44,0,0,0,721,5496,1368,163,957,0.465,0.272,5,-0.1,0.01,5,3,60,0,15,0,0,1,53.2,54,33,33,6,22,3,59,5,0,3,236,0.625,5.53,87,4.02,1.416,9.1,1,3.7,9.9,2.68,25,9,3600,0,225,0,0,1,2830.24,2916,1089,1089,36,484,9,3481,25,0,9,55696,0.390625,30.5809,7569,16.1604,2.005056,82.81,1,13.69,98.01,7.1824
54,"Brad Miller","NP","2023","TEX","Texas Rangers",33.8,4,267,10637360.9269054,5318680.46345268,0,2,"2023","2024",0,0,0,162,90,72,0,1,18,1,1,0,881,5595,1470,233,716,0.476,0.258,4.29,-0.1,0.01,0,0,1,0,1,0,0,0,2,2,3,3,1,2,0,0,0,0,0,9,0,13.5,37,12.76,2,9,4.5,9,0,0,0,0,1,0,1,0,0,0,4,4,9,9,1,4,0,0,0,0,0,81,0,182.25,1369,162.8176,4,81,20.25,81,0,0
55,"Brad Ziegler","P","2014","ARI","Arizona Diamondbacks",34.8,0,268,10500000,5250000,0,2,"2014","2015",0,0,0,162,64,98,0,0,-34,0,0,0,615,5552,1379,118,742,0.492,0.258,4.23,0.3,0.09,5,3,68,0,11,0,0,1,67,60,29,26,5,24,6,54,3,0,0,281,0.625,3.49,108,3.7,1.254,8.1,0.7,3.2,7.3,2.25,25,9,4624,0,121,0,0,1,4489,3600,841,676,25,576,36,2916,9,0,0,78961,0.390625,12.1801,11664,13.69,1.572516,65.61,0.49,10.24,53.29,5.0625
55,"Brad Ziegler","P","2015","ARI","Arizona Diamondbacks",35.8,1,268,10500000,5250000,0,2,"2014","2015",0,0,0,162,79,83,0,0,-4,0,0,1,720,5649,1494,154,713,0.492,0.258,4.22,2.1,4.41,0,3,66,0,46,0,0,30,68,48,17,14,3,17,3,36,1,0,2,263,0,1.85,223,3.44,0.956,6.4,0.4,2.3,4.8,2.12,0,9,4356,0,2116,0,0,900,4624,2304,289,196,9,289,9,1296,1,0,4,69169,0,3.4225,49729,11.8336,0.913936,40.96,0.16,5.29,23.04,4.4944
55,"Brad Ziegler","P","2017","MIA","Miami Marlins",37.8,2,269,16000000,8000000,1,2,"2017","2018",0,0,0,162,77,85,0,0,-8,0,0,2,778,5602,1497,194,822,0.47,0.258,4.27,-0.8,0.64,1,4,53,0,21,0,0,10,47,57,29,25,1,16,6,26,6,0,1,211,0.2,4.79,83,3.73,1.553,10.9,0.2,3.1,5,1.63,1,16,2809,0,441,0,0,100,2209,3249,841,625,1,256,36,676,36,0,1,44521,0.04,22.9441,6889,13.9129,2.411809,118.81,0.04,9.61,25,2.6569
55,"Brad Ziegler","P","2018","MIA","Miami Marlins",38.8,3,269,16000000,8000000,1,2,"2017","2018",0,0,0,161,63,98,0,0,-35,0,0,1,589,5488,1303,128,809,0.467,0.258,4.29,0.1,0.01,2,6,82,0,24,0,0,10,73.2,71,34,32,8,25,6,50,2,0,1,305,0.25,3.91,102,4.31,1.303,8.7,1,3.1,6.1,2,4,36,6724,0,576,0,0,100,5358.24,5041,1156,1024,64,625,36,2500,4,0,1,93025,0.0625,15.2881,10404,18.5761,1.697809,75.69,1,9.61,37.21,4
56,"Brandon Drury","NP","2021","NYM","New York Mets",29,4.096,273,1550000,1550000,1,1,"2021","2021",0,0,0,162,77,85,0,0,-8,0,0,0,636,5210,1243,176,668,0.48,0.25,3.8,-0.1,0.01,0,0,1,0,0,0,0,0,0.2,3,2,2,1,1,0,0,1,0,0,7,0,27,23,31.67,6,40.5,13.5,13.5,0,0,0,0,1,0,0,0,0,0,0.04,9,4,4,1,1,0,0,1,0,0,49,0,729,529,1002.9889,36,1640.25,182.25,182.25,0,0
57,"Brandon Kintzler","P","2020","MIA","Miami Marlins",36,8.003,281,3250000,3250000,1,1,"2020","2020",0,0,0,60,31,29,0,1,2,0,0,0,263,1935,472,60,304,0.463,0.257,4.31,1.3,1.69,2,3,24,0,21,0,0,12,24.1,21,7,6,3,11,3,14,0,0,0,101,0.4,2.22,207,5,1.315,7.8,1.1,4.1,5.2,1.27,4,9,576,0,441,0,0,144,580.81,441,49,36,9,121,9,196,0,0,0,10201,0.16,4.9284,42849,25,1.729225,60.84,1.21,16.81,27.04,1.6129
57,"Brandon Kintzler","P","2021","PHI","Philadelphia Phillies",37,9.003,282,3000000,3000000,1,1,"2021","2021",0,0,0,162,82,80,0,0,2,0,0,0,734,5366,1288,198,745,0.472,0.261,3.99,-0.3,0.09,2,1,29,1,6,0,0,0,29.2,45,23,21,7,8,2,22,1,0,0,141,0.667,6.37,66,5.66,1.787,13.7,2.1,2.4,6.7,2.75,4,1,841,1,36,0,0,0,852.64,2025,529,441,49,64,4,484,1,0,0,19881,0.444889,40.5769,4356,32.0356,3.193369,187.69,4.41,5.76,44.89,7.5625
58,"Brandon Mccarthy","P","2013","ARI","Arizona Diamondbacks",30.1,0,283,15500000,7750000,1,2,"2013","2014",0,0,0,162,81,81,0,0,0,0,0,0,685,5676,1468,130,695,0.498,0.258,4.23,-0.2,0.04,5,11,22,22,0,2,1,0,135,161,71,68,13,21,3,76,5,1,1,577,0.313,4.53,85,3.75,1.348,10.7,0.9,1.4,5.1,3.62,25,121,484,484,0,4,1,0,18225,25921,5041,4624,169,441,9,5776,25,1,1,332929,0.097969,20.5209,7225,14.0625,1.817104,114.49,0.81,1.96,26.01,13.1044
58,"Brandon Mccarthy","P","2014","ARI","Arizona Diamondbacks",31.1,1,283,15500000,7750000,1,2,"2013","2014",0,0,0,162,64,98,0,0,-34,0,0,0,615,5552,1379,118,742,0.492,0.258,4.23,1,1,10,15,32,32,0,1,1,0,200,222,100,90,25,33,4,175,3,0,4,836,0.4,4.05,94,3.55,1.275,10,1.1,1.5,7.9,5.3,100,225,1024,1024,0,1,1,0,40000,49284,10000,8100,625,1089,16,30625,9,0,16,698896,0.16,16.4025,8836,12.6025,1.625625,100,1.21,2.25,62.41,28.09
58,"Brandon Mccarthy","P","2015","LAD","Los Angeles Dodgers",32.1,2,284,48000000,12000000,1,4,"2015","2018",0,0,0,162,92,70,1,1,22,0,0,1,667,5385,1346,187,595,0.525,0.262,3.53,-0.3,0.09,3,0,4,4,0,0,0,0,23,24,15,15,9,4,0,29,0,0,0,94,1,5.87,64,6.22,1.217,9.4,3.5,1.6,11.3,7.25,9,0,16,16,0,0,0,0,529,576,225,225,81,16,0,841,0,0,0,8836,1,34.4569,4096,38.6884,1.481089,88.36,12.25,2.56,127.69,52.5625
58,"Brandon Mccarthy","P","2016","LAD","Los Angeles Dodgers",33.1,3,284,48000000,12000000,1,4,"2015","2018",0,0,0,162,91,71,1,1,20,0,0,1,725,5518,1376,189,638,0.526,0.262,3.54,0,0,2,3,10,9,0,0,0,0,40,29,24,22,2,26,1,44,2,0,2,171,0.4,4.95,82,3.7,1.375,6.5,0.5,5.9,9.9,1.69,4,9,100,81,0,0,0,0,1600,841,576,484,4,676,1,1936,4,0,4,29241,0.16,24.5025,6724,13.69,1.890625,42.25,0.25,34.81,98.01,2.8561
58,"Brandon Mccarthy","P","2017","LAD","Los Angeles Dodgers",34.1,4,284,48000000,12000000,1,4,"2015","2018",0,0,0,164,104,58,1,1,46,1,0,0,770,5408,1347,221,580,0.527,0.262,3.53,0.8,0.64,6,4,19,16,0,0,0,0,92.2,89,43,41,5,27,0,72,3,0,4,384,0.6,3.98,104,3.28,1.252,8.6,0.5,2.6,7,2.67,36,16,361,256,0,0,0,0,8500.84,7921,1849,1681,25,729,0,5184,9,0,16,147456,0.36,15.8404,10816,10.7584,1.567504,73.96,0.25,6.76,49,7.1289
58,"Brandon Mccarthy","P","2018","ATL","Atlanta Braves",35.1,6,285,61133026.614641,15283256.6536602,1,4,"2018","2021",0,0,0,162,90,72,1,1,18,0,0,1,759,5582,1433,175,657,0.5,0.26,3.66,-0.1,0.01,6,3,15,15,0,0,0,0,78.2,94,45,43,15,21,0,65,0,0,2,339,0.667,4.92,83,4.79,1.462,10.8,1.7,2.4,7.4,3.1,36,9,225,225,0,0,0,0,6115.24,8836,2025,1849,225,441,0,4225,0,0,4,114921,0.444889,24.2064,6889,22.9441,2.137444,116.64,2.89,5.76,54.76,9.61
59,"Brandon Morrow","P","2017","LAD","Los Angeles Dodgers",33.1,2,288,1250000,1250000,1,1,"2017","2017",0,0,0,164,104,58,1,1,46,1,0,0,770,5408,1347,221,580,0.527,0.262,3.53,1.2,1.44,6,0,45,0,10,0,0,2,43.2,31,10,10,0,9,1,50,1,0,2,170,1,2.06,202,1.55,0.916,6.4,0,1.9,10.3,5.56,36,0,2025,0,100,0,0,4,1866.24,961,100,100,0,81,1,2500,1,0,4,28900,1,4.2436,40804,2.4025,0.839056,40.96,0,3.61,106.09,30.9136
59,"Brandon Morrow","P","2018","CHC","Chicago Cubs",34.1,3,289,21000000,10500000,1,2,"2018","2019",0,0,0,163,95,68,0,1,27,0,0,0,761,5624,1453,167,645,0.513,0.263,3.68,1.3,1.69,0,0,35,0,30,0,0,22,30.2,24,5,5,2,9,0,31,1,0,1,122,0,1.47,286,2.96,1.076,7,0.6,2.6,9.1,3.44,0,0,1225,0,900,0,0,484,912.04,576,25,25,4,81,0,961,1,0,1,14884,0,2.1609,81796,8.7616,1.157776,49,0.36,6.76,82.81,11.8336
60,"Brenan Hanifee","P","2023","DET","Detroit Tigers",25.2,0,298,765889.986737186,765889.986737186,0,1,"2023","2023",0,0,0,162,78,84,0,0,-6,0,0,0,661,5478,1292,165,740,0.503,0.264,4,0,0,0,0,3,0,2,0,0,0,5,8,3,3,1,0,0,3,0,0,1,23,0,5.4,86,4.66,1.6,14.4,1.8,0,5.4,0,0,0,9,0,4,0,0,0,25,64,9,9,1,0,0,9,0,0,1,529,0,29.16,7396,21.7156,2.56,207.36,3.24,0,29.16,0
60,"Brenan Hanifee","P","2025","DET","Detroit Tigers",27.2,1,299,766000,766000,0,1,"2025","2025",0,0,0,162,87,75,0,1,12,0,0,0,758,5456,1346,198,691,0.503,0.264,4,0,0,3,3,54,0,11,0,0,0,60,65,31,20,3,14,2,40,2,0,2,260,0.5,3,140,3.25,1.317,9.8,0.5,2.1,6,2.86,9,9,2916,0,121,0,0,0,3600,4225,961,400,9,196,4,1600,4,0,4,67600,0.25,9,19600,10.5625,1.734489,96.04,0.25,4.41,36,8.1796
61,"Brett Anderson","P","2015","LAD","Los Angeles Dodgers",27.5,6,300,10000000,10000000,1,1,"2015","2015",0,0,0,162,92,70,1,1,22,0,0,1,667,5385,1346,187,595,0.525,0.262,3.53,1.5,2.25,10,9,31,31,0,1,0,0,180.1,194,82,74,18,46,2,116,2,2,4,750,0.526,3.69,100,3.94,1.331,9.7,0.9,2.3,5.8,2.52,100,81,961,961,0,1,0,0,32436.01,37636,6724,5476,324,2116,4,13456,4,4,16,562500,0.276676,13.6161,10000,15.5236,1.771561,94.09,0.81,5.29,33.64,6.3504
61,"Brett Anderson","P","2016","LAD","Los Angeles Dodgers",28.5,7,301,15800000,15800000,0,1,"2016","2016",0,0,0,162,91,71,1,1,20,0,0,1,725,5518,1376,189,638,0.526,0.262,3.54,-0.7,0.49,1,2,4,3,0,0,0,0,11.1,25,15,15,4,4,0,5,0,0,2,62,0.333,11.91,35,7.91,2.559,19.9,3.2,3.2,4,1.25,1,4,16,9,0,0,0,0,123.21,625,225,225,16,16,0,25,0,0,4,3844,0.110889,141.8481,1225,62.5681,6.548481,396.01,10.24,10.24,16,1.5625
61,"Brett Anderson","P","2017","TOR","Toronto Blue Jays",29.5,8,302,695958.90057858,695958.90057858,1,1,"2017","2017",0,0,0,162,76,86,0,0,-10,0,0,1,693,5499,1320,222,784,0.498,0.261,4.21,-0.5,0.25,4,4,13,13,0,0,0,0,55.1,73,41,39,5,21,0,38,0,0,2,251,0.5,6.34,71,4.1,1.699,11.9,0.8,3.4,6.2,1.81,16,16,169,169,0,0,0,0,3036.01,5329,1681,1521,25,441,0,1444,0,0,4,63001,0.25,40.1956,5041,16.81,2.886601,141.61,0.64,11.56,38.44,3.2761
61,"Brett Anderson","P","2018","OAK","Oakland Athletics",30.5,8.155,303,4000000,4000000,1,1,"2018","2018",0,0,0,162,97,65,0,1,32,0,0,0,813,5579,1407,227,674,0.488,0.259,3.98,0.6,0.36,4,5,17,17,0,0,0,0,80.1,90,42,40,10,13,0,47,2,0,3,333,0.444,4.48,93,4.17,1.282,10.1,1.1,1.5,5.3,3.62,16,25,289,289,0,0,0,0,6416.01,8100,1764,1600,100,169,0,2209,4,0,9,110889,0.197136,20.0704,8649,17.3889,1.643524,102.01,1.21,2.25,28.09,13.1044
61,"Brett Anderson","P","2019","OAK","Oakland Athletics",31.5,9.135,304,1500000,1500000,0,1,"2019","2019",0,0,0,162,97,65,0,1,32,0,0,1,845,5561,1384,257,680,0.489,0.259,3.98,2.9,8.41,13,9,31,31,0,0,0,0,176,181,80,76,20,49,2,90,4,0,4,743,0.591,3.89,111,4.57,1.307,9.3,1,2.5,4.6,1.84,169,81,961,961,0,0,0,0,30976,32761,6400,5776,400,2401,4,8100,16,0,16,552049,0.349281,15.1321,12321,20.8849,1.708249,86.49,1,6.25,21.16,3.3856
61,"Brett Anderson","P","2020","MIL","Milwaukee Brewers",32.5,10.135,305,5000000,5000000,1,1,"2020","2020",0,0,0,60,29,31,0,1,-2,0,0,1,247,1920,429,75,264,0.481,0.257,4.18,0.6,0.36,4,4,10,10,0,0,0,0,47,50,24,22,6,10,0,32,4,0,0,202,0.5,4.21,108,4.38,1.277,9.6,1.1,1.9,6.1,3.2,16,16,100,100,0,0,0,0,2209,2500,576,484,36,100,0,1024,16,0,0,40804,0.25,17.7241,11664,19.1844,1.630729,92.16,1.21,3.61,37.21,10.24
61,"Brett Anderson","P","2021","MIL","Milwaukee Brewers",33.5,11.135,306,2500000,2500000,0,1,"2021","2021",0,0,0,162,95,67,1,1,28,0,0,0,738,5362,1251,194,623,0.483,0.257,4.17,0.1,0.01,4,9,24,24,0,0,0,0,96,102,52,45,11,28,0,58,2,2,0,409,0.308,4.22,98,4.39,1.354,9.6,1,2.6,5.4,2.07,16,81,576,576,0,0,0,0,9216,10404,2704,2025,121,784,0,3364,4,4,0,167281,0.094864,17.8084,9604,19.2721,1.833316,92.16,1,6.76,29.16,4.2849
62,"Brian Duensing","P","2017","CHC","Chicago Cubs",34.5,7.055,314,2000000,2000000,1,1,"2017","2017",0,0,0,166,92,70,1,1,22,0,0,0,822,5496,1402,223,695,0.513,0.263,3.68,1.4,1.96,1,1,68,0,12,0,0,0,62.1,58,19,19,6,18,1,61,2,0,2,257,0.5,2.74,161,3.41,1.219,8.4,0.9,2.6,8.8,3.39,1,1,4624,0,144,0,0,0,3856.41,3364,361,361,36,324,1,3721,4,0,4,66049,0.25,7.5076,25921,11.6281,1.485961,70.56,0.81,6.76,77.44,11.4921
62,"Brian Duensing","P","2018","CHC","Chicago Cubs",35.5,8.055,315,7000000,3500000,0,2,"2018","2019",0,0,0,163,95,68,0,1,27,0,0,0,761,5624,1453,167,645,0.513,0.263,3.68,-1.7,2.89,3,0,48,0,7,0,0,1,37.2,42,33,32,6,29,2,24,1,0,0,181,1,7.65,55,6.35,1.885,10,1.4,6.9,5.7,0.83,9,0,2304,0,49,0,0,1,1383.84,1764,1089,1024,36,841,4,576,1,0,0,32761,1,58.5225,3025,40.3225,3.553225,100,1.96,47.61,32.49,0.6889
63,"Brian Moran","P","2019","MIA","Miami Marlins",30.8,0,318,691688.341292727,691688.341292727,0,1,"2019","2019",0,0,0,162,57,105,0,0,-48,0,0,0,615,5512,1326,146,808,0.462,0.257,4.31,0.1,0.01,1,0,10,0,0,0,0,0,6.1,6,3,3,1,2,1,10,2,0,0,29,1,4.26,106,4,1.263,8.5,1.4,2.8,14.2,5,1,0,100,0,0,0,0,0,37.21,36,9,9,1,4,1,100,4,0,0,841,1,18.1476,11236,16,1.595169,72.25,1.96,7.84,201.64,25
63,"Brian Moran","P","2020","MIA","Miami Marlins",31.8,1,319,690523.420485407,690523.420485407,0,1,"2020","2020",0,0,0,60,31,29,0,1,2,0,0,0,263,1935,472,60,304,0.463,0.257,4.31,-0.1,0.01,1,0,7,0,2,0,0,0,4.2,6,5,5,1,6,0,7,0,0,0,26,1,9.64,53,6.83,2.571,11.6,1.9,11.6,13.5,1.17,1,0,49,0,4,0,0,0,17.64,36,25,25,1,36,0,49,0,0,0,676,1,92.9296,2809,46.6489,6.610041,134.56,3.61,134.56,182.25,1.3689
64,"Brian Wilson","P","2013","LAD","Los Angeles Dodgers",31.4,0,320,1000000,1000000,1,1,"2013","2013",0,0,0,162,92,70,1,1,22,0,0,0,654,5491,1446,138,586,0.524,0.262,3.54,0.6,0.36,2,1,18,0,8,0,0,0,13.2,8,1,1,0,4,0,13,0,0,0,49,0.667,0.66,556,2.02,0.878,5.3,0,2.6,8.6,3.25,4,1,324,0,64,0,0,0,174.24,64,1,1,0,16,0,169,0,0,0,2401,0.444889,0.4356,309136,4.0804,0.770884,28.09,0,6.76,73.96,10.5625
64,"Brian Wilson","P","2014","LAD","Los Angeles Dodgers",32.4,1,321,19000000,9500000,0,2,"2014","2015",0,0,0,160,94,68,1,1,26,0,0,1,718,5560,1476,134,617,0.525,0.262,3.53,-0.5,0.25,2,4,61,0,6,0,0,1,48.1,49,26,25,5,29,3,54,4,0,1,223,0.333,4.66,75,4.29,1.614,9.1,0.9,5.4,10.1,1.86,4,16,3721,0,36,0,0,1,2313.61,2401,676,625,25,841,9,2916,16,0,1,49729,0.110889,21.7156,5625,18.4041,2.604996,82.81,0.81,29.16,102.01,3.4596
65,"Brock Holt","NP","2021","TEX","Texas Rangers",33.2,7.052,323,1750000,1750000,1,1,"2021","2021",0,0,0,162,60,102,0,0,-42,0,0,0,625,5405,1254,167,815,0.476,0.259,4.29,0,0,0,0,1,0,1,0,0,0,1,1,0,0,0,0,0,0,0,0,0,3,0,0,0,3.17,1,9,0,0,0,0,0,0,1,0,1,0,0,0,1,1,0,0,0,0,0,0,0,0,0,9,0,0,0,10.0489,1,81,0,0,0,0
66,"Bronson Arroyo","P","2014","ARI","Arizona Diamondbacks",37.5,3.15,324,23500000,11750000,1,2,"2014","2015",0,0,0,162,64,98,0,0,-34,0,0,0,615,5552,1379,118,742,0.492,0.258,4.23,0.6,0.36,7,4,14,14,0,1,0,0,86,92,40,39,10,19,1,47,3,0,2,357,0.636,4.08,92,4.32,1.291,9.6,1,2,4.9,2.47,49,16,196,196,0,1,0,0,7396,8464,1600,1521,100,361,1,2209,9,0,4,127449,0.404496,16.6464,8464,18.6624,1.666681,92.16,1,4,24.01,6.1009
66,"Bronson Arroyo","P","2017","CIN","Cincinnati Reds",40.5,6.15,326,695958.90057858,695958.90057858,1,1,"2017","2017",0,0,0,165,68,94,0,0,-26,0,0,0,753,5484,1390,219,869,0.506,0.261,3.74,-1.5,2.25,3,6,14,14,0,0,0,0,71,94,59,58,23,19,2,45,2,0,1,322,0.333,7.35,61,6.99,1.592,11.9,2.9,2.4,5.7,2.37,9,36,196,196,0,0,0,0,5041,8836,3481,3364,529,361,4,2025,4,0,1,103684,0.110889,54.0225,3721,48.8601,2.534464,141.61,8.41,5.76,32.49,5.6169
67,"Brooks Raley","P","2025","NYM","New York Mets",37.1,2,328,1850000,1850000,0,1,"2025","2025",0,0,0,162,83,79,0,0,4,0,0,1,766,5457,1359,224,715,0.484,0.25,3.81,0.7,0.49,3,1,30,0,1,0,0,0,25.2,14,7,7,0,6,0,25,2,0,0,99,0.75,2.45,168,2.12,0.779,4.9,0,2.1,8.8,4.17,9,1,900,0,1,0,0,0,635.04,196,49,49,0,36,0,625,4,0,0,9801,0.5625,6.0025,28224,4.4944,0.606841,24.01,0,4.41,77.44,17.3889
68,"Bryan Holaday","NP","2018","MIA","Miami Marlins",30.8,3.056,332,1273604.72113835,1273604.72113835,1,1,"2018","2018",0,0,0,161,63,98,0,0,-35,0,0,1,589,5488,1303,128,809,0.467,0.258,4.29,-0.1,0.01,0,0,2,0,2,0,0,0,2,4,3,3,1,0,0,1,0,0,0,10,0,13.5,34,8.66,2,18,4.5,0,4.5,0,0,0,4,0,4,0,0,0,4,16,9,9,1,0,0,1,0,0,0,100,0,182.25,1156,74.9956,4,324,20.25,0,20.25,0
68,"Bryan Holaday","NP","2019","MIA","Miami Marlins",31.8,4.056,333,1250000,1250000,0,1,"2019","2019",0,0,0,162,57,105,0,0,-48,0,0,0,615,5512,1326,146,808,0.462,0.257,4.31,0,0,0,0,1,0,1,0,0,0,0.1,0,0,0,0,0,0,0,0,0,0,1,0,0,0,3.21,0,0,0,0,0,0,0,0,1,0,1,0,0,0,0.01,0,0,0,0,0,0,0,0,0,0,1,0,0,0,10.3041,0,0,0,0,0,0
68,"Bryan Holaday","NP","2020","BAL","Baltimore Orioles",32.8,5.013,334,704615.735189191,704615.735189191,1,1,"2020","2020",0,0,0,60,25,35,0,0,-10,0,0,0,274,2026,523,77,294,0.474,0.259,4.04,0,0,0,0,1,0,1,0,0,0,0.1,2,0,0,0,0,0,0,0,0,1,3,0,0,0,3.19,6,54,0,0,0,0,0,0,1,0,1,0,0,0,0.01,4,0,0,0,0,0,0,0,0,1,9,0,0,0,10.1761,36,2916,0,0,0,0
69,"Bryan Shaw","P","2018","COL","Colorado Rockies",30.8,0,335,27000000,9000000,1,3,"2018","2020",0,0,0,163,91,72,0,1,19,0,0,0,780,5541,1418,210,745,0.473,0.274,4.95,-1.2,1.44,4,6,61,0,14,0,0,0,54.2,70,43,36,9,28,1,54,1,0,8,257,0.4,5.93,80,4.92,1.793,11.5,1.5,4.6,8.9,1.93,16,36,3721,0,196,0,0,0,2937.64,4900,1849,1296,81,784,1,2916,1,0,64,66049,0.16,35.1649,6400,24.2064,3.214849,132.25,2.25,21.16,79.21,3.7249
69,"Bryan Shaw","P","2019","COL","Colorado Rockies",31.8,1,335,27000000,9000000,1,3,"2018","2020",0,0,0,162,71,91,0,0,-20,0,0,0,835,5660,1502,224,958,0.471,0.274,4.97,0.3,0.09,3,2,70,0,18,0,0,1,72,69,44,43,12,29,1,58,5,0,1,311,0.6,5.38,96,5.19,1.361,8.6,1.5,3.6,7.3,2,9,4,4900,0,324,0,0,1,5184,4761,1936,1849,144,841,1,3364,25,0,1,96721,0.36,28.9444,9216,26.9361,1.852321,73.96,2.25,12.96,53.29,4
69,"Bryan Shaw","P","2021","CLE","Cleveland Guardians",33.8,3,336,1000000,1000000,1,1,"2021","2021",0,0,0,162,80,82,0,0,-2,0,0,0,717,5332,1269,203,727,0.512,0.265,3.83,1.2,1.44,6,7,81,0,10,0,0,2,77.1,69,33,30,10,38,0,71,1,0,6,334,0.462,3.49,123,4.53,1.384,8,1.2,4.4,8.3,1.87,36,49,6561,0,100,0,0,4,5944.41,4761,1089,900,100,1444,0,5041,1,0,36,111556,0.213444,12.1801,15129,20.5209,1.915456,64,1.44,19.36,68.89,3.4969
69,"Bryan Shaw","P","2022","CLE","Cleveland Guardians",34.8,4,337,3000000,3000000,0,1,"2022","2022",0,0,0,162,92,70,1,1,22,0,0,1,698,5558,1410,127,634,0.512,0.265,3.83,-1,1,6,2,60,2,11,0,0,1,58.1,58,38,35,9,26,1,52,4,0,2,261,0.75,5.4,70,4.88,1.44,8.9,1.4,4,8,2,36,4,3600,4,121,0,0,1,3375.61,3364,1444,1225,81,676,1,2704,16,0,4,68121,0.5625,29.16,4900,23.8144,2.0736,79.21,1.96,16,64,4
69,"Bryan Shaw","P","2023","CHW","Chicago White Sox",35.8,5,338,765889.986737186,765889.986737186,1,1,"2023","2023",0,0,0,162,61,101,0,0,-40,0,0,0,641,5501,1308,171,841,0.502,0.26,3.79,0.6,0.36,0,0,38,0,17,0,0,4,45.2,39,21,21,3,17,0,40,6,0,1,190,0,4.14,107,3.87,1.226,7.7,0.6,3.4,7.9,2.35,0,0,1444,0,289,0,0,16,2043.04,1521,441,441,9,289,0,1600,36,0,1,36100,0,17.1396,11449,14.9769,1.503076,59.29,0.36,11.56,62.41,5.5225
69,"Bryan Shaw","P","2024","CHW","Chicago White Sox",36.8,6,339,1542571.2342037,1542571.2342037,0,1,"2024","2024",0,0,0,162,41,121,0,0,-80,0,0,0,507,5383,1187,133,813,0.5,0.26,3.8,-0.2,0.04,0,1,5,0,3,0,0,0,4,8,5,4,1,4,1,4,0,0,1,24,0,9,50,7.42,3,18,2.3,9,9,1,0,1,25,0,9,0,0,0,16,64,25,16,1,16,1,16,0,0,1,576,0,81,2500,55.0564,9,324,5.29,81,81,1
70,"Buck Farmer","P","2022","CIN","Cincinnati Reds",31.5,0,340,947414.094805764,947414.094805764,0,1,"2022","2022",0,0,0,162,62,100,0,0,-38,0,0,0,648,5380,1264,156,815,0.504,0.261,3.76,0.7,0.49,2,2,44,0,10,0,0,2,47,36,21,20,2,25,0,54,1,0,4,199,0.5,3.83,114,3.03,1.298,6.9,0.4,4.8,10.3,2.16,4,4,1936,0,100,0,0,4,2209,1296,441,400,4,625,0,2916,1,0,16,39601,0.25,14.6689,12996,9.1809,1.684804,47.61,0.16,23.04,106.09,4.6656
70,"Buck Farmer","P","2023","CIN","Cincinnati Reds",32.5,1,341,1861538.16220844,1861538.16220844,0,1,"2023","2023",0,0,0,162,82,80,0,0,2,0,0,1,783,5499,1371,198,821,0.504,0.261,3.77,1.1,1.21,4,5,71,0,10,0,0,3,75,58,36,35,11,29,0,70,4,0,1,309,0.444,4.2,111,4.62,1.16,7,1.3,3.5,8.4,2.41,16,25,5041,0,100,0,0,9,5625,3364,1296,1225,121,841,0,4900,16,0,1,95481,0.197136,17.64,12321,21.3444,1.3456,49,1.69,12.25,70.56,5.8081
70,"Buck Farmer","P","2024","CIN","Cincinnati Reds",33.5,2,342,2250000,2250000,0,1,"2024","2024",0,0,0,162,77,85,0,0,-8,0,0,0,699,5325,1230,174,694,0.504,0.261,3.77,1.7,2.89,3,2,61,1,21,0,0,1,71,56,25,24,7,29,6,70,7,0,1,299,0.6,3.04,145,4,1.197,7.1,0.9,3.7,8.9,2.41,9,4,3721,1,441,0,0,1,5041,3136,625,576,49,841,36,4900,49,0,1,89401,0.36,9.2416,21025,16,1.432809,50.41,0.81,13.69,79.21,5.8081
71,"Bud Norris","P","2016","ATL","Atlanta Braves",31.4,6.068,343,2500000,2500000,1,1,"2016","2016",0,0,0,161,68,93,0,0,-25,0,0,0,649,5514,1404,122,779,0.5,0.26,3.65,-0.1,0.01,6,10,35,19,1,0,0,0,113,116,67,64,14,49,4,102,3,0,7,495,0.375,5.1,81,4.33,1.46,9.2,1.1,3.9,8.1,2.08,36,100,1225,361,1,0,0,0,12769,13456,4489,4096,196,2401,16,10404,9,0,49,245025,0.140625,26.01,6561,18.7489,2.1316,84.64,1.21,15.21,65.61,4.3264
71,"Bud Norris","P","2017","LAA","Los Angeles Angels",32.4,7.068,344,1750000,1750000,1,1,"2017","2017",0,0,0,162,80,82,0,0,-2,0,0,0,710,5415,1314,186,709,0.501,0.258,3.95,0.3,0.09,2,6,60,3,35,0,0,19,62,56,29,29,8,27,3,74,3,0,6,267,0.25,4.21,101,3.9,1.339,8.1,1.2,3.9,10.7,2.74,4,36,3600,9,1225,0,0,361,3844,3136,841,841,64,729,9,5476,9,0,36,71289,0.0625,17.7241,10201,15.21,1.792921,65.61,1.44,15.21,114.49,7.5076
71,"Bud Norris","P","2018","STL","St Louis Cardinals",33.4,8.068,345,3000000,3000000,1,1,"2018","2018",0,0,0,162,88,74,0,0,14,0,0,0,759,5498,1369,205,691,0.52,0.266,3.67,0.3,0.09,3,6,64,0,42,0,0,28,57.2,51,27,23,8,21,3,67,5,0,9,245,0.333,3.59,109,3.99,1.249,8,1.2,3.3,10.5,3.19,9,36,4096,0,1764,0,0,784,3271.84,2601,729,529,64,441,9,4489,25,0,81,60025,0.110889,12.8881,11881,15.9201,1.560001,64,1.44,10.89,110.25,10.1761
72,"Buddy Boshers","P","2017","MIN","Minnesota Twins",28,0,347,695958.90057858,695958.90057858,0,1,"2017","2017",0,0,0,162,85,77,0,1,8,0,0,1,815,5557,1444,206,788,0.48,0.263,3.98,0,0,1,0,38,0,1,0,0,0,35,37,20,19,7,10,1,28,2,0,2,153,1,4.89,91,5.19,1.343,9.5,1.8,2.6,7.2,2.8,1,0,1444,0,1,0,0,0,1225,1369,400,361,49,100,1,784,4,0,4,23409,1,23.9121,8281,26.9361,1.803649,90.25,3.24,6.76,51.84,7.84
72,"Buddy Boshers","P","2019","TOR","Toronto Blue Jays",30,1,348,691688.341292727,691688.341292727,1,1,"2019","2019",0,0,0,162,67,95,0,0,-28,0,0,1,726,5493,1299,247,828,0.495,0.26,4.24,0.2,0.04,0,3,28,1,6,0,0,0,20,20,10,9,3,10,0,26,1,0,2,91,0,4.05,114,4.21,1.5,9,1.4,4.5,11.7,2.6,0,9,784,1,36,0,0,0,400,400,100,81,9,100,0,676,1,0,4,8281,0,16.4025,12996,17.7241,2.25,81,1.96,20.25,136.89,6.76
73,"Caleb Thielbar","P","2020","MIN","Minnesota Twins",33.5,0,352,690523.420485407,690523.420485407,0,1,"2020","2020",0,0,0,60,36,24,1,1,12,0,0,0,269,1937,468,91,215,0.481,0.263,3.99,0.4,0.16,2,1,17,0,3,0,0,0,20,14,6,5,0,9,0,22,0,0,2,82,0.667,2.25,194,2.34,1.15,6.3,0,4.1,9.9,2.44,4,1,289,0,9,0,0,0,400,196,36,25,0,81,0,484,0,0,4,6724,0.444889,5.0625,37636,5.4756,1.3225,39.69,0,16.81,98.01,5.9536
73,"Caleb Thielbar","P","2021","MIN","Minnesota Twins",34.5,1,353,828209.410109827,828209.410109827,0,1,"2021","2021",0,0,0,162,73,89,0,0,-16,0,0,0,729,5431,1311,228,834,0.481,0.263,4,1.2,1.44,7,0,59,0,14,0,0,0,64,55,24,23,8,20,1,77,3,0,3,266,1,3.23,132,3.47,1.172,7.7,1.1,2.8,10.8,3.85,49,0,3481,0,196,0,0,0,4096,3025,576,529,64,400,1,5929,9,0,9,70756,1,10.4329,17424,12.0409,1.373584,59.29,1.21,7.84,116.64,14.8225
73,"Caleb Thielbar","P","2022","MIN","Minnesota Twins",35.5,2,354,1448986.26264411,1448986.26264411,0,1,"2022","2022",0,0,0,162,78,84,0,0,-6,0,0,3,696,5476,1356,178,684,0.481,0.263,4,0.6,0.36,4,3,67,0,10,0,0,1,59.1,51,26,23,5,18,1,80,0,2,1,245,0.571,3.49,112,2.42,1.163,7.7,0.8,2.7,12.1,4.44,16,9,4489,0,100,0,0,1,3492.81,2601,676,529,25,324,1,6400,0,4,1,60025,0.326041,12.1801,12544,5.8564,1.352569,59.29,0.64,7.29,146.41,19.7136
73,"Caleb Thielbar","P","2023","MIN","Minnesota Twins",36.5,3,355,2552966.62245728,2552966.62245728,0,1,"2023","2023",0,0,0,162,87,75,1,1,12,0,0,0,778,5489,1336,233,659,0.482,0.262,3.99,0.8,0.64,3,1,36,0,4,0,0,0,30.2,23,12,11,7,6,0,36,0,0,1,120,0.75,3.23,137,4.46,0.946,6.8,2.1,1.8,10.6,6,9,1,1296,0,16,0,0,0,912.04,529,144,121,49,36,0,1296,0,0,1,14400,0.5625,10.4329,18769,19.8916,0.894916,46.24,4.41,3.24,112.36,36
73,"Caleb Thielbar","P","2024","MIN","Minnesota Twins",37.5,4,356,3316528.15353796,3316528.15353796,0,1,"2024","2024",0,0,0,162,82,80,0,0,2,0,0,1,742,5490,1352,183,735,0.482,0.262,4,-0.6,0.36,2,4,59,0,18,0,0,3,47.1,50,33,28,6,24,2,53,0,0,2,216,0.333,5.32,79,4.1,1.563,9.5,1.1,4.6,10.1,2.21,4,16,3481,0,324,0,0,9,2218.41,2500,1089,784,36,576,4,2809,0,0,4,46656,0.110889,28.3024,6241,16.81,2.442969,90.25,1.21,21.16,102.01,4.8841
73,"Caleb Thielbar","P","2025","CHC","Chicago Cubs",38.5,5,357,2750000,2750000,1,1,"2025","2025",0,0,0,162,92,70,0,1,22,0,0,0,793,5495,1371,223,649,0.513,0.262,3.7,1.1,1.21,3,4,67,0,4,0,0,1,58,38,17,17,5,13,1,56,0,0,0,220,0.429,2.64,145,3,0.879,5.9,0.8,2,8.7,4.31,9,16,4489,0,16,0,0,1,3364,1444,289,289,25,169,1,3136,0,0,0,48400,0.184041,6.9696,21025,9,0.772641,34.81,0.64,4,75.69,18.5761
74,"Carlos Estevez","P","2023","LAA","Los Angeles Angels",30.6,0,367,13500000,6750000,1,2,"2023","2024",1,0,0,162,73,89,0,0,-16,0,0,0,739,5489,1346,231,829,0.497,0.256,4,0.6,0.36,5,5,63,0,49,0,0,31,62.1,62,34,27,7,31,5,78,5,0,1,281,0.5,3.9,115,3.94,1.492,9,1,4.5,11.3,2.52,25,25,3969,0,2401,0,0,961,3856.41,3844,1156,729,49,961,25,6084,25,0,1,78961,0.25,15.21,13225,15.5236,2.226064,81,1,20.25,127.69,6.3504
74,"Carlos Estevez","P","2024","LAA","Los Angeles Angels",31.6,1,367,13500000,6750000,1,2,"2023","2024",0,0,0,162,63,99,0,0,-36,0,0,0,635,5357,1227,165,797,0.495,0.256,4,2.2,4.84,4,5,54,0,47,0,0,26,55,38,18,15,5,12,4,50,1,0,3,212,0.444,2.45,173,3.24,0.909,6.2,0.8,2,8.2,4.17,16,25,2916,0,2209,0,0,676,3025,1444,324,225,25,144,16,2500,1,0,9,44944,0.197136,6.0025,29929,10.4976,0.826281,38.44,0.64,4,67.24,17.3889
75,"Carlos Rodon","P","2021","CHW","Chicago White Sox",28.7,5.168,376,3000000,3000000,0,1,"2021","2021",2,0,1,162,93,69,1,1,24,0,0,0,796,5357,1373,190,636,0.503,0.26,3.78,5.1,26.01,13,5,24,24,0,1,1,0,132.2,91,39,35,13,36,1,185,8,0,7,534,0.722,2.37,185,2.65,0.957,6.2,0.9,2.4,12.6,5.14,169,25,576,576,0,1,1,0,17476.84,8281,1521,1225,169,1296,1,34225,64,0,49,285156,0.521284,5.6169,34225,7.0225,0.915849,38.44,0.81,5.76,158.76,26.4196
75,"Carlos Rodon","P","2023","NYY","New York Yankees",30.7,7.168,378,162000000,27000000,1,6,"2023","2028",0,0,0,162,82,80,0,0,2,0,0,0,673,5323,1207,219,698,0.569,0.266,3.65,-0.8,0.64,3,8,14,14,0,0,0,0,64.1,65,51,49,15,28,0,64,4,0,9,286,0.273,6.85,63,5.79,1.446,9.1,2.1,3.9,9,2.29,9,64,196,196,0,0,0,0,4108.81,4225,2601,2401,225,784,0,4096,16,0,81,81796,0.074529,46.9225,3969,33.5241,2.090916,82.81,4.41,15.21,81,5.2441
75,"Carlos Rodon","P","2024","NYY","New York Yankees",31.7,8.168,378,162000000,27000000,1,6,"2023","2028",0,0,0,162,94,68,1,1,26,1,0,0,815,5450,1352,237,668,0.569,0.265,3.66,1.9,3.61,16,9,32,32,0,0,0,0,175,157,81,77,31,57,0,195,10,2,3,736,0.64,3.96,102,4.39,1.223,8.1,1.6,2.9,10,3.42,256,81,1024,1024,0,0,0,0,30625,24649,6561,5929,961,3249,0,38025,100,4,9,541696,0.4096,15.6816,10404,19.2721,1.495729,65.61,2.56,8.41,100,11.6964
75,"Carlos Rodon","P","2025","NYY","New York Yankees",32.7,9.168,378,162000000,27000000,1,6,"2023","2028",2,0,1,162,94,68,0,1,26,0,0,2,849,5471,1371,274,685,0.57,0.265,3.66,4.6,21.16,18,9,33,33,0,0,0,0,195.1,132,74,67,22,73,0,203,9,0,4,789,0.667,3.09,133,3.78,1.049,6.1,1,3.4,9.4,2.78,324,81,1089,1089,0,0,0,0,38064.01,17424,5476,4489,484,5329,0,41209,81,0,16,622521,0.444889,9.5481,17689,14.2884,1.100401,37.21,1,11.56,88.36,7.7284
76,"Carlos Villanueva","P","2015","STL","St Louis Cardinals",31.7,2,385,2000000,2000000,1,1,"2015","2015",0,0,0,162,100,62,1,1,38,0,0,1,647,5484,1386,137,525,0.52,0.267,3.67,0.9,0.81,4,3,35,0,20,0,0,2,61,50,21,20,6,21,2,55,2,0,1,250,0.571,2.95,133,3.74,1.164,7.4,0.9,3.1,8.1,2.62,16,9,1225,0,400,0,0,4,3721,2500,441,400,36,441,4,3025,4,0,1,62500,0.326041,8.7025,17689,13.9876,1.354896,54.76,0.81,9.61,65.61,6.8644
77,"Carson Fulmer","P","2023","LAA","Los Angeles Angels",29.7,0,387,765889.986737186,765889.986737186,0,1,"2023","2023",0,0,0,162,73,89,0,0,-16,0,0,0,739,5489,1346,231,829,0.497,0.256,4,0.3,0.09,1,1,3,1,1,0,0,0,10,6,3,3,1,4,0,6,1,1,1,39,0.5,2.7,171,4.86,1,5.4,0.9,3.6,5.4,1.5,1,1,9,1,1,0,0,0,100,36,9,9,1,16,0,36,1,1,1,1521,0.25,7.29,29241,23.6196,1,29.16,0.81,12.96,29.16,2.25
77,"Carson Fulmer","P","2025","LAA","Los Angeles Angels",31.7,1,388,760000,760000,0,1,"2025","2025",0,0,0,162,72,90,0,0,-18,0,0,1,673,5374,1209,226,837,0.495,0.256,4.02,0,0,0,0,13,0,11,0,0,0,29.1,25,19,19,5,11,0,26,0,0,2,123,0,5.83,73,4.7,1.227,7.7,1.5,3.4,8,2.36,0,0,169,0,121,0,0,0,846.81,625,361,361,25,121,0,676,0,0,4,15129,0,33.9889,5329,22.09,1.505529,59.29,2.25,11.56,64,5.5696
78,"Casey Lawrence","P","2025","SEA","Seattle Mariners",37.8,1,394,760000,760000,1,1,"2025","2025",0,0,0,162,90,72,1,1,18,0,0,1,766,5502,1345,238,694,0.478,0.257,4.28,-0.4,0.16,1,2,6,0,4,0,0,0,17.2,26,15,8,2,1,0,7,1,0,1,80,0.333,4.08,100,4.15,1.528,13.2,1,0.5,3.6,7,1,4,36,0,16,0,0,0,295.84,676,225,64,4,1,0,49,1,0,1,6400,0.110889,16.6464,10000,17.2225,2.334784,174.24,1,0.25,12.96,49
79,"Chad Kuhl","P","2022","COL","Colorado Rockies",29.9,0,400,3000000,3000000,1,1,"2022","2022",0,0,0,162,68,94,0,0,-26,0,0,0,698,5540,1408,149,873,0.469,0.272,4.98,-0.1,0.01,6,11,27,27,0,1,1,0,137,155,91,87,25,58,1,110,5,0,5,617,0.353,5.72,81,5.26,1.555,10.2,1.6,3.8,7.2,1.9,36,121,729,729,0,1,1,0,18769,24025,8281,7569,625,3364,1,12100,25,0,25,380689,0.124609,32.7184,6561,27.6676,2.418025,104.04,2.56,14.44,51.84,3.61
79,"Chad Kuhl","P","2024","CHW","Chicago White Sox",31.9,2,402,1542571.2342037,1542571.2342037,1,1,"2024","2024",0,0,0,162,41,121,0,0,-80,0,0,0,507,5383,1187,133,813,0.5,0.26,3.8,0.2,0.04,0,2,31,1,7,0,0,1,53.1,56,33,30,5,25,1,54,6,0,6,240,0,5.06,82,4.1,1.519,9.5,0.8,4.2,9.1,2.16,0,4,961,1,49,0,0,1,2819.61,3136,1089,900,25,625,1,2916,36,0,36,57600,0,25.6036,6724,16.81,2.307361,90.25,0.64,17.64,82.81,4.6656
80,"Chad Qualls","P","2013","MIA","Miami Marlins",35,1.058,403,1150000,1150000,1,1,"2013","2013",0,0,0,162,62,100,0,0,-38,0,0,0,513,5449,1257,95,646,0.47,0.258,4.29,1.7,2.89,5,2,66,0,12,0,0,0,62,57,18,18,4,19,7,49,2,0,1,252,0.714,2.61,148,3.32,1.226,8.3,0.6,2.8,7.1,2.58,25,4,4356,0,144,0,0,0,3844,3249,324,324,16,361,49,2401,4,0,1,63504,0.509796,6.8121,21904,11.0224,1.503076,68.89,0.36,7.84,50.41,6.6564
80,"Chad Qualls","P","2014","HOU","Houston Astros",36,2.058,404,6000000,3000000,1,2,"2014","2015",0,0,0,162,70,92,0,0,-22,0,0,0,629,5447,1317,163,723,0.487,0.254,3.82,0.4,0.16,1,5,58,0,41,0,0,19,51.1,54,22,19,5,5,2,43,2,0,1,213,0.167,3.33,117,3.13,1.149,9.5,0.9,0.9,7.5,8.6,1,25,3364,0,1681,0,0,361,2611.21,2916,484,361,25,25,4,1849,4,0,1,45369,0.027889,11.0889,13689,9.7969,1.320201,90.25,0.81,0.81,56.25,73.96
80,"Chad Qualls","P","2015","HOU","Houston Astros",37,3.058,404,6000000,3000000,1,2,"2014","2015",0,0,0,162,86,76,0,1,10,0,0,2,729,5459,1363,230,618,0.488,0.254,3.82,0,0,3,5,60,0,17,0,0,4,49.1,46,24,24,6,9,1,46,2,0,3,202,0.375,4.38,90,3.52,1.115,8.4,1.1,1.6,8.4,5.11,9,25,3600,0,289,0,0,16,2410.81,2116,576,576,36,81,1,2116,4,0,9,40804,0.140625,19.1844,8100,12.3904,1.243225,70.56,1.21,2.56,70.56,26.1121
80,"Chad Qualls","P","2016","COL","Colorado Rockies",38,4.058,405,6000000,3000000,1,2,"2016","2017",0,0,0,162,75,87,0,0,-12,0,0,0,845,5614,1544,204,860,0.466,0.275,4.99,-0.1,0.01,2,0,44,0,14,0,0,0,32.2,43,22,19,5,9,1,22,0,0,1,152,1,5.23,93,4.62,1.592,11.8,1.4,2.5,6.1,2.44,4,0,1936,0,196,0,0,0,1036.84,1849,484,361,25,81,1,484,0,0,1,23104,1,27.3529,8649,21.3444,2.534464,139.24,1.96,6.25,37.21,5.9536
80,"Chad Qualls","P","2017","COL","Colorado Rockies",39,5.058,405,6000000,3000000,1,2,"2016","2017",0,0,0,162,87,75,0,1,12,0,0,0,824,5534,1510,192,757,0.469,0.275,4.98,0,0,1,1,19,0,9,0,0,0,16.2,17,11,10,3,5,0,11,0,0,0,72,0.5,5.4,95,5.08,1.32,9.2,1.6,2.7,5.9,2.2,1,1,361,0,81,0,0,0,262.44,289,121,100,9,25,0,121,0,0,0,5184,0.25,29.16,9025,25.8064,1.7424,84.64,2.56,7.29,34.81,4.84
81,"Charlie Culberson","NP","2020","ATL","Atlanta Braves",31.3,4.084,412,1000000,1000000,0,1,"2020","2020",0,0,0,60,35,25,1,1,10,0,0,1,348,2074,556,103,288,0.501,0.26,3.67,0,0,0,0,1,0,1,0,0,0,0.1,0,0,0,0,0,0,0,0,0,0,1,0,0,0,3.19,0,0,0,0,0,0,0,0,1,0,1,0,0,0,0.01,0,0,0,0,0,0,0,0,0,0,1,0,0,0,10.1761,0,0,0,0,0,0
81,"Charlie Culberson","NP","2021","TEX","Texas Rangers",32.3,5.051,413,1500000,1500000,1,1,"2021","2021",0,0,0,162,60,102,0,0,-42,0,0,0,625,5405,1254,167,815,0.476,0.259,4.29,0.1,0.01,0,0,2,0,2,0,0,0,2,2,0,0,0,0,0,0,0,0,0,7,0,0,0,3.17,1,9,0,0,0,0,0,0,4,0,4,0,0,0,4,4,0,0,0,0,0,0,0,0,0,49,0,0,0,10.0489,1,81,0,0,0,0
81,"Charlie Culberson","NP","2022","TEX","Texas Rangers",33.3,6.051,414,1750000,1750000,0,1,"2022","2022",0,0,0,162,68,94,0,0,-26,0,0,1,707,5478,1308,198,743,0.475,0.258,4.29,0.1,0.01,0,0,2,0,2,0,0,0,2,1,0,0,0,1,0,0,0,0,0,8,0,0,0,4.61,1,4.5,0,4.5,0,0,0,0,4,0,4,0,0,0,4,1,0,0,0,1,0,0,0,0,0,64,0,0,0,21.2521,1,20.25,0,20.25,0,0
82,"Charlie Morton","P","2017","HOU","Houston Astros",33.8,0,415,14000000,7000000,1,2,"2017","2018",0,0,0,162,101,61,1,1,40,1,1,2,896,5611,1581,238,700,0.491,0.254,3.83,1.9,3.61,14,7,25,25,0,0,0,0,146.2,125,65,59,14,50,1,163,13,0,4,617,0.667,3.62,113,3.46,1.193,7.7,0.9,3.1,10,3.26,196,49,625,625,0,0,0,0,21374.44,15625,4225,3481,196,2500,1,26569,169,0,16,380689,0.444889,13.1044,12769,11.9716,1.423249,59.29,0.81,9.61,100,10.6276
82,"Charlie Morton","P","2018","HOU","Houston Astros",34.8,1,415,14000000,7000000,1,2,"2017","2018",1,0,0,162,103,59,1,1,44,0,0,0,797,5453,1390,205,534,0.494,0.254,3.81,3.4,11.56,15,3,30,30,0,0,0,0,167,130,63,58,18,64,0,201,16,0,4,695,0.833,3.13,133,3.59,1.162,7,1,3.4,10.8,3.14,225,9,900,900,0,0,0,0,27889,16900,3969,3364,324,4096,0,40401,256,0,16,483025,0.693889,9.7969,17689,12.8881,1.350244,49,1,11.56,116.64,9.8596
82,"Charlie Morton","P","2021","ATL","Atlanta Braves",37.8,6,418,15000000,15000000,1,1,"2021","2021",0,0,0,161,88,73,1,1,15,1,1,0,790,5363,1307,239,656,0.501,0.26,3.67,3.9,15.21,14,6,33,33,0,0,0,0,185.2,136,77,69,16,58,1,216,17,0,5,756,0.7,3.34,130,3.18,1.045,6.6,0.8,2.8,10.5,3.72,196,36,1089,1089,0,0,0,0,34299.04,18496,5929,4761,256,3364,1,46656,289,0,25,571536,0.49,11.1556,16900,10.1124,1.092025,43.56,0.64,7.84,110.25,13.8384
82,"Charlie Morton","P","2022","ATL","Atlanta Braves",38.8,7,419,22292096.3483709,22292096.3483709,0,1,"2022","2022",0,0,0,162,101,61,1,1,40,0,0,1,789,5509,1394,243,609,0.502,0.26,3.67,1.7,2.89,9,6,31,31,0,0,0,0,172,149,85,83,28,63,0,205,18,0,4,728,0.6,4.34,94,4.26,1.233,7.8,1.5,3.3,10.7,3.25,81,36,961,961,0,0,0,0,29584,22201,7225,6889,784,3969,0,42025,324,0,16,529984,0.36,18.8356,8836,18.1476,1.520289,60.84,2.25,10.89,114.49,10.5625
82,"Charlie Morton","P","2023","ATL","Atlanta Braves",39.8,8,420,21274721.8538107,21274721.8538107,0,1,"2023","2023",0,0,0,162,104,58,1,1,46,0,0,0,947,5597,1543,307,716,0.503,0.26,3.67,3,9,14,12,30,30,0,0,0,0,163.1,150,70,66,14,83,2,183,12,2,4,716,0.538,3.64,120,3.87,1.427,8.3,0.8,4.6,10.1,2.2,196,144,900,900,0,0,0,0,26601.61,22500,4900,4356,196,6889,4,33489,144,4,16,512656,0.289444,13.2496,14400,14.9769,2.036329,68.89,0.64,21.16,102.01,4.84
82,"Charlie Morton","P","2025","BAL","Baltimore Orioles",41.8,9,421,15000000,15000000,1,1,"2025","2025",0,0,0,162,75,87,0,0,-12,0,0,0,677,5416,1273,191,788,0.475,0.258,4.05,-0.8,0.64,9,11,33,27,1,0,0,0,142,152,94,92,23,72,2,149,14,2,3,654,0.45,5.83,71,4.96,1.577,9.6,1.5,4.6,9.4,2.07,81,121,1089,729,1,0,0,0,20164,23104,8836,8464,529,5184,4,22201,196,4,9,427716,0.2025,33.9889,5041,24.6016,2.486929,92.16,2.25,21.16,88.36,4.2849
83,"Chase Anderson","P","2021","PHI","Philadelphia Phillies",33.7,0,422,4000000,4000000,1,1,"2021","2021",0,0,0,162,82,80,0,0,2,0,0,0,734,5366,1288,198,745,0.472,0.261,3.99,-0.3,0.09,2,4,14,9,2,0,0,0,48,51,36,36,10,20,1,35,3,0,0,215,0.333,6.75,62,5.86,1.479,9.6,1.9,3.8,6.6,1.75,4,16,196,81,4,0,0,0,2304,2601,1296,1296,100,400,1,1225,9,0,0,46225,0.110889,45.5625,3844,34.3396,2.187441,92.16,3.61,14.44,43.56,3.0625
83,"Chase Anderson","P","2022","CIN","Cincinnati Reds",34.7,1,423,780223.372192982,780223.372192982,1,1,"2022","2022",0,0,0,162,62,100,0,0,-38,0,0,0,648,5380,1264,156,815,0.504,0.261,3.76,-0.2,0.04,2,4,9,7,1,0,0,0,24,17,18,17,3,15,0,23,3,0,0,103,0.333,6.38,69,5.07,1.333,6.4,1.1,5.6,8.6,1.53,4,16,81,49,1,0,0,0,576,289,324,289,9,225,0,529,9,0,0,10609,0.110889,40.7044,4761,25.7049,1.776889,40.96,1.21,31.36,73.96,2.3409
83,"Chase Anderson","P","2024","BOS","Boston Red Sox",36.7,3,425,1250000,1250000,1,1,"2024","2024",0,0,0,162,81,81,0,0,0,0,0,1,751,5577,1404,194,747,0.518,0.267,3.92,-0.7,0.49,0,2,29,1,23,0,0,3,58.1,55,41,35,12,21,1,42,4,0,3,255,0,5.4,77,5.69,1.303,8.5,1.9,3.2,6.5,2,0,4,841,1,529,0,0,9,3375.61,3025,1681,1225,144,441,1,1764,16,0,9,65025,0,29.16,5929,32.3761,1.697809,72.25,3.61,10.24,42.25,4
84,"Chasen Shreve","P","2020","NYM","New York Mets",30.1,0,432,1838128.00484137,1838128.00484137,0,1,"2020","2020",0,0,0,60,26,34,0,0,-8,0,0,0,286,2023,551,86,308,0.48,0.25,3.8,0.3,0.09,1,0,17,0,1,0,0,0,25,17,12,11,4,12,0,34,0,0,0,102,1,3.96,109,3.99,1.16,6.1,1.4,4.3,12.2,2.83,1,0,289,0,1,0,0,0,625,289,144,121,16,144,0,1156,0,0,0,10404,1,15.6816,11881,15.9201,1.3456,37.21,1.96,18.49,148.84,8.0089
84,"Chasen Shreve","P","2021","PIT","Pittsburgh Pirates",31.1,1,433,1500000,1500000,1,1,"2021","2021",0,0,0,162,61,101,0,0,-40,0,0,0,609,5336,1261,124,833,0.502,0.264,3.74,1.3,1.69,3,3,57,0,5,0,0,0,56.1,43,20,20,7,28,0,45,1,0,0,235,0.5,3.2,134,4.73,1.26,6.9,1.1,4.5,7.2,1.61,9,9,3249,0,25,0,0,0,3147.21,1849,400,400,49,784,0,2025,1,0,0,55225,0.25,10.24,17956,22.3729,1.5876,47.61,1.21,20.25,51.84,2.5921
84,"Chasen Shreve","P","2022","NYM","New York Mets",32.1,2,434,1500000,1500000,1,1,"2022","2022",0,0,0,162,101,61,0,1,40,0,0,1,772,5489,1422,171,606,0.483,0.25,3.79,-0.5,0.25,1,1,25,0,4,0,0,0,26.1,27,19,19,6,10,1,29,0,0,2,114,0.5,6.49,60,5.01,1.405,9.2,2.1,3.4,9.9,2.9,1,1,625,0,16,0,0,0,681.21,729,361,361,36,100,1,841,0,0,4,12996,0.25,42.1201,3600,25.1001,1.974025,84.64,4.41,11.56,98.01,8.41
84,"Chasen Shreve","P","2024","COL","Colorado Rockies",34.1,3,435,761001.808873827,761001.808873827,1,1,"2024","2024",0,0,0,162,61,101,0,0,-40,0,0,1,682,5454,1319,179,929,0.462,0.271,5.02,0.1,0.01,0,0,1,0,0,0,0,0,1,1,0,0,0,0,0,0,0,0,0,4,0,0,0,3.17,1,9,0,0,0,0,0,0,1,0,0,0,0,0,1,1,0,0,0,0,0,0,0,0,0,16,0,0,0,10.0489,1,81,0,0,0,0
85,"Chi Chi Gonzalez","P","2019","COL","Colorado Rockies",27.6,1.078,436,1750000,1750000,1,1,"2019","2019",0,0,0,162,71,91,0,0,-20,0,0,0,835,5660,1502,224,958,0.471,0.274,4.97,0.5,0.25,2,6,14,12,0,0,0,0,63,59,39,37,11,33,0,46,1,0,1,278,0.25,5.29,98,5.64,1.46,8.4,1.6,4.7,6.6,1.39,4,36,196,144,0,0,0,0,3969,3481,1521,1369,121,1089,0,2116,1,0,1,77284,0.0625,27.9841,9604,31.8096,2.1316,70.56,2.56,22.09,43.56,1.9321
85,"Chi Chi Gonzalez","P","2021","COL","Colorado Rockies",29.6,2.149,437,1100000,1100000,0,1,"2021","2021",0,0,0,161,74,87,0,0,-13,0,0,0,739,5374,1338,182,796,0.47,0.273,4.98,-0.8,0.64,3,7,24,18,1,0,0,0,101.2,127,74,73,18,28,0,56,6,0,2,448,0.3,6.46,74,5.37,1.525,11.2,1.6,2.5,5,2,9,49,576,324,1,0,0,0,10241.44,16129,5476,5329,324,784,0,3136,36,0,4,200704,0.09,41.7316,5476,28.8369,2.325625,125.44,2.56,6.25,25,4
86,"Chris Archer","P","2022","MIN","Minnesota Twins",33.9,8.156,442,3750000,3750000,1,1,"2022","2022",0,0,0,162,78,84,0,0,-6,0,0,3,696,5476,1356,178,684,0.481,0.263,4,0.1,0.01,2,8,25,25,0,0,0,0,102.2,87,56,52,12,48,0,84,3,0,3,437,0.2,4.56,86,4.49,1.315,7.6,1.1,4.2,7.4,1.75,4,64,625,625,0,0,0,0,10444.84,7569,3136,2704,144,2304,0,7056,9,0,9,190969,0.04,20.7936,7396,20.1601,1.729225,57.76,1.21,17.64,54.76,3.0625
87,"Chris Capuano","NE","2012","LAD","Los Angeles Dodgers",33.9,0,443,10000000,5000000,1,2,"2012","2013",0,0,0,162,86,76,0,0,10,0,0,0,637,5438,1369,116,597,0.524,0.262,3.54,2.3,5.29,12,12,33,33,0,0,0,0,198.1,188,91,82,25,54,4,162,2,0,6,817,0.5,3.72,102,3.95,1.22,8.5,1.1,2.5,7.4,3,144,144,1089,1089,0,0,0,0,39243.61,35344,8281,6724,625,2916,16,26244,4,0,36,667489,0.25,13.8384,10404,15.6025,1.4884,72.25,1.21,6.25,54.76,9
87,"Chris Capuano","NE","2013","LAD","Los Angeles Dodgers",34.9,1,443,10000000,5000000,1,2,"2012","2013",0,0,0,162,92,70,1,1,22,0,0,0,654,5491,1446,138,586,0.524,0.262,3.54,-0.4,0.16,4,7,24,20,0,0,0,0,105.2,125,57,50,11,24,5,81,0,0,5,457,0.364,4.26,84,3.55,1.41,10.6,0.9,2,6.9,3.38,16,49,576,400,0,0,0,0,11067.04,15625,3249,2500,121,576,25,6561,0,0,25,208849,0.132496,18.1476,7056,12.6025,1.9881,112.36,0.81,4,47.61,11.4244
87,"Chris Capuano","NE","2014","BOS","Boston Red Sox",35.9,2,444,2250000,2250000,1,1,"2014","2014",0,0,0,162,71,91,0,0,-20,1,1,0,634,5551,1355,123,715,0.517,0.267,3.9,0,0,3,4,40,12,4,0,0,0,97.1,101,51,47,10,34,3,84,4,1,8,429,0.429,4.35,90,3.91,1.387,9.3,0.9,3.1,7.8,2.47,9,16,1600,144,16,0,0,0,9428.41,10201,2601,2209,100,1156,9,7056,16,1,64,184041,0.184041,18.9225,8100,15.2881,1.923769,86.49,0.81,9.61,60.84,6.1009
87,"Chris Capuano","NE","2015","NYY","New York Yankees",36.9,3,445,5000000,5000000,0,1,"2015","2015",0,0,0,162,87,75,0,1,12,0,0,1,764,5567,1397,212,698,0.569,0.267,3.64,-1.1,1.21,0,4,22,4,7,0,0,0,40.2,52,38,36,6,22,1,38,3,0,0,196,0,7.97,51,5.03,1.82,11.5,1.3,4.9,8.4,1.73,0,16,484,16,49,0,0,0,1616.04,2704,1444,1296,36,484,1,1444,9,0,0,38416,0,63.5209,2601,25.3009,3.3124,132.25,1.69,24.01,70.56,2.9929
87,"Chris Capuano","NE","2016","MIL","Milwaukee Brewers",37.9,4,446,1500000,1500000,1,1,"2016","2016",0,0,0,162,73,89,0,0,-16,0,0,0,671,5330,1299,194,733,0.477,0.258,4.19,0.2,0.04,1,1,16,0,3,0,0,0,24,23,11,11,7,15,2,27,1,0,1,106,0.5,4.13,105,6.69,1.583,8.6,2.6,5.6,10.1,1.8,1,1,256,0,9,0,0,0,576,529,121,121,49,225,4,729,1,0,1,11236,0.25,17.0569,11025,44.7561,2.505889,73.96,6.76,31.36,102.01,3.24
88,"Chris Denorfia","NE","2015","CHC","Chicago Cubs",35.1,0,452,2600000,2600000,1,1,"2015","2015",0,0,0,162,97,65,0,1,32,0,0,0,689,5491,1341,171,608,0.512,0.263,3.68,0,0,0,0,1,0,1,0,0,0,0.1,0,0,0,0,0,0,0,0,0,0,1,0,0,0,3.13,0,0,0,0,0,0,0,0,1,0,1,0,0,0,0.01,0,0,0,0,0,0,0,0,0,0,1,0,0,0,9.7969,0,0,0,0,0,0
89,"Chris Devenski","P","2021","ARI","Arizona Diamondbacks",30.8,0,454,1000000,1000000,1,1,"2021","2021",0,0,0,162,52,110,0,0,-58,0,0,0,679,5489,1297,144,893,0.486,0.256,4.26,-0.3,0.09,1,0,8,0,2,0,0,1,7.1,11,7,7,2,2,0,5,1,0,0,35,1,8.59,51,6.58,1.773,13.5,2.5,2.5,6.1,2.5,1,0,64,0,4,0,0,1,50.41,121,49,49,4,4,0,25,1,0,0,1225,1,73.7881,2601,43.2964,3.143529,182.25,6.25,6.25,37.21,6.25
89,"Chris Devenski","P","2025","NYM","New York Mets",34.8,3,457,1000000,1000000,0,1,"2025","2025",0,0,0,162,83,79,0,0,4,0,0,1,766,5457,1359,224,715,0.484,0.25,3.81,0.4,0.16,0,0,13,1,7,0,0,0,16.2,10,4,4,1,5,0,14,2,0,0,65,0,2.16,192,3.5,0.9,5.4,0.5,2.7,7.6,2.8,0,0,169,1,49,0,0,0,262.44,100,16,16,1,25,0,196,4,0,0,4225,0,4.6656,36864,12.25,0.81,29.16,0.25,7.29,57.76,7.84
90,"Chris Flexen","P","2024","CHW","Chicago White Sox",30.1,1,459,1750000,1750000,1,1,"2024","2024",0,0,0,162,41,121,0,0,-80,0,0,0,507,5383,1187,133,813,0.5,0.26,3.8,1.6,2.56,3,15,33,30,0,0,0,0,160,180,95,88,24,63,1,123,2,2,4,707,0.167,4.95,83,4.8,1.519,10.1,1.4,3.5,6.9,1.95,9,225,1089,900,0,0,0,0,25600,32400,9025,7744,576,3969,1,15129,4,4,16,499849,0.027889,24.5025,6889,23.04,2.307361,102.01,1.96,12.25,47.61,3.8025
90,"Chris Flexen","P","2025","CHC","Chicago Cubs",31.1,2,460,1250000,1250000,1,1,"2025","2025",0,0,0,162,92,70,0,1,22,0,0,0,793,5495,1371,223,649,0.513,0.262,3.7,0.4,0.16,5,1,21,1,12,0,0,1,43.2,38,18,15,7,12,0,22,0,0,3,178,0.833,3.09,124,5.04,1.145,7.8,1.4,2.5,4.5,1.83,25,1,441,1,144,0,0,1,1866.24,1444,324,225,49,144,0,484,0,0,9,31684,0.693889,9.5481,15376,25.4016,1.311025,60.84,1.96,6.25,20.25,3.3489
91,"Chris Gimenez","NP","2017","MIN","Minnesota Twins",34.6,0,461,950000,950000,1,1,"2017","2017",0,0,0,162,85,77,0,1,8,0,0,1,815,5557,1444,206,788,0.48,0.263,3.98,0,0,0,0,6,0,6,0,0,0,5,7,4,4,1,0,0,0,0,0,0,22,0,7.2,66,5.76,1.4,12.6,1.8,0,0,0,0,0,36,0,36,0,0,0,25,49,16,16,1,0,0,0,0,0,0,484,0,51.84,4356,33.1776,1.96,158.76,3.24,0,0,0
91,"Chris Gimenez","NP","2018","CHC","Chicago Cubs",35.6,1,462,694114.573020403,694114.573020403,1,1,"2018","2018",0,0,0,163,95,68,0,1,27,0,0,0,761,5624,1453,167,645,0.513,0.263,3.68,-0.3,0.09,0,0,2,0,2,0,0,0,2,8,8,8,3,1,0,2,0,0,0,15,0,36,16,22.16,4.5,36,13.5,4.5,9,2,0,0,4,0,4,0,0,0,4,64,64,64,9,1,0,4,0,0,0,225,0,1296,256,491.0656,20.25,1296,182.25,20.25,81,4
92,"Chris Martin","P","2020","ATL","Atlanta Braves",34.2,0,470,14000000,7000000,0,2,"2020","2021",0,0,0,60,35,25,1,1,10,0,0,1,348,2074,556,103,288,0.501,0.26,3.67,1.2,1.44,1,1,19,0,3,0,0,1,18,8,3,2,1,3,1,20,1,0,0,66,0.5,1,475,2.36,0.611,4,0.5,1.5,10,6.67,1,1,361,0,9,0,0,1,324,64,9,4,1,9,1,400,1,0,0,4356,0.25,1,225625,5.5696,0.373321,16,0.25,2.25,100,44.4889
92,"Chris Martin","P","2021","ATL","Atlanta Braves",35.2,1,470,14000000,7000000,0,2,"2020","2021",0,0,0,161,88,73,1,1,15,1,1,0,790,5363,1307,239,656,0.501,0.26,3.67,0.4,0.16,2,4,46,0,8,0,0,1,43.1,49,20,19,4,6,1,33,3,0,0,181,0.333,3.95,111,3.47,1.269,10.2,0.8,1.2,6.9,5.5,4,16,2116,0,64,0,0,1,1857.61,2401,400,361,16,36,1,1089,9,0,0,32761,0.110889,15.6025,12321,12.0409,1.610361,104.04,0.64,1.44,47.61,30.25
92,"Chris Martin","P","2022","CHC","Chicago Cubs",36.2,2,471,2750000,2750000,1,1,"2022","2022",0,0,0,162,74,88,0,0,-14,0,0,1,657,5425,1293,159,731,0.513,0.262,3.69,1,1,4,1,60,0,6,0,0,2,56,50,20,19,6,5,1,74,1,1,7,225,0.8,3.05,136,2.18,0.982,8,1,0.8,11.9,14.8,16,1,3600,0,36,0,0,4,3136,2500,400,361,36,25,1,5476,1,1,49,50625,0.64,9.3025,18496,4.7524,0.964324,64,1,0.64,141.61,219.04
92,"Chris Martin","P","2023","BOS","Boston Red Sox",37.2,3,472,13500000,6750000,1,2,"2023","2024",2,0,1,162,78,84,0,0,-6,0,0,0,772,5562,1437,182,776,0.518,0.267,3.92,3.2,10.24,4,1,55,0,12,0,0,3,51.1,45,6,6,2,8,3,46,0,0,1,199,0.8,1.05,434,2.44,1.032,7.9,0.4,1.4,8.1,5.75,16,1,3025,0,144,0,0,9,2611.21,2025,36,36,4,64,9,2116,0,0,1,39601,0.64,1.1025,188356,5.9536,1.065024,62.41,0.16,1.96,65.61,33.0625
92,"Chris Martin","P","2024","BOS","Boston Red Sox",38.2,4,472,13500000,6750000,1,2,"2023","2024",0,0,0,162,81,81,0,0,0,0,0,1,751,5577,1404,194,747,0.518,0.267,3.92,0.1,0.01,3,1,45,0,9,0,0,2,44.1,47,22,17,5,3,1,50,3,0,2,180,0.75,3.45,121,2.78,1.128,9.5,1,0.6,10.2,16.67,9,1,2025,0,81,0,0,4,1944.81,2209,484,289,25,9,1,2500,9,0,4,32400,0.5625,11.9025,14641,7.7284,1.272384,90.25,1,0.36,104.04,277.8889
92,"Chris Martin","P","2025","TEX","Texas Rangers",39.2,5,473,5500000,5500000,1,1,"2025","2025",0,0,0,162,81,81,0,0,0,0,0,0,684,5443,1275,175,605,0.476,0.258,4.28,-0.1,0.01,2,6,49,0,10,0,0,2,42.1,43,18,14,6,8,3,43,1,0,2,174,0.25,2.98,122,3.58,1.205,9.1,1.3,1.7,9.1,5.38,4,36,2401,0,100,0,0,4,1772.41,1849,324,196,36,64,9,1849,1,0,4,30276,0.0625,8.8804,14884,12.8164,1.452025,82.81,1.69,2.89,82.81,28.9444
93,"Chris Volstad","P","2013","COL","Colorado Rockies",26.9,0,480,1500000,1500000,1,1,"2013","2013",0,0,0,162,74,88,0,0,-14,0,0,0,706,5599,1511,159,760,0.472,0.276,5,-0.4,0.16,0,0,6,0,1,0,0,0,8.1,19,10,10,1,1,0,3,2,0,0,47,0,10.8,43,4.97,2.4,20.5,1.1,1.1,3.2,3,0,0,36,0,1,0,0,0,65.61,361,100,100,1,1,0,9,4,0,0,2209,0,116.64,1849,24.7009,5.76,420.25,1.21,1.21,10.24,9
93,"Chris Volstad","P","2017","CHW","Chicago White Sox",30.9,1,481,695958.90057858,695958.90057858,1,1,"2017","2017",0,0,0,162,67,95,0,0,-28,0,0,1,706,5513,1412,186,820,0.503,0.26,3.76,0.2,0.04,1,2,6,2,2,0,0,0,19.1,16,11,10,4,5,0,10,1,0,0,76,0.333,4.66,94,5.74,1.086,7.4,1.9,2.3,4.7,2,1,4,36,4,4,0,0,0,364.81,256,121,100,16,25,0,100,1,0,0,5776,0.110889,21.7156,8836,32.9476,1.179396,54.76,3.61,5.29,22.09,4
94,"Chris Young","P","2012","NYM","New York Mets",33.2,0,482,900000,900000,0,1,"2012","2012",0,0,0,162,74,88,0,0,-14,0,0,0,650,5450,1357,139,709,0.478,0.251,3.77,0.8,0.64,4,9,20,20,0,0,0,0,115,119,58,53,16,36,5,80,2,0,3,493,0.308,4.15,92,4.5,1.348,9.3,1.3,2.8,6.3,2.22,16,81,400,400,0,0,0,0,13225,14161,3364,2809,256,1296,25,6400,4,0,9,243049,0.094864,17.2225,8464,20.25,1.817104,86.49,1.69,7.84,39.69,4.9284
95,"Clay Buchholz","P","2019","TOR","Toronto Blue Jays",35,6.02,501,3000000,3000000,1,1,"2019","2019",0,0,0,162,67,95,0,0,-28,0,0,1,726,5493,1299,247,828,0.495,0.26,4.24,-0.5,0.25,2,5,12,12,0,0,0,0,59,72,44,43,13,16,1,39,1,0,1,254,0.286,6.56,69,5.62,1.492,11,2,2.4,5.9,2.44,4,25,144,144,0,0,0,0,3481,5184,1936,1849,169,256,1,1521,1,0,1,64516,0.081796,43.0336,4761,31.5844,2.226064,121,4,5.76,34.81,5.9536
96,"Clay Holmes","P","2021","PIT","Pittsburgh Pirates",28.3,0,502,769051.595101982,769051.595101982,0,1,"2021","2021",0,0,0,162,61,101,0,0,-40,0,0,0,609,5336,1261,124,833,0.502,0.264,3.74,1.3,1.69,8,4,69,0,15,0,0,0,70,53,32,28,5,29,2,78,4,1,9,292,0.667,3.6,120,3.28,1.171,6.8,0.6,3.7,10,2.69,64,16,4761,0,225,0,0,0,4900,2809,1024,784,25,841,4,6084,16,1,81,85264,0.444889,12.96,14400,10.7584,1.371241,46.24,0.36,13.69,100,7.2361
96,"Clay Holmes","P","2023","NYY","New York Yankees",30.3,1,503,3510329.10587877,3510329.10587877,1,1,"2023","2023",0,0,0,162,82,80,0,0,2,0,0,0,673,5323,1207,219,698,0.569,0.266,3.65,1.8,3.24,4,4,66,0,41,0,0,24,63,51,22,20,2,23,0,71,3,1,5,262,0.5,2.86,152,2.65,1.175,7.3,0.3,3.3,10.1,3.09,16,16,4356,0,1681,0,0,576,3969,2601,484,400,4,529,0,5041,9,1,25,68644,0.25,8.1796,23104,7.0225,1.380625,53.29,0.09,10.89,102.01,9.5481
96,"Clay Holmes","P","2024","NYY","New York Yankees",31.3,2,504,6170284.93681481,6170284.93681481,0,1,"2024","2024",1,0,0,162,94,68,1,1,26,1,0,0,815,5450,1352,237,668,0.569,0.265,3.66,0.6,0.36,3,5,67,0,50,0,0,30,63,60,29,22,4,22,1,68,3,0,4,271,0.375,3.14,129,3.02,1.302,8.6,0.6,3.1,9.7,3.09,9,25,4489,0,2500,0,0,900,3969,3600,841,484,16,484,1,4624,9,0,16,73441,0.140625,9.8596,16641,9.1204,1.695204,73.96,0.36,9.61,94.09,9.5481
96,"Clay Holmes","P","2025","NYM","New York Mets",32.3,3,505,38000000,12666666.6666667,1,3,"2025","2027",0,0,0,162,83,79,0,0,4,0,0,1,766,5457,1359,224,715,0.484,0.25,3.81,2,4,12,8,33,31,0,0,0,0,165.2,150,74,65,14,66,0,129,13,1,6,708,0.6,3.53,115,4.11,1.304,8.1,0.8,3.6,7,1.95,144,64,1089,961,0,0,0,0,27291.04,22500,5476,4225,196,4356,0,16641,169,1,36,501264,0.36,12.4609,13225,16.8921,1.700416,65.61,0.64,12.96,49,3.8025
97,"Clayton Kershaw","P","2022","LAD","Los Angeles Dodgers",34.4,0,506,17000000,17000000,0,1,"2022","2022",1,0,0,162,111,51,1,1,60,0,0,2,847,5526,1418,212,513,0.531,0.261,3.52,3.5,12.25,12,3,22,22,0,0,0,0,126.1,96,36,32,10,23,0,137,2,1,0,493,0.8,2.28,177,2.57,0.942,6.8,0.7,1.6,9.8,5.96,144,9,484,484,0,0,0,0,15901.21,9216,1296,1024,100,529,0,18769,4,1,0,243049,0.64,5.1984,31329,6.6049,0.887364,46.24,0.49,2.56,96.04,35.5216
97,"Clayton Kershaw","P","2023","LAD","Los Angeles Dodgers",35.4,1,507,20000000,20000000,0,1,"2023","2023",1,0,0,162,100,62,1,1,38,0,0,0,906,5524,1422,249,699,0.531,0.261,3.52,3.7,13.69,13,5,24,24,0,0,0,0,131.2,100,39,36,19,40,0,137,3,2,6,523,0.722,2.46,175,4.03,1.063,6.8,1.3,2.7,9.4,3.43,169,25,576,576,0,0,0,0,17213.44,10000,1521,1296,361,1600,0,18769,9,4,36,273529,0.521284,6.0516,30625,16.2409,1.129969,46.24,1.69,7.29,88.36,11.7649
97,"Clayton Kershaw","P","2024","LAD","Los Angeles Dodgers",36.4,2,508,10000000,5000000,0,2,"2024","2025",0,0,0,162,98,64,1,1,34,1,1,1,842,5522,1423,233,686,0.532,0.261,3.53,-0.3,0.09,2,2,7,7,0,0,0,0,30,36,19,15,2,9,1,24,2,1,2,133,0.5,4.5,89,3.53,1.5,10.8,0.6,2.7,7.2,2.67,4,4,49,49,0,0,0,0,900,1296,361,225,4,81,1,576,4,1,4,17689,0.25,20.25,7921,12.4609,2.25,116.64,0.36,7.29,51.84,7.1289
97,"Clayton Kershaw","P","2025","LAD","Los Angeles Dodgers",37.4,4,509,7500000,7500000,0,1,"2025","2025",1,0,0,162,93,69,1,1,24,1,1,1,825,5481,1384,244,683,0.532,0.261,3.53,1.6,2.56,11,2,23,22,0,0,0,0,112.2,102,46,42,8,35,0,84,2,1,5,463,0.846,3.36,121,3.55,1.216,8.1,0.6,2.8,6.7,2.4,121,4,529,484,0,0,0,0,12588.84,10404,2116,1764,64,1225,0,7056,4,1,25,214369,0.715716,11.2896,14641,12.6025,1.478656,65.61,0.36,7.84,44.89,5.76
98,"Colby Lewis","P","2014","TEX","Texas Rangers",35,0,521,2000000,2000000,0,1,"2014","2014",0,0,0,162,67,95,0,0,-28,0,0,0,637,5460,1400,111,773,0.476,0.26,4.24,-0.4,0.16,10,14,29,29,0,2,1,0,170.1,211,107,98,25,48,5,133,8,1,3,762,0.417,5.18,77,4.46,1.521,11.1,1.3,2.5,7,2.77,100,196,841,841,0,4,1,0,28934.01,44521,11449,9604,625,2304,25,17689,64,1,9,580644,0.173889,26.8324,5929,19.8916,2.313441,123.21,1.69,6.25,49,7.6729
98,"Colby Lewis","P","2015","TEX","Texas Rangers",36,1,522,4000000,4000000,0,1,"2015","2015",0,0,0,162,88,74,1,1,14,0,0,0,751,5511,1419,172,733,0.477,0.26,4.24,1,1,17,9,33,33,0,2,1,0,204.2,211,114,106,26,42,2,142,11,0,5,861,0.654,4.66,91,4.17,1.236,9.3,1.1,1.8,6.2,3.38,289,81,1089,1089,0,4,1,0,41697.64,44521,12996,11236,676,1764,4,20164,121,0,25,741321,0.427716,21.7156,8281,17.3889,1.527696,86.49,1.21,3.24,38.44,11.4244
98,"Colby Lewis","P","2016","TEX","Texas Rangers",37,2,523,6000000,6000000,0,1,"2016","2016",0,0,0,162,95,67,1,1,28,0,0,0,765,5525,1446,215,757,0.479,0.26,4.24,2.4,5.76,6,5,19,19,0,1,0,0,116.1,103,53,48,19,28,0,73,3,0,1,472,0.545,3.71,123,4.81,1.126,8,1.5,2.2,5.6,2.61,36,25,361,361,0,1,0,0,13479.21,10609,2809,2304,361,784,0,5329,9,0,1,222784,0.297025,13.7641,15129,23.1361,1.267876,64,2.25,4.84,31.36,6.8121
99,"Cole Hamels","P","2020","ATL","Atlanta Braves",36.6,13.143,528,18000000,18000000,1,1,"2020","2020",0,0,0,60,35,25,1,1,10,0,0,1,348,2074,556,103,288,0.501,0.26,3.67,-0.1,0.01,0,1,1,1,0,0,0,0,3.1,3,3,3,0,1,0,2,0,0,0,14,0,8.1,63,2.89,1.2,8.1,0,2.7,5.4,2,0,1,1,1,0,0,0,0,9.61,9,9,9,0,1,0,4,0,0,0,196,0,65.61,3969,8.3521,1.44,65.61,0,7.29,29.16,4
100,"Colin Rea","P","2023","MIL","Milwaukee Brewers",33.1,0,531,797802.069517902,797802.069517902,0,1,"2023","2023",0,0,0,162,92,70,1,1,22,0,0,0,728,5386,1290,165,647,0.486,0.256,4.15,0.6,0.36,6,6,26,22,1,0,0,0,124.2,110,65,63,23,38,0,110,4,1,2,517,0.5,4.55,95,4.9,1.187,7.9,1.7,2.7,7.9,2.89,36,36,676,484,1,0,0,0,15425.64,12100,4225,3969,529,1444,0,12100,16,1,4,267289,0.25,20.7025,9025,24.01,1.408969,62.41,2.89,7.29,62.41,8.3521
100,"Colin Rea","P","2025","CHC","Chicago Cubs",35.1,1,532,5000000,5000000,1,1,"2025","2025",0,0,0,162,92,70,0,1,22,0,0,0,793,5495,1371,223,649,0.513,0.262,3.7,0.6,0.36,11,7,32,27,3,0,0,1,159.1,155,73,70,20,44,0,127,6,0,2,662,0.611,3.95,96,4.11,1.249,8.8,1.1,2.5,7.2,2.89,121,49,1024,729,9,0,0,1,25312.81,24025,5329,4900,400,1936,0,16129,36,0,4,438244,0.373321,15.6025,9216,16.8921,1.560001,77.44,1.21,6.25,51.84,8.3521
101,"Collin Mchugh","P","2022","ATL","Atlanta Braves",35.2,2,535,10000000,5000000,1,2,"2022","2023",0,0,0,162,101,61,1,1,40,0,0,1,789,5509,1394,243,609,0.502,0.26,3.67,2,4,3,2,58,0,3,0,0,0,69.1,51,20,20,5,14,1,75,5,0,3,272,0.6,2.6,159,2.71,0.938,6.6,0.6,1.8,9.7,5.36,9,4,3364,0,9,0,0,0,4774.81,2601,400,400,25,196,1,5625,25,0,9,73984,0.36,6.76,25281,7.3441,0.879844,43.56,0.36,3.24,94.09,28.7296
101,"Collin Mchugh","P","2023","ATL","Atlanta Braves",36.2,4,536,10637360.9269054,5318680.46345268,0,2,"2023","2024",0,0,0,162,104,58,1,1,46,0,0,0,947,5597,1543,307,716,0.503,0.26,3.67,-0.4,0.16,4,1,41,1,6,0,0,0,58.2,70,34,28,5,22,1,47,4,0,0,268,0.8,4.3,102,4.09,1.568,10.7,0.8,3.4,7.2,2.14,16,1,1681,1,36,0,0,0,3387.24,4900,1156,784,25,484,1,2209,16,0,0,71824,0.64,18.49,10404,16.7281,2.458624,114.49,0.64,11.56,51.84,4.5796
102,"Corey Dickerson","NP","2022","STL","St Louis Cardinals",33.2,8.101,540,5000000,5000000,1,1,"2022","2022",0,0,0,162,93,69,1,1,24,0,0,2,772,5496,1386,197,637,0.521,0.266,3.68,0,0,0,0,1,0,1,0,0,0,1,2,0,0,0,1,0,0,0,0,0,6,0,0,0,6.11,3,18,0,9,0,0,0,0,1,0,1,0,0,0,1,4,0,0,0,1,0,0,0,0,0,36,0,0,0,37.3321,9,324,0,81,0,0
103,"Corey Kluber","P","2021","NYY","New York Yankees",35.3,8.074,544,11000000,11000000,1,1,"2021","2021",0,0,0,162,92,70,0,1,22,0,0,0,711,5331,1266,222,669,0.57,0.266,3.65,1.5,2.25,5,3,16,16,0,1,1,0,80,74,37,34,8,33,0,82,5,0,3,341,0.625,3.83,112,3.85,1.338,8.3,0.9,3.7,9.2,2.48,25,9,256,256,0,1,1,0,6400,5476,1369,1156,64,1089,0,6724,25,0,9,116281,0.390625,14.6689,12544,14.8225,1.790244,68.89,0.81,13.69,84.64,6.1504
103,"Corey Kluber","P","2023","BOS","Boston Red Sox",37.3,10.074,546,10000000,10000000,1,1,"2023","2023",0,0,0,162,78,84,0,0,-6,0,0,0,772,5562,1437,182,776,0.518,0.267,3.92,-0.9,0.81,3,6,15,9,1,0,0,1,55,69,47,43,17,21,0,42,4,0,1,257,0.333,7.04,65,7.11,1.636,11.3,2.8,3.4,6.9,2,9,36,225,81,1,0,0,1,3025,4761,2209,1849,289,441,0,1764,16,0,1,66049,0.110889,49.5616,4225,50.5521,2.676496,127.69,7.84,11.56,47.61,4
104,"Cory Gearrin","P","2019","SEA","Seattle Mariners",33.3,3,550,1400000,1400000,1,1,"2019","2019",0,0,0,162,68,94,0,0,-26,0,0,1,758,5500,1305,239,893,0.471,0.26,4.33,0.8,0.64,1,3,66,2,8,0,0,0,55.1,55,25,25,5,25,1,47,4,1,4,241,0.25,4.07,109,4.26,1.446,8.9,0.8,4.1,7.6,1.88,1,9,4356,4,64,0,0,0,3036.01,3025,625,625,25,625,1,2209,16,1,16,58081,0.0625,16.5649,11881,18.1476,2.090916,79.21,0.64,16.81,57.76,3.5344
104,"Cory Gearrin","P","2020","MIN","Minnesota Twins",34.3,4,551,1000000,1000000,1,1,"2020","2020",0,0,0,60,36,24,1,1,12,0,0,0,269,1937,468,91,215,0.481,0.263,3.99,0.1,0.01,0,0,1,0,1,0,0,0,2,0,0,0,0,2,0,1,0,0,0,7,0,0,0,5.19,1,0,0,9,4.5,0.5,0,0,1,0,1,0,0,0,4,0,0,0,0,4,0,1,0,0,0,49,0,0,0,26.9361,1,0,0,81,20.25,0.25
105,"Craig Breslow","P","2015","BOS","Boston Red Sox",35,7.088,552,2000000,2000000,0,1,"2015","2015",0,0,0,162,78,84,0,0,-6,0,0,2,748,5640,1495,161,753,0.516,0.267,3.9,0.4,0.16,0,4,45,2,18,0,0,1,65,69,33,30,12,23,5,46,2,0,2,280,0,4.15,104,5.27,1.415,9.6,1.7,3.2,6.4,2,0,16,2025,4,324,0,0,1,4225,4761,1089,900,144,529,25,2116,4,0,4,78400,0,17.2225,10816,27.7729,2.002225,92.16,2.89,10.24,40.96,4
105,"Craig Breslow","P","2016","MIA","Miami Marlins",36,8.088,553,1500000,1500000,1,1,"2016","2016",0,0,0,161,79,82,0,0,-3,0,0,1,655,5547,1460,128,682,0.469,0.258,4.25,-0.2,0.04,0,2,15,0,4,0,0,0,14,21,9,7,1,4,0,7,0,0,2,63,0,4.5,90,3.93,1.786,13.5,0.6,2.6,4.5,1.75,0,4,225,0,16,0,0,0,196,441,81,49,1,16,0,49,0,0,4,3969,0,20.25,8100,15.4449,3.189796,182.25,0.36,6.76,20.25,3.0625
106,"Craig Kimbrel","P","2019","CHC","Chicago Cubs",31.2,0,558,43000000,14333333.3333333,1,3,"2019","2021",0,0,0,162,84,78,0,0,6,0,0,1,814,5461,1378,256,717,0.514,0.263,3.68,-0.6,0.36,0,4,23,0,17,0,0,13,20.2,21,15,15,9,12,0,30,2,0,0,96,0,6.53,68,8,1.597,9.1,3.9,5.2,13.1,2.5,0,16,529,0,289,0,0,169,408.04,441,225,225,81,144,0,900,4,0,0,9216,0,42.6409,4624,64,2.550409,82.81,15.21,27.04,171.61,6.25
106,"Craig Kimbrel","P","2020","CHC","Chicago Cubs",32.2,1,558,43000000,14333333.3333333,1,3,"2019","2021",0,0,0,60,34,26,1,1,8,0,0,0,265,1918,422,74,240,0.514,0.262,3.68,-0.1,0.01,0,1,18,0,11,0,0,2,15.1,10,9,9,2,12,1,28,2,0,4,69,0,5.28,87,3.97,1.435,5.9,1.2,7,16.4,2.33,0,1,324,0,121,0,0,4,228.01,100,81,81,4,144,1,784,4,0,16,4761,0,27.8784,7569,15.7609,2.059225,34.81,1.44,49,268.96,5.4289
106,"Craig Kimbrel","P","2021","CHC","Chicago Cubs",33.2,2,558,43000000,14333333.3333333,1,3,"2019","2021",1,0,0,162,71,91,0,0,-20,0,0,0,705,5306,1255,210,839,0.513,0.262,3.69,2.4,5.76,4,5,63,0,43,0,0,24,59.2,31,19,15,6,23,1,100,3,1,8,235,0.444,2.26,191,2.43,0.905,4.7,0.9,3.5,15.1,4.35,16,25,3969,0,1849,0,0,576,3504.64,961,361,225,36,529,1,10000,9,1,64,55225,0.197136,5.1076,36481,5.9049,0.819025,22.09,0.81,12.25,228.01,18.9225
106,"Craig Kimbrel","P","2023","PHI","Philadelphia Phillies",35.2,3,559,10000000,10000000,1,1,"2023","2023",1,0,0,162,90,72,0,1,18,0,0,1,796,5541,1417,220,715,0.473,0.26,3.99,1.8,3.24,8,6,71,0,45,0,0,23,69,44,28,25,10,28,1,94,4,2,4,278,0.571,3.26,132,3.81,1.043,5.7,1.3,3.7,12.3,3.36,64,36,5041,0,2025,0,0,529,4761,1936,784,625,100,784,1,8836,16,4,16,77284,0.326041,10.6276,17424,14.5161,1.087849,32.49,1.69,13.69,151.29,11.2896
106,"Craig Kimbrel","P","2024","BAL","Baltimore Orioles",36.2,4,560,13000000,13000000,1,1,"2024","2024",0,0,0,162,91,71,0,1,20,0,0,0,786,5567,1391,235,699,0.475,0.258,4.05,-1,1,7,5,57,0,39,0,0,23,52.1,40,35,31,7,31,1,73,5,1,3,232,0.583,5.33,73,4.18,1.357,6.9,1.2,5.3,12.6,2.35,49,25,3249,0,1521,0,0,529,2714.41,1600,1225,961,49,961,1,5329,25,1,9,53824,0.339889,28.4089,5329,17.4724,1.841449,47.61,1.44,28.09,158.76,5.5225
106,"Craig Kimbrel","P","2025","HOU","Houston Astros",37.2,5,561,760000,760000,1,1,"2025","2025",0,0,0,162,87,75,0,0,12,0,0,1,686,5490,1372,182,665,0.503,0.255,3.8,0.4,0.16,0,1,14,0,5,0,0,0,12,10,4,3,2,7,0,17,0,0,0,49,0,2.25,195,4.22,1.417,7.5,1.5,5.3,12.8,2.43,0,1,196,0,25,0,0,0,144,100,16,9,4,49,0,289,0,0,0,2401,0,5.0625,38025,17.8084,2.007889,56.25,2.25,28.09,163.84,5.9049
107,"Daisuke Matsuzaka","P","2014","NYM","New York Mets",33.9,1,576,1500000,1500000,0,1,"2014","2014",0,0,0,162,79,83,0,0,-4,0,0,2,629,5472,1306,125,618,0.478,0.25,3.76,0.2,0.04,3,3,34,9,5,0,0,1,83.1,62,38,36,6,50,5,78,6,0,6,359,0.5,3.89,89,4.21,1.344,6.7,0.6,5.4,8.4,1.56,9,9,1156,81,25,0,0,1,6905.61,3844,1444,1296,36,2500,25,6084,36,0,36,128881,0.25,15.1321,7921,17.7241,1.806336,44.89,0.36,29.16,70.56,2.4336
108,"Dallas Keuchel","P","2019","ATL","Atlanta Braves",31.6,0,577,21210000,21210000,1,1,"2019","2019",0,0,0,162,97,65,1,1,32,0,0,0,855,5560,1432,249,743,0.501,0.26,3.66,2.3,5.29,8,8,19,19,0,0,0,0,112.2,115,50,47,16,39,1,91,9,0,6,487,0.5,3.75,122,4.72,1.367,9.2,1.3,3.1,7.3,2.33,64,64,361,361,0,0,0,0,12588.84,13225,2500,2209,256,1521,1,8281,81,0,36,237169,0.25,14.0625,14884,22.2784,1.868689,84.64,1.69,9.61,53.29,5.4289
108,"Dallas Keuchel","P","2020","CHW","Chicago White Sox",32.6,1,578,55500000,18500000,1,3,"2020","2022",3,1,1,60,35,25,0,1,10,0,0,0,306,2047,534,96,246,0.502,0.26,3.78,2.1,4.41,6,2,11,11,0,0,0,0,63.1,52,15,14,2,17,0,42,0,0,0,257,0.75,1.99,224,3.08,1.089,7.4,0.3,2.4,6,2.47,36,4,121,121,0,0,0,0,3981.61,2704,225,196,4,289,0,1764,0,0,0,66049,0.5625,3.9601,50176,9.4864,1.185921,54.76,0.09,5.76,36,6.1009
108,"Dallas Keuchel","P","2021","CHW","Chicago White Sox",33.6,2,578,55500000,18500000,1,3,"2020","2022",1,0,0,162,93,69,1,1,24,0,0,0,796,5357,1373,190,636,0.503,0.26,3.78,0.1,0.01,9,9,32,30,0,0,0,0,162,189,105,95,25,59,1,95,7,0,5,720,0.5,5.28,83,5.23,1.531,10.5,1.4,3.3,5.3,1.61,81,81,1024,900,0,0,0,0,26244,35721,11025,9025,625,3481,1,9025,49,0,25,518400,0.25,27.8784,6889,27.3529,2.343961,110.25,1.96,10.89,28.09,2.5921
108,"Dallas Keuchel","P","2022","CHW","Chicago White Sox",34.6,3,578,55500000,18500000,1,3,"2020","2022",0,0,0,162,81,81,0,0,0,0,0,2,686,5611,1435,149,717,0.503,0.26,3.78,-2.5,6.25,2,9,14,14,0,0,0,0,60.2,94,69,62,11,31,2,45,0,0,3,303,0.182,9.2,44,5.52,2.06,13.9,1.6,4.6,6.7,1.45,4,81,196,196,0,0,0,0,3624.04,8836,4761,3844,121,961,4,2025,0,0,9,91809,0.033124,84.64,1936,30.4704,4.2436,193.21,2.56,21.16,44.89,2.1025
108,"Dallas Keuchel","P","2023","MIN","Minnesota Twins",35.6,4,579,765889.986737186,765889.986737186,1,1,"2023","2023",0,0,0,162,87,75,1,1,12,0,0,0,778,5489,1336,233,659,0.482,0.262,3.99,-0.1,0.01,2,1,10,6,2,0,0,0,37.2,45,25,25,3,18,0,25,2,0,2,172,0.667,5.97,74,4.56,1.673,10.8,0.7,4.3,6,1.39,4,1,100,36,4,0,0,0,1383.84,2025,625,625,9,324,0,625,4,0,4,29584,0.444889,35.6409,5476,20.7936,2.798929,116.64,0.49,18.49,36,1.9321
109,"Dan Altavilla","P","2025","CHW","Chicago White Sox",32,1,582,760000,760000,0,1,"2025","2025",0,0,0,162,60,102,0,0,-42,0,0,1,647,5377,1250,165,742,0.498,0.26,3.8,0.8,0.64,0,1,28,0,13,0,0,2,29,19,9,8,4,15,0,21,4,0,1,120,0,2.48,170,5.45,1.172,5.9,1.2,4.7,6.5,1.4,0,1,784,0,169,0,0,4,841,361,81,64,16,225,0,441,16,0,1,14400,0,6.1504,28900,29.7025,1.373584,34.81,1.44,22.09,42.25,1.96
110,"Dan Haren","P","2014","LAD","Los Angeles Dodgers",33.9,1,584,10000000,10000000,1,1,"2014","2014",0,0,0,160,94,68,1,1,26,0,0,1,718,5560,1476,134,617,0.525,0.262,3.53,-0.5,0.25,13,11,32,32,0,0,0,0,186,183,101,83,27,36,7,145,3,1,8,776,0.542,4.02,87,4.09,1.177,8.9,1.3,1.7,7,4.03,169,121,1024,1024,0,0,0,0,34596,33489,10201,6889,729,1296,49,21025,9,1,64,602176,0.293764,16.1604,7569,16.7281,1.385329,79.21,1.69,2.89,49,16.2409
111,"Dan Winkler","P","2020","CHC","Chicago Cubs",30.5,4.063,590,750000,750000,1,1,"2020","2020",0,0,0,60,34,26,1,1,8,0,0,0,265,1918,422,74,240,0.514,0.262,3.68,0.2,0.04,0,0,18,0,4,0,0,0,18.1,11,7,6,3,11,0,18,1,1,0,76,0,2.95,155,5.32,1.2,5.4,1.5,5.4,8.8,1.64,0,0,324,0,16,0,0,0,327.61,121,49,36,9,121,0,324,1,1,0,5776,0,8.7025,24025,28.3024,1.44,29.16,2.25,29.16,77.44,2.6896
112,"Daniel Bard","P","2020","COL","Colorado Rockies",34,0,592,690523.420485407,690523.420485407,0,1,"2020","2020",0,0,0,60,26,34,0,0,-8,0,0,1,275,2057,528,63,353,0.471,0.274,4.98,0.8,0.64,4,2,23,0,10,0,0,6,24.2,22,10,10,2,10,2,27,3,0,1,106,0.667,3.65,143,3.64,1.297,8,0.7,3.6,9.9,2.7,16,4,529,0,100,0,0,36,585.64,484,100,100,4,100,4,729,9,0,1,11236,0.444889,13.3225,20449,13.2496,1.682209,64,0.49,12.96,98.01,7.29
112,"Daniel Bard","P","2021","COL","Colorado Rockies",35,1,593,3460732.17795892,3460732.17795892,0,1,"2021","2021",0,0,0,161,74,87,0,0,-13,0,0,0,739,5374,1338,182,796,0.47,0.273,4.98,-0.3,0.09,7,8,67,0,44,0,0,20,65.2,69,41,38,8,36,1,80,7,0,4,304,0.467,5.21,93,4.28,1.599,9.5,1.1,4.9,11,2.22,49,64,4489,0,1936,0,0,400,4251.04,4761,1681,1444,64,1296,1,6400,49,0,16,92416,0.218089,27.1441,8649,18.3184,2.556801,90.25,1.21,24.01,121,4.9284
112,"Daniel Bard","P","2022","COL","Colorado Rockies",36,2,594,4904261.1966416,4904261.1966416,0,1,"2022","2022",2,1,0,162,68,94,0,0,-26,0,0,0,698,5540,1408,149,873,0.469,0.272,4.98,3.7,13.69,6,4,57,0,48,0,0,34,60.1,35,15,12,3,25,1,69,3,0,3,245,0.6,1.79,260,2.86,0.994,5.2,0.4,3.7,10.3,2.76,36,16,3249,0,2304,0,0,1156,3612.01,1225,225,144,9,625,1,4761,9,0,9,60025,0.36,3.2041,67600,8.1796,0.988036,27.04,0.16,13.69,106.09,7.6176
112,"Daniel Bard","P","2023","COL","Colorado Rockies",37,3,595,20210985.7611202,10105492.8805601,0,2,"2023","2024",0,0,0,162,59,103,0,0,-44,0,0,0,721,5496,1368,163,957,0.465,0.272,5,0,0,4,2,50,0,11,0,0,1,49.1,35,30,25,5,49,3,47,8,1,2,232,0.667,4.56,109,6.13,1.703,6.4,0.9,8.9,8.6,0.96,16,4,2500,0,121,0,0,1,2410.81,1225,900,625,25,2401,9,2209,64,1,4,53824,0.444889,20.7936,11881,37.5769,2.900209,40.96,0.81,79.21,73.96,0.9216
113,"Daniel Descalso","NP","2017","ARI","Arizona Diamondbacks",30.8,6.016,597,1500000,1500000,1,1,"2017","2017",0,0,0,162,93,69,0,1,24,0,0,0,812,5525,1405,220,659,0.493,0.258,4.23,0.1,0.01,0,0,2,0,2,0,0,0,2,0,0,0,0,0,0,0,0,0,0,6,0,0,0,3.16,0,0,0,0,0,0,0,0,4,0,4,0,0,0,4,0,0,0,0,0,0,0,0,0,0,36,0,0,0,9.9856,0,0,0,0,0,0
113,"Daniel Descalso","NP","2019","CHC","Chicago Cubs",32.8,8.016,598,5000000,2500000,1,2,"2019","2020",0,0,0,162,84,78,0,0,6,0,0,1,814,5461,1378,256,717,0.514,0.263,3.68,-0.1,0.01,0,0,1,0,0,0,0,0,1,2,2,2,1,0,0,0,0,0,0,5,0,18,33,16.21,2,18,9,0,0,0,0,0,1,0,0,0,0,0,1,4,4,4,1,0,0,0,0,0,0,25,0,324,1089,262.7641,4,324,81,0,0,0
114,"Daniel Hudson","P","2014","ARI","Arizona Diamondbacks",27.4,0,599,700000,700000,0,1,"2014","2014",0,0,0,162,64,98,0,0,-34,0,0,0,615,5552,1379,118,742,0.492,0.258,4.23,-0.3,0.09,0,1,3,0,0,0,0,0,2.2,4,4,4,0,0,0,2,0,0,0,13,0,13.5,32,1.63,1.5,13.5,0,0,6.8,0,0,1,9,0,0,0,0,0,4.84,16,16,16,0,0,0,4,0,0,0,169,0,182.25,1024,2.6569,2.25,182.25,0,0,46.24,0
114,"Daniel Hudson","P","2016","ARI","Arizona Diamondbacks",29.4,1,600,3577100.34652386,3577100.34652386,0,1,"2016","2016",0,0,0,162,69,93,0,0,-24,0,0,0,752,5665,1479,190,890,0.488,0.258,4.27,-0.5,0.25,3,2,70,0,17,0,0,5,60.1,65,40,35,6,22,3,58,4,0,5,268,0.6,5.22,86,3.81,1.442,9.7,0.9,3.3,8.7,2.64,9,4,4900,0,289,0,0,25,3612.01,4225,1600,1225,36,484,9,3364,16,0,25,71824,0.36,27.2484,7396,14.5161,2.079364,94.09,0.81,10.89,75.69,6.9696
114,"Daniel Hudson","P","2017","PIT","Pittsburgh Pirates",30.4,2,601,11000000,5500000,1,2,"2017","2018",0,0,0,165,75,87,0,0,-12,0,0,0,668,5458,1331,151,731,0.504,0.264,3.72,-0.1,0.01,2,7,71,0,18,0,0,0,61.2,57,34,30,7,33,1,66,5,0,4,271,0.222,4.38,98,4.34,1.459,8.3,1,4.8,9.6,2,4,49,5041,0,324,0,0,0,3745.44,3249,1156,900,49,1089,1,4356,25,0,16,73441,0.049284,19.1844,9604,18.8356,2.128681,68.89,1,23.04,92.16,4
114,"Daniel Hudson","P","2018","LAD","Los Angeles Dodgers",31.4,4,602,545000,545000,1,1,"2018","2018",0,0,0,163,92,71,1,1,21,1,0,1,804,5572,1394,235,610,0.527,0.262,3.53,-0.4,0.16,3,2,40,1,11,0,0,0,46,38,25,21,6,18,1,44,4,0,3,197,0.6,4.11,95,4.38,1.217,7.4,1.2,3.5,8.6,2.44,9,4,1600,1,121,0,0,0,2116,1444,625,441,36,324,1,1936,16,0,9,38809,0.36,16.8921,9025,19.1844,1.481089,54.76,1.44,12.25,73.96,5.9536
114,"Daniel Hudson","P","2022","LAD","Los Angeles Dodgers",35.4,10,606,7000000,7000000,1,1,"2022","2022",0,0,0,162,111,51,1,1,60,0,0,2,847,5526,1418,212,513,0.531,0.261,3.52,0.6,0.36,2,3,25,0,8,0,0,5,24.1,17,7,6,1,5,0,30,2,0,4,97,0.4,2.22,184,2.04,0.904,6.3,0.4,1.8,11.1,6,4,9,625,0,64,0,0,25,580.81,289,49,36,1,25,0,900,4,0,16,9409,0.16,4.9284,33856,4.1616,0.817216,39.69,0.16,3.24,123.21,36
114,"Daniel Hudson","P","2023","LAD","Los Angeles Dodgers",36.4,11,607,7446152.64883375,7446152.64883375,0,1,"2023","2023",0,0,0,162,100,62,1,1,38,0,0,0,906,5524,1422,249,699,0.531,0.261,3.52,0.1,0.01,0,0,3,0,1,0,0,1,3,2,0,0,0,3,0,5,0,0,0,14,0,0,0,2.92,1.667,6,0,9,15,1.67,0,0,9,0,1,0,0,1,9,4,0,0,0,9,0,25,0,0,0,196,0,0,0,8.5264,2.778889,36,0,81,225,2.7889
114,"Daniel Hudson","P","2024","LAD","Los Angeles Dodgers",37.4,12,608,2056761.64560494,2056761.64560494,0,1,"2024","2024",0,0,0,162,98,64,1,1,34,1,1,1,842,5522,1423,233,686,0.532,0.261,3.53,0.6,0.36,6,2,65,0,19,0,0,10,63,46,25,21,10,19,1,63,1,0,2,253,0.75,3,133,4.18,1.032,6.6,1.4,2.7,9,3.32,36,4,4225,0,361,0,0,100,3969,2116,625,441,100,361,1,3969,1,0,4,64009,0.5625,9,17689,17.4724,1.065024,43.56,1.96,7.29,81,11.0224
115,"Danny Coulombe","P","2022","MIN","Minnesota Twins",32.8,0,612,979500,979500,0,1,"2022","2022",0,0,0,162,78,84,0,0,-6,0,0,3,696,5476,1356,178,684,0.481,0.263,4,0.3,0.09,0,0,10,0,3,0,0,0,12.1,7,3,2,0,9,0,9,0,0,1,53,0,1.46,275,3.84,1.297,5.1,0,6.6,6.6,1,0,0,100,0,9,0,0,0,146.41,49,9,4,0,81,0,81,0,0,1,2809,0,2.1316,75625,14.7456,1.682209,26.01,0,43.56,43.56,1
115,"Danny Coulombe","P","2024","BAL","Baltimore Orioles",34.8,2,614,2365275.89244568,2365275.89244568,1,1,"2024","2024",0,0,0,162,91,71,0,1,20,0,0,0,786,5567,1391,235,699,0.475,0.258,4.05,1,1,1,0,33,0,3,0,0,1,29.2,15,7,7,3,5,0,32,0,0,2,107,1,2.12,184,2.83,0.674,4.6,0.9,1.5,9.7,6.4,1,0,1089,0,9,0,0,1,852.64,225,49,49,9,25,0,1024,0,0,4,11449,1,4.4944,33856,8.0089,0.454276,21.16,0.81,2.25,94.09,40.96
115,"Danny Coulombe","P","2025","MIN","Minnesota Twins",35.8,3,615,3000000,3000000,1,1,"2025","2025",0,0,0,162,70,92,0,0,-22,0,0,0,678,5432,1295,191,773,0.481,0.262,4,1.4,1.96,2,1,55,1,10,0,0,2,43,32,11,11,3,18,0,43,0,0,1,176,0.667,2.3,180,3.3,1.163,6.7,0.6,3.8,9,2.39,4,1,3025,1,100,0,0,4,1849,1024,121,121,9,324,0,1849,0,0,1,30976,0.444889,5.29,32400,10.89,1.352569,44.89,0.36,14.44,81,5.7121
116,"Danny Hultzen","P","2019","CHC","Chicago Cubs",29.7,1,617,691688.341292727,691688.341292727,0,1,"2019","2019",0,0,0,162,84,78,0,0,6,0,0,1,814,5461,1378,256,717,0.514,0.263,3.68,0.2,0.04,0,0,6,0,0,0,0,0,3.1,4,0,0,0,2,0,5,1,0,0,18,0,0,0,2.91,1.8,10.8,0,5.4,13.5,2.5,0,0,36,0,0,0,0,0,9.61,16,0,0,0,4,0,25,1,0,0,324,0,0,0,8.4681,3.24,116.64,0,29.16,182.25,6.25
117,"Dany Jimenez","P","2022","OAK","Oakland Athletics",28.7,0,618,780223.372192982,780223.372192982,0,1,"2022","2022",0,0,0,162,60,102,0,0,-42,0,0,0,568,5314,1147,137,770,0.488,0.258,3.98,0.3,0.09,3,4,34,0,22,0,0,11,34.1,23,16,13,2,18,4,34,0,0,2,145,0.429,3.41,110,3.46,1.194,6,0.5,4.7,8.9,1.89,9,16,1156,0,484,0,0,121,1162.81,529,256,169,4,324,16,1156,0,0,4,21025,0.184041,11.6281,12100,11.9716,1.425636,36,0.25,22.09,79.21,3.5721
117,"Dany Jimenez","P","2024","OAK","Oakland Athletics",30.7,1,619,771285.617101852,771285.617101852,0,1,"2024","2024",0,0,0,162,69,93,0,0,-24,0,0,0,643,5432,1267,196,764,0.486,0.257,4,-0.3,0.09,1,3,25,0,9,0,0,1,25.2,21,18,14,6,19,0,25,1,0,0,117,0.25,4.91,81,6.59,1.558,7.4,2.1,6.7,8.8,1.32,1,9,625,0,81,0,0,1,635.04,441,324,196,36,361,0,625,1,0,0,13689,0.0625,24.1081,6561,43.4281,2.427364,54.76,4.41,44.89,77.44,1.7424
118,"Darren Oday","P","2016","BAL","Baltimore Orioles",33.8,0,622,31000000,7750000,0,4,"2016","2019",0,0,0,162,89,73,0,1,16,0,0,0,744,5524,1413,253,715,0.477,0.259,4,0.5,0.25,3,1,34,0,6,0,0,3,31,25,13,13,6,13,2,38,1,0,0,131,0.75,3.77,115,4.57,1.226,7.3,1.7,3.8,11,2.92,9,1,1156,0,36,0,0,9,961,625,169,169,36,169,4,1444,1,0,0,17161,0.5625,14.2129,13225,20.8849,1.503076,53.29,2.89,14.44,121,8.5264
118,"Darren Oday","P","2017","BAL","Baltimore Orioles",34.8,1,622,31000000,7750000,0,4,"2016","2019",0,0,0,162,75,87,0,0,-12,0,0,1,743,5650,1469,232,841,0.477,0.259,4.01,1,1,2,3,64,0,16,0,0,2,60.1,41,24,23,8,24,2,76,3,1,0,240,0.4,3.43,127,3.7,1.077,6.1,1.2,3.6,11.3,3.17,4,9,4096,0,256,0,0,4,3612.01,1681,576,529,64,576,4,5776,9,1,0,57600,0.16,11.7649,16129,13.69,1.159929,37.21,1.44,12.96,127.69,10.0489
118,"Darren Oday","P","2018","BAL","Baltimore Orioles",35.8,2,622,31000000,7750000,0,4,"2016","2019",0,0,0,162,47,115,0,0,-68,0,0,2,622,5507,1317,188,892,0.475,0.259,4.02,0.3,0.09,0,2,20,0,10,0,0,2,20,18,9,8,3,4,1,27,3,1,0,83,0,3.6,121,3.46,1.1,8.1,1.4,1.8,12.2,6.75,0,4,400,0,100,0,0,4,400,324,81,64,9,16,1,729,9,1,0,6889,0,12.96,14641,11.9716,1.21,65.61,1.96,3.24,148.84,45.5625
118,"Darren Oday","P","2020","ATL","Atlanta Braves",37.8,4,623,2750000,2750000,0,1,"2020","2020",0,0,0,60,35,25,1,1,10,0,0,1,348,2074,556,103,288,0.501,0.26,3.67,0.7,0.49,4,0,19,0,1,0,0,0,16.1,8,3,2,1,5,0,22,3,0,0,67,1,1.1,431,2.76,0.796,4.4,0.6,2.8,12.1,4.4,16,0,361,0,1,0,0,0,259.21,64,9,4,1,25,0,484,9,0,0,4489,1,1.21,185761,7.6176,0.633616,19.36,0.36,7.84,146.41,19.36
118,"Darren Oday","P","2021","NYY","New York Yankees",38.8,5,624,3726942.34549422,1863471.17274711,1,2,"2021","2022",0,0,0,162,92,70,0,1,22,0,0,0,711,5331,1266,222,669,0.57,0.266,3.65,0.3,0.09,0,0,12,0,1,0,0,0,10.2,9,4,4,2,4,0,11,1,1,0,46,0,3.38,131,4.95,1.219,7.6,1.7,3.4,9.3,2.75,0,0,144,0,1,0,0,0,104.04,81,16,16,4,16,0,121,1,1,0,2116,0,11.4244,17161,24.5025,1.485961,57.76,2.89,11.56,86.49,7.5625
118,"Darren Oday","P","2022","ATL","Atlanta Braves",39.8,7,625,1114604.81741855,1114604.81741855,1,1,"2022","2022",0,0,0,162,101,61,1,1,40,0,0,1,789,5509,1394,243,609,0.502,0.26,3.67,0.1,0.01,2,2,28,0,3,0,0,0,21.2,19,12,10,3,10,2,26,1,0,0,94,0.5,4.15,100,4.04,1.338,7.9,1.2,4.2,10.8,2.6,4,4,784,0,9,0,0,0,449.44,361,144,100,9,100,4,676,1,0,0,8836,0.25,17.2225,10000,16.3216,1.790244,62.41,1.44,17.64,116.64,6.76
119,"David Aardsma","P","2012","NYY","New York Yankees",30.6,0,626,500000,500000,1,1,"2012","2012",0,0,0,162,95,67,1,1,28,0,0,0,804,5524,1462,245,668,0.568,0.268,3.64,0,0,0,0,1,0,1,0,0,0,1,1,1,1,1,1,0,1,0,0,0,5,0,9,64,17.09,2,9,9,9,9,1,0,0,1,0,1,0,0,0,1,1,1,1,1,1,0,1,0,0,0,25,0,81,4096,292.0681,4,81,81,81,81,1
120,"David Hernandez","P","2016","PHI","Philadelphia Phillies",31.2,6.095,632,3900000,3900000,1,1,"2016","2016",0,0,0,162,71,91,0,0,-20,0,0,0,610,5434,1305,161,796,0.472,0.261,3.97,0.9,0.81,3,4,70,0,16,0,0,1,72.2,77,31,31,11,32,5,80,2,0,6,322,0.429,3.84,109,4.32,1.5,9.5,1.4,4,9.9,2.5,9,16,4900,0,256,0,0,1,5212.84,5929,961,961,121,1024,25,6400,4,0,36,103684,0.184041,14.7456,11881,18.6624,2.25,90.25,1.96,16,98.01,6.25
120,"David Hernandez","P","2018","CIN","Cincinnati Reds",33.2,8.084,634,5000000,2500000,1,2,"2018","2019",0,0,0,162,67,95,0,0,-28,0,0,0,696,5532,1404,172,819,0.505,0.261,3.74,1.9,3.61,5,2,57,0,6,0,0,0,64,46,20,18,6,17,1,65,5,2,3,254,0.714,2.53,165,3.38,0.984,6.5,0.8,2.4,9.1,3.82,25,4,3249,0,36,0,0,0,4096,2116,400,324,36,289,1,4225,25,4,9,64516,0.509796,6.4009,27225,11.4244,0.968256,42.25,0.64,5.76,82.81,14.5924
120,"David Hernandez","P","2019","CIN","Cincinnati Reds",34.2,9.084,634,5000000,2500000,1,2,"2018","2019",0,0,0,162,75,87,0,0,-12,0,0,1,701,5450,1328,227,711,0.505,0.261,3.75,-1.8,3.24,2,5,47,0,8,0,0,2,42.2,53,39,38,7,20,3,53,1,0,1,198,0.286,8.02,59,4.34,1.711,11.2,1.5,4.2,11.2,2.65,4,25,2209,0,64,0,0,4,1780.84,2809,1521,1444,49,400,9,2809,1,0,1,39204,0.081796,64.3204,3481,18.8356,2.927521,125.44,2.25,17.64,125.44,7.0225
121,"David Murphy","NP","2015","CLE","Cleveland Guardians",33.8,7.087,635,12000000,6000000,1,2,"2014","2015",0,0,0,161,81,80,0,0,1,0,0,0,669,5439,1395,141,640,0.509,0.266,3.84,-0.2,0.04,0,0,1,0,1,0,0,0,0.1,2,5,0,1,1,0,0,1,0,0,6,0,0,0,60.13,9,54,27,27,0,0,0,0,1,0,1,0,0,0,0.01,4,25,0,1,1,0,0,1,0,0,36,0,0,0,3615.6169,81,2916,729,729,0,0
122,"David Phelps","P","2020","MIL","Milwaukee Brewers",33.8,1,641,1500000,1500000,1,1,"2020","2020",0,0,0,60,29,31,0,1,-2,0,0,1,247,1920,429,75,264,0.481,0.257,4.18,0,0,2,4,22,0,4,0,0,0,20.2,19,16,15,7,5,0,31,1,0,1,85,0.333,6.53,71,5.47,1.161,8.3,3,2.2,13.5,6.2,4,16,484,0,16,0,0,0,408.04,361,256,225,49,25,0,961,1,0,1,7225,0.110889,42.6409,5041,29.9209,1.347921,68.89,9,4.84,182.25,38.44
122,"David Phelps","P","2021","TOR","Toronto Blue Jays",34.8,2,642,1750000,1750000,1,1,"2021","2021",0,0,0,162,91,71,0,0,20,0,0,0,846,5476,1455,262,663,0.496,0.261,4.23,0.4,0.16,0,0,11,1,1,0,0,0,10.1,8,2,1,0,4,0,15,1,0,0,42,0,0.87,529,1.72,1.161,7,0,3.5,13.1,3.75,0,0,121,1,1,0,0,0,102.01,64,4,1,0,16,0,225,1,0,0,1764,0,0.7569,279841,2.9584,1.347921,49,0,12.25,171.61,14.0625
122,"David Phelps","P","2022","TOR","Toronto Blue Jays",35.8,3,643,1950558.43048246,1950558.43048246,0,1,"2022","2022",0,0,0,162,92,70,0,1,22,0,0,1,775,5555,1464,200,679,0.498,0.261,4.23,1.1,1.21,0,2,65,1,11,0,0,1,63.2,52,22,20,2,31,0,64,4,0,3,272,0,2.83,137,3.16,1.304,7.4,0.3,4.4,9,2.06,0,4,4225,1,121,0,0,1,3994.24,2704,484,400,4,961,0,4096,16,0,9,73984,0,8.0089,18769,9.9856,1.700416,54.76,0.09,19.36,81,4.2436
123,"David Robertson","P","2015","CHW","Chicago White Sox",30.3,0,644,46000000,11500000,1,4,"2015","2018",0,0,0,162,76,86,0,0,-10,0,0,0,622,5533,1381,136,701,0.504,0.261,3.75,0.5,0.25,6,5,60,0,53,0,0,34,63.1,46,27,24,7,13,2,86,1,0,4,250,0.545,3.41,115,2.52,0.932,6.5,1,1.8,12.2,6.62,36,25,3600,0,2809,0,0,1156,3981.61,2116,729,576,49,169,4,7396,1,0,16,62500,0.297025,11.6281,13225,6.3504,0.868624,42.25,1,3.24,148.84,43.8244
123,"David Robertson","P","2016","CHW","Chicago White Sox",31.3,1,644,46000000,11500000,1,4,"2015","2018",0,0,0,162,78,84,0,0,-6,0,0,1,686,5550,1428,168,715,0.504,0.261,3.75,1.2,1.44,5,3,62,0,48,0,0,37,62.1,53,24,24,6,32,4,75,1,0,1,267,0.625,3.47,117,3.58,1.364,7.7,0.9,4.6,10.8,2.34,25,9,3844,0,2304,0,0,1369,3856.41,2809,576,576,36,1024,16,5625,1,0,1,71289,0.390625,12.0409,13689,12.8164,1.860496,59.29,0.81,21.16,116.64,5.4756
123,"David Robertson","P","2017","CHW","Chicago White Sox",32.3,2,644,46000000,11500000,1,4,"2015","2018",0,0,0,162,67,95,0,0,-28,0,0,1,706,5513,1412,186,820,0.503,0.26,3.76,2.9,8.41,9,2,61,0,34,0,0,14,68.1,35,14,14,6,23,5,98,3,0,7,264,0.818,1.84,241,2.57,0.849,4.6,0.8,3,12.9,4.26,81,4,3721,0,1156,0,0,196,4637.61,1225,196,196,36,529,25,9604,9,0,49,69696,0.669124,3.3856,58081,6.6049,0.720801,21.16,0.64,9,166.41,18.1476
123,"David Robertson","P","2019","PHI","Philadelphia Phillies",34.3,4,645,23000000,11500000,1,2,"2019","2020",0,0,0,162,81,81,0,0,0,0,0,1,774,5571,1369,215,794,0.472,0.261,3.98,0,0,0,1,7,0,3,0,0,0,6.2,8,4,4,1,6,0,6,0,0,0,33,0,5.4,86,6.06,2.1,10.8,1.4,8.1,8.1,1,0,1,49,0,9,0,0,0,38.44,64,16,16,1,36,0,36,0,0,0,1089,0,29.16,7396,36.7236,4.41,116.64,1.96,65.61,65.61,1
123,"David Robertson","P","2022","CHC","Chicago Cubs",37.3,6,646,3500000,3500000,1,1,"2022","2022",0,0,0,162,74,88,0,0,-14,0,0,1,657,5425,1293,159,731,0.513,0.262,3.69,2.7,7.29,4,3,58,0,33,0,0,20,63.2,39,18,17,6,35,1,81,3,0,4,264,0.571,2.4,173,3.58,1.162,5.5,0.8,4.9,11.5,2.31,16,9,3364,0,1089,0,0,400,3994.24,1521,324,289,36,1225,1,6561,9,0,16,69696,0.326041,5.76,29929,12.8164,1.350244,30.25,0.64,24.01,132.25,5.3361
123,"David Robertson","P","2023","NYM","New York Mets",38.3,7,647,10000000,10000000,1,1,"2023","2023",0,0,0,162,75,87,0,0,-12,0,0,0,717,5363,1276,215,729,0.482,0.25,3.8,1.7,2.89,6,6,62,0,36,0,0,18,65.1,53,28,22,7,25,2,78,3,0,5,269,0.5,3.03,145,3.55,1.194,7.3,1,3.4,10.7,3.12,36,36,3844,0,1296,0,0,324,4238.01,2809,784,484,49,625,4,6084,9,0,25,72361,0.25,9.1809,21025,12.6025,1.425636,53.29,1,11.56,114.49,9.7344
123,"David Robertson","P","2024","TEX","Texas Rangers",39.3,8,648,11826379.4622284,11826379.4622284,1,1,"2024","2024",0,0,0,162,78,84,0,0,-6,0,0,1,683,5472,1302,176,738,0.476,0.258,4.29,1.5,2.25,3,4,68,0,8,0,0,2,72,53,25,24,5,27,4,99,5,1,8,296,0.429,3,127,2.65,1.111,6.6,0.6,3.4,12.4,3.67,9,16,4624,0,64,0,0,4,5184,2809,625,576,25,729,16,9801,25,1,64,87616,0.184041,9,16129,7.0225,1.234321,43.56,0.36,11.56,153.76,13.4689
123,"David Robertson","P","2025","PHI","Philadelphia Phillies",40.3,9,649,15942857,15942857,1,1,"2025","2025",0,0,0,162,96,66,1,1,30,0,0,2,778,5517,1426,212,648,0.475,0.26,3.98,0.2,0.04,2,0,20,0,4,0,0,2,17.2,18,9,8,4,8,1,22,0,0,0,78,1,4.08,111,4.95,1.472,9.2,2,4.1,11.2,2.75,4,0,400,0,16,0,0,4,295.84,324,81,64,16,64,1,484,0,0,0,6084,1,16.6464,12321,24.5025,2.166784,84.64,4,16.81,125.44,7.5625
124,"David Ross","NP","2015","CHC","Chicago Cubs",38.4,2,651,5000000,2500000,1,2,"2015","2016",0,0,0,162,97,65,0,1,32,0,0,0,689,5491,1341,171,608,0.512,0.263,3.68,0.1,0.01,0,0,2,0,2,0,0,0,2,0,0,0,0,0,0,0,0,0,0,6,0,0,0,3.13,0,0,0,0,0,0,0,0,4,0,4,0,0,0,4,0,0,0,0,0,0,0,0,0,0,36,0,0,0,9.7969,0,0,0,0,0,0
125,"Dellin Betances","P","2020","NYM","New York Mets",32.4,6.078,653,10500000,10500000,1,1,"2020","2020",0,0,0,60,26,34,0,0,-8,0,0,0,286,2023,551,86,308,0.48,0.25,3.8,-0.2,0.04,0,1,15,0,2,0,0,0,11.2,12,10,10,0,12,0,11,2,0,2,59,0,7.71,57,4.91,2.057,9.3,0,9.3,8.5,0.92,0,1,225,0,4,0,0,0,125.44,144,100,100,0,144,0,121,4,0,4,3481,0,59.4441,3249,24.1081,4.231249,86.49,0,86.49,72.25,0.8464
126,"Derek Holland","P","2017","CHW","Chicago White Sox",30.8,7.12,660,6000000,6000000,1,1,"2017","2017",0,0,0,162,67,95,0,0,-28,0,0,1,706,5513,1412,186,820,0.503,0.26,3.76,-1.6,2.56,7,14,29,26,0,0,0,0,135,156,106,93,31,75,2,104,8,0,7,626,0.333,6.2,69,6.45,1.711,10.4,2.1,5,6.9,1.39,49,196,841,676,0,0,0,0,18225,24336,11236,8649,961,5625,4,10816,64,0,49,391876,0.110889,38.44,4761,41.6025,2.927521,108.16,4.41,25,47.61,1.9321
126,"Derek Holland","P","2020","PIT","Pittsburgh Pirates",33.8,10.105,663,1225418.66989424,1225418.66989424,1,1,"2020","2020",0,0,0,60,19,41,0,0,-22,0,0,0,219,1932,425,59,298,0.503,0.264,3.73,-1,1,1,3,12,5,3,0,0,0,40.2,42,33,31,12,15,0,45,3,1,2,179,0.25,6.86,66,6.14,1.402,9.3,2.7,3.3,10,3,1,9,144,25,9,0,0,0,1616.04,1764,1089,961,144,225,0,2025,9,1,4,32041,0.0625,47.0596,4356,37.6996,1.965604,86.49,7.29,10.89,100,9
126,"Derek Holland","P","2021","DET","Detroit Tigers",34.8,11.105,664,1094419.57764513,1094419.57764513,1,1,"2021","2021",0,0,0,162,77,85,0,0,-8,0,0,0,697,5376,1299,179,756,0.504,0.265,4,0.1,0.01,3,2,39,1,12,0,0,0,49.2,58,29,28,6,20,1,51,1,0,2,225,0.6,5.07,84,3.96,1.57,10.5,1.1,3.6,9.2,2.55,9,4,1521,1,144,0,0,0,2420.64,3364,841,784,36,400,1,2601,1,0,4,50625,0.36,25.7049,7056,15.6816,2.4649,110.25,1.21,12.96,84.64,6.5025
127,"Derek Law","P","2023","CIN","Cincinnati Reds",32.9,1,666,1000000,1000000,1,1,"2023","2023",0,0,0,162,82,80,0,0,2,0,0,1,783,5499,1371,198,821,0.504,0.261,3.77,1,1,4,6,54,3,13,0,0,2,55,50,24,22,6,26,0,45,3,0,5,240,0.4,3.6,130,4.62,1.382,8.2,1,4.3,7.4,1.73,16,36,2916,9,169,0,0,4,3025,2500,576,484,36,676,0,2025,9,0,25,57600,0.16,12.96,16900,21.3444,1.909924,67.24,1,18.49,54.76,2.9929
128,"Domingo German","P","2018","NYY","New York Yankees",25,0,683,698221.948246074,698221.948246074,1,1,"2018","2018",0,0,0,162,100,62,0,1,38,0,0,0,851,5515,1374,267,669,0.569,0.266,3.65,-0.4,0.16,2,6,21,14,2,0,0,0,85.2,81,55,53,15,33,0,102,5,1,7,375,0.25,5.57,75,4.39,1.331,8.5,1.6,3.5,10.7,3.09,4,36,441,196,4,0,0,0,7259.04,6561,3025,2809,225,1089,0,10404,25,1,49,140625,0.0625,31.0249,5625,19.2721,1.771561,72.25,2.56,12.25,114.49,9.5481
128,"Domingo German","P","2019","NYY","New York Yankees",26,1,684,719729.760534324,719729.760534324,0,1,"2019","2019",0,0,0,162,103,59,1,1,44,0,0,3,943,5583,1493,306,739,0.57,0.266,3.65,2.1,4.41,18,4,27,24,0,0,0,0,143,125,69,64,30,39,0,153,5,0,5,594,0.818,4.03,110,4.72,1.147,7.9,1.9,2.5,9.6,3.92,324,16,729,576,0,0,0,0,20449,15625,4761,4096,900,1521,0,23409,25,0,25,352836,0.669124,16.2409,12100,22.2784,1.315609,62.41,3.61,6.25,92.16,15.3664
128,"Domingo German","P","2021","NYY","New York Yankees",28,2,685,733172.380299724,733172.380299724,0,1,"2021","2021",0,0,0,162,92,70,0,1,22,0,0,0,711,5331,1266,222,669,0.57,0.266,3.65,1.3,1.69,4,5,22,18,0,0,0,0,98.1,89,52,50,17,27,0,98,2,1,3,410,0.444,4.58,94,4.31,1.18,8.1,1.6,2.5,9,3.63,16,25,484,324,0,0,0,0,9623.61,7921,2704,2500,289,729,0,9604,4,1,9,168100,0.197136,20.9764,8836,18.5761,1.3924,65.61,2.56,6.25,81,13.1769
128,"Domingo German","P","2022","NYY","New York Yankees",29,3,686,1950558.43048246,1950558.43048246,0,1,"2022","2022",0,0,0,162,99,63,1,1,36,0,0,1,807,5422,1308,254,567,0.57,0.266,3.65,0.7,0.49,2,5,15,14,0,0,0,0,72.1,65,31,29,11,19,0,58,4,1,0,298,0.286,3.61,109,4.44,1.161,8.1,1.4,2.4,7.2,3.05,4,25,225,196,0,0,0,0,5198.41,4225,961,841,121,361,0,3364,16,1,0,88804,0.081796,13.0321,11881,19.7136,1.347921,65.61,1.96,5.76,51.84,9.3025
128,"Domingo German","P","2023","NYY","New York Yankees",30,4,687,2765713.84099539,2765713.84099539,0,1,"2023","2023",0,0,0,162,82,80,0,0,2,0,0,0,673,5323,1207,219,698,0.569,0.266,3.65,0.7,0.49,5,7,20,19,1,1,1,0,108.2,83,61,55,20,34,0,114,6,0,2,444,0.417,4.56,95,4.65,1.077,6.9,1.7,2.8,9.4,3.35,25,49,400,361,1,1,1,0,11707.24,6889,3721,3025,400,1156,0,12996,36,0,4,197136,0.173889,20.7936,9025,21.6225,1.159929,47.61,2.89,7.84,88.36,11.2225
128,"Domingo German","P","2024","PIT","Pittsburgh Pirates",31,5,688,761001.808873827,761001.808873827,1,1,"2024","2024",0,0,0,162,76,86,0,0,-10,0,0,0,665,5477,1283,160,739,0.5,0.263,3.76,-0.5,0.25,0,1,7,2,3,0,0,0,20.2,25,19,18,4,13,1,18,2,1,2,100,0,7.84,54,6.12,1.839,10.9,1.7,5.7,7.8,1.38,0,1,49,4,9,0,0,0,408.04,625,361,324,16,169,1,324,4,1,4,10000,0,61.4656,2916,37.4544,3.381921,118.81,2.89,32.49,60.84,1.9044
129,"Dominic Leone","P","2024","CHW","Chicago White Sox",32.8,2,691,1542571.2342037,1542571.2342037,1,1,"2024","2024",0,0,0,162,41,121,0,0,-80,0,0,0,507,5383,1187,133,813,0.5,0.26,3.8,-0.7,0.49,0,2,23,0,4,0,0,0,19,20,17,14,4,14,1,17,0,0,2,89,0,6.63,63,6.32,1.789,9.5,1.9,6.6,8.1,1.21,0,4,529,0,16,0,0,0,361,400,289,196,16,196,1,289,0,0,4,7921,0,43.9569,3969,39.9424,3.200521,90.25,3.61,43.56,65.61,1.4641
130,"Doug Fister","P","2016","HOU","Houston Astros",32.5,6.058,701,7000000,7000000,1,1,"2016","2016",0,0,0,162,84,78,0,0,6,0,0,0,724,5545,1367,198,701,0.489,0.254,3.82,-0.2,0.04,12,13,32,32,0,0,0,0,180.1,195,98,93,24,62,1,115,7,0,10,779,0.48,4.64,84,4.75,1.425,9.7,1.2,3.1,5.7,1.85,144,169,1024,1024,0,0,0,0,32436.01,38025,9604,8649,576,3844,1,13225,49,0,100,606841,0.2304,21.5296,7056,22.5625,2.030625,94.09,1.44,9.61,32.49,3.4225
130,"Doug Fister","P","2018","TEX","Texas Rangers",34.5,7.158,703,4000000,4000000,1,1,"2018","2018",0,0,0,162,67,95,0,0,-28,0,0,1,737,5453,1308,194,848,0.478,0.26,4.26,0.9,0.81,1,7,12,12,0,0,0,0,66,73,40,33,11,19,0,40,6,0,1,289,0.125,4.5,106,5.25,1.394,10,1.5,2.6,5.5,2.11,1,49,144,144,0,0,0,0,4356,5329,1600,1089,121,361,0,1600,36,0,1,83521,0.015625,20.25,11236,27.5625,1.943236,100,2.25,6.76,30.25,4.4521
131,"Drew Butera","NP","2020","COL","Colorado Rockies",37,8.067,706,1225418.66989424,1225418.66989424,0,1,"2020","2020",0,0,0,60,26,34,0,0,-8,0,0,1,275,2057,528,63,353,0.471,0.274,4.98,0,0,0,0,1,0,1,0,0,0,1.2,3,1,1,0,0,0,1,0,0,0,8,0,5.4,112,1.99,1.8,16.2,0,0,5.4,0,0,0,1,0,1,0,0,0,1.44,9,1,1,0,0,0,1,0,0,0,64,0,29.16,12544,3.9601,3.24,262.44,0,0,29.16,0
132,"Drew Smyly","P","2021","ATL","Atlanta Braves",32.2,4,713,11000000,11000000,1,1,"2021","2021",0,0,0,161,88,73,1,1,15,1,1,0,790,5363,1307,239,656,0.501,0.26,3.67,0.7,0.49,11,4,29,23,2,0,0,0,126.2,133,69,63,27,41,3,117,2,1,5,546,0.733,4.48,97,5.11,1.374,9.5,1.9,2.9,8.3,2.85,121,16,841,529,4,0,0,0,15926.44,17689,4761,3969,729,1681,9,13689,4,1,25,298116,0.537289,20.0704,9409,26.1121,1.887876,90.25,3.61,8.41,68.89,8.1225
132,"Drew Smyly","P","2022","CHC","Chicago Cubs",33.2,5,714,5250000,5250000,1,1,"2022","2022",0,0,0,162,74,88,0,0,-14,0,0,1,657,5425,1293,159,731,0.513,0.262,3.69,2,4,7,8,22,22,0,0,0,0,106.1,101,46,41,16,26,0,91,5,0,3,447,0.467,3.47,121,4.23,1.194,8.5,1.4,2.2,7.7,3.5,49,64,484,484,0,0,0,0,11257.21,10201,2116,1681,256,676,0,8281,25,0,9,199809,0.218089,12.0409,14641,17.8929,1.425636,72.25,1.96,4.84,59.29,12.25
132,"Drew Smyly","P","2023","CHC","Chicago Cubs",34.2,6,715,19000000,9500000,0,2,"2023","2024",0,0,0,162,83,79,0,0,4,0,0,0,819,5504,1399,196,723,0.513,0.262,3.7,-0.3,0.09,11,11,41,23,4,0,0,0,142.1,147,89,79,26,56,0,141,6,1,9,626,0.5,5,85,4.96,1.426,9.3,1.6,3.5,8.9,2.52,121,121,1681,529,16,0,0,0,20192.41,21609,7921,6241,676,3136,0,19881,36,1,81,391876,0.25,25,7225,24.6016,2.033476,86.49,2.56,12.25,79.21,6.3504
132,"Drew Smyly","P","2024","CHC","Chicago Cubs",35.2,7,715,19000000,9500000,0,2,"2023","2024",0,0,0,162,83,79,0,0,4,0,0,0,736,5441,1318,170,669,0.513,0.262,3.7,0.1,0.01,4,8,50,0,8,0,0,0,58.2,57,29,25,10,25,3,56,3,0,5,257,0.333,3.84,104,4.9,1.398,8.7,1.5,3.8,8.6,2.24,16,64,2500,0,64,0,0,0,3387.24,3249,841,625,100,625,9,3136,9,0,25,66049,0.110889,14.7456,10816,24.01,1.954404,75.69,2.25,14.44,73.96,5.0176
133,"Dustin Mcgowan","P","2016","MIA","Miami Marlins",34.4,8.17,719,1324851.98019402,1324851.98019402,1,1,"2016","2016",0,0,0,161,79,82,0,0,-3,0,0,1,655,5547,1460,128,682,0.469,0.258,4.25,0.8,0.64,1,3,55,0,24,0,0,1,67,49,26,21,7,33,7,63,2,0,4,279,0.25,2.82,140,4.19,1.224,6.6,0.9,4.4,8.5,1.91,1,9,3025,0,576,0,0,1,4489,2401,676,441,49,1089,49,3969,4,0,16,77841,0.0625,7.9524,19600,17.5561,1.498176,43.56,0.81,19.36,72.25,3.6481
133,"Dustin Mcgowan","P","2017","MIA","Miami Marlins",35.4,9.161,720,1750000,1750000,0,1,"2017","2017",0,0,0,162,77,85,0,0,-8,0,0,2,778,5602,1497,194,822,0.47,0.258,4.27,-0.3,0.09,8,2,63,0,13,0,0,0,77.2,77,42,41,13,27,5,64,2,0,5,330,0.8,4.75,84,4.81,1.339,8.9,1.5,3.1,7.4,2.37,64,4,3969,0,169,0,0,0,5959.84,5929,1764,1681,169,729,25,4096,4,0,25,108900,0.64,22.5625,7056,23.1361,1.792921,79.21,2.25,9.61,54.76,5.6169
134,"Edinson Volquez","P","2014","PIT","Pittsburgh Pirates",31.1,0,727,5000000,5000000,1,1,"2014","2014",0,0,0,159,88,74,0,1,14,0,0,0,682,5536,1437,156,631,0.504,0.265,3.71,2.5,6.25,13,7,32,31,0,1,0,0,192.2,166,75,65,17,71,6,140,14,0,15,809,0.65,3.04,118,4.15,1.23,7.8,0.8,3.3,6.5,1.97,169,49,1024,961,0,1,0,0,36940.84,27556,5625,4225,289,5041,36,19600,196,0,225,654481,0.4225,9.2416,13924,17.2225,1.5129,60.84,0.64,10.89,42.25,3.8809
134,"Edinson Volquez","P","2017","MIA","Miami Marlins",34.1,3,729,22000000,11000000,1,2,"2017","2018",0,0,0,162,77,85,0,0,-8,0,0,2,778,5602,1497,194,822,0.47,0.258,4.27,0.6,0.36,4,8,17,17,0,1,1,0,92.1,78,46,43,8,53,3,81,3,0,4,397,0.333,4.19,95,4.35,1.419,7.6,0.8,5.2,7.9,1.53,16,64,289,289,0,1,1,0,8482.41,6084,2116,1849,64,2809,9,6561,9,0,16,157609,0.110889,17.5561,9025,18.9225,2.013561,57.76,0.64,27.04,62.41,2.3409
134,"Edinson Volquez","P","2019","TEX","Texas Rangers",36.1,5,730,2492570.59925307,2492570.59925307,1,1,"2019","2019",0,0,0,162,78,84,0,0,-6,0,0,1,810,5540,1374,223,878,0.478,0.259,4.28,0.1,0.01,0,1,11,4,1,0,0,0,16,20,12,12,3,12,0,10,0,0,3,75,0,6.75,78,6.65,2,11.3,1.7,6.8,5.6,0.83,0,1,121,16,1,0,0,0,256,400,144,144,9,144,0,100,0,0,9,5625,0,45.5625,6084,44.2225,4,127.69,2.89,46.24,31.36,0.6889
134,"Edinson Volquez","P","2020","TEX","Texas Rangers",37.1,6,731,1225418.66989424,1225418.66989424,0,1,"2020","2020",0,0,0,60,22,38,0,0,-16,0,0,0,224,1936,420,62,312,0.477,0.259,4.28,-0.1,0.01,2,1,7,0,3,0,0,0,5.2,6,4,4,0,2,0,3,1,0,0,26,0.667,6.35,75,3.72,1.412,9.5,0,3.2,4.8,1.5,4,1,49,0,9,0,0,0,27.04,36,16,16,0,4,0,9,1,0,0,676,0.444889,40.3225,5625,13.8384,1.993744,90.25,0,10.24,23.04,2.25
135,"Eduardo Nunez","NP","2019","BOS","Boston Red Sox",32.2,1,732,8000000,4000000,0,2,"2018","2019",0,0,0,162,84,78,0,0,6,0,0,1,901,5770,1554,245,828,0.519,0.267,3.91,0,0,0,0,1,0,1,0,0,0,1,1,1,1,1,0,0,0,0,0,0,4,0,9,71,16.21,1,9,9,0,0,0,0,0,1,0,1,0,0,0,1,1,1,1,1,0,0,0,0,0,0,16,0,81,5041,262.7641,1,81,81,0,0,0
136,"Eduardo Rodriguez","P","2022","DET","Detroit Tigers",29.3,0,734,77000000,15400000,1,5,"2022","2026",0,0,0,162,66,96,0,0,-30,0,0,0,557,5378,1240,110,713,0.503,0.265,4,0.3,0.09,5,5,17,17,0,0,0,0,91,87,49,41,12,34,0,72,2,0,1,391,0.5,4.05,96,4.43,1.33,8.6,1.2,3.4,7.1,2.12,25,25,289,289,0,0,0,0,8281,7569,2401,1681,144,1156,0,5184,4,0,1,152881,0.25,16.4025,9216,19.6249,1.7689,73.96,1.44,11.56,50.41,4.4944
136,"Eduardo Rodriguez","P","2023","DET","Detroit Tigers",30.3,1,734,77000000,15400000,1,5,"2022","2026",0,0,0,162,78,84,0,0,-6,0,0,0,661,5478,1292,165,740,0.503,0.264,4,3.2,10.24,13,9,26,26,0,0,0,0,152.2,128,59,56,15,48,0,143,3,0,3,621,0.591,3.3,131,3.66,1.153,7.5,0.9,2.8,8.4,2.98,169,81,676,676,0,0,0,0,23164.84,16384,3481,3136,225,2304,0,20449,9,0,9,385641,0.349281,10.89,17161,13.3956,1.329409,56.25,0.81,7.84,70.56,8.8804
136,"Eduardo Rodriguez","P","2024","ARI","Arizona Diamondbacks",31.3,5,735,80000000,20000000,1,4,"2024","2027",0,0,0,162,89,73,0,0,16,0,0,0,886,5522,1452,211,788,0.489,0.255,4.28,0.2,0.04,3,4,10,10,0,0,0,0,50,56,29,28,8,19,1,47,1,0,0,224,0.429,5.04,84,4.57,1.5,10.1,1.4,3.4,8.5,2.47,9,16,100,100,0,0,0,0,2500,3136,841,784,64,361,1,2209,1,0,0,50176,0.184041,25.4016,7056,20.8849,2.25,102.01,1.96,11.56,72.25,6.1009
136,"Eduardo Rodriguez","P","2025","ARI","Arizona Diamondbacks",32.3,6,735,80000000,20000000,1,4,"2024","2027",0,0,0,162,80,82,0,0,-2,0,0,0,791,5480,1377,214,785,0.489,0.255,4.29,0.4,0.16,9,9,29,29,0,0,0,0,154.1,178,94,86,25,60,2,143,1,1,4,694,0.5,5.02,86,4.57,1.542,10.4,1.5,3.5,8.3,2.38,81,81,841,841,0,0,0,0,23746.81,31684,8836,7396,625,3600,4,20449,1,1,16,481636,0.25,25.2004,7396,20.8849,2.377764,108.16,2.25,12.25,68.89,5.6644
137,"Edward Mujica","P","2014","BOS","Boston Red Sox",30.2,0,736,9500000,4750000,1,2,"2014","2015",0,0,0,162,71,91,0,0,-20,1,1,0,634,5551,1355,123,715,0.517,0.267,3.9,0,0,2,4,64,0,31,0,0,8,60,69,28,26,6,14,2,43,0,0,1,253,0.333,3.9,103,3.7,1.383,10.4,0.9,2.1,6.5,3.07,4,16,4096,0,961,0,0,64,3600,4761,784,676,36,196,4,1849,0,0,1,64009,0.110889,15.21,10609,13.69,1.912689,108.16,0.81,4.41,42.25,9.4249
138,"Edwin Jackson","P","2013","CHC","Chicago Cubs",29.9,7.07,741,52000000,13000000,1,4,"2013","2016",0,0,0,162,66,96,0,0,-30,0,0,1,612,5496,1307,172,695,0.511,0.263,3.68,-1.3,1.69,8,18,31,31,0,0,0,0,175.1,197,110,97,16,59,7,135,5,0,14,777,0.308,4.98,78,3.79,1.46,10.1,0.8,3,6.9,2.29,64,324,961,961,0,0,0,0,30660.01,38809,12100,9409,256,3481,49,18225,25,0,196,603729,0.094864,24.8004,6084,14.3641,2.1316,102.01,0.64,9,47.61,5.2441
138,"Edwin Jackson","P","2014","CHC","Chicago Cubs",30.9,8.07,741,52000000,13000000,1,4,"2013","2016",0,0,0,158,73,89,0,0,-16,0,0,2,614,5508,1315,157,707,0.511,0.263,3.68,-2.3,5.29,6,15,28,27,0,0,0,0,140.2,168,105,99,18,63,3,123,3,0,9,633,0.286,6.33,60,4.45,1.642,10.7,1.2,4,7.9,1.95,36,225,784,729,0,0,0,0,19656.04,28224,11025,9801,324,3969,9,15129,9,0,81,400689,0.081796,40.0689,3600,19.8025,2.696164,114.49,1.44,16,62.41,3.8025
138,"Edwin Jackson","P","2015","ATL","Atlanta Braves",31.9,9.07,742,687225.311355765,687225.311355765,1,1,"2015","2015",0,0,0,162,67,95,0,0,-28,0,0,1,573,5420,1361,100,760,0.501,0.26,3.64,0.3,0.09,4,3,47,0,18,0,0,1,55.2,44,25,19,4,21,1,40,1,1,5,228,0.571,3.07,126,3.82,1.168,7.1,0.6,3.4,6.5,1.9,16,9,2209,0,324,0,0,1,3047.04,1936,625,361,16,441,1,1600,1,1,25,51984,0.326041,9.4249,15876,14.5924,1.364224,50.41,0.36,11.56,42.25,3.61
138,"Edwin Jackson","P","2018","OAK","Oakland Athletics",34.9,11.114,745,1500000,1500000,1,1,"2018","2018",0,0,0,162,97,65,0,1,32,0,0,0,813,5579,1407,227,674,0.488,0.259,3.98,1.7,2.89,6,3,17,17,0,0,0,0,92,75,37,34,12,37,1,68,2,1,5,381,0.667,3.33,125,4.65,1.217,7.3,1.2,3.6,6.7,1.84,36,9,289,289,0,0,0,0,8464,5625,1369,1156,144,1369,1,4624,4,1,25,145161,0.444889,11.0889,15625,21.6225,1.481089,53.29,1.44,12.96,44.89,3.3856
139,"Erasmo Ramirez","P","2025","MIN","Minnesota Twins",34,1,767,760000,760000,1,1,"2025","2025",0,0,0,162,70,92,0,0,-22,0,0,0,678,5432,1295,191,773,0.481,0.262,4,0.4,0.16,0,1,9,0,8,0,0,1,11,10,4,3,2,2,1,5,0,0,1,42,0,2.45,179,5.14,1.091,8.2,1.6,1.6,4.1,2.5,0,1,81,0,64,0,0,1,121,100,16,9,4,4,1,25,0,0,1,1764,0,6.0025,32041,26.4196,1.190281,67.24,2.56,2.56,16.81,6.25
140,"Eric Oflaherty","P","2014","OAK","Oakland Athletics",29.5,0,776,7000000,3500000,1,2,"2014","2015",0,0,0,162,88,74,0,1,14,0,0,2,729,5545,1354,146,572,0.488,0.259,3.97,0.4,0.16,1,0,21,0,6,0,0,1,20,15,5,5,3,4,0,15,2,0,3,80,1,2.25,168,4.48,0.95,6.8,1.4,1.8,6.8,3.75,1,0,441,0,36,0,0,1,400,225,25,25,9,16,0,225,4,0,9,6400,1,5.0625,28224,20.0704,0.9025,46.24,1.96,3.24,46.24,14.0625
140,"Eric Oflaherty","P","2015","OAK","Oakland Athletics",30.5,1,776,7000000,3500000,1,2,"2014","2015",0,0,0,162,68,94,0,0,-26,0,0,0,694,5600,1405,146,729,0.487,0.259,3.97,-1.3,1.69,1,2,41,0,8,0,0,0,30,47,30,27,2,18,2,21,2,0,1,159,0.333,8.1,49,4.6,2.167,14.1,0.6,5.4,6.3,1.17,1,4,1681,0,64,0,0,0,900,2209,900,729,4,324,4,441,4,0,1,25281,0.110889,65.61,2401,21.16,4.695889,198.81,0.36,29.16,39.69,1.3689
141,"Eric Sogard","NP","2021","CHC","Chicago Cubs",35.2,8.134,779,1000000,1000000,1,1,"2021","2021",0,0,0,162,71,91,0,0,-20,0,0,0,705,5306,1255,210,839,0.513,0.262,3.69,0,0,0,0,5,0,5,0,0,0,4.1,7,3,3,2,0,0,1,1,0,0,21,0,6.23,73,9.4,1.615,14.5,4.2,0,2.1,0,0,0,25,0,25,0,0,0,16.81,49,9,9,4,0,0,1,1,0,0,441,0,38.8129,5329,88.36,2.608225,210.25,17.64,0,4.41,0
142,"Erick Fedde","P","2024","CHW","Chicago White Sox",30,0,784,15000000,7500000,1,2,"2024","2025",0,0,0,162,41,121,0,0,-80,0,0,0,507,5383,1187,133,813,0.5,0.26,3.8,5.6,31.36,9,9,31,31,0,0,0,0,177.1,154,66,65,20,52,0,154,5,1,3,726,0.5,3.3,125,3.86,1.162,7.8,1,2.6,7.8,2.96,81,81,961,961,0,0,0,0,31364.41,23716,4356,4225,400,2704,0,23716,25,1,9,527076,0.25,10.89,15625,14.8996,1.350244,60.84,1,6.76,60.84,8.7616
143,"Erik Bedard","NE","2013","HOU","Houston Astros",34.4,0,786,1150000,1150000,1,1,"2013","2013",0,0,0,162,51,111,0,0,-60,0,0,0,610,5457,1307,148,848,0.488,0.254,3.81,1,1,4,12,32,26,3,0,0,1,151,149,83,77,18,75,0,138,6,0,1,663,0.25,4.59,88,4.38,1.483,8.9,1.1,4.5,8.2,1.84,16,144,1024,676,9,0,0,1,22801,22201,6889,5929,324,5625,0,19044,36,0,1,439569,0.0625,21.0681,7744,19.1844,2.199289,79.21,1.21,20.25,67.24,3.3856
144,"Erik Kratz","NP","2020","NYY","New York Yankees",40.2,5.054,789,1225418.66989424,1225418.66989424,0,1,"2020","2020",0,0,0,60,33,27,0,1,6,0,0,1,315,1915,473,94,270,0.57,0.266,3.65,0,0,0,0,2,0,2,0,0,0,2,2,2,2,2,0,0,0,1,0,0,9,0,9,56,17.69,1,9,9,0,0,0,0,0,4,0,4,0,0,0,4,4,4,4,4,0,0,0,1,0,0,81,0,81,3136,312.9361,1,81,81,0,0,0
145,"Ervin Santana","P","2014","ATL","Atlanta Braves",31.7,8.104,792,14100000,14100000,1,1,"2014","2014",0,0,0,161,79,83,0,0,-4,0,0,4,573,5470,1316,123,597,0.501,0.26,3.64,1.4,1.96,14,10,31,31,0,0,0,0,196,193,90,86,16,63,4,179,4,0,9,817,0.583,3.95,90,3.39,1.306,8.9,0.7,2.9,8.2,2.84,196,100,961,961,0,0,0,0,38416,37249,8100,7396,256,3969,16,32041,16,0,81,667489,0.339889,15.6025,8100,11.4921,1.705636,79.21,0.49,8.41,67.24,8.0656
145,"Ervin Santana","P","2015","MIN","Minnesota Twins",32.7,9.104,793,55000000,13750000,1,4,"2015","2018",0,0,0,162,83,79,0,0,4,0,0,0,696,5467,1349,156,700,0.48,0.263,3.97,1.6,2.56,7,5,17,17,0,0,0,0,108,104,50,48,12,36,2,82,4,0,3,457,0.583,4,102,4.17,1.296,8.7,1,3,6.8,2.28,49,25,289,289,0,0,0,0,11664,10816,2500,2304,144,1296,4,6724,16,0,9,208849,0.339889,16,10404,17.3889,1.679616,75.69,1,9,46.24,5.1984
145,"Ervin Santana","P","2016","MIN","Minnesota Twins",33.7,10.104,793,55000000,13750000,1,4,"2015","2018",0,0,0,162,59,103,0,0,-44,0,0,0,722,5618,1409,200,889,0.479,0.263,3.98,4,16,7,11,30,30,0,2,1,0,181.1,168,78,68,19,53,2,149,4,3,11,748,0.389,3.38,125,3.81,1.219,8.3,0.9,2.6,7.4,2.81,49,121,900,900,0,4,1,0,32797.21,28224,6084,4624,361,2809,4,22201,16,9,121,559504,0.151321,11.4244,15625,14.5161,1.485961,68.89,0.81,6.76,54.76,7.8961
145,"Ervin Santana","P","2017","MIN","Minnesota Twins",34.7,11.104,793,55000000,13750000,1,4,"2015","2018",2,0,1,162,85,77,0,1,8,0,0,1,815,5557,1444,206,788,0.48,0.263,3.98,4.9,24.01,16,8,33,33,0,5,3,0,211.1,177,85,77,31,61,2,167,8,1,12,864,0.667,3.28,135,4.46,1.126,7.5,1.3,2.6,7.1,2.74,256,64,1089,1089,0,25,9,0,44563.21,31329,7225,5929,961,3721,4,27889,64,1,144,746496,0.444889,10.7584,18225,19.8916,1.267876,56.25,1.69,6.76,50.41,7.5076
145,"Ervin Santana","P","2018","MIN","Minnesota Twins",35.7,12.104,793,55000000,13750000,1,4,"2015","2018",0,0,0,162,78,84,0,0,-6,0,0,1,738,5526,1379,166,775,0.48,0.263,3.99,-0.6,0.36,0,1,5,5,0,0,0,0,24.2,31,22,22,9,9,0,16,2,0,0,114,0,8.03,54,7.94,1.622,11.3,3.3,3.3,5.8,1.78,0,1,25,25,0,0,0,0,585.64,961,484,484,81,81,0,256,4,0,0,12996,0,64.4809,2916,63.0436,2.630884,127.69,10.89,10.89,33.64,3.1684
146,"Eury Perez","P","2023","MIA","Miami Marlins",19,0,795,765889.986737186,765889.986737186,0,1,"2023","2023",2,0,0,162,84,78,0,1,6,0,0,0,666,5497,1423,166,723,0.462,0.255,4.28,2.7,7.29,5,6,19,19,0,0,0,0,91.1,72,35,32,15,31,0,108,2,1,6,374,0.455,3.15,149,4.11,1.128,7.1,1.5,3.1,10.6,3.48,25,36,361,361,0,0,0,0,8299.21,5184,1225,1024,225,961,0,11664,4,1,36,139876,0.207025,9.9225,22201,16.8921,1.272384,50.41,2.25,9.61,112.36,12.1104
146,"Eury Perez","P","2025","MIA","Miami Marlins",21,2,797,491376.5,491376.5,0,1,"2025","2025",0,0,0,162,79,83,0,0,-4,0,0,1,709,5543,1388,154,798,0.46,0.255,4.31,1.2,1.44,7,6,20,20,0,0,0,0,95.1,68,47,45,12,32,0,105,3,2,9,385,0.538,4.25,102,3.67,1.049,6.4,1.1,3,9.9,3.28,49,36,400,400,0,0,0,0,9044.01,4624,2209,2025,144,1024,0,11025,9,4,81,148225,0.289444,18.0625,10404,13.4689,1.100401,40.96,1.21,9,98.01,10.7584
147,"Evan Phillips","P","2023","LAD","Los Angeles Dodgers",28.9,1,799,1382856.9204977,1382856.9204977,1,1,"2023","2023",0,0,0,162,100,62,1,1,38,0,0,0,906,5524,1422,249,699,0.531,0.261,3.52,1.6,2.56,2,4,62,0,36,0,0,24,61.1,38,19,14,6,13,2,66,3,0,1,234,0.333,2.05,210,3.16,0.832,5.6,0.9,1.9,9.7,5.08,4,16,3844,0,1296,0,0,576,3733.21,1444,361,196,36,169,4,4356,9,0,1,54756,0.110889,4.2025,44100,9.9856,0.692224,31.36,0.81,3.61,94.09,25.8064
147,"Evan Phillips","P","2024","LAD","Los Angeles Dodgers",29.9,2,800,4113523.29120988,4113523.29120988,0,1,"2024","2024",0,0,0,162,98,64,1,1,34,1,1,1,842,5522,1423,233,686,0.532,0.261,3.53,-0.5,0.25,5,1,61,0,28,0,0,18,54.2,48,30,22,6,17,1,63,1,0,1,228,0.833,3.62,110,3.28,1.189,7.9,1,2.8,10.4,3.71,25,1,3721,0,784,0,0,324,2937.64,2304,900,484,36,289,1,3969,1,0,1,51984,0.693889,13.1044,12100,10.7584,1.413721,62.41,1,7.84,108.16,13.7641
147,"Evan Phillips","P","2025","LAD","Los Angeles Dodgers",30.9,3,801,6100000,6100000,0,1,"2025","2025",0,0,0,162,93,69,1,1,24,1,1,1,825,5481,1384,244,683,0.532,0.261,3.53,0.4,0.16,0,0,7,0,1,0,0,1,5.2,4,0,0,0,2,0,6,0,0,0,22,0,0,0,2.08,1.059,6.4,0,3.2,9.5,3,0,0,49,0,1,0,0,1,27.04,16,0,0,0,4,0,36,0,0,0,484,0,0,0,4.3264,1.121481,40.96,0,10.24,90.25,9
148,"Fernando Abad","P","2015","OAK","Oakland Athletics",29.7,1,805,1472625.66719092,1472625.66719092,1,1,"2015","2015",0,0,0,162,68,94,0,0,-26,0,0,0,694,5600,1405,146,729,0.487,0.259,3.97,0.2,0.04,2,2,62,0,17,0,0,0,47.2,45,23,22,11,19,3,45,1,0,4,205,0.5,4.15,94,5.5,1.343,8.5,2.1,3.6,8.5,2.37,4,4,3844,0,289,0,0,0,2227.84,2025,529,484,121,361,9,2025,1,0,16,42025,0.25,17.2225,8836,30.25,1.803649,72.25,4.41,12.96,72.25,5.6169
148,"Fernando Abad","P","2016","MIN","Minnesota Twins",30.7,2,806,672362.379948466,672362.379948466,1,1,"2016","2016",0,0,0,162,59,103,0,0,-44,0,0,0,722,5618,1409,200,889,0.479,0.263,3.98,0.8,0.64,1,6,57,0,15,0,0,1,46.2,40,20,19,4,22,2,41,1,1,1,198,0.143,3.66,118,3.98,1.329,7.7,0.8,4.2,7.9,1.86,1,36,3249,0,225,0,0,1,2134.44,1600,400,361,16,484,4,1681,1,1,1,39204,0.020449,13.3956,13924,15.8404,1.766241,59.29,0.64,17.64,62.41,3.4596
148,"Fernando Abad","P","2017","BOS","Boston Red Sox",31.7,3,807,2601715.51618161,2601715.51618161,1,1,"2017","2017",0,0,0,162,93,69,1,1,24,0,0,0,785,5669,1461,168,668,0.517,0.267,3.9,0.5,0.25,2,1,48,0,15,0,0,1,43.2,40,18,16,4,14,1,37,1,1,0,182,0.667,3.3,139,3.68,1.237,8.2,0.8,2.9,7.6,2.64,4,1,2304,0,225,0,0,1,1866.24,1600,324,256,16,196,1,1369,1,1,0,33124,0.444889,10.89,19321,13.5424,1.530169,67.24,0.64,8.41,57.76,6.9696
148,"Fernando Abad","P","2021","BAL","Baltimore Orioles",35.7,6,810,674990.669239509,674990.669239509,1,1,"2021","2021",0,0,0,162,52,110,0,0,-58,0,0,0,659,5420,1296,195,956,0.473,0.258,4.05,-0.1,0.01,0,0,16,0,4,0,0,0,17.2,23,12,11,1,7,1,10,0,0,0,82,0,5.6,81,3.96,1.698,11.7,0.5,3.6,5.1,1.43,0,0,256,0,16,0,0,0,295.84,529,144,121,1,49,1,100,0,0,0,6724,0,31.36,6561,15.6816,2.883204,136.89,0.25,12.96,26.01,2.0449
149,"Fernando Rodney","P","2014","SEA","Seattle Mariners",37.4,10.137,811,14000000,7000000,1,2,"2014","2015",1,0,0,162,87,75,0,0,12,0,0,0,634,5450,1328,136,554,0.468,0.261,4.33,0.8,0.64,1,6,69,0,64,0,0,48,66.1,61,24,21,3,28,3,76,3,0,4,286,0.143,2.85,128,2.83,1.342,8.3,0.4,3.8,10.3,2.71,1,36,4761,0,4096,0,0,2304,4369.21,3721,576,441,9,784,9,5776,9,0,16,81796,0.020449,8.1225,16384,8.0089,1.800964,68.89,0.16,14.44,106.09,7.3441
149,"Fernando Rodney","P","2015","SEA","Seattle Mariners",38.4,11.137,811,14000000,7000000,1,2,"2014","2015",0,0,0,162,76,86,0,0,-10,0,0,1,656,5544,1379,198,726,0.468,0.261,4.33,-0.5,0.25,7,5,68,0,32,0,0,16,62.2,59,36,33,9,29,3,58,8,0,6,277,0.583,4.74,81,4.92,1.404,8.5,1.3,4.2,8.3,2,49,25,4624,0,1024,0,0,256,3868.84,3481,1296,1089,81,841,9,3364,64,0,36,76729,0.339889,22.4676,6561,24.2064,1.971216,72.25,1.69,17.64,68.89,4
149,"Fernando Rodney","P","2017","ARI","Arizona Diamondbacks",40.4,13.137,813,2750000,2750000,1,1,"2017","2017",0,0,0,162,93,69,0,1,24,0,0,0,812,5525,1405,220,659,0.493,0.258,4.23,0.3,0.09,5,4,61,0,53,0,0,39,55.1,40,29,26,3,26,3,65,2,0,7,231,0.556,4.23,112,3.03,1.193,6.5,0.5,4.2,10.6,2.5,25,16,3721,0,2809,0,0,1521,3036.01,1600,841,676,9,676,9,4225,4,0,49,53361,0.309136,17.8929,12544,9.1809,1.423249,42.25,0.25,17.64,112.36,6.25
149,"Fernando Rodney","P","2018","MIN","Minnesota Twins",41.4,14.137,814,4500000,4500000,1,1,"2018","2018",0,0,0,162,78,84,0,0,-6,0,0,1,738,5526,1379,166,775,0.48,0.263,3.99,0.9,0.81,4,3,68,0,40,0,0,25,64.1,62,27,24,7,32,1,70,3,0,6,285,0.571,3.36,127,4.03,1.461,8.7,1,4.5,9.8,2.19,16,9,4624,0,1600,0,0,625,4108.81,3844,729,576,49,1024,1,4900,9,0,36,81225,0.326041,11.2896,16129,16.2409,2.134521,75.69,1,20.25,96.04,4.7961
150,"Fernando Salas","P","2017","NYM","New York Mets",32.2,0.044,816,3000000,3000000,0,1,"2017","2017",0,0,0,162,70,92,0,0,-22,0,0,0,735,5510,1379,224,863,0.48,0.25,3.78,-0.7,0.49,2,2,61,0,11,0,0,0,58.2,67,39,34,7,22,6,56,0,0,4,263,0.5,5.22,81,3.93,1.517,10.3,1.1,3.4,8.6,2.55,4,4,3721,0,121,0,0,0,3387.24,4489,1521,1156,49,484,36,3136,0,0,16,69169,0.25,27.2484,6561,15.4449,2.301289,106.09,1.21,11.56,73.96,6.5025
150,"Fernando Salas","P","2018","ARI","Arizona Diamondbacks",33.2,1.044,817,1500000,1500000,1,1,"2018","2018",0,0,0,162,82,80,0,0,2,0,0,0,693,5460,1283,176,644,0.493,0.257,4.21,-0.2,0.04,4,4,41,0,12,0,0,0,40,40,20,20,5,13,4,30,1,0,2,170,0.5,4.5,94,4.34,1.325,9,1.1,2.9,6.8,2.31,16,16,1681,0,144,0,0,0,1600,1600,400,400,25,169,16,900,1,0,4,28900,0.25,20.25,8836,18.8356,1.755625,81,1.21,8.41,46.24,5.3361
151,"Francisco Liriano","P","2015","PIT","Pittsburgh Pirates",31.8,8.104,822,39000000,13000000,0,3,"2015","2017",0,0,0,162,98,64,0,1,34,0,0,0,697,5631,1462,140,596,0.504,0.265,3.71,2.6,6.76,12,7,31,31,0,0,0,0,186.2,155,75,70,15,70,1,205,5,1,10,773,0.632,3.38,115,3.19,1.205,7.5,0.7,3.4,9.9,2.93,144,49,961,961,0,0,0,0,34670.44,24025,5625,4900,225,4900,1,42025,25,1,100,597529,0.399424,11.4244,13225,10.1761,1.452025,56.25,0.49,11.56,98.01,8.5849
151,"Francisco Liriano","P","2016","PIT","Pittsburgh Pirates",32.8,9.104,822,39000000,13000000,0,3,"2015","2017",0,0,0,162,78,83,0,0,-5,0,0,0,729,5542,1426,153,758,0.504,0.265,3.71,0.3,0.09,8,13,31,29,0,0,0,0,163,157,98,85,26,85,1,168,9,0,9,731,0.381,4.69,89,4.89,1.485,8.7,1.4,4.7,9.3,1.98,64,169,961,841,0,0,0,0,26569,24649,9604,7225,676,7225,1,28224,81,0,81,534361,0.145161,21.9961,7921,23.9121,2.205225,75.69,1.96,22.09,86.49,3.9204
151,"Francisco Liriano","P","2018","DET","Detroit Tigers",34.8,11.104,823,4000000,4000000,1,1,"2018","2018",0,0,0,162,64,98,0,0,-34,0,0,0,630,5494,1326,135,796,0.506,0.265,3.98,0.3,0.09,5,12,27,26,0,0,0,0,133.2,127,84,68,19,73,0,110,5,0,9,586,0.294,4.58,98,5.11,1.496,8.6,1.3,4.9,7.4,1.51,25,144,729,676,0,0,0,0,17742.24,16129,7056,4624,361,5329,0,12100,25,0,81,343396,0.086436,20.9764,9604,26.1121,2.238016,73.96,1.69,24.01,54.76,2.2801
151,"Francisco Liriano","P","2019","PIT","Pittsburgh Pirates",35.8,12.104,824,1800000,1800000,1,1,"2019","2019",0,0,0,162,69,93,0,0,-24,0,0,0,758,5657,1497,163,911,0.503,0.264,3.73,1,1,5,3,69,0,8,0,0,0,70,60,32,27,8,35,1,63,3,0,1,301,0.625,3.47,125,4.53,1.357,7.7,1,4.5,8.1,1.8,25,9,4761,0,64,0,0,0,4900,3600,1024,729,64,1225,1,3969,9,0,1,90601,0.390625,12.0409,15625,20.5209,1.841449,59.29,1,20.25,65.61,3.24
152,"Francisco Rodriguez","P","2013","MIL","Milwaukee Brewers",31.6,0,830,2806052.88144872,2806052.88144872,0,1,"2013","2013",0,0,0,162,74,88,0,0,-14,0,0,0,640,5474,1381,157,687,0.478,0.259,4.2,1.1,1.21,3,2,48,0,23,0,0,10,46.2,42,14,14,7,14,4,54,1,0,2,193,0.6,2.7,149,3.65,1.2,8.1,1.4,2.7,10.4,3.86,9,4,2304,0,529,0,0,100,2134.44,1764,196,196,49,196,16,2916,1,0,4,37249,0.36,7.29,22201,13.3225,1.44,65.61,1.96,7.29,108.16,14.8996
152,"Francisco Rodriguez","P","2014","MIL","Milwaukee Brewers",32.6,1,831,3250000,3250000,1,1,"2014","2014",1,0,0,162,82,80,0,0,2,0,0,0,650,5462,1366,150,657,0.478,0.259,4.19,1.4,1.96,5,5,69,0,66,0,0,44,68,49,23,23,14,18,1,73,1,0,0,268,0.5,3.04,125,4.5,0.985,6.5,1.9,2.4,9.7,4.06,25,25,4761,0,4356,0,0,1936,4624,2401,529,529,196,324,1,5329,1,0,0,71824,0.25,9.2416,15625,20.25,0.970225,42.25,3.61,5.76,94.09,16.4836
152,"Francisco Rodriguez","P","2015","MIL","Milwaukee Brewers",33.6,2,832,13000000,6500000,0,2,"2015","2016",1,0,0,162,68,94,0,0,-26,0,0,0,655,5480,1378,145,737,0.477,0.259,4.19,1.8,3.24,1,3,60,0,55,0,0,38,57,38,15,14,6,11,1,62,0,0,3,216,0.25,2.21,180,2.91,0.86,6,0.9,1.7,9.8,5.64,1,9,3600,0,3025,0,0,1444,3249,1444,225,196,36,121,1,3844,0,0,9,46656,0.0625,4.8841,32400,8.4681,0.7396,36,0.81,2.89,96.04,31.8096
152,"Francisco Rodriguez","P","2016","DET","Detroit Tigers",34.6,4,833,17223075.7425223,8611537.87126114,1,2,"2016","2017",0,0,0,161,86,75,0,0,11,0,0,0,750,5526,1476,211,721,0.508,0.266,3.96,1.3,1.69,3,4,61,0,55,0,0,44,58.1,45,24,21,6,21,1,52,1,0,4,235,0.429,3.24,132,3.83,1.131,6.9,0.9,3.2,8,2.48,9,16,3721,0,3025,0,0,1936,3375.61,2025,576,441,36,441,1,2704,1,0,16,55225,0.184041,10.4976,17424,14.6689,1.279161,47.61,0.81,10.24,64,6.1504
152,"Francisco Rodriguez","P","2017","DET","Detroit Tigers",35.6,5,833,17223075.7425223,8611537.87126114,1,2,"2016","2017",0,0,0,162,64,98,0,0,-34,0,0,3,735,5556,1435,187,894,0.507,0.266,3.98,-0.9,0.81,2,5,28,0,20,0,0,7,25.1,31,23,22,9,11,1,23,1,0,2,118,0.286,7.82,58,7.38,1.658,11,3.2,3.9,8.2,2.09,4,25,784,0,400,0,0,49,630.01,961,529,484,81,121,1,529,1,0,4,13924,0.081796,61.1524,3364,54.4644,2.748964,121,10.24,15.21,67.24,4.3681
153,"Frankie Montas","P","2024","CIN","Cincinnati Reds",30,0,835,16000000,16000000,1,1,"2024","2024",0,0,0,162,77,85,0,0,-8,0,0,0,699,5325,1230,174,694,0.504,0.261,3.77,0.6,0.36,7,11,30,30,0,0,0,0,150.2,140,89,81,24,66,0,148,6,0,3,655,0.389,4.84,89,4.71,1.367,8.4,1.4,3.9,8.8,2.24,49,121,900,900,0,0,0,0,22560.04,19600,7921,6561,576,4356,0,21904,36,0,9,429025,0.151321,23.4256,7921,22.1841,1.868689,70.56,1.96,15.21,77.44,5.0176
153,"Frankie Montas","P","2025","NYM","New York Mets",31,1,836,34000000,17000000,1,2,"2025","2026",0,0,0,162,83,79,0,0,4,0,0,1,766,5457,1359,224,715,0.484,0.25,3.81,-0.6,0.36,3,2,9,7,1,0,0,0,38.2,48,29,27,8,14,0,32,1,0,1,178,0.6,6.28,65,5.33,1.603,11.2,1.9,3.3,7.4,2.29,9,4,81,49,1,0,0,0,1459.24,2304,841,729,64,196,0,1024,1,0,1,31684,0.36,39.4384,4225,28.4089,2.569609,125.44,3.61,10.89,54.76,5.2441
154,"Garrett Richards","P","2021","BOS","Boston Red Sox",33.2,8.148,852,10000000,10000000,1,1,"2021","2021",0,0,0,162,92,70,0,1,22,0,0,0,829,5495,1434,219,749,0.519,0.267,3.91,0.2,0.04,7,8,40,22,4,0,0,3,136.2,158,86,74,19,60,1,115,5,0,7,617,0.467,4.87,96,4.72,1.595,10.4,1.3,4,7.6,1.92,49,64,1600,484,16,0,0,9,18550.44,24964,7396,5476,361,3600,1,13225,25,0,49,380689,0.218089,23.7169,9216,22.2784,2.544025,108.16,1.69,16,57.76,3.6864
154,"Garrett Richards","P","2022","TEX","Texas Rangers",34.2,9.148,853,5500000,5500000,1,1,"2022","2022",0,0,0,162,68,94,0,0,-26,0,0,1,707,5478,1308,198,743,0.475,0.258,4.29,-0.4,0.16,1,1,32,2,11,0,0,1,42.2,44,28,25,3,13,0,36,3,0,2,185,0.5,5.27,76,3.46,1.336,9.3,0.6,2.7,7.6,2.77,1,1,1024,4,121,0,0,1,1780.84,1936,784,625,9,169,0,1296,9,0,4,34225,0.25,27.7729,5776,11.9716,1.784896,86.49,0.36,7.29,57.76,7.6729
155,"Gary Sanchez","NP","2025","BAL","Baltimore Orioles",32.7,2,856,8500000,8500000,1,1,"2025","2025",0,0,0,162,75,87,0,0,-12,0,0,0,677,5416,1273,191,788,0.475,0.258,4.05,-0.1,0.01,0,0,1,0,1,0,0,0,1,2,4,4,1,1,0,0,1,0,0,7,0,36,16,22.14,3,18,9,9,0,0,0,0,1,0,1,0,0,0,1,4,16,16,1,1,0,0,1,0,0,49,0,1296,256,490.1796,9,324,81,81,0,0
156,"Gavin Floyd","P","2014","ATL","Atlanta Braves",31.5,0.045,857,4000000,4000000,1,1,"2014","2014",0,0,0,161,79,83,0,0,-4,0,0,4,573,5470,1316,123,597,0.501,0.26,3.64,0.9,0.81,2,2,9,9,0,0,0,0,54.1,55,23,16,6,13,0,45,3,0,6,229,0.5,2.65,135,3.79,1.252,9.1,1,2.2,7.5,3.46,4,4,81,81,0,0,0,0,2926.81,3025,529,256,36,169,0,2025,9,0,36,52441,0.25,7.0225,18225,14.3641,1.567504,82.81,1,4.84,56.25,11.9716
156,"Gavin Floyd","P","2015","CLE","Cleveland Guardians",32.5,1.045,858,4000000,4000000,1,1,"2015","2015",0,0,0,161,81,80,0,0,1,0,0,0,669,5439,1395,141,640,0.509,0.266,3.84,0.2,0.04,0,0,7,0,2,0,0,0,13.1,11,4,4,0,4,0,7,1,0,1,55,0,2.7,163,3.21,1.125,7.4,0,2.7,4.7,1.75,0,0,49,0,4,0,0,0,171.61,121,16,16,0,16,0,49,1,0,1,3025,0,7.29,26569,10.3041,1.265625,54.76,0,7.29,22.09,3.0625
156,"Gavin Floyd","P","2016","TOR","Toronto Blue Jays",33.5,2.045,859,1000000,1000000,1,1,"2016","2016",0,0,0,162,89,73,0,1,16,0,0,0,759,5479,1358,221,666,0.498,0.262,4.2,0.2,0.04,2,4,28,0,10,0,0,0,31,23,14,14,4,8,1,30,3,0,4,124,0.333,4.06,106,3.95,1,6.7,1.2,2.3,8.7,3.75,4,16,784,0,100,0,0,0,961,529,196,196,16,64,1,900,9,0,16,15376,0.110889,16.4836,11236,15.6025,1,44.89,1.44,5.29,75.69,14.0625
157,"Gio Gonzalez","P","2020","CHW","Chicago White Sox",34.9,10.146,870,5000000,5000000,1,1,"2020","2020",0,0,0,60,35,25,0,1,10,0,0,0,306,2047,534,96,246,0.502,0.26,3.78,-0.3,0.09,1,2,12,4,1,0,0,0,31.2,40,19,17,6,19,0,34,2,0,2,153,0.333,4.83,93,5.5,1.863,11.4,1.7,5.4,9.7,1.79,1,4,144,16,1,0,0,0,973.44,1600,361,289,36,361,0,1156,4,0,4,23409,0.110889,23.3289,8649,30.25,3.470769,129.96,2.89,29.16,94.09,3.2041
158,"Greg Holland","P","2017","COL","Colorado Rockies",31.8,5.028,886,7000000,7000000,1,1,"2017","2017",1,0,0,162,87,75,0,1,12,0,0,0,824,5534,1510,192,757,0.469,0.275,4.98,1.5,2.25,3,6,61,0,58,0,0,41,57.1,40,24,23,7,26,1,70,1,0,7,235,0.333,3.61,140,3.72,1.151,6.3,1.1,4.1,11,2.69,9,36,3721,0,3364,0,0,1681,3260.41,1600,576,529,49,676,1,4900,1,0,49,55225,0.110889,13.0321,19600,13.8384,1.324801,39.69,1.21,16.81,121,7.2361
158,"Greg Holland","P","2018","STL","St Louis Cardinals",32.8,6.028,887,14000000,14000000,1,1,"2018","2018",0,0,0,162,88,74,0,0,14,0,0,0,759,5498,1369,205,691,0.52,0.266,3.67,-0.1,0.01,2,2,56,0,13,0,0,3,46.1,43,30,24,2,32,2,47,1,0,0,212,0.5,4.66,88,3.83,1.619,8.4,0.4,6.2,9.1,1.47,4,4,3136,0,169,0,0,9,2125.21,1849,900,576,4,1024,4,2209,1,0,0,44944,0.25,21.7156,7744,14.6689,2.621161,70.56,0.16,38.44,82.81,2.1609
158,"Greg Holland","P","2019","ARI","Arizona Diamondbacks",33.8,7.027,888,3250000,3250000,1,1,"2019","2019",0,0,0,162,85,77,0,0,8,0,0,0,813,5633,1419,220,743,0.495,0.257,4.21,0.1,0.01,1,2,40,0,27,0,0,17,35.2,25,18,18,5,24,2,41,0,0,6,152,0.333,4.54,99,4.76,1.374,6.3,1.3,6.1,10.3,1.71,1,4,1600,0,729,0,0,289,1239.04,625,324,324,25,576,4,1681,0,0,36,23104,0.110889,20.6116,9801,22.6576,1.887876,39.69,1.69,37.21,106.09,2.9241
159,"Hansel Robles","P","2021","MIN","Minnesota Twins",31,5.119,894,2000000,2000000,1,1,"2021","2021",0,0,0,162,73,89,0,0,-16,0,0,0,729,5431,1311,228,834,0.481,0.263,4,-0.2,0.04,3,5,72,0,21,0,0,14,69,58,39,34,8,37,3,76,5,1,4,297,0.375,4.43,100,4.3,1.377,7.6,1,4.8,9.9,2.05,9,25,5184,0,441,0,0,196,4761,3364,1521,1156,64,1369,9,5776,25,1,16,88209,0.140625,19.6249,10000,18.49,1.896129,57.76,1,23.04,98.01,4.2025
159,"Hansel Robles","P","2022","BOS","Boston Red Sox",32,6.119,895,2250000,2250000,1,1,"2022","2022",0,0,0,162,78,84,0,0,-6,0,0,1,735,5539,1427,155,787,0.518,0.267,3.92,-0.8,0.64,1,3,26,0,8,0,0,2,24.2,25,19,16,5,14,1,21,0,2,0,111,0.25,5.84,73,5.75,1.581,9.1,1.8,5.1,7.7,1.5,1,9,676,0,64,0,0,4,585.64,625,361,256,25,196,1,441,0,4,0,12321,0.0625,34.1056,5329,33.0625,2.499561,82.81,3.24,26.01,59.29,2.25
160,"Hanser Alberto","NP","2022","LAD","Los Angeles Dodgers",29.8,5.085,897,1600000,1600000,1,1,"2022","2022",0,0,0,162,111,51,1,1,60,0,0,2,847,5526,1418,212,513,0.531,0.261,3.52,0,0,0,0,10,0,10,0,0,0,11,10,5,5,2,3,0,1,1,0,0,47,0,4.09,102,6.38,1.182,8.2,1.6,2.5,0.8,0.33,0,0,100,0,100,0,0,0,121,100,25,25,4,9,0,1,1,0,0,2209,0,16.7281,10404,40.7044,1.397124,67.24,2.56,6.25,0.64,0.1089
160,"Hanser Alberto","NP","2023","CHW","Chicago White Sox",30.8,6.085,898,1300000,1300000,1,1,"2023","2023",0,0,0,162,61,101,0,0,-40,0,0,0,641,5501,1308,171,841,0.502,0.26,3.79,-0.1,0.01,0,0,2,0,2,0,0,0,1.2,6,4,4,1,1,0,1,0,0,0,12,0,21.6,25,11.66,4.2,32.4,5.4,5.4,5.4,1,0,0,4,0,4,0,0,0,1.44,36,16,16,1,1,0,1,0,0,0,144,0,466.56,625,135.9556,17.64,1049.76,29.16,29.16,29.16,1
161,"Heath Bell","P","2012","MIA","Miami Marlins",34.8,0,901,27000000,9000000,1,3,"2012","2014",0,0,0,162,69,93,0,0,-24,0,0,0,609,5437,1327,137,724,0.474,0.259,4.33,-0.4,0.16,4,5,73,0,41,0,0,19,63.2,70,38,36,5,29,3,59,2,0,2,286,0.444,5.09,80,3.72,1.555,9.9,0.7,4.1,8.3,2.03,16,25,5329,0,1681,0,0,361,3994.24,4900,1444,1296,25,841,9,3481,4,0,4,81796,0.197136,25.9081,6400,13.8384,2.418025,98.01,0.49,16.81,68.89,4.1209
162,"Heath Hembree","P","2021","CIN","Cincinnati Reds",32.6,5.106,904,1478945.37519612,1478945.37519612,1,1,"2021","2021",0,0,0,162,83,79,0,0,4,0,0,0,786,5423,1352,222,760,0.505,0.261,3.75,-0.3,0.09,2,7,60,0,21,0,0,9,58,45,39,36,12,24,1,83,2,0,2,243,0.222,5.59,81,4.34,1.19,7,1.9,3.7,12.9,3.46,4,49,3600,0,441,0,0,81,3364,2025,1521,1296,144,576,1,6889,4,0,4,59049,0.049284,31.2481,6561,18.8356,1.4161,49,3.61,13.69,166.41,11.9716
162,"Heath Hembree","P","2022","PIT","Pittsburgh Pirates",33.6,6.096,905,2125000,2125000,1,1,"2022","2022",0,0,0,162,62,100,0,0,-38,0,0,0,591,5331,1186,158,817,0.501,0.264,3.75,-0.7,0.49,3,1,26,0,6,0,0,0,22,26,19,18,6,17,2,17,0,0,1,107,0.75,7.36,57,7.43,1.955,10.6,2.5,7,7,1,9,1,676,0,36,0,0,0,484,676,361,324,36,289,4,289,0,0,1,11449,0.5625,54.1696,3249,55.2049,3.822025,112.36,6.25,49,49,1
163,"Hector Neris","P","2022","HOU","Houston Astros",33.2,0,906,17000000,8500000,1,2,"2022","2023",0,0,0,162,106,56,1,1,50,1,1,0,737,5409,1341,214,518,0.501,0.255,3.8,0.5,0.25,6,4,70,0,26,0,0,3,65.1,49,29,27,3,17,0,79,6,1,6,263,0.6,3.72,103,2.35,1.01,6.8,0.4,2.3,10.9,4.65,36,16,4900,0,676,0,0,9,4238.01,2401,841,729,9,289,0,6241,36,1,36,69169,0.36,13.8384,10609,5.5225,1.0201,46.24,0.16,5.29,118.81,21.6225
163,"Hector Neris","P","2023","HOU","Houston Astros",34.2,1,906,17000000,8500000,1,2,"2022","2023",0,0,0,162,90,72,1,1,18,0,0,0,827,5567,1441,222,698,0.501,0.255,3.8,2.6,6.76,6,3,71,0,7,0,0,2,68.1,41,16,13,7,31,0,77,3,0,3,273,0.667,1.71,249,3.83,1.054,5.4,0.9,4.1,10.1,2.48,36,9,5041,0,49,0,0,4,4637.61,1681,256,169,49,961,0,5929,9,0,9,74529,0.444889,2.9241,62001,14.6689,1.110916,29.16,0.81,16.81,102.01,6.1504
163,"Hector Neris","P","2025","LAA","Los Angeles Angels",36.2,3,908,1500000,1500000,1,1,"2025","2025",0,0,0,162,72,90,0,0,-18,0,0,1,673,5374,1209,226,837,0.495,0.256,4.02,-0.8,0.64,3,2,35,0,8,0,0,0,26.2,29,25,20,6,16,1,35,1,1,4,124,0.6,6.75,64,5.35,1.688,9.8,2,5.4,11.8,2.19,9,4,1225,0,64,0,0,0,686.44,841,625,400,36,256,1,1225,1,1,16,15376,0.36,45.5625,4096,28.6225,2.849344,96.04,4,29.16,139.24,4.7961
164,"Hector Santiago","P","2018","CHW","Chicago White Sox",30.7,6.016,909,2547209.44227671,2547209.44227671,1,1,"2018","2018",0,0,0,162,62,100,0,0,-38,0,0,1,656,5523,1332,182,848,0.502,0.26,3.77,0.6,0.36,6,3,49,7,27,0,0,2,102,101,54,50,16,60,3,103,5,2,1,460,0.667,4.41,96,5.09,1.578,8.9,1.4,5.3,9.1,1.72,36,9,2401,49,729,0,0,4,10404,10201,2916,2500,256,3600,9,10609,25,4,1,211600,0.444889,19.4481,9216,25.9081,2.490084,79.21,1.96,28.09,82.81,2.9584
164,"Hector Santiago","P","2019","CHW","Chicago White Sox",31.7,7.016,910,691688.341292727,691688.341292727,0,1,"2019","2019",0,0,0,161,72,89,0,0,-17,0,0,1,708,5529,1443,182,832,0.502,0.26,3.78,-0.4,0.16,1,1,19,2,11,0,0,0,33.2,42,26,25,8,22,0,40,0,0,0,163,0.5,6.68,68,5.89,1.901,11.2,2.1,5.9,10.7,1.82,1,1,361,4,121,0,0,0,1102.24,1764,676,625,64,484,0,1600,0,0,0,26569,0.25,44.6224,4624,34.6921,3.613801,125.44,4.41,34.81,114.49,3.3124
164,"Hector Santiago","P","2021","SEA","Seattle Mariners",33.7,7.101,911,674990.669239509,674990.669239509,1,1,"2021","2021",0,0,0,162,90,72,0,0,18,0,0,0,697,5355,1209,199,748,0.472,0.259,4.34,0.4,0.16,1,1,13,1,6,0,0,0,26.1,27,10,10,2,11,0,30,0,0,0,117,0.5,3.42,122,3.13,1.443,9.2,0.7,3.8,10.3,2.73,1,1,169,1,36,0,0,0,681.21,729,100,100,4,121,0,900,0,0,0,13689,0.25,11.6964,14884,9.7969,2.082249,84.64,0.49,14.44,106.09,7.4529
165,"Henderson Alvarez Iii","P","2017","PHI","Philadelphia Phillies",27.3,1,913,750000,750000,1,1,"2017","2017",0,0,0,165,66,96,0,0,-30,0,0,0,690,5534,1382,174,782,0.471,0.261,3.97,0.3,0.09,0,1,3,3,0,0,0,0,14.2,14,7,7,2,11,1,6,0,1,0,67,0,4.3,102,6.36,1.705,8.6,1.2,6.8,3.7,0.55,0,1,9,9,0,0,0,0,201.64,196,49,49,4,121,1,36,0,1,0,4489,0,18.49,10404,40.4496,2.907025,73.96,1.44,46.24,13.69,0.3025
166,"Hiroki Kuroda","NE","2012","NYY","New York Yankees",37.5,0,916,14277643.5768536,14277643.5768536,1,1,"2012","2012",0,0,0,162,95,67,1,1,28,0,0,0,804,5524,1462,245,668,0.568,0.268,3.64,5.3,28.09,16,11,33,33,0,3,2,0,219.2,205,86,81,25,51,2,167,8,0,13,891,0.593,3.32,127,3.86,1.165,8.4,1,2.1,6.8,3.27,256,121,1089,1089,0,9,4,0,48048.64,42025,7396,6561,625,2601,4,27889,64,0,169,793881,0.351649,11.0224,16129,14.8996,1.357225,70.56,1,4.41,46.24,10.6929
166,"Hiroki Kuroda","NE","2013","NYY","New York Yankees",38.5,1,917,15000000,15000000,0,1,"2013","2013",0,0,0,162,85,77,0,0,8,0,0,0,643,5477,1322,144,660,0.568,0.267,3.64,4,16,11,13,32,32,0,1,1,0,201.1,191,79,74,20,43,2,150,5,0,6,824,0.458,3.31,121,3.56,1.162,8.5,0.9,1.9,6.7,3.49,121,169,1024,1024,0,1,1,0,40441.21,36481,6241,5476,400,1849,4,22500,25,0,36,678976,0.209764,10.9561,14641,12.6736,1.350244,72.25,0.81,3.61,44.89,12.1801
166,"Hiroki Kuroda","NE","2014","NYY","New York Yankees",39.5,2,918,16000000,16000000,0,1,"2014","2014",0,0,0,-114,-34,-75,0,0,41,0,0,-4,-842,-3852,-1317,90,-934,0.569,0.267,3.64,2.1,4.41,11,9,32,32,0,0,0,0,199,191,91,82,20,35,0,146,7,0,13,820,0.55,3.71,103,3.6,1.136,8.6,0.9,1.6,6.6,4.17,121,81,1024,1024,0,0,0,0,39601,36481,8281,6724,400,1225,0,21316,49,0,169,672400,0.3025,13.7641,10609,12.96,1.290496,73.96,0.81,2.56,43.56,17.3889
167,"Hisashi Iwakuma","NE","2013","SEA","Seattle Mariners",32.3,0,919,14000000,7000000,0,2,"2013","2014",3,1,1,162,71,91,0,0,-20,0,0,0,624,5558,1318,188,754,0.466,0.261,4.37,7,49,14,6,33,33,0,0,0,0,219.2,179,69,65,25,42,4,185,2,0,10,866,0.7,2.66,138,3.44,1.006,7.3,1,1.7,7.6,4.4,196,36,1089,1089,0,0,0,0,48048.64,32041,4761,4225,625,1764,16,34225,4,0,100,749956,0.49,7.0756,19044,11.8336,1.012036,53.29,1,2.89,57.76,19.36
167,"Hisashi Iwakuma","NE","2014","SEA","Seattle Mariners",33.3,1,919,14000000,7000000,0,2,"2013","2014",0,0,0,162,87,75,0,0,12,0,0,0,634,5450,1328,136,554,0.468,0.261,4.33,2.4,5.76,15,9,28,28,0,0,0,0,179,167,70,70,20,21,2,154,2,0,2,709,0.625,3.52,103,3.25,1.05,8.4,1,1.1,7.7,7.33,225,81,784,784,0,0,0,0,32041,27889,4900,4900,400,441,4,23716,4,0,4,502681,0.390625,12.3904,10609,10.5625,1.1025,70.56,1,1.21,59.29,53.7289
167,"Hisashi Iwakuma","NE","2016","SEA","Seattle Mariners",35.3,2,920,12000000,12000000,0,1,"2016","2016",0,0,0,162,86,76,0,0,10,0,0,1,768,5583,1446,223,707,0.47,0.26,4.32,2.4,5.76,16,12,33,33,0,0,0,0,199,218,95,91,28,46,3,147,5,0,4,836,0.571,4.12,98,4.27,1.327,9.9,1.3,2.1,6.6,3.2,256,144,1089,1089,0,0,0,0,39601,47524,9025,8281,784,2116,9,21609,25,0,16,698896,0.326041,16.9744,9604,18.2329,1.760929,98.01,1.69,4.41,43.56,10.24
167,"Hisashi Iwakuma","P","2017","SEA","Seattle Mariners",36.3,3,921,15610293.0970896,15610293.0970896,0,1,"2017","2017",0,0,0,162,78,84,0,0,-6,0,0,0,750,5551,1436,200,772,0.47,0.26,4.32,0.3,0.09,0,2,6,6,0,0,0,0,31,27,16,15,7,12,0,16,2,0,1,128,0,4.35,97,6.42,1.258,7.8,2,3.5,4.6,1.33,0,4,36,36,0,0,0,0,961,729,256,225,49,144,0,256,4,0,1,16384,0,18.9225,9409,41.2164,1.582564,60.84,4,12.25,21.16,1.7689
168,"Hoby Milner","P","2020","LAA","Los Angeles Angels",29.6,0,922,690523.420485407,690523.420485407,0,1,"2020","2020",0,0,0,60,26,34,0,0,-8,0,0,0,294,2020,501,85,321,0.499,0.257,3.98,-0.4,0.16,0,0,19,0,4,0,0,0,13.1,13,12,12,5,6,0,13,1,0,0,59,0,8.1,57,7.69,1.425,8.8,3.4,4.1,8.8,2.17,0,0,361,0,16,0,0,0,171.61,169,144,144,25,36,0,169,1,0,0,3481,0,65.61,3249,59.1361,2.030625,77.44,11.56,16.81,77.44,4.7089
168,"Hoby Milner","P","2022","MIL","Milwaukee Brewers",31.6,1,923,785907.856761817,785907.856761817,1,1,"2022","2022",0,0,0,162,86,76,0,0,10,0,0,0,725,5417,1271,219,688,0.484,0.257,4.16,0.5,0.25,3,3,67,0,9,0,0,0,64.2,61,29,27,5,15,0,64,7,0,1,272,0.5,3.76,107,3.16,1.175,8.5,0.7,2.1,8.9,4.27,9,9,4489,0,81,0,0,0,4121.64,3721,841,729,25,225,0,4096,49,0,1,73984,0.25,14.1376,11449,9.9856,1.380625,72.25,0.49,4.41,79.21,18.2329
168,"Hoby Milner","P","2023","MIL","Milwaukee Brewers",32.6,2,924,1090329.4950078,1090329.4950078,0,1,"2023","2023",0,0,0,162,92,70,1,1,22,0,0,0,728,5386,1290,165,647,0.486,0.256,4.15,1.7,2.89,2,1,73,0,6,0,0,0,64.1,49,16,13,5,13,0,59,2,0,1,252,0.667,1.82,238,3.13,0.964,6.9,0.7,1.8,8.3,4.54,4,1,5329,0,36,0,0,0,4108.81,2401,256,169,25,169,0,3481,4,0,1,63504,0.444889,3.3124,56644,9.7969,0.929296,47.61,0.49,3.24,68.89,20.6116
168,"Hoby Milner","P","2024","MIL","Milwaukee Brewers",33.6,3,925,2108180.68674506,2108180.68674506,0,1,"2024","2024",0,0,0,162,93,69,1,1,24,0,0,0,777,5472,1359,177,641,0.487,0.256,4.14,-0.6,0.36,5,1,61,1,11,0,0,1,64.2,63,38,34,6,14,2,64,2,0,0,268,0.833,4.73,88,3.14,1.191,8.8,0.8,1.9,8.9,4.57,25,1,3721,1,121,0,0,1,4121.64,3969,1444,1156,36,196,4,4096,4,0,0,71824,0.693889,22.3729,7744,9.8596,1.418481,77.44,0.64,3.61,79.21,20.8849
168,"Hoby Milner","P","2025","TEX","Texas Rangers",34.6,4,926,2500000,2500000,1,1,"2025","2025",0,0,0,162,81,81,0,0,0,0,0,0,684,5443,1275,175,605,0.476,0.258,4.28,-0.6,0.36,3,4,73,0,10,0,0,0,70.1,68,35,30,5,21,3,58,2,0,0,293,0.429,3.84,94,3.39,1.265,8.7,0.6,2.7,7.4,2.76,9,16,5329,0,100,0,0,0,4914.01,4624,1225,900,25,441,9,3364,4,0,0,85849,0.184041,14.7456,8836,11.4921,1.600225,75.69,0.36,7.29,54.76,7.6176
169,"Homer Bailey","P","2020","MIN","Minnesota Twins",34.2,11.017,928,7000000,7000000,1,1,"2020","2020",0,0,0,60,36,24,1,1,12,0,0,0,269,1937,468,91,215,0.481,0.263,3.99,0.2,0.04,1,0,2,2,0,0,0,0,8,6,3,3,1,3,0,7,1,0,0,33,1,3.38,133,4.57,1.125,6.8,1.1,3.4,7.9,2.33,1,0,4,4,0,0,0,0,64,36,9,9,1,9,0,49,1,0,0,1089,1,11.4244,17689,20.8849,1.265625,46.24,1.21,11.56,62.41,5.4289
170,"Hunter Strickland","P","2021","MIL","Milwaukee Brewers",32.9,1,938,1183156.3001569,1183156.3001569,1,1,"2021","2021",0,0,0,162,95,67,1,1,28,0,0,0,738,5362,1251,194,623,0.483,0.257,4.17,0.9,0.81,3,2,57,0,19,0,0,0,58.2,46,21,17,8,22,0,58,2,0,3,242,0.6,2.61,161,4.19,1.159,7.1,1.2,3.4,8.9,2.64,9,4,3249,0,361,0,0,0,3387.24,2116,441,289,64,484,0,3364,4,0,9,58564,0.36,6.8121,25921,17.5561,1.343281,50.41,1.44,11.56,79.21,6.9696
170,"Hunter Strickland","P","2022","CIN","Cincinnati Reds",33.9,2,939,1825000,1825000,1,1,"2022","2022",0,0,0,162,62,100,0,0,-38,0,0,0,648,5380,1264,156,815,0.504,0.261,3.76,0,0,3,3,66,0,35,0,0,7,62.1,61,37,34,8,33,1,60,7,0,1,284,0.5,4.91,89,4.78,1.508,8.8,1.2,4.8,8.7,1.82,9,9,4356,0,1225,0,0,49,3856.41,3721,1369,1156,64,1089,1,3600,49,0,1,80656,0.25,24.1081,7921,22.8484,2.274064,77.44,1.44,23.04,75.69,3.3124
170,"Hunter Strickland","P","2024","LAA","Los Angeles Angels",35.9,3,940,874123.699382099,874123.699382099,1,1,"2024","2024",0,0,0,162,63,99,0,0,-36,0,0,0,635,5357,1227,165,797,0.495,0.256,4,1,1,3,2,72,0,10,0,0,1,73.1,56,31,27,10,24,1,57,2,0,1,294,0.6,3.31,127,4.45,1.091,6.9,1.2,2.9,7,2.38,9,4,5184,0,100,0,0,1,5343.61,3136,961,729,100,576,1,3249,4,0,1,86436,0.36,10.9561,16129,19.8025,1.190281,47.61,1.44,8.41,49,5.6644
170,"Hunter Strickland","P","2025","LAA","Los Angeles Angels",36.9,4,941,1000000,1000000,0,1,"2025","2025",0,0,0,162,72,90,0,0,-18,0,0,1,673,5374,1209,226,837,0.495,0.256,4.02,0.6,0.36,1,2,19,0,6,0,0,1,22,17,9,8,2,10,2,14,0,0,1,91,0.333,3.27,130,4.41,1.227,7,0.8,4.1,5.7,1.4,1,4,361,0,36,0,0,1,484,289,81,64,4,100,4,196,0,0,1,8281,0.110889,10.6929,16900,19.4481,1.505529,49,0.64,16.81,32.49,1.96
171,"Ian Desmond","NP","2019","COL","Colorado Rockies",33.9,9.027,945,70000000,14000000,1,5,"2017","2021",0,0,0,162,71,91,0,0,-20,0,0,0,835,5660,1502,224,958,0.471,0.274,4.97,0,0,0,0,1,0,1,0,0,0,1,1,0,0,0,0,0,0,0,0,0,4,0,0,0,3.21,1,9,0,0,0,0,0,0,1,0,1,0,0,0,1,1,0,0,0,0,0,0,0,0,0,16,0,0,0,10.3041,1,81,0,0,0,0
172,"Ian Gibaut","P","2023","CIN","Cincinnati Reds",29.8,1,947,776527.347664091,776527.347664091,1,1,"2023","2023",0,0,0,162,82,80,0,0,2,0,0,1,783,5499,1371,198,821,0.504,0.261,3.77,2,4,8,4,74,0,15,0,0,3,75.2,69,33,28,8,28,4,69,4,0,0,318,0.667,3.33,140,4.07,1.282,8.2,1,3.3,8.2,2.46,64,16,5476,0,225,0,0,9,5655.04,4761,1089,784,64,784,16,4761,16,0,0,101124,0.444889,11.0889,19600,16.5649,1.643524,67.24,1,10.89,67.24,6.0516
172,"Ian Gibaut","P","2024","CIN","Cincinnati Reds",30.8,2,948,781569.425329876,781569.425329876,0,1,"2024","2024",0,0,0,162,77,85,0,0,-8,0,0,0,699,5325,1230,174,694,0.504,0.261,3.77,0,0,0,0,2,0,0,0,0,0,2,3,1,1,0,1,0,1,0,0,0,10,0,4.5,115,3.67,2,13.5,0,4.5,4.5,1,0,0,4,0,0,0,0,0,4,9,1,1,0,1,0,1,0,0,0,100,0,20.25,13225,13.4689,4,182.25,0,20.25,20.25,1
172,"Ian Gibaut","P","2025","CIN","Cincinnati Reds",31.8,3,949,1300000,1300000,0,1,"2025","2025",0,0,0,162,83,79,0,1,4,0,0,1,716,5448,1333,167,681,0.504,0.26,3.77,0.2,0.04,0,1,25,0,5,0,0,0,25.1,26,13,13,3,8,0,15,0,0,0,109,0,4.62,99,4.44,1.342,9.2,1.1,2.8,5.3,1.88,0,1,625,0,25,0,0,0,630.01,676,169,169,9,64,0,225,0,0,0,11881,0,21.3444,9801,19.7136,1.800964,84.64,1.21,7.84,28.09,3.5344
173,"Ian Hamilton","P","2023","NYY","New York Yankees",28.2,0,950,765889.986737186,765889.986737186,0,1,"2023","2023",0,0,0,162,82,80,0,0,2,0,0,0,673,5323,1207,219,698,0.569,0.266,3.65,1.6,2.56,3,2,39,3,6,0,0,2,58,45,19,17,2,26,1,69,3,0,1,239,0.6,2.64,165,2.82,1.224,7,0.3,4,10.7,2.65,9,4,1521,9,36,0,0,4,3364,2025,361,289,4,676,1,4761,9,0,1,57121,0.36,6.9696,27225,7.9524,1.498176,49,0.09,16,114.49,7.0225
173,"Ian Hamilton","P","2025","NYY","New York Yankees",30.2,1,951,941050,941050,0,1,"2025","2025",0,0,0,162,94,68,0,1,26,0,0,2,849,5471,1371,274,685,0.57,0.265,3.66,0.2,0.04,2,1,36,1,5,0,0,0,40,28,20,19,5,22,1,42,1,0,2,166,0.667,4.28,97,4.39,1.25,6.3,1.1,5,9.5,1.91,4,1,1296,1,25,0,0,0,1600,784,400,361,25,484,1,1764,1,0,4,27556,0.444889,18.3184,9409,19.2721,1.5625,39.69,1.21,25,90.25,3.6481
174,"Ian Kennedy","P","2021","TEX","Texas Rangers",36.7,11.124,953,2150000,2150000,1,1,"2021","2021",0,0,0,162,60,102,0,0,-42,0,0,0,625,5405,1254,167,815,0.476,0.259,4.29,1.4,1.96,3,1,55,0,44,0,0,26,56.1,45,21,20,12,17,3,62,2,0,0,228,0.75,3.2,136,4.75,1.101,7.2,1.9,2.7,9.9,3.65,9,1,3025,0,1936,0,0,676,3147.21,2025,441,400,144,289,9,3844,4,0,0,51984,0.5625,10.24,18496,22.5625,1.212201,51.84,3.61,7.29,98.01,13.3225
174,"Ian Kennedy","P","2022","ARI","Arizona Diamondbacks",37.7,12.124,954,4750000,4750000,1,1,"2022","2022",0,0,0,162,74,88,0,0,-14,0,0,0,702,5351,1232,173,740,0.485,0.255,4.26,-1.1,1.21,4,7,57,0,21,0,0,10,50.1,57,33,30,11,22,3,44,1,0,3,232,0.364,5.36,75,5.58,1.57,10.2,2,3.9,7.9,2,16,49,3249,0,441,0,0,100,2510.01,3249,1089,900,121,484,9,1936,1,0,9,53824,0.132496,28.7296,5625,31.1364,2.4649,104.04,4,15.21,62.41,4
174,"Ian Kennedy","P","2023","TEX","Texas Rangers",38.7,13.124,955,765889.986737186,765889.986737186,1,1,"2023","2023",0,0,0,162,90,72,0,1,18,1,1,0,881,5595,1470,233,716,0.476,0.258,4.29,-0.5,0.25,0,1,16,0,7,0,0,0,16.1,16,15,13,4,7,0,21,2,0,1,75,0,7.16,61,5.52,1.408,8.8,2.2,3.9,11.6,3,0,1,256,0,49,0,0,0,259.21,256,225,169,16,49,0,441,4,0,1,5625,0,51.2656,3721,30.4704,1.982464,77.44,4.84,15.21,134.56,9
175,"Ichiro Suzuki","NE","2015","MIA","Miami Marlins",41.8,2,957,2000000,2000000,1,1,"2015","2015",0,0,0,162,71,91,0,0,-20,0,0,0,613,5463,1420,120,678,0.469,0.258,4.26,0,0,0,0,1,0,1,0,0,0,1,2,1,1,0,0,0,0,0,0,0,5,0,9,59,3.13,2,18,0,0,0,0,0,0,1,0,1,0,0,0,1,4,1,1,0,0,0,0,0,0,0,25,0,81,3481,9.7969,4,324,0,0,0,0
176,"Ivan Nova","P","2017","PIT","Pittsburgh Pirates",30.6,6.024,964,26000000,8666666.66666667,0,3,"2017","2019",0,0,0,165,75,87,0,0,-12,0,0,0,668,5458,1331,151,731,0.504,0.264,3.72,2,4,11,14,31,31,0,2,1,0,187,203,96,86,29,36,2,131,7,0,8,785,0.44,4.14,103,4.46,1.278,9.8,1.4,1.7,6.3,3.64,121,196,961,961,0,4,1,0,34969,41209,9216,7396,841,1296,4,17161,49,0,64,616225,0.1936,17.1396,10609,19.8916,1.633284,96.04,1.96,2.89,39.69,13.2496
176,"Ivan Nova","P","2018","PIT","Pittsburgh Pirates",31.6,7.024,964,26000000,8666666.66666667,0,3,"2017","2019",0,0,0,161,82,79,0,0,3,0,0,0,692,5447,1381,157,693,0.504,0.264,3.72,1,1,9,9,29,29,0,0,0,0,161,171,82,75,26,35,4,114,4,1,9,683,0.5,4.19,93,4.57,1.28,9.6,1.5,2,6.4,3.26,81,81,841,841,0,0,0,0,25921,29241,6724,5625,676,1225,16,12996,16,1,81,466489,0.25,17.5561,8649,20.8849,1.6384,92.16,2.25,4,40.96,10.6276
176,"Ivan Nova","P","2020","DET","Detroit Tigers",33.6,9.024,965,1500000,1500000,1,1,"2020","2020",0,0,0,58,23,35,0,0,-12,0,0,0,249,1894,463,62,318,0.504,0.265,4,-0.5,0.25,1,1,4,4,0,0,0,0,19,22,18,18,4,9,0,9,0,0,2,88,0.5,8.53,54,6.4,1.632,10.4,1.9,4.3,4.3,1,1,1,16,16,0,0,0,0,361,484,324,324,16,81,0,81,0,0,4,7744,0.25,72.7609,2916,40.96,2.663424,108.16,3.61,18.49,18.49,1
177,"Ja Happ","P","2016","TOR","Toronto Blue Jays",33.8,0,966,36000000,12000000,1,3,"2016","2018",2,0,1,162,89,73,0,1,16,0,0,0,759,5479,1358,221,666,0.498,0.262,4.2,4.5,20.25,20,4,32,32,0,0,0,0,195,168,72,69,22,60,0,163,6,2,3,796,0.833,3.18,134,3.96,1.169,7.8,1,2.8,7.5,2.72,400,16,1024,1024,0,0,0,0,38025,28224,5184,4761,484,3600,0,26569,36,4,9,633616,0.693889,10.1124,17956,15.6816,1.366561,60.84,1,7.84,56.25,7.3984
177,"Ja Happ","P","2017","TOR","Toronto Blue Jays",34.8,1,966,36000000,12000000,1,3,"2016","2018",0,0,0,162,76,86,0,0,-10,0,0,1,693,5499,1320,222,784,0.498,0.261,4.21,3.2,10.24,10,11,25,25,0,0,0,0,145.1,145,64,57,18,46,1,142,0,0,4,626,0.476,3.53,127,3.76,1.314,9,1.1,2.8,8.8,3.09,100,121,625,625,0,0,0,0,21054.01,21025,4096,3249,324,2116,1,20164,0,0,16,391876,0.226576,12.4609,16129,14.1376,1.726596,81,1.21,7.84,77.44,9.5481
177,"Ja Happ","P","2018","TOR","Toronto Blue Jays",35.8,2,966,36000000,12000000,1,3,"2016","2018",1,0,0,162,73,89,0,0,-16,0,0,0,709,5477,1336,217,832,0.496,0.261,4.23,2.9,8.41,17,6,31,31,0,0,0,0,177.2,150,81,72,27,51,0,193,9,1,4,733,0.739,3.65,116,3.98,1.131,7.6,1.4,2.6,9.8,3.78,289,36,961,961,0,0,0,0,31399.84,22500,6561,5184,729,2601,0,37249,81,1,16,537289,0.546121,13.3225,13456,15.8404,1.279161,57.76,1.96,6.76,96.04,14.2884
177,"Ja Happ","P","2019","NYY","New York Yankees",36.8,3,967,34000000,17000000,0,2,"2019","2020",0,0,0,162,103,59,1,1,44,0,0,3,943,5583,1493,306,739,0.57,0.266,3.65,1.4,1.96,12,8,31,30,0,0,0,0,161.1,160,88,88,34,49,1,140,5,0,3,678,0.6,4.91,90,5.22,1.295,8.9,1.9,2.7,7.8,2.86,144,64,961,900,0,0,0,0,25953.21,25600,7744,7744,1156,2401,1,19600,25,0,9,459684,0.36,24.1081,8100,27.2484,1.677025,79.21,3.61,7.29,60.84,8.1796
177,"Ja Happ","P","2020","NYY","New York Yankees",37.8,5,968,41664234.7764043,20832117.3882022,0,2,"2020","2021",0,0,0,60,33,27,0,1,6,0,0,1,315,1915,473,94,270,0.57,0.266,3.65,1.2,1.44,2,2,9,9,0,0,0,0,49.1,37,19,19,8,15,0,42,1,0,0,196,0.5,3.47,123,4.57,1.054,6.8,1.5,2.7,7.7,2.8,4,4,81,81,0,0,0,0,2410.81,1369,361,361,64,225,0,1764,1,0,0,38416,0.25,12.0409,15129,20.8849,1.110916,46.24,2.25,7.29,59.29,7.84
177,"Ja Happ","P","2021","MIN","Minnesota Twins",38.8,7,969,8000000,8000000,1,1,"2021","2021",0,0,0,162,73,89,0,0,-16,0,0,0,729,5431,1311,228,834,0.481,0.263,4,-1.3,1.69,10,8,30,30,0,0,0,0,152.1,177,100,98,30,48,0,122,3,0,4,671,0.556,5.79,72,5.13,1.477,10.5,1.8,2.8,7.2,2.54,100,64,900,900,0,0,0,0,23134.41,31329,10000,9604,900,2304,0,14884,9,0,16,450241,0.309136,33.5241,5184,26.3169,2.181529,110.25,3.24,7.84,51.84,6.4516
178,"Jace Peterson","NP","2021","MIL","Milwaukee Brewers",31.2,2,972,680314.872590215,680314.872590215,0,1,"2021","2021",0,0,0,162,95,67,1,1,28,0,0,0,738,5362,1251,194,623,0.483,0.257,4.17,-0.1,0.01,0,0,2,0,2,0,0,0,2,4,2,2,0,1,0,2,0,0,0,11,0,9,54,2.67,2.5,18,0,4.5,9,2,0,0,4,0,4,0,0,0,4,16,4,4,0,1,0,4,0,0,0,121,0,81,2916,7.1289,6.25,324,0,20.25,81,4
178,"Jace Peterson","NP","2022","MIL","Milwaukee Brewers",32.2,3,973,2034153.79178885,2034153.79178885,0,1,"2022","2022",0,0,0,162,86,76,0,0,10,0,0,0,725,5417,1271,219,688,0.484,0.257,4.16,0,0,0,0,1,0,1,0,0,0,1,0,0,0,0,0,0,0,0,0,0,3,0,0,0,3.11,0,0,0,0,0,0,0,0,1,0,1,0,0,0,1,0,0,0,0,0,0,0,0,0,0,9,0,0,0,9.6721,0,0,0,0,0,0
178,"Jace Peterson","NP","2023","OAK","Oakland Athletics",33.2,4,974,9500000,4750000,1,2,"2023","2024",0,0,0,162,50,112,0,0,-62,0,0,0,585,5311,1187,171,924,0.487,0.258,4,0,0,0,0,2,0,2,0,0,0,2,3,2,2,1,3,0,1,0,0,0,12,0,9,55,13.26,3,13.5,4.5,13.5,4.5,0.33,0,0,4,0,4,0,0,0,4,9,4,4,1,9,0,1,0,0,0,144,0,81,3025,175.8276,9,182.25,20.25,182.25,20.25,0.1089
179,"Jack Flaherty","P","2024","DET","Detroit Tigers",28,0,975,14000000,14000000,1,1,"2024","2024",0,0,0,162,86,76,0,1,10,0,0,0,682,5442,1273,162,642,0.503,0.264,4,3.3,10.89,13,7,28,28,0,0,0,0,162,135,61,57,24,38,0,194,4,0,6,649,0.65,3.17,130,3.47,1.068,7.5,1.3,2.1,10.8,5.11,169,49,784,784,0,0,0,0,26244,18225,3721,3249,576,1444,0,37636,16,0,36,421201,0.4225,10.0489,16900,12.0409,1.140624,56.25,1.69,4.41,116.64,26.1121
179,"Jack Flaherty","P","2025","DET","Detroit Tigers",29,1,976,35000000,17500000,1,2,"2025","2026",0,0,0,162,87,75,0,1,12,0,0,0,758,5456,1346,198,691,0.503,0.264,4,0.9,0.81,8,15,31,31,0,0,0,0,161,147,85,83,23,59,1,188,5,0,4,681,0.348,4.64,90,3.85,1.28,8.2,1.3,3.3,10.5,3.19,64,225,961,961,0,0,0,0,25921,21609,7225,6889,529,3481,1,35344,25,0,16,463761,0.121104,21.5296,8100,14.8225,1.6384,67.24,1.69,10.89,110.25,10.1761
180,"Jacob Barnes","P","2020","LAA","Los Angeles Angels",30.3,0,979,690523.420485407,690523.420485407,0,1,"2020","2020",0,0,0,60,26,34,0,0,-8,0,0,0,294,2020,501,85,321,0.499,0.257,3.98,0,0,0,2,18,0,5,0,0,0,18,19,13,11,1,4,0,24,2,0,0,78,0,5.5,84,2.25,1.278,9.5,0.5,2,12,6,0,4,324,0,25,0,0,0,324,361,169,121,1,16,0,576,4,0,0,6084,0,30.25,7056,5.0625,1.633284,90.25,0.25,4,144,36
180,"Jacob Barnes","P","2023","STL","St Louis Cardinals",33.3,1,980,765889.986737186,765889.986737186,1,1,"2023","2023",0,0,0,162,71,91,0,0,-20,0,0,1,719,5510,1376,209,829,0.52,0.266,3.69,-0.2,0.04,0,1,13,0,5,0,0,0,13.2,18,11,9,1,3,0,8,1,0,0,61,0,5.93,76,3.91,1.537,11.9,0.7,2,5.3,2.67,0,1,169,0,25,0,0,0,174.24,324,121,81,1,9,0,64,1,0,0,3721,0,35.1649,5776,15.2881,2.362369,141.61,0.49,4,28.09,7.1289
180,"Jacob Barnes","P","2025","TOR","Toronto Blue Jays",35.3,3,982,1400000,1400000,1,1,"2025","2025",0,0,0,162,94,68,1,1,26,1,0,1,798,5507,1461,191,721,0.5,0.26,4.22,-0.4,0.16,0,1,6,0,2,0,0,0,8,10,9,8,1,3,0,5,0,0,0,36,0,9,50,4.64,1.625,11.3,1.1,3.4,5.6,1.67,0,1,36,0,4,0,0,0,64,100,81,64,1,9,0,25,0,0,0,1296,0,81,2500,21.5296,2.640625,127.69,1.21,11.56,31.36,2.7889
181,"Jacob Stallings","NP","2025","COL","Colorado Rockies",35,1,984,2500000,2500000,0,1,"2025","2025",0,0,0,162,43,119,0,0,-76,0,0,0,597,5408,1281,160,1021,0.456,0.27,5.05,0,0,0,0,1,0,1,0,0,0,2,2,1,1,0,0,0,1,0,0,0,8,0,4.5,123,2.14,1,9,0,0,4.5,0,0,0,1,0,1,0,0,0,4,4,1,1,0,0,0,1,0,0,0,64,0,20.25,15129,4.5796,1,81,0,0,20.25,0
182,"Jacob Webb","P","2023","LAA","Los Angeles Angels",30,0,985,765889.986737186,765889.986737186,0,1,"2023","2023",0,0,0,162,73,89,0,0,-16,0,0,0,739,5489,1346,231,829,0.497,0.256,4,0.9,0.81,1,1,54,0,8,0,0,1,53.2,39,22,22,6,30,3,57,4,0,1,232,0.5,3.69,118,4.48,1.286,6.5,1,5,9.6,1.9,1,1,2916,0,64,0,0,1,2830.24,1521,484,484,36,900,9,3249,16,0,1,53824,0.25,13.6161,13924,20.0704,1.653796,42.25,1,25,92.16,3.61
182,"Jacob Webb","P","2025","TEX","Texas Rangers",32,1,986,1250000,1250000,1,1,"2025","2025",0,0,0,162,81,81,0,0,0,0,0,0,684,5443,1275,175,605,0.476,0.258,4.28,0.3,0.09,5,4,55,0,9,0,0,1,66,49,24,22,10,19,2,58,2,0,0,267,0.556,3,121,4.3,1.03,6.7,1.4,2.6,7.9,3.05,25,16,3025,0,81,0,0,1,4356,2401,576,484,100,361,4,3364,4,0,0,71289,0.309136,9,14641,18.49,1.0609,44.89,1.96,6.76,62.41,9.3025
183,"Jake Arrieta","P","2018","PHI","Philadelphia Phillies",32.4,6.145,987,75000000,25000000,1,3,"2018","2020",0,0,0,162,80,82,0,0,-2,0,0,1,677,5424,1270,186,728,0.472,0.261,3.98,2.4,5.76,10,11,31,31,0,0,0,0,172.2,165,93,76,21,57,0,138,7,1,11,724,0.476,3.96,104,4.25,1.286,8.6,1.1,3,7.2,2.42,100,121,961,961,0,0,0,0,29652.84,27225,8649,5776,441,3249,0,19044,49,1,121,524176,0.226576,15.6816,10816,18.0625,1.653796,73.96,1.21,9,51.84,5.8564
183,"Jake Arrieta","P","2019","PHI","Philadelphia Phillies",33.4,7.145,987,75000000,25000000,1,3,"2018","2020",0,0,0,162,81,81,0,0,0,0,0,1,774,5571,1369,215,794,0.472,0.261,3.98,0.7,0.49,8,8,24,24,0,0,0,0,135.2,149,76,70,21,51,3,110,7,0,7,594,0.5,4.64,96,4.89,1.474,9.9,1.4,3.4,7.3,2.16,64,64,576,576,0,0,0,0,18279.04,22201,5776,4900,441,2601,9,12100,49,0,49,352836,0.25,21.5296,9216,23.9121,2.172676,98.01,1.96,11.56,53.29,4.6656
183,"Jake Arrieta","P","2020","PHI","Philadelphia Phillies",34.4,8.145,987,75000000,25000000,1,3,"2018","2020",0,0,0,60,28,32,0,0,-4,0,0,0,306,1948,501,82,311,0.472,0.261,3.98,0.8,0.64,4,4,9,9,0,0,0,0,44.1,51,25,25,6,16,0,32,1,0,4,190,0.5,5.08,89,4.66,1.511,10.4,1.2,3.2,6.5,2,16,16,81,81,0,0,0,0,1944.81,2601,625,625,36,256,0,1024,1,0,16,36100,0.25,25.8064,7921,21.7156,2.283121,108.16,1.44,10.24,42.25,4
183,"Jake Arrieta","P","2021","CHC","Chicago Cubs",35.4,9.145,988,6000000,6000000,1,1,"2021","2021",0,0,0,162,71,91,0,0,-20,0,0,0,705,5306,1255,210,839,0.513,0.262,3.69,-2.8,7.84,5,14,24,24,0,0,0,0,98.2,131,91,81,24,44,3,83,6,0,3,469,0.263,7.39,57,6.17,1.774,11.9,2.2,4,7.6,1.89,25,196,576,576,0,0,0,0,9643.24,17161,8281,6561,576,1936,9,6889,36,0,9,219961,0.069169,54.6121,3249,38.0689,3.147076,141.61,4.84,16,57.76,3.5721
184,"Jake Bauers","NP","2024","MIL","Milwaukee Brewers",28.8,1,990,1388314.11078333,1388314.11078333,1,1,"2024","2024",0,0,0,162,93,69,1,1,24,0,0,0,777,5472,1359,177,641,0.487,0.256,4.14,0,0,0,0,4,0,4,0,0,0,4,5,2,2,0,4,0,1,0,0,0,20,0,4.5,100,5.67,2.25,11.3,0,9,2.3,0.25,0,0,16,0,16,0,0,0,16,25,4,4,0,16,0,1,0,0,0,400,0,20.25,10000,32.1489,5.0625,127.69,0,81,5.29,0.0625
184,"Jake Bauers","NP","2025","MIL","Milwaukee Brewers",29.8,2,991,1400000,1400000,0,1,"2025","2025",0,0,0,162,97,65,1,1,32,0,0,2,806,5510,1423,166,634,0.489,0.256,4.13,-0.1,0.01,0,0,5,0,5,0,0,0,5,8,4,2,0,3,0,1,2,0,0,29,0,3.6,125,5.74,2.2,14.4,0,5.4,1.8,0.33,0,0,25,0,25,0,0,0,25,64,16,4,0,9,0,1,4,0,0,841,0,12.96,15625,32.9476,4.84,207.36,0,29.16,3.24,0.1089
185,"Jake Diekman","P","2020","OAK","Oakland Athletics",33.6,1,993,7500000,3750000,0,2,"2020","2021",0,0,0,60,36,24,1,1,12,0,0,0,274,1908,430,71,232,0.489,0.258,3.98,1.4,1.96,2,0,21,0,2,0,0,0,21.1,8,2,1,1,12,1,31,1,0,0,84,1,0.42,1003,2.72,0.938,3.4,0.4,5.1,13.1,2.58,4,0,441,0,4,0,0,0,445.21,64,4,1,1,144,1,961,1,0,0,7056,1,0.1764,1006009,7.3984,0.879844,11.56,0.16,26.01,171.61,6.6564
185,"Jake Diekman","P","2021","OAK","Oakland Athletics",34.6,2,993,7500000,3750000,0,2,"2020","2021",0,0,0,162,86,76,0,0,10,0,0,0,743,5395,1284,199,687,0.489,0.258,3.98,0.4,0.16,3,3,67,0,17,0,0,7,60.2,47,29,26,10,34,2,83,4,0,8,262,0.5,3.86,107,4.46,1.335,7,1.5,5,12.3,2.44,9,9,4489,0,289,0,0,49,3624.04,2209,841,676,100,1156,4,6889,16,0,64,68644,0.25,14.8996,11449,19.8916,1.782225,49,2.25,25,151.29,5.9536
185,"Jake Diekman","P","2022","BOS","Boston Red Sox",35.6,3,994,8000000,4000000,1,2,"2022","2023",0,0,0,162,78,84,0,0,-6,0,0,1,735,5539,1427,155,787,0.518,0.267,3.92,-0.3,0.09,5,4,70,0,10,0,0,1,57.2,52,40,32,9,42,2,79,8,0,7,269,0.556,4.99,83,5,1.63,8.1,1.4,6.6,12.3,1.88,25,16,4900,0,100,0,0,1,3271.84,2704,1600,1024,81,1764,4,6241,64,0,49,72361,0.309136,24.9001,6889,25,2.6569,65.61,1.96,43.56,151.29,3.5344
185,"Jake Diekman","P","2024","NYM","New York Mets",37.6,6,996,4113523.29120988,4113523.29120988,1,1,"2024","2024",0,0,0,162,89,73,0,1,16,0,0,0,768,5510,1357,207,697,0.483,0.25,3.8,-0.8,0.64,2,3,43,0,10,0,0,4,32,23,24,20,7,24,0,40,4,0,2,145,0.4,5.63,71,6.13,1.469,6.5,2,6.8,11.3,1.67,4,9,1849,0,100,0,0,16,1024,529,576,400,49,576,0,1600,16,0,4,21025,0.16,31.6969,5041,37.5769,2.157961,42.25,4,46.24,127.69,2.7889
186,"Jake Lamb","NP","2023","LAA","Los Angeles Angels",32.8,7.14,1003,1250000,1250000,1,1,"2023","2023",0,0,0,162,73,89,0,0,-16,0,0,0,739,5489,1346,231,829,0.497,0.256,4,0,0,0,0,1,0,1,0,0,0,1,1,0,0,0,0,0,0,0,0,0,4,0,0,0,3.26,1,9,0,0,0,0,0,0,1,0,1,0,0,0,1,1,0,0,0,0,0,0,0,0,0,16,0,0,0,10.6276,1,81,0,0,0,0
187,"Jake Mcgee","P","2018","COL","Colorado Rockies",32,6.127,1007,27000000,9000000,0,3,"2018","2020",0,0,0,163,91,72,0,1,19,0,0,0,780,5541,1418,210,745,0.473,0.274,4.95,-1,1,2,4,61,0,9,0,0,1,51.1,59,39,37,10,16,1,47,2,0,5,227,0.333,6.49,73,4.91,1.461,10.3,1.8,2.8,8.2,2.94,4,16,3721,0,81,0,0,1,2611.21,3481,1521,1369,100,256,1,2209,4,0,25,51529,0.110889,42.1201,5329,24.1081,2.134521,106.09,3.24,7.84,67.24,8.6436
187,"Jake Mcgee","P","2019","COL","Colorado Rockies",33,7.127,1007,27000000,9000000,0,3,"2018","2020",0,0,0,162,71,91,0,0,-20,0,0,0,835,5660,1502,224,958,0.471,0.274,4.97,0.2,0.04,0,2,45,0,10,0,0,0,41.1,47,25,20,11,11,1,35,3,1,0,180,0,4.35,119,6,1.403,10.2,2.4,2.4,7.6,3.18,0,4,2025,0,100,0,0,0,1689.21,2209,625,400,121,121,1,1225,9,1,0,32400,0,18.9225,14161,36,1.968409,104.04,5.76,5.76,57.76,10.1124
187,"Jake Mcgee","P","2020","LAD","Los Angeles Dodgers",34,8.127,1008,563500,563500,1,1,"2020","2020",0,0,0,60,43,17,1,1,26,1,1,0,349,2042,523,118,213,0.528,0.261,3.53,0.5,0.25,3,1,24,0,4,0,0,0,20.1,14,6,6,2,3,0,33,0,0,0,79,0.75,2.66,167,1.67,0.836,6.2,0.9,1.3,14.6,11,9,1,576,0,16,0,0,0,404.01,196,36,36,4,9,0,1089,0,0,0,6241,0.5625,7.0756,27889,2.7889,0.698896,38.44,0.81,1.69,213.16,121
188,"Jake Petricka","P","2018","TOR","Toronto Blue Jays",30.2,4.044,1010,1300000,1300000,1,1,"2018","2018",0,0,0,162,73,89,0,0,-16,0,0,0,709,5477,1336,217,832,0.496,0.261,4.23,-0.1,0.01,3,1,41,0,5,0,0,0,45.2,59,28,23,6,16,0,41,5,0,5,208,0.75,4.53,94,4.45,1.642,11.6,1.2,3.2,8.1,2.56,9,1,1681,0,25,0,0,0,2043.04,3481,784,529,36,256,0,1681,25,0,25,43264,0.5625,20.5209,8836,19.8025,2.696164,134.56,1.44,10.24,65.61,6.5536
188,"Jake Petricka","P","2019","MIL","Milwaukee Brewers",31.2,4.157,1011,900000,900000,1,1,"2019","2019",0,0,0,162,89,73,0,1,16,0,0,0,769,5542,1366,250,766,0.481,0.258,4.18,0.1,0.01,0,0,6,0,6,0,0,0,8,6,3,3,0,6,1,3,0,0,1,36,0,3.38,137,4.71,1.5,6.8,0,6.8,3.4,0.5,0,0,36,0,36,0,0,0,64,36,9,9,0,36,1,9,0,0,1,1296,0,11.4244,18769,22.1841,2.25,46.24,0,46.24,11.56,0.25
189,"James Hoyt","P","2021","LAA","Los Angeles Angels",34.8,1,1013,674990.669239509,674990.669239509,1,1,"2021","2021",0,0,0,162,77,85,0,0,-8,0,0,0,723,5437,1331,190,804,0.499,0.257,3.99,-0.4,0.16,0,0,9,0,3,0,0,0,8,12,10,6,0,7,0,11,2,0,0,46,0,6.75,69,3.8,2.375,13.5,0,7.9,12.4,1.57,0,0,81,0,9,0,0,0,64,144,100,36,0,49,0,121,4,0,0,2116,0,45.5625,4761,14.44,5.640625,182.25,0,62.41,153.76,2.4649
190,"James Paxton","P","2021","SEA","Seattle Mariners",32.8,0,1020,8500000,8500000,1,1,"2021","2021",0,0,0,162,90,72,0,0,18,0,0,0,697,5355,1209,199,748,0.472,0.259,4.34,0,0,0,0,1,1,0,0,0,0,1.1,0,1,1,0,1,0,2,0,0,1,5,0,6.75,78,2.42,0.75,0,0,6.8,13.5,2,0,0,1,1,0,0,0,0,1.21,0,1,1,0,1,0,4,0,0,1,25,0,45.5625,6084,5.8564,0.5625,0,0,46.24,182.25,4
190,"James Paxton","P","2023","BOS","Boston Red Sox",34.8,2,1022,10637360.9269054,10637360.9269054,0,1,"2023","2023",0,0,0,162,78,84,0,0,-6,0,0,0,772,5562,1437,182,776,0.518,0.267,3.92,1,1,7,5,19,19,0,0,0,0,96,93,51,48,18,33,0,101,2,0,5,411,0.583,4.5,101,4.68,1.313,8.7,1.7,3.1,9.5,3.06,49,25,361,361,0,0,0,0,9216,8649,2601,2304,324,1089,0,10201,4,0,25,168921,0.339889,20.25,10201,21.9024,1.723969,75.69,2.89,9.61,90.25,9.3636
190,"James Paxton","P","2024","LAD","Los Angeles Dodgers",35.8,3,1023,7000000,7000000,1,1,"2024","2024",0,0,0,162,98,64,1,1,34,1,1,1,842,5522,1423,233,686,0.532,0.261,3.53,0.2,0.04,9,3,21,21,0,0,0,0,100.1,95,53,49,12,50,0,73,1,0,4,437,0.75,4.4,91,4.79,1.445,8.5,1.1,4.5,6.5,1.46,81,9,441,441,0,0,0,0,10020.01,9025,2809,2401,144,2500,0,5329,1,0,16,190969,0.5625,19.36,8281,22.9441,2.088025,72.25,1.21,20.25,42.25,2.1316
191,"Jamey Wright","P","2012","LAD","Los Angeles Dodgers",37.6,4.086,1024,900000,900000,1,1,"2012","2012",0,0,0,162,86,76,0,0,10,0,0,0,637,5438,1369,116,597,0.524,0.262,3.54,0.1,0.01,5,3,66,0,22,0,0,0,67.2,72,35,28,2,30,7,54,4,0,2,306,0.625,3.72,102,3.39,1.507,9.6,0.3,4,7.2,1.8,25,9,4356,0,484,0,0,0,4515.84,5184,1225,784,4,900,49,2916,16,0,4,93636,0.390625,13.8384,10404,11.4921,2.271049,92.16,0.09,16,51.84,3.24
191,"Jamey Wright","P","2014","LAD","Los Angeles Dodgers",39.6,6.086,1026,1800000,1800000,1,1,"2014","2014",0,0,0,160,94,68,1,1,26,0,0,1,718,5560,1476,134,617,0.525,0.262,3.53,-0.2,0.04,5,4,61,1,22,0,0,1,70.1,72,35,34,3,27,4,54,4,0,5,308,0.556,4.35,80,3.47,1.408,9.2,0.4,3.5,6.9,2,25,16,3721,1,484,0,0,1,4914.01,5184,1225,1156,9,729,16,2916,16,0,25,94864,0.309136,18.9225,6400,12.0409,1.982464,84.64,0.16,12.25,47.61,4
192,"Jandel Gustave","P","2021","MIL","Milwaukee Brewers",28.8,1,1029,674990.669239509,674990.669239509,1,1,"2021","2021",0,0,0,162,95,67,1,1,28,0,0,0,738,5362,1251,194,623,0.483,0.257,4.17,0.1,0.01,1,2,14,0,7,0,0,0,18.1,15,10,7,2,5,2,13,4,0,2,79,0.333,3.44,122,4.64,1.091,7.4,1,2.5,6.4,2.6,1,4,196,0,49,0,0,0,327.61,225,100,49,4,25,4,169,16,0,4,6241,0.110889,11.8336,14884,21.5296,1.190281,54.76,1,6.25,40.96,6.76
192,"Jandel Gustave","P","2022","MIL","Milwaukee Brewers",29.8,2,1030,780223.372192982,780223.372192982,0,1,"2022","2022",0,0,0,162,86,76,0,0,10,0,0,0,725,5417,1271,219,688,0.484,0.257,4.16,0.1,0.01,2,0,27,0,6,0,0,0,28,25,13,12,4,11,0,27,2,1,2,120,1,3.86,105,4.43,1.286,8,1.3,3.5,8.7,2.45,4,0,729,0,36,0,0,0,784,625,169,144,16,121,0,729,4,1,4,14400,1,14.8996,11025,19.6249,1.653796,64,1.69,12.25,75.69,6.0025
193,"Jared Burton","P","2012","MIN","Minnesota Twins",31.2,0,1031,750000,750000,1,1,"2012","2012",0,0,0,162,66,96,0,0,-30,0,0,0,701,5562,1448,131,832,0.481,0.264,3.96,1.4,1.96,3,2,64,0,12,0,0,5,62,41,21,15,5,16,1,55,5,0,0,245,0.6,2.18,189,3.38,0.919,6,0.7,2.3,8,3.44,9,4,4096,0,144,0,0,25,3844,1681,441,225,25,256,1,3025,25,0,0,60025,0.36,4.7524,35721,11.4244,0.844561,36,0.49,5.29,64,11.8336
194,"Jared Hughes","P","2018","CIN","Cincinnati Reds",33.1,5.162,1033,4500000,2250000,1,2,"2018","2019",0,0,0,162,67,95,0,0,-28,0,0,0,696,5532,1404,172,819,0.505,0.261,3.74,3.4,11.56,4,3,72,0,23,0,0,7,78.2,57,17,17,4,23,2,59,2,0,5,298,0.571,1.94,214,3.27,1.017,6.5,0.5,2.6,6.8,2.57,16,9,5184,0,529,0,0,49,6115.24,3249,289,289,16,529,4,3481,4,0,25,88804,0.326041,3.7636,45796,10.6929,1.034289,42.25,0.25,6.76,46.24,6.6049
194,"Jared Hughes","P","2019","CIN","Cincinnati Reds",34.1,6.162,1033,4500000,2250000,1,2,"2018","2019",0,0,0,162,75,87,0,0,-12,0,0,1,701,5450,1328,227,711,0.505,0.261,3.75,0.5,0.25,5,5,72,0,13,0,0,1,71.1,57,37,32,13,27,1,54,2,0,1,289,0.5,4.04,115,5.29,1.178,7.2,1.6,3.4,6.8,2,25,25,5184,0,169,0,0,1,5055.21,3249,1369,1024,169,729,1,2916,4,0,1,83521,0.25,16.3216,13225,27.9841,1.387684,51.84,2.56,11.56,46.24,4
195,"Jason Adam","P","2020","CHC","Chicago Cubs",29,1,1042,690523.420485407,690523.420485407,1,1,"2020","2020",0,0,0,60,34,26,1,1,8,0,0,0,265,1918,422,74,240,0.514,0.262,3.68,0.1,0.01,2,1,13,0,5,0,0,0,13.2,9,7,5,2,8,0,21,0,0,0,58,0.667,3.29,140,3.78,1.244,5.9,1.3,5.3,13.8,2.63,4,1,169,0,25,0,0,0,174.24,81,49,25,4,64,0,441,0,0,0,3364,0.444889,10.8241,19600,14.2884,1.547536,34.81,1.69,28.09,190.44,6.9169
195,"Jason Adam","P","2021","CHC","Chicago Cubs",30,2,1043,701020.10784296,701020.10784296,0,1,"2021","2021",0,0,0,162,71,91,0,0,-20,0,0,0,705,5306,1255,210,839,0.513,0.262,3.69,-0.1,0.01,1,0,12,0,4,0,0,0,10.2,10,7,7,1,6,0,19,3,0,0,50,1,5.91,74,3.36,1.5,8.4,0.8,5.1,16,3.17,1,0,144,0,16,0,0,0,104.04,100,49,49,1,36,0,361,9,0,0,2500,1,34.9281,5476,11.2896,2.25,70.56,0.64,26.01,256,10.0489
196,"Jason Frasor","NE","2013","TEX","Texas Rangers",36,0,1052,1500000,1500000,1,1,"2013","2013",0,0,0,163,91,72,0,0,19,0,0,0,730,5585,1465,176,636,0.477,0.26,4.24,1.1,1.21,4,3,61,0,11,0,0,0,49,36,15,14,4,20,3,48,0,0,2,200,0.571,2.57,161,3.37,1.143,6.6,0.7,3.7,8.8,2.4,16,9,3721,0,121,0,0,0,2401,1296,225,196,16,400,9,2304,0,0,4,40000,0.326041,6.6049,25921,11.3569,1.306449,43.56,0.49,13.69,77.44,5.76
197,"Jason Grilli","P","2013","PIT","Pittsburgh Pirates",36.8,0,1054,6750000,3375000,0,2,"2013","2014",1,0,0,162,94,68,0,1,26,0,0,2,636,5468,1339,161,583,0.503,0.265,3.71,0.9,0.81,0,2,54,0,41,0,0,33,50,40,15,15,4,13,0,74,1,0,1,202,0,2.7,133,1.97,1.06,7.2,0.7,2.3,13.3,5.69,0,4,2916,0,1681,0,0,1089,2500,1600,225,225,16,169,0,5476,1,0,1,40804,0,7.29,17689,3.8809,1.1236,51.84,0.49,5.29,176.89,32.3761
197,"Jason Grilli","P","2015","ATL","Atlanta Braves",38.8,2,1055,8000000,4000000,1,2,"2015","2016",0,0,0,162,67,95,0,0,-28,0,0,1,573,5420,1361,100,760,0.501,0.26,3.64,0.6,0.36,3,4,36,0,29,0,0,24,33.2,28,13,11,2,10,1,45,0,0,2,140,0.429,2.94,132,2.12,1.129,7.5,0.5,2.7,12,4.5,9,16,1296,0,841,0,0,576,1102.24,784,169,121,4,100,1,2025,0,0,4,19600,0.184041,8.6436,17424,4.4944,1.274641,56.25,0.25,7.29,144,20.25
197,"Jason Grilli","P","2016","TOR","Toronto Blue Jays",39.8,4,1056,10598815.8415522,5299407.92077608,1,2,"2016","2017",0,0,0,162,89,73,0,1,16,0,0,0,759,5479,1358,221,666,0.498,0.262,4.2,0.4,0.16,7,6,67,0,14,0,0,4,59,44,28,27,10,32,1,81,2,0,2,251,0.538,4.12,104,4.33,1.288,6.7,1.5,4.9,12.4,2.53,49,36,4489,0,196,0,0,16,3481,1936,784,729,100,1024,1,6561,4,0,4,63001,0.289444,16.9744,10816,18.7489,1.658944,44.89,2.25,24.01,153.76,6.4009
197,"Jason Grilli","P","2017","TOR","Toronto Blue Jays",40.8,5,1056,10598815.8415522,5299407.92077608,1,2,"2016","2017",0,0,0,162,76,86,0,0,-10,0,0,1,693,5499,1320,222,784,0.498,0.261,4.21,-0.6,0.36,2,5,46,0,19,0,0,1,40,46,30,28,12,18,0,48,1,0,2,184,0.286,6.3,75,6.08,1.6,10.4,2.7,4.1,10.8,2.67,4,25,2116,0,361,0,0,1,1600,2116,900,784,144,324,0,2304,1,0,4,33856,0.081796,39.69,5625,36.9664,2.56,108.16,7.29,16.81,116.64,7.1289
198,"Jason Hammel","P","2014","CHC","Chicago Cubs",31.9,0,1058,6000000,6000000,1,1,"2014","2014",0,0,0,158,73,89,0,0,-16,0,0,2,614,5508,1315,157,707,0.511,0.263,3.68,3.2,10.24,10,11,30,29,1,0,0,0,176.1,154,70,68,23,44,2,158,8,0,6,715,0.476,3.47,108,3.92,1.123,7.9,1.2,2.2,8.1,3.59,100,121,900,841,1,0,0,0,31011.21,23716,4900,4624,529,1936,4,24964,64,0,36,511225,0.226576,12.0409,11664,15.3664,1.261129,62.41,1.44,4.84,65.61,12.8881
198,"Jason Hammel","P","2015","CHC","Chicago Cubs",32.9,1,1059,20000000,10000000,1,2,"2015","2016",0,0,0,162,97,65,0,1,32,0,0,0,689,5491,1341,171,608,0.512,0.263,3.68,1.5,2.25,10,7,31,31,0,0,0,0,170.2,158,79,71,23,40,4,172,6,0,10,710,0.588,3.74,102,3.68,1.16,8.3,1.2,2.1,9.1,4.3,100,49,961,961,0,0,0,0,28968.04,24964,6241,5041,529,1600,16,29584,36,0,100,504100,0.345744,13.9876,10404,13.5424,1.3456,68.89,1.44,4.41,82.81,18.49
198,"Jason Hammel","P","2016","CHC","Chicago Cubs",33.9,2,1059,20000000,10000000,1,2,"2015","2016",0,0,0,162,103,58,1,1,45,1,1,0,808,5503,1409,199,556,0.513,0.263,3.68,1.3,1.69,15,10,30,30,0,0,0,0,166.2,148,77,71,25,53,0,144,9,0,9,692,0.6,3.83,109,4.48,1.206,8,1.4,2.9,7.8,2.72,225,100,900,900,0,0,0,0,27622.44,21904,5929,5041,625,2809,0,20736,81,0,81,478864,0.36,14.6689,11881,20.0704,1.454436,64,1.96,8.41,60.84,7.3984
199,"Jason Motte","P","2015","CHC","Chicago Cubs",33.2,6.027,1066,4500000,4500000,1,1,"2015","2015",0,0,0,162,97,65,0,1,32,0,0,0,689,5491,1341,171,608,0.512,0.263,3.68,0.2,0.04,8,1,57,0,18,0,0,6,48.1,48,21,21,4,11,5,34,2,0,2,206,0.889,3.91,98,3.61,1.221,8.9,0.7,2,6.3,3.09,64,1,3249,0,324,0,0,36,2313.61,2304,441,441,16,121,25,1156,4,0,4,42436,0.790321,15.2881,9604,13.0321,1.490841,79.21,0.49,4,39.69,9.5481
199,"Jason Motte","P","2016","COL","Colorado Rockies",34.2,7.027,1067,10000000,5000000,1,2,"2016","2017",0,0,0,162,75,87,0,0,-12,0,0,0,845,5614,1544,204,860,0.466,0.275,4.99,0,0,0,1,30,0,8,0,0,0,23.2,28,15,13,6,8,1,24,2,0,0,109,0,4.94,99,5.68,1.521,10.6,2.3,3,9.1,3,0,1,900,0,64,0,0,0,538.24,784,225,169,36,64,1,576,4,0,0,11881,0,24.4036,9801,32.2624,2.313441,112.36,5.29,9,82.81,9
199,"Jason Motte","P","2017","ATL","Atlanta Braves",35.2,8.027,1068,695958.90057858,695958.90057858,1,1,"2017","2017",0,0,0,163,72,90,0,0,-18,0,0,0,732,5584,1467,165,821,0.5,0.26,3.66,0.7,0.49,1,0,46,0,10,0,0,0,40.2,28,16,16,6,20,1,27,3,0,1,166,1,3.54,124,5.44,1.18,6.2,1.3,4.4,6,1.35,1,0,2116,0,100,0,0,0,1616.04,784,256,256,36,400,1,729,9,0,1,27556,1,12.5316,15376,29.5936,1.3924,38.44,1.69,19.36,36,1.8225
200,"Jason Vargas","P","2018","NYM","New York Mets",35.5,4,1070,16000000,8000000,1,2,"2018","2019",0,0,0,162,77,85,0,0,-8,0,0,0,676,5468,1282,170,707,0.48,0.25,3.78,-0.5,0.25,7,9,20,20,0,0,0,0,92,100,60,59,18,30,1,84,5,0,0,404,0.438,5.77,65,5.02,1.413,9.8,1.8,2.9,8.2,2.8,49,81,400,400,0,0,0,0,8464,10000,3600,3481,324,900,1,7056,25,0,0,163216,0.191844,33.2929,4225,25.2004,1.996569,96.04,3.24,8.41,67.24,7.84
200,"Jason Vargas","P","2019","NYM","New York Mets",36.5,5,1070,16000000,8000000,1,2,"2018","2019",0,0,0,162,86,76,0,0,10,0,0,0,791,5624,1445,242,737,0.481,0.25,3.79,1,1,7,9,30,29,1,1,1,0,149.2,141,84,75,21,63,2,124,6,0,5,649,0.438,4.51,94,4.76,1.363,8.5,1.3,3.8,7.5,1.97,49,81,900,841,1,1,1,0,22260.64,19881,7056,5625,441,3969,4,15376,36,0,25,421201,0.191844,20.3401,8836,22.6576,1.857769,72.25,1.69,14.44,56.25,3.8809
201,"Jason Vosler","NP","2023","CIN","Cincinnati Reds",29.9,0,1072,1000000,1000000,1,1,"2023","2023",0,0,0,162,82,80,0,0,2,0,0,1,783,5499,1371,198,821,0.504,0.261,3.77,0,0,0,0,2,0,2,0,0,0,2,5,1,1,0,0,0,0,0,0,0,11,0,4.5,120,3.26,2.5,22.5,0,0,0,0,0,0,4,0,4,0,0,0,4,25,1,1,0,0,0,0,0,0,0,121,0,20.25,14400,10.6276,6.25,506.25,0,0,0,0
202,"Javy Guerra","P","2017","MIA","Miami Marlins",31.8,3.018,1074,695958.90057858,695958.90057858,1,1,"2017","2017",0,0,0,162,77,85,0,0,-8,0,0,2,778,5602,1497,194,822,0.47,0.258,4.27,0.3,0.09,1,1,16,0,5,0,0,0,21,23,8,7,2,7,1,12,0,0,0,88,0.5,3,134,4.25,1.429,9.9,0.9,3,5.1,1.71,1,1,256,0,25,0,0,0,441,529,64,49,4,49,1,144,0,0,0,7744,0.25,9,17956,18.0625,2.042041,98.01,0.81,9,26.01,2.9241
203,"Jay Jackson","P","2019","MIL","Milwaukee Brewers",31.8,0,1079,1000000,1000000,1,1,"2019","2019",0,0,0,162,89,73,0,1,16,0,0,0,769,5542,1366,250,766,0.481,0.258,4.18,0.2,0.04,1,0,28,0,9,0,0,0,30.1,22,15,15,6,18,1,47,2,0,0,132,1,4.45,101,4.66,1.319,6.5,1.8,5.3,13.9,2.61,1,0,784,0,81,0,0,0,906.01,484,225,225,36,324,1,2209,4,0,0,17424,1,19.8025,10201,21.7156,1.739761,42.25,3.24,28.09,193.21,6.8121
203,"Jay Jackson","P","2023","TOR","Toronto Blue Jays",35.8,2,1081,1500000,1500000,1,1,"2023","2023",0,0,0,162,89,73,0,1,16,0,0,1,746,5562,1423,188,671,0.499,0.261,4.22,0.8,0.64,3,1,25,0,10,0,0,0,29.2,18,8,7,4,9,2,27,1,0,1,116,0.75,2.12,204,4.2,0.91,5.5,1.2,2.7,8.2,3,9,1,625,0,100,0,0,0,852.64,324,64,49,16,81,4,729,1,0,1,13456,0.5625,4.4944,41616,17.64,0.8281,30.25,1.44,7.29,67.24,9
203,"Jay Jackson","P","2024","MIN","Minnesota Twins",36.8,3,1082,1500000,1500000,1,1,"2024","2024",0,0,0,162,82,80,0,0,2,0,0,1,742,5490,1352,183,735,0.482,0.262,4,-0.6,0.36,1,2,20,0,10,0,0,0,26.1,28,24,22,7,9,0,29,0,0,0,114,0.333,7.52,56,5.44,1.405,9.6,2.4,3.1,9.9,3.22,1,4,400,0,100,0,0,0,681.21,784,576,484,49,81,0,841,0,0,0,12996,0.110889,56.5504,3136,29.5936,1.974025,92.16,5.76,9.61,98.01,10.3684
204,"Jeanmar Gomez","P","2015","PHI","Philadelphia Phillies",27.5,0,1086,800000,800000,1,1,"2015","2015",0,0,0,162,63,99,0,0,-36,0,0,1,626,5529,1374,130,809,0.472,0.261,3.97,1.3,1.69,2,3,65,0,21,0,0,0,74.2,82,28,25,4,17,4,50,2,0,3,319,0.4,3.01,128,3.25,1.326,9.9,0.5,2,6,2.94,4,9,4225,0,441,0,0,0,5505.64,6724,784,625,16,289,16,2500,4,0,9,101761,0.16,9.0601,16384,10.5625,1.758276,98.01,0.25,4,36,8.6436
204,"Jeanmar Gomez","P","2018","CHW","Chicago White Sox",30.5,1,1087,694114.573020403,694114.573020403,1,1,"2018","2018",0,0,0,162,62,100,0,0,-38,0,0,1,656,5523,1332,182,848,0.502,0.26,3.77,-0.2,0.04,0,2,26,0,5,0,0,0,25,29,15,13,3,10,1,27,1,0,0,114,0,4.68,92,3.88,1.56,10.4,1.1,3.6,9.7,2.7,0,4,676,0,25,0,0,0,625,841,225,169,9,100,1,729,1,0,0,12996,0,21.9024,8464,15.0544,2.4336,108.16,1.21,12.96,94.09,7.29
204,"Jeanmar Gomez","P","2019","TEX","Texas Rangers",31.5,2,1088,1000000,1000000,1,1,"2019","2019",0,0,0,162,78,84,0,0,-6,0,0,1,810,5540,1374,223,878,0.478,0.259,4.28,-0.3,0.09,1,0,16,0,6,0,0,0,15.1,23,15,14,2,6,0,10,1,0,2,73,1,8.22,64,4.97,1.891,13.5,1.2,3.5,5.9,1.67,1,0,256,0,36,0,0,0,228.01,529,225,196,4,36,0,100,1,0,4,5329,1,67.5684,4096,24.7009,3.575881,182.25,1.44,12.25,34.81,2.7889
205,"Jeff Francis","P","2013","COL","Colorado Rockies",32.6,0,1096,1500000,1500000,0,1,"2013","2013",0,0,0,162,74,88,0,0,-14,0,0,0,706,5599,1511,159,760,0.472,0.276,5,-0.7,0.49,3,5,23,12,4,0,0,0,70.1,89,54,49,12,24,2,63,1,0,5,324,0.375,6.27,71,4.54,1.607,11.4,1.5,3.1,8.1,2.63,9,25,529,144,16,0,0,0,4914.01,7921,2916,2401,144,576,4,3969,1,0,25,104976,0.140625,39.3129,5041,20.6116,2.582449,129.96,2.25,9.61,65.61,6.9169
205,"Jeff Francis","P","2015","TOR","Toronto Blue Jays",34.6,1,1097,687225.311355765,687225.311355765,1,1,"2015","2015",0,0,0,162,93,69,1,1,24,0,0,0,891,5509,1480,232,670,0.497,0.262,4.22,-0.3,0.09,1,2,14,0,5,0,0,0,22,27,16,15,3,9,0,21,1,0,2,100,0.333,6.14,68,4.36,1.636,11,1.2,3.7,8.6,2.33,1,4,196,0,25,0,0,0,484,729,256,225,9,81,0,441,1,0,4,10000,0.110889,37.6996,4624,19.0096,2.676496,121,1.44,13.69,73.96,5.4289
206,"Jeff Hoffman","P","2023","PHI","Philadelphia Phillies",30.6,0,1100,1300000,1300000,0,1,"2023","2023",0,0,0,162,90,72,0,1,18,0,0,1,796,5541,1417,220,715,0.473,0.26,3.99,1.9,3.61,5,2,54,0,13,0,0,1,52.1,29,16,14,3,19,1,69,2,0,4,208,0.714,2.41,180,2.57,0.917,5,0.5,3.3,11.9,3.63,25,4,2916,0,169,0,0,1,2714.41,841,256,196,9,361,1,4761,4,0,16,43264,0.509796,5.8081,32400,6.6049,0.840889,25,0.25,10.89,141.61,13.1769
206,"Jeff Hoffman","P","2025","TOR","Toronto Blue Jays",32.6,1,1101,33000000,11000000,1,3,"2025","2027",0,0,0,162,94,68,1,1,26,1,0,1,798,5507,1461,191,721,0.5,0.26,4.22,0.5,0.25,9,7,71,0,59,0,0,33,68,54,34,33,15,27,1,84,4,0,2,287,0.563,4.37,99,4.9,1.191,7.1,2,3.6,11.1,3.11,81,49,5041,0,3481,0,0,1089,4624,2916,1156,1089,225,729,1,7056,16,0,4,82369,0.316969,19.0969,9801,24.01,1.418481,50.41,4,12.96,123.21,9.6721
207,"Jeff Mathis","NP","2018","ARI","Arizona Diamondbacks",35.3,2,1103,4000000,2000000,1,2,"2017","2018",0,0,0,162,82,80,0,0,2,0,0,0,693,5460,1283,176,644,0.493,0.257,4.21,-0.1,0.01,0,1,1,0,1,0,0,0,1,1,1,1,1,0,0,1,0,0,0,4,0,9,64,14.16,1,9,9,0,9,0,0,1,1,0,1,0,0,0,1,1,1,1,1,0,0,1,0,0,0,16,0,81,4096,200.5056,1,81,81,0,81,0
207,"Jeff Mathis","NP","2019","TEX","Texas Rangers",36.3,3,1104,7789283.12266584,3894641.56133292,1,2,"2019","2020",0,0,0,162,78,84,0,0,-6,0,0,1,810,5540,1374,223,878,0.478,0.259,4.28,0,0,0,0,2,0,2,0,0,0,2,3,2,2,1,0,0,1,0,0,0,9,0,9,66,8.71,1.5,13.5,4.5,0,4.5,0,0,0,4,0,4,0,0,0,4,9,4,4,1,0,0,1,0,0,0,81,0,81,4356,75.8641,2.25,182.25,20.25,0,20.25,0
208,"Jeremy Hellickson","P","2017","PHI","Philadelphia Phillies",30.3,2.041,1111,17200000,17200000,0,1,"2017","2017",0,0,0,165,66,96,0,0,-30,0,0,0,690,5534,1382,174,782,0.471,0.261,3.97,0.2,0.04,8,11,30,30,0,0,0,0,164,160,105,99,35,47,2,96,8,1,4,695,0.421,5.43,80,5.77,1.262,8.8,1.9,2.6,5.3,2.04,64,121,900,900,0,0,0,0,26896,25600,11025,9801,1225,2209,4,9216,64,1,16,483025,0.177241,29.4849,6400,33.2929,1.592644,77.44,3.61,6.76,28.09,4.1616
209,"Jeremy Jeffress","P","2014","MIL","Milwaukee Brewers",26.9,0,1114,699929.270230394,699929.270230394,1,1,"2014","2014",0,0,0,162,82,80,0,0,2,0,0,0,650,5462,1366,150,657,0.478,0.259,4.19,0.8,0.64,1,1,32,0,12,0,0,0,32,35,10,10,1,10,2,29,2,0,1,135,0.5,2.81,138,2.85,1.406,9.8,0.3,2.8,8.2,2.9,1,1,1024,0,144,0,0,0,1024,1225,100,100,1,100,4,841,4,0,1,18225,0.25,7.8961,19044,8.1225,1.976836,96.04,0.09,7.84,67.24,8.41
209,"Jeremy Jeffress","P","2018","MIL","Milwaukee Brewers",30.9,3,1117,2228808.26199212,2228808.26199212,0,1,"2018","2018",1,0,0,163,96,67,1,1,29,0,0,1,754,5542,1398,218,659,0.48,0.258,4.17,3.3,10.89,8,1,73,0,24,0,0,15,76.2,49,12,11,5,27,4,89,1,0,4,299,0.889,1.29,317,2.78,0.991,5.8,0.6,3.2,10.4,3.3,64,1,5329,0,576,0,0,225,5806.44,2401,144,121,25,729,16,7921,1,0,16,89401,0.790321,1.6641,100489,7.7284,0.982081,33.64,0.36,10.24,108.16,10.89
209,"Jeremy Jeffress","P","2020","CHC","Chicago Cubs",32.9,4,1118,850000,850000,1,1,"2020","2020",0,0,0,60,34,26,1,1,8,0,0,0,265,1918,422,74,240,0.514,0.262,3.68,1.2,1.44,4,1,22,0,15,0,0,8,23.1,10,5,4,1,12,1,17,2,0,0,88,0.8,1.54,295,4.09,0.943,3.9,0.4,4.6,6.6,1.42,16,1,484,0,225,0,0,64,533.61,100,25,16,1,144,1,289,4,0,0,7744,0.64,2.3716,87025,16.7281,0.889249,15.21,0.16,21.16,43.56,2.0164
210,"Jerome Williams","P","2014","HOU","Houston Astros",32.7,0,1120,2100000,2100000,1,1,"2014","2014",0,0,0,162,70,92,0,0,-22,0,0,0,629,5447,1317,163,723,0.487,0.254,3.82,0.2,0.04,6,7,37,11,14,0,0,0,115,125,64,61,12,36,2,82,6,0,2,497,0.462,4.77,81,4.16,1.4,9.8,0.9,2.8,6.4,2.28,36,49,1369,121,196,0,0,0,13225,15625,4096,3721,144,1296,4,6724,36,0,4,247009,0.213444,22.7529,6561,17.3056,1.96,96.04,0.81,7.84,40.96,5.1984
210,"Jerome Williams","P","2016","STL","St Louis Cardinals",34.7,1,1121,672362.379948466,672362.379948466,1,1,"2016","2016",0,0,0,162,86,76,0,0,10,0,0,0,779,5548,1415,225,712,0.52,0.267,3.67,-0.2,0.04,0,0,11,0,9,0,0,0,17.1,22,15,11,4,6,1,8,2,0,0,81,0,5.71,72,6.61,1.615,11.4,2.1,3.1,4.2,1.33,0,0,121,0,81,0,0,0,292.41,484,225,121,16,36,1,64,4,0,0,6561,0,32.6041,5184,43.6921,2.608225,129.96,4.41,9.61,17.64,1.7689
211,"Jerry Blevins","P","2016","NYM","New York Mets",32.9,0,1122,4000000,4000000,0,1,"2016","2016",0,0,0,162,87,75,0,1,12,0,0,1,671,5459,1342,218,617,0.481,0.25,3.75,1,1,4,2,73,0,8,0,0,2,42,36,14,13,4,15,3,52,1,0,1,178,0.667,2.79,145,3.05,1.214,7.7,0.9,3.2,11.1,3.47,16,4,5329,0,64,0,0,4,1764,1296,196,169,16,225,9,2704,1,0,1,31684,0.444889,7.7841,21025,9.3025,1.473796,59.29,0.81,10.24,123.21,12.0409
211,"Jerry Blevins","P","2017","NYM","New York Mets",33.9,1,1123,6500000,6500000,0,1,"2017","2017",0,0,0,162,70,92,0,0,-22,0,0,0,735,5510,1379,224,863,0.48,0.25,3.78,1.4,1.96,6,0,75,0,5,0,0,1,49,43,16,16,4,24,2,69,4,0,2,217,1,2.94,141,3.12,1.367,7.9,0.7,4.4,12.7,2.88,36,0,5625,0,25,0,0,1,2401,1849,256,256,16,576,4,4761,16,0,4,47089,1,8.6436,19881,9.7344,1.868689,62.41,0.49,19.36,161.29,8.2944
211,"Jerry Blevins","P","2018","NYM","New York Mets",34.9,2,1124,8278430.6873993,8278430.6873993,0,1,"2018","2018",0,0,0,162,77,85,0,0,-8,0,0,0,676,5468,1282,170,707,0.48,0.25,3.78,0,0,3,2,64,1,7,0,0,1,42.2,36,24,23,6,22,1,41,5,0,1,188,0.6,4.85,77,4.96,1.359,7.6,1.3,4.6,8.6,1.86,9,4,4096,1,49,0,0,1,1780.84,1296,576,529,36,484,1,1681,25,0,1,35344,0.36,23.5225,5929,24.6016,1.846881,57.76,1.69,21.16,73.96,3.4596
212,"Jesse Chavez","P","2017","LAA","Los Angeles Angels",34,0,1127,5750000,5750000,1,1,"2017","2017",0,0,0,162,80,82,0,0,-2,0,0,0,710,5415,1314,186,709,0.501,0.258,3.95,-0.3,0.09,7,11,38,21,6,0,0,0,138,148,83,82,28,45,2,119,2,0,1,586,0.389,5.35,80,5.09,1.399,9.7,1.8,2.9,7.8,2.64,49,121,1444,441,36,0,0,0,19044,21904,6889,6724,784,2025,4,14161,4,0,1,343396,0.151321,28.6225,6400,25.9081,1.957201,94.09,3.24,8.41,60.84,6.9696
212,"Jesse Chavez","P","2019","TEX","Texas Rangers",36,2,1129,8000000,4000000,1,2,"2019","2020",0,0,0,162,78,84,0,0,-6,0,0,1,810,5540,1374,223,878,0.478,0.259,4.28,0.8,0.64,3,5,48,9,5,0,0,1,78,82,48,42,12,22,0,72,5,0,1,337,0.375,4.85,107,4.41,1.333,9.5,1.4,2.5,8.3,3.27,9,25,2304,81,25,0,0,1,6084,6724,2304,1764,144,484,0,5184,25,0,1,113569,0.140625,23.5225,11449,19.4481,1.776889,90.25,1.96,6.25,68.89,10.6929
212,"Jesse Chavez","P","2020","TEX","Texas Rangers",37,4,1130,9803349.35915396,4901674.67957698,0,2,"2020","2021",0,0,0,60,22,38,0,0,-16,0,0,0,224,1936,420,62,312,0.477,0.259,4.28,-0.4,0.16,0,0,18,0,5,0,0,0,17,20,13,13,6,7,0,13,1,0,0,77,0,6.88,66,7.66,1.588,10.6,3.2,3.7,6.9,1.86,0,0,324,0,25,0,0,0,289,400,169,169,36,49,0,169,1,0,0,5929,0,47.3344,4356,58.6756,2.521744,112.36,10.24,13.69,47.61,3.4596
212,"Jesse Chavez","P","2023","ATL","Atlanta Braves",40,7,1132,1200000,1200000,1,1,"2023","2023",0,0,0,162,104,58,1,1,46,0,0,0,947,5597,1543,307,716,0.503,0.26,3.67,1.3,1.69,1,0,36,1,7,0,0,1,34.2,26,10,6,2,12,0,39,3,0,0,144,1,1.56,281,3.05,1.096,6.8,0.5,3.1,10.1,3.25,1,0,1296,1,49,0,0,1,1169.64,676,100,36,4,144,0,1521,9,0,0,20736,1,2.4336,78961,9.3025,1.201216,46.24,0.25,9.61,102.01,10.5625
212,"Jesse Chavez","P","2024","ATL","Atlanta Braves",41,8,1133,761001.808873827,761001.808873827,0,1,"2024","2024",0,0,0,162,89,73,0,1,16,0,0,0,704,5481,1333,213,607,0.504,0.26,3.67,0.6,0.36,2,2,46,0,16,0,0,0,63.1,60,27,22,10,19,1,55,1,1,0,264,0.5,3.13,133,4.43,1.247,8.5,1.4,2.7,7.8,2.89,4,4,2116,0,256,0,0,0,3981.61,3600,729,484,100,361,1,3025,1,1,0,69696,0.25,9.7969,17689,19.6249,1.555009,72.25,1.96,7.29,60.84,8.3521
212,"Jesse Chavez","P","2025","ATL","Atlanta Braves",42,9,1134,850000,850000,0,1,"2025","2025",0,0,0,162,76,86,0,0,-10,0,0,1,724,5508,1349,190,734,0.503,0.26,3.67,-0.3,0.09,0,1,4,0,0,0,0,0,8,14,8,8,4,5,0,8,0,0,0,43,0,9,49,9.51,2.375,15.8,4.5,5.6,9,1.6,0,1,16,0,0,0,0,0,64,196,64,64,16,25,0,64,0,0,0,1849,0,81,2401,90.4401,5.640625,249.64,20.25,31.36,81,2.56
213,"Jesse Hahn","P","2025","SEA","Seattle Mariners",36,1,1136,850000,850000,1,1,"2025","2025",0,0,0,162,90,72,1,1,18,0,0,1,766,5502,1345,238,694,0.478,0.257,4.28,-0.1,0.01,0,1,3,0,2,0,0,0,5,6,4,3,1,5,3,3,1,1,0,25,0,5.4,77,8.14,2.2,10.8,1.8,9,5.4,0.6,0,1,9,0,4,0,0,0,25,36,16,9,1,25,9,9,1,1,0,625,0,29.16,5929,66.2596,4.84,116.64,3.24,81,29.16,0.36
214,"Jesse Scholtens","P","2023","CHW","Chicago White Sox",29.3,0,1137,765889.986737186,765889.986737186,0,1,"2023","2023",0,0,0,162,61,101,0,0,-40,0,0,0,641,5501,1308,171,841,0.502,0.26,3.79,0.2,0.04,1,9,26,11,8,0,0,1,85,100,54,50,15,30,1,58,2,0,1,377,0.1,5.29,84,5.31,1.529,10.6,1.6,3.2,6.1,1.93,1,81,676,121,64,0,0,1,7225,10000,2916,2500,225,900,1,3364,4,0,1,142129,0.01,27.9841,7056,28.1961,2.337841,112.36,2.56,10.24,37.21,3.7249
215,"Jesus Tinoco","P","2022","TEX","Texas Rangers",27.2,0,1139,780223.372192982,780223.372192982,0,1,"2022","2022",0,0,0,162,68,94,0,0,-26,0,0,1,707,5478,1308,198,743,0.475,0.258,4.29,0.7,0.49,0,0,17,2,2,0,0,0,20.2,12,5,5,2,10,0,18,1,0,0,84,0,2.18,185,4.22,1.065,5.2,0.9,4.4,7.8,1.8,0,0,289,4,4,0,0,0,408.04,144,25,25,4,100,0,324,1,0,0,7056,0,4.7524,34225,17.8084,1.134225,27.04,0.81,19.36,60.84,3.24
215,"Jesus Tinoco","P","2025","MIA","Miami Marlins",30.2,2,1141,831000,831000,1,1,"2025","2025",0,0,0,162,79,83,0,0,-4,0,0,1,709,5543,1388,154,798,0.46,0.255,4.31,-0.1,0.01,2,1,20,0,8,0,0,4,19.1,17,12,11,1,8,1,10,0,0,0,80,0.667,5.12,86,4.01,1.293,7.9,0.5,3.7,4.7,1.25,4,1,400,0,64,0,0,16,364.81,289,144,121,1,64,1,100,0,0,0,6400,0.444889,26.2144,7396,16.0801,1.671849,62.41,0.25,13.69,22.09,1.5625
216,"Jeurys Familia","P","2019","NYM","New York Mets",29.8,6.029,1142,30000000,10000000,1,3,"2019","2021",0,0,0,162,86,76,0,0,10,0,0,0,791,5624,1445,242,737,0.481,0.25,3.79,-0.5,0.25,4,2,66,0,14,0,0,0,60,62,39,38,7,42,4,63,3,0,3,274,0.667,5.7,72,4.88,1.733,9.3,1.1,6.3,9.5,1.5,16,4,4356,0,196,0,0,0,3600,3844,1521,1444,49,1764,16,3969,9,0,9,75076,0.444889,32.49,5184,23.8144,3.003289,86.49,1.21,39.69,90.25,2.25
216,"Jeurys Familia","P","2020","NYM","New York Mets",30.8,7.029,1142,30000000,10000000,1,3,"2019","2021",0,0,0,60,26,34,0,0,-8,0,0,0,286,2023,551,86,308,0.48,0.25,3.8,0.6,0.36,2,0,25,0,4,0,0,0,26.2,20,11,11,2,19,2,23,3,0,1,120,1,3.71,116,4.92,1.463,6.8,0.7,6.4,7.8,1.21,4,0,625,0,16,0,0,0,686.44,400,121,121,4,361,4,529,9,0,1,14400,1,13.7641,13456,24.2064,2.140369,46.24,0.49,40.96,60.84,1.4641
216,"Jeurys Familia","P","2021","NYM","New York Mets",31.8,8.029,1142,30000000,10000000,1,3,"2019","2021",0,0,0,162,77,85,0,0,-8,0,0,0,636,5210,1243,176,668,0.48,0.25,3.8,0,0,9,4,65,0,16,0,0,1,59.1,57,31,26,10,27,2,72,2,0,4,262,0.692,3.94,102,4.4,1.416,8.6,1.5,4.1,10.9,2.67,81,16,4225,0,256,0,0,1,3492.81,3249,961,676,100,729,4,5184,4,0,16,68644,0.478864,15.5236,10404,19.36,2.005056,73.96,2.25,16.81,118.81,7.1289
216,"Jeurys Familia","P","2022","PHI","Philadelphia Phillies",32.8,9.023,1143,6000000,6000000,1,1,"2022","2022",0,0,0,162,87,75,0,1,12,1,0,1,747,5496,1392,205,685,0.473,0.26,3.99,-0.7,0.49,2,3,48,0,8,0,0,0,44.1,58,34,30,7,22,2,41,2,0,1,204,0.4,6.09,67,4.94,1.805,11.8,1.4,4.5,8.3,1.86,4,9,2304,0,64,0,0,0,1944.81,3364,1156,900,49,484,4,1681,4,0,1,41616,0.16,37.0881,4489,24.4036,3.258025,139.24,1.96,20.25,68.89,3.4596
217,"Jhoulys Chacin","P","2018","MIL","Milwaukee Brewers",30.6,7.054,1148,15500000,7750000,1,2,"2018","2019",0,0,0,163,96,67,1,1,29,0,0,1,754,5542,1398,218,659,0.48,0.258,4.17,1.7,2.89,15,8,35,35,0,0,0,0,192.2,153,83,75,18,71,3,156,11,0,5,796,0.652,3.5,116,4.03,1.163,7.1,0.8,3.3,7.3,2.2,225,64,1225,1225,0,0,0,0,36940.84,23409,6889,5625,324,5041,9,24336,121,0,25,633616,0.425104,12.25,13456,16.2409,1.352569,50.41,0.64,10.89,53.29,4.84
217,"Jhoulys Chacin","P","2019","MIL","Milwaukee Brewers",31.6,8.054,1148,15500000,7750000,1,2,"2018","2019",0,0,0,162,89,73,0,1,16,0,0,0,769,5542,1366,250,766,0.481,0.258,4.18,-0.6,0.36,3,12,25,24,0,0,0,0,103.1,115,73,69,25,46,1,101,5,0,3,470,0.2,6.01,75,5.88,1.558,10,2.2,4,8.8,2.2,9,144,625,576,0,0,0,0,10629.61,13225,5329,4761,625,2116,1,10201,25,0,9,220900,0.04,36.1201,5625,34.5744,2.427364,100,4.84,16,77.44,4.84
217,"Jhoulys Chacin","P","2022","COL","Colorado Rockies",34.6,10.087,1152,1250000,1250000,0,1,"2022","2022",0,0,0,162,68,94,0,0,-26,0,0,0,698,5540,1408,149,873,0.469,0.272,4.98,-1.4,1.96,4,2,35,0,7,0,0,0,47.1,55,44,40,7,21,0,37,2,0,3,219,0.667,7.61,61,4.93,1.606,10.5,1.3,4,7,1.76,16,4,1225,0,49,0,0,0,2218.41,3025,1936,1600,49,441,0,1369,4,0,9,47961,0.444889,57.9121,3721,24.3049,2.579236,110.25,1.69,16,49,3.0976
218,"Jim Johnson","P","2015","ATL","Atlanta Braves",32.1,1,1154,1600000,1600000,1,1,"2015","2015",0,0,0,162,67,95,0,0,-28,0,0,1,573,5420,1361,100,760,0.501,0.26,3.64,0,0,2,6,72,0,15,0,0,10,66.2,77,36,33,5,20,2,50,5,0,3,291,0.25,4.46,86,3.73,1.455,10.4,0.7,2.7,6.8,2.5,4,36,5184,0,225,0,0,100,4382.44,5929,1296,1089,25,400,4,2500,25,0,9,84681,0.0625,19.8916,7396,13.9129,2.117025,108.16,0.49,7.29,46.24,6.25
218,"Jim Johnson","P","2016","ATL","Atlanta Braves",33.1,2,1155,2500000,2500000,1,1,"2016","2016",0,0,0,161,68,93,0,0,-25,0,0,0,649,5514,1404,122,779,0.5,0.26,3.65,1.5,2.25,2,6,65,0,36,0,0,20,64.2,57,23,22,3,20,0,68,3,0,6,266,0.25,3.06,136,2.71,1.191,7.9,0.4,2.8,9.5,3.4,4,36,4225,0,1296,0,0,400,4121.64,3249,529,484,9,400,0,4624,9,0,36,70756,0.0625,9.3636,18496,7.3441,1.418481,62.41,0.16,7.84,90.25,11.56
218,"Jim Johnson","P","2017","ATL","Atlanta Braves",34.1,3,1156,13008577.580908,6504288.79045402,0,2,"2017","2018",0,0,0,163,72,90,0,0,-18,0,0,0,732,5584,1467,165,821,0.5,0.26,3.66,-1,1,6,3,61,0,38,0,0,22,56.2,59,39,35,8,25,3,61,1,0,3,256,0.667,5.56,79,4.22,1.482,9.4,1.3,4,9.7,2.44,36,9,3721,0,1444,0,0,484,3158.44,3481,1521,1225,64,625,9,3721,1,0,9,65536,0.444889,30.9136,6241,17.8084,2.196324,88.36,1.69,16,94.09,5.9536
218,"Jim Johnson","P","2018","LAA","Los Angeles Angels",35.1,5,1157,12736047.2113835,6368023.60569177,1,2,"2018","2019",0,0,0,162,80,82,0,0,-2,0,0,1,721,5472,1323,214,722,0.5,0.257,3.95,-0.4,0.16,5,3,62,1,14,0,0,2,63.1,64,38,27,9,22,1,45,1,0,5,268,0.625,3.84,110,4.68,1.358,9.1,1.3,3.1,6.4,2.05,25,9,3844,1,196,0,0,4,3981.61,4096,1444,729,81,484,1,2025,1,0,25,71824,0.390625,14.7456,12100,21.9024,1.844164,82.81,1.69,9.61,40.96,4.2025
219,"Jimmy Herget","P","2023","LAA","Los Angeles Angels",29.9,1,1159,797802.069517902,797802.069517902,1,1,"2023","2023",0,0,0,162,73,89,0,0,-16,0,0,0,739,5489,1346,231,829,0.497,0.256,4,0.2,0.04,2,4,29,1,6,0,0,0,29,33,15,15,7,8,3,26,2,0,0,127,0.333,4.66,97,5.63,1.414,10.2,2.2,2.5,8.1,3.25,4,16,841,1,36,0,0,0,841,1089,225,225,49,64,9,676,4,0,0,16129,0.110889,21.7156,9409,31.6969,1.999396,104.04,4.84,6.25,65.61,10.5625
219,"Jimmy Herget","P","2025","COL","Colorado Rockies",31.9,3,1161,850000,850000,1,1,"2025","2025",0,0,0,162,43,119,0,0,-76,0,0,0,597,5408,1281,160,1021,0.456,0.27,5.05,3,9,1,2,59,0,9,0,0,0,83.1,72,24,23,6,26,1,81,7,2,2,347,0.333,2.48,193,3.32,1.176,7.8,0.6,2.8,8.7,3.12,1,4,3481,0,81,0,0,0,6905.61,5184,576,529,36,676,1,6561,49,4,4,120409,0.110889,6.1504,37249,11.0224,1.382976,60.84,0.36,7.84,75.69,9.7344
220,"Jimmy Nelson","P","2021","LAD","Los Angeles Dodgers",32.2,6.107,1163,1250000,1250000,0,1,"2021","2021",0,0,0,162,106,56,0,1,50,0,0,0,830,5445,1330,237,561,0.529,0.261,3.53,1,1,1,2,28,1,5,0,0,0,29,14,8,6,0,13,0,44,4,1,4,116,0.333,1.86,229,1.89,0.931,4.3,0,4,13.7,3.38,1,4,784,1,25,0,0,0,841,196,64,36,0,169,0,1936,16,1,16,13456,0.110889,3.4596,52441,3.5721,0.866761,18.49,0,16,187.69,11.4244
221,"Jj Hoover","P","2017","ARI","Arizona Diamondbacks",30,3.153,1166,900000,900000,1,1,"2017","2017",0,0,0,162,93,69,0,1,24,0,0,0,812,5525,1405,220,659,0.493,0.258,4.23,0.5,0.25,3,1,52,0,8,0,0,0,41.1,47,20,18,7,26,1,54,1,0,1,197,0.75,3.92,121,4.71,1.766,10.2,1.5,5.7,11.8,2.08,9,1,2704,0,64,0,0,0,1689.21,2209,400,324,49,676,1,2916,1,0,1,38809,0.5625,15.3664,14641,22.1841,3.118756,104.04,2.25,32.49,139.24,4.3264
221,"Jj Hoover","P","2018","MIL","Milwaukee Brewers",31,4.133,1167,1100000,1100000,1,1,"2018","2018",0,0,0,163,96,67,1,1,29,0,0,1,754,5542,1398,218,659,0.48,0.258,4.17,-0.3,0.09,0,1,2,0,2,0,0,0,1.1,4,3,3,1,2,0,0,0,0,0,10,0,20.25,26,17.41,4.5,27,6.8,13.5,0,0,0,1,4,0,4,0,0,0,1.21,16,9,9,1,4,0,0,0,0,0,100,0,410.0625,676,303.1081,20.25,729,46.24,182.25,0,0
222,"Joakim Soria","P","2013","TEX","Texas Rangers",29.2,0,1168,8000000,4000000,1,2,"2013","2014",0,0,0,163,91,72,0,0,19,0,0,0,730,5585,1465,176,636,0.477,0.26,4.24,0.2,0.04,1,0,26,0,9,0,0,0,23.2,18,10,10,2,14,2,28,1,0,2,101,1,3.8,110,3.68,1.352,6.8,0.8,5.3,10.6,2,1,0,676,0,81,0,0,0,538.24,324,100,100,4,196,4,784,1,0,4,10201,1,14.44,12100,13.5424,1.827904,46.24,0.64,28.09,112.36,4
222,"Joakim Soria","P","2014","TEX","Texas Rangers",30.2,1,1168,8000000,4000000,1,2,"2013","2014",0,0,0,162,67,95,0,0,-28,0,0,0,637,5460,1400,111,773,0.476,0.26,4.24,0.6,0.36,2,4,48,0,37,0,0,18,44.1,38,19,16,2,6,2,48,2,0,1,182,0.333,3.25,124,2.09,0.992,7.7,0.4,1.2,9.7,8,4,16,2304,0,1369,0,0,324,1944.81,1444,361,256,4,36,4,2304,4,0,1,33124,0.110889,10.5625,15376,4.3681,0.984064,59.29,0.16,1.44,94.09,64
222,"Joakim Soria","P","2019","OAK","Oakland Athletics",35.2,11,1172,15000000,7500000,1,2,"2019","2020",0,0,0,162,97,65,0,1,32,0,0,1,845,5561,1384,257,680,0.489,0.259,3.98,0.5,0.25,2,4,71,1,21,0,0,1,69,51,33,33,9,20,1,79,3,1,5,278,0.333,4.3,100,3.62,1.029,6.7,1.2,2.6,10.3,3.95,4,16,5041,1,441,0,0,1,4761,2601,1089,1089,81,400,1,6241,9,1,25,77284,0.110889,18.49,10000,13.1044,1.058841,44.89,1.44,6.76,106.09,15.6025
222,"Joakim Soria","P","2020","OAK","Oakland Athletics",36.2,13,1173,18381280.0484137,9190640.02420683,0,2,"2020","2021",0,0,0,60,36,24,1,1,12,0,0,0,274,1908,430,71,232,0.489,0.258,3.98,0.4,0.16,2,2,22,0,4,0,0,2,22.1,18,8,7,1,10,3,24,0,0,0,96,0.5,2.82,150,2.97,1.254,7.3,0.4,4,9.7,2.4,4,4,484,0,16,0,0,4,488.41,324,64,49,1,100,9,576,0,0,0,9216,0.25,7.9524,22500,8.8209,1.572516,53.29,0.16,16,94.09,5.76
222,"Joakim Soria","P","2021","ARI","Arizona Diamondbacks",37.2,15,1174,3500000,3500000,1,1,"2021","2021",0,0,0,162,52,110,0,0,-58,0,0,0,679,5489,1297,144,893,0.486,0.256,4.26,0,0,1,4,41,0,20,0,0,6,37.1,39,21,21,6,12,0,40,1,1,2,159,0.2,5.06,86,4.16,1.366,9.4,1.4,2.9,9.6,3.33,1,16,1681,0,400,0,0,36,1376.41,1521,441,441,36,144,0,1600,1,1,4,25281,0.04,25.6036,7396,17.3056,1.865956,88.36,1.96,8.41,92.16,11.0889
223,"Joaquin Benoit","P","2017","PHI","Philadelphia Phillies",40.2,8.04,1176,7500000,7500000,1,1,"2017","2017",0,0,0,165,66,96,0,0,-30,0,0,0,690,5534,1382,174,782,0.471,0.261,3.97,0,0,1,6,52,0,13,0,0,2,50.1,43,28,26,7,22,1,46,1,0,1,213,0.143,4.65,94,4.51,1.291,7.7,1.3,3.9,8.2,2.09,1,36,2704,0,169,0,0,4,2510.01,1849,784,676,49,484,1,2116,1,0,1,45369,0.020449,21.6225,8836,20.3401,1.666681,59.29,1.69,15.21,67.24,4.3681
224,"Joba Chamberlain","P","2014","DET","Detroit Tigers",28.9,0,1178,2500000,2500000,1,1,"2014","2014",0,0,0,162,90,72,1,1,18,0,0,0,757,5630,1557,155,705,0.508,0.266,3.95,0.9,0.81,2,5,69,0,10,0,0,2,63,57,26,25,3,24,3,59,3,0,3,263,0.286,3.57,109,3.16,1.286,8.1,0.4,3.4,8.4,2.46,4,25,4761,0,100,0,0,4,3969,3249,676,625,9,576,9,3481,9,0,9,69169,0.081796,12.7449,11881,9.9856,1.653796,65.61,0.16,11.56,70.56,6.0516
224,"Joba Chamberlain","P","2015","DET","Detroit Tigers",29.9,1,1179,1000000,1000000,0,1,"2015","2015",0,0,0,161,74,87,0,0,-13,0,0,0,689,5605,1515,151,803,0.508,0.266,3.96,-0.6,0.36,0,2,36,0,15,0,0,0,27.2,38,20,15,6,9,0,23,1,0,2,128,0,4.88,85,5.37,1.699,12.4,2,2.9,7.5,2.56,0,4,1296,0,225,0,0,0,739.84,1444,400,225,36,81,0,529,1,0,4,16384,0,23.8144,7225,28.8369,2.886601,153.76,4,8.41,56.25,6.5536
224,"Joba Chamberlain","P","2016","CLE","Cleveland Guardians",30.9,2,1180,1000000,1000000,1,1,"2016","2016",0,0,0,161,94,67,1,1,27,1,0,0,777,5484,1435,185,676,0.51,0.266,3.84,0.4,0.16,0,0,20,0,5,0,0,0,20,12,6,5,1,11,3,18,1,0,1,82,0,2.25,204,3.8,1.15,5.4,0.5,5,8.1,1.64,0,0,400,0,25,0,0,0,400,144,36,25,1,121,9,324,1,0,1,6724,0,5.0625,41616,14.44,1.3225,29.16,0.25,25,65.61,2.6896
225,"Joe Beimel","P","2014","SEA","Seattle Mariners",36,0,1186,1172064.38080346,1172064.38080346,1,1,"2014","2014",0,0,0,162,87,75,0,0,12,0,0,0,634,5450,1328,136,554,0.468,0.261,4.33,1,1,3,1,56,0,8,0,0,0,45,39,12,11,4,14,4,25,1,0,3,184,0.75,2.2,166,4.18,1.178,7.8,0.8,2.8,5,1.79,9,1,3136,0,64,0,0,0,2025,1521,144,121,16,196,16,625,1,0,9,33856,0.5625,4.84,27556,17.4724,1.387684,60.84,0.64,7.84,25,3.2041
226,"Joe Blanton","P","2013","LAA","Los Angeles Angels",32.7,0,1188,15000000,7500000,1,2,"2013","2014",0,0,0,162,78,84,0,0,-6,0,0,0,733,5588,1476,164,737,0.499,0.258,3.94,-1.9,3.61,2,14,28,20,7,0,0,0,132.2,180,96,89,29,34,4,108,4,0,9,611,0.125,6.04,62,5.12,1.613,12.2,2,2.3,7.3,3.18,4,196,784,400,49,0,0,0,17476.84,32400,9216,7921,841,1156,16,11664,16,0,81,373321,0.015625,36.4816,3844,26.2144,2.601769,148.84,4,5.29,53.29,10.1124
226,"Joe Blanton","P","2015","PIT","Pittsburgh Pirates",34.7,2,1189,1354138.54454338,1354138.54454338,1,1,"2015","2015",0,0,0,162,98,64,0,1,34,0,0,0,697,5631,1462,140,596,0.504,0.265,3.71,1.3,1.69,7,2,36,4,13,0,0,2,76,69,26,24,7,16,5,79,1,0,2,309,0.778,2.84,143,2.92,1.118,8.2,0.8,1.9,9.4,4.94,49,4,1296,16,169,0,0,4,5776,4761,676,576,49,256,25,6241,1,0,4,95481,0.605284,8.0656,20449,8.5264,1.249924,67.24,0.64,3.61,88.36,24.4036
226,"Joe Blanton","P","2016","LAD","Los Angeles Dodgers",35.7,3,1190,4000000,4000000,1,1,"2016","2016",0,0,0,162,91,71,1,1,20,0,0,1,725,5518,1376,189,638,0.526,0.262,3.54,1.9,3.61,7,2,75,0,15,0,0,0,80,55,23,22,7,26,4,80,2,0,3,315,0.778,2.48,163,3.33,1.013,6.2,0.8,2.9,9,3.08,49,4,5625,0,225,0,0,0,6400,3025,529,484,49,676,16,6400,4,0,9,99225,0.605284,6.1504,26569,11.0889,1.026169,38.44,0.64,8.41,81,9.4864
227,"Joe Kelly","P","2019","LAD","Los Angeles Dodgers",31.2,0,1195,25000000,8333333.33333333,1,3,"2019","2021",0,0,0,162,106,56,1,1,50,0,0,0,886,5493,1414,279,613,0.528,0.262,3.53,-0.6,0.36,5,4,55,0,13,0,0,1,51.1,49,31,26,6,22,2,62,3,0,10,226,0.556,4.56,91,3.78,1.383,8.6,1.1,3.9,10.9,2.82,25,16,3025,0,169,0,0,1,2611.21,2401,961,676,36,484,4,3844,9,0,100,51076,0.309136,20.7936,8281,14.2884,1.912689,73.96,1.21,15.21,118.81,7.9524
227,"Joe Kelly","P","2020","LAD","Los Angeles Dodgers",32.2,1,1195,25000000,8333333.33333333,1,3,"2019","2021",0,0,0,60,43,17,1,1,26,1,1,0,349,2042,523,118,213,0.528,0.261,3.53,0.2,0.04,0,0,12,1,2,0,0,0,10,8,3,2,0,7,0,9,0,0,3,42,0,1.8,250,3.49,1.5,7.2,0,6.3,8.1,1.29,0,0,144,1,4,0,0,0,100,64,9,4,0,49,0,81,0,0,9,1764,0,3.24,62500,12.1801,2.25,51.84,0,39.69,65.61,1.6641
227,"Joe Kelly","P","2021","LAD","Los Angeles Dodgers",33.2,2,1195,25000000,8333333.33333333,1,3,"2019","2021",0,0,0,162,106,56,0,1,50,0,0,0,830,5445,1330,237,561,0.529,0.261,3.53,0.8,0.64,2,0,48,0,7,0,0,2,44,28,16,14,3,15,1,50,4,1,0,182,1,2.86,148,3.08,0.977,5.7,0.6,3.1,10.2,3.33,4,0,2304,0,49,0,0,4,1936,784,256,196,9,225,1,2500,16,1,0,33124,1,8.1796,21904,9.4864,0.954529,32.49,0.36,9.61,104.04,11.0889
227,"Joe Kelly","P","2022","CHW","Chicago White Sox",34.2,3,1196,17000000,8500000,1,2,"2022","2023",0,0,0,162,81,81,0,0,0,0,0,2,686,5611,1435,149,717,0.503,0.26,3.78,-0.6,0.36,1,3,43,1,4,0,0,1,37,36,26,25,2,23,0,53,3,0,4,170,0.25,6.08,66,3.06,1.595,8.8,0.5,5.6,12.9,2.3,1,9,1849,1,16,0,0,1,1369,1296,676,625,4,529,0,2809,9,0,16,28900,0.0625,36.9664,4356,9.3636,2.544025,77.44,0.25,31.36,166.41,5.29
227,"Joe Kelly","P","2023","CHW","Chicago White Sox",35.2,4,1196,17000000,8500000,1,2,"2022","2023",0,0,0,162,61,101,0,0,-40,0,0,0,641,5501,1308,171,841,0.502,0.26,3.79,-0.1,0.01,2,5,42,0,6,0,0,1,39.1,29,22,18,3,18,0,60,2,2,6,168,0.286,4.12,108,2.72,1.195,6.6,0.7,4.1,13.7,3.33,4,25,1764,0,36,0,0,1,1528.81,841,484,324,9,324,0,3600,4,4,36,28224,0.081796,16.9744,11664,7.3984,1.428025,43.56,0.49,16.81,187.69,11.0889
227,"Joe Kelly","P","2024","LAD","Los Angeles Dodgers",36.2,7,1198,8000000,8000000,0,1,"2024","2024",0,0,0,162,98,64,1,1,34,1,1,1,842,5522,1423,233,686,0.532,0.261,3.53,-0.4,0.16,1,1,35,0,2,0,0,0,32,31,19,17,4,16,1,35,5,2,3,143,0.5,4.78,84,4.57,1.469,8.7,1.1,4.5,9.8,2.19,1,1,1225,0,4,0,0,0,1024,961,361,289,16,256,1,1225,25,4,9,20449,0.25,22.8484,7056,20.8849,2.157961,75.69,1.21,20.25,96.04,4.7961
228,"Joe Mantiply","P","2021","ARI","Arizona Diamondbacks",29,0,1199,674990.669239509,674990.669239509,1,1,"2021","2021",0,0,0,162,52,110,0,0,-58,0,0,0,679,5489,1297,144,893,0.486,0.256,4.26,0,0,0,3,57,0,7,0,0,0,39.2,45,24,15,1,17,3,38,1,0,2,177,0,3.4,125,2.94,1.563,10.2,0.2,3.9,8.6,2.24,0,9,3249,0,49,0,0,0,1536.64,2025,576,225,1,289,9,1444,1,0,4,31329,0,11.56,15625,8.6436,2.442969,104.04,0.04,15.21,73.96,5.0176
228,"Joe Mantiply","P","2022","ARI","Arizona Diamondbacks",30,1,1200,799171.654089097,799171.654089097,0,1,"2022","2022",1,0,0,162,74,88,0,0,-14,0,0,0,702,5351,1232,173,740,0.485,0.255,4.26,0.9,0.81,2,5,69,0,9,0,0,2,60,59,22,19,6,6,0,61,3,1,3,243,0.286,2.85,142,2.83,1.083,8.9,0.9,0.9,9.2,10.17,4,25,4761,0,81,0,0,4,3600,3481,484,361,36,36,0,3721,9,1,9,59049,0.081796,8.1225,20164,8.0089,1.172889,79.21,0.81,0.81,84.64,103.4289
228,"Joe Mantiply","P","2023","ARI","Arizona Diamondbacks",31,2,1201,804184.486074045,804184.486074045,0,1,"2023","2023",0,0,0,162,84,78,0,1,6,1,0,0,746,5436,1359,166,761,0.486,0.254,4.27,0.1,0.01,2,2,35,3,9,0,0,0,39,35,22,20,4,9,1,28,0,0,1,157,0.5,4.62,96,3.84,1.128,8.1,0.9,2.1,6.5,3.11,4,4,1225,9,81,0,0,0,1521,1225,484,400,16,81,1,784,0,0,1,24649,0.25,21.3444,9216,14.7456,1.272384,65.61,0.81,4.41,42.25,9.6721
228,"Joe Mantiply","P","2024","ARI","Arizona Diamondbacks",32,3,1202,951252.261092284,951252.261092284,0,1,"2024","2024",0,0,0,162,89,73,0,0,16,0,0,0,886,5522,1452,211,788,0.489,0.255,4.28,0.6,0.36,6,2,75,2,8,0,0,1,59.2,52,27,26,1,18,7,53,0,1,3,243,0.75,3.92,107,2.51,1.173,7.8,0.2,2.7,8,2.94,36,4,5625,4,64,0,0,1,3504.64,2704,729,676,1,324,49,2809,0,1,9,59049,0.5625,15.3664,11449,6.3001,1.375929,60.84,0.04,7.29,64,8.6436
229,"Joe Nathan","P","2012","TEX","Texas Rangers",37.7,0,1203,14000000,7000000,1,2,"2012","2013",1,0,0,162,93,69,0,1,24,0,0,0,808,5590,1526,200,707,0.476,0.26,4.26,1.8,3.24,3,5,66,0,62,0,0,37,64.1,55,23,20,7,13,1,78,2,0,5,257,0.375,2.8,157,2.78,1.057,7.7,1,1.8,10.9,6,9,25,4356,0,3844,0,0,1369,4108.81,3025,529,400,49,169,1,6084,4,0,25,66049,0.140625,7.84,24649,7.7284,1.117249,59.29,1,3.24,118.81,36
229,"Joe Nathan","P","2013","TEX","Texas Rangers",38.7,1,1203,14000000,7000000,1,2,"2012","2013",1,0,0,163,91,72,0,0,19,0,0,0,730,5585,1465,176,636,0.477,0.26,4.24,3.2,10.24,6,2,67,0,61,0,0,43,64.2,36,10,10,2,22,3,73,1,0,4,250,0.75,1.39,297,2.26,0.897,5,0.3,3.1,10.2,3.32,36,4,4489,0,3721,0,0,1849,4121.64,1296,100,100,4,484,9,5329,1,0,16,62500,0.5625,1.9321,88209,5.1076,0.804609,25,0.09,9.61,104.04,11.0224
229,"Joe Nathan","P","2014","DET","Detroit Tigers",39.7,2,1204,20000000,10000000,1,2,"2014","2015",0,0,0,162,90,72,1,1,18,0,0,0,757,5630,1557,155,705,0.508,0.266,3.95,-0.3,0.09,5,4,62,0,54,0,0,35,58,60,32,31,5,29,3,54,1,1,4,259,0.556,4.81,81,3.94,1.534,9.3,0.8,4.5,8.4,1.86,25,16,3844,0,2916,0,0,1225,3364,3600,1024,961,25,841,9,2916,1,1,16,67081,0.309136,23.1361,6561,15.5236,2.353156,86.49,0.64,20.25,70.56,3.4596
229,"Joe Nathan","P","2015","DET","Detroit Tigers",40.7,4,1205,27082770.8908676,13541385.4454338,0,2,"2015","2016",0,0,0,161,74,87,0,0,-13,0,0,0,689,5605,1515,151,803,0.508,0.266,3.96,0,0,0,0,1,0,1,0,0,1,0.1,0,0,0,0,0,0,1,0,0,0,1,0,0,0,-2.87,0,0,0,0,27,0,0,0,1,0,1,0,0,1,0.01,0,0,0,0,0,0,1,0,0,0,1,0,0,0,8.2369,0,0,0,0,729,0
230,"Joe Ross","P","2024","MIL","Milwaukee Brewers",30,0,1210,1750000,1750000,1,1,"2024","2024",0,0,0,162,93,69,1,1,24,0,0,0,777,5472,1359,177,641,0.487,0.256,4.14,0.5,0.25,3,6,25,10,8,0,0,0,74,72,35,31,7,29,1,66,1,0,1,321,0.333,3.77,110,3.83,1.365,8.8,0.9,3.5,8,2.28,9,36,625,100,64,0,0,0,5476,5184,1225,961,49,841,1,4356,1,0,1,103041,0.110889,14.2129,12100,14.6689,1.863225,77.44,0.81,12.25,64,5.1984
230,"Joe Ross","P","2025","PHI","Philadelphia Phillies",31,1,1211,4000000,4000000,1,1,"2025","2025",0,0,0,162,96,66,1,1,30,0,0,2,778,5517,1426,212,648,0.475,0.26,3.98,0,0,2,1,37,1,9,0,0,0,51,57,30,29,8,18,1,39,3,0,0,228,0.667,5.12,87,4.88,1.471,10.1,1.4,3.2,6.9,2.17,4,1,1369,1,81,0,0,0,2601,3249,900,841,64,324,1,1521,9,0,0,51984,0.444889,26.2144,7569,23.8144,2.163841,102.01,1.96,10.24,47.61,4.7089
231,"Joe Saunders","P","2013","SEA","Seattle Mariners",32.1,0,1212,6500000,6500000,1,1,"2013","2013",0,0,0,162,71,91,0,0,-20,0,0,0,624,5558,1318,188,754,0.466,0.261,4.37,-0.4,0.16,11,16,32,32,0,2,0,0,183,232,117,107,25,61,5,107,4,0,5,820,0.407,5.26,70,4.72,1.601,11.4,1.2,3,5.3,1.75,121,256,1024,1024,0,4,0,0,33489,53824,13689,11449,625,3721,25,11449,16,0,25,672400,0.165649,27.6676,4900,22.2784,2.563201,129.96,1.44,9,28.09,3.0625
231,"Joe Saunders","P","2014","TEX","Texas Rangers",33.1,1,1213,1500000,1500000,1,1,"2014","2014",0,0,0,162,67,95,0,0,-28,0,0,0,637,5460,1400,111,773,0.476,0.26,4.24,-0.9,0.81,0,5,14,8,3,0,0,0,43,65,37,32,9,24,1,23,2,0,0,215,0,6.7,60,6.6,2.07,13.6,1.9,5,4.8,0.96,0,25,196,64,9,0,0,0,1849,4225,1369,1024,81,576,1,529,4,0,0,46225,0,44.89,3600,43.56,4.2849,184.96,3.61,25,23.04,0.9216
232,"Joe Smith","P","2014","LAA","Los Angeles Angels",30.4,0,1214,15750000,5250000,1,3,"2014","2016",0,0,0,162,98,64,1,1,34,0,0,0,773,5652,1464,155,630,0.501,0.258,3.94,2.5,6.25,7,2,76,0,26,0,0,15,74.2,45,16,15,4,15,3,68,6,0,4,285,0.778,1.81,200,2.85,0.804,5.4,0.5,1.8,8.2,4.53,49,4,5776,0,676,0,0,225,5505.64,2025,256,225,16,225,9,4624,36,0,16,81225,0.605284,3.2761,40000,8.1225,0.646416,29.16,0.25,3.24,67.24,20.5209
232,"Joe Smith","P","2015","LAA","Los Angeles Angels",31.4,1,1214,15750000,5250000,1,3,"2014","2016",0,0,0,162,85,77,0,0,8,0,0,0,661,5417,1331,176,675,0.501,0.258,3.94,0.7,0.49,5,5,70,0,13,0,0,5,65.1,64,26,26,4,19,4,57,2,0,1,271,0.5,3.58,106,3.15,1.27,8.8,0.6,2.6,7.9,3,25,25,4900,0,169,0,0,25,4238.01,4096,676,676,16,361,16,3249,4,0,1,73441,0.25,12.8164,11236,9.9225,1.6129,77.44,0.36,6.76,62.41,9
232,"Joe Smith","P","2016","LAA","Los Angeles Angels",32.4,2,1214,15750000,5250000,1,3,"2014","2016",0,0,0,162,74,88,0,0,-14,0,0,0,717,5431,1410,156,727,0.501,0.258,3.94,0.6,0.36,2,5,54,0,19,0,0,6,52,47,20,20,8,18,3,40,6,1,0,217,0.286,3.46,119,4.99,1.25,8.1,1.4,3.1,6.9,2.22,4,25,2916,0,361,0,0,36,2704,2209,400,400,64,324,9,1600,36,1,0,47089,0.081796,11.9716,14161,24.9001,1.5625,65.61,1.96,9.61,47.61,4.9284
232,"Joe Smith","P","2017","TOR","Toronto Blue Jays",33.4,3,1215,3000000,3000000,1,1,"2017","2017",0,0,0,162,76,86,0,0,-10,0,0,1,693,5499,1320,222,784,0.498,0.261,4.21,1.1,1.21,3,0,59,0,3,0,0,1,54,46,20,20,4,10,1,71,1,0,0,214,1,3.33,136,2.1,1.037,7.7,0.7,1.7,11.8,7.1,9,0,3481,0,9,0,0,1,2916,2116,400,400,16,100,1,5041,1,0,0,45796,1,11.0889,18496,4.41,1.075369,59.29,0.49,2.89,139.24,50.41
232,"Joe Smith","P","2018","HOU","Houston Astros",34.4,4,1216,15000000,7500000,1,2,"2018","2019",0,0,0,162,103,59,1,1,44,0,0,0,797,5453,1390,205,534,0.494,0.254,3.81,0.4,0.16,5,1,56,0,13,0,0,0,45.2,34,20,19,7,12,0,46,2,0,1,180,0.833,3.74,112,4.06,1.007,6.7,1.4,2.4,9.1,3.83,25,1,3136,0,169,0,0,0,2043.04,1156,400,361,49,144,0,2116,4,0,1,32400,0.693889,13.9876,12544,16.4836,1.014049,44.89,1.96,5.76,82.81,14.6689
232,"Joe Smith","P","2019","HOU","Houston Astros",35.4,6,1217,18694279.494398,9347139.74719901,0,2,"2019","2020",0,0,0,162,107,55,1,1,52,1,0,0,920,5613,1538,288,640,0.496,0.255,3.81,0.6,0.36,1,0,28,0,4,0,0,0,25,19,6,5,2,5,0,22,0,0,0,96,1,1.8,260,3.09,0.96,6.8,0.7,1.8,7.9,4.4,1,0,784,0,16,0,0,0,625,361,36,25,4,25,0,484,0,0,0,9216,1,3.24,67600,9.5481,0.9216,46.24,0.49,3.24,62.41,19.36
232,"Joe Smith","P","2021","HOU","Houston Astros",37.4,9,1218,8000000,4000000,0,2,"2020","2021",0,0,0,162,95,67,1,1,28,1,0,0,863,5593,1496,221,658,0.498,0.255,3.81,0.2,0.04,4,4,50,0,12,0,0,0,39.2,47,23,22,5,8,2,34,3,0,2,173,0.5,4.99,86,3.93,1.387,10.7,1.1,1.8,7.7,4.25,16,16,2500,0,144,0,0,0,1536.64,2209,529,484,25,64,4,1156,9,0,4,29929,0.25,24.9001,7396,15.4449,1.923769,114.49,1.21,3.24,59.29,18.0625
232,"Joe Smith","P","2022","MIN","Minnesota Twins",38.4,12,1220,2500000,2500000,1,1,"2022","2022",0,0,0,162,78,84,0,0,-6,0,0,3,696,5476,1356,178,684,0.481,0.263,4,-0.6,0.36,1,1,34,0,3,0,0,0,27.1,33,18,14,7,9,1,17,1,1,0,122,0.5,4.61,85,6.29,1.537,10.9,2.3,3,5.6,1.89,1,1,1156,0,9,0,0,0,734.41,1089,324,196,49,81,1,289,1,1,0,14884,0.25,21.2521,7225,39.5641,2.362369,118.81,5.29,9,31.36,3.5721
233,"Joe Thatcher","NE","2015","HOU","Houston Astros",33.8,0,1221,1000000,1000000,1,1,"2015","2015",0,0,0,162,86,76,0,1,10,0,0,2,729,5459,1363,230,618,0.488,0.254,3.82,0.4,0.16,1,3,43,0,3,0,0,0,22.2,23,8,8,1,12,0,26,0,0,0,100,0.25,3.18,125,3,1.544,9.1,0.4,4.8,10.3,2.17,1,9,1849,0,9,0,0,0,492.84,529,64,64,1,144,0,676,0,0,0,10000,0.0625,10.1124,15625,9,2.383936,82.81,0.16,23.04,106.09,4.7089
234,"Joel Peralta","P","2016","SEA","Seattle Mariners",40.4,2,1224,1250000,1250000,1,1,"2016","2016",0,0,0,162,86,76,0,0,10,0,0,1,768,5583,1446,223,707,0.47,0.26,4.32,-0.6,0.36,1,1,31,0,5,0,0,0,27.1,30,19,18,9,8,0,33,1,0,0,119,0.5,5.93,70,6,1.39,9.9,3,2.6,10.9,4.13,1,1,961,0,25,0,0,0,734.41,900,361,324,81,64,0,1089,1,0,0,14161,0.25,35.1649,4900,36,1.9321,98.01,9,6.76,118.81,17.0569
235,"Joely Rodriguez","P","2023","BOS","Boston Red Sox",31.8,1,1226,2000000,2000000,1,1,"2023","2023",0,0,0,162,78,84,0,0,-6,0,0,0,772,5562,1437,182,776,0.518,0.267,3.92,-0.2,0.04,0,0,11,0,1,0,0,0,11,13,9,8,2,6,0,14,0,0,0,51,0,6.55,71,4.71,1.727,10.6,1.6,4.9,11.5,2.33,0,0,121,0,1,0,0,0,121,169,81,64,4,36,0,196,0,0,0,2601,0,42.9025,5041,22.1841,2.982529,112.36,2.56,24.01,132.25,5.4289
235,"Joely Rodriguez","P","2024","BOS","Boston Red Sox",32.8,2,1227,2056761.64560494,2056761.64560494,0,1,"2024","2024",0,0,0,162,81,81,0,0,0,0,0,1,751,5577,1404,194,747,0.518,0.267,3.92,-0.5,0.25,0,1,14,0,2,0,0,0,13.2,19,13,9,3,2,0,12,1,0,1,64,0,5.93,72,4.92,1.537,12.5,2,1.3,7.9,6,0,1,196,0,4,0,0,0,174.24,361,169,81,9,4,0,144,1,0,1,4096,0,35.1649,5184,24.2064,2.362369,156.25,4,1.69,62.41,36
236,"John Axford","P","2015","COL","Colorado Rockies",32.3,4.17,1232,2600000,2600000,1,1,"2015","2015",0,0,0,162,68,94,0,0,-26,0,0,0,737,5572,1479,186,844,0.466,0.275,5,0.8,0.64,4,5,60,0,43,0,0,25,55.2,56,27,26,4,32,4,62,0,0,1,250,0.444,4.2,110,3.57,1.581,9.1,0.6,5.2,10,1.94,16,25,3600,0,1849,0,0,625,3047.04,3136,729,676,16,1024,16,3844,0,0,1,62500,0.197136,17.64,12100,12.7449,2.499561,82.81,0.36,27.04,100,3.7636
236,"John Axford","P","2016","OAK","Oakland Athletics",33.3,5.17,1233,10000000,5000000,1,2,"2016","2017",0,0,0,162,69,93,0,0,-24,0,0,1,653,5500,1352,169,761,0.487,0.259,3.97,0.9,0.81,6,4,68,0,13,0,0,3,65.2,65,30,29,6,30,1,60,3,0,4,289,0.6,3.97,103,4.01,1.447,8.9,0.8,4.1,8.2,2,36,16,4624,0,169,0,0,9,4251.04,4225,900,841,36,900,1,3600,9,0,16,83521,0.36,15.7609,10609,16.0801,2.093809,79.21,0.64,16.81,67.24,4
236,"John Axford","P","2017","OAK","Oakland Athletics",34.3,6.17,1233,10000000,5000000,1,2,"2016","2017",0,0,0,162,75,87,0,0,-12,0,0,1,739,5464,1344,234,826,0.487,0.259,3.98,-0.3,0.09,0,1,22,0,8,0,0,0,21,27,16,15,3,17,0,21,2,0,1,109,0,6.43,66,5.73,2.095,11.6,1.3,7.3,9,1.24,0,1,484,0,64,0,0,0,441,729,256,225,9,289,0,441,4,0,1,11881,0,41.3449,4356,32.8329,4.389025,134.56,1.69,53.29,81,1.5376
236,"John Axford","P","2018","TOR","Toronto Blue Jays",35.3,7.118,1234,1500000,1500000,1,1,"2018","2018",0,0,0,162,73,89,0,0,-16,0,0,0,709,5477,1336,217,832,0.496,0.261,4.23,-0.1,0.01,4,1,50,1,12,0,0,0,54.2,52,35,32,6,22,1,54,3,0,6,233,0.8,5.27,81,3.98,1.354,8.6,1,3.6,8.9,2.45,16,1,2500,1,144,0,0,0,2937.64,2704,1225,1024,36,484,1,2916,9,0,36,54289,0.64,27.7729,6561,15.8404,1.833316,73.96,1,12.96,79.21,6.0025
237,"John Brebbia","P","2024","CHW","Chicago White Sox",34.2,2,1239,5500000,5500000,1,1,"2024","2024",0,0,0,162,41,121,0,0,-80,0,0,0,507,5383,1187,133,813,0.5,0.26,3.8,-0.5,0.25,0,6,59,0,22,0,0,2,55.1,56,36,36,11,19,0,67,3,0,1,242,0,5.86,71,4.52,1.355,9.1,1.8,3.1,10.9,3.53,0,36,3481,0,484,0,0,4,3036.01,3136,1296,1296,121,361,0,4489,9,0,1,58564,0,34.3396,5041,20.4304,1.836025,82.81,3.24,9.61,118.81,12.4609
237,"John Brebbia","P","2025","DET","Detroit Tigers",35.2,3,1240,2250000,2250000,1,1,"2025","2025",0,0,0,162,87,75,0,1,12,0,0,0,758,5456,1346,198,691,0.503,0.264,4,-0.8,0.64,1,1,22,0,13,0,0,0,23.1,28,23,20,5,12,0,26,4,0,2,115,0.5,7.71,56,5.75,1.714,10.8,1.9,4.6,10,2.17,1,1,484,0,169,0,0,0,533.61,784,529,400,25,144,0,676,16,0,4,13225,0.25,59.4441,3136,33.0625,2.937796,116.64,3.61,21.16,100,4.7089
238,"John Curtiss","P","2024","COL","Colorado Rockies",31.3,1,1242,761001.808873827,761001.808873827,1,1,"2024","2024",0,0,0,162,61,101,0,0,-40,0,0,1,682,5454,1319,179,929,0.462,0.271,5.02,-0.2,0.04,0,0,3,0,2,0,0,0,2.1,6,4,4,2,0,0,1,0,0,0,12,0,15.43,35,13.45,2.571,23.1,7.7,0,3.9,0,0,0,9,0,4,0,0,0,4.41,36,16,16,4,0,0,1,0,0,0,144,0,238.0849,1225,180.9025,6.610041,533.61,59.29,0,15.21,0
239,"John Lannan","NE","2013","PHI","Philadelphia Phillies",28.8,0,1243,2500000,2500000,1,1,"2013","2013",0,0,0,162,73,89,0,0,-16,0,0,0,613,5457,1354,140,758,0.473,0.262,3.96,-0.4,0.16,3,6,14,14,0,0,0,0,74.1,86,48,44,6,27,1,38,5,0,2,332,0.333,5.33,71,4.37,1.52,10.4,0.7,3.3,4.6,1.41,9,36,196,196,0,0,0,0,5490.81,7396,2304,1936,36,729,1,1444,25,0,4,110224,0.110889,28.4089,5041,19.0969,2.3104,108.16,0.49,10.89,21.16,1.9881
239,"John Lannan","NE","2014","NYM","New York Mets",29.8,1,1244,1500000,1500000,1,1,"2014","2014",0,0,0,162,79,83,0,0,-4,0,0,2,629,5472,1306,125,618,0.478,0.25,3.76,-0.5,0.25,1,0,5,0,3,0,0,0,4,7,7,7,3,2,0,2,0,0,1,21,1,15.75,24,13.38,2.25,15.8,6.8,4.5,4.5,1,1,0,25,0,9,0,0,0,16,49,49,49,9,4,0,4,0,0,1,441,1,248.0625,576,179.0244,5.0625,249.64,46.24,20.25,20.25,1
240,"Johnny Cueto","P","2022","CHW","Chicago White Sox",36.5,6,1246,3000000,3000000,1,1,"2022","2022",0,0,0,162,81,81,0,0,0,0,0,2,686,5611,1435,149,717,0.503,0.26,3.78,3.5,12.25,8,10,25,24,0,1,0,0,158.1,161,66,59,15,33,2,102,6,1,2,651,0.444,3.35,118,3.79,1.225,9.2,0.9,1.9,5.8,3.09,64,100,625,576,0,1,0,0,24995.61,25921,4356,3481,225,1089,4,10404,36,1,4,423801,0.197136,11.2225,13924,14.3641,1.500625,84.64,0.81,3.61,33.64,9.5481
240,"Johnny Cueto","P","2023","MIA","Miami Marlins",37.5,7,1247,8500000,8500000,1,1,"2023","2023",0,0,0,162,84,78,0,1,6,0,0,0,666,5497,1423,166,723,0.462,0.255,4.28,0,0,1,4,13,10,1,0,0,0,52.1,51,36,35,17,15,0,39,3,0,0,218,0.2,6.02,78,7.02,1.261,8.8,2.9,2.6,6.7,2.6,1,16,169,100,1,0,0,0,2714.41,2601,1296,1225,289,225,0,1521,9,0,0,47524,0.04,36.2404,6084,49.2804,1.590121,77.44,8.41,6.76,44.89,6.76
240,"Johnny Cueto","P","2024","LAA","Los Angeles Angels",38.5,8,1248,1028380.82280247,1028380.82280247,1,1,"2024","2024",0,0,0,162,63,99,0,0,-36,0,0,0,635,5357,1227,165,797,0.495,0.256,4,-0.2,0.04,0,2,2,2,0,0,0,0,11.1,14,9,9,4,3,1,6,0,0,0,50,0,7.15,60,7.49,1.5,11.1,3.2,2.4,4.8,2,0,4,4,4,0,0,0,0,123.21,196,81,81,16,9,1,36,0,0,0,2500,0,51.1225,3600,56.1001,2.25,123.21,10.24,5.76,23.04,4
241,"Jon Jay","NP","2017","CHC","Chicago Cubs",32.4,6.134,1249,8000000,8000000,1,1,"2017","2017",0,0,0,166,92,70,1,1,22,0,0,0,822,5496,1402,223,695,0.513,0.263,3.68,0,0,0,0,1,0,1,0,0,0,1,1,0,0,0,0,0,0,0,0,0,4,0,0,0,3.16,1,9,0,0,0,0,0,0,1,0,1,0,0,0,1,1,0,0,0,0,0,0,0,0,0,16,0,0,0,9.9856,1,81,0,0,0,0
242,"Jon Lester","P","2015","CHC","Chicago Cubs",31.6,8.075,1253,155000000,25833333.3333333,1,6,"2015","2020",0,0,0,162,97,65,0,1,32,0,0,0,689,5491,1341,171,608,0.512,0.263,3.68,2.8,7.84,11,12,32,32,0,1,0,0,205,183,83,76,16,47,0,207,7,0,8,828,0.478,3.34,114,2.92,1.122,8,0.7,2.1,9.1,4.4,121,144,1024,1024,0,1,0,0,42025,33489,6889,5776,256,2209,0,42849,49,0,64,685584,0.228484,11.1556,12996,8.5264,1.258884,64,0.49,4.41,82.81,19.36
242,"Jon Lester","P","2016","CHC","Chicago Cubs",32.6,9.075,1253,155000000,25833333.3333333,1,6,"2015","2020",2,0,1,162,103,58,1,1,45,1,1,0,808,5503,1409,199,556,0.513,0.263,3.68,5.6,31.36,19,5,32,32,0,2,0,0,202.2,154,57,55,21,52,0,197,6,0,4,796,0.792,2.44,171,3.41,1.016,6.8,0.9,2.3,8.7,3.79,361,25,1024,1024,0,4,0,0,40884.84,23716,3249,3025,441,2704,0,38809,36,0,16,633616,0.627264,5.9536,29241,11.6281,1.032256,46.24,0.81,5.29,75.69,14.3641
242,"Jon Lester","P","2017","CHC","Chicago Cubs",33.6,10.075,1253,155000000,25833333.3333333,1,6,"2015","2020",0,0,0,166,92,70,1,1,22,0,0,0,822,5496,1402,223,695,0.513,0.263,3.68,0.7,0.49,13,8,32,32,0,1,0,0,180.2,179,101,87,26,60,3,180,4,0,3,763,0.619,4.33,101,4.1,1.323,8.9,1.3,3,9,3,169,64,1024,1024,0,1,0,0,32472.04,32041,10201,7569,676,3600,9,32400,16,0,9,582169,0.383161,18.7489,10201,16.81,1.750329,79.21,1.69,9,81,9
242,"Jon Lester","P","2018","CHC","Chicago Cubs",34.6,11.075,1253,155000000,25833333.3333333,1,6,"2015","2020",2,0,1,163,95,68,0,1,27,0,0,0,761,5624,1453,167,645,0.513,0.263,3.68,2.7,7.29,18,6,32,32,0,0,0,0,181.2,174,75,67,24,64,1,149,6,0,4,761,0.75,3.32,125,4.39,1.31,8.6,1.2,3.2,7.4,2.33,324,36,1024,1024,0,0,0,0,32833.44,30276,5625,4489,576,4096,1,22201,36,0,16,579121,0.5625,11.0224,15625,19.2721,1.7161,73.96,1.44,10.24,54.76,5.4289
242,"Jon Lester","P","2019","CHC","Chicago Cubs",35.6,12.075,1253,155000000,25833333.3333333,1,6,"2015","2020",0,0,0,162,84,78,0,0,6,0,0,1,814,5461,1378,256,717,0.514,0.263,3.68,0.8,0.64,13,10,31,31,0,0,0,0,171.2,205,101,85,26,52,0,165,5,0,3,764,0.565,4.46,99,4.26,1.497,10.7,1.4,2.7,8.7,3.17,169,100,961,961,0,0,0,0,29309.44,42025,10201,7225,676,2704,0,27225,25,0,9,583696,0.319225,19.8916,9801,18.1476,2.241009,114.49,1.96,7.29,75.69,10.0489
242,"Jon Lester","P","2020","CHC","Chicago Cubs",36.6,13.075,1253,155000000,25833333.3333333,1,6,"2015","2020",0,0,0,60,34,26,1,1,8,0,0,0,265,1918,422,74,240,0.514,0.262,3.68,-0.2,0.04,3,3,12,12,0,0,0,0,61,64,35,35,11,17,0,42,3,0,2,265,0.5,5.16,87,5.14,1.328,9.4,1.6,2.5,6.2,2.47,9,9,144,144,0,0,0,0,3721,4096,1225,1225,121,289,0,1764,9,0,4,70225,0.25,26.6256,7569,26.4196,1.763584,88.36,2.56,6.25,38.44,6.1009
243,"Jon Rauch","P","2012","NYM","New York Mets",34,0,1255,3500000,3500000,1,1,"2012","2012",0,0,0,162,74,88,0,0,-14,0,0,0,650,5450,1357,139,709,0.478,0.251,3.77,0.1,0.01,3,7,73,0,22,0,0,4,57.2,45,28,23,7,12,2,42,1,0,1,233,0.3,3.59,106,3.89,0.988,7,1.1,1.9,6.6,3.5,9,49,5329,0,484,0,0,16,3271.84,2025,784,529,49,144,4,1764,1,0,1,54289,0.09,12.8881,11236,15.1321,0.976144,49,1.21,3.61,43.56,12.25
243,"Jon Rauch","P","2013","MIA","Miami Marlins",35,1,1256,1000000,1000000,1,1,"2013","2013",0,0,0,162,62,100,0,0,-38,0,0,0,513,5449,1257,95,646,0.47,0.258,4.29,-0.6,0.36,1,2,15,0,6,0,0,0,16.2,23,14,14,1,7,3,15,1,0,1,80,0.333,7.56,52,3.47,1.8,12.4,0.5,3.8,8.1,2.14,1,4,225,0,36,0,0,0,262.44,529,196,196,1,49,9,225,1,0,1,6400,0.110889,57.1536,2704,12.0409,3.24,153.76,0.25,14.44,65.61,4.5796
244,"Jonathan Broxton","P","2013","CIN","Cincinnati Reds",29.1,1,1261,21000000,7000000,0,3,"2013","2015",0,0,0,162,90,72,0,1,18,0,0,0,707,5499,1370,155,598,0.509,0.262,3.71,-0.4,0.16,2,2,34,0,8,0,0,0,30.2,27,17,14,4,12,2,25,4,0,0,133,0.5,4.11,93,4.68,1.272,7.9,1.2,3.5,7.3,2.08,4,4,1156,0,64,0,0,0,912.04,729,289,196,16,144,4,625,16,0,0,17689,0.25,16.8921,8649,21.9024,1.617984,62.41,1.44,12.25,53.29,4.3264
244,"Jonathan Broxton","P","2014","CIN","Cincinnati Reds",30.1,2,1261,21000000,7000000,0,3,"2013","2015",0,0,0,159,76,86,0,0,-10,0,0,0,595,5395,1282,131,612,0.508,0.262,3.71,1.5,2.25,4,3,62,0,18,0,0,7,58.2,41,15,15,4,19,0,49,1,0,0,231,0.571,2.3,162,3.37,1.023,6.3,0.6,2.9,7.5,2.58,16,9,3844,0,324,0,0,49,3387.24,1681,225,225,16,361,0,2401,1,0,0,53361,0.326041,5.29,26244,11.3569,1.046529,39.69,0.36,8.41,56.25,6.6564
244,"Jonathan Broxton","P","2016","STL","St Louis Cardinals",32.1,4,1262,7500000,3750000,0,2,"2016","2017",0,0,0,162,86,76,0,0,10,0,0,0,779,5548,1415,225,712,0.52,0.267,3.67,0.1,0.01,4,2,66,0,14,0,0,0,60.2,52,32,29,7,24,5,57,3,0,1,259,0.667,4.3,95,4.1,1.253,7.7,1,3.6,8.5,2.38,16,4,4356,0,196,0,0,0,3624.04,2704,1024,841,49,576,25,3249,9,0,1,67081,0.444889,18.49,9025,16.81,1.570009,59.29,1,12.96,72.25,5.6644
244,"Jonathan Broxton","P","2017","STL","St Louis Cardinals",33.1,5,1262,7500000,3750000,0,2,"2016","2017",0,0,0,162,82,79,0,0,3,0,0,0,761,5470,1402,196,705,0.52,0.267,3.67,-0.3,0.09,0,1,20,0,8,0,0,0,15.2,23,12,12,2,11,2,16,0,0,1,78,0,6.89,62,4.88,2.17,13.2,1.1,6.3,9.2,1.45,0,1,400,0,64,0,0,0,231.04,529,144,144,4,121,4,256,0,0,1,6084,0,47.4721,3844,23.8144,4.7089,174.24,1.21,39.69,84.64,2.1025
245,"Jonathan Schoop","NP","2023","DET","Detroit Tigers",31.8,4,1268,16719072.2612782,8359536.13063909,0,2,"2022","2023",0,0,0,162,78,84,0,0,-6,0,0,0,661,5478,1292,165,740,0.503,0.264,4,0.1,0.01,0,0,1,0,1,0,0,0,1.1,1,0,0,0,0,0,1,0,0,0,5,0,0,0,1.76,0.75,6.8,0,0,6.8,0,0,0,1,0,1,0,0,0,1.21,1,0,0,0,0,0,1,0,0,0,25,0,0,0,3.0976,0.5625,46.24,0,0,46.24,0
246,"Jonny Gomes","NP","2015","ATL","Atlanta Braves",34.7,3,1273,4000000,4000000,1,1,"2015","2015",0,0,0,162,67,95,0,0,-28,0,0,1,573,5420,1361,100,760,0.501,0.26,3.64,-0.1,0.01,0,0,1,0,1,0,0,0,1,3,2,2,1,0,0,1,0,0,0,6,0,18,30,14.13,3,27,9,0,9,0,0,0,1,0,1,0,0,0,1,9,4,4,1,0,0,1,0,0,0,36,0,324,900,199.6569,9,729,81,0,81,0
247,"Jordan Lyles","P","2019","PIT","Pittsburgh Pirates",28.8,2,1278,2050000,2050000,1,1,"2019","2019",0,0,0,162,69,93,0,0,-24,0,0,0,758,5657,1497,163,911,0.503,0.264,3.73,2.1,4.41,12,8,28,28,0,0,0,0,141,131,72,65,25,55,2,146,1,0,4,599,0.6,4.15,106,4.64,1.319,8.4,1.6,3.5,9.3,2.65,144,64,784,784,0,0,0,0,19881,17161,5184,4225,625,3025,4,21316,1,0,16,358801,0.36,17.2225,11236,21.5296,1.739761,70.56,2.56,12.25,86.49,7.0225
247,"Jordan Lyles","P","2020","TEX","Texas Rangers",29.8,3,1279,16000000,8000000,1,2,"2020","2021",0,0,0,60,22,38,0,0,-16,0,0,0,224,1936,420,62,312,0.477,0.259,4.28,-1.2,1.44,1,6,12,9,0,0,0,0,57.2,67,49,45,12,23,0,36,2,1,3,266,0.143,7.02,64,5.95,1.561,10.5,1.9,3.6,5.6,1.57,1,36,144,81,0,0,0,0,3271.84,4489,2401,2025,144,529,0,1296,4,1,9,70756,0.020449,49.2804,4096,35.4025,2.436721,110.25,3.61,12.96,31.36,2.4649
247,"Jordan Lyles","P","2021","TEX","Texas Rangers",30.8,5,1280,18930500.8025103,9465250.40125516,0,2,"2021","2022",0,0,0,162,60,102,0,0,-42,0,0,0,625,5405,1254,167,815,0.476,0.259,4.29,0,0,10,13,32,30,1,0,0,0,180,194,104,103,38,56,0,146,7,0,9,769,0.435,5.15,86,5.34,1.389,9.7,1.9,2.8,7.3,2.61,100,169,1024,900,1,0,0,0,32400,37636,10816,10609,1444,3136,0,21316,49,0,81,591361,0.189225,26.5225,7396,28.5156,1.929321,94.09,3.61,7.84,53.29,6.8121
247,"Jordan Lyles","P","2022","BAL","Baltimore Orioles",31.8,7,1281,7000000,7000000,1,1,"2022","2022",0,0,0,162,83,79,0,0,4,0,0,0,674,5429,1281,171,688,0.473,0.258,4.05,0.8,0.64,12,11,32,32,0,1,0,0,179,196,94,88,26,52,0,144,8,0,5,774,0.522,4.42,88,4.4,1.385,9.9,1.3,2.6,7.2,2.77,144,121,1024,1024,0,1,0,0,32041,38416,8836,7744,676,2704,0,20736,64,0,25,599076,0.272484,19.5364,7744,19.36,1.918225,98.01,1.69,6.76,51.84,7.6729
248,"Jorge De La Rosa","P","2017","ARI","Arizona Diamondbacks",36.3,6.015,1287,2250000,2250000,1,1,"2017","2017",0,0,0,162,93,69,0,1,24,0,0,0,812,5525,1405,220,659,0.493,0.258,4.23,0.6,0.36,3,1,65,0,8,0,0,0,51.1,46,24,24,7,21,4,45,3,0,5,219,0.75,4.21,112,4.58,1.305,8.1,1.2,3.7,7.9,2.14,9,1,4225,0,64,0,0,0,2611.21,2116,576,576,49,441,16,2025,9,0,25,47961,0.5625,17.7241,12544,20.9764,1.703025,65.61,1.44,13.69,62.41,4.5796
249,"Jorge Lopez","P","2024","NYM","New York Mets",30.5,0,1289,2000000,2000000,1,1,"2024","2024",0,0,0,162,89,73,0,1,16,0,0,0,768,5510,1357,207,697,0.483,0.25,3.8,0.9,0.81,2,3,52,0,16,0,0,4,53,46,19,17,6,19,1,50,2,0,2,217,0.4,2.89,139,3.94,1.226,7.8,1,3.2,8.5,2.63,4,9,2704,0,256,0,0,16,2809,2116,361,289,36,361,1,2500,4,0,4,47089,0.16,8.3521,19321,15.5236,1.503076,60.84,1,10.24,72.25,6.9169
250,"Jose De Leon","P","2023","MIN","Minnesota Twins",31,0,1297,765889.986737186,765889.986737186,0,1,"2023","2023",0,0,0,162,87,75,1,1,12,0,0,0,778,5489,1336,233,659,0.482,0.262,3.99,0,0,0,1,12,1,4,0,0,0,17.1,16,10,9,2,5,0,17,1,0,0,70,0,4.67,95,3.83,1.212,8.3,1,2.6,8.8,3.4,0,1,144,1,16,0,0,0,292.41,256,100,81,4,25,0,289,1,0,0,4900,0,21.8089,9025,14.6689,1.468944,68.89,1,6.76,77.44,11.56
250,"Jose De Leon","P","2025","BOS","Boston Red Sox",33,1,1298,760000,760000,1,1,"2025","2025",0,0,0,162,89,73,0,1,16,0,0,1,786,5562,1414,186,676,0.518,0.267,3.92,0.1,0.01,1,0,1,1,0,0,0,0,6.2,8,3,3,1,3,0,8,0,0,0,28,1,4.05,105,4.04,1.65,10.8,1.4,4.1,10.8,2.67,1,0,1,1,0,0,0,0,38.44,64,9,9,1,9,0,64,0,0,0,784,1,16.4025,11025,16.3216,2.7225,116.64,1.96,16.81,116.64,7.1289
251,"Jose Quintana","P","2021","LAA","Los Angeles Angels",32.6,0,1309,8000000,8000000,1,1,"2021","2021",0,0,0,162,77,85,0,0,-8,0,0,0,723,5437,1331,190,804,0.499,0.257,3.99,-0.9,0.81,0,3,29,10,5,0,0,0,63,74,50,45,12,35,1,85,1,1,7,297,0,6.43,69,4.66,1.73,10.6,1.7,5,12.1,2.43,0,9,841,100,25,0,0,0,3969,5476,2500,2025,144,1225,1,7225,1,1,49,88209,0,41.3449,4761,21.7156,2.9929,112.36,2.89,25,146.41,5.9049
251,"Jose Quintana","P","2022","PIT","Pittsburgh Pirates",33.6,1,1310,2000000,2000000,1,1,"2022","2022",0,0,0,162,62,100,0,0,-38,0,0,0,591,5331,1186,158,817,0.501,0.264,3.75,3.5,12.25,6,7,32,32,0,0,0,0,165.2,154,61,54,8,47,1,137,3,0,1,679,0.462,2.93,137,2.99,1.213,8.4,0.4,2.6,7.4,2.91,36,49,1024,1024,0,0,0,0,27291.04,23716,3721,2916,64,2209,1,18769,9,0,1,461041,0.213444,8.5849,18769,8.9401,1.471369,70.56,0.16,6.76,54.76,8.4681
251,"Jose Quintana","P","2023","NYM","New York Mets",34.6,2,1311,26000000,13000000,1,2,"2023","2024",0,0,0,162,75,87,0,0,-12,0,0,0,717,5363,1276,215,729,0.482,0.25,3.8,1.6,2.56,3,6,13,13,0,0,0,0,75.2,75,33,30,5,24,0,60,1,0,2,319,0.333,3.57,117,3.52,1.308,8.9,0.6,2.9,7.1,2.5,9,36,169,169,0,0,0,0,5655.04,5625,1089,900,25,576,0,3600,1,0,4,101761,0.110889,12.7449,13689,12.3904,1.710864,79.21,0.36,8.41,50.41,6.25
251,"Jose Quintana","P","2024","NYM","New York Mets",35.6,3,1311,26000000,13000000,1,2,"2023","2024",0,0,0,162,89,73,0,1,16,0,0,0,768,5510,1357,207,697,0.483,0.25,3.8,2.5,6.25,10,10,31,31,0,0,0,0,170.1,150,73,71,22,63,0,135,11,0,7,717,0.5,3.75,105,4.56,1.25,7.9,1.2,3.3,7.1,2.14,100,100,961,961,0,0,0,0,28934.01,22500,5329,5041,484,3969,0,18225,121,0,49,514089,0.25,14.0625,11025,20.7936,1.5625,62.41,1.44,10.89,50.41,4.5796
251,"Jose Quintana","P","2025","MIL","Milwaukee Brewers",36.6,4,1312,4000000,4000000,1,1,"2025","2025",0,0,0,162,97,65,1,1,32,0,0,2,806,5510,1423,166,634,0.489,0.256,4.13,1.3,1.69,11,7,24,24,0,0,0,0,131.2,120,65,58,18,50,0,89,5,1,1,556,0.611,3.96,106,4.81,1.291,8.2,1.2,3.4,6.1,1.78,121,49,576,576,0,0,0,0,17213.44,14400,4225,3364,324,2500,0,7921,25,1,1,309136,0.373321,15.6816,11236,23.1361,1.666681,67.24,1.44,11.56,37.21,3.1684
252,"Jose Reyes","NP","2018","NYM","New York Mets",35.2,8,1316,2000000,2000000,0,1,"2018","2018",0,0,0,162,77,85,0,0,-8,0,0,0,676,5468,1282,170,707,0.48,0.25,3.78,-0.2,0.04,0,0,1,0,1,0,0,0,1,5,6,6,2,2,0,0,1,0,0,11,0,54,10,38.16,7,45,18,18,0,0,0,0,1,0,1,0,0,0,1,25,36,36,4,4,0,0,1,0,0,121,0,2916,100,1456.1856,49,2025,324,324,0,0
253,"Jose Veras","P","2013","HOU","Houston Astros",32.8,0,1317,1850000,1850000,1,1,"2013","2013",0,0,0,162,51,111,0,0,-60,0,0,0,610,5457,1307,148,848,0.488,0.254,3.81,1.4,1.96,0,5,67,0,45,0,0,21,62.2,45,23,21,6,22,1,60,4,0,2,254,0,3.02,137,3.62,1.069,6.5,0.9,3.2,8.6,2.73,0,25,4489,0,2025,0,0,441,3868.84,2025,529,441,36,484,1,3600,16,0,4,64516,0,9.1204,18769,13.1044,1.142761,42.25,0.81,10.24,73.96,7.4529
253,"Jose Veras","P","2014","HOU","Houston Astros",33.8,1,1318,689449.635766739,689449.635766739,1,1,"2014","2014",0,0,0,162,70,92,0,0,-22,0,0,0,629,5447,1317,163,723,0.487,0.254,3.82,-0.2,0.04,4,1,46,0,11,0,0,1,46,37,25,23,6,27,1,50,3,0,6,203,0.8,4.5,87,4.61,1.391,7.2,1.2,5.3,9.8,1.85,16,1,2116,0,121,0,0,1,2116,1369,625,529,36,729,1,2500,9,0,36,41209,0.64,20.25,7569,21.2521,1.934881,51.84,1.44,28.09,96.04,3.4225
254,"Josh Harrison","NP","2022","CHW","Chicago White Sox",35.1,3,1336,5500000,5500000,1,1,"2022","2022",0,0,0,162,81,81,0,0,0,0,0,2,686,5611,1435,149,717,0.503,0.26,3.78,-0.2,0.04,0,0,3,0,3,0,0,0,3,9,6,6,1,2,0,2,0,0,0,18,0,18,25,8.11,3.667,27,3,6,6,1,0,0,9,0,9,0,0,0,9,81,36,36,1,4,0,4,0,0,0,324,0,324,625,65.7721,13.446889,729,9,36,36,1
254,"Josh Harrison","NP","2023","PHI","Philadelphia Phillies",36.1,4,1337,2000000,2000000,1,1,"2023","2023",0,0,0,162,90,72,0,1,18,0,0,1,796,5541,1417,220,715,0.473,0.26,3.99,-0.2,0.04,0,0,2,0,2,0,0,0,1.2,8,5,5,0,2,0,0,0,0,0,15,0,27,19,6.86,6,43.2,0,10.8,0,0,0,0,4,0,4,0,0,0,1.44,64,25,25,0,4,0,0,0,0,0,225,0,729,361,47.0596,36,1866.24,0,116.64,0,0
255,"Josh Rogers","P","2024","COL","Colorado Rockies",30.1,1,1342,761001.808873827,761001.808873827,1,1,"2024","2024",0,0,0,162,61,101,0,0,-40,0,0,1,682,5454,1319,179,929,0.462,0.271,5.02,-0.1,0.01,2,0,6,0,2,0,0,0,11,15,8,8,1,3,1,3,2,0,0,50,1,6.55,74,5.17,1.636,12.3,0.8,2.5,2.5,1,4,0,36,0,4,0,0,0,121,225,64,64,1,9,1,9,4,0,0,2500,1,42.9025,5476,26.7289,2.676496,151.29,0.64,6.25,6.25,1
256,"Josh Tomlin","P","2019","ATL","Atlanta Braves",34.8,8.033,1345,1000000,1000000,1,1,"2019","2019",0,0,0,162,97,65,1,1,32,0,0,0,855,5560,1432,249,743,0.501,0.26,3.66,1.2,1.44,2,1,51,1,21,0,0,2,79.1,82,35,33,14,7,0,51,0,0,2,320,0.667,3.74,123,4.49,1.122,9.3,1.6,0.8,5.8,7.29,4,1,2601,1,441,0,0,4,6256.81,6724,1225,1089,196,49,0,2601,0,0,4,102400,0.444889,13.9876,15129,20.1601,1.258884,86.49,2.56,0.64,33.64,53.1441
256,"Josh Tomlin","P","2020","ATL","Atlanta Braves",35.8,9.033,1346,1225418.66989424,1225418.66989424,0,1,"2020","2020",0,0,0,60,35,25,1,1,10,0,0,1,348,2074,556,103,288,0.501,0.26,3.67,0.5,0.25,2,2,17,5,2,0,0,0,39.2,40,22,21,6,8,2,36,1,0,1,163,0.5,4.76,99,4.02,1.21,9.1,1.4,1.8,8.2,4.5,4,4,289,25,4,0,0,0,1536.64,1600,484,441,36,64,4,1296,1,0,1,26569,0.25,22.6576,9801,16.1604,1.4641,82.81,1.96,3.24,67.24,20.25
256,"Josh Tomlin","P","2021","ATL","Atlanta Braves",36.8,10.033,1347,1250000,1250000,0,1,"2021","2021",0,0,0,161,88,73,1,1,15,1,1,0,790,5363,1307,239,656,0.501,0.26,3.67,-0.8,0.64,4,0,35,0,6,0,0,0,49.1,69,36,36,10,5,0,37,1,1,0,218,1,6.57,66,4.67,1.5,12.6,1.8,0.9,6.8,7.4,16,0,1225,0,36,0,0,0,2410.81,4761,1296,1296,100,25,0,1369,1,1,0,47524,1,43.1649,4356,21.8089,2.25,158.76,3.24,0.81,46.24,54.76
257,"Jp Arencibia","NP","2014","TEX","Texas Rangers",28.6,0,1348,1800000,1800000,1,1,"2014","2014",0,0,0,162,67,95,0,0,-28,0,0,0,637,5460,1400,111,773,0.476,0.26,4.24,0,0,0,0,1,0,1,0,0,0,1,1,0,0,0,0,0,0,0,0,0,4,0,0,0,3.13,1,9,0,0,0,0,0,0,1,0,1,0,0,0,1,1,0,0,0,0,0,0,0,0,0,16,0,0,0,9.7969,1,81,0,0,0,0
258,"Jp Howell","P","2013","LAD","Los Angeles Dodgers",30.3,0,1350,2850000,2850000,1,1,"2013","2013",0,0,0,162,92,70,1,1,22,0,0,0,654,5491,1446,138,586,0.524,0.262,3.54,1.7,2.89,4,1,67,0,6,0,0,0,62,42,14,14,2,23,3,54,1,0,3,246,0.8,2.03,176,2.89,1.048,6.1,0.3,3.3,7.8,2.35,16,1,4489,0,36,0,0,0,3844,1764,196,196,4,529,9,2916,1,0,9,60516,0.64,4.1209,30976,8.3521,1.098304,37.21,0.09,10.89,60.84,5.5225
258,"Jp Howell","P","2014","LAD","Los Angeles Dodgers",31.3,1,1351,11250000,5625000,0,2,"2014","2015",0,0,0,160,94,68,1,1,26,0,0,1,718,5560,1476,134,617,0.525,0.262,3.53,1.1,1.21,3,3,68,0,8,0,0,0,49,31,14,13,2,25,1,48,1,0,3,199,0.5,2.39,147,3.3,1.143,5.7,0.4,4.6,8.8,1.92,9,9,4624,0,64,0,0,0,2401,961,196,169,4,625,1,2304,1,0,9,39601,0.25,5.7121,21609,10.89,1.306449,32.49,0.16,21.16,77.44,3.6864
258,"Jp Howell","P","2015","LAD","Los Angeles Dodgers",32.3,2,1351,11250000,5625000,0,2,"2014","2015",0,0,0,162,92,70,1,1,22,0,0,1,667,5385,1346,187,595,0.525,0.262,3.53,1.5,2.25,6,1,65,0,18,0,0,1,44,47,9,7,3,14,1,39,2,1,3,190,0.857,1.43,259,3.34,1.386,9.6,0.6,2.9,8,2.79,36,1,4225,0,324,0,0,1,1936,2209,81,49,9,196,1,1521,4,1,9,36100,0.734449,2.0449,67081,11.1556,1.920996,92.16,0.36,8.41,64,7.7841
258,"Jp Howell","P","2016","LAD","Los Angeles Dodgers",33.3,3,1352,14904584.7771827,7452292.38859137,0,2,"2016","2017",0,0,0,162,91,71,1,1,20,0,0,1,725,5518,1376,189,638,0.526,0.262,3.54,0.3,0.09,1,1,64,0,11,0,0,0,50.2,56,23,23,4,15,2,44,3,0,3,220,0.5,4.09,99,3.5,1.401,9.9,0.7,2.7,7.8,2.93,1,1,4096,0,121,0,0,0,2520.04,3136,529,529,16,225,4,1936,9,0,9,48400,0.25,16.7281,9801,12.25,1.962801,98.01,0.49,7.29,60.84,8.5849
258,"Jp Howell","P","2017","TOR","Toronto Blue Jays",34.3,5,1353,3000000,3000000,1,1,"2017","2017",0,0,0,162,76,86,0,0,-10,0,0,1,693,5499,1320,222,784,0.498,0.261,4.21,-0.3,0.09,1,1,16,0,6,0,0,0,11,13,9,9,2,7,0,6,0,0,1,52,0.5,7.36,63,6.34,1.818,10.6,1.6,5.7,4.9,0.86,1,1,256,0,36,0,0,0,121,169,81,81,4,49,0,36,0,0,1,2704,0.25,54.1696,3969,40.1956,3.305124,112.36,2.56,32.49,24.01,0.7396
259,"Juan Nicasio","P","2016","PIT","Pittsburgh Pirates",29.9,0,1356,3000000,3000000,1,1,"2016","2016",0,0,0,162,78,83,0,0,-5,0,0,0,729,5542,1426,153,758,0.504,0.265,3.71,0.4,0.16,10,7,52,12,9,0,0,0,118,117,64,59,15,45,3,138,7,0,3,513,0.588,4.5,92,3.78,1.373,8.9,1.1,3.4,10.5,3.07,100,49,2704,144,81,0,0,0,13924,13689,4096,3481,225,2025,9,19044,49,0,9,263169,0.345744,20.25,8464,14.2884,1.885129,79.21,1.21,11.56,110.25,9.4249
259,"Juan Nicasio","P","2018","SEA","Seattle Mariners",31.9,1,1357,17000000,8500000,1,2,"2018","2019",0,0,0,162,89,73,0,0,16,0,0,0,677,5513,1402,176,711,0.472,0.26,4.32,-1.1,1.21,1,6,46,0,6,0,0,1,42,53,30,28,6,5,0,53,2,0,0,183,0.143,6,68,2.99,1.381,11.4,1.3,1.1,11.4,10.6,1,36,2116,0,36,0,0,1,1764,2809,900,784,36,25,0,2809,4,0,0,33489,0.020449,36,4624,8.9401,1.907161,129.96,1.69,1.21,129.96,112.36
259,"Juan Nicasio","P","2019","PHI","Philadelphia Phillies",32.9,3,1358,21186850.0936511,10593425.0468255,1,2,"2019","2020",0,0,0,162,81,81,0,0,0,0,0,1,774,5571,1369,215,794,0.472,0.261,3.98,-0.1,0.01,2,3,47,0,10,0,0,1,47.1,57,27,25,4,21,5,45,2,1,0,217,0.4,4.75,94,3.87,1.648,10.8,0.8,4,8.6,2.14,4,9,2209,0,100,0,0,1,2218.41,3249,729,625,16,441,25,2025,4,1,0,47089,0.16,22.5625,8836,14.9769,2.715904,116.64,0.64,16,73.96,4.5796
259,"Juan Nicasio","P","2020","TEX","Texas Rangers",33.9,5,1359,1225418.66989424,1225418.66989424,1,1,"2020","2020",0,0,0,60,22,38,0,0,-16,0,0,0,224,1936,420,62,312,0.477,0.259,4.28,-0.3,0.09,0,0,2,0,0,0,0,0,1.1,5,6,6,1,2,0,1,0,0,0,11,0,40.5,14,15.94,5.25,33.8,6.8,13.5,6.8,0.5,0,0,4,0,0,0,0,0,1.21,25,36,36,1,4,0,1,0,0,0,121,0,1640.25,196,254.0836,27.5625,1142.44,46.24,182.25,46.24,0.25
260,"Julio Teheran","P","2020","LAA","Los Angeles Angels",29.5,0,1362,9000000,9000000,1,1,"2020","2020",0,0,0,60,26,34,0,0,-8,0,0,0,294,2020,501,85,321,0.499,0.257,3.98,-1.1,1.21,0,4,10,9,0,0,0,0,31.1,39,35,35,12,16,0,20,2,0,1,149,0,10.05,45,8.62,1.755,11.2,3.4,4.6,5.7,1.25,0,16,100,81,0,0,0,0,967.21,1521,1225,1225,144,256,0,400,4,0,1,22201,0,101.0025,2025,74.3044,3.080025,125.44,11.56,21.16,32.49,1.5625
260,"Julio Teheran","P","2021","DET","Detroit Tigers",30.5,1,1363,3000000,3000000,1,1,"2021","2021",0,0,0,162,77,85,0,0,-8,0,0,0,697,5376,1299,179,756,0.504,0.265,4,0.2,0.04,1,0,1,1,0,0,0,0,5,4,1,1,1,3,0,3,0,0,0,20,1,1.8,253,6.37,1.4,7.2,1.8,5.4,5.4,1,1,0,1,1,0,0,0,0,25,16,1,1,1,9,0,9,0,0,0,400,1,3.24,64009,40.5769,1.96,51.84,3.24,29.16,29.16,1
260,"Julio Teheran","P","2023","MIL","Milwaukee Brewers",32.5,2,1364,1500000,1500000,1,1,"2023","2023",0,0,0,162,92,70,1,1,22,0,0,0,728,5386,1290,165,647,0.486,0.256,4.15,0.5,0.25,3,5,14,11,1,0,0,0,71.2,68,36,35,13,13,0,50,4,2,1,288,0.375,4.4,98,4.93,1.13,8.5,1.6,1.6,6.3,3.85,9,25,196,121,1,0,0,0,5069.44,4624,1296,1225,169,169,0,2500,16,4,1,82944,0.140625,19.36,9604,24.3049,1.2769,72.25,2.56,2.56,39.69,14.8225
260,"Julio Teheran","P","2024","NYM","New York Mets",33.5,3,1365,2500000,2500000,1,1,"2024","2024",0,0,0,162,89,73,0,1,16,0,0,0,768,5510,1357,207,697,0.483,0.25,3.8,-0.2,0.04,0,0,1,1,0,0,0,0,2.2,6,4,4,1,2,0,3,0,0,0,16,0,13.5,33,8.04,3,20.3,3.4,6.8,10.1,1.5,0,0,1,1,0,0,0,0,4.84,36,16,16,1,4,0,9,0,0,0,256,0,182.25,1089,64.6416,9,412.09,11.56,46.24,102.01,2.25
261,"Junichi Tazawa","P","2017","MIA","Miami Marlins",31.2,6.086,1366,12000000,6000000,1,2,"2017","2018",0,0,0,162,77,85,0,0,-8,0,0,2,778,5602,1497,194,822,0.47,0.258,4.27,-0.7,0.49,3,5,55,0,8,0,0,0,55.1,55,35,35,8,22,4,38,2,0,2,238,0.375,5.69,70,4.97,1.392,8.9,1.3,3.6,6.2,1.73,9,25,3025,0,64,0,0,0,3036.01,3025,1225,1225,64,484,16,1444,4,0,4,56644,0.140625,32.3761,4900,24.7009,1.937664,79.21,1.69,12.96,38.44,2.9929
261,"Junichi Tazawa","P","2018","MIA","Miami Marlins",32.2,7.086,1366,12000000,6000000,1,2,"2017","2018",0,0,0,161,63,98,0,0,-35,0,0,1,589,5488,1303,128,809,0.467,0.258,4.29,-0.8,0.64,1,1,31,0,10,0,0,0,28,35,24,22,7,16,3,28,0,0,1,134,0.5,7.07,57,6.12,1.821,11.3,2.3,5.1,9,1.75,1,1,961,0,100,0,0,0,784,1225,576,484,49,256,9,784,0,0,1,17956,0.25,49.9849,3249,37.4544,3.316041,127.69,5.29,26.01,81,3.0625
262,"Junior Guerra","P","2020","ARI","Arizona Diamondbacks",35.6,3.155,1368,2650000,2650000,1,1,"2020","2020",0,0,0,60,25,35,0,0,-10,0,0,0,269,1997,482,58,295,0.493,0.257,4.22,0.5,0.25,1,2,25,0,5,0,0,0,23.2,17,10,8,1,15,2,21,2,0,2,103,0.333,3.04,149,4.12,1.352,6.5,0.4,5.7,8,1.4,1,4,625,0,25,0,0,0,538.24,289,100,64,1,225,4,441,4,0,4,10609,0.110889,9.2416,22201,16.9744,1.827904,42.25,0.16,32.49,64,1.96
262,"Junior Guerra","P","2021","LAA","Los Angeles Angels",36.6,4.155,1369,750000,750000,1,1,"2021","2021",0,0,0,162,77,85,0,0,-8,0,0,0,723,5437,1331,190,804,0.499,0.257,3.99,-0.4,0.16,5,2,41,1,14,0,0,0,65.1,67,45,44,6,46,1,61,3,2,9,307,0.714,6.06,74,4.75,1.73,9.2,0.8,6.3,8.4,1.33,25,4,1681,1,196,0,0,0,4238.01,4489,2025,1936,36,2116,1,3721,9,4,81,94249,0.509796,36.7236,5476,22.5625,2.9929,84.64,0.64,39.69,70.56,1.7689
263,"Justin Turner","NP","2021","LAD","Los Angeles Dodgers",36.8,5,1384,34000000,17000000,0,2,"2021","2022",1,0,0,162,106,56,0,1,50,0,0,0,830,5445,1330,237,561,0.529,0.261,3.53,0,0,0,0,1,0,1,0,0,0,1,2,0,0,0,0,0,0,0,0,0,5,0,0,0,3.17,2,18,0,0,0,0,0,0,1,0,1,0,0,0,1,4,0,0,0,0,0,0,0,0,0,25,0,0,0,10.0489,4,324,0,0,0,0
264,"Justin Verlander","P","2022","HOU","Houston Astros",39.5,0,1390,50000000,25000000,0,2,"2022","2023",3,1,1,162,106,56,1,1,50,1,1,0,737,5409,1341,214,518,0.501,0.255,3.8,5.6,31.36,18,4,28,28,0,0,0,0,175,116,43,34,12,29,0,185,6,0,3,666,0.818,1.75,218,2.49,0.829,6,0.6,1.5,9.5,6.38,324,16,784,784,0,0,0,0,30625,13456,1849,1156,144,841,0,34225,36,0,9,443556,0.669124,3.0625,47524,6.2001,0.687241,36,0.36,2.25,90.25,40.7044
264,"Justin Verlander","P","2023","NYM","New York Mets",40.5,2,1391,86666666,43333333,1,2,"2023","2024",0,0,0,162,75,87,0,0,-12,0,0,0,717,5363,1276,215,729,0.482,0.25,3.8,3.5,12.25,13,8,27,27,0,0,0,0,162.1,139,63,58,18,45,0,144,5,0,5,669,0.619,3.22,131,3.85,1.133,7.7,1,2.5,8,3.2,169,64,729,729,0,0,0,0,26276.41,19321,3969,3364,324,2025,0,20736,25,0,25,447561,0.383161,10.3684,17161,14.8225,1.283689,59.29,1,6.25,64,10.24
265,"Justin Wilson","P","2019","NYM","New York Mets",32,0,1393,10000000,5000000,1,2,"2019","2020",0,0,0,162,86,76,0,0,10,0,0,0,791,5624,1445,242,737,0.481,0.25,3.79,1.2,1.44,4,2,45,0,9,0,0,4,39,33,12,11,4,19,1,44,2,1,4,166,0.667,2.54,163,3.91,1.333,7.6,0.9,4.4,10.2,2.32,16,4,2025,0,81,0,0,16,1521,1089,144,121,16,361,1,1936,4,1,16,27556,0.444889,6.4516,26569,15.2881,1.776889,57.76,0.81,19.36,104.04,5.3824
265,"Justin Wilson","P","2020","NYM","New York Mets",33,1,1393,10000000,5000000,1,2,"2019","2020",0,0,0,60,26,34,0,0,-8,0,0,0,286,2023,551,86,308,0.48,0.25,3.8,0.2,0.04,2,1,23,0,2,0,0,0,19.2,18,10,8,1,9,1,23,1,0,3,86,0.667,3.66,118,3.04,1.373,8.2,0.5,4.1,10.5,2.56,4,1,529,0,4,0,0,0,368.64,324,100,64,1,81,1,529,1,0,9,7396,0.444889,13.3956,13924,9.2416,1.885129,67.24,0.25,16.81,110.25,6.5536
265,"Justin Wilson","P","2021","NYY","New York Yankees",34,2,1394,5150000,2575000,1,2,"2021","2022",0,0,0,162,92,70,0,1,22,0,0,0,711,5331,1266,222,669,0.57,0.266,3.65,-0.1,0.01,1,1,42,0,13,0,0,0,34,32,22,20,6,16,0,29,1,0,2,149,0.5,5.29,86,5.26,1.412,8.5,1.6,4.2,7.7,1.81,1,1,1764,0,169,0,0,0,1156,1024,484,400,36,256,0,841,1,0,4,22201,0.25,27.9841,7396,27.6676,1.993744,72.25,2.56,17.64,59.29,3.2761
265,"Justin Wilson","P","2022","CIN","Cincinnati Reds",35,4,1395,5740214.80970551,2870107.40485276,1,2,"2022","2023",0,0,0,162,62,100,0,0,-38,0,0,0,648,5380,1264,156,815,0.504,0.261,3.76,0.1,0.01,0,1,5,0,0,0,0,0,3.2,3,1,1,0,0,0,7,0,0,0,13,0,2.45,194,-0.71,0.818,7.4,0,0,17.2,0,0,1,25,0,0,0,0,0,10.24,9,1,1,0,0,0,49,0,0,0,169,0,6.0025,37636,0.5041,0.669124,54.76,0,0,295.84,0
265,"Justin Wilson","P","2024","CIN","Cincinnati Reds",37,7,1397,1542571.2342037,1542571.2342037,1,1,"2024","2024",0,0,0,162,77,85,0,0,-8,0,0,0,699,5325,1230,174,694,0.504,0.261,3.77,-0.2,0.04,1,5,60,0,15,0,0,2,46.2,55,30,29,10,13,1,51,2,0,3,209,0.167,5.59,79,4.73,1.457,10.6,1.9,2.5,9.8,3.92,1,25,3600,0,225,0,0,4,2134.44,3025,900,841,100,169,1,2601,4,0,9,43681,0.027889,31.2481,6241,22.3729,2.122849,112.36,3.61,6.25,96.04,15.3664
265,"Justin Wilson","P","2025","BOS","Boston Red Sox",38,8,1398,2250000,2250000,1,1,"2025","2025",0,0,0,162,89,73,0,1,16,0,0,1,786,5562,1414,186,676,0.518,0.267,3.92,0.3,0.09,4,1,61,0,3,0,0,0,48.1,48,22,18,3,20,3,57,2,0,3,207,0.8,3.35,121,2.95,1.407,8.9,0.6,3.7,10.6,2.85,16,1,3721,0,9,0,0,0,2313.61,2304,484,324,9,400,9,3249,4,0,9,42849,0.64,11.2225,14641,8.7025,1.979649,79.21,0.36,13.69,112.36,8.1225
266,"Kendall Graveman","P","2020","SEA","Seattle Mariners",29.7,1,1404,2000000,2000000,1,1,"2020","2020",0,0,0,60,27,33,0,0,-6,0,0,0,254,1929,435,60,303,0.47,0.259,4.34,-0.3,0.09,1,3,11,2,1,0,0,0,18.2,15,13,12,2,8,0,15,0,0,0,77,0.25,5.79,75,4.26,1.232,7.2,1,3.9,7.2,1.88,1,9,121,4,1,0,0,0,331.24,225,169,144,4,64,0,225,0,0,0,5929,0.0625,33.5241,5625,18.1476,1.517824,51.84,1,15.21,51.84,3.5344
266,"Kendall Graveman","P","2022","CHW","Chicago White Sox",31.7,3,1406,24000000,8000000,1,3,"2022","2024",0,0,0,162,81,81,0,0,0,0,0,2,686,5611,1435,149,717,0.503,0.26,3.78,1,1,3,4,65,0,14,0,0,6,65,65,29,23,5,26,2,66,3,0,3,285,0.429,3.18,125,3.42,1.4,9,0.7,3.6,9.1,2.54,9,16,4225,0,196,0,0,36,4225,4225,841,529,25,676,4,4356,9,0,9,81225,0.184041,10.1124,15625,11.6964,1.96,81,0.49,12.96,82.81,6.4516
266,"Kendall Graveman","P","2023","CHW","Chicago White Sox",32.7,4,1406,24000000,8000000,1,3,"2022","2024",0,0,0,162,61,101,0,0,-40,0,0,0,641,5501,1308,171,841,0.502,0.26,3.79,1.4,1.96,5,6,68,0,26,0,0,8,66.1,51,27,23,9,36,0,66,5,1,3,282,0.455,3.12,141,4.88,1.312,6.9,1.2,4.9,9,1.83,25,36,4624,0,676,0,0,64,4369.21,2601,729,529,81,1296,0,4356,25,1,9,79524,0.207025,9.7344,19881,23.8144,1.721344,47.61,1.44,24.01,81,3.3489
266,"Kendall Graveman","P","2025","ARI","Arizona Diamondbacks",34.7,9,1408,1350000,1350000,1,1,"2025","2025",0,0,0,162,80,82,0,0,-2,0,0,0,791,5480,1377,214,785,0.489,0.255,4.29,-0.3,0.09,1,0,19,0,4,0,0,0,17.2,23,14,14,2,12,0,9,1,0,0,82,1,7.13,62,5.8,1.981,11.7,1,6.1,4.6,0.75,1,0,361,0,16,0,0,0,295.84,529,196,196,4,144,0,81,1,0,0,6724,1,50.8369,3844,33.64,3.924361,136.89,1,37.21,21.16,0.5625
267,"Kendrys Morales","NP","2018","TOR","Toronto Blue Jays",35.2,6,1412,42028955.7975657,14009651.9325219,0,3,"2018","2020",0,0,0,162,73,89,0,0,-16,0,0,0,709,5477,1336,217,832,0.496,0.261,4.23,0,0,0,0,1,0,1,0,0,0,1,0,0,0,0,1,0,0,0,0,0,4,0,0,0,6.16,1,0,0,9,0,0,0,0,1,0,1,0,0,0,1,0,0,0,0,1,0,0,0,0,0,16,0,0,0,37.9456,1,0,0,81,0,0
268,"Kenley Jansen","P","2017","LAD","Los Angeles Dodgers",29.8,0,1413,80000000,16000000,0,5,"2017","2021",3,1,1,164,104,58,1,1,46,1,0,0,770,5408,1347,221,580,0.527,0.262,3.53,3,9,5,0,65,0,57,0,0,41,68.1,44,11,10,5,7,0,109,2,1,2,258,1,1.32,315,1.31,0.746,5.8,0.7,0.9,14.4,15.57,25,0,4225,0,3249,0,0,1681,4637.61,1936,121,100,25,49,0,11881,4,1,4,66564,1,1.7424,99225,1.7161,0.556516,33.64,0.49,0.81,207.36,242.4249
268,"Kenley Jansen","P","2018","LAD","Los Angeles Dodgers",30.8,1,1413,80000000,16000000,0,5,"2017","2021",1,0,0,163,92,71,1,1,21,1,0,1,804,5572,1394,235,610,0.527,0.262,3.53,0.6,0.36,1,5,69,0,59,0,0,38,71.2,54,28,24,13,17,1,82,2,2,0,289,0.167,3.01,129,4.03,0.991,6.8,1.6,2.1,10.3,4.82,1,25,4761,0,3481,0,0,1444,5069.44,2916,784,576,169,289,1,6724,4,4,0,83521,0.027889,9.0601,16641,16.2409,0.982081,46.24,2.56,4.41,106.09,23.2324
268,"Kenley Jansen","P","2019","LAD","Los Angeles Dodgers",31.8,2,1413,80000000,16000000,0,5,"2017","2021",0,0,0,162,106,56,1,1,50,0,0,0,886,5493,1414,279,613,0.528,0.262,3.53,0.1,0.01,5,3,62,0,51,0,0,33,63,51,28,26,9,16,0,80,4,3,2,263,0.625,3.71,112,3.48,1.063,7.3,1.3,2.3,11.4,5,25,9,3844,0,2601,0,0,1089,3969,2601,784,676,81,256,0,6400,16,9,4,69169,0.390625,13.7641,12544,12.1104,1.129969,53.29,1.69,5.29,129.96,25
268,"Kenley Jansen","P","2020","LAD","Los Angeles Dodgers",32.8,3,1413,80000000,16000000,0,5,"2017","2021",0,0,0,60,43,17,1,1,26,1,1,0,349,2042,523,118,213,0.528,0.261,3.53,0.4,0.16,3,1,27,0,24,0,0,11,24.1,19,11,9,2,9,0,33,3,0,0,102,0.75,3.33,132,3.03,1.151,7,0.7,3.3,12.2,3.67,9,1,729,0,576,0,0,121,580.81,361,121,81,4,81,0,1089,9,0,0,10404,0.5625,11.0889,17424,9.1809,1.324801,49,0.49,10.89,148.84,13.4689
268,"Kenley Jansen","P","2021","LAD","Los Angeles Dodgers",33.8,4,1413,80000000,16000000,0,5,"2017","2021",0,0,0,162,106,56,0,1,50,0,0,0,830,5445,1330,237,561,0.529,0.261,3.53,2.5,6.25,4,4,69,0,52,0,0,38,69,36,21,17,4,36,4,86,2,2,4,278,0.5,2.22,191,3.08,1.043,4.7,0.5,4.7,11.2,2.39,16,16,4761,0,2704,0,0,1444,4761,1296,441,289,16,1296,16,7396,4,4,16,77284,0.25,4.9284,36481,9.4864,1.087849,22.09,0.25,22.09,125.44,5.7121
268,"Kenley Jansen","P","2022","ATL","Atlanta Braves",34.8,5,1414,16000000,16000000,1,1,"2022","2022",0,0,0,162,101,61,1,1,40,0,0,1,789,5509,1394,243,609,0.502,0.26,3.67,1,1,5,2,65,0,54,0,0,41,64,45,25,24,8,22,3,85,2,1,1,260,0.714,3.38,122,3.21,1.047,6.3,1.1,3.1,12,3.86,25,4,4225,0,2916,0,0,1681,4096,2025,625,576,64,484,9,7225,4,1,1,67600,0.509796,11.4244,14884,10.3041,1.096209,39.69,1.21,9.61,144,14.8996
268,"Kenley Jansen","P","2023","BOS","Boston Red Sox",35.8,6,1415,32000000,16000000,1,2,"2023","2024",1,0,0,162,78,84,0,0,-6,0,0,0,772,5562,1437,182,776,0.518,0.267,3.92,0.7,0.49,3,6,51,0,42,0,0,29,44.2,40,21,18,5,17,1,52,2,2,1,188,0.333,3.63,126,3.66,1.276,8.1,1,3.4,10.5,3.06,9,36,2601,0,1764,0,0,841,1953.64,1600,441,324,25,289,1,2704,4,4,1,35344,0.110889,13.1769,15876,13.3956,1.628176,65.61,1,11.56,110.25,9.3636
268,"Kenley Jansen","P","2024","BOS","Boston Red Sox",36.8,7,1415,32000000,16000000,1,2,"2023","2024",0,0,0,162,81,81,0,0,0,0,0,1,751,5577,1404,194,747,0.518,0.267,3.92,1.2,1.44,4,2,54,0,38,0,0,27,54.2,38,20,20,4,20,2,62,1,2,2,218,0.667,3.29,127,3,1.061,6.3,0.7,3.3,10.2,3.1,16,4,2916,0,1444,0,0,729,2937.64,1444,400,400,16,400,4,3844,1,4,4,47524,0.444889,10.8241,16129,9,1.125721,39.69,0.49,10.89,104.04,9.61
268,"Kenley Jansen","P","2025","LAA","Los Angeles Angels",37.8,8,1416,10000000,10000000,1,1,"2025","2025",0,0,0,162,72,90,0,0,-18,0,0,1,673,5374,1209,226,837,0.495,0.256,4.02,2.4,5.76,5,4,62,0,47,0,0,29,59,37,18,17,8,19,2,57,1,3,0,234,0.556,2.59,162,3.98,0.949,5.6,1.2,2.9,8.7,3,25,16,3844,0,2209,0,0,841,3481,1369,324,289,64,361,4,3249,1,9,0,54756,0.309136,6.7081,26244,15.8404,0.900601,31.36,1.44,8.41,75.69,9
269,"Keury Mella","P","2017","CIN","Cincinnati Reds",24,0,1417,695958.90057858,695958.90057858,1,1,"2017","2017",0,0,0,165,68,94,0,0,-26,0,0,0,753,5484,1390,219,869,0.506,0.261,3.74,0,0,0,0,2,0,1,0,0,0,4,5,3,3,1,2,1,1,0,0,0,19,0,6.75,72,7.41,1.75,11.3,2.3,4.5,2.3,0.5,0,0,4,0,1,0,0,0,16,25,9,9,1,4,1,1,0,0,0,361,0,45.5625,5184,54.9081,3.0625,127.69,5.29,20.25,5.29,0.25
269,"Keury Mella","P","2019","CIN","Cincinnati Reds",26,1,1418,691688.341292727,691688.341292727,0,1,"2019","2019",0,0,0,162,75,87,0,0,-12,0,0,1,701,5450,1328,227,711,0.505,0.261,3.75,0,0,0,0,2,0,1,0,0,0,3.2,5,3,3,0,2,1,4,0,0,0,18,0,7.36,69,2.67,1.909,12.3,0,4.9,9.8,2,0,0,4,0,1,0,0,0,10.24,25,9,9,0,4,1,16,0,0,0,324,0,54.1696,4761,7.1289,3.644281,151.29,0,24.01,96.04,4
269,"Keury Mella","P","2020","ARI","Arizona Diamondbacks",27,2,1419,690523.420485407,690523.420485407,1,1,"2020","2020",0,0,0,60,25,35,0,0,-10,0,0,0,269,1997,482,58,295,0.493,0.257,4.22,0.2,0.04,2,0,11,0,3,0,0,0,10,10,3,2,1,3,1,10,0,0,1,42,1,1.8,258,3.39,1.3,9,0.9,2.7,9,3.33,4,0,121,0,9,0,0,0,100,100,9,4,1,9,1,100,0,0,1,1764,1,3.24,66564,11.4921,1.69,81,0.81,7.29,81,11.0889
270,"Kevin Correia","P","2013","MIN","Minnesota Twins",33,0,1420,10000000,5000000,1,2,"2013","2014",0,0,0,162,66,96,0,0,-30,0,0,0,617,5577,1335,151,798,0.481,0.263,3.96,2.3,5.29,9,13,31,31,0,0,0,0,185.1,218,89,86,24,45,1,101,2,0,2,792,0.409,4.18,98,4.4,1.419,10.6,1.2,2.2,4.9,2.24,81,169,961,961,0,0,0,0,34262.01,47524,7921,7396,576,2025,1,10201,4,0,4,627264,0.167281,17.4724,9604,19.36,2.013561,112.36,1.44,4.84,24.01,5.0176
270,"Kevin Correia","P","2014","MIN","Minnesota Twins",34,1,1420,10000000,5000000,1,2,"2013","2014",0,0,0,162,70,92,0,0,-22,0,0,0,715,5567,1412,128,777,0.48,0.263,3.97,-1.1,1.21,7,17,32,26,3,0,0,0,154,191,104,93,20,40,2,79,5,1,7,687,0.292,5.44,71,4.67,1.5,11.2,1.2,2.3,4.6,1.98,49,289,1024,676,9,0,0,0,23716,36481,10816,8649,400,1600,4,6241,25,1,49,471969,0.085264,29.5936,5041,21.8089,2.25,125.44,1.44,5.29,21.16,3.9204
270,"Kevin Correia","P","2015","PHI","Philadelphia Phillies",35,2,1421,6500000,6500000,1,1,"2015","2015",0,0,0,162,63,99,0,0,-36,0,0,1,626,5529,1374,130,809,0.472,0.261,3.97,-0.7,0.49,0,3,5,5,0,0,0,0,23.1,37,23,17,4,8,0,14,0,0,0,114,0,6.56,59,5.19,1.929,14.3,1.5,3.1,5.4,1.75,0,9,25,25,0,0,0,0,533.61,1369,529,289,16,64,0,196,0,0,0,12996,0,43.0336,3481,26.9361,3.721041,204.49,2.25,9.61,29.16,3.0625
271,"Kevin Gausman","P","2022","TOR","Toronto Blue Jays",31.6,7.151,1424,110000000,22000000,1,5,"2022","2026",2,0,1,162,92,70,0,1,22,0,0,1,775,5555,1464,200,679,0.498,0.261,4.23,3,9,12,10,31,31,0,0,0,0,174.2,188,72,65,15,28,0,205,1,2,2,725,0.545,3.35,115,2.38,1.237,9.7,0.8,1.4,10.6,7.32,144,100,961,961,0,0,0,0,30345.64,35344,5184,4225,225,784,0,42025,1,4,4,525625,0.297025,11.2225,13225,5.6644,1.530169,94.09,0.64,1.96,112.36,53.5824
271,"Kevin Gausman","P","2023","TOR","Toronto Blue Jays",32.6,8.151,1424,110000000,22000000,1,5,"2022","2026",2,0,1,162,89,73,0,1,16,0,0,1,746,5562,1423,188,671,0.499,0.261,4.22,3.5,12.25,12,9,31,31,0,0,0,0,185,163,72,65,19,55,0,237,3,2,3,763,0.571,3.16,136,2.97,1.178,7.9,0.9,2.7,11.5,4.31,144,81,961,961,0,0,0,0,34225,26569,5184,4225,361,3025,0,56169,9,4,9,582169,0.326041,9.9856,18496,8.8209,1.387684,62.41,0.81,7.29,132.25,18.5761
271,"Kevin Gausman","P","2024","TOR","Toronto Blue Jays",33.6,9.151,1424,110000000,22000000,1,5,"2022","2026",0,0,0,162,74,88,0,0,-14,0,0,0,671,5410,1306,156,743,0.498,0.26,4.22,1.1,1.21,14,11,31,31,0,2,1,0,181,165,86,77,20,56,0,162,2,2,3,756,0.56,3.83,107,3.77,1.221,8.2,1,2.8,8.1,2.89,196,121,961,961,0,4,1,0,32761,27225,7396,5929,400,3136,0,26244,4,4,9,571536,0.3136,14.6689,11449,14.2129,1.490841,67.24,1,7.84,65.61,8.3521
271,"Kevin Gausman","P","2025","TOR","Toronto Blue Jays",34.6,10.151,1424,110000000,22000000,1,5,"2022","2026",0,0,0,162,94,68,1,1,26,1,0,1,798,5507,1461,191,721,0.5,0.26,4.22,3.8,14.44,10,11,32,32,0,1,1,0,193,155,79,77,21,50,2,189,3,2,1,775,0.476,3.59,120,3.41,1.062,7.2,1,2.3,8.8,3.78,100,121,1024,1024,0,1,1,0,37249,24025,6241,5929,441,2500,4,35721,9,4,1,600625,0.226576,12.8881,14400,11.6281,1.127844,51.84,1,5.29,77.44,14.2884
272,"Kevin Gregg","P","2014","MIA","Miami Marlins",36.2,0.0020000000000007,1425,1286387,1286387,1,1,"2014","2014",0,0,0,162,77,85,0,0,-8,0,0,0,645,5538,1399,122,674,0.47,0.258,4.27,-0.6,0.36,0,0,12,0,2,0,0,0,9,11,10,10,2,5,0,6,0,0,1,41,0,10,39,6.35,1.778,11,2,5,6,1.2,0,0,144,0,4,0,0,0,81,121,100,100,4,25,0,36,0,0,1,1681,0,100,1521,40.3225,3.161284,121,4,25,36,1.44
272,"Kevin Gregg","P","2015","CIN","Cincinnati Reds",37.2,1.002,1426,1500000,1500000,1,1,"2015","2015",0,0,0,162,64,98,0,0,-34,0,0,0,640,5571,1382,167,754,0.507,0.262,3.72,-0.7,0.49,0,2,11,0,2,0,0,0,10.2,13,12,12,3,5,0,14,0,0,1,51,0,10.13,40,5.57,1.688,11,2.5,4.2,11.8,2.8,0,4,121,0,4,0,0,0,104.04,169,144,144,9,25,0,196,0,0,1,2601,0,102.6169,1600,31.0249,2.849344,121,6.25,17.64,139.24,7.84
273,"Kevin Pillar","NP","2021","NYM","New York Mets",32.6,1,1432,6500000,3250000,1,2,"2021","2022",0,0,0,162,77,85,0,0,-8,0,0,0,636,5210,1243,176,668,0.48,0.25,3.8,0,0,0,0,1,0,1,0,0,0,0.1,0,0,0,0,0,0,0,0,0,0,1,0,0,0,3.17,0,0,0,0,0,0,0,0,1,0,1,0,0,0,0.01,0,0,0,0,0,0,0,0,0,0,1,0,0,0,10.0489,0,0,0,0,0,0
274,"Kevin Plawecki","NP","2020","BOS","Boston Red Sox",29.5,3.167,1437,900000,900000,1,1,"2020","2020",0,0,0,60,24,36,0,0,-12,0,0,0,292,2083,552,81,351,0.518,0.267,3.91,0,0,0,0,1,0,1,0,0,0,0.2,0,0,0,0,1,0,0,0,0,0,3,0,0,0,7.69,1.5,0,0,13.5,0,0,0,0,1,0,1,0,0,0,0.04,0,0,0,0,1,0,0,0,0,0,9,0,0,0,59.1361,2.25,0,0,182.25,0,0
275,"Keynan Middleton","P","2021","SEA","Seattle Mariners",27.9,0,1439,800000,800000,1,1,"2021","2021",0,0,0,162,90,72,0,0,18,0,0,0,697,5355,1209,199,748,0.472,0.259,4.34,0,0,1,2,32,1,10,0,0,4,31,30,20,17,2,19,1,24,2,0,0,140,0.333,4.94,84,4.49,1.581,8.7,0.6,5.5,7,1.26,1,4,1024,1,100,0,0,16,961,900,400,289,4,361,1,576,4,0,0,19600,0.110889,24.4036,7056,20.1601,2.499561,75.69,0.36,30.25,49,1.5876
275,"Keynan Middleton","P","2022","ARI","Arizona Diamondbacks",28.9,1,1440,891683.853934837,891683.853934837,1,1,"2022","2022",0,0,0,162,74,88,0,0,-14,0,0,0,702,5351,1232,173,740,0.485,0.255,4.26,-0.6,0.36,1,2,18,0,2,0,0,0,17,16,13,10,5,3,0,15,1,0,1,69,0.333,5.29,78,5.88,1.118,8.5,2.6,1.6,7.9,5,1,4,324,0,4,0,0,0,289,256,169,100,25,9,0,225,1,0,1,4761,0.110889,27.9841,6084,34.5744,1.249924,72.25,6.76,2.56,62.41,25
275,"Keynan Middleton","P","2023","CHW","Chicago White Sox",29.9,2,1441,800000,800000,1,1,"2023","2023",0,0,0,162,61,101,0,0,-40,0,0,0,641,5501,1308,171,841,0.502,0.26,3.79,0.9,0.81,2,2,51,0,11,0,0,2,50.2,40,20,19,8,23,0,64,1,0,2,212,0.5,3.38,132,4.2,1.243,7.1,1.4,4.1,11.4,2.78,4,4,2601,0,121,0,0,4,2520.04,1600,400,361,64,529,0,4096,1,0,4,44944,0.25,11.4244,17424,17.64,1.545049,50.41,1.96,16.81,129.96,7.7284
276,"Kirby Yates","P","2022","ATL","Atlanta Braves",35.4,1,1444,8250000,4125000,1,2,"2022","2023",0,0,0,162,101,61,1,1,40,0,0,1,789,5509,1394,243,609,0.502,0.26,3.67,-0.1,0.01,0,0,9,0,3,0,0,0,7,6,4,4,2,5,0,6,0,0,2,33,0,5.14,84,7.25,1.571,7.7,2.6,6.4,7.7,1.2,0,0,81,0,9,0,0,0,49,36,16,16,4,25,0,36,0,0,4,1089,0,26.4196,7056,52.5625,2.468041,59.29,6.76,40.96,59.29,1.44
276,"Kirby Yates","P","2023","ATL","Atlanta Braves",36.4,2,1444,8250000,4125000,1,2,"2022","2023",0,0,0,162,104,58,1,1,46,0,0,0,947,5597,1543,307,716,0.503,0.26,3.67,1.1,1.21,7,2,61,0,16,0,0,5,60.1,35,22,22,9,37,1,80,5,1,5,254,0.778,3.28,133,4.63,1.193,5.2,1.3,5.5,11.9,2.16,49,4,3721,0,256,0,0,25,3612.01,1225,484,484,81,1369,1,6400,25,1,25,64516,0.605284,10.7584,17689,21.4369,1.423249,27.04,1.69,30.25,141.61,4.6656
276,"Kirby Yates","P","2024","TEX","Texas Rangers",37.4,3,1445,4627713.70261111,4627713.70261111,1,1,"2024","2024",2,0,1,162,78,84,0,0,-6,0,0,1,683,5472,1302,176,738,0.476,0.258,4.29,3.1,9.61,7,2,61,0,50,0,0,33,61.2,23,10,8,3,28,5,85,2,2,1,237,0.778,1.17,326,2.5,0.827,3.4,0.4,4.1,12.4,3.04,49,4,3721,0,2500,0,0,1089,3745.44,529,100,64,9,784,25,7225,4,4,1,56169,0.605284,1.3689,106276,6.25,0.683929,11.56,0.16,16.81,153.76,9.2416
276,"Kirby Yates","P","2025","LAD","Los Angeles Dodgers",38.4,4,1446,13000000,13000000,1,1,"2025","2025",0,0,0,162,93,69,1,1,24,1,1,1,825,5481,1384,244,683,0.532,0.261,3.53,-0.5,0.25,4,3,50,0,15,0,0,3,41.1,38,26,24,9,17,0,52,1,0,1,178,0.571,5.23,78,4.76,1.331,8.3,2,3.7,11.3,3.06,16,9,2500,0,225,0,0,9,1689.21,1444,676,576,81,289,0,2704,1,0,1,31684,0.326041,27.3529,6084,22.6576,1.771561,68.89,4,13.69,127.69,9.3636
277,"Kohl Stewart","P","2021","CHC","Chicago Cubs",26.8,1.065,1448,700000,700000,1,1,"2021","2021",0,0,0,162,71,91,0,0,-20,0,0,0,705,5306,1255,210,839,0.513,0.262,3.69,-0.3,0.09,1,1,4,3,0,0,0,0,13.2,17,12,8,2,6,0,11,2,0,0,64,0.5,5.27,82,5.22,1.683,11.2,1.3,4,7.2,1.83,1,1,16,9,0,0,0,0,174.24,289,144,64,4,36,0,121,4,0,0,4096,0.25,27.7729,6724,27.2484,2.832489,125.44,1.69,16,51.84,3.3489
278,"Koji Uehara","P","2013","BOS","Boston Red Sox",38.3,0,1449,4250000,4250000,1,1,"2013","2013",3,1,1,162,97,65,1,1,32,0,0,0,861,5669,1573,178,657,0.517,0.267,3.9,3.5,12.25,4,1,73,0,40,0,0,21,74.1,33,10,9,5,9,2,101,1,0,1,265,0.8,1.09,379,1.61,0.565,4,0.6,1.1,12.2,11.22,16,1,5329,0,1600,0,0,441,5490.81,1089,100,81,25,81,4,10201,1,0,1,70225,0.64,1.1881,143641,2.5921,0.319225,16,0.36,1.21,148.84,125.8884
278,"Koji Uehara","P","2016","BOS","Boston Red Sox",41.3,1,1450,23847335.6434924,11923667.8217462,0,2,"2016","2017",0,0,0,162,93,69,1,1,24,0,0,0,878,5670,1598,208,694,0.517,0.267,3.9,0.7,0.49,2,3,50,0,12,0,0,7,47,34,18,18,8,11,1,63,2,0,1,184,0.4,3.45,130,3.51,0.957,6.5,1.5,2.1,12.1,5.73,4,9,2500,0,144,0,0,49,2209,1156,324,324,64,121,1,3969,4,0,1,33856,0.16,11.9025,16900,12.3201,0.915849,42.25,2.25,4.41,146.41,32.8329
278,"Koji Uehara","P","2017","CHC","Chicago Cubs",42.3,3,1451,6000000,6000000,1,1,"2017","2017",0,0,0,166,92,70,1,1,22,0,0,0,822,5496,1402,223,695,0.513,0.263,3.68,0.2,0.04,3,4,49,0,10,0,0,2,43,38,21,19,7,12,3,50,0,0,0,178,0.429,3.98,111,3.79,1.163,8,1.5,2.5,10.5,4.17,9,16,2401,0,100,0,0,4,1849,1444,441,361,49,144,9,2500,0,0,0,31684,0.184041,15.8404,12321,14.3641,1.352569,64,2.25,6.25,110.25,17.3889
279,"Kris Medlen","P","2018","ARI","Arizona Diamondbacks",32.8,3,1459,1100000,1100000,1,1,"2018","2018",0,0,0,162,82,80,0,0,2,0,0,0,693,5460,1283,176,644,0.493,0.257,4.21,-0.3,0.09,0,1,1,1,0,0,0,0,4,9,7,7,0,4,0,4,0,0,2,25,0,15.75,29,4.16,3.25,20.3,0,9,9,1,0,1,1,1,0,0,0,0,16,81,49,49,0,16,0,16,0,0,4,625,0,248.0625,841,17.3056,10.5625,412.09,0,81,81,1
280,"Kyle Farnsworth","P","2014","NYM","New York Mets",38.3,2.1,1466,1000000,1000000,1,1,"2014","2014",0,0,0,162,79,83,0,0,-4,0,0,2,629,5472,1306,125,618,0.478,0.25,3.76,0,0,0,3,35,0,16,0,0,3,28.2,32,14,14,2,15,2,18,0,0,1,128,0,4.4,85,4.35,1.64,10,0.6,4.7,5.7,1.2,0,9,1225,0,256,0,0,9,795.24,1024,196,196,4,225,4,324,0,0,1,16384,0,19.36,7225,18.9225,2.6896,100,0.36,22.09,32.49,1.44
281,"Kyle Gibson","P","2020","TEX","Texas Rangers",32.8,0,1467,28000000,9333333.33333333,1,3,"2020","2022",0,0,0,60,22,38,0,0,-16,0,0,0,224,1936,420,62,312,0.477,0.259,4.28,-0.1,0.01,2,6,12,12,0,1,1,0,67.1,73,44,40,12,30,1,58,6,0,1,301,0.25,5.35,84,5.39,1.53,9.8,1.6,4,7.8,1.93,4,36,144,144,0,1,1,0,4502.41,5329,1936,1600,144,900,1,3364,36,0,1,90601,0.0625,28.6225,7056,29.0521,2.3409,96.04,2.56,16,60.84,3.7249
281,"Kyle Gibson","P","2021","TEX","Texas Rangers",33.8,1,1467,28000000,9333333.33333333,1,3,"2020","2022",1,0,0,162,60,102,0,0,-42,0,0,0,625,5405,1254,167,815,0.476,0.259,4.29,3.5,12.25,10,9,31,30,0,0,0,0,182,158,78,75,17,64,2,155,8,1,2,754,0.526,3.71,117,3.87,1.22,7.8,0.8,3.2,7.7,2.42,100,81,961,900,0,0,0,0,33124,24964,6084,5625,289,4096,4,24025,64,1,4,568516,0.276676,13.7641,13689,14.9769,1.4884,60.84,0.64,10.24,59.29,5.8564
281,"Kyle Gibson","P","2023","BAL","Baltimore Orioles",35.8,3,1468,10000000,10000000,1,1,"2023","2023",0,0,0,162,101,61,1,1,40,0,0,0,807,5495,1399,183,678,0.474,0.258,4.05,0.7,0.49,15,9,33,33,0,0,0,0,192,198,101,101,23,55,0,157,6,0,8,807,0.625,4.73,86,4.13,1.318,9.3,1.1,2.6,7.4,2.85,225,81,1089,1089,0,0,0,0,36864,39204,10201,10201,529,3025,0,24649,36,0,64,651249,0.390625,22.3729,7396,17.0569,1.737124,86.49,1.21,6.76,54.76,8.1225
281,"Kyle Gibson","P","2024","STL","St Louis Cardinals",36.8,4,1469,13000000,13000000,1,1,"2024","2024",0,0,0,162,83,79,0,0,4,0,0,0,672,5507,1363,165,719,0.52,0.266,3.69,0.9,0.81,8,8,30,30,0,0,0,0,169.2,161,91,80,23,68,1,151,4,0,5,722,0.5,4.24,97,4.42,1.35,8.5,1.2,3.6,8,2.22,64,64,900,900,0,0,0,0,28628.64,25921,8281,6400,529,4624,1,22801,16,0,25,521284,0.25,17.9776,9409,19.5364,1.8225,72.25,1.44,12.96,64,4.9284
281,"Kyle Gibson","P","2025","BAL","Baltimore Orioles",37.8,5,1470,5250000,5250000,1,1,"2025","2025",0,0,0,162,75,87,0,0,-12,0,0,0,677,5416,1273,191,788,0.475,0.258,4.05,-1.1,1.21,0,3,4,4,0,0,0,0,12.1,29,23,23,7,7,0,10,0,0,1,73,0,16.78,25,10.59,2.919,21.2,5.1,5.1,7.3,1.43,0,9,16,16,0,0,0,0,146.41,841,529,529,49,49,0,100,0,0,1,5329,0,281.5684,625,112.1481,8.520561,449.44,26.01,26.01,53.29,2.0449
282,"Kyle Kendrick","P","2015","COL","Colorado Rockies",31,6.159,1471,5500000,5500000,1,1,"2015","2015",0,0,0,162,68,94,0,0,-26,0,0,0,737,5572,1479,186,844,0.466,0.275,5,-0.6,0.36,7,13,27,27,0,0,0,0,142.1,172,102,100,33,45,2,80,7,0,4,629,0.35,6.32,73,6.12,1.525,10.9,2.1,2.8,5.1,1.78,49,169,729,729,0,0,0,0,20192.41,29584,10404,10000,1089,2025,4,6400,49,0,16,395641,0.1225,39.9424,5329,37.4544,2.325625,118.81,4.41,7.84,26.01,3.1684
282,"Kyle Kendrick","P","2017","BOS","Boston Red Sox",33,0.159,1472,1000000,1000000,1,1,"2017","2017",0,0,0,162,93,69,1,1,24,0,0,0,785,5669,1461,168,668,0.517,0.267,3.9,-0.5,0.25,0,2,2,2,0,0,0,0,8.1,18,12,12,1,3,0,3,0,0,0,45,0,12.96,37,5.08,2.52,19.4,1.1,3.2,3.2,1,0,4,4,4,0,0,0,0,65.61,324,144,144,1,9,0,9,0,0,0,2025,0,167.9616,1369,25.8064,6.3504,376.36,1.21,10.24,10.24,1
283,"Kyle Lohse","P","2013","MIL","Milwaukee Brewers",34.8,3.092,1473,33000000,11000000,1,3,"2013","2015",0,0,0,162,74,88,0,0,-14,0,0,0,640,5474,1381,157,687,0.478,0.259,4.2,3,9,11,10,32,32,0,2,1,0,198.2,196,78,74,26,36,1,125,3,0,1,806,0.524,3.35,115,4.08,1.168,8.9,1.2,1.6,5.7,3.47,121,100,1024,1024,0,4,1,0,39283.24,38416,6084,5476,676,1296,1,15625,9,0,1,649636,0.274576,11.2225,13225,16.6464,1.364224,79.21,1.44,2.56,32.49,12.0409
283,"Kyle Lohse","P","2014","MIL","Milwaukee Brewers",35.8,4.092,1473,33000000,11000000,1,3,"2013","2015",0,0,0,162,82,80,0,0,2,0,0,0,650,5462,1366,150,657,0.478,0.259,4.19,2.3,5.29,13,9,31,31,0,2,2,0,198.1,183,87,78,22,45,0,141,8,0,1,817,0.591,3.54,107,3.95,1.15,8.3,1,2,6.4,3.13,169,81,961,961,0,4,4,0,39243.61,33489,7569,6084,484,2025,0,19881,64,0,1,667489,0.349281,12.5316,11449,15.6025,1.3225,68.89,1,4,40.96,9.7969
283,"Kyle Lohse","P","2015","MIL","Milwaukee Brewers",36.8,5.092,1473,33000000,11000000,1,3,"2013","2015",0,0,0,162,68,94,0,0,-26,0,0,0,655,5480,1378,145,737,0.477,0.259,4.19,-1.1,1.21,5,13,37,22,5,0,0,2,152.1,180,99,99,29,43,3,108,4,0,5,665,0.278,5.85,68,5.12,1.464,10.6,1.7,2.5,6.4,2.51,25,169,1369,484,25,0,0,4,23134.41,32400,9801,9801,841,1849,9,11664,16,0,25,442225,0.077284,34.2225,4624,26.2144,2.143296,112.36,2.89,6.25,40.96,6.3001
283,"Kyle Lohse","P","2016","TEX","Texas Rangers",37.8,6.092,1474,507500,507500,1,1,"2016","2016",0,0,0,162,95,67,1,1,28,0,0,0,765,5525,1446,215,757,0.479,0.26,4.24,-0.5,0.25,0,2,2,2,0,0,0,0,9.1,15,13,13,4,5,1,3,0,0,0,48,0,12.54,38,9.68,2.143,14.5,3.9,4.8,2.9,0.6,0,4,4,4,0,0,0,0,82.81,225,169,169,16,25,1,9,0,0,0,2304,0,157.2516,1444,93.7024,4.592449,210.25,15.21,23.04,8.41,0.36
284,"Lance Lynn","P","2018","MIN","Minnesota Twins",31.2,0,1479,12000000,12000000,1,1,"2018","2018",0,0,0,162,78,84,0,0,-6,0,0,1,738,5526,1379,166,775,0.48,0.263,3.99,0.4,0.16,10,10,31,29,0,0,0,0,156.2,163,87,83,14,76,3,161,6,0,5,700,0.5,4.77,89,3.84,1.526,9.4,0.8,4.4,9.2,2.12,100,100,961,841,0,0,0,0,24398.44,26569,7569,6889,196,5776,9,25921,36,0,25,490000,0.25,22.7529,7921,14.7456,2.328676,88.36,0.64,19.36,84.64,4.4944
284,"Lance Lynn","P","2019","TEX","Texas Rangers",32.2,1,1480,30000000,10000000,1,3,"2019","2021",2,0,1,162,78,84,0,0,-6,0,0,1,810,5540,1374,223,878,0.478,0.259,4.28,7.7,59.29,16,11,33,33,0,0,0,0,208.1,195,89,85,21,59,0,246,8,0,18,875,0.593,3.67,141,3.13,1.219,8.4,0.9,2.5,10.6,4.17,256,121,1089,1089,0,0,0,0,43305.61,38025,7921,7225,441,3481,0,60516,64,0,324,765625,0.351649,13.4689,19881,9.7969,1.485961,70.56,0.81,6.25,112.36,17.3889
284,"Lance Lynn","P","2020","TEX","Texas Rangers",33.2,2,1480,30000000,10000000,1,3,"2019","2021",2,0,1,60,22,38,0,0,-16,0,0,0,224,1936,420,62,312,0.477,0.259,4.28,2.2,4.84,6,3,13,13,0,1,0,0,84,64,34,31,13,25,0,89,6,0,2,344,0.667,3.32,135,4.19,1.06,6.9,1.4,2.7,9.5,3.56,36,9,169,169,0,1,0,0,7056,4096,1156,961,169,625,0,7921,36,0,4,118336,0.444889,11.0224,18225,17.5561,1.1236,47.61,1.96,7.29,90.25,12.6736
284,"Lance Lynn","P","2022","CHW","Chicago White Sox",35.2,4,1481,42354983.0619047,21177491.5309524,1,2,"2022","2023",0,0,0,162,81,81,0,0,0,0,0,2,686,5611,1435,149,717,0.503,0.26,3.78,0.7,0.49,8,7,21,21,0,0,0,0,121.2,119,65,54,19,19,0,124,10,0,4,512,0.533,3.99,99,3.82,1.134,8.8,1.4,1.4,9.2,6.53,64,49,441,441,0,0,0,0,14689.44,14161,4225,2916,361,361,0,15376,100,0,16,262144,0.284089,15.9201,9801,14.5924,1.285956,77.44,1.96,1.96,84.64,42.6409
284,"Lance Lynn","P","2023","CHW","Chicago White Sox",36.2,5,1481,42354983.0619047,21177491.5309524,1,2,"2022","2023",0,0,0,162,61,101,0,0,-40,0,0,0,641,5501,1308,171,841,0.502,0.26,3.79,-0.9,0.81,13,11,32,32,0,0,0,0,183.2,189,127,117,44,67,1,191,9,0,3,808,0.542,5.73,77,5.53,1.394,9.3,2.2,3.3,9.4,2.85,169,121,1024,1024,0,0,0,0,33562.24,35721,16129,13689,1936,4489,1,36481,81,0,9,652864,0.293764,32.8329,5929,30.5809,1.943236,86.49,4.84,10.89,88.36,8.1225
284,"Lance Lynn","P","2024","STL","St Louis Cardinals",37.2,8,1483,11000000,11000000,1,1,"2024","2024",0,0,0,162,83,79,0,0,4,0,0,0,672,5507,1363,165,719,0.52,0.266,3.69,0.2,0.04,7,4,23,23,0,0,0,0,117.1,113,64,50,16,44,0,109,4,0,3,511,0.636,3.84,107,4.31,1.338,8.7,1.2,3.4,8.4,2.48,49,16,529,529,0,0,0,0,13712.41,12769,4096,2500,256,1936,0,11881,16,0,9,261121,0.404496,14.7456,11449,18.5761,1.790244,75.69,1.44,11.56,70.56,6.1504
285,"Latroy Hawkins","P","2012","LAA","Los Angeles Angels",39.6,0,1484,3000000,3000000,1,1,"2012","2012",0,0,0,162,89,73,0,0,16,0,0,0,767,5536,1518,187,699,0.499,0.258,3.94,0.1,0.01,2,3,48,0,7,0,0,1,42,45,20,17,5,13,1,23,0,0,0,178,0.4,3.64,105,4.47,1.381,9.6,1.1,2.8,4.9,1.77,4,9,2304,0,49,0,0,1,1764,2025,400,289,25,169,1,529,0,0,0,31684,0.16,13.2496,11025,19.9809,1.907161,92.16,1.21,7.84,24.01,3.1329
285,"Latroy Hawkins","P","2013","NYM","New York Mets",40.6,1,1485,1000000,1000000,1,1,"2013","2013",0,0,0,162,74,88,0,0,-14,0,0,0,619,5559,1318,130,684,0.478,0.251,3.77,0.6,0.36,3,2,72,0,28,0,0,13,70.2,71,27,23,6,10,2,55,1,0,1,288,0.6,2.93,122,3.06,1.146,9,0.8,1.3,7,5.5,9,4,5184,0,784,0,0,169,4928.04,5041,729,529,36,100,4,3025,1,0,1,82944,0.36,8.5849,14884,9.3636,1.313316,81,0.64,1.69,49,30.25
285,"Latroy Hawkins","P","2014","COL","Colorado Rockies",41.6,2,1486,2250000,2250000,1,1,"2014","2014",0,0,0,162,66,96,0,0,-30,0,0,0,755,5612,1551,186,818,0.469,0.276,5,0.9,0.81,4,3,57,0,48,0,0,23,54.1,52,23,20,3,13,2,32,0,0,3,226,0.571,3.31,129,3.39,1.196,8.6,0.5,2.2,5.3,2.46,16,9,3249,0,2304,0,0,529,2926.81,2704,529,400,9,169,4,1024,0,0,9,51076,0.326041,10.9561,16641,11.4921,1.430416,73.96,0.25,4.84,28.09,6.0516
286,"Liam Hendriks","P","2021","CHW","Chicago White Sox",32.5,0,1488,54000000,18000000,1,3,"2021","2023",2,0,1,162,93,69,1,1,24,0,0,0,796,5357,1373,190,636,0.503,0.26,3.78,2.6,6.76,8,3,69,0,58,0,0,38,71,45,23,20,11,7,1,113,1,0,6,267,0.727,2.54,173,2.34,0.732,5.7,1.4,0.9,14.3,16.14,64,9,4761,0,3364,0,0,1444,5041,2025,529,400,121,49,1,12769,1,0,36,71289,0.528529,6.4516,29929,5.4756,0.535824,32.49,1.96,0.81,204.49,260.4996
286,"Liam Hendriks","P","2022","CHW","Chicago White Sox",33.5,1,1488,54000000,18000000,1,3,"2021","2023",1,0,0,162,81,81,0,0,0,0,0,2,686,5611,1435,149,717,0.503,0.26,3.78,1.7,2.89,4,4,58,0,51,0,0,37,57.2,44,22,18,7,16,1,85,2,0,8,235,0.5,2.81,142,2.68,1.04,6.9,1.1,2.5,13.3,5.31,16,16,3364,0,2601,0,0,1369,3271.84,1936,484,324,49,256,1,7225,4,0,64,55225,0.25,7.8961,20164,7.1824,1.0816,47.61,1.21,6.25,176.89,28.1961
286,"Liam Hendriks","P","2023","CHW","Chicago White Sox",34.5,2,1488,54000000,18000000,1,3,"2021","2023",0,0,0,162,61,101,0,0,-40,0,0,0,641,5501,1308,171,841,0.502,0.26,3.79,-0.1,0.01,2,0,5,0,3,0,0,1,5,4,3,3,1,1,0,3,0,0,0,20,1,5.4,87,5.26,1,7.2,1.8,1.8,5.4,3,4,0,25,0,9,0,0,1,25,16,9,9,1,1,0,9,0,0,0,400,1,29.16,7569,27.6676,1,51.84,3.24,3.24,29.16,9
286,"Liam Hendriks","P","2025","BOS","Boston Red Sox",36.5,4,1489,10000000,5000000,1,2,"2024","2025",0,0,0,162,89,73,0,1,16,0,0,1,786,5562,1414,186,676,0.518,0.267,3.92,-0.3,0.09,0,2,14,0,6,0,0,0,13.2,12,11,10,2,7,0,12,1,0,0,59,0,6.59,63,5.04,1.39,7.9,1.3,4.6,7.9,1.71,0,4,196,0,36,0,0,0,174.24,144,121,100,4,49,0,144,1,0,0,3481,0,43.4281,3969,25.4016,1.9321,62.41,1.69,21.16,62.41,2.9241
287,"Louis Coleman","P","2016","LAD","Los Angeles Dodgers",30.3,0,1494,750000,750000,1,1,"2016","2016",0,0,0,162,91,71,1,1,20,0,0,1,725,5518,1376,189,638,0.526,0.262,3.54,-0.4,0.16,2,1,61,0,11,0,0,0,48,45,27,25,5,24,2,45,3,0,3,211,0.667,4.69,86,4.31,1.438,8.4,0.9,4.5,8.4,1.88,4,1,3721,0,121,0,0,0,2304,2025,729,625,25,576,4,2025,9,0,9,44521,0.444889,21.9961,7396,18.5761,2.067844,70.56,0.81,20.25,70.56,3.5344
287,"Louis Coleman","P","2018","DET","Detroit Tigers",32.3,1,1495,694114.573020403,694114.573020403,1,1,"2018","2018",0,0,0,162,64,98,0,0,-34,0,0,0,630,5494,1326,135,796,0.506,0.265,3.98,1,1,4,1,51,0,9,0,0,0,51.1,43,21,20,5,24,2,41,6,0,0,217,0.8,3.51,129,4.58,1.305,7.5,0.9,4.2,7.2,1.71,16,1,2601,0,81,0,0,0,2611.21,1849,441,400,25,576,4,1681,36,0,0,47089,0.64,12.3201,16641,20.9764,1.703025,56.25,0.81,17.64,51.84,2.9241
288,"Lucas Luetge","P","2021","NYY","New York Yankees",34.4,0,1500,709893.780094137,709893.780094137,1,1,"2021","2021",0,0,0,162,92,70,0,1,22,0,0,0,711,5331,1266,222,669,0.57,0.266,3.65,1.4,1.96,4,2,57,1,13,0,0,1,72.1,67,30,22,6,15,1,78,3,0,8,301,0.667,2.74,157,2.84,1.134,8.3,0.7,1.9,9.7,5.2,16,4,3249,1,169,0,0,1,5198.41,4489,900,484,36,225,1,6084,9,0,64,90601,0.444889,7.5076,24649,8.0656,1.285956,68.89,0.49,3.61,94.09,27.04
288,"Lucas Luetge","P","2022","NYY","New York Yankees",35.4,1,1501,1008717.35976378,1008717.35976378,0,1,"2022","2022",0,0,0,162,99,63,1,1,36,0,0,1,807,5422,1308,254,567,0.57,0.266,3.65,0.7,0.49,4,4,50,0,18,0,0,2,57.1,63,19,17,4,17,1,60,4,0,1,251,0.5,2.67,148,3.02,1.395,9.9,0.6,2.7,9.4,3.53,16,16,2500,0,324,0,0,4,3260.41,3969,361,289,16,289,1,3600,16,0,1,63001,0.25,7.1289,21904,9.1204,1.946025,98.01,0.36,7.29,88.36,12.4609
289,"Luis Avilan","P","2019","NYM","New York Mets",30.1,5.146,1502,1600000,1600000,1,1,"2019","2019",0,0,0,162,86,76,0,0,10,0,0,0,791,5624,1445,242,737,0.481,0.25,3.79,0.1,0.01,4,0,45,0,8,0,0,0,32,33,18,18,5,14,0,30,3,0,2,141,1,5.06,82,4.96,1.469,9.3,1.4,3.9,8.4,2.14,16,0,2025,0,64,0,0,0,1024,1089,324,324,25,196,0,900,9,0,4,19881,1,25.6036,6724,24.6016,2.157961,86.49,1.96,15.21,70.56,4.5796
290,"Luis Ayala","P","2012","BAL","Baltimore Orioles",34.6,0,1504,925000,925000,1,1,"2012","2012",0,0,0,162,93,69,0,1,24,0,0,0,712,5560,1375,214,705,0.475,0.259,4.01,1.7,2.89,5,5,66,0,15,0,0,1,75,81,27,22,7,14,3,51,4,0,2,320,0.5,2.64,160,3.67,1.267,9.7,0.8,1.7,6.1,3.64,25,25,4356,0,225,0,0,1,5625,6561,729,484,49,196,9,2601,16,0,4,102400,0.25,6.9696,25600,13.4689,1.605289,94.09,0.64,2.89,37.21,13.2496
291,"Luis Garcia","P","2024","LAA","Los Angeles Angels",37.5,5,1509,4250000,4250000,1,1,"2024","2024",0,0,0,162,63,99,0,0,-36,0,0,0,635,5357,1227,165,797,0.495,0.256,4,-0.4,0.16,5,1,60,0,10,0,0,4,59,61,36,32,8,15,2,53,3,0,5,254,0.833,4.88,86,4.05,1.288,9.3,1.2,2.3,8.1,3.53,25,1,3600,0,100,0,0,16,3481,3721,1296,1024,64,225,4,2809,9,0,25,64516,0.693889,23.8144,7396,16.4025,1.658944,86.49,1.44,5.29,65.61,12.4609
292,"Luis Ortiz","P","2025","CLE","Cleveland Guardians",29.9,2,1513,782600,782600,1,1,"2025","2025",0,0,0,162,88,74,1,1,14,0,0,1,643,5310,1199,168,649,0.513,0.264,3.83,0.7,0.49,4,9,16,16,0,0,0,0,88.2,80,44,43,12,42,0,96,1,0,0,382,0.308,4.36,95,4.18,1.376,8.1,1.2,4.3,9.7,2.29,16,81,256,256,0,0,0,0,7779.24,6400,1936,1849,144,1764,0,9216,1,0,0,145924,0.094864,19.0096,9025,17.4724,1.893376,65.61,1.44,18.49,94.09,5.2441
293,"Luis Severino","P","2024","NYM","New York Mets",29,0,1514,13000000,13000000,1,1,"2024","2024",0,0,0,162,89,73,0,1,16,0,0,0,768,5510,1357,207,697,0.483,0.25,3.8,1.7,2.89,11,7,31,31,0,1,1,0,182,166,86,79,23,60,0,161,11,2,6,761,0.611,3.91,101,4.21,1.242,8.2,1.1,3,8,2.68,121,49,961,961,0,1,1,0,33124,27556,7396,6241,529,3600,0,25921,121,4,36,579121,0.373321,15.2881,10201,17.7241,1.542564,67.24,1.21,9,64,7.1824
293,"Luis Severino","P","2025","OAK","Oakland Athletics",30,1,1515,67000000,22333333.3333333,1,3,"2025","2027",0,0,0,162,76,86,0,0,-10,0,0,2,733,5547,1403,219,817,0.486,0.257,4,0.9,0.81,8,11,29,29,0,0,0,0,162.2,162,93,82,16,50,1,124,16,0,3,705,0.421,4.54,98,4.11,1.303,9,0.9,2.8,6.9,2.48,64,121,841,841,0,0,0,0,26308.84,26244,8649,6724,256,2500,1,15376,256,0,9,497025,0.177241,20.6116,9604,16.8921,1.697809,81,0.81,7.84,47.61,6.1504
294,"Luis Torrens","NP","2025","NYM","New York Mets",29.2,1,1517,1500000,1500000,1,1,"2025","2025",0,0,0,162,83,79,0,0,4,0,0,1,766,5457,1359,224,715,0.484,0.25,3.81,-0.2,0.04,0,0,2,0,1,0,0,0,0.2,5,4,4,2,1,0,0,0,0,0,8,0,54,12,46.64,9,67.5,27,13.5,0,0,0,0,4,0,1,0,0,0,0.04,25,16,16,4,1,0,0,0,0,0,64,0,2916,144,2175.2896,81,4556.25,729,182.25,0,0
295,"Luke Bard","P","2019","LAA","Los Angeles Angels",28.8,0,1518,716614.047285258,716614.047285258,1,1,"2019","2019",0,0,0,162,72,90,0,0,-18,0,0,1,769,5542,1368,220,868,0.499,0.257,3.97,0.3,0.09,3,3,32,3,5,0,0,0,49,41,27,26,8,13,1,40,5,1,5,199,0.5,4.78,97,4.81,1.102,7.5,1.5,2.4,7.3,3.08,9,9,1024,9,25,0,0,0,2401,1681,729,676,64,169,1,1600,25,1,25,39601,0.25,22.8484,9409,23.1361,1.214404,56.25,2.25,5.76,53.29,9.4864
296,"Luke Gregerson","P","2015","HOU","Houston Astros",31.2,6,1520,18500000,6166666.66666667,1,3,"2015","2017",0,0,0,162,86,76,0,1,10,0,0,2,729,5459,1363,230,618,0.488,0.254,3.82,0.5,0.25,7,3,64,0,53,0,0,31,61,48,24,21,5,10,2,59,2,0,1,239,0.7,3.1,126,2.86,0.951,7.1,0.7,1.5,8.7,5.9,49,9,4096,0,2809,0,0,961,3721,2304,576,441,25,100,4,3481,4,0,1,57121,0.49,9.61,15876,8.1796,0.904401,50.41,0.49,2.25,75.69,34.81
296,"Luke Gregerson","P","2016","HOU","Houston Astros",32.2,7,1520,18500000,6166666.66666667,1,3,"2015","2017",0,0,0,162,84,78,0,0,6,0,0,0,724,5545,1367,198,701,0.489,0.254,3.82,0.5,0.25,4,3,59,0,25,0,0,15,57.2,38,23,21,5,18,2,67,2,0,6,230,0.571,3.28,120,2.99,0.971,5.9,0.8,2.8,10.5,3.72,16,9,3481,0,625,0,0,225,3271.84,1444,529,441,25,324,4,4489,4,0,36,52900,0.326041,10.7584,14400,8.9401,0.942841,34.81,0.64,7.84,110.25,13.8384
296,"Luke Gregerson","P","2017","HOU","Houston Astros",33.2,8,1520,18500000,6166666.66666667,1,3,"2015","2017",0,0,0,162,101,61,1,1,40,1,1,2,896,5611,1581,238,700,0.491,0.254,3.83,0,0,2,3,65,0,13,0,0,1,61,62,31,31,13,20,4,70,0,1,5,263,0.4,4.57,90,4.62,1.344,9.1,1.9,3,10.3,3.5,4,9,4225,0,169,0,0,1,3721,3844,961,961,169,400,16,4900,0,1,25,69169,0.16,20.8849,8100,21.3444,1.806336,82.81,3.61,9,106.09,12.25
296,"Luke Gregerson","P","2018","STL","St Louis Cardinals",34.2,9,1521,11000000,5500000,1,2,"2018","2019",0,0,0,162,88,74,0,0,14,0,0,0,759,5498,1369,205,691,0.52,0.266,3.67,-0.3,0.09,0,0,17,0,4,0,0,0,12.2,14,10,10,2,6,0,12,0,1,2,57,0,7.11,56,4.74,1.579,9.9,1.4,4.3,8.5,2,0,0,289,0,16,0,0,0,148.84,196,100,100,4,36,0,144,0,1,4,3249,0,50.5521,3136,22.4676,2.493241,98.01,1.96,18.49,72.25,4
296,"Luke Gregerson","P","2019","STL","St Louis Cardinals",35.2,10,1521,11000000,5500000,1,2,"2018","2019",0,0,0,162,91,71,1,1,20,0,0,1,764,5449,1336,210,662,0.52,0.266,3.67,-0.1,0.01,0,0,6,0,3,0,0,0,5.2,11,5,5,0,1,0,2,0,0,0,27,0,7.94,56,3.04,2.118,17.5,0,1.6,3.2,2,0,0,36,0,9,0,0,0,27.04,121,25,25,0,1,0,4,0,0,0,729,0,63.0436,3136,9.2416,4.485924,306.25,0,2.56,10.24,4
297,"Luke Jackson","P","2025","TEX","Texas Rangers",34,2,1523,1500000,1500000,1,1,"2025","2025",0,0,0,162,81,81,0,0,0,0,0,0,684,5443,1275,175,605,0.476,0.258,4.28,-0.5,0.25,2,5,52,0,28,0,0,9,51,41,30,23,4,28,5,38,3,0,0,219,0.286,4.06,94,4.49,1.353,7.2,0.7,4.9,6.7,1.36,4,25,2704,0,784,0,0,81,2601,1681,900,529,16,784,25,1444,9,0,0,47961,0.081796,16.4836,8836,20.1601,1.830609,51.84,0.49,24.01,44.89,1.8496
298,"Luke Maile","NP","2023","CIN","Cincinnati Reds",32.5,2,1526,1175000,1175000,1,1,"2023","2023",0,0,0,162,82,80,0,0,2,0,0,1,783,5499,1371,198,821,0.504,0.261,3.77,-0.2,0.04,0,0,4,0,4,0,0,0,4.1,12,8,8,4,0,0,0,0,0,0,25,0,16.62,30,15.26,2.769,24.9,8.3,0,0,0,0,0,16,0,16,0,0,0,16.81,144,64,64,16,0,0,0,0,0,0,625,0,276.2244,900,232.8676,7.667361,620.01,68.89,0,0,0
298,"Luke Maile","NP","2024","CIN","Cincinnati Reds",33.5,3,1527,3599332.87980864,3599332.87980864,0,1,"2024","2024",0,0,0,162,77,85,0,0,-8,0,0,0,699,5325,1230,174,694,0.504,0.261,3.77,-0.2,0.04,0,0,3,0,3,0,0,0,3.2,6,6,6,1,0,0,0,0,0,0,18,0,14.73,33,6.71,1.636,14.7,2.5,0,0,0,0,0,9,0,9,0,0,0,10.24,36,36,36,1,0,0,0,0,0,0,324,0,216.9729,1089,45.0241,2.676496,216.09,6.25,0,0,0
299,"Luke Weaver","P","2024","NYY","New York Yankees",31,1,1532,2000000,2000000,0,1,"2024","2024",0,0,0,162,94,68,1,1,26,1,0,0,815,5450,1352,237,668,0.569,0.265,3.66,1.8,3.24,7,3,62,0,12,0,0,4,84,52,28,27,10,26,0,103,4,0,1,331,0.7,2.89,140,3.33,0.929,5.6,1.1,2.8,11,3.96,49,9,3844,0,144,0,0,16,7056,2704,784,729,100,676,0,10609,16,0,1,109561,0.49,8.3521,19600,11.0889,0.863041,31.36,1.21,7.84,121,15.6816
300,"Luke Williams","NP","2023","LAD","Los Angeles Dodgers",27,0,1533,765889.986737186,765889.986737186,1,1,"2023","2023",0,0,0,162,100,62,1,1,38,0,0,0,906,5524,1422,249,699,0.531,0.261,3.52,0,0,0,0,1,0,1,0,0,0,1,0,0,0,0,0,0,0,0,0,0,3,0,0,0,3.26,0,0,0,0,0,0,0,0,1,0,1,0,0,0,1,0,0,0,0,0,0,0,0,0,0,9,0,0,0,10.6276,0,0,0,0,0,0
300,"Luke Williams","NP","2025","ATL","Atlanta Braves",29,1,1534,760000,760000,1,1,"2025","2025",0,0,0,162,76,86,0,0,-10,0,0,1,724,5508,1349,190,734,0.503,0.26,3.67,0.1,0.01,0,0,6,0,5,0,0,0,6,6,2,2,1,1,0,4,0,0,0,25,0,3,148,4.47,1.167,9,1.5,1.5,6,4,0,0,36,0,25,0,0,0,36,36,4,4,1,1,0,16,0,0,0,625,0,9,21904,19.9809,1.361889,81,2.25,2.25,36,16
301,"Lyle Overbay","NP","2014","MIL","Milwaukee Brewers",37.5,1.009,1536,1500000,1500000,1,1,"2014","2014",0,0,0,162,82,80,0,0,2,0,0,0,650,5462,1366,150,657,0.478,0.259,4.19,0,0,0,0,1,0,1,0,0,0,0.1,0,0,0,0,0,0,0,0,0,0,1,0,0,0,3.13,0,0,0,0,0,0,0,0,1,0,1,0,0,0,0.01,0,0,0,0,0,0,0,0,0,0,1,0,0,0,9.7969,0,0,0,0,0,0
302,"Manny Parra","P","2013","CIN","Cincinnati Reds",30.8,0,1540,1000000,1000000,1,1,"2013","2013",0,0,0,162,90,72,0,1,18,0,0,0,707,5499,1370,155,598,0.509,0.262,3.71,0.5,0.25,2,3,57,0,8,0,0,0,46,40,18,17,5,15,0,56,1,0,4,188,0.4,3.33,115,3.07,1.196,7.8,1,2.9,11,3.73,4,9,3249,0,64,0,0,0,2116,1600,324,289,25,225,0,3136,1,0,16,35344,0.16,11.0889,13225,9.4249,1.430416,60.84,1,8.41,121,13.9129
302,"Manny Parra","P","2014","CIN","Cincinnati Reds",31.8,1,1541,5500000,2750000,0,2,"2014","2015",0,0,0,159,76,86,0,0,-10,0,0,0,595,5395,1282,131,612,0.508,0.262,3.71,-0.5,0.25,0,3,53,0,8,0,0,1,36.2,39,20,19,4,18,1,34,1,0,2,164,0,4.66,79,4.25,1.555,9.6,1,4.4,8.3,1.89,0,9,2809,0,64,0,0,1,1310.44,1521,400,361,16,324,1,1156,1,0,4,26896,0,21.7156,6241,18.0625,2.418025,92.16,1,19.36,68.89,3.5721
302,"Manny Parra","P","2015","CIN","Cincinnati Reds",32.8,2,1541,5500000,2750000,0,2,"2014","2015",0,0,0,162,64,98,0,0,-34,0,0,0,640,5571,1382,167,754,0.507,0.262,3.72,0.2,0.04,1,2,40,0,5,0,0,0,32.1,32,15,14,2,6,1,23,0,0,1,130,0.333,3.9,103,3.07,1.175,8.9,0.6,1.7,6.4,3.83,1,4,1600,0,25,0,0,0,1030.41,1024,225,196,4,36,1,529,0,0,1,16900,0.110889,15.21,10609,9.4249,1.380625,79.21,0.36,2.89,40.96,14.6689
303,"Marc Rzepczynski","P","2017","SEA","Seattle Mariners",31.9,6.132,1542,11000000,5500000,1,2,"2017","2018",0,0,0,162,78,84,0,0,-6,0,0,0,750,5551,1436,200,772,0.47,0.26,4.32,0.2,0.04,2,2,64,0,6,0,0,1,31.1,29,16,14,2,20,5,25,1,0,3,137,0.5,4.02,105,4.4,1.564,8.3,0.6,5.7,7.2,1.25,4,4,4096,0,36,0,0,1,967.21,841,256,196,4,400,25,625,1,0,9,18769,0.25,16.1604,11025,19.36,2.446096,68.89,0.36,32.49,51.84,1.5625
303,"Marc Rzepczynski","P","2018","SEA","Seattle Mariners",32.9,7.132,1542,11000000,5500000,1,2,"2017","2018",0,0,0,162,89,73,0,0,16,0,0,0,677,5513,1402,176,711,0.472,0.26,4.32,-0.5,0.25,0,1,23,0,1,0,0,0,10.1,16,11,8,2,10,2,11,0,0,1,57,0,6.97,63,6.45,2.516,13.9,1.7,8.7,9.6,1.1,0,1,529,0,1,0,0,0,102.01,256,121,64,4,100,4,121,0,0,1,3249,0,48.5809,3969,41.6025,6.330256,193.21,2.89,75.69,92.16,1.21
304,"Marco Estrada","P","2016","TOR","Toronto Blue Jays",33.1,0,1546,26000000,13000000,0,2,"2016","2017",1,0,0,162,89,73,0,1,16,0,0,0,759,5479,1358,221,666,0.498,0.262,4.2,3.6,12.96,9,9,29,29,0,0,0,0,176,132,73,68,23,65,1,165,4,0,5,723,0.5,3.48,122,4.15,1.119,6.8,1.2,3.3,8.4,2.54,81,81,841,841,0,0,0,0,30976,17424,5329,4624,529,4225,1,27225,16,0,25,522729,0.25,12.1104,14884,17.2225,1.252161,46.24,1.44,10.89,70.56,6.4516
304,"Marco Estrada","P","2017","TOR","Toronto Blue Jays",34.1,1,1546,26000000,13000000,0,2,"2016","2017",0,0,0,162,76,86,0,0,-10,0,0,1,693,5499,1320,222,784,0.498,0.261,4.21,1.7,2.89,10,9,33,33,0,0,0,0,186,186,104,103,31,71,0,176,2,0,1,806,0.526,4.98,90,4.61,1.382,9,1.5,3.4,8.5,2.48,100,81,1089,1089,0,0,0,0,34596,34596,10816,10609,961,5041,0,30976,4,0,1,649636,0.276676,24.8004,8100,21.2521,1.909924,81,2.25,11.56,72.25,6.1504
304,"Marco Estrada","P","2018","TOR","Toronto Blue Jays",35.1,2,1547,16556861.3747986,16556861.3747986,0,1,"2018","2018",0,0,0,162,73,89,0,0,-16,0,0,0,709,5477,1336,217,832,0.496,0.261,4.23,0.4,0.16,7,14,28,28,0,0,0,0,143.2,155,91,90,29,50,0,103,2,0,3,627,0.333,5.64,75,5.44,1.427,9.7,1.8,3.1,6.5,2.06,49,196,784,784,0,0,0,0,20506.24,24025,8281,8100,841,2500,0,10609,4,0,9,393129,0.110889,31.8096,5625,29.5936,2.036329,94.09,3.24,9.61,42.25,4.2436
304,"Marco Estrada","P","2019","OAK","Oakland Athletics",36.1,3,1548,4000000,4000000,1,1,"2019","2019",0,0,0,162,97,65,0,1,32,0,0,1,845,5561,1384,257,680,0.489,0.259,3.98,-0.4,0.16,0,2,5,5,0,0,0,0,23.2,23,19,18,7,8,0,11,3,0,2,106,0,6.85,64,7.52,1.31,8.7,2.7,3,4.2,1.38,0,4,25,25,0,0,0,0,538.24,529,361,324,49,64,0,121,9,0,4,11236,0,46.9225,4096,56.5504,1.7161,75.69,7.29,9,17.64,1.9044
305,"Marcus Stroman","P","2021","NYM","New York Mets",30.2,0,1551,18900000,18900000,0,1,"2021","2021",0,0,0,162,77,85,0,0,-8,0,0,0,636,5210,1243,176,668,0.48,0.25,3.8,3.4,11.56,10,13,33,33,0,0,0,0,179,161,70,60,17,44,2,158,7,0,7,730,0.435,3.02,133,3.49,1.145,8.1,0.9,2.2,7.9,3.59,100,169,1089,1089,0,0,0,0,32041,25921,4900,3600,289,1936,4,24964,49,0,49,532900,0.189225,9.1204,17689,12.1801,1.311025,65.61,0.81,4.84,62.41,12.8881
305,"Marcus Stroman","P","2022","CHC","Chicago Cubs",31.2,1,1552,71000000,23666666.6666667,1,3,"2022","2024",0,0,0,162,74,88,0,0,-14,0,0,1,657,5425,1293,159,731,0.513,0.262,3.69,2.7,7.29,6,7,25,25,0,0,0,0,138.2,123,61,54,16,36,0,119,4,2,2,569,0.462,3.5,119,3.76,1.147,8,1,2.3,7.7,3.31,36,49,625,625,0,0,0,0,19099.24,15129,3721,2916,256,1296,0,14161,16,4,4,323761,0.213444,12.25,14161,14.1376,1.315609,64,1,5.29,59.29,10.9561
305,"Marcus Stroman","P","2023","CHC","Chicago Cubs",32.2,2,1552,71000000,23666666.6666667,1,3,"2022","2024",1,0,0,162,83,79,0,0,4,0,0,0,819,5504,1399,196,723,0.513,0.262,3.7,1.3,1.69,10,9,27,25,1,1,1,0,136.2,120,68,60,9,52,0,119,3,0,3,575,0.526,3.95,108,3.58,1.259,7.9,0.6,3.4,7.8,2.29,100,81,729,625,1,1,1,0,18550.44,14400,4624,3600,81,2704,0,14161,9,0,9,330625,0.276676,15.6025,11664,12.8164,1.585081,62.41,0.36,11.56,60.84,5.2441
305,"Marcus Stroman","P","2024","NYY","New York Yankees",33.2,4,1553,37000000,18500000,1,2,"2024","2025",0,0,0,162,94,68,1,1,26,1,0,0,815,5450,1352,237,668,0.569,0.265,3.66,0.6,0.36,10,9,30,29,1,0,0,1,154.2,167,81,74,19,60,0,113,8,0,2,675,0.526,4.31,94,4.62,1.468,9.7,1.1,3.5,6.6,1.88,100,81,900,841,1,0,0,1,23777.64,27889,6561,5476,361,3600,0,12769,64,0,4,455625,0.276676,18.5761,8836,21.3444,2.155024,94.09,1.21,12.25,43.56,3.5344
305,"Marcus Stroman","P","2025","NYY","New York Yankees",34.2,5,1553,37000000,18500000,1,2,"2024","2025",0,0,0,162,94,68,0,1,26,0,0,2,849,5471,1371,274,685,0.57,0.265,3.66,-0.4,0.16,3,2,9,9,0,0,0,0,39,44,27,27,6,16,0,26,2,0,1,175,0.6,6.23,66,5.19,1.538,10.2,1.4,3.7,6,1.63,9,4,81,81,0,0,0,0,1521,1936,729,729,36,256,0,676,4,0,1,30625,0.36,38.8129,4356,26.9361,2.365444,104.04,1.96,13.69,36,2.6569
306,"Mark Leiter Jr","P","2022","CHC","Chicago Cubs",31.4,0,1560,780223.372192982,780223.372192982,0,1,"2022","2022",0,0,0,162,74,88,0,0,-14,0,0,1,657,5425,1293,159,731,0.513,0.262,3.69,0.9,0.81,2,7,35,4,11,0,0,3,67.2,52,32,30,10,25,2,73,7,0,5,282,0.222,3.99,105,4.29,1.138,6.9,1.3,3.3,9.7,2.92,4,49,1225,16,121,0,0,9,4515.84,2704,1024,900,100,625,4,5329,49,0,25,79524,0.049284,15.9201,11025,18.4041,1.295044,47.61,1.69,10.89,94.09,8.5264
306,"Mark Leiter Jr","P","2023","CHC","Chicago Cubs",32.4,1,1561,850000,850000,0,1,"2023","2023",0,0,0,162,83,79,0,0,4,0,0,0,819,5504,1399,196,723,0.513,0.262,3.7,0.8,0.64,1,3,69,0,12,0,0,4,64.1,48,27,25,7,24,0,77,8,1,2,269,0.25,3.5,122,3.77,1.119,6.7,1,3.4,10.8,3.21,1,9,4761,0,144,0,0,16,4108.81,2304,729,625,49,576,0,5929,64,1,4,72361,0.0625,12.25,14884,14.2129,1.252161,44.89,1,11.56,116.64,10.3041
306,"Mark Leiter Jr","P","2024","CHC","Chicago Cubs",33.4,2,1562,1542571.2342037,1542571.2342037,0,1,"2024","2024",0,0,0,162,83,79,0,0,4,0,0,0,736,5441,1318,170,669,0.513,0.262,3.7,-0.5,0.25,4,5,60,0,7,0,0,0,58,55,34,29,8,22,1,86,3,0,5,256,0.444,4.5,90,3.29,1.328,8.5,1.2,3.4,13.3,3.91,16,25,3600,0,49,0,0,0,3364,3025,1156,841,64,484,1,7396,9,0,25,65536,0.197136,20.25,8100,10.8241,1.763584,72.25,1.44,11.56,176.89,15.2881
306,"Mark Leiter Jr","P","2025","NYY","New York Yankees",34.4,3,1563,2050000,2050000,1,1,"2025","2025",0,0,0,162,94,68,0,1,26,0,0,2,849,5471,1371,274,685,0.57,0.265,3.66,-0.6,0.36,6,7,59,0,11,0,0,2,48.1,57,31,26,5,17,0,54,4,0,8,219,0.462,4.84,85,3.55,1.531,10.6,0.9,3.2,10.1,3.18,36,49,3481,0,121,0,0,4,2313.61,3249,961,676,25,289,0,2916,16,0,64,47961,0.213444,23.4256,7225,12.6025,2.343961,112.36,0.81,10.24,102.01,10.1124
307,"Mark Lowe","P","2015","SEA","Seattle Mariners",32.2,1,1565,687225.311355765,687225.311355765,1,1,"2015","2015",0,0,0,162,76,86,0,0,-10,0,0,1,656,5544,1379,198,726,0.468,0.261,4.33,1.6,2.56,1,3,57,0,13,0,0,1,55,46,15,12,4,12,1,61,1,0,2,215,0.25,1.96,202,2.57,1.055,7.5,0.7,2,10,5.08,1,9,3249,0,169,0,0,1,3025,2116,225,144,16,144,1,3721,1,0,4,46225,0.0625,3.8416,40804,6.6049,1.113025,56.25,0.49,4,100,25.8064
307,"Mark Lowe","P","2016","DET","Detroit Tigers",33.2,2,1566,11000000,5500000,1,2,"2016","2017",0,0,0,161,86,75,0,0,11,0,0,0,750,5526,1476,211,721,0.508,0.266,3.96,-1,1,1,3,54,0,26,0,0,0,49.1,57,41,39,12,21,2,49,1,0,2,224,0.25,7.11,60,5.66,1.581,10.4,2.2,3.8,8.9,2.33,1,9,2916,0,676,0,0,0,2410.81,3249,1681,1521,144,441,4,2401,1,0,4,50176,0.0625,50.5521,3600,32.0356,2.499561,108.16,4.84,14.44,79.21,5.4289
308,"Mark Melancon","P","2022","ARI","Arizona Diamondbacks",37.3,5,1569,14000000,7000000,1,2,"2022","2023",0,0,0,162,74,88,0,0,-14,0,0,0,702,5351,1232,173,740,0.485,0.255,4.26,-0.8,0.64,3,10,62,0,48,0,0,18,56,63,37,29,5,21,2,35,1,0,6,247,0.231,4.66,87,4.2,1.5,10.1,0.8,3.4,5.6,1.67,9,100,3844,0,2304,0,0,324,3136,3969,1369,841,25,441,4,1225,1,0,36,61009,0.053361,21.7156,7569,17.64,2.25,102.01,0.64,11.56,31.36,2.7889
309,"Mark Reynolds","NP","2019","COL","Colorado Rockies",36,6,1577,1000000,1000000,1,1,"2019","2019",0,0,0,162,71,91,0,0,-20,0,0,0,835,5660,1502,224,958,0.471,0.274,4.97,-0.1,0.01,0,0,1,0,1,0,0,0,1,2,2,2,0,1,0,0,1,0,0,7,0,18,37,9.21,3,18,0,9,0,0,0,0,1,0,1,0,0,0,1,4,4,4,0,1,0,0,1,0,0,49,0,324,1369,84.8241,9,324,0,81,0,0
310,"Martin Maldonado","NP","2023","HOU","Houston Astros",37,5,1588,9573624.83421482,4786812.41710741,0,2,"2023","2024",0,0,0,162,90,72,1,1,18,0,0,0,827,5567,1441,222,698,0.501,0.255,3.8,-0.1,0.01,0,0,1,0,1,0,0,0,1,5,4,4,1,1,0,0,1,0,0,10,0,36,16,22.26,6,45,9,9,0,0,0,0,1,0,1,0,0,0,1,25,16,16,1,1,0,0,1,0,0,100,0,1296,256,495.5076,36,2025,81,81,0,0
311,"Martin Perez","P","2024","PIT","Pittsburgh Pirates",32,0,1591,8000000,8000000,1,1,"2024","2024",0,0,0,162,76,86,0,0,-10,0,0,0,665,5477,1283,160,739,0.5,0.263,3.76,0.9,0.81,5,6,26,26,0,0,0,0,135,151,71,68,22,49,0,107,5,1,2,590,0.455,4.53,91,4.9,1.481,10.1,1.5,3.3,7.1,2.18,25,36,676,676,0,0,0,0,18225,22801,5041,4624,484,2401,0,11449,25,1,4,348100,0.207025,20.5209,8281,24.01,2.193361,102.01,2.25,10.89,50.41,4.7524
311,"Martin Perez","P","2025","CHW","Chicago White Sox",33,1,1592,5000000,5000000,1,1,"2025","2025",0,0,0,162,60,102,0,0,-42,0,0,1,647,5377,1250,165,742,0.498,0.26,3.8,1.3,1.69,1,6,11,10,0,0,0,0,56,40,23,22,6,22,0,44,2,0,0,228,0.143,3.54,119,4.24,1.107,6.4,1,3.5,7.1,2,1,36,121,100,0,0,0,0,3136,1600,529,484,36,484,0,1936,4,0,0,51984,0.020449,12.5316,14161,17.9776,1.225449,40.96,1,12.25,50.41,4
312,"Marwin Gonzalez","NP","2021","BOS","Boston Red Sox",32.4,2,1594,3000000,3000000,1,1,"2021","2021",0,0,0,162,92,70,0,1,22,0,0,0,829,5495,1434,219,749,0.519,0.267,3.91,0,0,0,0,1,0,0,0,0,0,1,0,0,0,0,0,0,0,0,0,0,3,0,0,0,3.17,0,0,0,0,0,0,0,0,1,0,0,0,0,0,1,0,0,0,0,0,0,0,0,0,0,9,0,0,0,10.0489,0,0,0,0,0,0
312,"Marwin Gonzalez","NP","2022","NYY","New York Yankees",33.4,3,1595,1281795.54003133,1281795.54003133,1,1,"2022","2022",0,0,0,162,99,63,1,1,36,0,0,1,807,5422,1308,254,567,0.57,0.266,3.65,0,0,0,0,1,0,1,0,0,0,0.1,0,0,0,0,0,0,0,0,0,0,1,0,0,0,3.11,0,0,0,0,0,0,0,0,1,0,1,0,0,0,0.01,0,0,0,0,0,0,0,0,0,0,1,0,0,0,9.6721,0,0,0,0,0,0
313,"Mat Latos","P","2016","CHW","Chicago White Sox",28.7,6.079,1597,3000000,3000000,1,1,"2016","2016",0,0,0,162,78,84,0,0,-6,0,0,1,686,5550,1428,168,715,0.504,0.261,3.75,0.2,0.04,7,3,17,12,1,0,0,0,70,74,40,38,11,30,1,42,1,0,1,309,0.7,4.89,84,5.32,1.486,9.5,1.4,3.9,5.4,1.4,49,9,289,144,1,0,0,0,4900,5476,1600,1444,121,900,1,1764,1,0,1,95481,0.49,23.9121,7056,28.3024,2.208196,90.25,1.96,15.21,29.16,1.96
313,"Mat Latos","P","2017","TOR","Toronto Blue Jays",29.7,7.013,1598,1500000,1500000,1,1,"2017","2017",0,0,0,162,76,86,0,0,-10,0,0,1,693,5499,1320,222,784,0.498,0.261,4.21,-0.1,0.01,0,1,3,3,0,0,0,0,15,19,11,11,5,8,1,10,1,0,1,70,0,6.6,69,7.96,1.8,11.4,3,4.8,6,1.25,0,1,9,9,0,0,0,0,225,361,121,121,25,64,1,100,1,0,1,4900,0,43.56,4761,63.3616,3.24,129.96,9,23.04,36,1.5625
314,"Matt Albers","P","2014","HOU","Houston Astros",31.6,0,1601,2450000,2450000,1,1,"2014","2014",0,0,0,162,70,92,0,0,-22,0,0,0,629,5447,1317,163,723,0.487,0.254,3.82,0.5,0.25,0,0,8,0,1,0,0,0,10,10,1,1,0,3,0,8,1,0,0,42,0,0.9,446,2.73,1.3,9,0,2.7,7.2,2.67,0,0,64,0,1,0,0,0,100,100,1,1,0,9,0,64,1,0,0,1764,0,0.81,198916,7.4529,1.69,81,0,7.29,51.84,7.1289
314,"Matt Albers","P","2015","CHW","Chicago White Sox",32.6,1,1602,1500000,1500000,1,1,"2015","2015",0,0,0,162,76,86,0,0,-10,0,0,0,622,5533,1381,136,701,0.504,0.261,3.75,1.4,1.96,2,0,30,0,5,0,0,0,37.1,31,6,5,3,9,2,28,1,0,0,149,1,1.21,326,3.48,1.071,7.5,0.7,2.2,6.8,3.11,4,0,900,0,25,0,0,0,1376.41,961,36,25,9,81,4,784,1,0,0,22201,1,1.4641,106276,12.1104,1.147041,56.25,0.49,4.84,46.24,9.6721
314,"Matt Albers","P","2016","CHW","Chicago White Sox",33.6,2,1603,2250000,2250000,0,1,"2016","2016",0,0,0,162,78,84,0,0,-6,0,0,1,686,5550,1428,168,715,0.504,0.261,3.75,-2,4,2,6,58,1,11,0,0,0,51.1,67,44,36,10,19,1,30,3,0,4,237,0.25,6.31,64,5.8,1.675,11.7,1.8,3.3,5.3,1.58,4,36,3364,1,121,0,0,0,2611.21,4489,1936,1296,100,361,1,900,9,0,16,56169,0.0625,39.8161,4096,33.64,2.805625,136.89,3.24,10.89,28.09,2.4964
314,"Matt Albers","P","2018","MIL","Milwaukee Brewers",35.6,4,1605,5000000,2500000,1,2,"2018","2019",0,0,0,163,96,67,1,1,29,0,0,1,754,5542,1398,218,659,0.48,0.258,4.17,-1.7,2.89,3,3,34,0,10,0,0,1,34.1,45,29,28,10,12,2,32,2,0,1,157,0.5,7.34,56,6.31,1.66,11.8,2.6,3.1,8.4,2.67,9,9,1156,0,100,0,0,1,1162.81,2025,841,784,100,144,4,1024,4,0,1,24649,0.25,53.8756,3136,39.8161,2.7556,139.24,6.76,9.61,70.56,7.1289
314,"Matt Albers","P","2019","MIL","Milwaukee Brewers",36.6,6,1606,6231426.49813268,3115713.24906634,0,2,"2019","2020",0,0,0,162,89,73,0,1,16,0,0,0,769,5542,1366,250,766,0.481,0.258,4.18,-0.1,0.01,8,6,67,0,13,0,0,4,59.2,53,34,34,8,29,3,57,3,1,2,258,0.571,5.13,87,4.66,1.374,8,1.2,4.4,8.6,1.97,64,36,4489,0,169,0,0,16,3504.64,2809,1156,1156,64,841,9,3249,9,1,4,66564,0.326041,26.3169,7569,21.7156,1.887876,64,1.44,19.36,73.96,3.8809
315,"Matt Andriese","P","2021","BOS","Boston Red Sox",31.9,0,1607,2100000,2100000,1,1,"2021","2021",0,0,0,162,92,70,0,1,22,0,0,0,829,5495,1434,219,749,0.519,0.267,3.91,-0.6,0.36,2,3,34,0,13,0,0,1,48.1,65,35,28,7,13,0,50,4,1,0,222,0.4,5.21,88,4.04,1.614,12.1,1.3,2.4,9.3,3.85,4,9,1156,0,169,0,0,1,2313.61,4225,1225,784,49,169,0,2500,16,1,0,49284,0.16,27.1441,7744,16.3216,2.604996,146.41,1.69,5.76,86.49,14.8225
315,"Matt Andriese","P","2024","MIA","Miami Marlins",34.9,1,1608,761001.808873827,761001.808873827,1,1,"2024","2024",0,0,0,162,62,100,0,0,-38,0,0,0,637,5522,1347,150,841,0.459,0.255,4.3,-0.1,0.01,0,1,4,0,4,0,0,0,6,7,5,4,2,1,1,7,0,0,0,26,0,6,75,5.67,1.333,10.5,3,1.5,10.5,7,0,1,16,0,16,0,0,0,36,49,25,16,4,1,1,49,0,0,0,676,0,36,5625,32.1489,1.776889,110.25,9,2.25,110.25,49
316,"Matt Belisle","P","2015","STL","St Louis Cardinals",35.2,9.019,1609,3500000,3500000,1,1,"2015","2015",0,0,0,162,100,62,1,1,38,0,0,1,647,5484,1386,137,525,0.52,0.267,3.67,0.8,0.64,1,1,34,0,10,0,0,0,33.2,34,10,10,1,15,2,25,3,0,0,149,0.5,2.67,148,3.64,1.455,9.1,0.3,4,6.7,1.67,1,1,1156,0,100,0,0,0,1102.24,1156,100,100,1,225,4,625,9,0,0,22201,0.25,7.1289,21904,13.2496,2.117025,82.81,0.09,16,44.89,2.7889
316,"Matt Belisle","P","2017","MIN","Minnesota Twins",37.2,11.019,1611,2050000,2050000,1,1,"2017","2017",0,0,0,162,85,77,0,1,8,0,0,1,815,5557,1444,206,788,0.48,0.263,3.98,0.1,0.01,2,2,62,0,20,0,0,9,60.1,48,31,27,7,22,6,54,2,1,2,247,0.5,4.03,110,4.07,1.16,7.2,1,3.3,8.1,2.45,4,4,3844,0,400,0,0,81,3612.01,2304,961,729,49,484,36,2916,4,1,4,61009,0.25,16.2409,12100,16.5649,1.3456,51.84,1,10.89,65.61,6.0025
317,"Matt Bowman","P","2023","NYY","New York Yankees",32.2,2,1614,765889.986737186,765889.986737186,0,1,"2023","2023",0,0,0,162,82,80,0,0,2,0,0,0,673,5323,1207,219,698,0.569,0.266,3.65,-0.2,0.04,0,0,3,0,1,0,0,0,4,6,4,4,1,2,1,3,0,0,1,20,0,9,52,6.51,2,13.5,2.3,4.5,6.8,1.5,0,0,9,0,1,0,0,0,16,36,16,16,1,4,1,9,0,0,1,400,0,81,2704,42.3801,4,182.25,5.29,20.25,46.24,2.25
317,"Matt Bowman","P","2025","BAL","Baltimore Orioles",34.2,4,1616,1100000,1100000,1,1,"2025","2025",0,0,0,162,75,87,0,0,-12,0,0,0,677,5416,1273,191,788,0.475,0.258,4.05,-0.3,0.09,0,1,20,0,8,0,0,0,24.2,31,18,17,4,6,0,18,2,0,1,114,0,6.2,66,4.76,1.5,11.3,1.5,2.2,6.6,3,0,1,400,0,64,0,0,0,585.64,961,324,289,16,36,0,324,4,0,1,12996,0,38.44,4356,22.6576,2.25,127.69,2.25,4.84,43.56,9
318,"Matt Bush","P","2021","TEX","Texas Rangers",34,0,1619,804546.284106689,804546.284106689,0,1,"2021","2021",0,0,0,162,60,102,0,0,-42,0,0,0,625,5405,1254,167,815,0.476,0.259,4.29,-0.1,0.01,0,0,4,0,1,0,0,0,4,4,3,3,3,1,0,5,0,0,0,17,0,6.75,71,11.17,1.25,9,6.8,2.3,11.3,5,0,0,16,0,1,0,0,0,16,16,9,9,9,1,0,25,0,0,0,289,0,45.5625,5041,124.7689,1.5625,81,46.24,5.29,127.69,25
319,"Matt Duffy","NP","2021","CHC","Chicago Cubs",30.6,0,1625,1000000,1000000,1,1,"2021","2021",0,0,0,162,71,91,0,0,-20,0,0,0,705,5306,1255,210,839,0.513,0.262,3.69,0,0,0,0,1,0,0,0,0,0,0.1,0,0,0,0,0,0,0,0,0,0,1,0,0,0,3.17,0,0,0,0,0,0,0,0,1,0,0,0,0,0,0.01,0,0,0,0,0,0,0,0,0,0,1,0,0,0,10.0489,0,0,0,0,0,0
320,"Matt Harvey","P","2021","BAL","Baltimore Orioles",32.3,7.127,1630,1000000,1000000,1,1,"2021","2021",0,0,0,162,52,110,0,0,-58,0,0,0,659,5420,1296,195,956,0.473,0.258,4.05,-0.7,0.49,6,14,28,28,0,0,0,0,127.2,160,96,89,19,37,1,95,5,0,3,582,0.3,6.27,71,4.6,1.543,11.3,1.3,2.6,6.7,2.57,36,196,784,784,0,0,0,0,16179.84,25600,9216,7921,361,1369,1,9025,25,0,9,338724,0.09,39.3129,5041,21.16,2.380849,127.69,1.69,6.76,44.89,6.6049
321,"Matt Koch","P","2023","COL","Colorado Rockies",32.8,0,1639,765889.986737186,765889.986737186,0,1,"2023","2023",0,0,0,162,59,103,0,0,-44,0,0,0,721,5496,1368,163,957,0.465,0.272,5,0.5,0.25,3,2,39,1,9,0,0,0,38.2,41,22,22,7,9,0,27,2,0,0,163,0.6,5.12,98,5.07,1.293,9.5,1.6,2.1,6.3,3,9,4,1521,1,81,0,0,0,1459.24,1681,484,484,49,81,0,729,4,0,0,26569,0.36,26.2144,9604,25.7049,1.671849,90.25,2.56,4.41,39.69,9
321,"Matt Koch","P","2024","COL","Colorado Rockies",33.8,1,1640,761001.808873827,761001.808873827,0,1,"2024","2024",0,0,0,162,61,101,0,0,-40,0,0,1,682,5454,1319,179,929,0.462,0.271,5.02,-0.5,0.25,0,0,2,0,1,0,0,1,0.1,3,4,3,1,1,0,0,0,0,0,5,0,81,12,51.17,12,81,27,27,0,0,0,0,4,0,1,0,0,1,0.01,9,16,9,1,1,0,0,0,0,0,25,0,6561,144,2618.3689,144,6561,729,729,0,0
322,"Matt Lindstrom","NE","2013","CHW","Chicago White Sox",33.5,0,1641,2800000,2800000,1,1,"2013","2013",0,0,0,162,63,99,0,0,-36,0,0,0,609,5611,1389,148,732,0.505,0.261,3.74,1.4,1.96,2,4,76,0,12,0,0,0,60.2,64,23,21,2,23,1,46,1,0,6,260,0.333,3.12,135,3.15,1.434,9.5,0.3,3.4,6.8,2,4,16,5776,0,144,0,0,0,3624.04,4096,529,441,4,529,1,2116,1,0,36,67600,0.110889,9.7344,18225,9.9225,2.056356,90.25,0.09,11.56,46.24,4
323,"Matt Magill","P","2018","MIN","Minnesota Twins",28.8,0,1643,694114.573020403,694114.573020403,1,1,"2018","2018",0,0,0,162,78,84,0,0,-6,0,0,1,738,5526,1379,166,775,0.48,0.263,3.99,0.7,0.49,3,3,40,0,9,0,0,0,56.2,58,24,24,11,23,0,56,3,0,0,249,0.5,3.81,113,5.08,1.429,9.2,1.7,3.7,8.9,2.43,9,9,1600,0,81,0,0,0,3158.44,3364,576,576,121,529,0,3136,9,0,0,62001,0.25,14.5161,12769,25.8064,2.042041,84.64,2.89,13.69,79.21,5.9049
323,"Matt Magill","P","2020","SEA","Seattle Mariners",30.8,2,1645,704493.193322201,704493.193322201,0,1,"2020","2020",0,0,0,60,27,33,0,0,-6,0,0,0,254,1929,435,60,303,0.47,0.259,4.34,-0.2,0.04,0,1,11,0,0,0,0,0,10.1,9,7,7,3,6,0,11,0,0,1,45,0,6.1,72,6.58,1.452,7.8,2.6,5.2,9.6,1.83,0,1,121,0,0,0,0,0,102.01,81,49,49,9,36,0,121,0,0,1,2025,0,37.21,5184,43.2964,2.108304,60.84,6.76,27.04,92.16,3.3489
324,"Matt Moore","P","2019","DET","Detroit Tigers",30.2,0,1646,2500000,2500000,1,1,"2019","2019",0,0,0,161,47,114,0,0,-67,0,0,0,582,5549,1333,149,915,0.504,0.265,3.99,0.7,0.49,0,0,2,2,0,0,0,0,10,3,0,0,0,1,0,9,0,0,0,33,0,0,0,1.71,0.4,2.7,0,0.9,8.1,9,0,0,4,4,0,0,0,0,100,9,0,0,0,1,0,81,0,0,0,1089,0,0,0,2.9241,0.16,7.29,0,0.81,65.61,81
324,"Matt Moore","P","2021","PHI","Philadelphia Phillies",32.2,1,1647,3549468.90047069,3549468.90047069,1,1,"2021","2021",0,0,0,162,82,80,0,0,2,0,0,0,734,5366,1288,198,745,0.472,0.261,3.99,-0.6,0.36,2,4,24,13,5,0,0,0,73,78,54,51,15,38,4,63,2,0,3,334,0.333,6.29,67,5.76,1.589,9.6,1.8,4.7,7.8,1.66,4,16,576,169,25,0,0,0,5329,6084,2916,2601,225,1444,16,3969,4,0,9,111556,0.110889,39.5641,4489,33.1776,2.524921,92.16,3.24,22.09,60.84,2.7556
324,"Matt Moore","P","2022","TEX","Texas Rangers",33.2,2,1648,2500000,2500000,1,1,"2022","2022",0,0,0,162,68,94,0,0,-26,0,0,1,707,5478,1308,198,743,0.475,0.258,4.29,2.4,5.76,5,2,63,0,18,0,0,5,74,49,20,16,3,38,2,83,1,0,8,304,0.714,1.95,205,2.98,1.176,6,0.4,4.6,10.1,2.18,25,4,3969,0,324,0,0,25,5476,2401,400,256,9,1444,4,6889,1,0,64,92416,0.509796,3.8025,42025,8.8804,1.382976,36,0.16,21.16,102.01,4.7524
324,"Matt Moore","P","2023","LAA","Los Angeles Angels",34.2,3,1649,7550000,7550000,1,1,"2023","2023",0,0,0,162,73,89,0,0,-16,0,0,0,739,5489,1346,231,829,0.497,0.256,4,1.8,3.24,5,1,50,0,4,0,0,0,52.2,46,16,15,7,15,3,60,3,0,1,218,0.833,2.56,177,3.73,1.158,7.9,1.2,2.6,10.3,4,25,1,2500,0,16,0,0,0,2724.84,2116,256,225,49,225,9,3600,9,0,1,47524,0.693889,6.5536,31329,13.9129,1.340964,62.41,1.44,6.76,106.09,16
324,"Matt Moore","P","2024","LAA","Los Angeles Angels",35.2,4,1650,9000000,9000000,1,1,"2024","2024",0,0,0,162,63,99,0,0,-36,0,0,0,635,5357,1227,165,797,0.495,0.256,4,-0.5,0.25,5,3,51,0,12,0,0,1,48.1,39,31,27,11,26,2,41,2,0,1,210,0.625,5.03,84,6.17,1.345,7.3,2,4.8,7.6,1.58,25,9,2601,0,144,0,0,1,2313.61,1521,961,729,121,676,4,1681,4,0,1,44100,0.390625,25.3009,7056,38.0689,1.809025,53.29,4,23.04,57.76,2.4964
325,"Matt Shoemaker","P","2019","TOR","Toronto Blue Jays",32.8,4.166,1651,3500000,3500000,1,1,"2019","2019",0,0,0,162,67,95,0,0,-28,0,0,1,726,5493,1299,247,828,0.495,0.26,4.24,1.1,1.21,3,0,5,5,0,0,0,0,28.2,16,7,5,3,9,0,24,1,0,1,108,1,1.57,292,3.95,0.872,5,0.9,2.8,7.5,2.67,9,0,25,25,0,0,0,0,795.24,256,49,25,9,81,0,576,1,0,1,11664,1,2.4649,85264,15.6025,0.760384,25,0.81,7.84,56.25,7.1289
325,"Matt Shoemaker","P","2021","MIN","Minnesota Twins",34.8,6.166,1652,2000000,2000000,1,1,"2021","2021",0,0,0,162,73,89,0,0,-16,0,0,0,729,5431,1311,228,834,0.481,0.263,4,-1.8,3.24,3,8,16,11,4,0,0,0,60.1,73,56,54,15,27,1,40,3,0,1,284,0.273,8.06,53,6.57,1.657,10.9,2.2,4,6,1.48,9,64,256,121,16,0,0,0,3612.01,5329,3136,2916,225,729,1,1600,9,0,1,80656,0.074529,64.9636,2809,43.1649,2.745649,118.81,4.84,16,36,2.1904
326,"Matt Strahm","P","2022","BOS","Boston Red Sox",30.8,0,1653,3000000,3000000,1,1,"2022","2022",0,0,0,162,78,84,0,0,-6,0,0,1,735,5539,1427,155,787,0.518,0.267,3.92,0.3,0.09,4,4,50,0,10,0,0,4,44.2,38,24,19,5,17,1,52,5,1,2,193,0.5,3.83,110,3.72,1.231,7.7,1,3.4,10.5,3.06,16,16,2500,0,100,0,0,16,1953.64,1444,576,361,25,289,1,2704,25,1,4,37249,0.25,14.6689,12100,13.8384,1.515361,59.29,1,11.56,110.25,9.3636
326,"Matt Strahm","P","2023","PHI","Philadelphia Phillies",31.8,1,1654,15000000,7500000,1,2,"2023","2024",0,0,0,162,90,72,0,1,18,0,0,1,796,5541,1417,220,715,0.473,0.26,3.99,2.2,4.84,9,5,56,10,6,0,0,2,87.2,68,34,32,11,21,0,108,3,1,1,351,0.643,3.29,131,3.24,1.015,7,1.1,2.2,11.1,5.14,81,25,3136,100,36,0,0,4,7603.84,4624,1156,1024,121,441,0,11664,9,1,1,123201,0.413449,10.8241,17161,10.4976,1.030225,49,1.21,4.84,123.21,26.4196
326,"Matt Strahm","P","2024","PHI","Philadelphia Phillies",32.8,2,1654,15000000,7500000,1,2,"2023","2024",1,0,0,162,95,67,1,1,28,0,0,0,784,5534,1423,198,671,0.474,0.26,3.99,2.6,6.76,6,2,66,0,10,0,0,3,62.2,36,14,13,4,11,1,79,6,0,2,237,0.75,1.87,225,2.29,0.75,5.2,0.6,1.6,11.3,7.18,36,4,4356,0,100,0,0,9,3868.84,1296,196,169,16,121,1,6241,36,0,4,56169,0.5625,3.4969,50625,5.2441,0.5625,27.04,0.36,2.56,127.69,51.5524
326,"Matt Strahm","P","2025","PHI","Philadelphia Phillies",33.8,3,1655,7500000,7500000,0,1,"2025","2025",0,0,0,162,96,66,1,1,30,0,0,2,778,5517,1426,212,648,0.475,0.26,3.98,1.9,3.61,2,3,66,0,19,0,0,6,62.1,47,22,19,5,20,1,70,2,0,3,256,0.4,2.74,163,2.99,1.075,6.8,0.7,2.9,10.1,3.5,4,9,4356,0,361,0,0,36,3856.41,2209,484,361,25,400,1,4900,4,0,9,65536,0.16,7.5076,26569,8.9401,1.155625,46.24,0.49,8.41,102.01,12.25
327,"Matt Thornton","P","2014","NYY","New York Yankees",37.9,1.129,1656,7000000,3500000,1,2,"2014","2015",0,0,0,-114,-34,-75,0,0,41,0,0,-4,-842,-3852,-1317,90,-934,0.569,0.267,3.64,1.1,1.21,1,3,64,0,8,0,0,0,36,33,9,7,0,8,2,28,5,0,0,152,0.25,1.75,222,2.66,1.139,8.3,0,2,7,3.5,1,9,4096,0,64,0,0,0,1296,1089,81,49,0,64,4,784,25,0,0,23104,0.0625,3.0625,49284,7.0756,1.297321,68.89,0,4,49,12.25
328,"Max Scherzer","P","2022","NYM","New York Mets",38,7,1662,130000000,43333333.3333333,1,3,"2022","2024",0,0,0,162,101,61,0,1,40,0,0,1,772,5489,1422,171,606,0.483,0.25,3.79,5.3,28.09,11,5,23,23,0,0,0,0,145.1,108,39,37,13,24,0,173,11,0,1,565,0.688,2.29,169,2.62,0.908,6.7,0.8,1.5,10.7,7.21,121,25,529,529,0,0,0,0,21054.01,11664,1521,1369,169,576,0,29929,121,0,1,319225,0.473344,5.2441,28561,6.8644,0.824464,44.89,0.64,2.25,114.49,51.9841
328,"Max Scherzer","P","2023","NYM","New York Mets",39,8,1662,130000000,43333333.3333333,1,3,"2022","2024",0,0,0,162,75,87,0,0,-12,0,0,0,717,5363,1276,215,729,0.482,0.25,3.8,3.1,9.61,13,6,27,27,0,0,0,0,152.2,126,65,64,28,45,0,174,4,0,2,621,0.684,3.77,112,4.32,1.12,7.4,1.7,2.7,10.3,3.87,169,36,729,729,0,0,0,0,23164.84,15876,4225,4096,784,2025,0,30276,16,0,4,385641,0.467856,14.2129,12544,18.6624,1.2544,54.76,2.89,7.29,106.09,14.9769
328,"Max Scherzer","P","2024","TEX","Texas Rangers",40,11,1663,138285692.04977,46095230.6832565,1,3,"2023","2025",0,0,0,162,78,84,0,0,-6,0,0,1,683,5472,1302,176,738,0.476,0.258,4.29,0.3,0.09,2,4,9,9,0,0,0,0,43.1,40,20,19,7,10,0,40,1,0,2,177,0.333,3.95,97,4.18,1.154,8.3,1.5,2.1,8.3,4,4,16,81,81,0,0,0,0,1857.61,1600,400,361,49,100,0,1600,1,0,4,31329,0.110889,15.6025,9409,17.4724,1.331716,68.89,2.25,4.41,68.89,16
328,"Max Scherzer","P","2025","TOR","Toronto Blue Jays",41,13,1664,15500000,15500000,1,1,"2025","2025",0,0,0,162,94,68,1,1,26,1,0,1,798,5507,1461,191,721,0.5,0.26,4.22,0.3,0.09,5,5,17,17,0,0,0,0,85,87,49,49,19,23,0,82,2,0,2,358,0.5,5.19,83,4.99,1.294,9.2,2,2.4,8.7,3.57,25,25,289,289,0,0,0,0,7225,7569,2401,2401,361,529,0,6724,4,0,4,128164,0.25,26.9361,6889,24.9001,1.674436,84.64,4,5.76,75.69,12.7449
329,"Michael Fulmer","P","2023","CHC","Chicago Cubs",30.4,0,1684,4000000,4000000,1,1,"2023","2023",0,0,0,162,83,79,0,0,4,0,0,0,819,5504,1399,196,723,0.513,0.262,3.7,0,0,3,5,58,1,14,0,0,2,57,48,29,28,7,28,0,65,2,0,5,237,0.375,4.42,97,4.15,1.333,7.6,1.1,4.4,10.3,2.32,9,25,3364,1,196,0,0,4,3249,2304,841,784,49,784,0,4225,4,0,25,56169,0.140625,19.5364,9409,17.2225,1.776889,57.76,1.21,19.36,106.09,5.3824
330,"Michael Lorenzen","P","2022","LAA","Los Angeles Angels",30.6,0,1688,6750000,6750000,1,1,"2022","2022",0,0,0,162,73,89,0,0,-16,0,0,0,623,5423,1265,190,668,0.498,0.257,3.98,0.9,0.81,8,6,18,18,0,0,0,0,97.2,81,48,46,11,44,0,85,4,0,3,411,0.571,4.24,95,4.31,1.28,7.5,1,4.1,7.8,1.93,64,36,324,324,0,0,0,0,9447.84,6561,2304,2116,121,1936,0,7225,16,0,9,168921,0.326041,17.9776,9025,18.5761,1.6384,56.25,1,16.81,60.84,3.7249
330,"Michael Lorenzen","P","2023","DET","Detroit Tigers",31.6,1,1689,8500000,8500000,1,1,"2023","2023",1,0,0,162,78,84,0,0,-6,0,0,0,661,5478,1292,165,740,0.503,0.264,4,1.8,3.24,9,9,29,25,2,1,1,1,153,138,76,71,20,47,0,111,2,1,4,624,0.5,4.18,104,4.46,1.209,8.1,1.2,2.8,6.5,2.36,81,81,841,625,4,1,1,1,23409,19044,5776,5041,400,2209,0,12321,4,1,16,389376,0.25,17.4724,10816,19.8916,1.461681,65.61,1.44,7.84,42.25,5.5696
330,"Michael Lorenzen","P","2024","TEX","Texas Rangers",32.6,2,1690,4500000,4500000,1,1,"2024","2024",0,0,0,162,78,84,0,0,-6,0,0,1,683,5472,1302,176,738,0.476,0.258,4.29,2.5,6.25,7,6,26,24,1,0,0,0,130.1,101,49,48,17,60,0,97,6,0,3,536,0.538,3.31,117,4.89,1.235,7,1.2,4.1,6.7,1.62,49,36,676,576,1,0,0,0,16926.01,10201,2401,2304,289,3600,0,9409,36,0,9,287296,0.289444,10.9561,13689,23.9121,1.525225,49,1.44,16.81,44.89,2.6244
331,"Michael Pineda","P","2019","MIN","Minnesota Twins",30.6,1,1692,10000000,5000000,1,2,"2018","2019",0,0,0,162,101,61,1,1,40,0,0,0,939,5732,1547,307,754,0.481,0.263,3.99,2.6,6.76,11,5,26,26,0,0,0,0,146,141,68,65,23,28,1,140,5,0,8,600,0.688,4.01,113,4.02,1.158,8.7,1.4,1.7,8.6,5,121,25,676,676,0,0,0,0,21316,19881,4624,4225,529,784,1,19600,25,0,64,360000,0.473344,16.0801,12769,16.1604,1.340964,75.69,1.96,2.89,73.96,25
331,"Michael Pineda","P","2020","MIN","Minnesota Twins",31.6,2,1693,20000000,10000000,0,2,"2020","2021",0,0,0,60,36,24,1,1,12,0,0,0,269,1937,468,91,215,0.481,0.263,3.99,0.4,0.16,2,0,5,5,0,0,0,0,26.2,25,10,10,0,7,0,25,1,0,0,111,1,3.38,129,2.22,1.2,8.4,0,2.4,8.4,3.57,4,0,25,25,0,0,0,0,686.44,625,100,100,0,49,0,625,1,0,0,12321,1,11.4244,16641,4.9284,1.44,70.56,0,5.76,70.56,12.7449
331,"Michael Pineda","P","2021","MIN","Minnesota Twins",32.6,4,1694,23663126.0031379,11831563.001569,0,2,"2021","2022",0,0,0,162,73,89,0,0,-16,0,0,0,729,5431,1311,228,834,0.481,0.263,4,1.6,2.56,9,8,22,21,0,0,0,0,109.1,114,49,44,17,21,1,88,2,0,1,458,0.529,3.62,117,4.21,1.235,9.4,1.4,1.7,7.2,4.19,81,64,484,441,0,0,0,0,11902.81,12996,2401,1936,289,441,1,7744,4,0,1,209764,0.279841,13.1044,13689,17.7241,1.525225,88.36,1.96,2.89,51.84,17.5561
331,"Michael Pineda","P","2022","DET","Detroit Tigers",33.6,6,1695,5500000,5500000,1,1,"2022","2022",0,0,0,162,66,96,0,0,-30,0,0,0,557,5378,1240,110,713,0.503,0.265,4,-0.5,0.25,2,7,11,11,0,0,0,0,46.2,58,31,30,13,8,0,26,0,0,0,200,0.222,5.79,68,6.13,1.414,11.2,2.5,1.5,5,3.25,4,49,121,121,0,0,0,0,2134.44,3364,961,900,169,64,0,676,0,0,0,40000,0.049284,33.5241,4624,37.5769,1.999396,125.44,6.25,2.25,25,10.5625
332,"Michael Wacha","P","2020","NYM","New York Mets",29.1,0,1698,3000000,3000000,1,1,"2020","2020",0,0,0,60,26,34,0,0,-8,0,0,0,286,2023,551,86,308,0.48,0.25,3.8,-0.2,0.04,1,4,8,7,0,0,0,0,34,46,26,25,9,7,0,37,2,0,2,156,0.2,6.62,65,5.25,1.559,12.2,2.4,1.9,9.8,5.29,1,16,64,49,0,0,0,0,1156,2116,676,625,81,49,0,1369,4,0,4,24336,0.04,43.8244,4225,27.5625,2.430481,148.84,5.76,3.61,96.04,27.9841
332,"Michael Wacha","P","2022","BOS","Boston Red Sox",31.1,2,1700,7000000,7000000,1,1,"2022","2022",0,0,0,162,78,84,0,0,-6,0,0,1,735,5539,1427,155,787,0.518,0.267,3.92,3.2,10.24,11,2,23,23,0,1,1,0,127.1,111,49,47,18,31,0,104,4,0,4,515,0.846,3.32,127,4.14,1.115,7.8,1.3,2.2,7.4,3.35,121,4,529,529,0,1,1,0,16154.41,12321,2401,2209,324,961,0,10816,16,0,16,265225,0.715716,11.0224,16129,17.1396,1.243225,60.84,1.69,4.84,54.76,11.2225
333,"Miguel Castro","P","2023","ARI","Arizona Diamondbacks",28.7,0,1704,3500000,3500000,1,1,"2023","2023",0,0,0,162,84,78,0,1,6,1,0,0,746,5436,1359,166,761,0.486,0.254,4.27,0.4,0.16,6,6,75,0,21,0,0,7,64.2,51,32,31,8,25,3,60,3,0,0,268,0.5,4.31,102,4.31,1.175,7.1,1.1,3.5,8.4,2.4,36,36,5625,0,441,0,0,49,4121.64,2601,1024,961,64,625,9,3600,9,0,0,71824,0.25,18.5761,10404,18.5761,1.380625,50.41,1.21,12.25,70.56,5.76
334,"Miguel Del Pozo","P","2021","DET","Detroit Tigers",28.8,1,1707,674990.669239509,674990.669239509,1,1,"2021","2021",0,0,0,162,77,85,0,0,-8,0,0,0,697,5376,1299,179,756,0.504,0.265,4,0.1,0.01,0,0,5,0,1,0,0,0,5.1,8,2,2,0,2,0,4,0,0,0,25,0,3.38,134,2.8,1.875,13.5,0,3.4,6.8,2,0,0,25,0,1,0,0,0,26.01,64,4,4,0,4,0,16,0,0,0,625,0,11.4244,17956,7.84,3.515625,182.25,0,11.56,46.24,4
335,"Miguel Gonzalez","P","2016","CHW","Chicago White Sox",32.2,4.095,1708,672362.379948466,672362.379948466,1,1,"2016","2016",0,0,0,162,78,84,0,0,-6,0,0,1,686,5550,1428,168,715,0.504,0.261,3.75,2.2,4.84,5,8,24,23,0,0,0,0,135,132,61,56,11,35,1,95,6,0,3,566,0.385,3.73,109,3.71,1.237,8.8,0.7,2.3,6.3,2.71,25,64,576,529,0,0,0,0,18225,17424,3721,3136,121,1225,1,9025,36,0,9,320356,0.148225,13.9129,11881,13.7641,1.530169,77.44,0.49,5.29,39.69,7.3441
335,"Miguel Gonzalez","P","2018","CHW","Chicago White Sox",34.2,6.084,1709,4750000,4750000,1,1,"2018","2018",0,0,0,162,62,100,0,0,-38,0,0,1,656,5523,1332,182,848,0.502,0.26,3.77,-0.7,0.49,0,3,3,3,0,0,0,0,12.1,24,18,17,4,6,0,5,0,0,1,66,0,12.41,35,8.02,2.432,17.5,2.9,4.4,3.6,0.83,0,9,9,9,0,0,0,0,146.41,576,324,289,16,36,0,25,0,0,1,4356,0,154.0081,1225,64.3204,5.914624,306.25,8.41,19.36,12.96,0.6889
336,"Mike","P","2018","TEX","Texas Rangers",30.7,6.138,1711,28000000,9333333.33333333,1,3,"2018","2020",0,0,0,162,67,95,0,0,-28,0,0,1,737,5453,1308,194,848,0.478,0.26,4.26,3.8,14.44,12,8,28,28,0,0,0,0,157,138,76,73,25,38,1,132,8,1,3,640,0.6,4.18,113,4.43,1.121,7.9,1.4,2.2,7.6,3.47,144,64,784,784,0,0,0,0,24649,19044,5776,5329,625,1444,1,17424,64,1,9,409600,0.36,17.4724,12769,19.6249,1.256641,62.41,1.96,4.84,57.76,12.0409
336,"Mike","P","2019","TEX","Texas Rangers",31.7,7.138,1711,28000000,9333333.33333333,1,3,"2018","2020",2,0,1,162,78,84,0,0,-6,0,0,1,810,5540,1374,223,878,0.478,0.259,4.28,8,64,14,10,32,32,0,2,1,0,208.1,190,86,83,30,68,1,200,7,0,2,863,0.583,3.59,144,4.25,1.238,8.2,1.3,2.9,8.6,2.94,196,100,1024,1024,0,4,1,0,43305.61,36100,7396,6889,900,4624,1,40000,49,0,4,744769,0.339889,12.8881,20736,18.0625,1.532644,67.24,1.69,8.41,73.96,8.6436
336,"Mike","P","2020","TEX","Texas Rangers",32.7,8.138,1711,28000000,9333333.33333333,1,3,"2018","2020",0,0,0,60,22,38,0,0,-16,0,0,0,224,1936,420,62,312,0.477,0.259,4.28,-0.1,0.01,1,6,12,11,0,1,1,0,56.2,50,36,35,11,20,0,62,1,0,0,239,0.143,5.56,79,4.64,1.235,7.9,1.7,3.2,9.8,3.1,1,36,144,121,0,1,1,0,3158.44,2500,1296,1225,121,400,0,3844,1,0,0,57121,0.020449,30.9136,6241,21.5296,1.525225,62.41,2.89,10.24,96.04,9.61
337,"Mike Clevinger","P","2023","CHW","Chicago White Sox",32.7,0,1713,12000000,12000000,1,1,"2023","2023",0,0,0,162,61,101,0,0,-40,0,0,0,641,5501,1308,171,841,0.502,0.26,3.79,3.2,10.24,9,9,24,24,0,2,0,0,131.1,121,56,55,16,40,0,110,9,0,6,549,0.5,3.77,117,4.28,1.226,8.3,1.1,2.7,7.5,2.75,81,81,576,576,0,4,0,0,17187.21,14641,3136,3025,256,1600,0,12100,81,0,36,301401,0.25,14.2129,13689,18.3184,1.503076,68.89,1.21,7.29,56.25,7.5625
337,"Mike Clevinger","P","2024","CHW","Chicago White Sox",33.7,1,1714,3000000,3000000,0,1,"2024","2024",0,0,0,162,41,121,0,0,-80,0,0,0,507,5383,1187,133,813,0.5,0.26,3.8,-0.1,0.01,0,3,4,4,0,0,0,0,16,22,13,12,4,9,1,15,0,0,2,78,0,6.75,62,6.23,1.938,12.4,2.3,5.1,8.4,1.67,0,9,16,16,0,0,0,0,256,484,169,144,16,81,1,225,0,0,4,6084,0,45.5625,3844,38.8129,3.755844,153.76,5.29,26.01,70.56,2.7889
337,"Mike Clevinger","P","2025","CHW","Chicago White Sox",34.7,2,1715,1500000,1500000,0,1,"2025","2025",0,0,0,162,60,102,0,0,-42,0,0,1,647,5377,1250,165,742,0.498,0.26,3.8,-0.2,0.04,0,2,8,0,3,0,0,0,5.2,5,5,5,0,8,0,3,0,0,1,31,0,7.94,56,6.31,2.294,7.9,0,12.7,4.8,0.38,0,4,64,0,9,0,0,0,27.04,25,25,25,0,64,0,9,0,0,1,961,0,63.0436,3136,39.8161,5.262436,62.41,0,161.29,23.04,0.1444
338,"Mike Gonzalez","P","2013","MIL","Milwaukee Brewers",35.2,0,1716,2250000,2250000,1,1,"2013","2013",0,0,0,162,74,88,0,0,-14,0,0,0,640,5474,1381,157,687,0.478,0.259,4.2,-0.5,0.25,0,3,75,0,11,0,0,0,50,58,28,26,10,25,2,60,2,0,4,235,0,4.68,83,4.87,1.66,10.4,1.8,4.5,10.8,2.4,0,9,5625,0,121,0,0,0,2500,3364,784,676,100,625,4,3600,4,0,16,55225,0,21.9024,6889,23.7169,2.7556,108.16,3.24,20.25,116.64,5.76
339,"Mike Pelfrey","P","2013","MIN","Minnesota Twins",29.6,0,1732,4000000,4000000,1,1,"2013","2013",0,0,0,162,66,96,0,0,-30,0,0,0,617,5577,1335,151,798,0.481,0.263,3.96,0.2,0.04,5,13,29,29,0,0,0,0,152.2,184,92,88,13,53,0,101,6,0,1,680,0.278,5.19,79,3.99,1.552,10.8,0.8,3.1,6,1.91,25,169,841,841,0,0,0,0,23164.84,33856,8464,7744,169,2809,0,10201,36,0,1,462400,0.077284,26.9361,6241,15.9201,2.408704,116.64,0.64,9.61,36,3.6481
339,"Mike Pelfrey","P","2014","MIN","Minnesota Twins",30.6,1,1733,11000000,5500000,0,2,"2014","2015",0,0,0,162,70,92,0,0,-22,0,0,0,715,5567,1412,128,777,0.48,0.263,3.97,-0.7,0.49,0,3,5,5,0,0,0,0,23.2,29,23,21,5,18,0,10,2,0,1,119,0,7.99,50,7.57,1.986,11,1.9,6.8,3.8,0.56,0,9,25,25,0,0,0,0,538.24,841,529,441,25,324,0,100,4,0,1,14161,0,63.8401,2500,57.3049,3.944196,121,3.61,46.24,14.44,0.3136
339,"Mike Pelfrey","P","2015","MIN","Minnesota Twins",31.6,2,1733,11000000,5500000,0,2,"2014","2015",0,0,0,162,83,79,0,0,4,0,0,0,696,5467,1349,156,700,0.48,0.263,3.97,1.5,2.25,6,11,30,30,0,0,0,0,164.2,198,86,78,11,45,1,86,12,0,5,714,0.353,4.26,95,4,1.476,10.8,0.6,2.5,4.7,1.91,36,121,900,900,0,0,0,0,26961.64,39204,7396,6084,121,2025,1,7396,144,0,25,509796,0.124609,18.1476,9025,16,2.178576,116.64,0.36,6.25,22.09,3.6481
339,"Mike Pelfrey","P","2016","DET","Detroit Tigers",32.6,3,1734,16000000,8000000,1,2,"2016","2017",0,0,0,161,86,75,0,0,11,0,0,0,750,5526,1476,211,721,0.508,0.266,3.96,0.1,0.01,4,10,24,22,0,0,0,0,119,160,76,67,15,46,0,56,6,0,3,541,0.286,5.07,84,5.15,1.731,12.1,1.1,3.5,4.2,1.22,16,100,576,484,0,0,0,0,14161,25600,5776,4489,225,2116,0,3136,36,0,9,292681,0.081796,25.7049,7056,26.5225,2.996361,146.41,1.21,12.25,17.64,1.4884
339,"Mike Pelfrey","P","2017","CHW","Chicago White Sox",33.6,5,1735,695958.90057858,695958.90057858,1,1,"2017","2017",0,0,0,162,67,95,0,0,-28,0,0,1,706,5513,1412,186,820,0.503,0.26,3.76,-1.1,1.21,3,12,34,21,4,0,0,0,120,127,87,79,25,62,4,79,10,0,1,546,0.2,5.93,73,6.35,1.575,9.5,1.9,4.7,5.9,1.27,9,144,1156,441,16,0,0,0,14400,16129,7569,6241,625,3844,16,6241,100,0,1,298116,0.04,35.1649,5329,40.3225,2.480625,90.25,3.61,22.09,34.81,1.6129
340,"Mitch Moreland","NP","2017","BOS","Boston Red Sox",31.9,6.067,1738,5500000,5500000,1,1,"2017","2017",0,0,0,162,93,69,1,1,24,0,0,0,785,5669,1461,168,668,0.517,0.267,3.9,0,0,0,0,1,0,1,0,0,0,1,2,0,0,0,0,0,1,0,0,0,5,0,0,0,1.16,2,18,0,0,9,0,0,0,1,0,1,0,0,0,1,4,0,0,0,0,0,1,0,0,0,25,0,0,0,1.3456,4,324,0,0,81,0
340,"Mitch Moreland","NP","2021","OAK","Oakland Athletics",35.9,10.067,1741,2250000,2250000,1,1,"2021","2021",0,0,0,162,86,76,0,0,10,0,0,0,743,5395,1284,199,687,0.489,0.258,3.98,0,0,0,0,1,0,1,0,0,0,1,1,0,0,0,0,0,1,0,0,0,4,0,0,0,1.17,1,9,0,0,9,0,0,0,1,0,1,0,0,0,1,1,0,0,0,0,0,1,0,0,0,16,0,0,0,1.3689,1,81,0,0,81,0
341,"Mychal Givens","P","2022","CHC","Chicago Cubs",32.2,6.069,1742,5000000,5000000,1,1,"2022","2022",0,0,0,162,74,88,0,0,-14,0,0,1,657,5425,1293,159,731,0.513,0.262,3.69,0.9,0.81,7,3,59,1,12,0,0,2,61.1,56,27,23,8,25,4,71,5,0,2,260,0.7,3.38,122,3.96,1.321,8.2,1.2,3.7,10.4,2.84,49,9,3481,1,144,0,0,4,3733.21,3136,729,529,64,625,16,5041,25,0,4,67600,0.49,11.4244,14884,15.6816,1.745041,67.24,1.44,13.69,108.16,8.0656
341,"Mychal Givens","P","2023","BAL","Baltimore Orioles",33.2,7.069,1743,5000000,5000000,1,1,"2023","2023",0,0,0,162,101,61,1,1,40,0,0,0,807,5495,1399,183,678,0.474,0.258,4.05,-0.4,0.16,0,1,6,0,0,0,0,0,4,4,6,5,0,6,1,2,1,0,1,22,0,11.25,40,7.51,2.5,9,0,13.5,4.5,0.33,0,1,36,0,0,0,0,0,16,16,36,25,0,36,1,4,1,0,1,484,0,126.5625,1600,56.4001,6.25,81,0,182.25,20.25,0.1089
342,"Nabil Crismatt","P","2024","LAD","Los Angeles Dodgers",29.7,2,1746,761001.808873827,761001.808873827,1,1,"2024","2024",0,0,0,162,98,64,1,1,34,1,1,1,842,5522,1423,233,686,0.532,0.261,3.53,0.1,0.01,1,1,5,0,4,0,0,0,7,7,3,2,1,0,0,6,0,0,0,26,0.5,2.57,163,3.31,1,9,1.3,0,7.7,0,1,1,25,0,16,0,0,0,49,49,9,4,1,0,0,36,0,0,0,676,0.25,6.6049,26569,10.9561,1,81,1.69,0,59.29,0
343,"Nathan Eovaldi","P","2019","BOS","Boston Red Sox",29.5,1,1752,68000000,17000000,0,4,"2019","2022",0,0,0,162,84,78,0,0,6,0,0,1,901,5770,1554,245,828,0.519,0.267,3.91,-0.1,0.01,2,1,23,12,2,0,0,0,67.2,72,46,45,16,35,0,70,3,0,6,302,0.667,5.99,81,5.9,1.581,9.6,2.1,4.7,9.3,2,4,1,529,144,4,0,0,0,4515.84,5184,2116,2025,256,1225,0,4900,9,0,36,91204,0.444889,35.8801,6561,34.81,2.499561,92.16,4.41,22.09,86.49,4
343,"Nathan Eovaldi","P","2020","BOS","Boston Red Sox",30.5,2,1752,68000000,17000000,0,4,"2019","2022",0,0,0,60,24,36,0,0,-12,0,0,0,292,2083,552,81,351,0.518,0.267,3.91,1.3,1.69,4,2,9,9,0,0,0,0,48.1,51,20,20,8,7,0,52,4,0,2,199,0.667,3.72,129,3.87,1.2,9.5,1.5,1.3,9.7,7.43,16,4,81,81,0,0,0,0,2313.61,2601,400,400,64,49,0,2704,16,0,4,39601,0.444889,13.8384,16641,14.9769,1.44,90.25,2.25,1.69,94.09,55.2049
343,"Nathan Eovaldi","P","2021","BOS","Boston Red Sox",31.5,3,1752,68000000,17000000,0,4,"2019","2022",3,1,1,162,92,70,0,1,22,0,0,0,829,5495,1434,219,749,0.519,0.267,3.91,4.3,18.49,11,9,32,32,0,0,0,0,182.1,182,81,76,15,35,2,195,7,0,6,764,0.55,3.75,125,2.79,1.19,9,0.7,1.7,9.6,5.57,121,81,1024,1024,0,0,0,0,33160.41,33124,6561,5776,225,1225,4,38025,49,0,36,583696,0.3025,14.0625,15625,7.7841,1.4161,81,0.49,2.89,92.16,31.0249
343,"Nathan Eovaldi","P","2022","BOS","Boston Red Sox",32.5,5,1753,75793127.5844611,18948281.8961153,0,4,"2022","2025",0,0,0,162,78,84,0,0,-6,0,0,1,735,5539,1427,155,787,0.518,0.267,3.92,1.6,2.56,6,3,20,20,0,2,1,0,109.1,115,55,47,21,20,0,103,1,0,2,460,0.667,3.87,109,4.3,1.235,9.5,1.7,1.6,8.5,5.15,36,9,400,400,0,4,1,0,11902.81,13225,3025,2209,441,400,0,10609,1,0,4,211600,0.444889,14.9769,11881,18.49,1.525225,90.25,2.89,2.56,72.25,26.5225
343,"Nathan Eovaldi","P","2023","TEX","Texas Rangers",33.5,9,1754,34000000,17000000,1,2,"2023","2024",1,0,0,162,90,72,0,1,18,1,1,0,881,5595,1470,233,716,0.476,0.258,4.29,2.8,7.84,12,5,25,25,0,2,1,0,144,117,59,58,15,47,0,132,6,0,2,577,0.706,3.63,118,3.88,1.139,7.3,0.9,2.9,8.3,2.81,144,25,625,625,0,4,1,0,20736,13689,3481,3364,225,2209,0,17424,36,0,4,332929,0.498436,13.1769,13924,15.0544,1.297321,53.29,0.81,8.41,68.89,7.8961
343,"Nathan Eovaldi","P","2024","TEX","Texas Rangers",34.5,10,1754,34000000,17000000,1,2,"2023","2024",0,0,0,162,78,84,0,0,-6,0,0,1,683,5472,1302,176,738,0.476,0.258,4.29,1.8,3.24,12,8,29,29,0,0,0,0,170.2,147,74,72,23,42,0,166,7,0,3,696,0.6,3.8,100,3.83,1.107,7.8,1.2,2.2,8.8,3.95,144,64,841,841,0,0,0,0,28968.04,21609,5476,5184,529,1764,0,27556,49,0,9,484416,0.36,14.44,10000,14.6689,1.225449,60.84,1.44,4.84,77.44,15.6025
343,"Nathan Eovaldi","P","2025","TEX","Texas Rangers",35.5,11,1755,75000000,25000000,0,3,"2025","2027",0,0,0,162,81,81,0,0,0,0,0,0,684,5443,1275,175,605,0.476,0.258,4.28,4.4,19.36,11,3,22,22,0,1,1,0,130,90,28,25,10,21,1,129,7,0,6,496,0.786,1.73,209,2.8,0.854,6.2,0.7,1.5,8.9,6.14,121,9,484,484,0,1,1,0,16900,8100,784,625,100,441,1,16641,49,0,36,246016,0.617796,2.9929,43681,7.84,0.729316,38.44,0.49,2.25,79.21,37.6996
344,"Neal Cotts","P","2015","MIL","Milwaukee Brewers",35.4,0,1756,3000000,3000000,1,1,"2015","2015",0,0,0,162,68,94,0,0,-26,0,0,0,655,5480,1378,145,737,0.477,0.259,4.19,0.6,0.36,1,0,68,0,10,0,0,0,63.1,58,26,24,12,22,2,58,4,0,2,269,1,3.41,118,5,1.263,8.2,1.7,3.1,8.2,2.64,1,0,4624,0,100,0,0,0,3981.61,3364,676,576,144,484,4,3364,16,0,4,72361,1,11.6281,13924,25,1.595169,67.24,2.89,9.61,67.24,6.9696
345,"Neftali Feliz","P","2016","PIT","Pittsburgh Pirates",28.2,5.151,1758,3900000,3900000,1,1,"2016","2016",0,0,0,162,78,83,0,0,-5,0,0,0,729,5542,1426,153,758,0.504,0.265,3.71,1,1,4,2,62,0,6,0,0,2,53.2,40,21,21,10,21,1,61,1,0,3,218,0.667,3.52,118,4.52,1.137,6.7,1.7,3.5,10.2,2.9,16,4,3844,0,36,0,0,4,2830.24,1600,441,441,100,441,1,3721,1,0,9,47524,0.444889,12.3904,13924,20.4304,1.292769,44.89,2.89,12.25,104.04,8.41
345,"Neftali Feliz","P","2017","MIL","Milwaukee Brewers",29.2,6.151,1759,5350000,5350000,1,1,"2017","2017",0,0,0,162,86,76,0,0,10,0,0,0,732,5467,1363,224,697,0.478,0.258,4.18,-0.9,0.81,2,5,49,0,31,0,0,8,46,40,33,28,9,23,2,37,1,0,1,196,0.286,5.48,82,5.66,1.37,7.8,1.8,4.5,7.2,1.61,4,25,2401,0,961,0,0,64,2116,1600,1089,784,81,529,4,1369,1,0,1,38416,0.081796,30.0304,6724,32.0356,1.8769,60.84,3.24,20.25,51.84,2.5921
346,"Nestor Cortes","P","2023","NYY","New York Yankees",28,0,1770,3403955.49660971,3403955.49660971,0,1,"2023","2023",0,0,0,162,82,80,0,0,2,0,0,0,673,5323,1207,219,698,0.569,0.266,3.65,0.5,0.25,5,2,12,12,0,0,0,0,63.1,59,36,35,11,20,0,67,3,0,0,266,0.714,4.97,87,4.49,1.247,8.4,1.6,2.8,9.5,3.35,25,4,144,144,0,0,0,0,3981.61,3481,1296,1225,121,400,0,4489,9,0,0,70756,0.509796,24.7009,7569,20.1601,1.555009,70.56,2.56,7.84,90.25,11.2225
346,"Nestor Cortes","P","2024","NYY","New York Yankees",29,1,1771,4062104.25006975,4062104.25006975,0,1,"2024","2024",0,0,0,162,94,68,1,1,26,1,0,0,815,5450,1352,237,668,0.569,0.265,3.66,2.4,5.76,9,10,31,30,1,0,0,0,174.1,162,74,73,24,39,0,162,4,1,2,710,0.474,3.77,107,3.84,1.153,8.4,1.2,2,8.4,4.15,81,100,961,900,1,0,0,0,30310.81,26244,5476,5329,576,1521,0,26244,16,1,4,504100,0.224676,14.2129,11449,14.7456,1.329409,70.56,1.44,4,70.56,17.2225
347,"Nick Anderson","P","2023","ATL","Atlanta Braves",33.1,0,1773,875000,875000,1,1,"2023","2023",0,0,0,162,104,58,1,1,46,0,0,0,947,5597,1543,307,716,0.503,0.26,3.67,0.6,0.36,4,0,35,0,3,0,0,1,35.1,30,14,12,3,9,0,36,0,0,1,141,1,3.06,143,3.09,1.104,7.6,0.8,2.3,9.2,4,16,0,1225,0,9,0,0,1,1232.01,900,196,144,9,81,0,1296,0,0,1,19881,1,9.3636,20449,9.5481,1.218816,57.76,0.64,5.29,84.64,16
347,"Nick Anderson","P","2025","COL","Colorado Rockies",35.1,1,1774,1000000,1000000,1,1,"2025","2025",0,0,0,162,43,119,0,0,-76,0,0,0,597,5408,1281,160,1021,0.456,0.27,5.05,0,0,0,0,12,0,2,0,0,0,14.2,17,10,10,3,2,0,10,0,0,0,61,0,6.14,79,4.84,1.295,10.4,1.8,1.2,6.1,5,0,0,144,0,4,0,0,0,201.64,289,100,100,9,4,0,100,0,0,0,3721,0,37.6996,6241,23.4256,1.677025,108.16,3.24,1.44,37.21,25
348,"Nick Burdi","P","2023","CHC","Chicago Cubs",29,0,1775,765889.986737186,765889.986737186,0,1,"2023","2023",0,0,0,162,83,79,0,0,4,0,0,0,819,5504,1399,196,723,0.513,0.262,3.7,-0.1,0.01,0,0,3,0,2,0,0,0,3,3,3,3,0,3,0,4,0,0,1,15,0,9,53,3.59,2,9,0,9,12,1.33,0,0,9,0,4,0,0,0,9,9,9,9,0,9,0,16,0,0,1,225,0,81,2809,12.8881,4,81,0,81,144,1.7689
348,"Nick Burdi","P","2024","NYY","New York Yankees",30,1,1776,1028380.82280247,1028380.82280247,1,1,"2024","2024",0,0,0,162,94,68,1,1,26,1,0,0,815,5450,1352,237,668,0.569,0.265,3.66,0.3,0.09,1,0,12,0,1,0,0,0,9.2,5,2,2,1,9,0,12,2,0,3,45,1,1.86,224,5.44,1.448,4.7,0.9,8.4,11.2,1.33,1,0,144,0,1,0,0,0,84.64,25,4,4,1,81,0,144,4,0,9,2025,1,3.4596,50176,29.5936,2.096704,22.09,0.81,70.56,125.44,1.7689
348,"Nick Burdi","P","2025","BOS","Boston Red Sox",31,2,1777,850000,850000,1,1,"2025","2025",0,0,0,162,89,73,0,1,16,0,0,1,786,5562,1414,186,676,0.518,0.267,3.92,0.2,0.04,0,0,4,0,2,0,0,0,5.1,5,0,0,0,2,0,5,0,0,1,21,0,0,0,2.39,1.313,8.4,0,3.4,8.4,2.5,0,0,16,0,4,0,0,0,26.01,25,0,0,0,4,0,25,0,0,1,441,0,0,0,5.7121,1.723969,70.56,0,11.56,70.56,6.25
349,"Nick Martinez","P","2024","CIN","Cincinnati Reds",34,4,1787,26000000,13000000,1,2,"2024","2025",0,0,0,162,77,85,0,0,-8,0,0,0,699,5325,1230,174,694,0.504,0.261,3.77,4,16,10,7,42,16,3,1,0,0,142.1,128,56,49,13,18,0,116,5,0,4,570,0.588,3.1,142,3.21,1.026,8.1,0.8,1.1,7.3,6.44,100,49,1764,256,9,1,0,0,20192.41,16384,3136,2401,169,324,0,13456,25,0,16,324900,0.345744,9.61,20164,10.3041,1.052676,65.61,0.64,1.21,53.29,41.4736
349,"Nick Martinez","P","2025","CIN","Cincinnati Reds",35,6,1788,21050000,21050000,0,1,"2025","2025",0,0,0,162,83,79,0,1,4,0,0,1,716,5448,1333,167,681,0.504,0.26,3.77,2.2,4.84,11,14,40,26,2,0,0,0,165.2,158,86,82,22,42,1,116,6,0,6,683,0.44,4.45,102,4.33,1.207,8.6,1.2,2.3,6.3,2.76,121,196,1600,676,4,0,0,0,27291.04,24964,7396,6724,484,1764,1,13456,36,0,36,466489,0.1936,19.8025,10404,18.7489,1.456849,73.96,1.44,5.29,39.69,7.6176
350,"Nick Ramirez","P","2019","DET","Detroit Tigers",30,0,1796,691688.341292727,691688.341292727,1,1,"2019","2019",0,0,0,161,47,114,0,0,-67,0,0,0,582,5549,1333,149,915,0.504,0.265,3.99,1,1,5,4,46,0,7,0,0,0,79.2,76,45,36,11,35,4,74,1,0,6,348,0.556,4.07,117,4.51,1.393,8.6,1.2,4,8.4,2.11,25,16,2116,0,49,0,0,0,6272.64,5776,2025,1296,121,1225,16,5476,1,0,36,121104,0.309136,16.5649,13689,20.3401,1.940449,73.96,1.44,16,70.56,4.4521
350,"Nick Ramirez","P","2023","NYY","New York Yankees",34,1,1797,765889.986737186,765889.986737186,1,1,"2023","2023",0,0,0,162,82,80,0,0,2,0,0,0,673,5323,1207,219,698,0.569,0.266,3.65,0.9,0.81,1,2,32,0,12,0,0,1,40.2,41,17,12,1,9,0,28,1,1,0,172,0.333,2.66,164,2.94,1.23,9.1,0.2,2,6.2,3.11,1,4,1024,0,144,0,0,1,1616.04,1681,289,144,1,81,0,784,1,1,0,29584,0.110889,7.0756,26896,8.6436,1.5129,82.81,0.04,4,38.44,9.6721
351,"Nick Vincent","P","2020","MIA","Miami Marlins",34.1,6.052,1799,1225418.66989424,1225418.66989424,0,1,"2020","2020",0,0,0,60,31,29,0,1,2,0,0,0,263,1935,472,60,304,0.463,0.257,4.31,0.4,0.16,1,2,21,0,8,0,0,3,22.1,23,11,11,5,6,0,17,1,0,0,92,0.333,4.43,104,5.52,1.299,9.3,2,2.4,6.9,2.83,1,4,441,0,64,0,0,9,488.41,529,121,121,25,36,0,289,1,0,0,8464,0.110889,19.6249,10816,30.4704,1.687401,86.49,4,5.76,47.61,8.0089
351,"Nick Vincent","P","2021","MIN","Minnesota Twins",35.1,7.033,1800,674990.669239509,674990.669239509,1,1,"2021","2021",0,0,0,162,73,89,0,0,-16,0,0,0,729,5431,1311,228,834,0.481,0.263,4,0.5,0.25,1,0,7,0,1,0,0,0,12.2,6,1,1,1,5,0,9,1,1,0,47,1,0.71,614,4.2,0.868,4.3,0.7,3.6,6.4,1.8,1,0,49,0,1,0,0,0,148.84,36,1,1,1,25,0,81,1,1,0,2209,1,0.5041,376996,17.64,0.753424,18.49,0.49,12.96,40.96,3.24
352,"Noah Syndergaard","P","2022","LAA","Los Angeles Angels",29.9,6.149,1806,21000000,21000000,1,1,"2022","2022",0,0,0,162,73,89,0,0,-16,0,0,0,623,5423,1265,190,668,0.498,0.257,3.98,1.9,3.61,10,10,25,24,0,1,0,0,134.2,138,62,59,14,31,0,95,4,0,1,565,0.5,3.94,102,3.83,1.255,9.2,0.9,2.1,6.3,3.06,100,100,625,576,0,1,0,0,18009.64,19044,3844,3481,196,961,0,9025,16,0,1,319225,0.25,15.5236,10404,14.6689,1.575025,84.64,0.81,4.41,39.69,9.3636
352,"Noah Syndergaard","P","2023","LAD","Los Angeles Dodgers",30.9,7.149,1807,13000000,13000000,1,1,"2023","2023",0,0,0,162,100,62,1,1,38,0,0,0,906,5524,1422,249,699,0.531,0.261,3.52,-1.1,1.21,2,6,18,18,0,0,0,0,88.2,104,65,64,22,19,0,56,10,0,0,391,0.25,6.5,66,6.2,1.387,10.6,2.2,1.9,5.7,2.95,4,36,324,324,0,0,0,0,7779.24,10816,4225,4096,484,361,0,3136,100,0,0,152881,0.0625,42.25,4356,38.44,1.923769,112.36,4.84,3.61,32.49,8.7025
353,"Oliver Perez","NE","2014","ARI","Arizona Diamondbacks",33,0,1808,4250000,2125000,1,2,"2014","2015",0,0,0,162,64,98,0,0,-34,0,0,0,615,5552,1379,118,742,0.492,0.258,4.23,0.4,0.16,3,4,68,0,11,0,0,0,58.2,50,25,19,5,24,2,76,7,3,3,256,0.429,2.91,129,3.23,1.261,7.7,0.8,3.7,11.7,3.17,9,16,4624,0,121,0,0,0,3387.24,2500,625,361,25,576,4,5776,49,9,9,65536,0.184041,8.4681,16641,10.4329,1.590121,59.29,0.64,13.69,136.89,10.0489
353,"Oliver Perez","NE","2015","ARI","Arizona Diamondbacks",34,1,1808,4250000,2125000,1,2,"2014","2015",0,0,0,162,79,83,0,0,-4,0,0,1,720,5649,1494,154,713,0.492,0.258,4.22,-0.4,0.16,2,4,70,0,15,0,0,0,41,39,24,19,4,15,2,51,4,0,3,183,0.333,4.17,99,3.3,1.317,8.6,0.9,3.3,11.2,3.4,4,16,4900,0,225,0,0,0,1681,1521,576,361,16,225,4,2601,16,0,9,33489,0.110889,17.3889,9801,10.89,1.734489,73.96,0.81,10.89,125.44,11.56
353,"Oliver Perez","NE","2019","CLE","Cleveland Guardians",38,6,1811,2500000,2500000,0,1,"2019","2019",0,0,0,162,93,69,0,0,24,0,0,1,769,5425,1354,223,657,0.512,0.266,3.83,0.4,0.16,2,4,67,0,4,0,0,1,40.2,38,20,18,5,12,2,48,3,0,1,173,0.333,3.98,119,3.56,1.23,8.4,1.1,2.7,10.6,4,4,16,4489,0,16,0,0,1,1616.04,1444,400,324,25,144,4,2304,9,0,1,29929,0.110889,15.8404,14161,12.6736,1.5129,70.56,1.21,7.29,112.36,16
354,"Pablo Reyes","NP","2025","NYY","New York Yankees",31.9,1,1817,900000,900000,1,1,"2025","2025",0,0,0,162,94,68,0,1,26,0,0,2,849,5471,1371,274,685,0.57,0.265,3.66,-0.1,0.01,0,0,1,0,1,0,0,0,1,5,3,3,1,0,0,0,0,0,0,8,0,27,21,16.14,5,45,9,0,0,0,0,0,1,0,1,0,0,0,1,25,9,9,1,0,0,0,0,0,0,64,0,729,441,260.4996,25,2025,81,0,0,0
355,"Pat Neshek","P","2014","STL","St Louis Cardinals",33.9,0,1820,1000000,1000000,1,1,"2014","2014",1,0,0,162,91,72,1,1,19,1,0,1,619,5426,1371,105,603,0.519,0.267,3.67,2.3,5.29,7,2,71,0,17,0,0,6,67.1,44,14,14,4,9,2,68,2,0,1,255,0.778,1.87,195,2.37,0.787,5.9,0.5,1.2,9.1,7.56,49,4,5041,0,289,0,0,36,4502.41,1936,196,196,16,81,4,4624,4,0,1,65025,0.605284,3.4969,38025,5.6169,0.619369,34.81,0.25,1.44,82.81,57.1536
355,"Pat Neshek","P","2015","HOU","Houston Astros",34.9,1,1821,12500000,6250000,1,2,"2015","2016",0,0,0,162,86,76,0,1,10,0,0,2,729,5459,1363,230,618,0.488,0.254,3.82,0.2,0.04,3,6,66,0,8,0,0,1,54.2,49,25,22,8,12,1,51,2,0,1,223,0.333,3.62,108,3.94,1.116,8.1,1.3,2,8.4,4.25,9,36,4356,0,64,0,0,1,2937.64,2401,625,484,64,144,1,2601,4,0,1,49729,0.110889,13.1044,11664,15.5236,1.245456,65.61,1.69,4,70.56,18.0625
355,"Pat Neshek","P","2016","HOU","Houston Astros",35.9,2,1821,12500000,6250000,1,2,"2015","2016",0,0,0,162,84,78,0,0,6,0,0,0,724,5545,1367,198,701,0.489,0.254,3.82,0.6,0.36,2,2,60,0,9,0,0,0,47,33,17,16,6,11,7,43,0,0,1,185,0.5,3.06,129,3.68,0.936,6.3,1.1,2.1,8.2,3.91,4,4,3600,0,81,0,0,0,2209,1089,289,256,36,121,49,1849,0,0,1,34225,0.25,9.3636,16641,13.5424,0.876096,39.69,1.21,4.41,67.24,15.2881
355,"Pat Neshek","P","2018","PHI","Philadelphia Phillies",37.9,5,1823,16200000,8100000,1,2,"2018","2019",0,0,0,162,80,82,0,0,-2,0,0,1,677,5424,1270,186,728,0.472,0.261,3.98,0.7,0.49,3,2,30,0,8,0,0,5,24.1,23,9,7,2,5,1,15,0,0,1,101,0.6,2.59,161,3.61,1.151,8.5,0.7,1.8,5.5,3,9,4,900,0,64,0,0,25,580.81,529,81,49,4,25,1,225,0,0,1,10201,0.36,6.7081,25921,13.0321,1.324801,72.25,0.49,3.24,30.25,9
355,"Pat Neshek","P","2019","PHI","Philadelphia Phillies",38.9,7,1824,20252136.1189312,10126068.0594656,0,2,"2019","2020",0,0,0,162,81,81,0,0,0,0,0,1,774,5571,1369,215,794,0.472,0.261,3.98,-0.1,0.01,0,1,20,0,6,0,0,3,18,23,11,10,5,2,0,9,0,0,0,79,0,5,90,6.16,1.389,11.5,2.5,1,4.5,4.5,0,1,400,0,36,0,0,9,324,529,121,100,25,4,0,81,0,0,0,6241,0,25,8100,37.9456,1.929321,132.25,6.25,1,20.25,20.25
356,"Pat Venditte","P","2018","LAD","Los Angeles Dodgers",33.1,1.017,1825,694114.573020403,694114.573020403,1,1,"2018","2018",0,0,0,163,92,71,1,1,21,1,0,1,804,5572,1394,235,610,0.527,0.262,3.53,0.2,0.04,0,0,15,0,6,0,0,0,14,11,4,4,1,3,1,9,2,0,0,57,0,2.57,155,3.87,1,7.1,0.6,1.9,5.8,3,0,0,225,0,36,0,0,0,196,121,16,16,1,9,1,81,4,0,0,3249,0,6.6049,24025,14.9769,1,50.41,0.36,3.61,33.64,9
356,"Pat Venditte","P","2020","MIA","Miami Marlins",35.1,1.087,1827,704615.735189191,704615.735189191,1,1,"2020","2020",0,0,0,60,31,29,0,1,2,0,0,0,263,1935,472,60,304,0.463,0.257,4.31,0.2,0.04,0,0,3,0,2,0,0,0,4.1,1,0,0,0,0,0,5,2,0,0,15,0,0,0,2.27,0.231,2.1,0,0,10.4,0,0,0,9,0,4,0,0,0,16.81,1,0,0,0,0,0,25,4,0,0,225,0,0,0,5.1529,0.053361,4.41,0,0,108.16,0
357,"Patrick Corbin","P","2025","TEX","Texas Rangers",36.1,6,1829,1100000,1100000,1,1,"2025","2025",0,0,0,162,81,81,0,0,0,0,0,0,684,5443,1275,175,605,0.476,0.258,4.28,-0.3,0.09,7,11,31,30,1,1,0,0,155.1,161,79,76,21,51,1,131,3,0,6,663,0.389,4.4,82,4.25,1.365,9.3,1.2,3,7.6,2.57,49,121,961,900,1,1,0,0,24056.01,25921,6241,5776,441,2601,1,17161,9,0,36,439569,0.151321,19.36,6724,18.0625,1.863225,86.49,1.44,9,57.76,6.6049
358,"Paul Sewald","P","2021","SEA","Seattle Mariners",31.2,0,1832,674990.669239509,674990.669239509,1,1,"2021","2021",0,0,0,162,90,72,0,0,18,0,0,0,697,5355,1209,199,748,0.472,0.259,4.34,1.6,2.56,10,3,62,0,18,0,0,11,64.2,42,24,22,10,24,5,104,0,0,2,264,0.769,3.06,135,3.08,1.021,5.8,1.4,3.3,14.5,4.33,100,9,3844,0,324,0,0,121,4121.64,1764,576,484,100,576,25,10816,0,0,4,69696,0.591361,9.3636,18225,9.4864,1.042441,33.64,1.96,10.89,210.25,18.7489
358,"Paul Sewald","P","2024","ARI","Arizona Diamondbacks",34.2,2,1834,7558599.04759815,7558599.04759815,0,1,"2024","2024",0,0,0,162,89,73,0,0,16,0,0,0,886,5522,1452,211,788,0.489,0.255,4.28,0.2,0.04,1,2,42,0,34,0,0,16,39.2,35,19,19,6,10,1,43,3,0,0,165,0.333,4.31,98,3.95,1.134,7.9,1.4,2.3,9.8,4.3,1,4,1764,0,1156,0,0,256,1536.64,1225,361,361,36,100,1,1849,9,0,0,27225,0.110889,18.5761,9604,15.6025,1.285956,62.41,1.96,5.29,96.04,18.49
358,"Paul Sewald","P","2025","CLE","Cleveland Guardians",35.2,3,1835,7000000,7000000,1,1,"2025","2025",0,0,0,162,88,74,1,1,14,0,0,1,643,5310,1199,168,649,0.513,0.264,3.83,-0.1,0.01,1,1,22,0,5,0,0,2,19.2,18,11,10,4,6,0,20,0,0,0,81,0.5,4.58,94,4.66,1.22,8.2,1.8,2.7,9.2,3.33,1,1,484,0,25,0,0,4,368.64,324,121,100,16,36,0,400,0,0,0,6561,0.25,20.9764,8836,21.7156,1.4884,67.24,3.24,7.29,84.64,11.0889
359,"Peter Moylan","P","2013","LAD","Los Angeles Dodgers",34.7,0,1841,687482.955954937,687482.955954937,1,1,"2013","2013",0,0,0,162,92,70,1,1,22,0,0,0,654,5491,1446,138,586,0.524,0.262,3.54,-0.4,0.16,1,0,14,0,7,0,0,0,15.1,23,11,11,3,7,1,6,0,0,0,70,1,6.46,57,6.18,1.957,13.5,1.8,4.1,3.5,0.86,1,0,196,0,49,0,0,0,228.01,529,121,121,9,49,1,36,0,0,0,4900,1,41.7316,3249,38.1924,3.829849,182.25,3.24,16.81,12.25,0.7396
359,"Peter Moylan","P","2015","ATL","Atlanta Braves",36.7,1,1842,687225.311355765,687225.311355765,1,1,"2015","2015",0,0,0,162,67,95,0,0,-28,0,0,1,573,5420,1361,100,760,0.501,0.26,3.64,0.1,0.01,1,0,22,0,2,0,0,0,10.1,12,5,4,1,0,0,8,0,1,0,44,1,3.48,114,2.84,1.161,10.5,0.9,0,7,0,1,0,484,0,4,0,0,0,102.01,144,25,16,1,0,0,64,0,1,0,1936,1,12.1104,12996,8.0656,1.347921,110.25,0.81,0,49,0
359,"Peter Moylan","P","2018","ATL","Atlanta Braves",39.7,4,1845,575000,575000,1,1,"2018","2018",0,0,0,162,90,72,1,1,18,0,0,1,759,5582,1433,175,657,0.5,0.26,3.66,0,0,0,1,39,0,6,0,0,0,28.1,32,14,14,4,18,3,23,2,0,3,129,0,4.45,93,5.49,1.765,10.2,1.3,5.7,7.3,1.28,0,1,1521,0,36,0,0,0,789.61,1024,196,196,16,324,9,529,4,0,9,16641,0,19.8025,8649,30.1401,3.115225,104.04,1.69,32.49,53.29,1.6384
360,"Phil Maton","P","2025","STL","St Louis Cardinals",31,1,1847,2000000,2000000,1,1,"2025","2025",0,0,0,162,78,84,0,0,-6,0,0,1,689,5433,1331,148,754,0.52,0.266,3.69,1.4,1.96,4,5,63,0,22,0,0,5,61.1,42,21,19,3,23,2,81,7,0,1,248,0.444,2.79,140,2.6,1.06,6.2,0.4,3.4,11.9,3.52,16,25,3969,0,484,0,0,25,3733.21,1764,441,361,9,529,4,6561,49,0,1,61504,0.197136,7.7841,19600,6.76,1.1236,38.44,0.16,11.56,141.61,12.3904
361,"Rafael Montero","P","2019","TEX","Texas Rangers",28.8,0,1858,691688.341292727,691688.341292727,1,1,"2019","2019",0,0,0,162,78,84,0,0,-6,0,0,1,810,5540,1374,223,878,0.478,0.259,4.28,1.2,1.44,2,0,22,0,6,0,0,0,29,23,8,8,5,5,0,34,2,1,0,113,1,2.48,210,3.83,0.966,7.1,1.6,1.6,10.6,6.8,4,0,484,0,36,0,0,0,841,529,64,64,25,25,0,1156,4,1,0,12769,1,6.1504,44100,14.6689,0.933156,50.41,2.56,2.56,112.36,46.24
361,"Rafael Montero","P","2022","HOU","Houston Astros",31.8,2,1860,3037298.12746554,3037298.12746554,0,1,"2022","2022",0,0,0,162,106,56,1,1,50,1,1,0,737,5409,1341,214,518,0.501,0.255,3.8,1.2,1.44,5,2,71,0,25,0,0,14,68.1,47,22,18,3,23,2,73,2,0,1,270,0.714,2.37,161,2.64,1.024,6.2,0.4,3,9.6,3.17,25,4,5041,0,625,0,0,196,4637.61,2209,484,324,9,529,4,5329,4,0,1,72900,0.509796,5.6169,25921,6.9696,1.048576,38.44,0.16,9,92.16,10.0489
361,"Rafael Montero","P","2023","HOU","Houston Astros",32.8,3,1861,34500000,11500000,0,3,"2023","2025",0,0,0,162,90,72,1,1,18,0,0,0,827,5567,1441,222,698,0.501,0.255,3.8,-0.3,0.09,3,3,68,0,21,0,0,1,67.1,74,40,38,11,29,0,79,3,0,0,298,0.5,5.08,84,4.46,1.53,9.9,1.5,3.9,10.6,2.72,9,9,4624,0,441,0,0,1,4502.41,5476,1600,1444,121,841,0,6241,9,0,0,88804,0.25,25.8064,7056,19.8916,2.3409,98.01,2.25,15.21,112.36,7.3984
361,"Rafael Montero","P","2024","HOU","Houston Astros",33.8,4,1861,34500000,11500000,0,3,"2023","2025",0,0,0,161,88,73,1,1,15,0,0,0,740,5530,1448,190,649,0.502,0.255,3.8,-0.1,0.01,1,2,41,0,7,0,0,0,38.1,35,21,20,8,19,0,23,3,0,0,164,0.333,4.7,86,6.4,1.409,8.2,1.9,4.5,5.4,1.21,1,4,1681,0,49,0,0,0,1451.61,1225,441,400,64,361,0,529,9,0,0,26896,0.110889,22.09,7396,40.96,1.985281,67.24,3.61,20.25,29.16,1.4641
362,"Ricardo Pinto","P","2024","PHI","Philadelphia Phillies",30.6,1,1882,761001.808873827,761001.808873827,1,1,"2024","2024",0,0,0,162,95,67,1,1,28,0,0,0,784,5534,1423,198,671,0.474,0.26,3.99,-0.5,0.25,0,0,6,0,5,0,0,1,10.2,19,14,13,2,5,0,8,2,0,0,59,0,10.97,39,6.07,2.25,16,1.7,4.2,6.8,1.6,0,0,36,0,25,0,0,1,104.04,361,196,169,4,25,0,64,4,0,0,3481,0,120.3409,1521,36.8449,5.0625,256,2.89,17.64,46.24,2.56
363,"Rich Hill","P","2013","CLE","Cleveland Guardians",33.4,0,1883,1000000,1000000,1,1,"2013","2013",0,0,0,162,92,70,0,1,22,0,0,0,743,5466,1381,171,685,0.509,0.266,3.84,-1.3,1.69,1,2,63,0,3,0,0,0,38.2,38,30,27,3,29,6,51,2,1,6,182,0.333,6.28,61,3.82,1.733,8.8,0.7,6.8,11.9,1.76,1,4,3969,0,9,0,0,0,1459.24,1444,900,729,9,841,36,2601,4,1,36,33124,0.110889,39.4384,3721,14.5924,3.003289,77.44,0.49,46.24,141.61,3.0976
363,"Rich Hill","P","2016","OAK","Oakland Athletics",36.4,3,1886,6000000,6000000,1,1,"2016","2016",0,0,0,162,69,93,0,0,-24,0,0,1,653,5500,1352,169,761,0.487,0.259,3.97,4.3,18.49,12,5,20,20,0,0,0,0,110.1,77,29,26,4,33,0,129,8,0,0,439,0.706,2.12,193,2.39,0.997,6.3,0.3,2.7,10.5,3.91,144,25,400,400,0,0,0,0,12122.01,5929,841,676,16,1089,0,16641,64,0,0,192721,0.498436,4.4944,37249,5.7121,0.994009,39.69,0.09,7.29,110.25,15.2881
363,"Rich Hill","P","2017","LAD","Los Angeles Dodgers",37.4,4,1887,48000000,16000000,0,3,"2017","2019",0,0,0,164,104,58,1,1,46,1,0,0,770,5408,1347,221,580,0.527,0.262,3.53,2.2,4.84,12,8,25,25,0,1,0,0,135.2,99,51,50,18,49,1,166,9,1,2,552,0.6,3.32,125,3.72,1.091,6.6,1.2,3.3,11,3.39,144,64,625,625,0,1,0,0,18279.04,9801,2601,2500,324,2401,1,27556,81,1,4,304704,0.36,11.0224,15625,13.8384,1.190281,43.56,1.44,10.89,121,11.4921
363,"Rich Hill","P","2018","LAD","Los Angeles Dodgers",38.4,7,1888,61133026.614641,20377675.5382137,0,3,"2018","2020",0,0,0,163,92,71,1,1,21,1,0,1,804,5572,1394,235,610,0.527,0.262,3.53,1.5,2.25,11,5,25,24,0,0,0,0,132.2,108,57,54,20,41,3,150,8,1,2,547,0.688,3.66,106,3.97,1.123,7.3,1.4,2.8,10.2,3.66,121,25,625,576,0,0,0,0,17476.84,11664,3249,2916,400,1681,9,22500,64,1,4,299209,0.473344,13.3956,11236,15.7609,1.261129,53.29,1.96,7.84,104.04,13.3956
363,"Rich Hill","P","2019","LAD","Los Angeles Dodgers",39.4,10,1889,59821694.3820737,19940564.7940246,0,3,"2019","2021",0,0,0,162,106,56,1,1,50,0,0,0,886,5493,1414,279,613,0.528,0.262,3.53,1.2,1.44,4,1,13,13,0,0,0,0,58.2,48,20,16,10,18,2,72,4,0,0,242,0.8,2.45,169,4.1,1.125,7.4,1.5,2.8,11,4,16,1,169,169,0,0,0,0,3387.24,2304,400,256,100,324,4,5184,16,0,0,58564,0.64,6.0025,28561,16.81,1.265625,54.76,2.25,7.84,121,16
363,"Rich Hill","P","2020","MIN","Minnesota Twins",40.4,13,1890,3000000,3000000,1,1,"2020","2020",0,0,0,60,36,24,1,1,12,0,0,0,269,1937,468,91,215,0.481,0.263,3.99,0.8,0.64,2,2,8,8,0,0,0,0,38.2,28,13,13,3,17,0,31,1,0,1,156,0.5,3.03,143,3.99,1.164,6.5,0.7,4,7.2,1.82,4,4,64,64,0,0,0,0,1459.24,784,169,169,9,289,0,961,1,0,1,24336,0.25,9.1809,20449,15.9201,1.354896,42.25,0.49,16,51.84,3.3124
363,"Rich Hill","P","2022","BOS","Boston Red Sox",42.4,15,1892,5000000,5000000,1,1,"2022","2022",0,0,0,162,78,84,0,0,-6,0,0,1,735,5539,1427,155,787,0.518,0.267,3.92,0.8,0.64,8,7,26,26,0,0,0,0,124.1,125,67,59,15,37,0,109,4,2,0,526,0.533,4.27,98,3.92,1.303,9,1.1,2.7,7.9,2.95,64,49,676,676,0,0,0,0,15400.81,15625,4489,3481,225,1369,0,11881,16,4,0,276676,0.284089,18.2329,9604,15.3664,1.697809,81,1.21,7.29,62.41,8.7025
363,"Rich Hill","P","2023","PIT","Pittsburgh Pirates",43.4,16,1893,8000000,8000000,1,1,"2023","2023",0,0,0,162,76,86,0,0,-10,0,0,0,692,5406,1293,159,790,0.501,0.264,3.76,-0.5,0.25,8,14,32,27,3,0,0,0,146.1,165,98,88,23,58,0,129,7,1,2,660,0.364,5.41,82,4.87,1.524,10.1,1.4,3.6,7.9,2.22,64,196,1024,729,9,0,0,0,21345.21,27225,9604,7744,529,3364,0,16641,49,1,4,435600,0.132496,29.2681,6724,23.7169,2.322576,102.01,1.96,12.96,62.41,4.9284
363,"Rich Hill","P","2024","BOS","Boston Red Sox",44.4,17,1894,1028380.82280247,1028380.82280247,1,1,"2024","2024",0,0,0,162,81,81,0,0,0,0,0,1,751,5577,1404,194,747,0.518,0.267,3.92,0,0,0,1,4,0,1,0,0,0,3.2,1,2,2,1,3,0,5,1,0,0,15,0,4.91,93,7.26,1.091,2.5,2.5,7.4,12.3,1.67,0,1,16,0,1,0,0,0,10.24,1,4,4,1,9,0,25,1,0,0,225,0,24.1081,8649,52.7076,1.190281,6.25,6.25,54.76,151.29,2.7889
364,"Richard Lovelady","P","2025","NYM","New York Mets",29,1,1897,1000000,1000000,1,1,"2025","2025",0,0,0,162,83,79,0,0,4,0,0,1,766,5457,1359,224,715,0.484,0.25,3.81,-0.5,0.25,0,1,10,0,0,0,0,0,11.2,12,12,11,3,6,0,12,4,0,0,57,0,8.49,51,6.99,1.543,9.3,2.3,4.6,9.3,2,0,1,100,0,0,0,0,0,125.44,144,144,121,9,36,0,144,16,0,0,3249,0,72.0801,2601,48.8601,2.380849,86.49,5.29,21.16,86.49,4
365,"Ricky Nolasco","P","2014","MIN","Minnesota Twins",31.7,0.142,1903,49000000,12250000,1,4,"2014","2017",0,0,0,162,70,92,0,0,-22,0,0,0,715,5567,1412,128,777,0.48,0.263,3.97,0.3,0.09,6,12,27,27,0,1,0,0,159,203,96,95,22,38,1,115,5,0,5,695,0.333,5.38,73,4.3,1.516,11.5,1.2,2.2,6.5,3.03,36,144,729,729,0,1,0,0,25281,41209,9216,9025,484,1444,1,13225,25,0,25,483025,0.110889,28.9444,5329,18.49,2.298256,132.25,1.44,4.84,42.25,9.1809
365,"Ricky Nolasco","P","2015","MIN","Minnesota Twins",32.7,1.142,1903,49000000,12250000,1,4,"2014","2017",0,0,0,162,83,79,0,0,4,0,0,0,696,5467,1349,156,700,0.48,0.263,3.97,-0.8,0.64,5,2,9,8,1,0,0,0,37.1,50,31,28,3,14,2,35,1,1,1,173,0.714,6.75,61,3.51,1.714,12.1,0.7,3.4,8.4,2.5,25,4,81,64,1,0,0,0,1376.41,2500,961,784,9,196,4,1225,1,1,1,29929,0.509796,45.5625,3721,12.3201,2.937796,146.41,0.49,11.56,70.56,6.25
365,"Ricky Nolasco","P","2016","MIN","Minnesota Twins",33.7,2.142,1903,49000000,12250000,1,4,"2014","2017",0,0,0,162,59,103,0,0,-44,0,0,0,722,5618,1409,200,889,0.479,0.263,3.98,1.9,3.61,8,14,32,32,0,1,1,0,197.2,202,104,97,26,44,0,144,5,0,7,817,0.364,4.42,94,4.14,1.245,9.2,1.2,2,6.6,3.27,64,196,1024,1024,0,1,1,0,38887.84,40804,10816,9409,676,1936,0,20736,25,0,49,667489,0.132496,19.5364,8836,17.1396,1.550025,84.64,1.44,4,43.56,10.6929
366,"Rob Brantly","NP","2017","CHW","Chicago White Sox",28.1,0,1905,695958.90057858,695958.90057858,0,1,"2017","2017",0,0,0,162,67,95,0,0,-28,0,0,1,706,5513,1412,186,820,0.503,0.26,3.76,0,0,0,0,1,0,1,0,0,0,1,1,1,1,1,0,0,0,0,0,0,4,0,9,65,16.16,1,9,9,0,0,0,0,0,1,0,1,0,0,0,1,1,1,1,1,0,0,0,0,0,0,16,0,81,4225,261.1456,1,81,81,0,0,0
367,"Rob Zastryzny","P","2024","MIL","Milwaukee Brewers",32.4,1,1910,761001.808873827,761001.808873827,1,1,"2024","2024",0,0,0,162,93,69,1,1,24,0,0,0,777,5472,1359,177,641,0.487,0.256,4.14,0.3,0.09,1,0,9,3,2,0,0,0,7.2,4,1,1,0,1,0,5,1,0,0,29,1,1.17,370,2.64,0.652,4.7,0,1.2,5.9,5,1,0,81,9,4,0,0,0,51.84,16,1,1,0,1,0,25,1,0,0,841,1,1.3689,136900,6.9696,0.425104,22.09,0,1.44,34.81,25
367,"Rob Zastryzny","P","2025","MIL","Milwaukee Brewers",33.4,2,1911,760000,760000,0,1,"2025","2025",0,0,0,162,97,65,1,1,32,0,0,2,806,5510,1423,166,634,0.489,0.256,4.13,0.5,0.25,2,1,26,1,4,0,0,0,22,16,7,6,3,10,3,20,1,0,2,93,0.667,2.45,173,4.59,1.182,6.5,1.2,4.1,8.2,2,4,1,676,1,16,0,0,0,484,256,49,36,9,100,9,400,1,0,4,8649,0.444889,6.0025,29929,21.0681,1.397124,42.25,1.44,16.81,67.24,4
368,"Robbie Ray","P","2021","TOR","Toronto Blue Jays",29.8,6.007,1920,8000000,8000000,0,1,"2021","2021",3,1,1,162,91,71,0,0,20,0,0,0,846,5476,1455,262,663,0.496,0.261,4.23,6.9,47.61,13,7,32,32,0,0,0,0,193.1,150,62,61,33,52,0,248,4,0,5,773,0.65,2.84,157,3.69,1.045,7,1.5,2.4,11.5,4.77,169,49,1024,1024,0,0,0,0,37287.61,22500,3844,3721,1089,2704,0,61504,16,0,25,597529,0.4225,8.0656,24649,13.6161,1.092025,49,2.25,5.76,132.25,22.7529
368,"Robbie Ray","P","2022","SEA","Seattle Mariners",30.8,7.007,1921,115000000,23000000,1,5,"2022","2026",0,0,0,162,90,72,0,1,18,0,0,0,690,5375,1236,197,623,0.474,0.258,4.32,2.1,4.41,12,12,32,32,0,0,0,0,189,163,80,78,32,62,0,212,7,0,5,775,0.5,3.71,100,4.16,1.19,7.8,1.5,3,10.1,3.42,144,144,1024,1024,0,0,0,0,35721,26569,6400,6084,1024,3844,0,44944,49,0,25,600625,0.25,13.7641,10000,17.3056,1.4161,60.84,2.25,9,102.01,11.6964
368,"Robbie Ray","P","2023","SEA","Seattle Mariners",31.8,8.007,1921,115000000,23000000,1,5,"2022","2026",0,0,0,162,88,74,0,0,14,0,0,0,758,5500,1332,210,659,0.476,0.258,4.31,-0.3,0.09,0,1,1,1,0,0,0,0,3.1,4,5,3,0,5,0,3,0,0,1,19,0,8.1,54,5.96,2.7,10.8,0,13.5,8.1,0.6,0,1,1,1,0,0,0,0,9.61,16,25,9,0,25,0,9,0,0,1,361,0,65.61,2916,35.5216,7.29,116.64,0,182.25,65.61,0.36
369,"Roberto Hernandez","NE","2015","HOU","Houston Astros",34.9,1,1923,2600000,2600000,1,1,"2015","2015",0,0,0,162,86,76,0,1,10,0,0,2,729,5459,1363,230,618,0.488,0.254,3.82,-0.2,0.04,3,5,20,11,6,0,0,0,84.2,90,48,41,9,26,2,42,1,0,1,357,0.375,4.36,90,4.48,1.37,9.6,1,2.8,4.5,1.62,9,25,400,121,36,0,0,0,7089.64,8100,2304,1681,81,676,4,1764,1,0,1,127449,0.140625,19.0096,8100,20.0704,1.8769,92.16,1,7.84,20.25,2.6244
370,"Ronald Torreyes","NP","2021","PHI","Philadelphia Phillies",28.9,3.006,1933,800000,800000,1,1,"2021","2021",0,0,0,162,82,80,0,0,2,0,0,0,734,5366,1288,198,745,0.472,0.261,3.99,-0.1,0.01,0,0,2,0,2,0,0,0,2.2,6,4,4,2,0,0,1,0,0,0,14,0,13.5,35,12.17,2.25,20.3,6.8,0,3.4,0,0,0,4,0,4,0,0,0,4.84,36,16,16,4,0,0,1,0,0,0,196,0,182.25,1225,148.1089,5.0625,412.09,46.24,0,11.56,0
371,"Ross Detwiler","P","2015","ATL","Atlanta Braves",29.4,0,1936,507500,507500,1,1,"2015","2015",0,0,0,162,67,95,0,0,-28,0,0,1,573,5420,1361,100,760,0.501,0.26,3.64,-1.7,2.89,1,5,41,7,7,0,0,0,58.1,82,51,47,10,36,1,41,6,0,3,288,0.167,7.25,57,6.12,2.023,12.7,1.5,5.6,6.3,1.14,1,25,1681,49,49,0,0,0,3375.61,6724,2601,2209,100,1296,1,1681,36,0,9,82944,0.027889,52.5625,3249,37.4544,4.092529,161.29,2.25,31.36,39.69,1.2996
371,"Ross Detwiler","P","2019","CHW","Chicago White Sox",33.4,2,1938,691688.341292727,691688.341292727,1,1,"2019","2019",0,0,0,161,72,89,0,0,-17,0,0,1,708,5529,1443,182,832,0.502,0.26,3.78,-0.6,0.36,3,5,18,12,2,0,0,0,69.2,86,54,51,20,27,3,46,3,0,1,315,0.375,6.59,70,6.92,1.622,11.1,2.6,3.5,5.9,1.7,9,25,324,144,4,0,0,0,4788.64,7396,2916,2601,400,729,9,2116,9,0,1,99225,0.140625,43.4281,4900,47.8864,2.630884,123.21,6.76,12.25,34.81,2.89
371,"Ross Detwiler","P","2021","MIA","Miami Marlins",35.4,3,1939,850000,850000,1,1,"2021","2021",0,0,0,162,67,95,0,0,-28,0,0,0,623,5348,1244,158,701,0.461,0.256,4.3,0.2,0.04,3,1,53,5,10,0,0,0,52.1,44,28,27,10,20,1,62,8,0,2,229,0.75,4.64,91,4.89,1.223,7.6,1.7,3.4,10.7,3.1,9,1,2809,25,100,0,0,0,2714.41,1936,784,729,100,400,1,3844,64,0,4,52441,0.5625,21.5296,8281,23.9121,1.495729,57.76,2.89,11.56,114.49,9.61
372,"Ross Ohlendorf","P","2015","TEX","Texas Rangers",33,1,1941,687225.311355765,687225.311355765,1,1,"2015","2015",0,0,0,162,88,74,1,1,14,0,0,0,751,5511,1419,172,733,0.477,0.26,4.24,0.3,0.09,3,1,21,0,6,0,0,1,19.1,21,8,8,4,7,2,19,0,0,0,85,0.75,3.72,115,4.94,1.448,9.8,1.9,3.3,8.8,2.71,9,1,441,0,36,0,0,1,364.81,441,64,64,16,49,4,361,0,0,0,7225,0.5625,13.8384,13225,24.4036,2.096704,96.04,3.61,10.89,77.44,7.3441
372,"Ross Ohlendorf","P","2016","CIN","Cincinnati Reds",34,2,1942,1059881.58415522,1059881.58415522,1,1,"2016","2016",0,0,0,162,68,94,0,0,-26,0,0,1,716,5487,1403,164,854,0.507,0.262,3.72,0.2,0.04,5,7,64,0,34,0,0,2,65.2,59,35,34,14,32,1,68,6,0,4,290,0.417,4.66,92,5.58,1.386,8.1,1.9,4.4,9.3,2.13,25,49,4096,0,1156,0,0,4,4251.04,3481,1225,1156,196,1024,1,4624,36,0,16,84100,0.173889,21.7156,8464,31.1364,1.920996,65.61,3.61,19.36,86.49,4.5369
373,"Roy Oswalt","P","2012","TEX","Texas Rangers",34.9,0,1943,5000000,5000000,1,1,"2012","2012",0,0,0,162,93,69,0,1,24,0,0,0,808,5590,1526,200,707,0.476,0.26,4.26,-0.3,0.09,4,3,17,9,2,0,0,0,59,79,41,38,11,11,0,59,3,2,3,264,0.571,5.8,76,4.23,1.525,12.1,1.7,1.7,9,5.36,16,9,289,81,4,0,0,0,3481,6241,1681,1444,121,121,0,3481,9,4,9,69696,0.326041,33.64,5776,17.8929,2.325625,146.41,2.89,2.89,81,28.7296
373,"Roy Oswalt","P","2013","COL","Colorado Rockies",35.9,1,1944,2300000,2300000,1,1,"2013","2013",0,0,0,162,74,88,0,0,-14,0,0,0,706,5599,1511,159,760,0.472,0.276,5,-0.9,0.81,0,6,9,6,0,0,0,0,32.1,49,31,31,3,9,0,34,1,0,1,151,0,8.63,52,3.08,1.794,13.6,0.8,2.5,9.5,3.78,0,36,81,36,0,0,0,0,1030.41,2401,961,961,9,81,0,1156,1,0,1,22801,0,74.4769,2704,9.4864,3.218436,184.96,0.64,6.25,90.25,14.2884
374,"Ruben Tejada","NP","2016","STL","St Louis Cardinals",26.8,4.171,1945,1500000,1500000,1,1,"2016","2016",0,0,0,162,86,76,0,0,10,0,0,0,779,5548,1415,225,712,0.52,0.267,3.67,-0.1,0.01,0,0,1,0,1,0,0,0,1,2,2,2,2,0,0,0,0,0,0,5,0,18,31,29.15,2,18,18,0,0,0,0,0,1,0,1,0,0,0,1,4,4,4,4,0,0,0,0,0,0,25,0,324,961,849.7225,4,324,324,0,0,0
375,"Ryan Borucki","P","2023","PIT","Pittsburgh Pirates",29.3,0,1949,765889.986737186,765889.986737186,0,1,"2023","2023",0,0,0,162,76,86,0,0,-10,0,0,0,692,5406,1293,159,790,0.501,0.264,3.76,1.4,1.96,4,0,38,2,1,0,0,0,40.1,26,11,11,4,4,0,33,4,0,1,152,1,2.45,184,3.5,0.744,5.8,0.9,0.9,7.4,8.25,16,0,1444,4,1,0,0,0,1608.01,676,121,121,16,16,0,1089,16,0,1,23104,1,6.0025,33856,12.25,0.553536,33.64,0.81,0.81,54.76,68.0625
376,"Ryan Brasier","P","2018","BOS","Boston Red Sox",31,0,1951,694114.573020403,694114.573020403,1,1,"2018","2018",0,0,0,162,108,54,1,1,54,1,1,0,876,5623,1509,208,647,0.519,0.267,3.9,1.4,1.96,2,0,34,0,5,0,0,0,33.2,19,6,6,2,7,0,29,0,0,1,124,1,1.6,277,2.83,0.772,5.1,0.5,1.9,7.8,4.14,4,0,1156,0,25,0,0,0,1102.24,361,36,36,4,49,0,841,0,0,1,15376,1,2.56,76729,8.0089,0.595984,26.01,0.25,3.61,60.84,17.1396
376,"Ryan Brasier","P","2020","BOS","Boston Red Sox",33,1,1952,716257.212553186,716257.212553186,0,1,"2020","2020",0,0,0,60,24,36,0,0,-12,0,0,0,292,2083,552,81,351,0.518,0.267,3.91,0.5,0.25,1,0,25,1,1,0,0,0,25,24,12,11,2,11,1,30,0,2,1,110,1,3.96,122,3.15,1.4,8.6,0.7,4,10.8,2.73,1,0,625,1,1,0,0,0,625,576,144,121,4,121,1,900,0,4,1,12100,1,15.6816,14884,9.9225,1.96,73.96,0.49,16,116.64,7.4529
376,"Ryan Brasier","P","2021","BOS","Boston Red Sox",34,2,1953,1478945.37519612,1478945.37519612,0,1,"2021","2021",0,0,0,162,92,70,0,1,22,0,0,0,829,5495,1434,219,749,0.519,0.267,3.91,0.2,0.04,1,1,13,0,2,0,0,0,12,12,5,2,2,4,0,9,0,0,0,50,0.5,1.5,320,4.84,1.333,9,1.5,3,6.8,2.25,1,1,169,0,4,0,0,0,144,144,25,4,4,16,0,81,0,0,0,2500,0.25,2.25,102400,23.4256,1.776889,81,2.25,9,46.24,5.0625
376,"Ryan Brasier","P","2022","BOS","Boston Red Sox",35,3,1954,1560446.74438596,1560446.74438596,0,1,"2022","2022",0,0,0,162,78,84,0,0,-6,0,0,1,735,5539,1427,155,787,0.518,0.267,3.92,-0.8,0.64,0,3,68,0,11,0,0,1,62.1,68,43,40,9,13,1,64,1,0,1,263,0,5.78,73,3.61,1.299,9.8,1.3,1.9,9.2,4.92,0,9,4624,0,121,0,0,1,3856.41,4624,1849,1600,81,169,1,4096,1,0,1,69169,0,33.4084,5329,13.0321,1.687401,96.04,1.69,3.61,84.64,24.2064
376,"Ryan Brasier","P","2023","LAD","Los Angeles Dodgers",36,4,1955,765889.986737186,765889.986737186,1,1,"2023","2023",0,0,0,162,100,62,1,1,38,0,0,0,906,5524,1422,249,699,0.531,0.261,3.52,1.3,1.69,3,0,59,0,15,0,0,2,59.2,42,24,20,3,19,1,56,3,0,3,238,1,3.02,147,3.14,1.022,6.3,0.5,2.9,8.4,2.95,9,0,3481,0,225,0,0,4,3504.64,1764,576,400,9,361,1,3136,9,0,9,56644,1,9.1204,21609,9.8596,1.044484,39.69,0.25,8.41,70.56,8.7025
376,"Ryan Brasier","P","2024","LAD","Los Angeles Dodgers",37,5,1956,9255427.40522222,4627713.70261111,0,2,"2024","2025",0,0,0,162,98,64,1,1,34,1,1,1,842,5522,1423,233,686,0.532,0.261,3.53,0.2,0.04,1,0,29,4,3,0,0,0,28,22,12,11,3,5,0,25,0,0,1,110,1,3.54,114,3.31,0.964,7.1,1,1.6,8,5,1,0,841,16,9,0,0,0,784,484,144,121,9,25,0,625,0,0,1,12100,1,12.5316,12996,10.9561,0.929296,50.41,1,2.56,64,25
377,"Ryan Buchter","P","2018","OAK","Oakland Athletics",31.5,1,1958,706850.620231786,706850.620231786,1,1,"2018","2018",0,0,0,162,97,65,0,1,32,0,0,0,813,5579,1407,227,674,0.488,0.259,3.98,0.4,0.16,6,0,54,0,4,0,0,0,39.1,32,17,12,4,15,1,41,0,0,1,163,1,2.75,152,3.54,1.195,7.3,0.9,3.4,9.4,2.73,36,0,2916,0,16,0,0,0,1528.81,1024,289,144,16,225,1,1681,0,0,1,26569,1,7.5625,23104,12.5316,1.428025,53.29,0.81,11.56,88.36,7.4529
377,"Ryan Buchter","P","2019","OAK","Oakland Athletics",32.5,2,1959,1744799.41947715,1744799.41947715,0,1,"2019","2019",0,0,0,162,97,65,0,1,32,0,0,1,845,5561,1384,257,680,0.489,0.259,3.98,1,1,1,1,64,0,7,0,0,0,45.1,42,16,15,8,23,2,50,2,0,1,198,0.5,2.98,145,4.96,1.434,8.3,1.6,4.6,9.9,2.17,1,1,4096,0,49,0,0,0,2034.01,1764,256,225,64,529,4,2500,4,0,1,39204,0.25,8.8804,21025,24.6016,2.056356,68.89,2.56,21.16,98.01,4.7089
377,"Ryan Buchter","P","2021","ARI","Arizona Diamondbacks",34.5,3,1960,925000,925000,1,1,"2021","2021",0,0,0,162,52,110,0,0,-58,0,0,0,679,5489,1297,144,893,0.486,0.256,4.26,-0.2,0.04,0,2,18,0,2,0,0,0,16.1,16,13,12,5,13,1,16,2,1,0,78,0,6.61,65,7.95,1.776,8.8,2.8,7.2,8.8,1.23,0,4,324,0,4,0,0,0,259.21,256,169,144,25,169,1,256,4,1,0,6084,0,43.6921,4225,63.2025,3.154176,77.44,7.84,51.84,77.44,1.5129
378,"Ryan Cook","P","2018","SEA","Seattle Mariners",31.1,1,1962,694114.573020403,694114.573020403,0,1,"2018","2018",0,0,0,162,89,73,0,0,16,0,0,0,677,5513,1402,176,711,0.472,0.26,4.32,-0.1,0.01,2,1,19,0,5,0,0,0,17,15,10,10,4,7,1,23,3,0,2,76,0.667,5.29,78,5.28,1.294,7.9,2.1,3.7,12.2,3.29,4,1,361,0,25,0,0,0,289,225,100,100,16,49,1,529,9,0,4,5776,0.444889,27.9841,6084,27.8784,1.674436,62.41,4.41,13.69,148.84,10.8241
379,"Ryan Madson","P","2016","OAK","Oakland Athletics",35.9,2,1970,22000000,7333333.33333333,1,3,"2016","2018",0,0,0,162,69,93,0,0,-24,0,0,1,653,5500,1352,169,761,0.487,0.259,3.97,1.3,1.69,6,7,63,0,53,0,0,30,64.2,63,27,26,7,20,3,49,2,1,4,270,0.462,3.62,113,4.06,1.284,8.8,1,2.8,6.8,2.45,36,49,3969,0,2809,0,0,900,4121.64,3969,729,676,49,400,9,2401,4,1,16,72900,0.213444,13.1044,12769,16.4836,1.648656,77.44,1,7.84,46.24,6.0025
379,"Ryan Madson","P","2017","OAK","Oakland Athletics",36.9,3,1970,22000000,7333333.33333333,1,3,"2016","2018",0,0,0,162,75,87,0,0,-12,0,0,1,739,5464,1344,234,826,0.487,0.259,3.98,2.5,6.25,5,4,60,0,10,0,0,2,59,38,12,12,2,9,2,67,4,0,0,219,0.556,1.83,236,1.99,0.797,5.8,0.3,1.4,10.2,7.44,25,16,3600,0,100,0,0,4,3481,1444,144,144,4,81,4,4489,16,0,0,47961,0.309136,3.3489,55696,3.9601,0.635209,33.64,0.09,1.96,104.04,55.3536
380,"Ryan Raburn","NP","2013","CLE","Cleveland Guardians",32.3,0,1973,1000000,1000000,1,1,"2013","2013",0,0,0,162,92,70,0,1,22,0,0,0,743,5466,1381,171,685,0.509,0.266,3.84,0,0,0,0,1,0,1,0,0,0,1,0,0,0,0,0,0,1,0,0,0,3,0,0,0,1.05,0,0,0,0,9,0,0,0,1,0,1,0,0,0,1,0,0,0,0,0,0,1,0,0,0,9,0,0,0,1.1025,0,0,0,0,81,0
381,"Ryan Tepera","P","2020","CHC","Chicago Cubs",32.8,4.008,1976,900000,900000,1,1,"2020","2020",2,1,0,60,34,26,1,1,8,0,0,0,265,1918,422,74,240,0.514,0.262,3.68,0.2,0.04,0,1,21,0,1,0,0,0,20.2,17,9,9,2,12,0,31,1,0,1,89,0,3.92,116,3.34,1.403,7.4,0.9,5.2,13.5,2.58,0,1,441,0,1,0,0,0,408.04,289,81,81,4,144,0,961,1,0,1,7921,0,15.3664,13456,11.1556,1.968409,54.76,0.81,27.04,182.25,6.6564
381,"Ryan Tepera","P","2021","CHC","Chicago Cubs",33.8,5.008,1977,800000,800000,0,1,"2021","2021",0,0,0,162,71,91,0,0,-20,0,0,0,705,5306,1255,210,839,0.513,0.262,3.69,1.7,2.89,0,2,65,0,7,0,0,2,61.1,35,19,19,4,19,1,74,4,0,4,240,0,2.79,154,2.73,0.88,5.1,0.6,2.8,10.9,3.89,0,4,4225,0,49,0,0,4,3733.21,1225,361,361,16,361,1,5476,16,0,16,57600,0,7.7841,23716,7.4529,0.7744,26.01,0.36,7.84,118.81,15.1321
381,"Ryan Tepera","P","2022","LAA","Los Angeles Angels",34.8,6.008,1978,14000000,7000000,1,2,"2022","2023",0,0,0,162,73,89,0,0,-16,0,0,0,623,5423,1265,190,668,0.498,0.257,3.98,0.6,0.36,5,4,59,0,12,0,0,6,57.1,42,27,23,7,20,3,47,2,0,5,232,0.556,3.61,112,4.21,1.081,6.6,1.1,3.1,7.4,2.35,25,16,3481,0,144,0,0,36,3260.41,1764,729,529,49,400,9,2209,4,0,25,53824,0.309136,13.0321,12544,17.7241,1.168561,43.56,1.21,9.61,54.76,5.5225
381,"Ryan Tepera","P","2023","LAA","Los Angeles Angels",35.8,7.008,1978,14000000,7000000,1,2,"2022","2023",0,0,0,162,73,89,0,0,-16,0,0,0,739,5489,1346,231,829,0.497,0.256,4,-0.7,0.49,2,2,12,0,2,0,0,0,10.2,18,11,9,3,4,1,11,3,0,0,57,0.5,7.59,62,6.82,2.063,15.2,2.5,3.4,9.3,2.75,4,4,144,0,4,0,0,0,104.04,324,121,81,9,16,1,121,9,0,0,3249,0.25,57.6081,3844,46.5124,4.255969,231.04,6.25,11.56,86.49,7.5625
382,"Ryan Vogelsong","P","2016","PIT","Pittsburgh Pirates",39.1,2,1981,2000000,2000000,1,1,"2016","2016",0,0,0,162,78,83,0,0,-5,0,0,0,729,5542,1426,153,758,0.504,0.265,3.71,-0.1,0.01,3,7,24,14,2,0,0,0,82.1,80,51,44,11,40,2,61,4,0,4,366,0.3,4.81,86,5,1.457,8.7,1.2,4.4,6.7,1.53,9,49,576,196,4,0,0,0,6740.41,6400,2601,1936,121,1600,4,3721,16,0,16,133956,0.09,23.1361,7396,25,2.122849,75.69,1.44,19.36,44.89,2.3409
383,"Ryan Webb","P","2014","BAL","Baltimore Orioles",28.5,0,1982,4500000,2250000,1,2,"2014","2015",0,0,0,162,96,66,1,1,30,0,0,0,705,5596,1434,211,593,0.476,0.259,4,0.1,0.01,3,3,51,0,13,0,0,0,49.1,50,21,21,2,12,2,37,1,1,1,207,0.5,3.83,103,2.95,1.257,9.1,0.4,2.2,6.8,3.08,9,9,2601,0,169,0,0,0,2410.81,2500,441,441,4,144,4,1369,1,1,1,42849,0.25,14.6689,10609,8.7025,1.580049,82.81,0.16,4.84,46.24,9.4864
384,"Ryan Weber","P","2019","BOS","Boston Red Sox",29,0,1984,691688.341292727,691688.341292727,0,1,"2019","2019",0,0,0,162,84,78,0,0,6,0,0,1,901,5770,1554,245,828,0.519,0.267,3.91,0.1,0.01,2,4,18,3,8,0,0,0,40.2,48,25,23,5,8,0,29,3,0,2,181,0.333,5.09,96,4.2,1.377,10.6,1.1,1.8,6.4,3.63,4,16,324,9,64,0,0,0,1616.04,2304,625,529,25,64,0,841,9,0,4,32761,0.110889,25.9081,9216,17.64,1.896129,112.36,1.21,3.24,40.96,13.1769
384,"Ryan Weber","P","2020","BOS","Boston Red Sox",30,1,1985,735251.201936547,735251.201936547,0,1,"2020","2020",0,0,0,60,24,36,0,0,-12,0,0,0,292,2083,552,81,351,0.518,0.267,3.91,1.2,1.44,1,3,17,5,3,0,0,0,43,44,23,21,8,14,0,27,3,0,1,185,0.25,4.4,110,5.54,1.349,9.2,1.7,2.9,5.7,1.93,1,9,289,25,9,0,0,0,1849,1936,529,441,64,196,0,729,9,0,1,34225,0.0625,19.36,12100,30.6916,1.819801,84.64,2.89,8.41,32.49,3.7249
384,"Ryan Weber","P","2023","NYY","New York Yankees",33,2,1986,765889.986737186,765889.986737186,1,1,"2023","2023",0,0,0,162,82,80,0,0,2,0,0,0,673,5323,1207,219,698,0.569,0.266,3.65,0.4,0.16,1,0,8,0,4,0,0,1,14.1,17,5,5,2,1,0,7,1,0,0,60,1,3.14,141,4.51,1.256,10.7,1.3,0.6,4.4,7,1,0,64,0,16,0,0,1,198.81,289,25,25,4,1,0,49,1,0,0,3600,1,9.8596,19881,20.3401,1.577536,114.49,1.69,0.36,19.36,49
385,"Ryan Yarbrough","P","2025","NYY","New York Yankees",33.6,1,1988,2000000,2000000,1,1,"2025","2025",0,0,0,162,94,68,0,1,26,0,0,2,849,5471,1371,274,685,0.57,0.265,3.66,0.6,0.36,3,1,19,8,4,0,0,1,64,58,31,31,13,19,0,55,2,0,0,264,0.75,4.36,94,5.04,1.203,8.2,1.8,2.7,7.7,2.89,9,1,361,64,16,0,0,1,4096,3364,961,961,169,361,0,3025,4,0,0,69696,0.5625,19.0096,8836,25.4016,1.447209,67.24,3.24,7.29,59.29,8.3521
386,"Ryne Stanek","P","2021","HOU","Houston Astros",30.1,0,1991,1100000,1100000,1,1,"2021","2021",0,0,0,162,95,67,1,1,28,1,0,0,863,5593,1496,221,658,0.498,0.255,3.81,0.5,0.25,3,5,72,0,13,0,0,2,68.1,46,32,26,8,37,3,83,5,0,6,290,0.375,3.42,126,4.11,1.215,6.1,1.1,4.9,10.9,2.24,9,25,5184,0,169,0,0,4,4637.61,2116,1024,676,64,1369,9,6889,25,0,36,84100,0.140625,11.6964,15876,16.8921,1.476225,37.21,1.21,24.01,118.81,5.0176
386,"Ryne Stanek","P","2023","HOU","Houston Astros",32.1,1,1992,3829449.93368593,3829449.93368593,0,1,"2023","2023",0,0,0,162,90,72,1,1,18,0,0,0,827,5567,1441,222,698,0.501,0.255,3.8,0.4,0.16,3,1,55,0,15,0,0,0,50.2,42,24,23,8,21,1,51,1,1,2,213,0.75,4.09,104,4.6,1.243,7.5,1.4,3.7,9.1,2.43,9,1,3025,0,225,0,0,0,2520.04,1764,576,529,64,441,1,2601,1,1,4,45369,0.5625,16.7281,10816,21.16,1.545049,56.25,1.96,13.69,82.81,5.9049
386,"Ryne Stanek","P","2024","SEA","Seattle Mariners",33.1,2,1993,4000000,4000000,1,1,"2024","2024",0,0,0,162,85,77,0,0,8,0,0,1,676,5330,1195,185,607,0.477,0.257,4.29,-0.6,0.36,7,3,63,0,14,0,0,7,55.1,48,32,30,8,25,2,67,3,0,3,241,0.7,4.88,78,4.14,1.319,7.8,1.3,4.1,10.9,2.68,49,9,3969,0,196,0,0,49,3036.01,2304,1024,900,64,625,4,4489,9,0,9,58081,0.49,23.8144,6084,17.1396,1.739761,60.84,1.69,16.81,118.81,7.1824
386,"Ryne Stanek","P","2025","NYM","New York Mets",34.1,3,1994,4500000,4500000,0,1,"2025","2025",0,0,0,162,83,79,0,0,4,0,0,1,766,5457,1359,224,715,0.484,0.25,3.81,-1,1,4,6,65,0,17,0,0,3,56,56,39,33,7,32,0,58,0,0,5,255,0.4,5.3,77,4.4,1.571,9,1.1,5.1,9.3,1.81,16,36,4225,0,289,0,0,9,3136,3136,1521,1089,49,1024,0,3364,0,0,25,65025,0.16,28.09,5929,19.36,2.468041,81,1.21,26.01,86.49,3.2761
387,"Sam Moll","P","2024","CIN","Cincinnati Reds",31,1,1998,781569.425329876,781569.425329876,0,1,"2024","2024",0,0,0,162,77,85,0,0,-8,0,0,0,699,5325,1230,174,694,0.504,0.261,3.77,0.8,0.64,3,2,48,0,7,0,0,0,37.2,27,16,14,3,14,2,38,2,0,0,152,0.6,3.35,132,3.46,1.088,6.5,0.7,3.3,9.1,2.71,9,4,2304,0,49,0,0,0,1383.84,729,256,196,9,196,4,1444,4,0,0,23104,0.36,11.2225,17424,11.9716,1.183744,42.25,0.49,10.89,82.81,7.3441
387,"Sam Moll","P","2025","CIN","Cincinnati Reds",32,2,1999,1007500,1007500,0,1,"2025","2025",0,0,0,162,83,79,0,1,4,0,0,1,716,5448,1333,167,681,0.504,0.26,3.77,-0.5,0.25,1,0,23,0,3,0,0,0,18.1,16,16,13,4,10,0,22,0,0,4,81,1,6.38,72,5.21,1.418,7.9,2,4.9,10.8,2.2,1,0,529,0,9,0,0,0,327.61,256,256,169,16,100,0,484,0,0,16,6561,1,40.7044,5184,27.1441,2.010724,62.41,4,24.01,116.64,4.84
388,"Scott Alexander","P","2024","OAK","Oakland Athletics",34,0,2000,2250000,2250000,1,1,"2024","2024",0,0,0,162,69,93,0,0,-24,0,0,0,643,5432,1267,196,764,0.486,0.257,4,1.2,1.44,1,3,45,0,9,0,0,0,38.2,31,14,11,3,15,7,31,2,0,2,160,0.25,2.56,155,3.89,1.19,7.2,0.7,3.5,7.2,2.07,1,9,2025,0,81,0,0,0,1459.24,961,196,121,9,225,49,961,4,0,4,25600,0.0625,6.5536,24025,15.1321,1.4161,51.84,0.49,12.25,51.84,4.2849
388,"Scott Alexander","P","2025","COL","Colorado Rockies",35,1,2001,2000000,2000000,1,1,"2025","2025",0,0,0,162,43,119,0,0,-76,0,0,0,597,5408,1281,160,1021,0.456,0.27,5.05,0,0,1,1,21,0,4,0,0,0,17.2,23,12,12,5,9,0,8,1,0,0,81,0.5,6.11,80,7.61,1.811,11.7,2.5,4.6,4.1,0.89,1,1,441,0,16,0,0,0,295.84,529,144,144,25,81,0,64,1,0,0,6561,0.25,37.3321,6400,57.9121,3.279721,136.89,6.25,21.16,16.81,0.7921
389,"Scott Atchison","P","2013","NYM","New York Mets",37.3,0,2002,700000,700000,1,1,"2013","2013",0,0,0,162,74,88,0,0,-14,0,0,0,619,5559,1318,130,684,0.478,0.251,3.77,-0.7,0.49,3,3,50,0,10,0,0,0,45.1,45,27,22,4,12,0,28,0,0,5,194,0.5,4.37,82,3.75,1.257,8.9,0.8,2.4,5.6,2.33,9,9,2500,0,100,0,0,0,2034.01,2025,729,484,16,144,0,784,0,0,25,37636,0.25,19.0969,6724,14.0625,1.580049,79.21,0.64,5.76,31.36,5.4289
389,"Scott Atchison","P","2014","CLE","Cleveland Guardians",38.3,1,2003,800000,800000,1,1,"2014","2014",0,0,0,162,85,77,0,0,8,0,0,0,669,5575,1411,142,653,0.509,0.266,3.84,1.9,3.61,6,0,70,0,11,0,0,2,72,60,24,22,4,14,4,49,0,0,1,280,1,2.75,142,3.08,1.028,7.5,0.5,1.8,6.1,3.5,36,0,4900,0,121,0,0,4,5184,3600,576,484,16,196,16,2401,0,0,1,78400,1,7.5625,20164,9.4864,1.056784,56.25,0.25,3.24,37.21,12.25
390,"Scott Baker","P","2013","CHC","Chicago Cubs",31.9,6.128,2004,5500000,5500000,1,1,"2013","2013",0,0,0,162,66,96,0,0,-30,0,0,1,612,5496,1307,172,695,0.511,0.263,3.68,0.2,0.04,0,0,3,3,0,0,0,0,15,9,6,6,3,4,0,6,0,0,0,57,0,3.6,110,5.65,0.867,5.4,1.8,2.4,3.6,1.5,0,0,9,9,0,0,0,0,225,81,36,36,9,16,0,36,0,0,0,3249,0,12.96,12100,31.9225,0.751689,29.16,3.24,5.76,12.96,2.25
391,"Scott Blewett","P","2024","MIN","Minnesota Twins",28,0,2007,761001.808873827,761001.808873827,0,1,"2024","2024",0,0,0,162,82,80,0,0,2,0,0,1,742,5490,1352,183,735,0.482,0.262,4,0.8,0.64,1,1,12,0,4,0,0,0,20.1,17,5,4,2,8,2,18,1,0,0,85,0.5,1.77,240,4,1.23,7.5,0.9,3.5,8,2.25,1,1,144,0,16,0,0,0,404.01,289,25,16,4,64,4,324,1,0,0,7225,0.25,3.1329,57600,16,1.5129,56.25,0.81,12.25,64,5.0625
392,"Scott Downs","P","2014","CHW","Chicago White Sox",38.4,1.121,2009,4000000,4000000,1,1,"2014","2014",0,0,0,162,73,89,0,0,-16,0,0,1,660,5543,1400,155,758,0.505,0.261,3.75,-0.5,0.25,0,4,55,0,9,0,0,1,38,36,24,21,2,20,2,25,0,0,1,165,0,4.97,78,4.08,1.474,8.5,0.5,4.7,5.9,1.25,0,16,3025,0,81,0,0,1,1444,1296,576,441,4,400,4,625,0,0,1,27225,0,24.7009,6084,16.6464,2.172676,72.25,0.25,22.09,34.81,1.5625
393,"Scott Feldman","P","2013","CHC","Chicago Cubs",30.5,0.090999999999999,2011,6000000,6000000,1,1,"2013","2013",0,0,0,162,66,96,0,0,-30,0,0,1,612,5496,1307,172,695,0.511,0.263,3.68,1.5,2.25,12,12,30,30,0,2,1,0,181.2,159,87,78,19,56,1,132,9,1,7,758,0.5,3.86,103,4.03,1.183,7.9,0.9,2.8,6.5,2.36,144,144,900,900,0,4,1,0,32833.44,25281,7569,6084,361,3136,1,17424,81,1,49,574564,0.25,14.8996,10609,16.2409,1.399489,62.41,0.81,7.84,42.25,5.5696
393,"Scott Feldman","P","2014","HOU","Houston Astros",31.5,1.091,2012,30000000,10000000,1,3,"2014","2016",0,0,0,162,70,92,0,0,-22,0,0,0,629,5447,1317,163,723,0.487,0.254,3.82,1.5,2.25,8,12,29,29,0,2,1,0,180.1,185,86,75,16,50,5,107,11,1,6,765,0.4,3.74,103,4.11,1.303,9.2,0.8,2.5,5.3,2.14,64,144,841,841,0,4,1,0,32436.01,34225,7396,5625,256,2500,25,11449,121,1,36,585225,0.16,13.9876,10609,16.8921,1.697809,84.64,0.64,6.25,28.09,4.5796
393,"Scott Feldman","P","2015","HOU","Houston Astros",32.5,2.091,2012,30000000,10000000,1,3,"2014","2016",0,0,0,162,86,76,0,1,10,0,0,2,729,5459,1363,230,618,0.488,0.254,3.82,1.1,1.21,5,5,18,18,0,0,0,0,108.1,115,49,47,13,27,1,61,0,0,8,451,0.5,3.9,100,4.32,1.311,9.6,1.1,2.2,5.1,2.26,25,25,324,324,0,0,0,0,11685.61,13225,2401,2209,169,729,1,3721,0,0,64,203401,0.25,15.21,10000,18.6624,1.718721,92.16,1.21,4.84,26.01,5.1076
393,"Scott Feldman","P","2016","HOU","Houston Astros",33.5,3.091,2012,30000000,10000000,1,3,"2014","2016",0,0,0,162,84,78,0,0,6,0,0,0,724,5545,1367,198,701,0.489,0.254,3.82,-0.2,0.04,7,4,40,5,13,0,0,0,77,87,42,34,10,19,3,56,3,0,0,338,0.636,3.97,101,4.24,1.377,10.2,1.2,2.2,6.5,2.95,49,16,1600,25,169,0,0,0,5929,7569,1764,1156,100,361,9,3136,9,0,0,114244,0.404496,15.7609,10201,17.9776,1.896129,104.04,1.44,4.84,42.25,8.7025
393,"Scott Feldman","P","2017","CIN","Cincinnati Reds",34.5,4.091,2013,2300000,2300000,1,1,"2017","2017",0,0,0,165,68,94,0,0,-26,0,0,0,753,5484,1390,219,869,0.506,0.261,3.74,0.5,0.25,7,7,21,21,0,1,1,0,111.1,116,62,59,21,35,2,93,6,0,3,472,0.5,4.77,94,5.04,1.356,9.4,1.7,2.8,7.5,2.66,49,49,441,441,0,1,1,0,12343.21,13456,3844,3481,441,1225,4,8649,36,0,9,222784,0.25,22.7529,8836,25.4016,1.838736,88.36,2.89,7.84,56.25,7.0756
394,"Scott Kazmir","P","2014","OAK","Oakland Athletics",30.6,0,2016,22000000,11000000,1,2,"2014","2015",1,0,0,162,88,74,0,1,14,0,0,2,729,5545,1354,146,572,0.488,0.259,3.97,1.9,3.61,15,9,32,32,0,2,0,0,190.1,171,81,75,16,50,1,164,4,1,9,777,0.625,3.55,105,3.35,1.161,8.1,0.8,2.4,7.8,3.28,225,81,1024,1024,0,4,0,0,36138.01,29241,6561,5625,256,2500,1,26896,16,1,81,603729,0.390625,12.6025,11025,11.2225,1.347921,65.61,0.64,5.76,60.84,10.7584
394,"Scott Kazmir","P","2015","OAK","Oakland Athletics",31.6,1,2016,22000000,11000000,1,2,"2014","2015",0,0,0,162,68,94,0,0,-26,0,0,0,694,5600,1405,146,729,0.487,0.259,3.97,3,9,7,11,31,31,0,0,0,0,183,162,77,63,20,59,0,155,9,2,5,763,0.389,3.1,126,3.98,1.208,8,1,2.9,7.6,2.63,49,121,961,961,0,0,0,0,33489,26244,5929,3969,400,3481,0,24025,81,4,25,582169,0.151321,9.61,15876,15.8404,1.459264,64,1,8.41,57.76,6.9169
394,"Scott Kazmir","P","2016","LAD","Los Angeles Dodgers",32.6,2,2017,48000000,16000000,1,3,"2016","2018",0,0,0,162,91,71,1,1,20,0,0,1,725,5518,1376,189,638,0.526,0.262,3.54,0.5,0.25,10,6,26,26,0,0,0,0,136.1,133,71,69,21,52,3,134,7,0,5,590,0.625,4.56,88,4.48,1.357,8.8,1.4,3.4,8.8,2.58,100,36,676,676,0,0,0,0,18523.21,17689,5041,4761,441,2704,9,17956,49,0,25,348100,0.390625,20.7936,7744,20.0704,1.841449,77.44,1.96,11.56,77.44,6.6564
395,"Scott Mcgough","P","2023","ARI","Arizona Diamondbacks",33.8,0,2019,6250000,3125000,1,2,"2023","2024",0,0,0,162,84,78,0,1,6,1,0,0,746,5436,1359,166,761,0.486,0.254,4.27,0.1,0.01,2,7,63,1,24,0,0,9,70.1,60,40,37,14,30,2,86,2,0,3,301,0.222,4.73,93,4.76,1.28,7.7,1.8,3.8,11,2.87,4,49,3969,1,576,0,0,81,4914.01,3600,1600,1369,196,900,4,7396,4,0,9,90601,0.049284,22.3729,8649,22.6576,1.6384,59.29,3.24,14.44,121,8.2369
395,"Scott Mcgough","P","2024","ARI","Arizona Diamondbacks",34.8,1,2019,6250000,3125000,1,2,"2023","2024",0,0,0,162,89,73,0,0,16,0,0,0,886,5522,1452,211,788,0.489,0.255,4.28,-1.1,1.21,1,3,26,2,7,0,0,0,32.2,34,30,27,6,21,0,25,1,1,1,150,0.25,7.44,57,6.04,1.684,9.4,1.7,5.8,6.9,1.19,1,9,676,4,49,0,0,0,1036.84,1156,900,729,36,441,0,625,1,1,1,22500,0.0625,55.3536,3249,36.4816,2.835856,88.36,2.89,33.64,47.61,1.4161
396,"Sean Burnett","P","2013","LAA","Los Angeles Angels",30.9,0,2021,8000000,4000000,1,2,"2013","2014",0,0,0,162,78,84,0,0,-6,0,0,0,733,5588,1476,164,737,0.499,0.258,3.94,0.6,0.36,0,0,13,0,1,0,0,0,9.2,9,1,1,1,4,0,7,0,0,1,40,0,0.93,420,4.19,1.345,8.4,0.9,3.7,6.5,1.75,0,0,169,0,1,0,0,0,84.64,81,1,1,1,16,0,49,0,0,1,1600,0,0.8649,176400,17.5561,1.809025,70.56,0.81,13.69,42.25,3.0625
396,"Sean Burnett","P","2014","LAA","Los Angeles Angels",31.9,1,2021,8000000,4000000,1,2,"2013","2014",0,0,0,162,98,64,1,1,34,0,0,0,773,5652,1464,155,630,0.501,0.258,3.94,-0.1,0.01,0,0,3,0,0,0,0,0,0.2,1,1,1,0,0,0,0,0,0,0,3,0,13.5,44,3.13,1.5,13.5,0,0,0,0,0,0,9,0,0,0,0,0,0.04,1,1,1,0,0,0,0,0,0,0,9,0,182.25,1936,9.7969,2.25,182.25,0,0,0,0
397,"Sean Doolittle","P","2021","CIN","Cincinnati Reds",34.9,8.122,2023,1500000,1500000,1,1,"2021","2021",0,0,0,162,83,79,0,0,4,0,0,0,786,5423,1352,222,760,0.505,0.261,3.75,0.6,0.36,3,1,56,0,13,0,0,1,49.2,50,27,25,7,23,3,53,2,0,2,223,0.75,4.53,102,4.38,1.47,9.1,1.3,4.2,9.6,2.3,9,1,3136,0,169,0,0,1,2420.64,2500,729,625,49,529,9,2809,4,0,4,49729,0.5625,20.5209,10404,19.1844,2.1609,82.81,1.69,17.64,92.16,5.29
398,"Sean Manaea","P","2024","NYM","New York Mets",32.5,2,2027,28000000,14000000,1,2,"2024","2025",2,0,1,162,89,73,0,1,16,0,0,0,768,5510,1357,207,697,0.483,0.25,3.8,2.9,8.41,12,6,32,32,0,0,0,0,181.2,134,75,70,21,63,0,184,9,0,4,738,0.667,3.47,114,3.83,1.084,6.6,1,3.1,9.1,2.92,144,36,1024,1024,0,0,0,0,32833.44,17956,5625,4900,441,3969,0,33856,81,0,16,544644,0.444889,12.0409,12996,14.6689,1.175056,43.56,1,9.61,82.81,8.5264
398,"Sean Manaea","P","2025","NYM","New York Mets",33.5,4,2028,75000000,25000000,0,3,"2025","2027",0,0,0,162,83,79,0,0,4,0,0,1,766,5457,1359,224,715,0.484,0.25,3.81,-0.3,0.09,2,4,15,12,2,0,0,0,60.2,62,38,38,13,12,0,75,7,0,2,263,0.333,5.64,72,4.39,1.22,9.2,1.9,1.8,11.1,6.25,4,16,225,144,4,0,0,0,3624.04,3844,1444,1444,169,144,0,5625,49,0,4,69169,0.110889,31.8096,5184,19.2721,1.4884,84.64,3.61,3.24,123.21,39.0625
399,"Sean Reidfoley","P","2023","NYM","New York Mets",27.9,0,2031,765889.986737186,765889.986737186,0,1,"2023","2023",0,0,0,162,75,87,0,0,-12,0,0,0,717,5363,1276,215,729,0.482,0.25,3.8,0.1,0.01,0,1,8,0,1,0,0,0,7.2,4,3,3,0,6,0,16,0,0,0,34,0,3.52,124,1.43,1.304,4.7,0,7,18.8,2.67,0,1,64,0,1,0,0,0,51.84,16,9,9,0,36,0,256,0,0,0,1156,0,12.3904,15376,2.0449,1.700416,22.09,0,49,353.44,7.1289
400,"Sean Rodriguez","NP","2019","PHI","Philadelphia Phillies",34.3,9.118,2035,691688.341292727,691688.341292727,1,1,"2019","2019",0,0,0,162,81,81,0,0,0,0,0,1,774,5571,1369,215,794,0.472,0.261,3.98,0,0,0,0,2,0,2,0,0,0,1.1,0,0,0,0,0,0,1,0,0,0,4,0,0,0,1.71,0,0,0,0,6.8,0,0,0,4,0,4,0,0,0,1.21,0,0,0,0,0,0,1,0,0,0,16,0,0,0,2.9241,0,0,0,0,46.24,0
401,"Sergio Romo","P","2017","LAD","Los Angeles Dodgers",34.4,8.097,2037,3000000,3000000,1,1,"2017","2017",0,0,0,164,104,58,1,1,46,1,0,0,770,5408,1347,221,580,0.527,0.262,3.53,0.6,0.36,3,1,55,0,12,0,0,0,55.2,42,23,22,9,19,2,59,1,1,2,224,0.75,3.56,119,4.22,1.096,6.8,1.5,3.1,9.5,3.11,9,1,3025,0,144,0,0,0,3047.04,1764,529,484,81,361,4,3481,1,1,4,50176,0.5625,12.6736,14161,17.8084,1.201216,46.24,2.25,9.61,90.25,9.6721
401,"Sergio Romo","P","2019","MIA","Miami Marlins",36.4,10.097,2039,2500000,2500000,1,1,"2019","2019",0,0,0,162,57,105,0,0,-48,0,0,0,615,5512,1326,146,808,0.462,0.257,4.31,0.7,0.49,2,1,65,0,33,0,0,20,60.1,50,27,23,7,17,3,60,2,1,3,249,0.667,3.43,129,3.68,1.11,7.5,1,2.5,9,3.53,4,1,4225,0,1089,0,0,400,3612.01,2500,729,529,49,289,9,3600,4,1,9,62001,0.444889,11.7649,16641,13.5424,1.2321,56.25,1,6.25,81,12.4609
401,"Sergio Romo","P","2020","MIN","Minnesota Twins",37.4,11.097,2040,5000000,5000000,0,1,"2020","2020",0,0,0,60,36,24,1,1,12,0,0,0,269,1937,468,91,215,0.481,0.263,3.99,0,0,1,2,24,0,7,0,0,5,20,16,9,9,3,7,0,23,3,0,0,87,0.333,4.05,108,4.34,1.15,7.2,1.4,3.2,10.4,3.29,1,4,576,0,49,0,0,25,400,256,81,81,9,49,0,529,9,0,0,7569,0.110889,16.4025,11664,18.8356,1.3225,51.84,1.96,10.24,108.16,10.8241
401,"Sergio Romo","P","2021","OAK","Oakland Athletics",38.4,12.097,2041,2000000,2000000,1,1,"2021","2021",0,0,0,162,86,76,0,0,10,0,0,0,743,5395,1284,199,687,0.489,0.258,3.98,0.1,0.01,1,1,66,0,18,0,0,3,61.2,56,33,32,9,21,2,60,2,0,1,259,0.5,4.67,89,4.24,1.249,8.2,1.3,3.1,8.8,2.86,1,1,4356,0,324,0,0,9,3745.44,3136,1089,1024,81,441,4,3600,4,0,1,67081,0.25,21.8089,7921,17.9776,1.560001,67.24,1.69,9.61,77.44,8.1796
401,"Sergio Romo","P","2022","SEA","Seattle Mariners",39.4,13.097,2042,2000000,2000000,1,1,"2022","2022",0,0,0,162,90,72,0,1,18,0,0,0,690,5375,1236,197,623,0.474,0.258,4.32,-0.7,0.49,0,1,23,0,5,0,0,0,18,19,16,15,7,6,1,14,0,0,2,79,0,7.5,52,7.61,1.389,9.5,3.5,3,7,2.33,0,1,529,0,25,0,0,0,324,361,256,225,49,36,1,196,0,0,4,6241,0,56.25,2704,57.9121,1.929321,90.25,12.25,9,49,5.4289
402,"Shane Robinson","NP","2015","MIN","Minnesota Twins",30.8,0,2045,550000,550000,1,1,"2015","2015",0,0,0,162,83,79,0,0,4,0,0,0,696,5467,1349,156,700,0.48,0.263,3.97,0,0,0,0,1,0,1,0,0,0,1,0,0,0,0,1,0,1,0,0,0,4,0,0,0,4.13,1,0,0,9,9,1,0,0,1,0,1,0,0,0,1,0,0,0,0,1,0,1,0,0,0,16,0,0,0,17.0569,1,0,0,81,81,1
403,"Shaun Marcum","P","2013","NYM","New York Mets",31.7,0,2051,4000000,4000000,1,1,"2013","2013",0,0,0,162,74,88,0,0,-14,0,0,0,619,5559,1318,130,684,0.478,0.251,3.77,-0.9,0.81,1,10,14,12,2,0,0,0,78.1,85,48,46,7,21,2,60,4,0,2,334,0.091,5.29,68,3.64,1.353,9.8,0.8,2.4,6.9,2.86,1,100,196,144,4,0,0,0,6099.61,7225,2304,2116,49,441,4,3600,16,0,4,111556,0.008281,27.9841,4624,13.2496,1.830609,96.04,0.64,5.76,47.61,8.1796
403,"Shaun Marcum","P","2015","CLE","Cleveland Guardians",33.7,2,2053,1000000,1000000,0,1,"2015","2015",0,0,0,161,81,80,0,0,1,0,0,0,669,5439,1395,141,640,0.509,0.266,3.84,-0.1,0.01,3,2,7,6,1,0,0,0,35,32,21,21,9,11,3,30,1,0,2,142,0.6,5.4,80,5.79,1.229,8.2,2.3,2.8,7.7,2.73,9,4,49,36,1,0,0,0,1225,1024,441,441,81,121,9,900,1,0,4,20164,0.36,29.16,6400,33.5241,1.510441,67.24,5.29,7.84,59.29,7.4529
404,"Shawn Armstrong","P","2025","TEX","Texas Rangers",34.9,2,2056,1250000,1250000,1,1,"2025","2025",0,0,0,162,81,81,0,0,0,0,0,0,684,5443,1275,175,605,0.476,0.258,4.28,1.5,2.25,4,3,71,2,22,0,0,9,74,40,21,19,5,20,0,74,6,0,3,284,0.571,2.31,157,3.07,0.811,4.9,0.6,2.4,9,3.7,16,9,5041,4,484,0,0,81,5476,1600,441,361,25,400,0,5476,36,0,9,80656,0.326041,5.3361,24649,9.4249,0.657721,24.01,0.36,5.76,81,13.69
405,"Shawn Kelley","P","2019","TEX","Texas Rangers",35.3,9.128,2058,2750000,2750000,1,1,"2019","2019",0,0,0,162,78,84,0,0,-6,0,0,1,810,5540,1374,223,878,0.478,0.259,4.28,0.9,0.81,5,2,50,0,23,0,0,11,47.1,55,27,26,12,11,2,43,2,0,2,205,0.714,4.94,105,5.52,1.394,10.5,2.3,2.1,8.2,3.91,25,4,2500,0,529,0,0,121,2218.41,3025,729,676,144,121,4,1849,4,0,4,42025,0.509796,24.4036,11025,30.4704,1.943236,110.25,5.29,4.41,67.24,15.2881
406,"Shelby Miller","P","2019","TEX","Texas Rangers",28.8,0,2059,2000000,2000000,1,1,"2019","2019",0,0,0,162,78,84,0,0,-6,0,0,1,810,5540,1374,223,878,0.478,0.259,4.28,-1,1,1,3,19,8,4,0,0,0,44,58,46,42,8,29,1,30,3,0,1,220,0.25,8.59,61,6.4,1.977,11.9,1.6,5.9,6.1,1.03,1,9,361,64,16,0,0,0,1936,3364,2116,1764,64,841,1,900,9,0,1,48400,0.0625,73.7881,3721,40.96,3.908529,141.61,2.56,34.81,37.21,1.0609
406,"Shelby Miller","P","2021","PIT","Pittsburgh Pirates",30.8,2,2061,674990.669239509,674990.669239509,1,1,"2021","2021",0,0,0,162,61,101,0,0,-40,0,0,0,609,5336,1261,124,833,0.502,0.264,3.74,-0.2,0.04,0,1,13,0,4,0,0,0,12.2,16,13,13,3,11,0,8,1,0,0,62,0,9.24,49,7.83,2.132,11.4,2.1,7.8,5.7,0.73,0,1,169,0,16,0,0,0,148.84,256,169,169,9,121,0,64,1,0,0,3844,0,85.3776,2401,61.3089,4.545424,129.96,4.41,60.84,32.49,0.5329
406,"Shelby Miller","P","2023","LAD","Los Angeles Dodgers",32.8,4,2063,1500000,1500000,1,1,"2023","2023",0,0,0,162,100,62,1,1,38,0,0,0,906,5524,1422,249,699,0.531,0.261,3.52,1.5,2.25,3,0,36,1,12,0,0,1,42,19,8,8,3,19,2,42,2,0,1,163,1,1.71,253,3.68,0.905,4.1,0.6,4.1,9,2.21,9,0,1296,1,144,0,0,1,1764,361,64,64,9,361,4,1764,4,0,1,26569,1,2.9241,64009,13.5424,0.819025,16.81,0.36,16.81,81,4.8841
406,"Shelby Miller","P","2024","DET","Detroit Tigers",33.8,5,2064,3250000,3250000,1,1,"2024","2024",0,0,0,162,86,76,0,1,10,0,0,0,682,5442,1273,162,642,0.503,0.264,4,0.1,0.01,6,8,51,0,18,0,0,2,55.2,41,31,28,9,13,0,49,5,0,1,225,0.429,4.53,92,4.48,0.97,6.6,1.5,2.1,7.9,3.77,36,64,2601,0,324,0,0,4,3047.04,1681,961,784,81,169,0,2401,25,0,1,50625,0.184041,20.5209,8464,20.0704,0.9409,43.56,2.25,4.41,62.41,14.2129
407,"Shintaro Fujinami","P","2023","OAK","Oakland Athletics",29.3,0,2065,3250000,3250000,1,1,"2023","2023",0,0,0,162,50,112,0,0,-62,0,0,0,585,5311,1187,171,924,0.487,0.258,4,-2,4,7,8,64,7,19,0,0,2,79,73,65,63,9,45,1,83,7,0,8,357,0.467,7.18,58,4.61,1.494,8.3,1,5.1,9.5,1.84,49,64,4096,49,361,0,0,4,6241,5329,4225,3969,81,2025,1,6889,49,0,64,127449,0.218089,51.5524,3364,21.2521,2.232036,68.89,1,26.01,90.25,3.3856
408,"Skip Schumaker","NE","2014","CIN","Cincinnati Reds",34.5,0,2067,5000000,2500000,1,2,"2014","2015",0,0,0,159,76,86,0,0,-10,0,0,0,595,5395,1282,131,612,0.508,0.262,3.71,0,0,0,0,1,0,1,0,0,0,1,0,0,0,0,1,0,0,0,0,0,4,0,0,0,6.13,1,0,0,9,0,0,0,0,1,0,1,0,0,0,1,0,0,0,0,1,0,0,0,0,0,16,0,0,0,37.5769,1,0,0,81,0,0
409,"Spencer Turnbull","P","2024","PHI","Philadelphia Phillies",31,0,2069,2000000,2000000,1,1,"2024","2024",0,0,0,162,95,67,1,1,28,0,0,0,784,5534,1423,198,671,0.474,0.26,3.99,1.3,1.69,3,0,17,7,4,0,0,0,54.1,37,17,16,6,20,0,58,5,0,2,222,1,2.65,159,3.85,1.049,6.1,1,3.3,9.6,2.9,9,0,289,49,16,0,0,0,2926.81,1369,289,256,36,400,0,3364,25,0,4,49284,1,7.0225,25281,14.8225,1.100401,37.21,1,10.89,92.16,8.41
409,"Spencer Turnbull","P","2025","TOR","Toronto Blue Jays",32,1,2070,1265306,1265306,1,1,"2025","2025",0,0,0,162,94,68,1,1,26,1,0,1,798,5507,1461,191,721,0.5,0.26,4.22,-0.1,0.01,1,1,3,1,1,0,0,0,6.1,12,5,5,1,4,0,4,0,0,0,33,0.5,7.11,64,5.82,2.526,17.1,1.4,5.7,5.7,1,1,1,9,1,1,0,0,0,37.21,144,25,25,1,16,0,16,0,0,0,1089,0.25,50.5521,4096,33.8724,6.380676,292.41,1.96,32.49,32.49,1
410,"Steve Cishek","P","2016","SEA","Seattle Mariners",30.2,0,2080,10000000,5000000,1,2,"2016","2017",0,0,0,162,86,76,0,0,10,0,0,1,768,5583,1446,223,707,0.47,0.26,4.32,1.6,2.56,4,6,62,0,40,0,0,25,64,44,21,20,8,21,2,76,4,0,4,258,0.4,2.81,144,3.57,1.016,6.2,1.1,3,10.7,3.62,16,36,3844,0,1600,0,0,625,4096,1936,441,400,64,441,4,5776,16,0,16,66564,0.16,7.8961,20736,12.7449,1.032256,38.44,1.21,9,114.49,13.1044
410,"Steve Cishek","P","2018","CHC","Chicago Cubs",32.2,2,2081,13000000,6500000,1,2,"2018","2019",0,0,0,163,95,68,0,1,27,0,0,0,761,5624,1453,167,645,0.513,0.263,3.68,2,4,4,3,80,0,10,0,0,4,70.1,45,19,17,5,28,4,78,9,0,2,288,0.571,2.18,192,3.44,1.038,5.8,0.6,3.6,10,2.79,16,9,6400,0,100,0,0,16,4914.01,2025,361,289,25,784,16,6084,81,0,4,82944,0.326041,4.7524,36864,11.8336,1.077444,33.64,0.36,12.96,100,7.7841
410,"Steve Cishek","P","2019","CHC","Chicago Cubs",33.2,4,2082,16201708.895145,8100854.44757248,0,2,"2019","2020",0,0,0,162,84,78,0,0,6,0,0,1,814,5461,1378,256,717,0.514,0.263,3.68,1.7,2.89,4,6,70,0,23,0,0,7,64,48,22,21,7,29,1,57,7,0,4,267,0.4,2.95,150,4.54,1.203,6.8,1,4.1,8,1.97,16,36,4900,0,529,0,0,49,4096,2304,484,441,49,841,1,3249,49,0,16,71289,0.16,8.7025,22500,20.6116,1.447209,46.24,1,16.81,64,3.8809
410,"Steve Cishek","P","2020","CHW","Chicago White Sox",34.2,6,2083,6000000,6000000,1,1,"2020","2020",0,0,0,60,35,25,0,1,10,0,0,0,306,2047,534,96,246,0.502,0.26,3.78,-0.2,0.04,0,0,22,0,8,0,0,0,20,21,12,12,4,9,0,21,4,0,0,93,0,5.4,83,5.64,1.5,9.5,1.8,4.1,9.5,2.33,0,0,484,0,64,0,0,0,400,441,144,144,16,81,0,441,16,0,0,8649,0,29.16,6889,31.8096,2.25,90.25,3.24,16.81,90.25,5.4289
411,"Taijuan Walker","P","2021","NYM","New York Mets",29,6.142,2091,23000000,7666666.66666667,1,3,"2021","2023",1,0,0,162,77,85,0,0,-8,0,0,0,636,5210,1243,176,668,0.48,0.25,3.8,0.5,0.25,7,11,30,29,0,0,0,0,159,133,84,79,26,55,0,146,4,0,5,654,0.389,4.47,90,4.57,1.182,7.5,1.5,3.1,8.3,2.65,49,121,900,841,0,0,0,0,25281,17689,7056,6241,676,3025,0,21316,16,0,25,427716,0.151321,19.9809,8100,20.8849,1.397124,56.25,2.25,9.61,68.89,7.0225
411,"Taijuan Walker","P","2022","NYM","New York Mets",30,7.142,2091,23000000,7666666.66666667,1,3,"2021","2023",0,0,0,162,101,61,0,1,40,0,0,1,772,5489,1422,171,606,0.483,0.25,3.79,2.7,7.29,12,5,29,29,0,0,0,0,157.1,143,63,61,15,45,1,132,6,0,0,649,0.706,3.49,111,3.65,1.195,8.2,0.9,2.6,7.6,2.93,144,25,841,841,0,0,0,0,24680.41,20449,3969,3721,225,2025,1,17424,36,0,0,421201,0.498436,12.1801,12321,13.3225,1.428025,67.24,0.81,6.76,57.76,8.5849
411,"Taijuan Walker","P","2023","PHI","Philadelphia Phillies",31,8.142,2092,72000000,18000000,1,4,"2023","2026",0,0,0,162,90,72,0,1,18,0,0,1,796,5541,1417,220,715,0.473,0.26,3.99,2.6,6.76,15,6,31,31,0,0,0,0,172.2,155,87,84,20,71,1,138,8,1,3,733,0.714,4.38,98,4.53,1.309,8.1,1,3.7,7.2,1.94,225,36,961,961,0,0,0,0,29652.84,24025,7569,7056,400,5041,1,19044,64,1,9,537289,0.509796,19.1844,9604,20.5209,1.713481,65.61,1,13.69,51.84,3.7636
411,"Taijuan Walker","P","2024","PHI","Philadelphia Phillies",32,9.142,2092,72000000,18000000,1,4,"2023","2026",0,0,0,162,95,67,1,1,28,0,0,0,784,5534,1423,198,671,0.474,0.26,3.99,-1.5,2.25,3,7,19,15,1,0,0,0,83.2,107,68,66,24,37,0,58,3,0,0,381,0.3,7.1,59,6.94,1.721,11.5,2.6,4,6.2,1.57,9,49,361,225,1,0,0,0,6922.24,11449,4624,4356,576,1369,0,3364,9,0,0,145161,0.09,50.41,3481,48.1636,2.961841,132.25,6.76,16,38.44,2.4649
411,"Taijuan Walker","P","2025","PHI","Philadelphia Phillies",33,10.142,2092,72000000,18000000,1,4,"2023","2026",0,0,0,162,96,66,1,1,30,0,0,2,778,5517,1426,212,648,0.475,0.26,3.98,1.5,2.25,5,8,34,21,4,0,0,1,123.2,132,62,56,21,42,0,86,4,0,1,538,0.385,4.08,109,5.07,1.407,9.6,1.5,3.1,6.3,2.05,25,64,1156,441,16,0,0,1,15178.24,17424,3844,3136,441,1764,0,7396,16,0,1,289444,0.148225,16.6464,11881,25.7049,1.979649,92.16,2.25,9.61,39.69,4.2025
412,"Tayler Scott","P","2024","HOU","Houston Astros",32.2,1,2094,771285.617101852,771285.617101852,1,1,"2024","2024",0,0,0,161,88,73,1,1,15,0,0,0,740,5530,1448,190,649,0.502,0.255,3.8,1.7,2.89,7,3,62,1,11,0,0,0,68.2,45,21,17,7,35,1,71,4,0,0,282,0.7,2.23,181,4.13,1.165,5.9,0.9,4.6,9.3,2.03,49,9,3844,1,121,0,0,0,4651.24,2025,441,289,49,1225,1,5041,16,0,0,79524,0.49,4.9729,32761,17.0569,1.357225,34.81,0.81,21.16,86.49,4.1209
412,"Tayler Scott","P","2025","HOU","Houston Astros",33.2,2,2095,775000,775000,0,1,"2025","2025",0,0,0,162,87,75,0,0,12,0,0,1,686,5490,1372,182,665,0.503,0.255,3.8,-1,1,1,2,24,0,4,0,0,0,27.1,34,25,24,6,18,0,24,1,0,0,134,0.333,7.9,54,6.32,1.902,11.2,2,5.9,7.9,1.33,1,4,576,0,16,0,0,0,734.41,1156,625,576,36,324,0,576,1,0,0,17956,0.110889,62.41,2916,39.9424,3.617604,125.44,4,34.81,62.41,1.7689
413,"Tim Hill","P","2025","NYY","New York Yankees",34.5,1,2109,2850000,2850000,0,1,"2025","2025",0,0,0,162,94,68,0,1,26,0,0,2,849,5471,1371,274,685,0.57,0.265,3.66,1.1,1.21,4,4,70,0,18,0,0,0,67,58,27,23,8,16,3,37,0,0,1,269,0.5,3.09,133,4.3,1.104,7.8,1.1,2.1,5,2.31,16,16,4900,0,324,0,0,0,4489,3364,729,529,64,256,9,1369,0,0,1,72361,0.25,9.5481,17689,18.49,1.218816,60.84,1.21,4.41,25,5.3361
414,"Tim Melville","P","2019","COL","Colorado Rockies",29.8,0.035,2113,691688.341292727,691688.341292727,1,1,"2019","2019",0,0,0,162,71,91,0,0,-20,0,0,0,835,5660,1502,224,958,0.471,0.274,4.97,0.6,0.36,2,3,7,7,0,0,0,0,33.1,34,18,18,9,14,0,24,1,0,1,143,0.4,4.86,107,6.63,1.44,9.2,2.4,3.8,6.5,1.71,4,9,49,49,0,0,0,0,1095.61,1156,324,324,81,196,0,576,1,0,1,20449,0.16,23.6196,11449,43.9569,2.0736,84.64,5.76,14.44,42.25,2.9241
415,"Tj Mcfarland","P","2017","ARI","Arizona Diamondbacks",28.2,0,2114,695958.90057858,695958.90057858,1,1,"2017","2017",0,0,0,162,93,69,0,1,24,0,0,0,812,5525,1405,220,659,0.493,0.258,4.23,-0.9,0.81,4,5,43,1,22,0,0,0,54,65,42,32,4,17,6,29,2,0,2,241,0.444,5.33,88,4.1,1.519,10.8,0.7,2.8,4.8,1.71,16,25,1849,1,484,0,0,0,2916,4225,1764,1024,16,289,36,841,4,0,4,58081,0.197136,28.4089,7744,16.81,2.307361,116.64,0.49,7.84,23.04,2.9241
415,"Tj Mcfarland","P","2018","ARI","Arizona Diamondbacks",29.2,1,2115,850000,850000,0,1,"2018","2018",0,0,0,162,82,80,0,0,2,0,0,0,693,5460,1283,176,644,0.493,0.257,4.21,1.6,2.56,2,2,47,0,21,0,0,1,72,64,18,16,4,22,3,42,0,0,2,292,0.5,2,211,3.63,1.194,8,0.5,2.8,5.3,1.91,4,4,2209,0,441,0,0,1,5184,4096,324,256,16,484,9,1764,0,0,4,85264,0.25,4,44521,13.1769,1.425636,64,0.25,7.84,28.09,3.6481
415,"Tj Mcfarland","P","2019","ARI","Arizona Diamondbacks",30.2,2,2116,1807113.68445848,1807113.68445848,0,1,"2019","2019",0,0,0,162,85,77,0,0,8,0,0,0,813,5633,1419,220,743,0.495,0.257,4.21,-0.6,0.36,0,0,51,0,13,0,0,0,56,71,35,30,6,20,5,35,1,0,1,250,0,4.82,93,4.48,1.625,11.4,1,3.2,5.6,1.75,0,0,2601,0,169,0,0,0,3136,5041,1225,900,36,400,25,1225,1,0,1,62500,0,23.2324,8649,20.0704,2.640625,129.96,1,10.24,31.36,3.0625
415,"Tj Mcfarland","P","2020","OAK","Oakland Athletics",31.2,3,2117,2205753.60580964,2205753.60580964,1,1,"2020","2020",0,0,0,60,36,24,1,1,12,0,0,0,274,1908,430,71,232,0.489,0.258,3.98,0.1,0.01,2,0,23,0,2,0,0,0,20.2,26,10,10,5,5,0,9,1,0,1,92,1,4.35,97,6.34,1.5,11.3,2.2,2.2,3.9,1.8,4,0,529,0,4,0,0,0,408.04,676,100,100,25,25,0,81,1,0,1,8464,1,18.9225,9409,40.1956,2.25,127.69,4.84,4.84,15.21,3.24
415,"Tj Mcfarland","P","2021","STL","St Louis Cardinals",32.2,4,2118,1183156.3001569,1183156.3001569,1,1,"2021","2021",0,0,0,162,90,72,0,1,18,0,0,0,706,5351,1303,198,672,0.521,0.266,3.68,0.8,0.64,4,1,38,0,7,0,0,0,38.2,32,11,11,3,9,1,21,0,0,0,144,0.8,2.56,154,3.79,1.06,7.4,0.7,2.1,4.9,2.33,16,1,1444,0,49,0,0,0,1459.24,1024,121,121,9,81,1,441,0,0,0,20736,0.64,6.5536,23716,14.3641,1.1236,54.76,0.49,4.41,24.01,5.4289
415,"Tj Mcfarland","P","2025","OAK","Oakland Athletics",36.2,6,2120,1800000,1800000,0,1,"2025","2025",0,0,0,162,76,86,0,0,-10,0,0,2,733,5547,1403,219,817,0.486,0.257,4,-0.3,0.09,0,0,27,0,5,0,0,0,15.2,26,12,12,2,3,0,7,1,0,1,74,0,6.89,66,4.67,1.851,14.9,1.1,1.7,4,2.33,0,0,729,0,25,0,0,0,231.04,676,144,144,4,9,0,49,1,0,1,5476,0,47.4721,4356,21.8089,3.426201,222.01,1.21,2.89,16,5.4289
416,"Tom Gorzelanny","P","2013","MIL","Milwaukee Brewers",31.1,0,2124,5700000,2850000,1,2,"2013","2014",0,0,0,162,74,88,0,0,-14,0,0,0,640,5474,1381,157,687,0.478,0.259,4.2,0.3,0.09,3,6,43,10,4,0,0,0,85.1,77,41,37,11,31,1,83,2,0,2,356,0.333,3.9,99,3.94,1.266,8.1,1.2,3.3,8.8,2.68,9,36,1849,100,16,0,0,0,7242.01,5929,1681,1369,121,961,1,6889,4,0,4,126736,0.110889,15.21,9801,15.5236,1.602756,65.61,1.44,10.89,77.44,7.1824
416,"Tom Gorzelanny","P","2014","MIL","Milwaukee Brewers",32.1,1,2124,5700000,2850000,1,2,"2013","2014",0,0,0,162,82,80,0,0,2,0,0,0,650,5462,1366,150,657,0.478,0.259,4.19,0.6,0.36,0,0,23,0,7,0,0,0,21,22,3,2,1,8,0,23,2,0,0,95,0,0.86,449,2.99,1.429,9.4,0.4,3.4,9.9,2.88,0,0,529,0,49,0,0,0,441,484,9,4,1,64,0,529,4,0,0,9025,0,0.7396,201601,8.9401,2.042041,88.36,0.16,11.56,98.01,8.2944
416,"Tom Gorzelanny","P","2015","DET","Detroit Tigers",33.1,2,2125,1000000,1000000,1,1,"2015","2015",0,0,0,161,74,87,0,0,-13,0,0,0,689,5605,1515,151,803,0.508,0.266,3.96,-0.6,0.36,2,2,48,0,14,0,0,0,39.1,45,28,26,4,23,2,36,2,0,1,181,0.5,5.95,67,4.53,1.729,10.3,0.9,5.3,8.2,1.57,4,4,2304,0,196,0,0,0,1528.81,2025,784,676,16,529,4,1296,4,0,1,32761,0.25,35.4025,4489,20.5209,2.989441,106.09,0.81,28.09,67.24,2.4649
417,"Tommy Hunter","P","2016","CLE","Cleveland Guardians",30.1,0,2128,2000000,2000000,1,1,"2016","2016",0,0,0,161,94,67,1,1,27,1,0,0,777,5484,1435,185,676,0.51,0.266,3.84,0.5,0.25,2,2,33,0,8,0,0,0,34,35,13,12,1,8,1,23,2,0,0,139,0.5,3.18,142,3.06,1.265,9.3,0.3,2.1,6.1,2.88,4,4,1089,0,64,0,0,0,1156,1225,169,144,1,64,1,529,4,0,0,19321,0.25,10.1124,20164,9.3636,1.600225,86.49,0.09,4.41,37.21,8.2944
417,"Tommy Hunter","P","2018","PHI","Philadelphia Phillies",32.1,2,2130,18000000,9000000,1,2,"2018","2019",0,0,0,162,80,82,0,0,-2,0,0,1,677,5424,1270,186,728,0.472,0.261,3.98,1.3,1.69,5,4,65,0,10,0,0,4,64,65,28,27,6,15,1,51,3,0,1,270,0.556,3.8,109,3.63,1.25,9.1,0.8,2.1,7.2,3.4,25,16,4225,0,100,0,0,16,4096,4225,784,729,36,225,1,2601,9,0,1,72900,0.309136,14.44,11881,13.1769,1.5625,82.81,0.64,4.41,51.84,11.56
417,"Tommy Hunter","P","2019","PHI","Philadelphia Phillies",33.1,4,2131,22433135.3932776,11216567.6966388,0,2,"2019","2020",0,0,0,162,81,81,0,0,0,0,0,1,774,5571,1369,215,794,0.472,0.261,3.98,0.2,0.04,0,0,5,0,1,0,0,0,5.1,2,0,0,0,0,0,5,0,0,0,18,0,0,0,1.34,0.375,3.4,0,0,8.4,0,0,0,25,0,1,0,0,0,26.01,4,0,0,0,0,0,25,0,0,0,324,0,0,0,1.7956,0.140625,11.56,0,0,70.56,0
417,"Tommy Hunter","P","2020","PHI","Philadelphia Phillies",34.1,6,2132,850000,850000,0,1,"2020","2020",0,0,0,60,28,32,0,0,-4,0,0,0,306,1948,501,82,311,0.472,0.261,3.98,0.6,0.36,0,1,24,0,1,0,0,1,24.2,22,11,11,2,6,0,25,3,0,0,102,0,4.01,113,3.31,1.135,8,0.7,2.2,9.1,4.17,0,1,576,0,1,0,0,1,585.64,484,121,121,4,36,0,625,9,0,0,10404,0,16.0801,12769,10.9561,1.288225,64,0.49,4.84,82.81,17.3889
417,"Tommy Hunter","P","2022","NYM","New York Mets",36.1,8,2134,780223.372192982,780223.372192982,1,1,"2022","2022",0,0,0,162,101,61,0,1,40,0,0,1,772,5489,1422,171,606,0.483,0.25,3.79,0.3,0.09,0,1,18,0,7,0,0,0,22.1,21,8,6,4,6,0,22,0,0,1,94,0,2.42,162,4.28,1.209,8.5,1.6,2.4,8.9,3.67,0,1,324,0,49,0,0,0,488.41,441,64,36,16,36,0,484,0,0,1,8836,0,5.8564,26244,18.3184,1.461681,72.25,2.56,5.76,79.21,13.4689
417,"Tommy Hunter","P","2023","NYM","New York Mets",37.1,9,2135,1750000,1750000,0,1,"2023","2023",0,0,0,162,75,87,0,0,-12,0,0,0,717,5363,1276,215,729,0.482,0.25,3.8,-0.5,0.25,0,1,14,0,6,0,0,0,23.2,28,20,18,6,5,0,20,2,0,0,106,0,6.85,62,5.75,1.394,10.6,2.3,1.9,7.6,4,0,1,196,0,36,0,0,0,538.24,784,400,324,36,25,0,400,4,0,0,11236,0,46.9225,3844,33.0625,1.943236,112.36,5.29,3.61,57.76,16
418,"Tommy Kahnle","P","2022","LAD","Los Angeles Dodgers",33,1,2136,5250000,2625000,1,2,"2021","2022",0,0,0,162,111,51,1,1,60,0,0,2,847,5526,1418,212,513,0.531,0.261,3.52,0.3,0.09,0,0,13,0,2,0,0,1,12.2,5,4,4,2,3,0,14,3,0,1,46,0,2.84,145,4.38,0.632,3.6,1.4,2.1,9.9,4.67,0,0,169,0,4,0,0,1,148.84,25,16,16,4,9,0,196,9,0,1,2116,0,8.0656,21025,19.1844,0.399424,12.96,1.96,4.41,98.01,21.8089
418,"Tommy Kahnle","P","2023","NYY","New York Yankees",34,2,2137,11500000,5750000,1,2,"2023","2024",0,0,0,162,82,80,0,0,2,0,0,0,673,5323,1207,219,698,0.569,0.266,3.65,1.1,1.21,1,3,42,0,9,0,0,2,40.2,26,14,12,5,19,0,48,1,0,3,165,0.25,2.66,164,3.97,1.107,5.8,1.1,4.2,10.6,2.53,1,9,1764,0,81,0,0,4,1616.04,676,196,144,25,361,0,2304,1,0,9,27225,0.0625,7.0756,26896,15.7609,1.225449,33.64,1.21,17.64,112.36,6.4009
418,"Tommy Kahnle","P","2024","NYY","New York Yankees",35,3,2137,11500000,5750000,1,2,"2023","2024",0,0,0,162,94,68,1,1,26,1,0,0,815,5450,1352,237,668,0.569,0.265,3.66,0.8,0.64,0,2,50,0,8,0,0,1,42.2,30,16,10,5,19,1,46,2,0,1,179,0,2.11,192,4.01,1.148,6.3,1.1,4,9.7,2.42,0,4,2500,0,64,0,0,1,1780.84,900,256,100,25,361,1,2116,4,0,1,32041,0,4.4521,36864,16.0801,1.317904,39.69,1.21,16,94.09,5.8564
418,"Tommy Kahnle","P","2025","DET","Detroit Tigers",36,4,2138,7750000,7750000,1,1,"2025","2025",0,0,0,162,87,75,0,1,12,0,0,0,758,5456,1346,198,691,0.503,0.264,4,-0.2,0.04,1,5,66,0,16,0,0,9,63,51,32,31,8,31,0,50,1,0,3,267,0.167,4.43,95,4.72,1.302,7.3,1.1,4.4,7.1,1.61,1,25,4356,0,256,0,0,81,3969,2601,1024,961,64,961,0,2500,1,0,9,71289,0.027889,19.6249,9025,22.2784,1.695204,53.29,1.21,19.36,50.41,2.5921
419,"Tommy Milone","P","2019","SEA","Seattle Mariners",32.5,5.153,2143,691688.341292727,691688.341292727,1,1,"2019","2019",0,0,0,162,68,94,0,0,-26,0,0,1,758,5500,1305,239,893,0.471,0.26,4.33,1.3,1.69,4,10,23,6,0,0,0,0,111.2,102,61,59,24,23,2,94,2,0,1,453,0.286,4.76,92,5,1.119,8.2,1.9,1.9,7.6,4.09,16,100,529,36,0,0,0,0,12365.44,10404,3721,3481,576,529,4,8836,4,0,1,205209,0.081796,22.6576,8464,25,1.252161,67.24,3.61,3.61,57.76,16.7281
419,"Tommy Milone","P","2020","BAL","Baltimore Orioles",33.5,6.113,2144,1225418.66989424,1225418.66989424,1,1,"2020","2020",0,0,0,60,25,35,0,0,-10,0,0,0,274,2026,523,77,294,0.474,0.259,4.04,-0.3,0.09,1,4,9,9,0,0,0,0,39,55,34,29,9,6,0,40,2,0,1,181,0.2,6.69,71,4.76,1.564,12.7,2.1,1.4,9.2,6.67,1,16,81,81,0,0,0,0,1521,3025,1156,841,81,36,0,1600,4,0,1,32761,0.04,44.7561,5041,22.6576,2.446096,161.29,4.41,1.96,84.64,44.4889
420,"Tony Barnette","P","2016","TEX","Texas Rangers",32.8,0,2149,3500000,1750000,1,2,"2016","2017",0,0,0,162,95,67,1,1,28,0,0,0,765,5525,1446,215,757,0.479,0.26,4.24,2.2,4.84,7,3,53,0,9,0,0,0,60.1,54,16,14,4,16,1,49,4,0,6,246,0.7,2.09,219,3.38,1.16,8.1,0.6,2.4,7.3,3.06,49,9,2809,0,81,0,0,0,3612.01,2916,256,196,16,256,1,2401,16,0,36,60516,0.49,4.3681,47961,11.4244,1.3456,65.61,0.36,5.76,53.29,9.3636
420,"Tony Barnette","P","2017","TEX","Texas Rangers",33.8,1,2149,3500000,1750000,1,2,"2016","2017",0,0,0,162,78,84,0,0,-6,0,0,1,799,5430,1326,237,816,0.479,0.26,4.25,-0.1,0.01,2,1,50,0,7,0,0,2,57.1,64,36,35,7,22,4,57,2,0,4,252,0.667,5.49,88,4.01,1.5,10,1.1,3.5,8.9,2.59,4,1,2500,0,49,0,0,4,3260.41,4096,1296,1225,49,484,16,3249,4,0,16,63504,0.444889,30.1401,7744,16.0801,2.25,100,1.21,12.25,79.21,6.7081
420,"Tony Barnette","P","2018","TEX","Texas Rangers",34.8,2,2150,1500000,1500000,0,1,"2018","2018",0,0,0,162,67,95,0,0,-28,0,0,1,737,5453,1308,194,848,0.478,0.26,4.26,0.5,0.25,2,0,22,0,5,0,0,0,26.1,19,11,7,2,5,0,26,2,0,0,104,1,2.39,201,2.97,0.911,6.5,0.7,1.7,8.9,5.2,4,0,484,0,25,0,0,0,681.21,361,121,49,4,25,0,676,4,0,0,10816,1,5.7121,40401,8.8209,0.829921,42.25,0.49,2.89,79.21,27.04
420,"Tony Barnette","P","2019","CHC","Chicago Cubs",35.8,3,2151,750000,750000,1,1,"2019","2019",0,0,0,162,84,78,0,0,6,0,0,1,814,5461,1378,256,717,0.514,0.263,3.68,0,0,0,0,2,0,0,0,0,0,1.1,2,1,1,1,0,0,0,0,0,0,5,0,6.75,82,12.96,1.5,13.5,6.8,0,0,0,0,0,4,0,0,0,0,0,1.21,4,1,1,1,0,0,0,0,0,0,25,0,45.5625,6724,167.9616,2.25,182.25,46.24,0,0,0
421,"Tony Sipp","P","2016","HOU","Houston Astros",33.1,1,2153,18000000,6000000,0,3,"2016","2018",0,0,0,162,84,78,0,0,6,0,0,0,724,5545,1367,198,701,0.489,0.254,3.82,-0.4,0.16,1,2,60,0,13,0,0,1,43.2,52,26,24,12,18,0,40,1,0,0,195,0.333,4.95,80,6.19,1.603,10.7,2.5,3.7,8.2,2.22,1,4,3600,0,169,0,0,1,1866.24,2704,676,576,144,324,0,1600,1,0,0,38025,0.110889,24.5025,6400,38.3161,2.569609,114.49,6.25,13.69,67.24,4.9284
421,"Tony Sipp","P","2017","HOU","Houston Astros",34.1,2,2153,18000000,6000000,0,3,"2016","2018",0,0,0,162,101,61,1,1,40,1,1,2,896,5611,1581,238,700,0.491,0.254,3.83,-0.4,0.16,0,1,46,0,12,0,0,0,37.1,36,25,24,8,16,2,39,1,0,1,165,0,5.79,71,5.22,1.393,8.7,1.9,3.9,9.4,2.44,0,1,2116,0,144,0,0,0,1376.41,1296,625,576,64,256,4,1521,1,0,1,27225,0,33.5241,5041,27.2484,1.940449,75.69,3.61,15.21,88.36,5.9536
421,"Tony Sipp","P","2018","HOU","Houston Astros",35.1,4,2154,22924884.9804904,7641628.32683012,0,3,"2018","2020",0,0,0,162,103,59,1,1,44,0,0,0,797,5453,1390,205,534,0.494,0.254,3.81,1.3,1.69,3,1,54,0,8,0,0,0,38.2,27,8,8,1,13,0,42,1,0,2,151,0.75,1.86,225,2.41,1.034,6.3,0.2,3,9.8,3.23,9,1,2916,0,64,0,0,0,1459.24,729,64,64,1,169,0,1764,1,0,4,22801,0.5625,3.4596,50625,5.8081,1.069156,39.69,0.04,9,96.04,10.4329
422,"Touki Toussaint","P","2025","LAA","Los Angeles Angels",29.2,1,2162,760000,760000,1,1,"2025","2025",0,0,0,162,72,90,0,0,-18,0,0,1,673,5374,1209,226,837,0.495,0.256,4.02,0,0,0,0,1,0,1,0,0,0,2,4,2,2,0,1,0,3,0,0,0,11,0,9,55,1.64,2.5,18,0,4.5,13.5,3,0,0,1,0,1,0,0,0,4,16,4,4,0,1,0,9,0,0,0,121,0,81,3025,2.6896,6.25,324,0,20.25,182.25,9
423,"Trevor Cahill","P","2016","CHC","Chicago Cubs",28.4,6.098,2177,4250000,4250000,0,1,"2016","2016",0,0,0,162,103,58,1,1,45,1,1,0,808,5503,1409,199,556,0.513,0.263,3.68,1,1,4,4,50,1,16,0,0,0,65.2,49,22,20,7,35,3,66,5,0,3,284,0.5,2.74,153,4.35,1.279,6.7,1,4.8,9,1.89,16,16,2500,1,256,0,0,0,4251.04,2401,484,400,49,1225,9,4356,25,0,9,80656,0.25,7.5076,23409,18.9225,1.635841,44.89,1,23.04,81,3.5721
423,"Trevor Cahill","P","2018","OAK","Oakland Athletics",30.4,8.098,2179,1500000,1500000,1,1,"2018","2018",0,0,0,162,97,65,0,1,32,0,0,0,813,5579,1407,227,674,0.488,0.259,3.98,1.4,1.96,7,4,21,20,0,0,0,0,110,90,52,46,8,41,0,100,5,0,8,450,0.636,3.76,110,3.54,1.191,7.4,0.7,3.4,8.2,2.44,49,16,441,400,0,0,0,0,12100,8100,2704,2116,64,1681,0,10000,25,0,64,202500,0.404496,14.1376,12100,12.5316,1.418481,54.76,0.49,11.56,67.24,5.9536
423,"Trevor Cahill","P","2019","LAA","Los Angeles Angels",31.4,9.098,2180,9000000,9000000,1,1,"2019","2019",0,0,0,162,72,90,0,0,-18,0,0,1,769,5542,1368,220,868,0.499,0.257,3.97,-0.1,0.01,4,9,37,11,12,0,0,0,102.1,111,71,68,25,39,0,81,6,0,14,455,0.308,5.98,77,6.13,1.466,9.8,2.2,3.4,7.1,2.08,16,81,1369,121,144,0,0,0,10424.41,12321,5041,4624,625,1521,0,6561,36,0,196,207025,0.094864,35.7604,5929,37.5769,2.149156,96.04,4.84,11.56,50.41,4.3264
423,"Trevor Cahill","P","2021","PIT","Pittsburgh Pirates",33.4,11.056,2182,1500000,1500000,1,1,"2021","2021",0,0,0,162,61,101,0,0,-40,0,0,0,609,5336,1261,124,833,0.502,0.264,3.74,-0.5,0.25,1,5,9,8,1,0,0,0,37,42,29,27,4,14,0,32,1,0,2,166,0.167,6.57,65,4.06,1.514,10.2,1,3.4,7.8,2.29,1,25,81,64,1,0,0,0,1369,1764,841,729,16,196,0,1024,1,0,4,27556,0.027889,43.1649,4225,16.4836,2.292196,104.04,1,11.56,60.84,5.2441
424,"Trevor Gott","P","2022","MIL","Milwaukee Brewers",30,0,2183,725000,725000,1,1,"2022","2022",0,0,0,162,86,76,0,0,10,0,0,0,725,5417,1271,219,688,0.484,0.257,4.16,-0.3,0.09,3,4,45,0,3,0,0,0,45.2,35,25,21,8,12,0,44,3,0,0,186,0.429,4.14,98,4.45,1.029,6.9,1.6,2.4,8.7,3.67,9,16,2025,0,9,0,0,0,2043.04,1225,625,441,64,144,0,1936,9,0,0,34596,0.184041,17.1396,9604,19.8025,1.058841,47.61,2.56,5.76,75.69,13.4689
425,"Trevor May","P","2021","NYM","New York Mets",31.9,6.012,2186,15500000,7750000,1,2,"2021","2022",0,0,0,162,77,85,0,0,-8,0,0,0,636,5210,1243,176,668,0.48,0.25,3.8,0.5,0.25,7,3,68,0,19,0,0,4,62.2,55,29,25,10,24,4,83,0,0,7,266,0.7,3.59,112,3.74,1.261,7.9,1.4,3.4,11.9,3.46,49,9,4624,0,361,0,0,16,3868.84,3025,841,625,100,576,16,6889,0,0,49,70756,0.49,12.8881,12544,13.9876,1.590121,62.41,1.96,11.56,141.61,11.9716
425,"Trevor May","P","2022","NYM","New York Mets",32.9,7.012,2186,15500000,7750000,1,2,"2021","2022",0,0,0,162,101,61,0,1,40,0,0,1,772,5489,1422,171,606,0.483,0.25,3.79,-0.1,0.01,2,0,26,0,6,0,0,1,25,27,14,14,4,9,0,30,0,0,0,111,1,5.04,78,3.87,1.44,9.7,1.4,3.2,10.8,3.33,4,0,676,0,36,0,0,1,625,729,196,196,16,81,0,900,0,0,0,12321,1,25.4016,6084,14.9769,2.0736,94.09,1.96,10.24,116.64,11.0889
425,"Trevor May","P","2023","OAK","Oakland Athletics",33.9,8.012,2187,7000000,7000000,1,1,"2023","2023",0,0,0,162,50,112,0,0,-62,0,0,0,585,5311,1187,171,924,0.487,0.258,4,1.1,1.21,4,4,49,0,35,0,0,21,46.2,35,21,17,4,29,5,40,3,0,2,205,0.5,3.28,129,4.71,1.371,6.8,0.8,5.6,7.7,1.38,16,16,2401,0,1225,0,0,441,2134.44,1225,441,289,16,841,25,1600,9,0,4,42025,0.25,10.7584,16641,22.1841,1.879641,46.24,0.64,31.36,59.29,1.9044
426,"Trevor Megill","P","2022","MIN","Minnesota Twins",28.7,0,2188,780223.372192982,780223.372192982,0,1,"2022","2022",0,0,0,162,78,84,0,0,-6,0,0,3,696,5476,1356,178,684,0.481,0.263,4,-0.6,0.36,4,3,39,0,11,0,0,0,45,50,29,24,4,17,0,49,1,0,2,196,0.571,4.8,82,3.29,1.489,10,0.8,3.4,9.8,2.88,16,9,1521,0,121,0,0,0,2025,2500,841,576,16,289,0,2401,1,0,4,38416,0.326041,23.04,6724,10.8241,2.217121,100,0.64,11.56,96.04,8.2944
426,"Trevor Megill","P","2024","MIL","Milwaukee Brewers",30.7,1,2189,778072.930532348,778072.930532348,1,1,"2024","2024",0,0,0,162,93,69,1,1,24,0,0,0,777,5472,1359,177,641,0.487,0.256,4.14,1.2,1.44,1,3,48,0,26,0,0,21,46.1,33,16,14,4,14,4,50,1,0,4,183,0.25,2.72,153,3.1,1.014,6.4,0.8,2.7,9.7,3.57,1,9,2304,0,676,0,0,441,2125.21,1089,256,196,16,196,16,2500,1,0,16,33489,0.0625,7.3984,23409,9.61,1.028196,40.96,0.64,7.29,94.09,12.7449
426,"Trevor Megill","P","2025","MIL","Milwaukee Brewers",31.7,2,2190,1940000,1940000,0,1,"2025","2025",1,0,0,162,97,65,1,1,32,0,0,2,806,5510,1423,166,634,0.489,0.256,4.13,1.5,2.25,6,3,50,0,44,0,0,30,47,36,16,13,3,17,3,60,0,0,2,192,0.667,2.49,169,2.5,1.128,6.9,0.6,3.3,11.5,3.53,36,9,2500,0,1936,0,0,900,2209,1296,256,169,9,289,9,3600,0,0,4,36864,0.444889,6.2001,28561,6.25,1.272384,47.61,0.36,10.89,132.25,12.4609
427,"Trevor Williams","P","2021","CHC","Chicago Cubs",29.3,0,2196,2500000,2500000,1,1,"2021","2021",0,0,0,162,71,91,0,0,-20,0,0,0,705,5306,1255,210,839,0.513,0.262,3.69,0.3,0.09,4,2,23,15,3,0,0,0,91,105,51,44,11,31,0,90,3,0,0,405,0.667,4.35,96,3.88,1.495,10.4,1.1,3.1,8.9,2.9,16,4,529,225,9,0,0,0,8281,11025,2601,1936,121,961,0,8100,9,0,0,164025,0.444889,18.9225,9216,15.0544,2.235025,108.16,1.21,9.61,79.21,8.41
428,"Trey Wingenter","P","2023","DET","Detroit Tigers",29.3,0,2199,1000000,1000000,0,1,"2023","2023",0,0,0,162,78,84,0,0,-6,0,0,0,661,5478,1292,165,740,0.503,0.264,4,-0.1,0.01,1,0,17,0,6,0,0,0,17,16,11,11,2,7,0,22,3,0,3,76,1,5.82,76,3.96,1.353,8.5,1.1,3.7,11.6,3.14,1,0,289,0,36,0,0,0,289,256,121,121,4,49,0,484,9,0,9,5776,1,33.8724,5776,15.6816,1.830609,72.25,1.21,13.69,134.56,9.8596
429,"Ty Blach","P","2022","COL","Colorado Rockies",31.8,0,2201,835953.613063909,835953.613063909,0,1,"2022","2022",0,0,0,162,68,94,0,0,-26,0,0,0,698,5540,1408,149,873,0.469,0.272,4.98,-0.1,0.01,1,0,24,1,10,0,0,1,44.1,51,29,29,4,11,2,29,2,0,1,193,1,5.89,79,3.86,1.398,10.4,0.8,2.2,5.9,2.64,1,0,576,1,100,0,0,1,1944.81,2601,841,841,16,121,4,841,4,0,1,37249,1,34.6921,6241,14.8996,1.954404,108.16,0.64,4.84,34.81,6.9696
429,"Ty Blach","P","2023","COL","Colorado Rockies",32.8,1,2202,1100000,1100000,0,1,"2023","2023",0,0,0,162,59,103,0,0,-44,0,0,0,721,5496,1368,163,957,0.465,0.272,5,0.2,0.04,3,3,20,13,2,0,0,0,78,104,51,48,15,24,0,50,6,0,1,352,0.5,5.54,90,5.63,1.641,12,1.7,2.8,5.8,2.08,9,9,400,169,4,0,0,0,6084,10816,2601,2304,225,576,0,2500,36,0,1,123904,0.25,30.6916,8100,31.6969,2.692881,144,2.89,7.84,33.64,4.3264
429,"Ty Blach","P","2024","COL","Colorado Rockies",33.8,2,2203,1028380.82280247,1028380.82280247,0,1,"2024","2024",0,0,0,162,61,101,0,0,-40,0,0,1,682,5454,1319,179,929,0.462,0.271,5.02,-0.6,0.36,3,8,20,12,4,0,0,0,71.1,103,55,55,17,18,0,36,6,0,1,330,0.273,6.94,68,6.26,1.696,13,2.1,2.3,4.5,2,9,64,400,144,16,0,0,0,5055.21,10609,3025,3025,289,324,0,1296,36,0,1,108900,0.074529,48.1636,4624,39.1876,2.876416,169,4.41,5.29,20.25,4
430,"Tyler Anderson","P","2022","LAD","Los Angeles Dodgers",32.6,6.065,2205,8000000,8000000,1,1,"2022","2022",1,0,0,162,111,51,1,1,60,0,0,2,847,5526,1418,212,513,0.531,0.261,3.52,3.9,15.21,15,5,30,28,0,0,0,0,178.2,145,57,51,14,34,0,138,9,0,6,707,0.75,2.57,157,3.31,1.002,7.3,0.7,1.7,7,4.06,225,25,900,784,0,0,0,0,31755.24,21025,3249,2601,196,1156,0,19044,81,0,36,499849,0.5625,6.6049,24649,10.9561,1.004004,53.29,0.49,2.89,49,16.4836
430,"Tyler Anderson","P","2023","LAA","Los Angeles Angels",33.6,7.065,2206,39000000,13000000,1,3,"2023","2025",0,0,0,162,73,89,0,0,-16,0,0,0,739,5489,1346,231,829,0.497,0.256,4,0.2,0.04,6,6,27,25,0,0,0,0,141,146,90,85,20,64,1,119,7,2,6,629,0.5,5.43,82,4.92,1.489,9.3,1.3,4.1,7.6,1.86,36,36,729,625,0,0,0,0,19881,21316,8100,7225,400,4096,1,14161,49,4,36,395641,0.25,29.4849,6724,24.2064,2.217121,86.49,1.69,16.81,57.76,3.4596
430,"Tyler Anderson","P","2024","LAA","Los Angeles Angels",34.6,8.065,2206,39000000,13000000,1,3,"2023","2025",1,0,0,162,63,99,0,0,-36,0,0,0,635,5357,1227,165,797,0.495,0.256,4,2.9,8.41,10,15,31,31,0,0,0,0,179.1,158,83,76,24,73,2,142,7,1,3,765,0.4,3.81,110,4.66,1.288,7.9,1.2,3.7,7.1,1.95,100,225,961,961,0,0,0,0,32076.81,24964,6889,5776,576,5329,4,20164,49,1,9,585225,0.16,14.5161,12100,21.7156,1.658944,62.41,1.44,13.69,50.41,3.8025
430,"Tyler Anderson","P","2025","LAA","Los Angeles Angels",35.6,9.065,2206,39000000,13000000,1,3,"2023","2025",0,0,0,162,72,90,0,0,-18,0,0,1,673,5374,1209,226,837,0.495,0.256,4.02,1.9,3.61,2,8,26,26,0,0,0,0,136.1,135,73,69,28,57,4,104,3,3,5,599,0.2,4.56,92,5.6,1.408,8.9,1.8,3.8,6.9,1.82,4,64,676,676,0,0,0,0,18523.21,18225,5329,4761,784,3249,16,10816,9,9,25,358801,0.04,20.7936,8464,31.36,1.982464,79.21,3.24,14.44,47.61,3.3124
431,"Tyler Chatwood","P","2018","CHC","Chicago Cubs",28.7,6.039,2207,38000000,12666666.6666667,1,3,"2018","2020",0,0,0,163,95,68,0,1,27,0,0,0,761,5624,1453,167,645,0.513,0.263,3.68,-0.4,0.16,4,6,24,20,4,0,0,0,103.2,92,62,61,9,95,1,85,7,0,8,486,0.4,5.3,79,5.6,1.804,8,0.8,8.2,7.4,0.89,16,36,576,400,16,0,0,0,10650.24,8464,3844,3721,81,9025,1,7225,49,0,64,236196,0.16,28.09,6241,31.36,3.254416,64,0.64,67.24,54.76,0.7921
431,"Tyler Chatwood","P","2019","CHC","Chicago Cubs",29.7,7.039,2207,38000000,12666666.6666667,1,3,"2018","2020",0,0,0,162,84,78,0,0,6,0,0,1,814,5461,1378,256,717,0.514,0.263,3.68,1.3,1.69,5,3,38,5,9,0,0,2,76.2,65,33,32,8,37,0,74,5,0,8,324,0.625,3.76,118,4.28,1.33,7.6,0.9,4.3,8.7,2,25,9,1444,25,81,0,0,4,5806.44,4225,1089,1024,64,1369,0,5476,25,0,64,104976,0.390625,14.1376,13924,18.3184,1.7689,57.76,0.81,18.49,75.69,4
431,"Tyler Chatwood","P","2020","CHC","Chicago Cubs",30.7,8.039,2207,38000000,12666666.6666667,1,3,"2018","2020",0,0,0,60,34,26,1,1,8,0,0,0,265,1918,422,74,240,0.514,0.262,3.68,-0.1,0.01,2,2,5,5,0,0,0,0,18.2,22,11,11,2,9,0,25,0,0,1,86,0.5,5.3,86,3.35,1.661,10.6,1,4.3,12.1,2.78,4,4,25,25,0,0,0,0,331.24,484,121,121,4,81,0,625,0,0,1,7396,0.25,28.09,7396,11.2225,2.758921,112.36,1,18.49,146.41,7.7284
431,"Tyler Chatwood","P","2021","TOR","Toronto Blue Jays",31.7,9.039,2208,3000000,3000000,1,1,"2021","2021",0,0,0,162,91,71,0,0,20,0,0,0,846,5476,1455,262,663,0.496,0.261,4.23,-0.4,0.16,1,3,32,0,5,0,0,1,32,26,22,20,2,21,0,38,4,0,1,145,0.25,5.63,80,3.95,1.469,7.3,0.6,5.9,10.7,1.81,1,9,1024,0,25,0,0,1,1024,676,484,400,4,441,0,1444,16,0,1,21025,0.0625,31.6969,6400,15.6025,2.157961,53.29,0.36,34.81,114.49,3.2761
432,"Tyler Clippard","P","2016","ARI","Arizona Diamondbacks",31.5,6.148,2209,12250000,6125000,1,2,"2016","2017",0,0,0,162,69,93,0,0,-24,0,0,0,752,5665,1479,190,890,0.488,0.258,4.27,1.1,1.21,4,6,69,0,17,0,0,3,63,54,27,25,10,26,2,72,1,3,5,262,0.4,3.57,124,4.21,1.27,7.7,1.4,3.7,10.3,2.77,16,36,4761,0,289,0,0,9,3969,2916,729,625,100,676,4,5184,1,9,25,68644,0.16,12.7449,15376,17.7241,1.6129,59.29,1.96,13.69,106.09,7.6729
432,"Tyler Clippard","P","2018","TOR","Toronto Blue Jays",33.5,8.148,2210,1500000,1500000,1,1,"2018","2018",0,0,0,162,73,89,0,0,-16,0,0,0,709,5477,1336,217,832,0.496,0.261,4.23,1.3,1.69,4,3,73,1,22,0,0,7,68.2,57,29,28,13,23,0,85,2,0,7,285,0.571,3.67,116,4.24,1.165,7.5,1.7,3,11.1,3.7,16,9,5329,1,484,0,0,49,4651.24,3249,841,784,169,529,0,7225,4,0,49,81225,0.326041,13.4689,13456,17.9776,1.357225,56.25,2.89,9,123.21,13.69
432,"Tyler Clippard","P","2019","CLE","Cleveland Guardians",34.5,9.148,2211,1500000,1500000,1,1,"2019","2019",0,0,0,162,93,69,0,0,24,0,0,1,769,5425,1354,223,657,0.512,0.266,3.83,1.4,1.96,1,0,53,3,7,0,0,0,62,38,20,20,8,15,0,64,7,0,3,241,1,2.9,163,3.89,0.855,5.5,1.2,2.2,9.3,4.27,1,0,2809,9,49,0,0,0,3844,1444,400,400,64,225,0,4096,49,0,9,58081,1,8.41,26569,15.1321,0.731025,30.25,1.44,4.84,86.49,18.2329
432,"Tyler Clippard","P","2020","MIN","Minnesota Twins",35.5,10.134,2212,2750000,2750000,1,1,"2020","2020",0,0,0,60,36,24,1,1,12,0,0,0,269,1937,468,91,215,0.481,0.263,3.99,0.4,0.16,2,1,26,2,1,0,0,0,26,19,9,8,2,4,0,26,0,0,2,98,0.667,2.77,157,2.65,0.885,6.6,0.7,1.4,9,6.5,4,1,676,4,1,0,0,0,676,361,81,64,4,16,0,676,0,0,4,9604,0.444889,7.6729,24649,7.0225,0.783225,43.56,0.49,1.96,81,42.25
432,"Tyler Clippard","P","2021","ARI","Arizona Diamondbacks",36.5,11.134,2213,2250000,2250000,1,1,"2021","2021",0,0,0,162,52,110,0,0,-58,0,0,0,679,5489,1297,144,893,0.486,0.256,4.26,0.6,0.36,1,1,26,0,15,0,0,6,25.1,22,12,9,3,11,1,21,3,0,1,111,0.5,3.2,133,4.71,1.303,7.8,1.1,3.9,7.5,1.91,1,1,676,0,225,0,0,36,630.01,484,144,81,9,121,1,441,9,0,1,12321,0.25,10.24,17689,22.1841,1.697809,60.84,1.21,15.21,56.25,3.6481
433,"Tyler Duffey","P","2023","CHC","Chicago Cubs",32.6,0,2214,765889.986737186,765889.986737186,0,1,"2023","2023",0,0,0,162,83,79,0,0,4,0,0,0,819,5504,1399,196,723,0.513,0.262,3.7,0,0,0,0,1,0,0,0,0,0,2,1,1,1,1,0,0,3,0,0,0,7,0,4.5,112,6.76,0.5,4.5,4.5,0,13.5,0,0,0,1,0,0,0,0,0,4,1,1,1,1,0,0,9,0,0,0,49,0,20.25,12544,45.6976,0.25,20.25,20.25,0,182.25,0
434,"Tyler Heineman","NP","2025","TOR","Toronto Blue Jays",33,2,2222,542621,542621,1,1,"2025","2025",0,0,0,162,94,68,1,1,26,1,0,1,798,5507,1461,191,721,0.5,0.26,4.22,-0.4,0.16,0,0,3,0,2,0,0,0,3.1,15,12,12,1,0,0,0,2,0,0,27,0,32.4,15,8.84,4.5,40.5,2.7,0,0,0,0,0,9,0,4,0,0,0,9.61,225,144,144,1,0,0,0,4,0,0,729,0,1049.76,225,78.1456,20.25,1640.25,7.29,0,0,0
435,"Tyson Ross","P","2019","DET","Detroit Tigers",32.3,7.118,2224,5750000,5750000,1,1,"2019","2019",0,0,0,161,47,114,0,0,-67,0,0,0,582,5549,1333,149,915,0.504,0.265,3.99,0,0,1,5,7,7,0,0,0,0,35.1,41,28,24,7,18,0,25,1,0,1,162,0.167,6.11,78,5.99,1.67,10.4,1.8,4.6,6.4,1.39,1,25,49,49,0,0,0,0,1232.01,1681,784,576,49,324,0,625,1,0,1,26244,0.027889,37.3321,6084,35.8801,2.7889,108.16,3.24,21.16,40.96,1.9321
436,"Vance Worley","P","2017","MIA","Miami Marlins",29.9,4.112,2226,695958.90057858,695958.90057858,1,1,"2017","2017",0,0,0,162,77,85,0,0,-8,0,0,2,778,5602,1497,194,822,0.47,0.258,4.27,-1.4,1.96,2,6,24,12,8,0,0,1,71.2,99,56,55,9,30,5,50,6,0,1,333,0.25,6.91,57,4.9,1.8,12.4,1.1,3.8,6.3,1.67,4,36,576,144,64,0,0,1,5069.44,9801,3136,3025,81,900,25,2500,36,0,1,110889,0.0625,47.7481,3249,24.01,3.24,153.76,1.21,14.44,39.69,2.7889
437,"Wade Davis","P","2018","COL","Colorado Rockies",32.9,0,2232,52000000,17333333.3333333,1,3,"2018","2020",0,0,0,163,91,72,0,1,19,0,0,0,780,5541,1418,210,745,0.473,0.274,4.95,0.9,0.81,3,6,69,0,63,0,0,43,65.1,43,31,30,8,26,0,78,2,0,6,261,0.333,4.13,115,3.65,1.056,5.9,1.1,3.6,10.7,3,9,36,4761,0,3969,0,0,1849,4238.01,1849,961,900,64,676,0,6084,4,0,36,68121,0.110889,17.0569,13225,13.3225,1.115136,34.81,1.21,12.96,114.49,9
437,"Wade Davis","P","2019","COL","Colorado Rockies",33.9,1,2232,52000000,17333333.3333333,1,3,"2018","2020",0,0,0,162,71,91,0,0,-20,0,0,0,835,5660,1502,224,958,0.471,0.274,4.97,-1.5,2.25,1,6,50,0,32,0,0,15,42.2,51,42,41,7,29,0,42,2,0,1,206,0.143,8.65,60,5.56,1.875,10.8,1.5,6.1,8.9,1.45,1,36,2500,0,1024,0,0,225,1780.84,2601,1764,1681,49,841,0,1764,4,0,1,42436,0.020449,74.8225,3600,30.9136,3.515625,116.64,2.25,37.21,79.21,2.1025
437,"Wade Davis","P","2020","COL","Colorado Rockies",34.9,2,2232,52000000,17333333.3333333,1,3,"2018","2020",0,0,0,60,26,34,0,0,-8,0,0,1,275,2057,528,63,353,0.471,0.274,4.98,-0.7,0.49,0,1,5,0,2,0,0,2,4.1,9,10,10,3,3,1,3,0,0,2,25,0,20.77,27,12.88,2.769,18.7,6.2,6.2,6.2,1,0,1,25,0,4,0,0,4,16.81,81,100,100,9,9,1,9,0,0,4,625,0,431.3929,729,165.8944,7.667361,349.69,38.44,38.44,38.44,1
438,"Wade Leblanc","P","2014","LAA","Los Angeles Angels",30,0,2234,689449.635766739,689449.635766739,1,1,"2014","2014",0,0,0,162,98,64,1,1,34,0,0,0,773,5652,1464,155,630,0.501,0.258,3.94,0.3,0.09,1,1,11,3,3,0,0,0,29.2,27,13,13,2,7,2,21,2,0,1,121,0.5,3.94,95,3.5,1.146,8.2,0.6,2.1,6.4,3,1,1,121,9,9,0,0,0,852.64,729,169,169,4,49,4,441,4,0,1,14641,0.25,15.5236,9025,12.25,1.313316,67.24,0.36,4.41,40.96,9
438,"Wade Leblanc","P","2017","PIT","Pittsburgh Pirates",33,2,2236,1040686.20647264,1040686.20647264,0,1,"2017","2017",0,0,0,165,75,87,0,0,-12,0,0,0,668,5458,1331,151,731,0.504,0.264,3.72,0.2,0.04,5,2,50,0,18,0,0,1,68,64,35,34,10,17,1,54,1,0,2,283,0.714,4.5,95,4.28,1.191,8.5,1.3,2.3,7.1,3.18,25,4,2500,0,324,0,0,1,4624,4096,1225,1156,100,289,1,2916,1,0,4,80089,0.509796,20.25,9025,18.3184,1.418481,72.25,1.69,5.29,50.41,10.1124
438,"Wade Leblanc","P","2018","SEA","Seattle Mariners",34,3,2237,650000,650000,1,1,"2018","2018",0,0,0,162,89,73,0,0,16,0,0,0,677,5513,1402,176,711,0.472,0.26,4.32,2.2,4.84,9,5,32,27,5,0,0,0,162,151,74,67,24,40,1,130,3,0,1,662,0.643,3.72,109,4.28,1.179,8.4,1.3,2.2,7.2,3.25,81,25,1024,729,25,0,0,0,26244,22801,5476,4489,576,1600,1,16900,9,0,1,438244,0.413449,13.8384,11881,18.3184,1.390041,70.56,1.69,4.84,51.84,10.5625
438,"Wade Leblanc","P","2019","SEA","Seattle Mariners",35,4,2238,3427284.57397297,3427284.57397297,0,1,"2019","2019",0,0,0,162,68,94,0,0,-26,0,0,1,758,5500,1305,239,893,0.471,0.26,4.33,0.1,0.01,6,7,26,8,4,0,0,0,121.1,145,80,77,28,31,1,92,1,0,0,532,0.462,5.71,76,5.49,1.451,10.8,2.1,2.3,6.8,2.97,36,49,676,64,16,0,0,0,14665.21,21025,6400,5929,784,961,1,8464,1,0,0,283024,0.213444,32.6041,5776,30.1401,2.105401,116.64,4.41,5.29,46.24,8.8209
438,"Wade Leblanc","P","2020","BAL","Baltimore Orioles",36,5,2239,800000,800000,1,1,"2020","2020",0,0,0,60,25,35,0,0,-10,0,0,0,274,2026,523,77,294,0.474,0.259,4.04,-0.3,0.09,1,0,6,6,0,0,0,0,22.1,27,20,20,6,8,0,13,1,1,0,103,1,8.06,59,6.73,1.567,10.9,2.4,3.2,5.2,1.63,1,0,36,36,0,0,0,0,488.41,729,400,400,36,64,0,169,1,1,0,10609,1,64.9636,3481,45.2929,2.455489,118.81,5.76,10.24,27.04,2.6569
438,"Wade Leblanc","P","2021","STL","St Louis Cardinals",37,6,2240,674990.669239509,674990.669239509,1,1,"2021","2021",0,0,0,162,90,72,0,1,18,0,0,0,706,5351,1303,198,672,0.521,0.266,3.68,0.3,0.09,0,2,18,9,4,0,0,0,49,56,24,24,8,17,3,29,4,0,2,221,0,4.41,92,5.39,1.49,10.3,1.5,3.1,5.3,1.71,0,4,324,81,16,0,0,0,2401,3136,576,576,64,289,9,841,16,0,4,48841,0,19.4481,8464,29.0521,2.2201,106.09,2.25,9.61,28.09,2.9241
439,"Wade Miley","P","2018","MIL","Milwaukee Brewers",31.8,0,2241,2500000,2500000,1,1,"2018","2018",0,0,0,163,96,67,1,1,29,0,0,1,754,5542,1398,218,659,0.48,0.258,4.17,1.4,1.96,5,2,16,16,0,0,0,0,80.2,71,28,23,3,27,1,50,5,0,1,338,0.714,2.57,159,3.59,1.215,7.9,0.3,3,5.6,1.85,25,4,256,256,0,0,0,0,6432.04,5041,784,529,9,729,1,2500,25,0,1,114244,0.509796,6.6049,25281,12.8881,1.476225,62.41,0.09,9,31.36,3.4225
439,"Wade Miley","P","2019","HOU","Houston Astros",32.8,1,2242,4500000,4500000,1,1,"2019","2019",0,0,0,162,107,55,1,1,52,1,0,0,920,5613,1538,288,640,0.496,0.255,3.81,1.6,2.56,14,6,33,33,0,0,0,0,167.1,164,83,74,23,61,0,140,5,2,4,720,0.7,3.98,116,4.51,1.345,8.8,1.2,3.3,7.5,2.3,196,36,1089,1089,0,0,0,0,27922.41,26896,6889,5476,529,3721,0,19600,25,4,16,518400,0.49,15.8404,13456,20.3401,1.809025,77.44,1.44,10.89,56.25,5.29
439,"Wade Miley","P","2020","CIN","Cincinnati Reds",33.8,2,2243,15000000,7500000,1,2,"2020","2021",0,0,0,60,31,29,0,1,2,0,0,0,243,1842,390,90,243,0.505,0.261,3.75,-0.1,0.01,0,3,6,4,2,0,0,0,14.1,15,10,9,1,9,0,12,2,1,0,67,0,5.65,88,4.73,1.674,9.4,0.6,5.7,7.5,1.33,0,9,36,16,4,0,0,0,198.81,225,100,81,1,81,0,144,4,1,0,4489,0,31.9225,7744,22.3729,2.802276,88.36,0.36,32.49,56.25,1.7689
439,"Wade Miley","P","2021","CIN","Cincinnati Reds",34.8,4,2244,17747344.5023534,8873672.25117671,0,2,"2021","2022",0,0,0,162,83,79,0,0,4,0,0,0,786,5423,1352,222,760,0.505,0.261,3.75,5.3,28.09,12,7,28,28,0,1,1,0,163,166,64,61,17,50,0,125,3,0,2,690,0.632,3.37,139,3.97,1.325,9.2,0.9,2.8,6.9,2.5,144,49,784,784,0,1,1,0,26569,27556,4096,3721,289,2500,0,15625,9,0,4,476100,0.399424,11.3569,19321,15.7609,1.755625,84.64,0.81,7.84,47.61,6.25
439,"Wade Miley","P","2022","CHC","Chicago Cubs",35.8,6,2245,16719072.2612782,8359536.13063909,1,2,"2022","2023",0,0,0,162,74,88,0,0,-14,0,0,1,657,5425,1293,159,731,0.513,0.262,3.69,0.1,0.01,2,2,9,8,0,0,0,0,37,31,20,13,3,14,0,28,2,0,1,159,0.5,3.16,133,3.95,1.216,7.5,0.7,3.4,6.8,2,4,4,81,64,0,0,0,0,1369,961,400,169,9,196,0,784,4,0,1,25281,0.25,9.9856,17689,15.6025,1.478656,56.25,0.49,11.56,46.24,4
439,"Wade Miley","P","2023","MIL","Milwaukee Brewers",36.8,8,2246,4500000,4500000,1,1,"2023","2023",0,0,0,162,92,70,1,1,22,0,0,0,728,5386,1290,165,647,0.486,0.256,4.15,2.6,6.76,9,4,23,23,0,0,0,0,120.1,99,44,42,16,38,0,79,3,0,2,490,0.692,3.14,137,4.69,1.139,7.4,1.2,2.8,5.9,2.08,81,16,529,529,0,0,0,0,14424.01,9801,1936,1764,256,1444,0,6241,9,0,4,240100,0.478864,9.8596,18769,21.9961,1.297321,54.76,1.44,7.84,34.81,4.3264
439,"Wade Miley","P","2024","MIL","Milwaukee Brewers",37.8,9,2247,8500000,8500000,0,1,"2024","2024",0,0,0,162,93,69,1,1,24,0,0,0,777,5472,1359,177,641,0.487,0.256,4.14,-0.1,0.01,0,1,2,2,0,0,0,0,7,6,5,5,1,4,0,2,1,1,0,30,0,6.43,68,6.59,1.429,7.7,1.3,5.1,2.6,0.5,0,1,4,4,0,0,0,0,49,36,25,25,1,16,0,4,1,1,0,900,0,41.3449,4624,43.4281,2.042041,59.29,1.69,26.01,6.76,0.25
439,"Wade Miley","P","2025","CIN","Cincinnati Reds",38.8,10,2248,2500000,2500000,0,1,"2025","2025",0,0,0,162,83,79,0,1,4,0,0,1,716,5448,1333,167,681,0.504,0.26,3.77,-0.1,0.01,1,0,3,2,1,0,0,0,12,15,9,9,3,6,0,7,1,0,0,55,1,6.75,69,6.97,1.75,11.3,2.3,4.5,5.3,1.17,1,0,9,4,1,0,0,0,144,225,81,81,9,36,0,49,1,0,0,3025,1,45.5625,4761,48.5809,3.0625,127.69,5.29,20.25,28.09,1.3689
440,"Wander Suero","P","2024","HOU","Houston Astros",32,0,2249,874123.699382099,874123.699382099,0,1,"2024","2024",0,0,0,161,88,73,1,1,15,0,0,0,740,5530,1448,190,649,0.502,0.255,3.8,0,0,0,1,1,0,1,0,0,0,0,1,1,0,0,0,0,0,0,0,0,1,0,0,0,0,0,0,0,0,0,0,0,1,1,0,1,0,0,0,0,1,1,0,0,0,0,0,0,0,0,1,0,0,0,0,0,0,0,0,0,0
440,"Wander Suero","P","2025","ATL","Atlanta Braves",33,1,2250,760000,760000,1,1,"2025","2025",0,0,0,162,76,86,0,0,-10,0,0,1,724,5508,1349,190,734,0.503,0.26,3.67,-0.3,0.09,0,0,5,0,2,0,0,0,6.1,10,8,8,3,4,0,7,0,1,0,32,0,11.37,39,8.98,2.211,14.2,4.3,5.7,9.9,1.75,0,0,25,0,4,0,0,0,37.21,100,64,64,9,16,0,49,0,1,0,1024,0,129.2769,1521,80.6404,4.888521,201.64,18.49,32.49,98.01,3.0625
441,"Weiyin Chen","P","2016","MIA","Miami Marlins",31.1,4,2251,80000000,16000000,1,5,"2016","2020",0,0,0,161,79,82,0,0,-3,0,0,1,655,5547,1460,128,682,0.469,0.258,4.25,0,0,5,5,22,22,0,0,0,0,123.1,134,69,68,22,24,0,100,3,0,1,520,0.5,4.96,79,4.5,1.281,9.8,1.6,1.8,7.3,4.17,25,25,484,484,0,0,0,0,15153.61,17956,4761,4624,484,576,0,10000,9,0,1,270400,0.25,24.6016,6241,20.25,1.640961,96.04,2.56,3.24,53.29,17.3889
441,"Weiyin Chen","P","2017","MIA","Miami Marlins",32.1,5,2251,80000000,16000000,1,5,"2016","2020",0,0,0,162,77,85,0,0,-8,0,0,2,778,5602,1497,194,822,0.47,0.258,4.27,0.4,0.16,2,1,9,5,1,0,0,0,33,25,14,14,3,9,0,25,1,0,1,132,0.667,3.82,105,3.73,1.03,6.8,0.8,2.5,6.8,2.78,4,1,81,25,1,0,0,0,1089,625,196,196,9,81,0,625,1,0,1,17424,0.444889,14.5924,11025,13.9129,1.0609,46.24,0.64,6.25,46.24,7.7284
441,"Weiyin Chen","P","2018","MIA","Miami Marlins",33.1,6,2251,80000000,16000000,1,5,"2016","2020",0,0,0,161,63,98,0,0,-35,0,0,1,589,5488,1303,128,809,0.467,0.258,4.29,0.2,0.04,6,12,26,26,0,0,0,0,133.1,131,75,71,19,47,6,111,1,1,4,572,0.333,4.79,80,4.43,1.335,8.8,1.3,3.2,7.5,2.36,36,144,676,676,0,0,0,0,17715.61,17161,5625,5041,361,2209,36,12321,1,1,16,327184,0.110889,22.9441,6400,19.6249,1.782225,77.44,1.69,10.24,56.25,5.5696
441,"Weiyin Chen","P","2019","MIA","Miami Marlins",34.1,7,2251,80000000,16000000,1,5,"2016","2020",0,0,0,162,57,105,0,0,-48,0,0,0,615,5512,1326,146,808,0.462,0.257,4.31,-1,1,0,1,45,0,14,0,0,0,68.1,87,54,50,15,18,2,63,5,0,2,307,0,6.59,65,5.23,1.537,11.5,2,2.4,8.3,3.5,0,1,2025,0,196,0,0,0,4637.61,7569,2916,2500,225,324,4,3969,25,0,4,94249,0,43.4281,4225,27.3529,2.362369,132.25,4,5.76,68.89,12.25
442,"Wesley Wright","P","2014","CHC","Chicago Cubs",29.5,0,2256,1425000,1425000,1,1,"2014","2014",0,0,0,158,73,89,0,0,-16,0,0,2,614,5508,1315,157,707,0.511,0.263,3.68,0.8,0.64,0,3,58,0,15,0,0,0,48.1,48,19,17,2,19,2,37,2,0,2,209,0,3.17,120,3.44,1.386,8.9,0.4,3.5,6.9,1.95,0,9,3364,0,225,0,0,0,2313.61,2304,361,289,4,361,4,1369,4,0,4,43681,0,10.0489,14400,11.8336,1.920996,79.21,0.16,12.25,47.61,3.8025
443,"Weston Wilson","NP","2025","PHI","Philadelphia Phillies",30.9,1,2259,764000,764000,0,1,"2025","2025",0,0,0,162,96,66,1,1,30,0,0,2,778,5517,1426,212,648,0.475,0.26,3.98,0.1,0.01,0,0,2,0,2,0,0,0,3,3,0,0,0,0,0,0,0,0,0,12,0,0,0,3.14,1,9,0,0,0,0,0,0,4,0,4,0,0,0,9,9,0,0,0,0,0,0,0,0,0,144,0,0,0,9.8596,1,81,0,0,0,0
444,"Will Smith","P","2020","ATL","Atlanta Braves",31.1,0,2263,40000000,13333333.3333333,1,3,"2020","2022",0,0,0,60,35,25,1,1,10,0,0,1,348,2074,556,103,288,0.501,0.26,3.67,0.2,0.04,2,2,18,0,1,0,0,0,16,11,8,8,7,4,0,18,0,0,0,62,0.5,4.5,106,7.38,0.938,6.2,3.9,2.3,10.1,4.5,4,4,324,0,1,0,0,0,256,121,64,64,49,16,0,324,0,0,0,3844,0.25,20.25,11236,54.4644,0.879844,38.44,15.21,5.29,102.01,20.25
444,"Will Smith","P","2021","ATL","Atlanta Braves",32.1,1,2263,40000000,13333333.3333333,1,3,"2020","2022",0,0,0,161,88,73,1,1,15,1,1,0,790,5363,1307,239,656,0.501,0.26,3.67,1.5,2.25,3,7,71,0,60,0,0,37,68,49,27,26,11,28,2,87,5,0,3,283,0.3,3.44,127,4.17,1.132,6.5,1.5,3.7,11.5,3.11,9,49,5041,0,3600,0,0,1369,4624,2401,729,676,121,784,4,7569,25,0,9,80089,0.09,11.8336,16129,17.3889,1.281424,42.25,2.25,13.69,132.25,9.6721
444,"Will Smith","P","2022","ATL","Atlanta Braves",33.1,2,2263,40000000,13333333.3333333,1,3,"2020","2022",0,0,0,162,101,61,1,1,40,0,0,1,789,5509,1394,243,609,0.502,0.26,3.67,-0.6,0.36,0,3,65,0,18,0,0,5,59,58,35,26,9,25,3,65,2,3,2,261,0,3.97,102,4.26,1.407,8.8,1.4,3.8,9.9,2.6,0,9,4225,0,324,0,0,25,3481,3364,1225,676,81,625,9,4225,4,9,4,68121,0,15.7609,10404,18.1476,1.979649,77.44,1.96,14.44,98.01,6.76
444,"Will Smith","P","2023","TEX","Texas Rangers",34.1,3,2264,1500000,1500000,1,1,"2023","2023",0,0,0,162,90,72,0,1,18,1,1,0,881,5595,1470,233,716,0.476,0.258,4.29,0,0,2,7,60,0,41,0,0,22,57.1,44,31,28,5,17,4,55,0,0,1,226,0.222,4.4,98,3.36,1.064,6.9,0.8,2.7,8.6,3.24,4,49,3600,0,1681,0,0,484,3260.41,1936,961,784,25,289,16,3025,0,0,1,51076,0.049284,19.36,9604,11.2896,1.132096,47.61,0.64,7.29,73.96,10.4976
445,"Willi Castro","NP","2023","MIN","Minnesota Twins",26.3,0,2266,1800000,1800000,1,1,"2023","2023",0,0,0,162,87,75,1,1,12,0,0,0,778,5489,1336,233,659,0.482,0.262,3.99,-0.1,0.01,0,0,3,0,3,0,0,0,2.1,3,3,3,0,2,0,0,0,0,0,11,0,11.57,43,5.83,2.143,11.6,0,7.7,0,0,0,0,9,0,9,0,0,0,4.41,9,9,9,0,4,0,0,0,0,0,121,0,133.8649,1849,33.9889,4.592449,134.56,0,59.29,0,0
445,"Willi Castro","NP","2025","MIN","Minnesota Twins",28.3,1,2267,6400000,6400000,0,1,"2025","2025",0,0,0,162,70,92,0,0,-22,0,0,0,678,5432,1295,191,773,0.481,0.262,4,0,0,0,0,1,0,1,0,0,0,1,1,0,0,0,0,0,0,0,0,0,4,0,0,0,3.14,1,9,0,0,0,0,0,0,1,0,1,0,0,0,1,1,0,0,0,0,0,0,0,0,0,16,0,0,0,9.8596,1,81,0,0,0,0
446,"Willians Astudillo","NP","2018","MIN","Minnesota Twins",26.8,0,2268,694114.573020403,694114.573020403,1,1,"2018","2018",0,0,0,162,78,84,0,0,-6,0,0,1,738,5526,1379,166,775,0.48,0.263,3.99,-0.2,0.04,0,0,1,0,1,0,0,0,1,5,5,5,2,0,0,0,0,0,0,8,0,45,13,29.16,5,45,18,0,0,0,0,0,1,0,1,0,0,0,1,25,25,25,4,0,0,0,0,0,0,64,0,2025,169,850.3056,25,2025,324,0,0,0
446,"Willians Astudillo","NP","2021","MIN","Minnesota Twins",29.8,2,2270,678540.138139979,678540.138139979,0,1,"2021","2021",0,0,0,162,73,89,0,0,-16,0,0,0,729,5431,1311,228,834,0.481,0.263,4,0.1,0.01,0,0,4,0,4,0,0,0,4,1,1,1,1,2,0,0,0,0,0,16,0,2.25,205,7.92,0.75,2.3,2.3,4.5,0,0,0,0,16,0,16,0,0,0,16,1,1,1,1,4,0,0,0,0,0,256,0,5.0625,42025,62.7264,0.5625,5.29,5.29,20.25,0,0
447,"Wilmer Difo","NP","2021","PIT","Pittsburgh Pirates",29.3,3.146,2273,1000000,1000000,1,1,"2021","2021",0,0,0,162,61,101,0,0,-40,0,0,0,609,5336,1261,124,833,0.502,0.264,3.74,-0.3,0.09,0,0,2,0,2,0,0,0,2,9,8,8,1,3,0,1,0,0,0,18,0,36,14,13.17,6,40.5,4.5,13.5,4.5,0.33,0,0,4,0,4,0,0,0,4,81,64,64,1,9,0,1,0,0,0,324,0,1296,196,173.4489,36,1640.25,20.25,182.25,20.25,0.1089
448,"Wily Peralta","P","2021","DET","Detroit Tigers",32.2,5.166,2284,1500000,1500000,1,1,"2021","2021",0,0,0,162,77,85,0,0,-8,0,0,0,697,5376,1299,179,756,0.504,0.265,4,2.1,4.41,4,5,19,18,0,0,0,0,93.2,87,41,32,12,38,0,58,4,0,1,402,0.444,3.07,138,4.94,1.335,8.4,1.2,3.7,5.6,1.53,16,25,361,324,0,0,0,0,8686.24,7569,1681,1024,144,1444,0,3364,16,0,1,161604,0.197136,9.4249,19044,24.4036,1.782225,70.56,1.44,13.69,31.36,2.3409
448,"Wily Peralta","P","2022","DET","Detroit Tigers",33.2,6.105,2285,2500000,2500000,0,1,"2022","2022",0,0,0,162,66,96,0,0,-30,0,0,0,557,5378,1240,110,713,0.503,0.265,4,0.7,0.49,2,0,28,1,6,0,0,0,38.1,34,12,11,2,24,0,32,1,0,1,168,1,2.58,152,4.08,1.513,8,0.5,5.6,7.5,1.33,4,0,784,1,36,0,0,0,1451.61,1156,144,121,4,576,0,1024,1,0,1,28224,1,6.6564,23104,16.6464,2.289169,64,0.25,31.36,56.25,1.7689
449,"Yency Almonte","P","2022","LAD","Los Angeles Dodgers",28.2,0,2296,780223.372192982,780223.372192982,0,1,"2022","2022",0,0,0,162,111,51,1,1,60,0,0,2,847,5526,1418,212,513,0.531,0.261,3.52,1.4,1.96,0,0,33,0,3,0,0,1,35.1,18,4,4,2,10,1,33,4,0,0,135,0,1.02,398,3.17,0.792,4.6,0.5,2.5,8.4,3.3,0,0,1089,0,9,0,0,1,1232.01,324,16,16,4,100,1,1089,16,0,0,18225,0,1.0404,158404,10.0489,0.627264,21.16,0.25,6.25,70.56,10.89
449,"Yency Almonte","P","2024","CHC","Chicago Cubs",30.2,1,2297,1953923.56332469,1953923.56332469,1,1,"2024","2024",0,0,0,162,83,79,0,0,4,0,0,0,736,5441,1318,170,669,0.513,0.262,3.7,0.1,0.01,1,0,17,0,2,0,0,1,15.2,9,7,6,1,8,1,20,2,0,1,67,1,3.45,118,3.36,1.085,5.2,0.6,4.6,11.5,2.5,1,0,289,0,4,0,0,1,231.04,81,49,36,1,64,1,400,4,0,1,4489,1,11.9025,13924,11.2896,1.177225,27.04,0.36,21.16,132.25,6.25
450,"Yimi Garcia","P","2020","MIA","Miami Marlins",30,0,2298,1100000,1100000,1,1,"2020","2020",0,0,0,60,31,29,0,1,2,0,0,0,263,1935,472,60,304,0.463,0.257,4.31,0.9,0.81,3,0,14,0,4,0,0,1,15,9,1,1,0,5,0,19,0,1,0,60,1,0.6,771,1.66,0.933,5.4,0,3,11.4,3.8,9,0,196,0,16,0,0,1,225,81,1,1,0,25,0,361,0,1,0,3600,1,0.36,594441,2.7556,0.870489,29.16,0,9,129.96,14.44
450,"Yimi Garcia","P","2022","TOR","Toronto Blue Jays",32,1,2299,11000000,5500000,1,2,"2022","2023",0,0,0,162,92,70,0,1,22,0,0,1,775,5555,1464,200,679,0.498,0.261,4.23,0.6,0.36,4,5,61,0,9,0,0,1,61,48,26,21,6,16,3,58,4,1,1,247,0.444,3.1,125,3.47,1.049,7.1,0.9,2.4,8.6,3.63,16,25,3721,0,81,0,0,1,3721,2304,676,441,36,256,9,3364,16,1,1,61009,0.197136,9.61,15625,12.0409,1.100401,50.41,0.81,5.76,73.96,13.1769
450,"Yimi Garcia","P","2023","TOR","Toronto Blue Jays",33,3,2300,11701097.0195959,5850548.50979795,0,2,"2023","2024",0,0,0,162,89,73,0,1,16,0,0,1,746,5562,1423,188,671,0.499,0.261,4.22,0,0,3,4,73,0,16,0,0,3,66,67,35,30,8,15,1,79,6,0,0,282,0.429,4.09,105,3.39,1.242,9.1,1.1,2,10.8,5.27,9,16,5329,0,256,0,0,9,4356,4489,1225,900,64,225,1,6241,36,0,0,79524,0.184041,16.7281,11025,11.4921,1.542564,82.81,1.21,4,116.64,27.7729
450,"Yimi Garcia","P","2024","TOR","Toronto Blue Jays",34,4,2300,11701097.0195959,5850548.50979795,0,2,"2023","2024",0,0,0,162,74,88,0,0,-14,0,0,0,671,5410,1306,156,743,0.498,0.26,4.22,0.5,0.25,3,0,39,0,8,0,0,5,39,23,15,15,6,12,3,49,2,0,1,153,1,3.46,118,3.73,0.897,5.3,1.4,2.8,11.3,4.08,9,0,1521,0,64,0,0,25,1521,529,225,225,36,144,9,2401,4,0,1,23409,1,11.9716,13924,13.9129,0.804609,28.09,1.96,7.84,127.69,16.6464
450,"Yimi Garcia","P","2025","TOR","Toronto Blue Jays",35,5,2301,15000000,7500000,1,2,"2025","2026",0,0,0,162,94,68,1,1,26,1,0,1,798,5507,1461,191,721,0.5,0.26,4.22,0.1,0.01,1,2,22,0,4,0,0,3,21,13,10,9,2,12,1,25,1,0,2,90,0.333,3.86,113,3.85,1.19,5.6,0.9,5.1,10.7,2.08,1,4,484,0,16,0,0,9,441,169,100,81,4,144,1,625,1,0,4,8100,0.110889,14.8996,12769,14.8225,1.4161,31.36,0.81,26.01,114.49,4.3264
451,"Yovani Gallardo","P","2016","BAL","Baltimore Orioles",30.4,8.108,2307,22000000,11000000,1,2,"2016","2017",0,0,0,162,89,73,0,1,16,0,0,0,744,5524,1413,253,715,0.477,0.259,4,-0.1,0.01,6,8,23,23,0,0,0,0,118,126,74,71,16,61,2,85,1,0,6,526,0.429,5.42,79,5.04,1.585,9.6,1.2,4.7,6.5,1.39,36,64,529,529,0,0,0,0,13924,15876,5476,5041,256,3721,4,7225,1,0,36,276676,0.184041,29.3764,6241,25.4016,2.512225,92.16,1.44,22.09,42.25,1.9321
452,"Yusei Kikuchi","P","2022","TOR","Toronto Blue Jays",31.2,0,2311,36000000,12000000,1,3,"2022","2024",0,0,0,162,92,70,0,1,22,0,0,1,775,5555,1464,200,679,0.498,0.261,4.23,-1.1,1.21,6,7,32,20,4,0,0,1,100.2,93,67,58,23,58,0,124,9,0,3,454,0.462,5.19,74,5.62,1.5,8.3,2.1,5.2,11.1,2.14,36,49,1024,400,16,0,0,1,10040.04,8649,4489,3364,529,3364,0,15376,81,0,9,206116,0.213444,26.9361,5476,31.5844,2.25,68.89,4.41,27.04,123.21,4.5796
452,"Yusei Kikuchi","P","2023","TOR","Toronto Blue Jays",32.2,1,2311,36000000,12000000,1,3,"2022","2024",0,0,0,162,89,73,0,1,16,0,0,1,746,5562,1423,188,671,0.499,0.261,4.22,1.8,3.24,11,6,32,32,0,0,0,0,167.2,165,78,72,27,48,0,181,4,0,7,700,0.647,3.86,111,4.12,1.27,8.9,1.4,2.6,9.7,3.77,121,36,1024,1024,0,0,0,0,27955.84,27225,6084,5184,729,2304,0,32761,16,0,49,490000,0.418609,14.8996,12321,16.9744,1.6129,79.21,1.96,6.76,94.09,14.2129
452,"Yusei Kikuchi","P","2024","TOR","Toronto Blue Jays",33.2,2,2311,36000000,12000000,1,3,"2022","2024",2,0,1,162,74,88,0,0,-14,0,0,0,671,5410,1306,156,743,0.498,0.26,4.22,1.6,2.56,9,10,32,32,0,0,0,0,175.2,167,85,79,25,44,0,206,2,0,4,736,0.474,4.05,101,3.46,1.201,8.6,1.3,2.3,10.6,4.68,81,100,1024,1024,0,0,0,0,30695.04,27889,7225,6241,625,1936,0,42436,4,0,16,541696,0.224676,16.4025,10201,11.9716,1.442401,73.96,1.69,5.29,112.36,21.9024
452,"Yusei Kikuchi","P","2025","LAA","Los Angeles Angels",34.2,3,2312,63675000,21225000,1,3,"2025","2027",1,0,0,162,72,90,0,0,-18,0,0,1,673,5374,1209,226,837,0.495,0.256,4.02,3.2,10.24,7,11,33,33,0,0,0,0,178.1,180,87,79,24,74,3,174,3,0,8,772,0.389,3.99,105,4.23,1.424,9.1,1.2,3.7,8.8,2.35,49,121,1089,1089,0,0,0,0,31719.61,32400,7569,6241,576,5476,9,30276,9,0,64,595984,0.151321,15.9201,11025,17.8929,2.027776,82.81,1.44,13.69,77.44,5.5225
453,"Yusmeiro Petit","P","2017","LAA","Los Angeles Angels",32.8,1,2314,2250000,2250000,1,1,"2017","2017",0,0,0,162,80,82,0,0,-2,0,0,0,710,5415,1314,186,709,0.501,0.258,3.95,1.6,2.56,5,2,60,1,10,0,0,4,91.1,69,32,28,9,18,4,101,1,0,0,354,0.714,2.76,154,2.85,0.953,6.8,0.9,1.8,10,5.61,25,4,3600,1,100,0,0,16,8299.21,4761,1024,784,81,324,16,10201,1,0,0,125316,0.509796,7.6176,23716,8.1225,0.908209,46.24,0.81,3.24,100,31.4721
453,"Yusmeiro Petit","P","2018","OAK","Oakland Athletics",33.8,2,2315,10000000,5000000,1,2,"2018","2019",0,0,0,162,97,65,0,1,32,0,0,0,813,5579,1407,227,674,0.488,0.259,3.98,1.8,3.24,7,3,74,0,12,0,0,0,93,76,32,31,13,18,4,76,0,0,1,368,0.7,3,139,3.92,1.011,7.4,1.3,1.7,7.4,4.22,49,9,5476,0,144,0,0,0,8649,5776,1024,961,169,324,16,5776,0,0,1,135424,0.49,9,19321,15.3664,1.022121,54.76,1.69,2.89,54.76,17.8084
453,"Yusmeiro Petit","P","2019","OAK","Oakland Athletics",34.8,4,2316,12462852.9962654,6231426.49813268,0,2,"2019","2020",0,0,0,162,97,65,0,1,32,0,0,1,845,5561,1384,257,680,0.489,0.259,3.98,2.5,6.25,5,3,80,0,6,0,0,0,83,57,25,25,11,10,0,71,0,0,2,308,0.625,2.71,159,3.59,0.807,6.2,1.2,1.1,7.7,7.1,25,9,6400,0,36,0,0,0,6889,3249,625,625,121,100,0,5041,0,0,4,94864,0.390625,7.3441,25281,12.8881,0.651249,38.44,1.44,1.21,59.29,50.41
453,"Yusmeiro Petit","P","2020","OAK","Oakland Athletics",35.8,6,2317,12254186.6989424,6127093.34947122,0,2,"2020","2021",0,0,0,60,36,24,1,1,12,0,0,0,274,1908,430,71,232,0.489,0.258,3.98,0.8,0.64,2,1,26,0,6,0,0,0,21.2,19,4,4,3,5,0,17,0,0,0,88,0.667,1.66,255,4.11,1.108,7.9,1.2,2.1,7.1,3.4,4,1,676,0,36,0,0,0,449.44,361,16,16,9,25,0,289,0,0,0,7744,0.444889,2.7556,65025,16.8921,1.227664,62.41,1.44,4.41,50.41,11.56
453,"Yusmeiro Petit","P","2021","OAK","Oakland Athletics",36.8,8,2318,2550000,2550000,0,1,"2021","2021",0,0,0,162,86,76,0,0,10,0,0,0,743,5395,1284,199,687,0.489,0.258,3.98,0.9,0.81,8,3,78,0,10,0,0,2,78,69,35,34,12,12,1,37,1,0,1,313,0.727,3.92,105,4.72,1.038,8,1.4,1.4,4.3,3.08,64,9,6084,0,100,0,0,4,6084,4761,1225,1156,144,144,1,1369,1,0,1,97969,0.528529,15.3664,11025,22.2784,1.077444,64,1.96,1.96,18.49,9.4864
454,"Zach Davies","P","2022","ARI","Arizona Diamondbacks",29.5,6.02,2319,4500000,4500000,1,1,"2022","2022",0,0,0,162,74,88,0,0,-14,0,0,0,702,5351,1232,173,740,0.485,0.255,4.26,0.9,0.81,2,5,27,27,0,0,0,0,134.1,122,66,61,21,52,0,102,2,0,1,570,0.286,4.09,98,4.83,1.295,8.2,1.4,3.5,6.8,1.96,4,25,729,729,0,0,0,0,17982.81,14884,4356,3721,441,2704,0,10404,4,0,1,324900,0.081796,16.7281,9604,23.3289,1.677025,67.24,1.96,12.25,46.24,3.8416
454,"Zach Davies","P","2023","ARI","Arizona Diamondbacks",30.5,7.02,2320,5000000,5000000,0,1,"2023","2023",0,0,0,162,84,78,0,1,6,1,0,0,746,5436,1359,166,761,0.486,0.254,4.27,-1.4,1.96,2,5,18,18,0,0,0,0,82.1,98,67,64,10,39,0,72,2,0,0,377,0.286,7,63,4.58,1.664,10.7,1.1,4.3,7.9,1.85,4,25,324,324,0,0,0,0,6740.41,9604,4489,4096,100,1521,0,5184,4,0,0,142129,0.081796,49,3969,20.9764,2.768896,114.49,1.21,18.49,62.41,3.4225
455,"Zach Duke","NE","2013","CIN","Cincinnati Reds",30.2,1,2322,687482.955954937,687482.955954937,1,1,"2013","2013",0,0,0,162,90,72,0,1,18,0,0,0,707,5499,1370,155,598,0.509,0.262,3.71,-0.4,0.16,1,2,26,1,3,0,0,0,31.1,39,23,21,3,10,3,18,1,0,2,142,0.333,6.03,64,4.2,1.564,11.2,0.9,2.9,5.2,1.8,1,4,676,1,9,0,0,0,967.21,1521,529,441,9,100,9,324,1,0,4,20164,0.110889,36.3609,4096,17.64,2.446096,125.44,0.81,8.41,27.04,3.24
455,"Zach Duke","NE","2014","MIL","Milwaukee Brewers",31.2,2,2323,850000,850000,1,1,"2014","2014",0,0,0,162,82,80,0,0,2,0,0,0,650,5462,1366,150,657,0.478,0.259,4.19,1.2,1.44,5,1,74,0,13,0,0,0,58.2,49,19,16,3,17,1,74,0,0,3,238,0.833,2.45,155,2.14,1.125,7.5,0.5,2.6,11.4,4.35,25,1,5476,0,169,0,0,0,3387.24,2401,361,256,9,289,1,5476,0,0,9,56644,0.693889,6.0025,24025,4.5796,1.265625,56.25,0.25,6.76,129.96,18.9225
455,"Zach Duke","NE","2015","CHW","Chicago White Sox",32.2,3,2324,15000000,5000000,1,3,"2015","2017",0,0,0,162,76,86,0,0,-10,0,0,0,622,5533,1381,136,701,0.504,0.261,3.75,0.6,0.36,3,6,71,0,14,0,0,1,60.2,47,26,23,9,32,4,66,3,0,0,255,0.333,3.41,115,4.62,1.302,7,1.3,4.7,9.8,2.06,9,36,5041,0,196,0,0,1,3624.04,2209,676,529,81,1024,16,4356,9,0,0,65025,0.110889,11.6281,13225,21.3444,1.695204,49,1.69,22.09,96.04,4.2436
455,"Zach Duke","NE","2016","CHW","Chicago White Sox",33.2,4,2324,15000000,5000000,1,3,"2015","2017",0,0,0,162,78,84,0,0,-6,0,0,1,686,5550,1428,168,715,0.504,0.261,3.75,2.1,4.41,2,1,81,0,13,0,0,2,61,48,16,16,2,29,3,68,4,0,4,258,0.667,2.36,173,2.97,1.262,7.1,0.3,4.3,10,2.34,4,1,6561,0,169,0,0,4,3721,2304,256,256,4,841,9,4624,16,0,16,66564,0.444889,5.5696,29929,8.8209,1.592644,50.41,0.09,18.49,100,5.4756
455,"Zach Duke","P","2017","STL","St Louis Cardinals",34.2,9,2326,19512866.3713621,6504288.79045402,0,3,"2017","2019",0,0,0,162,82,79,0,0,3,0,0,0,761,5470,1402,196,705,0.52,0.267,3.67,0.2,0.04,1,1,27,0,1,0,0,0,18.1,13,8,8,3,6,2,12,2,0,2,74,0.5,3.93,109,5.29,1.036,6.4,1.5,2.9,5.9,2,1,1,729,0,1,0,0,0,327.61,169,64,64,9,36,4,144,4,0,4,5476,0.25,15.4449,11881,27.9841,1.073296,40.96,2.25,8.41,34.81,4
455,"Zach Duke","NE","2019","CIN","Cincinnati Reds",36.2,13,2328,2000000,2000000,1,1,"2019","2019",0,0,0,162,75,87,0,0,-12,0,0,1,701,5450,1328,227,711,0.505,0.261,3.75,0.1,0.01,3,1,30,0,4,0,0,0,23.1,21,13,13,4,18,1,18,2,0,0,106,0.75,5.01,94,6.47,1.671,8.1,1.5,6.9,6.9,1,9,1,900,0,16,0,0,0,533.61,441,169,169,16,324,1,324,4,0,0,11236,0.5625,25.1001,8836,41.8609,2.792241,65.61,2.25,47.61,47.61,1
456,"Zach Putnam","P","2014","CHW","Chicago White Sox",27.1,0,2329,500000,500000,1,1,"2014","2014",0,0,0,162,73,89,0,0,-16,0,0,1,660,5543,1400,155,758,0.505,0.261,3.75,1.8,3.24,5,3,49,0,13,0,0,6,54.2,39,14,12,2,20,1,46,1,0,5,213,0.625,1.98,191,3.08,1.079,6.4,0.3,3.3,7.6,2.3,25,9,2401,0,169,0,0,36,2937.64,1521,196,144,4,400,1,2116,1,0,25,45369,0.390625,3.9204,36481,9.4864,1.164241,40.96,0.09,10.89,57.76,5.29
456,"Zach Putnam","P","2016","CHW","Chicago White Sox",29.1,1,2330,1291730.68068917,1291730.68068917,0,1,"2016","2016",0,0,0,162,78,84,0,0,-6,0,0,1,686,5550,1428,168,715,0.504,0.261,3.75,0.7,0.49,1,0,25,0,6,0,0,0,27.1,25,7,7,2,11,1,30,0,0,2,114,1,2.3,178,3.11,1.317,8.2,0.7,3.6,9.9,2.73,1,0,625,0,36,0,0,0,734.41,625,49,49,4,121,1,900,0,0,4,12996,1,5.29,31684,9.6721,1.734489,67.24,0.49,12.96,98.01,7.4529
456,"Zach Putnam","P","2017","CHW","Chicago White Sox",30.1,2,2331,1528507.86575669,1528507.86575669,0,1,"2017","2017",0,0,0,162,67,95,0,0,-28,0,0,1,706,5513,1412,186,820,0.503,0.26,3.76,0.5,0.25,0,0,7,0,0,0,0,0,8.2,2,1,1,0,1,0,9,0,0,2,28,0,1.04,430,1.43,0.346,2.1,0,1,9.3,9,0,0,49,0,0,0,0,0,67.24,4,1,1,0,1,0,81,0,0,4,784,0,1.0816,184900,2.0449,0.119716,4.41,0,1,86.49,81
457,"Zack Greinke","P","2013","LAD","Los Angeles Dodgers",29.8,0,2332,147000000,24500000,1,6,"2013","2018",2,0,1,162,92,70,1,1,22,0,0,0,654,5491,1446,138,586,0.524,0.262,3.54,4.3,18.49,15,4,28,28,0,1,1,0,177.2,152,54,52,13,46,1,148,7,0,5,717,0.789,2.63,135,3.23,1.114,7.7,0.7,2.3,7.5,3.22,225,16,784,784,0,1,1,0,31399.84,23104,2916,2704,169,2116,1,21904,49,0,25,514089,0.622521,6.9169,18225,10.4329,1.240996,59.29,0.49,5.29,56.25,10.3684
457,"Zack Greinke","P","2014","LAD","Los Angeles Dodgers",30.8,1,2332,147000000,24500000,1,6,"2013","2018",2,0,1,160,94,68,1,1,26,0,0,1,718,5560,1476,134,617,0.525,0.262,3.53,4.5,20.25,17,8,32,32,0,0,0,0,202.1,190,69,61,19,43,3,207,2,0,12,821,0.68,2.71,129,2.97,1.152,8.5,0.8,1.9,9.2,4.81,289,64,1024,1024,0,0,0,0,40844.41,36100,4761,3721,361,1849,9,42849,4,0,144,674041,0.4624,7.3441,16641,8.8209,1.327104,72.25,0.64,3.61,84.64,23.1361
457,"Zack Greinke","P","2015","LAD","Los Angeles Dodgers",31.8,2,2332,147000000,24500000,1,6,"2013","2018",3,1,1,162,92,70,1,1,22,0,0,1,667,5385,1346,187,595,0.525,0.262,3.53,8.9,79.21,19,3,32,32,0,1,0,0,222.2,148,43,41,14,40,1,200,5,0,7,843,0.864,1.66,222,2.76,0.844,6,0.6,1.6,8.1,5,361,9,1024,1024,0,1,0,0,49372.84,21904,1849,1681,196,1600,1,40000,25,0,49,710649,0.746496,2.7556,49284,7.6176,0.712336,36,0.36,2.56,65.61,25
457,"Zack Greinke","P","2016","ARI","Arizona Diamondbacks",32.8,6,2333,206500000,34416666.6666667,1,6,"2016","2021",1,0,0,162,69,93,0,0,-24,0,0,0,752,5665,1479,190,890,0.488,0.258,4.27,2.5,6.25,13,7,26,26,0,1,1,0,158.2,161,80,77,23,41,3,134,0,0,1,667,0.65,4.37,102,4.12,1.273,9.1,1.3,2.3,7.6,3.27,169,49,676,676,0,1,1,0,25027.24,25921,6400,5929,529,1681,9,17956,0,0,1,444889,0.4225,19.0969,10404,16.9744,1.620529,82.81,1.69,5.29,57.76,10.6929
457,"Zack Greinke","P","2017","ARI","Arizona Diamondbacks",33.8,7,2333,206500000,34416666.6666667,1,6,"2016","2021",3,1,1,162,93,69,0,1,24,0,0,0,812,5525,1405,220,659,0.493,0.258,4.23,5.8,33.64,17,7,32,32,0,1,0,0,202.1,172,80,72,25,45,0,215,0,0,12,801,0.708,3.2,147,3.31,1.072,7.7,1.1,2,9.6,4.78,289,49,1024,1024,0,1,0,0,40844.41,29584,6400,5184,625,2025,0,46225,0,0,144,641601,0.501264,10.24,21609,10.9561,1.149184,59.29,1.21,4,92.16,22.8484
457,"Zack Greinke","P","2018","ARI","Arizona Diamondbacks",34.8,8,2333,206500000,34416666.6666667,1,6,"2016","2021",1,0,0,162,82,80,0,0,2,0,0,0,693,5460,1283,176,644,0.493,0.257,4.21,4,16,15,11,33,33,0,0,0,0,207.2,181,77,74,28,43,3,199,6,0,4,839,0.577,3.21,131,3.7,1.079,7.8,1.2,1.9,8.6,4.63,225,121,1089,1089,0,0,0,0,42931.84,32761,5929,5476,784,1849,9,39601,36,0,16,703921,0.332929,10.3041,17161,13.69,1.164241,60.84,1.44,3.61,73.96,21.4369
457,"Zack Greinke","P","2019","ARI","Arizona Diamondbacks",35.8,9,2333,206500000,34416666.6666667,1,6,"2016","2021",1,0,0,162,85,77,0,0,8,0,0,0,813,5633,1419,220,743,0.495,0.257,4.21,5.4,29.16,18,5,33,33,0,0,0,0,208.2,175,73,68,21,30,2,187,4,1,2,810,0.783,2.93,154,3.22,0.982,7.5,0.9,1.3,8.1,6.23,324,25,1089,1089,0,0,0,0,43347.24,30625,5329,4624,441,900,4,34969,16,1,4,656100,0.613089,8.5849,23716,10.3684,0.964324,56.25,0.81,1.69,65.61,38.8129
457,"Zack Greinke","P","2020","HOU","Houston Astros",36.8,12,2334,253048955.333162,42174825.8888602,1,6,"2020","2025",0,0,0,60,29,31,0,1,-2,0,0,0,279,1992,478,69,275,0.496,0.255,3.81,1.1,1.21,3,3,12,12,0,0,0,0,67,67,30,30,6,9,0,67,1,0,3,273,0.5,4.03,110,2.8,1.134,9,0.8,1.2,9,7.44,9,9,144,144,0,0,0,0,4489,4489,900,900,36,81,0,4489,1,0,9,74529,0.25,16.2409,12100,7.84,1.285956,81,0.64,1.44,81,55.3536
457,"Zack Greinke","P","2021","HOU","Houston Astros",37.8,18,2335,244321775.982399,40720295.9970665,0,6,"2021","2026",0,0,0,162,95,67,1,1,28,1,0,0,863,5593,1496,221,658,0.498,0.255,3.81,1.1,1.21,11,6,30,29,0,1,0,0,171,164,82,79,30,36,0,120,2,0,3,697,0.647,4.16,103,4.71,1.17,8.6,1.6,1.9,6.3,3.33,121,36,900,841,0,1,0,0,29241,26896,6724,6241,900,1296,0,14400,4,0,9,485809,0.418609,17.3056,10609,22.1841,1.3689,73.96,2.56,3.61,39.69,11.0889
458,"Zack Wheeler","P","2020","PHI","Philadelphia Phillies",30.2,0,2342,118000000,23600000,1,5,"2020","2024",2,0,1,60,28,32,0,0,-4,0,0,0,306,1948,501,82,311,0.472,0.261,3.98,2.8,7.84,4,2,11,11,0,0,0,0,71,67,26,23,3,16,2,53,7,0,0,288,0.667,2.92,154,3.22,1.169,8.5,0.4,2,6.7,3.31,16,4,121,121,0,0,0,0,5041,4489,676,529,9,256,4,2809,49,0,0,82944,0.444889,8.5264,23716,10.3684,1.366561,72.25,0.16,4,44.89,10.9561
458,"Zack Wheeler","P","2021","PHI","Philadelphia Phillies",31.2,1,2342,118000000,23600000,1,5,"2020","2024",3,1,1,162,82,80,0,0,2,0,0,0,734,5366,1288,198,745,0.472,0.261,3.99,7.5,56.25,14,10,32,32,0,3,2,0,213.1,169,72,66,16,46,1,247,8,0,6,849,0.583,2.78,150,2.59,1.008,7.1,0.7,1.9,10.4,5.37,196,100,1024,1024,0,9,4,0,45411.61,28561,5184,4356,256,2116,1,61009,64,0,36,720801,0.339889,7.7284,22500,6.7081,1.016064,50.41,0.49,3.61,108.16,28.8369
458,"Zack Wheeler","P","2022","PHI","Philadelphia Phillies",32.2,2,2342,118000000,23600000,1,5,"2020","2024",0,0,0,162,87,75,0,1,12,1,0,1,747,5496,1392,205,685,0.473,0.26,3.99,4.8,23.04,12,7,26,26,0,0,0,0,153,125,52,48,13,34,1,163,7,1,1,607,0.632,2.82,141,2.89,1.039,7.4,0.8,2,9.6,4.79,144,49,676,676,0,0,0,0,23409,15625,2704,2304,169,1156,1,26569,49,1,1,368449,0.399424,7.9524,19881,8.3521,1.079521,54.76,0.64,4,92.16,22.9441
458,"Zack Wheeler","P","2023","PHI","Philadelphia Phillies",33.2,3,2342,118000000,23600000,1,5,"2020","2024",2,0,1,162,90,72,0,1,18,0,0,1,796,5541,1417,220,715,0.473,0.26,3.99,4.2,17.64,13,6,32,32,0,0,0,0,192,168,82,77,20,39,0,212,9,0,1,787,0.684,3.61,119,3.15,1.078,7.9,0.9,1.8,9.9,5.44,169,36,1024,1024,0,0,0,0,36864,28224,6724,5929,400,1521,0,44944,81,0,1,619369,0.467856,13.0321,14161,9.9225,1.162084,62.41,0.81,3.24,98.01,29.5936
458,"Zack Wheeler","P","2024","PHI","Philadelphia Phillies",34.2,4,2342,118000000,23600000,1,5,"2020","2024",3,1,1,162,95,67,1,1,28,0,0,0,784,5534,1423,198,671,0.474,0.26,3.99,6.5,42.25,16,7,32,32,0,0,0,0,200,139,62,57,20,52,0,224,8,0,8,787,0.696,2.57,163,3.13,0.955,6.3,0.9,2.3,10.1,4.31,256,49,1024,1024,0,0,0,0,40000,19321,3844,3249,400,2704,0,50176,64,0,64,619369,0.484416,6.6049,26569,9.7969,0.912025,39.69,0.81,5.29,102.01,18.5761
458,"Zack Wheeler","P","2025","PHI","Philadelphia Phillies",35.2,5,2343,126000000,42000000,0,3,"2025","2027",2,0,1,162,96,66,1,1,30,0,0,2,778,5517,1426,212,648,0.475,0.26,3.98,5,25,10,5,24,24,0,1,0,0,149.2,107,48,45,19,33,0,195,8,0,2,585,0.667,2.71,164,3,0.935,6.4,1.1,2,11.7,5.91,100,25,576,576,0,1,0,0,22260.64,11449,2304,2025,361,1089,0,38025,64,0,4,342225,0.444889,7.3441,26896,9,0.874225,40.96,1.21,4,136.89,34.9281
