"player","position","Yt_contract_total","Yt_contract_annual","team","team_whole_name","initial_contract_year","reference_end_contract_year","mean_age","mean_years_experience","dummy_team_change","years_contract","last_age","last_years_experience","total_awards","total_MVP_price","total_CYA_price","last_MVP_price","last_CYA_price","last_team_g","last_team_w","last_team_l","last_team_divs","last_team_playoffs","last_team_games_over_500","last_team_pnnts","last_team_ws","last_team_hof","last_team_r","last_team_ab","last_team_h","last_team_hr","last_team_ra","last_team_w_l_percent","last_team_ba","last_team_era","last_id_player","last_g","last_gf","last_cg","last_sho","last_hr","last_ibb","last_hbp","last_bk","last_wp","last_bf","last_w_l","last_era_plus","last_fip","last_h9","last_hr9","last_bb9","last_so9","last_so_bb","last_g_to_2","last_gf_to_2","last_cg_to_2","last_sho_to_2","last_hr_to_2","last_ibb_to_2","last_hbp_to_2","last_bk_to_2","last_wp_to_2","last_bf_to_2","last_w_l_to_2","last_era_plus_to_2","last_fip_to_2","last_h9_to_2","last_hr9_to_2","last_bb9_to_2","last_so9_to_2","last_so_bb_to_2","Yh_war","Yl_war","Yh_war_to_2","Yl_war_to_2","Yh_w","Yl_w","Yh_l","Yl_l","Yh_gs","Yl_gs","Yh_sv","Yl_sv","Yh_ip","Yl_ip","Yh_h","Yl_h","Yh_r","Yl_r","Yh_er","Yl_er","Yh_bb","Yl_bb","Yh_so","Yl_so","Yh_era","Yl_era","Yh_whip","Yl_whip","Yh_w_to_2","Yl_w_to_2","Yh_l_to_2","Yl_l_to_2","Yh_gs_to_2","Yl_gs_to_2","Yh_sv_to_2","Yl_sv_to_2","Yh_ip_to_2","Yl_ip_to_2","Yh_h_to_2","Yl_h_to_2","Yh_r_to_2","Yl_r_to_2","Yh_er_to_2","Yl_er_to_2","Yh_bb_to_2","Yl_bb_to_2","Yh_so_to_2","Yl_so_to_2","Yh_era_to_2","Yl_era_to_2","Yh_whip_to_2","Yl_whip_to_2","It_last_war","It_last_war_to_2","It_last_w","It_last_l","It_last_gs","It_last_sv","It_last_ip","It_last_h","It_last_r","It_last_er","It_last_bb","It_last_so","It_last_era","It_last_whip","It_last_w_to_2","It_last_l_to_2","It_last_gs_to_2","It_last_sv_to_2","It_last_ip_to_2","It_last_h_to_2","It_last_r_to_2","It_last_er_to_2","It_last_bb_to_2","It_last_so_to_2","It_last_era_to_2","It_last_whip_to_2","Xt_last_war","Xt_last_war_to_2","Xt_last_w","Xt_last_l","Xt_last_gs","Xt_last_sv","Xt_last_ip","Xt_last_h","Xt_last_r","Xt_last_er","Xt_last_bb","Xt_last_so","Xt_last_era","Xt_last_whip","Xt_last_w_to_2","Xt_last_l_to_2","Xt_last_gs_to_2","Xt_last_sv_to_2","Xt_last_ip_to_2","Xt_last_h_to_2","Xt_last_r_to_2","Xt_last_er_to_2","Xt_last_bb_to_2","Xt_last_so_to_2","Xt_last_era_to_2","Xt_last_whip_to_2"
"Aaron Loup","P",0.559808414820162,0.567101310527778,"LAA","Los Angeles Angels",2022,2023,34.7,1,1,2,34.7,1,0,0,0,0,0,162,73,89,0,0,-16,0,0,0,623,5423,1265,190,668,0.498,0.257,3.98,5,65,7,0,0,4,3,8,0,0,260,0,105,3.76,8.3,0.6,3.4,8,2.36,4225,49,0,0,16,9,64,0,0,67600,0,11025,14.1376,68.89,0.36,11.56,64,5.5696,6.93,-1.88,6.93,-1.88,20,0,15,0,153,0,41,0,238.3,0.3,211,0,109,0,102,0,91,0,219,0,37.8,0,9,0,20,0,15,0,153,0,41,0,238.3,0.3,211,0,109,0,102,0,91,0,219,0,37.8,0,9,0,1,1,1,1,1,1,1,1,1,1,1,1,1,1,1,0,1,1,0,0,0,0,0,0,1,1,0.341881729378914,-0.307693556441022,0,-1.29099444873581,0,-0.156173761888606,-3.7701702616633,-3.71751331043618,-3.63973988384038,-2.47536885744169,-2.30622664078822,-3.51383436767733,-0.624576046687061,-0.431666666666667,0,6.45497224367903,0,-0.156173761888606,219.423909228804,200.745718763554,138.310115585934,61.8842214360421,50.7369860973408,182.719387119221,-2.39837201927832,-0.559008333333333
"Aaron Loup","P",0.719030687482594,0.743149195620674,"NYM","New York Mets",2021,2021,33.7,0,1,1,33.7,0,0,0,0,0,0,162,77,85,0,0,-8,0,0,0,636,5210,1243,176,668,0.48,0.25,3.8,5,65,6,0,0,1,0,4,0,0,218,1,422,2.45,5.9,0.2,2.5,9.1,3.56,4225,36,0,0,1,0,16,0,0,47524,1,178084,6.0025,34.81,0.04,6.25,82.81,12.6736,9.47,-1.32,9.47,-1.32,20,0,13,0,87,0,51,0,233.7,0.3,220,0,111,0,102,0,79,0,269,0,54,0,7,0,20,0,13,0,87,0,51,0,233.7,0.3,220,0,111,0,102,0,79,0,269,0,54,0,7,0,1,0,1,1,1,1,1,1,1,1,1,1,1,1,0,1,1,1,0,0,0,1,0,0,1,1,-0.909877743391796,2.54765768149703,-1.34164078649987,0,-0.214422506967559,0,-3.67626626832885,-2.494539491114,-0.854242196177249,-0.594088525786005,-1.80014064148164,-3.47535133684325,-0.129278625313557,-0.353396782263627,8.04984471899924,0,-0.428845013935118,0,206.606164280082,92.2979611712178,7.68817976559524,-3.56453115471603,28.8022502637062,198.095026200065,-0.122814694047879,-0.330425991416492
"Adam Ottavino","P",0.500920975693742,0.438351132469758,"NYM","New York Mets",2024,2024,38.8,6,0,1,38.8,6,0,0,0,0,0,162,89,73,0,1,16,0,0,0,768,5510,1357,207,697,0.483,0.25,3.8,8,60,9,0,0,6,1,7,0,5,245,0.5,91,3.67,7.9,1,3.7,11.3,3.04,3600,81,0,0,36,1,49,0,25,60025,0.25,8281,13.4689,62.41,1,13.69,127.69,9.2416,9.47,-1.32,9.47,-1.32,20,0,13,0,87,0,51,0,233.7,0.3,220,0,111,0,102,0,79,0,269,0,54,0,7,0,20,0,13,0,87,0,51,0,233.7,0.3,220,0,111,0,102,0,79,0,269,0,54,0,7,0,1,1,1,1,1,1,1,1,1,1,1,1,1,1,1,1,1,1,0,0,0,0,0,0,1,1,0,0,-0.447213595499958,-0.554700196225229,0,-0.140028008402801,-3.66318347022092,-3.30357932606989,-2.75255818768225,-2.67339836603702,-2.58770217212985,-4.26797532594785,-0.590599193537722,-0.486062312289866,-0.894427190999916,-1.10940039245046,0,-0.140028008402801,205.138274332372,161.875386977424,79.8241874427852,72.1817558829996,59.5171499589867,298.758272816349,-2.56320049995371,-0.625076133604768
"Adam Ottavino","P",0.431967305348336,0.460252485969165,"NYM","New York Mets",2023,2024,37.8,4,0,2,37.8,4,0,0,0,0,0,162,75,87,0,0,-12,0,0,0,717,5363,1276,215,729,0.482,0.25,3.8,8,66,36,0,0,7,3,8,3,5,261,0.125,130,4.52,6.7,1,4.2,9,2.14,4356,1296,0,0,49,9,64,9,25,68121,0.015625,16900,20.4304,44.89,1,17.64,81,4.5796,9.47,-1.32,9.47,-1.32,20,0,13,0,87,0,51,0,233.7,0.3,220,0,111,0,102,0,79,0,269,0,54,0,7,0,20,0,13,0,87,0,51,0,233.7,0.3,220,0,111,0,102,0,79,0,269,0,54,0,7,0,1,1,1,0,1,1,1,1,1,1,1,1,1,1,1,0,1,0,0,0,0,0,0,0,1,1,-0.38994760431077,-0.467937125172924,-0.223606797749979,1.9414506867883,0,-1.68033610083361,-4.00333622102715,-3.10131936733091,-2.277979189806,-2.17832459454868,-3.26275491268547,-3.78020671726809,-0.436825670796333,-0.45960479917922,-0.223606797749979,13.5901548075181,0,20.1640332100033,245.004176726862,142.660690897222,54.6715005553439,47.923141080071,94.6198924678786,234.372816470622,-1.40221040325623,-0.558879435801932
"Adam Ottavino","P",0.677975804399533,0.664013840291947,"NYM","New York Mets",2022,2022,36.8,3,1,1,36.8,3,0,0,0,0,0,162,101,61,0,1,40,0,0,1,772,5489,1422,171,606,0.483,0.25,3.79,8,66,19,0,0,6,2,5,0,7,258,0.667,188,2.85,6.6,0.8,2.2,10.8,4.94,4356,361,0,0,36,4,25,0,49,66564,0.444889,35344,8.1225,43.56,0.64,4.84,116.64,24.4036,9.47,-1.32,9.47,-1.32,20,0,13,0,87,0,51,0,233.7,0.3,220,0,111,0,102,0,79,0,269,0,54,0,7,0,20,0,13,0,87,0,51,0,233.7,0.3,220,0,111,0,102,0,79,0,269,0,54,0,7,0,1,0,1,1,1,1,1,1,1,1,1,1,1,1,0,0,1,1,0,0,0,0,0,0,1,1,-0.747399574928975,1.71901902233664,-1.34164078649987,-0.832050294337844,0,-0.420084025208403,-4.26499218318579,-3.23615933982356,-1.42373699362875,-1.48522131446501,-1.80014064148164,-4.81671501071257,-0.280330492785186,-0.368515361183997,8.04984471899924,2.49615088301353,0,-1.26025207562521,278.077490343713,155.335648311531,21.3560549044312,22.2783197169752,28.8022502637062,380.520485846293,-0.577480815137483,-0.359302477154397
"Adam Ottavino","P",0.325692857304039,0.391129879651529,"NYY","New York Yankees",2019,2021,34.3,0.5,1,3,34.8,1,0,0,0,0,0,60,33,27,0,1,6,0,0,1,315,1915,473,94,270,0.57,0.266,3.65,8,24,4,0,0,2,0,1,0,1,85,0.4,74,3.52,9.8,1,4.4,12.3,2.78,576,16,0,0,4,0,1,0,1,7225,0.16,5476,12.3904,96.04,1,19.36,151.29,7.7284,6.43,-1.51,6.43,-1.51,19,0,15,0,137,0,42,0,237.3,0.3,230,0,122,0,112,0,83,0,257,0,27,0,10.5,0,19,0,15,0,137,0,42,0,237.3,0.3,230,0,122,0,112,0,83,0,257,0,27,0,10.5,0,1,1,1,1,1,1,1,1,1,1,1,1,1,1,1,0,1,1,0,0,0,0,0,0,0,1,0.039436150336255,-0.0039436150336255,-0.458831467741123,-0.774596669241483,0,0,-1.17497792072934,-1.31876094679157,-1.08642895251022,-1.13389341902768,-0.987878339907213,-1.55945715387951,-1.13353102850897,-0.488215799280059,-0.917662935482247,2.32379000772445,0,0,21.267100365201,26.3752189358315,13.0371474301227,13.6067210283322,8.89090505916492,38.9864288469878,6.67649775791781,-0.772357394461053
"Adam Wainwright","P",0.54352327676581,0.535915292142181,"STL","St Louis Cardinals",2022,2022,40.9,2,0,1,40.9,2,0,0,0,0,0,162,93,69,1,1,24,0,0,2,772,5496,1386,197,637,0.521,0.266,3.68,10,32,0,1,0,16,1,7,0,5,803,0.478,105,3.66,9,0.8,2.5,6.7,2.65,1024,0,1,0,256,1,49,0,25,644809,0.228484,11025,13.3956,81,0.64,6.25,44.89,7.0225,6.3,-1.99,6.3,-1.99,20,0,14,0,94,0,48,0,241.7,0.3,226,0,110,0,107,0,86,0,231,0,36,0,7,0,20,0,14,0,94,0,48,0,241.7,0.3,226,0,110,0,107,0,86,0,231,0,36,0,7,0,1,0,0,0,1,1,0,0,0,0,0,0,1,1,0,0,0,1,0,0,0,0,0,0,1,1,-0.836660026534076,1.75698605572156,2.45967477524977,3.20713490294909,-3.30054798802814,0,12.2984268615346,12.7716500205646,7.62770071396474,7.63721826346074,5.82296975298567,9.4087092379247,-0.618333333333333,-0.484928418870838,27.0564225277475,38.4856188353891,105.6175356169,0,2351.45921592541,2452.1568039484,610.216057117179,603.340242813399,314.440366661226,1345.44542102323,-2.29401666666667,-0.622163161411286
"Adam Wainwright","P",0.662501875932801,0.808389941506611,"STL","St Louis Cardinals",2021,2021,39.9,1,0,1,39.9,1,3,1,1,1,1,162,90,72,0,1,18,0,0,0,706,5351,1303,198,672,0.521,0.266,3.68,10,32,0,3,1,21,3,9,1,4,828,0.708,128,3.66,7.3,0.9,2.2,7.6,3.48,1024,0,9,1,441,9,81,1,16,685584,0.501264,16384,13.3956,53.29,0.81,4.84,57.76,12.1104,6.3,-1.99,6.3,-1.99,20,0,14,0,94,0,48,0,241.7,0.3,226,0,110,0,107,0,86,0,231,0,36,0,7,0,20,0,14,0,94,0,48,0,241.7,0.3,226,0,110,0,107,0,86,0,231,0,36,0,7,0,0,0,0,1,1,1,0,0,0,0,0,0,1,1,0,0,0,1,0,0,0,0,0,0,1,1,1.47411528484575,5.45422655392928,3.80131556174964,-1.87082869338697,-3.30054798802814,0,13.2568293732336,11.175193767994,6.86493064256826,6.76715542331964,5.39163866017192,11.4483594923,-0.508333333333333,-0.399508447970753,64.6223645497439,13.0958008537088,105.6175356169,0,2732.23253382345,1877.432553023,494.275006264915,473.700879632375,269.581933008596,1992.0145516602,-1.55041666666667,-0.422280429505086
"Adam Wainwright","P",0.592403014332365,0.647855501959069,"STL","St Louis Cardinals",2020,2020,38.9,0,0,1,38.9,0,0,0,0,0,0,58,30,28,0,1,2,0,0,2,240,1752,410,51,229,0.52,0.266,3.67,10,10,0,2,0,9,0,2,0,0,262,0.625,133,4.1,7.4,1.2,2.1,7.4,3.6,100,0,4,0,81,0,4,0,0,68644,0.390625,17689,16.81,54.76,1.44,4.41,54.76,12.96,6.3,-1.99,6.3,-1.99,20,0,14,0,94,0,48,0,241.7,0.3,226,0,110,0,107,0,86,0,231,0,36,0,7,0,20,0,14,0,94,0,48,0,241.7,0.3,226,0,110,0,107,0,86,0,231,0,36,0,7,0,1,1,1,1,1,1,1,1,1,1,1,1,1,1,0,0,0,1,0,0,0,0,0,0,1,1,-0.199204768222399,-0.0996023841111995,-1.11803398874989,-0.801783725737273,-1.03142124625879,0,-4.19381501763626,-3.59202656828379,-2.38365647311398,-2.22349392480503,-1.61749159805158,-3.55293915278275,-0.525,-0.397240661132698,5.59016994374947,2.40535117721182,10.3142124625879,0,273.436739149884,193.969434687325,59.5914118278495,51.1403602705156,24.2623739707736,191.858714250269,-1.65375,-0.417499934850465
"Adrian Sampson","P",0.55504647479787,0.562304738356248,"CHC","Chicago Cubs",2021,2021,29.8,1,1,1,29.8,1,0,0,0,0,0,162,71,91,0,0,-20,0,0,0,705,5306,1255,210,839,0.513,0.262,3.69,11,10,0,0,0,8,0,6,0,1,145,0.333,152,5.72,7.6,2,2,7.1,3.5,100,0,0,0,64,0,36,0,1,21025,0.110889,23104,32.7184,57.76,4,4,50.41,12.25,8.29,-2.3,8.29,-2.3,22,0,18,0,148,0,36,0,229,0.3,210,0,110,0,103,0,95,0,236,0,108,0,12,0,22,0,18,0,148,0,36,0,229,0.3,210,0,110,0,103,0,95,0,236,0,108,0,12,0,1,1,1,1,1,1,1,1,1,1,1,1,1,1,1,1,1,1,0,0,0,0,0,0,1,1,-0.277851484658875,-0.2222811877271,-0.21320071635561,-0.471404520791032,-0.410997468263393,0,-2.31947328759736,-2.07019667802706,-1.43019388386839,-1.08386220598072,-0.820782681668123,-1.82264475373153,-0.269430125621825,-0.310325769689424,-0.21320071635561,-0.942809041582063,-2.05498734131697,0,81.4135123946675,62.1059003408119,21.4529082580258,11.9224842657879,6.56626145334499,51.034053104483,-0.754404351741111,-0.333600202416131
"Adrian Sampson","P",0.549990067705065,0.550724985700713,"TEX","Texas Rangers",2019,2019,27.8,0,1,1,27.8,0,0,0,0,0,0,162,78,84,0,0,-6,0,0,1,810,5540,1374,223,878,0.478,0.259,4.28,11,35,4,1,0,29,1,9,1,4,563,0.429,88,5.69,11.2,2.1,2.6,7.3,2.81,1225,16,1,0,841,1,81,1,16,316969,0.184041,7744,32.3761,125.44,4.41,6.76,53.29,7.8961,7.73,-1.77,7.73,-1.77,18,0,14,0,113,0,43,0,223.3,0.3,221,0,114,0,106,0,89,0,277,0,108,0,21,0,18,0,14,0,113,0,43,0,223.3,0.3,221,0,114,0,106,0,89,0,277,0,108,0,21,0,1,1,1,0,1,1,0,0,0,0,1,1,1,1,0,0,0,1,0,0,0,0,0,0,1,1,-0.431610000759364,-0.517932000911237,-1.4142135623731,2.1380899352994,-1.4110813025754,0,8.37168633605381,10.4936955863425,8.05463797960257,7.96454407132957,-3.8159923680229,-6.06850185807371,-0.566765514254483,-0.33430980784154,8.48528137423857,17.1047194823952,21.1662195386309,0,1047.29796064033,1637.01651146943,692.698866245821,653.092613849024,137.375725248824,612.918687665445,-3.3382488789589,-0.51216262561324
"Andrew Chafin","P",0.628531596910327,0.560335454849382,"ARI","Arizona Diamondbacks",2023,2023,33.2,3,1,1,33.2,3,0,0,0,0,0,162,84,78,0,1,6,1,0,0,746,5436,1359,166,761,0.486,0.254,4.27,26,63,19,0,0,6,0,1,0,2,224,0.429,93,4.01,7.9,1.1,4.9,11,2.25,3969,361,0,0,36,0,1,0,4,50176,0.184041,8649,16.0801,62.41,1.21,24.01,121,5.0625,5.73,-1.54,5.73,-1.54,21,0,15,0,124,0,45,0,222,0.3,227,0,114,0,98,0,84,0,246,0,37.13,0,6.75,0,21,0,15,0,124,0,45,0,222,0.3,227,0,114,0,98,0,84,0,246,0,37.13,0,6.75,0,1,1,1,1,1,1,1,1,1,1,1,1,1,1,1,0,1,0,0,0,0,0,0,0,0,1,0.0835511986288714,-0.0167102397257743,-0.654653670707977,-1.03279555898864,0,-1.19256958799989,-3.42960744214366,-2.98675490219987,-2.80975743474508,-2.72741187029097,-3.05505046330389,-4.01673329229903,-0.776244732496994,-0.547328055191765,-1.96396101212393,4.13118223595458,0,9.5405567039991,175.252940293541,134.403970598994,84.2927230423525,73.6401204978562,85.541412972509,253.054197414839,3.67163758471078,-0.77830049448269
"Andrew Chafin","P",0.450303926804056,0.492690928628815,"DET","Detroit Tigers",2022,2023,32.2,1,1,2,32.2,1,0,0,0,0,0,162,66,96,0,0,-30,0,0,0,557,5378,1240,110,713,0.503,0.265,4,26,64,10,0,0,5,0,3,0,4,243,0.4,138,3.06,7.5,0.8,3,10.5,3.53,4096,100,0,0,25,0,9,0,16,59049,0.16,19044,9.3636,56.25,0.64,9,110.25,12.4609,8.62,-1.73,8.62,-1.73,24,0,17,0,116,0,49,0,251,0.3,229,0,117,0,108,0,75,0,252,0,27,0,4,0,24,0,17,0,116,0,49,0,251,0.3,229,0,117,0,108,0,75,0,252,0,27,0,4,0,1,1,1,1,1,1,1,1,1,1,1,1,1,1,1,0,1,1,0,0,0,0,0,0,1,1,-0.136240540658034,-0.0544962162632137,-0.408248290463863,-0.727606875108999,0,-0.428571428571429,-3.60412004168846,-3.17192928218443,-2.40370085030933,-1.73205080756888,-2.19393102292058,-4.22060328193637,-0.544633753935547,-0.5845,-0.816496580927726,2.182820625327,0,-1.28571428571429,205.795254380411,152.252605544853,62.4962221080425,31.1769145362398,41.684689435491,282.780419889737,-1.5413135236376,-0.6832805
"Andrew Chafin","P",0.609955668150055,0.6880530940292,"CHC","Chicago Cubs",2021,2021,31.2,0,0,1,31.2,0,0,0,0,0,0,162,71,91,0,0,-20,0,0,0,705,5306,1255,210,839,0.513,0.262,3.69,26,71,11,0,0,4,1,2,0,3,266,0.333,229,2.98,5.9,0.5,2.5,8.4,3.37,5041,121,0,0,16,1,4,0,9,70756,0.110889,52441,8.8804,34.81,0.25,6.25,70.56,11.3569,8.29,-2.3,8.29,-2.3,22,0,18,0,148,0,36,0,229,0.3,210,0,110,0,103,0,95,0,236,0,108,0,12,0,22,0,18,0,148,0,36,0,229,0.3,210,0,110,0,103,0,95,0,236,0,108,0,12,0,1,0,1,1,1,1,1,1,1,1,1,1,1,1,1,0,1,0,0,0,0,0,0,0,1,1,-1.00721163188842,2.92091373247643,-0.426401432711221,-0.942809041582063,0,-0.833333333333333,-4.50678285510371,-3.10529501704059,-1.33484762494383,-1.37946098943001,-1.94935886896179,-4.16604515138636,-0.176091832102836,-0.269045225442366,-0.852802865422442,3.77123616632825,0,4.16666666666667,307.362590718073,139.738275766827,18.6878667492136,19.3124538520201,37.0378185102741,266.626889688727,-0.32224805274819,-0.250750150112285
"Andrew Heaney","P",0.360008516264653,0.351751689460322,"TEX","Texas Rangers",2023,2024,32.7,1.5,1,2,33.2,2,0,0,0,0,0,162,78,84,0,0,-6,0,0,1,683,5472,1302,176,738,0.476,0.258,4.29,27,32,0,0,0,23,1,12,0,2,693,0.263,89,4.04,8.9,1.3,2.3,8.9,3.88,1024,0,0,0,529,1,144,0,4,480249,0.069169,7921,16.3216,79.21,1.69,5.29,79.21,15.0544,7.73,-1.77,7.73,-1.77,18,0,14,0,113,0,43,0,223.3,0.3,221,0,114,0,106,0,89,0,277,0,108,0,21,0,18,0,14,0,113,0,43,0,223.3,0.3,221,0,114,0,106,0,89,0,277,0,108,0,21,0,1,1,1,0,1,1,0,0,0,0,1,0,1,1,0,0,0,1,0,0,0,0,0,0,1,1,-0.143870000253121,-0.0575480001012485,-1.17851130197758,3.74165738677394,-2.91623469198915,0,10.7071927559441,10.6954974245414,7.86732081728623,7.38177255391521,-4.34599130802608,9.55338411320514,-0.411843192021933,-0.272772362794991,5.8925565098879,52.3832034148352,90.4032754516637,0,1713.15084095106,1700.58409050208,660.854948652043,561.014714097556,178.185643629069,1518.98807399962,-1.76268886185387,-0.340965453493738
"Andrew Heaney","P",0.697451007156077,0.652321199644887,"LAD","Los Angeles Dodgers",2022,2022,31.2,0,1,1,31.2,0,0,0,0,0,0,162,111,51,1,1,60,0,0,2,847,5526,1418,212,513,0.531,0.261,3.52,27,16,1,0,0,14,0,9,0,0,310,0.5,130,3.75,7.4,1.7,2.4,13.6,5.79,256,1,0,0,196,0,81,0,0,96100,0.25,16900,14.0625,54.76,2.89,5.76,184.96,33.5241,8.88,-1.33,8.88,-1.33,21,0,16,0,139,0,47,0,233.3,0,198,0,127,0,117,0,85,0,301,0,81,0,9,0,21,0,16,0,139,0,47,0,233.3,0,198,0,127,0,117,0,85,0,301,0,81,0,9,0,1,1,1,1,1,1,1,1,1,1,1,1,1,1,0,0,0,1,0,0,0,0,0,0,1,1,-0.167789013803506,-0.083894506901753,-0.87287156094397,-1,-1.18746450155196,0,-4.72693715293904,-4.26401432711221,-3.01701213201479,-2.31125081760512,-2.06083934927723,-6.34029459474658,-0.344444444444444,-0.362333333333333,3.49148624377588,4,16.6245030217274,0,341.284862442198,255.840859626733,102.578412488503,57.781270440128,39.1559476362674,697.432405422124,-1.06777777777778,-0.393856333333333
"Andrew Miller","P",0.543922863853713,0.541376953085646,"STL","St Louis Cardinals",2020,2021,35.2,6,0,2,35.2,6,0,0,0,0,0,58,30,28,0,1,2,0,0,2,240,1752,410,51,229,0.52,0.266,3.67,29,16,5,0,0,0,0,3,0,2,55,0.5,155,2.58,6.2,0,3.5,11.1,3.2,256,25,0,0,0,0,9,0,4,3025,0.25,24025,6.6564,38.44,0,12.25,123.21,10.24,6.3,-1.99,6.3,-1.99,20,0,14,0,94,0,48,0,241.7,0.3,226,0,110,0,107,0,86,0,231,0,36,0,7,0,20,0,14,0,94,0,48,0,241.7,0.3,226,0,110,0,107,0,86,0,231,0,36,0,7,0,1,1,1,1,1,1,1,1,1,1,1,1,1,1,1,1,1,1,0,1,1,1,1,0,1,1,-0.0398409536444798,-0.00398409536444798,-0.223606797749979,-0.267261241912424,0,-0.577350269189626,-0.836190110878395,-0.598671094713965,-0.381385035698237,-0.386694595618265,-0.539163866017192,-1.05272271193563,-0.461666666666667,-0.407067737430938,-0.223606797749979,-0.267261241912424,0,-2.3094010767585,10.8704714414191,-5.38803985242569,-1.52554014279295,-1.54677838247306,-2.69581933008596,16.8435633909701,-1.27881666666667,-0.43841195321312
"Andrew Miller","P",0.588360124235662,0.61333668380123,"STL","St Louis Cardinals",2019,2020,34.2,4,1,2,34.2,4,0,0,0,0,0,162,91,71,1,1,20,0,0,1,764,5449,1336,210,662,0.52,0.266,3.67,29,73,11,0,0,11,1,8,0,4,236,0.455,95,5.19,7.4,1.8,4.4,11.5,2.59,5329,121,0,0,121,1,64,0,16,55696,0.207025,9025,26.9361,54.76,3.24,19.36,132.25,6.7081,6.3,-1.99,6.3,-1.99,20,0,14,0,94,0,48,0,241.7,0.3,226,0,110,0,107,0,86,0,231,0,36,0,7,0,20,0,14,0,94,0,48,0,241.7,0.3,226,0,110,0,107,0,86,0,231,0,36,0,7,0,1,1,1,1,1,1,1,1,1,1,1,1,1,1,0,0,1,0,0,0,0,0,0,0,0,1,0.199204768222399,-0.0996023841111995,-1.11803398874989,-1.60356745147455,0,-0.866025403784439,-3.4862695392007,-2.99335547356983,-3.0510802855859,-2.61018852042329,-2.91148487649284,-4.60566186471838,-0.741666666666667,-0.497779210953152,5.59016994374947,9.62140470884728,0,5.19615242270663,188.955809024678,134.700996310642,97.6345691387487,70.4750900514289,78.6100916653066,322.396330530287,3.30041666666667,-0.655575220825302
"Andrew Miller","P",0.480301374845266,0.638693940973124,"NYY","New York Yankees",2015,2018,30.7,0.5,1,4,31.2,1,4,0,2,0,1,162,84,78,0,0,6,0,0,0,680,5458,1378,183,702,0.569,0.267,3.64,29,70,23,0,0,8,0,2,0,1,275,0.909,304,1.68,5.1,1,1.1,14.9,13.67,4900,529,0,0,64,0,4,0,1,75625,0.826281,92416,2.8224,26.01,1,1.21,222.01,186.8689,6.43,-1.51,6.43,-1.51,19,0,15,0,137,0,42,0,237.3,0.3,230,0,122,0,112,0,83,0,257,0,27,0,10.5,0,19,0,15,0,137,0,42,0,237.3,0.3,230,0,122,0,112,0,83,0,257,0,27,0,10.5,0,0,0,0,1,1,1,1,1,1,1,1,1,1,1,0,1,1,0,0,0,0,0,0,0,1,1,1.45913756244143,5.3988089810333,2.29415733870562,-0.258198889747161,0,-1.8516401995451,-4.81026872519579,-2.76939798826231,-1.17696469855274,-1.13389341902768,-0.987878339907213,-7.67252919708721,-0.279052630108319,-0.21170419614799,22.9415733870562,-0.258198889747161,0,22.2196823945412,356.440912537008,116.314715507017,15.3005410811856,13.6067210283322,8.89090505916492,943.721091241726,-0.404626313657063,-0.145229078557521
"Anthony Banda","P",0.56326194360618,0.581119104961514,"PIT","Pittsburgh Pirates",2021,2021,28,2,1,1,28,2,0,0,0,0,0,162,61,101,0,0,-40,0,0,0,609,5336,1261,124,833,0.502,0.264,3.74,31,30,5,0,0,6,1,2,0,3,153,0.5,100,4.92,10.4,1.6,3.5,8.6,2.46,900,25,0,0,36,1,4,0,9,23409,0.25,10000,24.2064,108.16,2.56,12.25,73.96,6.0516,4.77,-1.91,4.77,-1.91,19,0,14,0,71,0,51,0,208,0,205,0,99,0,96,0,84,0,210,0,36,0,6,0,19,0,14,0,71,0,51,0,208,0,205,0,99,0,96,0,84,0,210,0,36,0,6,0,1,1,1,1,1,1,1,1,1,1,1,1,1,1,1,1,1,1,0,0,0,0,0,0,0,1,-0.091573709299126,-0.0183147418598252,-0.458831467741123,-0.534522483824849,0,0,-2.3020058143347,-2.72387815350135,-1.80906806746658,-1.63299316185545,-1.41841628653395,-2.20820978989553,-0.713333333333333,-0.630743608766668,-0.917662935482247,-1.0690449676497,0,0,76.4265930359121,106.231247986553,32.5632252143985,26.1278905896872,18.4394117249414,70.6627132766571,3.05306666666667,-0.974498875544503
"Anthony Banda","P",0.549809599096268,0.550311691871003,"ARI","Arizona Diamondbacks",2017,2017,24,0,1,1,24,0,0,0,0,0,0,162,93,69,0,1,24,0,0,0,812,5525,1405,220,659,0.493,0.258,4.23,31,8,1,0,0,1,1,3,0,2,115,0.4,80,3.24,9.1,0.4,3.5,8.8,2.5,64,1,0,0,1,1,9,0,4,13225,0.16,6400,10.4976,82.81,0.16,12.25,77.44,6.25,5.73,-1.54,5.73,-1.54,21,0,15,0,124,0,45,0,222,0.3,227,0,114,0,98,0,84,0,246,0,37.13,0,6.75,0,21,0,15,0,124,0,45,0,222,0.3,227,0,114,0,98,0,84,0,246,0,37.13,0,6.75,0,1,1,1,1,1,1,1,1,1,1,1,1,1,1,1,0,1,1,0,0,0,0,0,0,0,1,0,0,-0.436435780471985,-0.774596669241483,-0.35921060405355,0,-1.69131325913934,-1.72568061015993,-1.59219587968888,-1.71725932573876,-1.09108945117996,-1.59394178265835,-0.978101185133633,-0.54001495178203,-0.87287156094397,2.32379000772445,-1.4368424162142,0,42.6210941303114,44.8676958641581,27.067329954711,29.1934085375589,10.9108945117996,39.8485445664586,5.82948306339645,-0.757640977350188
"Anthony Bass","P",0.559476938583496,0.566564532595834,"MIA","Miami Marlins",2021,2022,34.3,2.5,1,2,34.8,3,0,0,0,0,0,162,69,93,0,0,-24,0,0,0,586,5395,1241,144,676,0.46,0.255,4.29,32,73,12,0,0,6,1,0,0,2,275,0.571,264,3,6.5,0.8,2.6,9.3,3.65,5329,144,0,0,36,1,0,0,4,75625,0.326041,69696,9,42.25,0.64,6.76,86.49,13.3225,6.18,-1.4,6.18,-1.4,16,0,15,0,89,0,40,0,205.7,0.3,223,0,107,0,97,0,83,0,253,0,32.4,0,9,0,16,0,15,0,89,0,40,0,205.7,0.3,223,0,107,0,97,0,83,0,253,0,32.4,0,9,0,0,0,1,1,1,1,1,1,1,1,1,1,1,1,0,0,1,1,0,0,0,0,0,0,1,1,1.08609928205733,2.93246806155478,-1,-0.774596669241483,0,0,-4.88765870165461,-3.41521260393037,-1.4501047335685,-1.21841539816034,-2.19528519979381,-4.5894706782721,-0.270550422036628,-0.336333333333333,4,2.32379000772445,0,0,342.624874985988,174.175842800449,21.7515710035274,14.6209847779241,43.9057039958761,335.031359513863,-0.416647649936407,-0.339360333333333
"Anthony Bass","P",0.612673419680836,0.588687125714696,"TOR","Toronto Blue Jays",2020,2020,32.8,1,1,1,32.8,1,0,0,0,0,0,60,32,28,0,1,4,0,0,0,302,2023,516,88,312,0.495,0.26,4.24,32,26,14,0,0,2,2,0,0,0,100,0.4,127,3.62,6,0.7,3.2,7.4,2.33,676,196,0,0,4,4,0,0,0,10000,0.16,16129,13.1044,36,0.49,10.24,54.76,5.4289,6.59,-1.53,6.59,-1.53,20,0,15,0,129,0,39,0,224.7,0.3,228,0,113,0,105,0,85,0,248,0,40.5,0,9,0,20,0,15,0,129,0,39,0,224.7,0.3,228,0,113,0,105,0,85,0,248,0,40.5,0,9,0,1,1,1,1,1,1,1,1,1,1,1,1,1,1,1,0,1,0,0,0,0,0,0,0,1,1,-0.233726816139486,-0.140236089683692,-0.447213595499958,-0.774596669241483,0,-1.12089707663561,-1.6811211212459,-1.12585250350529,-1.22293712889868,-0.975900072948533,-0.976187060183953,-1.333501333502,-0.551543289325507,-0.337666666666667,-0.894427190999916,2.32379000772445,0,7.84627953644927,42.3642522553966,19.1394925595899,15.8981826756828,9.75900072948533,8.78568354165558,28.003528003542,-1.93591694553253,-0.342056333333333
"Anthony Bender","P",0.571946054015209,0.601006714626687,"MIA","Miami Marlins",2024,2024,29.5,2,0,1,29.5,2,0,0,0,0,0,162,62,100,0,0,-38,0,0,0,637,5522,1347,150,841,0.459,0.255,4.3,33,59,10,0,0,3,1,4,0,2,228,0.714,105,2.92,8.5,0.5,3.1,10,3.28,3481,100,0,0,9,1,16,0,4,51984,0.509796,11025,8.5264,72.25,0.25,9.61,100,10.7584,6.18,-1.4,6.18,-1.4,16,0,15,0,89,0,40,0,205.7,0.3,223,0,107,0,97,0,83,0,253,0,32.4,0,9,0,16,0,15,0,89,0,40,0,205.7,0.3,223,0,107,0,97,0,83,0,253,0,32.4,0,9,0,1,1,1,1,1,1,1,1,1,1,1,1,1,1,0,1,1,1,0,0,0,0,0,0,0,1,-0.281581295348195,-0.197106906743737,-1.25,-0.516397779494322,0,-0.158113883008419,-3.69537676444642,-3.34824765091213,-2.41684122261416,-2.43683079632069,-1.97575667981443,-3.7092982194254,-0.716782936304833,-0.427666666666667,6.25,-1.03279555898864,0,-0.158113883008419,195.85496851566,167.412382545606,60.421030565354,58.4839391116965,35.5636202366597,218.848594946098,2.92447438012372,-0.548696333333333
"Anthony Bender","P",0.555508213837784,0.563362173759585,"MIA","Miami Marlins",2021,2021,26.5,0,1,1,26.5,0,0,0,0,0,0,162,67,95,0,0,-28,0,0,0,623,5348,1244,158,701,0.461,0.256,4.3,33,60,13,0,0,5,3,6,0,4,247,0.6,152,3.19,6.6,0.7,2.9,10.4,3.55,3600,169,0,0,25,9,36,0,16,61009,0.36,23104,10.1761,43.56,0.49,8.41,108.16,12.6025,6.18,-1.4,6.18,-1.4,16,0,15,0,89,0,40,0,205.7,0.3,223,0,107,0,97,0,83,0,253,0,32.4,0,9,0,16,0,15,0,89,0,40,0,205.7,0.3,223,0,107,0,97,0,83,0,253,0,32.4,0,9,0,1,1,1,1,1,1,1,1,1,1,1,1,1,1,0,1,1,1,0,0,0,0,0,0,1,1,-0.522936691360934,-0.679817698769215,-0.75,-0.516397779494322,-0.105999788000636,-0.474341649025257,-4.26014189259767,-3.01342288582091,-2.12682027590046,-1.92915771375388,-2.19528519979381,-4.46373175557971,-0.490153037326099,-0.353333333333333,2.25,-1.03279555898864,-0.105999788000636,-1.42302494707577,260.294669637717,135.604029861941,46.7900460698101,36.6539965613237,43.9057039958761,316.92495464616,-1.36752697413982,-0.374533333333333
"Anthony Swarzak","P",0.581354699753466,0.601992409762859,"NYM","New York Mets",2018,2019,32.9,2,1,2,32.9,2,0,0,0,0,0,162,77,85,0,0,-8,0,0,0,676,5468,1282,170,707,0.48,0.25,3.78,36,29,12,0,0,6,0,1,0,2,116,0,61,5.48,9.6,2.1,4.8,10.6,2.21,841,144,0,0,36,0,1,0,4,13456,0,3721,30.0304,92.16,4.41,23.04,112.36,4.8841,9.47,-1.32,9.47,-1.32,20,0,13,0,87,0,51,0,233.7,0.3,220,0,111,0,102,0,79,0,269,0,54,0,7,0,20,0,13,0,87,0,51,0,233.7,0.3,220,0,111,0,102,0,79,0,269,0,54,0,7,0,1,1,1,1,1,1,1,1,1,1,1,1,1,1,1,1,1,1,0,0,0,0,0,0,0,1,0.162478168462821,-0.0812390842314103,0,-0.554700196225229,0,-0.560112033611204,-1.70730515308511,-1.88775961489708,-1.7084843923545,-1.78226557735801,-1.57512306129643,-1.89010335863405,-0.836908995450919,-0.602853334449717,0,-1.10940039245046,0,-2.24044813444482,44.5606644955213,52.8572692171182,30.752719062381,32.0807803924442,22.0517228581501,58.5932041176554,5.14699032202315,-0.961551068447299
"Anthony Swarzak","P",0.747325691949394,0.8259604674898,"CHW","Chicago White Sox",2017,2017,31.9,1,1,1,31.9,1,0,0,0,0,0,162,67,95,0,0,-28,0,0,1,706,5513,1412,186,820,0.503,0.26,3.76,36,70,6,0,0,6,4,2,0,2,303,0.6,187,2.74,6.8,0.7,2.6,10.6,4.14,4900,36,0,0,36,16,4,0,4,91809,0.36,34969,7.5076,46.24,0.49,6.76,112.36,17.1396,6.53,-1.96,6.53,-1.96,17,0,19,0,151,0,40,0,226.7,0,228,0,123,0,118,0,91,0,274,0,18,0,5.4,0,17,0,19,0,151,0,40,0,226.7,0,228,0,123,0,118,0,91,0,274,0,18,0,5.4,0,0,0,1,1,1,1,1,1,1,1,1,1,1,1,0,0,1,1,0,0,0,0,0,0,1,1,1.09572467227277,3.06802908236374,-1.455213750218,-0.917662935482247,0,-0.316227766016838,-5.12069156803846,-3.84114383548863,-1.89350623280161,-1.84114923579665,-2.30622664078822,-5.49751104930461,-0.549186266721552,-0.444962753330941,8.73128250130799,3.67065174192899,0,-0.632455532033676,394.805319895765,222.78634245834,39.7636308888338,36.8229847159329,50.7369860973408,500.27350548672,-1.27960400146122,-0.460091486944193
"Anthony Swarzak","P",0.550701095712855,0.552353321455776,"CLE","Cleveland Guardians",2015,2015,29.9,0,1,1,29.9,0,0,0,0,0,0,161,81,80,0,0,1,0,0,0,669,5439,1395,141,640,0.509,0.266,3.84,36,10,3,0,0,1,1,0,0,0,61,0,131,3.06,12.2,0.7,2.7,8.8,3.25,100,9,0,0,1,1,0,0,0,3721,0,17161,9.3636,148.84,0.49,7.29,77.44,10.5625,3.88,-0.91,3.88,-0.91,16,0,15,0,33,0,44,0,200,5,178,10,110,7,100,6,73,1,204,0,12.6,1.36,2.2,0.73,16,0,15,0,33,0,44,0,200,5,178,10,110,7,100,6,73,1,204,0,12.6,1.36,2.2,0.73,1,1,1,1,1,1,1,1,1,1,1,1,1,0,1,1,1,1,0,0,0,1,1,0,0,0,0.050767308256681,-0.0050767308256681,0,0,0,0,-0.926309883354377,-1.34915704019255,-0.858116330321033,-0.5,-0.468164588784522,-0.910182054618206,-0.952207126994129,1.11242977306435,0,0,0,0,12.1346594719423,24.2848267234659,7.7230469728893,-2.5,-1.87265835513809,11.8323667100367,3.21846008924015,1.83550912555618
"Aroldis Chapman","P",0.553400848479904,0.558536065190554,"PIT","Pittsburgh Pirates",2024,2024,36.4,12,1,1,36.4,12,0,0,0,0,0,162,76,86,0,0,-10,0,0,0,665,5477,1283,160,739,0.5,0.263,3.76,38,68,18,0,0,5,0,2,2,4,265,0.5,110,3.04,6.4,0.7,5.7,14.3,2.51,4624,324,0,0,25,0,4,4,16,70225,0.25,12100,9.2416,40.96,0.49,32.49,204.49,6.3001,4.77,-1.91,4.77,-1.91,19,0,14,0,71,0,51,0,208,0,205,0,99,0,96,0,84,0,210,0,36,0,6,0,19,0,14,0,71,0,51,0,208,0,205,0,99,0,96,0,84,0,210,0,36,0,6,0,1,1,1,1,1,1,1,1,1,1,1,1,1,1,0,0,1,0,0,0,0,0,0,0,1,1,-0.183147418598252,-0.0732589674393008,-1.14707866935281,-1.33630620956212,0,-1.96039211763921,-4.243456501123,-3.07309330138614,-3.11561722730356,-2.65361388801511,-4.25524885960185,-6.76264248155507,-0.631666666666667,-0.54950219896436,5.73539334676404,6.68153104781061,0,27.445489646949,259.699537868728,135.21610526099,96.5841340464103,68.9939610883929,165.954705524472,662.738963192397,-2.39401666666667,-0.739629959806028
"Aroldis Chapman","P",0.263887735649556,0.393931378248163,"NYY","New York Yankees",2022,2024,34.4,8,0,3,34.4,8,0,0,0,0,0,162,99,63,1,1,36,0,0,1,807,5422,1308,254,567,0.57,0.266,3.65,38,43,19,0,0,4,0,1,0,6,160,0.5,89,4.57,5.9,1,6.9,10.7,1.54,1849,361,0,0,16,0,1,0,36,25600,0.25,7921,20.8849,34.81,1,47.61,114.49,2.3716,6.43,-1.51,6.43,-1.51,19,0,15,0,137,0,42,0,237.3,0.3,230,0,122,0,112,0,83,0,257,0,27,0,10.5,0,19,0,15,0,137,0,42,0,237.3,0.3,230,0,122,0,112,0,83,0,257,0,27,0,10.5,0,1,1,1,1,1,1,1,1,1,1,1,1,1,1,0,0,1,0,0,0,0,0,0,0,0,1,0.0788723006725099,-0.015774460134502,-0.917662935482247,-1.03279555898864,0,-1.38873014965883,-2.34346425073641,-1.58251313614989,-1.62964342876533,-1.70084012854152,-3.07339927971133,-2.68226630467276,-0.858327400195244,-0.441616187591507,3.67065174192899,4.13118223595458,0,12.4985713469294,84.5990594515844,37.9803152675973,29.333581717776,30.6151223137474,86.0551798319172,115.337451100929,3.82814020487079,-0.631952764443447
"Aroldis Chapman","P",0.535102363302659,0.531728702590759,"NYY","New York Yankees",2021,2023,33.4,5,0,3,33.4,5,1,0,0,0,0,162,92,70,0,1,22,0,0,0,711,5331,1266,222,669,0.57,0.266,3.65,38,61,46,0,0,9,2,3,0,7,243,0.6,128,3.99,5.8,1.4,6.1,15.5,2.55,3721,2116,0,0,81,4,9,0,49,59049,0.36,16384,15.9201,33.64,1.96,37.21,240.25,6.5025,6.43,-1.51,6.43,-1.51,19,0,15,0,137,0,42,0,237.3,0.3,230,0,122,0,112,0,83,0,257,0,27,0,10.5,0,19,0,15,0,137,0,42,0,237.3,0.3,230,0,122,0,112,0,83,0,257,0,27,0,10.5,0,1,1,1,1,1,0,1,1,1,1,1,1,1,1,0,0,1,0,0,0,0,0,0,0,1,1,-0.591542255043824,-0.887313382565736,-1.37649440322337,-1.03279555898864,0,4.62910049886276,-3.64178239518871,-2.37376970422483,-2.08232215897793,-1.98431348329844,-4.17104187960823,-6.05069375705251,-0.646632301492381,-0.405509203700378,8.25896641934022,4.13118223595458,0,138.873014965883,204.303992370087,85.455709352094,47.8934096564923,41.6705831492673,158.499591425113,586.917294434094,-2.1726845330144,-0.532839093662296
"Aroldis Chapman","P",0.428374202762508,0.58518345479641,"NYY","New York Yankees",2017,2021,30.9,1.5,1,5,32.4,3,2,0,0,0,0,60,33,27,0,1,6,0,0,1,315,1915,473,94,270,0.57,0.266,3.65,38,13,8,0,0,2,0,1,1,0,45,0.5,142,2.93,4.6,1.5,3.1,17,5.5,169,64,0,0,4,0,1,1,0,2025,0.25,20164,8.5849,21.16,2.25,9.61,289,30.25,6.43,-1.51,6.43,-1.51,19,0,15,0,137,0,42,0,237.3,0.3,230,0,122,0,112,0,83,0,257,0,27,0,10.5,0,19,0,15,0,137,0,42,0,237.3,0.3,230,0,122,0,112,0,83,0,257,0,27,0,10.5,0,1,1,1,1,1,1,1,1,1,1,1,1,1,1,1,1,1,1,0,1,1,1,1,0,1,1,-0.15774460134502,-0.0630978405380079,-0.229415733870562,-0.258198889747161,0,-0.462910049886276,-0.72705816089329,-0.395628284037472,-0.362142984170074,-0.377964473009227,-0.439057039958761,-1.37232229541397,-0.594670777265314,-0.264475941835026,-0.229415733870562,-0.258198889747161,0,-1.38873014965883,8.14305140200485,-2.37376970422483,-1.4485719366803,-1.51185789203691,-1.75622815983505,30.1910904991074,-1.83753270174982,-0.226655882152617
"Bartolo Colon","P",0.425421022423092,0.476627435587413,"NYM","New York Mets",2014,2015,41.7,9.561,1,2,42.2,10.061,0,0,0,0,0,162,90,72,1,1,18,1,0,1,683,5527,1351,177,613,0.48,0.25,3.76,43,33,1,1,1,25,5,4,0,0,815,0.519,91,3.84,10,1.2,1.1,6.3,5.67,1089,1,1,1,625,25,16,0,0,664225,0.269361,8281,14.7456,100,1.44,1.21,39.69,32.1489,9.47,-1.32,9.47,-1.32,20,0,13,0,87,0,51,0,233.7,0.3,220,0,111,0,102,0,79,0,269,0,54,0,7,0,20,0,13,0,87,0,51,0,233.7,0.3,220,0,111,0,102,0,79,0,269,0,54,0,7,0,1,1,0,0,1,1,0,0,0,0,1,0,1,1,0,0,0,1,0,0,0,0,0,0,1,1,-0.422443238003334,-0.549176209404334,3.13049516849971,3.60555127546399,-3.32354885799716,0,12.7033969628018,14.6301370154524,8.92208516007349,8.91132788679007,-2.70021096222246,8.29206634755582,-0.56610429610989,-0.467920017585423,43.8269323589959,46.8721665810319,103.030014597912,0,2466.99969017612,3174.73973235316,838.676005046908,802.019509811106,64.805063093339,1127.72102326759,-2.35499387181714,-0.579284981770754
"Bartolo Colon","P",0.743602325245404,0.782939417192724,"OAK","Oakland Athletics",2013,2013,40.2,8.061,0,1,40.2,8.061,2,0,1,0,1,162,96,66,1,1,30,0,0,0,785,5521,1405,186,637,0.487,0.259,3.97,43,30,0,3,3,14,0,0,0,1,769,0.75,147,3.23,9.1,0.7,1.4,5.5,4.03,900,0,9,9,196,0,0,0,1,591361,0.5625,21609,10.4329,82.81,0.49,1.96,30.25,16.2409,5.64,-1.36,5.64,-1.36,18,0,15,0,118,0,38,0,219.7,0.7,214,0,102,0,96,0,91,0,220,0,37.8,0,5.4,0,18,0,15,0,118,0,38,0,219.7,0.7,214,0,102,0,96,0,91,0,220,0,37.8,0,5.4,0,0,0,0,1,1,1,0,0,0,0,1,0,1,1,0,0,0,1,0,0,0,0,0,0,1,1,2.35802537898625,13.204942122323,4.24264068711929,-1.54919333848297,-2.76172385369497,0,12.8252868823282,13.193208391576,5.94088525786005,5.71547606649408,-3.04002602649356,7.88813839081993,-0.431022532218935,-0.501766509075316,76.3675323681471,9.2951600308978,82.8517156108491,0,2438.08703633059,2546.28921957417,356.453115471603,320.066659723669,88.1607547683133,922.912191725932,-1.14220971038018,-0.585059749581819
"Ben Lively","P",0.595332730323573,0.654564887874107,"CLE","Cleveland Guardians",2024,2024,32.4,1,1,1,32.4,1,0,0,0,0,0,161,92,69,1,1,23,0,0,0,708,5310,1263,185,621,0.513,0.265,3.83,44,29,0,0,0,23,0,5,1,2,632,0.565,106,4.66,8.3,1.4,2.9,7,2.41,841,0,0,0,529,0,25,1,4,399424,0.319225,11236,21.7156,68.89,1.96,8.41,49,5.8081,3.88,-0.91,3.88,-0.91,16,0,15,0,33,0,44,0,200,5,178,10,110,7,100,6,73,1,204,0,12.6,1.36,2.2,0.73,16,0,15,0,33,0,44,0,200,5,178,10,110,7,100,6,73,1,204,0,12.6,1.36,2.2,0.73,1,0,0,0,0,1,0,0,0,0,0,0,1,1,0,0,0,1,0,0,0,0,0,0,0,0,-0.710742315593533,0.995039241830947,3.25,2.58198889747161,5.04825202271524,0,10.6773123959169,10.4184904770425,6.38819934794547,6.4,5.7350162126104,8.26165249576526,-1.07334590350522,-0.839378828766736,42.25,25.8198889747161,146.399308658742,0,1612.27417178345,1448.1701763089,428.009356312346,409.6,281.015794417909,974.8749945003,4.08944789235487,1.04502664181459
"Ben Lively","P",0.550058627570972,0.550881995663466,"CIN","Cincinnati Reds",2023,2023,31.4,0,0,1,31.4,0,0,0,0,0,0,162,82,80,0,0,2,0,0,1,783,5499,1371,198,821,0.504,0.261,3.77,44,19,0,0,0,20,0,3,0,1,383,0.364,87,5.35,9.7,2,2.5,8,3.16,361,0,0,0,400,0,9,0,1,146689,0.132496,7569,28.6225,94.09,4,6.25,64,9.9856,6.59,-2.18,6.59,-2.18,20,0,16,0,107,0,38,0,243.7,0.3,227,0,119,0,112,0,84,0,253,0,67.5,0,10.5,0,20,0,16,0,107,0,38,0,243.7,0.3,227,0,119,0,112,0,84,0,253,0,67.5,0,10.5,0,1,1,1,1,1,1,1,1,1,1,1,1,1,1,0,0,0,1,0,0,0,0,0,0,1,1,-0.155817877426324,-0.0623271509705296,-0.894427190999916,-1.75,-1.1600837868548,0,-5.64990077296565,-6.37174379135973,-4.85850203424952,-5.00802926737226,-2.72772362794991,-4.96668744634926,-0.654832746528399,-0.421248145396511,3.57770876399966,12.25,13.9210054422576,0,498.32124817557,611.687403970534,257.500607815225,265.42555117073,68.1930906987476,392.368308261591,-3.52300017632278,-0.575003718466237
"Blake Parker","P",0.514750535048532,0.470022410854638,"MIN","Minnesota Twins",2019,2019,34.2,4.036,1,1,34.2,4.036,0,0,0,0,0,162,101,61,1,1,40,0,0,0,939,5732,1547,307,754,0.481,0.263,3.99,46,60,21,0,0,13,0,3,0,4,255,0.5,100,5.07,7.8,1.9,3.2,9.5,2.95,3600,441,0,0,169,0,9,0,16,65025,0.25,10000,25.7049,60.84,3.61,10.24,90.25,8.7025,5.35,-2.14,5.35,-2.14,16,0,14,0,138,0,36,0,211.3,1,221,0,112,0,103,0,87,0,234,0,45,0,5,0,16,0,14,0,138,0,36,0,211.3,1,221,0,112,0,103,0,87,0,234,0,45,0,5,0,1,1,1,1,1,1,1,1,1,1,1,1,1,1,0,0,1,0,0,0,0,0,0,0,1,1,-0.129701310350135,-0.0389103931050405,-0.75,-0.801783725737273,-0.17025130615175,-1.66666666666667,-4.20331039394732,-3.56516580818046,-3.02371578407382,-3.05452076230931,-2.35864757664315,-4.24918292799399,-0.678273953174936,-0.546942227296449,2.25,2.40535117721182,-0.340502612303499,16.6666666666667,256.822265070181,188.953787833564,96.7589050903622,94.6901436315886,51.8902466861493,276.196890319609,-3.08614648694596,-0.668910343983557
"Blake Parker","P",0.592469905464811,0.648008690330647,"LAA","Los Angeles Angels",2017,2017,32.2,2.036,1,1,32.2,2.036,0,0,0,0,0,162,80,82,0,0,-2,0,0,0,710,5415,1314,186,709,0.501,0.258,3.95,46,71,17,0,0,7,0,1,0,4,254,0.5,168,2.71,5.3,0.9,2.1,11.5,5.38,5041,289,0,0,49,0,1,0,16,64516,0.25,28224,7.3441,28.09,0.81,4.41,132.25,28.9444,6.93,-1.88,6.93,-1.88,20,0,15,0,153,0,41,0,238.3,0.3,211,0,109,0,102,0,91,0,219,0,37.8,0,9,0,20,0,15,0,153,0,41,0,238.3,0.3,211,0,109,0,102,0,91,0,219,0,37.8,0,9,0,1,0,1,1,1,1,1,1,1,1,1,1,1,1,1,0,1,0,0,0,0,0,0,0,1,1,-0.645776599937948,1.09782021989451,-0.670820393249937,-0.774596669241483,0,-1.24939009510885,-4.34670832573209,-2.75371356328606,-1.9156525704423,-1.88128033165568,-1.67725573875507,-5.81134145423558,-0.413131030881546,-0.277333333333333,-2.01246117974981,2.32379000772445,0,9.99512076087079,291.664128656623,110.148542531442,38.3130514088461,35.7443263014579,26.8360918200811,499.77536506426,-1.04935281843913,-0.230741333333333
"Blake Treinen","P",0.586401894312022,0.610165613020241,"LAD","Los Angeles Dodgers",2021,2022,33.6,1.5,0,2,34.1,2,0,0,0,0,0,162,111,51,1,1,60,0,0,2,847,5526,1418,212,513,0.531,0.261,3.52,48,5,1,0,0,1,0,0,0,0,17,0.5,240,3.91,1.8,1.8,1.8,10.8,6,25,1,0,0,1,0,0,0,0,289,0.25,57600,15.2881,3.24,3.24,3.24,116.64,36,8.88,-1.33,8.88,-1.33,21,0,16,0,139,0,47,0,233.3,0,198,0,127,0,117,0,85,0,301,0,81,0,9,0,21,0,16,0,139,0,47,0,233.3,0,198,0,127,0,117,0,85,0,301,0,81,0,9,0,1,1,1,1,1,1,1,1,1,1,1,1,1,1,1,1,1,1,1,1,1,1,1,1,1,1,-0.0671156055214024,-0.0134231211042805,-0.218217890235992,-0.25,0,0,-0.327350218347579,-0.0710669054518702,-0.0887356509416114,-0.0924500327042048,-0.108465228909328,-0.345834250622541,-0.2,-0.133333333333333,-0.218217890235992,-0.25,0,0,-1.63675109173789,-0.0710669054518702,-0.0887356509416114,-0.0924500327042048,-0.108465228909328,-2.07500550373525,-0.36,-0.0533333333333333
"Blake Treinen","P",0.622580792776532,0.51942540545267,"LAD","Los Angeles Dodgers",2020,2020,32.1,0,1,1,32.1,0,0,0,0,0,0,60,43,17,1,1,26,1,1,0,349,2042,523,118,213,0.528,0.261,3.53,48,27,3,0,0,1,1,2,0,2,107,0.5,114,3.15,8.1,0.4,2.8,7.7,2.75,729,9,0,0,1,1,4,0,4,11449,0.25,12996,9.9225,65.61,0.16,7.84,59.29,7.5625,8.88,-1.33,8.88,-1.33,21,0,16,0,139,0,47,0,233.3,0,198,0,127,0,117,0,85,0,301,0,81,0,9,0,21,0,16,0,139,0,47,0,233.3,0,198,0,127,0,117,0,85,0,301,0,81,0,9,0,1,1,1,1,1,1,1,1,1,1,1,1,1,1,1,0,1,1,0,0,0,0,0,0,1,1,0.0671156055214024,-0.0134231211042805,-0.654653670707977,-0.75,0,-0.145864991497895,-1.6498451004718,-1.63453882539301,-1.33103476412417,-1.01695035974625,-0.867721831274625,-1.26805891894932,-0.428888888888889,-0.402666666666667,-1.96396101212393,2.25,0,-0.145864991497895,41.5760965318893,37.5943929840393,19.9655214618626,11.1864539572088,6.941774650197,27.897296216885,-1.65551111111111,-0.486421333333333
"Boone Logan","P",0.482528052776027,0.396229227708066,"CLE","Cleveland Guardians",2017,2017,33,3.14,1,1,33,3.14,0,0,0,0,0,162,102,60,1,1,42,0,0,1,818,5511,1449,212,564,0.511,0.266,3.83,50,38,4,0,0,2,0,1,0,0,91,1,98,3.16,8.6,0.9,3.9,12,3.11,1444,16,0,0,4,0,1,0,0,8281,1,9604,9.9856,73.96,0.81,15.21,144,9.6721,3.88,-0.91,3.88,-0.91,16,0,15,0,33,0,44,0,200,5,178,10,110,7,100,6,73,1,204,0,12.6,1.36,2.2,0.73,16,0,15,0,33,0,44,0,200,5,178,10,110,7,100,6,73,1,204,0,12.6,1.36,2.2,0.73,1,1,1,1,1,1,1,1,1,1,1,1,1,1,1,1,1,1,0,0,0,0,0,0,0,0,0,0,-0.25,0,0,0,-1.48492424049175,-1.49906337799172,-1.23950136601927,-1.1,-1.05337032476518,-1.96039211763921,-1.32689217992377,-0.931070010061737,-0.25,0,0,0,31.1834090503267,29.9812675598345,16.1135177582505,12.1,9.48033292288658,54.890979293898,6.24966216744096,1.28580768389526
"Boone Logan","P",0.444220852938543,0.585291573214191,"COL","Colorado Rockies",2014,2016,31,1.14,1,3,32,2.14,0,0,0,0,0,162,75,87,0,0,-12,0,0,0,845,5614,1544,204,860,0.466,0.275,4.99,50,66,9,0,0,4,5,2,0,4,187,0.286,132,3.23,5.2,0.8,3.9,11.1,2.85,4356,81,0,0,16,25,4,0,16,34969,0.081796,17424,10.4329,27.04,0.64,15.21,123.21,8.1225,7.74,-1.53,7.74,-1.53,16,0,15,0,129,0,43,0,202.3,0.3,206,0,109,0,101,0,87,0,230,0,54,0,15,0,16,0,15,0,129,0,43,0,202.3,0.3,206,0,109,0,101,0,87,0,230,0,54,0,15,0,1,1,1,1,1,1,1,1,1,1,1,1,1,1,1,0,1,1,0,0,0,0,0,0,1,1,-0.215665546406877,-0.129399327844126,-0.5,-1.29099444873581,0,-0.152498570332605,-3.24117875825386,-1.88117913858737,-2.20300045600865,-1.89057066139898,-2.14422506967559,-3.75846869835599,-0.502145397270552,-0.261813674203621,-1,6.45497224367903,0,-0.152498570332605,149.418340755503,50.7918367418589,50.6690104881989,35.9208425665806,42.8845013935118,214.232715806291,-1.85291651592833,-0.265479065642472
"Brad Boxberger","P",0.557190628080159,0.567215095494975,"MIL","Milwaukee Brewers",2022,2022,34.2,8.033,0,1,34.2,8.033,0,0,0,0,0,162,86,76,0,0,10,0,0,0,725,5417,1271,219,688,0.484,0.257,4.16,51,70,9,0,0,6,1,2,0,0,268,0.571,137,3.57,7.3,0.8,3.8,9.6,2.52,4900,81,0,0,36,1,4,0,0,71824,0.326041,18769,12.7449,53.29,0.64,14.44,92.16,6.3504,5.64,-2.19,5.64,-2.19,17,0,16,0,97,0,46,0,212.3,0.3,214,0,108,0,99,0,86,0,243,0,54,0,9,0,17,0,16,0,97,0,46,0,212.3,0.3,214,0,108,0,99,0,86,0,243,0,54,0,9,0,1,1,1,1,1,1,1,1,1,1,1,1,1,1,0,0,1,1,0,0,0,0,0,0,1,1,-0.505291152639911,-0.606349383167894,-0.970142500145332,-0.75,0,-0.147441956154897,-4.3924312927271,-3.55464682052825,-2.21317603189357,-2.11057941204435,-2.91148487649284,-4.36220203387717,-0.401444152289465,-0.411333333333333,3.88057000058133,2.25,0,-0.147441956154897,281.115602734535,184.841634667469,50.903048733552,44.3221676529313,78.6100916653066,296.629738303648,-1.18426024925392,-0.507585333333333
"Brad Boxberger","P",0.591613107136099,0.646046523808043,"MIA","Miami Marlins",2020,2020,32.2,6.05,1,1,32.2,6.05,0,0,0,0,0,60,31,29,0,1,2,0,0,0,263,1935,472,60,304,0.463,0.257,4.31,51,23,0,0,0,3,0,1,0,0,79,1,154,4.86,8.5,1.5,4,9,2.25,529,0,0,0,9,0,1,0,0,6241,1,23716,23.6196,72.25,2.25,16,81,5.0625,6.18,-1.4,6.18,-1.4,16,0,15,0,89,0,40,0,205.7,0.3,223,0,107,0,97,0,83,0,253,0,32.4,0,9,0,16,0,15,0,89,0,40,0,205.7,0.3,223,0,107,0,97,0,83,0,253,0,32.4,0,9,0,1,1,1,1,1,1,1,1,1,1,1,1,1,1,1,1,1,1,0,0,1,1,0,0,1,1,-0.201129496677282,-0.100564748338641,-0.25,0,0,0,-1.25503361811388,-1.13840420131012,-0.676715542331965,-0.609207699080171,-0.878114079917523,-1.13165030423148,-0.52704627669473,-0.463,-0.25,0,0,0,22.5906051260498,19.3528714222721,-4.73700879632375,-3.65524619448103,7.02491263934018,20.3697054761666,-1.58113883008419,-0.643107
"Brandon Mccarthy","P",0.613396127801763,0.624142731504806,"LAD","Los Angeles Dodgers",2015,2018,33.1,3,1,4,34.1,4,0,0,0,0,0,164,104,58,1,1,46,1,0,0,770,5408,1347,221,580,0.527,0.262,3.53,58,19,0,0,0,5,0,3,0,4,384,0.6,104,3.28,8.6,0.5,2.6,7,2.67,361,0,0,0,25,0,9,0,16,147456,0.36,10816,10.7584,73.96,0.25,6.76,49,7.1289,8.88,-1.33,8.88,-1.33,21,0,16,0,139,0,47,0,233.3,0,198,0,127,0,117,0,85,0,301,0,81,0,9,0,21,0,16,0,139,0,47,0,233.3,0,198,0,127,0,117,0,85,0,301,0,81,0,9,0,1,1,1,1,1,1,1,1,1,1,1,1,1,1,0,0,0,1,0,0,0,0,0,0,1,1,-0.26846242208561,-0.214769937668488,-1.30930734141595,-1,-1.35710228748795,0,-6.03633802632935,-6.32495458521644,-3.81563299048929,-3.7904513408724,-2.92856118055186,-4.15001100747049,-0.442222222222222,-0.417333333333333,7.85584404849573,4,21.7136365998073,0,556.550366027566,562.920958084263,164.072218591039,155.408504975768,79.0711518749002,298.800792537875,-1.76004444444444,-0.522501333333333
"Brandon Mccarthy","P",0.761280691018366,0.662020639742693,"ARI","Arizona Diamondbacks",2013,2014,30.6,0.5,1,2,31.1,1,0,0,0,0,0,162,64,98,0,0,-34,0,0,0,615,5552,1379,118,742,0.492,0.258,4.23,58,32,0,1,1,25,4,3,0,4,836,0.4,94,3.55,10,1.1,1.5,7.9,5.3,1024,0,1,1,625,16,9,0,16,698896,0.16,8836,12.6025,100,1.21,2.25,62.41,28.09,5.73,-1.54,5.73,-1.54,21,0,15,0,124,0,45,0,222,0.3,227,0,114,0,98,0,84,0,246,0,37.13,0,6.75,0,21,0,15,0,124,0,45,0,222,0.3,227,0,114,0,98,0,84,0,246,0,37.13,0,6.75,0,1,1,1,0,1,1,0,0,0,0,1,0,1,1,0,0,0,1,0,0,0,0,0,0,1,1,-0.417755993144357,-0.417755993144357,-2.18217890235992,3.87298334620742,-2.8736848324284,0,13.4231211042805,14.7346575175194,9.36585811581694,9.0913729009699,-3.60059518889387,11.1575924786084,-0.664649295266982,-0.490747728811182,21.8217890235992,58.0947501931113,91.9579146377088,0,2684.6242208561,3271.0939688893,936.585811581694,818.223561087291,118.819641233498,1952.57868375647,-2.69182964583128,-0.625703354234257
"Brett Anderson","P",0.504594266546748,0.446763390171512,"MIL","Milwaukee Brewers",2020,2020,32.5,10.135,1,1,32.5,10.135,0,0,0,0,0,60,29,31,0,1,-2,0,0,1,247,1920,429,75,264,0.481,0.257,4.18,61,10,0,0,0,6,0,4,0,0,202,0.5,108,4.38,9.6,1.1,1.9,6.1,3.2,100,0,0,0,36,0,16,0,0,40804,0.25,11664,19.1844,92.16,1.21,3.61,37.21,10.24,5.64,-2.19,5.64,-2.19,17,0,16,0,97,0,46,0,212.3,0.3,214,0,108,0,99,0,86,0,243,0,54,0,9,0,17,0,16,0,97,0,46,0,212.3,0.3,214,0,108,0,99,0,86,0,243,0,54,0,9,0,1,1,1,1,1,1,1,1,1,1,1,1,1,1,0,0,0,1,0,0,0,0,0,0,1,1,-0.252645576319956,-0.151587345791973,-0.970142500145332,-1,-1.01534616513362,0,-3.22569173059647,-3.41792963512332,-2.3094010767585,-2.21108319357027,-1.07832773203438,-2.05280095711867,-0.572908434284288,-0.425666666666667,3.88057000058133,4,10.1534616513362,0,151.607511338034,170.896481756166,55.4256258422041,48.6438302585459,10.7832773203438,65.6896306277974,-2.41194450833685,-0.543576333333333
"Brett Anderson","P",0.621897960089816,0.715402313398702,"OAK","Oakland Athletics",2019,2019,31.5,9.135,0,1,31.5,9.135,0,0,0,0,0,162,97,65,0,1,32,0,0,1,845,5561,1384,257,680,0.489,0.259,3.98,61,31,0,0,0,20,2,4,0,4,743,0.591,111,4.57,9.3,1,2.5,4.6,1.84,961,0,0,0,400,4,16,0,16,552049,0.349281,12321,20.8849,86.49,1,6.25,21.16,3.3856,5.64,-1.36,5.64,-1.36,18,0,15,0,118,0,38,0,219.7,0.7,214,0,102,0,96,0,91,0,220,0,37.8,0,5.4,0,18,0,15,0,118,0,38,0,219.7,0.7,214,0,102,0,96,0,91,0,220,0,37.8,0,5.4,0,0,0,0,0,1,1,0,0,0,0,0,1,1,1,0,0,0,1,0,0,0,0,0,0,1,1,1.22112028554645,3.54124882808471,3.06412938514171,2.32379000772445,-2.8537813154848,0,11.8740162613875,12.3729052791464,7.9211803438134,7.7567175188134,5.1365956999374,-6.06779876216918,-0.632708547294966,-0.562443248165899,39.8336820068422,20.91411006952,88.4672207800289,0,2089.8268620042,2239.4958555255,633.694427505072,589.510531429818,251.693189296933,546.101888595226,-2.46123624897742,-0.73511332535283
"Brett Anderson","P",0.496123351057656,0.427364021345134,"OAK","Oakland Athletics",2018,2018,30.5,8.155,1,1,30.5,8.155,0,0,0,0,0,162,97,65,0,1,32,0,0,0,813,5579,1407,227,674,0.488,0.259,3.98,61,17,0,0,0,10,0,2,0,3,333,0.444,93,4.17,10.1,1.1,1.5,5.3,3.62,289,0,0,0,100,0,4,0,9,110889,0.197136,8649,17.3889,102.01,1.21,2.25,28.09,13.1044,5.64,-1.36,5.64,-1.36,18,0,15,0,118,0,38,0,219.7,0.7,214,0,102,0,96,0,91,0,220,0,37.8,0,5.4,0,18,0,15,0,118,0,38,0,219.7,0.7,214,0,102,0,96,0,91,0,220,0,37.8,0,5.4,0,1,1,1,1,1,1,1,1,1,1,1,1,1,1,0,0,0,1,0,0,0,0,0,0,0,1,-0.252645576319956,-0.151587345791973,-0.942809041582063,-1.29099444873581,-1.56497685042715,0,-5.404026718961,-6.15227334322197,-4.15861968050203,-4.08248290463863,-1.36277028773849,-3.16873935357724,-0.728672054468238,-0.551684961093101,3.77123616632825,6.45497224367903,26.6046064572615,0,432.862540188776,553.704600889977,174.662026581085,163.299316185545,17.7160137406004,148.93074961813,3.26445080401771,-0.707260120121355
"Brett Anderson","P",0.632770167857182,0.740300917180988,"TOR","Toronto Blue Jays",2017,2017,29.5,8,1,1,29.5,8,0,0,0,0,0,162,76,86,0,0,-10,0,0,1,693,5499,1320,222,784,0.498,0.261,4.21,61,13,0,0,0,5,0,0,0,2,251,0.5,71,4.1,11.9,0.8,3.4,6.2,1.81,169,0,0,0,25,0,0,0,4,63001,0.25,5041,16.81,141.61,0.64,11.56,38.44,3.2761,6.59,-1.53,6.59,-1.53,20,0,15,0,129,0,39,0,224.7,0.3,228,0,113,0,105,0,85,0,248,0,40.5,0,9,0,20,0,15,0,129,0,39,0,224.7,0.3,228,0,113,0,105,0,85,0,248,0,40.5,0,9,0,1,1,1,1,1,1,1,1,1,1,1,1,1,1,0,0,0,1,0,0,0,0,0,0,0,1,0.194772346782905,-0.0973861733914525,-0.894427190999916,-1.03279555898864,-1.14458617822331,0,-3.67578467383528,-4.83454310328741,-3.85695556037275,-3.80601028449928,-2.27776980709589,-2.41300241300362,-0.996234887271714,-0.566333333333333,3.57770876399966,4.13118223595458,14.879620316903,0,202.535735528324,352.921646539981,158.135177975283,148.434401095472,47.8331659490137,91.6940916941375,6.31612918530266,-0.962200333333333
"Brett Anderson","P",0.329598109479021,0.0460021030914009,"LAD","Los Angeles Dodgers",2016,2016,28.5,7,0,1,28.5,7,0,0,0,0,0,162,91,71,1,1,20,0,0,1,725,5518,1376,189,638,0.526,0.262,3.54,61,4,0,0,0,4,0,0,0,2,62,0.333,35,7.91,19.9,3.2,3.2,4,1.25,16,0,0,0,16,0,0,0,4,3844,0.110889,1225,62.5681,396.01,10.24,10.24,16,1.5625,8.88,-1.33,8.88,-1.33,21,0,16,0,139,0,47,0,233.3,0,198,0,127,0,117,0,85,0,301,0,81,0,9,0,21,0,16,0,139,0,47,0,233.3,0,198,0,127,0,117,0,85,0,301,0,81,0,9,0,1,1,1,1,1,1,1,1,1,1,1,1,1,1,1,1,1,1,0,0,0,0,1,1,0,0,0.234904619324908,-0.164433233527436,-0.218217890235992,-0.5,-0.254456678903991,0,-0.726717484731625,-1.77667263629675,-1.33103476412417,-1.38675049056307,-0.433860915637312,-0.288195208852117,-1.32333333333333,-0.853,-0.218217890235992,-1,-0.763370036711974,0,8.06656408052103,44.4168159074188,19.9655214618626,20.8012573584461,-1.73544366254925,-1.44097604426059,15.7609,2.182827
"Brett Anderson","P",0.607910986955873,0.683370539390405,"LAD","Los Angeles Dodgers",2015,2015,27.5,6,1,1,27.5,6,0,0,0,0,0,162,92,70,1,1,22,0,0,1,667,5385,1346,187,595,0.525,0.262,3.53,61,31,0,1,0,18,2,2,2,4,750,0.526,100,3.94,9.7,0.9,2.3,5.8,2.52,961,0,1,0,324,4,4,4,16,562500,0.276676,10000,15.5236,94.09,0.81,5.29,33.64,6.3504,8.88,-1.33,8.88,-1.33,21,0,16,0,139,0,47,0,233.3,0,198,0,127,0,117,0,85,0,301,0,81,0,9,0,21,0,16,0,139,0,47,0,233.3,0,198,0,127,0,117,0,85,0,301,0,81,0,9,0,1,1,1,0,1,1,0,0,0,0,0,1,1,1,0,0,0,1,0,0,0,0,0,0,1,1,-0.503367041410518,-0.755050562115777,-2.18217890235992,2.25,-2.62938568200791,0,11.7911548648798,13.7869796576628,7.27632337721213,6.84130242011116,4.98940052982909,-6.68612884536913,-0.41,-0.443666666666667,21.8217890235992,20.25,81.5109561422452,0,2123.58699116485,2674.67405358658,596.658516931395,506.256379088226,229.512424372138,775.590946062819,-1.5129,-0.590520333333333
"Bryan Holaday","NP",0.531086320900526,0.50743323560193,"MIA","Miami Marlins",2019,2019,31.8,4.056,0,1,31.8,4.056,0,0,0,0,0,162,57,105,0,0,-48,0,0,0,615,5512,1326,146,808,0.462,0.257,4.31,68,1,1,0,0,0,0,0,0,0,1,0,0,3.21,0,0,0,0,0,1,1,0,0,0,0,0,0,0,1,0,0,10.3041,0,0,0,0,0,6.18,-1.4,6.18,-1.4,16,0,15,0,89,0,40,0,205.7,0.3,223,0,107,0,97,0,83,0,253,0,32.4,0,9,0,16,0,15,0,89,0,40,0,205.7,0.3,223,0,107,0,97,0,83,0,253,0,32.4,0,9,0,1,1,1,1,1,1,1,1,1,1,1,1,1,1,1,1,1,1,1,1,1,1,1,1,1,1,0,0,0,0,0,0,-0.00697240898952155,0,0,0,0,0,0,0,0,0,0,0,-0.000697240898952155,0,0,0,0,0,0,0
"Bryan Holaday","NP",0.54996140716039,0.550659349763532,"MIA","Miami Marlins",2018,2018,30.8,3.056,1,1,30.8,3.056,0,0,0,0,0,161,63,98,0,0,-35,0,0,1,589,5488,1303,128,809,0.467,0.258,4.29,68,2,2,0,0,1,0,0,0,0,10,0,34,8.66,18,4.5,0,4.5,0,4,4,0,0,1,0,0,0,0,100,0,1156,74.9956,324,20.25,0,20.25,0,6.18,-1.4,6.18,-1.4,16,0,15,0,89,0,40,0,205.7,0.3,223,0,107,0,97,0,83,0,253,0,32.4,0,9,0,16,0,15,0,89,0,40,0,205.7,0.3,223,0,107,0,97,0,83,0,253,0,32.4,0,9,0,1,1,1,1,1,1,1,1,1,1,1,1,1,1,1,1,1,1,1,1,1,1,1,1,0,1,0.0402258993354565,-0.00402258993354565,0,0,0,0,-0.139448179790431,-0.26785981207297,-0.290020946713699,-0.304603849540086,0,-0.0628694613461931,-2.37170824512628,-0.666666666666667,0,0,0,0,-0.278896359580862,-1.07143924829188,-0.870062840141097,-0.913811548620257,0,-0.0628694613461931,32.0180613092048,-1.33333333333333
"Bryan Shaw","P",0.57652733922415,0.611498383630058,"CHW","Chicago White Sox",2023,2023,35.8,5,1,1,35.8,5,0,0,0,0,0,162,61,101,0,0,-40,0,0,0,641,5501,1308,171,841,0.502,0.26,3.79,69,38,17,0,0,3,0,6,0,1,190,0,107,3.87,7.7,0.6,3.4,7.9,2.35,1444,289,0,0,9,0,36,0,1,36100,0,11449,14.9769,59.29,0.36,11.56,62.41,5.5225,6.53,-1.96,6.53,-1.96,17,0,19,0,151,0,40,0,226.7,0,228,0,123,0,118,0,91,0,274,0,18,0,5.4,0,17,0,19,0,151,0,40,0,226.7,0,228,0,123,0,118,0,91,0,274,0,18,0,5.4,0,1,1,1,1,1,1,1,1,1,1,1,1,1,1,1,1,1,1,0,0,0,0,0,0,0,1,-0.23479814405845,-0.14087888643507,0,0,0,-0.632455532033676,-3.00201373379168,-2.58283809627684,-1.89350623280161,-1.93320669758648,-1.78208422242726,-2.41648837332071,-0.975807358037436,-0.527586398050032,0,0,0,-2.5298221281347,135.691020767384,100.730685754797,39.7636308888338,40.5973406493161,30.2954317812634,96.6595349328283,4.03984246227498,-0.64682092400934
"Bryan Shaw","P",0.490375617164072,0.414201050960046,"CLE","Cleveland Guardians",2022,2022,34.8,4,0,1,34.8,4,0,0,0,0,0,162,92,70,1,1,22,0,0,1,698,5558,1410,127,634,0.512,0.265,3.83,69,60,11,0,0,9,1,4,0,2,261,0.75,70,4.88,8.9,1.4,4,8,2,3600,121,0,0,81,1,16,0,4,68121,0.5625,4900,23.8144,79.21,1.96,16,64,4,3.88,-0.91,3.88,-0.91,16,0,15,0,33,0,44,0,200,5,178,10,110,7,100,6,73,1,204,0,12.6,1.36,2.2,0.73,16,0,15,0,33,0,44,0,200,5,178,10,110,7,100,6,73,1,204,0,12.6,1.36,2.2,0.73,1,1,1,1,1,1,1,1,1,1,1,1,1,1,0,1,1,1,0,0,0,0,0,0,0,0,0.50767308256681,-0.50767308256681,-1.5,-0.516397779494322,-0.348155311911396,-0.150755672288882,-4.10829039869384,-4.347283796176,-3.62315783913325,-3.5,-3.04306982709939,-3.64072821847283,-1.52127765851133,-0.970847801947069,9,-1.03279555898864,-0.696310623822791,-0.150755672288882,238.691672164112,252.142460178208,137.679997887064,122.5,79.1198155045843,189.317867360587,8.21489935596118,1.39802083480378
"Bryan Shaw","P",0.602237268226597,0.670377072227609,"CLE","Cleveland Guardians",2021,2021,33.8,3,1,1,33.8,3,0,0,0,0,0,162,80,82,0,0,-2,0,0,0,717,5332,1269,203,727,0.512,0.265,3.83,69,81,10,0,0,10,0,1,0,6,334,0.462,123,4.53,8,1.2,4.4,8.3,1.87,6561,100,0,0,100,0,1,0,36,111556,0.213444,15129,20.5209,64,1.44,19.36,68.89,3.4969,3.88,-0.91,3.88,-0.91,16,0,15,0,33,0,44,0,200,5,178,10,110,7,100,6,73,1,204,0,12.6,1.36,2.2,0.73,16,0,15,0,33,0,44,0,200,5,178,10,110,7,100,6,73,1,204,0,12.6,1.36,2.2,0.73,1,1,1,1,1,1,1,1,1,1,0,1,1,1,0,0,1,1,0,0,0,0,0,0,0,0,-0.609207699080171,-0.731049238896206,-1.5,-1.80739222823013,0,-0.301511344577764,-5.45179328294828,-5.17176865407144,-3.14642654451045,-3,4.44756359345296,-4.97099429829943,-0.983196116334174,-0.933092609649127,9,12.6517455976109,0,-0.603022689155527,420.333262115312,356.85203713093,103.832075968845,90,169.007416551213,352.94059517926,3.43135444600627,1.29140017175439
"Bryan Shaw","P",0.255293136436449,0.229906437847282,"COL","Colorado Rockies",2018,2020,31.3,0.5,1,3,31.8,1,0,0,0,0,0,162,71,91,0,0,-20,0,0,0,835,5660,1502,224,958,0.471,0.274,4.97,69,70,18,0,0,12,1,5,0,1,311,0.6,96,5.19,8.6,1.5,3.6,7.3,2,4900,324,0,0,144,1,25,0,1,96721,0.36,9216,26.9361,73.96,2.25,12.96,53.29,4,7.74,-1.53,7.74,-1.53,16,0,15,0,129,0,43,0,202.3,0.3,206,0,109,0,101,0,87,0,230,0,54,0,15,0,16,0,15,0,129,0,43,0,202.3,0.3,206,0,109,0,101,0,87,0,230,0,54,0,15,0,1,1,1,1,1,1,1,1,1,1,1,1,1,1,0,1,1,1,0,0,0,0,0,0,0,1,-0.107832773203438,-0.0323498319610315,-0.75,-0.516397779494322,0,-0.152498570332605,-5.06214469835743,-4.80745779861216,-4.21443565497307,-4.27865991790295,-3.1091263510296,-3.82440674569556,-0.732125267565194,-0.351408688945886,2.25,-1.03279555898864,0,-0.152498570332605,364.474418281735,331.714588104239,185.435168818815,183.982376469827,90.1646641798585,221.815591250343,3.93883393950075,-0.478267225655351
"Buck Farmer","P",0.560248567114067,0.574218126896215,"CIN","Cincinnati Reds",2023,2023,32.5,1,0,1,32.5,1,0,0,0,0,0,162,82,80,0,0,2,0,0,1,783,5499,1371,198,821,0.504,0.261,3.77,70,71,10,0,0,11,0,4,0,1,309,0.444,111,4.62,7,1.3,3.5,8.4,2.41,5041,100,0,0,121,0,16,0,1,95481,0.197136,12321,21.3444,49,1.69,12.25,70.56,5.8081,6.59,-2.18,6.59,-2.18,20,0,16,0,107,0,38,0,243.7,0.3,227,0,119,0,112,0,84,0,253,0,67.5,0,10.5,0,20,0,16,0,107,0,38,0,243.7,0.3,227,0,119,0,112,0,84,0,253,0,67.5,0,10.5,0,1,1,1,1,1,1,1,1,1,1,1,1,1,1,0,0,1,1,0,0,0,0,0,0,1,1,-0.428499162922391,-0.47134907921463,-0.894427190999916,-1.25,0,-0.486664263392288,-4.80433739197759,-3.84959520727984,-3.30011458930156,-3.30718913883074,-3.16415940842189,-4.40086229423352,-0.511207720338155,-0.357983771912053,3.57770876399966,6.25,0,-1.45999279017686,360.325304398319,223.276522022231,118.804125214856,115.751619859076,91.7606228442348,308.060360596346,-2.14707242542025,-0.415261175417982
"Buck Farmer","P",0.578229497270104,0.615396520941988,"CIN","Cincinnati Reds",2022,2022,31.5,0,0,1,31.5,0,0,0,0,0,0,162,62,100,0,0,-38,0,0,0,648,5380,1264,156,815,0.504,0.261,3.76,70,44,10,0,0,2,0,1,0,4,199,0.5,114,3.03,6.9,0.4,4.8,10.3,2.16,1936,100,0,0,4,0,1,0,16,39601,0.25,12996,9.1809,47.61,0.16,23.04,106.09,4.6656,6.59,-2.18,6.59,-2.18,20,0,16,0,107,0,38,0,243.7,0.3,227,0,119,0,112,0,84,0,253,0,67.5,0,10.5,0,20,0,16,0,107,0,38,0,243.7,0.3,227,0,119,0,112,0,84,0,253,0,67.5,0,10.5,0,1,1,1,1,1,1,1,1,1,1,1,1,1,1,1,1,1,1,0,0,0,0,0,0,1,1,-0.272681285496067,-0.190876899847247,-0.447213595499958,-0.5,0,-0.324442842261525,-3.01071809897262,-2.3894039217599,-1.92506684375924,-1.88982236504614,-2.72772362794991,-3.39495091269443,-0.466172754498841,-0.400571496501591,-0.894427190999916,-1,0,-0.64888568452305,141.503750651713,86.0185411833564,40.4264037189441,37.7964473009227,68.1930906987476,183.327349285499,-1.78544164973056,-0.519941802459065
"Bud Norris","P",0.579506912202184,0.61832194776789,"LAA","Los Angeles Angels",2017,2017,32.4,7.068,1,1,32.4,7.068,0,0,0,0,0,162,80,82,0,0,-2,0,0,0,710,5415,1314,186,709,0.501,0.258,3.95,71,60,35,0,0,8,3,3,0,6,267,0.25,101,3.9,8.1,1.2,3.9,10.7,2.74,3600,1225,0,0,64,9,9,0,36,71289,0.0625,10201,15.21,65.61,1.44,15.21,114.49,7.5076,6.93,-1.88,6.93,-1.88,20,0,15,0,153,0,41,0,238.3,0.3,211,0,109,0,102,0,91,0,219,0,37.8,0,9,0,20,0,15,0,153,0,41,0,238.3,0.3,211,0,109,0,102,0,91,0,219,0,37.8,0,9,0,1,1,1,1,1,1,1,1,1,1,1,1,1,1,1,0,1,0,0,0,0,0,0,0,1,1,-0.113960576459638,-0.0341881729378914,-0.447213595499958,-1.54919333848297,-0.242535625036333,-2.96730147588352,-4.01633258115335,-3.85519898860048,-2.77769622714134,-2.87142787463236,-2.83036905914918,-5.0004566001562,-0.684756551185554,-0.446333333333333,-0.894427190999916,9.2951600308978,-0.727606875108999,56.3787280417868,249.012620031508,215.891143361627,80.5531905870988,83.2714083643383,76.4199645970278,370.033788411558,-2.88282508049118,-0.597640333333333
"Bud Norris","P",0.532519440314024,0.510715243563229,"ATL","Atlanta Braves",2016,2016,31.4,6.068,1,1,31.4,6.068,0,0,0,0,0,161,68,93,0,0,-25,0,0,0,649,5514,1404,122,779,0.5,0.26,3.65,71,35,1,0,0,14,4,3,0,7,495,0.375,81,4.33,9.2,1.1,3.9,8.1,2.08,1225,1,0,0,196,16,9,0,49,245025,0.140625,6561,18.7489,84.64,1.21,15.21,65.61,4.3264,6.07,-1.69,6.07,-1.69,21,0,17,0,70,0,50,0,221,1,215,0,103,0,95,0,84,0,281,0,27,0,4.33,0,21,0,17,0,70,0,50,0,221,1,215,0,103,0,95,0,84,0,281,0,27,0,4.33,0,1,1,1,0,1,1,0,0,0,0,0,1,1,1,0,0,0,1,0,0,0,0,0,0,0,1,0.0405887479234099,-0.00405887479234099,-1.30930734141595,2.42535625036333,-2.27093435773535,0,7.60120257215833,7.91113433785749,6.60170616370076,6.56626145334499,5.34633831078181,-6.08480985997331,-0.981495457622364,-0.701631223745031,7.85584404849573,24.2535625036333,43.1477527969716,0,858.935890653891,917.691583191469,442.314312967951,420.240733014079,261.970577228309,620.650605717278,5.00562683387406,-1.02438158666774
"Caleb Thielbar","P",0.539238517431291,0.526102701428741,"MIN","Minnesota Twins",2024,2024,37.5,4,0,1,37.5,4,0,0,0,0,0,162,82,80,0,0,2,0,0,1,742,5490,1352,183,735,0.482,0.262,4,73,59,18,0,0,6,2,0,0,2,216,0.333,79,4.1,9.5,1.1,4.6,10.1,2.21,3481,324,0,0,36,4,0,0,4,46656,0.110889,6241,16.81,90.25,1.21,21.16,102.01,4.8841,5.35,-2.14,5.35,-2.14,16,0,14,0,138,0,36,0,211.3,1,221,0,112,0,103,0,87,0,234,0,45,0,5,0,16,0,14,0,138,0,36,0,211.3,1,221,0,112,0,103,0,87,0,234,0,45,0,5,0,1,1,1,1,1,1,1,1,1,1,1,1,1,1,1,0,1,1,0,0,0,0,0,0,0,1,0.25940262070027,-0.155641572420162,-0.5,-1.0690449676497,0,-0.5,-3.2401950827319,-3.36336396998156,-3.11820690232612,-2.75892197886002,-2.57307008361071,-3.46471838744125,-0.793058776019925,-0.698994849766434,-1,4.27617987059879,0,-1.5,152.613188396672,168.168198499078,102.900827776762,77.2498154080806,61.753682006657,183.630074534386,4.219072688426,-1.09252895018494
"Caleb Thielbar","P",0.566423690456068,0.5883598681772,"MIN","Minnesota Twins",2023,2023,36.5,3,0,1,36.5,3,0,0,0,0,0,162,87,75,1,1,12,0,0,0,778,5489,1336,233,659,0.482,0.262,3.99,73,36,4,0,0,7,0,0,0,1,120,0.75,137,4.46,6.8,2.1,1.8,10.6,6,1296,16,0,0,49,0,0,0,1,14400,0.5625,18769,19.8916,46.24,4.41,3.24,112.36,36,5.35,-2.14,5.35,-2.14,16,0,14,0,138,0,36,0,211.3,1,221,0,112,0,103,0,87,0,234,0,45,0,5,0,16,0,14,0,138,0,36,0,211.3,1,221,0,112,0,103,0,87,0,234,0,45,0,5,0,1,1,1,1,1,1,1,1,1,1,1,1,1,1,0,1,1,1,0,0,0,0,1,0,1,1,-0.345870160933694,-0.276696128746955,-0.75,-0.267261241912424,0,0,-2.07757731419328,-1.54714742619152,-1.13389341902768,-1.08386220598072,-0.643267520902677,-2.35339362165821,-0.481499971154955,-0.42306406134296,2.25,-0.267261241912424,0,0,62.7428348886369,35.5843908024049,13.6067210283322,11.9224842657879,-3.85960512541606,84.7221703796955,-1.5552449068305,-0.40021860203044
"Caleb Thielbar","P",0.578442957911354,0.615885370313092,"MIN","Minnesota Twins",2022,2022,35.5,2,0,1,35.5,2,0,0,0,0,0,162,78,84,0,0,-6,0,0,3,696,5476,1356,178,684,0.481,0.263,4,73,67,10,0,0,5,1,0,2,1,245,0.571,112,2.42,7.7,0.8,2.7,12.1,4.44,4489,100,0,0,25,1,0,4,1,60025,0.326041,12544,5.8564,59.29,0.64,7.29,146.41,19.7136,5.35,-2.14,5.35,-2.14,16,0,14,0,138,0,36,0,211.3,1,221,0,112,0,103,0,87,0,234,0,45,0,5,0,16,0,14,0,138,0,36,0,211.3,1,221,0,112,0,103,0,87,0,234,0,45,0,5,0,1,1,1,1,1,1,1,1,1,1,1,1,1,1,0,0,1,1,0,0,0,0,0,0,1,1,-0.25940262070027,-0.155641572420162,-1,-0.801783725737273,0,-0.166666666666667,-4.06572249234512,-3.43063124938119,-2.45676907455998,-2.26625733977787,-1.92980256270803,-5.22976360368491,-0.520258482764951,-0.520109411566451,4,2.40535117721182,0,-0.166666666666667,240.284199297597,174.962193718441,63.8759959385594,52.1239188148911,34.7364461287446,418.381088294793,-1.81570210484968,-0.604887245651783
"Caleb Thielbar","P",0.57137596882421,0.599701154100568,"MIN","Minnesota Twins",2021,2021,34.5,1,0,1,34.5,1,0,0,0,0,0,162,73,89,0,0,-16,0,0,0,729,5431,1311,228,834,0.481,0.263,4,73,59,14,0,0,8,1,3,0,3,266,1,132,3.47,7.7,1.1,2.8,10.8,3.85,3481,196,0,0,64,1,9,0,9,70756,1,17424,12.0409,59.29,1.21,7.84,116.64,14.8225,5.35,-2.14,5.35,-2.14,16,0,14,0,138,0,36,0,211.3,1,221,0,112,0,103,0,87,0,234,0,45,0,5,0,16,0,14,0,138,0,36,0,211.3,1,221,0,112,0,103,0,87,0,234,0,45,0,5,0,1,1,1,1,1,1,1,1,1,1,1,1,1,1,0,1,1,1,0,0,0,0,0,0,1,1,-0.51880524140054,-0.622566289680648,-1.75,0,0,0,-4.40281285127052,-3.69970036697972,-2.26778683805536,-2.26625733977787,-2.14422506967559,-5.03364746854672,-0.481499971154955,-0.524134333925951,12.25,0,0,0,281.780022481313,203.483520183885,54.4268841133287,52.1239188148911,42.8845013935118,387.590855078098,-1.5552449068305,-0.614285439361214
"Caleb Thielbar","P",0.556268497463286,0.565103310533143,"MIN","Minnesota Twins",2020,2020,33.5,0,0,1,33.5,0,0,0,0,0,0,60,36,24,1,1,12,0,0,0,269,1937,468,91,215,0.481,0.263,3.99,73,17,3,0,0,0,0,0,0,2,82,0.667,194,2.34,6.3,0,4.1,9.9,2.44,289,9,0,0,0,0,0,0,4,6724,0.444889,37636,5.4756,39.69,0,16.81,98.01,5.9536,5.35,-2.14,5.35,-2.14,16,0,14,0,138,0,36,0,211.3,1,221,0,112,0,103,0,87,0,234,0,45,0,5,0,16,0,14,0,138,0,36,0,211.3,1,221,0,112,0,103,0,87,0,234,0,45,0,5,0,1,1,1,1,1,1,1,1,1,1,1,1,1,1,1,1,1,1,0,0,1,1,0,0,1,1,-0.172935080466847,-0.0691740321867387,-0.5,-0.267261241912424,0,0,-1.37587901602204,-0.941741911594837,-0.566946709513841,-0.492664639082147,-0.964901281354015,-1.43818499101335,-0.335410196624968,-0.514295634824952,-1,-0.267261241912424,0,0,27.5175803204407,13.1843867623277,-3.40168025708304,-2.46332319541073,8.68411153218614,31.6400698022937,-0.754672942406179,-0.591439980048694
"Chad Qualls","P",0.550701095712855,0.552353321455776,"HOU","Houston Astros",2014,2015,36.5,2.558,1,2,37,3.058,0,0,0,0,0,162,86,76,0,1,10,0,0,2,729,5459,1363,230,618,0.488,0.254,3.82,80,60,17,0,0,6,1,2,0,3,202,0.375,90,3.52,8.4,1.1,1.6,8.4,5.11,3600,289,0,0,36,1,4,0,9,40804,0.140625,8100,12.3904,70.56,1.21,2.56,70.56,26.1121,7.38,-1.76,7.38,-1.76,21,0,17,0,116,0,38,0,232,1,211,0,111,0,100,0,88,0,326,0,36,0,6,0,21,0,17,0,116,0,38,0,232,1,211,0,111,0,100,0,88,0,326,0,36,0,6,0,1,1,1,1,1,1,1,1,1,1,1,1,1,1,1,0,1,1,0,0,0,0,0,0,0,1,0,0,-0.654653670707977,-1.21267812518166,0,-0.64888568452305,-3.22357292670619,-3.16677059777897,-2.277979189806,-2.4,-0.959403223600247,-2.54770436785987,-0.73,-0.455196843867207,-1.96396101212393,6.06339062590832,0,-2.5955427380922,158.277430701274,145.671447497832,54.6715005553439,57.6,8.63462901240222,117.194400921554,3.1974,-0.507544480911936
"Chad Qualls","P",0.647649199933841,0.658707634145816,"MIA","Miami Marlins",2013,2013,35,1.058,1,1,35,1.058,0,0,0,0,0,162,62,100,0,0,-38,0,0,0,513,5449,1257,95,646,0.47,0.258,4.29,80,66,12,0,0,4,7,2,0,1,252,0.714,148,3.32,8.3,0.6,2.8,7.1,2.58,4356,144,0,0,16,49,4,0,1,63504,0.509796,21904,11.0224,68.89,0.36,7.84,50.41,6.6564,6.18,-1.4,6.18,-1.4,16,0,15,0,89,0,40,0,205.7,0.3,223,0,107,0,97,0,83,0,253,0,32.4,0,9,0,16,0,15,0,89,0,40,0,205.7,0.3,223,0,107,0,97,0,83,0,253,0,32.4,0,9,0,1,0,1,1,1,1,1,1,1,1,1,1,1,1,0,1,1,1,0,0,0,0,0,0,1,1,-0.68384028870276,1.16252849079469,-1.25,-0.516397779494322,0,0,-4.32289357350336,-3.81700232203982,-1.74012568028219,-1.82762309724051,-2.08552093980412,-3.08060360596346,-0.458530260724415,-0.408666666666667,6.25,-1.03279555898864,0,0,268.019401557208,217.56913235627,31.3222622450795,32.8972157503293,39.6248978562782,150.94957669221,-1.19676398049072,-0.501025333333333
"Charlie Culberson","NP",0.557609475524878,0.56817430422189,"TEX","Texas Rangers",2021,2021,32.3,5.051,1,1,32.3,5.051,0,0,0,0,0,162,60,102,0,0,-42,0,0,0,625,5405,1254,167,815,0.476,0.259,4.29,81,2,2,0,0,0,0,0,0,0,7,0,0,3.17,9,0,0,0,0,4,4,0,0,0,0,0,0,0,49,0,0,10.0489,81,0,0,0,0,7.73,-1.77,7.73,-1.77,18,0,14,0,113,0,43,0,223.3,0.3,221,0,114,0,106,0,89,0,277,0,108,0,21,0,18,0,14,0,113,0,43,0,223.3,0.3,221,0,114,0,106,0,89,0,277,0,108,0,21,0,1,1,1,1,1,1,1,1,1,1,1,1,1,1,1,1,1,1,1,1,1,1,1,1,1,1,-0.0359675000632803,-0.00359675000632803,0,0,0,0,-0.133839909449301,-0.134534558799262,0,0,0,0,0,-0.218217890235992,0,0,0,0,-0.267679818898603,-0.269069117598525,0,0,0,0,0,-0.218217890235992
"Charlie Culberson","NP",0.566523071925245,0.588587463149381,"ATL","Atlanta Braves",2020,2020,31.3,4.084,0,1,31.3,4.084,0,0,0,0,0,60,35,25,1,1,10,0,0,1,348,2074,556,103,288,0.501,0.26,3.67,81,1,1,0,0,0,0,0,0,0,1,0,0,3.19,0,0,0,0,0,1,1,0,0,0,0,0,0,0,1,0,0,10.1761,0,0,0,0,0,6.07,-1.69,6.07,-1.69,21,0,17,0,70,0,50,0,221,1,215,0,103,0,95,0,84,0,281,0,27,0,4.33,0,21,0,17,0,70,0,50,0,221,1,215,0,103,0,95,0,84,0,281,0,27,0,4.33,0,1,1,1,1,1,1,1,1,1,1,1,1,1,1,1,1,1,1,1,1,1,1,1,1,1,1,0,0,0,0,0,0,-0.00672672793996312,0,0,0,0,0,0,0,0,0,0,0,-0.000672672793996312,0,0,0,0,0,0,0
"Charlie Morton","P",0.498642644779555,0.433133493152051,"ATL","Atlanta Braves",2023,2023,39.8,8,0,1,39.8,8,0,0,0,0,0,162,104,58,1,1,46,0,0,0,947,5597,1543,307,716,0.503,0.26,3.67,82,30,0,0,0,14,2,12,2,4,716,0.538,120,3.87,8.3,0.8,4.6,10.1,2.2,900,0,0,0,196,4,144,4,16,512656,0.289444,14400,14.9769,68.89,0.64,21.16,102.01,4.84,6.07,-1.69,6.07,-1.69,21,0,17,0,70,0,50,0,221,1,215,0,103,0,95,0,84,0,281,0,27,0,4.33,0,21,0,17,0,70,0,50,0,221,1,215,0,103,0,95,0,84,0,281,0,27,0,4.33,0,0,0,0,0,1,1,0,0,0,0,0,0,1,1,0,0,0,1,0,0,0,0,0,0,1,1,1.2176624377023,3.6529873131069,3.05505046330389,2.910427500436,-3.58568582800318,0,10.9712932700799,10.2299150920571,6.89730494715005,6.77145712376202,9.05604244479368,10.9168647487757,-0.700518326616746,-0.685772435811068,42.7707064862545,34.9251300052319,107.570574840095,0,1789.41793235002,1534.48726380857,482.811346300504,446.916170168293,751.651522917876,1997.78624902594,-2.54988670888496,-0.978597265902393
"Charlie Morton","P",0.543027684488816,0.53478032894,"ATL","Atlanta Braves",2022,2022,38.8,7,0,1,38.8,7,0,0,0,0,0,162,101,61,1,1,40,0,0,1,789,5509,1394,243,609,0.502,0.26,3.67,82,31,0,0,0,28,0,18,0,4,728,0.6,94,4.26,7.8,1.5,3.3,10.7,3.25,961,0,0,0,784,0,324,0,16,529984,0.36,8836,18.1476,60.84,2.25,10.89,114.49,10.5625,6.07,-1.69,6.07,-1.69,21,0,17,0,70,0,50,0,221,1,215,0,103,0,95,0,84,0,281,0,27,0,4.33,0,21,0,17,0,70,0,50,0,221,1,215,0,103,0,95,0,84,0,281,0,27,0,4.33,0,1,0,1,1,1,1,0,0,0,0,0,0,1,1,0,0,0,1,0,0,0,0,0,0,0,1,-0.690008714697969,1.17301481498655,-1.96396101212393,-1.455213750218,-3.70520868893662,0,11.5699720567366,10.1617156581101,8.37529886439649,8.51562032230678,6.87386354243376,12.2292747185738,-0.835233389427659,-0.592541985532618,17.6756491091154,8.73128250130799,114.861469357035,0,1990.03519375869,1514.0956330584,711.900403473702,706.796486751463,433.053403173327,2507.00131730763,3.62491291011604,-0.730604268161718
"Charlie Morton","P",0.610432957870194,0.689146142275277,"ATL","Atlanta Braves",2021,2021,37.8,6,1,1,37.8,6,0,0,0,0,0,161,88,73,1,1,15,1,1,0,790,5363,1307,239,656,0.501,0.26,3.67,82,33,0,0,0,16,1,17,0,5,756,0.7,130,3.18,6.6,0.8,2.8,10.5,3.72,1089,0,0,0,256,1,289,0,25,571536,0.49,16900,10.1124,43.56,0.64,7.84,110.25,13.8384,6.07,-1.69,6.07,-1.69,21,0,17,0,70,0,50,0,221,1,215,0,103,0,95,0,84,0,281,0,27,0,4.33,0,21,0,17,0,70,0,50,0,221,1,215,0,103,0,95,0,84,0,281,0,27,0,4.33,0,0,0,0,1,1,1,0,0,0,0,0,0,1,1,0,0,0,1,0,0,0,0,0,0,1,1,1.58296116901299,6.17354855915065,3.05505046330389,-1.455213750218,-3.9442544108035,0,12.4579001448117,9.27512301679844,7.58703544186506,7.07925062938756,6.32831881684378,12.8854797034729,-0.642783299697783,-0.502194951242162,42.7707064862545,8.73128250130799,130.160395556515,0,2307.20310681913,1261.41673028459,584.201729023609,488.468293427742,367.042491376939,2783.26361595015,-2.1468962209906,-0.52479372404806
"Charlie Morton","P",0.55994640659964,0.750211894053933,"HOU","Houston Astros",2017,2018,34.3,0.5,1,2,34.8,1,1,0,0,0,0,162,103,59,1,1,44,0,0,0,797,5453,1390,205,534,0.494,0.254,3.81,82,30,0,0,0,18,0,16,0,4,695,0.833,133,3.59,7,1,3.4,10.8,3.14,900,0,0,0,324,0,256,0,16,483025,0.693889,17689,12.8881,49,1,11.56,116.64,9.8596,7.38,-1.76,7.38,-1.76,21,0,17,0,116,0,38,0,232,1,211,0,111,0,100,0,88,0,326,0,36,0,6,0,21,0,17,0,116,0,38,0,232,1,211,0,111,0,100,0,88,0,326,0,36,0,6,0,0,0,0,1,1,1,0,0,0,0,0,0,1,1,0,0,0,1,0,0,0,0,0,0,1,1,1.25155729551493,4.25529480475075,3.27326835353989,-0.727606875108999,-2.78543007265578,0,10.9640871437868,8.94956908067969,5.97969537324074,5.8,6.82242292337953,11.1323603899964,-0.521666666666667,-0.474384513519009,49.0990253030983,2.182820625327,83.5629021796733,0,1831.0025530124,1163.44398048836,376.720808514167,336.4,436.63506709629,2237.60443838928,-1.63281666666667,-0.551234804709088
"Chase Anderson","P",0.567226124382046,0.590197533977184,"CIN","Cincinnati Reds",2022,2022,34.7,1,1,1,34.7,1,0,0,0,0,0,162,62,100,0,0,-38,0,0,0,648,5380,1264,156,815,0.504,0.261,3.76,83,9,1,0,0,3,0,3,0,0,103,0.333,69,5.07,6.4,1.1,5.6,8.6,1.53,81,1,0,0,9,0,9,0,0,10609,0.110889,4761,25.7049,40.96,1.21,31.36,73.96,2.3409,6.59,-2.18,6.59,-2.18,20,0,16,0,107,0,38,0,243.7,0.3,227,0,119,0,112,0,84,0,253,0,67.5,0,10.5,0,20,0,16,0,107,0,38,0,243.7,0.3,227,0,119,0,112,0,84,0,253,0,67.5,0,10.5,0,1,1,1,1,1,1,1,1,1,1,1,1,1,1,1,0,1,1,0,0,0,0,0,0,0,1,0.077908938713162,-0.0155817877426324,-0.447213595499958,-1,-0.676715542331965,0,-1.53738796543283,-1.12832962971995,-1.65005729465078,-1.60634901028922,-1.63663417676994,-1.44599761096244,-0.776548870418436,-0.411372730998937,-0.894427190999916,4,-4.73700879632375,0,36.8973111703879,19.1816037052392,29.701031303714,27.3079331749167,24.5495126515491,33.2579450521362,4.95438179326962,-0.548359850421583
"Chase Anderson","P",0.472085906036955,0.372315513046263,"PHI","Philadelphia Phillies",2021,2021,33.7,0,1,1,33.7,0,0,0,0,0,0,162,82,80,0,0,2,0,0,0,734,5366,1288,198,745,0.472,0.261,3.99,83,14,2,0,0,10,1,3,0,0,215,0.333,62,5.86,9.6,1.9,3.8,6.6,1.75,196,4,0,0,100,1,9,0,0,46225,0.110889,3844,34.3396,92.16,3.61,14.44,43.56,3.0625,9.69,-1.47,9.69,-1.47,17,0,18,0,116,0,39,0,232.7,0.3,214,0,122,0,109,0,96,0,238,0,37.8,0,5,0,17,0,18,0,116,0,39,0,232.7,0.3,214,0,122,0,109,0,96,0,238,0,37.8,0,5,0,1,1,1,1,1,1,1,1,1,1,1,1,1,1,1,0,0,1,0,0,0,0,0,0,0,1,0.0963738849304853,-0.0289121654791456,-0.485071250072666,-0.942809041582063,-0.835629021796733,0,-3.14661092164598,-3.48628822782578,-3.25928685753067,-3.44817462679615,-2.04124145231932,-2.26871303243258,-1.0978875820671,-0.661428907744438,-0.970142500145332,3.77123616632825,7.5206611961706,0,151.037324239007,177.800699619115,117.334326871104,124.134286564661,40.8248290463863,79.4049561351401,7.41074117895292,-0.978253354554024
"Chasen Shreve","P",0.52589288914069,0.495539680730156,"NYM","New York Mets",2022,2022,32.1,2,1,1,32.1,2,0,0,0,0,0,162,101,61,0,1,40,0,0,1,772,5489,1422,171,606,0.483,0.25,3.79,84,25,4,0,0,6,1,0,0,2,114,0.5,60,5.01,9.2,2.1,3.4,9.9,2.9,625,16,0,0,36,1,0,0,4,12996,0.25,3600,25.1001,84.64,4.41,11.56,98.01,8.41,9.47,-1.32,9.47,-1.32,20,0,13,0,87,0,51,0,233.7,0.3,220,0,111,0,102,0,79,0,269,0,54,0,7,0,20,0,13,0,87,0,51,0,233.7,0.3,220,0,111,0,102,0,79,0,269,0,54,0,7,0,1,1,1,1,1,1,1,1,1,1,1,1,1,1,1,1,1,1,0,0,0,0,0,0,0,1,0.162478168462821,-0.0812390842314103,-0.223606797749979,-0.277350098112615,0,0,-1.70730515308511,-1.82033962865075,-1.80340019192975,-1.88128033165568,-1.12508790092602,-1.76816120646411,-0.883177135036824,-0.531040084577964,-0.223606797749979,-0.277350098112615,0,0,44.5606644955213,49.1491699735703,34.2646036466652,35.7443263014579,11.2508790092602,51.2766749874591,5.73181960638899,-0.74611131883204
"Chasen Shreve","P",0.550701095712855,0.552353321455776,"PIT","Pittsburgh Pirates",2021,2021,31.1,1,1,1,31.1,1,0,0,0,0,0,162,61,101,0,0,-40,0,0,0,609,5336,1261,124,833,0.502,0.264,3.74,84,57,5,0,0,7,0,1,0,0,235,0.5,134,4.73,6.9,1.1,4.5,7.2,1.61,3249,25,0,0,49,0,1,0,0,55225,0.25,17956,22.3729,47.61,1.21,20.25,51.84,2.5921,4.77,-1.91,4.77,-1.91,19,0,14,0,71,0,51,0,208,0,205,0,99,0,96,0,84,0,210,0,36,0,6,0,19,0,14,0,71,0,51,0,208,0,205,0,99,0,96,0,84,0,210,0,36,0,6,0,1,0,1,1,1,1,1,1,1,1,1,1,1,1,1,0,1,1,0,0,0,0,0,0,1,1,-0.595229110444319,0.773797843577615,-0.688247201611685,-0.801783725737273,0,0,-3.88983512602942,-3.00325027180919,-2.01007563051842,-2.04124145231932,-3.05505046330389,-3.10529501704059,-0.533333333333333,-0.514392845984467,-2.06474160483506,2.40535117721182,0,0,218.21975057025,129.139761687795,40.2015126103685,40.8248290463863,85.541412972509,139.738275766827,-1.70666666666667,-0.648134985940429
"Chasen Shreve","P",0.541476555303875,0.531228065056034,"NYM","New York Mets",2020,2020,30.1,0,0,1,30.1,0,0,0,0,0,0,60,26,34,0,0,-8,0,0,0,286,2023,551,86,308,0.48,0.25,3.8,84,17,1,0,0,4,0,0,0,0,102,1,109,3.99,6.1,1.4,4.3,12.2,2.83,289,1,0,0,16,0,0,0,0,10404,1,11881,15.9201,37.21,1.96,18.49,148.84,8.0089,9.47,-1.32,9.47,-1.32,20,0,13,0,87,0,51,0,233.7,0.3,220,0,111,0,102,0,79,0,269,0,54,0,7,0,20,0,13,0,87,0,51,0,233.7,0.3,220,0,111,0,102,0,79,0,269,0,54,0,7,0,1,1,1,1,1,1,1,1,1,1,1,1,1,1,1,1,1,1,0,0,0,0,0,0,1,1,-0.0974869010776924,-0.0292460703233077,-0.223606797749979,0,0,0,-1.63534976349148,-1.14613976618751,-1.138989594903,-1.08916229727434,-1.35010548111123,-2.07301658688895,-0.538887743412299,-0.438438788690704,-0.223606797749979,0,0,0,40.8837440872871,19.4843760251877,13.667875138836,11.9807852700178,16.2012657733347,70.4825639542244,-2.1339954639127,-0.508588994881216
"Chris Capuano","NE",0.479504231335894,0.38930432951285,"NYY","New York Yankees",2015,2015,36.9,3,0,1,36.9,3,0,0,0,0,0,162,87,75,0,1,12,0,0,1,764,5567,1397,212,698,0.569,0.267,3.64,87,22,7,0,0,6,1,3,0,0,196,0,51,5.03,11.5,1.3,4.9,8.4,1.73,484,49,0,0,36,1,9,0,0,38416,0,2601,25.3009,132.25,1.69,24.01,70.56,2.9929,6.43,-1.51,6.43,-1.51,19,0,15,0,137,0,42,0,237.3,0.3,230,0,122,0,112,0,83,0,257,0,27,0,10.5,0,19,0,15,0,137,0,42,0,237.3,0.3,230,0,122,0,112,0,83,0,257,0,27,0,10.5,0,1,1,1,1,1,1,1,1,1,1,1,1,1,1,1,0,1,1,0,0,0,0,0,0,0,1,0.433797653698805,-0.477177419068685,0,-1.03279555898864,-0.341743063086704,0,-2.60961947034913,-3.42877846165809,-3.4403583496157,-3.40168025708304,-2.41481371977319,-2.37037487389686,-1.53382721514711,-0.561664193862015,0,4.13118223595458,-1.36697225234682,0,104.906702708035,178.296480006221,130.733617285397,122.46048925499,53.1259018350101,90.0742452080807,12.2246029047224,-1.02222883282887
"Chris Capuano","NE",0.602520075868411,0.671024734190183,"BOS","Boston Red Sox",2014,2014,35.9,2,1,1,35.9,2,0,0,0,0,0,162,71,91,0,0,-20,1,1,0,634,5551,1355,123,715,0.517,0.267,3.9,87,40,4,0,0,10,3,4,1,8,429,0.429,90,3.91,9.3,0.9,3.1,7.8,2.47,1600,16,0,0,100,9,16,1,64,184041,0.184041,8100,15.2881,86.49,0.81,9.61,60.84,6.1009,6.45,-1.85,6.45,-1.85,22,0,17,0,127,0,42,0,230,0.3,235,0,125,0,114,0,75,0,237,0,27,0,6,0,22,0,17,0,127,0,42,0,230,0.3,235,0,125,0,114,0,75,0,237,0,27,0,6,0,1,1,1,1,1,1,1,1,1,1,1,1,1,1,1,0,0,1,0,0,0,0,0,0,0,1,0,0,-0.639602149066831,-0.970142500145332,-1.06482781129934,0,-6.40258439667309,-6.58851353783977,-4.56157867409957,-4.40195331443396,-3.92598183048945,-5.4563863406777,-0.837157890324957,-0.566240378873378,-1.91880644720049,3.88057000058133,12.777933735592,0,621.690944916957,665.439867321816,232.640512379078,206.891805778396,133.483382236641,458.336452616927,3.64163682291356,-0.785375405497375
"Chris Capuano","NE",0.433677212432571,0.433681908721369,"LAD","Los Angeles Dodgers",2012,2013,34.4,0.5,1,2,34.9,1,0,0,0,0,0,162,92,70,1,1,22,0,0,0,654,5491,1446,138,586,0.524,0.262,3.54,87,24,0,0,0,11,5,0,0,5,457,0.364,84,3.55,10.6,0.9,2,6.9,3.38,576,0,0,0,121,25,0,0,25,208849,0.132496,7056,12.6025,112.36,0.81,4,47.61,11.4244,8.88,-1.33,8.88,-1.33,21,0,16,0,139,0,47,0,233.3,0,198,0,127,0,117,0,85,0,301,0,81,0,9,0,21,0,16,0,139,0,47,0,233.3,0,198,0,127,0,117,0,85,0,301,0,81,0,9,0,1,1,1,1,1,1,1,0,1,1,1,1,1,1,0,0,0,1,0,0,0,0,0,0,1,1,0.134231211042805,-0.0536924844171219,-0.87287156094397,-1.75,-1.69637785935994,0,-6.88744859403306,8.88336318148377,-5.05793210367185,-4.62250163521024,-2.60316549382387,-4.6687623834043,-0.473333333333333,-0.47,3.49148624377588,12.25,33.9275571871988,0,724.559592092278,1110.42039768547,288.302129909295,231.125081760512,62.475971851773,378.169753055749,-2.0164,-0.6627
"Chris Martin","P",0.457137984595172,0.511585018737464,"BOS","Boston Red Sox",2023,2024,37.7,3.5,1,2,38.2,4,2,0,1,0,0,162,81,81,0,0,0,0,0,1,751,5577,1404,194,747,0.518,0.267,3.92,92,45,9,0,0,5,1,3,0,2,180,0.75,121,2.78,9.5,1,0.6,10.2,16.67,2025,81,0,0,25,1,9,0,4,32400,0.5625,14641,7.7284,90.25,1,0.36,104.04,277.8889,6.45,-1.85,6.45,-1.85,22,0,17,0,127,0,42,0,230,0.3,235,0,125,0,114,0,75,0,237,0,27,0,6,0,22,0,17,0,127,0,42,0,230,0.3,235,0,125,0,114,0,75,0,237,0,27,0,6,0,1,1,1,1,1,1,1,1,1,1,1,1,1,1,1,1,1,1,0,0,0,0,1,0,1,1,-0.0393749615479079,-0.00393749615479079,-0.639602149066831,-0.242535625036333,0,-0.308606699924184,-2.90786788767542,-3.06594194335118,-1.96773982019981,-1.59219587968888,-0.346410161513775,-3.24784901230815,-0.66395280956807,-0.460504071643237,-1.91880644720049,-0.242535625036333,0,-0.617213399848368,128.236973846486,144.099271337505,43.2902760443959,27.067329954711,-1.03923048454133,162.392450615408,-2.29063719300984,-0.519448592813572
"Chris Martin","P",0.69262145722102,0.703865278382703,"CHC","Chicago Cubs",2022,2022,36.2,2,1,1,36.2,2,0,0,0,0,0,162,74,88,0,0,-14,0,0,1,657,5425,1293,159,731,0.513,0.262,3.69,92,60,6,0,0,6,1,1,1,7,225,0.8,136,2.18,8,1,0.8,11.9,14.8,3600,36,0,0,36,1,1,1,49,50625,0.64,18496,4.7524,64,1,0.64,141.61,219.04,8.29,-2.3,8.29,-2.3,22,0,18,0,148,0,36,0,229,0.3,210,0,110,0,103,0,95,0,236,0,108,0,12,0,22,0,18,0,148,0,36,0,229,0.3,210,0,110,0,103,0,95,0,236,0,108,0,12,0,1,1,1,1,1,1,1,1,1,1,1,1,1,1,0,1,1,1,0,0,0,0,1,0,1,1,-0.347314355823594,-0.347314355823594,-0.852802865422442,-0.235702260395516,0,-0.333333333333333,-3.7005841625485,-3.45032779671177,-1.90692517849118,-1.87212562851216,-0.512989176042577,-4.81698970629048,-0.29348638683806,-0.283478982172106,3.41121146168977,-0.235702260395516,0,-0.666666666666667,207.232713102716,172.516389835589,38.1385035698237,35.570386941731,-2.56494588021289,356.457238265496,-0.895133479856082,-0.278376360493008
"Chris Martin","P",0.404034189833589,0.393155020865037,"ATL","Atlanta Braves",2020,2021,34.7,0.5,0,2,35.2,1,0,0,0,0,0,161,88,73,1,1,15,1,1,0,790,5363,1307,239,656,0.501,0.26,3.67,92,46,8,0,0,4,1,3,0,0,181,0.333,111,3.47,10.2,0.8,1.2,6.9,5.5,2116,64,0,0,16,1,9,0,0,32761,0.110889,12321,12.0409,104.04,0.64,1.44,47.61,30.25,6.07,-1.69,6.07,-1.69,21,0,17,0,70,0,50,0,221,1,215,0,103,0,95,0,84,0,281,0,27,0,4.33,0,21,0,17,0,70,0,50,0,221,1,215,0,103,0,95,0,84,0,281,0,27,0,4.33,0,1,1,1,1,1,1,1,1,1,1,1,1,1,1,1,0,1,1,0,0,0,0,1,0,0,1,-0.16235499169364,-0.0649419966774559,-0.436435780471985,-0.970142500145332,0,-0.14142135623731,-2.89921974212411,-3.34177226340532,-1.97065855632859,-1.94935886896179,-0.654653670707977,-1.96861495469725,-0.760177854433007,-0.609842481460578,-0.87287156094397,3.88057000058133,0,-0.14142135623731,124.956370885549,163.746840906861,39.4131711265717,37.0378185102741,-3.92792202424786,64.9642935050092,3.00270252501038,-0.773890108973473
"Clay Holmes","P",0.809800804146442,0.725671787681767,"NYY","New York Yankees",2024,2024,31.3,2,0,1,31.3,2,1,0,0,0,0,162,94,68,1,1,26,1,0,0,815,5450,1352,237,668,0.569,0.265,3.66,96,67,50,0,0,4,1,3,0,4,271,0.375,129,3.02,8.6,0.6,3.1,9.7,3.09,4489,2500,0,0,16,1,9,0,16,73441,0.140625,16641,9.1204,73.96,0.36,9.61,94.09,9.5481,6.43,-1.51,6.43,-1.51,19,0,15,0,137,0,42,0,237.3,0.3,230,0,122,0,112,0,83,0,257,0,27,0,10.5,0,19,0,15,0,137,0,42,0,237.3,0.3,230,0,122,0,112,0,83,0,257,0,27,0,10.5,0,1,1,1,1,1,0,1,1,1,1,1,1,1,1,1,0,1,0,0,0,0,0,0,0,1,1,-0.23661690201753,-0.141970141210518,-0.688247201611685,-1.29099444873581,0,4.62910049886276,-4.08970215502476,-3.95628284037472,-2.62553663523304,-2.07880460155075,-2.41481371977319,-4.24172345855228,-0.604293281751808,-0.401805923301287,-2.06474160483506,6.45497224367903,0,138.873014965883,257.65123576656,237.376970422483,76.1405624217581,45.7337012341165,53.1259018350101,288.437195181555,-1.89748090470068,-0.523151312138276
"Clay Holmes","P",0.593674394435189,0.650767108333252,"NYY","New York Yankees",2023,2023,30.3,1,1,1,30.3,1,0,0,0,0,0,162,82,80,0,0,2,0,0,0,673,5323,1207,219,698,0.569,0.266,3.65,96,66,41,0,0,2,0,3,1,5,262,0.5,152,2.65,7.3,0.3,3.3,10.1,3.09,4356,1681,0,0,4,0,9,1,25,68644,0.25,23104,7.0225,53.29,0.09,10.89,102.01,9.5481,6.43,-1.51,6.43,-1.51,19,0,15,0,137,0,42,0,237.3,0.3,230,0,122,0,112,0,83,0,257,0,27,0,10.5,0,19,0,15,0,137,0,42,0,237.3,0.3,230,0,122,0,112,0,83,0,257,0,27,0,10.5,0,1,0,1,1,1,0,1,1,1,1,1,1,1,1,0,0,1,0,0,0,0,0,0,0,1,1,-0.709850706052589,1.27773127089466,-0.917662935482247,-1.03279555898864,0,3.70328039909021,-4.08970215502476,-3.36284041431851,-1.99178641293541,-1.88982236504614,-2.52457797976288,-4.42885831701782,-0.550407256627443,-0.362612872410916,3.67065174192899,4.13118223595458,0,88.8787295781649,257.65123576656,171.504861130244,43.819301084579,37.7964473009227,58.0652935345462,314.448940508265,-1.57416475395449,-0.426070125082826
"Clay Holmes","P",0.620863665330426,0.71303365967545,"PIT","Pittsburgh Pirates",2021,2021,28.3,0,0,1,28.3,0,0,0,0,0,0,162,61,101,0,0,-40,0,0,0,609,5336,1261,124,833,0.502,0.264,3.74,96,69,15,0,0,5,2,4,1,9,292,0.667,120,3.28,6.8,0.6,3.7,10,2.69,4761,225,0,0,25,4,16,1,81,85264,0.444889,14400,10.7584,46.24,0.36,13.69,100,7.2361,4.77,-1.91,4.77,-1.91,19,0,14,0,71,0,51,0,208,0,205,0,99,0,96,0,84,0,210,0,36,0,6,0,19,0,14,0,71,0,51,0,208,0,205,0,99,0,96,0,84,0,210,0,36,0,6,0,1,0,1,1,1,1,1,1,1,1,1,1,1,1,0,0,1,1,0,0,0,0,0,0,1,1,-0.595229110444319,0.773797843577615,-1.83532587096449,-1.0690449676497,0,0,-4.85362671697075,-3.70168056757876,-3.21612100882948,-2.85773803324704,-3.16415940842189,-5.38251136287036,-0.6,-0.478058748133184,14.682606967716,4.27617987059879,0,0,339.753870187953,196.189070081675,102.915872282543,80.0166649309172,91.7606228442348,419.835886303888,-2.16,-0.559806794063958
"Clayton Kershaw","P",0.520875206937417,0.633375325389036,"LAD","Los Angeles Dodgers",2024,2025,36.4,2,0,2,36.4,2,0,0,0,0,0,162,98,64,1,1,34,1,1,1,842,5522,1423,233,686,0.532,0.261,3.53,97,7,0,0,0,2,1,2,1,2,133,0.5,89,3.53,10.8,0.6,2.7,7.2,2.67,49,0,0,0,4,1,4,1,4,17689,0.25,7921,12.4609,116.64,0.36,7.29,51.84,7.1289,8.88,-1.33,8.88,-1.33,21,0,16,0,139,0,47,0,233.3,0,198,0,127,0,117,0,85,0,301,0,81,0,9,0,21,0,16,0,139,0,47,0,233.3,0,198,0,127,0,117,0,85,0,301,0,81,0,9,0,1,1,1,1,1,1,1,1,1,1,1,1,1,1,1,1,1,1,0,0,0,0,0,0,1,1,0.100673408282104,-0.0302020224846311,-0.436435780471985,-0.5,-0.59373225077598,0,-1.96410131008547,-2.55840859626733,-1.68597736789062,-1.38675049056307,-0.976187060183953,-1.38333700249016,-0.5,-0.5,-0.87287156094397,-1,-4.15612575543186,0,58.9230393025642,92.1027094656237,32.0335699899217,20.8012573584461,8.78568354165558,33.2000880597639,-2.25,-0.75
"Clayton Kershaw","P",0.458487437380642,0.191846746014998,"LAD","Los Angeles Dodgers",2023,2023,35.4,1,0,1,35.4,1,1,0,0,0,0,162,100,62,1,1,38,0,0,0,906,5524,1422,249,699,0.531,0.261,3.52,97,24,0,0,0,19,0,3,2,6,523,0.722,175,4.03,6.8,1.3,2.7,9.4,3.43,576,0,0,0,361,0,9,4,36,273529,0.521284,30625,16.2409,46.24,1.69,7.29,88.36,11.7649,8.88,-1.33,8.88,-1.33,21,0,16,0,139,0,47,0,233.3,0,198,0,127,0,117,0,85,0,301,0,81,0,9,0,21,0,16,0,139,0,47,0,233.3,0,198,0,127,0,117,0,85,0,301,0,81,0,9,0,1,0,0,1,1,1,0,0,1,1,1,1,1,1,0,0,0,1,0,0,0,0,0,0,1,1,-1.24163870214594,4.59406319794,2.8368325730679,-1.25,-2.03565343123193,0,8.58966972944046,7.10669054518702,-3.46069038672284,-3.32820117735137,-4.33860915637312,-7.89654872254802,-0.273333333333333,-0.354333333333333,36.8788234498827,6.25,48.8556823495663,0,1126.96466850259,710.669054518702,134.966925082191,119.815242384649,173.544366254925,1081.82717498908,-0.6724,-0.376656333333333
"Clayton Kershaw","P",0.575272733475665,0.608625192452799,"LAD","Los Angeles Dodgers",2022,2022,34.4,0,0,1,34.4,0,1,0,0,0,0,162,111,51,1,1,60,0,0,2,847,5526,1418,212,513,0.531,0.261,3.52,97,22,0,0,0,10,0,2,1,0,493,0.8,177,2.57,6.8,0.7,1.6,9.8,5.96,484,0,0,0,100,0,4,1,0,243049,0.64,31329,6.6049,46.24,0.49,2.56,96.04,35.5216,8.88,-1.33,8.88,-1.33,21,0,16,0,139,0,47,0,233.3,0,198,0,127,0,117,0,85,0,301,0,81,0,9,0,21,0,16,0,139,0,47,0,233.3,0,198,0,127,0,117,0,85,0,301,0,81,0,9,0,1,0,0,1,1,1,0,1,1,1,1,1,1,1,0,0,0,1,0,0,0,0,0,0,1,1,-1.17452309662454,4.1108308381859,2.61861468283191,-0.75,-1.86601564529594,0,8.25577250672593,-6.82242292337953,-3.19448343389801,-2.95840104653456,-2.49470026491455,-7.89654872254802,-0.253333333333333,-0.314,31.4233761939829,2.25,41.0523441965106,0,1041.05291309814,654.952600644435,115.001403620328,94.6688334891058,57.3781060930346,1081.82717498908,-0.5776,-0.295788
"Colby Lewis","P",0.582345048137635,0.624821604842986,"TEX","Texas Rangers",2015,2015,36,1,0,1,36,1,0,0,0,0,0,162,88,74,1,1,14,0,0,0,751,5511,1419,172,733,0.477,0.26,4.24,98,33,0,2,1,26,2,11,0,5,861,0.654,91,4.17,9.3,1.1,1.8,6.2,3.38,1089,0,4,1,676,4,121,0,25,741321,0.427716,8281,17.3889,86.49,1.21,3.24,38.44,11.4244,7.73,-1.77,7.73,-1.77,18,0,14,0,113,0,43,0,223.3,0.3,221,0,114,0,106,0,89,0,277,0,108,0,21,0,18,0,14,0,113,0,43,0,223.3,0.3,221,0,114,0,106,0,89,0,277,0,108,0,21,0,1,1,0,0,1,1,0,0,0,0,1,0,1,1,0,0,0,1,0,0,0,0,0,0,1,1,-0.359675000632803,-0.359675000632803,4.00693842672377,2.40535117721182,-3.10437886566587,0,13.6650547547737,14.1933959533222,10.6770782520313,10.295630140987,-4.45199109602671,8.53195310739076,-0.448408709070609,-0.269717312331687,68.1179532543041,21.6481605949064,102.444502566974,0,2790.40418092479,2994.80654615098,1217.18692073157,1091.33679494462,186.983626033122,1211.53734124949,-2.08958458426904,-0.333370598041965
"Colby Lewis","P",0.591940297409809,0.646795827092235,"TEX","Texas Rangers",2014,2014,35,0,0,1,35,0,0,0,0,0,0,162,67,95,0,0,-28,0,0,0,637,5460,1400,111,773,0.476,0.26,4.24,98,29,0,2,1,25,5,8,1,3,762,0.417,77,4.46,11.1,1.3,2.5,7,2.77,841,0,4,1,625,25,64,1,9,580644,0.173889,5929,19.8916,123.21,1.69,6.25,49,7.6729,7.73,-1.77,7.73,-1.77,18,0,14,0,113,0,43,0,223.3,0.3,221,0,114,0,106,0,89,0,277,0,108,0,21,0,18,0,14,0,113,0,43,0,223.3,0.3,221,0,114,0,106,0,89,0,277,0,108,0,21,0,1,1,0,0,1,1,0,0,0,0,0,1,1,1,0,0,0,1,0,0,0,0,0,0,1,1,0.143870000253121,-0.0575480001012485,2.35702260395516,3.74165738677394,-2.72809051831243,0,11.3830842986631,14.1933959533222,10.0214681839241,9.51860145110119,5.08798982403053,-7.99119551607726,-0.498445732400377,-0.331909411048944,23.5702260395516,52.3832034148352,79.1146250310605,0,1936.26263920259,2994.80654615098,1072.29709567988,932.822942207917,244.223511553465,1062.82900363828,-2.58194889383395,-0.504834214205444
"Craig Kimbrel","P",0.358244346129468,0.111605273254683,"BAL","Baltimore Orioles",2024,2024,36.2,4,1,1,36.2,4,0,0,0,0,0,162,91,71,0,1,20,0,0,0,786,5567,1391,235,699,0.475,0.258,4.05,106,57,39,0,0,7,1,5,1,3,232,0.583,73,4.18,6.9,1.2,5.3,12.6,2.35,3249,1521,0,0,49,1,25,1,9,53824,0.339889,5329,17.4724,47.61,1.44,28.09,158.76,5.5225,4.93,-2.32,4.93,-2.32,22,0,17,0,136,0,51,0,342.7,0.3,314,0,162,0,144,0,106,0,240,0,36,0,6,0,22,0,17,0,136,0,51,0,342.7,0.3,314,0,162,0,144,0,106,0,240,0,36,0,6,0,1,1,1,1,1,1,1,1,1,1,1,1,1,1,0,0,1,0,0,0,0,0,0,0,0,1,0.450377349111045,-0.450377349111045,-1.49240501448927,-1.21267812518166,0,-3.22064419326442,-2.81436661949421,-2.2573305919324,-2.74985970461435,-2.58333333333333,-3.01098617330752,-4.71212973788569,-0.888333333333333,-0.553992930159462,10.4468351014249,6.06339062590832,0,74.0748164450817,146.628500875648,90.2932236772961,96.2450896615023,80.0833333333333,93.3405713725331,343.985470865655,4.73481666666667,-0.75176840622639
"Craig Kimbrel","P",0.581907434497633,0.623819419374746,"PHI","Philadelphia Phillies",2023,2023,35.2,3,1,1,35.2,3,1,0,0,0,0,162,90,72,0,1,18,0,0,1,796,5541,1417,220,715,0.473,0.26,3.99,106,71,45,0,0,10,1,4,2,4,278,0.571,132,3.81,5.7,1.3,3.7,12.3,3.36,5041,2025,0,0,100,1,16,4,16,77284,0.326041,17424,14.5161,32.49,1.69,13.69,151.29,11.2896,9.69,-1.47,9.69,-1.47,17,0,18,0,116,0,39,0,232.7,0.3,214,0,122,0,109,0,96,0,238,0,37.8,0,5,0,17,0,18,0,116,0,39,0,232.7,0.3,214,0,122,0,109,0,96,0,238,0,37.8,0,5,0,1,1,1,1,1,0,1,1,1,1,1,1,1,1,0,0,1,0,0,0,0,0,0,0,1,1,-0.578243309582912,-1.04083795724924,-1.94028500029066,-1.4142135623731,0,3.682947537517,-4.52325319986609,-3.00777807890852,-2.53500088919052,-2.39456571305288,-2.85773803324704,-6.09311500139035,-0.53023903963537,-0.466443780106456,15.5222800023253,8.48528137423857,0,84.7077933628911,312.10447079076,132.342235471975,70.9800248973345,59.864142826322,80.0166649309172,572.752810130693,-1.72857926921131,-0.486500862651034
"Craig Kimbrel","P",0.311682718577285,0.451804510301615,"CHC","Chicago Cubs",2019,2021,32.2,1,1,3,33.2,2,1,0,0,0,0,162,71,91,0,0,-20,0,0,0,705,5306,1255,210,839,0.513,0.262,3.69,106,63,43,0,0,6,1,3,1,8,235,0.444,191,2.43,4.7,0.9,3.5,15.1,4.35,3969,1849,0,0,36,1,9,1,64,55225,0.197136,36481,5.9049,22.09,0.81,12.25,228.01,18.9225,8.29,-2.3,8.29,-2.3,22,0,18,0,148,0,36,0,229,0.3,210,0,110,0,103,0,95,0,236,0,108,0,12,0,22,0,18,0,148,0,36,0,229,0.3,210,0,110,0,103,0,95,0,236,0,108,0,12,0,1,0,1,1,1,0,1,1,1,1,1,1,1,1,0,0,1,0,0,0,0,0,0,0,1,1,-0.833554453976626,2.0005306895439,-0.852802865422442,-1.17851130197758,0,4,-3.91204611469413,-2.1392032339613,-1.81157891956663,-1.47799391724644,-2.35975020979585,-6.50944554904119,-0.217468601394759,-0.261250996808306,3.41121146168977,5.8925565098879,0,96,231.593129989893,66.3153002528002,34.4199994717659,22.1699087586966,54.2742548253047,650.944554904119,-0.491479039152155,-0.236432152111517
"Dallas Keuchel","P",0.0878454022485806,0,"CHW","Chicago White Sox",2020,2022,33.6,2,1,3,34.6,3,4,1,1,0,0,162,81,81,0,0,0,0,0,2,686,5611,1435,149,717,0.503,0.26,3.78,108,14,0,0,0,11,2,0,0,3,303,0.182,44,5.52,13.9,1.6,4.6,6.7,1.45,196,0,0,0,121,4,0,0,9,91809,0.033124,1936,30.4704,193.21,2.56,21.16,44.89,2.1025,6.53,-1.96,6.53,-1.96,17,0,19,0,151,0,40,0,226.7,0,228,0,123,0,118,0,91,0,274,0,18,0,5.4,0,17,0,19,0,151,0,40,0,226.7,0,228,0,123,0,118,0,91,0,274,0,18,0,5.4,0,1,0,1,1,1,1,1,1,0,0,1,1,0,1,1,0,0,1,0,0,0,0,0,0,0,0,0.97832560024354,2.44581400060885,-0.485071250072666,-2.06474160483506,-1.13930384227962,0,-3.998257229519,-6.22530207820571,6.22152047920528,5.7075626309696,-3.24968299383795,-2.7185494199858,2.16846079563875,-0.886482854798587,-0.970142500145332,18.5826744435155,15.9502537919147,0,240.695085217044,585.178395351336,429.284913065165,353.868883120116,100.740172808976,122.334723899361,19.9498393198765,1.82615468088509
"Dallas Keuchel","P",0.750946106593804,0.50329803533654,"ATL","Atlanta Braves",2019,2019,31.6,0,1,1,31.6,0,0,0,0,0,0,162,97,65,1,1,32,0,0,0,855,5560,1432,249,743,0.501,0.26,3.66,108,19,0,0,0,16,1,9,0,6,487,0.5,122,4.72,9.2,1.3,3.1,7.3,2.33,361,0,0,0,256,1,81,0,36,237169,0.25,14884,22.2784,84.64,1.69,9.61,53.29,5.4289,6.07,-1.69,6.07,-1.69,21,0,17,0,70,0,50,0,221,1,215,0,103,0,95,0,84,0,281,0,27,0,4.33,0,21,0,17,0,70,0,50,0,221,1,215,0,103,0,95,0,84,0,281,0,27,0,4.33,0,0,0,1,1,1,1,0,0,1,1,1,1,1,1,0,0,0,1,0,0,0,0,0,0,0,1,0.933541202238429,2.14714476514839,-1.74574312188794,-1.94028500029066,-2.27093435773535,0,7.54738874863863,7.84293490391045,-4.92664639082147,-4.82209825480022,-4.25524885960185,-5.42860487507423,-0.721687836487032,-0.656938275931135,13.9659449751035,15.5222800023253,43.1477527969716,0,846.817017597254,901.937513949701,246.332319541073,226.638617975611,165.954705524472,494.003043631755,2.70632938682637,-0.898034623197861
"Daniel Bard","P",0.711290344997752,0.707830297124219,"COL","Colorado Rockies",2022,2022,36,2,0,1,36,2,2,1,0,1,0,162,68,94,0,0,-26,0,0,0,698,5540,1408,149,873,0.469,0.272,4.98,112,57,48,0,0,3,1,3,0,3,245,0.6,260,2.86,5.2,0.4,3.7,10.3,2.76,3249,2304,0,0,9,1,9,0,9,60025,0.36,67600,8.1796,27.04,0.16,13.69,106.09,7.6176,7.74,-1.53,7.74,-1.53,16,0,15,0,129,0,43,0,202.3,0.3,206,0,109,0,101,0,87,0,230,0,54,0,15,0,16,0,15,0,129,0,43,0,202.3,0.3,206,0,109,0,101,0,87,0,230,0,54,0,15,0,0,0,1,1,1,0,1,1,1,1,1,1,1,1,0,0,1,0,0,0,0,0,0,0,1,1,1.32993753617574,4.92076888385024,-1.5,-1.03279555898864,0,5.18495139130856,-4.22548467182336,-2.43856555002066,-1.43673942783173,-1.19404462825199,-2.68028133709449,-4.54972526643093,-0.243588146643438,-0.256649696408678,9,4.13118223595458,0,176.288347304491,253.951628776584,85.3497942507232,21.5510914174759,14.3285355390238,67.0070334273622,313.931043383734,-0.436022782491754,-0.255109798230226
"Daniel Bard","P",0.575640361223751,0.609467102195037,"COL","Colorado Rockies",2021,2021,35,1,0,1,35,1,0,0,0,0,0,161,74,87,0,0,-13,0,0,0,739,5374,1338,182,796,0.47,0.273,4.98,112,67,44,0,0,8,1,7,0,4,304,0.467,93,4.28,9.5,1.1,4.9,11,2.22,4489,1936,0,0,64,1,49,0,16,92416,0.218089,8649,18.3184,90.25,1.21,24.01,121,4.9284,7.74,-1.53,7.74,-1.53,16,0,15,0,129,0,43,0,202.3,0.3,206,0,109,0,101,0,87,0,230,0,54,0,15,0,16,0,15,0,129,0,43,0,202.3,0.3,206,0,109,0,101,0,87,0,230,0,54,0,15,0,1,1,1,0,1,1,1,1,1,1,1,1,1,1,0,0,1,0,0,0,0,0,0,0,0,1,0.107832773203438,-0.0323498319610315,-1.75,2.06559111797729,0,-3.04997140665209,-4.58405325462367,-4.80745779861216,-3.92708776940672,-3.78114132279796,-3.85960512541606,-5.2750437871663,-0.708991197772242,-0.412860024705711,12.25,16.5247289438183,0,60.9994281330419,298.880272201464,331.714588104239,161.010598545676,143.683370266322,138.945784514978,422.003502973304,3.69384414039338,-0.660163179504431
"Daniel Bard","P",0.623165424642629,0.718304952713903,"COL","Colorado Rockies",2020,2020,34,0,0,1,34,0,0,0,0,0,0,60,26,34,0,0,-8,0,0,1,275,2057,528,63,353,0.471,0.274,4.98,112,23,10,0,0,2,2,3,0,1,106,0.667,143,3.64,8,0.7,3.6,9.9,2.7,529,100,0,0,4,4,9,0,1,11236,0.444889,20449,13.2496,64,0.49,12.96,98.01,7.29,7.74,-1.53,7.74,-1.53,16,0,15,0,129,0,43,0,202.3,0.3,206,0,109,0,101,0,87,0,230,0,54,0,15,0,16,0,15,0,129,0,43,0,202.3,0.3,206,0,109,0,101,0,87,0,230,0,54,0,15,0,1,1,1,1,1,1,1,1,1,1,1,1,1,1,0,1,1,0,0,0,0,0,0,0,1,1,-0.287554061875836,-0.230043249500669,-1,-0.516397779494322,0,-0.914991421995628,-1.70144307917014,-1.53281263144156,-0.957826285221151,-0.995037190209989,-1.07211253483779,-1.78032727816862,-0.496702086731033,-0.334883960002068,4,-1.03279555898864,0,5.48994853197377,41.1749225159173,33.7218778917143,9.57826285221151,9.95037190209989,10.7211253483779,48.0688365105529,-1.81296261656827,-0.434344496122682
"Daniel Hudson","P",0.459560032376231,0.34362982454779,"LAD","Los Angeles Dodgers",2023,2023,36.4,11,0,1,36.4,11,0,0,0,0,0,162,100,62,1,1,38,0,0,0,906,5524,1422,249,699,0.531,0.261,3.52,114,3,1,0,0,0,0,0,0,0,14,0,0,2.92,6,0,9,15,1.67,9,1,0,0,0,0,0,0,0,196,0,0,8.5264,36,0,81,225,2.7889,8.88,-1.33,8.88,-1.33,21,0,16,0,139,0,47,0,233.3,0,198,0,127,0,117,0,85,0,301,0,81,0,9,0,21,0,16,0,139,0,47,0,233.3,0,198,0,127,0,117,0,85,0,301,0,81,0,9,0,1,1,1,1,1,1,1,1,1,1,1,1,1,1,1,1,1,1,1,1,1,1,1,1,1,1,-0.0335578027607012,-0.00335578027607012,0,0,0,-0.145864991497895,-0.196410131008547,-0.14213381090374,0,0,-0.325395686727984,-0.288195208852117,0,-0.555666666666667,0,0,0,-0.145864991497895,-0.589230393025642,-0.284267621807481,0,0,-0.976187060183953,-1.44097604426059,0,-0.926296333333333
"Daniel Hudson","P",0.556545161729192,0.565736903459706,"LAD","Los Angeles Dodgers",2022,2022,35.4,10,1,1,35.4,10,0,0,0,0,0,162,111,51,1,1,60,0,0,2,847,5526,1418,212,513,0.531,0.261,3.52,114,25,8,0,0,1,0,2,0,4,97,0.4,184,2.04,6.3,0.4,1.8,11.1,6,625,64,0,0,1,0,4,0,16,9409,0.16,33856,4.1616,39.69,0.16,3.24,123.21,36,8.88,-1.33,8.88,-1.33,21,0,16,0,139,0,47,0,233.3,0,198,0,127,0,117,0,85,0,301,0,81,0,9,0,21,0,16,0,139,0,47,0,233.3,0,198,0,127,0,117,0,85,0,301,0,81,0,9,0,1,1,1,1,1,1,1,1,1,1,1,1,1,1,1,0,1,0,0,0,1,1,1,0,1,1,-0.201346816564207,-0.120808089938524,-0.436435780471985,-0.75,0,-0.729324957489473,-1.57782805243533,-1.20813739268179,-0.62114955659128,-0.554700196225229,-0.54232614454664,-1.72917125311271,-0.246666666666667,-0.301333333333333,-0.87287156094397,2.25,0,3.64662478744736,38.0256560636914,20.5383356755905,-4.34804689613896,-3.32820117735137,-2.7116307227332,51.8751375933811,-0.5476,-0.272405333333333
"Daniel Hudson","P",0.732218584071413,0.811434028031507,"LAD","Los Angeles Dodgers",2018,2018,31.4,4,1,1,31.4,4,0,0,0,0,0,163,92,71,1,1,21,1,0,1,804,5572,1394,235,610,0.527,0.262,3.53,114,40,11,0,0,6,1,4,0,3,197,0.6,95,4.38,7.4,1.2,3.5,8.6,2.44,1600,121,0,0,36,1,16,0,9,38809,0.36,9025,19.1844,54.76,1.44,12.25,73.96,5.9536,8.88,-1.33,8.88,-1.33,21,0,16,0,139,0,47,0,233.3,0,198,0,127,0,117,0,85,0,301,0,81,0,9,0,21,0,16,0,139,0,47,0,233.3,0,198,0,127,0,117,0,85,0,301,0,81,0,9,0,1,1,1,1,1,1,1,1,1,1,1,1,1,1,1,1,1,1,0,0,0,0,0,0,1,1,0.134231211042805,-0.0536924844171219,-0.654653670707977,-0.5,-0.0848188929679971,0,-3.01162200879772,-2.70054240717107,-2.21839127354028,-1.9414506867883,-1.95237412036791,-2.53611783789863,-0.456666666666667,-0.405666666666667,-1.96396101212393,-1,-0.0848188929679971,0,138.534612404695,102.6206114725,55.4597818385071,40.7704644225543,35.1427341666223,111.58918486754,-1.8769,-0.493696333333333
"Daniel Hudson","P",0.503471790033314,0.6008079678379,"PIT","Pittsburgh Pirates",2017,2018,30.4,2,1,2,30.4,2,0,0,0,0,0,165,75,87,0,0,-12,0,0,0,668,5458,1331,151,731,0.504,0.264,3.72,114,71,18,0,0,7,1,5,0,4,271,0.222,98,4.34,8.3,1,4.8,9.6,2,5041,324,0,0,49,1,25,0,16,73441,0.049284,9604,18.8356,68.89,1,23.04,92.16,4,4.77,-1.91,4.77,-1.91,19,0,14,0,71,0,51,0,208,0,205,0,99,0,96,0,84,0,210,0,36,0,6,0,19,0,14,0,71,0,51,0,208,0,205,0,99,0,96,0,84,0,210,0,36,0,6,0,1,1,1,1,1,1,1,1,1,1,1,1,1,1,1,0,1,1,0,0,0,0,0,0,0,1,0.045786854649563,-0.0045786854649563,-0.458831467741123,-1.87082869338697,0,0,-4.243456501123,-3.9810526858866,-3.41712857188132,-3.06186217847897,-3.60059518889387,-4.55443269165954,-0.73,-0.595634255786776,-0.917662935482247,13.0958008537088,0,0,259.699537868728,226.920003095536,116.182371443965,91.8558653543692,118.819641233498,300.59255764953,3.1974,-0.869030379192906
"Daniel Hudson","P",0.469524499168512,0.366449597299691,"ARI","Arizona Diamondbacks",2016,2016,29.4,1,0,1,29.4,1,0,0,0,0,0,162,69,93,0,0,-24,0,0,0,752,5665,1479,190,890,0.488,0.258,4.27,114,70,17,0,0,6,3,4,0,5,268,0.6,86,3.81,9.7,0.9,3.3,8.7,2.64,4900,289,0,0,36,9,16,0,25,71824,0.36,7396,14.5161,94.09,0.81,10.89,75.69,6.9696,5.73,-1.54,5.73,-1.54,21,0,15,0,124,0,45,0,222,0.3,227,0,114,0,98,0,84,0,246,0,37.13,0,6.75,0,21,0,15,0,124,0,45,0,222,0.3,227,0,114,0,98,0,84,0,246,0,37.13,0,6.75,0,1,1,1,1,1,1,1,1,1,1,1,1,1,1,1,1,1,0,0,0,0,0,0,0,0,1,0.208877996572178,-0.104438998286089,-0.654653670707977,-0.516397779494322,0,-0.74535599249993,-4.03364789183629,-4.31420152539982,-3.74634324632678,-3.53553390593274,-2.40039679259592,-3.69794493576736,-0.856659091677443,-0.55502605878096,-1.96396101212393,-1.03279555898864,0,3.72677996249965,242.422238299361,280.423099150988,149.853729853071,123.743686707646,52.8087294371102,214.480806274507,4.47176045855625,-0.800347576762145
"Daniel Hudson","P",0.624949031033118,0.722389616084082,"ARI","Arizona Diamondbacks",2014,2014,27.4,0,0,1,27.4,0,0,0,0,0,0,162,64,98,0,0,-34,0,0,0,615,5552,1379,118,742,0.492,0.258,4.23,114,3,0,0,0,0,0,0,0,0,13,0,32,1.63,13.5,0,0,6.8,0,9,0,0,0,0,0,0,0,0,169,0,1024,2.6569,182.25,0,0,46.24,0,5.73,-1.54,5.73,-1.54,21,0,15,0,124,0,45,0,222,0.3,227,0,114,0,98,0,84,0,246,0,37.13,0,6.75,0,21,0,15,0,124,0,45,0,222,0.3,227,0,114,0,98,0,84,0,246,0,37.13,0,6.75,0,1,1,1,1,1,1,1,1,1,1,1,1,1,1,1,1,1,1,1,1,1,1,1,1,0,1,0.125326797943307,-0.0375980393829921,0,-0.258198889747161,0,0,-0.147654332147085,-0.265489324639989,-0.374634324632678,-0.404061017820884,0,-0.127515342612668,-2.21549765088994,-0.577350269189626,0,-0.258198889747161,0,0,-0.324839530723588,-1.06195729855996,-1.49853729853071,-1.61624407128354,0,-0.255030685225335,29.9092182870142,-0.866025403784439
"Danny Coulombe","P",0.564366065908019,0.583647671772313,"BAL","Baltimore Orioles",2024,2024,34.8,2,1,1,34.8,2,0,0,0,0,0,162,91,71,0,1,20,0,0,0,786,5567,1391,235,699,0.475,0.258,4.05,115,33,3,0,0,3,0,0,0,2,107,1,184,2.83,4.6,0.9,1.5,9.7,6.4,1089,9,0,0,9,0,0,0,4,11449,1,33856,8.0089,21.16,0.81,2.25,94.09,40.96,4.93,-2.32,4.93,-2.32,22,0,17,0,136,0,51,0,342.7,0.3,314,0,162,0,144,0,106,0,240,0,36,0,6,0,22,0,17,0,136,0,51,0,342.7,0.3,314,0,162,0,144,0,106,0,240,0,36,0,6,0,1,1,1,1,1,1,1,1,1,1,1,1,1,1,1,1,1,1,0,0,1,1,1,0,1,1,-0.450377349111045,-0.450377349111045,-0.21320071635561,0,0,-0.140028008402801,-1.57734175219253,-0.846498971974651,-0.54997194092287,-0.583333333333333,-0.485642931178632,-2.06559111797729,-0.353333333333333,-0.275159347772644,-0.21320071635561,0,0,-0.140028008402801,46.0583791640219,12.6974845796198,-3.84980358646009,-4.08333333333333,-2.42821465589316,66.0989157752732,-0.749066666666667,-0.185457400398762
"Danny Coulombe","P",0.589297631754817,0.640743819396963,"MIN","Minnesota Twins",2022,2022,32.8,0,0,1,32.8,0,0,0,0,0,0,162,78,84,0,0,-6,0,0,3,696,5476,1356,178,684,0.481,0.263,4,115,10,3,0,0,0,0,0,0,1,53,0,275,3.84,5.1,0,6.6,6.6,1,100,9,0,0,0,0,0,0,1,2809,0,75625,14.7456,26.01,0,43.56,43.56,1,5.35,-2.14,5.35,-2.14,16,0,14,0,138,0,36,0,211.3,1,221,0,112,0,103,0,87,0,234,0,45,0,5,0,16,0,14,0,138,0,36,0,211.3,1,221,0,112,0,103,0,87,0,234,0,45,0,5,0,1,1,1,1,1,1,1,1,1,1,1,1,1,1,1,1,1,1,0,1,1,1,0,1,1,1,-0.129701310350135,-0.0389103931050405,0,0,0,0,-0.832406804693332,-0.470870955797419,-0.28347335475692,-0.197065855632859,-0.964901281354015,-0.588348405414552,-0.21764394980998,-0.580036033363445,0,0,0,0,10.0721223367893,-3.29609669058193,-0.850420064270761,-0.394131711265717,8.68411153218614,-5.29513564873097,-0.31776016672257,-0.752306735272389
"Darren Oday","P",0.612285403619399,0.602226456160144,"ATL","Atlanta Braves",2022,2022,39.8,7,1,1,39.8,7,0,0,0,0,0,162,101,61,1,1,40,0,0,1,789,5509,1394,243,609,0.502,0.26,3.67,118,28,3,0,0,3,2,1,0,0,94,0.5,100,4.04,7.9,1.2,4.2,10.8,2.6,784,9,0,0,9,4,1,0,0,8836,0.25,10000,16.3216,62.41,1.44,17.64,116.64,6.76,6.07,-1.69,6.07,-1.69,21,0,17,0,70,0,50,0,221,1,215,0,103,0,95,0,84,0,281,0,27,0,4.33,0,21,0,17,0,70,0,50,0,221,1,215,0,103,0,95,0,84,0,281,0,27,0,4.33,0,1,1,1,1,1,1,1,1,1,1,1,1,1,1,1,1,1,1,0,0,0,0,0,0,0,1,-0.0405887479234099,-0.00405887479234099,-0.436435780471985,-0.485071250072666,0,0,-1.42606632327218,-1.2957892449939,-1.18239513379715,-1.02597835208515,-1.09108945117996,-1.55102996430692,-0.798667872378982,-0.643001765322501,-0.87287156094397,-0.970142500145332,0,0,30.2326060533703,24.6199956548841,14.1887416055658,10.2597835208515,10.9108945117996,40.32677907198,3.31447167037278,-0.860336362001506
"Darren Oday","P",0.508280763092393,0.455205890425258,"ATL","Atlanta Braves",2020,2020,37.8,4,0,1,37.8,4,0,0,0,0,0,60,35,25,1,1,10,0,0,1,348,2074,556,103,288,0.501,0.26,3.67,118,19,1,0,0,1,0,3,0,0,67,1,431,2.76,4.4,0.6,2.8,12.1,4.4,361,1,0,0,1,0,9,0,0,4489,1,185761,7.6176,19.36,0.36,7.84,146.41,19.36,6.07,-1.69,6.07,-1.69,21,0,17,0,70,0,50,0,221,1,215,0,103,0,95,0,84,0,281,0,27,0,4.33,0,21,0,17,0,70,0,50,0,221,1,215,0,103,0,95,0,84,0,281,0,27,0,4.33,0,1,1,1,1,1,1,1,1,1,1,1,1,1,1,0,1,1,1,0,1,1,1,1,0,1,1,-0.28412123546387,-0.198884864824709,-0.87287156094397,0,0,0,-1.08300319833406,-0.545595471576379,-0.295598783449288,-0.205195670417031,-0.545544725589981,-1.31240996979817,-0.211695098702863,-0.382533187740441,3.49148624377588,0,0,0,17.4363514931784,-4.36476377261103,-0.886796350347864,-0.410391340834062,-2.72772362794991,28.8730193355596,-0.232864608573149,-0.304496417441391
"Darren Oday","P",0.275476768444883,0.370885086527726,"BAL","Baltimore Orioles",2016,2019,34.8,1,0,4,35.8,2,0,0,0,0,0,162,47,115,0,0,-68,0,0,2,622,5507,1317,188,892,0.475,0.259,4.02,118,20,10,0,0,3,1,3,1,0,83,0,121,3.46,8.1,1.4,1.8,12.2,6.75,400,100,0,0,9,1,9,1,0,6889,0,14641,11.9716,65.61,1.96,3.24,148.84,45.5625,4.93,-2.32,4.93,-2.32,22,0,17,0,136,0,51,0,342.7,0.3,314,0,162,0,144,0,106,0,240,0,36,0,6,0,22,0,17,0,136,0,51,0,342.7,0.3,314,0,162,0,144,0,106,0,240,0,36,0,6,0,1,1,1,1,1,1,1,1,1,1,1,1,1,1,1,1,1,1,0,0,1,1,1,0,1,1,-0.135113204733314,-0.040533961419994,0,-0.485071250072666,0,-0.280056016805602,-1.08037106314557,-1.01579876636958,-0.707106781186548,-0.666666666666667,-0.388514344942906,-1.74284250579334,-0.6,-0.449073119510249,0,-0.970142500145332,0,-0.560112033611204,21.6074212629114,18.2843777946525,-6.36396103067893,-5.33333333333333,-1.55405737977162,47.0567476564201,-2.16,-0.493980431461274
"David Phelps","P",0.555892954371521,0.564243273745298,"TOR","Toronto Blue Jays",2021,2021,34.8,2,1,1,34.8,2,0,0,0,0,0,162,91,71,0,0,20,0,0,0,846,5476,1455,262,663,0.496,0.261,4.23,122,11,1,0,0,0,0,1,0,0,42,0,529,1.72,7,0,3.5,13.1,3.75,121,1,0,0,0,0,1,0,0,1764,0,279841,2.9584,49,0,12.25,171.61,14.0625,6.59,-1.53,6.59,-1.53,20,0,15,0,129,0,39,0,224.7,0.3,228,0,113,0,105,0,85,0,248,0,40.5,0,9,0,20,0,15,0,129,0,39,0,224.7,0.3,228,0,113,0,105,0,85,0,248,0,40.5,0,9,0,1,1,1,1,1,1,1,1,1,1,1,1,1,1,1,1,1,1,1,1,1,1,1,0,1,1,-0.155817877426324,-0.0623271509705296,0,0,-0.0880450906325624,0,-0.673782671610459,-0.529812942826018,-0.188144173676719,-0.0975900072948533,-0.433860915637312,-0.952500952501429,-0.136707311029399,-0.387,0,0,-0.0880450906325624,0,-6.80520498326564,-4.23850354260814,-0.376288347353439,-0.0975900072948533,-1.73544366254925,14.2875142875214,-0.118935360595577,-0.449307
"David Phelps","P",0.557609475524878,0.56817430422189,"MIL","Milwaukee Brewers",2020,2020,33.8,1,1,1,33.8,1,0,0,0,0,0,60,29,31,0,1,-2,0,0,1,247,1920,429,75,264,0.481,0.257,4.18,122,22,4,0,0,7,0,1,0,1,85,0.333,71,5.47,8.3,3,2.2,13.5,6.2,484,16,0,0,49,0,1,0,1,7225,0.110889,5041,29.9209,68.89,9,4.84,182.25,38.44,5.64,-2.19,5.64,-2.19,17,0,16,0,97,0,46,0,212.3,0.3,214,0,108,0,99,0,86,0,243,0,54,0,9,0,17,0,16,0,97,0,46,0,212.3,0.3,214,0,108,0,99,0,86,0,243,0,54,0,9,0,1,1,1,1,1,1,1,1,1,1,1,1,1,1,1,0,1,1,0,0,0,0,1,0,0,1,0,0,-0.485071250072666,-1,0,0,-1.38636112676699,-1.29881326134686,-1.539600717839,-1.50755672288882,-0.539163866017192,-1.98865092720871,-0.888620445576342,-0.387,-0.970142500145332,4,0,0,28.0044947606933,24.6774519655903,24.633611485424,22.6133508433323,-2.69581933008596,61.64817874347,5.80269150961351,-0.449307
"David Robertson","P",0.589695528762488,0.641655049218185,"TEX","Texas Rangers",2024,2024,39.3,8,1,1,39.3,8,0,0,0,0,0,162,78,84,0,0,-6,0,0,1,683,5472,1302,176,738,0.476,0.258,4.29,123,68,8,0,0,5,4,5,1,8,296,0.429,127,2.65,6.6,0.6,3.4,12.4,3.67,4624,64,0,0,25,16,25,1,64,87616,0.184041,16129,7.0225,43.56,0.36,11.56,153.76,13.4689,7.73,-1.77,7.73,-1.77,18,0,14,0,113,0,43,0,223.3,0.3,221,0,114,0,106,0,89,0,277,0,108,0,21,0,18,0,14,0,113,0,43,0,223.3,0.3,221,0,114,0,106,0,89,0,277,0,108,0,21,0,1,1,1,1,1,1,1,1,1,1,1,1,1,1,1,0,1,1,0,0,0,0,0,0,1,1,-0.539512500949205,-0.809268751423807,-0.707106781186548,-1.0690449676497,0,-0.304997140665209,-4.81823674017485,-3.56516580818046,-2.34146452895423,-2.33108606965743,-2.86199427601717,-5.94833350444849,-0.288675134594813,-0.242440076052188,-2.12132034355964,4.27617987059879,0,-0.609994281330419,346.913045292589,188.953787833564,58.5366132238559,55.9460656717784,77.2738454524636,588.8850169404,-0.866025403784439,-0.26935092449398
"David Robertson","P",0.570178775362117,0.59695944364937,"NYM","New York Mets",2023,2023,38.3,7,1,1,38.3,7,0,0,0,0,0,162,75,87,0,0,-12,0,0,0,717,5363,1276,215,729,0.482,0.25,3.8,123,62,36,0,0,7,2,3,0,5,269,0.5,145,3.55,7.3,1,3.4,10.7,3.12,3844,1296,0,0,49,4,9,0,25,72361,0.25,21025,12.6025,53.29,1,11.56,114.49,9.7344,9.47,-1.32,9.47,-1.32,20,0,13,0,87,0,51,0,233.7,0.3,220,0,111,0,102,0,79,0,269,0,54,0,7,0,20,0,13,0,87,0,51,0,233.7,0.3,220,0,111,0,102,0,79,0,269,0,54,0,7,0,1,1,1,1,1,1,1,1,1,1,1,1,1,1,0,0,1,0,0,0,0,0,0,0,1,1,-0.55242577277359,-0.939123813715103,-1.34164078649987,-1.66410058867569,0,-2.52050415125042,-4.25845078413182,-3.57325927105518,-2.657642388107,-2.17832459454868,-2.81271975231506,-4.7557439346276,-0.412330773368502,-0.451289580773017,8.04984471899924,9.98460353205413,0,45.3690747225075,277.225146046982,189.382741365925,74.4139868669959,47.923141080071,70.3179938078765,370.948026900953,-1.24936224330656,-0.538839759442983
"David Robertson","P",0.641618742489003,0.760565168794814,"CHC","Chicago Cubs",2022,2022,37.3,6,1,1,37.3,6,0,0,0,0,0,162,74,88,0,0,-14,0,0,1,657,5425,1293,159,731,0.513,0.262,3.69,123,58,33,0,0,6,1,3,0,4,264,0.571,173,3.58,5.5,0.8,4.9,11.5,2.31,3364,1089,0,0,36,1,9,0,16,69696,0.326041,29929,12.8164,30.25,0.64,24.01,132.25,5.3361,8.29,-2.3,8.29,-2.3,22,0,18,0,148,0,36,0,229,0.3,210,0,110,0,103,0,95,0,236,0,108,0,12,0,22,0,18,0,148,0,36,0,229,0.3,210,0,110,0,103,0,95,0,236,0,108,0,12,0,1,0,1,1,1,0,1,1,1,1,1,1,1,1,0,1,1,0,0,0,0,0,0,0,1,1,-0.937748760723704,2.531921653954,-0.852802865422442,-0.707106781186548,0,3.33333333333333,-4.17637355487617,-2.69125568143518,-1.71623266064207,-1.6750597728793,-3.59092423229804,-5.27265089472337,-0.23094010767585,-0.335440506399173,3.41121146168977,-2.12132034355964,0,66.6666666666667,263.946808668174,104.958971575972,30.8921878915572,28.4760161389481,125.682348130431,427.084722472593,-0.554256258422041,-0.389781868435839
"David Robertson","P",0.344781712949173,0.307239470763967,"PHI","Philadelphia Phillies",2019,2020,34.3,4,1,2,34.3,4,0,0,0,0,0,162,81,81,0,0,0,0,0,1,774,5571,1369,215,794,0.472,0.261,3.98,123,7,3,0,0,1,0,0,0,0,33,0,86,6.06,10.8,1.4,8.1,8.1,1,49,9,0,0,1,0,0,0,0,1089,0,7396,36.7236,116.64,1.96,65.61,65.61,1,9.69,-1.47,9.69,-1.47,17,0,18,0,116,0,39,0,232.7,0.3,214,0,122,0,109,0,96,0,238,0,37.8,0,5,0,17,0,18,0,116,0,39,0,232.7,0.3,214,0,122,0,109,0,96,0,238,0,37.8,0,5,0,1,1,1,1,1,1,1,1,1,1,1,1,1,1,1,1,1,1,1,1,1,1,1,1,0,0,0,0,0,-0.235702260395516,0,0,-0.406437244045939,-0.546868741619731,-0.362142984170074,-0.383130514088461,-0.612372435695795,-0.388922234131299,-0.87831006565368,-0.939148550549912,0,-0.235702260395516,0,0,-2.51991091308482,-4.37494993295785,-1.4485719366803,-1.53252205635384,-3.67423461417477,-2.33353340478779,4.74287435452987,1.97221195615481
"David Robertson","P",0.410852158638155,0.552353321455776,"CHW","Chicago White Sox",2015,2018,31.3,1,1,4,32.3,2,0,0,0,0,0,162,67,95,0,0,-28,0,0,1,706,5513,1412,186,820,0.503,0.26,3.76,123,61,34,0,0,6,5,3,0,7,264,0.818,241,2.57,4.6,0.8,3,12.9,4.26,3721,1156,0,0,36,25,9,0,49,69696,0.669124,58081,6.6049,21.16,0.64,9,166.41,18.1476,6.53,-1.96,6.53,-1.96,17,0,19,0,151,0,40,0,226.7,0,228,0,123,0,118,0,91,0,274,0,18,0,5.4,0,17,0,19,0,151,0,40,0,226.7,0,228,0,123,0,118,0,91,0,274,0,18,0,5.4,0,0,0,0,1,1,1,1,1,1,1,1,1,1,1,0,1,1,0,0,0,0,0,0,0,1,1,1.13485769628251,3.29108731921927,2.182820625327,-0.458831467741123,0,-2.21359436211787,-4.52294547060206,-2.31793162486383,-1.26233748853441,-1.28880446505765,-2.41105512446041,-5.92039651463573,-0.433692159127749,-0.365351428992233,19.645385627943,-0.917662935482247,0,30.9903210696501,308.012586548,81.1276068702339,17.6727248394817,18.0432625108071,55.4542678625895,580.198858434302,-0.797993572795059,-0.310183363214406
"Derek Holland","P",0.546417892416391,0.542544294248097,"PIT","Pittsburgh Pirates",2020,2020,33.8,10.105,1,1,33.8,10.105,0,0,0,0,0,60,19,41,0,0,-22,0,0,0,219,1932,425,59,298,0.503,0.264,3.73,126,12,3,0,0,12,0,3,1,2,179,0.25,66,6.14,9.3,2.7,3.3,10,3,144,9,0,0,144,0,9,1,4,32041,0.0625,4356,37.6996,86.49,7.29,10.89,100,9,4.77,-1.91,4.77,-1.91,19,0,14,0,71,0,51,0,208,0,205,0,99,0,96,0,84,0,210,0,36,0,6,0,19,0,14,0,71,0,51,0,208,0,205,0,99,0,96,0,84,0,210,0,36,0,6,0,1,1,1,1,1,1,1,1,1,1,1,1,1,1,1,0,1,1,0,0,0,0,0,0,0,1,0.45786854649563,-0.45786854649563,-0.229415733870562,-0.801783725737273,-0.593390829096927,0,-2.78736848603178,-2.93340724223223,-3.3166247903554,-3.16392425109494,-1.63663417676994,-3.10529501704059,-1.14333333333333,-0.572364103230336,-0.229415733870562,2.40535117721182,-2.96695414548463,0,112.052213138477,123.203104173754,109.448618081728,98.0816517839431,24.5495126515491,139.738275766827,7.84326666666667,-0.802454472728931
"Derek Holland","P",0.456189228125047,0.335910295885929,"CHW","Chicago White Sox",2017,2017,30.8,7.12,1,1,30.8,7.12,0,0,0,0,0,162,67,95,0,0,-28,0,0,1,706,5513,1412,186,820,0.503,0.26,3.76,126,29,0,0,0,31,2,8,0,7,626,0.333,69,6.45,10.4,2.1,5,6.9,1.39,841,0,0,0,961,4,64,0,49,391876,0.110889,4761,41.6025,108.16,4.41,25,47.61,1.9321,6.53,-1.96,6.53,-1.96,17,0,19,0,151,0,40,0,226.7,0,228,0,123,0,118,0,91,0,274,0,18,0,5.4,0,17,0,19,0,151,0,40,0,226.7,0,228,0,123,0,118,0,91,0,274,0,18,0,5.4,0,1,0,1,0,1,1,0,0,0,0,0,1,1,1,0,0,0,1,0,0,0,0,0,0,0,0,0.626128384155866,1.00180541464939,-1.69774937525433,3.21182027418786,-2.11584999280501,0,8.96619146154594,10.3313523851073,9.55769812747478,8.56134394645441,7.86213627541439,-6.28286977063384,-1.4613540144522,-0.736297167262321,11.8842456267803,44.9654838386301,55.0120998129304,0,1210.4358473087,1611.69097207675,1013.11600151233,796.20498702026,589.660220656079,653.418456145919,9.06039488960363,1.25980445318583
"Domingo German","P",0.495036784683611,0.424875659624187,"NYY","New York Yankees",2023,2023,30,4,0,1,30,4,0,0,0,0,0,162,82,80,0,0,2,0,0,0,673,5323,1207,219,698,0.569,0.266,3.65,128,20,1,1,1,20,0,6,0,2,444,0.417,95,4.65,6.9,1.7,2.8,9.4,3.35,400,1,1,1,400,0,36,0,4,197136,0.173889,9025,21.6225,47.61,2.89,7.84,88.36,11.2225,6.43,-1.51,6.43,-1.51,19,0,15,0,137,0,42,0,237.3,0.3,230,0,122,0,112,0,83,0,257,0,27,0,10.5,0,19,0,15,0,137,0,42,0,237.3,0.3,230,0,122,0,112,0,83,0,257,0,27,0,10.5,0,1,1,1,1,1,1,1,1,1,1,1,1,1,1,0,0,0,1,0,0,0,0,0,0,0,1,-0.276053052353785,-0.193237136647649,-1.14707866935281,-1.80739222823013,-1.62327954966185,0,-7.02390116148697,-5.47285792918503,-5.52268050859363,-5.19701150387687,-3.73198483964947,-7.11112462169058,-0.877572409168231,-0.332369415818346,5.73539334676404,12.6517455976109,30.8423114435751,0,759.98610567289,454.247208122358,336.883511024211,285.835632713228,126.887484548082,810.668206872726,4.00173018580713,-0.357961860836359
"Domingo German","P",0.569456961699245,0.595306407506108,"NYY","New York Yankees",2022,2022,29,3,0,1,29,3,0,0,0,0,0,162,99,63,1,1,36,0,0,1,807,5422,1308,254,567,0.57,0.266,3.65,128,15,0,0,0,11,0,4,1,0,298,0.286,109,4.44,8.1,1.4,2.4,7.2,3.05,225,0,0,0,121,0,16,1,0,88804,0.081796,11881,19.7136,65.61,1.96,5.76,51.84,9.3025,6.43,-1.51,6.43,-1.51,19,0,15,0,137,0,42,0,237.3,0.3,230,0,122,0,112,0,83,0,257,0,27,0,10.5,0,19,0,15,0,137,0,42,0,237.3,0.3,230,0,122,0,112,0,83,0,257,0,27,0,10.5,0,1,1,1,1,1,1,1,1,1,1,1,1,1,1,1,0,0,1,0,0,0,0,0,0,1,1,-0.276053052353785,-0.193237136647649,-0.458831467741123,-1.29099444873581,-1.19610072080347,0,-4.68043691075056,-4.28597307707262,-2.80660812731807,-2.7402424293169,-2.08552093980412,-3.61794059700047,-0.69474482392485,-0.358292378611977,-0.917662935482247,6.45497224367903,16.7454100912485,0,337.459501265115,278.58825000972,87.0048519468603,79.46703045019,39.6248978562782,209.840554626027,-2.50802881436871,-0.415977451568506
"Domingo German","P",0.58874292833248,0.639473484886716,"NYY","New York Yankees",2021,2021,28,2,0,1,28,2,0,0,0,0,0,162,92,70,0,1,22,0,0,0,711,5331,1266,222,669,0.57,0.266,3.65,128,22,0,0,0,17,0,2,1,3,410,0.444,94,4.31,8.1,1.6,2.5,9,3.63,484,0,0,0,289,0,4,1,9,168100,0.197136,8836,18.5761,65.61,2.56,6.25,81,13.1769,6.43,-1.51,6.43,-1.51,19,0,15,0,137,0,42,0,237.3,0.3,230,0,122,0,112,0,83,0,257,0,27,0,10.5,0,19,0,15,0,137,0,42,0,237.3,0.3,230,0,122,0,112,0,83,0,257,0,27,0,10.5,0,1,1,1,1,1,1,1,1,1,1,1,1,1,1,0,0,0,1,0,0,0,0,0,0,0,1,-0.512669954371314,-0.666470940682709,-0.917662935482247,-1.29099444873581,-1.53784378389017,0,-6.36825049853855,-5.8684862132225,-4.70785879421096,-4.72455591261534,-2.96363501972164,-6.11307204320769,-0.881421410962829,-0.364155905910537,3.67065174192899,6.45497224367903,27.6811881100231,0,624.725373906632,522.295272976803,244.80865729897,236.227795630767,80.0181455324843,599.081060234354,4.03691006220976,-0.429703968974434
"Domingo German","P",0.551256266133937,0.553624725446754,"NYY","New York Yankees",2019,2019,26,1,0,1,26,1,0,0,0,0,0,162,103,59,1,1,44,0,0,3,943,5583,1493,306,739,0.57,0.266,3.65,128,27,0,0,0,30,0,5,0,5,594,0.818,110,4.72,7.9,1.9,2.5,9.6,3.92,729,0,0,0,900,0,25,0,25,352836,0.669124,12100,22.2784,62.41,3.61,6.25,92.16,15.3664,6.43,-1.51,6.43,-1.51,19,0,15,0,137,0,42,0,237.3,0.3,230,0,122,0,112,0,83,0,257,0,27,0,10.5,0,19,0,15,0,137,0,42,0,237.3,0.3,230,0,122,0,112,0,83,0,257,0,27,0,10.5,0,1,0,0,1,1,1,0,0,0,0,1,0,1,1,0,0,0,1,0,0,0,0,0,0,0,1,-0.828159157061354,1.73913422982884,4.12948320967011,-1.03279555898864,-2.05045837852023,0,9.28297473283398,8.24225591744734,6.24696647693378,6.04743156814764,-4.28080613959792,9.54387778174262,-0.775573861611397,-0.353971884813039,74.330697774062,4.13118223595458,49.2110010844854,0,1327.46538679526,1030.28198968092,431.040686908431,387.035620361449,166.951439444319,1460.21330060662,3.12556266229393,-0.406005751880556
"Domingo German","P",0.551600249437798,0.554412486697625,"NYY","New York Yankees",2018,2018,25,0,1,1,25,0,0,0,0,0,0,162,100,62,0,1,38,0,0,0,851,5515,1374,267,669,0.569,0.266,3.65,128,21,2,0,0,15,0,5,1,7,375,0.25,75,4.39,8.5,1.6,3.5,10.7,3.09,441,4,0,0,225,0,25,1,49,140625,0.0625,5625,19.2721,72.25,2.56,12.25,114.49,9.5481,6.43,-1.51,6.43,-1.51,19,0,15,0,137,0,42,0,237.3,0.3,230,0,122,0,112,0,83,0,257,0,27,0,10.5,0,19,0,15,0,137,0,42,0,237.3,0.3,230,0,122,0,112,0,83,0,257,0,27,0,10.5,0,1,1,1,1,1,1,1,1,1,1,1,1,1,1,1,0,0,1,0,0,0,0,0,0,0,1,0.15774460134502,-0.0630978405380079,-0.458831467741123,-1.54919333848297,-1.19610072080347,0,-5.53083529536682,-5.34098183450587,-4.97946603233852,-5.00802926737226,-3.62222057965978,-6.36258518782841,-1.07194699979541,-0.410755517599089,-0.917662935482247,9.2951600308978,16.7454100912485,0,471.227167165253,432.619528594976,273.870631778619,265.42555117073,119.533279128773,648.983689158498,5.97074478886041,-0.546715593924387
"Drew Smyly","P",0.696260339738403,0.679868029653618,"CHC","Chicago Cubs",2022,2022,33.2,5,1,1,33.2,5,0,0,0,0,0,162,74,88,0,0,-14,0,0,1,657,5425,1293,159,731,0.513,0.262,3.69,132,22,0,0,0,16,0,5,0,3,447,0.467,121,4.23,8.5,1.4,2.2,7.7,3.5,484,0,0,0,256,0,25,0,9,199809,0.218089,14641,17.8929,72.25,1.96,4.84,59.29,12.25,8.29,-2.3,8.29,-2.3,22,0,18,0,148,0,36,0,229,0.3,210,0,110,0,103,0,95,0,236,0,108,0,12,0,22,0,18,0,148,0,36,0,229,0.3,210,0,110,0,103,0,95,0,236,0,108,0,12,0,1,0,1,1,1,1,1,1,1,1,1,1,1,1,0,0,0,1,0,0,0,0,0,0,1,1,-0.694628711647188,1.38925742329438,-1.49240501448927,-1.88561808316413,-1.80838886035893,0,-7.0112853508285,-6.96966214935778,-4.38592791052973,-4.0398500404736,-2.6675437154214,-5.92359544962749,-0.333900905681334,-0.344678110706207,10.4468351014249,15.084944665313,39.7845549278965,0,743.897375722904,703.935877085136,201.752683884367,165.633851659418,69.3561366009564,539.047185916101,-1.15863614271423,-0.411545664183211
"Drew Smyly","P",0.478517661139053,0.387044970516024,"ATL","Atlanta Braves",2021,2021,32.2,4,1,1,32.2,4,0,0,0,0,0,161,88,73,1,1,15,1,1,0,790,5363,1307,239,656,0.501,0.26,3.67,132,29,2,0,0,27,3,2,1,5,546,0.733,97,5.11,9.5,1.9,2.9,8.3,2.85,841,4,0,0,729,9,4,1,25,298116,0.537289,9409,26.1121,90.25,3.61,8.41,68.89,8.1225,6.07,-1.69,6.07,-1.69,21,0,17,0,70,0,50,0,221,1,215,0,103,0,95,0,84,0,281,0,27,0,4.33,0,21,0,17,0,70,0,50,0,221,1,215,0,103,0,95,0,84,0,281,0,27,0,4.33,0,1,1,0,1,1,1,0,0,0,0,1,1,1,1,0,0,0,1,0,0,0,0,0,0,0,1,-0.28412123546387,-0.198884864824709,2.40039679259592,-0.970142500145332,-2.74902580146911,0,8.48913066023346,9.0705247149573,6.79877201933362,6.46366361813647,-4.47346674983784,-6.97963483938115,-0.862176401989841,-0.66030226125046,26.4043647185551,3.88057000058133,63.2275934337894,0,1071.32828932146,1206.37978708932,469.11526933402,407.210807942598,183.412136743352,816.617276207595,3.86255028091449,-0.907255306958133
"Edinson Volquez","P",0.517486408949738,0.476287876132894,"TEX","Texas Rangers",2019,2019,36.1,5,1,1,36.1,5,0,0,0,0,0,162,78,84,0,0,-6,0,0,1,810,5540,1374,223,878,0.478,0.259,4.28,134,11,1,0,0,3,0,0,0,3,75,0,78,6.65,11.3,1.7,6.8,5.6,0.83,121,1,0,0,9,0,0,0,9,5625,0,6084,44.2225,127.69,2.89,46.24,31.36,0.6889,7.73,-1.77,7.73,-1.77,18,0,14,0,113,0,43,0,223.3,0.3,221,0,114,0,106,0,89,0,277,0,108,0,21,0,18,0,14,0,113,0,43,0,223.3,0.3,221,0,114,0,106,0,89,0,277,0,108,0,21,0,1,1,1,1,1,1,1,1,1,1,1,1,1,1,1,1,1,1,0,0,0,0,0,1,1,1,-0.0359675000632803,-0.00359675000632803,0,-0.267261241912424,-0.376288347353439,0,-1.07071927559441,-1.34534558799262,-1.12390297389803,-1.16554303482872,-1.27199745600763,-0.60084176812611,-0.649519052838329,-0.436435780471985,0,-0.267261241912424,-1.50515338941376,0,17.1315084095106,26.9069117598525,13.4868356867764,13.9865164179446,15.2639694720916,-6.0084176812611,-4.38425360665872,-0.87287156094397
"Edinson Volquez","P",0.331643348803611,0.272173244330127,"MIA","Miami Marlins",2017,2018,34.1,3,1,2,34.1,3,0,0,0,0,0,162,77,85,0,0,-8,0,0,2,778,5602,1497,194,822,0.47,0.258,4.27,134,17,0,1,1,8,3,3,0,4,397,0.333,95,4.35,7.6,0.8,5.2,7.9,1.53,289,0,1,1,64,9,9,0,16,157609,0.110889,9025,18.9225,57.76,0.64,27.04,62.41,2.3409,6.18,-1.4,6.18,-1.4,16,0,15,0,89,0,40,0,205.7,0.3,223,0,107,0,97,0,83,0,253,0,32.4,0,9,0,16,0,15,0,89,0,40,0,205.7,0.3,223,0,107,0,97,0,83,0,253,0,32.4,0,9,0,1,1,1,0,1,1,1,1,1,1,0,1,1,1,0,0,0,1,0,0,0,0,0,0,0,1,-0.241355396012739,-0.144813237607643,-1,2.06559111797729,-1.80199639601081,0,-6.42158867934935,-5.22326633542292,-4.44698784961005,-4.36598851007456,5.81750577945359,-5.09242636904164,-0.736107966450306,-0.473,4,16.5247289438183,30.6339387321838,0,591.428317368075,407.414774162987,204.561441082062,187.737505933206,308.32780631104,412.486535892373,3.08429237942678,-0.671187
"Edinson Volquez","P",0.723486494500426,0.726564409889385,"PIT","Pittsburgh Pirates",2014,2014,31.1,0,1,1,31.1,0,0,0,0,0,0,159,88,74,0,1,14,0,0,0,682,5536,1437,156,631,0.504,0.265,3.71,134,32,0,1,0,17,6,14,0,15,809,0.65,118,4.15,7.8,0.8,3.3,6.5,1.97,1024,0,1,0,289,36,196,0,225,654481,0.4225,13924,17.2225,60.84,0.64,10.89,42.25,3.8809,4.77,-1.91,4.77,-1.91,19,0,14,0,71,0,51,0,208,0,205,0,99,0,96,0,84,0,210,0,36,0,6,0,19,0,14,0,71,0,51,0,208,0,205,0,99,0,96,0,84,0,210,0,36,0,6,0,0,0,0,1,1,1,0,0,0,0,0,0,1,1,0,0,0,1,0,0,0,0,0,0,1,1,1.14467136623908,2.86167841559769,2.9824045403173,-1.87082869338697,-3.67902314040095,0,13.3266722143111,11.593942909775,7.53778361444409,6.63403472003777,7.74673510337773,9.66091783079296,-0.506666666666667,-0.502145397270552,38.7712590241249,13.0958008537088,114.049717352429,0,2561.3863995906,1924.59452302265,565.333771083307,431.212256802455,550.018192339819,1352.52849631101,-1.54026666666667,-0.617638838642778
"Edwin Jackson","P",1,1,"ATL","Atlanta Braves",2015,2015,31.9,9.07,1,1,31.9,9.07,0,0,0,0,0,162,67,95,0,0,-28,0,0,1,573,5420,1361,100,760,0.501,0.26,3.64,138,47,18,0,0,4,1,1,1,5,228,0.571,126,3.82,7.1,0.6,3.4,6.5,1.9,2209,324,0,0,16,1,1,1,25,51984,0.326041,15876,14.5924,50.41,0.36,11.56,42.25,3.61,6.07,-1.69,6.07,-1.69,21,0,17,0,70,0,50,0,221,1,215,0,103,0,95,0,84,0,281,0,27,0,4.33,0,21,0,17,0,70,0,50,0,221,1,215,0,103,0,95,0,84,0,281,0,27,0,4.33,0,1,1,1,1,1,1,1,1,1,1,1,1,1,1,0,0,1,1,0,0,0,0,0,0,1,1,-0.12176624377023,-0.0365298731310689,-0.87287156094397,-0.727606875108999,0,-0.14142135623731,-3.71315382285965,-3.00077509367008,-2.46332319541073,-1.94935886896179,-2.29128784747792,-2.38619994508757,-0.590821775470717,-0.561304978996024,3.49148624377588,2.182820625327,0,-0.14142135623731,204.966091021852,132.034104121484,61.5830798852683,37.0378185102741,48.1170447970363,95.447997803503,-1.8138228506951,-0.655604215467357
"Edwin Jackson","P",0.129263186059943,0.16851151872163,"CHC","Chicago Cubs",2013,2016,30.4,7.57,1,4,30.9,8.07,0,0,0,0,0,158,73,89,0,0,-16,0,0,2,614,5508,1315,157,707,0.511,0.263,3.68,138,28,0,0,0,18,3,3,0,9,633,0.286,60,4.45,10.7,1.2,4,7.9,1.95,784,0,0,0,324,9,9,0,81,400689,0.081796,3600,19.8025,114.49,1.44,16,62.41,3.8025,8.29,-2.3,8.29,-2.3,22,0,18,0,148,0,36,0,229,0.3,210,0,110,0,103,0,95,0,236,0,108,0,12,0,22,0,18,0,148,0,36,0,229,0.3,210,0,110,0,103,0,95,0,236,0,108,0,12,0,1,0,1,0,1,1,0,0,0,0,0,0,1,1,0,0,0,1,0,0,0,0,0,0,1,1,0.798823018394266,1.83729294230681,-1.27920429813366,3.53553390593274,-2.21938632862232,0,9.26467677838036,11.5931013969516,10.0113571870787,9.7547598538265,6.46366361813647,8.00661802532067,-0.609104533995055,-0.474004571004683,7.67522578880198,53.0330085889911,59.9234308728027,0,1298.90768432893,1947.64103468786,1051.19250464327,965.721225528824,407.210807942598,984.814017114442,-3.8556317001887,-0.778315505589689
"Evan Phillips","P",0.581792114751685,0.623555323919243,"LAD","Los Angeles Dodgers",2024,2024,29.9,2,0,1,29.9,2,0,0,0,0,0,162,98,64,1,1,34,1,1,1,842,5522,1423,233,686,0.532,0.261,3.53,147,61,28,0,0,6,1,1,0,1,228,0.833,110,3.28,7.9,1,2.8,10.4,3.71,3721,784,0,0,36,1,1,0,1,51984,0.693889,12100,10.7584,62.41,1,7.84,108.16,13.7641,8.88,-1.33,8.88,-1.33,21,0,16,0,139,0,47,0,233.3,0,198,0,127,0,117,0,85,0,301,0,81,0,9,0,21,0,16,0,139,0,47,0,233.3,0,198,0,127,0,117,0,85,0,301,0,81,0,9,0,1,1,1,1,1,1,1,1,1,1,1,1,1,1,0,1,1,0,0,0,0,0,0,0,1,1,0.167789013803506,-0.083894506901753,-1.09108945117996,-0.25,0,-2.6255698469621,-3.54847636688775,-3.41121146168977,-2.66206952824834,-2.03390071949251,-1.84390889145858,-3.63125963153668,-0.402222222222222,-0.396333333333333,5.45544725589981,-0.25,0,47.2602572453178,192.327419085316,163.738150161109,79.8620858474502,44.7458158288351,31.3464511547958,228.769356786811,-1.45604444444444,-0.471240333333333
"Evan Phillips","P",0.610698053490577,0.689753241675653,"LAD","Los Angeles Dodgers",2023,2023,28.9,1,1,1,28.9,1,0,0,0,0,0,162,100,62,1,1,38,0,0,0,906,5524,1422,249,699,0.531,0.261,3.52,147,62,36,0,0,6,2,3,0,1,234,0.333,210,3.16,5.6,0.9,1.9,9.7,5.08,3844,1296,0,0,36,4,9,0,1,54756,0.110889,44100,9.9856,31.36,0.81,3.61,94.09,25.8064,8.88,-1.33,8.88,-1.33,21,0,16,0,139,0,47,0,233.3,0,198,0,127,0,117,0,85,0,301,0,81,0,9,0,21,0,16,0,139,0,47,0,233.3,0,198,0,127,0,117,0,85,0,301,0,81,0,9,0,1,1,1,1,1,0,1,1,1,1,1,1,1,1,1,0,1,0,0,0,0,0,0,0,1,1,-0.536924844171219,-0.859079750673951,-0.436435780471985,-1,0,3.50075979594947,-4.00021966820741,-2.70054240717107,-1.68597736789062,-1.29430045785887,-1.41004797582127,-3.80417675684795,-0.227777777777778,-0.277333333333333,-0.87287156094397,4,0,84.0182351027873,244.413421727473,102.6206114725,32.0335699899217,18.1202064100241,18.3306236856764,251.075665951965,-0.466944444444444,-0.230741333333333
"Fernando Abad","P",0.494986386089891,0.424760241059433,"BOS","Boston Red Sox",2017,2017,31.7,3,1,1,31.7,3,0,0,0,0,0,162,93,69,1,1,24,0,0,0,785,5669,1461,168,668,0.517,0.267,3.9,148,48,15,0,0,4,1,1,1,0,182,0.667,139,3.68,8.2,0.8,2.9,7.6,2.64,2304,225,0,0,16,1,1,1,0,33124,0.444889,19321,13.5424,67.24,0.64,8.41,57.76,6.9696,6.45,-1.85,6.45,-1.85,22,0,17,0,127,0,42,0,230,0.3,235,0,125,0,114,0,75,0,237,0,27,0,6,0,22,0,17,0,127,0,42,0,230,0.3,235,0,125,0,114,0,75,0,237,0,27,0,6,0,1,1,1,1,1,1,1,1,1,1,1,1,1,1,1,1,1,1,0,0,0,0,0,0,1,1,-0.196874807739539,-0.0984374038697697,-0.426401432711221,-0.242535625036333,0,-0.154303349962092,-2.8485236450698,-2.60931229221377,-1.60996894379985,-1.49853729853071,-1.61658075373095,-2.40340826910803,-0.635085296108588,-0.505003135303799,-0.852802865422442,-0.242535625036333,0,-0.154303349962092,123.056221467015,104.372491688551,28.9794409883973,23.9765967764914,22.6321305522333,88.9261059569973,-2.09578147715834,-0.624688878370799
"Fernando Abad","P",0.606528522124375,0.680204536236406,"MIN","Minnesota Twins",2016,2016,30.7,2,1,1,30.7,2,0,0,0,0,0,162,59,103,0,0,-44,0,0,0,722,5618,1409,200,889,0.479,0.263,3.98,148,57,15,0,0,4,2,1,1,1,198,0.143,118,3.98,7.7,0.8,4.2,7.9,1.86,3249,225,0,0,16,4,1,1,1,39204,0.020449,13924,15.8404,59.29,0.64,17.64,62.41,3.4596,5.35,-2.14,5.35,-2.14,16,0,14,0,138,0,36,0,211.3,1,221,0,112,0,103,0,87,0,234,0,45,0,5,0,16,0,14,0,138,0,36,0,211.3,1,221,0,112,0,103,0,87,0,234,0,45,0,5,0,1,1,1,1,1,1,1,1,1,1,1,1,1,1,1,0,1,1,0,0,0,0,0,0,1,1,-0.345870160933694,-0.276696128746955,-0.25,-1.60356745147455,0,-0.166666666666667,-3.17828052701091,-2.69069117598525,-1.88982236504614,-1.87212562851216,-2.35864757664315,-2.68025384688851,-0.545600586509949,-0.594346868419444,-0.25,9.62140470884728,0,-0.166666666666667,146.836560347904,107.62764703941,37.7964473009227,35.570386941731,51.8902466861493,109.890407722429,-1.99689814662641,-0.789886988129441
"Fernando Abad","P",0.522995931237366,0.488905314596597,"OAK","Oakland Athletics",2015,2015,29.7,1,1,1,29.7,1,0,0,0,0,0,162,68,94,0,0,-26,0,0,0,694,5600,1405,146,729,0.487,0.259,3.97,148,62,17,0,0,11,3,1,0,4,205,0.5,94,5.5,8.5,2.1,3.6,8.5,2.37,3844,289,0,0,121,9,1,0,16,42025,0.25,8836,30.25,72.25,4.41,12.96,72.25,5.6169,5.64,-1.36,5.64,-1.36,18,0,15,0,118,0,38,0,219.7,0.7,214,0,102,0,96,0,91,0,220,0,37.8,0,5.4,0,18,0,15,0,118,0,38,0,219.7,0.7,214,0,102,0,96,0,91,0,220,0,37.8,0,5.4,0,1,1,1,1,1,1,1,1,1,1,1,1,1,1,1,1,1,1,0,0,0,0,0,0,1,1,-0.0842151921066519,-0.0168430384213304,-0.471404520791032,-0.516397779494322,0,0,-3.18439527009937,-3.07613667161098,-2.27733934884635,-2.24536559755125,-1.99174118977164,-3.03389938108459,-0.674997550456069,-0.577935181550729,-0.942809041582063,-1.03279555898864,0,0,150.30345674869,138.426150222494,52.3788050234661,49.3980431461274,37.8430826056613,136.525472148807,-2.80123983439269,-0.776166948822629
"Fernando Rodney","P",0.583296726038419,0.627001056476636,"ARI","Arizona Diamondbacks",2017,2017,40.4,13.137,1,1,40.4,13.137,0,0,0,0,0,162,93,69,0,1,24,0,0,0,812,5525,1405,220,659,0.493,0.258,4.23,149,61,53,0,0,3,3,2,0,7,231,0.556,112,3.03,6.5,0.5,4.2,10.6,2.5,3721,2809,0,0,9,9,4,0,49,53361,0.309136,12544,9.1809,42.25,0.25,17.64,112.36,6.25,5.73,-1.54,5.73,-1.54,21,0,15,0,124,0,45,0,222,0.3,227,0,114,0,98,0,84,0,246,0,37.13,0,6.75,0,21,0,15,0,124,0,45,0,222,0.3,227,0,114,0,98,0,84,0,246,0,37.13,0,6.75,0,1,1,1,1,1,0,1,1,1,1,1,1,1,1,0,0,1,0,0,0,0,0,0,0,1,1,-0.125326797943307,-0.0375980393829921,-1.09108945117996,-1.03279555898864,0,5.81377674149945,-3.69806986422927,-2.65489324639989,-2.71609885358691,-2.62639661583575,-2.8368325730679,-4.1442486349117,-0.694189263945515,-0.459185914095482,5.45544725589981,4.13118223595458,0,226.737292918479,203.763649519033,106.195729855996,78.7668667540205,68.2863120117294,73.7576468997654,269.37616126926,-2.93642058648953,-0.54780879551591
"Fernando Rodney","P",0.404034189833589,0.393155020865037,"SEA","Seattle Mariners",2014,2015,37.9,10.637,1,2,38.4,11.137,1,0,0,0,0,162,76,86,0,0,-10,0,0,1,656,5544,1379,198,726,0.468,0.261,4.33,149,68,32,0,0,9,3,8,0,6,277,0.583,81,4.92,8.5,1.3,4.2,8.3,2,4624,1024,0,0,81,9,64,0,36,76729,0.339889,6561,24.2064,72.25,1.69,17.64,68.89,4,7.04,-1.35,7.04,-1.35,18,0,16,0,87,0,57,0,236,0.7,232,0,117,0,107,0,67,0,248,0,36,0,7,0.3,18,0,16,0,87,0,57,0,236,0.7,232,0,117,0,107,0,67,0,248,0,36,0,7,0.3,1,1,1,1,1,1,1,1,1,1,1,1,1,1,0,0,1,0,0,0,0,0,0,0,0,1,0.188444590361102,-0.0942222951805511,-1.64991582276861,-1.25,0,-2.11925177130407,-4.04887513150362,-3.87353976936182,-3.32820117735137,-3.19023041385069,-3.54291388633285,-3.68300368300552,-0.79,-0.530662120104955,11.5494107593803,6.25,0,33.9080283408651,251.840033179525,228.538846392347,119.815242384649,105.277603657073,102.744502703653,213.61421361432,3.7446,-0.745049616627357
"Francisco Liriano","P",0.50435279085184,0.446210383111748,"DET","Detroit Tigers",2018,2018,34.8,11.104,1,1,34.8,11.104,0,0,0,0,0,162,64,98,0,0,-34,0,0,0,630,5494,1326,135,796,0.506,0.265,3.98,151,27,0,0,0,19,0,5,0,9,586,0.294,98,5.11,8.6,1.3,4.9,7.4,1.51,729,0,0,0,361,0,25,0,81,343396,0.086436,9604,26.1121,73.96,1.69,24.01,54.76,2.2801,8.62,-1.73,8.62,-1.73,24,0,17,0,116,0,49,0,251,0.3,229,0,117,0,108,0,75,0,252,0,27,0,4,0,24,0,17,0,116,0,49,0,251,0.3,229,0,117,0,108,0,75,0,252,0,27,0,4,0,1,1,1,0,1,1,0,0,0,0,0,1,1,1,0,0,0,1,0,0,0,0,0,0,0,0,-0.102180405493526,-0.0306541216480577,-1.02062072615966,2.910427500436,-2.41403939630167,0,8.40750944926274,8.39239622577964,7.76580274715321,6.54330305081576,8.42931393016853,-6.92934867183583,-0.881421410962829,-0.748,5.10310363079829,34.9251300052319,62.7650243038435,0,1119.8802586418,1065.83432067401,652.327430760869,444.944607455472,615.339916902303,762.228353901942,4.03691006220976,1.119008
"Francisco Liriano","P",0.251854421542132,0.293500818832273,"PIT","Pittsburgh Pirates",2015,2017,32.3,8.604,0,3,32.8,9.104,0,0,0,0,0,162,78,83,0,0,-5,0,0,0,729,5542,1426,153,758,0.504,0.265,3.71,151,31,0,0,0,26,1,9,0,9,731,0.381,89,4.89,8.7,1.4,4.7,9.3,1.98,961,0,0,0,676,1,81,0,81,534361,0.145161,7921,23.9121,75.69,1.96,22.09,86.49,3.9204,4.77,-1.91,4.77,-1.91,19,0,14,0,71,0,51,0,208,0,205,0,99,0,96,0,84,0,210,0,36,0,6,0,19,0,14,0,71,0,51,0,208,0,205,0,99,0,96,0,84,0,210,0,36,0,6,0,1,1,1,0,1,1,0,0,0,0,0,0,1,1,0,0,0,1,0,0,0,0,0,0,0,1,-0.137360563948689,-0.0412081691846067,-1.83532587096449,3.47439614486152,-3.44166680876217,0,11.302016498089,10.9653556435824,9.84937058954028,8.67527617235709,9.27426033502968,11.5931013969516,-0.781666666666667,-0.606248711338837,14.682606967716,45.1671498831997,99.8083374541031,0,1842.22868918851,1721.56083604243,965.238317774947,737.398474650353,788.312128477522,1947.64103468786,3.66601666666667,-0.900279336338172
"Francisco Rodriguez","P",0.589035017293185,0.61442957571814,"MIL","Milwaukee Brewers",2015,2016,33.6,2,0,2,33.6,2,1,0,0,0,0,162,68,94,0,0,-26,0,0,0,655,5480,1378,145,737,0.477,0.259,4.19,152,60,55,0,0,6,1,0,0,3,216,0.25,180,2.91,6,0.9,1.7,9.8,5.64,3600,3025,0,0,36,1,0,0,9,46656,0.0625,32400,8.4681,36,0.81,2.89,96.04,31.8096,5.64,-2.19,5.64,-2.19,17,0,16,0,97,0,46,0,212.3,0.3,214,0,108,0,99,0,86,0,243,0,54,0,9,0,17,0,16,0,97,0,46,0,212.3,0.3,214,0,108,0,99,0,86,0,243,0,54,0,9,0,0,0,1,1,1,0,1,1,1,1,1,1,1,1,1,0,1,0,0,0,0,0,0,0,1,1,0.757936728959867,1.36428611212776,-0.242535625036333,-0.75,0,5.60279433388609,-3.91200912008508,-2.59762652269372,-1.44337567297406,-1.4070529413629,-1.18616050523782,-3.97730185441742,-0.300742907308379,-0.286666666666667,-0.242535625036333,2.25,0,212.906184687671,222.984519844849,98.7098078623614,21.650635094611,19.6987411790806,13.047765557616,246.59271497388,-0.664641825151518,-0.246533333333333
"Francisco Rodriguez","P",0.677615997396078,0.672744366244001,"MIL","Milwaukee Brewers",2014,2014,32.6,1,1,1,32.6,1,1,0,0,0,0,162,82,80,0,0,2,0,0,0,650,5462,1366,150,657,0.478,0.259,4.19,152,69,66,0,0,14,1,1,0,0,268,0.5,125,4.5,6.5,1.9,2.4,9.7,4.06,4761,4356,0,0,196,1,1,0,0,71824,0.25,15625,20.25,42.25,3.61,5.76,94.09,16.4836,5.64,-2.19,5.64,-2.19,17,0,16,0,97,0,46,0,212.3,0.3,214,0,108,0,99,0,86,0,243,0,54,0,9,0,17,0,16,0,97,0,46,0,212.3,0.3,214,0,108,0,99,0,86,0,243,0,54,0,9,0,1,0,1,1,1,0,1,1,1,1,1,1,1,1,0,0,1,0,0,0,0,0,0,0,1,1,-0.589506344746563,0.825308882645189,-1.21267812518166,-1.25,0,6.48744607081547,-4.66695824852255,-3.34957104242085,-2.21317603189357,-2.31158697509619,-1.94098991766189,-4.68295218342696,-0.413691601003381,-0.328333333333333,6.06339062590832,6.25,0,285.447627115881,317.353160899533,164.128981078622,50.903048733552,53.1665004272123,34.937818517914,341.855509390168,-1.25762246705028,-0.323408333333333
"Francisco Rodriguez","P",0.559687473424612,0.572933157940745,"MIL","Milwaukee Brewers",2013,2013,31.6,0,0,1,31.6,0,0,0,0,0,0,162,74,88,0,0,-14,0,0,0,640,5474,1381,157,687,0.478,0.259,4.2,152,48,23,0,0,7,4,1,0,2,193,0.6,149,3.65,8.1,1.4,2.7,10.4,3.86,2304,529,0,0,49,16,1,0,4,37249,0.36,22201,13.3225,65.61,1.96,7.29,108.16,14.8996,5.64,-2.19,5.64,-2.19,17,0,16,0,97,0,46,0,212.3,0.3,214,0,108,0,99,0,86,0,243,0,54,0,9,0,17,0,16,0,97,0,46,0,212.3,0.3,214,0,108,0,99,0,86,0,243,0,54,0,9,0,1,1,1,1,1,1,1,1,1,1,1,1,1,1,0,1,1,0,0,0,0,0,0,0,1,1,-0.463183556586585,-0.509501912245244,-0.727606875108999,-0.5,0,-1.47441956154897,-3.17078633943738,-2.87106089350359,-1.34715062810913,-1.4070529413629,-1.50965882484814,-3.46410161513775,-0.367423461417477,-0.4,2.182820625327,-1,0,14.7441956154897,146.490328882007,120.584557527151,18.8601087935278,19.6987411790806,21.1352235478739,187.061487217439,-0.992043345827187,-0.48
"Gavin Floyd","P",0.480301374845266,0.391129879651529,"CLE","Cleveland Guardians",2015,2015,32.5,1.045,1,1,32.5,1.045,0,0,0,0,0,161,81,80,0,0,1,0,0,0,669,5439,1395,141,640,0.509,0.266,3.84,156,7,2,0,0,0,0,1,0,1,55,0,163,3.21,7.4,0,2.7,4.7,1.75,49,4,0,0,0,0,1,0,1,3025,0,26569,10.3041,54.76,0,7.29,22.09,3.0625,3.88,-0.91,3.88,-0.91,16,0,15,0,33,0,44,0,200,5,178,10,110,7,100,6,73,1,204,0,12.6,1.36,2.2,0.73,16,0,15,0,33,0,44,0,200,5,178,10,110,7,100,6,73,1,204,0,12.6,1.36,2.2,0.73,1,1,1,1,1,1,1,1,1,1,1,1,1,1,1,1,1,1,0,0,1,1,1,1,0,1,-0.101534616513362,-0.0203069233026724,0,0,0,0,-0.926309883354377,-0.824484857895448,-0.381385035698237,-0.4,-0.468164588784522,-0.490098029409803,-0.760638829255665,-0.758474845271147,0,0,0,0,12.1346594719423,9.06933343684992,-1.52554014279295,-1.6,-1.87265835513809,-3.43068620586862,2.0537248389903,-0.853284200930041
"Gavin Floyd","P",0.550701095712855,0.552353321455776,"ATL","Atlanta Braves",2014,2014,31.5,0.045,1,1,31.5,0.045,0,0,0,0,0,161,79,83,0,0,-4,0,0,4,573,5470,1316,123,597,0.501,0.26,3.64,156,9,0,0,0,6,0,3,0,6,229,0.5,135,3.79,9.1,1,2.2,7.5,3.46,81,0,0,0,36,0,9,0,36,52441,0.25,18225,14.3641,82.81,1,4.84,56.25,11.9716,6.07,-1.69,6.07,-1.69,21,0,17,0,70,0,50,0,221,1,215,0,103,0,95,0,84,0,281,0,27,0,4.33,0,21,0,17,0,70,0,50,0,221,1,215,0,103,0,95,0,84,0,281,0,27,0,4.33,0,1,1,1,1,1,1,1,1,1,1,1,1,1,1,1,1,0,1,0,0,0,0,0,0,1,1,-0.36529873131069,-0.328768858179621,-0.436435780471985,-0.485071250072666,-1.07570574840095,0,-3.63915981552005,-3.7509688670876,-2.26625733977787,-1.64156536333625,-1.41841628653395,-2.68447493822352,-0.509992737784169,-0.60167280282793,-0.87287156094397,-0.970142500145332,9.68135173560859,0,196.878546019635,206.303287689818,52.1239188148911,26.2650458133799,18.4394117249414,120.801372220058,-1.35148075512805,-0.753294349140569
"Greg Holland","P",0.414204361785038,0.239760132623795,"STL","St Louis Cardinals",2018,2018,32.8,6.028,1,1,32.8,6.028,0,0,0,0,0,162,88,74,0,0,14,0,0,0,759,5498,1369,205,691,0.52,0.266,3.67,158,56,13,0,0,2,2,1,0,0,212,0.5,88,3.83,8.4,0.4,6.2,9.1,1.47,3136,169,0,0,4,4,1,0,0,44944,0.25,7744,14.6689,70.56,0.16,38.44,82.81,2.1609,6.3,-1.99,6.3,-1.99,20,0,14,0,94,0,48,0,241.7,0.3,226,0,110,0,107,0,86,0,231,0,36,0,7,0,20,0,14,0,94,0,48,0,241.7,0.3,226,0,110,0,107,0,86,0,231,0,36,0,7,0,1,1,1,1,1,1,1,1,1,1,1,1,1,1,1,1,1,1,0,0,0,0,0,0,0,1,0.0398409536444798,-0.00398409536444798,-0.447213595499958,-0.534522483824849,0,-0.433012701892219,-2.96525877780723,-2.86031745252228,-2.86038776773678,-2.32016757370959,-3.45064874251003,-3.09237296631091,-0.776666666666667,-0.611924481801939,-0.894427190999916,-1.0690449676497,0,-1.29903810567666,136.698429656913,122.993650458458,85.8116330321033,55.6840217690302,110.420759760321,145.341529416613,3.61926666666667,-0.990705736037339
"Greg Holland","P",0.627852577539889,0.729039070875823,"COL","Colorado Rockies",2017,2017,31.8,5.028,1,1,31.8,5.028,1,0,0,0,0,162,87,75,0,1,12,0,0,0,824,5534,1510,192,757,0.469,0.275,4.98,158,61,58,0,0,7,1,1,0,7,235,0.333,140,3.72,6.3,1.1,4.1,11,2.69,3721,3364,0,0,49,1,1,0,49,55225,0.110889,19600,13.8384,39.69,1.21,16.81,121,7.2361,7.74,-1.53,7.74,-1.53,16,0,15,0,129,0,43,0,202.3,0.3,206,0,109,0,101,0,87,0,230,0,54,0,15,0,16,0,15,0,129,0,43,0,202.3,0.3,206,0,109,0,101,0,87,0,230,0,54,0,15,0,1,1,1,1,1,0,1,1,1,1,1,1,1,1,0,0,1,0,0,0,0,0,0,0,1,1,-0.539163866017192,-0.808745799025788,-0.75,-1.54919333848297,0,6.25244138363679,-4.01456197605846,-2.78693205716647,-2.29878308453076,-2.28858553748297,-2.78749259057827,-4.61566331377051,-0.491258776191515,-0.297186922098982,2.25,9.2951600308978,0,256.350096729108,229.231488832938,111.477282286659,55.1707940287383,52.6374673621084,72.4748073550349,323.096431963936,-1.77344418205137,-0.342062147335929
"Hector Santiago","P",0.549990067705065,0.550724985700713,"CHW","Chicago White Sox",2019,2019,31.7,7.016,0,1,31.7,7.016,0,0,0,0,0,161,72,89,0,0,-17,0,0,1,708,5529,1443,182,832,0.502,0.26,3.78,164,19,11,0,0,8,0,0,0,0,163,0.5,68,5.89,11.2,2.1,5.9,10.7,1.82,361,121,0,0,64,0,0,0,0,26569,0.25,4624,34.6921,125.44,4.41,34.81,114.49,3.3124,6.53,-1.96,6.53,-1.96,17,0,19,0,151,0,40,0,226.7,0,228,0,123,0,118,0,91,0,274,0,18,0,5.4,0,17,0,19,0,151,0,40,0,226.7,0,228,0,123,0,118,0,91,0,274,0,18,0,5.4,0,1,1,1,1,1,1,1,1,1,1,1,1,1,1,1,1,1,1,0,0,0,0,0,0,0,0,0.156532096038966,-0.0626128384155866,-0.242535625036333,-0.229415733870562,-0.162757691754232,0,-2.20501893720982,-2.78151794983659,-2.34434105013532,-2.30143654474581,-2.30622664078822,-2.41648837332071,-1.57449109944205,-0.818060149015589,-0.242535625036333,-0.229415733870562,-0.325515383508464,0,73.2066287153659,116.823753893137,60.9528673035184,57.5359136186452,50.7369860973408,96.6595349328283,10.5176005442729,1.55513234327863
"Hector Santiago","P",0.496893186821247,0.429127033611385,"CHW","Chicago White Sox",2018,2018,30.7,6.016,1,1,30.7,6.016,0,0,0,0,0,162,62,100,0,0,-38,0,0,1,656,5523,1332,182,848,0.502,0.26,3.77,164,49,27,0,0,16,3,5,2,1,460,0.667,96,5.09,8.9,1.4,5.3,9.1,1.72,2401,729,0,0,256,9,25,4,1,211600,0.444889,9216,25.9081,79.21,1.96,28.09,82.81,2.9584,6.53,-1.96,6.53,-1.96,17,0,19,0,151,0,40,0,226.7,0,228,0,123,0,118,0,91,0,274,0,18,0,5.4,0,17,0,19,0,151,0,40,0,226.7,0,228,0,123,0,118,0,91,0,274,0,18,0,5.4,0,1,1,1,1,1,1,1,1,1,1,0,1,1,1,0,1,1,1,0,0,0,0,0,0,0,1,-0.23479814405845,-0.14087888643507,-1.455213750218,-0.688247201611685,-0.569651921139812,-0.316227766016838,-6.77445577094582,-6.68888840317847,-4.86901602720413,-4.60287308949162,6.28970902033151,-6.22245756130082,-1.03944696834422,-0.679063080035034,8.73128250130799,-2.06474160483506,-3.98756344797868,-0.632455532033676,690.994488636474,675.577728721026,262.926865469023,230.143654474581,377.382541219891,640.913128813985,4.58396113039803,-1.07156154029528
"Hiroki Kuroda","NE",0.559643032685388,0.572831383546675,"NYY","New York Yankees",2013,2013,38.5,1,0,1,38.5,1,0,0,0,0,0,162,85,77,0,0,8,0,0,0,643,5477,1322,144,660,0.568,0.267,3.64,166,32,0,1,1,20,2,5,0,6,824,0.458,121,3.56,8.5,0.9,1.9,6.7,3.49,1024,0,1,1,400,4,25,0,36,678976,0.209764,14641,12.6736,72.25,0.81,3.61,44.89,12.1801,6.43,-1.51,6.43,-1.51,19,0,15,0,137,0,42,0,237.3,0.3,230,0,122,0,112,0,83,0,257,0,27,0,10.5,0,19,0,15,0,137,0,42,0,237.3,0.3,230,0,122,0,112,0,83,0,257,0,27,0,10.5,0,0,0,0,0,1,1,0,0,0,0,0,0,1,1,0,0,0,1,0,0,0,0,0,0,1,1,1.5774460134502,6.30978405380079,2.52357307257618,3.35658556671309,-2.73394450469364,0,13.0545889424679,12.5941670418595,7.15232393735896,6.9923427506707,4.71986317955669,9.35674292327708,-0.637009797005887,-0.358600985311902,27.759303798338,43.6356123672702,87.4862241501963,0,2625.2778363303,2405.48590499517,565.033591051358,517.433363549632,202.954116720937,1403.51143849156,-2.10850242808949,-0.41669434493243
"Hiroki Kuroda","NE",0.557347281425972,0.567573849638754,"NYY","New York Yankees",2012,2012,37.5,0,1,1,37.5,0,0,0,0,0,0,162,95,67,1,1,28,0,0,0,804,5524,1462,245,668,0.568,0.268,3.64,166,33,0,3,2,25,2,8,0,13,891,0.593,127,3.86,8.4,1,2.1,6.8,3.27,1089,0,9,4,625,4,64,0,169,793881,0.351649,16129,14.8996,70.56,1,4.41,46.24,10.6929,6.43,-1.51,6.43,-1.51,19,0,15,0,137,0,42,0,237.3,0.3,230,0,122,0,112,0,83,0,257,0,27,0,10.5,0,19,0,15,0,137,0,42,0,237.3,0.3,230,0,122,0,112,0,83,0,257,0,27,0,10.5,0,0,0,0,0,1,1,0,0,0,0,0,0,1,1,0,0,0,1,0,0,0,0,0,0,1,1,2.09011596782151,11.077614629454,3.67065174192899,2.84018778721877,-2.81938027046531,0,14.2295668631973,13.5172997046136,7.78607415965659,7.65378057843685,5.59797725947421,10.4171737879151,-0.638934297903186,-0.359526805411674,58.7304278708638,31.2420656594065,93.0395489253553,0,3119.12105641284,2771.04643944579,669.602377730467,619.956226853385,285.496840233185,1739.66802258183,-2.12126186903858,-0.4188487283046
"Hisashi Iwakuma","NE",0.584977644778384,0.630850553339843,"SEA","Seattle Mariners",2016,2016,35.3,2,0,1,35.3,2,0,0,0,0,0,162,86,76,0,0,10,0,0,1,768,5583,1446,223,707,0.47,0.26,4.32,167,33,0,0,0,28,3,5,0,4,836,0.571,98,4.27,9.9,1.3,2.1,6.6,3.2,1089,0,0,0,784,9,25,0,16,698896,0.326041,9604,18.2329,98.01,1.69,4.41,43.56,10.24,7.04,-1.35,7.04,-1.35,18,0,16,0,87,0,57,0,236,0.7,232,0,117,0,107,0,67,0,248,0,36,0,7,0.3,18,0,16,0,87,0,57,0,236,0.7,232,0,117,0,107,0,67,0,248,0,36,0,7,0.3,1,0,0,0,1,1,0,0,0,0,0,0,1,1,0,0,0,1,0,0,0,0,0,0,1,1,-0.904534033733291,2.1708816809599,3.77123616632825,3,-3.53797136496472,0,12.953796642592,14.3124011817098,8.78275310689946,8.79730205031554,5.61979444039004,9.334509334514,-0.686666666666667,-0.501558855683245,60.3397786612521,36,116.753055043836,0,2577.8055318758,3120.10345761273,834.361545155449,800.554486578714,258.510544257942,1372.17287217356,-2.82906666666667,-0.665568601491665
"Hisashi Iwakuma","NE",0.531161246864479,0.684290574080004,"SEA","Seattle Mariners",2013,2014,32.8,0.5,0,2,33.3,1,3,1,1,0,0,162,87,75,0,0,12,0,0,0,634,5450,1328,136,554,0.468,0.261,4.33,167,28,0,0,0,20,2,2,0,2,709,0.625,103,3.25,8.4,1,1.1,7.7,7.33,784,0,0,0,400,4,4,0,4,502681,0.390625,10609,10.5625,70.56,1,1.21,59.29,53.7289,7.04,-1.35,7.04,-1.35,18,0,16,0,87,0,57,0,236,0.7,232,0,117,0,107,0,67,0,248,0,36,0,7,0.3,18,0,16,0,87,0,57,0,236,0.7,232,0,117,0,107,0,67,0,248,0,36,0,7,0.3,1,0,0,0,1,1,0,0,0,0,1,0,1,1,0,0,0,1,0,0,0,0,0,0,1,1,-0.904534033733291,2.1708816809599,3.53553390593274,2.25,-3.00191509754583,0,11.6519075327837,10.9640871437868,6.47150228929434,6.76715542331964,-2.56555833148241,9.77900977901467,-0.586666666666667,-0.396862696659689,53.0330085889911,20.25,84.0536227312831,0,2085.69144836829,1831.0025530124,453.005160250604,473.700879632375,53.8767249611306,1505.96750596826,-2.06506666666667,-0.416705831492673
"Hoby Milner","P",0.55979542274805,0.573180374282666,"MIL","Milwaukee Brewers",2024,2024,33.6,3,0,1,33.6,3,0,0,0,0,0,162,93,69,1,1,24,0,0,0,777,5472,1359,177,641,0.487,0.256,4.14,168,61,11,0,0,6,2,2,0,0,268,0.833,88,3.14,8.8,0.8,1.9,8.9,4.57,3721,121,0,0,36,4,4,0,0,71824,0.693889,7744,9.8596,77.44,0.64,3.61,79.21,20.8849,5.64,-2.19,5.64,-2.19,17,0,16,0,97,0,46,0,212.3,0.3,214,0,108,0,99,0,86,0,243,0,54,0,9,0,17,0,16,0,97,0,46,0,212.3,0.3,214,0,108,0,99,0,86,0,243,0,54,0,9,0,1,1,1,1,1,1,1,1,1,1,1,1,1,1,0,1,1,1,0,0,0,0,0,0,1,1,0.252645576319956,-0.151587345791973,-1.21267812518166,-0.25,-0.101534616513362,-0.147441956154897,-4.40615764051688,-4.30659134025538,-3.65655170486763,-3.41712857188132,-1.50965882484814,-4.10560191423734,-0.643671471298024,-0.397,6.06339062590832,-0.25,-0.101534616513362,-0.147441956154897,282.875320521184,271.315254436089,138.94896478497,116.182371443965,21.1352235478739,262.75852251119,-3.04456605923965,-0.472827
"Hoby Milner","P",0.579407926367939,0.618095258845119,"MIL","Milwaukee Brewers",2023,2023,32.6,2,0,1,32.6,2,0,0,0,0,0,162,92,70,1,1,22,0,0,0,728,5386,1290,165,647,0.486,0.256,4.15,168,73,6,0,0,5,0,2,0,1,252,0.667,238,3.13,6.9,0.7,1.8,8.3,4.54,5329,36,0,0,25,0,4,0,1,63504,0.444889,56644,9.7969,47.61,0.49,3.24,68.89,20.6116,5.64,-2.19,5.64,-2.19,17,0,16,0,97,0,46,0,212.3,0.3,214,0,108,0,99,0,86,0,243,0,54,0,9,0,17,0,16,0,97,0,46,0,212.3,0.3,214,0,108,0,99,0,86,0,243,0,54,0,9,0,1,0,1,1,1,1,1,1,1,1,1,1,1,1,1,1,1,1,0,0,0,0,0,0,1,1,-0.715829132906541,1.21690952594112,-0.485071250072666,-0.25,0,0,-4.39929446662199,-3.34957104242085,-1.539600717839,-1.30654915983698,-1.4018260516447,-3.78485176468755,-0.247670629548077,-0.321333333333333,-0.970142500145332,-0.25,0,0,281.99477531047,164.128981078622,24.633611485424,16.9851390778807,18.2237386713811,223.306254116565,-0.4507605457775,-0.309765333333333
"Hoby Milner","P",0.561801301016294,0.577774065766967,"MIL","Milwaukee Brewers",2022,2022,31.6,1,1,1,31.6,1,0,0,0,0,0,162,86,76,0,0,10,0,0,0,725,5417,1271,219,688,0.484,0.257,4.16,168,67,9,0,0,5,0,7,0,1,272,0.5,107,3.16,8.5,0.7,2.1,8.9,4.27,4489,81,0,0,25,0,49,0,1,73984,0.25,11449,9.9856,72.25,0.49,4.41,79.21,18.2329,5.64,-2.19,5.64,-2.19,17,0,16,0,97,0,46,0,212.3,0.3,214,0,108,0,99,0,86,0,243,0,54,0,9,0,17,0,16,0,97,0,46,0,212.3,0.3,214,0,108,0,99,0,86,0,243,0,54,0,9,0,1,1,1,1,1,1,1,1,1,1,1,1,1,1,0,0,1,1,0,0,0,0,0,0,1,1,-0.21053798026663,-0.105268990133315,-0.727606875108999,-0.75,0,0,-4.40615764051688,-4.16987415485045,-2.79052630108319,-2.71360210119987,-1.61749159805158,-4.10560191423734,-0.511671190714708,-0.391666666666667,2.182820625327,2.25,0,0,282.875320521184,254.362323445877,80.9252627314125,73.2672567323966,24.2623739707736,262.75852251119,-1.9238836770873,-0.460208333333333
"Hoby Milner","P",0.55461088880013,0.561307196421537,"LAA","Los Angeles Angels",2020,2020,29.6,0,0,1,29.6,0,0,0,0,0,0,60,26,34,0,0,-8,0,0,0,294,2020,501,85,321,0.499,0.257,3.98,168,19,4,0,0,5,0,1,0,0,59,0,57,7.69,8.8,3.4,4.1,8.8,2.17,361,16,0,0,25,0,1,0,0,3481,0,3249,59.1361,77.44,11.56,16.81,77.44,4.7089,6.93,-1.88,6.93,-1.88,20,0,15,0,153,0,41,0,238.3,0.3,211,0,109,0,102,0,91,0,219,0,37.8,0,9,0,20,0,15,0,153,0,41,0,238.3,0.3,211,0,109,0,102,0,91,0,219,0,37.8,0,9,0,1,1,1,1,1,1,1,1,1,1,1,1,1,1,1,1,1,1,0,0,0,0,1,0,0,1,0.151947435279517,-0.0607789741118069,0,0,0,0,-0.848612206663046,-0.894956908067969,-1.14939154226538,-1.18817705157201,-0.628970902033151,-0.878458591919332,-1.31746509848052,-0.475,0,0,0,0,11.1168199072859,11.6344398048836,13.7926985071846,14.2581246188641,-3.77382541219891,11.4199616949513,10.6714672976922,-0.676875
"Hunter Strickland","P",0.555280891334931,0.562841579134239,"LAA","Los Angeles Angels",2024,2024,35.9,3,1,1,35.9,3,0,0,0,0,0,162,63,99,0,0,-36,0,0,0,635,5357,1227,165,797,0.495,0.256,4,170,72,10,0,0,10,1,2,0,1,294,0.6,127,4.45,6.9,1.2,2.9,7,2.38,5184,100,0,0,100,1,4,0,1,86436,0.36,16129,19.8025,47.61,1.44,8.41,49,5.6644,6.93,-1.88,6.93,-1.88,20,0,15,0,153,0,41,0,238.3,0.3,211,0,109,0,102,0,91,0,219,0,37.8,0,9,0,20,0,15,0,153,0,41,0,238.3,0.3,211,0,109,0,102,0,91,0,219,0,37.8,0,9,0,1,1,1,1,1,1,1,1,1,1,1,1,1,1,1,1,1,1,0,0,0,0,0,0,1,1,-0.379868588198793,-0.379868588198793,-0.670820393249937,-0.516397779494322,0,-0.156173761888606,-4.73538567229532,-3.85519898860048,-2.96926148418557,-2.67339836603702,-2.5158836081326,-3.85170305687707,-0.538371540243274,-0.363666666666667,-2.01246117974981,-1.03279555898864,0,-0.156173761888606,346.156692644788,215.891143361627,92.0471060097526,72.1817558829996,60.3812065951825,219.547074241993,-1.78200979820524,-0.396760333333333
"Hunter Strickland","P",0.521416235199301,0.485287629339857,"CIN","Cincinnati Reds",2022,2022,33.9,2,1,1,33.9,2,0,0,0,0,0,162,62,100,0,0,-38,0,0,0,648,5380,1264,156,815,0.504,0.261,3.76,170,66,35,0,0,8,1,7,0,1,284,0.5,89,4.78,8.8,1.2,4.8,8.7,1.82,4356,1225,0,0,64,1,49,0,1,80656,0.25,7921,22.8484,77.44,1.44,23.04,75.69,3.3124,6.59,-2.18,6.59,-2.18,20,0,16,0,107,0,38,0,243.7,0.3,227,0,119,0,112,0,84,0,253,0,67.5,0,10.5,0,20,0,16,0,107,0,38,0,243.7,0.3,227,0,119,0,112,0,84,0,253,0,67.5,0,10.5,0,1,1,1,1,1,1,1,1,1,1,1,1,1,1,1,0,1,0,0,0,0,0,0,0,1,1,0,0,-0.670820393249937,-0.75,0,-1.13554994791534,-3.97799136055745,-4.04871220075983,-3.39178443900438,-3.21269802057843,-3.60059518889387,-3.77216768077159,-0.597626168300081,-0.465378903485669,-2.01246117974981,2.25,0,7.94884963540736,247.033263490617,246.97144424635,125.496024243162,109.231732699667,118.819641233498,226.330060846295,-2.9343444863534,-0.701791386456389
"Hunter Strickland","P",0.569230001271599,0.594786642074549,"MIL","Milwaukee Brewers",2021,2021,32.9,1,1,1,32.9,1,0,0,0,0,0,162,95,67,1,1,28,0,0,0,738,5362,1251,194,623,0.483,0.257,4.17,170,57,19,0,0,8,0,2,0,3,242,0.6,161,4.19,7.1,1.2,3.4,8.9,2.64,3249,361,0,0,64,0,4,0,9,58564,0.36,25921,17.5561,50.41,1.44,11.56,79.21,6.9696,5.64,-2.19,5.64,-2.19,17,0,16,0,97,0,46,0,212.3,0.3,214,0,108,0,99,0,86,0,243,0,54,0,9,0,17,0,16,0,97,0,46,0,212.3,0.3,214,0,108,0,99,0,86,0,243,0,54,0,9,0,1,1,1,1,1,1,1,1,1,1,1,1,1,1,0,1,1,1,0,0,0,0,0,0,1,1,-0.378968364479934,-0.34107152803194,-0.727606875108999,-0.5,0,0,-3.99436720682371,-3.14449526431345,-2.02072594216369,-1.70856428594066,-2.37232101047565,-3.72070173477759,-0.355176012703561,-0.386333333333333,2.182820625327,-1,0,0,232.47217143714,144.646782158419,42.4352447854375,29.0455928609912,52.1910622304642,215.8007006171,-0.927009393156294,-0.447760333333333
"Ian Gibaut","P",0.56873125783103,0.593644462346065,"CIN","Cincinnati Reds",2024,2024,30.8,2,0,1,30.8,2,0,0,0,0,0,162,77,85,0,0,-8,0,0,0,699,5325,1230,174,694,0.504,0.261,3.77,172,2,0,0,0,0,0,0,0,0,10,0,115,3.67,13.5,0,4.5,4.5,1,4,0,0,0,0,0,0,0,0,100,0,13225,13.4689,182.25,0,20.25,20.25,1,6.59,-2.18,6.59,-2.18,20,0,16,0,107,0,38,0,243.7,0.3,227,0,119,0,112,0,84,0,253,0,67.5,0,10.5,0,20,0,16,0,107,0,38,0,243.7,0.3,227,0,119,0,112,0,84,0,253,0,67.5,0,10.5,0,1,1,1,1,1,1,1,1,1,1,1,1,1,1,1,1,1,1,1,1,1,1,1,1,1,1,0,0,0,0,0,0,-0.128115663786069,-0.199116993479992,-0.0916698497028211,-0.0944911182523068,-0.109108945117996,-0.0628694613461931,-0.547722557505166,-0.617213399848368,0,0,0,0,-0.256231327572138,-0.597350980439975,-0.0916698497028211,-0.0944911182523068,-0.109108945117996,-0.0628694613461931,-2.46475150877325,-1.23442679969674
"Ian Gibaut","P",0.550902175688919,0.552813817682457,"CIN","Cincinnati Reds",2023,2023,29.8,1,1,1,29.8,1,0,0,0,0,0,162,82,80,0,0,2,0,0,1,783,5499,1371,198,821,0.504,0.261,3.77,172,74,15,0,0,8,4,4,0,0,318,0.667,140,4.07,8.2,1,3.3,8.2,2.46,5476,225,0,0,64,16,16,0,0,101124,0.444889,19600,16.5649,67.24,1,10.89,67.24,6.0516,6.59,-2.18,6.59,-2.18,20,0,16,0,107,0,38,0,243.7,0.3,227,0,119,0,112,0,84,0,253,0,67.5,0,10.5,0,20,0,16,0,107,0,38,0,243.7,0.3,227,0,119,0,112,0,84,0,253,0,67.5,0,10.5,0,1,0,1,1,1,1,1,1,1,1,1,1,1,1,0,0,1,1,0,0,0,0,0,0,1,1,-0.77908938713162,1.55817877426324,-1.78885438199983,-1,0,-0.486664263392288,-4.8171489583562,-4.57969085003981,-3.0251050401931,-2.64575131106459,-3.05505046330389,-4.33799283288733,-0.405314692553823,-0.395633789302804,14.3108350559987,4,0,-1.45999279017686,362.249601668386,315.998668652747,99.8284663263722,74.0810367098085,85.541412972509,299.321505469226,-1.34969792620423,-0.507202517886194
"Ian Kennedy","P",0.458878876087757,0.342069898458864,"ARI","Arizona Diamondbacks",2022,2022,37.7,12.124,1,1,37.7,12.124,0,0,0,0,0,162,74,88,0,0,-14,0,0,0,702,5351,1232,173,740,0.485,0.255,4.26,174,57,21,0,0,11,3,1,0,3,232,0.364,75,5.58,10.2,2,3.9,7.9,2,3249,441,0,0,121,9,1,0,9,53824,0.132496,5625,31.1364,104.04,4,15.21,62.41,4,5.73,-1.54,5.73,-1.54,21,0,15,0,124,0,45,0,222,0.3,227,0,114,0,98,0,84,0,246,0,37.13,0,6.75,0,21,0,15,0,124,0,45,0,222,0.3,227,0,114,0,98,0,84,0,246,0,37.13,0,6.75,0,1,1,1,1,1,1,1,1,1,1,1,1,1,1,0,0,1,0,0,0,0,0,0,0,0,1,0.459531592458793,-0.505484751704672,-0.87287156094397,-1.80739222823013,0,-1.49071198499986,-3.36249183662226,-3.78322287611984,-3.09073317821959,-3.03045763365663,-2.40039679259592,-2.80533753747869,-0.879634622871858,-0.604293281751808,3.49148624377588,12.6517455976109,0,14.9071198499986,168.460841014775,215.643703938831,101.994194881246,90.913729009699,52.8087294371102,123.434851649062,4.71484157859316,-0.948740452350339
"Ian Kennedy","P",0.600907476236708,0.667331695927084,"TEX","Texas Rangers",2021,2021,36.7,11.124,1,1,36.7,11.124,0,0,0,0,0,162,60,102,0,0,-42,0,0,0,625,5405,1254,167,815,0.476,0.259,4.29,174,55,44,0,0,12,3,2,0,0,228,0.75,136,4.75,7.2,1.9,2.7,9.9,3.65,3025,1936,0,0,144,9,4,0,0,51984,0.5625,18496,22.5625,51.84,3.61,7.29,98.01,13.3225,7.73,-1.77,7.73,-1.77,18,0,14,0,113,0,43,0,223.3,0.3,221,0,114,0,106,0,89,0,277,0,108,0,21,0,18,0,14,0,113,0,43,0,223.3,0.3,221,0,114,0,106,0,89,0,277,0,108,0,21,0,1,1,1,1,1,0,1,1,1,1,1,1,1,1,1,1,1,0,0,0,0,0,0,0,1,1,-0.503545000885924,-0.704963001240294,-0.707106781186548,-0.267261241912424,0,3.96496282864772,-3.75420946005291,-3.02702757298341,-1.96683020432156,-1.94257172471453,-1.80199639601081,-3.72521896238188,-0.3079201435678,-0.240257897149828,-2.12132034355964,-0.267261241912424,0,103.089033544841,210.611150708968,136.216240784253,41.3034342907527,38.8514344942906,30.6339387321838,230.963575667677,-0.985344459416961,-0.26452394476196
"Ja Happ","P",0.805995598170475,0.832204055840689,"MIN","Minnesota Twins",2021,2021,38.8,7,1,1,38.8,7,0,0,0,0,0,162,73,89,0,0,-16,0,0,0,729,5431,1311,228,834,0.481,0.263,4,177,30,0,0,0,30,0,3,0,4,671,0.556,72,5.13,10.5,1.8,2.8,7.2,2.54,900,0,0,0,900,0,9,0,16,450241,0.309136,5184,26.3169,110.25,3.24,7.84,51.84,6.4516,5.35,-2.14,5.35,-2.14,16,0,14,0,138,0,36,0,211.3,1,221,0,112,0,103,0,87,0,234,0,45,0,5,0,16,0,14,0,138,0,36,0,211.3,1,221,0,112,0,103,0,87,0,234,0,45,0,5,0,1,0,0,0,1,1,0,0,0,0,0,0,1,1,0,0,0,1,0,0,0,0,0,0,0,1,0.562039011517252,0.730650714972428,2.5,2.1380899352994,-2.55376959227625,0,10.4635599168476,11.9063084537347,9.44911182523068,9.65622692601007,5.14614016722141,7.97538949561948,-0.863122239314919,-0.660534480553438,25,17.1047194823952,76.6130877682874,0,1591.50746335252,2107.41659631105,944.911182523068,946.310238748987,247.014728026628,972.997518465577,4.99747776563338,-0.975609427777428
"Ja Happ","P",0.339324189999855,0.343620797515314,"NYY","New York Yankees",2019,2020,36.8,3,0,2,36.8,3,0,0,0,0,0,162,103,59,1,1,44,0,0,3,943,5583,1493,306,739,0.57,0.266,3.65,177,31,0,0,0,34,1,5,0,3,678,0.6,90,5.22,8.9,1.9,2.7,7.8,2.86,961,0,0,0,1156,1,25,0,9,459684,0.36,8100,27.2484,79.21,3.61,7.29,60.84,8.1796,6.43,-1.51,6.43,-1.51,19,0,15,0,137,0,42,0,237.3,0.3,230,0,122,0,112,0,83,0,257,0,27,0,10.5,0,19,0,15,0,137,0,42,0,237.3,0.3,230,0,122,0,112,0,83,0,257,0,27,0,10.5,0,1,1,0,0,1,1,0,0,0,0,0,0,1,1,0,0,0,1,0,0,0,0,0,0,0,1,-0.552106104707569,-0.772948546590597,2.75298880644674,2.06559111797729,-2.56307297315028,0,10.4579526535633,10.5500875743326,7.96714565174163,8.315218406203,5.37844873949483,8.73296006172527,-0.944929940573688,-0.399645676401818,33.0358656773609,16.5247289438183,76.8921891945085,0,1684.77617248905,1688.01401189321,701.108817353263,731.739219745864,263.543988235247,1222.61440864154,4.63960600821681,-0.517541150940354
"Ja Happ","P",0.538800156296769,0.658600216188149,"TOR","Toronto Blue Jays",2016,2018,34.8,1,1,3,35.8,2,3,0,1,0,0,162,73,89,0,0,-16,0,0,0,709,5477,1336,217,832,0.496,0.261,4.23,177,31,0,0,0,27,0,9,1,4,733,0.739,116,3.98,7.6,1.4,2.6,9.8,3.78,961,0,0,0,729,0,81,1,16,537289,0.546121,13456,15.8404,57.76,1.96,6.76,96.04,14.2884,6.59,-1.53,6.59,-1.53,20,0,15,0,129,0,39,0,224.7,0.3,228,0,113,0,105,0,85,0,248,0,40.5,0,9,0,20,0,15,0,129,0,39,0,224.7,0.3,228,0,113,0,105,0,85,0,248,0,40.5,0,9,0,0,0,0,1,1,1,0,0,0,0,0,0,1,1,0,0,0,1,0,0,0,0,0,0,1,1,1.12967961134085,3.27607087288846,3.80131556174964,-1.54919333848297,-2.72939780960943,0,11.8212167732053,9.93399267798783,7.61983903390714,7.02648052522944,5.53172667437573,12.2555122555184,-0.573542166962422,-0.377,64.6223645497439,9.2951600308978,84.6113320978924,0,2094.71961221198,1490.09890169817,617.206961746478,505.90659781652,282.118060393162,2365.31386531505,-2.09342890941284,-0.426387
"Jace Peterson","NP",0.667280876871276,0.67378872617072,"MIL","Milwaukee Brewers",2022,2022,32.2,3,0,1,32.2,3,0,0,0,0,0,162,86,76,0,0,10,0,0,0,725,5417,1271,219,688,0.484,0.257,4.16,178,1,1,0,0,0,0,0,0,0,3,0,0,3.11,0,0,0,0,0,1,1,0,0,0,0,0,0,0,9,0,0,9.6721,0,0,0,0,0,5.64,-2.19,5.64,-2.19,17,0,16,0,97,0,46,0,212.3,0.3,214,0,108,0,99,0,86,0,243,0,54,0,9,0,17,0,16,0,97,0,46,0,212.3,0.3,214,0,108,0,99,0,86,0,243,0,54,0,9,0,1,1,1,1,1,1,1,1,1,1,1,1,1,1,1,1,1,1,1,1,1,1,1,1,1,1,0,0,0,0,0,0,-0.068631738948861,0,0,0,0,0,0,0,0,0,0,0,-0.068631738948861,0,0,0,0,0,0,0
"Jace Peterson","NP",0.593041290957306,0.649317228696449,"MIL","Milwaukee Brewers",2021,2021,31.2,2,0,1,31.2,2,0,0,0,0,0,162,95,67,1,1,28,0,0,0,738,5362,1251,194,623,0.483,0.257,4.17,178,2,2,0,0,0,0,0,0,0,11,0,54,2.67,18,0,4.5,9,2,4,4,0,0,0,0,0,0,0,121,0,2916,7.1289,324,0,20.25,81,4,5.64,-2.19,5.64,-2.19,17,0,16,0,97,0,46,0,212.3,0.3,214,0,108,0,99,0,86,0,243,0,54,0,9,0,17,0,16,0,97,0,46,0,212.3,0.3,214,0,108,0,99,0,86,0,243,0,54,0,9,0,1,1,1,1,1,1,1,1,1,1,1,1,1,1,1,1,1,1,1,1,1,1,1,1,0,0,0.042107596053326,-0.0042107596053326,0,0,0,0,-0.137263477897722,-0.273434370809865,-0.192450089729875,-0.201007563051842,-0.107832773203438,-0.128300059819917,-1.22474487139159,-0.833333333333333,0,0,0,0,-0.274526955795444,-1.09373748323946,-0.384900179459751,-0.402015126103685,-0.107832773203438,-0.256600119639834,11.0227038425243,2.08333333333333
"Jacob Barnes","P",0.572388753952427,0.602020548299395,"STL","St Louis Cardinals",2023,2023,33.3,1,1,1,33.3,1,0,0,0,0,0,162,71,91,0,0,-20,0,0,1,719,5510,1376,209,829,0.52,0.266,3.69,180,13,5,0,0,1,0,1,0,0,61,0,76,3.91,11.9,0.7,2,5.3,2.67,169,25,0,0,1,0,1,0,0,3721,0,5776,15.2881,141.61,0.49,4,28.09,7.1289,6.3,-1.99,6.3,-1.99,20,0,14,0,94,0,48,0,241.7,0.3,226,0,110,0,107,0,86,0,231,0,36,0,7,0,20,0,14,0,94,0,48,0,241.7,0.3,226,0,110,0,107,0,86,0,231,0,36,0,7,0,1,1,1,1,1,1,1,1,1,1,1,1,1,1,1,1,1,1,0,0,0,0,1,1,0,1,0.0796819072889596,-0.0159363814577919,0,-0.267261241912424,0,0,-0.849054574122678,-1.19734218942793,-1.04880884817015,-0.870062840141097,-0.323498319610315,-0.526361355967815,-0.988333333333333,-0.580931395015182,0,-0.267261241912424,0,0,11.2075203784194,21.5521594097028,11.5368973298717,7.83056556126987,-0.970494958830946,-4.21089084774252,5.86081666666667,-0.892891554138335
"Jacob Barnes","P",0.553810934335562,0.559475208872797,"LAA","Los Angeles Angels",2020,2020,30.3,0,0,1,30.3,0,0,0,0,0,0,60,26,34,0,0,-8,0,0,0,294,2020,501,85,321,0.499,0.257,3.98,180,18,5,0,0,1,0,2,0,0,78,0,84,2.25,9.5,0.5,2,12,6,324,25,0,0,1,0,4,0,0,6084,0,7056,5.0625,90.25,0.25,4,144,36,6.93,-1.88,6.93,-1.88,20,0,15,0,153,0,41,0,238.3,0.3,211,0,109,0,102,0,91,0,219,0,37.8,0,9,0,20,0,15,0,153,0,41,0,238.3,0.3,211,0,109,0,102,0,91,0,219,0,37.8,0,9,0,1,1,1,1,1,1,1,1,1,1,1,1,1,1,1,1,1,1,0,0,0,0,1,0,0,1,0,0,0,-0.516397779494322,0,0,-1.16603203968968,-1.30801394256088,-1.2451741707875,-1.08916229727434,-0.419313934688767,-1.62176970815877,-0.894575066869489,-0.426,0,-1.03279555898864,0,0,20.9885767144143,24.8522649086567,16.1872642202375,11.9807852700178,-1.67725573875507,38.9224729958104,4.92016286778219,-0.544428
"Jake Diekman","P",0.494364080807394,0.556896962865139,"BOS","Boston Red Sox",2022,2023,35.6,3,1,2,35.6,3,0,0,0,0,0,162,78,84,0,0,-6,0,0,1,735,5539,1427,155,787,0.518,0.267,3.92,185,70,10,0,0,9,2,8,0,7,269,0.556,83,5,8.1,1.4,6.6,12.3,1.88,4900,100,0,0,81,4,64,0,49,72361,0.309136,6889,25,65.61,1.96,43.56,151.29,3.5344,6.45,-1.85,6.45,-1.85,22,0,17,0,127,0,42,0,230,0.3,235,0,125,0,114,0,75,0,237,0,27,0,6,0,22,0,17,0,127,0,42,0,230,0.3,235,0,125,0,114,0,75,0,237,0,27,0,6,0,1,1,1,1,1,1,1,1,1,1,0,1,1,1,0,0,1,1,0,0,0,0,0,0,0,1,0.118124884643724,-0.0354374653931171,-1.06600358177805,-0.970142500145332,0,-0.154303349962092,-3.7716563078239,-3.3921059798779,-3.57770876399966,-2.99707459706142,4.84974226119286,-5.13160143944688,-0.960325947752078,-0.665444713456097,5.33001790889026,3.88057000058133,0,-0.154303349962092,215.738740807527,176.389510953651,143.108350559987,95.9063871059655,203.6891749701,405.396513716304,4.79202647928287,-1.08467488293344
"Jake Diekman","P",0.557023999983076,0.562592352501225,"OAK","Oakland Athletics",2020,2021,34.1,1.5,0,2,34.6,2,0,0,0,0,0,162,86,76,0,0,10,0,0,0,743,5395,1284,199,687,0.489,0.258,3.98,185,67,17,0,0,10,2,4,0,8,262,0.5,107,4.46,7,1.5,5,12.3,2.44,4489,289,0,0,100,4,16,0,64,68644,0.25,11449,19.8916,49,2.25,25,151.29,5.9536,5.64,-1.36,5.64,-1.36,18,0,15,0,118,0,38,0,219.7,0.7,214,0,102,0,96,0,91,0,220,0,37.8,0,5.4,0,18,0,15,0,118,0,38,0,219.7,0.7,214,0,102,0,96,0,91,0,220,0,37.8,0,5.4,0,1,1,1,1,1,1,1,1,1,1,1,1,1,1,1,0,1,0,0,0,0,0,0,0,1,1,-0.168430384213304,-0.0673721536853215,-0.707106781186548,-0.774596669241483,0,-1.13554994791534,-4.0614532894064,-3.21285385701592,-2.87142787463236,-2.65361388801511,-3.56416844485452,-5.59585885844491,-0.627829046930223,-0.574492529687433,-2.12132034355964,2.32379000772445,0,7.94884963540736,244.499488022265,151.004131279748,83.2714083643383,68.9939610883929,121.181727125054,464.456285250927,-2.42342012115066,-0.766947527132724
"James Paxton","P",0.507352790017627,0.45308072556421,"BOS","Boston Red Sox",2023,2023,34.8,2,0,1,34.8,2,0,0,0,0,0,162,78,84,0,0,-6,0,0,0,772,5562,1437,182,776,0.518,0.267,3.92,190,19,0,0,0,18,0,2,0,5,411,0.583,101,4.68,8.7,1.7,3.1,9.5,3.06,361,0,0,0,324,0,4,0,25,168921,0.339889,10201,21.9024,75.69,2.89,9.61,90.25,9.3636,6.45,-1.85,6.45,-1.85,22,0,17,0,127,0,42,0,230,0.3,235,0,125,0,114,0,75,0,237,0,27,0,6,0,22,0,17,0,127,0,42,0,230,0.3,235,0,125,0,114,0,75,0,237,0,27,0,6,0,1,1,1,1,1,1,1,1,1,1,1,1,1,1,0,0,0,1,0,0,0,0,0,0,0,1,-0.393749615479079,-0.393749615479079,-1.49240501448927,-1.21267812518166,-1.68597736789062,0,-6.33005254459956,-6.06665107939701,-4.56157867409957,-4.49561189559213,-3.81051177665153,-6.56065500486247,-0.866025403784439,-0.536030005379052,10.4468351014249,6.06339062590832,32.0335699899217,0,607.685044281557,564.198550383922,232.640512379078,215.789370988422,125.7468886295,662.62615549111,3.89711431702997,-0.703807397062696
"James Paxton","P",0.575060862297363,0.608139983134297,"SEA","Seattle Mariners",2021,2021,32.8,0,1,1,32.8,0,0,0,0,0,0,162,90,72,0,0,18,0,0,0,697,5355,1209,199,748,0.472,0.259,4.34,190,1,0,0,0,0,0,0,0,1,5,0,78,2.42,0,0,6.8,13.5,2,1,0,0,0,0,0,0,0,1,25,0,6084,5.8564,0,0,46.24,182.25,4,7.04,-1.35,7.04,-1.35,18,0,16,0,87,0,57,0,236,0.7,232,0,117,0,107,0,67,0,248,0,36,0,7,0.3,18,0,16,0,87,0,57,0,236,0.7,232,0,117,0,107,0,67,0,248,0,36,0,7,0.3,1,1,1,1,1,1,1,1,1,1,1,1,1,1,1,1,1,1,1,1,1,1,1,1,0,1,0,0,0,0,-0.107211253483779,0,-0.0716039010394531,0,-0.0924500327042048,-0.0966736489045664,-0.122169444356305,-0.127000127000191,-1.125,-0.28347335475692,0,0,-0.107211253483779,0,-0.0787642911433984,0,-0.0924500327042048,-0.0966736489045664,-0.122169444356305,-0.254000254000381,7.59375,-0.21260501606769
"Jason Grilli","P",0.580772697892953,0.601049941734936,"ATL","Atlanta Braves",2015,2016,38.8,2,1,2,38.8,2,0,0,0,0,0,162,67,95,0,0,-28,0,0,1,573,5420,1361,100,760,0.501,0.26,3.64,197,36,29,0,0,2,1,0,0,2,140,0.429,132,2.12,7.5,0.5,2.7,12,4.5,1296,841,0,0,4,1,0,0,4,19600,0.184041,17424,4.4944,56.25,0.25,7.29,144,20.25,6.07,-1.69,6.07,-1.69,21,0,17,0,70,0,50,0,221,1,215,0,103,0,95,0,84,0,281,0,27,0,4.33,0,21,0,17,0,70,0,50,0,221,1,215,0,103,0,95,0,84,0,281,0,27,0,4.33,0,1,1,1,1,1,1,1,1,1,1,1,1,1,1,1,0,1,0,0,0,0,0,0,0,1,1,-0.24353248754046,-0.146119492524276,-0.654653670707977,-0.970142500145332,0,-3.39411254969543,-2.23327367606776,-1.90958415051733,-1.28092806161358,-1.12857618729367,-1.09108945117996,-2.68447493822352,-0.565803263805833,-0.542562775074068,-1.96396101212393,3.88057000058133,0,81.4587011926903,74.1446860454495,53.4683562144851,16.6520648009766,12.4143380602304,10.9108945117996,120.801372220058,-1.66346159558915,-0.612553373058623
"Jason Grilli","P",0.566917735717308,0.578613829817492,"PIT","Pittsburgh Pirates",2013,2014,36.8,0,0,2,36.8,0,1,0,0,0,0,162,94,68,0,1,26,0,0,2,636,5468,1339,161,583,0.503,0.265,3.71,197,54,41,0,0,4,0,1,0,1,202,0,133,1.97,7.2,0.7,2.3,13.3,5.69,2916,1681,0,0,16,0,1,0,1,40804,0,17689,3.8809,51.84,0.49,5.29,176.89,32.3761,4.77,-1.91,4.77,-1.91,19,0,14,0,71,0,51,0,208,0,205,0,99,0,96,0,84,0,210,0,36,0,6,0,19,0,14,0,71,0,51,0,208,0,205,0,99,0,96,0,84,0,210,0,36,0,6,0,1,1,1,1,1,0,1,1,1,1,1,1,1,1,1,1,1,0,0,0,0,0,0,0,1,1,-0.412081691846067,-0.37087352266146,0,-0.534522483824849,0,4.62092427729243,-3.46687622640768,-2.79372118307831,-1.50755672288882,-1.53093108923949,-1.41841628653395,-5.10648513913342,-0.45,-0.432743187891695,0,-1.0690449676497,0,152.49050115065,173.343811320384,111.748847323133,22.6133508433323,22.9639663385923,18.4394117249414,377.879900295873,-1.215,-0.458707779165197
"Jason Motte","P",0.714594190703671,0.778360609013272,"ATL","Atlanta Braves",2017,2017,35.2,8.027,1,1,35.2,8.027,0,0,0,0,0,163,72,90,0,0,-18,0,0,0,732,5584,1467,165,821,0.5,0.26,3.66,199,46,10,0,0,6,1,3,0,1,166,1,124,5.44,6.2,1.3,4.4,6,1.35,2116,100,0,0,36,1,9,0,1,27556,1,15376,29.5936,38.44,1.69,19.36,36,1.8225,6.07,-1.69,6.07,-1.69,21,0,17,0,70,0,50,0,221,1,215,0,103,0,95,0,84,0,281,0,27,0,4.33,0,21,0,17,0,70,0,50,0,221,1,215,0,103,0,95,0,84,0,281,0,27,0,4.33,0,1,1,1,1,1,1,1,1,1,1,1,1,1,1,1,1,1,1,0,0,0,0,0,0,1,1,-0.28412123546387,-0.198884864824709,-0.218217890235992,0,0,0,-2.70414463186518,-1.90958415051733,-1.57652684506287,-1.64156536333625,-2.18217890235992,-1.61068496293411,-0.681273317643758,-0.567071810972011,-0.218217890235992,0,0,0,108.70661420098,53.4683562144851,25.2244295210059,26.2650458133799,43.6435780471985,43.488493999221,-2.4117075444589,-0.669144736946973
"Jason Motte","P",0.460091105246369,0.344846042381004,"CHC","Chicago Cubs",2015,2015,33.2,6.027,1,1,33.2,6.027,0,0,0,0,0,162,97,65,0,1,32,0,0,0,689,5491,1341,171,608,0.512,0.263,3.68,199,57,18,0,0,4,5,2,0,2,206,0.889,98,3.61,8.9,0.7,2,6.3,3.09,3249,324,0,0,16,25,4,0,4,42436,0.790321,9604,13.0321,79.21,0.49,4,39.69,9.5481,8.29,-2.3,8.29,-2.3,22,0,18,0,148,0,36,0,229,0.3,210,0,110,0,103,0,95,0,236,0,108,0,12,0,22,0,18,0,148,0,36,0,229,0.3,210,0,110,0,103,0,95,0,236,0,108,0,12,0,1,1,1,1,1,1,1,1,1,1,1,1,1,1,0,1,1,0,0,0,0,0,0,0,1,1,-0.0694628711647188,-0.0138925742329438,-1.70560573084488,-0.235702260395516,0,-1,-3.17853746818898,-3.3123146848433,-2.00227143741574,-2.06919148414502,-1.12857618729367,-2.21321148667401,-0.376239925421906,-0.352472339340267,13.6448458467591,-0.235702260395516,0,6,152.88765221989,158.991104872478,42.0477001857306,43.4530211670453,12.4143380602304,75.2491905469162,-1.47109810839965,-0.430368726334465
"Jay Jackson","P",0.550701095712855,0.552353321455776,"TOR","Toronto Blue Jays",2023,2023,35.8,2,1,1,35.8,2,0,0,0,0,0,162,89,73,0,1,16,0,0,1,746,5562,1423,188,671,0.499,0.261,4.22,203,25,10,0,0,4,2,1,0,1,116,0.75,204,4.2,5.5,1.2,2.7,8.2,3,625,100,0,0,16,4,1,0,1,13456,0.5625,41616,17.64,30.25,1.44,7.29,67.24,9,6.59,-1.53,6.59,-1.53,20,0,15,0,129,0,39,0,224.7,0.3,228,0,113,0,105,0,85,0,248,0,40.5,0,9,0,20,0,15,0,129,0,39,0,224.7,0.3,228,0,113,0,105,0,85,0,248,0,40.5,0,9,0,1,1,1,1,1,1,1,1,1,1,1,1,1,1,1,1,1,1,0,0,0,1,0,0,1,1,-0.311635754852648,-0.249308603882118,-0.670820393249937,-0.258198889747161,0,0,-1.94796574366588,-1.19207912135854,-0.752576694706878,-0.683130051063973,-0.976187060183953,-1.71450171450257,-0.333125861358996,-0.303333333333333,-2.01246117974981,-0.258198889747161,0,0,56.8805997150438,21.4574241844537,6.02061355765502,-4.78191035744781,8.78568354165558,46.2915462915694,-0.706226826081071,-0.276033333333333
"Jay Jackson","P",0.566523071925245,0.588587463149381,"MIL","Milwaukee Brewers",2019,2019,31.8,0,1,1,31.8,0,0,0,0,0,0,162,89,73,0,1,16,0,0,0,769,5542,1366,250,766,0.481,0.258,4.18,203,28,9,0,0,6,1,2,0,0,132,1,101,4.66,6.5,1.8,5.3,13.9,2.61,784,81,0,0,36,1,4,0,0,17424,1,10201,21.7156,42.25,3.24,28.09,193.21,6.8121,5.64,-2.19,5.64,-2.19,17,0,16,0,97,0,46,0,212.3,0.3,214,0,108,0,99,0,86,0,243,0,54,0,9,0,17,0,16,0,97,0,46,0,212.3,0.3,214,0,108,0,99,0,86,0,243,0,54,0,9,0,1,1,1,1,1,1,1,1,1,1,1,1,1,1,1,1,1,1,0,0,0,0,0,0,1,1,-0.0842151921066519,-0.0168430384213304,-0.242535625036333,0,0,0,-2.06581534236072,-1.50388903945426,-1.44337567297406,-1.50755672288882,-1.94098991766189,-3.01505140576805,-0.605568297521397,-0.439666666666667,-0.242535625036333,0,0,0,62.1810418050576,33.0855588679937,21.650635094611,22.6133508433323,34.937818517914,141.707416071098,-2.69477892397022,-0.579920333333333
"Jeanmar Gomez","P",0.562448317892898,0.579255808683927,"CHW","Chicago White Sox",2018,2018,30.5,1,1,1,30.5,1,0,0,0,0,0,162,62,100,0,0,-38,0,0,1,656,5523,1332,182,848,0.502,0.26,3.77,204,26,5,0,0,3,1,1,0,0,114,0,92,3.88,10.4,1.1,3.6,9.7,2.7,676,25,0,0,9,1,1,0,0,12996,0,8464,15.0544,108.16,1.21,12.96,94.09,7.29,6.53,-1.96,6.53,-1.96,17,0,19,0,151,0,40,0,226.7,0,228,0,123,0,118,0,91,0,274,0,18,0,5.4,0,17,0,19,0,151,0,40,0,226.7,0,228,0,123,0,118,0,91,0,274,0,18,0,5.4,0,1,1,1,1,1,1,1,1,1,1,1,1,1,1,1,1,1,1,0,0,0,0,0,0,0,1,0.0782660480194832,-0.0156532096038966,0,-0.458831467741123,0,0,-1.66040582621221,-1.92057191774431,-1.35250445200115,-1.19674700326782,-1.04828483672192,-1.63112965199148,-1.10308657865101,-0.671317113342619,0,-0.917662935482247,0,0,41.5101456553053,55.6965856145851,20.2875667800172,15.5577110424817,10.4828483672192,44.0405006037699,5.16244518808675,-1.04725469681449
"Jeanmar Gomez","P",0.546386169817625,0.542471645855561,"PHI","Philadelphia Phillies",2015,2015,27.5,0,1,1,27.5,0,0,0,0,0,0,162,63,99,0,0,-36,0,0,1,626,5529,1374,130,809,0.472,0.261,3.97,204,65,21,0,0,4,4,2,0,3,319,0.4,128,3.25,9.9,0.5,2,6,2.94,4225,441,0,0,16,16,4,0,9,101761,0.16,16384,10.5625,98.01,0.25,4,36,8.6436,9.69,-1.47,9.69,-1.47,17,0,18,0,116,0,39,0,232.7,0.3,214,0,122,0,109,0,96,0,238,0,37.8,0,5,0,17,0,18,0,116,0,39,0,232.7,0.3,214,0,122,0,109,0,96,0,238,0,37.8,0,5,0,1,1,1,1,1,1,1,1,1,1,1,1,1,1,1,1,1,1,0,0,0,0,0,0,1,1,-0.417620168032103,-0.542906218441734,-0.485071250072666,-0.707106781186548,0,0,-4.86413604971107,-5.60540460160224,-2.53500088919052,-2.39456571305288,-1.73505523447142,-3.24101861776082,-0.489576536595847,-0.593005227632944,-0.970142500145332,-2.12132034355964,0,0,360.918894888562,459.643177331384,70.9800248973345,59.864142826322,29.4959389860141,162.050930888041,-1.4736253751535,-0.786324931841284
"Jeremy Jeffress","P",0.510505324025948,0.460300390315187,"MIL","Milwaukee Brewers",2018,2018,30.9,3,0,1,30.9,3,1,0,0,0,0,163,96,67,1,1,29,0,0,1,754,5542,1398,218,659,0.48,0.258,4.17,209,73,24,0,0,5,4,1,0,4,299,0.889,317,2.78,5.8,0.6,3.2,10.4,3.3,5329,576,0,0,25,16,1,0,16,89401,0.790321,100489,7.7284,33.64,0.36,10.24,108.16,10.89,5.64,-2.19,5.64,-2.19,17,0,16,0,97,0,46,0,212.3,0.3,214,0,108,0,99,0,86,0,243,0,54,0,9,0,17,0,16,0,97,0,46,0,212.3,0.3,214,0,108,0,99,0,86,0,243,0,54,0,9,0,0,0,1,1,1,1,1,1,1,1,1,1,1,1,0,1,1,0,0,0,0,0,0,0,1,1,1.38955066975976,4.5855172102072,-1.94028500029066,-0.25,0,-2.21162934232346,-5.22973850790321,-3.34957104242085,-1.15470053837925,-1.10554159678513,-2.91148487649284,-5.7093526619863,-0.175546764899461,-0.330333333333333,15.5222800023253,-0.25,0,33.1744401348519,398.506074302225,164.128981078622,13.856406460551,12.1609575646365,78.6100916653066,508.132386916781,-0.226455326720305,-0.327360333333333
"Jeremy Jeffress","P",0.596904546512237,0.65816452737121,"MIL","Milwaukee Brewers",2014,2014,26.9,0,1,1,26.9,0,0,0,0,0,0,162,82,80,0,0,2,0,0,0,650,5462,1366,150,657,0.478,0.259,4.19,209,32,12,0,0,1,2,2,0,1,135,0.5,138,2.85,9.8,0.3,2.8,8.2,2.9,1024,144,0,0,1,4,4,0,1,18225,0.25,19044,8.1225,96.04,0.09,7.84,67.24,8.41,5.64,-2.19,5.64,-2.19,17,0,16,0,97,0,46,0,212.3,0.3,214,0,108,0,99,0,86,0,243,0,54,0,9,0,17,0,16,0,97,0,46,0,212.3,0.3,214,0,108,0,99,0,86,0,243,0,54,0,9,0,1,1,1,1,1,1,1,1,1,1,1,1,1,1,1,1,1,1,0,0,0,0,0,0,1,1,-0.336860768426608,-0.269488614741286,-0.242535625036333,-0.25,0,0,-2.19621564636355,-2.39255074458632,-0.962250448649376,-1.00503781525921,-1.07832773203438,-1.86035086738879,-0.382392565401152,-0.468666666666667,-0.242535625036333,-0.25,0,0,70.2789006836337,83.7392760605212,9.62250448649376,10.0503781525921,10.7832773203438,53.950175154275,-1.07452310877724,-0.658945333333333
"Jerry Blevins","P",0.573772242834354,0.605188896646426,"NYM","New York Mets",2017,2017,33.9,1,0,1,33.9,1,0,0,0,0,0,162,70,92,0,0,-22,0,0,0,735,5510,1379,224,863,0.48,0.25,3.78,211,75,5,0,0,4,2,4,0,2,217,1,141,3.12,7.9,0.7,4.4,12.7,2.88,5625,25,0,0,16,4,16,0,4,47089,1,19881,9.7344,62.41,0.49,19.36,161.29,8.2944,9.47,-1.32,9.47,-1.32,20,0,13,0,87,0,51,0,233.7,0.3,220,0,111,0,102,0,79,0,269,0,54,0,7,0,20,0,13,0,87,0,51,0,233.7,0.3,220,0,111,0,102,0,79,0,269,0,54,0,7,0,1,1,1,1,1,1,1,1,1,1,1,1,1,1,0,1,1,1,0,0,0,0,0,0,1,1,-0.454938871695898,-0.636914420374257,-1.34164078649987,0,0,-0.140028008402801,-3.20528553644331,-2.89905940859194,-1.518652793204,-1.58423606876268,-2.70021096222246,-4.20700424986288,-0.400083324654586,-0.516677434603614,8.04984471899924,0,0,-0.140028008402801,157.058991285722,124.659554569453,24.298444691264,25.3477771002029,64.805063093339,290.283293240539,-1.17624497448448,-0.70629805310314
"Jerry Blevins","P",0.589386429205338,0.640947175751505,"NYM","New York Mets",2016,2016,32.9,0,0,1,32.9,0,0,0,0,0,0,162,87,75,0,1,12,0,0,1,671,5459,1342,218,617,0.481,0.25,3.75,211,73,8,0,0,4,3,1,0,1,178,0.667,145,3.05,7.7,0.9,3.2,11.1,3.47,5329,64,0,0,16,9,1,0,1,31684,0.444889,21025,9.3025,59.29,0.81,10.24,123.21,12.0409,9.47,-1.32,9.47,-1.32,20,0,13,0,87,0,51,0,233.7,0.3,220,0,111,0,102,0,79,0,269,0,54,0,7,0,20,0,13,0,87,0,51,0,233.7,0.3,220,0,111,0,102,0,79,0,269,0,54,0,7,0,1,1,1,1,1,1,1,1,1,1,1,1,1,1,0,1,1,1,0,0,0,0,0,0,1,1,-0.324956336925641,-0.324956336925641,-0.894427190999916,-0.554700196225229,0,-0.280056016805602,-2.74738760266569,-2.42711950486767,-1.3288211940535,-1.28719180586968,-1.68763185138904,-3.1704959564184,-0.379670910131393,-0.458848870233202,3.57770876399966,-1.10940039245046,0,-0.560112033611204,115.390279311959,87.3763021752362,18.603496716749,16.7334934763058,25.3144777708355,164.865789733757,-1.05928183926659,-0.557042528463107
"Jesse Chavez","P",0.554192940837015,0.560350047610746,"ATL","Atlanta Braves",2024,2024,41,8,0,1,41,8,0,0,0,0,0,162,89,73,0,1,16,0,0,0,704,5481,1333,213,607,0.504,0.26,3.67,212,46,16,0,0,10,1,1,1,0,264,0.5,133,4.43,8.5,1.4,2.7,7.8,2.89,2116,256,0,0,100,1,1,1,0,69696,0.25,17689,19.6249,72.25,1.96,7.29,60.84,8.3521,6.07,-1.69,6.07,-1.69,21,0,17,0,70,0,50,0,221,1,215,0,103,0,95,0,84,0,281,0,27,0,4.33,0,21,0,17,0,70,0,50,0,221,1,215,0,103,0,95,0,84,0,281,0,27,0,4.33,0,1,1,1,1,1,1,1,1,1,1,1,1,1,1,1,1,1,1,0,0,0,0,0,0,1,1,-0.24353248754046,-0.146119492524276,-0.436435780471985,-0.485071250072666,0,0,-4.24456533011673,-4.09196603682284,-2.66038905104359,-2.25715237458734,-2.07306995724193,-3.28102492449541,-0.60236878085451,-0.599269956171269,-0.87287156094397,-0.970142500145332,0,0,267.832072330366,245.51796220937,71.830504378177,49.6573522409215,39.3883291875966,180.456370847248,-1.88541428407462,-0.747289635345573
"Jesse Chavez","P",0.534995555898178,0.516385832478393,"ATL","Atlanta Braves",2023,2023,40,7,1,1,40,7,0,0,0,0,0,162,104,58,1,1,46,0,0,0,947,5597,1543,307,716,0.503,0.26,3.67,212,36,7,0,0,2,0,3,0,0,144,1,281,3.05,6.8,0.5,3.1,10.1,3.25,1296,49,0,0,4,0,9,0,0,20736,1,78961,9.3025,46.24,0.25,9.61,102.01,10.5625,6.07,-1.69,6.07,-1.69,21,0,17,0,70,0,50,0,221,1,215,0,103,0,95,0,84,0,281,0,27,0,4.33,0,21,0,17,0,70,0,50,0,221,1,215,0,103,0,95,0,84,0,281,0,27,0,4.33,0,1,1,1,1,1,1,1,1,1,1,1,1,1,1,1,1,1,1,0,0,0,1,0,0,1,1,-0.527653723004329,-0.685949839905628,-0.218217890235992,0,-0.119522860933439,-0.14142135623731,-2.30054095546739,-1.77318528262323,-0.985329278164293,-0.615587011251092,-1.30930734141595,-2.32654494646038,-0.300222139978605,-0.526703987140105,-0.218217890235992,0,-0.119522860933439,-0.14142135623731,78.6785006769847,46.102817348204,9.85329278164293,-3.69352206750656,15.7116880969915,90.735252911955,-0.468346538366624,-0.577267569905555
"Jesse Chavez","P",0.407396482405797,0.372020470353676,"TEX","Texas Rangers",2020,2021,37,4,0,2,37,4,0,0,0,0,0,60,22,38,0,0,-16,0,0,0,224,1936,420,62,312,0.477,0.259,4.28,212,18,5,0,0,6,0,1,0,0,77,0,66,7.66,10.6,3.2,3.7,6.9,1.86,324,25,0,0,36,0,1,0,0,5929,0,4356,58.6756,112.36,10.24,13.69,47.61,3.4596,7.73,-1.77,7.73,-1.77,18,0,14,0,113,0,43,0,223.3,0.3,221,0,114,0,106,0,89,0,277,0,108,0,21,0,18,0,14,0,113,0,43,0,223.3,0.3,221,0,114,0,106,0,89,0,277,0,108,0,21,0,1,1,1,1,1,1,1,1,1,1,1,1,1,1,1,1,1,1,0,0,0,0,0,0,1,1,0.143870000253121,-0.0575480001012485,0,0,0,0,-1.13763923031906,-1.34534558799262,-1.2175615550562,-1.26267162106444,-0.741998516004452,-0.781094298563943,-0.662028308670771,-0.346530009694756,0,0,0,0,19.3398669154241,26.9069117598525,15.8283002157306,16.4147310738378,5.19398961203116,10.1542258813313,-4.5547547636549,-0.550289655395272
"Jesse Chavez","P",0.572004259265955,0.586850720698997,"TEX","Texas Rangers",2019,2020,36,2,1,2,36,2,0,0,0,0,0,162,78,84,0,0,-6,0,0,1,810,5540,1374,223,878,0.478,0.259,4.28,212,48,5,0,0,12,0,5,0,1,337,0.375,107,4.41,9.5,1.4,2.5,8.3,3.27,2304,25,0,0,144,0,25,0,1,113569,0.140625,11449,19.4481,90.25,1.96,6.25,68.89,10.6929,7.73,-1.77,7.73,-1.77,18,0,14,0,113,0,43,0,223.3,0.3,221,0,114,0,106,0,89,0,277,0,108,0,21,0,18,0,14,0,113,0,43,0,223.3,0.3,221,0,114,0,106,0,89,0,277,0,108,0,21,0,1,1,1,1,1,1,1,1,1,1,1,1,1,1,1,0,0,1,0,0,0,0,0,0,1,1,-0.287740000506243,-0.230192000404994,-0.707106781186548,-1.33630620956212,-0.846648781545237,-0.152498570332605,-5.21975646852276,-5.51591691076976,-4.49561189559213,-4.07940062190051,-2.33199533601399,-4.32606073050799,-0.466691467594947,-0.290884447684578,-2.12132034355964,6.68153104781061,7.61983903390714,-0.152498570332605,407.141004544775,452.30518668312,215.789370988422,171.334826119821,51.3038973923078,311.476372596575,-2.2634536178355,-0.387748968763542
"Jesse Chavez","P",0.581008975504704,0.488199972813379,"LAA","Los Angeles Angels",2017,2017,34,0,1,1,34,0,0,0,0,0,0,162,80,82,0,0,-2,0,0,0,710,5415,1314,186,709,0.501,0.258,3.95,212,38,6,0,0,28,2,2,0,1,586,0.389,80,5.09,9.7,1.8,2.9,7.8,2.64,1444,36,0,0,784,4,4,0,1,343396,0.151321,6400,25.9081,94.09,3.24,8.41,60.84,6.9696,6.93,-1.88,6.93,-1.88,20,0,15,0,153,0,41,0,238.3,0.3,211,0,109,0,102,0,91,0,219,0,37.8,0,9,0,20,0,15,0,153,0,41,0,238.3,0.3,211,0,109,0,102,0,91,0,219,0,37.8,0,9,0,1,1,1,0,1,1,0,0,0,0,1,0,1,1,0,0,0,1,0,0,0,0,0,0,0,1,0.113960576459638,-0.0341881729378914,-1.56524758424985,2.84018778721877,-1.69774937525433,0,8.93957897095422,10.1887401841584,7.94995816733556,8.11920985240873,-4.71728176524863,8.04127480295388,-0.870177565045775,-0.466333333333333,10.956733089749,31.2420656594065,35.6527368803409,0,1233.66189799168,1507.93354725544,659.846527888851,665.775207897516,212.277679436188,956.911701551512,4.6554499729949,-0.652400333333333
"Jim Johnson","P",0.548027266617321,0.548023441079705,"ATL","Atlanta Braves",2017,2018,34.1,3,0,2,34.1,3,0,0,0,0,0,163,72,90,0,0,-18,0,0,0,732,5584,1467,165,821,0.5,0.26,3.66,218,61,38,0,0,8,3,1,0,3,256,0.667,79,4.22,9.4,1.3,4,9.7,2.44,3721,1444,0,0,64,9,1,0,9,65536,0.444889,6241,17.8084,88.36,1.69,16,94.09,5.9536,6.07,-1.69,6.07,-1.69,21,0,17,0,70,0,50,0,221,1,215,0,103,0,95,0,84,0,281,0,27,0,4.33,0,21,0,17,0,70,0,50,0,221,1,215,0,103,0,95,0,84,0,281,0,27,0,4.33,0,1,1,1,1,1,1,1,1,1,1,1,1,1,1,0,0,1,0,0,0,0,0,0,0,0,0,0.405887479234099,-0.405887479234099,-1.30930734141595,-0.727606875108999,0,-3.11126983722081,-3.78042110225928,-4.02376660287579,-3.84278418484074,-3.59092423229804,-2.72772362794991,-3.63895491625855,-1.07002249889811,-0.712203749034339,7.85584404849573,2.182820625327,0,68.4479364188578,212.459665946971,237.402229569672,149.868583208789,125.682348130431,68.1930906987476,221.976249891772,5.94932509387347,1.05548595606889
"Jim Johnson","P",0.69330289319806,0.708612998041769,"ATL","Atlanta Braves",2016,2016,33.1,2,1,1,33.1,2,0,0,0,0,0,161,68,93,0,0,-25,0,0,0,649,5514,1404,122,779,0.5,0.26,3.65,218,65,36,0,0,3,0,3,0,6,266,0.25,136,2.71,7.9,0.4,2.8,9.5,3.4,4225,1296,0,0,9,0,9,0,36,70756,0.0625,18496,7.3441,62.41,0.16,7.84,90.25,11.56,6.07,-1.69,6.07,-1.69,21,0,17,0,70,0,50,0,221,1,215,0,103,0,95,0,84,0,281,0,27,0,4.33,0,21,0,17,0,70,0,50,0,221,1,215,0,103,0,95,0,84,0,281,0,27,0,4.33,0,1,0,1,1,1,1,1,1,1,1,1,1,1,1,1,0,1,0,0,0,0,0,0,0,1,1,-0.608831218851149,0.913246828276724,-0.436435780471985,-1.455213750218,0,-2.82842712474619,-4.31855933745633,-3.8873677349817,-2.26625733977787,-2.25715237458734,-2.18217890235992,-4.05653990664888,-0.588897274573418,-0.572358073616665,-0.87287156094397,8.73128250130799,0,56.5685424949238,277.251509464696,221.579960893957,52.1239188148911,49.6573522409215,43.6435780471985,275.844713652124,-1.80202566019466,-0.681678465677449
"Jim Johnson","P",0.572963442171022,0.603336650287079,"ATL","Atlanta Braves",2015,2015,32.1,1,1,1,32.1,1,0,0,0,0,0,162,67,95,0,0,-28,0,0,1,573,5420,1361,100,760,0.501,0.26,3.64,218,72,15,0,0,5,2,5,0,3,291,0.25,86,3.73,10.4,0.7,2.7,6.8,2.5,5184,225,0,0,25,4,25,0,9,84681,0.0625,7396,13.9129,108.16,0.49,7.29,46.24,6.25,6.07,-1.69,6.07,-1.69,21,0,17,0,70,0,50,0,221,1,215,0,103,0,95,0,84,0,281,0,27,0,4.33,0,21,0,17,0,70,0,50,0,221,1,215,0,103,0,95,0,84,0,281,0,27,0,4.33,0,1,1,1,1,1,1,1,1,1,1,1,1,1,1,1,0,1,0,0,0,0,0,0,0,0,1,0,0,-0.436435780471985,-1.455213750218,0,-1.41421356237309,-4.45309389625559,-5.25135641392265,-3.54718540139146,-3.38572856188101,-2.18217890235992,-2.98274993135947,-0.858327400195244,-0.69922837708837,-0.87287156094397,8.73128250130799,0,14.1421356237309,294.79481593212,404.354443872044,127.698674450092,111.729042542073,43.6435780471985,149.137496567973,3.82814020487079,-1.01737728866358
"Joakim Soria","P",0.720822782465797,0.739497969207758,"ARI","Arizona Diamondbacks",2021,2021,37.2,15,1,1,37.2,15,0,0,0,0,0,162,52,110,0,0,-58,0,0,0,679,5489,1297,144,893,0.486,0.256,4.26,222,41,20,0,0,6,0,1,1,2,159,0.2,86,4.16,9.4,1.4,2.9,9.6,3.33,1681,400,0,0,36,0,1,1,4,25281,0.04,7396,17.3056,88.36,1.96,8.41,92.16,11.0889,5.73,-1.54,5.73,-1.54,21,0,15,0,124,0,45,0,222,0.3,227,0,114,0,98,0,84,0,246,0,37.13,0,6.75,0,21,0,15,0,124,0,45,0,222,0.3,227,0,114,0,98,0,84,0,246,0,37.13,0,6.75,0,1,1,1,1,1,1,1,1,1,1,1,1,1,1,1,0,1,0,0,0,0,0,0,0,0,1,0,0,-0.218217890235992,-1.03279555898864,0,-0.894427190999916,-2.48998896484403,-2.58852091523989,-1.96683020432156,-2.12132034355964,-1.30930734141595,-2.55030685225335,-0.83040134174097,-0.525773645142019,-0.218217890235992,4.13118223595458,0,5.3665631459995,92.3785905957135,100.952315694356,41.3034342907527,44.5477272147525,15.7116880969915,102.012274090134,4.20183078920931,-0.718206799263998
"Joakim Soria","P",0.40974996702055,0.412446183055728,"OAK","Oakland Athletics",2019,2020,35.2,11,1,2,35.2,11,0,0,0,0,0,162,97,65,0,1,32,0,0,1,845,5561,1384,257,680,0.489,0.259,3.98,222,71,21,0,0,9,1,3,1,5,278,0.333,100,3.62,6.7,1.2,2.6,10.3,3.95,5041,441,0,0,81,1,9,1,25,77284,0.110889,10000,13.1044,44.89,1.44,6.76,106.09,15.6025,5.64,-1.36,5.64,-1.36,18,0,15,0,118,0,38,0,219.7,0.7,214,0,102,0,96,0,91,0,220,0,37.8,0,5.4,0,18,0,15,0,118,0,38,0,219.7,0.7,214,0,102,0,96,0,91,0,220,0,37.8,0,5.4,0,1,1,1,1,1,1,1,1,1,1,1,1,1,1,1,0,1,1,0,0,0,0,0,0,1,1,-0.21053798026663,-0.105268990133315,-0.471404520791032,-1.03279555898864,-0.0920574617898323,-0.162221421130763,-4.65515410247577,-3.48628822782578,-3.26748689182303,-3.36804839632687,-2.09656967344384,-5.32617891345961,-0.699395052279782,-0.442811095916381,-0.942809041582063,4.13118223595458,-0.0920574617898323,-0.162221421130763,321.205633070828,177.800699619115,107.82706743016,111.145597078787,41.9313934688767,420.768134163309,-3.00739872480306,-0.455652617697956
"Joakim Soria","P",0.624237562134229,0.671435017221319,"TEX","Texas Rangers",2013,2014,29.7,0.5,1,2,30.2,1,0,0,0,0,0,162,67,95,0,0,-28,0,0,0,637,5460,1400,111,773,0.476,0.26,4.24,222,48,37,0,0,2,2,2,0,1,182,0.333,124,2.09,7.7,0.4,1.2,9.7,8,2304,1369,0,0,4,4,4,0,1,33124,0.110889,15376,4.3681,59.29,0.16,1.44,94.09,64,7.73,-1.77,7.73,-1.77,18,0,14,0,113,0,43,0,223.3,0.3,221,0,114,0,106,0,89,0,277,0,108,0,21,0,18,0,14,0,113,0,43,0,223.3,0.3,221,0,114,0,106,0,89,0,277,0,108,0,21,0,1,1,1,1,1,1,1,1,1,1,1,1,1,1,1,0,1,0,0,0,0,0,1,0,1,1,-0.215805000379682,-0.129483000227809,-0.471404520791032,-1.0690449676497,0,-2.74497426598688,-2.9511700033571,-2.55615661718599,-1.77951304200522,-1.55405737977162,-0.635998728003816,-2.88404048700533,-0.312731395811047,-0.216472147114104,-0.942809041582063,4.27617987059879,0,49.4095367877639,130.146597148048,97.1339514530675,33.8107477980992,24.864918076346,-3.8159923680229,138.433943376256,-1.0163770363859,-0.214740369937192
"Joba Chamberlain","P",0.550701095712855,0.552353321455776,"DET","Detroit Tigers",2015,2015,29.9,1,0,1,29.9,1,0,0,0,0,0,161,74,87,0,0,-13,0,0,0,689,5605,1515,151,803,0.508,0.266,3.96,224,36,15,0,0,6,0,1,0,2,128,0,85,5.37,12.4,2,2.9,7.5,2.56,1296,225,0,0,36,0,1,0,4,16384,0,7225,28.8369,153.76,4,8.41,56.25,6.5536,8.62,-1.73,8.62,-1.73,24,0,17,0,116,0,49,0,251,0.3,229,0,117,0,108,0,75,0,252,0,27,0,4,0,24,0,17,0,116,0,49,0,251,0.3,229,0,117,0,108,0,75,0,252,0,27,0,4,0,1,1,1,1,1,1,1,1,1,1,1,1,1,1,1,1,1,1,0,0,0,0,0,0,0,0,0.204360810987051,-0.122616486592231,0,-0.485071250072666,0,0,-1.71684877642602,-2.51111068172934,-1.8490006540841,-1.44337567297406,-1.03923048454133,-1.44886381320204,-0.939156437881791,-0.8495,0,-0.970142500145332,0,0,46.6982867187879,95.422205905715,36.9800130816819,21.650635094611,9.35307436087194,33.3238677036469,4.58308341686314,1.4433005
"Joba Chamberlain","P",0.509789084289611,0.458660119103509,"DET","Detroit Tigers",2014,2014,28.9,0,1,1,28.9,0,0,0,0,0,0,162,90,72,1,1,18,0,0,0,757,5630,1557,155,705,0.508,0.266,3.95,224,69,10,0,0,3,3,3,0,3,263,0.286,109,3.16,8.1,0.4,3.4,8.4,2.46,4761,100,0,0,9,9,9,0,9,69169,0.081796,11881,9.9856,65.61,0.16,11.56,70.56,6.0516,8.62,-1.73,8.62,-1.73,24,0,17,0,116,0,49,0,251,0.3,229,0,117,0,108,0,75,0,252,0,27,0,4,0,24,0,17,0,116,0,49,0,251,0.3,229,0,117,0,108,0,75,0,252,0,27,0,4,0,1,1,1,1,1,1,1,1,1,1,1,1,1,1,1,0,1,1,0,0,0,0,0,0,1,1,-0.306541216480577,-0.27588709483252,-0.408248290463863,-1.21267812518166,0,-0.285714285714286,-3.97652473951616,-3.76666602259401,-2.40370085030933,-2.40562612162344,-2.7712812921102,-3.7166506512574,-0.687046820335655,-0.643,-0.816496580927726,6.06339062590832,0,-0.571428571428571,250.521058589518,214.699963287859,62.4962221080425,60.140653040586,66.5107510106449,219.282388424187,-2.45275714859829,-0.826898
"Joe Blanton","P",0.609578171339085,0.687188583000114,"PIT","Pittsburgh Pirates",2015,2015,34.7,2,1,1,34.7,2,0,0,0,0,0,162,98,64,0,1,34,0,0,0,697,5631,1462,140,596,0.504,0.265,3.71,226,36,13,0,0,7,5,1,0,2,309,0.778,143,2.92,8.2,0.8,1.9,9.4,4.94,1296,169,0,0,49,25,1,0,4,95481,0.605284,20449,8.5264,67.24,0.64,3.61,88.36,24.4036,4.77,-1.91,4.77,-1.91,19,0,14,0,71,0,51,0,208,0,205,0,99,0,96,0,84,0,210,0,36,0,6,0,19,0,14,0,71,0,51,0,208,0,205,0,99,0,96,0,84,0,210,0,36,0,6,0,1,0,1,1,1,1,1,1,1,1,1,1,1,1,0,1,1,1,0,0,0,0,0,0,1,1,-0.595229110444319,0.773797843577615,-1.60591013709393,-0.534522483824849,-0.474712663277541,-0.280056016805602,-5.26965186413968,-4.81916904081009,-2.61309831967395,-2.44948974278318,-1.74574312188794,-5.4515179188046,-0.473333333333333,-0.456421588738599,11.2413709596575,-1.0690449676497,-1.89885065311017,-0.560112033611204,400.493541674615,332.522663815896,67.9405563115227,58.7877538267963,27.931889950207,430.669915585563,-1.34426666666667,-0.510279336209754
"Joe Blanton","P",0.359966515323979,0.298436364145894,"LAA","Los Angeles Angels",2013,2014,32.7,0,1,2,32.7,0,0,0,0,0,0,162,78,84,0,0,-6,0,0,0,733,5588,1476,164,737,0.499,0.258,3.94,226,28,7,0,0,29,4,4,0,9,611,0.125,62,5.12,12.2,2,2.3,7.3,3.18,784,49,0,0,841,16,16,0,81,373321,0.015625,3844,26.2144,148.84,4,5.29,53.29,10.1124,6.93,-1.88,6.93,-1.88,20,0,15,0,153,0,41,0,238.3,0.3,211,0,109,0,102,0,91,0,219,0,37.8,0,9,0,20,0,15,0,153,0,41,0,238.3,0.3,211,0,109,0,102,0,91,0,219,0,37.8,0,9,0,1,0,1,0,1,1,0,0,0,0,1,1,1,1,1,0,0,1,0,0,0,0,0,0,0,1,0.721750317577707,1.37132560339764,-0.447213595499958,3.61478445646026,-1.61690416690889,0,8.5638575359431,12.3917110347873,9.19513233812305,8.8123131324924,-3.56416844485452,-7.29796368671445,-0.982406073434857,-0.537666666666667,-0.894427190999916,50.6069823904436,32.3380833381777,0,1132.14196625168,2230.50798626171,882.732704459813,784.295868791824,121.181727125054,788.18007816516,5.93373268354653,-0.867256333333333
"Joe Kelly","P",0.459556090638234,0.538319010658869,"CHW","Chicago White Sox",2022,2023,34.7,3.5,1,2,35.2,4,0,0,0,0,0,162,61,101,0,0,-40,0,0,0,641,5501,1308,171,841,0.502,0.26,3.79,227,42,6,0,0,3,0,2,2,6,168,0.286,108,2.72,6.6,0.7,4.1,13.7,3.33,1764,36,0,0,9,0,4,4,36,28224,0.081796,11664,7.3984,43.56,0.49,16.81,187.69,11.0889,6.53,-1.96,6.53,-1.96,17,0,19,0,151,0,40,0,226.7,0,228,0,123,0,118,0,91,0,274,0,18,0,5.4,0,17,0,19,0,151,0,40,0,226.7,0,228,0,123,0,118,0,91,0,274,0,18,0,5.4,0,1,1,1,1,1,1,1,1,1,1,1,1,1,1,1,0,1,1,0,0,0,0,0,0,0,1,0.0391330240097416,-0.00391330240097416,-0.485071250072666,-1.14707866935281,0,-0.158113883008419,-2.5968747121959,-1.92057191774431,-1.98367319626835,-1.65703431221698,-1.88691270609945,-3.62473255998106,-0.971093312829525,-0.514246122079763,-0.970142500145332,5.73539334676404,0,-0.158113883008419,101.53780124686,55.6965856145851,43.6408103179037,29.8266176199057,33.9644287097902,217.483953598864,4.00090444885764,-0.614524115885316
"Joe Kelly","P",0.488967976525979,0.556984400569954,"LAD","Los Angeles Dodgers",2019,2021,32.2,1,1,3,33.2,2,0,0,0,0,0,162,106,56,0,1,50,0,0,0,830,5445,1330,237,561,0.529,0.261,3.53,227,48,7,0,0,3,1,4,1,0,182,1,148,3.08,5.7,0.6,3.1,10.2,3.33,2304,49,0,0,9,1,16,1,0,33124,1,21904,9.4864,32.49,0.36,9.61,104.04,11.0889,8.88,-1.33,8.88,-1.33,21,0,16,0,139,0,47,0,233.3,0,198,0,127,0,117,0,85,0,301,0,81,0,9,0,21,0,16,0,139,0,47,0,233.3,0,198,0,127,0,117,0,85,0,301,0,81,0,9,0,1,1,1,1,1,1,1,1,1,1,1,1,1,1,1,1,1,1,0,0,0,0,0,0,1,1,-0.26846242208561,-0.214769937668488,-0.436435780471985,0,0,-0.291729982995789,-2.88068192145869,-1.98987335265236,-1.41977041506578,-1.29430045785887,-1.62697843363992,-2.88195208852117,-0.317777777777778,-0.325666666666667,-0.87287156094397,0,0,-0.583459965991578,126.750004544182,55.7164538742662,22.7163266410525,18.1202064100241,24.4046765045988,144.097604426059,-0.908844444444445,-0.318176333333333
"Joe Mantiply","P",0.556231576722414,0.565018757798502,"ARI","Arizona Diamondbacks",2023,2023,31,2,0,1,31,2,0,0,0,0,0,162,84,78,0,1,6,1,0,0,746,5436,1359,166,761,0.486,0.254,4.27,228,35,9,0,0,4,1,0,0,1,157,0.5,96,3.84,8.1,0.9,2.1,6.5,3.11,1225,81,0,0,16,1,0,0,1,24649,0.25,9216,14.7456,65.61,0.81,4.41,42.25,9.6721,5.73,-1.54,5.73,-1.54,21,0,15,0,124,0,45,0,222,0.3,227,0,114,0,98,0,84,0,246,0,37.13,0,6.75,0,21,0,15,0,124,0,45,0,222,0.3,227,0,114,0,98,0,84,0,246,0,37.13,0,6.75,0,1,1,1,1,1,1,1,1,1,1,1,1,1,1,1,1,1,1,0,0,0,0,0,0,0,1,-0.0417755993144357,-0.00417755993144357,-0.436435780471985,-0.516397779494322,-0.269407953040162,0,-2.61750861533469,-2.3230315905999,-2.06048878547973,-2.02030508910442,-0.981980506061966,-1.78521479657735,-0.758192529415668,-0.434167402430599,-0.87287156094397,-1.03279555898864,-0.808223859120487,0,102.082835998053,81.3061056709966,45.330753280554,40.4061017820884,8.83782455455769,49.9860143041657,3.50284948590039,-0.489740829941715
"Joe Mantiply","P",0.5508981675744,0.552804638640126,"ARI","Arizona Diamondbacks",2022,2022,30,1,0,1,30,1,1,0,0,0,0,162,74,88,0,0,-14,0,0,0,702,5351,1232,173,740,0.485,0.255,4.26,228,69,9,0,0,6,0,3,1,3,243,0.286,142,2.83,8.9,0.9,0.9,9.2,10.17,4761,81,0,0,36,0,9,1,9,59049,0.081796,20164,8.0089,79.21,0.81,0.81,84.64,103.4289,5.73,-1.54,5.73,-1.54,21,0,15,0,124,0,45,0,222,0.3,227,0,114,0,98,0,84,0,246,0,37.13,0,6.75,0,21,0,15,0,124,0,45,0,222,0.3,227,0,114,0,98,0,84,0,246,0,37.13,0,6.75,0,1,1,1,1,1,1,1,1,1,1,1,1,1,1,1,0,1,1,0,0,0,0,1,0,1,1,-0.375980393829921,-0.338382354446929,-0.436435780471985,-1.29099444873581,0,-0.298142396999972,-4.02693633128415,-3.91596753843983,-2.06048878547973,-1.9192898346492,-0.654653670707977,-3.88921794968636,-0.467716170743432,-0.41684689435491,-0.87287156094397,6.45497224367903,0,-0.596284793999944,241.616179877049,231.04208476795,45.330753280554,36.4665068583348,-3.92792202424786,237.242294930868,-1.33299108661878,-0.451445186586367
"Joe Mantiply","P",0.555797039622993,0.564023617961342,"ARI","Arizona Diamondbacks",2021,2021,29,0,1,1,29,0,0,0,0,0,0,162,52,110,0,0,-58,0,0,0,679,5489,1297,144,893,0.486,0.256,4.26,228,57,7,0,0,1,3,1,0,2,177,0,125,2.94,10.2,0.2,3.9,8.6,2.24,3249,49,0,0,1,9,1,0,4,31329,0,15625,8.6436,104.04,0.04,15.21,73.96,5.0176,5.73,-1.54,5.73,-1.54,21,0,15,0,124,0,45,0,222,0.3,227,0,114,0,98,0,84,0,246,0,37.13,0,6.75,0,21,0,15,0,124,0,45,0,222,0.3,227,0,114,0,98,0,84,0,246,0,37.13,0,6.75,0,1,1,1,1,1,1,1,1,1,1,1,1,1,1,1,0,1,1,0,0,0,0,0,0,1,1,0,0,0,-0.774596669241483,0,0,-2.63093173643898,-2.98675490219987,-2.24780594779607,-1.51522881682832,-1.85485206700594,-2.42279150964069,-0.557977186150059,-0.60159898049559,0,2.32379000772445,0,0,103.132524068408,134.403970598994,53.9473427471056,22.7284322524247,31.5324851391009,92.0660773663461,-1.8971224329102,-0.940299206514607
"Joe Nathan","P",0.602231931793442,0.635800074384183,"DET","Detroit Tigers",2014,2015,39.7,2,1,2,39.7,2,0,0,0,0,0,162,90,72,1,1,18,0,0,0,757,5630,1557,155,705,0.508,0.266,3.95,229,62,54,0,0,5,3,1,1,4,259,0.556,81,3.94,9.3,0.8,4.5,8.4,1.86,3844,2916,0,0,25,9,1,1,16,67081,0.309136,6561,15.5236,86.49,0.64,20.25,70.56,3.4596,8.62,-1.73,8.62,-1.73,24,0,17,0,116,0,49,0,251,0.3,229,0,117,0,108,0,75,0,252,0,27,0,4,0,24,0,17,0,116,0,49,0,251,0.3,229,0,117,0,108,0,75,0,252,0,27,0,4,0,1,1,1,1,1,0,1,1,1,1,1,1,1,1,0,0,1,0,0,0,0,0,0,0,0,0,0.102180405493526,-0.0306541216480577,-1.02062072615966,-0.970142500145332,0,5,-3.66092753796726,-3.96491160273054,-2.95840104653456,-2.98297639081307,-3.34863156129983,-3.40168025708304,-0.9256849316007,-0.767,5.10310363079829,3.88057000058133,0,175,212.333797202101,237.894696163832,94.6688334891058,92.4722681152051,97.1103152776951,183.690733882484,4.45254452099937,1.176578
"Joe Nathan","P",0.602126583015696,0.635629477240871,"TEX","Texas Rangers",2012,2013,38.2,0.5,1,2,38.7,1,2,0,0,0,0,163,91,72,0,0,19,0,0,0,730,5585,1465,176,636,0.477,0.26,4.24,229,67,61,0,0,2,3,1,0,4,250,0.75,297,2.26,5,0.3,3.1,10.2,3.32,4489,3721,0,0,4,9,1,0,16,62500,0.5625,88209,5.1076,25,0.09,9.61,104.04,11.0224,7.73,-1.77,7.73,-1.77,18,0,14,0,113,0,43,0,223.3,0.3,221,0,114,0,106,0,89,0,277,0,108,0,21,0,18,0,14,0,113,0,43,0,223.3,0.3,221,0,114,0,106,0,89,0,277,0,108,0,21,0,0,0,1,1,1,0,1,1,1,1,1,1,1,1,0,1,1,0,0,0,0,0,0,0,1,1,1.15096000202497,3.6830720064799,-1.4142135623731,-0.534522483824849,0,6.557438524302,-4.29626109332258,-2.42162205838672,-0.936585811581694,-0.971285862357264,-2.33199533601399,-4.3861449073206,-0.133752812362263,-0.195741447541685,8.48528137423857,-1.0690449676497,0,281.969856544986,275.81996219131,87.1783941019221,9.36585811581694,9.71285862357264,51.3038973923078,320.188578234404,-0.185916409183546,-0.175580078444892
"Joe Smith","P",0.462892347927239,0.484823082003795,"HOU","Houston Astros",2020,2021,37.4,9,0,2,37.4,9,0,0,0,0,0,162,95,67,1,1,28,1,0,0,863,5593,1496,221,658,0.498,0.255,3.81,232,50,12,0,0,5,2,3,0,2,173,0.5,86,3.93,10.7,1.1,1.8,7.7,4.25,2500,144,0,0,25,4,9,0,4,29929,0.25,7396,15.4449,114.49,1.21,3.24,59.29,18.0625,7.38,-1.76,7.38,-1.76,21,0,17,0,116,0,38,0,232,1,211,0,111,0,100,0,88,0,326,0,36,0,6,0,21,0,17,0,116,0,38,0,232,1,211,0,111,0,100,0,88,0,326,0,36,0,6,0,1,1,1,1,1,1,1,1,1,1,1,1,1,1,0,0,1,1,0,0,0,0,0,0,0,1,-0.073621017383231,-0.0147242034766462,-0.87287156094397,-0.970142500145332,0,0,-2.57360608405056,-3.23561343686112,-2.18306339023075,-2.2,-0.852802865422442,-1.88308583711382,-0.831666666666667,-0.566240378873378,3.49148624377588,3.88057000058133,0,0,100.885358494782,152.073831532472,50.2104579753072,48.4,6.82242292337953,64.0249184618698,4.15001666666667,-0.785375405497375
"Joe Smith","P",0.445435134664266,0.381890287833425,"HOU","Houston Astros",2019,2020,35.4,6,0,2,35.4,6,0,0,0,0,0,162,107,55,1,1,52,1,0,0,920,5613,1538,288,640,0.496,0.255,3.81,232,28,4,0,0,2,0,0,0,0,96,1,260,3.09,6.8,0.7,1.8,7.9,4.4,784,16,0,0,4,0,0,0,0,9216,1,67600,9.5481,46.24,0.49,3.24,62.41,19.36,7.38,-1.76,7.38,-1.76,21,0,17,0,116,0,38,0,232,1,211,0,111,0,100,0,88,0,326,0,36,0,6,0,21,0,17,0,116,0,38,0,232,1,211,0,111,0,100,0,88,0,326,0,36,0,6,0,1,1,1,1,1,1,1,1,1,1,1,1,1,1,1,1,1,1,0,0,1,1,1,0,1,1,-0.220863052149693,-0.132517831289816,-0.218217890235992,0,0,0,-1.64133041074653,-1.30801394256088,-0.569494797451499,-0.5,-0.533001790889026,-1.21846730636776,-0.3,-0.391918358845309,-0.218217890235992,0,0,0,41.0332602686633,24.8522649086567,-3.416968784709,-2.5,-2.66500895444513,26.8062807400908,-0.54,-0.376241624491496
"Joe Smith","P",0.582430590340069,0.603734659312583,"HOU","Houston Astros",2018,2019,34.4,4,1,2,34.4,4,0,0,0,0,0,162,103,59,1,1,44,0,0,0,797,5453,1390,205,534,0.494,0.254,3.81,232,56,13,0,0,7,0,2,0,1,180,0.833,112,4.06,6.7,1.4,2.4,9.1,3.83,3136,169,0,0,49,0,4,0,1,32400,0.693889,12544,16.4836,44.89,1.96,5.76,82.81,14.6689,7.38,-1.76,7.38,-1.76,21,0,17,0,116,0,38,0,232,1,211,0,111,0,100,0,88,0,326,0,36,0,6,0,21,0,17,0,116,0,38,0,232,1,211,0,111,0,100,0,88,0,326,0,36,0,6,0,1,1,1,1,1,1,1,1,1,1,1,1,1,1,0,1,1,1,0,0,0,0,0,0,1,1,-0.147242034766462,-0.0588968139065848,-1.09108945117996,-0.242535625036333,0,0,-2.96752538262973,-2.34065652879315,-1.898315991505,-1.9,-1.27920429813366,-2.54770436785987,-0.623333333333333,-0.41110602849711,5.45544725589981,-0.242535625036333,0,0,134.132147294864,79.582321978967,37.9663198301,36.1,15.350451577604,117.194400921554,-2.33126666666667,-0.41398377069659
"Joe Smith","P",0.701422148829348,0.714634708253734,"TOR","Toronto Blue Jays",2017,2017,33.4,3,1,1,33.4,3,0,0,0,0,0,162,76,86,0,0,-10,0,0,1,693,5499,1320,222,784,0.498,0.261,4.21,232,59,3,0,0,4,1,1,0,0,214,1,136,2.1,7.7,0.7,1.7,11.8,7.1,3481,9,0,0,16,1,1,0,0,45796,1,18496,4.41,59.29,0.49,2.89,139.24,50.41,6.59,-1.53,6.59,-1.53,20,0,15,0,129,0,39,0,224.7,0.3,228,0,113,0,105,0,85,0,248,0,40.5,0,9,0,20,0,15,0,129,0,39,0,224.7,0.3,228,0,113,0,105,0,85,0,248,0,40.5,0,9,0,1,1,1,1,1,1,1,1,1,1,1,1,1,1,1,1,1,1,0,0,0,0,0,0,1,1,-0.428499162922391,-0.47134907921463,-0.670820393249937,0,0,-0.160128153805087,-3.60240240266978,-3.0464244212496,-1.88144173676719,-1.95180014589707,-1.08465228909328,-4.50850450850676,-0.523259018078045,-0.345666666666667,-2.01246117974981,0,0,-0.160128153805087,194.529729744168,140.135523377482,37.6288347353439,39.0360029179413,10.8465228909328,320.10382010398,-1.74245253019989,-0.358456333333333
"Joe Smith","P",0.393246758418178,0.462191201097221,"LAA","Los Angeles Angels",2014,2016,31.4,1,1,3,32.4,2,0,0,0,0,0,162,74,88,0,0,-14,0,0,0,717,5431,1410,156,727,0.501,0.258,3.94,232,54,19,0,0,8,3,6,1,0,217,0.286,119,4.99,8.1,1.4,3.1,6.9,2.22,2916,361,0,0,64,9,36,1,0,47089,0.081796,14161,24.9001,65.61,1.96,9.61,47.61,4.9284,6.93,-1.88,6.93,-1.88,20,0,15,0,153,0,41,0,238.3,0.3,211,0,109,0,102,0,91,0,219,0,37.8,0,9,0,20,0,15,0,153,0,41,0,238.3,0.3,211,0,109,0,102,0,91,0,219,0,37.8,0,9,0,1,1,1,1,1,1,1,1,1,1,1,1,1,1,1,0,1,0,0,0,0,0,0,0,1,1,-0.227921152919276,-0.136752691751566,-0.447213595499958,-1.29099444873581,0,-0.937042571331636,-3.36853700354797,-3.23561343686112,-1.9156525704423,-1.98029508595335,-1.88691270609945,-2.70294951359794,-0.562769042066987,-0.416666666666667,-0.894427190999916,6.45497224367903,0,5.62225542798982,175.163924184494,152.073831532472,38.3130514088461,39.605901719067,33.9644287097902,108.117980543918,-1.94718088555178,-0.520833333333333
"John Axford","P",0.414299328211167,0.38930432951285,"OAK","Oakland Athletics",2016,2017,33.8,5.67,1,2,34.3,6.17,0,0,0,0,0,162,75,87,0,0,-12,0,0,1,739,5464,1344,234,826,0.487,0.259,3.98,236,22,8,0,0,3,0,2,0,1,109,0,66,5.73,11.6,1.3,7.3,9,1.24,484,64,0,0,9,0,4,0,1,11881,0,4356,32.8329,134.56,1.69,53.29,81,1.5376,5.64,-1.36,5.64,-1.36,18,0,15,0,118,0,38,0,219.7,0.7,214,0,102,0,96,0,91,0,220,0,37.8,0,5.4,0,18,0,15,0,118,0,38,0,219.7,0.7,214,0,102,0,96,0,91,0,220,0,37.8,0,5.4,0,1,1,1,1,1,1,1,1,1,1,1,1,1,1,1,1,1,1,0,0,0,0,0,0,0,0,0.126322788159978,-0.0378968364479934,0,-0.258198889747161,0,0,-1.41678603118828,-1.84568200296659,-1.58423606876268,-1.53093108923949,-1.78208422242726,-1.41581971117281,-1.04583957817651,-0.901544456700504,0,-0.258198889747161,0,0,29.7525066549538,49.833414080098,25.3477771002029,22.9639663385923,30.2954317812634,29.732213934629,6.72474848767497,1.88873563678756
"John Axford","P",0.659808421285967,0.652894908317824,"COL","Colorado Rockies",2015,2015,32.3,4.17,1,1,32.3,4.17,0,0,0,0,0,162,68,94,0,0,-26,0,0,0,737,5572,1479,186,844,0.466,0.275,5,236,60,43,0,0,4,4,0,0,1,250,0.444,110,3.57,9.1,0.6,5.2,10,1.94,3600,1849,0,0,16,16,0,0,1,62500,0.197136,12100,12.7449,82.81,0.36,27.04,100,3.7636,7.74,-1.53,7.74,-1.53,16,0,15,0,129,0,43,0,202.3,0.3,206,0,109,0,101,0,87,0,230,0,54,0,15,0,16,0,15,0,129,0,43,0,202.3,0.3,206,0,109,0,101,0,87,0,230,0,54,0,15,0,1,1,1,1,1,0,1,1,1,1,1,1,1,1,0,0,1,0,0,0,0,0,0,0,1,1,-0.287554061875836,-0.230043249500669,-1,-1.29099444873581,0,3.81246425831512,-3.88097760207403,-3.90170488003306,-2.58613097009711,-2.58709669454597,-3.43076011148094,-4.08815893505388,-0.571547606649408,-0.408212444690262,4,6.45497224367903,0,95.3116064578779,214.229963634486,218.495473281851,69.8255361926219,67.2645140581953,109.78432356739,253.465853973341,-2.40049994792751,-0.645383875055304
"Johnny Cueto","P",0.416844135403624,0.245805517223727,"MIA","Miami Marlins",2023,2023,37.5,7,1,1,37.5,7,0,0,0,0,0,162,84,78,0,1,6,0,0,0,666,5497,1423,166,723,0.462,0.255,4.28,240,13,1,0,0,17,0,3,0,0,218,0.2,78,7.02,8.8,2.9,2.6,6.7,2.6,169,1,0,0,289,0,9,0,0,47524,0.04,6084,49.2804,77.44,8.41,6.76,44.89,6.76,6.18,-1.4,6.18,-1.4,16,0,15,0,89,0,40,0,205.7,0.3,223,0,107,0,97,0,83,0,253,0,32.4,0,9,0,16,0,15,0,89,0,40,0,205.7,0.3,223,0,107,0,97,0,83,0,253,0,32.4,0,9,0,1,1,1,1,1,1,1,1,1,1,1,1,1,1,1,0,0,1,0,0,0,0,0,0,0,1,0,0,-0.25,-1.03279555898864,-1.05999788000636,0,-3.63262508354073,-3.41521260393037,-3.48025136056439,-3.55371157796767,-1.64646389984536,-2.45190899250153,-1.05760619523409,-0.420333333333333,-0.25,4.13118223595458,10.5999788000636,0,189.259766852472,174.175842800449,125.289048980318,124.379905228868,24.6969584976803,95.6244507075598,6.36678929530923,-0.530040333333333
"Johnny Cueto","P",0.634013895226249,0.743149195620674,"CHW","Chicago White Sox",2022,2022,36.5,6,1,1,36.5,6,0,0,0,0,0,162,81,81,0,0,0,0,0,2,686,5611,1435,149,717,0.503,0.26,3.78,240,25,0,1,0,15,2,6,1,2,651,0.444,118,3.79,9.2,0.9,1.9,5.8,3.09,625,0,1,0,225,4,36,1,4,423801,0.197136,13924,14.3641,84.64,0.81,3.61,33.64,9.5481,6.53,-1.96,6.53,-1.96,17,0,19,0,151,0,40,0,226.7,0,228,0,123,0,118,0,91,0,274,0,18,0,5.4,0,17,0,19,0,151,0,40,0,226.7,0,228,0,123,0,118,0,91,0,274,0,18,0,5.4,0,0,0,1,0,1,1,0,0,0,1,1,1,1,1,0,0,0,1,0,0,0,0,0,0,0,1,1.36965584034096,4.79379544119335,-1.94028500029066,2.29415733870562,-1.95309230105078,0,10.500406444966,10.6624854743736,5.95101958880505,-5.43139024560011,-3.45933996118233,-6.16204535196781,-0.789602572324978,-0.527156066567121,15.5222800023253,22.9415733870562,46.8742152252188,0,1660.11425894913,1716.66016137415,392.767292861134,320.452024490406,114.158218719017,628.528625900716,2.64516861728868,-0.645766181544723
"Jordan Lyles","P",0.670744462730139,0.621810540052173,"BAL","Baltimore Orioles",2022,2022,31.8,7,1,1,31.8,7,0,0,0,0,0,162,83,79,0,0,4,0,0,0,674,5429,1281,171,688,0.473,0.258,4.05,247,32,0,1,0,26,0,8,0,5,774,0.522,88,4.4,9.9,1.3,2.6,7.2,2.77,1024,0,1,0,676,0,64,0,25,599076,0.272484,7744,19.36,98.01,1.69,6.76,51.84,7.6729,4.93,-2.32,4.93,-2.32,22,0,17,0,136,0,51,0,342.7,0.3,314,0,162,0,144,0,106,0,240,0,36,0,6,0,22,0,17,0,136,0,51,0,342.7,0.3,314,0,162,0,144,0,106,0,240,0,36,0,6,0,1,1,0,0,1,1,0,0,0,0,1,0,1,1,0,0,0,1,0,0,0,0,0,0,0,1,-0.360301879288836,-0.288241503431069,2.55840859626733,2.66789187539966,-2.74397736228014,0,9.66932101515284,11.0609199004688,7.38533749239283,7.33333333333333,-5.05068648425777,9.2951600308978,-0.736666666666667,-0.56542388229245,30.7009031552079,29.3468106293963,87.8072755929645,0,1730.80846171236,2167.94030049188,694.221724284926,645.333333333333,262.635697181404,1338.50304444928,3.25606666666667,-0.783112076975044
"Jordan Lyles","P",0.455362366026503,0.522901698039637,"TEX","Texas Rangers",2020,2021,29.8,3,1,2,29.8,3,0,0,0,0,0,60,22,38,0,0,-16,0,0,0,224,1936,420,62,312,0.477,0.259,4.28,247,12,0,0,0,12,0,2,1,3,266,0.143,64,5.95,10.5,1.9,3.6,5.6,1.57,144,0,0,0,144,0,4,1,9,70756,0.020449,4096,35.4025,110.25,3.61,12.96,31.36,2.4649,7.73,-1.77,7.73,-1.77,18,0,14,0,113,0,43,0,223.3,0.3,221,0,114,0,106,0,89,0,277,0,108,0,21,0,18,0,14,0,113,0,43,0,223.3,0.3,221,0,114,0,106,0,89,0,277,0,108,0,21,0,1,1,1,1,1,1,1,1,1,1,1,1,1,1,1,0,0,1,0,0,0,0,0,0,1,1,0.431610000759364,-0.517932000911237,-0.235702260395516,-1.60356745147455,-0.846648781545237,0,-3.82782141025002,-4.50690771977529,-4.5892704767503,-4.37078638060769,-2.43799512401463,-2.16303036525399,-0.675499814951862,-0.340638126658384,-0.235702260395516,9.62140470884728,7.61983903390714,0,218.951384666301,301.962817224945,224.874253360765,196.685387127346,56.0738878523364,77.8690931491438,-4.74200870096207,-0.531736115713738
"Jordan Lyles","P",0.731502918554538,0.777525238303972,"PIT","Pittsburgh Pirates",2019,2019,28.8,2,1,1,28.8,2,0,0,0,0,0,162,69,93,0,0,-24,0,0,0,758,5657,1497,163,911,0.503,0.264,3.73,247,28,0,0,0,25,2,1,0,4,599,0.6,106,4.64,8.4,1.6,3.5,9.3,2.65,784,0,0,0,625,4,1,0,16,358801,0.36,11236,21.5296,70.56,2.56,12.25,86.49,7.0225,4.77,-1.91,4.77,-1.91,19,0,14,0,71,0,51,0,208,0,205,0,99,0,96,0,84,0,210,0,36,0,6,0,19,0,14,0,71,0,51,0,208,0,205,0,99,0,96,0,84,0,210,0,36,0,6,0,0,0,0,0,1,1,0,0,0,0,0,0,1,1,0,0,0,1,0,0,0,0,0,0,1,1,0.961523947640823,2.01920029004573,2.75298880644674,2.1380899352994,-3.32298864294279,0,9.77659095846966,9.14943687458147,7.23627226986633,6.63403472003777,6.00099198148979,10.0749571663984,-0.691666666666667,-0.538479495121835,33.0358656773609,17.1047194823952,93.0436820023981,0,1378.49932514422,1198.57623057017,521.011603430376,431.212256802455,330.054558981938,1470.94374629416,-2.87041666666667,-0.710254454065701
"Jose Quintana","P",0.33253098699271,0.293500818832273,"NYM","New York Mets",2023,2024,35.1,2.5,1,2,35.6,3,0,0,0,0,0,162,89,73,0,1,16,0,0,0,768,5510,1357,207,697,0.483,0.25,3.8,251,31,0,0,0,22,0,11,0,7,717,0.5,105,4.56,7.9,1.2,3.3,7.1,2.14,961,0,0,0,484,0,121,0,49,514089,0.25,11025,20.7936,62.41,1.44,10.89,50.41,4.5796,9.47,-1.32,9.47,-1.32,20,0,13,0,87,0,51,0,233.7,0.3,220,0,111,0,102,0,79,0,269,0,54,0,7,0,20,0,13,0,87,0,51,0,233.7,0.3,220,0,111,0,102,0,79,0,269,0,54,0,7,0,1,0,1,0,1,1,0,0,0,0,0,0,1,1,0,0,0,1,0,0,0,0,0,0,1,1,-0.812390842314103,2.03097710578526,-2.23606797749979,2.77350098112615,-3.32354885799716,0,11.126919790796,10.1129979369486,6.92885336899324,7.03004755513439,7.08805377583395,8.23109527147085,-0.510310363079829,-0.472455591261534,22.3606797749979,27.7350098112615,103.030014597912,0,1892.68905641441,1516.94969054229,505.806295936507,499.133376414542,446.547387877539,1111.19786164856,-1.91366386154936,-0.590569489076918
"Jose Quintana","P",0.810110406129953,0.905648329715738,"PIT","Pittsburgh Pirates",2022,2022,33.6,1,1,1,33.6,1,0,0,0,0,0,162,62,100,0,0,-38,0,0,0,591,5331,1186,158,817,0.501,0.264,3.75,251,32,0,0,0,8,1,3,0,1,679,0.462,137,2.99,8.4,0.4,2.6,7.4,2.91,1024,0,0,0,64,1,9,0,1,461041,0.213444,18769,8.9401,70.56,0.16,6.76,54.76,8.4681,4.77,-1.91,4.77,-1.91,19,0,14,0,71,0,51,0,208,0,205,0,99,0,96,0,84,0,210,0,36,0,6,0,19,0,14,0,71,0,51,0,208,0,205,0,99,0,96,0,84,0,210,0,36,0,6,0,0,0,1,1,1,1,0,0,0,0,0,0,1,1,0,0,0,1,0,0,0,0,0,0,1,1,1.60253991273471,5.60888969457147,-1.37649440322337,-1.87082869338697,-3.79770130622033,0,11.454559052051,10.7558265548515,6.13073067308119,5.51135192126215,5.12812042054582,9.45389816299025,-0.488333333333333,-0.495205176332666,8.25896641934022,13.0958008537088,121.526441799051,0,1892.29315539882,1656.39728944713,373.974571057953,297.613003748156,241.021659765654,1295.18404832966,-1.43081666666667,-0.600683878891524
"Jose Quintana","P",0.45114085567463,0.32434894348374,"LAA","Los Angeles Angels",2021,2021,32.6,0,1,1,32.6,0,0,0,0,0,0,162,77,85,0,0,-8,0,0,0,723,5437,1331,190,804,0.499,0.257,3.99,251,29,5,0,0,12,1,1,1,7,297,0,69,4.66,10.6,1.7,5,12.1,2.43,841,25,0,0,144,1,1,1,49,88209,0,4761,21.7156,112.36,2.89,25,146.41,5.9049,6.93,-1.88,6.93,-1.88,20,0,15,0,153,0,41,0,238.3,0.3,211,0,109,0,102,0,91,0,219,0,37.8,0,9,0,20,0,15,0,153,0,41,0,238.3,0.3,211,0,109,0,102,0,91,0,219,0,37.8,0,9,0,1,1,1,1,1,1,1,1,1,1,1,1,1,1,1,0,0,1,0,0,0,0,0,0,0,1,0.341881729378914,-0.307693556441022,0,-0.774596669241483,-0.808452083454443,0,-4.08111213891388,-5.09437009207921,-4.78913142610576,-4.45566394339503,-3.66899692852671,-5.74376771639563,-1.04583957817651,-0.576666666666667,0,2.32379000772445,8.08452083454443,0,257.110064751575,376.983386813861,239.456571305288,200.504877452777,128.414892498435,488.220255893629,6.72474848767497,-0.997633333333333
"Josh Tomlin","P",0.551478849869175,0.554134467750308,"ATL","Atlanta Braves",2020,2020,35.8,9.033,0,1,35.8,9.033,0,0,0,0,0,60,35,25,1,1,10,0,0,1,348,2074,556,103,288,0.501,0.26,3.67,256,17,2,0,0,6,2,1,0,1,163,0.5,99,4.02,9.1,1.4,1.8,8.2,4.5,289,4,0,0,36,4,1,0,1,26569,0.25,9801,16.1604,82.81,1.96,3.24,67.24,20.25,6.07,-1.69,6.07,-1.69,21,0,17,0,70,0,50,0,221,1,215,0,103,0,95,0,84,0,281,0,27,0,4.33,0,21,0,17,0,70,0,50,0,221,1,215,0,103,0,95,0,84,0,281,0,27,0,4.33,0,1,1,1,1,1,1,1,1,1,1,1,1,1,1,1,1,1,1,0,0,0,0,0,0,0,1,-0.20294373961705,-0.101471869808525,-0.436435780471985,-0.485071250072666,-0.597614304667197,0,-2.63687735246554,-2.72797735788189,-2.16772441196145,-2.15455453937882,-0.87287156094397,-2.14757995057882,-0.916062427114206,-0.581488890911977,-0.87287156094397,-0.970142500145332,-2.98807152333598,0,103.365592216649,109.119094315276,47.6899370631518,45.2456453269553,6.98297248755176,77.3128782208374,4.36045715306362,-0.703601558003493
"Josh Tomlin","P",0.558232901417416,0.569602021077386,"ATL","Atlanta Braves",2019,2019,34.8,8.033,1,1,34.8,8.033,0,0,0,0,0,162,97,65,1,1,32,0,0,0,855,5560,1432,249,743,0.501,0.26,3.66,256,51,21,0,0,14,0,0,0,2,320,0.667,123,4.49,9.3,1.6,0.8,5.8,7.29,2601,441,0,0,196,0,0,0,4,102400,0.444889,15129,20.1601,86.49,2.56,0.64,33.64,53.1441,6.07,-1.69,6.07,-1.69,21,0,17,0,70,0,50,0,221,1,215,0,103,0,95,0,84,0,281,0,27,0,4.33,0,21,0,17,0,70,0,50,0,221,1,215,0,103,0,95,0,84,0,281,0,27,0,4.33,0,1,1,1,1,1,1,1,1,1,1,1,1,1,1,1,1,1,1,0,0,0,0,0,0,0,1,-0.487064975080919,-0.584477970097103,-0.436435780471985,-0.242535625036333,-0.119522860933439,-0.282842712474619,-5.32084180051083,-5.59235358365788,-3.44865247357503,-3.38572856188101,-0.763762615825973,-3.04240492998666,-0.719763335589733,-0.539198789754743,-0.87287156094397,-0.242535625036333,-0.119522860933439,-0.565685424949238,420.878586420407,458.572993859946,120.702836575126,111.729042542073,5.34633831078181,155.16265142932,2.6919148751056,-0.604981042104821
"Jp Howell","P",0.400848613491428,0.391478459884151,"LAD","Los Angeles Dodgers",2016,2017,33.3,3,0,2,33.3,3,0,0,0,0,0,162,91,71,1,1,20,0,0,1,725,5518,1376,189,638,0.526,0.262,3.54,258,64,11,0,0,4,2,3,0,3,220,0.5,99,3.5,9.9,0.7,2.7,7.8,2.93,4096,121,0,0,16,4,9,0,9,48400,0.25,9801,12.25,98.01,0.49,7.29,60.84,8.5849,8.88,-1.33,8.88,-1.33,21,0,16,0,139,0,47,0,233.3,0,198,0,127,0,117,0,85,0,301,0,81,0,9,0,21,0,16,0,139,0,47,0,233.3,0,198,0,127,0,117,0,85,0,301,0,81,0,9,0,1,1,1,1,1,1,1,1,1,1,1,1,1,1,1,1,1,1,0,0,0,0,0,0,1,1,-0.100673408282104,-0.0302020224846311,-0.218217890235992,-0.25,0,0,-3.28659619220969,-3.97974670530473,-2.04091997165706,-2.12635075219671,-1.62697843363992,-2.53611783789863,-0.454444444444444,-0.467,-0.218217890235992,-0.25,0,0,164.987128848926,222.865815497065,46.9411593481124,48.9060673005244,24.4046765045988,111.58918486754,-1.85867777777778,-0.654267
"Jp Howell","P",0.586361629130203,0.61010040936871,"LAD","Los Angeles Dodgers",2014,2015,31.8,1.5,0,2,32.3,2,0,0,0,0,0,162,92,70,1,1,22,0,0,1,667,5385,1346,187,595,0.525,0.262,3.53,258,65,18,0,0,3,1,2,1,3,190,0.857,259,3.34,9.6,0.6,2.9,8,2.79,4225,324,0,0,9,1,4,1,9,36100,0.734449,67081,11.1556,92.16,0.36,8.41,64,7.7841,8.88,-1.33,8.88,-1.33,21,0,16,0,139,0,47,0,233.3,0,198,0,127,0,117,0,85,0,301,0,81,0,9,0,21,0,16,0,139,0,47,0,233.3,0,198,0,127,0,117,0,85,0,301,0,81,0,9,0,1,1,1,1,1,1,1,1,1,1,1,1,1,1,0,1,1,1,0,0,0,1,0,0,1,1,-0.503367041410518,-0.755050562115777,-1.30930734141595,-0.25,0,-0.145864991497895,-2.88068192145869,-3.3401445562379,-0.798620858474502,-0.647150228929434,-1.51851320473059,-2.24792262904652,-0.158888888888889,-0.462,7.85584404849573,-0.25,0,-0.145864991497895,126.750004544182,156.986794143181,7.18758772627052,-4.53005160250604,21.2591848662283,87.6689825328141,-0.227211111111111,-0.640332
"Jp Howell","P",0.667980530294426,0.662551791950115,"LAD","Los Angeles Dodgers",2013,2013,30.3,0,1,1,30.3,0,0,0,0,0,0,162,92,70,1,1,22,0,0,0,654,5491,1446,138,586,0.524,0.262,3.54,258,67,6,0,0,2,3,1,0,3,246,0.8,176,2.89,6.1,0.3,3.3,7.8,2.35,4489,36,0,0,4,9,1,0,9,60516,0.64,30976,8.3521,37.21,0.09,10.89,60.84,5.5225,8.88,-1.33,8.88,-1.33,21,0,16,0,139,0,47,0,233.3,0,198,0,127,0,117,0,85,0,301,0,81,0,9,0,21,0,16,0,139,0,47,0,233.3,0,198,0,127,0,117,0,85,0,301,0,81,0,9,0,1,1,1,1,1,1,1,1,1,1,1,1,1,1,0,1,1,1,0,0,0,0,0,0,1,1,-0.570482646931921,-0.969820499784265,-0.87287156094397,-0.25,0,0,-4.05914270750998,-2.98481002897855,-1.24229911318256,-1.29430045785887,-2.49470026491455,-3.11250825560287,-0.225555555555556,-0.349333333333333,3.49148624377588,-0.25,0,0,251.666847865619,125.362021217099,17.3921875845558,18.1202064100241,57.3781060930346,168.075445802555,-0.457877777777778,-0.366101333333333
"Juan Nicasio","P",0.304588510658925,0.2060827849542,"PHI","Philadelphia Phillies",2019,2020,32.9,3,1,2,32.9,3,0,0,0,0,0,162,81,81,0,0,0,0,0,1,774,5571,1369,215,794,0.472,0.261,3.98,259,47,10,0,0,4,5,2,1,0,217,0.4,94,3.87,10.8,0.8,4,8.6,2.14,2209,100,0,0,16,25,4,1,0,47089,0.16,8836,14.9769,116.64,0.64,16,73.96,4.5796,9.69,-1.47,9.69,-1.47,17,0,18,0,116,0,39,0,232.7,0.3,214,0,122,0,109,0,96,0,238,0,37.8,0,5,0,17,0,18,0,116,0,39,0,232.7,0.3,214,0,122,0,109,0,96,0,238,0,37.8,0,5,0,1,1,1,1,1,1,1,1,1,1,1,1,1,1,1,1,1,1,0,0,0,0,0,0,0,0,0.0321246283101618,-0.00321246283101618,-0.485071250072666,-0.707106781186548,0,-0.160128153805087,-3.08761196686512,-3.89643978404058,-2.444465143148,-2.39456571305288,-2.14330352493528,-2.91691675598474,-0.772587557750922,-0.737008005383931,-0.970142500145332,-2.12132034355964,0,-0.160128153805087,145.426523639347,222.097067690313,66.000558864996,59.864142826322,45.0093740236409,131.261254019313,3.66979089931688,1.21458919287272
"Juan Nicasio","P",0.584479722187865,0.607052932642231,"SEA","Seattle Mariners",2018,2019,31.9,1,1,2,31.9,1,0,0,0,0,0,162,89,73,0,0,16,0,0,0,677,5513,1402,176,711,0.472,0.26,4.32,259,46,6,0,0,6,0,2,0,0,183,0.143,68,2.99,11.4,1.3,1.1,11.4,10.6,2116,36,0,0,36,0,4,0,0,33489,0.020449,4624,8.9401,129.96,1.69,1.21,129.96,112.36,7.04,-1.35,7.04,-1.35,18,0,16,0,87,0,57,0,236,0.7,232,0,117,0,107,0,67,0,248,0,36,0,7,0.3,18,0,16,0,87,0,57,0,236,0.7,232,0,117,0,107,0,67,0,248,0,36,0,7,0.3,1,1,1,1,1,1,1,1,1,1,1,1,1,1,1,0,1,1,0,0,0,0,1,0,0,1,0.414578098794425,-0.456035908673868,-0.235702260395516,-1.5,0,-0.132453235706504,-2.7339671305973,-3.47962047078265,-2.77350098112615,-2.70686216932786,-0.610847221781526,-3.36550336550505,-1,-0.521968937225743,-0.235702260395516,9,0,-0.132453235706504,114.826619485087,184.41988495148,83.2050294337844,75.79214074118,-3.05423610890763,178.371678371768,6,-0.720839102308751
"Juan Nicasio","P",0.719030687482594,0.743149195620674,"PIT","Pittsburgh Pirates",2016,2016,29.9,0,1,1,29.9,0,0,0,0,0,0,162,78,83,0,0,-5,0,0,0,729,5542,1426,153,758,0.504,0.265,3.71,259,52,9,0,0,15,3,7,0,3,513,0.588,92,3.78,8.9,1.1,3.4,10.5,3.07,2704,81,0,0,225,9,49,0,9,263169,0.345744,8464,14.2884,79.21,1.21,11.56,110.25,9.4249,4.77,-1.91,4.77,-1.91,19,0,14,0,71,0,51,0,208,0,205,0,99,0,96,0,84,0,210,0,36,0,6,0,19,0,14,0,71,0,51,0,208,0,205,0,99,0,96,0,84,0,210,0,36,0,6,0,1,1,0,1,1,1,0,0,0,0,0,0,1,1,0,0,0,1,0,0,0,0,0,0,0,1,-0.183147418598252,-0.0732589674393008,2.29415733870562,-1.87082869338697,-1.42413798983262,0,8.18182789432213,8.17163446050406,6.43224201765896,6.02166228434198,4.90990253030983,9.52290471892449,-0.75,-0.560524902806884,22.9415733870562,13.0958008537088,17.0896558779915,0,965.455691530011,956.081231878976,411.663489130173,355.278074776177,220.945613863942,1314.16085121158,3.375,-0.769600691553852
"Julio Teheran","P",0.575791130923709,0.609812382114438,"MIL","Milwaukee Brewers",2023,2023,32.5,2,1,1,32.5,2,0,0,0,0,0,162,92,70,1,1,22,0,0,0,728,5386,1290,165,647,0.486,0.256,4.15,260,14,1,0,0,13,0,4,2,1,288,0.375,98,4.93,8.5,1.6,1.6,6.3,3.85,196,1,0,0,169,0,16,4,1,82944,0.140625,9604,24.3049,72.25,2.56,2.56,39.69,14.8225,5.64,-2.19,5.64,-2.19,17,0,16,0,97,0,46,0,212.3,0.3,214,0,108,0,99,0,86,0,243,0,54,0,9,0,17,0,16,0,97,0,46,0,212.3,0.3,214,0,108,0,99,0,86,0,243,0,54,0,9,0,1,1,1,1,1,1,1,1,1,1,1,1,1,1,0,0,0,1,0,0,0,0,0,0,1,1,-0.21053798026663,-0.105268990133315,-0.727606875108999,-1.25,-1.11688078164698,0,-4.8865798131589,-4.64838430376771,-3.46410161513775,-3.51763235340724,-1.4018260516447,-3.20750149549792,-0.598764159346999,-0.376666666666667,2.182820625327,6.25,12.2856885981168,0,347.924482696914,316.090132656204,124.707658144959,123.117132369253,18.2237386713811,160.375074774896,-2.6345623011268,-0.425633333333333
"Julio Teheran","P",0.514986899411503,0.470563712377548,"DET","Detroit Tigers",2021,2021,30.5,1,1,1,30.5,1,0,0,0,0,0,162,77,85,0,0,-8,0,0,0,697,5376,1299,179,756,0.504,0.265,4,260,1,0,0,0,1,0,0,0,0,20,1,253,6.37,7.2,1.8,5.4,5.4,1,1,0,0,0,1,0,0,0,0,400,1,64009,40.5769,51.84,3.24,29.16,29.16,1,8.62,-1.73,8.62,-1.73,24,0,17,0,116,0,49,0,251,0.3,229,0,117,0,108,0,75,0,252,0,27,0,4,0,24,0,17,0,116,0,49,0,251,0.3,229,0,117,0,108,0,75,0,252,0,27,0,4,0,1,1,1,1,1,1,1,1,1,1,1,1,1,1,1,1,1,1,1,1,1,1,1,1,1,1,-0.0681202703290172,-0.0136240540658034,-0.204124145231932,0,-0.0928476690885259,0,-0.315597201548902,-0.264327440182036,-0.0924500327042048,-0.0962250448649376,-0.346410161513775,-0.188982236504614,-0.346410161513775,-0.7,-0.204124145231932,0,-0.0928476690885259,0,-1.57798600774451,-1.05730976072814,-0.0924500327042048,-0.0962250448649376,-1.03923048454133,-0.566946709513841,-0.623538290724796,-0.98
"Julio Teheran","P",0.461437826491419,0.347930188619115,"LAA","Los Angeles Angels",2020,2020,29.5,0,1,1,29.5,0,0,0,0,0,0,60,26,34,0,0,-8,0,0,0,294,2020,501,85,321,0.499,0.257,3.98,260,10,0,0,0,12,0,2,0,1,149,0,45,8.62,11.2,3.4,4.6,5.7,1.25,100,0,0,0,144,0,4,0,1,22201,0,2025,74.3044,125.44,11.56,21.16,32.49,1.5625,6.93,-1.88,6.93,-1.88,20,0,15,0,153,0,41,0,238.3,0.3,211,0,109,0,102,0,91,0,219,0,37.8,0,9,0,20,0,15,0,153,0,41,0,238.3,0.3,211,0,109,0,102,0,91,0,219,0,37.8,0,9,0,1,1,1,1,1,1,1,1,1,1,1,1,1,1,1,0,0,1,0,0,0,0,0,0,0,1,0.417855447018672,-0.45964099172054,0,-1.03279555898864,-0.727606875108999,0,-2.01464424635273,-2.68487072420391,-3.35239199827403,-3.46551640041836,-1.67725573875507,-1.35147475679897,-1.63463262218879,-0.585,0,4.13118223595458,6.54846187598099,0,62.6554360615698,104.709958243952,117.333719939591,121.293074014643,26.8360918200811,27.0294951359794,16.4280578529974,-1.026675
"Justin Wilson","P",0.568864018670395,0.593948499907515,"CIN","Cincinnati Reds",2024,2024,37,7,1,1,37,7,0,0,0,0,0,162,77,85,0,0,-8,0,0,0,699,5325,1230,174,694,0.504,0.261,3.77,265,60,15,0,0,10,1,2,0,3,209,0.167,79,4.73,10.6,1.9,2.5,9.8,3.92,3600,225,0,0,100,1,4,0,9,43681,0.027889,6241,22.3729,112.36,3.61,6.25,96.04,15.3664,6.59,-2.18,6.59,-2.18,20,0,16,0,107,0,38,0,243.7,0.3,227,0,119,0,112,0,84,0,253,0,67.5,0,10.5,0,20,0,16,0,107,0,38,0,243.7,0.3,227,0,119,0,112,0,84,0,253,0,67.5,0,10.5,0,1,1,1,1,1,1,1,1,1,1,1,1,1,1,1,0,1,1,0,0,0,0,0,0,1,1,0.077908938713162,-0.0155817877426324,-0.223606797749979,-1.25,0,-0.324442842261525,-2.9594718334582,-3.65047821379985,-2.75009549108463,-2.7402424293169,-1.41841628653395,-3.20634252865585,-0.680393132545306,-0.449639961789536,-0.223606797749979,6.25,0,-0.64888568452305,136.727598705769,200.776301758992,82.502864732539,79.46703045019,18.4394117249414,163.523468961448,-3.80339761092826,-0.655125424327354
"Justin Wilson","P",0.469468855232127,0.479458363655334,"CIN","Cincinnati Reds",2022,2023,35,4,1,2,35,4,0,0,0,0,0,162,62,100,0,0,-38,0,0,0,648,5380,1264,156,815,0.504,0.261,3.76,265,5,0,0,0,0,0,0,0,0,13,0,194,-0.71,7.4,0,0,17.2,0,25,0,0,0,0,0,0,0,0,169,0,37636,0.5041,54.76,0,0,295.84,0,6.59,-2.18,6.59,-2.18,20,0,16,0,107,0,38,0,243.7,0.3,227,0,119,0,112,0,84,0,253,0,67.5,0,10.5,0,20,0,16,0,107,0,38,0,243.7,0.3,227,0,119,0,112,0,84,0,253,0,67.5,0,10.5,0,1,1,1,1,1,1,1,1,1,1,1,1,1,1,1,1,1,1,1,1,1,1,1,1,1,1,-0.038954469356581,-0.0038954469356581,0,-0.25,0,0,-0.204985062057711,-0.199116993479992,-0.0916698497028211,-0.0944911182523068,0,-0.440086229423352,-0.29820450353059,-0.252440280537982,0,-0.25,0,0,-0.655952198584674,-0.597350980439975,-0.0916698497028211,-0.0944911182523068,0,-3.08060360596346,-0.730601033649947,-0.20649614948007
"Justin Wilson","P",0.559607603481498,0.566776125542684,"NYY","New York Yankees",2021,2022,34,2,1,2,34,2,0,0,0,0,0,162,92,70,0,1,22,0,0,0,711,5331,1266,222,669,0.57,0.266,3.65,265,42,13,0,0,6,0,1,0,2,149,0.5,86,5.26,8.5,1.6,4.2,7.7,1.81,1764,169,0,0,36,0,1,0,4,22201,0.25,7396,27.6676,72.25,2.56,17.64,59.29,3.2761,6.43,-1.51,6.43,-1.51,19,0,15,0,137,0,42,0,237.3,0.3,230,0,122,0,112,0,83,0,257,0,27,0,10.5,0,19,0,15,0,137,0,42,0,237.3,0.3,230,0,122,0,112,0,83,0,257,0,27,0,10.5,0,1,1,1,1,1,1,1,1,1,1,1,1,1,1,1,1,1,1,0,0,0,0,0,0,0,1,0.039436150336255,-0.0039436150336255,-0.229415733870562,-0.258198889747161,0,0,-2.20714084556892,-2.11001751486652,-1.99178641293541,-1.88982236504614,-1.75622815983505,-1.80897029850024,-1.01806097467104,-0.435752660292948,-0.229415733870562,-0.258198889747161,0,0,75.0427887493432,67.5205604757286,43.819301084579,37.7964473009227,28.0996505573607,52.4601386565068,5.3855425560098,-0.615282756333642
"Justin Wilson","P",0.487840022187117,0.450558883983164,"NYM","New York Mets",2019,2020,32.5,0.5,1,2,33,1,0,0,0,0,0,60,26,34,0,0,-8,0,0,0,286,2023,551,86,308,0.48,0.25,3.8,265,23,2,0,0,1,1,1,0,3,86,0.667,118,3.04,8.2,0.5,4.1,10.5,2.56,529,4,0,0,1,1,1,0,9,7396,0.444889,13924,9.2416,67.24,0.25,16.81,110.25,6.5536,9.47,-1.32,9.47,-1.32,20,0,13,0,87,0,51,0,233.7,0.3,220,0,111,0,102,0,79,0,269,0,54,0,7,0,20,0,13,0,87,0,51,0,233.7,0.3,220,0,111,0,102,0,79,0,269,0,54,0,7,0,1,1,1,1,1,1,1,1,1,1,1,1,1,1,1,1,1,1,0,0,0,0,0,0,1,1,-0.0649912673851283,-0.0129982534770257,-0.447213595499958,-0.277350098112615,0,0,-1.25594861836146,-1.21355975243384,-0.949157995752499,-0.79211803438134,-1.01257911083342,-1.40233474995429,-0.498062914365913,-0.518945221441669,-0.894427190999916,-0.277350098112615,0,0,24.11421347254,21.844075543809,9.49157995752499,6.33694427505072,9.11321199750079,32.2536992489487,-1.82291026657924,-0.712511789039411
"Kendall Graveman","P",0.287611391342284,0.283669277049531,"CHW","Chicago White Sox",2022,2024,32.2,3.5,1,3,32.7,4,0,0,0,0,0,162,61,101,0,0,-40,0,0,0,641,5501,1308,171,841,0.502,0.26,3.79,266,68,26,0,0,9,0,5,1,3,282,0.455,141,4.88,6.9,1.2,4.9,9,1.83,4624,676,0,0,81,0,25,1,9,79524,0.207025,19881,23.8144,47.61,1.44,24.01,81,3.3489,6.53,-1.96,6.53,-1.96,17,0,19,0,151,0,40,0,226.7,0,228,0,123,0,118,0,91,0,274,0,18,0,5.4,0,17,0,19,0,151,0,40,0,226.7,0,228,0,123,0,118,0,91,0,274,0,18,0,5.4,0,1,1,1,1,1,1,1,1,1,1,1,1,1,1,0,0,1,0,0,0,0,0,0,0,0,1,-0.547862336136383,-0.767007270590936,-1.21267812518166,-1.37649440322337,0,-1.26491106406735,-4.39011300450508,-3.37755751051586,-2.43450801360207,-2.11732162116614,-3.77382541219891,-3.98720581597917,-0.735391052434009,-0.564594905580459,6.06339062590832,8.25896641934022,0,10.1192885125388,290.186469597786,172.255433036309,65.7317163672558,48.6983972868213,135.857714839161,263.155583854625,2.29442008359411,-0.740748516121562
"Kendall Graveman","P",0.796027643994548,0.780357699427812,"SEA","Seattle Mariners",2020,2020,29.7,1,1,1,29.7,1,0,0,0,0,0,60,27,33,0,0,-6,0,0,0,254,1929,435,60,303,0.47,0.259,4.34,266,11,1,0,0,2,0,0,0,0,77,0.25,75,4.26,7.2,1,3.9,7.2,1.88,121,1,0,0,4,0,0,0,0,5929,0.0625,5625,18.1476,51.84,1,15.21,51.84,3.5344,7.04,-1.35,7.04,-1.35,18,0,16,0,87,0,57,0,236,0.7,232,0,117,0,107,0,67,0,248,0,36,0,7,0.3,18,0,16,0,87,0,57,0,236,0.7,232,0,117,0,107,0,67,0,248,0,36,0,7,0.3,1,1,1,1,1,1,1,1,1,1,1,1,1,1,1,0,1,1,0,0,0,0,0,0,0,1,0.113066754216661,-0.0339200262649984,-0.235702260395516,-0.75,-0.214422506967559,0,-1.1847190899255,-0.984798246447919,-1.20185042515466,-1.1600837868548,-0.977355554850442,-0.952500952501429,-0.965,-0.465652230747368,-0.235702260395516,2.25,-0.428845013935118,0,21.561887436644,14.7719736967188,15.6240555270106,13.9210054422576,7.81884443880353,14.2875142875214,5.58735,-0.573683548280757
"Kenley Jansen","P",0.375083600141622,0.417292842551815,"BOS","Boston Red Sox",2023,2024,36.3,6.5,1,2,36.8,7,1,0,0,0,0,162,81,81,0,0,0,0,0,1,751,5577,1404,194,747,0.518,0.267,3.92,268,54,38,0,0,4,2,1,2,2,218,0.667,127,3,6.3,0.7,3.3,10.2,3.1,2916,1444,0,0,16,4,1,4,4,47524,0.444889,16129,9,39.69,0.49,10.89,104.04,9.61,6.45,-1.85,6.45,-1.85,22,0,17,0,127,0,42,0,230,0.3,235,0,125,0,114,0,75,0,237,0,27,0,6,0,22,0,17,0,127,0,42,0,230,0.3,235,0,125,0,114,0,75,0,237,0,27,0,6,0,1,1,1,1,1,0,1,1,1,1,1,1,1,1,0,1,1,0,0,0,0,0,0,0,1,1,-0.472499538574895,-0.566999446289874,-0.852802865422442,-0.485071250072666,0,4.16619044897648,-3.57384216580517,-2.47884667760308,-1.78885438199983,-1.87317162316339,-2.3094010767585,-4.02733277526211,-0.63316079521129,-0.433151436182159,3.41121146168977,-0.970142500145332,0,112.487142122365,193.70224538664,94.1961737489171,35.7770876399966,37.4634324632678,46.1880215351701,249.694632066251,-2.08309901624514,-0.45957367378927
"Kenley Jansen","P",0.667343172395398,0.552353321455776,"ATL","Atlanta Braves",2022,2022,34.8,5,1,1,34.8,5,0,0,0,0,0,162,101,61,1,1,40,0,0,1,789,5509,1394,243,609,0.502,0.26,3.67,268,65,54,0,0,8,3,2,1,1,260,0.714,122,3.21,6.3,1.1,3.1,12,3.86,4225,2916,0,0,64,9,4,1,1,67600,0.509796,14884,10.3041,39.69,1.21,9.61,144,14.8996,6.07,-1.69,6.07,-1.69,21,0,17,0,70,0,50,0,221,1,215,0,103,0,95,0,84,0,281,0,27,0,4.33,0,21,0,17,0,70,0,50,0,221,1,215,0,103,0,95,0,84,0,281,0,27,0,4.33,0,1,1,1,1,1,0,1,1,1,1,1,1,1,1,0,1,1,0,0,0,0,0,0,0,1,1,-0.405887479234099,-0.405887479234099,-1.09108945117996,-0.485071250072666,0,5.79827560572969,-4.3051058815764,-3.06897452761713,-2.46332319541073,-2.46234804500437,-2.40039679259592,-5.0706748833111,-0.650481303286978,-0.503156089904827,5.45544725589981,-0.970142500145332,0,237.729299834917,275.52677642089,138.103853742771,61.5830798852683,59.0963530801049,52.8087294371102,431.007365081443,-2.19862680510999,-0.526804426130354
"Kenley Jansen","P",0.202625733355451,0.552353321455776,"LAD","Los Angeles Dodgers",2017,2021,31.8,2,0,5,33.8,4,4,1,1,0,0,162,106,56,0,1,50,0,0,0,830,5445,1330,237,561,0.529,0.261,3.53,268,69,52,0,0,4,4,2,2,4,278,0.5,191,3.08,4.7,0.5,4.7,11.2,2.39,4761,2704,0,0,16,16,4,4,16,77284,0.25,36481,9.4864,22.09,0.25,22.09,125.44,5.7121,8.88,-1.33,8.88,-1.33,21,0,16,0,139,0,47,0,233.3,0,198,0,127,0,117,0,85,0,301,0,81,0,9,0,21,0,16,0,139,0,47,0,233.3,0,198,0,127,0,117,0,85,0,301,0,81,0,9,0,1,0,1,1,1,0,1,1,1,1,1,1,1,1,0,0,1,0,0,0,0,0,0,0,1,1,-0.83894506901753,2.09736267254383,-0.87287156094397,-1,0,5.54286967691999,-4.51743301319659,-2.55840859626733,-1.86344866977384,-1.57165055597148,-3.90474824073581,-4.95695759225642,-0.246666666666667,-0.347666666666667,3.49148624377588,4,0,210.62904772296,311.702877910564,92.1027094656237,39.1324220652506,26.7180594515152,140.570936666489,426.298352934052,-0.5476,-0.362616333333333
"Keury Mella","P",0.550651770940642,0.552240362065533,"CIN","Cincinnati Reds",2019,2019,26,1,0,1,26,1,0,0,0,0,0,162,75,87,0,0,-12,0,0,1,701,5450,1328,227,711,0.505,0.261,3.75,269,2,1,0,0,0,1,0,0,0,18,0,69,2.67,12.3,0,4.9,9.8,2,4,1,0,0,0,1,0,0,0,324,0,4761,7.1289,151.29,0,24.01,96.04,4,6.59,-2.18,6.59,-2.18,20,0,16,0,107,0,38,0,243.7,0.3,227,0,119,0,112,0,84,0,253,0,67.5,0,10.5,0,20,0,16,0,107,0,38,0,243.7,0.3,227,0,119,0,112,0,84,0,253,0,67.5,0,10.5,0,1,1,1,1,1,1,1,1,1,1,1,1,1,1,1,1,1,1,1,1,1,1,1,1,0,1,0,0,0,0,0,0,-0.204985062057711,-0.331861655799986,-0.275009549108463,-0.28347335475692,-0.218217890235992,-0.251477845384773,-0.895830671830672,-0.589130190155267,0,0,0,0,-0.655952198584674,-1.65930827899993,-0.82502864732539,-0.850420064270761,-0.436435780471985,-1.00591138153909,6.59331374467374,-1.1246495330064
"Keury Mella","P",0.550520627104058,0.551940027626066,"CIN","Cincinnati Reds",2017,2017,24,0,1,1,24,0,0,0,0,0,0,165,68,94,0,0,-26,0,0,0,753,5484,1390,219,869,0.506,0.261,3.74,269,2,1,0,0,1,1,0,0,0,19,0,72,7.41,11.3,2.3,4.5,2.3,0.5,4,1,0,0,1,1,0,0,0,361,0,5184,54.9081,127.69,5.29,20.25,5.29,0.25,6.59,-2.18,6.59,-2.18,20,0,16,0,107,0,38,0,243.7,0.3,227,0,119,0,112,0,84,0,253,0,67.5,0,10.5,0,20,0,16,0,107,0,38,0,243.7,0.3,227,0,119,0,112,0,84,0,253,0,67.5,0,10.5,0,1,1,1,1,1,1,1,1,1,1,1,1,1,1,1,1,1,1,1,1,1,1,1,1,0,1,0,0,0,0,0,0,-0.256231327572138,-0.331861655799986,-0.275009549108463,-0.28347335475692,-0.218217890235992,-0.0628694613461931,-0.821583836257749,-0.540061724867322,0,0,0,0,-1.02492531028855,-1.65930827899993,-0.82502864732539,-0.850420064270761,-0.436435780471985,-0.0628694613461931,5.54569089473981,-0.945108018517813
"Keynan Middleton","P",0.547190758564598,0.544314246442969,"ARI","Arizona Diamondbacks",2022,2022,28.9,1,1,1,28.9,1,0,0,0,0,0,162,74,88,0,0,-14,0,0,0,702,5351,1232,173,740,0.485,0.255,4.26,275,18,2,0,0,5,0,1,0,1,69,0.333,78,5.88,8.5,2.6,1.6,7.9,5,324,4,0,0,25,0,1,0,1,4761,0.110889,6084,34.5744,72.25,6.76,2.56,62.41,25,5.73,-1.54,5.73,-1.54,21,0,15,0,124,0,45,0,222,0.3,227,0,114,0,98,0,84,0,246,0,37.13,0,6.75,0,21,0,15,0,124,0,45,0,222,0.3,227,0,114,0,98,0,84,0,246,0,37.13,0,6.75,0,1,1,1,1,1,1,1,1,1,1,1,1,1,1,1,1,1,1,0,0,0,0,1,0,0,1,0.250653595886614,-0.150392157531968,-0.218217890235992,-0.516397779494322,0,0,-1.14096529386384,-1.06195729855996,-1.2175615550562,-1.01015254455221,-0.327326835353989,-0.956365069595007,-0.86814685727465,-0.430318400636001,-0.218217890235992,-1.03279555898864,0,0,19.3964099956853,16.9913167769593,15.8283002157306,10.1015254455221,-0.981980506061966,14.3454760439251,4.5924968749829,-0.481095971911049
"Keynan Middleton","P",0.554211432861112,0.560392396468583,"SEA","Seattle Mariners",2021,2021,27.9,0,1,1,27.9,0,0,0,0,0,0,162,90,72,0,0,18,0,0,0,697,5355,1209,199,748,0.472,0.259,4.34,275,32,10,0,0,2,1,2,0,0,140,0.333,84,4.49,8.7,0.6,5.5,7,1.26,1024,100,0,0,4,1,4,0,0,19600,0.110889,7056,20.1601,75.69,0.36,30.25,49,1.5876,7.04,-1.35,7.04,-1.35,18,0,16,0,87,0,57,0,236,0.7,232,0,117,0,107,0,67,0,248,0,36,0,7,0.3,18,0,16,0,87,0,57,0,236,0.7,232,0,117,0,107,0,67,0,248,0,36,0,7,0.3,1,1,1,1,1,1,1,1,1,1,1,1,1,1,1,1,1,1,0,0,0,0,0,0,0,1,0,0,-0.235702260395516,-0.5,-0.107211253483779,-0.529812942826018,-2.01792812020277,-1.96959649289584,-1.8490006540841,-1.64345203137763,-2.3212194427698,-1.52400152400229,-0.823333333333333,-0.597561831827588,-0.235702260395516,-1,-0.107211253483779,-2.11925177130407,62.5557717262859,59.0878947868751,36.9800130816819,27.9386845334197,44.1031694126262,36.5760365760549,4.06726666666667,-0.944745256119417
"Kirby Yates","P",0.653086164383722,0.786826881251959,"TEX","Texas Rangers",2024,2024,37.4,3,1,1,37.4,3,2,0,1,0,1,162,78,84,0,0,-6,0,0,1,683,5472,1302,176,738,0.476,0.258,4.29,276,61,50,0,0,3,5,2,2,1,237,0.778,326,2.5,3.4,0.4,4.1,12.4,3.04,3721,2500,0,0,9,25,4,4,1,56169,0.605284,106276,6.25,11.56,0.16,16.81,153.76,9.2416,7.73,-1.77,7.73,-1.77,18,0,14,0,113,0,43,0,223.3,0.3,221,0,114,0,106,0,89,0,277,0,108,0,21,0,18,0,14,0,113,0,43,0,223.3,0.3,221,0,114,0,106,0,89,0,277,0,108,0,21,0,0,0,1,1,1,0,1,1,1,1,1,1,1,1,0,1,1,0,0,0,0,0,0,0,1,1,1.11499250196169,3.45647675608124,-1.64991582276861,-0.534522483824849,0,5.03245282097595,-4.09550122914863,-1.54714742619152,-0.936585811581694,-0.777028689885811,-2.96799406401781,-5.10715502907193,-0.112583302491977,-0.180466195225166,11.5494107593803,-1.0690449676497,0,166.070943092206,250.644675223896,35.5843908024049,9.36585811581694,6.21622951908649,83.1038337924986,434.108177471114,-0.131722463915613,-0.149245543451212
"Kirby Yates","P",0.499938026997105,0.571732789655267,"ATL","Atlanta Braves",2022,2023,35.9,1.5,1,2,36.4,2,0,0,0,0,0,162,104,58,1,1,46,0,0,0,947,5597,1543,307,716,0.503,0.26,3.67,276,61,16,0,0,9,1,5,1,5,254,0.778,133,4.63,5.2,1.3,5.5,11.9,2.16,3721,256,0,0,81,1,25,1,25,64516,0.605284,17689,21.4369,27.04,1.69,30.25,141.61,4.6656,6.07,-1.69,6.07,-1.69,21,0,17,0,70,0,50,0,221,1,215,0,103,0,95,0,84,0,281,0,27,0,4.33,0,21,0,17,0,70,0,50,0,221,1,215,0,103,0,95,0,84,0,281,0,27,0,4.33,0,1,1,1,1,1,1,1,1,1,1,1,1,1,1,0,1,1,1,0,0,0,0,0,0,1,1,-0.446476227157509,-0.49112384987326,-1.52752523165195,-0.485071250072666,0,-0.707106781186547,-4.04276349191784,-2.38698018814666,-2.16772441196145,-2.25715237458734,-4.03703096936586,-4.77239989017515,-0.631236294313991,-0.57331921227933,10.6926766215636,-0.970142500145332,0,-3.53553390593274,242.970085864262,83.544306585133,47.6899370631518,49.6573522409215,149.370145866537,381.791991214012,-2.07045504534989,-0.68396982024924
"Koji Uehara","P",0.379356366487991,0.390553232619997,"BOS","Boston Red Sox",2016,2017,41.3,1,0,2,41.3,1,0,0,0,0,0,162,93,69,1,1,24,0,0,0,878,5670,1598,208,694,0.517,0.267,3.9,278,50,12,0,0,8,1,2,0,1,184,0.4,130,3.51,6.5,1.5,2.1,12.1,5.73,2500,144,0,0,64,1,4,0,1,33856,0.16,16900,12.3201,42.25,2.25,4.41,146.41,32.8329,6.45,-1.85,6.45,-1.85,22,0,17,0,127,0,42,0,230,0.3,235,0,125,0,114,0,75,0,237,0,27,0,6,0,22,0,17,0,127,0,42,0,230,0.3,235,0,125,0,114,0,75,0,237,0,27,0,6,0,1,1,1,1,1,1,1,1,1,1,1,1,1,1,1,0,1,0,0,0,0,0,0,0,1,1,-0.275624730835355,-0.192937311584749,-0.426401432711221,-0.727606875108999,0,-1.08012344973464,-3.0990882249602,-2.2179154483817,-1.60996894379985,-1.68585446084705,-1.27017059221718,-4.09228975550827,-0.66395280956807,-0.390693613973917,-0.852802865422442,2.182820625327,0,7.5608641481425,145.657146573129,75.4091252449779,28.9794409883973,30.3453802952469,13.9718765143889,257.814254597021,-2.29063719300984,-0.373893788573039
"Koji Uehara","P",0.749356476522142,0.776697937344992,"BOS","Boston Red Sox",2013,2013,38.3,0,1,1,38.3,0,3,1,1,1,1,162,97,65,1,1,32,0,0,0,861,5669,1573,178,657,0.517,0.267,3.9,278,73,40,0,0,5,2,1,0,1,265,0.8,379,1.61,4,0.6,1.1,12.2,11.22,5329,1600,0,0,25,4,1,0,1,70225,0.64,143641,2.5921,16,0.36,1.21,148.84,125.8884,6.45,-1.85,6.45,-1.85,22,0,17,0,127,0,42,0,230,0.3,235,0,125,0,114,0,75,0,237,0,27,0,6,0,22,0,17,0,127,0,42,0,230,0.3,235,0,125,0,114,0,75,0,237,0,27,0,6,0,0,0,1,1,1,1,1,1,1,1,1,1,1,1,0,1,1,0,0,0,0,0,0,0,1,1,1.37812365417678,4.82343278961872,-0.852802865422442,-0.242535625036333,0,-3.24037034920393,-4.88600930786278,-2.15268264107636,-0.894427190999916,-0.842927230423525,-1.03923048454133,-6.56065500486247,-0.209770597805564,-0.230660284112083,3.41121146168977,-0.242535625036333,0,68.0477773332825,362.053289712632,71.0385271555199,8.94427190999916,7.58634507381172,9.35307436087194,662.62615549111,-0.228649951608065,-0.130323060523327
"Kyle Gibson","P",0.458177317236155,0.340463248158414,"STL","St Louis Cardinals",2024,2024,36.8,4,1,1,36.8,4,0,0,0,0,0,162,83,79,0,0,4,0,0,0,672,5507,1363,165,719,0.52,0.266,3.69,281,30,0,0,0,23,1,4,0,5,722,0.5,97,4.42,8.5,1.2,3.6,8,2.22,900,0,0,0,529,1,16,0,25,521284,0.25,9409,19.5364,72.25,1.44,12.96,64,4.9284,6.3,-1.99,6.3,-1.99,20,0,14,0,94,0,48,0,241.7,0.3,226,0,110,0,107,0,86,0,231,0,36,0,7,0,20,0,14,0,94,0,48,0,241.7,0.3,226,0,110,0,107,0,86,0,231,0,36,0,7,0,1,1,1,0,1,1,0,0,0,0,0,0,1,1,0,0,0,1,0,0,0,0,0,0,1,1,-0.358568582800318,-0.322711724520286,-1.78885438199983,2.1380899352994,-3.09426373877638,0,10.8833359046634,10.7095606943276,8.67650956213489,7.73389191236531,7.33262857783381,9.93507059389251,-0.706666666666667,-0.510252038562457,14.3108350559987,17.1047194823952,92.8279121632914,0,1841.46043506905,1724.23927178674,789.562370154275,618.711352989225,498.618743292699,1500.19565967777,-2.99626666666667,-0.688840252059317
"Kyle Gibson","P",0.581907434497633,0.623819419374746,"BAL","Baltimore Orioles",2023,2023,35.8,3,1,1,35.8,3,0,0,0,0,0,162,101,61,1,1,40,0,0,0,807,5495,1399,183,678,0.474,0.258,4.05,281,33,0,0,0,23,0,6,0,8,807,0.625,86,4.13,9.3,1.1,2.6,7.4,2.85,1089,0,0,0,529,0,36,0,64,651249,0.390625,7396,17.0569,86.49,1.21,6.76,54.76,8.1225,4.93,-2.32,4.93,-2.32,22,0,17,0,136,0,51,0,342.7,0.3,314,0,162,0,144,0,106,0,240,0,36,0,6,0,22,0,17,0,136,0,51,0,342.7,0.3,314,0,162,0,144,0,106,0,240,0,36,0,6,0,1,1,0,0,1,1,0,0,0,0,0,0,1,1,0,0,0,1,0,0,0,0,0,0,0,1,-0.315264144377731,-0.220684901064412,3.19801074533416,2.182820625327,-2.8297266548514,0,10.3715622061975,11.1737864300654,7.9353094333157,8.41666666666667,5.34207224296495,10.1343064225761,-0.788333333333333,-0.538071246831372,47.9701611800123,19.645385627943,93.3809796100961,0,1991.33994358991,2212.40971315295,801.466252764886,850.083333333333,293.813973363072,1591.08610834444,3.72881666666667,-0.709177903323748
"Kyle Gibson","P",0.400804252726511,0.56964085918929,"TEX","Texas Rangers",2020,2022,33.3,0.5,1,3,33.8,1,1,0,0,0,0,162,60,102,0,0,-42,0,0,0,625,5405,1254,167,815,0.476,0.259,4.29,281,31,0,0,0,17,2,8,1,2,754,0.526,117,3.87,7.8,0.8,3.2,7.7,2.42,961,0,0,0,289,4,64,1,4,568516,0.276676,13689,14.9769,60.84,0.64,10.24,59.29,5.8564,7.73,-1.77,7.73,-1.77,18,0,14,0,113,0,43,0,223.3,0.3,221,0,114,0,106,0,89,0,277,0,108,0,21,0,18,0,14,0,113,0,43,0,223.3,0.3,221,0,114,0,106,0,89,0,277,0,108,0,21,0,0,0,0,0,1,1,0,0,0,0,0,0,1,1,0,0,0,1,0,0,0,0,0,0,1,1,1.25886250221481,4.40601875775184,2.35702260395516,2.40535117721182,-2.82216260515079,0,12.1794317598864,10.6282301451417,7.30536933033721,7.28464396767948,6.7839864320407,9.3130474059547,-0.356994916448919,-0.266225826087911,23.5702260395516,21.6481605949064,84.6648781545237,0,2216.65658029933,1679.26036293239,569.818807766303,546.348297575961,434.175131650605,1443.52234792298,-1.32445114002549,-0.324795507827251
"Lance Lynn","P",0.326024200861207,0.345136689739477,"CHW","Chicago White Sox",2022,2023,35.7,4.5,1,2,36.2,5,0,0,0,0,0,162,61,101,0,0,-40,0,0,0,641,5501,1308,171,841,0.502,0.26,3.79,284,32,0,0,0,44,1,9,0,3,808,0.542,77,5.53,9.3,2.2,3.3,9.4,2.85,1024,0,0,0,1936,1,81,0,9,652864,0.293764,5929,30.5809,86.49,4.84,10.89,88.36,8.1225,6.53,-1.96,6.53,-1.96,17,0,19,0,151,0,40,0,226.7,0,228,0,123,0,118,0,91,0,274,0,18,0,5.4,0,17,0,19,0,151,0,40,0,226.7,0,228,0,123,0,118,0,91,0,274,0,18,0,5.4,0,1,1,0,0,1,1,0,0,0,0,0,0,1,1,0,0,0,1,0,0,0,0,0,0,0,1,0.352197216087675,-0.316977494478907,3.15296312547233,2.52357307257618,-2.60412306806771,0,12.1674538944831,12.5168307742647,11.4512043602764,10.7707230294104,7.02350840603685,11.5387319826064,-1.35057395206631,-0.599882087179238,40.9885206311403,27.759303798338,83.3319381781667,0,2229.0775534693,2365.68101633602,1454.3029537551,1260.17459444101,470.575063204469,2203.89780867782,7.73878874533993,-0.836235629527857
"Lance Lynn","P",0.623272298415592,0.784454328733434,"TEX","Texas Rangers",2019,2021,32.7,1.5,1,3,33.2,2,4,0,2,0,1,60,22,38,0,0,-16,0,0,0,224,1936,420,62,312,0.477,0.259,4.28,284,13,0,1,0,13,0,6,0,2,344,0.667,135,4.19,6.9,1.4,2.7,9.5,3.56,169,0,1,0,169,0,36,0,4,118336,0.444889,18225,17.5561,47.61,1.96,7.29,90.25,12.6736,7.73,-1.77,7.73,-1.77,18,0,14,0,113,0,43,0,223.3,0.3,221,0,114,0,106,0,89,0,277,0,108,0,21,0,18,0,14,0,113,0,43,0,223.3,0.3,221,0,114,0,106,0,89,0,277,0,108,0,21,0,1,0,1,1,1,1,1,1,1,1,1,1,1,1,0,0,0,1,0,0,0,0,0,0,1,1,-0.791285001392167,1.74082700306277,-1.4142135623731,-0.801783725737273,-1.22293712889868,0,-5.62127619687066,-4.3051058815764,-3.18439175937776,-3.01098617330752,-2.6499947000159,-5.34749173632238,-0.319467148951593,-0.231310963650152,8.48528137423857,2.40535117721182,15.8981826756828,0,472.187200537136,275.52677642089,108.269319818844,93.3405713725331,66.2498675003975,475.926764532691,-1.06063093451929,-0.245189621469161
"Lance Lynn","P",0.69242446056265,0.503692224616643,"MIN","Minnesota Twins",2018,2018,31.2,0,1,1,31.2,0,0,0,0,0,0,162,78,84,0,0,-6,0,0,1,738,5526,1379,166,775,0.48,0.263,3.99,284,31,0,0,0,14,3,6,0,5,700,0.5,89,3.84,9.4,0.8,4.4,9.2,2.12,961,0,0,0,196,9,36,0,25,490000,0.25,7921,14.7456,88.36,0.64,19.36,84.64,4.4944,5.35,-2.14,5.35,-2.14,16,0,14,0,138,0,36,0,211.3,1,221,0,112,0,103,0,87,0,234,0,45,0,5,0,16,0,14,0,138,0,36,0,211.3,1,221,0,112,0,103,0,87,0,234,0,45,0,5,0,1,1,0,0,1,1,0,0,0,0,0,0,1,1,0,0,0,1,0,0,0,0,0,0,0,1,-0.172935080466847,-0.0691740321867387,2.5,2.67261241912424,-2.46864393920037,0,10.7456151151321,10.9645665421399,8.22072728795069,8.17823300876363,8.14805526476724,10.5248992524159,-0.711069616844933,-0.682447946732936,25,26.7261241912424,71.5906742368108,0,1678.46508098364,1787.2243463688,715.20327405171,678.793339727382,619.25220012231,1694.50877963896,3.39180207235033,-1.04141556671446
"Latroy Hawkins","P",0.58590095614665,0.6329650423579,"NYM","New York Mets",2013,2013,40.6,1,1,1,40.6,1,0,0,0,0,0,162,74,88,0,0,-14,0,0,0,619,5559,1318,130,684,0.478,0.251,3.77,285,72,28,0,0,6,2,1,0,1,288,0.6,122,3.06,9,0.8,1.3,7,5.5,5184,784,0,0,36,4,1,0,1,82944,0.36,14884,9.3636,81,0.64,1.69,49,30.25,9.47,-1.32,9.47,-1.32,20,0,13,0,87,0,51,0,233.7,0.3,220,0,111,0,102,0,79,0,269,0,54,0,7,0,20,0,13,0,87,0,51,0,233.7,0.3,220,0,111,0,102,0,79,0,269,0,54,0,7,0,1,1,1,1,1,1,1,1,1,1,1,1,1,1,1,1,1,0,0,0,0,0,0,0,1,1,-0.194973802155385,-0.116984281293231,-0.670820393249937,-0.554700196225229,0,-1.82036410923641,-4.59206213588408,-4.78681902348902,-2.56272658853175,-2.27733934884635,-1.12508790092602,-3.35340918467331,-0.398722497019706,-0.433147286068574,-2.01246117974981,-1.10940039245046,0,23.6647334200734,322.362761939063,339.86415066772,69.1936178903572,52.3788050234661,11.2508790092602,184.437505157032,-1.16825691626774,-0.496386789834586
"Latroy Hawkins","P",0.499164923199113,0.434329570683943,"LAA","Los Angeles Angels",2012,2012,39.6,0,1,1,39.6,0,0,0,0,0,0,162,89,73,0,0,16,0,0,0,767,5536,1518,187,699,0.499,0.258,3.94,285,48,7,0,0,5,1,0,0,0,178,0.4,105,4.47,9.6,1.1,2.8,4.9,1.77,2304,49,0,0,25,1,0,0,0,31684,0.16,11025,19.9809,92.16,1.21,7.84,24.01,3.1329,6.93,-1.88,6.93,-1.88,20,0,15,0,153,0,41,0,238.3,0.3,211,0,109,0,102,0,91,0,219,0,37.8,0,9,0,20,0,15,0,153,0,41,0,238.3,0.3,211,0,109,0,102,0,91,0,219,0,37.8,0,9,0,1,1,1,1,1,1,1,1,1,1,1,1,1,1,1,0,1,1,0,0,0,0,0,0,1,1,-0.0379868588198793,-0.00379868588198793,-0.447213595499958,-0.774596669241483,0,-0.156173761888606,-2.72074142594259,-3.09792775869681,-1.9156525704423,-1.68325082306035,-1.36277028773849,-1.55419597031882,-0.592046044255443,-0.460333333333333,-0.894427190999916,2.32379000772445,0,-0.156173761888606,114.271139889589,139.406749141357,38.3130514088461,28.6152639920259,17.7160137406004,35.7465073173328,-2.15504760108981,-0.635720333333333
"Marco Estrada","P",0.405043204922859,0.218780031821873,"TOR","Toronto Blue Jays",2018,2018,35.1,2,0,1,35.1,2,0,0,0,0,0,162,73,89,0,0,-16,0,0,0,709,5477,1336,217,832,0.496,0.261,4.23,304,28,0,0,0,29,0,2,0,3,627,0.333,75,5.44,9.7,1.8,3.1,6.5,2.06,784,0,0,0,841,0,4,0,9,393129,0.110889,5625,29.5936,94.09,3.24,9.61,42.25,4.2436,6.59,-1.53,6.59,-1.53,20,0,15,0,129,0,39,0,224.7,0.3,228,0,113,0,105,0,85,0,248,0,40.5,0,9,0,20,0,15,0,129,0,39,0,224.7,0.3,228,0,113,0,105,0,85,0,248,0,40.5,0,9,0,1,1,1,0,1,1,0,0,0,0,0,1,1,1,0,0,0,1,0,0,0,0,0,0,0,1,-0.155817877426324,-0.0623271509705296,-1.56524758424985,3.61478445646026,-2.46526253771175,0,9.55303748263542,10.2651257672541,8.56055990229073,8.7831006565368,5.4232614454664,-6.54050654050981,-0.88624049908714,-0.475666666666667,10.956733089749,50.6069823904436,69.0273510559289,0,1367.99496751339,1591.09449392438,779.010951108457,790.479059088312,271.16307227332,673.672173672511,4.99839641485147,-0.678776333333333
"Marco Estrada","P",0.478188877782707,0.627074108466176,"TOR","Toronto Blue Jays",2016,2017,33.6,0.5,0,2,34.1,1,1,0,0,0,0,162,76,86,0,0,-10,0,0,1,693,5499,1320,222,784,0.498,0.261,4.21,304,33,0,0,0,31,0,2,0,1,806,0.526,90,4.61,9,1.5,3.4,8.5,2.48,1089,0,0,0,961,0,4,0,1,649636,0.276676,8100,21.2521,81,2.25,11.56,72.25,6.1504,6.59,-1.53,6.59,-1.53,20,0,15,0,129,0,39,0,224.7,0.3,228,0,113,0,105,0,85,0,248,0,40.5,0,9,0,20,0,15,0,129,0,39,0,224.7,0.3,228,0,113,0,105,0,85,0,248,0,40.5,0,9,0,1,0,1,0,1,1,0,0,0,0,0,0,1,1,0,0,0,1,0,0,0,0,0,0,0,1,-0.662225979061877,1.12578416440519,-2.23606797749979,2.32379000772445,-2.90548799087456,0,12.4082749425292,12.3181509207049,9.78349703118941,10.0517707513699,7.70103125256229,11.1760111760168,-0.782531504513113,-0.460666666666667,22.3606797749979,20.91411006952,95.8811036988604,0,2307.93913931044,2291.17607125111,1017.4836912437,1035.3323873911,546.773218931923,1966.97796697895,3.8970068924753,-0.636641333333333
"Marcus Stroman","P",0.385727287929564,0.461475342196877,"CHC","Chicago Cubs",2022,2024,31.7,1.5,1,3,32.2,2,1,0,0,0,0,162,83,79,0,0,4,0,0,0,819,5504,1399,196,723,0.513,0.262,3.7,305,27,1,1,1,9,0,3,0,3,575,0.526,108,3.58,7.9,0.6,3.4,7.8,2.29,729,1,1,1,81,0,9,0,9,330625,0.276676,11664,12.8164,62.41,0.36,11.56,60.84,5.2441,8.29,-2.3,8.29,-2.3,22,0,18,0,148,0,36,0,229,0.3,210,0,110,0,103,0,95,0,236,0,108,0,12,0,22,0,18,0,148,0,36,0,229,0.3,210,0,110,0,103,0,95,0,236,0,108,0,12,0,1,1,1,1,1,1,0,0,0,0,0,0,1,1,0,0,0,1,0,0,0,0,0,0,1,1,-0.451508662570672,-0.586961261341874,-2.1320071635561,-2.12132034355964,-2.05498734131697,0,9.00034933819832,8.28078671210825,6.48354560687003,5.91197566898576,5.3350874308428,7.74624020335902,-0.380088927216504,-0.363441994454869,21.320071635561,19.0918830920368,51.3746835329242,0,1225.84757986261,993.69440545299,440.881101267162,354.718540139146,277.424546403826,921.802584199723,-1.50135126250519,-0.457573471018681
"Marcus Stroman","P",0.837843024357329,0.635774653599993,"NYM","New York Mets",2021,2021,30.2,0,0,1,30.2,0,0,0,0,0,0,162,77,85,0,0,-8,0,0,0,636,5210,1243,176,668,0.48,0.25,3.8,305,33,0,0,0,17,2,7,0,7,730,0.435,133,3.49,8.1,0.9,2.2,7.9,3.59,1089,0,0,0,289,4,49,0,49,532900,0.189225,17689,12.1801,65.61,0.81,4.84,62.41,12.8881,9.47,-1.32,9.47,-1.32,20,0,13,0,87,0,51,0,233.7,0.3,220,0,111,0,102,0,79,0,269,0,54,0,7,0,20,0,13,0,87,0,51,0,233.7,0.3,220,0,111,0,102,0,79,0,269,0,54,0,7,0,1,0,1,0,1,1,0,0,0,0,0,0,1,1,0,0,0,1,0,0,0,0,0,0,1,1,-1.10485154554718,3.75649525486041,-2.23606797749979,3.60555127546399,-3.53797136496472,0,11.709104306599,10.8546177856582,6.64410597026749,5.94088525786005,4.9503867640745,9.63343002142514,-0.410969945733622,-0.432769321595565,22.3606797749979,46.8721665810319,116.753055043836,0,2095.92967088122,1747.59346349097,465.087417918725,356.453115471603,217.817017619278,1522.08194338517,-1.24112923611554,-0.495520873226922
"Mark Leiter Jr","P",0.564061497997686,0.58295017629702,"CHC","Chicago Cubs",2024,2024,33.4,2,0,1,33.4,2,0,0,0,0,0,162,83,79,0,0,4,0,0,0,736,5441,1318,170,669,0.513,0.262,3.7,306,60,7,0,0,8,1,3,0,5,256,0.444,90,3.29,8.5,1.2,3.4,13.3,3.91,3600,49,0,0,64,1,9,0,25,65536,0.197136,8100,10.8241,72.25,1.44,11.56,176.89,15.2881,8.29,-2.3,8.29,-2.3,22,0,18,0,148,0,36,0,229,0.3,210,0,110,0,103,0,95,0,236,0,108,0,12,0,22,0,18,0,148,0,36,0,229,0.3,210,0,110,0,103,0,95,0,236,0,108,0,12,0,1,1,1,1,1,1,1,1,1,1,1,1,1,1,0,0,1,1,0,0,0,0,0,0,1,1,0.173657177911797,-0.0868285889558985,-0.852802865422442,-1.17851130197758,0,0,-3.83274788263952,-3.79536057638295,-3.24177280343501,-2.85745490667645,-2.25715237458734,-5.59812317217543,-0.433012701892219,-0.383360578741912,3.41121146168977,5.8925565098879,0,0,222.299377193092,208.744831701062,110.22027531679,82.8661922936171,49.6573522409215,481.438592807087,-1.94855715851499,-0.509102848569258
"Mark Leiter Jr","P",0.573232418424724,0.603952636783205,"CHC","Chicago Cubs",2023,2023,32.4,1,0,1,32.4,1,0,0,0,0,0,162,83,79,0,0,4,0,0,0,819,5504,1399,196,723,0.513,0.262,3.7,306,69,12,0,0,7,0,8,1,2,269,0.25,122,3.77,6.7,1,3.4,10.8,3.21,4761,144,0,0,49,0,64,1,4,72361,0.0625,14884,14.2129,44.89,1,11.56,116.64,10.3041,8.29,-2.3,8.29,-2.3,22,0,18,0,148,0,36,0,229,0.3,210,0,110,0,103,0,95,0,236,0,108,0,12,0,22,0,18,0,148,0,36,0,229,0.3,210,0,110,0,103,0,95,0,236,0,108,0,12,0,1,1,1,1,1,1,1,1,1,1,1,1,1,1,1,1,1,1,0,0,0,0,0,0,1,1,-0.277851484658875,-0.2222811877271,-0.21320071635561,-0.707106781186548,0,-0.666666666666667,-4.23584722891712,-3.3123146848433,-2.5743489909631,-2.46332319541073,-2.46234804500437,-5.01227307276172,-0.336787657027282,-0.323027475611596,-0.21320071635561,-2.12132034355964,0,-2.66666666666667,271.517807373588,158.991104872478,69.5074227560037,61.5830798852683,59.0963530801049,385.945026602652,-1.17875679959549,-0.361467745209376
"Mark Leiter Jr","P",0.553422179285551,0.558584915183998,"CHC","Chicago Cubs",2022,2022,31.4,0,0,1,31.4,0,0,0,0,0,0,162,74,88,0,0,-14,0,0,1,657,5425,1293,159,731,0.513,0.262,3.69,306,35,11,0,0,10,2,7,0,5,282,0.222,105,4.29,6.9,1.3,3.3,9.7,2.92,1225,121,0,0,100,4,49,0,25,79524,0.049284,11025,18.4041,47.61,1.69,10.89,94.09,8.5264,8.29,-2.3,8.29,-2.3,22,0,18,0,148,0,36,0,229,0.3,210,0,110,0,103,0,95,0,236,0,108,0,12,0,22,0,18,0,148,0,36,0,229,0.3,210,0,110,0,103,0,95,0,236,0,108,0,12,0,1,1,1,1,1,1,1,1,1,1,1,1,1,1,1,0,1,1,0,0,0,0,0,0,1,1,-0.312582920241235,-0.281324628217111,-0.426401432711221,-1.64991582276861,-0.328797974610715,-0.5,-4.4407009950582,-3.58834090858024,-3.0510802855859,-2.95598783449288,-2.56494588021289,-4.75189525080007,-0.383937929011101,-0.328512303168897,-0.852802865422442,11.5494107593803,-1.31519189844286,-1.5,298.415106867911,186.593727246173,97.6345691387487,88.6796350347864,64.1236470053221,346.888353308405,-1.53191233675429,-0.373847001006205
"Matt Albers","P",0.569020127977128,0.582018350698727,"MIL","Milwaukee Brewers",2018,2019,35.6,4,1,2,35.6,4,0,0,0,0,0,163,96,67,1,1,29,0,0,1,754,5542,1398,218,659,0.48,0.258,4.17,314,34,10,0,0,10,2,2,0,1,157,0.5,56,6.31,11.8,2.6,3.1,8.4,2.67,1156,100,0,0,100,4,4,0,1,24649,0.25,3136,39.8161,139.24,6.76,9.61,70.56,7.1289,5.64,-2.19,5.64,-2.19,17,0,16,0,97,0,46,0,212.3,0.3,214,0,108,0,99,0,86,0,243,0,54,0,9,0,17,0,16,0,97,0,46,0,212.3,0.3,214,0,108,0,99,0,86,0,243,0,54,0,9,0,1,0,1,1,1,1,1,1,1,1,1,1,1,1,0,0,1,1,0,0,0,0,0,0,0,1,0.715829132906541,1.21690952594112,-0.727606875108999,-0.75,0,-0.147441956154897,-2.34034229815616,-3.07613667161098,-2.79052630108319,-2.81410588272579,-1.29399327844126,-2.05280095711867,-0.998847484001585,-0.553333333333333,2.182820625327,2.25,0,-0.147441956154897,79.8056723671251,138.426150222494,80.9252627314125,78.7949647163222,15.5279193412951,65.6896306277974,7.33154053257163,-0.918533333333333
"Matt Albers","P",0.602520075868411,0.565434802905919,"CHW","Chicago White Sox",2016,2016,33.6,2,0,1,33.6,2,0,0,0,0,0,162,78,84,0,0,-6,0,0,1,686,5550,1428,168,715,0.504,0.261,3.75,314,58,11,0,0,10,1,3,0,4,237,0.25,64,5.8,11.7,1.8,3.3,5.3,1.58,3364,121,0,0,100,1,9,0,16,56169,0.0625,4096,33.64,136.89,3.24,10.89,28.09,2.4964,6.53,-1.96,6.53,-1.96,17,0,19,0,151,0,40,0,226.7,0,228,0,123,0,118,0,91,0,274,0,18,0,5.4,0,17,0,19,0,151,0,40,0,226.7,0,228,0,123,0,118,0,91,0,274,0,18,0,5.4,0,1,0,1,1,1,1,1,1,1,1,1,1,1,1,1,0,1,1,0,0,0,0,0,0,0,0,0.782660480194832,1.56532096038966,-0.485071250072666,-1.37649440322337,-0.0813788458771159,0,-3.39386950877776,-4.4371833961679,-3.9673463925367,-3.31406862443396,-1.99174118977164,-1.81236627999053,-1.48728126309571,-0.720805233877492,-0.970142500145332,8.25896641934022,-0.0813788458771159,0,173.426731898543,297.291287543249,174.563241271615,119.306470479623,37.8430826056613,54.3709883997159,9.3847447701339,1.2073487667448
"Matt Albers","P",0.570078979934259,0.596730900664295,"CHW","Chicago White Sox",2015,2015,32.6,1,1,1,32.6,1,0,0,0,0,0,162,76,86,0,0,-10,0,0,0,622,5533,1381,136,701,0.504,0.261,3.75,314,30,5,0,0,3,2,1,0,0,149,1,326,3.48,7.5,0.7,2.2,6.8,3.11,900,25,0,0,9,4,1,0,0,22201,1,106276,12.1104,56.25,0.49,4.84,46.24,9.6721,6.53,-1.96,6.53,-1.96,17,0,19,0,151,0,40,0,226.7,0,228,0,123,0,118,0,91,0,274,0,18,0,5.4,0,17,0,19,0,151,0,40,0,226.7,0,228,0,123,0,118,0,91,0,274,0,18,0,5.4,0,1,1,1,1,1,1,1,1,1,1,1,1,1,1,1,1,1,1,0,0,1,1,0,0,1,1,-0.547862336136383,-0.767007270590936,-0.485071250072666,0,0,0,-2.46404224609892,-2.05302515345082,-0.541001780800459,-0.460287308949162,-0.943456353049727,-1.6915418613245,-0.285199735078574,-0.460885018198683,-0.970142500145332,0,0,0,91.41596733027,63.6437797569754,-3.24601068480276,-2.30143654474581,8.49110717744754,47.3631721170859,-0.345091679445075,-0.493607854490789
"Matt Albers","P",0.526729799772976,0.497456302145083,"HOU","Houston Astros",2014,2014,31.6,0,1,1,31.6,0,0,0,0,0,0,162,70,92,0,0,-22,0,0,0,629,5447,1317,163,723,0.487,0.254,3.82,314,8,1,0,0,0,0,1,0,0,42,0,446,2.73,9,0,2.7,7.2,2.67,64,1,0,0,0,0,1,0,0,1764,0,198916,7.4529,81,0,7.29,51.84,7.1289,7.38,-1.76,7.38,-1.76,21,0,17,0,116,0,38,0,232,1,211,0,111,0,100,0,88,0,326,0,36,0,6,0,21,0,17,0,116,0,38,0,232,1,211,0,111,0,100,0,88,0,326,0,36,0,6,0,1,1,1,1,1,1,1,1,1,1,1,1,1,1,1,1,1,1,1,1,1,1,1,1,1,1,-0.184052543458078,-0.0920262717290388,0,0,0,0,-0.656532164298613,-0.688428390821514,-0.0949157995752499,-0.1,-0.319801074533416,-0.443079020497369,-0.15,-0.530722777603022,0,0,0,0,-6.56532164298613,-6.88428390821514,-0.0949157995752499,-0.1,-0.959403223600247,-3.54463216397895,-0.135,-0.689939610883929
"Matt Moore","P",0.568461091465498,0.59302575035724,"LAA","Los Angeles Angels",2023,2023,34.2,3,1,1,34.2,3,0,0,0,0,0,162,73,89,0,0,-16,0,0,0,739,5489,1346,231,829,0.497,0.256,4,324,50,4,0,0,7,3,3,0,1,218,0.833,177,3.73,7.9,1.2,2.6,10.3,4,2500,16,0,0,49,9,9,0,1,47524,0.693889,31329,13.9129,62.41,1.44,6.76,106.09,16,6.93,-1.88,6.93,-1.88,20,0,15,0,153,0,41,0,238.3,0.3,211,0,109,0,102,0,91,0,219,0,37.8,0,9,0,20,0,15,0,153,0,41,0,238.3,0.3,211,0,109,0,102,0,91,0,219,0,37.8,0,9,0,1,0,1,1,1,1,1,1,1,1,1,1,1,1,0,1,1,1,0,0,0,0,0,0,1,1,-0.683763458757828,1.23077422576409,-1.11803398874989,-0.258198889747161,0,0,-3.38149291510008,-3.16677059777897,-1.53252205635384,-1.48522131446501,-1.57242725508288,-4.05442427039692,-0.416384031124708,-0.386,5.59016994374947,-0.258198889747161,0,0,176.513930168224,145.671447497832,24.5203529016615,22.2783197169752,23.5864088262432,243.265456223815,-1.06594311967925,-0.446988
"Matt Moore","P",0.632828530272146,0.740434573810539,"TEX","Texas Rangers",2022,2022,33.2,2,1,1,33.2,2,0,0,0,0,0,162,68,94,0,0,-26,0,0,1,707,5478,1308,198,743,0.475,0.258,4.29,324,63,18,0,0,3,2,1,0,8,304,0.714,205,2.98,6,0.4,4.6,10.1,2.18,3969,324,0,0,9,4,1,0,64,92416,0.509796,42025,8.8804,36,0.16,21.16,102.01,4.7524,7.73,-1.77,7.73,-1.77,18,0,14,0,113,0,43,0,223.3,0.3,221,0,114,0,106,0,89,0,277,0,108,0,21,0,18,0,14,0,113,0,43,0,223.3,0.3,221,0,114,0,106,0,89,0,277,0,108,0,21,0,1,0,1,1,1,1,1,1,1,1,1,1,1,1,0,1,1,0,0,0,0,0,0,0,1,1,-0.863220001518728,2.07172800364495,-1.17851130197758,-0.534522483824849,0,-0.762492851663023,-4.95207664962416,-3.29609669058193,-1.87317162316339,-1.55405737977162,-4.02799194402417,-4.98698667544671,-0.187638837486628,-0.256624238917527,5.8925565098879,-1.0690449676497,0,3.81246425831512,366.453672072187,161.508737838515,37.4634324632678,24.864918076346,153.063693872918,413.919894062077,-0.365895733098925,-0.301790104967012
"Matt Moore","P",0.529379512862423,0.503524449274214,"PHI","Philadelphia Phillies",2021,2021,32.2,1,1,1,32.2,1,0,0,0,0,0,162,82,80,0,0,2,0,0,0,734,5366,1288,198,745,0.472,0.261,3.99,324,24,5,0,0,15,4,2,0,3,334,0.333,67,5.76,9.6,1.8,4.7,7.8,1.66,576,25,0,0,225,16,4,0,9,111556,0.110889,4489,33.1776,92.16,3.24,22.09,60.84,2.7556,9.69,-1.47,9.69,-1.47,17,0,18,0,116,0,39,0,232.7,0.3,214,0,122,0,109,0,96,0,238,0,37.8,0,5,0,17,0,18,0,116,0,39,0,232.7,0.3,214,0,122,0,109,0,96,0,238,0,37.8,0,5,0,1,1,1,1,1,1,1,1,1,1,1,1,1,1,1,0,0,1,0,0,0,0,0,0,0,0,0.192747769860971,-0.115648661916582,-0.485071250072666,-0.942809041582063,-1.20701969815084,0,-4.78547077666992,-5.33197023079237,-4.888930286296,-4.88491405462787,-3.8783587594067,-4.08368345837864,-1.02306857647438,-0.710622403249433,-0.970142500145332,3.77123616632825,15.6912560759609,0,349.339366696904,415.893678001805,264.002235459984,249.130616786021,147.377632857455,257.272057877854,6.43510134602384,1.12917899876335
"Matt Moore","P",0.572022678563287,0.601182193637337,"DET","Detroit Tigers",2019,2019,30.2,0,1,1,30.2,0,0,0,0,0,0,161,47,114,0,0,-67,0,0,0,582,5549,1333,149,915,0.504,0.265,3.99,324,2,0,0,0,0,0,0,0,0,33,0,0,1.71,2.7,0,0.9,8.1,9,4,0,0,0,0,0,0,0,0,1089,0,0,2.9241,7.29,0,0.81,65.61,81,8.62,-1.73,8.62,-1.73,24,0,17,0,116,0,49,0,251,0.3,229,0,117,0,108,0,75,0,252,0,27,0,4,0,24,0,17,0,116,0,49,0,251,0.3,229,0,117,0,108,0,75,0,252,0,27,0,4,0,1,1,1,1,1,1,1,1,1,1,1,1,1,1,1,1,1,1,1,1,1,1,1,1,1,1,-0.23842094615156,-0.166894662306092,0,0,-0.185695338177052,0,-0.631194403097803,-0.198245580136527,0,0,-0.115470053837925,-0.566946709513841,0,-0.2,0,0,-0.371390676354104,0,-6.31194403097803,-0.594736740409581,0,0,-0.115470053837925,-5.10252038562457,0,-0.08
"Matt Strahm","P",0.47084172502126,0.552353321455776,"PHI","Philadelphia Phillies",2023,2024,32.3,1.5,1,2,32.8,2,1,0,0,0,0,162,95,67,1,1,28,0,0,0,784,5534,1423,198,671,0.474,0.26,3.99,326,66,10,0,0,4,1,6,0,2,237,0.75,225,2.29,5.2,0.6,1.6,11.3,7.18,4356,100,0,0,16,1,36,0,4,56169,0.5625,50625,5.2441,27.04,0.36,2.56,127.69,51.5524,9.69,-1.47,9.69,-1.47,17,0,18,0,116,0,39,0,232.7,0.3,214,0,122,0,109,0,96,0,238,0,37.8,0,5,0,17,0,18,0,116,0,39,0,232.7,0.3,214,0,122,0,109,0,96,0,238,0,37.8,0,5,0,1,0,1,1,1,1,1,1,1,1,1,1,1,1,0,1,1,1,0,0,0,0,0,0,1,1,-0.835240336064206,2.17162487376694,-1.455213750218,-0.471404520791032,0,-0.480384461415261,-4.07748331929958,-2.46090933728879,-1.26750044459526,-1.2451741707875,-1.12268279877562,-5.1208094160621,-0.304155522735626,-0.335410196624968,8.73128250130799,-0.942809041582063,0,-1.44115338424578,253.619462460434,88.5927361423964,17.7450062243336,16.1872642202375,12.3495107865319,404.543943868906,-0.568770827515621,-0.251557647468726
"Matt Strahm","P",0.701422148829348,0.714634708253734,"BOS","Boston Red Sox",2022,2022,30.8,0,1,1,30.8,0,0,0,0,0,0,162,78,84,0,0,-6,0,0,1,735,5539,1427,155,787,0.518,0.267,3.92,326,50,10,0,0,5,1,5,1,2,193,0.5,110,3.72,7.7,1,3.4,10.5,3.06,2500,100,0,0,25,1,25,1,4,37249,0.25,12100,13.8384,59.29,1,11.56,110.25,9.3636,6.45,-1.85,6.45,-1.85,22,0,17,0,127,0,42,0,230,0.3,235,0,125,0,114,0,75,0,237,0,27,0,6,0,22,0,17,0,127,0,42,0,230,0.3,235,0,125,0,114,0,75,0,237,0,27,0,6,0,1,1,1,1,1,1,1,1,1,1,1,1,1,1,0,0,1,1,0,0,0,0,0,0,0,1,-0.118124884643724,-0.0354374653931171,-0.852802865422442,-0.970142500145332,0,-0.617213399848368,-2.91446169240938,-2.47884667760308,-2.1466252583998,-1.77951304200522,-1.96299091524473,-3.37776297280048,-0.737083843665422,-0.502553645561015,3.41121146168977,3.88057000058133,0,-2.46885359939347,128.819206804495,94.1961737489171,51.5190062015952,33.8107477980992,33.3708455591604,175.643674585625,2.82303112123857,-0.61864353768561
"Max Scherzer","P",0,0.0924887794173616,"TEX","Texas Rangers",2023,2025,40,11,1,3,40,11,0,0,0,0,0,162,78,84,0,0,-6,0,0,1,683,5472,1302,176,738,0.476,0.258,4.29,328,9,0,0,0,7,0,1,0,2,177,0.333,97,4.18,8.3,1.5,2.1,8.3,4,81,0,0,0,49,0,1,0,4,31329,0.110889,9409,17.4724,68.89,2.25,4.41,68.89,16,7.73,-1.77,7.73,-1.77,18,0,14,0,113,0,43,0,223.3,0.3,221,0,114,0,106,0,89,0,277,0,108,0,21,0,18,0,14,0,113,0,43,0,223.3,0.3,221,0,114,0,106,0,89,0,277,0,108,0,21,0,1,1,1,1,1,1,1,1,1,1,1,1,1,1,1,0,0,1,0,0,0,0,0,0,1,1,-0.107902500189841,-0.0323707500569523,-0.471404520791032,-1.0690449676497,-0.846648781545237,0,-2.88425004863245,-2.69069117598525,-1.87317162316339,-1.8454431384788,-1.05999788000636,-2.40336707250444,-0.380088927216504,-0.251823445332335,-0.942809041582063,4.27617987059879,7.61983903390714,0,124.311177096058,107.62764703941,37.4634324632678,35.0634196310972,10.5999788000636,96.1346829001775,-1.50135126250519,-0.290604255913515
"Max Scherzer","P",0.575885852974882,0.585652566937911,"NYM","New York Mets",2022,2024,38.5,7.5,1,3,39,8,0,0,0,0,0,162,75,87,0,0,-12,0,0,0,717,5363,1276,215,729,0.482,0.25,3.8,328,27,0,0,0,28,0,4,0,2,621,0.684,112,4.32,7.4,1.7,2.7,10.3,3.87,729,0,0,0,784,0,16,0,4,385641,0.467856,12544,18.6624,54.76,2.89,7.29,106.09,14.9769,9.47,-1.32,9.47,-1.32,20,0,13,0,87,0,51,0,233.7,0.3,220,0,111,0,102,0,79,0,269,0,54,0,7,0,20,0,13,0,87,0,51,0,233.7,0.3,220,0,111,0,102,0,79,0,269,0,54,0,7,0,1,0,0,1,1,1,0,0,0,0,0,0,1,1,0,0,0,1,0,0,0,0,0,0,1,1,-1.00736464446949,3.12283039785541,2.90688837074973,-1.66410058867569,-2.89470384406205,0,9.95600936013614,8.49491826703685,6.16952697239124,6.33694427505072,5.06289555416711,10.6089672387846,-0.513032018349588,-0.423320209770335,37.7895488197464,9.98460353205413,78.1570037896752,0,1515.30462461272,1070.35970164664,401.019253205431,405.564433603246,227.83029993752,1845.96029954853,-1.93413070917795,-0.474118634942775
"Michael Lorenzen","P",0.494792762875467,0.424316821672852,"DET","Detroit Tigers",2023,2023,31.6,1,1,1,31.6,1,1,0,0,0,0,162,78,84,0,0,-6,0,0,0,661,5478,1292,165,740,0.503,0.264,4,330,29,2,1,1,20,0,2,1,4,624,0.5,104,4.46,8.1,1.2,2.8,6.5,2.36,841,4,1,1,400,0,4,1,16,389376,0.25,10816,19.8916,65.61,1.44,7.84,42.25,5.5696,8.62,-1.73,8.62,-1.73,24,0,17,0,116,0,49,0,251,0.3,229,0,117,0,108,0,75,0,252,0,27,0,4,0,24,0,17,0,116,0,49,0,251,0.3,229,0,117,0,108,0,75,0,252,0,27,0,4,0,1,1,1,0,1,1,0,0,0,0,0,1,1,1,0,0,0,1,0,0,0,0,0,0,0,1,-0.613082432961154,-1.10354837933008,-1.83711730708738,2.182820625327,-2.32119172721315,-0.142857142857143,9.65727436739639,9.11929668628024,7.02620248551957,6.83197818541057,5.42709253038248,-6.9923427506707,-0.804441375070879,-0.6045,16.5340557637865,19.645385627943,58.0297931803287,-0.142857142857143,1477.56297821165,1258.46294270667,533.991388899487,485.070451164151,255.073348927977,776.150045324448,3.36256494779627,-0.7308405
"Michael Lorenzen","P",0.573045948535583,0.603525599332634,"LAA","Los Angeles Angels",2022,2022,30.6,0,1,1,30.6,0,0,0,0,0,0,162,73,89,0,0,-16,0,0,0,623,5423,1265,190,668,0.498,0.257,3.98,330,18,0,0,0,11,0,4,0,3,411,0.571,95,4.31,7.5,1,4.1,7.8,1.93,324,0,0,0,121,0,16,0,9,168921,0.326041,9025,18.5761,56.25,1,16.81,60.84,3.7249,6.93,-1.88,6.93,-1.88,20,0,15,0,153,0,41,0,238.3,0.3,211,0,109,0,102,0,91,0,219,0,37.8,0,9,0,20,0,15,0,153,0,41,0,238.3,0.3,211,0,109,0,102,0,91,0,219,0,37.8,0,9,0,1,1,1,1,1,1,1,1,1,1,1,1,1,1,0,0,0,1,0,0,0,0,0,0,1,1,-0.341881729378914,-0.307693556441022,-1.78885438199983,-1.54919333848297,-1.455213750218,0,-6.29657301432428,-5.57626996565427,-4.59756616906153,-4.5546786976927,-4.61245328157644,-5.74376771639563,-0.689636051550297,-0.426666666666667,14.3108350559987,9.2951600308978,26.193847503924,0,612.02689699232,451.677867217995,220.683176114953,209.515220093864,202.947944389363,488.220255893629,-2.92405685857326,-0.546133333333333
"Michael Pineda","P",0.728056862720202,0.728811738774694,"DET","Detroit Tigers",2022,2022,33.6,6,1,1,33.6,6,0,0,0,0,0,162,66,96,0,0,-30,0,0,0,557,5378,1240,110,713,0.503,0.265,4,331,11,0,0,0,13,0,0,0,0,200,0.222,68,6.13,11.2,2.5,1.5,5,3.25,121,0,0,0,169,0,0,0,0,40000,0.049284,4624,37.5769,125.44,6.25,2.25,25,10.5625,8.62,-1.73,8.62,-1.73,24,0,17,0,116,0,49,0,251,0.3,229,0,117,0,108,0,75,0,252,0,27,0,4,0,24,0,17,0,116,0,49,0,251,0.3,229,0,117,0,108,0,75,0,252,0,27,0,4,0,1,1,1,1,1,1,1,1,1,1,1,1,1,1,1,0,0,1,0,0,0,0,0,0,0,1,0.170300675822543,-0.0851503379112715,-0.408248290463863,-1.69774937525433,-1.02132435997379,0,-2.91611814231185,-3.83274788263952,-2.86595101383035,-2.88675134594813,-0.923760430703401,-1.63784604970665,-1.11428601953598,-0.707,-0.816496580927726,11.8842456267803,11.2345679597116,0,134.724658174808,222.299377193092,88.8444814287409,86.6025403784439,7.39008344562721,42.5839972923729,6.45171605311331,-0.999698
"Michael Pineda","P",0.40096595292123,0.420622519288557,"MIN","Minnesota Twins",2020,2021,31.6,2,0,2,31.6,2,0,0,0,0,0,60,36,24,1,1,12,0,0,0,269,1937,468,91,215,0.481,0.263,3.99,331,5,0,0,0,0,0,1,0,0,111,1,129,2.22,8.4,0,2.4,8.4,3.57,25,0,0,0,0,0,1,0,0,12321,1,16641,4.9284,70.56,0,5.76,70.56,12.7449,5.35,-2.14,5.35,-2.14,16,0,14,0,138,0,36,0,211.3,1,221,0,112,0,103,0,87,0,234,0,45,0,5,0,16,0,14,0,138,0,36,0,211.3,1,221,0,112,0,103,0,87,0,234,0,45,0,5,0,1,1,1,1,1,1,1,1,1,1,1,1,1,1,1,1,1,1,0,0,0,0,0,0,1,1,-0.172935080466847,-0.0691740321867387,-0.5,0,-0.425628265379374,0,-1.80240151098887,-1.68168198499078,-0.944911182523068,-0.985329278164293,-0.750478774386456,-1.63430112615153,-0.503860650929953,-0.536656314599949,-1,0,-2.12814132689687,0,47.2229195879084,42.0420496247695,9.44911182523068,9.85329278164293,5.25335142070519,40.8575281537883,-1.70304900014324,-0.643987577519939
"Michael Pineda","P",0.642914754045068,0.701680034328026,"MIN","Minnesota Twins",2018,2019,30.6,1,1,2,30.6,1,0,0,0,0,0,162,101,61,1,1,40,0,0,0,939,5732,1547,307,754,0.481,0.263,3.99,331,26,0,0,0,23,1,5,0,8,600,0.688,113,4.02,8.7,1.4,1.7,8.6,5,676,0,0,0,529,1,25,0,64,360000,0.473344,12769,16.1604,75.69,1.96,2.89,73.96,25,5.35,-2.14,5.35,-2.14,16,0,14,0,138,0,36,0,211.3,1,221,0,112,0,103,0,87,0,234,0,45,0,5,0,16,0,14,0,138,0,36,0,211.3,1,221,0,112,0,103,0,87,0,234,0,45,0,5,0,0,0,0,1,1,1,0,0,0,0,1,0,1,1,0,0,0,1,0,0,0,0,0,0,1,1,1.1240780230345,2.92260285988971,2.75,-1.33630620956212,-2.21326697997275,0,10.0439168169609,9.484686395348,6.42539604115686,6.40464030806791,-3.00191509754583,9.15208630644859,-0.597775505984944,-0.517873343588951,30.25,6.68153104781061,57.5449414792914,0,1466.41185527629,1337.34078174407,436.926930798667,416.301620024414,84.0536227312831,1281.2920829028,-2.39707977899962,-0.599697331876006
"Mike Clevinger","P",0.514986899411503,0.470563712377548,"CHW","Chicago White Sox",2024,2024,33.7,1,0,1,33.7,1,0,0,0,0,0,162,41,121,0,0,-80,0,0,0,507,5383,1187,133,813,0.5,0.26,3.8,337,4,0,0,0,4,1,0,0,2,78,0,62,6.23,12.4,2.3,5.1,8.4,1.67,16,0,0,0,16,1,0,0,4,6084,0,3844,38.8129,153.76,5.29,26.01,70.56,2.7889,6.53,-1.96,6.53,-1.96,17,0,19,0,151,0,40,0,226.7,0,228,0,123,0,118,0,91,0,274,0,18,0,5.4,0,17,0,19,0,151,0,40,0,226.7,0,228,0,123,0,118,0,91,0,274,0,18,0,5.4,0,1,1,1,1,1,1,1,1,1,1,1,1,1,1,1,1,1,1,0,0,0,0,0,0,0,0,0.0391330240097416,-0.00391330240097416,0,-0.688247201611685,-0.325515383508464,0,-1.06265972877581,-1.45698559277155,-1.17217052506766,-1.10468954147799,-0.943456353049727,-0.906183139995265,-1.59099025766973,-0.83398241388333,0,-2.06474160483506,-1.30206153403386,0,17.002555660413,32.0536830409741,15.2382168258796,13.2562744977359,8.49110717744754,13.592747099929,10.7391842392707,1.61625791810589
"Mike Clevinger","P",0.428765202331523,0.273106128879696,"CHW","Chicago White Sox",2023,2023,32.7,0,1,1,32.7,0,0,0,0,0,0,162,61,101,0,0,-40,0,0,0,641,5501,1308,171,841,0.502,0.26,3.79,337,24,0,2,0,16,0,9,0,6,549,0.5,117,4.28,8.3,1.1,2.7,7.5,2.75,576,0,4,0,256,0,81,0,36,301401,0.25,13689,18.3184,68.89,1.21,7.29,56.25,7.5625,6.53,-1.96,6.53,-1.96,17,0,19,0,151,0,40,0,226.7,0,228,0,123,0,118,0,91,0,274,0,18,0,5.4,0,17,0,19,0,151,0,40,0,226.7,0,228,0,123,0,118,0,91,0,274,0,18,0,5.4,0,0,0,0,1,1,1,0,0,1,1,1,1,1,1,0,0,0,1,0,0,0,0,0,0,0,1,1.25225676831173,4.00722165859754,2.182820625327,-2.06474160483506,-1.95309230105078,0,8.70716815265683,8.01342076024351,-5.04934995413762,-5.06316039844078,-4.19313934688767,-6.64534302663195,-0.888597521691095,-0.527586398050032,19.645385627943,18.5826744435155,46.8742152252188,0,1141.50974481331,969.623911989465,282.763597431707,278.473821914243,167.725573875507,730.987732929514,3.35001265677543,-0.64682092400934
"Mike Pelfrey","P",0.773569609592361,0.873862789516566,"CHW","Chicago White Sox",2017,2017,33.6,5,1,1,33.6,5,0,0,0,0,0,162,67,95,0,0,-28,0,0,1,706,5513,1412,186,820,0.503,0.26,3.76,339,34,4,0,0,25,4,10,0,1,546,0.2,73,6.35,9.5,1.9,4.7,5.9,1.27,1156,16,0,0,625,16,100,0,1,298116,0.04,5329,40.3225,90.25,3.61,22.09,34.81,1.6129,6.53,-1.96,6.53,-1.96,17,0,19,0,151,0,40,0,226.7,0,228,0,123,0,118,0,91,0,274,0,18,0,5.4,0,17,0,19,0,151,0,40,0,226.7,0,228,0,123,0,118,0,91,0,274,0,18,0,5.4,0,1,1,1,0,1,1,0,0,0,0,0,1,1,1,0,0,0,1,0,0,0,0,0,0,0,1,0.430463264107158,-0.473509590517874,-0.727606875108999,2.75298880644674,-1.70895576341943,0,7.96994796581861,8.41078046736303,7.84452582160666,7.27253948139675,6.49936598767589,-4.7725645373084,-1.39771440414541,-0.677772085586298,2.182820625327,33.0358656773609,35.8880710318081,0,956.393755898233,1068.1691193551,682.473746479779,574.530619030344,402.960691235905,377.032598447363,8.28844641658228,-1.06749103479842
"Mike Pelfrey","P",0.375942005840159,0.30875012319325,"MIN","Minnesota Twins",2014,2015,31.1,1.5,0,2,31.6,2,0,0,0,0,0,162,83,79,0,0,4,0,0,0,696,5467,1349,156,700,0.48,0.263,3.97,339,30,0,0,0,11,1,12,0,5,714,0.353,95,4,10.8,0.6,2.5,4.7,1.91,900,0,0,0,121,1,144,0,25,509796,0.124609,9025,16,116.64,0.36,6.25,22.09,3.6481,5.35,-2.14,5.35,-2.14,16,0,14,0,138,0,36,0,211.3,1,221,0,112,0,103,0,87,0,234,0,45,0,5,0,16,0,14,0,138,0,36,0,211.3,1,221,0,112,0,103,0,87,0,234,0,45,0,5,0,1,0,1,0,1,1,0,0,0,0,0,1,1,1,0,0,0,1,0,0,0,0,0,0,1,1,-0.648506551750675,0.972759827626013,-1.5,2.93987366103667,-2.55376959227625,0,11.2959667215409,13.318921321127,8.12623616969839,7.68556836968149,4.82450640677008,-5.62199587396127,-0.63504330560994,-0.660087266957938,9,32.3386102714034,76.6130877682874,0,1854.79773567702,2637.14642158314,698.856310594061,599.474332835156,217.102788304653,483.49164516067,-2.70528448189835,-0.974288806029916
"Mike Pelfrey","P",0.643391113441223,0.60800892399309,"MIN","Minnesota Twins",2013,2013,29.6,0,1,1,29.6,0,0,0,0,0,0,162,66,96,0,0,-30,0,0,0,617,5577,1335,151,798,0.481,0.263,3.96,339,29,0,0,0,13,0,6,0,1,680,0.278,79,3.99,10.8,0.8,3.1,6,1.91,841,0,0,0,169,0,36,0,1,462400,0.077284,6241,15.9201,116.64,0.64,9.61,36,3.6481,5.35,-2.14,5.35,-2.14,16,0,14,0,138,0,36,0,211.3,1,221,0,112,0,103,0,87,0,234,0,45,0,5,0,16,0,14,0,138,0,36,0,211.3,1,221,0,112,0,103,0,87,0,234,0,45,0,5,0,1,1,1,0,1,1,0,0,0,0,0,1,1,1,0,0,0,1,0,0,0,0,0,0,0,1,-0.0864675402334234,-0.0172935080466847,-1.25,3.47439614486152,-2.46864393920037,0,10.4704393119277,12.3771794095321,8.69318287921222,8.67089764784578,5.68219643464031,-6.6025765496522,-0.773679520214927,-0.694075500215935,6.25,45.1671498831997,71.5906742368108,0,1593.6008632754,2277.40101135392,799.772824887525,763.038993010429,301.156411035937,666.860231514872,4.01539670991547,-1.07720517633513
"Nathan Eovaldi","P",0.753098389623984,0.58941162619382,"TEX","Texas Rangers",2023,2024,34,9.5,1,2,34.5,10,1,0,0,0,0,162,78,84,0,0,-6,0,0,1,683,5472,1302,176,738,0.476,0.258,4.29,343,29,0,0,0,23,0,7,0,3,696,0.6,100,3.83,7.8,1.2,2.2,8.8,3.95,841,0,0,0,529,0,49,0,9,484416,0.36,10000,14.6689,60.84,1.44,4.84,77.44,15.6025,7.73,-1.77,7.73,-1.77,18,0,14,0,113,0,43,0,223.3,0.3,221,0,114,0,106,0,89,0,277,0,108,0,21,0,18,0,14,0,113,0,43,0,223.3,0.3,221,0,114,0,106,0,89,0,277,0,108,0,21,0,1,0,0,0,1,1,0,0,0,0,1,0,1,1,0,0,0,1,0,0,0,0,0,0,1,1,-0.647415001139046,1.16534700205028,2.82842712474619,2.1380899352994,-2.72809051831243,0,11.3897762941356,9.88829007174579,6.93073500570453,6.9932582089723,-4.45199109602671,9.97397335089342,-0.365655170486763,-0.241567204491244,33.9411254969543,17.1047194823952,79.1146250310605,0,1938.53992526187,1453.57864054663,512.874390422136,503.514591046006,186.983626033122,1655.67957624831,-1.3894896478497,-0.267414895371807
"Nathan Eovaldi","P",0.547485882918934,0.656670945854435,"BOS","Boston Red Sox",2022,2025,32.5,5,0,4,32.5,5,0,0,0,0,0,162,78,84,0,0,-6,0,0,1,735,5539,1427,155,787,0.518,0.267,3.92,343,20,0,2,1,21,0,1,0,2,460,0.667,109,4.3,9.5,1.7,1.6,8.5,5.15,400,0,4,1,441,0,1,0,4,211600,0.444889,11881,18.49,90.25,2.89,2.56,72.25,26.5225,6.45,-1.85,6.45,-1.85,22,0,17,0,127,0,42,0,230,0.3,235,0,125,0,114,0,75,0,237,0,27,0,6,0,22,0,17,0,127,0,42,0,230,0.3,235,0,125,0,114,0,75,0,237,0,27,0,6,0,1,0,1,1,1,1,1,1,1,1,1,1,1,1,0,0,0,1,0,0,0,0,0,0,0,1,-0.629999384766526,1.00799901562644,-1.27920429813366,-0.727606875108999,-1.77471301883223,0,-7.19384096474804,-7.50177284011459,-4.91934955049954,-4.40195331443396,-2.3094010767585,-6.6905689653548,-0.744781847254617,-0.504186638722871,7.67522578880198,2.182820625327,35.4942603766446,0,784.848049254011,862.703876613177,270.564225277475,206.891805778396,46.1880215351701,689.128603431544,2.88230574887537,-0.622670498822745
"Nathan Eovaldi","P",0.380667511200164,0.552353321455776,"BOS","Boston Red Sox",2019,2022,30.5,2,0,4,31.5,3,3,1,1,1,1,162,92,70,0,1,22,0,0,0,829,5495,1434,219,749,0.519,0.267,3.91,343,32,0,0,0,15,2,7,0,6,764,0.55,125,2.79,9,0.7,1.7,9.6,5.57,1024,0,0,0,225,4,49,0,36,583696,0.3025,15625,7.7841,81,0.49,2.89,92.16,31.0249,6.45,-1.85,6.45,-1.85,22,0,17,0,127,0,42,0,230,0.3,235,0,125,0,114,0,75,0,237,0,27,0,6,0,22,0,17,0,127,0,42,0,230,0.3,235,0,125,0,114,0,75,0,237,0,27,0,6,0,0,0,1,0,1,1,0,0,0,0,1,0,1,1,0,0,0,1,0,0,0,0,0,0,0,1,1.69312334656004,7.28043039020817,-2.34520787991171,2.182820625327,-2.83954083013156,0,12.0073184205373,11.8723709295726,7.24486024709932,7.11805216802087,-4.04145188432738,12.6666111480018,-0.721687836487032,-0.485815465651997,25.7972866790289,19.645385627943,90.8653065642101,0,2186.53268437984,2160.77150918222,586.833680015045,540.971964769586,141.450815951458,2469.98917386035,2.70632938682637,-0.578120404125876
"Nick Burdi","P",0.544214698759336,0.53749872787405,"NYY","New York Yankees",2024,2024,30,1,1,1,30,1,0,0,0,0,0,162,94,68,1,1,26,1,0,0,815,5450,1352,237,668,0.569,0.265,3.66,348,12,1,0,0,1,0,2,0,3,45,1,224,5.44,4.7,0.9,8.4,11.2,1.33,144,1,0,0,1,0,4,0,9,2025,1,50176,29.5936,22.09,0.81,70.56,125.44,1.7689,6.43,-1.51,6.43,-1.51,19,0,15,0,137,0,42,0,237.3,0.3,230,0,122,0,112,0,83,0,257,0,27,0,10.5,0,19,0,15,0,137,0,42,0,237.3,0.3,230,0,122,0,112,0,83,0,257,0,27,0,10.5,0,1,1,1,1,1,1,1,1,1,1,1,1,1,1,1,1,1,1,1,1,1,1,0,0,1,1,-0.118308451008765,-0.0354925353026295,-0.229415733870562,0,0,0,-0.59722634644806,-0.329690236697893,-0.181071492085037,-0.188982236504614,-0.987878339907213,-0.748539433862166,-0.357957166897568,-0.446862501490218,-0.229415733870562,0,0,0,-5.49448238732215,-1.64845118348947,-0.362142984170074,-0.377964473009227,8.89090505916492,8.982473206346,-0.665800330429476,-0.647056902157836
"Nick Burdi","P",0.560482413465801,0.574753661884355,"CHC","Chicago Cubs",2023,2023,29,0,0,1,29,0,0,0,0,0,0,162,83,79,0,0,4,0,0,0,819,5504,1399,196,723,0.513,0.262,3.7,348,3,2,0,0,0,0,0,0,1,15,0,53,3.59,9,0,9,12,1.33,9,4,0,0,0,0,0,0,1,225,0,2809,12.8881,81,0,81,144,1.7689,8.29,-2.3,8.29,-2.3,22,0,18,0,148,0,36,0,229,0.3,210,0,110,0,103,0,95,0,236,0,108,0,12,0,22,0,18,0,148,0,36,0,229,0.3,210,0,110,0,103,0,95,0,236,0,108,0,12,0,1,1,1,1,1,1,1,1,1,1,1,1,1,1,1,1,1,1,1,1,1,1,1,1,0,1,0.0347314355823594,-0.00347314355823594,0,0,0,0,-0.198245580136527,-0.207019667802706,-0.286038776773678,-0.295598783449288,-0.307793505625546,-0.260377821961648,-0.866025403784439,-0.577350269189626,0,0,0,0,-0.594736740409581,-0.621059003408119,-0.858116330321033,-0.886796350347864,-0.923380516876639,-1.04151128784659,7.79422863405995,-1.15470053837925
"Pat Neshek","P",0.584163137684609,0.60654026972361,"PHI","Philadelphia Phillies",2018,2019,37.9,5,1,2,37.9,5,0,0,0,0,0,162,80,82,0,0,-2,0,0,1,677,5424,1270,186,728,0.472,0.261,3.98,355,30,8,0,0,2,1,0,0,1,101,0.6,161,3.61,8.5,0.7,1.8,5.5,3,900,64,0,0,4,1,0,0,1,10201,0.36,25921,13.0321,72.25,0.49,3.24,30.25,9,9.69,-1.47,9.69,-1.47,17,0,18,0,116,0,39,0,232.7,0.3,214,0,122,0,109,0,96,0,238,0,37.8,0,5,0,17,0,18,0,116,0,39,0,232.7,0.3,214,0,122,0,109,0,96,0,238,0,37.8,0,5,0,1,1,1,1,1,1,1,1,1,1,1,1,1,1,0,1,1,0,0,0,0,1,1,0,1,1,-0.224872398171132,-0.157410678719793,-0.727606875108999,-0.471404520791032,0,-0.800640769025436,-1.57986090024308,-1.57224763215673,-0.814821714382667,-0.670478399654806,-0.510310363079829,-0.972305585328247,-0.42126353148945,-0.514742848420452,2.182820625327,-0.942809041582063,0,4.00320384512718,38.0746476958583,36.1616955396047,7.333395429444,-4.69334879758364,-2.55155181539914,14.5845837799237,-1.09107254655768,-0.59246901853194
"Pat Neshek","P",0.585153906239785,0.608144676426883,"HOU","Houston Astros",2015,2016,35.4,1.5,1,2,35.9,2,0,0,0,0,0,162,84,78,0,0,6,0,0,0,724,5545,1367,198,701,0.489,0.254,3.82,355,60,9,0,0,6,7,0,0,1,185,0.5,129,3.68,6.3,1.1,2.1,8.2,3.91,3600,81,0,0,36,49,0,0,1,34225,0.25,16641,13.5424,39.69,1.21,4.41,67.24,15.2881,7.38,-1.76,7.38,-1.76,21,0,17,0,116,0,38,0,232,1,211,0,111,0,100,0,88,0,326,0,36,0,6,0,21,0,17,0,116,0,38,0,232,1,211,0,111,0,100,0,88,0,326,0,36,0,6,0,1,1,1,1,1,1,1,1,1,1,1,1,1,1,1,1,1,1,0,0,0,0,0,0,1,1,-0.220863052149693,-0.132517831289816,-0.436435780471985,-0.485071250072666,0,0,-3.08570117220348,-2.271813689711,-1.61356859277925,-1.6,-1.17260393995586,-2.38154973517336,-0.51,-0.382120399874176,-0.87287156094397,-0.970142500145332,0,0,145.027955093564,74.9698517604629,27.4306660772472,25.6,12.8986433395144,102.406638612454,-1.5606,-0.357664694282229
"Pat Neshek","P",0.729201974940828,0.794188484162147,"STL","St Louis Cardinals",2014,2014,33.9,0,1,1,33.9,0,1,0,0,0,0,162,91,72,1,1,19,1,0,1,619,5426,1371,105,603,0.519,0.267,3.67,355,71,17,0,0,4,2,2,0,1,255,0.778,195,2.37,5.9,0.5,1.2,9.1,7.56,5041,289,0,0,16,4,4,0,1,65025,0.605284,38025,5.6169,34.81,0.25,1.44,82.81,57.1536,6.3,-1.99,6.3,-1.99,20,0,14,0,94,0,48,0,241.7,0.3,226,0,110,0,107,0,86,0,231,0,36,0,7,0,20,0,14,0,94,0,48,0,241.7,0.3,226,0,110,0,107,0,86,0,231,0,36,0,7,0,0,0,1,1,1,1,1,1,1,1,1,1,1,1,0,1,1,0,0,0,0,0,0,0,1,1,0.916341933823035,2.10758644779298,-1.56524758424985,-0.534522483824849,0,-0.866025403784439,-4.31602741845695,-2.92683646304605,-1.33484762494383,-1.35343108466393,-0.970494958830946,-4.47407152572643,-0.311666666666667,-0.297458040258262,10.956733089749,-1.0690449676497,0,5.19615242270663,289.605439778461,128.780804374026,18.6878667492136,18.948035185295,8.73445462947851,304.236863749397,-0.582816666666667,-0.234099477683252
"Paul Sewald","P",0.543411955544502,0.535660353767085,"ARI","Arizona Diamondbacks",2024,2024,34.2,2,0,1,34.2,2,0,0,0,0,0,162,89,73,0,0,16,0,0,0,886,5522,1452,211,788,0.489,0.255,4.28,358,42,34,0,0,6,1,3,0,0,165,0.333,98,3.95,7.9,1.4,2.3,9.8,4.3,1764,1156,0,0,36,1,9,0,0,27225,0.110889,9604,15.6025,62.41,1.96,5.29,96.04,18.49,5.73,-1.54,5.73,-1.54,21,0,15,0,124,0,45,0,222,0.3,227,0,114,0,98,0,84,0,246,0,37.13,0,6.75,0,21,0,15,0,124,0,45,0,222,0.3,227,0,114,0,98,0,84,0,246,0,37.13,0,6.75,0,1,1,1,1,1,1,1,1,1,1,1,1,1,1,1,1,1,0,0,0,0,0,0,0,0,1,-0.0835511986288714,-0.0167102397257743,-0.218217890235992,-0.516397779494322,0,-2.38513917599978,-2.63093173643898,-2.3230315905999,-1.77951304200522,-1.9192898346492,-1.09108945117996,-2.74157986617235,-0.707318138913751,-0.436476803507357,-0.218217890235992,-1.03279555898864,0,38.1622268159964,103.132524068408,81.3061056709966,33.8107477980992,36.4665068583348,10.9108945117996,117.887934245411,3.04854117871827,-0.494964695177343
"Paul Sewald","P",0.68641151669095,0.863145763373891,"SEA","Seattle Mariners",2021,2021,31.2,0,1,1,31.2,0,0,0,0,0,0,162,90,72,0,0,18,0,0,0,697,5355,1209,199,748,0.472,0.259,4.34,358,62,18,0,0,10,5,0,0,2,264,0.769,135,3.08,5.8,1.4,3.3,14.5,4.33,3844,324,0,0,100,25,0,0,4,69696,0.591361,18225,9.4864,33.64,1.96,10.89,210.25,18.7489,7.04,-1.35,7.04,-1.35,18,0,16,0,87,0,57,0,236,0.7,232,0,117,0,107,0,67,0,248,0,36,0,7,0.3,18,0,16,0,87,0,57,0,236,0.7,232,0,117,0,107,0,67,0,248,0,36,0,7,0.3,1,1,0,1,1,1,1,1,1,1,1,1,1,1,0,0,1,0,0,0,0,0,0,0,1,1,-0.603022689155527,-0.964836302648844,2.35702260395516,-0.75,0,-1.45698559277155,-4.17906404248445,-2.75743509005417,-2.21880078490092,-2.12682027590046,-2.93206666455133,-6.60400660400991,-0.51,-0.385901726942421,23.5702260395516,2.25,0,16.026841520487,268.295911527501,115.812273782275,53.251218837622,46.7900460698101,70.3695999492318,686.81668681703,-1.5606,-0.394005663208212
"Peter Moylan","P",0.545723624730601,0.540954341554292,"ATL","Atlanta Braves",2015,2015,36.7,1,1,1,36.7,1,0,0,0,0,0,162,67,95,0,0,-28,0,0,1,573,5420,1361,100,760,0.501,0.26,3.64,359,22,2,0,0,1,0,0,1,0,44,1,114,2.84,10.5,0.9,0,7,0,484,4,0,0,1,0,0,1,0,1936,1,12996,8.0656,110.25,0.81,0,49,0,6.07,-1.69,6.07,-1.69,21,0,17,0,70,0,50,0,221,1,215,0,103,0,95,0,84,0,281,0,27,0,4.33,0,21,0,17,0,70,0,50,0,221,1,215,0,103,0,95,0,84,0,281,0,27,0,4.33,0,1,1,1,1,1,1,1,1,1,1,1,1,1,1,1,1,1,1,1,0,1,1,1,1,1,1,-0.0405887479234099,-0.00405887479234099,-0.218217890235992,0,0,0,-0.679399521936276,-0.818393207364568,-0.492664639082147,-0.410391340834062,0,-0.477239989017515,-0.669726312259966,-0.557940993676699,-0.218217890235992,0,0,0,-6.86193517155638,9.82071848837482,-2.46332319541073,-1.64156536333625,0,-3.81791991214012,-2.33064756666468,-0.647769493658648
"Peter Moylan","P",0.550690156861721,0.552328270231034,"LAD","Los Angeles Dodgers",2013,2013,34.7,0,1,1,34.7,0,0,0,0,0,0,162,92,70,1,1,22,0,0,0,654,5491,1446,138,586,0.524,0.262,3.54,359,14,7,0,0,3,1,0,0,0,70,1,57,6.18,13.5,1.8,4.1,3.5,0.86,196,49,0,0,9,1,0,0,0,4900,1,3249,38.1924,182.25,3.24,16.81,12.25,0.7396,8.88,-1.33,8.88,-1.33,21,0,16,0,139,0,47,0,233.3,0,198,0,127,0,117,0,85,0,301,0,81,0,9,0,21,0,16,0,139,0,47,0,233.3,0,198,0,127,0,117,0,85,0,301,0,81,0,9,0,1,1,1,1,1,1,1,1,1,1,1,1,1,1,1,1,1,1,0,0,0,0,0,1,0,1,0.134231211042805,-0.0536924844171219,-0.218217890235992,0,0,0,-0.988597659409688,-1.63453882539301,-0.976092160357725,-1.01695035974625,-0.759256602365297,-0.345834250622541,-0.717777777777778,-0.652333333333333,-0.218217890235992,0,0,0,14.9278246570863,37.5943929840393,10.737013763935,11.1864539572088,5.31479621655708,-2.07500550373525,4.63684444444444,-1.27661633333333
"Rafael Montero","P",0.841514279887659,0.818110883183381,"HOU","Houston Astros",2022,2022,31.8,2,0,1,31.8,2,0,0,0,0,0,162,106,56,1,1,50,1,1,0,737,5409,1341,214,518,0.501,0.255,3.8,361,71,25,0,0,3,2,2,0,1,270,0.714,161,2.64,6.2,0.4,3,9.6,3.17,5041,625,0,0,9,4,4,0,1,72900,0.509796,25921,6.9696,38.44,0.16,9,92.16,10.0489,7.38,-1.76,7.38,-1.76,21,0,17,0,116,0,38,0,232,1,211,0,111,0,100,0,88,0,326,0,36,0,6,0,21,0,17,0,116,0,38,0,232,1,211,0,111,0,100,0,88,0,326,0,36,0,6,0,1,1,1,1,1,1,1,1,1,1,1,1,1,1,0,1,1,0,0,0,0,0,0,0,1,1,-0.441726104299386,-0.530071325159263,-1.09108945117996,-0.485071250072666,0,-2.27109989583068,-4.47098403887355,-3.23561343686112,-2.0881475906555,-1.8,-2.45180823808952,-4.04309606203849,-0.395,-0.418046249434996,5.45544725589981,-0.970142500145332,0,31.7953985416295,304.474013047289,152.073831532472,45.939246994421,32.4,56.391589476059,295.14601252881,-0.93615,-0.428079359421436
"Rafael Montero","P",0.614842743405682,0.699245057340398,"TEX","Texas Rangers",2019,2019,28.8,0,1,1,28.8,0,0,0,0,0,0,162,78,84,0,0,-6,0,0,1,810,5540,1374,223,878,0.478,0.259,4.28,361,22,6,0,0,5,0,2,1,0,113,1,210,3.83,7.1,1.6,1.6,10.6,6.8,484,36,0,0,25,0,4,1,0,12769,1,44100,14.6689,50.41,2.56,2.56,112.36,46.24,7.73,-1.77,7.73,-1.77,18,0,14,0,113,0,43,0,223.3,0.3,221,0,114,0,106,0,89,0,277,0,108,0,21,0,18,0,14,0,113,0,43,0,223.3,0.3,221,0,114,0,106,0,89,0,277,0,108,0,21,0,1,1,1,1,1,1,1,1,1,1,1,1,1,1,1,1,1,1,0,0,0,0,1,0,1,1,-0.431610000759364,-0.517932000911237,-0.471404520791032,0,0,0,-1.94067868701487,-1.54714742619152,-0.749268649265355,-0.777028689885811,-0.52999894000318,-2.04286201162877,-0.238638111265045,-0.210798481967969,-0.942809041582063,0,0,0,56.2796819234313,35.5843908024049,5.99414919412284,6.21622951908649,-2.6499947000159,69.4573083953783,-0.591822515937312,-0.203631333581058
"Rich Hill","P",0.422972348221899,0.259839828020633,"PIT","Pittsburgh Pirates",2023,2023,43.4,16,1,1,43.4,16,0,0,0,0,0,162,76,86,0,0,-10,0,0,0,692,5406,1293,159,790,0.501,0.264,3.76,363,32,3,0,0,23,0,7,1,2,660,0.364,82,4.87,10.1,1.4,3.6,7.9,2.22,1024,9,0,0,529,0,49,1,4,435600,0.132496,6724,23.7169,102.01,1.96,12.96,62.41,4.9284,4.77,-1.91,4.77,-1.91,19,0,14,0,71,0,51,0,208,0,205,0,99,0,96,0,84,0,210,0,36,0,6,0,19,0,14,0,71,0,51,0,208,0,205,0,99,0,96,0,84,0,210,0,36,0,6,0,1,1,1,0,1,1,0,0,0,0,0,0,1,1,0,0,0,1,0,0,0,0,0,0,0,1,0.228934273247815,-0.114467136623908,-1.83532587096449,3.74165738677394,-3.2043104771234,0,10.1302123335632,11.524099880198,9.84937058954028,8.98146239020499,6.32831881684378,8.90184571551637,-0.901666666666667,-0.622170394666927,14.682606967716,52.3832034148352,86.5163828823319,0,1480.02402193359,1901.47648023268,965.238317774947,790.368690338039,367.042491376939,1148.33809730161,4.87801666666667,-0.948187681472397
"Rich Hill","P",0.592403014332365,0.647855501959069,"BOS","Boston Red Sox",2022,2022,42.4,15,1,1,42.4,15,0,0,0,0,0,162,78,84,0,0,-6,0,0,1,735,5539,1427,155,787,0.518,0.267,3.92,363,26,0,0,0,15,0,4,2,0,526,0.533,98,3.92,9,1.1,2.7,7.9,2.95,676,0,0,0,225,0,16,4,0,276676,0.284089,9604,15.3664,81,1.21,7.29,62.41,8.7025,6.45,-1.85,6.45,-1.85,22,0,17,0,127,0,42,0,230,0.3,235,0,125,0,114,0,75,0,237,0,27,0,6,0,22,0,17,0,127,0,42,0,230,0.3,235,0,125,0,114,0,75,0,237,0,27,0,6,0,1,1,1,1,1,1,0,0,0,0,1,1,1,1,0,0,0,1,0,0,0,0,0,0,0,1,-0.314999692383263,-0.251999753906611,-1.70560573084488,-1.69774937525433,-2.3071269244819,0,8.18291167484172,8.15410091316803,5.99266217969944,5.52585628833199,-4.27239199200323,-7.08031084683178,-0.821761883146567,-0.531947522474414,13.6448458467591,11.8842456267803,59.9853000365293,0,1015.49933884786,1019.262614146,401.508366039862,326.025521011588,158.07850370412,771.753882304664,3.50892324103584,-0.693127621784161
"Rich Hill","P",0.973268221359383,0.993047143507266,"MIN","Minnesota Twins",2020,2020,40.4,13,1,1,40.4,13,0,0,0,0,0,60,36,24,1,1,12,0,0,0,269,1937,468,91,215,0.481,0.263,3.99,363,8,0,0,0,3,0,1,0,1,156,0.5,143,3.99,6.5,0.7,4,7.2,1.82,64,0,0,0,9,0,1,0,1,24336,0.25,20449,15.9201,42.25,0.49,16,51.84,3.3124,5.35,-2.14,5.35,-2.14,16,0,14,0,138,0,36,0,211.3,1,221,0,112,0,103,0,87,0,234,0,45,0,5,0,16,0,14,0,138,0,36,0,211.3,1,221,0,112,0,103,0,87,0,234,0,45,0,5,0,1,1,1,1,1,1,1,1,1,1,1,1,1,1,1,1,1,1,0,0,0,0,0,0,1,1,-0.345870160933694,-0.276696128746955,-0.5,-0.534522483824849,-0.681005224606999,0,-2.62792892060209,-1.88348382318967,-1.22838453727999,-1.28092806161358,-1.82259130922425,-2.0265333964279,-0.451685731454957,-0.520556625161951,-1,-1.0690449676497,-5.44804179685599,0,100.386884767,52.7375470493109,15.9689989846398,16.6520648009766,30.9840522568123,62.8225352892649,-1.36860776630852,-0.605927911688511
"Rich Hill","P",0.163616638141935,0.192918882268984,"LAD","Los Angeles Dodgers",2019,2021,39.4,10,0,3,39.4,10,0,0,0,0,0,162,106,56,1,1,50,0,0,0,886,5493,1414,279,613,0.528,0.262,3.53,363,13,0,0,0,10,2,4,0,0,242,0.8,169,4.1,7.4,1.5,2.8,11,4,169,0,0,0,100,4,16,0,0,58564,0.64,28561,16.81,54.76,2.25,7.84,121,16,8.88,-1.33,8.88,-1.33,21,0,16,0,139,0,47,0,233.3,0,198,0,127,0,117,0,85,0,301,0,81,0,9,0,21,0,16,0,139,0,47,0,233.3,0,198,0,127,0,117,0,85,0,301,0,81,0,9,0,1,1,1,1,1,1,1,1,1,1,1,1,1,1,0,1,0,1,0,0,0,0,0,0,1,1,-0.402693633128415,-0.483232359754097,-0.87287156094397,-0.25,-1.10264560858396,0,-3.81035654156582,-3.41121146168977,-1.77471301883223,-1.47920052326728,-1.95237412036791,-4.15001100747049,-0.272222222222222,-0.375,3.49148624377588,-0.25,14.3343929115915,0,221.76275071913,163.738150161109,35.4942603766446,23.6672083722764,35.1427341666223,298.800792537875,-0.666944444444444,-0.421875
"Rich Hill","P",0.122198383479952,0.103811476381322,"LAD","Los Angeles Dodgers",2018,2020,38.4,7,0,3,38.4,7,0,0,0,0,0,163,92,71,1,1,21,1,0,1,804,5572,1394,235,610,0.527,0.262,3.53,363,25,0,0,0,20,3,8,1,2,547,0.688,106,3.97,7.3,1.4,2.8,10.2,3.66,625,0,0,0,400,9,64,1,4,299209,0.473344,11236,15.7609,53.29,1.96,7.84,104.04,13.3956,8.88,-1.33,8.88,-1.33,21,0,16,0,139,0,47,0,233.3,0,198,0,127,0,117,0,85,0,301,0,81,0,9,0,21,0,16,0,139,0,47,0,233.3,0,198,0,127,0,117,0,85,0,301,0,81,0,9,0,1,1,0,1,1,1,0,0,1,1,1,1,1,1,0,0,0,1,0,0,0,0,0,0,1,1,-0.503367041410518,-0.755050562115777,2.40039679259592,-1.25,-2.03565343123193,0,8.65513977310998,7.67522578880198,-5.05793210367185,-4.99230176602706,-4.44707438528245,-8.64585626556353,-0.406666666666667,-0.374333333333333,26.4043647185551,6.25,48.8556823495663,0,1144.20947800514,828.924385190613,288.302129909295,269.584295365461,182.330049796581,1296.87843983453,-1.4884,-0.420376333333333
"Rich Hill","P",0.613396127801763,0.635248591889321,"LAD","Los Angeles Dodgers",2017,2019,37.4,4,0,3,37.4,4,0,0,0,0,0,164,104,58,1,1,46,1,0,0,770,5408,1347,221,580,0.527,0.262,3.53,363,25,0,1,0,18,1,9,1,2,552,0.6,125,3.72,6.6,1.2,3.3,11,3.39,625,0,1,0,324,1,81,1,4,304704,0.36,15625,13.8384,43.56,1.44,10.89,121,11.4921,8.88,-1.33,8.88,-1.33,21,0,16,0,139,0,47,0,233.3,0,198,0,127,0,117,0,85,0,301,0,81,0,9,0,21,0,16,0,139,0,47,0,233.3,0,198,0,127,0,117,0,85,0,301,0,81,0,9,0,1,0,0,1,1,1,0,1,1,1,0,0,1,1,0,0,0,1,0,0,0,0,0,0,1,1,-0.738271660735427,1.62419765361794,2.61861468283191,-2,-2.12047232419993,0,8.85154990411853,-7.03562363973514,-4.52551819802218,-4.62250163521024,5.31479621655708,9.5680809338903,-0.368888888888889,-0.363666666666667,31.4233761939829,16,53.0118081049982,0,1196.72954703683,696.526740333779,230.801428099131,231.125081760512,260.425014611297,1588.30143502579,-1.22471111111111,-0.396760333333333
"Rich Hill","P",0.866001275078223,0.802331921677061,"OAK","Oakland Athletics",2016,2016,36.4,3,1,1,36.4,3,0,0,0,0,0,162,69,93,0,0,-24,0,0,1,653,5500,1352,169,761,0.487,0.259,3.97,363,20,0,0,0,4,0,8,0,0,439,0.706,193,2.39,6.3,0.3,2.7,10.5,3.91,400,0,0,0,16,0,64,0,0,192721,0.498436,37249,5.7121,39.69,0.09,7.29,110.25,15.2881,5.64,-1.36,5.64,-1.36,18,0,15,0,118,0,38,0,219.7,0.7,214,0,102,0,96,0,91,0,220,0,37.8,0,5.4,0,18,0,15,0,118,0,38,0,219.7,0.7,214,0,102,0,96,0,91,0,220,0,37.8,0,5.4,0,0,0,0,1,1,1,1,1,1,1,1,0,1,1,0,0,0,1,0,0,0,0,0,0,1,1,1.81062663029302,7.78569451025997,2.82842712474619,-1.29099444873581,-1.84114923579665,0,-7.42800676351569,-5.26361163808991,-2.87142787463236,-2.65361388801511,-3.45933996118233,8.69717822577582,-0.344818025775148,-0.429040488463199,33.9411254969543,6.45497224367903,36.8229847159329,0,817.823544663077,405.298096132923,83.2714083643383,68.9939610883929,114.158218719017,1121.93599112508,-0.731014214643315,-0.42775336699781
"Rich Hill","P",0.652744769005225,0.786045046647233,"CLE","Cleveland Guardians",2013,2013,33.4,0,1,1,33.4,0,0,0,0,0,0,162,92,70,0,1,22,0,0,0,743,5466,1381,171,685,0.509,0.266,3.84,363,63,3,0,0,3,6,2,1,6,182,0.333,61,3.82,8.8,0.7,6.8,11.9,1.76,3969,9,0,0,9,36,4,1,36,33124,0.110889,3721,14.5924,77.44,0.49,46.24,141.61,3.0976,3.88,-0.91,3.88,-0.91,16,0,15,0,33,0,44,0,200,5,178,10,110,7,100,6,73,1,204,0,12.6,1.36,2.2,0.73,16,0,15,0,33,0,44,0,200,5,178,10,110,7,100,6,73,1,204,0,12.6,1.36,2.2,0.73,1,0,1,1,1,1,1,1,1,1,1,1,1,0,1,1,1,1,0,0,0,0,0,0,0,0,0.659975007336852,0.857967509537908,-0.25,-0.516397779494322,0,0,-2.70114790413261,-2.84822041818427,-2.86038776773678,-2.7,-3.39419326868779,-3.57071421427142,-1.76918957323169,1.1683883616488,-0.25,-1.03279555898864,0,0,103.183849937866,108.232375891002,85.8116330321033,72.9,98.4316047919458,182.106424927843,11.110510519895,2.02481703073737
"Ross Detwiler","P",0.557056530362776,0.566907996329407,"CHW","Chicago White Sox",2019,2019,33.4,2,1,1,33.4,2,0,0,0,0,0,161,72,89,0,0,-17,0,0,1,708,5529,1443,182,832,0.502,0.26,3.78,371,18,2,0,0,20,3,3,0,1,315,0.375,70,6.92,11.1,2.6,3.5,5.9,1.7,324,4,0,0,400,9,9,0,1,99225,0.140625,4900,47.8864,123.21,6.76,12.25,34.81,2.89,6.53,-1.96,6.53,-1.96,17,0,19,0,151,0,40,0,226.7,0,228,0,123,0,118,0,91,0,274,0,18,0,5.4,0,17,0,19,0,151,0,40,0,226.7,0,228,0,123,0,118,0,91,0,274,0,18,0,5.4,0,1,1,1,1,1,1,1,1,1,1,1,1,1,1,0,0,0,1,0,0,0,0,0,0,0,1,0.23479814405845,-0.14087888643507,-0.727606875108999,-1.14707866935281,-0.976546150525391,0,-4.5960033269554,-5.69548913537969,-4.86901602720413,-4.69493055128145,-2.83036905914918,-2.77896162931881,-1.55327789600645,-0.697997665283159,2.182820625327,5.73539334676404,11.7185538063047,0,318.043430225314,489.812065642653,262.926865469023,239.441458115354,76.4199645970278,127.832234948665,10.2361013346825,-1.13215221308928
"Ross Detwiler","P",0.559098915438455,0.571585292593266,"ATL","Atlanta Braves",2015,2015,29.4,0,1,1,29.4,0,0,0,0,0,0,162,67,95,0,0,-28,0,0,1,573,5420,1361,100,760,0.501,0.26,3.64,371,41,7,0,0,10,1,6,0,3,288,0.167,57,6.12,12.7,1.5,5.6,6.3,1.14,1681,49,0,0,100,1,36,0,9,82944,0.027889,3249,37.4544,161.29,2.25,31.36,39.69,1.2996,6.07,-1.69,6.07,-1.69,21,0,17,0,70,0,50,0,221,1,215,0,103,0,95,0,84,0,281,0,27,0,4.33,0,21,0,17,0,70,0,50,0,221,1,215,0,103,0,95,0,84,0,281,0,27,0,4.33,0,1,0,1,1,1,1,1,1,1,1,1,1,1,1,1,0,0,1,0,0,0,0,0,0,0,0,0.690008714697969,1.17301481498655,-0.218217890235992,-1.21267812518166,-0.836660026534076,0,-3.90822893311858,-5.59235358365788,-5.0251793186379,-4.82209825480022,-3.92792202424786,-2.44585494371476,-1.3952631505416,-0.972191757285066,-0.218217890235992,6.06339062590832,5.85662018573853,0,227.068101014189,458.572993859946,256.284145250533,226.638617975611,141.405192872923,100.280052692305,10.1156578414266,1.96674392498769
"Ryan Brasier","P",0.70326587863679,0.758084225811241,"LAD","Los Angeles Dodgers",2023,2023,36,4,1,1,36,4,0,0,0,0,0,162,100,62,1,1,38,0,0,0,906,5524,1422,249,699,0.531,0.261,3.52,376,59,15,0,0,3,1,3,0,3,238,1,147,3.14,6.3,0.5,2.9,8.4,2.95,3481,225,0,0,9,1,9,0,9,56644,1,21609,9.8596,39.69,0.25,8.41,70.56,8.7025,8.88,-1.33,8.88,-1.33,21,0,16,0,139,0,47,0,233.3,0,198,0,127,0,117,0,85,0,301,0,81,0,9,0,21,0,16,0,139,0,47,0,233.3,0,198,0,127,0,117,0,85,0,301,0,81,0,9,0,1,1,1,1,1,1,1,1,1,1,1,1,1,1,1,1,1,1,0,0,0,0,0,0,1,1,-0.436251435889116,-0.567126866655851,-0.654653670707977,0,0,-0.291729982995789,-3.87582658523533,-2.98481002897855,-2.12965562259867,-1.8490006540841,-2.06083934927723,-3.22778633914372,-0.335555555555556,-0.340666666666667,-1.96396101212393,0,0,-0.583459965991578,229.448933845932,125.362021217099,51.1117349423682,36.9800130816819,39.1559476362674,180.756034992048,-1.01337777777778,-0.348161333333333
"Ryan Brasier","P",0.524369697917144,0.492051397984717,"BOS","Boston Red Sox",2022,2022,35,3,0,1,35,3,0,0,0,0,0,162,78,84,0,0,-6,0,0,1,735,5539,1427,155,787,0.518,0.267,3.92,376,68,11,0,0,9,1,1,0,1,263,0,73,3.61,9.8,1.3,1.9,9.2,4.92,4624,121,0,0,81,1,1,0,1,69169,0,5329,13.0321,96.04,1.69,3.61,84.64,24.2064,6.45,-1.85,6.45,-1.85,22,0,17,0,127,0,42,0,230,0.3,235,0,125,0,114,0,75,0,237,0,27,0,6,0,22,0,17,0,127,0,42,0,230,0.3,235,0,125,0,114,0,75,0,237,0,27,0,6,0,1,1,1,1,1,1,1,1,1,1,1,1,1,1,1,0,1,1,0,0,0,0,0,0,0,1,0.314999692383263,-0.251999753906611,0,-0.727606875108999,0,-0.154303349962092,-4.09475273978784,-4.43583089676341,-3.84603692129964,-3.74634324632678,-1.50111069989303,-4.15724673575444,-1.11236151863868,-0.530314529312558,0,2.182820625327,0,-0.154303349962092,254.284145140825,301.636500979912,165.379587615884,149.853729853071,19.5144390986093,266.063791088284,6.42944957773156,-0.688878573577013
"Ryan Brasier","P",0.553028471558714,0.557683279296762,"BOS","Boston Red Sox",2021,2021,34,2,0,1,34,2,0,0,0,0,0,162,92,70,0,1,22,0,0,0,829,5495,1434,219,749,0.519,0.267,3.91,376,13,2,0,0,2,0,0,0,0,50,0.5,320,4.84,9,1.5,3,6.8,2.25,169,4,0,0,4,0,0,0,0,2500,0.25,102400,23.4256,81,2.25,9,46.24,5.0625,6.45,-1.85,6.45,-1.85,22,0,17,0,127,0,42,0,230,0.3,235,0,125,0,114,0,75,0,237,0,27,0,6,0,22,0,17,0,127,0,42,0,230,0.3,235,0,125,0,114,0,75,0,237,0,27,0,6,0,1,1,1,1,1,1,1,1,1,1,1,1,1,1,1,1,1,1,0,0,1,1,1,1,1,1,-0.0787499230958158,-0.0157499846191632,-0.21320071635561,-0.242535625036333,0,0,-0.791256568074944,-0.782793687664131,-0.447213595499958,-0.187317162316339,-0.461880215351701,-0.584612822215468,-0.288675134594813,-0.544194971188329,-0.21320071635561,-0.242535625036333,0,0,9.49507881689933,9.39352425196957,-2.23606797749979,-0.374634324632678,-1.8475208614068,-5.26151539993921,-0.433012701892219,-0.725411896594043
"Ryan Brasier","P",0.576734854449478,0.61197361731624,"BOS","Boston Red Sox",2020,2020,33,1,0,1,33,1,0,0,0,0,0,60,24,36,0,0,-12,0,0,0,292,2083,552,81,351,0.518,0.267,3.91,376,25,1,0,0,2,1,0,2,1,110,1,122,3.15,8.6,0.7,4,10.8,2.73,625,1,0,0,4,1,0,4,1,12100,1,14884,9.9225,73.96,0.49,16,116.64,7.4529,6.45,-1.85,6.45,-1.85,22,0,17,0,127,0,42,0,230,0.3,235,0,125,0,114,0,75,0,237,0,27,0,6,0,22,0,17,0,127,0,42,0,230,0.3,235,0,125,0,114,0,75,0,237,0,27,0,6,0,1,1,1,1,1,1,1,1,1,1,1,1,1,1,1,1,1,1,0,0,0,0,0,0,0,1,-0.196874807739539,-0.0984374038697697,-0.21320071635561,0,-0.0887356509416114,0,-1.64845118348947,-1.56558737532826,-1.0733126291999,-1.03024439273986,-1.27017059221718,-1.94870940738489,-0.762102355330306,-0.571547606649408,-0.21320071635561,0,-0.0887356509416114,0,41.2112795872367,37.5740970078783,12.8797515503988,11.3326883201385,13.9718765143889,58.4612822215468,3.01792532710801,-0.800166649309172
"Ryan Brasier","P",0.551629275071086,0.554478958729639,"BOS","Boston Red Sox",2018,2018,31,0,1,1,31,0,0,0,0,0,0,162,108,54,1,1,54,1,1,0,876,5623,1509,208,647,0.519,0.267,3.9,376,34,5,0,0,2,0,0,0,1,124,1,277,2.83,5.1,0.5,1.9,7.8,4.14,1156,25,0,0,4,0,0,0,1,15376,1,76729,8.0089,26.01,0.25,3.61,60.84,17.1396,6.45,-1.85,6.45,-1.85,22,0,17,0,127,0,42,0,230,0.3,235,0,125,0,114,0,75,0,237,0,27,0,6,0,22,0,17,0,127,0,42,0,230,0.3,235,0,125,0,114,0,75,0,237,0,27,0,6,0,1,1,1,1,1,1,1,1,1,1,1,1,1,1,1,1,1,1,0,0,1,1,0,0,1,1,-0.55124946167071,-0.771749246338995,-0.426401432711221,0,0,0,-2.18914317167401,-1.23942333880154,-0.536656314599949,-0.561951486949016,-0.808290376865476,-1.88375242713873,-0.3079201435678,-0.315167680238102,-0.852802865422442,0,0,0,72.6795532995772,23.5490434372293,-3.2199378875997,-3.3717089216941,5.65803263805833,54.6288203870232,-0.492672229708481,-0.243309449143815
"Ryan Buchter","P",0.525417785350735,0.494451638515117,"OAK","Oakland Athletics",2019,2019,32.5,2,0,1,32.5,2,0,0,0,0,0,162,97,65,0,1,32,0,0,1,845,5561,1384,257,680,0.489,0.259,3.98,377,64,7,0,0,8,2,2,0,1,198,0.5,145,4.96,8.3,1.6,4.6,9.9,2.17,4096,49,0,0,64,4,4,0,1,39204,0.25,21025,24.6016,68.89,2.56,21.16,98.01,4.7089,5.64,-1.36,5.64,-1.36,18,0,15,0,118,0,38,0,219.7,0.7,214,0,102,0,96,0,91,0,220,0,37.8,0,5.4,0,18,0,15,0,118,0,38,0,219.7,0.7,214,0,102,0,96,0,91,0,220,0,37.8,0,5.4,0,1,1,1,1,1,1,1,1,1,1,1,1,1,1,1,1,1,1,0,0,0,0,0,0,1,1,-0.421075960533259,-0.421075960533259,-0.235702260395516,-0.258198889747161,0,0,-3.04271666698054,-2.87106089350359,-1.58423606876268,-1.53093108923949,-2.41105512446041,-3.37099931231621,-0.484697036231105,-0.617095346495715,-0.235702260395516,-0.258198889747161,0,0,137.226521680822,120.584557527151,25.3477771002029,22.9639663385923,55.4542678625895,168.549965615811,-1.44439716796869,-0.884914726874855
"Ryan Buchter","P",0.584504540448214,0.629767090117227,"OAK","Oakland Athletics",2018,2018,31.5,1,1,1,31.5,1,0,0,0,0,0,162,97,65,0,1,32,0,0,0,813,5579,1407,227,674,0.488,0.259,3.98,377,54,4,0,0,4,1,0,0,1,163,1,152,3.54,7.3,0.9,3.4,9.4,2.73,2916,16,0,0,16,1,0,0,1,26569,1,23104,12.5316,53.29,0.81,11.56,88.36,7.4529,5.64,-1.36,5.64,-1.36,18,0,15,0,118,0,38,0,219.7,0.7,214,0,102,0,96,0,91,0,220,0,37.8,0,5.4,0,18,0,15,0,118,0,38,0,219.7,0.7,214,0,102,0,96,0,91,0,220,0,37.8,0,5.4,0,1,1,1,1,1,1,1,1,1,1,1,1,1,1,0,1,1,1,0,0,0,0,0,0,1,1,-0.168430384213304,-0.0673721536853215,-1.4142135623731,0,0,0,-2.6379206580696,-2.18747496647892,-1.68325082306035,-1.22474487139159,-1.57242725508288,-2.76421943609929,-0.447287533434744,-0.514246122079763,8.48528137423857,0,0,0,103.142697730521,69.9991989273255,28.6152639920259,14.6969384566991,23.5864088262432,113.332996880071,-1.23004071694555,-0.614524115885316
"Ryan Tepera","P",0.751145306741118,0.834707823807397,"CHC","Chicago Cubs",2021,2021,33.8,5.008,0,1,33.8,5.008,0,0,0,0,0,162,71,91,0,0,-20,0,0,0,705,5306,1255,210,839,0.513,0.262,3.69,381,65,7,0,0,4,1,4,0,4,240,0,154,2.73,5.1,0.6,2.8,10.9,3.89,4225,49,0,0,16,1,16,0,16,57600,0,23716,7.4529,26.01,0.36,7.84,118.81,15.1321,8.29,-2.3,8.29,-2.3,22,0,18,0,148,0,36,0,229,0.3,210,0,110,0,103,0,95,0,236,0,108,0,12,0,22,0,18,0,148,0,36,0,229,0.3,210,0,110,0,103,0,95,0,236,0,108,0,12,0,1,1,1,1,1,1,1,1,1,1,1,1,1,1,1,1,1,1,0,0,0,0,0,0,1,1,-0.59043440490011,-1.00373848833019,0,-0.471404520791032,0,-0.333333333333333,-4.0376016487806,-2.41522945769824,-1.81157891956663,-1.87212562851216,-1.94935886896179,-4.81698970629048,-0.268467875173176,-0.254034118443435,0,-0.942809041582063,0,-0.666666666666667,246.697460740495,84.5330310194384,34.4199994717659,35.570386941731,37.0378185102741,356.457238265496,-0.749025371733161,-0.223550024230223
"Ryan Tepera","P",0.546881480921131,0.543605965138179,"CHC","Chicago Cubs",2020,2020,32.8,4.008,1,1,32.8,4.008,2,1,0,1,0,60,34,26,1,1,8,0,0,0,265,1918,422,74,240,0.514,0.262,3.68,381,21,1,0,0,2,0,1,0,1,89,0,116,3.34,7.4,0.9,5.2,13.5,2.58,441,1,0,0,4,0,1,0,1,7921,0,13456,11.1556,54.76,0.81,27.04,182.25,6.6564,8.29,-2.3,8.29,-2.3,22,0,18,0,148,0,36,0,229,0.3,210,0,110,0,103,0,95,0,236,0,108,0,12,0,22,0,18,0,148,0,36,0,229,0.3,210,0,110,0,103,0,95,0,236,0,108,0,12,0,1,1,1,1,1,1,1,1,1,1,1,1,1,1,1,1,1,1,0,0,0,0,0,0,1,1,-0.0694628711647188,-0.0138925742329438,0,-0.235702260395516,0,0,-1.33485357291928,-1.173111450882,-0.858116330321033,-0.886796350347864,-1.23117402250218,-2.01792812020277,-0.377202175870555,-0.405011213836522,0,-0.235702260395516,0,0,26.9640421729695,19.942894664994,7.7230469728893,7.98116715313077,14.7740882700262,62.5557717262859,-1.47863252941258,-0.568230733012641
"Ryan Weber","P",0.551946009633711,0.555204317235262,"BOS","Boston Red Sox",2020,2020,30,1,0,1,30,1,0,0,0,0,0,60,24,36,0,0,-12,0,0,0,292,2083,552,81,351,0.518,0.267,3.91,384,17,3,0,0,8,0,3,0,1,185,0.25,110,5.54,9.2,1.7,2.9,5.7,1.93,289,9,0,0,64,0,9,0,1,34225,0.0625,12100,30.6916,84.64,2.89,8.41,32.49,3.7249,6.45,-1.85,6.45,-1.85,22,0,17,0,127,0,42,0,230,0.3,235,0,125,0,114,0,75,0,237,0,27,0,6,0,22,0,17,0,127,0,42,0,230,0.3,235,0,125,0,114,0,75,0,237,0,27,0,6,0,1,1,1,1,1,1,1,1,1,1,1,1,1,1,1,0,1,1,0,0,0,0,0,0,0,1,-0.472499538574895,-0.566999446289874,-0.21320071635561,-0.727606875108999,-0.443678254708057,0,-2.83533603560188,-2.87024352143515,-2.05718253929981,-1.96683020432156,-1.61658075373095,-1.7538384666464,-0.846780394811451,-0.550726943835751,-0.21320071635561,2.182820625327,-2.21839127354028,0,121.919449530881,126.290714943146,47.3151984038956,41.3034342907527,22.6321305522333,47.3536385994529,3.72583373717038,-0.742930647234428
"Ryan Weber","P",0.552516695642493,0.556511253703069,"BOS","Boston Red Sox",2019,2019,29,0,0,1,29,0,0,0,0,0,0,162,84,78,0,0,6,0,0,1,901,5770,1554,245,828,0.519,0.267,3.91,384,18,8,0,0,5,0,3,0,2,181,0.333,96,4.2,10.6,1.1,1.8,6.4,3.63,324,64,0,0,25,0,9,0,4,32761,0.110889,9216,17.64,112.36,1.21,3.24,40.96,13.1769,6.45,-1.85,6.45,-1.85,22,0,17,0,127,0,42,0,230,0.3,235,0,125,0,114,0,75,0,237,0,27,0,6,0,22,0,17,0,127,0,42,0,230,0.3,235,0,125,0,114,0,75,0,237,0,27,0,6,0,1,1,1,1,1,1,1,1,1,1,1,1,1,1,1,0,1,1,0,0,0,0,0,0,0,1,-0.0393749615479079,-0.00393749615479079,-0.426401432711221,-0.970142500145332,-0.266206952824834,0,-2.65070950305106,-3.13117475065652,-2.23606797749979,-2.1541473666379,-0.923760430703401,-1.88375242713873,-0.979570956725065,-0.562157895968739,-0.852802865422442,3.88057000058133,-0.798620858474502,0,106.558522022653,150.296388031513,55.9016994374947,49.5453894326716,7.39008344562721,54.6288203870232,4.98601616973058,-0.774091422748954
"Ryne Stanek","P",0.559242014035014,0.571913004805335,"SEA","Seattle Mariners",2024,2024,33.1,2,1,1,33.1,2,0,0,0,0,0,162,85,77,0,0,8,0,0,1,676,5330,1195,185,607,0.477,0.257,4.29,386,63,14,0,0,8,2,3,0,3,241,0.7,78,4.14,7.8,1.3,4.1,10.9,2.68,3969,196,0,0,64,4,9,0,9,58081,0.49,6084,17.1396,60.84,1.69,16.81,118.81,7.1824,7.04,-1.35,7.04,-1.35,18,0,16,0,87,0,57,0,236,0.7,232,0,117,0,107,0,67,0,248,0,36,0,7,0.3,18,0,16,0,87,0,57,0,236,0.7,232,0,117,0,107,0,67,0,248,0,36,0,7,0.3,1,1,1,1,1,1,1,1,1,1,1,1,1,1,0,0,1,0,0,0,0,0,0,0,0,1,0.226133508433323,-0.135680105059994,-1.64991582276861,-0.75,0,-0.927172649945531,-3.5867044975217,-3.15135438863334,-2.95840104653456,-2.90020946713699,-3.05423610890763,-4.25450425450638,-0.813333333333333,-0.498535139899171,11.5494107593803,2.25,0,6.49020854961871,197.627417813446,151.2650106544,94.6688334891058,87.0062840141097,76.3559027226908,285.051785051928,3.96906666666667,-0.657567849527006
"Ryne Stanek","P",0.553735461760494,0.559302368012572,"HOU","Houston Astros",2023,2023,32.1,1,0,1,32.1,1,0,0,0,0,0,162,90,72,1,1,18,0,0,0,827,5567,1441,222,698,0.501,0.255,3.8,386,55,15,0,0,8,1,1,1,2,213,0.75,104,4.6,7.5,1.4,3.7,9.1,2.43,3025,225,0,0,64,1,1,1,4,45369,0.5625,10816,21.16,56.25,1.96,13.69,82.81,5.9049,7.38,-1.76,7.38,-1.76,21,0,17,0,116,0,38,0,232,1,211,0,111,0,100,0,88,0,326,0,36,0,6,0,21,0,17,0,116,0,38,0,232,1,211,0,111,0,100,0,88,0,326,0,36,0,6,0,1,1,1,1,1,1,1,1,1,1,1,1,1,1,1,1,1,1,0,0,0,0,0,0,1,1,-0.147242034766462,-0.0588968139065848,-0.654653670707977,-0.242535625036333,0,0,-3.29579146477904,-2.89139924145036,-2.277979189806,-2.3,-2.23860752173391,-2.82462875567073,-0.681666666666667,-0.507452625046582,-1.96396101212393,-0.242535625036333,0,0,165.448731531908,121.438768140915,54.6715005553439,52.9,47.0107579564121,144.056066539207,-2.78801666666667,-0.630763612932901
"Ryne Stanek","P",0.614630321245758,0.698758586210735,"HOU","Houston Astros",2021,2021,30.1,0,1,1,30.1,0,0,0,0,0,0,162,95,67,1,1,28,1,0,0,863,5593,1496,221,658,0.498,0.255,3.81,386,72,13,0,0,8,3,5,0,6,290,0.375,126,4.11,6.1,1.1,4.9,10.9,2.24,5184,169,0,0,64,9,25,0,36,84100,0.140625,15876,16.8921,37.21,1.21,24.01,118.81,5.0176,7.38,-1.76,7.38,-1.76,21,0,17,0,116,0,38,0,232,1,211,0,111,0,100,0,88,0,326,0,36,0,6,0,21,0,17,0,116,0,38,0,232,1,211,0,111,0,100,0,88,0,326,0,36,0,6,0,1,1,1,1,1,1,1,1,1,1,1,1,1,1,1,0,1,1,0,0,0,0,0,0,1,1,-0.184052543458078,-0.0920262717290388,-0.654653670707977,-1.21267812518166,0,-0.324442842261525,-4.47098403887355,-3.16677059777897,-3.037305586408,-2.6,-3.94421325257879,-4.5969448376602,-0.57,-0.496021672913594,-1.96396101212393,6.06339062590832,0,-0.64888568452305,304.474013047289,145.671447497832,97.1937787650559,67.6,145.935890345415,381.546421525797,-1.9494,-0.602666332590016
"Scott Feldman","P",0.271872407027382,0.287027488715328,"HOU","Houston Astros",2014,2016,32.5,2.091,1,3,33.5,3.091,0,0,0,0,0,162,84,78,0,0,6,0,0,0,724,5545,1367,198,701,0.489,0.254,3.82,393,40,13,0,0,10,3,3,0,0,338,0.636,101,4.24,10.2,1.2,2.2,6.5,2.95,1600,169,0,0,100,9,9,0,0,114244,0.404496,10201,17.9776,104.04,1.44,4.84,42.25,8.7025,7.38,-1.76,7.38,-1.76,21,0,17,0,116,0,38,0,232,1,211,0,111,0,100,0,88,0,326,0,36,0,6,0,21,0,17,0,116,0,38,0,232,1,211,0,111,0,100,0,88,0,326,0,36,0,6,0,1,1,1,1,1,1,1,1,1,1,1,1,1,1,0,0,1,1,0,0,0,0,0,0,1,1,0.073621017383231,-0.0147242034766462,-1.52752523165195,-0.970142500145332,-0.46423834544263,0,-5.05529766509932,-5.98932700014717,-3.9864635821605,-3.4,-2.0254068053783,-3.10155314348158,-0.661666666666667,-0.562157895968739,10.6926766215636,3.88057000058133,-2.32119172721315,0,389.257920212647,521.071449012804,167.431470450741,115.6,38.4827293021877,173.686976034969,-2.62681666666667,-0.774091422748954
"Scott Feldman","P",0.763852853165355,0.6672714427731,"CHC","Chicago Cubs",2013,2013,30.5,0.090999999999999,1,1,30.5,0.090999999999999,0,0,0,0,0,162,66,96,0,0,-30,0,0,1,612,5496,1307,172,695,0.511,0.263,3.68,393,30,0,2,1,19,1,9,1,7,758,0.5,103,4.03,7.9,0.9,2.8,6.5,2.36,900,0,4,1,361,1,81,1,49,574564,0.25,10609,16.2409,62.41,0.81,7.84,42.25,5.5696,8.29,-2.3,8.29,-2.3,22,0,18,0,148,0,36,0,229,0.3,210,0,110,0,103,0,95,0,236,0,108,0,12,0,22,0,18,0,148,0,36,0,229,0.3,210,0,110,0,103,0,95,0,236,0,108,0,12,0,1,1,0,0,1,1,0,0,0,0,0,0,1,1,0,0,0,1,0,0,0,0,0,0,1,1,-0.520971533735391,-0.781457300603086,2.55840859626733,2.82842712474619,-2.46598480958036,0,11.9740330402462,10.9720423935434,8.29512452643665,7.68556836968149,5.74547877167686,8.59246812473438,-0.371428673178659,-0.341502684225664,30.7009031552079,33.9411254969543,73.9795442874108,0,2169.69478689262,1744.55474057341,721.675833799989,599.474332835156,321.746811213904,1134.20579246494,-1.43371467846962,-0.40399767543896
"Sergio Romo","P",0.550701095712855,0.552353321455776,"OAK","Oakland Athletics",2021,2021,38.4,12.097,1,1,38.4,12.097,0,0,0,0,0,162,86,76,0,0,10,0,0,0,743,5395,1284,199,687,0.489,0.258,3.98,401,66,18,0,0,9,2,2,0,1,259,0.5,89,4.24,8.2,1.3,3.1,8.8,2.86,4356,324,0,0,81,4,4,0,1,67081,0.25,7921,17.9776,67.24,1.69,9.61,77.44,8.1796,5.64,-1.36,5.64,-1.36,18,0,15,0,118,0,38,0,219.7,0.7,214,0,102,0,96,0,91,0,220,0,37.8,0,5.4,0,18,0,15,0,118,0,38,0,219.7,0.7,214,0,102,0,96,0,91,0,220,0,37.8,0,5.4,0,1,1,1,1,1,1,1,1,1,1,1,1,1,1,1,1,1,1,0,0,0,0,0,0,0,1,-0.042107596053326,-0.0042107596053326,-0.235702260395516,-0.258198889747161,0,-0.486664263392288,-4.12891929089155,-3.82808119133811,-3.26748689182303,-3.2659863237109,-2.20139815711603,-4.04519917477945,-0.759575556778275,-0.537484022157007,-0.235702260395516,-0.258198889747161,0,-1.45999279017686,252.689860602563,214.372546714934,107.82706743016,104.511562358749,46.2293612994366,242.711950486767,3.54721785015454,-0.671317543674102
"Sergio Romo","P",0.49284277429414,0.419851123987034,"MIN","Minnesota Twins",2020,2020,37.4,11.097,0,1,37.4,11.097,0,0,0,0,0,60,36,24,1,1,12,0,0,0,269,1937,468,91,215,0.481,0.263,3.99,401,24,7,0,0,3,0,3,0,0,87,0.333,108,4.34,7.2,1.4,3.2,10.4,3.29,576,49,0,0,9,0,9,0,0,7569,0.110889,11664,18.8356,51.84,1.96,10.24,108.16,10.8241,5.35,-2.14,5.35,-2.14,16,0,14,0,138,0,36,0,211.3,1,221,0,112,0,103,0,87,0,234,0,45,0,5,0,16,0,14,0,138,0,36,0,211.3,1,221,0,112,0,103,0,87,0,234,0,45,0,5,0,1,1,1,1,1,1,1,1,1,1,1,1,1,1,1,1,1,0,0,0,0,0,0,0,1,1,0,0,-0.25,-0.534522483824849,0,-0.833333333333333,-1.37587901602204,-1.0762764703941,-0.850420064270761,-0.886796350347864,-0.750478774386456,-1.50355703605941,-0.603738353924943,-0.514295634824952,-0.25,-1.0690449676497,0,4.16666666666667,27.5175803204407,17.2204235263056,7.65378057843685,7.98116715313077,5.25335142070519,34.5818118293665,-2.44514033339602,-0.591439980048694
"Sergio Romo","P",0.596807924878962,0.65794325274004,"MIA","Miami Marlins",2019,2019,36.4,10.097,1,1,36.4,10.097,0,0,0,0,0,162,57,105,0,0,-48,0,0,0,615,5512,1326,146,808,0.462,0.257,4.31,401,65,33,0,0,7,3,2,1,3,249,0.667,129,3.68,7.5,1,2.5,9,3.53,4225,1089,0,0,49,9,4,1,9,62001,0.444889,16641,13.5424,56.25,1,6.25,81,12.4609,6.18,-1.4,6.18,-1.4,16,0,15,0,89,0,40,0,205.7,0.3,223,0,107,0,97,0,83,0,253,0,32.4,0,9,0,16,0,15,0,89,0,40,0,205.7,0.3,223,0,107,0,97,0,83,0,253,0,32.4,0,9,0,1,1,1,1,1,1,1,1,1,1,1,1,1,1,1,1,1,0,0,0,0,0,0,0,1,1,-0.281581295348195,-0.197106906743737,-0.5,-0.258198889747161,0,-3.16227766016838,-4.19041780270245,-3.34824765091213,-2.61018852042329,-2.33529617980732,-1.86599241982474,-3.77216768077159,-0.602589576354308,-0.37,-1,-0.258198889747161,0,63.2455532033676,251.844109942417,167.412382545606,70.4750900514289,53.7118121355685,31.7218711370205,226.330060846295,-2.06688224689528,-0.4107
"Sergio Romo","P",0.540076934622357,0.52802277303621,"LAD","Los Angeles Dodgers",2017,2017,34.4,8.097,1,1,34.4,8.097,0,0,0,0,0,164,104,58,1,1,46,1,0,0,770,5408,1347,221,580,0.527,0.262,3.53,401,55,12,0,0,9,2,1,1,2,224,0.75,119,4.22,6.8,1.5,3.1,9.5,3.11,3025,144,0,0,81,4,1,1,4,50176,0.5625,14161,17.8084,46.24,2.25,9.61,90.25,9.6721,8.88,-1.33,8.88,-1.33,21,0,16,0,139,0,47,0,233.3,0,198,0,127,0,117,0,85,0,301,0,81,0,9,0,21,0,16,0,139,0,47,0,233.3,0,198,0,127,0,117,0,85,0,301,0,81,0,9,0,1,1,1,1,1,1,1,1,1,1,1,1,1,1,1,1,1,1,0,0,0,0,0,0,1,1,-0.201346816564207,-0.120808089938524,-0.654653670707977,-0.25,0,0,-3.61394641055727,-2.98481002897855,-2.04091997165706,-2.03390071949251,-2.06083934927723,-3.40070346445499,-0.395555555555556,-0.365333333333333,-1.96396101212393,-0.25,0,0,199.489841862761,125.362021217099,46.9411593481124,44.7458158288351,39.1559476362674,200.641504402844,-1.40817777777778,-0.400405333333333
"Shelby Miller","P",0.591394300316098,0.645545431073923,"LAD","Los Angeles Dodgers",2023,2023,32.8,4,1,1,32.8,4,0,0,0,0,0,162,100,62,1,1,38,0,0,0,906,5524,1422,249,699,0.531,0.261,3.52,406,36,12,0,0,3,2,2,0,1,163,1,253,3.68,4.1,0.6,4.1,9,2.21,1296,144,0,0,9,4,4,0,1,26569,1,64009,13.5424,16.81,0.36,16.81,81,4.8841,8.88,-1.33,8.88,-1.33,21,0,16,0,139,0,47,0,233.3,0,198,0,127,0,117,0,85,0,301,0,81,0,9,0,21,0,16,0,139,0,47,0,233.3,0,198,0,127,0,117,0,85,0,301,0,81,0,9,0,1,1,1,1,1,1,1,1,1,1,1,1,1,1,1,1,1,1,0,0,0,0,0,0,1,1,-0.503367041410518,-0.755050562115777,-0.654653670707977,0,-0.0848188929679971,-0.145864991497895,-2.74974183411966,-1.35027120358553,-0.709885207532891,-0.739600261633639,-2.06083934927723,-2.42083975435779,-0.19,-0.301666666666667,-1.96396101212393,0,-0.0848188929679971,-0.145864991497895,115.489157033026,25.6551528681251,5.67908166026313,5.91680209306911,39.1559476362674,101.675269683027,-0.3249,-0.273008333333333
"Shelby Miller","P",0.57908391981857,0.617353246655119,"PIT","Pittsburgh Pirates",2021,2021,30.8,2,1,1,30.8,2,0,0,0,0,0,162,61,101,0,0,-40,0,0,0,609,5336,1261,124,833,0.502,0.264,3.74,406,13,4,0,0,3,0,1,0,0,62,0,49,7.83,11.4,2.1,7.8,5.7,0.73,169,16,0,0,9,0,1,0,0,3844,0,2401,61.3089,129.96,4.41,60.84,32.49,0.5329,4.77,-1.91,4.77,-1.91,19,0,14,0,71,0,51,0,208,0,205,0,99,0,96,0,84,0,210,0,36,0,6,0,19,0,14,0,71,0,51,0,208,0,205,0,99,0,96,0,84,0,210,0,36,0,6,0,1,1,1,1,1,1,1,1,1,1,1,1,1,1,1,1,1,1,0,0,0,0,0,1,0,0,0.091573709299126,-0.0183147418598252,0,-0.267261241912424,0,0,-0.845917799243474,-1.11748847323133,-1.30654915983698,-1.32680694400755,-1.20019839629796,-0.552052447473883,-1.54,-0.870385355268956,0,-0.267261241912424,0,0,10.3201971507704,17.8798155717012,16.9851390778807,17.2484902720982,13.2021823592775,-4.41641957979107,14.2296,1.85566157743341
"Shelby Miller","P",0.508979728648894,0.456806601782249,"TEX","Texas Rangers",2019,2019,28.8,0,1,1,28.8,0,0,0,0,0,0,162,78,84,0,0,-6,0,0,1,810,5540,1374,223,878,0.478,0.259,4.28,406,19,4,0,0,8,1,3,0,1,220,0.25,61,6.4,11.9,1.6,5.9,6.1,1.03,361,16,0,0,64,1,9,0,1,48400,0.0625,3721,40.96,141.61,2.56,34.81,37.21,1.0609,7.73,-1.77,7.73,-1.77,18,0,14,0,113,0,43,0,223.3,0.3,221,0,114,0,106,0,89,0,277,0,108,0,21,0,18,0,14,0,113,0,43,0,223.3,0.3,221,0,114,0,106,0,89,0,277,0,108,0,21,0,1,1,1,1,1,1,1,1,1,1,1,1,1,1,1,0,0,1,0,0,0,0,0,0,0,1,0.359675000632803,-0.359675000632803,-0.235702260395516,-0.801783725737273,-0.752576694706878,0,-2.94447800788463,-3.90150220517861,-4.30829473327579,-4.07940062190051,-3.07399385201844,-1.80252530437833,-0.826573135389814,-0.431416768996557,-0.235702260395516,2.40535117721182,6.02061355765502,0,129.557032346924,226.28712790036,198.181557730686,171.334826119821,89.1458217085349,54.0757591313499,7.1002632329985,-0.852910952306193
"Steve Cishek","P",0.439776134543575,0.48839432817376,"CHC","Chicago Cubs",2019,2020,33.2,4,0,2,33.2,4,0,0,0,0,0,162,84,78,0,0,6,0,0,1,814,5461,1378,256,717,0.514,0.263,3.68,410,70,23,0,0,7,1,7,0,4,267,0.4,150,4.54,6.8,1,4.1,8,1.97,4900,529,0,0,49,1,49,0,16,71289,0.16,22500,20.6116,46.24,1,16.81,64,3.8809,8.29,-2.3,8.29,-2.3,22,0,18,0,148,0,36,0,229,0.3,210,0,110,0,103,0,95,0,236,0,108,0,12,0,22,0,18,0,148,0,36,0,229,0.3,210,0,110,0,103,0,95,0,236,0,108,0,12,0,1,1,1,1,1,1,1,1,1,1,1,1,1,1,0,0,1,0,0,0,0,0,0,0,1,1,-0.59043440490011,-1.00373848833019,-0.852802865422442,-1.4142135623731,0,-1.16666666666667,-4.22923904291257,-3.3123146848433,-2.0976176963403,-2.06919148414502,-2.97533722104695,-3.71038396295348,-0.283863882351566,-0.34727618691756,3.41121146168977,8.48528137423857,0,8.16666666666667,270.671298746405,158.991104872478,46.1475893194867,43.4530211670453,86.2847794103615,211.491885888348,-0.83739845293712,-0.417773252861825
"Steve Cishek","P",0.580239647675649,0.600186743829273,"CHC","Chicago Cubs",2018,2019,32.2,2,1,2,32.2,2,0,0,0,0,0,163,95,68,0,1,27,0,0,0,761,5624,1453,167,645,0.513,0.263,3.68,410,80,10,0,0,5,4,9,0,2,288,0.571,192,3.44,5.8,0.6,3.6,10,2.79,6400,100,0,0,25,16,81,0,4,82944,0.326041,36864,11.8336,33.64,0.36,12.96,100,7.7841,8.29,-2.3,8.29,-2.3,22,0,18,0,148,0,36,0,229,0.3,210,0,110,0,103,0,95,0,236,0,108,0,12,0,22,0,18,0,148,0,36,0,229,0.3,210,0,110,0,103,0,95,0,236,0,108,0,12,0,1,0,1,1,1,1,1,1,1,1,1,1,1,1,0,1,1,1,0,0,0,0,0,0,1,1,-0.694628711647188,1.38925742329438,-0.852802865422442,-0.707106781186548,0,-0.666666666666667,-4.63233838919018,-3.10529501704059,-1.81157891956663,-1.6750597728793,-2.87273938583843,-5.07736752825213,-0.209770597805564,-0.299644789709416,3.41121146168977,-2.12132034355964,0,-2.66666666666667,324.726921082232,139.738275766827,34.4199994717659,28.4760161389481,80.4367028034761,396.034667203666,-0.45729990321613,-0.311031291718374
"Steve Cishek","P",0.581907434497633,0.602887483919222,"SEA","Seattle Mariners",2016,2017,30.2,0,1,2,30.2,0,0,0,0,0,0,162,86,76,0,0,10,0,0,1,768,5583,1446,223,707,0.47,0.26,4.32,410,62,40,0,0,8,2,4,0,4,258,0.4,144,3.57,6.2,1.1,3,10.7,3.62,3844,1600,0,0,64,4,16,0,16,66564,0.16,20736,12.7449,38.44,1.21,9,114.49,13.1044,7.04,-1.35,7.04,-1.35,18,0,16,0,87,0,57,0,236,0.7,232,0,117,0,107,0,67,0,248,0,36,0,7,0.3,18,0,16,0,87,0,57,0,236,0.7,232,0,117,0,107,0,67,0,248,0,36,0,7,0.3,1,1,1,1,1,1,1,1,1,1,1,1,1,1,0,0,1,0,0,0,0,0,0,0,1,1,-0.603022689155527,-0.964836302648844,-0.942809041582063,-1.5,0,-3.31133089266261,-4.16604515138636,-2.8887415229139,-1.9414506867883,-1.93347297809133,-2.56555833148241,-4.82600482600724,-0.468333333333333,-0.384011904577375,3.77123616632825,9,0,82.7832723165652,266.626889688727,127.104627008211,40.7704644225543,38.6694595618265,53.8767249611306,366.77636677655,-1.31601666666667,-0.390156095050613
"Tj Mcfarland","P",0.568576352386697,0.593289711097313,"STL","St Louis Cardinals",2021,2021,32.2,4,1,1,32.2,4,0,0,0,0,0,162,90,72,0,1,18,0,0,0,706,5351,1303,198,672,0.521,0.266,3.68,415,38,7,0,0,3,1,0,0,0,144,0.8,154,3.79,7.4,0.7,2.1,4.9,2.33,1444,49,0,0,9,1,0,0,0,20736,0.64,23716,14.3641,54.76,0.49,4.41,24.01,5.4289,6.3,-1.99,6.3,-1.99,20,0,14,0,94,0,48,0,241.7,0.3,226,0,110,0,107,0,86,0,231,0,36,0,7,0,20,0,14,0,94,0,48,0,241.7,0.3,226,0,110,0,107,0,86,0,231,0,36,0,7,0,1,1,1,1,1,1,1,1,1,1,1,1,1,1,0,1,1,1,0,0,0,0,0,0,1,1,-0.318727629155838,-0.254982103324671,-0.894427190999916,-0.267261241912424,0,0,-2.45711247965805,-2.12860833676077,-1.04880884817015,-1.06341013795023,-0.970494958830946,-1.38169855941551,-0.426666666666667,-0.400642341389781,3.57770876399966,-0.267261241912424,0,0,93.8616967229377,68.1154667763445,11.5368973298717,11.6975115174525,8.73445462947851,29.0156697477258,-1.09226666666667,-0.424680881873168
"Tj Mcfarland","P",0.522720861309781,0.488275372887802,"OAK","Oakland Athletics",2020,2020,31.2,3,1,1,31.2,3,0,0,0,0,0,60,36,24,1,1,12,0,0,0,274,1908,430,71,232,0.489,0.258,3.98,415,23,2,0,0,5,0,1,0,1,92,1,97,6.34,11.3,2.2,2.2,3.9,1.8,529,4,0,0,25,0,1,0,1,8464,1,9409,40.1956,127.69,4.84,4.84,15.21,3.24,5.64,-1.36,5.64,-1.36,18,0,15,0,118,0,38,0,219.7,0.7,214,0,102,0,96,0,91,0,220,0,37.8,0,5.4,0,18,0,15,0,118,0,38,0,219.7,0.7,214,0,102,0,96,0,91,0,220,0,37.8,0,5.4,0,1,1,1,1,1,1,1,1,1,1,1,1,1,1,1,1,1,1,0,0,0,0,1,1,0,1,-0.042107596053326,-0.0042107596053326,-0.471404520791032,0,0,0,-1.36281323000015,-1.77732341026412,-0.990147542976674,-1.02062072615966,-0.524142418360959,-0.606779876216918,-0.707527552887687,-0.645497224367903,-0.942809041582063,0,0,0,27.5288272460031,46.2104086668672,9.90147542976674,10.2062072615966,-2.6207120918048,-5.46101888595226,3.07774485506144,-0.968245836551854
"Tj Mcfarland","P",0.560619619816453,0.575067880176941,"ARI","Arizona Diamondbacks",2019,2019,30.2,2,0,1,30.2,2,0,0,0,0,0,162,85,77,0,0,8,0,0,0,813,5633,1419,220,743,0.495,0.257,4.21,415,51,13,0,0,6,5,1,0,1,250,0,93,4.48,11.4,1,3.2,5.6,1.75,2601,169,0,0,36,25,1,0,1,62500,0,8649,20.0704,129.96,1,10.24,31.36,3.0625,5.73,-1.54,5.73,-1.54,21,0,15,0,124,0,45,0,222,0.3,227,0,114,0,98,0,84,0,246,0,37.13,0,6.75,0,21,0,15,0,124,0,45,0,222,0.3,227,0,114,0,98,0,84,0,246,0,37.13,0,6.75,0,1,1,1,1,1,1,1,1,1,1,1,1,1,1,1,1,1,1,0,0,0,0,0,0,0,1,0.250653595886614,-0.150392157531968,0,0,0,0,-3.75847390919854,-4.7124355123598,-3.27805034053593,-3.03045763365663,-2.18217890235992,-2.23151849572168,-0.79101471683626,-0.625462791622095,0,0,0,0,210.474538915118,334.582921377546,114.731761918758,90.913729009699,43.6435780471985,78.1031473502589,3.81269093515077,-1.0163770363859
"Tj Mcfarland","P",0.580433350580678,0.620443597998312,"ARI","Arizona Diamondbacks",2018,2018,29.2,1,0,1,29.2,1,0,0,0,0,0,162,82,80,0,0,2,0,0,0,693,5460,1283,176,644,0.493,0.257,4.21,415,47,21,0,0,4,3,0,0,2,292,0.5,211,3.63,8,0.5,2.8,5.3,1.91,2209,441,0,0,16,9,0,0,4,85264,0.25,44521,13.1769,64,0.25,7.84,28.09,3.6481,5.73,-1.54,5.73,-1.54,21,0,15,0,124,0,45,0,222,0.3,227,0,114,0,98,0,84,0,246,0,37.13,0,6.75,0,21,0,15,0,124,0,45,0,222,0.3,227,0,114,0,98,0,84,0,246,0,37.13,0,6.75,0,1,0,1,1,1,1,1,1,1,1,1,1,1,1,1,1,1,1,0,0,0,0,0,0,1,1,-0.668409589030971,1.06945534244955,-0.436435780471985,-0.516397779494322,0,-0.149071198499986,-4.83232359754098,-4.24782919423982,-1.68585446084705,-1.61624407128354,-2.40039679259592,-2.67782219486602,-0.328221874205917,-0.459570814274942,-0.87287156094397,-1.03279555898864,0,-0.149071198499986,347.92729902295,271.861068431349,30.3453802952469,25.8599051405366,52.8087294371102,112.468532184373,-0.656443748411834,-0.548727552244281
"Tj Mcfarland","P",0.556876061753978,0.566494702499697,"ARI","Arizona Diamondbacks",2017,2017,28.2,0,1,1,28.2,0,0,0,0,0,0,162,93,69,0,1,24,0,0,0,812,5525,1405,220,659,0.493,0.258,4.23,415,43,22,0,0,4,6,2,0,2,241,0.444,88,4.1,10.8,0.7,2.8,4.8,1.71,1849,484,0,0,16,36,4,0,4,58081,0.197136,7744,16.81,116.64,0.49,7.84,23.04,2.9241,5.73,-1.54,5.73,-1.54,21,0,15,0,124,0,45,0,222,0.3,227,0,114,0,98,0,84,0,246,0,37.13,0,6.75,0,21,0,15,0,124,0,45,0,222,0.3,227,0,114,0,98,0,84,0,246,0,37.13,0,6.75,0,1,1,1,1,1,1,1,1,1,1,1,1,1,1,0,0,1,1,0,0,0,0,0,0,0,1,0.375980393829921,-0.338382354446929,-0.87287156094397,-1.29099444873581,-0.0898026510133875,0,-3.62424269815573,-4.31420152539982,-3.93366040864311,-3.23248814256707,-1.85485206700594,-1.84897246788368,-0.874711294758769,-0.584663372599361,3.49148624377588,6.45497224367903,-0.0898026510133875,0,195.709105700409,280.423099150988,165.213737163011,103.439620562146,31.5324851391009,53.6202015686267,4.66221120106424,-0.888103662978429
"Tommy Hunter","P",0.581646920545579,0.623222812520761,"NYM","New York Mets",2022,2022,36.1,8,1,1,36.1,8,0,0,0,0,0,162,101,61,0,1,40,0,0,1,772,5489,1422,171,606,0.483,0.25,3.79,417,18,7,0,0,4,0,0,0,1,94,0,162,4.28,8.5,1.6,2.4,8.9,3.67,324,49,0,0,16,0,0,0,1,8836,0,26244,18.3184,72.25,2.56,5.76,79.21,13.4689,9.47,-1.32,9.47,-1.32,20,0,13,0,87,0,51,0,233.7,0.3,220,0,111,0,102,0,79,0,269,0,54,0,7,0,20,0,13,0,87,0,51,0,233.7,0.3,220,0,111,0,102,0,79,0,269,0,54,0,7,0,1,1,1,1,1,1,1,1,1,1,1,1,1,1,1,1,1,1,0,0,0,1,1,0,1,1,-0.0974869010776924,-0.0292460703233077,0,-0.277350098112615,0,0,-1.44564919092647,-1.41581971117281,-0.759326396601999,-0.594088525786005,-0.675052740555614,-1.34136367386932,-0.329320287640849,-0.456959047868156,0,-0.277350098112615,0,0,31.948847119475,29.732213934629,6.07461117281599,-3.56453115471603,-4.05031644333369,29.5100008251251,-0.796955096090856,-0.5524634888726
"Tommy Hunter","P",0.547980012140159,0.546121727727554,"PHI","Philadelphia Phillies",2020,2020,34.1,6,0,1,34.1,6,0,0,0,0,0,60,28,32,0,0,-4,0,0,0,306,1948,501,82,311,0.472,0.261,3.98,417,24,1,0,0,2,0,3,0,0,102,0,113,3.31,8,0.7,2.2,9.1,4.17,576,1,0,0,4,0,9,0,0,10404,0,12769,10.9561,64,0.49,4.84,82.81,17.3889,9.69,-1.47,9.69,-1.47,17,0,18,0,116,0,39,0,232.7,0.3,214,0,122,0,109,0,96,0,238,0,37.8,0,5,0,17,0,18,0,116,0,39,0,232.7,0.3,214,0,122,0,109,0,96,0,238,0,37.8,0,5,0,1,1,1,1,1,1,1,1,1,1,1,1,1,1,1,1,1,1,0,0,0,0,1,0,1,1,-0.192747769860971,-0.115648661916582,0,-0.235702260395516,0,-0.160128153805087,-1.58641633966318,-1.50388903945426,-0.995893206467704,-1.05360891374327,-0.612372435695795,-1.62050930888041,-0.652226548753936,-0.507587430892452,0,-0.235702260395516,0,-0.160128153805087,38.391275419849,33.0855588679937,10.9548252711447,11.5896980511759,-3.67423461417477,40.5127327220103,-2.61542846050328,-0.576111734062933
"Tommy Hunter","P",0.282167791339026,0.161038229412302,"PHI","Philadelphia Phillies",2019,2020,33.1,4,0,2,33.1,4,0,0,0,0,0,162,81,81,0,0,0,0,0,1,774,5571,1369,215,794,0.472,0.261,3.98,417,5,1,0,0,0,0,0,0,0,18,0,0,1.34,3.4,0,0,8.4,0,25,1,0,0,0,0,0,0,0,324,0,0,1.7956,11.56,0,0,70.56,0,9.69,-1.47,9.69,-1.47,17,0,18,0,116,0,39,0,232.7,0.3,214,0,122,0,109,0,96,0,238,0,37.8,0,5,0,17,0,18,0,116,0,39,0,232.7,0.3,214,0,122,0,109,0,96,0,238,0,37.8,0,5,0,1,1,1,1,1,1,1,1,1,1,1,1,1,1,1,1,1,1,1,1,1,1,1,1,1,1,-0.0642492566203235,-0.0128498513240647,0,0,0,0,-0.334327410424885,-0.136717185404933,0,0,0,-0.324101861776082,0,-0.167705098312484,0,0,0,0,-1.70506979316691,-0.273434370809865,0,0,0,-1.62050930888041,0,-0.0628894118671816
"Tommy Hunter","P",0.585459015603984,0.608638757013711,"PHI","Philadelphia Phillies",2018,2019,32.1,2,1,2,32.1,2,0,0,0,0,0,162,80,82,0,0,-2,0,0,1,677,5424,1270,186,728,0.472,0.261,3.98,417,65,10,0,0,6,1,3,0,1,270,0.556,109,3.63,9.1,0.8,2.1,7.2,3.4,4225,100,0,0,36,1,9,0,1,72900,0.309136,11881,13.1769,82.81,0.64,4.41,51.84,11.56,9.69,-1.47,9.69,-1.47,17,0,18,0,116,0,39,0,232.7,0.3,214,0,122,0,109,0,96,0,238,0,37.8,0,5,0,17,0,18,0,116,0,39,0,232.7,0.3,214,0,122,0,109,0,96,0,238,0,37.8,0,5,0,1,1,1,1,1,1,1,1,1,1,1,1,1,1,0,0,1,1,0,0,0,0,0,0,1,1,-0.417620168032103,-0.542906218441734,-1.21267812518166,-0.942809041582063,0,-0.640512615220349,-4.1954812288613,-4.44330852566031,-2.53500088919052,-2.58613097009711,-1.53093108923949,-3.30583899011604,-0.618070046200738,-0.559016994374947,6.06339062590832,3.77123616632825,0,-2.56205046088139,268.510798647123,288.81505416792,70.9800248973345,69.8255361926219,22.9639663385923,168.597788495918,-2.3486661755628,-0.698771242968684
"Tommy Hunter","P",0.749821575789305,0.808019268896482,"CLE","Cleveland Guardians",2016,2016,30.1,0,1,1,30.1,0,0,0,0,0,0,161,94,67,1,1,27,1,0,0,777,5484,1435,185,676,0.51,0.266,3.84,417,33,8,0,0,1,1,2,0,0,139,0.5,142,3.06,9.3,0.3,2.1,6.1,2.88,1089,64,0,0,1,1,4,0,0,19321,0.25,20164,9.3636,86.49,0.09,4.41,37.21,8.2944,3.88,-0.91,3.88,-0.91,16,0,15,0,33,0,44,0,200,5,178,10,110,7,100,6,73,1,204,0,12.6,1.36,2.2,0.73,16,0,15,0,33,0,44,0,200,5,178,10,110,7,100,6,73,1,204,0,12.6,1.36,2.2,0.73,1,1,1,1,1,1,1,1,1,1,1,1,1,1,1,1,1,1,0,0,0,0,0,0,0,0,-0.253836541283405,-0.126918270641702,-0.5,-0.516397779494322,0,0,-2.40416305603426,-2.62336091148551,-1.23950136601927,-1.2,-0.936329177569045,-1.61032209663221,-0.895863510012228,-0.852862826016001,-1,-1.03279555898864,0,0,81.7415439051649,91.817631901993,16.1135177582505,14.4,7.49063342055236,37.0374082225409,2.84884596183888,1.07887147491024
"Tommy Kahnle","P",0.507948555390777,0.614580156070129,"NYY","New York Yankees",2023,2024,34.5,2.5,1,2,35,3,0,0,0,0,0,162,94,68,1,1,26,1,0,0,815,5450,1352,237,668,0.569,0.265,3.66,418,50,8,0,0,5,1,2,0,1,179,0,192,4.01,6.3,1.1,4,9.7,2.42,2500,64,0,0,25,1,4,0,1,32041,0,36864,16.0801,39.69,1.21,16,94.09,5.8564,6.43,-1.51,6.43,-1.51,19,0,15,0,137,0,42,0,237.3,0.3,230,0,122,0,112,0,83,0,257,0,27,0,10.5,0,19,0,15,0,137,0,42,0,237.3,0.3,230,0,122,0,112,0,83,0,257,0,27,0,10.5,0,1,1,1,1,1,1,1,1,1,1,1,1,1,1,1,1,1,1,0,0,0,0,0,0,1,1,-0.31548920269004,-0.252391362152032,0,-0.516397779494322,0,-0.154303349962092,-2.73945128479436,-1.97814142018736,-1.4485719366803,-0.944911182523068,-2.08552093980412,-2.8694011631383,-0.406069689330037,-0.354280491512963,0,-1.03279555898864,0,-0.154303349962092,115.604844218322,59.3442426056208,23.1771509868847,9.44911182523068,39.6248978562782,131.992453504362,-0.856807044486378,-0.406714004256882
"Tommy Kahnle","P",0.62813213964506,0.677741723497123,"LAD","Los Angeles Dodgers",2021,2022,33,1,1,2,33,1,0,0,0,0,0,162,111,51,1,1,60,0,0,2,847,5526,1418,212,513,0.531,0.261,3.52,418,13,2,0,0,2,0,3,0,1,46,0,145,4.38,3.6,1.4,2.1,9.9,4.67,169,4,0,0,4,0,9,0,1,2116,0,21025,19.1844,12.96,1.96,4.41,98.01,21.8089,8.88,-1.33,8.88,-1.33,21,0,16,0,139,0,47,0,233.3,0,198,0,127,0,117,0,85,0,301,0,81,0,9,0,21,0,16,0,139,0,47,0,233.3,0,198,0,127,0,117,0,85,0,301,0,81,0,9,0,1,1,1,1,1,1,1,1,1,1,1,1,1,1,1,1,1,1,0,1,1,1,1,0,1,1,-0.100673408282104,-0.0302020224846311,0,0,0,-0.145864991497895,-0.798734532768092,-0.355334527259351,-0.354942603766446,-0.369800130816819,-0.325395686727984,-0.806946584785929,-0.315555555555556,-0.210666666666667,0,0,0,-0.145864991497895,9.74456129977072,-1.77667263629675,-1.41977041506578,-1.47920052326728,-0.976187060183953,11.297252187003,-0.896177777777778,-0.133141333333333
"Tony Barnette","P",0.525447345323541,0.494519334245964,"TEX","Texas Rangers",2018,2018,34.8,2,0,1,34.8,2,0,0,0,0,0,162,67,95,0,0,-28,0,0,1,737,5453,1308,194,848,0.478,0.26,4.26,420,22,5,0,0,2,0,2,0,0,104,1,201,2.97,6.5,0.7,1.7,8.9,5.2,484,25,0,0,4,0,4,0,0,10816,1,40401,8.8209,42.25,0.49,2.89,79.21,27.04,7.73,-1.77,7.73,-1.77,18,0,14,0,113,0,43,0,223.3,0.3,221,0,114,0,106,0,89,0,277,0,108,0,21,0,18,0,14,0,113,0,43,0,223.3,0.3,221,0,114,0,106,0,89,0,277,0,108,0,21,0,1,1,1,1,1,1,1,1,1,1,1,1,1,1,1,1,1,1,0,0,0,1,1,0,1,1,-0.179837500316402,-0.0899187501582008,-0.471404520791032,0,0,0,-1.74661081831338,-1.27807830859299,-1.03024439273986,-0.679900103650085,-0.52999894000318,-1.56218859712789,-0.229977857227201,-0.198796498004989,-0.942809041582063,0,0,0,45.5865423579793,24.2834878632669,11.3326883201385,-4.75930072555059,-2.6499947000159,40.616903525325,-0.54964707877301,-0.181103609682545
"Tony Barnette","P",0.505216974987315,0.536532338689662,"TEX","Texas Rangers",2016,2017,33.3,0.5,1,2,33.8,1,0,0,0,0,0,162,78,84,0,0,-6,0,0,1,799,5430,1326,237,816,0.479,0.26,4.25,420,50,7,0,0,7,4,2,0,4,252,0.667,88,4.01,10,1.1,3.5,8.9,2.59,2500,49,0,0,49,16,4,0,16,63504,0.444889,7744,16.0801,100,1.21,12.25,79.21,6.7081,7.73,-1.77,7.73,-1.77,18,0,14,0,113,0,43,0,223.3,0.3,221,0,114,0,106,0,89,0,277,0,108,0,21,0,18,0,14,0,113,0,43,0,223.3,0.3,221,0,114,0,106,0,89,0,277,0,108,0,21,0,1,1,1,1,1,1,1,1,1,1,1,1,1,1,1,1,1,1,0,0,0,0,0,0,1,1,0.0359675000632803,-0.00359675000632803,-0.471404520791032,-0.267261241912424,0,-0.304997140665209,-3.82112941477756,-4.3051058815764,-3.3717089216941,-3.39950051825042,-2.33199533601399,-3.42479807831883,-0.528275496308508,-0.327326835353989,-0.942809041582063,-0.267261241912424,0,-0.609994281330419,218.186489583799,275.52677642089,121.381521180988,118.982518138765,51.3038973923078,195.213490464173,-2.90023247473371,-0.490990253030983
"Trevor Cahill","P",0.425723630190066,0.266140579540886,"LAA","Los Angeles Angels",2019,2019,31.4,9.098,1,1,31.4,9.098,0,0,0,0,0,162,72,90,0,0,-18,0,0,1,769,5542,1368,220,868,0.499,0.257,3.97,423,37,12,0,0,25,0,6,0,14,455,0.308,77,6.13,9.8,2.2,3.4,7.1,2.08,1369,144,0,0,625,0,36,0,196,207025,0.094864,5929,37.5769,96.04,4.84,11.56,50.41,4.3264,6.93,-1.88,6.93,-1.88,20,0,15,0,153,0,41,0,238.3,0.3,211,0,109,0,102,0,91,0,219,0,37.8,0,9,0,20,0,15,0,153,0,41,0,238.3,0.3,211,0,109,0,102,0,91,0,219,0,37.8,0,9,0,1,1,1,0,1,1,1,0,0,0,1,1,1,1,0,0,0,1,0,0,0,0,0,0,0,1,0.0379868588198793,-0.00379868588198793,-0.894427190999916,2.32379000772445,-0.889297291799888,0,-6.61399284735091,7.64155513811881,6.80056662507017,6.73300329224139,-4.08831086321548,-5.47347276503584,-0.972647072705371,-0.488666666666667,3.57770876399966,20.91411006952,9.78227020979876,0,675.288669714528,848.212620331188,482.840230379982,457.844223872414,159.444123665404,443.351293967903,5.81642949477812,-0.716385333333333
"Trevor Cahill","P",0.675678561235644,0.838566063370666,"OAK","Oakland Athletics",2018,2018,30.4,8.098,1,1,30.4,8.098,0,0,0,0,0,162,97,65,0,1,32,0,0,0,813,5579,1407,227,674,0.488,0.259,3.98,423,21,0,0,0,8,0,5,0,8,450,0.636,110,3.54,7.4,0.7,3.4,8.2,2.44,441,0,0,0,64,0,25,0,64,202500,0.404496,12100,12.5316,54.76,0.49,11.56,67.24,5.9536,5.64,-1.36,5.64,-1.36,18,0,15,0,118,0,38,0,219.7,0.7,214,0,102,0,96,0,91,0,220,0,37.8,0,5.4,0,18,0,15,0,118,0,38,0,219.7,0.7,214,0,102,0,96,0,91,0,220,0,37.8,0,5.4,0,1,1,1,1,1,1,1,1,0,1,1,1,1,1,0,0,0,1,0,0,0,0,0,0,1,1,-0.589506344746563,-0.825308882645189,-1.64991582276861,-1.03279555898864,-1.84114923579665,0,-7.42126016336717,-6.15227334322197,5.14876722347871,-4.69485534033443,-4.29796783055987,-6.74199862463242,-0.611564045714414,-0.512524796148115,11.5494107593803,4.13118223595458,36.8229847159329,0,816.338617970389,553.704600889977,267.735895620893,215.963345655384,176.216681052954,674.199862463242,-2.2994808118862,-0.610417032212405
"Trevor Cahill","P",0.491790050217299,0.417440265011361,"CHC","Chicago Cubs",2016,2016,28.4,6.098,0,1,28.4,6.098,0,0,0,0,0,162,103,58,1,1,45,1,1,0,808,5503,1409,199,556,0.513,0.263,3.68,423,50,16,0,0,7,3,5,0,3,284,0.5,153,4.35,6.7,1,4.8,9,1.89,2500,256,0,0,49,9,25,0,9,80656,0.25,23409,18.9225,44.89,1,23.04,81,3.5721,8.29,-2.3,8.29,-2.3,22,0,18,0,148,0,36,0,229,0.3,210,0,110,0,103,0,95,0,236,0,108,0,12,0,22,0,18,0,148,0,36,0,229,0.3,210,0,110,0,103,0,95,0,236,0,108,0,12,0,1,1,1,1,1,1,1,1,1,1,1,1,1,1,0,0,1,1,0,0,0,0,0,0,1,1,-0.347314355823594,-0.347314355823594,-0.852802865422442,-0.942809041582063,-0.0821994936526786,0,-4.30853727496719,-3.38132124077754,-2.0976176963403,-1.97065855632859,-3.59092423229804,-4.29623406236719,-0.263656622929929,-0.369215497146766,3.41121146168977,3.77123616632825,-0.0821994936526786,0,280.91663032786,165.684740798099,46.1475893194867,39.4131711265717,125.682348130431,283.551448116234,-0.722419146828006,-0.472226620850713
"Trevor Megill","P",0.586658063187716,0.634698904388467,"MIL","Milwaukee Brewers",2024,2024,30.7,1,1,1,30.7,1,0,0,0,0,0,162,93,69,1,1,24,0,0,0,777,5472,1359,177,641,0.487,0.256,4.14,426,48,26,0,0,4,4,1,0,4,183,0.25,153,3.1,6.4,0.8,2.7,9.7,3.57,2304,676,0,0,16,16,1,0,16,33489,0.0625,23409,9.61,40.96,0.64,7.29,94.09,12.7449,5.64,-2.19,5.64,-2.19,17,0,16,0,97,0,46,0,212.3,0.3,214,0,108,0,99,0,86,0,243,0,54,0,9,0,17,0,16,0,97,0,46,0,212.3,0.3,214,0,108,0,99,0,86,0,243,0,54,0,9,0,1,1,1,1,1,1,1,1,1,1,1,1,1,1,1,0,1,0,0,0,0,0,0,0,1,1,-0.505291152639911,-0.606349383167894,-0.242535625036333,-0.75,0,-3.09628107925284,-3.16392316554249,-2.25583355918139,-1.539600717839,-1.4070529413629,-1.50965882484814,-3.20750149549792,-0.370145116687236,-0.338,-0.242535625036333,2.25,0,65.0219026643096,145.856857931509,74.4425074529858,24.633611485424,19.6987411790806,21.1352235478739,160.375074774896,-1.00679471738928,-0.342732
"Trevor Megill","P",0.550615340863632,0.552156933007459,"MIN","Minnesota Twins",2022,2022,28.7,0,0,1,28.7,0,0,0,0,0,0,162,78,84,0,0,-6,0,0,3,696,5476,1356,178,684,0.481,0.263,4,426,39,11,0,0,4,0,1,0,2,196,0.571,82,3.29,10,0.8,3.4,9.8,2.88,1521,121,0,0,16,0,1,0,4,38416,0.326041,6724,10.8241,100,0.64,11.56,96.04,8.2944,5.35,-2.14,5.35,-2.14,16,0,14,0,138,0,36,0,211.3,1,221,0,112,0,103,0,87,0,234,0,45,0,5,0,16,0,14,0,138,0,36,0,211.3,1,221,0,112,0,103,0,87,0,234,0,45,0,5,0,1,1,1,1,1,1,1,1,1,1,1,1,1,1,0,0,1,1,0,0,0,0,0,0,0,1,0.25940262070027,-0.155641572420162,-1,-0.801783725737273,0,0,-3.09572778604958,-3.36336396998156,-2.7402424293169,-2.3647902675943,-1.82259130922425,-3.20323020725701,-0.715541752799933,-0.665901043699437,4,2.40535117721182,0,0,139.307750372231,168.168198499078,79.46703045019,56.7549664222633,30.9840522568123,156.958280155593,3.43460041343968,-0.991526654068462
"Ty Blach","P",0.548256978143713,0.546756011667965,"COL","Colorado Rockies",2023,2023,32.8,1,0,1,32.8,1,0,0,0,0,0,162,59,103,0,0,-44,0,0,0,721,5496,1368,163,957,0.465,0.272,5,429,20,2,0,0,15,0,6,0,1,352,0.5,90,5.63,12,1.7,2.8,5.8,2.08,400,4,0,0,225,0,36,0,1,123904,0.25,8100,31.6969,144,2.89,7.84,33.64,4.3264,7.74,-1.53,7.74,-1.53,16,0,15,0,129,0,43,0,202.3,0.3,206,0,109,0,101,0,87,0,230,0,54,0,15,0,16,0,15,0,129,0,43,0,202.3,0.3,206,0,109,0,101,0,87,0,230,0,54,0,15,0,1,1,1,1,1,1,1,0,1,1,1,1,1,1,0,0,0,1,0,0,0,0,0,0,0,1,-0.0718885154689589,-0.0143777030937918,-0.75,-0.774596669241483,-1.14458617822331,0,-5.48399008988722,7.24602334863282,-4.88491405462787,-4.77617851300795,-2.57307008361071,-3.29690236697894,-0.753898509723267,-0.423704378075091,2.25,2.32379000772445,14.879620316903,0,427.751227011203,753.586428257814,249.130616786021,229.256568624382,61.753682006657,164.845118348947,4.1765977438669,-0.695298884421225
"Ty Blach","P",0.560170129848133,0.574038496553597,"COL","Colorado Rockies",2022,2022,31.8,0,0,1,31.8,0,0,0,0,0,0,162,68,94,0,0,-26,0,0,0,698,5540,1408,149,873,0.469,0.272,4.98,429,24,10,0,0,4,2,2,0,1,193,1,79,3.86,10.4,0.8,2.2,5.9,2.64,576,100,0,0,16,4,4,0,1,37249,1,6241,14.8996,108.16,0.64,4.84,34.81,6.9696,7.74,-1.53,7.74,-1.53,16,0,15,0,129,0,43,0,202.3,0.3,206,0,109,0,101,0,87,0,230,0,54,0,15,0,16,0,15,0,129,0,43,0,202.3,0.3,206,0,109,0,101,0,87,0,230,0,54,0,15,0,1,1,1,1,1,1,1,1,1,1,1,1,1,1,1,1,1,1,0,0,0,0,0,0,0,1,0.0359442577344795,-0.00359442577344795,-0.25,0,-0.0880450906325624,-0.152498570332605,-3.10056362774393,-3.55333837288725,-2.77769622714134,-2.88560785160897,-1.17932378832157,-1.91220337284778,-0.801527476944051,-0.360962047866531,-0.25,0,-0.0880450906325624,-0.152498570332605,136.734855983507,181.22025701725,80.5531905870988,83.6826276966601,12.9725616715373,55.4538978125857,4.72099683920046,-0.504624942917411
"Tyler Clippard","P",0.539555947282465,0.526829652224953,"MIN","Minnesota Twins",2020,2020,35.5,10.134,1,1,35.5,10.134,0,0,0,0,0,60,36,24,1,1,12,0,0,0,269,1937,468,91,215,0.481,0.263,3.99,432,26,1,0,0,2,0,0,0,2,98,0.667,157,2.65,6.6,0.7,1.4,9,6.5,676,1,0,0,4,0,0,0,4,9604,0.444889,24649,7.0225,43.56,0.49,1.96,81,42.25,5.35,-2.14,5.35,-2.14,16,0,14,0,138,0,36,0,211.3,1,221,0,112,0,103,0,87,0,234,0,45,0,5,0,16,0,14,0,138,0,36,0,211.3,1,221,0,112,0,103,0,87,0,234,0,45,0,5,0,1,1,1,1,1,1,1,1,1,1,1,1,1,1,1,1,1,1,0,0,0,0,1,0,1,1,-0.172935080466847,-0.0691740321867387,-0.5,-0.267261241912424,-0.17025130615175,0,-1.78864272082865,-1.27807830859299,-0.850420064270761,-0.788263422531435,-0.428845013935118,-1.69967317119759,-0.412927219844961,-0.395784032017463,-1,-0.267261241912424,-0.340502612303499,0,46.5047107415448,24.2834878632669,7.65378057843685,6.30610738025148,-1.71538005574047,44.1915024511375,-1.14380839897054,-0.350268868335455
"Tyler Clippard","P",0.581224128364649,0.622254569895118,"CLE","Cleveland Guardians",2019,2019,34.5,9.148,1,1,34.5,9.148,0,0,0,0,0,162,93,69,0,0,24,0,0,1,769,5425,1354,223,657,0.512,0.266,3.83,432,53,7,0,0,8,0,7,0,3,241,1,163,3.89,5.5,1.2,2.2,9.3,4.27,2809,49,0,0,64,0,49,0,9,58081,1,26569,15.1321,30.25,1.44,4.84,86.49,18.2329,3.88,-0.91,3.88,-0.91,16,0,15,0,33,0,44,0,200,5,178,10,110,7,100,6,73,1,204,0,12.6,1.36,2.2,0.73,16,0,15,0,33,0,44,0,200,5,178,10,110,7,100,6,73,1,204,0,12.6,1.36,2.2,0.73,1,0,1,1,1,1,1,1,1,1,1,1,1,1,1,1,1,1,0,0,0,0,0,0,0,1,-0.710742315593533,0.995039241830947,-0.25,0,-0.522232967867094,0,-4.38406204335659,-2.84822041818427,-1.90692517849118,-2,-1.75561720794196,-4.48089626888963,-0.816982446237566,-0.576440882406072,-0.25,0,-1.56669890360128,0,271.811846688109,108.232375891002,38.1385035698237,40,26.3342581191294,286.777361208936,2.36924909408894,-0.492856954457192
"Tyler Clippard","P",0.550701095712855,0.552353321455776,"TOR","Toronto Blue Jays",2018,2018,33.5,8.148,1,1,33.5,8.148,0,0,0,0,0,162,73,89,0,0,-16,0,0,0,709,5477,1336,217,832,0.496,0.261,4.23,432,73,22,0,0,13,0,2,0,7,285,0.571,116,4.24,7.5,1.7,3,11.1,3.7,5329,484,0,0,169,0,4,0,49,81225,0.326041,13456,17.9776,56.25,2.89,9,123.21,13.69,6.59,-1.53,6.59,-1.53,20,0,15,0,129,0,39,0,224.7,0.3,228,0,113,0,105,0,85,0,248,0,40.5,0,9,0,20,0,15,0,129,0,39,0,224.7,0.3,228,0,113,0,105,0,85,0,248,0,40.5,0,9,0,1,1,1,1,1,1,1,1,1,1,1,1,1,1,0,0,1,0,0,0,0,0,0,0,1,1,-0.506408101635553,-0.658330532126219,-0.894427190999916,-0.774596669241483,-0.0880450906325624,-1.12089707663561,-4.54970081226072,-3.77491721763537,-2.72809051831243,-2.73252020425589,-2.49470026491455,-5.3975053975081,-0.576684863767695,-0.388333333333333,3.57770876399966,2.32379000772445,-0.0880450906325624,7.84627953644927,310.289595396181,215.170281405216,79.1146250310605,76.510565719165,57.3781060930346,458.787958788188,-2.11643345002744,-0.452408333333333
"Tyler Clippard","P",0.390523769756272,0.350803243502565,"ARI","Arizona Diamondbacks",2016,2017,31.5,6.148,1,2,31.5,6.148,0,0,0,0,0,162,69,93,0,0,-24,0,0,0,752,5665,1479,190,890,0.488,0.258,4.27,432,69,17,0,0,10,2,1,3,5,262,0.4,124,4.21,7.7,1.4,3.7,10.3,2.77,4761,289,0,0,100,4,1,9,25,68644,0.16,15376,17.7241,59.29,1.96,13.69,106.09,7.6729,5.73,-1.54,5.73,-1.54,21,0,15,0,124,0,45,0,222,0.3,227,0,114,0,98,0,84,0,246,0,37.13,0,6.75,0,21,0,15,0,124,0,45,0,222,0.3,227,0,114,0,98,0,84,0,246,0,37.13,0,6.75,0,1,1,1,1,1,1,1,1,1,1,1,1,1,1,0,0,1,1,0,0,0,0,0,0,1,1,-0.459531592458793,-0.505484751704672,-0.87287156094397,-1.54919333848297,0,-0.447213595499958,-4.22828314784835,-3.58410588263985,-2.52878169127057,-2.52538136138053,-2.8368325730679,-4.59055233405604,-0.585876045457562,-0.488823227913883,3.49148624377588,9.2951600308978,0,-1.34164078649987,266.381838314446,193.541717662552,68.2771056643055,63.1345340345132,73.7576468997654,330.519768052035,-2.0915774822835,-0.620805499450632
"Wade Leblanc","P",0.545572544104343,0.540608349577974,"BAL","Baltimore Orioles",2020,2020,36,5,1,1,36,5,0,0,0,0,0,60,25,35,0,0,-10,0,0,0,274,2026,523,77,294,0.474,0.259,4.04,438,6,0,0,0,6,0,1,1,0,103,1,59,6.73,10.9,2.4,3.2,5.2,1.63,36,0,0,0,36,0,1,1,0,10609,1,3481,45.2929,118.81,5.76,10.24,27.04,2.6569,4.93,-2.32,4.93,-2.32,22,0,17,0,136,0,51,0,342.7,0.3,314,0,162,0,144,0,106,0,240,0,36,0,6,0,22,0,17,0,136,0,51,0,342.7,0.3,314,0,162,0,144,0,106,0,240,0,36,0,6,0,1,1,1,1,1,1,1,1,1,1,1,1,1,1,1,1,1,1,0,0,0,0,0,0,0,1,0.135113204733314,-0.040533961419994,-0.21320071635561,0,-0.514495755427526,0,-1.19381002477585,-1.52369814955437,-1.57134840263677,-1.66666666666667,-0.777028689885811,-0.839146391678274,-1.34333333333333,-0.639725071156873,-0.21320071635561,0,-3.08697453256516,0,26.3832015475464,41.139850037968,31.4269680527354,33.3333333333333,6.21622951908649,10.9089030918176,10.8272666666667,-1.00244918650282
"Wade Leblanc","P",0.483338032627522,0.39808417454366,"SEA","Seattle Mariners",2019,2019,35,4,0,1,35,4,0,0,0,0,0,162,68,94,0,0,-26,0,0,1,758,5500,1305,239,893,0.471,0.26,4.33,438,26,4,0,0,28,1,1,0,0,532,0.462,76,5.49,10.8,2.1,2.3,6.8,2.97,676,16,0,0,784,1,1,0,0,283024,0.213444,5776,30.1401,116.64,4.41,5.29,46.24,8.8209,7.04,-1.35,7.04,-1.35,18,0,16,0,87,0,57,0,236,0.7,232,0,117,0,107,0,67,0,248,0,36,0,7,0.3,18,0,16,0,87,0,57,0,236,0.7,232,0,117,0,107,0,67,0,248,0,36,0,7,0.3,1,1,1,1,1,1,0,0,0,0,1,1,1,1,0,0,0,1,0,0,0,0,0,0,0,1,-0.0376889180722205,-0.00376889180722205,-1.4142135623731,-1.75,-0.857690027870236,0,7.88293855988888,9.51971638232988,7.39600261633639,7.44387096565161,-3.78725277504546,-5.84200584200876,-0.951666666666667,-0.548426450336389,8.48528137423857,12.25,6.86152022296189,0,954.623859602544,1380.35887543783,591.680209306911,573.178064355174,117.404836026409,537.464537464806,5.43401666666667,-0.7957667794381
"Wade Leblanc","P",0.624273513876687,0.720842604254838,"SEA","Seattle Mariners",2018,2018,34,3,1,1,34,3,0,0,0,0,0,162,89,73,0,0,16,0,0,0,677,5513,1402,176,711,0.472,0.26,4.32,438,32,5,0,0,24,1,3,0,1,662,0.643,109,4.28,8.4,1.3,2.2,7.2,3.25,1024,25,0,0,576,1,9,0,1,438244,0.413449,11881,18.3184,70.56,1.69,4.84,51.84,10.5625,7.04,-1.35,7.04,-1.35,18,0,16,0,87,0,57,0,236,0.7,232,0,117,0,107,0,67,0,248,0,36,0,7,0.3,18,0,16,0,87,0,57,0,236,0.7,232,0,117,0,107,0,67,0,248,0,36,0,7,0.3,1,0,1,1,1,1,0,0,0,0,0,0,1,1,0,0,0,1,0,0,0,0,0,0,1,1,-0.82915619758885,1.82414363469547,-2.12132034355964,-1.25,-2.89470384406205,0,10.5453017894467,9.91363568090905,6.84130242011116,6.47713447660595,4.88677777425221,8.25500825501238,-0.62,-0.445620113677879,19.0918830920368,6.25,78.1570037896752,0,1708.33888989037,1496.95898781727,506.256379088226,433.968009932598,195.471110970088,1073.15107315161,-2.3064,-0.525386114026219
"Wade Leblanc","P",0.535641573721273,0.517865287448139,"PIT","Pittsburgh Pirates",2017,2017,33,2,0,1,33,2,0,0,0,0,0,165,75,87,0,0,-12,0,0,0,668,5458,1331,151,731,0.504,0.264,3.72,438,50,18,0,0,10,1,1,0,2,283,0.714,95,4.28,8.5,1.3,2.3,7.1,3.18,2500,324,0,0,100,1,1,0,4,80089,0.509796,9025,18.3184,72.25,1.69,5.29,50.41,10.1124,4.77,-1.91,4.77,-1.91,19,0,14,0,71,0,51,0,208,0,205,0,99,0,96,0,84,0,210,0,36,0,6,0,19,0,14,0,71,0,51,0,208,0,205,0,99,0,96,0,84,0,210,0,36,0,6,0,1,1,1,1,1,1,1,1,1,1,1,1,1,1,0,1,1,1,0,0,0,0,0,0,0,1,-0.091573709299126,-0.0183147418598252,-1.14707866935281,-0.534522483824849,0,-0.140028008402801,-4.71495166791445,-4.4699538929253,-3.51763235340724,-3.47011046894284,-1.85485206700594,-3.72635402044871,-0.75,-0.486223713942461,5.73539334676404,-1.0690449676497,0,-0.140028008402801,320.616713418182,286.077049147219,123.117132369253,117.983755944056,31.5324851391009,201.223117104231,3.375,-0.579092443305471
"Wade Leblanc","P",0.564063613774377,0.582955021668509,"LAA","Los Angeles Angels",2014,2014,30,0,1,1,30,0,0,0,0,0,0,162,98,64,1,1,34,0,0,0,773,5652,1464,155,630,0.501,0.258,3.94,438,11,3,0,0,2,2,2,0,1,121,0.5,95,3.5,8.2,0.6,2.1,6.4,3,121,9,0,0,4,4,4,0,1,14641,0.25,9025,12.25,67.24,0.36,4.41,40.96,9,6.93,-1.88,6.93,-1.88,20,0,15,0,153,0,41,0,238.3,0.3,211,0,109,0,102,0,91,0,219,0,37.8,0,9,0,20,0,15,0,153,0,41,0,238.3,0.3,211,0,109,0,102,0,91,0,219,0,37.8,0,9,0,1,1,1,1,1,1,1,1,1,1,1,1,1,1,1,1,1,1,0,0,0,0,0,0,1,1,-0.113960576459638,-0.0341881729378914,-0.223606797749979,-0.258198889747161,-0.242535625036333,0,-1.89156308660771,-1.85875665521809,-1.2451741707875,-1.28719180586968,-0.733799385705343,-1.41904849463892,-0.64084104790287,-0.382,-0.223606797749979,-0.258198889747161,-0.727606875108999,0,55.233642128945,50.1864296908884,16.1872642202375,16.7334934763058,5.1365956999374,29.8000183874173,-2.52491372873731,-0.437772
"Wade Miley","P",0.456764135108964,0.337226898871312,"MIL","Milwaukee Brewers",2024,2024,37.8,9,0,1,37.8,9,0,0,0,0,0,162,93,69,1,1,24,0,0,0,777,5472,1359,177,641,0.487,0.256,4.14,439,2,0,0,0,1,0,1,1,0,30,0,68,6.59,7.7,1.3,5.1,2.6,0.5,4,0,0,0,1,0,1,1,0,900,0,4624,43.4281,59.29,1.69,26.01,6.76,0.25,5.64,-2.19,5.64,-2.19,17,0,16,0,97,0,46,0,212.3,0.3,214,0,108,0,99,0,86,0,243,0,54,0,9,0,17,0,16,0,97,0,46,0,212.3,0.3,214,0,108,0,99,0,86,0,243,0,54,0,9,0,1,1,1,1,1,1,1,1,1,1,1,1,1,1,1,1,1,1,1,1,1,1,1,1,0,1,0.042107596053326,-0.0042107596053326,0,-0.25,-0.203069233026724,0,-0.480422172642027,-0.410151556214798,-0.481125224324688,-0.502518907629606,-0.431331092813754,-0.128300059819917,-0.875012169227546,-0.476333333333333,0,-0.25,-0.406138466053448,0,-3.36295520849419,-2.46090933728879,-2.40562612162344,-2.51259453814803,-1.72532437125501,-0.256600119639834,5.62632824813312,-0.680680333333333
"Wade Miley","P",0.606609428550243,0.680389821238701,"MIL","Milwaukee Brewers",2023,2023,36.8,8,1,1,36.8,8,0,0,0,0,0,162,92,70,1,1,22,0,0,0,728,5386,1290,165,647,0.486,0.256,4.15,439,23,0,0,0,16,0,3,0,2,490,0.692,137,4.69,7.4,1.2,2.8,5.9,2.08,529,0,0,0,256,0,9,0,4,240100,0.478864,18769,21.9961,54.76,1.44,7.84,34.81,4.3264,5.64,-2.19,5.64,-2.19,17,0,16,0,97,0,46,0,212.3,0.3,214,0,108,0,99,0,86,0,243,0,54,0,9,0,17,0,16,0,97,0,46,0,212.3,0.3,214,0,108,0,99,0,86,0,243,0,54,0,9,0,0,0,0,1,1,1,0,1,1,1,1,1,1,1,0,0,0,1,0,0,0,0,0,0,1,1,1.09479749738647,2.84647349320483,2.182820625327,-1,-2.33529617980732,0,8.24267184775821,-6.76750067754417,-4.23390197405726,-4.22115882408869,-4.09764538173066,-5.06785236288671,-0.427299877352177,-0.379666666666667,19.645385627943,4,53.7118121355685,0,989.944888915761,669.982567076872,186.291686858519,177.288670611725,155.710524505765,400.36033666805,-1.34172161488583,-0.432440333333333
"Wade Miley","P",0.412184303541176,0.428216769308123,"CHC","Chicago Cubs",2022,2023,35.8,6,1,2,35.8,6,0,0,0,0,0,162,74,88,0,0,-14,0,0,1,657,5425,1293,159,731,0.513,0.262,3.69,439,9,0,0,0,3,0,2,0,1,159,0.5,133,3.95,7.5,0.7,3.4,6.8,2,81,0,0,0,9,0,4,0,1,25281,0.25,17689,15.6025,56.25,0.49,11.56,46.24,4,8.29,-2.3,8.29,-2.3,22,0,18,0,148,0,36,0,229,0.3,210,0,110,0,103,0,95,0,236,0,108,0,12,0,22,0,18,0,148,0,36,0,229,0.3,210,0,110,0,103,0,95,0,236,0,108,0,12,0,1,1,1,1,1,1,1,1,1,1,1,1,1,1,1,1,1,1,0,0,0,0,0,0,1,1,-0.0347314355823594,-0.00347314355823594,-0.426401432711221,-0.471404520791032,-0.657595949221429,0,-2.44502882168383,-2.1392032339613,-1.90692517849118,-1.28092806161358,-1.43636969291922,-1.82264475373153,-0.304071141773203,-0.351028963667292,-0.852802865422442,-0.942809041582063,-5.26076759377143,0,90.4660664023018,66.3153002528002,38.1385035698237,16.6520648009766,20.109175700869,51.034053104483,-0.960864808003321,-0.426851219819428
"Wade Miley","P",0.541981139204849,0.538232610215381,"CIN","Cincinnati Reds",2021,2022,34.8,4,0,2,34.8,4,0,0,0,0,0,162,83,79,0,0,4,0,0,0,786,5423,1352,222,760,0.505,0.261,3.75,439,28,0,1,1,17,0,3,0,2,690,0.632,139,3.97,9.2,0.9,2.8,6.9,2.5,784,0,1,1,289,0,9,0,4,476100,0.399424,19321,15.7609,84.64,0.81,7.84,47.61,6.25,6.59,-2.18,6.59,-2.18,20,0,16,0,107,0,38,0,243.7,0.3,227,0,119,0,112,0,84,0,253,0,67.5,0,10.5,0,20,0,16,0,107,0,38,0,243.7,0.3,227,0,119,0,112,0,84,0,253,0,67.5,0,10.5,0,0,0,0,1,1,1,0,0,0,0,0,1,1,1,0,0,0,1,0,0,0,0,0,0,1,1,2.06458687589879,10.9423104422636,2.68328157299975,-1.75,-2.70686216932786,0,10.4414265985646,11.0178069725595,5.86687038098055,5.76395821339071,5.45544725589981,-7.85868266827414,-0.410183337509424,-0.408903877399544,32.199378875997,12.25,75.79214074118,0,1701.95253556603,1828.95595744488,375.479704382755,351.601451016834,272.77236279499,982.335333534268,-1.38231784740676,-0.541797637554395
"Wade Miley","P",0.574621257952054,0.59108857242784,"CIN","Cincinnati Reds",2020,2021,33.8,2,1,2,33.8,2,0,0,0,0,0,60,31,29,0,1,2,0,0,0,243,1842,390,90,243,0.505,0.261,3.75,439,6,2,0,0,1,0,2,1,0,67,0,88,4.73,9.4,0.6,5.7,7.5,1.33,36,4,0,0,1,0,4,1,0,4489,0,7744,22.3729,88.36,0.36,32.49,56.25,1.7689,6.59,-2.18,6.59,-2.18,20,0,16,0,107,0,38,0,243.7,0.3,227,0,119,0,112,0,84,0,253,0,67.5,0,10.5,0,20,0,16,0,107,0,38,0,243.7,0.3,227,0,119,0,112,0,84,0,253,0,67.5,0,10.5,0,1,1,1,1,1,1,1,1,1,1,1,1,1,1,1,0,1,1,0,0,0,0,0,0,1,1,0.038954469356581,-0.0038954469356581,0,-0.75,-0.386694595618265,0,-0.903215429691787,-0.995584967399958,-0.916698497028211,-0.850420064270761,-0.981980506061966,-0.754433536154318,-0.687696099978709,-0.516607615673084,0,2.25,-1.54677838247306,0,12.7353375586542,14.9337745109994,9.16698497028211,7.65378057843685,8.83782455455769,9.05320243385181,-3.8854829648797,-0.864801148636742
"Wade Miley","P",0.674017682153342,0.65187533387176,"HOU","Houston Astros",2019,2019,32.8,1,1,1,32.8,1,0,0,0,0,0,162,107,55,1,1,52,1,0,0,920,5613,1538,288,640,0.496,0.255,3.81,439,33,0,0,0,23,0,5,2,4,720,0.7,116,4.51,8.8,1.2,3.3,7.5,2.3,1089,0,0,0,529,0,25,4,16,518400,0.49,13456,20.3401,77.44,1.44,10.89,56.25,5.29,7.38,-1.76,7.38,-1.76,21,0,17,0,116,0,38,0,232,1,211,0,111,0,100,0,88,0,326,0,36,0,6,0,21,0,17,0,116,0,38,0,232,1,211,0,111,0,100,0,88,0,326,0,36,0,6,0,1,1,0,1,1,1,0,0,0,0,0,1,1,1,0,0,0,1,0,0,0,0,0,0,1,1,-0.588968139065848,-0.942349022505357,3.05505046330389,-1.455213750218,-3.06397307992136,0,10.9706524654298,11.2902256094728,7.87801136474574,7.4,6.50262184884612,-7.75388285870396,-0.663333333333333,-0.549093950673896,42.7707064862545,8.73128250130799,101.111111637405,0,1833.19602697332,1851.59699995354,653.874943273897,547.6,396.659932779613,1085.54360021855,-2.64006666666667,-0.73853136365639
"Wade Miley","P",0.588729723479359,0.639443244257316,"MIL","Milwaukee Brewers",2018,2018,31.8,0,1,1,31.8,0,0,0,0,0,0,163,96,67,1,1,29,0,0,1,754,5542,1398,218,659,0.48,0.258,4.17,439,16,0,0,0,3,1,5,0,1,338,0.714,159,3.59,7.9,0.3,3,5.6,1.85,256,0,0,0,9,1,25,0,1,114244,0.509796,25281,12.8881,62.41,0.09,9,31.36,3.4225,5.64,-2.19,5.64,-2.19,17,0,16,0,97,0,46,0,212.3,0.3,214,0,108,0,99,0,86,0,243,0,54,0,9,0,17,0,16,0,97,0,46,0,212.3,0.3,214,0,108,0,99,0,86,0,243,0,54,0,9,0,1,0,1,1,1,1,1,1,1,1,1,1,1,1,0,1,0,1,0,0,0,0,0,0,1,1,-0.589506344746563,0.825308882645189,-1.21267812518166,-0.5,-1.62455386421379,0,-5.50426546369865,-4.85346008187511,-2.69430125621825,-2.31158697509619,-2.91148487649284,-3.20750149549792,-0.349732702164043,-0.405,6.06339062590832,-1,25.9928618274207,0,441.442090188632,344.595665813133,75.4404351741111,53.1665004272123,78.6100916653066,160.375074774896,-0.89881304456159,-0.492075
"Yimi Garcia","P",0.582542658294142,0.603916137192354,"TOR","Toronto Blue Jays",2023,2024,33.5,3.5,0,2,34,4,0,0,0,0,0,162,74,88,0,0,-14,0,0,0,671,5410,1306,156,743,0.498,0.26,4.22,450,39,8,0,0,6,3,2,0,1,153,1,118,3.73,5.3,1.4,2.8,11.3,4.08,1521,64,0,0,36,9,4,0,1,23409,1,13924,13.9129,28.09,1.96,7.84,127.69,16.6464,6.59,-1.53,6.59,-1.53,20,0,15,0,129,0,39,0,224.7,0.3,228,0,113,0,105,0,85,0,248,0,40.5,0,9,0,20,0,15,0,129,0,39,0,224.7,0.3,228,0,113,0,105,0,85,0,248,0,40.5,0,9,0,1,1,1,1,1,1,1,1,1,1,1,1,1,1,1,1,1,0,0,0,0,0,0,0,1,1,-0.194772346782905,-0.0973861733914525,-0.670820393249937,0,0,-0.800640769025436,-2.60173506859484,-1.5232122106248,-1.4110813025754,-1.4638501094228,-1.30158274691194,-3.11150311150467,-0.543686547312323,-0.299,-2.01246117974981,0,0,4.00320384512718,101.467667675199,35.0338808443704,21.1662195386309,21.957751641342,15.6189929629432,152.463652463729,-1.88115545370064,-0.268203
"Yimi Garcia","P",0.558027020165845,0.564216598947428,"TOR","Toronto Blue Jays",2022,2023,32,1,1,2,32,1,0,0,0,0,0,162,92,70,0,1,22,0,0,1,775,5555,1464,200,679,0.498,0.261,4.23,450,61,9,0,0,6,3,4,1,1,247,0.444,125,3.47,7.1,0.9,2.4,8.6,3.63,3721,81,0,0,36,9,16,1,1,61009,0.197136,15625,12.0409,50.41,0.81,5.76,73.96,13.1769,6.59,-1.53,6.59,-1.53,20,0,15,0,129,0,39,0,224.7,0.3,228,0,113,0,105,0,85,0,248,0,40.5,0,9,0,20,0,15,0,129,0,39,0,224.7,0.3,228,0,113,0,105,0,85,0,248,0,40.5,0,9,0,1,1,1,1,1,1,1,1,1,1,1,1,1,1,0,0,1,1,0,0,0,0,0,0,1,1,-0.233726816139486,-0.140236089683692,-0.894427190999916,-1.29099444873581,0,-0.160128153805087,-4.06938049190475,-3.17887765695611,-2.44587425779735,-2.04939015319192,-1.73544366254925,-3.68300368300552,-0.487118004817399,-0.349666666666667,3.57770876399966,6.45497224367903,0,-0.160128153805087,248.23221000619,152.586127533893,63.5927307027312,43.0371932170303,27.767098600788,213.61421361432,-1.51006581493394,-0.366800333333333
"Yimi Garcia","P",0.710354705021766,0.761363235304844,"MIA","Miami Marlins",2020,2020,30,0,1,1,30,0,0,0,0,0,0,60,31,29,0,1,2,0,0,0,263,1935,472,60,304,0.463,0.257,4.31,450,14,4,0,0,0,0,0,1,0,60,1,771,1.66,5.4,0,3,11.4,3.8,196,16,0,0,0,0,0,1,0,3600,1,594441,2.7556,29.16,0,9,129.96,14.44,6.18,-1.4,6.18,-1.4,16,0,15,0,89,0,40,0,205.7,0.3,223,0,107,0,97,0,83,0,253,0,32.4,0,9,0,16,0,15,0,89,0,40,0,205.7,0.3,223,0,107,0,97,0,83,0,253,0,32.4,0,9,0,1,1,1,1,1,1,1,1,1,1,1,1,1,1,0,1,1,1,0,1,1,1,1,0,1,1,-0.362033094019108,-0.325829784617198,-0.75,0,0,-0.158113883008419,-1.04586134842823,-0.602684577164183,-0.0966736489045664,-0.101534616513362,-0.548821299948452,-1.19451976557767,-0.105409255338946,-0.311,2.25,0,0,-0.158113883008419,15.6879202264235,-5.42416119447764,-0.0966736489045664,-0.101534616513362,-2.74410649974226,22.6958755459757,-0.0632455532033676,-0.290163
"Yusmeiro Petit","P",0.416679309207816,0.410730671790542,"OAK","Oakland Athletics",2020,2021,35.8,6,0,2,35.8,6,0,0,0,0,0,60,36,24,1,1,12,0,0,0,274,1908,430,71,232,0.489,0.258,3.98,453,26,6,0,0,3,0,0,0,0,88,0.667,255,4.11,7.9,1.2,2.1,7.1,3.4,676,36,0,0,9,0,0,0,0,7744,0.444889,65025,16.8921,62.41,1.44,4.41,50.41,11.56,5.64,-1.36,5.64,-1.36,18,0,15,0,118,0,38,0,219.7,0.7,214,0,102,0,96,0,91,0,220,0,37.8,0,5.4,0,18,0,15,0,118,0,38,0,219.7,0.7,214,0,102,0,96,0,91,0,220,0,37.8,0,5.4,0,1,1,1,1,1,1,1,1,1,1,1,1,1,1,1,1,1,1,0,0,1,1,1,0,1,1,-0.336860768426608,-0.269488614741286,-0.471404520791032,-0.258198889747161,0,0,-1.43027923148531,-1.29881326134686,-0.39605901719067,-0.408248290463863,-0.524142418360959,-1.14613976618751,-0.269999020182427,-0.476807283066424,-0.942809041582063,-0.258198889747161,0,0,30.3219197074886,24.6774519655903,-1.58423606876268,-1.63299316185545,-2.6207120918048,19.4843760251877,-0.44819837350283,-0.528302469637598
"Yusmeiro Petit","P",0.548611732755432,0.548969899649596,"OAK","Oakland Athletics",2019,2020,34.8,4,0,2,34.8,4,0,0,0,0,0,162,97,65,0,1,32,0,0,1,845,5561,1384,257,680,0.489,0.259,3.98,453,80,6,0,0,11,0,0,0,2,308,0.625,159,3.59,6.2,1.2,1.1,7.7,7.1,6400,36,0,0,121,0,0,0,4,94864,0.390625,25281,12.8881,38.44,1.44,1.21,59.29,50.41,5.64,-1.36,5.64,-1.36,18,0,15,0,118,0,38,0,219.7,0.7,214,0,102,0,96,0,91,0,220,0,37.8,0,5.4,0,18,0,15,0,118,0,38,0,219.7,0.7,214,0,102,0,96,0,91,0,220,0,37.8,0,5.4,0,0,0,1,1,1,1,1,1,1,1,1,1,1,1,0,0,1,1,0,0,0,0,0,0,1,1,1.05268990133315,2.63172475333287,-1.17851130197758,-0.774596669241483,0,0,-5.59967812326796,-3.89643978404058,-2.47536885744169,-2.55155181539914,-1.04828483672192,-4.78681902348902,-0.440781532948421,-0.347277506709932,5.8925565098879,2.32379000772445,0,0,464.77328423124,222.097067690313,61.8842214360421,63.7887953849786,10.4828483672192,339.86415066772,-1.19451795429022,-0.280252947914915
"Yusmeiro Petit","P",0.576608119590541,0.594306008139352,"OAK","Oakland Athletics",2018,2019,33.8,2,1,2,33.8,2,0,0,0,0,0,162,97,65,0,1,32,0,0,0,813,5579,1407,227,674,0.488,0.259,3.98,453,74,12,0,0,13,4,0,0,1,368,0.7,139,3.92,7.4,1.3,1.7,7.4,4.22,5476,144,0,0,169,16,0,0,1,135424,0.49,19321,15.3664,54.76,1.69,2.89,54.76,17.8084,5.64,-1.36,5.64,-1.36,18,0,15,0,118,0,38,0,219.7,0.7,214,0,102,0,96,0,91,0,220,0,37.8,0,5.4,0,18,0,15,0,118,0,38,0,219.7,0.7,214,0,102,0,96,0,91,0,220,0,37.8,0,5.4,0,1,0,1,1,1,1,1,1,1,1,1,1,1,1,0,0,1,1,0,0,0,0,0,0,1,1,-0.757936728959867,1.36428611212776,-1.64991582276861,-0.774596669241483,0,0,-6.27433813811952,-5.19525304538744,-3.16847213752536,-3.16392425109494,-1.88691270609945,-5.12391895472064,-0.487950036474267,-0.435065129223966,11.5494107593803,2.32379000772445,0,0,583.513446845115,394.839231449445,101.391108400811,98.0816517839431,33.9644287097902,389.417840558769,-1.4638501094228,-0.43985084564543
"Yusmeiro Petit","P",0.667724978993139,0.671024734190183,"LAA","Los Angeles Angels",2017,2017,32.8,1,1,1,32.8,1,0,0,0,0,0,162,80,82,0,0,-2,0,0,0,710,5415,1314,186,709,0.501,0.258,3.95,453,60,10,0,0,9,4,1,0,0,354,0.714,154,2.85,6.8,0.9,1.8,10,5.61,3600,100,0,0,81,16,1,0,0,125316,0.509796,23716,8.1225,46.24,0.81,3.24,100,31.4721,6.93,-1.88,6.93,-1.88,20,0,15,0,153,0,41,0,238.3,0.3,211,0,109,0,102,0,91,0,219,0,37.8,0,9,0,20,0,15,0,153,0,41,0,238.3,0.3,211,0,109,0,102,0,91,0,219,0,37.8,0,9,0,1,0,1,1,1,1,1,1,1,1,1,1,1,1,0,1,1,1,0,0,0,0,0,0,1,1,-0.607789741118069,0.972463585788911,-1.11803398874989,-0.516397779494322,-0.0808452083454443,-0.624695047554424,-5.901417711985,-4.75015589666845,-3.06504411270768,-2.77241312033469,-1.88691270609945,-6.82494752183481,-0.448914033556325,-0.317666666666667,5.59016994374947,-1.03279555898864,-0.0808452083454443,-2.4987801902177,537.619153561833,327.760756870123,98.0814116066459,77.6275673693713,33.9644287097902,689.319699705316,-1.23900273261546,-0.302736333333333
"Zach Duke","NE",0.76212014904477,0.735525264226248,"CIN","Cincinnati Reds",2019,2019,36.2,13,1,1,36.2,13,0,0,0,0,0,162,75,87,0,0,-12,0,0,1,701,5450,1328,227,711,0.505,0.261,3.75,455,30,4,0,0,4,1,2,0,0,106,0.75,94,6.47,8.1,1.5,6.9,6.9,1,900,16,0,0,16,1,4,0,0,11236,0.5625,8836,41.8609,65.61,2.25,47.61,47.61,1,6.59,-2.18,6.59,-2.18,20,0,16,0,107,0,38,0,243.7,0.3,227,0,119,0,112,0,84,0,253,0,67.5,0,10.5,0,20,0,16,0,107,0,38,0,243.7,0.3,227,0,119,0,112,0,84,0,253,0,67.5,0,10.5,0,1,1,1,1,1,1,1,1,1,1,1,1,1,1,1,1,1,1,0,0,0,0,0,0,1,1,-0.038954469356581,-0.0038954469356581,-0.670820393249937,-0.25,0,0,-1.4797359167291,-1.39381895435994,-1.19170804613667,-1.22838453727999,-1.96396101212393,-1.13165030423148,-0.609797780689085,-0.515681795573311,-2.01246117974981,-0.25,0,0,34.1818996764422,29.2701980415588,15.4922045997768,15.9689989846398,35.3512982182308,20.3697054761666,-3.05508688125232,-0.861704280403003
"Zach Duke","NE",0.377604389253256,0.419851123987034,"CHW","Chicago White Sox",2015,2017,32.7,3.5,1,3,33.2,4,0,0,0,0,0,162,78,84,0,0,-6,0,0,1,686,5550,1428,168,715,0.504,0.261,3.75,455,81,13,0,0,2,3,4,0,4,258,0.667,173,2.97,7.1,0.3,4.3,10,2.34,6561,169,0,0,4,9,16,0,16,66564,0.444889,29929,8.8209,50.41,0.09,18.49,100,5.4756,6.53,-1.96,6.53,-1.96,17,0,19,0,151,0,40,0,226.7,0,228,0,123,0,118,0,91,0,274,0,18,0,5.4,0,17,0,19,0,151,0,40,0,226.7,0,228,0,123,0,118,0,91,0,274,0,18,0,5.4,0,1,0,1,1,1,1,1,1,1,1,1,1,1,1,1,1,1,1,0,0,0,0,0,0,1,1,-0.821793504204574,1.72576635882961,-0.485071250072666,-0.229415733870562,0,-0.316227766016838,-4.05139021595779,-3.17887765695611,-1.44267141546789,-1.47291938863732,-3.04002602649356,-4.1080302346452,-0.556257334533417,-0.543078331434862,-0.970142500145332,-0.229415733870562,0,-0.632455532033676,247.134803173425,152.586127533893,23.0827426474863,23.5667102181971,88.1607547683133,279.346055955874,-1.31276730949887,-0.685364854270796
"Zach Duke","NE",0.758452706578704,0.764219227969351,"MIL","Milwaukee Brewers",2014,2014,31.2,2,1,1,31.2,2,0,0,0,0,0,162,82,80,0,0,2,0,0,0,650,5462,1366,150,657,0.478,0.259,4.19,455,74,13,0,0,3,1,0,0,3,238,0.833,155,2.14,7.5,0.5,2.6,11.4,4.35,5476,169,0,0,9,1,0,0,9,56644,0.693889,24025,4.5796,56.25,0.25,6.76,129.96,18.9225,5.64,-2.19,5.64,-2.19,17,0,16,0,97,0,46,0,212.3,0.3,214,0,108,0,99,0,86,0,243,0,54,0,9,0,17,0,16,0,97,0,46,0,212.3,0.3,214,0,108,0,99,0,86,0,243,0,54,0,9,0,1,1,1,1,1,1,1,1,1,1,1,1,1,1,0,1,1,1,0,0,0,0,0,0,1,1,-0.505291152639911,-0.606349383167894,-1.21267812518166,-0.25,0,0,-3.99436720682371,-3.34957104242085,-1.82827585243381,-1.60806050441474,-1.83315714445845,-4.74710221333692,-0.333402770545488,-0.375,6.06339062590832,-0.25,0,0,232.47217143714,164.128981078622,34.7372411962425,25.7289680706358,31.1636714557937,351.285563786932,-0.816836787836446,-0.421875
"Zach Duke","NE",0.557234790047949,0.567316231470463,"CIN","Cincinnati Reds",2013,2013,30.2,1,1,1,30.2,1,0,0,0,0,0,162,90,72,0,1,18,0,0,0,707,5499,1370,155,598,0.509,0.262,3.71,455,26,3,0,0,3,3,1,0,2,142,0.333,64,4.2,11.2,0.9,2.9,5.2,1.8,676,9,0,0,9,9,1,0,4,20164,0.110889,4096,17.64,125.44,0.81,8.41,27.04,3.24,6.59,-2.18,6.59,-2.18,20,0,16,0,107,0,38,0,243.7,0.3,227,0,119,0,112,0,84,0,253,0,67.5,0,10.5,0,20,0,16,0,107,0,38,0,243.7,0.3,227,0,119,0,112,0,84,0,253,0,67.5,0,10.5,0,1,1,1,1,1,1,1,1,1,1,1,1,1,1,1,1,1,1,0,0,0,0,0,0,0,1,0.155817877426324,-0.0623271509705296,-0.223606797749979,-0.5,-0.0966736489045664,0,-1.99219857187337,-2.58852091523989,-2.10840654316489,-1.98431348329844,-1.09108945117996,-1.13165030423148,-0.733948227056923,-0.482660878681423,-0.223606797749979,-1,-0.0966736489045664,0,61.9573755852619,100.952315694356,48.4933504927924,41.6705831492673,10.9108945117996,20.3697054761666,4.42570780915324,-0.754881614257746
"Zach Putnam","P",0.557725937319472,0.568441015099883,"CHW","Chicago White Sox",2016,2016,29.1,1,0,1,29.1,1,0,0,0,0,0,162,78,84,0,0,-6,0,0,1,686,5550,1428,168,715,0.504,0.261,3.75,456,25,6,0,0,2,1,0,0,2,114,1,178,3.11,8.2,0.7,3.6,9.9,2.73,625,36,0,0,4,1,0,0,4,12996,1,31684,9.6721,67.24,0.49,12.96,98.01,7.4529,6.53,-1.96,6.53,-1.96,17,0,19,0,151,0,40,0,226.7,0,228,0,123,0,118,0,91,0,274,0,18,0,5.4,0,17,0,19,0,151,0,40,0,226.7,0,228,0,123,0,118,0,91,0,274,0,18,0,5.4,0,1,1,1,1,1,1,1,1,1,1,1,1,1,1,1,1,1,1,0,0,1,1,0,0,1,1,-0.273931168068191,-0.191751817647734,-0.242535625036333,0,0,0,-1.79987991561404,-1.6556654463313,-0.631168744267203,-0.644402232528826,-1.15311332039411,-1.81236627999053,-0.542115198909686,-0.566746562995019,-0.242535625036333,0,0,0,48.7767457131404,41.3916361582826,-4.41818120987042,-4.51081562770178,12.6842465243352,54.3709883997159,-1.24686495749228,-0.746405223464439
"Zach Putnam","P",0.580933307012784,0.621588555616652,"CHW","Chicago White Sox",2014,2014,27.1,0,1,1,27.1,0,0,0,0,0,0,162,73,89,0,0,-16,0,0,1,660,5543,1400,155,758,0.505,0.261,3.75,456,49,13,0,0,2,1,1,0,5,213,0.625,191,3.08,6.4,0.3,3.3,7.6,2.3,2401,169,0,0,4,1,1,0,25,45369,0.390625,36481,9.4864,40.96,0.09,10.89,57.76,5.29,6.53,-1.96,6.53,-1.96,17,0,19,0,151,0,40,0,226.7,0,228,0,123,0,118,0,91,0,274,0,18,0,5.4,0,17,0,19,0,151,0,40,0,226.7,0,228,0,123,0,118,0,91,0,274,0,18,0,5.4,0,1,0,1,1,1,1,1,1,1,1,1,1,1,1,0,1,1,0,0,0,0,0,0,0,1,1,-0.704394432175349,1.26790997791563,-1.21267812518166,-0.688247201611685,0,-0.948683298050514,-3.59975983122807,-2.58283809627684,-1.26233748853441,-1.10468954147799,-2.09656967344384,-2.77896162931881,-0.466690475583121,-0.464327670061978,6.06339062590832,-2.06474160483506,0,5.69209978830308,195.106982852562,100.730685754797,17.6727248394817,13.2562744977359,41.9313934688767,127.832234948665,-0.92404714165458,-0.501009555996874
"Zack Greinke","P",0.531220311125325,0.534140045409173,"HOU","Houston Astros",2020,2025,36.8,12,1,6,36.8,12,0,0,0,0,0,60,29,31,0,1,-2,0,0,0,279,1992,478,69,275,0.496,0.255,3.81,457,12,0,0,0,6,0,1,0,3,273,0.5,110,2.8,9,0.8,1.2,9,7.44,144,0,0,0,36,0,1,0,9,74529,0.25,12100,7.84,81,0.64,1.44,81,55.3536,7.38,-1.76,7.38,-1.76,21,0,17,0,116,0,38,0,232,1,211,0,111,0,100,0,88,0,326,0,36,0,6,0,21,0,17,0,116,0,38,0,232,1,211,0,111,0,100,0,88,0,326,0,36,0,6,0,1,1,1,1,1,1,1,1,1,1,1,1,1,1,1,0,0,1,0,0,0,0,0,0,1,1,-0.404915595607771,-0.445407155168548,-0.654653670707977,-0.727606875108999,-1.11417202906231,0,-4.39876550080071,-4.61247021850415,-2.8474739872575,-3,-0.959403223600247,-3.71078679666547,-0.671666666666667,-0.462953561386021,-1.96396101212393,2.182820625327,13.3700643487477,0,294.717288553647,309.035504639778,85.4242196177249,90,8.63462901240222,248.622715376586,-2.70681666666667,-0.524989338611748
"Zack Greinke","P",0.658933956092069,0.653544059156454,"ARI","Arizona Diamondbacks",2016,2021,34.3,7.5,1,6,35.8,9,6,1,1,0,0,162,85,77,0,0,8,0,0,0,813,5633,1419,220,743,0.495,0.257,4.21,457,33,0,0,0,21,2,4,1,2,810,0.783,154,3.22,7.5,0.9,1.3,8.1,6.23,1089,0,0,0,441,4,16,1,4,656100,0.613089,23716,10.3684,56.25,0.81,1.69,65.61,38.8129,5.73,-1.54,5.73,-1.54,21,0,15,0,124,0,45,0,222,0.3,227,0,114,0,98,0,84,0,246,0,37.13,0,6.75,0,21,0,15,0,124,0,45,0,222,0.3,227,0,114,0,98,0,84,0,246,0,37.13,0,6.75,0,0,0,0,1,1,1,0,0,0,0,1,0,1,1,0,0,0,1,0,0,0,0,0,0,1,1,2.25588236297953,12.1817647600894,3.92792202424786,-1.29099444873581,-2.96348748344179,0,13.973469069556,11.6151579529995,6.83707642454637,6.86903730295503,-3.27326835353989,11.9226845342844,-0.480845045711668,-0.377971976229475,70.7025964364615,6.45497224367903,97.7950869535789,0,2909.27626028156,2032.65264177491,499.106578991885,467.094536600942,98.1980506061966,2229.54200791119,-1.40887598393519,-0.371168480657344
"Zack Greinke","P",0.708801424449958,0.700166922977297,"LAD","Los Angeles Dodgers",2013,2018,30.8,1,1,6,31.8,2,7,1,3,1,1,162,92,70,1,1,22,0,0,1,667,5385,1346,187,595,0.525,0.262,3.53,457,32,0,1,0,14,1,5,0,7,843,0.864,222,2.76,6,0.6,1.6,8.1,5,1024,0,1,0,196,1,25,0,49,710649,0.746496,49284,7.6176,36,0.36,2.56,65.61,25,8.88,-1.33,8.88,-1.33,21,0,16,0,139,0,47,0,233.3,0,198,0,127,0,117,0,85,0,301,0,81,0,9,0,21,0,16,0,139,0,47,0,233.3,0,198,0,127,0,117,0,85,0,301,0,81,0,9,0,0,0,0,1,1,1,0,0,1,1,1,0,1,1,0,0,0,1,0,0,0,0,0,0,1,1,2.98664444570241,26.5811355667514,4.14613991448386,-0.75,-2.71420457497591,0,14.5474437033664,10.5179020068768,-3.81563299048929,-3.7904513408724,-4.33860915637312,11.5278083540847,-0.184444444444444,-0.281333333333333,78.7766583751933,2.25,86.854546399229,0,3232.44199088801,1556.64949701776,164.072218591039,155.408504975768,173.544366254925,2305.56167081694,-0.306177777777778,-0.237445333333333
