Rk,Player,Age,Team,Lg,WAR,G,PA,AB,R,H,2B,3B,HR,RBI,SB,CS,BB,SO,BA,OBP,SLG,OPS,OPS+,rOBA,Rbat+,TB,GIDP,HBP,SH,SF,IBB,Pos,Awards,Player-additional
1,Marcus Semien,28,OAK,AL,8.4,162,747,657,123,187,43,7,33,92,10,8,87,102,.285,.369,.522,.892,139,.384,147,343,11,2,0,1,2,*6,MVP-3,semiema01
2,Whit Merrifield,30,KCR,AL,3.5,162,735,681,105,206,41,10,16,74,20,10,45,126,.302,.348,.463,.811,111,.349,113,315,8,5,0,4,5,498/D37,AS,merriwh01
3,Ronald Acuña Jr.,21,ATL,NL,5.2,156,715,626,127,175,22,2,41,101,37,9,76,188,.280,.365,.518,.883,121,.386,128,324,8,9,0,1,4,*879/H,ASMVP-5SS,acunaro01
4,Jonathan Villar#,28,BAL,AL,4.4,162,714,642,111,176,33,5,24,73,40,9,61,176,.274,.339,.453,.792,108,.346,107,291,8,4,2,4,0,*46/HD,,villajo01
5,Mookie Betts,26,BOS,AL,7.2,150,706,597,135,176,40,5,29,80,16,3,97,101,.295,.391,.524,.915,134,.390,135,313,11,3,0,9,6,*98/DH,ASMVP-8GGSS,bettsmo01
6,Rhys Hoskins,26,PHI,NL,1.9,160,705,570,86,129,33,5,29,85,2,2,116,173,.226,.364,.454,.819,111,.353,112,259,10,11,0,6,6,*3/D,,hoskirh01
7,Jorge Polanco#,25,MIN,AL,4.6,153,704,631,107,186,40,7,22,79,4,3,60,116,.295,.356,.485,.841,121,.364,126,306,11,4,2,7,2,*6D/H,ASMVP-13,polanjo01
8,Ozzie Albies#,22,ATL,NL,4.6,160,702,640,102,189,43,8,24,86,15,4,54,112,.295,.352,.500,.852,113,.369,117,320,2,4,0,4,6,*4/H,SS,albieoz01
9,Rafael Devers*,22,BOS,AL,5.4,156,702,647,129,201,54,4,32,115,8,8,48,119,.311,.361,.555,.916,132,.385,136,359,8,4,1,2,7,*5/H6D,MVP-12,deverra01
10,Eduardo Escobar#,30,ARI,NL,3.7,158,699,636,94,171,29,10,35,118,5,1,50,130,.269,.320,.511,.831,111,.352,110,325,8,3,0,10,3,*54/HD,,escobed01
11,Xander Bogaerts,26,BOS,AL,6.3,155,698,614,110,190,52,0,33,117,4,2,76,122,.309,.384,.555,.939,139,.400,144,341,11,2,0,6,2,*6/DH,ASMVP-5SS,bogaexa01
12,José Abreu,32,CHW,AL,2.3,159,693,634,85,180,38,1,33,123,2,2,36,152,.284,.330,.503,.834,118,.351,118,319,24,13,0,10,4,*3D,ASMVP-19,abreujo02
13,Pete Alonso,24,NYM,NL,5.4,161,693,597,103,155,30,2,53,120,1,0,72,183,.260,.358,.583,.941,147,.399,154,348,13,21,0,3,6,*3/HD,ASMVP-7ROY-1,alonspe01
14,Freddie Freeman*,29,ATL,NL,3.8,158,692,597,113,176,34,2,38,121,6,3,87,127,.295,.389,.549,.938,135,.392,136,328,17,6,0,2,11,*3/H,ASMVP-8SS,freemfr01
15,Alex Bregman,25,HOU,AL,8.9,156,690,554,122,164,37,2,41,112,5,1,119,83,.296,.423,.592,1.015,162,.421,161,328,9,9,0,8,2,56/D,ASMVP-2SS,bregmal01
16,Carlos Santana#,33,CLE,AL,4.7,158,686,573,110,161,30,1,34,93,4,0,108,108,.281,.397,.515,.911,136,.386,136,295,13,3,0,2,12,*3D,ASMVP-16SS,santaca01
17,Paul Goldschmidt,31,STL,NL,2.6,161,682,597,97,155,25,1,34,97,3,1,78,166,.260,.346,.476,.821,115,.357,120,284,11,2,0,3,2,*3/H,MVP-20,goldspa01
18,Bryce Harper*,26,PHI,NL,4.5,157,682,573,98,149,36,1,35,114,15,3,99,178,.260,.372,.510,.882,126,.373,125,292,10,6,0,4,11,*9/HD,,harpebr03
19,Trey Mancini,27,BAL,AL,3.7,154,679,602,106,175,38,2,35,97,1,0,63,143,.291,.364,.535,.899,134,.379,135,322,22,9,0,5,3,93D/7H,,mancitr01
20,Jorge Soler,27,KCR,AL,3.5,162,679,589,95,156,33,1,48,117,3,1,73,178,.265,.354,.569,.922,137,.388,139,335,16,10,0,4,3,D9/H,MVP-21,solerjo01
21,Starlin Castro,29,MIA,NL,1.1,162,676,636,68,172,31,4,22,86,2,2,28,111,.270,.300,.436,.736,92,.310,87,277,23,3,0,9,2,*45/6H,,castrst01
22,Matt Chapman,26,OAK,AL,7.3,156,670,583,102,145,36,3,36,91,1,1,73,147,.249,.342,.506,.848,127,.361,129,295,12,11,0,3,0,*5,ASMVP-6GG,chapmma01
23,César Hernández#,29,PHI,NL,1.9,161,667,612,77,171,31,3,14,71,9,2,45,100,.279,.333,.408,.741,92,.325,91,250,9,6,0,4,4,*4/H,,hernace02
24,Eric Hosmer*,29,SDP,NL,-0.4,160,667,619,72,164,29,2,22,99,0,3,40,163,.265,.310,.425,.735,94,.314,93,263,12,3,0,5,3,*3/HD,,hosmeer01
25,Paul DeJong,25,STL,NL,5.2,159,664,583,97,136,31,1,30,78,9,5,62,149,.233,.318,.444,.762,99,.331,102,259,15,13,0,6,1,*6/H,AS,dejonpa01
26,Nick Castellanos,27,2TM,2LG,2.8,151,664,615,100,178,58,3,27,73,2,2,41,143,.289,.337,.525,.863,122,.369,127,323,12,5,0,3,1,*97D,,casteni01
26,Nick Castellanos,27,DET,AL,1.0,100,439,403,57,110,37,3,11,37,2,1,31,96,.273,.328,.462,.790,105,.347,111,186,7,3,0,2,1,9D,,casteni01
26,Nick Castellanos,27,CHC,NL,1.7,51,225,212,43,68,21,0,16,36,0,1,10,47,.321,.356,.646,1.002,153,.413,158,137,5,2,0,1,0,97,,casteni01
27,Nolan Arenado,28,COL,NL,7.1,155,662,588,102,185,31,2,41,118,3,2,62,93,.315,.379,.583,.962,131,.404,137,343,14,4,0,8,11,*5/H,ASMVP-6GG,arenano01
28,Eugenio Suárez,27,CIN,NL,3.5,159,662,575,87,156,22,2,49,103,3,2,70,189,.271,.358,.572,.930,131,.386,132,329,12,11,0,6,4,*5/HD,MVP-15,suareeu01
29,Cody Bellinger*,23,LAD,NL,8.7,156,661,558,121,170,34,3,47,115,15,5,95,108,.305,.406,.629,1.035,167,.421,166,351,10,3,0,4,21,*938/H,ASMVP-1GGSS,bellico01
30,Manny Machado,26,SDP,NL,2.5,156,661,587,81,150,21,2,32,85,5,3,65,128,.256,.334,.462,.796,110,.341,111,271,24,6,0,3,3,*56/H,,machama01
31,Shin-Soo Choo*,36,TEX,AL,1.5,151,660,563,93,149,31,2,24,61,15,1,78,165,.265,.371,.455,.826,109,.371,116,256,6,18,0,1,3,D97H,,choosh01
32,Josh Donaldson,33,ATL,NL,5.3,155,659,549,96,142,33,0,37,94,4,2,100,155,.259,.379,.521,.900,126,.388,133,286,13,8,0,2,2,*5/HD,MVP-11,donaljo02
33,Juan Soto*,20,WSN,NL,5.1,150,659,542,110,153,32,5,34,110,12,1,108,132,.282,.401,.548,.949,142,.404,145,297,11,3,0,6,3,*7,MVP-9,sotoju01
34,J.D. Martinez,31,BOS,AL,3.5,146,657,575,98,175,33,2,36,105,2,0,72,138,.304,.383,.557,.939,139,.393,139,320,19,4,0,5,9,D97/H,ASMVP-21,martijd02
35,Adam Eaton*,30,WSN,NL,1.8,151,656,566,103,158,25,7,15,49,15,3,65,106,.279,.365,.428,.792,105,.347,104,242,8,13,9,3,0,*9/7H,,eatonad02
36,Trevor Story,26,COL,NL,6.9,145,656,588,111,173,38,5,35,85,23,8,58,174,.294,.363,.554,.917,120,.392,126,326,3,7,0,3,0,*6/H,ASMVP-12SS,storytr01
37,DJ LeMahieu,30,NYY,AL,5.6,145,655,602,109,197,33,2,26,102,5,2,46,90,.327,.375,.518,.893,136,.382,139,312,14,2,1,4,0,453/HD,ASMVP-4SS,lemahdj01
38,Amed Rosario,23,NYM,NL,2.7,157,655,616,75,177,30,7,15,72,19,10,31,124,.287,.323,.432,.755,101,.329,104,266,13,3,2,3,2,*6/H7D,,rosaram01
39,Francisco Lindor#,25,CLE,AL,4.8,143,654,598,101,170,40,2,32,74,22,5,46,98,.284,.335,.518,.854,118,.356,113,310,13,3,1,6,9,*6/DH,ASMVP-15GG,lindofr01
40,Tommy Pham,31,TBR,AL,3.9,145,654,567,77,155,33,2,21,68,25,4,81,123,.273,.369,.450,.818,120,.367,127,255,22,5,0,1,4,*7D/H,,phamth01
41,David Fletcher,25,LAA,AL,3.7,154,653,596,83,173,30,4,6,49,8,3,55,64,.290,.350,.384,.734,95,.326,98,229,8,0,1,1,2,5467/9H,,fletcda02
42,Elvis Andrus,30,TEX,AL,1.4,147,648,600,81,165,27,4,12,72,31,8,34,96,.275,.313,.393,.707,78,.322,81,236,16,4,0,10,1,*6/D,,andruel01
43,Michael Conforto*,26,NYM,NL,3.6,151,648,549,90,141,29,1,33,92,7,2,84,149,.257,.363,.494,.856,127,.365,129,271,11,10,0,5,5,*98/H,,confomi01
44,Anthony Rendon,29,WSN,NL,7.3,146,646,545,117,174,44,3,34,126,5,1,80,86,.319,.412,.598,1.010,157,.422,160,326,13,12,0,9,8,*5/4,ASMVP-3SS,rendoan01
45,Kevin Pillar,30,2TM,2LG,0.3,161,645,611,83,158,37,3,21,88,14,5,18,89,.259,.287,.432,.719,88,.311,87,264,15,9,0,7,4,*89/HD,MVP-22,pillake01
45,Kevin Pillar,30,TOR,AL,-0.4,5,17,16,1,1,0,0,0,1,0,0,0,3,.063,.059,.063,.121,-67,.052,-92,1,0,0,0,1,0,/8DH,,pillake01
45,Kevin Pillar,30,SFG,NL,0.6,156,628,595,82,157,37,3,21,87,14,5,18,86,.264,.293,.442,.735,92,.318,92,263,15,9,0,6,4,*89/H,,pillake01
46,Michael Brantley*,32,HOU,AL,4.9,148,637,575,88,179,40,2,22,90,3,2,51,66,.311,.372,.503,.875,126,.370,126,289,21,7,0,4,3,*7D/9H,AS,brantmi02
47,Charlie Blackmon*,32,COL,NL,2.3,140,634,580,112,182,42,7,32,86,2,5,40,104,.314,.364,.576,.940,125,.393,130,334,11,9,0,5,1,*9/HD,AS,blackch02
48,Kris Bryant,27,CHC,NL,4.4,147,634,543,108,153,35,1,31,77,4,0,74,145,.282,.382,.521,.903,132,.389,138,283,10,15,0,2,1,*597/3DH,AS,bryankr01
49,Alex Gordon*,35,KCR,AL,1.1,150,633,556,77,148,31,1,13,76,5,3,51,100,.266,.345,.396,.741,95,.323,94,220,13,19,1,6,4,*7/1DH,GG,gordoal01
50,Kole Calhoun*,31,LAA,AL,1.8,152,632,552,92,128,29,1,33,74,4,1,70,162,.232,.325,.467,.792,107,.339,106,258,14,7,0,2,7,*9/H8,,calhoko01
51,Yasmani Grandal#,30,MIL,NL,2.5,153,632,513,79,126,26,2,28,77,5,1,109,139,.246,.380,.468,.848,119,.370,123,240,16,5,0,5,2,*23/HD,ASMVP-15,grandya01
52,Randal Grichuk,27,TOR,AL,0.8,151,628,586,75,136,29,5,31,80,2,1,35,163,.232,.280,.457,.738,93,.312,91,268,20,5,0,2,0,*98D/H,,grichra01
53,Ketel Marte#,25,ARI,NL,6.9,144,628,569,97,187,36,9,32,92,10,2,53,86,.329,.389,.592,.981,149,.413,154,337,7,4,0,2,2,846/H,ASMVP-4,marteke01
54,Nick Ahmed,29,ARI,NL,4.0,158,625,556,79,141,33,6,19,82,8,2,52,113,.254,.316,.437,.753,93,.332,96,243,15,4,1,12,2,*6/H,GG,ahmedni01
55,Lorenzo Cain,33,MIL,NL,2.6,148,623,562,75,146,30,0,11,48,18,8,50,106,.260,.325,.372,.697,81,.313,83,209,14,6,0,4,0,*8/H,GG,cainlo01
56,Leury García#,28,CHW,AL,1.2,140,618,577,93,161,27,3,8,40,15,5,21,139,.279,.310,.378,.688,83,.311,88,218,6,6,11,3,0,*8976/H45D,,garcile02
57,Jean Segura,29,PHI,NL,1.9,144,618,576,79,161,37,4,12,60,10,2,30,73,.280,.323,.420,.743,91,.323,89,242,11,8,1,3,1,*6/H,,segurje01
58,Víctor Robles,22,WSN,NL,4.2,155,617,546,86,139,33,3,17,65,28,9,35,140,.255,.326,.419,.745,91,.334,95,229,6,25,6,5,3,*89/H,ROY-6,roblevi01
59,Brandon Belt*,31,SFG,NL,0.8,156,616,526,76,123,32,3,17,57,4,3,83,127,.234,.339,.403,.742,97,.322,97,212,6,3,0,4,3,*3H7/9D,,beltbr01
60,Andrew Benintendi*,24,BOS,AL,1.7,138,615,541,72,144,40,5,13,68,10,3,59,140,.266,.343,.431,.774,99,.337,99,233,6,7,3,5,1,*78/HD,,beninan01
61,Josh Bell#,26,PIT,NL,2.6,143,613,527,94,146,37,3,37,116,0,1,74,118,.277,.367,.569,.936,142,.384,139,300,11,5,0,7,13,*3/DH,AS,belljo02
62,Anthony Rizzo*,29,CHC,NL,4.4,146,613,512,89,150,29,3,27,94,5,2,71,86,.293,.405,.520,.924,139,.395,143,266,15,27,0,3,3,*3/H,GG,rizzoan01
63,Yuli Gurriel,35,HOU,AL,3.9,144,612,564,85,168,40,2,31,104,5,3,37,65,.298,.343,.541,.884,126,.370,126,305,12,5,0,6,2,*35/4DH,,gourryu01
64,Yasiel Puig,28,2TM,2LG,1.0,149,611,555,76,148,30,2,24,84,19,7,44,133,.267,.327,.458,.785,99,.340,99,254,13,8,0,4,1,*9/HD,,puigya01
64,Yasiel Puig,28,CIN,NL,0.5,100,404,373,51,94,15,1,22,61,14,5,23,89,.252,.302,.475,.777,93,.332,91,177,9,5,0,3,1,9/H,,puigya01
64,Yasiel Puig,28,CLE,AL,0.5,49,207,182,25,54,15,1,2,23,5,2,21,44,.297,.377,.423,.800,109,.355,114,77,4,3,0,1,0,9/D,,puigya01
65,Kyle Schwarber*,26,CHC,NL,2.1,155,610,529,82,132,29,3,38,92,2,3,70,156,.250,.339,.531,.871,122,.362,121,281,6,5,0,6,5,*7H/D2,,schwaky01
66,Adam Frazier*,27,PIT,NL,2.4,152,608,554,80,154,33,7,10,50,5,5,40,75,.278,.336,.417,.753,98,.328,100,231,6,9,4,1,4,*4H,,fraziad01
67,Joey Votto*,35,CIN,NL,1.2,142,608,525,79,137,32,1,15,47,5,0,76,123,.261,.357,.411,.768,95,.349,103,216,14,4,0,3,2,*3/HD7,,vottojo01
68,Gleyber Torres,22,NYY,AL,2.9,144,604,546,96,152,26,0,38,90,5,2,48,129,.278,.337,.535,.871,128,.361,124,292,10,3,1,6,3,64/DH,ASMVP-17,torregl01
69,Christian Walker,28,ARI,NL,2.7,152,603,529,86,137,26,1,29,73,8,1,67,155,.259,.348,.476,.825,111,.354,111,252,11,6,0,1,6,*3H/D,,walkech02
70,Mike Trout,27,LAA,AL,7.9,134,600,470,110,137,27,2,45,104,11,2,110,120,.291,.438,.645,1.083,182,.444,181,303,5,16,0,4,14,*8D/H,ASMVP-1SS,troutmi01
71,Renato Núñez,25,BAL,AL,0.4,151,599,541,72,132,24,0,31,90,1,1,44,143,.244,.311,.460,.771,101,.326,98,249,9,10,0,4,1,*D3H/57,,nunezre01
72,Max Kepler*,26,MIN,AL,4.0,134,596,524,98,132,32,0,36,90,1,5,60,99,.252,.336,.519,.855,123,.358,124,272,5,8,0,4,0,*98/HD,MVP-20,keplema01
73,J.T. Realmuto,28,PHI,NL,4.5,145,593,538,92,148,36,3,25,83,9,1,41,123,.275,.328,.493,.820,109,.355,112,265,12,5,0,8,2,*2H/3D,ASMVP-14GGSS,realmjt01
74,Austin Meadows*,24,TBR,AL,4.0,138,591,530,83,154,29,7,33,89,12,7,54,131,.291,.364,.558,.922,144,.380,141,296,3,7,0,0,6,9D7/H8,ASMVP-14,meadoau01
75,Eddie Rosario*,27,MIN,AL,1.6,137,590,562,91,155,28,1,32,109,3,1,22,86,.276,.300,.500,.800,107,.335,105,281,10,0,0,6,2,*79/8DH,MVP-18,rosared01
76,Jason Heyward*,29,CHC,NL,2.4,147,589,513,78,129,20,4,21,62,8,3,68,110,.251,.343,.429,.772,100,.338,102,220,12,5,0,3,5,*98/H,,heywaja01
77,Max Muncy*,28,LAD,NL,5.3,141,589,487,101,122,22,1,35,98,4,1,90,149,.251,.374,.515,.889,132,.387,140,251,5,8,0,4,1,435/H,ASMVP-15,muncyma01
78,Freddy Galvis#,29,2TM,2LG,3.2,147,589,557,67,145,28,1,23,70,4,2,28,145,.260,.296,.438,.734,91,.316,92,244,14,1,1,2,1,*64/HD,,galvifr01
78,Freddy Galvis#,29,TOR,AL,2.9,115,473,450,55,120,24,1,18,54,4,1,21,112,.267,.299,.444,.743,96,.321,97,200,11,0,1,1,1,6/4DH,,galvifr01
78,Freddy Galvis#,29,CIN,NL,0.3,32,116,107,12,25,4,0,5,16,0,1,7,33,.234,.284,.411,.696,74,.297,71,44,3,1,0,1,0,4/6H,,galvifr01
79,Hunter Dozier,27,KCR,AL,2.7,139,586,523,75,146,29,10,26,84,2,2,55,148,.279,.348,.522,.870,124,.362,122,273,9,3,0,5,2,59D/3H,,doziehu01
80,Starling Marte,30,PIT,NL,2.9,132,586,539,97,159,31,6,23,82,25,6,25,94,.295,.342,.503,.845,119,.364,120,271,15,16,2,4,1,*8/H,,martest01
81,Willy Adames,23,TBR,AL,4.0,152,584,531,69,135,25,1,20,52,4,2,46,153,.254,.317,.418,.735,96,.320,98,222,9,3,3,1,1,*6/H,,adamewi01
82,Mike Moustakas*,30,MIL,NL,2.8,143,584,523,80,133,30,1,35,87,3,0,53,98,.254,.329,.516,.845,114,.361,117,270,12,6,0,2,5,54/HD,AS,moustmi01
83,Rougned Odor*,25,TEX,AL,-0.2,145,581,522,77,107,30,1,30,93,11,9,52,178,.205,.283,.439,.721,79,.303,74,229,4,5,1,1,2,*4/HD,,odorro01
84,Christian Yelich*,27,MIL,NL,7.1,130,580,489,100,161,29,3,44,97,30,2,80,118,.329,.429,.671,1.100,179,.458,182,328,8,8,0,3,16,*9/7HD8,ASMVP-2SS,yelicch01
85,Dexter Fowler#,33,STL,NL,1.5,150,574,487,69,116,24,1,19,67,8,5,74,142,.238,.346,.409,.754,100,.333,104,199,6,8,1,4,1,*98H,,fowlede01
86,Trea Turner,26,WSN,NL,4.0,122,569,521,96,155,37,5,19,57,35,5,43,113,.298,.353,.497,.850,117,.372,118,259,10,3,0,2,2,*6,,turnetr01
87,Jackie Bradley Jr.*,29,BOS,AL,2.1,147,567,494,69,111,28,3,21,62,8,6,56,155,.225,.317,.421,.738,89,.322,91,208,6,12,3,2,3,*8/H9,,bradlja02
88,Jeff McNeil*,27,NYM,NL,5.2,133,567,510,83,162,38,1,23,75,5,6,35,75,.318,.384,.531,.916,143,.389,149,271,5,21,0,1,2,7945/H,AS,mcneije01
89,Mallex Smith*,26,SEA,AL,0.0,134,566,510,70,116,19,9,6,37,46,9,42,141,.227,.300,.335,.635,73,.298,77,171,7,11,2,1,0,*89/7HD,,smithma05
90,Javier Báez,26,CHC,NL,6.7,138,561,531,89,149,38,4,29,85,11,7,28,156,.281,.316,.531,.847,115,.351,113,282,16,0,0,2,3,*6/HD5,AS,baezja01
91,Brandon Crawford*,32,SFG,NL,-0.5,147,560,500,58,114,24,2,11,59,3,2,53,117,.228,.304,.350,.654,74,.289,73,175,10,3,0,4,5,*6/H,,crawfbr01
92,Yoán Moncada#,24,CHW,AL,5.1,132,559,511,83,161,34,5,25,79,10,3,40,154,.315,.367,.548,.915,140,.386,141,280,1,4,1,3,2,*5/DH,MVP-21,moncayo01
93,Daniel Vogelbach*,26,SEA,AL,1.1,144,558,462,73,96,17,0,30,76,0,0,92,149,.208,.341,.439,.780,111,.338,112,203,4,2,0,2,2,D3H,AS,vogelda01
94,George Springer,29,HOU,AL,6.5,122,556,479,96,140,20,3,39,96,6,2,67,113,.292,.383,.591,.974,150,.407,151,283,12,6,0,4,1,*89D/H,ASMVP-7SS,springe01
95,Yolmer Sánchez#,27,CHW,AL,1.6,149,555,496,59,125,20,4,2,43,5,4,44,117,.252,.318,.321,.638,73,.293,77,159,7,5,7,3,1,*4/H,GG,sanchca01
96,Hanser Alberto,26,BAL,AL,3.4,139,550,524,62,160,21,2,12,51,4,4,16,50,.305,.329,.422,.751,98,.336,106,221,9,4,3,3,1,45/H719D,,alberha01
97,Brett Gardner*,35,NYY,AL,4.3,141,550,491,86,123,26,7,28,74,10,2,52,108,.251,.325,.503,.829,117,.352,116,247,6,4,0,3,0,*87/HD,,gardnbr01
98,Josh Reddick*,32,HOU,AL,1.3,141,550,501,57,138,19,3,14,56,5,2,36,66,.275,.319,.409,.728,89,.315,87,205,9,0,1,9,1,*97H/83D,,reddijo01
99,Miguel Cabrera,36,DET,AL,0.0,136,549,493,41,139,21,0,12,59,0,0,48,108,.282,.346,.398,.744,97,.325,96,196,18,3,0,5,4,D3/H,,cabremi01
100,Marcell Ozuna,28,STL,NL,2.2,130,549,485,80,117,23,1,29,89,12,2,62,114,.241,.328,.472,.800,109,.347,110,229,21,1,0,1,2,*7/H,,ozunama01
101,Justin Turner,34,LAD,NL,3.9,135,549,479,80,139,24,0,27,67,2,0,51,88,.290,.372,.509,.881,130,.382,136,244,11,14,0,5,1,*5H/D4,,turneju01
102,Kolten Wong*,28,STL,NL,5.4,148,549,478,61,136,25,4,11,59,24,4,47,83,.285,.361,.423,.784,108,.354,113,202,2,13,6,5,5,*4/H,MVP-20GG,wongko01
103,Jose Altuve,29,HOU,AL,3.7,124,548,500,89,149,27,3,31,74,6,5,41,82,.298,.353,.550,.903,131,.372,129,275,19,3,1,3,0,*4/DH6,,altuvjo01
104,Franmil Reyes,23,2TM,2LG,0.4,150,548,494,69,123,19,0,37,81,0,0,47,156,.249,.310,.512,.822,112,.342,109,253,15,0,0,7,1,9DH,,reyesfr01
104,Franmil Reyes,23,SDP,NL,0.3,99,354,321,43,82,9,0,27,46,0,0,29,93,.255,.314,.536,.849,121,.354,120,172,12,0,0,4,1,9H/D,,reyesfr01
104,Franmil Reyes,23,CLE,AL,0.1,51,194,173,26,41,10,0,10,35,0,0,18,63,.237,.304,.468,.772,97,.320,90,81,3,0,0,3,0,D/9H,,reyesfr01
105,Matt Olson*,25,OAK,AL,5.1,127,547,483,73,129,26,0,36,91,0,0,51,138,.267,.351,.545,.896,139,.373,138,263,11,12,0,1,7,*3,MVP-21GG,olsonma02
106,Orlando Arcia,24,MIL,NL,-0.9,152,546,494,51,110,16,1,15,59,8,5,43,109,.223,.283,.350,.633,64,.276,57,173,15,1,2,6,5,*6/H,,arciaor01
107,Bryan Reynolds#,24,PIT,NL,4.2,134,546,491,83,154,37,4,16,68,3,2,46,121,.314,.377,.503,.880,130,.381,137,247,9,6,0,3,0,*798/H,ROY-4,reynobr01
108,Albert Pujols,39,LAA,AL,0.2,131,545,491,55,120,22,0,23,93,3,0,43,68,.244,.305,.430,.734,92,.320,92,211,21,3,0,8,1,3D/H5,,pujolal01
109,Dansby Swanson,25,ATL,NL,1.0,127,545,483,77,121,26,3,17,65,10,5,51,124,.251,.325,.422,.748,89,.323,86,204,7,5,1,5,2,*6/H,,swansda01
110,José Ramírez#,26,CLE,AL,3.0,129,542,482,68,123,33,3,23,83,24,4,52,74,.255,.327,.479,.806,106,.348,105,231,8,2,0,6,3,*5/DH,,ramirjo01
111,Corey Seager*,25,LAD,NL,2.9,134,541,489,82,133,44,1,19,87,1,0,44,98,.272,.335,.483,.817,112,.345,110,236,8,4,0,4,3,*6/H,,seageco01
112,Ryan McMahon*,24,COL,NL,1.9,141,539,480,70,120,22,1,24,83,5,1,56,160,.250,.329,.450,.779,88,.337,87,216,14,1,1,1,1,*453H,,mcmahry01
113,Khris Davis,31,OAK,AL,-0.2,133,533,481,61,106,11,0,23,73,0,0,47,146,.220,.293,.387,.679,83,.299,85,186,11,3,0,2,3,*D/H7,,daviskh01
114,Kevin Newman,25,PIT,NL,3.0,130,531,493,61,152,20,6,12,64,16,8,28,62,.308,.353,.446,.800,110,.357,119,220,5,7,2,1,2,64H/57,,newmake01
115,Avisaíl García,28,TBR,AL,2.3,125,530,489,61,138,25,2,20,72,10,4,31,125,.282,.332,.464,.796,112,.341,112,227,15,7,0,3,2,9D8/H,,garciav01
116,Jose Iglesias,29,CIN,NL,0.9,146,530,504,62,145,21,3,11,59,6,6,20,70,.288,.318,.407,.724,83,.309,78,205,17,3,1,2,3,*6/H,,iglesjo01
117,Adam Jones,33,ARI,NL,-0.7,137,528,485,66,126,25,1,16,67,2,1,31,101,.260,.313,.414,.728,87,.319,88,201,15,8,0,3,2,*9H/8,,jonesad01
118,Miguel Rojas,30,MIA,NL,0.8,132,526,483,52,137,29,1,5,46,9,5,32,62,.284,.331,.379,.710,89,.311,87,183,15,5,1,5,2,*6/3H4,,rojasmi02
119,Wilson Ramos,31,NYM,NL,2.1,141,524,473,52,136,19,0,14,73,1,0,44,69,.288,.351,.416,.768,106,.336,108,197,16,4,0,3,5,*2H/D,,ramoswi01
120,Nelson Cruz,38,MIN,AL,4.4,120,521,454,81,141,26,0,41,108,0,1,56,131,.311,.392,.639,1.031,168,.418,165,290,14,7,0,3,8,*D/H,MVP-9SS,cruzne02
121,Christian Vázquez,28,BOS,AL,2.2,138,521,482,66,133,26,1,23,72,4,2,33,101,.276,.320,.477,.798,103,.336,99,230,17,0,3,3,3,*2HD3/54,,vazquch01
122,Brian Anderson,26,MIA,NL,3.2,126,520,459,57,120,33,1,20,66,5,1,44,114,.261,.342,.468,.811,112,.353,116,215,15,14,0,3,1,59/HD,,anderbr06
123,Tim Anderson,26,CHW,AL,4.2,123,518,498,81,167,32,0,18,56,17,5,15,109,.335,.357,.508,.865,128,.369,128,253,12,3,0,2,0,*6/DH,,anderti01
124,Jurickson Profar#,26,OAK,AL,0.0,139,518,459,65,100,24,2,20,67,9,1,48,75,.218,.301,.410,.711,91,.306,88,188,12,8,0,3,2,*4H/D73,,profaju01
125,Vladimir Guerrero Jr.,20,TOR,AL,2.2,123,514,464,52,126,26,2,15,69,0,1,46,91,.272,.339,.433,.772,106,.337,109,201,17,2,0,2,0,5D/H,ROY-6,guerrvl02
126,Joc Pederson*,27,LAD,NL,2.7,149,514,450,83,112,16,3,36,74,1,1,50,111,.249,.339,.538,.876,126,.365,125,242,4,12,0,2,2,*79H3/8D,,pederjo01
127,Asdrúbal Cabrera#,33,2TM,2LG,0.7,131,514,447,69,116,25,1,18,91,4,0,57,103,.260,.342,.441,.783,98,.342,99,197,9,3,0,7,2,54/H3,,cabreas01
127,Asdrúbal Cabrera#,33,TEX,AL,-0.2,93,368,323,45,76,15,0,12,51,4,0,38,85,.235,.318,.393,.711,80,.317,80,127,6,3,0,4,1,5/H,,cabreas01
127,Asdrúbal Cabrera#,33,WSN,NL,0.9,38,146,124,24,40,10,1,6,40,0,0,19,18,.323,.404,.565,.969,147,.406,150,70,3,0,0,3,1,4/5H3,,cabreas01
128,Jason Kipnis*,32,CLE,AL,0.6,121,511,458,52,112,23,1,17,65,7,2,40,88,.245,.304,.410,.715,84,.311,82,188,7,2,5,6,2,*4/D,,kipnija01
129,Danny Santana#,28,TEX,AL,1.9,130,511,474,81,134,23,6,28,81,21,6,25,151,.283,.324,.534,.857,112,.360,109,253,8,6,0,5,2,38479H/65D,,santada01
130,Luke Voit,28,NYY,AL,1.4,118,510,429,72,113,21,1,21,62,0,0,71,142,.263,.378,.464,.842,124,.364,126,199,12,9,0,1,2,3D/H,,voitlu01
131,Ryan Braun,35,MIL,NL,1.7,144,508,459,70,131,31,2,22,75,11,1,34,105,.285,.343,.505,.849,116,.364,117,232,15,8,0,3,1,*7H/D9,,braunry02
132,Evan Longoria,33,SFG,NL,2.2,129,508,453,59,115,19,2,20,69,3,1,43,112,.254,.325,.437,.762,101,.334,104,198,14,7,0,5,1,*5H,,longoev01
133,Domingo Santana,26,SEA,AL,0.5,121,507,451,63,114,20,1,21,69,8,3,50,164,.253,.329,.441,.770,107,.334,109,199,11,2,0,2,1,79D/H,,santado01
134,Eloy Jiménez,22,CHW,AL,1.6,122,504,468,69,125,18,2,31,79,0,0,30,134,.267,.315,.513,.828,116,.349,116,240,11,4,0,2,0,*7/D,ROY-4,jimenel02
135,Colin Moran*,26,PIT,NL,-1.0,149,503,466,46,129,30,1,13,80,0,1,30,117,.277,.322,.429,.751,96,.321,94,200,13,3,0,4,4,*5H4/37,,moranco01
136,Scott Kingery,25,PHI,NL,2.7,126,500,458,64,118,34,4,19,55,15,4,34,147,.258,.315,.474,.788,101,.338,99,217,3,5,1,2,1,85647/H9,,kingesc01
137,Justin Smoak#,32,TOR,AL,0.5,121,500,414,54,86,16,0,22,61,0,0,79,106,.208,.342,.406,.748,101,.329,103,168,11,6,0,1,3,3D/H,,smoakju01
138,C.J. Cron,29,MIN,AL,1.6,125,499,458,51,116,24,0,25,78,0,0,29,107,.253,.311,.469,.780,104,.333,104,215,13,10,0,2,3,*3/HD,,croncj01
139,Todd Frazier,33,NYM,NL,2.3,133,499,447,63,112,19,2,21,67,1,2,40,106,.251,.329,.443,.772,105,.335,109,198,9,12,0,0,1,*5H/3D,,frazito01
140,Mark Canha,30,OAK,AL,4.3,126,497,410,80,112,16,3,26,58,3,2,67,107,.273,.396,.517,.913,146,.394,152,212,10,18,0,2,1,89D3H7,,canhama01
141,Hunter Renfroe,27,SDP,NL,2.3,140,494,440,64,95,19,1,33,64,5,0,46,154,.216,.289,.489,.778,103,.325,98,215,6,2,0,6,1,*97H/8,,renfrhu01
142,Matt Carpenter*,33,STL,NL,1.2,129,492,416,59,94,20,2,15,46,6,1,63,129,.226,.334,.392,.726,92,.321,93,163,3,7,1,5,0,5H/3D,,carpema01
143,Joe Panik*,28,2TM,NL,-0.7,142,491,438,50,107,21,2,5,39,4,2,43,47,.244,.315,.336,.651,75,.292,75,147,6,4,2,4,2,*4H,,panikjo01
143,Joe Panik*,28,SFG,NL,-1.0,103,388,344,33,81,17,1,3,27,4,2,36,38,.235,.310,.317,.627,68,.280,66,109,5,3,1,4,2,4H,,panikjo01
143,Joe Panik*,28,NYM,NL,0.3,39,103,94,17,26,4,1,2,12,0,0,7,9,.277,.333,.404,.738,98,.338,110,38,1,1,1,0,0,4H,,panikjo01
144,Wil Myers,28,SDP,NL,-0.3,155,490,435,58,104,22,1,18,53,16,7,51,168,.239,.321,.418,.739,96,.324,98,182,12,2,1,1,0,*78H/395,,myerswi01
145,Jiman Choi*,28,TBR,AL,2.1,127,487,410,54,107,20,2,19,63,2,3,64,108,.261,.363,.459,.822,120,.349,120,188,7,6,0,7,2,3HD,,choiji01
146,Edwin Encarnación,36,2TM,AL,2.9,109,486,418,81,102,18,0,34,86,0,1,58,103,.244,.344,.531,.875,131,.370,134,222,4,7,0,3,1,3D/4H,,encared01
146,Edwin Encarnación,36,SEA,AL,2.1,65,289,241,48,58,7,0,21,49,0,1,41,55,.241,.356,.531,.888,137,.381,144,128,3,4,0,3,0,3D/4H,,encared01
146,Edwin Encarnación,36,NYY,AL,0.8,44,197,177,33,44,11,0,13,37,0,0,17,48,.249,.325,.531,.856,123,.352,118,94,1,3,0,0,1,D3,,encared01
147,Ian Desmond,33,COL,NL,-1.5,140,482,443,64,113,31,4,20,65,3,3,34,119,.255,.310,.479,.788,89,.334,86,212,12,2,1,2,1,*87H/D1,,desmoia01
148,Brian Dozier,32,WSN,NL,1.3,135,482,416,54,99,20,0,20,50,3,4,61,105,.238,.340,.430,.771,98,.333,99,179,11,4,0,1,2,*4H/1,,doziebr01
149,Robbie Grossman#,29,OAK,AL,1.0,138,482,420,57,101,21,3,6,38,9,4,59,86,.240,.334,.348,.682,87,.306,90,146,7,1,0,2,2,*7H9/8,,grossro01
150,Óscar Mercado,24,CLE,AL,2.2,115,482,438,70,118,25,3,15,54,15,4,28,84,.269,.318,.443,.761,96,.330,95,194,9,5,7,4,0,*87/9HD,ROY-8,mercaos01
151,Omar Narváez*,27,SEA,AL,2.3,132,482,428,63,119,12,0,22,55,0,0,47,92,.278,.353,.460,.813,119,.348,119,197,5,4,0,3,1,2DH/4,,narvaom01
152,Ramón Laureano,24,OAK,AL,3.5,123,481,434,79,125,29,0,24,67,13,2,27,123,.288,.340,.521,.860,129,.363,127,226,7,11,1,8,0,*89/H,,laurera01
153,Kevin Kiermaier*,29,TBR,AL,2.3,129,480,447,60,102,20,7,14,55,19,5,26,104,.228,.278,.398,.676,79,.292,75,178,8,5,1,1,2,*8/HD,GG,kiermke01
154,Daniel Murphy*,34,COL,NL,0.7,132,478,438,56,122,35,1,13,78,1,1,32,74,.279,.328,.452,.780,89,.337,88,198,10,2,0,4,1,*3H/D4,,murphda08
155,James McCann,29,CHW,AL,3.6,118,476,439,62,120,26,1,18,60,4,1,30,137,.273,.328,.460,.789,108,.345,113,202,10,6,1,0,1,2D/H,AS,mccanja02
156,Gio Urshela,27,NYY,AL,3.8,132,476,442,73,139,34,0,21,74,1,1,25,87,.314,.355,.534,.889,133,.372,133,236,13,5,0,4,1,*5H/D37,,urshegi01
157,Niko Goodrum#,27,DET,AL,1.5,112,472,423,61,105,27,5,12,45,12,3,46,138,.248,.322,.421,.743,94,.323,93,178,7,1,0,2,1,6473/89DH5,,goodrni01
158,Nick Markakis*,35,ATL,NL,0.8,116,469,414,61,118,25,2,9,62,2,0,47,59,.285,.356,.420,.776,97,.350,104,174,11,2,0,6,1,*9/7HD,,markani01
159,Nomar Mazara*,24,TEX,AL,1.0,116,469,429,69,115,27,1,19,66,4,1,28,108,.268,.318,.469,.786,96,.338,96,201,5,6,0,6,2,9/DH,,mazarno01
160,Jorge Alfaro,26,MIA,NL,1.1,130,465,431,44,113,14,1,18,57,4,4,22,154,.262,.312,.425,.736,93,.320,95,183,12,10,0,2,1,*2H/3D,,alfarjo01
161,Teoscar Hernández,26,TOR,AL,1.4,125,464,417,58,96,19,2,26,65,6,3,45,153,.230,.306,.472,.778,105,.329,103,197,8,1,0,1,1,*87H/D,,hernate01
162,Jonathan Schoop,27,MIN,AL,1.5,121,464,433,61,111,23,1,23,59,1,1,20,116,.256,.304,.473,.777,102,.325,98,205,13,10,0,1,1,*4/HD,,schoojo01
163,Marwin González#,30,MIN,AL,2.0,114,463,425,52,112,19,0,15,55,1,0,31,98,.264,.322,.414,.736,94,.315,91,176,7,6,0,1,2,9537/HD46,,gonzama01
164,Kiké Hernández,27,LAD,NL,1.9,130,460,414,57,98,19,1,17,64,4,0,36,97,.237,.304,.411,.715,87,.309,83,170,9,6,0,4,3,4H8967/35,,hernaen02
165,Eric Thames*,32,MIL,NL,1.3,149,459,396,67,98,23,2,25,61,3,2,51,140,.247,.346,.505,.851,117,.354,113,200,0,10,0,2,4,3H9/D,,thameer01
166,Brian Goodwin*,28,LAA,AL,2.2,136,458,413,65,108,29,3,17,47,7,3,38,129,.262,.326,.470,.796,108,.340,107,194,3,3,1,3,2,*78H9/D,,goodwbr01
167,J.D. Davis,26,NYM,NL,1.1,140,453,410,65,126,22,1,22,57,3,0,38,97,.307,.369,.527,.895,137,.384,142,216,14,3,0,2,2,7H5/D,,davisjd01
168,Jarrod Dyson*,34,ARI,NL,1.5,130,452,400,65,92,11,2,7,27,30,4,47,86,.230,.313,.320,.633,66,.292,61,128,1,2,1,2,0,*89H7,,dysonja01
169,Yadier Molina,36,STL,NL,1.4,113,452,419,45,113,24,0,10,57,6,0,23,58,.270,.312,.399,.711,87,.316,88,167,14,5,0,5,0,*2/3H5,,molinya01
170,Roberto Pérez,30,CLE,AL,4.1,119,449,389,46,93,9,1,24,63,0,0,45,127,.239,.321,.452,.774,99,.332,98,176,12,4,7,4,1,*2/D,GG,perezro02
171,Brandon Drury,26,TOR,AL,-0.7,120,447,418,43,91,21,1,15,41,0,1,25,113,.218,.262,.380,.642,70,.278,68,159,6,1,0,3,0,5943/76HD,,drurybr01
172,Aaron Judge,27,NYY,AL,5.6,102,447,378,75,103,18,1,27,55,3,2,64,141,.272,.381,.540,.921,143,.393,148,204,11,3,0,1,4,9D/H,,judgeaa01
173,Raimel Tapia*,25,COL,NL,-0.4,138,447,426,54,117,23,5,9,44,9,3,21,100,.275,.309,.415,.724,75,.318,73,177,2,0,0,0,0,7H8/9D,,tapiara01
174,Harold Ramírez,24,MIA,NL,0.2,119,446,421,54,116,20,3,11,50,2,1,18,91,.276,.312,.416,.728,91,.323,95,175,8,5,0,1,1,*798H,,ramirha02
175,Gary Sánchez,26,NYY,AL,3.1,106,446,396,62,92,12,1,34,77,0,1,40,125,.232,.316,.525,.841,119,.354,120,208,3,9,0,1,3,2D/H,AS,sanchga02
176,Buster Posey,32,SFG,NL,0.8,114,445,405,43,104,24,0,7,38,0,0,34,71,.257,.320,.368,.688,83,.301,81,149,18,4,1,1,1,2H/3D,,poseybu01
177,Adalberto Mondesí#,23,KCR,AL,2.0,102,443,415,58,109,20,10,9,62,43,7,19,132,.263,.291,.424,.715,85,.321,82,176,6,0,3,6,0,6/DH,,mondera02
178,Kyle Seager*,31,SEA,AL,2.9,106,443,393,55,94,19,1,23,63,2,2,44,86,.239,.321,.468,.789,111,.334,110,184,12,4,0,2,0,5/HD,,seageky01
179,Eric Sogard*,33,2TM,AL,3.1,110,442,396,59,115,23,2,13,40,8,0,38,63,.290,.353,.457,.810,116,.355,119,181,4,2,3,3,2,4DH/5967,,sogarer01
179,Eric Sogard*,33,TOR,AL,2.4,73,323,287,45,86,17,2,10,30,6,0,29,47,.300,.363,.477,.840,123,.365,125,137,2,1,3,3,0,4D/596H7,,sogarer01
179,Eric Sogard*,33,TBR,AL,0.7,37,119,109,14,29,6,0,3,10,2,0,9,16,.266,.328,.404,.731,96,.329,101,44,2,1,0,0,2,4H/D,,sogarer01
180,Manuel Margot,24,SDP,NL,1.8,151,441,398,59,93,19,3,12,37,20,4,38,88,.234,.304,.387,.691,83,.314,87,154,6,2,3,0,1,*8H,,margoma01
181,Miguel Sanó,26,MIN,AL,2.7,105,439,380,76,94,19,2,34,79,0,1,55,159,.247,.346,.576,.923,139,.389,144,219,5,3,0,1,0,5/3DH,,sanomi01
182,Robinson Chirinos,35,HOU,AL,3.8,114,437,366,57,87,22,1,17,58,1,2,51,125,.238,.347,.443,.790,105,.351,114,162,11,13,2,5,1,*2/H,,chiriro01
183,Cavan Biggio*,24,TOR,AL,3.1,100,430,354,66,83,17,2,16,48,14,0,71,123,.234,.364,.429,.793,113,.357,117,152,0,2,0,2,0,4/39DH7,ROY-5,biggica01
184,Maikel Franco,26,PHI,NL,-0.3,123,428,389,48,91,17,0,17,56,0,0,36,61,.234,.297,.409,.705,81,.297,70,159,14,0,0,3,19,*5H/3,,francma02
185,Shohei Ohtani*,24,LAA,AL,2.4,106,425,384,51,110,20,5,18,62,12,3,33,110,.286,.343,.505,.848,121,.370,127,194,6,2,0,4,1,DH,,ohtansh01
186,Andrelton Simmons,29,LAA,AL,1.4,103,424,398,47,105,19,0,7,40,10,2,24,37,.264,.309,.364,.673,78,.295,74,145,21,2,0,0,1,6/DH,,simmoan01
187,Jake Bauers*,23,CLE,AL,-0.7,117,423,372,46,84,16,1,12,43,3,3,45,115,.226,.312,.371,.683,78,.297,75,138,3,3,0,3,0,7D3/H,,bauerja01
188,Robinson Canó*,36,NYM,NL,0.7,107,423,390,46,100,28,0,13,39,0,0,25,69,.256,.307,.428,.736,95,.314,93,167,16,5,0,3,3,4/HD,,canoro01
189,David Peralta*,31,ARI,NL,1.8,99,423,382,48,105,29,3,12,57,0,0,35,87,.275,.343,.461,.804,106,.346,107,176,9,5,0,1,3,7/HD,GG,peralda01
190,Garrett Cooper,28,MIA,NL,1.7,107,421,381,52,107,16,1,15,50,0,0,33,110,.281,.344,.446,.791,108,.347,113,170,10,5,0,2,0,39/HD,,coopega03
191,Dee Strange-Gordon*,31,SEA,AL,1.2,117,421,393,36,108,12,6,3,34,22,5,18,61,.275,.304,.359,.663,80,.297,80,141,8,1,3,6,1,*4/HD6,,gordode01
192,Brandon Dixon,27,DET,AL,-0.3,117,420,391,41,97,20,4,15,52,5,1,21,136,.248,.290,.435,.725,88,.313,87,170,5,4,0,4,0,37DH/95418,,dixonbr01
193,Christin Stewart*,25,DET,AL,-0.3,104,416,369,32,86,25,1,10,40,0,1,34,103,.233,.305,.388,.693,82,.299,79,143,4,7,0,6,3,7D/H,,stewach02
194,Nick Senzel,24,CIN,NL,0.1,104,414,375,55,96,20,4,12,42,14,5,30,101,.256,.315,.427,.742,87,.327,87,160,6,3,0,1,0,8H/4,,senzeni01
195,Chris Taylor,28,LAD,NL,1.6,124,414,366,52,96,29,4,12,52,8,0,37,115,.262,.333,.462,.794,107,.345,107,169,6,4,2,5,3,76H48/59,,tayloch03
196,David Dahl*,25,COL,NL,0.7,100,413,374,67,113,28,5,15,61,4,4,28,110,.302,.353,.524,.877,111,.365,110,196,3,4,2,5,0,879/H,AS,dahlda01
197,Rio Ruiz*,25,BAL,AL,0.2,127,413,370,35,86,13,2,12,46,0,1,40,88,.232,.306,.376,.682,80,.299,79,139,12,0,1,2,0,*5H3/D4,,ruizri01
198,Tony Wolters*,27,COL,NL,1.4,121,411,359,42,94,17,2,1,42,0,1,36,68,.262,.337,.329,.666,65,.304,64,118,9,8,2,6,5,*2/H45,,wolteto01
199,Mike Yastrzemski*,28,SFG,NL,2.6,107,411,371,64,101,22,3,21,55,2,4,32,107,.272,.334,.518,.852,122,.359,125,192,4,4,1,3,1,79H/8,,yastrmi01
200,Willson Contreras,27,CHC,NL,3.0,105,409,360,57,98,18,2,24,64,1,2,38,102,.272,.355,.533,.888,127,.369,126,192,4,9,0,2,2,2/H397D,AS,contrwi01
201,Rowdy Tellez*,24,TOR,AL,0.1,111,409,370,49,84,19,0,21,54,1,1,29,116,.227,.293,.449,.742,95,.310,90,166,9,7,0,3,3,3DH,,tellero01
202,Delino DeShields,26,TEX,AL,1.2,118,408,357,42,89,15,4,4,32,24,6,38,100,.249,.325,.347,.672,72,.314,75,124,8,3,8,2,0,*8H/D,,deshide02
203,Harrison Bader,25,STL,NL,2.3,128,406,347,54,71,14,3,12,39,11,3,46,117,.205,.314,.366,.680,80,.312,86,127,3,10,1,2,4,*8H,,baderha01
204,Luis Rengifo#,22,LAA,AL,1.0,108,406,357,44,85,18,3,7,33,2,5,40,93,.238,.321,.364,.685,82,.307,88,130,6,5,1,3,0,46/H,,rengilu01
205,Anthony Santander#,24,BAL,AL,1.7,93,405,380,46,99,20,1,20,59,1,2,19,86,.261,.297,.476,.773,100,.329,101,181,1,2,1,3,0,978/DH,,santaan02
206,José Peraza,25,CIN,NL,-1.2,141,403,376,37,90,18,2,6,33,7,6,17,58,.239,.285,.346,.631,60,.274,53,130,9,8,0,2,0,467H/581,,perazjo01
207,Nicky Lopez*,24,KCR,AL,-0.2,103,402,379,44,91,22,2,2,30,1,1,18,51,.240,.276,.325,.601,58,.266,54,123,5,1,4,0,0,46/HD,,lopezni01
208,Melky Cabrera#,34,PIT,NL,-1.2,133,397,378,43,106,22,1,7,47,2,0,17,41,.280,.313,.399,.713,87,.320,91,151,14,1,1,0,3,9H7/D,,cabreme01
209,J.P. Crawford*,24,SEA,AL,1.5,93,396,345,43,78,21,4,7,46,5,3,43,83,.226,.313,.371,.684,86,.304,89,128,4,2,3,3,0,6,,crawfjp01
210,Stephen Piscotty,28,OAK,AL,1.0,93,393,357,46,89,17,1,13,44,2,0,29,84,.249,.309,.412,.720,94,.309,91,147,13,3,1,3,0,9/DH,,piscost01
211,Dwight Smith Jr.*,26,BAL,AL,-0.4,101,392,357,46,86,16,3,13,53,5,1,26,82,.241,.297,.412,.708,85,.313,88,147,8,4,1,4,0,7H/D,,smithdw02
212,Travis d'Arnaud,30,3TM,2LG,1.0,103,391,351,52,88,16,0,16,69,0,1,32,85,.251,.312,.433,.745,98,.318,97,152,4,2,0,6,0,23H/D,,darnatr01
212,Travis d'Arnaud,30,2TM,NL,-0.4,11,26,24,2,2,0,0,0,2,0,0,2,5,.083,.154,.083,.237,-33,.122,-46,2,1,0,0,0,0,/2H,,darnatr01
212,Travis d'Arnaud,30,NYM,NL,-0.4,10,25,23,2,2,0,0,0,2,0,0,2,5,.087,.160,.087,.247,-30,.126,-42,2,1,0,0,0,0,/2H,,darnatr01
212,Travis d'Arnaud,30,LAD,NL,0.0,1,1,1,0,0,0,0,0,0,0,0,0,0,.000,.000,.000,.000,-100,.000,-142,0,0,0,0,0,0,/H,,darnatr01
212,Travis d'Arnaud,30,TBR,AL,1.4,92,365,327,50,86,16,0,16,67,0,1,30,80,.263,.323,.459,.782,108,.332,107,150,3,2,0,6,0,23H/D,,darnatr01
213,Jeimer Candelario#,25,DET,AL,0.3,94,386,335,33,68,17,2,8,32,3,1,43,99,.203,.306,.337,.643,70,.292,72,113,3,7,0,1,1,53/DH,,candeje01
214,Danny Jansen,24,TOR,AL,1.0,107,384,347,41,72,12,1,13,43,0,1,31,79,.207,.279,.360,.640,70,.278,68,125,8,4,1,1,1,2/DH,,janseda01
215,Jesse Winker*,25,CIN,NL,1.0,113,384,338,51,91,17,2,16,38,0,2,38,60,.269,.357,.473,.830,109,.357,112,160,10,8,0,0,2,7H89/D,,winkeje01
216,Michael Chavis,23,BOS,AL,0.9,95,382,347,46,88,10,1,18,58,2,1,31,127,.254,.322,.444,.766,96,.326,92,154,11,4,0,0,2,34/5HD,,chavimi01
217,Neil Walker#,33,MIA,NL,0.4,115,381,337,37,88,19,1,8,38,3,0,42,77,.261,.344,.395,.738,96,.327,97,133,8,1,0,1,1,3H5/D4,,walkene01
218,Alex Verdugo*,23,LAD,NL,2.9,106,377,343,43,101,22,2,12,44,4,1,26,49,.294,.342,.475,.817,113,.344,109,163,8,2,0,6,1,897H,,verdual01
219,Martín Maldonado,32,3TM,2LG,1.2,105,374,333,46,71,19,0,12,27,0,0,32,86,.213,.293,.378,.671,75,.300,77,126,11,6,2,1,1,2/H3,,maldoma01
219,Martín Maldonado,32,2TM,AL,1.6,101,361,322,46,71,19,0,12,27,0,0,30,81,.220,.298,.391,.689,79,.308,83,126,11,6,2,1,0,2/H3,,maldoma01
219,Martín Maldonado,32,KCR,AL,1.1,74,263,238,26,54,15,0,6,17,0,0,17,55,.227,.291,.366,.657,72,.297,75,87,9,5,2,1,0,2/H,,maldoma01
219,Martín Maldonado,32,CHC,NL,-0.4,4,13,11,0,0,0,0,0,0,0,0,2,5,.000,.154,.000,.154,-54,.058,-116,0,0,0,0,0,1,/2,,maldoma01
219,Martín Maldonado,32,HOU,AL,0.5,27,98,84,20,17,4,0,6,10,0,0,13,26,.202,.316,.464,.781,101,.339,104,39,2,1,0,0,0,2/3H,,maldoma01
220,José Martínez,30,STL,NL,-0.3,128,373,334,45,90,13,2,10,42,3,0,35,82,.269,.340,.410,.751,98,.336,103,137,14,2,0,2,0,9H/D7,,martijo08
221,Greg Garcia*,29,SDP,NL,0.9,134,372,311,52,77,13,4,4,31,0,2,53,83,.248,.364,.354,.718,94,.321,98,110,4,5,1,2,1,4H5/637D,,garcigr01
222,Fernando Tatis Jr.,20,SDP,NL,4.0,84,372,334,61,106,13,6,22,53,16,6,30,110,.317,.379,.590,.969,154,.412,161,197,4,5,0,3,1,6/H,ROY-3,tatisfe02
223,Howie Kendrick,35,WSN,NL,2.8,121,370,334,61,115,23,1,17,62,2,1,27,49,.344,.395,.572,.966,146,.413,154,191,11,4,0,5,1,3H45/D,,kendrho01
224,Ryan O'Hearn*,25,KCR,AL,-1.4,105,370,328,32,64,13,1,14,38,0,1,39,99,.195,.281,.369,.650,69,.276,62,121,7,1,0,2,1,3H/7D,,ohearry01
225,Chad Pinder,27,OAK,AL,1.7,124,370,341,45,82,21,0,13,47,0,1,20,88,.240,.290,.416,.706,89,.306,91,142,11,5,1,3,0,79H45/86D3,,pindech01
226,Yordan Alvarez*,22,HOU,AL,3.7,87,369,313,58,98,26,0,27,78,0,0,52,94,.313,.412,.655,1.067,173,.436,173,205,9,2,0,2,4,D7/H,ROY-1,alvaryo01
227,Harold Castro*,25,DET,AL,-0.9,97,369,354,30,103,10,4,5,38,4,2,9,86,.291,.305,.384,.689,81,.300,78,136,6,0,2,4,0,485/7H9D63,,castrha01
228,Jesús Aguilar,29,2TM,2LG,-0.5,131,369,314,39,74,12,0,12,50,0,0,43,81,.236,.325,.389,.714,87,.314,87,122,12,2,0,7,0,3HD/5,,aguilje01
228,Jesús Aguilar,29,MIL,NL,-0.7,94,262,222,26,50,9,0,8,34,0,0,31,59,.225,.320,.374,.694,80,.307,79,83,11,2,0,4,0,3H/5,,aguilje01
228,Jesús Aguilar,29,TBR,AL,0.2,37,107,92,13,24,3,0,4,16,0,0,12,22,.261,.336,.424,.760,104,.332,106,39,1,0,0,3,0,3D/H,,aguilje01
229,Logan Forsythe,32,TEX,AL,-0.4,101,367,317,38,72,17,1,7,39,2,0,44,100,.227,.325,.353,.678,73,.310,76,112,8,3,0,2,0,356H/4,,forsylo01
230,Luis Arraez*,22,MIN,AL,1.6,92,366,326,54,109,20,1,4,28,2,2,36,29,.334,.399,.439,.838,124,.359,123,143,2,1,0,3,1,475/6HD,ROY-6,arraelu01
231,Carson Kelly,24,ARI,NL,1.5,111,365,314,46,77,19,0,18,47,0,0,48,79,.245,.348,.478,.826,112,.347,108,150,11,2,0,1,10,2H/5,,kellyca02
232,Tucker Barnhart*,28,CIN,NL,0.5,114,364,316,32,73,14,0,11,40,1,0,44,83,.231,.328,.380,.708,80,.309,75,120,5,2,1,1,7,2H/3,,barnhtu01
233,Albert Almora,25,CHC,NL,-0.7,130,363,339,41,80,11,1,12,32,2,1,16,62,.236,.271,.381,.651,67,.286,64,129,8,1,5,2,4,*8H,,almoral01
234,Curtis Granderson*,38,MIA,NL,-0.5,138,363,317,44,58,17,1,12,34,0,3,41,98,.183,.281,.356,.637,68,.290,75,113,3,3,0,2,1,7H/9D,,grandcu01
235,Stevie Wilkerson#,27,BAL,AL,-0.7,117,361,329,41,74,18,2,10,35,3,3,22,108,.225,.286,.383,.669,76,.282,69,126,5,7,1,2,0,87H49/1D,,wilkest01
236,Mitch Garver,28,MIN,AL,4.1,93,359,311,70,85,16,1,31,67,0,0,41,87,.273,.365,.630,.995,157,.410,158,196,5,5,0,2,0,2H/D3,SS,garvemi01
237,Yan Gomes,31,WSN,NL,1.4,97,358,314,36,70,16,0,12,43,2,0,38,84,.223,.316,.389,.704,81,.311,79,122,7,5,0,1,6,2/H3,,gomesya01
238,David Bote,26,CHC,NL,2.0,127,356,303,47,78,17,0,11,41,5,1,44,93,.257,.362,.422,.785,104,.351,110,128,11,7,0,2,4,54H/69,,boteda01
239,Ben Gamel*,27,MIL,NL,0.6,134,356,311,47,77,18,0,7,33,2,2,40,104,.248,.337,.373,.710,85,.315,86,116,0,3,0,2,2,7H98,,gamelbe01
240,Billy Hamilton,28,2TM,2LG,0.4,119,353,316,41,69,14,2,0,15,22,6,32,87,.218,.289,.275,.564,50,.264,46,87,1,0,3,2,1,*8H/D,,hamilbi02
240,Billy Hamilton,28,KCR,AL,0.6,93,305,275,32,58,12,2,0,12,18,5,25,74,.211,.275,.269,.544,45,.255,42,74,1,0,3,2,0,8/HD,,hamilbi02
240,Billy Hamilton,28,ATL,NL,-0.2,26,48,41,9,11,2,0,0,3,4,1,7,13,.268,.375,.317,.692,80,.318,75,13,0,0,0,0,1,8H,,hamilbi02
241,Chris Davis*,33,BAL,AL,-1.1,105,352,307,26,55,9,0,12,36,0,0,39,139,.179,.276,.326,.601,59,.268,57,100,6,3,0,3,1,3H/D19,,davisch02
242,Tommy Edman#,24,STL,NL,4.0,92,349,326,59,99,17,7,11,36,15,1,16,61,.304,.350,.500,.850,122,.382,132,163,3,7,0,0,0,54H9/78,,edmanto01
243,Keston Hiura,22,MIL,NL,1.8,84,348,314,51,95,23,2,19,49,9,3,25,107,.303,.368,.570,.938,138,.391,138,179,6,8,0,1,1,4/H,,hiurake01
244,Yandy Díaz,27,TBR,AL,1.5,79,347,307,53,82,20,1,14,38,2,2,35,61,.267,.340,.476,.816,117,.345,116,146,9,1,0,4,1,53D/H,,diazya01
245,Austin Hedges,26,SDP,NL,-0.8,102,347,312,28,55,9,0,11,36,1,0,27,109,.176,.252,.311,.563,50,.250,44,97,3,5,2,1,3,2/H5,,hedgeau01
246,Didi Gregorius*,29,NYY,AL,0.4,82,344,324,47,77,14,2,16,61,2,1,17,53,.238,.276,.441,.718,87,.306,86,143,5,1,0,2,1,6/DH,,gregodi01
247,Lourdes Gurriel Jr.,25,TOR,AL,1.8,84,343,314,52,87,19,2,20,50,6,4,20,86,.277,.327,.541,.869,127,.358,124,170,4,5,1,3,0,7/4D3H,,gurrilo01
248,Josh Phegley,31,OAK,AL,0.3,106,342,314,44,75,18,0,12,62,0,1,15,63,.239,.282,.411,.693,86,.305,90,129,11,6,2,5,0,2/H,,phegljo01
249,AJ Pollock,31,LAD,NL,0.0,86,342,308,49,82,15,1,15,47,5,1,23,74,.266,.327,.468,.795,107,.338,104,144,7,7,0,4,1,87/HD,,polloaj01
250,Pedro Severino,25,BAL,AL,1.0,96,341,305,37,76,13,0,13,44,3,1,29,73,.249,.321,.420,.740,95,.319,93,128,5,4,1,2,0,2/HD,,severpe01
251,Willie Calhoun*,24,TEX,AL,0.8,83,337,309,51,83,14,1,21,48,0,0,23,53,.269,.323,.524,.848,110,.358,110,162,5,3,0,2,0,7/DH,,calhowi01
252,Mitch Moreland*,33,BOS,AL,1.2,91,335,298,48,75,17,1,19,58,1,0,34,74,.252,.328,.507,.835,111,.355,112,151,12,1,0,2,0,3H/D,,morelmi01
253,Yonder Alonso*,32,2TM,2LG,-0.9,121,335,292,34,58,13,0,10,37,0,1,39,70,.199,.296,.346,.641,68,.292,72,101,13,2,0,2,3,HD3,,alonsyo01
253,Yonder Alonso*,32,CHW,AL,-1.0,67,251,219,23,39,6,0,7,27,0,1,29,53,.178,.275,.301,.576,55,.272,63,66,8,1,0,2,2,D3/H,,alonsyo01
253,Yonder Alonso*,32,COL,NL,0.1,54,84,73,11,19,7,0,3,10,0,0,10,17,.260,.357,.479,.837,103,.352,99,35,5,1,0,0,1,H3,,alonsyo01
254,Matt Adams*,30,WSN,NL,0.6,111,333,310,42,70,14,0,20,56,0,0,20,115,.226,.276,.465,.741,86,.313,82,144,7,2,0,1,1,3H,,adamsma01
255,John Hicks,29,DET,AL,-0.4,95,333,319,29,67,15,0,13,35,1,1,13,109,.210,.240,.379,.620,60,.269,57,121,7,0,0,1,0,23H/D,,hicksjo02
256,JaCoby Jones,27,DET,AL,-0.3,88,333,298,39,70,19,3,11,26,7,2,27,94,.235,.310,.430,.740,93,.323,93,128,6,6,1,1,2,8/HD,,jonesja07
257,Jay Bruce*,32,2TM,2LG,0.6,98,333,310,43,67,17,0,26,59,1,0,19,82,.216,.261,.523,.784,101,.320,95,162,5,1,0,3,0,79H3/D,,bruceja01
257,Jay Bruce*,32,SEA,AL,0.2,47,184,165,27,35,11,0,14,28,1,0,16,53,.212,.283,.533,.816,114,.329,106,88,1,1,0,2,0,93/7DH,,bruceja01
257,Jay Bruce*,32,PHI,NL,0.4,51,149,145,16,32,6,0,12,31,0,0,3,29,.221,.235,.510,.745,85,.309,80,74,4,0,0,1,0,7H/D,,bruceja01
258,Elias Díaz,28,PIT,NL,-1.1,101,332,303,31,73,14,0,2,28,0,0,23,56,.241,.296,.307,.603,60,.283,66,93,11,2,1,3,0,2H,,diazel01
259,Cheslor Cuthbert,26,KCR,AL,-1.0,87,330,309,24,76,14,0,9,40,1,0,19,67,.246,.294,.379,.673,76,.293,72,117,14,2,0,0,1,35H/D,,cuthbch01
260,Tim Beckham,29,SEA,AL,0.6,88,328,304,39,72,21,1,15,47,1,3,21,102,.237,.293,.461,.753,100,.318,101,140,7,3,0,0,0,675D/43H,,beckhti01
261,Jonathan Lucroy,33,2TM,2LG,-1.1,101,328,293,30,68,10,1,8,36,0,0,27,51,.232,.305,.355,.660,74,.285,68,104,17,5,0,3,1,2/3HD,,lucrojo01
261,Jonathan Lucroy,33,LAA,AL,-0.7,74,268,240,28,58,8,1,7,30,0,0,21,39,.242,.310,.371,.681,80,.293,75,89,15,4,0,3,0,2/3DH,,lucrojo01
261,Jonathan Lucroy,33,CHC,NL,-0.4,27,60,53,2,10,2,0,1,6,0,0,6,12,.189,.283,.283,.566,49,.247,36,15,2,1,0,0,1,2/H3,,lucrojo01
262,Garrett Hampson,24,COL,NL,0.3,105,327,299,40,74,9,4,8,27,15,3,24,88,.247,.302,.385,.686,67,.312,65,115,2,0,2,2,1,48H6/7,,hampsga01
263,Brandon Lowe*,24,TBR,AL,2.9,82,327,296,42,80,17,2,17,51,5,0,25,113,.270,.336,.514,.850,125,.362,125,152,1,5,0,1,0,4/H39D7,ASROY-3,lowebr01
264,Carlos Correa,24,HOU,AL,3.8,75,321,280,42,78,16,1,21,59,1,0,35,75,.279,.358,.568,.926,137,.385,136,159,8,2,0,4,0,6,,correca01
265,Tommy La Stella*,30,LAA,AL,1.8,80,321,292,49,86,8,0,16,44,0,0,20,28,.295,.346,.486,.832,118,.357,120,142,8,3,0,0,0,45/H3D,AS,lasteto01
266,Jake Marisnick,28,HOU,AL,1.4,120,318,292,46,68,16,3,10,34,10,3,17,95,.233,.289,.411,.700,80,.304,77,120,6,6,3,0,0,*8H/D,,marisja01
267,Brian McCann*,35,ATL,NL,0.2,85,316,277,28,69,9,0,12,45,0,0,31,53,.249,.323,.412,.734,85,.315,80,114,10,2,0,6,1,2/H,,mccanbr01
268,Hunter Pence,36,TEX,AL,1.6,83,316,286,53,85,17,1,18,59,6,1,26,69,.297,.358,.552,.910,126,.386,128,158,2,2,0,2,0,D7H/9,AS,pencehu01
269,Tyler Flowers,33,ATL,NL,-0.2,85,310,271,36,62,11,3,11,34,0,0,31,105,.229,.319,.413,.733,85,.314,79,112,8,6,0,2,3,2/H,,flowety01
270,Richie Martin,24,BAL,AL,-1.0,120,309,283,29,59,8,3,6,23,10,1,14,83,.208,.260,.322,.581,53,.266,51,91,6,6,5,1,0,*6/HD,,martiri01
271,Kurt Suzuki,35,WSN,NL,0.5,85,309,280,37,74,11,0,17,63,0,1,20,36,.264,.324,.486,.809,105,.343,105,136,10,6,0,3,1,2H,,suzukku01
272,Derek Dietrich*,29,CIN,NL,1.1,113,306,251,41,47,8,2,19,43,1,1,28,74,.187,.328,.462,.790,98,.344,101,116,2,25,0,1,2,4H37/D5,,dietrde01
273,Gerardo Parra*,32,2TM,NL,1.0,119,301,274,38,64,14,1,9,48,8,3,19,59,.234,.293,.391,.684,77,.309,81,107,7,5,1,2,3,H9738/145,,parrage01
273,Gerardo Parra*,32,SFG,NL,0.3,30,97,86,8,17,3,0,1,6,2,1,8,18,.198,.278,.267,.546,47,.267,56,23,0,2,0,1,2,79/H,,parrage01
273,Gerardo Parra*,32,WSN,NL,0.7,89,204,188,30,47,11,1,8,42,6,2,11,41,.250,.300,.447,.747,90,.329,92,84,7,3,1,1,1,H938/7145,,parrage01
274,Joey Gallo*,25,TEX,AL,3.1,70,297,241,54,61,15,1,22,49,4,2,52,114,.253,.389,.598,.986,145,.398,139,144,0,2,1,1,4,87/D,AS,gallojo01
275,Austin Riley,22,ATL,NL,-0.1,80,297,274,41,62,11,1,18,49,0,2,16,108,.226,.279,.471,.750,86,.308,77,129,4,5,0,2,3,7H/359D,,rileyau01
276,Pablo Sandoval#,32,SFG,NL,1.4,108,296,272,42,73,23,0,14,41,1,0,18,67,.268,.313,.507,.820,113,.351,117,138,8,1,2,3,2,H53/D1,,sandopa01
277,Mike Tauchman*,28,NYY,AL,3.9,87,296,260,46,72,18,1,13,47,6,0,34,71,.277,.361,.504,.865,128,.374,130,131,9,1,0,1,0,798/H,,tauchmi01
278,Byron Buxton,25,MIN,AL,3.0,87,295,271,48,71,30,4,10,46,14,3,19,68,.262,.314,.513,.827,115,.354,115,139,3,2,2,1,1,8/HD,,buxtoby01
279,Ronald Guzmán*,24,TEX,AL,0.1,87,295,256,34,56,20,0,10,36,1,2,32,87,.219,.308,.414,.723,81,.306,76,106,7,3,0,4,1,3/HD,,guzmaro01
280,Brock Holt*,31,BOS,AL,1.6,87,295,259,38,77,14,2,3,31,1,0,28,57,.297,.369,.402,.771,101,.337,99,104,4,4,0,4,1,4H3/6957D,,holtbr01
281,Tyler Naquin*,28,CLE,AL,1.6,89,294,274,34,79,19,0,10,34,4,2,14,66,.288,.325,.467,.792,103,.333,99,128,8,2,2,2,2,97H/D,,naquity01
282,Ronny Rodríguez,27,DET,AL,-0.6,84,294,276,29,61,12,3,14,43,3,1,13,82,.221,.252,.438,.690,77,.287,69,121,5,0,0,5,0,46H3/D57,,rodriro03
283,Víctor Reyes#,24,DET,AL,1.3,69,292,276,29,84,16,5,3,25,9,3,14,64,.304,.336,.431,.767,101,.332,100,119,5,0,0,2,0,87/9H,,reyesvi01
284,Mike Zunino,28,TBR,AL,-0.2,90,289,266,30,44,10,1,9,32,0,0,20,98,.165,.232,.312,.544,45,.240,42,83,4,3,0,0,0,2/H,,zuninmi01
285,Dawel Lugo,24,DET,AL,-1.0,77,288,273,28,67,11,4,6,26,0,0,8,59,.245,.271,.381,.652,70,.280,64,104,8,3,0,4,1,5/HD,,lugoda01
286,Jon Berti,29,MIA,NL,1.6,73,287,256,52,70,14,1,6,24,17,3,24,73,.273,.348,.406,.755,100,.342,103,104,2,6,0,1,0,685/H79,,bertijo01
287,Wilmer Flores,27,ARI,NL,0.6,89,285,265,31,84,18,0,9,37,0,0,15,31,.317,.361,.487,.848,118,.365,121,129,9,4,0,1,0,4H3,,florewi01
288,Juan Lagares,30,NYM,NL,-0.7,133,285,258,38,55,12,1,5,27,4,1,22,75,.213,.279,.326,.605,62,.265,55,84,8,2,2,1,4,*8H,,lagarju01
289,José Osuna,26,PIT,NL,0.0,95,285,261,41,69,20,0,10,36,0,0,18,48,.264,.310,.456,.766,99,.326,97,119,6,1,0,4,0,3H95/17,,osunajo01
290,Mitch Haniger,28,SEA,AL,1.6,63,283,246,46,54,13,1,15,32,4,0,30,81,.220,.314,.463,.778,108,.338,110,114,3,5,0,2,1,98/DH,,hanigmi01
291,Dylan Moore,26,SEA,AL,0.3,113,282,247,31,51,14,2,9,28,11,9,25,93,.206,.302,.389,.691,87,.291,85,96,6,9,1,0,0,674H59/3D81,,mooredy01
292,Steven Duggar*,25,SFG,NL,-0.1,73,281,261,26,61,12,2,4,28,1,4,16,78,.234,.278,.341,.619,64,.275,67,89,1,1,0,3,0,89/H,,duggast01
293,Ian Kinsler,37,SDP,NL,-0.8,87,281,258,28,56,12,0,9,22,2,4,19,54,.217,.278,.368,.646,71,.281,72,95,5,3,0,1,0,4H/1,,kinslia01
294,Tom Murphy,28,SEA,AL,2.5,75,281,260,32,71,12,1,18,40,2,0,19,87,.273,.324,.535,.858,128,.353,122,139,0,1,0,1,0,2/D1H7,,murphto04
295,Stephen Vogt*,34,SFG,NL,1.1,99,280,255,30,67,24,2,10,40,3,1,20,66,.263,.314,.490,.804,110,.340,108,125,1,1,0,4,1,2H/7D3,,vogtst01
296,Victor Caratini#,25,CHC,NL,1.0,95,279,244,31,65,11,0,11,34,1,0,29,59,.266,.348,.447,.794,105,.348,109,109,6,3,0,3,0,23H/15,,caratvi01
297,Josh Naylor*,22,SDP,NL,0.0,94,279,253,29,63,15,0,8,32,1,1,25,64,.249,.315,.403,.719,91,.313,91,102,4,0,0,1,1,79H/D,,naylojo01
298,Corey Dickerson*,30,2TM,NL,0.8,78,279,260,33,79,28,2,12,59,1,0,16,56,.304,.341,.565,.906,131,.371,127,147,4,0,0,3,4,7H,,dickeco01
298,Corey Dickerson*,30,PIT,NL,0.4,44,142,127,20,40,18,0,4,25,1,0,13,23,.315,.373,.551,.924,140,.374,131,70,3,0,0,2,4,7H,,dickeco01
298,Corey Dickerson*,30,PHI,NL,0.4,34,137,133,13,39,10,2,8,34,0,0,3,33,.293,.307,.579,.886,122,.367,122,77,1,0,0,1,0,7/H,,dickeco01
299,Tyler White,28,2TM,2LG,-0.9,83,279,240,18,50,14,0,3,23,0,0,36,78,.208,.308,.304,.612,63,.278,61,73,7,0,0,3,0,3DH/1,,whitety01
299,Tyler White,28,HOU,AL,-0.4,71,253,218,16,49,14,0,3,21,0,0,32,74,.225,.320,.330,.650,72,.292,71,72,7,0,0,3,0,3D/H1,,whitety01
299,Tyler White,28,LAD,NL,-0.5,12,26,22,2,1,0,0,0,2,0,0,4,4,.045,.192,.045,.238,-31,.141,-36,1,0,0,0,0,0,/3H,,whitety01
300,Tony Kemp*,27,2TM,2LG,0.3,110,279,245,31,52,9,4,8,29,4,4,23,47,.212,.291,.380,.671,74,.285,68,93,4,6,1,4,1,4H78/D9,,kempto01
300,Tony Kemp*,27,HOU,AL,0.4,66,186,163,23,37,6,2,7,17,4,3,16,29,.227,.308,.417,.725,88,.303,80,68,2,4,1,2,1,47H8/D,,kempto01
300,Tony Kemp*,27,CHC,NL,-0.1,44,93,82,8,15,3,2,1,12,0,1,7,18,.183,.258,.305,.563,46,.249,42,25,2,2,0,2,0,H4/798,,kempto01
301,Billy McKinney*,24,TOR,AL,0.5,84,276,251,37,54,14,1,12,28,0,2,19,73,.215,.274,.422,.696,83,.306,89,106,0,2,2,2,0,97H/3D,,mckinbi01
302,Jason Castro*,32,MIN,AL,0.6,79,275,237,39,55,9,0,13,30,0,0,33,88,.232,.332,.435,.767,102,.327,100,103,0,3,1,1,0,2/H,,castrja01
303,Jordy Mercer,32,DET,AL,0.4,74,271,256,24,69,16,0,9,22,0,0,13,57,.270,.310,.438,.747,94,.327,97,112,4,2,0,0,1,6/435DH,,mercejo03
304,Travis Shaw*,29,MIL,NL,-1.4,86,270,230,22,36,5,0,7,16,0,0,36,89,.157,.281,.270,.551,45,.250,37,62,5,4,0,0,3,5H/34,,shawtr01
305,Cameron Maybin,32,NYY,AL,1.6,82,269,239,48,68,17,0,11,32,9,6,30,72,.285,.364,.494,.858,127,.363,129,118,5,0,0,0,0,79/H8D,,maybica01
306,Matt Beaty*,26,LAD,NL,0.2,99,268,249,36,66,19,1,9,46,5,0,17,33,.265,.317,.458,.775,101,.334,100,114,6,2,0,0,2,37H/59D,,beatyma01
307,Austin Nola,29,SEA,AL,1.3,79,267,238,37,64,12,1,10,31,1,0,23,63,.269,.342,.454,.796,114,.338,112,108,8,4,1,1,1,34/25H79,,nolaau01
308,Leonys Martín*,31,CLE,AL,-0.2,65,264,236,32,47,7,0,9,19,4,5,21,78,.199,.276,.343,.619,61,.269,58,81,1,4,3,0,0,8,,martile01
309,Joey Wendle*,29,TBR,AL,0.6,75,263,238,32,55,13,2,3,19,8,3,14,47,.231,.293,.340,.633,71,.285,72,81,4,8,0,3,0,456/H9,,wendljo01
310,Andrew McCutchen,32,PHI,NL,1.7,59,262,219,45,56,12,1,10,29,2,1,43,55,.256,.378,.457,.834,116,.363,120,100,1,0,0,0,0,78/D,,mccutan01
311,Jordan Luplow,25,CLE,AL,2.0,85,261,225,42,62,15,1,15,38,3,2,33,61,.276,.372,.551,.923,136,.384,136,124,7,2,0,1,0,97H/8D,,luplojo01
312,Phil Ervin,26,CIN,NL,0.9,94,260,236,30,64,11,7,7,23,4,3,18,63,.271,.331,.466,.797,100,.337,97,110,4,4,0,2,0,7H89,,ervinph01
313,Martín Prado,35,MIA,NL,-1.4,104,260,245,26,57,9,0,2,15,0,0,12,41,.233,.265,.294,.559,49,.251,44,72,10,0,0,3,0,H35/D,,pradoma01
314,Josh VanMeter*,24,CIN,NL,0.1,95,260,228,33,54,13,1,8,23,9,3,29,56,.237,.327,.408,.735,86,.324,85,93,5,2,0,1,0,7H43/59D,,vanmejo01
315,Greg Allen#,26,CLE,AL,0.4,89,256,231,30,53,9,3,4,27,8,2,11,53,.229,.290,.346,.636,66,.294,69,80,3,9,4,1,1,7H89,,allengr01
316,Justin Upton,31,LAA,AL,-1.0,63,256,219,34,47,8,0,12,40,1,1,32,78,.215,.309,.416,.724,90,.313,89,91,5,0,0,5,0,7/DH,,uptonju01
317,Aaron Hicks#,29,NYY,AL,1.3,59,255,221,41,52,10,0,12,36,1,2,31,72,.235,.325,.443,.769,103,.333,107,98,2,0,0,3,0,8/DH,,hicksaa01
318,Brandon Nimmo*,26,NYM,NL,1.0,69,254,199,34,44,11,1,8,29,3,0,46,71,.221,.375,.407,.783,111,.348,115,81,1,5,1,3,2,87/H9,,nimmobr01
319,Welington Castillo,32,CHW,AL,-0.3,72,251,230,19,48,12,0,12,41,0,0,16,74,.209,.267,.417,.684,79,.293,77,96,8,3,0,2,0,2D/H,,castiwe01
320,Tim Locastro,26,ARI,NL,0.8,91,250,212,38,53,12,2,1,17,17,0,14,44,.250,.357,.340,.697,84,.334,87,72,1,22,1,1,0,7H98,,locasti01
321,Russell Martin,36,LAD,NL,0.6,83,249,209,29,46,5,0,6,20,1,0,30,60,.220,.337,.330,.667,78,.311,85,69,1,8,0,2,3,2H/51,,martiru01
322,Luis Urías,22,SDP,NL,0.4,71,249,215,27,48,8,1,4,24,0,1,25,56,.223,.329,.326,.655,77,.306,87,70,8,9,0,0,0,64/H5,,uriaslu01
323,Lewis Brinson,25,MIA,NL,-2.2,75,248,226,15,39,9,1,0,15,1,1,13,74,.173,.236,.221,.457,23,.212,15,50,8,6,2,1,1,89/H,,brinsle01
324,Johan Camargo#,25,ATL,NL,-0.7,98,248,232,31,54,12,1,7,32,1,0,15,43,.233,.279,.384,.663,67,.287,59,89,5,0,1,0,2,H657/943D,,camarjo01
325,Adam Engel,27,CHW,AL,0.8,89,248,227,26,55,10,2,6,26,3,3,14,78,.242,.304,.383,.687,83,.293,79,87,5,6,1,0,0,8/H,,engelad01
326,Ryan Cordell,27,CHW,AL,-0.6,97,247,217,22,48,8,0,7,24,3,1,19,69,.221,.290,.355,.645,72,.281,67,77,2,3,6,2,0,98H/7,,cordery01
327,Aledmys Díaz,28,HOU,AL,1.1,69,247,210,36,57,12,1,9,40,2,0,26,28,.271,.356,.467,.823,114,.361,118,98,10,5,0,6,1,345H/67D,,diazal02
328,Clint Frazier,24,NYY,AL,-0.1,69,246,225,31,60,14,0,12,38,1,2,16,70,.267,.317,.489,.806,111,.337,110,110,2,2,0,3,1,97D/H,,frazicl01
329,Hernán Pérez,28,MIL,NL,-0.2,91,246,232,29,53,11,0,8,18,5,1,11,66,.228,.262,.379,.642,64,.288,63,88,9,0,2,1,0,46H5/9317,,perezhe01
330,Jeff Mathis,36,TEX,AL,-1.5,86,244,228,17,36,9,0,2,12,1,0,15,87,.158,.209,.224,.433,11,.194,-6,51,2,0,0,1,1,2/1,,mathije01
331,Francisco Mejia#,23,SDP,NL,0.5,79,244,226,27,60,11,2,8,22,1,1,13,56,.265,.316,.438,.754,99,.323,98,99,6,4,0,1,1,2H/7D,,mejiafr01
332,Austin Barnes,29,LAD,NL,0.2,75,242,212,28,43,12,1,5,25,3,0,23,56,.203,.293,.340,.633,67,.286,66,72,8,5,0,2,3,2H/4,,barneau01
333,Adam Haseley*,23,PHI,NL,1.8,67,242,222,30,59,14,0,5,26,4,0,14,60,.266,.324,.396,.720,86,.320,85,88,7,5,1,0,1,879/H,,haselad01
334,Addison Russell,25,CHC,NL,0.7,82,241,215,25,51,4,1,9,23,2,0,20,58,.237,.308,.391,.699,81,.299,72,84,7,3,1,2,2,46/H,,russead02
335,Gordon Beckham,32,DET,AL,-1.3,83,240,223,29,48,13,2,6,15,3,1,13,68,.215,.271,.372,.643,68,.282,65,83,6,4,0,0,0,4H6D/53,,beckhgo01
336,Austin Romine,30,NYY,AL,0.7,72,240,228,29,64,12,0,8,35,1,1,10,50,.281,.310,.439,.748,97,.314,92,100,7,0,1,1,0,2/H1,,rominau01
337,Matt Joyce*,34,ATL,NL,0.8,129,238,200,32,59,10,0,7,23,0,0,38,45,.295,.408,.450,.858,119,.378,125,90,3,0,0,0,0,H9/D7,,joycema01
338,Daniel Robertson,25,TBR,AL,-0.3,74,237,207,23,44,9,1,2,19,2,2,24,59,.213,.312,.295,.607,66,.281,72,61,10,6,0,0,0,546/H1,,roberda10
339,Ehire Adrianza#,29,MIN,AL,1.0,83,236,202,34,55,8,3,5,22,0,2,20,40,.272,.349,.416,.765,103,.337,110,84,2,6,2,4,1,563H/4917,,adriaeh01
340,Curt Casali,30,CIN,NL,1.3,84,236,207,24,52,9,0,8,32,0,0,25,59,.251,.331,.411,.741,88,.325,87,85,1,1,0,3,1,2H/3D,,casalcu01
341,Guillermo Heredia,28,TBR,AL,0.2,89,231,204,31,46,13,0,5,20,2,2,18,60,.225,.306,.363,.668,80,.291,79,74,4,6,2,1,0,89H7/D,,heredgu01
342,Ender Inciarte*,28,ATL,NL,0.5,65,230,199,30,49,11,2,5,24,7,1,26,41,.246,.343,.397,.740,88,.328,86,79,1,4,0,1,2,8/H,,inciaen01
343,Jake Cave*,26,MIN,AL,0.7,72,228,198,28,51,11,2,8,25,0,0,21,71,.258,.351,.455,.805,113,.347,114,90,5,8,0,1,0,987/HD,,caveja01
344,Donovan Solano,31,SFG,NL,1.5,81,228,215,27,71,13,1,4,23,0,1,10,49,.330,.360,.456,.815,116,.358,124,98,4,1,0,2,0,4H6/5D,,solando01
345,Keon Broxton,29,3TM,2LG,-0.6,100,228,204,24,34,4,0,6,16,10,6,20,104,.167,.242,.275,.517,39,.228,33,56,5,1,1,2,0,87H/9D,,broxtke01
345,Keon Broxton,29,2TM,AL,-0.1,66,175,155,19,27,3,0,6,14,6,5,16,82,.174,.253,.310,.563,50,.243,46,48,4,1,1,2,0,8/H7D9,,broxtke01
345,Keon Broxton,29,NYM,NL,-0.5,34,53,49,5,7,1,0,0,2,4,1,4,22,.143,.208,.163,.371,2,.181,-9,8,1,0,0,0,0,7H/89,,broxtke01
345,Keon Broxton,29,BAL,AL,0.1,37,112,103,14,21,3,0,4,9,4,1,8,49,.204,.261,.350,.611,60,.264,51,36,4,0,1,0,0,8/H,,broxtke01
345,Keon Broxton,29,SEA,AL,-0.2,29,63,52,5,6,0,0,2,5,2,4,8,33,.115,.238,.231,.469,29,.205,36,12,0,1,0,2,0,8/H7D9,,broxtke01
346,Jake Lamb*,28,ARI,NL,-0.1,78,226,187,26,36,8,2,6,30,1,0,32,55,.193,.323,.353,.676,76,.308,79,66,4,5,0,2,1,53H/D,,lambja01
347,Aristides Aquino,25,CIN,NL,1.2,56,225,205,31,53,8,0,19,47,7,0,16,60,.259,.316,.576,.891,119,.368,113,118,5,2,0,2,2,9/H3,,aquinar01
348,Grayson Greiner,26,DET,AL,-0.6,58,224,208,18,42,5,1,5,19,0,0,13,70,.202,.251,.308,.559,47,.251,44,64,5,1,1,1,0,2,,greingr01
349,Isiah Kiner-Falefa,24,TEX,AL,0.0,65,222,202,23,48,12,1,1,21,3,0,14,49,.238,.299,.322,.620,58,.276,50,65,9,4,1,1,0,25/HD,,kineris01
350,Adeiny Hechavarría,30,2TM,NL,0.8,84,221,203,34,49,12,1,9,33,3,1,14,48,.241,.299,.443,.742,92,.330,99,90,3,3,0,1,0,46H/5D,,hechaad01
350,Adeiny Hechavarría,30,NYM,NL,-0.3,60,151,142,20,29,7,0,5,18,3,1,8,33,.204,.252,.359,.611,62,.279,66,51,2,1,0,0,0,4H6/5,,hechaad01
350,Adeiny Hechavarría,30,ATL,NL,1.1,24,70,61,14,20,5,1,4,15,0,0,6,15,.328,.400,.639,1.039,158,.440,170,39,1,2,0,1,0,6/H45D,,hechaad01
351,Mike Freeman*,31,CLE,AL,1.4,75,213,177,27,49,8,0,4,24,1,2,22,61,.277,.362,.390,.752,97,.332,101,69,2,4,6,4,0,4H5/67D1,,freemmi01
352,Bo Bichette,21,TOR,AL,2.3,46,212,196,32,61,18,0,11,21,4,4,14,50,.311,.358,.571,.930,144,.376,140,112,2,1,0,1,0,6/D,,bichebo01
353,Kevan Smith,31,LAA,AL,0.4,67,211,191,21,48,12,0,5,20,2,0,16,37,.251,.318,.393,.710,87,.313,87,75,8,3,0,1,0,2/DH,,smithke04
354,Ildemaro Vargas#,27,ARI,NL,0.6,92,211,201,25,54,9,1,6,24,1,0,9,24,.269,.299,.413,.712,82,.312,82,83,6,0,0,1,0,4H5/679,,vargail01
355,Jacob Stallings,29,PIT,NL,1.4,71,210,191,26,50,5,0,6,13,0,0,16,40,.262,.325,.382,.708,87,.306,82,73,3,2,1,0,5,2H/1,,stallja01
356,Willians Astudillo,27,MIN,AL,0.0,58,204,190,28,51,9,0,4,21,0,0,5,8,.268,.299,.379,.678,79,.298,79,72,6,5,0,4,0,235/H974D,,astudwi01
357,Alex Avila*,32,ARI,NL,1.2,63,201,164,22,34,8,0,9,24,1,0,36,68,.207,.353,.421,.774,100,.331,95,69,8,1,0,0,7,2/H1,,avilaal01
358,Isan Díaz*,23,MIA,NL,-0.9,49,201,179,17,31,5,2,5,23,0,3,19,59,.173,.259,.307,.566,50,.251,49,55,2,2,0,1,0,4/H,,diazis01
359,Ty France,24,SDP,NL,-0.2,69,201,184,20,43,8,1,7,24,0,2,9,49,.234,.294,.402,.696,84,.301,86,74,8,7,0,1,0,54H/13,,francty01
360,Kendrys Morales#,36,2TM,AL,-0.7,53,201,170,16,33,2,1,2,12,0,0,26,26,.194,.313,.253,.566,57,.270,63,43,6,4,0,1,0,3D/H1,,moralke01
360,Kendrys Morales#,36,OAK,AL,-0.3,34,126,108,9,22,1,1,1,7,0,0,14,20,.204,.310,.259,.569,59,.272,66,28,3,3,0,1,0,3/DH1,,moralke01
360,Kendrys Morales#,36,NYY,AL,-0.4,19,75,62,7,11,1,0,1,5,0,0,12,6,.177,.320,.242,.562,55,.267,58,15,3,1,0,0,0,D/3H,,moralke01
361,Chance Sisco*,24,BAL,AL,0.0,59,198,167,29,35,7,0,8,20,0,1,22,61,.210,.333,.395,.729,93,.316,92,66,5,9,0,0,0,2/HD3,,siscoch01
362,Kyle Farmer,28,CIN,NL,0.1,97,197,183,22,42,6,0,9,27,4,1,10,59,.230,.279,.410,.689,72,.301,68,75,1,3,0,1,1,4H325/16D,,farmeky01
363,Dominic Smith*,24,NYM,NL,0.6,89,197,177,35,50,10,0,11,25,1,2,19,44,.282,.355,.525,.881,132,.367,133,93,5,1,0,0,0,H37/9,,smithdo02
364,Bubba Starling,26,KCR,AL,-1.1,56,197,186,26,40,7,0,4,12,2,0,9,56,.215,.255,.317,.572,50,.248,39,59,4,1,1,0,0,89/7H,,starlbu01
365,Will Smith,24,LAD,NL,1.7,54,196,170,30,43,9,0,15,42,2,0,18,52,.253,.337,.571,.907,133,.380,134,97,3,5,0,3,1,2/HD,,smithwi05
366,Chris Owings,27,2TM,AL,-1.2,66,196,180,13,25,6,1,3,14,5,2,14,78,.139,.209,.233,.443,16,.208,11,42,2,2,0,0,0,4H56/8971D,,owingch01
366,Chris Owings,27,KCR,AL,-1.1,40,145,135,9,18,4,1,2,9,4,1,8,55,.133,.193,.222,.415,9,.194,1,30,1,2,0,0,0,45/89617H,,owingch01
366,Chris Owings,27,BOS,AL,-0.1,26,51,45,4,7,2,0,1,5,1,1,6,23,.156,.255,.267,.522,36,.248,41,12,1,0,0,0,0,H4/657D,,owingch01
367,Daniel Descalso*,32,CHC,NL,-0.9,82,194,168,20,29,5,1,2,15,2,1,23,57,.173,.271,.250,.521,38,.243,33,42,3,0,1,1,0,4H/5D13,,descada01
368,Austin Slater,26,SFG,NL,0.7,68,192,168,20,40,9,3,5,21,1,0,22,59,.238,.333,.417,.750,99,.334,104,70,1,2,0,0,1,9H/374,,slateau01
369,Sandy León#,30,BOS,AL,-0.5,65,191,172,14,33,3,0,5,19,0,0,13,47,.192,.251,.297,.548,42,.258,43,51,0,1,4,1,0,2/3DH,,leonsa01
370,Ryan Zimmerman,34,WSN,NL,0.5,52,190,171,20,44,9,0,6,27,0,0,17,39,.257,.321,.415,.736,89,.319,87,71,4,0,0,2,0,3/HD,,zimmery01
371,Alex Dickerson*,29,2TM,NL,0.5,68,190,174,29,48,13,3,6,28,1,1,13,42,.276,.332,.489,.820,115,.350,118,85,5,2,0,1,1,7H/9,,dickeal01
371,Alex Dickerson*,29,SDP,NL,-0.3,12,19,19,1,3,0,0,0,2,0,0,0,7,.158,.158,.158,.316,-15,.140,-33,3,0,0,0,0,0,/H7,,dickeal01
371,Alex Dickerson*,29,SFG,NL,0.8,56,171,155,28,45,13,3,6,26,1,1,13,35,.290,.351,.529,.880,130,.374,135,82,5,2,0,1,1,7H/9,,dickeal01
372,Austin Dean,25,MIA,NL,-1.4,64,189,178,17,40,14,0,6,21,0,2,9,47,.225,.261,.404,.665,73,.277,66,72,5,0,1,1,1,7H/39,,deanau01
373,Joey Rickard,28,2TM,2LG,0.6,68,189,168,14,38,9,2,3,10,4,2,18,50,.226,.312,.357,.669,78,.307,85,60,1,3,0,0,1,798H/D,,rickajo01
373,Joey Rickard,28,BAL,AL,0.5,42,135,118,10,24,7,2,2,6,3,2,14,33,.203,.304,.347,.651,73,.306,85,41,0,3,0,0,1,98/7HD,,rickajo01
373,Joey Rickard,28,SFG,NL,0.1,26,54,50,4,14,2,0,1,4,1,0,4,17,.280,.333,.380,.713,90,.311,85,19,1,0,0,0,0,7H/9,,rickajo01
374,Ryon Healy,27,SEA,AL,0.2,47,187,169,24,40,16,0,7,26,0,0,13,40,.237,.289,.456,.744,98,.311,93,77,1,1,0,4,0,53,,healyry01
375,Travis Demeritte,24,DET,AL,-1.1,48,186,169,24,38,7,2,3,10,3,0,14,63,.225,.286,.343,.630,66,.275,58,58,3,1,1,1,0,9/H,,demertr01
376,David Freese,36,LAD,NL,1.5,79,186,162,35,51,13,0,11,29,0,0,23,44,.315,.403,.599,1.002,160,.418,163,97,7,1,0,0,0,3H/D5,,freesda01
377,Jung Ho Kang,32,PIT,NL,-0.3,65,185,172,15,29,7,1,10,24,0,0,11,60,.169,.222,.395,.617,58,.281,64,68,4,1,0,1,0,5H6,,kangju01
378,Trent Grisham*,22,MIL,NL,0.6,51,183,156,24,36,6,2,6,24,1,0,20,48,.231,.328,.410,.738,90,.319,87,64,3,4,0,3,0,879H,,grishtr01
379,Matt Wieters#,33,STL,NL,0.5,67,183,168,15,36,4,0,11,27,1,1,12,47,.214,.268,.435,.702,82,.297,78,73,3,1,0,2,0,2H,,wietema01
380,Jon Jay*,34,CHW,AL,-0.7,47,182,165,12,44,8,0,0,9,0,0,8,30,.267,.311,.315,.626,69,.295,77,52,1,3,5,1,0,97/DH,,jayjo02
381,Yairo Muñoz,24,STL,NL,-0.6,88,181,172,20,46,7,1,2,13,8,3,7,37,.267,.298,.355,.653,73,.291,71,61,5,1,0,1,0,H5697/84,,munozya01
382,Manny Piña,32,MIL,NL,0.8,76,179,158,10,36,8,0,7,25,0,0,16,50,.228,.313,.411,.724,86,.309,80,65,1,4,0,1,1,2H/5,,pinama01
383,Tyler Austin,27,3TM,2LG,0.5,89,179,154,30,29,5,1,9,24,2,0,24,67,.188,.296,.409,.705,85,.313,87,63,2,0,0,1,1,H37/9D,,austity01
383,Tyler Austin,27,2TM,NL,0.5,87,174,150,29,28,4,1,9,24,2,0,23,64,.187,.293,.407,.700,83,.311,85,61,2,0,0,1,1,H73/9D,,austity01
383,Tyler Austin,27,MIN,AL,-0.1,2,5,4,1,1,1,0,0,0,0,0,1,3,.250,.400,.500,.900,138,.381,138,2,0,0,0,0,0,/3H,,austity01
383,Tyler Austin,27,SFG,NL,0.3,70,147,130,24,24,2,1,8,20,1,0,17,57,.185,.279,.400,.679,78,.299,78,52,1,0,0,0,0,H73/9D,,austity01
383,Tyler Austin,27,MIL,NL,0.2,17,27,20,5,4,2,0,1,4,1,0,6,7,.200,.370,.450,.820,112,.379,126,9,1,0,0,1,1,H/3,,austity01
384,Ben Zobrist#,38,CHC,NL,-0.3,47,176,150,24,39,5,0,1,17,0,0,23,24,.260,.358,.313,.671,79,.305,78,47,6,1,0,2,0,49/7H16D,,zobribe01
385,Eduardo Núñez,32,BOS,AL,-1.5,60,174,167,13,38,7,0,2,20,5,1,4,27,.228,.243,.305,.548,41,.252,37,51,6,0,1,2,0,4HD/561,,nunezed02
386,Kevin Plawecki,28,CLE,AL,-0.1,59,174,158,13,35,10,0,3,17,0,1,12,31,.222,.287,.342,.629,64,.281,64,54,4,3,0,1,0,2/H13D,,plaweke01
387,Justin Bour*,31,LAA,AL,-0.6,52,170,151,18,26,5,0,8,26,0,0,17,52,.172,.259,.364,.623,63,.277,63,55,7,1,0,1,0,3H/D,,bourju01
388,Brad Miller*,29,2TM,2LG,1.4,79,170,154,26,40,6,1,13,25,2,0,15,45,.260,.329,.565,.894,126,.382,131,87,2,1,0,0,0,H574/69,,millebr02
388,Brad Miller*,29,CLE,AL,0.4,13,40,36,4,9,3,0,1,4,1,0,4,10,.250,.325,.417,.742,92,.325,89,15,0,0,0,0,0,4/H,,millebr02
388,Brad Miller*,29,PHI,NL,1.0,66,130,118,22,31,3,1,12,21,1,0,11,35,.263,.331,.610,.941,136,.400,144,72,2,1,0,0,0,H57/69,,millebr02
389,Matt Duffy,28,TBR,AL,0.0,46,169,147,12,37,8,0,1,12,0,1,19,29,.252,.343,.327,.670,83,.304,88,48,4,2,0,1,0,5/6,,duffyma01
390,Nathaniel Lowe*,23,TBR,AL,0.5,50,169,152,24,40,8,0,7,19,0,0,13,50,.263,.325,.454,.779,107,.333,107,69,4,2,0,2,0,3DH/5,,lowena01
391,Shed Long Jr.*,23,SEA,AL,0.0,42,168,152,21,40,12,1,5,15,3,3,16,40,.263,.333,.454,.787,112,.333,113,69,1,0,0,0,0,47/H5D,,longsh01
392,Gregory Polanco*,27,PIT,NL,-0.5,42,167,153,23,37,8,1,6,17,3,1,12,49,.242,.301,.425,.726,89,.308,83,65,4,1,0,0,1,9/HD,,polangr01
393,Derek Fisher*,25,2TM,AL,0.1,57,167,146,23,27,4,1,7,17,5,1,21,57,.185,.287,.370,.657,74,.294,74,54,3,0,0,0,0,7H/9D8,,fishede01
393,Derek Fisher*,25,HOU,AL,0.2,17,60,53,9,12,2,1,1,5,4,1,7,14,.226,.317,.358,.675,77,.317,84,19,0,0,0,0,0,7/9DH,,fishede01
393,Derek Fisher*,25,TOR,AL,-0.1,40,107,93,14,15,2,0,6,12,1,0,14,43,.161,.271,.376,.647,72,.281,68,35,3,0,0,0,0,7/H98D,,fishede01
394,Carlos González*,33,2TM,2LG,-0.5,45,166,145,21,29,3,0,3,10,0,3,18,52,.200,.289,.283,.572,51,.251,47,41,3,1,0,2,1,79/DH,,gonzaca01
394,Carlos González*,33,CLE,AL,-0.1,30,117,105,13,22,1,0,2,7,0,1,10,33,.210,.282,.276,.558,48,.254,46,29,2,1,0,1,0,7/D9H,,gonzaca01
394,Carlos González*,33,CHC,NL,-0.4,15,49,40,8,7,2,0,1,3,0,2,8,19,.175,.306,.300,.606,60,.246,50,12,1,0,0,1,1,9/7H,,gonzaca01
395,Chris Iannetta,36,COL,NL,-0.5,52,164,144,20,32,10,0,6,21,0,0,18,54,.222,.311,.417,.728,76,.309,67,60,9,1,0,1,3,2H/D,,iannech01
396,Matt Thaiss*,24,LAA,AL,0.3,53,164,147,17,31,7,0,8,23,0,0,17,52,.211,.293,.422,.714,86,.302,81,62,4,0,0,0,0,53/H,,thaisma01
397,Mike Ford*,26,NYY,AL,1.1,50,163,143,30,37,7,0,12,25,0,0,17,28,.259,.350,.559,.909,137,.378,137,80,0,3,0,0,2,3DH/1,,fordmi01
398,Ryan Goins*,31,CHW,AL,0.0,52,163,144,13,36,6,1,2,10,0,1,17,44,.250,.333,.347,.681,84,.293,79,50,7,1,1,0,1,56H/937D,,goinsry01
399,Mark Reynolds,35,COL,NL,-1.1,78,162,135,13,23,7,0,4,20,2,0,22,57,.170,.290,.311,.601,48,.272,39,42,3,2,0,3,0,H3/1D,,reynoma01
400,Andrew Knapp#,27,PHI,NL,0.1,74,160,136,12,29,9,0,2,8,0,0,18,51,.213,.318,.324,.642,68,.283,61,44,2,3,3,0,2,2H/3,,knappan01
401,Francisco Cervelli,33,2TM,NL,0.3,48,160,141,15,30,8,1,3,12,1,0,13,41,.213,.302,.348,.649,70,.299,74,49,7,5,1,0,0,2/H3D,,cervefr01
401,Francisco Cervelli,33,PIT,NL,0.0,34,123,109,11,21,3,0,1,5,1,0,9,31,.193,.279,.248,.526,42,.253,42,27,4,4,1,0,0,2/H3,,cervefr01
401,Francisco Cervelli,33,ATL,NL,0.3,14,37,32,4,9,5,1,2,7,0,0,4,10,.281,.378,.688,1.066,162,.452,178,22,3,1,0,0,0,/23HD,,cervefr01
402,Cole Tucker#,22,PIT,NL,0.2,56,159,147,16,31,10,3,2,13,0,0,10,40,.211,.266,.361,.626,63,.265,53,53,2,1,1,0,1,6H,,tuckeco01
403,Pablo Reyes,25,PIT,NL,-0.9,71,157,143,18,29,7,2,2,19,1,1,13,36,.203,.274,.322,.596,57,.265,54,46,0,1,0,0,0,H798/456,,reyespa01
404,Josh Rojas*,25,ARI,NL,0.0,41,157,138,17,30,7,0,2,16,4,2,18,41,.217,.312,.312,.624,64,.287,65,43,3,1,0,0,0,7/9H4,,rojasjo01
405,Charlie Tilson*,26,CHW,AL,-0.7,54,157,144,16,33,5,0,1,12,4,0,10,38,.229,.293,.285,.578,57,.272,58,41,1,3,0,0,1,978/H,,tilsoch01
406,Sam Travis,25,BOS,AL,-0.8,59,157,144,17,31,4,1,6,16,2,0,11,36,.215,.274,.382,.656,67,.288,63,55,6,1,0,1,2,37H/D9,,travisa01
407,José Rondón,25,2TM,AL,-0.8,56,157,143,10,28,3,0,3,9,0,0,11,38,.196,.263,.280,.543,46,.256,50,40,4,2,1,0,0,465H/D713,,rondojo02
407,José Rondón,25,CHW,AL,-0.8,55,156,142,10,28,3,0,3,9,0,0,11,38,.197,.265,.282,.546,47,.258,51,40,4,2,1,0,0,465H/D713,,rondojo02
407,José Rondón,25,BAL,AL,0.0,1,1,1,0,0,0,0,0,0,0,0,0,0,.000,.000,.000,.000,-100,.000,-123,0,0,0,0,0,0,/5H,,rondojo02
408,Erik González,27,PIT,NL,0.5,53,156,142,15,36,4,1,1,6,4,1,9,37,.254,.301,.317,.618,64,.282,62,45,5,1,3,1,3,65/H78,,gonzaer01
409,Ian Happ#,24,CHC,NL,1.4,58,156,140,25,37,7,1,11,30,2,0,15,39,.264,.333,.564,.898,128,.377,128,79,1,0,0,1,0,H748/593,,happia01
410,Marco Hernández*,26,BOS,AL,-0.1,61,155,148,18,37,7,0,2,11,1,2,3,42,.250,.279,.338,.617,59,.281,64,50,1,3,1,0,0,4H/D6,,hernama02
411,Tyler O'Neill,24,STL,NL,0.4,60,151,141,18,37,6,0,5,16,1,0,10,53,.262,.311,.411,.723,90,.328,98,58,3,0,0,0,0,7H/98,,oneilty01
412,Meibrys Viloria*,22,KCR,AL,-0.2,42,148,133,7,28,7,0,1,15,0,1,10,44,.211,.259,.286,.544,44,.251,45,38,4,0,1,4,0,2/DH,,vilorme01
413,Josh Harrison,31,DET,AL,-1.0,36,147,137,10,24,7,1,1,8,4,2,6,27,.175,.218,.263,.480,27,.208,15,36,0,2,0,2,0,4/HD,,harrijo05
414,Max Stassi,28,2TM,AL,-1.6,51,147,132,7,18,1,0,1,5,0,0,12,49,.136,.211,.167,.378,2,.185,-3,22,3,1,0,2,0,2/31DH,,stassma01
414,Max Stassi,28,HOU,AL,-0.8,31,98,90,4,15,1,0,1,3,0,0,7,34,.167,.235,.211,.446,19,.216,17,19,1,1,0,0,0,2/31DH,,stassma01
414,Max Stassi,28,LAA,AL,-0.8,20,49,42,3,3,0,0,0,2,0,0,5,15,.071,.163,.071,.235,-33,.123,-45,3,2,0,0,2,0,2,,stassma01
415,César Puello,28,2TM,2LG,1.0,44,147,125,14,31,5,0,4,18,0,0,10,38,.248,.356,.384,.740,97,.336,105,48,2,11,1,0,1,879/H,,puellce01
415,César Puello,28,LAA,AL,0.6,12,50,41,6,16,3,0,3,12,0,0,3,8,.390,.500,.683,1.183,210,.488,211,28,1,6,0,0,0,7,,puellce01
415,César Puello,28,MIA,NL,0.4,32,97,84,8,15,2,0,1,6,0,0,7,30,.179,.281,.238,.519,41,.256,46,20,1,5,1,0,1,89/H,,puellce01
416,Charlie Culberson,30,ATL,NL,-0.1,108,144,135,14,35,5,2,5,20,0,1,6,44,.259,.294,.437,.731,82,.320,86,59,5,1,1,1,0,H793/615,,culbech01
417,Wilmer Difo#,27,WSN,NL,-0.9,43,144,131,15,33,2,0,2,8,0,1,12,29,.252,.315,.313,.628,64,.267,51,41,2,0,1,0,3,6/5H4,,difowi01
418,Tomás Nido,25,NYM,NL,-0.8,50,144,136,9,26,5,0,4,14,0,0,7,37,.191,.231,.316,.547,45,.229,30,43,4,0,1,0,2,2/H,,nidoto01
419,Mac Williamson,28,2TM,2LG,-0.4,40,144,128,13,20,1,0,4,17,2,1,14,44,.156,.250,.258,.508,38,.236,39,33,3,2,0,0,0,7/H9D,,willima11
419,Mac Williamson,28,SFG,NL,-0.5,15,57,51,3,6,1,0,1,7,2,0,5,18,.118,.211,.196,.407,10,.199,2,10,2,1,0,0,0,7/9H,,willima11
419,Mac Williamson,28,SEA,AL,0.1,25,87,77,10,14,0,0,3,10,0,1,9,26,.182,.276,.299,.575,57,.260,62,23,1,1,0,0,0,7/H9D,,willima11
420,Mike Brosseau,25,TBR,AL,0.3,50,142,132,17,36,7,0,6,16,1,0,7,39,.273,.319,.462,.781,107,.336,108,61,3,2,1,0,0,45H/9713D,,brossmi01
421,Cam Gallagher,26,KCR,AL,0.1,45,142,126,14,30,7,0,3,12,0,1,11,28,.238,.312,.365,.677,78,.297,78,46,3,3,1,1,0,2/H,,gallaca01
422,DJ Stewart*,25,BAL,AL,-0.4,44,142,126,15,30,6,0,4,15,1,2,14,26,.238,.317,.381,.698,85,.299,83,48,3,1,0,1,1,97/HD,,stewadj01
423,Odúbel Herrera*,27,PHI,NL,-0.5,39,139,126,12,28,10,1,1,16,2,2,11,33,.222,.288,.341,.629,63,.270,55,43,0,1,0,1,0,8/H,,herreod01
424,JT Riddle*,27,MIA,NL,-0.8,51,139,132,15,25,6,0,6,12,0,0,5,42,.189,.230,.371,.601,56,.251,44,49,3,2,0,0,1,8H6,,riddljt01
425,Sean Rodríguez,34,PHI,NL,0.5,76,139,112,24,25,5,0,4,12,1,1,19,41,.223,.348,.375,.723,89,.331,97,42,2,3,4,1,0,H56/794183D,,rodrise01
426,Scooter Gennett*,29,2TM,NL,-1.2,42,139,133,15,30,7,0,2,11,0,0,2,41,.226,.245,.323,.568,46,.249,38,43,1,2,0,2,0,4/H,,gennesc01
426,Scooter Gennett*,29,CIN,NL,-1.1,21,72,69,4,15,3,0,0,5,0,0,1,20,.217,.236,.261,.497,27,.217,10,18,0,1,0,1,0,4/H,,gennesc01
426,Scooter Gennett*,29,SFG,NL,-0.1,21,67,64,11,15,4,0,2,6,0,0,1,21,.234,.254,.391,.644,68,.283,68,25,1,1,0,1,0,4/H,,gennesc01
427,Humberto Arteaga,25,KCR,AL,-0.7,41,135,122,11,24,4,0,0,4,1,1,8,28,.197,.258,.230,.487,31,.254,46,28,2,2,3,0,0,6/4H15,,arteahu01
428,Nick Solak,24,TEX,AL,0.7,33,135,116,19,34,6,1,5,17,2,0,15,29,.293,.393,.491,.884,123,.397,136,57,2,4,0,0,1,D5/4H,,solakni01
429,Adam Duvall,30,ATL,NL,0.7,41,130,120,17,32,4,1,10,19,0,0,7,39,.267,.315,.567,.882,117,.359,112,68,0,2,0,1,0,7H/9,,duvalad01
430,Bryan Holaday,31,MIA,NL,0.3,43,129,115,12,32,6,0,4,12,0,1,11,21,.278,.344,.435,.779,105,.344,114,50,5,1,1,1,2,2/H1,,holadbr01
431,Luke Maile,28,TOR,AL,-0.5,44,129,119,9,18,2,1,2,9,1,0,8,33,.151,.205,.235,.440,18,.203,12,28,1,0,2,0,0,2/1,,mailelu01
432,Tim Lopes,25,SEA,AL,1.0,41,128,111,11,30,7,0,1,12,6,3,15,29,.270,.359,.360,.720,98,.335,111,40,1,1,0,1,0,7/H49D,,lopesti01
433,Jake Rogers,24,DET,AL,-0.6,35,128,112,11,14,3,0,4,8,0,0,13,51,.125,.222,.259,.481,27,.216,18,29,3,1,2,0,0,2/D,,rogerja03
434,Myles Straw,24,HOU,AL,1.0,56,128,108,27,29,4,2,0,7,8,1,19,24,.269,.378,.343,.721,92,.334,93,37,2,0,1,0,0,6H8/74D9,,strawmy01
435,Jose Trevino,26,TEX,AL,0.0,40,126,120,18,31,9,0,2,13,0,0,3,27,.258,.272,.383,.655,64,.302,71,46,6,0,1,2,0,2/H,,trevijo01
436,Roman Quinn#,26,PHI,NL,-0.2,44,122,108,18,23,3,1,4,11,8,0,12,34,.213,.298,.370,.668,72,.301,63,40,2,1,1,0,0,8H/1,,quinnro01
437,Lucas Duda*,33,KCR,AL,-0.9,39,119,105,7,18,4,0,4,15,0,0,11,32,.171,.252,.324,.576,50,.253,44,34,3,1,0,2,1,3D/H,,dudalu01
438,Rosell Herrera#,26,MIA,NL,-1.0,63,119,105,10,21,6,0,2,11,4,1,11,27,.200,.288,.314,.602,60,.266,51,33,2,2,1,0,1,H897/456,,herrero02
439,Nick Williams*,25,PHI,NL,-1.2,67,112,106,9,16,4,0,2,5,0,0,4,43,.151,.196,.245,.442,14,.203,4,26,1,2,0,0,0,H7/9,,willini01
440,Mauricio Dubón,24,2TM,NL,0.6,30,111,106,12,29,5,0,4,9,3,1,5,20,.274,.306,.434,.740,94,.340,108,46,3,0,0,0,0,46/H,,dubonma01
440,Mauricio Dubón,24,MIL,NL,-0.1,2,2,2,0,0,0,0,0,0,0,0,0,1,.000,.000,.000,.000,-100,.000,-142,0,0,0,0,0,0,/H6,,dubonma01
440,Mauricio Dubón,24,SFG,NL,0.6,28,109,104,12,29,5,0,4,9,3,1,5,19,.279,.312,.442,.754,98,.347,113,46,3,0,0,0,0,4/6,,dubonma01
441,Willi Castro#,22,DET,AL,-0.6,30,110,100,10,23,6,1,1,8,0,1,6,34,.230,.284,.340,.624,65,.264,56,34,4,2,1,1,0,6/H,,castrwi01
442,Nick Martini*,29,2TM,2LG,-0.2,32,109,93,8,21,4,1,1,7,0,0,14,26,.226,.330,.323,.653,77,.309,88,30,0,1,0,1,0,7/H1D,,martini02
442,Nick Martini*,29,OAK,AL,-0.1,6,13,11,1,1,0,0,1,2,0,0,2,5,.091,.231,.364,.594,58,.254,53,4,0,0,0,0,0,/7H1D,,martini02
442,Nick Martini*,29,SDP,NL,-0.1,26,96,82,7,20,4,1,0,5,0,0,12,21,.244,.344,.317,.661,80,.316,93,26,0,1,0,1,0,7/H,,martini02
443,Jace Peterson*,29,BAL,AL,0.1,29,108,100,14,22,3,1,2,11,4,1,6,24,.220,.269,.330,.599,58,.261,49,33,1,1,0,1,0,7/54H9,,peterja01
444,Tyler Wade*,24,NYY,AL,0.2,43,108,94,16,23,3,1,2,11,7,0,11,28,.245,.330,.362,.692,86,.315,81,34,0,1,2,0,0,47/H5689D,,wadety01
445,Zack Cozart,33,LAA,AL,-1.2,38,107,97,4,12,2,0,0,7,0,0,5,16,.124,.178,.144,.322,-12,.152,-25,14,2,2,0,3,0,5/6H4,,cozarza01
446,Yonathan Daza,25,COL,NL,-0.8,44,105,97,7,20,1,1,0,3,1,0,7,21,.206,.257,.237,.494,23,.231,10,23,2,0,0,1,0,8H/79,,dazayo01
447,Reese McGuire*,24,TOR,AL,1.0,30,105,97,14,29,7,0,5,11,0,0,7,18,.299,.346,.526,.872,130,.363,127,51,1,0,0,0,0,2/H,,mcguire01
448,Zack Collins*,24,CHW,AL,-0.2,27,102,86,10,16,3,1,3,12,0,0,14,39,.186,.307,.349,.656,76,.285,70,30,1,1,0,0,1,D2/H3,,colliza01
449,Cory Spangenberg*,28,MIL,NL,0.6,32,102,95,11,22,2,2,2,10,3,0,6,36,.232,.277,.358,.635,64,.287,59,34,1,0,1,0,1,4/567H,,spangco01
450,Dustin Garneau,31,2TM,AL,0.9,35,101,86,14,21,5,0,3,14,0,0,10,22,.244,.350,.407,.757,102,.347,114,35,1,4,0,0,0,2/H3,,garnedu01
450,Dustin Garneau,31,LAA,AL,0.7,28,82,69,11,16,3,0,2,7,0,0,8,18,.232,.346,.362,.708,89,.336,104,25,1,4,0,0,0,2/3H,,garnedu01
450,Dustin Garneau,31,OAK,AL,0.2,7,19,17,3,5,2,0,1,7,0,0,2,4,.294,.368,.588,.957,154,.395,152,10,0,0,0,0,0,/2H,,garnedu01
451,Jedd Gyorko,30,2TM,NL,-0.5,62,101,92,6,16,1,0,2,9,2,0,9,24,.174,.248,.250,.498,33,.238,31,23,3,0,0,0,0,H5/341D,,gyorkje01
451,Jedd Gyorko,30,STL,NL,-0.1,38,62,56,5,11,0,0,2,7,2,0,6,14,.196,.274,.304,.578,54,.279,59,17,1,0,0,0,0,H5/413,,gyorkje01
451,Jedd Gyorko,30,LAD,NL,-0.4,24,39,36,1,5,1,0,0,2,0,0,3,10,.139,.205,.167,.372,1,.173,-13,6,2,0,0,0,0,H/534D,,gyorkje01
452,Carlos Gómez,33,NYM,NL,-0.3,34,99,86,10,17,3,0,3,10,4,1,7,30,.198,.278,.337,.616,65,.284,67,29,3,3,2,1,0,87/9H,,gomezca01
453,Steve Pearce,36,BOS,AL,-0.5,29,99,89,9,16,4,0,1,9,0,0,7,31,.180,.245,.258,.503,31,.243,33,23,5,1,0,1,0,3/D7H,,pearcst01
454,Blake Swihart#,27,2TM,2LG,-1.0,43,99,92,13,15,1,0,4,13,0,0,6,36,.163,.222,.304,.527,35,.229,23,28,2,1,0,0,0,H7/923,,swihabl01
454,Blake Swihart#,27,BOS,AL,0.0,12,29,26,4,6,1,0,1,4,0,0,2,7,.231,.310,.385,.695,79,.303,76,10,0,1,0,0,0,/2H37,,swihabl01
454,Blake Swihart#,27,ARI,NL,-1.0,31,70,66,9,9,0,0,3,9,0,0,4,29,.136,.186,.273,.458,17,.198,1,18,2,0,0,0,0,H7/93,,swihabl01
455,Michael A. Taylor,28,WSN,NL,-0.1,53,97,88,10,22,7,0,1,3,6,0,7,34,.250,.305,.364,.669,73,.303,64,32,0,0,2,0,0,8H/9,,taylomi02
456,Rafael Ortega*,28,ATL,NL,-0.4,34,96,88,7,18,3,0,2,10,3,0,8,22,.205,.271,.307,.578,47,.261,36,27,2,0,0,0,0,7H/98,,ortegra01
457,Jonathan Davis,27,TOR,AL,-0.3,37,95,83,8,15,1,0,2,6,3,1,5,24,.181,.266,.265,.531,44,.243,41,22,1,5,1,1,0,8/H9D7,,davisjo05
458,Scott Schebler*,28,CIN,NL,-0.7,30,95,81,11,10,2,0,2,7,0,1,14,27,.123,.253,.222,.475,23,.236,27,18,3,0,0,0,0,8/H79,,schebsc01
459,Chris Herrmann*,31,OAK,AL,-0.3,30,94,84,9,17,3,0,1,8,0,0,9,29,.202,.280,.274,.553,53,.258,56,23,4,0,1,0,0,2/H7,,herrmch01
460,Daniel Palka*,27,CHW,AL,-1.6,30,93,84,4,9,0,0,2,4,0,1,8,35,.107,.194,.179,.372,1,.169,-7,15,3,1,0,0,0,9/HD3,,palkada01
461,Abraham Toro#,22,HOU,AL,0.3,25,89,78,13,17,3,2,2,9,1,1,9,19,.218,.303,.385,.688,79,.300,79,30,2,1,0,1,0,5/H3,,toroab01
462,Wilfredo Tovar,27,LAA,AL,-0.1,31,88,83,5,16,5,0,0,5,0,0,5,15,.193,.239,.253,.492,31,.226,27,21,0,0,0,0,0,6/H,,tovarwi01
463,Sam Hilliard*,25,COL,NL,0.6,27,87,77,13,21,4,2,7,13,2,0,9,23,.273,.356,.649,1.006,138,.414,139,50,1,1,0,0,0,8/9H7,,hillisa01
464,Jared Walsh*,25,LAA,AL,-0.3,31,87,79,6,16,5,1,1,5,0,0,6,35,.203,.276,.329,.605,60,.260,51,26,0,2,0,0,1,3/H1,,walshja01
465,Pat Valaika,26,COL,NL,-0.5,40,86,79,11,15,5,1,1,4,0,0,7,34,.190,.256,.316,.572,40,.248,24,25,1,0,0,0,0,H4/653D,,valaipa01
466,Scott Heineman,26,TEX,AL,0.1,25,85,75,8,16,6,0,2,7,1,2,9,20,.213,.306,.373,.679,72,.294,72,28,3,1,0,0,0,/8973,,heinesc01
467,Yu Chang,23,CLE,AL,-0.3,28,84,73,8,13,2,1,1,6,0,0,11,22,.178,.286,.274,.560,48,.255,44,20,4,0,0,0,0,5/6H,,changyu01
468,Seth Brown*,26,OAK,AL,0.8,26,83,75,11,22,8,2,0,13,1,0,7,23,.293,.361,.453,.815,121,.351,119,34,2,1,0,0,0,7/H3,,brownse01
469,Tim Federowicz,31,TEX,AL,-0.4,29,83,75,6,12,2,0,4,7,1,0,5,31,.160,.213,.347,.559,38,.250,30,26,1,0,3,0,0,2/1,,federti01
470,Ryan McBroom,27,KCR,AL,-0.2,23,83,75,8,22,5,0,0,6,0,0,7,25,.293,.361,.360,.721,92,.320,91,27,3,1,0,0,0,9/3H7,,mcbrory01
471,Nico Hoerner,22,CHC,NL,0.3,20,82,78,13,22,1,1,3,17,0,0,3,11,.282,.305,.436,.741,90,.308,81,34,3,0,0,1,1,6/48H,,hoernni01
472,Gavin Lux*,21,LAD,NL,0.5,23,82,75,12,18,4,1,2,9,2,0,7,24,.240,.305,.400,.705,84,.319,88,30,0,0,0,0,0,4/HD,,luxga01
473,Kristopher Negrón,33,2TM,2LG,0.1,40,82,77,12,19,1,0,2,8,1,1,5,26,.247,.293,.338,.630,68,.276,65,26,1,0,0,0,1,H9/87564,,negrokr01
473,Kristopher Negrón,33,SEA,AL,0.1,10,25,23,3,5,0,0,0,1,1,0,2,9,.217,.280,.217,.497,40,.238,36,5,0,0,0,0,0,/97H58,,negrokr01
473,Kristopher Negrón,33,LAD,NL,0.0,30,57,54,9,14,1,0,2,7,0,1,3,17,.259,.298,.389,.687,80,.292,79,21,1,0,0,0,1,H/896457,,negrokr01
474,Brendan Rodgers,22,COL,NL,-0.6,25,81,76,8,17,2,0,0,7,0,0,4,27,.224,.272,.250,.522,30,.241,18,19,2,1,0,0,0,4/6H,,rodgebr02
475,Robel García#,26,CHC,NL,0.0,31,80,72,8,15,2,2,5,11,0,0,7,35,.208,.275,.500,.775,95,.317,87,36,2,0,0,1,0,4H/79D,,garciro02
476,Matt Skole*,29,CHW,AL,-0.7,27,80,72,7,15,2,0,0,6,0,0,7,31,.208,.275,.236,.511,40,.232,34,17,0,0,0,1,0,D/3H,,skolema01
477,Stephen Strasburg,30,WSN,NL,0.2,33,80,72,4,12,1,0,1,10,0,0,3,25,.167,.200,.222,.422,9,.199,-6,16,0,0,5,0,0,1/H,CYA-5MVP-15,strasst01
478,Richard Ureña#,23,TOR,AL,0.1,30,80,74,4,18,6,0,0,4,0,0,2,23,.243,.273,.324,.597,60,.269,59,24,0,1,3,0,0,6/45H17,,urenari01
479,Kelvin Gutiérrez,24,KCR,AL,0.3,20,79,73,4,19,2,1,1,11,1,0,5,24,.260,.304,.356,.660,73,.288,67,26,2,0,0,1,0,5/D,,gutieke01
480,Brett Phillips*,25,KCR,AL,0.3,30,79,65,7,9,2,0,2,6,3,0,10,23,.138,.247,.262,.508,35,.248,33,17,1,0,2,2,0,8/H79D,,phillbr02
481,Kevin Cron,26,ARI,NL,0.1,39,78,71,12,15,4,0,6,16,0,1,4,28,.211,.269,.521,.790,98,.328,99,37,2,2,0,1,0,H3/D5,,cronke01
482,Yangervis Solarte#,31,SFG,NL,-0.4,28,78,73,9,15,5,0,1,7,0,0,4,16,.205,.247,.315,.562,49,.236,32,23,4,0,1,0,1,4/7H65,,solarya01
483,Madison Bumgarner,29,SFG,NL,0.3,35,76,63,4,8,0,0,2,4,0,0,9,40,.127,.236,.222,.458,24,.213,13,14,0,0,4,0,0,1/H,,bumgama01
484,Austin Hays,23,BAL,AL,0.8,21,75,68,12,21,6,0,4,13,2,0,7,13,.309,.373,.574,.947,146,.408,151,39,0,0,0,0,0,8/H,,haysau01
485,Kyle Lewis,23,SEA,AL,0.5,18,75,71,10,19,5,0,6,13,0,0,3,29,.268,.293,.592,.885,131,.356,125,42,0,0,0,1,0,9/8H,,lewisky01
486,Cedric Mullins*,24,BAL,AL,-0.6,22,74,64,7,6,0,2,0,4,1,0,4,14,.094,.181,.156,.337,-9,.176,-13,10,2,3,2,1,0,8/H,,mullice01
487,Austin Wynns,28,BAL,AL,0.2,28,74,70,8,15,1,0,1,5,0,0,3,14,.214,.247,.271,.518,38,.265,54,19,2,0,1,0,0,2/HD,,wynnsau01
488,Nick Hundley,35,OAK,AL,-0.4,31,73,70,5,14,3,1,2,5,0,1,2,18,.200,.233,.357,.590,57,.241,49,25,7,1,0,0,0,2/H,,hundlni01
489,Patrick Corbin*,29,WSN,NL,-0.2,31,72,65,3,6,1,0,0,4,0,0,3,27,.092,.132,.108,.240,-36,.127,-60,7,0,0,4,0,0,1,CYA-11,corbipa01
490,Giancarlo Stanton,29,NYY,AL,0.4,18,72,59,8,17,3,0,3,13,0,0,12,24,.288,.403,.492,.894,138,.379,137,29,1,0,0,1,0,7/D9,,stantmi03
491,Kyle Tucker*,22,HOU,AL,0.8,22,72,67,15,18,6,0,4,11,5,0,4,20,.269,.319,.537,.857,118,.364,111,36,1,1,0,0,1,79/H3D,,tuckeky01
492,Austin Allen*,25,SDP,NL,-0.4,34,71,65,4,14,4,0,0,3,0,0,6,21,.215,.282,.277,.559,51,.230,28,18,2,0,0,0,3,2H/3,,allenau01
493,Tyler Saladino,29,MIL,NL,-0.2,28,71,65,7,8,0,0,2,8,2,0,5,26,.123,.197,.215,.413,8,.193,-8,14,1,1,0,0,0,6/75H4,,saladty01
494,Jacob deGrom*,31,NYM,NL,0.6,31,70,65,4,13,2,0,2,6,0,0,4,19,.200,.246,.323,.569,52,.245,42,21,0,0,1,0,0,1/H,ASCYA-1MVP-10,degroja01
495,Luis Guillorme*,24,NYM,NL,0.4,45,70,61,8,15,4,0,1,3,0,0,7,14,.246,.324,.361,.684,84,.302,84,22,2,0,2,0,0,H/465D,,guilllu01
496,Aaron Nola,26,PHI,NL,0.3,32,70,59,6,7,2,0,0,2,0,0,6,35,.119,.200,.153,.353,-6,.211,3,9,0,0,5,0,0,1,,nolaaa01
497,John Ryan Murphy,28,2TM,NL,0.2,26,70,63,9,11,3,0,4,7,0,0,6,28,.175,.246,.413,.659,66,.276,56,26,0,0,1,0,0,2/H1,,murphjr01
497,John Ryan Murphy,28,ARI,NL,0.2,25,69,62,9,11,3,0,4,7,0,0,6,28,.177,.250,.419,.669,69,.280,59,26,0,0,1,0,0,2/H1,,murphjr01
497,John Ryan Murphy,28,ATL,NL,0.0,1,1,1,0,0,0,0,0,0,0,0,0,0,.000,.000,.000,.000,-100,.000,-150,0,0,0,0,0,0,/2,,murphjr01
498,Thairo Estrada,23,NYY,AL,0.4,35,69,64,12,16,3,0,3,12,4,0,3,15,.250,.294,.438,.732,92,.335,96,28,1,1,1,0,0,4H/679D,,estrath01
499,Noah Syndergaard*,26,NYM,NL,-0.1,30,69,65,6,6,1,0,2,2,0,0,3,47,.092,.132,.200,.332,-12,.145,-31,13,1,0,1,0,0,1,,syndeno01
500,LaMonte Wade Jr.*,25,MIN,AL,0.0,26,69,56,10,11,2,1,2,5,0,1,11,9,.196,.348,.375,.723,94,.312,94,21,0,2,0,0,0,8/7H93D,,wadela01
501,Nicky Delmonico*,26,CHW,AL,-0.5,21,68,63,6,13,2,0,1,6,0,1,4,25,.206,.265,.286,.550,48,.249,51,18,1,1,0,0,0,7/H3,,delmoni01
502,Phil Gosselin,30,PHI,NL,-0.4,44,68,65,5,17,3,0,0,7,0,0,3,16,.262,.294,.308,.602,57,.266,49,20,1,0,0,0,0,H/765,,gosseph01
503,Corban Joseph*,30,3TM,2LG,-0.6,28,68,64,5,10,3,0,1,7,0,0,3,12,.156,.191,.250,.441,18,.204,15,16,2,0,0,1,0,4H/59D,,josepco01
503,Corban Joseph*,30,2TM,NL,-0.4,17,28,27,1,3,1,0,0,2,0,0,1,7,.111,.143,.148,.291,-22,.163,-19,4,0,0,0,0,0,H/459,,josepco01
503,Corban Joseph*,30,OAK,AL,-0.2,11,40,37,4,7,2,0,1,5,0,0,2,5,.189,.225,.324,.549,47,.232,38,12,2,0,0,1,0,/45D,,josepco01
503,Corban Joseph*,30,SFG,NL,-0.3,8,17,16,0,1,0,0,0,2,0,0,1,6,.063,.118,.063,.180,-49,.145,-31,1,0,0,0,0,0,/4H5,,josepco01
503,Corban Joseph*,30,PIT,NL,-0.1,9,11,11,1,2,1,0,0,0,0,0,0,1,.182,.182,.273,.455,18,.192,0,3,0,0,0,0,0,/H49,,josepco01
504,Hyun Jin Ryu,32,LAD,NL,0.3,28,67,51,3,8,1,0,1,3,0,0,4,23,.157,.218,.235,.453,20,.205,-10,12,0,0,12,0,0,1/H,ASCYA-2MVP-19,ryuhy01
505,Jesús Sucre,31,BAL,AL,0.0,20,67,62,3,13,2,0,0,3,0,0,4,13,.210,.269,.242,.511,38,.259,51,15,1,1,0,0,0,2/H13D,,sucreje01
506,Walker Buehler,24,LAD,NL,0.0,29,66,59,5,5,0,0,1,2,0,0,4,33,.085,.143,.136,.278,-25,.144,-40,8,0,0,3,0,0,1,ASCYA-9,buehlwa01
507,Luis Castillo,26,CIN,NL,-0.4,31,66,62,3,6,1,0,0,0,0,0,0,32,.097,.097,.113,.210,-47,.090,-93,7,1,0,4,0,0,1,AS,castilu02
508,Jack Flaherty,23,STL,NL,0.1,35,66,54,4,10,3,0,0,4,1,1,2,17,.185,.211,.241,.451,20,.188,-13,13,0,0,9,1,0,1/H,CYA-4MVP-13,flaheja01
509,Yadiel Rivera,27,MIA,NL,-0.3,34,66,60,8,11,2,0,0,3,2,0,6,20,.183,.258,.217,.474,29,.237,29,13,1,0,0,0,0,H/563948,,riverya01
510,Aaron Altherr,28,3TM,NL,-0.7,49,66,61,8,5,2,0,1,3,0,0,3,25,.082,.136,.164,.300,-21,.148,-31,10,1,1,0,1,0,H87/91,,altheaa01
510,Aaron Altherr,28,PHI,NL,-0.4,22,30,29,2,1,1,0,0,1,0,0,1,9,.034,.067,.069,.136,-65,.093,-74,2,1,0,0,0,0,H/8917,,altheaa01
510,Aaron Altherr,28,SFG,NL,0.0,1,1,1,0,0,0,0,0,0,0,0,0,1,.000,.000,.000,.000,-100,.000,-133,0,0,0,0,0,0,/H,,altheaa01
510,Aaron Altherr,28,NYM,NL,-0.3,26,35,31,6,4,1,0,1,2,0,0,2,15,.129,.200,.258,.458,22,.199,10,8,0,1,0,1,0,7H/89,,altheaa01
511,Max Fried*,25,ATL,NL,0.3,38,65,56,11,11,4,0,0,4,0,0,5,16,.196,.262,.268,.530,36,.237,19,15,0,0,4,0,0,1/H,,friedma01
512,Clayton Kershaw*,31,LAD,NL,0.0,28,65,49,1,5,1,0,0,1,0,0,1,16,.102,.120,.122,.242,-35,.163,-57,6,0,0,15,0,0,1,ASCYA-8,kershcl01
513,Jack Mayfield,28,HOU,AL,0.1,26,65,64,8,10,5,0,2,5,0,0,1,16,.156,.169,.328,.497,25,.202,8,21,0,0,0,0,0,6/4H5,,mayfija01
514,Nick Dini,25,KCR,AL,0.0,20,64,56,11,11,3,0,2,6,0,0,4,18,.196,.270,.357,.627,63,.284,66,20,1,2,1,1,0,2/H,,dinini01
515,Kyle Hendricks,29,CHC,NL,0.2,29,64,54,1,8,1,0,0,5,0,0,2,29,.148,.193,.167,.360,-4,.183,-22,9,1,1,7,0,0,1/H,,hendrky01
516,Zack Wheeler*,29,NYM,NL,0.6,28,64,57,5,12,2,0,1,6,0,0,2,19,.211,.262,.298,.561,51,.261,52,17,0,2,3,0,0,1,,wheelza01
517,Sandy Alcantara,23,MIA,NL,-0.2,31,63,58,2,5,1,0,0,4,0,0,1,46,.086,.117,.103,.220,-40,.102,-71,6,0,1,3,0,0,1,AS,alcansa01
518,Jose Quintana,30,CHC,NL,-0.4,31,63,54,2,5,1,0,0,3,0,0,0,27,.093,.093,.111,.204,-47,.088,-106,6,1,0,9,0,0,1,,quintjo01
519,Michael Soroka,21,ATL,NL,-0.1,27,63,52,2,4,0,0,0,3,0,0,2,22,.077,.143,.077,.220,-41,.130,-72,4,1,2,7,0,0,1,ASCYA-6ROY-2,sorokmi01
520,Yu Darvish,32,CHC,NL,-0.2,30,62,56,1,5,0,0,0,3,0,0,2,31,.089,.119,.089,.208,-44,.114,-67,5,1,0,3,1,0,1,,darviyu01
521,Matt Kemp,34,CIN,NL,-1.0,20,62,60,4,12,2,0,1,5,0,0,1,19,.200,.210,.283,.493,24,.208,3,17,2,0,0,1,0,7/H,,kempma01
522,Miles Mikolas,30,STL,NL,-0.1,31,62,59,1,8,1,0,0,2,0,0,0,27,.136,.136,.153,.288,-23,.123,-56,9,0,0,3,0,0,1,,mikolmi01
523,Kenta Maeda,31,LAD,NL,0.5,38,61,48,3,12,2,0,0,6,0,0,0,13,.250,.250,.292,.542,43,.267,42,14,0,0,13,0,0,1/H,,maedake01
524,Steven Matz,28,NYM,NL,0.3,35,61,57,4,13,0,0,1,1,0,0,0,17,.228,.228,.281,.509,36,.232,29,16,0,0,4,0,0,1/H,,matzst01
525,Joe Musgrove,26,PIT,NL,0.0,44,61,51,8,8,2,1,0,3,0,0,2,19,.157,.189,.235,.424,11,.181,-24,12,1,0,8,0,0,1H,,musgrjo01
526,Sheldon Neuse,24,OAK,AL,0.3,25,61,56,3,14,3,0,0,7,0,0,4,19,.250,.295,.304,.599,64,.265,61,17,2,0,0,1,0,4/5D,,neusesh01
527,Max Scherzer,34,WSN,NL,0.0,28,61,55,6,10,0,0,0,2,2,0,0,27,.182,.182,.182,.364,-5,.184,-29,10,1,0,6,0,0,1/H,ASCYA-3MVP-22,scherma01
528,Braden Bishop,25,SEA,AL,-0.3,27,60,56,3,6,0,0,0,4,0,0,3,21,.107,.153,.107,.260,-27,.138,-30,6,0,0,1,0,0,8/7H9D,,bishobr01
529,Sonny Gray,29,CIN,NL,0.0,32,60,46,3,7,0,1,0,3,0,0,2,19,.152,.188,.196,.383,-2,.168,-57,9,0,0,12,0,0,1/H,ASCYA-7,grayso01
530,Merrill Kelly,30,ARI,NL,-0.6,30,60,52,3,1,0,0,0,2,0,0,2,25,.019,.056,.019,.075,-79,.042,-135,1,2,0,6,0,0,1,,kellyme01
531,Sean Murphy,24,OAK,AL,0.6,20,60,53,14,13,5,0,4,8,0,0,6,16,.245,.333,.566,.899,138,.368,133,30,3,1,0,0,0,2/HD,,murphse01
532,Robbie Ray*,27,ARI,NL,-0.6,31,60,55,1,4,0,0,0,3,0,0,0,28,.073,.073,.073,.145,-62,.063,-114,4,2,0,5,0,0,1/H,,rayro02
533,Julio Teheran,28,ATL,NL,-0.3,33,60,55,1,6,1,0,0,4,0,0,0,24,.109,.107,.127,.234,-40,.101,-86,7,0,0,4,1,0,1/H,,teherju01
534,Jon Gray,27,COL,NL,-0.5,27,59,47,1,3,0,0,0,1,0,0,3,22,.064,.120,.064,.184,-52,.095,-120,3,2,0,9,0,0,1/H,,grayjo02
535,Dakota Hudson,24,STL,NL,-0.3,30,59,51,1,4,0,0,0,2,0,0,0,24,.078,.096,.078,.175,-53,.097,-89,4,1,1,7,0,0,1,ROY-5,hudsoda02
536,Adam Wainwright,37,STL,NL,0.3,29,59,50,6,8,3,0,0,2,0,0,2,20,.160,.189,.220,.409,8,.196,-7,11,0,0,6,1,0,1,,wainwad01
537,Franklin Barreto,23,OAK,AL,-0.5,23,58,57,6,7,2,0,2,5,1,0,1,23,.123,.138,.263,.401,5,.183,1,15,0,0,0,0,0,4/6H,,barrefr02
538,Terrance Gore,28,KCR,AL,0.1,37,58,51,13,14,2,1,0,1,13,5,6,18,.275,.362,.353,.715,91,.319,86,18,0,1,0,0,0,H9/78D,,gorete01
539,Andrew Knizner,24,STL,NL,0.2,18,58,53,7,12,2,0,2,7,2,0,4,14,.226,.293,.377,.670,76,.314,83,20,3,1,0,0,0,2/H3,,kniznan01
540,Germán Márquez,24,COL,NL,0.3,25,58,48,5,11,4,1,0,11,0,0,0,14,.229,.229,.354,.583,40,.243,3,17,1,0,10,0,0,1/H,,marquge01
541,Christian Arroyo,24,TBR,AL,0.1,16,57,50,8,11,2,0,2,7,0,0,5,18,.220,.304,.380,.684,83,.293,78,19,0,1,1,0,0,5/H4,,arroych01
542,Anthony DeSclafani,29,CIN,NL,-0.3,30,57,55,0,6,0,0,0,1,0,0,0,28,.109,.109,.109,.218,-44,.095,-84,6,0,0,2,0,0,1,,desclan01
543,Gorkys Hernández,31,BOS,AL,-0.5,20,57,49,5,7,1,2,0,2,1,0,5,14,.143,.218,.245,.463,20,.207,2,12,0,0,2,1,0,/97H8D,,hernago01
544,Kyle Higashioka,29,NYY,AL,0.0,18,57,56,8,12,5,0,3,11,0,0,0,26,.214,.211,.464,.675,72,.268,59,26,1,0,0,1,0,2,,higasky01
545,Hanley Ramírez,35,CLE,AL,-0.2,16,57,49,4,9,1,0,2,8,0,0,8,17,.184,.298,.327,.625,64,.293,71,16,2,0,0,0,0,D/H,,ramirha01
546,JB Shuck*,32,PIT,NL,0.0,27,57,47,4,10,0,1,0,2,1,1,8,10,.213,.339,.255,.595,62,.302,83,12,0,1,1,0,0,H9/781D,,shuckja01
547,Joshua Fuentes,26,COL,NL,-0.1,24,56,55,8,12,1,0,3,7,1,0,1,20,.218,.232,.400,.632,50,.285,48,22,0,0,0,0,0,H3/5,,fuentjo01
548,Edwin Ríos*,25,LAD,NL,0.3,28,56,47,10,13,2,1,4,8,0,0,9,21,.277,.393,.617,1.010,161,.415,161,29,1,0,0,0,0,H3/57D,,riosed01
549,Jeff Samardzija,34,SFG,NL,0.0,29,56,50,1,6,2,0,0,1,0,0,0,30,.120,.120,.160,.280,-26,.138,-53,8,0,0,6,0,0,1,,samarje01
550,Aníbal Sánchez,35,WSN,NL,-0.4,27,56,52,1,6,0,0,0,1,0,0,0,24,.115,.115,.115,.231,-40,.099,-85,6,3,0,4,0,0,1,,sanchan01
551,Anthony Bemboom*,29,2TM,AL,-0.5,25,56,54,2,7,1,0,1,4,0,0,1,21,.130,.145,.204,.349,-9,.148,-29,11,0,0,1,0,0,2,,bemboan01
551,Anthony Bemboom*,29,TBR,AL,0.0,3,5,5,0,2,1,0,0,1,0,0,0,2,.400,.400,.600,1.000,165,.420,167,3,0,0,0,0,0,/2,,bemboan01
551,Anthony Bemboom*,29,LAA,AL,-0.5,22,51,49,2,5,0,0,1,3,0,0,1,19,.102,.120,.163,.283,-26,.121,-49,8,0,0,1,0,0,2,,bemboan01
552,Zack Greinke,35,2TM,2LG,0.8,25,56,50,7,14,4,1,3,8,1,1,2,12,.280,.308,.580,.888,122,.358,121,29,2,0,4,0,0,1/H,ASGGSS,greinza01
552,Zack Greinke,35,ARI,NL,0.9,24,54,48,7,13,4,1,3,8,1,0,2,11,.271,.300,.583,.883,121,.364,118,28,2,0,4,0,0,1/H,,greinza01
552,Zack Greinke,35,HOU,AL,0.0,1,2,2,0,1,0,0,0,0,0,1,0,1,.500,.500,.500,1.000,165,.190,180,1,0,0,0,0,0,1,,greinza01
553,Zach Davies,26,MIL,NL,-0.1,34,55,52,3,8,2,0,0,3,0,0,1,25,.154,.170,.192,.362,-6,.156,-34,10,1,0,2,0,0,1/H,,davieza02
554,Michael Pérez*,26,TBR,AL,0.3,22,55,46,6,10,5,0,0,2,0,0,8,19,.217,.345,.326,.672,84,.305,87,15,0,1,0,0,0,2/3H,,perezmi03
555,Isaac Galloway,29,MIA,NL,-0.7,19,54,54,6,9,1,0,0,1,2,0,0,17,.167,.167,.185,.352,-6,.176,-16,10,0,0,0,0,0,8/H79,,gallois01
556,Joey Lucchesi*,26,SDP,NL,-0.4,28,54,48,0,3,0,0,0,1,0,0,1,36,.063,.082,.063,.144,-60,.068,-104,3,0,0,5,0,0,1,,lucchjo01
557,Chad Wallach,27,MIA,NL,0.1,19,54,48,4,12,3,0,1,3,0,0,6,12,.250,.333,.375,.708,88,.312,88,18,0,0,0,0,0,2/H,,wallach01
558,Kyle Garlick,27,LAD,NL,0.1,30,53,48,8,12,4,0,3,6,0,0,5,19,.250,.321,.521,.842,117,.343,109,25,0,0,0,0,1,H7/9,,garliky01
559,Jon Lester*,35,CHC,NL,0.4,28,53,48,6,9,2,0,1,6,0,0,5,20,.188,.264,.292,.556,45,.265,50,14,1,0,0,0,0,1/H,,lestejo01
560,Michael Lorenzen,27,CIN,NL,0.4,100,53,48,6,10,2,0,1,6,5,2,5,17,.208,.283,.313,.596,52,.284,55,15,1,0,0,0,0,1H8/79,,lorenmi01
561,Erik Kratz,39,2TM,2LG,-0.5,21,53,49,1,5,2,0,1,3,0,0,2,14,.102,.170,.204,.374,0,.170,-12,10,0,2,0,0,0,2/H,,kratzer01
561,Erik Kratz,39,SFG,NL,-0.2,15,36,32,1,4,2,0,1,3,0,0,2,6,.125,.222,.281,.503,33,.225,26,9,0,2,0,0,0,2/H,,kratzer01
561,Erik Kratz,39,TBR,AL,-0.3,6,17,17,0,1,0,0,0,0,0,0,0,8,.059,.059,.059,.118,-68,.052,-90,1,0,0,0,0,0,/2,,kratzer01
562,Zach Eflin,25,PHI,NL,0.1,31,52,50,3,8,1,0,0,2,0,0,0,27,.160,.160,.180,.340,-12,.163,-30,9,0,0,2,0,0,1,,eflinza01
563,Breyvic Valera#,27,2TM,AL,0.1,17,52,47,7,11,2,1,1,6,0,0,4,7,.234,.308,.383,.691,84,.296,79,18,1,1,0,0,0,4/65H,,valerbr01
563,Breyvic Valera#,27,NYY,AL,0.0,12,37,32,5,7,1,1,0,3,0,0,4,5,.219,.324,.313,.637,73,.286,72,10,0,1,0,0,0,4/H,,valerbr01
563,Breyvic Valera#,27,TOR,AL,0.1,5,15,15,2,4,1,0,1,3,0,0,0,2,.267,.267,.533,.800,106,.320,97,8,1,0,0,0,0,/465,,valerbr01
564,Jake Arrieta,33,PHI,NL,0.0,23,50,45,2,7,1,0,0,4,0,0,1,19,.156,.174,.178,.352,-8,.175,-26,8,1,0,4,0,0,1,,arrieja01
565,Alex Blandino,26,CIN,NL,0.2,23,50,36,6,9,1,0,1,3,0,0,10,14,.250,.420,.361,.781,103,.355,109,13,1,2,0,2,0,H4/53D,,blandal01
566,Steven Brault*,27,PIT,NL,0.6,33,50,42,8,14,1,0,1,2,0,0,1,8,.333,.349,.429,.777,104,.335,104,18,1,0,7,0,0,1H,,braulst01
567,Kevin Kramer*,25,PIT,NL,-0.4,22,50,42,5,7,1,0,0,5,0,1,6,17,.167,.260,.190,.450,23,.220,28,8,0,0,0,2,0,/H794,,krameke01
568,Miguel Andujar,24,NYY,AL,-1.2,12,49,47,1,6,0,0,0,1,0,0,1,11,.128,.143,.128,.271,-26,.119,-46,6,4,0,0,1,0,/D5,,andujmi01
569,Bobby Bradley*,23,CLE,AL,-0.3,15,49,45,4,8,5,0,1,4,0,0,4,20,.178,.245,.356,.600,54,.274,57,16,2,0,0,0,0,/D3H,,bradlbo01
570,Drew Butera,35,COL,NL,-0.4,16,49,43,6,7,3,0,0,3,0,0,4,14,.163,.229,.233,.462,14,.208,-7,10,2,0,1,1,0,2/3H,,buterdr01
571,Jake Elmore,32,PIT,NL,-0.4,20,49,47,3,10,1,0,0,4,0,1,2,8,.213,.245,.234,.479,28,.222,30,11,0,0,0,0,0,/H7594,,elmorja01
572,AJ Reed*,26,CHW,AL,-0.6,14,49,44,1,6,0,0,1,4,0,0,4,21,.136,.204,.205,.409,11,.184,0,9,1,0,0,1,0,/D31H,,reedaj01
573,Caleb Smith,27,MIA,NL,0.3,27,49,43,2,10,2,0,0,3,0,0,0,15,.233,.250,.279,.529,41,.245,33,12,2,1,5,0,0,1/H,,smithca03
574,Brandon Woodruff*,26,MIL,NL,0.4,25,49,45,1,12,4,0,0,4,0,0,1,20,.267,.283,.356,.638,65,.271,50,16,0,0,3,0,0,1/H,AS,woodrbr01
575,Alen Hanson#,26,TOR,AL,-0.5,18,48,43,5,7,0,0,0,4,1,0,3,17,.163,.229,.163,.392,9,.180,-7,7,0,1,0,1,1,/4H93D7,,hansoal01
576,Eric Lauer,24,SDP,NL,-0.2,29,48,40,1,4,2,0,0,0,0,0,1,23,.100,.122,.150,.272,-28,.120,-73,6,0,0,6,0,0,1,,lauerer01
577,Brian O'Grady*,27,CIN,NL,0.1,28,48,42,4,8,2,1,2,3,0,0,4,17,.190,.292,.429,.720,80,.326,88,18,0,2,0,0,0,H8/73D,,ogradbr01
578,Eric Stamets,27,CLE,AL,-0.7,15,48,41,4,2,1,0,0,2,0,0,5,24,.049,.149,.073,.222,-38,.138,-41,3,2,0,1,1,0,6,,stameer01
579,Taylor Ward,25,LAA,AL,-0.9,20,48,42,4,8,3,0,1,2,0,0,6,23,.190,.292,.333,.625,66,.276,63,14,1,0,0,0,0,/7H5D,,wardta01
580,Jordan Lyles,28,2TM,NL,-0.1,26,48,45,3,4,0,0,0,4,0,0,1,28,.089,.128,.089,.217,-41,.121,-55,4,1,1,1,0,0,1,,lylesjo01
580,Jordan Lyles,28,PIT,NL,-0.2,16,26,25,1,2,0,0,0,2,0,0,0,16,.080,.115,.080,.195,-46,.092,-71,2,1,1,0,0,0,1,,lylesjo01
580,Jordan Lyles,28,MIL,NL,0.0,10,22,20,2,2,0,0,0,2,0,0,1,12,.100,.143,.100,.243,-35,.155,-36,2,0,0,1,0,0,1,,lylesjo01
581,Jaylin Davis,24,SFG,NL,-0.5,17,47,42,2,7,0,0,1,3,1,2,3,11,.167,.255,.238,.493,33,.225,38,10,1,2,0,0,0,9/DH,,davisja03
582,Peter O'Brien,28,MIA,NL,-0.7,14,47,42,2,7,1,0,1,4,1,0,4,19,.167,.255,.262,.517,38,.239,32,11,2,1,0,0,0,9/73H,,obriepe01
583,Dustin Peterson,24,DET,AL,-0.6,17,47,44,3,10,4,0,0,6,1,0,2,14,.227,.277,.318,.595,57,.264,50,14,1,1,0,0,0,/7H89D3,,peterdu01
584,Bobby Wilson,36,DET,AL,-0.7,15,47,44,2,4,1,0,0,2,0,0,2,11,.091,.130,.114,.244,-34,.114,-55,5,1,0,1,0,0,2,,wilsobo02
585,Peter Bourjos,32,LAA,AL,-0.3,26,46,44,4,4,1,0,0,2,2,0,1,15,.091,.109,.114,.222,-41,.107,-63,5,1,0,0,1,0,78/HD45,,bourjpe01
586,Aramis Garcia,26,SFG,NL,-0.3,18,46,42,5,6,1,0,2,5,0,0,4,21,.143,.217,.310,.527,38,.219,20,13,1,0,0,0,1,2/3H,,garciar01
587,Cole Hamels*,35,CHC,NL,0.0,24,46,42,1,6,1,0,0,4,0,0,1,15,.143,.178,.167,.344,-9,.155,-32,7,2,1,1,1,0,1,,hamelco01
588,Michael Hermosillo,24,LAA,AL,0.0,18,46,36,7,5,1,1,0,3,2,0,5,19,.139,.304,.222,.527,45,.266,48,8,1,4,0,1,0,7/89H,,hermomi01
589,Chris Paddack,23,SDP,NL,-0.2,25,46,42,3,5,0,0,0,2,0,0,0,19,.119,.119,.119,.238,-36,.101,-77,5,0,0,4,0,0,1,,paddach01
590,Antonio Senzatela,24,COL,NL,-0.6,24,46,40,2,1,0,0,0,3,0,0,1,24,.025,.049,.025,.074,-81,.039,-154,1,0,0,5,0,0,1,,senzaan01
591,Jason Vargas*,36,2TM,NL,-0.4,27,45,40,0,3,0,0,0,0,0,0,0,22,.075,.075,.075,.150,-60,.067,-111,3,1,0,5,0,0,1,,vargaja01
591,Jason Vargas*,36,NYM,NL,-0.3,17,31,28,0,2,0,0,0,0,0,0,0,16,.071,.071,.071,.143,-61,.063,-107,2,1,0,3,0,0,1,,vargaja01
591,Jason Vargas*,36,PHI,NL,-0.2,10,14,12,0,1,0,0,0,0,0,0,0,6,.083,.083,.083,.167,-56,.074,-120,1,0,0,2,0,0,1,,vargaja01
592,Chase Anderson,31,MIL,NL,-0.1,31,44,40,1,4,1,0,0,1,0,0,2,24,.100,.143,.125,.268,-29,.144,-44,5,0,0,2,0,0,1/H,,anderch01
593,Lane Thomas,23,STL,NL,0.5,34,44,38,6,12,0,1,4,12,1,1,4,8,.316,.409,.684,1.093,182,.437,182,26,1,2,0,0,0,8H/97,,thomala02
594,Trevor Williams,27,PIT,NL,0.1,23,44,36,2,6,0,0,0,4,0,0,2,17,.167,.211,.167,.377,2,.174,-30,6,0,0,6,0,0,1,,willitr01
595,Tyler Beede,26,SFG,NL,-0.1,25,43,38,2,4,0,0,0,1,0,0,3,23,.105,.171,.105,.276,-23,.137,-43,4,0,0,2,0,0,1/H,,beedety01
596,Sócrates Brito*,26,TOR,AL,-0.8,17,43,39,5,3,0,1,0,2,0,0,4,17,.077,.163,.128,.291,-19,.139,-30,5,2,0,0,0,0,9/8H7,,britoso01
597,Carter Kieboom,21,WSN,NL,-0.9,11,43,39,4,5,0,0,2,2,0,0,4,16,.128,.209,.282,.491,26,.203,1,11,0,0,0,0,1,6/H,,kieboca01
598,Dom Nuñez*,24,COL,NL,-0.1,16,43,39,4,7,3,0,2,4,0,0,3,17,.179,.233,.410,.643,53,.265,36,16,0,0,0,1,0,2/H,,nunezdo01
599,Rangel Ravelo,27,STL,NL,-0.2,29,43,39,4,8,2,0,2,7,0,0,3,12,.205,.256,.410,.666,72,.278,63,16,1,0,0,1,0,H/3,,ravelra01
600,Magneuris Sierra*,23,MIA,NL,0.1,15,42,40,5,14,1,1,0,1,3,3,2,7,.350,.381,.425,.806,114,.324,110,17,0,0,0,0,0,/89H,,sierrma01
601,Chris Archer,30,PIT,NL,0.1,22,41,35,1,4,0,0,0,2,0,0,3,19,.114,.184,.114,.298,-18,.172,-23,4,0,0,3,0,0,1,,archech01
602,Greg Bird*,26,NYY,AL,-0.3,10,41,35,6,6,0,0,1,1,0,0,6,16,.171,.293,.257,.550,50,.278,66,9,1,0,0,0,0,3,,birdgr01
603,Jake Fraley*,24,SEA,AL,-0.8,12,41,40,3,6,2,0,0,1,0,0,0,14,.150,.171,.200,.371,1,.163,-10,8,0,1,0,0,0,8/H9,,fraleja01
604,Caleb Joseph,33,ARI,NL,0.0,20,41,38,5,8,2,0,0,3,0,0,1,10,.211,.250,.263,.513,34,.272,52,10,0,1,1,0,0,2/H1,,josepca01
605,Dallas Keuchel*,31,ATL,NL,-0.1,19,41,38,0,5,1,0,0,2,0,0,1,28,.132,.154,.158,.312,-20,.140,-53,6,0,0,2,0,0,1,,keuchda01
606,Tyler Mahle,24,CIN,NL,-0.2,24,41,34,4,3,1,0,0,0,0,0,1,19,.088,.114,.118,.232,-40,.105,-100,4,0,0,6,0,0,1/H,,mahlety01
607,Jason Martin*,23,PIT,NL,-0.3,20,40,36,5,9,2,0,0,2,2,0,4,10,.250,.325,.306,.631,69,.295,66,11,0,0,0,0,0,7/H8,,martija03
608,Danny Mendick,25,CHW,AL,0.4,16,40,39,6,12,0,0,2,4,0,0,1,11,.308,.325,.462,.787,107,.350,117,18,1,0,0,0,0,/H6D45,,mendida01
609,Mark Zagunis,26,CHC,NL,-0.1,30,40,36,2,9,3,0,0,5,0,0,4,16,.250,.325,.333,.658,73,.309,81,12,1,0,0,0,0,H/97,,zagunma01
610,Garrett Stubbs*,26,HOU,AL,0.1,19,39,35,8,7,3,0,0,2,1,0,4,7,.200,.282,.286,.568,50,.284,61,10,1,0,0,0,0,2/7H9,,stubbga01
611,Michael Wacha,27,STL,NL,0.0,28,39,36,3,6,1,0,0,3,0,0,0,21,.167,.167,.194,.361,-4,.152,-38,7,0,0,3,0,0,1,,wachami01
612,Abraham Almonte#,30,ARI,NL,0.5,17,38,31,11,9,3,1,1,4,0,0,7,8,.290,.421,.548,.969,149,.407,150,17,1,0,0,0,0,/9H8,,almonab01
613,Mike Foltynewicz,27,ATL,NL,-0.4,19,38,35,1,2,0,0,0,1,0,0,0,19,.057,.057,.057,.114,-71,.048,-130,2,1,0,3,0,0,1,,foltymi01
614,Logan Morrison*,31,PHI,NL,-0.1,29,38,35,5,7,1,0,2,3,0,0,3,10,.200,.263,.400,.663,69,.306,78,14,1,0,0,0,0,H/3D,,morrilo01
615,Andrew Stevenson*,25,WSN,NL,0.2,30,37,30,4,11,1,1,0,0,0,1,6,11,.367,.486,.467,.953,150,.404,157,14,1,1,0,0,0,H/7,,stevean01
616,Pablo López*,23,MIA,NL,0.0,21,36,35,1,6,2,0,0,3,0,0,0,19,.171,.171,.229,.400,5,.168,-19,8,0,0,1,0,0,1/H,,lopezpa01
617,Vince Velasquez,27,PHI,NL,0.6,33,36,30,2,7,0,0,1,3,0,0,2,9,.233,.281,.333,.615,59,.268,45,10,1,0,4,0,0,1/H7,,velasvi01
618,Max Moroff#,26,CLE,AL,-0.4,20,35,32,3,4,1,0,1,4,1,0,2,16,.125,.176,.250,.426,10,.192,-8,8,0,0,1,0,0,6/4H5,,morofma01
619,Peter Lambert,22,COL,NL,0.4,21,34,28,3,9,0,0,0,2,0,0,3,10,.321,.387,.321,.709,78,.325,77,9,1,0,3,0,0,1/H,,lambepe01
620,Trevor Richards,26,MIA,NL,-0.1,22,34,30,2,3,0,0,0,0,0,0,2,18,.100,.156,.100,.256,-29,.124,-57,3,0,0,2,0,0,1/H,,richatr01
621,Tanner Roark,32,CIN,NL,0.0,19,34,33,2,5,1,0,1,2,0,0,0,13,.152,.152,.273,.424,4,.174,-25,9,0,0,1,0,0,1,,roarkta01
622,Mason Williams*,27,BAL,AL,-0.1,11,34,30,4,8,1,0,0,2,1,0,3,6,.267,.324,.300,.624,68,.284,63,9,0,0,0,1,0,/8H79D,,willima10
623,Seth Mejias-Brean,28,SDP,NL,0.4,14,33,30,3,7,2,0,2,5,0,0,3,9,.233,.303,.500,.803,109,.336,107,15,1,0,0,0,0,/H365,,mejiase01
624,Adrián Sanchez,28,WSN,NL,-0.1,28,32,31,3,7,0,0,0,1,0,0,1,10,.226,.250,.226,.476,25,.266,48,7,0,0,0,0,0,H/54637,,sanchad01
625,Kyle Freeland*,26,COL,NL,-0.1,19,31,23,1,2,0,0,0,0,0,0,3,15,.087,.192,.087,.279,-27,.145,-79,2,1,0,5,0,0,1,,freelky01
626,Mark Trumbo,33,BAL,AL,-0.3,12,31,29,1,5,3,0,0,3,0,0,2,5,.172,.226,.276,.502,33,.219,23,8,2,0,0,0,0,/DH,,trumbma01
627,Anthony Alford,24,TOR,AL,0.0,16,30,28,3,5,0,0,1,1,2,0,1,11,.179,.233,.286,.519,39,.235,27,8,0,1,0,0,0,/H798D,,alforan01
628,Domingo Leyba#,23,ARI,NL,0.2,21,30,25,6,7,2,1,0,5,0,0,4,9,.280,.367,.440,.807,109,.343,105,11,0,0,0,1,0,H/465,,leybado01
629,Cal Quantrill*,24,SDP,NL,0.0,21,30,25,1,2,0,0,0,1,0,1,1,6,.080,.115,.080,.195,-46,.110,-63,2,0,0,4,0,0,1,,quantca01
630,Beau Taylor*,29,2TM,AL,0.0,11,30,25,3,4,0,0,2,2,0,0,4,7,.160,.300,.400,.700,88,.304,88,10,0,1,0,0,0,2/H,,taylobe11
630,Beau Taylor*,29,OAK,AL,0.1,10,28,23,3,4,0,0,2,2,0,0,4,6,.174,.321,.435,.756,104,.325,104,10,0,1,0,0,0,/2H,,taylobe11
630,Beau Taylor*,29,TOR,AL,0.0,1,2,2,0,0,0,0,0,0,0,0,0,1,.000,.000,.000,.000,-100,.000,-128,0,0,0,0,0,0,/2,,taylobe11
631,Dereck Rodríguez,27,SFG,NL,0.0,27,29,29,1,5,0,0,0,0,0,0,0,17,.172,.172,.172,.345,-7,.150,-28,5,0,0,0,0,0,1/H,,rodride01
632,Shaun Anderson,24,SFG,NL,-0.1,25,28,25,0,2,1,0,0,0,0,0,0,19,.080,.115,.120,.235,-37,.109,-69,3,0,1,2,0,0,1,,andersh01
633,Gio González,33,MIL,NL,-0.2,18,28,25,1,1,0,0,0,0,0,0,1,17,.040,.077,.040,.117,-68,.061,-113,1,0,0,2,0,0,1,,gonzagi01
634,Patrick Wisdom,27,TEX,AL,-0.3,9,28,26,1,4,1,0,0,1,0,0,1,15,.154,.185,.192,.377,-3,.202,-3,5,0,0,1,0,0,/35H,,wisdopa01
635,Kevin Gausman*,28,2TM,NL,-0.3,30,27,27,1,1,0,0,0,0,0,0,0,18,.037,.037,.037,.074,-81,.033,-122,1,1,0,0,0,0,1,,gausmke01
635,Kevin Gausman*,28,ATL,NL,-0.3,16,27,27,1,1,0,0,0,0,0,0,0,18,.037,.037,.037,.074,-81,.033,-122,1,1,0,0,0,0,1,,gausmke01
635,Kevin Gausman*,28,CIN,NL,0.0,14,0,0,0,0,0,0,0,0,0,0,0,0,,,,,,,,0,0,0,0,0,0,1,,gausmke01
636,Adrian Houser,26,MIL,NL,-0.1,32,27,22,0,1,1,0,0,0,0,0,2,17,.045,.125,.091,.216,-42,.109,-84,2,0,0,3,0,0,1,,housead01
637,Erick Mejia#,24,KCR,AL,0.0,9,27,22,3,5,1,0,0,4,0,0,4,7,.227,.333,.273,.606,64,.273,58,6,1,0,0,1,0,/8H46,,mejiaer01
638,Nick Pivetta,26,PHI,NL,-0.1,29,27,25,1,2,0,0,0,0,0,0,1,19,.080,.115,.080,.195,-47,.091,-82,2,0,0,1,0,0,1,,pivetni01
639,Matt Strahm,27,SDP,NL,0.4,45,27,21,1,6,2,0,0,1,0,0,2,12,.286,.348,.381,.729,96,.321,95,8,0,0,4,0,0,1/H,,strahma01
640,Kaleb Cowart#,27,LAA,AL,-0.1,9,26,25,1,4,3,0,0,1,1,0,1,7,.160,.192,.280,.472,23,.209,10,7,2,0,0,0,0,/54H,,cowarka01
641,Rajai Davis,38,NYM,NL,-0.1,29,26,25,4,5,2,0,1,8,0,1,1,5,.200,.231,.400,.631,65,.279,81,10,0,0,0,0,0,H7/9,,davisra01
642,Mike Gerber*,26,SFG,NL,-0.5,12,26,24,0,1,1,0,0,0,0,0,2,15,.042,.115,.083,.199,-45,.100,-63,2,0,0,0,0,0,/79H,,gerbemi01
643,Ryan LaMarre,30,MIN,AL,0.0,14,26,23,3,5,0,0,2,3,1,1,3,5,.217,.308,.478,.786,105,.316,99,11,0,0,0,0,0,8/9HD,,lamarry01
644,Jordan Yamamoto,23,MIA,NL,-0.2,16,26,21,0,1,0,0,0,1,0,0,1,9,.048,.091,.048,.139,-61,.072,-118,1,1,0,4,0,0,1/H,,yamamjo01
645,Jhoulys Chacín,31,MIL,NL,0.0,18,25,24,2,3,0,0,1,1,0,0,1,10,.125,.160,.250,.410,4,.177,-15,6,0,0,0,0,0,1,,chacijh01
646,Taylor Clarke,26,ARI,NL,0.3,21,25,24,2,6,0,0,1,2,0,0,0,10,.250,.250,.375,.625,59,.254,39,9,0,0,1,0,0,1,,clarkta01
647,Ryan Court,31,SEA,AL,-0.2,12,25,24,1,5,1,0,1,5,0,0,1,11,.208,.240,.375,.615,64,.259,57,9,0,0,0,0,0,/379H,,courtry01
648,Mikie Mahtook,29,DET,AL,-0.4,9,25,23,0,0,0,0,0,0,0,0,2,11,.000,.080,.000,.080,-75,.056,-93,0,0,0,0,0,0,/8H7D,,mahtomi01
649,Alex Young*,25,ARI,NL,-0.3,16,25,25,1,1,0,0,0,0,0,0,0,18,.040,.040,.040,.080,-79,.032,-119,1,0,0,0,0,0,1,,youngal01
650,Marcus Stroman,28,2TM,2LG,-0.2,12,25,23,2,1,0,0,0,0,0,0,0,13,.043,.043,.043,.087,-76,.035,-125,1,1,0,2,0,0,1,AS,stromma01
650,Marcus Stroman,28,TOR,AL,0.0,1,2,2,0,0,0,0,0,0,0,0,0,2,.000,.000,.000,.000,-100,.000,-128,0,0,0,0,0,0,1,,stromma01
650,Marcus Stroman,28,NYM,NL,-0.2,11,23,21,2,1,0,0,0,0,0,0,0,11,.048,.048,.048,.095,-74,.038,-125,1,1,0,2,0,0,1,,stromma01
651,Cristhian Adames#,27,SFG,NL,0.2,10,24,22,1,7,1,0,0,2,0,0,2,8,.318,.375,.364,.739,99,.327,99,8,0,0,0,0,0,/H45,,adamecr01
652,Dario Agrazal,24,PIT,NL,-0.1,14,24,22,0,2,0,0,0,2,0,0,0,9,.091,.087,.091,.178,-53,.116,-61,2,0,0,1,1,0,1,,agrazda01
653,Chi Chi González,27,COL,NL,-0.3,13,24,24,0,1,0,0,0,2,0,0,0,15,.042,.042,.042,.083,-79,.037,-128,1,0,0,0,0,0,1,,gonzach01
654,Elieser Hernández,24,MIA,NL,-0.1,20,24,19,0,1,0,0,0,0,0,0,1,10,.053,.100,.053,.153,-57,.123,-77,1,0,0,4,0,0,1,,hernael01
655,Jeff Hoffman,26,COL,NL,0.0,18,24,21,2,5,0,0,0,1,0,0,0,9,.238,.238,.238,.476,18,.198,-28,5,0,0,3,0,0,1/H,,hoffmje02
656,Travis Jankowski*,28,SDP,NL,0.0,25,24,22,4,4,0,0,0,0,2,2,2,4,.182,.250,.182,.432,19,.176,9,4,0,0,0,0,0,H/897,,jankotr01
657,Dinelson Lamet,26,SDP,NL,-0.1,13,24,21,1,3,0,0,0,0,0,0,0,11,.143,.143,.143,.286,-23,.122,-67,3,0,0,3,0,0,1,,lametdi01
658,Ross Stripling,29,LAD,NL,0.0,27,24,20,1,3,0,0,0,1,0,0,2,7,.150,.227,.150,.377,4,.180,-18,3,1,0,2,0,0,1,,stripro01
659,José Pirela,29,2TM,NL,-0.1,14,24,22,1,4,1,0,1,2,0,0,2,7,.182,.250,.364,.614,58,.260,47,8,1,0,0,0,0,/H79,,pireljo01
659,José Pirela,29,SDP,NL,-0.2,2,5,5,0,0,0,0,0,0,0,0,0,3,.000,.000,.000,.000,-100,.000,-135,0,1,0,0,0,0,/7H,,pireljo01
659,José Pirela,29,PHI,NL,0.1,12,19,17,1,4,1,0,1,2,0,0,2,4,.235,.316,.471,.786,100,.328,94,8,0,0,0,0,0,/H79,,pireljo01
660,Zac Gallen,23,2TM,NL,-0.1,14,24,19,2,2,0,0,0,1,0,0,0,8,.105,.105,.105,.211,-44,.089,-122,2,0,0,5,0,0,1,,galleza01
660,Zac Gallen,23,MIA,NL,-0.1,6,11,10,1,1,0,0,0,0,0,0,0,5,.100,.100,.100,.200,-46,.089,-90,1,0,0,1,0,0,/1,,galleza01
660,Zac Gallen,23,ARI,NL,-0.1,8,13,9,1,1,0,0,0,1,0,0,0,3,.111,.111,.111,.222,-42,.088,-157,1,0,0,4,0,0,/1,,galleza01
661,Andrew Velazquez#,24,2TM,AL,-0.2,15,24,23,3,2,2,0,0,0,1,0,1,13,.087,.125,.174,.299,-22,.139,-40,4,0,0,0,0,0,/H4587,,velazan01
661,Andrew Velazquez#,24,TBR,AL,-0.2,10,12,12,2,1,1,0,0,0,0,0,0,6,.083,.083,.167,.250,-35,.101,-56,2,0,0,0,0,0,/H547,,velazan01
661,Andrew Velazquez#,24,CLE,AL,0.0,5,12,11,1,1,1,0,0,0,1,0,1,7,.091,.167,.182,.348,-9,.178,-23,2,0,0,0,0,0,/48,,velazan01
662,Mike Leake,31,2TM,2LG,-0.2,11,24,21,0,1,0,0,0,1,0,0,1,11,.048,.091,.048,.139,-62,.072,-107,1,0,0,2,0,0,1,GG,leakemi01
662,Mike Leake,31,SEA,AL,0.0,1,2,1,0,0,0,0,0,0,0,0,1,0,.000,.500,.000,.500,58,.348,120,0,0,0,0,0,0,1,,leakemi01
662,Mike Leake,31,ARI,NL,-0.2,10,22,20,0,1,0,0,0,1,0,0,0,11,.050,.050,.050,.100,-74,.044,-130,1,0,0,2,0,0,1,,leakemi01
663,Randy Arozarena,24,STL,NL,0.3,19,23,20,4,6,1,0,1,2,2,1,2,4,.300,.391,.500,.891,135,.409,158,10,0,1,0,0,0,H/987,,arozara01
664,Zack Godley,29,2TM,2LG,0.1,24,23,19,3,3,0,0,0,2,0,0,3,10,.158,.273,.158,.431,18,.215,10,3,0,0,1,0,0,1,,godleza01
664,Zack Godley,29,ARI,NL,0.1,23,22,18,3,3,0,0,0,2,0,0,3,9,.167,.286,.167,.452,23,.226,17,3,0,0,1,0,0,1,,godleza01
664,Zack Godley,29,TOR,AL,0.0,1,1,1,0,0,0,0,0,0,0,0,0,1,.000,.000,.000,.000,-100,.000,-123,0,0,0,0,0,0,/1,,godleza01
665,Ryan Flaherty*,32,CLE,AL,-0.2,14,22,21,4,3,2,0,0,1,0,0,0,7,.143,.143,.238,.381,-3,.158,-30,5,1,0,1,0,0,5/4H,,flahery01
666,Tzu-Wei Lin*,25,BOS,AL,0.0,13,22,20,3,4,2,0,0,1,1,1,2,6,.200,.273,.300,.573,49,.273,64,6,0,0,0,0,0,/46H8,,lintz02
667,José Ureña,27,MIA,NL,-0.1,24,22,19,1,0,0,0,0,0,0,0,1,14,.000,.050,.000,.050,-85,.079,-97,0,1,0,2,0,0,1/H,,urenajo01
668,Trevor Bauer,28,2TM,2LG,0.1,11,22,19,1,3,0,0,0,0,0,0,2,12,.158,.238,.158,.396,6,.193,-12,3,0,0,1,0,0,1,,bauertr01
668,Trevor Bauer,28,CLE,AL,0.0,2,6,5,0,1,0,0,0,0,0,0,0,3,.200,.200,.200,.400,6,.177,-33,1,0,0,1,0,0,1,,bauertr01
668,Trevor Bauer,28,CIN,NL,0.1,9,16,14,1,2,0,0,0,0,0,0,2,9,.143,.250,.143,.393,5,.198,-5,2,0,0,0,0,0,1,,bauertr01
669,Jorge Bonifacio,26,KCR,AL,0.1,5,21,20,3,7,3,0,0,3,0,0,1,7,.350,.381,.500,.881,130,.371,127,10,0,0,0,0,0,/97,,bonifjo01
670,Tyler Chatwood,29,CHC,NL,0.1,40,21,18,1,3,2,0,0,1,0,0,1,6,.167,.211,.278,.488,26,.212,2,5,0,0,2,0,0,1/H,,chatwty01
671,Dustin Pedroia,35,BOS,AL,-0.6,6,21,20,1,2,0,0,0,1,0,0,1,2,.100,.143,.100,.243,-35,.160,-25,2,2,0,0,0,0,/4D,,pedrodu01
672,Luke Weaver,25,ARI,NL,0.0,13,21,19,2,2,0,0,1,4,0,0,0,11,.105,.100,.263,.363,-11,.142,-46,5,0,0,1,1,0,1/H,,weavelu01
673,Franchy Cordero*,24,SDP,NL,0.2,9,20,15,2,5,1,0,0,1,1,0,4,7,.333,.450,.400,.850,132,.379,130,6,0,0,0,1,0,/89H,,cordefr02
674,Taylor Davis,29,CHC,NL,-0.1,7,20,18,2,3,0,0,1,4,0,0,2,4,.167,.250,.333,.583,50,.255,43,6,0,0,0,0,0,/213,,davista01
675,Erick Fedde,26,WSN,NL,-0.1,20,20,15,1,2,0,0,0,0,0,0,0,6,.133,.133,.133,.267,-30,.118,-111,2,0,0,5,0,0,1,,feddeer01
676,Rich Hill*,39,LAD,NL,0.1,11,20,18,0,3,1,0,0,1,0,0,1,9,.167,.211,.222,.433,15,.194,-3,4,0,0,1,0,0,1,,hillri01
677,René Rivera,35,NYM,NL,-0.1,9,20,17,2,4,0,0,1,3,0,0,3,4,.235,.350,.412,.762,104,.334,107,7,0,0,0,0,0,/2H,,riverre01
678,Joe Ross,26,WSN,NL,-0.1,28,20,19,1,2,0,0,0,0,0,0,1,10,.105,.150,.105,.255,-32,.119,-57,2,0,0,0,0,0,1/H,,rossjo01
679,Chris Shaw*,25,SFG,NL,-0.5,16,20,18,0,1,0,0,0,0,0,0,2,8,.056,.150,.056,.206,-41,.114,-54,1,0,0,0,0,0,H/3D,,shawch01
680,Drew Pomeranz,30,2TM,NL,-0.3,44,20,19,0,0,0,0,0,0,0,0,0,13,.000,.000,.000,.000,-100,.000,-149,0,1,0,1,0,0,1,,pomerdr01
680,Drew Pomeranz,30,SFG,NL,-0.3,19,18,17,0,0,0,0,0,0,0,0,0,13,.000,.000,.000,.000,-100,.000,-150,0,1,0,1,0,0,1,,pomerdr01
680,Drew Pomeranz,30,MIL,NL,0.0,25,2,2,0,0,0,0,0,0,0,0,0,0,.000,.000,.000,.000,-100,.000,-142,0,0,0,0,0,0,1,,pomerdr01
681,Drew Smyly*,30,2TM,2LG,-0.2,11,20,19,1,0,0,0,0,0,0,0,1,9,.000,.050,.000,.050,-85,.035,-116,0,0,0,0,0,0,1,,smylydr01
681,Drew Smyly*,30,TEX,AL,0.0,1,1,1,0,0,0,0,0,0,0,0,0,1,.000,.000,.000,.000,-100,.000,-131,0,0,0,0,0,0,1,,smylydr01
681,Drew Smyly*,30,PHI,NL,-0.2,10,19,18,1,0,0,0,0,0,0,0,1,8,.000,.053,.000,.053,-84,.036,-115,0,0,0,0,0,0,1,,smylydr01
682,David Freitas,30,2TM,2LG,-0.2,17,20,15,2,1,0,0,0,1,0,0,4,5,.067,.250,.067,.317,-9,.183,-8,1,1,0,0,1,0,H/2,,freitda01
682,David Freitas,30,SEA,AL,0.0,1,4,2,1,0,0,0,0,1,0,0,1,0,.000,.250,.000,.250,-21,.174,-4,0,0,0,0,1,0,/2,,freitda01
682,David Freitas,30,MIL,NL,-0.2,16,16,13,1,1,0,0,0,0,0,0,3,5,.077,.250,.077,.327,-8,.185,-9,1,1,0,0,0,0,H,,freitda01
683,Jerad Eickhoff,28,PHI,NL,-0.2,12,19,14,0,0,0,0,0,0,0,0,1,7,.000,.067,.000,.067,-80,.046,-164,0,0,0,4,0,0,1,,eickhje01
684,Ryan Lavarnway,31,CIN,NL,0.2,5,19,18,4,5,2,0,2,7,0,0,1,5,.278,.316,.722,1.038,151,.417,153,13,0,0,0,0,0,/2,,lavarry01
685,Donovan Walton*,25,SEA,AL,0.0,7,19,16,2,3,0,0,0,2,0,1,3,5,.188,.316,.188,.503,44,.270,84,3,0,0,0,0,0,/64,,waltodo01
686,Juan Centeno*,29,BOS,AL,-0.1,7,18,15,0,2,0,0,0,2,1,0,2,2,.133,.278,.133,.411,13,.229,15,2,0,1,0,0,0,/2HD,,centeju01
687,Juan Graterol,30,CIN,NL,-0.2,6,18,18,1,4,0,0,0,1,0,0,0,4,.222,.222,.222,.444,14,.197,-4,4,0,0,0,0,0,/2H,,grateju01
688,Julio Urías*,22,LAD,NL,0.2,35,18,12,0,3,0,0,0,2,0,0,1,4,.250,.308,.250,.558,51,.258,28,3,0,0,5,0,0,1,,uriasju01
689,Kean Wong*,24,2TM,AL,-0.1,7,18,18,2,3,0,0,0,0,0,1,0,6,.167,.167,.167,.333,-9,.164,7,3,0,0,0,0,0,/H49,,wongke01
689,Kean Wong*,24,TBR,AL,0.0,6,14,14,1,3,0,0,0,0,0,1,0,5,.214,.214,.214,.429,17,.211,47,3,0,0,0,0,0,/H49,,wongke01
689,Kean Wong*,24,LAA,AL,-0.1,1,4,4,1,0,0,0,0,0,0,0,0,1,.000,.000,.000,.000,-100,.000,-132,0,0,0,0,0,0,/4H,,wongke01
690,Eric Haase,26,CLE,AL,-0.2,10,17,16,1,1,0,0,1,3,0,0,1,8,.063,.118,.250,.368,-8,.154,-27,4,0,0,0,0,0,/2HD,,haaseer01
691,Nick Margevicius*,23,SDP,NL,0.1,17,17,15,1,3,0,0,0,0,0,0,0,7,.200,.200,.200,.400,8,.237,27,3,0,0,2,0,0,1,,margeni01
692,Ian Miller*,27,MIN,AL,0.1,12,17,17,2,3,1,0,0,1,0,0,0,3,.176,.176,.235,.412,9,.176,-7,4,0,0,0,0,0,/879H,,milleia01
693,Ronald Torreyes,26,MIN,AL,-0.2,7,17,16,3,3,0,0,0,1,1,0,0,3,.188,.235,.188,.423,16,.259,43,3,0,1,0,0,0,/6457,,torrero01
694,Zach Green,25,SFG,NL,0.0,8,16,14,1,2,1,0,0,1,0,0,2,6,.143,.250,.214,.464,26,.274,61,3,2,0,0,0,0,/5H,,greenza01
695,Connor Joe,26,SFG,NL,-0.2,8,16,15,1,1,0,0,0,0,0,0,1,5,.067,.125,.067,.192,-46,.099,-65,1,1,0,0,0,0,/7H,,joeco01
696,Freddy Peralta,23,MIL,NL,-0.1,37,16,15,1,2,0,0,0,1,0,0,0,6,.133,.133,.133,.267,-30,.118,-67,2,0,0,1,0,0,1/H,,peralfr01
697,Luis Torrens,23,SDP,NL,0.0,7,16,14,2,3,1,0,0,0,0,0,2,6,.214,.313,.286,.598,63,.274,63,4,1,0,0,0,0,/2H,,torrelu01
698,Derek Holland#,32,2TM,NL,-0.1,52,16,14,0,1,0,0,0,0,0,0,1,10,.071,.133,.071,.205,-43,.099,-78,1,0,0,1,0,0,1/H,,hollade01
698,Derek Holland#,32,SFG,NL,-0.1,32,13,12,0,1,0,0,0,0,0,0,0,8,.083,.083,.083,.167,-55,.066,-103,1,0,0,1,0,0,1/H,,hollade01
698,Derek Holland#,32,CHC,NL,0.0,20,3,2,0,0,0,0,0,0,0,0,1,2,.000,.333,.000,.333,1,.231,25,0,0,0,0,0,0,1,,hollade01
699,Rocky Gale,31,LAD,NL,-0.2,5,15,15,1,2,0,0,0,0,0,0,0,7,.133,.133,.133,.267,-29,.118,-53,2,1,0,0,0,0,/2H,,galero01
700,Alex Jackson,23,ATL,NL,-0.3,4,15,13,0,0,0,0,0,0,0,0,1,5,.000,.133,.000,.133,-61,.052,-124,0,1,1,0,0,1,/2,,jacksal02
701,Jarrett Parker*,30,LAA,AL,-0.1,5,15,12,1,0,0,0,0,0,0,0,3,8,.000,.200,.000,.200,-38,.139,-33,0,0,0,0,0,0,/7,,parkeja03
702,Frank Schwindel,27,KCR,AL,-0.2,6,15,15,0,1,0,0,0,0,0,0,0,2,.067,.067,.067,.133,-65,.171,-13,1,0,0,0,0,0,/3H,,schwifr01
703,Tony Gonsolin,25,LAD,NL,0.1,10,14,13,2,4,0,0,0,1,0,0,0,4,.308,.308,.308,.615,64,.266,50,4,0,0,1,0,0,1,,gonsoto01
704,Bradley Zimmer*,26,CLE,AL,-0.2,9,14,13,1,0,0,0,0,0,0,0,1,7,.000,.071,.000,.071,-78,.113,-56,0,0,0,0,0,0,/H98,,zimmebr01
705,Jeremy Hellickson,32,WSN,NL,0.1,9,13,9,3,1,0,0,0,0,0,0,2,4,.111,.273,.111,.384,7,.207,-11,1,0,0,2,0,0,/1,,hellije01
706,Jake Noll,25,WSN,NL,-0.1,8,13,12,1,2,1,0,0,2,0,0,1,4,.167,.231,.250,.481,25,.215,12,3,0,0,0,0,0,/H35,,nollja01
707,Troy Tulowitzki,34,NYY,AL,0.1,5,13,11,1,2,1,0,1,1,0,0,2,4,.182,.308,.545,.853,121,.347,115,6,1,0,0,0,0,/6H,,tulowtr01
708,Tyler Heineman#,28,MIA,NL,0.1,5,12,11,1,3,1,0,1,2,0,0,0,4,.273,.273,.636,.909,129,.369,131,7,0,0,1,0,0,/H2,,heinety01
709,Alec Mills,27,CHC,NL,-0.1,9,12,12,0,1,0,0,0,0,0,0,0,6,.083,.083,.083,.167,-56,.074,-88,1,0,0,0,0,0,/1,,millsal02
710,Daniel Ponce de Leon,27,STL,NL,-0.1,12,12,9,0,0,0,0,0,0,0,0,1,4,.000,.100,.000,.100,-69,.069,-124,0,0,0,2,0,0,1,,ponceda01
711,Tyrone Taylor,25,MIL,NL,0.1,15,12,10,1,4,2,0,0,1,0,0,1,1,.400,.500,.600,1.100,185,.469,196,6,0,1,0,0,0,/9H8,,tayloty01
712,Alex Wood,28,CIN,NL,0.1,7,12,9,0,2,0,0,0,0,0,0,0,5,.222,.222,.222,.444,14,.197,-40,2,0,0,3,0,0,/1,,woodal02
713,Seby Zavala,25,CHW,AL,-0.2,5,12,12,1,1,0,0,0,0,0,0,0,9,.083,.083,.083,.167,-55,.066,-83,1,0,0,0,0,0,/2H,,zavalse01
714,Skye Bolt#,25,OAK,AL,-0.1,5,11,10,1,1,1,0,0,0,0,0,1,3,.100,.182,.200,.382,4,.173,-4,2,0,0,0,0,0,/8H9,,boltsk01
715,Robert Dugger,23,MIA,NL,-0.2,7,11,11,0,0,0,0,0,0,0,0,0,6,.000,.000,.000,.000,-100,.000,-137,0,0,0,0,0,0,/1,,duggero01
716,Mitch Keller,23,PIT,NL,-0.2,10,11,10,0,0,0,0,0,0,0,0,0,3,.000,.000,.000,.000,-100,.000,-162,0,1,0,1,0,0,1,,kellemi03
717,Dustin May,21,LAD,NL,-0.1,13,11,11,0,1,0,0,0,0,0,0,0,4,.091,.091,.091,.182,-51,.072,-86,1,0,0,0,0,0,1,,maydu01
718,Brendan McKay*,23,TBR,AL,0.1,7,11,10,2,2,0,0,1,1,0,0,1,2,.200,.273,.500,.773,101,.318,96,5,1,0,0,0,0,1/HD,,mckaybr01
719,Raudy Read,25,WSN,NL,-0.2,6,11,11,0,1,0,0,0,0,0,0,0,5,.091,.091,.091,.182,-52,.081,-85,1,1,0,0,0,0,/2H,,readra01
720,Jameson Taillon,27,PIT,NL,0.1,6,11,8,0,2,0,0,0,0,0,0,0,3,.250,.250,.250,.500,33,.222,-7,2,0,0,3,0,0,/1,,taillja01
721,Logan Webb,22,SFG,NL,0.0,7,11,9,0,1,0,0,0,0,0,0,1,2,.111,.200,.111,.311,-13,.158,-34,1,1,0,1,0,0,/1H,,webblo01
722,Steven Baron,28,PIT,NL,-0.1,7,10,10,0,2,1,0,0,1,0,0,0,6,.200,.200,.300,.500,30,.211,13,3,0,0,0,0,0,/2H,,baronst01
723,Chad Bettis,30,COL,NL,0.0,35,10,5,0,0,0,0,0,0,0,0,2,2,.000,.286,.000,.286,-19,.198,-61,0,0,0,3,0,0,1,,bettich01
724,Brad Keller,23,KCR,AL,0.0,3,10,8,0,1,0,0,0,1,0,0,1,5,.125,.222,.125,.347,-4,.176,-22,1,0,0,1,0,0,1,,kellebr01
725,Tim Melville,29,COL,NL,0.0,7,10,8,0,2,0,0,0,2,0,0,0,3,.250,.250,.250,.500,24,.222,-19,2,0,0,2,0,0,/1,,melviti01
726,Mike Minor,31,TEX,AL,-0.2,4,10,9,0,0,0,0,0,0,0,0,0,6,.000,.000,.000,.000,-100,.000,-168,0,0,0,1,0,0,1/H,ASCYA-8,minormi01
727,Edmundo Sosa,23,STL,NL,0.0,8,10,8,2,2,0,0,0,0,1,0,1,2,.250,.400,.250,.650,80,.342,93,2,0,1,0,0,0,/H4,,sosaed01
728,Touki Toussaint,23,ATL,NL,-0.2,23,10,9,0,0,0,0,0,0,0,0,0,7,.000,.000,.000,.000,-100,.000,-174,0,0,0,1,0,0,1,,toussto01
729,Austin Voth,27,WSN,NL,-0.1,7,10,9,0,1,0,0,0,1,0,0,0,3,.111,.111,.111,.222,-42,.099,-91,1,0,0,1,0,0,/1,,vothau01
730,Deivy Grullón,23,PHI,NL,-0.2,4,9,9,0,1,1,0,0,1,0,0,0,2,.111,.111,.222,.333,-17,.136,-44,2,1,0,0,0,0,/2HD,,grullde01
731,Eduardo Rodríguez*,26,BOS,AL,0.0,3,9,7,1,0,0,0,0,0,0,0,0,3,.000,.000,.000,.000,-100,.127,-90,0,0,0,2,0,0,1,CYA-6,rodried05
732,Rubén Tejada,29,NYM,NL,-0.2,6,9,9,1,0,0,0,0,0,0,0,0,3,.000,.000,.000,.000,-100,.000,-133,0,0,0,0,0,0,/456H,,tejadru01
733,Bryse Wilson,21,ATL,NL,0.0,6,9,9,0,2,0,0,0,0,0,0,0,6,.222,.222,.222,.444,14,.197,-5,2,0,0,0,0,0,/1,,wilsobr02
734,Brett Anderson*,31,OAK,AL,0.2,3,8,8,1,4,0,0,0,0,0,0,0,2,.500,.500,.500,1.000,175,.432,178,4,0,0,0,0,0,1,,anderbr04
735,Tyler Anderson*,29,COL,NL,-0.1,5,8,7,1,1,0,0,0,0,0,0,0,4,.143,.143,.143,.286,-29,.127,-87,1,1,0,1,0,0,/1,,anderty01
736,Abiatal Avelino,24,SFG,NL,0.0,4,8,7,0,2,0,0,0,1,0,0,1,3,.286,.375,.286,.661,81,.308,86,2,0,0,0,0,0,/H67,,aveliab01
737,Corbin Burnes,24,MIL,NL,0.1,30,8,7,0,2,0,0,0,0,0,0,0,2,.286,.286,.286,.571,50,.254,32,2,0,0,1,0,0,1,,burneco01
738,Christian Colón,30,CIN,NL,0.2,8,8,6,1,3,0,0,0,1,0,0,0,0,.500,.625,.500,1.125,194,.502,215,3,0,2,0,0,0,/H4,,colonch01
739,Jon Duplantier*,24,ARI,NL,0.0,15,8,8,1,1,0,0,0,0,0,0,0,5,.125,.125,.125,.250,-34,.099,-71,1,0,0,0,0,0,1,,duplajo01
740,Domingo Germán,26,NYY,AL,-0.1,3,8,8,0,0,0,0,0,0,0,0,0,7,.000,.000,.000,.000,-100,.000,-129,0,1,0,0,0,0,1,,germado01
741,Cole Irvin*,25,PHI,NL,0.1,14,8,6,1,1,0,0,0,0,0,0,2,2,.167,.375,.167,.542,50,.284,63,1,0,0,0,0,0,1,,irvinco01
742,Nick Kingham,27,PIT,NL,0.0,13,8,6,0,0,0,0,0,0,0,0,2,4,.000,.250,.000,.250,-24,.173,-14,0,0,0,0,0,0,1,,kinghni01
743,Jed Lowrie#,35,NYM,NL,-0.2,9,8,7,0,0,0,0,0,0,0,0,1,4,.000,.125,.000,.125,-61,.087,-71,0,0,0,0,0,0,/H,,lowrije01
744,Sean Newcomb*,26,ATL,NL,-0.1,52,8,8,0,0,0,0,0,0,0,0,0,7,.000,.000,.000,.000,-100,.000,-147,0,0,0,0,0,0,1,,newcose01
745,James Paxton*,30,NYY,AL,-0.1,3,8,5,0,0,0,0,0,1,0,0,0,5,.000,.000,.000,.000,-100,.000,-267,0,0,0,3,0,0,1,,paxtoja01
746,Michael Reed,26,SFG,NL,-0.3,4,8,8,0,0,0,0,0,0,0,0,0,6,.000,.000,.000,.000,-100,.000,-135,0,0,0,0,0,0,/79,,reedmi02
747,Lucas Sims,25,CIN,NL,0.0,23,8,8,0,1,0,0,0,0,0,0,0,5,.125,.125,.125,.250,-36,.099,-75,1,0,0,0,0,0,1,,simslu01
748,Spencer Turnbull,26,DET,AL,-0.1,3,8,8,1,0,0,0,0,0,0,0,0,7,.000,.000,.000,.000,-100,.000,-132,0,0,0,0,0,0,1,,turnbsp01
749,Wilkin Castillo#,35,MIA,NL,-0.2,2,7,7,0,1,1,0,0,2,0,0,0,3,.143,.143,.286,.429,9,.174,-12,2,0,0,0,0,0,/2,,castiwi01
750,Gerrit Cole,28,HOU,AL,-0.1,3,7,7,0,0,0,0,0,0,0,0,0,5,.000,.000,.000,.000,-100,.000,-134,0,1,0,0,0,0,1,ASCYA-2MVP-10,colege01
751,Walker Lockett,25,NYM,NL,0.0,9,7,6,0,1,0,0,0,0,0,0,1,4,.167,.286,.167,.452,28,.226,29,1,0,0,0,0,0,/1,,lockewa01
752,Alex McRae,26,PIT,NL,0.1,11,7,6,0,2,0,0,0,0,0,0,0,3,.333,.333,.333,.667,78,.296,71,2,0,0,1,0,0,1,,mcraeal01
753,Jacob Nottingham,24,MIL,NL,0.0,9,7,6,1,2,0,0,1,4,0,0,0,2,.333,.429,.833,1.262,215,.508,224,5,0,1,0,0,0,/2H3,,nottija01
754,Luis Perdomo,26,SDP,NL,0.0,44,7,7,0,1,0,0,0,1,0,0,0,2,.143,.143,.143,.286,-23,.114,-52,1,0,0,0,0,0,1,,perdolu02
755,Drew Robinson*,27,STL,NL,-0.1,5,7,7,1,1,0,0,0,0,0,0,0,3,.143,.143,.143,.286,-23,.127,-45,1,0,0,0,0,0,/H89,,robindr01
756,Matt Andriese,29,ARI,NL,-0.1,51,6,6,0,0,0,0,0,0,0,0,0,3,.000,.000,.000,.000,-100,.000,-142,0,0,0,0,0,0,1,,andrima01
757,Nick Ciuffo*,24,TBR,AL,-0.1,3,6,6,0,1,0,0,0,0,0,0,0,3,.167,.167,.167,.333,-9,.133,-35,1,0,0,0,0,0,/2,,ciuffni01
758,Marco Gonzales*,27,SEA,AL,0.1,2,6,5,1,1,1,0,0,0,0,0,0,4,.200,.200,.400,.600,57,.420,184,2,0,0,1,0,0,1,,gonzama02
759,Matt Koch*,28,ARI,NL,-0.1,9,6,6,0,0,0,0,0,0,0,0,0,5,.000,.000,.000,.000,-100,.000,-142,0,0,0,0,0,0,/1,,kochma01
760,Wade Miley*,32,HOU,AL,0.0,3,6,4,1,0,0,0,0,0,0,0,1,1,.000,.200,.000,.200,-39,.139,-63,0,0,0,1,0,0,1,,mileywa01
761,Daniel Norris*,26,DET,AL,0.0,4,6,6,1,1,0,0,0,0,0,0,0,3,.167,.167,.167,.333,-11,.133,-40,1,0,0,0,0,0,1/H,,norrida01
762,Rick Porcello,30,BOS,AL,-0.1,3,6,6,0,0,0,0,0,0,0,0,0,2,.000,.000,.000,.000,-100,.000,-139,0,1,0,0,0,0,1,,porceri01
763,Ichiro Suzuki*,45,SEA,AL,0.0,2,6,5,0,0,0,0,0,0,0,0,1,1,.000,.167,.000,.167,-47,.116,-44,0,0,0,0,0,0,/9,,suzukic01
764,Jesús Tinoco,24,COL,NL,0.0,23,6,5,1,1,0,0,0,0,0,0,0,4,.200,.200,.200,.400,-1,.177,-53,1,0,0,1,0,0,1,,tinocje01
765,Yasmany Tomás,28,ARI,NL,-0.2,4,6,6,0,0,0,0,0,0,0,0,0,3,.000,.000,.000,.000,-100,.000,-142,0,1,0,0,0,0,/HD,,tomasya01
766,Josh Tomlin,34,ATL,NL,-0.1,47,6,6,0,0,0,0,0,0,0,0,0,3,.000,.000,.000,.000,-100,.000,-147,0,0,0,0,0,0,1,,tomlijo01
767,Kyle Wright,23,ATL,NL,-0.1,7,6,6,0,0,0,0,0,0,0,0,0,4,.000,.000,.000,.000,-100,.000,-147,0,0,0,0,0,0,/1,,wrighky01
768,Mike Montgomery*,29,2TM,2LG,0.0,19,6,6,0,1,0,0,0,0,0,0,0,3,.167,.167,.167,.333,-12,.148,-33,1,0,0,0,0,0,1,,montgmi01
768,Mike Montgomery*,29,CHC,NL,0.0,18,5,5,0,1,0,0,0,0,0,0,0,2,.200,.200,.200,.400,5,.177,-13,1,0,0,0,0,0,1,,montgmi01
768,Mike Montgomery*,29,KCR,AL,0.0,1,1,1,0,0,0,0,0,0,0,0,0,1,.000,.000,.000,.000,-100,.000,-123,0,0,0,0,0,0,1,,montgmi01
769,Jim Adduci*,34,CHC,NL,0.0,2,5,5,0,0,0,0,0,0,0,0,0,3,.000,.000,.000,.000,-100,.000,-142,0,0,0,0,0,0,/9H,,adducji02
770,Logan Allen,22,SDP,NL,0.1,7,5,4,1,1,0,0,0,0,0,0,0,0,.250,.400,.250,.650,82,.322,97,1,0,1,0,0,0,/1,,allenlo01
771,Yency Almonte,25,COL,NL,-0.1,27,5,5,0,0,0,0,0,0,0,0,0,3,.000,.000,.000,.000,-100,.000,-155,0,0,0,0,0,0,1,,almonye01
772,Adbert Alzolay,24,CHC,NL,-0.1,4,5,5,0,0,0,0,0,0,0,0,0,2,.000,.000,.000,.000,-100,.000,-142,0,0,0,0,0,0,/1,,alzolad01
773,Chris Bassitt,30,OAK,AL,-0.1,3,5,4,0,0,0,0,0,0,0,0,0,2,.000,.000,.000,.000,-100,.000,-182,0,0,0,1,0,0,1,,bassich01
774,José Berríos,25,MIN,AL,0.0,2,5,4,1,0,0,0,0,0,0,0,1,4,.000,.200,.000,.200,-38,.139,-32,0,0,0,0,0,0,1,AS,berrijo01
775,Shane Bieber,24,CLE,AL,-0.1,2,5,5,0,0,0,0,0,0,0,0,0,3,.000,.000,.000,.000,-100,.000,-135,0,0,0,0,0,0,1,ASCYA-4,biebesh01
776,Ronald Bolaños,22,SDP,NL,-0.1,5,5,5,1,0,0,0,0,1,0,0,0,4,.000,.000,.000,.000,-100,.000,-135,0,0,0,0,0,0,/1,,bolanro01
777,Brad Brach,33,2TM,NL,0.0,53,5,4,0,1,0,0,0,1,0,0,0,1,.250,.250,.250,.500,32,.222,-2,1,0,0,1,0,0,1/H,,brachbr01
777,Brad Brach,33,CHC,NL,0.0,39,5,4,0,1,0,0,0,1,0,0,0,1,.250,.250,.250,.500,32,.222,-2,1,0,0,1,0,0,1/H,,brachbr01
777,Brad Brach,33,NYM,NL,0.0,14,0,0,0,0,0,0,0,0,0,0,0,0,,,,,,,,0,0,0,0,0,0,1,,brachbr01
778,Wei-Yin Chen,33,MIA,NL,-0.1,43,5,5,0,0,0,0,0,0,0,0,0,4,.000,.000,.000,.000,-100,.000,-137,0,0,0,0,0,0,1,,chenwe02
779,Javy Guerra,33,WSN,NL,-0.1,33,5,3,0,0,0,0,0,0,0,0,0,2,.000,.000,.000,.000,-100,.000,-306,0,0,0,2,0,0,1,,guerrja01
780,Clay Holmes,26,PIT,NL,-0.1,32,5,5,0,0,0,0,0,0,0,0,0,4,.000,.000,.000,.000,-100,.000,-138,0,0,0,0,0,0,1,,holmecl01
781,Deven Marrero,28,MIA,NL,0.0,5,5,5,0,0,0,0,0,0,0,0,0,3,.000,.000,.000,.000,-100,.000,-137,0,0,0,0,0,0,/H65,,marrede01
782,T.J. McFarland*,30,ARI,NL,-0.1,47,5,3,0,0,0,0,0,0,0,0,0,3,.000,.000,.000,.000,-100,.000,-303,0,0,0,2,0,0,1,,mcfartj01
783,Héctor Noesí,32,MIA,NL,0.0,12,5,4,0,1,0,0,0,0,0,0,0,3,.250,.250,.250,.500,34,.222,4,1,0,0,1,0,0,1,,noesihe01
784,Iván Nova,32,CHW,AL,-0.1,3,5,5,0,0,0,0,0,0,0,0,0,4,.000,.000,.000,.000,-100,.000,-129,0,0,0,0,0,0,1,,novaiv01
785,Ranger Suárez*,23,PHI,NL,0.0,34,5,4,0,1,0,0,0,0,0,0,0,2,.250,.250,.250,.500,31,.199,-23,1,0,0,1,0,0,1,,suarera01
786,Homer Bailey,33,2TM,AL,0.1,3,5,5,0,2,0,0,0,1,0,0,0,1,.400,.400,.400,.800,119,.336,110,2,0,0,0,0,0,1,,baileho02
786,Homer Bailey,33,KCR,AL,0.0,1,1,1,0,0,0,0,0,0,0,0,0,0,.000,.000,.000,.000,-100,.000,-123,0,0,0,0,0,0,1,,baileho02
786,Homer Bailey,33,OAK,AL,0.1,2,4,4,0,2,0,0,0,1,0,0,0,1,.500,.500,.500,1.000,175,.421,170,2,0,0,0,0,0,1,,baileho02
787,Aaron Brooks,29,BAL,AL,-0.1,2,4,3,0,0,0,0,0,0,0,0,0,1,.000,.000,.000,.000,-100,.000,-205,0,0,0,1,0,0,1,,brookaa01
788,Génesis Cabrera*,22,STL,NL,-0.1,13,4,4,0,0,0,0,0,0,0,0,0,4,.000,.000,.000,.000,-100,.000,-138,0,0,0,0,0,0,1,,cabrege01
789,Johnny Cueto,33,SFG,NL,-0.1,4,4,4,0,0,0,0,0,0,0,0,0,3,.000,.000,.000,.000,-100,.000,-135,0,0,0,0,0,0,/1,,cuetojo01
790,Johnny Davis#,29,TBR,AL,-0.1,8,4,4,5,1,0,1,0,0,0,0,0,2,.250,.250,.750,1.000,152,.379,140,3,0,0,0,0,0,/H87,,davisjo06
791,Danny Duffy*,30,KCR,AL,0.0,2,4,4,0,1,0,0,0,0,0,0,0,2,.250,.250,.250,.500,33,.199,6,1,0,0,0,0,0,1,,duffyda01
792,Montana DuRapau,27,PIT,NL,0.0,14,4,4,0,1,0,0,0,0,0,0,0,2,.250,.250,.250,.500,33,.222,21,1,0,0,0,0,0,1,,durapmo01
793,Robbie Erlin,28,SDP,NL,-0.1,34,4,4,0,0,0,0,0,0,0,0,0,0,.000,.000,.000,.000,-100,.000,-135,0,1,0,0,0,0,1,,erlinro01
794,Wilmer Font,29,3TM,2LG,0.1,17,4,3,0,1,0,0,0,0,0,0,0,2,.333,.333,.333,.667,81,.296,72,1,0,0,1,0,0,1,,fontwi01
794,Wilmer Font,29,2TM,AL,0.0,3,0,0,0,0,0,0,0,0,0,0,0,0,,,,,,,,0,0,0,0,0,0,1,,fontwi01
794,Wilmer Font,29,TBR,AL,0.0,1,0,0,0,0,0,0,0,0,0,0,0,0,,,,,,,,0,0,0,0,0,0,1,,fontwi01
794,Wilmer Font,29,NYM,NL,0.1,14,4,3,0,1,0,0,0,0,0,0,0,2,.333,.333,.333,.667,81,.296,72,1,0,0,1,0,0,1,,fontwi01
794,Wilmer Font,29,TOR,AL,0.0,2,0,0,0,0,0,0,0,0,0,0,0,0,,,,,,,,0,0,0,0,0,0,1,,fontwi01
795,Drew Gagnon,29,NYM,NL,0.0,17,4,3,0,1,0,0,0,0,0,0,0,0,.333,.333,.333,.667,81,.296,72,1,1,0,1,0,0,1,,gagnodr01
796,Kyle Gibson,31,MIN,AL,0.1,2,4,1,0,0,0,0,0,0,0,0,1,1,.000,.500,.000,.500,55,.348,128,0,0,0,2,0,0,1,,gibsoky01
797,Lucas Giolito,24,CHW,AL,0.0,2,4,4,0,1,0,0,0,2,0,0,0,3,.250,.250,.250,.500,35,.222,26,1,0,0,0,0,0,1,ASCYA-6,giolilu01
798,Sam Haggerty#,25,NYM,NL,-0.1,11,4,4,2,0,0,0,0,0,0,0,0,3,.000,.000,.000,.000,-100,.000,-133,0,0,0,0,0,0,H/49,,haggesa01
799,J.A. Happ*,36,NYY,AL,0.0,2,4,3,1,0,0,0,0,0,0,0,0,0,.000,.000,.000,.000,-100,.000,-203,0,0,0,1,0,0,1/H,,happja01
800,David Hess,25,BAL,AL,-0.1,2,4,3,0,0,0,0,0,0,0,0,0,1,.000,.000,.000,.000,-100,.000,-205,0,0,0,1,0,0,1,,hessda01
801,Drew Jackson,25,BAL,AL,0.0,3,4,3,0,0,0,0,0,0,0,0,1,1,.000,.250,.000,.250,-23,.174,-10,0,0,0,0,0,0,/8H7,,jacksdr01
802,Reynaldo López,25,CHW,AL,-0.1,3,4,4,0,0,0,0,0,0,0,0,0,3,.000,.000,.000,.000,-100,.000,-130,0,0,0,0,0,0,1,,lopezre01
803,James Marvel,25,PIT,NL,-0.1,4,4,4,0,0,0,0,0,0,0,0,0,2,.000,.000,.000,.000,-100,.000,-138,0,0,0,0,0,0,/1,,marveja01
804,Phil Maton,26,2TM,2LG,0.0,20,4,4,0,1,0,0,0,1,0,0,0,2,.250,.250,.250,.500,35,.222,25,1,0,0,0,0,0,1,,matonph01
804,Phil Maton,26,SDP,NL,0.0,18,4,4,0,1,0,0,0,1,0,0,0,2,.250,.250,.250,.500,35,.222,25,1,0,0,0,0,0,1,,matonph01
804,Phil Maton,26,CLE,AL,0.0,2,0,0,0,0,0,0,0,0,0,0,0,0,,,,,,,,0,0,0,0,0,0,/1,,matonph01
805,Michael Pineda,30,MIN,AL,-0.1,2,4,4,0,0,0,0,0,0,0,0,0,1,.000,.000,.000,.000,-100,.000,-132,0,0,0,0,0,0,1,,pinedmi01
806,José Urquidy,24,HOU,AL,-0.1,2,4,4,0,0,0,0,0,0,0,0,0,3,.000,.000,.000,.000,-100,.000,-136,0,0,0,0,0,0,/1,,urquijo01
807,Chris Stratton,28,2TM,2LG,-0.1,27,4,4,0,0,0,0,0,0,0,0,0,2,.000,.000,.000,.000,-100,.000,-135,0,1,0,0,0,0,1,,stratch01
807,Chris Stratton,28,LAA,AL,-0.1,1,2,2,0,0,0,0,0,0,0,0,0,0,.000,.000,.000,.000,-100,.000,-132,0,1,0,0,0,0,/1,,stratch01
807,Chris Stratton,28,PIT,NL,0.0,26,2,2,0,0,0,0,0,0,0,0,0,2,.000,.000,.000,.000,-100,.000,-138,0,0,0,0,0,0,1,,stratch01
808,Jalen Beeks*,25,TBR,AL,0.0,4,3,3,0,0,0,0,0,0,0,0,0,2,.000,.000,.000,.000,-100,.000,-126,0,0,0,0,0,0,1/H,,beeksja02
809,Trevor Cahill,31,LAA,AL,0.0,2,3,3,0,1,0,0,0,0,0,0,0,1,.333,.333,.333,.667,79,.295,76,1,0,0,0,0,0,1/H,,cahiltr01
810,Andrew Cashner,32,2TM,AL,0.0,3,3,3,1,0,0,0,0,0,0,0,0,0,.000,.000,.000,.000,-100,.000,-129,0,0,0,0,0,0,1,,cashnan01
810,Andrew Cashner,32,BAL,AL,0.0,1,3,3,1,0,0,0,0,0,0,0,0,0,.000,.000,.000,.000,-100,.000,-129,0,0,0,0,0,0,1,,cashnan01
810,Andrew Cashner,32,BOS,AL,0.0,2,0,0,0,0,0,0,0,0,0,0,0,0,,,,,,,,0,0,0,0,0,0,1,,cashnan01
811,Sean Doolittle*,32,WSN,NL,-0.1,61,3,3,0,0,0,0,0,0,0,0,0,2,.000,.000,.000,.000,-100,.000,-142,0,1,0,0,0,0,1,,doolise01
812,Giovanny Gallegos,27,STL,NL,0.0,63,3,2,0,0,0,0,0,0,0,0,0,1,.000,.000,.000,.000,-100,.000,-254,0,0,0,1,0,0,1,,gallegi01
813,John Gant,26,STL,NL,0.0,60,3,3,0,0,0,0,0,0,0,0,0,2,.000,.000,.000,.000,-100,.000,-136,0,0,0,0,0,0,1,,gantjo01
814,Matt Grace*,30,WSN,NL,0.0,50,3,3,0,0,0,0,0,0,0,0,0,3,.000,.000,.000,.000,-100,.000,-142,0,0,0,0,0,0,1,,gracema02
815,Junior Guerra,34,MIL,NL,0.0,65,3,3,0,1,0,0,0,0,0,0,0,2,.333,.333,.333,.667,75,.296,72,1,0,0,0,0,0,1,,guerrju02
816,Ryan Helsley,24,STL,NL,0.0,24,3,3,0,1,0,0,0,0,0,0,0,2,.333,.333,.333,.667,79,.265,53,1,0,0,0,0,0,1,,helslry01
817,Félix Hernández,33,SEA,AL,0.0,2,3,3,0,0,0,0,0,0,0,0,0,2,.000,.000,.000,.000,-100,.000,-124,0,0,0,0,0,0,1,,hernafe02
818,Edwin Jackson,35,TOR,AL,0.0,2,3,3,0,0,0,0,0,0,0,0,0,2,.000,.000,.000,.000,-100,.000,-126,0,0,0,0,0,0,/1,,jacksed01
819,Joe Kelly,31,LAD,NL,0.0,52,3,2,0,0,0,0,0,0,0,0,0,2,.000,.000,.000,.000,-100,.000,-258,0,0,0,1,0,0,1,,kellyjo05
820,Parker Markel,28,PIT,NL,0.0,15,3,3,0,0,0,0,0,0,0,0,0,1,.000,.000,.000,.000,-100,.000,-139,0,0,0,0,0,0,1,,markepa01
821,Chris Mazza,29,NYM,NL,0.0,8,3,3,0,0,0,0,0,0,0,0,0,1,.000,.000,.000,.000,-100,.000,-133,0,0,0,0,0,0,/1,,mazzach01
822,Kyle McGowin,27,WSN,NL,0.0,7,3,3,1,1,0,0,0,0,0,0,0,0,.333,.333,.333,.667,74,.296,69,1,0,0,0,0,0,/1,,mcgowky01
823,John Means*,26,BAL,AL,0.1,2,3,1,0,1,0,0,0,0,0,0,1,0,1.000,1.000,1.000,2.000,436,.746,540,1,0,0,1,0,0,1,ASROY-2,meansjo01
824,Conner Menez*,24,SFG,NL,0.0,9,3,3,0,0,0,0,0,0,0,0,0,0,.000,.000,.000,.000,-100,.000,-136,0,0,0,0,0,0,/1H,,menezco01
825,Shelby Miller,28,TEX,AL,0.1,2,3,1,0,0,0,0,0,0,0,0,2,1,.000,.667,.000,.667,98,.464,184,0,0,0,0,0,0,1,,millesh01
826,Jimmy Nelson,30,MIL,NL,0.0,10,3,3,0,0,0,0,0,0,0,0,0,3,.000,.000,.000,.000,-100,.000,-142,0,0,0,0,0,0,1,,nelsoji02
827,Jake Odorizzi,29,MIN,AL,0.0,3,3,2,0,0,0,0,0,0,0,0,0,0,.000,.000,.000,.000,-100,.000,-248,0,0,0,1,0,0,1,AS,odorija01
828,Corey Oswalt,25,NYM,NL,0.0,2,3,1,0,0,0,0,0,1,0,0,0,1,.000,.000,.000,.000,-100,.000,-250,0,0,0,1,1,0,/1,,oswalco01
829,Martín Pérez*,28,MIN,AL,0.1,3,3,3,1,0,0,0,0,0,0,0,0,2,.000,.000,.000,.000,-100,.296,79,0,0,0,0,0,0,1,,perezma02
830,Garrett Richards,31,SDP,NL,0.0,3,3,2,0,0,0,0,0,0,0,0,0,1,.000,.000,.000,.000,-100,.000,-250,0,0,0,1,0,0,/1,,richaga01
831,Kyle Ryan*,27,CHC,NL,0.0,71,3,2,0,0,0,0,0,0,0,0,1,1,.000,.333,.000,.333,1,.231,25,0,0,0,0,0,0,1,,ryanky01
832,CC Sabathia*,38,NYY,AL,0.0,2,3,3,0,0,0,0,0,0,0,0,0,2,.000,.000,.000,.000,-100,.000,-129,0,0,0,0,0,0,1,,sabatc.01
833,Casey Sadler,28,LAD,NL,0.0,23,3,3,0,0,0,0,0,0,0,0,0,1,.000,.000,.000,.000,-100,.000,-139,0,0,0,0,0,0,1,,sadleca02
834,Tyler Skaggs*,27,LAA,AL,0.0,2,3,2,0,0,0,0,0,0,0,0,1,1,.000,.333,.000,.333,3,.232,32,0,0,0,0,0,0,1,,skaggty01
835,Brock Stewart*,27,LAD,NL,0.1,3,3,3,1,1,1,0,0,0,0,0,0,0,.333,.333,.667,1.000,154,.407,156,2,0,0,0,0,0,/1,,stewabr01
836,Andrew Suárez*,26,SFG,NL,0.0,19,3,3,0,0,0,0,0,0,0,0,0,1,.000,.000,.000,.000,-100,.297,78,0,0,0,0,0,0,1,,suarean01
837,Trent Thornton,25,TOR,AL,0.1,1,3,3,2,2,0,0,0,0,0,0,0,0,.667,.667,.667,1.333,262,.591,284,2,0,0,0,0,0,1,,thorntr01
838,Nick Vincent,32,2TM,NL,0.0,30,3,3,0,0,0,0,0,0,0,0,0,3,.000,.000,.000,.000,-100,.000,-136,0,0,0,0,0,0,1,,vinceni01
838,Nick Vincent,32,SFG,NL,0.0,18,3,3,0,0,0,0,0,0,0,0,0,3,.000,.000,.000,.000,-100,.000,-136,0,0,0,0,0,0,1,,vinceni01
838,Nick Vincent,32,PHI,NL,0.0,12,0,0,0,0,0,0,0,0,0,0,0,0,,,,,,,,0,0,0,0,0,0,1,,vinceni01
839,Jacob Waguespack,25,TOR,AL,0.0,2,3,2,0,0,0,0,0,0,0,0,1,2,.000,.333,.000,.333,4,.232,34,0,0,0,0,0,0,1,,wagueja01
840,Aaron Wilkerson,30,MIL,NL,0.1,8,3,3,1,1,0,0,1,2,0,0,0,1,.333,.333,1.333,1.667,299,.650,325,4,0,0,0,0,0,/1,,wilkeaa01
841,Wes Parsons,26,2TM,NL,0.0,31,3,2,0,0,0,0,0,0,0,0,1,2,.000,.333,.000,.333,-4,.231,14,0,0,0,0,0,0,1,,parsowe01
841,Wes Parsons,26,ATL,NL,0.0,16,1,1,0,0,0,0,0,0,0,0,0,1,.000,.000,.000,.000,-100,.000,-150,0,0,0,0,0,0,1,,parsowe01
841,Wes Parsons,26,COL,NL,0.0,15,2,1,0,0,0,0,0,0,0,0,1,1,.000,.500,.000,.500,42,.346,96,0,0,0,0,0,0,1,,parsowe01
842,Kolby Allard*,21,TEX,AL,0.0,1,2,2,0,0,0,0,0,0,0,0,0,0,.000,.000,.000,.000,-100,.000,-144,0,0,0,0,0,0,/1,,allarko01
843,Pedro Avila,22,SDP,NL,0.0,1,2,1,0,0,0,0,0,0,0,0,0,0,.000,.000,.000,.000,-100,.000,-367,0,0,0,1,0,0,/1,,avilape01
844,Tres Barrera,24,WSN,NL,-0.1,2,2,2,0,0,0,0,0,0,0,0,0,0,.000,.000,.000,.000,-100,.000,-142,0,0,0,0,0,0,/2H,,barretr01
845,Jaime Barria,22,LAA,AL,0.0,1,2,2,0,0,0,0,0,0,0,0,0,1,.000,.000,.000,.000,-100,.000,-132,0,0,0,0,0,0,1,,barrija01
846,Matthew Boyd*,28,DET,AL,0.1,1,2,2,0,1,0,0,0,0,0,0,0,1,.500,.500,.500,1.000,167,.443,180,1,0,0,0,0,0,1,,boydma01
847,Dylan Bundy#,26,BAL,AL,0.0,1,2,2,0,0,0,0,0,0,0,0,0,2,.000,.000,.000,.000,-100,.000,-132,0,0,0,0,0,0,1,,bundydy01
848,Griffin Canning,23,LAA,AL,0.0,1,2,2,0,0,0,0,0,0,0,0,0,1,.000,.000,.000,.000,-100,.000,-132,0,0,0,0,0,0,1,,cannigr01
849,Ryan Carpenter*,28,DET,AL,0.0,1,2,2,0,0,0,0,0,0,0,0,0,1,.000,.000,.000,.000,-100,.000,-132,0,0,0,0,0,0,/1,,carpery01
850,Jesse Chavez,35,TEX,AL,0.1,4,2,2,0,1,0,0,0,0,0,0,0,1,.500,.500,.500,1.000,157,.443,172,1,0,0,0,0,0,1,,chaveje01
851,Yonny Chirinos,25,TBR,AL,0.0,1,2,2,0,0,0,0,0,0,0,0,0,2,.000,.000,.000,.000,-100,.000,-128,0,0,0,0,0,0,1,,chiriyo01
852,Steve Cishek,33,CHC,NL,0.0,64,2,2,0,0,0,0,0,0,0,0,0,0,.000,.000,.000,.000,-100,.000,-142,0,0,0,0,0,0,1,,cishest01
853,Aaron Civale,24,CLE,AL,0.0,1,2,2,0,0,0,0,0,0,0,0,0,1,.000,.000,.000,.000,-100,.000,-136,0,0,0,0,0,0,1,,civalaa01
854,Mike Clevinger,28,CLE,AL,0.0,1,2,2,0,0,0,0,0,0,0,0,0,1,.000,.000,.000,.000,-100,.000,-136,0,0,0,0,0,0,1,,clevimi01
855,Dylan Covey,27,CHW,AL,0.0,2,2,2,0,0,0,0,0,0,0,0,0,1,.000,.000,.000,.000,-100,.000,-132,0,0,0,0,0,0,1,,coveydy01
856,Noel Cuevas,27,COL,NL,0.0,1,2,2,0,0,0,0,0,0,0,0,0,0,.000,.000,.000,.000,-100,.445,167,0,0,0,0,0,0,/7,,cuevano01
857,Ross Detwiler,33,CHW,AL,0.0,2,2,2,0,0,0,0,0,0,0,0,0,1,.000,.000,.000,.000,-100,.000,-132,0,0,0,0,0,0,1,,detwiro01
858,Nathan Eovaldi,29,BOS,AL,0.0,1,2,2,0,0,0,0,0,0,0,0,0,1,.000,.000,.000,.000,-100,.000,-140,0,0,0,0,0,0,1,,eovalna01
859,Luis Escobar,23,PIT,NL,0.0,4,2,2,0,0,0,0,0,0,0,0,0,1,.000,.000,.000,.000,-100,.000,-138,0,0,0,0,0,0,/1,,escoblu01
860,Thomas Eshelman,25,BAL,AL,0.0,1,2,2,0,0,0,0,0,0,0,0,0,0,.000,.000,.000,.000,-100,.000,-132,0,0,0,0,0,0,1,,eshelto01
861,Caleb Ferguson,22,LAD,NL,0.1,42,2,2,1,1,1,0,0,0,0,0,0,0,.500,.500,1.000,1.500,281,.610,300,2,0,0,0,0,0,1,,ferguca01
862,Chris Flexen,24,NYM,NL,0.1,9,2,2,0,1,0,0,0,0,0,0,0,0,.500,.500,.500,1.000,172,.444,188,1,0,0,0,0,0,/1,,flexech01
863,Dylan Floro*,28,LAD,NL,0.0,46,2,2,0,0,0,0,0,0,0,0,0,1,.000,.000,.000,.000,-100,.000,-138,0,0,0,0,0,0,1,,florody01
864,Yimi García,28,LAD,NL,-0.1,61,2,2,0,0,0,0,0,0,0,0,0,1,.000,.000,.000,.000,-100,.000,-138,0,1,0,0,0,0,1,,garciyi01
865,Tyler Glasnow*,25,TBR,AL,0.0,1,2,2,0,0,0,0,0,0,0,0,0,1,.000,.000,.000,.000,-100,.000,-128,0,0,0,0,0,0,1,,glasnty01
866,Josh Hader*,25,MIL,NL,0.0,56,2,2,0,0,0,0,0,0,0,0,0,1,.000,.000,.000,.000,-100,.000,-142,0,0,0,0,0,0,1,AS,haderjo01
867,Jared Hughes,33,2TM,NL,0.0,66,2,2,0,0,0,0,0,0,0,0,0,1,.000,.000,.000,.000,-100,.000,-146,0,0,0,0,0,0,1,,hugheja02
867,Jared Hughes,33,CIN,NL,0.0,44,2,2,0,0,0,0,0,0,0,0,0,1,.000,.000,.000,.000,-100,.000,-146,0,0,0,0,0,0,1,,hugheja02
867,Jared Hughes,33,PHI,NL,0.0,22,0,0,0,0,0,0,0,0,0,0,0,0,,,,,,,,0,0,0,0,0,0,1,,hugheja02
868,Raisel Iglesias,29,CIN,NL,0.0,64,2,2,0,0,0,0,0,0,0,0,0,1,.000,.000,.000,.000,-100,.000,-146,0,0,0,0,0,0,1,,iglesra01
869,Jay Jackson,31,MIL,NL,0.0,27,2,2,0,0,0,0,0,0,0,0,0,2,.000,.000,.000,.000,-100,.000,-142,0,0,0,0,0,0,1,,jacksja01
870,Jakob Junis,26,KCR,AL,0.0,1,2,2,0,0,0,0,0,0,0,0,0,0,.000,.000,.000,.000,-100,.000,-136,0,0,0,0,0,0,1,,junisja01
871,Yusei Kikuchi*,28,SEA,AL,0.1,1,2,1,0,0,0,0,0,0,0,0,0,1,.000,.000,.000,.000,-100,.888,869,0,0,0,1,0,0,1,,kikucyu01
872,Wade LeBlanc*,34,SEA,AL,0.1,2,2,0,0,0,0,0,0,0,0,0,1,0,,1.000,,,,.696,608,0,0,0,1,0,0,1,,leblawa01
873,Francisco Liriano*,35,PIT,NL,0.1,67,2,1,0,1,0,0,0,0,0,0,1,0,1.000,1.000,1.000,2.000,434,.744,396,1,0,0,0,0,0,1,,liriafr01
874,Jorge López,26,KCR,AL,0.0,3,2,1,0,0,0,0,0,0,0,0,0,0,.000,.000,.000,.000,-100,.000,-354,0,0,0,1,0,0,1,,lopezjo02
875,Lance Lynn#,32,TEX,AL,0.0,1,2,2,0,0,0,0,0,0,0,0,0,2,.000,.000,.000,.000,-100,.000,-144,0,0,0,0,0,0,1,CYA-5,lynnla01
876,Daniel Mengden,26,OAK,AL,0.0,1,2,2,0,0,0,0,0,0,0,0,0,2,.000,.000,.000,.000,-100,.000,-128,0,0,0,0,0,0,1,,mengdda01
877,Tommy Milone*,32,SEA,AL,0.0,1,2,2,0,0,0,0,0,0,0,0,0,1,.000,.000,.000,.000,-100,.000,-128,0,0,0,0,0,0,1,,milonto01
878,Frankie Montas,26,OAK,AL,0.0,1,2,1,0,0,0,0,0,0,0,0,1,0,.000,.500,.000,.500,58,.348,120,0,0,0,0,0,0,1,,montafr02
879,Charlie Morton,35,TBR,AL,0.0,1,2,2,0,0,0,0,0,0,0,0,0,2,.000,.000,.000,.000,-100,.000,-128,0,0,0,0,0,0,1,ASCYA-3MVP-21,mortoch02
880,Juan Nicasio,32,PHI,NL,0.0,45,2,2,0,0,0,0,0,0,0,0,0,1,.000,.000,.000,.000,-100,.000,-142,0,0,0,0,0,0,1,,nicasju01
881,Félix Peña,29,LAA,AL,0.0,3,2,2,0,0,0,0,0,0,0,0,0,0,.000,.000,.000,.000,-100,.000,-132,0,0,0,0,0,0,1/H,,penafe01
882,Adam Plutko,27,CLE,AL,0.0,2,2,2,0,0,0,0,0,0,0,0,0,1,.000,.000,.000,.000,-100,.000,-136,0,0,0,0,0,0,1,,plutkad01
883,David Price*,33,BOS,AL,0.1,1,2,2,0,1,0,0,0,1,0,0,0,1,.500,.500,.500,1.000,162,.443,176,1,0,0,0,0,0,1,,priceda01
884,Yefry Ramírez,25,PIT,NL,0.0,9,2,2,0,0,0,0,0,0,0,0,0,0,.000,.000,.000,.000,-100,.000,-138,0,0,0,0,0,0,/1,,ramirye01
885,Sal Romano*,25,CIN,NL,0.0,11,2,2,0,0,0,0,0,0,0,0,0,1,.000,.000,.000,.000,-100,.000,-146,0,0,0,0,0,0,1/H,,romansa01
886,Adrian Sampson,27,TEX,AL,0.1,3,2,2,0,0,0,0,0,0,0,0,0,1,.000,.000,.000,.000,-100,.444,172,0,0,0,0,0,0,1,,sampsad01
887,Aaron Sanchez,26,TOR,AL,0.0,1,2,2,0,0,0,0,0,0,0,0,0,0,.000,.000,.000,.000,-100,.000,-128,0,0,0,0,0,0,1,,sanchaa01
888,Patrick Sandoval*,22,LAA,AL,0.0,1,2,2,0,0,0,0,0,0,0,0,0,2,.000,.000,.000,.000,-100,.000,-132,0,0,0,0,0,0,1,,sandopa02
889,Dennis Santana,23,LAD,NL,0.1,3,2,2,0,1,0,0,0,0,0,0,0,0,.500,.500,.500,1.000,167,.444,183,1,0,0,0,0,0,/1,,santade01
890,Justus Sheffield*,23,SEA,AL,0.0,1,2,2,0,0,0,0,0,0,0,0,0,2,.000,.000,.000,.000,-100,.000,-128,0,0,0,0,0,0,/1,,sheffju01
891,James Sherfy,27,ARI,NL,0.0,17,2,2,0,0,0,0,0,0,0,0,0,2,.000,.000,.000,.000,-100,.000,-142,0,0,0,0,0,0,1,,sherfji01
892,Will Smith,29,SFG,NL,0.1,58,2,1,0,1,0,0,0,2,0,0,0,0,1.000,1.000,1.000,2.000,439,.887,908,1,0,0,1,0,0,1,AS,smithwi04
893,Chad Sobotka,25,ATL,NL,0.0,30,2,2,0,0,0,0,0,0,0,0,0,2,.000,.000,.000,.000,-100,.000,-146,0,0,0,0,0,0,1,,sobotch01
894,Gregory Soto*,24,DET,AL,0.1,1,2,2,0,2,0,0,0,0,0,0,0,0,1.000,1.000,1.000,2.000,434,.886,492,2,0,0,0,0,0,1,,sotogr01
895,Glenn Sparkman,27,KCR,AL,0.0,3,2,2,0,0,0,0,0,0,0,0,0,0,.000,.000,.000,.000,-100,.000,-136,0,0,0,0,0,0,1,,sparkgl01
896,José Suarez*,21,LAA,AL,0.0,1,2,2,0,0,0,0,0,0,0,0,0,1,.000,.000,.000,.000,-100,.000,-132,0,0,0,0,0,0,1,,suarejo01
897,Brent Suter*,29,MIL,NL,0.0,9,2,2,0,0,0,0,0,0,0,0,0,1,.000,.000,.000,.000,-100,.000,-142,0,0,0,0,0,0,/1,,suterbr01
898,Erik Swanson,25,SEA,AL,0.0,3,2,2,0,0,0,0,0,0,0,0,0,1,.000,.000,.000,.000,-100,.000,-128,0,0,0,0,0,0,1,,swanser01
899,Felipe Vázquez*,27,PIT,NL,0.0,51,2,2,0,0,0,0,0,0,0,0,0,0,.000,.000,.000,.000,-100,.000,-138,0,0,0,0,0,0,1,AS,riverfe01
900,Justin Verlander,36,HOU,AL,-0.1,1,2,2,0,0,0,0,0,0,0,0,0,1,.000,.000,.000,.000,-100,.000,-136,0,1,0,0,0,0,1,ASCYA-1MVP-11,verlaju01
901,Mitch Walding*,26,PHI,NL,-0.1,2,2,2,0,0,0,0,0,0,0,0,0,2,.000,.000,.000,.000,-100,.000,-142,0,0,0,0,0,0,/H,,waldimi01
902,Brad Wieck*,27,2TM,NL,0.0,42,2,2,0,0,0,0,0,0,0,0,0,1,.000,.000,.000,.000,-100,.000,-133,0,0,0,0,0,0,1,,wieckbr01
902,Brad Wieck*,27,SDP,NL,0.0,28,2,2,0,0,0,0,0,0,0,0,0,1,.000,.000,.000,.000,-100,.000,-133,0,0,0,0,0,0,1,,wieckbr01
902,Brad Wieck*,27,CHC,NL,0.0,14,0,0,0,0,0,0,0,0,0,0,0,0,,,,,,,,0,0,0,0,0,0,1,,wieckbr01
903,Jordan Zimmermann,33,DET,AL,0.0,1,2,2,0,0,0,0,0,0,0,0,0,2,.000,.000,.000,.000,-100,.000,-132,0,0,0,0,0,0,1,,zimmejo02
904,Donnie Hart*,28,2TM,NL,0.0,5,2,2,0,0,0,0,0,0,0,0,0,1,.000,.000,.000,.000,-100,.000,-138,0,0,0,0,0,0,/1,,hartdo01
904,Donnie Hart*,28,MIL,NL,0.0,4,1,1,0,0,0,0,0,0,0,0,0,0,.000,.000,.000,.000,-100,.000,-142,0,0,0,0,0,0,/1,,hartdo01
904,Donnie Hart*,28,NYM,NL,0.0,1,1,1,0,0,0,0,0,0,0,0,0,1,.000,.000,.000,.000,-100,.000,-133,0,0,0,0,0,0,/1,,hartdo01
905,Austin Adams,28,2TM,2LG,0.0,4,1,1,0,0,0,0,0,0,0,0,0,1,.000,.000,.000,.000,-100,.000,-115,0,0,0,0,0,0,1,,adamsau02
905,Austin Adams,28,WSN,NL,0.0,1,0,0,0,0,0,0,0,0,0,0,0,0,,,,,,,,0,0,0,0,0,0,/1,,adamsau02
905,Austin Adams,28,SEA,AL,0.0,3,1,1,0,0,0,0,0,0,0,0,0,1,.000,.000,.000,.000,-100,.000,-115,0,0,0,0,0,0,1,,adamsau02
906,R.J. Alaniz,28,CIN,NL,0.1,8,1,1,0,1,0,0,0,1,0,0,0,0,1.000,1.000,1.000,2.000,414,.887,492,1,0,0,0,0,0,/1,,alanirj01
907,Cody Allen,30,LAA,AL,0.0,1,1,1,0,0,0,0,0,0,0,0,0,1,.000,.000,.000,.000,-100,.000,-123,0,0,0,0,0,0,1,,allenco01
908,Drew Anderson,25,PHI,NL,0.0,2,1,1,0,0,0,0,0,0,0,0,0,1,.000,.000,.000,.000,-100,.000,-142,0,0,0,0,0,0,/1,,anderdr02
909,Tanner Anderson,26,OAK,AL,0.0,1,1,1,0,0,0,0,0,0,0,0,0,1,.000,.000,.000,.000,-100,.000,-115,0,0,0,0,0,0,/1H,,anderta01
910,Matt Barnes,29,BOS,AL,0.0,8,1,1,0,0,0,0,0,0,0,0,0,1,.000,.000,.000,.000,-100,.000,-131,0,0,0,0,0,0,1,,barnema01
911,Ty Blach,28,SFG,NL,0.0,2,1,1,0,0,0,0,0,0,0,0,0,1,.000,.000,.000,.000,-100,.000,-133,0,0,0,0,0,0,/1,,blachty01
912,Matt Bowman,28,CIN,NL,0.0,25,1,1,0,0,0,0,0,0,0,0,0,0,.000,.000,.000,.000,-100,.000,-150,0,0,0,0,0,0,1,,bowmama01
913,Archie Bradley,26,ARI,NL,0.0,61,1,1,0,0,0,0,0,0,0,0,0,1,.000,.000,.000,.000,-100,.000,-142,0,0,0,0,0,0,1,,bradlar01
914,Rob Brantly*,29,PHI,NL,0.0,1,1,1,0,0,0,0,0,0,0,0,0,1,.000,.000,.000,.000,-100,.000,-142,0,0,0,0,0,0,/H,,brantro01
915,John Brebbia*,29,STL,NL,0.1,63,1,1,1,1,0,0,0,0,0,0,0,0,1.000,1.000,1.000,2.000,436,.887,500,1,0,0,0,0,0,1,,brebbjo01
916,Jeff Brigham,27,MIA,NL,0.0,32,1,1,0,0,0,0,0,0,0,0,0,1,.000,.000,.000,.000,-100,.000,-133,0,0,0,0,0,0,1,,brighje01
917,Matt Carasiti,27,SEA,AL,0.0,1,1,1,0,0,0,0,0,0,0,0,0,0,.000,.000,.000,.000,-100,.000,-115,0,0,0,0,0,0,1,,carasma01
918,Shane Carle,27,ATL,NL,0.0,5,1,1,0,0,0,0,0,0,0,0,0,1,.000,.000,.000,.000,-100,.000,-150,0,0,0,0,0,0,/1,,carlesh01
919,Diego Castillo,25,TBR,AL,0.0,8,1,1,0,0,0,0,0,0,0,0,0,1,.000,.000,.000,.000,-100,.000,-123,0,0,0,0,0,0,1,,castidi01
920,Luis Cessa,27,NYY,AL,0.0,2,1,1,0,0,0,0,0,0,0,0,0,1,.000,.000,.000,.000,-100,.000,-123,0,0,0,0,0,0,1,,cessalu01
921,JT Chargois#,28,LAD,NL,0.0,19,1,1,0,0,0,0,0,0,0,0,0,1,.000,.000,.000,.000,-100,.000,-142,0,0,0,0,0,0,1,,chargjt01
922,Adam Conley*,29,MIA,NL,0.0,56,1,1,0,0,0,0,0,0,0,0,0,0,.000,.000,.000,.000,-100,.000,-133,0,0,0,0,0,0,1,,conlead01
923,Jimmy Cordero,27,CHW,AL,0.0,3,1,0,0,0,0,0,0,0,0,0,0,0,,,,,,,,0,0,0,1,0,0,1,,cordeji01
924,Dylan Cozens*,25,PHI,NL,0.0,1,1,1,0,0,0,0,0,0,0,0,0,0,.000,.000,.000,.000,-100,.000,-142,0,0,0,0,0,0,/H,,cozendy01
925,Rookie Davis,26,PIT,NL,0.0,5,1,1,0,0,0,0,0,0,0,0,0,0,.000,.000,.000,.000,-100,.000,-142,0,0,0,0,0,0,/1,,davisro03
926,Enyel De Los Santos,23,PHI,NL,0.0,5,1,1,0,0,0,0,0,0,0,0,0,1,.000,.000,.000,.000,-100,.000,-142,0,0,0,0,0,0,/1,,delosen01
927,Miguel Díaz,24,SDP,NL,0.0,5,1,1,0,0,0,0,0,0,0,0,0,1,.000,.000,.000,.000,-100,.000,-133,0,0,0,0,0,0,/1,,diazmi02
928,Seranthony Domínguez,24,PHI,NL,0.0,26,1,1,0,0,0,0,0,0,0,0,0,1,.000,.000,.000,.000,-100,.000,-142,0,0,0,0,0,0,1,,dominse01
929,Oliver Drake,32,TBR,AL,0.1,3,1,1,0,1,0,0,0,1,0,0,0,0,1.000,1.000,1.000,2.000,446,.796,423,1,0,0,0,0,0,1,,drakeol01
930,Justin Dunn,23,SEA,AL,0.0,1,1,1,0,0,0,0,0,0,0,0,0,1,.000,.000,.000,.000,-100,.000,-115,0,0,0,0,0,0,/1,,dunnju01
931,Roenis Elías*,30,2TM,2LG,0.0,5,1,1,0,0,0,0,0,0,0,0,0,0,.000,.000,.000,.000,-100,.000,-142,0,0,0,0,0,0,1,,eliasro01
931,Roenis Elías*,30,SEA,AL,0.0,1,0,0,0,0,0,0,0,0,0,0,0,0,,,,,,,,0,0,0,0,0,0,1,,eliasro01
931,Roenis Elías*,30,WSN,NL,0.0,4,1,1,0,0,0,0,0,0,0,0,0,0,.000,.000,.000,.000,-100,.000,-142,0,0,0,0,0,0,/1,,eliasro01
932,Carson Fulmer,25,CHW,AL,0.0,1,1,1,0,0,0,0,0,0,0,0,0,0,.000,.000,.000,.000,-100,.000,-123,0,0,0,0,0,0,1,,fulmeca01
933,Jarlín García*,26,MIA,NL,0.0,51,1,1,0,0,0,0,0,0,0,0,0,1,.000,.000,.000,.000,-100,.000,-133,0,0,0,0,0,0,1,,garcija04
934,Rico Garcia,25,COL,NL,0.0,2,1,1,0,0,0,0,0,0,0,0,0,1,.000,.000,.000,.000,-100,.000,-158,0,0,0,0,0,0,/1,,garciri01
935,Trevor Gott,26,SFG,NL,0.0,48,1,1,0,0,0,0,0,0,0,0,0,0,.000,.000,.000,.000,-100,.000,-133,0,0,0,0,0,0,1,,gotttr01
936,Chad Green*,28,NYY,AL,0.0,2,1,1,0,0,0,0,0,0,0,0,0,1,.000,.000,.000,.000,-100,.000,-123,0,0,0,0,0,0,1,,greench03
937,Robert Gsellman,25,NYM,NL,0.1,50,1,0,0,0,0,0,0,0,0,0,1,0,,1.000,,,,.693,367,0,0,0,0,0,0,1,,gsellro01
938,Jandel Gustave,26,SFG,NL,0.0,20,1,1,0,0,0,0,0,0,0,0,0,1,.000,.000,.000,.000,-100,.000,-133,0,0,0,0,0,0,1,,gustaja01
939,J.D. Hammer,24,PHI,NL,0.0,20,1,1,0,0,0,0,0,0,0,0,0,0,.000,.000,.000,.000,-100,.000,-142,0,0,0,0,0,0,1,,hammejd01
940,Sam Howard,26,COL,NL,0.0,19,1,1,0,0,0,0,0,0,0,0,0,1,.000,.000,.000,.000,-100,.000,-158,0,0,0,0,0,0,1,,howarsa01
941,Joe Hudson,28,STL,NL,0.0,1,1,1,0,0,0,0,0,0,0,0,0,1,.000,.000,.000,.000,-100,.000,-133,0,0,0,0,0,0,/H,,hudsojo03
942,Kenley Jansen#,31,LAD,NL,0.0,59,1,1,0,0,0,0,0,0,0,0,0,1,.000,.000,.000,.000,-100,.000,-142,0,0,0,0,0,0,1,,janseke01
943,Jeremy Jeffress,31,MIL,NL,0.0,45,1,1,0,0,0,0,0,0,0,0,0,1,.000,.000,.000,.000,-100,.000,-142,0,0,0,0,0,0,1,,jeffrje01
944,Brian Johnson*,28,BOS,AL,0.0,3,1,1,1,0,0,0,0,0,0,0,0,1,.000,.000,.000,.000,-100,.000,-131,0,0,0,0,0,0,1/H,,johnsbr02
945,Ariel Jurado,23,TEX,AL,0.0,2,1,1,0,0,0,0,0,0,0,0,0,1,.000,.000,.000,.000,-100,.000,-131,0,0,0,0,0,0,1,,juradar01
946,Tyler Kinley,28,MIA,NL,0.0,49,1,1,0,0,0,0,0,0,0,0,0,1,.000,.000,.000,.000,-100,.000,-133,0,0,0,0,0,0,1,,kinlety01
947,Corey Kluber,33,CLE,AL,0.0,1,1,1,0,0,0,0,0,0,0,0,0,1,.000,.000,.000,.000,-100,.000,-131,0,0,0,0,0,0,/1,,klubeco01
948,Joel Kuhnel,24,CIN,NL,0.0,11,1,1,0,0,0,0,0,0,0,0,0,0,.000,.000,.000,.000,-100,.000,-150,0,0,0,0,0,0,1,,kuhnejo01
949,Elvis Luciano,19,TOR,AL,0.0,1,1,1,0,0,0,0,0,0,0,0,0,1,.000,.000,.000,.000,-100,.000,-123,0,0,0,0,0,0,1,,luciael01
950,Seth Lugo,29,NYM,NL,0.1,57,1,1,0,1,0,0,0,1,0,0,0,0,1.000,1.000,1.000,2.000,444,.887,508,1,0,0,0,0,0,1,,lugose01
951,Tyler Lyons*,31,PIT,NL,0.0,3,1,1,0,0,0,0,0,0,0,0,0,0,.000,.000,.000,.000,-100,.000,-142,0,0,0,0,0,0,/1,,lyonsty01
952,Carlos Martínez,27,STL,NL,0.0,43,1,1,0,0,0,0,0,0,0,0,0,1,.000,.000,.000,.000,-100,.000,-133,0,0,0,0,0,0,1,,martica04
953,Mike Mayers,27,STL,NL,0.0,15,1,1,0,0,0,0,0,0,0,0,0,1,.000,.000,.000,.000,-100,.000,-133,0,0,0,0,0,0,1,,mayermi01
954,Keury Mella,25,CIN,NL,0.0,2,1,1,0,0,0,0,0,0,0,0,0,1,.000,.000,.000,.000,-100,.000,-150,0,0,0,0,0,0,/1,,mellake01
955,Adrián Morejón*,20,SDP,NL,0.0,4,1,1,0,0,0,0,0,0,0,0,0,1,.000,.000,.000,.000,-100,.000,-133,0,0,0,0,0,0,/1,,morejad01
956,Hector Neris,30,PHI,NL,0.0,63,1,1,0,0,0,0,0,0,0,0,0,1,.000,.000,.000,.000,-100,.000,-142,0,0,0,0,0,0,1,,nerishe01
957,James Norwood,25,CHC,NL,0.0,9,1,1,0,0,0,0,0,0,0,0,0,0,.000,.000,.000,.000,-100,.000,-142,0,0,0,0,0,0,/1,,norwoja01
958,Scott Oberg,29,COL,NL,0.0,45,1,1,0,0,0,0,0,0,0,0,0,1,.000,.000,.000,.000,-100,.000,-158,0,0,0,0,0,0,1,,obergsc01
959,Josh Osich*,30,CHW,AL,0.0,5,1,0,0,0,0,0,0,0,0,0,0,0,,,,,,,,0,0,0,1,0,0,1,,osichjo01
960,Emilio Pagán*,28,TBR,AL,0.0,5,1,1,0,0,0,0,0,0,0,0,0,1,.000,.000,.000,.000,-100,.000,-123,0,0,0,0,0,0,1,,paganem01
961,Blake Parker,34,2TM,2LG,0.0,24,1,1,0,0,0,0,0,0,0,0,0,1,.000,.000,.000,.000,-100,.000,-142,0,0,0,0,0,0,1,,parkebl01
961,Blake Parker,34,MIN,AL,0.0,2,0,0,0,0,0,0,0,0,0,0,0,0,,,,,,,,0,0,0,0,0,0,1,,parkebl01
961,Blake Parker,34,PHI,NL,0.0,22,1,1,0,0,0,0,0,0,0,0,0,1,.000,.000,.000,.000,-100,.000,-142,0,0,0,0,0,0,1,,parkebl01
962,Pedro Payano,24,TEX,AL,0.0,1,1,1,0,0,0,0,0,0,0,0,0,1,.000,.000,.000,.000,-100,.000,-131,0,0,0,0,0,0,/1,,payanpe01
963,Yusmeiro Petit,34,OAK,AL,0.0,6,1,1,0,0,0,0,0,0,0,0,0,0,.000,.000,.000,.000,-100,.000,-115,0,1,0,0,0,0,1,,petityu01
964,Zach Plesac,24,CLE,AL,0.0,1,1,0,0,0,0,0,0,0,0,0,0,0,,,,,,,,0,0,0,1,0,0,1,,plesaza01
965,Austin Pruitt,29,TBR,AL,0.0,1,1,1,0,0,0,0,0,0,0,0,0,1,.000,.000,.000,.000,-100,.000,-123,0,0,0,0,0,0,1,,pruitau01
966,José Quijada*,23,MIA,NL,0.0,31,1,1,0,0,0,0,0,0,0,0,0,1,.000,.000,.000,.000,-100,.000,-133,0,0,0,0,0,0,1,,quijajo01
967,Tanner Rainey,26,WSN,NL,0.0,47,1,1,0,0,0,0,0,0,0,0,0,1,.000,.000,.000,.000,-100,.000,-142,0,0,0,0,0,0,1,,raineta01
968,Nick Ramirez*,29,DET,AL,0.0,3,1,1,0,0,0,0,0,0,0,0,0,1,.000,.000,.000,.000,-100,.000,-123,0,0,0,0,0,0,1,,ramirni01
969,Cody Reed*,26,CIN,NL,0.0,3,1,1,0,0,0,0,0,0,0,0,0,1,.000,.000,.000,.000,-100,.000,-150,0,0,0,0,0,0,/1,,reedco01
970,Sean Reid-Foley,23,TOR,AL,0.0,1,1,1,0,0,0,0,0,0,0,0,0,1,.000,.000,.000,.000,-100,.000,-123,0,0,0,0,0,0,/1,,reidfse01
971,Gerardo Reyes,26,SDP,NL,0.0,27,1,1,0,0,0,0,0,0,0,0,0,1,.000,.000,.000,.000,-100,.000,-133,0,0,0,0,0,0,1,,reyesge01
972,Randy Rosario*,25,CHC,NL,0.0,11,1,1,0,0,0,0,0,0,0,0,0,0,.000,.000,.000,.000,-100,.000,-142,0,0,0,0,0,0,1,,rosarra01
973,Paul Sewald,29,NYM,NL,0.0,17,1,1,0,0,0,0,0,0,0,0,0,0,.000,.000,.000,.000,-100,.000,-133,0,0,0,0,0,0,1,,sewalpa01
974,Chasen Shreve*,28,STL,NL,0.1,3,1,0,0,0,0,0,0,0,0,0,1,0,,1.000,,,,.693,358,0,0,0,0,0,0,/1,,shrevch01
975,Burch Smith,29,2TM,NL,0.0,16,1,1,0,0,0,0,0,0,0,0,0,1,.000,.000,.000,.000,-100,.000,-142,0,0,0,0,0,0,1,,smithbu03
975,Burch Smith,29,MIL,NL,0.0,7,1,1,0,0,0,0,0,0,0,0,0,1,.000,.000,.000,.000,-100,.000,-142,0,0,0,0,0,0,/1,,smithbu03
975,Burch Smith,29,SFG,NL,0.0,9,0,0,0,0,0,0,0,0,0,0,0,0,,,,,,,,0,0,0,0,0,0,1,,smithbu03
976,Craig Stammen,35,SDP,NL,0.0,72,1,1,0,0,0,0,0,0,0,0,0,1,.000,.000,.000,.000,-100,.000,-133,0,0,0,0,0,0,1,,stammcr01
977,Robert Stephenson,26,CIN,NL,0.0,54,1,1,0,0,0,0,0,0,0,0,0,1,.000,.000,.000,.000,-100,.000,-150,0,0,0,0,0,0,1,,stephro01
978,Wander Suero,27,WSN,NL,0.0,75,1,1,0,0,0,0,0,0,0,0,0,1,.000,.000,.000,.000,-100,.000,-142,0,0,0,0,0,0,1,,suerowa01
979,Masahiro Tanaka,30,NYY,AL,0.0,1,1,1,0,0,0,0,0,0,0,0,0,0,.000,.000,.000,.000,-100,.000,-123,0,0,0,0,0,0,1,AS,tanakma01
980,Duane Underwood Jr.,24,CHC,NL,0.0,12,1,1,0,0,0,0,0,0,0,0,0,1,.000,.000,.000,.000,-100,.000,-142,0,0,0,0,0,0,1,,underdu01
981,Hector Velázquez,30,BOS,AL,0.0,3,1,1,0,0,0,0,0,0,0,0,0,1,.000,.000,.000,.000,-100,.000,-131,0,0,0,0,0,0,1,,velazhe01
982,Marcus Walden,30,BOS,AL,0.0,5,1,1,0,0,0,0,0,0,0,0,0,1,.000,.000,.000,.000,-100,.000,-131,0,0,0,0,0,0,1,,waldema01
983,Jeremy Walker,24,ATL,NL,0.0,6,1,1,0,0,0,0,0,0,0,0,0,0,.000,.000,.000,.000,-100,.000,-150,0,0,0,0,0,0,/1,,walkeje02
984,Jacob Webb,25,ATL,NL,0.0,35,1,1,0,0,0,0,0,0,0,0,0,1,.000,.000,.000,.000,-100,.000,-150,0,0,0,0,0,0,1,,webbja01
985,Devin Williams,24,MIL,NL,0.0,13,1,1,0,0,0,0,0,0,0,0,0,1,.000,.000,.000,.000,-100,.000,-142,0,0,0,0,0,0,1,,willide03
986,Taylor Williams#,27,MIL,NL,0.0,12,1,1,0,0,0,0,0,0,0,0,0,1,.000,.000,.000,.000,-100,.000,-142,0,0,0,0,0,0,1/H,,willita01
987,Dan Winkler,29,ATL,NL,0.0,26,1,0,0,0,0,0,0,0,0,0,0,0,,,,,,,,0,0,0,1,0,0,1,,winklda01
988,Matt Wisler,26,2TM,2LG,0.0,19,1,1,0,0,0,0,0,0,0,0,0,0,.000,.000,.000,.000,-100,.000,-133,0,0,0,0,0,0,1,,wislema01
988,Matt Wisler,26,SDP,NL,0.0,18,1,1,0,0,0,0,0,0,0,0,0,0,.000,.000,.000,.000,-100,.000,-133,0,0,0,0,0,0,1,,wislema01
988,Matt Wisler,26,SEA,AL,0.0,1,0,0,0,0,0,0,0,0,0,0,0,0,,,,,,,,0,0,0,0,0,0,1,,wislema01
989,Asher Wojciechowski,30,BAL,AL,0.0,1,1,1,0,0,0,0,0,0,0,0,0,1,.000,.000,.000,.000,-100,.000,-123,0,0,0,0,0,0,1,,wojcias01
990,T.J. Zeuch,23,TOR,AL,0.0,1,1,1,0,0,0,0,0,0,0,0,0,1,.000,.000,.000,.000,-100,.000,-123,0,0,0,0,0,0,/1,,zeuchtj01
991,Fernando Abad*,33,SFG,NL,0.0,18,0,0,0,0,0,0,0,0,0,0,0,0,,,,,,,,0,0,0,0,0,0,1,,abadfe01
992,Jason Adam,27,TOR,AL,0.0,3,0,0,0,0,0,0,0,0,0,0,0,0,,,,,,,,0,0,0,0,0,0,1,,adamja01
993,Austin Adams,32,DET,AL,0.0,1,0,0,0,0,0,0,0,0,0,0,0,0,,,,,,,,0,0,0,0,0,0,1,,adamsau01
994,Matt Albers*,36,MIL,NL,0.0,63,0,0,0,0,0,0,0,0,0,0,0,0,,,,,,,,0,0,0,0,0,0,1,,alberma01
995,Victor Alcántara,26,DET,AL,0.0,7,0,0,0,0,0,0,0,0,0,0,0,0,,,,,,,,0,0,0,0,0,0,1,,alcanvi01
996,Scott Alexander*,29,LAD,NL,0.0,27,0,0,0,0,0,0,0,0,0,0,0,0,,,,,,,,0,0,0,0,0,0,1,,alexasc02
997,Dan Altavilla,26,SEA,AL,0.0,2,0,0,0,0,0,0,0,0,0,0,0,0,,,,,,,,0,0,0,0,0,0,1,,altavda01
998,José Alvarado*,24,TBR,AL,0.0,4,0,0,0,0,0,0,0,0,0,0,0,0,,,,,,,,0,0,0,0,0,0,1,,alvarjo03
999,José Álvarez*,30,PHI,NL,0.0,62,0,0,0,0,0,0,0,0,0,0,0,0,,,,,,,,0,0,0,0,0,0,1,,alvarjo02
1000,Justin Anderson*,26,LAA,AL,0.0,5,0,0,0,0,0,0,0,0,0,0,0,0,,,,,,,,0,0,0,0,0,0,1,,anderju01
1001,Nick Anderson,28,2TM,2LG,0.0,44,0,0,0,0,0,0,0,0,0,0,0,0,,,,,,,,0,0,0,0,0,0,1,,anderni01
1001,Nick Anderson,28,MIA,NL,0.0,41,0,0,0,0,0,0,0,0,0,0,0,0,,,,,,,,0,0,0,0,0,0,1,,anderni01
1001,Nick Anderson,28,TBR,AL,0.0,3,0,0,0,0,0,0,0,0,0,0,0,0,,,,,,,,0,0,0,0,0,0,1,,anderni01
1002,Víctor Arano,24,PHI,NL,0.0,3,0,0,0,0,0,0,0,0,0,0,0,0,,,,,,,,0,0,0,0,0,0,/1,,aranovi01
1003,Shawn Armstrong,28,BAL,AL,0.0,4,0,0,0,0,0,0,0,0,0,0,0,0,,,,,,,,0,0,0,0,0,0,1,,armstsh01
1004,Luis Avilán*,29,NYM,NL,0.0,43,0,0,0,0,0,0,0,0,0,0,0,0,,,,,,,,0,0,0,0,0,0,1,,avilalu01
1005,Michel Báez,23,SDP,NL,0.0,23,0,0,0,0,0,0,0,0,0,0,0,0,,,,,,,,0,0,0,0,0,0,1,,baezmi01
1006,Pedro Báez,31,LAD,NL,0.0,66,0,0,0,0,0,0,0,0,0,0,0,0,,,,,,,,0,0,0,0,0,0,1,,baezpe01
1007,Manny Bañuelos,28,CHW,AL,0.0,1,0,0,0,0,0,0,0,0,0,0,0,0,,,,,,,,0,0,0,0,0,0,1,,banuema01
1008,Luke Bard,28,LAA,AL,0.0,2,0,0,0,0,0,0,0,0,0,0,0,0,,,,,,,,0,0,0,0,0,0,1,,bardlu01
1009,Scott Barlow,26,KCR,AL,0.0,3,0,0,0,0,0,0,0,0,0,0,0,0,,,,,,,,0,0,0,0,0,0,1,,barlosc01
1010,Jacob Barnes,29,2TM,2LG,0.0,17,0,0,0,0,0,0,0,0,0,0,0,0,,,,,,,,0,0,0,0,0,0,1,,barneja01
1010,Jacob Barnes,29,MIL,NL,0.0,16,0,0,0,0,0,0,0,0,0,0,0,0,,,,,,,,0,0,0,0,0,0,1,,barneja01
1010,Jacob Barnes,29,KCR,AL,0.0,1,0,0,0,0,0,0,0,0,0,0,0,0,,,,,,,,0,0,0,0,0,0,1,,barneja01
1011,Tony Barnette,35,CHC,NL,0.0,2,0,0,0,0,0,0,0,0,0,0,0,0,,,,,,,,0,0,0,0,0,0,/1,,barneto01
1012,Kyle Barraclough,29,2TM,NL,0.0,41,0,0,0,0,0,0,0,0,0,0,0,0,,,,,,,,0,0,0,0,0,0,1,,barraky01
1012,Kyle Barraclough,29,WSN,NL,0.0,32,0,0,0,0,0,0,0,0,0,0,0,0,,,,,,,,0,0,0,0,0,0,1,,barraky01
1012,Kyle Barraclough,29,SFG,NL,0.0,9,0,0,0,0,0,0,0,0,0,0,0,0,,,,,,,,0,0,0,0,0,0,1,,barraky01
1013,Aaron Barrett,31,WSN,NL,0.0,2,0,0,0,0,0,0,0,0,0,0,0,0,,,,,,,,0,0,0,0,0,0,/1,,barreaa01
1014,Tyler Bashlor,26,NYM,NL,0.0,24,0,0,0,0,0,0,0,0,0,0,0,0,,,,,,,,0,0,0,0,0,0,1,,bashlty01
1015,Anthony Bass,31,SEA,AL,0.0,3,0,0,0,0,0,0,0,0,0,0,0,0,,,,,,,,0,0,0,0,0,0,1,,bassan01
1016,David Bednar*,24,SDP,NL,0.0,13,0,0,0,0,0,0,0,0,0,0,0,0,,,,,,,,0,0,0,0,0,0,1,,bednada01
1017,Cam Bedrosian,27,LAA,AL,0.0,6,0,0,0,0,0,0,0,0,0,0,0,0,,,,,,,,0,0,0,0,0,0,1,,bedroca01
1018,Travis Bergen*,25,SFG,NL,0.0,21,0,0,0,0,0,0,0,0,0,0,0,0,,,,,,,,0,0,0,0,0,0,1,,bergetr01
1019,Joe Biagini,29,2TM,AL,0.0,3,0,0,0,0,0,0,0,0,0,0,0,0,,,,,,,,0,0,0,0,0,0,1,,biagijo01
1019,Joe Biagini,29,TOR,AL,0.0,2,0,0,0,0,0,0,0,0,0,0,0,0,,,,,,,,0,0,0,0,0,0,1,,biagijo01
1019,Joe Biagini,29,HOU,AL,0.0,1,0,0,0,0,0,0,0,0,0,0,0,0,,,,,,,,0,0,0,0,0,0,1,,biagijo01
1020,Jesse Biddle*,27,ATL,NL,0.0,13,0,0,0,0,0,0,0,0,0,0,0,0,,,,,,,,0,0,0,0,0,0,1,,biddlje01
1021,Kyle Bird*,26,TEX,AL,0.0,1,0,0,0,0,0,0,0,0,0,0,0,0,,,,,,,,0,0,0,0,0,0,1,,birdky01
1022,Ray Black,29,2TM,NL,0.0,17,0,0,0,0,0,0,0,0,0,0,0,0,,,,,,,,0,0,0,0,0,0,1,,blackra01
1022,Ray Black,29,SFG,NL,0.0,2,0,0,0,0,0,0,0,0,0,0,0,0,,,,,,,,0,0,0,0,0,0,/1,,blackra01
1022,Ray Black,29,MIL,NL,0.0,15,0,0,0,0,0,0,0,0,0,0,0,0,,,,,,,,0,0,0,0,0,0,1,,blackra01
1023,Michael Blazek,30,WSN,NL,0.0,4,0,0,0,0,0,0,0,0,0,0,0,0,,,,,,,,0,0,0,0,0,0,/1,,blazemi01
1024,Richard Bleier*,32,BAL,AL,0.0,6,0,0,0,0,0,0,0,0,0,0,0,0,,,,,,,,0,0,0,0,0,0,1,,bleieri01
1025,Jerry Blevins*,35,ATL,NL,0.0,43,0,0,0,0,0,0,0,0,0,0,0,0,,,,,,,,0,0,0,0,0,0,1,,blevije01
1026,Buddy Boshers*,31,TOR,AL,0.0,3,0,0,0,0,0,0,0,0,0,0,0,0,,,,,,,,0,0,0,0,0,0,1,,boshebu01
1027,James Bourque,25,WSN,NL,0.0,1,0,0,0,0,0,0,0,0,0,0,0,0,,,,,,,,0,0,0,0,0,0,/1,,bourqja01
1028,Brad Boxberger,31,KCR,AL,0.0,2,0,0,0,0,0,0,0,0,0,0,0,0,,,,,,,,0,0,0,0,0,0,1,,boxbebr01
1029,Chasen Bradford,29,SEA,AL,0.0,1,0,0,0,0,0,0,0,0,0,0,0,0,,,,,,,,0,0,0,0,0,0,1,,bradfch02
1030,Ryan Brasier,31,BOS,AL,0.0,5,0,0,0,0,0,0,0,0,0,0,0,0,,,,,,,,0,0,0,0,0,0,1,,brasiry01
1031,Brandon Brennan,27,SEA,AL,0.0,3,0,0,0,0,0,0,0,0,0,0,0,0,,,,,,,,0,0,0,0,0,0,1,,brennbr01
1032,Colten Brewer,26,BOS,AL,0.0,1,0,0,0,0,0,0,0,0,0,0,0,0,,,,,,,,0,0,0,0,0,0,1,,breweco01
1033,Austin Brice,27,MIA,NL,0.0,34,0,0,0,0,0,0,0,0,0,0,0,0,,,,,,,,0,0,0,0,0,0,1,,briceau01
1034,Zack Britton*,31,NYY,AL,0.0,5,0,0,0,0,0,0,0,0,0,0,0,0,,,,,,,,0,0,0,0,0,0,1,,brittza01
1035,Ryan Buchter*,32,OAK,AL,0.0,4,0,0,0,0,0,0,0,0,0,0,0,0,,,,,,,,0,0,0,0,0,0,1,,buchtry01
1036,Aaron Bummer*,25,CHW,AL,0.0,7,0,0,0,0,0,0,0,0,0,0,0,0,,,,,,,,0,0,0,0,0,0,1,,bummeaa01
1037,Nick Burdi,26,PIT,NL,0.0,10,0,0,0,0,0,0,0,0,0,0,0,0,,,,,,,,0,0,0,0,0,0,1,,burdini01
1038,Ty Buttrey*,26,LAA,AL,0.0,4,0,0,0,0,0,0,0,0,0,0,0,0,,,,,,,,0,0,0,0,0,0,1,,buttrty01
1039,Carlos Carrasco,32,CLE,AL,0.0,1,0,0,0,0,0,0,0,0,0,0,0,0,,,,,,,,0,0,0,0,0,0,1,,carraca01
1040,José Castillo*,23,SDP,NL,0.0,1,0,0,0,0,0,0,0,0,0,0,0,0,,,,,,,,0,0,0,0,0,0,/1,,castijo03
1041,Miguel Castro,24,BAL,AL,0.0,5,0,0,0,0,0,0,0,0,0,0,0,0,,,,,,,,0,0,0,0,0,0,1,,castrmi01
1042,Xavier Cedeño*,32,CHC,NL,0.0,5,0,0,0,0,0,0,0,0,0,0,0,0,,,,,,,,0,0,0,0,0,0,/1,,cedenxa01
1043,Andrew Chafin,29,ARI,NL,0.0,71,0,0,0,0,0,0,0,0,0,0,0,0,,,,,,,,0,0,0,0,0,0,1,,chafian01
1044,Aroldis Chapman*,31,NYY,AL,0.0,3,0,0,0,0,0,0,0,0,0,0,0,0,,,,,,,,0,0,0,0,0,0,1,AS,chapmar01
1045,Adam Cimber,28,CLE,AL,0.0,5,0,0,0,0,0,0,0,0,0,0,0,0,,,,,,,,0,0,0,0,0,0,1,,cimbead01
1046,Emmanuel Clase,21,TEX,AL,0.0,1,0,0,0,0,0,0,0,0,0,0,0,0,,,,,,,,0,0,0,0,0,0,1,,claseem01
1047,Álex Claudio*,27,MIL,NL,0.0,78,0,0,0,0,0,0,0,0,0,0,0,0,,,,,,,,0,0,0,0,0,0,1,,claudal01
1048,Tyler Clippard,34,CLE,AL,0.0,2,0,0,0,0,0,0,0,0,0,0,0,0,,,,,,,,0,0,0,0,0,0,1,,clippty01
1049,Taylor Cole,29,LAA,AL,0.0,3,0,0,0,0,0,0,0,0,0,0,0,0,,,,,,,,0,0,0,0,0,0,1,,coleta01
1050,Tim Collins*,29,CHC,NL,0.0,9,0,0,0,0,0,0,0,0,0,0,0,0,,,,,,,,0,0,0,0,0,0,/1,,colliti01
1051,Alex Colomé,30,CHW,AL,0.0,5,0,0,0,0,0,0,0,0,0,0,0,0,,,,,,,,0,0,0,0,0,0,1,,colomal01
1052,Sam Coonrod,26,SFG,NL,0.0,28,0,0,0,0,0,0,0,0,0,0,0,0,,,,,,,,0,0,0,0,0,0,1,,coonrsa01
1053,Nestor Cortes,24,NYY,AL,0.0,2,0,0,0,0,0,0,0,0,0,0,0,0,,,,,,,,0,0,0,0,0,0,1,,cortene01
1054,Stefan Crichton,27,ARI,NL,0.0,28,0,0,0,0,0,0,0,0,0,0,0,0,,,,,,,,0,0,0,0,0,0,1,,crichst01
1055,Kyle Crick*,26,PIT,NL,0.0,48,0,0,0,0,0,0,0,0,0,0,0,0,,,,,,,,0,0,0,0,0,0,1,,crickky01
1056,Austin Davis*,26,PHI,NL,0.0,13,0,0,0,0,0,0,0,0,0,0,0,0,,,,,,,,0,0,0,0,0,0,1,,davisau01
1057,Wade Davis,33,COL,NL,0.0,47,0,0,0,0,0,0,0,0,0,0,0,0,,,,,,,,0,0,0,0,0,0,1,,daviswa01
1058,Grant Dayton*,31,ATL,NL,0.0,13,0,0,0,0,0,0,0,0,0,0,0,0,,,,,,,,0,0,0,0,0,0,1,,daytogr01
1059,Chase De Jong*,25,MIN,AL,0.0,1,0,0,0,0,0,0,0,0,0,0,0,0,,,,,,,,0,0,0,0,0,0,/1,,dejonch01
1060,José De León,26,TBR,AL,0.0,1,0,0,0,0,0,0,0,0,0,0,0,0,,,,,,,,0,0,0,0,0,0,/1,,deleojo03
1061,Chris Devenski,28,HOU,AL,0.0,7,0,0,0,0,0,0,0,0,0,0,0,0,,,,,,,,0,0,0,0,0,0,1,,devench02
1062,Edwin Díaz,25,NYM,NL,0.0,61,0,0,0,0,0,0,0,0,0,0,0,0,,,,,,,,0,0,0,0,0,0,1,,diazed04
1063,Jairo Díaz,28,COL,NL,0.0,54,0,0,0,0,0,0,0,0,0,0,0,0,,,,,,,,0,0,0,0,0,0,1,,diazja01
1064,Phillip Diehl*,24,COL,NL,0.0,10,0,0,0,0,0,0,0,0,0,0,0,0,,,,,,,,0,0,0,0,0,0,1,,diehlph01
1065,Jake Diekman,32,2TM,AL,0.0,5,0,0,0,0,0,0,0,0,0,0,0,0,,,,,,,,0,0,0,0,0,0,1,,diekmja01
1065,Jake Diekman,32,KCR,AL,0.0,4,0,0,0,0,0,0,0,0,0,0,0,0,,,,,,,,0,0,0,0,0,0,1,,diekmja01
1065,Jake Diekman,32,OAK,AL,0.0,1,0,0,0,0,0,0,0,0,0,0,0,0,,,,,,,,0,0,0,0,0,0,1,,diekmja01
1066,Kyle Dowdy,26,TEX,AL,0.0,1,0,0,0,0,0,0,0,0,0,0,0,0,,,,,,,,0,0,0,0,0,0,1,,dowdyky01
1067,Tyler Duffey,28,MIN,AL,0.0,3,0,0,0,0,0,0,0,0,0,0,0,0,,,,,,,,0,0,0,0,0,0,1,,duffety01
1068,Zach Duke*,36,CIN,NL,0.0,29,0,0,0,0,0,0,0,0,0,0,0,0,,,,,,,,0,0,0,0,0,0,1,,dukeza01
1069,Mike Dunn*,34,COL,NL,0.0,25,0,0,0,0,0,0,0,0,0,0,0,0,,,,,,,,0,0,0,0,0,0,1,,dunnmi01
1070,Sam Dyson,31,2TM,2LG,0.0,50,0,0,0,0,0,0,0,0,0,0,0,0,,,,,,,,0,0,0,0,0,0,1,,dysonsa01
1070,Sam Dyson,31,SFG,NL,0.0,47,0,0,0,0,0,0,0,0,0,0,0,0,,,,,,,,0,0,0,0,0,0,1,,dysonsa01
1070,Sam Dyson,31,MIN,AL,0.0,3,0,0,0,0,0,0,0,0,0,0,0,0,,,,,,,,0,0,0,0,0,0,1,,dysonsa01
1071,Carl Edwards Jr.,27,2TM,NL,0.0,20,0,0,0,0,0,0,0,0,0,0,0,0,,,,,,,,0,0,0,0,0,0,1,,edwarca01
1071,Carl Edwards Jr.,27,CHC,NL,0.0,18,0,0,0,0,0,0,0,0,0,0,0,0,,,,,,,,0,0,0,0,0,0,1,,edwarca01
1071,Carl Edwards Jr.,27,SDP,NL,0.0,2,0,0,0,0,0,0,0,0,0,0,0,0,,,,,,,,0,0,0,0,0,0,/1,,edwarca01
1072,Carlos Estévez,26,COL,NL,0.0,67,0,0,0,0,0,0,0,0,0,0,0,0,,,,,,,,0,0,0,0,0,0,1,,estevca01
1073,Pete Fairbanks,25,2TM,AL,0.0,3,0,0,0,0,0,0,0,0,0,0,0,0,,,,,,,,0,0,0,0,0,0,1,,fairbpe01
1073,Pete Fairbanks,25,TEX,AL,0.0,1,0,0,0,0,0,0,0,0,0,0,0,0,,,,,,,,0,0,0,0,0,0,/1,,fairbpe01
1073,Pete Fairbanks,25,TBR,AL,0.0,2,0,0,0,0,0,0,0,0,0,0,0,0,,,,,,,,0,0,0,0,0,0,1,,fairbpe01
1074,Jeurys Familia,29,NYM,NL,0.0,61,0,0,0,0,0,0,0,0,0,0,0,0,,,,,,,,0,0,0,0,0,0,1,,familje01
1075,Jake Faria,25,MIL,NL,0.0,9,0,0,0,0,0,0,0,0,0,0,0,0,,,,,,,,0,0,0,0,0,0,/1,,fariaja01
1076,Buck Farmer*,28,DET,AL,0.0,5,0,0,0,0,0,0,0,0,0,0,0,0,,,,,,,,0,0,0,0,0,0,1,,farmebu01
1077,Michael Feliz,26,PIT,NL,0.0,54,0,0,0,0,0,0,0,0,0,0,0,0,,,,,,,,0,0,0,0,0,0,1,,felizmi01
1078,Junior Fernández,22,STL,NL,0.0,12,0,0,0,0,0,0,0,0,0,0,0,0,,,,,,,,0,0,0,0,0,0,1,,fernaju01
1079,Matt Festa,26,SEA,AL,0.0,2,0,0,0,0,0,0,0,0,0,0,0,0,,,,,,,,0,0,0,0,0,0,1,,festama01
1080,Heath Fillmyer,25,KCR,AL,0.0,1,0,0,0,0,0,0,0,0,0,0,0,0,,,,,,,,0,0,0,0,0,0,1,,fillmhe01
1081,Brian Flynn*,29,KCR,AL,0.0,1,0,0,0,0,0,0,0,0,0,0,0,0,,,,,,,,0,0,0,0,0,0,1,,flynnbr01
1082,Enderson Franco,26,SFG,NL,0.0,4,0,0,0,0,0,0,0,0,0,0,0,0,,,,,,,,0,0,0,0,0,0,/1,,francen01
1083,Jace Fry*,25,CHW,AL,0.0,7,0,0,0,0,0,0,0,0,0,0,0,0,,,,,,,,0,0,0,0,0,0,1,,fryja01
1084,Paul Fry*,26,BAL,AL,0.0,2,0,0,0,0,0,0,0,0,0,0,0,0,,,,,,,,0,0,0,0,0,0,1,,frypa01
1085,Edgar García,22,PHI,NL,0.0,35,0,0,0,0,0,0,0,0,0,0,0,0,,,,,,,,0,0,0,0,0,0,1,,garcied01
1086,Luis García,32,LAA,AL,0.0,5,0,0,0,0,0,0,0,0,0,0,0,0,,,,,,,,0,0,0,0,0,0,1,,garcilu03
1087,Amir Garrett,27,CIN,NL,0.0,64,0,0,0,0,0,0,0,0,0,0,0,0,,,,,,,,0,0,0,0,0,0,1,,garream01
1088,Sam Gaviglio,29,TOR,AL,0.0,2,0,0,0,0,0,0,0,0,0,0,0,0,,,,,,,,0,0,0,0,0,0,1,,gavigsa01
1089,Cory Gearrin,33,2TM,AL,0.0,3,0,0,0,0,0,0,0,0,0,0,0,0,,,,,,,,0,0,0,0,0,0,1,,gearrco01
1089,Cory Gearrin,33,SEA,AL,0.0,2,0,0,0,0,0,0,0,0,0,0,0,0,,,,,,,,0,0,0,0,0,0,1,,gearrco01
1089,Cory Gearrin,33,NYY,AL,0.0,1,0,0,0,0,0,0,0,0,0,0,0,0,,,,,,,,0,0,0,0,0,0,1,,gearrco01
1090,Ken Giles,28,TOR,AL,0.0,4,0,0,0,0,0,0,0,0,0,0,0,0,,,,,,,,0,0,0,0,0,0,1,,gileske01
1091,Kevin Ginkel*,25,ARI,NL,0.0,25,0,0,0,0,0,0,0,0,0,0,0,0,,,,,,,,0,0,0,0,0,0,1,,ginkeke01
1092,Mychal Givens,29,BAL,AL,0.0,3,0,0,0,0,0,0,0,0,0,0,0,0,,,,,,,,0,0,0,0,0,0,1,,givenmy01
1093,Nick Goody,27,CLE,AL,0.0,3,0,0,0,0,0,0,0,0,0,0,0,0,,,,,,,,0,0,0,0,0,0,1,,goodyni01
1094,Shane Greene,30,2TM,2LG,0.0,27,0,0,0,0,0,0,0,0,0,0,0,0,,,,,,,,0,0,0,0,0,0,1,AS,greensh02
1094,Shane Greene,30,DET,AL,0.0,3,0,0,0,0,0,0,0,0,0,0,0,0,,,,,,,,0,0,0,0,0,0,1,,greensh02
1094,Shane Greene,30,ATL,NL,0.0,24,0,0,0,0,0,0,0,0,0,0,0,0,,,,,,,,0,0,0,0,0,0,1,,greensh02
1095,Luke Gregerson*,35,STL,NL,0.0,6,0,0,0,0,0,0,0,0,0,0,0,0,,,,,,,,0,0,0,0,0,0,/1,,gregelu01
1096,Zac Grotz,26,SEA,AL,0.0,2,0,0,0,0,0,0,0,0,0,0,0,0,,,,,,,,0,0,0,0,0,0,1,,grotzza01
1097,Deolis Guerra,30,MIL,NL,0.0,1,0,0,0,0,0,0,0,0,0,0,0,0,,,,,,,,0,0,0,0,0,0,/1,,guerrde01
1098,Javy Guerra*,23,SDP,NL,0.0,8,0,0,0,0,0,0,0,0,0,0,0,0,,,,,,,,0,0,0,0,0,0,/1,,guerrja02
1099,Tayron Guerrero,28,MIA,NL,0.0,48,0,0,0,0,0,0,0,0,0,0,0,0,,,,,,,,0,0,0,0,0,0,1,,guerrta01
1100,Taylor Guerrieri,26,TEX,AL,0.0,1,0,0,0,0,0,0,0,0,0,0,0,0,,,,,,,,0,0,0,0,0,0,1,,guerrta02
1101,Taylor Guilbeau*,26,SEA,AL,0.0,2,0,0,0,0,0,0,0,0,0,0,0,0,,,,,,,,0,0,0,0,0,0,1,,guilbta01
1102,Jesse Hahn,29,KCR,AL,0.0,1,0,0,0,0,0,0,0,0,0,0,0,0,,,,,,,,0,0,0,0,0,0,/1,,hahnje01
1103,Brad Hand*,29,CLE,AL,0.0,2,0,0,0,0,0,0,0,0,0,0,0,0,,,,,,,,0,0,0,0,0,0,1,AS,handbr01
1104,Blaine Hardy*,32,DET,AL,0.0,3,0,0,0,0,0,0,0,0,0,0,0,0,,,,,,,,0,0,0,0,0,0,1,,hardybl01
1105,Ryne Harper,30,MIN,AL,0.0,5,0,0,0,0,0,0,0,0,0,0,0,0,,,,,,,,0,0,0,0,0,0,1,,harpery01
1106,Will Harris,34,HOU,AL,0.0,5,0,0,0,0,0,0,0,0,0,0,0,0,,,,,,,,0,0,0,0,0,0,1,,harriwi10
1107,Geoff Hartlieb,25,PIT,NL,0.0,27,0,0,0,0,0,0,0,0,0,0,0,0,,,,,,,,0,0,0,0,0,0,1,,hartlge01
1108,Hunter Harvey,24,BAL,AL,0.0,1,0,0,0,0,0,0,0,0,0,0,0,0,,,,,,,,0,0,0,0,0,0,/1,,harvehu01
1109,Joe Harvey,27,2TM,2LG,0.0,10,0,0,0,0,0,0,0,0,0,0,0,0,,,,,,,,0,0,0,0,0,0,1,,harvejo01
1109,Joe Harvey,27,NYY,AL,0.0,1,0,0,0,0,0,0,0,0,0,0,0,0,,,,,,,,0,0,0,0,0,0,/1,,harvejo01
1109,Joe Harvey,27,COL,NL,0.0,9,0,0,0,0,0,0,0,0,0,0,0,0,,,,,,,,0,0,0,0,0,0,/1,,harvejo01
1110,Liam Hendriks,30,OAK,AL,0.0,5,0,0,0,0,0,0,0,0,0,0,0,0,,,,,,,,0,0,0,0,0,0,1,AS,hendrli01
1111,Jimmy Herget,25,CIN,NL,0.0,5,0,0,0,0,0,0,0,0,0,0,0,0,,,,,,,,0,0,0,0,0,0,/1,,hergeji01
1112,Darwinzon Hernández*,22,BOS,AL,0.0,2,0,0,0,0,0,0,0,0,0,0,0,0,,,,,,,,0,0,0,0,0,0,1,,hernada02
1113,David Hernández,34,CIN,NL,0.0,44,0,0,0,0,0,0,0,0,0,0,0,0,,,,,,,,0,0,0,0,0,0,1,,hernada01
1114,Kelvin Herrera,29,CHW,AL,0.0,3,0,0,0,0,0,0,0,0,0,0,0,0,,,,,,,,0,0,0,0,0,0,1,,herreke01
1115,Jordan Hicks,22,STL,NL,0.0,28,0,0,0,0,0,0,0,0,0,0,0,0,,,,,,,,0,0,0,0,0,0,1,,hicksjo03
1116,Trevor Hildenberger,28,MIN,AL,0.0,4,0,0,0,0,0,0,0,0,0,0,0,0,,,,,,,,0,0,0,0,0,0,1,,hildetr01
1117,Tim Hill,29,KCR,AL,0.0,3,0,0,0,0,0,0,0,0,0,0,0,0,,,,,,,,0,0,0,0,0,0,1,,hillti01
1118,Yoshihisa Hirano,35,ARI,NL,0.0,56,0,0,0,0,0,0,0,0,0,0,0,0,,,,,,,,0,0,0,0,0,0,1,,hiranyo01
1119,Jonathan Holder,26,NYY,AL,0.0,2,0,0,0,0,0,0,0,0,0,0,0,0,,,,,,,,0,0,0,0,0,0,1,,holdejo02
1120,Greg Holland,33,ARI,NL,0.0,39,0,0,0,0,0,0,0,0,0,0,0,0,,,,,,,,0,0,0,0,0,0,1,,hollagr01
1121,James Hoyt,32,CLE,AL,0.0,1,0,0,0,0,0,0,0,0,0,0,0,0,,,,,,,,0,0,0,0,0,0,/1,,hoytja01
1122,Daniel Hudson,32,2TM,2LG,0.0,25,0,0,0,0,0,0,0,0,0,0,0,0,,,,,,,,0,0,0,0,0,0,1,,hudsoda01
1122,Daniel Hudson,32,TOR,AL,0.0,2,0,0,0,0,0,0,0,0,0,0,0,0,,,,,,,,0,0,0,0,0,0,1,,hudsoda01
1122,Daniel Hudson,32,WSN,NL,0.0,23,0,0,0,0,0,0,0,0,0,0,0,0,,,,,,,,0,0,0,0,0,0,1,,hudsoda01
1123,Danny Hultzen*,29,CHC,NL,0.0,6,0,0,0,0,0,0,0,0,0,0,0,0,,,,,,,,0,0,0,0,0,0,/1,,hultzda01
1124,Tommy Hunter,32,PHI,NL,0.0,5,0,0,0,0,0,0,0,0,0,0,0,0,,,,,,,,0,0,0,0,0,0,/1,,hunteto02
1125,Luke Jackson,27,ATL,NL,0.0,66,0,0,0,0,0,0,0,0,0,0,0,0,,,,,,,,0,0,0,0,0,0,1,,jackslu01
1126,Josh James,26,HOU,AL,0.0,3,0,0,0,0,0,0,0,0,0,0,0,0,,,,,,,,0,0,0,0,0,0,1,,jamesjo02
1127,Dan Jennings*,32,WSN,NL,0.0,8,0,0,0,0,0,0,0,0,0,0,0,0,,,,,,,,0,0,0,0,0,0,/1,,jennida01
1128,Williams Jerez*,27,2TM,NL,0.0,12,0,0,0,0,0,0,0,0,0,0,0,0,,,,,,,,0,0,0,0,0,0,1,,jerezwi01
1128,Williams Jerez*,27,SFG,NL,0.0,6,0,0,0,0,0,0,0,0,0,0,0,0,,,,,,,,0,0,0,0,0,0,/1,,jerezwi01
1128,Williams Jerez*,27,PIT,NL,0.0,6,0,0,0,0,0,0,0,0,0,0,0,0,,,,,,,,0,0,0,0,0,0,/1,,jerezwi01
1129,Jake Jewell,26,LAA,AL,0.0,4,0,0,0,0,0,0,0,0,0,0,0,0,,,,,,,,0,0,0,0,0,0,1,,jewelja01
1130,Joe Jiménez,24,DET,AL,0.0,5,0,0,0,0,0,0,0,0,0,0,0,0,,,,,,,,0,0,0,0,0,0,1,,jimenjo02
1131,DJ Johnson*,29,COL,NL,0.0,27,0,0,0,0,0,0,0,0,0,0,0,0,,,,,,,,0,0,0,0,0,0,1,,johnsdj01
1132,Tommy Kahnle,29,NYY,AL,0.0,6,0,0,0,0,0,0,0,0,0,0,0,0,,,,,,,,0,0,0,0,0,0,1,,kahnlto01
1133,James Karinchak,23,CLE,AL,0.0,1,0,0,0,0,0,0,0,0,0,0,0,0,,,,,,,,0,0,0,0,0,0,/1,,karinja01
1134,Keone Kela,26,PIT,NL,0.0,29,0,0,0,0,0,0,0,0,0,0,0,0,,,,,,,,0,0,0,0,0,0,1,,kelake01
1135,Kyle Keller,26,MIA,NL,0.0,9,0,0,0,0,0,0,0,0,0,0,0,0,,,,,,,,0,0,0,0,0,0,1,,kelleky01
1136,Shawn Kelley,35,TEX,AL,0.0,3,0,0,0,0,0,0,0,0,0,0,0,0,,,,,,,,0,0,0,0,0,0,1,,kellesh01
1137,Ian Kennedy,34,KCR,AL,0.0,4,0,0,0,0,0,0,0,0,0,0,0,0,,,,,,,,0,0,0,0,0,0,1,,kenneia01
1138,Craig Kimbrel,31,CHC,NL,0.0,22,0,0,0,0,0,0,0,0,0,0,0,0,,,,,,,,0,0,0,0,0,0,1,,kimbrcr01
1139,Brandon Kintzler,34,CHC,NL,0.0,58,0,0,0,0,0,0,0,0,0,0,0,0,,,,,,,,0,0,0,0,0,0,1,,kintzbr01
1140,Andrew Kittredge,29,TBR,AL,0.0,3,0,0,0,0,0,0,0,0,0,0,0,0,,,,,,,,0,0,0,0,0,0,1,,kittran01
1141,Branden Kline,27,BAL,AL,0.0,3,0,0,0,0,0,0,0,0,0,0,0,0,,,,,,,,0,0,0,0,0,0,1,,klinebr01
1142,Adam Kolarek*,30,2TM,2LG,0.0,29,0,0,0,0,0,0,0,0,0,0,0,0,,,,,,,,0,0,0,0,0,0,1/3,,kolarad01
1142,Adam Kolarek*,30,TBR,AL,0.0,4,0,0,0,0,0,0,0,0,0,0,0,0,,,,,,,,0,0,0,0,0,0,1/3,,kolarad01
1142,Adam Kolarek*,30,LAD,NL,0.0,25,0,0,0,0,0,0,0,0,0,0,0,0,,,,,,,,0,0,0,0,0,0,1/3,,kolarad01
1143,Derek Law,28,TOR,AL,0.0,4,0,0,0,0,0,0,0,0,0,0,0,0,,,,,,,,0,0,0,0,0,0,1,,lawde01
1144,José Leclerc,25,TEX,AL,0.0,5,0,0,0,0,0,0,0,0,0,0,0,0,,,,,,,,0,0,0,0,0,0,1,,leclejo01
1145,Dominic Leone,27,STL,NL,0.0,39,0,0,0,0,0,0,0,0,0,0,0,0,,,,,,,,0,0,0,0,0,0,1,,leonedo01
1146,Zack Littell,23,MIN,AL,0.0,1,0,0,0,0,0,0,0,0,0,0,0,0,,,,,,,,0,0,0,0,0,0,1,,litteza01
1147,Yoan López,26,ARI,NL,0.0,65,0,0,0,0,0,0,0,0,0,0,0,0,,,,,,,,0,0,0,0,0,0,1,,lopezyo01
1148,Aaron Loup*,31,SDP,NL,0.0,4,0,0,0,0,0,0,0,0,0,0,0,0,,,,,,,,0,0,0,0,0,0,/1,,loupaa01
1149,Richard Lovelady*,23,KCR,AL,0.0,1,0,0,0,0,0,0,0,0,0,0,0,0,,,,,,,,0,0,0,0,0,0,1,,lovelri01
1150,Josh Lucas,28,BAL,AL,0.0,1,0,0,0,0,0,0,0,0,0,0,0,0,,,,,,,,0,0,0,0,0,0,/1,,lucasjo02
1151,Matt Magill,29,SEA,AL,0.0,1,0,0,0,0,0,0,0,0,0,0,0,0,,,,,,,,0,0,0,0,0,0,1,,magilma01
1152,Dillon Maples,27,CHC,NL,0.0,12,0,0,0,0,0,0,0,0,0,0,0,0,,,,,,,,0,0,0,0,0,0,1,,mapledi01
1153,Evan Marshall,29,CHW,AL,0.0,7,0,0,0,0,0,0,0,0,0,0,0,0,,,,,,,,0,0,0,0,0,0,1,,marshev01
1154,Brett Martin*,24,TEX,AL,0.0,4,0,0,0,0,0,0,0,0,0,0,0,0,,,,,,,,0,0,0,0,0,0,1,,martibr01
1155,Chris Martin,33,2TM,2LG,0.0,20,0,0,0,0,0,0,0,0,0,0,0,0,,,,,,,,0,0,0,0,0,0,1,,martich02
1155,Chris Martin,33,TEX,AL,0.0,4,0,0,0,0,0,0,0,0,0,0,0,0,,,,,,,,0,0,0,0,0,0,1,,martich02
1155,Chris Martin,33,ATL,NL,0.0,16,0,0,0,0,0,0,0,0,0,0,0,0,,,,,,,,0,0,0,0,0,0,1,,martich02
1156,Trevor May,29,MIN,AL,0.0,5,0,0,0,0,0,0,0,0,0,0,0,0,,,,,,,,0,0,0,0,0,0,1,,maytr01
1157,Tim Mayza*,27,TOR,AL,0.0,5,0,0,0,0,0,0,0,0,0,0,0,0,,,,,,,,0,0,0,0,0,0,1,,mayzati01
1158,Kevin McCarthy,27,KCR,AL,0.0,4,0,0,0,0,0,0,0,0,0,0,0,0,,,,,,,,0,0,0,0,0,0,1,,mccarke01
1159,Reggie McClain,26,SEA,AL,0.0,2,0,0,0,0,0,0,0,0,0,0,0,0,,,,,,,,0,0,0,0,0,0,1,,mcclare01
1160,Jake McGee*,32,COL,NL,0.0,42,0,0,0,0,0,0,0,0,0,0,0,0,,,,,,,,0,0,0,0,0,0,1,,mcgeeja01
1161,Collin McHugh,32,HOU,AL,0.0,2,0,0,0,0,0,0,0,0,0,0,0,0,,,,,,,,0,0,0,0,0,0,1,,mchugco01
1162,Adalberto Mejía,26,3TM,2LG,0.0,6,0,0,0,0,0,0,0,0,0,0,0,0,,,,,,,,0,0,0,0,0,0,1,,mejiaad01
1162,Adalberto Mejía,26,2TM,AL,0.0,5,0,0,0,0,0,0,0,0,0,0,0,0,,,,,,,,0,0,0,0,0,0,1,,mejiaad01
1162,Adalberto Mejía,26,MIN,AL,0.0,3,0,0,0,0,0,0,0,0,0,0,0,0,,,,,,,,0,0,0,0,0,0,1,,mejiaad01
1162,Adalberto Mejía,26,LAA,AL,0.0,2,0,0,0,0,0,0,0,0,0,0,0,0,,,,,,,,0,0,0,0,0,0,1,,mejiaad01
1162,Adalberto Mejía,26,STL,NL,0.0,1,0,0,0,0,0,0,0,0,0,0,0,0,,,,,,,,0,0,0,0,0,0,/1,,mejiaad01
1163,Mark Melancon,34,2TM,NL,0.0,62,0,0,0,0,0,0,0,0,0,0,0,0,,,,,,,,0,0,0,0,0,0,1,,melanma01
1163,Mark Melancon,34,SFG,NL,0.0,41,0,0,0,0,0,0,0,0,0,0,0,0,,,,,,,,0,0,0,0,0,0,1,,melanma01
1163,Mark Melancon,34,ATL,NL,0.0,21,0,0,0,0,0,0,0,0,0,0,0,0,,,,,,,,0,0,0,0,0,0,1,,melanma01
1164,Andrew Miller*,34,STL,NL,0.0,67,0,0,0,0,0,0,0,0,0,0,0,0,,,,,,,,0,0,0,0,0,0,1,,millean01
1165,Justin Miller,32,WSN,NL,0.0,17,0,0,0,0,0,0,0,0,0,0,0,0,,,,,,,,0,0,0,0,0,0,1,,milleju02
1166,Juan Minaya,28,CHW,AL,0.0,2,0,0,0,0,0,0,0,0,0,0,0,0,,,,,,,,0,0,0,0,0,0,1,,minayju01
1167,A.J. Minter*,25,ATL,NL,0.0,35,0,0,0,0,0,0,0,0,0,0,0,0,,,,,,,,0,0,0,0,0,0,1,,minteaj01
1168,Rafael Montero,28,TEX,AL,0.0,1,0,0,0,0,0,0,0,0,0,0,0,0,,,,,,,,0,0,0,0,0,0,1,,montera01
1169,Brian Moran*,30,MIA,NL,0.0,10,0,0,0,0,0,0,0,0,0,0,0,0,,,,,,,,0,0,0,0,0,0,1,,moranbr01
1170,Adam Morgan*,29,PHI,NL,0.0,38,0,0,0,0,0,0,0,0,0,0,0,0,,,,,,,,0,0,0,0,0,0,1,,morgaad01
1171,Mike Morin,28,PHI,NL,0.0,25,0,0,0,0,0,0,0,0,0,0,0,0,,,,,,,,0,0,0,0,0,0,1,,morinmi01
1172,Reyes Moronta,26,SFG,NL,0.0,52,0,0,0,0,0,0,0,0,0,0,0,0,,,,,,,,0,0,0,0,0,0,1,,moronre01
1173,Andrés Muñoz,20,SDP,NL,0.0,21,0,0,0,0,0,0,0,0,0,0,0,0,,,,,,,,0,0,0,0,0,0,1,,munozan01
1174,Harrison Musgrave*,27,COL,NL,0.0,9,0,0,0,0,0,0,0,0,0,0,0,0,,,,,,,,0,0,0,0,0,0,1,,musgrha01
1175,Pat Neshek#,38,PHI,NL,0.0,20,0,0,0,0,0,0,0,0,0,0,0,0,,,,,,,,0,0,0,0,0,0,1,,neshepa01
1176,Dovydas Neverauskas,26,PIT,NL,0.0,10,0,0,0,0,0,0,0,0,0,0,0,0,,,,,,,,0,0,0,0,0,0,1,,neverdo01
1177,Jake Newberry,24,KCR,AL,0.0,1,0,0,0,0,0,0,0,0,0,0,0,0,,,,,,,,0,0,0,0,0,0,1,,newbeja01
1178,Stephen Nogosek,24,NYM,NL,0.0,7,0,0,0,0,0,0,0,0,0,0,0,0,,,,,,,,0,0,0,0,0,0,/1,,nogosst01
1179,Darren O'Day,36,ATL,NL,0.0,6,0,0,0,0,0,0,0,0,0,0,0,0,,,,,,,,0,0,0,0,0,0,/1,,odayda01
1180,Ryan O'Rourke,31,NYM,NL,0.0,2,0,0,0,0,0,0,0,0,0,0,0,0,,,,,,,,0,0,0,0,0,0,/1,,orourry01
1181,Seunghwan Oh,36,COL,NL,0.0,20,0,0,0,0,0,0,0,0,0,0,0,0,,,,,,,,0,0,0,0,0,0,1,,ohse01
1182,Tyler Olson,29,CLE,AL,0.0,1,0,0,0,0,0,0,0,0,0,0,0,0,,,,,,,,0,0,0,0,0,0,1,,olsonty01
1183,Roberto Osuna,24,HOU,AL,0.0,4,0,0,0,0,0,0,0,0,0,0,0,0,,,,,,,,0,0,0,0,0,0,1,,osunaro01
1184,Dan Otero,34,CLE,AL,0.0,3,0,0,0,0,0,0,0,0,0,0,0,0,,,,,,,,0,0,0,0,0,0,1,,oteroda01
1185,Adam Ottavino#,33,NYY,AL,0.0,5,0,0,0,0,0,0,0,0,0,0,0,0,,,,,,,,0,0,0,0,0,0,1,,ottavad01
1186,Thomas Pannone*,25,TOR,AL,0.0,2,0,0,0,0,0,0,0,0,0,0,0,0,,,,,,,,0,0,0,0,0,0,1,,pannoth01
1187,Joel Payamps,25,ARI,NL,0.0,2,0,0,0,0,0,0,0,0,0,0,0,0,,,,,,,,0,0,0,0,0,0,/1,,payamjo01
1188,James Pazos,28,COL,NL,0.0,12,0,0,0,0,0,0,0,0,0,0,0,0,,,,,,,,0,0,0,0,0,0,1,,pazosja01
1189,Wandy Peralta*,27,2TM,NL,0.0,44,0,0,0,0,0,0,0,0,0,0,0,0,,,,,,,,0,0,0,0,0,0,1,,peralwa01
1189,Wandy Peralta*,27,CIN,NL,0.0,38,0,0,0,0,0,0,0,0,0,0,0,0,,,,,,,,0,0,0,0,0,0,1,,peralwa01
1189,Wandy Peralta*,27,SFG,NL,0.0,6,0,0,0,0,0,0,0,0,0,0,0,0,,,,,,,,0,0,0,0,0,0,/1,,peralwa01
1190,Wily Peralta,30,KCR,AL,0.0,2,0,0,0,0,0,0,0,0,0,0,0,0,,,,,,,,0,0,0,0,0,0,1,,peralwi01
1191,Cionel Pérez,23,HOU,AL,0.0,1,0,0,0,0,0,0,0,0,0,0,0,0,,,,,,,,0,0,0,0,0,0,/1,,perezci01
1192,Óliver Pérez*,37,CLE,AL,0.0,1,0,0,0,0,0,0,0,0,0,0,0,0,,,,,,,,0,0,0,0,0,0,1,,perezol01
1193,Tim Peterson,28,NYM,NL,0.0,5,0,0,0,0,0,0,0,0,0,0,0,0,,,,,,,,0,0,0,0,0,0,/1,,peterti01
1194,Jake Petricka,31,MIL,NL,0.0,5,0,0,0,0,0,0,0,0,0,0,0,0,,,,,,,,0,0,0,0,0,0,/1,,petrija01
1195,David Phelps,32,CHC,NL,0.0,24,0,0,0,0,0,0,0,0,0,0,0,0,,,,,,,,0,0,0,0,0,0,1,,phelpda01
1196,Evan Phillips,24,BAL,AL,0.0,1,0,0,0,0,0,0,0,0,0,0,0,0,,,,,,,,0,0,0,0,0,0,1,,phillev01
1197,Colin Poche*,25,TBR,AL,0.0,4,0,0,0,0,0,0,0,0,0,0,0,0,,,,,,,,0,0,0,0,0,0,1,,pocheco01
1198,Sean Poppen,25,MIN,AL,0.0,1,0,0,0,0,0,0,0,0,0,0,0,0,,,,,,,,0,0,0,0,0,0,/1,,poppese01
1199,Brooks Pounders,28,NYM,NL,0.0,7,0,0,0,0,0,0,0,0,0,0,0,0,,,,,,,,0,0,0,0,0,0,/1,,poundbr01
1200,Bobby Poyner*,26,BOS,AL,0.0,1,0,0,0,0,0,0,0,0,0,0,0,0,,,,,,,,0,0,0,0,0,0,1,,poynebo01
1201,Ryan Pressly,30,HOU,AL,0.0,4,0,0,0,0,0,0,0,0,0,0,0,0,,,,,,,,0,0,0,0,0,0,1,AS,pressry01
1202,Neil Ramírez,30,2TM,AL,0.0,2,0,0,0,0,0,0,0,0,0,0,0,0,,,,,,,,0,0,0,0,0,0,1,,ramirne01
1202,Neil Ramírez,30,CLE,AL,0.0,1,0,0,0,0,0,0,0,0,0,0,0,0,,,,,,,,0,0,0,0,0,0,1,,ramirne01
1202,Neil Ramírez,30,TOR,AL,0.0,1,0,0,0,0,0,0,0,0,0,0,0,0,,,,,,,,0,0,0,0,0,0,/1,,ramirne01
1203,Noé Ramirez,29,LAA,AL,0.0,3,0,0,0,0,0,0,0,0,0,0,0,0,,,,,,,,0,0,0,0,0,0,1,,ramirno01
1204,Edubray Ramos,26,PHI,NL,0.0,18,0,0,0,0,0,0,0,0,0,0,0,0,,,,,,,,0,0,0,0,0,0,1,,ramosed02
1205,Zac Reininger#,26,DET,AL,0.0,5,0,0,0,0,0,0,0,0,0,0,0,0,,,,,,,,0,0,0,0,0,0,1,,reiniza01
1206,Alex Reyes,24,STL,NL,0.0,4,0,0,0,0,0,0,0,0,0,0,0,0,,,,,,,,0,0,0,0,0,0,/1,,reyesal02
1207,Jacob Rhame,26,NYM,NL,0.0,5,0,0,0,0,0,0,0,0,0,0,0,0,,,,,,,,0,0,0,0,0,0,/1,,rhameja01
1208,Yacksel Ríos,26,2TM,NL,0.0,14,0,0,0,0,0,0,0,0,0,0,0,0,,,,,,,,0,0,0,0,0,0,1,,riosya01
1208,Yacksel Ríos,26,PHI,NL,0.0,4,0,0,0,0,0,0,0,0,0,0,0,0,,,,,,,,0,0,0,0,0,0,/1,,riosya01
1208,Yacksel Ríos,26,PIT,NL,0.0,10,0,0,0,0,0,0,0,0,0,0,0,0,,,,,,,,0,0,0,0,0,0,1,,riosya01
1209,David Robertson,34,PHI,NL,0.0,7,0,0,0,0,0,0,0,0,0,0,0,0,,,,,,,,0,0,0,0,0,0,/1,,roberda08
1210,Hansel Robles,28,LAA,AL,0.0,5,0,0,0,0,0,0,0,0,0,0,0,0,,,,,,,,0,0,0,0,0,0,1,,robleha01
1211,Fernando Rodney,42,2TM,2LG,0.0,37,0,0,0,0,0,0,0,0,0,0,0,0,,,,,,,,0,0,0,0,0,0,1,,rodnefe01
1211,Fernando Rodney,42,OAK,AL,0.0,2,0,0,0,0,0,0,0,0,0,0,0,0,,,,,,,,0,0,0,0,0,0,1,,rodnefe01
1211,Fernando Rodney,42,WSN,NL,0.0,35,0,0,0,0,0,0,0,0,0,0,0,0,,,,,,,,0,0,0,0,0,0,1,,rodnefe01
1212,Jefry Rodríguez,25,CLE,AL,0.0,1,0,0,0,0,0,0,0,0,0,0,0,0,,,,,,,,0,0,0,0,0,0,1,,rodrije01
1213,Richard Rodríguez,29,PIT,NL,0.0,68,0,0,0,0,0,0,0,0,0,0,0,0,,,,,,,,0,0,0,0,0,0,1,,rodriri05
1214,Chaz Roe,32,TBR,AL,0.0,9,0,0,0,0,0,0,0,0,0,0,0,0,,,,,,,,0,0,0,0,0,0,1,,roech01
1215,Taylor Rogers*,28,MIN,AL,0.0,5,0,0,0,0,0,0,0,0,0,0,0,0,,,,,,,,0,0,0,0,0,0,1,,rogerta01
1216,Tyler Rogers,28,SFG,NL,0.0,15,0,0,0,0,0,0,0,0,0,0,0,0,,,,,,,,0,0,0,0,0,0,1,,rogerty01
1217,Jordan Romano,26,TOR,AL,0.0,1,0,0,0,0,0,0,0,0,0,0,0,0,,,,,,,,0,0,0,0,0,0,1,,romanjo03
1218,Sergio Romo,36,2TM,2LG,0.0,36,0,0,0,0,0,0,0,0,0,0,0,0,,,,,,,,0,0,0,0,0,0,1,,romose01
1218,Sergio Romo,36,MIA,NL,0.0,32,0,0,0,0,0,0,0,0,0,0,0,0,,,,,,,,0,0,0,0,0,0,1,,romose01
1218,Sergio Romo,36,MIN,AL,0.0,4,0,0,0,0,0,0,0,0,0,0,0,0,,,,,,,,0,0,0,0,0,0,1,,romose01
1219,Héctor Rondón,31,HOU,AL,0.0,6,0,0,0,0,0,0,0,0,0,0,0,0,,,,,,,,0,0,0,0,0,0,1,,rondohe01
1220,Trevor Rosenthal,29,WSN,NL,0.0,11,0,0,0,0,0,0,0,0,0,0,0,0,,,,,,,,0,0,0,0,0,0,1,,rosentr01
1221,Zac Rosscup,31,LAD,NL,0.0,5,0,0,0,0,0,0,0,0,0,0,0,0,,,,,,,,0,0,0,0,0,0,/1,,rosscza01
1222,José Ruiz,24,CHW,AL,0.0,3,0,0,0,0,0,0,0,0,0,0,0,0,,,,,,,,0,0,0,0,0,0,1,,ruizjo01
1223,Chris Rusin*,32,COL,NL,0.0,2,0,0,0,0,0,0,0,0,0,0,0,0,,,,,,,,0,0,0,0,0,0,/1,,rusinch01
1224,Fernando Salas,34,PHI,NL,0.0,3,0,0,0,0,0,0,0,0,0,0,0,0,,,,,,,,0,0,0,0,0,0,/1,,salasfe01
1225,Héctor Santiago,31,2TM,2LG,0.0,9,0,0,0,0,0,0,0,0,0,0,0,0,,,,,,,,0,0,0,0,0,0,1,,santihe01
1225,Héctor Santiago,31,NYM,NL,0.0,8,0,0,0,0,0,0,0,0,0,0,0,0,,,,,,,,0,0,0,0,0,0,/1,,santihe01
1225,Héctor Santiago,31,CHW,AL,0.0,1,0,0,0,0,0,0,0,0,0,0,0,0,,,,,,,,0,0,0,0,0,0,1,,santihe01
1226,Josh Sborz,25,LAD,NL,0.0,7,0,0,0,0,0,0,0,0,0,0,0,0,,,,,,,,0,0,0,0,0,0,/1,,sborzjo01
1227,Jaime Schultz,28,LAD,NL,0.0,4,0,0,0,0,0,0,0,0,0,0,0,0,,,,,,,,0,0,0,0,0,0,/1,,schulja02
1228,Robby Scott#,29,ARI,NL,0.0,11,0,0,0,0,0,0,0,0,0,0,0,0,,,,,,,,0,0,0,0,0,0,1,,scottro02
1229,Tanner Scott,24,BAL,AL,0.0,1,0,0,0,0,0,0,0,0,0,0,0,0,,,,,,,,0,0,0,0,0,0,1,,scottta01
1230,Tayler Scott,27,BAL,AL,0.0,1,0,0,0,0,0,0,0,0,0,0,0,0,,,,,,,,0,0,0,0,0,0,/1,,scottta02
1231,Sam Selman,28,SFG,NL,0.0,9,0,0,0,0,0,0,0,0,0,0,0,0,,,,,,,,0,0,0,0,0,0,1,,selmasa01
1232,Justin Shafer,26,TOR,AL,0.0,2,0,0,0,0,0,0,0,0,0,0,0,0,,,,,,,,0,0,0,0,0,0,1,,shafeju01
1233,Bryan Shaw#,31,COL,NL,0.0,64,0,0,0,0,0,0,0,0,0,0,0,0,,,,,,,,0,0,0,0,0,0,1,,shawbr01
1234,Tony Sipp*,35,WSN,NL,0.0,33,0,0,0,0,0,0,0,0,0,0,0,0,,,,,,,,0,0,0,0,0,0,1,,sippto01
1235,Eric Skoglund*,26,KCR,AL,0.0,1,0,0,0,0,0,0,0,0,0,0,0,0,,,,,,,,0,0,0,0,0,0,/1,,skogler01
1236,Joe Smith,35,HOU,AL,0.0,1,0,0,0,0,0,0,0,0,0,0,0,0,,,,,,,,0,0,0,0,0,0,1,,smithjo05
1237,Josh A. Smith,31,BOS,AL,0.0,2,0,0,0,0,0,0,0,0,0,0,0,0,,,,,,,,0,0,0,0,0,0,1,,smithjo07
1238,Josh D. Smith*,29,MIA,NL,0.0,6,0,0,0,0,0,0,0,0,0,0,0,0,,,,,,,,0,0,0,0,0,0,/1,,smithjo08
1239,Blake Snell*,26,TBR,AL,0.0,1,0,0,0,0,0,0,0,0,0,0,0,0,,,,,,,,0,0,0,0,0,0,1,,snellbl01
1240,Joakim Soria,35,OAK,AL,0.0,5,0,0,0,0,0,0,0,0,0,0,0,0,,,,,,,,0,0,0,0,0,0,1,,soriajo01
1241,Gabe Speier*,24,KCR,AL,0.0,1,0,0,0,0,0,0,0,0,0,0,0,0,,,,,,,,0,0,0,0,0,0,/1,,speiega01
1242,Jeffrey Springs*,26,TEX,AL,0.0,2,0,0,0,0,0,0,0,0,0,0,0,0,,,,,,,,0,0,0,0,0,0,1,,sprinje01
1243,Ryne Stanek,27,2TM,2LG,0.0,24,0,0,0,0,0,0,0,0,0,0,0,0,,,,,,,,0,0,0,0,0,0,1,,stanery01
1243,Ryne Stanek,27,TBR,AL,0.0,2,0,0,0,0,0,0,0,0,0,0,0,0,,,,,,,,0,0,0,0,0,0,1,,stanery01
1243,Ryne Stanek,27,MIA,NL,0.0,22,0,0,0,0,0,0,0,0,0,0,0,0,,,,,,,,0,0,0,0,0,0,1,,stanery01
1244,Cody Stashak,25,MIN,AL,0.0,1,0,0,0,0,0,0,0,0,0,0,0,0,,,,,,,,0,0,0,0,0,0,1,,stashco01
1245,Drew Steckenrider,28,MIA,NL,0.0,14,0,0,0,0,0,0,0,0,0,0,0,0,,,,,,,,0,0,0,0,0,0,1,,steckdr01
1246,Robert Stock*,29,SDP,NL,0.0,10,0,0,0,0,0,0,0,0,0,0,0,0,,,,,,,,0,0,0,0,0,0,1,,stockro01
1247,Hunter Strickland,30,WSN,NL,0.0,23,0,0,0,0,0,0,0,0,0,0,0,0,,,,,,,,0,0,0,0,0,0,1,,strichu01
1248,Pedro Strop,34,CHC,NL,0.0,47,0,0,0,0,0,0,0,0,0,0,0,0,,,,,,,,0,0,0,0,0,0,1,,stroppe01
1249,Daniel Stumpf*,28,DET,AL,0.0,5,0,0,0,0,0,0,0,0,0,0,0,0,,,,,,,,0,0,0,0,0,0,1,,stumpda01
1250,Cole Sulser,29,TBR,AL,0.0,1,0,0,0,0,0,0,0,0,0,0,0,0,,,,,,,,0,0,0,0,0,0,/1,,sulseco01
1251,Anthony Swarzak,33,ATL,NL,0.0,41,0,0,0,0,0,0,0,0,0,0,0,0,,,,,,,,0,0,0,0,0,0,1,,swarzan01
1252,Dillon Tate,25,BAL,AL,0.0,2,0,0,0,0,0,0,0,0,0,0,0,0,,,,,,,,0,0,0,0,0,0,1,,tatedi01
1253,Josh Taylor*,26,BOS,AL,0.0,5,0,0,0,0,0,0,0,0,0,0,0,0,,,,,,,,0,0,0,0,0,0,1,,taylojo02
1254,Ryan Tepera,31,TOR,AL,0.0,2,0,0,0,0,0,0,0,0,0,0,0,0,,,,,,,,0,0,0,0,0,0,1,,teperry01
1255,Tyler Thornburg,30,BOS,AL,0.0,2,0,0,0,0,0,0,0,0,0,0,0,0,,,,,,,,0,0,0,0,0,0,1,,thornty01
1256,Blake Treinen,31,OAK,AL,0.0,3,0,0,0,0,0,0,0,0,0,0,0,0,,,,,,,,0,0,0,0,0,0,1,,treinbl01
1257,Lou Trivino,27,OAK,AL,0.0,4,0,0,0,0,0,0,0,0,0,0,0,0,,,,,,,,0,0,0,0,0,0,1,,trivilo01
1258,Sam Tuivailala,26,SEA,AL,0.0,1,0,0,0,0,0,0,0,0,0,0,0,0,,,,,,,,0,0,0,0,0,0,1,,tuivasa01
1259,Andrew Vasquez*,25,MIN,AL,0.0,1,0,0,0,0,0,0,0,0,0,0,0,0,,,,,,,,0,0,0,0,0,0,/1,,vasquan02
1260,Pat Venditte*,34,SFG,NL,0.0,2,0,0,0,0,0,0,0,0,0,0,0,0,,,,,,,,0,0,0,0,0,0,/1,,vendipa01
1261,Jonny Venters*,34,2TM,NL,0.0,11,0,0,0,0,0,0,0,0,0,0,0,0,,,,,,,,0,0,0,0,0,0,1,,ventejo01
1261,Jonny Venters*,34,ATL,NL,0.0,9,0,0,0,0,0,0,0,0,0,0,0,0,,,,,,,,0,0,0,0,0,0,/1,,ventejo01
1261,Jonny Venters*,34,WSN,NL,0.0,2,0,0,0,0,0,0,0,0,0,0,0,0,,,,,,,,0,0,0,0,0,0,/1,,ventejo01
1262,Drew VerHagen,28,DET,AL,0.0,1,0,0,0,0,0,0,0,0,0,0,0,0,,,,,,,,0,0,0,0,0,0,1,,verhadr01
1263,Thyago Vieira,26,CHW,AL,0.0,1,0,0,0,0,0,0,0,0,0,0,0,0,,,,,,,,0,0,0,0,0,0,/1,,vieirth01
1264,Arodys Vizcaíno,28,ATL,NL,0.0,4,0,0,0,0,0,0,0,0,0,0,0,0,,,,,,,,0,0,0,0,0,0,/1,,vizcaar01
1265,Taijuan Walker#,26,ARI,NL,0.0,1,0,0,0,0,0,0,0,0,0,0,0,0,,,,,,,,0,0,0,0,0,0,/1,,walketa01
1266,Wei-Chung Wang*,27,2TM,2LG,0.0,6,0,0,0,0,0,0,0,0,0,0,0,0,,,,,,,,0,0,0,0,0,0,1,,wangwe01
1266,Wei-Chung Wang*,27,OAK,AL,0.0,1,0,0,0,0,0,0,0,0,0,0,0,0,,,,,,,,0,0,0,0,0,0,1,,wangwe01
1266,Wei-Chung Wang*,27,PIT,NL,0.0,5,0,0,0,0,0,0,0,0,0,0,0,0,,,,,,,,0,0,0,0,0,0,/1,,wangwe01
1267,Adam Warren,31,SDP,NL,0.0,23,0,0,0,0,0,0,0,0,0,0,0,0,,,,,,,,0,0,0,0,0,0,1,,warread01
1268,Tony Watson*,34,SFG,NL,0.0,57,0,0,0,0,0,0,0,0,0,0,0,0,,,,,,,,0,0,0,0,0,0,1,,watsoto01
1269,Tyler Webb*,28,STL,NL,0.0,60,0,0,0,0,0,0,0,0,0,0,0,0,,,,,,,,0,0,0,0,0,0,1,,webbty01
1270,Allen Webster,29,CHC,NL,0.0,11,0,0,0,0,0,0,0,0,0,0,0,0,,,,,,,,0,0,0,0,0,0,1,,webstal01
1271,J.B. Wendelken,26,OAK,AL,0.0,2,0,0,0,0,0,0,0,0,0,0,0,0,,,,,,,,0,0,0,0,0,0,1,,wendejb01
1272,Rowan Wick*,26,CHC,NL,0.0,31,0,0,0,0,0,0,0,0,0,0,0,0,,,,,,,,0,0,0,0,0,0,1,,wickro01
1273,Austen Williams,26,WSN,NL,0.0,2,0,0,0,0,0,0,0,0,0,0,0,0,,,,,,,,0,0,0,0,0,0,/1,,williau01
1274,Alex Wilson,32,MIL,NL,0.0,11,0,0,0,0,0,0,0,0,0,0,0,0,,,,,,,,0,0,0,0,0,0,1,,wilsoal01
1275,Justin Wilson*,31,NYM,NL,0.0,40,0,0,0,0,0,0,0,0,0,0,0,0,,,,,,,,0,0,0,0,0,0,1,,wilsoju10
1276,Trey Wingenter,25,SDP,NL,0.0,48,0,0,0,0,0,0,0,0,0,0,0,0,,,,,,,,0,0,0,0,0,0,1,,wingetr01
1277,Nick Wittgren,28,CLE,AL,0.0,4,0,0,0,0,0,0,0,0,0,0,0,0,,,,,,,,0,0,0,0,0,0,1,,wittgni01
1278,Hunter Wood,25,CLE,AL,0.0,3,0,0,0,0,0,0,0,0,0,0,0,0,,,,,,,,0,0,0,0,0,0,1,,woodhu01
1279,Brandon Workman,30,BOS,AL,0.0,7,0,0,0,0,0,0,0,0,0,0,0,0,,,,,,,,0,0,0,0,0,0,1,,workmbr01
1280,Jimmy Yacabonis,27,BAL,AL,0.0,1,0,0,0,0,0,0,0,0,0,0,0,0,,,,,,,,0,0,0,0,0,0,1,,yacabji01
1281,Ryan Yarbrough,27,TBR,AL,0.0,1,0,0,0,0,0,0,0,0,0,0,0,0,,,,,,,,0,0,0,0,0,0,1,,yarbrry01
1282,Eric Yardley,28,SDP,NL,0.0,10,0,0,0,0,0,0,0,0,0,0,0,0,,,,,,,,0,0,0,0,0,0,1,,yardler01
1283,Kirby Yates*,32,SDP,NL,0.0,59,0,0,0,0,0,0,0,0,0,0,0,0,,,,,,,,0,0,0,0,0,0,1,ASCYA-9,yateski01
1284,Gabriel Ynoa,26,BAL,AL,0.0,4,0,0,0,0,0,0,0,0,0,0,0,0,,,,,,,,0,0,0,0,0,0,1,,ynoaga01
1285,Huascar Ynoa,21,ATL,NL,0.0,2,0,0,0,0,0,0,0,0,0,0,0,0,,,,,,,,0,0,0,0,0,0,/1,,ynoahu01
1286,Daniel Zamora*,26,NYM,NL,0.0,17,0,0,0,0,0,0,0,0,0,0,0,0,,,,,,,,0,0,0,0,0,0,1,,zamorda01
1287,Kyle Zimmer,27,KCR,AL,0.0,1,0,0,0,0,0,0,0,0,0,0,0,0,,,,,,,,0,0,0,0,0,0,1,,zimmeky01