"player","team","year","war","g","pa","ab","r","h","x2b","x3b","hr","rbi","sb","cs","bb","so","ba","obp","slg","ops","ops_plus","r_oba","rbat","tb","gidp","hbp","sh","sf","ibb","pos","awards","war_to_2","g_to_2","pa_to_2","ab_to_2","r_to_2","h_to_2","x2b_to_2","x3b_to_2","hr_to_2","rbi_to_2","sb_to_2","cs_to_2","bb_to_2","so_to_2","ba_to_2","obp_to_2","slg_to_2","ops_to_2","ops_plus_to_2","r_oba_to_2","rbat_to_2","tb_to_2","gidp_to_2","hbp_to_2","sh_to_2","sf_to_2","ibb_to_2","dummy_team_change","position","age","years_contract","contract_value","average_annual_contract_value","years_experience","id_contract"
"Aaron Harang","LAD","2012",-0.5,29,63,56,1,4,1,0,0,2,0,0,0,23,0.071,0.071,0.089,0.161,-56,0.069,-112,5,1,0,7,0,0,"1",0,-0.5,29,63,56,1,4,1,0,0,2,0,0,0,23,0.071,0.071,0.089,0.161,-56,0.069,-112,5,1,0,7,0,0,1,"SP",34.2,2,12000000,6000000,1.061,5
"Aaron Harang","2TM","2013",0.1,6,11,11,1,2,0,0,0,0,0,0,0,6,0.182,0.182,0.182,0.364,5,0.248,47,2,0,0,0,0,0,"1",0,0.1,6,11,11,1,2,0,0,0,0,0,0,0,6,0.182,0.182,0.182,0.364,5,0.248,47,2,0,0,0,0,0,1,"SP",35.2,2,12000000,6000000,2.061,5
"Aaron Harang","ATL","2014",-0.5,32,71,61,2,5,0,0,0,1,0,0,1,29,0.082,0.097,0.082,0.179,-49,0.084,-102,5,2,0,9,0,0,"1",0,-0.5,32,71,61,2,5,0,0,0,1,0,0,1,29,0.082,0.097,0.082,0.179,-49,0.084,-102,5,2,0,9,0,0,1,"SP",36.2,1,1000000,1000000,3.061,6
"Aaron Harang","PHI","2015",0.2,28,58,48,4,8,1,0,0,0,0,0,1,18,0.167,0.184,0.188,0.371,4,0.185,-21,9,2,0,9,0,0,"1",0,0.2,28,58,48,4,8,1,0,0,0,0,0,1,18,0.167,0.184,0.188,0.371,4,0.185,-21,9,2,0,9,0,0,1,"SP",37.2,1,5000000,5000000,4.061,7
"Aaron Hicks","2TM","2023",0.5,93,312,269,44,68,9,1,8,36,6,0,42,69,0.253,0.353,0.383,0.735,106,0.328,106,103,3,0,0,1,1,"879H/D",0,0.5,93,312,269,44,68,9,1,8,36,6,0,42,69,0.253,0.353,0.383,0.735,106,0.328,106,103,3,0,0,1,1,1,"CF",33.8,1,720000,720000,0,8
"Aaron Hicks","LAA","2024",-0.7,18,63,57,6,8,0,0,1,5,0,0,6,23,0.14,0.222,0.193,0.415,19,0.196,14,11,1,0,0,0,0,"/9DH781",0,-0.7,18,63,57,6,8,0,0,1,5,0,0,6,23,0.14,0.222,0.193,0.415,19,0.196,14,11,1,0,0,0,0,1,"CF",34.8,1,740000,740000,1,9
"Aaron Hill","ARI","2012",5.1,156,668,609,93,184,44,6,26,85,14,5,52,86,0.302,0.36,0.522,0.882,133,0.384,135,318,15,4,1,2,7,"4/H",2,5.1,156,668,609,93,184,44,6,26,85,14,5,52,86,0.302,0.36,0.522,0.882,133,0.384,135,318,15,4,1,2,7,0,"3B",30.3,2,11000000,5500000,0,10
"Aaron Hill","ARI","2013",1.1,87,362,327,45,95,21,1,11,41,1,4,29,48,0.291,0.356,0.462,0.818,124,0.359,127,151,6,5,0,1,2,"4/H",0,1.1,87,362,327,45,95,21,1,11,41,1,4,29,48,0.291,0.356,0.462,0.818,124,0.359,127,151,6,5,0,1,2,0,"3B",31.3,2,11000000,5500000,1,10
"Aaron Hill","SFG","2017",-0.9,34,80,68,7,9,2,1,1,7,0,0,11,13,0.132,0.25,0.235,0.485,30,0.237,30,16,2,0,0,1,0,"H/457",0,-0.9,34,80,68,7,9,2,1,1,7,0,0,11,13,0.132,0.25,0.235,0.485,30,0.237,30,16,2,0,0,1,0,1,"3B",35.3,1,2000000,2000000,2,11
"Aaron Loup","NYM","2021",0,63,0,0,0,0,0,0,0,0,0,0,0,0,0,0,0,0,0,0,0,0,0,0,0,0,0,"1",0,0,63,0,0,0,0,0,0,0,0,0,0,0,0,0,0,0,0,0,0,0,0,0,0,0,0,0,1,"RP",33.7,1,3000000,3000000,0,12
"Abraham Almonte","ARI","2019",0.5,17,38,31,11,9,3,1,1,4,0,0,7,8,0.29,0.421,0.548,0.969,149,0.407,150,17,1,0,0,0,0,"/9H8",0,0.5,17,38,31,11,9,3,1,1,4,0,0,7,8,0.29,0.421,0.548,0.969,149,0.407,150,17,1,0,0,0,0,1,"CF",30.1,1,691688.341292727,691688.341292727,3.161,15
"Abraham Almonte","ATL","2021",-0.7,64,175,148,20,32,12,0,5,19,1,1,26,38,0.216,0.331,0.399,0.73,93,0.32,91,59,2,0,0,1,0,"7H/9",0,-0.7,64,175,148,20,32,12,0,5,19,1,1,26,38,0.216,0.331,0.399,0.73,93,0.32,91,59,2,0,0,1,0,1,"CF",32.1,1,990000,990000,4.059,16
"Adam Duvall","2TM","2021",2.9,146,555,513,67,117,17,2,38,113,5,0,35,174,0.228,0.281,0.491,0.772,102,0.333,100,252,7,4,0,3,1,"978H",1,2.9,146,555,513,67,117,17,2,38,113,5,0,35,174,0.228,0.281,0.491,0.772,102,0.333,100,252,7,4,0,3,1,1,"RF",32.9,1,5000000,5000000,0,17
"Adam Duvall","BOS","2023",1.6,92,353,320,45,79,24,2,21,58,4,0,22,110,0.247,0.303,0.531,0.834,119,0.349,114,170,0,6,0,5,1,"89/H7D",0,1.6,92,353,320,45,79,24,2,21,58,4,0,22,110,0.247,0.303,0.531,0.834,119,0.349,114,170,0,6,0,5,1,1,"RF",34.9,1,7000000,7000000,1,18
"Adam Duvall","ATL","2024",-1.4,104,330,303,29,55,10,0,11,30,0,0,21,99,0.182,0.245,0.323,0.569,57,0.262,59,98,6,5,0,1,0,"79H/D",0,-1.4,104,330,303,29,55,10,0,11,30,0,0,21,99,0.182,0.245,0.323,0.569,57,0.262,59,98,6,5,0,1,0,1,"RF",35.9,1,3000000,3000000,2,19
"Adam Frazier","BAL","2023",1.7,141,455,412,59,99,21,2,13,60,11,4,32,68,0.24,0.3,0.396,0.696,94,0.307,95,163,4,4,4,2,0,"4H/97D",0,1.7,141,455,412,59,99,21,2,13,60,11,4,32,68,0.24,0.3,0.396,0.696,94,0.307,95,163,4,4,4,2,0,1,"2B/RF/DH",31.7,1,8000000,8000000,0,20
"Adam Frazier","KCR","2024",0.4,104,294,262,35,53,10,1,4,22,3,0,22,59,0.202,0.282,0.294,0.576,65,0.269,67,77,0,7,3,0,0,"4H9D7/53",0,0.4,104,294,262,35,53,10,1,4,22,3,0,22,59,0.202,0.282,0.294,0.576,65,0.269,67,77,0,7,3,0,0,1,"2B/RF/DH",32.7,1,4500000,4500000,1,21
"Adam Frazier","2TM","2025",1.4,134,459,419,43,112,20,0,7,44,8,6,26,81,0.267,0.319,0.365,0.684,91,0.302,90,153,8,8,1,5,2,"47H9/D5",0,1.4,134,459,419,43,112,20,0,7,44,8,6,26,81,0.267,0.319,0.365,0.684,91,0.302,90,153,8,8,1,5,2,1,"2B/RF/DH",33.7,1,1525000,1525000,2,22
"Adam Kolarek","TBR","2018",0,3,0,0,0,0,0,0,0,0,0,0,0,0,0,0,0,0,0,0,0,0,0,0,0,0,0,"1",0,0,3,0,0,0,0,0,0,0,0,0,0,0,0,0,0,0,0,0,0,0,0,0,0,0,0,0,1,"RP",29.6,1,694114.573020403,694114.573020403,0,23
"Adam Kolarek","LAD","2020",0,1,0,0,0,0,0,0,0,0,0,0,0,0,0,0,0,0,0,0,0,0,0,0,0,0,0,"1/9",0,0,1,0,0,0,0,0,0,0,0,0,0,0,0,0,0,0,0,0,0,0,0,0,0,0,0,0,1,"RP",31.6,1,715031.793883292,715031.793883292,1,24
"Adam Laroche","WSN","2013",0.6,152,590,511,70,121,19,3,20,62,4,1,72,131,0.237,0.332,0.403,0.735,101,0.33,100,206,13,3,0,4,10,"3/HD",0,0.6,152,590,511,70,121,19,3,20,62,4,1,72,131,0.237,0.332,0.403,0.735,101,0.33,100,206,13,3,0,4,10,0,"DH",33.8,2,24000000,12000000,9,26
"Adam Laroche","WSN","2014",2.4,140,586,494,73,128,19,0,26,92,3,0,82,108,0.259,0.362,0.455,0.817,124,0.365,127,225,13,2,0,8,9,"3/HD",0,2.4,140,586,494,73,128,19,0,26,92,3,0,82,108,0.259,0.362,0.455,0.817,124,0.365,127,225,13,2,0,8,9,0,"DH",34.8,2,24000000,12000000,10,26
"Adam Laroche","CHW","2015",-0.5,127,484,429,41,89,21,0,12,44,0,0,49,133,0.207,0.293,0.34,0.634,78,0.292,80,146,10,4,0,2,0,"D3/H1",0,-0.5,127,484,429,41,89,21,0,12,44,0,0,49,133,0.207,0.293,0.34,0.634,78,0.292,80,146,10,4,0,2,0,1,"DH",35.8,2,25000000,12500000,11,27
"Adam Moore","SDP","2014",-0.1,9,12,10,1,2,1,0,0,1,0,0,2,5,0.2,0.333,0.3,0.633,86,0.262,59,3,0,0,0,0,1,"/H2",0,-0.1,9,12,10,1,2,1,0,0,1,0,0,2,5,0.2,0.333,0.3,0.633,86,0.262,59,3,0,0,0,0,1,1,"C",30.2,1,689449.635766739,689449.635766739,0,28
"Adam Moore","TBR","2018",0,8,20,18,2,4,1,0,1,2,0,0,1,7,0.222,0.263,0.444,0.708,92,0.343,117,8,0,0,1,0,0,"/2H",0,0,8,20,18,2,4,1,0,1,2,0,0,1,7,0.222,0.263,0.444,0.708,92,0.343,117,8,0,0,1,0,0,1,"C",34.2,1,694114.573020403,694114.573020403,2,30
"Adam Ottavino","NYY","2019",0,5,0,0,0,0,0,0,0,0,0,0,0,0,0,0,0,0,0,0,0,0,0,0,0,0,0,"1",0,0,5,0,0,0,0,0,0,0,0,0,0,0,0,0,0,0,0,0,0,0,0,0,0,0,0,0,1,"RP/SU8",33.8,3,27000000,9000000,0,32
"Adam Ottavino","BOS","2021",0,6,0,0,0,0,0,0,0,0,0,0,0,0,0,0,0,0,0,0,0,0,0,0,0,0,0,"1",0,0,6,0,0,0,0,0,0,0,0,0,0,0,0,0,0,0,0,0,0,0,0,0,0,0,0,0,1,"RP/SU8",35.8,3,27000000,9000000,2,32
"Adam Rosales","TEX","2014",0.8,56,181,164,20,43,7,0,4,19,4,2,13,42,0.262,0.328,0.378,0.706,97,0.335,107,62,5,3,0,0,0,"3/5H4D6",0,0.8,56,181,164,20,43,7,0,4,19,4,2,13,42,0.262,0.328,0.378,0.706,97,0.335,107,62,5,3,0,0,0,1,"2B/SS/3B",31.2,1,750000,750000,0,37
"Adam Rosales","TEX","2015",-0.1,53,125,114,14,26,4,0,3,7,4,4,10,30,0.228,0.296,0.342,0.638,72,0.283,71,39,4,1,0,0,0,"345H/17D",0,-0.1,53,125,114,14,26,4,0,3,7,4,4,10,30,0.228,0.296,0.342,0.638,72,0.283,71,39,4,1,0,0,0,0,"2B/SS/3B",32.2,1,900000,900000,1,38
"Adam Rosales","SDP","2016",2.3,105,248,214,37,49,12,3,13,35,4,0,29,88,0.229,0.319,0.495,0.814,118,0.345,111,106,2,1,0,4,2,"54H6/739D",0,2.3,105,248,214,37,49,12,3,13,35,4,0,29,88,0.229,0.319,0.495,0.814,118,0.345,111,106,2,1,0,4,2,1,"2B",33.2,1,672362.379948466,672362.379948466,2,39
"Adam Rosales","2TM","2017",-0.7,105,312,289,25,65,16,0,7,36,1,2,11,100,0.225,0.26,0.353,0.613,62,0.267,56,102,6,4,4,4,1,"65H4/37D",0,-0.7,105,312,289,25,65,16,0,7,36,1,2,11,100,0.225,0.26,0.353,0.613,62,0.267,56,102,6,4,4,4,1,1,"2B/SS/3B",34.2,1,1250000,1250000,3,40
"Adam Wainwright","STL","2021",0.2,33,74,57,1,7,2,0,0,4,0,0,3,25,0.123,0.167,0.158,0.325,-9,0.166,-35,9,2,0,14,0,0,"1/H",3,0.2,33,74,57,1,7,2,0,0,4,0,0,3,25,0.123,0.167,0.158,0.325,-9,0.166,-35,9,2,0,14,0,0,0,"SP/SP1",39.9,1,8000000,8000000,1,43
"Adam Wainwright","STL","2023",0,2,2,2,0,0,0,0,0,0,0,0,0,1,0,0,0,0,-100,0,-129,0,0,0,0,0,0,"1/HD",0,0,2,2,2,0,0,0,0,0,0,0,0,0,1,0,0,0,0,-100,0,-129,0,0,0,0,0,0,0,"SP",41.9,1,18615381.6220844,18615381.6220844,3,45
"Adam Warren","SDP","2019",0,23,0,0,0,0,0,0,0,0,0,0,0,0,0,0,0,0,0,0,0,0,0,0,0,0,0,"1",0,0,23,0,0,0,0,0,0,0,0,0,0,0,0,0,0,0,0,0,0,0,0,0,0,0,0,0,1,"RP",32,1,2500000,2500000,6.036,46
"Adeiny Hechavarria","2TM","2019",0.8,84,221,203,34,49,12,1,9,33,3,1,14,48,0.241,0.299,0.443,0.742,92,0.33,99,90,3,3,0,1,0,"46H/5D",0,0.8,84,221,203,34,49,12,1,9,33,3,1,14,48,0.241,0.299,0.443,0.742,92,0.33,99,90,3,3,0,1,0,1,"SS",30.3,1,3000000,3000000,6.06,48
"Adeiny Hechavarria","ATL","2020",-0.2,27,63,59,7,15,3,0,0,2,0,0,4,12,0.254,0.302,0.305,0.607,61,0.285,63,18,1,0,0,0,0,"4/56HD",0,-0.2,27,63,59,7,15,3,0,0,2,0,0,4,12,0.254,0.302,0.305,0.607,61,0.285,63,18,1,0,0,0,0,0,"SS",31.3,1,1000000,1000000,7.037,49
"Adrian Sampson","TEX","2019",0.1,3,2,2,0,0,0,0,0,0,0,0,0,1,0,0,0,0,-100,0.444,172,0,0,0,0,0,0,"1",0,0.1,3,2,2,0,0,0,0,0,0,0,0,0,1,0,0,0,0,-100,0.444,172,0,0,0,0,0,0,1,"SP",27.8,1,691688.341292727,691688.341292727,0,50
"Adrian Sampson","CHC","2021",-0.1,10,11,7,0,0,0,0,0,0,0,0,0,7,0,0,0,0,-100,0,-265,0,0,0,4,0,0,"1/H",0,-0.1,10,11,7,0,0,0,0,0,0,0,0,0,7,0,0,0,0,-100,0,-265,0,0,0,4,0,0,1,"RP",29.8,1,674990.669239509,674990.669239509,1,51
"Aj Burnett","PHI","2014",0.1,30,65,60,5,8,2,0,0,1,0,0,3,23,0.133,0.175,0.167,0.341,-4,0.175,-16,10,2,0,2,0,0,"1",0,0.1,30,65,60,5,8,2,0,0,1,0,0,3,23,0.133,0.175,0.167,0.341,-4,0.175,-16,10,2,0,2,0,0,1,"SP/SP3",37.6,1,16000000,16000000,14.038,53
"Aj Burnett","PIT","2015",-0.1,24,52,42,1,5,0,0,1,5,0,0,0,20,0.119,0.116,0.19,0.307,-17,0.132,-73,8,1,0,9,1,0,"1",1,-0.1,24,52,42,1,5,0,0,1,5,0,0,0,20,0.119,0.116,0.19,0.307,-17,0.132,-73,8,1,0,9,1,0,1,"SP/SP3",38.6,1,8500000,8500000,15.038,54
"Aj Cole","TOR","2021",0,1,0,0,0,0,0,0,0,0,0,0,0,0,0,0,0,0,0,0,0,0,0,0,0,0,0,"/1",0,0,1,0,0,0,0,0,0,0,0,0,0,0,0,0,0,0,0,0,0,0,0,0,0,0,0,0,0,"RP",29.6,1,1000000,1000000,3.124,56
"Aj Ellis","MIA","2017",0.6,51,163,143,17,30,5,0,6,14,0,0,12,29,0.21,0.298,0.371,0.669,82,0.299,84,53,6,6,2,0,0,"2H",0,0.6,51,163,143,17,30,5,0,6,14,0,0,12,29,0.21,0.298,0.371,0.669,82,0.299,84,53,6,6,2,0,0,1,"C",36.3,1,2500000,2500000,6.151,57
"Aj Ellis","SDP","2018",0.2,66,183,151,19,41,8,0,1,15,0,0,26,37,0.272,0.378,0.344,0.722,104,0.326,105,52,2,1,3,2,1,"2H/7D",0,0.2,66,183,151,19,41,8,0,1,15,0,0,26,37,0.272,0.378,0.344,0.722,104,0.326,105,52,2,1,3,2,1,1,"C",37.3,1,1592005.90142294,1592005.90142294,7.151,58
"Aj Griffin","TEX","2016",0,1,2,2,0,0,0,0,0,0,0,0,0,2,0,0,0,0,-100,0,-148,0,0,0,0,0,0,"1",0,0,1,2,2,0,0,0,0,0,0,0,0,0,2,0,0,0,0,-100,0,-148,0,0,0,0,0,0,1,"RP",28.5,1,507500,507500,3.034,59
"Aj Pierzynski","TEX","2013",1.8,134,529,503,48,137,24,1,17,70,1,1,11,76,0.272,0.297,0.425,0.722,95,0.32,94,214,14,9,0,6,2,"2DH",0,1.8,134,529,503,48,137,24,1,17,70,1,1,11,76,0.272,0.297,0.425,0.722,95,0.32,94,214,14,9,0,6,2,1,NA,36.6,1,7500000,7500000,12.1,61
"Aj Pierzynski","2TM","2014",-0.7,102,362,338,25,85,12,1,5,37,0,1,14,54,0.251,0.288,0.337,0.625,75,0.28,67,114,13,5,1,4,2,"2H/D",0,-0.7,102,362,338,25,85,12,1,5,37,0,1,14,54,0.251,0.288,0.337,0.625,75,0.28,67,114,13,5,1,4,2,1,NA,37.6,1,4375000,4375000,13.1,62
"Aj Pierzynski","ATL","2015",1.3,113,436,407,38,122,24,1,9,49,0,2,19,37,0.3,0.339,0.43,0.769,112,0.342,115,175,19,7,0,3,2,"2/HD",0,1.3,113,436,407,38,122,24,1,9,49,0,2,19,37,0.3,0.339,0.43,0.769,112,0.342,115,175,19,7,0,3,2,1,NA,38.6,1,2000000,2000000,14.1,63
"Aj Pierzynski","ATL","2016",-1.4,81,259,247,15,54,15,0,2,23,1,0,6,29,0.219,0.243,0.304,0.547,46,0.245,37,75,13,3,0,3,1,"2H",0,-1.4,81,259,247,15,54,15,0,2,23,1,0,6,29,0.219,0.243,0.304,0.547,46,0.245,37,75,13,3,0,3,1,0,NA,39.6,1,3000000,3000000,15.1,64
"Aj Pollock","LAD","2019",0,86,342,308,49,82,15,1,15,47,5,1,23,74,0.266,0.327,0.468,0.795,107,0.338,104,144,7,7,0,4,1,"87/HD",0,0,86,342,308,49,82,15,1,15,47,5,1,23,74,0.266,0.327,0.468,0.795,107,0.338,104,144,7,7,0,4,1,1,"LF",31.7,5,60000000,12000000,6.052,65
"Aj Pollock","LAD","2020",0.8,55,210,196,30,54,9,0,16,34,2,2,12,45,0.276,0.314,0.566,0.881,132,0.364,127,111,6,0,0,2,1,"78D/H",0,0.8,55,210,196,30,54,9,0,16,34,2,2,12,45,0.276,0.314,0.566,0.881,132,0.364,127,111,6,0,0,2,1,1,"LF",32.7,5,60000000,12000000,7.052,65
"Aj Pollock","LAD","2021",3,117,422,384,53,114,27,1,21,69,9,1,30,80,0.297,0.355,0.536,0.892,134,0.383,133,206,4,6,0,2,4,"7H/8",0,3,117,422,384,53,114,27,1,21,69,9,1,30,80,0.297,0.355,0.536,0.892,134,0.383,133,206,4,6,0,2,4,1,"LF",33.7,5,60000000,12000000,8.052,65
"Aj Pollock","CHW","2022",0.4,138,527,489,61,120,26,1,14,56,3,1,32,98,0.245,0.292,0.389,0.681,92,0.302,90,190,13,2,0,4,0,"789/H",0,0.4,138,527,489,61,120,26,1,14,56,3,1,32,98,0.245,0.292,0.389,0.681,92,0.302,90,190,13,2,0,4,0,1,"LF",34.7,5,60000000,12000000,9.052,65
"Aj Pollock","2TM","2023",-0.7,54,144,133,15,22,4,0,5,15,0,1,9,32,0.165,0.215,0.308,0.524,47,0.233,48,41,1,0,0,2,0,"7DH/89",0,-0.7,54,144,133,15,22,4,0,5,15,0,1,9,32,0.165,0.215,0.308,0.524,47,0.233,48,41,1,0,0,2,0,1,"LF",35.7,5,60000000,12000000,10.052,65
"Aj Pollock","2TM","2023",-0.7,54,144,133,15,22,4,0,5,15,0,1,9,32,0.165,0.215,0.308,0.524,47,0.233,48,41,1,0,0,2,0,"7DH/89",0,-0.7,54,144,133,15,22,4,0,5,15,0,1,9,32,0.165,0.215,0.308,0.524,47,0.233,48,41,1,0,0,2,0,1,"LF",35.7,1,7000000,7000000,10.052,66
"Albert Pujols","LAA","2012",4.8,154,670,607,85,173,50,0,30,105,8,1,52,76,0.285,0.343,0.516,0.859,138,0.366,136,313,19,5,0,6,16,"3D/5",2,4.8,154,670,607,85,173,50,0,30,105,8,1,52,76,0.285,0.343,0.516,0.859,138,0.366,136,313,19,5,0,6,16,1,"DH/1B",32.5,10,240000000,24000000,11,67
"Albert Pujols","LAA","2013",1.6,99,443,391,49,101,19,0,17,64,1,1,40,55,0.258,0.33,0.437,0.767,116,0.344,121,171,18,5,0,7,8,"D3",0,1.6,99,443,391,49,101,19,0,17,64,1,1,40,55,0.258,0.33,0.437,0.767,116,0.344,121,171,18,5,0,7,8,1,"DH/1B",33.5,10,240000000,24000000,12,67
"Albert Pujols","LAA","2014",3.9,159,695,633,89,172,37,1,28,105,5,1,48,71,0.272,0.324,0.466,0.79,126,0.354,130,295,28,5,0,9,11,"3D/5",2,3.9,159,695,633,89,172,37,1,28,105,5,1,48,71,0.272,0.324,0.466,0.79,126,0.354,130,295,28,5,0,9,11,1,"DH/1B",34.5,10,240000000,24000000,13,67
"Albert Pujols","LAA","2015",3.1,157,661,602,85,147,22,0,40,95,5,3,50,72,0.244,0.307,0.48,0.787,118,0.338,117,289,15,6,0,3,10,"3D/5",1,3.1,157,661,602,85,147,22,0,40,95,5,3,50,72,0.244,0.307,0.48,0.787,118,0.338,117,289,15,6,0,3,10,1,"DH/1B",35.5,10,240000000,24000000,14,67
"Albert Pujols","LAA","2016",1.5,152,650,593,71,159,19,0,31,119,4,0,49,75,0.268,0.323,0.457,0.78,113,0.339,113,271,24,2,0,6,6,"D3/H",0,1.5,152,650,593,71,159,19,0,31,119,4,0,49,75,0.268,0.323,0.457,0.78,113,0.339,113,271,24,2,0,6,6,1,"DH/1B",36.5,10,240000000,24000000,15,67
"Albert Pujols","LAA","2017",-2,149,636,593,53,143,17,0,23,101,3,0,37,93,0.241,0.286,0.386,0.672,80,0.288,72,229,26,2,0,4,5,"D/3H",0,-2,149,636,593,53,143,17,0,23,101,3,0,37,93,0.241,0.286,0.386,0.672,80,0.288,72,229,26,2,0,4,5,1,"DH/1B",37.5,10,240000000,24000000,16,67
"Albert Pujols","LAA","2018",0.2,117,498,465,50,114,20,0,19,64,1,0,28,65,0.245,0.289,0.411,0.7,91,0.314,95,191,12,2,0,3,3,"3D",0,0.2,117,498,465,50,114,20,0,19,64,1,0,28,65,0.245,0.289,0.411,0.7,91,0.314,95,191,12,2,0,3,3,1,"DH/1B",38.5,10,240000000,24000000,17,67
"Albert Pujols","LAA","2019",0.2,131,545,491,55,120,22,0,23,93,3,0,43,68,0.244,0.305,0.43,0.734,92,0.32,92,211,21,3,0,8,1,"3D/H5",0,0.2,131,545,491,55,120,22,0,23,93,3,0,43,68,0.244,0.305,0.43,0.734,92,0.32,92,211,21,3,0,8,1,1,"DH/1B",39.5,10,240000000,24000000,18,67
"Albert Pujols","LAA","2020",-0.1,39,163,152,15,34,8,0,6,25,0,0,9,25,0.224,0.27,0.395,0.665,79,0.283,70,60,4,1,0,1,1,"3D/H",0,-0.1,39,163,152,15,34,8,0,6,25,0,0,9,25,0.224,0.27,0.395,0.665,79,0.283,70,60,4,1,0,1,1,1,"DH/1B",40.5,10,240000000,24000000,19,67
"Albert Pujols","2TM","2021",-0.6,109,296,275,29,65,3,0,17,50,2,0,14,45,0.236,0.284,0.433,0.717,89,0.305,80,119,14,5,0,2,3,"3H/D5",0,-0.6,109,296,275,29,65,3,0,17,50,2,0,14,45,0.236,0.284,0.433,0.717,89,0.305,80,119,14,5,0,2,3,1,"DH/1B",41.5,10,240000000,24000000,20,67
"Albert Pujols","2TM","2021",-0.6,109,296,275,29,65,3,0,17,50,2,0,14,45,0.236,0.284,0.433,0.717,89,0.305,80,119,14,5,0,2,3,"3H/D5",0,-0.6,109,296,275,29,65,3,0,17,50,2,0,14,45,0.236,0.284,0.433,0.717,89,0.305,80,119,14,5,0,2,3,1,"DH/1B",41.5,1,570500,570500,20,68
"Albert Pujols","STL","2022",2.1,109,351,307,42,83,14,0,24,68,1,2,28,55,0.27,0.345,0.55,0.895,151,0.385,153,169,13,10,0,6,1,"DH3/1",1,2.1,109,351,307,42,83,14,0,24,68,1,2,28,55,0.27,0.345,0.55,0.895,151,0.385,153,169,13,10,0,6,1,1,"DH/1B",42.5,1,2500000,2500000,21,69
"Alcides Escobar","KCR","2018",-2.1,140,531,485,54,112,22,3,4,34,8,2,29,74,0.231,0.279,0.313,0.593,63,0.275,63,152,14,5,8,4,1,"65/84",0,-2.1,140,531,485,54,112,22,3,4,34,8,2,29,74,0.231,0.279,0.313,0.593,63,0.275,63,152,14,5,8,4,1,0,"SS",31.7,1,2500000,2500000,8.082,70
"Alcides Escobar","WSN","2021",1.6,75,349,319,53,92,21,2,4,28,3,0,17,56,0.288,0.34,0.404,0.744,105,0.33,104,129,2,9,2,2,0,"64",0,1.6,75,349,319,53,92,21,2,4,28,3,0,17,56,0.288,0.34,0.404,0.744,105,0.33,104,129,2,9,2,2,0,0,"SS",34.7,1,674990.669239509,674990.669239509,9.082,71
"Alejandro De Aza","NYM","2016",-0.4,130,267,234,31,48,9,0,6,25,4,3,26,67,0.205,0.297,0.321,0.618,68,0.28,66,75,5,5,1,1,1,"H879",0,-0.4,130,267,234,31,48,9,0,6,25,4,3,26,67,0.205,0.297,0.321,0.618,68,0.28,66,75,5,5,1,1,1,1,"LF",32.3,1,5750000,5750000,6.139,72
"Alejandro De Aza","WSN","2017",-0.1,28,70,62,8,12,2,3,0,9,1,0,3,16,0.194,0.224,0.323,0.546,39,0.251,28,20,1,0,3,2,1,"97H/8",0,-0.1,28,70,62,8,12,2,3,0,9,1,0,3,16,0.194,0.224,0.323,0.546,39,0.251,28,20,1,0,3,2,1,1,"LF",33.3,1,695958.90057858,695958.90057858,7.139,73
"Alex Avila","CHW","2016",0.9,57,209,169,19,36,6,0,7,11,0,0,38,78,0.213,0.359,0.373,0.732,103,0.328,105,63,3,1,0,1,0,"2/DH",0,0.9,57,209,169,19,36,6,0,7,11,0,0,38,78,0.213,0.359,0.373,0.732,103,0.328,105,63,3,1,0,1,0,1,"C",29.5,1,2500000,2500000,6.061,75
"Alex Avila","2TM","2017",2.8,112,376,311,41,82,13,1,14,49,0,1,62,120,0.264,0.387,0.447,0.834,120,0.364,122,139,10,1,1,1,2,"2H3/D",0,2.8,112,376,311,41,82,13,1,14,49,0,1,62,120,0.264,0.387,0.447,0.834,120,0.364,122,139,10,1,1,1,2,1,"C",30.5,1,2000000,2000000,7.061,76
"Alex Avila","ARI","2018",0,80,234,194,13,32,6,0,7,20,0,0,37,90,0.165,0.299,0.304,0.603,61,0.279,57,59,4,1,0,2,2,"2H/31",0,0,80,234,194,13,32,6,0,7,20,0,0,37,90,0.165,0.299,0.304,0.603,61,0.279,57,59,4,1,0,2,2,1,"C",31.5,2,8250000,4125000,8.061,77
"Alex Avila","ARI","2019",1.2,63,201,164,22,34,8,0,9,24,1,0,36,68,0.207,0.353,0.421,0.774,100,0.331,95,69,8,1,0,0,7,"2/H1",0,1.2,63,201,164,22,34,8,0,9,24,1,0,36,68,0.207,0.353,0.421,0.774,100,0.331,95,69,8,1,0,0,7,1,"C",32.5,2,8250000,4125000,9.061,77
"Alex Avila","MIN","2020",0.4,23,62,49,6,9,2,0,1,2,0,0,11,22,0.184,0.355,0.286,0.641,82,0.305,88,14,2,2,0,0,0,"2/DH",0,0.4,23,62,49,6,9,2,0,1,2,0,0,11,22,0.184,0.355,0.286,0.641,82,0.305,88,14,2,2,0,0,0,1,"C",33.5,1,4250000,4250000,10.061,78
"Alex Avila","WSN","2021",0.7,34,111,89,5,17,9,1,1,9,0,0,19,37,0.191,0.345,0.348,0.694,93,0.312,93,31,4,2,1,0,1,"2/H4",0,0.7,34,111,89,5,17,9,1,1,9,0,0,19,37,0.191,0.345,0.348,0.694,93,0.312,93,31,4,2,1,0,1,1,"C",34.5,1,1500000,1500000,11.061,79
"Alex Claudio","LAA","2021",0,8,0,0,0,0,0,0,0,0,0,0,0,0,0,0,0,0,0,0,0,0,0,0,0,0,0,"1",0,0,8,0,0,0,0,0,0,0,0,0,0,0,0,0,0,0,0,0,0,0,0,0,0,0,0,0,1,"RP",29.5,1,1125000,1125000,5.114,81
"Alex Cobb","BAL","2018",0,3,7,6,0,1,0,0,0,0,0,0,0,2,0.167,0.167,0.167,0.333,-7,0.149,-44,1,0,0,1,0,0,"1",0,0,3,7,6,0,1,0,0,0,0,0,0,0,2,0.167,0.167,0.167,0.333,-7,0.149,-44,1,0,0,1,0,0,1,"SP/SP4",30.8,4,57000000,14250000,0,82
"Alex Cobb","LAA","2021",0,1,1,1,0,0,0,0,0,0,0,0,0,0,0,0,0,0,-100,0,-125,0,0,0,0,0,0,"1",0,0,1,1,1,0,0,0,0,0,0,0,0,0,0,0,0,0,0,-100,0,-125,0,0,0,0,0,0,1,"SP/SP4",33.8,4,57000000,14250000,3,82
"Alex Gonzalez","MIL","2012",0.2,24,89,81,8,21,4,0,4,15,1,1,6,15,0.259,0.326,0.457,0.783,106,0.34,104,37,1,2,0,0,0,"6",0,0.2,24,89,81,8,21,4,0,4,15,1,1,6,15,0.259,0.326,0.457,0.783,106,0.34,104,37,1,2,0,0,0,1,"SS",35.4,1,4250000,4250000,2.099,88
"Alex Gonzalez","MIL","2013",-1,41,118,113,14,20,3,0,1,8,0,0,3,26,0.177,0.203,0.23,0.433,19,0.197,0,26,1,1,0,1,0,"35H/6",0,-1,41,118,113,14,20,3,0,1,8,0,0,3,26,0.177,0.203,0.23,0.433,19,0.197,0,26,1,1,0,1,0,0,"SS",36.4,1,1450000,1450000,3.099,89
"Alex Gordon","KCR","2016",0.8,128,506,445,62,98,16,2,17,40,8,1,52,148,0.22,0.312,0.38,0.692,85,0.309,82,169,9,8,0,1,3,"7/H",0,0.8,128,506,445,62,98,16,2,17,40,8,1,52,148,0.22,0.312,0.38,0.692,85,0.309,82,169,9,8,0,1,3,0,"OF",32.5,4,72000000,18000000,8.092,90
"Alex Gordon","KCR","2017",-0.1,148,541,476,52,99,20,2,9,45,7,4,45,126,0.208,0.293,0.315,0.608,63,0.275,60,150,7,14,2,4,3,"78/H9",1,-0.1,148,541,476,52,99,20,2,9,45,7,4,45,126,0.208,0.293,0.315,0.608,63,0.275,60,150,7,14,2,4,3,0,"OF",33.5,4,72000000,18000000,9.092,90
"Alex Gordon","KCR","2018",2,141,568,506,56,124,24,0,13,54,12,2,50,124,0.245,0.324,0.37,0.694,90,0.309,87,187,7,10,0,2,4,"78/D9",1,2,141,568,506,56,124,24,0,13,54,12,2,50,124,0.245,0.324,0.37,0.694,90,0.309,87,187,7,10,0,2,4,0,"OF",34.5,4,72000000,18000000,10.092,90
"Alex Gordon","KCR","2019",1.1,150,633,556,77,148,31,1,13,76,5,3,51,100,0.266,0.345,0.396,0.741,95,0.323,94,220,13,19,1,6,4,"7/1DH",1,1.1,150,633,556,77,148,31,1,13,76,5,3,51,100,0.266,0.345,0.396,0.741,95,0.323,94,220,13,19,1,6,4,0,"OF",35.5,4,72000000,18000000,11.092,90
"Alex Gordon","KCR","2020",0.3,50,184,163,15,34,4,0,4,11,0,0,18,37,0.209,0.299,0.307,0.606,65,0.288,71,50,0,3,0,0,0,"7/H",1,0.3,50,184,163,15,34,4,0,4,11,0,0,18,37,0.209,0.299,0.307,0.606,65,0.288,71,50,0,3,0,0,0,0,"OF",36.5,1,4000000,4000000,12.092,91
"Alex Wood","SFG","2021",-0.3,24,47,38,0,0,0,0,0,0,0,1,5,26,0,0.116,0,0.116,-64,0.069,-90,0,0,0,4,0,0,"1",0,-0.3,24,47,38,0,0,0,0,0,0,0,1,5,26,0,0.116,0,0.116,-64,0.069,-90,0,0,0,4,0,0,1,"SP/SP3",30.6,1,3000000,3000000,1,93
"Alexi Ogando","BOS","2015",0,4,0,0,0,0,0,0,0,0,0,0,0,0,0,0,0,0,0,0,0,0,0,0,0,0,0,"1",0,0,4,0,0,0,0,0,0,0,0,0,0,0,0,0,0,0,0,0,0,0,0,0,0,0,0,0,1,"RP",31.8,1,1500000,1500000,0,97
"Alexi Ogando","ATL","2016",0,34,0,0,0,0,0,0,0,0,0,0,0,0,0,0,0,0,0,0,0,0,0,0,0,0,0,"1",0,0,34,0,0,0,0,0,0,0,0,0,0,0,0,0,0,0,0,0,0,0,0,0,0,0,0,0,1,"RP",32.8,1,2000000,2000000,1,98
"Amed Rosario","3TM","2024",-0.1,103,346,332,29,93,18,3,3,32,13,5,9,73,0.28,0.306,0.38,0.686,94,0.312,98,126,10,4,0,1,0,"49DH56",0,-0.1,103,346,332,29,93,18,3,3,32,13,5,9,73,0.28,0.306,0.38,0.686,94,0.312,98,126,10,4,0,1,0,1,"SS",28,1,1500000,1500000,0,99
"Amed Rosario","2TM","2025",0.3,62,191,181,20,50,11,0,6,23,1,0,7,31,0.276,0.309,0.436,0.745,109,0.328,109,79,6,2,0,1,0,"54H/9D16",0,0.3,62,191,181,20,50,11,0,6,23,1,0,7,31,0.276,0.309,0.436,0.745,109,0.328,109,79,6,2,0,1,0,1,"SS",29,1,2000000,2000000,1,100
"Andrelton Simmons","MIN","2021",1.3,131,451,412,37,92,12,0,3,31,1,0,32,62,0.223,0.283,0.274,0.558,57,0.253,54,113,14,3,3,1,0,"6/H",0,1.3,131,451,412,37,92,12,0,3,31,1,0,32,62,0.223,0.283,0.274,0.558,57,0.253,54,113,14,3,3,1,0,1,"SS",31.9,1,10500000,10500000,8.122,105
"Andrelton Simmons","CHC","2022",-0.1,34,85,75,8,13,1,0,0,7,4,0,7,13,0.173,0.244,0.187,0.431,23,0.215,12,14,5,0,3,0,0,"46/DH1",0,-0.1,34,85,75,8,13,1,0,0,7,4,0,7,13,0.173,0.244,0.187,0.431,23,0.215,12,14,5,0,3,0,0,1,"SS",32.9,1,4000000,4000000,9.122,106
"Andres Blanco","PHI","2017",-0.4,80,144,130,10,25,4,0,3,13,1,0,12,34,0.192,0.257,0.292,0.549,45,0.245,35,38,1,0,0,2,0,"H543/61D",0,-0.4,80,144,130,10,25,4,0,3,13,1,0,12,34,0.192,0.257,0.292,0.549,45,0.245,35,38,1,0,0,2,0,0,"3B",33.3,1,3000000,3000000,6.007,107
"Andrew Bailey","PHI","2016",0,30,0,0,0,0,0,0,0,0,0,0,0,0,0,0,0,0,0,0,0,0,0,0,0,0,0,"1",0,0,30,0,0,0,0,0,0,0,0,0,0,0,0,0,0,0,0,0,0,0,0,0,0,0,0,0,1,"RP",32.2,1,672362.379948466,672362.379948466,1,110
"Andrew Bailey","LAA","2017",0,1,0,0,0,0,0,0,0,0,0,0,0,0,0,0,0,0,0,0,0,0,0,0,0,0,0,"/1",0,0,1,0,0,0,0,0,0,0,0,0,0,0,0,0,0,0,0,0,0,0,0,0,0,0,0,0,0,"RP",33.2,1,1300857.7580908,1300857.7580908,2,111
"Andrew Bellatti","MIA","2021",0,3,0,0,0,0,0,0,0,0,0,0,0,0,0,0,0,0,0,0,0,0,0,0,0,0,0,"/1",0,0,3,0,0,0,0,0,0,0,0,0,0,0,0,0,0,0,0,0,0,0,0,0,0,0,0,0,1,"RP",29,1,674990.669239509,674990.669239509,0,112
"Andrew Bellatti","PHI","2022",0,1,0,0,0,0,0,0,0,0,0,0,0,0,0,0,0,0,0,0,0,0,0,0,0,0,0,"1",0,0,1,0,0,0,0,0,0,0,0,0,0,0,0,0,0,0,0,0,0,0,0,0,0,0,0,0,1,"RP",30,1,780223.372192982,780223.372192982,1,113
"Andrew Cashner","TEX","2017",0.1,2,7,5,0,1,0,0,0,1,0,0,0,2,0.2,0.167,0.2,0.367,-6,0.282,50,1,0,0,1,1,0,"1",0,0.1,2,7,5,0,1,0,0,0,1,0,0,0,2,0.2,0.167,0.2,0.367,-6,0.282,50,1,0,0,1,1,0,1,"RP",30.9,1,10000000,10000000,6.126,114
"Andrew Cashner","BAL","2018",0,2,3,3,0,0,0,0,0,0,0,0,0,1,0,0,0,0,-100,0,-131,0,0,0,0,0,0,"1/H",0,0,2,3,3,0,0,0,0,0,0,0,0,0,1,0,0,0,0,-100,0,-131,0,0,0,0,0,0,1,"RP",31.9,2,16000000,8000000,7.126,115
"Andrew Cashner","2TM","2019",0,3,3,3,1,0,0,0,0,0,0,0,0,0,0,0,0,0,-100,0,-129,0,0,0,0,0,0,"1",0,0,3,3,3,1,0,0,0,0,0,0,0,0,0,0,0,0,0,-100,0,-129,0,0,0,0,0,0,1,"RP",32.9,2,16000000,8000000,8.126,115
"Andrew Chafin","2TM","2021",0,42,0,0,0,0,0,0,0,0,0,0,0,0,0,0,0,0,0,0,0,0,0,0,0,0,0,"1",0,0,42,0,0,0,0,0,0,0,0,0,0,0,0,0,0,0,0,0,0,0,0,0,0,0,0,0,0,"RP/CL",31.2,1,2750000,2750000,0,116
"Andrew Chafin","ARI","2023",0,3,0,0,0,0,0,0,0,0,0,0,0,0,0,0,0,0,0,0,0,0,0,0,0,0,0,"1",0,0,3,0,0,0,0,0,0,0,0,0,0,0,0,0,0,0,0,0,0,0,0,0,0,0,0,0,1,"RP/CL",33.2,2,13000000,6500000,2,117
"Andrew Chafin","ARI","2023",0,3,0,0,0,0,0,0,0,0,0,0,0,0,0,0,0,0,0,0,0,0,0,0,0,0,0,"1",0,0,3,0,0,0,0,0,0,0,0,0,0,0,0,0,0,0,0,0,0,0,0,0,0,0,0,0,1,"RP/CL",33.2,1,6250000,6250000,3,118
"Andrew Kittredge","TBR","2021",0,5,0,0,0,0,0,0,0,0,0,0,0,0,0,0,0,0,0,0,0,0,0,0,0,0,0,"1",1,0,5,0,0,0,0,0,0,0,0,0,0,0,0,0,0,0,0,0,0,0,0,0,0,0,0,0,1,"RP",31.4,1,887367.225117671,887367.225117671,0,124
"Andrew Kittredge","STL","2024",0,1,0,0,0,0,0,0,0,0,0,0,0,0,0,0,0,0,0,0,0,0,0,0,0,0,0,"1",0,0,1,0,0,0,0,0,0,0,0,0,0,0,0,0,0,0,0,0,0,0,0,0,0,0,0,0,1,"RP",34.4,1,2704641.56397049,2704641.56397049,2,126
"Andrew Kittredge","BAL","2025",0,2,0,0,0,0,0,0,0,0,0,0,0,0,0,0,0,0,0,0,0,0,0,0,0,0,0,"1",0,0,2,0,0,0,0,0,0,0,0,0,0,0,0,0,0,0,0,0,0,0,0,0,0,0,0,0,1,"RP",35.4,1,10000000,10000000,3,127
"Andrew Mccutchen","PHI","2019",1.7,59,262,219,45,56,12,1,10,29,2,1,43,55,0.256,0.378,0.457,0.834,116,0.363,120,100,1,0,0,0,0,"78/D",0,1.7,59,262,219,45,56,12,1,10,29,2,1,43,55,0.256,0.378,0.457,0.834,116,0.363,120,100,1,0,0,0,0,1,"RF/RF",32.8,3,50000000,16666666.6666667,0,128
"Andrew Mccutchen","PHI","2020",-0.1,57,241,217,32,55,9,0,10,34,4,0,22,48,0.253,0.324,0.433,0.757,102,0.338,103,94,4,1,0,1,0,"7D/H",0,-0.1,57,241,217,32,55,9,0,10,34,4,0,22,48,0.253,0.324,0.433,0.757,102,0.338,103,94,4,1,0,1,0,1,"RF/RF",33.8,3,50000000,16666666.6666667,1,128
"Andrew Mccutchen","PHI","2021",1.2,144,574,482,78,107,24,1,27,80,6,1,81,132,0.222,0.334,0.444,0.778,109,0.342,109,214,10,4,0,7,2,"7H/D",0,1.2,144,574,482,78,107,24,1,27,80,6,1,81,132,0.222,0.334,0.444,0.778,109,0.342,109,214,10,4,0,7,2,1,"RF/RF",34.8,3,50000000,16666666.6666667,2,128
"Andrew Mccutchen","MIL","2022",1,134,580,515,66,122,25,0,17,69,8,6,57,124,0.237,0.316,0.384,0.7,97,0.31,96,198,10,4,0,4,1,"D79/8H",0,1,134,580,515,66,122,25,0,17,69,8,6,57,124,0.237,0.316,0.384,0.7,97,0.31,96,198,10,4,0,4,1,1,"RF/RF",35.8,1,8500000,8500000,3,129
"Andrew Mccutchen","PIT","2023",1.4,112,473,390,55,100,19,0,12,43,11,3,75,100,0.256,0.378,0.397,0.776,112,0.348,113,155,8,4,0,4,1,"D/9H",0,1.4,112,473,390,55,100,19,0,12,43,11,3,75,100,0.256,0.378,0.397,0.776,112,0.348,113,155,8,4,0,4,1,1,"RF/RF",36.8,1,5000000,5000000,4,130
"Andrew Mccutchen","PIT","2024",0.9,120,515,448,66,104,18,1,20,50,3,2,58,133,0.232,0.328,0.411,0.739,106,0.332,111,184,9,7,0,2,1,"D/9H",0,0.9,120,515,448,66,104,18,1,20,50,3,2,58,133,0.232,0.328,0.411,0.739,106,0.332,111,184,9,7,0,2,1,0,"RF/RF",37.8,1,5000000,5000000,5,131
"Andrew Mccutchen","PIT","2025",0.1,135,551,477,51,114,22,0,13,57,1,1,67,118,0.239,0.333,0.367,0.7,95,0.311,94,175,12,2,0,3,5,"D/H97",0,0.1,135,551,477,51,114,22,0,13,57,1,1,67,118,0.239,0.333,0.367,0.7,95,0.311,94,175,12,2,0,3,5,0,"DH/DH",38.8,1,5000000,5000000,6,132
"Andrew Miller","NYY","2015",0,4,0,0,0,0,0,0,0,0,0,0,0,0,0,0,0,0,0,0,0,0,0,0,0,0,0,"1",2,0,4,0,0,0,0,0,0,0,0,0,0,0,0,0,0,0,0,0,0,0,0,0,0,0,0,0,1,"RP",30.2,4,36000000,9000000,0,133
"Andrew Miller","2TM","2016",0,5,0,0,0,0,0,0,0,0,0,0,0,0,0,0,0,0,0,0,0,0,0,0,0,0,0,"1",2,0,5,0,0,0,0,0,0,0,0,0,0,0,0,0,0,0,0,0,0,0,0,0,0,0,0,0,1,"RP",31.2,4,36000000,9000000,1,133
"Andrew Miller","CLE","2017",0,5,1,1,0,0,0,0,0,0,0,0,0,1,0,0,0,0,-100,0,-142,0,0,0,0,0,0,"1",1,0,5,1,1,0,0,0,0,0,0,0,0,0,1,0,0,0,0,-100,0,-142,0,0,0,0,0,0,1,"RP",32.2,4,36000000,9000000,2,133
"Andrew Miller","CLE","2018",0,3,1,1,0,0,0,0,0,0,0,0,0,1,0,0,0,0,-100,0,-133,0,0,0,0,0,0,"1",0,0,3,1,1,0,0,0,0,0,0,0,0,0,1,0,0,0,0,-100,0,-133,0,0,0,0,0,0,1,"RP",33.2,4,36000000,9000000,3,133
"Andrew Miller","STL","2019",0,67,0,0,0,0,0,0,0,0,0,0,0,0,0,0,0,0,0,0,0,0,0,0,0,0,0,"1",0,0,67,0,0,0,0,0,0,0,0,0,0,0,0,0,0,0,0,0,0,0,0,0,0,0,0,0,1,"RP",34.2,2,25000000,12500000,4,134
"Andrew Miller","STL","2021",0,37,0,0,0,0,0,0,0,0,0,0,0,0,0,0,0,0,0,0,0,0,0,0,0,0,0,"1",0,0,37,0,0,0,0,0,0,0,0,0,0,0,0,0,0,0,0,0,0,0,0,0,0,0,0,0,0,"RP",36.2,2,30635466.7473561,15317733.3736781,7,135
"Andrew Miller","STL","2021",0,37,0,0,0,0,0,0,0,0,0,0,0,0,0,0,0,0,0,0,0,0,0,0,0,0,0,"1",0,0,37,0,0,0,0,0,0,0,0,0,0,0,0,0,0,0,0,0,0,0,0,0,0,0,0,0,0,"RP",36.2,2,29578907.5039224,14789453.7519612,8,136
"Angel Perdomo","MIL","2021",0,19,0,0,0,0,0,0,0,0,0,0,0,0,0,0,0,0,0,0,0,0,0,0,0,0,0,"1",0,0,19,0,0,0,0,0,0,0,0,0,0,0,0,0,0,0,0,0,0,0,0,0,0,0,0,0,1,"RP",26,1,674990.669239509,674990.669239509,0,137
"Anthony Banda","ARI","2017",-0.1,7,6,5,0,0,0,0,0,0,0,0,0,3,0,0,0,0,-100,0,-200,0,0,0,1,0,0,"/1",0,-0.1,7,6,5,0,0,0,0,0,0,0,0,0,3,0,0,0,0,-100,0,-200,0,0,0,1,0,0,1,"RP",24,1,695958.90057858,695958.90057858,0,141
"Anthony Banda","2TM","2021",0,29,1,1,1,0,0,0,0,0,0,0,0,0,0,0,0,0,-100,0,-125,0,0,0,0,0,0,"1",0,0,29,1,1,1,0,0,0,0,0,0,0,0,0,0,0,0,0,-100,0,-125,0,0,0,0,0,0,1,"RP",28,1,674990.669239509,674990.669239509,2,143
"Anthony Banda","LAD","2025",0,1,0,0,0,0,0,0,0,0,0,0,0,0,0,0,0,0,0,0,0,0,0,0,0,0,0,"1",0,0,1,0,0,0,0,0,0,0,0,0,0,0,0,0,0,0,0,0,0,0,0,0,0,0,0,0,1,"RP",32,1,1000000,1000000,6,147
"Anthony Bass","SEA","2019",0,3,0,0,0,0,0,0,0,0,0,0,0,0,0,0,0,0,0,0,0,0,0,0,0,0,0,"1",0,0,3,0,0,0,0,0,0,0,0,0,0,0,0,0,0,0,0,0,0,0,0,0,0,0,0,0,1,"RP",31.8,1,691688.341292727,691688.341292727,0,148
"Anthony Bass","MIA","2021",0,67,0,0,0,0,0,0,0,0,0,0,0,0,0,0,0,0,0,0,0,0,0,0,0,0,0,"1",0,0,67,0,0,0,0,0,0,0,0,0,0,0,0,0,0,0,0,0,0,0,0,0,0,0,0,0,1,"RP",33.8,2,5000000,2500000,2,150
"Anthony Bass","MIA","2022",0,1,0,0,0,0,0,0,0,0,0,0,0,0,0,0,0,0,0,0,0,0,0,0,0,0,0,"1/DH",0,0,1,0,0,0,0,0,0,0,0,0,0,0,0,0,0,0,0,0,0,0,0,0,0,0,0,0,1,"RP",34.8,2,5000000,2500000,3,150
"Anthony Bass","MIA","2022",0,1,0,0,0,0,0,0,0,0,0,0,0,0,0,0,0,0,0,0,0,0,0,0,0,0,0,"1/DH",0,0,1,0,0,0,0,0,0,0,0,0,0,0,0,0,0,0,0,0,0,0,0,0,0,0,0,0,1,"RP",34.8,2,5573024.08709273,2786512.04354636,4,151
"Anthony Bender","MIA","2021",0,56,2,2,0,0,0,0,0,0,0,0,0,1,0,0,0,0,-100,0,-135,0,0,0,0,0,0,"1/H",0,0,56,2,2,0,0,0,0,0,0,0,0,0,1,0,0,0,0,-100,0,-135,0,0,0,0,0,0,1,"RP",26.5,1,674990.669239509,674990.669239509,0,152
"Anthony Desclafani","SFG","2021",-0.2,33,62,51,2,2,1,0,0,1,0,0,4,33,0.039,0.109,0.059,0.168,-52,0.106,-76,3,0,0,7,0,0,"1/H",0,-0.2,33,62,51,2,2,1,0,0,1,0,0,4,33,0.039,0.109,0.059,0.168,-52,0.106,-76,3,0,0,7,0,0,1,"SP",31.3,1,6000000,6000000,0,156
"Anthony Recker","ATL","2016",0.6,33,112,90,6,25,8,0,2,15,1,0,16,22,0.278,0.394,0.433,0.828,123,0.375,131,39,0,2,3,1,1,"2/H",0,0.6,33,112,90,6,25,8,0,2,15,1,0,16,22,0.278,0.394,0.433,0.828,123,0.375,131,39,0,2,3,1,1,1,"C",32.9,1,672362.379948466,672362.379948466,0,161
"Anthony Rizzo","NYY","2022",2.3,130,548,465,77,104,21,1,32,75,6,5,58,101,0.224,0.338,0.48,0.817,130,0.35,127,223,13,23,0,2,6,"3/DH",0,2.3,130,548,465,77,104,21,1,32,75,6,5,58,101,0.224,0.338,0.48,0.817,130,0.35,127,223,13,23,0,2,6,0,"1B",33,2,32000000,16000000,9.168,163
"Anthony Rizzo","NYY","2023",0.5,99,421,373,45,91,14,0,12,41,0,3,35,97,0.244,0.328,0.378,0.706,94,0.309,94,141,10,12,0,1,1,"3/D",0,0.5,99,421,373,45,91,14,0,12,41,0,3,35,97,0.244,0.328,0.378,0.706,94,0.309,94,141,10,12,0,1,1,0,"1B",34,2,32000000,16000000,10.168,163
"Anthony Rizzo","NYY","2023",0.5,99,421,373,45,91,14,0,12,41,0,3,35,97,0.244,0.328,0.378,0.706,94,0.309,94,141,10,12,0,1,1,"3/D",0,0.5,99,421,373,45,91,14,0,12,41,0,3,35,97,0.244,0.328,0.378,0.706,94,0.309,94,141,10,12,0,1,1,0,"1B",34,2,40000000,20000000,10.168,164
"Anthony Rizzo","NYY","2024",0.2,92,375,337,38,77,12,0,8,35,0,0,27,65,0.228,0.301,0.335,0.637,82,0.297,89,113,7,9,0,2,0,"3/H",0,0.2,92,375,337,38,77,12,0,8,35,0,0,27,65,0.228,0.301,0.335,0.637,82,0.297,89,113,7,9,0,2,0,0,"1B",35,2,40000000,20000000,11.168,164
"Anthony Swarzak","2TM","2017",0,30,0,0,0,0,0,0,0,0,0,0,0,0,0,0,0,0,0,0,0,0,0,0,0,0,0,"1",0,0,30,0,0,0,0,0,0,0,0,0,0,0,0,0,0,0,0,0,0,0,0,0,0,0,0,0,1,"RP",31.9,1,900000,900000,1,166
"Anthony Swarzak","NYM","2018",0,27,0,0,0,0,0,0,0,0,0,0,0,0,0,0,0,0,0,0,0,0,0,0,0,0,0,"1",0,0,27,0,0,0,0,0,0,0,0,0,0,0,0,0,0,0,0,0,0,0,0,0,0,0,0,0,1,"RP",32.9,2,14000000,7000000,2,167
"Anthony Swarzak","ATL","2019",0,41,0,0,0,0,0,0,0,0,0,0,0,0,0,0,0,0,0,0,0,0,0,0,0,0,0,"1",0,0,41,0,0,0,0,0,0,0,0,0,0,0,0,0,0,0,0,0,0,0,0,0,0,0,0,0,1,"RP",33.9,2,14000000,7000000,3,167
"Anthony Swarzak","ATL","2019",0,41,0,0,0,0,0,0,0,0,0,0,0,0,0,0,0,0,0,0,0,0,0,0,0,0,0,"1",0,0,41,0,0,0,0,0,0,0,0,0,0,0,0,0,0,0,0,0,0,0,0,0,0,0,0,0,1,"RP",33.9,2,17447994.1947715,8723997.09738575,4,168
"Aramis Garcia","PHI","2024",-0.1,3,7,7,0,0,0,0,0,0,0,0,0,3,0,0,0,0,-100,0,-131,0,1,0,0,0,0,"/2",0,-0.1,3,7,7,0,0,0,0,0,0,0,0,0,3,0,0,0,0,-100,0,-131,0,1,0,0,0,0,1,"C",31,1,761001.808873827,761001.808873827,0,170
"Aramis Garcia","ARI","2025",-0.1,2,4,4,0,0,0,0,0,0,0,0,0,3,0,0,0,0,-100,0,-126,0,0,0,0,0,0,"/2",0,-0.1,2,4,4,0,0,0,0,0,0,0,0,0,3,0,0,0,0,-100,0,-126,0,0,0,0,0,0,1,"C",32,1,760000,760000,1,171
"Archie Bradley","PHI","2021",0,49,1,1,0,0,0,0,0,0,0,0,0,1,0,0,0,0,-100,0,-125,0,0,0,0,0,0,"1",0,0,49,1,1,0,0,0,0,0,0,0,0,0,1,0,0,0,0,-100,0,-125,0,0,0,0,0,0,1,"RP",29,1,6000000,6000000,5.112,172
"Aroldis Chapman","NYY","2017",0,7,0,0,0,0,0,0,0,0,0,0,0,0,0,0,0,0,0,0,0,0,0,0,0,0,0,"1",0,0,7,0,0,0,0,0,0,0,0,0,0,0,0,0,0,0,0,0,0,0,0,0,0,0,0,0,1,"RP/SU8",29.4,5,86000000,17200000,0,174
"Aroldis Chapman","NYY","2018",0,7,0,0,0,0,0,0,0,0,0,0,0,0,0,0,0,0,0,0,0,0,0,0,0,0,0,"1",1,0,7,0,0,0,0,0,0,0,0,0,0,0,0,0,0,0,0,0,0,0,0,0,0,0,0,0,1,"RP/SU8",30.4,5,86000000,17200000,1,174
"Aroldis Chapman","NYY","2019",0,3,0,0,0,0,0,0,0,0,0,0,0,0,0,0,0,0,0,0,0,0,0,0,0,0,0,"1",1,0,3,0,0,0,0,0,0,0,0,0,0,0,0,0,0,0,0,0,0,0,0,0,0,0,0,0,1,"RP/SU8",31.4,5,86000000,17200000,2,174
"Aroldis Chapman","NYY","2021",0,7,0,0,0,0,0,0,0,0,0,0,0,0,0,0,0,0,0,0,0,0,0,0,0,0,0,"1",1,0,7,0,0,0,0,0,0,0,0,0,0,0,0,0,0,0,0,0,0,0,0,0,0,0,0,0,1,"RP/SU8",33.4,5,86000000,17200000,4,174
"Aroldis Chapman","NYY","2021",0,7,0,0,0,0,0,0,0,0,0,0,0,0,0,0,0,0,0,0,0,0,0,0,0,0,0,"1",1,0,7,0,0,0,0,0,0,0,0,0,0,0,0,0,0,0,0,0,0,0,0,0,0,0,0,0,0,"RP",33.4,3,56791502.407531,18930500.8025103,5,175
"Aroldis Chapman","KCR","2023",0,1,0,0,0,0,0,0,0,0,0,0,0,0,0,0,0,0,0,0,0,0,0,0,0,0,0,"1",0,0,1,0,0,0,0,0,0,0,0,0,0,0,0,0,0,0,0,0,0,0,0,0,0,0,0,0,0,"RP",35.4,3,56791502.407531,18930500.8025103,7,175
"Aroldis Chapman","KCR","2023",0,1,0,0,0,0,0,0,0,0,0,0,0,0,0,0,0,0,0,0,0,0,0,0,0,0,0,"1",0,0,1,0,0,0,0,0,0,0,0,0,0,0,0,0,0,0,0,0,0,0,0,0,0,0,0,0,0,"RP",35.4,3,53501031.2360902,17833677.0786967,9,176
"Aroldis Chapman","KCR","2023",0,1,0,0,0,0,0,0,0,0,0,0,0,0,0,0,0,0,0,0,0,0,0,0,0,0,0,"1",0,0,1,0,0,0,0,0,0,0,0,0,0,0,0,0,0,0,0,0,0,0,0,0,0,0,0,0,1,"RP/SU8",35.4,1,3750000,3750000,11,177
"Aroldis Chapman","BOS","2025",0,2,0,0,0,0,0,0,0,0,0,0,0,0,0,0,0,0,0,0,0,0,0,0,0,0,0,"1",3,0,2,0,0,0,0,0,0,0,0,0,0,0,0,0,0,0,0,0,0,0,0,0,0,0,0,0,1,"RP",37.4,1,10750000,10750000,13,179
"Asdrubal Cabrera","TBR","2015",1.6,143,551,505,66,134,28,5,15,58,6,3,36,107,0.265,0.315,0.43,0.744,106,0.317,99,217,14,3,1,6,4,"6/HD",0,1.6,143,551,505,66,134,28,5,15,58,6,3,36,107,0.265,0.315,0.43,0.744,106,0.317,99,217,14,3,1,6,4,1,"2B",29.8,1,7500000,7500000,0,180
"Asdrubal Cabrera","NYM","2016",3.4,141,568,521,65,146,30,1,23,62,5,1,38,103,0.28,0.336,0.474,0.81,117,0.354,118,247,14,7,0,2,3,"6/H",0,3.4,141,568,521,65,146,30,1,23,62,5,1,38,103,0.28,0.336,0.474,0.81,117,0.354,118,247,14,7,0,2,3,1,"2B",30.8,2,18500000,9250000,1,181
"Asdrubal Cabrera","NYM","2017",1.2,135,540,479,66,134,32,0,14,59,3,2,50,83,0.28,0.351,0.434,0.785,110,0.351,118,208,19,5,1,5,1,"654H/D",0,1.2,135,540,479,66,134,32,0,14,59,3,2,50,83,0.28,0.351,0.434,0.785,110,0.351,118,208,19,5,1,5,1,1,"2B",31.8,2,18500000,9250000,2,181
"Asdrubal Cabrera","2TM","2018",1.4,147,592,546,68,143,36,1,23,75,0,0,41,119,0.262,0.316,0.458,0.774,111,0.338,111,250,16,3,0,2,1,"465H/D",0,1.4,147,592,546,68,143,36,1,23,75,0,0,41,119,0.262,0.316,0.458,0.774,111,0.338,111,250,16,3,0,2,1,1,"2B",32.8,2,23561687.3410595,11780843.6705298,3,182
"Asdrubal Cabrera","2TM","2019",0.7,131,514,447,69,116,25,1,18,91,4,0,57,103,0.26,0.342,0.441,0.783,98,0.342,99,197,9,3,0,7,2,"54/H3",0,0.7,131,514,447,69,116,25,1,18,91,4,0,57,103,0.26,0.342,0.441,0.783,98,0.342,99,197,9,3,0,7,2,1,"2B",33.8,2,23561687.3410595,11780843.6705298,4,182
"Asdrubal Cabrera","2TM","2019",0.7,131,514,447,69,116,25,1,18,91,4,0,57,103,0.26,0.342,0.441,0.783,98,0.342,99,197,9,3,0,7,2,"54/H3",0,0.7,131,514,447,69,116,25,1,18,91,4,0,57,103,0.26,0.342,0.441,0.783,98,0.342,99,197,9,3,0,7,2,1,"2B",33.8,1,3500000,3500000,5,183
"Asdrubal Cabrera","WSN","2020",0.1,52,213,190,23,46,9,3,8,31,0,0,19,40,0.242,0.305,0.447,0.753,101,0.32,95,85,6,0,0,4,0,"35D/H",0,0.1,52,213,190,23,46,9,3,8,31,0,0,19,40,0.242,0.305,0.447,0.753,101,0.32,95,85,6,0,0,4,0,0,"2B",34.8,1,2500000,2500000,6,184
"Asdrubal Cabrera","2TM","2021",0.4,110,352,309,34,71,21,0,7,42,1,0,36,80,0.23,0.313,0.366,0.678,83,0.304,82,113,8,3,0,4,1,"5H3/1D6",0,0.4,110,352,309,34,71,21,0,7,42,1,0,36,80,0.23,0.313,0.366,0.678,83,0.304,82,113,8,3,0,4,1,1,"2B",35.8,1,1750000,1750000,7,185
"Asher Wojciechowski","CIN","2017",-0.1,23,14,14,0,1,0,0,0,0,0,0,0,11,0.071,0.071,0.071,0.143,-62,0.064,-98,1,0,0,0,0,0,"1",0,-0.1,23,14,14,0,1,0,0,0,0,0,0,0,11,0.071,0.071,0.071,0.143,-62,0.064,-98,1,0,0,0,0,0,1,"SP/SP3",28.7,1,695958.90057858,695958.90057858,0.114,186
"Asher Wojciechowski","BAL","2019",0,1,1,1,0,0,0,0,0,0,0,0,0,1,0,0,0,0,-100,0,-123,0,0,0,0,0,0,"1",0,0,1,1,1,0,0,0,0,0,0,0,0,0,1,0,0,0,0,-100,0,-123,0,0,0,0,0,0,1,"SP/SP3",30.7,1,691688.341292727,691688.341292727,1.066,187
"Austin Adams","SDP","2020",0,1,1,1,0,0,0,0,0,0,0,0,0,1,0,0,0,0,-100,0,-125,0,0,0,0,0,0,"/1",0,0,1,1,1,0,0,0,0,0,0,0,0,0,1,0,0,0,0,-100,0,-125,0,0,0,0,0,0,1,"P",34,1,699591.518642624,699591.518642624,0,188
"Austin Adams","SDP","2021",0,61,0,0,0,0,0,0,0,0,0,0,0,0,0,0,0,0,0,0,0,0,0,0,0,0,0,"1",0,0,61,0,0,0,0,0,0,0,0,0,0,0,0,0,0,0,0,0,0,0,0,0,0,0,0,0,1,"RP",35,1,686467.285351031,686467.285351031,1,189
"Austin Hedges","2TM","2023",-1.1,81,212,185,14,34,5,0,1,16,1,0,11,47,0.184,0.234,0.227,0.461,27,0.215,16,42,7,2,10,3,0,"2/1DH",0,-1.1,81,212,185,14,34,5,0,1,16,1,0,11,47,0.184,0.234,0.227,0.461,27,0.215,16,42,7,2,10,3,0,1,"C",31,1,5000000,5000000,0,193
"Austin Hedges","CLE","2024",-0.6,66,146,132,12,20,3,0,2,15,2,0,6,50,0.152,0.203,0.22,0.422,21,0.199,14,29,2,3,3,2,0,"2/1",0,-0.6,66,146,132,12,20,3,0,2,15,2,0,6,50,0.152,0.203,0.22,0.422,21,0.199,14,29,2,3,3,2,0,1,"C",32,1,4000000,4000000,1,194
"Austin Hedges","CLE","2025",-0.4,68,180,155,13,25,3,0,5,10,1,2,18,43,0.161,0.25,0.277,0.527,47,0.233,40,43,2,1,4,2,0,"2/1",0,-0.4,68,180,155,13,25,3,0,5,10,1,2,18,43,0.161,0.25,0.277,0.527,47,0.233,40,43,2,1,4,2,0,0,"C",33,1,4000000,4000000,2,195
"Austin Jackson","CHW","2016",-0.1,54,203,181,24,46,12,2,0,18,2,1,17,39,0.254,0.318,0.343,0.661,83,0.293,79,62,3,1,2,2,0,"8/H",0,-0.1,54,203,181,24,46,12,2,0,18,2,1,17,39,0.254,0.318,0.343,0.661,83,0.293,79,62,3,1,2,2,0,1,"CF",29.5,1,5000000,5000000,0,196
"Austin Jackson","CLE","2017",1.9,85,318,280,46,89,19,3,7,35,3,1,33,64,0.318,0.387,0.482,0.869,126,0.38,130,135,13,1,0,4,0,"789/H",0,1.9,85,318,280,46,89,19,3,7,35,3,1,33,64,0.318,0.387,0.482,0.869,126,0.38,130,135,13,1,0,4,0,1,"CF",30.5,1,1500000,1500000,1,197
"Austin Jackson","2TM","2018",-1.4,116,375,347,29,85,17,1,3,32,3,3,26,133,0.245,0.299,0.326,0.624,75,0.281,74,113,8,1,0,1,2,"8H/7",0,-1.4,116,375,347,29,85,17,1,3,32,3,3,26,133,0.245,0.299,0.326,0.624,75,0.281,74,113,8,1,0,1,2,1,"CF",31.5,2,3272500,1636250,2,198
"Austin Kearns","MIA","2012",0.3,87,175,147,21,36,6,0,4,16,2,1,22,44,0.245,0.366,0.367,0.733,99,0.334,100,54,8,6,0,0,1,"H79/3D",0,0.3,87,175,147,21,36,6,0,4,16,2,1,22,44,0.245,0.366,0.367,0.733,99,0.334,100,54,8,6,0,0,1,1,"LF/RF",32.2,1,1300000,1300000,0,199
"Austin Kearns","MIA","2013",-0.2,19,31,27,3,5,0,0,0,0,0,0,4,8,0.185,0.29,0.185,0.476,35,0.232,28,5,1,0,0,0,0,"H/97",0,-0.2,19,31,27,3,5,0,0,0,0,0,0,4,8,0.185,0.29,0.185,0.476,35,0.232,28,5,1,0,0,0,0,0,"LF/RF",33.2,1,700000,700000,1,200
"Austin Romine","DET","2020",-0.2,37,135,130,12,31,5,0,2,17,0,0,4,47,0.238,0.259,0.323,0.582,59,0.267,60,42,3,0,0,1,0,"2/3",0,-0.2,37,135,130,12,31,5,0,2,17,0,0,4,47,0.238,0.259,0.323,0.582,59,0.267,60,42,3,0,0,1,0,1,"C",31.8,1,4150000,4150000,6.044,201
"Austin Romine","CHC","2021",-0.3,28,62,60,5,13,2,0,1,5,0,0,2,22,0.217,0.242,0.3,0.542,46,0.238,37,18,4,0,0,0,0,"2/H",0,-0.3,28,62,60,5,13,2,0,1,5,0,0,2,22,0.217,0.242,0.3,0.542,46,0.238,37,18,4,0,0,0,0,1,"C",32.8,1,1500000,1500000,7.044,202
"Austin Romine","3TM","2022",-0.7,51,136,129,10,20,3,0,3,9,0,0,4,46,0.155,0.187,0.248,0.435,20,0.207,15,32,2,1,2,0,0,"2/DH",0,-0.7,51,136,129,10,20,3,0,3,9,0,0,4,46,0.155,0.187,0.248,0.435,20,0.207,15,32,2,1,2,0,0,1,"C",33.8,1,780223.372192982,780223.372192982,8.044,203
"Austin Wynns","SFG","2022",0.4,65,177,162,14,42,7,0,3,21,0,0,10,38,0.259,0.313,0.358,0.671,91,0.308,95,58,9,3,1,1,0,"2/DH1",0,0.4,65,177,162,14,42,7,0,3,21,0,0,10,38,0.259,0.313,0.358,0.671,91,0.308,95,58,9,3,1,1,0,1,"C",31.7,1,780223.372192982,780223.372192982,0,204
"Austin Wynns","3TM","2023",-0.1,51,145,130,11,27,6,0,1,10,1,0,9,39,0.208,0.268,0.277,0.545,44,0.255,39,36,4,2,3,1,0,"2/H",0,-0.1,51,145,130,11,27,6,0,1,10,1,0,9,39,0.208,0.268,0.277,0.545,44,0.255,39,36,4,2,3,1,0,1,"C",32.7,1,720000,720000,1,205
"Austin Wynns","CIN","2024",0.4,7,20,19,3,7,4,0,0,2,0,0,0,5,0.368,0.4,0.579,0.979,164,0.409,160,11,0,1,0,0,0,"/2H",0,0.4,7,20,19,3,7,4,0,0,2,0,0,0,5,0.368,0.4,0.579,0.979,164,0.409,160,11,0,1,0,0,0,1,"C",33.7,1,950000,950000,2,206
"Austin Wynns","2TM","2025",1.1,40,110,103,13,30,8,0,6,21,0,0,5,32,0.291,0.321,0.544,0.865,129,0.371,135,56,3,0,1,1,0,"2/H3D",0,1.1,40,110,103,13,30,8,0,6,21,0,0,5,32,0.291,0.321,0.544,0.865,129,0.371,135,56,3,0,1,1,0,0,"C",34.7,1,1100000,1100000,3,207
"Bartolo Colon","OAK","2013",-0.1,3,6,6,0,0,0,0,0,0,0,0,0,3,0,0,0,0,-100,0,-136,0,0,0,0,0,0,"1",2,-0.1,3,6,6,0,0,0,0,0,0,0,0,0,3,0,0,0,0,-100,0,-136,0,0,0,0,0,0,0,"SP/SP2",40.2,1,3000000,3000000,8.061,211
"Bartolo Colon","NYM","2014",-0.6,28,69,62,3,2,1,0,0,0,0,0,0,33,0.032,0.032,0.048,0.081,-77,0.05,-120,3,0,0,7,0,0,"1",0,-0.6,28,69,62,3,2,1,0,0,0,0,0,0,33,0.032,0.032,0.048,0.081,-77,0.05,-120,3,0,0,7,0,0,1,"SP/SP2",41.2,2,20000000,10000000,9.061,212
"Bartolo Colon","NYM","2015",-0.1,31,64,58,2,8,1,0,0,4,0,0,0,24,0.138,0.15,0.155,0.305,-15,0.154,-34,9,2,1,4,1,0,"1",0,-0.1,31,64,58,2,8,1,0,0,4,0,0,0,24,0.138,0.15,0.155,0.305,-15,0.154,-34,9,2,1,4,1,0,1,"SP/SP2",42.2,2,20000000,10000000,10.061,212
"Bartolo Colon","NYM","2016",-0.3,31,65,60,4,5,2,0,1,2,0,0,1,40,0.083,0.098,0.167,0.265,-30,0.13,-53,10,3,0,4,0,0,"1",1,-0.3,31,65,60,4,5,2,0,1,2,0,0,1,40,0.083,0.098,0.167,0.265,-30,0.13,-53,10,3,0,4,0,0,0,"SP/SP2",43.2,1,7250000,7250000,11.061,213
"Bartolo Colon","2TM","2017",-0.3,12,20,19,1,0,0,0,0,0,0,0,0,10,0,0,0,0,-100,0,-153,0,1,0,1,0,0,"1",0,-0.3,12,20,19,1,0,0,0,0,0,0,0,0,10,0,0,0,0,-100,0,-153,0,1,0,1,0,0,1,"SP/SP2",44.2,1,12500000,12500000,12.061,214
"Ben Gamel","2TM","2021",-0.1,122,400,340,43,84,18,3,8,26,3,6,51,105,0.247,0.347,0.388,0.735,100,0.322,100,132,7,3,2,4,2,"7H89/3",0,-0.1,122,400,340,43,84,18,3,8,26,3,6,51,105,0.247,0.347,0.388,0.735,100,0.322,100,132,7,3,2,4,2,1,"RF",29.2,1,1500000,1500000,0,215
"Ben Gamel","2TM","2024",0.2,38,99,81,22,20,4,0,1,4,1,0,18,24,0.247,0.384,0.333,0.717,108,0.338,117,27,0,0,0,0,1,"97/HD",0,0.2,38,99,81,22,20,4,0,1,4,1,0,18,24,0.247,0.384,0.333,0.717,108,0.338,117,27,0,0,0,0,1,1,"LF",32.2,1,1234056.98736296,1234056.98736296,1,216
"Ben Revere","LAA","2017",0,109,308,291,37,80,13,2,1,20,21,6,15,25,0.275,0.308,0.344,0.652,77,0.309,83,100,7,0,0,2,0,"7H/8D",0,0,109,308,291,37,80,13,2,1,20,21,6,15,25,0.275,0.308,0.344,0.652,77,0.309,83,100,7,0,0,2,0,1,"CF",29.2,1,4000000,4000000,5.149,221
"Bill Hall","BAL","2012",0,7,14,9,2,2,0,0,1,1,0,0,5,7,0.222,0.5,0.556,1.056,188,0.438,186,5,0,0,0,0,1,"/HD79",0,0,7,14,9,2,2,0,0,1,1,0,0,5,7,0.222,0.5,0.556,1.056,188,0.438,186,5,0,0,0,0,1,1,"3B",32.6,1,600000,600000,0,223
"Billy Butler","OAK","2015",-0.7,151,601,538,63,135,28,1,15,65,0,0,52,101,0.251,0.323,0.39,0.713,98,0.314,95,210,26,7,0,4,4,"D/H3",0,-0.7,151,601,538,63,135,28,1,15,65,0,0,52,101,0.251,0.323,0.39,0.713,98,0.314,95,210,26,7,0,4,4,1,"DH",29.3,3,30000000,10000000,0.102,225
"Billy Butler","2TM","2016",-0.1,97,274,250,27,71,18,0,5,35,0,0,21,42,0.284,0.336,0.416,0.752,105,0.331,106,104,13,0,0,3,1,"DH3",0,-0.1,97,274,250,27,71,18,0,5,35,0,0,21,42,0.284,0.336,0.416,0.752,105,0.331,106,104,13,0,0,3,1,1,"DH",30.3,3,30000000,10000000,1.102,225
"Billy Butler","2TM","2016",-0.1,97,274,250,27,71,18,0,5,35,0,0,21,42,0.284,0.336,0.416,0.752,105,0.331,106,104,13,0,0,3,1,"DH3",0,-0.1,97,274,250,27,71,18,0,5,35,0,0,21,42,0.284,0.336,0.416,0.752,105,0.331,106,104,13,0,0,3,1,1,"DH",30.3,1,49914,49914,1.102,226
"Billy Hamilton","2TM","2019",0.4,119,353,316,41,69,14,2,0,15,22,6,32,87,0.218,0.289,0.275,0.564,50,0.264,46,87,1,0,3,2,1,"8H/D",0,0.4,119,353,316,41,69,14,2,0,15,22,6,32,87,0.218,0.289,0.275,0.564,50,0.264,46,87,1,0,3,2,1,1,"CF",28.9,1,5250000,5250000,5.028,227
"Billy Hamilton","2TM","2020",0,31,36,32,10,4,0,0,1,2,6,2,2,7,0.125,0.171,0.219,0.39,6,0.184,-9,7,0,0,1,1,0,"8H/D",0,0,31,36,32,10,4,0,0,1,2,6,2,2,7,0.125,0.171,0.219,0.39,6,0.184,-9,7,0,0,1,1,0,1,"CF",29.9,1,1225418.66989424,1225418.66989424,6.028,228
"Billy Hamilton","CHW","2021",0.3,71,135,127,23,28,8,3,2,11,9,0,4,47,0.22,0.242,0.378,0.62,66,0.277,55,48,1,0,3,1,0,"87H/D9",0,0.3,71,135,127,23,28,8,3,2,11,9,0,4,47,0.22,0.242,0.378,0.62,66,0.277,55,48,1,0,3,1,0,1,"CF",30.9,1,1478945.37519612,1478945.37519612,7.028,229
"Billy Hamilton","2TM","2022",-0.1,37,23,20,13,1,0,0,0,0,10,1,2,12,0.05,0.136,0.05,0.186,-44,0.195,-57,1,0,0,1,0,0,"H7/8D45",0,-0.1,37,23,20,13,1,0,0,0,0,10,1,2,12,0.05,0.136,0.05,0.186,-44,0.195,-57,1,0,0,1,0,0,1,"CF",31.9,1,780223.372192982,780223.372192982,8.028,230
"Billy Mckinney","NYY","2023",0.2,48,147,128,19,29,3,1,6,14,1,0,17,39,0.227,0.32,0.406,0.726,98,0.314,93,52,1,1,0,1,1,"79/8H3",0,0.2,48,147,128,19,29,3,1,6,14,1,0,17,39,0.227,0.32,0.406,0.726,98,0.314,93,52,1,1,0,1,1,1,"OF",29,1,765889.986737186,765889.986737186,0,231
"Billy Mckinney","TEX","2025",-0.1,6,21,20,4,4,1,0,0,1,0,0,1,1,0.2,0.238,0.25,0.488,45,0.261,73,5,0,0,0,0,0,"/97DH",0,-0.1,6,21,20,4,4,1,0,0,1,0,0,1,1,0.2,0.238,0.25,0.488,45,0.261,73,5,0,0,0,0,0,1,"OF",31,1,1000000,1000000,1,232
"Blaine Boyer","MIL","2016",0,57,1,1,0,0,0,0,0,0,0,0,0,0,0,0,0,0,-100,0,-155,0,0,0,0,0,0,"1",0,0,57,1,1,0,0,0,0,0,0,0,0,0,0,0,0,0,0,-100,0,-155,0,0,0,0,0,0,1,"RP",35.1,1,950000,950000,0.07,233
"Blake Parker","LAA","2017",0,4,0,0,0,0,0,0,0,0,0,0,0,0,0,0,0,0,0,0,0,0,0,0,0,0,0,"1",0,0,4,0,0,0,0,0,0,0,0,0,0,0,0,0,0,0,0,0,0,0,0,0,0,0,0,0,1,"RP",32.2,1,560000,560000,2.036,235
"Blake Parker","2TM","2019",0,24,1,1,0,0,0,0,0,0,0,0,0,1,0,0,0,0,-100,0,-142,0,0,0,0,0,0,"1",0,0,24,1,1,0,0,0,0,0,0,0,0,0,1,0,0,0,0,-100,0,-142,0,0,0,0,0,0,1,"RP",34.2,1,1800000,1800000,4.036,236
"Blake Parker","PHI","2020",0,1,0,0,0,0,0,0,0,0,0,0,0,0,0,0,0,0,0,0,0,0,0,0,0,0,0,"1",0,0,1,0,0,0,0,0,0,0,0,0,0,0,0,0,0,0,0,0,0,0,0,0,0,0,0,0,1,"RP",35.2,1,690523.420485407,690523.420485407,5.036,237
"Blake Perkins","MIL","2023",1.1,67,168,143,28,31,7,0,4,20,5,2,23,46,0.217,0.325,0.35,0.675,85,0.303,84,50,3,0,2,0,0,"98H7/D",0,1.1,67,168,143,28,31,7,0,4,20,5,2,23,46,0.217,0.325,0.35,0.675,85,0.303,84,50,3,0,2,0,0,1,"RF",26.9,1,720000,720000,0,238
"Blake Perkins","MIL","2025",0.3,54,171,155,25,35,6,2,3,19,7,2,15,47,0.226,0.298,0.348,0.647,81,0.296,81,54,4,1,0,0,0,"8/HD",0,0.3,54,171,155,25,35,6,2,3,19,7,2,15,47,0.226,0.298,0.348,0.647,81,0.296,81,54,4,1,0,0,0,0,"RF",28.9,1,802500,802500,1,239
"Blake Treinen","LAD","2021",0,70,0,0,0,0,0,0,0,0,0,0,0,0,0,0,0,0,0,0,0,0,0,0,0,0,0,"1",0,0,70,0,0,0,0,0,0,0,0,0,0,0,0,0,0,0,0,0,0,0,0,0,0,0,0,0,0,"RP",33.1,2,17500000,8750000,1,243
"Blake Wood","CIN","2016",0,67,2,2,0,0,0,0,0,0,0,0,0,2,0,0,0,0,-100,0,-143,0,0,0,0,0,0,"1",0,0,67,2,2,0,0,0,0,0,0,0,0,0,2,0,0,0,0,-100,0,-143,0,0,0,0,0,0,1,"RP",31,1,600000,600000,0,246
"Bobby Wilson","2TM","2015",-0.2,56,147,132,8,25,5,0,1,14,0,1,11,39,0.189,0.255,0.25,0.505,40,0.233,34,33,1,1,2,1,0,"2/HD",0,-0.2,56,147,132,8,25,5,0,1,14,0,1,11,39,0.189,0.255,0.25,0.505,40,0.233,34,33,1,1,2,1,0,1,"C",32.3,1,700000,700000,0,248
"Bobby Wilson","3TM","2016",-0.5,75,251,228,25,54,6,0,7,33,0,0,11,64,0.237,0.27,0.355,0.626,67,0.274,58,81,6,1,7,4,0,"2",0,-0.5,75,251,228,25,54,6,0,7,33,0,0,11,64,0.237,0.27,0.355,0.626,67,0.274,58,81,6,1,7,4,0,0,"C",33.3,1,672362.379948466,672362.379948466,1,249
"Bobby Wilson","MIN","2018",0.2,47,151,135,12,24,8,0,2,16,0,0,12,37,0.178,0.242,0.281,0.523,43,0.244,41,38,6,0,2,2,0,"2",0,0.2,47,151,135,12,24,8,0,2,16,0,0,12,37,0.178,0.242,0.281,0.523,43,0.244,41,38,6,0,2,2,0,1,"C",35.3,1,694114.573020403,694114.573020403,3,251
"Boone Logan","COL","2014",0,32,0,0,0,0,0,0,0,0,0,0,0,0,0,0,0,0,0,0,0,0,0,0,0,0,0,"1",0,0,32,0,0,0,0,0,0,0,0,0,0,0,0,0,0,0,0,0,0,0,0,0,0,0,0,0,1,"RP",30,3,16500000,5500000,0.14,252
"Boone Logan","COL","2015",0,57,0,0,0,0,0,0,0,0,0,0,0,0,0,0,0,0,0,0,0,0,0,0,0,0,0,"1",0,0,57,0,0,0,0,0,0,0,0,0,0,0,0,0,0,0,0,0,0,0,0,0,0,0,0,0,1,"RP",31,3,16500000,5500000,1.14,252
"Boone Logan","COL","2016",0,60,0,0,0,0,0,0,0,0,0,0,0,0,0,0,0,0,0,0,0,0,0,0,0,0,0,"1",0,0,60,0,0,0,0,0,0,0,0,0,0,0,0,0,0,0,0,0,0,0,0,0,0,0,0,0,1,"RP",32,3,16500000,5500000,2.14,252
"Boone Logan","CLE","2017",0,6,0,0,0,0,0,0,0,0,0,0,0,0,0,0,0,0,0,0,0,0,0,0,0,0,0,"1",0,0,6,0,0,0,0,0,0,0,0,0,0,0,0,0,0,0,0,0,0,0,0,0,0,0,0,0,1,"RP",33,1,6500000,6500000,3.14,253
"Boone Logan","MIL","2018",0,12,0,0,0,0,0,0,0,0,0,0,0,0,0,0,0,0,0,0,0,0,0,0,0,0,0,"1",0,0,12,0,0,0,0,0,0,0,0,0,0,0,0,0,0,0,0,0,0,0,0,0,0,0,0,0,1,"RP",34,1,2500000,2500000,4.14,254
"Brad Boxberger","KCR","2019",0,2,0,0,0,0,0,0,0,0,0,0,0,0,0,0,0,0,0,0,0,0,0,0,0,0,0,"1",0,0,2,0,0,0,0,0,0,0,0,0,0,0,0,0,0,0,0,0,0,0,0,0,0,0,0,0,1,"RP/SU8",31.2,1,2200000,2200000,5.109,255
"Brad Brach","2TM","2019",0,53,5,4,0,1,0,0,0,1,0,0,0,1,0.25,0.25,0.25,0.5,32,0.222,-2,1,0,0,1,0,0,"1/H",0,0,53,5,4,0,1,0,0,0,1,0,0,0,1,0.25,0.25,0.25,0.5,32,0.222,-2,1,0,0,1,0,0,1,"RP",33.3,1,3000000,3000000,6.063,259
"Brad Brach","CIN","2021",0,33,0,0,0,0,0,0,0,0,0,0,0,0,0,0,0,0,0,0,0,0,0,0,0,0,0,"1",0,0,33,0,0,0,0,0,0,0,0,0,0,0,0,0,0,0,0,0,0,0,0,0,0,0,0,0,0,"RP",35.3,2,2100000,1050000,8.063,260
"Brad Hand","3TM","2021",0,51,0,0,0,0,0,0,0,0,0,0,0,0,0,0,0,0,0,0,0,0,0,0,0,0,0,"1",0,0,51,0,0,0,0,0,0,0,0,0,0,0,0,0,0,0,0,0,0,0,0,0,0,0,0,0,1,"RP",31.4,1,10500000,10500000,7.092,261
"Brad Miller","2TM","2019",1.4,79,170,154,26,40,6,1,13,25,2,0,15,45,0.26,0.329,0.565,0.894,126,0.382,131,87,2,1,0,0,0,"H574/69",0,1.4,79,170,154,26,40,6,1,13,25,2,0,15,45,0.26,0.329,0.565,0.894,126,0.382,131,87,2,1,0,0,0,1,"LF/2B",29.8,1,1000000,1000000,0,264
"Brad Miller","PHI","2021",0.5,140,377,331,53,75,9,3,20,49,3,0,45,112,0.227,0.321,0.453,0.774,107,0.334,103,150,7,1,0,0,2,"3H94/57D",0,0.5,140,377,331,53,75,9,3,20,49,3,0,45,112,0.227,0.321,0.453,0.774,107,0.334,103,150,7,1,0,0,2,0,"LF/2B",31.8,1,3500000,3500000,1,265
"Brad Miller","TEX","2022",-1.7,81,241,222,20,47,3,0,7,32,4,2,18,70,0.212,0.27,0.32,0.59,67,0.265,63,71,3,0,0,1,0,"75DH/9",0,-1.7,81,241,222,20,47,3,0,7,32,4,2,18,70,0.212,0.27,0.32,0.59,67,0.265,63,71,3,0,0,1,0,1,"LF/2B",32.8,2,10000000,5000000,2,266
"Brad Miller","TEX","2023",0,27,67,56,8,12,4,0,1,6,0,0,10,11,0.214,0.328,0.339,0.668,86,0.313,96,19,1,0,0,1,0,"D/H315",0,0,27,67,56,8,12,4,0,1,6,0,0,10,11,0.214,0.328,0.339,0.668,86,0.313,96,19,1,0,0,1,0,1,"LF/2B",33.8,2,10000000,5000000,3,266
"Brad Miller","TEX","2023",0,27,67,56,8,12,4,0,1,6,0,0,10,11,0.214,0.328,0.339,0.668,86,0.313,96,19,1,0,0,1,0,"D/H315",0,0,27,67,56,8,12,4,0,1,6,0,0,10,11,0.214,0.328,0.339,0.668,86,0.313,96,19,1,0,0,1,0,0,"2B",33.8,2,10637360.9269054,5318680.46345268,4,267
"Brad Ziegler","ARI","2014",0,64,1,1,0,0,0,0,0,0,0,0,0,1,0,0,0,0,-100,0,-150,0,0,0,0,0,0,"1",0,0,64,1,1,0,0,0,0,0,0,0,0,0,1,0,0,0,0,-100,0,-150,0,0,0,0,0,0,0,"RP",34.8,2,10500000,5250000,0,268
"Brad Ziegler","ARI","2015",0,63,0,0,0,0,0,0,0,0,0,0,0,0,0,0,0,0,0,0,0,0,0,0,0,0,0,"1",0,0,63,0,0,0,0,0,0,0,0,0,0,0,0,0,0,0,0,0,0,0,0,0,0,0,0,0,0,"RP",35.8,2,10500000,5250000,1,268
"Brad Ziegler","MIA","2017",0,51,0,0,0,0,0,0,0,0,0,0,0,0,0,0,0,0,0,0,0,0,0,0,0,0,0,"1",0,0,51,0,0,0,0,0,0,0,0,0,0,0,0,0,0,0,0,0,0,0,0,0,0,0,0,0,1,"RP",37.8,2,16000000,8000000,2,269
"Brad Ziegler","2TM","2018",0,76,0,0,0,0,0,0,0,0,0,0,0,0,0,0,0,0,0,0,0,0,0,0,0,0,0,"1",0,0,76,0,0,0,0,0,0,0,0,0,0,0,0,0,0,0,0,0,0,0,0,0,0,0,0,0,1,"RP",38.8,2,16000000,8000000,3,269
"Brad Ziegler","2TM","2018",0,76,0,0,0,0,0,0,0,0,0,0,0,0,0,0,0,0,0,0,0,0,0,0,0,0,0,"1",0,0,76,0,0,0,0,0,0,0,0,0,0,0,0,0,0,0,0,0,0,0,0,0,0,0,0,0,1,"RP",38.8,2,20377675.5382137,10188837.7691068,4,270
"Brandon Belt","SFG","2022",0.4,78,298,254,25,54,9,1,8,23,1,0,37,81,0.213,0.326,0.35,0.676,93,0.306,94,89,9,6,0,1,2,"3DH",0,0.4,78,298,254,25,54,9,1,8,23,1,0,37,81,0.213,0.326,0.35,0.676,93,0.306,94,89,9,6,0,1,2,0,"1B",34.3,1,18400000,18400000,10.128,271
"Brandon Belt","TOR","2023",2,103,404,339,53,86,23,0,19,43,0,0,61,141,0.254,0.369,0.49,0.858,135,0.373,138,166,5,2,0,2,1,"D3/H",0,2,103,404,339,53,86,23,0,19,43,0,0,61,141,0.254,0.369,0.49,0.858,135,0.373,138,166,5,2,0,2,1,1,"1B",35.3,1,9300000,9300000,11.128,272
"Brandon Drury","NYM","2021",0.2,51,88,84,7,23,5,0,4,14,0,0,3,22,0.274,0.307,0.476,0.783,111,0.345,115,40,3,1,0,0,0,"H/579341",0,0.2,51,88,84,7,23,5,0,4,14,0,0,3,22,0.274,0.307,0.476,0.783,111,0.345,115,40,3,1,0,0,0,1,"DH/3B",29,1,1550000,1550000,4.096,273
"Brandon Drury","2TM","2022",2.7,138,568,518,87,136,31,2,28,87,2,3,38,126,0.263,0.32,0.492,0.813,123,0.353,124,255,8,8,0,4,0,"534D/H69",1,2.7,138,568,518,87,136,31,2,28,87,2,3,38,126,0.263,0.32,0.492,0.813,123,0.353,124,255,8,8,0,4,0,1,"2B/3B",30,1,1003144.33567669,1003144.33567669,5.001,274
"Brandon Drury","LAA","2023",2,125,523,485,61,127,30,3,26,83,0,2,25,136,0.262,0.306,0.497,0.803,114,0.339,113,241,14,8,0,5,0,"43/DH",0,2,125,523,485,61,127,30,3,26,83,0,2,25,136,0.262,0.306,0.497,0.803,114,0.339,113,241,14,8,0,5,0,1,"2B/3B",31,2,17000000,8500000,6.001,275
"Brandon Drury","LAA","2024",-2.1,97,360,325,28,55,7,0,4,15,1,0,27,81,0.169,0.242,0.228,0.469,34,0.228,37,74,13,5,0,3,0,"45D3/H",0,-2.1,97,360,325,28,55,7,0,4,15,1,0,27,81,0.169,0.242,0.228,0.469,34,0.228,37,74,13,5,0,3,0,1,"2B/3B",32,2,17000000,8500000,7.001,275
"Brandon Inge","2TM","2012",0.5,83,331,303,33,66,14,0,12,54,0,1,24,91,0.218,0.275,0.383,0.658,82,0.283,75,116,8,1,0,3,1,"5/4DH",0,0.5,83,331,303,33,66,14,0,12,54,0,1,24,91,0.218,0.275,0.383,0.658,82,0.283,75,116,8,1,0,3,1,1,"3B",35.2,1,414066,414066,0,278
"Brandon Inge","PIT","2013",-0.5,50,110,105,5,19,3,0,1,7,0,0,2,32,0.181,0.204,0.238,0.442,25,0.205,13,25,2,1,2,0,0,"H45/936",0,-0.5,50,110,105,5,19,3,0,1,7,0,0,2,32,0.181,0.204,0.238,0.442,25,0.205,13,25,2,1,2,0,0,1,"3B",36.2,1,1250000,1250000,1,279
"Brandon Kintzler","2TM","2018",0,67,1,1,0,0,0,0,0,0,0,0,0,1,0,0,0,0,-100,0,-145,0,0,0,0,0,0,"1",0,0,67,1,1,0,0,0,0,0,0,0,0,0,1,0,0,0,0,-100,0,-145,0,0,0,0,0,0,0,"RP",34,2,10000000,5000000,6.003,280
"Brandon Kintzler","CHC","2019",0,58,0,0,0,0,0,0,0,0,0,0,0,0,0,0,0,0,0,0,0,0,0,0,0,0,0,"1",0,0,58,0,0,0,0,0,0,0,0,0,0,0,0,0,0,0,0,0,0,0,0,0,0,0,0,0,0,"RP",35,2,10000000,5000000,7.003,280
"Brandon Kintzler","PHI","2021",0,24,0,0,0,0,0,0,0,0,0,0,0,0,0,0,0,0,0,0,0,0,0,0,0,0,0,"1",0,0,24,0,0,0,0,0,0,0,0,0,0,0,0,0,0,0,0,0,0,0,0,0,0,0,0,0,1,"RP",37,1,3000000,3000000,9.003,282
"Brandon Mccarthy","ARI","2013",-0.3,19,42,37,0,1,0,0,0,0,0,0,3,15,0.027,0.1,0.027,0.127,-63,0.075,-100,1,0,0,2,0,0,"1",0,-0.3,19,42,37,0,1,0,0,0,0,0,0,3,15,0.027,0.1,0.027,0.127,-63,0.075,-100,1,0,0,2,0,0,1,"SP/SP3",30.1,2,15500000,7750000,0,283
"Brandon Mccarthy","ARI","2014",0.1,16,32,29,0,4,0,0,0,3,0,0,0,11,0.138,0.138,0.138,0.276,-23,0.157,-39,4,0,0,3,0,0,"1",0,0.1,16,32,29,0,4,0,0,0,3,0,0,0,11,0.138,0.138,0.138,0.276,-23,0.157,-39,4,0,0,3,0,0,1,"SP/SP3",31.1,2,15500000,7750000,1,283
"Brandon Mccarthy","LAD","2015",0,4,9,6,0,0,0,0,0,1,0,0,1,5,0,0.143,0,0.143,-55,0.099,-109,0,0,0,2,0,0,"/1",0,0,4,9,6,0,0,0,0,0,1,0,0,1,5,0,0.143,0,0.143,-55,0.099,-109,0,0,0,2,0,0,1,"SP/SP3",32.1,4,48000000,12000000,2,284
"Brandon Mccarthy","LAD","2016",-0.1,10,15,13,0,0,0,0,0,1,0,0,2,6,0,0.133,0,0.133,-59,0.093,-71,0,0,0,0,0,0,"1",0,-0.1,10,15,13,0,0,0,0,0,1,0,0,2,6,0,0.133,0,0.133,-59,0.093,-71,0,0,0,0,0,0,1,"SP/SP3",33.1,4,48000000,12000000,3,284
"Brandon Mccarthy","LAD","2017",0,18,28,23,2,1,0,0,0,0,0,0,3,16,0.043,0.154,0.043,0.197,-43,0.149,-40,1,0,0,2,0,0,"1",0,0,18,28,23,2,1,0,0,0,0,0,0,3,16,0.043,0.154,0.043,0.197,-43,0.149,-40,1,0,0,2,0,0,1,"SP/SP3",34.1,4,48000000,12000000,4,284
"Brandon Mccarthy","ATL","2018",0,15,31,29,1,3,2,0,0,2,0,0,0,19,0.103,0.103,0.172,0.276,-27,0.149,-43,5,0,0,2,0,0,"1",0,0,15,31,29,1,3,2,0,0,2,0,0,0,19,0.103,0.103,0.172,0.276,-27,0.149,-43,5,0,0,2,0,0,1,"SP/SP3",35.1,4,48000000,12000000,5,284
"Brandon Mccarthy","ATL","2018",0,15,31,29,1,3,2,0,0,2,0,0,0,19,0.103,0.103,0.172,0.276,-27,0.149,-43,5,0,0,2,0,0,"1",0,0,15,31,29,1,3,2,0,0,2,0,0,0,19,0.103,0.103,0.172,0.276,-27,0.149,-43,5,0,0,2,0,0,1,"SP",35.1,4,61133026.614641,15283256.6536602,6,285
"Brandon Morrow","SDP","2015",-0.1,5,10,9,0,0,0,0,0,0,0,0,1,8,0,0.1,0,0.1,-69,0.069,-86,0,0,0,0,0,0,"/1",0,-0.1,5,10,9,0,0,0,0,0,0,0,0,1,8,0,0.1,0,0.1,-69,0.069,-86,0,0,0,0,0,0,1,"RP",31.1,1,2500000,2500000,0,286
"Brandon Morrow","SDP","2016",0,17,0,0,0,0,0,0,0,0,0,0,0,0,0,0,0,0,0,0,0,0,0,0,0,0,0,"1",0,0,17,0,0,0,0,0,0,0,0,0,0,0,0,0,0,0,0,0,0,0,0,0,0,0,0,0,0,"RP",32.1,1,672362.379948466,672362.379948466,1,287
"Brandon Morrow","LAD","2017",0,43,0,0,0,0,0,0,0,0,0,0,0,0,0,0,0,0,0,0,0,0,0,0,0,0,0,"1",0,0,43,0,0,0,0,0,0,0,0,0,0,0,0,0,0,0,0,0,0,0,0,0,0,0,0,0,1,"RP",33.1,1,1250000,1250000,2,288
"Brandon Morrow","CHC","2018",0,35,1,1,0,0,0,0,0,0,0,0,0,1,0,0,0,0,-100,0,-145,0,0,0,0,0,0,"1",0,0,35,1,1,0,0,0,0,0,0,0,0,0,1,0,0,0,0,-100,0,-145,0,0,0,0,0,0,1,"RP",34.1,2,21000000,10500000,3,289
"Brandon Snyder","BOS","2013",-0.4,27,52,50,5,9,3,0,2,7,0,0,0,16,0.18,0.212,0.36,0.572,53,0.249,41,18,0,2,0,0,0,"5H/3D7",0,-0.4,27,52,50,5,9,3,0,2,7,0,0,0,16,0.18,0.212,0.36,0.572,53,0.249,41,18,0,2,0,0,0,0,"3B",26.8,1,687482.955954937,687482.955954937,0,292
"Brandon Snyder","ATL","2016",0.1,37,47,46,8,11,5,1,4,9,0,0,1,16,0.239,0.255,0.652,0.907,133,0.372,129,30,1,0,0,0,0,"H/537",0,0.1,37,47,46,8,11,5,1,4,9,0,0,1,16,0.239,0.255,0.652,0.907,133,0.372,129,30,1,0,0,0,0,1,"3B",29.8,1,672362.379948466,672362.379948466,1,293
"Brayan Pena","DET","2013",0.4,71,243,229,19,68,11,0,4,22,0,2,6,26,0.297,0.315,0.397,0.713,93,0.314,91,91,7,2,2,4,0,"2H/3",0,0.4,71,243,229,19,68,11,0,4,22,0,2,6,26,0.297,0.315,0.397,0.713,93,0.314,91,91,7,2,2,4,0,1,"C",31.6,1,875000,875000,0,294
"Brayan Pena","CIN","2014",-0.2,115,372,348,23,88,18,1,5,26,2,3,20,42,0.253,0.291,0.353,0.645,80,0.293,79,123,8,0,1,3,2,"32H/D",0,-0.2,115,372,348,23,88,18,1,5,26,2,3,20,42,0.253,0.291,0.353,0.645,80,0.293,79,123,8,0,1,3,2,1,"C",32.6,2,2275000,1137500,1,295
"Brayan Pena","CIN","2015",0.5,108,367,333,17,91,17,0,0,18,2,0,29,34,0.273,0.334,0.324,0.659,82,0.301,79,108,10,2,2,1,1,"2H/3D",0,0.5,108,367,333,17,91,17,0,0,18,2,0,29,34,0.273,0.334,0.324,0.659,82,0.301,79,108,10,2,2,1,1,1,"C",33.6,2,2275000,1137500,2,295
"Brayan Pena","STL","2016",-0.2,9,14,13,0,2,1,0,0,0,0,0,1,2,0.154,0.214,0.231,0.445,20,0.203,8,3,0,0,0,0,0,"/H23",0,-0.2,9,14,13,0,2,1,0,0,0,0,0,1,2,0.154,0.214,0.231,0.445,20,0.203,8,3,0,0,0,0,0,1,"C",34.6,2,5000000,2500000,3,296
"Brett Anderson","LAD","2015",-0.1,29,61,47,1,4,1,0,0,3,0,0,5,32,0.085,0.173,0.106,0.279,-19,0.143,-54,5,2,0,9,0,0,"1",0,-0.1,29,61,47,1,4,1,0,0,3,0,0,5,32,0.085,0.173,0.106,0.279,-19,0.143,-54,5,2,0,9,0,0,1,"SP",27.5,1,10000000,10000000,6,300
"Brett Anderson","LAD","2016",0,4,3,3,0,0,0,0,0,0,0,0,0,2,0,0,0,0,-100,0,-141,0,0,0,0,0,0,"/1",0,0,4,3,3,0,0,0,0,0,0,0,0,0,2,0,0,0,0,-100,0,-141,0,0,0,0,0,0,0,"SP",28.5,1,15800000,15800000,7,301
"Brett Anderson","CHC","2017",0,6,8,7,0,1,0,0,0,1,0,0,1,3,0.143,0.25,0.143,0.393,6,0.199,-2,1,0,0,0,0,0,"/1",0,0,6,8,7,0,1,0,0,0,1,0,0,1,3,0.143,0.25,0.143,0.393,6,0.199,-2,1,0,0,0,0,0,1,"SP",29.5,1,695958.90057858,695958.90057858,8,302
"Brett Anderson","OAK","2018",0,2,4,4,0,1,0,0,0,0,0,0,0,0,0.25,0.25,0.25,0.5,40,0.224,32,1,1,0,0,0,0,"1",0,0,2,4,4,0,1,0,0,0,0,0,0,0,0,0.25,0.25,0.25,0.5,40,0.224,32,1,1,0,0,0,0,1,"SP",30.5,1,4000000,4000000,8.155,303
"Brett Anderson","OAK","2019",0.2,3,8,8,1,4,0,0,0,0,0,0,0,2,0.5,0.5,0.5,1,175,0.432,178,4,0,0,0,0,0,"1",0,0.2,3,8,8,1,4,0,0,0,0,0,0,0,2,0.5,0.5,0.5,1,175,0.432,178,4,0,0,0,0,0,0,"SP",31.5,1,1500000,1500000,9.135,304
"Brett Anderson","MIL","2021",-0.2,24,34,28,2,0,0,0,0,1,0,0,4,14,0,0.125,0,0.125,-62,0.087,-81,0,3,0,2,0,0,"1",0,-0.2,24,34,28,2,0,0,0,0,1,0,0,4,14,0,0.125,0,0.125,-62,0.087,-81,0,3,0,2,0,0,0,"SP",33.5,1,2500000,2500000,11.135,306
"Brett Gardner","NYY","2020",0.7,49,158,130,20,29,5,1,5,15,3,3,26,35,0.223,0.354,0.392,0.747,109,0.331,112,51,0,1,0,1,0,"78/HD",0,0.7,49,158,130,20,29,5,1,5,15,3,3,26,35,0.223,0.354,0.392,0.747,109,0.331,112,51,0,1,0,1,0,0,"LF/CF",37,1,12500000,12500000,11.072,307
"Brett Gardner","NYY","2021",0.9,140,461,387,47,86,16,4,10,39,4,0,60,100,0.222,0.327,0.362,0.689,90,0.309,90,140,3,3,5,6,0,"87/H",0,0.9,140,461,387,47,86,16,4,10,39,4,0,60,100,0.222,0.327,0.362,0.689,90,0.309,90,140,3,3,5,6,0,0,"LF/CF",38,2,5150000,2575000,12.072,308
"Brian Anderson","MIL","2023",0.5,96,361,318,38,72,12,3,9,40,1,3,36,108,0.226,0.31,0.368,0.678,85,0.3,85,117,10,4,0,3,0,"59/HD",0,0.5,96,361,318,38,72,12,3,9,40,1,3,36,108,0.226,0.31,0.368,0.678,85,0.3,85,117,10,4,0,3,0,1,"3B/RF",30.2,1,3500000,3500000,0,309
"Brian Anderson","ATL","2024",-0.2,3,5,5,0,0,0,0,0,0,0,0,0,2,0,0,0,0,-100,0,-132,0,1,0,0,0,0,"/95",0,-0.2,3,5,5,0,0,0,0,0,0,0,0,0,2,0,0,0,0,-100,0,-132,0,1,0,0,0,0,1,"3B/RF",31.2,1,1028380.82280247,1028380.82280247,1,310
"Brian Bogusevic","CHC","2013",0.4,47,155,143,18,39,7,1,6,16,2,0,10,35,0.273,0.323,0.462,0.784,113,0.361,122,66,4,1,0,1,1,"78H/9",0,0.4,47,155,143,18,39,7,1,6,16,2,0,10,35,0.273,0.323,0.462,0.784,113,0.361,122,66,4,1,0,1,1,1,"RF/CF",29.5,1,687482.955954937,687482.955954937,0,311
"Brian Bogusevic","PHI","2015",0.2,22,61,58,9,15,3,0,2,5,2,0,3,21,0.259,0.295,0.414,0.709,94,0.317,89,24,1,0,0,0,0,"9/H7",0,0.2,22,61,58,9,15,3,0,2,5,2,0,3,21,0.259,0.295,0.414,0.709,94,0.317,89,24,1,0,0,0,0,1,"RF",31.5,1,687225.311355765,687225.311355765,1,312
"Brian Duensing","CHC","2017",-0.1,65,4,4,0,0,0,0,0,0,0,0,0,3,0,0,0,0,-100,0,-147,0,1,0,0,0,0,"1",0,-0.1,65,4,4,0,0,0,0,0,0,0,0,0,3,0,0,0,0,-100,0,-147,0,1,0,0,0,0,1,"RP",34.5,1,2000000,2000000,7.055,314
"Brian Duensing","CHC","2018",0,47,2,1,1,0,0,0,0,0,0,0,1,1,0,0.5,0,0.5,51,0.346,109,0,0,0,0,0,0,"1/7",0,0,47,2,1,1,0,0,0,0,0,0,0,1,1,0,0.5,0,0.5,51,0.346,109,0,0,0,0,0,0,0,"RP",35.5,2,7000000,3500000,8.055,315
"Brian Mccann","NYY","2014",2.1,140,538,495,57,115,15,1,23,75,0,0,32,77,0.232,0.286,0.406,0.692,94,0.316,96,201,16,7,0,4,1,"23HD",0,2.1,140,538,495,57,115,15,1,23,75,0,0,32,77,0.232,0.286,0.406,0.692,94,0.316,96,201,16,7,0,4,1,1,"C",30.5,5,85000000,17000000,8.117,316
"Brian Mccann","NYY","2015",2.6,135,535,465,68,108,15,1,26,94,0,0,52,97,0.232,0.32,0.437,0.756,105,0.329,102,203,7,11,0,7,3,"2H3/D",2,2.6,135,535,465,68,108,15,1,26,94,0,0,52,97,0.232,0.32,0.437,0.756,105,0.329,102,203,7,11,0,7,3,1,"C",31.5,5,85000000,17000000,9.117,316
"Brian Mccann","NYY","2016",0.8,130,492,429,56,104,13,0,20,58,1,0,54,99,0.242,0.335,0.413,0.748,99,0.331,100,177,15,7,0,2,2,"2DH/3",0,0.8,130,492,429,56,104,13,0,20,58,1,0,54,99,0.242,0.335,0.413,0.748,99,0.331,100,177,15,7,0,2,2,1,"C",32.5,5,85000000,17000000,10.117,316
"Brian Mccann","HOU","2017",0.8,97,399,349,47,84,12,1,18,62,1,0,38,58,0.241,0.323,0.436,0.759,106,0.332,107,152,9,7,0,5,3,"2/DH",0,0.8,97,399,349,47,84,12,1,18,62,1,0,38,58,0.241,0.323,0.436,0.759,106,0.332,107,152,9,7,0,5,3,1,"C",33.5,5,85000000,17000000,11.117,316
"Brian Mccann","HOU","2018",0.9,63,216,189,22,40,3,0,7,23,0,1,19,40,0.212,0.301,0.339,0.64,76,0.292,79,64,7,6,0,2,0,"2/HD",0,0.9,63,216,189,22,40,3,0,7,23,0,1,19,40,0.212,0.301,0.339,0.64,76,0.292,79,64,7,6,0,2,0,1,"C",34.5,5,85000000,17000000,12.117,316
"Brian Mccann","ATL","2019",0.2,85,316,277,28,69,9,0,12,45,0,0,31,53,0.249,0.323,0.412,0.734,85,0.315,80,114,10,2,0,6,1,"2/H",0,0.2,85,316,277,28,69,9,0,12,45,0,0,31,53,0.249,0.323,0.412,0.734,85,0.315,80,114,10,2,0,6,1,1,"C",35.5,1,2000000,2000000,13.117,317
"Brian Moran","MIA","2019",0,10,0,0,0,0,0,0,0,0,0,0,0,0,0,0,0,0,0,0,0,0,0,0,0,0,0,"1",0,0,10,0,0,0,0,0,0,0,0,0,0,0,0,0,0,0,0,0,0,0,0,0,0,0,0,0,0,"RP",30.8,1,691688.341292727,691688.341292727,0,318
"Brian Wilson","LAD","2013",0,18,0,0,0,0,0,0,0,0,0,0,0,0,0,0,0,0,0,0,0,0,0,0,0,0,0,"1",0,0,18,0,0,0,0,0,0,0,0,0,0,0,0,0,0,0,0,0,0,0,0,0,0,0,0,0,1,"RP",31.4,1,1000000,1000000,0,320
"Brian Wilson","LAD","2014",0,58,0,0,0,0,0,0,0,0,0,0,0,0,0,0,0,0,0,0,0,0,0,0,0,0,0,"1",0,0,58,0,0,0,0,0,0,0,0,0,0,0,0,0,0,0,0,0,0,0,0,0,0,0,0,0,0,"RP",32.4,2,19000000,9500000,1,321
"Brock Holt","2TM","2020",-0.7,36,106,95,12,20,6,0,0,5,1,0,9,24,0.211,0.283,0.274,0.557,52,0.255,47,26,3,1,0,1,0,"5/7H391D",0,-0.7,36,106,95,12,20,6,0,0,5,1,0,9,24,0.211,0.283,0.274,0.557,52,0.255,47,26,3,1,0,1,0,1,"2B",32.2,1,3250000,3250000,6.052,322
"Brock Holt","TEX","2021",0,76,260,235,21,49,13,1,2,23,5,1,23,49,0.209,0.281,0.298,0.579,60,0.261,56,70,5,1,0,1,0,"5H/D1",0,0,76,260,235,21,49,13,1,2,23,5,1,23,49,0.209,0.281,0.298,0.579,60,0.261,56,70,5,1,0,1,0,1,"2B",33.2,1,1750000,1750000,7.052,323
"Bronson Arroyo","ARI","2014",0.1,15,31,27,5,6,0,0,0,0,0,0,0,12,0.222,0.222,0.222,0.444,25,0.202,-7,6,0,0,4,0,0,"1/H",0,0.1,15,31,27,5,6,0,0,0,0,0,0,0,12,0.222,0.222,0.222,0.444,25,0.202,-7,6,0,0,4,0,0,1,"SP/SP5",37.5,2,23500000,11750000,3.15,324
"Bronson Arroyo","CIN","2017",-0.1,15,29,26,0,4,0,0,0,0,0,0,0,10,0.154,0.154,0.154,0.308,-19,0.138,-60,4,0,0,3,0,0,"1/H",0,-0.1,15,29,26,0,4,0,0,0,0,0,0,0,10,0.154,0.154,0.154,0.308,-19,0.138,-60,4,0,0,3,0,0,1,"SP/SP5",40.5,1,695958.90057858,695958.90057858,6.15,326
"Brooks Raley","NYM","2023",0,1,0,0,0,0,0,0,0,0,0,0,0,0,0,0,0,0,0,0,0,0,0,0,0,0,0,"1",0,0,1,0,0,0,0,0,0,0,0,0,0,0,0,0,0,0,0,0,0,0,0,0,0,0,0,0,1,"RP/SU7",35.1,2,10000000,5000000,1,327
"Bryan Anderson","CHW","2013",-0.4,10,19,18,1,1,1,0,0,2,0,0,1,5,0.056,0.105,0.111,0.216,-41,0.103,-68,2,0,0,0,0,0,"2",0,-0.4,10,19,18,1,1,1,0,0,2,0,0,1,5,0.056,0.105,0.111,0.216,-41,0.103,-68,2,0,0,0,0,0,1,"C",26.7,1,687482.955954937,687482.955954937,0,329
"Bryan Anderson","OAK","2015",0.1,4,8,5,0,2,0,0,0,1,0,0,1,1,0.4,0.429,0.4,0.829,134,0.354,129,2,0,0,1,1,0,"/2H",0,0.1,4,8,5,0,2,0,0,0,1,0,0,1,1,0.4,0.429,0.4,0.829,134,0.354,129,2,0,0,1,1,0,1,"C",28.7,1,687225.311355765,687225.311355765,1,330
"Bryan Holaday","DET","2017",-0.3,13,29,29,1,7,2,0,0,2,0,0,0,1,0.241,0.241,0.31,0.552,46,0.235,31,9,2,0,0,0,0,"2/H4D",0,-0.3,13,29,29,1,7,2,0,0,2,0,0,0,1,0.241,0.241,0.31,0.552,46,0.235,31,9,2,0,0,0,0,1,"C",29.8,1,695958.90057858,695958.90057858,3.025,331
"Bryan Holaday","MIA","2018",0,61,166,151,7,31,5,0,1,16,0,0,10,29,0.205,0.261,0.258,0.519,45,0.237,37,39,4,2,1,2,2,"2H/1",0,0,61,166,151,7,31,5,0,1,16,0,0,10,29,0.205,0.261,0.258,0.519,45,0.237,37,39,4,2,1,2,2,1,"C",30.8,1,1273604.72113835,1273604.72113835,3.056,332
"Bryan Holaday","MIA","2019",0.3,43,129,115,12,32,6,0,4,12,0,1,11,21,0.278,0.344,0.435,0.779,105,0.344,114,50,5,1,1,1,2,"2/H1",0,0.3,43,129,115,12,32,6,0,4,12,0,1,11,21,0.278,0.344,0.435,0.779,105,0.344,114,50,5,1,1,1,2,0,"C",31.8,1,1250000,1250000,4.056,333
"Bryan Holaday","BAL","2020",-0.3,20,33,31,5,5,1,0,0,4,0,0,2,9,0.161,0.212,0.194,0.406,12,0.21,17,6,1,0,0,0,0,"2/H3D1",0,-0.3,20,33,31,5,5,1,0,0,4,0,0,2,9,0.161,0.212,0.194,0.406,12,0.21,17,6,1,0,0,0,0,1,"C",32.8,1,704615.735189191,704615.735189191,5.013,334
"Bryan Shaw","COL","2018",0,59,0,0,0,0,0,0,0,0,0,0,0,0,0,0,0,0,0,0,0,0,0,0,0,0,0,"1",0,0,59,0,0,0,0,0,0,0,0,0,0,0,0,0,0,0,0,0,0,0,0,0,0,0,0,0,1,"RP",30.8,3,27000000,9000000,0,335
"Bryan Shaw","COL","2019",0,64,0,0,0,0,0,0,0,0,0,0,0,0,0,0,0,0,0,0,0,0,0,0,0,0,0,"1",0,0,64,0,0,0,0,0,0,0,0,0,0,0,0,0,0,0,0,0,0,0,0,0,0,0,0,0,1,"RP",31.8,3,27000000,9000000,1,335
"Bryan Shaw","CLE","2021",0,4,0,0,0,0,0,0,0,0,0,0,0,0,0,0,0,0,0,0,0,0,0,0,0,0,0,"1",0,0,4,0,0,0,0,0,0,0,0,0,0,0,0,0,0,0,0,0,0,0,0,0,0,0,0,0,1,"RP",33.8,1,1000000,1000000,3,336
"Bryan Shaw","CLE","2022",0,1,0,0,0,0,0,0,0,0,0,0,0,0,0,0,0,0,0,0,0,0,0,0,0,0,0,"1",0,0,1,0,0,0,0,0,0,0,0,0,0,0,0,0,0,0,0,0,0,0,0,0,0,0,0,0,0,"RP",34.8,1,3000000,3000000,4,337
"Buck Farmer","CIN","2023",0,1,0,0,0,0,0,0,0,0,0,0,0,0,0,0,0,0,0,0,0,0,0,0,0,0,0,"1",0,0,1,0,0,0,0,0,0,0,0,0,0,0,0,0,0,0,0,0,0,0,0,0,0,0,0,0,0,"RP",32.5,1,1861538.16220844,1861538.16220844,1,341
"Buck Farmer","CIN","2024",0,1,0,0,0,0,0,0,0,0,0,0,0,0,0,0,0,0,0,0,0,0,0,0,0,0,0,"1",0,0,1,0,0,0,0,0,0,0,0,0,0,0,0,0,0,0,0,0,0,0,0,0,0,0,0,0,0,"RP",33.5,1,2250000,2250000,2,342
"Bud Norris","2TM","2016",0.5,33,38,27,2,6,0,1,0,1,0,0,3,7,0.222,0.323,0.296,0.619,69,0.313,87,8,0,1,7,0,0,"1",0,0.5,33,38,27,2,6,0,1,0,1,0,0,3,7,0.222,0.323,0.296,0.619,69,0.313,87,8,0,1,7,0,0,1,"RP",31.4,1,2500000,2500000,6.068,343
"Bud Norris","LAA","2017",0,4,0,0,0,0,0,0,0,0,0,0,0,0,0,0,0,0,0,0,0,0,0,0,0,0,0,"1",0,0,4,0,0,0,0,0,0,0,0,0,0,0,0,0,0,0,0,0,0,0,0,0,0,0,0,0,1,"RP",32.4,1,1750000,1750000,7.068,344
"Bud Norris","STL","2018",0,61,0,0,0,0,0,0,0,0,0,0,0,0,0,0,0,0,0,0,0,0,0,0,0,0,0,"1",0,0,61,0,0,0,0,0,0,0,0,0,0,0,0,0,0,0,0,0,0,0,0,0,0,0,0,0,1,"RP",33.4,1,3000000,3000000,8.068,345
"Buddy Boshers","MIN","2017",0,3,0,0,0,0,0,0,0,0,0,0,0,0,0,0,0,0,0,0,0,0,0,0,0,0,0,"1",0,0,3,0,0,0,0,0,0,0,0,0,0,0,0,0,0,0,0,0,0,0,0,0,0,0,0,0,0,"RP",28,1,695958.90057858,695958.90057858,0,347
"Buddy Boshers","TOR","2019",0,3,0,0,0,0,0,0,0,0,0,0,0,0,0,0,0,0,0,0,0,0,0,0,0,0,0,"1",0,0,3,0,0,0,0,0,0,0,0,0,0,0,0,0,0,0,0,0,0,0,0,0,0,0,0,0,1,"RP",30,1,691688.341292727,691688.341292727,1,348
"Caleb Thielbar","MIN","2021",0,4,0,0,0,0,0,0,0,0,0,0,0,0,0,0,0,0,0,0,0,0,0,0,0,0,0,"1",0,0,4,0,0,0,0,0,0,0,0,0,0,0,0,0,0,0,0,0,0,0,0,0,0,0,0,0,0,"RP",34.5,1,828209.410109827,828209.410109827,1,353
"Caleb Thielbar","MIN","2022",0,2,0,0,0,0,0,0,0,0,0,0,0,0,0,0,0,0,0,0,0,0,0,0,0,0,0,"1",0,0,2,0,0,0,0,0,0,0,0,0,0,0,0,0,0,0,0,0,0,0,0,0,0,0,0,0,0,"RP",35.5,1,1448986.26264411,1448986.26264411,2,354
"Cameron Maybin","2TM","2018",0.6,129,384,342,32,85,14,2,4,28,10,5,38,75,0.249,0.326,0.336,0.662,86,0.306,90,115,7,2,0,2,1,"78H9",0,0.6,129,384,342,32,85,14,2,4,28,10,5,38,75,0.249,0.326,0.336,0.662,86,0.306,90,115,7,2,0,2,1,1,"RF",31.3,1,3250000,3250000,8.073,358
"Cameron Maybin","NYY","2019",1.6,82,269,239,48,68,17,0,11,32,9,6,30,72,0.285,0.364,0.494,0.858,127,0.363,129,118,5,0,0,0,0,"79/H8D",0,1.6,82,269,239,48,68,17,0,11,32,9,6,30,72,0.285,0.364,0.494,0.858,127,0.363,129,118,5,0,0,0,0,1,"RF",32.3,1,691688.341292727,691688.341292727,9.073,359
"Cameron Maybin","2TM","2020",0,32,101,93,8,23,8,1,1,7,3,0,7,25,0.247,0.307,0.387,0.694,88,0.316,88,36,4,1,0,0,0,"9/H78D",0,0,32,101,93,8,23,8,1,1,7,3,0,7,25,0.247,0.307,0.387,0.694,88,0.316,88,36,4,1,0,0,0,1,"RF",33.3,1,1500000,1500000,10.059,360
"Carlos Beltran","STL","2012",3.9,151,619,547,83,147,26,1,32,97,13,6,65,124,0.269,0.346,0.495,0.842,128,0.366,128,271,9,2,1,4,15,"9H/8D",2,3.9,151,619,547,83,147,26,1,32,97,13,6,65,124,0.269,0.346,0.495,0.842,128,0.366,128,271,9,2,1,4,15,1,"DH/RF",35.2,2,26000000,13000000,0,361
"Carlos Beltran","STL","2013",2.3,145,600,554,79,164,30,3,24,84,2,1,38,90,0.296,0.339,0.491,0.83,127,0.363,127,272,12,1,1,6,1,"9/HD",1,2.3,145,600,554,79,164,30,3,24,84,2,1,38,90,0.296,0.339,0.491,0.83,127,0.363,127,272,12,1,1,6,1,1,"DH/RF",36.2,2,26000000,13000000,1,361
"Carlos Beltran","NYY","2014",-0.2,109,449,403,46,94,23,0,15,49,3,1,37,80,0.233,0.301,0.402,0.703,98,0.316,96,162,11,4,0,5,2,"D9/H3",0,-0.2,109,449,403,46,94,23,0,15,49,3,1,37,80,0.233,0.301,0.402,0.703,98,0.316,96,162,11,4,0,5,2,1,"DH/RF",37.2,3,45000000,15000000,2,362
"Carlos Beltran","NYY","2015",1.1,133,531,478,57,132,34,1,19,67,0,0,45,85,0.276,0.337,0.471,0.808,119,0.347,116,225,12,2,0,6,2,"9/DH",0,1.1,133,531,478,57,132,34,1,19,67,0,0,45,85,0.276,0.337,0.471,0.808,119,0.347,116,225,12,2,0,6,2,1,"DH/RF",38.2,3,45000000,15000000,3,362
"Carlos Beltran","2TM","2016",2.2,151,593,552,73,163,33,0,29,93,1,0,35,101,0.295,0.337,0.513,0.85,122,0.361,121,283,19,2,0,4,4,"D9H",1,2.2,151,593,552,73,163,33,0,29,93,1,0,35,101,0.295,0.337,0.513,0.85,122,0.361,121,283,19,2,0,4,4,1,"DH/RF",39.2,3,45000000,15000000,4,362
"Carlos Beltran","2TM","2016",2.2,151,593,552,73,163,33,0,29,93,1,0,35,101,0.295,0.337,0.513,0.85,122,0.361,121,283,19,2,0,4,4,"D9H",1,2.2,151,593,552,73,163,33,0,29,93,1,0,35,101,0.295,0.337,0.513,0.85,122,0.361,121,283,19,2,0,4,4,1,"DH",39.2,3,59618339.1087309,19872779.7029103,5,363
"Carlos Beltran","HOU","2017",-0.8,129,509,467,60,108,29,0,14,51,0,0,33,102,0.231,0.283,0.383,0.666,81,0.293,80,179,9,3,0,6,3,"D7H/9",0,-0.8,129,509,467,60,108,29,0,14,51,0,0,33,102,0.231,0.283,0.383,0.666,81,0.293,80,179,9,3,0,6,3,1,"DH",40.2,3,59618339.1087309,19872779.7029103,6,363
"Carlos Beltran","HOU","2017",-0.8,129,509,467,60,108,29,0,14,51,0,0,33,102,0.231,0.283,0.383,0.666,81,0.293,80,179,9,3,0,6,3,"D7H/9",0,-0.8,129,509,467,60,108,29,0,14,51,0,0,33,102,0.231,0.283,0.383,0.666,81,0.293,80,179,9,3,0,6,3,1,"DH/RF",40.2,1,16000000,16000000,8,364
"Carlos Correa","MIN","2022",5.3,136,590,522,70,152,24,1,22,64,0,1,61,121,0.291,0.366,0.467,0.834,138,0.367,140,244,18,3,0,4,2,"6/DH",0,5.3,136,590,522,70,152,24,1,22,64,0,1,61,121,0.291,0.366,0.467,0.834,138,0.367,140,244,18,3,0,4,2,1,"SS/SS",27.9,3,105300000,35100000,6.119,365
"Carlos Correa","MIN","2023",1.3,135,580,514,60,118,29,2,18,65,0,0,59,131,0.23,0.312,0.399,0.711,94,0.312,93,205,30,4,0,3,3,"6",0,1.3,135,580,514,60,118,29,2,18,65,0,0,59,131,0.23,0.312,0.399,0.711,94,0.312,93,205,30,4,0,3,3,1,"SS/SS",28.9,3,105300000,35100000,7.119,365
"Carlos Correa","MIN","2023",1.3,135,580,514,60,118,29,2,18,65,0,0,59,131,0.23,0.312,0.399,0.711,94,0.312,93,205,30,4,0,3,3,"6",0,1.3,135,580,514,60,118,29,2,18,65,0,0,59,131,0.23,0.312,0.399,0.711,94,0.312,93,205,30,4,0,3,3,0,"SS/SS",28.9,6,200000000,33333333.3333333,7.119,366
"Carlos Correa","MIN","2024",3.7,86,367,319,55,99,20,2,14,54,0,0,40,61,0.31,0.388,0.517,0.905,152,0.393,155,165,5,3,0,4,4,"6/DH",1,3.7,86,367,319,55,99,20,2,14,54,0,0,40,61,0.31,0.388,0.517,0.905,152,0.393,155,165,5,3,0,4,4,1,"SS/SS",29.9,3,105300000,35100000,8.119,365
"Carlos Correa","MIN","2024",3.7,86,367,319,55,99,20,2,14,54,0,0,40,61,0.31,0.388,0.517,0.905,152,0.393,155,165,5,3,0,4,4,"6/DH",1,3.7,86,367,319,55,99,20,2,14,54,0,0,40,61,0.31,0.388,0.517,0.905,152,0.393,155,165,5,3,0,4,4,0,"SS/SS",29.9,6,200000000,33333333.3333333,8.119,366
"Carlos Correa","2TM","2025",1.5,144,584,537,63,148,29,0,13,52,0,0,45,113,0.276,0.332,0.402,0.734,103,0.323,103,216,19,1,0,1,0,"65/H",0,1.5,144,584,537,63,148,29,0,13,52,0,0,45,113,0.276,0.332,0.402,0.734,103,0.323,103,216,19,1,0,1,0,0,"SS/SS",30.9,6,200000000,33333333.3333333,9.119,366
"Carlos Estevez","KCR","2025",0,5,0,0,0,0,0,0,0,0,0,0,0,0,0,0,0,0,0,0,0,0,0,0,0,0,0,"1",1,0,5,0,0,0,0,0,0,0,0,0,0,0,0,0,0,0,0,0,0,0,0,0,0,0,0,0,1,"RP/CL",32.6,2,22200000,11100000,2,368
"Carlos Gomez","TEX","2017",1.4,105,426,368,51,94,23,1,17,51,13,5,31,127,0.255,0.34,0.462,0.802,104,0.347,102,170,3,19,3,5,0,"8/HD",0,1.4,105,426,368,51,94,23,1,17,51,13,5,31,127,0.255,0.34,0.462,0.802,104,0.347,102,170,3,19,3,5,0,0,"RF",31.7,1,11500000,11500000,3.141,369
"Carlos Gomez","TBR","2018",0.8,118,408,360,42,75,15,2,9,32,12,3,25,103,0.208,0.298,0.336,0.634,76,0.292,77,121,6,21,2,0,0,"9H/D814",0,0.8,118,408,360,42,75,15,2,9,32,12,3,25,103,0.208,0.298,0.336,0.634,76,0.292,77,121,6,21,2,0,0,1,"RF",32.7,1,4000000,4000000,4.141,370
"Carlos Rodon","CHW","2021",0,2,3,3,0,0,0,0,0,0,0,0,0,1,0,0,0,0,-100,0,-128,0,0,0,0,0,0,"1",2,0,2,3,3,0,0,0,0,0,0,0,0,0,1,0,0,0,0,-100,0,-128,0,0,0,0,0,0,0,"SP",28.7,1,3000000,3000000,5.168,376
"Carlos Santana","PHI","2018",2.2,161,679,560,82,128,28,2,24,86,2,1,110,93,0.229,0.352,0.414,0.766,105,0.342,106,232,12,1,0,8,6,"35/H",0,2.2,161,679,560,82,128,28,2,24,86,2,1,110,93,0.229,0.352,0.414,0.766,105,0.342,106,232,12,1,0,8,6,1,"1B/DH",32.3,3,60000000,20000000,0,379
"Carlos Santana","CLE","2019",4.7,158,686,573,110,161,30,1,34,93,4,0,108,108,0.281,0.397,0.515,0.911,136,0.386,136,295,13,3,0,2,12,"3D",2,4.7,158,686,573,110,161,30,1,34,93,4,0,108,108,0.281,0.397,0.515,0.911,136,0.386,136,295,13,3,0,2,12,1,"1B/DH",33.3,3,60000000,20000000,1,379
"Carlos Santana","CLE","2020",1,60,255,206,34,41,7,0,8,30,0,0,47,43,0.199,0.349,0.35,0.699,93,0.32,96,72,5,1,0,1,1,"3",0,1,60,255,206,34,41,7,0,8,30,0,0,47,43,0.199,0.349,0.35,0.699,93,0.32,96,72,5,1,0,1,1,1,"1B/DH",34.3,3,60000000,20000000,2,379
"Carlos Santana","KCR","2021",-0.1,158,659,565,66,121,15,0,19,69,2,0,86,102,0.214,0.319,0.342,0.66,81,0.299,81,193,12,3,0,5,3,"3D/H",0,-0.1,158,659,565,66,121,15,0,19,69,2,0,86,102,0.214,0.319,0.342,0.66,81,0.299,81,193,12,3,0,5,3,1,"1B/DH",35.3,2,17500000,8750000,3,380
"Carlos Santana","2TM","2022",1.1,131,506,431,52,87,18,0,19,60,0,0,71,88,0.202,0.316,0.376,0.692,100,0.308,99,162,9,2,0,2,2,"3D/H9",0,1.1,131,506,431,52,87,18,0,19,60,0,0,71,88,0.202,0.316,0.376,0.692,100,0.308,99,162,9,2,0,2,2,1,"1B/DH",36.3,2,17500000,8750000,4,380
"Carlos Santana","2TM","2023",2.7,146,619,550,78,132,33,1,23,86,6,0,65,104,0.24,0.318,0.429,0.747,101,0.331,102,236,11,0,0,4,0,"3D/H",0,2.7,146,619,550,78,132,33,1,23,86,6,0,65,104,0.24,0.318,0.429,0.747,101,0.331,102,236,11,0,0,4,0,1,"1B/DH",37.3,1,6725000,6725000,5,381
"Carlos Santana","MIN","2024",2.5,150,594,521,63,124,26,0,23,71,4,0,65,99,0.238,0.328,0.42,0.749,109,0.329,108,219,11,6,0,2,3,"3/HD",1,2.5,150,594,521,63,124,26,0,23,71,4,0,65,99,0.238,0.328,0.42,0.749,109,0.329,108,219,11,6,0,2,3,1,"1B/DH",38.3,1,5250000,5250000,6,382
"Carlos Santana","2TM","2025",1.1,124,474,415,49,91,11,0,11,54,7,0,52,91,0.219,0.308,0.325,0.633,77,0.289,77,135,7,3,0,4,1,"3D/H5",0,1.1,124,474,415,49,91,11,0,11,54,7,0,52,91,0.219,0.308,0.325,0.633,77,0.289,77,135,7,3,0,4,1,1,"1B/DH",39.3,1,12000000,12000000,7,383
"Carlos Villanueva","CHC","2013",-0.1,43,34,32,2,5,0,0,0,1,0,0,0,15,0.156,0.156,0.156,0.313,-13,0.142,-49,5,0,0,2,0,0,"1",0,-0.1,43,34,32,2,5,0,0,0,1,0,0,0,15,0.156,0.156,0.156,0.313,-13,0.142,-49,5,0,0,2,0,0,0,"RP",29.7,2,10000000,5000000,0,384
"Carlos Villanueva","CHC","2014",-0.2,40,13,10,0,0,0,0,0,0,0,0,0,6,0,0,0,0,-100,0,-217,0,1,0,3,0,0,"1",0,-0.2,40,13,10,0,0,0,0,0,0,0,0,0,6,0,0,0,0,-100,0,-217,0,1,0,3,0,0,0,"RP",30.7,2,10000000,5000000,1,384
"Carlos Villanueva","STL","2015",-0.2,32,11,8,0,0,0,0,0,0,0,0,0,5,0,0,0,0,-100,0,-232,0,0,0,3,0,0,"1",0,-0.2,32,11,8,0,0,0,0,0,0,0,0,0,5,0,0,0,0,-100,0,-232,0,0,0,3,0,0,1,"RP",31.7,1,2000000,2000000,2,385
"Carlos Villanueva","SDP","2016",-0.1,48,5,4,0,0,0,0,0,0,0,0,0,4,0,0,0,0,-100,0,-193,0,0,0,1,0,0,"1",0,-0.1,48,5,4,0,0,0,0,0,0,0,0,0,4,0,0,0,0,-100,0,-193,0,0,0,1,0,0,1,"RP",32.7,1,1500000,1500000,3,386
"Carson Kelly","2TM","2023",0.1,50,151,136,13,28,5,0,2,13,1,0,14,40,0.206,0.278,0.287,0.565,56,0.256,51,39,2,0,0,1,0,"2/1DH",0,0.1,50,151,136,13,28,5,0,2,13,1,0,14,40,0.206,0.278,0.287,0.565,56,0.256,51,39,2,0,0,1,0,1,"C",29.1,1,720000,720000,0,389
"Carson Kelly","CHC","2025",3.6,111,421,369,48,92,13,1,17,50,2,0,45,80,0.249,0.333,0.428,0.761,120,0.337,121,158,11,3,0,4,0,"2/HD",0,3.6,111,421,369,48,92,13,1,17,50,2,0,45,80,0.249,0.333,0.428,0.761,120,0.337,121,158,11,3,0,4,0,1,"C",31.1,2,11500000,5750000,1,390
"Casey Kotchman","CLE","2012",-0.9,142,500,463,46,106,12,0,12,55,3,0,26,49,0.229,0.28,0.333,0.612,72,0.279,72,154,15,7,3,1,1,"3H/D",0,-0.9,142,500,463,46,106,12,0,12,55,3,0,26,49,0.229,0.28,0.333,0.612,72,0.279,72,154,15,7,3,1,1,1,"1B",29.4,1,3000000,3000000,0,391
"Casey Kotchman","MIA","2013",-0.7,6,21,20,0,0,0,0,0,1,0,0,1,1,0,0.048,0,0.048,-85,0.033,-122,0,1,0,0,0,0,"/3",0,-0.7,6,21,20,0,0,0,0,0,1,0,0,1,1,0,0.048,0,0.048,-85,0.033,-122,0,1,0,0,0,0,1,"1B",30.4,1,700000,700000,1,392
"Cesar Puello","2TM","2017",0.1,17,39,34,6,7,0,0,0,3,2,0,4,12,0.206,0.308,0.206,0.514,45,0.257,43,7,2,1,0,0,0,"/7HD9",0,0.1,17,39,34,6,7,0,0,0,3,2,0,4,12,0.206,0.308,0.206,0.514,45,0.257,43,7,2,1,0,0,0,1,"RF",26.3,1,695958.90057858,695958.90057858,0,395
"Cesar Puello","2TM","2019",1,44,147,125,14,31,5,0,4,18,0,0,10,38,0.248,0.356,0.384,0.74,97,0.336,105,48,2,11,1,0,1,"879/H",0,1,44,147,125,14,31,5,0,4,18,0,0,10,38,0.248,0.356,0.384,0.74,97,0.336,105,48,2,11,1,0,1,0,"RF",28.3,1,691688.341292727,691688.341292727,1,396
"Cesar Puello","BOS","2020",0.2,5,11,8,1,3,0,0,0,0,0,0,2,2,0.375,0.5,0.375,0.875,140,0.409,157,3,0,0,1,0,0,"/97",0,0.2,5,11,8,1,3,0,0,0,0,0,0,2,2,0.375,0.5,0.375,0.875,140,0.409,157,3,0,0,1,0,0,1,"RF",29.3,1,690523.420485407,690523.420485407,2,397
"Chad Gaudin","SFG","2013",-0.1,28,29,25,0,1,0,0,0,1,0,0,2,14,0.04,0.111,0.04,0.151,-54,0.118,-59,1,0,0,2,0,0,"1",0,-0.1,28,29,25,0,1,0,0,0,1,0,0,2,14,0.04,0.111,0.04,0.151,-54,0.118,-59,1,0,0,2,0,0,1,NA,30.4,1,750000,750000,0,398
"Chad Qualls","MIA","2013",0,63,0,0,0,0,0,0,0,0,0,0,0,0,0,0,0,0,0,0,0,0,0,0,0,0,0,"1",0,0,63,0,0,0,0,0,0,0,0,0,0,0,0,0,0,0,0,0,0,0,0,0,0,0,0,0,1,"RP",35,1,1150000,1150000,1.058,403
"Chad Qualls","HOU","2014",0,3,0,0,0,0,0,0,0,0,0,0,0,0,0,0,0,0,0,0,0,0,0,0,0,0,0,"1",0,0,3,0,0,0,0,0,0,0,0,0,0,0,0,0,0,0,0,0,0,0,0,0,0,0,0,0,1,"RP",36,2,6000000,3000000,2.058,404
"Chad Qualls","HOU","2015",0,4,0,0,0,0,0,0,0,0,0,0,0,0,0,0,0,0,0,0,0,0,0,0,0,0,0,"1",0,0,4,0,0,0,0,0,0,0,0,0,0,0,0,0,0,0,0,0,0,0,0,0,0,0,0,0,1,"RP",37,2,6000000,3000000,3.058,404
"Chad Qualls","COL","2016",0,42,0,0,0,0,0,0,0,0,0,0,0,0,0,0,0,0,0,0,0,0,0,0,0,0,0,"1",0,0,42,0,0,0,0,0,0,0,0,0,0,0,0,0,0,0,0,0,0,0,0,0,0,0,0,0,1,"RP",38,2,6000000,3000000,4.058,405
"Chad Qualls","COL","2017",0,18,0,0,0,0,0,0,0,0,0,0,0,0,0,0,0,0,0,0,0,0,0,0,0,0,0,"1",0,0,18,0,0,0,0,0,0,0,0,0,0,0,0,0,0,0,0,0,0,0,0,0,0,0,0,0,1,"RP",39,2,6000000,3000000,5.058,405
"Chad Wallach","LAA","2023",0.1,65,172,157,18,31,5,1,7,15,0,1,13,57,0.197,0.259,0.376,0.635,71,0.281,72,59,5,0,2,0,0,"2/HD3",0,0.1,65,172,157,18,31,5,1,7,15,0,1,13,57,0.197,0.259,0.376,0.635,71,0.281,72,59,5,0,2,0,0,0,"C",31.8,1,765889.986737186,765889.986737186,0,406
"Chad Wallach","LAA","2025",0,1,0,0,0,0,0,0,0,0,0,0,0,0,0,0,0,0,0,0,0,0,0,0,0,0,0,"/2",0,0,1,0,0,0,0,0,0,0,0,0,0,0,0,0,0,0,0,0,0,0,0,0,0,0,0,0,0,"C",33.8,1,760000,760000,1,407
"Chadwick Tromp","SFG","2020",-0.2,24,64,61,11,13,1,0,4,10,0,0,1,20,0.213,0.219,0.426,0.645,72,0.278,69,26,3,0,0,2,0,"2/DH",0,-0.2,24,64,61,11,13,1,0,4,10,0,0,1,20,0.213,0.219,0.426,0.645,72,0.278,69,26,3,0,0,2,0,1,"C",25.4,1,690523.420485407,690523.420485407,0,408
"Chadwick Tromp","ATL","2022",0.2,1,4,4,0,3,2,0,0,3,0,0,0,0,0.75,0.75,1.25,2,444,0.852,482,5,0,0,0,0,0,"/2",0,0.2,1,4,4,0,3,2,0,0,3,0,0,0,0,0.75,0.75,1.25,2,444,0.852,482,5,0,0,0,0,0,1,"C",27.4,1,780223.372192982,780223.372192982,1,409
"Chadwick Tromp","ATL","2024",0.2,19,54,52,3,13,6,0,0,6,0,0,1,17,0.25,0.259,0.365,0.625,72,0.282,73,19,2,0,0,1,0,"2",0,0.2,19,54,52,3,13,6,0,0,6,0,0,1,17,0.25,0.259,0.365,0.625,72,0.282,73,19,2,0,0,1,0,0,"C",29.4,1,761001.808873827,761001.808873827,2,410
"Chadwick Tromp","2TM","2025",0.1,8,22,21,2,3,1,0,1,1,0,0,1,6,0.143,0.182,0.333,0.515,41,0.261,62,7,1,0,0,0,0,"/2",0,0.1,8,22,21,2,3,1,0,1,1,0,0,1,6,0.143,0.182,0.333,0.515,41,0.261,62,7,1,0,0,0,0,1,"C",30.4,1,775000,775000,3,411
"Charlie Culberson","ATL","2020",-0.1,9,7,7,2,1,1,0,0,1,0,0,0,4,0.143,0.143,0.286,0.429,9,0.176,-11,2,0,0,0,0,0,"/H314D",0,-0.1,9,7,7,2,1,1,0,0,1,0,0,0,4,0.143,0.143,0.286,0.429,9,0.176,-11,2,0,0,0,0,0,0,"3B",31.3,1,1000000,1000000,4.084,412
"Charlie Culberson","TEX","2021",1,90,271,247,23,60,15,2,5,22,7,1,17,64,0.243,0.296,0.381,0.676,85,0.304,85,94,3,2,4,1,1,"5H/73461D9",0,1,90,271,247,23,60,15,2,5,22,7,1,17,64,0.243,0.296,0.381,0.676,85,0.304,85,94,3,2,4,1,1,1,"3B",32.3,1,1500000,1500000,5.051,413
"Charlie Culberson","TEX","2022",0,68,124,115,19,29,6,0,2,12,2,3,5,31,0.252,0.283,0.357,0.64,81,0.278,78,41,5,0,4,0,0,"5H74D/136",0,0,68,124,115,19,29,6,0,2,12,2,3,5,31,0.252,0.283,0.357,0.64,81,0.278,78,41,5,0,4,0,0,0,"3B",33.3,1,1750000,1750000,6.051,414
"Charlie Morton","HOU","2017",0,1,3,3,0,0,0,0,0,0,0,0,0,0,0,0,0,0,-100,0,-131,0,0,0,0,0,0,"1",0,0,1,3,3,0,0,0,0,0,0,0,0,0,0,0,0,0,0,-100,0,-131,0,0,0,0,0,0,1,"SP/SP2",33.8,2,14000000,7000000,0,415
"Charlie Morton","HOU","2018",0,3,6,6,0,1,0,0,0,0,0,0,0,5,0.167,0.167,0.167,0.333,-7,0.149,-24,1,0,0,0,0,0,"1",1,0,3,6,6,0,1,0,0,0,0,0,0,0,5,0.167,0.167,0.167,0.333,-7,0.149,-24,1,0,0,0,0,0,1,"SP/SP2",34.8,2,14000000,7000000,1,415
"Charlie Morton","TBR","2019",0,1,2,2,0,0,0,0,0,0,0,0,0,2,0,0,0,0,-100,0,-128,0,0,0,0,0,0,"1",3,0,1,2,2,0,0,0,0,0,0,0,0,0,2,0,0,0,0,-100,0,-128,0,0,0,0,0,0,1,"SP/SP2",35.8,2,30000000,15000000,2,416
"Charlie Morton","ATL","2021",-0.2,31,62,55,5,7,1,0,0,1,0,0,0,31,0.127,0.127,0.145,0.273,-28,0.121,-71,8,0,0,7,0,0,"1/H",0,-0.2,31,62,55,5,7,1,0,0,1,0,0,0,31,0.127,0.127,0.145,0.273,-28,0.121,-71,8,0,0,7,0,0,0,"SP",37.8,2,36762560.0968273,18381280.0484137,5,417
"Charlie Morton","ATL","2021",-0.2,31,62,55,5,7,1,0,0,1,0,0,0,31,0.127,0.127,0.145,0.273,-28,0.121,-71,8,0,0,7,0,0,"1/H",0,-0.2,31,62,55,5,7,1,0,0,1,0,0,0,31,0.127,0.127,0.145,0.273,-28,0.121,-71,8,0,0,7,0,0,1,"SP/SP2",37.8,1,15000000,15000000,6,418
"Chase Anderson","PHI","2021",-0.2,13,14,11,0,0,0,0,0,0,0,0,0,6,0,0,0,0,-100,0,-195,0,0,0,3,0,0,"1",0,-0.2,13,14,11,0,0,0,0,0,0,0,0,0,6,0,0,0,0,-100,0,-195,0,0,0,3,0,0,1,"SP",33.7,1,4000000,4000000,0,422
"Chase Anderson","BOS","2024",0,1,0,0,0,0,0,0,0,0,0,0,0,0,0,0,0,0,0,0,0,0,0,0,0,0,0,"1",0,0,1,0,0,0,0,0,0,0,0,0,0,0,0,0,0,0,0,0,0,0,0,0,0,0,0,0,1,"SP",36.7,1,1250000,1250000,3,425
"Chase Darnaud","PHI","2015",-0.2,11,18,17,2,3,0,1,0,0,0,1,1,7,0.176,0.222,0.294,0.516,42,0.189,21,5,0,0,0,0,0,"/H65",0,-0.2,11,18,17,2,3,0,1,0,0,0,1,1,7,0.176,0.222,0.294,0.516,42,0.189,21,5,0,0,0,0,0,1,"3B/LF",28.6,1,687225.311355765,687225.311355765,0,426
"Chase Darnaud","ATL","2016",0.2,84,262,233,24,57,14,2,1,21,9,3,23,50,0.245,0.317,0.335,0.652,76,0.303,78,78,5,3,0,3,1,"H654/789",0,0.2,84,262,233,24,57,14,2,1,21,9,3,23,50,0.245,0.317,0.335,0.652,76,0.303,78,78,5,3,0,3,1,1,"3B/LF",29.6,1,672362.379948466,672362.379948466,1,427
"Chase Darnaud","SFG","2018",0.1,42,100,93,9,20,5,0,3,9,2,1,4,37,0.215,0.253,0.366,0.618,70,0.269,62,34,0,1,1,1,0,"H45/316",0,0.1,42,100,93,9,20,5,0,3,9,2,1,4,37,0.215,0.253,0.366,0.618,70,0.269,62,34,0,1,1,1,0,1,"3B/LF",31.6,1,694114.573020403,694114.573020403,2,428
"Chase Utley","LAD","2016",1.3,138,565,512,79,129,26,3,14,52,2,2,40,115,0.252,0.319,0.396,0.716,92,0.324,97,203,0,11,1,1,1,"4H/5",0,1.3,138,565,512,79,129,26,3,14,52,2,2,40,115,0.252,0.319,0.396,0.716,92,0.324,97,203,0,11,1,1,1,0,"2B",37.7,1,7000000,7000000,6.027,429
"Chase Utley","LAD","2017",0.8,127,353,309,43,73,20,4,8,34,6,1,32,57,0.236,0.324,0.405,0.728,93,0.323,92,125,3,9,1,2,0,"4H3/D",0,0.8,127,353,309,43,73,20,4,8,34,6,1,32,57,0.236,0.324,0.405,0.728,93,0.323,92,125,3,9,1,2,0,0,"2B",38.7,1,2000000,2000000,7.027,430
"Chase Utley","LAD","2018",-0.2,87,187,164,18,35,10,1,1,14,3,1,17,34,0.213,0.305,0.305,0.61,68,0.286,68,50,3,5,0,1,2,"4H/3",0,-0.2,87,187,164,18,35,10,1,1,14,3,1,17,34,0.213,0.305,0.305,0.61,68,0.286,68,50,3,5,0,1,2,0,"2B",39.7,2,2000000,1000000,8.027,431
"Chasen Shreve","PIT","2021",0,55,0,0,0,0,0,0,0,0,0,0,0,0,0,0,0,0,0,0,0,0,0,0,0,0,0,"1",0,0,55,0,0,0,0,0,0,0,0,0,0,0,0,0,0,0,0,0,0,0,0,0,0,0,0,0,1,"RP/SU7",31.1,1,1500000,1500000,1,433
"Chasen Shreve","NYM","2022",0,1,0,0,0,0,0,0,0,0,0,0,0,0,0,0,0,0,0,0,0,0,0,0,0,0,0,"1",0,0,1,0,0,0,0,0,0,0,0,0,0,0,0,0,0,0,0,0,0,0,0,0,0,0,0,0,1,"RP/SU7",32.1,1,1500000,1500000,2,434
"Chi Chi Gonzalez","COL","2019",-0.3,13,24,24,0,1,0,0,0,2,0,0,0,15,0.042,0.042,0.042,0.083,-79,0.037,-128,1,0,0,0,0,0,"1",0,-0.3,13,24,24,0,1,0,0,0,2,0,0,0,15,0.042,0.042,0.042,0.083,-79,0.037,-128,1,0,0,0,0,0,1,"SP",27.6,1,1750000,1750000,1.078,436
"Chi Chi Gonzalez","COL","2021",0.1,24,34,31,3,5,1,0,0,1,0,0,1,16,0.161,0.188,0.194,0.381,-2,0.173,-30,6,0,0,2,0,0,"1",0,0.1,24,34,31,3,5,1,0,0,1,0,0,1,16,0.161,0.188,0.194,0.381,-2,0.173,-30,6,0,0,2,0,0,0,"SP",29.6,1,1100000,1100000,2.149,437
"Chienming Wang","WSN","2012",0.1,9,7,6,1,1,1,0,0,0,0,0,1,3,0.167,0.286,0.333,0.619,67,0.279,61,2,0,0,0,0,0,"1",0,0.1,9,7,6,1,1,1,0,0,0,0,0,1,3,0.167,0.286,0.333,0.619,67,0.279,61,2,0,0,0,0,0,0,"RP",32.3,1,4000000,4000000,0,438
"Chienming Wang","KCR","2016",0,4,0,0,0,0,0,0,0,0,0,0,0,0,0,0,0,0,0,0,0,0,0,0,0,0,0,"1",0,0,4,0,0,0,0,0,0,0,0,0,0,0,0,0,0,0,0,0,0,0,0,0,0,0,0,0,1,"RP",36.3,1,1000000,1000000,2,440
"Chris Archer","TBR","2021",0,1,0,0,0,0,0,0,0,0,0,0,0,0,0,0,0,0,0,0,0,0,0,0,0,0,0,"/1",0,0,1,0,0,0,0,0,0,0,0,0,0,0,0,0,0,0,0,0,0,0,0,0,0,0,0,0,1,"SP",32.9,1,6500000,6500000,7.156,441
"Chris Capuano","LAD","2012",-0.2,33,69,54,3,5,2,0,0,3,0,0,1,27,0.093,0.107,0.13,0.237,-35,0.122,-84,7,0,0,13,1,0,"1/H",0,-0.2,33,69,54,3,5,2,0,0,3,0,0,1,27,0.093,0.107,0.13,0.237,-35,0.122,-84,7,0,0,13,1,0,1,NA,33.9,2,10000000,5000000,0,443
"Chris Capuano","LAD","2013",-0.1,21,29,24,1,1,0,0,0,0,0,0,1,8,0.042,0.08,0.042,0.122,-64,0.1,-92,1,0,0,4,0,0,"1",0,-0.1,21,29,24,1,1,0,0,0,0,0,0,1,8,0.042,0.08,0.042,0.122,-64,0.1,-92,1,0,0,4,0,0,1,NA,34.9,2,10000000,5000000,1,443
"Chris Capuano","BOS","2014",0,1,0,0,0,0,0,0,0,0,0,0,0,0,0,0,0,0,0,0,0,0,0,0,0,0,0,"1",0,0,1,0,0,0,0,0,0,0,0,0,0,0,0,0,0,0,0,0,0,0,0,0,0,0,0,0,1,NA,35.9,1,2250000,2250000,2,444
"Chris Capuano","NYY","2015",0,2,1,1,0,0,0,0,0,0,0,0,0,0,0,0,0,0,-100,0,-145,0,0,0,0,0,0,"1",0,0,2,1,1,0,0,0,0,0,0,0,0,0,0,0,0,0,0,-100,0,-145,0,0,0,0,0,0,0,NA,36.9,1,5000000,5000000,3,445
"Chris Capuano","MIL","2016",0.1,16,1,0,0,0,0,0,0,0,0,0,1,0,0,1,0,0,0,0.697,373,0,0,0,0,0,0,"1",0,0.1,16,1,0,0,0,0,0,0,0,0,0,1,0,0,1,0,0,0,0.697,373,0,0,0,0,0,0,1,NA,37.9,1,1500000,1500000,4,446
"Chris Carter","MIL","2016",0.7,160,644,549,84,122,27,1,41,94,3,1,76,206,0.222,0.321,0.499,0.821,113,0.354,112,274,18,9,0,10,1,"3/HD",0,0.7,160,644,549,84,122,27,1,41,94,3,1,76,206,0.222,0.321,0.499,0.821,113,0.354,112,274,18,9,0,10,1,1,"1B",29.7,1,2500000,2500000,0,447
"Chris Carter","NYY","2017",-0.9,62,208,184,20,37,5,1,8,26,0,0,20,76,0.201,0.284,0.37,0.653,71,0.288,66,68,5,2,0,2,0,"3/H9D",0,-0.9,62,208,184,20,37,5,1,8,26,0,0,20,76,0.201,0.284,0.37,0.653,71,0.288,66,68,5,2,0,2,0,1,"1B",30.7,1,3500000,3500000,1,448
"Chris Coghlan","CHC","2014",0.8,125,432,385,50,109,28,5,9,41,7,4,39,81,0.283,0.352,0.452,0.804,122,0.356,123,174,5,3,3,2,2,"7H/9D",0,0.8,125,432,385,50,109,28,5,9,41,7,4,39,81,0.283,0.352,0.452,0.804,122,0.356,123,174,5,3,3,2,2,1,"LF",29.2,1,800000,800000,0,450
"Chris Coghlan","2TM","2016",-0.6,99,300,261,35,49,12,2,6,30,2,1,35,73,0.188,0.29,0.318,0.608,65,0.27,58,83,4,3,0,1,3,"74H59/3D",0,-0.6,99,300,261,35,49,12,2,6,30,2,1,35,73,0.188,0.29,0.318,0.608,65,0.27,58,83,4,3,0,1,3,0,"LF",31.2,1,6359289.5049313,6359289.5049313,1,451
"Chris Denorfia","CHC","2015",-0.1,103,231,212,18,57,11,1,3,18,0,1,15,56,0.269,0.319,0.373,0.691,91,0.305,87,79,7,1,2,1,1,"7H9/81",0,-0.1,103,231,212,18,57,11,1,3,18,0,1,15,56,0.269,0.319,0.373,0.691,91,0.305,87,79,7,1,2,1,1,1,NA,35.1,1,2600000,2600000,0,452
"Chris Devenski","ARI","2021",0,8,0,0,0,0,0,0,0,0,0,0,0,0,0,0,0,0,0,0,0,0,0,0,0,0,0,"/1",0,0,8,0,0,0,0,0,0,0,0,0,0,0,0,0,0,0,0,0,0,0,0,0,0,0,0,0,1,"RP",30.8,1,1000000,1000000,0,454
"Chris Gimenez","MIN","2017",0.6,74,225,186,28,41,9,0,7,16,1,0,33,60,0.22,0.35,0.382,0.731,97,0.327,97,71,3,4,2,0,0,"2/3H175D",0,0.6,74,225,186,28,41,9,0,7,16,1,0,33,60,0.22,0.35,0.382,0.731,97,0.327,97,71,3,4,2,0,0,1,"C",34.6,1,950000,950000,0,461
"Chris Gimenez","2TM","2018",0.1,25,66,57,7,12,1,0,2,7,1,0,6,16,0.211,0.288,0.333,0.621,67,0.302,78,19,2,1,0,2,0,"2/H315D",0,0.1,25,66,57,7,12,1,0,2,7,1,0,6,16,0.211,0.288,0.333,0.621,67,0.302,78,19,2,1,0,2,0,1,"C",35.6,1,694114.573020403,694114.573020403,1,462
"Chris Heisey","WSN","2016",-0.1,83,155,139,18,30,3,1,9,17,0,1,13,44,0.216,0.29,0.446,0.736,90,0.312,84,62,0,2,0,1,0,"H79/8D",0,-0.1,83,155,139,18,30,3,1,9,17,0,1,13,44,0.216,0.29,0.446,0.736,90,0.312,84,62,0,2,0,1,0,1,"LF/CF",31.7,1,672362.379948466,672362.379948466,5.042,463
"Chris Heisey","WSN","2017",-0.6,38,79,74,8,12,3,1,1,5,0,0,5,22,0.162,0.215,0.27,0.485,24,0.213,7,20,1,0,0,0,0,"7H/9",0,-0.6,38,79,74,8,12,3,1,1,5,0,0,5,22,0.162,0.215,0.27,0.485,24,0.213,7,20,1,0,0,0,0,0,"LF/CF",32.7,1,1400000,1400000,6.042,464
"Chris Herrmann","SEA","2018",0.5,36,87,76,6,18,4,2,2,7,0,0,10,24,0.237,0.322,0.421,0.743,107,0.321,104,32,0,0,0,1,0,"2H/3",0,0.5,36,87,76,6,18,4,2,2,7,0,0,10,24,0.237,0.322,0.421,0.743,107,0.321,104,32,0,0,0,1,0,1,"C",30.8,1,694114.573020403,694114.573020403,4.001,465
"Chris Herrmann","OAK","2019",-0.3,30,94,84,9,17,3,0,1,8,0,0,9,29,0.202,0.28,0.274,0.553,53,0.258,56,23,4,0,1,0,0,"2/H7",0,-0.3,30,94,84,9,17,3,0,1,8,0,0,9,29,0.202,0.28,0.274,0.553,53,0.258,56,23,4,0,1,0,0,1,"C",31.8,1,1000000,1000000,4.128,466
"Chris Iannetta","SEA","2016",0.1,94,338,295,23,62,14,0,7,24,0,0,38,83,0.21,0.303,0.329,0.631,75,0.287,75,97,4,2,1,2,0,"2/D",0,0.1,94,338,295,23,62,14,0,7,24,0,0,38,83,0.21,0.303,0.329,0.631,75,0.287,75,97,4,2,1,2,0,1,"C",33.3,1,4250000,4250000,9.013,467
"Chris Iannetta","ARI","2017",1.8,89,316,272,38,69,19,0,17,43,0,0,37,87,0.254,0.354,0.511,0.865,116,0.375,120,139,3,6,0,1,0,"2H/5",0,1.8,89,316,272,38,69,19,0,17,43,0,0,37,87,0.254,0.354,0.511,0.865,116,0.375,120,139,3,6,0,1,0,1,"C",34.3,1,1500000,1500000,10.013,468
"Chris Iannetta","COL","2018",-0.6,110,360,299,36,67,13,1,11,36,0,0,50,87,0.224,0.345,0.385,0.73,85,0.325,81,115,13,7,1,3,5,"2H/D",0,-0.6,110,360,299,36,67,13,1,11,36,0,0,50,87,0.224,0.345,0.385,0.73,85,0.325,81,115,13,7,1,3,5,1,"C",35.3,2,8500000,4250000,11.013,469
"Chris Iannetta","COL","2019",-0.5,52,164,144,20,32,10,0,6,21,0,0,18,54,0.222,0.311,0.417,0.728,76,0.309,67,60,9,1,0,1,3,"2H/D",0,-0.5,52,164,144,20,32,10,0,6,21,0,0,18,54,0.222,0.311,0.417,0.728,76,0.309,67,60,9,1,0,1,3,1,"C",36.3,2,8500000,4250000,12.013,469
"Chris Martin","ATL","2021",0,45,0,0,0,0,0,0,0,0,0,0,0,0,0,0,0,0,0,0,0,0,0,0,0,0,0,"1",0,0,45,0,0,0,0,0,0,0,0,0,0,0,0,0,0,0,0,0,0,0,0,0,0,0,0,0,0,"RP/SU8",35.2,2,14000000,7000000,1,470
"Chris Martin","LAD","2022",0,1,0,0,0,0,0,0,0,0,0,0,0,0,0,0,0,0,0,0,0,0,0,0,0,0,0,"1",0,0,1,0,0,0,0,0,0,0,0,0,0,0,0,0,0,0,0,0,0,0,0,0,0,0,0,0,1,"RP/SU8",36.2,1,2750000,2750000,2,471
"Chris Martin","BOS","2023",0,1,0,0,0,0,0,0,0,0,0,0,0,0,0,0,0,0,0,0,0,0,0,0,0,0,0,"1",2,0,1,0,0,0,0,0,0,0,0,0,0,0,0,0,0,0,0,0,0,0,0,0,0,0,0,0,1,"RP/SU8",37.2,2,13500000,6750000,3,472
"Chris Martin","BOS","2024",0,2,0,0,0,0,0,0,0,0,0,0,0,0,0,0,0,0,0,0,0,0,0,0,0,0,0,"1",0,0,2,0,0,0,0,0,0,0,0,0,0,0,0,0,0,0,0,0,0,0,0,0,0,0,0,0,1,"RP/SU8",38.2,2,13500000,6750000,4,472
"Chris Owings","2TM","2019",-1.2,66,196,180,13,25,6,1,3,14,5,2,14,78,0.139,0.209,0.233,0.443,16,0.208,11,42,2,2,0,0,0,"4H56/8971D",0,-1.2,66,196,180,13,25,6,1,3,14,5,2,14,78,0.139,0.209,0.233,0.443,16,0.208,11,42,2,2,0,0,0,1,"SS",28,1,3000000,3000000,5.012,474
"Chris Owings","COL","2020",0.2,17,44,41,9,11,1,0,2,5,1,0,3,11,0.268,0.318,0.439,0.757,91,0.332,86,18,0,0,0,0,0,"/4H57896",0,0.2,17,44,41,9,11,1,0,2,5,1,0,3,11,0.268,0.318,0.439,0.757,91,0.332,86,18,0,0,0,0,0,1,"SS",29,1,1000000,1000000,5.131,475
"Chris Taylor","LAD","2022",0.7,118,454,402,45,89,25,3,10,43,10,1,44,160,0.221,0.304,0.373,0.677,89,0.31,90,150,4,5,0,3,2,"7489/HD56",0,0.7,118,454,402,45,89,25,3,10,43,10,1,44,160,0.221,0.304,0.373,0.677,89,0.31,90,150,4,5,0,3,2,0,"3B/SS/OF",31.9,4,60000000,15000000,0,478
"Chris Taylor","LAD","2023",1.5,117,384,338,51,80,15,1,15,56,16,3,41,125,0.237,0.326,0.42,0.746,102,0.333,102,142,2,4,0,1,2,"765H/D84",0,1.5,117,384,338,51,80,15,1,15,56,16,3,41,125,0.237,0.326,0.42,0.746,102,0.333,102,142,2,4,0,1,2,0,"3B/SS/OF",32.9,4,60000000,15000000,1,478
"Chris Taylor","LAD","2024",-0.2,87,246,213,28,43,7,1,4,23,5,1,28,76,0.202,0.298,0.3,0.598,71,0.289,80,64,5,2,1,2,0,"754H/8",0,-0.2,87,246,213,28,43,7,1,4,23,5,1,28,76,0.202,0.298,0.3,0.598,71,0.289,80,64,5,2,1,2,0,0,"3B/SS/OF",33.9,4,60000000,15000000,2,478
"Chris Taylor","2TM","2025",-0.6,58,125,113,15,21,7,0,2,12,2,2,5,42,0.186,0.256,0.301,0.557,56,0.243,49,34,1,6,0,1,0,"78H49/5",0,-0.6,58,125,113,15,21,7,0,2,12,2,2,5,42,0.186,0.256,0.301,0.557,56,0.243,49,34,1,6,0,1,0,0,"3B/SS/OF",34.9,4,60000000,15000000,3,478
"Chris Taylor","2TM","2025",-0.6,58,125,113,15,21,7,0,2,12,2,2,5,42,0.186,0.256,0.301,0.557,56,0.243,49,34,1,6,0,1,0,"78H49/5",0,-0.6,58,125,113,15,21,7,0,2,12,2,2,5,42,0.186,0.256,0.301,0.557,56,0.243,49,34,1,6,0,1,0,1,"3B/SS/OF",34.9,1,760000,760000,4,479
"Chris Volstad","COL","2013",0,6,0,0,0,0,0,0,0,0,0,0,0,0,0,0,0,0,0,0,0,0,0,0,0,0,0,"/1",0,0,6,0,0,0,0,0,0,0,0,0,0,0,0,0,0,0,0,0,0,0,0,0,0,0,0,0,1,"RP",26.9,1,1500000,1500000,0,480
"Chris Young","ARI","2012",1.9,101,363,325,36,75,24,0,14,41,8,3,36,79,0.231,0.311,0.434,0.745,98,0.328,94,141,4,2,0,0,0,"8H/D",0,1.9,101,363,325,36,75,24,0,14,41,8,3,36,79,0.231,0.311,0.434,0.745,98,0.328,94,141,4,2,0,0,0,0,"RP",33.2,1,900000,900000,0,482
"Chris Young","ARI","2012",1.9,101,363,325,36,75,24,0,14,41,8,3,36,79,0.231,0.311,0.434,0.745,98,0.328,94,141,4,2,0,0,0,"8H/D",0,1.9,101,363,325,36,75,24,0,14,41,8,3,36,79,0.231,0.311,0.434,0.745,98,0.328,94,141,4,2,0,0,0,0,"RP",33.2,1,900000,900000,0,483
"Chris Young","NYM","2012",0,19,36,31,0,4,2,0,0,2,0,0,1,11,0.129,0.156,0.194,0.35,-3,0.157,-38,6,0,0,4,0,0,"1",0,0,19,36,31,0,4,2,0,0,2,0,0,1,11,0.129,0.156,0.194,0.35,-3,0.157,-38,6,0,0,4,0,0,0,"RP",33.2,1,900000,900000,0,482
"Chris Young","NYM","2012",0,19,36,31,0,4,2,0,0,2,0,0,1,11,0.129,0.156,0.194,0.35,-3,0.157,-38,6,0,0,4,0,0,"1",0,0,19,36,31,0,4,2,0,0,2,0,0,1,11,0.129,0.156,0.194,0.35,-3,0.157,-38,6,0,0,4,0,0,0,"RP",33.2,1,900000,900000,0,483
"Chris Young","OAK","2013",-0.4,107,375,335,46,67,18,3,12,40,10,3,36,93,0.2,0.28,0.379,0.659,82,0.294,77,127,7,2,0,2,3,"897H/D",0,-0.4,107,375,335,46,67,18,3,12,40,10,3,36,93,0.2,0.28,0.379,0.659,82,0.294,77,127,7,2,0,2,3,1,"RP",34.2,1,2000000,2000000,1,484
"Chris Young","2TM","2014",1.1,111,366,325,40,72,20,0,11,38,8,3,32,70,0.222,0.299,0.385,0.683,95,0.321,103,125,3,5,1,3,2,"78H/9D",0,1.1,111,366,325,40,72,20,0,11,38,8,3,32,70,0.222,0.299,0.385,0.683,95,0.321,103,125,3,5,1,3,2,1,NA,35.2,1,7250000,7250000,2,485
"Chris Young","2TM","2014",1.1,111,366,325,40,72,20,0,11,38,8,3,32,70,0.222,0.299,0.385,0.683,95,0.321,103,125,3,5,1,3,2,"78H/9D",0,1.1,111,366,325,40,72,20,0,11,38,8,3,32,70,0.222,0.299,0.385,0.683,95,0.321,103,125,3,5,1,3,2,1,NA,35.2,1,7250000,7250000,2,486
"Chris Young","SEA","2014",0,1,1,1,0,0,0,0,0,0,0,0,0,0,0,0,0,0,-100,0,-127,0,0,0,0,0,0,"1",0,0,1,1,1,0,0,0,0,0,0,0,0,0,0,0,0,0,0,-100,0,-127,0,0,0,0,0,0,1,NA,35.2,1,7250000,7250000,2,485
"Chris Young","SEA","2014",0,1,1,1,0,0,0,0,0,0,0,0,0,0,0,0,0,0,-100,0,-127,0,0,0,0,0,0,"1",0,0,1,1,1,0,0,0,0,0,0,0,0,0,0,0,0,0,0,-100,0,-127,0,0,0,0,0,0,1,NA,35.2,1,7250000,7250000,2,486
"Chris Young","NYY","2015",1,140,356,318,53,80,20,1,14,42,3,1,30,73,0.252,0.32,0.453,0.773,109,0.346,115,144,6,3,3,2,2,"97H8/D",0,1,140,356,318,53,80,20,1,14,42,3,1,30,73,0.252,0.32,0.453,0.773,109,0.346,115,144,6,3,3,2,2,1,"RP",36.2,1,675000,675000,3,487
"Chris Young","NYY","2015",1,140,356,318,53,80,20,1,14,42,3,1,30,73,0.252,0.32,0.453,0.773,109,0.346,115,144,6,3,3,2,2,"97H8/D",0,1,140,356,318,53,80,20,1,14,42,3,1,30,73,0.252,0.32,0.453,0.773,109,0.346,115,144,6,3,3,2,2,1,"RP",36.2,1,675000,675000,3,488
"Chris Young","KCR","2015",0.1,3,4,4,0,2,0,0,0,3,0,0,0,1,0.5,0.5,0.5,1,173,0.448,189,2,0,0,0,0,0,"1",0,0.1,3,4,4,0,2,0,0,0,3,0,0,0,1,0.5,0.5,0.5,1,173,0.448,189,2,0,0,0,0,0,1,"RP",36.2,1,675000,675000,3,487
"Chris Young","KCR","2015",0.1,3,4,4,0,2,0,0,0,3,0,0,0,1,0.5,0.5,0.5,1,173,0.448,189,2,0,0,0,0,0,"1",0,0.1,3,4,4,0,2,0,0,0,3,0,0,0,1,0.5,0.5,0.5,1,173,0.448,189,2,0,0,0,0,0,1,"RP",36.2,1,675000,675000,3,488
"Chris Young","BOS","2016",1.5,76,227,203,29,56,18,0,9,24,4,2,21,50,0.276,0.352,0.498,0.85,121,0.366,123,101,4,3,0,0,0,"7H/89D",0,1.5,76,227,203,29,56,18,0,9,24,4,2,21,50,0.276,0.352,0.498,0.85,121,0.366,123,101,4,3,0,0,0,1,"RP",37.2,2,12250000,6125000,4,489
"Chris Young","BOS","2016",1.5,76,227,203,29,56,18,0,9,24,4,2,21,50,0.276,0.352,0.498,0.85,121,0.366,123,101,4,3,0,0,0,"7H/89D",0,1.5,76,227,203,29,56,18,0,9,24,4,2,21,50,0.276,0.352,0.498,0.85,121,0.366,123,101,4,3,0,0,0,1,"RP",37.2,2,12250000,6125000,4,490
"Chris Young","KCR","2016",0,3,1,1,0,0,0,0,0,0,0,0,0,0,0,0,0,0,-100,0,-133,0,0,0,0,0,0,"1",0,0,3,1,1,0,0,0,0,0,0,0,0,0,0,0,0,0,0,-100,0,-133,0,0,0,0,0,0,1,"RP",37.2,2,12250000,6125000,4,489
"Chris Young","KCR","2016",0,3,1,1,0,0,0,0,0,0,0,0,0,0,0,0,0,0,-100,0,-133,0,0,0,0,0,0,"1",0,0,3,1,1,0,0,0,0,0,0,0,0,0,0,0,0,0,0,-100,0,-133,0,0,0,0,0,0,1,"RP",37.2,2,12250000,6125000,4,490
"Chris Young","BOS","2017",-0.2,90,276,243,30,57,12,2,7,25,3,2,30,55,0.235,0.322,0.387,0.709,86,0.315,85,94,4,2,0,1,0,"7DH/9",0,-0.2,90,276,243,30,57,12,2,7,25,3,2,30,55,0.235,0.322,0.387,0.709,86,0.315,85,94,4,2,0,1,0,1,"RP",38.2,2,12250000,6125000,5,489
"Chris Young","BOS","2017",-0.2,90,276,243,30,57,12,2,7,25,3,2,30,55,0.235,0.322,0.387,0.709,86,0.315,85,94,4,2,0,1,0,"7DH/9",0,-0.2,90,276,243,30,57,12,2,7,25,3,2,30,55,0.235,0.322,0.387,0.709,86,0.315,85,94,4,2,0,1,0,1,"RP",38.2,2,12250000,6125000,5,490
"Chris Young","BOS","2017",-0.2,90,276,243,30,57,12,2,7,25,3,2,30,55,0.235,0.322,0.387,0.709,86,0.315,85,94,4,2,0,1,0,"7DH/9",0,-0.2,90,276,243,30,57,12,2,7,25,3,2,30,55,0.235,0.322,0.387,0.709,86,0.315,85,94,4,2,0,1,0,1,"RF",38.2,2,16911150.8551805,8455575.42759023,6,491
"Chris Young","BOS","2017",-0.2,90,276,243,30,57,12,2,7,25,3,2,30,55,0.235,0.322,0.387,0.709,86,0.315,85,94,4,2,0,1,0,"7DH/9",0,-0.2,90,276,243,30,57,12,2,7,25,3,2,30,55,0.235,0.322,0.387,0.709,86,0.315,85,94,4,2,0,1,0,1,"RF",38.2,2,16911150.8551805,8455575.42759023,6,492
"Chris Young","KCR","2017",0,2,0,0,0,0,0,0,0,0,0,0,0,0,0,0,0,0,0,0,0,0,0,0,0,0,0,"1",0,0,2,0,0,0,0,0,0,0,0,0,0,0,0,0,0,0,0,0,0,0,0,0,0,0,0,0,1,"RP",38.2,2,12250000,6125000,5,489
"Chris Young","KCR","2017",0,2,0,0,0,0,0,0,0,0,0,0,0,0,0,0,0,0,0,0,0,0,0,0,0,0,0,"1",0,0,2,0,0,0,0,0,0,0,0,0,0,0,0,0,0,0,0,0,0,0,0,0,0,0,0,0,1,"RP",38.2,2,12250000,6125000,5,490
"Chris Young","KCR","2017",0,2,0,0,0,0,0,0,0,0,0,0,0,0,0,0,0,0,0,0,0,0,0,0,0,0,0,"1",0,0,2,0,0,0,0,0,0,0,0,0,0,0,0,0,0,0,0,0,0,0,0,0,0,0,0,0,1,"RF",38.2,2,16911150.8551805,8455575.42759023,6,491
"Chris Young","KCR","2017",0,2,0,0,0,0,0,0,0,0,0,0,0,0,0,0,0,0,0,0,0,0,0,0,0,0,0,"1",0,0,2,0,0,0,0,0,0,0,0,0,0,0,0,0,0,0,0,0,0,0,0,0,0,0,0,0,1,"RF",38.2,2,16911150.8551805,8455575.42759023,6,492
"Chris Young","LAA","2018",-0.7,56,128,113,17,19,2,1,6,13,2,0,11,37,0.168,0.252,0.363,0.615,68,0.279,66,41,1,2,1,1,0,"987H/D",0,-0.7,56,128,113,17,19,2,1,6,13,2,0,11,37,0.168,0.252,0.363,0.615,68,0.279,66,41,1,2,1,1,0,1,"RF",39.2,2,16911150.8551805,8455575.42759023,7,491
"Chris Young","LAA","2018",-0.7,56,128,113,17,19,2,1,6,13,2,0,11,37,0.168,0.252,0.363,0.615,68,0.279,66,41,1,2,1,1,0,"987H/D",0,-0.7,56,128,113,17,19,2,1,6,13,2,0,11,37,0.168,0.252,0.363,0.615,68,0.279,66,41,1,2,1,1,0,1,"RF",39.2,2,16911150.8551805,8455575.42759023,7,492
"Chris Young","LAA","2018",-0.7,56,128,113,17,19,2,1,6,13,2,0,11,37,0.168,0.252,0.363,0.615,68,0.279,66,41,1,2,1,1,0,"987H/D",0,-0.7,56,128,113,17,19,2,1,6,13,2,0,11,37,0.168,0.252,0.363,0.615,68,0.279,66,41,1,2,1,1,0,1,NA,39.2,1,2000000,2000000,8,493
"Christian Bethancourt","2TM","2022",1.1,100,333,318,39,80,17,0,11,34,5,1,12,80,0.252,0.283,0.409,0.692,100,0.309,101,130,6,2,1,0,0,"23HD/15",0,1.1,100,333,318,39,80,17,0,11,34,5,1,12,80,0.252,0.283,0.409,0.692,100,0.309,101,130,6,2,1,0,0,1,"C",30.9,1,780223.372192982,780223.372192982,0,494
"Christian Bethancourt","TBR","2023",0.7,104,332,315,49,71,16,0,11,33,1,0,13,91,0.225,0.254,0.381,0.635,73,0.281,73,120,6,0,1,3,0,"2/H1D",0,0.7,104,332,315,49,71,16,0,11,33,1,0,13,91,0.225,0.254,0.381,0.635,73,0.281,73,120,6,0,1,3,0,1,"C",31.9,1,1436043.72513222,1436043.72513222,1,495
"Christian Bethancourt","2TM","2024",0.4,62,147,139,18,29,7,0,5,22,3,0,5,36,0.209,0.241,0.367,0.608,67,0.278,67,51,2,1,2,0,0,"2/DH",0,0.4,62,147,139,18,29,7,0,5,22,3,0,5,36,0.209,0.241,0.367,0.608,67,0.278,67,51,2,1,2,0,0,1,"C",32.9,1,1434591.24780944,1434591.24780944,2,496
"Cj Cron","DET","2020",0.3,13,52,42,9,8,3,0,4,8,0,0,9,16,0.19,0.346,0.548,0.894,141,0.374,135,23,2,1,0,0,0,"3",0,0.3,13,52,42,9,8,3,0,4,8,0,0,9,16,0.19,0.346,0.548,0.894,141,0.374,135,23,2,1,0,0,0,1,"1B",30.6,1,6100000,6100000,0,497
"Cj Cron","COL","2021",3.4,142,547,470,70,132,31,1,28,92,1,0,60,117,0.281,0.375,0.53,0.905,129,0.393,133,249,11,13,0,4,3,"3H/D",0,3.4,142,547,470,70,132,31,1,28,92,1,0,60,117,0.281,0.375,0.53,0.905,129,0.393,133,249,11,13,0,4,3,1,"1B",31.6,1,1183156.3001569,1183156.3001569,1,498
"Cj Cron","2TM","2023",-0.5,71,278,258,38,64,12,0,12,37,0,0,17,65,0.248,0.295,0.434,0.729,89,0.315,85,112,13,1,0,2,0,"3/DH",0,-0.5,71,278,258,38,64,12,0,12,37,0,0,17,65,0.248,0.295,0.434,0.729,89,0.315,85,112,13,1,0,2,0,1,"1B",33.6,2,15424173.3440128,7712086.67200638,2,499
"Clay Buchholz","ARI","2018",-0.2,16,37,31,0,2,1,0,0,1,0,0,1,17,0.065,0.094,0.097,0.191,-49,0.089,-110,3,0,0,5,0,0,"1",0,-0.2,16,37,31,0,2,1,0,0,1,0,0,1,17,0.065,0.094,0.097,0.191,-49,0.089,-110,3,0,0,5,0,0,1,"SP/SP3",34,1,1500000,1500000,5.02,505
"Clay Holmes","2TM","2021",0,47,1,1,0,0,0,0,0,0,0,0,0,1,0,0,0,0,-100,0,-125,0,0,0,0,0,0,"1",0,0,47,1,1,0,0,0,0,0,0,0,0,0,1,0,0,0,0,-100,0,-125,0,0,0,0,0,0,0,"RP/CL",28.3,1,769051.595101982,769051.595101982,0,507
"Clayton Richard","CHC","2015",0.1,22,15,14,1,2,2,0,0,3,0,0,1,6,0.143,0.2,0.286,0.486,33,0.215,18,4,0,0,0,0,0,"1",0,0.1,22,15,14,1,2,2,0,0,3,0,0,1,6,0.143,0.2,0.286,0.486,33,0.215,18,4,0,0,0,0,0,1,"RP",31.9,1,687225.311355765,687225.311355765,0,515
"Clayton Richard","2TM","2016",-0.1,37,21,17,0,1,0,0,0,1,0,0,1,9,0.059,0.111,0.059,0.17,-52,0.089,-100,1,0,0,3,0,0,"1/H",0,-0.1,37,21,17,0,1,0,0,0,1,0,0,1,9,0.059,0.111,0.059,0.17,-52,0.089,-100,1,0,0,3,0,0,1,"SP",32.9,1,672362.379948466,672362.379948466,1,516
"Clayton Richard","SDP","2017",0.1,31,68,57,2,7,1,0,1,4,0,0,1,31,0.123,0.167,0.193,0.36,-4,0.164,-34,11,0,2,8,0,0,"1",0,0.1,31,68,57,2,7,1,0,1,4,0,0,1,31,0.123,0.167,0.193,0.36,-4,0.164,-34,11,0,2,8,0,0,0,"RP",33.9,1,1750000,1750000,2,517
"Clayton Richard","SDP","2018",0.1,26,51,42,3,4,1,0,1,3,0,0,2,24,0.095,0.156,0.19,0.346,-4,0.16,-32,8,0,1,6,0,0,"1/H",0,0.1,26,51,42,3,4,1,0,1,3,0,0,2,24,0.095,0.156,0.19,0.346,-4,0.16,-32,8,0,1,6,0,0,0,"SP",34.9,2,7641628.32683012,3820814.16341506,3,518
"Clint Barmes","PIT","2012",1.2,144,493,455,34,104,16,1,8,45,0,2,20,106,0.229,0.272,0.321,0.593,64,0.267,59,146,9,8,8,2,3,"6/H3",0,1.2,144,493,455,34,104,16,1,8,45,0,2,20,106,0.229,0.272,0.321,0.593,64,0.267,59,146,9,8,8,2,3,1,"SS",33.4,2,10500000,5250000,0,519
"Clint Barmes","PIT","2013",0.2,108,330,304,22,64,15,0,5,23,0,0,14,70,0.211,0.249,0.309,0.558,58,0.258,52,94,5,2,9,1,3,"6/H",0,0.2,108,330,304,22,64,15,0,5,23,0,0,14,70,0.211,0.249,0.309,0.558,58,0.258,52,94,5,2,9,1,3,1,"SS",34.4,2,10500000,5250000,1,519
"Clint Barmes","PIT","2014",0.7,48,116,102,15,25,5,0,0,7,1,1,9,18,0.245,0.328,0.294,0.622,77,0.289,77,30,2,4,0,1,2,"64/H35",0,0.7,48,116,102,15,25,5,0,0,7,1,1,9,18,0.245,0.328,0.294,0.622,77,0.289,77,30,2,4,0,1,2,0,"SS",35.4,1,2757798.54306696,2757798.54306696,2,520
"Clint Barmes","SDP","2015",0.2,98,224,207,24,48,14,1,3,16,0,1,10,55,0.232,0.281,0.353,0.633,76,0.296,83,73,0,4,3,0,2,"6H/3",0,0.2,98,224,207,24,48,14,1,3,16,0,1,10,55,0.232,0.281,0.353,0.633,76,0.296,83,73,0,4,3,0,2,1,"SS",36.4,1,1500000,1500000,3,521
"Cody Bellinger","CHC","2023",4.8,130,556,499,95,153,29,1,26,97,20,6,40,87,0.307,0.356,0.525,0.881,139,0.382,141,262,7,5,0,12,3,"83/DH",2,4.8,130,556,499,95,153,29,1,26,97,20,6,40,87,0.307,0.356,0.525,0.881,139,0.382,141,262,7,5,0,12,3,1,"CF/1B",28.1,1,17500000,17500000,0,522
"Cody Bellinger","CHC","2024",2.2,130,569,516,72,137,23,3,18,78,9,2,45,89,0.266,0.325,0.426,0.751,111,0.326,108,220,10,3,0,5,7,"98D3/7",0,2.2,130,569,516,72,137,23,3,18,78,9,2,45,89,0.266,0.325,0.426,0.751,111,0.326,108,220,10,3,0,5,7,0,"CF/1B",29.1,3,80000000,26666666.6666667,1,523
"Cody Bellinger","NYY","2025",5.1,152,656,588,89,160,25,5,29,98,13,2,57,90,0.272,0.334,0.48,0.813,124,0.349,123,282,8,2,0,9,1,"798/3H",2,5.1,152,656,588,89,160,25,5,29,98,13,2,57,90,0.272,0.334,0.48,0.813,124,0.349,123,282,8,2,0,9,1,0,"CF/1B",30.1,3,80000000,26666666.6666667,2,523
"Cody Ross","BOS","2012",2.2,130,528,476,70,127,34,1,22,81,2,3,42,129,0.267,0.326,0.481,0.807,115,0.353,118,229,11,3,1,6,3,"97D/8H",0,2.2,130,528,476,70,127,34,1,22,81,2,3,42,129,0.267,0.326,0.481,0.807,115,0.353,118,229,11,3,1,6,3,1,NA,31.6,1,3000000,3000000,6.058,524
"Cody Ross","ARI","2013",2.3,94,351,317,33,88,17,1,8,38,3,2,25,50,0.278,0.331,0.413,0.745,104,0.328,100,131,10,3,1,5,1,"79H",0,2.3,94,351,317,33,88,17,1,8,38,3,2,25,50,0.278,0.331,0.413,0.745,104,0.328,100,131,10,3,1,5,1,1,NA,32.6,3,26000000,8666666.66666667,7.058,525
"Cody Ross","ARI","2014",-1,83,219,202,15,51,8,0,2,15,0,0,15,44,0.252,0.306,0.322,0.628,75,0.29,73,65,3,1,0,1,0,"7H9",0,-1,83,219,202,15,51,8,0,2,15,0,0,15,44,0.252,0.306,0.322,0.628,75,0.29,73,65,3,1,0,1,0,1,NA,33.6,3,26000000,8666666.66666667,8.058,525
"Cody Ross","OAK","2015",-0.5,9,25,22,3,2,0,0,0,3,0,0,3,6,0.091,0.2,0.091,0.291,-14,0.154,-22,2,0,0,0,0,0,"/97HD",0,-0.5,9,25,22,3,2,0,0,0,3,0,0,3,6,0.091,0.2,0.091,0.291,-14,0.154,-22,2,0,0,0,0,0,1,NA,34.6,3,26000000,8666666.66666667,9.058,525
"Colby Lewis","TEX","2014",0.1,2,5,5,0,2,0,0,0,1,0,0,0,2,0.4,0.4,0.4,0.8,125,0.363,128,2,0,0,0,0,0,"1",0,0.1,2,5,5,0,2,0,0,0,1,0,0,0,2,0.4,0.4,0.4,0.8,125,0.363,128,2,0,0,0,0,0,0,"SP/SP3",35,1,2000000,2000000,0,526
"Colby Lewis","TEX","2015",0,1,2,2,0,0,0,0,0,0,0,0,0,2,0,0,0,0,-100,0,-145,0,0,0,0,0,0,"1",0,0,1,2,2,0,0,0,0,0,0,0,0,0,2,0,0,0,0,-100,0,-145,0,0,0,0,0,0,0,"SP/SP3",36,1,4000000,4000000,1,527
"Colby Rasmus","HOU","2015",3,137,485,432,67,103,23,2,25,61,2,1,47,154,0.238,0.314,0.475,0.789,116,0.343,117,205,6,2,1,3,0,"789H",0,3,137,485,432,67,103,23,2,25,61,2,1,47,154,0.238,0.314,0.475,0.789,116,0.343,117,205,6,2,1,3,0,1,"LF",29,1,8000000,8000000,6,529
"Colby Rasmus","HOU","2016",2.6,107,417,369,38,76,10,0,15,54,4,1,43,121,0.206,0.286,0.355,0.641,77,0.287,76,131,5,0,1,4,0,"789/HD",0,2.6,107,417,369,38,76,10,0,15,54,4,1,43,121,0.206,0.286,0.355,0.641,77,0.287,76,131,5,0,1,4,0,0,"LF",30,1,15800000,15800000,7,530
"Colby Rasmus","TBR","2017",1.2,37,129,121,17,34,7,1,9,23,1,0,7,45,0.281,0.318,0.579,0.896,137,0.367,130,70,1,0,0,1,2,"7/9HD8",0,1.2,37,129,121,17,34,7,1,9,23,1,0,7,45,0.281,0.318,0.579,0.896,137,0.367,130,70,1,0,0,1,2,1,"LF",31,1,5000000,5000000,8,531
"Colby Rasmus","BAL","2018",-0.2,18,49,45,5,6,1,0,1,1,0,0,3,19,0.133,0.204,0.222,0.426,18,0.194,9,10,0,1,0,0,0,"9/H7D8",0,-0.2,18,49,45,5,6,1,0,1,1,0,0,3,19,0.133,0.204,0.222,0.426,18,0.194,9,10,0,1,0,0,0,1,"LF",32,1,3000000,3000000,8.103,532
"Colin Rea","CHC","2025",0,1,1,1,0,0,0,0,0,0,0,0,0,1,0,0,0,0,-100,0,-108,0,0,0,0,0,0,"1",0,0,1,1,1,0,0,0,0,0,0,0,0,0,1,0,0,0,0,-100,0,-108,0,0,0,0,0,0,1,"SP",35.1,1,5000000,5000000,1,537
"Collin Mchugh","TBR","2021",0,3,0,0,0,0,0,0,0,0,0,0,0,0,0,0,0,0,0,0,0,0,0,0,0,0,0,"1",0,0,3,0,0,0,0,0,0,0,0,0,0,0,0,0,0,0,0,0,0,0,0,0,0,0,0,0,1,"RP",34.2,1,1800000,1800000,1,539
"Corban Joseph","BAL","2018",-0.2,14,19,18,1,4,1,0,0,3,0,0,1,5,0.222,0.263,0.278,0.541,50,0.238,40,5,0,0,0,0,0,"/H34D",0,-0.2,14,19,18,1,4,1,0,0,3,0,0,1,5,0.222,0.263,0.278,0.541,50,0.238,40,5,0,0,0,0,0,1,"1B",29.8,1,694114.573020403,694114.573020403,0.027,542
"Corban Joseph","3TM","2019",-0.6,28,68,64,5,10,3,0,1,7,0,0,3,12,0.156,0.191,0.25,0.441,18,0.204,15,16,2,0,0,1,0,"4H/59D",0,-0.6,28,68,64,5,10,3,0,1,7,0,0,3,12,0.156,0.191,0.25,0.441,18,0.204,15,16,2,0,0,1,0,1,"1B",30.8,1,691688.341292727,691688.341292727,0.066,543
"Corey Dickerson","MIA","2020",0.2,52,210,194,25,50,5,1,7,17,1,1,15,35,0.258,0.311,0.402,0.713,91,0.321,95,78,5,0,0,0,1,"7/D9H",0,0.2,52,210,194,25,50,5,1,7,17,1,1,15,35,0.258,0.311,0.402,0.713,91,0.321,95,78,5,0,0,0,1,1,"LF",31.2,2,17500000,8750000,6.101,544
"Corey Dickerson","2TM","2021",0.3,109,365,336,43,91,18,5,6,29,6,5,25,68,0.271,0.326,0.408,0.734,98,0.312,92,137,8,3,0,1,1,"7H8/D9",0,0.3,109,365,336,43,91,18,5,6,29,6,5,25,68,0.271,0.326,0.408,0.734,98,0.312,92,137,8,3,0,1,1,1,"LF",32.2,2,17500000,8750000,7.101,544
"Corey Dickerson","STL","2022",-0.2,96,297,281,28,75,17,1,6,36,0,0,12,48,0.267,0.3,0.399,0.698,98,0.305,95,112,4,2,0,2,1,"7DH9/1",0,-0.2,96,297,281,28,75,17,1,6,36,0,0,12,48,0.267,0.3,0.399,0.698,98,0.305,95,112,4,2,0,2,1,1,"LF",33.2,1,5000000,5000000,8.101,545
"Corey Dickerson","WSN","2023",-0.6,50,152,144,12,36,7,1,2,17,0,1,7,28,0.25,0.283,0.354,0.637,76,0.279,75,51,3,0,0,1,0,"7/HD9",0,-0.6,50,152,144,12,36,7,1,2,17,0,1,7,28,0.25,0.283,0.354,0.637,76,0.279,75,51,3,0,0,1,0,1,"LF",34.2,1,2250000,2250000,9.101,546
"Corey Hart","SEA","2014",-0.5,68,255,232,17,47,9,0,6,21,2,0,16,59,0.203,0.271,0.319,0.59,71,0.278,72,74,1,6,0,1,1,"D/9H37",0,-0.5,68,255,232,17,47,9,0,6,21,2,0,16,59,0.203,0.271,0.319,0.59,71,0.278,72,74,1,6,0,1,1,1,"RF",32.4,1,6000000,6000000,0.038,547
"Corey Hart","PIT","2015",-0.5,35,57,54,3,12,1,0,2,9,0,0,1,19,0.222,0.246,0.352,0.597,62,0.251,43,19,5,1,0,1,1,"H/39D",0,-0.5,35,57,54,3,12,1,0,2,9,0,0,1,19,0.222,0.246,0.352,0.597,62,0.251,43,19,5,1,0,1,1,1,"RF",33.4,1,2500000,2500000,1.038,548
"Corey Kluber","NYY","2021",0,1,2,2,0,0,0,0,0,0,0,0,0,1,0,0,0,0,-100,0,-125,0,0,0,0,0,0,"1",0,0,1,2,2,0,0,0,0,0,0,0,0,0,1,0,0,0,0,-100,0,-125,0,0,0,0,0,0,1,"SP/SP3",35.3,1,11000000,11000000,8.074,549
"Cory Gearrin","SFG","2015",0,6,0,0,0,0,0,0,0,0,0,0,0,0,0,0,0,0,0,0,0,0,0,0,0,0,0,"/1",0,0,6,0,0,0,0,0,0,0,0,0,0,0,0,0,0,0,0,0,0,0,0,0,0,0,0,0,1,"RP",29.3,1,687225.311355765,687225.311355765,0,552
"Cory Gearrin","SFG","2017",0,66,2,2,0,0,0,0,0,0,0,0,0,2,0,0,0,0,-100,0,-138,0,0,0,0,0,0,"1",0,0,66,2,2,0,0,0,0,0,0,0,0,0,2,0,0,0,0,-100,0,-138,0,0,0,0,0,0,0,"RP",31.3,1,1365900.64599534,1365900.64599534,1,553
"Cory Gearrin","2TM","2018",0,35,0,0,0,0,0,0,0,0,0,0,0,0,0,0,0,0,0,0,0,0,0,0,0,0,0,"1",0,0,35,0,0,0,0,0,0,0,0,0,0,0,0,0,0,0,0,0,0,0,0,0,0,0,0,0,1,"RP",32.3,1,2133287.90790674,2133287.90790674,2,554
"Cory Gearrin","2TM","2019",0,3,0,0,0,0,0,0,0,0,0,0,0,0,0,0,0,0,0,0,0,0,0,0,0,0,0,"1",0,0,3,0,0,0,0,0,0,0,0,0,0,0,0,0,0,0,0,0,0,0,0,0,0,0,0,0,1,"RP",33.3,1,1400000,1400000,3,555
"Craig Breslow","BOS","2015",0,4,0,0,0,0,0,0,0,0,0,0,0,0,0,0,0,0,0,0,0,0,0,0,0,0,0,"1",0,0,4,0,0,0,0,0,0,0,0,0,0,0,0,0,0,0,0,0,0,0,0,0,0,0,0,0,0,"RP",35,1,2000000,2000000,7.088,557
"Craig Breslow","MIA","2016",0,15,0,0,0,0,0,0,0,0,0,0,0,0,0,0,0,0,0,0,0,0,0,0,0,0,0,"1",0,0,15,0,0,0,0,0,0,0,0,0,0,0,0,0,0,0,0,0,0,0,0,0,0,0,0,0,1,"RP",36,1,1500000,1500000,8.088,558
"Craig Gentry","LAA","2016",-0.4,14,39,34,2,5,1,0,0,2,0,0,3,6,0.147,0.237,0.176,0.413,18,0.195,6,6,2,1,1,0,0,"7/H8D",0,-0.4,14,39,34,2,5,1,0,0,2,0,0,3,6,0.147,0.237,0.176,0.413,18,0.195,6,6,2,1,1,0,0,1,"LF/RF",32.7,1,1000000,1000000,0,560
"Craig Gentry","BAL","2017",0.2,77,117,101,17,26,5,1,2,11,5,4,11,24,0.257,0.333,0.386,0.719,95,0.306,91,39,1,1,3,1,0,"97H/8D",0,0.2,77,117,101,17,26,5,1,2,11,5,4,11,24,0.257,0.333,0.386,0.719,95,0.306,91,39,1,1,3,1,0,1,"LF/RF",33.7,1,695958.90057858,695958.90057858,1,561
"Craig Gentry","BAL","2018",1.1,68,169,156,13,42,5,2,1,11,12,3,11,31,0.269,0.321,0.346,0.668,85,0.306,84,54,2,1,1,0,0,"798H",0,1.1,68,169,156,13,42,5,2,1,11,12,3,11,31,0.269,0.321,0.346,0.668,85,0.306,84,54,2,1,1,0,0,0,"LF/RF",34.7,1,900000,900000,2,562
"Craig Kimbrel","CHC","2019",0,22,0,0,0,0,0,0,0,0,0,0,0,0,0,0,0,0,0,0,0,0,0,0,0,0,0,"1",0,0,22,0,0,0,0,0,0,0,0,0,0,0,0,0,0,0,0,0,0,0,0,0,0,0,0,0,1,"RP/CL",31.2,3,43000000,14333333.3333333,0,563
"Craig Kimbrel","CHC","2020",0,3,0,0,0,0,0,0,0,0,0,0,0,0,0,0,0,0,0,0,0,0,0,0,0,0,0,"1",0,0,3,0,0,0,0,0,0,0,0,0,0,0,0,0,0,0,0,0,0,0,0,0,0,0,0,0,1,"RP/CL",32.2,3,43000000,14333333.3333333,1,563
"Craig Kimbrel","2TM","2021",0,39,1,1,0,0,0,0,0,0,0,0,0,1,0,0,0,0,-100,0,-125,0,0,0,0,0,0,"1",1,0,39,1,1,0,0,0,0,0,0,0,0,0,1,0,0,0,0,-100,0,-125,0,0,0,0,0,0,1,"RP/CL",33.2,3,43000000,14333333.3333333,2,563
"Craig Kimbrel","BAL","2024",0,1,0,0,0,0,0,0,0,0,0,0,0,0,0,0,0,0,0,0,0,0,0,0,0,0,0,"1",0,0,1,0,0,0,0,0,0,0,0,0,0,0,0,0,0,0,0,0,0,0,0,0,0,0,0,0,1,"RP/CL",36.2,1,13000000,13000000,4,565
"Craig Stammen","SDP","2017",0.3,57,8,6,2,3,1,0,0,0,0,0,2,2,0.5,0.625,0.667,1.292,247,0.541,253,4,0,0,0,0,0,"1",0,0.3,57,8,6,2,3,1,0,0,0,0,0,2,2,0.5,0.625,0.667,1.292,247,0.541,253,4,0,0,0,0,0,1,"RP",33.4,1,900000,900000,1,568
"Craig Stammen","SDP","2018",0,68,0,0,0,0,0,0,0,0,0,0,0,0,0,0,0,0,0,0,0,0,0,0,0,0,0,"1",0,0,68,0,0,0,0,0,0,0,0,0,0,0,0,0,0,0,0,0,0,0,0,0,0,0,0,0,0,"RP",34.4,2,4500000,2250000,2,569
"Craig Stammen","SDP","2019",0,72,1,1,0,0,0,0,0,0,0,0,0,1,0,0,0,0,-100,0,-133,0,0,0,0,0,0,"1",0,0,72,1,1,0,0,0,0,0,0,0,0,0,1,0,0,0,0,-100,0,-133,0,0,0,0,0,0,0,"RP",35.4,2,4500000,2250000,3,569
"Craig Stammen","SDP","2019",0,72,1,1,0,0,0,0,0,0,0,0,0,1,0,0,0,0,-100,0,-133,0,0,0,0,0,0,"1",0,0,72,1,1,0,0,0,0,0,0,0,0,0,1,0,0,0,0,-100,0,-133,0,0,0,0,0,0,0,"RP",35.4,2,5608283.84831941,2804141.9241597,4,570
"Craig Stammen","SDP","2021",0,64,7,5,0,1,0,0,0,0,0,0,0,3,0.2,0.2,0.2,0.4,13,0.18,-36,1,0,0,2,0,0,"1",0,0,64,7,5,0,1,0,0,0,0,0,0,0,3,0.2,0.2,0.2,0.4,13,0.18,-36,1,0,0,2,0,0,0,"RP",37.4,2,9000000,4500000,7,571
"Craig Stammen","SDP","2021",0,64,7,5,0,1,0,0,0,0,0,0,0,3,0.2,0.2,0.2,0.4,13,0.18,-36,1,0,0,2,0,0,"1",0,0,64,7,5,0,1,0,0,0,0,0,0,0,3,0.2,0.2,0.2,0.4,13,0.18,-36,1,0,0,2,0,0,0,"RP",37.4,2,10648406.7014121,5324203.35070603,8,572
"Curt Casali","SFG","2021",0.6,77,231,200,20,42,11,1,5,26,0,0,26,66,0.21,0.313,0.35,0.663,81,0.299,80,70,3,4,1,0,4,"2H/3",0,0.6,77,231,200,20,42,11,1,5,26,0,0,26,66,0.21,0.313,0.35,0.663,81,0.299,80,70,3,4,1,0,4,1,"C",32.8,1,1500000,1500000,0,574
"Curt Casali","CIN","2023",0.1,40,96,80,8,14,2,0,0,6,0,0,11,23,0.175,0.29,0.2,0.49,35,0.249,39,16,1,2,3,0,0,"2/35",0,0.1,40,96,80,8,14,2,0,0,6,0,0,11,23,0.175,0.29,0.2,0.49,35,0.249,39,16,1,2,3,0,0,1,"C",34.8,1,3250000,3250000,1,575
"Curt Casali","SFG","2024",0.3,41,125,108,12,21,3,0,1,8,0,0,13,22,0.194,0.293,0.25,0.543,59,0.27,71,27,3,2,2,0,0,"2",0,0.3,41,125,108,12,21,3,0,1,8,0,0,13,22,0.194,0.293,0.25,0.543,59,0.27,71,27,3,2,2,0,0,1,"C",35.8,1,1000000,1000000,2,576
"Curtis Granderson","NYM","2014",1.2,155,654,564,73,128,27,2,20,66,8,2,79,141,0.227,0.326,0.388,0.714,105,0.324,105,219,1,6,0,5,1,"987/H",0,1.2,155,654,564,73,128,27,2,20,66,8,2,79,141,0.227,0.326,0.388,0.714,105,0.324,105,219,1,6,0,5,1,1,"LF",33.4,4,60000000,15000000,4.077,577
"Curtis Granderson","NYM","2015",5.2,157,682,580,98,150,33,2,26,70,11,6,91,151,0.259,0.364,0.457,0.821,127,0.363,129,265,3,7,0,4,3,"9H/8D",2,5.2,157,682,580,98,150,33,2,26,70,11,6,91,151,0.259,0.364,0.457,0.821,127,0.363,129,265,3,7,0,4,3,1,"LF",34.4,4,60000000,15000000,5.077,577
"Curtis Granderson","NYM","2016",2.9,150,633,545,88,129,24,5,30,59,4,2,74,130,0.237,0.335,0.464,0.799,114,0.347,114,253,10,9,0,5,7,"98H/7D",0,2.9,150,633,545,88,129,24,5,30,59,4,2,74,130,0.237,0.335,0.464,0.799,114,0.347,114,253,10,9,0,5,7,1,"LF",35.4,4,60000000,15000000,6.077,577
"Curtis Granderson","2TM","2017",1.7,147,527,449,74,95,24,3,26,64,6,2,71,123,0.212,0.323,0.452,0.775,105,0.341,109,203,5,4,0,3,2,"897H/D",0,1.7,147,527,449,74,95,24,3,26,64,6,2,71,123,0.212,0.323,0.452,0.775,105,0.341,109,203,5,4,0,3,2,1,"LF",36.4,4,60000000,15000000,7.077,577
"Curtis Granderson","2TM","2018",0.8,123,403,343,60,83,22,2,13,38,2,1,54,106,0.242,0.351,0.431,0.782,115,0.341,113,148,3,4,1,1,1,"97HD/8",0,0.8,123,403,343,60,83,22,2,13,38,2,1,54,106,0.242,0.351,0.431,0.782,115,0.341,113,148,3,4,1,1,1,1,"LF",37.4,1,5000000,5000000,8.077,578
"Curtis Granderson","MIA","2019",-0.5,138,363,317,44,58,17,1,12,34,0,3,41,98,0.183,0.281,0.356,0.637,68,0.29,75,113,3,3,0,2,1,"7H/9D",0,-0.5,138,363,317,44,58,17,1,12,34,0,3,41,98,0.183,0.281,0.356,0.637,68,0.29,75,113,3,3,0,2,1,1,"LF",38.4,1,1750000,1750000,9.077,579
"Daisuke Matsuzaka","NYM","2013",0,6,13,12,0,3,0,0,0,1,0,0,0,5,0.25,0.25,0.25,0.5,44,0.218,19,3,0,0,1,0,0,"/1",0,0,6,13,12,0,3,0,0,0,1,0,0,0,5,0.25,0.25,0.25,0.5,44,0.218,19,3,0,0,1,0,0,1,"SP",32.9,1,1500000,1500000,0,580
"Daisuke Matsuzaka","NYM","2014",0.1,32,17,11,0,2,0,0,0,1,0,0,1,6,0.182,0.25,0.182,0.432,27,0.2,-21,2,0,0,5,0,0,"1",0,0.1,32,17,11,0,2,0,0,0,1,0,0,1,6,0.182,0.25,0.182,0.432,27,0.2,-21,2,0,0,5,0,0,0,"SP",33.9,1,1500000,1500000,1,581
"Dallas Keuchel","ATL","2019",-0.1,19,41,38,0,5,1,0,0,2,0,0,1,28,0.132,0.154,0.158,0.312,-20,0.14,-53,6,0,0,2,0,0,"1",0,-0.1,19,41,38,0,5,1,0,0,2,0,0,1,28,0.132,0.154,0.158,0.312,-20,0.14,-53,6,0,0,2,0,0,1,"SP/SP4",31.6,1,21210000,21210000,0,582
"Dallas Keuchel","CHW","2021",0,1,2,2,0,0,0,0,0,0,0,0,0,1,0,0,0,0,-100,0,-129,0,0,0,0,0,0,"1",1,0,1,2,2,0,0,0,0,0,0,0,0,0,1,0,0,0,0,-100,0,-129,0,0,0,0,0,0,1,"SP/SP4",33.6,3,55500000,18500000,2,583
"Dan Haren","WSN","2013",0.2,29,55,47,2,8,3,0,0,2,0,0,1,17,0.17,0.204,0.234,0.438,20,0.199,-10,11,0,1,6,0,0,"1",0,0.2,29,55,47,2,8,3,0,0,2,0,0,1,17,0.17,0.204,0.234,0.438,20,0.199,-10,11,0,1,6,0,0,1,"SP/SP3",32.9,1,13000000,13000000,0,588
"Dan Haren","LAD","2014",0.2,29,60,54,2,10,1,0,0,5,0,0,3,20,0.185,0.228,0.204,0.432,25,0.202,9,11,1,0,3,0,0,"1",0,0.2,29,60,54,2,10,1,0,0,5,0,0,3,20,0.185,0.228,0.204,0.432,25,0.202,9,11,1,0,3,0,0,1,"SP/SP3",33.9,1,10000000,10000000,1,589
"Dan Haren","2TM","2015",0.1,30,65,49,4,6,1,0,0,5,0,0,5,16,0.122,0.2,0.143,0.343,-2,0.168,-34,7,2,0,10,1,0,"1/H",0,0.1,30,65,49,4,6,1,0,0,5,0,0,5,16,0.122,0.2,0.143,0.343,-2,0.168,-34,7,2,0,10,1,0,1,"SP",34.9,1,1354138.54454338,1354138.54454338,2,590
"Dan Johnson","CHW","2012",0.5,14,31,22,8,8,1,0,3,6,0,0,9,3,0.364,0.548,0.818,1.367,264,0.548,265,18,0,0,0,0,1,"/HD3",0,0.5,14,31,22,8,8,1,0,3,6,0,0,9,3,0.364,0.548,0.818,1.367,264,0.548,265,18,0,0,0,0,1,1,"1B",33,1,900000,900000,0,591
"Dan Johnson","TOR","2014",-0.1,15,48,38,8,8,2,0,1,7,0,0,7,10,0.211,0.333,0.342,0.675,93,0.304,87,13,1,1,0,2,0,"/3DH",0,-0.1,15,48,38,8,8,2,0,1,7,0,0,7,10,0.211,0.333,0.342,0.675,93,0.304,87,13,1,1,0,2,0,1,"1B",35,1,689449.635766739,689449.635766739,1,592
"Dan Winkler","CHC","2020",0,3,0,0,0,0,0,0,0,0,0,0,0,0,0,0,0,0,0,0,0,0,0,0,0,0,0,"1",0,0,3,0,0,0,0,0,0,0,0,0,0,0,0,0,0,0,0,0,0,0,0,0,0,0,0,0,1,"RP",30.5,1,750000,750000,4.063,595
"Daniel Bard","COL","2021",0.1,64,1,1,1,1,0,0,0,0,0,0,0,0,1,1,1,2,418,0.899,483,1,0,0,0,0,0,"1",0,0.1,64,1,1,1,1,0,0,0,0,0,0,0,0,1,1,1,2,418,0.899,483,1,0,0,0,0,0,0,"RP/CL",35,1,3460732.17795892,3460732.17795892,1,598
"Daniel Bard","COL","2022",0,3,0,0,0,0,0,0,0,0,0,0,0,0,0,0,0,0,0,0,0,0,0,0,0,0,0,"1",2,0,3,0,0,0,0,0,0,0,0,0,0,0,0,0,0,0,0,0,0,0,0,0,0,0,0,0,0,"RP/CL",36,1,4904261.1966416,4904261.1966416,2,599
"Daniel Descalso","COL","2015",-0.4,101,209,185,22,38,3,2,5,22,1,2,20,45,0.205,0.283,0.324,0.607,55,0.271,43,60,3,0,4,0,6,"H64/359",0,-0.4,101,209,185,22,38,3,2,5,22,1,2,20,45,0.205,0.283,0.324,0.607,55,0.271,43,60,3,0,4,0,6,1,"2B/LF",28.8,2,3600000,1800000,4.016,601
"Daniel Descalso","COL","2016",0.5,99,289,250,38,66,12,2,8,38,3,0,34,56,0.264,0.349,0.424,0.773,93,0.343,91,106,2,1,0,4,3,"6H34/75D",0,0.5,99,289,250,38,66,12,2,8,38,3,0,34,56,0.264,0.349,0.424,0.773,93,0.343,91,106,2,1,0,4,3,1,"2B/LF",29.8,2,3600000,1800000,5.016,601
"Daniel Descalso","ARI","2017",-0.3,130,398,344,47,80,16,5,10,51,4,0,48,89,0.233,0.332,0.395,0.727,84,0.324,82,136,6,4,0,2,0,"47H35/16D",0,-0.3,130,398,344,47,80,16,5,10,51,4,0,48,89,0.233,0.332,0.395,0.727,84,0.324,82,136,6,4,0,2,0,1,"2B/LF",30.8,1,1500000,1500000,6.016,602
"Daniel Descalso","CHC","2019",-0.9,82,194,168,20,29,5,1,2,15,2,1,23,57,0.173,0.271,0.25,0.521,38,0.243,33,42,3,0,1,1,0,"4H/5D13",0,-0.9,82,194,168,20,29,5,1,2,15,2,1,23,57,0.173,0.271,0.25,0.521,38,0.243,33,42,3,0,1,1,0,1,"2B/LF",32.8,2,5000000,2500000,8.016,603
"Daniel Hudson","ARI","2014",0,3,0,0,0,0,0,0,0,0,0,0,0,0,0,0,0,0,0,0,0,0,0,0,0,0,0,"/1",0,0,3,0,0,0,0,0,0,0,0,0,0,0,0,0,0,0,0,0,0,0,0,0,0,0,0,0,0,"RP/CL",27.4,1,700000,700000,0,604
"Daniel Hudson","ARI","2016",0,65,0,0,0,0,0,0,0,0,0,0,0,0,0,0,0,0,0,0,0,0,0,0,0,0,0,"1",0,0,65,0,0,0,0,0,0,0,0,0,0,0,0,0,0,0,0,0,0,0,0,0,0,0,0,0,0,"RP/CL",29.4,1,3577100.34652386,3577100.34652386,1,605
"Daniel Hudson","PIT","2017",0,65,0,0,0,0,0,0,0,0,0,0,0,0,0,0,0,0,0,0,0,0,0,0,0,0,0,"1",0,0,65,0,0,0,0,0,0,0,0,0,0,0,0,0,0,0,0,0,0,0,0,0,0,0,0,0,1,"RP/CL",30.4,2,11000000,5500000,2,606
"Daniel Hudson","LAD","2018",0,37,2,2,0,0,0,0,0,0,0,0,0,1,0,0,0,0,-100,0,-141,0,0,0,0,0,0,"1",0,0,37,2,2,0,0,0,0,0,0,0,0,0,1,0,0,0,0,-100,0,-141,0,0,0,0,0,0,1,"RP/CL",31.4,2,11000000,5500000,3,606
"Daniel Hudson","LAD","2018",0,37,2,2,0,0,0,0,0,0,0,0,0,1,0,0,0,0,-100,0,-141,0,0,0,0,0,0,"1",0,0,37,2,2,0,0,0,0,0,0,0,0,0,1,0,0,0,0,-100,0,-141,0,0,0,0,0,0,1,"RP/CL",31.4,1,545000,545000,4,607
"Daniel Hudson","2TM","2019",0,25,0,0,0,0,0,0,0,0,0,0,0,0,0,0,0,0,0,0,0,0,0,0,0,0,0,"1",0,0,25,0,0,0,0,0,0,0,0,0,0,0,0,0,0,0,0,0,0,0,0,0,0,0,0,0,1,"RP/CL",32.4,1,1500000,1500000,5,608
"Daniel Hudson","2TM","2021",0,48,0,0,0,0,0,0,0,0,0,0,0,0,0,0,0,0,0,0,0,0,0,0,0,0,0,"1",0,0,48,0,0,0,0,0,0,0,0,0,0,0,0,0,0,0,0,0,0,0,0,0,0,0,0,0,0,"RP/CL",34.4,2,11000000,5500000,7,609
"Daniel Hudson","2TM","2021",0,48,0,0,0,0,0,0,0,0,0,0,0,0,0,0,0,0,0,0,0,0,0,0,0,0,0,"1",0,0,48,0,0,0,0,0,0,0,0,0,0,0,0,0,0,0,0,0,0,0,0,0,0,0,0,0,1,"RP/CL",34.4,2,13014719.3017258,6507359.65086292,8,610
"Daniel Murphy","WSN","2016",4.7,142,582,531,88,184,47,5,25,104,5,3,35,57,0.347,0.39,0.595,0.985,155,0.411,154,316,4,8,0,8,10,"43/H5D",2,4.7,142,582,531,88,184,47,5,25,104,5,3,35,57,0.347,0.39,0.595,0.985,155,0.411,154,316,4,8,0,8,10,1,"1B",31.3,3,37500000,12500000,0,614
"Daniel Murphy","WSN","2017",3.2,144,593,534,94,172,43,3,23,93,2,0,52,77,0.322,0.384,0.543,0.928,136,0.39,135,290,16,4,0,3,14,"4/H",2,3.2,144,593,534,94,172,43,3,23,93,2,0,52,77,0.322,0.384,0.543,0.928,136,0.39,135,290,16,4,0,3,14,1,"1B",32.3,3,37500000,12500000,1,614
"Daniel Murphy","2TM","2018",0,91,351,328,40,98,15,0,12,42,3,0,20,40,0.299,0.336,0.454,0.79,107,0.346,105,149,5,0,0,3,2,"43/HD",0,0,91,351,328,40,98,15,0,12,42,3,0,20,40,0.299,0.336,0.454,0.79,107,0.346,105,149,5,0,0,3,2,1,"1B",33.3,3,37500000,12500000,2,614
"Daniel Murphy","COL","2019",0.7,132,478,438,56,122,35,1,13,78,1,1,32,74,0.279,0.328,0.452,0.78,89,0.337,88,198,10,2,0,4,1,"3H/D4",0,0.7,132,478,438,56,122,35,1,13,78,1,1,32,74,0.279,0.328,0.452,0.78,89,0.337,88,198,10,2,0,4,1,1,"1B",34.3,2,24000000,12000000,3,615
"Daniel Murphy","COL","2020",-0.9,40,132,123,10,29,3,0,3,16,0,0,7,21,0.236,0.275,0.333,0.608,55,0.261,38,41,3,0,0,1,2,"3/HD",0,-0.9,40,132,123,10,29,3,0,3,16,0,0,7,21,0.236,0.275,0.333,0.608,55,0.261,38,41,3,0,0,1,2,1,"1B",35.3,2,24000000,12000000,4,615
"Daniel Murphy","COL","2020",-0.9,40,132,123,10,29,3,0,3,16,0,0,7,21,0.236,0.275,0.333,0.608,55,0.261,38,41,3,0,0,1,2,"3/HD",0,-0.9,40,132,123,10,29,3,0,3,16,0,0,7,21,0.236,0.275,0.333,0.608,55,0.261,38,41,3,0,0,1,2,0,"1B",35.3,2,29410048.0774619,14705024.0387309,5,616
"Danny Coulombe","BAL","2023",0,2,0,0,0,0,0,0,0,0,0,0,0,0,0,0,0,0,0,0,0,0,0,0,0,0,0,"1",0,0,2,0,0,0,0,0,0,0,0,0,0,0,0,0,0,0,0,0,0,0,0,0,0,0,0,0,0,"RP/SU7",33.8,1,1000000,1000000,1,618
"Danny Coulombe","BAL","2024",0,1,0,0,0,0,0,0,0,0,0,0,0,0,0,0,0,0,0,0,0,0,0,0,0,0,0,"1",0,0,1,0,0,0,0,0,0,0,0,0,0,0,0,0,0,0,0,0,0,0,0,0,0,0,0,0,1,"RP",34.8,1,2365275.89244568,2365275.89244568,2,619
"Danny Hultzen","CHC","2019",0,6,0,0,0,0,0,0,0,0,0,0,0,0,0,0,0,0,0,0,0,0,0,0,0,0,0,"/1",0,0,6,0,0,0,0,0,0,0,0,0,0,0,0,0,0,0,0,0,0,0,0,0,0,0,0,0,0,"RP",29.7,1,691688.341292727,691688.341292727,1,622
"Darin Ruf","SFG","2020",0.8,40,100,87,11,24,6,0,5,18,1,0,13,23,0.276,0.37,0.517,0.887,142,0.4,153,45,1,0,0,0,0,"7H/D39",0,0.8,40,100,87,11,24,6,0,5,18,1,0,13,23,0.276,0.37,0.517,0.887,142,0.4,153,45,1,0,0,0,0,1,"1B/OF",34,1,980334.935915396,980334.935915396,2.138,625
"Darin Ruf","2TM","2023",-0.2,20,57,49,3,11,3,0,0,3,0,0,8,16,0.224,0.333,0.286,0.619,74,0.287,76,14,0,0,0,0,0,"D/H3",0,-0.2,20,57,49,3,11,3,0,0,3,0,0,8,16,0.224,0.333,0.286,0.619,74,0.287,76,14,0,0,0,0,0,1,"1B/OF",37,1,720000,720000,5.138,626
"Darren Oday","BAL","2017",0,2,0,0,0,0,0,0,0,0,0,0,0,0,0,0,0,0,0,0,0,0,0,0,0,0,0,"1",0,0,2,0,0,0,0,0,0,0,0,0,0,0,0,0,0,0,0,0,0,0,0,0,0,0,0,0,0,"RP",34.8,4,31000000,7750000,1,627
"Darren Oday","BAL","2018",0,2,0,0,0,0,0,0,0,0,0,0,0,0,0,0,0,0,0,0,0,0,0,0,0,0,0,"1",0,0,2,0,0,0,0,0,0,0,0,0,0,0,0,0,0,0,0,0,0,0,0,0,0,0,0,0,0,"RP",35.8,4,31000000,7750000,2,627
"Darren Oday","ATL","2019",0,6,0,0,0,0,0,0,0,0,0,0,0,0,0,0,0,0,0,0,0,0,0,0,0,0,0,"/1",0,0,6,0,0,0,0,0,0,0,0,0,0,0,0,0,0,0,0,0,0,0,0,0,0,0,0,0,0,"RP",36.8,4,31000000,7750000,3,627
"David Dahl","TEX","2021",-0.8,63,220,205,19,43,11,0,4,18,2,1,10,59,0.21,0.247,0.322,0.569,55,0.253,52,66,3,1,1,3,0,"7D9/H8",0,-0.8,63,220,205,19,43,11,0,4,18,2,1,10,59,0.21,0.247,0.322,0.569,55,0.253,52,66,3,1,1,3,0,1,"OF",27.3,1,2700000,2700000,0,633
"David Dahl","PHI","2024",0.3,19,62,58,6,12,2,0,3,8,0,0,3,21,0.207,0.242,0.397,0.638,73,0.287,76,23,0,0,0,1,0,"7/D9H",0,0.3,19,62,58,6,12,2,0,3,8,0,0,3,21,0.207,0.242,0.397,0.638,73,0.287,76,23,0,0,0,1,0,1,"DH",30.3,1,1028380.82280247,1028380.82280247,1,634
"David Freese","PIT","2016",1.8,141,492,437,63,118,23,0,13,55,0,0,45,142,0.27,0.352,0.412,0.764,104,0.344,109,180,15,10,0,0,2,"53H/4",0,1.8,141,492,437,63,118,23,0,13,55,0,0,45,142,0.27,0.352,0.412,0.764,104,0.344,109,180,15,10,0,0,2,1,"1B",33.2,1,3000000,3000000,0,635
"David Freese","LAD","2019",1.5,79,186,162,35,51,13,0,11,29,0,0,23,44,0.315,0.403,0.599,1.002,160,0.418,163,97,7,1,0,0,0,"3H/D5",0,1.5,79,186,162,35,51,13,0,11,29,0,0,23,44,0.315,0.403,0.599,1.002,160,0.418,163,97,7,1,0,0,0,1,"1B",36.2,1,5608283.84831941,5608283.84831941,1,636
"David Hernandez","PHI","2016",0,64,0,0,0,0,0,0,0,0,0,0,0,0,0,0,0,0,0,0,0,0,0,0,0,0,0,"1",0,0,64,0,0,0,0,0,0,0,0,0,0,0,0,0,0,0,0,0,0,0,0,0,0,0,0,0,1,"RP",31.2,1,3900000,3900000,6.095,637
"David Hernandez","2TM","2017",0,25,0,0,0,0,0,0,0,0,0,0,0,0,0,0,0,0,0,0,0,0,0,0,0,0,0,"1",0,0,25,0,0,0,0,0,0,0,0,0,0,0,0,0,0,0,0,0,0,0,0,0,0,0,0,0,1,"RP",32.2,1,1105729.09437718,1105729.09437718,7.095,638
"David Hernandez","CIN","2018",0,53,1,1,0,0,0,0,0,0,0,0,0,0,0,0,0,0,-100,0,-145,0,0,0,0,0,0,"1",0,0,53,1,1,0,0,0,0,0,0,0,0,0,0,0,0,0,0,-100,0,-145,0,0,0,0,0,0,1,"RP",33.2,2,5000000,2500000,8.084,639
"David Hernandez","CIN","2019",0,44,0,0,0,0,0,0,0,0,0,0,0,0,0,0,0,0,0,0,0,0,0,0,0,0,0,"1",0,0,44,0,0,0,0,0,0,0,0,0,0,0,0,0,0,0,0,0,0,0,0,0,0,0,0,0,1,"RP",34.2,2,5000000,2500000,9.084,639
"David Murphy","CLE","2014",-0.3,129,462,416,40,109,25,1,8,58,2,3,36,61,0.262,0.319,0.385,0.703,97,0.318,97,160,6,2,1,7,2,"9H/7D",0,-0.3,129,462,416,40,109,25,1,8,58,2,3,36,61,0.262,0.319,0.385,0.703,97,0.318,97,160,6,2,1,7,2,1,"DH",32.8,2,12000000,6000000,6.087,640
"David Murphy","2TM","2015",-0.1,132,391,361,38,102,18,1,10,50,0,2,20,49,0.283,0.318,0.421,0.739,101,0.318,96,152,6,1,1,5,1,"7DH9/1",0,-0.1,132,391,361,38,102,18,1,10,50,0,2,20,49,0.283,0.318,0.421,0.739,101,0.318,96,152,6,1,1,5,1,1,"DH",33.8,2,12000000,6000000,7.087,640
"David Ortiz","BOS","2013",4.4,137,600,518,84,160,38,2,30,103,4,0,76,88,0.309,0.395,0.564,0.959,159,0.409,161,292,21,1,0,5,27,"D/3H",2,4.4,137,600,518,84,160,38,2,30,103,4,0,76,88,0.309,0.395,0.564,0.959,159,0.409,161,292,21,1,0,5,27,0,"DH",37.8,2,29000000,14500000,0,642
"David Ortiz","BOS","2014",2.6,142,602,518,59,136,27,0,35,104,0,0,75,95,0.263,0.355,0.517,0.873,141,0.371,135,268,18,3,0,6,22,"D/H3",0,2.6,142,602,518,59,136,27,0,35,104,0,0,75,95,0.263,0.355,0.517,0.873,141,0.371,135,268,18,3,0,6,22,0,"DH",38.8,2,29000000,14500000,1,642
"David Ortiz","BOS","2015",3,146,614,528,73,144,37,0,37,108,0,1,77,95,0.273,0.36,0.553,0.913,140,0.385,140,292,16,0,0,9,16,"D/3H",2,3,146,614,528,73,144,37,0,37,108,0,1,77,95,0.273,0.36,0.553,0.913,140,0.385,140,292,16,0,0,9,16,0,"DH",39.8,1,21666216.7126941,21666216.7126941,2,643
"David Ortiz","BOS","2016",5.1,151,626,537,79,169,48,1,38,127,2,0,80,86,0.315,0.401,0.62,1.021,164,0.423,166,333,22,2,0,7,15,"DH/3",2,5.1,151,626,537,79,169,48,1,38,127,2,0,80,86,0.315,0.401,0.62,1.021,164,0.423,166,333,22,2,0,7,15,0,"DH",40.8,1,21197631.6831043,21197631.6831043,3,644
"David Phelps","CHC","2019",0,24,0,0,0,0,0,0,0,0,0,0,0,0,0,0,0,0,0,0,0,0,0,0,0,0,0,"1",0,0,24,0,0,0,0,0,0,0,0,0,0,0,0,0,0,0,0,0,0,0,0,0,0,0,0,0,1,"RP",32.8,1,2500000,2500000,0,645
"David Phelps","MIL","2020",0,1,0,0,0,0,0,0,0,0,0,0,0,0,0,0,0,0,0,0,0,0,0,0,0,0,0,"1",0,0,1,0,0,0,0,0,0,0,0,0,0,0,0,0,0,0,0,0,0,0,0,0,0,0,0,0,1,"RP",33.8,1,1500000,1500000,1,646
"David Robertson","CHW","2015",0,5,0,0,0,0,0,0,0,0,0,0,0,0,0,0,0,0,0,0,0,0,0,0,0,0,0,"1",0,0,5,0,0,0,0,0,0,0,0,0,0,0,0,0,0,0,0,0,0,0,0,0,0,0,0,0,1,"RP/CL",30.3,4,46000000,11500000,0,649
"David Robertson","CHW","2016",0,4,0,0,0,0,0,0,0,0,0,0,0,0,0,0,0,0,0,0,0,0,0,0,0,0,0,"1",0,0,4,0,0,0,0,0,0,0,0,0,0,0,0,0,0,0,0,0,0,0,0,0,0,0,0,0,1,"RP/CL",31.3,4,46000000,11500000,1,649
"David Robertson","2TM","2017",0,5,0,0,0,0,0,0,0,0,0,0,0,0,0,0,0,0,0,0,0,0,0,0,0,0,0,"1",0,0,5,0,0,0,0,0,0,0,0,0,0,0,0,0,0,0,0,0,0,0,0,0,0,0,0,0,1,"RP/CL",32.3,4,46000000,11500000,2,649
"David Robertson","NYY","2018",0,4,0,0,0,0,0,0,0,0,0,0,0,0,0,0,0,0,0,0,0,0,0,0,0,0,0,"1",0,0,4,0,0,0,0,0,0,0,0,0,0,0,0,0,0,0,0,0,0,0,0,0,0,0,0,0,1,"RP/CL",33.3,4,46000000,11500000,3,649
"David Robertson","PHI","2019",0,7,0,0,0,0,0,0,0,0,0,0,0,0,0,0,0,0,0,0,0,0,0,0,0,0,0,"/1",0,0,7,0,0,0,0,0,0,0,0,0,0,0,0,0,0,0,0,0,0,0,0,0,0,0,0,0,1,"RP/CL",34.3,2,23000000,11500000,4,650
"David Robertson","CHC","2022",0,2,1,1,0,0,0,0,0,0,0,0,0,1,0,0,0,0,-100,0,-136,0,0,0,0,0,0,"1",0,0,2,1,1,0,0,0,0,0,0,0,0,0,1,0,0,0,0,-100,0,-136,0,0,0,0,0,0,1,"RP/CL",37.3,1,3500000,3500000,6,651
"David Robertson","TEX","2024",0,2,0,0,0,0,0,0,0,0,0,0,0,0,0,0,0,0,0,0,0,0,0,0,0,0,0,"1",0,0,2,0,0,0,0,0,0,0,0,0,0,0,0,0,0,0,0,0,0,0,0,0,0,0,0,0,1,"RP",39.3,1,11826379.4622284,11826379.4622284,8,653
"David Ross","BOS","2013",0.7,36,116,102,11,22,5,0,4,10,1,0,11,42,0.216,0.298,0.382,0.681,85,0.304,80,39,3,1,2,0,0,"2/H",0,0.7,36,116,102,11,22,5,0,4,10,1,0,11,42,0.216,0.298,0.382,0.681,85,0.304,80,39,3,1,2,0,0,1,"C",36.4,2,6200000,3100000,0,655
"David Ross","BOS","2014",-0.3,50,171,152,16,28,7,0,7,15,0,1,16,58,0.184,0.26,0.368,0.629,74,0.273,62,56,1,0,2,1,1,"2",0,-0.3,50,171,152,16,28,7,0,7,15,0,1,16,58,0.184,0.26,0.368,0.629,74,0.273,62,56,1,0,2,1,1,1,"C",37.4,2,6200000,3100000,1,655
"David Ross","CHC","2015",-0.1,72,182,159,6,28,9,0,1,9,1,0,20,61,0.176,0.267,0.252,0.518,45,0.229,25,40,1,0,2,1,7,"2H/1",0,-0.1,72,182,159,6,28,9,0,1,9,1,0,20,61,0.176,0.267,0.252,0.518,45,0.229,25,40,1,0,2,1,7,1,"C",38.4,2,5000000,2500000,2,656
"David Ross","CHC","2016",1.7,67,205,166,24,38,6,0,10,32,0,1,30,54,0.229,0.338,0.446,0.784,106,0.325,94,74,3,0,4,5,6,"2H",0,1.7,67,205,166,24,38,6,0,10,32,0,1,30,54,0.229,0.338,0.446,0.784,106,0.325,94,74,3,0,4,5,6,1,"C",39.4,2,5000000,2500000,3,656
"David Ross","CHC","2016",1.7,67,205,166,24,38,6,0,10,32,0,1,30,54,0.229,0.338,0.446,0.784,106,0.325,94,74,3,0,4,5,6,"2H",0,1.7,67,205,166,24,38,6,0,10,32,0,1,30,54,0.229,0.338,0.446,0.784,106,0.325,94,74,3,0,4,5,6,0,"C",39.4,2,6624259.90097011,3312129.95048505,4,657
"Delmon Young","2TM","2013",-0.5,103,361,334,30,87,16,0,11,38,0,0,20,78,0.26,0.307,0.407,0.715,97,0.323,99,136,8,4,0,3,0,"9DH",0,-0.5,103,361,334,30,87,16,0,11,38,0,0,20,78,0.26,0.307,0.407,0.715,97,0.323,99,136,8,4,0,3,0,1,"LF/DH",27.9,1,750000,750000,0,660
"Delmon Young","BAL","2014",1,83,255,242,27,73,11,1,7,30,2,0,10,51,0.302,0.337,0.442,0.779,117,0.357,122,107,6,3,0,0,0,"D7H/9",0,1,83,255,242,27,73,11,1,7,30,2,0,10,51,0.302,0.337,0.442,0.779,117,0.357,122,107,6,3,0,0,0,1,"LF/DH",28.9,1,1000000,1000000,1,661
"Delmon Young","BAL","2015",0.4,52,180,174,20,47,6,0,2,16,0,0,4,29,0.27,0.289,0.339,0.628,71,0.286,70,59,8,1,0,1,0,"9H/D7",0,0.4,52,180,174,20,47,6,0,2,16,0,0,4,29,0.27,0.289,0.339,0.628,71,0.286,70,59,8,1,0,1,0,0,"LF/DH",29.9,1,2250000,2250000,2,662
"Derek Dietrich","CIN","2019",1.1,113,306,251,41,47,8,2,19,43,1,1,28,74,0.187,0.328,0.462,0.79,98,0.344,101,116,2,25,0,1,2,"4H37/D5",0,1.1,113,306,251,41,47,8,2,19,43,1,1,28,74,0.187,0.328,0.462,0.79,98,0.344,101,116,2,25,0,1,2,1,"2B/LF",30.1,1,2000000,2000000,4.151,663
"Derek Dietrich","TEX","2020",0.2,25,75,61,9,12,1,0,5,8,1,1,9,21,0.197,0.347,0.459,0.806,121,0.359,128,28,4,5,0,0,0,"/D3H45",0,0.2,25,75,61,9,12,1,0,5,8,1,1,9,21,0.197,0.347,0.459,0.806,121,0.359,128,28,4,5,0,0,0,1,"2B/LF",31.1,1,704615.735189191,704615.735189191,5.151,664
"Derek Holland","CHW","2017",0.1,1,1,1,0,1,0,0,0,0,0,0,0,0,1,1,1,2,448,0.892,508,1,0,0,0,0,0,"1",0,0.1,1,1,1,0,1,0,0,0,0,0,0,0,0,1,1,1,2,448,0.892,508,1,0,0,0,0,0,1,"RP",30.8,1,6000000,6000000,7.12,665
"Derek Holland","SFG","2018",-0.4,34,56,53,2,3,1,0,0,0,0,0,1,33,0.057,0.074,0.075,0.15,-58,0.068,-91,4,1,0,2,0,0,"1/H",0,-0.4,34,56,53,2,3,1,0,0,0,0,0,1,33,0.057,0.074,0.075,0.15,-58,0.068,-91,4,1,0,2,0,0,1,"RP",31.8,1,2228808.26199212,2228808.26199212,8.105,666
"Derek Holland","2TM","2019",-0.1,52,16,14,0,1,0,0,0,0,0,0,1,10,0.071,0.133,0.071,0.205,-43,0.099,-78,1,0,0,1,0,0,"1/H",0,-0.1,52,16,14,0,1,0,0,0,0,0,0,1,10,0.071,0.133,0.071,0.205,-43,0.099,-78,1,0,0,1,0,0,0,"RP",32.8,1,7000000,7000000,9.105,667
"Derek Holland","DET","2021",0,4,0,0,0,0,0,0,0,0,0,0,0,0,0,0,0,0,0,0,0,0,0,0,0,0,0,"1",0,0,4,0,0,0,0,0,0,0,0,0,0,0,0,0,0,0,0,0,0,0,0,0,0,0,0,0,1,"RP",34.8,1,1094419.57764513,1094419.57764513,11.105,669
"Derek Law","CIN","2023",0,1,0,0,0,0,0,0,0,0,0,0,0,0,0,0,0,0,0,0,0,0,0,0,0,0,0,"1",0,0,1,0,0,0,0,0,0,0,0,0,0,0,0,0,0,0,0,0,0,0,0,0,0,0,0,0,1,"RP",32.9,1,1000000,1000000,1,671
"Derek Law","WSN","2024",0,1,0,0,0,0,0,0,0,0,0,0,0,0,0,0,0,0,0,0,0,0,0,0,0,0,0,"1",0,0,1,0,0,0,0,0,0,0,0,0,0,0,0,0,0,0,0,0,0,0,0,0,0,0,0,0,1,"RP",33.9,1,1542571.2342037,1542571.2342037,2,672
"Dexter Fowler","CHC","2016",4,125,551,456,84,126,25,7,13,48,13,4,79,124,0.276,0.393,0.447,0.84,123,0.374,127,204,3,11,1,4,0,"8/HD",1,4,125,551,456,84,126,25,7,13,48,13,4,79,124,0.276,0.393,0.447,0.84,123,0.374,127,204,3,11,1,4,0,0,"RF",30.4,1,13000000,13000000,6.168,674
"Dexter Fowler","STL","2017",1.7,118,491,420,68,111,22,9,18,64,7,3,63,101,0.264,0.363,0.488,0.851,122,0.373,128,205,10,4,0,4,6,"8/HD",0,1.7,118,491,420,68,111,22,9,18,64,7,3,63,101,0.264,0.363,0.488,0.851,122,0.373,128,205,10,4,0,4,6,1,"RF",31.4,5,82500000,16500000,7.168,675
"Dexter Fowler","STL","2018",-1.4,90,334,289,40,52,10,0,8,31,5,2,38,75,0.18,0.278,0.298,0.576,59,0.271,59,86,2,3,0,4,0,"9H",0,-1.4,90,334,289,40,52,10,0,8,31,5,2,38,75,0.18,0.278,0.298,0.576,59,0.271,59,86,2,3,0,4,0,1,"RF",32.4,5,82500000,16500000,8.168,675
"Dexter Fowler","STL","2019",1.5,150,574,487,69,116,24,1,19,67,8,5,74,142,0.238,0.346,0.409,0.754,100,0.333,104,199,6,8,1,4,1,"98H",0,1.5,150,574,487,69,116,24,1,19,67,8,5,74,142,0.238,0.346,0.409,0.754,100,0.333,104,199,6,8,1,4,1,1,"RF",33.4,5,82500000,16500000,9.168,675
"Dexter Fowler","STL","2020",0,31,101,90,14,21,2,0,4,15,1,1,10,28,0.233,0.317,0.389,0.706,95,0.309,94,35,2,1,0,0,0,"9/DH",0,0,31,101,90,14,21,2,0,4,15,1,1,10,28,0.233,0.317,0.389,0.706,95,0.309,94,35,2,1,0,0,0,1,"RF",34.4,5,82500000,16500000,10.168,675
"Dexter Fowler","LAA","2021",-0.2,7,21,20,3,5,0,0,0,1,1,0,1,6,0.25,0.286,0.25,0.536,49,0.252,41,5,0,0,0,0,0,"/9",0,-0.2,7,21,20,3,5,0,0,0,1,1,0,1,6,0.25,0.286,0.25,0.536,49,0.252,41,5,0,0,0,0,0,1,"RF",35.4,5,82500000,16500000,11.168,675
"Didi Gregorius","PHI","2020",1.1,60,237,215,34,61,10,2,10,40,3,2,15,28,0.284,0.339,0.488,0.827,120,0.345,112,105,4,4,1,2,3,"6/H",0,1.1,60,237,215,34,61,10,2,10,40,3,2,15,28,0.284,0.339,0.488,0.827,120,0.345,112,105,4,4,1,2,3,1,"SS",30.5,1,14000000,14000000,6.159,676
"Didi Gregorius","PHI","2021",-1,103,408,368,35,77,16,2,13,54,3,0,25,67,0.209,0.27,0.37,0.639,71,0.279,64,136,8,8,0,7,1,"6/H",0,-1,103,408,368,35,77,16,2,13,54,3,0,25,67,0.209,0.27,0.37,0.639,71,0.279,64,136,8,8,0,7,1,0,"SS",31.5,2,28000000,14000000,7.159,677
"Didi Gregorius","PHI","2022",-0.4,63,232,214,17,45,9,4,1,19,1,0,13,36,0.21,0.263,0.304,0.567,61,0.26,59,65,0,3,0,2,0,"6/H",0,-0.4,63,232,214,17,45,9,4,1,19,1,0,13,36,0.21,0.263,0.304,0.567,61,0.26,59,65,0,3,0,2,0,0,"SS",32.5,2,28000000,14000000,8.159,677
"Dioner Navarro","CIN","2012",0.3,24,73,69,6,20,3,1,2,12,0,0,2,12,0.29,0.306,0.449,0.755,99,0.321,89,31,1,0,1,1,1,"2/H",0,0.3,24,73,69,6,20,3,1,2,12,0,0,2,12,0.29,0.306,0.449,0.755,99,0.321,89,31,1,0,1,1,1,1,"C",28.5,1,800000,800000,0,679
"Dioner Navarro","CHC","2013",1.9,89,266,240,31,72,7,0,13,34,0,1,23,36,0.3,0.365,0.492,0.856,134,0.377,138,118,4,2,0,1,1,"2H/D",0,1.9,89,266,240,31,72,7,0,13,34,0,1,23,36,0.3,0.365,0.492,0.856,134,0.377,138,118,4,2,0,1,1,1,"C",29.5,1,1750000,1750000,1,680
"Dioner Navarro","TOR","2014",2.5,139,520,481,40,132,22,0,12,69,3,0,32,76,0.274,0.317,0.395,0.712,101,0.322,100,190,12,1,0,6,1,"2DH",0,2.5,139,520,481,40,132,22,0,12,69,3,0,32,76,0.274,0.317,0.395,0.712,101,0.322,100,190,12,1,0,6,1,1,"C",30.5,2,8000000,4000000,2,681
"Dioner Navarro","TOR","2015",0.7,54,192,171,17,42,7,0,5,20,0,0,17,29,0.246,0.307,0.374,0.682,85,0.3,79,64,0,0,0,4,1,"2D/H",0,0.7,54,192,171,17,42,7,0,5,20,0,0,17,29,0.246,0.307,0.374,0.682,85,0.3,79,64,0,0,0,4,1,1,"C",31.5,2,8000000,4000000,3,681
"Dioner Navarro","TOR","2015",0.7,54,192,171,17,42,7,0,5,20,0,0,17,29,0.246,0.307,0.374,0.682,85,0.3,79,64,0,0,0,4,1,"2D/H",0,0.7,54,192,171,17,42,7,0,5,20,0,0,17,29,0.246,0.307,0.374,0.682,85,0.3,79,64,0,0,0,4,1,0,"C",31.5,2,10833108.356347,5416554.17817352,4,682
"Dioner Navarro","2TM","2016",-1,101,334,304,26,63,13,2,6,35,1,2,23,71,0.207,0.265,0.322,0.587,61,0.263,58,98,5,2,2,3,0,"2H/D",0,-1,101,334,304,26,63,13,2,6,35,1,2,23,71,0.207,0.265,0.322,0.587,61,0.263,58,98,5,2,2,3,0,0,"C",32.5,2,10833108.356347,5416554.17817352,5,682
"Dioner Navarro","2TM","2016",-1,101,334,304,26,63,13,2,6,35,1,2,23,71,0.207,0.265,0.322,0.587,61,0.263,58,98,5,2,2,3,0,"2H/D",0,-1,101,334,304,26,63,13,2,6,35,1,2,23,71,0.207,0.265,0.322,0.587,61,0.263,58,98,5,2,2,3,0,1,"C",32.5,1,4000000,4000000,6,683
"Dj Lemahieu","NYY","2019",5.6,145,655,602,109,197,33,2,26,102,5,2,46,90,0.327,0.375,0.518,0.893,136,0.382,139,312,14,2,1,4,0,"453/HD",2,5.6,145,655,602,109,197,33,2,26,102,5,2,46,90,0.327,0.375,0.518,0.893,136,0.382,139,312,14,2,1,4,0,1,"2B/DH",31.1,2,24000000,12000000,6.128,684
"Dj Lemahieu","NYY","2020",3,50,216,195,41,71,10,2,10,27,3,0,18,21,0.364,0.421,0.59,1.011,178,0.441,182,115,3,2,0,1,0,"435/HD",2,3,50,216,195,41,71,10,2,10,27,3,0,18,21,0.364,0.421,0.59,1.011,178,0.441,182,115,3,2,0,1,0,1,"2B/DH",32.1,2,24000000,12000000,7.128,684
"Dj Lemahieu","NYY","2021",1.6,150,679,597,84,160,24,1,10,57,4,2,73,94,0.268,0.349,0.362,0.711,97,0.317,98,216,16,4,0,5,2,"435/HD",0,1.6,150,679,597,84,160,24,1,10,57,4,2,73,94,0.268,0.349,0.362,0.711,97,0.317,98,216,16,4,0,5,2,0,"2B/DH",33.1,6,90000000,15000000,8.128,685
"Dj Lemahieu","NYY","2022",3.6,125,541,467,74,122,18,0,12,46,4,3,67,71,0.261,0.357,0.377,0.734,110,0.339,118,176,12,4,1,2,0,"543/HD",1,3.6,125,541,467,74,122,18,0,12,46,4,3,67,71,0.261,0.357,0.377,0.734,110,0.339,118,176,12,4,1,2,0,0,"2B/DH",34.1,6,90000000,15000000,9.128,685
"Dj Lemahieu","NYY","2023",1.3,136,562,497,55,121,22,3,15,44,2,2,60,125,0.243,0.327,0.39,0.718,96,0.315,96,194,14,3,0,2,2,"53/4HD",0,1.3,136,562,497,55,121,22,3,15,44,2,2,60,125,0.243,0.327,0.39,0.718,96,0.315,96,194,14,3,0,2,2,0,"2B/DH",35.1,6,90000000,15000000,10.128,685
"Dj Lemahieu","NYY","2024",-1.5,67,228,201,19,41,5,0,2,26,0,1,19,35,0.204,0.269,0.259,0.527,52,0.244,52,52,13,1,1,6,0,"35/H",0,-1.5,67,228,201,19,41,5,0,2,26,0,1,19,35,0.204,0.269,0.259,0.527,52,0.244,52,52,13,1,1,6,0,0,"2B/DH",36.1,6,90000000,15000000,11.128,685
"Dj Lemahieu","NYY","2025",0.6,45,142,128,13,34,3,0,2,12,0,0,14,35,0.266,0.338,0.336,0.674,90,0.307,95,43,4,0,0,0,0,"4/H",0,0.6,45,142,128,13,34,3,0,2,12,0,0,14,35,0.266,0.338,0.336,0.674,90,0.307,95,43,4,0,0,0,0,0,"2B/DH",37.1,6,90000000,15000000,12.128,685
"Dj Stewart","NYM","2023",0.4,58,185,160,21,39,9,0,11,26,1,1,15,56,0.244,0.333,0.506,0.84,129,0.356,127,81,3,7,1,1,0,"9/HD7",0,0.4,58,185,160,21,39,9,0,11,26,1,1,15,56,0.244,0.333,0.506,0.84,129,0.356,127,81,3,7,1,1,0,1,"LF",29.7,1,765889.986737186,765889.986737186,0,686
"Domingo German","NYY","2018",0,2,2,1,0,0,0,0,0,0,0,0,1,1,0,0.5,0,0.5,57,0.347,117,0,0,0,0,0,0,"1",0,0,2,2,1,0,0,0,0,0,0,0,0,1,1,0,0.5,0,0.5,57,0.347,117,0,0,0,0,0,0,1,"SP",25,1,698221.948246074,698221.948246074,0,688
"Domingo German","NYY","2019",-0.1,3,8,8,0,0,0,0,0,0,0,0,0,7,0,0,0,0,-100,0,-129,0,1,0,0,0,0,"1",0,-0.1,3,8,8,0,0,0,0,0,0,0,0,0,7,0,0,0,0,-100,0,-129,0,1,0,0,0,0,0,"SP",26,1,719729.760534324,719729.760534324,1,689
"Domingo German","NYY","2021",0,2,3,2,0,0,0,0,0,0,0,0,0,2,0,0,0,0,-100,0,-238,0,0,0,1,0,0,"1",0,0,2,3,2,0,0,0,0,0,0,0,0,0,2,0,0,0,0,-100,0,-238,0,0,0,1,0,0,0,"SP",28,1,733172.380299724,733172.380299724,2,690
"Dominic Leone","SFG","2021",0,51,0,0,0,0,0,0,0,0,0,0,0,0,0,0,0,0,0,0,0,0,0,0,0,0,0,"1",0,0,51,0,0,0,0,0,0,0,0,0,0,0,0,0,0,0,0,0,0,0,0,0,0,0,0,0,1,"RP",29.8,1,2250000,2250000,0,694
"Dominic Smith","WSN","2023",0.9,153,586,527,57,134,21,1,12,46,1,1,47,91,0.254,0.326,0.366,0.692,93,0.31,95,193,12,10,0,2,1,"3/HD",0,0.9,153,586,527,57,134,21,1,12,46,1,1,47,91,0.254,0.326,0.366,0.692,93,0.31,95,193,12,10,0,2,1,1,"1B/LF",28.2,1,2000000,2000000,0,697
"Dominic Smith","2TM","2024",0,93,307,275,33,64,22,0,6,34,1,1,28,76,0.233,0.313,0.378,0.691,94,0.308,95,104,7,4,0,0,0,"3H/D1",0,0,93,307,275,33,64,22,0,6,34,1,1,28,76,0.233,0.313,0.378,0.691,94,0.308,95,104,7,4,0,0,0,1,"1B/LF",29.2,1,740000,740000,1,698
"Dominic Smith","SFG","2025",0.4,63,225,204,26,58,12,0,5,33,2,0,15,42,0.284,0.333,0.417,0.75,114,0.329,112,85,5,2,0,4,0,"3/HD9",0,0.4,63,225,204,26,58,12,0,5,33,2,0,15,42,0.284,0.333,0.417,0.75,114,0.329,112,85,5,2,0,4,0,1,"1B/LF",30.2,1,943548,943548,2,699
"Don Kelly","DET","2013",-0.8,112,251,216,33,48,6,1,6,23,2,0,27,28,0.222,0.309,0.343,0.652,78,0.3,76,74,4,2,2,4,1,"7H859/D34",0,-0.8,112,251,216,33,48,6,1,6,23,2,0,27,28,0.222,0.309,0.343,0.652,78,0.3,76,74,4,2,2,4,1,0,NA,33.5,1,900000,900000,0,700
"Don Kelly","MIA","2015",0,2,1,1,0,0,0,0,0,0,0,0,0,0,0,0,0,0,-100,0,-136,0,0,0,0,0,0,"/35H",0,0,2,1,1,0,0,0,0,0,0,0,0,0,0,0,0,0,0,-100,0,-136,0,0,0,0,0,0,1,NA,35.5,1,1250000,1250000,1,701
"Donovan Solano","CIN","2022",0.9,80,304,278,22,79,16,0,4,24,0,0,19,61,0.284,0.339,0.385,0.724,99,0.324,99,107,5,5,0,2,1,"3D5/H4",0,0.9,80,304,278,22,79,16,0,4,24,0,0,19,61,0.284,0.339,0.385,0.724,99,0.324,99,107,5,5,0,2,1,1,"2B/SS",34.7,1,4500000,4500000,0,702
"Donovan Solano","MIN","2023",1.6,134,450,394,43,111,26,1,5,38,0,0,40,100,0.282,0.369,0.391,0.76,110,0.341,113,154,8,15,0,1,1,"3H45D",0,1.6,134,450,394,43,111,26,1,5,38,0,0,40,100,0.282,0.369,0.391,0.76,110,0.341,113,154,8,15,0,1,1,1,"2B/SS",35.7,1,2000000,2000000,1,703
"Donovan Solano","SDP","2024",1,96,309,283,31,81,13,0,8,35,2,1,22,65,0.286,0.343,0.417,0.76,112,0.339,116,118,6,3,0,1,0,"5DH3/4",0,1,96,309,283,31,81,13,0,8,35,2,1,22,65,0.286,0.343,0.417,0.76,112,0.339,116,118,6,3,0,1,0,1,"2B",36.7,1,1028380.82280247,1028380.82280247,2,704
"Donovan Solano","2TM","2025",-0.1,71,179,166,10,41,4,1,3,21,0,0,8,40,0.247,0.291,0.337,0.628,81,0.28,83,56,9,3,0,2,0,"3H/45",0,-0.1,71,179,166,10,41,4,1,3,21,0,0,8,40,0.247,0.291,0.337,0.628,81,0.28,83,56,9,3,0,2,0,1,"2B/SS",37.7,1,3500000,3500000,3,705
"Doug Fister","HOU","2016",0,3,7,5,0,1,0,0,0,2,0,0,0,1,0.2,0.2,0.2,0.4,12,0.178,-41,1,0,0,2,0,0,"1",0,0,3,7,5,0,1,0,0,0,2,0,0,0,1,0.2,0.2,0.2,0.4,12,0.178,-41,1,0,0,2,0,0,1,"SP/SP2",32.5,1,7000000,7000000,6.058,706
"Doug Fister","BOS","2017",0,1,2,2,0,0,0,0,0,0,0,0,0,0,0,0,0,0,-100,0,-142,0,0,0,0,0,0,"1",0,0,1,2,2,0,0,0,0,0,0,0,0,0,0,0,0,0,0,-100,0,-142,0,0,0,0,0,0,1,"SP/SP2",33.5,1,1750000,1750000,7.058,707
"Drew Butera","KCR","2017",-0.6,75,177,163,18,37,4,1,3,14,0,0,12,41,0.227,0.284,0.319,0.603,61,0.272,57,52,0,1,1,0,0,"2/3H",0,-0.6,75,177,163,18,37,4,1,3,14,0,0,12,41,0.227,0.284,0.319,0.603,61,0.272,57,52,0,1,1,0,0,0,"C",34,2,3800000,1900000,6.018,709
"Drew Butera","2TM","2018",-0.7,61,182,163,13,31,9,0,3,21,0,0,15,39,0.19,0.264,0.301,0.564,54,0.267,57,49,4,2,0,2,0,"2/31DH",0,-0.7,61,182,163,13,31,9,0,3,21,0,0,15,39,0.19,0.264,0.301,0.564,54,0.267,57,49,4,2,0,2,0,0,"C",35,2,3800000,1900000,7.018,709
"Drew Butera","COL","2019",-0.4,16,49,43,6,7,3,0,0,3,0,0,4,14,0.163,0.229,0.233,0.462,14,0.208,-7,10,2,0,1,1,0,"2/3H",0,-0.4,16,49,43,6,7,3,0,0,3,0,0,4,14,0.163,0.229,0.233,0.462,14,0.208,-7,10,2,0,1,1,0,1,"C",36,1,691688.341292727,691688.341292727,8.018,710
"Drew Butera","COL","2020",-0.2,28,43,39,4,6,2,0,0,4,0,0,2,11,0.154,0.19,0.205,0.396,2,0.197,-7,8,3,0,1,1,0,"2/31",0,-0.2,28,43,39,4,6,2,0,0,4,0,0,2,11,0.154,0.19,0.205,0.396,2,0.197,-7,8,3,0,1,1,0,0,"C",37,1,1225418.66989424,1225418.66989424,8.067,711
"Drew Pomeranz","2TM","2019",-0.3,44,20,19,0,0,0,0,0,0,0,0,0,13,0,0,0,0,-100,0,-149,0,1,0,1,0,0,"1",0,-0.3,44,20,19,0,0,0,0,0,0,0,0,0,13,0,0,0,0,-100,0,-149,0,1,0,1,0,0,1,"RP",30.8,1,1500000,1500000,0,712
"Drew Pomeranz","SDP","2021",0,25,0,0,0,0,0,0,0,0,0,0,0,0,0,0,0,0,0,0,0,0,0,0,0,0,0,"1",0,0,25,0,0,0,0,0,0,0,0,0,0,0,0,0,0,0,0,0,0,0,0,0,0,0,0,0,1,"RP",32.8,4,34000000,8500000,2,713
"Drew Smyly","2TM","2019",-0.2,11,20,19,1,0,0,0,0,0,0,0,1,9,0,0.05,0,0.05,-85,0.035,-116,0,0,0,0,0,0,"1",0,-0.2,11,20,19,1,0,0,0,0,0,0,0,1,9,0,0.05,0,0.05,-85,0.035,-116,0,0,0,0,0,0,1,"SP",30.2,2,10000000,5000000,1,715
"Drew Smyly","2TM","2019",-0.2,11,20,19,1,0,0,0,0,0,0,0,1,9,0,0.05,0,0.05,-85,0.035,-116,0,0,0,0,0,0,"1",0,-0.2,11,20,19,1,0,0,0,0,0,0,0,1,9,0,0.05,0,0.05,-85,0.035,-116,0,0,0,0,0,0,1,"SP",30.2,1,8723997.09738575,8723997.09738575,2,716
"Drew Smyly","ATL","2021",-0.4,29,43,41,0,3,0,0,0,0,0,0,0,19,0.073,0.073,0.073,0.146,-61,0.059,-105,3,0,0,2,0,0,"1/H",0,-0.4,29,43,41,0,3,0,0,0,0,0,0,0,19,0.073,0.073,0.073,0.146,-61,0.059,-105,3,0,0,2,0,0,1,"SP",32.2,1,11000000,11000000,4,718
"Drew Smyly","CHC","2023",0,1,0,0,0,0,0,0,0,0,0,0,0,0,0,0,0,0,0,0,0,0,0,0,0,0,0,"1",0,0,1,0,0,0,0,0,0,0,0,0,0,0,0,0,0,0,0,0,0,0,0,0,0,0,0,0,0,"SP",34.2,2,19000000,9500000,6,720
"Dustin Garneau","HOU","2020",-0.4,17,46,38,4,6,0,1,1,4,0,0,6,15,0.158,0.273,0.289,0.562,54,0.255,48,11,1,0,2,0,0,"2/H",0,-0.4,17,46,38,4,6,0,1,1,4,0,0,6,15,0.158,0.273,0.289,0.562,54,0.255,48,11,1,0,2,0,0,1,"C",33,1,650000,650000,1.058,721
"Dustin Garneau","DET","2021",0.5,20,68,62,9,13,5,0,6,11,0,0,3,18,0.21,0.25,0.581,0.831,122,0.333,112,36,2,1,0,2,0,"2",0,0.5,20,68,62,9,13,5,0,6,11,0,0,3,18,0.21,0.25,0.581,0.831,122,0.333,112,36,2,1,0,2,0,1,"C",34,1,674990.669239509,674990.669239509,2.14,722
"Dustin Mcgowan","PHI","2015",0,13,3,3,0,0,0,0,0,0,0,0,0,3,0,0,0,0,-100,0,-136,0,0,0,0,0,0,"1",0,0,13,3,3,0,0,0,0,0,0,0,0,0,3,0,0,0,0,-100,0,-136,0,0,0,0,0,0,1,"RP",33.4,1,507500,507500,8.113,723
"Dustin Mcgowan","MIA","2016",-0.1,50,4,4,0,0,0,0,0,0,0,0,0,3,0,0,0,0,-100,0,-133,0,0,0,0,0,0,"1",0,-0.1,50,4,4,0,0,0,0,0,0,0,0,0,3,0,0,0,0,-100,0,-133,0,0,0,0,0,0,1,"RP",34.4,1,1324851.98019402,1324851.98019402,8.17,724
"Dustin Mcgowan","MIA","2017",-0.1,61,7,6,0,0,0,0,0,0,0,0,0,6,0,0,0,0,-100,0,-169,0,0,0,1,0,0,"1",0,-0.1,61,7,6,0,0,0,0,0,0,0,0,0,6,0,0,0,0,-100,0,-169,0,0,0,1,0,0,0,"RP",35.4,1,1750000,1750000,9.161,725
"Eddie Rosario","2TM","2021",1.1,111,412,379,42,98,19,3,14,62,11,3,26,61,0.259,0.305,0.435,0.74,99,0.322,96,165,4,1,2,4,0,"7/HD9",0,1.1,111,412,379,42,98,19,3,14,62,11,3,26,61,0.259,0.305,0.435,0.74,99,0.322,96,165,4,1,2,4,0,1,"LF",29.8,1,8000000,8000000,0,728
"Eddie Rosario","ATL","2022",-1.9,80,270,250,27,53,12,1,5,24,3,0,17,68,0.212,0.259,0.328,0.587,62,0.263,56,82,3,0,0,3,0,"79H/D",0,-1.9,80,270,250,27,53,12,1,5,24,3,0,17,68,0.212,0.259,0.328,0.587,62,0.263,56,82,3,0,0,3,0,0,"LF",30.8,2,18000000,9000000,1,729
"Eddie Rosario","ATL","2023",1.2,142,516,478,64,122,24,3,21,74,3,4,34,122,0.255,0.305,0.45,0.755,101,0.324,100,215,13,1,1,2,1,"7DH",0,1.2,142,516,478,64,122,24,3,21,74,3,4,34,122,0.255,0.305,0.45,0.755,101,0.324,100,215,13,1,1,2,1,0,"LF",31.8,2,18000000,9000000,2,729
"Eddie Rosario","2TM","2024",-1.6,91,319,297,33,52,12,0,10,35,9,1,16,77,0.175,0.215,0.316,0.531,48,0.241,43,94,4,0,2,4,0,"79D8/H",0,-1.6,91,319,297,33,52,12,0,10,35,9,1,16,77,0.175,0.215,0.316,0.531,48,0.241,43,94,4,0,2,4,0,1,"LF",32.8,1,1408881.72723938,1408881.72723938,3,730
"Eddie Rosario","2TM","2025",0,5,8,8,1,1,0,0,0,0,0,0,0,2,0.125,0.125,0.125,0.25,-29,0.113,-43,1,0,0,0,0,0,"/DH9",0,0,5,8,8,1,1,0,0,0,0,0,0,0,2,0.125,0.125,0.125,0.25,-29,0.113,-43,1,0,0,0,0,0,1,"LF",33.8,1,760000,760000,4,731
"Edinson Volquez","PIT","2014",-0.4,30,64,53,3,2,0,0,0,2,0,0,3,27,0.038,0.089,0.038,0.127,-62,0.069,-116,2,0,0,8,0,0,"1",0,-0.4,30,64,53,3,2,0,0,0,2,0,0,3,27,0.038,0.089,0.038,0.127,-62,0.069,-116,2,0,0,8,0,0,1,"RP",31.1,1,5000000,5000000,0,732
"Edinson Volquez","KCR","2015",-0.1,3,6,6,0,0,0,0,0,0,0,0,0,4,0,0,0,0,-100,0,-145,0,0,0,0,0,0,"1",0,-0.1,3,6,6,0,0,0,0,0,0,0,0,0,4,0,0,0,0,-100,0,-145,0,0,0,0,0,0,1,"RP",32.1,2,20000000,10000000,1,733
"Edinson Volquez","KCR","2016",-0.1,2,5,5,0,0,0,0,0,0,0,0,0,3,0,0,0,0,-100,0,-140,0,0,0,0,0,0,"1",0,-0.1,2,5,5,0,0,0,0,0,0,0,0,0,3,0,0,0,0,-100,0,-140,0,0,0,0,0,0,1,"RP",33.1,2,20000000,10000000,2,733
"Edinson Volquez","MIA","2017",0.2,15,30,26,0,5,0,0,0,1,0,0,1,11,0.192,0.214,0.192,0.407,13,0.217,20,5,0,0,2,1,0,"1",0,0.2,15,30,26,0,5,0,0,0,1,0,0,1,11,0.192,0.214,0.192,0.407,13,0.217,20,5,0,0,2,1,0,1,"RP",34.1,2,22000000,11000000,3,734
"Eduardo Nunez","BOS","2018",-0.8,127,502,480,56,127,23,3,10,44,7,2,16,69,0.265,0.289,0.388,0.677,81,0.303,80,186,17,2,1,3,0,"45D/H",0,-0.8,127,502,480,56,127,23,3,10,44,7,2,16,69,0.265,0.289,0.388,0.677,81,0.303,80,186,17,2,1,3,0,0,"3B/SS",31.2,2,8000000,4000000,0,737
"Eduardo Nunez","BOS","2019",-1.5,60,174,167,13,38,7,0,2,20,5,1,4,27,0.228,0.243,0.305,0.548,41,0.252,37,51,6,0,1,2,0,"4HD/561",0,-1.5,60,174,167,13,38,7,0,2,20,5,1,4,27,0.228,0.243,0.305,0.548,41,0.252,37,51,6,0,1,2,0,0,"3B/SS",32.2,2,8000000,4000000,1,737
"Eduardo Nunez","NYM","2020",0,2,2,2,0,1,0,0,0,0,1,0,0,0,0.5,0.5,0.5,1,178,0.521,156,1,0,0,0,0,0,"/9DH",0,0,2,2,2,0,1,0,0,0,0,1,0,0,0,0.5,0.5,0.5,1,178,0.521,156,1,0,0,0,0,0,1,"3B",33.2,1,1531773.33736781,1531773.33736781,2,738
"Edward Mujica","BOS","2014",0,4,0,0,0,0,0,0,0,0,0,0,0,0,0,0,0,0,0,0,0,0,0,0,0,0,0,"1",0,0,4,0,0,0,0,0,0,0,0,0,0,0,0,0,0,0,0,0,0,0,0,0,0,0,0,0,1,"RP",30.2,2,9500000,4750000,0,741
"Edward Mujica","2TM","2015",0,4,0,0,0,0,0,0,0,0,0,0,0,0,0,0,0,0,0,0,0,0,0,0,0,0,0,"1",0,0,4,0,0,0,0,0,0,0,0,0,0,0,0,0,0,0,0,0,0,0,0,0,0,0,0,0,1,"RP",31.2,2,9500000,4750000,1,741
"Edwin Encarnacion","CLE","2017",2.8,157,669,554,96,143,20,1,38,107,2,0,104,133,0.258,0.377,0.504,0.881,128,0.382,132,279,18,5,0,5,5,"D3/H",2,2.8,157,669,554,96,143,20,1,38,107,2,0,104,133,0.258,0.377,0.504,0.881,128,0.382,132,279,18,5,0,5,5,1,"DH/1B",34.6,3,60000000,20000000,11.085,743
"Edwin Encarnacion","CLE","2018",1.9,137,579,500,74,123,16,1,32,107,3,0,63,132,0.246,0.336,0.474,0.81,116,0.355,118,237,14,8,0,7,2,"D3",0,1.9,137,579,500,74,123,16,1,32,107,3,0,63,132,0.246,0.336,0.474,0.81,116,0.355,118,237,14,8,0,7,2,1,"DH/1B",35.6,3,60000000,20000000,12.085,743
"Edwin Encarnacion","2TM","2019",2.9,109,486,418,81,102,18,0,34,86,0,1,58,103,0.244,0.344,0.531,0.875,131,0.37,134,222,4,7,0,3,1,"3D/4H",0,2.9,109,486,418,81,102,18,0,34,86,0,1,58,103,0.244,0.344,0.531,0.875,131,0.37,134,222,4,7,0,3,1,1,"DH/1B",36.6,3,60000000,20000000,13.085,743
"Edwin Encarnacion","CHW","2020",-0.4,44,181,159,19,25,5,0,10,19,0,0,16,54,0.157,0.25,0.377,0.627,70,0.291,77,60,3,4,0,1,0,"D/H",0,-0.4,44,181,159,19,25,5,0,10,19,0,0,16,54,0.157,0.25,0.377,0.627,70,0.291,77,60,3,4,0,1,0,1,"DH/1B",37.6,1,12000000,12000000,14.085,744
"Edwin Jackson","WSN","2012",0.4,32,65,57,6,13,0,0,0,0,0,0,3,21,0.228,0.267,0.228,0.495,36,0.237,24,13,0,0,5,0,0,"1/H",0,0.4,32,65,57,6,13,0,0,0,0,0,0,3,21,0.228,0.267,0.228,0.495,36,0.237,24,13,0,0,5,0,0,1,"SP/SP5",28.9,1,11000000,11000000,6.07,745
"Edwin Jackson","CHC","2013",-0.1,30,59,52,4,4,1,0,1,4,0,0,2,17,0.077,0.111,0.154,0.265,-28,0.139,-56,8,0,0,5,0,0,"1",0,-0.1,30,59,52,4,4,1,0,1,4,0,0,2,17,0.077,0.111,0.154,0.265,-28,0.139,-56,8,0,0,5,0,0,1,"SP/SP5",29.9,4,52000000,13000000,7.07,746
"Edwin Jackson","CHC","2014",0.2,28,44,40,2,7,2,0,0,0,0,0,0,21,0.175,0.175,0.225,0.4,11,0.2,-3,9,0,0,4,0,0,"1/H",0,0.2,28,44,40,2,7,2,0,0,0,0,0,0,21,0.175,0.175,0.225,0.4,11,0.2,-3,9,0,0,4,0,0,1,"SP/SP5",30.9,4,52000000,13000000,8.07,746
"Edwin Jackson","2TM","2015",0,45,1,1,0,0,0,0,0,0,0,0,0,0,0,0,0,0,-100,0,-136,0,0,0,0,0,0,"1",0,0,45,1,1,0,0,0,0,0,0,0,0,0,0,0,0,0,0,-100,0,-136,0,0,0,0,0,0,1,"SP/SP5",31.9,4,52000000,13000000,9.07,746
"Edwin Jackson","2TM","2015",0,45,1,1,0,0,0,0,0,0,0,0,0,0,0,0,0,0,-100,0,-136,0,0,0,0,0,0,"1",0,0,45,1,1,0,0,0,0,0,0,0,0,0,0,0,0,0,0,-100,0,-136,0,0,0,0,0,0,1,"SP/SP5",31.9,1,687225.311355765,687225.311355765,9.07,747
"Edwin Jackson","2TM","2016",0.3,23,27,23,2,5,1,0,0,2,1,0,3,11,0.217,0.308,0.261,0.569,58,0.346,107,6,0,0,1,0,0,"1/H",0,0.3,23,27,23,2,5,1,0,0,2,1,0,3,11,0.217,0.308,0.261,0.569,58,0.346,107,6,0,0,1,0,0,1,"SP/SP5",32.9,4,52000000,13000000,10.07,746
"Edwin Jackson","2TM","2016",0.3,23,27,23,2,5,1,0,0,2,1,0,3,11,0.217,0.308,0.261,0.569,58,0.346,107,6,0,0,1,0,0,"1/H",0,0.3,23,27,23,2,5,1,0,0,2,1,0,3,11,0.217,0.308,0.261,0.569,58,0.346,107,6,0,0,1,0,0,1,"SP/SP5",32.9,1,507500,507500,10.064,748
"Edwin Jackson","WSN","2017",-0.3,17,21,21,3,2,0,0,0,0,0,0,0,15,0.095,0.095,0.095,0.19,-50,0.085,-84,2,0,0,0,0,0,"1/H",0,-0.3,17,21,21,3,2,0,0,0,0,0,0,0,15,0.095,0.095,0.095,0.19,-50,0.085,-84,2,0,0,0,0,0,1,"SP/SP5",33.9,1,1725000,1725000,11.031,749
"Edwin Jackson","OAK","2018",0,1,2,2,0,0,0,0,0,0,0,0,0,0,0,0,0,0,-100,0,-135,0,0,0,0,0,0,"1",0,0,1,2,2,0,0,0,0,0,0,0,0,0,0,0,0,0,0,-100,0,-135,0,0,0,0,0,0,1,"SP/SP5",34.9,1,1500000,1500000,11.114,750
"Edwin Jackson","TOR","2019",0,2,3,3,0,0,0,0,0,0,0,0,0,2,0,0,0,0,-100,0,-126,0,0,0,0,0,0,"/1",0,0,2,3,3,0,0,0,0,0,0,0,0,0,2,0,0,0,0,-100,0,-126,0,0,0,0,0,0,1,"SP/SP5",35.9,1,691688.341292727,691688.341292727,12.04,751
"Ehire Adrianza","ATL","2021",0.5,109,209,182,32,45,9,2,5,28,0,0,21,42,0.247,0.327,0.401,0.728,92,0.326,94,73,4,2,1,3,0,"H59/4768D",0,0.5,109,209,182,32,45,9,2,5,28,0,0,21,42,0.247,0.327,0.401,0.728,92,0.326,94,73,4,2,1,3,0,1,"SS",32,1,1500000,1500000,0,752
"Ehire Adrianza","2TM","2022",-0.5,37,110,97,8,17,3,0,0,7,1,0,11,25,0.175,0.264,0.206,0.47,38,0.224,36,20,2,1,0,1,0,"5/74H61D",0,-0.5,37,110,97,8,17,3,0,0,7,1,0,11,25,0.175,0.264,0.206,0.47,38,0.224,36,20,2,1,0,1,0,1,"SS",33,1,1500000,1500000,1,753
"Ehire Adrianza","ATL","2023",-0.3,5,11,10,0,0,0,0,0,0,0,0,1,4,0,0.091,0,0.091,-72,0.064,-88,0,0,0,0,0,0,"/6H",0,-0.3,5,11,10,0,0,0,0,0,0,0,0,1,4,0,0.091,0,0.091,-72,0.064,-88,0,0,0,0,0,0,1,"SS",34,1,1000000,1000000,2,754
"Ehire Adrianza","LAA","2024",0.1,8,28,26,4,5,1,0,1,2,0,0,2,11,0.192,0.25,0.346,0.596,67,0.255,57,9,1,0,0,0,0,"/54H",0,0.1,8,28,26,4,5,1,0,1,2,0,0,2,11,0.192,0.25,0.346,0.596,67,0.255,57,9,1,0,0,0,0,1,"SS",35,1,1028380.82280247,1028380.82280247,3,755
"Elias Diaz","COL","2020",0,26,73,68,4,16,2,0,2,9,0,0,5,15,0.235,0.288,0.353,0.641,63,0.295,64,24,4,0,0,0,0,"2/HD",0,0,26,73,68,4,16,2,0,2,9,0,0,5,15,0.235,0.288,0.353,0.641,63,0.295,64,24,4,0,0,0,0,1,"C",29.8,1,704615.735189191,704615.735189191,0,756
"Elias Diaz","2TM","2024",1.2,96,351,325,27,86,20,0,6,39,0,0,20,69,0.265,0.313,0.382,0.695,86,0.309,84,124,15,4,0,2,2,"2D/H",0,1.2,96,351,325,27,86,20,0,6,39,0,0,20,69,0.265,0.313,0.382,0.695,86,0.309,84,124,15,4,0,2,2,1,"C",33.8,1,1028380.82280247,1028380.82280247,1,757
"Elias Diaz","SDP","2025",-0.2,106,283,255,34,52,7,0,9,29,0,0,21,74,0.204,0.27,0.337,0.607,67,0.271,63,86,11,2,5,0,0,"2H",0,-0.2,106,283,255,34,52,7,0,9,29,0,0,21,74,0.204,0.27,0.337,0.607,67,0.271,63,86,11,2,5,0,0,0,"C",34.8,1,3500000,3500000,2,758
"Elliot Johnson","CLE","2014",-0.4,7,20,19,1,2,2,0,0,0,0,0,0,7,0.105,0.105,0.211,0.316,-14,0.134,-49,4,0,0,1,0,0,"/94H5",0,-0.4,7,20,19,1,2,2,0,0,0,0,0,0,7,0.105,0.105,0.211,0.316,-14,0.134,-49,4,0,0,1,0,0,1,NA,30.4,1,930000,930000,0,759
"Elvis Andrus","2TM","2022",3.1,149,577,535,66,133,32,0,17,58,18,4,39,92,0.249,0.303,0.404,0.707,104,0.322,107,216,11,3,0,0,0,"6/HD",0,3.1,149,577,535,66,133,32,0,17,58,18,4,39,92,0.249,0.303,0.404,0.707,104,0.322,107,216,11,3,0,0,0,1,"SS",34,1,780223.372192982,780223.372192982,13,761
"Elvis Andrus","CHW","2023",0.7,112,406,374,39,94,20,1,6,44,12,4,25,71,0.251,0.304,0.358,0.662,82,0.294,80,134,11,4,1,2,1,"46/H5D",0,0.7,112,406,374,39,94,20,1,6,44,12,4,25,71,0.251,0.304,0.358,0.662,82,0.294,80,134,11,4,1,2,1,0,"SS",35,1,3000000,3000000,14,762
"Emilio Bonifacio","CHW","2015",-0.9,47,82,78,5,13,2,0,0,4,1,4,2,27,0.167,0.198,0.192,0.39,10,0.164,0,15,1,1,1,0,0,"H4/D875",0,-0.9,47,82,78,5,13,2,0,0,4,1,4,2,27,0.167,0.198,0.192,0.39,10,0.164,0,15,1,1,1,0,0,1,"CF",30.3,1,4000000,4000000,6.066,763
"Emilio Bonifacio","WSN","2020",-0.1,3,3,3,1,0,0,0,0,0,0,1,0,2,0,0,0,0,-100,-0.171,-127,0,0,0,0,0,0,"/H7",0,-0.1,3,3,3,1,0,0,0,0,0,0,1,0,2,0,0,0,0,-100,-0.171,-127,0,0,0,0,0,0,1,"CF",35.3,1,1000000,1000000,7.135,764
"Endy Chavez","BAL","2012",-0.8,64,169,158,15,32,6,0,2,12,3,2,6,24,0.203,0.236,0.278,0.515,40,0.237,33,44,2,1,4,0,1,"79H/8",0,-0.8,64,169,158,15,32,6,0,2,12,3,2,6,24,0.203,0.236,0.278,0.515,40,0.237,33,44,2,1,4,0,1,1,"LF/CF",34.5,1,1500000,1500000,0,765
"Eric Chavez","NYY","2012",1.6,113,313,278,36,78,12,0,16,37,0,0,30,59,0.281,0.348,0.496,0.845,125,0.364,125,138,10,1,0,4,3,"5HD3",0,1.6,113,313,278,36,78,12,0,16,37,0,0,30,59,0.281,0.348,0.496,0.845,125,0.364,125,138,10,1,0,4,3,0,"3B/1B",34.7,1,900000,900000,13.02,773
"Eric Chavez","ARI","2013",1,80,254,228,28,64,14,2,9,44,1,0,19,45,0.281,0.332,0.478,0.81,120,0.351,117,109,7,1,0,5,4,"5H/3D",0,1,80,254,228,28,64,14,2,9,44,1,0,19,45,0.281,0.332,0.478,0.81,120,0.351,117,109,7,1,0,5,4,1,"3B/1B",35.7,1,3000000,3000000,14.02,774
"Eric Chavez","ARI","2014",0.4,44,81,69,6,17,3,1,3,8,2,0,11,19,0.246,0.346,0.449,0.795,120,0.359,120,31,2,0,0,1,0,"H5/D",0,0.4,44,81,69,6,17,3,1,3,8,2,0,11,19,0.246,0.346,0.449,0.795,120,0.359,120,31,2,0,0,1,0,0,"3B/1B",36.7,1,3500000,3500000,15.02,775
"Eric Fryer","MIN","2013",0.5,6,16,13,2,5,1,0,1,4,0,0,3,3,0.385,0.5,0.692,1.192,225,0.507,234,9,1,0,0,0,0,"/2DH",0,0.5,6,16,13,2,5,1,0,1,4,0,0,3,3,0.385,0.5,0.692,1.192,225,0.507,234,9,1,0,0,0,0,1,"C",28,1,515000,515000,0,776
"Eric Fryer","MIN","2015",0.2,15,27,22,2,5,2,0,0,2,0,0,5,11,0.227,0.37,0.318,0.689,93,0.316,94,7,0,0,0,0,0,"2/H",0,0.2,15,27,22,2,5,2,0,0,2,0,0,5,11,0.227,0.37,0.318,0.689,93,0.316,94,7,0,0,0,0,0,0,"C",30,1,687225.311355765,687225.311355765,1,777
"Eric Fryer","2TM","2016",0.4,60,133,116,19,31,4,1,0,13,0,3,13,25,0.267,0.336,0.319,0.655,78,0.295,81,37,1,0,2,2,0,"2H",0,0.4,60,133,116,19,31,4,1,0,13,0,3,13,25,0.267,0.336,0.319,0.655,78,0.295,81,37,1,0,2,2,0,1,"C",31,1,672362.379948466,672362.379948466,2,778
"Eric Hosmer","SDP","2018",1.1,157,677,613,72,155,31,2,18,69,7,4,62,142,0.253,0.322,0.398,0.72,100,0.317,98,244,18,1,0,1,10,"3/H",0,1.1,157,677,613,72,155,31,2,18,69,7,4,62,142,0.253,0.322,0.398,0.72,100,0.317,98,244,18,1,0,1,10,1,"1B",28.8,8,144000000,18000000,6.146,779
"Eric Hosmer","SDP","2019",-0.4,160,667,619,72,164,29,2,22,99,0,3,40,163,0.265,0.31,0.425,0.735,94,0.314,93,263,12,3,0,5,3,"3/HD",0,-0.4,160,667,619,72,164,29,2,22,99,0,3,40,163,0.265,0.31,0.425,0.735,94,0.314,93,263,12,3,0,5,3,1,"1B",29.8,8,144000000,18000000,7.146,779
"Eric Hosmer","SDP","2020",1.1,38,156,143,23,41,6,0,9,36,4,0,9,28,0.287,0.333,0.517,0.851,132,0.365,128,74,3,2,0,2,0,"3/DH",0,1.1,38,156,143,23,41,6,0,9,36,4,0,9,28,0.287,0.333,0.517,0.851,132,0.365,128,74,3,2,0,2,0,1,"1B",30.8,8,144000000,18000000,8.146,779
"Eric Hosmer","SDP","2021",1.2,151,565,509,53,137,28,0,12,65,5,4,48,99,0.269,0.337,0.395,0.732,104,0.325,107,201,13,5,1,2,2,"3H/D",0,1.2,151,565,509,53,137,28,0,12,65,5,4,48,99,0.269,0.337,0.395,0.732,104,0.325,107,201,13,5,1,2,2,1,"1B",31.8,8,144000000,18000000,9.146,779
"Eric Hosmer","2TM","2022",1,104,419,380,38,102,19,0,8,44,0,0,37,64,0.268,0.334,0.382,0.716,107,0.329,114,145,12,1,0,1,5,"3/D",0,1,104,419,380,38,102,19,0,8,44,0,0,37,64,0.268,0.334,0.382,0.716,107,0.329,114,145,12,1,0,1,5,1,"1B",32.8,8,144000000,18000000,10.146,779
"Eric Hosmer","CHC","2023",-0.4,31,100,94,7,22,3,0,2,14,0,0,6,25,0.234,0.28,0.33,0.61,68,0.268,62,31,5,0,0,0,0,"3D/H",0,-0.4,31,100,94,7,22,3,0,2,14,0,0,6,25,0.234,0.28,0.33,0.61,68,0.268,62,31,5,0,0,0,0,1,"1B",33.8,8,144000000,18000000,11.146,779
"Eric Hosmer","CHC","2023",-0.4,31,100,94,7,22,3,0,2,14,0,0,6,25,0.234,0.28,0.33,0.61,68,0.268,62,31,5,0,0,0,0,"3D/H",0,-0.4,31,100,94,7,22,3,0,2,14,0,0,6,25,0.234,0.28,0.33,0.61,68,0.268,62,31,5,0,0,0,0,1,"1B",33.8,1,720000,720000,11.146,780
"Eric Oflaherty","OAK","2014",0,4,0,0,0,0,0,0,0,0,0,0,0,0,0,0,0,0,0,0,0,0,0,0,0,0,0,"1",0,0,4,0,0,0,0,0,0,0,0,0,0,0,0,0,0,0,0,0,0,0,0,0,0,0,0,0,1,"RP",29.5,2,7000000,3500000,0,781
"Eric Oflaherty","2TM","2015",0,18,0,0,0,0,0,0,0,0,0,0,0,0,0,0,0,0,0,0,0,0,0,0,0,0,0,"1",0,0,18,0,0,0,0,0,0,0,0,0,0,0,0,0,0,0,0,0,0,0,0,0,0,0,0,0,1,"RP",30.5,2,7000000,3500000,1,781
"Eric Oflaherty","ATL","2016",0,37,0,0,0,0,0,0,0,0,0,0,0,0,0,0,0,0,0,0,0,0,0,0,0,0,0,"1",0,0,37,0,0,0,0,0,0,0,0,0,0,0,0,0,0,0,0,0,0,0,0,0,0,0,0,0,1,"RP",31.5,1,1750000,1750000,2,782
"Eric Sogard","MIL","2020",-0.2,43,128,115,10,24,5,0,1,10,0,0,11,20,0.209,0.281,0.278,0.56,51,0.256,47,32,1,1,0,1,0,"5H/467D",0,-0.2,43,128,115,10,24,5,0,1,10,0,0,11,20,0.209,0.281,0.278,0.56,51,0.256,47,32,1,1,0,1,0,1,"3B/SS",34.2,1,4500000,4500000,7.134,783
"Eric Sogard","CHC","2021",-0.6,78,180,169,16,42,6,1,1,12,3,1,9,30,0.249,0.283,0.314,0.597,62,0.259,50,53,5,0,0,2,1,"4H5/163",0,-0.6,78,180,169,16,42,6,1,1,12,3,1,9,30,0.249,0.283,0.314,0.597,62,0.259,50,53,5,0,0,2,1,1,"3B/SS",35.2,1,1000000,1000000,8.134,784
"Eric Young Jr","2TM","2015",-0.4,53,94,85,16,13,4,2,0,5,6,2,6,18,0.153,0.217,0.247,0.464,29,0.211,10,21,1,1,2,0,1,"H78/9",0,-0.4,53,94,85,16,13,4,2,0,5,6,2,6,18,0.153,0.217,0.247,0.464,29,0.211,10,21,1,1,2,0,1,1,"CF",30.2,1,1000000,1000000,0,785
"Eric Young Jr","NYY","2016",-0.1,6,1,1,2,0,0,0,0,0,1,0,0,0,0,0,0,0,-100,0.24,-133,0,0,0,0,0,0,"/DH8",0,-0.1,6,1,1,2,0,0,0,0,0,1,0,0,0,0,0,0,0,-100,0.24,-133,0,0,0,0,0,0,1,"CF",31.2,1,1000000,1000000,1,786
"Erick Aybar","SDP","2017",-0.2,108,370,333,37,78,15,1,7,22,11,4,28,57,0.234,0.3,0.348,0.648,73,0.294,73,116,5,4,3,2,2,"6H/1",0,-0.2,108,370,333,37,78,15,1,7,22,11,4,28,57,0.234,0.3,0.348,0.648,73,0.294,73,116,5,4,3,2,2,1,"SS",33.6,1,1750000,1750000,4.086,787
"Erik Bedard","HOU","2013",-0.1,2,4,3,0,0,0,0,0,0,0,0,0,1,0,0,0,0,-100,0,-218,0,0,0,1,0,0,"1",0,-0.1,2,4,3,0,0,0,0,0,0,0,0,0,1,0,0,0,0,-100,0,-218,0,0,0,1,0,0,1,NA,34.4,1,1150000,1150000,0,791
"Erik Bedard","TBR","2014",0,1,0,0,0,0,0,0,0,0,0,0,0,0,0,0,0,0,0,0,0,0,0,0,0,0,0,"1",0,0,1,0,0,0,0,0,0,0,0,0,0,0,0,0,0,0,0,0,0,0,0,0,0,0,0,0,1,NA,35.4,1,1150000,1150000,1,792
"Erik Kratz","MIL","2018",0,67,219,203,18,48,6,0,6,23,1,0,6,40,0.236,0.28,0.355,0.634,69,0.285,64,72,8,7,1,2,0,"2/H13",0,0,67,219,203,18,48,6,0,6,23,1,0,6,40,0.236,0.28,0.355,0.634,69,0.285,64,72,8,7,1,2,0,0,"C",38.2,1,694114.573020403,694114.573020403,4.026,793
"Erik Kratz","NYY","2020",0.4,16,30,28,2,9,2,0,0,4,0,0,2,6,0.321,0.367,0.393,0.76,113,0.338,113,11,0,0,0,0,0,"2/31",0,0.4,16,30,28,2,9,2,0,0,4,0,0,2,6,0.321,0.367,0.393,0.76,113,0.338,113,11,0,0,0,0,0,0,"C",40.2,1,1225418.66989424,1225418.66989424,5.054,794
"Ernesto Frieri","TBR","2015",0,2,0,0,0,0,0,0,0,0,0,0,0,0,0,0,0,0,0,0,0,0,0,0,0,0,0,"1",0,0,2,0,0,0,0,0,0,0,0,0,0,0,0,0,0,0,0,0,0,0,0,0,0,0,0,0,1,"RP",30.1,1,800000,800000,0,795
"Ervin Santana","ATL","2014",-0.1,31,73,63,7,7,1,0,0,1,0,0,2,28,0.111,0.138,0.127,0.265,-24,0.123,-66,8,1,0,8,0,0,"1",0,-0.1,31,73,63,7,7,1,0,0,1,0,0,2,28,0.111,0.138,0.127,0.265,-24,0.123,-66,8,1,0,8,0,0,1,"SP/SP1",31.7,1,14100000,14100000,8.104,797
"Ervin Santana","MIN","2016",-0.1,2,6,5,0,0,0,0,0,0,0,0,0,3,0,0,0,0,-100,0,-184,0,0,0,1,0,0,"1",0,-0.1,2,6,5,0,0,0,0,0,0,0,0,0,3,0,0,0,0,-100,0,-184,0,0,0,1,0,0,1,"SP/SP1",33.7,4,55000000,13750000,10.104,798
"Ervin Santana","MIN","2017",0.2,3,10,10,3,2,1,0,0,5,0,0,0,3,0.2,0.2,0.3,0.5,31,0.391,143,3,0,0,0,0,0,"1",2,0.2,3,10,10,3,2,1,0,0,5,0,0,0,3,0.2,0.2,0.3,0.5,31,0.391,143,3,0,0,0,0,0,1,"SP/SP1",34.7,4,55000000,13750000,11.104,798
"Ervin Santana","KCR","2021",0,3,0,0,0,0,0,0,0,0,0,0,0,0,0,0,0,0,0,0,0,0,0,0,0,0,0,"1",0,0,3,0,0,0,0,0,0,0,0,0,0,0,0,0,0,0,0,0,0,0,0,0,0,0,0,0,1,"SP/SP1",38.7,1,1774734.45023534,1774734.45023534,13.123,799
"Evan Phillips","LAD","2021",0,7,3,3,0,0,0,0,0,0,0,0,0,3,0,0,0,0,-100,0,-137,0,0,0,0,0,0,"/1",0,0,7,3,3,0,0,0,0,0,0,0,0,0,3,0,0,0,0,-100,0,-137,0,0,0,0,0,0,1,"RP/CL",26.9,1,674990.669239509,674990.669239509,0,803
"Fernando Abad","WSN","2013",0,34,0,0,0,0,0,0,0,0,0,0,0,0,0,0,0,0,0,0,0,0,0,0,0,0,0,"1",0,0,34,0,0,0,0,0,0,0,0,0,0,0,0,0,0,0,0,0,0,0,0,0,0,0,0,0,1,"RP",27.7,1,687482.955954937,687482.955954937,0,809
"Fernando Abad","OAK","2015",0,4,0,0,0,0,0,0,0,0,0,0,0,0,0,0,0,0,0,0,0,0,0,0,0,0,0,"1",0,0,4,0,0,0,0,0,0,0,0,0,0,0,0,0,0,0,0,0,0,0,0,0,0,0,0,0,1,"RP",29.7,1,1472625.66719092,1472625.66719092,1,810
"Fernando Abad","2TM","2016",0,4,1,1,0,0,0,0,0,0,0,0,0,1,0,0,0,0,-100,0,-133,0,0,0,0,0,0,"1",0,0,4,1,1,0,0,0,0,0,0,0,0,0,1,0,0,0,0,-100,0,-133,0,0,0,0,0,0,1,"RP",30.7,1,672362.379948466,672362.379948466,2,811
"Fernando Abad","BOS","2017",0,4,0,0,0,0,0,0,0,0,0,0,0,0,0,0,0,0,0,0,0,0,0,0,0,0,0,"1",0,0,4,0,0,0,0,0,0,0,0,0,0,0,0,0,0,0,0,0,0,0,0,0,0,0,0,0,1,"RP",31.7,1,2601715.51618161,2601715.51618161,3,812
"Fernando Abad","SFG","2019",0,18,0,0,0,0,0,0,0,0,0,0,0,0,0,0,0,0,0,0,0,0,0,0,0,0,0,"1",0,0,18,0,0,0,0,0,0,0,0,0,0,0,0,0,0,0,0,0,0,0,0,0,0,0,0,0,1,"RP",33.7,1,800000,800000,5,814
"Fernando Abad","BAL","2021",0,2,0,0,0,0,0,0,0,0,0,0,0,0,0,0,0,0,0,0,0,0,0,0,0,0,0,"1",0,0,2,0,0,0,0,0,0,0,0,0,0,0,0,0,0,0,0,0,0,0,0,0,0,0,0,0,1,"RP",35.7,1,674990.669239509,674990.669239509,6,815
"Fernando Rodney","SEA","2014",0,7,0,0,0,0,0,0,0,0,0,0,0,0,0,0,0,0,0,0,0,0,0,0,0,0,0,"1",1,0,7,0,0,0,0,0,0,0,0,0,0,0,0,0,0,0,0,0,0,0,0,0,0,0,0,0,1,"RP",37.4,2,14000000,7000000,10.137,816
"Fernando Rodney","2TM","2015",0,21,0,0,0,0,0,0,0,0,0,0,0,0,0,0,0,0,0,0,0,0,0,0,0,0,0,"1",0,0,21,0,0,0,0,0,0,0,0,0,0,0,0,0,0,0,0,0,0,0,0,0,0,0,0,0,1,"RP",38.4,2,14000000,7000000,11.137,816
"Fernando Rodney","2TM","2016",0,65,0,0,0,0,0,0,0,0,0,0,0,0,0,0,0,0,0,0,0,0,0,0,0,0,0,"1",1,0,65,0,0,0,0,0,0,0,0,0,0,0,0,0,0,0,0,0,0,0,0,0,0,0,0,0,1,"RP",39.4,1,2000000,2000000,12.137,817
"Fernando Rodney","ARI","2017",0,57,0,0,0,0,0,0,0,0,0,0,0,0,0,0,0,0,0,0,0,0,0,0,0,0,0,"1",0,0,57,0,0,0,0,0,0,0,0,0,0,0,0,0,0,0,0,0,0,0,0,0,0,0,0,0,1,"RP",40.4,1,2750000,2750000,13.137,818
"Fernando Rodney","MIN","2018",0,4,0,0,0,0,0,0,0,0,0,0,0,0,0,0,0,0,0,0,0,0,0,0,0,0,0,"1",0,0,4,0,0,0,0,0,0,0,0,0,0,0,0,0,0,0,0,0,0,0,0,0,0,0,0,0,1,"RP",41.4,1,4500000,4500000,14.137,819
"Fernando Rodney","2TM","2019",0,37,0,0,0,0,0,0,0,0,0,0,0,0,0,0,0,0,0,0,0,0,0,0,0,0,0,"1",0,0,37,0,0,0,0,0,0,0,0,0,0,0,0,0,0,0,0,0,0,0,0,0,0,0,0,0,1,"RP",42.4,1,6542997.82303931,6542997.82303931,15.137,820
"Fernando Salas","NYM","2017",0.1,46,2,2,0,1,0,0,0,0,0,0,0,1,0.5,0.5,0.5,1,171,0.448,183,1,0,0,0,0,0,"1",0,0.1,46,2,2,0,1,0,0,0,0,0,0,0,1,0.5,0.5,0.5,1,171,0.448,183,1,0,0,0,0,0,0,"RP",32.2,1,3000000,3000000,0.044,821
"Fernando Salas","ARI","2018",0,39,1,1,0,0,0,0,0,0,0,0,0,0,0,0,0,0,-100,0,-145,0,0,0,0,0,0,"1",0,0,39,1,1,0,0,0,0,0,0,0,0,0,0,0,0,0,0,-100,0,-145,0,0,0,0,0,0,1,"RP",33.2,1,1500000,1500000,1.044,822
"Forrest Wall","ATL","2023",0.3,15,15,13,6,6,2,0,1,2,5,1,2,4,0.462,0.533,0.846,1.379,267,0.602,266,11,0,0,0,0,0,"/H7D89",0,0.3,15,15,13,6,6,2,0,1,2,5,1,2,4,0.462,0.533,0.846,1.379,267,0.602,266,11,0,0,0,0,0,1,"OF",27.8,1,765889.986737186,765889.986737186,0,823
"Forrest Wall","2TM","2024",0,16,35,32,4,8,0,0,0,1,4,3,3,8,0.25,0.314,0.25,0.564,61,0.235,52,8,0,0,0,0,0,"7/H9",0,0,16,35,32,4,8,0,0,0,1,4,3,3,8,0.25,0.314,0.25,0.564,61,0.235,52,8,0,0,0,0,0,0,"OF",28.8,1,771285.617101852,771285.617101852,1,824
"Francisco Cervelli","2TM","2019",0.3,48,160,141,15,30,8,1,3,12,1,0,13,41,0.213,0.302,0.348,0.649,70,0.299,74,49,7,5,1,0,0,"2/H3D",0,0.3,48,160,141,15,30,8,1,3,12,1,0,13,41,0.213,0.302,0.348,0.649,70,0.299,74,49,7,5,1,0,0,1,"C",33.4,1,691688.341292727,691688.341292727,8.146,825
"Francisco Cervelli","MIA","2020",0.8,16,62,53,10,13,2,0,3,7,1,0,8,14,0.245,0.355,0.453,0.808,117,0.401,147,24,3,1,0,0,0,"2",0,0.8,16,62,53,10,13,2,0,3,7,1,0,8,14,0.245,0.355,0.453,0.808,117,0.401,147,24,3,1,0,0,0,1,"C",34.4,1,2000000,2000000,9.146,826
"Francisco Liriano","PIT","2015",0.1,29,67,65,4,11,2,0,1,7,0,0,0,28,0.169,0.169,0.246,0.415,13,0.18,-11,16,0,0,2,0,0,"1",0,0.1,29,67,65,4,11,2,0,1,7,0,0,0,28,0.169,0.169,0.246,0.415,13,0.18,-11,16,0,0,2,0,0,0,"RP",31.8,3,39000000,13000000,8.104,827
"Francisco Liriano","PIT","2016",0.5,21,42,42,2,12,1,0,1,5,0,0,0,16,0.286,0.286,0.381,0.667,77,0.311,85,16,0,0,0,0,0,"1/H",0,0.5,21,42,42,2,12,1,0,1,5,0,0,0,16,0.286,0.286,0.381,0.667,77,0.311,85,16,0,0,0,0,0,0,"RP",32.8,3,39000000,13000000,9.104,827
"Francisco Liriano","HOU","2017",0,1,0,0,0,0,0,0,0,0,0,0,0,0,0,0,0,0,0,0,0,0,0,0,0,0,0,"1",0,0,1,0,0,0,0,0,0,0,0,0,0,0,0,0,0,0,0,0,0,0,0,0,0,0,0,0,0,"RP",33.8,3,39000000,13000000,10.104,827
"Francisco Liriano","DET","2018",0,1,2,1,0,0,0,0,0,0,0,0,0,0,0,0,0,0,-100,0,-358,0,0,0,1,0,0,"1",0,0,1,2,1,0,0,0,0,0,0,0,0,0,0,0,0,0,0,-100,0,-358,0,0,0,1,0,0,1,"RP",34.8,1,4000000,4000000,11.104,828
"Francisco Liriano","PIT","2019",0.1,67,2,1,0,1,0,0,0,0,0,0,1,0,1,1,1,2,434,0.744,396,1,0,0,0,0,0,"1",0,0.1,67,2,1,0,1,0,0,0,0,0,0,1,0,1,1,1,2,434,0.744,396,1,0,0,0,0,0,1,"RP",35.8,1,1800000,1800000,12.104,829
"Francisco Pena","STL","2018",-1.1,58,142,133,10,27,3,0,2,8,1,0,6,43,0.203,0.239,0.271,0.51,40,0.224,22,36,5,1,0,2,3,"2/H3",0,-1.1,58,142,133,10,27,3,0,2,8,1,0,6,43,0.203,0.239,0.271,0.51,40,0.224,22,36,5,1,0,2,3,1,"C",28.8,1,827843.06873993,827843.06873993,1.009,832
"Francisco Rodriguez","2TM","2013",0,29,0,0,0,0,0,0,0,0,0,0,0,0,0,0,0,0,0,0,0,0,0,0,0,0,0,"1",0,0,29,0,0,0,0,0,0,0,0,0,0,0,0,0,0,0,0,0,0,0,0,0,0,0,0,0,0,"RP",31.6,1,2806052.88144872,2806052.88144872,0,835
"Francisco Rodriguez","MIL","2014",0,65,0,0,0,0,0,0,0,0,0,0,0,0,0,0,0,0,0,0,0,0,0,0,0,0,0,"1",1,0,65,0,0,0,0,0,0,0,0,0,0,0,0,0,0,0,0,0,0,0,0,0,0,0,0,0,1,"RP",32.6,1,3250000,3250000,1,836
"Francisco Rodriguez","MIL","2015",0,58,0,0,0,0,0,0,0,0,0,0,0,0,0,0,0,0,0,0,0,0,0,0,0,0,0,"1",1,0,58,0,0,0,0,0,0,0,0,0,0,0,0,0,0,0,0,0,0,0,0,0,0,0,0,0,0,"RP",33.6,2,13000000,6500000,2,837
"Francisco Rodriguez","DET","2016",0,6,0,0,0,0,0,0,0,0,0,0,0,0,0,0,0,0,0,0,0,0,0,0,0,0,0,"1",0,0,6,0,0,0,0,0,0,0,0,0,0,0,0,0,0,0,0,0,0,0,0,0,0,0,0,0,0,"RP",34.6,2,13000000,6500000,3,837
"Francisco Rodriguez","DET","2016",0,6,0,0,0,0,0,0,0,0,0,0,0,0,0,0,0,0,0,0,0,0,0,0,0,0,0,"1",0,0,6,0,0,0,0,0,0,0,0,0,0,0,0,0,0,0,0,0,0,0,0,0,0,0,0,0,1,"RP",34.6,2,17223075.7425223,8611537.87126114,4,838
"Franklin Gutierrez","SEA","2015",2.7,59,189,171,27,50,11,0,15,35,0,0,14,54,0.292,0.354,0.62,0.974,167,0.413,171,106,5,3,0,1,1,"7H/D9",0,2.7,59,189,171,27,50,11,0,15,35,0,0,14,54,0.292,0.354,0.62,0.974,167,0.413,171,106,5,3,0,1,1,0,NA,32.5,1,687225.311355765,687225.311355765,1.011,843
"Franklin Gutierrez","SEA","2016",0.4,98,283,248,33,61,9,0,14,39,1,0,29,85,0.246,0.329,0.452,0.78,112,0.342,114,112,6,3,0,3,0,"9HD/7",0,0.4,98,283,248,33,61,9,0,14,39,1,0,29,85,0.246,0.329,0.452,0.78,112,0.342,114,112,6,3,0,3,0,0,NA,33.5,1,1500000,1500000,2.011,844
"Franklin Gutierrez","LAD","2017",0,35,63,56,8,13,3,0,1,8,0,1,7,16,0.232,0.317,0.339,0.657,76,0.288,75,19,2,0,0,0,0,"H7",0,0,35,63,56,8,13,3,0,1,8,0,1,7,16,0.232,0.317,0.339,0.657,76,0.288,75,19,2,0,0,0,0,1,NA,34.5,1,2600000,2600000,3.011,845
"Franklin Morales","KCR","2015",0,5,0,0,0,0,0,0,0,0,0,0,0,0,0,0,0,0,0,0,0,0,0,0,0,0,0,"1",0,0,5,0,0,0,0,0,0,0,0,0,0,0,0,0,0,0,0,0,0,0,0,0,0,0,0,0,1,"RP",29.6,1,1850000,1850000,0,846
"Franklin Morales","TOR","2016",0,1,0,0,0,0,0,0,0,0,0,0,0,0,0,0,0,0,0,0,0,0,0,0,0,0,0,"/1",0,0,1,0,0,0,0,0,0,0,0,0,0,0,0,0,0,0,0,0,0,0,0,0,0,0,0,0,1,"RP",30.6,1,2150000,2150000,1,847
"Freddy Galvis","2TM","2019",3.2,147,589,557,67,145,28,1,23,70,4,2,28,145,0.26,0.296,0.438,0.734,91,0.316,92,244,14,1,1,2,1,"64/HD",0,3.2,147,589,557,67,145,28,1,23,70,4,2,28,145,0.26,0.296,0.438,0.734,91,0.316,92,244,14,1,1,2,1,1,"SS",29.8,1,5000000,5000000,6.021,848
"Freddy Galvis","2TM","2021",1.3,104,394,356,53,86,15,1,14,40,1,0,27,77,0.242,0.302,0.407,0.709,92,0.311,90,145,6,5,2,3,1,"65/H43",0,1.3,104,394,356,53,86,15,1,14,40,1,0,27,77,0.242,0.302,0.407,0.709,92,0.311,90,145,6,5,2,3,1,1,"SS",31.8,1,1500000,1500000,8.021,849
"Garrett Hampson","MIA","2023",1.1,98,252,221,30,61,12,1,3,23,5,0,23,67,0.276,0.349,0.38,0.729,95,0.342,103,84,3,3,3,2,0,"689H47/5D",0,1.1,98,252,221,30,61,12,1,3,23,5,0,23,67,0.276,0.349,0.38,0.729,95,0.342,103,84,3,3,3,2,0,1,"SS",28.8,1,765889.986737186,765889.986737186,0,853
"Garrett Hampson","KCR","2024",0.5,113,231,213,16,49,13,1,0,16,7,2,14,59,0.23,0.275,0.3,0.576,65,0.259,59,64,3,0,2,2,0,"8H74/36951",0,0.5,113,231,213,16,49,13,1,0,16,7,2,14,59,0.23,0.275,0.3,0.576,65,0.259,59,64,3,0,2,2,0,1,"SS",29.8,1,2000000,2000000,1,854
"Garrett Hampson","3TM","2025",-0.4,62,91,77,19,11,2,0,0,1,3,1,11,29,0.143,0.25,0.169,0.419,21,0.205,14,13,2,0,3,0,0,"7H48/695D1",0,-0.4,62,91,77,19,11,2,0,0,1,3,1,11,29,0.143,0.25,0.169,0.419,21,0.205,14,13,2,0,3,0,0,1,"SS",30.8,1,1500000,1500000,2,855
"Garrett Richards","SDP","2019",0,3,3,2,0,0,0,0,0,0,0,0,0,1,0,0,0,0,-100,0,-250,0,0,0,1,0,0,"/1",0,0,3,3,2,0,0,0,0,0,0,0,0,0,1,0,0,0,0,-100,0,-250,0,0,0,1,0,0,1,"SP",31.2,2,15500000,7750000,6.148,856
"Garrett Richards","BOS","2021",0.1,4,5,5,0,1,1,0,0,1,0,0,0,2,0.2,0.2,0.4,0.6,55,0.246,42,2,0,0,0,0,0,"1",0,0.1,4,5,5,0,1,1,0,0,1,0,0,0,2,0.2,0.2,0.4,0.6,55,0.246,42,2,0,0,0,0,0,1,"SP",33.2,1,10000000,10000000,8.148,857
"Gary Sanchez","2TM","2023",2.1,75,267,240,33,52,9,0,19,47,0,0,21,67,0.217,0.288,0.492,0.78,110,0.337,111,118,3,4,0,2,0,"2/DH",0,2.1,75,267,240,33,52,9,0,19,47,0,0,21,67,0.217,0.288,0.492,0.78,110,0.337,111,118,3,4,0,2,0,1,"C/C",30.7,1,1500000,1500000,0,859
"Gary Sanchez","MIL","2024",0.2,89,280,245,30,54,7,1,11,37,0,0,27,76,0.22,0.307,0.392,0.699,94,0.312,95,96,9,5,0,3,0,"D2H/3",0,0.2,89,280,245,30,54,7,1,11,37,0,0,27,76,0.22,0.307,0.392,0.699,94,0.312,95,96,9,5,0,3,0,1,"C/C",31.7,1,3000000,3000000,1,860
"Gary Sanchez","BAL","2025",-0.4,29,101,91,13,21,2,0,5,24,0,0,4,27,0.231,0.297,0.418,0.715,99,0.308,97,38,2,5,0,1,0,"2/D1H",0,-0.4,29,101,91,13,21,2,0,5,24,0,0,4,27,0.231,0.297,0.418,0.715,99,0.308,97,38,2,5,0,1,0,1,"DH/C",32.7,1,8500000,8500000,2,861
"Gavin Floyd","ATL","2014",-0.1,8,18,18,0,2,0,0,0,0,0,0,0,12,0.111,0.111,0.111,0.222,-37,0.095,-69,2,0,0,0,0,0,"/1",0,-0.1,8,18,18,0,2,0,0,0,0,0,0,0,12,0.111,0.111,0.111,0.222,-37,0.095,-69,2,0,0,0,0,0,1,"RP",31.5,1,4000000,4000000,0.045,862
"Gavin Floyd","TOR","2016",0,3,1,1,0,0,0,0,0,0,0,0,0,0,0,0,0,0,-100,0,-133,0,0,0,0,0,0,"1",0,0,3,1,1,0,0,0,0,0,0,0,0,0,0,0,0,0,0,-100,0,-133,0,0,0,0,0,0,1,"RP",33.5,1,1000000,1000000,2.045,864
"Geovany Soto","TEX","2013",1.5,54,184,163,20,40,9,0,9,22,1,2,20,60,0.245,0.328,0.466,0.794,114,0.353,121,76,2,0,1,0,0,"2/5",0,1.5,54,184,163,20,40,9,0,9,22,1,2,20,60,0.245,0.328,0.466,0.794,114,0.353,121,76,2,0,1,0,0,0,"C",30.6,1,2750000,2750000,0,865
"Geovany Soto","CHW","2015",0.8,78,210,187,20,41,8,0,9,21,0,1,21,63,0.219,0.301,0.406,0.708,96,0.321,104,76,2,1,1,0,0,"2/HD",0,0.8,78,210,187,20,41,8,0,9,21,0,1,21,63,0.219,0.301,0.406,0.708,96,0.321,104,76,2,1,1,0,0,1,"C",32.6,1,1500000,1500000,1,866
"Geovany Soto","LAA","2016",0.4,26,86,78,11,21,5,0,4,9,0,0,6,21,0.269,0.321,0.487,0.809,120,0.345,119,38,1,0,2,0,0,"2/35H",0,0.4,26,86,78,11,21,5,0,4,9,0,0,6,21,0.269,0.321,0.487,0.809,120,0.345,119,38,1,0,2,0,0,1,"C",33.6,1,2800000,2800000,2,867
"Geovany Soto","CHW","2017",0,13,48,42,5,8,0,0,3,9,0,0,4,10,0.19,0.271,0.405,0.676,80,0.289,73,17,2,1,0,1,0,"2/H",0,0,13,48,42,5,8,0,0,3,9,0,0,4,10,0.19,0.271,0.405,0.676,80,0.289,73,17,2,1,0,1,0,1,"C",34.6,1,2000000,2000000,3,868
"Gerald Laird","ATL","2013",0.6,47,141,121,12,34,8,0,1,13,1,1,14,23,0.281,0.367,0.372,0.739,106,0.345,114,45,4,3,2,1,0,"2H",0,0.6,47,141,121,12,34,8,0,1,13,1,1,14,23,0.281,0.367,0.372,0.739,106,0.345,114,45,4,3,2,1,0,1,"C",33.8,2,3000000,1500000,0,869
"Gerald Laird","ATL","2014",-0.5,53,167,152,12,31,8,0,0,10,0,0,14,33,0.204,0.275,0.257,0.532,52,0.241,40,39,6,1,0,0,2,"2/H",0,-0.5,53,167,152,12,31,8,0,0,10,0,0,14,33,0.204,0.275,0.257,0.532,52,0.241,40,39,6,1,0,0,2,1,"C",34.8,2,3000000,1500000,1,869
"Gerald Laird","ARI","2015",-0.1,1,2,2,0,0,0,0,0,0,0,0,0,0,0,0,0,0,-100,0,-141,0,0,0,0,0,0,"/2",0,-0.1,1,2,2,0,0,0,0,0,0,0,0,0,0,0,0,0,0,-100,0,-141,0,0,0,0,0,0,1,"C",35.8,1,1000000,1000000,2,870
"Gerardo Parra","COL","2016",-2.3,102,381,368,45,93,27,3,7,39,6,4,9,73,0.253,0.271,0.399,0.671,65,0.293,58,147,16,1,1,2,1,"7398/H",0,-2.3,102,381,368,45,93,27,3,7,39,6,4,9,73,0.253,0.271,0.399,0.671,65,0.293,58,147,16,1,1,2,1,1,"RF",29.2,3,27500000,9166666.66666667,6.145,871
"Gerardo Parra","COL","2017",0.6,115,425,392,56,121,24,1,10,71,2,5,20,67,0.309,0.341,0.452,0.793,93,0.34,91,177,13,4,0,9,0,"79H/38D",0,0.6,115,425,392,56,121,24,1,10,71,2,5,20,67,0.309,0.341,0.452,0.793,93,0.34,91,177,13,4,0,9,0,1,"RF",30.2,3,27500000,9166666.66666667,7.145,871
"Gerardo Parra","COL","2018",0.4,142,443,401,52,114,17,0,6,53,11,4,32,75,0.284,0.342,0.372,0.714,82,0.325,80,149,6,5,2,3,3,"7H9",0,0.4,142,443,401,52,114,17,0,6,53,11,4,32,75,0.284,0.342,0.372,0.714,82,0.325,80,149,6,5,2,3,3,1,"RF",31.2,3,27500000,9166666.66666667,8.145,871
"Gerardo Parra","2TM","2019",1,119,301,274,38,64,14,1,9,48,8,3,19,59,0.234,0.293,0.391,0.684,77,0.309,81,107,7,5,1,2,3,"H9738/145",0,1,119,301,274,38,64,14,1,9,48,8,3,19,59,0.234,0.293,0.391,0.684,77,0.309,81,107,7,5,1,2,3,1,"RF",32.2,1,1750000,1750000,9.145,872
"Gerardo Parra","WSN","2021",-0.5,53,107,97,13,23,5,0,2,10,1,1,6,30,0.237,0.292,0.351,0.643,77,0.291,79,34,3,2,1,1,0,"H7/89",0,-0.5,53,107,97,13,23,5,0,2,10,1,1,6,30,0.237,0.292,0.351,0.643,77,0.291,79,34,3,2,1,1,0,1,"RF",34.2,1,1000000,1000000,10.145,873
"Gio Gonzalez","MIL","2019",-0.2,18,28,25,1,1,0,0,0,0,0,0,1,17,0.04,0.077,0.04,0.117,-68,0.061,-113,1,0,0,2,0,0,"1",0,-0.2,18,28,25,1,1,0,0,0,0,0,0,1,17,0.04,0.077,0.04,0.117,-68,0.061,-113,1,0,0,2,0,0,1,"SP/SP4",33.9,1,2500000,2500000,9.162,874
"Gordon Beckham","CHW","2015",0.8,100,237,211,24,44,8,0,6,20,0,1,19,43,0.209,0.275,0.332,0.607,70,0.271,66,70,6,2,1,4,1,"5H4/6D",0,0.8,100,237,211,24,44,8,0,6,20,0,1,19,43,0.209,0.275,0.332,0.607,70,0.271,66,70,6,2,1,4,1,1,"2B",28.9,1,2000000,2000000,5.123,879
"Gordon Beckham","2TM","2016",-0.7,88,279,245,25,52,16,1,5,31,1,0,26,52,0.212,0.294,0.347,0.641,72,0.29,70,85,12,4,0,4,1,"4H56",0,-0.7,88,279,245,25,52,16,1,5,31,1,0,26,52,0.212,0.294,0.347,0.641,72,0.29,70,85,12,4,0,4,1,1,"2B",29.9,1,1250000,1250000,6.123,880
"Gordon Beckham","SEA","2017",-0.2,11,18,17,2,3,0,0,0,0,1,0,1,2,0.176,0.222,0.176,0.399,12,0.195,-1,3,2,0,0,0,0,"/46H5",0,-0.2,11,18,17,2,3,0,0,0,0,1,0,1,2,0.176,0.222,0.176,0.399,12,0.195,-1,3,2,0,0,0,0,1,"2B",30.9,1,695958.90057858,695958.90057858,7.123,881
"Gordon Beckham","SEA","2018",0.5,22,50,44,3,8,1,0,0,1,1,0,4,11,0.182,0.25,0.205,0.455,31,0.236,37,9,1,0,2,0,0,"4/5H6D",0,0.5,22,50,44,3,8,1,0,0,1,1,0,4,11,0.182,0.25,0.205,0.455,31,0.236,37,9,1,0,2,0,0,0,"2B",31.9,1,694114.573020403,694114.573020403,7.153,882
"Gordon Beckham","DET","2019",-1.3,83,240,223,29,48,13,2,6,15,3,1,13,68,0.215,0.271,0.372,0.643,68,0.282,65,83,6,4,0,0,0,"4H6D/53",0,-1.3,83,240,223,29,48,13,2,6,15,3,1,13,68,0.215,0.271,0.372,0.643,68,0.282,65,83,6,4,0,0,0,1,"2B",32.9,1,700000,700000,8.023,883
"Grady Sizemore","2TM","2014",0.2,112,381,347,35,81,19,4,5,27,6,1,33,76,0.233,0.299,0.354,0.654,82,0.308,85,123,10,0,0,1,0,"798H",0,0.2,112,381,347,35,81,19,4,5,27,6,1,33,76,0.233,0.299,0.354,0.654,82,0.308,85,123,10,0,0,1,0,1,"RF",32,1,750000,750000,1,887
"Grady Sizemore","2TM","2015",-0.2,97,296,273,24,69,17,0,6,33,3,3,20,60,0.253,0.307,0.381,0.688,91,0.308,93,104,3,2,0,1,0,"97HD",0,-0.2,97,296,273,24,69,17,0,6,33,3,3,20,60,0.253,0.307,0.381,0.688,91,0.308,93,104,3,2,0,1,0,1,"RF",33,1,687225.311355765,687225.311355765,2,888
"Greg Holland","COL","2017",0,55,0,0,0,0,0,0,0,0,0,0,0,0,0,0,0,0,0,0,0,0,0,0,0,0,0,"1",1,0,55,0,0,0,0,0,0,0,0,0,0,0,0,0,0,0,0,0,0,0,0,0,0,0,0,0,1,"RP",31.8,1,7000000,7000000,5.028,891
"Greg Holland","2TM","2018",0,54,0,0,0,0,0,0,0,0,0,0,0,0,0,0,0,0,0,0,0,0,0,0,0,0,0,"1",0,0,54,0,0,0,0,0,0,0,0,0,0,0,0,0,0,0,0,0,0,0,0,0,0,0,0,0,1,"RP",32.8,1,14000000,14000000,6.028,892
"Greg Holland","ARI","2019",0,39,0,0,0,0,0,0,0,0,0,0,0,0,0,0,0,0,0,0,0,0,0,0,0,0,0,"1",0,0,39,0,0,0,0,0,0,0,0,0,0,0,0,0,0,0,0,0,0,0,0,0,0,0,0,0,1,"RP",33.8,1,3250000,3250000,7.027,893
"Greg Holland","KCR","2021",0,6,0,0,0,0,0,0,0,0,0,0,0,0,0,0,0,0,0,0,0,0,0,0,0,0,0,"1",0,0,6,0,0,0,0,0,0,0,0,0,0,0,0,0,0,0,0,0,0,0,0,0,0,0,0,0,0,"RP",35.8,1,2750000,2750000,8.163,895
"Hansel Robles","2TM","2021",0,4,0,0,0,0,0,0,0,0,0,0,0,0,0,0,0,0,0,0,0,0,0,0,0,0,0,"1",0,0,4,0,0,0,0,0,0,0,0,0,0,0,0,0,0,0,0,0,0,0,0,0,0,0,0,0,1,"RP",31,1,2000000,2000000,5.119,899
"Hanser Alberto","KCR","2021",0.6,103,255,241,25,65,20,3,2,24,3,1,4,26,0.27,0.291,0.402,0.693,86,0.298,80,97,1,4,4,2,0,"54H6D/1",0,0.6,103,255,241,25,65,20,3,2,24,3,1,4,26,0.27,0.291,0.402,0.693,86,0.298,80,97,1,4,4,2,0,1,"2B",28.8,1,1650000,1650000,4.085,901
"Hanser Alberto","LAD","2022",0,73,159,156,13,38,9,2,2,15,0,1,3,25,0.244,0.258,0.365,0.623,73,0.282,75,57,7,0,0,0,0,"45H1/6D39",0,0,73,159,156,13,38,9,2,2,15,0,1,3,25,0.244,0.258,0.365,0.623,73,0.282,75,57,7,0,0,0,0,1,"2B",29.8,1,1600000,1600000,5.085,902
"Hanser Alberto","CHW","2023",0.3,30,90,82,11,18,5,0,3,16,0,0,4,13,0.22,0.261,0.39,0.652,76,0.289,77,32,1,1,2,1,0,"54/13H",0,0.3,30,90,82,11,18,5,0,3,16,0,0,4,13,0.22,0.261,0.39,0.652,76,0.289,77,32,1,1,2,1,0,1,"2B",30.8,1,1300000,1300000,6.085,903
"Harrison Bader","NYM","2024",0.9,143,437,402,57,95,19,0,12,51,17,8,21,95,0.236,0.284,0.373,0.657,86,0.287,83,150,6,8,0,6,1,"8H/D",0,0.9,143,437,402,57,95,19,0,12,51,17,8,21,95,0.236,0.284,0.373,0.657,86,0.287,83,150,6,8,0,6,1,1,"CF",29,1,10500000,10500000,0,904
"Harrison Bader","2TM","2025",3.9,146,501,448,61,124,24,1,17,54,11,7,39,136,0.277,0.347,0.449,0.796,118,0.344,117,201,5,11,0,3,0,"87H/9",0,3.9,146,501,448,61,124,24,1,17,54,11,7,39,136,0.277,0.347,0.449,0.796,118,0.344,117,201,5,11,0,3,0,1,"CF",30,1,6250000,6250000,1,905
"Heath Bell","MIA","2012",0,70,0,0,0,0,0,0,0,0,0,0,0,0,0,0,0,0,0,0,0,0,0,0,0,0,0,"1",0,0,70,0,0,0,0,0,0,0,0,0,0,0,0,0,0,0,0,0,0,0,0,0,0,0,0,0,1,"RP",34.8,3,27000000,9000000,0,906
"Heath Bell","ARI","2013",0,64,0,0,0,0,0,0,0,0,0,0,0,0,0,0,0,0,0,0,0,0,0,0,0,0,0,"1",0,0,64,0,0,0,0,0,0,0,0,0,0,0,0,0,0,0,0,0,0,0,0,0,0,0,0,0,1,"RP",35.8,3,27000000,9000000,1,906
"Heath Bell","TBR","2014",0,1,0,0,0,0,0,0,0,0,0,0,0,0,0,0,0,0,0,0,0,0,0,0,0,0,0,"1",0,0,1,0,0,0,0,0,0,0,0,0,0,0,0,0,0,0,0,0,0,0,0,0,0,0,0,0,1,"RP",36.8,3,27000000,9000000,2,906
"Heath Bell","TBR","2014",0,1,0,0,0,0,0,0,0,0,0,0,0,0,0,0,0,0,0,0,0,0,0,0,0,0,0,"1",0,0,1,0,0,0,0,0,0,0,0,0,0,0,0,0,0,0,0,0,0,0,0,0,0,0,0,0,1,"RP",36.8,1,37230280.3314039,37230280.3314039,3,907
"Heath Hembree","2TM","2021",0,56,1,1,0,0,0,0,0,0,0,0,0,1,0,0,0,0,-100,0,-133,0,0,0,0,0,0,"1",0,0,56,1,1,0,0,0,0,0,0,0,0,0,1,0,0,0,0,-100,0,-133,0,0,0,0,0,0,1,"RP",32.6,1,1478945.37519612,1478945.37519612,5.106,909
"Hector Neris","HOU","2023",0,1,0,0,0,0,0,0,0,0,0,0,0,0,0,0,0,0,0,0,0,0,0,0,0,0,0,"1",0,0,1,0,0,0,0,0,0,0,0,0,0,0,0,0,0,0,0,0,0,0,0,0,0,0,0,0,1,"RP/SU8",34.2,2,17000000,8500000,1,911
"Hector Neris","CHC","2024",0,1,0,0,0,0,0,0,0,0,0,0,0,0,0,0,0,0,0,0,0,0,0,0,0,0,0,"1",0,0,1,0,0,0,0,0,0,0,0,0,0,0,0,0,0,0,0,0,0,0,0,0,0,0,0,0,1,"RP/SU8",35.2,1,4870000,4870000,2,912
"Hector Santiago","CHW","2018",-0.1,5,4,4,0,0,0,0,0,0,0,0,0,2,0,0,0,0,-100,0,-130,0,1,0,0,0,0,"1",0,-0.1,5,4,4,0,0,0,0,0,0,0,0,0,2,0,0,0,0,-100,0,-130,0,1,0,0,0,0,1,"RP",30.7,1,2547209.44227671,2547209.44227671,6.016,914
"Hector Santiago","2TM","2019",0,9,0,0,0,0,0,0,0,0,0,0,0,0,0,0,0,0,0,0,0,0,0,0,0,0,0,"1",0,0,9,0,0,0,0,0,0,0,0,0,0,0,0,0,0,0,0,0,0,0,0,0,0,0,0,0,0,"RP",31.7,1,691688.341292727,691688.341292727,7.016,915
"Henderson Alvarez Iii","PHI","2017",-0.1,3,6,6,0,0,0,0,0,0,0,0,0,2,0,0,0,0,-100,0,-139,0,0,0,0,0,0,"/1",0,-0.1,3,6,6,0,0,0,0,0,0,0,0,0,2,0,0,0,0,-100,0,-139,0,0,0,0,0,0,1,"SP",27.3,1,750000,750000,1,918
"Henry Blanco","ARI","2012",-0.2,21,67,64,6,12,3,0,1,7,1,0,3,18,0.188,0.224,0.281,0.505,35,0.255,39,18,1,0,0,0,0,"2/H",0,-0.2,21,67,64,6,12,3,0,1,7,1,0,3,18,0.188,0.224,0.281,0.505,35,0.255,39,18,1,0,0,0,0,0,"C",40.9,1,1200000,1200000,2.136,919
"Henry Blanco","2TM","2013",-1.1,50,150,134,11,19,5,0,3,14,0,0,14,36,0.142,0.228,0.246,0.474,35,0.22,28,33,5,1,1,0,0,"2/H",0,-1.1,50,150,134,11,19,5,0,3,14,0,0,14,36,0.142,0.228,0.246,0.474,35,0.22,28,33,5,1,1,0,0,1,"C",41.9,1,750000,750000,3.136,920
"Hiroki Kuroda","NYY","2012",0,1,2,2,0,0,0,0,0,0,0,0,0,1,0,0,0,0,-100,0,-139,0,0,0,0,0,0,"1",0,0,1,2,2,0,0,0,0,0,0,0,0,0,1,0,0,0,0,-100,0,-139,0,0,0,0,0,0,1,NA,37.5,1,14277643.5768536,14277643.5768536,0,921
"Hiroki Kuroda","NYY","2013",-0.1,3,6,6,0,0,0,0,0,0,0,0,0,3,0,0,0,0,-100,0,-139,0,0,0,0,0,0,"1",0,-0.1,3,6,6,0,0,0,0,0,0,0,0,0,3,0,0,0,0,-100,0,-139,0,0,0,0,0,0,0,NA,38.5,1,15000000,15000000,1,922
"Hiroki Kuroda","NYY","2014",0,1,3,3,0,0,0,0,0,0,0,0,0,0,0,0,0,0,-100,0,-138,0,0,0,0,0,0,"1",0,0,1,3,3,0,0,0,0,0,0,0,0,0,0,0,0,0,0,-100,0,-138,0,0,0,0,0,0,0,NA,39.5,1,16000000,16000000,2,923
"Hisashi Iwakuma","SEA","2013",0,1,3,3,0,0,0,0,0,0,0,0,0,2,0,0,0,0,-100,0,-130,0,0,0,0,0,0,"1",3,0,1,3,3,0,0,0,0,0,0,0,0,0,2,0,0,0,0,-100,0,-130,0,0,0,0,0,0,0,NA,32.3,2,14000000,7000000,0,924
"Hisashi Iwakuma","SEA","2014",0,2,6,4,0,0,0,0,0,0,0,0,1,3,0,0.2,0,0.2,-35,0.139,-55,0,0,0,1,0,0,"1",0,0,2,6,4,0,0,0,0,0,0,0,0,1,3,0,0.2,0,0.2,-35,0.139,-55,0,0,0,1,0,0,0,NA,33.3,2,14000000,7000000,1,924
"Hisashi Iwakuma","SEA","2016",0,2,3,2,0,0,0,0,0,0,0,0,0,1,0,0,0,0,-100,0,-252,0,0,0,1,0,0,"1",0,0,2,3,2,0,0,0,0,0,0,0,0,0,1,0,0,0,0,-100,0,-252,0,0,0,1,0,0,0,NA,35.3,1,12000000,12000000,2,925
"Hoby Milner","MIL","2024",0,1,0,0,0,0,0,0,0,0,0,0,0,0,0,0,0,0,0,0,0,0,0,0,0,0,0,"1",0,0,1,0,0,0,0,0,0,0,0,0,0,0,0,0,0,0,0,0,0,0,0,0,0,0,0,0,0,"RP",33.6,1,2108180.68674506,2108180.68674506,3,930
"Hoby Milner","TEX","2025",0,2,0,0,0,0,0,0,0,0,0,0,0,0,0,0,0,0,0,0,0,0,0,0,0,0,0,"1",0,0,2,0,0,0,0,0,0,0,0,0,0,0,0,0,0,0,0,0,0,0,0,0,0,0,0,0,1,"RP",34.6,1,2500000,2500000,4,931
"Homer Bailey","2TM","2019",0.1,3,5,5,0,2,0,0,0,1,0,0,0,1,0.4,0.4,0.4,0.8,119,0.336,110,2,0,0,0,0,0,"1",0,0.1,3,5,5,0,2,0,0,0,1,0,0,0,1,0.4,0.4,0.4,0.8,119,0.336,110,2,0,0,0,0,0,1,"SP",33.2,1,555000,555000,10.017,932
"Howie Kendrick","LAD","2016",0.8,146,543,487,65,124,26,2,8,40,10,2,50,96,0.255,0.326,0.366,0.691,87,0.319,90,178,20,3,0,3,2,"74H53/D",0,0.8,146,543,487,65,124,26,2,8,40,10,2,50,96,0.255,0.326,0.366,0.691,87,0.319,90,178,20,3,0,3,2,0,"2B/LF",33.1,2,20000000,10000000,0,934
"Howie Kendrick","2TM","2017",1.2,91,334,305,40,96,16,3,9,41,12,5,22,68,0.315,0.368,0.475,0.844,118,0.37,123,145,8,5,0,2,0,"74H/39D",0,1.2,91,334,305,40,96,16,3,9,41,12,5,22,68,0.315,0.368,0.475,0.844,118,0.37,123,145,8,5,0,2,0,0,"2B/LF",34.1,2,20000000,10000000,1,934
"Howie Kendrick","WSN","2018",0.3,40,160,152,17,46,14,0,4,12,1,1,5,29,0.303,0.331,0.474,0.805,110,0.347,108,72,6,2,0,1,1,"4/7H3",0,0.3,40,160,152,17,46,14,0,4,12,1,1,5,29,0.303,0.331,0.474,0.805,110,0.347,108,72,6,2,0,1,1,0,"2B/LF",35.1,2,7000000,3500000,2,935
"Howie Kendrick","WSN","2019",2.8,121,370,334,61,115,23,1,17,62,2,1,27,49,0.344,0.395,0.572,0.966,146,0.413,154,191,11,4,0,5,1,"3H45/D",0,2.8,121,370,334,61,115,23,1,17,62,2,1,27,49,0.344,0.395,0.572,0.966,146,0.413,154,191,11,4,0,5,1,0,"2B/LF",36.1,2,7000000,3500000,3,935
"Howie Kendrick","WSN","2019",2.8,121,370,334,61,115,23,1,17,62,2,1,27,49,0.344,0.395,0.572,0.966,146,0.413,154,191,11,4,0,5,1,"3H45/D",0,2.8,121,370,334,61,115,23,1,17,62,2,1,27,49,0.344,0.395,0.572,0.966,146,0.413,154,191,11,4,0,5,1,0,"LF",36.1,2,8723997.09738575,4361998.54869287,4,936
"Howie Kendrick","WSN","2020",-0.2,25,100,91,11,25,4,0,2,14,0,0,7,17,0.275,0.32,0.385,0.705,91,0.299,79,35,4,0,0,2,2,"D/3",0,-0.2,25,100,91,11,25,4,0,2,14,0,0,7,17,0.275,0.32,0.385,0.705,91,0.299,79,35,4,0,0,2,2,0,"LF",37.1,2,8723997.09738575,4361998.54869287,5,936
"Howie Kendrick","WSN","2020",-0.2,25,100,91,11,25,4,0,2,14,0,0,7,17,0.275,0.32,0.385,0.705,91,0.299,79,35,4,0,0,2,2,"D/3",0,-0.2,25,100,91,11,25,4,0,2,14,0,0,7,17,0.275,0.32,0.385,0.705,91,0.299,79,35,4,0,0,2,2,0,"2B/LF",37.1,1,6250000,6250000,6,937
"Hunter Pence","TEX","2019",1.6,83,316,286,53,85,17,1,18,59,6,1,26,69,0.297,0.358,0.552,0.91,126,0.386,128,158,2,2,0,2,0,"D7H/9",1,1.6,83,316,286,53,85,17,1,18,59,6,1,26,69,0.297,0.358,0.552,0.91,126,0.386,128,158,2,2,0,2,0,1,"RF",36.3,1,2000000,2000000,11.156,938
"Hunter Pence","SFG","2020",-0.5,17,56,52,4,5,0,1,2,6,0,0,3,15,0.096,0.161,0.25,0.411,11,0.181,2,13,3,1,0,0,0,"/D79H",0,-0.5,17,56,52,4,5,0,1,2,6,0,0,3,15,0.096,0.161,0.25,0.411,11,0.181,2,13,3,1,0,0,0,1,"RF",37.3,1,3000000,3000000,12.156,939
"Hunter Renfroe","BOS","2021",2.4,144,572,521,89,135,33,0,31,96,1,2,44,130,0.259,0.315,0.501,0.816,114,0.35,115,261,6,1,0,6,0,"9/8HD",0,2.4,144,572,521,89,135,33,0,31,96,1,2,44,130,0.259,0.315,0.501,0.816,114,0.35,115,261,6,1,0,6,0,1,"RF",29.5,1,3100000,3100000,0,940
"Hunter Renfroe","KCR","2024",0.1,120,424,385,44,88,18,0,15,52,1,1,36,84,0.229,0.297,0.392,0.689,95,0.308,97,151,10,2,0,1,0,"9/HD3",0,0.1,120,424,385,44,88,18,0,15,52,1,1,36,84,0.229,0.297,0.392,0.689,95,0.308,97,151,10,2,0,1,0,1,"RF",32.5,2,13000000,6500000,1,941
"Hunter Renfroe","KCR","2025",-1.5,35,108,99,5,18,6,0,0,4,0,0,8,21,0.182,0.241,0.242,0.483,37,0.216,28,24,4,0,0,1,0,"9/HD",0,-1.5,35,108,99,5,18,6,0,0,4,0,0,8,21,0.182,0.241,0.242,0.483,37,0.216,28,24,4,0,0,1,0,1,"RF",33.5,2,13000000,6500000,2,941
"Hunter Strickland","WSN","2019",0,23,0,0,0,0,0,0,0,0,0,0,0,0,0,0,0,0,0,0,0,0,0,0,0,0,0,"1",0,0,23,0,0,0,0,0,0,0,0,0,0,0,0,0,0,0,0,0,0,0,0,0,0,0,0,0,1,"RP",30.9,1,1300000,1300000,0,942
"Hunter Strickland","2TM","2021",0,33,2,2,0,0,0,0,0,0,0,0,0,1,0,0,0,0,-100,0,-135,0,0,0,0,0,0,"1",0,0,33,2,2,0,0,0,0,0,0,0,0,0,1,0,0,0,0,-100,0,-135,0,0,0,0,0,0,1,"RP",32.9,1,1183156.3001569,1183156.3001569,1,943
"Hunter Strickland","CIN","2022",0,1,0,0,0,0,0,0,0,0,0,0,0,0,0,0,0,0,0,0,0,0,0,0,0,0,0,"1",0,0,1,0,0,0,0,0,0,0,0,0,0,0,0,0,0,0,0,0,0,0,0,0,0,0,0,0,1,"RP",33.9,1,1825000,1825000,2,944
"Ian Desmond","TEX","2016",2.2,156,677,625,107,178,29,3,22,86,21,6,44,160,0.285,0.335,0.446,0.782,104,0.342,102,279,11,5,0,3,2,"87",1,2.2,156,677,625,107,178,29,3,22,86,21,6,44,160,0.285,0.335,0.446,0.782,104,0.342,102,279,11,5,0,3,2,1,"CF/1B",30.9,1,8000000,8000000,6.027,949
"Ian Desmond","COL","2017",-1,95,373,339,47,93,11,1,7,40,15,4,24,87,0.274,0.326,0.375,0.701,72,0.31,63,127,13,4,2,4,1,"73/H68",0,-1,95,373,339,47,93,11,1,7,40,15,4,24,87,0.274,0.326,0.375,0.701,72,0.31,63,127,13,4,2,4,1,1,"CF/1B",31.9,5,70000000,14000000,7.027,950
"Ian Desmond","COL","2018",-0.3,160,619,555,82,131,21,8,22,88,20,6,53,146,0.236,0.307,0.422,0.729,83,0.337,88,234,17,6,1,4,0,"37H/68D",0,-0.3,160,619,555,82,131,21,8,22,88,20,6,53,146,0.236,0.307,0.422,0.729,83,0.337,88,234,17,6,1,4,0,1,"CF/1B",32.9,5,70000000,14000000,8.027,950
"Ian Desmond","COL","2019",-1.5,140,482,443,64,113,31,4,20,65,3,3,34,119,0.255,0.31,0.479,0.788,89,0.334,86,212,12,2,1,2,1,"87H/D1",0,-1.5,140,482,443,64,113,31,4,20,65,3,3,34,119,0.255,0.31,0.479,0.788,89,0.334,86,212,12,2,1,2,1,1,"CF/1B",33.9,5,70000000,14000000,9.027,950
"Ian Gibaut","CIN","2023",0,1,0,0,0,0,0,0,0,0,0,0,0,0,0,0,0,0,0,0,0,0,0,0,0,0,0,"1",0,0,1,0,0,0,0,0,0,0,0,0,0,0,0,0,0,0,0,0,0,0,0,0,0,0,0,0,1,"RP",29.8,1,776527.347664091,776527.347664091,1,952
"Ian Kennedy","KCR","2016",0,2,3,3,0,0,0,0,0,0,0,0,0,2,0,0,0,0,-100,0,-137,0,0,0,0,0,0,"1",0,0,2,3,3,0,0,0,0,0,0,0,0,0,2,0,0,0,0,-100,0,-137,0,0,0,0,0,0,1,"RP",31.7,5,70000000,14000000,6.124,957
"Ian Kennedy","KCR","2017",0.1,2,4,3,0,1,0,0,0,0,0,0,1,0,0.333,0.5,0.333,0.833,131,0.397,148,1,0,0,0,0,0,"1",0,0.1,2,4,3,0,1,0,0,0,0,0,0,1,0,0.333,0.5,0.333,0.833,131,0.397,148,1,0,0,0,0,0,1,"RP",32.7,5,70000000,14000000,7.124,957
"Ian Kennedy","KCR","2018",0.1,1,2,2,0,1,0,0,0,0,0,0,0,0,0.5,0.5,0.5,1,177,0.447,191,1,0,0,0,0,0,"1",0,0.1,1,2,2,0,1,0,0,0,0,0,0,0,0,0.5,0.5,0.5,1,177,0.447,191,1,0,0,0,0,0,1,"RP",33.7,5,70000000,14000000,8.124,957
"Ian Kennedy","KCR","2019",0,4,0,0,0,0,0,0,0,0,0,0,0,0,0,0,0,0,0,0,0,0,0,0,0,0,0,"1",0,0,4,0,0,0,0,0,0,0,0,0,0,0,0,0,0,0,0,0,0,0,0,0,0,0,0,0,1,"RP",34.7,5,70000000,14000000,9.124,957
"Ian Kennedy","2TM","2021",0,24,0,0,0,0,0,0,0,0,0,0,0,0,0,0,0,0,0,0,0,0,0,0,0,0,0,"1",0,0,24,0,0,0,0,0,0,0,0,0,0,0,0,0,0,0,0,0,0,0,0,0,0,0,0,0,1,"RP",36.7,1,2150000,2150000,11.124,958
"Ian Kennedy","ARI","2022",0,1,0,0,0,0,0,0,0,0,0,0,0,0,0,0,0,0,0,0,0,0,0,0,0,0,0,"1",0,0,1,0,0,0,0,0,0,0,0,0,0,0,0,0,0,0,0,0,0,0,0,0,0,0,0,0,1,"RP",37.7,1,4750000,4750000,12.124,959
"Ichiro Suzuki","NYY","2013",2.1,150,555,520,57,136,15,3,7,35,20,4,26,63,0.262,0.297,0.342,0.639,77,0.294,73,178,6,1,6,2,4,"9H8/7D",0,2.1,150,555,520,57,136,15,3,7,35,20,4,26,63,0.262,0.297,0.342,0.639,77,0.294,73,178,6,1,6,2,4,0,NA,39.8,2,13000000,6500000,0,961
"Ichiro Suzuki","NYY","2014",0.9,143,385,359,42,102,13,2,1,22,15,3,21,68,0.284,0.324,0.34,0.664,89,0.311,89,122,3,1,2,2,1,"9H/78D",0,0.9,143,385,359,42,102,13,2,1,22,15,3,21,68,0.284,0.324,0.34,0.664,89,0.311,89,122,3,1,2,2,1,0,NA,40.8,2,13000000,6500000,1,961
"Ichiro Suzuki","MIA","2015",-1.1,153,438,398,45,91,5,6,1,21,11,5,31,51,0.229,0.282,0.279,0.561,58,0.257,51,111,8,0,5,4,1,"9H7/8D1",0,-1.1,153,438,398,45,91,5,6,1,21,11,5,31,51,0.229,0.282,0.279,0.561,58,0.257,51,111,8,0,5,4,1,1,NA,41.8,1,2000000,2000000,2,962
"Ichiro Suzuki","MIA","2016",1.6,143,365,327,48,95,15,5,1,22,10,2,30,42,0.291,0.354,0.376,0.73,102,0.331,103,123,4,3,3,2,1,"H978/D",0,1.6,143,365,327,48,95,15,5,1,22,10,2,30,42,0.291,0.354,0.376,0.73,102,0.331,103,123,4,3,3,2,1,0,"RF",42.8,1,2649703.96038804,2649703.96038804,3,963
"Ichiro Suzuki","MIA","2017",-0.2,136,215,196,19,50,6,0,3,20,1,1,17,35,0.255,0.318,0.332,0.649,79,0.286,76,65,2,1,1,0,1,"H98/7D",0,-0.2,136,215,196,19,50,6,0,3,20,1,1,17,35,0.255,0.318,0.332,0.649,79,0.286,76,65,2,1,1,0,1,0,"RF",43.8,1,2601715.51618161,2601715.51618161,4,964
"Ichiro Suzuki","SEA","2018",-0.5,15,47,44,5,9,0,0,0,0,0,0,3,7,0.205,0.255,0.205,0.46,33,0.207,23,9,0,0,0,0,0,"7/DH9",0,-0.5,15,47,44,5,9,0,0,0,0,0,0,3,7,0.205,0.255,0.205,0.46,33,0.207,23,9,0,0,0,0,0,1,NA,44.8,1,750000,750000,5,965
"Ildemaro Vargas","2TM","2022",1.5,63,222,209,19,55,13,1,4,23,3,1,8,23,0.263,0.299,0.392,0.691,97,0.308,97,82,6,3,1,1,0,"56/4H1",0,1.5,63,222,209,19,55,13,1,4,23,3,1,8,23,0.263,0.299,0.392,0.691,97,0.308,97,82,6,3,1,1,0,1,"2B",31.1,1,780223.372192982,780223.372192982,0,966
"Ildemaro Vargas","WSN","2024",-0.5,95,303,272,21,67,16,0,1,30,9,4,19,31,0.246,0.295,0.316,0.611,74,0.273,71,86,9,2,5,5,0,"547H/613D",0,-0.5,95,303,272,21,67,16,0,1,30,9,4,19,31,0.246,0.295,0.316,0.611,74,0.273,71,86,9,2,5,5,0,0,"2B",33.1,1,1131218.90508272,1131218.90508272,1,967
"Ildemaro Vargas","ARI","2025",0.2,38,121,115,12,31,2,1,3,19,0,0,2,15,0.27,0.292,0.383,0.674,86,0.291,78,44,3,2,1,1,0,"43/H5D6",0,0.2,38,121,115,12,31,2,1,3,19,0,0,2,15,0.27,0.292,0.383,0.674,86,0.291,78,44,3,2,1,1,0,0,"2B",34.1,1,1000000,1000000,2,968
"Ivan Nova","PIT","2017",-0.6,29,60,51,0,1,0,0,0,0,0,0,0,31,0.02,0.02,0.02,0.039,-90,0.035,-151,1,0,0,9,0,0,"1",0,-0.6,29,60,51,0,1,0,0,0,0,0,0,0,31,0.02,0.02,0.02,0.039,-90,0.035,-151,1,0,0,9,0,0,0,"SP/SP3",30.6,3,26000000,8666666.66666667,6.024,969
"Ivan Nova","PIT","2018",-0.6,27,56,53,1,1,0,0,0,0,0,0,0,30,0.019,0.019,0.019,0.038,-90,0.017,-138,1,1,0,3,0,0,"1",0,-0.6,27,56,53,1,1,0,0,0,0,0,0,0,30,0.019,0.019,0.019,0.038,-90,0.017,-138,1,1,0,3,0,0,0,"SP/SP3",31.6,3,26000000,8666666.66666667,7.024,969
"Ivan Nova","CHW","2019",-0.1,3,5,5,0,0,0,0,0,0,0,0,0,4,0,0,0,0,-100,0,-129,0,0,0,0,0,0,"1",0,-0.1,3,5,5,0,0,0,0,0,0,0,0,0,4,0,0,0,0,-100,0,-129,0,0,0,0,0,0,0,"SP/SP3",32.6,3,26000000,8666666.66666667,8.024,969
"Ja Happ","TOR","2016",0.3,4,10,7,2,2,0,0,0,0,0,0,0,3,0.286,0.286,0.286,0.571,55,0.51,288,2,0,0,3,0,0,"1",2,0.3,4,10,7,2,2,0,0,0,0,0,0,0,3,0.286,0.286,0.286,0.571,55,0.51,288,2,0,0,3,0,0,1,"SP",33.8,3,36000000,12000000,0,971
"Ja Happ","TOR","2017",0,1,2,2,0,0,0,0,0,0,0,0,0,1,0,0,0,0,-100,0,-138,0,0,0,0,0,0,"1",0,0,1,2,2,0,0,0,0,0,0,0,0,0,1,0,0,0,0,-100,0,-138,0,0,0,0,0,0,1,"SP",34.8,3,36000000,12000000,1,971
"Ja Happ","TOR","2018",0.1,2,7,6,2,2,0,0,0,0,0,0,1,3,0.333,0.429,0.333,0.762,116,0.355,124,2,0,0,0,0,0,"1",1,0.1,2,7,6,2,2,0,0,0,0,0,0,1,3,0.333,0.429,0.333,0.762,116,0.355,124,2,0,0,0,0,0,1,"SP",35.8,3,36000000,12000000,2,971
"Ja Happ","NYY","2019",0,2,4,3,1,0,0,0,0,0,0,0,0,0,0,0,0,0,-100,0,-203,0,0,0,1,0,0,"1/H",0,0,2,4,3,1,0,0,0,0,0,0,0,0,0,0,0,0,0,-100,0,-203,0,0,0,1,0,0,0,"SP",36.8,2,34000000,17000000,3,972
"Ja Happ","STL","2021",-0.1,10,15,14,0,0,0,0,0,0,0,0,1,5,0,0.067,0,0.067,-79,0.046,-93,0,0,0,0,0,0,"1",0,-0.1,10,15,14,0,0,0,0,0,0,0,0,1,5,0,0.067,0,0.067,-79,0.046,-93,0,0,0,0,0,0,0,"SP",38.8,2,41664234.7764043,20832117.3882022,6,973
"Ja Happ","STL","2021",-0.1,10,15,14,0,0,0,0,0,0,0,0,1,5,0,0.067,0,0.067,-79,0.046,-93,0,0,0,0,0,0,"1",0,-0.1,10,15,14,0,0,0,0,0,0,0,0,1,5,0,0.067,0,0.067,-79,0.046,-93,0,0,0,0,0,0,1,"SP",38.8,1,8000000,8000000,7,974
"Jace Peterson","2TM","2018",-0.1,96,246,210,21,42,13,2,3,28,13,3,31,58,0.2,0.31,0.324,0.634,76,0.292,74,68,8,3,1,1,0,"57H49/61D",0,-0.1,96,246,210,21,42,13,2,3,28,13,3,31,58,0.2,0.31,0.324,0.634,76,0.292,74,68,8,3,1,1,0,1,"3B",28.2,1,706850.620231786,706850.620231786,0,975
"Jace Peterson","MIL","2020",0.1,26,61,45,6,9,1,0,2,5,1,0,15,20,0.2,0.393,0.356,0.749,104,0.346,106,16,0,0,0,1,0,"9/H3574",0,0.1,26,61,45,6,9,1,0,2,5,1,0,15,20,0.2,0.393,0.356,0.749,104,0.346,106,16,0,0,0,1,0,1,"3B",30.2,1,690523.420485407,690523.420485407,1,976
"Jace Peterson","MIL","2021",0.5,94,302,259,36,64,11,1,6,31,10,1,38,68,0.247,0.348,0.367,0.714,95,0.328,96,95,1,3,0,2,0,"43H957/16",0,0.5,94,302,259,36,64,11,1,6,31,10,1,38,68,0.247,0.348,0.367,0.714,95,0.328,96,95,1,3,0,2,0,0,"3B",31.2,1,680314.872590215,680314.872590215,2,977
"Jace Peterson","MIL","2022",2.2,112,328,288,44,68,14,2,8,34,12,1,33,85,0.236,0.316,0.382,0.698,97,0.312,91,110,8,2,2,3,2,"5H9/347D1",0,2.2,112,328,288,44,68,14,2,8,34,12,1,33,85,0.236,0.316,0.382,0.698,97,0.312,91,110,8,2,2,3,2,0,"3B",32.2,1,2034153.79178885,2034153.79178885,3,978
"Jace Peterson","2TM","2023",-0.5,133,430,374,35,79,10,4,6,37,15,2,47,101,0.211,0.304,0.307,0.611,73,0.282,72,115,7,4,2,3,2,"5H4/D137",0,-0.5,133,430,374,35,79,10,4,6,37,15,2,47,101,0.211,0.304,0.307,0.611,73,0.282,72,115,7,4,2,3,2,1,"3B",33.2,2,9500000,4750000,4,979
"Jace Peterson","ARI","2024",-0.6,14,26,22,2,1,0,0,0,1,0,0,3,6,0.045,0.154,0.045,0.199,-40,0.114,-49,1,1,0,0,1,0,"/H64D5",0,-0.6,14,26,22,2,1,0,0,0,1,0,0,3,6,0.045,0.154,0.045,0.199,-40,0.114,-49,1,1,0,0,1,0,1,"3B",34.2,2,9500000,4750000,5,979
"Jackie Bradley Jr","MIL","2021",-0.7,134,428,387,39,63,14,3,6,29,7,1,28,132,0.163,0.236,0.261,0.497,35,0.236,33,101,8,10,0,3,0,"8H97",0,-0.7,134,428,387,39,63,14,3,6,29,7,1,28,132,0.163,0.236,0.261,0.497,35,0.236,33,101,8,10,0,3,0,1,"CF",31.3,2,24000000,12000000,6.15,982
"Jackie Bradley Jr","2TM","2022",-0.8,131,370,344,30,70,23,1,4,38,2,3,24,77,0.203,0.255,0.311,0.566,58,0.253,53,107,5,0,2,0,0,"98/H1",0,-0.8,131,370,344,30,70,23,1,4,38,2,3,24,77,0.203,0.255,0.311,0.566,58,0.253,53,107,5,0,2,0,0,1,"CF",32.3,2,24000000,12000000,7.15,982
"Jackie Bradley Jr","KCR","2023",-0.4,43,113,105,10,14,5,0,1,6,0,0,5,29,0.133,0.188,0.21,0.397,9,0.188,3,22,3,2,1,0,0,"89/7H",0,-0.4,43,113,105,10,14,5,0,1,6,0,0,5,29,0.133,0.188,0.21,0.397,9,0.188,3,22,3,2,1,0,0,1,"CF",33.3,1,900000,900000,8.15,983
"Jacob Stallings","COL","2024",1.7,82,281,243,31,64,17,1,9,36,0,0,27,65,0.263,0.357,0.453,0.81,116,0.355,117,110,10,9,1,1,1,"2/HD",0,1.7,82,281,243,31,64,17,1,9,36,0,0,27,65,0.263,0.357,0.453,0.81,116,0.355,117,110,10,9,1,1,1,1,"C",34,1,2000000,2000000,0,988
"Jacob Stallings","2TM","2025",-1.3,42,129,119,5,16,4,0,0,9,0,0,6,40,0.134,0.195,0.168,0.363,1,0.178,-8,20,5,3,1,0,0,"2/H1",0,-1.3,42,129,119,5,16,4,0,0,9,0,0,6,40,0.134,0.195,0.168,0.363,1,0.178,-8,20,5,3,1,0,0,0,"C",35,1,2500000,2500000,1,989
"Jake Arrieta","PHI","2018",0.1,28,50,45,3,6,0,0,1,3,0,0,3,27,0.133,0.188,0.2,0.388,4,0.18,-17,9,1,0,2,0,0,"1",0,0.1,28,50,45,3,6,0,0,1,3,0,0,3,27,0.133,0.188,0.2,0.388,4,0.18,-17,9,1,0,2,0,0,1,"SP/SP1",32.4,3,75000000,25000000,6.145,992
"Jake Arrieta","PHI","2019",0,23,50,45,2,7,1,0,0,4,0,0,1,19,0.156,0.174,0.178,0.352,-8,0.175,-26,8,1,0,4,0,0,"1",0,0,23,50,45,2,7,1,0,0,4,0,0,1,19,0.156,0.174,0.178,0.352,-8,0.175,-26,8,1,0,4,0,0,1,"SP/SP1",33.4,3,75000000,25000000,7.145,992
"Jake Arrieta","2TM","2021",0.2,24,30,23,3,3,0,0,0,0,0,0,2,16,0.13,0.231,0.13,0.361,2,0.185,-2,3,0,1,4,0,0,"1/H",0,0.2,24,30,23,3,3,0,0,0,0,0,0,2,16,0.13,0.231,0.13,0.361,2,0.185,-2,3,0,1,4,0,0,1,"SP/SP1",35.4,1,6000000,6000000,9.145,993
"Jake Bauers","NYY","2023",-0.9,84,272,242,28,49,15,0,12,30,3,2,27,95,0.202,0.279,0.413,0.693,87,0.301,86,100,3,0,0,3,0,"973H/D",0,-0.9,84,272,242,28,49,15,0,12,30,3,2,27,95,0.202,0.279,0.413,0.693,87,0.301,86,100,3,0,0,3,0,1,"1B/OF",27.8,1,765889.986737186,765889.986737186,0,994
"Jake Bauers","MIL","2024",-0.3,116,346,302,45,60,9,2,12,43,13,1,39,118,0.199,0.301,0.361,0.662,84,0.3,81,109,0,5,0,0,1,"3HD9/71",0,-0.3,116,346,302,45,60,9,2,12,43,13,1,39,118,0.199,0.301,0.361,0.662,84,0.3,81,109,0,5,0,0,1,1,"1B",28.8,1,1388314.11078333,1388314.11078333,1,995
"Jake Bauers","MIL","2025",0.7,85,218,183,28,43,9,0,7,28,8,1,32,59,0.235,0.353,0.399,0.752,111,0.34,111,73,1,2,0,1,1,"3H7/D19",0,0.7,85,218,183,28,43,9,0,7,28,8,1,32,59,0.235,0.353,0.399,0.752,111,0.34,111,73,1,2,0,1,1,0,"1B",29.8,1,1400000,1400000,2,996
"Jake Diekman","2TM","2019",0,5,0,0,0,0,0,0,0,0,0,0,0,0,0,0,0,0,0,0,0,0,0,0,0,0,0,"1",0,0,5,0,0,0,0,0,0,0,0,0,0,0,0,0,0,0,0,0,0,0,0,0,0,0,0,0,1,"RP",32.6,1,2750000,2750000,0,997
"Jake Diekman","OAK","2021",0,4,1,1,0,0,0,0,0,0,0,0,0,1,0,0,0,0,-100,0,-117,0,0,0,0,0,0,"1",0,0,4,1,1,0,0,0,0,0,0,0,0,0,1,0,0,0,0,-100,0,-117,0,0,0,0,0,0,0,"RP",34.6,2,7500000,3750000,2,998
"Jake Diekman","NYM","2024",0,1,0,0,0,0,0,0,0,0,0,0,0,0,0,0,0,0,0,0,0,0,0,0,0,0,0,"1",0,0,1,0,0,0,0,0,0,0,0,0,0,0,0,0,0,0,0,0,0,0,0,0,0,0,0,0,1,"RP",37.6,1,4113523.29120988,4113523.29120988,6,1001
"Jake Elmore","MIL","2016",-0.7,59,99,78,7,17,2,0,0,4,2,3,17,17,0.218,0.371,0.244,0.615,68,0.287,71,19,1,2,2,0,1,"H7/5948",0,-0.7,59,99,78,7,17,2,0,0,4,2,3,17,17,0.218,0.371,0.244,0.615,68,0.287,71,19,1,2,2,0,1,1,"LF",29.2,1,672362.379948466,672362.379948466,0,1002
"Jake Elmore","PIT","2019",-0.4,20,49,47,3,10,1,0,0,4,0,1,2,8,0.213,0.245,0.234,0.479,28,0.222,30,11,0,0,0,0,0,"/H7594",0,-0.4,20,49,47,3,10,1,0,0,4,0,1,2,8,0.213,0.245,0.234,0.479,28,0.222,30,11,0,0,0,0,0,1,"LF",32.2,1,691688.341292727,691688.341292727,1,1003
"Jake Lamb","2TM","2020",-0.3,31,99,88,7,17,5,0,3,10,0,1,8,25,0.193,0.283,0.352,0.635,74,0.286,77,31,1,3,0,0,0,"53/D",0,-0.3,31,99,88,7,17,5,0,3,10,0,1,8,25,0.193,0.283,0.352,0.635,74,0.286,77,31,1,3,0,0,0,1,"1B",29.8,1,690523.420485407,690523.420485407,5.053,1006
"Jake Lamb","2TM","2022",-0.2,41,111,97,13,21,6,1,3,6,0,1,11,38,0.216,0.315,0.392,0.707,100,0.318,105,38,4,3,0,0,0,"D7/H935",0,-0.2,41,111,97,13,21,6,1,3,6,0,1,11,38,0.216,0.315,0.392,0.707,100,0.318,105,38,4,3,0,0,0,1,"1B",31.8,1,1500000,1500000,7.053,1007
"Jake Lamb","LAA","2023",0.1,18,54,51,7,11,1,0,2,5,0,0,3,15,0.216,0.259,0.353,0.612,65,0.284,72,18,1,0,0,0,0,"3/H1",0,0.1,18,54,51,7,11,1,0,2,5,0,0,3,15,0.216,0.259,0.353,0.612,65,0.284,72,18,1,0,0,0,0,1,"1B",32.8,1,1250000,1250000,7.14,1008
"Jake Marisnick","2TM","2021",0,99,198,176,21,38,7,3,5,24,4,1,11,65,0.216,0.286,0.375,0.661,79,0.291,74,66,4,7,2,2,0,"8H7/9",0,0,99,198,176,21,38,7,3,5,24,4,1,11,65,0.216,0.286,0.375,0.661,79,0.291,74,66,4,7,2,2,0,1,"CF",30.3,1,1500000,1500000,6.132,1009
"Jake Marisnick","PIT","2022",0.3,31,82,77,9,18,6,0,2,6,2,1,4,24,0.234,0.272,0.39,0.661,85,0.305,92,30,2,0,1,0,1,"87/9H",0,0.3,31,82,77,9,18,6,0,2,6,2,1,4,24,0.234,0.272,0.39,0.661,85,0.305,92,30,2,0,1,0,1,1,"CF",31.3,1,1300000,1300000,7.132,1010
"Jake Marisnick","3TM","2023",0.4,46,83,76,10,18,3,2,2,10,2,3,3,21,0.237,0.28,0.408,0.688,87,0.293,90,31,4,2,1,1,0,"8/H9D",0,0.4,46,83,76,10,18,3,2,2,10,2,3,3,21,0.237,0.28,0.408,0.688,87,0.293,90,31,4,2,1,1,0,1,"CF",32.3,1,765889.986737186,765889.986737186,8.083,1011
"Jake Mcgee","COL","2018",0,57,0,0,0,0,0,0,0,0,0,0,0,0,0,0,0,0,0,0,0,0,0,0,0,0,0,"1",0,0,57,0,0,0,0,0,0,0,0,0,0,0,0,0,0,0,0,0,0,0,0,0,0,0,0,0,0,"RP/SU8",32,3,27000000,9000000,6.127,1012
"Jake Mcgee","COL","2019",0,42,0,0,0,0,0,0,0,0,0,0,0,0,0,0,0,0,0,0,0,0,0,0,0,0,0,"1",0,0,42,0,0,0,0,0,0,0,0,0,0,0,0,0,0,0,0,0,0,0,0,0,0,0,0,0,0,"RP/SU8",33,3,27000000,9000000,7.127,1012
"Jake Mcgee","SFG","2021",0,55,0,0,0,0,0,0,0,0,0,0,0,0,0,0,0,0,0,0,0,0,0,0,0,0,0,"1",0,0,55,0,0,0,0,0,0,0,0,0,0,0,0,0,0,0,0,0,0,0,0,0,0,0,0,0,1,"RP/SU8",35,2,5000000,2500000,9.127,1014
"Jake Petricka","TOR","2018",0,2,1,1,0,0,0,0,0,0,0,0,0,1,0,0,0,0,-100,0,-125,0,0,0,0,0,0,"1",0,0,2,1,1,0,0,0,0,0,0,0,0,0,1,0,0,0,0,-100,0,-125,0,0,0,0,0,0,1,"RP",30.2,1,1300000,1300000,4.044,1015
"Jake Petricka","MIL","2019",0,5,0,0,0,0,0,0,0,0,0,0,0,0,0,0,0,0,0,0,0,0,0,0,0,0,0,"/1",0,0,5,0,0,0,0,0,0,0,0,0,0,0,0,0,0,0,0,0,0,0,0,0,0,0,0,0,1,"RP",31.2,1,900000,900000,4.157,1016
"James Hoyt","LAA","2021",0,1,0,0,0,0,0,0,0,0,0,0,0,0,0,0,0,0,0,0,0,0,0,0,0,0,0,"/1",0,0,1,0,0,0,0,0,0,0,0,0,0,0,0,0,0,0,0,0,0,0,0,0,0,0,0,0,1,"RP",34.8,1,674990.669239509,674990.669239509,1,1018
"James Loney","TBR","2013",2.5,158,598,549,54,164,33,0,13,75,3,1,44,77,0.299,0.348,0.43,0.778,117,0.34,114,236,16,0,1,4,6,"3/HD",0,2.5,158,598,549,54,164,33,0,13,75,3,1,44,77,0.299,0.348,0.43,0.778,117,0.34,114,236,16,0,1,4,6,1,"1B",29.2,1,2000000,2000000,0,1019
"James Loney","TBR","2014",1.2,155,651,600,59,174,27,0,9,69,4,0,41,80,0.29,0.336,0.38,0.716,106,0.327,107,228,21,4,0,6,2,"3/DH",0,1.2,155,651,600,59,174,27,0,9,69,4,0,41,80,0.29,0.336,0.38,0.716,106,0.327,107,228,21,4,0,6,2,0,"1B",30.2,3,21000000,7000000,1,1020
"James Loney","TBR","2015",-0.8,104,388,361,25,101,16,0,4,32,2,4,23,34,0.28,0.322,0.357,0.68,91,0.294,84,129,10,1,0,3,5,"3/HD",0,-0.8,104,388,361,25,101,16,0,4,32,2,4,23,34,0.28,0.322,0.357,0.68,91,0.294,84,129,10,1,0,3,5,0,"1B",31.2,3,21000000,7000000,2,1020
"James Loney","NYM","2016",0,100,366,343,30,91,16,1,9,34,0,0,16,37,0.265,0.307,0.397,0.703,89,0.307,85,136,11,5,1,1,3,"3/H",0,0,100,366,343,30,91,16,1,9,34,0,0,16,37,0.265,0.307,0.397,0.703,89,0.307,85,136,11,5,1,1,3,0,"1B",32.2,3,21000000,7000000,3,1020
"James Loney","NYM","2016",0,100,366,343,30,91,16,1,9,34,0,0,16,37,0.265,0.307,0.397,0.703,89,0.307,85,136,11,5,1,1,3,"3/H",0,0,100,366,343,30,91,16,1,9,34,0,0,16,37,0.265,0.307,0.397,0.703,89,0.307,85,136,11,5,1,1,3,1,"1B",32.2,1,672362.379948466,672362.379948466,4,1021
"James Mccann","CHW","2019",3.6,118,476,439,62,120,26,1,18,60,4,1,30,137,0.273,0.328,0.46,0.789,108,0.345,113,202,10,6,1,0,1,"2D/H",1,3.6,118,476,439,62,120,26,1,18,60,4,1,30,137,0.273,0.328,0.46,0.789,108,0.345,113,202,10,6,1,0,1,1,"C",29.2,1,2500000,2500000,0,1022
"James Mccann","NYM","2021",-0.3,121,412,375,29,87,12,1,10,46,1,2,32,115,0.232,0.294,0.349,0.643,76,0.282,72,131,12,2,0,3,1,"2H/3D",0,-0.3,121,412,375,29,87,12,1,10,46,1,2,32,115,0.232,0.294,0.349,0.643,76,0.282,72,131,12,2,0,3,1,1,"C",31.2,4,40600000,10150000,1,1023
"James Mccann","NYM","2022",-0.1,61,191,174,19,34,6,0,3,18,3,0,11,46,0.195,0.257,0.282,0.538,55,0.256,58,49,5,4,0,2,0,"2/3H",0,-0.1,61,191,174,19,34,6,0,3,18,3,0,11,46,0.195,0.257,0.282,0.538,55,0.256,58,49,5,4,0,2,0,1,"C",32.2,4,40600000,10150000,2,1023
"James Mccann","BAL","2023",0.5,69,226,207,25,46,14,0,6,26,3,1,9,57,0.222,0.269,0.377,0.646,79,0.287,80,78,5,5,3,2,0,"2/DH31",0,0.5,69,226,207,25,46,14,0,6,26,3,1,9,57,0.222,0.269,0.377,0.646,79,0.287,80,78,5,5,3,2,0,1,"C",33.2,4,40600000,10150000,3,1023
"James Mccann","BAL","2024",0.7,65,233,214,27,50,9,0,8,31,1,0,13,56,0.234,0.279,0.388,0.667,91,0.293,90,83,3,2,0,4,0,"2/1",0,0.7,65,233,214,27,50,9,0,8,31,1,0,13,56,0.234,0.279,0.388,0.667,91,0.293,90,83,3,2,0,4,0,1,"C",34.2,4,40600000,10150000,4,1023
"James Mccann","ARI","2025",1,42,137,123,18,32,6,0,5,17,0,0,8,33,0.26,0.324,0.431,0.754,107,0.334,109,53,3,4,1,1,0,"2/H3",0,1,42,137,123,18,32,6,0,5,17,0,0,8,33,0.26,0.324,0.431,0.754,107,0.334,109,53,3,4,1,1,0,1,"C",35.2,1,1000000,1000000,5,1024
"Jamey Wright","LAD","2012",0,63,2,2,0,0,0,0,0,0,0,0,0,1,0,0,0,0,-100,0,-141,0,0,0,0,0,0,"1",0,0,63,2,2,0,0,0,0,0,0,0,0,0,1,0,0,0,0,-100,0,-141,0,0,0,0,0,0,1,"RP",37.6,1,900000,900000,4.086,1029
"Jamey Wright","TBR","2013",0,5,0,0,0,0,0,0,0,0,0,0,0,0,0,0,0,0,0,0,0,0,0,0,0,0,0,"1",0,0,5,0,0,0,0,0,0,0,0,0,0,0,0,0,0,0,0,0,0,0,0,0,0,0,0,0,1,"RP",38.6,1,900000,900000,5.086,1030
"Jamey Wright","LAD","2014",-0.1,56,6,5,0,0,0,0,0,0,0,0,0,3,0,0,0,0,-100,0,-183,0,0,0,1,0,0,"1",0,-0.1,56,6,5,0,0,0,0,0,0,0,0,0,3,0,0,0,0,-100,0,-183,0,0,0,1,0,0,1,"RP",39.6,1,1800000,1800000,6.086,1031
"Jandel Gustave","SFG","2019",0,20,1,1,0,0,0,0,0,0,0,0,0,1,0,0,0,0,-100,0,-133,0,0,0,0,0,0,"1",0,0,20,1,1,0,0,0,0,0,0,0,0,0,1,0,0,0,0,-100,0,-133,0,0,0,0,0,0,1,"RP",26.8,1,691688.341292727,691688.341292727,0,1033
"Jandel Gustave","MIL","2021",0,12,2,2,0,0,0,0,0,0,0,0,0,2,0,0,0,0,-100,0,-135,0,0,0,0,0,0,"1",0,0,12,2,2,0,0,0,0,0,0,0,0,0,2,0,0,0,0,-100,0,-135,0,0,0,0,0,0,1,"RP",28.8,1,674990.669239509,674990.669239509,1,1034
"Jared Burton","MIN","2012",0,4,0,0,0,0,0,0,0,0,0,0,0,0,0,0,0,0,0,0,0,0,0,0,0,0,0,"1",0,0,4,0,0,0,0,0,0,0,0,0,0,0,0,0,0,0,0,0,0,0,0,0,0,0,0,0,1,"RP",31.2,1,750000,750000,0,1036
"Jared Hughes","CIN","2018",0,70,0,0,0,0,0,0,0,0,0,0,0,0,0,0,0,0,0,0,0,0,0,0,0,0,0,"1",0,0,70,0,0,0,0,0,0,0,0,0,0,0,0,0,0,0,0,0,0,0,0,0,0,0,0,0,1,"RP",33.1,2,4500000,2250000,5.162,1038
"Jared Hughes","2TM","2019",0,66,2,2,0,0,0,0,0,0,0,0,0,1,0,0,0,0,-100,0,-146,0,0,0,0,0,0,"1",0,0,66,2,2,0,0,0,0,0,0,0,0,0,1,0,0,0,0,-100,0,-146,0,0,0,0,0,0,1,"RP",34.1,2,4500000,2250000,6.162,1038
"Jarrod Dyson","ARI","2018",0.1,67,237,206,29,39,4,2,2,12,16,3,27,34,0.189,0.282,0.257,0.539,45,0.259,34,53,3,0,3,1,2,"89/H7",0,0.1,67,237,206,29,39,4,2,2,12,16,3,27,34,0.189,0.282,0.257,0.539,45,0.259,34,53,3,0,3,1,2,1,"CF",34,2,7500000,3750000,6.088,1040
"Jarrod Dyson","ARI","2019",1.5,130,452,400,65,92,11,2,7,27,30,4,47,86,0.23,0.313,0.32,0.633,66,0.292,61,128,1,2,1,2,0,"89H7",0,1.5,130,452,400,65,92,11,2,7,27,30,4,47,86,0.23,0.313,0.32,0.633,66,0.292,61,128,1,2,1,2,0,1,"CF",35,2,7500000,3750000,7.088,1040
"Jarrod Dyson","2TM","2020",-0.8,32,66,61,9,11,0,0,0,5,6,0,4,11,0.18,0.231,0.18,0.411,15,0.214,7,11,0,0,1,0,0,"8/H7D9",0,-0.8,32,66,61,9,11,0,0,0,5,6,0,4,11,0.18,0.231,0.18,0.411,15,0.214,7,11,0,0,1,0,0,1,"CF",36,1,2000000,2000000,8.088,1041
"Jarrod Dyson","2TM","2021",0,102,149,135,17,28,7,2,0,10,10,5,10,33,0.207,0.26,0.289,0.549,50,0.239,39,39,1,0,3,1,0,"89H7/D",0,0,102,149,135,17,28,7,2,0,10,10,5,10,33,0.207,0.26,0.289,0.549,50,0.239,39,39,1,0,3,1,0,1,"CF",37,1,1500000,1500000,9.088,1042
"Jarrod Saltalamacchia","MIA","2014",0.5,114,435,373,43,82,20,0,11,44,0,1,55,143,0.22,0.32,0.362,0.681,91,0.307,88,135,11,2,0,5,4,"2H/D",0,0.5,114,435,373,43,82,20,0,11,44,0,1,55,143,0.22,0.32,0.362,0.681,91,0.307,88,135,11,2,0,5,4,1,"C",29.4,3,21000000,7000000,0,1043
"Jarrod Saltalamacchia","2TM","2015",0.7,79,227,200,26,45,15,0,9,24,0,0,23,69,0.225,0.31,0.435,0.745,99,0.327,96,87,5,2,1,1,0,"2H/3D",0,0.7,79,227,200,26,45,15,0,9,24,0,0,23,69,0.225,0.31,0.435,0.745,99,0.327,96,87,5,2,1,1,0,1,"C",30.4,3,21000000,7000000,1,1043
"Jarrod Saltalamacchia","DET","2016",-0.5,92,292,246,30,42,5,1,12,38,0,0,41,104,0.171,0.284,0.346,0.63,70,0.283,67,85,1,0,0,5,1,"2H3/D",0,-0.5,92,292,246,30,42,5,1,12,38,0,0,41,104,0.171,0.284,0.346,0.63,70,0.283,67,85,1,0,0,5,1,1,"C",31.4,3,21000000,7000000,2,1043
"Jarrod Saltalamacchia","DET","2016",-0.5,92,292,246,30,42,5,1,12,38,0,0,41,104,0.171,0.284,0.346,0.63,70,0.283,67,85,1,0,0,5,1,"2H3/D",0,-0.5,92,292,246,30,42,5,1,12,38,0,0,41,104,0.171,0.284,0.346,0.63,70,0.283,67,85,1,0,0,5,1,1,"C",31.4,1,507500,507500,3,1044
"Jarrod Saltalamacchia","DET","2018",-0.3,5,8,7,0,0,0,0,0,0,0,0,1,4,0,0.125,0,0.125,-61,0.087,-72,0,0,0,0,0,0,"/H23D",0,-0.3,5,8,7,0,0,0,0,0,0,0,0,1,4,0,0.125,0,0.125,-61,0.087,-72,0,0,0,0,0,0,0,"C",33.4,1,650000,650000,4,1045
"Jason Adam","TOR","2019",0,3,0,0,0,0,0,0,0,0,0,0,0,0,0,0,0,0,0,0,0,0,0,0,0,0,0,"1",0,0,3,0,0,0,0,0,0,0,0,0,0,0,0,0,0,0,0,0,0,0,0,0,0,0,0,0,1,"RP/SU8",28,1,691688.341292727,691688.341292727,0,1046
"Jason Adam","CHC","2021",0,12,0,0,0,0,0,0,0,0,0,0,0,0,0,0,0,0,0,0,0,0,0,0,0,0,0,"1",0,0,12,0,0,0,0,0,0,0,0,0,0,0,0,0,0,0,0,0,0,0,0,0,0,0,0,0,0,"RP",30,1,701020.10784296,701020.10784296,2,1048
"Jason Castro","MIN","2017",2.5,110,407,356,49,86,22,0,10,47,0,0,45,108,0.242,0.333,0.388,0.72,93,0.321,93,138,10,4,1,1,1,"2/H",0,2.5,110,407,356,49,86,22,0,10,47,0,0,45,108,0.242,0.333,0.388,0.72,93,0.321,93,138,10,4,1,1,1,1,"C/DH",30.2,3,24500000,8166666.66666667,0,1053
"Jason Castro","MIN","2018",-0.1,19,74,63,4,9,3,0,1,3,0,0,9,26,0.143,0.257,0.238,0.495,37,0.243,40,15,2,1,0,1,0,"2",0,-0.1,19,74,63,4,9,3,0,1,3,0,0,9,26,0.143,0.257,0.238,0.495,37,0.243,40,15,2,1,0,1,0,1,"C/DH",31.2,3,24500000,8166666.66666667,1,1053
"Jason Castro","MIN","2019",0.6,79,275,237,39,55,9,0,13,30,0,0,33,88,0.232,0.332,0.435,0.767,102,0.327,100,103,0,3,1,1,0,"2/H",0,0.6,79,275,237,39,55,9,0,13,30,0,0,33,88,0.232,0.332,0.435,0.767,102,0.327,100,103,0,3,1,1,0,1,"C/DH",32.2,3,24500000,8166666.66666667,2,1053
"Jason Castro","2TM","2020",-0.2,27,92,80,8,15,9,0,2,9,0,0,12,33,0.188,0.293,0.375,0.668,83,0.294,80,30,2,0,0,0,0,"2/H",0,-0.2,27,92,80,8,15,9,0,2,9,0,0,12,33,0.188,0.293,0.375,0.668,83,0.294,80,30,2,0,0,0,0,1,"C/DH",33.2,1,6850000,6850000,3,1054
"Jason Castro","HOU","2021",1,66,179,149,22,35,7,0,8,21,0,0,25,54,0.235,0.356,0.443,0.799,118,0.357,125,66,4,3,2,0,1,"2H/D",0,1,66,179,149,22,35,7,0,8,21,0,0,25,54,0.235,0.356,0.443,0.799,118,0.357,125,66,4,3,2,0,1,1,"C/DH",34.2,2,7000000,3500000,4,1055
"Jason Castro","HOU","2022",-0.6,34,88,78,6,9,2,0,1,3,1,0,8,40,0.115,0.205,0.179,0.384,12,0.187,7,14,1,1,0,1,0,"2/H",0,-0.6,34,88,78,6,9,2,0,1,3,1,0,8,40,0.115,0.205,0.179,0.384,12,0.187,7,14,1,1,0,1,0,1,"C/DH",35.2,2,7000000,3500000,5,1055
"Jason Castro","HOU","2022",-0.6,34,88,78,6,9,2,0,1,3,1,0,8,40,0.115,0.205,0.179,0.384,12,0.187,7,14,1,1,0,1,0,"2/H",0,-0.6,34,88,78,6,9,2,0,1,3,1,0,8,40,0.115,0.205,0.179,0.384,12,0.187,7,14,1,1,0,1,0,0,"C",35.2,2,7802233.72192982,3901116.86096491,6,1056
"Jason Frasor","TEX","2013",0,3,0,0,0,0,0,0,0,0,0,0,0,0,0,0,0,0,0,0,0,0,0,0,0,0,0,"1",0,0,3,0,0,0,0,0,0,0,0,0,0,0,0,0,0,0,0,0,0,0,0,0,0,0,0,0,1,NA,36,1,1500000,1500000,0,1057
"Jason Frasor","2TM","2015",0,7,0,0,0,0,0,0,0,0,0,0,0,0,0,0,0,0,0,0,0,0,0,0,0,0,0,"1",0,0,7,0,0,0,0,0,0,0,0,0,0,0,0,0,0,0,0,0,0,0,0,0,0,0,0,0,1,NA,38,1,575000,575000,1,1058
"Jason Grilli","PIT","2013",0,51,0,0,0,0,0,0,0,0,0,0,0,0,0,0,0,0,0,0,0,0,0,0,0,0,0,"1",1,0,51,0,0,0,0,0,0,0,0,0,0,0,0,0,0,0,0,0,0,0,0,0,0,0,0,0,0,"RP",36.8,2,6750000,3375000,0,1059
"Jason Grilli","2TM","2014",0,22,0,0,0,0,0,0,0,0,0,0,0,0,0,0,0,0,0,0,0,0,0,0,0,0,0,"1",0,0,22,0,0,0,0,0,0,0,0,0,0,0,0,0,0,0,0,0,0,0,0,0,0,0,0,0,0,"RP",37.8,2,6750000,3375000,1,1059
"Jason Grilli","ATL","2015",0,33,0,0,0,0,0,0,0,0,0,0,0,0,0,0,0,0,0,0,0,0,0,0,0,0,0,"1",0,0,33,0,0,0,0,0,0,0,0,0,0,0,0,0,0,0,0,0,0,0,0,0,0,0,0,0,1,"RP",38.8,2,8000000,4000000,2,1060
"Jason Grilli","2TM","2016",0,21,0,0,0,0,0,0,0,0,0,0,0,0,0,0,0,0,0,0,0,0,0,0,0,0,0,"1",0,0,21,0,0,0,0,0,0,0,0,0,0,0,0,0,0,0,0,0,0,0,0,0,0,0,0,0,1,"RP",39.8,2,8000000,4000000,3,1060
"Jason Grilli","2TM","2016",0,21,0,0,0,0,0,0,0,0,0,0,0,0,0,0,0,0,0,0,0,0,0,0,0,0,0,"1",0,0,21,0,0,0,0,0,0,0,0,0,0,0,0,0,0,0,0,0,0,0,0,0,0,0,0,0,1,"RP",39.8,2,10598815.8415522,5299407.92077608,4,1061
"Jason Grilli","2TM","2017",0,5,0,0,0,0,0,0,0,0,0,0,0,0,0,0,0,0,0,0,0,0,0,0,0,0,0,"1",0,0,5,0,0,0,0,0,0,0,0,0,0,0,0,0,0,0,0,0,0,0,0,0,0,0,0,0,1,"RP",40.8,2,10598815.8415522,5299407.92077608,5,1061
"Jason Grilli","2TM","2017",0,5,0,0,0,0,0,0,0,0,0,0,0,0,0,0,0,0,0,0,0,0,0,0,0,0,0,"1",0,0,5,0,0,0,0,0,0,0,0,0,0,0,0,0,0,0,0,0,0,0,0,0,0,0,0,0,1,"RP",40.8,2,10406862.0647264,5203431.03236322,6,1062
"Jason Hammel","2TM","2014",-0.1,19,43,37,2,5,0,0,0,3,0,0,1,14,0.135,0.158,0.135,0.293,-17,0.138,-64,5,1,0,5,0,0,"1",0,-0.1,19,43,37,2,5,0,0,0,3,0,0,1,14,0.135,0.158,0.135,0.293,-17,0.138,-64,5,1,0,5,0,0,1,"RP",31.9,1,6000000,6000000,0,1063
"Jason Hammel","CHC","2015",0.1,31,70,65,6,11,1,0,0,4,0,0,1,18,0.169,0.179,0.185,0.364,1,0.161,-26,12,1,0,3,1,0,"1/H",0,0.1,31,70,65,6,11,1,0,0,4,0,0,1,18,0.169,0.179,0.185,0.364,1,0.161,-26,12,1,0,3,1,0,1,"RP",32.9,2,20000000,10000000,1,1064
"Jason Hammel","CHC","2016",0.3,35,69,65,6,16,3,0,0,7,0,0,1,24,0.246,0.258,0.292,0.55,46,0.252,38,19,0,0,3,0,0,"1/H",0,0.3,35,69,65,6,16,3,0,0,7,0,0,1,24,0.246,0.258,0.292,0.55,46,0.252,38,19,0,0,3,0,0,1,"RP",33.9,2,20000000,10000000,2,1064
"Jason Hammel","KCR","2017",-0.1,3,9,8,0,0,0,0,0,0,0,0,0,2,0,0,0,0,-100,0,-167,0,1,0,1,0,0,"1",0,-0.1,3,9,8,0,0,0,0,0,0,0,0,0,2,0,0,0,0,-100,0,-167,0,1,0,1,0,0,1,"RP",34.9,2,16000000,8000000,3,1065
"Jason Hammel","KCR","2018",0,2,3,3,0,0,0,0,0,0,0,0,0,2,0,0,0,0,-100,0,-134,0,0,0,0,0,0,"1",0,0,2,3,3,0,0,0,0,0,0,0,0,0,2,0,0,0,0,-100,0,-134,0,0,0,0,0,0,1,"RP",35.9,2,16000000,8000000,4,1065
"Jason Hammel","KCR","2018",0,2,3,3,0,0,0,0,0,0,0,0,0,2,0,0,0,0,-100,0,-134,0,0,0,0,0,0,"1",0,0,2,3,3,0,0,0,0,0,0,0,0,0,2,0,0,0,0,-100,0,-134,0,0,0,0,0,0,0,"RP",35.9,2,20377675.5382137,10188837.7691068,5,1066
"Jason Heyward","CHC","2016",1,142,592,530,61,122,27,1,7,49,11,4,54,93,0.23,0.306,0.325,0.631,68,0.292,68,172,12,5,1,2,0,"98/H",1,1,142,592,530,61,122,27,1,7,49,11,4,54,93,0.23,0.306,0.325,0.631,68,0.292,68,172,12,5,1,2,0,1,"RF/RF/CF/CF",27,8,184000000,23000000,0,1067
"Jason Heyward","CHC","2017",2.2,126,481,432,59,112,15,4,11,59,4,4,41,67,0.259,0.326,0.389,0.715,84,0.319,86,168,8,3,2,2,1,"98/H",1,2.2,126,481,432,59,112,15,4,11,59,4,4,41,67,0.259,0.326,0.389,0.715,84,0.319,86,168,8,3,2,2,1,1,"RF/RF/CF/CF",28,8,184000000,23000000,1,1067
"Jason Heyward","CHC","2018",2.2,127,489,440,67,119,23,4,8,57,1,1,42,60,0.27,0.335,0.395,0.731,94,0.326,93,174,7,2,2,2,1,"98/H",0,2.2,127,489,440,67,119,23,4,8,57,1,1,42,60,0.27,0.335,0.395,0.731,94,0.326,93,174,7,2,2,2,1,1,"RF/RF/CF/CF",29,8,184000000,23000000,2,1067
"Jason Heyward","CHC","2019",2.4,147,589,513,78,129,20,4,21,62,8,3,68,110,0.251,0.343,0.429,0.772,100,0.338,102,220,12,5,0,3,5,"98/H",0,2.4,147,589,513,78,129,20,4,21,62,8,3,68,110,0.251,0.343,0.429,0.772,100,0.338,102,220,12,5,0,3,5,1,"RF/RF/CF/CF",30,8,184000000,23000000,3,1067
"Jason Heyward","CHC","2020",1.6,50,181,147,20,39,6,2,6,22,2,0,30,37,0.265,0.392,0.456,0.848,129,0.376,131,67,1,2,0,2,1,"9/H",0,1.6,50,181,147,20,39,6,2,6,22,2,0,30,37,0.265,0.392,0.456,0.848,129,0.376,131,67,1,2,0,2,1,1,"RF/RF/CF/CF",31,8,184000000,23000000,4,1067
"Jason Heyward","CHC","2021",0.3,104,353,323,35,69,15,2,8,30,5,1,27,68,0.214,0.28,0.347,0.627,69,0.293,74,112,4,3,0,0,1,"9/H",0,0.3,104,353,323,35,69,15,2,8,30,5,1,27,68,0.214,0.28,0.347,0.627,69,0.293,74,112,4,3,0,0,1,1,"RF/RF/CF/CF",32,8,184000000,23000000,5,1067
"Jason Heyward","CHC","2022",-0.6,48,151,137,15,28,5,1,1,10,1,0,11,32,0.204,0.278,0.277,0.556,56,0.259,54,38,3,3,0,0,0,"89/H",0,-0.6,48,151,137,15,28,5,1,1,10,1,0,11,32,0.204,0.278,0.277,0.556,56,0.259,54,38,3,3,0,0,0,1,"RF/RF/CF/CF",33,8,184000000,23000000,6,1067
"Jason Heyward","LAD","2023",1.9,124,377,334,56,90,23,0,15,40,2,2,34,64,0.269,0.34,0.473,0.813,119,0.355,122,158,7,3,0,3,1,"98H/73D",0,1.9,124,377,334,56,90,23,0,15,40,2,2,34,64,0.269,0.34,0.473,0.813,119,0.355,122,158,7,3,0,3,1,1,"RF/RF/CF/CF",34,8,184000000,23000000,7,1067
"Jason Heyward","LAD","2023",1.9,124,377,334,56,90,23,0,15,40,2,2,34,64,0.269,0.34,0.473,0.813,119,0.355,122,158,7,3,0,3,1,"98H/73D",0,1.9,124,377,334,56,90,23,0,15,40,2,2,34,64,0.269,0.34,0.473,0.813,119,0.355,122,158,7,3,0,3,1,1,"RF/RF/CF/CF",34,1,720000,720000,8,1068
"Jason Heyward","2TM","2024",1.1,87,258,228,33,48,12,2,10,37,5,0,22,53,0.211,0.288,0.412,0.7,96,0.304,90,94,3,4,0,3,2,"9H/78",0,1.1,87,258,228,33,48,12,2,10,37,5,0,22,53,0.211,0.288,0.412,0.7,96,0.304,90,94,3,4,0,3,2,1,"RF/RF/CF/CF",35,1,5008214.60704802,5008214.60704802,9,1069
"Jason Heyward","SDP","2025",-0.6,34,95,85,9,15,2,0,2,12,0,1,6,20,0.176,0.223,0.271,0.494,36,0.22,31,23,1,0,0,3,0,"7/H98",0,-0.6,34,95,85,9,15,2,0,2,12,0,1,6,20,0.176,0.223,0.271,0.494,36,0.22,31,23,1,0,0,3,0,1,"RF/CF",36,1,1000000,1000000,10,1070
"Jason Motte","CHC","2015",0,55,0,0,0,0,0,0,0,0,0,0,0,0,0,0,0,0,0,0,0,0,0,0,0,0,0,"1",0,0,55,0,0,0,0,0,0,0,0,0,0,0,0,0,0,0,0,0,0,0,0,0,0,0,0,0,1,"RP",33.2,1,4500000,4500000,6.027,1071
"Jason Motte","COL","2016",0,26,0,0,0,0,0,0,0,0,0,0,0,0,0,0,0,0,0,0,0,0,0,0,0,0,0,"1",0,0,26,0,0,0,0,0,0,0,0,0,0,0,0,0,0,0,0,0,0,0,0,0,0,0,0,0,1,"RP",34.2,2,10000000,5000000,7.027,1072
"Jason Motte","ATL","2017",0,42,0,0,0,0,0,0,0,0,0,0,0,0,0,0,0,0,0,0,0,0,0,0,0,0,0,"1",0,0,42,0,0,0,0,0,0,0,0,0,0,0,0,0,0,0,0,0,0,0,0,0,0,0,0,0,1,"RP",35.2,2,10000000,5000000,8.027,1072
"Jason Motte","ATL","2017",0,42,0,0,0,0,0,0,0,0,0,0,0,0,0,0,0,0,0,0,0,0,0,0,0,0,0,"1",0,0,42,0,0,0,0,0,0,0,0,0,0,0,0,0,0,0,0,0,0,0,0,0,0,0,0,0,1,"RP",35.2,1,695958.90057858,695958.90057858,8.027,1073
"Jason Vargas","KCR","2017",0,1,4,4,0,1,0,0,0,0,0,0,0,1,0.25,0.25,0.25,0.5,35,0.2,6,1,0,0,0,0,0,"1",1,0,1,4,4,0,1,0,0,0,0,0,0,0,1,0.25,0.25,0.25,0.5,35,0.2,6,1,0,0,0,0,0,1,"SP/SP5",34.5,4,32000000,8000000,3,1074
"Jason Vargas","NYM","2018",0,20,31,27,2,4,0,0,0,0,0,0,1,8,0.148,0.179,0.148,0.327,-7,0.153,-33,4,0,0,3,0,0,"1/H",0,0,20,31,27,2,4,0,0,0,0,0,0,1,8,0.148,0.179,0.148,0.327,-7,0.153,-33,4,0,0,3,0,0,1,"SP/SP5",35.5,2,16000000,8000000,4,1075
"Jason Vargas","2TM","2019",-0.4,27,45,40,0,3,0,0,0,0,0,0,0,22,0.075,0.075,0.075,0.15,-60,0.067,-111,3,1,0,5,0,0,"1",0,-0.4,27,45,40,0,3,0,0,0,0,0,0,0,22,0.075,0.075,0.075,0.15,-60,0.067,-111,3,1,0,5,0,0,1,"SP/SP5",36.5,2,16000000,8000000,5,1075
"Jason Vargas","2TM","2019",-0.4,27,45,40,0,3,0,0,0,0,0,0,0,22,0.075,0.075,0.075,0.15,-60,0.067,-111,3,1,0,5,0,0,"1",0,-0.4,27,45,40,0,3,0,0,0,0,0,0,0,22,0.075,0.075,0.075,0.15,-60,0.067,-111,3,1,0,5,0,0,1,"SP",36.5,2,19940564.7940246,9970282.39701228,6,1076
"Jason Vosler","CIN","2023",-0.4,20,65,62,6,10,2,1,3,10,0,0,3,25,0.161,0.2,0.371,0.571,48,0.241,35,23,0,0,0,0,0,"3/51H",0,-0.4,20,65,62,6,10,2,1,3,10,0,0,3,25,0.161,0.2,0.371,0.571,48,0.241,35,23,0,0,0,0,0,1,"3B",29.9,1,1000000,1000000,0,1077
"Jason Vosler","SEA","2024",-0.1,10,30,28,2,5,1,1,0,3,0,0,2,9,0.179,0.233,0.286,0.519,53,0.229,49,8,0,0,0,0,0,"/3DH79",0,-0.1,10,30,28,2,5,1,1,0,3,0,0,2,9,0.179,0.233,0.286,0.519,53,0.229,49,8,0,0,0,0,0,1,"3B",30.9,1,761001.808873827,761001.808873827,1,1078
"Javy Guerra","MIA","2017",0,16,1,1,0,0,0,0,0,0,0,0,0,1,0,0,0,0,-100,0,-125,0,0,0,0,0,0,"1",0,0,16,1,1,0,0,0,0,0,0,0,0,0,1,0,0,0,0,-100,0,-125,0,0,0,0,0,0,1,"RP",31.8,1,695958.90057858,695958.90057858,3.018,1079
"Javy Guerra","WSN","2019",-0.1,33,5,3,0,0,0,0,0,0,0,0,0,2,0,0,0,0,-100,0,-306,0,0,0,2,0,0,"1",0,-0.1,33,5,3,0,0,0,0,0,0,0,0,0,2,0,0,0,0,-100,0,-306,0,0,0,2,0,0,1,"RP",33.8,1,997028.239701228,997028.239701228,3.148,1080
"Javy Guerra","WSN","2019",-0.1,33,5,3,0,0,0,0,0,0,0,0,0,2,0,0,0,0,-100,0,-306,0,0,0,2,0,0,"1",0,-0.1,33,5,3,0,0,0,0,0,0,0,0,0,2,0,0,0,0,-100,0,-306,0,0,0,2,0,0,1,"RP",33.8,1,997028.239701228,997028.239701228,3.148,1081
"Javy Guerra","SDP","2019",0,8,0,0,0,0,0,0,0,0,0,0,0,0,0,0,0,0,0,0,0,0,0,0,0,0,0,"/1",0,0,8,0,0,0,0,0,0,0,0,0,0,0,0,0,0,0,0,0,0,0,0,0,0,0,0,0,1,"RP",33.8,1,997028.239701228,997028.239701228,3.148,1080
"Javy Guerra","SDP","2019",0,8,0,0,0,0,0,0,0,0,0,0,0,0,0,0,0,0,0,0,0,0,0,0,0,0,0,"/1",0,0,8,0,0,0,0,0,0,0,0,0,0,0,0,0,0,0,0,0,0,0,0,0,0,0,0,0,1,"RP",33.8,1,997028.239701228,997028.239701228,3.148,1081
"Jay Bruce","NYM","2018",-0.8,94,361,319,31,71,18,1,9,37,2,3,41,75,0.223,0.31,0.37,0.68,90,0.296,85,118,3,0,0,1,4,"93/HD",0,-0.8,94,361,319,31,71,18,1,9,37,2,3,41,75,0.223,0.31,0.37,0.68,90,0.296,85,118,3,0,0,1,4,1,"RF/RF",31.3,3,39000000,13000000,9.125,1083
"Jay Bruce","2TM","2019",0.6,98,333,310,43,67,17,0,26,59,1,0,19,82,0.216,0.261,0.523,0.784,101,0.32,95,162,5,1,0,3,0,"79H3/D",0,0.6,98,333,310,43,67,17,0,26,59,1,0,19,82,0.216,0.261,0.523,0.784,101,0.32,95,162,5,1,0,3,0,1,"RF/RF",32.3,3,39000000,13000000,10.125,1083
"Jay Bruce","PHI","2020",0.2,32,103,96,11,19,4,2,6,14,0,0,7,24,0.198,0.252,0.469,0.721,89,0.315,90,45,1,0,0,0,1,"7D/H93",0,0.2,32,103,96,11,19,4,2,6,14,0,0,7,24,0.198,0.252,0.469,0.721,89,0.315,90,45,1,0,0,0,1,1,"RF/RF",33.3,3,39000000,13000000,11.125,1083
"Jay Bruce","NYY","2021",-0.4,10,39,34,3,4,1,0,1,3,0,0,5,13,0.118,0.231,0.235,0.466,30,0.217,27,8,2,0,0,0,0,"3",0,-0.4,10,39,34,3,4,1,0,1,3,0,0,5,13,0.118,0.231,0.235,0.466,30,0.217,27,8,2,0,0,0,0,1,"RF/RF",34.3,1,1350000,1350000,12.125,1084
"Jay Jackson","MIL","2019",0,27,2,2,0,0,0,0,0,0,0,0,0,2,0,0,0,0,-100,0,-142,0,0,0,0,0,0,"1",0,0,27,2,2,0,0,0,0,0,0,0,0,0,2,0,0,0,0,-100,0,-142,0,0,0,0,0,0,1,"RP",31.8,1,1000000,1000000,0,1085
"Jay Jackson","SFG","2021",0,23,1,1,0,0,0,0,0,0,0,0,0,0,0,0,0,0,-100,0,-125,0,0,0,0,0,0,"1",0,0,23,1,1,0,0,0,0,0,0,0,0,0,0,0,0,0,0,-100,0,-125,0,0,0,0,0,0,1,"RP",33.8,1,674990.669239509,674990.669239509,1,1086
"Jd Martinez","BOS","2018",6.7,150,649,569,111,188,37,2,43,130,6,1,69,146,0.33,0.402,0.629,1.031,173,0.44,179,358,19,4,0,7,11,"D79",2,6.7,150,649,569,111,188,37,2,43,130,6,1,69,146,0.33,0.402,0.629,1.031,173,0.44,179,358,19,4,0,7,11,1,"DH/RF",31,5,110000000,22000000,0,1089
"Jd Martinez","BOS","2019",3.5,146,657,575,98,175,33,2,36,105,2,0,72,138,0.304,0.383,0.557,0.939,139,0.393,139,320,19,4,0,5,9,"D97/H",2,3.5,146,657,575,98,175,33,2,36,105,2,0,72,138,0.304,0.383,0.557,0.939,139,0.393,139,320,19,4,0,5,9,1,"DH/RF",32,5,110000000,22000000,1,1089
"Jd Martinez","BOS","2020",-0.7,54,237,211,22,45,16,0,7,27,1,0,22,59,0.213,0.291,0.389,0.68,79,0.299,74,82,6,2,0,2,3,"D/97",0,-0.7,54,237,211,22,45,16,0,7,27,1,0,22,59,0.213,0.291,0.389,0.68,79,0.299,74,82,6,2,0,2,3,1,"DH/RF",33,5,110000000,22000000,2,1089
"Jd Martinez","BOS","2021",3.2,148,634,570,92,163,42,3,28,99,0,0,55,150,0.286,0.349,0.518,0.867,128,0.369,128,295,18,3,0,5,6,"D7/9",1,3.2,148,634,570,92,163,42,3,28,99,0,0,55,150,0.286,0.349,0.518,0.867,128,0.369,128,295,18,3,0,5,6,1,"DH/RF",34,5,110000000,22000000,3,1089
"Jd Martinez","BOS","2022",1.1,139,596,533,76,146,43,1,16,62,0,0,52,145,0.274,0.341,0.448,0.79,117,0.346,117,239,20,5,0,5,1,"D",1,1.1,139,596,533,76,146,43,1,16,62,0,0,52,145,0.274,0.341,0.448,0.79,117,0.346,117,239,20,5,0,5,1,1,"DH/RF",35,5,110000000,22000000,4,1089
"Jd Martinez","LAD","2023",2,113,479,432,61,117,27,2,33,103,1,0,34,149,0.271,0.321,0.572,0.893,136,0.372,133,247,11,2,0,9,1,"D/7H",1,2,113,479,432,61,117,27,2,33,103,1,0,34,149,0.271,0.321,0.572,0.893,136,0.372,133,247,11,2,0,9,1,1,"DH/RF",36,1,10000000,10000000,5,1090
"Jd Martinez","NYM","2024",0.5,120,495,434,46,102,24,1,16,69,0,0,49,141,0.235,0.32,0.406,0.725,105,0.321,107,176,17,6,0,2,0,"D/H",0,0.5,120,495,434,46,102,24,1,16,69,0,0,49,141,0.235,0.32,0.406,0.725,105,0.321,107,176,17,6,0,2,0,1,"DH/RF",37,1,12000000,12000000,6,1091
"Jeanmar Gomez","PHI","2015",0,61,1,1,0,0,0,0,0,0,0,0,0,1,0,0,0,0,-100,0,-136,0,0,0,0,0,0,"1",0,0,61,1,1,0,0,0,0,0,0,0,0,0,1,0,0,0,0,-100,0,-136,0,0,0,0,0,0,1,"RP",27.5,1,800000,800000,0,1092
"Jed Lowrie","HOU","2015",1.2,69,263,230,35,51,14,0,9,30,1,0,28,43,0.222,0.312,0.4,0.712,97,0.322,101,92,3,3,0,2,5,"56/HD",0,1.2,69,263,230,35,51,14,0,9,30,1,0,28,43,0.222,0.312,0.4,0.712,97,0.322,101,92,3,3,0,2,5,1,"2B",31.3,3,23000000,7666666.66666667,0,1095
"Jed Lowrie","OAK","2016",-0.6,87,369,338,30,89,12,1,2,27,0,0,26,65,0.263,0.314,0.322,0.637,77,0.282,71,109,10,1,0,4,0,"4/DH6",0,-0.6,87,369,338,30,89,12,1,2,27,0,0,26,65,0.263,0.314,0.322,0.637,77,0.282,71,109,10,1,0,4,0,1,"2B",32.3,3,23000000,7666666.66666667,1,1095
"Jed Lowrie","OAK","2017",3.4,153,645,567,86,157,49,3,14,69,0,1,73,100,0.277,0.36,0.448,0.808,120,0.353,122,254,10,2,0,3,2,"4D/H5",0,3.4,153,645,567,86,157,49,3,14,69,0,1,73,100,0.277,0.36,0.448,0.808,120,0.353,122,254,10,2,0,3,2,1,"2B",33.3,3,23000000,7666666.66666667,2,1095
"Jed Lowrie","NYM","2019",-0.2,9,8,7,0,0,0,0,0,0,0,0,1,4,0,0.125,0,0.125,-61,0.087,-71,0,0,0,0,0,0,"/H",0,-0.2,9,8,7,0,0,0,0,0,0,0,0,1,4,0,0.125,0,0.125,-61,0.087,-71,0,0,0,0,0,0,1,"2B",35.3,2,20000000,10000000,3,1096
"Jed Lowrie","OAK","2021",0.2,139,512,457,55,112,28,0,14,69,0,0,49,108,0.245,0.318,0.398,0.717,101,0.318,103,182,8,2,0,4,1,"4DH/5",0,0.2,139,512,457,55,112,28,0,14,69,0,0,49,108,0.245,0.318,0.398,0.717,101,0.318,103,182,8,2,0,4,1,0,"2B",37.3,2,24508373.3978849,12254186.6989424,6,1097
"Jed Lowrie","OAK","2021",0.2,139,512,457,55,112,28,0,14,69,0,0,49,108,0.245,0.318,0.398,0.717,101,0.318,103,182,8,2,0,4,1,"4DH/5",0,0.2,139,512,457,55,112,28,0,14,69,0,0,49,108,0.245,0.318,0.398,0.717,101,0.318,103,182,8,2,0,4,1,1,"2B",37.3,1,1500000,1500000,7,1098
"Jed Lowrie","OAK","2022",-1.2,50,184,167,14,30,5,0,3,16,1,0,15,39,0.18,0.245,0.263,0.508,50,0.232,47,44,5,0,0,2,0,"D/H34",0,-1.2,50,184,167,14,30,5,0,3,16,1,0,15,39,0.18,0.245,0.263,0.508,50,0.232,47,44,5,0,0,2,0,0,"2B",38.3,1,850000,850000,8,1099
"Jeff Baker","TEX","2013",0.8,74,175,154,21,43,8,0,11,21,1,0,18,48,0.279,0.36,0.545,0.905,144,0.394,147,84,5,2,0,1,1,"H37D5/49",0,0.8,74,175,154,21,43,8,0,11,21,1,0,18,48,0.279,0.36,0.545,0.905,144,0.394,147,84,5,2,0,1,1,1,"1B/3B",32.2,1,1750000,1750000,0,1100
"Jeff Baker","MIA","2014",0,90,225,208,27,55,10,4,3,28,1,0,13,51,0.264,0.307,0.394,0.701,96,0.328,102,82,8,1,0,3,1,"3H4/5",0,0,90,225,208,27,55,10,4,3,28,1,0,13,51,0.264,0.307,0.394,0.701,96,0.328,102,82,8,1,0,3,1,1,"1B/3B",33.2,2,3700000,1850000,1,1101
"Jeff Baker","MIA","2015",-0.1,41,80,72,11,15,3,0,3,8,0,0,8,25,0.208,0.288,0.375,0.663,83,0.317,96,27,0,0,0,0,0,"H3/457D",0,-0.1,41,80,72,11,15,3,0,3,8,0,0,8,25,0.208,0.288,0.375,0.663,83,0.317,96,27,0,0,0,0,0,1,"1B/3B",34.2,2,3700000,1850000,2,1101
"Jeff Francis","COL","2013",0,22,20,14,0,1,1,0,0,1,0,0,2,3,0.071,0.222,0.143,0.365,-2,0.188,-32,2,1,1,2,1,0,"1",0,0,22,20,14,0,1,1,0,0,1,0,0,2,3,0.071,0.222,0.143,0.365,-2,0.188,-32,2,1,1,2,1,0,0,"SP",32.6,1,1500000,1500000,0,1102
"Jeff Francoeur","SDP","2014",-0.3,10,28,24,2,2,0,0,0,1,0,0,3,7,0.083,0.179,0.083,0.262,-20,0.139,-30,2,0,0,0,1,0,"/9H",0,-0.3,10,28,24,2,2,0,0,0,1,0,0,3,7,0.083,0.179,0.083,0.262,-20,0.139,-30,2,0,0,0,1,0,1,"LF",30.6,1,962500,962500,0,1104
"Jeff Francoeur","2TM","2016",0.3,125,331,307,33,78,15,1,7,34,2,2,20,90,0.254,0.297,0.378,0.675,81,0.303,82,116,5,0,1,3,2,"7H9/D5",0,0.3,125,331,307,33,78,15,1,7,34,2,2,20,90,0.254,0.297,0.378,0.675,81,0.303,82,116,5,0,1,3,2,1,"LF",32.6,1,1000000,1000000,1,1105
"Jeff Hoffman","TOR","2025",0,2,0,0,0,0,0,0,0,0,0,0,0,0,0,0,0,0,0,0,0,0,0,0,0,0,0,"1",0,0,2,0,0,0,0,0,0,0,0,0,0,0,0,0,0,0,0,0,0,0,0,0,0,0,0,0,1,"RP",32.6,3,33000000,11000000,1,1107
"Jeff Mathis","MIA","2016",0.4,41,132,126,12,30,4,1,2,15,0,0,4,36,0.238,0.267,0.333,0.601,64,0.277,66,42,1,1,1,0,0,"2/H",0,0.4,41,132,126,12,30,4,1,2,15,0,0,4,36,0.238,0.267,0.333,0.601,64,0.277,66,42,1,1,1,0,0,0,"C",33.3,1,1500000,1500000,0,1108
"Jeff Mathis","ARI","2017",-0.4,60,203,186,13,40,10,2,2,11,1,0,14,61,0.215,0.277,0.323,0.6,52,0.265,40,60,6,2,1,0,1,"2/H",0,-0.4,60,203,186,13,40,10,2,2,11,1,0,14,61,0.215,0.277,0.323,0.6,52,0.265,40,60,6,2,1,0,1,1,"C",34.3,2,4000000,2000000,1,1109
"Jeff Mathis","ARI","2018",0.7,69,218,195,15,39,9,1,1,20,0,0,20,66,0.2,0.272,0.272,0.544,45,0.255,39,53,7,0,1,2,1,"2/H14",0,0.7,69,218,195,15,39,9,1,1,20,0,0,20,66,0.2,0.272,0.272,0.544,45,0.255,39,53,7,0,1,2,1,1,"C",35.3,2,4000000,2000000,2,1109
"Jeff Mathis","TEX","2019",-1.5,86,244,228,17,36,9,0,2,12,1,0,15,87,0.158,0.209,0.224,0.433,11,0.194,-6,51,2,0,0,1,1,"2/1",0,-1.5,86,244,228,17,36,9,0,2,12,1,0,15,87,0.158,0.209,0.224,0.433,11,0.194,-6,51,2,0,0,1,1,1,"C",36.3,2,7789283.12266584,3894641.56133292,3,1110
"Jeff Mathis","TEX","2020",0.5,24,68,62,6,10,1,1,3,9,1,0,5,24,0.161,0.221,0.355,0.575,56,0.249,46,22,0,0,0,1,0,"2/H",0,0.5,24,68,62,6,10,1,1,3,9,1,0,5,24,0.161,0.221,0.355,0.575,56,0.249,46,22,0,0,0,1,0,1,"C",37.3,2,7789283.12266584,3894641.56133292,4,1110
"Jeff Mathis","TEX","2020",0.5,24,68,62,6,10,1,1,3,9,1,0,5,24,0.161,0.221,0.355,0.575,56,0.249,46,22,0,0,0,1,0,"2/H",0,0.5,24,68,62,6,10,1,1,3,9,1,0,5,24,0.161,0.221,0.355,0.575,56,0.249,46,22,0,0,0,1,0,0,"C",37.3,2,7658866.68683903,3829433.34341951,5,1111
"Jeff Mathis","ATL","2021",-0.2,3,9,9,0,0,0,0,0,0,0,0,0,5,0,0,0,0,-100,0,-138,0,0,0,0,0,0,"/2",0,-0.2,3,9,9,0,0,0,0,0,0,0,0,0,5,0,0,0,0,-100,0,-138,0,0,0,0,0,0,0,"C",38.3,2,7658866.68683903,3829433.34341951,6,1111
"Jeff Mathis","ATL","2021",-0.2,3,9,9,0,0,0,0,0,0,0,0,0,5,0,0,0,0,-100,0,-138,0,0,0,0,0,0,"/2",0,-0.2,3,9,9,0,0,0,0,0,0,0,0,0,5,0,0,0,0,-100,0,-138,0,0,0,0,0,0,1,"C",38.3,1,1800000,1800000,7,1112
"Jeimer Candelario","2TM","2023",3.3,140,576,505,77,127,39,3,22,70,8,1,53,127,0.251,0.336,0.471,0.807,121,0.353,123,238,11,13,0,4,1,"53/DH",0,3.3,140,576,505,77,127,39,3,22,70,8,1,53,127,0.251,0.336,0.471,0.807,121,0.353,123,238,11,13,0,4,1,1,"3B",29.8,1,5000000,5000000,0,1113
"Jeimer Candelario","CIN","2024",-0.7,112,463,427,47,96,23,2,20,56,4,3,27,114,0.225,0.279,0.429,0.707,90,0.306,87,183,7,6,0,3,1,"53D/H",0,-0.7,112,463,427,47,96,23,2,20,56,4,3,27,114,0.225,0.279,0.429,0.707,90,0.306,87,183,7,6,0,3,1,1,"3B",30.8,3,45000000,15000000,1,1114
"Jeimer Candelario","CIN","2025",-0.9,22,91,80,3,9,2,0,2,10,0,1,9,29,0.113,0.198,0.213,0.41,12,0.185,2,17,1,0,0,2,0,"5/3D",0,-0.9,22,91,80,3,9,2,0,2,10,0,1,9,29,0.113,0.198,0.213,0.41,12,0.185,2,17,1,0,0,2,0,1,"3B",31.8,3,45000000,15000000,2,1114
"Jeremy Guthrie","KCR","2013",0,2,5,4,0,1,0,0,0,0,0,0,0,2,0.25,0.25,0.25,0.5,38,0.201,-18,1,0,0,0,0,0,"1",0,0,2,5,4,0,1,0,0,0,0,0,0,0,2,0.25,0.25,0.25,0.5,38,0.201,-18,1,0,0,0,0,0,0,"SP/SP5",34.3,3,25000000,8333333.33333333,0,1115
"Jeremy Guthrie","KCR","2014",0,3,7,5,0,0,0,0,0,0,0,0,0,1,0,0.167,0,0.167,-48,0.121,-77,0,0,1,1,0,0,"1/H",0,0,3,7,5,0,0,0,0,0,0,0,0,0,1,0,0.167,0,0.167,-48,0.121,-77,0,0,1,1,0,0,0,"SP/SP5",35.3,3,25000000,8333333.33333333,1,1115
"Jeremy Guthrie","KCR","2015",0,2,5,4,0,1,0,0,0,0,0,0,0,0,0.25,0.25,0.25,0.5,37,0.224,2,1,0,0,1,0,0,"1",0,0,2,5,4,0,1,0,0,0,0,0,0,0,0,0.25,0.25,0.25,0.5,37,0.224,2,1,0,0,1,0,0,0,"SP/SP5",36.3,3,25000000,8333333.33333333,2,1115
"Jeremy Hellickson","PHI","2017",0,20,39,33,1,3,1,1,0,2,0,0,3,9,0.091,0.167,0.182,0.348,-8,0.16,-35,6,0,0,3,0,0,"1",0,0,20,39,33,1,3,1,1,0,2,0,0,3,9,0.091,0.167,0.182,0.348,-8,0.16,-35,6,0,0,3,0,0,0,"RP",30.3,1,17200000,17200000,2.041,1117
"Jeremy Hellickson","WSN","2018",-0.3,18,35,32,0,2,1,0,0,1,0,0,0,13,0.063,0.063,0.094,0.156,-59,0.067,-117,3,0,0,3,0,0,"1",0,-0.3,18,35,32,0,2,1,0,0,1,0,0,0,13,0.063,0.063,0.094,0.156,-59,0.067,-117,3,0,0,3,0,0,1,"RP",31.3,1,2000000,2000000,3.041,1118
"Jeremy Hellickson","WSN","2019",0.1,9,13,9,3,1,0,0,0,0,0,0,2,4,0.111,0.273,0.111,0.384,7,0.207,-11,1,0,0,2,0,0,"/1",0,0.1,9,13,9,3,1,0,0,0,0,0,0,2,4,0.111,0.273,0.111,0.384,7,0.207,-11,1,0,0,2,0,0,0,"RP",32.3,1,1300000,1300000,4.041,1119
"Jeremy Jeffress","MIL","2014",0,27,0,0,0,0,0,0,0,0,0,0,0,0,0,0,0,0,0,0,0,0,0,0,0,0,0,"1",0,0,27,0,0,0,0,0,0,0,0,0,0,0,0,0,0,0,0,0,0,0,0,0,0,0,0,0,1,"RP",26.9,1,699929.270230394,699929.270230394,0,1120
"Jeremy Jeffress","2TM","2016",0,48,0,0,0,0,0,0,0,0,0,0,0,0,0,0,0,0,0,0,0,0,0,0,0,0,0,"1",0,0,48,0,0,0,0,0,0,0,0,0,0,0,0,0,0,0,0,0,0,0,0,0,0,0,0,0,1,"RP",28.9,1,687730.662918716,687730.662918716,1,1121
"Jeremy Jeffress","2TM","2017",0,21,2,2,0,0,0,0,0,0,0,0,0,2,0,0,0,0,-100,0,-138,0,0,0,0,0,0,"1",0,0,21,2,2,0,0,0,0,0,0,0,0,0,2,0,0,0,0,-100,0,-138,0,0,0,0,0,0,1,"RP",29.9,1,2731801.29199069,2731801.29199069,2,1122
"Jeremy Jeffress","MIL","2018",0,68,0,0,0,0,0,0,0,0,0,0,0,0,0,0,0,0,0,0,0,0,0,0,0,0,0,"1",1,0,68,0,0,0,0,0,0,0,0,0,0,0,0,0,0,0,0,0,0,0,0,0,0,0,0,0,0,"RP",30.9,1,2228808.26199212,2228808.26199212,3,1123
"Jeremy Jeffress","CHC","2020",0,2,0,0,0,0,0,0,0,0,0,0,0,0,0,0,0,0,0,0,0,0,0,0,0,0,0,"1",0,0,2,0,0,0,0,0,0,0,0,0,0,0,0,0,0,0,0,0,0,0,0,0,0,0,0,0,1,"RP",32.9,1,850000,850000,4,1124
"Jerome Williams","2TM","2014",0,9,16,12,0,2,0,0,0,3,0,0,0,4,0.167,0.167,0.167,0.333,-6,0.151,-73,2,0,0,4,0,0,"1",0,0,9,16,12,0,2,0,0,0,3,0,0,0,4,0.167,0.167,0.167,0.333,-6,0.151,-73,2,0,0,4,0,0,1,"RP",32.7,1,2100000,2100000,0,1126
"Jerome Williams","STL","2016",0,11,2,2,0,0,0,0,0,0,0,0,0,1,0,0,0,0,-100,0,-139,0,0,0,0,0,0,"1",0,0,11,2,2,0,0,0,0,0,0,0,0,0,1,0,0,0,0,-100,0,-139,0,0,0,0,0,0,1,"RP",34.7,1,672362.379948466,672362.379948466,1,1127
"Jerry Blevins","NYM","2016",0,69,1,1,0,0,0,0,0,0,0,0,0,0,0,0,0,0,-100,0,-145,0,0,0,0,0,0,"1",0,0,69,1,1,0,0,0,0,0,0,0,0,0,0,0,0,0,0,-100,0,-145,0,0,0,0,0,0,0,"RP",32.9,1,4000000,4000000,0,1128
"Jerry Blevins","NYM","2017",0,70,0,0,0,0,0,0,0,0,0,0,0,0,0,0,0,0,0,0,0,0,0,0,0,0,0,"1",0,0,70,0,0,0,0,0,0,0,0,0,0,0,0,0,0,0,0,0,0,0,0,0,0,0,0,0,0,"RP",33.9,1,6500000,6500000,1,1129
"Jerry Blevins","NYM","2018",0.1,60,2,2,0,1,0,0,0,1,0,0,0,1,0.5,0.5,0.5,1,183,0.45,195,1,0,0,0,0,0,"1",0,0.1,60,2,2,0,1,0,0,0,1,0,0,0,1,0.5,0.5,0.5,1,183,0.45,195,1,0,0,0,0,0,0,"RP",34.9,1,8278430.6873993,8278430.6873993,2,1130
"Jerry Blevins","ATL","2019",0,43,0,0,0,0,0,0,0,0,0,0,0,0,0,0,0,0,0,0,0,0,0,0,0,0,0,"1",0,0,43,0,0,0,0,0,0,0,0,0,0,0,0,0,0,0,0,0,0,0,0,0,0,0,0,0,1,"RP",35.9,1,1500000,1500000,3,1131
"Jesse Chavez","LAA","2017",-0.1,4,6,5,0,0,0,0,0,0,0,0,0,5,0,0,0,0,-100,0,-180,0,0,0,1,0,0,"1",0,-0.1,4,6,5,0,0,0,0,0,0,0,0,0,5,0,0,0,0,-100,0,-180,0,0,0,1,0,0,1,"RP",34,1,5750000,5750000,0,1133
"Jesse Chavez","2TM","2018",0,30,1,1,0,0,0,0,0,0,0,0,0,1,0,0,0,0,-100,0,-133,0,0,0,0,0,0,"1",0,0,30,1,1,0,0,0,0,0,0,0,0,0,1,0,0,0,0,-100,0,-133,0,0,0,0,0,0,1,"RP",35,1,1500000,1500000,1,1134
"Jesse Chavez","TEX","2019",0.1,4,2,2,0,1,0,0,0,0,0,0,0,1,0.5,0.5,0.5,1,157,0.443,172,1,0,0,0,0,0,"1",0,0.1,4,2,2,0,1,0,0,0,0,0,0,0,1,0.5,0.5,0.5,1,157,0.443,172,1,0,0,0,0,0,1,"RP",36,2,8000000,4000000,2,1135
"Jesse Chavez","ATL","2021",0,30,3,3,0,0,0,0,0,0,0,0,0,3,0,0,0,0,-100,0,-137,0,0,0,0,0,0,"1",0,0,30,3,3,0,0,0,0,0,0,0,0,0,3,0,0,0,0,-100,0,-137,0,0,0,0,0,0,0,"RP",38,2,9803349.35915396,4901674.67957698,5,1136
"Jeurys Familia","NYM","2019",0,61,0,0,0,0,0,0,0,0,0,0,0,0,0,0,0,0,0,0,0,0,0,0,0,0,0,"1",0,0,61,0,0,0,0,0,0,0,0,0,0,0,0,0,0,0,0,0,0,0,0,0,0,0,0,0,1,"RP/CL",29.8,3,30000000,10000000,6.029,1148
"Jeurys Familia","NYM","2021",0,60,0,0,0,0,0,0,0,0,0,0,0,0,0,0,0,0,0,0,0,0,0,0,0,0,0,"1",0,0,60,0,0,0,0,0,0,0,0,0,0,0,0,0,0,0,0,0,0,0,0,0,0,0,0,0,1,"RP/CL",31.8,3,30000000,10000000,8.029,1148
"Jeurys Familia","PHI","2022",0,1,0,0,0,0,0,0,0,0,0,0,0,0,0,0,0,0,0,0,0,0,0,0,0,0,0,"1",0,0,1,0,0,0,0,0,0,0,0,0,0,0,0,0,0,0,0,0,0,0,0,0,0,0,0,0,1,"RP/CL",32.8,1,6000000,6000000,9.023,1149
"Jhoulys Chacin","ARI","2015",0,5,9,8,0,1,0,0,0,0,0,0,0,4,0.125,0.125,0.125,0.25,-32,0.113,-83,1,0,0,1,0,0,"/1",0,0,5,9,8,0,1,0,0,0,0,0,0,0,4,0.125,0.125,0.125,0.25,-32,0.113,-83,1,0,0,1,0,0,1,"SP",27.6,1,687225.311355765,687225.311355765,5.012,1151
"Jhoulys Chacin","2TM","2016",0.1,5,10,10,1,3,0,0,0,1,0,0,0,1,0.3,0.3,0.3,0.6,64,0.269,57,3,0,0,0,0,0,"1",0,0.1,5,10,10,1,3,0,0,0,1,0,0,0,1,0.3,0.3,0.3,0.6,64,0.269,57,3,0,0,0,0,0,1,"SP",28.6,1,1100000,1100000,5.054,1152
"Jhoulys Chacin","SDP","2017",0.3,33,61,54,0,12,2,0,0,4,1,0,0,11,0.222,0.222,0.259,0.481,29,0.231,17,14,2,0,7,0,0,"1/H",0,0.3,33,61,54,0,12,2,0,0,4,1,0,0,11,0.222,0.222,0.259,0.481,29,0.231,17,14,2,0,7,0,0,1,"SP",29.6,1,1750000,1750000,6.054,1153
"Jhoulys Chacin","MIL","2018",0.2,34,68,56,2,9,1,0,0,1,0,0,3,17,0.161,0.203,0.179,0.382,4,0.19,-20,10,0,0,9,0,0,"1/H",0,0.2,34,68,56,2,9,1,0,0,1,0,0,3,17,0.161,0.203,0.179,0.382,4,0.19,-20,10,0,0,9,0,0,1,"SP",30.6,2,15500000,7750000,7.054,1154
"Jhoulys Chacin","MIL","2019",0,18,25,24,2,3,0,0,1,1,0,0,1,10,0.125,0.16,0.25,0.41,4,0.177,-15,6,0,0,0,0,0,"1",0,0,18,25,24,2,3,0,0,1,1,0,0,1,10,0.125,0.16,0.25,0.41,4,0.177,-15,6,0,0,0,0,0,1,"SP",31.6,2,15500000,7750000,8.054,1154
"Jhoulys Chacin","MIL","2019",0,18,25,24,2,3,0,0,1,1,0,0,1,10,0.125,0.16,0.25,0.41,4,0.177,-15,6,0,0,0,0,0,"1",0,0,18,25,24,2,3,0,0,1,1,0,0,1,10,0.125,0.16,0.25,0.41,4,0.177,-15,6,0,0,0,0,0,1,"SP",31.6,1,691688.341292727,691688.341292727,8.054,1155
"Jhoulys Chacin","COL","2021",-0.1,44,7,6,0,0,0,0,0,0,0,0,0,2,0,0,0,0,-100,0,-187,0,0,0,1,0,0,"1",0,-0.1,44,7,6,0,0,0,0,0,0,0,0,0,2,0,0,0,0,-100,0,-187,0,0,0,1,0,0,1,"SP",33.6,1,800000,800000,9.087,1157
"Jim Johnson","OAK","2014",0,3,1,1,0,0,0,0,0,0,0,0,0,1,0,0,0,0,-100,0,-127,0,0,0,0,0,0,"1",0,0,3,1,1,0,0,0,0,0,0,0,0,0,1,0,0,0,0,-100,0,-127,0,0,0,0,0,0,1,"RP",31.1,1,689449.635766739,689449.635766739,0,1159
"Jim Johnson","2TM","2015",0,64,0,0,0,0,0,0,0,0,0,0,0,0,0,0,0,0,0,0,0,0,0,0,0,0,0,"1",0,0,64,0,0,0,0,0,0,0,0,0,0,0,0,0,0,0,0,0,0,0,0,0,0,0,0,0,1,"RP",32.1,1,1600000,1600000,1,1160
"Jim Johnson","ATL","2016",0,61,1,1,0,0,0,0,0,0,0,0,0,1,0,0,0,0,-100,0,-145,0,0,0,0,0,0,"1",0,0,61,1,1,0,0,0,0,0,0,0,0,0,1,0,0,0,0,-100,0,-145,0,0,0,0,0,0,1,"RP",33.1,1,2500000,2500000,2,1161
"Jim Johnson","ATL","2017",0,56,0,0,0,0,0,0,0,0,0,0,0,0,0,0,0,0,0,0,0,0,0,0,0,0,0,"1",0,0,56,0,0,0,0,0,0,0,0,0,0,0,0,0,0,0,0,0,0,0,0,0,0,0,0,0,0,"RP",34.1,2,13008577.580908,6504288.79045402,3,1162
"Jim Johnson","LAA","2018",0,2,0,0,0,0,0,0,0,0,0,0,0,0,0,0,0,0,0,0,0,0,0,0,0,0,0,"1",0,0,2,0,0,0,0,0,0,0,0,0,0,0,0,0,0,0,0,0,0,0,0,0,0,0,0,0,0,"RP",35.1,2,13008577.580908,6504288.79045402,4,1162
"Jim Johnson","LAA","2018",0,2,0,0,0,0,0,0,0,0,0,0,0,0,0,0,0,0,0,0,0,0,0,0,0,0,0,"1",0,0,2,0,0,0,0,0,0,0,0,0,0,0,0,0,0,0,0,0,0,0,0,0,0,0,0,0,1,"RP",35.1,2,12736047.2113835,6368023.60569177,5,1163
"Jimmy Herget","LAA","2021",0,2,0,0,0,0,0,0,0,0,0,0,0,0,0,0,0,0,0,0,0,0,0,0,0,0,0,"1",0,0,2,0,0,0,0,0,0,0,0,0,0,0,0,0,0,0,0,0,0,0,0,0,0,0,0,0,0,"RP",27.9,1,700000,700000,0,1164
"Jimmy Nelson","LAD","2021",0,26,3,3,0,0,0,0,0,0,0,0,0,3,0,0,0,0,-100,0,-137,0,0,0,0,0,0,"1",0,0,26,3,3,0,0,0,0,0,0,0,0,0,3,0,0,0,0,-100,0,-137,0,0,0,0,0,0,0,"RP",32.2,1,1250000,1250000,6.107,1169
"Jj Hoover","ARI","2017",0,49,0,0,0,0,0,0,0,0,0,0,0,0,0,0,0,0,0,0,0,0,0,0,0,0,0,"1",0,0,49,0,0,0,0,0,0,0,0,0,0,0,0,0,0,0,0,0,0,0,0,0,0,0,0,0,1,"RP",30,1,900000,900000,3.153,1172
"Jj Hoover","MIL","2018",0,2,0,0,0,0,0,0,0,0,0,0,0,0,0,0,0,0,0,0,0,0,0,0,0,0,0,"/1",0,0,2,0,0,0,0,0,0,0,0,0,0,0,0,0,0,0,0,0,0,0,0,0,0,0,0,0,1,"RP",31,1,1100000,1100000,4.133,1173
"Joakim Soria","TEX","2014",0,2,0,0,0,0,0,0,0,0,0,0,0,0,0,0,0,0,0,0,0,0,0,0,0,0,0,"1",0,0,2,0,0,0,0,0,0,0,0,0,0,0,0,0,0,0,0,0,0,0,0,0,0,0,0,0,1,"RP/CL",30.2,2,8000000,4000000,1,1174
"Joakim Soria","KCR","2016",0,5,0,0,0,0,0,0,0,0,0,0,0,0,0,0,0,0,0,0,0,0,0,0,0,0,0,"1",0,0,5,0,0,0,0,0,0,0,0,0,0,0,0,0,0,0,0,0,0,0,0,0,0,0,0,0,1,"RP/CL",32.2,3,25000000,8333333.33333333,2,1175
"Joakim Soria","KCR","2017",0,3,0,0,0,0,0,0,0,0,0,0,0,0,0,0,0,0,0,0,0,0,0,0,0,0,0,"1",0,0,3,0,0,0,0,0,0,0,0,0,0,0,0,0,0,0,0,0,0,0,0,0,0,0,0,0,1,"RP/CL",33.2,3,25000000,8333333.33333333,3,1175
"Joakim Soria","KCR","2017",0,3,0,0,0,0,0,0,0,0,0,0,0,0,0,0,0,0,0,0,0,0,0,0,0,0,0,"1",0,0,3,0,0,0,0,0,0,0,0,0,0,0,0,0,0,0,0,0,0,0,0,0,0,0,0,0,0,"RP/CL",33.2,3,32521443.9522701,10840481.3174234,5,1176
"Joakim Soria","2TM","2018",0,29,0,0,0,0,0,0,0,0,0,0,0,0,0,0,0,0,0,0,0,0,0,0,0,0,0,"1",0,0,29,0,0,0,0,0,0,0,0,0,0,0,0,0,0,0,0,0,0,0,0,0,0,0,0,0,1,"RP/CL",34.2,3,25000000,8333333.33333333,4,1175
"Joakim Soria","2TM","2018",0,29,0,0,0,0,0,0,0,0,0,0,0,0,0,0,0,0,0,0,0,0,0,0,0,0,0,"1",0,0,29,0,0,0,0,0,0,0,0,0,0,0,0,0,0,0,0,0,0,0,0,0,0,0,0,0,0,"RP/CL",34.2,3,32521443.9522701,10840481.3174234,6,1176
"Joakim Soria","2TM","2018",0,29,0,0,0,0,0,0,0,0,0,0,0,0,0,0,0,0,0,0,0,0,0,0,0,0,0,"1",0,0,29,0,0,0,0,0,0,0,0,0,0,0,0,0,0,0,0,0,0,0,0,0,0,0,0,0,1,"RP/CL",34.2,3,31840118.0284588,10613372.6761529,8,1177
"Joakim Soria","OAK","2019",0,5,0,0,0,0,0,0,0,0,0,0,0,0,0,0,0,0,0,0,0,0,0,0,0,0,0,"1",0,0,5,0,0,0,0,0,0,0,0,0,0,0,0,0,0,0,0,0,0,0,0,0,0,0,0,0,0,"RP/CL",35.2,3,32521443.9522701,10840481.3174234,7,1176
"Joakim Soria","OAK","2019",0,5,0,0,0,0,0,0,0,0,0,0,0,0,0,0,0,0,0,0,0,0,0,0,0,0,0,"1",0,0,5,0,0,0,0,0,0,0,0,0,0,0,0,0,0,0,0,0,0,0,0,0,0,0,0,0,1,"RP/CL",35.2,3,31840118.0284588,10613372.6761529,9,1177
"Joakim Soria","OAK","2019",0,5,0,0,0,0,0,0,0,0,0,0,0,0,0,0,0,0,0,0,0,0,0,0,0,0,0,"1",0,0,5,0,0,0,0,0,0,0,0,0,0,0,0,0,0,0,0,0,0,0,0,0,0,0,0,0,1,"RP/CL",35.2,2,15000000,7500000,11,1178
"Joakim Soria","ARI","2021",0,29,0,0,0,0,0,0,0,0,0,0,0,0,0,0,0,0,0,0,0,0,0,0,0,0,0,"1",0,0,29,0,0,0,0,0,0,0,0,0,0,0,0,0,0,0,0,0,0,0,0,0,0,0,0,0,0,"RP/CL",37.2,2,18381280.0484137,9190640.02420683,14,1179
"Joakim Soria","ARI","2021",0,29,0,0,0,0,0,0,0,0,0,0,0,0,0,0,0,0,0,0,0,0,0,0,0,0,0,"1",0,0,29,0,0,0,0,0,0,0,0,0,0,0,0,0,0,0,0,0,0,0,0,0,0,0,0,0,1,"RP/CL",37.2,1,3500000,3500000,15,1180
"Joaquin Benoit","SDP","2014",0,49,0,0,0,0,0,0,0,0,0,0,0,0,0,0,0,0,0,0,0,0,0,0,0,0,0,"1",0,0,49,0,0,0,0,0,0,0,0,0,0,0,0,0,0,0,0,0,0,0,0,0,0,0,0,0,1,"RP",37.2,2,15500000,7750000,5.04,1181
"Joaquin Benoit","SDP","2015",0,62,0,0,0,0,0,0,0,0,0,0,0,0,0,0,0,0,0,0,0,0,0,0,0,0,0,"1",0,0,62,0,0,0,0,0,0,0,0,0,0,0,0,0,0,0,0,0,0,0,0,0,0,0,0,0,1,"RP",38.2,2,15500000,7750000,6.04,1181
"Joaquin Benoit","2TM","2017",0,48,0,0,0,0,0,0,0,0,0,0,0,0,0,0,0,0,0,0,0,0,0,0,0,0,0,"1",0,0,48,0,0,0,0,0,0,0,0,0,0,0,0,0,0,0,0,0,0,0,0,0,0,0,0,0,1,"RP",40.2,1,7500000,7500000,8.04,1182
"Joba Chamberlain","DET","2014",0,5,1,1,0,0,0,0,0,0,0,0,0,1,0,0,0,0,-100,0,-127,0,0,0,0,0,0,"1",0,0,5,1,1,0,0,0,0,0,0,0,0,0,1,0,0,0,0,-100,0,-127,0,0,0,0,0,0,1,"RP",28.9,1,2500000,2500000,0,1184
"Joba Chamberlain","DET","2015",0,3,0,0,0,0,0,0,0,0,0,0,0,0,0,0,0,0,0,0,0,0,0,0,0,0,0,"1",0,0,3,0,0,0,0,0,0,0,0,0,0,0,0,0,0,0,0,0,0,0,0,0,0,0,0,0,0,"RP",29.9,1,1000000,1000000,1,1185
"Joba Chamberlain","CLE","2016",0,3,0,0,0,0,0,0,0,0,0,0,0,0,0,0,0,0,0,0,0,0,0,0,0,0,0,"1",0,0,3,0,0,0,0,0,0,0,0,0,0,0,0,0,0,0,0,0,0,0,0,0,0,0,0,0,1,"RP",30.9,1,1000000,1000000,2,1186
"Joc Pederson","2TM","2021",-0.1,137,481,429,55,102,19,3,18,61,2,3,39,117,0.238,0.31,0.422,0.732,95,0.32,94,181,9,8,0,5,0,"798H/3D",0,-0.1,137,481,429,55,102,19,3,18,61,2,3,39,117,0.238,0.31,0.422,0.732,95,0.32,94,181,9,8,0,5,0,1,"LF",29.3,1,7000000,7000000,0,1187
"Joc Pederson","SFG","2022",1.3,134,433,380,57,104,19,3,23,70,3,2,42,100,0.274,0.353,0.521,0.874,146,0.374,143,198,5,7,0,4,3,"7H9D",1,1.3,134,433,380,57,104,19,3,23,70,3,2,42,100,0.274,0.353,0.521,0.874,146,0.374,143,198,5,7,0,4,3,1,"LF",30.3,1,6000000,6000000,1,1188
"Joc Pederson","SFG","2023",0.7,121,425,358,59,84,14,3,15,51,0,0,57,89,0.235,0.348,0.416,0.764,112,0.335,112,149,12,7,0,3,6,"D7H/93",0,0.7,121,425,358,59,84,14,3,15,51,0,0,57,89,0.235,0.348,0.416,0.764,112,0.335,112,149,12,7,0,3,6,0,"LF",31.3,1,19650000,19650000,2,1189
"Joc Pederson","ARI","2024",2.8,132,449,367,62,101,17,1,23,64,7,4,55,105,0.275,0.393,0.515,0.908,150,0.388,150,189,5,18,1,3,2,"DH",0,2.8,132,449,367,62,101,17,1,23,64,7,4,55,105,0.275,0.393,0.515,0.908,150,0.388,150,189,5,18,1,3,2,1,"LF/DH",32.3,1,12500000,12500000,3,1190
"Joc Pederson","TEX","2025",-0.3,96,306,265,28,48,10,1,9,26,2,0,34,65,0.181,0.285,0.328,0.614,82,0.278,84,87,5,5,0,1,0,"DH/39",0,-0.3,96,306,265,28,48,10,1,9,26,2,0,34,65,0.181,0.285,0.328,0.614,82,0.278,84,87,5,5,0,1,0,1,"DH/DH",33.3,2,37000000,18500000,4,1191
"Joe Beimel","SEA","2014",0,4,0,0,0,0,0,0,0,0,0,0,0,0,0,0,0,0,0,0,0,0,0,0,0,0,0,"1",0,0,4,0,0,0,0,0,0,0,0,0,0,0,0,0,0,0,0,0,0,0,0,0,0,0,0,0,1,"RP",36,1,1172064.38080346,1172064.38080346,0,1192
"Joe Beimel","SEA","2015",0,3,0,0,0,0,0,0,0,0,0,0,0,0,0,0,0,0,0,0,0,0,0,0,0,0,0,"1",0,0,3,0,0,0,0,0,0,0,0,0,0,0,0,0,0,0,0,0,0,0,0,0,0,0,0,0,1,"RP",37,1,1500000,1500000,1,1193
"Joe Blanton","LAA","2013",0,3,6,6,0,1,0,0,0,0,0,0,0,2,0.167,0.167,0.167,0.333,-5,0.151,-21,1,0,0,0,0,0,"1",0,0,3,6,6,0,1,0,0,0,0,0,0,0,2,0.167,0.167,0.167,0.333,-5,0.151,-21,1,0,0,0,0,0,1,"RP",32.7,2,15000000,7500000,0,1194
"Joe Blanton","2TM","2015",-0.1,22,4,4,0,0,0,0,0,0,0,0,0,1,0,0,0,0,-100,0,-139,0,0,0,0,0,0,"1",0,-0.1,22,4,4,0,0,0,0,0,0,0,0,0,1,0,0,0,0,-100,0,-139,0,0,0,0,0,0,1,"RP",34.7,1,1354138.54454338,1354138.54454338,2,1195
"Joe Blanton","LAD","2016",0,71,0,0,0,0,0,0,0,0,0,0,0,0,0,0,0,0,0,0,0,0,0,0,0,0,0,"1",0,0,71,0,0,0,0,0,0,0,0,0,0,0,0,0,0,0,0,0,0,0,0,0,0,0,0,0,1,"RP",35.7,1,4000000,4000000,3,1196
"Joe Blanton","WSN","2017",0.1,48,1,0,0,0,0,0,0,0,0,0,1,0,0,1,0,0,0,0.698,350,0,0,0,0,0,0,"1",0,0.1,48,1,0,0,0,0,0,0,0,0,0,1,0,0,1,0,0,0,0.698,350,0,0,0,0,0,0,1,"RP",36.7,1,4000000,4000000,4,1197
"Joe Hudson","STL","2019",0,1,1,1,0,0,0,0,0,0,0,0,0,1,0,0,0,0,-100,0,-133,0,0,0,0,0,0,"/H",0,0,1,1,1,0,0,0,0,0,0,0,0,0,1,0,0,0,0,-100,0,-133,0,0,0,0,0,0,1,"C",28.2,1,691688.341292727,691688.341292727,0,1198
"Joe Hudson","SEA","2020",-0.2,9,20,17,0,3,0,0,0,0,0,0,2,5,0.176,0.263,0.176,0.44,28,0.205,18,3,0,0,1,0,0,"/2",0,-0.2,9,20,17,0,3,0,0,0,0,0,0,2,5,0.176,0.263,0.176,0.44,28,0.205,18,3,0,0,1,0,0,1,"C",29.2,1,690523.420485407,690523.420485407,1,1199
"Joe Hudson","NYM","2024",0,1,0,0,0,0,0,0,0,0,0,0,0,0,0,0,0,0,0,0,0,0,0,0,0,0,0,"/2",0,0,1,0,0,0,0,0,0,0,0,0,0,0,0,0,0,0,0,0,0,0,0,0,0,0,0,0,1,"C",33.2,1,761001.808873827,761001.808873827,2,1200
"Joe Kelly","LAD","2019",0,52,3,2,0,0,0,0,0,0,0,0,0,2,0,0,0,0,-100,0,-258,0,0,0,1,0,0,"1",0,0,52,3,2,0,0,0,0,0,0,0,0,0,2,0,0,0,0,-100,0,-258,0,0,0,1,0,0,1,"RP",31.2,3,25000000,8333333.33333333,0,1201
"Joe Kelly","LAD","2021",0,46,3,3,0,0,0,0,0,0,0,0,0,0,0,0,0,0,-100,0,-137,0,0,0,0,0,0,"1",0,0,46,3,3,0,0,0,0,0,0,0,0,0,0,0,0,0,0,-100,0,-137,0,0,0,0,0,0,1,"RP",33.2,3,25000000,8333333.33333333,2,1201
"Joe Mantiply","ARI","2021",0,53,0,0,0,0,0,0,0,0,0,0,0,0,0,0,0,0,0,0,0,0,0,0,0,0,0,"1",0,0,53,0,0,0,0,0,0,0,0,0,0,0,0,0,0,0,0,0,0,0,0,0,0,0,0,0,1,"RP",29,1,674990.669239509,674990.669239509,0,1205
"Joe Mantiply","ARI","2022",0,1,0,0,0,0,0,0,0,0,0,0,0,0,0,0,0,0,0,0,0,0,0,0,0,0,0,"1",1,0,1,0,0,0,0,0,0,0,0,0,0,0,0,0,0,0,0,0,0,0,0,0,0,0,0,0,0,"RP",30,1,799171.654089097,799171.654089097,1,1206
"Joe Mantiply","ARI","2024",0,1,0,0,0,0,0,0,0,0,0,0,0,0,0,0,0,0,0,0,0,0,0,0,0,0,0,"1",0,0,1,0,0,0,0,0,0,0,0,0,0,0,0,0,0,0,0,0,0,0,0,0,0,0,0,0,0,"RP",32,1,951252.261092284,951252.261092284,3,1208
"Joe Nathan","TEX","2012",0,5,0,0,0,0,0,0,0,0,0,0,0,0,0,0,0,0,0,0,0,0,0,0,0,0,0,"1",1,0,5,0,0,0,0,0,0,0,0,0,0,0,0,0,0,0,0,0,0,0,0,0,0,0,0,0,1,"RP",37.7,2,14000000,7000000,0,1209
"Joe Nathan","TEX","2013",0,5,0,0,0,0,0,0,0,0,0,0,0,0,0,0,0,0,0,0,0,0,0,0,0,0,0,"1",1,0,5,0,0,0,0,0,0,0,0,0,0,0,0,0,0,0,0,0,0,0,0,0,0,0,0,0,1,"RP",38.7,2,14000000,7000000,1,1209
"Joe Nathan","DET","2014",0,3,0,0,0,0,0,0,0,0,0,0,0,0,0,0,0,0,0,0,0,0,0,0,0,0,0,"1",0,0,3,0,0,0,0,0,0,0,0,0,0,0,0,0,0,0,0,0,0,0,0,0,0,0,0,0,1,"RP",39.7,2,20000000,10000000,2,1210
"Joe Nathan","2TM","2016",0,9,0,0,0,0,0,0,0,0,0,0,0,0,0,0,0,0,0,0,0,0,0,0,0,0,0,"1",0,0,9,0,0,0,0,0,0,0,0,0,0,0,0,0,0,0,0,0,0,0,0,0,0,0,0,0,0,"RP",41.7,2,27082770.8908676,13541385.4454338,5,1211
"Joe Nathan","2TM","2016",0,9,0,0,0,0,0,0,0,0,0,0,0,0,0,0,0,0,0,0,0,0,0,0,0,0,0,"1",0,0,9,0,0,0,0,0,0,0,0,0,0,0,0,0,0,0,0,0,0,0,0,0,0,0,0,0,1,"RP",41.7,1,507500,507500,6,1212
"Joe Panik","2TM","2019",-0.7,142,491,438,50,107,21,2,5,39,4,2,43,47,0.244,0.315,0.336,0.651,75,0.292,75,147,6,4,2,4,2,"4H",0,-0.7,142,491,438,50,107,21,2,5,39,4,2,43,47,0.244,0.315,0.336,0.651,75,0.292,75,147,6,4,2,4,2,1,"2B",28.8,1,691688.341292727,691688.341292727,4.1,1213
"Joe Panik","TOR","2020",-0.3,41,141,120,18,27,6,0,1,7,0,0,20,27,0.225,0.34,0.3,0.64,79,0.297,81,36,4,1,0,0,0,"465/HD",0,-0.3,41,141,120,18,27,6,0,1,7,0,0,20,27,0.225,0.34,0.3,0.64,79,0.297,81,36,4,1,0,0,0,1,"2B",29.8,1,2850000,2850000,5.1,1214
"Joe Panik","2TM","2021",-1.6,95,257,236,17,49,9,0,3,18,2,0,17,34,0.208,0.266,0.284,0.55,50,0.256,48,67,9,2,1,1,1,"5H4/3D",0,-1.6,95,257,236,17,49,9,0,3,18,2,0,17,34,0.208,0.266,0.284,0.55,50,0.256,48,67,9,2,1,1,1,0,"2B",30.8,1,1850000,1850000,6.1,1215
"Joe Saunders","SEA","2013",-0.1,3,6,5,0,0,0,0,0,0,0,0,0,2,0,0,0,0,-100,0,-176,0,0,0,1,0,0,"1/H",0,-0.1,3,6,5,0,0,0,0,0,0,0,0,0,2,0,0,0,0,-100,0,-176,0,0,0,1,0,0,1,"SP",32.1,1,6500000,6500000,0,1218
"Joe Smith","LAA","2014",0,6,0,0,0,0,0,0,0,0,0,0,0,0,0,0,0,0,0,0,0,0,0,0,0,0,0,"1",0,0,6,0,0,0,0,0,0,0,0,0,0,0,0,0,0,0,0,0,0,0,0,0,0,0,0,0,1,"RP",30.4,3,15750000,5250000,0,1220
"Joe Smith","LAA","2015",0,4,0,0,0,0,0,0,0,0,0,0,0,0,0,0,0,0,0,0,0,0,0,0,0,0,0,"1",0,0,4,0,0,0,0,0,0,0,0,0,0,0,0,0,0,0,0,0,0,0,0,0,0,0,0,0,1,"RP",31.4,3,15750000,5250000,1,1220
"Joe Smith","2TM","2016",0,17,0,0,0,0,0,0,0,0,0,0,0,0,0,0,0,0,0,0,0,0,0,0,0,0,0,"1",0,0,17,0,0,0,0,0,0,0,0,0,0,0,0,0,0,0,0,0,0,0,0,0,0,0,0,0,1,"RP",32.4,3,15750000,5250000,2,1220
"Joe Smith","TOR","2017",0,4,0,0,0,0,0,0,0,0,0,0,0,0,0,0,0,0,0,0,0,0,0,0,0,0,0,"1",0,0,4,0,0,0,0,0,0,0,0,0,0,0,0,0,0,0,0,0,0,0,0,0,0,0,0,0,1,"RP",33.4,1,3000000,3000000,3,1221
"Joe Smith","HOU","2018",0,6,0,0,0,0,0,0,0,0,0,0,0,0,0,0,0,0,0,0,0,0,0,0,0,0,0,"1",0,0,6,0,0,0,0,0,0,0,0,0,0,0,0,0,0,0,0,0,0,0,0,0,0,0,0,0,1,"RP",34.4,2,15000000,7500000,4,1222
"Joe Smith","HOU","2019",0,1,0,0,0,0,0,0,0,0,0,0,0,0,0,0,0,0,0,0,0,0,0,0,0,0,0,"1",0,0,1,0,0,0,0,0,0,0,0,0,0,0,0,0,0,0,0,0,0,0,0,0,0,0,0,0,1,"RP",35.4,2,15000000,7500000,5,1222
"Joe Smith","HOU","2019",0,1,0,0,0,0,0,0,0,0,0,0,0,0,0,0,0,0,0,0,0,0,0,0,0,0,0,"1",0,0,1,0,0,0,0,0,0,0,0,0,0,0,0,0,0,0,0,0,0,0,0,0,0,0,0,0,0,"RP",35.4,2,18694279.494398,9347139.74719901,6,1223
"Joe Smith","HOU","2021",0,1,0,0,0,0,0,0,0,0,0,0,0,0,0,0,0,0,0,0,0,0,0,0,0,0,0,"1",0,0,1,0,0,0,0,0,0,0,0,0,0,0,0,0,0,0,0,0,0,0,0,0,0,0,0,0,0,"RP",37.4,2,8000000,4000000,9,1224
"Joe Smith","HOU","2021",0,1,0,0,0,0,0,0,0,0,0,0,0,0,0,0,0,0,0,0,0,0,0,0,0,0,0,"1",0,0,1,0,0,0,0,0,0,0,0,0,0,0,0,0,0,0,0,0,0,0,0,0,0,0,0,0,1,"RP",37.4,2,9465250.40125516,4732625.20062758,10,1225
"Joe Thatcher","HOU","2015",0,3,0,0,0,0,0,0,0,0,0,0,0,0,0,0,0,0,0,0,0,0,0,0,0,0,0,"1",0,0,3,0,0,0,0,0,0,0,0,0,0,0,0,0,0,0,0,0,0,0,0,0,0,0,0,0,1,NA,33.8,1,1000000,1000000,0,1227
"Joel Peralta","TBR","2013",0,7,0,0,0,0,0,0,0,0,0,0,0,0,0,0,0,0,0,0,0,0,0,0,0,0,0,"1",0,0,7,0,0,0,0,0,0,0,0,0,0,0,0,0,0,0,0,0,0,0,0,0,0,0,0,0,0,"RP",37.4,2,6000000,3000000,0,1229
"Joel Peralta","TBR","2014",0,4,0,0,0,0,0,0,0,0,0,0,0,0,0,0,0,0,0,0,0,0,0,0,0,0,0,"1",0,0,4,0,0,0,0,0,0,0,0,0,0,0,0,0,0,0,0,0,0,0,0,0,0,0,0,0,0,"RP",38.4,2,6000000,3000000,1,1229
"Joel Peralta","2TM","2016",0,8,2,2,0,0,0,0,0,0,0,0,0,1,0,0,0,0,-100,0,-139,0,0,0,0,0,0,"1",0,0,8,2,2,0,0,0,0,0,0,0,0,0,1,0,0,0,0,-100,0,-139,0,0,0,0,0,0,1,"RP",40.4,1,1250000,1250000,2,1230
"Joely Rodriguez","NYM","2022",0,2,0,0,0,0,0,0,0,0,0,0,0,0,0,0,0,0,0,0,0,0,0,0,0,0,0,"1",0,0,2,0,0,0,0,0,0,0,0,0,0,0,0,0,0,0,0,0,0,0,0,0,0,0,0,0,0,"RP",30.8,1,2500000,2500000,0,1231
"Joey Gallo","MIN","2023",0.5,111,332,282,39,50,9,1,21,40,1,1,48,142,0.177,0.301,0.44,0.741,100,0.32,99,124,3,2,0,0,1,"37H89/D",0,0.5,111,332,282,39,50,9,1,21,40,1,1,48,142,0.177,0.301,0.44,0.741,100,0.32,99,124,3,2,0,0,1,1,"1B/OF",29.8,1,11000000,11000000,0,1234
"Joey Gallo","WSN","2024",0.2,76,260,223,24,36,9,0,10,27,3,1,32,102,0.161,0.277,0.336,0.613,73,0.282,77,75,1,4,0,1,0,"3/9HD7",0,0.2,76,260,223,24,36,9,0,10,27,3,1,32,102,0.161,0.277,0.336,0.613,73,0.282,77,75,1,4,0,1,0,1,"1B/OF",30.8,1,5000000,5000000,1,1235
"John Axford","COL","2015",0,57,0,0,0,0,0,0,0,0,0,0,0,0,0,0,0,0,0,0,0,0,0,0,0,0,0,"1",0,0,57,0,0,0,0,0,0,0,0,0,0,0,0,0,0,0,0,0,0,0,0,0,0,0,0,0,1,"RP",32.3,1,2600000,2600000,4.17,1238
"John Axford","OAK","2016",0,6,0,0,0,0,0,0,0,0,0,0,0,0,0,0,0,0,0,0,0,0,0,0,0,0,0,"1",0,0,6,0,0,0,0,0,0,0,0,0,0,0,0,0,0,0,0,0,0,0,0,0,0,0,0,0,1,"RP",33.3,2,10000000,5000000,5.17,1239
"John Axford","OAK","2017",0,3,0,0,0,0,0,0,0,0,0,0,0,0,0,0,0,0,0,0,0,0,0,0,0,0,0,"1",0,0,3,0,0,0,0,0,0,0,0,0,0,0,0,0,0,0,0,0,0,0,0,0,0,0,0,0,1,"RP",34.3,2,10000000,5000000,6.17,1239
"John Axford","2TM","2018",0,6,0,0,0,0,0,0,0,0,0,0,0,0,0,0,0,0,0,0,0,0,0,0,0,0,0,"1",0,0,6,0,0,0,0,0,0,0,0,0,0,0,0,0,0,0,0,0,0,0,0,0,0,0,0,0,1,"RP",35.3,1,1500000,1500000,7.118,1240
"John Axford","MIL","2021",0,1,0,0,0,0,0,0,0,0,0,0,0,0,0,0,0,0,0,0,0,0,0,0,0,0,0,"/1",0,0,1,0,0,0,0,0,0,0,0,0,0,0,0,0,0,0,0,0,0,0,0,0,0,0,0,0,0,"RP",38.3,1,1183156.3001569,1183156.3001569,8.118,1242
"John Brebbia","SFG","2021",0,17,1,1,0,0,0,0,0,0,0,0,0,1,0,0,0,0,-100,0,-125,0,0,0,0,0,0,"1",0,0,17,1,1,0,0,0,0,0,0,0,0,0,1,0,0,0,0,-100,0,-125,0,0,0,0,0,0,1,"RP/SU8",31.2,1,800000,800000,0,1243
"John Brebbia","CHW","2024",0,1,0,0,0,0,0,0,0,0,0,0,0,0,0,0,0,0,0,0,0,0,0,0,0,0,0,"1",0,0,1,0,0,0,0,0,0,0,0,0,0,0,0,0,0,0,0,0,0,0,0,0,0,0,0,0,1,"RP/SU8",34.2,1,5500000,5500000,2,1245
"John Brebbia","DET","2025",0,1,0,0,0,0,0,0,0,0,0,0,0,0,0,0,0,0,0,0,0,0,0,0,0,0,0,"1",0,0,1,0,0,0,0,0,0,0,0,0,0,0,0,0,0,0,0,0,0,0,0,0,0,0,0,0,1,"RP",35.2,1,2250000,2250000,3,1246
"John Lannan","PHI","2013",0.1,14,25,21,2,4,1,0,0,1,0,0,2,11,0.19,0.261,0.238,0.499,40,0.234,25,5,0,0,2,0,0,"1",0,0.1,14,25,21,2,4,1,0,0,1,0,0,2,11,0.19,0.261,0.238,0.499,40,0.234,25,5,0,0,2,0,0,1,NA,28.8,1,2500000,2500000,0,1249
"John Lannan","NYM","2014",0,4,0,0,0,0,0,0,0,0,0,0,0,0,0,0,0,0,0,0,0,0,0,0,0,0,0,"/1",0,0,4,0,0,0,0,0,0,0,0,0,0,0,0,0,0,0,0,0,0,0,0,0,0,0,0,0,1,NA,29.8,1,1500000,1500000,1,1250
"Johnny Cueto","SFG","2016",-0.2,31,84,70,1,8,0,0,0,5,0,0,2,24,0.114,0.137,0.114,0.251,-30,0.127,-67,8,2,0,11,1,0,"1",3,-0.2,31,84,70,1,8,0,0,0,5,0,0,2,24,0.114,0.137,0.114,0.251,-30,0.127,-67,8,2,0,11,1,0,1,"SP",30.5,6,130000000,21666666.6666667,0,1251
"Johnny Cueto","SFG","2017",-0.1,25,52,46,3,4,0,0,0,3,0,0,1,15,0.087,0.104,0.087,0.191,-48,0.108,-76,4,0,0,4,1,0,"1",0,-0.1,25,52,46,3,4,0,0,0,3,0,0,1,15,0.087,0.104,0.087,0.191,-48,0.108,-76,4,0,0,4,1,0,1,"SP",31.5,6,130000000,21666666.6666667,1,1251
"Johnny Cueto","SFG","2018",-0.2,7,13,12,0,0,0,0,0,0,0,0,0,3,0,0,0,0,-100,0,-153,0,0,0,1,0,0,"/1",0,-0.2,7,13,12,0,0,0,0,0,0,0,0,0,3,0,0,0,0,-100,0,-153,0,0,0,1,0,0,1,"SP",32.5,6,130000000,21666666.6666667,2,1251
"Johnny Cueto","SFG","2019",-0.1,4,4,4,0,0,0,0,0,0,0,0,0,3,0,0,0,0,-100,0,-135,0,0,0,0,0,0,"/1",0,-0.1,4,4,4,0,0,0,0,0,0,0,0,0,3,0,0,0,0,-100,0,-135,0,0,0,0,0,0,1,"SP",33.5,6,130000000,21666666.6666667,3,1251
"Johnny Cueto","SFG","2021",0,21,37,29,1,2,0,0,0,0,1,0,3,9,0.069,0.156,0.069,0.225,-35,0.123,-73,2,0,0,5,0,0,"1",0,0,21,37,29,1,2,0,0,0,0,1,0,3,9,0.069,0.156,0.069,0.225,-35,0.123,-73,2,0,0,5,0,0,1,"SP",35.5,6,130000000,21666666.6666667,5,1251
"Jon Jay","CHC","2017",1.1,141,433,379,65,112,18,3,2,34,6,2,37,80,0.296,0.374,0.375,0.749,96,0.343,101,142,11,12,3,2,3,"78H9/D1",0,1.1,141,433,379,65,112,18,3,2,34,6,2,37,80,0.296,0.374,0.375,0.749,96,0.343,101,142,11,12,3,2,3,1,"RF",32.4,1,8000000,8000000,6.134,1255
"Jon Jay","CHW","2019",-0.7,47,182,165,12,44,8,0,0,9,0,0,8,30,0.267,0.311,0.315,0.626,69,0.295,77,52,1,3,5,1,0,"97/DH",0,-0.7,47,182,165,12,44,8,0,0,9,0,0,8,30,0.267,0.311,0.315,0.626,69,0.295,77,52,1,3,5,1,0,1,"RF",34.4,1,4000000,4000000,8.134,1256
"Jon Jay","ARI","2020",-0.5,18,57,50,5,8,1,0,1,4,0,0,3,12,0.16,0.211,0.24,0.451,22,0.201,12,12,0,1,0,3,0,"/987DH",0,-0.5,18,57,50,5,8,1,0,1,4,0,0,3,12,0.16,0.211,0.24,0.451,22,0.201,12,12,0,1,0,3,0,1,"RF",35.4,1,1500000,1500000,9.134,1257
"Jon Jay","LAA","2021",0.1,5,14,14,2,5,0,0,0,1,0,0,0,2,0.357,0.357,0.357,0.714,96,0.298,82,5,0,0,0,0,0,"/7",0,0.1,5,14,14,2,5,0,0,0,1,0,0,0,2,0.357,0.357,0.357,0.714,96,0.298,82,5,0,0,0,0,0,1,"RF",36.4,1,1100000,1100000,10.134,1258
"Jon Lester","CHC","2015",-0.3,30,71,62,6,4,0,0,0,0,0,0,3,30,0.065,0.108,0.065,0.172,-51,0.1,-81,4,1,0,6,0,0,"1",0,-0.3,30,71,62,6,4,0,0,0,0,0,0,3,30,0.065,0.108,0.065,0.172,-51,0.1,-81,4,1,0,6,0,0,1,"SP",31.6,6,155000000,25833333.3333333,8.075,1259
"Jon Lester","CHC","2016",-0.1,30,75,59,3,6,3,0,0,6,0,0,6,18,0.102,0.185,0.153,0.337,-9,0.163,-43,9,2,0,10,0,0,"1/H",2,-0.1,30,75,59,3,6,3,0,0,6,0,0,6,18,0.102,0.185,0.153,0.337,-9,0.163,-43,9,2,0,10,0,0,1,"SP",32.6,6,155000000,25833333.3333333,9.075,1259
"Jon Lester","CHC","2017",0.2,30,65,54,5,8,3,0,1,6,1,0,4,26,0.148,0.203,0.259,0.463,19,0.208,-8,14,0,0,6,1,0,"1",0,0.2,30,65,54,5,8,3,0,1,6,1,0,4,26,0.148,0.203,0.259,0.463,19,0.208,-8,14,0,0,6,1,0,1,"SP",33.6,6,155000000,25833333.3333333,10.075,1259
"Jon Lester","CHC","2018",0,31,65,59,4,7,0,0,1,9,0,0,0,22,0.119,0.119,0.169,0.288,-24,0.157,-44,10,1,0,6,0,0,"1/H",2,0,31,65,59,4,7,0,0,1,9,0,0,0,22,0.119,0.119,0.169,0.288,-24,0.157,-44,10,1,0,6,0,0,1,"SP",34.6,6,155000000,25833333.3333333,11.075,1259
"Jon Lester","CHC","2019",0.4,28,53,48,6,9,2,0,1,6,0,0,5,20,0.188,0.264,0.292,0.556,45,0.265,50,14,1,0,0,0,0,"1/H",0,0.4,28,53,48,6,9,2,0,1,6,0,0,5,20,0.188,0.264,0.292,0.556,45,0.265,50,14,1,0,0,0,0,1,"SP",35.6,6,155000000,25833333.3333333,12.075,1259
"Jon Lester","2TM","2021",0.3,27,51,48,3,8,2,0,1,3,0,0,2,24,0.167,0.2,0.271,0.471,29,0.208,18,13,0,0,1,0,0,"1/H",0,0.3,27,51,48,3,8,2,0,1,3,0,0,2,24,0.167,0.2,0.271,0.471,29,0.208,18,13,0,0,1,0,0,1,"SP",37.6,1,5000000,5000000,14.075,1260
"Jon Rauch","NYM","2012",0,68,0,0,0,0,0,0,0,0,0,0,0,0,0,0,0,0,0,0,0,0,0,0,0,0,0,"1",0,0,68,0,0,0,0,0,0,0,0,0,0,0,0,0,0,0,0,0,0,0,0,0,0,0,0,0,1,"RP",34,1,3500000,3500000,0,1261
"Jon Rauch","MIA","2013",0,15,1,0,0,0,0,0,0,0,0,0,0,0,0,0,0,0,0,0,0,0,0,0,1,0,0,"1",0,0,15,1,0,0,0,0,0,0,0,0,0,0,0,0,0,0,0,0,0,0,0,0,0,1,0,0,1,"RP",35,1,1000000,1000000,1,1262
"Jon Singleton","2TM","2023",-0.5,36,105,91,11,15,3,0,2,12,0,0,13,23,0.165,0.267,0.264,0.53,48,0.252,51,24,2,0,0,1,0,"3H/D",0,-0.5,36,105,91,11,15,3,0,2,12,0,0,13,23,0.165,0.267,0.264,0.53,48,0.252,51,24,2,0,0,1,0,0,"1B",31.9,1,765889.986737186,765889.986737186,0,1263
"Jon Singleton","HOU","2024",0.2,119,405,355,46,83,13,1,13,42,0,0,47,111,0.234,0.321,0.386,0.707,101,0.317,103,137,2,0,0,3,0,"3HD",0,0.2,119,405,355,46,83,13,1,13,42,0,0,47,111,0.234,0.321,0.386,0.707,101,0.317,103,137,2,0,0,3,0,0,"1B",32.9,1,874123.699382099,874123.699382099,1,1264
"Jon Singleton","HOU","2025",-0.1,3,9,9,0,1,0,0,0,0,0,0,0,1,0.111,0.111,0.111,0.222,-37,0.099,-59,1,0,0,0,0,0,"/D3H",0,-0.1,3,9,9,0,1,0,0,0,0,0,0,0,1,0.111,0.111,0.111,0.222,-37,0.099,-59,1,0,0,0,0,0,0,"1B",33.9,1,1000000,1000000,2,1265
"Jonathan Broxton","2TM","2012",0,29,0,0,0,0,0,0,0,0,0,0,0,0,0,0,0,0,0,0,0,0,0,0,0,0,0,"1",0,0,29,0,0,0,0,0,0,0,0,0,0,0,0,0,0,0,0,0,0,0,0,0,0,0,0,0,1,"RP",28.1,1,4000000,4000000,0,1266
"Jonathan Broxton","CIN","2013",0,34,0,0,0,0,0,0,0,0,0,0,0,0,0,0,0,0,0,0,0,0,0,0,0,0,0,"1",0,0,34,0,0,0,0,0,0,0,0,0,0,0,0,0,0,0,0,0,0,0,0,0,0,0,0,0,0,"RP",29.1,3,21000000,7000000,1,1267
"Jonathan Broxton","2TM","2014",0,61,0,0,0,0,0,0,0,0,0,0,0,0,0,0,0,0,0,0,0,0,0,0,0,0,0,"1",0,0,61,0,0,0,0,0,0,0,0,0,0,0,0,0,0,0,0,0,0,0,0,0,0,0,0,0,0,"RP",30.1,3,21000000,7000000,2,1267
"Jonathan Broxton","2TM","2015",0,62,0,0,0,0,0,0,0,0,0,0,0,0,0,0,0,0,0,0,0,0,0,0,0,0,0,"1",0,0,62,0,0,0,0,0,0,0,0,0,0,0,0,0,0,0,0,0,0,0,0,0,0,0,0,0,0,"RP",31.1,3,21000000,7000000,3,1267
"Jonathan Broxton","STL","2016",0,62,0,0,0,0,0,0,0,0,0,0,0,0,0,0,0,0,0,0,0,0,0,0,0,0,0,"1",0,0,62,0,0,0,0,0,0,0,0,0,0,0,0,0,0,0,0,0,0,0,0,0,0,0,0,0,0,"RP",32.1,2,7500000,3750000,4,1268
"Jonathan Broxton","STL","2017",0,19,0,0,0,0,0,0,0,0,0,0,0,0,0,0,0,0,0,0,0,0,0,0,0,0,0,"1",0,0,19,0,0,0,0,0,0,0,0,0,0,0,0,0,0,0,0,0,0,0,0,0,0,0,0,0,0,"RP",33.1,2,7500000,3750000,5,1268
"Jonathan Lucroy","OAK","2018",-0.7,126,454,415,41,100,21,1,4,51,0,0,29,65,0.241,0.291,0.325,0.617,72,0.276,69,135,12,3,1,6,1,"2/HD",0,-0.7,126,454,415,41,100,21,1,4,51,0,0,29,65,0.241,0.291,0.325,0.617,72,0.276,69,135,12,3,1,6,1,1,"C",32.2,1,6500000,6500000,7.136,1269
"Jonathan Lucroy","2TM","2019",-1.1,101,328,293,30,68,10,1,8,36,0,0,27,51,0.232,0.305,0.355,0.66,74,0.285,68,104,17,5,0,3,1,"2/3HD",0,-1.1,101,328,293,30,68,10,1,8,36,0,0,27,51,0.232,0.305,0.355,0.66,74,0.285,68,104,17,5,0,3,1,1,"C",33.2,1,3350000,3350000,8.136,1270
"Jonathan Schoop","MIN","2019",1.5,121,464,433,61,111,23,1,23,59,1,1,20,116,0.256,0.304,0.473,0.777,102,0.325,98,205,13,10,0,1,1,"4/HD",0,1.5,121,464,433,61,111,23,1,23,59,1,1,20,116,0.256,0.304,0.473,0.777,102,0.325,98,205,13,10,0,1,1,1,"2B/SS",27.8,1,7500000,7500000,0,1271
"Jonathan Schoop","DET","2020",1.3,44,177,162,26,45,4,2,8,23,0,0,8,39,0.278,0.324,0.475,0.799,116,0.359,125,77,8,4,0,2,0,"4",0,1.3,44,177,162,26,45,4,2,8,23,0,0,8,39,0.278,0.324,0.475,0.799,116,0.359,125,77,8,4,0,2,0,1,"2B/SS",28.8,1,6100000,6100000,1,1272
"Jonathan Schoop","DET","2021",1.9,156,674,623,85,173,30,1,22,84,2,0,37,133,0.278,0.32,0.435,0.755,109,0.329,109,271,15,6,0,8,0,"34D/5",0,1.9,156,674,623,85,173,30,1,22,84,2,0,37,133,0.278,0.32,0.435,0.755,109,0.329,109,271,15,6,0,8,0,0,"2B/SS",29.8,1,4500000,4500000,2,1273
"Jonathan Schoop","DET","2022",0.1,131,510,481,48,97,23,1,11,38,5,0,19,107,0.202,0.239,0.322,0.561,60,0.249,53,155,15,6,0,4,1,"4/3HD",0,0.1,131,510,481,48,97,23,1,11,38,5,0,19,107,0.202,0.239,0.322,0.561,60,0.249,53,155,15,6,0,4,1,0,"2B",30.8,2,16719072.2612782,8359536.13063909,3,1274
"Jonathan Schoop","DET","2023",-0.4,55,151,136,15,29,8,0,0,7,0,0,13,37,0.213,0.278,0.272,0.55,54,0.245,47,37,6,0,0,2,0,"45H/16D",0,-0.4,55,151,136,15,29,8,0,0,7,0,0,13,37,0.213,0.278,0.272,0.55,54,0.245,47,37,6,0,0,2,0,0,"2B",31.8,2,16719072.2612782,8359536.13063909,4,1274
"Jonathan Villar","NYM","2021",1.8,142,505,454,63,113,18,2,18,42,14,7,46,132,0.249,0.322,0.416,0.738,101,0.323,100,189,6,3,2,0,2,"56H/4",0,1.8,142,505,454,63,113,18,2,18,42,14,7,46,132,0.249,0.322,0.416,0.738,101,0.323,100,189,6,3,2,0,2,1,"SS/3B",30.2,1,3550000,3550000,6.113,1275
"Jonathan Villar","2TM","2022",-1.3,59,220,202,25,42,6,2,3,18,7,0,15,59,0.208,0.26,0.302,0.562,57,0.269,58,61,4,0,1,2,0,"45/H6D",0,-1.3,59,220,202,25,42,6,2,3,18,7,0,15,59,0.208,0.26,0.302,0.562,57,0.269,58,61,4,0,1,2,0,1,"SS/3B",31.2,1,6000000,6000000,7.113,1276
"Jonny Gomes","OAK","2012",1.8,99,333,279,46,73,10,0,18,47,3,1,44,104,0.262,0.377,0.491,0.868,142,0.376,143,137,2,8,1,1,2,"D7H/9",0,1.8,99,333,279,46,73,10,0,18,47,3,1,44,104,0.262,0.377,0.491,0.868,142,0.376,143,137,2,8,1,1,2,1,"LF/DH",31.7,1,1000000,1000000,0,1277
"Jonny Gomes","BOS","2013",1.6,116,366,312,49,77,17,0,13,52,1,0,43,89,0.247,0.344,0.426,0.771,110,0.339,107,133,6,6,0,5,3,"7HD/9",0,1.6,116,366,312,49,77,17,0,13,52,1,0,43,89,0.247,0.344,0.426,0.771,110,0.339,107,133,6,6,0,5,3,1,"LF/DH",32.7,2,10000000,5000000,1,1278
"Jonny Gomes","2TM","2014",-0.6,112,321,273,28,64,8,0,6,37,0,0,35,88,0.234,0.327,0.33,0.657,86,0.303,84,90,6,6,0,7,2,"7H9D",0,-0.6,112,321,273,28,64,8,0,6,37,0,0,35,88,0.234,0.327,0.33,0.657,86,0.303,84,90,6,6,0,7,2,1,"LF/DH",33.7,2,10000000,5000000,2,1278
"Jonny Gomes","2TM","2015",-0.9,95,262,225,29,48,9,0,7,26,1,1,31,81,0.213,0.313,0.347,0.66,83,0.304,85,78,6,3,0,3,1,"7H/9D1",0,-0.9,95,262,225,29,48,9,0,7,26,1,1,31,81,0.213,0.313,0.347,0.66,83,0.304,85,78,6,3,0,3,1,1,"LF/DH",34.7,1,4000000,4000000,3,1279
"Jonny Venters","2TM","2018",0,30,0,0,0,0,0,0,0,0,0,0,0,0,0,0,0,0,0,0,0,0,0,0,0,0,0,"1",0,0,30,0,0,0,0,0,0,0,0,0,0,0,0,0,0,0,0,0,0,0,0,0,0,0,0,0,1,"RP",33.4,1,694114.573020403,694114.573020403,0.159,1280
"Jonny Venters","2TM","2019",0,11,0,0,0,0,0,0,0,0,0,0,0,0,0,0,0,0,0,0,0,0,0,0,0,0,0,"1",0,0,11,0,0,0,0,0,0,0,0,0,0,0,0,0,0,0,0,0,0,0,0,0,0,0,0,0,1,"RP",34.4,1,2804141.9241597,2804141.9241597,1.159,1281
"Jordan Lyles","2TM","2017",0.1,37,14,13,1,3,0,0,0,3,0,0,1,6,0.231,0.286,0.231,0.516,37,0.242,30,3,0,0,0,0,0,"1",0,0.1,37,14,13,1,3,0,0,0,3,0,0,1,6,0.231,0.286,0.231,0.516,37,0.242,30,3,0,0,0,0,0,1,"SP",26.8,1,695958.90057858,695958.90057858,0,1282
"Jordan Lyles","2TM","2018",-0.1,36,20,15,3,0,0,0,0,1,0,0,3,8,0,0.167,0,0.167,-48,0.115,-70,0,1,0,2,0,0,"1/H",0,-0.1,36,20,15,3,0,0,0,0,1,0,0,3,8,0,0.167,0,0.167,-48,0.115,-70,0,1,0,2,0,0,0,"SP",27.8,1,1000000,1000000,1,1283
"Jordan Lyles","2TM","2019",-0.1,26,48,45,3,4,0,0,0,4,0,0,1,28,0.089,0.128,0.089,0.217,-41,0.121,-55,4,1,1,1,0,0,"1",0,-0.1,26,48,45,3,4,0,0,0,4,0,0,1,28,0.089,0.128,0.089,0.217,-41,0.121,-55,4,1,1,1,0,0,1,"SP",28.8,1,2050000,2050000,2,1284
"Jordan Lyles","TEX","2021",-0.1,3,6,6,0,0,0,0,0,0,0,0,0,5,0,0,0,0,-100,0,-125,0,0,0,0,0,0,"1",0,-0.1,3,6,6,0,0,0,0,0,0,0,0,0,5,0,0,0,0,-100,0,-125,0,0,0,0,0,0,1,"SP",30.8,2,16000000,8000000,4,1285
"Jordan Lyles","TEX","2021",-0.1,3,6,6,0,0,0,0,0,0,0,0,0,5,0,0,0,0,-100,0,-125,0,0,0,0,0,0,"1",0,-0.1,3,6,6,0,0,0,0,0,0,0,0,0,5,0,0,0,0,-100,0,-125,0,0,0,0,0,0,0,"SP",30.8,2,18930500.8025103,9465250.40125516,5,1286
"Jordan Pacheco","ARI","2015",-0.3,29,78,66,8,16,0,0,2,8,1,0,9,14,0.242,0.333,0.333,0.667,80,0.306,77,22,6,1,0,2,0,"2H/35",0,-0.3,29,78,66,8,16,0,0,2,8,1,0,9,14,0.242,0.333,0.333,0.667,80,0.306,77,22,6,1,0,2,0,0,"3B/1B",29.5,1,900000,900000,0,1289
"Jordan Pacheco","CIN","2016",-0.7,31,51,51,1,8,4,0,0,0,0,0,0,14,0.157,0.157,0.235,0.392,2,0.168,-21,12,1,0,0,0,0,"H/534D",0,-0.7,31,51,51,1,8,4,0,0,0,0,0,0,14,0.157,0.157,0.235,0.392,2,0.168,-21,12,1,0,0,0,0,1,"3B/1B",30.5,1,800000,800000,1,1290
"Jordy Mercer","DET","2019",0.4,74,271,256,24,69,16,0,9,22,0,0,13,57,0.27,0.31,0.438,0.747,94,0.327,97,112,4,2,0,0,1,"6/435DH",0,0.4,74,271,256,24,69,16,0,9,22,0,0,13,57,0.27,0.31,0.438,0.747,94,0.327,97,112,4,2,0,0,1,1,"SS",32.9,1,5250000,5250000,6.095,1291
"Jordy Mercer","WSN","2021",0.1,46,127,118,13,30,7,0,2,9,0,0,9,34,0.254,0.307,0.364,0.671,85,0.303,87,43,1,0,0,0,0,"45H/637D",0,0.1,46,127,118,13,30,7,0,2,9,0,0,9,34,0.254,0.307,0.364,0.671,85,0.303,87,43,1,0,0,0,0,1,"SS",34.9,1,1000000,1000000,7.156,1292
"Jorge De La Rosa","ARI","2017",0,64,2,0,1,0,0,0,0,0,0,0,0,0,0,0,0,0,0,0,0,0,0,0,2,0,0,"1",0,0,64,2,0,1,0,0,0,0,0,0,0,0,0,0,0,0,0,0,0,0,0,0,0,2,0,0,1,"RP",36.3,1,2250000,2250000,6.015,1293
"Jorge De La Rosa","2TM","2018",0,57,2,1,1,0,0,0,0,0,0,0,1,0,0,0.5,0,0.5,50,0.346,109,0,0,0,0,0,0,"1/H",0,0,57,2,1,1,0,0,0,0,0,0,0,1,0,0,0.5,0,0.5,50,0.346,109,0,0,0,0,0,0,1,"RP",37.3,1,694114.573020403,694114.573020403,7.015,1294
"Jorge Lopez","NYM","2024",0,1,0,0,0,0,0,0,0,0,0,0,0,0,0,0,0,0,0,0,0,0,0,0,0,0,0,"1",0,0,1,0,0,0,0,0,0,0,0,0,0,0,0,0,0,0,0,0,0,0,0,0,0,0,0,0,1,"RP/SU8",30.5,1,2000000,2000000,0,1295
"Jorge Soler","MIA","2022",0.4,72,306,270,32,56,13,0,13,34,0,2,31,90,0.207,0.295,0.4,0.695,95,0.309,96,108,9,3,0,1,1,"7D/H",0,0.4,72,306,270,32,56,13,0,13,34,0,2,31,90,0.207,0.295,0.4,0.695,95,0.309,96,108,9,3,0,1,1,1,"DH/OF",30.5,3,36000000,12000000,0,1297
"Jorge Soler","MIA","2023",1.5,137,580,504,77,126,24,0,36,75,1,0,66,141,0.25,0.341,0.512,0.853,123,0.364,121,258,20,6,0,4,4,"D9/H",1,1.5,137,580,504,77,126,24,0,36,75,1,0,66,141,0.25,0.341,0.512,0.853,123,0.364,121,258,20,6,0,4,4,1,"DH/OF",31.5,3,36000000,12000000,1,1297
"Jorge Soler","2TM","2024",1.1,142,574,493,84,119,34,1,21,64,1,0,68,141,0.241,0.338,0.442,0.78,120,0.343,123,218,9,6,0,4,0,"D9/H7",0,1.1,142,574,493,84,119,34,1,21,64,1,0,68,141,0.241,0.338,0.442,0.78,120,0.343,123,218,9,6,0,4,0,1,"DH/OF",32.5,3,36000000,12000000,2,1297
"Jorge Soler","2TM","2024",1.1,142,574,493,84,119,34,1,21,64,1,0,68,141,0.241,0.338,0.442,0.78,120,0.343,123,218,9,6,0,4,0,"D9/H7",0,1.1,142,574,493,84,119,34,1,21,64,1,0,68,141,0.241,0.338,0.442,0.78,120,0.343,123,218,9,6,0,4,0,1,"DH/OF",32.5,3,42000000,14000000,3,1298
"Jorge Soler","LAA","2025",-0.5,82,315,279,31,60,12,0,12,34,0,0,28,94,0.215,0.293,0.387,0.68,89,0.303,89,108,5,4,0,3,0,"9D/H",0,-0.5,82,315,279,31,60,12,0,12,34,0,0,28,94,0.215,0.293,0.387,0.68,89,0.303,89,108,5,4,0,3,0,1,"DH/OF",33.5,3,42000000,14000000,4,1298
"Jose Abreu","CHW","2020",2.7,60,262,240,43,76,15,0,19,60,0,0,18,59,0.317,0.37,0.617,0.987,165,0.421,168,148,10,3,0,1,1,"3/D",2,2.7,60,262,240,43,76,15,0,19,60,0,0,18,59,0.317,0.37,0.617,0.987,165,0.421,168,148,10,3,0,1,1,0,"1B/DH",33.5,1,17800000,17800000,6,1301
"Jose Abreu","HOU","2023",-0.1,141,594,540,62,128,23,1,18,90,0,1,42,130,0.237,0.296,0.383,0.68,87,0.303,89,207,16,6,0,6,1,"3/D",0,-0.1,141,594,540,62,128,23,1,18,90,0,1,42,130,0.237,0.296,0.383,0.68,87,0.303,89,207,16,6,0,6,1,1,"1B/DH",36.5,3,58500000,19500000,9,1302
"Jose Abreu","HOU","2024",-1.7,35,120,113,10,14,2,0,2,7,0,0,4,28,0.124,0.167,0.195,0.361,3,0.163,-7,22,4,2,0,1,0,"3/H",0,-1.7,35,120,113,10,14,2,0,2,7,0,0,4,28,0.124,0.167,0.195,0.361,3,0.163,-7,22,4,2,0,1,0,1,"1B/DH",37.5,3,58500000,19500000,10,1302
"Jose Iglesias","CIN","2019",0.9,146,530,504,62,145,21,3,11,59,6,6,20,70,0.288,0.318,0.407,0.724,83,0.309,78,205,17,3,1,2,3,"6/H",0,0.9,146,530,504,62,145,21,3,11,59,6,6,20,70,0.288,0.318,0.407,0.724,83,0.309,78,205,17,3,1,2,3,1,"SS",29.6,1,2500000,2500000,0,1305
"Jose Iglesias","BAL","2020",1.3,39,150,142,16,53,17,0,3,24,0,0,3,17,0.373,0.4,0.556,0.956,157,0.407,155,79,1,4,0,1,0,"6D/H",0,1.3,39,150,142,16,53,17,0,3,24,0,0,3,17,0.373,0.4,0.556,0.956,157,0.407,155,79,1,4,0,1,0,1,"SS",30.6,1,3000000,3000000,1,1306
"Jose Iglesias","COL","2022",1.2,118,467,439,48,128,30,0,3,47,2,3,17,56,0.292,0.328,0.38,0.708,91,0.315,89,167,11,8,0,3,0,"6/D",0,1.2,118,467,439,48,128,30,0,3,47,2,3,17,56,0.292,0.328,0.38,0.708,91,0.315,89,167,11,8,0,3,0,1,"SS",32.6,1,5000000,5000000,2,1307
"Jose Iglesias","NYM","2024",3,85,291,270,39,91,16,1,4,26,6,2,12,39,0.337,0.381,0.448,0.83,136,0.361,135,121,4,8,0,1,1,"45/H6",0,3,85,291,270,39,91,16,1,4,26,6,2,12,39,0.337,0.381,0.448,0.83,136,0.361,135,121,4,8,0,1,1,1,"3B",34.6,1,1542571.2342037,1542571.2342037,3,1308
"Jose Iglesias","SDP","2025",-0.7,112,343,306,29,70,11,0,3,36,5,1,24,56,0.229,0.298,0.294,0.592,65,0.288,74,90,7,7,4,2,0,"465HD/7",0,-0.7,112,343,306,29,70,11,0,3,36,5,1,24,56,0.229,0.298,0.294,0.592,65,0.288,74,90,7,7,4,2,0,1,"3B",35.6,1,3000000,3000000,4,1309
"Jose Lobaton","NYM","2018",-0.5,22,57,49,3,7,2,1,0,4,0,0,7,15,0.143,0.246,0.224,0.47,34,0.236,40,11,2,0,0,1,0,"2/H",0,-0.5,22,57,49,3,7,2,1,0,4,0,0,7,15,0.143,0.246,0.224,0.47,34,0.236,40,11,2,0,0,1,0,1,"C",33.8,1,1250000,1250000,6.138,1310
"Jose Lobaton","CHC","2021",-0.3,6,13,11,1,0,0,0,0,0,0,0,2,5,0,0.154,0,0.154,-53,0.107,-57,0,0,0,0,0,0,"/2H",0,-0.3,6,13,11,1,0,0,0,0,0,0,0,2,5,0,0.154,0,0.154,-53,0.107,-57,0,0,0,0,0,0,1,"C",36.8,1,1183156.3001569,1183156.3001569,7.041,1312
"Jose Molina","TBR","2012",1.1,102,274,251,27,56,9,0,8,32,3,1,20,60,0.223,0.286,0.355,0.64,79,0.303,89,89,9,2,1,0,0,"2/H",0,1.1,102,274,251,27,56,9,0,8,32,3,1,20,60,0.223,0.286,0.355,0.64,79,0.303,89,89,9,2,1,0,0,1,"C",37.2,1,1800000,1800000,0.026,1313
"Jose Molina","TBR","2014",-2,80,247,225,4,40,2,0,0,10,3,0,14,55,0.178,0.23,0.187,0.417,22,0.199,9,42,8,2,4,2,0,"2/H",0,-2,80,247,225,4,40,2,0,0,10,3,0,14,55,0.178,0.23,0.187,0.417,22,0.199,9,42,8,2,4,2,0,0,"C",39.2,2,4500000,2250000,2.026,1314
"Jose Quintana","2TM","2021",0.1,7,2,1,0,1,0,0,0,0,0,0,1,0,1,1,1,2,449,0.797,439,1,0,0,0,0,0,"1",0,0.1,7,2,1,0,1,0,0,0,0,0,0,1,0,1,1,1,2,449,0.797,439,1,0,0,0,0,0,1,"SP/SP1",32.6,1,8000000,8000000,0,1315
"Jose Reyes","MIA","2012",3,160,716,642,86,184,37,12,11,57,40,11,63,56,0.287,0.347,0.433,0.78,109,0.358,114,278,10,0,5,6,9,"6",0,3,160,716,642,86,184,37,12,11,57,40,11,63,56,0.287,0.347,0.433,0.78,109,0.358,114,278,10,0,5,6,9,1,"SS/2B",29.2,6,106000000,17666666.6666667,0,1319
"Jose Reyes","TOR","2013",2.6,93,419,382,58,113,20,0,10,37,15,6,34,47,0.296,0.353,0.427,0.78,113,0.35,115,163,6,1,0,2,2,"6/H",0,2.6,93,419,382,58,113,20,0,10,37,15,6,34,47,0.296,0.353,0.427,0.78,113,0.35,115,163,6,1,0,2,2,1,"SS/2B",30.2,6,106000000,17666666.6666667,1,1319
"Jose Reyes","TOR","2014",3.4,143,655,610,94,175,33,4,9,51,30,2,38,73,0.287,0.328,0.398,0.726,105,0.344,110,243,4,1,2,4,1,"6/H",0,3.4,143,655,610,94,175,33,4,9,51,30,2,38,73,0.287,0.328,0.398,0.726,105,0.344,110,243,4,1,2,4,1,1,"SS/2B",31.2,6,106000000,17666666.6666667,2,1319
"Jose Reyes","2TM","2015",0.4,116,519,481,57,132,25,2,7,53,24,6,26,62,0.274,0.31,0.378,0.688,82,0.311,76,182,6,0,9,3,0,"6",0,0.4,116,519,481,57,132,25,2,7,53,24,6,26,62,0.274,0.31,0.378,0.688,82,0.311,76,182,6,0,9,3,0,1,"SS/2B",32.2,6,106000000,17666666.6666667,3,1319
"Jose Reyes","NYM","2016",0.6,60,279,255,45,68,13,4,8,24,9,2,23,49,0.267,0.326,0.443,0.769,107,0.342,107,113,3,0,0,1,1,"56",0,0.6,60,279,255,45,68,13,4,8,24,9,2,23,49,0.267,0.326,0.443,0.769,107,0.342,107,113,3,0,0,1,1,1,"SS/2B",33.2,6,106000000,17666666.6666667,4,1319
"Jose Reyes","NYM","2016",0.6,60,279,255,45,68,13,4,8,24,9,2,23,49,0.267,0.326,0.443,0.769,107,0.342,107,113,3,0,0,1,1,"56",0,0.6,60,279,255,45,68,13,4,8,24,9,2,23,49,0.267,0.326,0.443,0.769,107,0.342,107,113,3,0,0,1,1,1,"SS/2B",33.2,1,507500,507500,6,1320
"Jose Reyes","NYM","2017",-0.1,145,561,501,75,123,25,7,15,58,24,6,50,79,0.246,0.315,0.413,0.728,94,0.326,95,207,3,2,5,3,1,"654H/78",0,-0.1,145,561,501,75,123,25,7,15,58,24,6,50,79,0.246,0.315,0.413,0.728,94,0.326,95,207,3,2,5,3,1,1,"SS/2B",34.2,6,106000000,17666666.6666667,5,1319
"Jose Reyes","NYM","2017",-0.1,145,561,501,75,123,25,7,15,58,24,6,50,79,0.246,0.315,0.413,0.728,94,0.326,95,207,3,2,5,3,1,"654H/78",0,-0.1,145,561,501,75,123,25,7,15,58,24,6,50,79,0.246,0.315,0.413,0.728,94,0.326,95,207,3,2,5,3,1,0,"3B",34.2,1,695958.90057858,695958.90057858,7,1321
"Jose Reyes","NYM","2018",-0.6,110,251,228,30,43,12,3,4,16,5,2,22,39,0.189,0.26,0.32,0.58,62,0.264,59,73,5,0,1,0,1,"H564/1",0,-0.6,110,251,228,30,43,12,3,4,16,5,2,22,39,0.189,0.26,0.32,0.58,62,0.264,59,73,5,0,1,0,1,0,"SS/2B",35.2,1,2000000,2000000,8,1322
"Jose Veras","2TM","2013",0,6,0,0,0,0,0,0,0,0,0,0,0,0,0,0,0,0,0,0,0,0,0,0,0,0,0,"1",0,0,6,0,0,0,0,0,0,0,0,0,0,0,0,0,0,0,0,0,0,0,0,0,0,0,0,0,1,"RP",32.8,1,1850000,1850000,0,1323
"Jose Veras","2TM","2014",0,14,0,0,0,0,0,0,0,0,0,0,0,0,0,0,0,0,0,0,0,0,0,0,0,0,0,"1",0,0,14,0,0,0,0,0,0,0,0,0,0,0,0,0,0,0,0,0,0,0,0,0,0,0,0,0,1,"RP",33.8,1,689449.635766739,689449.635766739,1,1324
"Josh Bell","PIT","2016",-0.8,45,152,128,18,35,8,0,3,19,0,1,21,19,0.273,0.368,0.406,0.775,108,0.344,111,52,4,0,0,3,0,"39H",0,-0.8,45,152,128,18,35,8,0,3,19,0,1,21,19,0.273,0.368,0.406,0.775,108,0.344,111,52,4,0,0,3,0,1,"1B",23,1,672362.379948466,672362.379948466,0,1325
"Josh Bell","PIT","2017",0.9,159,620,549,75,140,26,6,26,90,2,4,66,117,0.255,0.334,0.466,0.8,109,0.347,113,256,15,1,0,4,4,"3H/D",2,0.9,159,620,549,75,140,26,6,26,90,2,4,66,117,0.255,0.334,0.466,0.8,109,0.347,113,256,15,1,0,4,4,0,"1B",24,1,714170.909191851,714170.909191851,1,1326
"Josh Bell","PIT","2018",0.7,148,583,501,74,131,31,4,12,62,2,5,77,104,0.261,0.357,0.411,0.768,111,0.339,113,206,12,0,0,5,2,"3H/D",0,0.7,148,583,501,74,131,31,4,12,62,2,5,77,104,0.261,0.357,0.411,0.768,111,0.339,113,206,12,0,0,5,2,0,"1B",25,1,729138.702851707,729138.702851707,2,1327
"Josh Bell","PIT","2019",2.6,143,613,527,94,146,37,3,37,116,0,1,74,118,0.277,0.367,0.569,0.936,142,0.384,139,300,11,5,0,7,13,"3/DH",1,2.6,143,613,527,94,146,37,3,37,116,0,1,74,118,0.277,0.367,0.569,0.936,142,0.384,139,300,11,5,0,7,13,0,"1B",26,1,731569.470880776,731569.470880776,3,1328
"Josh Bell","PIT","2020",-0.5,57,223,195,22,44,3,0,8,22,0,0,22,59,0.226,0.305,0.364,0.669,82,0.29,74,71,3,2,0,4,4,"3D/H",0,-0.5,57,223,195,22,44,3,0,8,22,0,0,22,59,0.226,0.305,0.364,0.669,82,0.29,74,71,3,2,0,4,4,0,"1B",27,1,5882009.61549237,5882009.61549237,4,1329
"Josh Bell","WSN","2021",3.1,144,568,498,75,130,24,1,27,88,0,0,65,101,0.261,0.347,0.476,0.823,124,0.37,134,237,22,2,0,3,2,"3H/7D9",0,3.1,144,568,498,75,130,24,1,27,88,0,0,65,101,0.261,0.347,0.476,0.823,124,0.37,134,237,22,2,0,3,2,1,"1B",28,1,7513042.50599629,7513042.50599629,5,1330
"Josh Bell","2TM","2022",2.9,156,647,552,78,147,29,3,17,71,0,1,81,102,0.266,0.362,0.422,0.784,127,0.351,131,233,22,5,0,6,4,"3D/H",1,2.9,156,647,552,78,147,29,3,17,71,0,1,81,102,0.266,0.362,0.422,0.784,127,0.351,131,233,22,5,0,6,4,1,"1B",29,1,11146048.1741855,11146048.1741855,6,1331
"Josh Bell","2TM","2023",-0.1,150,617,547,52,135,28,0,22,74,0,1,63,134,0.247,0.325,0.419,0.744,101,0.323,99,229,13,2,0,3,2,"D3/H",0,-0.1,150,617,547,52,135,28,0,22,74,0,1,63,134,0.247,0.325,0.419,0.744,101,0.323,99,229,13,2,0,3,2,1,"1B",30,2,33000000,16500000,7,1332
"Josh Bell","2TM","2024",-0.3,145,603,538,62,134,23,2,19,71,0,1,51,120,0.249,0.319,0.405,0.725,100,0.32,101,218,22,6,0,3,1,"3D/H",0,-0.3,145,603,538,62,134,23,2,19,71,0,1,51,120,0.249,0.319,0.405,0.725,100,0.32,101,218,22,6,0,3,1,1,"1B",31,2,33000000,16500000,8,1332
"Josh Bell","WSN","2025",0.5,140,533,468,54,111,16,1,22,63,0,3,57,88,0.237,0.325,0.417,0.741,110,0.327,112,195,15,5,0,3,1,"D3H",0,0.5,140,533,468,54,111,16,1,22,63,0,3,57,88,0.237,0.325,0.417,0.741,110,0.327,112,195,15,5,0,3,1,1,"1B/1B",32,1,6000000,6000000,9,1333
"Josh Donaldson","ATL","2019",5.3,155,659,549,96,142,33,0,37,94,4,2,100,155,0.259,0.379,0.521,0.9,126,0.388,133,286,13,8,0,2,2,"5/HD",2,5.3,155,659,549,96,142,33,0,37,94,4,2,100,155,0.259,0.379,0.521,0.9,126,0.388,133,286,13,8,0,2,2,1,"3B",33.7,1,23000000,23000000,6.158,1334
"Josh Donaldson","MIN","2020",0.5,28,102,81,14,18,2,0,6,11,0,0,18,24,0.222,0.373,0.469,0.842,132,0.359,127,38,4,2,0,1,1,"5/H",0,0.5,28,102,81,14,18,2,0,6,11,0,0,18,24,0.222,0.373,0.469,0.842,132,0.359,127,38,4,2,0,1,1,1,"3B",34.7,4,92000000,23000000,7.158,1335
"Josh Donaldson","MIN","2021",3,135,543,457,73,113,26,0,26,72,0,0,74,114,0.247,0.352,0.475,0.827,127,0.354,126,217,22,4,0,8,2,"5D/H",0,3,135,543,457,73,113,26,0,26,72,0,0,74,114,0.247,0.352,0.475,0.827,127,0.354,126,217,22,4,0,8,2,1,"3B",35.7,4,92000000,23000000,8.158,1335
"Josh Donaldson","NYY","2022",2.2,132,546,478,59,106,28,0,15,62,2,2,54,148,0.222,0.308,0.374,0.682,93,0.311,98,179,13,8,0,6,1,"5D/H",0,2.2,132,546,478,59,106,28,0,15,62,2,2,54,148,0.222,0.308,0.374,0.682,93,0.311,98,179,13,8,0,6,1,1,"3B",36.7,4,92000000,23000000,9.158,1335
"Josh Donaldson","2TM","2023",0.1,50,189,165,18,25,5,0,13,26,0,0,22,50,0.152,0.249,0.418,0.667,78,0.282,71,69,6,0,0,2,0,"5/DH1",0,0.1,50,189,165,18,25,5,0,13,26,0,0,22,50,0.152,0.249,0.418,0.667,78,0.282,71,69,6,0,0,2,0,1,"3B",37.7,4,92000000,23000000,10.158,1335
"Josh Donaldson","2TM","2023",0.1,50,189,165,18,25,5,0,13,26,0,0,22,50,0.152,0.249,0.418,0.667,78,0.282,71,69,6,0,0,2,0,"5/DH1",0,0.1,50,189,165,18,25,5,0,13,26,0,0,22,50,0.152,0.249,0.418,0.667,78,0.282,71,69,6,0,0,2,0,1,"3B",37.7,1,765889.986737186,765889.986737186,10.158,1336
"Josh Hamilton","LAA","2013",1.3,151,636,576,73,144,32,5,21,79,4,0,47,158,0.25,0.307,0.432,0.739,108,0.324,105,249,16,4,0,9,4,"9D7/8H",0,1.3,151,636,576,73,144,32,5,21,79,4,0,47,158,0.25,0.307,0.432,0.739,108,0.324,105,249,16,4,0,9,4,1,"LF/CF",32.2,5,125000000,25000000,0,1337
"Josh Hamilton","LAA","2014",1.4,89,381,338,43,89,21,0,10,44,3,3,32,108,0.263,0.331,0.414,0.745,115,0.33,114,140,2,5,0,6,5,"7D/8H",0,1.4,89,381,338,43,89,21,0,10,44,3,3,32,108,0.263,0.331,0.414,0.745,115,0.33,114,140,2,5,0,6,5,1,"LF/CF",33.2,5,125000000,25000000,1,1337
"Josh Hamilton","TEX","2015",0.4,50,182,170,22,43,8,0,8,25,0,0,10,52,0.253,0.291,0.441,0.732,94,0.324,95,75,1,0,0,2,0,"79/HD",0,0.4,50,182,170,22,43,8,0,8,25,0,0,10,52,0.253,0.291,0.441,0.732,94,0.324,95,75,1,0,0,2,0,1,"LF/CF",34.2,5,125000000,25000000,2,1337
"Josh Harrison","DET","2019",-1,36,147,137,10,24,7,1,1,8,4,2,6,27,0.175,0.218,0.263,0.48,27,0.208,15,36,0,2,0,2,0,"4/HD",0,-1,36,147,137,10,24,7,1,1,8,4,2,6,27,0.175,0.218,0.263,0.48,27,0.208,15,36,0,2,0,2,0,1,"2B/SS",32.1,1,2000000,2000000,0,1339
"Josh Harrison","WSN","2020",0.3,33,91,79,11,22,2,0,3,14,1,2,6,12,0.278,0.352,0.418,0.769,108,0.329,107,33,2,4,0,2,0,"45/HD793",0,0.3,33,91,79,11,22,2,0,3,14,1,2,6,12,0.278,0.352,0.418,0.769,108,0.329,107,33,2,4,0,2,0,1,"2B/SS",33.1,1,1225418.66989424,1225418.66989424,1,1340
"Josh Harrison","2TM","2021",2,138,558,505,58,141,33,2,8,60,9,5,31,75,0.279,0.341,0.4,0.741,106,0.332,110,202,9,18,0,3,0,"457/6H89",0,2,138,558,505,58,141,33,2,8,60,9,5,31,75,0.279,0.341,0.4,0.741,106,0.332,110,202,9,18,0,3,0,1,"2B",34.1,1,1183156.3001569,1183156.3001569,2,1341
"Josh Harrison","CHW","2022",1.8,119,425,386,50,99,19,2,7,27,2,1,21,71,0.256,0.317,0.37,0.687,95,0.304,91,143,9,14,2,2,0,"45/HD167",0,1.8,119,425,386,50,99,19,2,7,27,2,1,21,71,0.256,0.317,0.37,0.687,95,0.304,91,143,9,14,2,2,0,1,"2B/SS",35.1,1,5500000,5500000,3,1342
"Josh Harrison","PHI","2023",-0.6,40,114,103,8,21,3,0,2,10,0,0,3,20,0.204,0.263,0.291,0.554,52,0.256,52,30,2,6,0,2,0,"5H4/719D",0,-0.6,40,114,103,8,21,3,0,2,10,0,0,3,20,0.204,0.263,0.291,0.554,52,0.256,52,30,2,6,0,2,0,1,"2B/SS",36.1,1,2000000,2000000,4,1343
"Josh Rogers","WSN","2021",-0.1,6,14,12,0,0,0,0,0,0,0,0,1,4,0,0.077,0,0.077,-76,0.054,-105,0,0,0,1,0,0,"/1",0,-0.1,6,14,12,0,0,0,0,0,0,0,0,1,4,0,0.077,0,0.077,-76,0.054,-105,0,0,0,1,0,0,1,"SP/SP4",27.1,1,674990.669239509,674990.669239509,0,1347
"Josh Thole","TOR","2016",-0.8,50,136,118,7,20,3,0,1,7,0,0,13,28,0.169,0.254,0.22,0.474,30,0.221,19,26,4,1,2,2,0,"2/H",0,-0.8,50,136,118,7,20,3,0,1,7,0,0,13,28,0.169,0.254,0.22,0.474,30,0.221,19,26,4,1,2,2,0,0,"C",29.8,1,800000,800000,4.165,1349
"Josh Tomlin","ATL","2019",-0.1,47,6,6,0,0,0,0,0,0,0,0,0,3,0,0,0,0,-100,0,-147,0,0,0,0,0,0,"1",0,-0.1,47,6,6,0,0,0,0,0,0,0,0,0,3,0,0,0,0,-100,0,-147,0,0,0,0,0,0,1,"RP",34.8,1,1000000,1000000,8.033,1351
"Josh Tomlin","ATL","2021",0.1,35,5,3,0,1,0,0,0,0,0,0,1,1,0.333,0.5,0.333,0.833,129,0.399,157,1,0,0,1,0,0,"1/H",0,0.1,35,5,3,0,1,0,0,0,0,0,0,1,1,0.333,0.5,0.333,0.833,129,0.399,157,1,0,0,1,0,0,0,"RP",36.8,1,1250000,1250000,10.033,1353
"Jp Arencibia","TEX","2014",-1.2,62,222,203,20,36,9,0,10,35,0,0,10,62,0.177,0.239,0.369,0.608,67,0.277,64,75,6,7,0,2,0,"23D/H1",0,-1.2,62,222,203,20,36,9,0,10,35,0,0,10,62,0.177,0.239,0.369,0.608,67,0.277,64,75,6,7,0,2,0,1,"1B/C",28.6,1,1800000,1800000,0,1354
"Jp Arencibia","TBR","2015",0.7,24,73,71,9,22,3,0,6,17,0,0,1,22,0.31,0.315,0.606,0.921,150,0.386,150,43,1,0,0,1,0,"2/HD",0,0.7,24,73,71,9,22,3,0,6,17,0,0,1,22,0.31,0.315,0.606,0.921,150,0.386,150,43,1,0,0,1,0,1,"1B/C",29.6,1,687225.311355765,687225.311355765,1,1355
"Jp Howell","LAD","2013",0,61,1,1,0,0,0,0,0,0,0,0,0,1,0,0,0,0,-100,0,-150,0,0,0,0,0,0,"1",0,0,61,1,1,0,0,0,0,0,0,0,0,0,1,0,0,0,0,-100,0,-150,0,0,0,0,0,0,1,"RP",30.3,1,2850000,2850000,0,1356
"Jp Howell","LAD","2014",0,64,0,0,0,0,0,0,0,0,0,0,0,0,0,0,0,0,0,0,0,0,0,0,0,0,0,"1",0,0,64,0,0,0,0,0,0,0,0,0,0,0,0,0,0,0,0,0,0,0,0,0,0,0,0,0,0,"RP",31.3,2,11250000,5625000,1,1357
"Jp Howell","LAD","2015",0,62,0,0,0,0,0,0,0,0,0,0,0,0,0,0,0,0,0,0,0,0,0,0,0,0,0,"1",0,0,62,0,0,0,0,0,0,0,0,0,0,0,0,0,0,0,0,0,0,0,0,0,0,0,0,0,0,"RP",32.3,2,11250000,5625000,2,1357
"Jp Howell","LAD","2016",0,61,2,2,0,0,0,0,0,0,0,0,0,2,0,0,0,0,-100,0,-139,0,0,0,0,0,0,"1",0,0,61,2,2,0,0,0,0,0,0,0,0,0,2,0,0,0,0,-100,0,-139,0,0,0,0,0,0,0,"RP",33.3,2,14904584.7771827,7452292.38859137,3,1358
"Jp Howell","TOR","2017",0,2,0,0,0,0,0,0,0,0,0,0,0,0,0,0,0,0,0,0,0,0,0,0,0,0,0,"1",0,0,2,0,0,0,0,0,0,0,0,0,0,0,0,0,0,0,0,0,0,0,0,0,0,0,0,0,0,"RP",34.3,2,14904584.7771827,7452292.38859137,4,1358
"Jp Howell","TOR","2017",0,2,0,0,0,0,0,0,0,0,0,0,0,0,0,0,0,0,0,0,0,0,0,0,0,0,0,"1",0,0,2,0,0,0,0,0,0,0,0,0,0,0,0,0,0,0,0,0,0,0,0,0,0,0,0,0,1,"RP",34.3,1,3000000,3000000,5,1359
"Juan Carlos Oviedo","TBR","2014",0,1,0,0,0,0,0,0,0,0,0,0,0,0,0,0,0,0,0,0,0,0,0,0,0,0,0,"1",0,0,1,0,0,0,0,0,0,0,0,0,0,0,0,0,0,0,0,0,0,0,0,0,0,0,0,0,0,"RP",32.4,1,1500000,1500000,1,1361
"Juan Nicasio","PIT","2016",-0.1,49,20,19,1,3,0,0,0,1,0,0,0,7,0.158,0.158,0.158,0.316,-15,0.132,-52,3,0,0,1,0,0,"1",0,-0.1,49,20,19,1,3,0,0,0,1,0,0,0,7,0.158,0.158,0.158,0.316,-15,0.132,-52,3,0,0,1,0,0,1,"RP",29.9,1,3000000,3000000,0,1362
"Juan Nicasio","SEA","2018",0,3,0,0,0,0,0,0,0,0,0,0,0,0,0,0,0,0,0,0,0,0,0,0,0,0,0,"1",0,0,3,0,0,0,0,0,0,0,0,0,0,0,0,0,0,0,0,0,0,0,0,0,0,0,0,0,1,"RP",31.9,2,17000000,8500000,1,1363
"Juan Nicasio","PHI","2019",0,45,2,2,0,0,0,0,0,0,0,0,0,1,0,0,0,0,-100,0,-142,0,0,0,0,0,0,"1",0,0,45,2,2,0,0,0,0,0,0,0,0,0,1,0,0,0,0,-100,0,-142,0,0,0,0,0,0,1,"RP",32.9,2,17000000,8500000,2,1363
"Juan Nicasio","PHI","2019",0,45,2,2,0,0,0,0,0,0,0,0,0,1,0,0,0,0,-100,0,-142,0,0,0,0,0,0,"1",0,0,45,2,2,0,0,0,0,0,0,0,0,0,1,0,0,0,0,-100,0,-142,0,0,0,0,0,0,1,"RP",32.9,2,21186850.0936511,10593425.0468255,3,1364
"Juan Uribe","LAD","2014",4,103,404,386,36,120,23,0,9,54,0,1,15,77,0.311,0.337,0.44,0.777,120,0.348,123,170,15,1,0,2,2,"5/H",0,4,103,404,386,36,120,23,0,9,54,0,1,15,77,0.311,0.337,0.44,0.777,120,0.348,123,170,15,1,0,2,2,0,"3B",35.4,2,15000000,7500000,4.089,1366
"Juan Uribe","3TM","2015",1,119,397,360,40,91,17,0,14,43,2,0,34,80,0.253,0.32,0.417,0.737,103,0.326,101,150,12,2,0,1,3,"5H/4D",0,1,119,397,360,40,91,17,0,14,43,2,0,34,80,0.253,0.32,0.417,0.737,103,0.326,101,150,12,2,0,1,3,0,"3B",36.4,2,15000000,7500000,5.089,1366
"Juan Uribe","CLE","2016",-0.5,73,259,238,19,49,9,0,7,25,0,0,15,49,0.206,0.259,0.332,0.591,53,0.273,52,79,6,3,0,3,1,"5/HD",0,-0.5,73,259,238,19,49,9,0,7,25,0,0,15,49,0.206,0.259,0.332,0.591,53,0.273,52,79,6,3,0,3,1,1,"3B",37.4,1,4000000,4000000,6.089,1367
"Junichi Tazawa","MIA","2017",0,53,1,1,0,0,0,0,0,0,0,0,0,0,0,0,0,0,-100,0,-125,0,0,0,0,0,0,"1",0,0,53,1,1,0,0,0,0,0,0,0,0,0,0,0,0,0,0,-100,0,-125,0,0,0,0,0,0,1,"RP",31.2,2,12000000,6000000,6.086,1372
"Junichi Tazawa","MIA","2018",0,21,0,0,0,0,0,0,0,0,0,0,0,0,0,0,0,0,0,0,0,0,0,0,0,0,0,"1",0,0,21,0,0,0,0,0,0,0,0,0,0,0,0,0,0,0,0,0,0,0,0,0,0,0,0,0,1,"RP",32.2,2,12000000,6000000,7.086,1372
"Junichi Tazawa","MIA","2018",0,21,0,0,0,0,0,0,0,0,0,0,0,0,0,0,0,0,0,0,0,0,0,0,0,0,0,"1",0,0,21,0,0,0,0,0,0,0,0,0,0,0,0,0,0,0,0,0,0,0,0,0,0,0,0,0,1,"RP",32.2,1,694114.573020403,694114.573020403,7.086,1373
"Junior Guerra","LAA","2021",0,5,2,2,0,0,0,0,0,0,0,0,0,1,0,0,0,0,-100,0,-129,0,0,0,0,0,0,"1/H",0,0,5,2,2,0,0,0,0,0,0,0,0,0,1,0,0,0,0,-100,0,-129,0,0,0,0,0,0,1,"RP",36.6,1,750000,750000,4.155,1375
"Jurickson Profar","SDP","2021",0,137,412,353,47,80,17,2,4,33,10,5,49,65,0.227,0.329,0.32,0.649,83,0.303,90,113,12,6,1,2,1,"7H9384",0,0,137,412,353,47,80,17,2,4,33,10,5,49,65,0.227,0.329,0.32,0.649,83,0.303,90,113,12,6,1,2,1,0,"LF",28.5,3,21000000,7000000,0,1376
"Jurickson Profar","SDP","2022",2.9,152,658,575,82,140,36,2,15,58,5,1,73,103,0.243,0.331,0.391,0.723,109,0.326,112,225,12,4,3,3,0,"7/DH",0,2.9,152,658,575,82,140,36,2,15,58,5,1,73,103,0.243,0.331,0.391,0.723,109,0.326,112,225,12,4,3,3,0,0,"LF",29.5,3,21000000,7000000,1,1376
"Jurickson Profar","2TM","2023",-1.2,125,521,459,55,111,27,2,9,46,1,0,50,90,0.242,0.321,0.368,0.689,81,0.307,78,169,11,6,0,5,0,"7DH/394",0,-1.2,125,521,459,55,111,27,2,9,46,1,0,50,90,0.242,0.321,0.368,0.689,81,0.307,78,169,11,6,0,5,0,0,"LF",30.5,3,21000000,7000000,2,1376
"Jurickson Profar","2TM","2023",-1.2,125,521,459,55,111,27,2,9,46,1,0,50,90,0.242,0.321,0.368,0.689,81,0.307,78,169,11,6,0,5,0,"7DH/394",0,-1.2,125,521,459,55,111,27,2,9,46,1,0,50,90,0.242,0.321,0.368,0.689,81,0.307,78,169,11,6,0,5,0,1,"LF",30.5,1,7750000,7750000,3,1377
"Jurickson Profar","SDP","2024",3.6,158,668,564,94,158,29,0,24,85,10,3,76,101,0.28,0.38,0.459,0.839,134,0.369,137,259,14,18,5,5,4,"7/D3",2,3.6,158,668,564,94,158,29,0,24,85,10,3,76,101,0.28,0.38,0.459,0.839,134,0.369,137,259,14,18,5,5,4,0,"LF",31.5,1,1000000,1000000,4,1378
"Jurickson Profar","ATL","2025",1.1,80,371,318,56,78,16,1,14,43,9,2,48,59,0.245,0.353,0.434,0.787,120,0.355,125,138,4,5,0,0,0,"7/D",0,1.1,80,371,318,56,78,16,1,14,43,9,2,48,59,0.245,0.353,0.434,0.787,120,0.355,125,138,4,5,0,0,0,1,"LF",32.5,3,42000000,14000000,5,1379
"Justin Miller","WSN","2018",0,46,1,1,0,0,0,0,0,0,0,0,0,0,0,0,0,0,-100,0,-145,0,1,0,0,0,0,"1",0,0,46,1,1,0,0,0,0,0,0,0,0,0,0,0,0,0,0,-100,0,-145,0,1,0,0,0,0,1,"RP",31.2,1,694114.573020403,694114.573020403,1.171,1380
"Justin Miller","2TM","2021",0,21,0,0,0,0,0,0,0,0,0,0,0,0,0,0,0,0,0,0,0,0,0,0,0,0,0,"1",0,0,21,0,0,0,0,0,0,0,0,0,0,0,0,0,0,0,0,0,0,0,0,0,0,0,0,0,0,"RP",34.2,1,674990.669239509,674990.669239509,3.083,1381
"Justin Morneau","COL","2014",3.4,135,550,502,62,160,32,3,17,82,0,3,34,60,0.319,0.364,0.496,0.86,125,0.375,127,249,7,6,0,8,4,"3/HD",2,3.4,135,550,502,62,160,32,3,17,82,0,3,34,60,0.319,0.364,0.496,0.86,125,0.375,127,249,7,6,0,8,4,1,"1B",33.2,2,12500000,6250000,9.168,1382
"Justin Morneau","COL","2015",0.5,49,182,168,19,52,10,3,3,15,0,0,13,25,0.31,0.363,0.458,0.821,109,0.367,113,77,2,1,0,0,2,"3/HD",0,0.5,49,182,168,19,52,10,3,3,15,0,0,13,25,0.31,0.363,0.458,0.821,109,0.367,113,77,2,1,0,0,2,1,"1B",34.2,2,12500000,6250000,10.168,1382
"Justin Morneau","CHW","2016",0.2,58,218,203,16,53,14,1,6,25,0,0,12,52,0.261,0.303,0.429,0.731,99,0.318,97,87,5,1,0,2,1,"D/H",0,0.2,58,218,203,16,53,14,1,6,25,0,0,12,52,0.261,0.303,0.429,0.731,99,0.318,97,87,5,1,0,2,1,1,"1B",35.2,1,1000000,1000000,11.168,1383
"Justin Smoak","TOR","2015",0.9,132,328,296,44,67,16,1,18,59,0,0,29,86,0.226,0.299,0.47,0.768,105,0.338,107,139,10,2,0,1,0,"3H/D",0,0.9,132,328,296,44,67,16,1,18,59,0,0,29,86,0.226,0.299,0.47,0.768,105,0.338,107,139,10,2,0,1,0,0,"1B",28.7,1,1000000,1000000,0,1384
"Justin Smoak","TOR","2018",2.5,147,594,505,67,122,34,0,25,77,0,1,83,156,0.242,0.35,0.457,0.808,122,0.353,123,231,11,3,0,3,2,"3D/H",0,2.5,147,594,505,67,122,34,0,25,77,0,1,83,156,0.242,0.35,0.457,0.808,122,0.353,123,231,11,3,0,3,2,0,"1B",31.7,2,10825640.129676,5412820.064838,1,1385
"Justin Smoak","TOR","2019",0.5,121,500,414,54,86,16,0,22,61,0,0,79,106,0.208,0.342,0.406,0.748,101,0.329,103,168,11,6,0,1,3,"3D/H",0,0.5,121,500,414,54,86,16,0,22,61,0,0,79,106,0.208,0.342,0.406,0.748,101,0.329,103,168,11,6,0,1,3,0,"1B",32.7,2,10825640.129676,5412820.064838,2,1385
"Justin Smoak","TOR","2019",0.5,121,500,414,54,86,16,0,22,61,0,0,79,106,0.208,0.342,0.406,0.748,101,0.329,103,168,11,6,0,1,3,"3D/H",0,0.5,121,500,414,54,86,16,0,22,61,0,0,79,106,0.208,0.342,0.406,0.748,101,0.329,103,168,11,6,0,1,3,0,"1B",32.7,2,10593425.0468255,5296712.52341277,3,1386
"Justin Smoak","2TM","2020",-0.7,36,132,119,14,21,7,0,5,15,0,0,10,42,0.176,0.25,0.361,0.611,62,0.272,58,43,4,2,0,1,0,"3/HD",0,-0.7,36,132,119,14,21,7,0,5,15,0,0,10,42,0.176,0.25,0.361,0.611,62,0.272,58,43,4,2,0,1,0,0,"1B",33.7,2,10593425.0468255,5296712.52341277,4,1386
"Justin Smoak","2TM","2020",-0.7,36,132,119,14,21,7,0,5,15,0,0,10,42,0.176,0.25,0.361,0.611,62,0.272,58,43,4,2,0,1,0,"3/HD",0,-0.7,36,132,119,14,21,7,0,5,15,0,0,10,42,0.176,0.25,0.361,0.611,62,0.272,58,43,4,2,0,1,0,1,"1B",33.7,1,5000000,5000000,5,1387
"Justin Turner","LAD","2014",4.1,109,322,288,46,98,21,1,7,43,6,1,28,58,0.34,0.404,0.493,0.897,155,0.405,163,142,6,4,0,2,1,"5H64/3",0,4.1,109,322,288,46,98,21,1,7,43,6,1,28,58,0.34,0.404,0.493,0.897,155,0.405,163,142,6,4,0,2,1,1,"3B",29.8,1,1000000,1000000,0,1388
"Justin Turner","LAD","2017",5.8,130,543,457,72,147,32,0,21,71,7,1,59,56,0.322,0.415,0.53,0.945,150,0.408,155,242,12,19,1,7,5,"5/HD",2,5.8,130,543,457,72,147,32,0,21,71,7,1,59,56,0.322,0.415,0.53,0.945,150,0.408,155,242,12,19,1,7,5,0,"3B",32.8,4,64000000,16000000,1,1389
"Justin Turner","LAD","2018",4.9,103,426,365,62,114,31,1,14,52,2,1,47,54,0.312,0.406,0.518,0.924,151,0.412,162,189,10,12,0,2,3,"5/HD",2,4.9,103,426,365,62,114,31,1,14,52,2,1,47,54,0.312,0.406,0.518,0.924,151,0.412,162,189,10,12,0,2,3,0,"3B",33.8,4,64000000,16000000,2,1389
"Justin Turner","LAD","2019",3.9,135,549,479,80,139,24,0,27,67,2,0,51,88,0.29,0.372,0.509,0.881,130,0.382,136,244,11,14,0,5,1,"5H/D4",0,3.9,135,549,479,80,139,24,0,27,67,2,0,51,88,0.29,0.372,0.509,0.881,130,0.382,136,244,11,14,0,5,1,0,"3B",34.8,4,64000000,16000000,3,1389
"Justin Turner","LAD","2020",1.4,42,175,150,26,46,9,1,4,23,1,0,18,26,0.307,0.4,0.46,0.86,133,0.395,145,69,2,6,0,1,0,"5D",0,1.4,42,175,150,26,46,9,1,4,23,1,0,18,26,0.307,0.4,0.46,0.86,133,0.395,145,69,2,6,0,1,0,0,"3B",35.8,4,64000000,16000000,4,1389
"Justin Turner","LAD","2021",3.5,151,612,533,87,148,22,0,27,87,3,0,61,98,0.278,0.361,0.471,0.832,120,0.37,125,251,12,12,0,6,0,"5H/D1",1,3.5,151,612,533,87,148,22,0,27,87,3,0,61,98,0.278,0.361,0.471,0.832,120,0.37,125,251,12,12,0,6,0,0,"3B",36.8,2,34000000,17000000,5,1390
"Justin Turner","LAD","2022",2.3,128,532,468,61,130,36,0,13,81,3,0,50,89,0.278,0.35,0.438,0.788,120,0.346,118,205,13,6,0,8,1,"5D/H",0,2.3,128,532,468,61,130,36,0,13,81,3,0,50,89,0.278,0.35,0.438,0.788,120,0.346,118,205,13,6,0,8,1,0,"3B",37.8,2,34000000,17000000,6,1390
"Justin Turner","BOS","2023",2.1,146,626,558,86,154,31,0,23,96,4,1,51,110,0.276,0.345,0.455,0.8,114,0.35,116,254,10,11,0,6,0,"D34/5H",0,2.1,146,626,558,86,154,31,0,23,96,4,1,51,110,0.276,0.345,0.455,0.8,114,0.35,116,254,10,11,0,6,0,1,"3B",38.8,2,21700000,10850000,7,1391
"Justin Turner","2TM","2024",1.4,139,539,460,59,119,24,0,11,55,0,2,59,95,0.259,0.354,0.383,0.737,113,0.328,115,176,16,13,0,7,2,"D3H/5",0,1.4,139,539,460,59,119,24,0,11,55,0,2,59,95,0.259,0.354,0.383,0.737,113,0.328,115,176,16,13,0,7,2,1,"3B",39.8,2,21700000,10850000,8,1391
"Justin Turner","2TM","2024",1.4,139,539,460,59,119,24,0,11,55,0,2,59,95,0.259,0.354,0.383,0.737,113,0.328,115,176,16,13,0,7,2,"D3H/5",0,1.4,139,539,460,59,119,24,0,11,55,0,2,59,95,0.259,0.354,0.383,0.737,113,0.328,115,176,16,13,0,7,2,1,"3B/1B",39.8,1,13000000,13000000,9,1392
"Justin Turner","CHC","2025",-0.1,80,191,169,14,37,7,0,3,18,2,0,17,37,0.219,0.288,0.314,0.602,76,0.282,81,53,3,1,0,4,0,"3HD5",0,-0.1,80,191,169,14,37,7,0,3,18,2,0,17,37,0.219,0.288,0.314,0.602,76,0.282,81,53,3,1,0,4,0,1,"DH/1B",40.8,1,6000000,6000000,10,1393
"Justin Upton","DET","2016",1.7,153,626,570,81,140,28,2,31,87,9,4,50,179,0.246,0.31,0.465,0.775,106,0.335,105,265,15,4,0,2,3,"7/8HD",0,1.7,153,626,570,81,140,28,2,31,87,9,4,50,179,0.246,0.31,0.465,0.775,106,0.335,105,265,15,4,0,2,3,1,"LF",29,6,132750000,22125000,8.06,1394
"Justin Upton","2TM","2017",5.6,152,635,557,100,152,44,0,35,109,14,5,74,180,0.273,0.361,0.54,0.901,137,0.386,139,301,9,3,0,1,3,"7/H",2,5.6,152,635,557,100,152,44,0,35,109,14,5,74,180,0.273,0.361,0.54,0.901,137,0.386,139,301,9,3,0,1,3,1,"LF",30,6,132750000,22125000,9.06,1394
"Justin Upton","LAA","2018",3.7,145,613,533,80,137,18,1,30,85,8,2,64,176,0.257,0.344,0.463,0.808,121,0.357,125,247,12,10,0,6,1,"7/DH",0,3.7,145,613,533,80,137,18,1,30,85,8,2,64,176,0.257,0.344,0.463,0.808,121,0.357,125,247,12,10,0,6,1,1,"LF",31,6,132750000,22125000,10.06,1394
"Justin Upton","LAA","2019",-1,63,256,219,34,47,8,0,12,40,1,1,32,78,0.215,0.309,0.416,0.724,90,0.313,89,91,5,0,0,5,0,"7/DH",0,-1,63,256,219,34,47,8,0,12,40,1,1,32,78,0.215,0.309,0.416,0.724,90,0.313,89,91,5,0,0,5,0,1,"LF",32,6,132750000,22125000,11.06,1394
"Justin Upton","LAA","2020",-0.6,42,166,147,20,30,5,0,9,22,0,2,11,43,0.204,0.289,0.422,0.711,92,0.305,90,62,6,7,0,1,0,"7/D",0,-0.6,42,166,147,20,30,5,0,9,22,0,2,11,43,0.204,0.289,0.422,0.711,92,0.305,90,62,6,7,0,1,0,1,"LF",33,6,132750000,22125000,12.06,1394
"Justin Upton","LAA","2021",-0.7,89,362,318,47,67,12,0,17,41,4,1,39,107,0.211,0.296,0.409,0.705,90,0.309,88,130,11,1,0,3,0,"7/8DH",0,-0.7,89,362,318,47,67,12,0,17,41,4,1,39,107,0.211,0.296,0.409,0.705,90,0.309,88,130,11,1,0,3,0,1,"LF",34,6,132750000,22125000,13.06,1394
"Justin Upton","SEA","2022",-0.3,17,57,48,2,6,1,0,1,3,0,0,6,23,0.125,0.263,0.208,0.471,41,0.248,58,10,1,3,0,0,0,"D/97H",0,-0.3,17,57,48,2,6,1,0,1,3,0,0,6,23,0.125,0.263,0.208,0.471,41,0.248,58,10,1,3,0,0,0,1,"LF",35,1,700000,700000,14.06,1395
"Justin Wilson","NYM","2019",0,40,0,0,0,0,0,0,0,0,0,0,0,0,0,0,0,0,0,0,0,0,0,0,0,0,0,"1",0,0,40,0,0,0,0,0,0,0,0,0,0,0,0,0,0,0,0,0,0,0,0,0,0,0,0,0,1,"RP",32,2,10000000,5000000,0,1399
"Justin Wilson","CIN","2021",0,20,0,0,0,0,0,0,0,0,0,0,0,0,0,0,0,0,0,0,0,0,0,0,0,0,0,"1",0,0,20,0,0,0,0,0,0,0,0,0,0,0,0,0,0,0,0,0,0,0,0,0,0,0,0,0,1,"RP",34,2,5150000,2575000,2,1400
"Justin Wilson","CIN","2024",0,1,0,0,0,0,0,0,0,0,0,0,0,0,0,0,0,0,0,0,0,0,0,0,0,0,0,"1",0,0,1,0,0,0,0,0,0,0,0,0,0,0,0,0,0,0,0,0,0,0,0,0,0,0,0,0,1,"RP",37,1,1542571.2342037,1542571.2342037,7,1403
"Kelly Johnson","TBR","2013",0.9,118,407,366,41,86,12,2,16,52,7,4,35,99,0.235,0.305,0.41,0.715,99,0.314,96,150,4,3,0,3,1,"74DH5/3",0,0.9,118,407,366,41,86,12,2,16,52,7,4,35,99,0.235,0.305,0.41,0.715,99,0.314,96,150,4,3,0,3,1,1,"2B",31.5,1,2450000,2450000,0,1405
"Kelly Johnson","3TM","2014",0,106,297,265,29,57,14,2,7,27,2,2,29,71,0.215,0.296,0.362,0.659,86,0.297,83,96,3,2,0,1,0,"53H/47D9",0,0,106,297,265,29,57,14,2,7,27,2,2,29,71,0.215,0.296,0.362,0.659,86,0.297,83,96,3,2,0,1,0,1,"2B",32.5,1,3000000,3000000,1,1406
"Kelly Johnson","2TM","2015",0.2,111,335,310,38,82,11,0,14,47,2,1,23,81,0.265,0.314,0.435,0.75,106,0.336,109,135,8,0,0,1,2,"74H35/96D",0,0.2,111,335,310,38,82,11,0,14,47,2,1,23,81,0.265,0.314,0.435,0.75,106,0.336,109,135,8,0,0,1,2,1,"2B",33.5,1,1500000,1500000,2,1407
"Kelly Johnson","2TM","2016",-0.1,131,333,304,25,75,14,0,10,34,4,0,25,65,0.247,0.306,0.391,0.698,87,0.316,89,119,6,2,0,2,2,"H457/36",0,-0.1,131,333,304,25,75,14,0,10,34,4,0,25,65,0.247,0.306,0.391,0.698,87,0.316,89,119,6,2,0,2,2,1,"2B",34.5,1,2000000,2000000,3,1408
"Kendall Graveman","2TM","2021",0,7,0,0,0,0,0,0,0,0,0,0,0,0,0,0,0,0,0,0,0,0,0,0,0,0,0,"1",0,0,7,0,0,0,0,0,0,0,0,0,0,0,0,0,0,0,0,0,0,0,0,0,0,0,0,0,1,"RP/CL",30.7,1,1478945.37519612,1478945.37519612,2,1411
"Kendall Graveman","CHW","2022",0,1,0,0,0,0,0,0,0,0,0,0,0,0,0,0,0,0,0,0,0,0,0,0,0,0,0,"1",0,0,1,0,0,0,0,0,0,0,0,0,0,0,0,0,0,0,0,0,0,0,0,0,0,0,0,0,1,"RP/CL",31.7,3,24000000,8000000,3,1412
"Kendall Graveman","HOU","2023",0,1,0,0,0,0,0,0,0,0,0,0,0,0,0,0,0,0,0,0,0,0,0,0,0,0,0,"1",0,0,1,0,0,0,0,0,0,0,0,0,0,0,0,0,0,0,0,0,0,0,0,0,0,0,0,0,1,"RP/CL",32.7,3,24000000,8000000,4,1412
"Kendall Graveman","HOU","2023",0,1,0,0,0,0,0,0,0,0,0,0,0,0,0,0,0,0,0,0,0,0,0,0,0,0,0,"1",0,0,1,0,0,0,0,0,0,0,0,0,0,0,0,0,0,0,0,0,0,0,0,0,0,0,0,0,1,"RP/CL",32.7,3,25529666.2245729,8509888.74152428,6,1413
"Kendrys Morales","2TM","2014",-0.9,98,401,367,28,80,20,0,8,42,0,0,27,68,0.218,0.274,0.338,0.612,75,0.284,75,124,12,3,0,4,3,"D3/H",0,-0.9,98,401,367,28,80,20,0,8,42,0,0,27,68,0.218,0.274,0.338,0.612,75,0.284,75,124,12,3,0,4,3,1,"DH/1B",31.2,1,7540983,7540983,0,1415
"Kendrys Morales","KCR","2015",2.6,158,639,569,81,165,41,2,22,106,0,0,58,103,0.29,0.362,0.485,0.847,127,0.37,130,276,24,8,0,4,4,"D/3H",2,2.6,158,639,569,81,165,41,2,22,106,0,0,58,103,0.29,0.362,0.485,0.847,127,0.37,130,276,24,8,0,4,4,1,"DH/1B",32.2,2,17000000,8500000,1,1416
"Kendrys Morales","KCR","2016",0.9,154,618,558,65,147,24,0,30,93,0,0,48,120,0.263,0.327,0.468,0.795,110,0.345,111,261,20,7,0,5,2,"D/39H",0,0.9,154,618,558,65,147,24,0,30,93,0,0,48,120,0.263,0.327,0.468,0.795,110,0.345,111,261,20,7,0,5,2,1,"DH/1B",33.2,2,17000000,8500000,2,1416
"Kendrys Morales","TOR","2017",-0.1,150,608,557,67,139,25,0,28,85,0,0,43,132,0.25,0.308,0.445,0.753,98,0.329,98,248,22,5,0,3,2,"D3/H",0,-0.1,150,608,557,67,139,25,0,28,85,0,0,43,132,0.25,0.308,0.445,0.753,98,0.329,98,248,22,5,0,3,2,1,"DH/1B",34.2,3,33000000,11000000,3,1417
"Kendrys Morales","TOR","2018",0.8,130,471,413,47,103,15,0,21,57,2,3,50,95,0.249,0.331,0.438,0.769,111,0.33,108,181,15,3,0,5,5,"DH3/15",0,0.8,130,471,413,47,103,15,0,21,57,2,3,50,95,0.249,0.331,0.438,0.769,111,0.33,108,181,15,3,0,5,5,1,"DH/1B",35.2,3,33000000,11000000,4,1417
"Kendrys Morales","TOR","2018",0.8,130,471,413,47,103,15,0,21,57,2,3,50,95,0.249,0.331,0.438,0.769,111,0.33,108,181,15,3,0,5,5,"DH3/15",0,0.8,130,471,413,47,103,15,0,21,57,2,3,50,95,0.249,0.331,0.438,0.769,111,0.33,108,181,15,3,0,5,5,0,"DH",35.2,3,42028955.7975657,14009651.9325219,6,1418
"Kendrys Morales","2TM","2019",-0.7,53,201,170,16,33,2,1,2,12,0,0,26,26,0.194,0.313,0.253,0.566,57,0.27,63,43,6,4,0,1,0,"3D/H1",0,-0.7,53,201,170,16,33,2,1,2,12,0,0,26,26,0.194,0.313,0.253,0.566,57,0.27,63,43,6,4,0,1,0,1,"DH/1B",36.2,3,33000000,11000000,5,1417
"Kendrys Morales","2TM","2019",-0.7,53,201,170,16,33,2,1,2,12,0,0,26,26,0.194,0.313,0.253,0.566,57,0.27,63,43,6,4,0,1,0,"3D/H1",0,-0.7,53,201,170,16,33,2,1,2,12,0,0,26,26,0.194,0.313,0.253,0.566,57,0.27,63,43,6,4,0,1,0,0,"DH",36.2,3,42028955.7975657,14009651.9325219,7,1418
"Kenley Jansen","LAD","2017",0.1,59,4,4,0,2,1,0,0,1,0,0,0,0,0.5,0.5,0.75,1.25,227,0.509,230,3,1,0,0,0,0,"1",3,0.1,59,4,4,0,2,1,0,0,1,0,0,0,0,0.5,0.5,0.75,1.25,227,0.509,230,3,1,0,0,0,0,0,"RP/CL",29.8,5,80000000,16000000,0,1419
"Kenley Jansen","LAD","2018",0,65,0,0,0,0,0,0,0,0,0,0,0,0,0,0,0,0,0,0,0,0,0,0,0,0,0,"1",1,0,65,0,0,0,0,0,0,0,0,0,0,0,0,0,0,0,0,0,0,0,0,0,0,0,0,0,0,"RP/CL",30.8,5,80000000,16000000,1,1419
"Kenley Jansen","LAD","2019",0,59,1,1,0,0,0,0,0,0,0,0,0,1,0,0,0,0,-100,0,-142,0,0,0,0,0,0,"1",0,0,59,1,1,0,0,0,0,0,0,0,0,0,1,0,0,0,0,-100,0,-142,0,0,0,0,0,0,0,"RP/CL",31.8,5,80000000,16000000,2,1419
"Kenley Jansen","LAD","2021",0,66,1,1,0,0,0,0,0,0,0,0,0,1,0,0,0,0,-100,0,-133,0,0,0,0,0,0,"1",0,0,66,1,1,0,0,0,0,0,0,0,0,0,1,0,0,0,0,-100,0,-133,0,0,0,0,0,0,0,"RP/CL",33.8,5,80000000,16000000,4,1419
"Kenley Jansen","BOS","2023",0,1,0,0,0,0,0,0,0,0,0,0,0,0,0,0,0,0,0,0,0,0,0,0,0,0,0,"1",1,0,1,0,0,0,0,0,0,0,0,0,0,0,0,0,0,0,0,0,0,0,0,0,0,0,0,0,1,"RP/CL",35.8,2,32000000,16000000,6,1421
"Kenley Jansen","BOS","2024",0,1,0,0,0,0,0,0,0,0,0,0,0,0,0,0,0,0,0,0,0,0,0,0,0,0,0,"1",0,0,1,0,0,0,0,0,0,0,0,0,0,0,0,0,0,0,0,0,0,0,0,0,0,0,0,0,1,"RP/CL",36.8,2,32000000,16000000,7,1421
"Kenley Jansen","LAA","2025",0,1,0,0,0,0,0,0,0,0,0,0,0,0,0,0,0,0,0,0,0,0,0,0,0,0,0,"1",0,0,1,0,0,0,0,0,0,0,0,0,0,0,0,0,0,0,0,0,0,0,0,0,0,0,0,0,1,"RP/CL",37.8,1,10000000,10000000,8,1422
"Keury Mella","CIN","2017",0,2,0,0,0,0,0,0,0,0,0,0,0,0,0,0,0,0,0,0,0,0,0,0,0,0,0,"/1",0,0,2,0,0,0,0,0,0,0,0,0,0,0,0,0,0,0,0,0,0,0,0,0,0,0,0,0,1,"RP",24,1,695958.90057858,695958.90057858,0,1423
"Keury Mella","CIN","2019",0,2,1,1,0,0,0,0,0,0,0,0,0,1,0,0,0,0,-100,0,-150,0,0,0,0,0,0,"/1",0,0,2,1,1,0,0,0,0,0,0,0,0,0,1,0,0,0,0,-100,0,-150,0,0,0,0,0,0,0,"RP",26,1,691688.341292727,691688.341292727,1,1424
"Kevin Correia","MIN","2013",-0.2,5,10,7,0,0,0,0,0,0,0,0,0,5,0,0,0,0,-100,0,-243,0,0,0,3,0,0,"1/H",0,-0.2,5,10,7,0,0,0,0,0,0,0,0,0,5,0,0,0,0,-100,0,-243,0,0,0,3,0,0,1,"SP",33,2,10000000,5000000,0,1426
"Kevin Correia","2TM","2014",0.2,11,11,11,1,3,1,0,0,1,0,0,0,3,0.273,0.273,0.364,0.636,79,0.354,124,4,0,0,0,0,0,"1",0,0.2,11,11,11,1,3,1,0,0,1,0,0,0,3,0.273,0.273,0.364,0.636,79,0.354,124,4,0,0,0,0,0,1,"SP",34,2,10000000,5000000,1,1426
"Kevin Correia","PHI","2015",0,4,7,6,0,1,0,0,0,0,0,0,0,1,0.167,0.167,0.167,0.333,-7,0.151,-49,1,0,0,1,0,0,"/1",0,0,4,7,6,0,1,0,0,0,0,0,0,0,1,0.167,0.167,0.167,0.333,-7,0.151,-49,1,0,0,1,0,0,1,"SP",35,1,6500000,6500000,2,1427
"Kevin Gausman","SFG","2021",0.2,31,62,54,6,10,0,0,0,4,0,0,2,31,0.185,0.211,0.185,0.396,10,0.18,-12,10,0,0,5,1,0,"1/H",3,0.2,31,62,54,6,10,0,0,0,4,0,0,2,31,0.185,0.211,0.185,0.396,10,0.18,-12,10,0,0,5,1,0,0,"SP/SP2",30.6,1,18900000,18900000,6.151,1429
"Kevin Gregg","MIA","2014",0,12,0,0,0,0,0,0,0,0,0,0,0,0,0,0,0,0,0,0,0,0,0,0,0,0,0,"1",0,0,12,0,0,0,0,0,0,0,0,0,0,0,0,0,0,0,0,0,0,0,0,0,0,0,0,0,1,"RP",36.2,1,1286387,1286387,0.0020000000000007,1431
"Kevin Gregg","CIN","2015",0,11,0,0,0,0,0,0,0,0,0,0,0,0,0,0,0,0,0,0,0,0,0,0,0,0,0,"1",0,0,11,0,0,0,0,0,0,0,0,0,0,0,0,0,0,0,0,0,0,0,0,0,0,0,0,0,1,"RP",37.2,1,1500000,1500000,1.002,1432
"Kevin Kiermaier","TOR","2023",3.8,129,408,370,58,98,21,6,8,36,14,1,29,86,0.265,0.322,0.419,0.741,103,0.33,103,155,9,4,1,4,0,"8/HD",1,3.8,129,408,370,58,98,21,6,8,36,14,1,29,86,0.265,0.322,0.419,0.741,103,0.33,103,155,9,4,1,4,0,1,"CF",33.3,1,9000000,9000000,0,1433
"Kevin Kiermaier","2TM","2024",0.9,116,281,259,31,51,9,3,5,26,6,2,12,86,0.197,0.237,0.313,0.55,55,0.253,54,81,4,2,7,1,0,"8H/9D",0,0.9,116,281,259,31,51,9,3,5,26,6,2,12,86,0.197,0.237,0.313,0.55,55,0.253,54,81,4,2,7,1,0,0,"CF",34.3,1,10500000,10500000,1,1434
"Kevin Kouzmanoff","TEX","2014",0.5,13,51,47,8,17,6,0,2,10,0,0,2,7,0.362,0.412,0.617,1.029,183,0.437,184,29,2,2,0,0,1,"5/H",0,0.5,13,51,47,8,17,6,0,2,10,0,0,2,7,0.362,0.412,0.617,1.029,183,0.437,184,29,2,2,0,0,1,1,"3B",33,1,689449.635766739,689449.635766739,1,1436
"Kevin Pillar","2TM","2020",0.9,54,223,208,34,60,12,3,6,26,5,2,13,41,0.288,0.336,0.462,0.798,106,0.35,106,96,4,2,0,0,1,"89/HD7",0,0.9,54,223,208,34,60,12,3,6,26,5,2,13,41,0.288,0.336,0.462,0.798,106,0.35,106,96,4,2,0,0,1,1,"CF",31.6,1,4250000,4250000,0,1437
"Kevin Pillar","NYM","2021",0.4,124,347,325,40,75,11,2,15,47,4,3,11,81,0.231,0.277,0.415,0.692,87,0.311,92,135,5,10,0,1,0,"87H9/1",0,0.4,124,347,325,40,75,11,2,15,47,4,3,11,81,0.231,0.277,0.415,0.692,87,0.311,92,135,5,10,0,1,0,1,"CF",32.6,2,6500000,3250000,1,1438
"Kevin Pillar","LAD","2022",-0.2,4,13,12,1,1,1,0,0,0,0,0,1,4,0.083,0.154,0.167,0.321,-10,0.15,-22,2,1,0,0,0,0,"/78",0,-0.2,4,13,12,1,1,1,0,0,0,0,0,1,4,0.083,0.154,0.167,0.321,-10,0.15,-22,2,1,0,0,0,0,1,"CF",33.6,2,6500000,3250000,2,1438
"Kevin Pillar","LAD","2022",-0.2,4,13,12,1,1,1,0,0,0,0,0,1,4,0.083,0.154,0.167,0.321,-10,0.15,-22,2,1,0,0,0,0,"/78",0,-0.2,4,13,12,1,1,1,0,0,0,0,0,1,4,0.083,0.154,0.167,0.321,-10,0.15,-22,2,1,0,0,0,0,1,"CF",33.6,1,2500000,2500000,3,1439
"Kevin Pillar","ATL","2023",0,81,206,197,29,45,10,0,9,32,4,1,6,50,0.228,0.248,0.416,0.664,76,0.289,72,82,2,0,0,3,0,"7H9/8",0,0,81,206,197,29,45,10,0,9,32,4,1,6,50,0.228,0.248,0.416,0.664,76,0.289,72,82,2,0,0,3,0,1,"CF",34.6,1,3000000,3000000,4,1440
"Kevin Pillar","2TM","2024",0.3,100,314,284,38,65,16,1,8,45,12,3,16,69,0.229,0.291,0.377,0.667,87,0.298,85,107,10,10,1,3,0,"8H79D",0,0.3,100,314,284,38,65,16,1,8,45,12,3,16,69,0.229,0.291,0.377,0.667,87,0.298,85,107,10,10,1,3,0,1,"CF",35.6,1,740000,740000,5,1441
"Kevin Pillar","TEX","2025",-0.1,20,43,43,6,9,2,0,0,1,3,0,0,8,0.209,0.209,0.256,0.465,37,0.213,26,11,0,0,0,0,0,"/8H9D7",0,-0.1,20,43,43,6,9,2,0,0,1,3,0,0,8,0.209,0.209,0.256,0.465,37,0.213,26,11,0,0,0,0,0,1,"CF",36.6,1,1000000,1000000,6,1442
"Kevin Plawecki","BOS","2020",0.6,24,89,82,8,28,5,1,1,17,1,0,5,14,0.341,0.393,0.463,0.857,128,0.385,133,38,4,2,0,0,0,"2/3D1",0,0.6,24,89,82,8,28,5,1,1,17,1,0,5,14,0.341,0.393,0.463,0.857,128,0.385,133,38,4,2,0,0,0,1,"C",29.5,1,900000,900000,3.167,1443
"Kevin Plawecki","2TM","2022",-1.2,63,186,168,15,37,8,0,1,13,0,0,14,32,0.22,0.286,0.286,0.572,60,0.259,54,48,6,2,1,1,0,"2/H1",0,-1.2,63,186,168,15,37,8,0,1,13,0,0,14,32,0.22,0.286,0.286,0.572,60,0.259,54,48,6,2,1,1,0,1,"C",31.5,1,780223.372192982,780223.372192982,5.167,1444
"Keynan Middleton","SEA","2021",0,2,0,0,0,0,0,0,0,0,0,0,0,0,0,0,0,0,0,0,0,0,0,0,0,0,0,"1",0,0,2,0,0,0,0,0,0,0,0,0,0,0,0,0,0,0,0,0,0,0,0,0,0,0,0,0,1,"RP",27.9,1,800000,800000,0,1445
"Keynan Middleton","ARI","2022",0,1,0,0,0,0,0,0,0,0,0,0,0,0,0,0,0,0,0,0,0,0,0,0,0,0,0,"1",0,0,1,0,0,0,0,0,0,0,0,0,0,0,0,0,0,0,0,0,0,0,0,0,0,0,0,0,1,"RP",28.9,1,891683.853934837,891683.853934837,1,1446
"Kirby Yates","TEX","2024",0,3,0,0,0,0,0,0,0,0,0,0,0,0,0,0,0,0,0,0,0,0,0,0,0,0,0,"1",2,0,3,0,0,0,0,0,0,0,0,0,0,0,0,0,0,0,0,0,0,0,0,0,0,0,0,0,1,"RP",37.4,1,4627713.70261111,4627713.70261111,3,1451
"Kohl Stewart","CHC","2021",0,4,3,3,0,1,0,0,0,0,0,0,0,1,0.333,0.333,0.333,0.667,82,0.3,80,1,0,0,0,0,0,"/1",0,0,4,3,3,0,1,0,0,0,0,0,0,0,1,0.333,0.333,0.333,0.667,82,0.3,80,1,0,0,0,0,0,1,"SP/SP4",26.8,1,700000,700000,1.065,1454
"Koji Uehara","BOS","2013",0,3,0,0,0,0,0,0,0,0,0,0,0,0,0,0,0,0,0,0,0,0,0,0,0,0,0,"1",3,0,3,0,0,0,0,0,0,0,0,0,0,0,0,0,0,0,0,0,0,0,0,0,0,0,0,0,1,"RP",38.3,1,4250000,4250000,0,1455
"Koji Uehara","BOS","2016",0,3,0,0,0,0,0,0,0,0,0,0,0,0,0,0,0,0,0,0,0,0,0,0,0,0,0,"1",0,0,3,0,0,0,0,0,0,0,0,0,0,0,0,0,0,0,0,0,0,0,0,0,0,0,0,0,0,"RP",41.3,2,23847335.6434924,11923667.8217462,1,1456
"Koji Uehara","CHC","2017",0,45,0,0,0,0,0,0,0,0,0,0,0,0,0,0,0,0,0,0,0,0,0,0,0,0,0,"1",0,0,45,0,0,0,0,0,0,0,0,0,0,0,0,0,0,0,0,0,0,0,0,0,0,0,0,0,0,"RP",42.3,2,23847335.6434924,11923667.8217462,2,1456
"Koji Uehara","CHC","2017",0,45,0,0,0,0,0,0,0,0,0,0,0,0,0,0,0,0,0,0,0,0,0,0,0,0,0,"1",0,0,45,0,0,0,0,0,0,0,0,0,0,0,0,0,0,0,0,0,0,0,0,0,0,0,0,0,1,"RP",42.3,1,6000000,6000000,3,1457
"Kole Calhoun","ARI","2020",1.4,54,228,190,35,43,9,0,16,40,1,1,28,50,0.226,0.338,0.526,0.864,130,0.369,130,100,6,6,0,4,0,"9/DH",0,1.4,54,228,190,35,43,9,0,16,40,1,1,28,50,0.226,0.338,0.526,0.864,130,0.369,130,100,6,6,0,4,0,1,"RF/LF",32.8,2,16000000,8000000,6.13,1458
"Kole Calhoun","ARI","2021",0,51,182,166,17,39,8,0,5,17,1,0,15,41,0.235,0.297,0.373,0.67,81,0.3,80,62,2,0,0,1,0,"9H/D",0,0,51,182,166,17,39,8,0,5,17,1,0,15,41,0.235,0.297,0.373,0.67,81,0.3,80,62,2,0,0,1,0,1,"RF/LF",33.8,2,16000000,8000000,7.13,1458
"Kole Calhoun","TEX","2022",-1.7,125,424,388,36,76,14,1,12,49,3,2,27,136,0.196,0.257,0.33,0.587,66,0.26,60,128,6,6,0,3,0,"97HD/8",0,-1.7,125,424,388,36,76,14,1,12,49,3,2,27,136,0.196,0.257,0.33,0.587,66,0.26,60,128,6,6,0,3,0,1,"RF/LF",34.8,1,5200000,5200000,8.13,1459
"Kole Calhoun","CLE","2023",0,43,174,157,18,34,7,0,6,25,0,1,13,37,0.217,0.282,0.376,0.657,80,0.288,80,59,3,2,0,2,0,"3D/9H",0,0,43,174,157,18,34,7,0,6,25,0,1,13,37,0.217,0.282,0.376,0.657,80,0.288,80,59,3,2,0,2,0,1,"RF/LF",35.8,1,765889.986737186,765889.986737186,9.13,1460
"Kolten Wong","MIL","2021",3.3,116,492,445,70,121,32,2,14,50,12,5,31,83,0.272,0.335,0.447,0.783,110,0.346,113,199,2,13,0,3,1,"4/H",0,3.3,116,492,445,70,121,32,2,14,50,12,5,31,83,0.272,0.335,0.447,0.783,110,0.346,113,199,2,13,0,3,1,1,"2B",30.8,2,18000000,9000000,7.045,1461
"Kolten Wong","MIL","2022",3,134,497,430,65,108,24,4,15,47,17,6,46,88,0.251,0.339,0.43,0.77,116,0.34,115,185,5,14,2,5,2,"4H/6D",0,3,134,497,430,65,108,24,4,15,47,17,6,46,88,0.251,0.339,0.43,0.77,116,0.34,115,185,5,14,2,5,2,1,"2B",31.8,2,18000000,9000000,8.045,1461
"Kolten Wong","2TM","2023",-0.7,87,250,224,25,41,6,0,4,27,3,2,18,53,0.183,0.256,0.263,0.519,48,0.233,46,59,1,5,0,3,0,"4H/D",0,-0.7,87,250,224,25,41,6,0,4,27,3,2,18,53,0.183,0.256,0.263,0.519,48,0.233,46,59,1,5,0,3,0,1,"2B",32.8,1,765889.986737186,765889.986737186,9.045,1462
"Kris Medlen","KCR","2015",0,2,1,0,1,0,0,0,0,0,0,0,0,0,0,0,0,0,0,0,0,0,0,0,1,0,0,"1",0,0,2,1,0,1,0,0,0,0,0,0,0,0,0,0,0,0,0,0,0,0,0,0,0,1,0,0,1,"SP",29.8,2,8500000,4250000,0,1463
"Kris Medlen","ARI","2018",0,1,1,1,0,0,0,0,0,0,0,0,0,1,0,0,0,0,-100,0,-145,0,0,0,0,0,0,"/1",0,0,1,1,1,0,0,0,0,0,0,0,0,0,1,0,0,0,0,-100,0,-145,0,0,0,0,0,0,1,"SP",32.8,1,1100000,1100000,3,1465
"Kurt Suzuki","MIN","2014",2.6,131,503,452,37,130,34,0,3,61,0,1,34,46,0.288,0.345,0.383,0.727,105,0.329,105,173,9,9,1,7,0,"2H/D",1,2.6,131,503,452,37,130,34,0,3,61,0,1,34,46,0.288,0.345,0.383,0.727,105,0.329,105,173,9,9,1,7,0,1,NA,30.8,1,2750000,2750000,6.112,1466
"Kurt Suzuki","ATL","2017",2.7,81,309,276,38,78,13,0,19,50,0,0,17,39,0.283,0.351,0.536,0.887,128,0.374,127,148,5,13,1,2,2,"2/H",0,2.7,81,309,276,38,78,13,0,19,50,0,0,17,39,0.283,0.351,0.536,0.887,128,0.374,127,148,5,13,1,2,2,1,NA,33.8,1,1500000,1500000,9.112,1467
"Kurt Suzuki","WSN","2019",0.5,85,309,280,37,74,11,0,17,63,0,1,20,36,0.264,0.324,0.486,0.809,105,0.343,105,136,10,6,0,3,1,"2H",0,0.5,85,309,280,37,74,11,0,17,63,0,1,20,36,0.264,0.324,0.486,0.809,105,0.343,105,136,10,6,0,3,1,1,NA,35.8,2,10000000,5000000,11.112,1468
"Kurt Suzuki","WSN","2020",0.2,33,129,111,15,30,8,0,2,17,1,0,11,19,0.27,0.349,0.396,0.745,102,0.337,105,44,4,4,0,3,0,"2/DH",0,0.2,33,129,111,15,30,8,0,2,17,1,0,11,19,0.27,0.349,0.396,0.745,102,0.337,105,44,4,4,0,3,0,1,NA,36.8,2,10000000,5000000,12.112,1468
"Kurt Suzuki","LAA","2021",-0.4,72,247,219,17,49,8,0,6,16,0,0,12,44,0.224,0.294,0.342,0.636,73,0.283,70,75,7,11,2,3,0,"2/H",0,-0.4,72,247,219,17,49,8,0,6,16,0,0,12,44,0.224,0.294,0.342,0.636,73,0.283,70,75,7,11,2,3,0,1,NA,37.8,1,1500000,1500000,13.112,1469
"Kurt Suzuki","LAA","2022",-0.4,51,159,139,10,25,4,0,4,15,0,0,15,29,0.18,0.266,0.295,0.561,59,0.26,58,41,3,2,1,2,0,"2/HD3",0,-0.4,51,159,139,10,25,4,0,4,15,0,0,15,29,0.18,0.266,0.295,0.561,59,0.26,58,41,3,2,1,2,0,0,NA,38.8,1,1750000,1750000,14.112,1470
"Kyle Farnsworth","2TM","2013",0,13,0,0,0,0,0,0,0,0,0,0,0,0,0,0,0,0,0,0,0,0,0,0,0,0,0,"1",0,0,13,0,0,0,0,0,0,0,0,0,0,0,0,0,0,0,0,0,0,0,0,0,0,0,0,0,0,"RP",37.3,1,1250000,1250000,1.1,1471
"Kyle Farnsworth","2TM","2014",0,22,0,0,0,0,0,0,0,0,0,0,0,0,0,0,0,0,0,0,0,0,0,0,0,0,0,"1",0,0,22,0,0,0,0,0,0,0,0,0,0,0,0,0,0,0,0,0,0,0,0,0,0,0,0,0,1,"RP",38.3,1,1000000,1000000,2.1,1472
"Kyle Gibson","2TM","2021",0.1,13,30,29,3,4,0,0,1,2,0,0,0,10,0.138,0.138,0.241,0.379,0,0.162,-21,7,0,0,1,0,0,"1",1,0.1,13,30,29,3,4,0,0,1,2,0,0,0,10,0.138,0.138,0.241,0.379,0,0.162,-21,7,0,0,1,0,0,1,"SP/SP4",33.8,3,28000000,9333333.33333333,1,1473
"Kyle Gibson","BAL","2023",0,1,0,0,0,0,0,0,0,0,0,0,0,0,0,0,0,0,0,0,0,0,0,0,0,0,0,"1",0,0,1,0,0,0,0,0,0,0,0,0,0,0,0,0,0,0,0,0,0,0,0,0,0,0,0,0,1,"SP/SP4",35.8,1,10000000,10000000,3,1474
"Kyle Kendrick","COL","2015",0.3,25,49,43,6,8,2,0,1,2,0,0,3,16,0.186,0.239,0.302,0.541,38,0.241,15,13,1,0,3,0,0,"1",0,0.3,25,49,43,6,8,2,0,1,2,0,0,3,16,0.186,0.239,0.302,0.541,38,0.241,15,13,1,0,3,0,0,1,"SP",31,1,5500000,5500000,6.159,1477
"Kyle Kendrick","BOS","2017",0,1,2,1,0,0,0,0,0,0,0,0,0,1,0,0,0,0,-100,0,-383,0,0,0,1,0,0,"/1",0,0,1,2,1,0,0,0,0,0,0,0,0,0,1,0,0,0,0,-100,0,-383,0,0,0,1,0,0,1,"SP",33,1,1000000,1000000,0.159,1478
"Kyle Lohse","MIL","2013",-0.1,30,68,55,2,8,0,0,0,3,0,0,1,29,0.145,0.161,0.145,0.306,-15,0.14,-73,8,0,0,12,0,0,"1/H",0,-0.1,30,68,55,2,8,0,0,0,3,0,0,1,29,0.145,0.161,0.145,0.306,-15,0.14,-73,8,0,0,12,0,0,1,"SP/SP5",34.8,3,33000000,11000000,3.092,1479
"Kyle Lohse","MIL","2014",-0.1,30,74,61,2,7,0,0,0,5,0,0,2,23,0.115,0.154,0.115,0.269,-24,0.144,-56,7,1,1,9,1,0,"1",0,-0.1,30,74,61,2,7,0,0,0,5,0,0,2,23,0.115,0.154,0.115,0.269,-24,0.144,-56,7,1,1,9,1,0,1,"SP/SP5",35.8,3,33000000,11000000,4.092,1479
"Kyle Lohse","MIL","2015",0.2,38,42,39,3,9,1,0,0,1,0,0,0,10,0.231,0.231,0.256,0.487,34,0.215,10,10,1,0,3,0,0,"1/H",0,0.2,38,42,39,3,9,1,0,0,1,0,0,0,10,0.231,0.231,0.256,0.487,34,0.215,10,10,1,0,3,0,0,1,"SP/SP5",36.8,3,33000000,11000000,5.092,1479
"Kyle Schwarber","2TM","2021",3.5,113,471,399,76,106,19,0,32,71,1,1,64,127,0.266,0.374,0.554,0.928,149,0.404,156,221,4,6,0,2,1,"7D3/H",1,3.5,113,471,399,76,106,19,0,32,71,1,1,64,127,0.266,0.374,0.554,0.928,149,0.404,156,221,4,6,0,2,1,1,"LF",28.4,1,10000000,10000000,5.086,1481
"Kyle Schwarber","PHI","2022",2.3,155,669,577,100,126,21,3,46,94,10,1,86,200,0.218,0.323,0.504,0.827,131,0.36,130,291,10,4,0,2,3,"7D/H",2,2.3,155,669,577,100,126,21,3,46,94,10,1,86,200,0.218,0.323,0.504,0.827,131,0.36,130,291,10,4,0,2,3,1,"LF",29.4,4,79000000,19750000,6.086,1482
"Kyle Schwarber","PHI","2023",0.7,160,720,585,108,115,19,1,47,104,0,2,126,215,0.197,0.343,0.474,0.817,121,0.349,119,277,4,6,0,3,5,"7D",2,0.7,160,720,585,108,115,19,1,47,104,0,2,126,215,0.197,0.343,0.474,0.817,121,0.349,119,277,4,6,0,3,5,1,"LF",30.4,4,79000000,19750000,7.086,1482
"Kyle Schwarber","PHI","2024",3.3,150,692,573,110,142,22,0,38,104,5,3,106,197,0.248,0.366,0.485,0.851,134,0.367,134,278,6,5,0,8,4,"D/7H",2,3.3,150,692,573,110,142,22,0,38,104,5,3,106,197,0.248,0.366,0.485,0.851,134,0.367,134,278,6,5,0,8,4,1,"LF",31.4,4,79000000,19750000,8.086,1482
"Kyle Schwarber","PHI","2025",4.6,162,724,604,111,145,23,2,56,132,10,2,108,197,0.24,0.365,0.563,0.928,149,0.396,149,340,4,11,0,1,6,"D/7",2,4.6,162,724,604,111,145,23,2,56,132,10,2,108,197,0.24,0.365,0.563,0.928,149,0.396,149,340,4,11,0,1,6,1,"LF",32.4,4,79000000,19750000,9.086,1482
"Kyle Zimmer","KCR","2019",0,1,0,0,0,0,0,0,0,0,0,0,0,0,0,0,0,0,0,0,0,0,0,0,0,0,0,"1",0,0,1,0,0,0,0,0,0,0,0,0,0,0,0,0,0,0,0,0,0,0,0,0,0,0,0,0,1,"RP",27.9,1,555000,555000,0,1483
"Kyle Zimmer","KCR","2021",0,3,0,0,0,0,0,0,0,0,0,0,0,0,0,0,0,0,0,0,0,0,0,0,0,0,0,"1",0,0,3,0,0,0,0,0,0,0,0,0,0,0,0,0,0,0,0,0,0,0,0,0,0,0,0,0,0,"RP",29.9,1,696524.113902364,696524.113902364,1,1484
"Lance Lynn","2TM","2018",0,3,4,4,0,0,0,0,0,0,0,0,0,2,0,0,0,0,-100,0,-137,0,0,0,0,0,0,"1",0,0,3,4,4,0,0,0,0,0,0,0,0,0,2,0,0,0,0,-100,0,-137,0,0,0,0,0,0,1,"SP/SP1",31.2,1,12000000,12000000,0,1485
"Lance Lynn","TEX","2019",0,1,2,2,0,0,0,0,0,0,0,0,0,2,0,0,0,0,-100,0,-144,0,0,0,0,0,0,"1",2,0,1,2,2,0,0,0,0,0,0,0,0,0,2,0,0,0,0,-100,0,-144,0,0,0,0,0,0,1,"SP/SP1",32.2,3,30000000,10000000,1,1486
"Lance Lynn","CHW","2021",0,2,5,5,0,1,0,0,0,2,0,0,0,3,0.2,0.2,0.2,0.4,10,0.178,-2,1,0,0,0,0,0,"1",2,0,2,5,5,0,1,0,0,0,2,0,0,0,3,0.2,0.2,0.2,0.4,10,0.178,-2,1,0,0,0,0,0,1,"SP/SP1",34.2,3,30000000,10000000,3,1486
"Latroy Hawkins","LAA","2012",0,4,0,0,0,0,0,0,0,0,0,0,0,0,0,0,0,0,0,0,0,0,0,0,0,0,0,"1",0,0,4,0,0,0,0,0,0,0,0,0,0,0,0,0,0,0,0,0,0,0,0,0,0,0,0,0,1,"RP/CL",39.6,1,3000000,3000000,0,1490
"Latroy Hawkins","NYM","2013",0,69,0,0,0,0,0,0,0,0,0,0,0,0,0,0,0,0,0,0,0,0,0,0,0,0,0,"1",0,0,69,0,0,0,0,0,0,0,0,0,0,0,0,0,0,0,0,0,0,0,0,0,0,0,0,0,1,"RP/CL",40.6,1,1000000,1000000,1,1491
"Latroy Hawkins","COL","2014",0,54,1,1,0,0,0,0,0,0,0,0,0,1,0,0,0,0,-100,0,-160,0,0,0,0,0,0,"1",0,0,54,1,1,0,0,0,0,0,0,0,0,0,1,0,0,0,0,-100,0,-160,0,0,0,0,0,0,1,"RP/CL",41.6,1,2250000,2250000,2,1492
"Latroy Hawkins","2TM","2015",0,23,1,1,0,0,0,0,0,0,0,0,0,1,0,0,0,0,-100,0,-155,0,0,0,0,0,0,"1",0,0,23,1,1,0,0,0,0,0,0,0,0,0,1,0,0,0,0,-100,0,-155,0,0,0,0,0,0,1,"RP/CL",42.6,1,3046811.7252226,3046811.7252226,3,1493
"Liam Hendriks","CHW","2021",0,6,0,0,0,0,0,0,0,0,0,0,0,0,0,0,0,0,0,0,0,0,0,0,0,0,0,"1",2,0,6,0,0,0,0,0,0,0,0,0,0,0,0,0,0,0,0,0,0,0,0,0,0,0,0,0,1,"RP/CL",32.5,3,54000000,18000000,0,1494
"Liam Hendriks","CHW","2022",0,1,0,0,0,0,0,0,0,0,0,0,0,0,0,0,0,0,0,0,0,0,0,0,0,0,0,"1",1,0,1,0,0,0,0,0,0,0,0,0,0,0,0,0,0,0,0,0,0,0,0,0,0,0,0,0,1,"RP/CL",33.5,3,54000000,18000000,1,1494
"Logan Forsythe","TEX","2019",-0.4,101,367,317,38,72,17,1,7,39,2,0,44,100,0.227,0.325,0.353,0.678,73,0.31,76,112,8,3,0,2,0,"356H/4",0,-0.4,101,367,317,38,72,17,1,7,39,2,0,44,100,0.227,0.325,0.353,0.678,73,0.31,76,112,8,3,0,2,0,1,"2B/3B",32.6,1,2000000,2000000,7.113,1496
"Logan Forsythe","MIA","2020",-0.3,12,38,34,2,4,1,0,1,2,0,0,4,12,0.118,0.211,0.235,0.446,21,0.203,12,8,0,0,0,0,0,"/43D1",0,-0.3,12,38,34,2,4,1,0,1,2,0,0,4,12,0.118,0.211,0.235,0.446,21,0.203,12,8,0,0,0,0,0,1,"2B/3B",33.6,1,704615.735189191,704615.735189191,8.113,1497
"Logan Morrison","MIN","2018",-0.2,95,359,318,41,59,13,0,15,39,1,0,34,80,0.186,0.276,0.368,0.644,74,0.285,70,117,3,6,0,1,0,"3DH/7",0,-0.2,95,359,318,41,59,13,0,15,39,1,0,34,80,0.186,0.276,0.368,0.644,74,0.285,70,117,3,6,0,1,0,1,"DH",31,1,6500000,6500000,7.069,1498
"Logan Morrison","PHI","2019",-0.1,29,38,35,5,7,1,0,2,3,0,0,3,10,0.2,0.263,0.4,0.663,69,0.306,78,14,1,0,0,0,0,"H/3D",0,-0.1,29,38,35,5,7,1,0,2,3,0,0,3,10,0.2,0.263,0.4,0.663,69,0.306,78,14,1,0,0,0,0,1,"DH",32,1,1246285.29962654,1246285.29962654,8.069,1499
"Louis Coleman","LAD","2016",0,57,0,0,0,0,0,0,0,0,0,0,0,0,0,0,0,0,0,0,0,0,0,0,0,0,0,"1",0,0,57,0,0,0,0,0,0,0,0,0,0,0,0,0,0,0,0,0,0,0,0,0,0,0,0,0,1,"RP",30.3,1,750000,750000,0,1500
"Louis Coleman","DET","2018",0,3,0,0,0,0,0,0,0,0,0,0,0,0,0,0,0,0,0,0,0,0,0,0,0,0,0,"1",0,0,3,0,0,0,0,0,0,0,0,0,0,0,0,0,0,0,0,0,0,0,0,0,0,0,0,0,1,"RP",32.3,1,694114.573020403,694114.573020403,1,1501
"Lucas Duda","2TM","2018",0.6,107,367,328,35,79,14,1,14,50,1,0,28,102,0.241,0.313,0.418,0.731,98,0.318,94,137,5,8,0,3,2,"3DH",0,0.6,107,367,328,35,79,14,1,14,50,1,0,28,102,0.241,0.313,0.418,0.731,98,0.318,94,137,5,8,0,3,2,1,"1B",32.5,1,3500000,3500000,6.137,1502
"Lucas Duda","KCR","2019",-0.9,39,119,105,7,18,4,0,4,15,0,0,11,32,0.171,0.252,0.324,0.576,50,0.253,44,34,3,1,0,2,1,"3D/H",0,-0.9,39,119,105,7,18,4,0,4,15,0,0,11,32,0.171,0.252,0.324,0.576,50,0.253,44,34,3,1,0,2,1,0,"1B",33.5,1,1250000,1250000,7.137,1503
"Lucas Erceg","KCR","2025",0,2,0,0,0,0,0,0,0,0,0,0,0,0,0,0,0,0,0,0,0,0,0,0,0,0,0,"1",0,0,2,0,0,0,0,0,0,0,0,0,0,0,0,0,0,0,0,0,0,0,0,0,0,0,0,0,1,"RP",30.2,1,776750,776750,1,1505
"Lucas Luetge","NYY","2021",0,3,0,0,0,0,0,0,0,0,0,0,0,0,0,0,0,0,0,0,0,0,0,0,0,0,0,"1",0,0,3,0,0,0,0,0,0,0,0,0,0,0,0,0,0,0,0,0,0,0,0,0,0,0,0,0,1,"RP",34.4,1,709893.780094137,709893.780094137,0,1506
"Luis Avilan","NYM","2019",0,43,0,0,0,0,0,0,0,0,0,0,0,0,0,0,0,0,0,0,0,0,0,0,0,0,0,"1",0,0,43,0,0,0,0,0,0,0,0,0,0,0,0,0,0,0,0,0,0,0,0,0,0,0,0,0,1,"RP",30.1,1,1600000,1600000,5.146,1508
"Luis Avilan","WSN","2021",0,4,0,0,0,0,0,0,0,0,0,0,0,0,0,0,0,0,0,0,0,0,0,0,0,0,0,"/1",0,0,4,0,0,0,0,0,0,0,0,0,0,0,0,0,0,0,0,0,0,0,0,0,0,0,0,0,1,"RP",32.1,1,950000,950000,7.077,1509
"Luis Ayala","BAL","2012",0,4,0,0,0,0,0,0,0,0,0,0,0,0,0,0,0,0,0,0,0,0,0,0,0,0,0,"1",0,0,4,0,0,0,0,0,0,0,0,0,0,0,0,0,0,0,0,0,0,0,0,0,0,0,0,0,1,"RP",34.6,1,925000,925000,0,1510
"Luis Torrens","2TM","2023",-0.1,18,30,28,1,7,3,0,0,4,0,0,1,9,0.25,0.3,0.357,0.657,83,0.284,76,10,0,1,0,0,0,"/DH27",0,-0.1,18,30,28,1,7,3,0,0,4,0,0,1,9,0.25,0.3,0.357,0.657,83,0.284,76,10,0,1,0,0,0,0,"C",27.2,1,765889.986737186,765889.986737186,0,1522
"Luis Torrens","NYM","2025",1.4,92,283,261,20,59,14,1,5,29,1,0,19,56,0.226,0.284,0.345,0.629,78,0.283,78,90,7,2,1,0,0,"2H/1D3",0,1.4,92,283,261,20,59,14,1,5,29,1,0,19,56,0.226,0.284,0.345,0.629,78,0.283,78,90,7,2,1,0,0,1,"C",29.2,1,1500000,1500000,1,1523
"Luke Bard","LAA","2019",0,2,0,0,0,0,0,0,0,0,0,0,0,0,0,0,0,0,0,0,0,0,0,0,0,0,0,"1",0,0,2,0,0,0,0,0,0,0,0,0,0,0,0,0,0,0,0,0,0,0,0,0,0,0,0,0,1,"RP",28.8,1,716614.047285258,716614.047285258,0,1524
"Luke Gregerson","HOU","2015",0,3,0,0,0,0,0,0,0,0,0,0,0,0,0,0,0,0,0,0,0,0,0,0,0,0,0,"1",0,0,3,0,0,0,0,0,0,0,0,0,0,0,0,0,0,0,0,0,0,0,0,0,0,0,0,0,1,"RP",31.2,3,18500000,6166666.66666667,6,1526
"Luke Gregerson","HOU","2016",0,3,0,0,0,0,0,0,0,0,0,0,0,0,0,0,0,0,0,0,0,0,0,0,0,0,0,"1",0,0,3,0,0,0,0,0,0,0,0,0,0,0,0,0,0,0,0,0,0,0,0,0,0,0,0,0,1,"RP",32.2,3,18500000,6166666.66666667,7,1526
"Luke Gregerson","HOU","2017",0,5,0,0,0,0,0,0,0,0,0,0,0,0,0,0,0,0,0,0,0,0,0,0,0,0,0,"1",0,0,5,0,0,0,0,0,0,0,0,0,0,0,0,0,0,0,0,0,0,0,0,0,0,0,0,0,1,"RP",33.2,3,18500000,6166666.66666667,8,1526
"Luke Gregerson","STL","2018",0,16,0,0,0,0,0,0,0,0,0,0,0,0,0,0,0,0,0,0,0,0,0,0,0,0,0,"1",0,0,16,0,0,0,0,0,0,0,0,0,0,0,0,0,0,0,0,0,0,0,0,0,0,0,0,0,1,"RP",34.2,2,11000000,5500000,9,1527
"Luke Gregerson","STL","2019",0,6,0,0,0,0,0,0,0,0,0,0,0,0,0,0,0,0,0,0,0,0,0,0,0,0,0,"/1",0,0,6,0,0,0,0,0,0,0,0,0,0,0,0,0,0,0,0,0,0,0,0,0,0,0,0,0,1,"RP",35.2,2,11000000,5500000,10,1527
"Luke Maile","CLE","2022",0.7,76,206,181,19,40,10,0,3,17,0,0,19,54,0.221,0.301,0.326,0.627,82,0.291,86,59,6,3,0,3,0,"2",0,0.7,76,206,181,19,40,10,0,3,17,0,0,19,54,0.221,0.301,0.326,0.627,82,0.291,86,59,6,3,0,3,0,1,"C",31.5,1,900000,900000,1,1531
"Luke Maile","CIN","2023",0.8,74,199,179,17,42,10,0,6,25,2,1,14,49,0.235,0.308,0.391,0.699,85,0.32,92,70,8,5,1,0,0,"2/1HD",0,0.8,74,199,179,17,42,10,0,6,25,2,1,14,49,0.235,0.308,0.391,0.699,85,0.32,92,70,8,5,1,0,0,1,"C",32.5,1,1175000,1175000,2,1532
"Luke Maile","CIN","2024",-0.4,53,154,135,8,24,4,0,2,8,2,0,13,52,0.178,0.268,0.252,0.52,44,0.25,43,34,4,4,1,1,0,"2/1HD",0,-0.4,53,154,135,8,24,4,0,2,8,2,0,13,52,0.178,0.268,0.252,0.52,44,0.25,43,34,4,4,1,1,0,0,"C",33.5,1,3599332.87980864,3599332.87980864,3,1533
"Luke Maile","KCR","2025",0,25,54,45,6,11,2,0,1,6,1,0,7,16,0.244,0.346,0.356,0.702,99,0.318,99,16,1,0,2,0,0,"2/H1",0,0,25,54,45,6,11,2,0,1,6,1,0,7,16,0.244,0.346,0.356,0.702,99,0.318,99,16,1,0,2,0,0,1,"C",34.5,1,1500000,1500000,4,1534
"Luke Scott","TBR","2012",0.3,96,344,314,35,72,22,1,14,55,5,0,21,80,0.229,0.285,0.439,0.724,100,0.317,97,138,9,5,0,4,3,"DH/3",0,0.3,96,344,314,35,72,22,1,14,55,5,0,21,80,0.229,0.285,0.439,0.724,100,0.317,97,138,9,5,0,4,3,1,"DH/1B",34.1,1,6000000,6000000,0,1535
"Luke Scott","TBR","2013",0.2,91,291,253,27,61,13,2,9,40,1,1,30,63,0.241,0.326,0.415,0.741,107,0.322,102,105,5,4,0,4,1,"DH/73",0,0.2,91,291,253,27,61,13,2,9,40,1,1,30,63,0.241,0.326,0.415,0.741,107,0.322,102,105,5,4,0,4,1,0,"DH/1B",35.1,1,2750000,2750000,1,1536
"Luke Williams","2TM","2023",-0.3,11,19,19,1,1,0,0,0,0,4,0,0,7,0.053,0.053,0.053,0.105,-71,0.092,-101,1,0,0,0,0,0,"/H65137D",0,-0.3,11,19,19,1,1,0,0,0,0,4,0,0,7,0.053,0.053,0.053,0.105,-71,0.092,-101,1,0,0,0,0,0,1,"SS",27,1,765889.986737186,765889.986737186,0,1539
"Luke Williams","ATL","2025",-0.4,39,34,31,5,4,2,0,0,5,5,0,1,9,0.129,0.176,0.194,0.37,4,0.204,-4,6,2,1,0,1,0,"6H/15D",0,-0.4,39,34,31,5,4,2,0,0,5,5,0,1,9,0.129,0.176,0.194,0.37,4,0.204,-4,6,2,1,0,1,0,1,"SS",29,1,760000,760000,1,1540
"Lyle Overbay","NYY","2013",0,142,486,445,43,107,24,1,14,59,2,0,36,111,0.24,0.295,0.393,0.688,89,0.31,88,175,16,0,0,4,0,"3H/9D",0,0,142,486,445,43,107,24,1,14,59,2,0,36,111,0.24,0.295,0.393,0.688,89,0.31,88,175,16,0,0,4,0,1,"1B",36.5,1,1250000,1250000,0.0090000000000003,1541
"Lyle Overbay","MIL","2014",-0.6,121,296,258,24,60,14,0,4,35,2,0,36,60,0.233,0.328,0.333,0.661,84,0.313,88,86,8,1,0,1,2,"3H/1",0,-0.6,121,296,258,24,60,14,0,4,35,2,0,36,60,0.233,0.328,0.333,0.661,84,0.313,88,86,8,1,0,1,2,1,"1B",37.5,1,1500000,1500000,1.009,1542
"Maikel Franco","KCR","2020",1.1,60,243,223,23,62,16,0,8,38,1,0,16,38,0.278,0.321,0.457,0.778,108,0.338,105,102,4,0,0,4,1,"5/D3",0,1.1,60,243,223,23,62,16,0,8,38,1,0,16,38,0.278,0.321,0.457,0.778,108,0.338,105,102,4,0,0,4,1,1,"3B",28,1,2950000,2950000,4.157,1543
"Maikel Franco","BAL","2021",-1.4,104,403,377,31,79,22,0,11,47,0,0,20,67,0.21,0.253,0.355,0.609,65,0.266,60,134,12,3,0,3,0,"5/DH3",0,-1.4,104,403,377,31,79,22,0,11,47,0,0,20,67,0.21,0.253,0.355,0.609,65,0.266,60,134,12,3,0,3,0,1,"3B",29,1,800000,800000,5.157,1544
"Maikel Franco","WSN","2022",-1.2,103,388,371,31,85,15,0,9,39,1,0,12,75,0.229,0.255,0.342,0.597,71,0.269,70,127,18,2,0,3,0,"5/H3D",0,-1.2,103,388,371,31,85,15,0,9,39,1,0,12,75,0.229,0.255,0.342,0.597,71,0.269,70,127,18,2,0,3,0,1,"3B",30,1,1250000,1250000,6.132,1545
"Manny Parra","CIN","2013",0.1,52,2,2,1,1,0,0,0,0,0,0,0,0,0.5,0.5,0.5,1,179,0.453,195,1,0,0,0,0,0,"1",0,0.1,52,2,2,1,1,0,0,0,0,0,0,0,0,0.5,0.5,0.5,1,179,0.453,195,1,0,0,0,0,0,1,"RP",30.8,1,1000000,1000000,0,1546
"Manny Parra","CIN","2014",0,48,0,0,0,0,0,0,0,0,0,0,0,0,0,0,0,0,0,0,0,0,0,0,0,0,0,"1",0,0,48,0,0,0,0,0,0,0,0,0,0,0,0,0,0,0,0,0,0,0,0,0,0,0,0,0,0,"RP",31.8,2,5500000,2750000,1,1547
"Manny Parra","CIN","2015",0,40,0,0,0,0,0,0,0,0,0,0,0,0,0,0,0,0,0,0,0,0,0,0,0,0,0,"1",0,0,40,0,0,0,0,0,0,0,0,0,0,0,0,0,0,0,0,0,0,0,0,0,0,0,0,0,0,"RP",32.8,2,5500000,2750000,2,1547
"Marc Rzepczynski","SEA","2017",0,6,0,0,0,0,0,0,0,0,0,0,0,0,0,0,0,0,0,0,0,0,0,0,0,0,0,"1",0,0,6,0,0,0,0,0,0,0,0,0,0,0,0,0,0,0,0,0,0,0,0,0,0,0,0,0,1,"RP",31.9,2,11000000,5500000,6.132,1548
"Marcell Ozuna","ATL","2020",2.8,60,267,228,38,77,14,0,18,56,0,0,38,60,0.338,0.431,0.636,1.067,177,0.444,175,145,3,0,0,1,3,"D7/9",2,2.8,60,267,228,38,77,14,0,18,56,0,0,38,60,0.338,0.431,0.636,1.067,177,0.444,175,145,3,0,0,1,3,1,"DH/LF",29.8,1,18000000,18000000,6.124,1550
"Marcell Ozuna","ATL","2021",-0.1,48,208,188,21,40,6,0,7,26,0,0,19,46,0.213,0.288,0.356,0.645,70,0.286,66,67,6,1,0,0,0,"7",0,-0.1,48,208,188,21,40,6,0,7,26,0,0,19,46,0.213,0.288,0.356,0.645,70,0.286,66,67,6,1,0,0,0,0,"DH/LF",30.8,4,65000000,16250000,7.124,1551
"Marcell Ozuna","ATL","2022",-0.9,124,507,470,56,106,19,0,23,56,2,1,31,122,0.226,0.274,0.413,0.687,88,0.301,85,194,12,2,0,4,0,"D7",0,-0.9,124,507,470,56,106,19,0,23,56,2,1,31,122,0.226,0.274,0.413,0.687,88,0.301,85,194,12,2,0,4,0,0,"DH/LF",31.8,4,65000000,16250000,8.124,1551
"Marcell Ozuna","ATL","2023",3.4,144,592,530,84,145,29,1,40,100,0,0,57,134,0.274,0.346,0.558,0.905,140,0.384,141,296,9,3,0,2,1,"D/7H",2,3.4,144,592,530,84,145,29,1,40,100,0,0,57,134,0.274,0.346,0.558,0.905,140,0.384,141,296,9,3,0,2,1,0,"DH/LF",32.8,4,65000000,16250000,9.124,1551
"Marcell Ozuna","ATL","2024",4.3,162,688,606,96,183,31,0,39,104,1,0,74,170,0.302,0.378,0.546,0.925,154,0.394,154,331,23,3,0,4,2,"D",2,4.3,162,688,606,96,183,31,0,39,104,1,0,74,170,0.302,0.378,0.546,0.925,154,0.394,154,331,23,3,0,4,2,0,"DH/LF",33.8,4,65000000,16250000,10.124,1551
"Marco Estrada","TOR","2016",-0.1,2,5,5,0,0,0,0,0,0,0,0,0,3,0,0,0,0,-100,0,-140,0,0,0,0,0,0,"1",1,-0.1,2,5,5,0,0,0,0,0,0,0,0,0,3,0,0,0,0,-100,0,-140,0,0,0,0,0,0,0,"SP/SP3",33.1,2,26000000,13000000,0,1552
"Marco Estrada","TOR","2017",-0.1,2,4,4,0,0,0,0,0,0,0,0,0,3,0,0,0,0,-100,0,-138,0,0,0,0,0,0,"1",0,-0.1,2,4,4,0,0,0,0,0,0,0,0,0,3,0,0,0,0,-100,0,-138,0,0,0,0,0,0,0,"SP/SP3",34.1,2,26000000,13000000,1,1552
"Marco Estrada","TOR","2018",0,1,1,1,0,0,0,0,0,0,0,0,0,1,0,0,0,0,-100,0,-125,0,0,0,0,0,0,"1",0,0,1,1,1,0,0,0,0,0,0,0,0,0,1,0,0,0,0,-100,0,-125,0,0,0,0,0,0,0,"SP",35.1,1,16556861.3747986,16556861.3747986,2,1553
"Marcus Semien","TOR","2021",7.1,162,724,652,115,173,39,2,45,102,15,1,66,146,0.265,0.334,0.538,0.873,131,0.37,128,351,9,3,0,3,0,"46/D",2,7.1,162,724,652,115,173,39,2,45,102,15,1,66,146,0.265,0.334,0.538,0.873,131,0.37,128,351,9,3,0,3,0,1,"2B",30.9,1,18000000,18000000,6.118,1555
"Marcus Semien","TEX","2022",5.7,161,724,657,101,163,31,5,26,83,25,8,53,120,0.248,0.304,0.429,0.733,106,0.334,112,282,7,4,0,10,0,"46",0,5.7,161,724,657,101,163,31,5,26,83,25,8,53,120,0.248,0.304,0.429,0.733,106,0.334,112,282,7,4,0,10,0,1,"2B",31.9,7,175000000,25000000,7.118,1556
"Marcus Semien","TEX","2023",7.7,162,753,670,122,185,40,4,29,100,14,3,72,110,0.276,0.348,0.478,0.826,126,0.364,131,320,5,5,0,5,1,"4",2,7.7,162,753,670,122,185,40,4,29,100,14,3,72,110,0.276,0.348,0.478,0.826,126,0.364,131,320,5,5,0,5,1,1,"2B",32.9,7,175000000,25000000,8.118,1556
"Marcus Semien","TEX","2024",4.5,159,718,650,101,154,27,2,23,74,8,3,64,105,0.237,0.308,0.391,0.699,103,0.31,104,254,9,3,0,1,2,"4",1,4.5,159,718,650,101,154,27,2,23,74,8,3,64,105,0.237,0.308,0.391,0.699,103,0.31,104,254,9,3,0,1,2,1,"2B",33.9,7,175000000,25000000,9.118,1556
"Marcus Semien","TEX","2025",3.3,127,534,470,62,108,16,1,15,62,11,1,50,93,0.23,0.305,0.364,0.669,98,0.301,100,171,8,5,0,9,0,"4",1,3.3,127,534,470,62,108,16,1,15,62,11,1,50,93,0.23,0.305,0.364,0.669,98,0.301,100,171,8,5,0,9,0,1,"2B",34.9,7,175000000,25000000,10.118,1556
"Marcus Stroman","NYM","2021",0.3,30,58,51,2,5,2,0,0,1,1,0,4,24,0.098,0.164,0.137,0.301,-16,0.179,-11,7,0,0,3,0,0,"1",0,0.3,30,58,51,2,5,2,0,0,1,1,0,4,24,0.098,0.164,0.137,0.301,-16,0.179,-11,7,0,0,3,0,0,0,"SP/SP1",30.2,1,18900000,18900000,0,1557
"Mark Canha","NYM","2022",2.5,140,542,462,71,123,24,0,13,61,3,1,48,97,0.266,0.367,0.403,0.77,122,0.346,124,186,3,28,0,4,1,"7H8/9D35",0,2.5,140,542,462,71,123,24,0,13,61,3,1,48,97,0.266,0.367,0.403,0.77,122,0.346,124,186,3,28,0,4,1,1,"LF/1B",33.5,2,26500000,13250000,0,1560
"Mark Canha","2TM","2023",2.2,139,507,435,51,114,25,1,11,62,11,1,49,79,0.262,0.355,0.4,0.755,108,0.34,111,174,11,17,0,6,1,"7D93H/5",0,2.2,139,507,435,51,114,25,1,11,62,11,1,49,79,0.262,0.355,0.4,0.755,108,0.34,111,174,11,17,0,6,1,1,"LF/1B",34.5,2,26500000,13250000,1,1560
"Mark Canha","KCR","2025",-1,46,125,113,9,24,3,0,1,6,0,1,7,24,0.212,0.272,0.265,0.537,53,0.237,46,30,1,3,0,2,0,"7H9/D3",0,-1,46,125,113,9,24,3,0,1,6,0,1,7,24,0.212,0.272,0.265,0.537,53,0.237,46,30,1,3,0,2,0,1,"1B",36.5,1,1400000,1400000,2,1561
"Mark Derosa","WSN","2012",-0.6,48,101,85,13,16,5,0,0,6,1,0,14,18,0.188,0.3,0.247,0.547,51,0.271,53,21,3,0,1,1,0,"H5/79346",0,-0.6,48,101,85,13,16,5,0,0,6,1,0,14,18,0.188,0.3,0.247,0.547,51,0.271,53,21,3,0,1,1,0,1,"3B/LF",37.4,1,800000,800000,0,1562
"Mark Derosa","TOR","2013",0.7,88,236,204,23,48,12,1,7,36,0,0,28,49,0.235,0.326,0.407,0.733,100,0.33,102,83,8,1,0,3,1,"H453D/7",0,0.7,88,236,204,23,48,12,1,7,36,0,0,28,49,0.235,0.326,0.407,0.733,100,0.33,102,83,8,1,0,3,1,1,"3B/LF",38.4,1,750000,750000,1,1563
"Mark Ellis","LAD","2012",2.6,110,464,415,62,107,21,1,7,31,5,0,40,70,0.258,0.333,0.364,0.697,93,0.324,97,151,5,7,2,0,0,"4/H",0,2.6,110,464,415,62,107,21,1,7,31,5,0,40,70,0.258,0.333,0.364,0.697,93,0.324,97,151,5,7,2,0,0,1,"2B",35.2,2,8750000,4375000,0,1564
"Mark Ellis","LAD","2013",3.1,126,480,433,46,117,13,2,6,48,4,1,26,74,0.27,0.323,0.351,0.674,91,0.314,94,152,5,10,6,5,2,"4H/5",0,3.1,126,480,433,46,117,13,2,6,48,4,1,26,74,0.27,0.323,0.351,0.674,91,0.314,94,152,5,10,6,5,2,1,"2B",36.2,2,8750000,4375000,1,1564
"Mark Ellis","STL","2014",-0.5,73,202,178,15,32,6,0,0,12,4,1,14,38,0.18,0.253,0.213,0.466,33,0.226,22,38,0,4,4,2,3,"4H/35",0,-0.5,73,202,178,15,32,6,0,0,12,4,1,14,38,0.18,0.253,0.213,0.466,33,0.226,22,38,0,4,4,2,3,1,"2B",37.2,1,5250000,5250000,2,1565
"Mark Leiter Jr","CHC","2023",0,1,0,0,0,0,0,0,0,0,0,0,0,0,0,0,0,0,0,0,0,0,0,0,0,0,0,"1",0,0,1,0,0,0,0,0,0,0,0,0,0,0,0,0,0,0,0,0,0,0,0,0,0,0,0,0,0,"RP/CL",32.4,1,850000,850000,1,1567
"Mark Lowe","LAA","2013",0,2,0,0,0,0,0,0,0,0,0,0,0,0,0,0,0,0,0,0,0,0,0,0,0,0,0,"1",0,0,2,0,0,0,0,0,0,0,0,0,0,0,0,0,0,0,0,0,0,0,0,0,0,0,0,0,1,"RP",30.2,1,1500000,1500000,0,1570
"Mark Lowe","2TM","2015",0,4,0,0,0,0,0,0,0,0,0,0,0,0,0,0,0,0,0,0,0,0,0,0,0,0,0,"1",0,0,4,0,0,0,0,0,0,0,0,0,0,0,0,0,0,0,0,0,0,0,0,0,0,0,0,0,1,"RP",32.2,1,687225.311355765,687225.311355765,1,1571
"Mark Lowe","DET","2016",0,6,0,0,0,0,0,0,0,0,0,0,0,0,0,0,0,0,0,0,0,0,0,0,0,0,0,"1",0,0,6,0,0,0,0,0,0,0,0,0,0,0,0,0,0,0,0,0,0,0,0,0,0,0,0,0,1,"RP",33.2,2,11000000,5500000,2,1572
"Mark Melancon","SFG","2017",0,31,0,0,0,0,0,0,0,0,0,0,0,0,0,0,0,0,0,0,0,0,0,0,0,0,0,"1",0,0,31,0,0,0,0,0,0,0,0,0,0,0,0,0,0,0,0,0,0,0,0,0,0,0,0,0,1,"RP",32.3,4,62000000,15500000,0,1573
"Mark Melancon","SFG","2018",0,39,0,0,0,0,0,0,0,0,0,0,0,0,0,0,0,0,0,0,0,0,0,0,0,0,0,"1",0,0,39,0,0,0,0,0,0,0,0,0,0,0,0,0,0,0,0,0,0,0,0,0,0,0,0,0,1,"RP",33.3,4,62000000,15500000,1,1573
"Mark Melancon","2TM","2019",0,62,0,0,0,0,0,0,0,0,0,0,0,0,0,0,0,0,0,0,0,0,0,0,0,0,0,"1",0,0,62,0,0,0,0,0,0,0,0,0,0,0,0,0,0,0,0,0,0,0,0,0,0,0,0,0,1,"RP",34.3,4,62000000,15500000,2,1573
"Mark Melancon","ATL","2020",0,1,0,0,0,0,0,0,0,0,0,0,0,0,0,0,0,0,0,0,0,0,0,0,0,0,0,"1",0,0,1,0,0,0,0,0,0,0,0,0,0,0,0,0,0,0,0,0,0,0,0,0,0,0,0,0,1,"RP",35.3,4,62000000,15500000,3,1573
"Mark Melancon","SDP","2021",0,59,1,0,0,0,0,0,0,0,0,0,0,0,0,0,0,0,0,0,0,0,0,0,1,0,0,"1",1,0,59,1,0,0,0,0,0,0,0,0,0,0,0,0,0,0,0,0,0,0,0,0,0,1,0,0,1,"RP",36.3,1,3000000,3000000,4,1574
"Mark Melancon","ARI","2022",0,2,0,0,0,0,0,0,0,0,0,0,0,0,0,0,0,0,0,0,0,0,0,0,0,0,0,"1",0,0,2,0,0,0,0,0,0,0,0,0,0,0,0,0,0,0,0,0,0,0,0,0,0,0,0,0,1,"RP",37.3,2,14000000,7000000,5,1575
"Mark Reynolds","2TM","2013",-0.3,135,504,445,55,98,14,0,21,67,3,1,51,154,0.22,0.306,0.393,0.699,95,0.312,94,175,9,5,0,3,1,"35DH/4",0,-0.3,135,504,445,55,98,14,0,21,67,3,1,51,154,0.22,0.306,0.393,0.699,95,0.312,94,175,9,5,0,3,1,1,"3B/1B",30,1,6000000,6000000,0,1577
"Mark Reynolds","MIL","2014",0.2,130,433,378,47,74,9,0,22,45,5,1,47,122,0.196,0.287,0.394,0.681,87,0.315,89,149,8,3,1,4,3,"35H/9",0,0.2,130,433,378,47,74,9,0,22,45,5,1,47,122,0.196,0.287,0.394,0.681,87,0.315,89,149,8,3,1,4,3,1,"3B/1B",31,1,2000000,2000000,1,1578
"Mark Reynolds","STL","2015",-0.4,140,432,382,35,88,21,2,13,48,2,3,44,121,0.23,0.315,0.398,0.713,93,0.312,89,152,10,4,0,2,2,"3H5/7D49",0,-0.4,140,432,382,35,88,21,2,13,48,2,3,44,121,0.23,0.315,0.398,0.713,93,0.312,89,152,10,4,0,2,2,1,"3B/1B",32,1,2000000,2000000,2,1579
"Mark Reynolds","COL","2016",1.4,118,441,393,61,111,24,0,14,53,1,2,42,112,0.282,0.356,0.45,0.806,101,0.36,106,177,6,4,0,2,1,"3/H4",0,1.4,118,441,393,61,111,24,0,14,53,1,2,42,112,0.282,0.356,0.45,0.806,101,0.36,106,177,6,4,0,2,1,1,"3B/1B",33,1,2600000,2600000,3,1580
"Mark Reynolds","COL","2017",0.7,148,593,520,82,139,22,1,30,97,2,1,69,175,0.267,0.352,0.487,0.839,103,0.366,107,253,12,1,0,3,0,"3/HD7",0,0.7,148,593,520,82,139,22,1,30,97,2,1,69,175,0.267,0.352,0.487,0.839,103,0.366,107,253,12,1,0,3,0,0,"3B/1B",34,1,1500000,1500000,4,1581
"Mark Reynolds","WSN","2018",-0.1,86,235,206,26,51,8,0,13,40,0,0,24,64,0.248,0.328,0.476,0.803,109,0.348,107,98,8,2,0,3,1,"3H5/1489",0,-0.1,86,235,206,26,51,8,0,13,40,0,0,24,64,0.248,0.328,0.476,0.803,109,0.348,107,98,8,2,0,3,1,1,"3B/1B",35,1,1273604.72113835,1273604.72113835,5,1582
"Mark Reynolds","COL","2019",-1.1,78,162,135,13,23,7,0,4,20,2,0,22,57,0.17,0.29,0.311,0.601,48,0.272,39,42,3,2,0,3,0,"H3/1D",0,-1.1,78,162,135,13,23,7,0,4,20,2,0,22,57,0.17,0.29,0.311,0.601,48,0.272,39,42,3,2,0,3,0,1,"3B/1B",36,1,1000000,1000000,6,1583
"Marlon Byrd","2TM","2013",4.8,147,579,532,75,155,35,5,24,88,2,4,31,144,0.291,0.336,0.511,0.847,138,0.372,143,272,11,8,1,7,2,"9H/78",0,4.8,147,579,532,75,155,35,5,24,88,2,4,31,144,0.291,0.336,0.511,0.847,138,0.372,143,272,11,8,1,7,2,1,NA,35.9,1,700000,700000,0.11,1584
"Marlon Byrd","PHI","2014",3.3,154,637,591,71,156,28,2,25,85,3,2,35,185,0.264,0.312,0.445,0.757,109,0.341,112,263,6,8,0,3,7,"9/HD",0,3.3,154,637,591,71,156,28,2,25,85,3,2,35,185,0.264,0.312,0.445,0.757,109,0.341,112,263,6,8,0,3,7,1,NA,36.9,2,16000000,8000000,1.11,1585
"Marlon Byrd","2TM","2015",1.6,135,544,506,58,125,25,5,23,73,2,1,29,145,0.247,0.29,0.453,0.743,100,0.334,104,229,10,4,0,5,2,"79/8HD",0,1.6,135,544,506,58,125,25,5,23,73,2,1,29,145,0.247,0.29,0.453,0.743,100,0.334,104,229,10,4,0,5,2,1,NA,37.9,2,16000000,8000000,2.11,1585
"Marlon Byrd","CLE","2016",0.2,34,129,115,11,31,6,0,5,19,0,0,11,38,0.27,0.326,0.452,0.778,100,0.328,93,52,1,0,0,3,1,"97/HD",0,0.2,34,129,115,11,31,6,0,5,19,0,0,11,38,0.27,0.326,0.452,0.778,100,0.328,93,52,1,0,0,3,1,1,NA,38.9,1,1000000,1000000,3.11,1586
"Martin Maldonado","3TM","2019",1.2,105,374,333,46,71,19,0,12,27,0,0,32,86,0.213,0.293,0.378,0.671,75,0.3,77,126,11,6,2,1,1,"2/H3",0,1.2,105,374,333,46,71,19,0,12,27,0,0,32,86,0.213,0.293,0.378,0.671,75,0.3,77,126,11,6,2,1,1,1,"C",33,1,2500000,2500000,0,1591
"Martin Maldonado","HOU","2020",0.8,47,165,135,19,29,4,0,6,24,1,0,27,51,0.215,0.35,0.378,0.727,99,0.334,104,51,2,1,2,0,0,"2",0,0.8,47,165,135,19,29,4,0,6,24,1,0,27,51,0.215,0.35,0.378,0.727,99,0.334,104,51,2,1,2,0,0,0,"C",34,2,7000000,3500000,1,1592
"Martin Maldonado","HOU","2021",0,125,426,373,40,64,10,1,12,36,0,0,47,127,0.172,0.272,0.3,0.573,58,0.266,61,112,9,5,0,1,1,"2/3H",0,0,125,426,373,40,64,10,1,12,36,0,0,47,127,0.172,0.272,0.3,0.573,58,0.266,61,112,9,5,0,1,1,0,"C",35,2,7000000,3500000,2,1592
"Martin Maldonado","HOU","2022",0.4,113,379,344,40,64,12,0,15,45,0,0,22,116,0.186,0.248,0.352,0.6,70,0.268,67,121,6,7,4,2,0,"2",0,0.4,113,379,344,40,64,12,0,15,45,0,0,22,116,0.186,0.248,0.352,0.6,70,0.268,67,121,6,7,4,2,0,0,"C",36,2,10031443.3567669,5015721.67838346,3,1593
"Martin Maldonado","HOU","2023",0.3,116,407,362,33,69,12,0,15,36,0,0,30,139,0.191,0.258,0.348,0.606,66,0.265,60,126,10,3,12,0,0,"2/1",0,0.3,116,407,362,33,69,12,0,15,36,0,0,30,139,0.191,0.258,0.348,0.606,66,0.265,60,126,10,3,12,0,0,0,"C",37,2,10031443.3567669,5015721.67838346,4,1593
"Martin Maldonado","HOU","2023",0.3,116,407,362,33,69,12,0,15,36,0,0,30,139,0.191,0.258,0.348,0.606,66,0.265,60,126,10,3,12,0,0,"2/1",0,0.3,116,407,362,33,69,12,0,15,36,0,0,30,139,0.191,0.258,0.348,0.606,66,0.265,60,126,10,3,12,0,0,0,"C",37,2,9573624.83421482,4786812.41710741,5,1594
"Martin Maldonado","CHW","2024",-1.3,48,147,135,9,16,3,0,4,11,0,0,8,51,0.119,0.174,0.23,0.403,14,0.18,4,31,5,1,3,0,0,"2",0,-1.3,48,147,135,9,16,3,0,4,11,0,0,8,51,0.119,0.174,0.23,0.403,14,0.18,4,31,5,1,3,0,0,0,"C",38,2,9573624.83421482,4786812.41710741,6,1594
"Martin Maldonado","CHW","2024",-1.3,48,147,135,9,16,3,0,4,11,0,0,8,51,0.119,0.174,0.23,0.403,14,0.18,4,31,5,1,3,0,0,"2",0,-1.3,48,147,135,9,16,3,0,4,11,0,0,8,51,0.119,0.174,0.23,0.403,14,0.18,4,31,5,1,3,0,0,1,"C",38,1,4250000,4250000,7,1595
"Martin Maldonado","SDP","2025",-0.2,64,161,147,11,30,6,0,4,12,0,0,8,57,0.204,0.245,0.327,0.572,57,0.258,53,48,3,0,6,0,0,"2",0,-0.2,64,161,147,11,30,6,0,4,12,0,0,8,57,0.204,0.245,0.327,0.572,57,0.258,53,48,3,0,6,0,0,1,"C",39,1,1000000,1000000,8,1596
"Marwin Gonzalez","MIN","2019",2,114,463,425,52,112,19,0,15,55,1,0,31,98,0.264,0.322,0.414,0.736,94,0.315,91,176,7,6,0,1,2,"9537/HD46",0,2,114,463,425,52,112,19,0,15,55,1,0,31,98,0.264,0.322,0.414,0.736,94,0.315,91,176,7,6,0,1,2,1,"3B",30.4,2,21000000,10500000,0,1599
"Marwin Gonzalez","MIN","2020",0.2,53,199,175,15,37,4,0,5,22,0,0,17,41,0.211,0.286,0.32,0.606,69,0.274,67,56,1,3,0,4,0,"543/9H",0,0.2,53,199,175,15,37,4,0,5,22,0,0,17,41,0.211,0.286,0.32,0.606,69,0.274,67,56,1,3,0,4,0,1,"3B",31.4,2,21000000,10500000,1,1599
"Marwin Gonzalez","2TM","2021",-0.8,91,307,276,30,55,14,0,5,28,3,2,20,78,0.199,0.275,0.304,0.579,56,0.26,52,84,8,9,1,1,0,"43675H/9D1",0,-0.8,91,307,276,30,55,14,0,5,28,3,2,20,78,0.199,0.275,0.304,0.579,56,0.26,52,84,8,9,1,1,0,1,"3B",32.4,1,3000000,3000000,2,1600
"Marwin Gonzalez","NYY","2022",0.6,85,207,184,20,34,7,0,6,18,3,0,14,54,0.185,0.255,0.321,0.576,63,0.273,66,59,8,4,3,2,0,"6973H5/4D1",0,0.6,85,207,184,20,34,7,0,6,18,3,0,14,54,0.185,0.255,0.321,0.576,63,0.273,66,59,8,4,3,2,0,1,"3B",33.4,1,1281795.54003133,1281795.54003133,3,1601
"Mat Latos","2TM","2015",0.5,21,34,24,1,7,0,0,0,1,0,0,0,7,0.292,0.292,0.292,0.583,64,0.301,78,7,0,0,10,0,0,"1",0,0.5,21,34,24,1,7,0,0,0,1,0,0,0,7,0.292,0.292,0.292,0.583,64,0.301,78,7,0,0,10,0,0,1,"SP",27.7,1,687225.311355765,687225.311355765,5.079,1602
"Mat Latos","2TM","2016",0.1,7,5,5,1,1,0,0,1,1,0,0,0,3,0.2,0.2,0.8,1,149,0.403,151,4,0,0,0,0,0,"1",0,0.1,7,5,5,1,1,0,0,1,1,0,0,0,3,0.2,0.2,0.8,1,149,0.403,151,4,0,0,0,0,0,1,"SP",28.7,1,3000000,3000000,6.079,1603
"Mat Latos","TOR","2017",0,1,3,3,0,0,0,0,0,0,0,0,0,0,0,0,0,0,-100,0,-136,0,0,0,0,0,0,"/1",0,0,1,3,3,0,0,0,0,0,0,0,0,0,0,0,0,0,0,-100,0,-136,0,0,0,0,0,0,1,"SP",29.7,1,1500000,1500000,7.013,1604
"Matt Adams","2TM","2018",1.1,121,337,306,42,73,10,0,21,57,0,0,27,73,0.239,0.309,0.477,0.786,105,0.342,105,146,6,4,0,0,3,"3H7/D9",0,1.1,121,337,306,42,73,10,0,21,57,0,0,27,73,0.239,0.309,0.477,0.786,105,0.342,105,146,6,4,0,0,3,1,"1B",29.9,1,4000000,4000000,5.033,1605
"Matt Adams","WSN","2019",0.6,111,333,310,42,70,14,0,20,56,0,0,20,115,0.226,0.276,0.465,0.741,86,0.313,82,144,7,2,0,1,1,"3H",0,0.6,111,333,310,42,70,14,0,20,56,0,0,20,115,0.226,0.276,0.465,0.741,86,0.313,82,144,7,2,0,1,1,1,"1B",30.9,1,4000000,4000000,6.033,1606
"Matt Albers","CHW","2016",0.1,4,1,1,1,1,1,0,0,0,0,0,0,0,1,1,2,3,697,1.233,742,2,0,0,0,0,0,"1",0,0.1,4,1,1,1,1,1,0,0,0,0,0,0,0,1,1,2,3,697,1.233,742,2,0,0,0,0,0,0,"RP",33.6,1,2250000,2250000,2,1609
"Matt Albers","WSN","2017",0,59,0,0,0,0,0,0,0,0,0,0,0,0,0,0,0,0,0,0,0,0,0,0,0,0,0,"1",0,0,59,0,0,0,0,0,0,0,0,0,0,0,0,0,0,0,0,0,0,0,0,0,0,0,0,0,1,"RP",34.6,1,1150000,1150000,3,1610
"Matt Albers","MIL","2018",0,31,0,0,0,0,0,0,0,0,0,0,0,0,0,0,0,0,0,0,0,0,0,0,0,0,0,"1",0,0,31,0,0,0,0,0,0,0,0,0,0,0,0,0,0,0,0,0,0,0,0,0,0,0,0,0,1,"RP",35.6,2,5000000,2500000,4,1611
"Matt Albers","MIL","2019",0,63,0,0,0,0,0,0,0,0,0,0,0,0,0,0,0,0,0,0,0,0,0,0,0,0,0,"1",0,0,63,0,0,0,0,0,0,0,0,0,0,0,0,0,0,0,0,0,0,0,0,0,0,0,0,0,1,"RP",36.6,2,5000000,2500000,5,1611
"Matt Albers","MIL","2019",0,63,0,0,0,0,0,0,0,0,0,0,0,0,0,0,0,0,0,0,0,0,0,0,0,0,0,"1",0,0,63,0,0,0,0,0,0,0,0,0,0,0,0,0,0,0,0,0,0,0,0,0,0,0,0,0,0,"RP",36.6,2,6231426.49813268,3115713.24906634,6,1612
"Matt Andriese","2TM","2021",0,5,0,0,0,0,0,0,0,0,0,0,0,0,0,0,0,0,0,0,0,0,0,0,0,0,0,"1",0,0,5,0,0,0,0,0,0,0,0,0,0,0,0,0,0,0,0,0,0,0,0,0,0,0,0,0,1,"RP",31.9,1,2100000,2100000,0,1613
"Matt Belisle","STL","2015",0,32,0,0,0,0,0,0,0,0,0,0,0,0,0,0,0,0,0,0,0,0,0,0,0,0,0,"1",0,0,32,0,0,0,0,0,0,0,0,0,0,0,0,0,0,0,0,0,0,0,0,0,0,0,0,0,1,"RP",35.2,1,3500000,3500000,9.019,1615
"Matt Belisle","WSN","2016",-0.1,38,4,4,0,0,0,0,0,0,0,0,0,2,0,0,0,0,-100,0,-143,0,0,0,0,0,0,"1",0,-0.1,38,4,4,0,0,0,0,0,0,0,0,0,2,0,0,0,0,-100,0,-143,0,0,0,0,0,0,1,"RP",36.2,1,1250000,1250000,10.019,1616
"Matt Belisle","MIN","2017",0,6,0,0,0,0,0,0,0,0,0,0,0,0,0,0,0,0,0,0,0,0,0,0,0,0,0,"1",0,0,6,0,0,0,0,0,0,0,0,0,0,0,0,0,0,0,0,0,0,0,0,0,0,0,0,0,1,"RP",37.2,1,2050000,2050000,11.019,1617
"Matt Belisle","MIN","2018",0,2,0,0,0,0,0,0,0,0,0,0,0,0,0,0,0,0,0,0,0,0,0,0,0,0,0,"1",0,0,2,0,0,0,0,0,0,0,0,0,0,0,0,0,0,0,0,0,0,0,0,0,0,0,0,0,1,"RP",38.2,1,1500000,1500000,12.019,1618
"Matt Bowman","BAL","2025",0,1,0,0,0,0,0,0,0,0,0,0,0,0,0,0,0,0,0,0,0,0,0,0,0,0,0,"1",0,0,1,0,0,0,0,0,0,0,0,0,0,0,0,0,0,0,0,0,0,0,0,0,0,0,0,0,1,"RP",34.2,1,1100000,1100000,4,1622
"Matt Carpenter","NYY","2022",2.4,47,154,128,28,39,9,0,15,37,0,0,19,35,0.305,0.412,0.727,1.138,216,0.476,218,93,2,5,1,1,1,"D9H/375",0,2.4,47,154,128,28,39,9,0,15,37,0,0,19,35,0.305,0.412,0.727,1.138,216,0.476,218,93,2,5,1,1,1,1,"3B/1B",36.8,1,2000000,2000000,0,1628
"Matt Carpenter","SDP","2023",-0.3,76,237,188,18,33,12,0,5,31,1,0,41,67,0.176,0.322,0.319,0.641,79,0.293,79,60,2,2,0,5,0,"DH3",0,-0.3,76,237,188,18,33,12,0,5,31,1,0,41,67,0.176,0.322,0.319,0.641,79,0.293,79,60,2,2,0,5,0,1,"3B/1B",37.8,2,12000000,6000000,1,1629
"Matt Carpenter","STL","2024",-0.1,59,157,137,15,32,7,0,4,15,0,2,15,51,0.234,0.314,0.372,0.686,93,0.301,95,51,0,2,0,2,0,"DH/345",0,-0.1,59,157,137,15,32,7,0,4,15,0,2,15,51,0.234,0.314,0.372,0.686,93,0.301,95,51,0,2,0,2,0,1,"3B/1B",38.8,2,12000000,6000000,2,1629
"Matt Carpenter","STL","2024",-0.1,59,157,137,15,32,7,0,4,15,0,2,15,51,0.234,0.314,0.372,0.686,93,0.301,95,51,0,2,0,2,0,"DH/345",0,-0.1,59,157,137,15,32,7,0,4,15,0,2,15,51,0.234,0.314,0.372,0.686,93,0.301,95,51,0,2,0,2,0,1,"3B/1B",38.8,1,740000,740000,3,1630
"Matt Duffy","CHC","2021",1.7,97,322,289,45,83,12,0,5,30,8,1,25,63,0.287,0.357,0.381,0.738,101,0.34,105,110,16,7,0,1,0,"5H4/6731",0,1.7,97,322,289,45,83,12,0,5,30,8,1,25,63,0.287,0.357,0.381,0.738,101,0.34,105,110,16,7,0,1,0,1,"3B",30.6,1,1000000,1000000,0,1631
"Matt Duffy","LAA","2022",-0.4,77,247,228,14,57,8,0,2,16,0,0,17,50,0.25,0.308,0.311,0.619,77,0.279,73,71,6,2,0,0,0,"534H",0,-0.4,77,247,228,14,57,8,0,2,16,0,0,17,50,0.25,0.308,0.311,0.619,77,0.279,73,71,6,2,0,0,0,1,"3B",31.6,1,1500000,1500000,1,1632
"Matt Duffy","KCR","2023",0.2,78,209,191,17,48,8,0,2,16,1,0,12,39,0.251,0.306,0.325,0.631,73,0.298,81,62,4,4,0,2,0,"54H3/D16",0,0.2,78,209,191,17,48,8,0,2,16,1,0,12,39,0.251,0.306,0.325,0.631,73,0.298,81,62,4,4,0,2,0,1,"3B",32.6,1,1595604.1390358,1595604.1390358,2,1633
"Matt Duffy","TEX","2024",0.2,4,10,7,2,2,0,0,0,0,0,0,2,1,0.286,0.5,0.286,0.786,139,0.388,160,2,0,1,0,0,0,"/5H",0,0.2,4,10,7,2,2,0,0,0,0,0,0,2,1,0.286,0.5,0.286,0.786,139,0.388,160,2,0,1,0,0,0,1,"3B",33.6,1,1028380.82280247,1028380.82280247,3,1634
"Matt Harvey","BAL","2021",-0.1,3,6,5,0,0,0,0,0,0,0,0,0,3,0,0,0,0,-100,0,-172,0,0,0,1,0,0,"1",0,-0.1,3,6,5,0,0,0,0,0,0,0,0,0,3,0,0,0,0,-100,0,-172,0,0,0,1,0,0,1,"SP",32.3,1,1000000,1000000,7.127,1636
"Matt Holliday","NYY","2017",-0.1,105,427,373,50,86,18,0,19,64,1,0,46,114,0.231,0.316,0.432,0.748,95,0.332,97,161,14,3,0,5,0,"D/3H",0,-0.1,105,427,373,50,86,18,0,19,64,1,0,46,114,0.231,0.316,0.432,0.748,95,0.332,97,161,14,3,0,5,0,1,"OF",37.6,1,13000000,13000000,7,1638
"Matt Holliday","COL","2018",0.1,25,65,53,3,15,2,0,2,3,0,0,12,18,0.283,0.415,0.434,0.849,116,0.396,133,23,0,0,0,0,0,"7H/3D",0,0.1,25,65,53,3,15,2,0,2,3,0,0,12,18,0.283,0.415,0.434,0.849,116,0.396,133,23,0,0,0,0,0,1,"OF",38.6,1,694114.573020403,694114.573020403,8,1639
"Matt Joyce","PIT","2016",1.7,140,293,231,45,56,10,1,13,42,1,1,59,67,0.242,0.403,0.463,0.866,132,0.386,140,107,9,3,0,0,4,"H97/D",0,1.7,140,293,231,45,56,10,1,13,42,1,1,59,67,0.242,0.403,0.463,0.866,132,0.386,140,107,9,3,0,0,4,1,"LF",32,1,1000000,1000000,6.123,1640
"Matt Joyce","OAK","2017",2.1,141,544,469,78,114,33,0,25,68,4,1,66,113,0.243,0.335,0.473,0.808,118,0.343,114,222,10,2,0,7,0,"97H/D8",0,2.1,141,544,469,78,114,33,0,25,68,4,1,66,113,0.243,0.335,0.473,0.808,118,0.343,114,222,10,2,0,7,0,1,"LF",33,2,11000000,5500000,7.123,1641
"Matt Joyce","OAK","2018",-0.2,83,246,207,34,43,9,0,7,15,0,2,35,53,0.208,0.322,0.353,0.675,88,0.303,90,73,3,1,1,2,2,"7HD/98",0,-0.2,83,246,207,34,43,9,0,7,15,0,2,35,53,0.208,0.322,0.353,0.675,88,0.303,90,73,3,1,1,2,2,1,"LF",34,2,11000000,5500000,8.123,1641
"Matt Joyce","ATL","2019",0.8,129,238,200,32,59,10,0,7,23,0,0,38,45,0.295,0.408,0.45,0.858,119,0.378,125,90,3,0,0,0,0,"H9/D7",0,0.8,129,238,200,32,59,10,0,7,23,0,0,38,45,0.295,0.408,0.45,0.858,119,0.378,125,90,3,0,0,0,0,1,"LF",35,1,1000000,1000000,9.123,1642
"Matt Joyce","MIA","2020",-0.4,46,148,127,16,32,4,0,2,14,1,0,20,41,0.252,0.351,0.331,0.682,87,0.331,100,42,3,0,0,1,0,"97D/H",0,-0.4,46,148,127,16,32,4,0,2,14,1,0,20,41,0.252,0.351,0.331,0.682,87,0.331,100,42,3,0,0,1,0,1,"LF",36,1,1500000,1500000,10.123,1643
"Matt Joyce","PHI","2021",-0.6,43,69,55,6,5,1,0,2,7,0,0,12,16,0.091,0.261,0.218,0.479,32,0.219,20,12,2,1,0,1,2,"H/79",0,-0.6,43,69,55,6,5,1,0,2,7,0,0,12,16,0.091,0.261,0.218,0.479,32,0.219,20,12,2,1,0,1,2,1,"LF",37,1,1500000,1500000,11.123,1644
"Matt Koch","COL","2024",0,1,0,0,0,0,0,0,0,0,0,0,0,0,0,0,0,0,0,0,0,0,0,0,0,0,0,"/1",0,0,1,0,0,0,0,0,0,0,0,0,0,0,0,0,0,0,0,0,0,0,0,0,0,0,0,0,0,"RP",33.8,1,761001.808873827,761001.808873827,1,1646
"Matt Lindstrom","CHW","2013",0,8,0,0,0,0,0,0,0,0,0,0,0,0,0,0,0,0,0,0,0,0,0,0,0,0,0,"1",0,0,8,0,0,0,0,0,0,0,0,0,0,0,0,0,0,0,0,0,0,0,0,0,0,0,0,0,1,NA,33.5,1,2800000,2800000,0,1647
"Matt Magill","MIN","2018",0,3,1,1,0,0,0,0,0,0,0,0,0,1,0,0,0,0,-100,0,-125,0,0,0,0,0,0,"1",0,0,3,1,1,0,0,0,0,0,0,0,0,0,1,0,0,0,0,-100,0,-125,0,0,0,0,0,0,1,"RP/CL",28.8,1,694114.573020403,694114.573020403,0,1649
"Matt Magill","SEA","2019",0,1,0,0,0,0,0,0,0,0,0,0,0,0,0,0,0,0,0,0,0,0,0,0,0,0,0,"1",0,0,1,0,0,0,0,0,0,0,0,0,0,0,0,0,0,0,0,0,0,0,0,0,0,0,0,0,1,"RP/CL",29.8,1,697919.76779086,697919.76779086,1,1650
"Matt Moore","PHI","2021",-0.2,22,20,19,0,0,0,0,0,0,0,0,0,13,0,0,0,0,-100,0,-145,0,0,0,1,0,0,"1",0,-0.2,22,20,19,0,0,0,0,0,0,0,0,0,13,0,0,0,0,-100,0,-145,0,0,0,1,0,0,1,"RP",32.2,1,3549468.90047069,3549468.90047069,1,1653
"Matt Thornton","2TM","2014",0,22,0,0,0,0,0,0,0,0,0,0,0,0,0,0,0,0,0,0,0,0,0,0,0,0,0,"1",0,0,22,0,0,0,0,0,0,0,0,0,0,0,0,0,0,0,0,0,0,0,0,0,0,0,0,0,1,"RP",37.9,2,7000000,3500000,1.129,1662
"Matt Thornton","WSN","2015",0,56,0,0,0,0,0,0,0,0,0,0,0,0,0,0,0,0,0,0,0,0,0,0,0,0,0,"1",0,0,56,0,0,0,0,0,0,0,0,0,0,0,0,0,0,0,0,0,0,0,0,0,0,0,0,0,1,"RP",38.9,2,7000000,3500000,2.129,1662
"Matt Thornton","SDP","2016",0,16,0,0,0,0,0,0,0,0,0,0,0,0,0,0,0,0,0,0,0,0,0,0,0,0,0,"1",0,0,16,0,0,0,0,0,0,0,0,0,0,0,0,0,0,0,0,0,0,0,0,0,0,0,0,0,1,"RP",39.9,1,1600000,1600000,3.129,1663
"Matt Wieters","BAL","2016",2,124,464,423,48,103,17,1,17,66,1,0,32,85,0.243,0.302,0.409,0.711,89,0.314,88,173,10,5,1,3,1,"2/HD",1,2,124,464,423,48,103,17,1,17,66,1,0,32,85,0.243,0.302,0.409,0.711,89,0.314,88,173,10,5,1,3,1,0,"C",30.2,1,15800000,15800000,6.129,1664
"Matt Wieters","STL","2019",0.5,67,183,168,15,36,4,0,11,27,1,1,12,47,0.214,0.268,0.435,0.702,82,0.297,78,73,3,1,0,2,0,"2H",0,0.5,67,183,168,15,36,4,0,11,27,1,1,12,47,0.214,0.268,0.435,0.702,82,0.297,78,73,3,1,0,2,0,1,"C",33.2,1,1500000,1500000,9.129,1665
"Matt Wieters","STL","2020",0,19,41,35,3,7,1,0,0,4,0,0,3,10,0.2,0.3,0.229,0.529,50,0.253,52,8,1,2,1,0,0,"2/H",0,0,19,41,35,3,7,1,0,0,4,0,0,3,10,0.2,0.3,0.229,0.529,50,0.253,52,8,1,2,1,0,0,0,"C",34.2,1,2000000,2000000,10.129,1666
"Max Scherzer","WSN","2015",0.5,32,77,69,4,15,0,0,0,0,0,0,2,23,0.217,0.239,0.217,0.457,26,0.229,19,15,0,0,6,0,0,"1/H",2,0.5,32,77,69,4,15,0,0,0,0,0,0,2,23,0.217,0.239,0.217,0.457,26,0.229,19,15,0,0,6,0,0,1,"SP/SP2",31,7,210000000,30000000,0,1667
"Max Scherzer","WSN","2016",0.1,33,85,70,4,13,1,0,0,12,0,0,2,30,0.186,0.208,0.2,0.408,9,0.185,-30,14,1,0,13,0,0,"1",3,0.1,33,85,70,4,13,1,0,0,12,0,0,2,30,0.186,0.208,0.2,0.408,9,0.185,-30,14,1,0,13,0,0,1,"SP/SP2",32,7,210000000,30000000,1,1667
"Max Scherzer","WSN","2017",0.3,30,72,62,4,10,0,0,1,5,0,0,4,16,0.161,0.212,0.21,0.422,10,0.204,-8,13,0,0,6,0,0,"1",3,0.3,30,72,62,4,10,0,0,1,5,0,0,4,16,0.161,0.212,0.21,0.422,10,0.204,-8,13,0,0,6,0,0,1,"SP/SP2",33,7,210000000,30000000,2,1667
"Max Scherzer","WSN","2018",0.8,32,78,70,8,17,2,0,0,6,1,0,1,14,0.243,0.274,0.271,0.545,45,0.274,47,19,1,2,5,0,0,"1/H",3,0.8,32,78,70,8,17,2,0,0,6,1,0,1,14,0.243,0.274,0.271,0.545,45,0.274,47,19,1,2,5,0,0,1,"SP/SP2",34,7,210000000,30000000,3,1667
"Max Scherzer","WSN","2019",0,28,61,55,6,10,0,0,0,2,2,0,0,27,0.182,0.182,0.182,0.364,-5,0.184,-29,10,1,0,6,0,0,"1/H",3,0,28,61,55,6,10,0,0,0,2,2,0,0,27,0.182,0.182,0.182,0.364,-5,0.184,-29,10,1,0,6,0,0,1,"SP/SP2",35,7,210000000,30000000,4,1667
"Max Scherzer","2TM","2021",-0.7,28,63,59,0,0,0,0,0,1,0,0,0,28,0,0,0,0,-100,0,-143,0,1,0,3,1,0,"1",3,-0.7,28,63,59,0,0,0,0,0,1,0,0,0,28,0,0,0,0,-100,0,-143,0,1,0,3,1,0,1,"SP/SP2",37,7,210000000,30000000,6,1667
"Melky Cabrera","TOR","2013",0.1,88,372,344,39,96,15,2,3,30,2,2,23,47,0.279,0.322,0.36,0.682,88,0.31,88,124,7,0,2,3,0,"7/DH",0,0.1,88,372,344,39,96,15,2,3,30,2,2,23,47,0.279,0.322,0.36,0.682,88,0.31,88,124,7,0,2,3,0,1,"LF",29,2,16000000,8000000,0,1671
"Melky Cabrera","TOR","2014",3.5,139,621,568,81,171,35,3,16,73,6,2,43,67,0.301,0.351,0.458,0.808,128,0.369,135,260,19,3,2,5,3,"7/9D8H",0,3.5,139,621,568,81,171,35,3,16,73,6,2,43,67,0.301,0.351,0.458,0.808,128,0.369,135,260,19,3,2,5,3,1,"LF",30,2,16000000,8000000,1,1671
"Melky Cabrera","CHW","2015",1.6,158,683,629,70,172,36,2,12,77,3,0,40,88,0.273,0.314,0.394,0.709,98,0.315,97,248,18,2,2,10,2,"7/D",0,1.6,158,683,629,70,172,36,2,12,77,3,0,40,88,0.273,0.314,0.394,0.709,98,0.315,97,248,18,2,2,10,2,1,"LF",31,3,42000000,14000000,2,1672
"Melky Cabrera","CHW","2016",2.6,151,646,591,70,175,42,5,14,86,2,0,47,69,0.296,0.345,0.455,0.8,118,0.349,120,269,17,0,3,5,2,"7/DH",0,2.6,151,646,591,70,175,42,5,14,86,2,0,47,69,0.296,0.345,0.455,0.8,118,0.349,120,269,17,0,3,5,2,1,"LF",32,3,42000000,14000000,3,1672
"Melky Cabrera","2TM","2017",0,156,666,620,78,177,30,2,17,85,1,2,36,74,0.285,0.324,0.423,0.746,99,0.33,102,262,19,2,2,6,1,"79/DH",0,0,156,666,620,78,177,30,2,17,85,1,2,36,74,0.285,0.324,0.423,0.746,99,0.33,102,262,19,2,2,6,1,1,"LF",33,3,42000000,14000000,4,1672
"Melky Cabrera","2TM","2017",0,156,666,620,78,177,30,2,17,85,1,2,36,74,0.285,0.324,0.423,0.746,99,0.33,102,262,19,2,2,6,1,"79/DH",0,0,156,666,620,78,177,30,2,17,85,1,2,36,74,0.285,0.324,0.423,0.746,99,0.33,102,262,19,2,2,6,1,1,"LF",33,3,54636025.8398138,18212008.6132713,5,1673
"Melky Cabrera","CLE","2018",0,78,278,250,28,70,17,0,6,39,1,1,20,38,0.28,0.335,0.42,0.755,103,0.335,106,105,10,3,0,5,0,"9/H7D",0,0,78,278,250,28,70,17,0,6,39,1,1,20,38,0.28,0.335,0.42,0.755,103,0.335,106,105,10,3,0,5,0,1,"LF",34,3,54636025.8398138,18212008.6132713,6,1673
"Melky Cabrera","PIT","2019",-1.2,133,397,378,43,106,22,1,7,47,2,0,17,41,0.28,0.313,0.399,0.713,87,0.32,91,151,14,1,1,0,3,"9H7/D",0,-1.2,133,397,378,43,106,22,1,7,47,2,0,17,41,0.28,0.313,0.399,0.713,87,0.32,91,151,14,1,1,0,3,1,"LF",35,3,54636025.8398138,18212008.6132713,7,1673
"Melky Cabrera","PIT","2019",-1.2,133,397,378,43,106,22,1,7,47,2,0,17,41,0.28,0.313,0.399,0.713,87,0.32,91,151,14,1,1,0,3,"9H7/D",0,-1.2,133,397,378,43,106,22,1,7,47,2,0,17,41,0.28,0.313,0.399,0.713,87,0.32,91,151,14,1,1,0,3,1,"LF",35,1,1433228.09457052,1433228.09457052,8,1674
"Michael A Taylor","PIT","2024",0.9,113,300,269,35,52,9,1,5,21,12,1,23,105,0.193,0.253,0.29,0.543,52,0.255,48,78,3,0,4,4,0,"8H/7D",0,0.9,113,300,269,35,52,9,1,5,21,12,1,23,105,0.193,0.253,0.29,0.543,52,0.255,48,78,3,0,4,4,0,1,"CF",32,1,4000000,4000000,0,1675
"Michael A Taylor","CHW","2025",0.1,134,325,295,33,59,20,1,9,35,8,3,23,110,0.2,0.259,0.366,0.625,73,0.268,65,108,7,1,4,2,1,"879H/D",0,0.1,134,325,295,33,59,20,1,9,35,8,3,23,110,0.2,0.259,0.366,0.625,73,0.268,65,108,7,1,4,2,1,1,"CF",33,1,1950000,1950000,1,1676
"Michael Bourn","CLE","2013",2.3,130,575,525,75,138,21,6,6,50,23,12,40,132,0.263,0.316,0.36,0.676,91,0.298,86,189,2,2,5,3,0,"8/HD",0,2.3,130,575,525,75,138,21,6,6,50,23,12,40,132,0.263,0.316,0.36,0.676,91,0.298,86,189,2,2,5,3,0,1,"CF",30.6,4,48000000,12000000,6.028,1677
"Michael Bourn","CLE","2014",0.9,106,487,444,57,114,17,10,3,28,10,6,35,114,0.257,0.314,0.36,0.674,89,0.306,87,160,5,3,3,2,1,"8/H",0,0.9,106,487,444,57,114,17,10,3,28,10,6,35,114,0.257,0.314,0.36,0.674,89,0.306,87,160,5,3,3,2,1,1,"CF",31.6,4,48000000,12000000,7.028,1677
"Michael Bourn","2TM","2015",0.1,141,482,425,39,101,15,2,0,30,17,7,46,107,0.238,0.31,0.282,0.592,63,0.276,58,120,5,0,8,3,0,"87H/9D",0,0.1,141,482,425,39,101,15,2,0,30,17,7,46,107,0.238,0.31,0.282,0.592,63,0.276,58,120,5,0,8,3,0,1,"CF",32.6,4,48000000,12000000,8.028,1677
"Michael Bourn","2TM","2016",-0.1,113,413,375,48,99,13,6,5,38,15,5,28,92,0.264,0.314,0.371,0.684,78,0.306,72,139,3,0,8,2,0,"879H",0,-0.1,113,413,375,48,99,13,6,5,38,15,5,28,92,0.264,0.314,0.371,0.684,78,0.306,72,139,3,0,8,2,0,1,"CF",33.6,4,48000000,12000000,9.028,1677
"Michael Brantley","HOU","2019",4.9,148,637,575,88,179,40,2,22,90,3,2,51,66,0.311,0.372,0.503,0.875,126,0.37,126,289,21,7,0,4,3,"7D/9H",1,4.9,148,637,575,88,179,40,2,22,90,3,2,51,66,0.311,0.372,0.503,0.875,126,0.37,126,289,21,7,0,4,3,1,"LF",32.2,2,32000000,16000000,0,1679
"Michael Brantley","HOU","2020",1.6,46,187,170,24,51,15,0,5,22,2,0,17,28,0.3,0.364,0.476,0.84,127,0.373,131,81,3,0,0,0,0,"D7/H",0,1.6,46,187,170,24,51,15,0,5,22,2,0,17,28,0.3,0.364,0.476,0.84,127,0.373,131,81,3,0,0,0,0,1,"LF",33.2,2,32000000,16000000,1,1679
"Michael Brantley","HOU","2021",2.2,121,508,469,68,146,29,3,8,47,1,0,33,53,0.311,0.362,0.437,0.799,119,0.353,122,205,11,5,0,1,1,"7D/9H",1,2.2,121,508,469,68,146,29,3,8,47,1,0,33,53,0.311,0.362,0.437,0.799,119,0.353,122,205,11,5,0,1,1,0,"LF",34.2,2,32000000,16000000,2,1680
"Michael Brantley","HOU","2022",1.2,64,277,243,28,70,14,1,5,26,1,1,31,30,0.288,0.37,0.416,0.785,126,0.345,124,101,1,1,1,1,2,"D7",0,1.2,64,277,243,28,70,14,1,5,26,1,1,31,30,0.288,0.37,0.416,0.785,126,0.345,124,101,1,1,1,1,2,0,"LF",35.2,2,32000000,16000000,3,1680
"Michael Brantley","HOU","2022",1.2,64,277,243,28,70,14,1,5,26,1,1,31,30,0.288,0.37,0.416,0.785,126,0.345,124,101,1,1,1,1,2,"D7",0,1.2,64,277,243,28,70,14,1,5,26,1,1,31,30,0.288,0.37,0.416,0.785,126,0.345,124,101,1,1,1,1,2,0,"LF",35.2,2,35667354.1573935,17833677.0786967,4,1681
"Michael Brantley","HOU","2023",0.1,15,57,54,7,15,2,0,2,7,0,0,2,2,0.278,0.298,0.426,0.724,98,0.31,93,23,2,0,0,1,0,"7/DH",0,0.1,15,57,54,7,15,2,0,2,7,0,0,2,2,0.278,0.298,0.426,0.724,98,0.31,93,23,2,0,0,1,0,0,"LF",36.2,2,35667354.1573935,17833677.0786967,5,1681
"Michael Brantley","HOU","2023",0.1,15,57,54,7,15,2,0,2,7,0,0,2,2,0.278,0.298,0.426,0.724,98,0.31,93,23,2,0,0,1,0,"7/DH",0,0.1,15,57,54,7,15,2,0,2,7,0,0,2,2,0.278,0.298,0.426,0.724,98,0.31,93,23,2,0,0,1,0,0,"LF",36.2,1,12000000,12000000,6,1682
"Michael Conforto","SFG","2023",0.8,125,470,406,58,97,14,0,15,58,4,0,53,106,0.239,0.334,0.384,0.718,100,0.317,98,156,12,7,0,4,4,"97DH",0,0.8,125,470,406,58,97,14,0,15,58,4,0,53,106,0.239,0.334,0.384,0.718,100,0.317,98,156,12,7,0,4,4,1,"RF",30.4,2,36000000,18000000,0,1683
"Michael Conforto","SFG","2024",1.3,130,488,438,56,104,27,3,20,66,0,1,42,118,0.237,0.309,0.45,0.759,115,0.326,113,197,16,5,0,3,1,"7DH",0,1.3,130,488,438,56,104,27,3,20,66,0,1,42,118,0.237,0.309,0.45,0.759,115,0.326,113,197,16,5,0,3,1,1,"RF",31.4,2,36000000,18000000,1,1683
"Michael Conforto","LAD","2025",-0.7,138,486,418,54,83,20,0,12,36,1,0,56,121,0.199,0.305,0.333,0.637,81,0.289,79,139,12,9,0,3,0,"7H",0,-0.7,138,486,418,54,83,20,0,12,36,1,0,56,121,0.199,0.305,0.333,0.637,81,0.289,79,139,12,9,0,3,0,1,"LF",32.4,1,17000000,17000000,2,1684
"Michael Cuddyer","COL","2012",0.6,101,394,358,53,93,30,2,16,58,8,3,32,78,0.26,0.317,0.489,0.806,102,0.374,116,175,12,0,0,4,1,"93/H",0,0.6,101,394,358,53,93,30,2,16,58,8,3,32,78,0.26,0.317,0.489,0.806,102,0.374,116,175,12,0,0,4,1,1,NA,33.3,3,31500000,10500000,0.157,1685
"Michael Cuddyer","COL","2013",2.1,130,540,489,74,162,31,3,20,84,10,3,46,100,0.331,0.389,0.53,0.919,136,0.403,142,259,13,2,0,3,5,"93/HD",2,2.1,130,540,489,74,162,31,3,20,84,10,3,46,100,0.331,0.389,0.53,0.919,136,0.403,142,259,13,2,0,3,5,1,NA,34.3,3,31500000,10500000,1.157,1685
"Michael Cuddyer","COL","2014",1.6,49,205,190,32,63,15,1,10,31,3,0,14,30,0.332,0.376,0.579,0.955,148,0.426,160,110,5,0,0,1,0,"93/5H",0,1.6,49,205,190,32,63,15,1,10,31,3,0,14,30,0.332,0.376,0.579,0.955,148,0.426,160,110,5,0,0,1,0,1,NA,35.3,3,31500000,10500000,2.157,1685
"Michael Cuddyer","NYM","2015",0.6,117,408,379,44,98,18,1,10,41,2,0,24,88,0.259,0.309,0.391,0.699,93,0.327,102,148,13,4,0,1,0,"7H3/9D",0,0.6,117,408,379,44,98,18,1,10,41,2,0,24,88,0.259,0.309,0.391,0.699,93,0.327,102,148,13,4,0,1,0,1,NA,36.3,2,21000000,10500000,3.157,1686
"Michael Fulmer","CHC","2023",0,2,1,1,0,0,0,0,0,0,0,0,0,1,0,0,0,0,-100,0,-125,0,0,0,0,0,0,"1",0,0,2,1,1,0,0,0,0,0,0,0,0,0,1,0,0,0,0,-100,0,-125,0,0,0,0,0,0,1,"RP",30.4,1,4000000,4000000,0,1690
"Michael Hermosillo","CHC","2021",0,16,38,36,5,7,2,0,3,7,0,0,1,12,0.194,0.237,0.5,0.737,92,0.309,87,18,3,1,0,0,0,"/H987",0,0,16,38,36,5,7,2,0,3,7,0,0,1,12,0.194,0.237,0.5,0.737,92,0.309,87,18,3,1,0,0,0,1,"CF",26.6,1,575000,575000,1.016,1692
"Michael Hermosillo","CHC","2022",-0.4,31,73,61,7,7,2,0,0,4,1,0,7,27,0.115,0.25,0.148,0.398,15,0.221,25,9,0,4,1,0,0,"8/H97",0,-0.4,31,73,61,7,7,2,0,0,4,1,0,7,27,0.115,0.25,0.148,0.398,15,0.221,25,9,0,4,1,0,0,0,"CF",27.6,1,707000,707000,1.064,1693
"Michael Pineda","MIN","2019",-0.1,2,4,4,0,0,0,0,0,0,0,0,0,1,0,0,0,0,-100,0,-132,0,0,0,0,0,0,"1",0,-0.1,2,4,4,0,0,0,0,0,0,0,0,0,1,0,0,0,0,-100,0,-132,0,0,0,0,0,0,1,"SP",30.6,2,10000000,5000000,1,1698
"Michael Pineda","MIN","2021",-0.1,2,3,3,0,0,0,0,0,0,0,0,0,1,0,0,0,0,-100,0,-122,0,2,0,0,0,0,"1",0,-0.1,2,3,3,0,0,0,0,0,0,0,0,0,1,0,0,0,0,-100,0,-122,0,2,0,0,0,0,0,"SP",32.6,2,20000000,10000000,3,1699
"Michael Pineda","MIN","2021",-0.1,2,3,3,0,0,0,0,0,0,0,0,0,1,0,0,0,0,-100,0,-122,0,2,0,0,0,0,"1",0,-0.1,2,3,3,0,0,0,0,0,0,0,0,0,1,0,0,0,0,-100,0,-122,0,2,0,0,0,0,0,"SP",32.6,2,23663126.0031379,11831563.001569,4,1700
"Michael Saunders","2TM","2017",-1,73,234,218,26,44,9,2,6,21,0,1,15,55,0.202,0.256,0.344,0.6,57,0.258,47,75,2,1,0,0,2,"9H/7D",0,-1,73,234,218,26,44,9,2,6,21,0,1,15,55,0.202,0.256,0.344,0.6,57,0.258,47,75,2,1,0,0,2,1,"LF",30.8,1,9000000,9000000,0.138,1702
"Michael Wacha","TBR","2021",0,3,3,3,0,0,0,0,0,0,0,0,0,3,0,0,0,0,-100,0,-119,0,0,0,0,0,0,"1/H",0,0,3,3,3,0,0,0,0,0,0,0,0,0,3,0,0,0,0,-100,0,-119,0,0,0,0,0,0,1,"SP/SP5",30.1,1,3000000,3000000,1,1705
"Miguel Castro","ARI","2023",0,2,0,0,0,0,0,0,0,0,0,0,0,0,0,0,0,0,0,0,0,0,0,0,0,0,0,"1",0,0,2,0,0,0,0,0,0,0,0,0,0,0,0,0,0,0,0,0,0,0,0,0,0,0,0,0,1,"RP/SU7",28.7,1,3500000,3500000,0,1710
"Miguel Del Pozo","DET","2021",0,2,0,0,0,0,0,0,0,0,0,0,0,0,0,0,0,0,0,0,0,0,0,0,0,0,0,"/1",0,0,2,0,0,0,0,0,0,0,0,0,0,0,0,0,0,0,0,0,0,0,0,0,0,0,0,0,1,"RP",28.8,1,674990.669239509,674990.669239509,1,1713
"Miguel Gonzalez","CHW","2016",0,1,1,1,0,0,0,0,0,0,0,0,0,1,0,0,0,0,-100,0,-125,0,0,0,0,0,0,"1",0,0,1,1,1,0,0,0,0,0,0,0,0,0,1,0,0,0,0,-100,0,-125,0,0,0,0,0,0,1,"SP",32.2,1,672362.379948466,672362.379948466,4.095,1714
"Mike","KCR","2017",0,4,0,0,0,0,0,0,0,0,0,0,0,0,0,0,0,0,0,0,0,0,0,0,0,0,0,"1",0,0,4,0,0,0,0,0,0,0,0,0,0,0,0,0,0,0,0,0,0,0,0,0,0,0,0,0,1,"SP/SP1",29.7,2,7250000,3625000,5.138,1716
"Mike","TEX","2018",0.1,1,3,3,0,1,1,0,0,0,0,0,0,1,0.333,0.333,0.667,1,154,0.412,154,2,0,0,0,0,0,"1",0,0.1,1,3,3,0,1,1,0,0,0,0,0,0,1,0.333,0.333,0.667,1,154,0.412,154,2,0,0,0,0,0,1,"SP/SP1",30.7,3,28000000,9333333.33333333,6.138,1717
"Mike","TEX","2019",-0.2,4,10,9,0,0,0,0,0,0,0,0,0,6,0,0,0,0,-100,0,-168,0,0,0,1,0,0,"1/H",2,-0.2,4,10,9,0,0,0,0,0,0,0,0,0,6,0,0,0,0,-100,0,-168,0,0,0,1,0,0,1,"SP/SP1",31.7,3,28000000,9333333.33333333,7.138,1717
"Mike","KCR","2021",-0.1,3,7,7,0,0,0,0,0,0,0,0,0,4,0,0,0,0,-100,0,-129,0,0,0,0,0,0,"1",0,-0.1,3,7,7,0,0,0,0,0,0,0,0,0,4,0,0,0,0,-100,0,-129,0,0,0,0,0,0,1,"SP/SP1",33.7,2,18000000,9000000,9.138,1718
"Mike Gonzalez","MIL","2013",0,71,0,0,0,0,0,0,0,0,0,0,0,0,0,0,0,0,0,0,0,0,0,0,0,0,0,"1",0,0,71,0,0,0,0,0,0,0,0,0,0,0,0,0,0,0,0,0,0,0,0,0,0,0,0,0,1,"RP",35.2,1,2250000,2250000,0,1722
"Mike Morin","PHI","2019",0,25,0,0,0,0,0,0,0,0,0,0,0,0,0,0,0,0,0,0,0,0,0,0,0,0,0,"1",0,0,25,0,0,0,0,0,0,0,0,0,0,0,0,0,0,0,0,0,0,0,0,0,0,0,0,0,1,"RP",28.2,1,691688.341292727,691688.341292727,3.047,1724
"Mike Morse","SFG","2014",0.9,131,482,438,48,122,32,3,16,61,0,0,31,121,0.279,0.336,0.475,0.811,130,0.36,133,208,19,9,0,4,0,"73/HD",0,0.9,131,482,438,48,122,32,3,16,61,0,0,31,121,0.279,0.336,0.475,0.811,130,0.36,133,208,19,9,0,4,0,1,"LF/1B",32.4,1,6000000,6000000,0,1726
"Mike Morse","2TM","2015",-0.4,98,256,229,14,53,7,1,5,19,0,0,23,76,0.231,0.313,0.336,0.649,81,0.306,87,77,10,4,0,0,0,"3H/7D",0,-0.4,98,256,229,14,53,7,1,5,19,0,0,23,76,0.231,0.313,0.336,0.649,81,0.306,87,77,10,4,0,0,0,1,"LF/1B",33.4,2,16000000,8000000,1,1727
"Mike Morse","PIT","2016",-0.2,6,8,8,0,0,0,0,0,0,0,0,0,2,0,0,0,0,-100,0,-139,0,0,0,0,0,0,"/H3D",0,-0.2,6,8,8,0,0,0,0,0,0,0,0,0,2,0,0,0,0,-100,0,-139,0,0,0,0,0,0,1,"LF/1B",34.4,2,16000000,8000000,2,1727
"Mike Morse","SFG","2017",-0.6,24,40,36,1,7,1,0,1,3,0,0,3,14,0.194,0.25,0.306,0.556,46,0.245,36,11,1,0,0,1,0,"H3/7",0,-0.6,24,40,36,1,7,1,0,1,3,0,0,3,14,0.194,0.25,0.306,0.556,46,0.245,36,11,1,0,0,1,0,1,"LF",35.4,1,695958.90057858,695958.90057858,3,1728
"Mike Moustakas","2TM","2018",2.2,152,635,573,66,144,33,1,28,95,4,1,49,103,0.251,0.315,0.459,0.774,107,0.333,104,263,13,7,0,6,5,"5D/H3",0,2.2,152,635,573,66,144,33,1,28,95,4,1,49,103,0.251,0.315,0.459,0.774,107,0.333,104,263,13,7,0,6,5,0,"3B",29.9,1,6500000,6500000,6.111,1729
"Mike Moustakas","MIL","2019",2.8,143,584,523,80,133,30,1,35,87,3,0,53,98,0.254,0.329,0.516,0.845,114,0.361,117,270,12,6,0,2,5,"54/HD",1,2.8,143,584,523,80,133,30,1,35,87,3,0,53,98,0.254,0.329,0.516,0.845,114,0.361,117,270,12,6,0,2,5,0,"3B",30.9,1,10000000,10000000,7.111,1730
"Mike Moustakas","CIN","2020",0.1,44,163,139,13,32,9,0,8,27,1,0,18,36,0.23,0.331,0.468,0.799,105,0.347,103,65,5,4,0,2,1,"43/D5H",0,0.1,44,163,139,13,32,9,0,8,27,1,0,18,36,0.23,0.331,0.468,0.799,105,0.347,103,65,5,4,0,2,1,1,"3B",31.9,4,64000000,16000000,8.111,1731
"Mike Moustakas","CIN","2021",-1.1,62,206,183,21,38,12,0,6,22,0,0,18,46,0.208,0.282,0.372,0.653,68,0.284,59,68,6,2,0,3,0,"5H3/4",0,-1.1,62,206,183,21,38,12,0,6,22,0,0,18,46,0.208,0.282,0.372,0.653,68,0.284,59,68,6,2,0,3,0,1,"3B",32.9,4,64000000,16000000,9.111,1731
"Mike Moustakas","CIN","2022",-0.9,78,285,252,30,54,12,0,7,25,2,0,24,75,0.214,0.295,0.345,0.64,76,0.287,70,87,8,6,0,3,0,"D53/H",0,-0.9,78,285,252,30,54,12,0,7,25,2,0,24,75,0.214,0.295,0.345,0.64,76,0.287,70,87,8,6,0,3,0,1,"3B",33.9,4,64000000,16000000,10.111,1731
"Mike Moustakas","2TM","2023",-0.1,112,386,352,43,87,15,0,12,48,0,0,23,95,0.247,0.293,0.392,0.685,82,0.3,79,138,7,3,0,8,1,"53HD",0,-0.1,112,386,352,43,87,15,0,12,48,0,0,23,95,0.247,0.293,0.392,0.685,82,0.3,79,138,7,3,0,8,1,1,"3B",34.9,4,64000000,16000000,11.111,1731
"Mike Moustakas","2TM","2023",-0.1,112,386,352,43,87,15,0,12,48,0,0,23,95,0.247,0.293,0.392,0.685,82,0.3,79,138,7,3,0,8,1,"53HD",0,-0.1,112,386,352,43,87,15,0,12,48,0,0,23,95,0.247,0.293,0.392,0.685,82,0.3,79,138,7,3,0,8,1,1,"3B",34.9,1,720000,720000,11.111,1732
"Mike Napoli","BOS","2013",3.7,139,578,498,79,129,38,2,23,92,1,1,73,187,0.259,0.36,0.482,0.842,128,0.365,127,240,15,6,0,1,3,"3/DH",0,3.7,139,578,498,79,129,38,2,23,92,1,1,73,187,0.259,0.36,0.482,0.842,128,0.365,127,240,15,6,0,1,3,1,"1B/DH",31.8,1,5000000,5000000,6.151,1733
"Mike Napoli","BOS","2014",2.8,119,500,415,49,103,20,0,17,55,3,2,78,133,0.248,0.37,0.419,0.789,120,0.362,127,174,12,4,0,3,3,"3/DH",0,2.8,119,500,415,49,103,20,0,17,55,3,2,78,133,0.248,0.37,0.419,0.789,120,0.362,127,174,12,4,0,3,3,0,"1B/DH",32.8,2,32000000,16000000,7.151,1734
"Mike Napoli","2TM","2015",0.8,133,469,407,46,91,20,1,18,50,3,3,57,118,0.224,0.324,0.41,0.734,96,0.333,102,167,11,4,0,1,3,"3H7/D",0,0.8,133,469,407,46,91,20,1,18,50,3,3,57,118,0.224,0.324,0.41,0.734,96,0.333,102,167,11,4,0,1,3,0,"1B/DH",33.8,2,32000000,16000000,8.151,1734
"Mike Napoli","CLE","2016",1,150,645,557,92,133,22,1,34,101,5,1,78,194,0.239,0.335,0.465,0.8,106,0.348,106,259,15,5,0,5,2,"3D/H",0,1,150,645,557,92,133,22,1,34,101,5,1,78,194,0.239,0.335,0.465,0.8,106,0.348,106,259,15,5,0,5,2,1,"1B/DH",34.8,1,7000000,7000000,9.151,1735
"Mike Napoli","TEX","2017",-0.3,124,485,425,60,82,11,1,29,66,1,2,49,163,0.193,0.285,0.428,0.713,80,0.308,76,182,11,7,0,3,3,"3D/H",0,-0.3,124,485,425,60,82,11,1,29,66,1,2,49,163,0.193,0.285,0.428,0.713,80,0.308,76,182,11,7,0,3,3,1,"1B/DH",35.8,1,8500000,8500000,10.151,1736
"Mike Pelfrey","MIN","2013",0,1,1,1,0,0,0,0,0,0,0,0,0,1,0,0,0,0,-100,0,-136,0,0,0,0,0,0,"1",0,0,1,1,1,0,0,0,0,0,0,0,0,0,1,0,0,0,0,-100,0,-136,0,0,0,0,0,0,1,"RP",29.6,1,4000000,4000000,0,1738
"Mike Pelfrey","MIN","2015",0.1,2,3,3,0,2,0,0,0,0,0,0,0,1,0.667,0.667,0.667,1.333,271,0.564,279,2,0,0,0,0,0,"1",0,0.1,2,3,3,0,2,0,0,0,0,0,0,0,1,0.667,0.667,0.667,1.333,271,0.564,279,2,0,0,0,0,0,0,"RP",31.6,2,11000000,5500000,2,1739
"Mike Pelfrey","CHW","2017",0,1,0,0,0,0,0,0,0,0,0,0,0,0,0,0,0,0,0,0,0,0,0,0,0,0,0,"1",0,0,1,0,0,0,0,0,0,0,0,0,0,0,0,0,0,0,0,0,0,0,0,0,0,0,0,0,1,"RP",33.6,2,16000000,8000000,4,1740
"Mike Pelfrey","CHW","2017",0,1,0,0,0,0,0,0,0,0,0,0,0,0,0,0,0,0,0,0,0,0,0,0,0,0,0,"1",0,0,1,0,0,0,0,0,0,0,0,0,0,0,0,0,0,0,0,0,0,0,0,0,0,0,0,0,1,"RP",33.6,1,695958.90057858,695958.90057858,5,1741
"Mike Zunino","TBR","2021",3.7,109,375,333,64,72,11,2,33,62,0,0,34,132,0.216,0.301,0.559,0.86,136,0.365,138,186,7,7,0,1,0,"2/H",2,3.7,109,375,333,64,72,11,2,33,62,0,0,34,132,0.216,0.301,0.559,0.86,136,0.365,138,186,7,7,0,1,0,0,"C",30.4,1,3000000,3000000,6.165,1742
"Mike Zunino","CLE","2023",-0.6,42,140,124,11,22,7,0,3,11,0,0,15,61,0.177,0.271,0.306,0.578,60,0.258,56,38,3,1,0,0,0,"2",0,-0.6,42,140,124,11,22,7,0,3,11,0,0,15,61,0.177,0.271,0.306,0.578,60,0.258,56,38,3,1,0,0,0,1,"C",32.4,1,6000000,6000000,8.165,1743
"Mitch Moreland","BOS","2017",1.8,149,576,508,73,125,34,0,22,79,0,1,57,120,0.246,0.326,0.443,0.769,99,0.332,97,225,14,6,0,5,6,"3H/D1",0,1.8,149,576,508,73,125,34,0,22,79,0,1,57,120,0.246,0.326,0.443,0.769,99,0.332,97,225,14,6,0,5,6,1,"1B/DH",31.9,1,5500000,5500000,6.067,1744
"Mitch Moreland","BOS","2018",1.9,124,459,404,57,99,23,4,15,68,2,0,50,102,0.245,0.325,0.433,0.758,102,0.329,99,175,12,0,0,5,2,"3H/D",1,1.9,124,459,404,57,99,23,4,15,68,2,0,50,102,0.245,0.325,0.433,0.758,102,0.329,99,175,12,0,0,5,2,0,"1B/DH",32.9,2,13000000,6500000,7.067,1745
"Mitch Moreland","BOS","2019",1.2,91,335,298,48,75,17,1,19,58,1,0,34,74,0.252,0.328,0.507,0.835,111,0.355,112,151,12,1,0,2,0,"3H/D",0,1.2,91,335,298,48,75,17,1,19,58,1,0,34,74,0.252,0.328,0.507,0.835,111,0.355,112,151,12,1,0,2,0,0,"1B/DH",33.9,2,13000000,6500000,8.067,1745
"Mitch Moreland","2TM","2020",1.1,42,152,136,22,36,9,0,10,29,0,0,15,32,0.265,0.342,0.551,0.894,138,0.378,135,75,0,1,0,0,2,"3/HD",0,1.1,42,152,136,22,36,9,0,10,29,0,0,15,32,0.265,0.342,0.551,0.894,138,0.378,135,75,0,1,0,0,2,0,"1B/DH",34.9,1,3000000,3000000,9.067,1746
"Mitch Moreland","OAK","2021",0,81,252,229,28,52,11,1,10,30,0,0,18,58,0.227,0.286,0.415,0.701,94,0.301,92,95,5,2,0,3,0,"DH/31",0,0,81,252,229,28,52,11,1,10,30,0,0,18,58,0.227,0.286,0.415,0.701,94,0.301,92,95,5,2,0,3,0,1,"1B/DH",35.9,1,2250000,2250000,10.067,1747
"Mychal Givens","NYM","2022",0,1,0,0,0,0,0,0,0,0,0,0,0,0,0,0,0,0,0,0,0,0,0,0,0,0,0,"1/H",0,0,1,0,0,0,0,0,0,0,0,0,0,0,0,0,0,0,0,0,0,0,0,0,0,0,0,0,1,"RP",32.2,1,5000000,5000000,6.069,1748
"Nabil Crismatt","SDP","2021",-0.1,43,11,10,0,0,0,0,0,0,0,0,0,6,0,0,0,0,-100,0,-147,0,0,0,1,0,0,"1",0,-0.1,43,11,10,0,0,0,0,0,0,0,0,0,6,0,0,0,0,-100,0,-147,0,0,0,1,0,0,1,"RP",26.7,1,692146.435591784,692146.435591784,0,1750
"Nate Mclouth","BAL","2013",1.9,146,593,531,76,137,31,4,12,36,30,7,53,86,0.258,0.329,0.399,0.729,99,0.332,98,212,7,4,4,1,1,"7H/8D",0,1.9,146,593,531,76,137,31,4,12,36,30,7,53,86,0.258,0.329,0.399,0.729,99,0.332,98,212,7,4,4,1,1,0,"LF",31.8,1,2000000,2000000,0,1753
"Nate Mclouth","WSN","2014",-0.7,79,162,139,10,24,6,0,1,7,4,1,16,35,0.173,0.28,0.237,0.517,45,0.257,43,33,0,5,1,1,1,"H79/8D",0,-0.7,79,162,139,10,24,6,0,1,7,4,1,16,35,0.173,0.28,0.237,0.517,45,0.257,43,33,0,5,1,1,1,1,"LF",32.8,2,10750000,5375000,1,1754
"Nate Schierholtz","CHC","2013",1.7,137,503,462,56,116,32,3,21,68,6,3,29,94,0.251,0.301,0.47,0.77,109,0.341,109,217,6,6,1,5,3,"9H",0,1.7,137,503,462,56,116,32,3,21,68,6,3,29,94,0.251,0.301,0.47,0.77,109,0.341,109,217,6,6,1,5,3,1,"RF",29.5,1,2250000,2250000,0,1755
"Nathan Eovaldi","BOS","2019",0,1,2,2,0,0,0,0,0,0,0,0,0,1,0,0,0,0,-100,0,-140,0,0,0,0,0,0,"1",0,0,1,2,2,0,0,0,0,0,0,0,0,0,1,0,0,0,0,-100,0,-140,0,0,0,0,0,0,0,"SP/SP1",29.5,4,68000000,17000000,1,1758
"Nathan Eovaldi","BOS","2021",0,1,3,2,1,0,0,0,0,0,0,0,1,1,0,0.333,0,0.333,2,0.231,31,0,0,0,0,0,0,"1",3,0,1,3,2,1,0,0,0,0,0,0,0,1,1,0,0.333,0,0.333,2,0.231,31,0,0,0,0,0,0,0,"SP/SP1",31.5,4,68000000,17000000,3,1758
"Neal Cotts","2TM","2015",0,50,0,0,0,0,0,0,0,0,0,0,0,0,0,0,0,0,0,0,0,0,0,0,0,0,0,"1",0,0,50,0,0,0,0,0,0,0,0,0,0,0,0,0,0,0,0,0,0,0,0,0,0,0,0,0,1,"RP",35.4,1,3000000,3000000,0,1762
"Neftali Feliz","PIT","2016",0,57,0,0,0,0,0,0,0,0,0,0,0,0,0,0,0,0,0,0,0,0,0,0,0,0,0,"1",0,0,57,0,0,0,0,0,0,0,0,0,0,0,0,0,0,0,0,0,0,0,0,0,0,0,0,0,1,"RP",28.2,1,3900000,3900000,5.151,1764
"Neftali Feliz","2TM","2017",0,30,0,0,0,0,0,0,0,0,0,0,0,0,0,0,0,0,0,0,0,0,0,0,0,0,0,"1",0,0,30,0,0,0,0,0,0,0,0,0,0,0,0,0,0,0,0,0,0,0,0,0,0,0,0,0,1,"RP",29.2,1,5350000,5350000,6.151,1765
"Neil Walker","2TM","2017",1.8,111,448,385,59,102,21,2,14,49,0,2,55,77,0.265,0.362,0.439,0.801,112,0.348,114,169,9,5,1,2,2,"43/H5",0,1.8,111,448,385,59,102,21,2,14,49,0,2,55,77,0.265,0.362,0.439,0.801,112,0.348,114,169,9,5,1,2,2,0,"2B",31.9,1,17200000,17200000,6.166,1766
"Neil Walker","NYY","2018",-0.3,113,398,347,48,76,12,1,11,46,0,0,42,87,0.219,0.309,0.354,0.664,82,0.297,80,123,3,5,0,4,3,"3459H/D7",0,-0.3,113,398,347,48,76,12,1,11,46,0,0,42,87,0.219,0.309,0.354,0.664,82,0.297,80,123,3,5,0,4,3,1,"2B",32.9,1,4000000,4000000,7.166,1767
"Neil Walker","MIA","2019",0.4,115,381,337,37,88,19,1,8,38,3,0,42,77,0.261,0.344,0.395,0.738,96,0.327,97,133,8,1,0,1,1,"3H5/D4",0,0.4,115,381,337,37,88,19,1,8,38,3,0,42,77,0.261,0.344,0.395,0.738,96,0.327,97,133,8,1,0,1,1,1,"2B",33.9,1,2000000,2000000,8.166,1768
"Nelson Cruz","BAL","2014",4.5,159,678,613,87,166,32,2,40,108,4,5,55,140,0.271,0.333,0.525,0.859,137,0.377,141,322,17,5,0,5,8,"D79",2,4.5,159,678,613,87,166,32,2,40,108,4,5,55,140,0.271,0.333,0.525,0.859,137,0.377,141,322,17,5,0,5,8,1,"DH",34.1,1,8000000,8000000,0,1769
"Nelson Cruz","SEA","2015",5.1,152,655,590,90,178,22,1,44,93,3,2,59,164,0.302,0.369,0.566,0.936,159,0.399,161,334,6,5,0,1,9,"9D",2,5.1,152,655,590,90,178,22,1,44,93,3,2,59,164,0.302,0.369,0.566,0.936,159,0.399,161,334,6,5,0,1,9,1,"DH",35.1,4,57000000,14250000,1,1770
"Nelson Cruz","SEA","2016",4.9,155,667,589,96,169,27,1,43,105,2,0,62,159,0.287,0.36,0.555,0.915,147,0.392,152,327,15,9,0,7,5,"D9",2,4.9,155,667,589,96,169,27,1,43,105,2,0,62,159,0.287,0.36,0.555,0.915,147,0.392,152,327,15,9,0,7,5,1,"DH",36.1,4,57000000,14250000,2,1770
"Nelson Cruz","SEA","2017",4.2,155,645,556,91,160,28,0,39,119,1,1,70,140,0.288,0.375,0.549,0.924,149,0.388,148,305,15,12,0,7,7,"D/9H",2,4.2,155,645,556,91,160,28,0,39,119,1,1,70,140,0.288,0.375,0.549,0.924,149,0.388,148,305,15,12,0,7,7,1,"DH",37.1,4,57000000,14250000,3,1770
"Nelson Cruz","SEA","2018",2.9,144,591,519,70,133,18,1,37,97,1,0,55,122,0.256,0.342,0.509,0.85,135,0.36,132,264,15,14,0,3,5,"D/9H",1,2.9,144,591,519,70,133,18,1,37,97,1,0,55,122,0.256,0.342,0.509,0.85,135,0.36,132,264,15,14,0,3,5,1,"DH",38.1,4,57000000,14250000,4,1770
"Nelson Cruz","MIN","2019",4.4,120,521,454,81,141,26,0,41,108,0,1,56,131,0.311,0.392,0.639,1.031,168,0.418,165,290,14,7,0,3,8,"D/H",2,4.4,120,521,454,81,141,26,0,41,108,0,1,56,131,0.311,0.392,0.639,1.031,168,0.418,165,290,14,7,0,3,8,1,"DH",39.1,1,14300000,14300000,5,1771
"Nelson Cruz","MIN","2020",1.8,53,214,185,33,56,6,0,16,33,0,0,25,58,0.303,0.397,0.595,0.992,171,0.416,168,110,8,4,0,0,5,"D/H",2,1.8,53,214,185,33,56,6,0,16,33,0,0,25,58,0.303,0.397,0.595,0.992,171,0.416,168,110,8,4,0,0,5,0,"DH",40.1,1,17523486.9794877,17523486.9794877,6,1772
"Nelson Cruz","2TM","2021",2.5,140,584,513,79,136,21,1,32,86,3,0,51,126,0.265,0.334,0.497,0.832,129,0.353,127,255,14,7,0,9,10,"D/H3",1,2.5,140,584,513,79,136,21,1,32,86,3,0,51,126,0.265,0.334,0.497,0.832,129,0.353,127,255,14,7,0,9,10,0,"DH",41.1,1,13000000,13000000,7,1773
"Nelson Cruz","WSN","2022",0.1,124,507,448,50,105,16,0,10,64,4,0,49,119,0.234,0.313,0.337,0.651,89,0.301,92,151,16,4,0,3,1,"D/H",0,0.1,124,507,448,50,105,16,0,10,64,4,0,49,119,0.234,0.313,0.337,0.651,89,0.301,92,151,16,4,0,3,1,1,"DH",42.1,1,15000000,15000000,8,1774
"Nelson Cruz","SDP","2023",-0.4,49,152,143,9,35,5,1,5,23,1,0,6,46,0.245,0.283,0.399,0.681,86,0.297,81,57,2,2,0,1,1,"DH/3",0,-0.4,49,152,143,9,35,5,1,5,23,1,0,6,46,0.245,0.283,0.399,0.681,86,0.297,81,57,2,2,0,1,1,1,"DH",43.1,1,1000000,1000000,9,1775
"Nick Castellanos","CIN","2020",0,60,242,218,37,49,11,2,14,34,0,2,19,69,0.225,0.298,0.486,0.784,100,0.331,96,106,5,4,0,1,1,"9/DH",0,0,60,242,218,37,49,11,2,14,34,0,2,19,69,0.225,0.298,0.486,0.784,100,0.331,96,106,5,4,0,1,1,1,"DH/RF",28.4,4,64000000,16000000,6.029,1784
"Nick Castellanos","CIN","2021",3.1,138,585,531,95,164,38,1,34,100,3,1,41,121,0.309,0.362,0.576,0.939,138,0.398,140,306,16,7,0,6,5,"9/DH",2,3.1,138,585,531,95,164,38,1,34,100,3,1,41,121,0.309,0.362,0.576,0.939,138,0.398,140,306,16,7,0,6,5,1,"DH/RF",29.4,4,64000000,16000000,7.029,1784
"Nick Castellanos","PHI","2022",-0.1,136,558,524,56,138,27,0,13,62,7,1,29,130,0.263,0.305,0.389,0.694,96,0.312,96,204,15,3,0,2,0,"9D/7H",0,-0.1,136,558,524,56,138,27,0,13,62,7,1,29,130,0.263,0.305,0.389,0.694,96,0.312,96,204,15,3,0,2,0,1,"DH/RF",30.4,4,64000000,16000000,8.029,1784
"Nick Castellanos","PHI","2022",-0.1,136,558,524,56,138,27,0,13,62,7,1,29,130,0.263,0.305,0.389,0.694,96,0.312,96,204,15,3,0,2,0,"9D/7H",0,-0.1,136,558,524,56,138,27,0,13,62,7,1,29,130,0.263,0.305,0.389,0.694,96,0.312,96,204,15,3,0,2,0,1,"DH/RF",30.4,5,100000000,20000000,8.029,1785
"Nick Castellanos","PHI","2023",1.5,157,671,626,79,170,37,2,29,106,11,2,36,185,0.272,0.311,0.476,0.788,112,0.342,111,298,17,3,0,6,0,"9/DH",2,1.5,157,671,626,79,170,37,2,29,106,11,2,36,185,0.272,0.311,0.476,0.788,112,0.342,111,298,17,3,0,6,0,1,"DH/RF",31.4,4,64000000,16000000,9.029,1784
"Nick Castellanos","PHI","2023",1.5,157,671,626,79,170,37,2,29,106,11,2,36,185,0.272,0.311,0.476,0.788,112,0.342,111,298,17,3,0,6,0,"9/DH",2,1.5,157,671,626,79,170,37,2,29,106,11,2,36,185,0.272,0.311,0.476,0.788,112,0.342,111,298,17,3,0,6,0,1,"DH/RF",31.4,5,100000000,20000000,9.029,1785
"Nick Castellanos","PHI","2024",0.6,162,659,606,80,154,30,4,23,86,6,2,41,139,0.254,0.311,0.431,0.742,104,0.327,105,261,14,10,0,2,2,"9/D",0,0.6,162,659,606,80,154,30,4,23,86,6,2,41,139,0.254,0.311,0.431,0.742,104,0.327,105,261,14,10,0,2,2,1,"DH/RF",32.4,5,100000000,20000000,10.029,1785
"Nick Castellanos","PHI","2025",-0.8,147,589,547,72,137,27,2,17,72,4,0,32,133,0.25,0.294,0.4,0.694,87,0.309,87,219,13,4,0,6,0,"9/DH",0,-0.8,147,589,547,72,137,27,2,17,72,4,0,32,133,0.25,0.294,0.4,0.694,87,0.309,87,219,13,4,0,6,0,1,"DH/RF",33.4,5,100000000,20000000,11.029,1785
"Nick Hundley","COL","2015",1.8,103,389,366,45,110,21,5,10,43,5,6,21,76,0.301,0.339,0.467,0.807,104,0.359,111,171,8,1,0,1,0,"2/H",0,1.8,103,389,366,45,110,21,5,10,43,5,6,21,76,0.301,0.339,0.467,0.807,104,0.359,111,171,8,1,0,1,0,1,"C",31.9,2,6250000,3125000,6.059,1786
"Nick Hundley","COL","2016",0.1,83,317,289,30,75,20,1,10,48,0,0,25,65,0.26,0.32,0.439,0.759,88,0.337,88,127,12,1,1,1,3,"2/H",0,0.1,83,317,289,30,75,20,1,10,48,0,0,25,65,0.26,0.32,0.439,0.759,88,0.337,88,127,12,1,1,1,3,1,"C",32.9,2,6250000,3125000,7.059,1786
"Nick Hundley","SFG","2017",0.4,101,303,287,27,70,23,0,9,35,0,0,12,81,0.244,0.272,0.418,0.691,79,0.308,82,120,6,0,2,2,2,"2H/D",0,0.4,101,303,287,27,70,23,0,9,35,0,0,12,81,0.244,0.272,0.418,0.691,79,0.308,82,120,6,0,2,2,2,1,"C",33.9,1,2000000,2000000,8.059,1787
"Nick Hundley","SFG","2018",0.2,96,305,282,34,68,13,2,10,31,2,1,22,85,0.241,0.298,0.408,0.706,95,0.31,93,115,8,1,0,0,2,"2H/D",0,0.2,96,305,282,34,68,13,2,10,31,2,1,22,85,0.241,0.298,0.408,0.706,95,0.31,93,115,8,1,0,0,2,0,"C",34.9,1,2500000,2500000,9.059,1788
"Nick Markakis","ATL","2015",1.9,156,686,612,73,181,38,1,3,53,2,1,70,83,0.296,0.37,0.376,0.746,109,0.345,116,230,17,3,0,1,11,"9/D",0,1.9,156,686,612,73,181,38,1,3,53,2,1,70,83,0.296,0.37,0.376,0.746,109,0.345,116,230,17,3,0,1,11,1,"RF",31.8,4,44000000,11000000,0,1789
"Nick Markakis","ATL","2016",1.7,158,684,599,67,161,38,0,13,89,0,2,71,101,0.269,0.346,0.397,0.744,100,0.326,98,238,16,5,0,9,9,"9/DH3",0,1.7,158,684,599,67,161,38,0,13,89,0,2,71,101,0.269,0.346,0.397,0.744,100,0.326,98,238,16,5,0,9,9,1,"RF",32.8,4,44000000,11000000,1,1789
"Nick Markakis","ATL","2017",0.9,160,670,593,76,163,39,1,8,76,0,2,68,110,0.275,0.354,0.384,0.738,94,0.33,96,228,16,6,0,3,8,"9/HD",0,0.9,160,670,593,76,163,39,1,8,76,0,2,68,110,0.275,0.354,0.384,0.738,94,0.33,96,228,16,6,0,3,8,1,"RF",33.8,4,44000000,11000000,2,1789
"Nick Markakis","ATL","2018",2.6,162,705,623,78,185,43,2,14,93,1,1,72,80,0.297,0.366,0.44,0.806,116,0.352,115,274,18,1,0,9,10,"9/7D",2,2.6,162,705,623,78,185,43,2,14,93,1,1,72,80,0.297,0.366,0.44,0.806,116,0.352,115,274,18,1,0,9,10,1,"RF",34.8,4,44000000,11000000,3,1789
"Nick Markakis","ATL","2019",0.8,116,469,414,61,118,25,2,9,62,2,0,47,59,0.285,0.356,0.42,0.776,97,0.35,104,174,11,2,0,6,1,"9/7HD",0,0.8,116,469,414,61,118,25,2,9,62,2,0,47,59,0.285,0.356,0.42,0.776,97,0.35,104,174,11,2,0,6,1,0,"RF",35.8,1,6000000,6000000,4,1790
"Nick Markakis","ATL","2020",-0.2,37,141,130,15,33,15,0,1,15,0,1,10,23,0.254,0.312,0.392,0.704,85,0.317,88,51,5,1,0,0,0,"9/7HD",0,-0.2,37,141,130,15,33,15,0,1,15,0,1,10,23,0.254,0.312,0.392,0.704,85,0.317,88,51,5,1,0,0,0,0,"RF",36.8,1,4901674.67957698,4901674.67957698,5,1791
"Nick Martini","CIN","2023",0.2,29,79,72,10,19,3,1,6,16,0,0,5,15,0.264,0.329,0.583,0.912,137,0.382,135,42,1,2,0,0,0,"7HD/39",0,0.2,29,79,72,10,19,3,1,6,16,0,0,5,15,0.264,0.329,0.583,0.912,137,0.382,135,42,1,2,0,0,0,1,"RF",33.1,1,765889.986737186,765889.986737186,0,1795
"Nick Martini","CIN","2024",-0.4,52,163,146,23,31,4,2,5,24,1,3,9,38,0.212,0.272,0.37,0.641,73,0.293,82,54,1,4,0,3,0,"D9/7H",0,-0.4,52,163,146,23,31,4,2,5,24,1,3,9,38,0.212,0.272,0.37,0.641,73,0.293,82,54,1,4,0,3,0,0,"OF",34.1,1,771285.617101852,771285.617101852,1,1796
"Nick Martini","COL","2025",-0.2,43,111,102,9,23,4,0,1,4,0,0,9,18,0.225,0.288,0.294,0.582,58,0.267,52,30,1,0,0,0,1,"D9H/7",0,-0.2,43,111,102,9,23,4,0,1,4,0,0,9,18,0.225,0.288,0.294,0.582,58,0.267,52,30,1,0,0,0,1,1,"OF",35.1,1,850000,850000,2,1797
"Nick Punto","OAK","2014",0.7,73,224,198,21,41,7,2,2,14,3,1,25,56,0.207,0.296,0.293,0.589,70,0.285,74,58,5,0,1,0,0,"4H6/59D",0,0.7,73,224,198,21,41,7,2,2,14,3,1,25,56,0.207,0.296,0.293,0.589,70,0.285,74,58,5,0,1,0,0,1,"SS",36.8,1,3000000,3000000,2.051,1800
"Nick Ramirez","DET","2019",0,3,1,1,0,0,0,0,0,0,0,0,0,1,0,0,0,0,-100,0,-123,0,0,0,0,0,0,"1",0,0,3,1,1,0,0,0,0,0,0,0,0,0,1,0,0,0,0,-100,0,-123,0,0,0,0,0,0,1,"RP",30,1,691688.341292727,691688.341292727,0,1802
"Niko Goodrum","DET","2018",0.9,131,492,444,55,109,29,3,16,53,12,4,42,132,0.245,0.315,0.432,0.747,100,0.331,100,192,9,4,0,2,1,"43675H/9D",0,0.9,131,492,444,55,109,29,3,16,53,12,4,42,132,0.245,0.315,0.432,0.747,100,0.331,100,192,9,4,0,2,1,1,"2B",26.4,1,694114.573020403,694114.573020403,0,1807
"Niko Goodrum","DET","2020",0.1,43,179,158,15,29,7,1,5,20,7,1,18,69,0.184,0.263,0.335,0.598,63,0.268,56,53,4,0,0,3,0,"64/H",0,0.1,43,179,158,15,29,7,1,5,20,7,1,18,69,0.184,0.263,0.335,0.598,63,0.268,56,53,4,0,0,3,0,0,"SS",28.4,1,855587.315320162,855587.315320162,1,1808
"Niko Goodrum","DET","2021",-0.2,90,325,290,39,62,11,2,9,33,14,5,29,107,0.214,0.292,0.359,0.651,81,0.292,82,104,6,4,0,2,0,"6H/4873D",0,-0.2,90,325,290,39,62,11,2,9,33,14,5,29,107,0.214,0.292,0.359,0.651,81,0.292,82,104,6,4,0,2,0,0,"2B",29.4,1,2484628.23032948,2484628.23032948,2,1809
"Niko Goodrum","HOU","2022",-0.2,15,45,43,2,5,2,0,0,1,1,0,2,23,0.116,0.156,0.163,0.318,-8,0.17,-7,7,0,0,0,0,0,"4/3DH",0,-0.2,15,45,43,2,5,2,0,0,1,1,0,2,23,0.116,0.156,0.163,0.318,-8,0.17,-7,7,0,0,0,0,0,1,"2B",30.4,1,2100000,2100000,3,1810
"Niko Goodrum","2TM","2024",-0.8,13,33,29,2,3,0,0,0,0,1,1,3,10,0.103,0.188,0.103,0.291,-13,0.168,0,3,0,0,1,0,0,"/7H3546",0,-0.8,13,33,29,2,3,0,0,0,0,1,1,3,10,0.103,0.188,0.103,0.291,-13,0.168,0,3,0,0,1,0,0,1,"2B",32.4,1,874123.699382099,874123.699382099,4,1811
"Oliver Perez","ARI","2014",0,65,0,0,0,0,0,0,0,0,0,0,0,0,0,0,0,0,0,0,0,0,0,0,0,0,0,"1",0,0,65,0,0,0,0,0,0,0,0,0,0,0,0,0,0,0,0,0,0,0,0,0,0,0,0,0,1,NA,33,2,4250000,2125000,0,1814
"Oliver Perez","2TM","2015",0,46,0,0,0,0,0,0,0,0,0,0,0,0,0,0,0,0,0,0,0,0,0,0,0,0,0,"1",0,0,46,0,0,0,0,0,0,0,0,0,0,0,0,0,0,0,0,0,0,0,0,0,0,0,0,0,1,NA,34,2,4250000,2125000,1,1814
"Oliver Perez","WSN","2016",0.2,59,3,3,1,2,1,0,0,0,0,0,0,0,0.667,0.667,1,1.667,332,1.016,597,3,0,0,0,0,0,"1",0,0.2,59,3,3,1,2,1,0,0,0,0,0,0,0,0.667,0.667,1,1.667,332,1.016,597,3,0,0,0,0,0,1,NA,35,2,7000000,3500000,2,1815
"Oliver Perez","WSN","2017",0,47,0,0,0,0,0,0,0,0,0,0,0,0,0,0,0,0,0,0,0,0,0,0,0,0,0,"1",0,0,47,0,0,0,0,0,0,0,0,0,0,0,0,0,0,0,0,0,0,0,0,0,0,0,0,0,1,NA,36,2,7000000,3500000,3,1815
"Oliver Perez","WSN","2017",0,47,0,0,0,0,0,0,0,0,0,0,0,0,0,0,0,0,0,0,0,0,0,0,0,0,0,"1",0,0,47,0,0,0,0,0,0,0,0,0,0,0,0,0,0,0,0,0,0,0,0,0,0,0,0,0,0,"RP",36,2,9106004.30663563,4553002.15331781,4,1816
"Oliver Perez","CLE","2018",0,4,0,0,0,0,0,0,0,0,0,0,0,0,0,0,0,0,0,0,0,0,0,0,0,0,0,"1",0,0,4,0,0,0,0,0,0,0,0,0,0,0,0,0,0,0,0,0,0,0,0,0,0,0,0,0,0,"RP",37,2,9106004.30663563,4553002.15331781,5,1816
"Oliver Perez","CLE","2019",0,1,0,0,0,0,0,0,0,0,0,0,0,0,0,0,0,0,0,0,0,0,0,0,0,0,0,"1",0,0,1,0,0,0,0,0,0,0,0,0,0,0,0,0,0,0,0,0,0,0,0,0,0,0,0,0,0,NA,38,1,2500000,2500000,6,1817
"Omar Infante","2TM","2012",2.6,149,588,554,69,152,30,7,12,53,17,3,21,65,0.274,0.3,0.419,0.719,91,0.319,86,232,9,1,8,4,0,"4/5H",0,2.6,149,588,554,69,152,30,7,12,53,17,3,21,65,0.274,0.3,0.419,0.719,91,0.319,86,232,9,1,8,4,0,0,"2B",30.6,2,8000000,4000000,1.027,1818
"Omar Infante","DET","2013",2.6,118,476,453,54,144,24,3,10,51,5,2,20,44,0.318,0.345,0.45,0.795,115,0.353,116,204,11,0,0,3,1,"4/H",0,2.6,118,476,453,54,144,24,3,10,51,5,2,20,44,0.318,0.345,0.45,0.795,115,0.353,116,204,11,0,0,3,1,0,"2B",31.6,2,8000000,4000000,2.027,1818
"Omar Infante","KCR","2014",0.5,135,575,528,50,133,21,3,6,66,9,3,33,68,0.252,0.295,0.337,0.632,76,0.286,69,178,7,2,5,7,3,"4/H",0,0.5,135,575,528,50,133,21,3,6,66,9,3,33,68,0.252,0.295,0.337,0.632,76,0.286,69,178,7,2,5,7,3,1,"2B",32.6,4,30250000,7562500,3.027,1819
"Omar Infante","KCR","2015",-0.5,124,455,440,39,97,23,7,2,44,2,2,9,69,0.22,0.234,0.318,0.552,48,0.249,41,140,8,0,2,4,0,"4/H",0,-0.5,124,455,440,39,97,23,7,2,44,2,2,9,69,0.22,0.234,0.318,0.552,48,0.249,41,140,8,0,2,4,0,1,"2B",33.6,4,30250000,7562500,4.027,1819
"Omar Infante","KCR","2016",-0.4,39,149,134,16,32,9,1,0,11,0,0,9,23,0.239,0.279,0.321,0.6,61,0.27,55,43,0,0,2,4,0,"4",0,-0.4,39,149,134,16,32,9,1,0,11,0,0,9,23,0.239,0.279,0.321,0.6,61,0.27,55,43,0,0,2,4,0,1,"2B",34.6,4,30250000,7562500,5.027,1819
"Omar Narvaez","NYM","2023",-0.1,49,146,128,12,27,5,0,2,7,0,0,14,27,0.211,0.283,0.297,0.58,62,0.266,62,38,1,0,1,3,0,"2/H",0,-0.1,49,146,128,12,27,5,0,2,7,0,0,14,27,0.211,0.283,0.297,0.58,62,0.266,62,38,1,0,1,3,0,1,"C",31.5,2,15000000,7500000,0,1820
"Omar Narvaez","NYM","2024",-0.9,28,69,65,4,10,2,0,0,5,0,0,3,12,0.154,0.191,0.185,0.376,8,0.172,-2,12,2,0,1,0,0,"2",0,-0.9,28,69,65,4,10,2,0,0,5,0,0,3,12,0.154,0.191,0.185,0.376,8,0.172,-2,12,2,0,1,0,0,1,"C",32.5,2,15000000,7500000,1,1820
"Omar Narvaez","CHW","2025",0,4,10,7,1,2,0,0,0,3,0,0,2,1,0.286,0.4,0.286,0.686,98,0.305,93,2,0,0,0,1,0,"/2",0,0,4,10,7,1,2,0,0,0,3,0,0,2,1,0.286,0.4,0.286,0.686,98,0.305,93,2,0,0,0,1,0,1,"C",33.5,1,850000,850000,2,1821
"Pablo Reyes","BOS","2023",0.4,64,185,167,27,48,9,0,2,20,7,2,14,21,0.287,0.339,0.377,0.716,94,0.329,99,63,3,0,2,2,0,"64H/513D",0,0.4,64,185,167,27,48,9,0,2,20,7,2,14,21,0.287,0.339,0.377,0.716,94,0.329,99,63,3,0,2,2,0,1,"LF",29.9,1,765889.986737186,765889.986737186,0,1822
"Pablo Reyes","NYY","2025",-0.5,24,34,31,4,6,1,0,0,2,1,0,2,10,0.194,0.242,0.226,0.468,33,0.221,24,7,0,0,1,0,0,"H/94517D",0,-0.5,24,34,31,4,6,1,0,0,2,1,0,2,10,0.194,0.242,0.226,0.468,33,0.221,24,7,0,0,1,0,0,1,"2B",31.9,1,900000,900000,1,1823
"Pablo Sandoval","BOS","2015",-0.5,126,505,470,43,115,25,1,10,47,0,0,25,73,0.245,0.292,0.366,0.658,75,0.297,73,172,14,7,1,2,1,"5/H",0,-0.5,126,505,470,43,115,25,1,10,47,0,0,25,73,0.245,0.292,0.366,0.658,75,0.297,73,172,14,7,1,2,1,1,"3B",29,5,95000000,19000000,6.047,1824
"Pablo Sandoval","BOS","2016",-0.2,3,7,6,0,0,0,0,0,0,0,0,1,4,0,0.143,0,0.143,-57,0.099,-72,0,0,0,0,0,0,"/5H",0,-0.2,3,7,6,0,0,0,0,0,0,0,0,1,4,0,0.143,0,0.143,-57,0.099,-72,0,0,0,0,0,0,1,"3B",30,5,95000000,19000000,7.047,1824
"Pablo Sandoval","2TM","2017",-1.3,79,279,259,27,57,11,0,9,32,0,1,16,53,0.22,0.265,0.367,0.632,64,0.277,60,95,11,1,0,3,0,"5/3HD4",0,-1.3,79,279,259,27,57,11,0,9,32,0,1,16,53,0.22,0.265,0.367,0.632,64,0.277,60,95,11,1,0,3,0,1,"3B",31,5,95000000,19000000,8.047,1824
"Pablo Sandoval","SFG","2018",0,92,252,230,22,57,10,1,9,40,0,0,19,52,0.248,0.31,0.417,0.727,101,0.322,102,96,9,2,0,1,2,"5H3/D41",0,0,92,252,230,22,57,10,1,9,40,0,0,19,52,0.248,0.31,0.417,0.727,101,0.322,102,96,9,2,0,1,2,1,"3B",32,5,95000000,19000000,9.047,1824
"Pablo Sandoval","SFG","2019",1.4,108,296,272,42,73,23,0,14,41,1,0,18,67,0.268,0.313,0.507,0.82,113,0.351,117,138,8,1,2,3,2,"H53/D1",0,1.4,108,296,272,42,73,23,0,14,41,1,0,18,67,0.268,0.313,0.507,0.82,113,0.351,117,138,8,1,2,3,2,1,"3B",33,5,95000000,19000000,10.047,1824
"Pablo Sandoval","ATL","2021",-0.2,69,86,73,11,13,0,0,4,11,0,0,11,25,0.178,0.302,0.342,0.645,71,0.293,71,25,2,2,0,0,0,"H/D35",0,-0.2,69,86,73,11,13,0,0,4,11,0,0,11,25,0.178,0.302,0.342,0.645,71,0.293,71,25,2,2,0,0,0,1,"3B",35,1,1000000,1000000,12.042,1825
"Pat Neshek","STL","2014",0,67,0,0,0,0,0,0,0,0,0,0,0,0,0,0,0,0,0,0,0,0,0,0,0,0,0,"1",1,0,67,0,0,0,0,0,0,0,0,0,0,0,0,0,0,0,0,0,0,0,0,0,0,0,0,0,1,"RP",33.9,1,1000000,1000000,0,1826
"Pat Neshek","HOU","2015",0,5,0,0,0,0,0,0,0,0,0,0,0,0,0,0,0,0,0,0,0,0,0,0,0,0,0,"1",0,0,5,0,0,0,0,0,0,0,0,0,0,0,0,0,0,0,0,0,0,0,0,0,0,0,0,0,1,"RP",34.9,2,12500000,6250000,1,1827
"Pat Neshek","HOU","2016",0,4,0,0,0,0,0,0,0,0,0,0,0,0,0,0,0,0,0,0,0,0,0,0,0,0,0,"1",0,0,4,0,0,0,0,0,0,0,0,0,0,0,0,0,0,0,0,0,0,0,0,0,0,0,0,0,1,"RP",35.9,2,12500000,6250000,2,1827
"Pat Neshek","2TM","2017",0,66,0,0,0,0,0,0,0,0,0,0,0,0,0,0,0,0,0,0,0,0,0,0,0,0,0,"1",1,0,66,0,0,0,0,0,0,0,0,0,0,0,0,0,0,0,0,0,0,0,0,0,0,0,0,0,1,"RP",36.9,2,16260721.9761351,8130360.98806753,3,1828
"Pat Neshek","PHI","2018",0,29,0,0,0,0,0,0,0,0,0,0,0,0,0,0,0,0,0,0,0,0,0,0,0,0,0,"1",0,0,29,0,0,0,0,0,0,0,0,0,0,0,0,0,0,0,0,0,0,0,0,0,0,0,0,0,1,"RP",37.9,2,16260721.9761351,8130360.98806753,4,1828
"Pat Neshek","PHI","2018",0,29,0,0,0,0,0,0,0,0,0,0,0,0,0,0,0,0,0,0,0,0,0,0,0,0,0,"1",0,0,29,0,0,0,0,0,0,0,0,0,0,0,0,0,0,0,0,0,0,0,0,0,0,0,0,0,1,"RP",37.9,2,16200000,8100000,5,1829
"Pat Neshek","PHI","2019",0,20,0,0,0,0,0,0,0,0,0,0,0,0,0,0,0,0,0,0,0,0,0,0,0,0,0,"1",0,0,20,0,0,0,0,0,0,0,0,0,0,0,0,0,0,0,0,0,0,0,0,0,0,0,0,0,1,"RP",38.9,2,16200000,8100000,6,1829
"Pat Neshek","PHI","2019",0,20,0,0,0,0,0,0,0,0,0,0,0,0,0,0,0,0,0,0,0,0,0,0,0,0,0,"1",0,0,20,0,0,0,0,0,0,0,0,0,0,0,0,0,0,0,0,0,0,0,0,0,0,0,0,0,0,"RP",38.9,2,20252136.1189312,10126068.0594656,7,1830
"Pat Venditte","LAD","2018",0,14,0,0,0,0,0,0,0,0,0,0,0,0,0,0,0,0,0,0,0,0,0,0,0,0,0,"1",0,0,14,0,0,0,0,0,0,0,0,0,0,0,0,0,0,0,0,0,0,0,0,0,0,0,0,0,1,"RP",33.1,1,694114.573020403,694114.573020403,1.017,1831
"Pat Venditte","SFG","2019",0,2,0,0,0,0,0,0,0,0,0,0,0,0,0,0,0,0,0,0,0,0,0,0,0,0,0,"/1",0,0,2,0,0,0,0,0,0,0,0,0,0,0,0,0,0,0,0,0,0,0,0,0,0,0,0,0,1,"RP",34.1,1,585000,585000,1.084,1832
"Patrick Corbin","WSN","2019",-0.2,31,72,65,3,6,1,0,0,4,0,0,3,27,0.092,0.132,0.108,0.24,-36,0.127,-60,7,0,0,4,0,0,"1",2,-0.2,31,72,65,3,6,1,0,0,4,0,0,3,27,0.092,0.132,0.108,0.24,-36,0.127,-60,7,0,0,4,0,0,1,"SP/SP2",30.1,6,140000000,23333333.3333333,0,1834
"Patrick Corbin","WSN","2021",0.1,28,63,53,1,7,0,0,0,0,0,0,3,24,0.132,0.179,0.132,0.311,-12,0.146,-40,7,0,0,7,0,0,"1",0,0.1,28,63,53,1,7,0,0,0,0,0,0,3,24,0.132,0.179,0.132,0.311,-12,0.146,-40,7,0,0,7,0,0,1,"SP/SP2",32.1,6,140000000,23333333.3333333,2,1834
"Paul Dejong","2TM","2024",0.9,139,482,445,54,101,17,0,24,56,2,2,23,156,0.227,0.276,0.427,0.703,97,0.304,95,190,9,9,0,5,0,"65H/D",0,0.9,139,482,445,54,101,17,0,24,56,2,2,23,156,0.227,0.276,0.427,0.703,97,0.304,95,190,9,9,0,5,0,1,"SS",30,1,1750000,1750000,0,1836
"Paul Dejong","WSN","2025",-0.1,57,208,193,18,44,10,0,6,23,4,0,11,70,0.228,0.269,0.373,0.642,81,0.283,75,72,3,1,0,3,0,"546/D3H",0,-0.1,57,208,193,18,44,10,0,6,23,4,0,11,70,0.228,0.269,0.373,0.642,81,0.283,75,72,3,1,0,3,0,1,"SS",31,1,1000000,1000000,1,1837
"Paul Sewald","SEA","2021",0,6,0,0,0,0,0,0,0,0,0,0,0,0,0,0,0,0,0,0,0,0,0,0,0,0,0,"1",0,0,6,0,0,0,0,0,0,0,0,0,0,0,0,0,0,0,0,0,0,0,0,0,0,0,0,0,1,"RP/CL",31.2,1,674990.669239509,674990.669239509,0,1838
"Paul Sewald","2TM","2023",0,2,0,0,0,0,0,0,0,0,0,0,0,0,0,0,0,0,0,0,0,0,0,0,0,0,0,"1",0,0,2,0,0,0,0,0,0,0,0,0,0,0,0,0,0,0,0,0,0,0,0,0,0,0,0,0,1,"RP/CL",33.2,1,4361317.9800312,4361317.9800312,1,1839
"Paul Sewald","ARI","2024",0,1,0,0,0,0,0,0,0,0,0,0,0,0,0,0,0,0,0,0,0,0,0,0,0,0,0,"1",0,0,1,0,0,0,0,0,0,0,0,0,0,0,0,0,0,0,0,0,0,0,0,0,0,0,0,0,0,"RP",34.2,1,7558599.04759815,7558599.04759815,2,1840
"Pedro Alvarez","BAL","2016",0.9,109,376,337,43,84,20,0,22,49,1,0,37,97,0.249,0.322,0.504,0.826,117,0.35,114,170,6,0,0,2,1,"DH5",0,0.9,109,376,337,43,84,20,0,22,49,1,0,37,97,0.249,0.322,0.504,0.826,117,0.35,114,170,6,0,0,2,1,1,"1B",29.5,1,5750000,5750000,5.085,1842
"Pedro Alvarez","BAL","2017",0.1,14,34,32,4,10,1,0,1,4,0,0,2,10,0.313,0.353,0.438,0.79,113,0.368,131,14,0,0,0,0,0,"/DH3",0,0.1,14,34,32,4,10,1,0,1,4,0,0,2,10,0.313,0.353,0.438,0.79,113,0.368,131,14,0,0,0,0,0,0,"1B",30.5,1,2000000,2000000,6.085,1843
"Pedro Alvarez","BAL","2018",-0.1,45,127,111,18,20,2,0,8,18,0,0,16,36,0.18,0.283,0.414,0.698,90,0.309,91,46,2,0,0,0,0,"DH/53",0,-0.1,45,127,111,18,20,2,0,8,18,0,0,16,36,0.18,0.283,0.414,0.698,90,0.309,91,46,2,0,0,0,0,0,"1B",31.5,1,1000000,1000000,6.116,1844
"Pete Kozma","DET","2018",0.3,27,73,69,7,15,4,1,1,8,0,1,2,15,0.217,0.236,0.348,0.584,56,0.277,68,24,2,0,1,1,0,"6/54HD",0,0.3,27,73,69,7,15,4,1,1,8,0,1,2,15,0.217,0.236,0.348,0.584,56,0.277,68,24,2,0,1,1,0,1,"SS/2B",30.3,1,694114.573020403,694114.573020403,3.049,1845
"Pete Kozma","OAK","2021",0.2,3,12,11,0,1,0,0,0,0,0,0,1,4,0.091,0.167,0.091,0.258,-24,0.207,25,1,0,0,0,0,0,"/6",0,0.2,3,12,11,0,1,0,0,0,0,0,0,1,4,0.091,0.167,0.091,0.258,-24,0.207,25,1,0,0,0,0,0,1,"SS/2B",33.3,1,674990.669239509,674990.669239509,3.094,1846
"Peter Moylan","LAD","2013",0,14,0,0,0,0,0,0,0,0,0,0,0,0,0,0,0,0,0,0,0,0,0,0,0,0,0,"1",0,0,14,0,0,0,0,0,0,0,0,0,0,0,0,0,0,0,0,0,0,0,0,0,0,0,0,0,1,"RP",34.7,1,687482.955954937,687482.955954937,0,1847
"Peter Moylan","ATL","2015",0,22,0,0,0,0,0,0,0,0,0,0,0,0,0,0,0,0,0,0,0,0,0,0,0,0,0,"1",0,0,22,0,0,0,0,0,0,0,0,0,0,0,0,0,0,0,0,0,0,0,0,0,0,0,0,0,1,"RP",36.7,1,687225.311355765,687225.311355765,1,1848
"Peter Moylan","KCR","2016",0,1,0,0,0,0,0,0,0,0,0,0,0,0,0,0,0,0,0,0,0,0,0,0,0,0,0,"1",0,0,1,0,0,0,0,0,0,0,0,0,0,0,0,0,0,0,0,0,0,0,0,0,0,0,0,0,1,"RP",37.7,1,672362.379948466,672362.379948466,2,1849
"Peter Moylan","KCR","2017",0,7,0,0,0,0,0,0,0,0,0,0,0,0,0,0,0,0,0,0,0,0,0,0,0,0,0,"1",0,0,7,0,0,0,0,0,0,0,0,0,0,0,0,0,0,0,0,0,0,0,0,0,0,0,0,0,0,"RP",38.7,1,1000000,1000000,3,1850
"Peter Moylan","ATL","2018",0,36,0,0,0,0,0,0,0,0,0,0,0,0,0,0,0,0,0,0,0,0,0,0,0,0,0,"1",0,0,36,0,0,0,0,0,0,0,0,0,0,0,0,0,0,0,0,0,0,0,0,0,0,0,0,0,1,"RP",39.7,1,575000,575000,4,1851
"Phil Maton","STL","2025",0,1,0,0,0,0,0,0,0,0,0,0,0,0,0,0,0,0,0,0,0,0,0,0,0,0,0,"1",0,0,1,0,0,0,0,0,0,0,0,0,0,0,0,0,0,0,0,0,0,0,0,0,0,0,0,0,1,"RP",31,1,2000000,2000000,1,1853
"Quintin Berry","CHC","2015",0,8,1,1,1,0,0,0,0,0,2,1,0,1,0,0,0,0,-100,0.014,-127,0,0,0,0,0,0,"/H789",0,0,8,1,1,1,0,0,0,0,0,2,1,0,1,0,0,0,0,-100,0.014,-127,0,0,0,0,0,0,1,"LF",30.8,1,687225.311355765,687225.311355765,0,1857
"Quintin Berry","MIL","2017",-0.1,7,3,3,0,0,0,0,0,0,2,1,0,2,0,0,0,0,-100,-0.009,-143,0,0,0,0,0,0,"/H78",0,-0.1,7,3,3,0,0,0,0,0,0,2,1,0,2,0,0,0,0,-100,-0.009,-143,0,0,0,0,0,0,1,"LF",32.8,1,695958.90057858,695958.90057858,1,1858
"Rafael Furcal","STL","2012",1.3,121,531,477,69,126,18,3,5,49,12,4,44,57,0.264,0.325,0.346,0.671,85,0.309,84,165,7,1,5,4,1,"6/H",1,1.3,121,531,477,69,126,18,3,5,49,12,4,44,57,0.264,0.325,0.346,0.671,85,0.309,84,165,7,1,5,4,1,0,"SS/2B",34.8,2,14000000,7000000,2,1862
"Rafael Furcal","MIA","2014",-0.1,9,37,35,4,6,0,1,0,2,0,0,2,7,0.171,0.216,0.229,0.445,25,0.229,29,8,1,0,0,0,0,"/4H",0,-0.1,9,37,35,4,6,0,1,0,2,0,0,2,7,0.171,0.216,0.229,0.445,25,0.229,29,8,1,0,0,0,0,1,"SS/2B",36.8,1,3500000,3500000,4,1863
"Rafael Montero","TEX","2019",0,1,0,0,0,0,0,0,0,0,0,0,0,0,0,0,0,0,0,0,0,0,0,0,0,0,0,"1",0,0,1,0,0,0,0,0,0,0,0,0,0,0,0,0,0,0,0,0,0,0,0,0,0,0,0,0,1,"RP/SU8",28.8,1,691688.341292727,691688.341292727,0,1864
"Rafael Montero","2TM","2021",0,3,0,0,0,0,0,0,0,0,0,0,0,0,0,0,0,0,0,0,0,0,0,0,0,0,0,"1",0,0,3,0,0,0,0,0,0,0,0,0,0,0,0,0,0,0,0,0,0,0,0,0,0,0,0,0,1,"RP",30.8,1,2662101.67535301,2662101.67535301,1,1865
"Rafael Montero","HOU","2023",0,1,0,0,0,0,0,0,0,0,0,0,0,0,0,0,0,0,0,0,0,0,0,0,0,0,0,"1",0,0,1,0,0,0,0,0,0,0,0,0,0,0,0,0,0,0,0,0,0,0,0,0,0,0,0,0,0,"RP/SU8",32.8,3,34500000,11500000,3,1867
"Rafael Ortega","NYM","2023",0.2,47,136,114,16,25,3,0,1,8,6,1,20,33,0.219,0.341,0.272,0.613,74,0.303,83,31,0,1,1,0,0,"87/H9D",0,0.2,47,136,114,16,25,3,0,1,8,6,1,20,33,0.219,0.341,0.272,0.613,74,0.303,83,31,0,1,1,0,0,1,"DH/CF",32.2,1,765889.986737186,765889.986737186,0,1868
"Rafael Ortega","CHW","2024",-0.2,14,17,14,4,1,0,0,0,1,2,0,2,4,0.071,0.176,0.071,0.248,-25,0.21,7,1,1,0,0,1,0,"8/H9D",0,-0.2,14,17,14,4,1,0,0,0,1,2,0,2,4,0.071,0.176,0.071,0.248,-25,0.21,7,1,1,0,0,1,0,1,"DH",33.2,1,761001.808873827,761001.808873827,1,1869
"Rajai Davis","DET","2014",1.6,134,494,461,64,130,27,2,8,51,36,11,22,75,0.282,0.32,0.401,0.721,103,0.335,104,185,7,5,3,3,0,"78H/D",0,1.6,134,494,461,64,130,27,2,8,51,36,11,22,75,0.282,0.32,0.401,0.721,103,0.335,104,185,7,5,3,3,0,1,"CF",33.8,2,10000000,5000000,2.043,1870
"Rajai Davis","DET","2015",1.5,112,370,341,55,88,16,11,8,30,18,8,22,76,0.258,0.306,0.44,0.746,103,0.33,104,150,5,3,1,3,0,"87H9/D",0,1.5,112,370,341,55,88,16,11,8,30,18,8,22,76,0.258,0.306,0.44,0.746,103,0.33,104,150,5,3,1,3,0,1,"CF",34.8,2,10000000,5000000,3.043,1870
"Rajai Davis","CLE","2016",0.9,134,495,454,74,113,23,2,12,48,43,6,33,106,0.249,0.306,0.388,0.693,80,0.326,80,176,9,5,1,2,0,"87H/9D",0,0.9,134,495,454,74,113,23,2,12,48,43,6,33,106,0.249,0.306,0.388,0.693,80,0.326,80,176,9,5,1,2,0,1,"CF",35.8,1,5250000,5250000,4.043,1871
"Rajai Davis","2TM","2017",0.3,117,366,336,56,79,19,2,5,20,29,7,27,83,0.235,0.293,0.348,0.641,74,0.293,71,117,12,1,1,1,1,"87H/9D",0,0.3,117,366,336,56,79,19,2,5,20,29,7,27,83,0.235,0.293,0.348,0.641,74,0.293,71,117,12,1,1,1,1,1,"CF",36.8,1,6000000,6000000,5.043,1872
"Rajai Davis","CLE","2018",-0.4,101,216,196,33,44,6,1,1,6,21,7,11,48,0.224,0.278,0.281,0.559,53,0.269,51,55,2,4,4,1,0,"8H7D/9",0,-0.4,101,216,196,33,44,6,1,1,6,21,7,11,48,0.224,0.278,0.281,0.559,53,0.269,51,55,2,4,4,1,0,1,"CF",37.8,1,1750000,1750000,6.043,1873
"Rajai Davis","NYM","2019",-0.1,29,26,25,4,5,2,0,1,8,0,1,1,5,0.2,0.231,0.4,0.631,65,0.279,81,10,0,0,0,0,0,"H7/9",0,-0.1,29,26,25,4,5,2,0,1,8,0,1,1,5,0.2,0.231,0.4,0.631,65,0.279,81,10,0,0,0,0,0,1,"CF",38.8,1,691688.341292727,691688.341292727,7.043,1874
"Ramon Santiago","DET","2012",-0.8,93,259,228,19,47,7,1,2,17,1,0,20,39,0.206,0.283,0.272,0.555,51,0.253,40,62,7,5,5,1,1,"46H/5D",0,-0.8,93,259,228,19,47,7,1,2,17,1,0,20,39,0.206,0.283,0.272,0.555,51,0.253,40,62,7,5,5,1,1,0,"2B/SS",32.9,2,4000000,2000000,0,1875
"Ramon Santiago","DET","2013",0.6,80,234,205,27,46,8,1,1,14,0,1,21,32,0.224,0.298,0.288,0.586,61,0.284,67,59,2,1,6,1,0,"456/H",0,0.6,80,234,205,27,46,8,1,1,14,0,1,21,32,0.224,0.298,0.288,0.586,61,0.284,67,59,2,1,6,1,0,0,"2B/SS",33.9,2,4000000,2000000,1,1875
"Ramon Santiago","CIN","2014",0.6,75,214,179,20,44,8,0,2,17,2,1,24,38,0.246,0.343,0.324,0.667,89,0.316,94,58,1,3,7,1,0,"546H/7",0,0.6,75,214,179,20,44,8,0,2,17,2,1,24,38,0.246,0.343,0.324,0.667,89,0.316,94,58,1,3,7,1,0,1,"2B/SS",34.9,1,1100000,1100000,2,1876
"Randal Grichuk","ARI","2024",2.2,106,279,254,40,74,20,2,12,46,0,0,20,46,0.291,0.348,0.528,0.875,139,0.377,141,134,5,3,0,2,0,"9DH7",0,2.2,106,279,254,40,74,20,2,12,46,0,0,20,46,0.291,0.348,0.528,0.875,139,0.377,141,134,5,3,0,2,0,1,"RF",32,1,2000000,2000000,0,1878
"Randal Grichuk","2TM","2025",-0.8,113,293,272,35,62,18,1,9,27,0,1,17,61,0.228,0.273,0.401,0.674,85,0.293,82,109,6,1,0,3,1,"HD97/8",0,-0.8,113,293,272,35,62,18,1,9,27,0,1,17,61,0.228,0.273,0.401,0.674,85,0.293,82,109,6,1,0,3,1,0,"RF",33,1,5000000,5000000,1,1879
"Rangel Ravelo","STL","2019",-0.2,29,43,39,4,8,2,0,2,7,0,0,3,12,0.205,0.256,0.41,0.666,72,0.278,63,16,1,0,0,1,0,"H/3",0,-0.2,29,43,39,4,8,2,0,2,7,0,0,3,12,0.205,0.256,0.41,0.666,72,0.278,63,16,1,0,0,1,0,1,"1B",26,1,691688.341292727,691688.341292727,0,1880
"Rangel Ravelo","STL","2020",-0.2,13,41,35,5,6,1,0,1,6,0,0,4,6,0.171,0.244,0.286,0.53,47,0.232,39,10,0,0,0,2,0,"/D93H7",0,-0.2,13,41,35,5,6,1,0,1,6,0,0,4,6,0.171,0.244,0.286,0.53,47,0.232,39,10,0,0,0,2,0,0,"1B",27,1,693586.967160142,693586.967160142,1,1881
"Reed Johnson","2TM","2012",0.3,119,288,269,30,78,14,3,3,20,2,2,13,61,0.29,0.337,0.398,0.735,98,0.328,98,107,4,6,0,0,1,"H789",0,0.3,119,288,269,30,78,14,3,3,20,2,2,13,61,0.29,0.337,0.398,0.735,98,0.328,98,107,4,6,0,0,1,0,NA,35.7,1,1150000,1150000,0,1882
"Reed Johnson","ATL","2013",0,74,136,123,13,30,7,1,1,11,0,0,6,32,0.244,0.311,0.341,0.653,81,0.299,79,42,3,6,1,0,0,"H987",0,0,74,136,123,13,30,7,1,1,11,0,0,6,32,0.244,0.311,0.341,0.653,81,0.299,79,42,3,6,1,0,0,0,NA,36.7,1,1750000,1750000,1,1883
"Reed Johnson","MIA","2014",-0.4,113,201,187,24,44,15,0,2,25,0,1,1,37,0.235,0.266,0.348,0.614,71,0.279,68,65,4,8,2,3,0,"H79/D8",0,-0.4,113,201,187,24,44,15,0,2,25,0,1,1,37,0.235,0.266,0.348,0.614,71,0.279,68,65,4,8,2,3,0,1,NA,37.7,1,1000000,1000000,2,1884
"Rich Hill","CLE","2013",0,5,0,0,0,0,0,0,0,0,0,0,0,0,0,0,0,0,0,0,0,0,0,0,0,0,0,"1",0,0,5,0,0,0,0,0,0,0,0,0,0,0,0,0,0,0,0,0,0,0,0,0,0,0,0,0,1,"SP",33.4,1,1000000,1000000,0,1889
"Rich Hill","LAD","2016",-0.1,6,12,12,0,0,0,0,0,0,0,0,0,8,0,0,0,0,-100,0,-138,0,0,0,0,0,0,"/1",0,-0.1,6,12,12,0,0,0,0,0,0,0,0,0,8,0,0,0,0,-100,0,-138,0,0,0,0,0,0,1,"SP",36.4,1,6000000,6000000,3,1892
"Rich Hill","LAD","2017",-0.2,23,49,45,1,5,1,0,0,4,0,0,0,18,0.111,0.146,0.133,0.279,-25,0.127,-50,6,0,2,1,1,0,"1",0,-0.2,23,49,45,1,5,1,0,0,4,0,0,0,18,0.111,0.146,0.133,0.279,-25,0.127,-50,6,0,2,1,1,0,0,"SP",37.4,3,48000000,16000000,4,1893
"Rich Hill","LAD","2018",-0.2,23,45,43,2,4,0,0,0,2,0,0,0,15,0.093,0.093,0.093,0.186,-49,0.081,-88,4,1,0,2,0,0,"1",0,-0.2,23,45,43,2,4,0,0,0,2,0,0,0,15,0.093,0.093,0.093,0.186,-49,0.081,-88,4,1,0,2,0,0,0,"SP",38.4,3,48000000,16000000,5,1893
"Rich Hill","LAD","2018",-0.2,23,45,43,2,4,0,0,0,2,0,0,0,15,0.093,0.093,0.093,0.186,-49,0.081,-88,4,1,0,2,0,0,"1",0,-0.2,23,45,43,2,4,0,0,0,2,0,0,0,15,0.093,0.093,0.093,0.186,-49,0.081,-88,4,1,0,2,0,0,0,"SP",38.4,3,61133026.614641,20377675.5382137,7,1894
"Rich Hill","LAD","2019",0.1,11,20,18,0,3,1,0,0,1,0,0,1,9,0.167,0.211,0.222,0.433,15,0.194,-3,4,0,0,1,0,0,"1",0,0.1,11,20,18,0,3,1,0,0,1,0,0,1,9,0.167,0.211,0.222,0.433,15,0.194,-3,4,0,0,1,0,0,0,"SP",39.4,3,48000000,16000000,6,1893
"Rich Hill","LAD","2019",0.1,11,20,18,0,3,1,0,0,1,0,0,1,9,0.167,0.211,0.222,0.433,15,0.194,-3,4,0,0,1,0,0,"1",0,0.1,11,20,18,0,3,1,0,0,1,0,0,1,9,0.167,0.211,0.222,0.433,15,0.194,-3,4,0,0,1,0,0,0,"SP",39.4,3,61133026.614641,20377675.5382137,8,1894
"Rich Hill","LAD","2019",0.1,11,20,18,0,3,1,0,0,1,0,0,1,9,0.167,0.211,0.222,0.433,15,0.194,-3,4,0,0,1,0,0,"1",0,0.1,11,20,18,0,3,1,0,0,1,0,0,1,9,0.167,0.211,0.222,0.433,15,0.194,-3,4,0,0,1,0,0,0,"SP",39.4,3,59821694.3820737,19940564.7940246,10,1895
"Rich Hill","2TM","2021",-0.1,16,26,24,0,3,0,0,0,0,0,0,0,10,0.125,0.125,0.125,0.25,-30,0.1,-71,3,2,0,2,0,0,"1",0,-0.1,16,26,24,0,3,0,0,0,0,0,0,0,10,0.125,0.125,0.125,0.25,-30,0.1,-71,3,2,0,2,0,0,0,"SP",41.4,3,59821694.3820737,19940564.7940246,12,1895
"Rich Hill","2TM","2021",-0.1,16,26,24,0,3,0,0,0,0,0,0,0,10,0.125,0.125,0.125,0.25,-30,0.1,-71,3,2,0,2,0,0,"1",0,-0.1,16,26,24,0,3,0,0,0,0,0,0,0,10,0.125,0.125,0.125,0.25,-30,0.1,-71,3,2,0,2,0,0,1,"SP",41.4,1,2500000,2500000,14,1897
"Rick Ankiel","WSN","2012",-0.5,68,171,158,15,36,10,2,5,15,1,3,12,59,0.228,0.282,0.411,0.694,85,0.294,77,65,3,0,1,0,3,"8H",0,-0.5,68,171,158,15,36,10,2,5,15,1,3,12,59,0.228,0.282,0.411,0.694,85,0.294,77,65,3,0,1,0,3,0,"CF",33,1,1250000,1250000,0,1904
"Rick Ankiel","2TM","2013",-0.3,45,136,128,13,24,7,1,7,18,0,1,8,60,0.188,0.235,0.422,0.657,81,0.287,78,54,1,0,0,0,0,"98/H",0,-0.3,45,136,128,13,24,7,1,7,18,0,1,8,60,0.188,0.235,0.422,0.657,81,0.287,78,54,1,0,0,0,0,1,"CF",34,1,750000,750000,1,1905
"Rickie Weeks","SEA","2015",-0.8,37,95,84,7,14,1,0,2,9,0,0,9,25,0.167,0.263,0.25,0.513,46,0.247,48,21,3,2,0,0,0,"7HD",0,-0.8,37,95,84,7,14,1,0,2,9,0,0,9,25,0.167,0.263,0.25,0.513,46,0.247,48,21,3,2,0,0,0,1,"1B",32.9,1,2000000,2000000,2.036,1906
"Rickie Weeks","ARI","2016",-0.2,108,205,180,29,43,9,1,9,27,5,0,20,54,0.239,0.327,0.45,0.777,99,0.355,105,81,8,4,0,1,0,"H7/D9",0,-0.2,108,205,180,29,43,9,1,9,27,5,0,20,54,0.239,0.327,0.45,0.777,99,0.355,105,81,8,4,0,1,0,1,"1B",33.9,1,1500000,1500000,3.036,1907
"Rickie Weeks","TBR","2017",0.1,37,112,97,13,21,6,0,2,8,1,0,12,49,0.216,0.321,0.34,0.662,81,0.316,92,33,0,3,0,0,0,"D3H",0,0.1,37,112,97,13,21,6,0,2,8,1,0,12,49,0.216,0.321,0.34,0.662,81,0.316,92,33,0,3,0,0,0,1,"1B",34.9,1,1500000,1500000,4.036,1908
"Ricky Nolasco","MIN","2014",0,1,2,2,0,0,0,0,0,0,0,0,0,2,0,0,0,0,-100,0,-143,0,0,0,0,0,0,"1",0,0,1,2,2,0,0,0,0,0,0,0,0,0,2,0,0,0,0,-100,0,-143,0,0,0,0,0,0,1,"SP/SP1",31.7,4,49000000,12250000,0.142,1909
"Ricky Nolasco","MIN","2015",0,1,3,3,0,0,0,0,0,0,0,0,0,3,0,0,0,0,-100,0,-142,0,0,0,0,0,0,"/1",0,0,1,3,3,0,0,0,0,0,0,0,0,0,3,0,0,0,0,-100,0,-142,0,0,0,0,0,0,1,"SP/SP1",32.7,4,49000000,12250000,1.142,1909
"Ricky Nolasco","2TM","2016",0.1,2,5,3,0,0,0,0,0,0,0,0,2,1,0,0.4,0,0.4,25,0.277,66,0,0,0,0,0,0,"1",0,0.1,2,5,3,0,0,0,0,0,0,0,0,2,1,0,0.4,0,0.4,25,0.277,66,0,0,0,0,0,0,1,"SP/SP1",33.7,4,49000000,12250000,2.142,1909
"Ricky Nolasco","LAA","2017",0,3,7,5,0,0,0,0,0,0,0,0,2,2,0,0.286,0,0.286,-11,0.199,10,0,0,0,0,0,0,"1",0,0,3,7,5,0,0,0,0,0,0,0,0,2,2,0,0.286,0,0.286,-11,0.199,10,0,0,0,0,0,0,1,"SP/SP1",34.7,4,49000000,12250000,3.142,1909
"Rob Brantly","CHW","2017",0.3,13,36,31,4,9,1,0,2,5,0,0,3,14,0.29,0.389,0.516,0.905,143,0.39,146,16,0,2,0,0,0,"/2DH1",0,0.3,13,36,31,4,9,1,0,2,5,0,0,3,14,0.29,0.389,0.516,0.905,143,0.39,146,16,0,2,0,0,0,0,"C",28.1,1,695958.90057858,695958.90057858,0,1911
"Rob Brantly","NYY","2021",-0.2,6,21,20,0,3,1,0,0,0,0,0,0,4,0.15,0.19,0.2,0.39,8,0.178,-1,4,0,1,0,0,0,"/23H",0,-0.2,6,21,20,0,3,1,0,0,0,0,0,0,4,0.15,0.19,0.2,0.39,8,0.178,-1,4,0,1,0,0,0,1,"C",32.1,1,674990.669239509,674990.669239509,1,1912
"Rob Brantly","TBR","2024",0,3,9,9,0,1,0,0,0,0,0,0,0,2,0.111,0.111,0.111,0.222,-36,0.099,-51,1,0,0,0,0,0,"/2",0,0,3,9,9,0,1,0,0,0,0,0,0,0,2,0.111,0.111,0.111,0.222,-36,0.099,-51,1,0,0,0,0,0,1,"C",35.1,1,761001.808873827,761001.808873827,2,1913
"Rob Brantly","MIA","2025",0,3,7,7,0,3,0,0,0,1,0,0,0,1,0.429,0.429,0.429,0.857,142,0.372,136,3,0,0,0,0,0,"/2",0,0,3,7,7,0,3,0,0,0,1,0,0,0,1,0.429,0.429,0.429,0.857,142,0.372,136,3,0,0,0,0,0,1,"C",36.1,1,760000,760000,3,1914
"Robbie Grossman","MIN","2016",0.3,99,389,332,49,93,19,1,11,37,2,3,55,96,0.28,0.386,0.443,0.828,124,0.367,131,147,3,2,0,0,0,"7D/H8",0,0.3,99,389,332,49,93,19,1,11,37,2,3,55,96,0.28,0.386,0.443,0.828,124,0.367,131,147,3,2,0,0,0,1,"RF",26.9,1,672362.379948466,672362.379948466,0,1918
"Robbie Grossman","MIN","2018",1.6,129,465,396,50,108,27,1,5,48,0,1,60,83,0.273,0.367,0.384,0.751,106,0.347,116,152,2,2,2,5,0,"9D7H",0,1.6,129,465,396,50,108,27,1,5,48,0,1,60,83,0.273,0.367,0.384,0.751,106,0.347,116,152,2,2,2,5,0,1,"DH",28.9,1,2547209.44227671,2547209.44227671,1,1919
"Robbie Grossman","OAK","2019",1,138,482,420,57,101,21,3,6,38,9,4,59,86,0.24,0.334,0.348,0.682,87,0.306,90,146,7,1,0,2,2,"7H9/8",0,1,138,482,420,57,101,21,3,6,38,9,4,59,86,0.24,0.334,0.348,0.682,87,0.306,90,146,7,1,0,2,2,1,"RF",29.9,1,2000000,2000000,2,1920
"Robbie Grossman","OAK","2020",1.2,51,192,166,23,40,12,2,8,23,8,1,21,38,0.241,0.344,0.482,0.826,128,0.368,130,80,1,5,0,0,2,"7/H8D9",0,1.2,51,192,166,23,40,12,2,8,23,8,1,21,38,0.241,0.344,0.482,0.826,128,0.368,130,80,1,5,0,0,2,0,"OF",30.9,1,4564684.54535606,4564684.54535606,3,1921
"Robbie Grossman","DET","2021",2.9,156,671,557,88,133,23,3,23,67,20,5,98,155,0.239,0.357,0.415,0.772,115,0.348,120,231,8,8,2,6,3,"79/DH",0,2.9,156,671,557,88,133,23,3,23,67,20,5,98,155,0.239,0.357,0.415,0.772,115,0.348,120,231,8,8,2,6,3,1,"RF",31.9,2,10000000,5000000,4,1922
"Robbie Grossman","2TM","2022",0.6,129,477,411,40,86,19,1,7,45,6,2,56,129,0.209,0.31,0.311,0.622,78,0.292,82,128,3,6,0,4,0,"79H/D",0,0.6,129,477,411,40,86,19,1,7,45,6,2,56,129,0.209,0.31,0.311,0.622,78,0.292,82,128,3,6,0,4,0,1,"RF",32.9,2,10000000,5000000,5,1922
"Robbie Grossman","2TM","2022",0.6,129,477,411,40,86,19,1,7,45,6,2,56,129,0.209,0.31,0.311,0.622,78,0.292,82,128,3,6,0,4,0,"79H/D",0,0.6,129,477,411,40,86,19,1,7,45,6,2,56,129,0.209,0.31,0.311,0.622,78,0.292,82,128,3,6,0,4,0,1,"LF",32.9,2,11146048.1741855,5573024.08709273,6,1923
"Robbie Grossman","TEX","2023",0.1,115,420,353,56,84,23,1,10,49,1,0,57,98,0.238,0.34,0.394,0.734,103,0.327,105,139,8,2,0,8,0,"7D9H",0,0.1,115,420,353,56,84,23,1,10,49,1,0,57,98,0.238,0.34,0.394,0.734,103,0.327,105,139,8,2,0,8,0,1,"LF",33.9,2,11146048.1741855,5573024.08709273,7,1923
"Robbie Grossman","TEX","2023",0.1,115,420,353,56,84,23,1,10,49,1,0,57,98,0.238,0.34,0.394,0.734,103,0.327,105,139,8,2,0,8,0,"7D9H",0,0.1,115,420,353,56,84,23,1,10,49,1,0,57,98,0.238,0.34,0.394,0.734,103,0.327,105,139,8,2,0,8,0,1,"RF",33.9,1,2000000,2000000,8,1924
"Robbie Grossman","3TM","2024",-0.2,87,245,208,21,44,8,0,3,16,3,0,34,58,0.212,0.322,0.293,0.616,81,0.291,86,61,8,1,0,2,0,"DH79",0,-0.2,87,245,208,21,44,8,0,3,16,3,0,34,58,0.212,0.322,0.293,0.616,81,0.291,86,61,8,1,0,2,0,1,"RF",34.9,1,1542571.2342037,1542571.2342037,9,1925
"Robbie Ray","TOR","2021",-0.1,2,5,4,0,0,0,0,0,0,0,0,0,1,0,0,0,0,-100,0,-188,0,0,0,1,0,0,"1",3,-0.1,2,5,4,0,0,0,0,0,0,0,0,0,1,0,0,0,0,-100,0,-188,0,0,0,1,0,0,0,"SP/SP1",29.8,1,8000000,8000000,6.007,1926
"Roberto Hernandez","TBR","2013",-0.1,2,4,4,0,0,0,0,0,0,0,0,0,3,0,0,0,0,-100,0,-136,0,0,0,0,0,0,"1",0,-0.1,2,4,4,0,0,0,0,0,0,0,0,0,3,0,0,0,0,-100,0,-136,0,0,0,0,0,0,1,NA,32.9,1,3250000,3250000,0,1928
"Roberto Hernandez","HOU","2015",0,1,3,2,1,0,0,0,0,0,0,0,1,2,0,0.333,0,0.333,6,0.23,33,0,0,0,0,0,0,"1",0,0,1,3,2,1,0,0,0,0,0,0,0,1,2,0,0.333,0,0.333,6,0.23,33,0,0,0,0,0,0,1,NA,34.9,1,2600000,2600000,1,1929
"Robinson Chirinos","HOU","2019",3.8,114,437,366,57,87,22,1,17,58,1,2,51,125,0.238,0.347,0.443,0.79,105,0.351,114,162,11,13,2,5,1,"2/H",0,3.8,114,437,366,57,87,22,1,17,58,1,2,51,125,0.238,0.347,0.443,0.79,105,0.351,114,162,11,13,2,5,1,1,"C/1B",35.2,1,5750000,5750000,6.102,1932
"Robinson Chirinos","2TM","2020",-0.7,26,82,74,4,12,3,0,1,7,0,0,6,21,0.162,0.232,0.243,0.475,32,0.216,26,18,5,1,0,1,0,"2/DH",0,-0.7,26,82,74,4,12,3,0,1,7,0,0,6,21,0.162,0.232,0.243,0.475,32,0.216,26,18,5,1,0,1,0,1,"C/1B",36.2,1,6750000,6750000,7.102,1933
"Robinson Chirinos","CHC","2021",0.2,45,112,97,13,22,5,1,5,15,0,0,9,36,0.227,0.324,0.454,0.778,108,0.336,106,44,2,5,1,0,0,"2H/4D",0,0.2,45,112,97,13,22,5,1,5,15,0,0,9,36,0.227,0.324,0.454,0.778,108,0.336,106,44,2,5,1,0,0,1,"C/1B",37.2,1,1183156.3001569,1183156.3001569,8.102,1934
"Robinson Chirinos","BAL","2022",0.1,67,220,195,10,35,9,0,4,22,1,0,19,67,0.179,0.265,0.287,0.552,60,0.269,68,56,4,4,1,1,0,"2/H",0,0.1,67,220,195,10,35,9,0,4,22,1,0,19,67,0.179,0.265,0.287,0.552,60,0.269,68,56,4,4,1,1,0,1,"C/1B",38.2,1,900000,900000,9.102,1935
"Rod Barajas","PIT","2012",-1,104,361,321,29,66,11,0,11,31,0,0,29,69,0.206,0.283,0.343,0.625,73,0.29,75,110,4,7,0,4,5,"2/H3",0,-1,104,361,321,29,66,11,0,11,31,0,0,29,69,0.206,0.283,0.343,0.625,73,0.29,75,110,4,7,0,4,5,1,"C",36.9,1,4000000,4000000,0,1936
"Ronald Torreyes","MIN","2019",-0.2,7,17,16,3,3,0,0,0,1,1,0,0,3,0.188,0.235,0.188,0.423,16,0.259,43,3,0,1,0,0,0,"/6457",0,-0.2,7,17,16,3,3,0,0,0,1,1,0,0,3,0.188,0.235,0.188,0.423,16,0.259,43,3,0,1,0,0,0,1,"2B",26.9,1,800000,800000,2.139,1938
"Ronald Torreyes","PHI","2021",0.2,111,344,318,30,77,10,1,7,41,2,1,19,41,0.242,0.286,0.346,0.632,71,0.281,66,110,7,1,5,1,2,"56H4/18",0,0.2,111,344,318,30,77,10,1,7,41,2,1,19,41,0.242,0.286,0.346,0.632,71,0.281,66,110,7,1,5,1,2,1,"2B",28.9,1,800000,800000,3.006,1939
"Ronny Cedeno","NYM","2012",0.4,78,186,166,18,43,11,1,4,22,0,1,17,35,0.259,0.332,0.41,0.741,105,0.329,106,68,10,1,2,0,0,"46H/5",0,0.4,78,186,166,18,43,11,1,4,22,0,1,17,35,0.259,0.332,0.41,0.741,105,0.329,106,68,10,1,2,0,0,1,"SS/2B",29.5,1,1150000,1150000,0,1940
"Ronny Cedeno","2TM","2013",-0.7,89,288,264,24,64,8,3,3,21,5,4,14,73,0.242,0.287,0.33,0.617,75,0.276,69,87,6,3,6,1,1,"6/DH35",0,-0.7,89,288,264,24,64,8,3,3,21,5,4,14,73,0.242,0.287,0.33,0.617,75,0.276,69,87,6,3,6,1,1,1,"SS/2B",30.5,1,1150000,1150000,1,1941
"Ross Detwiler","2TM","2015",0,24,1,1,0,0,0,0,0,0,0,0,0,1,0,0,0,0,-100,0,-136,0,0,0,0,0,0,"1",0,0,24,1,1,0,0,0,0,0,0,0,0,0,1,0,0,0,0,-100,0,-136,0,0,0,0,0,0,1,"RP",29.4,1,507500,507500,0,1942
"Ross Detwiler","OAK","2016",0,1,2,1,0,0,0,0,0,0,0,0,0,1,0,0,0,0,-100,0,-350,0,0,0,1,0,0,"/1",0,0,1,2,1,0,0,0,0,0,0,0,0,0,1,0,0,0,0,-100,0,-350,0,0,0,1,0,0,1,"RP",30.4,1,1000000,1000000,1,1943
"Ross Detwiler","CHW","2019",0,2,2,2,0,0,0,0,0,0,0,0,0,1,0,0,0,0,-100,0,-132,0,0,0,0,0,0,"1",0,0,2,2,2,0,0,0,0,0,0,0,0,0,1,0,0,0,0,-100,0,-132,0,0,0,0,0,0,1,"RP",33.4,1,691688.341292727,691688.341292727,2,1944
"Ross Detwiler","2TM","2021",0,52,3,3,0,1,0,0,0,0,0,0,0,2,0.333,0.333,0.333,0.667,82,0.3,80,1,0,0,0,0,0,"1",0,0,52,3,3,0,1,0,0,0,0,0,0,0,2,0.333,0.333,0.333,0.667,82,0.3,80,1,0,0,0,0,0,1,"RP",35.4,1,850000,850000,3,1945
"Ross Ohlendorf","WSN","2013",-0.2,15,19,15,0,0,0,0,0,1,0,0,1,11,0,0.063,0,0.063,-81,0.043,-155,0,1,0,3,0,0,"1",0,-0.2,15,19,15,0,0,0,0,0,1,0,0,1,11,0,0.063,0,0.063,-81,0.043,-155,0,1,0,3,0,0,1,"RP",31,1,687482.955954937,687482.955954937,0,1946
"Ross Ohlendorf","TEX","2015",0,1,0,0,0,0,0,0,0,0,0,0,0,0,0,0,0,0,0,0,0,0,0,0,0,0,0,"1",0,0,1,0,0,0,0,0,0,0,0,0,0,0,0,0,0,0,0,0,0,0,0,0,0,0,0,0,1,"RP",33,1,687225.311355765,687225.311355765,1,1947
"Ross Ohlendorf","CIN","2016",0,62,0,0,0,0,0,0,0,0,0,0,0,0,0,0,0,0,0,0,0,0,0,0,0,0,0,"1",0,0,62,0,0,0,0,0,0,0,0,0,0,0,0,0,0,0,0,0,0,0,0,0,0,0,0,0,1,"RP",34,1,1059881.58415522,1059881.58415522,2,1948
"Roy Oswalt","COL","2013",0.1,8,7,6,0,2,0,0,0,0,0,0,0,2,0.333,0.333,0.333,0.667,74,0.302,61,2,0,0,1,0,0,"/1",0,0.1,8,7,6,0,2,0,0,0,0,0,0,0,2,0.333,0.333,0.333,0.667,74,0.302,61,2,0,0,1,0,0,1,"SP",35.9,1,2300000,2300000,1,1950
"Ruben Tejada","2TM","2016",-0.4,36,78,66,9,11,5,0,0,5,0,0,7,13,0.167,0.247,0.242,0.489,33,0.223,22,16,1,1,1,3,0,"5/H641",0,-0.4,36,78,66,9,11,5,0,0,5,0,0,7,13,0.167,0.247,0.242,0.489,33,0.223,22,16,1,1,1,3,0,1,"SS",26.8,1,1500000,1500000,4.171,1951
"Ruben Tejada","NYM","2019",-0.2,6,9,9,1,0,0,0,0,0,0,0,0,3,0,0,0,0,-100,0,-133,0,0,0,0,0,0,"/456H",0,-0.2,6,9,9,1,0,0,0,0,0,0,0,0,3,0,0,0,0,-100,0,-133,0,0,0,0,0,0,1,"SS",29.8,1,750000,750000,5.162,1952
"Russell Martin","PIT","2013",4.1,127,506,438,51,99,21,0,15,55,9,5,58,108,0.226,0.327,0.377,0.703,100,0.323,104,165,13,8,1,1,2,"2/H59D",2,4.1,127,506,438,51,99,21,0,15,55,9,5,58,108,0.226,0.327,0.377,0.703,100,0.323,104,165,13,8,1,1,2,1,"C",30.5,2,17000000,8500000,2.15,1953
"Russell Martin","PIT","2014",5.7,111,460,379,45,110,20,0,11,67,4,4,59,78,0.29,0.402,0.43,0.832,135,0.382,147,163,16,15,2,5,5,"2/HD",2,5.7,111,460,379,45,110,20,0,11,67,4,4,59,78,0.29,0.402,0.43,0.832,135,0.382,147,163,16,15,2,5,5,1,"C",31.5,2,17000000,8500000,3.15,1953
"Russell Martin","TOR","2015",3,129,507,441,76,106,23,2,23,77,4,5,53,106,0.24,0.329,0.458,0.787,112,0.347,116,202,22,8,0,5,1,"2/HD4",2,3,129,507,441,76,106,23,2,23,77,4,5,53,106,0.24,0.329,0.458,0.787,112,0.347,116,202,22,8,0,5,1,1,"C",32.5,5,82000000,16400000,4.15,1954
"Russell Martin","TOR","2016",2.1,137,535,455,62,105,16,0,20,74,2,1,64,148,0.231,0.335,0.398,0.733,96,0.325,96,181,12,10,1,5,1,"2H/D45",0,2.1,137,535,455,62,105,16,0,20,74,2,1,64,148,0.231,0.335,0.398,0.733,96,0.325,96,181,12,10,1,5,1,1,"C",33.5,5,82000000,16400000,5.15,1954
"Russell Martin","TOR","2017",1.8,91,365,307,49,68,12,0,13,35,1,2,50,83,0.221,0.343,0.388,0.731,95,0.328,99,119,13,7,1,0,0,"25/H",0,1.8,91,365,307,49,68,12,0,13,35,1,2,50,83,0.221,0.343,0.388,0.731,95,0.328,99,119,13,7,1,0,0,1,"C",34.5,5,82000000,16400000,6.15,1954
"Russell Martin","TOR","2018",1.3,90,352,289,37,56,8,0,10,25,0,3,56,82,0.194,0.338,0.325,0.663,86,0.313,97,94,7,7,0,0,0,"25/67",0,1.3,90,352,289,37,56,8,0,10,25,0,3,56,82,0.194,0.338,0.325,0.663,86,0.313,97,94,7,7,0,0,0,1,"C",35.5,5,82000000,16400000,7.15,1954
"Russell Martin","LAD","2019",0.6,83,249,209,29,46,5,0,6,20,1,0,30,60,0.22,0.337,0.33,0.667,78,0.311,85,69,1,8,0,2,3,"2H/51",0,0.6,83,249,209,29,46,5,0,6,20,1,0,30,60,0.22,0.337,0.33,0.667,78,0.311,85,69,1,8,0,2,3,1,"C",36.5,5,82000000,16400000,8.15,1954
"Ryan Brasier","BOS","2018",0,3,0,0,0,0,0,0,0,0,0,0,0,0,0,0,0,0,0,0,0,0,0,0,0,0,0,"1",0,0,3,0,0,0,0,0,0,0,0,0,0,0,0,0,0,0,0,0,0,0,0,0,0,0,0,0,1,"RP",31,1,694114.573020403,694114.573020403,0,1957
"Ryan Brasier","BOS","2020",0,1,0,0,0,0,0,0,0,0,0,0,0,0,0,0,0,0,0,0,0,0,0,0,0,0,0,"1",0,0,1,0,0,0,0,0,0,0,0,0,0,0,0,0,0,0,0,0,0,0,0,0,0,0,0,0,0,"RP",33,1,716257.212553186,716257.212553186,1,1958
"Ryan Brasier","BOS","2021",0,2,0,0,0,0,0,0,0,0,0,0,0,0,0,0,0,0,0,0,0,0,0,0,0,0,0,"1",0,0,2,0,0,0,0,0,0,0,0,0,0,0,0,0,0,0,0,0,0,0,0,0,0,0,0,0,0,"RP",34,1,1478945.37519612,1478945.37519612,2,1959
"Ryan Brasier","LAD","2023",0,1,0,0,0,0,0,0,0,0,0,0,0,0,0,0,0,0,0,0,0,0,0,0,0,0,0,"1",0,0,1,0,0,0,0,0,0,0,0,0,0,0,0,0,0,0,0,0,0,0,0,0,0,0,0,0,1,"RP",36,1,765889.986737186,765889.986737186,4,1961
"Ryan Buchter","SDP","2016",0,64,0,0,0,0,0,0,0,0,0,0,0,0,0,0,0,0,0,0,0,0,0,0,0,0,0,"1",0,0,64,0,0,0,0,0,0,0,0,0,0,0,0,0,0,0,0,0,0,0,0,0,0,0,0,0,1,"RP",29.5,1,520000,520000,0,1963
"Ryan Buchter","OAK","2018",0,2,0,0,0,0,0,0,0,0,0,0,0,0,0,0,0,0,0,0,0,0,0,0,0,0,0,"1",0,0,2,0,0,0,0,0,0,0,0,0,0,0,0,0,0,0,0,0,0,0,0,0,0,0,0,0,1,"RP",31.5,1,706850.620231786,706850.620231786,1,1964
"Ryan Buchter","OAK","2019",0,4,0,0,0,0,0,0,0,0,0,0,0,0,0,0,0,0,0,0,0,0,0,0,0,0,0,"1",0,0,4,0,0,0,0,0,0,0,0,0,0,0,0,0,0,0,0,0,0,0,0,0,0,0,0,0,0,"RP",32.5,1,1744799.41947715,1744799.41947715,2,1965
"Ryan Buchter","ARI","2021",0,17,0,0,0,0,0,0,0,0,0,0,0,0,0,0,0,0,0,0,0,0,0,0,0,0,0,"1",0,0,17,0,0,0,0,0,0,0,0,0,0,0,0,0,0,0,0,0,0,0,0,0,0,0,0,0,1,"RP",34.5,1,925000,925000,3,1966
"Ryan Flaherty","ATL","2018",-1,81,182,161,17,35,6,0,2,13,4,2,18,41,0.217,0.298,0.292,0.59,61,0.257,44,47,5,1,1,1,4,"5H/34",0,-1,81,182,161,17,35,6,0,2,13,4,2,18,41,0.217,0.298,0.292,0.59,61,0.257,44,47,5,1,1,1,4,1,"3B/2B",32,1,1325000,1325000,6,1969
"Ryan Flaherty","CLE","2019",-0.2,14,22,21,4,3,2,0,0,1,0,0,0,7,0.143,0.143,0.238,0.381,-3,0.158,-30,5,1,0,1,0,0,"5/4H",0,-0.2,14,22,21,4,3,2,0,0,1,0,0,0,7,0.143,0.143,0.238,0.381,-3,0.158,-30,5,1,0,1,0,0,1,"3B/2B",33,1,1000000,1000000,7,1970
"Ryan Ludwick","CIN","2012",2.3,125,472,422,53,116,28,1,26,80,0,1,42,97,0.275,0.346,0.531,0.877,130,0.378,132,224,9,5,1,2,3,"7H/D",0,2.3,125,472,422,53,116,28,1,26,80,0,1,42,97,0.275,0.346,0.531,0.877,130,0.378,132,224,9,5,1,2,3,1,"LF",34,1,3000000,3000000,0,1971
"Ryan Ludwick","CIN","2013",-0.9,38,140,129,7,31,5,0,2,12,0,0,10,29,0.24,0.293,0.326,0.618,71,0.279,64,42,7,0,0,1,0,"7/HD",0,-0.9,38,140,129,7,31,5,0,2,12,0,0,10,29,0.24,0.293,0.326,0.618,71,0.279,64,42,7,0,0,1,0,0,"LF",35,2,15000000,7500000,1,1972
"Ryan Ludwick","CIN","2014",-0.6,112,400,357,28,87,20,0,9,45,0,2,31,94,0.244,0.308,0.375,0.683,91,0.316,96,134,6,4,1,4,1,"7H/D",0,-0.6,112,400,357,28,87,20,0,9,45,0,2,31,94,0.244,0.308,0.375,0.683,91,0.316,96,134,6,4,1,4,1,0,"LF",36,2,15000000,7500000,2,1972
"Ryan Madson","KCR","2015",0,7,0,0,0,0,0,0,0,0,0,0,0,0,0,0,0,0,0,0,0,0,0,0,0,0,0,"1",0,0,7,0,0,0,0,0,0,0,0,0,0,0,0,0,0,0,0,0,0,0,0,0,0,0,0,0,1,"RP",34.9,1,1151017.76286187,1151017.76286187,1,1975
"Ryan Madson","OAK","2016",0,8,1,1,0,0,0,0,0,0,0,0,0,1,0,0,0,0,-100,0,-125,0,0,0,0,0,0,"1",0,0,8,1,1,0,0,0,0,0,0,0,0,0,1,0,0,0,0,-100,0,-125,0,0,0,0,0,0,1,"RP",35.9,3,22000000,7333333.33333333,2,1976
"Ryan Madson","WSN","2017",0,19,0,0,0,0,0,0,0,0,0,0,0,0,0,0,0,0,0,0,0,0,0,0,0,0,0,"1",0,0,19,0,0,0,0,0,0,0,0,0,0,0,0,0,0,0,0,0,0,0,0,0,0,0,0,0,1,"RP",36.9,3,22000000,7333333.33333333,3,1976
"Ryan Madson","WSN","2017",0,19,0,0,0,0,0,0,0,0,0,0,0,0,0,0,0,0,0,0,0,0,0,0,0,0,0,"1",0,0,19,0,0,0,0,0,0,0,0,0,0,0,0,0,0,0,0,0,0,0,0,0,0,0,0,0,1,"RP",36.9,3,28618870.6779977,9539623.55933256,5,1977
"Ryan Madson","2TM","2018",0,56,0,0,0,0,0,0,0,0,0,0,0,0,0,0,0,0,0,0,0,0,0,0,0,0,0,"1",0,0,56,0,0,0,0,0,0,0,0,0,0,0,0,0,0,0,0,0,0,0,0,0,0,0,0,0,1,"RP",37.9,3,22000000,7333333.33333333,4,1976
"Ryan Madson","2TM","2018",0,56,0,0,0,0,0,0,0,0,0,0,0,0,0,0,0,0,0,0,0,0,0,0,0,0,0,"1",0,0,56,0,0,0,0,0,0,0,0,0,0,0,0,0,0,0,0,0,0,0,0,0,0,0,0,0,1,"RP",37.9,3,28618870.6779977,9539623.55933256,6,1977
"Ryan Madson","2TM","2018",0,56,0,0,0,0,0,0,0,0,0,0,0,0,0,0,0,0,0,0,0,0,0,0,0,0,0,"1",0,0,56,0,0,0,0,0,0,0,0,0,0,0,0,0,0,0,0,0,0,0,0,0,0,0,0,0,1,"RP",37.9,3,28019303.8650438,9339767.95501459,8,1978
"Ryan Raburn","CLE","2013",2.4,86,277,243,40,66,18,0,16,55,0,0,29,67,0.272,0.357,0.543,0.901,151,0.393,156,132,4,4,0,1,0,"9D7H/41",0,2.4,86,277,243,40,66,18,0,16,55,0,0,29,67,0.272,0.357,0.543,0.901,151,0.393,156,132,4,4,0,1,0,1,"LF/RF",32.3,1,1000000,1000000,0,1979
"Ryan Raburn","COL","2016",-0.6,113,256,223,30,49,10,2,9,30,0,0,28,80,0.22,0.309,0.404,0.712,77,0.313,71,90,6,2,0,3,0,"H7/D39",0,-0.6,113,256,223,30,49,10,2,9,30,0,0,28,80,0.22,0.309,0.404,0.712,77,0.313,71,90,6,2,0,3,0,0,"LF/RF",35.3,1,1500000,1500000,1,1980
"Ryan Raburn","WSN","2017",0,25,69,65,7,17,1,2,2,6,0,1,4,25,0.262,0.304,0.431,0.735,87,0.305,79,28,1,0,0,0,0,"7/H",0,0,25,69,65,7,17,1,2,2,6,0,1,4,25,0.262,0.304,0.431,0.735,87,0.305,79,28,1,0,0,0,0,1,"LF/RF",36.3,1,695958.90057858,695958.90057858,2,1981
"Ryan Tepera","2TM","2021",0,43,0,0,0,0,0,0,0,0,0,0,0,0,0,0,0,0,0,0,0,0,0,0,0,0,0,"1",0,0,43,0,0,0,0,0,0,0,0,0,0,0,0,0,0,0,0,0,0,0,0,0,0,0,0,0,0,"RP",33.8,1,800000,800000,5.008,1983
"Ryan Vogelsong","SFG","2014",-0.1,31,66,61,3,7,2,0,0,2,0,0,2,20,0.115,0.156,0.148,0.304,-12,0.141,-36,9,1,1,2,0,0,"1",0,-0.1,31,66,61,3,7,2,0,0,2,0,0,2,20,0.115,0.156,0.148,0.304,-12,0.141,-36,9,1,1,2,0,0,0,"SP",37.1,1,5000000,5000000,0,1985
"Ryan Vogelsong","SFG","2015",0,30,45,36,3,5,1,0,1,2,0,0,1,13,0.139,0.162,0.25,0.412,12,0.179,-32,9,0,0,8,0,0,"1",0,0,30,45,36,3,5,1,0,1,2,0,0,1,13,0.139,0.162,0.25,0.412,12,0.179,-32,9,0,0,8,0,0,0,"SP",38.1,1,4000000,4000000,1,1986
"Ryan Vogelsong","PIT","2016",-0.1,24,23,19,1,1,0,0,0,1,0,0,1,13,0.053,0.143,0.053,0.195,-44,0.111,-75,1,0,1,2,0,0,"1",0,-0.1,24,23,19,1,1,0,0,0,1,0,0,1,13,0.053,0.143,0.053,0.195,-44,0.111,-75,1,0,1,2,0,0,1,"SP",39.1,1,2000000,2000000,2,1987
"Ryan Webb","BAL","2014",0,4,0,0,0,0,0,0,0,0,0,0,0,0,0,0,0,0,0,0,0,0,0,0,0,0,0,"1",0,0,4,0,0,0,0,0,0,0,0,0,0,0,0,0,0,0,0,0,0,0,0,0,0,0,0,0,1,"RP",28.5,2,4500000,2250000,0,1988
"Ryan Webb","CLE","2015",0,4,0,0,0,0,0,0,0,0,0,0,0,0,0,0,0,0,0,0,0,0,0,0,0,0,0,"1",0,0,4,0,0,0,0,0,0,0,0,0,0,0,0,0,0,0,0,0,0,0,0,0,0,0,0,0,1,"RP",29.5,2,4500000,2250000,1,1988
"Ryan Yarbrough","LAD","2023",0,1,0,0,0,0,0,0,0,0,0,0,0,0,0,0,0,0,0,0,0,0,0,0,0,0,0,"1",0,0,1,0,0,0,0,0,0,0,0,0,0,0,0,0,0,0,0,0,0,0,0,0,0,0,0,0,1,"SP",31.6,1,3000000,3000000,0,1993
"Ryan Zimmerman","WSN","2021",1.1,110,273,255,27,62,16,0,14,46,0,0,16,77,0.243,0.286,0.471,0.756,104,0.33,106,120,9,0,0,2,0,"H3/D",0,1.1,110,273,255,27,62,16,0,14,46,0,0,16,77,0.243,0.286,0.471,0.756,104,0.33,106,120,9,0,0,2,0,0,"1B",36.8,1,1000000,1000000,14.032,1996
"Ryne Stanek","HOU","2021",0,6,0,0,0,0,0,0,0,0,0,0,0,0,0,0,0,0,0,0,0,0,0,0,0,0,0,"1",0,0,6,0,0,0,0,0,0,0,0,0,0,0,0,0,0,0,0,0,0,0,0,0,0,0,0,0,1,"RP",30.1,1,1100000,1100000,0,1997
"Ryne Stanek","HOU","2023",0,2,0,0,0,0,0,0,0,0,0,0,0,0,0,0,0,0,0,0,0,0,0,0,0,0,0,"1",0,0,2,0,0,0,0,0,0,0,0,0,0,0,0,0,0,0,0,0,0,0,0,0,0,0,0,0,0,"RP",32.1,1,3829449.93368593,3829449.93368593,1,1998
"Ryne Stanek","SEA","2024",0,1,0,0,0,0,0,0,0,0,0,0,0,0,0,0,0,0,0,0,0,0,0,0,0,0,0,"1",0,0,1,0,0,0,0,0,0,0,0,0,0,0,0,0,0,0,0,0,0,0,0,0,0,0,0,0,1,"RP",33.1,1,4000000,4000000,2,1999
"Ryne Stanek","NYM","2025",0,1,0,0,0,0,0,0,0,0,0,0,0,0,0,0,0,0,0,0,0,0,0,0,0,0,0,"1",0,0,1,0,0,0,0,0,0,0,0,0,0,0,0,0,0,0,0,0,0,0,0,0,0,0,0,0,0,"RP",34.1,1,4500000,4500000,3,2000
"Sam Fuld","2TM","2014",1.7,113,402,351,40,84,16,4,4,36,21,4,43,63,0.239,0.321,0.342,0.663,89,0.312,88,120,2,0,6,2,2,"879H",0,1.7,113,402,351,40,84,16,4,4,36,21,4,43,63,0.239,0.321,0.342,0.663,89,0.312,88,120,2,0,6,2,2,1,"CF",32.8,1,800000,800000,0,2001
"Scott Atchison","NYM","2013",0,48,0,0,0,0,0,0,0,0,0,0,0,0,0,0,0,0,0,0,0,0,0,0,0,0,0,"1",0,0,48,0,0,0,0,0,0,0,0,0,0,0,0,0,0,0,0,0,0,0,0,0,0,0,0,0,1,"RP",37.3,1,700000,700000,0,2008
"Scott Atchison","CLE","2014",0,7,0,0,0,0,0,0,0,0,0,0,0,0,0,0,0,0,0,0,0,0,0,0,0,0,0,"1",0,0,7,0,0,0,0,0,0,0,0,0,0,0,0,0,0,0,0,0,0,0,0,0,0,0,0,0,1,"RP",38.3,1,800000,800000,1,2009
"Scott Baker","CHC","2013",-0.1,3,4,3,0,0,0,0,0,0,0,0,0,2,0,0,0,0,-100,0,-229,0,0,0,1,0,0,"/1",0,-0.1,3,4,3,0,0,0,0,0,0,0,0,0,2,0,0,0,0,-100,0,-229,0,0,0,1,0,0,1,"SP",31.9,1,5500000,5500000,6.128,2010
"Scott Baker","TEX","2014",0,1,1,1,0,0,0,0,0,0,0,0,0,1,0,0,0,0,-100,0,-136,0,0,0,0,0,0,"1",0,0,1,1,1,0,0,0,0,0,0,0,0,0,1,0,0,0,0,-100,0,-136,0,0,0,0,0,0,1,"SP",32.9,1,1000000,1000000,7.128,2011
"Scott Baker","LAD","2015",0,2,4,3,0,0,0,0,0,0,0,0,0,1,0,0,0,0,-100,0,-209,0,0,0,1,0,0,"/1",0,0,2,4,3,0,0,0,0,0,0,0,0,0,1,0,0,0,0,-100,0,-209,0,0,0,1,0,0,1,"SP",33.9,1,1500000,1500000,8.099,2012
"Scott Downs","CHW","2014",0,5,0,0,0,0,0,0,0,0,0,0,0,0,0,0,0,0,0,0,0,0,0,0,0,0,0,"1",0,0,5,0,0,0,0,0,0,0,0,0,0,0,0,0,0,0,0,0,0,0,0,0,0,0,0,0,1,"RP",38.4,1,4000000,4000000,1.121,2015
"Scott Feldman","2TM","2013",0.2,16,38,37,2,6,2,0,1,8,0,0,0,13,0.162,0.162,0.297,0.459,23,0.2,1,11,0,0,1,0,0,"1/H",0,0.2,16,38,37,2,6,2,0,1,8,0,0,0,13,0.162,0.162,0.297,0.459,23,0.2,1,11,0,0,1,0,0,1,"SP/SP1",30.5,1,6000000,6000000,0.090999999999999,2017
"Scott Feldman","HOU","2014",0,1,2,2,0,0,0,0,0,0,0,0,0,2,0,0,0,0,-100,0,-138,0,0,0,0,0,0,"1",0,0,1,2,2,0,0,0,0,0,0,0,0,0,2,0,0,0,0,-100,0,-138,0,0,0,0,0,0,1,"SP/SP1",31.5,3,30000000,10000000,1.091,2018
"Scott Feldman","HOU","2015",0.1,1,2,2,0,1,0,0,0,0,0,0,0,1,0.5,0.5,0.5,1,182,0.448,195,1,0,0,0,0,0,"1",0,0.1,1,2,2,0,1,0,0,0,0,0,0,0,1,0.5,0.5,0.5,1,182,0.448,195,1,0,0,0,0,0,1,"SP/SP1",32.5,3,30000000,10000000,2.091,2018
"Scott Feldman","HOU","2016",0,2,2,2,0,0,0,0,0,0,0,0,0,2,0,0,0,0,-100,0,-135,0,0,0,0,0,0,"1",0,0,2,2,2,0,0,0,0,0,0,0,0,0,2,0,0,0,0,-100,0,-135,0,0,0,0,0,0,1,"SP/SP1",33.5,3,30000000,10000000,3.091,2018
"Scott Feldman","CIN","2017",-0.4,20,38,34,0,1,0,0,0,0,0,0,0,16,0.029,0.029,0.029,0.059,-85,0.026,-150,1,0,0,4,0,0,"1",0,-0.4,20,38,34,0,1,0,0,0,0,0,0,0,16,0.029,0.029,0.029,0.059,-85,0.026,-150,1,0,0,4,0,0,1,"SP/SP1",34.5,1,2300000,2300000,4.091,2019
"Scott Hairston","NYM","2012",1.7,134,398,377,52,99,25,3,20,57,8,2,19,83,0.263,0.299,0.504,0.803,118,0.365,128,190,10,1,0,1,0,"79H8",0,1.7,134,398,377,52,99,25,3,20,57,8,2,19,83,0.263,0.299,0.504,0.803,118,0.365,128,190,10,1,0,1,0,0,"RF",32.2,1,1100000,1100000,0,2020
"Scott Hairston","2TM","2013",-0.7,85,174,157,18,30,5,0,10,26,2,0,9,44,0.191,0.237,0.414,0.651,75,0.294,71,65,3,2,1,5,0,"H97/D",0,-0.7,85,174,157,18,30,5,0,10,26,2,0,9,44,0.191,0.237,0.414,0.651,75,0.294,71,65,3,2,1,5,0,1,"RF",33.2,2,5000000,2500000,1,2021
"Scott Hairston","WSN","2014",-0.7,61,87,77,6,16,4,0,1,8,0,0,4,26,0.208,0.253,0.299,0.552,52,0.243,36,23,2,2,0,4,0,"H7/9D",0,-0.7,61,87,77,6,16,4,0,1,8,0,0,4,26,0.208,0.253,0.299,0.552,52,0.243,36,23,2,2,0,4,0,1,"RF",34.2,2,5000000,2500000,2,2021
"Scott Kazmir","OAK","2014",-0.1,2,4,4,0,0,0,0,0,0,0,0,0,1,0,0,0,0,-100,0,-138,0,0,0,0,0,0,"1",1,-0.1,2,4,4,0,0,0,0,0,0,0,0,0,1,0,0,0,0,-100,0,-138,0,0,0,0,0,0,1,"SP",30.6,2,22000000,11000000,0,2022
"Scott Kazmir","2TM","2015",0,2,4,4,1,1,0,0,0,1,0,0,0,2,0.25,0.25,0.25,0.5,41,0.224,30,1,0,0,0,0,0,"1",0,0,2,4,4,1,1,0,0,0,1,0,0,0,2,0.25,0.25,0.25,0.5,41,0.224,30,1,0,0,0,0,0,1,"SP",31.6,2,22000000,11000000,1,2022
"Scott Kazmir","LAD","2016",-0.2,26,50,43,3,5,0,0,0,2,0,0,1,24,0.116,0.136,0.116,0.253,-30,0.116,-75,5,1,0,6,0,0,"1/H",0,-0.2,26,50,43,3,5,0,0,0,2,0,0,1,24,0.116,0.136,0.116,0.253,-30,0.116,-75,5,1,0,6,0,0,1,"SP",32.6,3,48000000,16000000,2,2023
"Scott Kazmir","SFG","2021",0,5,4,3,0,0,0,0,0,0,0,0,0,2,0,0,0,0,-100,0,-209,0,0,0,1,0,0,"/1",0,0,5,4,3,0,0,0,0,0,0,0,0,0,2,0,0,0,0,-100,0,-209,0,0,0,1,0,0,1,"SP",37.6,1,709893.780094137,709893.780094137,5,2024
"Scott Mcgough","ARI","2023",0,2,0,0,0,0,0,0,0,0,0,0,0,0,0,0,0,0,0,0,0,0,0,0,0,0,0,"1",0,0,2,0,0,0,0,0,0,0,0,0,0,0,0,0,0,0,0,0,0,0,0,0,0,0,0,0,1,"RP/SU8",33.8,2,6250000,3125000,0,2025
"Scott Mcgough","ARI","2024",0,2,1,1,0,0,0,0,0,0,0,0,0,1,0,0,0,0,-100,0,-136,0,0,0,0,0,0,"1",0,0,2,1,1,0,0,0,0,0,0,0,0,0,1,0,0,0,0,-100,0,-136,0,0,0,0,0,0,1,"RP/SU8",34.8,2,6250000,3125000,1,2025
"Sean Burnett","LAA","2013",0,3,0,0,0,0,0,0,0,0,0,0,0,0,0,0,0,0,0,0,0,0,0,0,0,0,0,"1",0,0,3,0,0,0,0,0,0,0,0,0,0,0,0,0,0,0,0,0,0,0,0,0,0,0,0,0,1,"RP",30.9,2,8000000,4000000,0,2027
"Sean Burnett","WSN","2016",0,10,0,0,0,0,0,0,0,0,0,0,0,0,0,0,0,0,0,0,0,0,0,0,0,0,0,"1",0,0,10,0,0,0,0,0,0,0,0,0,0,0,0,0,0,0,0,0,0,0,0,0,0,0,0,0,1,"RP",33.9,1,1164213.6775955,1164213.6775955,2,2028
"Sean Doolittle","2TM","2021",0,44,0,0,0,0,0,0,0,0,0,0,0,0,0,0,0,0,0,0,0,0,0,0,0,0,0,"1",0,0,44,0,0,0,0,0,0,0,0,0,0,0,0,0,0,0,0,0,0,0,0,0,0,0,0,0,1,"RP",34.9,1,1500000,1500000,8.122,2029
"Sean Rodriguez","PIT","2016",1.7,140,342,300,49,81,16,1,18,56,2,1,33,102,0.27,0.349,0.51,0.859,127,0.365,124,153,6,5,1,3,2,"3H46957/8",0,1.7,140,342,300,49,81,16,1,18,56,2,1,33,102,0.27,0.349,0.51,0.859,127,0.365,124,153,6,5,1,3,2,0,"2B",31.3,1,2500000,2500000,6.133,2039
"Sean Rodriguez","2TM","2017",-0.3,54,153,132,18,22,2,0,5,8,1,0,16,57,0.167,0.276,0.295,0.572,52,0.261,46,39,3,4,1,0,1,"549H/7683",0,-0.3,54,153,132,18,22,2,0,5,8,1,0,16,57,0.167,0.276,0.295,0.572,52,0.261,46,39,3,4,1,0,1,1,"2B",32.3,2,11500000,5750000,7.133,2040
"Sean Rodriguez","PIT","2018",-0.5,66,173,150,21,25,5,1,5,19,1,0,22,60,0.167,0.277,0.313,0.591,63,0.266,56,47,1,1,0,0,1,"46H/78935",0,-0.5,66,173,150,21,25,5,1,5,19,1,0,22,60,0.167,0.277,0.313,0.591,63,0.266,56,47,1,1,0,0,1,1,"2B",33.3,2,11500000,5750000,8.133,2040
"Sean Rodriguez","PHI","2019",0.5,76,139,112,24,25,5,0,4,12,1,1,19,41,0.223,0.348,0.375,0.723,89,0.331,97,42,2,3,4,1,0,"H56/794183D",0,0.5,76,139,112,24,25,5,0,4,12,1,1,19,41,0.223,0.348,0.375,0.723,89,0.331,97,42,2,3,4,1,0,1,"2B",34.3,1,691688.341292727,691688.341292727,9.118,2041
"Sergio Romo","SFG","2015",0,67,2,2,0,0,0,0,0,0,0,0,0,1,0,0,0,0,-100,0,-136,0,0,0,0,0,0,"1",0,0,67,2,2,0,0,0,0,0,0,0,0,0,1,0,0,0,0,-100,0,-136,0,0,0,0,0,0,0,"RP",32.4,2,15000000,7500000,6.097,2042
"Sergio Romo","SFG","2016",0,38,0,0,0,0,0,0,0,0,0,0,0,0,0,0,0,0,0,0,0,0,0,0,0,0,0,"1",0,0,38,0,0,0,0,0,0,0,0,0,0,0,0,0,0,0,0,0,0,0,0,0,0,0,0,0,0,"RP",33.4,2,15000000,7500000,7.097,2042
"Sergio Romo","2TM","2017",0,32,0,0,0,0,0,0,0,0,0,0,0,0,0,0,0,0,0,0,0,0,0,0,0,0,0,"1",0,0,32,0,0,0,0,0,0,0,0,0,0,0,0,0,0,0,0,0,0,0,0,0,0,0,0,0,1,"RP",34.4,1,3000000,3000000,8.097,2043
"Sergio Romo","TBR","2018",0,5,1,1,0,0,0,0,0,0,0,0,0,1,0,0,0,0,-100,0,-125,0,0,0,0,0,0,"1/5",0,0,5,1,1,0,0,0,0,0,0,0,0,0,1,0,0,0,0,-100,0,-125,0,0,0,0,0,0,0,"RP",35.4,1,2500000,2500000,9.097,2044
"Sergio Romo","2TM","2019",0,36,0,0,0,0,0,0,0,0,0,0,0,0,0,0,0,0,0,0,0,0,0,0,0,0,0,"1",0,0,36,0,0,0,0,0,0,0,0,0,0,0,0,0,0,0,0,0,0,0,0,0,0,0,0,0,1,"RP",36.4,1,2500000,2500000,10.097,2045
"Sergio Romo","OAK","2021",0,4,0,0,0,0,0,0,0,0,0,0,0,0,0,0,0,0,0,0,0,0,0,0,0,0,0,"1",0,0,4,0,0,0,0,0,0,0,0,0,0,0,0,0,0,0,0,0,0,0,0,0,0,0,0,0,1,"RP",38.4,1,2000000,2000000,12.097,2047
"Shane Robinson","MIN","2015",0.3,83,197,180,28,45,7,3,0,16,6,1,12,29,0.25,0.299,0.322,0.621,72,0.302,80,58,4,1,3,1,0,"7H89/D1",0,0.3,83,197,180,28,45,7,3,0,16,6,1,12,29,0.25,0.299,0.322,0.621,72,0.302,80,58,4,1,3,1,0,1,"CF",30.8,1,550000,550000,0,2051
"Shane Robinson","LAA","2016",0.3,65,111,98,16,17,3,0,1,10,3,2,10,17,0.173,0.257,0.235,0.492,38,0.24,42,23,3,1,2,0,0,"78H/9D",0,0.3,65,111,98,16,17,3,0,1,10,3,2,10,17,0.173,0.257,0.235,0.492,38,0.24,42,23,3,1,2,0,0,1,"CF",31.8,1,672362.379948466,672362.379948466,1,2052
"Shane Robinson","LAA","2017",0.1,20,35,31,7,6,0,0,0,1,2,0,3,5,0.194,0.257,0.194,0.451,26,0.249,35,6,1,0,0,1,0,"/9H87D",0,0.1,20,35,31,7,6,0,0,0,1,2,0,3,5,0.194,0.257,0.194,0.451,26,0.249,35,6,1,0,0,1,0,1,"CF",32.8,1,695958.90057858,695958.90057858,2,2053
"Shane Robinson","NYY","2018",0.1,25,54,49,8,7,1,0,1,2,1,0,4,6,0.143,0.208,0.224,0.432,19,0.202,8,11,2,0,1,0,0,"9/7H8D",0,0.1,25,54,49,8,7,1,0,1,2,1,0,4,6,0.143,0.208,0.224,0.432,19,0.202,8,11,2,0,1,0,0,1,"CF",33.8,1,950000,950000,3,2054
"Shane Victorino","BOS","2013",6,122,532,477,82,140,26,2,15,61,21,3,25,75,0.294,0.351,0.451,0.801,118,0.367,123,215,5,18,10,2,0,"98/H",2,6,122,532,477,82,140,26,2,15,61,21,3,25,75,0.294,0.351,0.451,0.801,118,0.367,123,215,5,18,10,2,0,1,"RF",32.7,3,39000000,13000000,0,2055
"Shane Victorino","BOS","2014",0.5,30,133,123,14,33,6,1,2,12,2,0,6,21,0.268,0.303,0.382,0.685,90,0.32,93,47,3,1,1,2,0,"9",0,0.5,30,133,123,14,33,6,1,2,12,2,0,6,21,0.268,0.303,0.382,0.685,90,0.32,93,47,3,1,1,2,0,1,"RF",33.7,3,39000000,13000000,1,2055
"Shane Victorino","2TM","2015",0.1,71,204,178,19,41,4,2,1,7,7,0,16,32,0.23,0.308,0.292,0.601,67,0.288,65,52,4,5,3,2,1,"97H/8",0,0.1,71,204,178,19,41,4,2,1,7,7,0,16,32,0.23,0.308,0.292,0.601,67,0.288,65,52,4,5,3,2,1,1,"RF",34.7,3,39000000,13000000,2,2055
"Shaun Marcum","NYM","2013",0,14,27,22,0,3,1,0,0,0,0,0,0,5,0.136,0.174,0.182,0.356,2,0.166,-33,4,0,1,4,0,0,"1/H",0,0,14,27,22,0,3,1,0,0,0,0,0,0,5,0.136,0.174,0.182,0.356,2,0.166,-33,4,0,1,4,0,0,1,"SP",31.7,1,4000000,4000000,0,2057
"Shawn Armstrong","TEX","2025",0,1,0,0,0,0,0,0,0,0,0,0,0,0,0,0,0,0,0,0,0,0,0,0,0,0,0,"1",0,0,1,0,0,0,0,0,0,0,0,0,0,0,0,0,0,0,0,0,0,0,0,0,0,0,0,0,1,"RP",34.9,1,1250000,1250000,2,2062
"Shawn Kelley","WSN","2016",0,64,1,1,0,0,0,0,0,0,0,0,0,1,0,0,0,0,-100,0,-155,0,0,0,0,0,0,"1",0,0,64,1,1,0,0,0,0,0,0,0,0,0,1,0,0,0,0,-100,0,-155,0,0,0,0,0,0,1,"RP",32.3,3,15000000,5000000,6.128,2063
"Shawn Kelley","WSN","2017",0,31,0,0,0,0,0,0,0,0,0,0,0,0,0,0,0,0,0,0,0,0,0,0,0,0,0,"1",0,0,31,0,0,0,0,0,0,0,0,0,0,0,0,0,0,0,0,0,0,0,0,0,0,0,0,0,1,"RP",33.3,3,15000000,5000000,7.128,2063
"Shawn Kelley","WSN","2018",0,32,1,1,0,0,0,0,0,0,0,0,0,1,0,0,0,0,-100,0,-145,0,0,0,0,0,0,"1",0,0,32,1,1,0,0,0,0,0,0,0,0,0,1,0,0,0,0,-100,0,-145,0,0,0,0,0,0,1,"RP",34.3,3,15000000,5000000,8.128,2063
"Shawn Kelley","TEX","2019",0,3,0,0,0,0,0,0,0,0,0,0,0,0,0,0,0,0,0,0,0,0,0,0,0,0,0,"1",0,0,3,0,0,0,0,0,0,0,0,0,0,0,0,0,0,0,0,0,0,0,0,0,0,0,0,0,1,"RP",35.3,1,2750000,2750000,9.128,2064
"Shelby Miller","TEX","2019",0.1,2,3,1,0,0,0,0,0,0,0,0,2,1,0,0.667,0,0.667,98,0.464,184,0,0,0,0,0,0,"1",0,0.1,2,3,1,0,0,0,0,0,0,0,0,2,1,0,0.667,0,0.667,98,0.464,184,0,0,0,0,0,0,1,"RP/SU7",28.8,1,2000000,2000000,0,2065
"Shelby Miller","2TM","2021",0,12,1,1,0,0,0,0,0,0,0,0,0,0,0,0,0,0,-100,0,-125,0,0,0,0,0,0,"1",0,0,12,1,1,0,0,0,0,0,0,0,0,0,0,0,0,0,0,-100,0,-125,0,0,0,0,0,0,1,"RP/SU7",30.8,1,674990.669239509,674990.669239509,2,2067
"Shelby Miller","LAD","2023",0,1,1,1,0,0,0,0,0,0,0,0,0,0,0,0,0,0,-100,0,-133,0,0,0,0,0,0,"1",0,0,1,1,1,0,0,0,0,0,0,0,0,0,0,0,0,0,0,-100,0,-133,0,0,0,0,0,0,1,"RP/SU7",32.8,1,1500000,1500000,4,2069
"Shintaro Fujinami","BAL","2023",0,1,0,0,0,0,0,0,0,0,0,0,0,0,0,0,0,0,0,0,0,0,0,0,0,0,0,"1",0,0,1,0,0,0,0,0,0,0,0,0,0,0,0,0,0,0,0,0,0,0,0,0,0,0,0,0,1,"RP",29.3,1,3250000,3250000,0,2071
"Skip Schumaker","CIN","2014",-1.2,83,271,247,22,58,12,0,2,22,2,1,18,50,0.235,0.287,0.308,0.595,68,0.283,70,76,3,1,3,2,0,"74H9/81",0,-1.2,83,271,247,22,58,12,0,2,22,2,1,18,50,0.235,0.287,0.308,0.595,68,0.283,70,76,3,1,3,2,0,1,NA,34.5,2,5000000,2500000,0,2073
"Skip Schumaker","CIN","2015",-0.8,131,268,244,23,59,20,0,1,21,2,2,23,51,0.242,0.306,0.336,0.642,76,0.287,71,82,7,0,0,1,2,"H74/98D",0,-0.8,131,268,244,23,59,20,0,1,21,2,2,23,51,0.242,0.306,0.336,0.642,76,0.287,71,82,7,0,0,1,2,1,NA,35.5,2,5000000,2500000,1,2073
"Stephen Drew","BOS","2013",2.7,124,501,442,57,112,29,8,13,67,6,0,54,124,0.253,0.333,0.443,0.777,111,0.346,110,196,9,1,0,4,3,"6/H",0,2.7,124,501,442,57,112,29,8,13,67,6,0,54,124,0.253,0.333,0.443,0.777,111,0.346,110,196,9,1,0,4,3,1,"2B/SS",30.4,1,9500000,9500000,0.038,2077
"Stephen Drew","2TM","2014",-1,85,300,271,18,44,14,1,7,26,1,1,27,75,0.162,0.237,0.299,0.536,50,0.243,41,81,1,0,0,2,3,"64/HD",0,-1,85,300,271,18,44,14,1,7,26,1,1,27,75,0.162,0.237,0.299,0.536,50,0.243,41,81,1,0,0,2,3,0,"2B/SS",31.4,1,10093443,10093443,1.038,2078
"Stephen Drew","NYY","2015",0.1,131,428,383,43,77,16,1,17,44,0,2,37,71,0.201,0.271,0.381,0.652,77,0.288,74,146,7,1,4,3,1,"46/H5",0,0.1,131,428,383,43,77,16,1,17,44,0,2,37,71,0.201,0.271,0.381,0.652,77,0.288,74,146,7,1,4,3,1,0,"2B/SS",32.4,1,5000000,5000000,2.038,2079
"Stephen Drew","WSN","2016",1,70,165,143,24,38,11,1,8,21,0,1,16,31,0.266,0.339,0.524,0.864,123,0.366,122,75,3,2,0,4,0,"H456/D",0,1,70,165,143,24,38,11,1,8,21,0,1,16,31,0.266,0.339,0.524,0.864,123,0.366,122,75,3,2,0,4,0,1,"2B/SS",33.4,1,3000000,3000000,3.038,2080
"Stephen Drew","WSN","2017",-0.1,46,106,95,9,24,7,0,1,17,0,0,8,21,0.253,0.302,0.358,0.66,70,0.296,67,34,2,0,0,3,0,"H65/4",0,-0.1,46,106,95,9,24,7,0,1,17,0,0,8,21,0.253,0.302,0.358,0.66,70,0.296,67,34,2,0,0,3,0,0,"2B/SS",34.4,1,3500000,3500000,4.038,2081
"Stephen Vogt","SFG","2019",1.1,99,280,255,30,67,24,2,10,40,3,1,20,66,0.263,0.314,0.49,0.804,110,0.34,108,125,1,1,0,4,1,"2H/7D3",0,1.1,99,280,255,30,67,24,2,10,40,3,1,20,66,0.263,0.314,0.49,0.804,110,0.34,108,125,1,1,0,4,1,1,"C",34.8,1,691688.341292727,691688.341292727,0,2082
"Stephen Vogt","ARI","2020",0,26,81,72,6,12,5,0,1,7,0,0,8,18,0.167,0.247,0.278,0.525,43,0.248,44,20,1,0,0,1,0,"2/H3D",0,0,26,81,72,6,12,5,0,1,7,0,0,8,18,0.167,0.247,0.278,0.525,43,0.248,44,20,1,0,0,1,0,1,"C",35.8,1,3000000,3000000,1,2083
"Stephen Vogt","2TM","2021",-0.1,78,238,210,24,41,6,1,7,25,0,0,26,56,0.195,0.283,0.333,0.616,65,0.28,64,70,2,0,1,1,2,"2H/3",0,-0.1,78,238,210,24,41,6,1,7,25,0,0,26,56,0.195,0.283,0.333,0.616,65,0.28,64,70,2,0,1,1,2,1,"C",36.8,1,3549468.90047069,3549468.90047069,2,2084
"Stephen Vogt","OAK","2022",-0.6,70,191,168,18,27,4,1,7,23,1,0,17,46,0.161,0.241,0.321,0.562,64,0.256,64,54,4,2,0,4,0,"DH23",0,-0.6,70,191,168,18,27,4,1,7,23,1,0,17,46,0.161,0.241,0.321,0.562,64,0.256,64,54,4,2,0,4,0,1,"C",37.8,1,850000,850000,3,2085
"Steve Cishek","SEA","2016",0,6,0,0,0,0,0,0,0,0,0,0,0,0,0,0,0,0,0,0,0,0,0,0,0,0,0,"1",0,0,6,0,0,0,0,0,0,0,0,0,0,0,0,0,0,0,0,0,0,0,0,0,0,0,0,0,1,"RP",30.2,2,10000000,5000000,0,2086
"Steve Cishek","TBR","2017",0,2,0,0,0,0,0,0,0,0,0,0,0,0,0,0,0,0,0,0,0,0,0,0,0,0,0,"1",0,0,2,0,0,0,0,0,0,0,0,0,0,0,0,0,0,0,0,0,0,0,0,0,0,0,0,0,1,"RP",31.2,2,10000000,5000000,1,2086
"Steve Cishek","CHC","2018",0,76,6,6,1,1,0,0,0,0,0,0,0,2,0.167,0.167,0.167,0.333,-11,0.134,-46,1,0,0,0,0,0,"1/7",0,0,76,6,6,1,1,0,0,0,0,0,0,0,2,0.167,0.167,0.167,0.333,-11,0.134,-46,1,0,0,0,0,0,1,"RP",32.2,2,13000000,6500000,2,2087
"Steve Cishek","CHC","2019",0,64,2,2,0,0,0,0,0,0,0,0,0,0,0,0,0,0,-100,0,-142,0,0,0,0,0,0,"1",0,0,64,2,2,0,0,0,0,0,0,0,0,0,0,0,0,0,0,-100,0,-142,0,0,0,0,0,0,1,"RP",33.2,2,13000000,6500000,3,2087
"Steve Cishek","CHC","2019",0,64,2,2,0,0,0,0,0,0,0,0,0,0,0,0,0,0,-100,0,-142,0,0,0,0,0,0,"1",0,0,64,2,2,0,0,0,0,0,0,0,0,0,0,0,0,0,0,-100,0,-142,0,0,0,0,0,0,0,"RP",33.2,2,16201708.895145,8100854.44757248,4,2088
"Steve Cishek","LAA","2021",0,13,0,0,0,0,0,0,0,0,0,0,0,0,0,0,0,0,0,0,0,0,0,0,0,0,0,"1",0,0,13,0,0,0,0,0,0,0,0,0,0,0,0,0,0,0,0,0,0,0,0,0,0,0,0,0,1,"RP",35.2,1,1625000,1625000,7,2090
"Taijuan Walker","NYM","2021",-0.1,28,51,47,0,5,0,0,0,1,0,0,1,29,0.106,0.143,0.106,0.249,-30,0.119,-51,5,1,1,2,0,0,"1/H",1,-0.1,28,51,47,0,5,0,0,0,1,0,0,1,29,0.106,0.143,0.106,0.249,-30,0.119,-51,5,1,1,2,0,0,1,"SP/SP3",29,3,23000000,7666666.66666667,6.142,2097
"Tayler Scott","BAL","2019",0,1,0,0,0,0,0,0,0,0,0,0,0,0,0,0,0,0,0,0,0,0,0,0,0,0,0,"/1",0,0,1,0,0,0,0,0,0,0,0,0,0,0,0,0,0,0,0,0,0,0,0,0,0,0,0,0,0,"RP",27.2,1,691688.341292727,691688.341292727,0,2099
"Taylor Clarke","KCR","2022",0,4,0,0,0,0,0,0,0,0,0,0,0,0,0,0,0,0,0,0,0,0,0,0,0,0,0,"1",0,0,4,0,0,0,0,0,0,0,0,0,0,0,0,0,0,0,0,0,0,0,0,0,0,0,0,0,1,"RP/SU7",29.2,1,975000,975000,0,2102
"Taylor Clarke","KCR","2025",0,3,0,0,0,0,0,0,0,0,0,0,0,0,0,0,0,0,0,0,0,0,0,0,0,0,0,"1",0,0,3,0,0,0,0,0,0,0,0,0,0,0,0,0,0,0,0,0,0,0,0,0,0,0,0,0,1,"RP",32.2,1,1000000,1000000,2,2104
"Taylor Teagarden","NYM","2014",-0.3,9,30,28,1,4,0,0,1,5,0,0,2,7,0.143,0.2,0.25,0.45,29,0.205,17,7,1,0,0,0,0,"/2",0,-0.3,9,30,28,1,4,0,0,1,5,0,0,2,7,0.143,0.2,0.25,0.45,29,0.205,17,7,1,0,0,0,0,1,"C",30.7,1,725000,725000,0,2105
"Taylor Teagarden","CHC","2015",-0.2,8,15,15,0,3,0,0,0,2,0,0,0,4,0.2,0.2,0.2,0.4,11,0.181,-6,3,1,0,0,0,0,"/2H",0,-0.2,8,15,15,0,3,0,0,0,2,0,0,0,4,0.2,0.2,0.2,0.4,11,0.181,-6,3,1,0,0,0,0,1,"C",31.7,1,687225.311355765,687225.311355765,1,2106
"Teoscar Hernandez","LAD","2024",4.1,154,652,589,84,160,32,2,33,99,12,3,53,188,0.272,0.339,0.501,0.84,135,0.368,138,295,7,8,0,1,3,"79",2,4.1,154,652,589,84,160,32,2,33,99,12,3,53,188,0.272,0.339,0.501,0.84,135,0.368,138,295,7,8,0,1,3,1,"RF/RF",31,1,23500000,23500000,0,2107
"Teoscar Hernandez","LAD","2025",1.5,134,546,511,65,126,29,1,25,89,5,2,26,134,0.247,0.284,0.454,0.738,105,0.318,100,232,13,3,0,5,0,"9/H",0,1.5,134,546,511,65,126,29,1,25,89,5,2,26,134,0.247,0.284,0.454,0.738,105,0.318,100,232,13,3,0,5,0,0,"LF/RF",32,3,66000000,22000000,1,2108
"Terrance Gore","CHC","2018",0.3,14,5,5,5,1,0,0,0,0,6,0,0,1,0.2,0.2,0.2,0.4,7,0.478,-13,1,0,0,0,0,0,"H/7D",0,0.3,14,5,5,5,1,0,0,0,0,6,0,0,1,0.2,0.2,0.2,0.4,7,0.478,-13,1,0,0,0,0,0,1,"CF",27.2,1,694114.573020403,694114.573020403,0,2109
"Terrance Gore","KCR","2019",0.1,37,58,51,13,14,2,1,0,1,13,5,6,18,0.275,0.362,0.353,0.715,91,0.319,86,18,0,1,0,0,0,"H9/78D",0,0.1,37,58,51,13,14,2,1,0,1,13,5,6,18,0.275,0.362,0.353,0.715,91,0.319,86,18,0,1,0,0,0,0,"CF",28.2,1,650000,650000,1,2110
"Terrance Gore","NYM","2022",-0.1,10,8,7,1,1,0,0,0,0,3,0,0,3,0.143,0.143,0.143,0.286,-17,0.235,-48,1,0,0,1,0,0,"/H78D",0,-0.1,10,8,7,1,1,0,0,0,0,3,0,0,3,0.143,0.143,0.143,0.286,-17,0.235,-48,1,0,0,1,0,0,1,"CF",31.2,1,780223.372192982,780223.372192982,2,2111
"Tim Beckham","SEA","2019",0.6,88,328,304,39,72,21,1,15,47,1,3,21,102,0.237,0.293,0.461,0.753,100,0.318,101,140,7,3,0,0,0,"675D/43H",0,0.6,88,328,304,39,72,21,1,15,47,1,3,21,102,0.237,0.293,0.461,0.753,100,0.318,101,140,7,3,0,0,0,1,"3B",29.5,1,1750000,1750000,4.134,2112
"Tim Locastro","NYY","2022",-0.3,38,46,43,13,8,1,0,2,4,8,2,2,7,0.186,0.239,0.349,0.588,65,0.279,58,15,0,1,0,0,0,"H7/89D",0,-0.3,38,46,43,13,8,1,0,2,4,8,2,2,7,0.186,0.239,0.349,0.588,65,0.279,58,15,0,1,0,0,0,1,"OF",30.1,1,900000,900000,3.01,2116
"Tim Locastro","NYM","2023",0.4,43,67,56,13,13,3,0,2,3,6,0,3,22,0.232,0.338,0.393,0.731,102,0.362,116,22,0,6,2,0,0,"7H/8D9",0,0.4,43,67,56,13,13,3,0,2,3,6,0,3,22,0.232,0.338,0.393,0.731,102,0.362,116,22,0,6,2,0,0,1,"OF",31.1,1,1400000,1400000,3.122,2117
"Tim Melville","SDP","2017",0,2,0,0,0,0,0,0,0,0,0,0,0,0,0,0,0,0,0,0,0,0,0,0,0,0,0,"/1",0,0,2,0,0,0,0,0,0,0,0,0,0,0,0,0,0,0,0,0,0,0,0,0,0,0,0,0,1,"SP",27.8,1,695958.90057858,695958.90057858,0.015,2118
"Tim Melville","COL","2019",0,7,10,8,0,2,0,0,0,2,0,0,0,3,0.25,0.25,0.25,0.5,24,0.222,-19,2,0,0,2,0,0,"/1",0,0,7,10,8,0,2,0,0,0,2,0,0,0,3,0.25,0.25,0.25,0.5,24,0.222,-19,2,0,0,2,0,0,1,"SP",29.8,1,691688.341292727,691688.341292727,0.035,2119
"Tj Mcfarland","ARI","2017",0,41,5,5,0,1,0,0,0,0,0,0,0,3,0.2,0.2,0.2,0.4,2,0.16,-34,1,0,0,0,0,0,"1",0,0,41,5,5,0,1,0,0,0,0,0,0,0,3,0.2,0.2,0.2,0.4,2,0.16,-34,1,0,0,0,0,0,1,"RP",28.2,1,695958.90057858,695958.90057858,0,2120
"Tj Mcfarland","ARI","2018",-0.1,46,7,7,0,0,0,0,0,0,0,0,0,6,0,0,0,0,-100,0,-145,0,0,0,0,0,0,"1",0,-0.1,46,7,7,0,0,0,0,0,0,0,0,0,6,0,0,0,0,-100,0,-145,0,0,0,0,0,0,0,"RP",29.2,1,850000,850000,1,2121
"Tj Mcfarland","ARI","2019",-0.1,47,5,3,0,0,0,0,0,0,0,0,0,3,0,0,0,0,-100,0,-303,0,0,0,2,0,0,"1",0,-0.1,47,5,3,0,0,0,0,0,0,0,0,0,3,0,0,0,0,-100,0,-303,0,0,0,2,0,0,0,"RP",30.2,1,1807113.68445848,1807113.68445848,2,2122
"Tj Mcfarland","STL","2021",0,36,0,0,0,0,0,0,0,0,0,0,0,0,0,0,0,0,0,0,0,0,0,0,0,0,0,"1",0,0,36,0,0,0,0,0,0,0,0,0,0,0,0,0,0,0,0,0,0,0,0,0,0,0,0,0,1,"RP",32.2,1,1183156.3001569,1183156.3001569,4,2124
"Todd Frazier","NYM","2018",2.7,115,472,408,54,87,18,0,18,59,9,4,48,112,0.213,0.303,0.39,0.693,93,0.318,100,159,10,8,0,8,1,"5/HD",0,2.7,115,472,408,54,87,18,0,18,59,9,4,48,112,0.213,0.303,0.39,0.693,93,0.318,100,159,10,8,0,8,1,1,"3B",32.5,2,17000000,8500000,6.071,2127
"Todd Frazier","NYM","2019",2.3,133,499,447,63,112,19,2,21,67,1,2,40,106,0.251,0.329,0.443,0.772,105,0.335,109,198,9,12,0,0,1,"5H/3D",0,2.3,133,499,447,63,112,19,2,21,67,1,2,40,106,0.251,0.329,0.443,0.772,105,0.335,109,198,9,12,0,0,1,1,"3B",33.5,2,17000000,8500000,7.071,2127
"Todd Frazier","2TM","2020",0.2,45,172,157,16,37,9,1,4,12,1,1,11,42,0.236,0.302,0.382,0.684,88,0.303,87,60,1,4,0,0,0,"53/1H",0,0.2,45,172,157,16,37,9,1,4,12,1,1,11,42,0.236,0.302,0.382,0.684,88,0.303,87,60,1,4,0,0,0,1,"3B",34.5,1,5000000,5000000,8.071,2128
"Todd Frazier","PIT","2021",-0.4,13,40,35,3,3,1,0,0,4,0,0,3,6,0.086,0.2,0.114,0.314,-11,0.21,16,4,1,2,0,0,0,"/3H5D",0,-0.4,13,40,35,3,3,1,0,0,4,0,0,3,6,0.086,0.2,0.114,0.314,-11,0.21,16,4,1,2,0,0,0,1,"3B",35.5,1,1500000,1500000,9.071,2129
"Tom Gorzelanny","MIL","2013",-0.2,40,18,17,0,1,0,0,0,0,0,0,0,9,0.059,0.059,0.059,0.118,-67,0.053,-120,1,0,0,1,0,0,"1",0,-0.2,40,18,17,0,1,0,0,0,0,0,0,0,9,0.059,0.059,0.059,0.118,-67,0.053,-120,1,0,0,1,0,0,1,"RP",31.1,2,5700000,2850000,0,2130
"Tom Gorzelanny","MIL","2014",0,23,1,1,0,0,0,0,0,0,0,0,0,1,0,0,0,0,-100,0,-150,0,0,0,0,0,0,"1",0,0,23,1,1,0,0,0,0,0,0,0,0,0,1,0,0,0,0,-100,0,-150,0,0,0,0,0,0,1,"RP",32.1,2,5700000,2850000,1,2130
"Tom Gorzelanny","DET","2015",0,5,0,0,0,0,0,0,0,0,0,0,0,0,0,0,0,0,0,0,0,0,0,0,0,0,0,"1",0,0,5,0,0,0,0,0,0,0,0,0,0,0,0,0,0,0,0,0,0,0,0,0,0,0,0,0,1,"RP",33.1,1,1000000,1000000,2,2131
"Tommy Hunter","CLE","2016",0,3,0,0,0,0,0,0,0,0,0,0,0,0,0,0,0,0,0,0,0,0,0,0,0,0,0,"1",0,0,3,0,0,0,0,0,0,0,0,0,0,0,0,0,0,0,0,0,0,0,0,0,0,0,0,0,1,"RP",30.1,1,2000000,2000000,0,2134
"Tommy Hunter","TBR","2017",0,5,0,0,0,0,0,0,0,0,0,0,0,0,0,0,0,0,0,0,0,0,0,0,0,0,0,"1",0,0,5,0,0,0,0,0,0,0,0,0,0,0,0,0,0,0,0,0,0,0,0,0,0,0,0,0,1,"RP",31.1,1,1400000,1400000,1,2135
"Tommy Hunter","PHI","2018",0,60,1,1,0,0,0,0,0,0,0,0,0,0,0,0,0,0,-100,0,-145,0,0,0,0,0,0,"1",0,0,60,1,1,0,0,0,0,0,0,0,0,0,0,0,0,0,0,-100,0,-145,0,0,0,0,0,0,1,"RP",32.1,2,18000000,9000000,2,2136
"Tommy Hunter","PHI","2019",0,5,0,0,0,0,0,0,0,0,0,0,0,0,0,0,0,0,0,0,0,0,0,0,0,0,0,"/1",0,0,5,0,0,0,0,0,0,0,0,0,0,0,0,0,0,0,0,0,0,0,0,0,0,0,0,0,1,"RP",33.1,2,18000000,9000000,3,2136
"Tommy Hunter","PHI","2019",0,5,0,0,0,0,0,0,0,0,0,0,0,0,0,0,0,0,0,0,0,0,0,0,0,0,0,"/1",0,0,5,0,0,0,0,0,0,0,0,0,0,0,0,0,0,0,0,0,0,0,0,0,0,0,0,0,0,"RP",33.1,2,22433135.3932776,11216567.6966388,4,2137
"Tommy Hunter","NYM","2021",0.1,3,1,1,1,1,0,0,0,0,0,0,0,0,1,1,1,2,454,0.899,500,1,0,0,0,0,0,"/1",0,0.1,3,1,1,1,1,0,0,0,0,0,0,0,0,1,1,1,2,454,0.899,500,1,0,0,0,0,0,1,"RP",35.1,1,2662101.67535301,2662101.67535301,7,2139
"Tommy Hunter","NYM","2022",0,2,0,0,0,0,0,0,0,0,0,0,0,0,0,0,0,0,0,0,0,0,0,0,0,0,0,"1",0,0,2,0,0,0,0,0,0,0,0,0,0,0,0,0,0,0,0,0,0,0,0,0,0,0,0,0,1,"RP",36.1,1,780223.372192982,780223.372192982,8,2140
"Tommy Hunter","NYM","2023",0,2,0,0,0,0,0,0,0,0,0,0,0,0,0,0,0,0,0,0,0,0,0,0,0,0,0,"1",0,0,2,0,0,0,0,0,0,0,0,0,0,0,0,0,0,0,0,0,0,0,0,0,0,0,0,0,0,"RP",37.1,1,1750000,1750000,9,2141
"Tommy Kahnle","DET","2025",0,1,0,0,0,0,0,0,0,0,0,0,0,0,0,0,0,0,0,0,0,0,0,0,0,0,0,"1",0,0,1,0,0,0,0,0,0,0,0,0,0,0,0,0,0,0,0,0,0,0,0,0,0,0,0,0,1,"RP",36,1,7750000,7750000,4,2144
"Tommy La Stella","SFG","2021",0.3,76,242,220,26,55,11,1,7,27,0,0,18,26,0.25,0.308,0.405,0.713,92,0.317,93,89,4,1,0,1,1,"4H/5D",0,0.3,76,242,220,26,55,11,1,7,27,0,0,18,26,0.25,0.308,0.405,0.713,92,0.317,93,89,4,1,0,1,1,1,"2B",32.5,3,18750000,6250000,6.057,2145
"Tommy La Stella","SFG","2022",-0.7,60,195,180,17,43,14,0,2,14,0,0,11,30,0.239,0.282,0.35,0.632,79,0.278,74,63,4,1,0,3,0,"DH/534",0,-0.7,60,195,180,17,43,14,0,2,14,0,0,11,30,0.239,0.282,0.35,0.632,79,0.278,74,63,4,1,0,3,0,1,"2B",33.5,3,18750000,6250000,7.057,2145
"Tommy La Stella","SEA","2023",-0.1,12,24,21,2,4,1,0,0,2,0,0,3,5,0.19,0.292,0.238,0.53,54,0.245,55,5,0,0,0,0,0,"/DH",0,-0.1,12,24,21,2,4,1,0,0,2,0,0,3,5,0.19,0.292,0.238,0.53,54,0.245,55,5,0,0,0,0,0,1,"2B",34.5,3,18750000,6250000,8.057,2145
"Tommy La Stella","SEA","2023",-0.1,12,24,21,2,4,1,0,0,2,0,0,3,5,0.19,0.292,0.238,0.53,54,0.245,55,5,0,0,0,0,0,"/DH",0,-0.1,12,24,21,2,4,1,0,0,2,0,0,3,5,0.19,0.292,0.238,0.53,54,0.245,55,5,0,0,0,0,0,1,"2B",34.5,1,720000,720000,8.057,2146
"Tommy Milone","2TM","2017",0.1,16,12,9,0,1,0,0,0,1,0,0,2,5,0.111,0.273,0.111,0.384,8,0.208,7,1,0,0,1,0,0,"1",0,0.1,16,12,9,0,1,0,0,0,1,0,0,2,5,0.111,0.273,0.111,0.384,8,0.208,7,1,0,0,1,0,0,1,"SP",30.5,1,1250000,1250000,4.113,2147
"Tommy Milone","WSN","2018",-0.1,5,9,7,0,0,0,0,0,0,0,0,1,3,0,0.125,0,0.125,-63,0.087,-107,0,0,0,1,0,0,"/1",0,-0.1,5,9,7,0,0,0,0,0,0,0,0,1,3,0,0.125,0,0.125,-63,0.087,-107,0,0,0,1,0,0,1,"SP",31.5,1,1200000,1200000,5.113,2148
"Tommy Milone","SEA","2019",0,1,2,2,0,0,0,0,0,0,0,0,0,1,0,0,0,0,-100,0,-128,0,0,0,0,0,0,"1",0,0,1,2,2,0,0,0,0,0,0,0,0,0,1,0,0,0,0,-100,0,-128,0,0,0,0,0,0,1,"SP",32.5,1,691688.341292727,691688.341292727,5.153,2149
"Tommy Pham","2TM","2022",0.4,144,622,554,89,131,23,1,17,63,8,3,56,167,0.236,0.312,0.374,0.686,89,0.305,85,207,20,7,0,5,0,"7D/H",0,0.4,144,622,554,89,131,23,1,17,63,8,3,56,167,0.236,0.312,0.374,0.686,89,0.305,85,207,20,7,0,5,0,1,"LF",34.4,1,7500000,7500000,0,2151
"Tommy Pham","2TM","2023",1.5,129,481,426,55,109,27,3,16,68,22,3,47,106,0.256,0.328,0.446,0.774,111,0.342,109,190,11,2,0,6,1,"7DH9/8",0,1.5,129,481,426,55,109,27,3,16,68,22,3,47,106,0.256,0.328,0.446,0.774,111,0.342,109,190,11,2,0,6,1,1,"LF",35.4,1,6000000,6000000,1,2152
"Tommy Pham","3TM","2024",-0.2,116,478,440,49,109,20,3,9,39,7,3,35,106,0.248,0.305,0.368,0.674,92,0.308,97,162,5,2,0,1,0,"978/DH",0,-0.2,116,478,440,49,109,20,3,9,39,7,3,35,106,0.248,0.305,0.368,0.674,92,0.308,97,162,5,2,0,1,0,1,"RF",36.4,1,3085142.46840741,3085142.46840741,2,2153
"Tommy Pham","PIT","2025",1,120,449,392,44,96,17,1,10,52,5,3,50,94,0.245,0.33,0.37,0.7,95,0.317,98,145,12,2,0,5,3,"7/H9D",0,1,120,449,392,44,96,17,1,10,52,5,3,50,94,0.245,0.33,0.37,0.7,95,0.317,98,145,12,2,0,5,3,1,"LF",37.4,1,4025000,4025000,3,2154
"Tony Barnette","TEX","2016",0,2,0,0,0,0,0,0,0,0,0,0,0,0,0,0,0,0,0,0,0,0,0,0,0,0,0,"1",0,0,2,0,0,0,0,0,0,0,0,0,0,0,0,0,0,0,0,0,0,0,0,0,0,0,0,0,1,"RP",32.8,2,3500000,1750000,0,2155
"Tony Barnette","TEX","2017",0,3,0,0,0,0,0,0,0,0,0,0,0,0,0,0,0,0,0,0,0,0,0,0,0,0,0,"1",0,0,3,0,0,0,0,0,0,0,0,0,0,0,0,0,0,0,0,0,0,0,0,0,0,0,0,0,1,"RP",33.8,2,3500000,1750000,1,2155
"Tony Barnette","TEX","2018",0,1,0,0,0,0,0,0,0,0,0,0,0,0,0,0,0,0,0,0,0,0,0,0,0,0,0,"1",0,0,1,0,0,0,0,0,0,0,0,0,0,0,0,0,0,0,0,0,0,0,0,0,0,0,0,0,0,"RP",34.8,1,1500000,1500000,2,2156
"Tony Barnette","CHC","2019",0,2,0,0,0,0,0,0,0,0,0,0,0,0,0,0,0,0,0,0,0,0,0,0,0,0,0,"/1",0,0,2,0,0,0,0,0,0,0,0,0,0,0,0,0,0,0,0,0,0,0,0,0,0,0,0,0,1,"RP",35.8,1,750000,750000,3,2157
"Tony Sipp","HOU","2014",0,8,0,0,0,0,0,0,0,0,0,0,0,0,0,0,0,0,0,0,0,0,0,0,0,0,0,"1/79",0,0,8,0,0,0,0,0,0,0,0,0,0,0,0,0,0,0,0,0,0,0,0,0,0,0,0,0,1,"RP",31.1,1,500000,500000,0,2158
"Tony Sipp","HOU","2016",0,4,0,0,0,0,0,0,0,0,0,0,0,0,0,0,0,0,0,0,0,0,0,0,0,0,0,"1",0,0,4,0,0,0,0,0,0,0,0,0,0,0,0,0,0,0,0,0,0,0,0,0,0,0,0,0,0,"RP",33.1,3,18000000,6000000,1,2159
"Tony Sipp","HOU","2017",0,5,1,1,0,0,0,0,0,0,0,0,0,0,0,0,0,0,-100,0,-133,0,0,0,0,0,0,"1",0,0,5,1,1,0,0,0,0,0,0,0,0,0,0,0,0,0,0,-100,0,-133,0,0,0,0,0,0,0,"RP",34.1,3,18000000,6000000,2,2159
"Tony Sipp","HOU","2018",0,3,0,0,0,0,0,0,0,0,0,0,0,0,0,0,0,0,0,0,0,0,0,0,0,0,0,"1",0,0,3,0,0,0,0,0,0,0,0,0,0,0,0,0,0,0,0,0,0,0,0,0,0,0,0,0,0,"RP",35.1,3,18000000,6000000,3,2159
"Tony Sipp","HOU","2018",0,3,0,0,0,0,0,0,0,0,0,0,0,0,0,0,0,0,0,0,0,0,0,0,0,0,0,"1",0,0,3,0,0,0,0,0,0,0,0,0,0,0,0,0,0,0,0,0,0,0,0,0,0,0,0,0,0,"RP",35.1,3,22924884.9804904,7641628.32683012,4,2160
"Tony Sipp","WSN","2019",0,33,0,0,0,0,0,0,0,0,0,0,0,0,0,0,0,0,0,0,0,0,0,0,0,0,0,"1",0,0,33,0,0,0,0,0,0,0,0,0,0,0,0,0,0,0,0,0,0,0,0,0,0,0,0,0,0,"RP",36.1,3,22924884.9804904,7641628.32683012,5,2160
"Tony Sipp","WSN","2019",0,33,0,0,0,0,0,0,0,0,0,0,0,0,0,0,0,0,0,0,0,0,0,0,0,0,0,"1",0,0,33,0,0,0,0,0,0,0,0,0,0,0,0,0,0,0,0,0,0,0,0,0,0,0,0,0,1,"RP",36.1,1,1250000,1250000,7,2161
"Tony Watson","SFG","2018",0,67,0,0,0,0,0,0,0,0,0,0,0,0,0,0,0,0,0,0,0,0,0,0,0,0,0,"1",0,0,67,0,0,0,0,0,0,0,0,0,0,0,0,0,0,0,0,0,0,0,0,0,0,0,0,0,1,"RP",33.2,3,9000000,3000000,0,2162
"Tony Watson","SFG","2019",0,57,0,0,0,0,0,0,0,0,0,0,0,0,0,0,0,0,0,0,0,0,0,0,0,0,0,"1",0,0,57,0,0,0,0,0,0,0,0,0,0,0,0,0,0,0,0,0,0,0,0,0,0,0,0,0,1,"RP",34.2,3,9000000,3000000,1,2162
"Tony Watson","2TM","2021",0,35,1,1,0,0,0,0,0,0,0,0,0,1,0,0,0,0,-100,0,-125,0,0,0,0,0,0,"1",0,0,35,1,1,0,0,0,0,0,0,0,0,0,1,0,0,0,0,-100,0,-125,0,0,0,0,0,0,1,"RP",36.2,1,2000000,2000000,4,2164
"Torii Hunter","DET","2013",2.6,144,652,606,90,184,37,5,17,84,3,2,26,113,0.304,0.334,0.465,0.8,115,0.352,117,282,11,7,3,10,0,"9/H",2,2.6,144,652,606,90,184,37,5,17,84,3,2,26,113,0.304,0.334,0.465,0.8,115,0.352,117,282,11,7,3,10,0,1,"RF",38.1,2,26000000,13000000,4.132,2165
"Torii Hunter","DET","2014",0.9,142,586,549,71,157,33,2,17,83,4,3,23,89,0.286,0.319,0.446,0.765,114,0.34,114,245,18,7,0,7,0,"9/DH",0,0.9,142,586,549,71,157,33,2,17,83,4,3,23,89,0.286,0.319,0.446,0.765,114,0.34,114,245,18,7,0,7,0,1,"RF",39.1,2,26000000,13000000,5.132,2165
"Torii Hunter","MIN","2015",-0.7,139,567,521,67,125,22,0,22,81,2,5,35,105,0.24,0.293,0.409,0.702,91,0.305,88,213,14,6,0,5,1,"9D/H",0,-0.7,139,567,521,67,125,22,0,22,81,2,5,35,105,0.24,0.293,0.409,0.702,91,0.305,88,213,14,6,0,5,1,1,"RF",40.1,1,10500000,10500000,6.132,2166
"Travis Darnaud","3TM","2019",1,103,391,351,52,88,16,0,16,69,0,1,32,85,0.251,0.312,0.433,0.745,98,0.318,97,152,4,2,0,6,0,"23H/D",0,1,103,391,351,52,88,16,0,16,69,0,1,32,85,0.251,0.312,0.433,0.745,98,0.318,97,152,4,2,0,6,0,1,"C",30.5,1,691688.341292727,691688.341292727,0,2169
"Travis Darnaud","ATL","2020",0.8,44,184,165,19,53,8,0,9,34,1,0,16,50,0.321,0.386,0.533,0.919,139,0.394,138,88,8,2,0,1,0,"2/DH",1,0.8,44,184,165,19,53,8,0,9,34,1,0,16,50,0.321,0.386,0.533,0.919,139,0.394,138,88,8,2,0,1,0,1,"C",31.5,2,16000000,8000000,1,2170
"Travis Darnaud","ATL","2021",0.2,60,229,209,21,46,14,0,7,26,0,0,17,53,0.22,0.284,0.388,0.671,76,0.292,70,81,7,2,0,1,0,"2/HD",0,0.2,60,229,209,21,46,14,0,7,26,0,0,17,53,0.22,0.284,0.388,0.671,76,0.292,70,81,7,2,0,1,0,1,"C",32.5,2,16000000,8000000,2,2170
"Travis Darnaud","ATL","2022",2.8,107,426,396,61,106,25,1,18,60,0,0,19,90,0.268,0.319,0.472,0.791,117,0.347,117,187,12,11,0,0,0,"2/DH",1,2.8,107,426,396,61,106,25,1,18,60,0,0,19,90,0.268,0.319,0.472,0.791,117,0.347,117,187,12,11,0,0,0,0,"C",33.5,2,17833677.0786967,8916838.53934837,3,2171
"Travis Darnaud","ATL","2023",0.2,74,292,267,31,60,13,0,11,39,0,0,21,67,0.225,0.288,0.397,0.685,84,0.3,81,106,6,3,0,1,0,"2/DH",0,0.2,74,292,267,31,60,13,0,11,39,0,0,21,67,0.225,0.288,0.397,0.685,84,0.3,81,106,6,3,0,1,0,0,"C",34.5,2,17833677.0786967,8916838.53934837,4,2171
"Travis Darnaud","ATL","2023",0.2,74,292,267,31,60,13,0,11,39,0,0,21,67,0.225,0.288,0.397,0.685,84,0.3,81,106,6,3,0,1,0,"2/DH",0,0.2,74,292,267,31,60,13,0,11,39,0,0,21,67,0.225,0.288,0.397,0.685,84,0.3,81,106,6,3,0,1,0,0,"C",34.5,2,17019777.4830486,8509888.74152428,5,2172
"Travis Darnaud","ATL","2024",1.1,99,341,307,40,73,16,0,15,48,1,0,24,89,0.238,0.302,0.436,0.739,103,0.32,101,134,8,6,0,4,0,"2H",0,1.1,99,341,307,40,73,16,0,15,48,1,0,24,89,0.238,0.302,0.436,0.739,103,0.32,101,134,8,6,0,4,0,0,"C",35.5,2,17019777.4830486,8509888.74152428,6,2172
"Travis Darnaud","ATL","2024",1.1,99,341,307,40,73,16,0,15,48,1,0,24,89,0.238,0.302,0.436,0.739,103,0.32,101,134,8,6,0,4,0,"2H",0,1.1,99,341,307,40,73,16,0,15,48,1,0,24,89,0.238,0.302,0.436,0.739,103,0.32,101,134,8,6,0,4,0,0,"C",35.5,1,8227046.58241975,8227046.58241975,7,2173
"Travis Darnaud","LAA","2025",-0.3,69,231,213,16,42,13,0,6,21,0,0,13,74,0.197,0.255,0.343,0.598,66,0.26,58,73,5,4,0,1,0,"2/HD",0,-0.3,69,231,213,16,42,13,0,6,21,0,0,13,74,0.197,0.255,0.343,0.598,66,0.26,58,73,5,4,0,1,0,1,"C",36.5,2,12000000,6000000,8,2174
"Travis Jankowski","PHI","2021",0.5,76,157,131,24,33,6,2,1,10,5,0,22,29,0.252,0.364,0.351,0.715,96,0.337,101,46,1,1,2,0,4,"8H/97",0,0.5,76,157,131,24,33,6,2,1,10,5,0,22,29,0.252,0.364,0.351,0.715,96,0.337,101,46,1,1,2,0,4,1,"LF",30.2,1,674990.669239509,674990.669239509,0,2175
"Travis Jankowski","TEX","2023",1.6,107,287,247,34,65,12,1,1,30,19,1,35,42,0.263,0.357,0.332,0.689,93,0.332,100,82,6,2,1,2,0,"7H98/D",0,1.6,107,287,247,34,65,12,1,1,30,19,1,35,42,0.263,0.357,0.332,0.689,93,0.332,100,82,6,2,1,2,0,1,"LF",32.2,1,1329670.11586317,1329670.11586317,1,2176
"Travis Jankowski","TEX","2024",0.4,104,207,190,19,38,5,0,1,12,11,1,12,44,0.2,0.266,0.242,0.508,51,0.256,58,46,3,5,0,0,0,"9H7D8",0,0.4,104,207,190,19,38,5,0,1,12,11,1,12,44,0.2,0.266,0.242,0.508,51,0.256,58,46,3,5,0,0,0,0,"LF",33.2,1,1700000,1700000,2,2177
"Travis Jankowski","3TM","2025",-0.3,25,50,45,8,11,2,0,0,2,2,0,3,12,0.244,0.286,0.289,0.575,62,0.26,53,13,0,0,1,1,0,"9H/781D",0,-0.3,25,50,45,8,11,2,0,0,2,2,0,3,12,0.244,0.286,0.289,0.575,62,0.26,53,13,0,0,1,1,0,1,"DH/LF",34.2,1,1050000,1050000,3,2178
"Travis Shaw","TOR","2020",0.2,50,180,163,17,39,10,0,6,17,0,0,16,50,0.239,0.306,0.411,0.717,95,0.31,90,67,4,0,0,1,0,"53/HD",0,0.2,50,180,163,17,39,10,0,6,17,0,0,16,50,0.239,0.306,0.411,0.717,95,0.31,90,67,4,0,0,1,0,1,"1B/3B",30.3,1,4000000,4000000,4.053,2179
"Travis Shaw","2TM","2021",-0.6,84,250,220,20,44,11,0,9,39,0,0,24,68,0.2,0.286,0.373,0.659,77,0.295,77,82,2,3,2,1,0,"53H/D",0,-0.6,84,250,220,20,44,11,0,9,39,0,0,24,68,0.2,0.286,0.373,0.659,77,0.295,77,82,2,3,2,1,0,1,"1B/3B",31.3,1,1500000,1500000,5.053,2180
"Travis Shaw","BOS","2022",-0.7,7,19,19,0,0,0,0,0,0,0,0,0,7,0,0,0,0,-100,0,-134,0,0,0,0,0,0,"/3DH",0,-0.7,7,19,19,0,0,0,0,0,0,0,0,0,7,0,0,0,0,-100,0,-134,0,0,0,0,0,0,1,"1B/3B",32.3,1,1500000,1500000,6.053,2181
"Trevor Cahill","2TM","2015",0,26,8,7,0,1,0,0,0,0,0,0,1,2,0.143,0.25,0.143,0.393,13,0.199,8,1,0,0,0,0,0,"1",0,0,26,8,7,0,1,0,0,0,0,0,0,1,2,0.143,0.25,0.143,0.393,13,0.199,8,1,0,0,0,0,0,1,"SP",27.4,1,687225.311355765,687225.311355765,5.16,2182
"Trevor Cahill","CHC","2016",0,49,11,8,1,1,0,0,0,1,0,0,1,4,0.125,0.222,0.125,0.347,-4,0.167,-49,1,0,0,2,0,0,"1/H",0,0,49,11,8,1,1,0,0,0,1,0,0,1,4,0.125,0.222,0.125,0.347,-4,0.167,-49,1,0,0,2,0,0,0,"SP",28.4,1,4250000,4250000,6.098,2183
"Trevor Cahill","2TM","2017",0.2,10,18,14,1,4,1,0,0,2,0,0,1,4,0.286,0.333,0.357,0.69,86,0.308,85,5,0,0,3,0,0,"1",0,0.2,10,18,14,1,4,1,0,0,2,0,0,1,4,0.286,0.333,0.357,0.69,86,0.308,85,5,0,0,3,0,0,1,"SP",29.4,1,1750000,1750000,7.098,2184
"Trevor Cahill","LAA","2019",0,2,3,3,0,1,0,0,0,0,0,0,0,1,0.333,0.333,0.333,0.667,79,0.295,76,1,0,0,0,0,0,"1/H",0,0,2,3,3,0,1,0,0,0,0,0,0,0,1,0.333,0.333,0.333,0.667,79,0.295,76,1,0,0,0,0,0,1,"SP",31.4,1,9000000,9000000,9.098,2186
"Trevor Cahill","PIT","2021",0,8,9,9,0,1,0,0,0,0,0,0,0,4,0.111,0.111,0.111,0.222,-39,0.089,-70,1,0,0,0,0,0,"/1",0,0,8,9,9,0,1,0,0,0,0,0,0,0,4,0.111,0.111,0.111,0.222,-39,0.089,-70,1,0,0,0,0,0,1,"SP",33.4,1,1500000,1500000,11.056,2188
"Trevor May","NYM","2021",0,66,0,0,0,0,0,0,0,0,0,0,0,0,0,0,0,0,0,0,0,0,0,0,0,0,0,"1",0,0,66,0,0,0,0,0,0,0,0,0,0,0,0,0,0,0,0,0,0,0,0,0,0,0,0,0,1,"RP/CL",31.9,2,15500000,7750000,6.012,2192
"Trevor Megill","MIL","2024",0,1,0,0,0,0,0,0,0,0,0,0,0,0,0,0,0,0,0,0,0,0,0,0,0,0,0,"1",0,0,1,0,0,0,0,0,0,0,0,0,0,0,0,0,0,0,0,0,0,0,0,0,0,0,0,0,1,"RP",30.7,1,778072.930532348,778072.930532348,1,2195
"Trevor Plouffe","2TM","2017",-0.8,100,313,283,31,56,7,0,9,19,1,2,28,88,0.198,0.272,0.318,0.59,61,0.267,61,90,12,1,0,1,2,"5DH3/4",0,-0.8,100,313,283,31,56,7,0,9,19,1,2,28,88,0.198,0.272,0.318,0.59,61,0.267,61,90,12,1,0,1,2,1,"3B/2B",31.2,1,5250000,5250000,0,2197
"Trevor Plouffe","PHI","2018",0,7,12,12,1,3,0,0,1,3,0,0,0,6,0.25,0.25,0.5,0.75,95,0.312,85,6,0,0,0,0,0,"/H549",0,0,7,12,12,1,3,0,0,1,3,0,0,0,6,0.25,0.25,0.5,0.75,95,0.312,85,6,0,0,0,0,0,1,"3B/2B",32.2,1,1500000,1500000,1,2198
"Trevor Williams","2TM","2021",0.1,21,28,25,1,5,0,0,0,1,0,0,1,9,0.2,0.231,0.2,0.431,19,0.196,-1,5,0,0,2,0,0,"1",0,0.1,21,28,25,1,5,0,0,0,1,0,0,1,9,0.2,0.231,0.2,0.431,19,0.196,-1,5,0,0,2,0,0,1,"RP",29.3,1,2500000,2500000,0,2202
"Tyler Anderson","LAD","2022",0,2,1,1,0,0,0,0,0,0,0,0,0,1,0,0,0,0,-100,0,-136,0,0,0,0,0,0,"1/H",1,0,2,1,1,0,0,0,0,0,0,0,0,0,1,0,0,0,0,-100,0,-136,0,0,0,0,0,0,1,"SP",32.6,1,8000000,8000000,6.065,2211
"Tyler Chatwood","CHC","2018",0,23,32,25,3,4,0,0,0,2,0,0,1,6,0.16,0.192,0.16,0.352,-4,0.165,-53,4,0,0,6,0,0,"1/H",0,0,23,32,25,3,4,0,0,0,2,0,0,1,6,0.16,0.192,0.16,0.352,-4,0.165,-53,4,0,0,6,0,0,1,"RP",28.7,3,38000000,12666666.6666667,6.039,2213
"Tyler Chatwood","CHC","2019",0.1,40,21,18,1,3,2,0,0,1,0,0,1,6,0.167,0.211,0.278,0.488,26,0.212,2,5,0,0,2,0,0,"1/H",0,0.1,40,21,18,1,3,2,0,0,1,0,0,1,6,0.167,0.211,0.278,0.488,26,0.212,2,5,0,0,2,0,0,1,"RP",29.7,3,38000000,12666666.6666667,7.039,2213
"Tyler Chatwood","2TM","2021",0,6,1,1,0,0,0,0,0,0,0,0,0,1,0,0,0,0,-100,0,-125,0,0,0,0,0,0,"1",0,0,6,1,1,0,0,0,0,0,0,0,0,0,1,0,0,0,0,-100,0,-125,0,0,0,0,0,0,1,"RP",31.7,1,3000000,3000000,9.039,2214
"Tyler Clippard","2TM","2016",0,39,0,0,0,0,0,0,0,0,0,0,0,0,0,0,0,0,0,0,0,0,0,0,0,0,0,"1",0,0,39,0,0,0,0,0,0,0,0,0,0,0,0,0,0,0,0,0,0,0,0,0,0,0,0,0,1,"RP",31.5,2,12250000,6125000,6.148,2215
"Tyler Clippard","3TM","2017",0,7,0,0,0,0,0,0,0,0,0,0,0,0,0,0,0,0,0,0,0,0,0,0,0,0,0,"1",0,0,7,0,0,0,0,0,0,0,0,0,0,0,0,0,0,0,0,0,0,0,0,0,0,0,0,0,1,"RP",32.5,2,12250000,6125000,7.148,2215
"Tyler Clippard","TOR","2018",0,2,0,0,0,0,0,0,0,0,0,0,0,0,0,0,0,0,0,0,0,0,0,0,0,0,0,"1",0,0,2,0,0,0,0,0,0,0,0,0,0,0,0,0,0,0,0,0,0,0,0,0,0,0,0,0,1,"RP",33.5,1,1500000,1500000,8.148,2216
"Tyler Clippard","CLE","2019",0,2,0,0,0,0,0,0,0,0,0,0,0,0,0,0,0,0,0,0,0,0,0,0,0,0,0,"1",0,0,2,0,0,0,0,0,0,0,0,0,0,0,0,0,0,0,0,0,0,0,0,0,0,0,0,0,1,"RP",34.5,1,1500000,1500000,9.148,2217
"Tyler Clippard","ARI","2021",0,23,0,0,0,0,0,0,0,0,0,0,0,0,0,0,0,0,0,0,0,0,0,0,0,0,0,"1",0,0,23,0,0,0,0,0,0,0,0,0,0,0,0,0,0,0,0,0,0,0,0,0,0,0,0,0,1,"RP",36.5,1,2250000,2250000,11.134,2219
"Tyler Flowers","ATL","2016",0.4,83,325,281,27,76,18,0,8,41,0,0,29,91,0.27,0.357,0.42,0.777,109,0.347,112,118,3,11,0,4,1,"2/H",0,0.4,83,325,281,27,76,18,0,8,41,0,0,29,91,0.27,0.357,0.42,0.777,109,0.347,112,118,3,11,0,4,1,1,"C",30.6,2,5300000,2650000,0,2222
"Tyler Flowers","ATL","2017",2,99,370,317,41,89,16,0,12,49,0,1,31,82,0.281,0.378,0.445,0.823,115,0.373,127,141,6,20,0,2,1,"2H/D",0,2,99,370,317,41,89,16,0,12,49,0,1,31,82,0.281,0.378,0.445,0.823,115,0.373,127,141,6,20,0,2,1,1,"C",31.6,2,5300000,2650000,1,2222
"Tyler Flowers","ATL","2019",-0.2,85,310,271,36,62,11,3,11,34,0,0,31,105,0.229,0.319,0.413,0.733,85,0.314,79,112,8,6,0,2,3,"2/H",0,-0.2,85,310,271,36,62,11,3,11,34,0,0,31,105,0.229,0.319,0.413,0.733,85,0.314,79,112,8,6,0,2,3,0,"C",33.6,1,7477711.79775921,7477711.79775921,2,2223
"Tyler Flowers","ATL","2020",0.4,22,80,69,5,15,6,0,1,5,0,0,8,34,0.217,0.325,0.348,0.673,78,0.304,77,24,1,3,0,0,0,"2",0,0.4,22,80,69,5,15,6,0,1,5,0,0,8,34,0.217,0.325,0.348,0.673,78,0.304,77,24,1,3,0,0,0,0,"C",34.6,1,4000000,4000000,3,2224
"Tyler Heineman","2TM","2023",0.2,22,47,38,5,9,1,1,0,3,1,0,8,8,0.237,0.383,0.316,0.699,97,0.325,99,12,0,1,0,0,0,"2/H",0,0.2,22,47,38,5,9,1,1,0,3,1,0,8,8,0.237,0.383,0.316,0.699,97,0.325,99,12,0,1,0,0,0,1,"C",31,1,765889.986737186,765889.986737186,0,2226
"Tyler Heineman","2TM","2024",0.2,7,16,12,2,1,0,0,0,0,0,0,3,6,0.083,0.313,0.083,0.396,21,0.223,34,1,0,1,0,0,0,"/21D",0,0.2,7,16,12,2,1,0,0,0,0,0,0,3,6,0.083,0.313,0.083,0.396,21,0.223,34,1,0,1,0,0,0,1,"C",32,1,761001.808873827,761001.808873827,1,2227
"Tyler Heineman","TOR","2025",1.9,61,174,149,25,43,8,1,3,20,2,0,12,31,0.289,0.361,0.416,0.777,113,0.339,112,62,1,6,5,2,0,"2/H1",0,1.9,61,174,149,25,43,8,1,3,20,2,0,12,31,0.289,0.361,0.416,0.777,113,0.339,112,62,1,6,5,2,0,1,"C",33,1,542621,542621,2,2228
"Tyson Ross","2TM","2018",0.3,31,46,41,2,8,0,0,1,4,1,0,1,16,0.195,0.209,0.268,0.478,32,0.211,21,11,1,0,3,1,0,"1/H",0,0.3,31,46,41,2,8,0,0,1,4,1,0,1,16,0.195,0.209,0.268,0.478,32,0.211,21,11,1,0,3,1,0,1,"SP",31.3,1,1750000,1750000,6.118,2229
"Vance Worley","MIA","2017",-0.1,25,27,22,0,4,0,0,0,3,0,0,0,8,0.182,0.182,0.182,0.364,0,0.159,-43,4,1,0,5,0,0,"1/H",0,-0.1,25,27,22,0,4,0,0,0,3,0,0,0,8,0.182,0.182,0.182,0.364,0,0.159,-43,4,1,0,5,0,0,1,"RP",29.9,1,695958.90057858,695958.90057858,4.112,2232
"Wade Davis","COL","2018",0,64,0,0,0,0,0,0,0,0,0,0,0,0,0,0,0,0,0,0,0,0,0,0,0,0,0,"1",0,0,64,0,0,0,0,0,0,0,0,0,0,0,0,0,0,0,0,0,0,0,0,0,0,0,0,0,1,"RP",32.9,3,52000000,17333333.3333333,0,2238
"Wade Davis","COL","2019",0,47,0,0,0,0,0,0,0,0,0,0,0,0,0,0,0,0,0,0,0,0,0,0,0,0,0,"1",0,0,47,0,0,0,0,0,0,0,0,0,0,0,0,0,0,0,0,0,0,0,0,0,0,0,0,0,1,"RP",33.9,3,52000000,17333333.3333333,1,2238
"Wade Davis","KCR","2021",0,5,0,0,0,0,0,0,0,0,0,0,0,0,0,0,0,0,0,0,0,0,0,0,0,0,0,"1",0,0,5,0,0,0,0,0,0,0,0,0,0,0,0,0,0,0,0,0,0,0,0,0,0,0,0,0,1,"RP",35.9,1,1478945.37519612,1478945.37519612,3,2239
"Wade Leblanc","2TM","2014",0,2,0,0,0,0,0,0,0,0,0,0,0,0,0,0,0,0,0,0,0,0,0,0,0,0,0,"1",0,0,2,0,0,0,0,0,0,0,0,0,0,0,0,0,0,0,0,0,0,0,0,0,0,0,0,0,1,"SP",30,1,689449.635766739,689449.635766739,0,2240
"Wade Leblanc","PIT","2016",0,8,1,1,0,0,0,0,0,0,0,0,0,1,0,0,0,0,-100,0,-155,0,0,0,0,0,0,"/1",0,0,8,1,1,0,0,0,0,0,0,0,0,0,1,0,0,0,0,-100,0,-155,0,0,0,0,0,0,1,"RP",32,1,672362.379948466,672362.379948466,1,2241
"Wade Leblanc","PIT","2017",0,46,5,5,0,1,0,0,0,1,0,0,0,3,0.2,0.2,0.2,0.4,7,0.179,-10,1,0,0,0,0,0,"1",0,0,46,5,5,0,1,0,0,0,1,0,0,0,3,0.2,0.2,0.2,0.4,7,0.179,-10,1,0,0,0,0,0,0,"RP",33,1,1040686.20647264,1040686.20647264,2,2242
"Wade Leblanc","SEA","2018",0.1,3,4,3,0,1,0,0,0,0,0,0,0,2,0.333,0.333,0.333,0.667,89,0.298,83,1,0,0,1,0,0,"1",0,0.1,3,4,3,0,1,0,0,0,0,0,0,0,2,0.333,0.333,0.333,0.667,89,0.298,83,1,0,0,1,0,0,1,"SP",34,1,650000,650000,3,2243
"Wade Leblanc","SEA","2019",0.1,2,2,0,0,0,0,0,0,0,0,0,1,0,0,1,0,0,0,0.696,608,0,0,0,1,0,0,"1",0,0.1,2,2,0,0,0,0,0,0,0,0,0,1,0,0,1,0,0,0,0.696,608,0,0,0,1,0,0,0,"RP",35,1,3427284.57397297,3427284.57397297,4,2244
"Wade Leblanc","STL","2021",-0.1,11,13,11,0,0,0,0,0,0,0,0,0,3,0,0,0,0,-100,0,-167,0,0,0,2,0,0,"1",0,-0.1,11,13,11,0,0,0,0,0,0,0,0,0,3,0,0,0,0,-100,0,-167,0,0,0,2,0,0,1,"SP",37,1,674990.669239509,674990.669239509,6,2246
"Wade Miley","MIL","2018",0,16,28,27,1,5,0,0,0,0,0,0,1,11,0.185,0.214,0.185,0.399,9,0.178,-13,5,0,0,0,0,0,"1",0,0,16,28,27,1,5,0,0,0,0,0,0,1,11,0.185,0.214,0.185,0.399,9,0.178,-13,5,0,0,0,0,0,1,"SP/SP2",31.8,1,2500000,2500000,0,2247
"Wade Miley","HOU","2019",0,3,6,4,1,0,0,0,0,0,0,0,1,1,0,0.2,0,0.2,-39,0.139,-63,0,0,0,1,0,0,"1",0,0,3,6,4,1,0,0,0,0,0,0,0,1,1,0,0.2,0,0.2,-39,0.139,-63,0,0,0,1,0,0,1,"SP/SP2",32.8,1,4500000,4500000,1,2248
"Wade Miley","CIN","2021",0.3,28,59,54,9,10,3,0,0,3,0,0,3,13,0.185,0.228,0.241,0.469,22,0.211,4,13,0,0,2,0,0,"1/H",0,0.3,28,59,54,9,10,3,0,0,3,0,0,3,13,0.185,0.228,0.241,0.469,22,0.211,4,13,0,0,2,0,0,1,"SP/SP2",34.8,2,15000000,7500000,3,2249
"Wade Miley","CIN","2021",0.3,28,59,54,9,10,3,0,0,3,0,0,3,13,0.185,0.228,0.241,0.469,22,0.211,4,13,0,0,2,0,0,"1/H",0,0.3,28,59,54,9,10,3,0,0,3,0,0,3,13,0.185,0.228,0.241,0.469,22,0.211,4,13,0,0,2,0,0,0,"SP",34.8,2,17747344.5023534,8873672.25117671,4,2250
"Weiyin Chen","MIA","2016",-0.6,21,49,44,0,0,0,0,0,0,0,0,0,18,0,0,0,0,-100,0.021,-144,0,2,0,5,0,0,"1",0,-0.6,21,49,44,0,0,0,0,0,0,0,0,0,18,0,0,0,0,-100,0.021,-144,0,2,0,5,0,0,1,"SP",31.1,5,80000000,16000000,4,2257
"Weiyin Chen","MIA","2017",0,8,8,8,0,1,0,0,0,0,0,0,0,3,0.125,0.125,0.125,0.25,-31,0.1,-60,1,0,0,0,0,0,"/1",0,0,8,8,8,0,1,0,0,0,0,0,0,0,3,0.125,0.125,0.125,0.25,-31,0.1,-60,1,0,0,0,0,0,1,"SP",32.1,5,80000000,16000000,5,2257
"Weiyin Chen","MIA","2018",0,26,42,40,2,6,1,0,0,2,0,0,0,18,0.15,0.15,0.175,0.325,-10,0.141,-38,7,0,0,2,0,0,"1/H",0,0,26,42,40,2,6,1,0,0,2,0,0,0,18,0.15,0.15,0.175,0.325,-10,0.141,-38,7,0,0,2,0,0,1,"SP",33.1,5,80000000,16000000,6,2257
"Weiyin Chen","MIA","2019",-0.1,43,5,5,0,0,0,0,0,0,0,0,0,4,0,0,0,0,-100,0,-137,0,0,0,0,0,0,"1",0,-0.1,43,5,5,0,0,0,0,0,0,0,0,0,4,0,0,0,0,-100,0,-137,0,0,0,0,0,0,1,"SP",34.1,5,80000000,16000000,7,2257
"Welington Castillo","BAL","2017",2.3,96,365,341,44,96,11,0,20,53,0,0,22,97,0.282,0.323,0.49,0.813,116,0.354,120,167,10,0,0,2,0,"2/DH",0,2.3,96,365,341,44,96,11,0,20,53,0,0,22,97,0.282,0.323,0.49,0.813,116,0.354,120,167,10,0,0,2,0,1,"C",30.3,2,13000000,6500000,5.009,2259
"Welington Castillo","CHW","2018",0.5,49,181,170,17,44,7,0,6,15,1,0,9,46,0.259,0.304,0.406,0.71,94,0.313,93,69,7,2,0,0,0,"2/DH",0,0.5,49,181,170,17,44,7,0,6,15,1,0,9,46,0.259,0.304,0.406,0.71,94,0.313,93,69,7,2,0,0,0,1,"C",31.3,2,13000000,6500000,6.009,2259
"Welington Castillo","CHW","2018",0.5,49,181,170,17,44,7,0,6,15,1,0,9,46,0.259,0.304,0.406,0.71,94,0.313,93,69,7,2,0,0,0,"2/DH",0,0.5,49,181,170,17,44,7,0,6,15,1,0,9,46,0.259,0.304,0.406,0.71,94,0.313,93,69,7,2,0,0,0,1,"C",31.3,2,15000000,7500000,6.009,2260
"Welington Castillo","CHW","2019",-0.3,72,251,230,19,48,12,0,12,41,0,0,16,74,0.209,0.267,0.417,0.684,79,0.293,77,96,8,3,0,2,0,"2D/H",0,-0.3,72,251,230,19,48,12,0,12,41,0,0,16,74,0.209,0.267,0.417,0.684,79,0.293,77,96,8,3,0,2,0,1,"C",32.3,2,15000000,7500000,7.009,2260
"Wesley Wright","CHC","2014",0,53,0,0,0,0,0,0,0,0,0,0,0,0,0,0,0,0,0,0,0,0,0,0,0,0,0,"1",0,0,53,0,0,0,0,0,0,0,0,0,0,0,0,0,0,0,0,0,0,0,0,0,0,0,0,0,1,"RP",29.5,1,1425000,1425000,0,2262
"Weston Wilson","PHI","2023",0.2,8,22,16,5,5,0,0,1,2,3,1,6,5,0.313,0.5,0.5,1,176,0.445,181,8,0,0,0,0,0,"/7H3459",0,0.2,8,22,16,5,5,0,0,1,2,3,1,6,5,0.313,0.5,0.5,1,176,0.445,181,8,0,0,0,0,0,1,"1B",28.9,1,765889.986737186,765889.986737186,0,2264
"Weston Wilson","PHI","2025",-0.5,52,125,111,15,22,4,0,5,17,2,3,12,34,0.198,0.282,0.369,0.652,76,0.289,80,41,1,1,1,0,0,"74/3H1D5",0,-0.5,52,125,111,15,22,4,0,5,17,2,3,12,34,0.198,0.282,0.369,0.652,76,0.289,80,41,1,1,1,0,0,0,"1B",30.9,1,764000,764000,1,2265
"Wil Nieves","ARI","2013",-0.1,71,206,195,16,58,11,0,1,22,0,0,8,32,0.297,0.32,0.369,0.69,90,0.313,88,72,7,0,0,3,0,"2H/D",0,-0.1,71,206,195,16,58,11,0,1,22,0,0,8,32,0.297,0.32,0.369,0.69,90,0.313,88,72,7,0,0,3,0,0,NA,35.9,1,800000,800000,0,2266
"Wil Nieves","PHI","2014",0.6,36,128,122,9,31,8,0,1,7,1,0,1,34,0.254,0.27,0.344,0.614,71,0.282,66,42,2,2,2,1,0,"2/3H",0,0.6,36,128,122,9,31,8,0,1,7,1,0,1,34,0.254,0.27,0.344,0.614,71,0.282,66,42,2,2,2,1,0,1,NA,36.9,1,1125000,1125000,1,2267
"Wil Nieves","SDP","2015",-0.3,6,14,13,1,1,0,0,1,4,0,0,1,4,0.077,0.143,0.308,0.451,22,0.198,9,4,0,0,0,0,0,"/23H",0,-0.3,6,14,13,1,1,0,0,1,4,0,0,1,4,0.077,0.143,0.308,0.451,22,0.198,9,4,0,0,0,0,0,1,NA,37.9,1,850000,850000,2,2268
"Will Smith","LAD","2020",1.4,37,137,114,23,33,9,0,8,25,0,0,20,22,0.289,0.401,0.579,0.98,162,0.41,157,66,2,2,0,1,1,"2/DH",0,1.4,37,137,114,23,33,9,0,8,25,0,0,20,22,0.289,0.401,0.579,0.98,162,0.41,157,66,2,2,0,1,1,1,"RP/CL",31.1,3,40000000,13333333.3333333,0,2269
"Will Smith","LAD","2021",3.3,130,501,414,71,107,19,2,25,76,3,0,58,101,0.258,0.365,0.495,0.86,127,0.374,128,205,11,18,0,11,4,"2H/D35",0,3.3,130,501,414,71,107,19,2,25,76,3,0,58,101,0.258,0.365,0.495,0.86,127,0.374,128,205,11,18,0,11,4,1,"RP/CL",32.1,3,40000000,13333333.3333333,1,2269
"Will Smith","ATL","2021",0,66,0,0,0,0,0,0,0,0,0,0,0,0,0,0,0,0,0,0,0,0,0,0,0,0,0,"1",0,0,66,0,0,0,0,0,0,0,0,0,0,0,0,0,0,0,0,0,0,0,0,0,0,0,0,0,1,"RP/CL",32.1,3,40000000,13333333.3333333,1,2269
"Will Smith","LAD","2022",4.5,137,578,508,68,132,26,3,24,87,1,0,56,96,0.26,0.343,0.465,0.807,124,0.355,125,236,11,10,0,4,4,"2D/H",0,4.5,137,578,508,68,132,26,3,24,87,1,0,56,96,0.26,0.343,0.465,0.807,124,0.355,125,236,11,10,0,4,4,1,"RP/CL",33.1,3,40000000,13333333.3333333,2,2269
"Will Smith","LAD","2023",4.1,126,554,464,80,121,21,2,19,76,3,0,63,89,0.261,0.359,0.438,0.797,116,0.349,116,203,8,15,0,12,2,"2D/H",1,4.1,126,554,464,80,121,21,2,19,76,3,0,63,89,0.261,0.359,0.438,0.797,116,0.349,116,203,8,15,0,12,2,1,"RP/CL",34.1,1,1500000,1500000,3,2270
"Will Smith","TEX","2023",0,1,0,0,0,0,0,0,0,0,0,0,0,0,0,0,0,0,0,0,0,0,0,0,0,0,0,"1",0,0,1,0,0,0,0,0,0,0,0,0,0,0,0,0,0,0,0,0,0,0,0,0,0,0,0,0,1,"RP/CL",34.1,1,1500000,1500000,3,2270
"Will Smith","LAD","2024",3.4,128,544,476,77,118,24,2,20,75,1,1,51,105,0.248,0.327,0.433,0.76,114,0.327,110,206,8,9,0,8,6,"2/HD",1,3.4,128,544,476,77,118,24,2,20,75,1,1,51,105,0.248,0.327,0.433,0.76,114,0.327,110,206,8,9,0,8,6,1,"RP/CL",35.1,1,5000000,5000000,4,2271
"Willi Castro","MIN","2023",2.6,124,409,358,60,92,18,5,9,34,33,5,34,99,0.257,0.339,0.411,0.75,105,0.341,105,147,5,12,2,3,1,"785H4/691D",0,2.6,124,409,358,60,92,18,5,9,34,33,5,34,99,0.257,0.339,0.411,0.75,105,0.341,105,147,5,12,2,3,1,1,"SS",26.3,1,1800000,1800000,0,2272
"Willi Castro","2TM","2025",-0.2,120,454,402,58,91,17,3,11,33,10,4,40,111,0.226,0.313,0.366,0.679,90,0.303,89,147,12,11,1,0,1,"4975/86H1",0,-0.2,120,454,402,58,91,17,3,11,33,10,4,40,111,0.226,0.313,0.366,0.679,90,0.303,89,147,12,11,1,0,1,0,"CF",28.3,1,6400000,6400000,1,2273
"Willians Astudillo","MIN","2018",0.8,29,97,93,9,33,4,1,3,21,0,0,2,3,0.355,0.371,0.516,0.887,139,0.379,138,48,4,1,0,1,0,"2/5D4178H",0,0.8,29,97,93,9,33,4,1,3,21,0,0,2,3,0.355,0.371,0.516,0.887,139,0.379,138,48,4,1,0,1,0,1,"C",26.8,1,694114.573020403,694114.573020403,0,2274
"Willians Astudillo","MIN","2019",0,58,204,190,28,51,9,0,4,21,0,0,5,8,0.268,0.299,0.379,0.678,79,0.298,79,72,6,5,0,4,0,"235/H974D",0,0,58,204,190,28,51,9,0,4,21,0,0,5,8,0.268,0.299,0.379,0.678,79,0.298,79,72,6,5,0,4,0,0,"C",27.8,1,697919.76779086,697919.76779086,1,2275
"Willians Astudillo","MIN","2021",-0.6,72,216,208,17,49,8,0,7,21,0,0,3,12,0.236,0.259,0.375,0.634,74,0.276,71,78,12,4,0,1,0,"532/H149",0,-0.6,72,216,208,17,49,8,0,7,21,0,0,3,12,0.236,0.259,0.375,0.634,74,0.276,71,78,12,4,0,1,0,0,"C",29.8,1,678540.138139979,678540.138139979,2,2276
"Willie Bloomquist","ARI","2012",-0.1,80,338,324,47,98,21,5,0,23,7,10,12,55,0.302,0.325,0.398,0.724,93,0.32,96,129,5,0,0,2,0,"65/H479",0,-0.1,80,338,324,47,98,21,5,0,23,7,10,12,55,0.302,0.325,0.398,0.724,93,0.32,96,129,5,0,0,2,0,0,NA,34.7,2,3800000,1900000,0.029,2277
"Willie Bloomquist","ARI","2013",0.4,48,150,139,16,44,5,1,0,14,0,2,8,11,0.317,0.36,0.367,0.727,101,0.327,104,51,3,2,0,1,0,"H4/67",0,0.4,48,150,139,16,44,5,1,0,14,0,2,8,11,0.317,0.36,0.367,0.727,101,0.327,104,51,3,2,0,1,0,0,NA,35.7,2,3800000,1900000,1.029,2277
"Willie Bloomquist","SEA","2014",0.2,47,139,133,15,37,6,0,1,14,1,1,4,32,0.278,0.297,0.346,0.643,86,0.279,75,46,1,0,1,1,1,"64H/35D79",0,0.2,47,139,133,15,37,6,0,1,14,1,1,4,32,0.278,0.297,0.346,0.643,86,0.279,75,46,1,0,1,1,1,1,NA,36.7,2,5800000,2900000,2.029,2278
"Willie Bloomquist","SEA","2015",-0.4,35,72,69,2,11,1,0,0,4,1,1,2,13,0.159,0.194,0.174,0.368,5,0.201,17,12,2,1,0,0,0,"H/465739",0,-0.4,35,72,69,2,11,1,0,0,4,1,1,2,13,0.159,0.194,0.174,0.368,5,0.201,17,12,2,1,0,0,0,1,NA,37.7,2,5800000,2900000,3.029,2278
"Wilmer Difo","PIT","2021",-0.1,116,240,219,25,59,7,3,4,24,1,0,20,54,0.269,0.329,0.384,0.713,93,0.323,96,84,2,0,0,1,0,"H45/9681",0,-0.1,116,240,219,25,59,7,3,4,24,1,0,20,54,0.269,0.329,0.384,0.713,93,0.323,96,84,2,0,0,1,0,1,"SS",29.3,1,1000000,1000000,3.146,2279
"Wilmer Flores","ARI","2019",0.6,89,285,265,31,84,18,0,9,37,0,0,15,31,0.317,0.361,0.487,0.848,118,0.365,121,129,9,4,0,1,0,"4H3",0,0.6,89,285,265,31,84,18,0,9,37,0,0,15,31,0.317,0.361,0.487,0.848,118,0.365,121,129,9,4,0,1,0,1,"1B",28,1,4250000,4250000,0,2281
"Wilmer Flores","SFG","2020",1.2,55,213,198,30,53,11,1,12,32,1,0,13,36,0.268,0.315,0.515,0.83,124,0.352,120,102,5,1,0,1,1,"D34/H5",0,1.2,55,213,198,30,53,11,1,12,32,1,0,13,36,0.268,0.315,0.515,0.83,124,0.352,120,102,5,1,0,1,1,1,"1B",29,2,6250000,3125000,1,2282
"Wilmer Flores","SFG","2021",1.8,139,436,389,57,102,16,1,18,53,1,0,41,56,0.262,0.335,0.447,0.782,111,0.348,115,174,11,3,0,3,0,"5H34/D",0,1.8,139,436,389,57,102,16,1,18,53,1,0,41,56,0.262,0.335,0.447,0.782,111,0.348,115,174,11,3,0,3,0,1,"1B",30,2,6250000,3125000,2,2282
"Wilmer Flores","SFG","2022",0.9,151,602,525,72,120,28,1,19,71,0,0,59,103,0.229,0.316,0.394,0.71,101,0.316,101,207,7,11,0,7,1,"435DH",0,0.9,151,602,525,72,120,28,1,19,71,0,0,59,103,0.229,0.316,0.394,0.71,101,0.316,101,207,7,11,0,7,1,0,"DH",31,2,6966280.10886591,3483140.05443296,3,2283
"Wilmer Flores","SFG","2023",2.7,126,454,405,51,115,22,0,23,60,0,0,41,63,0.284,0.355,0.509,0.863,137,0.369,137,206,13,5,0,3,1,"3DH5/4",0,2.7,126,454,405,51,115,22,0,23,60,0,0,41,63,0.284,0.355,0.509,0.863,137,0.369,137,206,13,5,0,3,1,0,"DH",32,2,6966280.10886591,3483140.05443296,4,2283
"Wilmer Flores","SFG","2023",2.7,126,454,405,51,115,22,0,23,60,0,0,41,63,0.284,0.355,0.509,0.863,137,0.369,137,206,13,5,0,3,1,"3DH5/4",0,2.7,126,454,405,51,115,22,0,23,60,0,0,41,63,0.284,0.355,0.509,0.863,137,0.369,137,206,13,5,0,3,1,0,"1B",32,3,17551645.5293938,5850548.50979795,5,2284
"Wilmer Flores","SFG","2024",-0.6,71,242,214,19,44,12,0,4,26,0,0,20,33,0.206,0.277,0.318,0.595,71,0.274,75,68,5,3,0,5,1,"3H/D5",0,-0.6,71,242,214,19,44,12,0,4,26,0,0,20,33,0.206,0.277,0.318,0.595,71,0.274,75,68,5,3,0,5,1,0,"1B",33,3,17551645.5293938,5850548.50979795,6,2284
"Wilmer Flores","SFG","2025",0.3,125,463,419,44,101,10,0,16,71,1,0,34,88,0.241,0.307,0.379,0.686,96,0.312,101,159,14,7,0,3,0,"D3H/5",0,0.3,125,463,419,44,101,10,0,16,71,1,0,34,88,0.241,0.307,0.379,0.686,96,0.312,101,159,14,7,0,3,0,0,"1B",34,3,17551645.5293938,5850548.50979795,7,2284
"Wilson Ramos","TBR","2017",0.1,64,224,208,19,54,6,0,11,35,0,0,10,36,0.26,0.29,0.447,0.737,97,0.314,93,93,11,0,0,3,2,"2/HD",0,0.1,64,224,208,19,54,6,0,11,35,0,0,10,36,0.26,0.29,0.447,0.737,97,0.314,93,93,11,0,0,3,2,1,"C",30,2,12500000,6250000,0,2285
"Wilson Ramos","2TM","2018",2.5,111,416,382,39,117,22,1,15,70,0,0,32,80,0.306,0.358,0.487,0.845,130,0.366,131,186,20,0,0,2,2,"2H/D",1,2.5,111,416,382,39,117,22,1,15,70,0,0,32,80,0.306,0.358,0.487,0.845,130,0.366,131,186,20,0,0,2,2,1,"C",31,2,12500000,6250000,1,2285
"Wilson Ramos","NYM","2019",2.1,141,524,473,52,136,19,0,14,73,1,0,44,69,0.288,0.351,0.416,0.768,106,0.336,108,197,16,4,0,3,5,"2H/D",0,2.1,141,524,473,52,136,19,0,14,73,1,0,44,69,0.288,0.351,0.416,0.768,106,0.336,108,197,16,4,0,3,5,1,"C",32,2,19000000,9500000,2,2286
"Wilson Ramos","NYM","2020",0.3,45,155,142,13,34,6,0,5,15,0,0,10,31,0.239,0.297,0.387,0.684,87,0.299,84,55,5,2,0,1,0,"2/HD",0,0.3,45,155,142,13,34,6,0,5,15,0,0,10,31,0.239,0.297,0.387,0.684,87,0.299,84,55,5,2,0,1,0,1,"C",33,2,19000000,9500000,3,2286
"Wilson Ramos","NYM","2020",0.3,45,155,142,13,34,6,0,5,15,0,0,10,31,0.239,0.297,0.387,0.684,87,0.299,84,55,5,2,0,1,0,"2/HD",0,0.3,45,155,142,13,34,6,0,5,15,0,0,10,31,0.239,0.297,0.387,0.684,87,0.299,84,55,5,2,0,1,0,0,"C",33,2,23282954.7279906,11641477.3639953,4,2287
"Wilson Ramos","2TM","2021",-0.4,44,163,151,15,31,5,0,8,20,0,0,9,36,0.205,0.248,0.397,0.646,76,0.279,73,60,2,0,0,1,0,"2D/H",0,-0.4,44,163,151,15,31,5,0,8,20,0,0,9,36,0.205,0.248,0.397,0.646,76,0.279,73,60,2,0,0,1,0,0,"C",34,2,23282954.7279906,11641477.3639953,5,2287
"Wilson Ramos","2TM","2021",-0.4,44,163,151,15,31,5,0,8,20,0,0,9,36,0.205,0.248,0.397,0.646,76,0.279,73,60,2,0,0,1,0,"2D/H",0,-0.4,44,163,151,15,31,5,0,8,20,0,0,9,36,0.205,0.248,0.397,0.646,76,0.279,73,60,2,0,0,1,0,1,"C",34,1,2000000,2000000,6,2288
"Wily Peralta","KCR","2018",0,2,0,0,0,0,0,0,0,0,0,0,0,0,0,0,0,0,0,0,0,0,0,0,0,0,0,"1",0,0,2,0,0,0,0,0,0,0,0,0,0,0,0,0,0,0,0,0,0,0,0,0,0,0,0,0,1,"RP",29.2,1,1525000,1525000,4.112,2289
"Wily Peralta","DET","2021",0,1,2,1,0,0,0,0,0,0,0,0,1,0,0,0.5,0,0.5,60,0.346,121,0,0,0,0,0,0,"1",0,0,1,2,1,0,0,0,0,0,0,0,0,1,0,0,0.5,0,0.5,60,0.346,121,0,0,0,0,0,0,1,"RP",32.2,1,1500000,1500000,5.166,2290
"Xavier Nady","2TM","2012",-0.8,59,166,152,12,28,6,1,4,13,1,0,13,37,0.184,0.253,0.316,0.569,56,0.251,43,48,8,1,0,0,2,"7H9",0,-0.8,59,166,152,12,28,6,1,4,13,1,0,13,37,0.184,0.253,0.316,0.569,56,0.251,43,48,8,1,0,0,2,1,"1B/LF",33.7,1,700000,700000,0,2294
"Xavier Nady","SDP","2014",-0.2,22,42,37,4,5,1,0,3,4,0,0,5,9,0.135,0.238,0.405,0.644,83,0.287,81,15,4,0,0,0,0,"H/973",0,-0.2,22,42,37,4,5,1,0,3,4,0,0,5,9,0.135,0.238,0.405,0.644,83,0.287,81,15,4,0,0,0,0,1,"1B/LF",35.7,1,775000,775000,1,2295
"Yan Gomes","WSN","2020",0.7,30,119,109,14,31,6,1,4,13,1,0,6,22,0.284,0.319,0.468,0.787,110,0.351,115,51,1,1,0,3,0,"2",0,0.7,30,119,109,14,31,6,1,4,13,1,0,6,22,0.284,0.319,0.468,0.787,110,0.351,115,51,1,1,0,3,0,0,"C",33.1,2,10000000,5000000,0,2296
"Yan Gomes","2TM","2021",2.4,103,375,349,49,88,15,1,14,52,0,0,19,78,0.252,0.301,0.421,0.723,98,0.314,97,147,15,6,0,1,3,"2/HD",0,2.4,103,375,349,49,88,15,1,14,52,0,0,19,78,0.252,0.301,0.421,0.723,98,0.314,97,147,15,6,0,1,3,0,"C",34.1,2,10000000,5000000,1,2296
"Yan Gomes","CHC","2022",0.7,86,293,277,23,65,12,0,8,31,2,0,8,47,0.235,0.26,0.365,0.625,72,0.282,71,101,15,3,1,4,0,"2/DH",0,0.7,86,293,277,23,65,12,0,8,31,2,0,8,47,0.235,0.26,0.365,0.625,72,0.282,71,101,15,3,1,4,0,1,"C",35.1,2,13000000,6500000,2,2297
"Yan Gomes","CHC","2023",2,116,419,382,44,102,20,2,10,63,1,0,21,81,0.267,0.315,0.408,0.723,98,0.313,94,156,9,9,0,7,1,"2DH",0,2,116,419,382,44,102,20,2,10,63,1,0,21,81,0.267,0.315,0.408,0.723,98,0.313,94,156,9,9,0,7,1,1,"C",36.1,2,13000000,6500000,3,2297
"Yan Gomes","CHC","2023",2,116,419,382,44,102,20,2,10,63,1,0,21,81,0.267,0.315,0.408,0.723,98,0.313,94,156,9,9,0,7,1,"2DH",0,2,116,419,382,44,102,20,2,10,63,1,0,21,81,0.267,0.315,0.408,0.723,98,0.313,94,156,9,9,0,7,1,0,"C",36.1,2,13828569.204977,6914284.60248848,4,2298
"Yan Gomes","CHC","2024",-0.7,34,96,91,7,14,2,0,2,7,0,0,2,36,0.154,0.179,0.242,0.421,18,0.192,12,22,2,1,1,1,0,"2",0,-0.7,34,96,91,7,14,2,0,2,7,0,0,2,36,0.154,0.179,0.242,0.421,18,0.192,12,22,2,1,1,1,0,0,"C",37.1,2,13828569.204977,6914284.60248848,5,2298
"Yasmani Grandal","MIL","2019",2.5,153,632,513,79,126,26,2,28,77,5,1,109,139,0.246,0.38,0.468,0.848,119,0.37,123,240,16,5,0,5,2,"23/HD",2,2.5,153,632,513,79,126,26,2,28,77,5,1,109,139,0.246,0.38,0.468,0.848,119,0.37,123,240,16,5,0,5,2,1,"C",30.8,1,18250000,18250000,0,2299
"Yasmani Grandal","CHW","2020",0.9,46,194,161,27,37,7,0,8,27,0,0,30,58,0.23,0.351,0.422,0.773,112,0.34,111,68,4,1,0,2,0,"2/D3H",0,0.9,46,194,161,27,37,7,0,8,27,0,0,30,58,0.23,0.351,0.422,0.773,112,0.34,111,68,4,1,0,2,0,1,"C",31.8,4,73000000,18250000,1,2300
"Yasmani Grandal","CHW","2021",3.7,93,375,279,60,67,9,0,23,62,0,0,87,82,0.24,0.42,0.52,0.939,155,0.406,159,145,15,3,1,5,0,"2/D3H",0,3.7,93,375,279,60,67,9,0,23,62,0,0,87,82,0.24,0.42,0.52,0.939,155,0.406,159,145,15,3,1,5,0,1,"C",32.8,4,73000000,18250000,2,2300
"Yasmani Grandal","CHW","2022",-1.4,99,376,327,15,66,7,0,5,27,1,0,45,79,0.202,0.301,0.269,0.57,64,0.266,64,88,8,2,0,2,1,"2D/3H",0,-1.4,99,376,327,15,66,7,0,5,27,1,0,45,79,0.202,0.301,0.269,0.57,64,0.266,64,88,8,2,0,2,1,1,"C",33.8,4,73000000,18250000,3,2300
"Yasmani Grandal","CHW","2023",-0.6,118,405,363,33,85,14,0,8,33,0,0,36,86,0.234,0.309,0.339,0.647,79,0.294,81,123,11,4,0,2,1,"2HD/3",0,-0.6,118,405,363,33,85,14,0,8,33,0,0,36,86,0.234,0.309,0.339,0.647,79,0.294,81,123,11,4,0,2,1,1,"C",34.8,4,73000000,18250000,4,2300
"Yasmani Grandal","PIT","2024",0.7,72,243,215,26,49,10,0,9,27,1,0,24,46,0.228,0.304,0.4,0.704,96,0.327,106,86,7,0,3,1,0,"2/H3",0,0.7,72,243,215,26,49,10,0,9,27,1,0,24,46,0.228,0.304,0.4,0.704,96,0.327,106,86,7,0,3,1,0,1,"C",35.8,1,2500000,2500000,5,2301
"Yimi Garcia","TOR","2025",0,1,0,0,0,0,0,0,0,0,0,0,0,0,0,0,0,0,0,0,0,0,0,0,0,0,0,"1",0,0,1,0,0,0,0,0,0,0,0,0,0,0,0,0,0,0,0,0,0,0,0,0,0,0,0,0,1,"RP/SU7",35,2,15000000,7500000,5,2307
"Yonder Alonso","CLE","2018",1.5,145,574,516,64,129,19,0,23,83,0,0,51,123,0.25,0.317,0.421,0.738,98,0.323,96,217,10,2,0,5,1,"3/HD",0,1.5,145,574,516,64,129,19,0,23,83,0,0,51,123,0.25,0.317,0.421,0.738,98,0.323,96,217,10,2,0,5,1,1,"1B",31.3,2,16000000,8000000,6.116,2308
"Yonder Alonso","2TM","2019",-0.9,121,335,292,34,58,13,0,10,37,0,1,39,70,0.199,0.296,0.346,0.641,68,0.292,72,101,13,2,0,2,3,"HD3",0,-0.9,121,335,292,34,58,13,0,10,37,0,1,39,70,0.199,0.296,0.346,0.641,68,0.292,72,101,13,2,0,2,3,1,"1B",32.3,2,16000000,8000000,7.116,2308
"Yonder Alonso","2TM","2019",-0.9,121,335,292,34,58,13,0,10,37,0,1,39,70,0.199,0.296,0.346,0.641,68,0.292,72,101,13,2,0,2,3,"HD3",0,-0.9,121,335,292,34,58,13,0,10,37,0,1,39,70,0.199,0.296,0.346,0.641,68,0.292,72,101,13,2,0,2,3,1,"1B",32.3,1,691688.341292727,691688.341292727,7.116,2309
"Yovani Gallardo","BAL","2016",0.2,3,6,4,1,2,0,0,0,0,0,0,1,1,0.5,0.6,0.5,1.1,202,0.495,245,2,0,0,1,0,0,"1/H",0,0.2,3,6,4,1,2,0,0,0,0,0,0,1,1,0.5,0.6,0.5,1.1,202,0.495,245,2,0,0,1,0,0,1,"SP",30.4,2,22000000,11000000,8.108,2313
"Yovani Gallardo","SEA","2017",0.1,1,2,2,0,1,0,0,0,0,0,0,0,0,0.5,0.5,0.5,1,176,0.446,188,1,0,0,0,0,0,"1",0,0.1,1,2,2,0,1,0,0,0,0,0,0,0,0,0.5,0.5,0.5,1,176,0.446,188,1,0,0,0,0,0,1,"SP",31.4,2,22000000,11000000,9.108,2313
"Yovani Gallardo","2TM","2018",0,4,2,1,0,0,0,0,0,0,0,0,0,0,0,0,0,0,-100,0,-375,0,0,0,1,0,0,"1",0,0,4,2,1,0,0,0,0,0,0,0,0,0,0,0,0,0,0,-100,0,-375,0,0,0,1,0,0,1,"SP",32.4,1,750000,750000,10.108,2314
"Yusmeiro Petit","WSN","2016",0,33,7,6,0,1,0,0,0,0,0,0,0,2,0.167,0.167,0.167,0.333,-11,0.15,-58,1,0,0,1,0,0,"1",0,0,33,7,6,0,1,0,0,0,0,0,0,0,2,0.167,0.167,0.167,0.333,-11,0.15,-58,1,0,0,1,0,0,1,"RP",31.8,1,3000000,3000000,0,2319
"Yusmeiro Petit","LAA","2017",0,2,0,0,0,0,0,0,0,0,0,0,0,0,0,0,0,0,0,0,0,0,0,0,0,0,0,"1",0,0,2,0,0,0,0,0,0,0,0,0,0,0,0,0,0,0,0,0,0,0,0,0,0,0,0,0,1,"RP",32.8,1,2250000,2250000,1,2320
"Yusmeiro Petit","OAK","2018",0,4,0,0,0,0,0,0,0,0,0,0,0,0,0,0,0,0,0,0,0,0,0,0,0,0,0,"1",0,0,4,0,0,0,0,0,0,0,0,0,0,0,0,0,0,0,0,0,0,0,0,0,0,0,0,0,1,"RP",33.8,2,10000000,5000000,2,2321
"Yusmeiro Petit","OAK","2019",0,6,1,1,0,0,0,0,0,0,0,0,0,0,0,0,0,0,-100,0,-115,0,1,0,0,0,0,"1",0,0,6,1,1,0,0,0,0,0,0,0,0,0,0,0,0,0,0,-100,0,-115,0,1,0,0,0,0,1,"RP",34.8,2,10000000,5000000,3,2321
"Yusmeiro Petit","OAK","2019",0,6,1,1,0,0,0,0,0,0,0,0,0,0,0,0,0,0,-100,0,-115,0,1,0,0,0,0,"1",0,0,6,1,1,0,0,0,0,0,0,0,0,0,0,0,0,0,0,-100,0,-115,0,1,0,0,0,0,0,"RP",34.8,2,12462852.9962654,6231426.49813268,4,2322
"Yusmeiro Petit","OAK","2021",0,6,0,0,0,0,0,0,0,0,0,0,0,0,0,0,0,0,0,0,0,0,0,0,0,0,0,"1",0,0,6,0,0,0,0,0,0,0,0,0,0,0,0,0,0,0,0,0,0,0,0,0,0,0,0,0,0,"RP",36.8,2,12254186.6989424,6127093.34947122,7,2323
"Yusmeiro Petit","OAK","2021",0,6,0,0,0,0,0,0,0,0,0,0,0,0,0,0,0,0,0,0,0,0,0,0,0,0,0,"1",0,0,6,0,0,0,0,0,0,0,0,0,0,0,0,0,0,0,0,0,0,0,0,0,0,0,0,0,0,"RP",36.8,1,2550000,2550000,8,2324
"Zach Duke","WSN","2012",0,8,1,1,0,0,0,0,0,0,0,0,0,0,0,0,0,0,-100,0,-145,0,0,0,0,0,0,"/1",0,0,8,1,1,0,0,0,0,0,0,0,0,0,0,0,0,0,0,-100,0,-145,0,0,0,0,0,0,1,NA,29.2,1,900000,900000,0,2327
"Zach Duke","2TM","2013",0.1,25,2,2,0,2,0,0,0,0,0,0,0,0,1,1,1,2,455,0.907,550,2,0,0,0,0,0,"1",0,0.1,25,2,2,0,2,0,0,0,0,0,0,0,0,1,1,1,2,455,0.907,550,2,0,0,0,0,0,1,NA,30.2,1,687482.955954937,687482.955954937,1,2328
"Zach Duke","MIL","2014",0,67,2,1,0,0,0,0,0,0,0,0,0,1,0,0,0,0,-100,0,-400,0,0,0,1,0,0,"1",0,0,67,2,1,0,0,0,0,0,0,0,0,0,1,0,0,0,0,-100,0,-400,0,0,0,1,0,0,1,NA,31.2,1,850000,850000,2,2329
"Zach Duke","CHW","2015",0,6,0,0,0,0,0,0,0,0,0,0,0,0,0,0,0,0,0,0,0,0,0,0,0,0,0,"1",0,0,6,0,0,0,0,0,0,0,0,0,0,0,0,0,0,0,0,0,0,0,0,0,0,0,0,0,1,NA,32.2,3,15000000,5000000,3,2330
"Zach Duke","2TM","2016",0,30,0,0,0,0,0,0,0,0,0,0,0,0,0,0,0,0,0,0,0,0,0,0,0,0,0,"1",0,0,30,0,0,0,0,0,0,0,0,0,0,0,0,0,0,0,0,0,0,0,0,0,0,0,0,0,1,NA,33.2,3,15000000,5000000,4,2330
"Zach Duke","2TM","2016",0,30,0,0,0,0,0,0,0,0,0,0,0,0,0,0,0,0,0,0,0,0,0,0,0,0,0,"1",0,0,30,0,0,0,0,0,0,0,0,0,0,0,0,0,0,0,0,0,0,0,0,0,0,0,0,0,1,"RP",33.2,3,19872779.7029103,6624259.90097011,6,2331
"Zach Duke","STL","2017",0,25,0,0,0,0,0,0,0,0,0,0,0,0,0,0,0,0,0,0,0,0,0,0,0,0,0,"1",0,0,25,0,0,0,0,0,0,0,0,0,0,0,0,0,0,0,0,0,0,0,0,0,0,0,0,0,1,NA,34.2,3,15000000,5000000,5,2330
"Zach Duke","STL","2017",0,25,0,0,0,0,0,0,0,0,0,0,0,0,0,0,0,0,0,0,0,0,0,0,0,0,0,"1",0,0,25,0,0,0,0,0,0,0,0,0,0,0,0,0,0,0,0,0,0,0,0,0,0,0,0,0,1,"RP",34.2,3,19872779.7029103,6624259.90097011,7,2331
"Zach Duke","STL","2017",0,25,0,0,0,0,0,0,0,0,0,0,0,0,0,0,0,0,0,0,0,0,0,0,0,0,0,"1",0,0,25,0,0,0,0,0,0,0,0,0,0,0,0,0,0,0,0,0,0,0,0,0,0,0,0,0,0,"RP",34.2,3,19512866.3713621,6504288.79045402,9,2332
"Zach Duke","2TM","2018",0,5,1,1,0,0,0,0,0,0,0,0,0,1,0,0,0,0,-100,0,-125,0,0,0,0,0,0,"1",0,0,5,1,1,0,0,0,0,0,0,0,0,0,1,0,0,0,0,-100,0,-125,0,0,0,0,0,0,1,"RP",35.2,3,19872779.7029103,6624259.90097011,8,2331
"Zach Duke","2TM","2018",0,5,1,1,0,0,0,0,0,0,0,0,0,1,0,0,0,0,-100,0,-125,0,0,0,0,0,0,"1",0,0,5,1,1,0,0,0,0,0,0,0,0,0,1,0,0,0,0,-100,0,-125,0,0,0,0,0,0,0,"RP",35.2,3,19512866.3713621,6504288.79045402,10,2332
"Zach Duke","2TM","2018",0,5,1,1,0,0,0,0,0,0,0,0,0,1,0,0,0,0,-100,0,-125,0,0,0,0,0,0,"1",0,0,5,1,1,0,0,0,0,0,0,0,0,0,1,0,0,0,0,-100,0,-125,0,0,0,0,0,0,1,"RP",35.2,1,2738250.15044746,2738250.15044746,12,2333
"Zach Duke","CIN","2019",0,29,0,0,0,0,0,0,0,0,0,0,0,0,0,0,0,0,0,0,0,0,0,0,0,0,0,"1",0,0,29,0,0,0,0,0,0,0,0,0,0,0,0,0,0,0,0,0,0,0,0,0,0,0,0,0,0,"RP",36.2,3,19512866.3713621,6504288.79045402,11,2332
"Zach Duke","CIN","2019",0,29,0,0,0,0,0,0,0,0,0,0,0,0,0,0,0,0,0,0,0,0,0,0,0,0,0,"1",0,0,29,0,0,0,0,0,0,0,0,0,0,0,0,0,0,0,0,0,0,0,0,0,0,0,0,0,1,NA,36.2,1,2000000,2000000,13,2334
"Zach Putnam","CHW","2014",0,4,0,0,0,0,0,0,0,0,0,0,0,0,0,0,0,0,0,0,0,0,0,0,0,0,0,"1",0,0,4,0,0,0,0,0,0,0,0,0,0,0,0,0,0,0,0,0,0,0,0,0,0,0,0,0,1,"RP",27.1,1,500000,500000,0,2335
"Zach Putnam","CHW","2016",0,2,0,0,0,0,0,0,0,0,0,0,0,0,0,0,0,0,0,0,0,0,0,0,0,0,0,"1",0,0,2,0,0,0,0,0,0,0,0,0,0,0,0,0,0,0,0,0,0,0,0,0,0,0,0,0,0,"RP",29.1,1,1291730.68068917,1291730.68068917,1,2336
"Zack Greinke","LAD","2013",1.3,29,72,58,5,19,3,0,0,4,2,0,7,10,0.328,0.409,0.379,0.788,125,0.379,142,22,0,1,6,0,0,"1/H",2,1.3,29,72,58,5,19,3,0,0,4,2,0,7,10,0.328,0.409,0.379,0.788,125,0.379,142,22,0,1,6,0,0,1,"SP/SP2",29.8,6,147000000,24500000,0,2338
"Zack Greinke","LAD","2014",0.8,29,69,60,5,12,6,0,1,3,0,0,5,11,0.2,0.262,0.35,0.612,73,0.274,65,21,0,0,4,0,0,"1",2,0.8,29,69,60,5,12,6,0,1,3,0,0,5,11,0.2,0.262,0.35,0.612,73,0.274,65,21,0,0,4,0,0,1,"SP/SP2",30.8,6,147000000,24500000,1,2338
"Zack Greinke","LAD","2015",0.6,30,77,67,8,15,2,0,2,3,1,0,1,14,0.224,0.232,0.343,0.575,59,0.252,40,23,0,0,8,1,0,"1",3,0.6,30,77,67,8,15,2,0,2,3,1,0,1,14,0.224,0.232,0.343,0.575,59,0.252,40,23,0,0,8,1,0,1,"SP/SP2",31.8,6,147000000,24500000,2,2338
"Zack Greinke","ARI","2016",0.2,25,60,52,4,11,1,0,0,3,1,0,3,9,0.212,0.246,0.231,0.476,25,0.217,1,12,0,0,3,2,0,"1/H",1,0.2,25,60,52,4,11,1,0,0,3,1,0,3,9,0.212,0.246,0.231,0.476,25,0.217,1,12,0,0,3,2,0,1,"SP/SP2",32.8,6,147000000,24500000,3,2338
"Zack Greinke","ARI","2016",0.2,25,60,52,4,11,1,0,0,3,1,0,3,9,0.212,0.246,0.231,0.476,25,0.217,1,12,0,0,3,2,0,"1/H",1,0.2,25,60,52,4,11,1,0,0,3,1,0,3,9,0.212,0.246,0.231,0.476,25,0.217,1,12,0,0,3,2,0,1,"SP/SP2",32.8,6,206500000,34416666.6666667,6,2339
"Zack Greinke","ARI","2017",0.3,30,70,62,4,13,4,0,0,4,0,0,2,18,0.21,0.246,0.274,0.52,32,0.228,8,17,0,1,5,0,0,"1/H",3,0.3,30,70,62,4,13,4,0,0,4,0,0,2,18,0.21,0.246,0.274,0.52,32,0.228,8,17,0,1,5,0,0,1,"SP/SP2",33.8,6,147000000,24500000,4,2338
"Zack Greinke","ARI","2017",0.3,30,70,62,4,13,4,0,0,4,0,0,2,18,0.21,0.246,0.274,0.52,32,0.228,8,17,0,1,5,0,0,"1/H",3,0.3,30,70,62,4,13,4,0,0,4,0,0,2,18,0.21,0.246,0.274,0.52,32,0.228,8,17,0,1,5,0,0,1,"SP/SP2",33.8,6,206500000,34416666.6666667,7,2339
"Zack Greinke","ARI","2018",0.7,30,71,64,6,15,4,0,0,5,3,0,3,16,0.234,0.269,0.297,0.566,50,0.263,35,19,3,0,4,0,0,"1/H",1,0.7,30,71,64,6,15,4,0,0,5,3,0,3,16,0.234,0.269,0.297,0.566,50,0.263,35,19,3,0,4,0,0,1,"SP/SP2",34.8,6,147000000,24500000,5,2338
"Zack Greinke","ARI","2018",0.7,30,71,64,6,15,4,0,0,5,3,0,3,16,0.234,0.269,0.297,0.566,50,0.263,35,19,3,0,4,0,0,"1/H",1,0.7,30,71,64,6,15,4,0,0,5,3,0,3,16,0.234,0.269,0.297,0.566,50,0.263,35,19,3,0,4,0,0,1,"SP/SP2",34.8,6,206500000,34416666.6666667,8,2339
"Zack Greinke","2TM","2019",0.8,25,56,50,7,14,4,1,3,8,1,1,2,12,0.28,0.308,0.58,0.888,122,0.358,121,29,2,0,4,0,0,"1/H",1,0.8,25,56,50,7,14,4,1,3,8,1,1,2,12,0.28,0.308,0.58,0.888,122,0.358,121,29,2,0,4,0,0,1,"SP/SP2",35.8,6,206500000,34416666.6666667,9,2339
"Zack Greinke","HOU","2021",0,1,2,2,0,0,0,0,0,0,0,0,0,1,0,0,0,0,-100,0,-125,0,0,0,0,0,0,"1",0,0,1,2,2,0,0,0,0,0,0,0,0,0,1,0,0,0,0,-100,0,-125,0,0,0,0,0,0,1,"SP/SP2",37.8,6,206500000,34416666.6666667,11,2339
"Zack Greinke","HOU","2021",0,1,2,2,0,0,0,0,0,0,0,0,0,1,0,0,0,0,-100,0,-125,0,0,0,0,0,0,"1",0,0,1,2,2,0,0,0,0,0,0,0,0,0,1,0,0,0,0,-100,0,-125,0,0,0,0,0,0,1,"SP",37.8,6,253048955.333162,42174825.8888602,13,2340
"Zack Greinke","HOU","2021",0,1,2,2,0,0,0,0,0,0,0,0,0,1,0,0,0,0,-100,0,-125,0,0,0,0,0,0,"1",0,0,1,2,2,0,0,0,0,0,0,0,0,0,1,0,0,0,0,-100,0,-125,0,0,0,0,0,0,0,"SP",37.8,6,244321775.982399,40720295.9970665,18,2341
"Zack Greinke","KCR","2023",0,1,0,0,0,0,0,0,0,0,0,0,0,0,0,0,0,0,0,0,0,0,0,0,0,0,0,"1",0,0,1,0,0,0,0,0,0,0,0,0,0,0,0,0,0,0,0,0,0,0,0,0,0,0,0,0,1,"SP",39.8,6,253048955.333162,42174825.8888602,15,2340
"Zack Greinke","KCR","2023",0,1,0,0,0,0,0,0,0,0,0,0,0,0,0,0,0,0,0,0,0,0,0,0,0,0,0,"1",0,0,1,0,0,0,0,0,0,0,0,0,0,0,0,0,0,0,0,0,0,0,0,0,0,0,0,0,0,"SP",39.8,6,244321775.982399,40720295.9970665,20,2341
"Zack Greinke","KCR","2023",0,1,0,0,0,0,0,0,0,0,0,0,0,0,0,0,0,0,0,0,0,0,0,0,0,0,0,"1",0,0,1,0,0,0,0,0,0,0,0,0,0,0,0,0,0,0,0,0,0,0,0,0,0,0,0,0,0,"SP/SP2",39.8,1,8500000,8500000,25,2343
"Zack Littell","SFG","2021",0,60,4,4,0,1,0,0,0,0,0,0,0,3,0.25,0.25,0.25,0.5,37,0.225,28,1,0,0,0,0,0,"1",0,0,60,4,4,0,1,0,0,0,0,0,0,0,3,0.25,0.25,0.25,0.5,37,0.225,28,1,0,0,0,0,0,1,"RP",25.8,1,674990.669239509,674990.669239509,0,2344
"Zack Wheeler","PHI","2021",0.1,32,73,68,1,11,2,0,0,3,0,0,0,39,0.162,0.162,0.191,0.353,-5,0.169,-21,13,1,0,5,0,0,"1/H",3,0.1,32,73,68,1,11,2,0,0,3,0,0,0,39,0.162,0.162,0.191,0.353,-5,0.169,-21,13,1,0,5,0,0,1,"SP/SP1",31.2,5,118000000,23600000,1,2348
