"player","position","Yt_contract_total","Yt_contract_annual","team","team_whole_name","initial_contract_year","reference_end_contract_year","mean_age","mean_years_experience","dummy_team_change","years_contract","last_age","last_years_experience","total_awards","total_MVP_price","total_CYA_price","total_SS_price","total_leader","last_MVP_price","last_CYA_price","last_SS_price","last_team_g","last_team_w","last_team_l","last_team_divs","last_team_playoffs","last_team_games_over_500","last_team_pnnts","last_team_ws","last_team_hof","last_team_r","last_team_ab","last_team_h","last_team_hr","last_team_ra","last_team_w_l_percent","last_team_ba","last_team_era","last_id_player","last_leader_to_2","Xt_last_war","Xt_last_war_to_2","Xt_last_g","Xt_last_pa","Xt_last_ab","Xt_last_r","Xt_last_h","Xt_last_x2b","Xt_last_x3b","Xt_last_hr","Xt_last_rbi","Xt_last_sb","Xt_last_cs","Xt_last_bb","Xt_last_so","Xt_last_gidp","Xt_last_hbp","Xt_last_sh","Xt_last_sf","Xt_last_ibb","Xt_last_ba","Xt_last_obp","Xt_last_slg","Xt_last_ops","Xt_last_ops_plus","Xt_last_r_oba","Xt_last_rbat","Xt_last_tb","Xt_last_g_to_2","Xt_last_pa_to_2","Xt_last_ab_to_2","Xt_last_r_to_2","Xt_last_h_to_2","Xt_last_x2b_to_2","Xt_last_x3b_to_2","Xt_last_hr_to_2","Xt_last_rbi_to_2","Xt_last_sb_to_2","Xt_last_cs_to_2","Xt_last_bb_to_2","Xt_last_so_to_2","Xt_last_gidp_to_2","Xt_last_hbp_to_2","Xt_last_sh_to_2","Xt_last_sf_to_2","Xt_last_ibb_to_2","Xt_last_ba_to_2","Xt_last_obp_to_2","Xt_last_slg_to_2","Xt_last_ops_to_2","Xt_last_ops_plus_to_2","Xt_last_r_oba_to_2","Xt_last_rbat_to_2","Xt_last_tb_to_2"
"Adam Duvall","NH",0.568379880802582,0.423077668441352,"BOS","Boston Red Sox",2023,2023,34.9,1,1,1,34.9,1,0,0,0,0,0,0,0,0,162,78,84,0,0,-6,0,0,0,772,5562,1437,182,776,0.518,0.267,3.92,6,0,-0.618133927429005,-0.989014283886407,7.48685382069467,13.7718416534114,13.3449224996528,-4.27121098088625,-5.76166716416683,-3.46410161513775,-0.707106781186547,-3.2024699769847,-5.08693651198077,-0.87287156094397,0,-2.45967477524977,8.04399666539844,0,-1.4142135623731,0,1.66666666666667,-0.192450089729875,0.403349310978297,0.428506709399048,0.669528700240065,0.821365993363097,9.0474024631095,0.526137296288197,8.52076005737207,-8.98477918388873,688.790551503909,4861.46010365421,4270.37519988889,192.204494139881,455.17170596918,83.1384387633061,-1.41421356237309,67.2518695166787,295.042317694885,3.49148624377588,0,54.1128450554949,884.839633193828,0,8.48528137423857,0,8.33333333333333,-0.192450089729875,-0.0996272798116393,-0.129837532947911,-0.355519739827475,0.685019238464822,1076.64089311003,-0.183621916404581,971.366646540416,1527.41246126108
"Adam Duvall","NH",0.622795650832709,0.59642141635043,"MIA","Miami Marlins",2021,2021,32.9,0,1,1,32.9,0,1,0,0,0,0,0,0,0,162,67,95,0,0,-28,0,0,0,623,5348,1244,158,701,0.461,0.256,4.3,6,0,1.67431578064991,4.85551576388475,11.5423134596146,20.7413238238662,20.246495023773,7.22479580463037,8.62535443506148,-2.79478278419107,-0.577350269189626,6.33333333333333,13.0481160836855,-0.790569415042095,0,4.30820218427665,14.5506109741234,-1.56524758424985,-1.41421356237309,0,-1.22474487139159,-0.333333333333333,0.348101745434902,0.429020133628103,0.686193360595248,0.833924799824277,8.55964985462623,0.525862312844175,8.24786098842323,15.1139556263825,1685.17776510373,11511.4347222458,10386.4519471955,484.061318910235,1009.16646890219,47.5113073312483,-1.15470053837925,240.666666666667,1474.43711745647,3.95284707521047,0,150.787076449683,2531.80630949747,10.956733089749,5.65685424949238,0,3.67423461417477,-0.333333333333333,-0.0793671979591576,-0.120554657549497,-0.336920940052267,0.643789945464342,873.084285171875,-0.17511215017711,824.786098842323,3808.71681784839
"Adam Rosales","NH",0.612913494606632,0.564941387735511,"TEX","Texas Rangers",2015,2015,32.2,1,0,1,32.2,1,0,0,0,0,0,0,0,0,162,88,74,1,1,14,0,0,0,751,5511,1419,172,733,0.477,0.26,4.24,11,0,0.0360374985078224,-0.00360374985078224,-4.16407326698745,-4.55525323174377,-4.40420423293166,-1.26750044459526,-1.9115580174439,-0.632455532033676,0,-0.557086014531156,-0.7,-0.8,-1.41421356237309,-1.17851130197758,-2.34978134996387,-1.0690449676497,-0.229415733870562,0,0,0,-0.322440692221066,-0.362433884783943,0.418758069581447,0.62894546694346,5.32239315087292,0.415458305306653,5.23418944349885,-2.18016627806229,220.695883150335,569.406653967972,502.079282554209,17.7450062243336,49.7005084535414,-2.5298221281347,0,-1.67125804359347,-4.9,3.2,5.65685424949238,11.7851130197758,70.4934404989162,4.27617987059879,-0.229415733870562,0,0,0,-0.073516477826403,-0.107280429896047,-0.143215259796855,-0.401267207909927,383.212306862851,-0.117574700401783,371.627450488418,85.0264848444295
"Adam Rosales","NH",0.609348802986654,0.553585911093264,"TEX","Texas Rangers",2014,2014,31.2,0,1,1,31.2,0,0,0,0,0,0,0,0,0,162,67,95,0,0,-28,0,0,0,637,5460,1400,111,773,0.476,0.26,4.24,11,0,-0.288299988062579,-0.230639990450063,-4.39977552738296,-6.59600667956498,-6.3358727561473,-1.81071492085037,-3.16142287500337,-1.10679718105893,0,-0.742781352708207,-1.9,-0.8,-0.707106781186547,-1.53206469257085,-3.28969388994942,-1.33630620956212,-0.688247201611685,0,0,0,0.370523953341751,-0.401615926382207,0.462837866379494,0.69598040699386,7.17044632825936,0.491796933843564,7.888144654287,-3.46590536512467,246.387429533446,1193.87720900126,1039.08313200816,36.2142984170074,135.941183625145,7.74758026741253,0,2.97112541083283,36.1,3.2,-1.41421356237309,19.9168410034211,138.167143377876,6.68153104781061,-2.06474160483506,0,0,0,-0.0970772757755387,-0.131730023853364,-0.174952713491449,-0.491362167337665,695.533293841158,-0.164751972837594,844.031478008709,214.88613263773
"Aj Pierzynski","NE",0.619019062753806,0.584390934533425,"ATL","Atlanta Braves",2015,2015,38.6,14.1,1,1,38.6,14.1,0,0,0,0,0,0,0,0,162,67,95,0,0,-28,0,0,1,573,5420,1361,100,760,0.501,0.26,3.64,19,0,-0.56468391559199,-0.734089090269587,8.87811847489776,16.4207099819727,16.3061106823753,-3.8783587594067,8.96961838954445,3.65996568798251,-0.577350269189626,-1.42302494707577,-4.80484531088551,0,-1,-1.9,-2.83777045873527,3.96177386708442,-1.56524758424985,0,-1,-0.603022689155527,-0.346410161513775,-0.391443482510566,-0.384603692129964,-0.543765114732455,-5.31528477621399,-0.370515438464911,-5.23810646475418,9.61886992376297,1003.22738766345,7159.42955214008,6636.58704772676,147.377632857455,1094.29344352442,87.8391765115803,-0.577350269189626,12.8072245236819,235.43742023339,0,2,36.1,104.997506973205,75.273703474604,10.956733089749,0,3,-1.20604537831105,-0.103923048454133,-0.132699340571082,-0.165379587615884,-0.418155373229258,595.311894935967,-0.126716279954999,602.382243446731,1683.30223665852
"Aj Pierzynski","NE",0.55149249970913,0.369282198314086,"TEX","Texas Rangers",2013,2013,36.6,12.1,1,1,36.6,12.1,0,0,0,0,0,0,0,0,163,91,72,0,0,19,0,0,0,730,5585,1465,176,636,0.477,0.26,4.24,19,0,-0.648674973140802,1.16761495165344,10.5280342976664,19.2778316767396,19.4325853435493,-4.34571581004089,10.0724403226852,3.79473319220206,-0.447213595499958,3.15682074900988,7,-0.2,-0.353553390593274,-1.29636243217534,-5.95277941990848,3.74165738677394,-2.06474160483506,0,1.89736659610103,1.15470053837925,0.384666088965482,-0.363658323583888,0.520386489976945,0.711753334064542,7.02260207406844,0.469776175611763,6.92977193928017,11.9629636796239,1410.75659588729,10197.9729569953,9774.59042780531,208.594358881963,1379.92432420787,91.0735966128493,-0.447213595499958,53.665952733168,490,-0.2,-0.353553390593274,14.2599867539287,452.411235913044,52.3832034148352,18.5826744435155,0,11.3841995766062,2.3094010767585,-0.104629176198611,-0.108006522104415,-0.221164258240201,0.5138859071946,667.147197036502,-0.150328376195764,651.398562292336,2560.07422743951
"Albert Pujols","H",0.639906810810029,0.65092974362207,"LAD","Los Angeles Dodgers",2021,2021,41.5,20,1,1,41.5,20,0,0,0,0,0,0,0,0,162,106,56,0,1,50,0,0,0,830,5445,1330,237,561,0.529,0.261,3.53,21,0,0.24913643956122,-0.149481863736732,8.78347030787664,-11.5922546598218,-11.331177597167,-3.1091263510296,-5.13870119777362,-0.5,0,2.95932015124686,-4.92664639082147,-0.5,0,-1.76383420737639,-3.28196230870263,3.13049516849971,-1.14707866935281,0,-0.577350269189626,-1.22474487139159,-0.33375440072005,0.401636651713959,0.499985333118216,0.64130429594694,5.90713747323975,0.427504753589766,5.2750437871663,-6.92844786590103,957.398263558554,3431.30737930724,3116.07383922093,90.1646641798585,334.015577855285,-1.5,0,50.3084425711967,246.332319541073,-1,0,24.6936789032695,147.688303891618,43.8269323589959,5.73539334676404,0,-1.15470053837925,3.67423461417477,-0.0787660385699319,-0.114064809086764,-0.216493649240187,-0.459815180193956,525.735235118338,-0.130388949844879,422.003502973304,824.485296042222
"Albert Pujols","H",0,0,"LAA","Los Angeles Angels",2012,2021,36.5,15,1,10,40.5,19,5,2,0,0,2,0,0,0,60,26,34,0,0,-8,0,0,0,294,2020,501,85,321,0.499,0.257,3.98,21,0,0.0456435464587638,-0.00456435464587638,-3.09290118430076,-6.18294242075868,-6.04145761473045,-1.58999682000954,-2.584972132317,-1.13137084989848,0,-0.948683298050514,-2.29174624257053,0,0,-1.125,-1.88444590361102,-0.755928946018454,-0.301511344577764,0,-0.333333333333333,-0.25,0.374898679122564,0.45188680072809,0.549885470809833,0.7175052173353,6.72492659299411,0.467784570471905,6.00245047998781,-3.39140051366533,120.62314618773,1007.81961458367,918.301557439028,23.8499523001431,87.889052498778,9.05096679918781,0,5.69209978830308,57.2936560642632,0,0,10.125,47.1111475902756,3.02371578407382,-0.301511344577764,0,-0.333333333333333,-0.25,-0.0839773041234543,-0.122009436196584,-0.217204760969884,0.477140969527974,531.269200846535,-0.132383033443549,420.171533599147,203.48403081992
"Alex Avila","NH",0.572613951172529,0.546759656946277,"ARI","Arizona Diamondbacks",2018,2019,32,8.561,1,2,32.5,9.061,0,0,0,0,0,0,0,0,162,85,77,0,0,8,0,0,0,813,5633,1419,220,743,0.495,0.257,4.21,23,0,-0.531368931324057,-0.637642717588869,-5.04403684486025,-7.77692348696807,-6.64561536747948,-2.28129372840694,-2.50651325463325,-1.20604537831105,0,-1.76504521624366,-2.60316549382387,-0.182574185835055,0,4.85423900973534,6.63612049605003,2.06559111797729,-0.235702260395516,0,0,2.64575131106459,0.367655201245888,0.544043539545885,0.56871124637361,0.786283337015424,8.16496580927726,0.518836820389269,7.7567175188134,-3.86932786323511,317.774321226195,1563.16162088058,1089.88092026664,50.1884620249526,85.2214506575305,9.64836302648844,0,15.8854069461929,62.475971851773,-0.182574185835055,0,174.752604350472,451.256193731402,16.5247289438183,-0.235702260395516,0,0,18.5202591774521,-0.0761046266578989,-0.192047369459697,-0.23942743472329,0.608583302849939,816.496580927726,-0.171734987548848,736.888164287273,266.983622563222
"Alex Avila","NH",0.665903813637185,0.623550123500395,"DET","Detroit Tigers",2017,2017,30.5,7.061,1,1,30.5,7.061,0,0,0,0,0,0,0,0,162,64,98,0,0,-34,0,0,3,735,5556,1435,187,894,0.507,0.266,3.98,23,0,1.64421661464117,4.60380652099528,8.96717661308488,14.4829788565013,-12.4599518973433,-4.32177946889678,-6.04512020235078,-2.13718683496964,-0.301511344577764,-2.51447422837485,5.25335142070519,0,-0.301511344577764,6.26294577622371,8.96922111302323,2.35702260395516,-0.353553390593274,-0.408248290463863,-0.316227766016838,1.15470053837925,0.46815575540706,0.547300648638388,0.586434425684771,0.88205830058879,10.1058230527982,0.595203645552633,10.5000881830512,-8.27732954503825,1004.32378066551,5445.60005004449,3875.04504007377,177.192958224768,495.699856592764,27.7834288546054,-0.301511344577764,35.2026391972479,257.414219614554,0,-0.301511344577764,388.30263812587,1076.30653356279,23.5702260395516,-0.353553390593274,-0.408248290463863,-0.316227766016838,2.3094010767585,-0.123593119427464,-0.211805351023056,-0.262136188281093,0.735636622691051,1212.69876633579,-0.216654126981158,1281.01075833225,1150.54880676032
"Alex Avila","NH",0.599086277810506,0.520894201023555,"CHW","Chicago White Sox",2016,2016,29.5,6.061,1,1,29.5,6.061,0,0,0,0,0,0,0,0,162,78,84,0,0,-6,0,0,1,686,5550,1428,168,715,0.504,0.261,3.75,23,0,-0.467887720419033,-0.421098948377129,-4.53467651980166,-7.99716274724083,-6.7384712829042,-2.27093435773535,-2.72134420566644,-0.925820099772551,0,-1.45960089839952,-1.18616050523782,0,0,-4.07402763238362,6.66398973019074,-0.707106781186548,-0.267261241912424,0,-0.316227766016838,0,-0.213,-0.359,-0.263750829382582,-0.422620397046806,-3.90140319825464,-0.295387630737204,-3.85467126562535,-3.84117779335306,258.476561628695,1671.40701417333,1138.80164681081,43.1477527969716,97.9683914039917,5.55492059863531,0,10.2172062887967,13.047765557616,0,0,154.813050030578,519.791198954877,-2.12132034355964,-0.267261241912424,0,-0.316227766016838,0,-0.045369,-0.128881,-0.0983790593597032,-0.309358130638262,401.844529420228,-0.0968871428818028,404.740482890662,241.994200981243
"Andrew Mccutchen","NH",0.605950021136977,0.542758947074889,"PIT","Pittsburgh Pirates",2024,2024,37.8,5,0,1,37.8,5,0,0,0,0,1,0,0,0,162,76,86,0,0,-10,0,0,0,665,5477,1283,160,739,0.5,0.263,3.76,35,1,-0.376968517462526,-0.339271665716273,9.51661902861773,20.6828977192393,19.1201740699791,6.80738022530804,8.60710124146463,-2.95918177149643,-0.408248290463863,3.28797974610715,-4.6423834544263,-0.866025403784439,-0.894427190999916,6.609713434659,11.161112065346,2.25,-1.80739222823013,0,-0.755928946018454,-0.277350098112615,-0.232,-0.328,-0.411,-0.522551911296859,-5.08816282381558,-0.38490328348094,-5.57795987468863,10.6232449530891,1141.99428343413,10651.6923254083,8565.83798335065,449.28709487033,895.138529112321,53.2652718869358,-0.408248290463863,65.7595949221429,232.119172721315,2.59807621135332,1.78885438199983,383.363379210222,1484.42790469101,20.25,12.6517455976109,0,1.51185789203691,-0.277350098112615,-0.053824,-0.107584,-0.168921,-0.386165862448378,539.345259324452,-0.127787890115672,619.153546090438,1954.6770713684
"Andrew Mccutchen","NH",0.605950021136977,0.542758947074889,"PIT","Pittsburgh Pirates",2023,2023,36.8,4,1,1,36.8,4,0,0,0,0,0,0,0,0,162,76,86,0,0,-10,0,0,0,692,5406,1293,159,790,0.501,0.264,3.76,35,0,-0.586395471608374,-0.820953660251723,8.88217776004321,18.9961371285441,16.6447943912765,5.67281685442336,8.27605888602368,3.12358075880179,0,-1.97278784766429,-3.99244977080662,3.17542648054294,1.34164078649987,8.54704323447285,8.39181358296689,-2,-1.03279555898864,0,1.51185789203691,-0.277350098112615,-0.256,-0.378,-0.397,-0.548714862200761,-5.37617204025798,-0.403452839311346,-5.67846365621455,8.9489291724392,994.80390912484,8985.17286180136,6491.46981259783,312.004926993285,827.605888602368,59.348034417234,0,23.6734541719714,171.675340144684,34.9296912859724,4.02492235949962,641.028242585463,839.181358296689,16,4.13118223595458,0,6.04743156814764,-0.277350098112615,-0.065536,-0.142884,-0.157609,-0.42580273306779,602.131268508893,-0.140401588080349,641.666393152244,1387.08402172808
"Andrew Mccutchen","NH",0.578013675828366,0.453766531898262,"MIL","Milwaukee Brewers",2022,2022,35.8,3,1,1,35.8,3,0,0,0,0,1,0,0,0,162,86,76,0,0,10,0,0,0,725,5417,1271,219,688,0.484,0.257,4.16,35,1,-0.55048188256318,-0.55048188256318,10.5936301615641,22.8552017809339,21.9796643884805,7.20119037778775,10.5787416281943,4.41941738241592,0,-2.6549539521063,7.11680659918567,-1.94028500029066,2.44948974278318,5.45960982576056,8.63948937721606,2.35702260395516,-1.0690449676497,0,-1.26491106406735,-0.447213595499958,0.454426755892067,-0.316,0.534572204534116,0.760151424835371,8.89197542117365,-0.371317403389955,4.97069158155358,11.9616174479375,1419.54644164959,13256.0170329417,11319.5271600674,475.278564933991,1290.6064786397,110.485434560398,0,45.1342171858072,491.059655343812,15.5222800023253,14.6969384566991,311.197760068352,1071.29668277479,23.5702260395516,4.27617987059879,0,5.05964425626941,-0.447213595499958,-0.10769914114642,-0.099856,-0.205275726541101,0.53210599738476,862.521615853844,-0.115108395050886,477.186391829143,2368.40025469163
"Andrew Mccutchen","NH",0.435077652212732,0.389898262113586,"PHI","Philadelphia Phillies",2019,2021,33.8,1,1,3,34.8,2,0,0,0,0,0,0,0,0,162,82,80,0,0,2,0,0,0,734,5366,1288,198,745,0.472,0.261,3.99,35,0,-0.559502884944188,-0.671403461933026,11.3137084989848,21.3325419972937,19.2645944841561,7.40343236686949,8.20652538066686,3.94557569532857,-0.5,-3.60802676581773,6.96310623822791,1.80906806746658,-0.577350269189626,7.21605353163546,9.00232528101025,2.42535625036333,-1.20604537831105,0,2.47487373415292,-0.755928946018454,0.396808352998755,0.472347329832614,0.591737064166466,0.778,8.21618413974406,0.512679675273169,8.10190619409411,11.6057794932981,1629.17402385381,12244.8791064466,9285.53454136324,577.46772461582,878.098215731354,94.6938166878858,-0.5,97.4167226770787,557.048499058233,10.8544084047995,-0.577350269189626,584.500336062472,1188.30693709335,24.2535625036333,4.82418151324422,0,17.3241161390704,1.51185789203691,-0.0880914543657236,-0.157764008164093,-0.262731256489911,0.605284,895.564071232102,-0.175336448943424,883.107775156258,2483.63681156579
"Andrew Miller","NH",0.623986697455196,0.583386897785767,"STL","St Louis Cardinals",2019,2020,34.2,4,1,2,34.2,4,0,0,0,0,0,0,0,0,162,91,71,1,1,20,0,0,1,764,5449,1336,210,662,0.52,0.266,3.67,36,0,0,0,-5.45238267376677,0,0,0,0,0,0,0,0,0,0,0,0,0,0,0,0,0,0,0,0,0,0,0,0,0,365.309639142373,0,0,0,0,0,0,0,0,0,0,0,0,0,0,0,0,0,0,0,0,0,0,0,0,0
"Andrew Miller","NH",0.564831361148659,0.612905983623986,"NYY","New York Yankees",2015,2018,30.7,0.5,1,4,31.2,1,4,0,2,0,0,0,1,0,162,84,78,0,0,6,0,0,0,680,5458,1378,183,702,0.569,0.267,3.64,36,0,0,0,-0.405553552826906,0,0,0,0,0,0,0,0,0,0,0,0,0,0,0,0,0,0,0,0,0,0,0,0,0,-2.02776776413453,0,0,0,0,0,0,0,0,0,0,0,0,0,0,0,0,0,0,0,0,0,0,0,0,0
"Anthony Banda","NH",0.613286488204255,0.56612957469165,"PIT","Pittsburgh Pirates",2021,2021,28,2,1,1,28,2,0,0,0,0,0,0,0,0,162,61,101,0,0,-40,0,0,0,609,5336,1261,124,833,0.502,0.264,3.74,38,0,0,0,-2.29984959858262,-0.0401609664451249,-0.042678959977632,-0.103142124625879,0,0,0,0,0,0,0,0,0,0,0,0,0,0,0,0,0,0,4.80015360737319,0,6.28148634537008,0,66.6956383588959,-0.0401609664451249,-0.042678959977632,-0.103142124625879,0,0,0,0,0,0,0,0,0,0,0,0,0,0,0,0,0,0,480.015360737319,0,785.185793171259,0
"Anthony Banda","NH",0.605429320972169,0.541100234571974,"ARI","Arizona Diamondbacks",2017,2017,24,0,1,1,24,0,0,0,0,0,0,0,0,0,162,93,69,0,1,24,0,0,0,812,5525,1405,220,659,0.493,0.258,4.23,38,0,0.0442807442770048,-0.00442807442770048,-0.560448538317805,-0.232146969760241,-0.202610224618277,0,0,0,0,0,0,0,0,0,-0.29277002188456,0,0,-0.447213595499958,0,0,0,0,0,0,8.16496580927726,0,16.3299316185545,0,-3.92313976822463,-1.39288181856145,-1.01305112309138,0,0,0,0,0,0,0,0,0,-0.87831006565368,0,0,-0.447213595499958,0,0,0,0,0,0,816.496580927726,0,3265.9863237109,0
"Aroldis Chapman","NH",0.430895778892585,0.402316538267232,"NYY","New York Yankees",2021,2023,33.4,5,0,3,33.4,5,1,0,0,0,0,0,0,0,162,92,70,0,1,22,0,0,0,711,5331,1266,222,669,0.57,0.266,3.65,45,0,0,0,-0.567774973957669,0,0,0,0,0,0,0,0,0,0,0,0,0,0,0,0,0,0,0,0,0,0,0,0,0,-3.97442481770368,0,0,0,0,0,0,0,0,0,0,0,0,0,0,0,0,0,0,0,0,0,0,0,0,0
"Aroldis Chapman","NH",0.53450204014124,0.569431636896097,"NYY","New York Yankees",2017,2021,30.4,1,1,5,31.4,2,2,0,0,0,0,0,0,0,162,103,59,1,1,44,0,0,3,943,5583,1493,306,739,0.57,0.266,3.65,45,0,0,0,-0.243332131696144,0,0,0,0,0,0,0,0,0,0,0,0,0,0,0,0,0,0,0,0,0,0,0,0,0,-0.729996395088432,0,0,0,0,0,0,0,0,0,0,0,0,0,0,0,0,0,0,0,0,0,0,0,0,0
"Asdrubal Cabrera","NH",0.583418926483865,0.470985187565424,"TEX","Texas Rangers",2019,2019,33.8,5,1,1,33.8,5,0,0,0,0,0,0,0,0,162,78,84,0,0,-6,0,0,1,810,5540,1374,223,878,0.478,0.259,4.28,46,0,-0.252262489554756,-0.17658374268833,10.2923320372709,18.7312012889304,17.2691165975478,6.24696647693378,8.52848961628817,3.95284707521047,-0.447213595499958,3.34251608718693,9.1,-0.8,0,6.7175144212722,8.06758263487596,2.40535117721182,-0.688247201611685,0,2.21359436211787,1.15470053837925,0.367695526217005,0.418758069581447,0.539977510776077,0.771887618521519,7.24436845535481,0.502073287685072,7.29837682966741,11.0126347891865,1348.29549688248,9627.83746251022,7719.29511910387,431.040686908431,989.304795489428,98.8211768802618,-0.447213595499958,60.1652895693648,828.1,3.2,0,382.898322012516,830.961011392224,21.6481605949064,-2.06474160483506,0,15.4951605348251,2.3094010767585,-0.0956008368164212,-0.143215259796855,-0.23813008225225,0.604388005302349,709.948108624772,-0.171709064388294,722.539306137073,2169.48905346973
"Asdrubal Cabrera","NH",0.506017946194524,0.389433838945598,"NYM","New York Mets",2016,2017,31.3,1.5,1,2,31.8,2,0,0,0,0,0,0,0,0,162,70,92,0,0,-22,0,0,0,735,5510,1379,224,863,0.48,0.25,3.78,46,0,-0.526234811584217,-0.631481773901061,10.7741729403129,20.6776686888221,19.8893924249707,6.66700679404459,10.9410541844315,5.57048499058233,0,-2.55603860169078,6.9054276845717,-0.612372435695795,-0.707106781186547,5.24142418360959,6.75444420780062,4.35889894354067,-0.944911182523068,-0.377964473009227,1.76776695296637,-0.377964473009227,-0.28,-0.351,-0.434,-0.55507882323144,-5.16255579910325,-0.370192205736407,-5.2771204268995,12.7773384301462,1454.51334694224,11165.9410919639,9527.01897156098,440.022448406943,1466.10126071382,178.255519698635,0,35.7845404236709,407.420233389731,-1.83711730708738,-1.41421356237309,262.07120918048,560.618869247452,82.8190799272728,4.72455591261534,-0.377964473009227,8.83883476483184,-0.377964473009227,-0.0784,-0.123201,-0.188356,-0.43573687623668,567.881137901358,-0.129937464213479,622.700210374141,2657.68639347041
"Austin Hedges","NH",0.605950021136977,0.542758947074889,"CLE","Cleveland Guardians",2024,2024,32,1,1,1,32,1,0,0,0,0,0,0,0,0,161,92,69,1,1,23,0,0,0,708,5310,1263,185,621,0.513,0.265,3.83,48,0,0.276759362408665,-0.166055617445199,-5.25067807555982,-5.57430590274485,-5.51437910950551,-1.14415510709471,-1.5762208124782,-0.547722557505166,0,-0.324442842261525,-1.4501047335685,-0.304997140665209,0,-0.577350269189626,-3.58979079308869,-0.471404520791032,-1.06066017177982,1.34164078649987,-0.755928946018454,0,-0.269544222810125,0.322181637522493,-0.298553911891486,-0.442133337393966,-1.70895576341943,0.317436455543291,1.12089707663561,-1.68844527824479,346.544752986948,813.848661800748,727.898042454727,13.7298612851365,31.524416249564,-1.6431676725155,0,-0.64888568452305,21.7515710035274,-0.609994281330419,0,-3.46410161513775,179.489539654435,-0.942809041582063,3.18198051533946,4.02492235949962,1.51185789203691,0,-0.040970721867139,-0.0654028724170661,-0.0656818606161269,-0.186580268380253,35.8880710318081,-0.063169854653115,15.6925590728985,48.9649130690988
"Austin Hedges","NH",0.596243222236033,0.511837526671249,"PIT","Pittsburgh Pirates",2023,2023,31,0,1,1,31,0,0,0,0,0,0,0,0,0,162,76,86,0,0,-10,0,0,0,692,5406,1293,159,790,0.501,0.264,3.76,48,0,0.460739299120865,-0.506813229032952,-6.42371784431697,-8.51412488636649,-7.89560759586192,-1.44398974476231,-2.81386002124805,-0.821994936526786,0,-0.164398987305357,-1.48556270541641,-0.288675134594813,0,-1.25356634105602,-3.94415238399444,-1.75,-0.516397779494322,3.33333333333333,-1.13389341902768,0,-0.184,-0.234,-0.227,-0.325976226126998,-1.29604147399076,-0.24925965647109,-0.80403025220737,-2.42487113059643,520.321145389674,1804.9944759097,1460.68740523445,20.2158564266723,95.6712407224337,4.10997468263393,0,-0.164398987305357,23.7690032866626,-0.288675134594813,0,13.7892297516162,185.375162047739,12.25,-1.03279555898864,33.3333333333333,3.40168025708304,0,-0.033856,-0.054756,-0.051529,-0.150275040244546,34.9931197977506,-0.0535908261412844,12.8644840353179,101.84458748505
"Bartolo Colon","NH",0.640611057349385,0.653173150901181,"NYM","New York Mets",2016,2016,43.2,11.061,0,1,43.2,11.061,1,0,0,0,0,0,0,0,162,87,75,0,1,12,0,0,1,671,5459,1342,218,617,0.481,0.25,3.75,53,0,0.131558702896054,-0.0394676108688163,-2.47406934184963,-2.48897863846932,-2.4913643956122,-0.404061017820884,-0.408248290463863,-0.348155311911396,0,-0.182574185835055,-0.234082294392261,0,0,-0.104828483672192,-3.25515383508464,-0.688247201611685,0,1.51185789203691,0,0,-0.083,-0.098,-0.167,-0.187383297014435,1.4079697633918,-0.137108224346818,2.37023205614978,-0.614295116833951,76.6961495973385,161.783611500506,149.481863736732,-1.61624407128354,-2.04124145231932,-0.696310623822791,0,-0.182574185835055,-0.468164588784522,0,0,-0.104828483672192,130.206153403386,-2.06474160483506,0,6.04743156814764,0,0,-0.006889,-0.009604,-0.027889,-0.0496565737088253,42.2390929017539,-0.0178240691650863,125.622298975938,-6.14295116833951
"Bartolo Colon","NH",0.532777163724627,0.481235801730148,"NYM","New York Mets",2014,2015,41.7,9.561,1,2,42.2,10.061,0,0,0,0,0,0,0,0,162,90,72,1,1,18,1,0,1,683,5527,1351,177,613,0.48,0.25,3.76,53,0,0.0438529009653515,-0.00438529009653515,-2.47406934184963,-2.45068665941595,-2.40831891575846,-0.202030508910442,-0.653197264742181,-0.174077655955698,0,0,-0.468164588784522,0,0,0,-1.95309230105078,-0.458831467741123,-0.188982236504614,1.51185789203691,-0.353553390593274,0,-0.138,-0.15,-0.155,-0.215667568261897,0.703984881695898,-0.162420511918538,1.52052622469986,-0.552865605150556,76.6961495973385,156.843946202621,139.682497113991,-0.404061017820884,-5.22557811793745,-0.174077655955698,0,0,-1.87265835513809,0,0,0,46.8742152252188,-0.917662935482247,-0.188982236504614,6.04743156814764,-0.353553390593274,0,-0.019044,-0.0225,-0.024025,-0.0657786083198786,10.5597732254385,-0.0250127588354548,51.6978916397951,-4.975790446355
"Bartolo Colon","NH",0.71861865065322,0.730097552887455,"OAK","Oakland Athletics",2013,2013,40.2,8.061,0,1,40.2,8.061,2,0,1,0,0,0,1,0,162,96,66,1,1,30,0,0,0,785,5521,1405,186,637,0.487,0.259,3.97,53,0,0.054232614454664,-0.0054232614454664,-0.242535625036333,-0.236249769287447,-0.251976315339485,0,0,0,0,0,0,0,0,0,-0.282216260515079,0,0,0,0,0,0,0,0,0,7.55928946018454,0,10.1936309703437,0,-0.727606875108999,-1.41749861572468,-1.51185789203691,0,0,0,0,0,0,0,0,0,-0.846648781545237,0,0,0,0,0,0,0,0,0,755.928946018454,0,1386.33381196675,0
"Boone Logan","NH",0.566131906258926,0.415916650001554,"CLE","Cleveland Guardians",2017,2017,33,3.14,1,1,33,3.14,0,0,0,0,0,0,0,0,162,102,60,1,1,42,0,0,1,818,5511,1449,212,564,0.511,0.266,3.83,64,0,0,0,-0.477334370505438,0,0,0,0,0,0,0,0,0,0,0,0,0,0,0,0,0,0,0,0,0,0,0,0,0,-2.86400622303263,0,0,0,0,0,0,0,0,0,0,0,0,0,0,0,0,0,0,0,0,0,0,0,0,0
"Boone Logan","NH",0.543757659517455,0.569519477204009,"COL","Colorado Rockies",2014,2016,31,1.14,1,3,32,2.14,0,0,0,0,0,0,0,0,162,75,87,0,0,-12,0,0,0,845,5614,1544,204,860,0.466,0.275,4.99,64,0,0,0,-4.74341649025257,0,0,0,0,0,0,0,0,0,0,0,0,0,0,0,0,0,0,0,0,0,0,0,0,0,284.604989415154,0,0,0,0,0,0,0,0,0,0,0,0,0,0,0,0,0,0,0,0,0,0,0,0,0
"Brad Miller","NH",0.610029776378526,0.551948672052027,"TEX","Texas Rangers",2022,2023,32.8,2,1,2,32.8,2,0,0,0,0,0,0,0,0,162,68,94,0,0,-26,0,0,1,707,5478,1308,198,743,0.475,0.258,4.29,66,0,0.61263747463298,-1.04148370687607,-6.36396103067893,-8.78252823080199,-8.57660824307744,-1.81071492085037,-3.4555087238409,-0.474341649025257,0,-1.29986736723936,-3.2,-0.8,-0.707106781186547,-2.12132034355964,-5.4828231499157,-0.801783725737273,0,0,-0.316227766016838,0,-0.299813275223096,-0.330598475985353,-0.391820415982641,0.581626685731413,4.95278251539564,0.389033395428491,4.64442161887926,-3.96902066006213,515.480843484993,2116.58930362328,1904.00702996319,36.2142984170074,162.408910020522,-1.42302494707577,0,9.09907157067554,102.4,3.2,-1.41421356237309,38.1837661840736,383.797620494099,2.40535117721182,0,0,-0.316227766016838,0,-0.0635604143472964,-0.0892615885160453,-0.125382533114445,-0.343159744581534,331.836428531508,-0.10309384978855,292.598561989393,281.800466864411
"Brad Miller","NH",0.659052672094326,0.590599901920138,"PHI","Philadelphia Phillies",2021,2021,31.8,1,0,1,31.8,1,0,0,0,0,0,0,0,0,162,82,80,0,0,2,0,0,0,734,5366,1288,198,745,0.472,0.261,3.99,66,0,-0.233126202060078,-0.116563101030039,10.9994388184574,14.0110946567591,13.2294206934765,-5.03053737748824,-5.75223741635528,-1.47959088574822,1.5,-2.67261241912424,-4.2649025709146,-0.904534033733291,0,-4.00891862868637,7.6383366020693,-1.69774937525433,-0.301511344577764,0,0,-0.755928946018454,0.405745478066295,0.453962553521764,0.603731734386056,0.774,8.06542846745518,0.500687168249236,7.65592970634581,-8.13489216819961,1539.92143458404,5282.18268559818,4378.93824954072,266.618481006877,431.417806226646,13.3163179717339,4.5,53.4522483824849,208.980225974815,2.71360210119987,0,180.401338290886,855.493699431762,11.8842456267803,-0.301511344577764,0,0,1.51185789203691,-0.0921042235210489,-0.145721979680486,-0.273490475676884,0.599076,863.000846017704,-0.167229514195245,788.560759753619,1220.23382522994
"Brandon Drury","NH",0.734303344766564,0.793452252290967,"CIN","Cincinnati Reds",2022,2022,30,5.001,1,1,30,5.001,1,0,0,1,0,0,0,1,162,62,100,0,0,-38,0,0,0,648,5380,1264,156,815,0.504,0.261,3.76,69,0,1.53349695246708,4.1404417716611,11.4209612627127,23.4839097488901,22.4792852960223,8.92601166314084,10.6198158084252,5.02886405505364,1.15470053837925,4.80196038399025,8.7,-0.816496580927726,-1.22474487139159,5.86352729855949,11.4545454545455,-1.94028500029066,-1.6,0,1.63299316185545,0,0.371938166904124,0.45254833995939,0.644363342096739,0.813,9.19345164084881,0.524475981516445,8.87982443808897,14.5773797371133,1576.09265425435,13338.8607373696,11644.2697833395,776.563014693253,1444.29494994583,155.894785706663,2.3094010767585,134.454890751727,756.9,1.63299316185545,3.67423461417477,222.814037345261,1443.27272727273,15.5222800023253,12.8,0,6.53197264742181,0,-0.0978197378957846,-0.144815468787005,-0.317026764311596,0.660969,1130.7945518244,-0.185140021475305,1101.09823032303,3717.23183296388
"Brandon Drury","H",0.595940956977244,0.51087464784417,"NYM","New York Mets",2021,2021,29,4.096,1,1,29,4.096,0,0,0,0,0,0,0,0,162,77,85,0,0,-8,0,0,0,636,5210,1243,176,668,0.48,0.25,3.8,69,0,-0.0877058019307029,-0.0175411603861406,-4.07024311078487,-3.36969415669693,-3.48791015385708,-0.707106781186548,-1.87794213613377,-0.870388279778489,0,-0.730296743340221,-1.63857606074583,0,0,-0.314485451016575,-1.79033460929655,-0.688247201611685,-0.188982236504614,0,0,0,-0.274,-0.307,-0.476,-0.553664609669067,-5.20948812454965,-0.363864133843477,-5.14295634824952,-2.4571804673358,207.582398650029,296.53308578933,292.984452923995,-4.94974746830583,43.1926691310767,4.35194139889245,0,2.92118697336089,22.9400648504416,0,0,-0.943456353049727,39.3873614045241,-2.06474160483506,-0.188982236504614,0,0,0,-0.075076,-0.094249,-0.226576,-0.433519389370879,578.253181825011,-0.125533126176,591.439980048694,98.2872186934322
"Brandon Mccarthy","NH",0.642568571262611,0.60108392086704,"LAD","Los Angeles Dodgers",2015,2018,33.1,3,1,4,34.1,4,0,0,0,0,0,0,0,0,164,104,58,1,1,46,1,0,0,770,5408,1347,221,580,0.527,0.262,3.53,72,0,0,0,-1.45048133524568,-1.09656462998314,-0.947698489944879,-0.214422506967559,-0.0790569415042095,0,0,0,0,0,0,-0.377964473009227,-1.16691993198316,0,0,-0.554700196225229,0,0,-0.0608111831820431,-0.217788888605457,-0.0496521231503078,-0.176202156626983,2.85401023987988,-0.208846584540574,2.63752189358315,-0.0582222509739582,26.1086640344223,30.7038096395279,21.7970652687322,-0.428845013935118,-0.0790569415042095,0,0,0,0,0,0,-1.13389341902768,18.6707189117305,0,0,-1.10940039245046,0,0,-0.00261488087682785,-0.0335394888452403,-0.00213504129546324,-0.0347118248555157,122.722440314835,-0.0311181410965456,105.500875743326,-0.0582222509739582
"Brandon Mccarthy","NH",0.728944127834227,0.631857652031113,"ARI","Arizona Diamondbacks",2013,2014,30.6,0.5,1,2,31.1,1,0,0,0,0,0,0,0,0,162,64,98,0,0,-34,0,0,0,615,5552,1379,118,742,0.492,0.258,4.23,72,0,-0.0442807442770048,-0.00442807442770048,-1.2810252304407,-1.23811717205462,-1.17513930278601,0,-0.294883912309794,0,0,0,-0.325395686727984,0,0,0,-1.07349008024339,0,0,1.34164078649987,0,0,-0.245103467497259,-0.21268557636638,-0.186418413300613,-0.280380104672167,1.87794213613377,-0.246094806045665,-3.18433666561813,-0.224308861636818,20.4964036870512,39.6197495057478,34.0790397807942,0,-1.17953564923918,0,0,0,-0.976187060183953,0,0,0,11.8083908826773,0,0,4.02492235949962,0,0,-0.0338242785146217,-0.0293506095385604,-0.0257257410354846,-0.077384908889518,43.1926691310767,-0.0386368845491694,124.189129959107,-0.897235446547271
"Brayan Pena","NH",0.635874441101555,0.610164262662021,"CIN","Cincinnati Reds",2014,2015,33.1,1.5,1,2,33.6,2,0,0,0,0,0,0,0,0,162,64,98,0,0,-34,0,0,0,640,5571,1382,167,754,0.507,0.262,3.72,75,0,-0.283980917123532,-0.141990458561766,8.93814359690557,15.1735825314132,14.4509691188714,-1.74416319854476,7.10590616593158,-2.75776415922296,0,0,-1.8,-0.816496580927726,0,4.47479714890067,-3.09090909090909,2.42535625036333,-0.4,-0.755928946018454,-0.408248290463863,-0.447213595499958,0.386080302527855,0.472347329832614,0.424336835039316,0.659,6.12896776056587,0.447216063559348,5.65730750491152,-6.17394906513032,965.319508465802,5568.70478902863,4812.17271658419,29.650774375261,646.637461099773,46.8819907067904,0,0,32.4,1.63299316185545,0,129.769117318119,105.090909090909,24.2535625036333,-0.8,1.51185789203691,-0.408248290463863,-0.447213595499958,-0.105399922590104,-0.157764008164093,-0.137485134552738,-0.434281,502.575356366402,-0.134612035131364,446.92729288801,666.786499034074
"Brayan Pena","NH",0.629506735580095,0.559934007137666,"DET","Detroit Tigers",2013,2013,31.6,0,1,1,31.6,0,0,0,0,0,0,0,0,0,162,93,69,1,1,24,0,0,0,795,5766,1628,176,646,0.508,0.266,3.95,75,0,-0.234888087805881,-0.0939552351223526,-5.68454946008059,-9.36001027162185,-9.17469126846179,-2.00277585143997,-5.0130265092665,-1.80838886035893,0,-0.7184212081071,-2.35864757664315,0,-0.603022689155527,-0.606091526731326,-1.94333124115503,-1.64991582276861,-0.707106781186547,-0.816496580927726,-1.26491106406735,0,0.526675224832942,0.445477272147525,0.520837733773723,0.754085813333102,7.83201286591863,0.513444903031667,7.83203298899722,-5.41897114099626,403.603011665722,2274.48249600411,2101.00430047775,38.0527411773595,340.885802630122,19.8922774639482,0,2.8736848324284,51.8902466861493,0,-1.20604537831105,-3.63654916038796,50.5266122700309,11.5494107593803,-1.41421356237309,1.63299316185545,5.05964425626941,0,-0.156422541775384,-0.14032534072647,-0.206772580308168,0.537663184906502,728.377196530432,-0.161221699551943,712.715001998747,493.12637383066
"Brett Anderson","NH",0.620604463146349,0.589441294857789,"OAK","Oakland Athletics",2019,2019,31.5,9.135,0,1,31.5,9.135,0,0,0,0,0,0,0,0,162,97,65,0,1,32,0,0,1,845,5561,1384,257,680,0.489,0.259,3.98,76,0,-0.108465228909328,-0.0216930457818656,-0.242535625036333,-0.314999692383263,-0.335968420452646,-0.107832773203438,-0.319234753787049,0,0,0,0,0,0,0,-0.188144173676719,0,0,0,0,0,0.707106781186547,0.707106781186547,0.707106781186547,1,13.228756555323,0.657267069006199,13.3416640641263,-0.250982322055263,-0.727606875108999,-2.5199975390661,-2.68774736362117,-0.107832773203438,-1.2769390151482,0,0,0,0,0,0,0,-0.376288347353439,0,0,0,0,0,-0.353553390593274,-0.353553390593274,-0.353553390593274,1,2315.03239718152,-0.283939373810678,2374.81620341449,-1.00392928822105
"Brett Anderson","NH",0.574072569099528,0.441211968930429,"OAK","Oakland Athletics",2018,2018,30.5,8.155,1,1,30.5,8.155,0,0,0,0,0,0,0,0,162,97,65,0,1,32,0,0,0,813,5579,1407,227,674,0.488,0.259,3.98,76,0,0,0,-0.161690416690889,-0.157499846191632,-0.167984210226323,0,-0.0798086884467622,0,0,0,0,0,0,0,0,-0.196116135138184,0,0,0,0,-0.353553390593274,-0.353553390593274,-0.353553390593274,-0.5,3.02371578407382,0.340805146892103,2.39850140478676,-0.0627455805138159,-0.323380833381777,-0.629999384766526,-0.671936840905293,0,-0.0798086884467622,0,0,0,0,0,0,0,0,-0.196116135138184,0,0,0,0,-0.0883883476483184,-0.0883883476483184,-0.0883883476483184,-0.25,120.948631362953,-0.0763403529038311,76.7520449531762,-0.0627455805138159
"Brett Anderson","NH",0.524743900291072,0.284073398146825,"LAD","Los Angeles Dodgers",2016,2016,28.5,7,0,1,28.5,7,0,0,0,0,0,0,0,0,162,91,71,1,1,20,0,0,1,725,5518,1376,189,638,0.526,0.262,3.54,76,0,0,0,-0.322329185610152,-0.117489067498194,-0.123612846514549,0,0,0,0,0,0,0,0,0,-0.145864991497895,0,0,0,0,0,0,0,0,0,6.63723311599972,0,9.2972646748806,0,-1.28931674244061,-0.352467202494581,-0.370838539543648,0,0,0,0,0,0,0,0,0,-0.291729982995789,0,0,0,0,0,0,0,0,0,663.723311599972,0,1310.91431915816,0
"Brett Anderson","NH",0.639364842062401,0.649203279144742,"LAD","Los Angeles Dodgers",2015,2015,27.5,6,1,1,27.5,6,0,0,0,0,0,0,0,0,162,92,70,1,1,22,0,0,1,667,5385,1346,187,595,0.525,0.262,3.53,76,0,0.04152273992687,-0.004152273992687,-2.3368865956736,-2.38894437246327,-1.93660126206127,-0.107211253483779,-0.316227766016838,-0.166666666666667,0,0,-0.295598783449288,0,0,-0.629940788348712,-2.33383986396631,-0.447213595499958,0,2.49615088301353,0,0,-0.120208152801713,-0.244658946290545,-0.122398257068201,-0.249545186288977,1.26107429203995,-0.200436654961759,3.56065455633725,-0.291111254869791,67.7697112745345,145.725606720259,91.0202593168799,-0.107211253483779,-1.26491106406735,-0.166666666666667,0,0,-0.886796350347864,0,0,-3.14970394174356,74.682875646922,-0.894427190999916,0,22.4653579471218,0,0,-0.0102176929881456,-0.0423259977082644,-0.0129742152492293,-0.0696231069746244,23.960411548759,-0.0286624416595316,192.275346042211,-1.45555627434895
"Bryan Holaday","NH",0.594493537413518,0.506263831313701,"MIA","Miami Marlins",2019,2019,31.8,4.056,0,1,31.8,4.056,0,0,0,0,0,0,0,0,162,57,105,0,0,-48,0,0,0,615,5512,1326,146,808,0.462,0.257,4.31,87,0,-0.173205080756888,-0.0519615242270663,-3.39944848468101,-4.82095634824999,-4.53868796829219,-1.29399327844126,-2.35907129847835,-0.986393923832144,0,-0.666666666666667,-1.3856406460551,0,-0.301511344577764,-1.35400640077266,-1.75610822101489,-1.11803398874989,-0.353553390593274,-0.447213595499958,-0.408248290463863,-0.666666666666667,0.424439847503959,0.525206142235115,0.607930981382755,0.841486294123202,8.81140426211524,0.543233139995184,9.40256152680248,-2.99880071952034,146.176284841283,621.903368924248,521.949116353601,15.5279193412951,75.4902815513073,5.91836354299286,0,-2.66666666666667,16.6276877526612,0,-0.301511344577764,14.8940704084993,36.8782726413127,5.59016994374947,-0.353553390593274,-0.447213595499958,-0.408248290463863,-1.33333333333333,-0.117994277606101,-0.18067091292888,-0.264449976901499,0.655517823121974,925.1974475221,-0.186872200158343,1071.89201405548,149.940035976017
"Bryan Holaday","NH",0.605517988144357,0.54138268761702,"MIA","Miami Marlins",2018,2018,30.8,3.056,1,1,30.8,3.056,0,0,0,0,0,0,0,0,161,63,98,0,0,-35,0,0,1,589,5488,1303,128,809,0.467,0.258,4.29,87,0,0,0,-4.82247343175678,-6.20371126984107,-5.95949463662713,-0.754829412424069,-2.28535032040091,-0.821994936526786,0,-0.166666666666667,-1.8475208614068,0,0,-1.23091490979333,-2.42510182902056,-0.894427190999916,-0.707106781186547,-0.447213595499958,-0.816496580927726,-0.666666666666667,-0.312986218483135,0.39848489280048,0.360565961371841,0.560630791591709,3.7763161123351,0.374262366799008,3.05170856571659,-2.33906456122586,294.170879337163,1029.81607079362,899.883690130697,5.28380588696848,70.8458599324281,4.10997468263393,0,-0.166666666666667,29.5603337825088,0,0,12.3091490979333,70.3279530415963,3.57770876399966,-1.41421356237309,-0.447213595499958,1.63299316185545,-1.33333333333333,-0.0641621747890428,-0.104004557020925,-0.093026018033935,-0.290967380836097,169.93422505508,-0.0887001809313648,112.913216931514,91.2235178878086
"Bryan Holaday","NH",0.618051220482539,0.581307831848424,"DET","Detroit Tigers",2017,2017,29.8,3.025,1,1,29.8,3.025,0,0,0,0,0,0,0,0,162,64,98,0,0,-34,0,0,3,735,5556,1435,187,894,0.507,0.266,3.98,87,0,0.176166065854411,-0.0528498197563233,-1.04083299973307,-1.11703826286845,-1.16186046631176,-0.105409255338946,-0.51604684654214,-0.328797974610715,0,0,-0.214422506967559,0,0,0,-0.0747435092751936,-0.471404520791032,0,0,0,0,0.427369458534475,-0.340825468531916,0.406699489848499,0.583808371612724,3.87389883690599,0.38426608984854,2.668055194054,-0.535942200757872,13.5308289965299,32.3941096231851,33.6939535230409,-0.105409255338946,-3.61232792579498,-0.657595949221429,0,0,-0.428845013935118,0,0,0,-0.0747435092751936,-0.942809041582063,0,0,0,0,-0.102996039506808,-0.0821389379161917,-0.126076841853035,-0.322262221130224,178.199346497675,-0.090302531114407,82.7097110156739,-4.82347980682085
"Bryan Shaw","NH",0.636050969387575,0.638646796911197,"CLE","Cleveland Guardians",2021,2021,33.8,3,1,1,33.8,3,0,0,0,0,0,0,0,0,162,80,82,0,0,-2,0,0,0,717,5332,1269,203,727,0.512,0.265,3.83,88,0,0,0,-0.318222913670292,0,0,0,0,0,0,0,0,0,0,0,0,0,0,0,0,0,0,0,0,0,0,0,0,0,-1.27289165468117,0,0,0,0,0,0,0,0,0,0,0,0,0,0,0,0,0,0,0,0,0,0,0,0,0
"Bryan Shaw","NH",0.433409856408546,0.280788469493559,"COL","Colorado Rockies",2018,2020,31.3,0.5,1,3,31.8,1,0,0,0,0,0,0,0,0,162,71,91,0,0,-20,0,0,0,835,5660,1502,224,958,0.471,0.274,4.97,88,0,0,0,-5.05964425626941,0,0,0,0,0,0,0,0,0,0,0,0,0,0,0,0,0,0,0,0,0,0,0,0,0,323.817232401242,0,0,0,0,0,0,0,0,0,0,0,0,0,0,0,0,0,0,0,0,0,0,0,0,0
"Bud Norris","NH",0.622774755089238,0.596354852071607,"LAA","Los Angeles Angels",2017,2017,32.4,7.068,1,1,32.4,7.068,0,0,0,0,0,0,0,0,162,80,82,0,0,-2,0,0,0,710,5415,1314,186,709,0.501,0.258,3.95,90,0,0,0,-0.317220634287258,0,0,0,0,0,0,0,0,0,0,0,0,0,0,0,0,0,0,0,0,0,0,0,0,0,-1.26888253714903,0,0,0,0,0,0,0,0,0,0,0,0,0,0,0,0,0,0,0,0,0,0,0,0,0
"Bud Norris","NH",0.595330585475074,0.508930283485374,"ATL","Atlanta Braves",2016,2016,31.4,6.068,1,1,31.4,6.068,0,0,0,0,0,0,0,0,161,68,93,0,0,-25,0,0,0,649,5514,1404,122,779,0.5,0.26,3.65,90,0,-0.217186121381535,-0.108593060690767,-2.59272486435067,-1.43116279659395,-1.08173215829026,-0.204124145231932,-0.441128773256285,0,-0.577350269189626,0,-0.098058067569092,0,0,-0.3,-0.536875492193159,0,-0.223606797749979,2.33333333333333,0,0,-0.256343519520194,-0.372968273896498,-0.264750448535975,-0.437699097554473,-3.27459508534612,-0.339097462688646,-3.96274141246621,-0.43971976794345,85.5599205235722,54.38418627057,29.2067682738369,-0.408248290463863,-2.64677263953771,0,-0.577350269189626,0,-0.098058067569092,0,0,-0.9,-3.75812844535211,0,-0.223606797749979,16.3333333333333,0,0,-0.056908261333483,-0.120468752468569,-0.0783661327666486,-0.270935741386219,225.947060888882,-0.106137505821546,344.75850288456,-3.5177581435476
"Carlos Beltran","H",0.49459230445751,0.559396253802301,"NYY","New York Yankees",2014,2016,38.2,3,1,3,39.2,4,1,0,0,0,1,0,0,0,162,84,78,0,0,6,0,0,0,680,5458,1378,183,702,0.569,0.267,3.64,94,1,0.929669680201368,2.04527329644301,12.2477172953726,22.7572513488414,22.4978404279225,6.99213188211441,11.6132691480293,5.65945330970279,0,5.12652416360247,9.20837214968307,-0.223606797749979,0,-4.09644015186457,8.30214885892054,4.75,-0.41702882811415,0,-1.33333333333333,1.63299316185545,0.488957738797199,0.476589970519733,0.601658642770889,0.796797191573315,8.30104857276521,0.523243359676335,8.19515408389102,16.021720033146,1849.40531160126,13495.050049863,12418.8079162132,510.425627394352,1892.96287112877,186.761959220192,0,148.669200744472,856.378609920526,-0.223606797749979,0,143.37540531526,838.517034750975,90.25,-0.834057656228299,0,5.33333333333333,6.53197264742181,-0.144242532945174,-0.16061082006515,-0.308650883741466,0.677277612837317,1012.72792587736,-0.188890852843157,991.613644150813,4534.14676938033
"Carlos Beltran","H",0.672117528116496,0.577788600721498,"STL","St Louis Cardinals",2012,2013,35.7,0.5,1,2,36.2,1,3,1,0,0,0,0,0,0,162,97,65,1,1,32,0,0,0,781,5560,1494,125,600,0.519,0.267,3.67,94,0,1.16465027214622,2.6786956259363,11.7999326521818,24.1160361317442,23.5372045918796,8.67137653918554,12.8062484748657,5.47722557505166,-1,4.24264068711928,8.5289077871224,-0.554700196225229,-0.408248290463863,4.41741027226513,7.5526322246702,3.32820117735137,-0.316227766016838,-0.267261241912424,2.44948974278318,-0.258198889747161,0.544058820349418,0.562660445437125,0.662064264938904,0.877337261485605,10.3351134263937,0.585027471882426,10.2673414598714,16.4924225024706,1710.99023456636,14469.6216790465,13039.6113439013,685.038746595657,2100.22474987797,164.31676725155,3,101.823376490863,716.428254118282,-1.10940039245046,-0.408248290463863,167.861590346075,679.736900220318,39.9384141282165,-0.316227766016838,-0.267261241912424,14.6969384566991,-0.258198889747161,-0.161041410823428,-0.190741891003185,-0.325073554085002,0.728189927033052,1312.559405152,-0.212364972293321,1303.95236540367,4485.93892067201
"Carlos Santana","H",0.654174551679,0.696380238488791,"MIN","Minnesota Twins",2024,2024,38.3,6,1,1,38.3,6,1,0,0,0,0,0,0,0,162,82,80,0,0,2,0,0,1,742,5490,1352,183,735,0.482,0.262,4,98,0,1.08593060690767,2.71482651726918,12.2474487139159,24.3721152139079,22.8035505066385,7,10.0577281101073,4.45896321370523,0,3.59199652343794,6.83197818541057,-0.696310623822791,0,7.55609651834825,8.30789544713722,-2.00831604418561,-1.54919333848297,0,-0.707106781186547,-1.06066017177982,-0.291416434387089,-0.401615926382207,0.504889388676062,0.648734124268947,6.62127845761558,0.4380829449621,6.4657908729639,12.860122807372,1837.11730708738,14477.0364370613,11880.6498139586,441,1247.1582856533,115.933043556336,0,82.6159200390726,485.070451164151,-2.78524249529117,0,491.146273692636,822.481649266585,22.0914764860417,9.2951600308978,0,-1.41421356237309,3.18198051533946,-0.0693571113841272,-0.131730023853364,-0.212053543243946,-0.485901859077441,721.719351880098,-0.144129288892531,698.305414280101,2816.36689481447
"Carlos Santana","H",0.593533310477531,0.503204987602858,"PIT","Pittsburgh Pirates",2023,2023,37.3,5,1,1,37.3,5,0,0,0,0,0,0,0,0,162,76,86,0,0,-10,0,0,0,692,5406,1293,159,790,0.501,0.264,3.76,98,0,1.13090555238758,3.05344499144646,11.5785531514849,24.8596382295323,23.4734279876976,8.04508572081859,10.9243977295513,5.42516658107679,-0.408248290463863,3.78117670802322,7.98489954161323,-1.73205080756888,0,7.40743746987647,8.72748612628557,2.75,0,0,1.51185789203691,0,-0.24,-0.318,-0.429,-0.528208765546351,-4.84815514344692,-0.383743936241539,-5.12569285782198,13.6254663528752,1690.4687601168,15388.1160640805,12910.3853932337,627.51668622385,1442.02050030077,179.030497175534,-0.408248290463863,86.967064284534,686.701360578738,10.3923048454133,0,481.48343554197,907.658557133699,30.25,0,0,6.04743156814764,0,-0.0576,-0.101124,-0.184041,-0.394571947863124,489.663669488139,-0.127019242895949,522.820671497842,3215.61005927854
"Carlos Santana","H",0.394077647025991,0.296653996417026,"PHI","Philadelphia Phillies",2018,2020,32.3,0,1,3,32.3,0,0,0,0,0,0,0,0,0,162,80,82,0,0,-2,0,0,1,677,5424,1270,186,728,0.472,0.261,3.98,98,0,1.02575528906435,2.25666163594156,12.649354641226,25.2348362650913,22.3821014753681,7.78309556517049,9.81715185724634,4.60317164455,-1,-3.20713490294909,7.48533920609501,-0.603022689155527,-0.577350269189626,9.79957887012223,-6.3425473570754,2.910427500436,-0.301511344577764,0,2.82842712474619,2.26778683805536,0.409320328093311,0.497803173955329,0.551754830101164,0.766,7.91467279516629,0.512679675273169,7.87891795021996,12.5819665534821,2036.54609723739,17134.453823997,12533.9768262061,638.21383634398,1256.59543772753,128.8888060474,2,76.9712376707782,643.739171724171,-1.20604537831105,-0.577350269189626,1077.95367571344,589.856904208013,34.9251300052319,-0.301511344577764,0,22.6274169979695,13.6067210283322,-0.0937343551333681,-0.175226717232276,-0.228426499661882,0.586756,831.040643492461,-0.175336448943424,835.165302723316,2919.01624040784
"Chad Qualls","NH",0.605950021136977,0.542758947074889,"HOU","Houston Astros",2014,2015,36.5,2.558,1,2,37,3.058,0,0,0,0,0,0,0,0,162,86,76,0,1,10,0,0,2,729,5459,1363,230,618,0.488,0.254,3.82,103,0,0,0,-0.328797974610715,0,0,0,0,0,0,0,0,0,0,0,0,0,0,0,0,0,0,0,0,0,0,0,0,0,-1.31519189844286,0,0,0,0,0,0,0,0,0,0,0,0,0,0,0,0,0,0,0,0,0,0,0,0,0
"Chad Qualls","NH",0.66257490664572,0.629166015973941,"MIA","Miami Marlins",2013,2013,35,1.058,1,1,35,1.058,0,0,0,0,0,0,0,0,162,62,100,0,0,-38,0,0,0,513,5449,1257,95,646,0.47,0.258,4.29,103,0,0,0,-4.9805873147652,0,0,0,0,0,0,0,0,0,0,0,0,0,0,0,0,0,0,0,0,0,0,0,0,0,313.777000830207,0,0,0,0,0,0,0,0,0,0,0,0,0,0,0,0,0,0,0,0,0,0,0,0,0
"Charlie Culberson","NH",0.609985027484446,0.555612631268274,"TEX","Texas Rangers",2021,2021,32.3,5.051,1,1,32.3,5.051,0,0,0,0,0,0,0,0,162,60,102,0,0,-42,0,0,0,625,5405,1254,167,815,0.476,0.259,4.29,106,0,-0.360374985078224,-0.360374985078224,7.07106781186548,-9.8757890064205,-9.54244250468526,-2.08232215897793,-4.41128773256285,-2.37170824512628,-0.894427190999916,-0.928476690885259,-2.2,-1.4,-0.353553390593274,-2.00346921336188,-5.01286687992293,-0.801783725737273,-0.458831467741123,2,-0.316227766016838,-0.577350269189626,-0.343653895656662,-0.362433884783943,0.466511182779332,0.666406168736331,6.28338080311387,0.446287366831175,6.26628313658313,-5.25475974712451,636.396103067893,2676.33882073996,2356.98329865726,47.8934096564923,264.677263953771,35.5756236768943,1.78885438199983,4.6423834544263,48.4,9.8,-0.353553390593274,34.058976627152,320.823480315067,2.40535117721182,-0.917662935482247,8,-0.316227766016838,-0.577350269189626,-0.0835078966445689,-0.107280429896047,-0.177740760638925,-0.450490570065759,534.087368264679,-0.135671359516677,532.634066609566,493.947416229703
"Charlie Culberson","NH",0.615191229087846,0.572197207721093,"ATL","Atlanta Braves",2020,2020,31.3,4.084,0,1,31.3,4.084,0,0,0,0,0,0,0,0,60,35,25,1,1,10,0,0,1,348,2074,556,103,288,0.501,0.26,3.67,106,0,0.0434372242763069,-0.00434372242763069,-0.707106781186548,-0.263635252004148,-0.280449078075251,-0.204124145231932,-0.0735214622093808,-0.152498570332605,0,0,-0.098058067569092,0,0,0,-0.306785995538948,0,0,0,0,0,-0.165122176988233,-0.165122176988233,-0.255806176625976,-0.303348809129029,-0.427121098088625,-0.190674611607673,0.501036270541705,-0.109929941985863,-6.36396103067893,-1.84544676402904,-1.96314354652676,-0.408248290463863,-0.0735214622093808,-0.152498570332605,0,0,-0.098058067569092,0,0,0,-1.22714398215579,0,0,0,0,0,-0.0236124713093173,-0.0236124713093173,-0.0731605665150291,-0.130136639116353,-3.84408988279762,-0.0335587316429505,-5.51139897595875,-0.219859883971725
"Chase Utley","NH",0.605950021136977,0.488503084697117,"LAD","Los Angeles Dodgers",2017,2017,38.7,7.027,0,1,38.7,7.027,0,0,0,0,0,0,0,0,164,104,58,1,1,46,1,0,0,770,5408,1347,221,580,0.527,0.262,3.53,110,0,-0.33218191941496,-0.265745535531968,10.2339516431223,13.8245469422874,12.7321231909986,-4.61008389980252,-5.77115672980729,3.33333333333333,2,-1.39262124764558,-3.3501195457586,-1.5,-0.577350269189626,4.03162104543176,-4.15715225768999,-0.670820393249937,-2.06474160483506,-0.277350098112615,-0.577350269189626,0,-0.33375440072005,0.458205194208883,0.467653718043597,0.651142995047939,6.17262679787974,0.452734542326211,6.06630035524124,-7.27778137174478,1299.71185867654,4880.06507062747,3934.22606601856,198.233607691508,421.294441275932,66.6666666666667,8,11.1409699811647,113.904064555792,9,-0.577350269189626,129.011873453816,236.95767868833,-2.01246117974981,18.5826744435155,-0.277350098112615,-1.15470053837925,0,-0.0787660385699319,-0.148458482923678,-0.189399755807657,-0.474032100394899,574.054292202816,-0.146233257171366,558.099632682194,909.722671468097
"Chase Utley","NH",0.555310839185753,0.381445680982816,"LAD","Los Angeles Dodgers",2016,2016,37.7,6.027,0,1,37.7,6.027,0,0,0,0,0,0,0,0,162,91,71,1,1,20,0,0,1,725,5518,1376,189,638,0.526,0.262,3.54,110,0,-0.53979561904931,-0.701734304764103,11.1203569035502,22.1271077121598,21.0965924718164,8.46968902521858,10.198345454043,4.33333333333333,1.5,-2.43708718337977,5.12371224645432,-0.5,1.15470053837925,5.0395263067897,8.38723701112894,0,2.52357307257618,-0.277350098112615,-0.288675134594813,-0.408248290463863,0.35638181771802,0.451134126397017,0.457261413198184,0.64040986875594,6.10625446671974,0.454136197256014,6.39599059193913,11.8191169477135,1534.60925268993,12501.8158573703,10801.45534557,669.105432992268,1315.58656357155,112.666666666667,4.5,34.1192205673168,266.433036815625,-1,2.3094010767585,201.581052271588,964.532256279828,0,27.759303798338,-0.277350098112615,-0.288675134594813,-0.408248290463863,-0.089808218064941,-0.143911786320649,-0.181075519626481,-0.458533466029253,561.775410938216,-0.147140127910949,620.411087418096,2399.28074038584
"Chris Capuano","NE",0.564365770198584,0.410290548526789,"NYY","New York Yankees",2015,2015,36.9,3,0,1,36.9,3,0,0,0,0,0,0,0,0,162,87,75,0,1,12,0,0,1,764,5567,1397,212,698,0.569,0.267,3.64,113,0,0,0,-0.162221421130763,-0.0383764778226668,-0.0407569572969611,0,0,0,0,0,0,0,0,0,0,0,0,0,0,0,0,0,0,0,6.80413817439772,0,9.82063919143965,0,-0.324442842261525,-0.0383764778226668,-0.0407569572969611,0,0,0,0,0,0,0,0,0,0,0,0,0,0,0,0,0,0,0,680.413817439772,0,1423.99268275875,0
"Chris Capuano","NE",0.63621615003208,0.63917298687386,"BOS","Boston Red Sox",2014,2014,35.9,2,1,1,35.9,2,0,0,0,0,0,0,0,0,162,71,91,0,0,-20,1,1,0,634,5551,1355,123,715,0.517,0.267,3.9,113,0,0,0,-0.0813788458771159,0,0,0,0,0,0,0,0,0,0,0,0,0,0,0,0,0,0,0,0,0,0,0,0,0,-0.0813788458771159,0,0,0,0,0,0,0,0,0,0,0,0,0,0,0,0,0,0,0,0,0,0,0,0,0
"Chris Capuano","NE",0.537599391222337,0.446344907275917,"LAD","Los Angeles Dodgers",2012,2013,34.4,0.5,1,2,34.9,1,0,0,0,0,0,0,0,0,162,92,70,1,1,22,0,0,0,654,5491,1446,138,586,0.524,0.262,3.54,113,0,0.04152273992687,-0.004152273992687,-1.6922282244533,-1.13572765248254,-0.988902772116395,-0.107211253483779,-0.0790569415042095,0,0,0,0,0,0,-0.125988157669742,-0.583459965991578,0,0,-1.10940039245046,0,0,-0.05939696961967,-0.113137084989848,-0.0484974226119286,-0.10912011730199,4.24782919423982,-0.140165492980251,6.06630035524124,-0.0582222509739582,35.5367927135193,32.9361019219936,23.7336665307935,-0.107211253483779,-0.0790569415042095,0,0,0,0,0,0,-0.125988157669742,-4.66767972793263,0,0,4.43760156980183,0,0,-0.00249467272402614,-0.00905096679918781,-0.002036891749701,-0.0133126543108427,271.861068431349,-0.0140165492980251,558.099632682194,-0.0582222509739582
"Chris Iannetta","NH",0.675470617383981,0.652368435103351,"ARI","Arizona Diamondbacks",2017,2017,34.3,10.013,1,1,34.3,10.013,0,0,0,0,0,0,0,0,162,93,69,0,1,24,0,0,0,812,5525,1405,220,659,0.493,0.258,4.23,120,0,-0.797053396986086,1.43469611457495,7.12570284432638,-12.2264070740394,-11.0219962192343,-3.94041643997562,-5.08674748734395,-2.86435777348875,0,3.33397429734913,4.66400484310111,0,0,4.98907898222799,8.49033063465224,-0.774596669241483,-1.4142135623731,0,-0.447213595499958,0,0.451132469161621,0.545584739374627,0.690288472439227,0.878727501961682,9.47136033876162,0.587806065395697,9.79795897113271,-7.79473294187942,634.187553145048,3863.54463539644,2997.98297163172,149.735824719073,350.985576626733,54.4227976962863,0,56.6775630549352,200.552208253348,0,0,184.595922342436,738.658765214745,2.32379000772445,8.48528137423857,0,-0.447213595499958,0,-0.114587647167052,-0.193136997738618,-0.352737409416445,0.760099289196855,1098.67779929635,-0.220427274523386,1175.75507653593,1083.46787892124
"Chris Iannetta","NH",0.571541599918317,0.433149459046427,"SEA","Seattle Mariners",2016,2016,33.3,9.013,1,1,33.3,9.013,0,0,0,0,0,0,0,0,162,86,76,0,0,10,0,0,1,768,5583,1446,223,707,0.47,0.26,4.32,120,0,-0.0442807442770048,-0.00442807442770048,7.55026169168349,13.087412265994,-12.1449578014911,-2.34742767016721,-4.64709647177434,-2.64575131106459,0,-1.05528970602217,-2.20007639286771,0,0,4.5418687154707,6.48121111837715,-1.03279555898864,-0.534522483824849,-0.707106781186547,-0.755928946018454,0,-0.29698484809835,-0.303,0.417830417830627,0.631,5.65333771083307,-0.344014918815763,-3.0416516462018,-5.30760385509645,709.724599018248,4423.54534590597,3582.76255143988,53.9908364138459,288.119981250009,37.0405183549043,0,7.38702794215521,52.801833428825,0,0,172.591011187886,537.940522825304,4.13118223595458,-1.0690449676497,-0.707106781186547,1.51185789203691,0,-0.0623668181006535,-0.091809,-0.137466207466276,-0.398161,424.00032831248,-0.098732281700124,228.123873465135,514.837573944356
"Chris Young","NE",0.716892417735666,0.738402907770695,"LAA","Los Angeles Angels",2018,2018,39.2,8,1,1,39.2,8,0,0,0,0,0,0,0,0,162,80,82,0,0,-2,0,0,1,721,5472,1323,214,722,0.5,0.257,3.95,125,0,0.319504825211347,-0.223653377647943,-4.44108888002161,-4.85531674758964,-4.49134677937198,-1.80199639601081,-1.44454325041244,-0.282842712474619,-0.447213595499958,-0.948683298050514,-1.19170804613667,-0.436435780471985,0,-1.375,-2.78897993734431,-0.188982236504614,-0.603022689155527,-0.707106781186547,-0.333333333333333,0,-0.281174009341923,0.421761014012884,0.505337787098657,0.663557456633398,5.78854440915949,0.461172774422832,5.65945330970279,-2.31745701767131,248.70097728121,621.480543691474,507.522186069034,30.6339387321838,27.4463217578364,-0.565685424949238,-0.447213595499958,5.69209978830308,15.4922045997768,-0.87287156094397,0,15.125,103.19225768174,-0.188982236504614,-1.20604537831105,-0.707106781186547,-0.333333333333333,0,-0.0472372335694431,-0.106283775531247,-0.183437616716812,-0.40808783582954,393.621019822845,-0.12866720406397,373.523918440384,95.0157377245236
"Chris Young","NE",0.553385207416254,0.375311499148527,"NYM","New York Mets",2014,2014,35.2,2,1,1,35.2,2,0,0,0,0,0,0,0,0,162,79,83,0,0,-4,0,0,2,629,5472,1306,125,618,0.478,0.25,3.76,125,0,-0.482381910618866,-0.530620101680753,8.93857310603737,14.0531563125883,13.5364132161596,-4.04061017820884,-5.87877538267963,3.48155311911396,0,-2.00831604418561,4.44756359345296,-1.63299316185545,-1.06066017177982,-3.35451147751014,-5.69651921139812,-0.688247201611685,-0.944911182523068,-0.377964473009227,-1.06066017177982,-0.755928946018454,-0.220017857142857,-0.296330357142857,-0.3815625,-0.478641842875855,-4.37685838649622,-0.335529061930046,-4.51446152743084,-7.61012923756348,1001.12018787619,5157.50836671991,4412.87070846803,161.624407128354,423.271827552933,69.6310623822791,0,22.0914764860417,169.007416551213,13.0639452948436,3.18198051533946,107.344367280324,398.756344797868,-2.06474160483506,4.72455591261534,-0.377964473009227,3.18198051533946,1.51185789203691,-0.0484078574617347,-0.0878116805644133,-0.14558994140625,-0.323993518160243,408.18112363351,-0.106743178621692,455.718768117257,942.772706885651
"Colby Rasmus","NH",0.513726188553352,0.248976009192469,"HOU","Houston Astros",2016,2016,30,7,0,1,30,7,0,0,0,0,0,0,0,0,162,84,78,0,0,6,0,0,0,724,5545,1367,198,701,0.489,0.254,3.82,133,0,1.17456027377683,3.05385671181975,8.79534582083662,16.5221415589943,15.3883637574121,-4.0508136107566,-5.68050670491471,-1.58113883008419,0,3,5.69209978830308,2,-0.707106781186547,6.02120436132044,9.7504578647071,-1.09108945117996,0,-0.288675134594813,1.63299316185545,0,-0.291327993848858,0.404465078838705,0.500546421105884,0.641,5.70761973829048,0.428788263598714,5.44247304269969,-7.70588235294118,941.102002829518,6889.73303010063,5678.30622648507,153.930917208751,431.718509573518,15.8113883008419,0,45,307.373388568366,8,-0.707106781186547,258.911787536779,1179.80540162956,5.45544725589981,0,-0.288675134594813,6.53197264742181,0,-0.0600135667328647,-0.11567701254787,-0.177693979492589,-0.410881,439.486719848367,-0.123062231652831,413.627951245176,1009.47058823529
"Colby Rasmus","NH",0.653092328715344,0.692932771247409,"HOU","Houston Astros",2015,2015,29,6,1,1,29,6,0,0,0,0,0,0,0,0,162,86,76,0,1,10,0,0,2,729,5459,1363,230,618,0.488,0.254,3.82,133,0,1.35526185435788,4.06578556307363,11.261330630417,19.2163996549454,18.0156453745313,7.14222399791295,7.69858145534494,3.63661930919364,1.15470053837925,5,6.4299645756757,-1,-0.707106781186547,6.58131639493165,12.4096736459909,-1.30930734141595,-0.554700196225229,-0.288675134594813,-1.22474487139159,0,-0.336582827844797,0.444063058585152,0.669745211338858,0.789,8.59849207326877,0.512454266252121,8.37854402626136,12.0588235294118,1542.80229636713,9319.95383264854,7782.7588017975,478.529007860168,792.953889900529,83.6422441114536,2.3094010767585,125,392.227839116218,2,-0.707106781186547,309.321870561787,1911.08974148259,7.85584404849573,-1.10940039245046,-0.288675134594813,3.67423461417477,0,-0.0801067130270616,-0.139435800395738,-0.318128975385958,0.622521,997.425080499178,-0.175771813324478,980.28965107258,2472.05882352941
"Craig Gentry","NH",0.610655714020264,0.557749131729933,"BAL","Baltimore Orioles",2017,2017,33.7,1,1,1,33.7,1,0,0,0,0,0,0,0,0,162,75,87,0,0,-12,0,0,1,743,5650,1469,232,841,0.477,0.259,4.01,141,0,-0.0942809041582063,-0.0188561808316413,-6.10649721002971,-4.49335792995903,-4.0793515781962,-1.82259130922425,-2.01799136683647,-0.883883476483184,-0.5,-0.316227766016838,-1.05847549351431,-0.912870929175277,1.51185789203691,-1.48323969741913,-2.02837021134844,-0.242535625036333,-0.447213595499958,1.5,-0.447213595499958,0,0.363452885529885,0.429901151429023,0.517666318458316,0.685539601667581,6.68417667493777,0.434929461365445,5.81377674149945,-2.17338502904388,470.200285172288,525.722877805206,412.014509397816,30.9840522568123,52.4677755377481,4.41941738241592,-0.5,-0.632455532033676,11.6432304286575,4.56435464587638,6.04743156814764,16.3156366716105,48.6808850723626,-0.242535625036333,-0.447213595499958,4.5,-0.447213595499958,0,-0.0934073915811805,-0.143157083425865,-0.19981919892491,-0.492902973598991,634.996784119088,-0.133088415177826,529.05368347645,84.7620161327112
"Craig Gentry","NH",0.599134254234507,0.521047031961041,"LAA","Los Angeles Angels",2016,2016,32.7,0,1,1,32.7,0,0,0,0,0,0,0,0,0,162,74,88,0,0,-14,0,0,0,717,5431,1410,156,727,0.501,0.258,3.94,141,0,0.182574185835055,-0.0730296743340222,-1.1102722200054,-1.47935432153122,-1.35137867697918,-0.211999576001272,-0.380142960634853,-0.14142135623731,0,0,-0.183339699405642,0,0,-0.375,-0.452267016866645,-0.377964473009227,-0.301511344577764,-0.707106781186547,0,0,-0.246027258174183,0.396656191750213,-0.24501226041147,-0.445608503397713,-1.53226175536575,0.322325057392302,0.514495755427526,-0.339140051366533,15.5438110800756,57.6948185397175,45.9468750172921,-0.423999152002544,-1.90071480317426,-0.14142135623731,0,0,-0.366679398811285,0,0,-1.125,-2.71360210119987,-0.755928946018454,-0.301511344577764,-0.707106781186547,0,0,-0.0361660069516048,-0.0940075174448004,-0.0431221578324187,-0.184036311903255,27.5807115965835,-0.0628533861914989,3.08697453256516,-2.0348403081992
"Curtis Granderson","NH",0.568400776546053,0.423144232720175,"TOR","Toronto Blue Jays",2018,2018,37.4,8.077,1,1,37.4,8.077,0,0,0,0,0,0,0,0,162,73,89,0,0,-16,0,0,0,709,5477,1336,217,832,0.496,0.261,4.23,144,0,-0.300234650016321,-0.240187720013057,9.66379267621615,14.9773770468804,13.4329167172935,5.59502884944188,-6.27421025195317,3.52281938371192,-0.816496580927726,-1.93792558049982,-3.76256066331136,-0.365148371670111,-0.408248290463863,5.92727003944328,8.48679215166962,-0.639602149066831,-1.26491106406735,-0.447213595499958,-0.408248290463863,-0.447213595499958,0.419366030894096,0.535893476524783,0.587605879093276,0.836950226451876,9.89762410697451,0.477495508653551,6.65858885617332,-7.89965558771763,1188.64649917459,6035.8829498928,4607.49043403166,335.701730966513,520.759450912113,77.5020264416622,1.63299316185545,25.1930325464976,142.977305205832,-0.730296743340221,-0.408248290463863,320.072582129937,899.59996807698,-1.91880644720049,5.05964425626941,-0.447213595499958,-0.408248290463863,-0.447213595499958,-0.101486579476371,-0.188098610260199,-0.253258133889202,0.654495077085367,1138.22677230207,-0.162825968450861,752.420540747586,1169.14902698221
"Curtis Granderson","NH",0.379390369308315,0.328347196624611,"NYM","New York Mets",2014,2017,34.9,5.577,1,4,36.4,7.077,2,1,0,0,0,0,0,0,162,70,92,0,0,-22,0,0,0,735,5510,1379,224,863,0.48,0.25,3.78,144,0,-0.745499316410975,1.26734883789866,11.731877201674,20.1798729611282,18.6437102271646,7.47512882968636,7.7567175188134,4.17786374293675,-1.13389341902768,4.74692883171144,7.49063342055236,-1.22474487139159,-0.707106781186547,7.44282234072562,10.0095980428853,-1.14707866935281,-0.755928946018454,0,-1.06066017177982,-0.755928946018454,-0.212,-0.323,-0.452,-0.548007755419574,-4.92789417187129,-0.359645419248191,-4.87462819094954,12.4701908717292,1724.58594864608,10634.7930505146,8371.02589199691,553.159533396791,736.888164287273,100.268729830482,3.40168025708304,123.420149624497,479.400538915351,7.34846922834953,-1.41421356237309,528.440386191519,1231.18055927489,5.73539334676404,3.02371578407382,0,3.18198051533946,1.51185789203691,-0.044944,-0.104329,-0.204304,-0.42470601045017,517.428888046485,-0.122639087963633,531.3344728135,2531.44874696103
"Daniel Descalso","NH",0.64753427207537,0.589441294857789,"ARI","Arizona Diamondbacks",2017,2017,30.8,6.016,1,1,30.8,6.016,0,0,0,0,0,0,0,0,162,93,69,0,1,24,0,0,0,812,5525,1405,220,659,0.493,0.258,4.23,151,0,0.132842232831014,-0.0398526698493043,10.4083299973307,15.3990823274293,13.9395834537375,4.873672965233,-5.89767824619588,-2.41209075662211,2.04124145231932,-1.96116135138184,5.53172667437573,-0.730296743340221,0,6.47231867964712,8.68551064924195,-1.54919333848297,-0.942809041582063,0,-0.894427190999916,0,0.413834115412038,0.511678343142306,0.53358893662132,0.738537449625599,6.8585712797929,0.507864440501882,6.69527196360735,-7.6265012956518,1353.08289965299,6128.83476631687,4795.21670808568,229.062629365951,471.814259695671,38.5934521059537,10.2062072615966,19.6116135138184,282.118060393162,2.92118697336089,0,310.671296623062,773.010447782533,9.2951600308978,3.77123616632825,0,1.78885438199983,0,-0.096423348891005,-0.169877209923246,-0.210767629965422,0.53691672587781,576.119987502604,-0.16454807872261,549.012301015803,1037.20417620865
"Daniel Descalso","NH",0.578292717137894,0.527447307720777,"COL","Colorado Rockies",2015,2016,29.3,4.516,1,2,29.8,5.016,0,0,0,0,0,0,0,0,162,75,87,0,0,-12,0,0,0,845,5614,1544,204,860,0.466,0.275,4.99,151,0,-0.27116307227332,-0.13558153613666,7.82663720891674,-11.6158907367901,-10.6119089994502,-4.19639799084417,-5.18544972870135,-2.02837021134844,-0.707106781186547,-1.46059348668044,-3.85831542750775,-0.670820393249937,0,-4.09311900491615,-4.23320209770335,-0.485071250072666,-0.277350098112615,0,-1.33333333333333,-1.22474487139159,-0.264,-0.349,-0.424,-0.546593541857201,-4.54877868881402,-0.361754776545834,-4.14064337225894,-6.58651951961272,774.837083682757,3356.99242293235,2652.97724986256,159.463123652078,342.239682094289,24.3404425361813,-1.41421356237309,11.6847478934435,146.615986245295,-2.01246117974981,0,139.166046167149,237.059317471387,-0.970142500145332,-0.277350098112615,0,5.33333333333333,3.67423461417477,-0.069696,-0.121801,-0.179776,-0.422516807855617,423.036418059704,-0.124081888355221,376.798546875563,698.171069078948
"Daniel Hudson","NH",0.711969701240357,0.753247867526544,"LAD","Los Angeles Dodgers",2018,2018,31.4,4,1,1,31.4,4,0,0,0,0,0,0,0,0,163,92,71,1,1,21,1,0,1,804,5572,1394,235,610,0.527,0.262,3.53,152,0,0,0,-2.98154496689391,-0.0783260449987957,-0.0824085643430329,0,0,0,0,0,0,0,0,0,-0.0729324957489473,0,0,0,0,0,0,0,0,0,6.63723311599972,0,9.2972646748806,0,110.317163775075,-0.156652089997591,-0.164817128686066,0,0,0,0,0,0,0,0,0,-0.0729324957489473,0,0,0,0,0,0,0,0,0,663.723311599972,0,1310.91431915816,0
"Daniel Hudson","NH",0.558536866209932,0.391722327163099,"ARI","Arizona Diamondbacks",2016,2016,29.4,1,0,1,29.4,1,0,0,0,0,0,0,0,0,162,69,93,0,0,-24,0,0,0,752,5665,1479,190,890,0.488,0.258,4.27,152,0,0,0,-5.20416499866533,0,0,0,0,0,0,0,0,0,0,0,0,0,0,0,0,0,0,0,0,0,0,0,0,0,338.270724913247,0,0,0,0,0,0,0,0,0,0,0,0,0,0,0,0,0,0,0,0,0,0,0,0,0
"Daniel Hudson","NH",0.649316323867221,0.680904147336838,"ARI","Arizona Diamondbacks",2014,2014,27.4,0,0,1,27.4,0,0,0,0,0,0,0,0,0,162,64,98,0,0,-34,0,0,0,615,5552,1379,118,742,0.492,0.258,4.23,152,0,0,0,-0.240192230707631,0,0,0,0,0,0,0,0,0,0,0,0,0,0,0,0,0,0,0,0,0,0,0,0,0,-0.720576692122892,0,0,0,0,0,0,0,0,0,0,0,0,0,0,0,0,0,0,0,0,0,0,0,0,0
"David Ortiz","H",0.60386901542318,0.536129814938194,"BOS","Boston Red Sox",2015,2015,39.8,2,0,1,39.8,2,2,1,0,0,1,1,0,0,162,78,84,0,0,-6,0,0,2,748,5640,1495,161,753,0.516,0.267,3.9,162,1,1.15900111392938,3.47700334178815,11.8813114980589,23.9544214594747,22.0191221244271,6.92885336899324,10.5022793878484,5.34048999000404,0,5.64244710230637,9.47222660851592,0,-0.577350269189626,8.60886171337419,6.94708802920774,3.41121146168977,0,0,3,3.079201435678,0.445807133186538,0.509116882454314,0.697268119082403,0.899169246931064,10.6440028977759,0.580409338312195,10.4640912985271,15.4326795393853,1734.6714787166,14708.0147761175,11626.0964816975,505.806295936507,1512.32823185017,197.598129630149,0,208.770542785336,1023.00047371972,0,-0.577350269189626,662.882351929813,659.973362774735,54.5793833870363,0,0,27,49.2672229708481,-0.121705347359925,-0.183282077683553,-0.385589269852569,0.820941522448061,1490.16040568862,-0.223457595250195,1464.97278179379,4506.34242550052
"David Ortiz","H",0.575914219178994,0.653678792288238,"BOS","Boston Red Sox",2013,2014,38.3,0.5,0,2,38.8,1,2,1,0,1,2,0,0,0,162,71,91,0,0,-20,1,1,0,634,5551,1355,123,715,0.517,0.267,3.9,162,1,-1.00446763207213,2.61161584338754,11.5557961145505,23.4862568706902,21.6020932963129,5.60003217493974,9.91881942185683,3.89711431702997,0,5.33744996164116,9.1214034007931,0,0,8.38525491562421,6.94708802920774,3.83761289440099,-0.707106781186548,0,2,4.23390197405726,0.429477201567984,0.502045814642449,0.651876342794941,0.859775194491587,10.7200314899028,0.559303544191752,10.0903737521511,14.1642401251893,1640.92304826617,14138.7266361555,11189.8843274901,330.401898321445,1348.95944137253,105.222086559809,0,186.810748657441,948.625953682483,0,0,628.894118671816,659.973362774735,69.0770320992178,-2.12132034355964,0,12,93.1458434292596,-0.11295250401238,-0.178226264198069,-0.337020069224985,0.750583744791155,1511.5244400763,-0.20750161489514,1362.2004565404,3796.01635355073
"David Robertson","NH",0.670429082071374,0.748159735813852,"CHC","Chicago Cubs",2022,2022,37.3,6,1,1,37.3,6,0,0,0,0,0,0,0,0,162,74,88,0,0,-14,0,0,1,657,5425,1293,159,731,0.513,0.262,3.69,164,0,0,0,-0.164957219768465,-0.0410997468263393,-0.0434372242763069,0,0,0,0,0,0,0,0,0,-0.0898026510133875,0,0,0,0,0,0,0,0,0,8.48188929679971,0,11.4532661265047,0,-0.329914439536929,-0.0410997468263393,-0.0434372242763069,0,0,0,0,0,0,0,0,0,-0.0898026510133875,0,0,0,0,0,0,0,0,0,848.188929679971,0,1557.64419320463,0
"David Robertson","NH",0.485677824308392,0.343617334016234,"PHI","Philadelphia Phillies",2019,2020,34.3,4,1,2,34.3,4,0,0,0,0,0,0,0,0,162,81,81,0,0,0,0,0,1,774,5571,1369,215,794,0.472,0.261,3.98,164,0,0,0,-0.54997194092287,0,0,0,0,0,0,0,0,0,0,0,0,0,0,0,0,0,0,0,0,0,0,0,0,0,-3.84980358646009,0,0,0,0,0,0,0,0,0,0,0,0,0,0,0,0,0,0,0,0,0,0,0,0,0
"David Robertson","NH",0.524267866400628,0.542758947074889,"CHW","Chicago White Sox",2015,2018,31.3,1,1,4,32.3,2,0,0,0,0,0,0,0,0,162,67,95,0,0,-28,0,0,1,706,5513,1412,186,820,0.503,0.26,3.76,164,0,0,0,-0.397778642087865,0,0,0,0,0,0,0,0,0,0,0,0,0,0,0,0,0,0,0,0,0,0,0,0,0,-1.98889321043933,0,0,0,0,0,0,0,0,0,0,0,0,0,0,0,0,0,0,0,0,0,0,0,0,0
"David Ross","NH",0.619835619266435,0.574036516536221,"CHC","Chicago Cubs",2015,2016,38.4,2,1,2,38.4,2,0,0,0,0,0,0,0,0,162,97,65,0,1,32,0,0,0,689,5491,1341,171,608,0.512,0.263,3.68,165,0,0.0456435464587638,-0.00456435464587638,-5.93845991166472,-7.48015392239376,-6.9065186599328,-0.615587011251092,-2.26366583367244,-1.59099025766973,0,-0.196116135138184,-0.913811548620257,-0.223606797749979,0,-2.25017580185205,-5.47796171181663,-0.25,0,-0.632455532033676,-0.288675134594813,2.64575131106459,0.304993477013888,0.377595021153616,-0.347793041908546,0.551876378267722,3.81685018355987,-0.331223798995363,2.1053798026663,-2.47120825286086,427.56911363986,1361.38801387566,1098.13646692932,-3.69352206750656,63.3826433428284,14.3189123190276,0,-0.196116135138184,8.22430393758231,-0.223606797749979,0,45.003516037041,334.155664420815,-0.25,0,-1.26491106406735,-0.288675134594813,18.5202591774521,-0.0536788519544443,-0.100817870648016,-0.0876438465609537,-0.28587196394268,171.758258260194,-0.0758502499699381,52.6344950666574,98.8483301144345
"David Ross","NH",0.595509502322878,0.519241483197868,"BOS","Boston Red Sox",2013,2014,36.9,0.5,1,2,37.4,1,0,0,0,0,0,0,0,0,162,71,91,0,0,-20,1,1,0,634,5551,1355,123,715,0.517,0.267,3.9,165,0,0.115900111392938,-0.0347700334178815,-4.0689422938558,-6.67134539017944,-6.33883818733507,-1.518652793204,-2.04210988097052,-1.01036297108185,0,-1.06748999232823,-1.31558702896054,0,-0.577350269189626,-1.78885438199983,-4.24138005993736,-0.21320071635561,0,-0.632455532033676,-0.333333333333333,-0.192450089729875,-0.300470741781403,0.367695526217005,0.464004824271834,0.619471474610777,5.62611581739582,0.411562985348647,4.634097575062,-2.95969196645746,203.44711469279,1140.80006172068,963.503404474931,24.298444691264,57.1790766671747,7.07254079757292,0,7.47242994629763,19.7338054344082,0,-0.577350269189626,28.6216701119973,246.000043476367,-0.21320071635561,0,-1.26491106406735,-0.333333333333333,-0.192450089729875,-0.0552866164877782,-0.0956008368164212,-0.170753775332035,-0.389647557530179,416.332570487291,-0.112356695000181,287.314049653844,165.742750121618
"Delmon Young","H",0.626509351131136,0.608251566470221,"BAL","Baltimore Orioles",2014,2014,28.9,1,1,1,28.9,1,0,0,0,0,0,0,0,0,162,96,66,1,1,30,0,0,0,705,5596,1434,211,593,0.476,0.259,4,166,0,-0.471404520791032,-0.471404520791032,6.5823281614606,-9.79321600119275,-9.77428793983643,-2.89470384406205,-5.66589883765623,-1.94454364826301,-0.5,-1.10679718105893,-2.88675134594813,-0.365148371670111,0,-1.34839972492648,-4.31028669911543,-1.455213750218,1.34164078649987,0,0,0,0.427092495836675,0.435065129223967,0.592768167768331,0.742747357022316,8.23209127334441,0.507417704926353,7.79429409299927,-5.96287687455628,546.333237401229,2497.27008030415,2365.37768144042,78.1570037896752,413.610615148905,21.3899801308931,-0.5,7.74758026741253,86.6025403784439,-0.730296743340221,0,13.4839972492648,219.824621654887,8.73128250130799,4.02492235949962,0,0,0,-0.128981933742676,-0.146616948548477,-0.262003530153602,0.578600191120384,963.154678981297,-0.181148120658708,950.90387934591,638.027825577521
"Delmon Young","H",0.611458877005837,0.560307641552067,"PHI","Philadelphia Phillies",2013,2013,27.9,0,1,1,27.9,0,0,0,0,0,0,0,0,0,162,73,89,0,0,-16,0,0,0,613,5457,1354,140,758,0.473,0.262,3.96,166,0,0.233126202060078,-0.116563101030039,8.09244427357938,-13.4164593397614,13.3493248085231,-2.8474739872575,6.67259540297212,-2.63038379688572,0,-1.46993683051833,-3.30747546315826,0,0,-1.7817416127495,-5.31955584786969,-1.94028500029066,-1.20604537831105,0,-1.06066017177982,0,0.464730503512056,0.43416356364854,0.542425642152594,0.715,7.31165010601077,0.484197471091327,7.35861204784695,-7.37563556583431,833.521760178676,4843.34182165385,4458.67448604672,85.4242196177249,580.515800058575,42.0861407501715,0,16.1693051357017,125.684067600014,0,0,35.6348322549899,414.925356133836,15.5222800023253,4.82418151324422,0,3.18198051533946,0,-0.120829930913134,-0.133288214040102,-0.220767236356106,0.511225,709.230060283045,-0.156395783162498,728.502592736848,1003.08643695347
"Dioner Navarro","NH",0.659049374361572,0.58563685681201,"CHW","Chicago White Sox",2016,2016,32.5,6,1,1,32.5,6,0,0,0,0,0,0,0,0,162,78,84,0,0,-6,0,0,1,686,5550,1428,168,715,0.504,0.261,3.75,172,0,0.519875244910036,-0.519875244910036,8.03512857017487,-12.7801548209495,-12.1212737869993,-3.10759438426942,-4.76235235991626,-2.00594354950719,-0.894427190999916,-1.25108648434245,-3.77414706212034,-0.288675134594813,-1,-2.46585883012693,6.065939369789,-1.17851130197758,-0.534522483824849,-0.894427190999916,-0.948683298050514,0,-0.207,-0.265,-0.227688383542068,-0.33890460801431,-2.31053975818964,-0.236850447816721,-2.12924698482162,-5.97516545632698,811.547985587662,4268.57171019712,3684.86723124778,80.797453991005,300.028198674725,26.0772661435935,1.78885438199983,7.50651890605469,132.095147174212,-0.288675134594813,2,56.7147530929193,430.681695255019,5.8925565098879,-1.0690449676497,1.78885438199983,2.84604989415154,0,-0.042849,-0.070225,-0.073315659500546,-0.1989370049044,140.942925249568,-0.0622916677757977,123.496325119654,585.566214720045
"Dioner Navarro","NH",0.571886207869439,0.542758947074889,"TOR","Toronto Blue Jays",2014,2015,30.5,2,1,2,30.5,2,0,0,0,0,0,0,0,0,162,83,79,0,0,4,0,0,1,723,5550,1435,177,686,0.495,0.262,4.23,172,0,-0.938233281301002,2.34558320325251,10.9208713983256,19.3256478024263,18.8374138222104,-3.73001923296126,9.9782620874436,3.52281938371192,0,-1.78885438199983,6.83201804653905,-0.547722557505166,0,-3.51245631967009,-6.08486984459331,2.55840859626733,-0.316227766016838,0,2.44948974278318,-0.447213595499958,0.474819390351167,0.483983567117824,0.538525109609847,0.762031408227283,8.69269595482109,0.450890187057019,5.8925565098879,10.1414497409889,1518.00112436725,10049.3368572617,9060.79604848319,149.20076931845,1317.13059554256,77.5020264416622,0,21.466252583998,471.409245211195,-1.6431676725155,0,112.398602229443,462.450108189092,30.7009031552079,-0.316227766016838,0,14.6969384566991,-0.447213595499958,-0.13010051295622,-0.15342279077635,-0.212717418295889,0.542566362657826,877.96229143693,-0.14518664023236,589.25565098879,1926.87545078788
"Dioner Navarro","NH",0.667856280094496,0.631452241025963,"CHC","Chicago Cubs",2013,2013,29.5,1,1,1,29.5,1,0,0,0,0,0,0,0,0,162,66,96,0,0,-30,0,0,1,612,5496,1307,172,695,0.511,0.263,3.68,172,0,-0.867227382716513,1.64773202716137,7.34059627969667,-10.9325326558063,-10.4249338263137,-3.18053289146398,-5.82085500087199,-1.23743686707646,0,-2.54950975679639,-3.45217696145431,0,-0.408248290463863,-2.58770217212985,-3.23289543648195,-1,-0.577350269189626,0,-0.288675134594813,-0.377964473009227,0.519875244910036,0.51618795026618,0.679024510392876,0.911981042079479,11.3657316577116,0.5452898350273,11.621696510718,-7.29006434593954,653.313068893004,2908.05368644447,2501.98411831528,98.5965196353833,419.101560062783,8.66205806953521,0,33.1436268383531,117.374016689446,0,-0.408248290463863,59.5171499589867,116.38423571335,4,-1.15470053837925,0,-0.288675134594813,-0.377964473009227,-0.155962573473011,-0.188408601847156,-0.334080059113295,0.780655772020034,1523.00804213336,-0.205574267805292,1603.79411847908,860.227592820866
"Dioner Navarro","NH",0.623567247872601,0.598879371511156,"CIN","Cincinnati Reds",2012,2012,28.5,0,1,1,28.5,0,0,0,0,0,0,0,0,0,162,97,65,1,1,32,0,0,1,669,5477,1377,172,588,0.508,0.262,3.72,172,0,-0.170388550274119,-0.0511165650822358,-1.98625413264568,-3.01817854167074,-2.99434495255895,-0.615587011251092,-1.56173761888606,-0.486664263392288,-0.577350269189626,-0.342997170285018,-1.2,0,0,-0.308606699924184,-1.09090909090909,-0.242535625036333,0,-0.377964473009227,-0.408248290463863,-0.447213595499958,0.410121933088197,0.432749350086167,0.588047033742756,0.755,7.39960741824417,0.47693141661977,6.37342237895095,-1.77215204647259,47.6700991834964,220.327033541964,206.609801726567,-3.69352206750656,31.2347523777212,-1.45999279017686,-0.577350269189626,-0.685994340570035,14.4,0,0,-0.617213399848368,13.0909090909091,-0.242535625036333,0,-0.377964473009227,-0.408248290463863,-0.447213595499958,-0.118935360595577,-0.132421301126367,-0.264033118150497,0.570025,732.561134406172,-0.153094984734946,567.234591726635,54.9367134406503
"Domingo German","NH",0.606274281851348,0.543791893360454,"NYY","New York Yankees",2019,2019,26,1,0,1,26,1,0,0,0,0,0,0,0,0,162,103,59,1,1,44,0,0,3,943,5583,1493,306,739,0.57,0.266,3.65,175,0,0.0422577127364258,-0.00422577127364258,-0.243332131696144,-0.307011822581335,-0.326055658375689,0,0,0,0,0,0,0,0,0,-0.575396455568751,-0.25,0,0,0,0,0,0,0,0,6.80413817439772,0,8.73698245307389,0,-0.729996395088432,-2.45609458065068,-2.60844526700551,0,0,0,0,0,0,0,0,0,-4.02777518898125,-0.25,0,0,0,0,0,0,0,0,680.413817439772,0,1127.07073644653,0
"Domingo German","NH",0.606475193621151,0.5444319063412,"NYY","New York Yankees",2018,2018,25,0,1,1,25,0,0,0,0,0,0,0,0,0,162,100,62,0,1,38,0,0,0,851,5515,1374,267,669,0.569,0.266,3.65,175,0,0,0,-0.162221421130763,-0.0767529556453336,-0.0407569572969611,0,0,0,0,0,0,0,0,-0.117041147196131,-0.0821994936526786,0,0,0,0,0,0,0.707106781186547,0,-0.468704230337244,-3.8783587594067,0.502951373428499,7.92423989929958,0,-0.324442842261525,-0.153505911290667,-0.0407569572969611,0,0,0,0,0,0,0,0,-0.117041147196131,-0.0821994936526786,0,0,0,0,0,0,-0.353553390593274,0,-0.234352115168622,221.066449286182,-0.174524126579689,927.136068218051,0
"Donovan Solano","NH",0.624725423454658,0.602568789046172,"MIN","Minnesota Twins",2023,2023,35.7,1,1,1,35.7,1,0,0,0,0,0,0,0,0,162,87,75,1,1,12,0,0,0,778,5489,1336,233,659,0.482,0.262,3.99,177,0,-0.694995588420911,1.11199294147346,10.9410541844315,18.4637236468999,17.2449115155769,4.77777777777778,9.00328887275732,4.45896321370523,-0.447213595499958,-0.78086880944303,-3.65655170486763,0,0,4.64990554975277,8.39181358296689,-1.46059348668044,3.87298334620742,0,-0.353553390593274,-0.353553390593274,-0.345291741584702,0.451817917179982,0.470027978505572,0.658261594718825,6.68202413153866,0.45406165420084,6.76513304300852,9.04319138052643,1466.10126071382,8308.67564110496,6794.4951371373,205.444444444444,999.365064876063,115.933043556336,-0.447213595499958,3.90434404721515,138.94896478497,0,0,185.996221990111,839.181358296689,11.6847478934435,58.0947501931113,0,-0.353553390593274,-0.353553390593274,-0.097372271126886,-0.166720811439414,-0.183780939595679,-0.500278811986307,735.022654469252,-0.154835024082486,764.460033859963,1392.65147260107
"Donovan Solano","NH",0.576874737825933,0.450138396490671,"CIN","Cincinnati Reds",2022,2022,34.7,0,1,1,34.7,0,0,0,0,0,0,0,0,0,162,62,100,0,0,-38,0,0,0,648,5380,1264,156,815,0.504,0.261,3.76,177,0,-0.511165650822358,-0.460049085740123,6.62084710881894,12.5688531050398,12.0641724175563,-2.25715237458734,-6.16886359459994,-2.5955427380922,0,-0.685994340570035,-2.4,0,0,-2.93176364927975,5.54545454545455,-1.21267812518166,-1,0,-0.816496580927726,-0.447213595499958,0.401636651713959,0.479418397644479,0.504227412006594,0.724,7.39960741824417,0.481388719578833,7.08953725299039,-6.11678287008282,529.667768705516,3820.9313439321,3353.83993208066,49.6573522409215,487.340223973395,41.5286838094752,0,-2.74397736228014,57.6,0,0,55.7035093363152,338.272727272727,6.06339062590832,5,0,1.63299316185545,-0.447213595499958,-0.114064809086764,-0.162522836801478,-0.194127553622539,0.524176,732.561134406172,-0.155969945143542,701.864188046048,654.495767098861
"Drew Smyly","NH",0.648806937656414,0.512053677022853,"ATL","Atlanta Braves",2021,2021,32.2,4,1,1,32.2,4,0,0,0,0,0,0,0,0,161,88,73,1,1,15,1,1,0,790,5363,1307,239,656,0.501,0.26,3.67,180,0,0.173748897105228,-0.0694995588420911,-2.27845518382332,-1.61947369088263,-1.64263031444076,0,-0.220564386628142,0,0,0,0,0,0,0,-1.45723347881,0,0,-0.666666666666667,0,0,-0.0842931393016854,-0.0842931393016854,-0.0652931849429939,-0.103237590053236,2.89493188704512,-0.0639193300275723,4.78261894607991,-0.164894912978794,66.0752003308763,69.6373687079529,67.3478428920711,0,-0.661693159884427,0,0,0,0,0,0,0,27.6874360973901,0,0,-1.33333333333333,0,0,-0.00615339916902303,-0.00615339916902303,-0.00476640250083855,-0.0150726881477724,176.590845109752,-0.00377124047162677,502.17498933839,-0.494684738936381
"Drew Smyly","NH",0.620875414686653,0.590304422503912,"PHI","Philadelphia Phillies",2019,2019,30.2,2,1,1,30.2,2,0,0,0,0,0,0,0,0,162,81,81,0,0,0,0,0,1,774,5571,1369,215,794,0.472,0.261,3.98,180,0,0.0932504808240314,-0.0186500961648063,-0.864241621450225,-0.743294146247166,-0.75939272862856,-0.0949157995752499,0,0,0,0,0,0,0,-0.0890870806374748,-0.613794905523426,0,0,0,0,0,0,-0.0707106781186548,0,-0.05,6.40711607227748,-0.0524672182297103,8.62221209646713,0,9.50665783595247,14.8658829249433,14.4284618439426,-0.0949157995752499,0,0,0,0,0,0,0,-0.0890870806374748,-5.52415414971084,0,0,0,0,0,0,-0.00353553390593274,0,-0.0025,544.604866143586,-0.00183635263803986,1000.17660319019,0
"Eddie Rosario","NH",0.467344737987293,0.263993514499705,"ATL","Atlanta Braves",2022,2023,31.3,1.5,0,2,31.8,2,0,0,0,0,0,0,0,0,162,104,58,1,1,46,0,0,0,947,5597,1543,307,716,0.503,0.26,3.67,183,0,-0.521246691315683,-0.62549602957882,11.1565736587211,19.4336842905915,19.1506656171386,6.53197264742181,8.96961838954445,3.65996568798251,1.73205080756888,3.3203915431768,7.25629700011281,-1,2,-3.4,9.35697286393792,2.71068738274197,-0.223606797749979,-0.333333333333333,-0.666666666666667,-0.301511344577764,-0.294448637286709,-0.352183664205672,-0.402492235949962,-0.533865619795843,-4.79324787855012,-0.351014625914126,-4.55487518674277,11.8174687634802,1584.23345953839,10027.7810939452,9154.01816499225,418.046249434996,1094.29344352442,87.8391765115803,5.19615242270663,69.7282224067128,536.965978008348,3,8,115.6,1141.55068940043,35.2389359756456,-0.223606797749979,-0.333333333333333,-1.33333333333333,-0.301511344577764,-0.0750844025081108,-0.10741601758273,-0.181121506177483,-0.403068542945862,484.118035733562,-0.113728738796177,455.487518674277,2540.75578414825
"Eddie Rosario","NH",0.664100587759064,0.56523246111001,"CLE","Cleveland Guardians",2021,2021,29.8,0,1,1,29.8,0,0,0,0,0,0,0,0,0,162,80,82,0,0,-2,0,0,0,717,5332,1269,203,727,0.512,0.265,3.83,183,0,-0.507392164415887,-0.558131380857475,8.8306858543506,15.730233095417,15.8329521401711,-4.00454287483149,7.72348198114319,3.46890953086605,-0.948683298050514,-2.27109989583068,5.99376623208311,-1.67748427365865,-0.866025403784439,-2.50185116648838,-4.3795447675682,-0.942809041582063,-0.353553390593274,-0.894427190999916,1.51185789203691,0,0.459289169130411,0.484066007115076,0.590322507603619,0.775304904434916,8.05650574183448,0.513640897914271,7.68615138264418,9.6066714107031,980.206129832917,6480.85603531179,6000.68886112486,168.190800742922,756.901234152032,65.909281086455,2.84604989415154,31.7953985416295,371.613506389153,18.4523270102452,2.59807621135332,65.0481303286978,267.15223082166,3.77123616632825,-0.353553390593274,1.78885438199983,6.04743156814764,0,-0.118955894804776,-0.147640132170098,-0.256790290807574,0.573725629281838,797.594068441613,-0.165392369128395,737.870532733842,1585.10078276601
"Edwin Jackson","NH",0.589787639227016,0.491272992656538,"OAK","Oakland Athletics",2018,2018,34.9,11.114,1,1,34.9,11.114,0,0,0,0,0,0,0,0,162,97,65,0,1,32,0,0,0,813,5579,1407,227,674,0.488,0.259,3.98,188,0,0,0,-0.0808452083454443,-0.0787499230958158,-0.0839921051131616,0,0,0,0,0,0,0,0,0,0,0,0,0,0,0,0,0,0,0,7.55928946018454,0,10.1186778014441,0,-0.0808452083454443,-0.157499846191632,-0.167984210226323,0,0,0,0,0,0,0,0,0,0,0,0,0,0,0,0,0,0,0,755.928946018454,0,1366.02150319496,0
"Edwin Jackson","NH",0.868373915022219,0.906447418346679,"ATL","Atlanta Braves",2015,2015,31.9,9.07,1,1,31.9,9.07,0,0,0,0,0,0,0,0,162,67,95,0,0,-28,0,0,1,573,5420,1361,100,760,0.501,0.26,3.64,188,0,0,0,-3.53553390593274,-0.0376621788577355,-0.0400641540107502,0,0,0,0,0,0,0,0,0,0,0,0,0,0,0,0,0,0,0,4.7457899787625,0,6.19463025397017,0,159.099025766973,-0.0376621788577355,-0.0400641540107502,0,0,0,0,0,0,0,0,0,0,0,0,0,0,0,0,0,0,0,474.57899787625,0,842.469714539943,0
"Edwin Jackson","NH",0.359799015143664,0.230908451723122,"CHC","Chicago Cubs",2013,2016,30.4,7.57,1,4,30.9,8.07,0,0,0,0,0,0,0,0,158,73,89,0,0,-16,0,0,2,614,5508,1315,157,707,0.511,0.263,3.68,188,0,-0.0912870929175277,-0.0182574185835055,-2.3094010767585,-1.80838886035893,-1.73748897105228,-0.205195670417031,-0.56591645841811,-0.353553390593274,0,0,0,0,0,0,-1.88585567128114,0,0,-1.26491106406735,0,0,0.303260559530855,-0.247487373415292,-0.310529501704059,-0.4261593654577,-0.933007822647968,-0.289278427070186,-0.252645576319956,-0.556021856893694,64.6632301492381,79.5691098557929,69.4995588420911,-0.410391340834062,-3.96141520892677,-0.707106781186547,0,0,0,0,0,0,39.6029690969039,0,0,5.05964425626941,0,0,-0.0530705979178995,-0.043310290347676,-0.0698691378834134,-0.17046374618308,10.2630860491276,-0.0578556854140372,0.757936728959867,-5.00419671204325
"Ehire Adrianza","NH",0.606529429578236,0.544604677287333,"ATL","Atlanta Braves",2023,2023,34,2,1,1,34,2,0,0,0,0,0,0,0,0,162,104,58,1,1,46,0,0,0,947,5597,1543,307,716,0.503,0.26,3.67,189,0,0.130311672828921,-0.0390935018486762,-0.392837100659193,-0.41428396743509,-0.400641540107502,0,0,0,0,0,0,0,0,-0.1,-0.306785995538948,0,0,0,0,0,0,-0.105077748992512,0,-0.0643467170879758,3.416968784709,-0.0693362224027903,4.00829016433364,0,-1.96418550329597,-4.55712364178599,-4.00641540107502,0,0,0,0,0,0,0,0,-0.1,-1.22714398215579,0,0,0,0,0,0,-0.00956207515831858,0,-0.0058555512550058,246.021752499048,-0.00443751823377858,352.72953446136,0
"Ehire Adrianza","NH",0.596708813186108,0.513320686428684,"ATL","Atlanta Braves",2021,2021,32,0,1,1,32,0,0,0,0,0,0,0,0,0,161,88,73,1,1,15,1,1,0,790,5363,1307,239,656,0.501,0.26,3.67,189,0,-0.217186121381535,-0.108593060690767,8.56384879437041,-7.87139538126671,-7.29167602995654,-3.2659863237109,-3.30846579942213,-1.37248713299344,1.15470053837925,-0.790569415042095,-2.74562589193458,0,0,-2.1,-3.22125295315896,-0.834057656228299,-0.447213595499958,-0.333333333333333,-1,0,-0.285211032979675,-0.377587076050015,-0.358665303590966,-0.514773736703807,-4.3661267804615,-0.353181382864213,-4.2815826755382,-4.01244288248398,933.459518586375,1645.12163468474,1327.08503745209,104.511562358749,148.880960973996,12.352384196941,2.3094010767585,3.95284707521047,76.8775249741681,0,0,44.1,135.292624032676,3.3362306249132,-0.894427190999916,-0.333333333333333,3,0,-0.0704471251459798,-0.123470973868355,-0.143824786739977,-0.374755280320371,401.683663802458,-0.115137130813733,402.468771500591,292.908330421331
"Eric Chavez","NH",0.611656381837829,0.560936801587635,"ARI","Arizona Diamondbacks",2013,2013,35.7,14.02,1,1,35.7,14.02,0,0,0,0,0,0,0,0,162,81,81,0,0,0,0,0,0,685,5676,1468,130,695,0.498,0.258,4.23,195,0,-0.442807442770048,-0.442807442770048,6.40512615220349,-9.82755505318354,-9.23902624259343,-2.90346474524519,-4.71814259695671,-2.11057941204435,-0.816496580927726,-1.76504521624366,4.77247007201044,-0.182574185835055,0,-2.56195947736032,-4.3915503282684,-1.80739222823013,-0.235702260395516,0,2.23606797749979,1.51185789203691,0.499087495411085,0.511678343142306,0.645710156215167,0.822854655016142,9.79795897113271,0.550186477210373,9.55300999685439,-6.11241647960328,512.410092176279,2496.19898350862,2106.4979833113,81.2970128668653,301.961126205229,29.5481117686208,1.63299316185545,15.8854069461929,209.988683168459,-0.182574185835055,0,48.6772300698461,197.619764772078,12.6517455976109,-0.235702260395516,0,11.1803398874989,6.04743156814764,-0.140243586210515,-0.169877209923246,-0.30864945467085,0.666512270563075,1175.75507653593,-0.193115453500841,1117.70216963196,666.253396276758
"Eric Chavez","NH",0.638161043406758,0.64536852737,"NYY","New York Yankees",2012,2012,34.7,13.02,0,1,34.7,13.02,0,0,0,0,0,0,0,0,162,95,67,1,1,28,0,0,0,804,5524,1462,245,668,0.568,0.268,3.64,195,0,-0.676123403782813,1.0817974460525,9.16551029388808,-12.0118375584947,-11.3304341285552,-3.44817462679615,-5.55726989905695,-2.05798302171011,0,-2.82842712474619,-3.6635459090137,0,0,-3.51123441588392,-4.84977012550804,2.5,-0.208514414057075,0,-1.33333333333333,-1.22474487139159,0.465752964752587,0.492146319705837,0.581720637065031,0.792110149269942,8.50517271799715,0.527591642443728,8.46606826848245,-7.81271153559771,1035.70266320935,3759.70515580885,3149.86068773834,124.134286564661,433.467052126442,24.6957962605213,0,45.254833995939,135.551198633507,0,0,105.337032476518,286.136437404974,25,-0.208514414057075,0,5.33333333333333,3.67423461417477,-0.130876583095477,-0.171266919257631,-0.288533435984255,0.669333076133101,1063.14658974964,-0.192043357849517,1058.25853356031,1078.15419191248
"Fernando Abad","NH",0.573408497206174,0.439096539693438,"BOS","Boston Red Sox",2017,2017,31.7,3,1,1,31.7,3,0,0,0,0,0,0,0,0,162,93,69,1,1,24,0,0,0,785,5669,1461,168,668,0.517,0.267,3.9,204,0,0,0,-0.325515383508464,0,0,0,0,0,0,0,0,0,0,0,0,0,0,0,0,0,0,0,0,0,0,0,0,0,-1.30206153403386,0,0,0,0,0,0,0,0,0,0,0,0,0,0,0,0,0,0,0,0,0,0,0,0,0
"Fernando Abad","NH",0.63855738003483,0.646631074541629,"MIN","Minnesota Twins",2016,2016,30.7,2,1,1,30.7,2,0,0,0,0,0,0,0,0,162,59,103,0,0,-44,0,0,0,722,5618,1409,200,889,0.479,0.263,3.98,204,0,0,0,-0.32659863237109,-0.0410304969931109,-0.0437688109532409,0,0,0,0,0,0,0,0,0,-0.0839181358296689,0,0,0,0,0,0,0,0,0,6.07456739230787,0,7.96250172318702,0,-1.30639452948436,-0.0410304969931109,-0.0437688109532409,0,0,0,0,0,0,0,0,0,-0.0839181358296689,0,0,0,0,0,0,0,0,0,607.456739230787,0,1059.01272918387,0
"Fernando Abad","NH",0.589768149618897,0.491210907681635,"OAK","Oakland Athletics",2015,2015,29.7,1,1,1,29.7,1,0,0,0,0,0,0,0,0,162,68,94,0,0,-26,0,0,0,694,5600,1405,146,729,0.487,0.259,3.97,204,0,0,0,-0.323380833381777,0,0,0,0,0,0,0,0,0,0,0,0,0,0,0,0,0,0,0,0,0,0,0,0,0,-1.29352333352711,0,0,0,0,0,0,0,0,0,0,0,0,0,0,0,0,0,0,0,0,0,0,0,0,0
"Fernando Rodney","NH",0.624988287538383,0.603406153755673,"ARI","Arizona Diamondbacks",2017,2017,40.4,13.137,1,1,40.4,13.137,0,0,0,0,0,0,0,0,162,93,69,0,1,24,0,0,0,812,5525,1405,220,659,0.493,0.258,4.23,205,0,0,0,-4.56365238344498,0,0,0,0,0,0,0,0,0,0,0,0,0,0,0,0,0,0,0,0,0,0,0,0,0,260.128185856364,0,0,0,0,0,0,0,0,0,0,0,0,0,0,0,0,0,0,0,0,0,0,0,0,0
"Fernando Rodney","NH",0.520285666789166,0.413419024886249,"SEA","Seattle Mariners",2014,2015,37.4,10.137,1,2,37.4,10.137,1,0,0,0,0,0,0,0,162,87,75,0,0,12,0,0,0,634,5450,1328,136,554,0.468,0.261,4.33,205,0,0,0,-0.562253530231749,0,0,0,0,0,0,0,0,0,0,0,0,0,0,0,0,0,0,0,0,0,0,0,0,0,-3.93577471162224,0,0,0,0,0,0,0,0,0,0,0,0,0,0,0,0,0,0,0,0,0,0,0,0,0
"Francisco Liriano","NH",0.578879172486889,0.45652360828454,"DET","Detroit Tigers",2018,2018,34.8,11.104,1,1,34.8,11.104,0,0,0,0,0,0,0,0,162,64,98,0,0,-34,0,0,0,630,5494,1326,135,796,0.506,0.265,3.98,209,0,0,0,-0.0800640769025436,-0.0770371215771345,-0.0400641540107502,0,0,0,0,0,0,0,0,0,0,0,0,-0.408248290463863,0,0,0,0,0,0,8.42151921066519,0,30.8117341764946,0,-0.0800640769025436,-0.154074243154269,-0.0400641540107502,0,0,0,0,0,0,0,0,0,0,0,0,-0.408248290463863,0,0,0,0,0,0,842.151921066519,0,11030.6008351851,0
"Francisco Liriano","NH",0.431401391789743,0.332455429867582,"PIT","Pittsburgh Pirates",2015,2017,32.3,8.604,0,3,32.8,9.104,0,0,0,0,0,0,0,0,162,78,83,0,0,-5,0,0,0,729,5542,1426,153,758,0.504,0.265,3.71,209,0,-0.209426954145848,-0.104713477072924,-1.6654083300081,-1.68676059069525,-1.79251631906054,-0.206284249251759,-0.993127066322842,-0.164398987305357,0,-0.164398987305357,-0.46423834544263,0,0,0,-1.3426901732747,0,0,0,0,0,-0.286,-0.286,-0.381,-0.471640223051427,-3.69611827767736,-0.360556991453531,-4.27141071485165,-0.923760430703401,34.9735749301702,70.8439448092004,75.2856854005428,-0.412568498503517,11.9175247958741,-0.164398987305357,0,-0.164398987305357,-2.32119172721315,0,0,0,21.4830427723952,0,0,0,0,0,-0.081796,-0.081796,-0.145161,-0.314584028775302,284.601107381157,-0.112133224342048,363.06991076239,14.7801668912544
"Francisco Rodriguez","NH",0.628339875358773,0.593192512422404,"MIL","Milwaukee Brewers",2015,2016,33.6,2,0,2,33.6,2,1,0,0,0,0,0,0,0,162,68,94,0,0,-26,0,0,0,655,5480,1378,145,737,0.477,0.259,4.19,211,0,0,0,-4.58530260724415,0,0,0,0,0,0,0,0,0,0,0,0,0,0,0,0,0,0,0,0,0,0,0,0,0,265.947551220161,0,0,0,0,0,0,0,0,0,0,0,0,0,0,0,0,0,0,0,0,0,0,0,0,0
"Francisco Rodriguez","NH",0.680077739620102,0.640570093973675,"MIL","Milwaukee Brewers",2014,2014,32.6,1,1,1,32.6,1,1,0,0,0,0,0,0,0,162,82,80,0,0,2,0,0,0,650,5462,1366,150,657,0.478,0.259,4.19,211,0,0,0,-5.13870119777362,0,0,0,0,0,0,0,0,0,0,0,0,0,0,0,0,0,0,0,0,0,0,0,0,0,334.015577855285,0,0,0,0,0,0,0,0,0,0,0,0,0,0,0,0,0,0,0,0,0,0,0,0,0
"Francisco Rodriguez","NH",0.611198732425923,0.559478939937524,"MIL","Milwaukee Brewers",2013,2013,31.6,0,0,1,31.6,0,0,0,0,0,0,0,0,0,162,74,88,0,0,-14,0,0,0,640,5474,1381,157,687,0.478,0.259,4.2,211,0,0,0,-2.29265130362207,0,0,0,0,0,0,0,0,0,0,0,0,0,0,0,0,0,0,0,0,0,0,0,0,0,66.4868878050402,0,0,0,0,0,0,0,0,0,0,0,0,0,0,0,0,0,0,0,0,0,0,0,0,0
"Franklin Gutierrez","NE",0.621892000215884,0.593542798908574,"SEA","Seattle Mariners",2016,2016,33.5,2.011,0,1,33.5,2.011,0,0,0,0,0,0,0,0,162,86,76,0,0,10,0,0,1,768,5583,1446,223,707,0.47,0.26,4.32,212,0,-0.177122977108019,-0.0708491908432076,7.87154942324449,-10.9578037611725,-10.2099984229485,-3.36804839632687,-4.57214330287475,-1.70084012854152,0,-2.11057941204435,-3.57512413841002,-0.577350269189626,0,-3.46616296706974,6.63738488026576,-1.54919333848297,-0.801783725737273,0,-1.13389341902768,0,-0.347896536343781,-0.329,0.574040574040861,0.78,8.44231764817738,-0.409941122770003,-4.62331050222673,-6.12836733784333,771.41184347796,3101.05846441181,2532.07960889122,111.145597078787,278.90074147536,15.3075611568737,0,29.5481117686208,139.429841397991,-0.577350269189626,0,100.518726045023,564.177714822589,9.2951600308978,2.40535117721182,0,3.40168025708304,0,-0.0855825479405702,-0.108241,-0.259466339466469,0.6084,945.539576595867,-0.140199863987341,527.057397253848,686.377141838453
"Franklin Gutierrez","NE",0.622222909028906,0.594596922994912,"SEA","Seattle Mariners",2015,2015,32.5,1.011,0,1,32.5,1.011,0,0,0,0,0,0,0,0,162,76,86,0,0,-10,0,0,1,656,5544,1379,198,726,0.468,0.261,4.33,212,0,1.19558009547913,3.22806625779365,-4.73899404052474,-7.31810922565936,-7.03995859001689,-2.75567596063108,-3.74765844497931,-2.07880460155075,0,-2.26133508433323,-3.20844473959874,0,0,-1.67332005306815,-4.21669157099236,-1.29099444873581,-0.801783725737273,0,-0.377964473009227,-0.333333333333333,0.412950360212944,-0.354,0.787400787401181,0.974,12.5880986361216,0.495045858783659,-6.9349657533401,-5.80006194474458,279.60064839096,1383.12264364962,1203.83291889289,74.403250937039,187.382922248965,22.8668506170582,0,33.9200262649984,112.295565885956,0,0,23.4264807429541,227.701344833588,6.45497224367903,2.40535117721182,0,-0.377964473009227,-0.333333333333333,-0.12058150518218,-0.125316,0.488188488188732,0.948676,2102.21247223231,-0.204453939677651,1185.87914382116,614.806566142925
"Geovany Soto","NH",0.595295909445321,0.508819821518986,"LAA","Los Angeles Angels",2016,2016,33.6,2,1,1,33.6,2,0,0,0,0,0,0,0,0,162,74,88,0,0,-14,0,0,0,717,5431,1410,156,727,0.501,0.258,3.94,218,0,-0.182574185835055,-0.0730296743340222,-2.06193412286717,-3.26216593978679,-3.10022167071694,-1.165997668007,-1.59660043466638,-0.707106781186547,0,-0.632455532033676,-0.82502864732539,0,0,-0.75,-1.58293455903326,-0.188982236504614,0,1.41421356237309,0,0,0.450213145910579,0.537243196421174,0.677960061479465,0.872874768156779,10.215078369105,0.570267409232534,10.2041658159793,-2.14788699198804,53.6102871945465,280.546270821664,241.817290315921,12.825974348077,33.528609127994,-3.53553390593274,0,-2.5298221281347,7.42525782592851,0,0,4.5,33.2416257396984,-0.188982236504614,0,2.82842712474619,0,0,-0.121107336249946,-0.172455066051197,-0.3301665499405,0.706155687438834,1225.8094042926,-0.196742256185224,1214.29573210153,81.6197056955456
"Geovany Soto","NH",0.624394831511534,0.601515674362359,"CHW","Chicago White Sox",2015,2015,32.6,1,1,1,32.6,1,0,0,0,0,0,0,0,0,162,76,86,0,0,-10,0,0,0,622,5533,1381,136,701,0.504,0.261,3.75,218,0,-0.415900195928029,-0.332720156742423,-6.20534681657069,-8.0354266838305,-7.45617828345021,-2.39045721866879,-3.09930867867566,-1.23442679969674,0,-1.87662972651367,-2.26448823727221,0,-0.5,-2.25143632315937,-5.38245324361559,-0.471404520791032,-0.267261241912424,-0.447213595499958,0,0,-0.219,-0.301,-0.287085353161738,-0.408763990586255,-3.63625929157714,-0.28908362642269,-3.81796011071463,-4.63380178245766,484.017051692514,1687.43960360441,1394.30533900519,47.8091443733757,127.071655825702,9.87541439757388,0,16.8896675386231,47.5542529827163,0,-0.5,47.2801627863468,339.094554347782,-0.942809041582063,-0.267261241912424,-0.447213595499958,0,0,-0.047961,-0.090601,-0.116556653383666,-0.289404905335069,349.080891991405,-0.0927958440816835,397.067851514322,352.168935466782
"Geovany Soto","NH",0.588122305544439,0.485968001439888,"TEX","Texas Rangers",2013,2013,30.6,0,0,1,30.6,0,0,0,0,0,0,0,0,0,163,91,72,0,0,19,0,0,0,730,5585,1465,176,636,0.477,0.26,4.24,218,0,-0.540562477617335,-0.810843716426003,-4.24264068711929,-6.70533275712683,-6.29723938568298,-1.81071492085037,-2.94085848837523,-1.42302494707577,0,-1.67125804359347,-2.2,-0.2,-0.707106781186547,-2.35702260395516,-4.69956269992774,-0.534522483824849,0,-0.5,0,0,-0.346482322781408,-0.401615926382207,0.57058848077472,0.782731505882613,8.42712248888213,0.518221843721726,8.92023834737128,-4.2485291572496,229.102597104441,1233.78122731134,1026.45001986633,36.2142984170074,117.634339535009,12.8072245236819,0,15.0413223923412,48.4,-0.2,-1.41421356237309,47.1404520791032,281.973761995665,-1.0690449676497,0,-0.5,0,0,-0.084888169081445,-0.131730023853364,-0.26589423204102,0.621488815670795,960.691963732563,-0.182932310833769,1079.34884003192,322.88821595097
"Gordon Beckham","NH",0.606094949592825,0.543220622829938,"SEA","Seattle Mariners",2018,2018,31.9,7.153,0,1,31.9,7.153,0,0,0,0,0,0,0,0,162,89,73,0,0,16,0,0,0,677,5513,1402,176,711,0.472,0.26,4.32,221,0,-0.221403721385024,-0.110701860692512,-1.7670825235855,-1.93600773165592,-1.81145133310376,-0.306186217847897,-0.599625351196689,-0.188982236504614,0,0,-0.0916698497028211,-0.577350269189626,0,-0.478091443733757,-0.858955690387333,-0.258198889747161,0,1.41421356237309,0,0,-0.257386868351903,-0.25,-0.26035026035039,-0.455,-2.33671292047767,-0.282883347876377,-1.50054814545955,-0.492458089648124,38.8758155188809,96.8003865827958,79.7038586565654,-0.918558653543692,-4.79700280957351,-0.188982236504614,0,0,-0.0916698497028211,-0.577350269189626,0,-1.91236577493503,9.44851259426067,-0.258198889747161,0,2.82842712474619,0,0,-0.0468444100400464,-0.0625,-0.0533718033718301,-0.207025,72.4381005348077,-0.0667604700988249,55.5202813820035,-4.43212280683312
"Gordon Beckham","NH",0.605904538752153,0.542614061005191,"SEA","Seattle Mariners",2017,2017,30.9,7.123,1,1,30.9,7.123,0,0,0,0,0,0,0,0,162,78,84,0,0,-6,0,0,0,750,5551,1436,200,772,0.47,0.26,4.32,221,0,0.0885614885540095,-0.0177122977108019,-0.883541261792749,-0.69696278339613,-0.699878924153726,-0.204124145231932,-0.224859506698758,0,0,0,0,-0.577350269189626,0,-0.119522860933439,-0.156173761888606,-0.516397779494322,0,0,0,0,-0.248901586977665,-0.222,-0.223520223520335,-0.399,-0.904534033733291,-0.233738359474125,0.0405553552826906,-0.164152696549375,9.71895387972024,-12.5453301011303,-11.8979417106133,-0.408248290463863,-0.674578520096275,0,0,0,0,-0.577350269189626,0,-0.119522860933439,-0.312347523777212,-1.03279555898864,0,0,0,0,-0.043806679308069,-0.049284,-0.039339559339579,-0.159201,10.8544084047995,-0.0455789800974543,-0.0405553552826906,-0.492458089648124
"Gordon Beckham","NH",0.594280854784035,0.505586321759222,"ATL","Atlanta Braves",2016,2016,29.9,6.123,1,1,29.9,6.123,0,0,0,0,0,0,0,0,161,68,93,0,0,-25,0,0,0,649,5514,1404,122,779,0.5,0.26,3.65,221,0,0.304060569934149,-0.212842398953904,6.9139329716018,-10.5077479013082,-9.8157177326338,-2.55155181539914,-3.8231160348878,-2.43997712532167,-0.577350269189626,-0.790569415042095,-3.03980009464185,-0.333333333333333,0,-2.6,-3.98821794200633,2.5021729686849,-0.894427190999916,0,-1.33333333333333,-0.301511344577764,-0.244796514136401,-0.3394819582835,-0.310366235276971,-0.453255446740577,-3.416968784709,-0.314179757762644,-3.18841263071994,-4.67202253439916,608.426101500958,2931.66166446499,2404.85084449528,63.7887953849786,198.802033814166,39.0396340051468,-0.577350269189626,3.95284707521047,94.2338029338974,-0.333333333333333,0,67.6,207.387332984329,30.0260756242188,3.57770876399966,0,5.33333333333333,-0.301511344577764,-0.0518968609969171,-0.099807695735349,-0.107697083641109,-0.29053674136071,246.021752499048,-0.0911121297511666,223.188884150396,397.121915423928
"Gordon Beckham","NH",0.59377151395368,0.503963794898937,"CHW","Chicago White Sox",2015,2015,28.9,5.123,1,1,28.9,5.123,0,0,0,0,0,0,0,0,162,76,86,0,0,-10,0,0,0,622,5533,1381,136,701,0.504,0.261,3.75,221,0,-0.415900195928029,-0.332720156742423,7.9555728417573,-9.06855297175156,-8.41312095084489,-2.86854866240254,-3.3260873624812,-1.23442679969674,0,-1.25108648434245,-2.15665546406877,0,-0.5,-2.03701381619181,-3.67373792818207,-1.4142135623731,-0.534522483824849,-0.447213595499958,-1.26491106406735,-0.707106781186547,-0.209,-0.275,-0.234759451353934,-0.350451613398103,-2.651439066775,-0.244055024176165,-2.42293622410736,-4.26797532594785,795.55728417573,2149.24705430512,1775.16852062827,68.8451678976611,146.347843949173,9.87541439757388,0,7.50651890605469,43.1331092813754,0,-0.5,38.7032625076444,157.970730911829,8.48528137423857,-1.0690449676497,-0.447213595499958,5.05964425626941,-0.707106781186547,-0.043681,-0.075625,-0.077940137849506,-0.212724129332648,185.60073467425,-0.0661389115517407,159.913790791086,298.758272816349
"Greg Holland","NH",0.526225801740566,0.288794058189768,"STL","St Louis Cardinals",2018,2018,32.8,6.028,1,1,32.8,6.028,0,0,0,0,0,0,0,0,162,88,74,0,0,14,0,0,0,759,5498,1369,205,691,0.52,0.266,3.67,222,0,0,0,-4.39445767736426,0,0,0,0,0,0,0,0,0,0,0,0,0,0,0,0,0,0,0,0,0,0,0,0,0,237.30071457767,0,0,0,0,0,0,0,0,0,0,0,0,0,0,0,0,0,0,0,0,0,0,0,0,0
"Greg Holland","NH",0.651012210443202,0.686306466093818,"COL","Colorado Rockies",2017,2017,31.8,5.028,1,1,31.8,5.028,1,0,0,0,0,0,0,0,162,87,75,0,1,12,0,0,0,824,5534,1510,192,757,0.469,0.275,4.98,222,0,0,0,-4.34813178273152,0,0,0,0,0,0,0,0,0,0,0,0,0,0,0,0,0,0,0,0,0,0,0,0,0,239.147248050234,0,0,0,0,0,0,0,0,0,0,0,0,0,0,0,0,0,0,0,0,0,0,0,0,0
"Hiroki Kuroda","NE",0.611172775737128,0.559396253802301,"NYY","New York Yankees",2013,2013,38.5,1,0,1,38.5,1,0,0,0,0,0,0,0,0,162,85,77,0,0,8,0,0,0,643,5477,1322,144,660,0.568,0.267,3.64,232,0,0.0422577127364258,-0.00422577127364258,-0.243332131696144,-0.230258866936001,-0.244541743781767,0,0,0,0,0,0,0,0,0,-0.246598480958036,0,0,0,0,0,0,0,0,0,6.80413817439772,0,9.41426791455249,0,-0.729996395088432,-1.38155320161601,-1.4672504626906,0,0,0,0,0,0,0,0,0,-0.739795442874108,0,0,0,0,0,0,0,0,0,680.413817439772,0,1308.5832401228,0
"Hiroki Kuroda","NE",0.609831886678331,0.555124794722453,"NYY","New York Yankees",2012,2012,37.5,0,1,1,37.5,0,0,0,0,0,0,0,0,0,162,95,67,1,1,28,0,0,0,804,5524,1462,245,668,0.568,0.268,3.64,232,0,0,0,-0.0811107105653813,-0.0767529556453336,-0.0815139145939222,0,0,0,0,0,0,0,0,0,-0.0821994936526786,0,0,0,0,0,0,0,0,0,6.80413817439772,0,9.41426791455249,0,-0.0811107105653813,-0.153505911290667,-0.163027829187844,0,0,0,0,0,0,0,0,0,-0.0821994936526786,0,0,0,0,0,0,0,0,0,680.413817439772,0,1308.5832401228,0
"Ichiro Suzuki","NH",0.575236108404592,0.444918472833021,"MIA","Miami Marlins",2017,2017,43.8,4,0,1,43.8,4,0,0,0,0,0,0,0,0,162,77,85,0,0,-8,0,0,2,778,5602,1497,194,822,0.47,0.258,4.27,242,0,0.115470053837925,-0.023094010767585,10.7517440445725,-8.03492724708331,-7.73550297204581,-2.04882269086533,-3.68604890387243,-0.986393923832144,0,-0.5,-2.3094010767585,-0.158113883008419,-0.301511344577764,-2.09255534664866,-2.92684703502482,-0.447213595499958,-0.353553390593274,-0.447213595499958,0,-0.333333333333333,0.389324320552193,0.485510329159205,0.463984105331206,0.701058542857456,6.62953273054384,0.451641505926229,6.26837435120165,-3.89844093537644,1462.23719006186,1727.50935812291,1516.15858252098,38.9276311264413,184.302445193621,5.91836354299286,0,-1.5,46.1880215351701,-0.158113883008419,-0.301511344577764,35.5734408930272,102.439646225869,-0.894427190999916,-0.353553390593274,-0.447213595499958,0,-0.333333333333333,-0.0992777017408092,-0.154392284672627,-0.154042722969961,-0.454986994314489,523.733085712964,-0.129169470694901,476.396450691326,253.398660799468
"Ichiro Suzuki","NH",0.605341148014162,0.540819355867202,"MIA","Miami Marlins",2016,2016,42.8,3,0,1,42.8,3,0,0,0,0,0,0,0,0,161,79,82,0,0,-3,0,0,1,655,5547,1460,128,682,0.469,0.258,4.25,242,0,0.923760430703401,1.47801668912544,11.305142635102,13.6406904427228,12.9056605707091,5.17597311376504,7.00349291735761,-2.46598480958036,-1.44337567297406,-0.166666666666667,-2.54034118443435,-1.58113883008419,-0.603022689155527,-3.69274472937998,-3.51221644202978,-0.894427190999916,-1.06066017177982,1.34164078649987,-0.816496580927726,-0.333333333333333,0.444287754041914,0.540473762648926,0.525475974712451,0.788555834030728,8.55964985462623,0.522703980634901,8.49529681807592,-7.37704977002003,1616.63539681958,4978.85201159383,4220.15100662187,248.446709460722,665.331827148973,36.9897721437054,7.21687836487032,-0.166666666666667,55.8875060575558,15.8113883008419,-1.20604537831105,110.782341881399,147.513090565251,3.57770876399966,3.18198051533946,4.02492235949962,1.63299316185545,-0.333333333333333,-0.129287736426197,-0.19132771197772,-0.197578966491881,0.575645758842432,873.084285171875,-0.173015017590152,875.01557226182,907.377121712463
"Ichiro Suzuki","NE",0.614732044489549,0.570734455669493,"MIA","Miami Marlins",2015,2015,41.8,2,1,1,41.8,2,0,0,0,0,0,0,0,0,162,71,91,0,0,-20,0,0,0,613,5463,1420,120,678,0.469,0.258,4.26,242,0,0.635085296108588,0.698593825719447,12.095712050144,16.3688285312674,15.7078070554808,4.85247479415473,-6.70860900504782,-0.821994936526786,-1.73205080756888,-0.166666666666667,-2.42487113059643,-1.73925271309261,-1.50755672288882,-3.81583622035931,-4.26483425103616,-1.78885438199983,0,2.23606797749979,1.63299316185545,-0.333333333333333,0.349628507476283,0.430546895669484,0.389914353576526,0.605999757385258,4.8672518781208,0.405845688891751,4.20640910409584,-6.65733759733515,1850.64394367204,7169.54689669512,6251.70720808135,218.361365736963,610.483419459352,4.10997468263393,10.3923048454133,-0.166666666666667,50.922293742525,19.1317798440187,7.53778361444409,118.290922831139,217.506546802844,14.3108350559987,0,11.1803398874989,6.53197264742181,-0.333333333333333,-0.0800649282120688,-0.121414224578794,-0.108786104647851,-0.33996586389313,282.300608931006,-0.10430234204518,214.526864308888,738.964473304201
"Ichiro Suzuki","NE",0.515845150792814,0.39405190395022,"NYY","New York Yankees",2013,2014,40.3,0.5,0,2,40.8,1,0,0,0,0,0,0,0,0,-114,-34,-75,0,0,41,0,0,-4,-842,-3852,-1317,90,-934,0.569,0.267,3.64,242,0,-0.380319414627832,-0.342287473165049,11.5988316108495,14.7749439617267,14.631747669609,-4.02287039792884,7.26719909876678,-2.22948160685261,-0.894427190999916,-0.176776695296637,-2.17832459454868,3.35410196624968,-1.22474487139159,-2.45786409111874,-5.58956556838215,-0.75,-0.208514414057075,-0.816496580927726,-0.666666666666667,-0.408248290463863,0.470725416333575,0.458205194208883,-0.398760114117158,0.62243921788786,6.05568297521397,0.450771980219779,6.02784060715951,-6.90688990828203,1658.63292035148,5688.35342526479,5252.79741338965,168.960556713011,741.254308074212,28.983260889084,1.78885438199983,-0.176776695296637,47.923141080071,50.3115294937453,3.67423461417477,51.6151459134936,380.090458649986,2.25,-0.208514414057075,1.63299316185545,-1.33333333333333,-0.408248290463863,-0.133686018238735,-0.148458482923678,-0.135578438799834,-0.413299640677539,538.955784794043,-0.140190085848351,536.477814037196,842.640568810408
"Jace Peterson","NH",0.674041262464221,0.641418579360501,"MIL","Milwaukee Brewers",2022,2022,32.2,3,0,1,32.2,3,0,0,0,0,0,0,0,0,162,86,76,0,0,10,0,0,0,725,5417,1271,219,688,0.484,0.257,4.16,246,0,1.211060141639,2.66433231160579,8.85437744847146,12.9250106623213,12.291540473558,4.80079358519183,5.89634779276402,-2.47487373415292,-1,-1.24939009510885,-3.5068322372799,2.910427500436,-0.408248290463863,-3.1608267412298,-5.92223062147875,-1.88561808316413,-0.534522483824849,-0.577350269189626,-0.948683298050514,-0.894427190999916,0.452509343419948,-0.316,0.531787974302168,0.757979563621556,8.89197542117365,-0.373712999540858,4.71180139501433,-6.64534302663195,991.690274228804,4239.40349724137,3539.96365638471,211.234917748441,400.951649907953,34.6482322781408,2,9.99512076087079,119.232296067517,34.9251300052319,-0.408248290463863,104.307282460583,503.389602825694,15.084944665313,-1.0690449676497,-1.15470053837925,2.84604989415154,1.78885438199983,-0.106792205047108,-0.099856,-0.203143006183428,0.529069735407846,862.521615853844,-0.116598455856748,428.773926946304,730.987732929514
"Jace Peterson","NH",0.6306798364067,0.621536824546432,"MIL","Milwaukee Brewers",2021,2021,31.2,2,0,1,31.2,2,0,0,0,0,0,0,0,0,162,95,67,1,1,28,0,0,0,738,5362,1251,194,623,0.483,0.257,4.17,246,0,-0.27524094128159,-0.137620470640795,7.43135250139569,-11.9004671342104,-11.0538506342067,-3.92792202424786,-5.54950380495437,-1.94454364826301,-0.5,-0.937042571331636,-3.19740586340226,2.42535625036333,-0.408248290463863,-3.63973988384038,-4.737784497183,-0.235702260395516,-0.801783725737273,0,-0.632455532033676,0,0.473600880613251,-0.348,0.510906247562554,0.775354453332079,8.70863572176801,-0.392877768748081,4.97069158155358,-5.73915988663668,698.547135131195,3593.94107453155,2862.94731425953,141.405192872923,355.16824351708,21.3899801308931,-0.5,5.62225542798982,99.11958176547,24.2535625036333,-0.408248290463863,138.310115585934,322.169345808444,-0.235702260395516,2.40535117721182,0,-1.26491106406735,0,-0.116979417511473,-0.121104,-0.187502592855457,0.553603079679104,827.320393567961,-0.128863908149371,477.186391829143,545.220189230485
"Jace Peterson","NH",0.605696509544848,0.541951375124814,"MIL","Milwaukee Brewers",2020,2020,30.2,1,1,1,30.2,1,0,0,0,0,0,0,0,0,60,29,31,0,1,-2,0,0,1,247,1920,429,75,264,0.481,0.257,4.18,246,0,-0.055048188256318,-0.0055048188256318,-2.05548047910945,-2.40373673902926,-1.92055319899344,-0.654653670707977,-0.780398972571708,-0.176776695296637,0,-0.312347523777212,-0.515710623129397,-0.242535625036333,0,-1.43673942783173,-1.39346602858324,0,0,0,-0.316227766016838,0,0.383482494423685,-0.393,0.495592981286837,0.813362024573847,9.5336643690934,0.414438134106207,5.48847195463208,-0.966595349328283,53.4424924568456,146.627941080785,86.4248939547048,-3.92792202424786,7.02359075314537,-0.176776695296637,0,-0.624695047554424,-2.57855311564698,-0.242535625036333,0,21.5510914174759,27.8693205716647,0,0,0,-0.316227766016838,0,-0.076696498884737,-0.154449,-0.176431101338114,0.609208156405812,991.501094385713,-0.143395594400748,581.778027191,15.4655255892525
"Jake Bauers","NH",0.606153498370953,0.543407132450784,"MIL","Milwaukee Brewers",2024,2024,28.8,1,1,1,28.8,1,0,0,0,0,0,0,0,0,162,93,69,1,1,24,0,0,0,777,5472,1359,177,641,0.487,0.256,4.14,250,0,0.165144564768954,-0.0495433694306862,9.1706052144883,13.6343100279364,12.8890459132449,4.90990253030983,-5.20265981714472,-1.59099025766973,-1,-1.87408514266327,-4.43511135891281,3.15296312547233,-0.408248290463863,-3.73552251236249,8.22144956864109,0,-1.33630620956212,0,0,-0.447213595499958,0.381565081951567,-0.301,0.502553556866708,0.71888606177288,7.70026737503698,-0.35933942263544,4.19402102193583,-6.58493081729893,1063.79020488064,4717.47126966601,3892.49186579995,220.945613863942,312.159589028683,14.3189123190276,2,22.4890217119593,190.709788433251,40.9885206311403,-0.408248290463863,145.685377982137,970.131049099648,0,6.68153104781061,0,0,-0.447213595499958,-0.0759314513083618,-0.090601,-0.181421834028882,0.475902572893646,646.822459503106,-0.107801826790632,339.715702776802,717.757459085583
"Jake Bauers","NH",0.618413745336556,0.582462670176921,"NYY","New York Yankees",2023,2023,27.8,0,1,1,27.8,0,0,0,0,0,0,0,0,0,162,82,80,0,0,2,0,0,0,673,5323,1207,219,698,0.569,0.266,3.65,250,0,0.380319414627832,-0.342287473165049,6.81329968749203,-10.4384019677654,-9.86318366586459,-2.68191359861922,-3.49110544940757,-2.57247877713763,0,-2.12132034355964,-2.97044262893002,-0.670820393249937,-0.816496580927726,-3.16011097429553,7.80895189700447,-0.75,0,0,-1,0,0.334811739786557,0.394565583902094,0.484376256265842,0.64962406324742,5.91960021172601,0.436277704328467,5.82465496871593,-5.66138517072298,572.31717374933,2839.24533523218,2386.89044713923,75.0935807613383,171.064167020971,38.5871816570645,0,25.4558441227157,89.1132788679007,-2.01246117974981,1.63299316185545,85.3229963059792,741.850430215425,2.25,0,0,3,0,-0.0676319714368845,-0.110083797908684,-0.200047393837793,-0.450189475830462,515.005218420163,-0.131319589002869,500.92032730957,566.138517072298
"James Mccann","NH",0.385068271795582,0.256437466859459,"NYM","New York Mets",2021,2024,31.7,1.5,1,4,32.2,2,0,0,0,0,0,0,0,0,162,101,61,0,1,40,0,0,1,772,5489,1422,171,606,0.483,0.25,3.79,258,0,0.0438529009653515,-0.00438529009653515,-4.86832999525249,-7.31376799919447,-7.22495674727538,-1.9192898346492,-2.77608837515427,-1.04446593573419,0,-0.547722557505166,-2.10674064953035,-0.612372435695795,0,-1.15311332039411,-3.74342691034733,-1.14707866935281,-0.755928946018454,0,-0.707106781186547,0,-0.195,-0.257,-0.282,-0.380423448278363,-2.58127789955163,-0.269997734098348,-2.59383885389976,-3.01004607248636,296.968129710402,1396.92968784614,1257.14247402592,36.4665068583348,94.3870047552451,6.26679561440512,0,-1.6431676725155,37.9213316915463,-1.83711730708738,0,12.6842465243352,172.197637875977,5.73539334676404,3.02371578407382,0,-1.41421356237309,0,-0.038025,-0.066049,-0.079524,-0.204667815173759,141.970284475339,-0.0691194199291772,150.442653526186,147.492257551832
"James Mccann","NH",0.802936120518131,0.752959818861213,"CHW","Chicago White Sox",2019,2019,29.2,0,1,1,29.2,0,1,0,0,0,0,0,0,0,161,72,89,0,0,-17,0,0,1,708,5529,1443,182,832,0.502,0.26,3.78,258,0,1.87155088167613,6.73758317403407,9.38757595327361,18.2136338166825,17.5040762910944,7.41041737787324,9.07114735222145,4.01188709901439,-0.447213595499958,3.75325945302735,6.46996639220631,-1.15470053837925,-0.5,-3.21633760451338,11.7046999107196,2.35702260395516,-1.60356745147455,-0.447213595499958,0,-0.707106781186547,-0.273,-0.328,-0.325269119345812,-0.455529362390615,-4.09079170302428,-0.310697355501022,-4.14836050491109,12.3161573691638,1107.73396248629,8669.68969674085,7684.28949179042,459.445877428141,1088.53768226657,104.309064574374,-0.447213595499958,67.5586701544922,388.197983532378,4.61880215351701,-0.5,96.4901281354015,1603.54388776859,23.5702260395516,9.62140470884728,-0.447213595499958,0,-0.707106781186547,-0.074529,-0.107584,-0.149623794899073,-0.359412666926195,441.805503926622,-0.107190587647853,468.764737054953,2487.86378857108
"Jarrod Saltalamacchia","NH",0.765086856738896,0.796000695218895,"DET","Detroit Tigers",2016,2016,31.4,3,1,1,31.4,3,0,0,0,0,0,0,0,0,161,86,75,0,0,11,0,0,0,750,5526,1476,211,721,0.508,0.266,3.96,264,0,0.293610109757352,-0.146805054878676,7.36589507503401,-11.2474197502616,-9.85578188664455,-3.16227766016838,-3.09628107925284,-0.821994936526786,-0.301511344577764,-2.1552636243213,-4.07402763238362,0,0,-4.14162543266406,7.77332496462013,-0.235702260395516,0,0,-1.58113883008419,-0.577350269189626,0.303237250661391,0.401636651713959,0.453929108024454,0.66630303281887,5.89506344746563,0.462754482668668,5.76644187101993,-5.06167634049102,677.662346903129,3284.2465670764,2424.52234411456,94.8683298050514,130.043805328619,4.10997468263393,-0.301511344577764,25.8631634918556,154.813050030578,0,0,169.806642739227,808.425796320494,-0.235702260395516,0,0,7.90569415042095,-0.577350269189626,-0.0518535698630979,-0.114064809086764,-0.157059471376461,-0.419770910675888,412.654441322594,-0.130959518595233,386.351605358335,430.242488941736
"Jarrod Saltalamacchia","NH",0.450671572774405,0.301808255449656,"MIA","Miami Marlins",2014,2016,29.4,0,1,3,29.4,0,0,0,0,0,0,0,0,0,162,77,85,0,0,-8,0,0,0,645,5538,1399,122,674,0.47,0.258,4.27,264,0,-0.288675134594813,-0.144337567297406,9.01249133147988,16.2567132673546,14.721135758026,-4.63680924774785,-6.04512020235078,3.28797974610715,0,-1.83333333333333,5.08068236886871,0,-0.301511344577764,6.7700320038633,11.9582607431014,2.45967477524977,-0.707106781186547,0,2.04124145231932,-1.33333333333333,0.335887649103853,0.488563853241967,0.505910379909327,0.735625373938255,7.63655036049987,0.484803994123609,7.25811766981244,-8.09676194270491,1027.42401178871,7071.67027129925,5490.98363774368,199.382797653158,495.699856592764,65.7595949221429,0,20.1666666666667,223.550024230223,0,-0.301511344577764,372.351760212482,1710.0312862635,27.0564225277475,-1.41421356237309,0,10.2062072615966,5.33333333333333,-0.0738952828028476,-0.15634043303743,-0.183139557527177,0.500960879651951,694.926082805488,-0.148834826195948,638.714354943495,1093.06286226516
"Jason Castro","H",0.612014882425124,0.55642016054548,"HOU","Houston Astros",2021,2022,34.2,4,1,2,34.2,4,0,0,0,0,0,0,0,0,162,95,67,1,1,28,1,0,0,863,5593,1496,221,658,0.498,0.255,3.81,266,0,-0.451753951452626,-0.451753951452626,-5.42516658107679,-7.09223822316543,-6.21372953890083,-2.34520787991171,-2.61602282463178,-1.10679718105893,0,-1.6,-2.21359436211787,0,0,-3.50070021007002,-4.35144400573705,-0.87287156094397,-0.832050294337844,-0.577350269189626,0,-0.447213595499958,-0.332340187157677,0.503460028204822,0.624625533943398,0.799,8.74674193660099,0.533370766915473,8.95143592549291,-3.88235294117647,358.060994351068,1269.51064194661,925.845701296223,51.5945733580577,91.5607988621121,7.74758026741253,0,12.8,46.4854816044752,0,0,87.5175052517506,234.977976309801,3.49148624377588,2.49615088301353,-1.15470053837925,0,-0.447213595499958,-0.0780999439820542,-0.179231770040917,-0.276709111536926,0.638401,1032.11554851892,-0.190413363788824,1118.92949068661,256.235294117647
"Jason Castro","H",0.607121937708528,0.444988712995092,"LAA","Los Angeles Angels",2020,2020,33.2,3,1,1,33.2,3,0,0,0,0,0,0,0,0,60,26,34,0,0,-8,0,0,0,294,2020,501,85,321,0.499,0.257,3.98,266,0,0.0912870929175277,-0.0182574185835055,-2.14123928143899,-3.48975891233006,-3.17971453406866,-0.847998304005088,-1.14042888190456,-1.27279220613579,0,-0.316227766016838,-0.82502864732539,0,0,-1.5,-2.48746859276655,-0.377964473009227,0,0,0,0,0.314647105692152,0.490380861530854,0.522043168490348,0.720742082977414,7.06542920529761,0.485967009606855,6.85994340570035,-1.69570025683266,57.8134605988527,321.057819934365,254.377162725493,6.7839864320407,17.1064332285684,11.4551298552221,0,-0.632455532033676,7.42525782592851,0,0,18,82.0864635612961,-0.755928946018454,0,0,0,0,-0.0591536558701245,-0.14368159242854,-0.19576618818388,0.481455711428913,586.430624039702,-0.142874300824415,548.795472456028,50.8710077049799
"Jason Castro","H",0.510040869961432,0.511258625608377,"MIN","Minnesota Twins",2017,2019,31.2,1,1,3,32.2,2,0,0,0,0,0,0,0,0,162,101,61,1,1,40,0,0,0,939,5732,1547,307,754,0.481,0.263,3.99,266,0,-0.260623345657842,-0.156374007394705,6.45032298932904,-11.2833866731055,-10.3732081959181,-4.33333333333333,-4.46108908109597,-1.54348726628258,0,-2.03025890455188,-2.88675134594813,0,0,-3.83617207854604,7.38479595301086,0,-0.774596669241483,-0.577350269189626,-0.353553390593274,0,-0.284069801587415,-0.40651368158199,0.52292115255735,0.664324530459656,6.19605874015403,0.435419826755644,5.9868434008925,-6.04836826100145,509.575516156994,3102.93133510401,2458.45034243259,169,245.359899460278,13.8913853965432,0,26.3933657591744,86.6025403784439,0,0,126.593678592019,649.862043864956,0,2.32379000772445,-0.577350269189626,-0.353553390593274,0,-0.0659041939682802,-0.134962542285221,-0.227470701362447,-0.509536914862556,631.997991495711,-0.142382283349096,598.68434008925,622.981930883149
"Jason Grilli","NH",0.623514067842121,0.582322290743663,"ATL","Atlanta Braves",2015,2016,39.3,2.5,1,2,39.8,3,0,0,0,0,0,0,0,0,161,68,93,0,0,-25,0,0,0,649,5514,1404,122,779,0.5,0.26,3.65,268,0,0,0,-1.64991582276861,0,0,0,0,0,0,0,0,0,0,0,0,0,0,0,0,0,0,0,0,0,0,0,0,0,34.6482322781408,0,0,0,0,0,0,0,0,0,0,0,0,0,0,0,0,0,0,0,0,0,0,0,0,0
"Jason Grilli","NH",0.615421742022777,0.564094175500914,"PIT","Pittsburgh Pirates",2013,2014,37.3,0.5,0,2,37.8,1,1,0,0,0,0,0,0,0,159,88,74,0,1,14,0,0,0,682,5536,1437,156,631,0.504,0.265,3.71,268,0,0,0,-1.74471348857992,0,0,0,0,0,0,0,0,0,0,0,0,0,0,0,0,0,0,0,0,0,0,0,0,0,38.3836967487582,0,0,0,0,0,0,0,0,0,0,0,0,0,0,0,0,0,0,0,0,0,0,0,0,0
"Jason Motte","NH",0.701675747948246,0.72637752138304,"ATL","Atlanta Braves",2017,2017,35.2,8.027,1,1,35.2,8.027,0,0,0,0,0,0,0,0,163,72,90,0,0,-18,0,0,0,732,5584,1467,165,821,0.5,0.26,3.66,271,0,0,0,-3.29983164553722,0,0,0,0,0,0,0,0,0,0,0,0,0,0,0,0,0,0,0,0,0,0,0,0,0,138.592929112563,0,0,0,0,0,0,0,0,0,0,0,0,0,0,0,0,0,0,0,0,0,0,0,0,0
"Jason Motte","NH",0.553027064289694,0.374170618999051,"CHC","Chicago Cubs",2015,2015,33.2,6.027,1,1,33.2,6.027,0,0,0,0,0,0,0,0,162,97,65,0,1,32,0,0,0,689,5491,1341,171,608,0.512,0.263,3.68,271,0,0,0,-4.53632354363277,0,0,0,0,0,0,0,0,0,0,0,0,0,0,0,0,0,0,0,0,0,0,0,0,0,249.497794899803,0,0,0,0,0,0,0,0,0,0,0,0,0,0,0,0,0,0,0,0,0,0,0,0,0
"Jd Martinez","H",0.618360617717692,0.582293429889295,"LAD","Los Angeles Dodgers",2023,2023,36,5,1,1,36,5,1,0,0,0,0,0,0,0,162,100,62,1,1,38,0,0,0,906,5524,1422,249,699,0.531,0.261,3.52,277,0,-0.8304547985374,1.6609095970748,9.1057994934868,18.7590877772116,17.8002498980951,6.53988646251055,9.24966215599251,4.5,-1,5.74456264653803,10.1488915650922,-0.25,0,4.28359736077124,10.8669418665931,2.45967477524977,-0.458831467741123,0,2.59807621135332,-0.408248290463863,0.383251875403109,0.453962553521764,0.660488707952932,0.798723481562925,9.02663703775962,0.521415633886535,8.76976029616397,14.3808959905677,1028.95534276401,8985.60304528435,7689.70795597709,398.933074213143,1082.21047225112,121.5,2,189.570567335755,1045.3358312045,-0.25,0,145.642310266222,1619.17433812238,27.0564225277475,-0.917662935482247,0,23.3826859021798,-0.408248290463863,-0.103861258234242,-0.145721979680486,-0.377799540949077,0.713260069035692,1227.62263713531,-0.193966615805791,1166.37811938981,3552.08130967022
"Jd Martinez","H",0.304722496827615,0.342595413186459,"BOS","Boston Red Sox",2018,2022,33,2,1,5,35,4,6,2,0,1,5,0,0,0,162,78,84,0,0,-6,0,0,1,735,5539,1427,155,787,0.518,0.267,3.92,277,1,-0.424967075107441,-0.467463782618185,11.3116595769191,23.2521745762979,22.2276365384842,7.21360076771899,10.6481443793463,6.20651539378848,-0.353553390593274,-2.43997712532167,-5.43775971970358,0,0,5.81377674149945,10.6034501498434,4.26401432711221,-1.17851130197758,0,1.66666666666667,-0.192450089729875,0.447440126348394,0.482246824769225,0.564875438243972,0.778032535679672,8.89534527885555,0.521614626119531,8.74499058519765,12.6315424997024,1572.32068119176,13858.2960474736,11847.3302750121,548.233658346643,1554.62907938456,266.880161932905,-0.353553390593274,39.0396340051468,337.141102621622,0,0,302.316390557972,1537.50027172729,85.2802865422442,5.8925565098879,0,8.33333333333333,-0.192450089729875,-0.12259859461946,-0.164446167246306,-0.253064196333299,0.614645703186941,1040.7553976261,-0.180478660637358,1023.16389846813,3018.93865742887
"Jed Lowrie","NH",0.593499684576451,0.503097870865985,"OAK","Oakland Athletics",2021,2021,37.3,7,1,1,37.3,7,0,0,0,0,0,0,0,0,162,86,76,0,0,10,0,0,0,743,5395,1284,199,687,0.489,0.258,3.98,279,0,-0.108465228909328,-0.0216930457818656,11.2374839600168,20.1599803125288,19.1921960183574,5.93080252618911,8.93857310603737,4,0,2.8,8.30662386291807,0,0,5.7350162126104,10.1597853785428,-1.56892908110547,-0.707106781186547,0,1.51185789203691,-0.5,-0.346482322781408,0.449719912834644,0.562856997824492,0.717,7.63488235478639,0.483821592462897,7.72017639665737,11.4196956535145,1562.01027044233,10321.9099200148,8770.83358038934,326.194138940401,1001.12018787619,112,0,39.2,573.157046541347,0,0,281.015794417909,1097.25682088263,12.5514326488438,-1.41421356237309,0,6.04743156814764,-0.5,-0.084888169081445,-0.143010932281417,-0.224017085134148,0.514089,771.123117833425,-0.153855266403201,795.178168855709,2078.38460893964
"Jed Lowrie","NH",0.472421651321004,0.288970752072218,"NYM","New York Mets",2019,2020,35.3,3,1,2,35.3,3,0,0,0,0,0,0,0,0,162,86,76,0,0,10,0,0,0,791,5624,1445,242,737,0.481,0.25,3.79,279,0,0.0877058019307029,-0.0175411603861406,-0.71827819602086,-0.306335832426993,-0.29065917948809,0,0,0,0,0,0,0,0,-0.104828483672192,-0.325515383508464,0,0,0,0,0,0,-0.125,0,-0.0883883476483184,2.86287185222999,-0.0917570424474856,3.1752165280497,0,6.46450376418774,-2.45068665941595,-2.03461425641663,0,0,0,0,0,0,0,0,-0.104828483672192,-1.30206153403386,0,0,0,0,0,0,-0.015625,0,-0.0110485434560398,174.635182986029,-0.00798286269293125,225.440373491529,0
"Jed Lowrie","NH",0.592640093123784,0.594288938104909,"HOU","Houston Astros",2015,2017,31.3,0,1,3,31.3,0,0,0,0,0,0,0,0,0,162,86,76,0,1,10,0,0,2,729,5459,1363,230,618,0.488,0.254,3.82,279,0,-0.542104741743151,-0.650525690091781,-5.67176506203483,-10.4204394005168,-9.59166304662544,-3.73101253622318,-3.81191897303487,-2.21359436211787,0,-1.8,-3.16227766016838,-0.5,0,3.92078423527843,-3.46503874530914,-0.654653670707977,-0.832050294337844,0,-0.816496580927726,2.23606797749979,-0.313955410846827,0.441234631460406,0.563995967443249,0.712,7.19011837161268,0.481079515257093,7.23276022779827,-5.41176470588235,391.351789280403,2740.57556233592,2206.08250072385,130.585438767811,194.407867624779,30.9903210696501,0,16.2,94.8683298050514,-0.5,0,109.781958587796,148.996666048293,-1.96396101212393,2.49615088301353,0,1.63299316185545,11.1803398874989,-0.0696981012079956,-0.137665205015647,-0.2255983869773,0.506944,697.44148204643,-0.154907603912784,730.508783007626,497.882352941176
"Jeff Mathis","NH",0.604985255302434,0.540585793990483,"TEX","Texas Rangers",2019,2020,36.3,3,1,2,36.3,3,0,0,0,0,0,0,0,0,162,78,84,0,0,-6,0,0,1,810,5540,1374,223,878,0.478,0.259,4.28,284,0,0.540562477617335,-0.810843716426003,6.75679813133812,-8.89185430836384,-8.80840846586332,-1.53910768272281,-2.64677263953771,-1.42302494707577,0,-0.371390676354104,-1.2,-0.2,0,-1.76776695296637,6.81436591489523,-0.534522483824849,0,0,-0.316227766016838,-0.577350269189626,-0.223445742854949,-0.255907709188662,-0.274274291187848,-0.426854838850342,-0.81314339805003,-0.284801806464631,0.442325868464691,-2.85098667131223,581.084639295078,2169.61245124078,2008.31713021684,26.1648306062879,95.2838150233575,12.8072245236819,0,-0.742781352708207,14.4,-0.2,0,26.5165042944955,592.849834595885,-1.0690449676497,0,0,-0.316227766016838,-0.577350269189626,-0.0353044273710819,-0.0534847112204304,-0.0614374412260781,-0.184828145222198,8.94457737855033,-0.0552515504541385,2.65395521078815,145.400320236924
"Jeff Mathis","NH",0.6384719502684,0.616015200636389,"ARI","Arizona Diamondbacks",2017,2018,34.8,1.5,1,2,35.3,2,0,0,0,0,0,0,0,0,162,82,80,0,0,2,0,0,0,693,5460,1283,176,644,0.493,0.257,4.21,284,0,-0.309965209939033,-0.216975646957323,-5.52442130627551,-8.43467323462209,-7.9017987601128,-1.55542754209564,-2.87511814502049,-1.35680105059994,-0.408248290463863,-0.196116135138184,-2.16930457818656,0,0,-2.69679944985297,6.44094048146032,-1.80739222823013,0,-0.447213595499958,-0.894427190999916,-0.377964473009227,0.355222416662694,0.419206353417793,-0.367433394331643,0.552633249788619,3.67423461417477,0.399708124469074,3.18433666561813,-2.97209241668783,381.18507013301,1838.75876514762,1540.850758222,23.3314131314346,112.129607655799,12.2112094553994,-0.408248290463863,-0.196116135138184,43.3860915637312,0,0,53.9359889970594,425.102071776381,12.6517455976109,0,-0.447213595499958,1.78885438199983,-0.377964473009227,-0.0710444833325388,-0.11402412812964,-0.099941883258207,-0.300632487885009,165.340557637865,-0.101925571739614,124.189129959107,157.520898084455
"Jeff Mathis","NH",0.637827473174426,0.567576548806456,"MIA","Miami Marlins",2016,2016,33.3,0,0,1,33.3,0,0,0,0,0,0,0,0,0,161,79,82,0,0,-3,0,0,1,655,5547,1460,128,682,0.469,0.258,4.25,284,0,-0.23094010767585,-0.0923760430703401,-3.24133460167259,-4.93307161216278,-4.97282333917231,-1.29399327844126,-2.21162934232346,-0.657595949221429,-0.288675134594813,-0.333333333333333,-1.73205080756888,0,0,-0.492365963917331,-3.01047123602553,-0.223606797749979,-0.353553390593274,-0.447213595499958,0,0,0.363369365848713,0.407645465048767,0.465381647817144,0.649208296236257,5.37076069309881,0.437429010984494,5.44358825235933,-2.51899260439708,132.894718668576,651.165452805487,626.575740735711,15.5279193412951,66.3488802697037,-2.63038379688572,-0.288675134594813,-0.666666666666667,25.9807621135332,0,0,-1.96946385566932,108.376964496919,-0.223606797749979,-0.353553390593274,-0.447213595499958,0,0,-0.0864819090719938,-0.108841339168021,-0.154972088723109,-0.39017418603799,343.728684358324,-0.121167836042705,359.276824655716,105.797689384677
"Jeremy Jeffress","NH",0.582472708321055,0.467970969396862,"MIL","Milwaukee Brewers",2018,2018,30.9,3,0,1,30.9,3,1,0,0,0,0,0,0,0,163,96,67,1,1,29,0,0,1,754,5542,1398,218,659,0.48,0.258,4.17,287,0,0,0,-5.37587202228624,0,0,0,0,0,0,0,0,0,0,0,0,0,0,0,0,0,0,0,0,0,0,0,0,0,365.559297515465,0,0,0,0,0,0,0,0,0,0,0,0,0,0,0,0,0,0,0,0,0,0,0,0,0
"Jeremy Jeffress","NH",0.599375279211932,0.521814827269337,"MIL","Milwaukee Brewers",2017,2017,29.9,2,1,1,29.9,2,0,0,0,0,0,0,0,0,162,86,76,0,0,10,0,0,0,732,5467,1363,224,697,0.478,0.258,4.18,287,0,0,0,-1.6601957715884,-0.0788110406239101,-0.085357919955264,0,0,0,0,0,0,0,0,0,-0.139346602858324,0,0,0,0,0,0,0,0,0,9.16698497028211,0,7.14536914848327,0,34.8641112033564,-0.15762208124782,-0.170715839910528,0,0,0,0,0,0,0,0,0,-0.278693205716647,0,0,0,0,0,0,0,0,0,916.698497028211,0,986.060942490691,0
"Jeremy Jeffress","NH",0.639511006193299,0.649668891195178,"MIL","Milwaukee Brewers",2014,2014,26.9,0,1,1,26.9,0,0,0,0,0,0,0,0,0,162,82,80,0,0,2,0,0,0,650,5462,1366,150,657,0.478,0.259,4.19,287,0,0,0,-2.13453742061366,0,0,0,0,0,0,0,0,0,0,0,0,0,0,0,0,0,0,0,0,0,0,0,0,0,57.6325103565687,0,0,0,0,0,0,0,0,0,0,0,0,0,0,0,0,0,0,0,0,0,0,0,0,0
"Jerry Blevins","NH",0.619425282719529,0.585684965497149,"NYM","New York Mets",2017,2017,33.9,1,0,1,33.9,1,0,0,0,0,0,0,0,0,162,70,92,0,0,-22,0,0,0,735,5510,1379,224,863,0.48,0.25,3.78,289,0,0,0,-5.58660819127336,0,0,0,0,0,0,0,0,0,0,0,0,0,0,0,0,0,0,0,0,0,0,0,0,0,391.062573389135,0,0,0,0,0,0,0,0,0,0,0,0,0,0,0,0,0,0,0,0,0,0,0,0,0
"Jerry Blevins","NH",0.628545125986951,0.614736613786664,"NYM","New York Mets",2016,2016,32.9,0,0,1,32.9,0,0,0,0,0,0,0,0,0,162,87,75,0,1,12,0,0,1,671,5459,1342,218,617,0.481,0.25,3.75,289,0,0,0,-5.50679950282659,-0.0382919790533742,-0.04152273992687,0,0,0,0,0,0,0,0,0,0,0,0,0,0,0,0,0,0,0,4.69323254463932,0,6.48459713474939,0,379.969165695035,-0.0382919790533742,-0.04152273992687,0,0,0,0,0,0,0,0,0,0,0,0,0,0,0,0,0,0,0,469.323254463932,0,940.266584538662,0
"Jim Johnson","NH",0.604388306572044,0.539241155811734,"ATL","Atlanta Braves",2017,2018,34.1,3,0,2,34.1,3,0,0,0,0,0,0,0,0,163,72,90,0,0,-18,0,0,0,732,5584,1467,165,821,0.5,0.26,3.66,293,0,0,0,-4.39977552738296,0,0,0,0,0,0,0,0,0,0,0,0,0,0,0,0,0,0,0,0,0,0,0,0,0,246.387429533446,0,0,0,0,0,0,0,0,0,0,0,0,0,0,0,0,0,0,0,0,0,0,0,0,0
"Jim Johnson","NH",0.689240050589588,0.669711397797406,"ATL","Atlanta Braves",2016,2016,33.1,2,1,1,33.1,2,0,0,0,0,0,0,0,0,161,68,93,0,0,-25,0,0,0,649,5514,1404,122,779,0.5,0.26,3.65,293,0,0,0,-4.79261262804216,-0.0376621788577355,-0.0400641540107502,0,0,0,0,0,0,0,0,0,-0.076696498884737,0,0,0,0,0,0,0,0,0,4.7457899787625,0,6.60456902077702,0,292.349370310571,-0.0376621788577355,-0.0400641540107502,0,0,0,0,0,0,0,0,0,-0.076696498884737,0,0,0,0,0,0,0,0,0,474.57899787625,0,957.662508012667,0
"Jim Johnson","NH",0.618952883126689,0.584180116518843,"ATL","Atlanta Braves",2015,2015,32.1,1,1,1,32.1,1,0,0,0,0,0,0,0,0,162,67,95,0,0,-28,0,0,1,573,5420,1361,100,760,0.501,0.26,3.64,293,0,0,0,-5.02831488843767,0,0,0,0,0,0,0,0,0,0,0,0,0,0,0,0,0,0,0,0,0,0,0,0,0,321.812152860011,0,0,0,0,0,0,0,0,0,0,0,0,0,0,0,0,0,0,0,0,0,0,0,0,0
"Joakim Soria","NH",0.523624104723624,0.429092040285369,"OAK","Oakland Athletics",2019,2020,35.2,11,1,2,35.2,11,0,0,0,0,0,0,0,0,162,97,65,0,1,32,0,0,1,845,5561,1384,257,680,0.489,0.259,3.98,296,0,0,0,-0.404226041727222,0,0,0,0,0,0,0,0,0,0,0,0,0,0,0,0,0,0,0,0,0,0,0,0,0,-2.02113020863611,0,0,0,0,0,0,0,0,0,0,0,0,0,0,0,0,0,0,0,0,0,0,0,0,0
"Joakim Soria","NH",0.533181444333047,0.474750837799047,"MIL","Milwaukee Brewers",2018,2020,34.2,8,1,3,34.2,8,0,0,0,0,0,0,0,0,163,96,67,1,1,29,0,0,1,754,5542,1398,218,659,0.48,0.258,4.17,296,0,0,0,-2.29265130362207,0,0,0,0,0,0,0,0,0,0,0,0,0,0,0,0,0,0,0,0,0,0,0,0,0,66.4868878050402,0,0,0,0,0,0,0,0,0,0,0,0,0,0,0,0,0,0,0,0,0,0,0,0,0
"Joakim Soria","NH",0.721669350049853,0.70751442869864,"TEX","Texas Rangers",2013,2014,30.2,1,1,2,30.2,1,0,0,0,0,0,0,0,0,162,67,95,0,0,-28,0,0,0,637,5460,1400,111,773,0.476,0.26,4.24,296,0,0,0,-0.157134840263677,0,0,0,0,0,0,0,0,0,0,0,0,0,0,0,0,0,0,0,0,0,0,0,0,0,-0.314269680527354,0,0,0,0,0,0,0,0,0,0,0,0,0,0,0,0,0,0,0,0,0,0,0,0,0
"Joba Chamberlain","NH",0.605950021136977,0.542758947074889,"DET","Detroit Tigers",2015,2015,29.9,1,0,1,29.9,1,0,0,0,0,0,0,0,0,161,74,87,0,0,-13,0,0,0,689,5605,1515,151,803,0.508,0.266,3.96,298,0,0,0,-0.240192230707631,0,0,0,0,0,0,0,0,0,0,0,0,0,0,0,0,0,0,0,0,0,0,0,0,0,-0.720576692122892,0,0,0,0,0,0,0,0,0,0,0,0,0,0,0,0,0,0,0,0,0,0,0,0,0
"Joba Chamberlain","NH",0.582054371176736,0.466638338645784,"DET","Detroit Tigers",2014,2014,28.9,0,1,1,28.9,0,0,0,0,0,0,0,0,0,162,90,72,1,1,18,0,0,0,757,5630,1557,155,705,0.508,0.266,3.95,298,0,0,0,-0.400320384512718,-0.0385185607885673,-0.0400641540107502,0,0,0,0,0,0,0,0,0,-0.0747435092751936,0,0,0,0,0,0,0,0,0,8.42151921066519,0,10.9304196659632,0,-2.00160192256359,-0.0385185607885673,-0.0400641540107502,0,0,0,0,0,0,0,0,0,-0.0747435092751936,0,0,0,0,0,0,0,0,0,842.151921066519,0,1388.16329757732,0
"Joc Pederson","H",0.710688648854772,0.643045008783071,"ARI","Arizona Diamondbacks",2024,2024,32.3,3,1,1,32.3,3,0,0,0,0,0,0,0,0,162,89,73,0,0,16,0,0,0,886,5522,1452,211,788,0.489,0.255,4.28,299,0,1.23986083975613,3.47161035131717,10.5684581511358,17.3723315703914,14.8715904869815,6.42910050732864,7.44581878582231,-2.56284642891099,-0.408248290463863,4.51067110817823,6.941774650197,-1.27801930084539,-1.26491106406735,7.41619848709566,10.2469507659596,-1.29099444873581,4.24264068711929,-0.447213595499958,1.34164078649987,-0.755928946018454,0.488430822911204,0.605691532695561,0.69569190470881,0.92240990957365,12.2474487139159,0.608183342329415,12.2474487139159,10.5985937123396,1395.03647594992,7800.17687510573,5457.87370872222,398.604231454375,752.027697368053,43.5683892914868,-0.408248290463863,103.745435488099,444.273577612608,8.94613510591771,5.05964425626941,407.890916790261,1075.92983042576,6.45497224367903,76.3675323681471,-0.447213595499958,4.02492235949962,1.51185789203691,-0.134318476300581,-0.238036772349355,-0.358281330925037,0.837548197892874,1837.11730708738,-0.235975136823813,1837.11730708738,2003.13421163219
"Joc Pederson","NH",0.642536689118884,0.65930733273547,"CHC","Chicago Cubs",2021,2021,29.3,0,1,1,29.3,0,0,0,0,0,0,0,0,0,162,71,91,0,0,-20,0,0,0,705,5306,1255,210,839,0.513,0.262,3.69,299,0,0.0456435464587638,-0.00456435464587638,11.2995695541398,19.7689782234692,18.6345692145357,5.64288093646835,8.24621125123532,3.3587572106361,-1.13389341902768,3.53009043248731,6.19361160731508,-0.447213595499958,-1.22474487139159,-4.38784281361149,10.5069101685663,2.25,2.3094010767585,0,-1.44337567297406,0,0.412434360961962,0.438406204335659,0.582415332084947,0.779871638787592,8.05779483195972,0.462845483312297,7.91622805802528,11.1822173441954,1548.04102891716,9508.87852548869,7994.23019303581,310.358451505759,841.113547626003,63.8163870020859,3.40168025708304,63.5416277847716,377.81030804622,-0.894427190999916,3.67423461417477,171.125869730848,1229.30848972226,20.25,18.475208614068,0,7.21687836487032,0,-0.098159377908947,-0.135905923344054,-0.245779270139848,0.570866039592517,765.490509036174,-0.148110554659935,744.125437454376,2023.98133929937
"Joe Blanton","NH",0.640338601431704,0.652305230996992,"PIT","Pittsburgh Pirates",2015,2015,34.7,2,1,1,34.7,2,0,0,0,0,0,0,0,0,162,98,64,0,1,34,0,0,0,697,5631,1462,140,596,0.504,0.265,3.71,301,0,0.0418853908291696,-0.00418853908291696,-1.74471348857992,-0.1606438657805,-0.170715839910528,0,0,0,0,0,0,0,0,0,-0.0839181358296689,0,0,0,0,0,0,0,0,0,4.80015360737319,0,6.98501281605152,0,38.3836967487582,-0.642575463121999,-0.682863359642112,0,0,0,0,0,0,0,0,0,-0.0839181358296689,0,0,0,0,0,0,0,0,0,480.015360737319,0,970.916781431162,0
"Joe Blanton","NH",0.494546875465765,0.336465290804875,"LAA","Los Angeles Angels",2013,2014,32.7,0,1,2,32.7,0,0,0,0,0,0,0,0,0,162,78,84,0,0,-6,0,0,0,733,5588,1476,164,737,0.499,0.258,3.94,301,0,0,0,-0.237915475715443,-0.227592972543264,-0.238478590055149,0,-0.0760285921269706,0,0,0,0,0,0,0,-0.150755672288882,0,0,0,0,0,-0.279500354524412,-0.279500354524412,-0.232483224367702,-0.359292086274669,0.425628265379374,-0.249595300852501,-1.80073514399634,-0.0565233418944222,-0.71374642714633,-1.36555783525959,-1.4308715403309,0,-0.0760285921269706,0,0,0,0,0,0,0,-0.301511344577764,0,0,0,0,0,-0.0466765592055767,-0.0466765592055767,-0.0388246984694062,-0.119644264729465,2.12814132689687,-0.0376888904287276,37.8154380239232,-0.0565233418944222
"Joe Hudson","NH",0.607651379198024,0.548178695480063,"SEA","Seattle Mariners",2020,2020,29.2,1,1,1,29.2,1,0,0,0,0,0,0,0,0,60,27,33,0,0,-6,0,0,0,254,1929,435,60,303,0.47,0.259,4.34,302,0,0.0885614885540095,-0.0177122977108019,-0.722897396012249,-0.774403092662366,-0.699878924153726,0,-0.224859506698758,0,0,0,0,0,0,-0.239045721866879,-0.390434404721515,0,0,-0.707106781186547,0,0,-0.248901586977665,-0.263,-0.223520223520335,-0.44,-2.11057941204435,-0.245724942011259,-0.729996395088432,-0.164152696549375,6.50607656411024,15.4880618532473,-11.8979417106133,0,-0.674578520096275,0,0,0,0,0,0,-0.478091443733757,-1.95217202360758,0,0,-0.707106781186547,0,0,-0.043806679308069,-0.069169,-0.039339559339579,-0.1936,59.0962235372417,-0.0503736131123082,13.1399351115918,-0.492458089648124
"Joe Hudson","NH",0.605921211810567,0.542667173741315,"STL","St Louis Cardinals",2019,2019,28.2,0,1,1,28.2,0,0,0,0,0,0,0,0,0,162,91,71,1,1,20,0,0,1,764,5449,1336,210,662,0.52,0.266,3.67,302,0,0,0,-0.0813788458771159,-0.040193393552907,-0.0424859288662087,0,0,0,0,0,0,0,0,0,-0.0839181358296689,0,0,0,0,0,0,0,0,0,8.13788458771159,0,10.7524127099441,0,-0.0813788458771159,-0.040193393552907,-0.0424859288662087,0,0,0,0,0,0,0,0,0,-0.0839181358296689,0,0,0,0,0,0,0,0,0,813.788458771159,0,1430.07089042256,0
"Joe Mantiply","NH",0.60929533694462,0.553415592744247,"ARI","Arizona Diamondbacks",2022,2022,30,1,0,1,30,1,1,0,0,0,0,0,0,0,162,74,88,0,0,-14,0,0,0,702,5351,1232,173,740,0.485,0.255,4.26,304,0,0,0,-0.0800640769025436,0,0,0,0,0,0,0,0,0,0,0,0,0,0,0,0,0,0,0,0,0,0,0,0,0,-0.0800640769025436,0,0,0,0,0,0,0,0,0,0,0,0,0,0,0,0,0,0,0,0,0,0,0,0,0
"Joe Mantiply","NH",0.608926430451932,0.552240425434565,"ARI","Arizona Diamondbacks",2021,2021,29,0,1,1,29,0,0,0,0,0,0,0,0,0,162,52,110,0,0,-58,0,0,0,679,5489,1297,144,893,0.486,0.256,4.26,304,0,0,0,-4.24339607583481,0,0,0,0,0,0,0,0,0,0,0,0,0,0,0,0,0,0,0,0,0,0,0,0,0,224.899992019245,0,0,0,0,0,0,0,0,0,0,0,0,0,0,0,0,0,0,0,0,0,0,0,0,0
"Joe Smith","NH",0.544466890133639,0.404267044693131,"HOU","Houston Astros",2019,2020,35.4,6,0,2,35.4,6,0,0,0,0,0,0,0,0,162,107,55,1,1,52,1,0,0,920,5613,1538,288,640,0.496,0.255,3.81,308,0,0,0,-0.0821994936526786,0,0,0,0,0,0,0,0,0,0,0,0,0,0,0,0,0,0,0,0,0,0,0,0,0,-0.0821994936526786,0,0,0,0,0,0,0,0,0,0,0,0,0,0,0,0,0,0,0,0,0,0,0,0,0
"Joe Smith","NH",0.624482400031369,0.584503477108737,"HOU","Houston Astros",2018,2019,34.4,4,1,2,34.4,4,0,0,0,0,0,0,0,0,162,103,59,1,1,44,0,0,0,797,5453,1390,205,534,0.494,0.254,3.81,308,0,0,0,-0.493196961916072,0,0,0,0,0,0,0,0,0,0,0,0,0,0,0,0,0,0,0,0,0,0,0,0,0,-2.95918177149643,0,0,0,0,0,0,0,0,0,0,0,0,0,0,0,0,0,0,0,0,0,0,0,0,0
"Joe Smith","NH",0.693982298251182,0.674603708377155,"TOR","Toronto Blue Jays",2017,2017,33.4,3,1,1,33.4,3,0,0,0,0,0,0,0,0,162,76,86,0,0,-10,0,0,1,693,5499,1320,222,784,0.498,0.261,4.21,308,0,0,0,-0.314269680527354,0,0,0,0,0,0,0,0,0,0,0,0,0,0,0,0,0,0,0,0,0,0,0,0,0,-1.25707872210942,0,0,0,0,0,0,0,0,0,0,0,0,0,0,0,0,0,0,0,0,0,0,0,0,0
"Joe Smith","NH",0.513985006515926,0.469507149861818,"LAA","Los Angeles Angels",2014,2016,30.9,0.5,1,3,31.4,1,0,0,0,0,0,0,0,0,162,85,77,0,0,8,0,0,0,661,5417,1331,176,675,0.501,0.258,3.94,308,0,0,0,-0.317220634287258,0,0,0,0,0,0,0,0,0,0,0,0,0,0,0,0,0,0,0,0,0,0,0,0,0,-1.26888253714903,0,0,0,0,0,0,0,0,0,0,0,0,0,0,0,0,0,0,0,0,0,0,0,0,0
"Jon Jay","NH",0.598715767618438,0.519713925061349,"ARI","Arizona Diamondbacks",2020,2020,35.4,9.134,1,1,35.4,9.134,0,0,0,0,0,0,0,0,60,25,35,0,0,-10,0,0,0,269,1997,482,58,295,0.493,0.257,4.22,314,0,0.221403721385024,-0.110701860692512,-1.44115338424578,-2.20539621272229,-2.02610224618277,-0.518475847365213,-0.589767824619589,-0.150755672288882,0,-0.196116135138184,-0.433860915637312,0,0,-0.404519917477945,-1.17108008753824,0,-0.235702260395516,0,1.34164078649987,0,0.284177933330155,0.325193163864538,-0.32420593617498,-0.458157344953432,-1.796292478041,-0.315064051052094,0.979795897113271,-0.672926584910453,25.9407609164241,125.707584125171,101.305112309138,-2.59237923682606,-4.71814259695671,-0.150755672288882,0,-0.196116135138184,-1.73544366254925,0,0,-1.21355975243384,14.0529610504589,0,-0.235702260395516,0,4.02492235949962,0,-0.0454684693328248,-0.0686157575754174,-0.0778094246819951,-0.206628962573998,39.5184345169019,-0.0633278742614708,11.7575507653593,-8.07511901892544
"Jon Jay","NH",0.574072569099528,0.441211968930429,"CHW","Chicago White Sox",2019,2019,34.4,8.134,1,1,34.4,8.134,0,0,0,0,0,0,0,0,161,72,89,0,0,-17,0,0,1,708,5529,1443,182,832,0.502,0.26,3.78,314,0,0.363912671437025,-0.254738870005918,-3.73911923562593,-6.96403645931977,-6.57898083833842,-1.43427433120127,-3.3260873624812,-1.23442679969674,0,0,-0.970494958830946,0,0,-0.857690027870236,-2.56307297315028,-0.235702260395516,-0.801783725737273,2.23606797749979,-0.316227766016838,0,-0.267,-0.311,-0.222738636073762,-0.361421268512706,-2.61356136582107,-0.265668753254497,-2.82675892812526,-3.1704959564184,175.738604074419,1267.4546355962,1085.53183832584,17.2112919744153,146.347843949173,9.87541439757388,0,0,8.73445462947851,0,0,6.86152022296189,76.8921891945085,-0.235702260395516,2.40535117721182,11.1803398874989,-0.316227766016838,0,-0.071289,-0.096721,-0.0701626703632352,-0.226249714088954,180.335734241654,-0.0783722822100766,217.660437465645,164.865789733757
"Jon Jay","NH",0.571886207869439,0.434247222319345,"CHC","Chicago Cubs",2017,2017,32.4,6.134,1,1,32.4,6.134,0,0,0,0,0,0,0,0,166,92,70,1,1,22,0,0,0,822,5496,1402,223,695,0.513,0.263,3.68,314,0,-0.502079011046402,-0.552286912151043,11.6294839936767,17.7961903758049,16.4627080007203,6.6688592885535,9.05466333468977,3.18198051533946,-1.13389341902768,-0.392232270276368,-3.45217696145431,-1.34164078649987,-0.816496580927726,-4.16282523342629,7.184212081071,2.75,3.46410161513775,-0.948683298050514,-0.577350269189626,-1.13389341902768,0.512943574977902,0.528915872327538,0.517549169506766,0.797983411819544,8.14261372492772,0.496112502425369,8.50573440277184,8.77278929765606,1639.75724310842,7705.75043272353,6239.36633227301,433.475853755978,1014.12229348525,57.2756492761103,3.40168025708304,-0.784464540552736,117.374016689446,8.04984471899924,1.63299316185545,154.024533636773,574.73696648568,30.25,41.5692193816531,2.84604989415154,-1.15470053837925,3.40168025708304,-0.151831298193459,-0.197814536250499,-0.194080938565037,0.597689575452839,781.690917593061,-0.170166588331901,859.079174679956,1245.73608026716
"Jon Singleton","NH",0.608624961558322,0.551280083462608,"HOU","Houston Astros",2024,2024,32.9,1,0,1,32.9,1,0,0,0,0,0,0,0,0,161,88,73,1,1,15,0,0,0,740,5530,1448,190,649,0.502,0.255,3.8,317,0,-0.0903507902905251,-0.018070158058105,9.78173974466876,16.0466842479441,14.8045233980523,4.90361647617904,-6.20371126984107,-2.05548047910945,-0.577350269189626,2.6,-4.42718872423573,0,0,6.58131639493165,8.94463490068172,-0.436435780471985,0,0,-1.22474487139159,0,-0.330925973595304,0.453962553521764,0.544256108582735,0.707,7.48661809827712,0.473609336448753,7.37598320260616,-8.05882352941176,1164.02702961558,6498.90712041737,5255.60580630857,225.566357904236,514.908035396809,26.7212462284228,-0.577350269189626,33.8,185.941926417901,0,0,309.321870561787,992.854473975671,-0.87287156094397,0,0,3.67423461417477,0,-0.0774366778213012,-0.145721979680486,-0.210082857912936,-0.499849,756.148427925989,-0.150134159654255,759.726269868434,1104.05882352941
"Jon Singleton","NH",0.608408687524498,0.550591133336977,"HOU","Houston Astros",2023,2023,31.9,0,0,1,31.9,0,0,0,0,0,0,0,0,0,162,90,72,1,1,18,0,0,0,827,5567,1441,222,698,0.501,0.255,3.8,317,0,0.225876975726313,-0.112938487863156,-2.95918177149643,-4.16025147168922,-3.79496233583876,-1.17260393995586,-1.1211526391279,-0.474341649025257,0,-0.4,-1.26491106406735,0,0,-1.82036410923641,-1.85339281725837,-0.436435780471985,0,0,-0.408248290463863,0,-0.233345237791561,0.377595021153616,0.372237338512544,0.53,3.55799671997329,0.376497011940334,3.65218585760111,-1.41176470588235,106.530543773872,436.826404527368,345.341572561327,12.8986433395144,16.8172895869186,-1.42302494707577,0,-0.8,15.1789327688082,0,0,23.6647334200734,42.6280347969426,-0.87287156094397,0,0,-0.408248290463863,0,-0.0385019642356075,-0.100817870648016,-0.0982706573673117,-0.2809,170.783842558718,-0.0948772470089642,186.261478737656,33.8823529411765
"Jonathan Schoop","NH",0.686854104417255,0.643613114085246,"DET","Detroit Tigers",2021,2021,29.8,2,0,1,29.8,2,0,0,0,0,0,0,0,0,162,77,85,0,0,-8,0,0,0,697,5376,1299,179,756,0.504,0.265,4,320,0,1.11571841707794,2.11986499244808,12.4899959967968,25.9615099714943,24.9599679486974,8.95978670381041,12.7537292073986,4.93196961916072,-0.301511344577764,3.95131664458905,9.00574529263748,-0.333333333333333,0,-3.73756441484318,9.94088673360075,3.53553390593274,2.12132034355964,0,2.5298221281347,0,0.492982196981677,0.45254833995939,0.570691219626119,0.798506015521027,9.17945593962506,0.537972525787957,9.38122632748019,16.1378151561537,1948.4393755003,17498.0577207872,15550.0600320385,761.581869823885,2206.39515287996,147.959088574822,-0.301511344577764,86.9289661809591,756.482604581548,-0.666666666666667,0,138.289883349198,1322.1379355689,53.0330085889911,12.7279220613579,0,20.2385770250776,0,-0.137049050760906,-0.144815468787005,-0.248250680537362,0.602872041718375,1000.56069741913,-0.176992960984238,1022.55366969534,4373.34790731766
"Jonathan Schoop","NH",0.591620272429103,0.497110923602227,"DET","Detroit Tigers",2020,2020,28.8,1,1,1,28.8,1,0,0,0,0,0,0,0,0,58,23,35,0,0,-12,0,0,0,249,1894,463,62,318,0.504,0.265,4,320,0,0.763386285369115,0.992402170979849,-3.52281938371192,-6.81778525957641,-6.49039294974153,-2.7406406388126,-3.31744401348519,-0.657595949221429,-0.603022689155527,-1.4368424162142,-2.46585883012693,0,0,-0.808122035641769,-2.91499686173255,-1.88561808316413,-1.41421356237309,0,-0.632455532033676,0,0.492982196981677,0.458205194208883,0.623168573154958,0.845041465432186,9.76896228437162,0.587027771300536,10.7582870727984,-4.58528327315069,155.004052883324,1206.74799094502,1051.44365785813,71.2566566091275,149.284980606833,-2.63038379688572,-1.20604537831105,11.4947393297136,56.7147530929193,0,0,6.46497628513415,113.684877607569,15.084944665313,5.65685424949238,0,-1.26491106406735,0,-0.137049050760906,-0.148458482923678,-0.296005072248605,0.675188130880316,1133.19962498711,-0.210742969896893,1344.7858840998,353.066812032603
"Jonathan Schoop","NH",0.594897531728048,0.507550772370966,"MIN","Minnesota Twins",2019,2019,27.8,0,1,1,27.8,0,0,0,0,0,0,0,0,0,162,101,61,1,1,40,0,0,0,939,5732,1547,307,754,0.481,0.263,3.99,320,0,-0.651558364144604,-0.977337546216906,9.87960862922549,19.0381506048035,18.9518951427533,6.77777777777778,9.00328887275732,3.9444674582777,-0.447213595499958,3.59199652343794,5.67727764703132,-0.174077655955698,-0.447213595499958,-2.32495277487639,9.73450375624159,-2.37346441585572,2.58198889747161,0,-0.353553390593274,-0.353553390593274,-0.313456332786113,-0.372229395183509,0.568601621056613,0.672985867232272,6.19605874015403,0.432756708549187,5.86710653287465,12.0380145000514,1195.43264413628,8833.70188062881,8206.17059681217,413.444444444444,999.365064876063,90.7227515403872,-0.447213595499958,82.6159200390726,334.959381174848,-0.174077655955698,-0.447213595499958,46.4990554975277,1129.20243572402,30.8550374061244,25.8198889747161,0,-0.353553390593274,-0.353553390593274,-0.0802448211932448,-0.113157736135787,-0.268948566759778,-0.522910018839476,631.997991495711,-0.140645930278486,574.976440221715,2467.79297251054
"Jonny Gomes","H",0.558158721216496,0.511837526671249,"BOS","Boston Red Sox",2013,2014,33.2,1.5,1,2,33.7,2,0,0,0,0,0,0,0,0,162,71,91,0,0,-20,1,1,0,634,5551,1355,123,715,0.517,0.267,3.9,322,0,0.231800222785877,-0.139080133671526,9.11443073823698,-12.523402749986,-11.3848870075163,-2.657642388107,-4.66767972793263,-1.15470053837925,0,-0.914991421995628,-3.24511467143601,0,0,-3.91311896062463,-6.43519733231875,-1.27920429813366,-1.4142135623731,0,2.33333333333333,-0.384900179459751,0.382120399874176,0.462447834896002,0.416091282635069,0.647047311318411,6.53845892291947,0.456789687035312,6.27845477911626,-4.75664780323521,1020.81624268254,4020.0122827455,3108.07415305194,74.4139868669959,298.731502587688,9.23760430703401,0,5.48994853197377,120.069242843132,0,0,136.959163621862,566.29736524405,7.67522578880198,8.48528137423857,0,16.3333333333333,-0.769800358919501,-0.0894161735705571,-0.151220442010993,-0.137310123269573,-0.425110083536196,562.307467371074,-0.1384072751717,527.390201445766,428.098302291169
"Jonny Gomes","H",0.694859981045777,0.704665606269193,"OAK","Oakland Athletics",2012,2012,31.7,0,1,1,31.7,0,0,0,0,0,0,0,0,0,162,94,68,1,1,26,0,0,0,713,5527,1315,195,614,0.486,0.259,3.98,322,0,0.976187060183953,1.75713670833112,8.00367562619899,13.1118621954533,-11.716898663286,4.96030756735817,-5.82603425661364,-1.42857142857143,0,3.6,5.65813509503115,-0.948683298050514,-0.5,5.14981047662975,9.78349703118941,-0.392232270276368,2.82842712474619,1,-0.377964473009227,-1,0.370523953341751,0.533158513014657,0.69437885912519,0.868,10.7341910334621,0.572065782283174,10.7183031526408,8.59614453039277,792.3638869937,4366.25011108596,3269.01472705681,228.174148098476,425.300500732796,14.2857142857143,0,64.8,265.932349466464,2.84604989415154,-0.5,226.591660971709,1017.4836912437,-0.784464540552736,22.6274169979695,1,-0.377964473009227,2,-0.0970772757755387,-0.201000759406526,-0.340940019830468,0.753424,1524.25512675161,-0.215096734138473,1532.71735082764,1177.67180066381
"Jose Iglesias","NH",0.565075397715457,0.412551097138452,"COL","Colorado Rockies",2022,2022,32.6,2,1,1,32.6,2,0,0,0,0,0,0,0,0,162,68,94,0,0,-26,0,0,0,698,5540,1408,149,873,0.469,0.272,4.98,330,0,0.650791373455968,0.780949648147162,9.32871909749672,18.7703147892076,18.6345122030346,5.30071325159263,10.0566297768753,5.0709255283711,0,-0.547722557505166,-4.77212697612801,-0.447213595499958,-1.22474487139159,-2.04655950245808,-4.23320209770335,2.66789187539966,2.21880078490092,0,-1,0,-0.292,-0.328,-0.38,-0.500631601080076,-4.45095549120512,-0.332223774378827,-4.04964022122028,10.37687509222,1100.78885350461,8765.73700655994,8180.55085713218,254.434236076446,1287.24861144004,152.127765851133,0,-1.6431676725155,224.289967878016,-0.894427190999916,3.67423461417477,34.7915115417873,237.059317471387,29.3468106293963,17.7504062792073,0,3,0,-0.085264,-0.107584,-0.1444,-0.354447173564694,405.036949699666,-0.104650488929331,360.417979688605,1732.93814040075
"Jose Iglesias","NH",0.626674531775641,0.608777756432884,"BAL","Baltimore Orioles",2020,2020,30.6,1,1,1,30.6,1,0,0,0,0,0,0,0,0,60,25,35,0,0,-10,0,0,0,274,2026,523,77,294,0.474,0.259,4.04,330,0,-0.612825877028341,0.796673640136844,-3.09290118430076,-5.76071529481926,-5.73532598122634,-1.71538005574047,-4.11359778624356,3.00520382004283,0,-0.474341649025257,-2.3094010767585,0,0,-0.404519917477945,-1.43676223303848,-0.242535625036333,1.78885438199983,0,-0.447213595499958,0,0.527501658765164,0.516397779494322,0.74565407529229,0.911510235318786,11.0464814522656,0.578484610378223,9.90258675749907,-4.40249787934529,120.62314618773,864.10729422289,814.41628933414,27.4460808918475,218.020682670909,51.0884649407281,0,-1.42302494707577,55.4256258422041,0,0,-1.21355975243384,24.4249579616541,-0.242535625036333,7.15541752799933,0,-0.447213595499958,0,-0.196758118719406,-0.206559111797729,0.414583665862513,0.87140378496476,1734.2975880057,-0.235443236423937,1534.90094741236,347.797332468278
"Jose Iglesias","NH",0.612155319427335,0.562526188482092,"CIN","Cincinnati Reds",2019,2019,29.6,0,1,1,29.6,0,0,0,0,0,0,0,0,0,162,75,87,0,0,-12,0,0,1,701,5450,1328,227,711,0.505,0.261,3.75,330,0,-0.511165650822358,-0.460049085740123,12.0830459735946,21.9128031107602,21.8717370447784,6.36106578292796,11.3225977369239,3.40664984374601,1.73205080756888,-1.8864844365676,5.9,2.44948974278318,2.44948974278318,-3.08606699924184,6.36363636363636,4.12310562561766,-0.6,-0.377964473009227,-0.816496580927726,1.34164078649987,0.407293505963451,0.449719912834644,0.5330404069784,0.724,6.20371126984107,0.459102204783517,5.58569601750758,11.7190699847381,1764.12471214481,11613.7856487029,11023.3554705683,394.386078541533,1641.77667185397,71.5396467186663,5.19615242270663,20.7513288022436,348.1,14.6969384566991,14.6969384566991,61.7213399848368,445.454545454545,70.0927956355002,-1.8,-0.377964473009227,1.63299316185545,4.02492235949962,-0.117300529717474,-0.143010932281417,-0.216947445640209,0.524176,514.908035396809,-0.141862581278107,435.684289365591,2402.40934687131
"Jose Reyes","NH",0.629797694673216,0.618726724566508,"NYM","New York Mets",2017,2017,34.2,7,0,1,34.2,7,0,0,0,0,0,0,0,0,162,70,92,0,0,-22,0,0,0,735,5510,1379,224,863,0.48,0.25,3.78,332,0,0.0438529009653515,-0.00438529009653515,11.5722598247805,21.4818002489429,20.8028927033619,7.57614408414158,10.042907945411,4.35194139889245,2.64575131106459,-2.73861278752583,6.78838653737557,4.89897948556636,2.12132034355964,5.24142418360959,6.42892882429216,-0.688247201611685,-0.377964473009227,1.88982236504614,-1.06066017177982,-0.377964473009227,-0.246,-0.315,-0.413,-0.514773736703807,-4.41163859196096,-0.343825239515866,-4.2485291572496,12.7159089184628,1677.97767459318,12051.289939657,10422.2492443843,568.210806310619,1235.27767728556,108.798534972311,18.5202591774521,41.0791918128875,393.726419167783,117.575507653593,12.7279220613579,262.07120918048,507.885377119081,-2.06474160483506,-0.755928946018454,9.44911182523068,3.18198051533946,-0.377964473009227,-0.060516,-0.099225,-0.170569,-0.374755280320371,414.69402764433,-0.112087028082172,403.610269938712,2632.1931461218
"Jose Reyes","NH",1,1,"NYM","New York Mets",2016,2016,33.2,6,1,1,33.2,6,0,0,0,0,0,0,0,0,162,87,75,0,1,12,0,0,1,671,5459,1342,218,617,0.481,0.25,3.75,332,0,-0.263117405792109,-0.157870443475265,-4.78852130680573,-10.6834621558914,-10.5882986813518,-4.54568645048495,-5.55217675030854,-2.26300952742407,1.51185789203691,-1.46059348668044,-2.80898753270713,-1.83711730708738,-0.707106781186547,-2.41105512446041,-3.98756344797868,-0.688247201611685,0,0,-0.353553390593274,-0.377964473009227,-0.267,-0.326,-0.443,-0.543765114732455,-5.02175882276407,-0.360700097897012,-4.78518547184955,-6.94153482022365,287.311278408344,2980.6859414937,2700.01616374472,204.555890271823,377.548019020981,29.4191238565129,6.04743156814764,11.6847478934435,67.4157007849712,16.5340557637865,-1.41421356237309,55.4542678625895,195.390608950955,-2.06474160483506,0,0,-0.353553390593274,-0.377964473009227,-0.071289,-0.106276,-0.196249,-0.418155373229258,537.328194035756,-0.123359433480778,512.014845487902,784.393434685272
"Jose Reyes","NH",0.216910399090102,0.101478598710092,"MIA","Miami Marlins",2012,2017,29.2,0,1,6,29.2,0,0,0,0,0,0,0,0,0,162,69,93,0,0,-24,0,0,0,609,5437,1327,137,724,0.474,0.259,4.33,332,0,1.73205080756888,5.19615242270663,12.6491106406735,26.7581763205193,25.3377189186399,9.2736184954957,13.5646599662505,6.08276253029822,3.46410161513775,-1.83333333333333,6.58179306876173,6.32455532033676,3.3166247903554,7.75476393169796,-4.68295525603971,-2.23606797749979,0,2.23606797749979,2.44948974278318,3,0.43818070587639,0.529786428359258,0.605135896410881,0.842566507594477,9.14707680543391,0.565341465460104,9.40256152680248,16.6733320005331,2023.85770250776,19158.8542454918,16266.8155457668,797.531190612631,2495.8974337901,225.062213621034,41.5692193816531,20.1666666666667,375.162204919419,252.98221281347,36.4828726939094,488.550127696972,262.245494338224,22.3606797749979,0,11.1803398874989,14.6969384566991,27,-0.125757862586524,-0.183835890640663,-0.262023843145911,0.657201875923692,997.031371792296,-0.202392244634717,1071.89201405548,4635.18629614819
"Josh Bell","NH",0.742434250727888,0.757146905717797,"PIT","Pittsburgh Pirates",2020,2020,27,4,0,1,27,4,0,0,0,0,0,0,0,0,60,19,41,0,0,-22,0,0,0,219,1932,425,59,298,0.503,0.264,3.73,334,0,0.209426954145848,-0.104713477072924,-4.52039403859342,-8.95589551726286,-8.32239719563824,-2.26912674176935,-3.64146590985042,-0.493196961916072,0,-1.31519189844286,-2.04264871994757,0,0,-2.50713268211203,-4.95117001395047,-0.75,-0.516397779494322,0,1.51185789203691,-1.10940039245046,-0.226,-0.305,-0.364,-0.4730544366138,-3.93612595804602,-0.336210699426122,-3.71863991645908,-4.09918691124634,257.662460199825,1997.16470034962,1622.86745314946,49.9207883189256,160.224500033418,-1.47959088574822,0,10.5215351875429,44.9382718388466,0,0,55.1569190064648,292.119030823077,2.25,-1.03279555898864,0,6.04743156814764,4.43760156980183,-0.051076,-0.093025,-0.132496,-0.316473418094632,322.762328559773,-0.0975011028335754,275.179353817972,291.04227069849
"Josh Bell","NH",0.670504965590751,0.748401465989611,"PIT","Pittsburgh Pirates",2019,2019,26,3,0,1,26,3,1,0,0,0,0,0,0,0,162,69,93,0,0,-24,0,0,0,758,5657,1497,163,911,0.503,0.264,3.73,334,0,1.08902016155841,2.83145242005186,11.3406376757695,24.6186724308616,22.4918119082121,9.69535971483266,12.0830459735946,6.08276253029822,-1.22474487139159,6.08276253029822,10.770329614269,0,-0.447213595499958,8.43308265801321,9.90234002790093,2.75,-1.29099444873581,0,2.64575131106459,3.60555127546399,-0.277,-0.367,0.569,-0.661851947190608,-6.81621812246993,0.445189339929762,6.98501281605152,17.3205080756888,1621.71118763503,15091.2462001182,11853.1848756278,911.36381319427,1764.12471214481,225.062213621034,3.67423461417477,225.062213621034,1249.35823525521,0,-0.447213595499958,624.048116692977,1168.47612329231,30.25,6.45497224367903,0,18.5202591774521,46.8721665810319,-0.076729,-0.134689,-0.323761,-0.61949342257041,967.902973390731,-0.170952706533028,970.916781431162,5196.15242270663
"Josh Bell","NH",0.606008498245661,0.542945228389672,"PIT","Pittsburgh Pirates",2018,2018,25,2,0,1,25,2,0,0,0,0,0,0,0,0,161,82,79,0,0,3,0,0,0,692,5447,1381,157,693,0.504,0.264,3.72,334,0,-0.293197735804187,-0.205238415062931,11.7371634686285,23.4138434375078,21.3821589487936,7.63251722231507,10.841637140691,5.09636860646608,1.63299316185545,-1.97278784766429,5.75655548348861,-0.577350269189626,2.23606797749979,8.77496438739212,8.72748612628557,3,0,0,1.88982236504614,-0.554700196225229,-0.261,-0.357,-0.411,-0.543058007951268,-5.32817050418424,-0.393018714156743,-5.67846365621455,11.8934155453063,1737.10019335702,13650.2707240671,10712.4616333456,564.806274451315,1420.25446543052,157.987426800448,6.53197264742181,23.6734541719714,356.906439976294,-1.15470053837925,11.1803398874989,675.672257829193,907.658557133699,36,0,0,9.44911182523068,-1.10940039245046,-0.068121,-0.127449,-0.168921,-0.417068550106574,591.426925964451,-0.133233344099136,641.666393152244,2450.0436023331
"Josh Bell","NH",0.606312270665891,0.543912908343571,"PIT","Pittsburgh Pirates",2017,2017,24,1,0,1,24,1,2,0,0,0,0,0,0,0,165,75,87,0,0,-12,0,0,0,668,5458,1331,151,731,0.504,0.264,3.72,334,0,-0.376968517462526,-0.339271665716273,12.6095202129185,24.8997991959775,23.43074902772,7.73565934694095,11.5864824404332,4.27437366993929,2.44948974278318,4.27437366993929,8.35629021796733,-0.577350269189626,1.78885438199983,7.5213980463361,9.81842189207126,3.75,-0.258198889747161,0,1.51185789203691,-1.10940039245046,-0.255,-0.334,-0.466,-0.565685424949238,-5.23216743203678,-0.402293492071946,-5.67846365621455,14.7801668912544,2004.91371385404,15437.875501506,12863.4812162183,580.174451020571,1622.10754166064,111.133715418422,14.6969384566991,111.133715418422,752.06611961706,-1.15470053837925,7.15541752799933,496.412271058183,1148.75536137234,56.25,-0.258198889747161,0,6.04743156814764,4.43760156980183,-0.065025,-0.111556,-0.217156,-0.45254833995939,570.306250092009,-0.139595841748965,641.666393152244,3783.72272416113
"Josh Bell","NH",0.606982480745292,0.546047891033065,"PIT","Pittsburgh Pirates",2016,2016,23,0,1,1,23,0,0,0,0,0,0,0,0,0,162,78,83,0,0,-5,0,0,0,729,5542,1426,153,758,0.504,0.265,3.71,334,0,0.335083126633356,-0.268066501306685,-3.56873213573165,-6.10446689965899,-5.46290687713689,-1.85655824326583,-2.89662061010829,-1.31519189844286,0,-0.493196961916072,-1.76410571268199,0,-0.447213595499958,-2.3931721056524,-1.59444458076371,-1,0,0,-1.13389341902768,0,-0.273,-0.368,-0.406,-0.548007755419574,-5.18416589596305,-0.398815450353745,-5.57795987468863,-3.00222139978605,160.592946107924,927.878968748167,699.252080273523,33.4180483787849,101.38172135379,10.5215351875429,0,-1.47959088574822,33.5180085409579,0,-0.447213595499958,50.2566142187003,30.2944470345105,4,0,0,3.40168025708304,0,-0.074529,-0.135424,-0.164836,-0.42470601045017,559.889916764009,-0.137192514921688,619.153546090438,156.115512788875
"Josh Harrison","NH",0.56766878234305,0.420812434079341,"CHW","Chicago White Sox",2022,2022,35.1,3,1,1,35.1,3,0,0,0,0,0,0,0,0,162,81,81,0,0,0,0,0,2,686,5611,1435,149,717,0.503,0.26,3.78,337,0,0.935775440838065,1.68439579350852,9.46713168169119,16.2621730506093,15.3908279005978,5.97614304667197,7.4836965655827,-2.93176364927975,-0.894427190999916,-1.45960089839952,-2.91148487649284,-0.577350269189626,-0.5,-2.25143632315937,6.065939369789,-2.12132034355964,3.74165738677394,-0.894427190999916,-0.632455532033676,0,-0.256,-0.317,-0.261629509039023,-0.396639634933273,-3.59838159062321,-0.273773901658872,-3.3407150968753,8.7188638801506,1126.58867012125,6911.42354650897,5940.85956963074,298.807152333598,740.885959992687,55.7035093363152,1.78885438199983,10.2172062887967,78.6100916653066,-1.15470053837925,-0.5,47.2801627863468,430.681695255019,19.0918830920368,52.3832034148352,1.78885438199983,-1.26491106406735,0,-0.065536,-0.100489,-0.0968029183444383,-0.272491429199159,341.846251109205,-0.083227266104297,304.005073815653,1246.79753486154
"Josh Harrison","NH",0.644231259930904,0.664705460070437,"DET","Detroit Tigers",2019,2019,32.1,0,1,1,32.1,0,0,0,0,0,0,0,0,0,161,47,114,0,0,-67,0,0,0,582,5549,1333,149,915,0.504,0.265,3.99,337,0,0.587220219514703,0.587220219514703,-2.88230676849157,-5.66222843591939,-5.48878909947278,-1.05409255338946,-1.76930347385877,-1.1507929111375,-0.301511344577764,-0.179605302026775,-0.857690027870236,-0.666666666666667,-0.603022689155527,-0.606091526731326,-2.01807475043023,0,-0.707106781186547,0,-0.632455532033676,0,0.31033051968271,-0.308298556597335,-0.345038599452114,0.507659453576282,2.2738101868796,0.340116368887219,1.29099444873581,-2.14376880303149,103.763043665696,832.34758008015,751.96410662777,10.5409255338946,42.4632833726104,8.05555037796251,-0.301511344577764,-0.179605302026775,6.86152022296189,-2.66666666666667,-1.20604537831105,-3.63654916038796,54.4880182616161,0,-1.41421356237309,0,-1.26491106406735,0,-0.0543078409444743,-0.067209085338219,-0.0907451516559059,-0.243676537716615,61.3928750457492,-0.0707442047285415,19.3649167310371,77.1756769091336
"Jp Howell","NH",0.518425053865338,0.412056910680208,"LAD","Los Angeles Dodgers",2016,2017,33.3,3,0,2,33.3,3,0,0,0,0,0,0,0,0,162,91,71,1,1,20,0,0,1,725,5518,1376,189,638,0.526,0.262,3.54,341,0,0,0,-4.91552008055482,-0.0783260449987957,-0.0824085643430329,0,0,0,0,0,0,0,0,0,-0.145864991497895,0,0,0,0,0,0,0,0,0,6.63723311599972,0,9.16538858020144,0,299.846724913844,-0.156652089997591,-0.164817128686066,0,0,0,0,0,0,0,0,0,-0.291729982995789,0,0,0,0,0,0,0,0,0,663.723311599972,0,1273.989012648,0
"Jp Howell","NH",0.626778418331163,0.589675301266888,"LAD","Los Angeles Dodgers",2014,2015,31.8,1.5,0,2,32.3,2,0,0,0,0,0,0,0,0,162,92,70,1,1,22,0,0,1,667,5385,1346,187,595,0.525,0.262,3.53,341,0,0,0,-4.99610237695736,0,0,0,0,0,0,0,0,0,0,0,0,0,0,0,0,0,0,0,0,0,0,0,0,0,309.758347371356,0,0,0,0,0,0,0,0,0,0,0,0,0,0,0,0,0,0,0,0,0,0,0,0,0
"Jp Howell","NH",0.674449911971089,0.632289184182671,"LAD","Los Angeles Dodgers",2013,2013,30.3,0,1,1,30.3,0,0,0,0,0,0,0,0,0,162,92,70,1,1,22,0,0,0,654,5491,1446,138,586,0.524,0.262,3.54,341,0,0,0,-4.91552008055482,-0.0391630224993979,-0.0412042821715165,0,0,0,0,0,0,0,0,0,-0.0729324957489473,0,0,0,0,0,0,0,0,0,6.63723311599972,0,9.8907071009368,0,299.846724913844,-0.0391630224993979,-0.0412042821715165,0,0,0,0,0,0,0,0,0,-0.0729324957489473,0,0,0,0,0,0,0,0,0,663.723311599972,0,1483.60606514052,0
"Juan Nicasio","NH",0.625679245056923,0.587199392911007,"SEA","Seattle Mariners",2018,2019,31.9,1,1,2,31.9,1,0,0,0,0,0,0,0,0,162,89,73,0,0,16,0,0,0,677,5513,1402,176,711,0.472,0.26,4.32,342,0,0,0,-0.24096579867075,0,0,0,0,0,0,0,0,0,0,0,0,0,0,0,0,0,0,0,0,0,0,0,0,0,-0.722897396012249,0,0,0,0,0,0,0,0,0,0,0,0,0,0,0,0,0,0,0,0,0,0,0,0,0
"Juan Nicasio","NH",0.704266991213755,0.697770171609511,"PIT","Pittsburgh Pirates",2016,2016,29.9,0,1,1,29.9,0,0,0,0,0,0,0,0,0,162,78,83,0,0,-5,0,0,0,729,5542,1426,153,758,0.504,0.265,3.71,342,0,0.0418853908291696,-0.00418853908291696,-3.88595277001891,-0.803219328902499,-0.810900239575008,-0.103142124625879,-0.24828176658071,0,0,0,-0.0928476690885259,0,0,0,-0.587426950807682,0,0,-0.333333333333333,0,0,-0.158,-0.158,-0.158,-0.223445742854949,0.720023041105979,-0.153033835600856,2.61309831967395,-0.173205080756888,190.411685730926,16.06438657805,15.4071045519251,-0.103142124625879,-0.744845299742131,0,0,0,-0.0928476690885259,0,0,0,-4.11198865565378,0,0,-0.333333333333333,0,0,-0.024964,-0.024964,-0.024964,-0.0706088547421639,10.8003456165897,-0.0202004662993129,135.881112623045,-0.519615242270663
"Justin Smoak","NH",0.647837034466929,0.551324177164925,"MIL","Milwaukee Brewers",2020,2020,33.7,5,1,1,33.7,5,0,0,0,0,0,0,0,0,60,29,31,0,1,-2,0,0,1,247,1920,429,75,264,0.481,0.257,4.18,348,0,0.385337317794226,-0.269736122455958,-2.84604989415154,-5.20152868117806,-5.07879623733821,-1.52752523165195,-1.82093093600065,-1.23743686707646,0,-0.78086880944303,-1.54713186938819,0,0,-0.957826285221151,-2.92627866002479,-0.942809041582063,-0.534522483824849,0,-0.316227766016838,0,0.337464595092843,-0.25,0.502553556866708,0.663503600820588,5.68353068157491,-0.325801076522799,3.00312616385529,-2.59772500131976,102.457796189455,686.601785915504,604.376752243247,21.3853532431273,38.2395496560137,8.66205806953521,0,3.90434404721515,23.2069780408229,0,0,9.57826285221151,122.903703721041,3.77123616632825,-1.0690449676497,0,-0.316227766016838,0,-0.0593937687363404,-0.0625,-0.181421834028882,-0.40540070010138,352.378902257644,-0.0886178928142013,174.181317503607,111.70217505675
"Justin Smoak","NH",0.562604124668803,0.530907555433419,"TOR","Toronto Blue Jays",2018,2019,31.7,1,0,2,31.7,1,0,0,0,0,0,0,0,0,162,73,89,0,0,-16,0,0,0,709,5477,1336,217,832,0.496,0.261,4.23,348,0,-0.938233281301002,2.34558320325251,11.5494107593803,22.0758361435408,19.7773263621959,6.2477822152101,9.22233314142514,5.44435722937296,0,3.72677996249965,7.62413608092039,0,-0.408248290463863,9.1104335791443,12.4899959967968,-2.34520787991171,-0.948683298050514,0,-1.22474487139159,-0.894427190999916,0.419366030894096,0.534366714483402,0.623053101497975,0.864777216078153,10.5000881830512,0.494298869661887,7.24784450716211,12.3298678429917,1697.7633816289,13113.0466692633,9987.54981290894,418.601408419077,1125.12464325387,185.108145798681,0,93.1694990624912,587.05847823087,0,-0.408248290463863,756.165987068977,1948.4393755003,25.7972866790289,2.84604989415154,0,3.67423461417477,1.78885438199983,-0.101486579476371,-0.187028350069191,-0.284735267384574,0.698739990591148,1281.01075833225,-0.174487500990646,891.48487438094,2848.19947173108
"Justin Smoak","NH",0.700121376494413,0.716516997910663,"TOR","Toronto Blue Jays",2015,2015,28.7,0,0,1,28.7,0,0,0,0,0,0,0,0,0,162,93,69,1,1,24,0,0,0,891,5509,1480,232,670,0.497,0.262,4.22,348,0,-0.337763981268361,-0.303987583141525,10.3708994574027,-12.1900239984535,-11.5922546598218,-4.10302115625738,-5.06472393832365,-2.56205046088139,-0.408248290463863,-2.68328157299975,5.84187050356238,0,0,-3.18316353970102,6.88551061361875,-2.1320071635561,-0.632455532033676,0,-0.408248290463863,0,0.391639351165561,0.456501850372963,0.640776712700324,0.821966462806958,9.03696114115064,0.473294668401467,6.30503546558005,-7.41927112630237,1368.95872837716,3998.32787149276,3431.30737930724,180.532930875325,339.336503867684,40.9928073741023,-0.408248290463863,48.2990683139955,344.67035971018,0,0,92.3117426513296,592.153912771212,21.320071635561,-1.26491106406735,0,-0.408248290463863,0,-0.0885104933634167,-0.136494053261516,-0.301165054969152,0.631270243435743,948.880919820817,-0.159973597919696,674.638794817065,1031.27868655603
"Justin Turner","NH",0.558414320049101,0.391331951159991,"TOR","Toronto Blue Jays",2024,2024,39.8,9,1,1,39.8,9,0,0,0,0,0,0,0,0,162,74,88,0,0,-14,0,0,0,671,5410,1306,156,743,0.498,0.26,4.22,349,0,-0.525410637528561,-0.735574892539986,10.9208713983256,20.0317772413611,18.014990349723,5.50177836861785,8.99555445761961,3.84307569132209,0,-1.63978318349985,5.44581148637171,0,-0.816496580927726,6.47609133939173,7.60608730574164,3.41121146168977,4.11096095821889,0,2.85773803324704,-0.894427190999916,0.448825628105665,0.540473762648926,0.52216485311537,0.788788129021781,9.72549151380974,0.459291867561187,6.77643998637108,9.39418502323178,1518.00112436725,10797.1279330937,8286.89556087259,324.604923748453,1070.47098045673,92.2338165917302,0,18.0376150184983,299.519631750444,0,1.63299316185545,382.089389024112,722.578294045456,54.5793833870363,53.4424924568456,0,20.0041662327293,1.78885438199983,-0.116245837679367,-0.19132771197772,-0.199989138743187,0.581336851089052,1098.9805410605,-0.150647732560069,779.290598432674,1653.37656408879
"Justin Turner","NH",0.562661340147605,0.583576234099739,"BOS","Boston Red Sox",2023,2024,38.8,7,1,2,38.8,7,0,0,0,0,1,0,0,0,162,78,84,0,0,-6,0,0,0,772,5562,1437,182,776,0.518,0.267,3.92,349,1,-0.811300779750569,1.70373163747619,11.8813114980589,24.4225860482592,23.2702086087695,8.16275876347149,11.2316043453379,4.4744645862196,0,3.50746711764991,8.41975698534748,-0.87287156094397,-0.577350269189626,5.70197334262446,8.04399666539844,-2.1320071635561,2.59272486435067,0,2,0,0.450706112672105,0.487903679018718,0.573701616966534,0.787881048789541,8.66725950247464,0.527644853011086,8.67024707592246,13.4243171335749,1734.6714787166,15288.5388662103,12984.7764036934,701.997253658548,1729.66706918203,138.708402172808,0,80.6717437059479,808.296670593358,3.49148624377588,-0.577350269189626,290.800640473848,884.839633193828,21.320071635561,28.5199735078574,0,12,0,-0.124394887097501,-0.168326769261458,-0.261034235719773,0.630304839031633,988.067583282109,-0.18467569855388,1005.748660807,3409.77655192803
"Justin Turner","NH",0.557733210720217,0.434149679908012,"LAD","Los Angeles Dodgers",2021,2022,37.3,5.5,0,2,37.8,6,1,0,0,0,0,0,0,0,162,111,51,1,1,60,0,0,2,847,5526,1418,212,513,0.531,0.261,3.52,349,0,-0.95502301831801,2.19655294213142,10.3145339395249,20.8347279696797,19.2836040562697,6.53988646251055,10.2774023955472,6,0,-2.26300952742407,7.98116715313077,-0.75,0,6.29940788348712,-6.49099212165631,2.90688837074973,-1.37649440322337,0,2.3094010767585,-0.408248290463863,0.39315137033972,0.494974746830583,0.505758835810112,0.704808626507934,7.96467973919966,0.484972605711669,7.78068958607029,11.9355614496614,1320.26034425918,11084.0752798696,9024.72669833422,398.933074213143,1336.06231142114,216,0,29.4191238565129,646.474539403593,2.25,0,314.970394174356,577.698298827411,37.7895488197464,8.25896641934022,0,18.475208614068,-0.408248290463863,-0.109296080954442,-0.173241161390704,-0.221522370084829,-0.555389197688252,955.76156870396,-0.167800521576238,918.121371156294,2446.79009718059
"Justin Turner","NH",0.516761669602816,0.558883966842892,"LAD","Los Angeles Dodgers",2017,2020,34.3,2.5,0,4,35.8,4,4,2,0,0,0,0,0,0,60,43,17,1,1,26,1,1,0,349,2042,523,118,213,0.528,0.261,3.53,349,0,-0.58131835897618,-0.813845702566652,-3.3844564489066,-6.85352893739463,-6.18064232572747,-2.78749259057827,-3.63661930919364,-1.5,-0.5,-0.696310623822791,-2.26625733977787,-0.25,0,-2.26778683805536,-1.89624488947263,-0.447213595499958,-1.37649440322337,0,-0.288675134594813,0,0.43416356364854,0.565685424949238,0.531162247654456,0.769207384259928,8.82752004427963,0.553653697271992,9.56101686423891,-4.01733531720312,142.147170854077,1199.36756404406,927.09634885912,72.4748073550349,167.284488222907,13.5,-0.5,-2.78524249529117,52.1239188148911,-0.25,0,40.8201630849965,49.3023671262884,-0.894427190999916,8.25896641934022,0,-0.288675134594813,0,-0.133288214040102,-0.226274169979695,-0.24433463392105,0.661518350463538,1174.06016588919,-0.218693210422437,1386.34744531464,277.196136887015
"Justin Turner","NH",0.893780641055203,0.935714663446883,"LAD","Los Angeles Dodgers",2014,2014,29.8,0,1,1,29.8,0,0,0,0,0,0,0,0,0,160,94,68,1,1,26,0,0,1,718,5560,1476,134,617,0.525,0.262,3.53,349,0,1.70243233700167,6.97997258170684,8.78347030787664,-12.6104932448061,-11.8668332653967,4.93171766025386,7.74758026741253,3.5,-0.5,-1.21854359168988,-4.23691589610646,-1.5,-0.577350269189626,-3.52766841475279,-4.23008475343894,-1.34164078649987,-0.917662935482247,0,-0.577350269189626,-0.408248290463863,0.480832611206852,0.57134227919873,0.569267365420971,0.802301190326924,10.2877113297996,0.567670246570018,10.7479017163513,-8.26755963830206,957.398263558554,4060.57882482757,3417.64798043426,226.859012371677,759.262866206428,73.5,-0.5,8.52980514182919,182.187383532578,9,-0.577350269189626,98.774715613078,245.344915699459,8.04984471899924,3.67065174192899,0,-1.15470053837925,-0.408248290463863,-0.16348308781033,-0.230822280796287,-0.280648811152539,0.719664167723251,1594.59525611893,-0.229906449860857,1751.90797976527,1173.99346863889
"Kendall Graveman","NH",0.612270350779826,0.554383131874207,"CHW","Chicago White Sox",2022,2024,31.7,3,1,3,31.7,3,0,0,0,0,0,0,0,0,162,81,81,0,0,0,0,0,2,686,5611,1435,149,717,0.503,0.26,3.78,353,0,0,0,-0.079555728417573,0,0,0,0,0,0,0,0,0,0,0,0,0,0,0,0,0,0,0,0,0,0,0,0,0,-0.079555728417573,0,0,0,0,0,0,0,0,0,0,0,0,0,0,0,0,0,0,0,0,0,0,0,0,0
"Kendall Graveman","NH",0.757384310021366,0.753947514328134,"HOU","Houston Astros",2021,2021,30.7,2,1,1,30.7,2,0,0,0,0,0,0,0,0,162,95,67,1,1,28,1,0,0,863,5593,1496,221,658,0.498,0.255,3.81,353,0,0,0,-0.575396455568751,0,0,0,0,0,0,0,0,0,0,0,0,0,0,0,0,0,0,0,0,0,0,0,0,0,-4.02777518898125,0,0,0,0,0,0,0,0,0,0,0,0,0,0,0,0,0,0,0,0,0,0,0,0,0
"Kenley Jansen","NH",0.503376374545745,0.43302968635177,"BOS","Boston Red Sox",2023,2024,36.3,6.5,1,2,36.8,7,1,0,0,0,0,0,0,0,162,81,81,0,0,0,0,0,1,751,5577,1404,194,747,0.518,0.267,3.92,355,0,0,0,-0.0813788458771159,0,0,0,0,0,0,0,0,0,0,0,0,0,0,0,0,0,0,0,0,0,0,0,0,0,-0.0813788458771159,0,0,0,0,0,0,0,0,0,0,0,0,0,0,0,0,0,0,0,0,0,0,0,0,0
"Kenley Jansen","NH",0.470775812115007,0.542758947074889,"LAD","Los Angeles Dodgers",2017,2021,31.55,1.75,0,5,33.8,4,4,1,1,0,0,0,0,0,162,106,56,0,1,50,0,0,0,830,5445,1330,237,561,0.529,0.261,3.53,355,0,0,0,-5.31843156256751,-0.0391630224993979,-0.0412042821715165,0,0,0,0,0,0,0,0,0,-0.0729324957489473,0,0,0,0,0,0,0,0,0,6.63723311599972,0,8.76976029616397,0,351.016483129456,-0.0391630224993979,-0.0412042821715165,0,0,0,0,0,0,0,0,0,-0.0729324957489473,0,0,0,0,0,0,0,0,0,663.723311599972,0,1166.37811938981,0
"Kevin Pillar","NH",0.611697072348851,0.561066422939699,"LAA","Los Angeles Angels",2024,2024,35.6,5,1,1,35.6,5,0,0,0,0,0,0,0,0,162,63,99,0,0,-36,0,0,0,635,5357,1227,165,797,0.495,0.256,4,361,0,-0.136930639376292,-0.0410791918128875,7.93051585718144,-11.9106988964308,-11.2879865959437,-4.02799194402417,-4.94185848825309,-2.26274169979695,-0.447213595499958,-1.26491106406735,-4.12514323662695,2.61861468283191,-1.22474487139159,-2,-5.20107069396642,-1.88982236504614,3.01511344577764,-0.707106781186547,-1,0,0.383266953210121,0.487033551895831,0.524827398722296,0.719663127763376,7.40593181760111,0.492578805655928,7.28868986855663,-6.04799758270317,793.051585718144,3739.95945347928,3205.78819324802,153.063693872918,321.220801736451,36.2038671967512,-0.447213595499958,10.1192885125388,185.631445648213,31.4233761939829,3.67423461417477,32,358.873877883683,18.8982236504614,30.1511344577764,-0.707106781186547,3,0,-0.0877681322851177,-0.141726763601687,-0.197859929318306,0.480015306218172,644.316068131297,-0.146788484085467,619.538638827313,647.135741349239
"Kevin Pillar","NH",0.570102021674505,0.42856362137377,"ATL","Atlanta Braves",2023,2023,34.6,4,1,1,34.6,4,0,0,0,0,0,0,0,0,162,104,58,1,1,46,0,0,0,947,5597,1543,307,716,0.503,0.26,3.67,361,0,0,0,-6.36396103067893,-7.75840884469351,-7.89263834011779,-2.95980010586301,-3.30846579942213,-1.52498570332605,0,-1.42302494707577,-3.13785816221094,-1.33333333333333,-0.5,-0.6,-3.83482494423685,-0.41702882811415,0,0,-1,0,-0.263271722750469,-0.286365733518054,-0.372081711455965,-0.469518902707868,-3.6068003838595,-0.3130963792876,-3.27951013445479,-4.50712762142036,515.480843484993,1598.23222200686,1554.8497530032,85.8342030700272,148.880960973996,15.2498570332605,0,12.8072245236819,100.41146119075,5.33333333333333,-0.5,-3.6,191.741247211843,-0.834057656228299,0,0,3,0,-0.060025952787107,-0.0710187019124775,-0.154785991965681,-0.311760551398024,274.116829173322,-0.0904848536141164,236.124729680745,369.58446495647
"Kevin Pillar","NH",0.645768136015029,0.571790097249437,"LAD","Los Angeles Dodgers",2022,2022,33.6,3,1,1,33.6,3,0,0,0,0,0,0,0,0,162,111,51,1,1,60,0,0,2,847,5526,1418,212,513,0.531,0.261,3.52,361,0,0.08304547985374,-0.016609095970748,-0.322329185610152,-0.509119292492172,-0.494451386058197,-0.107211253483779,-0.0790569415042095,-0.166666666666667,0,0,0,0,0,-0.125988157669742,-0.291729982995789,-0.223606797749979,0,0,0,0,-0.117379725676967,-0.217788888605457,-0.192834989909335,-0.287111128310973,0.663723311599972,-0.210248239470377,1.45063704147073,-0.116444501947916,-1.28931674244061,-6.61855080239824,-5.93341663269837,-0.107211253483779,-0.0790569415042095,-0.166666666666667,0,0,0,0,0,-0.125988157669742,-1.16691993198316,-0.223606797749979,0,0,0,0,-0.00974251723118825,-0.0335394888452403,-0.0322034433148589,-0.0921626721878223,6.63723311599972,-0.0315372359205565,31.9140149123561,-0.232889003895833
"Kevin Pillar","NH",0.572337204549283,0.533495038307544,"NYM","New York Mets",2021,2022,32.6,1,1,2,32.6,1,0,0,0,0,0,0,0,0,162,77,85,0,0,-8,0,0,0,636,5210,1243,176,668,0.48,0.25,3.8,361,0,-0.175411603861406,-0.0701646415445623,9.89627736739851,13.2873167315208,13.4948904762327,-4.04061017820884,-6.12372435695795,-1.91485421551268,-0.755928946018454,-2.73861278752583,5.50093391821814,-0.816496580927726,-1.06066017177982,-1.15311332039411,6.59168651604639,-1.14707866935281,-1.88982236504614,0,-0.353553390593274,0,-0.231,-0.277,-0.415,-0.489317892581091,-4.08311231383621,-0.328005059783541,-4.11436507859961,8.29298407725834,1227.13839355742,4610.69890583773,4385.83940477564,161.624407128354,459.279326771846,21.0633963706394,1.51185789203691,41.0791918128875,258.543894156252,3.2659863237109,3.18198051533946,12.6842465243352,533.926607799758,5.73539334676404,18.8982236504614,0,-0.353553390593274,0,-0.053361,-0.076729,-0.172225,-0.338607981666115,355.23077130375,-0.102009573592681,378.521587231164,1119.55285042988
"Kevin Pillar","NH",0.586196041927689,0.479831806829327,"BOS","Boston Red Sox",2020,2020,31.6,0,1,1,31.6,0,0,0,0,0,0,0,0,0,60,24,36,0,0,-12,0,0,0,292,2083,552,81,351,0.518,0.267,3.91,361,0,-0.347700334178815,-0.312930300760934,-4.39445767736426,-8.7000586082457,-8.67419962477431,-3.2271371855585,-4.37594974493684,-1.73205080756888,-1.06066017177982,-0.914991421995628,-2.28035085019828,-1.09108945117996,1.15470053837925,-1.45344418537486,-2.99821693892124,-0.852802865422442,-0.471404520791032,0,0,-0.192450089729875,0.47030203061437,0.47517575695736,0.582527795689096,0.785911346167567,8.05903076545888,0.527644853011086,7.92281198317052,-5.07375765678422,237.30071457767,1940.11306963879,1804.23352195306,109.722664308989,262.55698469621,20.7846096908265,3.18198051533946,5.48994853197377,59.2891221051552,5.45544725589981,2.3094010767585,18.8947744098732,122.926894495771,3.41121146168977,-0.942809041582063,0,0,-0.192450089729875,-0.135446984816939,-0.159659054337673,-0.269127841608362,0.627157254241719,854.257261138641,-0.18467569855388,839.818070216075,487.080735051285
"Koji Uehara","NH",0.505871987091374,0.41130521407347,"BOS","Boston Red Sox",2016,2017,41.3,1,0,2,41.3,1,0,0,0,0,0,0,0,0,162,93,69,1,1,24,0,0,0,878,5670,1598,208,694,0.517,0.267,3.9,366,0,0,0,-0.244136537631348,0,0,0,0,0,0,0,0,0,0,0,0,0,0,0,0,0,0,0,0,0,0,0,0,0,-0.732409612894043,0,0,0,0,0,0,0,0,0,0,0,0,0,0,0,0,0,0,0,0,0,0,0,0,0
"Koji Uehara","NH",0.721979501903108,0.725026691484714,"BOS","Boston Red Sox",2013,2013,38.3,0,1,1,38.3,0,3,1,1,0,0,1,1,0,162,97,65,1,1,32,0,0,0,861,5669,1573,178,657,0.517,0.267,3.9,366,0,0,0,-0.244136537631348,0,0,0,0,0,0,0,0,0,0,0,0,0,0,0,0,0,0,0,0,0,0,0,0,0,-0.732409612894043,0,0,0,0,0,0,0,0,0,0,0,0,0,0,0,0,0,0,0,0,0,0,0,0,0
"Kurt Suzuki","NE",0.609985027484446,0.555612631268274,"LAA","Los Angeles Angels",2021,2021,37.8,13.112,1,1,37.8,13.112,0,0,0,0,0,0,0,0,162,77,85,0,0,-8,0,0,0,723,5437,1331,190,804,0.499,0.257,3.99,370,0,0.182574185835055,-0.0730296743340222,-5.70997141717064,-9.36924403636439,-8.70446853701295,-1.80199639601081,-3.72540101422156,-1.13137084989848,0,-0.948683298050514,-1.46671759524514,0,0,-1.5,-3.3166247903554,-1.3228756555323,3.3166247903554,1.41421356237309,-1,0,0.374898679122564,0.492054516348365,0.476103369663197,0.686215516128197,6.21417267453887,0.467784570471905,6.00245047998781,-4.23925064208166,411.117942036286,2314.203276982,1906.27860960584,30.6339387321838,182.544649696856,9.05096679918781,0,5.69209978830308,23.4674815239222,0,0,18,145.931490775638,9.26012958872607,36.4828726939094,2.82842712474619,3,0,-0.0839773041234543,-0.144664027806419,-0.162827352424813,-0.436433068257533,453.634605241337,-0.132383033443549,420.171533599147,317.943798156125
"Kurt Suzuki","NE",0.605950021136977,0.542758947074889,"ATL","Atlanta Braves",2017,2017,33.8,9.112,1,1,33.8,9.112,0,0,0,0,0,0,0,0,163,72,90,0,0,-18,0,0,0,732,5584,1467,165,821,0.5,0.26,3.66,370,0,1.17280505546029,3.16657364974278,-6.36396103067893,-11.6376132670403,-11.0577065069671,-3.8783587594067,-5.7346740523317,-1.98248141432386,0,-3.00416377715996,-4.9029033784546,0,0,-1.7,-2.99116345650474,-1.04257207028537,2.90688837074973,-0.333333333333333,-0.666666666666667,-0.603022689155527,-0.326780252361328,-0.405299888971117,-0.479412974375955,-0.627203714912468,-6.07461117281599,-0.405183549666306,-5.78469148716332,-8.13481570695383,515.480843484993,3596.02249951544,3051.92699592291,147.377632857455,447.304576081873,25.7722583862102,0,57.0791117660392,245.14516892273,0,0,28.9,116.655374803685,5.21286035142687,37.7895488197464,-0.333333333333333,-1.33333333333333,-1.20604537831105,-0.0924788114182559,-0.142260261028862,-0.256965354265512,-0.556329695127359,777.550230120447,-0.151538647575198,734.655818869741,1203.95272462917
"Kurt Suzuki","NE",0.588122305544439,0.485968001439888,"MIN","Minnesota Twins",2014,2014,30.8,6.112,1,1,30.8,6.112,1,0,0,0,0,0,0,0,162,70,92,0,0,-22,0,0,0,715,5567,1412,128,777,0.48,0.263,3.97,370,0,1.12936783118398,2.93635636107835,10.6961052101532,20.6383399875348,19.7835025508649,-4.11111111111111,10.5443923734996,5.8309518948453,0,-0.468521285665818,5.8697277367612,0,-0.447213595499958,-3.95241971728986,-3.86023424816477,-1.6431676725155,2.32379000772445,-0.577350269189626,2.47487373415292,0,-0.352638374384377,0.422431385981284,0.460411037768885,0.629679183369192,6.37829576192326,0.4380829449621,6.28618557093712,10.1589097976044,1401.18978253007,10381.08501373,8942.14315299092,152.111111111111,1370.77100855494,198.25236442474,0,-1.40556385699745,358.053391942433,0,-0.447213595499958,134.382270387855,177.570775415579,14.7885090526395,20.91411006952,-0.577350269189626,17.3241161390704,0,-0.1015598518227,-0.145738828163543,-0.176337427465483,-0.457776766309402,669.721055001943,-0.144129288892531,660.049484948398,1757.49139498556
"Latroy Hawkins","NH",0.626509351131136,0.608251566470221,"NYM","New York Mets",2013,2013,40.6,1,1,1,40.6,1,0,0,0,0,0,0,0,0,162,74,88,0,0,-14,0,0,0,619,5559,1318,130,684,0.478,0.251,3.77,377,0,0,0,-5.50679950282659,0,0,0,0,0,0,0,0,0,0,0,0,0,0,0,0,0,0,0,0,0,0,0,0,0,379.969165695035,0,0,0,0,0,0,0,0,0,0,0,0,0,0,0,0,0,0,0,0,0,0,0,0,0
"Latroy Hawkins","NH",0.575849072886379,0.44687109723858,"LAA","Los Angeles Angels",2012,2012,39.6,0,1,1,39.6,0,0,0,0,0,0,0,0,0,162,89,73,0,0,16,0,0,0,767,5536,1518,187,699,0.499,0.258,3.94,377,0,0,0,-0.317220634287258,0,0,0,0,0,0,0,0,0,0,0,0,0,0,0,0,0,0,0,0,0,0,0,0,0,-1.26888253714903,0,0,0,0,0,0,0,0,0,0,0,0,0,0,0,0,0,0,0,0,0,0,0,0,0
"Luke Maile","NH",0.63938839870477,0.649278319830082,"CIN","Cincinnati Reds",2023,2023,32.5,2,1,1,32.5,2,0,0,0,0,0,0,0,0,162,82,80,0,0,2,0,0,1,783,5499,1371,198,821,0.504,0.261,3.77,388,0,-0.454369467397652,-0.363495573918121,6.12428357565752,-8.2276373944175,-7.76793835518916,-1.74416319854476,-3.27964899966073,-1.62221421130763,0,-1.02899151085505,-2.5,-0.816496580927726,-0.408248290463863,-2.16024689946929,-4.45454545454545,-1.94028500029066,-1,-0.377964473009227,0,0,-0.332340187157677,0.435577777210913,0.51208550154436,0.699,6.35319828839145,0.475445648966749,6.58825684116278,-4.00163365332521,453.196984598657,1637.29984148908,1390.46096557886,29.650774375261,137.745257985751,16.2221421130763,0,6.17394906513032,62.5,1.63299316185545,-0.408248290463863,30.24345659257,218.272727272727,15.5222800023253,5,-0.377964473009227,0,0,-0.0780999439820542,-0.134157955380961,-0.200225431103845,-0.488601,540.021854513274,-0.15214260766936,606.119629386976,280.114355732764
"Luke Maile","NH",0.611513000476915,0.560480054169244,"CLE","Cleveland Guardians",2022,2022,31.5,1,1,1,31.5,1,0,0,0,0,0,0,0,0,162,92,70,1,1,22,0,0,1,698,5558,1410,127,634,0.512,0.265,3.83,388,0,-0.32288592281011,-0.226020145967077,-6.04623535973555,-7.86511654770849,-7.56138347591286,-1.81157891956663,-3.1524416249564,-1.82574185835055,0,-0.486664263392288,-1.64345203137763,0,0,-1.82827585243381,-3.87697405653579,-1.4142135623731,-1.06066017177982,0,-1.13389341902768,0,0.39190311342788,0.477717600464386,0.442402614893747,0.656913750109044,6.67306536192351,0.464190997804512,6.88551061361875,-3.43511280746353,459.513887339902,1620.21400882795,1368.61040914023,34.4199994717659,126.097664998256,18.2574185835055,0,-1.45999279017686,27.9386845334197,0,0,34.7372411962425,209.356599052932,8.48528137423857,3.18198051533946,0,3.40168025708304,0,-0.0866105880675614,-0.14379299773978,-0.144223252455362,-0.41188492131837,547.191359677728,-0.135079580361113,592.153912771212,202.671655640348
"Mark Reynolds","NH",0.596708813186108,0.513320686428684,"COL","Colorado Rockies",2017,2017,34,4,0,1,34,4,0,0,0,0,0,0,0,0,162,87,75,0,1,12,0,0,0,824,5534,1510,192,757,0.469,0.275,4.98,404,0,0.379628301182648,-0.265739810827854,11.700427342623,23.8346823768739,22.0727707188565,9.05538513813742,10.9208713983256,3.71867872080547,-0.353553390593274,5.47722557505166,9.84885780179611,-0.447213595499958,-0.408248290463863,8.30662386291807,13.228756555323,2.910427500436,-0.277350098112615,0,-1,0,-0.267,-0.352,-0.487,-0.593262589415513,-5.03789467685854,-0.386012385468733,-4.8686685805682,15.7206550798304,1731.6632467082,14133.9666494862,11477.8407738054,742.541581327268,1518.00112436725,81.8109318577204,-0.353553390593274,164.31676725155,955.339206774222,-0.894427190999916,-0.408248290463863,573.157046541347,2315.03239718152,34.9251300052319,-0.277350098112615,0,3,0,-0.071289,-0.123904,-0.237169,-0.497747312519616,518.90315171643,-0.141280533081556,520.947538120798,3977.32573519708
"Mark Reynolds","NH",0.59000804205807,0.491975095241203,"COL","Colorado Rockies",2016,2016,33,3,1,1,33,3,0,0,0,0,0,0,0,0,162,75,87,0,0,-12,0,0,0,845,5614,1544,204,860,0.466,0.275,4.99,404,0,0.759256602365297,1.06295924331142,9.32871909749672,17.725286556832,16.6819209471357,6.73632309056564,8.72098363463409,4.05674042269688,0,-2.55603860169078,5.38133467520818,-0.223606797749979,-0.816496580927726,5.05620582960231,8.46640419540669,-1.455213750218,-1.10940039245046,0,-0.666666666666667,-0.408248290463863,-0.282,-0.356,-0.45,-0.569928065636357,-4.94007147924964,-0.379684313575803,-4.82316700504887,10.9982448582212,1100.78885350461,7816.85137156291,6555.99493222435,410.915708524504,968.029183444384,97.3617701447251,0,35.7845404236709,285.210737786034,-0.223606797749979,1.63299316185545,212.360644843297,948.237269885549,8.73128250130799,4.43760156980183,0,-1.33333333333333,-0.408248290463863,-0.079524,-0.126736,-0.2025,-0.459362020902904,498.947219404213,-0.136686352887289,511.255702535181,1946.68933990516
"Mark Reynolds","NH",0.614101301532984,0.568725197177007,"STL","St Louis Cardinals",2015,2015,32,2,1,1,32,2,0,0,0,0,0,0,0,0,162,100,62,1,1,38,0,0,1,647,5484,1386,137,525,0.52,0.267,3.67,404,0,0.202547873416733,-0.0810191493666933,11.3930384227962,17.3635460148558,16.2296248268917,-3.84174909963916,6.87164552309867,3.83405790253616,-0.666666666666667,-2.29809703885628,-4.87366159264137,-0.554700196225229,-1.22474487139159,5.11489610472805,10.1540944353899,2.77350098112615,-1.26491106406735,0,-0.816496580927726,-0.516397779494322,0.422748407703939,0.522826077618568,0.536663090520741,0.75366441860149,7.56823266657178,0.502833529551837,7.19522354274455,9.21635375138065,1595.02537919147,7501.05187841772,6199.71668387264,134.461218487371,604.704806032683,80.5152159532594,-1.33333333333333,29.8752615051316,233.935756446786,-1.10940039245046,3.67423461417477,225.055428608034,1228.64542668218,27.7350098112615,5.05964425626941,0,1.63299316185545,-1.03279555898864,-0.0972321337719061,-0.164690214449849,-0.213591910027255,0.537362730462862,703.845637991176,-0.156884061220173,640.374895304265,1400.88577020986
"Mark Reynolds","NH",0.605950021136977,0.542758947074889,"MIL","Milwaukee Brewers",2014,2014,31,1,1,1,31,1,0,0,0,0,0,0,0,0,162,82,80,0,0,2,0,0,0,650,5462,1366,150,657,0.478,0.259,4.19,404,0,-0.110096376512636,-0.0220192753025272,10.2774023955472,17.0625902950765,16.1326468715449,5.12812042054582,6.41661377447849,-1.59099025766973,0,3.43582276154933,-4.64139560816457,-1.21267812518166,-0.408248290463863,-4.50178354053941,8.50014277435774,-1.88561808316413,-0.801783725737273,-0.288675134594813,-1.26491106406735,1.34164078649987,0.375812844535211,-0.287,0.548493355693859,0.739518743304126,7.97527692414544,-0.377306393767212,4.60824532039863,9.00141919061964,1336.06231142114,7388.10159776814,6098.14051744397,241.021659765654,474.829419311408,14.3189123190276,0,75.5881007540853,208.862802367406,6.06339062590832,-0.408248290463863,211.583826405352,1037.01741847164,15.084944665313,2.40535117721182,-0.288675134594813,5.05964425626941,4.02492235949962,-0.0736593175289014,-0.082369,-0.21610638214338,0.50361226419011,693.849092400653,-0.118851514036672,410.133833515478,1341.21145940233
"Mark Reynolds","NH",0.56338085188069,0.407153049369587,"CLE","Cleveland Guardians",2013,2013,30,0,1,1,30,0,0,0,0,0,0,0,0,0,162,92,70,0,1,22,0,0,0,743,5466,1381,171,685,0.509,0.266,3.84,404,0,0.138379681204333,-0.0415139043612998,10.7400233363724,19.2428094176946,18.5901416949239,-5.24404424085076,7.72348198114319,-2.55603860169078,0,3.40664984374601,6.47713447660595,-0.457495710997814,-0.288675134594813,-4.90747728811182,11.0565556427132,-2.12132034355964,1.76776695296637,0,-1.13389341902768,-0.288675134594813,0.39012979617255,0.485653108777748,0.533325851697063,0.7323488218919,7.73099035832601,0.497689317233703,7.5260232288391,10.1888939204427,1449.90315041027,9698.37594651806,8272.61305424113,288.422433246792,756.901234152032,35.7845404236709,0,71.5396467186663,433.968009932598,-1.37248713299344,-0.288675134594813,250.281341693703,1702.70956897783,19.0918830920368,8.83883476483184,0,3.40168025708304,-0.288675134594813,-0.085828555157961,-0.148609851285991,-0.209597059716946,0.511911826502438,734.444084040971,-0.155279066976915,707.446183510875,1783.05643607747
"Marlon Byrd","NE",0.482594041172023,0.303261983528681,"PHI","Philadelphia Phillies",2014,2015,36.9,1.11,1,2,36.9,1.11,0,0,0,0,0,0,0,0,159,73,89,0,0,-16,0,0,0,619,5603,1356,125,687,0.473,0.261,3.96,405,0,1.53863293359652,5.07748868086851,12.0993827003031,23.6739185579722,23.6211106641831,6.73902176984274,11.964653826019,4.60317164455,-1,-3.3407655239053,7.39830037811716,-0.904534033733291,1.15470053837925,-3.11804782231162,12.6168952802038,-1.455213750218,2.41209075662211,0,-1.06066017177982,2.64575131106459,0.471880203566087,0.441234631460406,0.593069805301976,0.757,8.21618413974406,0.511180611895178,8.32489443796826,14.2631776015766,1863.30493584668,15080.2861214283,13960.0764025322,478.470545658835,1866.48599685896,128.8888060474,2,83.5191380976326,628.855532139958,2.71360210119987,2.3094010767585,109.131673780907,2334.1256268377,8.73128250130799,19.2967260529769,0,3.18198051533946,18.5202591774521,-0.124576373741447,-0.137665205015647,-0.263916063359379,0.573049,895.564071232102,-0.174312588656256,932.388177052445,3751.21570921466
"Marlon Byrd","NE",0.736022321933377,0.803651036049592,"NYM","New York Mets",2013,2013,35.9,0.11,1,1,35.9,0.11,0,0,0,0,0,0,0,0,162,74,88,0,0,-14,0,0,0,619,5559,1318,130,684,0.478,0.251,3.77,405,0,2.10493924633687,10.103708382417,11.731877201674,22.1710558719036,22.0900976410948,7.57614408414158,12.6556970043798,6.09271795844942,1.88982236504614,4.38178046004133,10.2996209532595,-0.408248290463863,-1.41421356237309,-3.24968299383795,11.7185538063047,2.52357307257618,-1.51185789203691,-0.377964473009227,2.47487373415292,-0.755928946018454,-0.291,-0.336,0.511,-0.598919443665006,-6.47666091160226,-0.392340457361663,-6.3951544156494,16.7088271778835,1724.58594864608,12837.0413498322,11751.9319450624,568.210806310619,1961.63303567886,213.24512854573,9.44911182523068,105.162731040992,906.366643886835,-0.816496580927726,5.65685424949238,100.740172808976,1687.47174810788,27.759303798338,12.0948631362953,-0.377964473009227,17.3241161390704,1.51185789203691,-0.084681,-0.112896,-0.261121,-0.50728476878426,893.779205801112,-0.145950650138539,914.507081437864,4544.8009923843
"Martin Maldonado","NH",0.648408107601876,0.559305749961701,"CHW","Chicago White Sox",2024,2024,38,7,1,1,38,7,0,0,0,0,0,0,0,0,162,41,121,0,0,-80,0,0,0,507,5383,1187,133,813,0.5,0.26,3.8,406,0,0.675837818383047,0.878589163897961,-3.8186749640435,-5.62479867868135,-5.38280250409507,-1.07570574840095,-1.20948631362953,-0.462910049886276,0,-0.834057656228299,-1.18616050523782,0,0,-0.857690027870236,-4.35722405435548,-1.17851130197758,-0.267261241912424,1.34164078649987,0,0,-0.119,-0.174,-0.162634559672906,-0.232672158483419,-0.530287813354999,-0.16210296808749,-0.14684461964287,-1.89010335863405,183.296398274088,826.845405766158,726.678338052835,9.68135173560859,19.3517810180724,-1.38873014965883,0,3.3362306249132,13.047765557616,0,0,6.86152022296189,222.21842677213,5.8925565098879,-0.267261241912424,4.02492235949962,0,0,-0.014161,-0.030276,-0.0374059487247684,-0.0937668798688179,-7.42402938696999,-0.0291785342557482,-0.587378478571482,58.5932041176554
"Martin Maldonado","NH",0.560485424027925,0.519439922737329,"HOU","Houston Astros",2022,2023,36,3,0,2,36,3,0,0,0,0,0,0,0,0,162,106,56,1,1,50,1,1,0,737,5409,1341,214,518,0.501,0.255,3.8,406,0,-0.18070158058105,-0.0722806322324201,9.28854278275269,15.0165267406687,14.3457916871267,-4.26401432711221,-4.78358459361239,-1.89736659610103,0,3,-4.74341649025257,0,0,-3.08061618486162,9.34754638269441,-1.30930734141595,1.9414506867883,-1.15470053837925,-0.816496580927726,0,-0.263043722601396,-0.350724963468528,0.496316451350059,0.6,5.18874521662771,0.400401584127022,4.7979696560642,-7.11764705882353,1049.60533445105,5691.26363471344,4934.9523403716,170.560573084488,306.149413991193,22.7683991532123,0,45,213.453742061366,0,0,67.7735560669557,1084.31538039255,7.85584404849573,13.5901548075181,4.61880215351701,1.63299316185545,0,-0.0489261324038596,-0.0869797909401948,-0.174703390875221,-0.36,363.21216516394,-0.107307624546042,321.463966956301,861.235294117647
"Martin Maldonado","NH",0.627393158830565,0.59106001573806,"HOU","Houston Astros",2020,2021,34.5,1.5,0,2,35,2,0,0,0,0,0,0,0,0,162,95,67,1,1,28,1,0,0,863,5593,1496,221,658,0.498,0.255,3.81,406,0,0,0,10.2749367065848,16.878734542282,15.5551752886578,-4.26401432711221,-4.78358459361239,-1.58113883008419,-0.577350269189626,-2.4,-3.79473319220206,0,0,6.58131639493165,10.2339516431223,-1.96396101212393,-1.38675049056307,0,-0.408248290463863,-0.447213595499958,-0.243244732728172,0.384666088965482,0.422996975582437,0.573,4.29924603663439,0.397413512603686,4.36830073164054,-6.58823529411765,1284.3670883231,7190.34091501212,5802.08038266935,170.560573084488,306.149413991193,15.8113883008419,-0.577350269189626,28.8,136.610394919274,0,0,309.321870561787,1299.71185867654,17.6756491091154,6.93375245281536,0,-0.408248290463863,-0.447213595499958,-0.0418380940292456,-0.104629176198611,-0.126899092674731,-0.328329,249.356270124794,-0.10571199435258,266.466344630073,737.882352941176
"Marwin Gonzalez","NH",0.581283483408105,0.4641826428988,"BOS","Boston Red Sox",2021,2021,32.4,2,1,1,32.4,2,0,0,0,0,0,0,0,0,162,92,70,0,1,22,0,0,0,829,5495,1434,219,749,0.519,0.267,3.91,407,0,0.309066963714502,-0.247253570971602,7.40547497481755,-11.9772107297374,-11.5099956559505,-2.8474739872575,-4.0112872661921,-2.02072594216369,0,-0.762492851663023,-2.45576245405968,-0.654653670707977,1.15470053837925,-2.23606797749979,-5.70392490819162,-1.70560573084488,-2.12132034355964,-0.316227766016838,-0.333333333333333,0,0.324965639209235,0.388908729652601,-0.383308333094124,0.57022890906143,4.25760115911035,0.391964747951093,3.88666248231007,-4.4395379496862,673.898222708397,3677.00369402937,3176.75880104235,85.4242196177249,220.620799640566,28.2901631902917,0,3.81246425831512,68.7613487136711,-1.96396101212393,2.3094010767585,44.7213595499958,444.906142838946,13.6448458467591,19.0918830920368,-0.316227766016838,-0.333333333333333,0,-0.0646681622026378,-0.106949900654465,-0.116525733260614,-0.330162538346568,238.42566491018,-0.101910834467284,202.106449080123,372.92118777364
"Marwin Gonzalez","NH",0.488740257504274,0.345191351741195,"MIN","Minnesota Twins",2019,2020,30.9,0.5,1,2,31.4,1,0,0,0,0,0,0,0,0,60,36,24,1,1,12,0,0,0,269,1937,468,91,215,0.481,0.263,3.99,407,0,-0.0868744485526139,-0.0173748897105228,-4.32743187891695,-8.16506890162907,-7.65954191681715,-1.66666666666667,-3.00109629091911,-0.685994340570035,0,-0.78086880944303,-2.11695098702863,0,0,-1.97620985864493,-3.44064356901643,-0.182574185835055,-0.774596669241483,0,-1.41421356237309,0,-0.258356586788554,-0.350189496784485,-0.384677629467476,-0.524877008420537,-4.19145150069243,-0.364847194284546,4.01118507859797,-3.28843322928234,229.353889582598,1624.84871142419,1340.419835443,25,111.040562764007,-2.74397736228014,0,3.90434404721515,46.5729217146298,0,0,33.5955675969638,141.066386329673,-0.182574185835055,2.32379000772445,0,5.65685424949238,0,-0.0545132398123848,-0.100154196080363,-0.123096841429592,-0.318075467102845,289.210153547778,-0.0999681312339655,268.749400266064,184.152260839811
"Matt Albers","NH",0.616649695080378,0.566860162727125,"MIL","Milwaukee Brewers",2018,2019,35.6,4,1,2,35.6,4,0,0,0,0,0,0,0,0,163,96,67,1,1,29,0,0,1,754,5542,1398,218,659,0.48,0.258,4.17,409,0,0,0,-2.45076518663049,0,0,0,0,0,0,0,0,0,0,0,0,0,0,0,0,0,0,0,0,0,0,0,0,0,75.9737207855453,0,0,0,0,0,0,0,0,0,0,0,0,0,0,0,0,0,0,0,0,0,0,0,0,0
"Matt Albers","NH",0.63621615003208,0.553386936108662,"CHW","Chicago White Sox",2016,2016,33.6,2,0,1,33.6,2,0,0,0,0,0,0,0,0,162,78,84,0,0,-6,0,0,1,686,5550,1428,168,715,0.504,0.261,3.75,409,0,-0.0519875244910036,-0.00519875244910036,-0.318222913670292,-0.038263936589669,-0.039872611141445,-0.119522860933439,-0.0755928946018454,-0.154303349962092,0,0,0,0,0,0,0,0,0,0,0,0,1,1,1.41421356237309,1.73205080756888,26.4007575648882,1.1104053313993,27.2396769437525,-0.121942152169938,-1.27289165468117,-0.038263936589669,-0.039872611141445,-0.119522860933439,-0.0755928946018454,-0.154303349962092,0,0,0,0,0,0,0,0,0,0,0,0,1,1,2.82842712474619,5.19615242270663,18401.3280227271,1.36912977361534,20211.8402922643,-0.243884304339877
"Matt Duffy","NH",0.597288221627367,0.515166416641128,"LAA","Los Angeles Angels",2022,2022,31.6,1,1,1,31.6,1,0,0,0,0,0,0,0,0,162,73,89,0,0,-16,0,0,0,623,5423,1265,190,668,0.498,0.257,3.98,414,0,0.182574185835055,-0.0730296743340222,-6.10649721002971,-9.36924403636439,-9.06218642209567,-1.4839970320089,-4.33362975123732,-1.13137084989848,0,-0.316227766016838,-1.46671759524514,0,0,-2.125,-3.76889180722205,-1.13389341902768,-0.603022689155527,0,0,0,0.418413704377862,0.515485683793525,0.432947801067995,0.66787327748955,6.55467528684236,0.461172774422832,6.25969835770157,-4.01315727450397,470.200285172288,2314.203276982,2066.17850423781,20.7759584481247,247.016895820527,9.05096679918781,0,-0.632455532033676,23.4674815239222,0,0,36.125,188.444590361102,6.80336051416609,-1.20604537831105,0,0,0,-0.104603426094465,-0.158769590608406,-0.134646766132147,-0.413413558766031,504.709997086862,-0.12866720406397,456.957980112215,284.934166489782
"Matt Duffy","NH",0.615191229087846,0.572197207721093,"CHC","Chicago Cubs",2021,2021,30.6,0,1,1,30.6,0,0,0,0,0,0,0,0,0,162,71,91,0,0,-20,0,0,0,705,5306,1255,210,839,0.513,0.262,3.69,414,0,-0.775940289798985,1.31909849265828,8.00042515877053,13.2341184780813,12.5533578158527,-4.61690258438319,6.71015229267188,-2.12132034355964,0,-0.98058067569092,-3.04603849540086,-1.78885438199983,-0.408248290463863,-2.81271975231506,5.65756701384341,4,2.02072594216369,0,-0.288675134594813,0,0.497347317630601,0.504874241767195,0.525829956218874,0.786264029269457,8.56670818976771,0.491773326019316,8.84259517119845,-6.79582269536737,776.041240400741,4261.38614994217,3627.92040878143,207.760616297244,556.942640291766,25.4558441227157,0,4.9029033784546,91.3811548620257,14.3108350559987,-0.408248290463863,70.3179938078765,356.426721872135,64,14.1450815951458,0,-0.288675134594813,0,-0.142738680159983,-0.180240104310889,-0.200341213319391,0.580262853600859,865.237527166538,-0.167202930846567,928.472492975837,747.540496490411
"Matt Joyce","NH",0.605950021136977,0.542758947074889,"MIA","Miami Marlins",2020,2020,36,10.123,1,1,36,10.123,0,0,0,0,0,0,0,0,60,31,29,0,1,2,0,0,0,263,1935,472,60,304,0.463,0.257,4.31,417,0,0.23094010767585,-0.0923760430703401,-3.63661930919364,-5.53101968636433,-5.0122901910705,-1.72532437125501,-2.35907129847835,-0.657595949221429,0,-0.333333333333333,-1.61658075373095,-0.158113883008419,0,-2.46182981958665,-3.42859224102907,-0.670820393249937,0,0,-0.408248290463863,0,0.384744034428049,0.535893476524783,0.462586562845269,0.73670558740953,7.3008778171812,0.522703980634901,8.24786098842323,-2.51899260439708,167.284488222907,818.59091358192,636.560854265954,27.6051899400802,75.4902815513073,-2.63038379688572,0,-0.666666666666667,22.6321305522333,-0.158113883008419,0,49.2365963917331,140.572281882192,-2.01246117974981,0,0,-0.408248290463863,0,-0.0969554966758684,-0.188098610260199,-0.153116152301784,0.502433210613299,635.176370094764,-0.173015017590152,824.786098842323,105.797689384677
"Matt Joyce","NH",0.519934722012714,0.395994832347773,"OAK","Oakland Athletics",2017,2018,33.5,7.623,1,2,34,8.123,0,0,0,0,0,0,0,0,162,97,65,0,1,32,0,0,0,813,5579,1407,227,674,0.488,0.259,3.98,417,0,0.108465228909328,-0.0216930457818656,6.71015229267188,-9.68624054078534,-8.69318287921223,-3.66631428891691,-3.43177360321078,-1.28571428571429,0,-1.4,-1.80578779628654,0,-1,-4.09644015186457,-4.98582060243307,-0.588348405414552,-0.353553390593274,1,-0.755928946018454,-1,-0.294156420973604,0.455376767084137,0.499217387517703,0.675,6.6521747249624,0.460999819233515,6.74578520096275,-4.58042737750856,556.942640291766,2382.81517303319,1799.48885599693,124.654685823175,147.566264938063,11.5714285714286,0,9.8,27.0868169442981,0,2,143.37540531526,264.248491928952,-1.76504521624366,-0.353553390593274,1,1.51185789203691,2,-0.0611845355625096,-0.146631319001092,-0.176223737793749,-0.455625,585.391375796691,-0.139682945227755,607.120668086648,334.371198558125
"Matt Joyce","NH",0.701206528212109,0.718961322448208,"PIT","Pittsburgh Pirates",2016,2016,32,6.123,1,1,32,6.123,0,0,0,0,0,0,0,0,162,78,83,0,0,-5,0,0,0,729,5542,1426,153,758,0.504,0.265,3.71,417,0,-0.712051644095882,1.210487794963,11.102722200054,-11.7671631684216,-9.85883975483299,-4.64139560816457,-4.63459297617326,-1.64398987305357,-0.408248290463863,-2.13718683496964,-3.89960210171809,-0.288675134594813,-0.447213595499958,6.72367401111864,-5.62251510058782,2.25,-0.774596669241483,0,0,-1.10940039245046,-0.242,-0.403,-0.463,-0.61235447250755,-6.33620276173261,0.447508034408562,7.03526470681448,-6.17764788032899,1554.38110800756,3447.77880834753,2277.39198336642,208.862802367406,259.537206665703,16.4398987305357,-0.408248290463863,27.7834288546054,163.78328827216,-0.288675134594813,-0.447213595499958,396.696766656,376.708511739384,20.25,2.32379000772445,0,0,4.43760156980183,-0.058564,-0.162409,-0.214369,-0.530298973191538,836.378764548705,-0.172738101281705,984.937058954028,661.008323195202
"Matt Wieters","NH",0.613740719819877,0.567576548806456,"STL","St Louis Cardinals",2019,2019,33.2,9.129,1,1,33.2,9.129,0,0,0,0,0,0,0,0,162,91,71,1,1,20,0,0,1,764,5449,1336,210,662,0.52,0.266,3.67,422,0,-0.253184841770917,-0.126592420885458,-5.45238267376677,-7.35539102018199,-7.13763604952307,-1.64646389984536,-2.81112771399491,-0.730296743340221,0,-1.94454364826301,-2.74143464586077,-0.277350098112615,-0.408248290463863,-1.39497166492583,-3.94415238399444,-0.832050294337844,-0.316227766016838,0,-0.816496580927726,0,0.393339822820187,0.444817107307226,0.586553880343021,0.742037057304693,6.67306536192351,0.478658840631076,6.30592625094466,-4.42627515691308,365.309639142373,1346.0365566933,1199.12285631988,24.6969584976803,101.200597703817,2.92118697336089,0,21.3899801308931,74.0187354382408,-0.277350098112615,-0.408248290463863,16.73965997911,185.375162047739,2.49615088301353,-0.316227766016838,0,1.63299316185545,0,-0.08417472208352,-0.119210984758337,-0.255150937949214,0.520910014227894,547.191359677728,-0.14216167566743,491.862247573683,323.118086454655
"Matt Wieters","NH",0.492866448253623,0.182526420002365,"BAL","Baltimore Orioles",2016,2016,30.2,6.129,0,1,30.2,6.129,1,0,0,0,0,0,0,0,162,89,73,0,1,16,0,0,0,744,5524,1413,253,715,0.477,0.259,4,422,0,0.942809041582063,1.88561808316413,9.83383966290499,17.8198126453076,17.0848090849207,5.14614016722141,7.99435041477523,3.00520382004283,-0.5,-2.68793601114312,6.35085296108588,-0.182574185835055,0,4.31487911976475,7.18381116519239,2.42535625036333,2.23606797749979,-0.5,1.34164078649987,-0.353553390593274,-0.343653895656662,0.389880323518213,0.548511720853501,0.677911900953616,6.2620181480996,0.446300166237744,5.62211377199947,9.6409130775536,1219.39611820022,8268.39306742272,7226.87424292146,247.014728026628,823.418092721848,51.0884649407281,-0.5,45.6949121894331,419.156295431668,-0.182574185835055,0,138.076131832472,610.623949041353,24.2535625036333,11.1803398874989,-0.5,4.02492235949962,-0.353553390593274,-0.0835078966445689,-0.1177438577025,-0.224341293829082,-0.481995361578021,557.319615180864,-0.140138252198652,494.746011935953,1667.87796241677
"Melky Cabrera","NH",0.388696881615014,0.209469320278164,"CHW","Chicago White Sox",2015,2017,32,3,1,3,33,4,0,0,0,0,0,0,0,0,162,67,95,0,0,-28,0,0,1,706,5513,1412,186,820,0.503,0.26,3.76,423,0,0,0,12.4106936331414,25.4837817687196,24.7210189076959,9.32278315280827,13.3799423445266,4.62910049886276,-0.894427190999916,3.54474503897027,9.16578572229226,-0.288675134594813,-1,-3.85960512541606,6.32224666710403,4.4783429475148,-0.534522483824849,-0.894427190999916,1.89736659610103,-0.707106781186547,-0.285,-0.324,-0.29910616844191,-0.430703300815461,-3.74989239443892,-0.297188774827065,-3.7445378008932,15.9744219342619,1936.06820677006,16972.1986579672,15327.0317227715,727.177085919045,2368.24979498122,138.873014965883,1.78885438199983,60.2606656624946,779.091786394843,-0.288675134594813,2,138.945784514978,467.846253365698,85.0885160027812,-1.0690449676497,1.78885438199983,11.3841995766062,-0.707106781186547,-0.081225,-0.104976,-0.126521909250928,-0.321304662408334,371.239347049453,-0.0980722956929313,381.942855691106,4185.29854677663
"Melky Cabrera","NH",0.707954754433992,0.662378631017455,"TOR","Toronto Blue Jays",2013,2014,29.5,0.5,1,2,30,1,0,0,0,0,0,0,0,0,162,83,79,0,0,4,0,0,1,723,5550,1435,177,686,0.495,0.262,4.23,423,0,1.3135265938214,4.59734307837491,10.9208713983256,23.0792832409745,22.244596779658,7.55328894674654,12.9263849769156,5.60448538317805,-1.22474487139159,-2.38513917599978,7.22807706372972,-1.09544511501033,-0.816496580927726,4.71986317955669,-5.36429315247042,4.0508136107566,-0.948683298050514,-0.894427190999916,2.04124145231932,1.34164078649987,0.52160816239307,0.535893476524783,0.624416456205848,0.864777216078153,11.0164859625455,0.516703351006336,7.95495128834866,13.8777733297742,1518.00112436725,14332.2348926452,12634.9309708457,611.81640468647,2210.41183105256,196.156988411232,3.67423461417477,38.1622268159964,527.64962565227,6.57267069006199,1.63299316185545,202.954116720937,359.407641215518,76.9654586043754,2.84604989415154,1.78885438199983,10.2062072615966,4.02492235949962,-0.157004056880314,-0.188098610260199,-0.285982736942278,0.698739990591148,1410.11020320583,-0.190663536521338,1073.91842392707,3608.2210657413
"Michael Brantley","NH",0.502819752247287,0.443355266140729,"HOU","Houston Astros",2022,2023,35.2,4,0,2,35.2,4,0,0,0,0,0,0,0,0,162,106,56,1,1,50,1,1,0,737,5409,1341,214,518,0.501,0.255,3.8,426,0,-0.542104741743151,-0.650525690091781,-5.26076759377143,-10.975139596742,-10.1338005231738,-2.98481002897855,-5.23204564926355,-2.21359436211787,-0.577350269189626,-1,-2.7406406388126,-0.5,-0.707106781186547,4.34086826048683,-2.41746889207614,-0.218217890235992,-0.277350098112615,-0.288675134594813,-0.408248290463863,-0.894427190999916,0.407293505963451,0.523259018078045,0.586555806140979,0.785,9.33974138992988,0.515442337775457,8.87982443808897,-5.94117647058824,336.689126001372,3040.11366829754,2462.51352713124,83.5746808113993,366.243195448449,30.9903210696501,-0.577350269189626,5,71.2566566091275,-0.5,-0.707106781186547,134.566916075092,72.5240667622842,-0.218217890235992,-0.277350098112615,-0.288675134594813,-0.408248290463863,1.78885438199983,-0.117300529717474,-0.193605836688877,-0.244007215354647,0.616225,1176.80741513116,-0.177827606532533,1101.09823032303,600.058823529412
"Michael Brantley","NH",0.618917240016151,0.571967850100336,"HOU","Houston Astros",2021,2022,34.2,2,0,2,34.2,2,1,0,0,0,0,0,0,0,162,95,67,1,1,28,1,0,0,863,5593,1496,221,658,0.498,0.255,3.81,426,0,0.993858693195776,2.18648912503071,9.94613873197412,20.1276928344583,19.5586520385536,7.24882435609075,10.9125523541783,4.58530260724415,1.73205080756888,-1.6,4.95423500093046,-0.5,0,4.62092427729243,-4.27086170933452,2.40039679259592,-1.38675049056307,0,-0.408248290463863,-0.447213595499958,0.439820417898033,0.51194530957906,0.61616559443175,0.799,8.8208668682671,0.527394623868801,8.73660146328108,12.0588235294118,1203.48278656887,10224.8679599048,9173.00780608164,492.920056214171,1593.23264371003,132.97377561008,5.19615242270663,12.8,232.849045043732,-0.5,0,152.49050115065,226.355670594729,26.4043647185551,6.93375245281536,0,-0.408248290463863,-0.447213595499958,-0.136784149966288,-0.18532420206762,-0.269264364766675,0.638401,1049.68315732379,-0.186170302225687,1065.86537852029,2472.05882352941
"Michael Brantley","NH",0.605950021136977,0.542758947074889,"HOU","Houston Astros",2019,2020,32.7,0.5,1,2,33.2,1,1,0,0,0,1,0,0,0,60,29,31,0,1,-2,0,0,0,279,1992,478,69,275,0.496,0.255,3.81,426,1,-0.722806322324201,1.15649011571872,-3.78117670802322,-7.40920976386556,-7.08949007794054,-2.55840859626733,-3.81191897303487,-2.37170824512628,0,-1,-2.31900361745681,-1,0,-2.38047614284762,-2.25630429927106,-0.654653670707977,0,0,0,0,0.424264068711928,0.514773736703807,0.671155201257466,0.84,9.41386632159598,0.557275339102161,9.38110484991657,-4.76470588235294,173.934128569068,1385.52222584286,1205.21331324989,61.4018063104158,194.407867624779,35.5756236768943,0,5,51.0180795840499,2,0,40.4680944284095,63.1765203795898,-1.96396101212393,0,0,0,0,-0.127279220613579,-0.187377640160186,-0.319469875798554,0.7056,1195.56102284269,-0.207863701485106,1228.92473533907,385.941176470588
"Mike Napoli","H",0.617040736749857,0.578088892975974,"CLE","Cleveland Guardians",2016,2016,34.8,9.151,1,1,34.8,9.151,0,0,0,0,0,0,0,0,161,94,67,1,1,27,1,0,0,777,5484,1435,185,676,0.51,0.266,3.84,440,0,-0.461265604014443,-0.461265604014443,11.9333592626359,24.6262144333591,23.2690088181407,8.77185582105945,10.48186840298,4.01663208837122,-0.316227766016838,5.51552831844593,9.7640385393612,-0.762492851663023,-0.288675134594813,7.50555349946513,13.9283882771841,3.53553390593274,1.76776695296637,0,1.88982236504614,-0.577350269189626,0.423822824023815,0.531679056995247,0.631034404679731,0.838167464253963,8.62615766297429,0.555115007683746,8.48679215166962,15.0795630022552,1790.00388939539,15883.9083095166,12960.8379117044,807.010735537469,1394.08849759635,88.3659059441668,-0.316227766016838,187.527962827162,986.167892475481,3.81246425831512,-0.288675134594813,585.43317295828,2702.10732577372,53.0330085889911,8.83883476483184,0,9.44911182523068,-1.15470053837925,-0.101293654941692,-0.178112484093408,-0.293430998176075,0.670533971403171,914.372712275275,-0.193180022673944,899.59996807698,3905.60681758409
"Mike Napoli","H",0.482137503221939,0.36537235917274,"BOS","Boston Red Sox",2014,2015,33.3,7.651,0,2,33.8,8.151,0,0,0,0,0,0,0,0,162,78,84,0,0,-6,0,0,2,748,5640,1495,161,753,0.516,0.267,3.9,440,0,-0.309066963714502,-0.247253570971602,10.8233865016564,18.2974326783284,16.9730733042459,-4.3661267804615,-6.6368571131542,-2.88675134594813,-0.353553390593274,-2.74497426598688,-4.38529009653515,-0.654653670707977,1.73205080756888,6.3727937358744,8.62901460470014,-2.34520787991171,-0.942809041582063,0,-0.333333333333333,-0.577350269189626,0.365790468255621,0.458205194208883,0.516961896607207,0.722880862264404,7.29874484418917,0.502016388721977,7.62383794606975,-8.82622425711422,1439.5104047203,8581.49592613603,6908.04083482808,200.841831901229,603.953997297032,57.7350269189626,-0.353553390593274,49.4095367877639,219.264504826757,-1.96396101212393,5.19615242270663,363.249242944841,1018.22372335462,25.7972866790289,3.77123616632825,0,-0.333333333333333,-1.73205080756888,-0.0819370648892592,-0.148458482923678,-0.211954377608955,0.530594552902072,700.679505042161,-0.167171457444418,777.631470499114,1473.97945093808
"Mike Napoli","H",0.746608168747746,0.773808004252579,"BOS","Boston Red Sox",2013,2013,31.8,6.151,1,1,31.8,6.151,0,0,0,0,0,0,0,0,162,97,65,1,1,32,0,0,0,861,5669,1573,178,657,0.517,0.267,3.9,440,0,1.42943470717957,5.28890841656442,11.3116595769191,22.5499276931212,20.7680356400846,7.49834816644474,9.4082919516142,5.48482755730145,-0.707106781186547,3.50746711764991,8.06893377762467,-0.218217890235992,-0.577350269189626,8.16164811787423,13.6747943311773,3.19801074533416,-1.4142135623731,0,-0.333333333333333,-0.577350269189626,0.422945228920562,0.509116882454314,0.607745449182131,0.829244803850992,9.73165979225223,0.550258203854419,9.49242567794959,12.6843941419606,1572.32068119176,13033.858206624,10342.4817487622,592.369505149135,1213.66966175823,208.423447177455,-1.41421356237309,80.6717437059479,742.34190754147,-0.218217890235992,-0.577350269189626,595.800312604819,2557.18653993016,47.9701611800123,8.48528137423857,0,-0.333333333333333,-1.73205080756888,-0.109542814290426,-0.183282077683553,-0.292933306505787,0.698224124842535,1245.65245340829,-0.200844244406863,1205.5380610996,3044.25459407053
"Mike Pelfrey","NH",0.503877747159375,0.344844656587722,"MIN","Minnesota Twins",2014,2015,31.6,2,0,2,31.6,2,0,0,0,0,0,0,0,0,162,83,79,0,0,4,0,0,0,696,5467,1349,156,700,0.48,0.263,3.97,441,0,-0.0434372242763069,-0.00434372242763069,-0.163299316185545,-0.123091490979333,-0.131306432859723,0,-0.162221421130763,0,0,0,0,0,0,0,-0.0839181358296689,0,0,0,0,0,0.816700679563817,0.816700679563817,0.80181243392127,1.15455619178973,16.4620776331543,0.750999334220743,16.7032930884901,-0.117444043902941,-0.32659863237109,-0.369274472937998,-0.393919298579168,0,-0.324442842261525,0,0,0,0,0,0,0,-0.0839181358296689,0,0,0,0,0,0.544739353269066,0.544739353269066,0.534808893425487,1.53902340365571,4461.22303858482,0.423563624500499,4660.21877168873,-0.234888087805881
"Mike Pelfrey","NH",0.660087868223791,0.587976083657544,"MIN","Minnesota Twins",2013,2013,29.6,0,1,1,29.6,0,0,0,0,0,0,0,0,0,162,66,96,0,0,-30,0,0,0,617,5577,1335,151,798,0.481,0.263,3.96,441,0,0,0,-0.0816496580927726,-0.0410304969931109,-0.0437688109532409,0,0,0,0,0,0,0,0,0,-0.0839181358296689,0,0,0,0,0,0,0,0,0,6.07456739230787,0,8.14210702521379,0,-0.0816496580927726,-0.0410304969931109,-0.0437688109532409,0,0,0,0,0,0,0,0,0,-0.0839181358296689,0,0,0,0,0,0,0,0,0,607.456739230787,0,1107.32655542908,0
"Mitch Moreland","H",0.596408402880538,0.512363716633913,"BOS","Boston Red Sox",2020,2020,34.9,9.067,0,1,34.9,9.067,0,0,0,0,0,0,0,0,60,24,36,0,0,-12,0,0,0,292,2083,552,81,351,0.518,0.267,3.91,443,0,-0.424967075107441,-0.467463782618185,-3.41791152683887,-5.93008479127062,-5.67159206235243,-2.0881475906555,-2.6255698469621,-1.29903810567666,0,-1.52498570332605,-2.54346825599038,0,0,-1.67705098312484,-2.34007175720682,0,-0.235702260395516,0,0,-0.384900179459751,0.432743187891695,0.483661038331599,0.6947463537331,0.880457072022312,10.4919457135219,0.569856441251973,10.0903737521511,-3.96387316936267,143.552284127233,901.372888273134,771.336520479931,45.939246994421,94.5205144906357,11.6913429510899,0,15.2498570332605,73.7605794237212,0,0,25.1557647468726,74.8822962306182,0,-0.235702260395516,0,0,-0.769800358919501,-0.114676944791299,-0.165412075109407,-0.382805240906938,0.787128622387947,1447.88850846603,-0.215405734793246,1362.2004565404,297.290487702201
"Mitch Moreland","H",0.528914192409643,0.435683891408757,"BOS","Boston Red Sox",2018,2019,33.4,7.567,0,2,33.9,8.067,1,0,0,0,0,0,0,0,162,84,78,0,0,6,0,0,1,901,5770,1554,245,828,0.519,0.267,3.91,443,0,-0.463600445571753,-0.556320534686104,7.40547497481755,13.0695947702346,12.4274590778017,-4.555958379612,-5.46993718117105,-2.45373864405591,-0.353553390593274,-2.89747283631949,-5.08693651198077,-0.218217890235992,0,-3.80131556174964,-5.41141593854077,2.55840859626733,-0.235702260395516,0,-0.666666666666667,0,0.411514276787574,0.463862048458375,0.639267516048424,0.822350844674083,8.43917372609373,0.53518263662553,8.37127303882168,-7.98059798098352,673.898222708397,4378.31424802858,3703.38280518489,218.686002221376,410.245288587828,41.7135569489505,-0.353553390593274,55.0519838900703,295.042317694885,-0.218217890235992,0,129.244729099488,400.444779452017,30.7009031552079,-0.235702260395516,0,-1.33333333333333,0,-0.103701597750469,-0.152146751894347,-0.324108630636551,0.68666295530286,936.748283596404,-0.189989836002063,937.582580348028,1205.07029512851
"Mitch Moreland","H",0.657773652687213,0.569519477204009,"BOS","Boston Red Sox",2017,2017,31.9,6.067,1,1,31.9,6.067,0,0,0,0,0,0,0,0,162,93,69,1,1,24,0,0,0,785,5669,1461,168,668,0.517,0.267,3.9,443,0,-0.69540066835763,1.25172120304373,12.1254480356903,22.4719002616571,21.1850644681988,6.92885336899324,9.11656196861841,4.90747728811182,0,3.3549685473173,6.92875835252553,0,-0.577350269189626,6.3727937358744,8.77526908952557,2.98481002897855,-1.4142135623731,0,1.66666666666667,-1.15470053837925,0.401716317816441,0.461033621333629,0.558571024870713,0.757350658148946,7.52683062057008,0.500508831999088,7.25012039969378,11.891619508088,1806.69175731785,12943.8145507145,10762.012749845,505.806295936507,1139.5702460773,166.854227795802,0,73.8093080409807,547.371909849517,0,-0.577350269189626,363.249242944841,1053.03229074307,41.7873404056996,8.48528137423857,0,8.33333333333333,6.92820323027551,-0.0988222141828446,-0.150296960554763,-0.247446964017726,0.58240265611654,745.156231436438,-0.166168932223697,703.261678770296,2675.61438931981
"Neil Walker","NH",0.581863267782428,0.466029570661996,"NYY","New York Yankees",2018,2018,32.9,7.166,1,1,32.9,7.166,0,0,0,0,0,0,0,0,162,100,62,0,1,38,0,0,0,851,5515,1374,267,669,0.569,0.266,3.65,449,0,0.126773138209277,-0.0380319414627832,9.16551029388808,15.2738381734214,14.1426641820455,-4.59756616906153,-5.41477579908113,-2.05798302171011,-0.447213595499958,-1.94454364826301,-4.5546786976927,0,0,4.91572818223748,7.15135594778304,-0.75,-1.04257207028537,0,-1.33333333333333,-1.22474487139159,0.362988965412158,0.436991990773286,-0.415179648227865,0.62243921788786,5.57939330300613,0.430479993971943,5.41828369182877,-6.96350375998926,1035.70266320935,6078.98759302171,4907.50447116979,220.683176114953,411.522960730166,24.6957962605213,-0.447213595499958,21.3899801308931,209.515220093864,0,0,206.460583653974,622.167967457125,2.25,5.21286035142687,0,5.33333333333333,3.67423461417477,-0.0794945834252626,-0.135030525148945,-0.146973595472664,-0.413299640677539,457.510250846502,-0.127852558209667,433.462695346302,856.510962478679
"Neil Walker","NH",0.517656404838577,0.261495880189369,"NYM","New York Mets",2017,2017,31.9,6.166,0,1,31.9,6.166,0,0,0,0,0,0,0,0,162,70,92,0,0,-22,0,0,0,735,5510,1379,224,863,0.48,0.25,3.78,449,0,-0.789352217376326,1.42083399127739,8.85876441759061,17.1548066159116,15.9862548718449,5.95990001285804,8.32826512546281,3.65563077506965,-0.755928946018454,-2.55603860169078,5.7350162126104,0,-0.707106781186547,5.76556660197055,6.26617113253793,-2.06474160483506,-0.944911182523068,-0.377964473009227,-0.707106781186547,-0.755928946018454,-0.265,-0.362,-0.439,-0.566392531730425,-5.25642044999604,-0.367028169789942,-5.09823498869952,10.3815874744938,983.322850352557,7685.35336392841,6154.7081256603,351.634100758625,849.483042797206,76.7682462764627,1.51185789203691,35.7845404236709,281.015794417909,0,-1.41421356237309,317.10616310838,482.49517720542,18.5826744435155,4.72455591261534,-0.377964473009227,-1.41421356237309,1.51185789203691,-0.070225,-0.131044,-0.192721,-0.45368041791607,588.719090399556,-0.1277258030869,581.198788711745,1754.48828318945
"Nelson Cruz","H",0.582078371446486,0.466714792524999,"MIN","Minnesota Twins",2020,2020,40.1,6,0,1,40.1,6,2,1,0,1,1,1,0,1,60,36,24,1,1,12,0,0,0,269,1937,468,91,215,0.481,0.263,3.99,450,1,-0.781870036973525,1.40736606655234,-4.32743187891695,-8.78052635652574,-8.09723002634956,-3.66666666666667,-4.54219979166135,-1.02899151085505,0,-2.4987801902177,-3.17542648054294,0,0,-2.90619096859548,-4.8672518781208,-1.46059348668044,-1.03279555898864,0,0,1.76776695296637,-0.371004956383563,0.486102203578464,0.715259967291088,0.859204607843519,10.3875102408465,0.55392858694296,10.0578969134994,-6.45942241466174,229.353889582598,1879.03264029651,1497.98755487467,121,254.363188333036,6.17394906513032,0,39.9804830434832,104.789073857917,0,0,72.6547742148871,282.300608931006,11.6847478934435,4.13118223595458,0,0,8.83883476483184,-0.11241450178422,-0.19298257482065,0.425579680538197,0.852330970980771,1776.26425118474,-0.230434292168271,1689.7266814679,710.536465612791
"Nelson Cruz","H",0.622585493714183,0.595751951918429,"MIN","Minnesota Twins",2019,2019,39.1,5,1,1,39.1,5,2,1,0,1,1,1,0,1,162,101,61,1,1,40,0,0,0,939,5732,1547,307,754,0.481,0.263,3.99,450,1,1.91123786815751,8.40944661989302,9.79795897113271,21.3768889334108,19.8710401727713,9,11.4366101897188,4.45896321370523,0,6.40312423743285,10.3923048454133,0,-0.447213595499958,6.50986776965388,10.9932757936866,-2.55603860169078,-1.80739222823013,0,-1.06066017177982,2.82842712474619,-0.380800466783129,0.479980009578735,0.768153141342866,0.892983821256722,10.2052732190772,0.556591705149416,9.87829161147262,17.0293863659264,1175.75507653593,11137.359134307,9021.45223843819,729,1612.56203675035,115.933043556336,0,262.528093734747,1122.36892330463,0,-0.447213595499958,364.552595100617,1440.11912897295,35.7845404236709,12.6517455976109,0,3.18198051533946,22.6274169979695,-0.118428945169553,-0.188152163754864,0.490849857318091,0.92066631971568,1714.48590080497,-0.232655332752456,1629.91811589298,4938.52204611866
"Nelson Cruz","H",0.451002560104519,0.543625658402913,"SEA","Seattle Mariners",2015,2018,36.6,2.5,1,4,38.1,4,7,3,0,2,3,0,0,0,162,89,73,0,0,16,0,0,0,677,5513,1402,176,711,0.472,0.26,4.32,450,1,1.28414158403314,3.7240105936961,11.566358336196,22.8836113881729,21.3668918609284,7.1443450831176,9.96877146364496,3.40168025708304,-0.707106781186547,5.57795987468863,8.89197542117365,-0.577350269189626,0,6.57375735133916,9.52659947520497,3.87298334620742,3.74165738677394,0,-1.13389341902768,1.66666666666667,0.362038671967512,-0.342,0.64643064643097,0.85,10.1760078794995,0.431516971336846,-5.35330689731516,14.445437296345,1665.55560041222,13524.2143304102,11089.4168758219,500.104155818232,1325.84660466478,61.2302446274948,-0.707106781186547,206.384515363479,862.521615853844,-0.577350269189626,0,361.556654323654,1162.24513597501,58.0947501931113,52.3832034148352,0,3.40168025708304,8.33333333333333,-0.0926819000236832,-0.116964,-0.329033199033364,0.7225,1373.76106373244,-0.155346109681264,706.636510445602,3813.59544623508
"Nelson Cruz","H",0.800087963004795,0.666735177904977,"BAL","Baltimore Orioles",2014,2014,34.1,0,1,1,34.1,0,2,1,0,0,1,1,0,0,162,96,66,1,1,30,0,0,0,705,5596,1434,211,593,0.476,0.259,4,450,1,2.12132034355964,9.54594154601839,12.6095202129185,26.0384331325831,24.7588368062799,9.32737905308881,12.8840987267251,5.65685424949238,-1,6.32455532033676,10.3923048454133,-0.730296743340221,1.88982236504614,7.41619848709566,11.8321595661992,4.12310562561766,2.23606797749979,0,2.23606797749979,2.82842712474619,0.383251875403109,0.429901151429023,0.704079837281389,0.819024364161964,9.639286362805,0.535844467107101,9.00815956649915,17.9443584449264,2004.91371385404,17654.0576638913,15177.1669622496,811.481977618727,2138.76038863637,181.019335983756,2,252.98221281347,1122.36892330463,2.92118697336089,9.44911182523068,407.890916790261,1656.50233926789,70.0927956355002,11.1803398874989,0,11.1803398874989,22.6274169979695,-0.103861258234242,-0.143157083425865,-0.369641914572729,0.703541928815127,1320.58223170428,-0.202013364099377,1270.15049887638,5778.08341926629
"Nick Markakis","NH",0.596265871877416,0.511909678066404,"ATL","Atlanta Braves",2019,2019,35.8,4,0,1,35.8,4,0,0,0,0,0,0,0,0,162,97,65,1,1,32,0,0,0,855,5560,1432,249,743,0.501,0.26,3.66,453,0,-0.347497794210456,-0.277998235368364,9.11382073529328,17.6635618842779,16.5865597604506,6.22578642957391,8.67553254070693,3.81246425831512,1.15470053837925,-1.42302494707577,6.07960018928371,-0.666666666666667,0,-4.7,-4.52509343419949,-2.29365855462782,-0.447213595499958,0,2,-0.301511344577764,-0.329089653438087,-0.411073391663014,-0.375659420219965,-0.548714862200761,-4.60341627939962,-0.37918246626526,-4.73707019421248,9.56390495277004,1057.20320529402,8284.21052372635,6866.83574082654,379.772972204009,1023.71283980342,95.3116064578779,2.3094010767585,12.8072245236819,376.93521173559,-1.33333333333333,0,220.9,266.98051261777,25.230244100906,-0.894427190999916,0,12,-0.301511344577764,-0.0937905512298547,-0.146342127432033,-0.157776956492385,-0.42580273306779,446.531379101763,-0.132713863192841,492.655300198098,1664.11946178199
"Nick Markakis","NH",0.433919422888451,0.429177055804887,"ATL","Atlanta Braves",2015,2018,33.3,1.5,1,4,34.8,3,2,1,0,1,0,1,0,1,162,90,72,1,1,18,0,0,1,759,5582,1433,175,657,0.5,0.26,3.66,453,0,1.12936783118398,2.93635636107835,12.7279220613579,26.5518360947035,24.9599679486974,7.96084166404533,13.6014705087354,6.557438524302,1.15470053837925,-2.21359436211787,9.11940028392556,-0.333333333333333,-0.5,7.2,-6.13571991077896,3.75325945302735,-0.223606797749979,0,3,3.01511344577764,-0.342946059898638,-0.422620397046806,-0.393547964039963,-0.569928065636357,-5.50511637536449,-0.381349223215347,-5.23810646475418,15.0604020520632,2061.92337393997,18719.044446766,15550.0600320385,620.945649795536,2516.27204411606,281.969856544986,2.3094010767585,30.9903210696501,848.104226405077,-0.333333333333333,-0.5,518.4,490.857592862317,67.5586701544922,-0.223606797749979,0,27,30.1511344577764,-0.101854979789895,-0.154679065319131,-0.173161104177584,-0.459362020902904,638.593499542281,-0.134234926571802,602.382243446731,4126.55016226531
"Nick Martini","NH",0.607747965966882,0.548486376736859,"CIN","Cincinnati Reds",2024,2024,34.1,1,0,1,34.1,1,0,0,0,0,0,0,0,0,162,77,85,0,0,-8,0,0,0,699,5325,1230,174,694,0.504,0.261,3.77,454,0,0.227184733698826,-0.0908738934795304,-4.30355062073231,-6.73922057934699,-6.33586033440009,-2.35975020979585,-2.42069330927339,-0.64888568452305,1.15470053837925,-0.857492925712544,-2.4,-0.408248290463863,-1.22474487139159,-1.38873014965883,-3.45454545454545,-0.242535625036333,-0.8,0,-1.22474487139159,0,-0.299813275223096,0.384666088965482,0.484582188162182,0.641,5.45627617708913,0.435329922335179,5.87214196712335,-3.08697453256516,223.78463227808,1098.49295443356,925.035608822414,54.2742548253047,75.0414925874752,-2.5955427380922,2.3094010767585,4.28746462856272,57.6,-0.408248290463863,3.67423461417477,12.4985713469294,131.272727272727,-0.242535625036333,3.2,0,3.67423461417477,0,-0.0635604143472964,-0.104629176198611,-0.179295409620007,-0.410881,398.308160927507,-0.127551667244207,481.515641304115,166.696624758519
"Nick Martini","NH",0.606076554506281,0.543162024500027,"CIN","Cincinnati Reds",2023,2023,33.1,0,1,1,33.1,0,0,0,0,0,0,0,0,0,162,82,80,0,0,2,0,0,1,783,5499,1371,198,821,0.504,0.261,3.77,454,0,-0.113592366849413,-0.0227184733698826,-2.40005707694687,-3.26624801084916,-3.12453386353977,-1.02597835208515,-1.48365073794176,-0.486664263392288,-0.577350269189626,-1.02899151085505,-1.6,0,0,-0.771516749810459,-1.36363636363636,-0.242535625036333,-0.4,0,0,0,0.373352380466497,0.465276262020748,0.763544366752843,0.912,10.2398607707015,0.567563243454056,9.66755079953234,-2.40098019199512,69.6016552314591,258.033592857083,224.966438174864,10.2597835208515,28.1893640208934,-1.45999279017686,-0.577350269189626,6.17394906513032,25.6,0,0,3.8575837490523,20.4545454545455,-0.242535625036333,-0.8,0,0,0,-0.0985650284431552,-0.153075890204826,0.445146365816907,0.831744,1402.86092558611,-0.216809158999449,1305.11935793687,100.841168063795
"Niko Goodrum","NH",0.60072249570145,0.526106442648641,"DET","Detroit Tigers",2021,2021,29.4,2,0,1,29.4,2,0,0,0,0,0,0,0,0,162,77,85,0,0,-8,0,0,0,697,5376,1299,179,756,0.504,0.265,4,457,0,0.117444043902941,-0.0234888087805881,7.20576692122892,-12.5185322562844,-11.6186046631176,-4.11096095821889,-4.57070064080181,-1.80838886035893,-0.603022689155527,-1.61644771824097,-3.53797136496472,-2.33333333333333,-1.50755672288882,-2.92944237920141,7.99755549244571,-1.4142135623731,-1.41421356237309,0,-0.632455532033676,0,0.379489892640571,0.412950360212944,0.470984247921326,0.688513133912832,6.8214305606388,0.477471056322442,7.05743631975574,-6.1931098754243,648.519022910603,4068.52298329242,3369.39535230409,160.327477370537,283.383439729712,19.8922774639482,-1.20604537831105,14.5480294641688,116.753055043836,32.6666666666667,7.53778361444409,84.9538289968409,855.738437691691,8.48528137423857,5.65685424949238,0,-1.26491106406735,0,-0.0812108370250822,-0.12058150518218,-0.169083345003756,-0.448222050177254,552.535875411743,-0.139421548446153,578.709778219971,644.083427044127
"Niko Goodrum","NH",0.632730223002553,0.62806841818171,"DET","Detroit Tigers",2020,2020,28.4,1,0,1,28.4,1,0,0,0,0,0,0,0,0,58,23,35,0,0,-12,0,0,0,249,1894,463,62,318,0.504,0.265,4,457,0,-0.0587220219514704,-0.00587220219514704,-3.44275530680937,-6.89482238115354,-6.33013633369853,-1.58113883008419,-2.13790836424601,-1.1507929111375,-0.301511344577764,-0.898026510133875,-2.14422506967559,-1.16666666666667,-0.301511344577764,-1.81827458019398,-5.15730213998836,-0.942809041582063,0,0,-0.948683298050514,0,0.326290374980678,0.371938166904124,0.439497835804023,0.632459069247118,5.30555710271907,0.438226859912378,4.81971260861367,-3.15610407112969,148.038478192803,1234.17320622648,1000.16154072437,23.7170824512628,61.9993425631342,8.05555037796251,-0.301511344577764,4.49013255066937,42.8845013935118,8.16666666666667,-0.301511344577764,32.7289424434916,355.853847659197,3.77123616632825,0,0,2.84604989415154,0,-0.0600374289964447,-0.0978197378957846,-0.147231774994348,-0.378210523409776,334.250097471301,-0.117444798456517,269.903906082366,167.273515769874
"Niko Goodrum","NH",0.609726533324823,0.554789187137707,"DET","Detroit Tigers",2018,2018,26.4,0,1,1,26.4,0,0,0,0,0,0,0,0,0,162,64,98,0,0,-34,0,0,0,630,5494,1326,135,796,0.506,0.265,3.98,457,0,0.528498197563233,0.47564837780691,10.4883940742332,18.9511319079751,17.7884843807731,5.79750904364203,8.03558661044189,4.76757063185536,-0.904534033733291,2.8736848324284,5.68219643464031,-2,-1.20604537831105,-4.24264068711928,9.86614322432555,-2.12132034355964,-1.41421356237309,0,-0.632455532033676,-0.577350269189626,0.434462727555794,0.445477272147525,0.566755418111456,0.790045024628089,8.42151921066519,0.541242875488795,8.6066296582387,11.4334336161679,1373.97962372455,9323.95689872375,7898.08706506325,318.862997400312,875.878940538166,138.259548323805,2.71360210119987,45.9789573188544,301.156411035937,24,4.82418151324422,178.19090885901,1302.33090561097,19.0918830920368,5.65685424949238,0,-1.26491106406735,-0.577350269189626,-0.10644336825117,-0.14032534072647,-0.244838340624149,0.590163633397182,842.151921066519,-0.179151391786791,860.66296582387,2195.21925430425
"Pat Neshek","NH",0.625494336219409,0.586782882296526,"PHI","Philadelphia Phillies",2018,2019,37.9,5,1,2,37.9,5,0,0,0,0,0,0,0,0,162,80,82,0,0,-2,0,0,1,677,5424,1270,186,728,0.472,0.261,3.98,463,0,0,0,-2.27845518382332,0,0,0,0,0,0,0,0,0,0,0,0,0,0,0,0,0,0,0,0,0,0,0,0,0,66.0752003308763,0,0,0,0,0,0,0,0,0,0,0,0,0,0,0,0,0,0,0,0,0,0,0,0,0
"Pat Neshek","NH",0.626073018561403,0.588086375093813,"HOU","Houston Astros",2015,2016,35.4,1.5,1,2,35.9,2,0,0,0,0,0,0,0,0,162,84,78,0,0,6,0,0,0,724,5545,1367,198,701,0.489,0.254,3.82,463,0,0,0,-0.328797974610715,0,0,0,0,0,0,0,0,0,0,0,0,0,0,0,0,0,0,0,0,0,0,0,0,0,-1.31519189844286,0,0,0,0,0,0,0,0,0,0,0,0,0,0,0,0,0,0,0,0,0,0,0,0,0
"Pat Neshek","NH",0.710207777703877,0.739236805260886,"STL","St Louis Cardinals",2014,2014,33.9,0,1,1,33.9,0,1,0,0,0,0,0,0,0,162,91,72,1,1,19,1,0,1,619,5426,1371,105,603,0.519,0.267,3.67,463,0,0,0,-5.45238267376677,0,0,0,0,0,0,0,0,0,0,0,0,0,0,0,0,0,0,0,0,0,0,0,0,0,365.309639142373,0,0,0,0,0,0,0,0,0,0,0,0,0,0,0,0,0,0,0,0,0,0,0,0,0
"Pedro Alvarez","NH",0.588918114503208,0.488503084697117,"BAL","Baltimore Orioles",2017,2017,30.5,6.085,0,1,30.5,6.085,0,0,0,0,0,0,0,0,162,75,87,0,0,-12,0,0,1,743,5650,1469,232,841,0.477,0.259,4.01,467,0,-0.0471404520791032,-0.00471404520791032,-1.1102722200054,-1.30576213349237,-1.29246782675523,-0.428845013935118,-0.776150525706333,-0.176776695296637,0,-0.158113883008419,-0.384900179459751,0,0,-0.269679944985297,-0.845154254728517,0,0,0,0,0,0.442648845022779,0.455721040403739,0.587403749960473,0.753235445504018,7.9506522554523,0.523052424125764,8.36928300149921,-0.780189497605494,15.5438110800756,44.3959125387405,41.3589704561674,-1.71538005574047,7.76150525706333,-0.176776695296637,0,-0.158113883008419,-1.539600717839,0,0,-0.539359889970594,8.45154254728517,0,0,0,0,0,-0.13854908849213,-0.16086952726252,-0.257282842482687,0.595056001948174,898.42370486611,-0.192483292078281,1096.3760731964,10.9226529664769
"Pedro Alvarez","NH",0.565501504874888,0.413908479602868,"BAL","Baltimore Orioles",2016,2016,29.5,5.085,1,1,29.5,5.085,0,0,0,0,0,0,0,0,162,89,73,0,1,16,0,0,0,744,5524,1413,253,715,0.477,0.259,4,467,0,-0.424264068711929,-0.381837661840736,8.64426228432777,14.4401930056803,13.611301800516,-4.61008389980252,6.5196644159332,3.53553390593274,0,3.47850542618522,-4.71502719838194,-0.182574185835055,0,4.98907898222799,8.19799627086661,-1.455213750218,0,0,-0.894427190999916,-0.353553390593274,-0.352139177030901,0.415700212492929,0.675916643790133,0.787560098716859,8.23209127334441,0.497468338163091,7.28319284099931,9.473729613781,942.224588991727,5429.51257013579,4587.0087067739,198.233607691508,547.651810938388,70.7106781186547,0,76.5271193760748,231.036332720715,-0.182574185835055,0,184.595922342436,795.205638274061,8.73128250130799,0,0,1.78885438199983,-0.353553390593274,-0.0876826550806943,-0.133855468422723,-0.340661988470227,0.650524641540126,963.154678981297,-0.174113918357082,830.283983873922,1610.53403434277
"Peter Moylan","NH",0.603042808801491,0.533497898633939,"ATL","Atlanta Braves",2015,2015,36.7,1,1,1,36.7,1,0,0,0,0,0,0,0,0,162,67,95,0,0,-28,0,0,1,573,5420,1361,100,760,0.501,0.26,3.64,469,0,0,0,-1.72848324290045,0,0,0,0,0,0,0,0,0,0,0,0,0,0,0,0,0,0,0,0,0,0,0,0,0,38.0266313438099,0,0,0,0,0,0,0,0,0,0,0,0,0,0,0,0,0,0,0,0,0,0,0,0,0
"Peter Moylan","NH",0.605943632036354,0.54273859432334,"LAD","Los Angeles Dodgers",2013,2013,34.7,0,1,1,34.7,0,0,0,0,0,0,0,0,0,162,92,70,1,1,22,0,0,0,654,5491,1446,138,586,0.524,0.262,3.54,469,0,0,0,-1.12815214963553,0,0,0,0,0,0,0,0,0,0,0,0,0,0,0,0,0,0,0,0,0,0,0,0,0,15.7941300948975,0,0,0,0,0,0,0,0,0,0,0,0,0,0,0,0,0,0,0,0,0,0,0,0,0
"Rafael Montero","NH",0.780378470431653,0.773236665415241,"HOU","Houston Astros",2021,2021,30.8,1,1,1,30.8,1,0,0,0,0,0,0,0,0,162,95,67,1,1,28,1,0,0,863,5593,1496,221,658,0.498,0.255,3.81,473,0,0,0,-0.246598480958036,0,0,0,0,0,0,0,0,0,0,0,0,0,0,0,0,0,0,0,0,0,0,0,0,0,-0.739795442874108,0,0,0,0,0,0,0,0,0,0,0,0,0,0,0,0,0,0,0,0,0,0,0,0,0
"Rafael Montero","NH",0.638841527985694,0.647536239914392,"TEX","Texas Rangers",2019,2019,28.8,0,1,1,28.8,0,0,0,0,0,0,0,0,0,162,78,84,0,0,-6,0,0,1,810,5540,1374,223,878,0.478,0.259,4.28,473,0,0,0,-0.0785674201318386,0,0,0,0,0,0,0,0,0,0,0,0,0,0,0,0,0,0,0,0,0,0,0,0,0,-0.0785674201318386,0,0,0,0,0,0,0,0,0,0,0,0,0,0,0,0,0,0,0,0,0,0,0,0,0
"Rajai Davis","NH",0.585752632879547,0.478419308463153,"CLE","Cleveland Guardians",2018,2018,37.8,6.043,1,1,37.8,6.043,0,0,0,0,0,0,0,0,162,91,71,1,1,20,0,0,1,818,5595,1447,216,648,0.511,0.266,3.83,475,0,0.184506241605777,-0.0738024966423108,8.03512857017487,-8.2469183218691,-8.18801746562939,-3.14642654451045,-3.46768578745204,-1.09544511501033,-0.316227766016838,-0.162221421130763,-0.580041893427398,-3.2024699769847,2.02072594216369,-1.05847549351431,-3.44619916136514,-0.471404520791032,-1.41421356237309,1.78885438199983,-0.377964473009227,0,0.397223065193869,0.441214262222921,0.38133476927958,0.585669515647457,4.31307883148714,0.429097520307263,4.08326792202972,-3.2022238035677,811.547985587662,1781.33435752372,1604.85142326336,103.832075968845,152.57817464789,6.57267069006199,-0.316227766016838,-0.162221421130763,-3.48025136056439,67.2518695166787,14.1450815951458,11.6432304286575,165.417559745527,-0.942809041582063,5.65685424949238,7.15541752799933,-0.377964473009227,0,-0.0889779666034266,-0.122657564897972,-0.107155070167562,-0.327389259246928,228.593178068819,-0.115427232962654,208.246664023516,176.122309196224
"Rajai Davis","NH",0.559625159545259,0.395189131831405,"OAK","Oakland Athletics",2017,2017,36.8,5.043,1,1,36.8,5.043,0,0,0,0,0,0,0,0,162,75,87,0,0,-12,0,0,1,739,5464,1344,234,826,0.487,0.259,3.98,475,0,-0.162697843363992,-0.0488093530091976,9.45888937641699,14.4112359265343,14.1106736590111,6.03863529939255,6.30488638729422,-2.71428571428571,1.15470053837925,-1,-2.40771706171538,9.1706052144883,3.5,-3.16011097429553,7.80798320758386,-2.35339362165821,-0.353553390593274,1,-0.377964473009227,-0.5,-0.332340187157677,0.414364573775317,0.492146319705837,0.641,5.59387420053656,0.44578530374726,5.32167499187062,-7.34123292011645,1106.69005704079,5274.51234911155,4741.18634942775,338.163576765983,498.086024596243,51.5714285714286,2.3094010767585,5,48.1543412343077,265.947551220161,24.5,85.3229963059792,648.06260622946,28.2407234598985,-0.353553390593274,1,-0.377964473009227,-0.5,-0.0780999439820542,-0.121408820116168,-0.171266919257631,-0.410881,413.946690839706,-0.130615093997947,377.838924422814,858.924251653625
"Rajai Davis","NH",0.612455071079541,0.563481060108584,"CLE","Cleveland Guardians",2016,2016,35.8,4.043,1,1,35.8,4.043,0,0,0,0,0,0,0,0,161,94,67,1,1,27,1,0,0,777,5484,1435,185,676,0.51,0.266,3.84,475,0,-0.415139043612998,-0.373625139251698,10.6604676079548,18.89918782095,18.9661220887538,7.05562316041738,8.90564759050184,4.19920627420627,-0.632455532033676,-1.94665705356915,-4.64033514741918,6.557438524302,-1.73205080756888,-3.17542648054294,7.61035648134802,-2.12132034355964,1.76776695296637,-0.447213595499958,-0.755928946018454,0,0.441555996577113,0.485653108777748,0.526540535517711,0.726062565909996,6.51030767016928,0.520021530186498,6.40512615220349,10.2471161714166,1428.50265946594,9355.09797137025,8610.61942829423,522.116113870886,1006.33817772671,96.5817443067443,-1.26491106406735,23.3598846428298,222.736087076121,281.969856544986,10.3923048454133,104.789073857917,806.697787022891,19.0918830920368,8.83883476483184,-0.447213595499958,1.51185789203691,0,-0.109947443147701,-0.148609851285991,-0.204297727780872,0.503161358175627,520.824613613542,-0.169527018840798,512.410092176279,1803.49244616933
"Rajai Davis","NH",0.570136087175669,0.549991934929964,"DET","Detroit Tigers",2014,2015,34.3,2.543,1,2,34.8,3.043,0,0,0,0,0,0,0,0,161,74,87,0,0,-13,0,0,0,689,5605,1515,151,803,0.508,0.266,3.96,475,0,0.880830329272055,1.32124549390808,8.96717661308488,14.2518674917699,13.6618765176658,5.79750904364203,-6.48744607081547,-2.63038379688572,3.3166247903554,-1.4368424162142,-3.21633760451338,-3,2.41209075662211,-2.22233559801486,-5.68050670491471,-1.17851130197758,-1.06066017177982,-0.408248290463863,-0.948683298050514,0,0.457515851875081,0.432749350086167,0.577250888817224,0.788987400766471,8.67416478698514,0.539607700638376,8.95089484456825,8.93237001263121,1004.32378066551,5273.19097195486,4658.69989252404,318.862997400312,570.895254231762,42.0861407501715,36.4828726939094,11.4947393297136,96.4901281354015,54,19.2967260529769,48.891383156327,431.718509573518,5.8925565098879,3.18198051533946,-0.408248290463863,2.84604989415154,0,-0.118039089783771,-0.132421301126367,-0.253990391079579,0.588584600971788,893.43897305947,-0.178070541210664,930.893063835098,1339.85550189468
"Reed Johnson","NE",0.592673806838639,0.500467002235299,"ATL","Atlanta Braves",2013,2013,36.7,1,0,1,36.7,1,0,0,0,0,0,0,0,0,162,96,66,1,1,30,0,0,1,696,5441,1354,181,568,0.502,0.26,3.64,479,0,0,0,-5.81398908975606,-5.12205632465202,-4.92789094332227,-1.32680694400755,-2.20564386628142,-1.06748999232823,-0.577350269189626,-0.158113883008419,-1.07863874326001,0,0,-0.6,-2.45428796431159,-0.625543242171224,-1.34164078649987,-0.333333333333333,0,0,-0.281746931364537,-0.359111867435947,-0.304999672130971,-0.461740728114816,-3.84408988279762,-0.323930164038036,-3.59835139752679,-2.30852878170311,430.235192641948,696.599660152675,606.13058602864,17.2484902720982,66.1693159884427,7.47242994629763,-0.577350269189626,-0.158113883008419,11.8650261758601,0,0,-3.6,78.5372148579707,-1.87662972651367,8.04984471899924,-0.333333333333333,0,0,-0.0687462512529471,-0.11168379077258,-0.104004888196661,-0.301516695458975,311.371280506607,-0.0968551190473728,284.269760404616,96.9582088315308
"Reed Johnson","NE",0.616250045054002,0.575570110977223,"CHC","Chicago Cubs",2012,2012,35.7,0,0,1,35.7,0,0,0,0,0,0,0,0,0,162,61,101,0,0,-40,0,0,0,613,5411,1297,137,759,0.512,0.263,3.68,479,0,-0.136930639376292,-0.0410791918128875,9.81495457622364,-11.8367270859857,11.6846133303266,-3.07793505625546,6.30592625094466,-2.47487373415292,-1.13389341902768,-0.588348405414552,-2.03069233026724,-0.447213595499958,-0.816496580927726,-1.46261427120383,-5.47796171181663,-1,-1.73205080756888,0,0,-0.377964473009227,0.502546070079702,0.476589970519733,0.549292185236514,0.783067834028525,8.31225151086372,0.474416620395105,8.25308882645189,-6.61048207640281,1167.97959457061,3408.97740076389,3143.16098585785,92.3380516876639,491.862247573683,34.6482322781408,3.40168025708304,-1.76504521624366,40.6138466053448,-0.894427190999916,1.63299316185545,19.0139855256498,334.155664420815,4,10.3923048454133,0,0,-0.377964473009227,-0.145738360323113,-0.16061082006515,-0.218618289724133,0.575554858010966,814.600648064644,-0.155608651489594,808.802704992285,707.3215821751
"Rich Hill","NH",0.602483198205457,0.53638285710811,"LAD","Los Angeles Dodgers",2018,2020,38.4,7,0,3,38.4,7,0,0,0,0,0,0,0,0,163,92,71,1,1,21,1,0,1,804,5572,1394,235,610,0.527,0.262,3.53,480,0,0.08304547985374,-0.016609095970748,-1.85339281725837,-1.7623360124729,-1.77178413337521,-0.214422506967559,-0.316227766016838,0,0,0,-0.197065855632859,0,0,0,-1.09398743623421,-0.223606797749979,0,-0.554700196225229,0,0,-0.131521861300698,-0.131521861300698,-0.10738715006927,-0.166363457525984,3.25224422683986,-0.113534049314004,5.80254816588293,-0.232889003895833,42.6280347969426,79.3051205612807,76.1867177351339,-0.428845013935118,-1.26491106406735,0,0,0,-0.394131711265717,0,0,0,16.4098115435131,-0.223606797749979,0,-1.10940039245046,0,0,-0.0122315331009649,-0.0122315331009649,-0.00998700495644215,-0.0309436030998331,159.359967115153,-0.00919625799443428,510.624238597697,-0.931556015583331
"Rich Hill","NH",0.642568571262611,0.610106825713643,"LAD","Los Angeles Dodgers",2017,2019,37.4,4,0,3,37.4,4,0,0,0,0,0,0,0,0,164,104,58,1,1,46,1,0,0,770,5408,1347,221,580,0.527,0.262,3.53,480,0,0.08304547985374,-0.016609095970748,-1.85339281725837,-1.9189881024705,-1.85419269771824,-0.107211253483779,-0.395284707521047,-0.166666666666667,0,0,-0.394131711265717,0,0,0,-1.31278492348105,0,-0.458831467741123,-0.277350098112615,-0.288675134594813,0,-0.156977705423414,-0.206475180106472,-0.15357517160444,-0.249545186288977,1.65930827899993,-0.178010176084919,3.29690236697894,-0.349333505843749,42.6280347969426,94.0304170210543,83.4386713973208,-0.107211253483779,-1.97642353760524,-0.166666666666667,0,0,-1.57652684506287,0,0,0,23.6301286226589,0,-0.917662935482247,-0.277350098112615,-0.288675134594813,0,-0.0174245253019989,-0.0301453762955449,-0.0204254978233906,-0.0696231069746244,41.4827069749982,-0.0226072923627847,164.845118348947,-2.0960010350625
"Rich Hill","NH",0.849709794104324,0.935714663446883,"CLE","Cleveland Guardians",2013,2013,33.4,0,1,1,33.4,0,0,0,0,0,0,0,0,0,162,92,70,0,1,22,0,0,0,743,5466,1381,171,685,0.509,0.266,3.84,480,0,0,0,-0.397778642087865,0,0,0,0,0,0,0,0,0,0,0,0,0,0,0,0,0,0,0,0,0,0,0,0,0,-1.98889321043933,0,0,0,0,0,0,0,0,0,0,0,0,0,0,0,0,0,0,0,0,0,0,0,0,0
"Rob Brantly","NH",0.608014244932514,0.549334619697796,"NYY","New York Yankees",2021,2021,32.1,1,1,1,32.1,1,0,0,0,0,0,0,0,0,162,92,70,0,1,22,0,0,0,711,5331,1266,222,669,0.57,0.266,3.65,484,0,0.0845154254728517,-0.0169030850945703,-0.486664263392288,-0.805906034276003,-0.815139145939222,0,-0.213741149963729,-0.171498585142509,0,0,0,0,0,0,-0.328797974610715,0,-0.208514414057075,0,0,0,-0.248622579049423,-0.268700576850888,-0.234564773010093,-0.36558929966305,-0.544331053951817,-0.25799811086534,-0.0677285461478596,-0.226455406828919,-2.91998558035373,16.9240267197961,16.3027829187844,0,-0.641223449891187,-0.171498585142509,0,0,0,0,0,0,-1.31519189844286,0,-0.208514414057075,0,0,0,-0.0372933868574135,-0.0510531096016687,-0.0469129546020186,-0.14257982686859,4.35464843161454,-0.0459236637340304,0.0677285461478596,-0.905821627315677
"Rob Brantly","NH",0.605429320972169,0.541100234571974,"CHW","Chicago White Sox",2017,2017,28.1,0,0,1,28.1,0,0,0,0,0,0,0,0,0,162,67,95,0,0,-28,0,0,1,706,5513,1412,186,820,0.503,0.26,3.76,484,0,-0.155962573473011,-0.0467887720419033,-1.03422446942845,-1.37750171722809,-1.23605094538479,-0.478091443733757,-0.680336051416609,-0.154303349962092,0,-0.41702882811415,-0.539163866017192,0,0,-0.321633760451338,-1.19610072080347,0,-0.534522483824849,0,0,0,-0.29,-0.389,-0.364867099092259,-0.522501993616611,-5.41651123641178,-0.351223097522894,-5.35982861696477,-0.975537217359508,13.4449181025698,49.5900618202111,38.3175793069286,-1.91236577493503,-6.12302446274948,-0.154303349962092,0,-0.834057656228299,-2.69581933008596,0,0,-0.964901281354015,16.7454100912485,0,-1.0690449676497,0,0,0,-0.0841,-0.151321,-0.188271423131605,-0.472864304223033,774.561106806884,-0.136977008033929,782.534978076857,15.6085954777521
"Robbie Grossman","NH",0.534071967861947,0.435108150258357,"DET","Detroit Tigers",2021,2022,32.4,4.5,1,2,32.9,5,0,0,0,0,0,0,0,0,162,66,96,0,0,-30,0,0,0,557,5378,1240,110,713,0.503,0.265,4,485,0,-0.352332131708822,-0.211399279025293,10.3282659204281,18.3733534961466,16.4663672984183,-4.21637021355784,-6.34000411466058,3.12358075880179,-0.301511344577764,-1.25723711418742,4.82450640677008,-1,-0.603022689155527,5.65685424949238,9.64191269649997,-0.707106781186548,2.12132034355964,0,-1.26491106406735,0,0.370623306363922,0.438406204335659,0.40801142368672,0.657842041925932,6.56878498431885,0.477471056322442,7.05743631975574,-7.62228907744529,1332.34630373523,8764.08961766192,6767.67695964993,168.654808542314,545.24035386081,59.348034417234,-0.301511344577764,8.80065979931197,217.102788304653,6,-1.20604537831105,316.783837971573,1243.8067378485,-2.12132034355964,12.7279220613579,0,5.05964425626941,0,-0.0774602710300598,-0.135905923344054,-0.12689155276657,-0.40917775007793,512.36522877687,-0.139421548446153,578.709778219971,975.653001912998
"Robbie Grossman","NH",0.648128120737411,0.555799279317821,"OAK","Oakland Athletics",2020,2020,30.9,3,0,1,30.9,3,0,0,0,0,0,0,0,0,60,36,24,1,1,12,0,0,0,274,1908,430,71,232,0.489,0.258,3.98,485,0,0.650791373455968,0.780949648147162,-4.12310562561766,-7.55999261719831,-6.97134472439241,-2.48015378367908,-3.19234753787049,-1.71428571428571,1.15470053837925,-1.6,-2.76887462097269,2.5298221281347,-0.5,-2.45786409111874,-3.57473929985767,-0.196116135138184,1.76776695296637,0,0,-1,-0.340825468531916,0.486489465456345,0.681650937063832,0.826,9.67589050903622,0.55989416989417,9.7439119569462,-5.01964644110527,210.278386906501,1451.51858250208,1157.24322424914,57.0435370246189,127.69390151482,20.5714285714286,2.3094010767585,12.8,63.6841162823719,20.2385770250776,-0.5,51.6151459134936,135.840093394591,-0.196116135138184,8.83883476483184,0,0,2,-0.0821389379161917,-0.167352376116983,-0.328555751664767,0.682276,1238.51398515664,-0.206041054521054,1266.70855440301,401.571715288421
"Robbie Grossman","NH",0.635649974811573,0.637369411648488,"OAK","Oakland Athletics",2019,2019,29.9,2,1,1,29.9,2,0,0,0,0,0,0,0,0,162,97,65,0,1,32,0,0,1,845,5561,1384,257,680,0.489,0.259,3.98,485,0,-0.54232614454664,-0.54232614454664,11.1566387516713,18.9787314660916,17.6383420737639,6.14646807259599,8.06067753312298,-3,1.73205080756888,-1.2,4.57466241725923,2.84604989415154,2,6.9054276845717,8.09019946809894,-1.37281294596729,-0.353553390593274,0,-0.755928946018454,-1,-0.339411254969543,0.472347329832614,0.492146319705837,0.682,6.57658183036055,0.465564173879391,6.74578520096275,9.16085475501711,1539.61614773064,9147.74856665615,7408.10367098085,350.348680137971,814.128430845421,63,5.19615242270663,7.2,173.837171855851,25.6144490473639,8,407.420233389731,695.757154256509,9.60969062177102,-0.353553390593274,0,1.51185789203691,2,-0.0814587011926903,-0.157764008164093,-0.171266919257631,-0.465124,572.162619241368,-0.142462637207094,607.120668086648,1337.4847942325
"Robbie Grossman","H",0.598475290892949,0.518947876232893,"MIN","Minnesota Twins",2018,2018,28.9,1,1,1,28.9,1,0,0,0,0,0,0,0,0,162,78,84,0,0,-6,0,0,1,738,5526,1379,166,775,0.48,0.263,3.99,485,0,-0.694995588420911,1.11199294147346,10.5328058939677,19.0791811017966,17.3324491374834,5.55555555555556,8.75995674106118,4.63046179884774,-0.447213595499958,-0.78086880944303,-4.61880215351701,0,-0.447213595499958,6.97485832462916,6.96520527386252,-0.365148371670111,-0.516397779494322,1.15470053837925,1.76776695296637,0,-0.33427179238519,0.449369039580091,0.461613155360971,0.65046639162347,6.43904143584634,0.462051008820209,6.9447383450353,8.92574733662349,1358.73196032183,8871.81921233541,6863.64985844342,277.777777777778,946.075328034607,125.022468568889,-0.447213595499958,3.90434404721515,221.702503368816,0,-0.447213595499958,418.491499477749,578.112037730589,-0.730296743340221,-1.03279555898864,2.3094010767585,8.83883476483184,0,-0.091256199321157,-0.164918437525893,-0.177259451658613,-0.488500260109226,682.538392199712,-0.160331700060613,805.589648024094,1356.71359516677
"Robinson Chirinos","NH",0.60023261185415,0.524545896834736,"CHC","Chicago Cubs",2021,2021,37.2,8.102,1,1,37.2,8.102,0,0,0,0,0,0,0,0,162,71,91,0,0,-20,0,0,0,705,5306,1255,210,839,0.513,0.262,3.69,488,0,-0.0912870929175277,-0.0182574185835055,-3.71153744479045,-4.60317164455,-4.21341075480177,-1.3337718577107,-1.77859458359978,-0.883883476483184,-0.377964473009227,-0.98058067569092,-1.52301924770043,0,0,-1.01257911083342,-3.23289543648195,-0.5,-1.44337567297406,-0.316227766016838,0,0,0.393372268648594,0.458205194208883,0.626579527882858,0.828879965815227,9.16044044054369,0.485987757477912,8.9268103633051,-2.71832907814695,167.01918501557,515.5552241896,408.700843215772,17.3390341502391,39.1290808391951,4.41941738241592,-0.377964473009227,4.9029033784546,22.8452887155064,0,0,9.11321199750079,116.38423571335,-1,7.21687836487032,-0.316227766016838,0,0,-0.0892955049832309,-0.148458482923678,-0.284467105658817,0.644868613404247,989.327567578718,-0.163291886512579,946.241898510341,119.606479438466
"Robinson Chirinos","NH",0.543846604030564,0.344925872706444,"TEX","Texas Rangers",2020,2020,36.2,7.102,1,1,36.2,7.102,0,0,0,0,0,0,0,0,60,22,38,0,0,-16,0,0,0,224,1936,420,62,312,0.477,0.259,4.28,488,0,0.252262489554756,-0.17658374268833,-2.0427529234278,-2.98824612002391,-2.85886941435915,-0.362142984170074,-0.882257546512569,-0.474341649025257,0,-0.185695338177052,-0.7,0,0,-0.707106781186548,-1.64484694497471,-1.33630620956212,-0.229415733870562,0,-0.316227766016838,0,-0.229102597104441,-0.284069801587415,-0.297538628386818,-0.468258772410883,-2.36550806705463,-0.31709891853794,1.91674543001366,-1.00623058987491,53.1115760091229,245.036181841961,211.556336662577,-1.4485719366803,10.5870905581508,-1.42302494707577,0,-0.185695338177052,-4.9,0,0,-4.24264068711929,34.5417858444689,6.68153104781061,-0.229415733870562,0,-0.316227766016838,0,-0.0371146207309195,-0.0659041939682802,-0.0723018866979967,-0.22242291689517,75.6962581457483,-0.068493366404195,49.8353811803552,18.1121506177483
"Robinson Chirinos","NH",0.614180350611175,0.568977011374891,"HOU","Houston Astros",2019,2019,35.2,6.102,1,1,35.2,6.102,0,0,0,0,0,0,0,0,162,107,55,1,1,52,1,0,0,920,5613,1538,288,640,0.496,0.255,3.81,488,0,1.71666501551998,6.52332705897591,9.37074227640537,17.3145704107447,15.2632551089779,6.0762204161349,-6.50268530694184,3.47850542618522,-0.577350269189626,3.4,6.11373680965887,-0.5,1.41421356237309,7.14142842854285,10.0727870503173,2.40039679259592,3.60555127546399,-0.577350269189626,2.04124145231932,-0.447213595499958,-0.336582827844797,0.490732106143464,0.624625533943398,0.79,7.78311782494156,0.524406552345465,8.16370956404953,9.52941176470588,1068.26461951021,7566.46726949541,5586.3513698859,346.344563719689,565.73362170394,76.5271193760748,-0.577350269189626,57.8,354.596734960214,-0.5,2.82842712474619,364.212849855685,1259.09838128966,26.4043647185551,46.8721665810319,-1.15470053837925,10.2062072615966,-0.447213595499958,-0.0801067130270616,-0.170284040831782,-0.276709111536926,0.6241,817.227371618864,-0.184066699873258,930.662890301647,1543.76470588235
"Ross Detwiler","NH",0.609662066486412,0.554583825284336,"CHW","Chicago White Sox",2019,2019,33.4,2,1,1,33.4,2,0,0,0,0,0,0,0,0,161,72,89,0,0,-17,0,0,1,708,5529,1443,182,832,0.502,0.26,3.78,492,0,0,0,-0.159111456835146,-0.0765278731793381,-0.07974522228289,0,0,0,0,0,0,0,0,0,-0.0854357657716761,0,0,0,0,0,0,0,0,0,3.78777009539285,0,4.84587244821473,0,-0.318222913670292,-0.153055746358676,-0.15949044456578,0,0,0,0,0,0,0,0,0,-0.0854357657716761,0,0,0,0,0,0,0,0,0,378.777009539285,0,639.655163164344,0
"Ross Detwiler","NH",0.610854970896502,0.558383872976904,"ATL","Atlanta Braves",2015,2015,29.4,0,1,1,29.4,0,0,0,0,0,0,0,0,0,162,67,95,0,0,-28,0,0,1,573,5420,1361,100,760,0.501,0.26,3.64,492,0,0,0,-1.88561808316413,-0.0376621788577355,-0.0400641540107502,0,0,0,0,0,0,0,0,0,-0.076696498884737,0,0,0,0,0,0,0,0,0,4.7457899787625,0,6.19463025397017,0,45.254833995939,-0.0376621788577355,-0.0400641540107502,0,0,0,0,0,0,0,0,0,-0.076696498884737,0,0,0,0,0,0,0,0,0,474.57899787625,0,842.469714539943,0
"Ryan Brasier","NH",0.59192989144407,0.498097228132119,"BOS","Boston Red Sox",2021,2021,34,2,0,1,34,2,0,0,0,0,0,0,0,0,162,92,70,0,1,22,0,0,0,829,5495,1434,219,749,0.519,0.267,3.91,497,0,0,0,-0.162757691754232,0,0,0,0,0,0,0,0,0,0,0,0,0,0,0,0,0,0,0,0,0,0,0,0,0,-0.325515383508464,0,0,0,0,0,0,0,0,0,0,0,0,0,0,0,0,0,0,0,0,0,0,0,0,0
"Ryan Brasier","NH",0.621155667700868,0.591197180390456,"BOS","Boston Red Sox",2020,2020,33,1,0,1,33,1,0,0,0,0,0,0,0,0,60,24,36,0,0,-12,0,0,0,292,2083,552,81,351,0.518,0.267,3.91,497,0,0,0,-0.0813788458771159,0,0,0,0,0,0,0,0,0,0,0,0,0,0,0,0,0,0,0,0,0,0,0,0,0,-0.0813788458771159,0,0,0,0,0,0,0,0,0,0,0,0,0,0,0,0,0,0,0,0,0,0,0,0,0
"Ryan Brasier","NH",0.606492146744422,0.544485911235828,"BOS","Boston Red Sox",2018,2018,31,0,1,1,31,0,0,0,0,0,0,0,0,0,162,108,54,1,1,54,1,1,0,876,5623,1509,208,647,0.519,0.267,3.9,497,0,0,0,-0.244136537631348,0,0,0,0,0,0,0,0,0,0,0,0,0,0,0,0,0,0,0,0,0,0,0,0,0,-0.732409612894043,0,0,0,0,0,0,0,0,0,0,0,0,0,0,0,0,0,0,0,0,0,0,0,0,0
"Ryan Buchter","NH",0.591182692100055,0.495716992868427,"OAK","Oakland Athletics",2019,2019,32.5,2,0,1,32.5,2,0,0,0,0,0,0,0,0,162,97,65,0,1,32,0,0,1,845,5561,1384,257,680,0.489,0.259,3.98,498,0,0,0,-0.323380833381777,0,0,0,0,0,0,0,0,0,0,0,0,0,0,0,0,0,0,0,0,0,0,0,0,0,-1.29352333352711,0,0,0,0,0,0,0,0,0,0,0,0,0,0,0,0,0,0,0,0,0,0,0,0,0
"Ryan Buchter","NH",0.62569374076225,0.605653404979572,"OAK","Oakland Athletics",2018,2018,31.5,1,1,1,31.5,1,0,0,0,0,0,0,0,0,162,97,65,0,1,32,0,0,0,813,5579,1407,227,674,0.488,0.259,3.98,498,0,0,0,-0.161690416690889,0,0,0,0,0,0,0,0,0,0,0,0,0,0,0,0,0,0,0,0,0,0,0,0,0,-0.323380833381777,0,0,0,0,0,0,0,0,0,0,0,0,0,0,0,0,0,0,0,0,0,0,0,0,0
"Ryne Stanek","NH",0.610938551093472,0.558650121246214,"SEA","Seattle Mariners",2024,2024,33.1,2,1,1,33.1,2,0,0,0,0,0,0,0,0,162,85,77,0,0,8,0,0,1,676,5330,1195,185,607,0.477,0.257,4.29,506,0,0,0,-0.0803219328902499,0,0,0,0,0,0,0,0,0,0,0,0,0,0,0,0,0,0,0,0,0,0,0,0,0,-0.0803219328902499,0,0,0,0,0,0,0,0,0,0,0,0,0,0,0,0,0,0,0,0,0,0,0,0,0
"Ryne Stanek","NH",0.607722316030413,0.548404667774205,"HOU","Houston Astros",2023,2023,32.1,1,0,1,32.1,1,0,0,0,0,0,0,0,0,162,90,72,1,1,18,0,0,0,827,5567,1441,222,698,0.501,0.255,3.8,506,0,0,0,-0.164398987305357,0,0,0,0,0,0,0,0,0,0,0,0,0,0,0,0,0,0,0,0,0,0,0,0,0,-0.328797974610715,0,0,0,0,0,0,0,0,0,0,0,0,0,0,0,0,0,0,0,0,0,0,0,0,0
"Ryne Stanek","NH",0.643289431799529,0.661705226533572,"HOU","Houston Astros",2021,2021,30.1,0,1,1,30.1,0,0,0,0,0,0,0,0,0,162,95,67,1,1,28,1,0,0,863,5593,1496,221,658,0.498,0.255,3.81,506,0,0,0,-0.493196961916072,0,0,0,0,0,0,0,0,0,0,0,0,0,0,0,0,0,0,0,0,0,0,0,0,0,-2.95918177149643,0,0,0,0,0,0,0,0,0,0,0,0,0,0,0,0,0,0,0,0,0,0,0,0,0
"Scott Feldman","NH",0.443093380460652,0.327196202787141,"HOU","Houston Astros",2014,2016,32.5,2.091,1,3,33.5,3.091,0,0,0,0,0,0,0,0,162,84,78,0,0,6,0,0,0,724,5545,1367,198,701,0.489,0.254,3.82,511,0,0,0,-0.164398987305357,-0.0792428851750327,-0.0834057656228299,0,0,0,0,0,0,0,0,0,-0.161164592805076,0,0,0,0,0,0,0,0,0,7.41249316661101,0,9.66755079953234,0,-0.328797974610715,-0.158485770350065,-0.16681153124566,0,0,0,0,0,0,0,0,0,-0.322329185610152,0,0,0,0,0,0,0,0,0,741.249316661101,0,1305.11935793687,0
"Scott Feldman","NH",0.730446461358472,0.63612364264069,"CHC","Chicago Cubs",2013,2013,30.5,0.090999999999999,1,1,30.5,0.090999999999999,0,0,0,0,0,0,0,0,162,66,96,0,0,-30,0,0,1,612,5496,1307,172,695,0.511,0.263,3.68,511,0,-0.0912870929175277,-0.0182574185835055,-1.31965775814772,-1.56179037940089,-1.60717729822336,-0.205195670417031,-0.485071250072666,-0.353553390593274,0,-0.196116135138184,-0.812276932106895,0,0,0,-1.16743446317404,0,0,-0.316227766016838,0,0,-0.28073263225142,-0.229102597104441,0.409898942249358,0.489017871862711,1.95083453826393,-0.289278427070186,0.0842151921066519,-0.679582269536737,21.1145241303635,59.348034417234,59.4655600342642,-0.410391340834062,-2.910427500436,-0.707106781186547,0,-0.196116135138184,6.49821545685516,0,0,0,15.1766480212625,0,0,-0.316227766016838,0,0,-0.04547868642473,-0.0371146207309195,-0.121739985848059,-0.224459203184984,44.8691943800705,-0.0578556854140372,0.0842151921066519,-7.47540496490411
"Sergio Romo","NH",0.599086277810506,0.520894201023555,"MIA","Miami Marlins",2019,2019,36.4,10.097,1,1,36.4,10.097,0,0,0,0,0,0,0,0,162,57,105,0,0,-48,0,0,0,615,5512,1326,146,808,0.462,0.257,4.31,518,0,0,0,-2.84604989415154,0,0,0,0,0,0,0,0,0,0,0,0,0,0,0,0,0,0,0,0,0,0,0,0,0,102.457796189455,0,0,0,0,0,0,0,0,0,0,0,0,0,0,0,0,0,0,0,0,0,0,0,0,0
"Sergio Romo","NH",0.59974472284662,0.522991705667685,"LAD","Los Angeles Dodgers",2017,2017,34.4,8.097,1,1,34.4,8.097,0,0,0,0,0,0,0,0,164,104,58,1,1,46,1,0,0,770,5408,1347,221,580,0.527,0.262,3.53,518,0,0,0,-2.57863348488122,0,0,0,0,0,0,0,0,0,0,0,0,0,0,0,0,0,0,0,0,0,0,0,0,0,82.5162715161989,0,0,0,0,0,0,0,0,0,0,0,0,0,0,0,0,0,0,0,0,0,0,0,0,0
"Shane Robinson","NH",0.611724640315155,0.561154241867902,"LAA","Los Angeles Angels",2017,2017,32.8,2,1,1,32.8,2,0,0,0,0,0,0,0,0,162,80,82,0,0,-2,0,0,0,710,5415,1314,186,709,0.501,0.258,3.95,519,0,-0.0456435464587638,-0.00456435464587638,-1.58610317143629,-1.32762567316904,-1.2321393819516,-0.741998516004452,-0.456171552761823,0,0,0,-0.0916698497028211,-0.436435780471985,0,-0.375,-0.376889180722205,-0.188982236504614,0,0,-0.333333333333333,0,0.324689034597221,0.430129288100442,-0.270070332499007,0.486608801531158,2.21326697997275,0.411584304054786,3.0012252399939,-0.339140051366533,31.7220634287258,46.4668985609165,38.1963208404997,5.19398961203116,-2.73702931657094,0,0,0,-0.0916698497028211,-0.87287156094397,0,-1.125,-1.88444590361102,-0.188982236504614,0,0,-0.333333333333333,0,-0.0629896727118608,-0.110543227041813,-0.0523936445048073,-0.219460569490552,57.5449414792914,-0.102484491709642,105.042883399787,-2.0348403081992
"Shane Robinson","NH",0.609758499823149,0.554891017776587,"MIN","Minnesota Twins",2015,2015,30.8,0,1,1,30.8,0,0,0,0,0,0,0,0,0,162,83,79,0,0,4,0,0,0,696,5467,1349,156,700,0.48,0.263,3.97,519,0,-0.130311672828921,-0.0390935018486762,6.77692162170013,-8.08300790764285,-7.87838597158335,-3.11111111111111,-3.64998197544216,-1.20049009599756,1.34164078649987,0,-1.539600717839,-1.04446593573419,-0.447213595499958,-1.39497166492583,-2.4336259390604,-0.730296743340221,-0.258198889747161,1.73205080756888,-0.353553390593274,0,-0.306109699986438,-0.36610720118378,-0.387081864651648,-0.537869013579461,-4.37368852246167,0.402130849174937,4.789474720714,-3.40587727318528,562.48449460111,1592.35255780564,1418.109474885,87.1111111111111,164.249188894897,8.40343067198293,4.02492235949962,0,24.633611485424,6.26679561440512,-0.447213595499958,16.73965997911,70.5751522327515,2.92118697336089,-0.258198889747161,5.19615242270663,-0.353553390593274,0,-0.0765274249966095,-0.10946605315395,-0.124640360417831,-0.334016657432845,314.90557361724,-0.121443516450831,383.15797765712,197.540881844746
"Shelby Miller","NH",0.622527696155124,0.595567835337855,"PIT","Pittsburgh Pirates",2021,2021,30.8,2,1,1,30.8,2,0,0,0,0,0,0,0,0,162,61,101,0,0,-40,0,0,0,609,5336,1261,124,833,0.502,0.264,3.74,524,0,0,0,-0.951661902861773,-0.0401609664451249,-0.042678959977632,0,0,0,0,0,0,0,0,0,0,0,0,0,0,0,0,0,0,0,4.80015360737319,0,6.28148634537008,0,11.4199428343413,-0.0401609664451249,-0.042678959977632,0,0,0,0,0,0,0,0,0,0,0,0,0,0,0,0,0,0,0,480.015360737319,0,785.185793171259,0
"Shelby Miller","NH",0.58158164743593,0.465132457080355,"TEX","Texas Rangers",2019,2019,28.8,0,1,1,28.8,0,0,0,0,0,0,0,0,0,162,78,84,0,0,-6,0,0,1,810,5540,1374,223,878,0.478,0.259,4.28,524,0,-0.0360374985078224,-0.00360374985078224,-0.157134840263677,-0.109326077561851,-0.0386333704643128,0,0,0,0,0,0,0,0,-0.235702260395516,-0.0783260449987957,0,0,0,0,0,0,0.816700679563817,0,0.657533897259072,7.24436845535481,0.681175454637056,13.5646599662505,0,-0.314269680527354,-0.327978232685552,-0.0386333704643128,0,0,0,0,0,0,0,0,-0.471404520791032,-0.0783260449987957,0,0,0,0,0,0,0.544739353269066,0,-0.438575109471801,709.948108624772,-0.316065410951594,2495.8974337901,0
"Steve Cishek","NH",0.623202726967868,0.58162098960202,"CHC","Chicago Cubs",2018,2019,32.2,2,1,2,32.2,2,0,0,0,0,0,0,0,0,163,95,68,0,1,27,0,0,0,761,5624,1453,167,645,0.513,0.263,3.68,528,0,0,0,6.26837435120165,-0.246598480958036,-0.260623345657842,-0.102597835208515,-0.0808452083454443,0,0,0,0,0,0,0,-0.179605302026775,0,0,0,0,0,0.289397219666587,-0.236173664916307,-0.230481896820346,-0.354777671743536,0.933007822647968,-0.193816546137025,-3.87389883690599,-0.0617802063215215,476.396450691326,-1.47959088574822,-1.56374007394705,-0.102597835208515,-0.0808452083454443,0,0,0,0,0,0,0,-0.35921060405355,0,0,0,0,0,-0.04832933568432,-0.0394410020410232,-0.0384904767689978,-0.118140964690597,10.2630860491276,-0.0259714171823613,178.199346497675,-0.0617802063215215
"Steve Cishek","NH",0.62417683820611,0.583815193383025,"SEA","Seattle Mariners",2016,2017,30.2,0,1,2,30.2,0,0,0,0,0,0,0,0,0,162,86,76,0,0,10,0,0,1,768,5583,1446,223,707,0.47,0.26,4.32,528,0,0,0,-0.481931597341499,0,0,0,0,0,0,0,0,0,0,0,0,0,0,0,0,0,0,0,0,0,0,0,0,0,-2.891589584049,0,0,0,0,0,0,0,0,0,0,0,0,0,0,0,0,0,0,0,0,0,0,0,0,0
"Tj Mcfarland","NH",0.595400642311903,0.509153452516262,"ARI","Arizona Diamondbacks",2019,2019,30.2,2,0,1,30.2,2,0,0,0,0,0,0,0,0,162,85,77,0,0,8,0,0,0,813,5633,1419,220,743,0.495,0.257,4.21,536,0,0.0442807442770048,-0.00442807442770048,-3.76301161441955,-0.193455808133534,-0.121566134770966,0,0,0,0,0,0,0,0,0,-0.29277002188456,0,0,-0.894427190999916,0,0,0,0,0,0,8.16496580927726,0,24.7398464021101,0,176.861545877719,-0.967279040667671,-0.364698404312898,0,0,0,0,0,0,0,0,0,-0.87831006565368,0,0,1.78885438199983,0,0,0,0,0,0,816.496580927726,0,7496.17345983936,0
"Tj Mcfarland","NH",0.623315863835352,0.598078576977564,"ARI","Arizona Diamondbacks",2018,2018,29.2,1,0,1,29.2,1,0,0,0,0,0,0,0,0,162,82,80,0,0,2,0,0,0,693,5460,1283,176,644,0.493,0.257,4.21,536,0,0.0442807442770048,-0.00442807442770048,-3.682947537517,-0.270838131386948,-0.283654314465588,0,0,0,0,0,0,0,0,0,-0.58554004376912,0,0,0,0,0,0,0,0,0,8.16496580927726,0,11.839200423452,0,169.415586725782,-1.89586691970864,-1.98558020125911,0,0,0,0,0,0,0,0,0,-3.51324026261472,0,0,0,0,0,0,0,0,0,816.496580927726,0,1716.68406140054,0
"Tj Mcfarland","NH",0.60955665942979,0.554248046626037,"ARI","Arizona Diamondbacks",2017,2017,28.2,0,1,1,28.2,0,0,0,0,0,0,0,0,0,162,93,69,0,1,24,0,0,0,812,5525,1405,220,659,0.493,0.258,4.23,536,0,0,0,-3.28262715300429,-0.193455808133534,-0.202610224618277,0,-0.0737209780774486,0,0,0,0,0,0,0,-0.29277002188456,0,0,0,0,0,0.355222416662694,-0.308239965748377,-0.27017161347915,-0.406347977785749,-0.163299316185545,-0.250797254568831,-2.77608837515427,-0.0560772154092044,134.587713273176,-0.967279040667671,-1.01305112309138,0,-0.0737209780774486,0,0,0,0,0,0,0,-0.87831006565368,0,0,0,0,0,-0.0710444833325388,-0.0616479931496754,-0.0540343226958299,-0.1625391911143,-0.32659863237109,-0.0401275607310129,94.3870047552451,-0.0560772154092044
"Todd Frazier","NH",0.564365770198584,0.410290548526789,"TEX","Texas Rangers",2020,2020,34.5,8.071,1,1,34.5,8.071,0,0,0,0,0,0,0,0,60,22,38,0,0,-16,0,0,0,224,1936,420,62,312,0.477,0.259,4.28,537,0,-0.0720749970156447,-0.0144149994031289,-3.53553390593274,-6.26802844687943,-6.06543916289711,-1.4485719366803,-2.72029410174709,-1.42302494707577,-0.447213595499958,-0.742781352708207,-1.2,-0.2,-0.353553390593274,-1.29636243217534,-3.28969388994942,-0.267261241912424,-0.917662935482247,0,0,0,-0.33375440072005,-0.369780517583617,0.467735621579277,0.674292632271672,6.50514718440024,0.444819316282388,6.41372509273803,-3.35410196624968,159.099025766973,1078.10089286326,952.273948574846,23.1771509868847,100.650881764642,12.8072245236819,-0.447213595499958,2.97112541083283,14.4,-0.2,-0.353553390593274,14.2599867539287,138.167143377876,-0.267261241912424,3.67065174192899,0,0,0,-0.0787660385699319,-0.111673716310252,-0.178675007443284,-0.461216160473824,572.452952227221,-0.134780252833564,557.994083068208,201.246117974981
"Todd Frazier","NH",0.528357561698863,0.453766531898262,"NYM","New York Mets",2018,2019,33,6.571,1,2,33.5,7.071,0,0,0,0,0,0,0,0,162,86,76,0,0,10,0,0,0,791,5624,1445,242,737,0.481,0.25,3.79,537,0,1.00861672220308,2.31981846106709,10.6145555634194,19.1076975476337,18.5606647473109,6.36396103067893,9.14476170639053,3.30747546315826,-0.755928946018454,3.83405790253616,7.84175686214075,-0.204124145231932,-0.707106781186547,-4.19313934688767,8.62615766297429,-2.06474160483506,-2.26778683805536,0,0,-0.377964473009227,-0.251,-0.329,-0.443,-0.545886435076015,-4.92789417187129,-0.353317347355261,-4.87462819094954,12.1630433133122,1411.73588993478,9534.74107626922,8296.61714204796,400.929544932772,1024.21331111574,62.8420338000069,1.51185789203691,80.5152159532594,525.39770976343,-0.204124145231932,-1.41421356237309,167.725573875507,914.372712275275,18.5826744435155,27.2134420566644,0,0,-0.377964473009227,-0.063001,-0.108241,-0.196249,-0.421424327878683,517.428888046485,-0.118361311364012,531.3344728135,2408.28257603582
"Tommy Hunter","NH",0.624024678730408,0.600336536947898,"NYM","New York Mets",2022,2022,36.1,8,1,1,36.1,8,0,0,0,0,0,0,0,0,162,101,61,0,1,40,0,0,1,772,5489,1422,171,606,0.483,0.25,3.79,539,0,0,0,-0.159617376893524,0,0,0,0,0,0,0,0,0,0,0,0,0,0,0,0,0,0,0,0,0,0,0,0,0,-0.319234753787049,0,0,0,0,0,0,0,0,0,0,0,0,0,0,0,0,0,0,0,0,0,0,0,0,0
"Tommy Hunter","NH",0.447517334034558,0.219773982956159,"PHI","Philadelphia Phillies",2019,2020,33.1,4,0,2,33.1,4,0,0,0,0,0,0,0,0,162,81,81,0,0,0,0,0,1,774,5571,1369,215,794,0.472,0.261,3.98,539,0,0,0,-0.392837100659193,0,0,0,0,0,0,0,0,0,0,0,0,0,0,0,0,0,0,0,0,0,0,0,0,0,-1.96418550329597,0,0,0,0,0,0,0,0,0,0,0,0,0,0,0,0,0,0,0,0,0,0,0,0,0
"Tommy Hunter","NH",0.626251225066359,0.588487788578869,"PHI","Philadelphia Phillies",2018,2019,32.1,2,1,2,32.1,2,0,0,0,0,0,0,0,0,162,80,82,0,0,-2,0,0,1,677,5424,1270,186,728,0.472,0.261,3.98,539,0,0,0,-4.71404520791032,-0.0371647073123583,-0.0399680383488716,0,0,0,0,0,0,0,0,0,0,0,0,0,0,0,0,0,0,0,7.53778361444409,0,10.7777651205839,0,282.842712474619,-0.0371647073123583,-0.0399680383488716,0,0,0,0,0,0,0,0,0,0,0,0,0,0,0,0,0,0,0,753.778361444409,0,1562.77594248467,0
"Tommy Hunter","NH",0.722251154381152,0.750473562278446,"CLE","Cleveland Guardians",2016,2016,30.1,0,1,1,30.1,0,0,0,0,0,0,0,0,0,161,94,67,1,1,27,1,0,0,777,5484,1435,185,676,0.51,0.266,3.84,539,0,0,0,-0.238667185252719,0,0,0,0,0,0,0,0,0,0,0,0,0,0,0,0,0,0,0,0,0,0,0,0,0,-0.716001555758157,0,0,0,0,0,0,0,0,0,0,0,0,0,0,0,0,0,0,0,0,0,0,0,0,0
"Tommy Pham","NH",0.616220759341576,0.575476820095752,"CHW","Chicago White Sox",2024,2024,36.4,2,1,1,36.4,2,0,0,0,0,0,0,0,0,162,41,121,0,0,-80,0,0,0,507,5383,1187,133,813,0.5,0.26,3.8,543,0,0.103975048982007,-0.0207950097964015,9.22846449643847,18.2901616898618,17.5439489022358,5.85662018573853,8.23962551160115,-3.08606699924184,1.34164078649987,-1.87662972651367,-4.2054781549341,2.02072594216369,1.5,-3.75239387193228,9.05619117179767,-1.17851130197758,-0.534522483824849,0,-0.316227766016838,0,-0.248,-0.305,-0.260215295476649,-0.389134081433808,-3.48474848776142,-0.277376189838594,-3.56098202633961,9.87731432576502,1070.50188158686,8742.69728775394,7719.33751698375,286.974389101188,898.119180764526,61.7213399848368,4.02492235949962,16.8896675386231,164.01364804243,14.1450815951458,4.5,131.33378551763,959.956264210553,5.8925565098879,-1.0690449676497,0,-0.316227766016838,0,-0.061504,-0.093025,-0.095759228735407,-0.262276370886386,320.596860874051,-0.0854318664702868,345.415256554942,1600.12492077393
"Tommy Pham","NH",0.577453458356114,0.451981935333141,"NYM","New York Mets",2023,2023,35.4,1,1,1,35.4,1,0,0,0,0,0,0,0,0,162,75,87,0,0,-12,0,0,0,717,5363,1276,215,729,0.482,0.25,3.8,543,0,-0.657793514480272,0.986690271720408,10.2953208096323,18.418441924673,17.6886872088466,5.55583899503716,8.89981273211221,4.70009671080384,-1.13389341902768,2.92118697336089,7.95879800933688,4.49073119510249,-1.06066017177982,4.92693873259302,8.62615766297429,2.52357307257618,-0.377964473009227,0,2.12132034355964,-0.377964473009227,-0.256,-0.328,-0.446,-0.547300648638388,-5.20948812454965,-0.360700097897012,-4.87462819094954,11.6716072198451,1328.09638444257,8859.2705657677,7535.38075096866,305.571144727044,970.079587800231,126.902611191704,3.40168025708304,46.7389915737742,541.198264634908,98.7960862922549,3.18198051533946,231.566120431872,914.372712275275,27.759303798338,-0.755928946018454,0,12.7279220613579,-0.377964473009227,-0.065536,-0.107584,-0.198916,-0.423610702046112,578.253181825011,-0.123359433480778,531.3344728135,2217.60537177056
"Tommy Pham","NH",0.594061668965417,0.504888096019388,"CIN","Cincinnati Reds",2022,2022,34.4,0,1,1,34.4,0,0,0,0,0,0,0,0,0,162,62,100,0,0,-38,0,0,0,648,5380,1264,156,815,0.504,0.261,3.76,543,0,-0.227184733698826,-0.0908738934795304,11.9175247958741,25.7165349714959,24.0415522277921,9.13120733355787,10.2293814037037,3.73109268600754,-0.577350269189626,-2.91547594742265,6.3,3.2659863237109,-1.22474487139159,8.64098759787715,15.1818181818182,4.85071250072666,-1.4,0,2.04124145231932,0,-0.33375440072005,0.441234631460406,0.489820914520692,0.686,6.65217232549223,0.453159134171432,6.08697642933518,11.8334023748331,1716.12357060587,15995.6847522704,13319.0199341968,812.677452686651,1340.04896388518,85.8151317781734,-0.577350269189626,49.563091106185,396.9,26.1278905896872,3.67423461417477,483.89530548112,2535.36363636364,97.0142500145332,9.8,0,10.2062072615966,0,-0.0787660385699319,-0.137665205015647,-0.183193022030739,-0.470596,592.043336968808,-0.138213535922287,517.39299649349,2449.51429159045
"Tony Barnette","NH",0.591199957317248,0.495771991951506,"TEX","Texas Rangers",2018,2018,34.8,2,0,1,34.8,2,0,0,0,0,0,0,0,0,162,67,95,0,0,-28,0,0,1,737,5453,1308,194,848,0.478,0.26,4.26,544,0,0,0,-0.0785674201318386,0,0,0,0,0,0,0,0,0,0,0,0,0,0,0,0,0,0,0,0,0,0,0,0,0,-0.0785674201318386,0,0,0,0,0,0,0,0,0,0,0,0,0,0,0,0,0,0,0,0,0,0,0,0,0
"Tony Barnette","NH",0.579383920136396,0.529905262881503,"TEX","Texas Rangers",2016,2017,33.3,0.5,1,2,33.8,1,0,0,0,0,0,0,0,0,162,78,84,0,0,-6,0,0,1,799,5430,1326,237,816,0.479,0.26,4.25,544,0,0,0,-0.235702260395516,0,0,0,0,0,0,0,0,0,0,0,0,0,0,0,0,0,0,0,0,0,0,0,0,0,-0.707106781186548,0,0,0,0,0,0,0,0,0,0,0,0,0,0,0,0,0,0,0,0,0,0,0,0,0
"Travis Darnaud","NH",0.630449289819071,0.487903230213914,"ATL","Atlanta Braves",2024,2024,35.5,7,0,1,35.5,7,0,0,0,0,0,0,0,0,162,89,73,0,1,16,0,0,0,704,5481,1333,213,607,0.504,0.26,3.67,547,0,-0.477809467039376,-0.525590413743314,7.77817459305202,-12.8428029904878,-12.2996952813003,-4.08248290463863,-5.3670667412848,-2.43997712532167,0,-2.37170824512628,-4.70678724331642,-0.333333333333333,0,-2.4,6.8259884007416,-1.6681153124566,-1.34164078649987,0,-1.33333333333333,0,-0.274818728134262,-0.348719562590534,-0.389970255275963,-0.522551911296859,-4.88816367812537,-0.346681112013952,-4.6004239386102,-7.36530611305279,770.03928471215,4379.39581975634,3776.0064513592,163.299316185545,391.79587211379,39.0396340051468,0,35.5756236768943,225.925787679188,-0.333333333333333,0,57.6,607.512967666002,13.3449224996528,8.04984471899924,0,5.33333333333333,0,-0.0654068572959543,-0.105313307902341,-0.17002703130032,-0.386165862448378,503.480858846913,-0.110937955844465,464.64281779963,986.951019149074
"Travis Darnaud","NH",0.554254801435721,0.53635527567341,"ATL","Atlanta Braves",2023,2024,34.5,5,0,2,34.5,5,0,0,0,0,0,0,0,0,162,104,58,1,1,46,0,0,0,947,5597,1543,307,716,0.503,0.26,3.67,547,0,-0.0868744485526139,-0.0173748897105228,-5.81398908975606,-10.9973562264588,-10.6971291208703,-3.16392425109494,-4.41128773256285,-1.98248141432386,0,-1.73925271309261,-3.82426463519459,0,0,-2.1,-5.13866542527738,-1.25108648434245,-0.670820393249937,0,-0.333333333333333,0,-0.259807621135332,-0.332553755053224,-0.355087594826967,-0.484368145112785,-3.9864635821605,-0.32501354251308,-3.68944890126164,-5.82628692525071,430.235192641948,3211.22801812596,2856.13347527237,98.0816517839431,264.677263953771,25.7722583862102,0,19.1317798440187,149.146320772589,0,0,44.1,344.290583493585,7.50651890605469,-2.01246117974981,0,-0.333333333333333,0,-0.0584567147554496,-0.0957754814553286,-0.140969775146306,-0.331792179402258,334.862940901482,-0.0975040627539239,298.845361002193,617.586414076576
"Travis Darnaud","NH",0.601941340278105,0.533729318473893,"ATL","Atlanta Braves",2022,2023,33.5,3,0,2,33.5,3,1,0,0,0,0,0,0,0,162,101,61,1,1,40,0,0,1,789,5509,1394,243,609,0.502,0.26,3.67,547,0,1.21624227973659,3.40547838326246,8.40671395410673,16.0440881933953,15.8654049882571,6.22578642957391,7.79327499419436,3.81246425831512,-0.577350269189626,-2.84604989415154,5.88348405414552,0,0,-1.9,6.90268489962633,2.5021729686849,2.45967477524977,0,0,0,-0.309459744285639,-0.368349471742981,-0.42216963415196,-0.559321463918559,-5.55257427515212,-0.375932330840129,-5.32920396848904,10.2784495756781,899.51839308942,6834.7815703864,6282.7003753498,379.772972204009,826.087149384602,95.3116064578779,-0.577350269189626,51.2288980947277,353.009043248731,0,0,36.1,621.24164096637,30.0260756242188,27.0564225277475,0,0,0,-0.0829352114685514,-0.117503481486011,-0.199264067319725,-0.44242327795958,649.651190192798,-0.130448518801525,623.516864313218,1922.07007065181
"Travis Darnaud","NH",0.615119229539571,0.563412760475203,"ATL","Atlanta Braves",2020,2021,32,1.5,1,2,32.5,2,1,0,0,1,0,0,0,0,161,88,73,1,1,15,1,1,0,790,5363,1307,239,656,0.501,0.26,3.67,547,0,-0.0868744485526139,-0.0173748897105228,-4.71404520791032,-8.62463895842142,-8.37340818824679,-2.14330352493528,-3.38198726163152,-2.13497998465647,0,-1.10679718105893,-2.54950975679639,0,0,-1.7,-4.06491444089106,-1.45960089839952,-0.447213595499958,0,-0.333333333333333,0,-0.254034118443435,-0.327934952899707,-0.347037750107967,-0.474468650176173,-3.6068003838595,-0.316346514712731,-3.18841263071994,-4.45216265042743,282.842712474619,1975.04232147851,1750.04231134358,45.0093740236409,155.57141403505,29.8897197851905,0,7.74758026741253,66.2872536767062,0,0,28.9,215.440465367226,10.2172062887967,-0.894427190999916,0,-0.333333333333333,0,-0.0558875060575558,-0.0931335266235169,-0.134650647041891,-0.318368464268212,274.116829173322,-0.0923731822961174,223.188884150396,360.625174684622
"Travis Jankowski","NH",0.612147723818657,0.562501992347864,"TEX","Texas Rangers",2023,2023,32.2,1,1,1,32.2,1,0,0,0,0,0,0,0,0,162,90,72,0,1,18,1,1,0,881,5595,1470,233,716,0.476,0.258,4.29,548,0,-0.576599976125158,-0.922559961800252,8.40671395410673,-10.4588614200837,-9.54244250468526,-3.07821536544563,-4.77889504360975,-1.89736659610103,-0.447213595499958,-0.185695338177052,-3,3.8,-0.353553390593274,-4.12478955692153,-3.28969388994942,-1.60356745147455,-0.458831467741123,-0.5,-0.632455532033676,0,0.371938166904124,0.437124651580633,-0.40651368158199,0.67922167198126,6.87475781987753,0.487392782197204,7.37209780774486,-4.58393935387457,899.51839308942,3001.69322756402,2356.98329865726,104.659322425151,310.628177834634,22.7683991532123,-0.447213595499958,-0.185695338177052,90,72.2,-0.353553390593274,144.367634492253,138.167143377876,9.62140470884728,-0.917662935482247,-0.5,-1.26491106406735,0,-0.0978197378957846,-0.156053500614286,-0.134962542285221,-0.467983731995088,639.35247724861,-0.161814403689472,737.209780774486,375.883027017715
"Travis Jankowski","NH",0.619582298953167,0.586185147382039,"PHI","Philadelphia Phillies",2021,2021,30.2,0,1,1,30.2,0,0,0,0,0,0,0,0,0,162,82,80,0,0,2,0,0,0,734,5366,1288,198,745,0.472,0.261,3.99,548,0,-0.233126202060078,-0.116563101030039,-5.97112393001973,-5.83485904804026,-5.23581302370218,-2.277979189806,-2.53098446319632,-0.986393923832144,-1,-0.133630620956212,-0.870388279778489,-1.50755672288882,0,-1.95991577402445,-1.97778358446437,-0.242535625036333,-0.301511344577764,-0.666666666666667,0,1.51185789203691,0.450431103403992,0.514773736703807,0.46779213856403,0.715,7.23627226986633,0.505184358383211,7.50727087709638,-2.49470026491455,453.8054186815,916.07287054232,685.891506104985,54.6715005553439,83.5224872854786,5.91836354299286,2,-0.133630620956212,8.70388279778489,7.53778361444409,0,43.1181470285378,57.3557239494668,-0.242535625036333,-0.301511344577764,-1.33333333333333,0,6.04743156814764,-0.113508638057806,-0.187377640160186,-0.164195040635975,0.511225,694.682137907167,-0.170247128775142,758.234358586734,114.756212186069
"Travis Shaw","NH",0.605950021136977,0.542758947074889,"MIL","Milwaukee Brewers",2021,2021,31.3,5.053,1,1,31.3,5.053,0,0,0,0,0,0,0,0,162,95,67,1,1,28,0,0,0,738,5362,1251,194,623,0.483,0.257,4.17,549,0,0.330289129537908,-0.198173477722745,6.6407830863536,-9.85138007798876,-9.38937119507904,-2.18217890235992,-3.81528386590613,-1.94454364826301,0,-1.40556385699745,-4.02254286040929,0,0,-2.29878308453076,-4.737784497183,-0.471404520791032,-0.801783725737273,-0.577350269189626,-0.316227766016838,0,0.383482494423685,-0.286,0.519258938258399,0.715628269952157,7.05857842711723,-0.353350432258183,3.98690887270443,-4.95380116530745,557.825779253702,2462.84501949719,2065.66166291739,43.6435780471985,167.87249009987,21.3899801308931,0,12.6500747129771,156.879171555962,0,0,55.1707940287383,322.169345808444,-0.942809041582063,2.40535117721182,-1.15470053837925,-0.316227766016838,0,-0.076696498884737,-0.081796,-0.193683583970383,0.471599029898471,543.510538888027,-0.104238377516164,306.991983198241,406.211695555211
"Travis Shaw","NH",0.574072569099528,0.441211968930429,"TOR","Toronto Blue Jays",2020,2020,30.3,4.053,1,1,30.3,4.053,0,0,0,0,0,0,0,0,60,32,28,0,1,4,0,0,0,302,2023,516,88,312,0.495,0.26,4.24,549,0,-0.0750586625040802,-0.015011732500816,-3.92837100659193,-6.6896473162245,-6.38357266740185,-1.58525817400853,-2.94812288947197,-1.60128153805087,0,-0.894427190999916,-1.68325082306035,0,0,-1.75622815983505,-4.00320384512718,-0.852802865422442,0,0,-0.408248290463863,0,0.414167278444996,0.467189184662631,0.560338784935815,0.767382752386183,8.17629817532677,0.434086826048683,5.30330085889911,-3.57619543498028,196.418550329597,1204.13651692041,1040.5223447865,26.9493889581451,114.976792689407,16.0128153805087,0,5.3665631459995,28.6152639920259,0,0,28.0996505573607,200.160192256359,3.41121146168977,0,0,-0.408248290463863,0,-0.0989859795483539,-0.142959890506765,-0.23029924060862,0.550213433460893,776.748326656043,-0.134566916075092,477.29707730092,239.605094143679
"Trevor Cahill","NH",0.53295390911121,0.310226730139764,"LAA","Los Angeles Angels",2019,2019,31.4,9.098,1,1,31.4,9.098,0,0,0,0,0,0,0,0,162,72,90,0,0,-18,0,0,1,769,5542,1368,220,868,0.499,0.257,3.97,550,0,0,0,-0.158610317143629,-0.113796486271632,-0.119239295027575,0,-0.0760285921269706,0,0,0,0,0,0,0,-0.0753778361444409,0,0,0,0,0,0.557327054231312,0.557327054231312,0.463574333619429,0.719663127763376,6.72492659299411,0.487619958619124,6.51694623541534,-0.0565233418944222,-0.317220634287258,-0.341389458814897,-0.357717885082724,0,-0.0760285921269706,0,0,0,0,0,0,0,-0.0753778361444409,0,0,0,0,0,-0.185589909059027,-0.185589909059027,-0.15437025309527,0.480015306218172,531.269200846535,-0.143847887792641,495.287913891565,-0.0565233418944222
"Trevor Cahill","NH",0.644537711944084,0.665681675981552,"CHC","Chicago Cubs",2016,2016,28.4,6.098,0,1,28.4,6.098,0,0,0,0,0,0,0,0,162,103,58,1,1,45,1,1,0,808,5503,1409,199,556,0.513,0.263,3.68,550,0,0,0,-4.04145188432738,-0.452097215089733,-0.347497794210456,-0.102597835208515,-0.0808452083454443,0,0,0,-0.101534616513362,0,0,-0.112508790092602,-0.35921060405355,0,0,-0.632455532033676,0,0,-0.216614685379182,-0.313955410846827,-0.172516389835589,-0.369693249534555,0.339275571871988,-0.241547486603605,-4.12654441322594,-0.0617802063215215,198.031142332042,-4.97306936598706,-2.77998235368364,-0.102597835208515,-0.0808452083454443,0,0,0,-0.101534616513362,0,0,-0.112508790092602,-1.4368424162142,0,0,-1.26491106406735,0,0,-0.0270768356723977,-0.0696981012079956,-0.0215645487294486,-0.128283557588491,-1.35710228748795,-0.0403384302628021,202.200676248071,-0.0617802063215215
"Tyler Clippard","NH",0.617268143180267,0.578813305824016,"CLE","Cleveland Guardians",2019,2019,34.5,9.148,1,1,34.5,9.148,0,0,0,0,0,0,0,0,162,93,69,0,0,24,0,0,1,769,5425,1354,223,657,0.512,0.266,3.83,557,0,0,0,-0.159111456835146,0,0,0,0,0,0,0,0,0,0,0,0,0,0,0,0,0,0,0,0,0,0,0,0,0,-0.318222913670292,0,0,0,0,0,0,0,0,0,0,0,0,0,0,0,0,0,0,0,0,0,0,0,0,0
"Tyler Clippard","NH",0.605950021136977,0.542758947074889,"TOR","Toronto Blue Jays",2018,2018,33.5,8.148,1,1,33.5,8.148,0,0,0,0,0,0,0,0,162,73,89,0,0,-16,0,0,0,709,5477,1336,217,832,0.496,0.261,4.23,557,0,0,0,-0.157134840263677,0,0,0,0,0,0,0,0,0,0,0,0,0,0,0,0,0,0,0,0,0,0,0,0,0,-0.314269680527354,0,0,0,0,0,0,0,0,0,0,0,0,0,0,0,0,0,0,0,0,0,0,0,0,0
"Tyler Clippard","NH",0.512394579117051,0.379010519466994,"ARI","Arizona Diamondbacks",2016,2017,31.5,6.148,1,2,31.5,6.148,0,0,0,0,0,0,0,0,162,69,93,0,0,-24,0,0,0,752,5665,1479,190,890,0.488,0.258,4.27,557,0,0,0,-3.1224989991992,0,0,0,0,0,0,0,0,0,0,0,0,0,0,0,0,0,0,0,0,0,0,0,0,0,121.777460968769,0,0,0,0,0,0,0,0,0,0,0,0,0,0,0,0,0,0,0,0,0,0,0,0,0
"Tyler Flowers","NH",0.575746699681737,0.446544983044693,"ATL","Atlanta Braves",2019,2019,33.6,2,0,1,33.6,2,0,0,0,0,0,0,0,0,162,97,65,1,1,32,0,0,0,855,5560,1432,249,743,0.501,0.26,3.66,558,0,0.0868744485526139,-0.0173748897105228,6.67823071120628,-11.675275445898,-10.8573857369133,-3.67423461417477,-4.55833065698161,-1.67748427365865,1.73205080756888,-1.73925271309261,-3.33397429734913,0,0,-3.1,8.05313238289739,-1.6681153124566,-1.34164078649987,0,-0.666666666666667,-0.904534033733291,-0.264426423288849,-0.368349471742981,-0.369398429882965,-0.518309270609739,-4.03392148194812,-0.34018084116369,-3.59835139752679,-6.1560767512083,567.649610452534,3619.33538822838,2942.3515347035,132.272446110292,282.61650073286,18.4523270102452,5.19615242270663,19.1317798440187,113.35512610987,0,0,96.1,845.578900204226,13.3449224996528,8.04984471899924,0,-1.33333333333333,2.71360210119987,-0.0605536509331463,-0.117503481486011,-0.152561551541665,-0.379920695356939,342.88332596559,-0.106816784125399,284.269760404616,689.48059613533
"Tyler Flowers","NH",0.623728398408603,0.687714868385362,"ATL","Atlanta Braves",2016,2017,31.1,0.5,1,2,31.6,1,0,0,0,0,0,0,0,0,163,72,90,0,0,-18,0,0,0,732,5584,1467,165,821,0.5,0.26,3.66,558,0,0.868744485526139,1.73748897105228,7.77817459305202,13.9350061773621,12.7003368214078,-4.1845449772546,-6.54341013663489,-2.43997712532167,0,-1.89736659610103,-4.80484531088551,0,-0.5,-3.1,-6.28911290854844,-1.25108648434245,4.47213595499958,0,-0.666666666666667,-0.301511344577764,-0.32447085128457,0.436476803507357,-0.398020099994963,-0.581948880916529,-5.45765847557687,-0.404100171191262,-5.78469148716332,-7.75006091000331,770.03928471215,5155.95228562399,4026.00677238628,171.566344067438,582.363502160505,39.0396340051468,0,22.7683991532123,235.43742023339,0,-0.5,96.1,515.707258500972,7.50651890605469,89.4427190999916,0,-1.33333333333333,-0.301511344577764,-0.0911763092109641,-0.164988231725781,-0.177118944497758,-0.478943928994303,627.63072469134,-0.150729363854341,734.655818869741,1092.75858831047
"Wade Leblanc","NH",0.563609539955145,0.407881544949199,"SEA","Seattle Mariners",2019,2019,35,4,0,1,35,4,0,0,0,0,0,0,0,0,162,68,94,0,0,-26,0,0,1,758,5500,1305,239,893,0.471,0.26,4.33,562,0,-0.0442807442770048,-0.00442807442770048,-0.1606438657805,-0.0774403092662366,0,0,0,0,0,0,0,0,0,-0.119522860933439,0,0,0,-0.707106781186547,0,0,0,1,0,0,0,0.834266144584568,24.6576560118759,0,-0.321287731561,-0.154880618532473,0,0,0,0,0,0,0,0,0,-0.119522860933439,0,0,0,-0.707106781186547,0,0,0,1,0,0,0,0.58064923663086,14991.8548552206,0
"Wade Leblanc","NH",0.648921771730802,0.679647284739204,"SEA","Seattle Mariners",2018,2018,34,3,1,1,34,3,0,0,0,0,0,0,0,0,162,89,73,0,0,16,0,0,0,677,5513,1402,176,711,0.472,0.26,4.32,562,0,-0.0442807442770048,-0.00442807442770048,-0.24096579867075,-0.154880618532473,-0.123508045438893,0,-0.0749531688995861,0,0,0,0,0,0,0,-0.156173761888606,0,0,-0.707106781186547,0,0,0.470933116270241,-0.333,0.422910422910634,0.667,6.70862741685524,-0.357200159606611,-3.36609448846332,-0.0547175655164583,-0.722897396012249,-0.619522474129893,-0.370524136316678,0,-0.0749531688995861,0,0,0,0,0,0,0,-0.312347523777212,0,0,-0.707106781186547,0,0,-0.15682072771799,-0.110889,-0.140829170829241,-0.444889,597.067840100116,-0.10644564756277,279.385842542456,-0.0547175655164583
"Wade Leblanc","NH",0.597154143018041,0.514739303533251,"PIT","Pittsburgh Pirates",2017,2017,33,2,0,1,33,2,0,0,0,0,0,0,0,0,165,75,87,0,0,-12,0,0,0,668,5458,1331,151,731,0.504,0.264,3.72,562,0,0,0,-3.64803729430346,-0.200804832225625,-0.21339479988816,0,-0.0827605888602368,0,0,0,-0.0928476690885259,0,0,0,-0.251754407489007,0,0,0,0,0,-0.2,-0.2,-0.2,-0.282842712474619,-0.336010752516124,-0.207523155852675,0.502518907629606,-0.0577350269189626,167.809715537959,-1.00402416112812,-1.0669739994408,0,-0.0827605888602368,0,0,0,-0.0928476690885259,0,0,0,-0.75526322246702,0,0,0,0,0,-0.04,-0.04,-0.04,-0.113137084989848,-2.35207526761286,-0.0371466448976289,-5.02518907629606,-0.0577350269189626
"Wade Leblanc","NH",0.61418046481097,0.56897737516319,"PIT","Pittsburgh Pirates",2016,2016,32,1,1,1,32,1,0,0,0,0,0,0,0,0,162,78,83,0,0,-5,0,0,0,729,5542,1426,153,758,0.504,0.265,3.71,562,0,0,0,-0.634441268574515,-0.0401609664451249,-0.042678959977632,0,0,0,0,0,0,0,0,0,-0.0839181358296689,0,0,0,0,0,0,0,0,0,4.80015360737319,0,7.78904306825889,0,-5.07553014859612,-0.0401609664451249,-0.042678959977632,0,0,0,0,0,0,0,0,0,-0.0839181358296689,0,0,0,0,0,0,0,0,0,480.015360737319,0,1207.30167558013,0
"Wade Leblanc","NH",0.605524279384927,0.541402728631212,"LAA","Los Angeles Angels",2014,2014,30,0,1,1,30,0,0,0,0,0,0,0,0,0,162,98,64,1,1,34,0,0,0,773,5652,1464,155,630,0.501,0.258,3.94,562,0,0,0,-0.158610317143629,0,0,0,0,0,0,0,0,0,0,0,0,0,0,0,0,0,0,0,0,0,0,0,0,0,-0.317220634287258,0,0,0,0,0,0,0,0,0,0,0,0,0,0,0,0,0,0,0,0,0,0,0,0,0
"Wade Miley","NH",0.691947205957246,0.655085420550226,"HOU","Houston Astros",2019,2019,32.8,1,1,1,32.8,1,0,0,0,0,0,0,0,0,162,107,55,1,1,52,1,0,0,920,5613,1538,288,640,0.496,0.255,3.81,563,0,0,0,-0.246598480958036,-0.237728655525098,-0.16681153124566,-0.106600358177805,0,0,0,0,0,0,0,-0.140028008402801,-0.080582296402538,0,0,-0.288675134594813,0,0,0,-0.282842712474619,0,-0.2,2.89087233497829,-0.207670970871851,4.51152370644843,0,-0.739795442874108,-1.42637193315059,-0.667246124982639,-0.106600358177805,0,0,0,0,0,0,0,-0.140028008402801,-0.080582296402538,0,0,-0.288675134594813,0,0,0,-0.0565685424949238,0,-0.04,112.744021064153,-0.0288662649511873,284.225993506251,0
"Wade Miley","NH",0.628161561121549,0.613514751607773,"MIL","Milwaukee Brewers",2018,2018,31.8,0,1,1,31.8,0,0,0,0,0,0,0,0,0,163,96,67,1,1,29,0,0,1,754,5542,1398,218,659,0.48,0.258,4.17,563,0,0,0,-1.26491106406735,-1.10335456873474,-1.15233191939606,-0.109108945117996,-0.43355498476206,0,0,0,0,0,0,-0.0957826285221151,-0.766406315720779,0,0,0,0,0,0.354721307341909,-0.214,-0.257541296455238,-0.433286312156162,-0.82502864732539,-0.213208057430361,-0.673114485002047,-0.302061046665088,20.2385770250776,30.8939279245727,31.1129618236937,-0.109108945117996,-2.1677749238103,0,0,0,0,0,0,-0.0957826285221151,8.43046947292857,0,0,0,0,0,-0.0656234418582531,-0.045796,-0.0476451398442191,-0.172881238550309,7.42525782592851,-0.0379510342226043,8.75048830502661,-1.51030523332544
"Willians Astudillo","NH",0.605469736817694,0.541228980965426,"MIN","Minnesota Twins",2019,2019,27.8,1,0,1,27.8,1,0,0,0,0,0,0,0,0,162,101,61,1,1,40,0,0,0,939,5732,1547,307,754,0.481,0.263,3.99,570,0,0,0,-4.73568016938081,-8.37022138659463,-8.31607408111576,-3.11111111111111,-4.13664623883445,-1.54348726628258,0,-0.624695047554424,-2.02072594216369,0,0,-0.581238193719096,-0.671345086637351,-1.09544511501033,-1.29099444873581,0,-1.41421356237309,0,-0.328149598385462,-0.36610720118378,0.455602567400542,0.587238633183373,-4.79890823992322,0.396804612762024,4.72960628670507,-4.22798558050587,274.669449824087,1707.5251628653,1580.05407541199,87.1111111111111,210.968958180557,13.8913853965432,0,-2.4987801902177,42.4352447854375,0,0,-2.90619096859548,-5.37076069309881,6.57267069006199,6.45497224367903,0,5.65685424949238,0,-0.0879440923673037,-0.10946605315395,-0.172673373044805,-0.398147793298327,379.113750953934,-0.118247774603083,373.638896649701,304.414961796422
"Willians Astudillo","NH",0.606043793806017,0.543057663897122,"MIN","Minnesota Twins",2018,2018,26.8,0,1,1,26.8,0,0,0,0,0,0,0,0,0,162,78,84,0,0,-6,0,0,1,738,5526,1379,166,775,0.48,0.263,3.99,570,0,-0.347497794210456,-0.277998235368364,-2.36784008469041,-3.97995820833176,-4.0704994186514,-1,-2.67665344865758,-0.685994340570035,-0.447213595499958,-0.468521285665818,-2.02072594216369,0,0,-0.232495277487639,-0.251754407489007,-0.730296743340221,-0.258198889747161,0,-0.353553390593274,0,0.434675773980742,0.454266794779874,0.620292677516305,0.76826057173105,8.44364867530794,0.504660900123514,8.26184389323164,-2.81865705367058,68.6673624560218,386.055946208181,378.55644593458,9,88.3295638057002,-2.74397736228014,-0.447213595499958,-1.40556385699745,42.4352447854375,0,0,-0.464990554975277,-0.75526322246702,2.92118697336089,-0.258198889747161,0,-0.353553390593274,0,-0.154309899763163,-0.168532980863333,-0.320071021598413,0.681447127125441,1173.6671658678,-0.191266481146812,1140.13445726597,135.295538576188
"Wilson Ramos","NH",0.746206915683564,0.804434362609097,"DET","Detroit Tigers",2021,2021,34,6,1,1,34,6,0,0,0,0,0,0,0,0,162,77,85,0,0,-8,0,0,0,697,5376,1299,179,756,0.504,0.265,4,574,0,0.234888087805881,-0.0939552351223526,-3.52281938371192,-6.27852540853646,-6.04968725562328,-1.58113883008419,-2.28535032040091,-0.821994936526786,0,-1.4368424162142,-2.14422506967559,0,0,-0.90913729009699,-2.69076633390697,-0.471404520791032,0,0,-0.316227766016838,0,0.363530037342603,-0.350724963468528,0.520837733773723,0.683225014604746,6.40035460010554,0.456213783266991,6.28283965051425,-3.57294800505248,155.004052883324,1023.39964159144,913.502775599115,23.7170824512628,70.8458599324281,4.10997468263393,0,11.4947393297136,42.8845013935118,0,0,8.18223561087291,96.8675880206509,-0.942809041582063,0,0,-0.316227766016838,0,-0.0745236576552337,-0.0869797909401948,-0.206772580308168,-0.441363359434666,486.426949608021,-0.12728364553149,458.647294487541,214.376880303149
"Wilson Ramos","NH",0.484868504176177,0.324276428151621,"NYM","New York Mets",2019,2020,32,2,1,2,32,2,0,0,0,0,0,0,0,0,162,86,76,0,0,10,0,0,0,791,5624,1445,242,737,0.481,0.25,3.79,574,0,-0.920910920272381,1.933912932572,11.2530250709935,20.0649970239681,19.6402559854095,5.2527932316715,11.1043535006171,3.30747546315826,0,-2.55603860169078,8.54400374531753,-0.204124145231932,0,-4.61245328157644,-5.615140365521,3.67065174192899,-0.755928946018454,0,-1.06066017177982,1.88982236504614,-0.288,-0.351,-0.416,-0.543058007951268,-4.97482649731768,-0.354372026004082,-4.82990683139955,12.1016138016288,1586.67653501008,10514.0584405593,9289.8410810987,273.145248046918,1510.19207608392,62.8420338000069,0,35.7845404236709,623.71227340818,-0.204124145231932,0,202.947944389363,387.444685220949,58.7304278708638,3.02371578407382,0,3.18198051533946,9.44911182523068,-0.082944,-0.123201,-0.173056,-0.417068550106574,527.331608715674,-0.119069000737372,521.629937791151,2384.01791892088
"Yasmani Grandal","NH",0.319646346142908,0.190295608890283,"CHW","Chicago White Sox",2020,2023,33.3,2.5,1,4,34.8,4,0,0,0,0,0,0,0,0,162,61,101,0,0,-40,0,0,0,641,5501,1308,171,841,0.502,0.26,3.79,577,0,0.311925146946022,-0.187155088167613,9.38757595327361,15.496894318816,14.4737578443445,-3.9442544108035,-6.42539604115686,-2.16024689946929,0,-1.6681153124566,-3.55848151571347,0,0,-3.85960512541606,7.34747585636414,2.59272486435067,-1.0690449676497,0,-0.632455532033676,-0.707106781186547,-0.234,-0.309,-0.23970919882224,-0.373545624165688,-2.99233837536035,-0.264768181209567,-2.97360354776813,-7.49944235845122,1107.73396248629,6276.24219912047,5253.97409749707,130.160395556515,546.158663498333,30.24345659257,0,13.3449224996528,117.429890018544,0,0,138.945784514978,631.882923647316,28.5199735078574,4.27617987059879,0,-1.26491106406735,-0.707106781186547,-0.054756,-0.095481,-0.0812614184007392,-0.2416840188352,236.394731653468,-0.0778418452756126,240.861887369218,922.4314100895
"Yasmani Grandal","NH",0.781609013608291,0.542758947074889,"MIL","Milwaukee Brewers",2019,2019,30.8,0,1,1,30.8,0,2,1,0,0,0,1,0,0,162,89,73,0,1,16,0,0,0,769,5542,1366,250,766,0.481,0.258,4.18,577,0,1.37620470640795,3.44051176601988,12.095712050144,24.9042888371556,21.8943064685252,8.6196066643217,10.9255856160039,4.59619407771256,-1,4.37286533288097,7.94194359619271,-1.21267812518166,-0.408248290463863,10.4403065089105,9.68458889865349,3.77123616632825,-1.33630620956212,0,-1.58113883008419,-0.894427190999916,0.471683468141133,-0.38,0.651509874275954,0.920869154657707,10.9087121146357,0.443185287917043,6.36869858886552,14.4989302399242,1850.64394367204,15739.5105450823,11231.7792183534,680.948926481414,1376.62378761649,119.501046020527,2,122.440229320667,611.529656906839,6.06339062590832,-0.408248290463863,1137.99340947125,1346.15785691283,60.3397786612521,6.68153104781061,0,7.90569415042095,1.78885438199983,-0.116034133162719,-0.1444,-0.304906621161147,0.780897043149736,1298.13674164165,-0.163978556529306,783.349926430459,3479.74325758182
"Yusmeiro Petit","NH",0.526451011675098,0.424949435720821,"OAK","Oakland Athletics",2019,2020,34.8,4,0,2,34.8,4,0,0,0,0,0,0,0,0,162,97,65,0,1,32,0,0,1,845,5561,1384,257,680,0.489,0.259,3.98,581,0,0,0,-0.485071250072666,-0.0393749615479079,-0.0419960525565808,0,0,0,0,0,0,0,0,0,0,-0.196116135138184,0,0,0,0,0,0,0,0,7.55928946018454,0,8.61961442345241,0,-2.910427500436,-0.0393749615479079,-0.0419960525565808,0,0,0,0,0,0,0,0,0,0,-0.196116135138184,0,0,0,0,0,0,0,0,755.928946018454,0,991.255658697027,0
"Yusmeiro Petit","NH",0.621081645140706,0.576843213119961,"OAK","Oakland Athletics",2018,2019,33.8,2,1,2,33.8,2,0,0,0,0,0,0,0,0,162,97,65,0,1,32,0,0,0,813,5579,1407,227,674,0.488,0.259,3.98,581,0,0,0,-0.323380833381777,0,0,0,0,0,0,0,0,0,0,0,0,0,0,0,0,0,0,0,0,0,0,0,0,0,-1.29352333352711,0,0,0,0,0,0,0,0,0,0,0,0,0,0,0,0,0,0,0,0,0,0,0,0,0
"Yusmeiro Petit","NH",0.674300651051618,0.63917298687386,"LAA","Los Angeles Angels",2017,2017,32.8,1,1,1,32.8,1,0,0,0,0,0,0,0,0,162,80,82,0,0,-2,0,0,0,710,5415,1314,186,709,0.501,0.258,3.95,581,0,0,0,-0.158610317143629,0,0,0,0,0,0,0,0,0,0,0,0,0,0,0,0,0,0,0,0,0,0,0,0,0,-0.317220634287258,0,0,0,0,0,0,0,0,0,0,0,0,0,0,0,0,0,0,0,0,0,0,0,0,0
"Zach Duke","NE",0.729434433601591,0.69157614384874,"CIN","Cincinnati Reds",2019,2019,36.2,13,1,1,36.2,13,0,0,0,0,0,0,0,0,162,75,87,0,0,-12,0,0,1,701,5450,1328,227,711,0.505,0.261,3.75,582,0,0,0,-2.40005707694687,0,0,0,0,0,0,0,0,0,0,0,0,0,0,0,0,0,0,0,0,0,0,0,0,0,69.6016552314591,0,0,0,0,0,0,0,0,0,0,0,0,0,0,0,0,0,0,0,0,0,0,0,0,0
"Zach Duke","NH",0.48079814095224,0.390874987328073,"STL","St Louis Cardinals",2016,2018,33.2,6,1,3,33.2,6,0,0,0,0,0,0,0,0,162,86,76,0,0,10,0,0,0,779,5548,1415,225,712,0.52,0.267,3.67,582,0,0,0,-2.44136537631348,0,0,0,0,0,0,0,0,0,0,0,0,0,0,0,0,0,0,0,0,0,0,0,0,0,73.2409612894044,0,0,0,0,0,0,0,0,0,0,0,0,0,0,0,0,0,0,0,0,0,0,0,0,0
"Zach Duke","NE",0.630000582590681,0.586992110005172,"CHW","Chicago White Sox",2015,2017,32.2,3,1,3,32.2,3,0,0,0,0,0,0,0,0,162,76,86,0,0,-10,0,0,0,622,5533,1381,136,701,0.504,0.261,3.75,582,0,0,0,-0.477334370505438,0,0,0,0,0,0,0,0,0,0,0,0,0,0,0,0,0,0,0,0,0,0,0,0,0,-2.86400622303263,0,0,0,0,0,0,0,0,0,0,0,0,0,0,0,0,0,0,0,0,0,0,0,0,0
"Zach Duke","NE",0.727292375111437,0.714888421831891,"MIL","Milwaukee Brewers",2014,2014,31.2,2,1,1,31.2,2,0,0,0,0,0,0,0,0,162,82,80,0,0,2,0,0,0,650,5462,1366,150,657,0.478,0.259,4.19,582,0,0,0,-5.29681508078203,-0.0788110406239101,-0.042678959977632,0,0,0,0,0,0,0,0,0,-0.0696733014291618,0,0,-0.288675134594813,0,0,0,0,0,0,9.16698497028211,0,20.7112149231399,0,354.886610412396,-0.15762208124782,-0.042678959977632,0,0,0,0,0,0,0,0,0,-0.0696733014291618,0,0,-0.288675134594813,0,0,0,0,0,0,916.698497028211,0,8284.48596925596,0
"Zach Duke","NE",0.609766183367757,0.55491549403446,"CIN","Cincinnati Reds",2013,2013,30.2,1,1,1,30.2,1,0,0,0,0,0,0,0,0,162,90,72,0,1,18,0,0,0,707,5499,1370,155,598,0.509,0.262,3.71,582,0,-0.0567961834247065,-0.00567961834247065,-2.06901472150592,-0.0826898230594723,-0.0867926073205492,0,-0.156173761888606,0,0,0,0,0,0,0,0,0,0,0,0,0,1.41421356237309,1.41421356237309,1.30968158962752,2,34.0082967202131,1.34759126129013,39.3863180721688,-0.114332390095006,51.725368037648,-0.165379646118945,-0.173585214641098,0,-0.312347523777212,0,0,0,0,0,0,0,0,0,0,0,0,0,1.41421356237309,1.41421356237309,1.30968158962752,4,15473.775007697,1.22226527399015,21662.4749396928,-0.228664780190012
"Zack Greinke","NH",0.657787817974262,0.610173601590197,"ARI","Arizona Diamondbacks",2016,2021,34.3,7.5,1,6,35.8,9,6,1,1,1,0,0,0,1,162,85,77,0,0,8,0,0,0,813,5633,1419,220,743,0.495,0.257,4.21,584,0,-0.354245954216038,-0.283396763372831,-2.00160192256359,-2.16670505109558,-2.02610224618277,-0.725866186311298,-1.03209369308428,-0.603022689155527,-0.408248290463863,-0.588348405414552,-0.867721831274625,-0.182574185835055,-0.316227766016838,-0.269679944985297,-1.17108008753824,-0.516397779494322,0,1.78885438199983,0,0,0.497311383327772,0.4746895472525,0.783497679089534,0.902092510684363,9.96125828731826,0.561158857097759,9.87960862922549,-1.62623924686693,50.0400480640897,121.335482861353,101.305112309138,5.08106330417908,14.4493117031799,-2.41209075662211,-0.408248290463863,-1.76504521624366,6.941774650197,-0.182574185835055,-0.316227766016838,-0.539359889970594,14.0529610504589,-1.03279555898864,0,7.15541752799933,0,0,-0.139247187331776,-0.14620438055377,0.45442865387193,0.801058149487714,1215.27351105283,-0.200894870840998,1195.43264413628,47.1609381591409
"Zack Greinke","NH",0.698292342686935,0.662849423218629,"LAD","Los Angeles Dodgers",2013,2018,30.8,1,1,6,31.8,2,7,1,3,1,0,1,1,0,162,92,70,1,1,22,0,0,1,667,5385,1346,187,595,0.525,0.262,3.53,584,0,-0.24913643956122,-0.149481863736732,-2.41746889207614,-3.01555273245364,-2.7606869054916,-0.857690027870236,-1.18585412256314,-0.333333333333333,0,-0.348155311911396,-0.295598783449288,-0.25,0,-0.125988157669742,-1.02105494048526,0,0,2.21880078490092,-0.288675134594813,0,-0.316783837971573,-0.328097546470558,-0.396062284664083,-0.514295634824952,-3.91596753843983,-0.353217042310233,2.63752189358315,-1.33911177240104,72.5240667622842,232.19756039893,184.966022667937,6.86152022296189,17.7878118384471,-0.666666666666667,0,-0.696310623822791,-0.886796350347864,-0.25,0,-0.125988157669742,14.2947691667937,0,0,17.7504062792073,-0.288675134594813,0,-0.0709595797056324,-0.0761186307811695,-0.135849363639781,-0.295719990024347,231.04208476795,-0.0890106946621787,105.500875743326,30.7995707652239
