"player","position","year","team","team_whole_name","age","years_experience","id_contract","contract_value","average_annual_contract_value","dummy_team_change","years_contract","initial_contract_year","reference_end_contract_year","awards","MVP_price","CYA_price","SS_price","team_g","team_w","team_l","team_divs","team_playoffs","team_games_over_500","team_pnnts","team_ws","team_hof","team_r","team_ab","team_h","team_hr","team_ra","team_w_l_percent","team_ba","team_era","war","war_to_2","g","pa","ab","r","h","x2b","x3b","hr","rbi","sb","cs","bb","so","gidp","hbp","sh","sf","ibb","ba","obp","slg","ops","ops_plus","r_oba","rbat","tb","pos","leader","g_to_2","pa_to_2","ab_to_2","r_to_2","h_to_2","x2b_to_2","x3b_to_2","hr_to_2","rbi_to_2","sb_to_2","cs_to_2","bb_to_2","so_to_2","gidp_to_2","hbp_to_2","sh_to_2","sf_to_2","ibb_to_2","ba_to_2","obp_to_2","slg_to_2","ops_to_2","ops_plus_to_2","r_oba_to_2","rbat_to_2","tb_to_2","leader_to_2"
"Aaron Harang","NH","2012","LAD","Los Angeles Dodgers",34.2,1.061,5,12000000,6000000,1,2,"2012","2013",0,0,0,0,162,86,76,0,0,10,0,0,0,637,5438,1369,116,597,0.524,0.262,3.54,-0.5,0.25,29,63,56,1,4,1,0,0,2,0,0,0,23,1,0,7,0,0,0.071,0.071,0.089,0.161,-56,0.069,-112,5,"1",0,841,3969,3136,1,16,1,0,0,4,0,0,0,529,1,0,49,0,0,0.005041,0.005041,0.007921,0.025921,3136,0.004761,12544,25,0
"Aaron Harang","NH","2013","NYM","New York Mets",35.2,2.061,5,12000000,6000000,1,2,"2012","2013",0,0,0,0,162,74,88,0,0,-14,0,0,0,619,5559,1318,130,684,0.478,0.251,3.77,0.1,0.01,6,11,11,1,2,0,0,0,0,0,0,0,6,0,0,0,0,0,0.182,0.182,0.182,0.364,5,0.248,47,2,"1",0,36,121,121,1,4,0,0,0,0,0,0,0,36,0,0,0,0,0,0.033124,0.033124,0.033124,0.132496,25,0.061504,2209,4,0
"Aaron Harang","NH","2014","ATL","Atlanta Braves",36.2,3.061,6,1000000,1000000,1,1,"2014","2014",0,0,0,0,161,79,83,0,0,-4,0,0,4,573,5470,1316,123,597,0.501,0.26,3.64,-0.5,0.25,32,71,61,2,5,0,0,0,1,0,0,1,29,2,0,9,0,0,0.082,0.097,0.082,0.179,-49,0.084,-102,5,"1",0,1024,5041,3721,4,25,0,0,0,1,0,0,1,841,4,0,81,0,0,0.006724,0.009409,0.006724,0.032041,2401,0.007056,10404,25,0
"Aaron Harang","NH","2015","PHI","Philadelphia Phillies",37.2,4.061,7,5000000,5000000,1,1,"2015","2015",0,0,0,0,162,63,99,0,0,-36,0,0,1,626,5529,1374,130,809,0.472,0.261,3.97,0.2,0.04,28,58,48,4,8,1,0,0,0,0,0,1,18,2,0,9,0,0,0.167,0.184,0.188,0.371,4,0.185,-21,9,"1",0,784,3364,2304,16,64,1,0,0,0,0,0,1,324,4,0,81,0,0,0.027889,0.033856,0.035344,0.137641,16,0.034225,441,81,0
"Aaron Hicks","NH","2023","BAL","Baltimore Orioles",33.8,0,8,720000,720000,1,1,"2023","2023",0,0,0,0,162,101,61,1,1,40,0,0,0,807,5495,1399,183,678,0.474,0.258,4.05,0.5,0.25,93,312,269,44,68,9,1,8,36,6,0,42,69,3,0,0,1,1,0.253,0.353,0.383,0.735,106,0.328,106,103,"879H/D",0,8649,97344,72361,1936,4624,81,1,64,1296,36,0,1764,4761,9,0,0,1,1,0.064009,0.124609,0.146689,0.540225,11236,0.107584,11236,10609,0
"Aaron Hicks","NH","2024","LAA","Los Angeles Angels",34.8,1,9,740000,740000,1,1,"2024","2024",0,0,0,0,162,63,99,0,0,-36,0,0,0,635,5357,1227,165,797,0.495,0.256,4,-0.7,0.49,18,63,57,6,8,0,0,1,5,0,0,6,23,1,0,0,0,0,0.14,0.222,0.193,0.415,19,0.196,14,11,"/9DH781",0,324,3969,3249,36,64,0,0,1,25,0,0,36,529,1,0,0,0,0,0.0196,0.049284,0.037249,0.172225,361,0.038416,196,121,0
"Aaron Hill","NH","2012","ARI","Arizona Diamondbacks",30.3,0,10,11000000,5500000,0,2,"2012","2013",2,1,0,1,162,81,81,0,0,0,0,0,0,734,5462,1416,165,688,0.498,0.258,4.26,5.1,26.01,156,668,609,93,184,44,6,26,85,14,5,52,86,15,4,1,2,7,0.302,0.36,0.522,0.882,133,0.384,135,318,"4/H",0,24336,446224,370881,8649,33856,1936,36,676,7225,196,25,2704,7396,225,16,1,4,49,0.091204,0.1296,0.272484,0.777924,17689,0.147456,18225,101124,0
"Aaron Hill","NH","2013","ARI","Arizona Diamondbacks",31.3,1,10,11000000,5500000,0,2,"2012","2013",0,0,0,0,162,81,81,0,0,0,0,0,0,685,5676,1468,130,695,0.498,0.258,4.23,1.1,1.21,87,362,327,45,95,21,1,11,41,1,4,29,48,6,5,0,1,2,0.291,0.356,0.462,0.818,124,0.359,127,151,"4/H",0,7569,131044,106929,2025,9025,441,1,121,1681,1,16,841,2304,36,25,0,1,4,0.084681,0.126736,0.213444,0.669124,15376,0.128881,16129,22801,0
"Aaron Hill","NH","2017","SF","San Francisco Giants",35.3,2,11,2000000,2000000,1,1,"2017","2017",0,0,0,0,168,64,98,0,0,-34,0,0,0,639,5551,1382,128,776,0.537,0.264,3.56,-0.9,0.81,34,80,68,7,9,2,1,1,7,0,0,11,13,2,0,0,1,0,0.132,0.25,0.235,0.485,30,0.237,30,16,"H/457",0,1156,6400,4624,49,81,4,1,1,49,0,0,121,169,4,0,0,1,0,0.017424,0.0625,0.055225,0.235225,900,0.056169,900,256,0
"Aaron Loup","NH","2021","NYM","New York Mets",33.7,0,12,3000000,3000000,1,1,"2021","2021",0,0,0,0,162,77,85,0,0,-8,0,0,0,636,5210,1243,176,668,0.48,0.25,3.8,0,0,63,0,0,0,0,0,0,0,0,0,0,0,0,0,0,0,0,0,0,0,0,0,0,0,0,0,"1",0,3969,0,0,0,0,0,0,0,0,0,0,0,0,0,0,0,0,0,0,0,0,0,0,0,0,0,0
"Abraham Almonte","NH","2019","ARI","Arizona Diamondbacks",30.1,3.161,15,691688.341292727,691688.341292727,1,1,"2019","2019",0,0,0,0,162,85,77,0,0,8,0,0,0,813,5633,1419,220,743,0.495,0.257,4.21,0.5,0.25,17,38,31,11,9,3,1,1,4,0,0,7,8,1,0,0,0,0,0.29,0.421,0.548,0.969,149,0.407,150,17,"/9H8",0,289,1444,961,121,81,9,1,1,16,0,0,49,64,1,0,0,0,0,0.0841,0.177241,0.300304,0.938961,22201,0.165649,22500,289,0
"Abraham Almonte","NH","2021","ATL","Atlanta Braves",32.1,4.059,16,990000,990000,1,1,"2021","2021",0,0,0,0,161,88,73,1,1,15,1,1,0,790,5363,1307,239,656,0.501,0.26,3.67,-0.7,0.49,64,175,148,20,32,12,0,5,19,1,1,26,38,2,0,0,1,0,0.216,0.331,0.399,0.73,93,0.32,91,59,"7H/9",0,4096,30625,21904,400,1024,144,0,25,361,1,1,676,1444,4,0,0,1,0,0.046656,0.109561,0.159201,0.5329,8649,0.1024,8281,3481,0
"Adam Duvall","NH","2021","MIA","Miami Marlins",32.9,0,17,5000000,5000000,1,1,"2021","2021",1,0,0,0,162,67,95,0,0,-28,0,0,0,623,5348,1244,158,701,0.461,0.256,4.3,2.9,8.41,146,555,513,67,117,17,2,38,113,5,0,35,174,7,4,0,3,1,0.228,0.281,0.491,0.772,102,0.333,100,252,"978H",0,21316,308025,263169,4489,13689,289,4,1444,12769,25,0,1225,30276,49,16,0,9,1,0.051984,0.078961,0.241081,0.595984,10404,0.110889,10000,63504,0
"Adam Duvall","NH","2023","BOS","Boston Red Sox",34.9,1,18,7000000,7000000,1,1,"2023","2023",0,0,0,0,162,78,84,0,0,-6,0,0,0,772,5562,1437,182,776,0.518,0.267,3.92,1.6,2.56,92,353,320,45,79,24,2,21,58,4,0,22,110,0,6,0,5,1,0.247,0.303,0.531,0.834,119,0.349,114,170,"89/H7D",0,8464,124609,102400,2025,6241,576,4,441,3364,16,0,484,12100,0,36,0,25,1,0.061009,0.091809,0.281961,0.695556,14161,0.121801,12996,28900,0
"Adam Duvall","NH","2024","ATL","Atlanta Braves",35.9,2,19,3000000,3000000,1,1,"2024","2024",0,0,0,0,162,89,73,0,1,16,0,0,0,704,5481,1333,213,607,0.504,0.26,3.67,-1.4,1.96,104,330,303,29,55,10,0,11,30,0,0,21,99,6,5,0,1,0,0.182,0.245,0.323,0.569,57,0.262,59,98,"79H/D",0,10816,108900,91809,841,3025,100,0,121,900,0,0,441,9801,36,25,0,1,0,0.033124,0.060025,0.104329,0.323761,3249,0.068644,3481,9604,0
"Adam Frazier","H","2023","BAL","Baltimore Orioles",31.7,0,20,8000000,8000000,1,1,"2023","2023",0,0,0,0,162,101,61,1,1,40,0,0,0,807,5495,1399,183,678,0.474,0.258,4.05,1.7,2.89,141,455,412,59,99,21,2,13,60,11,4,32,68,4,4,4,2,0,0.24,0.3,0.396,0.696,94,0.307,95,163,"4H/97D",0,19881,207025,169744,3481,9801,441,4,169,3600,121,16,1024,4624,16,16,16,4,0,0.0576,0.09,0.156816,0.484416,8836,0.094249,9025,26569,0
"Adam Frazier","H","2024","KC","Kansas City Royals",32.7,1,21,4500000,4500000,1,1,"2024","2024",0,0,0,0,162,86,76,0,1,10,0,0,0,735,5421,1343,170,644,0.477,0.263,4.26,0.4,0.16,104,294,262,35,53,10,1,4,22,3,0,22,59,0,7,3,0,0,0.202,0.282,0.294,0.576,65,0.269,67,77,"4H9D7/53",0,10816,86436,68644,1225,2809,100,1,16,484,9,0,484,3481,0,49,9,0,0,0.040804,0.079524,0.086436,0.331776,4225,0.072361,4489,5929,0
"Adam Frazier","H","2025","PIT","Pittsburgh Pirates",33.7,2,22,1525000,1525000,1,1,"2025","2025",0,0,0,0,162,71,91,0,0,-20,0,0,1,583,5375,1244,117,645,0.5,0.263,3.76,1.4,1.96,134,459,419,43,112,20,0,7,44,8,6,26,81,8,8,1,5,2,0.267,0.319,0.365,0.684,91,0.302,90,153,"47H9/D5",0,17956,210681,175561,1849,12544,400,0,49,1936,64,36,676,6561,64,64,1,25,4,0.071289,0.101761,0.133225,0.467856,8281,0.091204,8100,23409,0
"Adam Kolarek","NH","2018","TB","Tampa Bay Rays",29.6,0,23,694114.573020403,694114.573020403,1,1,"2018","2018",0,0,0,0,162,90,72,0,0,18,0,0,0,716,5475,1415,150,646,0.468,0.256,4.36,0,0,3,0,0,0,0,0,0,0,0,0,0,0,0,0,0,0,0,0,0,0,0,0,0,0,0,0,"1",0,9,0,0,0,0,0,0,0,0,0,0,0,0,0,0,0,0,0,0,0,0,0,0,0,0,0,0
"Adam Kolarek","NH","2020","LAD","Los Angeles Dodgers",31.6,1,24,715031.793883292,715031.793883292,1,1,"2020","2020",0,0,0,0,60,43,17,1,1,26,1,1,0,349,2042,523,118,213,0.528,0.261,3.53,0,0,1,0,0,0,0,0,0,0,0,0,0,0,0,0,0,0,0,0,0,0,0,0,0,0,0,0,"1/9",0,1,0,0,0,0,0,0,0,0,0,0,0,0,0,0,0,0,0,0,0,0,0,0,0,0,0,0
"Adam Laroche","H","2013","WSH","Washington Nationals",33.8,9,26,24000000,12000000,0,2,"2013","2014",0,0,0,0,162,86,76,0,0,10,0,0,0,656,5436,1365,161,626,0.48,0.253,3.9,0.6,0.36,152,590,511,70,121,19,3,20,62,4,1,72,131,13,3,0,4,10,0.237,0.332,0.403,0.735,101,0.33,100,206,"3/HD",0,23104,348100,261121,4900,14641,361,9,400,3844,16,1,5184,17161,169,9,0,16,100,0.056169,0.110224,0.162409,0.540225,10201,0.1089,10000,42436,0
"Adam Laroche","H","2014","WSH","Washington Nationals",34.8,10,26,24000000,12000000,0,2,"2013","2014",0,0,0,0,162,96,66,1,1,30,0,0,0,686,5542,1403,152,555,0.482,0.253,3.88,2.4,5.76,140,586,494,73,128,19,0,26,92,3,0,82,108,13,2,0,8,9,0.259,0.362,0.455,0.817,124,0.365,127,225,"3/HD",0,19600,343396,244036,5329,16384,361,0,676,8464,9,0,6724,11664,169,4,0,64,81,0.067081,0.131044,0.207025,0.667489,15376,0.133225,16129,50625,0
"Adam Laroche","H","2015","CHW","Chicago White Sox",35.8,11,27,25000000,12500000,1,2,"2015","2016",0,0,0,0,162,76,86,0,0,-10,0,0,0,622,5533,1381,136,701,0.504,0.261,3.75,-0.5,0.25,127,484,429,41,89,21,0,12,44,0,0,49,133,10,4,0,2,0,0.207,0.293,0.34,0.634,78,0.292,80,146,"D3/H1",0,16129,234256,184041,1681,7921,441,0,144,1936,0,0,2401,17689,100,16,0,4,0,0.042849,0.085849,0.1156,0.401956,6084,0.085264,6400,21316,0
"Adam Moore","NH","2014","SD","San Diego Padres",30.2,0,28,689449.635766739,689449.635766739,1,1,"2014","2014",0,0,0,0,162,77,85,0,0,-8,0,0,1,535,5294,1199,109,577,0.464,0.251,3.92,-0.1,0.01,9,12,10,1,2,1,0,0,1,0,0,2,5,0,0,0,0,1,0.2,0.333,0.3,0.633,86,0.262,59,3,"/H2",0,81,144,100,1,4,1,0,0,1,0,0,4,25,0,0,0,0,1,0.04,0.110889,0.09,0.400689,7396,0.068644,3481,9,0
"Adam Moore","NH","2018","TB","Tampa Bay Rays",34.2,2,30,694114.573020403,694114.573020403,1,1,"2018","2018",0,0,0,0,162,90,72,0,0,18,0,0,0,716,5475,1415,150,646,0.468,0.256,4.36,0,0,8,20,18,2,4,1,0,1,2,0,0,1,7,0,0,1,0,0,0.222,0.263,0.444,0.708,92,0.343,117,8,"/2H",0,64,400,324,4,16,1,0,1,4,0,0,1,49,0,0,1,0,0,0.049284,0.069169,0.197136,0.501264,8464,0.117649,13689,64,0
"Adam Ottavino","NH","2019","NYY","New York Yankees",33.8,0,32,27000000,9000000,1,3,"2019","2021",0,0,0,0,162,103,59,1,1,44,0,0,3,943,5583,1493,306,739,0.57,0.266,3.65,0,0,5,0,0,0,0,0,0,0,0,0,0,0,0,0,0,0,0,0,0,0,0,0,0,0,0,0,"1",0,25,0,0,0,0,0,0,0,0,0,0,0,0,0,0,0,0,0,0,0,0,0,0,0,0,0,0
"Adam Ottavino","NH","2021","BOS","Boston Red Sox",35.8,2,32,27000000,9000000,1,3,"2019","2021",0,0,0,0,162,92,70,0,1,22,0,0,0,829,5495,1434,219,749,0.519,0.267,3.91,0,0,6,0,0,0,0,0,0,0,0,0,0,0,0,0,0,0,0,0,0,0,0,0,0,0,0,0,"1",0,36,0,0,0,0,0,0,0,0,0,0,0,0,0,0,0,0,0,0,0,0,0,0,0,0,0,0
"Adam Rosales","NH","2014","TEX","Texas Rangers",31.2,0,37,750000,750000,1,1,"2014","2014",0,0,0,0,162,67,95,0,0,-28,0,0,0,637,5460,1400,111,773,0.476,0.26,4.24,0.8,0.64,56,181,164,20,43,7,0,4,19,4,2,13,42,5,3,0,0,0,0.262,0.328,0.378,0.706,97,0.335,107,62,"3/5H4D6",0,3136,32761,26896,400,1849,49,0,16,361,16,4,169,1764,25,9,0,0,0,0.068644,0.107584,0.142884,0.498436,9409,0.112225,11449,3844,0
"Adam Rosales","NH","2015","TEX","Texas Rangers",32.2,1,38,900000,900000,0,1,"2015","2015",0,0,0,0,162,88,74,1,1,14,0,0,0,751,5511,1419,172,733,0.477,0.26,4.24,-0.1,0.01,53,125,114,14,26,4,0,3,7,4,4,10,30,4,1,0,0,0,0.228,0.296,0.342,0.638,72,0.283,71,39,"345H/17D",0,2809,15625,12996,196,676,16,0,9,49,16,16,100,900,16,1,0,0,0,0.051984,0.087616,0.116964,0.407044,5184,0.080089,5041,1521,0
"Adam Rosales","NH","2016","SD","San Diego Padres",33.2,2,39,672362.379948466,672362.379948466,1,1,"2016","2016",0,0,0,0,162,68,94,0,0,-26,0,0,1,686,5419,1275,177,770,0.463,0.25,3.93,2.3,5.29,105,248,214,37,49,12,3,13,35,4,0,29,88,2,1,0,4,2,0.229,0.319,0.495,0.814,118,0.345,111,106,"54H6/739D",0,11025,61504,45796,1369,2401,144,9,169,1225,16,0,841,7744,4,1,0,16,4,0.052441,0.101761,0.245025,0.662596,13924,0.119025,12321,11236,0
"Adam Rosales","NH","2017","OAK","Oakland Athletics",34.2,3,40,1250000,1250000,1,1,"2017","2017",0,0,0,0,162,75,87,0,0,-12,0,0,1,739,5464,1344,234,826,0.487,0.259,3.98,-0.7,0.49,105,312,289,25,65,16,0,7,36,1,2,11,100,6,4,4,4,1,0.225,0.26,0.353,0.613,62,0.267,56,102,"65H4/37D",0,11025,97344,83521,625,4225,256,0,49,1296,1,4,121,10000,36,16,16,16,1,0.050625,0.0676,0.124609,0.375769,3844,0.071289,3136,10404,0
"Adam Wainwright","NH","2021","STL","St Louis Cardinals",39.9,1,43,8000000,8000000,0,1,"2021","2021",3,1,1,0,162,90,72,0,1,18,0,0,0,706,5351,1303,198,672,0.521,0.266,3.68,0.2,0.04,33,74,57,1,7,2,0,0,4,0,0,3,25,2,0,14,0,0,0.123,0.167,0.158,0.325,-9,0.166,-35,9,"1/H",0,1089,5476,3249,1,49,4,0,0,16,0,0,9,625,4,0,196,0,0,0.015129,0.027889,0.024964,0.105625,81,0.027556,1225,81,0
"Adam Wainwright","NH","2023","STL","St Louis Cardinals",41.9,3,45,18615381.6220844,18615381.6220844,0,1,"2023","2023",0,0,0,0,162,71,91,0,0,-20,0,0,1,719,5510,1376,209,829,0.52,0.266,3.69,0,0,2,2,2,0,0,0,0,0,0,0,0,0,1,0,0,0,0,0,0,0,0,0,-100,0,-129,0,"1/HD",0,4,4,4,0,0,0,0,0,0,0,0,0,1,0,0,0,0,0,0,0,0,0,10000,0,16641,0,0
"Adam Warren","NH","2019","SD","San Diego Padres",32,6.036,46,2500000,2500000,1,1,"2019","2019",0,0,0,0,162,70,92,0,0,-22,0,0,0,682,5391,1281,219,789,0.461,0.249,3.97,0,0,23,0,0,0,0,0,0,0,0,0,0,0,0,0,0,0,0,0,0,0,0,0,0,0,0,0,"1",0,529,0,0,0,0,0,0,0,0,0,0,0,0,0,0,0,0,0,0,0,0,0,0,0,0,0,0
"Adeiny Hechavarria","NH","2019","NYM","New York Mets",30.3,6.06,48,3000000,3000000,1,1,"2019","2019",0,0,0,0,162,86,76,0,0,10,0,0,0,791,5624,1445,242,737,0.481,0.25,3.79,0.8,0.64,84,221,203,34,49,12,1,9,33,3,1,14,48,3,3,0,1,0,0.241,0.299,0.443,0.742,92,0.33,99,90,"46H/5D",0,7056,48841,41209,1156,2401,144,1,81,1089,9,1,196,2304,9,9,0,1,0,0.058081,0.089401,0.196249,0.550564,8464,0.1089,9801,8100,0
"Adeiny Hechavarria","NH","2020","ATL","Atlanta Braves",31.3,7.037,49,1000000,1000000,0,1,"2020","2020",0,0,0,0,60,35,25,1,1,10,0,0,1,348,2074,556,103,288,0.501,0.26,3.67,-0.2,0.04,27,63,59,7,15,3,0,0,2,0,0,4,12,1,0,0,0,0,0.254,0.302,0.305,0.607,61,0.285,63,18,"4/56HD",0,729,3969,3481,49,225,9,0,0,4,0,0,16,144,1,0,0,0,0,0.064516,0.091204,0.093025,0.368449,3721,0.081225,3969,324,0
"Adrian Sampson","NH","2019","TEX","Texas Rangers",27.8,0,50,691688.341292727,691688.341292727,1,1,"2019","2019",0,0,0,0,162,78,84,0,0,-6,0,0,1,810,5540,1374,223,878,0.478,0.259,4.28,0.1,0.01,3,2,2,0,0,0,0,0,0,0,0,0,1,0,0,0,0,0,0,0,0,0,-100,0.444,172,0,"1",0,9,4,4,0,0,0,0,0,0,0,0,0,1,0,0,0,0,0,0,0,0,0,10000,0.197136,29584,0,0
"Adrian Sampson","NH","2021","CHC","Chicago Cubs",29.8,1,51,674990.669239509,674990.669239509,1,1,"2021","2021",0,0,0,0,162,71,91,0,0,-20,0,0,0,705,5306,1255,210,839,0.513,0.262,3.69,-0.1,0.01,10,11,7,0,0,0,0,0,0,0,0,0,7,0,0,4,0,0,0,0,0,0,-100,0,-265,0,"1/H",0,100,121,49,0,0,0,0,0,0,0,0,0,49,0,0,16,0,0,0,0,0,0,10000,0,70225,0,0
"Aj Burnett","NH","2014","PHI","Philadelphia Phillies",37.6,14.038,53,16000000,16000000,1,1,"2014","2014",0,0,0,0,159,73,89,0,0,-16,0,0,0,619,5603,1356,125,687,0.473,0.261,3.96,0.1,0.01,30,65,60,5,8,2,0,0,1,0,0,3,23,2,0,2,0,0,0.133,0.175,0.167,0.341,-4,0.175,-16,10,"1",0,900,4225,3600,25,64,4,0,0,1,0,0,9,529,4,0,4,0,0,0.017689,0.030625,0.027889,0.116281,16,0.030625,256,100,0
"Aj Burnett","NH","2015","PIT","Pittsburgh Pirates",38.6,15.038,54,8500000,8500000,1,1,"2015","2015",1,0,0,0,162,98,64,0,1,34,0,0,0,697,5631,1462,140,596,0.504,0.265,3.71,-0.1,0.01,24,52,42,1,5,0,0,1,5,0,0,0,20,1,0,9,1,0,0.119,0.116,0.19,0.307,-17,0.132,-73,8,"1",0,576,2704,1764,1,25,0,0,1,25,0,0,0,400,1,0,81,1,0,0.014161,0.013456,0.0361,0.094249,289,0.017424,5329,64,0
"Aj Cole","NH","2021","TOR","Toronto Blue Jays",29.6,3.124,56,1000000,1000000,0,1,"2021","2021",0,0,0,0,162,91,71,0,0,20,0,0,0,846,5476,1455,262,663,0.496,0.261,4.23,0,0,1,0,0,0,0,0,0,0,0,0,0,0,0,0,0,0,0,0,0,0,0,0,0,0,0,0,"/1",0,1,0,0,0,0,0,0,0,0,0,0,0,0,0,0,0,0,0,0,0,0,0,0,0,0,0,0
"Aj Ellis","NH","2017","MIA","Miami Marlins",36.3,6.151,57,2500000,2500000,1,1,"2017","2017",0,0,0,0,162,77,85,0,0,-8,0,0,2,778,5602,1497,194,822,0.47,0.258,4.27,0.6,0.36,51,163,143,17,30,5,0,6,14,0,0,12,29,6,6,2,0,0,0.21,0.298,0.371,0.669,82,0.299,84,53,"2H",0,2601,26569,20449,289,900,25,0,36,196,0,0,144,841,36,36,4,0,0,0.0441,0.088804,0.137641,0.447561,6724,0.089401,7056,2809,0
"Aj Ellis","NH","2018","SD","San Diego Padres",37.3,7.151,58,1592005.90142294,1592005.90142294,1,1,"2018","2018",0,0,0,0,162,66,96,0,0,-30,0,0,1,617,5486,1289,162,767,0.461,0.25,3.96,0.2,0.04,66,183,151,19,41,8,0,1,15,0,0,26,37,2,1,3,2,1,0.272,0.378,0.344,0.722,104,0.326,105,52,"2H/7D",0,4356,33489,22801,361,1681,64,0,1,225,0,0,676,1369,4,1,9,4,1,0.073984,0.142884,0.118336,0.521284,10816,0.106276,11025,2704,0
"Aj Griffin","NH","2016","TEX","Texas Rangers",28.5,3.034,59,507500,507500,1,1,"2016","2016",0,0,0,0,162,95,67,1,1,28,0,0,0,765,5525,1446,215,757,0.479,0.26,4.24,0,0,1,2,2,0,0,0,0,0,0,0,0,0,2,0,0,0,0,0,0,0,0,0,-100,0,-148,0,"1",0,1,4,4,0,0,0,0,0,0,0,0,0,4,0,0,0,0,0,0,0,0,0,10000,0,21904,0,0
"Aj Pierzynski",NA,"2013","TEX","Texas Rangers",36.6,12.1,61,7500000,7500000,1,1,"2013","2013",0,0,0,0,163,91,72,0,0,19,0,0,0,730,5585,1465,176,636,0.477,0.26,4.24,1.8,3.24,134,529,503,48,137,24,1,17,70,1,1,11,76,14,9,0,6,2,0.272,0.297,0.425,0.722,95,0.32,94,214,"2DH",0,17956,279841,253009,2304,18769,576,1,289,4900,1,1,121,5776,196,81,0,36,4,0.073984,0.088209,0.180625,0.521284,9025,0.1024,8836,45796,0
"Aj Pierzynski",NA,"2014","BOS","Boston Red Sox",37.6,13.1,62,4375000,4375000,1,1,"2014","2014",0,0,0,0,162,71,91,0,0,-20,1,1,0,634,5551,1355,123,715,0.517,0.267,3.9,-0.7,0.49,102,362,338,25,85,12,1,5,37,0,1,14,54,13,5,1,4,2,0.251,0.288,0.337,0.625,75,0.28,67,114,"2H/D",0,10404,131044,114244,625,7225,144,1,25,1369,0,1,196,2916,169,25,1,16,4,0.063001,0.082944,0.113569,0.390625,5625,0.0784,4489,12996,0
"Aj Pierzynski",NA,"2015","ATL","Atlanta Braves",38.6,14.1,63,2000000,2000000,1,1,"2015","2015",0,0,0,0,162,67,95,0,0,-28,0,0,1,573,5420,1361,100,760,0.501,0.26,3.64,1.3,1.69,113,436,407,38,122,24,1,9,49,0,2,19,37,19,7,0,3,2,0.3,0.339,0.43,0.769,112,0.342,115,175,"2/HD",0,12769,190096,165649,1444,14884,576,1,81,2401,0,4,361,1369,361,49,0,9,4,0.09,0.114921,0.1849,0.591361,12544,0.116964,13225,30625,0
"Aj Pierzynski",NA,"2016","ATL","Atlanta Braves",39.6,15.1,64,3000000,3000000,0,1,"2016","2016",0,0,0,0,161,68,93,0,0,-25,0,0,0,649,5514,1404,122,779,0.5,0.26,3.65,-1.4,1.96,81,259,247,15,54,15,0,2,23,1,0,6,29,13,3,0,3,1,0.219,0.243,0.304,0.547,46,0.245,37,75,"2H",0,6561,67081,61009,225,2916,225,0,4,529,1,0,36,841,169,9,0,9,1,0.047961,0.059049,0.092416,0.299209,2116,0.060025,1369,5625,0
"Aj Pollock","NH","2019","LAD","Los Angeles Dodgers",31.7,6.052,65,60000000,12000000,1,5,"2019","2023",0,0,0,0,162,106,56,1,1,50,0,0,0,886,5493,1414,279,613,0.528,0.262,3.53,0,0,86,342,308,49,82,15,1,15,47,5,1,23,74,7,7,0,4,1,0.266,0.327,0.468,0.795,107,0.338,104,144,"87/HD",0,7396,116964,94864,2401,6724,225,1,225,2209,25,1,529,5476,49,49,0,16,1,0.070756,0.106929,0.219024,0.632025,11449,0.114244,10816,20736,0
"Aj Pollock","NH","2020","LAD","Los Angeles Dodgers",32.7,7.052,65,60000000,12000000,1,5,"2019","2023",0,0,0,0,60,43,17,1,1,26,1,1,0,349,2042,523,118,213,0.528,0.261,3.53,0.8,0.64,55,210,196,30,54,9,0,16,34,2,2,12,45,6,0,0,2,1,0.276,0.314,0.566,0.881,132,0.364,127,111,"78D/H",0,3025,44100,38416,900,2916,81,0,256,1156,4,4,144,2025,36,0,0,4,1,0.076176,0.098596,0.320356,0.776161,17424,0.132496,16129,12321,0
"Aj Pollock","NH","2021","LAD","Los Angeles Dodgers",33.7,8.052,65,60000000,12000000,1,5,"2019","2023",0,0,0,0,162,106,56,0,1,50,0,0,0,830,5445,1330,237,561,0.529,0.261,3.53,3,9,117,422,384,53,114,27,1,21,69,9,1,30,80,4,6,0,2,4,0.297,0.355,0.536,0.892,134,0.383,133,206,"7H/8",0,13689,178084,147456,2809,12996,729,1,441,4761,81,1,900,6400,16,36,0,4,16,0.088209,0.126025,0.287296,0.795664,17956,0.146689,17689,42436,0
"Aj Pollock","NH","2022","CHW","Chicago White Sox",34.7,9.052,65,60000000,12000000,1,5,"2019","2023",0,0,0,0,162,81,81,0,0,0,0,0,2,686,5611,1435,149,717,0.503,0.26,3.78,0.4,0.16,138,527,489,61,120,26,1,14,56,3,1,32,98,13,2,0,4,0,0.245,0.292,0.389,0.681,92,0.302,90,190,"789/H",0,19044,277729,239121,3721,14400,676,1,196,3136,9,1,1024,9604,169,4,0,16,0,0.060025,0.085264,0.151321,0.463761,8464,0.091204,8100,36100,0
"Aj Pollock","NH","2023","SEA","Seattle Mariners",35.7,10.052,65,60000000,12000000,1,5,"2019","2023",0,0,0,0,162,88,74,0,0,14,0,0,0,758,5500,1332,210,659,0.476,0.258,4.31,-0.7,0.49,54,144,133,15,22,4,0,5,15,0,1,9,32,1,0,0,2,0,0.165,0.215,0.308,0.524,47,0.233,48,41,"7DH/89",0,2916,20736,17689,225,484,16,0,25,225,0,1,81,1024,1,0,0,4,0,0.027225,0.046225,0.094864,0.274576,2209,0.054289,2304,1681,0
"Aj Pollock","NH","2023","SEA","Seattle Mariners",35.7,10.052,66,7000000,7000000,1,1,"2023","2023",0,0,0,0,162,88,74,0,0,14,0,0,0,758,5500,1332,210,659,0.476,0.258,4.31,-0.7,0.49,54,144,133,15,22,4,0,5,15,0,1,9,32,1,0,0,2,0,0.165,0.215,0.308,0.524,47,0.233,48,41,"7DH/89",0,2916,20736,17689,225,484,16,0,25,225,0,1,81,1024,1,0,0,4,0,0.027225,0.046225,0.094864,0.274576,2209,0.054289,2304,1681,0
"Albert Pujols","H","2012","LAA","Los Angeles Angels",32.5,11,67,240000000,24000000,1,10,"2012","2021",2,1,0,0,162,89,73,0,0,16,0,0,0,767,5536,1518,187,699,0.499,0.258,3.94,4.8,23.04,154,670,607,85,173,50,0,30,105,8,1,52,76,19,5,0,6,16,0.285,0.343,0.516,0.859,138,0.366,136,313,"3D/5",0,23716,448900,368449,7225,29929,2500,0,900,11025,64,1,2704,5776,361,25,0,36,256,0.081225,0.117649,0.266256,0.737881,19044,0.133956,18496,97969,0
"Albert Pujols","H","2013","LAA","Los Angeles Angels",33.5,12,67,240000000,24000000,1,10,"2012","2021",0,0,0,0,162,78,84,0,0,-6,0,0,0,733,5588,1476,164,737,0.499,0.258,3.94,1.6,2.56,99,443,391,49,101,19,0,17,64,1,1,40,55,18,5,0,7,8,0.258,0.33,0.437,0.767,116,0.344,121,171,"D3",0,9801,196249,152881,2401,10201,361,0,289,4096,1,1,1600,3025,324,25,0,49,64,0.066564,0.1089,0.190969,0.588289,13456,0.118336,14641,29241,0
"Albert Pujols","H","2014","LAA","Los Angeles Angels",34.5,13,67,240000000,24000000,1,10,"2012","2021",2,1,0,0,162,98,64,1,1,34,0,0,0,773,5652,1464,155,630,0.501,0.258,3.94,3.9,15.21,159,695,633,89,172,37,1,28,105,5,1,48,71,28,5,0,9,11,0.272,0.324,0.466,0.79,126,0.354,130,295,"3D/5",0,25281,483025,400689,7921,29584,1369,1,784,11025,25,1,2304,5041,784,25,0,81,121,0.073984,0.104976,0.217156,0.6241,15876,0.125316,16900,87025,0
"Albert Pujols","H","2015","LAA","Los Angeles Angels",35.5,14,67,240000000,24000000,1,10,"2012","2021",1,0,0,0,162,85,77,0,0,8,0,0,0,661,5417,1331,176,675,0.501,0.258,3.94,3.1,9.61,157,661,602,85,147,22,0,40,95,5,3,50,72,15,6,0,3,10,0.244,0.307,0.48,0.787,118,0.338,117,289,"3D/5",0,24649,436921,362404,7225,21609,484,0,1600,9025,25,9,2500,5184,225,36,0,9,100,0.059536,0.094249,0.2304,0.619369,13924,0.114244,13689,83521,0
"Albert Pujols","H","2016","LAA","Los Angeles Angels",36.5,15,67,240000000,24000000,1,10,"2012","2021",0,0,0,0,162,74,88,0,0,-14,0,0,0,717,5431,1410,156,727,0.501,0.258,3.94,1.5,2.25,152,650,593,71,159,19,0,31,119,4,0,49,75,24,2,0,6,6,0.268,0.323,0.457,0.78,113,0.339,113,271,"D3/H",1,23104,422500,351649,5041,25281,361,0,961,14161,16,0,2401,5625,576,4,0,36,36,0.071824,0.104329,0.208849,0.6084,12769,0.114921,12769,73441,1
"Albert Pujols","H","2017","LAA","Los Angeles Angels",37.5,16,67,240000000,24000000,1,10,"2012","2021",0,0,0,0,162,80,82,0,0,-2,0,0,0,710,5415,1314,186,709,0.501,0.258,3.95,-2,4,149,636,593,53,143,17,0,23,101,3,0,37,93,26,2,0,4,5,0.241,0.286,0.386,0.672,80,0.288,72,229,"D/3H",1,22201,404496,351649,2809,20449,289,0,529,10201,9,0,1369,8649,676,4,0,16,25,0.058081,0.081796,0.148996,0.451584,6400,0.082944,5184,52441,1
"Albert Pujols","H","2018","LAA","Los Angeles Angels",38.5,17,67,240000000,24000000,1,10,"2012","2021",0,0,0,0,162,80,82,0,0,-2,0,0,1,721,5472,1323,214,722,0.5,0.257,3.95,0.2,0.04,117,498,465,50,114,20,0,19,64,1,0,28,65,12,2,0,3,3,0.245,0.289,0.411,0.7,91,0.314,95,191,"3D",0,13689,248004,216225,2500,12996,400,0,361,4096,1,0,784,4225,144,4,0,9,9,0.060025,0.083521,0.168921,0.49,8281,0.098596,9025,36481,0
"Albert Pujols","H","2019","LAA","Los Angeles Angels",39.5,18,67,240000000,24000000,1,10,"2012","2021",0,0,0,0,162,72,90,0,0,-18,0,0,1,769,5542,1368,220,868,0.499,0.257,3.97,0.2,0.04,131,545,491,55,120,22,0,23,93,3,0,43,68,21,3,0,8,1,0.244,0.305,0.43,0.734,92,0.32,92,211,"3D/H5",0,17161,297025,241081,3025,14400,484,0,529,8649,9,0,1849,4624,441,9,0,64,1,0.059536,0.093025,0.1849,0.538756,8464,0.1024,8464,44521,0
"Albert Pujols","H","2020","LAA","Los Angeles Angels",40.5,19,67,240000000,24000000,1,10,"2012","2021",0,0,0,0,60,26,34,0,0,-8,0,0,0,294,2020,501,85,321,0.499,0.257,3.98,-0.1,0.01,39,163,152,15,34,8,0,6,25,0,0,9,25,4,1,0,1,1,0.224,0.27,0.395,0.665,79,0.283,70,60,"3D/H",0,1521,26569,23104,225,1156,64,0,36,625,0,0,81,625,16,1,0,1,1,0.050176,0.0729,0.156025,0.442225,6241,0.080089,4900,3600,0
"Albert Pujols","H","2021","LAD","Los Angeles Dodgers",41.5,20,67,240000000,24000000,1,10,"2012","2021",0,0,0,0,162,106,56,0,1,50,0,0,0,830,5445,1330,237,561,0.529,0.261,3.53,-0.6,0.36,109,296,275,29,65,3,0,17,50,2,0,14,45,14,5,0,2,3,0.236,0.284,0.433,0.717,89,0.305,80,119,"3H/D5",0,11881,87616,75625,841,4225,9,0,289,2500,4,0,196,2025,196,25,0,4,9,0.055696,0.080656,0.187489,0.514089,7921,0.093025,6400,14161,0
"Albert Pujols","H","2021","LAD","Los Angeles Dodgers",41.5,20,68,570500,570500,1,1,"2021","2021",0,0,0,0,162,106,56,0,1,50,0,0,0,830,5445,1330,237,561,0.529,0.261,3.53,-0.6,0.36,109,296,275,29,65,3,0,17,50,2,0,14,45,14,5,0,2,3,0.236,0.284,0.433,0.717,89,0.305,80,119,"3H/D5",0,11881,87616,75625,841,4225,9,0,289,2500,4,0,196,2025,196,25,0,4,9,0.055696,0.080656,0.187489,0.514089,7921,0.093025,6400,14161,0
"Albert Pujols","H","2022","STL","St Louis Cardinals",42.5,21,69,2500000,2500000,1,1,"2022","2022",1,0,0,0,162,93,69,1,1,24,0,0,2,772,5496,1386,197,637,0.521,0.266,3.68,2.1,4.41,109,351,307,42,83,14,0,24,68,1,2,28,55,13,10,0,6,1,0.27,0.345,0.55,0.895,151,0.385,153,169,"DH3/1",0,11881,123201,94249,1764,6889,196,0,576,4624,1,4,784,3025,169,100,0,36,1,0.0729,0.119025,0.3025,0.801025,22801,0.148225,23409,28561,0
"Alcides Escobar","NH","2018","KC","Kansas City Royals",31.7,8.082,70,2500000,2500000,0,1,"2018","2018",0,0,0,0,162,58,104,0,0,-46,0,0,0,638,5505,1350,155,833,0.483,0.264,4.22,-2.1,4.41,140,531,485,54,112,22,3,4,34,8,2,29,74,14,5,8,4,1,0.231,0.279,0.313,0.593,63,0.275,63,152,"65/84",0,19600,281961,235225,2916,12544,484,9,16,1156,64,4,841,5476,196,25,64,16,1,0.053361,0.077841,0.097969,0.351649,3969,0.075625,3969,23104,0
"Alcides Escobar","NH","2021","WSH","Washington Nationals",34.7,9.082,71,674990.669239509,674990.669239509,0,1,"2021","2021",0,0,0,0,162,65,97,0,0,-32,0,0,0,724,5385,1388,182,820,0.487,0.254,3.9,1.6,2.56,75,349,319,53,92,21,2,4,28,3,0,17,56,2,9,2,2,0,0.288,0.34,0.404,0.744,105,0.33,104,129,"64",0,5625,121801,101761,2809,8464,441,4,16,784,9,0,289,3136,4,81,4,4,0,0.082944,0.1156,0.163216,0.553536,11025,0.1089,10816,16641,0
"Alejandro De Aza","NH","2016","NYM","New York Mets",32.3,6.139,72,5750000,5750000,1,1,"2016","2016",0,0,0,0,162,87,75,0,1,12,0,0,1,671,5459,1342,218,617,0.481,0.25,3.75,-0.4,0.16,130,267,234,31,48,9,0,6,25,4,3,26,67,5,5,1,1,1,0.205,0.297,0.321,0.618,68,0.28,66,75,"H879",0,16900,71289,54756,961,2304,81,0,36,625,16,9,676,4489,25,25,1,1,1,0.042025,0.088209,0.103041,0.381924,4624,0.0784,4356,5625,0
"Alejandro De Aza","NH","2017","WSH","Washington Nationals",33.3,7.139,73,695958.90057858,695958.90057858,1,1,"2017","2017",0,0,0,0,162,97,65,1,1,32,0,0,2,819,5553,1477,215,672,0.487,0.254,3.87,-0.1,0.01,28,70,62,8,12,2,3,0,9,1,0,3,16,1,0,3,2,1,0.194,0.224,0.323,0.546,39,0.251,28,20,"97H/8",0,784,4900,3844,64,144,4,9,0,81,1,0,9,256,1,0,9,4,1,0.037636,0.050176,0.104329,0.298116,1521,0.063001,784,400,0
"Alex Avila","NH","2016","CHW","Chicago White Sox",29.5,6.061,75,2500000,2500000,1,1,"2016","2016",0,0,0,0,162,78,84,0,0,-6,0,0,1,686,5550,1428,168,715,0.504,0.261,3.75,0.9,0.81,57,209,169,19,36,6,0,7,11,0,0,38,78,3,1,0,1,0,0.213,0.359,0.373,0.732,103,0.328,105,63,"2/DH",0,3249,43681,28561,361,1296,36,0,49,121,0,0,1444,6084,9,1,0,1,0,0.045369,0.128881,0.139129,0.535824,10609,0.107584,11025,3969,0
"Alex Avila","NH","2017","DET","Detroit Tigers",30.5,7.061,76,2000000,2000000,1,1,"2017","2017",0,0,0,0,162,64,98,0,0,-34,0,0,3,735,5556,1435,187,894,0.507,0.266,3.98,2.8,7.84,112,376,311,41,82,13,1,14,49,0,1,62,120,10,1,1,1,2,0.264,0.387,0.447,0.834,120,0.364,122,139,"2H3/D",0,12544,141376,96721,1681,6724,169,1,196,2401,0,1,3844,14400,100,1,1,1,4,0.069696,0.149769,0.199809,0.695556,14400,0.132496,14884,19321,0
"Alex Avila","NH","2018","ARI","Arizona Diamondbacks",31.5,8.061,77,8250000,4125000,1,2,"2018","2019",0,0,0,0,162,82,80,0,0,2,0,0,0,693,5460,1283,176,644,0.493,0.257,4.21,0,0,80,234,194,13,32,6,0,7,20,0,0,37,90,4,1,0,2,2,0.165,0.299,0.304,0.603,61,0.279,57,59,"2H/31",0,6400,54756,37636,169,1024,36,0,49,400,0,0,1369,8100,16,1,0,4,4,0.027225,0.089401,0.092416,0.363609,3721,0.077841,3249,3481,0
"Alex Avila","NH","2019","ARI","Arizona Diamondbacks",32.5,9.061,77,8250000,4125000,1,2,"2018","2019",0,0,0,0,162,85,77,0,0,8,0,0,0,813,5633,1419,220,743,0.495,0.257,4.21,1.2,1.44,63,201,164,22,34,8,0,9,24,1,0,36,68,8,1,0,0,7,0.207,0.353,0.421,0.774,100,0.331,95,69,"2/H1",0,3969,40401,26896,484,1156,64,0,81,576,1,0,1296,4624,64,1,0,0,49,0.042849,0.124609,0.177241,0.599076,10000,0.109561,9025,4761,0
"Alex Avila","NH","2020","MIN","Minnesota Twins",33.5,10.061,78,4250000,4250000,1,1,"2020","2020",0,0,0,0,60,36,24,1,1,12,0,0,0,269,1937,468,91,215,0.481,0.263,3.99,0.4,0.16,23,62,49,6,9,2,0,1,2,0,0,11,22,2,2,0,0,0,0.184,0.355,0.286,0.641,82,0.305,88,14,"2/DH",0,529,3844,2401,36,81,4,0,1,4,0,0,121,484,4,4,0,0,0,0.033856,0.126025,0.081796,0.410881,6724,0.093025,7744,196,0
"Alex Avila","NH","2021","WSH","Washington Nationals",34.5,11.061,79,1500000,1500000,1,1,"2021","2021",0,0,0,0,162,65,97,0,0,-32,0,0,0,724,5385,1388,182,820,0.487,0.254,3.9,0.7,0.49,34,111,89,5,17,9,1,1,9,0,0,19,37,4,2,1,0,1,0.191,0.345,0.348,0.694,93,0.312,93,31,"2/H4",0,1156,12321,7921,25,289,81,1,1,81,0,0,361,1369,16,4,1,0,1,0.036481,0.119025,0.121104,0.481636,8649,0.097344,8649,961,0
"Alex Claudio","NH","2021","LAA","Los Angeles Angels",29.5,5.114,81,1125000,1125000,1,1,"2021","2021",0,0,0,0,162,77,85,0,0,-8,0,0,0,723,5437,1331,190,804,0.499,0.257,3.99,0,0,8,0,0,0,0,0,0,0,0,0,0,0,0,0,0,0,0,0,0,0,0,0,0,0,0,0,"1",0,64,0,0,0,0,0,0,0,0,0,0,0,0,0,0,0,0,0,0,0,0,0,0,0,0,0,0
"Alex Cobb","NH","2018","BAL","Baltimore Orioles",30.8,0,82,57000000,14250000,1,4,"2018","2021",0,0,0,0,162,47,115,0,0,-68,0,0,2,622,5507,1317,188,892,0.475,0.259,4.02,0,0,3,7,6,0,1,0,0,0,0,0,0,0,2,0,0,1,0,0,0.167,0.167,0.167,0.333,-7,0.149,-44,1,"1",0,9,49,36,0,1,0,0,0,0,0,0,0,4,0,0,1,0,0,0.027889,0.027889,0.027889,0.110889,49,0.022201,1936,1,0
"Alex Cobb","NH","2021","LAA","Los Angeles Angels",33.8,3,82,57000000,14250000,1,4,"2018","2021",0,0,0,0,162,77,85,0,0,-8,0,0,0,723,5437,1331,190,804,0.499,0.257,3.99,0,0,1,1,1,0,0,0,0,0,0,0,0,0,0,0,0,0,0,0,0,0,0,0,-100,0,-125,0,"1",0,1,1,1,0,0,0,0,0,0,0,0,0,0,0,0,0,0,0,0,0,0,0,10000,0,15625,0,0
"Alex Gonzalez","NH","2012","MIL","Milwaukee Brewers",35.4,2.099,88,4250000,4250000,1,1,"2012","2012",0,0,0,0,162,83,79,0,0,4,0,0,0,776,5557,1442,202,733,0.478,0.259,4.22,0.2,0.04,24,89,81,8,21,4,0,4,15,1,1,6,15,1,2,0,0,0,0.259,0.326,0.457,0.783,106,0.34,104,37,"6",0,576,7921,6561,64,441,16,0,16,225,1,1,36,225,1,4,0,0,0,0.067081,0.106276,0.208849,0.613089,11236,0.1156,10816,1369,0
"Alex Gonzalez","NH","2013","MIL","Milwaukee Brewers",36.4,3.099,89,1450000,1450000,0,1,"2013","2013",0,0,0,0,162,74,88,0,0,-14,0,0,0,640,5474,1381,157,687,0.478,0.259,4.2,-1,1,41,118,113,14,20,3,0,1,8,0,0,3,26,1,1,0,1,0,0.177,0.203,0.23,0.433,19,0.197,0,26,"35H/6",0,1681,13924,12769,196,400,9,0,1,64,0,0,9,676,1,1,0,1,0,0.031329,0.041209,0.0529,0.187489,361,0.038809,0,676,0
"Alex Gordon","NH","2016","KC","Kansas City Royals",32.5,8.092,90,72000000,18000000,0,4,"2016","2019",0,0,0,0,162,81,81,0,0,0,0,0,0,675,5552,1450,147,712,0.485,0.265,4.19,0.8,0.64,128,506,445,62,98,16,2,17,40,8,1,52,148,9,8,0,1,3,0.22,0.312,0.38,0.692,85,0.309,82,169,"7/H",0,16384,256036,198025,3844,9604,256,4,289,1600,64,1,2704,21904,81,64,0,1,9,0.0484,0.097344,0.1444,0.478864,7225,0.095481,6724,28561,0
"Alex Gordon","NH","2017","KC","Kansas City Royals",33.5,9.092,90,72000000,18000000,0,4,"2016","2019",1,0,0,0,162,80,82,0,0,-2,0,0,0,702,5536,1436,193,791,0.485,0.265,4.2,-0.1,0.01,148,541,476,52,99,20,2,9,45,7,4,45,126,7,14,2,4,3,0.208,0.293,0.315,0.608,63,0.275,60,150,"78/H9",0,21904,292681,226576,2704,9801,400,4,81,2025,49,16,2025,15876,49,196,4,16,9,0.043264,0.085849,0.099225,0.369664,3969,0.075625,3600,22500,0
"Alex Gordon","NH","2018","KC","Kansas City Royals",34.5,10.092,90,72000000,18000000,0,4,"2016","2019",1,0,0,0,162,58,104,0,0,-46,0,0,0,638,5505,1350,155,833,0.483,0.264,4.22,2,4,141,568,506,56,124,24,0,13,54,12,2,50,124,7,10,0,2,4,0.245,0.324,0.37,0.694,90,0.309,87,187,"78/D9",0,19881,322624,256036,3136,15376,576,0,169,2916,144,4,2500,15376,49,100,0,4,16,0.060025,0.104976,0.1369,0.481636,8100,0.095481,7569,34969,0
"Alex Gordon","NH","2019","KC","Kansas City Royals",35.5,11.092,90,72000000,18000000,0,4,"2016","2019",1,0,0,0,162,59,103,0,0,-44,0,0,0,691,5496,1356,162,869,0.48,0.264,4.24,1.1,1.21,150,633,556,77,148,31,1,13,76,5,3,51,100,13,19,1,6,4,0.266,0.345,0.396,0.741,95,0.323,94,220,"7/1DH",0,22500,400689,309136,5929,21904,961,1,169,5776,25,9,2601,10000,169,361,1,36,16,0.070756,0.119025,0.156816,0.549081,9025,0.104329,8836,48400,0
"Alex Gordon","NH","2020","KC","Kansas City Royals",36.5,12.092,91,4000000,4000000,0,1,"2020","2020",1,0,0,0,60,26,34,0,0,-8,0,0,0,248,1988,485,68,272,0.48,0.264,4.24,0.3,0.09,50,184,163,15,34,4,0,4,11,0,0,18,37,0,3,0,0,0,0.209,0.299,0.307,0.606,65,0.288,71,50,"7/H",0,2500,33856,26569,225,1156,16,0,16,121,0,0,324,1369,0,9,0,0,0,0.043681,0.089401,0.094249,0.367236,4225,0.082944,5041,2500,0
"Alex Wood","NH","2021","SF","San Francisco Giants",30.6,1,93,3000000,3000000,1,1,"2021","2021",0,0,0,0,162,107,55,1,1,52,0,0,0,804,5462,1360,241,594,0.536,0.264,3.57,-0.3,0.09,24,47,38,0,0,0,0,0,0,0,1,5,26,0,0,4,0,0,0,0.116,0,0.116,-64,0.069,-90,0,"1",0,576,2209,1444,0,0,0,0,0,0,0,1,25,676,0,0,16,0,0,0,0.013456,0,0.013456,4096,0.004761,8100,0,0
"Alexi Ogando","NH","2015","BOS","Boston Red Sox",31.8,0,97,1500000,1500000,1,1,"2015","2015",0,0,0,0,162,78,84,0,0,-6,0,0,2,748,5640,1495,161,753,0.516,0.267,3.9,0,0,4,0,0,0,0,0,0,0,0,0,0,0,0,0,0,0,0,0,0,0,0,0,0,0,0,0,"1",0,16,0,0,0,0,0,0,0,0,0,0,0,0,0,0,0,0,0,0,0,0,0,0,0,0,0,0
"Alexi Ogando","NH","2016","ATL","Atlanta Braves",32.8,1,98,2000000,2000000,1,1,"2016","2016",0,0,0,0,161,68,93,0,0,-25,0,0,0,649,5514,1404,122,779,0.5,0.26,3.65,0,0,34,0,0,0,0,0,0,0,0,0,0,0,0,0,0,0,0,0,0,0,0,0,0,0,0,0,"1",0,1156,0,0,0,0,0,0,0,0,0,0,0,0,0,0,0,0,0,0,0,0,0,0,0,0,0,0
"Amed Rosario","NH","2024","TB","Tampa Bay Rays",28,0,99,1500000,1500000,1,1,"2024","2024",0,0,0,0,162,80,82,0,0,-2,0,0,0,604,5389,1241,147,663,0.49,0.254,4.22,-0.1,0.01,103,346,332,29,93,18,3,3,32,13,5,9,73,10,4,0,1,0,0.28,0.306,0.38,0.686,94,0.312,98,126,"49DH56",0,10609,119716,110224,841,8649,324,9,9,1024,169,25,81,5329,100,16,0,1,0,0.0784,0.093636,0.1444,0.470596,8836,0.097344,9604,15876,0
"Amed Rosario","NH","2025","WSH","Washington Nationals",29,1,100,2000000,2000000,1,1,"2025","2025",0,0,0,0,162,66,96,0,0,-30,0,0,0,687,5422,1313,161,899,0.481,0.254,3.97,0.3,0.09,62,191,181,20,50,11,0,6,23,1,0,7,31,6,2,0,1,0,0.276,0.309,0.436,0.745,109,0.328,109,79,"54H/9D16",0,3844,36481,32761,400,2500,121,0,36,529,1,0,49,961,36,4,0,1,0,0.076176,0.095481,0.190096,0.555025,11881,0.107584,11881,6241,0
"Andrelton Simmons","NH","2021","MIN","Minnesota Twins",31.9,8.122,105,10500000,10500000,1,1,"2021","2021",0,0,0,0,162,73,89,0,0,-16,0,0,0,729,5431,1311,228,834,0.481,0.263,4,1.3,1.69,131,451,412,37,92,12,0,3,31,1,0,32,62,14,3,3,1,0,0.223,0.283,0.274,0.558,57,0.253,54,113,"6/H",0,17161,203401,169744,1369,8464,144,0,9,961,1,0,1024,3844,196,9,9,1,0,0.049729,0.080089,0.075076,0.311364,3249,0.064009,2916,12769,0
"Andrelton Simmons","NH","2022","CHC","Chicago Cubs",32.9,9.122,106,4000000,4000000,1,1,"2022","2022",0,0,0,0,162,74,88,0,0,-14,0,0,1,657,5425,1293,159,731,0.513,0.262,3.69,-0.1,0.01,34,85,75,8,13,1,0,0,7,4,0,7,13,5,0,3,0,0,0.173,0.244,0.187,0.431,23,0.215,12,14,"46/DH1",0,1156,7225,5625,64,169,1,0,0,49,16,0,49,169,25,0,9,0,0,0.029929,0.059536,0.034969,0.185761,529,0.046225,144,196,0
"Andres Blanco","NH","2017","PHI","Philadelphia Phillies",33.3,6.007,107,3000000,3000000,0,1,"2017","2017",0,0,0,0,165,66,96,0,0,-30,0,0,0,690,5534,1382,174,782,0.471,0.261,3.97,-0.4,0.16,80,144,130,10,25,4,0,3,13,1,0,12,34,1,0,0,2,0,0.192,0.257,0.292,0.549,45,0.245,35,38,"H543/61D",0,6400,20736,16900,100,625,16,0,9,169,1,0,144,1156,1,0,0,4,0,0.036864,0.066049,0.085264,0.301401,2025,0.060025,1225,1444,0
"Andrew Bailey","NH","2016","PHI","Philadelphia Phillies",32.2,1,110,672362.379948466,672362.379948466,1,1,"2016","2016",0,0,0,0,162,71,91,0,0,-20,0,0,0,610,5434,1305,161,796,0.472,0.261,3.97,0,0,30,0,0,0,0,0,0,0,0,0,0,0,0,0,0,0,0,0,0,0,0,0,0,0,0,0,"1",0,900,0,0,0,0,0,0,0,0,0,0,0,0,0,0,0,0,0,0,0,0,0,0,0,0,0,0
"Andrew Bailey","NH","2017","LAA","Los Angeles Angels",33.2,2,111,1300857.7580908,1300857.7580908,0,1,"2017","2017",0,0,0,0,162,80,82,0,0,-2,0,0,0,710,5415,1314,186,709,0.501,0.258,3.95,0,0,1,0,0,0,0,0,0,0,0,0,0,0,0,0,0,0,0,0,0,0,0,0,0,0,0,0,"/1",0,1,0,0,0,0,0,0,0,0,0,0,0,0,0,0,0,0,0,0,0,0,0,0,0,0,0,0
"Andrew Bellatti","NH","2021","MIA","Miami Marlins",29,0,112,674990.669239509,674990.669239509,1,1,"2021","2021",0,0,0,0,162,67,95,0,0,-28,0,0,0,623,5348,1244,158,701,0.461,0.256,4.3,0,0,3,0,0,0,0,0,0,0,0,0,0,0,0,0,0,0,0,0,0,0,0,0,0,0,0,0,"/1",0,9,0,0,0,0,0,0,0,0,0,0,0,0,0,0,0,0,0,0,0,0,0,0,0,0,0,0
"Andrew Bellatti","NH","2022","PHI","Philadelphia Phillies",30,1,113,780223.372192982,780223.372192982,1,1,"2022","2022",0,0,0,0,162,87,75,0,1,12,1,0,1,747,5496,1392,205,685,0.473,0.26,3.99,0,0,1,0,0,0,0,0,0,0,0,0,0,0,0,0,0,0,0,0,0,0,0,0,0,0,0,0,"1",0,1,0,0,0,0,0,0,0,0,0,0,0,0,0,0,0,0,0,0,0,0,0,0,0,0,0,0
"Andrew Cashner","NH","2017","TEX","Texas Rangers",30.9,6.126,114,10000000,10000000,1,1,"2017","2017",0,0,0,0,162,78,84,0,0,-6,0,0,1,799,5430,1326,237,816,0.479,0.26,4.25,0.1,0.01,2,7,5,0,1,0,0,0,1,0,0,0,2,0,0,1,1,0,0.2,0.167,0.2,0.367,-6,0.282,50,1,"1",0,4,49,25,0,1,0,0,0,1,0,0,0,4,0,0,1,1,0,0.04,0.027889,0.04,0.134689,36,0.079524,2500,1,0
"Andrew Cashner","NH","2018","BAL","Baltimore Orioles",31.9,7.126,115,16000000,8000000,1,2,"2018","2019",0,0,0,0,162,47,115,0,0,-68,0,0,2,622,5507,1317,188,892,0.475,0.259,4.02,0,0,2,3,3,0,0,0,0,0,0,0,0,0,1,0,0,0,0,0,0,0,0,0,-100,0,-131,0,"1/H",0,4,9,9,0,0,0,0,0,0,0,0,0,1,0,0,0,0,0,0,0,0,0,10000,0,17161,0,0
"Andrew Cashner","NH","2019","BOS","Boston Red Sox",32.9,8.126,115,16000000,8000000,1,2,"2018","2019",0,0,0,0,162,84,78,0,0,6,0,0,1,901,5770,1554,245,828,0.519,0.267,3.91,0,0,3,3,3,1,0,0,0,0,0,0,0,0,0,0,0,0,0,0,0,0,0,0,-100,0,-129,0,"1",0,9,9,9,1,0,0,0,0,0,0,0,0,0,0,0,0,0,0,0,0,0,0,10000,0,16641,0,0
"Andrew Chafin","NH","2021","CHC","Chicago Cubs",31.2,0,116,2750000,2750000,0,1,"2021","2021",0,0,0,0,162,71,91,0,0,-20,0,0,0,705,5306,1255,210,839,0.513,0.262,3.69,0,0,42,0,0,0,0,0,0,0,0,0,0,0,0,0,0,0,0,0,0,0,0,0,0,0,0,0,"1",0,1764,0,0,0,0,0,0,0,0,0,0,0,0,0,0,0,0,0,0,0,0,0,0,0,0,0,0
"Andrew Chafin","NH","2023","ARI","Arizona Diamondbacks",33.2,2,117,13000000,6500000,1,2,"2022","2023",0,0,0,0,162,84,78,0,1,6,1,0,0,746,5436,1359,166,761,0.486,0.254,4.27,0,0,3,0,0,0,0,0,0,0,0,0,0,0,0,0,0,0,0,0,0,0,0,0,0,0,0,0,"1",0,9,0,0,0,0,0,0,0,0,0,0,0,0,0,0,0,0,0,0,0,0,0,0,0,0,0,0
"Andrew Chafin","NH","2023","ARI","Arizona Diamondbacks",33.2,3,118,6250000,6250000,1,1,"2023","2023",0,0,0,0,162,84,78,0,1,6,1,0,0,746,5436,1359,166,761,0.486,0.254,4.27,0,0,3,0,0,0,0,0,0,0,0,0,0,0,0,0,0,0,0,0,0,0,0,0,0,0,0,0,"1",0,9,0,0,0,0,0,0,0,0,0,0,0,0,0,0,0,0,0,0,0,0,0,0,0,0,0,0
"Andrew Kittredge","NH","2021","TB","Tampa Bay Rays",31.4,0,124,887367.225117671,887367.225117671,1,1,"2021","2021",1,0,0,0,162,100,62,1,1,38,0,0,0,857,5507,1336,222,651,0.483,0.255,4.29,0,0,5,0,0,0,0,0,0,0,0,0,0,0,0,0,0,0,0,0,0,0,0,0,0,0,0,0,"1",0,25,0,0,0,0,0,0,0,0,0,0,0,0,0,0,0,0,0,0,0,0,0,0,0,0,0,0
"Andrew Kittredge","NH","2024","STL","St Louis Cardinals",34.4,2,126,2704641.56397049,2704641.56397049,1,1,"2024","2024",0,0,0,0,162,83,79,0,0,4,0,0,0,672,5507,1363,165,719,0.52,0.266,3.69,0,0,1,0,0,0,0,0,0,0,0,0,0,0,0,0,0,0,0,0,0,0,0,0,0,0,0,0,"1",0,1,0,0,0,0,0,0,0,0,0,0,0,0,0,0,0,0,0,0,0,0,0,0,0,0,0,0
"Andrew Kittredge","NH","2025","BAL","Baltimore Orioles",35.4,3,127,10000000,10000000,1,1,"2025","2025",0,0,0,0,162,75,87,0,0,-12,0,0,0,677,5416,1273,191,788,0.475,0.258,4.05,0,0,2,0,0,0,0,0,0,0,0,0,0,0,0,0,0,0,0,0,0,0,0,0,0,0,0,0,"1",0,4,0,0,0,0,0,0,0,0,0,0,0,0,0,0,0,0,0,0,0,0,0,0,0,0,0,0
"Andrew Mccutchen","NH","2019","PHI","Philadelphia Phillies",32.8,0,128,50000000,16666666.6666667,1,3,"2019","2021",0,0,0,0,162,81,81,0,0,0,0,0,1,774,5571,1369,215,794,0.472,0.261,3.98,1.7,2.89,59,262,219,45,56,12,1,10,29,2,1,43,55,1,0,0,0,0,0.256,0.378,0.457,0.834,116,0.363,120,100,"78/D",0,3481,68644,47961,2025,3136,144,1,100,841,4,1,1849,3025,1,0,0,0,0,0.065536,0.142884,0.208849,0.695556,13456,0.131769,14400,10000,0
"Andrew Mccutchen","NH","2020","PHI","Philadelphia Phillies",33.8,1,128,50000000,16666666.6666667,1,3,"2019","2021",0,0,0,0,60,28,32,0,0,-4,0,0,0,306,1948,501,82,311,0.472,0.261,3.98,-0.1,0.01,57,241,217,32,55,9,0,10,34,4,0,22,48,4,1,0,1,0,0.253,0.324,0.433,0.757,102,0.338,103,94,"7D/H",0,3249,58081,47089,1024,3025,81,0,100,1156,16,0,484,2304,16,1,0,1,0,0.064009,0.104976,0.187489,0.573049,10404,0.114244,10609,8836,0
"Andrew Mccutchen","NH","2021","PHI","Philadelphia Phillies",34.8,2,128,50000000,16666666.6666667,1,3,"2019","2021",0,0,0,0,162,82,80,0,0,2,0,0,0,734,5366,1288,198,745,0.472,0.261,3.99,1.2,1.44,144,574,482,78,107,24,1,27,80,6,1,81,132,10,4,0,7,2,0.222,0.334,0.444,0.778,109,0.342,109,214,"7H/D",0,20736,329476,232324,6084,11449,576,1,729,6400,36,1,6561,17424,100,16,0,49,4,0.049284,0.111556,0.197136,0.605284,11881,0.116964,11881,45796,0
"Andrew Mccutchen","NH","2022","MIL","Milwaukee Brewers",35.8,3,129,8500000,8500000,1,1,"2022","2022",0,0,0,0,162,86,76,0,0,10,0,0,0,725,5417,1271,219,688,0.484,0.257,4.16,1,1,134,580,515,66,122,25,0,17,69,8,6,57,124,10,4,0,4,1,0.237,0.316,0.384,0.7,97,0.31,96,198,"D79/8H",1,17956,336400,265225,4356,14884,625,0,289,4761,64,36,3249,15376,100,16,0,16,1,0.056169,0.099856,0.147456,0.49,9409,0.0961,9216,39204,1
"Andrew Mccutchen","NH","2023","PIT","Pittsburgh Pirates",36.8,4,130,5000000,5000000,1,1,"2023","2023",0,0,0,0,162,76,86,0,0,-10,0,0,0,692,5406,1293,159,790,0.501,0.264,3.76,1.4,1.96,112,473,390,55,100,19,0,12,43,11,3,75,100,8,4,0,4,1,0.256,0.378,0.397,0.776,112,0.348,113,155,"D/9H",0,12544,223729,152100,3025,10000,361,0,144,1849,121,9,5625,10000,64,16,0,16,1,0.065536,0.142884,0.157609,0.602176,12544,0.121104,12769,24025,0
"Andrew Mccutchen","NH","2024","PIT","Pittsburgh Pirates",37.8,5,131,5000000,5000000,0,1,"2024","2024",0,0,0,0,162,76,86,0,0,-10,0,0,0,665,5477,1283,160,739,0.5,0.263,3.76,0.9,0.81,120,515,448,66,104,18,1,20,50,3,2,58,133,9,7,0,2,1,0.232,0.328,0.411,0.739,106,0.332,111,184,"D/9H",1,14400,265225,200704,4356,10816,324,1,400,2500,9,4,3364,17689,81,49,0,4,1,0.053824,0.107584,0.168921,0.546121,11236,0.110224,12321,33856,1
"Andrew Mccutchen","H","2025","PIT","Pittsburgh Pirates",38.8,6,132,5000000,5000000,0,1,"2025","2025",0,0,0,0,162,71,91,0,0,-20,0,0,1,583,5375,1244,117,645,0.5,0.263,3.76,0.1,0.01,135,551,477,51,114,22,0,13,57,1,1,67,118,12,2,0,3,5,0.239,0.333,0.367,0.7,95,0.311,94,175,"D/H97",1,18225,303601,227529,2601,12996,484,0,169,3249,1,1,4489,13924,144,4,0,9,25,0.057121,0.110889,0.134689,0.49,9025,0.096721,8836,30625,1
"Andrew Miller","NH","2015","NYY","New York Yankees",30.2,0,133,36000000,9000000,1,4,"2015","2018",2,0,1,0,162,87,75,0,1,12,0,0,1,764,5567,1397,212,698,0.569,0.267,3.64,0,0,4,0,0,0,0,0,0,0,0,0,0,0,0,0,0,0,0,0,0,0,0,0,0,0,0,0,"1",0,16,0,0,0,0,0,0,0,0,0,0,0,0,0,0,0,0,0,0,0,0,0,0,0,0,0,0
"Andrew Miller","NH","2016","NYY","New York Yankees",31.2,1,133,36000000,9000000,1,4,"2015","2018",2,0,1,0,162,84,78,0,0,6,0,0,0,680,5458,1378,183,702,0.569,0.267,3.64,0,0,5,0,0,0,0,0,0,0,0,0,0,0,0,0,0,0,0,0,0,0,0,0,0,0,0,0,"1",0,25,0,0,0,0,0,0,0,0,0,0,0,0,0,0,0,0,0,0,0,0,0,0,0,0,0,0
"Andrew Miller","NH","2017","CLE","Cleveland Guardians",32.2,2,133,36000000,9000000,1,4,"2015","2018",1,0,0,0,162,102,60,1,1,42,0,0,1,818,5511,1449,212,564,0.511,0.266,3.83,0,0,5,1,1,0,0,0,0,0,0,0,0,0,1,0,0,0,0,0,0,0,0,0,-100,0,-142,0,"1",0,25,1,1,0,0,0,0,0,0,0,0,0,1,0,0,0,0,0,0,0,0,0,10000,0,20164,0,0
"Andrew Miller","NH","2018","CLE","Cleveland Guardians",33.2,3,133,36000000,9000000,1,4,"2015","2018",0,0,0,0,162,91,71,1,1,20,0,0,1,818,5595,1447,216,648,0.511,0.266,3.83,0,0,3,1,1,0,0,0,0,0,0,0,0,0,1,0,0,0,0,0,0,0,0,0,-100,0,-133,0,"1",0,9,1,1,0,0,0,0,0,0,0,0,0,1,0,0,0,0,0,0,0,0,0,10000,0,17689,0,0
"Andrew Miller","NH","2019","STL","St Louis Cardinals",34.2,4,134,25000000,12500000,1,2,"2019","2020",0,0,0,0,162,91,71,1,1,20,0,0,1,764,5449,1336,210,662,0.52,0.266,3.67,0,0,67,0,0,0,0,0,0,0,0,0,0,0,0,0,0,0,0,0,0,0,0,0,0,0,0,0,"1",0,4489,0,0,0,0,0,0,0,0,0,0,0,0,0,0,0,0,0,0,0,0,0,0,0,0,0,0
"Andrew Miller","NH","2021","STL","St Louis Cardinals",36.2,7,135,30635466.7473561,15317733.3736781,0,2,"2020","2021",0,0,0,0,162,90,72,0,1,18,0,0,0,706,5351,1303,198,672,0.521,0.266,3.68,0,0,37,0,0,0,0,0,0,0,0,0,0,0,0,0,0,0,0,0,0,0,0,0,0,0,0,0,"1",0,1369,0,0,0,0,0,0,0,0,0,0,0,0,0,0,0,0,0,0,0,0,0,0,0,0,0,0
"Andrew Miller","NH","2021","STL","St Louis Cardinals",36.2,8,136,29578907.5039224,14789453.7519612,0,2,"2021","2022",0,0,0,0,162,90,72,0,1,18,0,0,0,706,5351,1303,198,672,0.521,0.266,3.68,0,0,37,0,0,0,0,0,0,0,0,0,0,0,0,0,0,0,0,0,0,0,0,0,0,0,0,0,"1",0,1369,0,0,0,0,0,0,0,0,0,0,0,0,0,0,0,0,0,0,0,0,0,0,0,0,0,0
"Angel Perdomo","NH","2021","MIL","Milwaukee Brewers",26,0,137,674990.669239509,674990.669239509,1,1,"2021","2021",0,0,0,0,162,95,67,1,1,28,0,0,0,738,5362,1251,194,623,0.483,0.257,4.17,0,0,19,0,0,0,0,0,0,0,0,0,0,0,0,0,0,0,0,0,0,0,0,0,0,0,0,0,"1",0,361,0,0,0,0,0,0,0,0,0,0,0,0,0,0,0,0,0,0,0,0,0,0,0,0,0,0
"Anthony Banda","NH","2017","ARI","Arizona Diamondbacks",24,0,141,695958.90057858,695958.90057858,1,1,"2017","2017",0,0,0,0,162,93,69,0,1,24,0,0,0,812,5525,1405,220,659,0.493,0.258,4.23,-0.1,0.01,7,6,5,0,0,0,0,0,0,0,0,0,3,0,0,1,0,0,0,0,0,0,-100,0,-200,0,"/1",0,49,36,25,0,0,0,0,0,0,0,0,0,9,0,0,1,0,0,0,0,0,0,10000,0,40000,0,0
"Anthony Banda","NH","2021","PIT","Pittsburgh Pirates",28,2,143,674990.669239509,674990.669239509,1,1,"2021","2021",0,0,0,0,162,61,101,0,0,-40,0,0,0,609,5336,1261,124,833,0.502,0.264,3.74,0,0,29,1,1,1,0,0,0,0,0,0,0,0,0,0,0,0,0,0,0,0,0,0,-100,0,-125,0,"1",0,841,1,1,1,0,0,0,0,0,0,0,0,0,0,0,0,0,0,0,0,0,0,10000,0,15625,0,0
"Anthony Banda","NH","2025","LAD","Los Angeles Dodgers",32,6,147,1000000,1000000,1,1,"2025","2025",0,0,0,0,162,93,69,1,1,24,1,1,1,825,5481,1384,244,683,0.532,0.261,3.53,0,0,1,0,0,0,0,0,0,0,0,0,0,0,0,0,0,0,0,0,0,0,0,0,0,0,0,0,"1",0,1,0,0,0,0,0,0,0,0,0,0,0,0,0,0,0,0,0,0,0,0,0,0,0,0,0,0
"Anthony Bass","NH","2019","SEA","Seattle Mariners",31.8,0,148,691688.341292727,691688.341292727,1,1,"2019","2019",0,0,0,0,162,68,94,0,0,-26,0,0,1,758,5500,1305,239,893,0.471,0.26,4.33,0,0,3,0,0,0,0,0,0,0,0,0,0,0,0,0,0,0,0,0,0,0,0,0,0,0,0,0,"1",0,9,0,0,0,0,0,0,0,0,0,0,0,0,0,0,0,0,0,0,0,0,0,0,0,0,0,0
"Anthony Bass","NH","2021","MIA","Miami Marlins",33.8,2,150,5000000,2500000,1,2,"2021","2022",0,0,0,0,162,67,95,0,0,-28,0,0,0,623,5348,1244,158,701,0.461,0.256,4.3,0,0,67,0,0,0,0,0,0,0,0,0,0,0,0,0,0,0,0,0,0,0,0,0,0,0,0,0,"1",0,4489,0,0,0,0,0,0,0,0,0,0,0,0,0,0,0,0,0,0,0,0,0,0,0,0,0,0
"Anthony Bass","NH","2022","MIA","Miami Marlins",34.8,3,150,5000000,2500000,1,2,"2021","2022",0,0,0,0,162,69,93,0,0,-24,0,0,0,586,5395,1241,144,676,0.46,0.255,4.29,0,0,1,0,0,0,0,0,0,0,0,0,0,0,0,0,0,0,0,0,0,0,0,0,0,0,0,0,"1/DH",0,1,0,0,0,0,0,0,0,0,0,0,0,0,0,0,0,0,0,0,0,0,0,0,0,0,0,0
"Anthony Bass","NH","2022","MIA","Miami Marlins",34.8,4,151,5573024.08709273,2786512.04354636,1,2,"2022","2023",0,0,0,0,162,69,93,0,0,-24,0,0,0,586,5395,1241,144,676,0.46,0.255,4.29,0,0,1,0,0,0,0,0,0,0,0,0,0,0,0,0,0,0,0,0,0,0,0,0,0,0,0,0,"1/DH",0,1,0,0,0,0,0,0,0,0,0,0,0,0,0,0,0,0,0,0,0,0,0,0,0,0,0,0
"Anthony Bender","NH","2021","MIA","Miami Marlins",26.5,0,152,674990.669239509,674990.669239509,1,1,"2021","2021",0,0,0,0,162,67,95,0,0,-28,0,0,0,623,5348,1244,158,701,0.461,0.256,4.3,0,0,56,2,2,0,0,0,0,0,0,0,0,0,1,0,0,0,0,0,0,0,0,0,-100,0,-135,0,"1/H",0,3136,4,4,0,0,0,0,0,0,0,0,0,1,0,0,0,0,0,0,0,0,0,10000,0,18225,0,0
"Anthony Desclafani","NH","2021","SF","San Francisco Giants",31.3,0,156,6000000,6000000,1,1,"2021","2021",0,0,0,0,162,107,55,1,1,52,0,0,0,804,5462,1360,241,594,0.536,0.264,3.57,-0.2,0.04,33,62,51,2,2,1,0,0,1,0,0,4,33,0,0,7,0,0,0.039,0.109,0.059,0.168,-52,0.106,-76,3,"1/H",0,1089,3844,2601,4,4,1,0,0,1,0,0,16,1089,0,0,49,0,0,0.001521,0.011881,0.003481,0.028224,2704,0.011236,5776,9,0
"Anthony Recker","NH","2016","ATL","Atlanta Braves",32.9,0,161,672362.379948466,672362.379948466,1,1,"2016","2016",0,0,0,0,161,68,93,0,0,-25,0,0,0,649,5514,1404,122,779,0.5,0.26,3.65,0.6,0.36,33,112,90,6,25,8,0,2,15,1,0,16,22,0,2,3,1,1,0.278,0.394,0.433,0.828,123,0.375,131,39,"2/H",0,1089,12544,8100,36,625,64,0,4,225,1,0,256,484,0,4,9,1,1,0.077284,0.155236,0.187489,0.685584,15129,0.140625,17161,1521,0
"Anthony Rizzo","NH","2022","NYY","New York Yankees",33,9.168,163,32000000,16000000,0,2,"2022","2023",0,0,0,0,162,99,63,1,1,36,0,0,1,807,5422,1308,254,567,0.57,0.266,3.65,2.3,5.29,130,548,465,77,104,21,1,32,75,6,5,58,101,13,23,0,2,6,0.224,0.338,0.48,0.817,130,0.35,127,223,"3/DH",0,16900,300304,216225,5929,10816,441,1,1024,5625,36,25,3364,10201,169,529,0,4,36,0.050176,0.114244,0.2304,0.667489,16900,0.1225,16129,49729,0
"Anthony Rizzo","NH","2023","NYY","New York Yankees",34,10.168,163,32000000,16000000,0,2,"2022","2023",0,0,0,0,162,82,80,0,0,2,0,0,0,673,5323,1207,219,698,0.569,0.266,3.65,0.5,0.25,99,421,373,45,91,14,0,12,41,0,3,35,97,10,12,0,1,1,0.244,0.328,0.378,0.706,94,0.309,94,141,"3/D",0,9801,177241,139129,2025,8281,196,0,144,1681,0,9,1225,9409,100,144,0,1,1,0.059536,0.107584,0.142884,0.498436,8836,0.095481,8836,19881,0
"Anthony Rizzo","NH","2023","NYY","New York Yankees",34,10.168,164,40000000,20000000,0,2,"2023","2024",0,0,0,0,162,82,80,0,0,2,0,0,0,673,5323,1207,219,698,0.569,0.266,3.65,0.5,0.25,99,421,373,45,91,14,0,12,41,0,3,35,97,10,12,0,1,1,0.244,0.328,0.378,0.706,94,0.309,94,141,"3/D",0,9801,177241,139129,2025,8281,196,0,144,1681,0,9,1225,9409,100,144,0,1,1,0.059536,0.107584,0.142884,0.498436,8836,0.095481,8836,19881,0
"Anthony Rizzo","NH","2024","NYY","New York Yankees",35,11.168,164,40000000,20000000,0,2,"2023","2024",0,0,0,0,162,94,68,1,1,26,1,0,0,815,5450,1352,237,668,0.569,0.265,3.66,0.2,0.04,92,375,337,38,77,12,0,8,35,0,0,27,65,7,9,0,2,0,0.228,0.301,0.335,0.637,82,0.297,89,113,"3/H",0,8464,140625,113569,1444,5929,144,0,64,1225,0,0,729,4225,49,81,0,4,0,0.051984,0.090601,0.112225,0.405769,6724,0.088209,7921,12769,0
"Anthony Swarzak","NH","2017","MIL","Milwaukee Brewers",31.9,1,166,900000,900000,1,1,"2017","2017",0,0,0,0,162,86,76,0,0,10,0,0,0,732,5467,1363,224,697,0.478,0.258,4.18,0,0,30,0,0,0,0,0,0,0,0,0,0,0,0,0,0,0,0,0,0,0,0,0,0,0,0,0,"1",0,900,0,0,0,0,0,0,0,0,0,0,0,0,0,0,0,0,0,0,0,0,0,0,0,0,0,0
"Anthony Swarzak","NH","2018","NYM","New York Mets",32.9,2,167,14000000,7000000,1,2,"2018","2019",0,0,0,0,162,77,85,0,0,-8,0,0,0,676,5468,1282,170,707,0.48,0.25,3.78,0,0,27,0,0,0,0,0,0,0,0,0,0,0,0,0,0,0,0,0,0,0,0,0,0,0,0,0,"1",0,729,0,0,0,0,0,0,0,0,0,0,0,0,0,0,0,0,0,0,0,0,0,0,0,0,0,0
"Anthony Swarzak","NH","2019","ATL","Atlanta Braves",33.9,3,167,14000000,7000000,1,2,"2018","2019",0,0,0,0,162,97,65,1,1,32,0,0,0,855,5560,1432,249,743,0.501,0.26,3.66,0,0,41,0,0,0,0,0,0,0,0,0,0,0,0,0,0,0,0,0,0,0,0,0,0,0,0,0,"1",0,1681,0,0,0,0,0,0,0,0,0,0,0,0,0,0,0,0,0,0,0,0,0,0,0,0,0,0
"Anthony Swarzak","NH","2019","ATL","Atlanta Braves",33.9,4,168,17447994.1947715,8723997.09738575,1,2,"2019","2020",0,0,0,0,162,97,65,1,1,32,0,0,0,855,5560,1432,249,743,0.501,0.26,3.66,0,0,41,0,0,0,0,0,0,0,0,0,0,0,0,0,0,0,0,0,0,0,0,0,0,0,0,0,"1",0,1681,0,0,0,0,0,0,0,0,0,0,0,0,0,0,0,0,0,0,0,0,0,0,0,0,0,0
"Aramis Garcia","NH","2024","PHI","Philadelphia Phillies",31,0,170,761001.808873827,761001.808873827,1,1,"2024","2024",0,0,0,0,162,95,67,1,1,28,0,0,0,784,5534,1423,198,671,0.474,0.26,3.99,-0.1,0.01,3,7,7,0,0,0,0,0,0,0,0,0,3,1,0,0,0,0,0,0,0,0,-100,0,-131,0,"/2",0,9,49,49,0,0,0,0,0,0,0,0,0,9,1,0,0,0,0,0,0,0,0,10000,0,17161,0,0
"Aramis Garcia","NH","2025","ARI","Arizona Diamondbacks",32,1,171,760000,760000,1,1,"2025","2025",0,0,0,0,162,80,82,0,0,-2,0,0,0,791,5480,1377,214,785,0.489,0.255,4.29,-0.1,0.01,2,4,4,0,0,0,0,0,0,0,0,0,3,0,0,0,0,0,0,0,0,0,-100,0,-126,0,"/2",0,4,16,16,0,0,0,0,0,0,0,0,0,9,0,0,0,0,0,0,0,0,0,10000,0,15876,0,0
"Archie Bradley","NH","2021","PHI","Philadelphia Phillies",29,5.112,172,6000000,6000000,1,1,"2021","2021",0,0,0,0,162,82,80,0,0,2,0,0,0,734,5366,1288,198,745,0.472,0.261,3.99,0,0,49,1,1,0,0,0,0,0,0,0,0,0,1,0,0,0,0,0,0,0,0,0,-100,0,-125,0,"1",0,2401,1,1,0,0,0,0,0,0,0,0,0,1,0,0,0,0,0,0,0,0,0,10000,0,15625,0,0
"Aroldis Chapman","NH","2017","NYY","New York Yankees",29.4,0,174,86000000,17200000,1,5,"2017","2021",0,0,0,0,162,91,71,0,1,20,0,0,2,858,5594,1463,241,660,0.569,0.267,3.64,0,0,7,0,0,0,0,0,0,0,0,0,0,0,0,0,0,0,0,0,0,0,0,0,0,0,0,0,"1",0,49,0,0,0,0,0,0,0,0,0,0,0,0,0,0,0,0,0,0,0,0,0,0,0,0,0,0
"Aroldis Chapman","NH","2018","NYY","New York Yankees",30.4,1,174,86000000,17200000,1,5,"2017","2021",1,0,0,0,162,100,62,0,1,38,0,0,0,851,5515,1374,267,669,0.569,0.266,3.65,0,0,7,0,0,0,0,0,0,0,0,0,0,0,0,0,0,0,0,0,0,0,0,0,0,0,0,0,"1",0,49,0,0,0,0,0,0,0,0,0,0,0,0,0,0,0,0,0,0,0,0,0,0,0,0,0,0
"Aroldis Chapman","NH","2019","NYY","New York Yankees",31.4,2,174,86000000,17200000,1,5,"2017","2021",1,0,0,0,162,103,59,1,1,44,0,0,3,943,5583,1493,306,739,0.57,0.266,3.65,0,0,3,0,0,0,0,0,0,0,0,0,0,0,0,0,0,0,0,0,0,0,0,0,0,0,0,0,"1",0,9,0,0,0,0,0,0,0,0,0,0,0,0,0,0,0,0,0,0,0,0,0,0,0,0,0,0
"Aroldis Chapman","NH","2021","NYY","New York Yankees",33.4,4,174,86000000,17200000,1,5,"2017","2021",1,0,0,0,162,92,70,0,1,22,0,0,0,711,5331,1266,222,669,0.57,0.266,3.65,0,0,7,0,0,0,0,0,0,0,0,0,0,0,0,0,0,0,0,0,0,0,0,0,0,0,0,0,"1",0,49,0,0,0,0,0,0,0,0,0,0,0,0,0,0,0,0,0,0,0,0,0,0,0,0,0,0
"Aroldis Chapman","NH","2021","NYY","New York Yankees",33.4,5,175,56791502.407531,18930500.8025103,0,3,"2021","2023",1,0,0,0,162,92,70,0,1,22,0,0,0,711,5331,1266,222,669,0.57,0.266,3.65,0,0,7,0,0,0,0,0,0,0,0,0,0,0,0,0,0,0,0,0,0,0,0,0,0,0,0,0,"1",0,49,0,0,0,0,0,0,0,0,0,0,0,0,0,0,0,0,0,0,0,0,0,0,0,0,0,0
"Aroldis Chapman","NH","2023","KC","Kansas City Royals",35.4,7,175,56791502.407531,18930500.8025103,0,3,"2021","2023",0,0,0,0,162,56,106,0,0,-50,0,0,0,676,5428,1325,163,859,0.475,0.263,4.27,0,0,1,0,0,0,0,0,0,0,0,0,0,0,0,0,0,0,0,0,0,0,0,0,0,0,0,0,"1",0,1,0,0,0,0,0,0,0,0,0,0,0,0,0,0,0,0,0,0,0,0,0,0,0,0,0,0
"Aroldis Chapman","NH","2023","KC","Kansas City Royals",35.4,9,176,53501031.2360902,17833677.0786967,0,3,"2022","2024",0,0,0,0,162,56,106,0,0,-50,0,0,0,676,5428,1325,163,859,0.475,0.263,4.27,0,0,1,0,0,0,0,0,0,0,0,0,0,0,0,0,0,0,0,0,0,0,0,0,0,0,0,0,"1",0,1,0,0,0,0,0,0,0,0,0,0,0,0,0,0,0,0,0,0,0,0,0,0,0,0,0,0
"Aroldis Chapman","NH","2023","KC","Kansas City Royals",35.4,11,177,3750000,3750000,1,1,"2023","2023",0,0,0,0,162,56,106,0,0,-50,0,0,0,676,5428,1325,163,859,0.475,0.263,4.27,0,0,1,0,0,0,0,0,0,0,0,0,0,0,0,0,0,0,0,0,0,0,0,0,0,0,0,0,"1",0,1,0,0,0,0,0,0,0,0,0,0,0,0,0,0,0,0,0,0,0,0,0,0,0,0,0,0
"Aroldis Chapman","NH","2025","BOS","Boston Red Sox",37.4,13,179,10750000,10750000,1,1,"2025","2025",3,1,1,0,162,89,73,0,1,16,0,0,1,786,5562,1414,186,676,0.518,0.267,3.92,0,0,2,0,0,0,0,0,0,0,0,0,0,0,0,0,0,0,0,0,0,0,0,0,0,0,0,0,"1",0,4,0,0,0,0,0,0,0,0,0,0,0,0,0,0,0,0,0,0,0,0,0,0,0,0,0,0
"Asdrubal Cabrera","NH","2015","TB","Tampa Bay Rays",29.8,0,180,7500000,7500000,1,1,"2015","2015",0,0,0,0,162,80,82,0,0,-2,0,0,0,644,5485,1383,167,642,0.464,0.257,4.43,1.6,2.56,143,551,505,66,134,28,5,15,58,6,3,36,107,14,3,1,6,4,0.265,0.315,0.43,0.744,106,0.317,99,217,"6/HD",0,20449,303601,255025,4356,17956,784,25,225,3364,36,9,1296,11449,196,9,1,36,16,0.070225,0.099225,0.1849,0.553536,11236,0.100489,9801,47089,0
"Asdrubal Cabrera","NH","2016","NYM","New York Mets",30.8,1,181,18500000,9250000,1,2,"2016","2017",0,0,0,0,162,87,75,0,1,12,0,0,1,671,5459,1342,218,617,0.481,0.25,3.75,3.4,11.56,141,568,521,65,146,30,1,23,62,5,1,38,103,14,7,0,2,3,0.28,0.336,0.474,0.81,117,0.354,118,247,"6/H",0,19881,322624,271441,4225,21316,900,1,529,3844,25,1,1444,10609,196,49,0,4,9,0.0784,0.112896,0.224676,0.6561,13689,0.125316,13924,61009,0
"Asdrubal Cabrera","NH","2017","NYM","New York Mets",31.8,2,181,18500000,9250000,1,2,"2016","2017",0,0,0,0,162,70,92,0,0,-22,0,0,0,735,5510,1379,224,863,0.48,0.25,3.78,1.2,1.44,135,540,479,66,134,32,0,14,59,3,2,50,83,19,5,1,5,1,0.28,0.351,0.434,0.785,110,0.351,118,208,"654H/D",0,18225,291600,229441,4356,17956,1024,0,196,3481,9,4,2500,6889,361,25,1,25,1,0.0784,0.123201,0.188356,0.616225,12100,0.123201,13924,43264,0
"Asdrubal Cabrera","NH","2018","NYM","New York Mets",32.8,3,182,23561687.3410595,11780843.6705298,1,2,"2018","2019",0,0,0,0,162,77,85,0,0,-8,0,0,0,676,5468,1282,170,707,0.48,0.25,3.78,1.4,1.96,147,592,546,68,143,36,1,23,75,0,0,41,119,16,3,0,2,1,0.262,0.316,0.458,0.774,111,0.338,111,250,"465H/D",0,21609,350464,298116,4624,20449,1296,1,529,5625,0,0,1681,14161,256,9,0,4,1,0.068644,0.099856,0.209764,0.599076,12321,0.114244,12321,62500,0
"Asdrubal Cabrera","NH","2019","TEX","Texas Rangers",33.8,4,182,23561687.3410595,11780843.6705298,1,2,"2018","2019",0,0,0,0,162,78,84,0,0,-6,0,0,1,810,5540,1374,223,878,0.478,0.259,4.28,0.7,0.49,131,514,447,69,116,25,1,18,91,4,0,57,103,9,3,0,7,2,0.26,0.342,0.441,0.783,98,0.342,99,197,"54/H3",0,17161,264196,199809,4761,13456,625,1,324,8281,16,0,3249,10609,81,9,0,49,4,0.0676,0.116964,0.194481,0.613089,9604,0.116964,9801,38809,0
"Asdrubal Cabrera","NH","2019","TEX","Texas Rangers",33.8,5,183,3500000,3500000,1,1,"2019","2019",0,0,0,0,162,78,84,0,0,-6,0,0,1,810,5540,1374,223,878,0.478,0.259,4.28,0.7,0.49,131,514,447,69,116,25,1,18,91,4,0,57,103,9,3,0,7,2,0.26,0.342,0.441,0.783,98,0.342,99,197,"54/H3",0,17161,264196,199809,4761,13456,625,1,324,8281,16,0,3249,10609,81,9,0,49,4,0.0676,0.116964,0.194481,0.613089,9604,0.116964,9801,38809,0
"Asdrubal Cabrera","NH","2020","WSH","Washington Nationals",34.8,6,184,2500000,2500000,0,1,"2020","2020",0,0,0,0,60,26,34,0,0,-8,0,0,1,293,1968,519,66,301,0.489,0.254,3.88,0.1,0.01,52,213,190,23,46,9,3,8,31,0,0,19,40,6,0,0,4,0,0.242,0.305,0.447,0.753,101,0.32,95,85,"35D/H",0,2704,45369,36100,529,2116,81,9,64,961,0,0,361,1600,36,0,0,16,0,0.058564,0.093025,0.199809,0.567009,10201,0.1024,9025,7225,0
"Asdrubal Cabrera","NH","2021","ARI","Arizona Diamondbacks",35.8,7,185,1750000,1750000,1,1,"2021","2021",0,0,0,0,162,52,110,0,0,-58,0,0,0,679,5489,1297,144,893,0.486,0.256,4.26,0.4,0.16,110,352,309,34,71,21,0,7,42,1,0,36,80,8,3,0,4,1,0.23,0.313,0.366,0.678,83,0.304,82,113,"5H3/1D6",0,12100,123904,95481,1156,5041,441,0,49,1764,1,0,1296,6400,64,9,0,16,1,0.0529,0.097969,0.133956,0.459684,6889,0.092416,6724,12769,0
"Asher Wojciechowski","NH","2017","CIN","Cincinnati Reds",28.7,0.114,186,695958.90057858,695958.90057858,1,1,"2017","2017",0,0,0,0,165,68,94,0,0,-26,0,0,0,753,5484,1390,219,869,0.506,0.261,3.74,-0.1,0.01,23,14,14,0,1,0,0,0,0,0,0,0,11,0,0,0,0,0,0.071,0.071,0.071,0.143,-62,0.064,-98,1,"1",0,529,196,196,0,1,0,0,0,0,0,0,0,121,0,0,0,0,0,0.005041,0.005041,0.005041,0.020449,3844,0.004096,9604,1,0
"Asher Wojciechowski","NH","2019","BAL","Baltimore Orioles",30.7,1.066,187,691688.341292727,691688.341292727,1,1,"2019","2019",0,0,0,0,162,54,108,0,0,-54,0,0,3,729,5596,1379,213,981,0.474,0.259,4.04,0,0,1,1,1,0,0,0,0,0,0,0,0,0,1,0,0,0,0,0,0,0,0,0,-100,0,-123,0,"1",0,1,1,1,0,0,0,0,0,0,0,0,0,1,0,0,0,0,0,0,0,0,0,10000,0,15129,0,0
"Austin Adams","NH","2020","SD","San Diego Padres",34,0,188,699591.518642624,699591.518642624,1,1,"2020","2020",0,0,0,0,60,37,23,0,1,14,0,0,0,325,1972,506,95,241,0.462,0.249,3.97,0,0,1,1,1,0,0,0,0,0,0,0,0,0,1,0,0,0,0,0,0,0,0,0,-100,0,-125,0,"/1",0,1,1,1,0,0,0,0,0,0,0,0,0,1,0,0,0,0,0,0,0,0,0,10000,0,15625,0,0
"Austin Adams","NH","2021","SD","San Diego Padres",35,1,189,686467.285351031,686467.285351031,1,1,"2021","2021",0,0,0,0,162,79,83,0,0,-4,0,0,0,729,5384,1305,180,708,0.462,0.249,3.97,0,0,61,0,0,0,0,0,0,0,0,0,0,0,0,0,0,0,0,0,0,0,0,0,0,0,0,0,"1",0,3721,0,0,0,0,0,0,0,0,0,0,0,0,0,0,0,0,0,0,0,0,0,0,0,0,0,0
"Austin Hedges","NH","2023","PIT","Pittsburgh Pirates",31,0,193,5000000,5000000,1,1,"2023","2023",0,0,0,0,162,76,86,0,0,-10,0,0,0,692,5406,1293,159,790,0.501,0.264,3.76,-1.1,1.21,81,212,185,14,34,5,0,1,16,1,0,11,47,7,2,10,3,0,0.184,0.234,0.227,0.461,27,0.215,16,42,"2/1DH",0,6561,44944,34225,196,1156,25,0,1,256,1,0,121,2209,49,4,100,9,0,0.033856,0.054756,0.051529,0.212521,729,0.046225,256,1764,0
"Austin Hedges","NH","2024","CLE","Cleveland Guardians",32,1,194,4000000,4000000,1,1,"2024","2024",0,0,0,0,161,92,69,1,1,23,0,0,0,708,5310,1263,185,621,0.513,0.265,3.83,-0.6,0.36,66,146,132,12,20,3,0,2,15,2,0,6,50,2,3,3,2,0,0.152,0.203,0.22,0.422,21,0.199,14,29,"2/1",0,4356,21316,17424,144,400,9,0,4,225,4,0,36,2500,4,9,9,4,0,0.023104,0.041209,0.0484,0.178084,441,0.039601,196,841,0
"Austin Hedges","NH","2025","CLE","Cleveland Guardians",33,2,195,4000000,4000000,0,1,"2025","2025",0,0,0,0,162,88,74,1,1,14,0,0,1,643,5310,1199,168,649,0.513,0.264,3.83,-0.4,0.16,68,180,155,13,25,3,0,5,10,1,2,18,43,2,1,4,2,0,0.161,0.25,0.277,0.527,47,0.233,40,43,"2/1",0,4624,32400,24025,169,625,9,0,25,100,1,4,324,1849,4,1,16,4,0,0.025921,0.0625,0.076729,0.277729,2209,0.054289,1600,1849,0
"Austin Jackson","NH","2016","CHW","Chicago White Sox",29.5,0,196,5000000,5000000,1,1,"2016","2016",0,0,0,0,162,78,84,0,0,-6,0,0,1,686,5550,1428,168,715,0.504,0.261,3.75,-0.1,0.01,54,203,181,24,46,12,2,0,18,2,1,17,39,3,1,2,2,0,0.254,0.318,0.343,0.661,83,0.293,79,62,"8/H",0,2916,41209,32761,576,2116,144,4,0,324,4,1,289,1521,9,1,4,4,0,0.064516,0.101124,0.117649,0.436921,6889,0.085849,6241,3844,0
"Austin Jackson","NH","2017","CLE","Cleveland Guardians",30.5,1,197,1500000,1500000,1,1,"2017","2017",0,0,0,0,162,102,60,1,1,42,0,0,1,818,5511,1449,212,564,0.511,0.266,3.83,1.9,3.61,85,318,280,46,89,19,3,7,35,3,1,33,64,13,1,0,4,0,0.318,0.387,0.482,0.869,126,0.38,130,135,"789/H",0,7225,101124,78400,2116,7921,361,9,49,1225,9,1,1089,4096,169,1,0,16,0,0.101124,0.149769,0.232324,0.755161,15876,0.1444,16900,18225,0
"Austin Jackson","NH","2018","SF","San Francisco Giants",31.5,2,198,3272500,1636250,1,2,"2018","2019",0,0,0,0,162,73,89,0,0,-16,0,0,0,603,5541,1324,133,699,0.536,0.264,3.57,-1.4,1.96,116,375,347,29,85,17,1,3,32,3,3,26,133,8,1,0,1,2,0.245,0.299,0.326,0.624,75,0.281,74,113,"8H/7",0,13456,140625,120409,841,7225,289,1,9,1024,9,9,676,17689,64,1,0,1,4,0.060025,0.089401,0.106276,0.389376,5625,0.078961,5476,12769,0
"Austin Kearns","NH","2012","MIA","Miami Marlins",32.2,0,199,1300000,1300000,1,1,"2012","2012",0,0,0,0,162,69,93,0,0,-24,0,0,0,609,5437,1327,137,724,0.474,0.259,4.33,0.3,0.09,87,175,147,21,36,6,0,4,16,2,1,22,44,8,6,0,0,1,0.245,0.366,0.367,0.733,99,0.334,100,54,"H79/3D",0,7569,30625,21609,441,1296,36,0,16,256,4,1,484,1936,64,36,0,0,1,0.060025,0.133956,0.134689,0.537289,9801,0.111556,10000,2916,0
"Austin Kearns","NH","2013","MIA","Miami Marlins",33.2,1,200,700000,700000,0,1,"2013","2013",0,0,0,0,162,62,100,0,0,-38,0,0,0,513,5449,1257,95,646,0.47,0.258,4.29,-0.2,0.04,19,31,27,3,5,0,0,0,0,0,0,4,8,1,0,0,0,0,0.185,0.29,0.185,0.476,35,0.232,28,5,"H/97",0,361,961,729,9,25,0,0,0,0,0,0,16,64,1,0,0,0,0,0.034225,0.0841,0.034225,0.226576,1225,0.053824,784,25,0
"Austin Romine","NH","2020","DET","Detroit Tigers",31.8,6.044,201,4150000,4150000,1,1,"2020","2020",0,0,0,0,58,23,35,0,0,-12,0,0,0,249,1894,463,62,318,0.504,0.265,4,-0.2,0.04,37,135,130,12,31,5,0,2,17,0,0,4,47,3,0,0,1,0,0.238,0.259,0.323,0.582,59,0.267,60,42,"2/3",0,1369,18225,16900,144,961,25,0,4,289,0,0,16,2209,9,0,0,1,0,0.056644,0.067081,0.104329,0.338724,3481,0.071289,3600,1764,0
"Austin Romine","NH","2021","CHC","Chicago Cubs",32.8,7.044,202,1500000,1500000,1,1,"2021","2021",0,0,0,0,162,71,91,0,0,-20,0,0,0,705,5306,1255,210,839,0.513,0.262,3.69,-0.3,0.09,28,62,60,5,13,2,0,1,5,0,0,2,22,4,0,0,0,0,0.217,0.242,0.3,0.542,46,0.238,37,18,"2/H",0,784,3844,3600,25,169,4,0,1,25,0,0,4,484,16,0,0,0,0,0.047089,0.058564,0.09,0.293764,2116,0.056644,1369,324,0
"Austin Romine","NH","2022","CIN","Cincinnati Reds",33.8,8.044,203,780223.372192982,780223.372192982,1,1,"2022","2022",0,0,0,0,162,62,100,0,0,-38,0,0,0,648,5380,1264,156,815,0.504,0.261,3.76,-0.7,0.49,51,136,129,10,20,3,0,3,9,0,0,4,46,2,1,2,0,0,0.155,0.187,0.248,0.435,20,0.207,15,32,"2/DH",0,2601,18496,16641,100,400,9,0,9,81,0,0,16,2116,4,1,4,0,0,0.024025,0.034969,0.061504,0.189225,400,0.042849,225,1024,0
"Austin Wynns","NH","2022","SF","San Francisco Giants",31.7,0,204,780223.372192982,780223.372192982,1,1,"2022","2022",0,0,0,0,162,81,81,0,0,0,0,0,0,716,5392,1261,183,697,0.536,0.263,3.58,0.4,0.16,65,177,162,14,42,7,0,3,21,0,0,10,38,9,3,1,1,0,0.259,0.313,0.358,0.671,91,0.308,95,58,"2/DH1",0,4225,31329,26244,196,1764,49,0,9,441,0,0,100,1444,81,9,1,1,0,0.067081,0.097969,0.128164,0.450241,8281,0.094864,9025,3364,0
"Austin Wynns","NH","2023","COL","Colorado Rockies",32.7,1,205,720000,720000,1,1,"2023","2023",0,0,0,0,162,59,103,0,0,-44,0,0,0,721,5496,1368,163,957,0.465,0.272,5,-0.1,0.01,51,145,130,11,27,6,0,1,10,1,0,9,39,4,2,3,1,0,0.208,0.268,0.277,0.545,44,0.255,39,36,"2/H",0,2601,21025,16900,121,729,36,0,1,100,1,0,81,1521,16,4,9,1,0,0.043264,0.071824,0.076729,0.297025,1936,0.065025,1521,1296,0
"Austin Wynns","NH","2024","CIN","Cincinnati Reds",33.7,2,206,950000,950000,1,1,"2024","2024",0,0,0,0,162,77,85,0,0,-8,0,0,0,699,5325,1230,174,694,0.504,0.261,3.77,0.4,0.16,7,20,19,3,7,4,0,0,2,0,0,0,5,0,1,0,0,0,0.368,0.4,0.579,0.979,164,0.409,160,11,"/2H",0,49,400,361,9,49,16,0,0,4,0,0,0,25,0,1,0,0,0,0.135424,0.16,0.335241,0.958441,26896,0.167281,25600,121,0
"Austin Wynns","NH","2025","OAK","Oakland Athletics",34.7,3,207,1100000,1100000,0,1,"2025","2025",0,0,0,0,162,76,86,0,0,-10,0,0,2,733,5547,1403,219,817,0.486,0.257,4,1.1,1.21,40,110,103,13,30,8,0,6,21,0,0,5,32,3,0,1,1,0,0.291,0.321,0.544,0.865,129,0.371,135,56,"2/H3D",0,1600,12100,10609,169,900,64,0,36,441,0,0,25,1024,9,0,1,1,0,0.084681,0.103041,0.295936,0.748225,16641,0.137641,18225,3136,0
"Bartolo Colon","NH","2013","OAK","Oakland Athletics",40.2,8.061,211,3000000,3000000,0,1,"2013","2013",2,0,1,0,162,96,66,1,1,30,0,0,0,785,5521,1405,186,637,0.487,0.259,3.97,-0.1,0.01,3,6,6,0,0,0,0,0,0,0,0,0,3,0,0,0,0,0,0,0,0,0,-100,0,-136,0,"1",0,9,36,36,0,0,0,0,0,0,0,0,0,9,0,0,0,0,0,0,0,0,0,10000,0,18496,0,0
"Bartolo Colon","NH","2014","NYM","New York Mets",41.2,9.061,212,20000000,10000000,1,2,"2014","2015",0,0,0,0,162,79,83,0,0,-4,0,0,2,629,5472,1306,125,618,0.478,0.25,3.76,-0.6,0.36,28,69,62,3,2,1,0,0,0,0,0,0,33,0,0,7,0,0,0.032,0.032,0.048,0.081,-77,0.05,-120,3,"1",0,784,4761,3844,9,4,1,0,0,0,0,0,0,1089,0,0,49,0,0,0.001024,0.001024,0.002304,0.006561,5929,0.0025,14400,9,0
"Bartolo Colon","NH","2015","NYM","New York Mets",42.2,10.061,212,20000000,10000000,1,2,"2014","2015",0,0,0,0,162,90,72,1,1,18,1,0,1,683,5527,1351,177,613,0.48,0.25,3.76,-0.1,0.01,31,64,58,2,8,1,0,0,4,0,0,0,24,2,1,4,1,0,0.138,0.15,0.155,0.305,-15,0.154,-34,9,"1",0,961,4096,3364,4,64,1,0,0,16,0,0,0,576,4,1,16,1,0,0.019044,0.0225,0.024025,0.093025,225,0.023716,1156,81,0
"Bartolo Colon","NH","2016","NYM","New York Mets",43.2,11.061,213,7250000,7250000,0,1,"2016","2016",1,0,0,0,162,87,75,0,1,12,0,0,1,671,5459,1342,218,617,0.481,0.25,3.75,-0.3,0.09,31,65,60,4,5,2,0,1,2,0,0,1,40,3,0,4,0,0,0.083,0.098,0.167,0.265,-30,0.13,-53,10,"1",0,961,4225,3600,16,25,4,0,1,4,0,0,1,1600,9,0,16,0,0,0.006889,0.009604,0.027889,0.070225,900,0.0169,2809,100,0
"Bartolo Colon","NH","2017","ATL","Atlanta Braves",44.2,12.061,214,12500000,12500000,1,1,"2017","2017",0,0,0,0,163,72,90,0,0,-18,0,0,0,732,5584,1467,165,821,0.5,0.26,3.66,-0.3,0.09,12,20,19,1,0,0,0,0,0,0,0,0,10,1,0,1,0,0,0,0,0,0,-100,0,-153,0,"1",0,144,400,361,1,0,0,0,0,0,0,0,0,100,1,0,1,0,0,0,0,0,0,10000,0,23409,0,0
"Ben Gamel","NH","2021","PIT","Pittsburgh Pirates",29.2,0,215,1500000,1500000,1,1,"2021","2021",0,0,0,0,162,61,101,0,0,-40,0,0,0,609,5336,1261,124,833,0.502,0.264,3.74,-0.1,0.01,122,400,340,43,84,18,3,8,26,3,6,51,105,7,3,2,4,2,0.247,0.347,0.388,0.735,100,0.322,100,132,"7H89/3",0,14884,160000,115600,1849,7056,324,9,64,676,9,36,2601,11025,49,9,4,16,4,0.061009,0.120409,0.150544,0.540225,10000,0.103684,10000,17424,0
"Ben Gamel","NH","2024","HOU","Houston Astros",32.2,1,216,1234056.98736296,1234056.98736296,1,1,"2024","2024",0,0,0,0,161,88,73,1,1,15,0,0,0,740,5530,1448,190,649,0.502,0.255,3.8,0.2,0.04,38,99,81,22,20,4,0,1,4,1,0,18,24,0,0,0,0,1,0.247,0.384,0.333,0.717,108,0.338,117,27,"97/HD",0,1444,9801,6561,484,400,16,0,1,16,1,0,324,576,0,0,0,0,1,0.061009,0.147456,0.110889,0.514089,11664,0.114244,13689,729,0
"Ben Revere","NH","2017","LAA","Los Angeles Angels",29.2,5.149,221,4000000,4000000,1,1,"2017","2017",0,0,0,0,162,80,82,0,0,-2,0,0,0,710,5415,1314,186,709,0.501,0.258,3.95,0,0,109,308,291,37,80,13,2,1,20,21,6,15,25,7,0,0,2,0,0.275,0.308,0.344,0.652,77,0.309,83,100,"7H/8D",0,11881,94864,84681,1369,6400,169,4,1,400,441,36,225,625,49,0,0,4,0,0.075625,0.094864,0.118336,0.425104,5929,0.095481,6889,10000,0
"Bill Hall","NH","2012","BAL","Baltimore Orioles",32.6,0,223,600000,600000,1,1,"2012","2012",0,0,0,0,162,93,69,0,1,24,0,0,0,712,5560,1375,214,705,0.475,0.259,4.01,0,0,7,14,9,2,2,0,0,1,1,0,0,5,7,0,0,0,0,1,0.222,0.5,0.556,1.056,188,0.438,186,5,"/HD79",0,49,196,81,4,4,0,0,1,1,0,0,25,49,0,0,0,0,1,0.049284,0.25,0.309136,1.115136,35344,0.191844,34596,25,0
"Billy Butler","H","2015","OAK","Oakland Athletics",29.3,0.102,225,30000000,10000000,1,3,"2015","2017",0,0,0,0,162,68,94,0,0,-26,0,0,0,694,5600,1405,146,729,0.487,0.259,3.97,-0.7,0.49,151,601,538,63,135,28,1,15,65,0,0,52,101,26,7,0,4,4,0.251,0.323,0.39,0.713,98,0.314,95,210,"D/H3",1,22801,361201,289444,3969,18225,784,1,225,4225,0,0,2704,10201,676,49,0,16,16,0.063001,0.104329,0.1521,0.508369,9604,0.098596,9025,44100,1
"Billy Butler","H","2016","OAK","Oakland Athletics",30.3,1.102,225,30000000,10000000,1,3,"2015","2017",0,0,0,0,162,69,93,0,0,-24,0,0,1,653,5500,1352,169,761,0.487,0.259,3.97,-0.1,0.01,97,274,250,27,71,18,0,5,35,0,0,21,42,13,0,0,3,1,0.284,0.336,0.416,0.752,105,0.331,106,104,"DH3",0,9409,75076,62500,729,5041,324,0,25,1225,0,0,441,1764,169,0,0,9,1,0.080656,0.112896,0.173056,0.565504,11025,0.109561,11236,10816,0
"Billy Butler","H","2016","OAK","Oakland Athletics",30.3,1.102,226,49914,49914,1,1,"2016","2016",0,0,0,0,162,69,93,0,0,-24,0,0,1,653,5500,1352,169,761,0.487,0.259,3.97,-0.1,0.01,97,274,250,27,71,18,0,5,35,0,0,21,42,13,0,0,3,1,0.284,0.336,0.416,0.752,105,0.331,106,104,"DH3",0,9409,75076,62500,729,5041,324,0,25,1225,0,0,441,1764,169,0,0,9,1,0.080656,0.112896,0.173056,0.565504,11025,0.109561,11236,10816,0
"Billy Hamilton","NH","2019","KC","Kansas City Royals",28.9,5.028,227,5250000,5250000,1,1,"2019","2019",0,0,0,0,162,59,103,0,0,-44,0,0,0,691,5496,1356,162,869,0.48,0.264,4.24,0.4,0.16,119,353,316,41,69,14,2,0,15,22,6,32,87,1,0,3,2,1,0.218,0.289,0.275,0.564,50,0.264,46,87,"8H/D",0,14161,124609,99856,1681,4761,196,4,0,225,484,36,1024,7569,1,0,9,4,1,0.047524,0.083521,0.075625,0.318096,2500,0.069696,2116,7569,0
"Billy Hamilton","NH","2020","NYM","New York Mets",29.9,6.028,228,1225418.66989424,1225418.66989424,1,1,"2020","2020",0,0,0,0,60,26,34,0,0,-8,0,0,0,286,2023,551,86,308,0.48,0.25,3.8,0,0,31,36,32,10,4,0,0,1,2,6,2,2,7,0,0,1,1,0,0.125,0.171,0.219,0.39,6,0.184,-9,7,"8H/D",0,961,1296,1024,100,16,0,0,1,4,36,4,4,49,0,0,1,1,0,0.015625,0.029241,0.047961,0.1521,36,0.033856,81,49,0
"Billy Hamilton","NH","2021","CHW","Chicago White Sox",30.9,7.028,229,1478945.37519612,1478945.37519612,1,1,"2021","2021",0,0,0,0,162,93,69,1,1,24,0,0,0,796,5357,1373,190,636,0.503,0.26,3.78,0.3,0.09,71,135,127,23,28,8,3,2,11,9,0,4,47,1,0,3,1,0,0.22,0.242,0.378,0.62,66,0.277,55,48,"87H/D9",0,5041,18225,16129,529,784,64,9,4,121,81,0,16,2209,1,0,9,1,0,0.0484,0.058564,0.142884,0.3844,4356,0.076729,3025,2304,0
"Billy Hamilton","NH","2022","MIA","Miami Marlins",31.9,8.028,230,780223.372192982,780223.372192982,1,1,"2022","2022",0,0,0,0,162,69,93,0,0,-24,0,0,0,586,5395,1241,144,676,0.46,0.255,4.29,-0.1,0.01,37,23,20,13,1,0,0,0,0,10,1,2,12,0,0,1,0,0,0.05,0.136,0.05,0.186,-44,0.195,-57,1,"H7/8D45",0,1369,529,400,169,1,0,0,0,0,100,1,4,144,0,0,1,0,0,0.0025,0.018496,0.0025,0.034596,1936,0.038025,3249,1,0
"Billy Mckinney","NH","2023","NYY","New York Yankees",29,0,231,765889.986737186,765889.986737186,1,1,"2023","2023",0,0,0,0,162,82,80,0,0,2,0,0,0,673,5323,1207,219,698,0.569,0.266,3.65,0.2,0.04,48,147,128,19,29,3,1,6,14,1,0,17,39,1,1,0,1,1,0.227,0.32,0.406,0.726,98,0.314,93,52,"79/8H3",0,2304,21609,16384,361,841,9,1,36,196,1,0,289,1521,1,1,0,1,1,0.051529,0.1024,0.164836,0.527076,9604,0.098596,8649,2704,0
"Billy Mckinney","NH","2025","TEX","Texas Rangers",31,1,232,1000000,1000000,1,1,"2025","2025",0,0,0,0,162,81,81,0,0,0,0,0,0,684,5443,1275,175,605,0.476,0.258,4.28,-0.1,0.01,6,21,20,4,4,1,0,0,1,0,0,1,1,0,0,0,0,0,0.2,0.238,0.25,0.488,45,0.261,73,5,"/97DH",0,36,441,400,16,16,1,0,0,1,0,0,1,1,0,0,0,0,0,0.04,0.056644,0.0625,0.238144,2025,0.068121,5329,25,0
"Blaine Boyer","NH","2016","MIL","Milwaukee Brewers",35.1,0.07,233,950000,950000,1,1,"2016","2016",0,0,0,0,162,73,89,0,0,-16,0,0,0,671,5330,1299,194,733,0.477,0.258,4.19,0,0,57,1,1,0,0,0,0,0,0,0,0,0,0,0,0,0,0,0,0,0,0,0,-100,0,-155,0,"1",0,3249,1,1,0,0,0,0,0,0,0,0,0,0,0,0,0,0,0,0,0,0,0,10000,0,24025,0,0
"Blake Parker","NH","2017","LAA","Los Angeles Angels",32.2,2.036,235,560000,560000,1,1,"2017","2017",0,0,0,0,162,80,82,0,0,-2,0,0,0,710,5415,1314,186,709,0.501,0.258,3.95,0,0,4,0,0,0,0,0,0,0,0,0,0,0,0,0,0,0,0,0,0,0,0,0,0,0,0,0,"1",0,16,0,0,0,0,0,0,0,0,0,0,0,0,0,0,0,0,0,0,0,0,0,0,0,0,0,0
"Blake Parker","NH","2019","PHI","Philadelphia Phillies",34.2,4.036,236,1800000,1800000,1,1,"2019","2019",0,0,0,0,162,81,81,0,0,0,0,0,1,774,5571,1369,215,794,0.472,0.261,3.98,0,0,24,1,1,0,0,0,0,0,0,0,0,0,1,0,0,0,0,0,0,0,0,0,-100,0,-142,0,"1",0,576,1,1,0,0,0,0,0,0,0,0,0,1,0,0,0,0,0,0,0,0,0,10000,0,20164,0,0
"Blake Parker","NH","2020","PHI","Philadelphia Phillies",35.2,5.036,237,690523.420485407,690523.420485407,1,1,"2020","2020",0,0,0,0,60,28,32,0,0,-4,0,0,0,306,1948,501,82,311,0.472,0.261,3.98,0,0,1,0,0,0,0,0,0,0,0,0,0,0,0,0,0,0,0,0,0,0,0,0,0,0,0,0,"1",0,1,0,0,0,0,0,0,0,0,0,0,0,0,0,0,0,0,0,0,0,0,0,0,0,0,0,0
"Blake Perkins","NH","2023","MIL","Milwaukee Brewers",26.9,0,238,720000,720000,1,1,"2023","2023",0,0,0,0,162,92,70,1,1,22,0,0,0,728,5386,1290,165,647,0.486,0.256,4.15,1.1,1.21,67,168,143,28,31,7,0,4,20,5,2,23,46,3,0,2,0,0,0.217,0.325,0.35,0.675,85,0.303,84,50,"98H7/D",0,4489,28224,20449,784,961,49,0,16,400,25,4,529,2116,9,0,4,0,0,0.047089,0.105625,0.1225,0.455625,7225,0.091809,7056,2500,0
"Blake Perkins","NH","2025","MIL","Milwaukee Brewers",28.9,1,239,802500,802500,0,1,"2025","2025",0,0,0,0,162,97,65,1,1,32,0,0,2,806,5510,1423,166,634,0.489,0.256,4.13,0.3,0.09,54,171,155,25,35,6,2,3,19,7,2,15,47,4,1,0,0,0,0.226,0.298,0.348,0.647,81,0.296,81,54,"8/HD",0,2916,29241,24025,625,1225,36,4,9,361,49,4,225,2209,16,1,0,0,0,0.051076,0.088804,0.121104,0.418609,6561,0.087616,6561,2916,0
"Blake Treinen","NH","2021","LAD","Los Angeles Dodgers",33.1,1,243,17500000,8750000,0,2,"2021","2022",0,0,0,0,162,106,56,0,1,50,0,0,0,830,5445,1330,237,561,0.529,0.261,3.53,0,0,70,0,0,0,0,0,0,0,0,0,0,0,0,0,0,0,0,0,0,0,0,0,0,0,0,0,"1",0,4900,0,0,0,0,0,0,0,0,0,0,0,0,0,0,0,0,0,0,0,0,0,0,0,0,0,0
"Blake Wood","NH","2016","CIN","Cincinnati Reds",31,0,246,600000,600000,1,1,"2016","2016",0,0,0,0,162,68,94,0,0,-26,0,0,1,716,5487,1403,164,854,0.507,0.262,3.72,0,0,67,2,2,0,0,0,0,0,0,0,0,0,2,0,0,0,0,0,0,0,0,0,-100,0,-143,0,"1",0,4489,4,4,0,0,0,0,0,0,0,0,0,4,0,0,0,0,0,0,0,0,0,10000,0,20449,0,0
"Bobby Wilson","NH","2015","TEX","Texas Rangers",32.3,0,248,700000,700000,1,1,"2015","2015",0,0,0,0,162,88,74,1,1,14,0,0,0,751,5511,1419,172,733,0.477,0.26,4.24,-0.2,0.04,56,147,132,8,25,5,0,1,14,0,1,11,39,1,1,2,1,0,0.189,0.255,0.25,0.505,40,0.233,34,33,"2/HD",0,3136,21609,17424,64,625,25,0,1,196,0,1,121,1521,1,1,4,1,0,0.035721,0.065025,0.0625,0.255025,1600,0.054289,1156,1089,0
"Bobby Wilson","NH","2016","TEX","Texas Rangers",33.3,1,249,672362.379948466,672362.379948466,0,1,"2016","2016",0,0,0,0,162,95,67,1,1,28,0,0,0,765,5525,1446,215,757,0.479,0.26,4.24,-0.5,0.25,75,251,228,25,54,6,0,7,33,0,0,11,64,6,1,7,4,0,0.237,0.27,0.355,0.626,67,0.274,58,81,"2",0,5625,63001,51984,625,2916,36,0,49,1089,0,0,121,4096,36,1,49,16,0,0.056169,0.0729,0.126025,0.391876,4489,0.075076,3364,6561,0
"Bobby Wilson","NH","2018","MIN","Minnesota Twins",35.3,3,251,694114.573020403,694114.573020403,1,1,"2018","2018",0,0,0,0,162,78,84,0,0,-6,0,0,1,738,5526,1379,166,775,0.48,0.263,3.99,0.2,0.04,47,151,135,12,24,8,0,2,16,0,0,12,37,6,0,2,2,0,0.178,0.242,0.281,0.523,43,0.244,41,38,"2",0,2209,22801,18225,144,576,64,0,4,256,0,0,144,1369,36,0,4,4,0,0.031684,0.058564,0.078961,0.273529,1849,0.059536,1681,1444,0
"Boone Logan","NH","2014","COL","Colorado Rockies",30,0.14,252,16500000,5500000,1,3,"2014","2016",0,0,0,0,162,66,96,0,0,-30,0,0,0,755,5612,1551,186,818,0.469,0.276,5,0,0,32,0,0,0,0,0,0,0,0,0,0,0,0,0,0,0,0,0,0,0,0,0,0,0,0,0,"1",0,1024,0,0,0,0,0,0,0,0,0,0,0,0,0,0,0,0,0,0,0,0,0,0,0,0,0,0
"Boone Logan","NH","2015","COL","Colorado Rockies",31,1.14,252,16500000,5500000,1,3,"2014","2016",0,0,0,0,162,68,94,0,0,-26,0,0,0,737,5572,1479,186,844,0.466,0.275,5,0,0,57,0,0,0,0,0,0,0,0,0,0,0,0,0,0,0,0,0,0,0,0,0,0,0,0,0,"1",0,3249,0,0,0,0,0,0,0,0,0,0,0,0,0,0,0,0,0,0,0,0,0,0,0,0,0,0
"Boone Logan","NH","2016","COL","Colorado Rockies",32,2.14,252,16500000,5500000,1,3,"2014","2016",0,0,0,0,162,75,87,0,0,-12,0,0,0,845,5614,1544,204,860,0.466,0.275,4.99,0,0,60,0,0,0,0,0,0,0,0,0,0,0,0,0,0,0,0,0,0,0,0,0,0,0,0,0,"1",0,3600,0,0,0,0,0,0,0,0,0,0,0,0,0,0,0,0,0,0,0,0,0,0,0,0,0,0
"Boone Logan","NH","2017","CLE","Cleveland Guardians",33,3.14,253,6500000,6500000,1,1,"2017","2017",0,0,0,0,162,102,60,1,1,42,0,0,1,818,5511,1449,212,564,0.511,0.266,3.83,0,0,6,0,0,0,0,0,0,0,0,0,0,0,0,0,0,0,0,0,0,0,0,0,0,0,0,0,"1",0,36,0,0,0,0,0,0,0,0,0,0,0,0,0,0,0,0,0,0,0,0,0,0,0,0,0,0
"Boone Logan","NH","2018","MIL","Milwaukee Brewers",34,4.14,254,2500000,2500000,1,1,"2018","2018",0,0,0,0,163,96,67,1,1,29,0,0,1,754,5542,1398,218,659,0.48,0.258,4.17,0,0,12,0,0,0,0,0,0,0,0,0,0,0,0,0,0,0,0,0,0,0,0,0,0,0,0,0,"1",0,144,0,0,0,0,0,0,0,0,0,0,0,0,0,0,0,0,0,0,0,0,0,0,0,0,0,0
"Brad Boxberger","NH","2019","KC","Kansas City Royals",31.2,5.109,255,2200000,2200000,1,1,"2019","2019",0,0,0,0,162,59,103,0,0,-44,0,0,0,691,5496,1356,162,869,0.48,0.264,4.24,0,0,2,0,0,0,0,0,0,0,0,0,0,0,0,0,0,0,0,0,0,0,0,0,0,0,0,0,"1",0,4,0,0,0,0,0,0,0,0,0,0,0,0,0,0,0,0,0,0,0,0,0,0,0,0,0,0
"Brad Brach","NH","2019","CHC","Chicago Cubs",33.3,6.063,259,3000000,3000000,1,1,"2019","2019",0,0,0,0,162,84,78,0,0,6,0,0,1,814,5461,1378,256,717,0.514,0.263,3.68,0,0,53,5,4,0,1,0,0,0,1,0,0,0,1,0,0,1,0,0,0.25,0.25,0.25,0.5,32,0.222,-2,1,"1/H",0,2809,25,16,0,1,0,0,0,1,0,0,0,1,0,0,1,0,0,0.0625,0.0625,0.0625,0.25,1024,0.049284,4,1,0
"Brad Brach","NH","2021","CIN","Cincinnati Reds",35.3,8.063,260,2100000,1050000,0,2,"2020","2021",0,0,0,0,162,83,79,0,0,4,0,0,0,786,5423,1352,222,760,0.505,0.261,3.75,0,0,33,0,0,0,0,0,0,0,0,0,0,0,0,0,0,0,0,0,0,0,0,0,0,0,0,0,"1",0,1089,0,0,0,0,0,0,0,0,0,0,0,0,0,0,0,0,0,0,0,0,0,0,0,0,0,0
"Brad Hand","NH","2021","WSH","Washington Nationals",31.4,7.092,261,10500000,10500000,1,1,"2021","2021",0,0,0,0,162,65,97,0,0,-32,0,0,0,724,5385,1388,182,820,0.487,0.254,3.9,0,0,51,0,0,0,0,0,0,0,0,0,0,0,0,0,0,0,0,0,0,0,0,0,0,0,0,0,"1",0,2601,0,0,0,0,0,0,0,0,0,0,0,0,0,0,0,0,0,0,0,0,0,0,0,0,0,0
"Brad Miller","NH","2019","PHI","Philadelphia Phillies",29.8,0,264,1000000,1000000,1,1,"2019","2019",0,0,0,0,162,81,81,0,0,0,0,0,1,774,5571,1369,215,794,0.472,0.261,3.98,1.4,1.96,79,170,154,26,40,6,1,13,25,2,0,15,45,2,1,0,0,0,0.26,0.329,0.565,0.894,126,0.382,131,87,"H574/69",0,6241,28900,23716,676,1600,36,1,169,625,4,0,225,2025,4,1,0,0,0,0.0676,0.108241,0.319225,0.799236,15876,0.145924,17161,7569,0
"Brad Miller","NH","2021","PHI","Philadelphia Phillies",31.8,1,265,3500000,3500000,0,1,"2021","2021",0,0,0,0,162,82,80,0,0,2,0,0,0,734,5366,1288,198,745,0.472,0.261,3.99,0.5,0.25,140,377,331,53,75,9,3,20,49,3,0,45,112,7,1,0,0,2,0.227,0.321,0.453,0.774,107,0.334,103,150,"3H94/57D",0,19600,142129,109561,2809,5625,81,9,400,2401,9,0,2025,12544,49,1,0,0,4,0.051529,0.103041,0.205209,0.599076,11449,0.111556,10609,22500,0
"Brad Miller","NH","2022","TEX","Texas Rangers",32.8,2,266,10000000,5000000,1,2,"2022","2023",0,0,0,0,162,68,94,0,0,-26,0,0,1,707,5478,1308,198,743,0.475,0.258,4.29,-1.7,2.89,81,241,222,20,47,3,0,7,32,4,2,18,70,3,0,0,1,0,0.212,0.27,0.32,0.59,67,0.265,63,71,"75DH/9",0,6561,58081,49284,400,2209,9,0,49,1024,16,4,324,4900,9,0,0,1,0,0.044944,0.0729,0.1024,0.3481,4489,0.070225,3969,5041,0
"Brad Miller","NH","2023","TEX","Texas Rangers",33.8,3,266,10000000,5000000,1,2,"2022","2023",0,0,0,0,162,90,72,0,1,18,1,1,0,881,5595,1470,233,716,0.476,0.258,4.29,0,0,27,67,56,8,12,4,0,1,6,0,0,10,11,1,0,0,1,0,0.214,0.328,0.339,0.668,86,0.313,96,19,"D/H315",0,729,4489,3136,64,144,16,0,1,36,0,0,100,121,1,0,0,1,0,0.045796,0.107584,0.114921,0.446224,7396,0.097969,9216,361,0
"Brad Miller","NH","2023","TEX","Texas Rangers",33.8,4,267,10637360.9269054,5318680.46345268,0,2,"2023","2024",0,0,0,0,162,90,72,0,1,18,1,1,0,881,5595,1470,233,716,0.476,0.258,4.29,0,0,27,67,56,8,12,4,0,1,6,0,0,10,11,1,0,0,1,0,0.214,0.328,0.339,0.668,86,0.313,96,19,"D/H315",0,729,4489,3136,64,144,16,0,1,36,0,0,100,121,1,0,0,1,0,0.045796,0.107584,0.114921,0.446224,7396,0.097969,9216,361,0
"Brad Ziegler","NH","2014","ARI","Arizona Diamondbacks",34.8,0,268,10500000,5250000,0,2,"2014","2015",0,0,0,0,162,64,98,0,0,-34,0,0,0,615,5552,1379,118,742,0.492,0.258,4.23,0,0,64,1,1,0,0,0,0,0,0,0,0,0,1,0,0,0,0,0,0,0,0,0,-100,0,-150,0,"1",0,4096,1,1,0,0,0,0,0,0,0,0,0,1,0,0,0,0,0,0,0,0,0,10000,0,22500,0,0
"Brad Ziegler","NH","2015","ARI","Arizona Diamondbacks",35.8,1,268,10500000,5250000,0,2,"2014","2015",0,0,0,0,162,79,83,0,0,-4,0,0,1,720,5649,1494,154,713,0.492,0.258,4.22,0,0,63,0,0,0,0,0,0,0,0,0,0,0,0,0,0,0,0,0,0,0,0,0,0,0,0,0,"1",0,3969,0,0,0,0,0,0,0,0,0,0,0,0,0,0,0,0,0,0,0,0,0,0,0,0,0,0
"Brad Ziegler","NH","2017","MIA","Miami Marlins",37.8,2,269,16000000,8000000,1,2,"2017","2018",0,0,0,0,162,77,85,0,0,-8,0,0,2,778,5602,1497,194,822,0.47,0.258,4.27,0,0,51,0,0,0,0,0,0,0,0,0,0,0,0,0,0,0,0,0,0,0,0,0,0,0,0,0,"1",0,2601,0,0,0,0,0,0,0,0,0,0,0,0,0,0,0,0,0,0,0,0,0,0,0,0,0,0
"Brad Ziegler","NH","2018","MIA","Miami Marlins",38.8,3,269,16000000,8000000,1,2,"2017","2018",0,0,0,0,161,63,98,0,0,-35,0,0,1,589,5488,1303,128,809,0.467,0.258,4.29,0,0,76,0,0,0,0,0,0,0,0,0,0,0,0,0,0,0,0,0,0,0,0,0,0,0,0,0,"1",0,5776,0,0,0,0,0,0,0,0,0,0,0,0,0,0,0,0,0,0,0,0,0,0,0,0,0,0
"Brad Ziegler","NH","2018","MIA","Miami Marlins",38.8,4,270,20377675.5382137,10188837.7691068,1,2,"2018","2019",0,0,0,0,161,63,98,0,0,-35,0,0,1,589,5488,1303,128,809,0.467,0.258,4.29,0,0,76,0,0,0,0,0,0,0,0,0,0,0,0,0,0,0,0,0,0,0,0,0,0,0,0,0,"1",0,5776,0,0,0,0,0,0,0,0,0,0,0,0,0,0,0,0,0,0,0,0,0,0,0,0,0,0
"Brandon Belt","NH","2022","SF","San Francisco Giants",34.3,10.128,271,18400000,18400000,0,1,"2022","2022",0,0,0,0,162,81,81,0,0,0,0,0,0,716,5392,1261,183,697,0.536,0.263,3.58,0.4,0.16,78,298,254,25,54,9,1,8,23,1,0,37,81,9,6,0,1,2,0.213,0.326,0.35,0.676,93,0.306,94,89,"3DH",0,6084,88804,64516,625,2916,81,1,64,529,1,0,1369,6561,81,36,0,1,4,0.045369,0.106276,0.1225,0.456976,8649,0.093636,8836,7921,0
"Brandon Belt","NH","2023","TOR","Toronto Blue Jays",35.3,11.128,272,9300000,9300000,1,1,"2023","2023",0,0,0,0,162,89,73,0,1,16,0,0,1,746,5562,1423,188,671,0.499,0.261,4.22,2,4,103,404,339,53,86,23,0,19,43,0,0,61,141,5,2,0,2,1,0.254,0.369,0.49,0.858,135,0.373,138,166,"D3/H",0,10609,163216,114921,2809,7396,529,0,361,1849,0,0,3721,19881,25,4,0,4,1,0.064516,0.136161,0.2401,0.736164,18225,0.139129,19044,27556,0
"Brandon Drury","H","2021","NYM","New York Mets",29,4.096,273,1550000,1550000,1,1,"2021","2021",0,0,0,0,162,77,85,0,0,-8,0,0,0,636,5210,1243,176,668,0.48,0.25,3.8,0.2,0.04,51,88,84,7,23,5,0,4,14,0,0,3,22,3,1,0,0,0,0.274,0.307,0.476,0.783,111,0.345,115,40,"H/579341",0,2601,7744,7056,49,529,25,0,16,196,0,0,9,484,9,1,0,0,0,0.075076,0.094249,0.226576,0.613089,12321,0.119025,13225,1600,0
"Brandon Drury","NH","2022","CIN","Cincinnati Reds",30,5.001,274,1003144.33567669,1003144.33567669,1,1,"2022","2022",1,0,0,1,162,62,100,0,0,-38,0,0,0,648,5380,1264,156,815,0.504,0.261,3.76,2.7,7.29,138,568,518,87,136,31,2,28,87,2,3,38,126,8,8,0,4,0,0.263,0.32,0.492,0.813,123,0.353,124,255,"534D/H69",0,19044,322624,268324,7569,18496,961,4,784,7569,4,9,1444,15876,64,64,0,16,0,0.069169,0.1024,0.242064,0.660969,15129,0.124609,15376,65025,0
"Brandon Drury","NH","2023","LAA","Los Angeles Angels",31,6.001,275,17000000,8500000,1,2,"2023","2024",0,0,0,0,162,73,89,0,0,-16,0,0,0,739,5489,1346,231,829,0.497,0.256,4,2,4,125,523,485,61,127,30,3,26,83,0,2,25,136,14,8,0,5,0,0.262,0.306,0.497,0.803,114,0.339,113,241,"43/DH",0,15625,273529,235225,3721,16129,900,9,676,6889,0,4,625,18496,196,64,0,25,0,0.068644,0.093636,0.247009,0.644809,12996,0.114921,12769,58081,0
"Brandon Drury","NH","2024","LAA","Los Angeles Angels",32,7.001,275,17000000,8500000,1,2,"2023","2024",0,0,0,0,162,63,99,0,0,-36,0,0,0,635,5357,1227,165,797,0.495,0.256,4,-2.1,4.41,97,360,325,28,55,7,0,4,15,1,0,27,81,13,5,0,3,0,0.169,0.242,0.228,0.469,34,0.228,37,74,"45D3/H",0,9409,129600,105625,784,3025,49,0,16,225,1,0,729,6561,169,25,0,9,0,0.028561,0.058564,0.051984,0.219961,1156,0.051984,1369,5476,0
"Brandon Inge","NH","2012","OAK","Oakland Athletics",35.2,0,278,414066,414066,1,1,"2012","2012",0,0,0,0,162,94,68,1,1,26,0,0,0,713,5527,1315,195,614,0.486,0.259,3.98,0.5,0.25,83,331,303,33,66,14,0,12,54,0,1,24,91,8,1,0,3,1,0.218,0.275,0.383,0.658,82,0.283,75,116,"5/4DH",0,6889,109561,91809,1089,4356,196,0,144,2916,0,1,576,8281,64,1,0,9,1,0.047524,0.075625,0.146689,0.432964,6724,0.080089,5625,13456,0
"Brandon Inge","NH","2013","PIT","Pittsburgh Pirates",36.2,1,279,1250000,1250000,1,1,"2013","2013",0,0,0,0,162,94,68,0,1,26,0,0,2,636,5468,1339,161,583,0.503,0.265,3.71,-0.5,0.25,50,110,105,5,19,3,0,1,7,0,0,2,32,2,1,2,0,0,0.181,0.204,0.238,0.442,25,0.205,13,25,"H45/936",0,2500,12100,11025,25,361,9,0,1,49,0,0,4,1024,4,1,4,0,0,0.032761,0.041616,0.056644,0.195364,625,0.042025,169,625,0
"Brandon Kintzler","NH","2018","WSH","Washington Nationals",34,6.003,280,10000000,5000000,0,2,"2018","2019",0,0,0,0,162,82,80,0,0,2,0,0,1,771,5517,1402,191,682,0.488,0.254,3.87,0,0,67,1,1,0,0,0,0,0,0,0,0,0,1,0,0,0,0,0,0,0,0,0,-100,0,-145,0,"1",0,4489,1,1,0,0,0,0,0,0,0,0,0,1,0,0,0,0,0,0,0,0,0,10000,0,21025,0,0
"Brandon Kintzler","NH","2019","CHC","Chicago Cubs",35,7.003,280,10000000,5000000,0,2,"2018","2019",0,0,0,0,162,84,78,0,0,6,0,0,1,814,5461,1378,256,717,0.514,0.263,3.68,0,0,58,0,0,0,0,0,0,0,0,0,0,0,0,0,0,0,0,0,0,0,0,0,0,0,0,0,"1",0,3364,0,0,0,0,0,0,0,0,0,0,0,0,0,0,0,0,0,0,0,0,0,0,0,0,0,0
"Brandon Kintzler","NH","2021","PHI","Philadelphia Phillies",37,9.003,282,3000000,3000000,1,1,"2021","2021",0,0,0,0,162,82,80,0,0,2,0,0,0,734,5366,1288,198,745,0.472,0.261,3.99,0,0,24,0,0,0,0,0,0,0,0,0,0,0,0,0,0,0,0,0,0,0,0,0,0,0,0,0,"1",0,576,0,0,0,0,0,0,0,0,0,0,0,0,0,0,0,0,0,0,0,0,0,0,0,0,0,0
"Brandon Mccarthy","NH","2013","ARI","Arizona Diamondbacks",30.1,0,283,15500000,7750000,1,2,"2013","2014",0,0,0,0,162,81,81,0,0,0,0,0,0,685,5676,1468,130,695,0.498,0.258,4.23,-0.3,0.09,19,42,37,0,1,0,0,0,0,0,0,3,15,0,0,2,0,0,0.027,0.1,0.027,0.127,-63,0.075,-100,1,"1",0,361,1764,1369,0,1,0,0,0,0,0,0,9,225,0,0,4,0,0,0.000729,0.01,0.000729,0.016129,3969,0.005625,10000,1,0
"Brandon Mccarthy","NH","2014","ARI","Arizona Diamondbacks",31.1,1,283,15500000,7750000,1,2,"2013","2014",0,0,0,0,162,64,98,0,0,-34,0,0,0,615,5552,1379,118,742,0.492,0.258,4.23,0.1,0.01,16,32,29,0,4,0,0,0,3,0,0,0,11,0,0,3,0,0,0.138,0.138,0.138,0.276,-23,0.157,-39,4,"1",0,256,1024,841,0,16,0,0,0,9,0,0,0,121,0,0,9,0,0,0.019044,0.019044,0.019044,0.076176,529,0.024649,1521,16,0
"Brandon Mccarthy","NH","2015","LAD","Los Angeles Dodgers",32.1,2,284,48000000,12000000,1,4,"2015","2018",0,0,0,0,162,92,70,1,1,22,0,0,1,667,5385,1346,187,595,0.525,0.262,3.53,0,0,4,9,6,0,0,0,0,0,1,0,0,1,5,0,0,2,0,0,0,0.143,0,0.143,-55,0.099,-109,0,"/1",0,16,81,36,0,0,0,0,0,1,0,0,1,25,0,0,4,0,0,0,0.020449,0,0.020449,3025,0.009801,11881,0,0
"Brandon Mccarthy","NH","2016","LAD","Los Angeles Dodgers",33.1,3,284,48000000,12000000,1,4,"2015","2018",0,0,0,0,162,91,71,1,1,20,0,0,1,725,5518,1376,189,638,0.526,0.262,3.54,-0.1,0.01,10,15,13,0,0,0,0,0,1,0,0,2,6,0,0,0,0,0,0,0.133,0,0.133,-59,0.093,-71,0,"1",0,100,225,169,0,0,0,0,0,1,0,0,4,36,0,0,0,0,0,0,0.017689,0,0.017689,3481,0.008649,5041,0,0
"Brandon Mccarthy","NH","2017","LAD","Los Angeles Dodgers",34.1,4,284,48000000,12000000,1,4,"2015","2018",0,0,0,0,164,104,58,1,1,46,1,0,0,770,5408,1347,221,580,0.527,0.262,3.53,0,0,18,28,23,2,1,0,0,0,0,0,0,3,16,0,0,2,0,0,0.043,0.154,0.043,0.197,-43,0.149,-40,1,"1",0,324,784,529,4,1,0,0,0,0,0,0,9,256,0,0,4,0,0,0.001849,0.023716,0.001849,0.038809,1849,0.022201,1600,1,0
"Brandon Mccarthy","NH","2018","ATL","Atlanta Braves",35.1,5,284,48000000,12000000,1,4,"2015","2018",0,0,0,0,162,90,72,1,1,18,0,0,1,759,5582,1433,175,657,0.5,0.26,3.66,0,0,15,31,29,1,3,2,0,0,2,0,0,0,19,0,0,2,0,0,0.103,0.103,0.172,0.276,-27,0.149,-43,5,"1",0,225,961,841,1,9,4,0,0,4,0,0,0,361,0,0,4,0,0,0.010609,0.010609,0.029584,0.076176,729,0.022201,1849,25,0
"Brandon Mccarthy","NH","2018","ATL","Atlanta Braves",35.1,6,285,61133026.614641,15283256.6536602,1,4,"2018","2021",0,0,0,0,162,90,72,1,1,18,0,0,1,759,5582,1433,175,657,0.5,0.26,3.66,0,0,15,31,29,1,3,2,0,0,2,0,0,0,19,0,0,2,0,0,0.103,0.103,0.172,0.276,-27,0.149,-43,5,"1",0,225,961,841,1,9,4,0,0,4,0,0,0,361,0,0,4,0,0,0.010609,0.010609,0.029584,0.076176,729,0.022201,1849,25,0
"Brandon Morrow","NH","2015","SD","San Diego Padres",31.1,0,286,2500000,2500000,1,1,"2015","2015",0,0,0,0,162,74,88,0,0,-14,0,0,0,650,5457,1324,148,731,0.464,0.251,3.92,-0.1,0.01,5,10,9,0,0,0,0,0,0,0,0,1,8,0,0,0,0,0,0,0.1,0,0.1,-69,0.069,-86,0,"/1",0,25,100,81,0,0,0,0,0,0,0,0,1,64,0,0,0,0,0,0,0.01,0,0.01,4761,0.004761,7396,0,0
"Brandon Morrow","NH","2016","SD","San Diego Padres",32.1,1,287,672362.379948466,672362.379948466,0,1,"2016","2016",0,0,0,0,162,68,94,0,0,-26,0,0,1,686,5419,1275,177,770,0.463,0.25,3.93,0,0,17,0,0,0,0,0,0,0,0,0,0,0,0,0,0,0,0,0,0,0,0,0,0,0,0,0,"1",0,289,0,0,0,0,0,0,0,0,0,0,0,0,0,0,0,0,0,0,0,0,0,0,0,0,0,0
"Brandon Morrow","NH","2017","LAD","Los Angeles Dodgers",33.1,2,288,1250000,1250000,1,1,"2017","2017",0,0,0,0,164,104,58,1,1,46,1,0,0,770,5408,1347,221,580,0.527,0.262,3.53,0,0,43,0,0,0,0,0,0,0,0,0,0,0,0,0,0,0,0,0,0,0,0,0,0,0,0,0,"1",0,1849,0,0,0,0,0,0,0,0,0,0,0,0,0,0,0,0,0,0,0,0,0,0,0,0,0,0
"Brandon Morrow","NH","2018","CHC","Chicago Cubs",34.1,3,289,21000000,10500000,1,2,"2018","2019",0,0,0,0,163,95,68,0,1,27,0,0,0,761,5624,1453,167,645,0.513,0.263,3.68,0,0,35,1,1,0,0,0,0,0,0,0,0,0,1,0,0,0,0,0,0,0,0,0,-100,0,-145,0,"1",0,1225,1,1,0,0,0,0,0,0,0,0,0,1,0,0,0,0,0,0,0,0,0,10000,0,21025,0,0
"Brandon Snyder","NH","2013","BOS","Boston Red Sox",26.8,0,292,687482.955954937,687482.955954937,0,1,"2013","2013",0,0,0,0,162,97,65,1,1,32,0,0,0,861,5669,1573,178,657,0.517,0.267,3.9,-0.4,0.16,27,52,50,5,9,3,0,2,7,0,0,0,16,0,2,0,0,0,0.18,0.212,0.36,0.572,53,0.249,41,18,"5H/3D7",0,729,2704,2500,25,81,9,0,4,49,0,0,0,256,0,4,0,0,0,0.0324,0.044944,0.1296,0.327184,2809,0.062001,1681,324,0
"Brandon Snyder","NH","2016","ATL","Atlanta Braves",29.8,1,293,672362.379948466,672362.379948466,1,1,"2016","2016",0,0,0,0,161,68,93,0,0,-25,0,0,0,649,5514,1404,122,779,0.5,0.26,3.65,0.1,0.01,37,47,46,8,11,5,1,4,9,0,0,1,16,1,0,0,0,0,0.239,0.255,0.652,0.907,133,0.372,129,30,"H/537",0,1369,2209,2116,64,121,25,1,16,81,0,0,1,256,1,0,0,0,0,0.057121,0.065025,0.425104,0.822649,17689,0.138384,16641,900,0
"Brayan Pena","NH","2013","DET","Detroit Tigers",31.6,0,294,875000,875000,1,1,"2013","2013",0,0,0,0,162,93,69,1,1,24,0,0,0,795,5766,1628,176,646,0.508,0.266,3.95,0.4,0.16,71,243,229,19,68,11,0,4,22,0,2,6,26,7,2,2,4,0,0.297,0.315,0.397,0.713,93,0.314,91,91,"2H/3",0,5041,59049,52441,361,4624,121,0,16,484,0,4,36,676,49,4,4,16,0,0.088209,0.099225,0.157609,0.508369,8649,0.098596,8281,8281,0
"Brayan Pena","NH","2014","CIN","Cincinnati Reds",32.6,1,295,2275000,1137500,1,2,"2014","2015",0,0,0,0,159,76,86,0,0,-10,0,0,0,595,5395,1282,131,612,0.508,0.262,3.71,-0.2,0.04,115,372,348,23,88,18,1,5,26,2,3,20,42,8,0,1,3,2,0.253,0.291,0.353,0.645,80,0.293,79,123,"32H/D",0,13225,138384,121104,529,7744,324,1,25,676,4,9,400,1764,64,0,1,9,4,0.064009,0.084681,0.124609,0.416025,6400,0.085849,6241,15129,0
"Brayan Pena","NH","2015","CIN","Cincinnati Reds",33.6,2,295,2275000,1137500,1,2,"2014","2015",0,0,0,0,162,64,98,0,0,-34,0,0,0,640,5571,1382,167,754,0.507,0.262,3.72,0.5,0.25,108,367,333,17,91,17,0,0,18,2,0,29,34,10,2,2,1,1,0.273,0.334,0.324,0.659,82,0.301,79,108,"2H/3D",0,11664,134689,110889,289,8281,289,0,0,324,4,0,841,1156,100,4,4,1,1,0.074529,0.111556,0.104976,0.434281,6724,0.090601,6241,11664,0
"Brayan Pena","NH","2016","STL","St Louis Cardinals",34.6,3,296,5000000,2500000,1,2,"2016","2017",0,0,0,0,162,86,76,0,0,10,0,0,0,779,5548,1415,225,712,0.52,0.267,3.67,-0.2,0.04,9,14,13,0,2,1,0,0,0,0,0,1,2,0,0,0,0,0,0.154,0.214,0.231,0.445,20,0.203,8,3,"/H23",0,81,196,169,0,4,1,0,0,0,0,0,1,4,0,0,0,0,0,0.023716,0.045796,0.053361,0.198025,400,0.041209,64,9,0
"Brett Anderson","NH","2015","LAD","Los Angeles Dodgers",27.5,6,300,10000000,10000000,1,1,"2015","2015",0,0,0,0,162,92,70,1,1,22,0,0,1,667,5385,1346,187,595,0.525,0.262,3.53,-0.1,0.01,29,61,47,1,4,1,0,0,3,0,0,5,32,2,0,9,0,0,0.085,0.173,0.106,0.279,-19,0.143,-54,5,"1",0,841,3721,2209,1,16,1,0,0,9,0,0,25,1024,4,0,81,0,0,0.007225,0.029929,0.011236,0.077841,361,0.020449,2916,25,0
"Brett Anderson","NH","2016","LAD","Los Angeles Dodgers",28.5,7,301,15800000,15800000,0,1,"2016","2016",0,0,0,0,162,91,71,1,1,20,0,0,1,725,5518,1376,189,638,0.526,0.262,3.54,0,0,4,3,3,0,0,0,0,0,0,0,0,0,2,0,0,0,0,0,0,0,0,0,-100,0,-141,0,"/1",0,16,9,9,0,0,0,0,0,0,0,0,0,4,0,0,0,0,0,0,0,0,0,10000,0,19881,0,0
"Brett Anderson","NH","2017","CHC","Chicago Cubs",29.5,8,302,695958.90057858,695958.90057858,1,1,"2017","2017",0,0,0,0,166,92,70,1,1,22,0,0,0,822,5496,1402,223,695,0.513,0.263,3.68,0,0,6,8,7,0,1,0,0,0,1,0,0,1,3,0,0,0,0,0,0.143,0.25,0.143,0.393,6,0.199,-2,1,"/1",0,36,64,49,0,1,0,0,0,1,0,0,1,9,0,0,0,0,0,0.020449,0.0625,0.020449,0.154449,36,0.039601,4,1,0
"Brett Anderson","NH","2018","OAK","Oakland Athletics",30.5,8.155,303,4000000,4000000,1,1,"2018","2018",0,0,0,0,162,97,65,0,1,32,0,0,0,813,5579,1407,227,674,0.488,0.259,3.98,0,0,2,4,4,0,1,0,0,0,0,0,0,0,0,1,0,0,0,0,0.25,0.25,0.25,0.5,40,0.224,32,1,"1",0,4,16,16,0,1,0,0,0,0,0,0,0,0,1,0,0,0,0,0.0625,0.0625,0.0625,0.25,1600,0.050176,1024,1,0
"Brett Anderson","NH","2019","OAK","Oakland Athletics",31.5,9.135,304,1500000,1500000,0,1,"2019","2019",0,0,0,0,162,97,65,0,1,32,0,0,1,845,5561,1384,257,680,0.489,0.259,3.98,0.2,0.04,3,8,8,1,4,0,0,0,0,0,0,0,2,0,0,0,0,0,0.5,0.5,0.5,1,175,0.432,178,4,"1",0,9,64,64,1,16,0,0,0,0,0,0,0,4,0,0,0,0,0,0.25,0.25,0.25,1,30625,0.186624,31684,16,0
"Brett Anderson","NH","2021","MIL","Milwaukee Brewers",33.5,11.135,306,2500000,2500000,0,1,"2021","2021",0,0,0,0,162,95,67,1,1,28,0,0,0,738,5362,1251,194,623,0.483,0.257,4.17,-0.2,0.04,24,34,28,2,0,0,0,0,1,0,0,4,14,3,0,2,0,0,0,0.125,0,0.125,-62,0.087,-81,0,"1",0,576,1156,784,4,0,0,0,0,1,0,0,16,196,9,0,4,0,0,0,0.015625,0,0.015625,3844,0.007569,6561,0,0
"Brett Gardner","NH","2020","NYY","New York Yankees",37,11.072,307,12500000,12500000,0,1,"2020","2020",0,0,0,0,60,33,27,0,1,6,0,0,1,315,1915,473,94,270,0.57,0.266,3.65,0.7,0.49,49,158,130,20,29,5,1,5,15,3,3,26,35,0,1,0,1,0,0.223,0.354,0.392,0.747,109,0.331,112,51,"78/HD",0,2401,24964,16900,400,841,25,1,25,225,9,9,676,1225,0,1,0,1,0,0.049729,0.125316,0.153664,0.558009,11881,0.109561,12544,2601,0
"Brett Gardner","NH","2021","NYY","New York Yankees",38,12.072,308,5150000,2575000,0,2,"2021","2022",0,0,0,0,162,92,70,0,1,22,0,0,0,711,5331,1266,222,669,0.57,0.266,3.65,0.9,0.81,140,461,387,47,86,16,4,10,39,4,0,60,100,3,3,5,6,0,0.222,0.327,0.362,0.689,90,0.309,90,140,"87/H",0,19600,212521,149769,2209,7396,256,16,100,1521,16,0,3600,10000,9,9,25,36,0,0.049284,0.106929,0.131044,0.474721,8100,0.095481,8100,19600,0
"Brian Anderson","NH","2023","MIL","Milwaukee Brewers",30.2,0,309,3500000,3500000,1,1,"2023","2023",0,0,0,0,162,92,70,1,1,22,0,0,0,728,5386,1290,165,647,0.486,0.256,4.15,0.5,0.25,96,361,318,38,72,12,3,9,40,1,3,36,108,10,4,0,3,0,0.226,0.31,0.368,0.678,85,0.3,85,117,"59/HD",0,9216,130321,101124,1444,5184,144,9,81,1600,1,9,1296,11664,100,16,0,9,0,0.051076,0.0961,0.135424,0.459684,7225,0.09,7225,13689,0
"Brian Anderson","NH","2024","ATL","Atlanta Braves",31.2,1,310,1028380.82280247,1028380.82280247,1,1,"2024","2024",0,0,0,0,162,89,73,0,1,16,0,0,0,704,5481,1333,213,607,0.504,0.26,3.67,-0.2,0.04,3,5,5,0,0,0,0,0,0,0,0,0,2,1,0,0,0,0,0,0,0,0,-100,0,-132,0,"/95",0,9,25,25,0,0,0,0,0,0,0,0,0,4,1,0,0,0,0,0,0,0,0,10000,0,17424,0,0
"Brian Bogusevic","NH","2013","CHC","Chicago Cubs",29.5,0,311,687482.955954937,687482.955954937,1,1,"2013","2013",0,0,0,0,162,66,96,0,0,-30,0,0,1,612,5496,1307,172,695,0.511,0.263,3.68,0.4,0.16,47,155,143,18,39,7,1,6,16,2,0,10,35,4,1,0,1,1,0.273,0.323,0.462,0.784,113,0.361,122,66,"78H/9",0,2209,24025,20449,324,1521,49,1,36,256,4,0,100,1225,16,1,0,1,1,0.074529,0.104329,0.213444,0.614656,12769,0.130321,14884,4356,0
"Brian Bogusevic","NH","2015","PHI","Philadelphia Phillies",31.5,1,312,687225.311355765,687225.311355765,1,1,"2015","2015",0,0,0,0,162,63,99,0,0,-36,0,0,1,626,5529,1374,130,809,0.472,0.261,3.97,0.2,0.04,22,61,58,9,15,3,0,2,5,2,0,3,21,1,0,0,0,0,0.259,0.295,0.414,0.709,94,0.317,89,24,"9/H7",0,484,3721,3364,81,225,9,0,4,25,4,0,9,441,1,0,0,0,0,0.067081,0.087025,0.171396,0.502681,8836,0.100489,7921,576,0
"Brian Duensing","NH","2017","CHC","Chicago Cubs",34.5,7.055,314,2000000,2000000,1,1,"2017","2017",0,0,0,0,166,92,70,1,1,22,0,0,0,822,5496,1402,223,695,0.513,0.263,3.68,-0.1,0.01,65,4,4,0,0,0,0,0,0,0,0,0,3,1,0,0,0,0,0,0,0,0,-100,0,-147,0,"1",0,4225,16,16,0,0,0,0,0,0,0,0,0,9,1,0,0,0,0,0,0,0,0,10000,0,21609,0,0
"Brian Duensing","NH","2018","CHC","Chicago Cubs",35.5,8.055,315,7000000,3500000,0,2,"2018","2019",0,0,0,0,163,95,68,0,1,27,0,0,0,761,5624,1453,167,645,0.513,0.263,3.68,0,0,47,2,1,1,0,0,0,0,0,0,0,1,1,0,0,0,0,0,0,0.5,0,0.5,51,0.346,109,0,"1/7",0,2209,4,1,1,0,0,0,0,0,0,0,1,1,0,0,0,0,0,0,0.25,0,0.25,2601,0.119716,11881,0,0
"Brian Mccann","NH","2014","NYY","New York Yankees",30.5,8.117,316,85000000,17000000,1,5,"2014","2018",0,0,0,0,-114,-34,-75,0,0,41,0,0,-4,-842,-3852,-1317,90,-934,0.569,0.267,3.64,2.1,4.41,140,538,495,57,115,15,1,23,75,0,0,32,77,16,7,0,4,1,0.232,0.286,0.406,0.692,94,0.316,96,201,"23HD",0,19600,289444,245025,3249,13225,225,1,529,5625,0,0,1024,5929,256,49,0,16,1,0.053824,0.081796,0.164836,0.478864,8836,0.099856,9216,40401,0
"Brian Mccann","NH","2015","NYY","New York Yankees",31.5,9.117,316,85000000,17000000,1,5,"2014","2018",2,1,0,1,162,87,75,0,1,12,0,0,1,764,5567,1397,212,698,0.569,0.267,3.64,2.6,6.76,135,535,465,68,108,15,1,26,94,0,0,52,97,7,11,0,7,3,0.232,0.32,0.437,0.756,105,0.329,102,203,"2H3/D",0,18225,286225,216225,4624,11664,225,1,676,8836,0,0,2704,9409,49,121,0,49,9,0.053824,0.1024,0.190969,0.571536,11025,0.108241,10404,41209,0
"Brian Mccann","NH","2016","NYY","New York Yankees",32.5,10.117,316,85000000,17000000,1,5,"2014","2018",0,0,0,0,162,84,78,0,0,6,0,0,0,680,5458,1378,183,702,0.569,0.267,3.64,0.8,0.64,130,492,429,56,104,13,0,20,58,1,0,54,99,15,7,0,2,2,0.242,0.335,0.413,0.748,99,0.331,100,177,"2DH/3",0,16900,242064,184041,3136,10816,169,0,400,3364,1,0,2916,9801,225,49,0,4,4,0.058564,0.112225,0.170569,0.559504,9801,0.109561,10000,31329,0
"Brian Mccann","NH","2017","HOU","Houston Astros",33.5,11.117,316,85000000,17000000,1,5,"2014","2018",0,0,0,0,162,101,61,1,1,40,1,1,2,896,5611,1581,238,700,0.491,0.254,3.83,0.8,0.64,97,399,349,47,84,12,1,18,62,1,0,38,58,9,7,0,5,3,0.241,0.323,0.436,0.759,106,0.332,107,152,"2/DH",0,9409,159201,121801,2209,7056,144,1,324,3844,1,0,1444,3364,81,49,0,25,9,0.058081,0.104329,0.190096,0.576081,11236,0.110224,11449,23104,0
"Brian Mccann","NH","2018","HOU","Houston Astros",34.5,12.117,316,85000000,17000000,1,5,"2014","2018",0,0,0,0,162,103,59,1,1,44,0,0,0,797,5453,1390,205,534,0.494,0.254,3.81,0.9,0.81,63,216,189,22,40,3,0,7,23,0,1,19,40,7,6,0,2,0,0.212,0.301,0.339,0.64,76,0.292,79,64,"2/HD",0,3969,46656,35721,484,1600,9,0,49,529,0,1,361,1600,49,36,0,4,0,0.044944,0.090601,0.114921,0.4096,5776,0.085264,6241,4096,0
"Brian Mccann","NH","2019","ATL","Atlanta Braves",35.5,13.117,317,2000000,2000000,1,1,"2019","2019",0,0,0,0,162,97,65,1,1,32,0,0,0,855,5560,1432,249,743,0.501,0.26,3.66,0.2,0.04,85,316,277,28,69,9,0,12,45,0,0,31,53,10,2,0,6,1,0.249,0.323,0.412,0.734,85,0.315,80,114,"2/H",0,7225,99856,76729,784,4761,81,0,144,2025,0,0,961,2809,100,4,0,36,1,0.062001,0.104329,0.169744,0.538756,7225,0.099225,6400,12996,0
"Brian Moran","NH","2019","MIA","Miami Marlins",30.8,0,318,691688.341292727,691688.341292727,0,1,"2019","2019",0,0,0,0,162,57,105,0,0,-48,0,0,0,615,5512,1326,146,808,0.462,0.257,4.31,0,0,10,0,0,0,0,0,0,0,0,0,0,0,0,0,0,0,0,0,0,0,0,0,0,0,0,0,"1",0,100,0,0,0,0,0,0,0,0,0,0,0,0,0,0,0,0,0,0,0,0,0,0,0,0,0,0
"Brian Wilson","NH","2013","LAD","Los Angeles Dodgers",31.4,0,320,1000000,1000000,1,1,"2013","2013",0,0,0,0,162,92,70,1,1,22,0,0,0,654,5491,1446,138,586,0.524,0.262,3.54,0,0,18,0,0,0,0,0,0,0,0,0,0,0,0,0,0,0,0,0,0,0,0,0,0,0,0,0,"1",0,324,0,0,0,0,0,0,0,0,0,0,0,0,0,0,0,0,0,0,0,0,0,0,0,0,0,0
"Brian Wilson","NH","2014","LAD","Los Angeles Dodgers",32.4,1,321,19000000,9500000,0,2,"2014","2015",0,0,0,0,160,94,68,1,1,26,0,0,1,718,5560,1476,134,617,0.525,0.262,3.53,0,0,58,0,0,0,0,0,0,0,0,0,0,0,0,0,0,0,0,0,0,0,0,0,0,0,0,0,"1",0,3364,0,0,0,0,0,0,0,0,0,0,0,0,0,0,0,0,0,0,0,0,0,0,0,0,0,0
"Brock Holt","NH","2020","WSH","Washington Nationals",32.2,6.052,322,3250000,3250000,1,1,"2020","2020",0,0,0,0,60,26,34,0,0,-8,0,0,1,293,1968,519,66,301,0.489,0.254,3.88,-0.7,0.49,36,106,95,12,20,6,0,0,5,1,0,9,24,3,1,0,1,0,0.211,0.283,0.274,0.557,52,0.255,47,26,"5/7H391D",0,1296,11236,9025,144,400,36,0,0,25,1,0,81,576,9,1,0,1,0,0.044521,0.080089,0.075076,0.310249,2704,0.065025,2209,676,0
"Brock Holt","NH","2021","TEX","Texas Rangers",33.2,7.052,323,1750000,1750000,1,1,"2021","2021",0,0,0,0,162,60,102,0,0,-42,0,0,0,625,5405,1254,167,815,0.476,0.259,4.29,0,0,76,260,235,21,49,13,1,2,23,5,1,23,49,5,1,0,1,0,0.209,0.281,0.298,0.579,60,0.261,56,70,"5H/D1",0,5776,67600,55225,441,2401,169,1,4,529,25,1,529,2401,25,1,0,1,0,0.043681,0.078961,0.088804,0.335241,3600,0.068121,3136,4900,0
"Bronson Arroyo","NH","2014","ARI","Arizona Diamondbacks",37.5,3.15,324,23500000,11750000,1,2,"2014","2015",0,0,0,0,162,64,98,0,0,-34,0,0,0,615,5552,1379,118,742,0.492,0.258,4.23,0.1,0.01,15,31,27,5,6,0,0,0,0,0,0,0,12,0,0,4,0,0,0.222,0.222,0.222,0.444,25,0.202,-7,6,"1/H",0,225,961,729,25,36,0,0,0,0,0,0,0,144,0,0,16,0,0,0.049284,0.049284,0.049284,0.197136,625,0.040804,49,36,0
"Bronson Arroyo","NH","2017","CIN","Cincinnati Reds",40.5,6.15,326,695958.90057858,695958.90057858,1,1,"2017","2017",0,0,0,0,165,68,94,0,0,-26,0,0,0,753,5484,1390,219,869,0.506,0.261,3.74,-0.1,0.01,15,29,26,0,4,0,0,0,0,0,0,0,10,0,0,3,0,0,0.154,0.154,0.154,0.308,-19,0.138,-60,4,"1/H",0,225,841,676,0,16,0,0,0,0,0,0,0,100,0,0,9,0,0,0.023716,0.023716,0.023716,0.094864,361,0.019044,3600,16,0
"Brooks Raley","NH","2023","NYM","New York Mets",35.1,1,327,10000000,5000000,1,2,"2022","2023",0,0,0,0,162,75,87,0,0,-12,0,0,0,717,5363,1276,215,729,0.482,0.25,3.8,0,0,1,0,0,0,0,0,0,0,0,0,0,0,0,0,0,0,0,0,0,0,0,0,0,0,0,0,"1",0,1,0,0,0,0,0,0,0,0,0,0,0,0,0,0,0,0,0,0,0,0,0,0,0,0,0,0
"Bryan Anderson","NH","2013","CHW","Chicago White Sox",26.7,0,329,687482.955954937,687482.955954937,1,1,"2013","2013",0,0,0,0,162,63,99,0,0,-36,0,0,0,609,5611,1389,148,732,0.505,0.261,3.74,-0.4,0.16,10,19,18,1,1,1,0,0,2,0,0,1,5,0,0,0,0,0,0.056,0.105,0.111,0.216,-41,0.103,-68,2,"2",0,100,361,324,1,1,1,0,0,4,0,0,1,25,0,0,0,0,0,0.003136,0.011025,0.012321,0.046656,1681,0.010609,4624,4,0
"Bryan Anderson","NH","2015","OAK","Oakland Athletics",28.7,1,330,687225.311355765,687225.311355765,1,1,"2015","2015",0,0,0,0,162,68,94,0,0,-26,0,0,0,694,5600,1405,146,729,0.487,0.259,3.97,0.1,0.01,4,8,5,0,2,0,0,0,1,0,0,1,1,0,0,1,1,0,0.4,0.429,0.4,0.829,134,0.354,129,2,"/2H",0,16,64,25,0,4,0,0,0,1,0,0,1,1,0,0,1,1,0,0.16,0.184041,0.16,0.687241,17956,0.125316,16641,4,0
"Bryan Holaday","NH","2017","DET","Detroit Tigers",29.8,3.025,331,695958.90057858,695958.90057858,1,1,"2017","2017",0,0,0,0,162,64,98,0,0,-34,0,0,3,735,5556,1435,187,894,0.507,0.266,3.98,-0.3,0.09,13,29,29,1,7,2,0,0,2,0,0,0,1,2,0,0,0,0,0.241,0.241,0.31,0.552,46,0.235,31,9,"2/H4D",0,169,841,841,1,49,4,0,0,4,0,0,0,1,4,0,0,0,0,0.058081,0.058081,0.0961,0.304704,2116,0.055225,961,81,0
"Bryan Holaday","NH","2018","MIA","Miami Marlins",30.8,3.056,332,1273604.72113835,1273604.72113835,1,1,"2018","2018",0,0,0,0,161,63,98,0,0,-35,0,0,1,589,5488,1303,128,809,0.467,0.258,4.29,0,0,61,166,151,7,31,5,0,1,16,0,0,10,29,4,2,1,2,2,0.205,0.261,0.258,0.519,45,0.237,37,39,"2H/1",0,3721,27556,22801,49,961,25,0,1,256,0,0,100,841,16,4,1,4,4,0.042025,0.068121,0.066564,0.269361,2025,0.056169,1369,1521,0
"Bryan Holaday","NH","2019","MIA","Miami Marlins",31.8,4.056,333,1250000,1250000,0,1,"2019","2019",0,0,0,0,162,57,105,0,0,-48,0,0,0,615,5512,1326,146,808,0.462,0.257,4.31,0.3,0.09,43,129,115,12,32,6,0,4,12,0,1,11,21,5,1,1,1,2,0.278,0.344,0.435,0.779,105,0.344,114,50,"2/H1",0,1849,16641,13225,144,1024,36,0,16,144,0,1,121,441,25,1,1,1,4,0.077284,0.118336,0.189225,0.606841,11025,0.118336,12996,2500,0
"Bryan Holaday","NH","2020","BAL","Baltimore Orioles",32.8,5.013,334,704615.735189191,704615.735189191,1,1,"2020","2020",0,0,0,0,60,25,35,0,0,-10,0,0,0,274,2026,523,77,294,0.474,0.259,4.04,-0.3,0.09,20,33,31,5,5,1,0,0,4,0,0,2,9,1,0,0,0,0,0.161,0.212,0.194,0.406,12,0.21,17,6,"2/H3D1",0,400,1089,961,25,25,1,0,0,16,0,0,4,81,1,0,0,0,0,0.025921,0.044944,0.037636,0.164836,144,0.0441,289,36,0
"Bryan Shaw","NH","2018","COL","Colorado Rockies",30.8,0,335,27000000,9000000,1,3,"2018","2020",0,0,0,0,163,91,72,0,1,19,0,0,0,780,5541,1418,210,745,0.473,0.274,4.95,0,0,59,0,0,0,0,0,0,0,0,0,0,0,0,0,0,0,0,0,0,0,0,0,0,0,0,0,"1",0,3481,0,0,0,0,0,0,0,0,0,0,0,0,0,0,0,0,0,0,0,0,0,0,0,0,0,0
"Bryan Shaw","NH","2019","COL","Colorado Rockies",31.8,1,335,27000000,9000000,1,3,"2018","2020",0,0,0,0,162,71,91,0,0,-20,0,0,0,835,5660,1502,224,958,0.471,0.274,4.97,0,0,64,0,0,0,0,0,0,0,0,0,0,0,0,0,0,0,0,0,0,0,0,0,0,0,0,0,"1",0,4096,0,0,0,0,0,0,0,0,0,0,0,0,0,0,0,0,0,0,0,0,0,0,0,0,0,0
"Bryan Shaw","NH","2021","CLE","Cleveland Guardians",33.8,3,336,1000000,1000000,1,1,"2021","2021",0,0,0,0,162,80,82,0,0,-2,0,0,0,717,5332,1269,203,727,0.512,0.265,3.83,0,0,4,0,0,0,0,0,0,0,0,0,0,0,0,0,0,0,0,0,0,0,0,0,0,0,0,0,"1",0,16,0,0,0,0,0,0,0,0,0,0,0,0,0,0,0,0,0,0,0,0,0,0,0,0,0,0
"Bryan Shaw","NH","2022","CLE","Cleveland Guardians",34.8,4,337,3000000,3000000,0,1,"2022","2022",0,0,0,0,162,92,70,1,1,22,0,0,1,698,5558,1410,127,634,0.512,0.265,3.83,0,0,1,0,0,0,0,0,0,0,0,0,0,0,0,0,0,0,0,0,0,0,0,0,0,0,0,0,"1",0,1,0,0,0,0,0,0,0,0,0,0,0,0,0,0,0,0,0,0,0,0,0,0,0,0,0,0
"Buck Farmer","NH","2023","CIN","Cincinnati Reds",32.5,1,341,1861538.16220844,1861538.16220844,0,1,"2023","2023",0,0,0,0,162,82,80,0,0,2,0,0,1,783,5499,1371,198,821,0.504,0.261,3.77,0,0,1,0,0,0,0,0,0,0,0,0,0,0,0,0,0,0,0,0,0,0,0,0,0,0,0,0,"1",0,1,0,0,0,0,0,0,0,0,0,0,0,0,0,0,0,0,0,0,0,0,0,0,0,0,0,0
"Buck Farmer","NH","2024","CIN","Cincinnati Reds",33.5,2,342,2250000,2250000,0,1,"2024","2024",0,0,0,0,162,77,85,0,0,-8,0,0,0,699,5325,1230,174,694,0.504,0.261,3.77,0,0,1,0,0,0,0,0,0,0,0,0,0,0,0,0,0,0,0,0,0,0,0,0,0,0,0,0,"1",0,1,0,0,0,0,0,0,0,0,0,0,0,0,0,0,0,0,0,0,0,0,0,0,0,0,0,0
"Bud Norris","NH","2016","ATL","Atlanta Braves",31.4,6.068,343,2500000,2500000,1,1,"2016","2016",0,0,0,0,161,68,93,0,0,-25,0,0,0,649,5514,1404,122,779,0.5,0.26,3.65,0.5,0.25,33,38,27,2,6,0,1,0,1,0,0,3,7,0,1,7,0,0,0.222,0.323,0.296,0.619,69,0.313,87,8,"1",0,1089,1444,729,4,36,0,1,0,1,0,0,9,49,0,1,49,0,0,0.049284,0.104329,0.087616,0.383161,4761,0.097969,7569,64,0
"Bud Norris","NH","2017","LAA","Los Angeles Angels",32.4,7.068,344,1750000,1750000,1,1,"2017","2017",0,0,0,0,162,80,82,0,0,-2,0,0,0,710,5415,1314,186,709,0.501,0.258,3.95,0,0,4,0,0,0,0,0,0,0,0,0,0,0,0,0,0,0,0,0,0,0,0,0,0,0,0,0,"1",0,16,0,0,0,0,0,0,0,0,0,0,0,0,0,0,0,0,0,0,0,0,0,0,0,0,0,0
"Bud Norris","NH","2018","STL","St Louis Cardinals",33.4,8.068,345,3000000,3000000,1,1,"2018","2018",0,0,0,0,162,88,74,0,0,14,0,0,0,759,5498,1369,205,691,0.52,0.266,3.67,0,0,61,0,0,0,0,0,0,0,0,0,0,0,0,0,0,0,0,0,0,0,0,0,0,0,0,0,"1",0,3721,0,0,0,0,0,0,0,0,0,0,0,0,0,0,0,0,0,0,0,0,0,0,0,0,0,0
"Buddy Boshers","NH","2017","MIN","Minnesota Twins",28,0,347,695958.90057858,695958.90057858,0,1,"2017","2017",0,0,0,0,162,85,77,0,1,8,0,0,1,815,5557,1444,206,788,0.48,0.263,3.98,0,0,3,0,0,0,0,0,0,0,0,0,0,0,0,0,0,0,0,0,0,0,0,0,0,0,0,0,"1",0,9,0,0,0,0,0,0,0,0,0,0,0,0,0,0,0,0,0,0,0,0,0,0,0,0,0,0
"Buddy Boshers","NH","2019","TOR","Toronto Blue Jays",30,1,348,691688.341292727,691688.341292727,1,1,"2019","2019",0,0,0,0,162,67,95,0,0,-28,0,0,1,726,5493,1299,247,828,0.495,0.26,4.24,0,0,3,0,0,0,0,0,0,0,0,0,0,0,0,0,0,0,0,0,0,0,0,0,0,0,0,0,"1",0,9,0,0,0,0,0,0,0,0,0,0,0,0,0,0,0,0,0,0,0,0,0,0,0,0,0,0
"Caleb Thielbar","NH","2021","MIN","Minnesota Twins",34.5,1,353,828209.410109827,828209.410109827,0,1,"2021","2021",0,0,0,0,162,73,89,0,0,-16,0,0,0,729,5431,1311,228,834,0.481,0.263,4,0,0,4,0,0,0,0,0,0,0,0,0,0,0,0,0,0,0,0,0,0,0,0,0,0,0,0,0,"1",0,16,0,0,0,0,0,0,0,0,0,0,0,0,0,0,0,0,0,0,0,0,0,0,0,0,0,0
"Caleb Thielbar","NH","2022","MIN","Minnesota Twins",35.5,2,354,1448986.26264411,1448986.26264411,0,1,"2022","2022",0,0,0,0,162,78,84,0,0,-6,0,0,3,696,5476,1356,178,684,0.481,0.263,4,0,0,2,0,0,0,0,0,0,0,0,0,0,0,0,0,0,0,0,0,0,0,0,0,0,0,0,0,"1",0,4,0,0,0,0,0,0,0,0,0,0,0,0,0,0,0,0,0,0,0,0,0,0,0,0,0,0
"Cameron Maybin","NH","2018","MIA","Miami Marlins",31.3,8.073,358,3250000,3250000,1,1,"2018","2018",0,0,0,0,161,63,98,0,0,-35,0,0,1,589,5488,1303,128,809,0.467,0.258,4.29,0.6,0.36,129,384,342,32,85,14,2,4,28,10,5,38,75,7,2,0,2,1,0.249,0.326,0.336,0.662,86,0.306,90,115,"78H9",0,16641,147456,116964,1024,7225,196,4,16,784,100,25,1444,5625,49,4,0,4,1,0.062001,0.106276,0.112896,0.438244,7396,0.093636,8100,13225,0
"Cameron Maybin","NH","2019","NYY","New York Yankees",32.3,9.073,359,691688.341292727,691688.341292727,1,1,"2019","2019",0,0,0,0,162,103,59,1,1,44,0,0,3,943,5583,1493,306,739,0.57,0.266,3.65,1.6,2.56,82,269,239,48,68,17,0,11,32,9,6,30,72,5,0,0,0,0,0.285,0.364,0.494,0.858,127,0.363,129,118,"79/H8D",0,6724,72361,57121,2304,4624,289,0,121,1024,81,36,900,5184,25,0,0,0,0,0.081225,0.132496,0.244036,0.736164,16129,0.131769,16641,13924,0
"Cameron Maybin","NH","2020","CHC","Chicago Cubs",33.3,10.059,360,1500000,1500000,1,1,"2020","2020",0,0,0,0,60,34,26,1,1,8,0,0,0,265,1918,422,74,240,0.514,0.262,3.68,0,0,32,101,93,8,23,8,1,1,7,3,0,7,25,4,1,0,0,0,0.247,0.307,0.387,0.694,88,0.316,88,36,"9/H78D",0,1024,10201,8649,64,529,64,1,1,49,9,0,49,625,16,1,0,0,0,0.061009,0.094249,0.149769,0.481636,7744,0.099856,7744,1296,0
"Carlos Beltran","H","2012","STL","St Louis Cardinals",35.2,0,361,26000000,13000000,1,2,"2012","2013",2,1,0,0,162,88,74,0,1,14,0,0,0,765,5622,1526,159,648,0.518,0.267,3.68,3.9,15.21,151,619,547,83,147,26,1,32,97,13,6,65,124,9,2,1,4,15,0.269,0.346,0.495,0.842,128,0.366,128,271,"9H/8D",0,22801,383161,299209,6889,21609,676,1,1024,9409,169,36,4225,15376,81,4,1,16,225,0.072361,0.119716,0.245025,0.708964,16384,0.133956,16384,73441,0
"Carlos Beltran","H","2013","STL","St Louis Cardinals",36.2,1,361,26000000,13000000,1,2,"2012","2013",1,0,0,0,162,97,65,1,1,32,0,0,0,781,5560,1494,125,600,0.519,0.267,3.67,2.3,5.29,145,600,554,79,164,30,3,24,84,2,1,38,90,12,1,1,6,1,0.296,0.339,0.491,0.83,127,0.363,127,272,"9/HD",0,21025,360000,306916,6241,26896,900,9,576,7056,4,1,1444,8100,144,1,1,36,1,0.087616,0.114921,0.241081,0.6889,16129,0.131769,16129,73984,0
"Carlos Beltran","H","2014","NYY","New York Yankees",37.2,2,362,45000000,15000000,1,3,"2014","2016",0,0,0,0,-114,-34,-75,0,0,41,0,0,-4,-842,-3852,-1317,90,-934,0.569,0.267,3.64,-0.2,0.04,109,449,403,46,94,23,0,15,49,3,1,37,80,11,4,0,5,2,0.233,0.301,0.402,0.703,98,0.316,96,162,"D9/H3",0,11881,201601,162409,2116,8836,529,0,225,2401,9,1,1369,6400,121,16,0,25,4,0.054289,0.090601,0.161604,0.494209,9604,0.099856,9216,26244,0
"Carlos Beltran","H","2015","NYY","New York Yankees",38.2,3,362,45000000,15000000,1,3,"2014","2016",0,0,0,0,162,87,75,0,1,12,0,0,1,764,5567,1397,212,698,0.569,0.267,3.64,1.1,1.21,133,531,478,57,132,34,1,19,67,0,0,45,85,12,2,0,6,2,0.276,0.337,0.471,0.808,119,0.347,116,225,"9/DH",0,17689,281961,228484,3249,17424,1156,1,361,4489,0,0,2025,7225,144,4,0,36,4,0.076176,0.113569,0.221841,0.652864,14161,0.120409,13456,50625,0
"Carlos Beltran","H","2016","NYY","New York Yankees",39.2,4,362,45000000,15000000,1,3,"2014","2016",1,0,0,0,162,84,78,0,0,6,0,0,0,680,5458,1378,183,702,0.569,0.267,3.64,2.2,4.84,151,593,552,73,163,33,0,29,93,1,0,35,101,19,2,0,4,4,0.295,0.337,0.513,0.85,122,0.361,121,283,"D9H",1,22801,351649,304704,5329,26569,1089,0,841,8649,1,0,1225,10201,361,4,0,16,16,0.087025,0.113569,0.263169,0.7225,14884,0.130321,14641,80089,1
"Carlos Beltran","H","2016","NYY","New York Yankees",39.2,5,363,59618339.1087309,19872779.7029103,1,3,"2016","2018",1,0,0,0,162,84,78,0,0,6,0,0,0,680,5458,1378,183,702,0.569,0.267,3.64,2.2,4.84,151,593,552,73,163,33,0,29,93,1,0,35,101,19,2,0,4,4,0.295,0.337,0.513,0.85,122,0.361,121,283,"D9H",1,22801,351649,304704,5329,26569,1089,0,841,8649,1,0,1225,10201,361,4,0,16,16,0.087025,0.113569,0.263169,0.7225,14884,0.130321,14641,80089,1
"Carlos Beltran","H","2017","HOU","Houston Astros",40.2,6,363,59618339.1087309,19872779.7029103,1,3,"2016","2018",0,0,0,0,162,101,61,1,1,40,1,1,2,896,5611,1581,238,700,0.491,0.254,3.83,-0.8,0.64,129,509,467,60,108,29,0,14,51,0,0,33,102,9,3,0,6,3,0.231,0.283,0.383,0.666,81,0.293,80,179,"D7H/9",1,16641,259081,218089,3600,11664,841,0,196,2601,0,0,1089,10404,81,9,0,36,9,0.053361,0.080089,0.146689,0.443556,6561,0.085849,6400,32041,1
"Carlos Beltran","H","2017","HOU","Houston Astros",40.2,8,364,16000000,16000000,1,1,"2017","2017",0,0,0,0,162,101,61,1,1,40,1,1,2,896,5611,1581,238,700,0.491,0.254,3.83,-0.8,0.64,129,509,467,60,108,29,0,14,51,0,0,33,102,9,3,0,6,3,0.231,0.283,0.383,0.666,81,0.293,80,179,"D7H/9",1,16641,259081,218089,3600,11664,841,0,196,2601,0,0,1089,10404,81,9,0,36,9,0.053361,0.080089,0.146689,0.443556,6561,0.085849,6400,32041,1
"Carlos Correa","NH","2022","MIN","Minnesota Twins",27.9,6.119,365,105300000,35100000,1,3,"2022","2024",0,0,0,0,162,78,84,0,0,-6,0,0,3,696,5476,1356,178,684,0.481,0.263,4,5.3,28.09,136,590,522,70,152,24,1,22,64,0,1,61,121,18,3,0,4,2,0.291,0.366,0.467,0.834,138,0.367,140,244,"6/DH",0,18496,348100,272484,4900,23104,576,1,484,4096,0,1,3721,14641,324,9,0,16,4,0.084681,0.133956,0.218089,0.695556,19044,0.134689,19600,59536,0
"Carlos Correa","NH","2023","MIN","Minnesota Twins",28.9,7.119,365,105300000,35100000,1,3,"2022","2024",0,0,0,0,162,87,75,1,1,12,0,0,0,778,5489,1336,233,659,0.482,0.262,3.99,1.3,1.69,135,580,514,60,118,29,2,18,65,0,0,59,131,30,4,0,3,3,0.23,0.312,0.399,0.711,94,0.312,93,205,"6",0,18225,336400,264196,3600,13924,841,4,324,4225,0,0,3481,17161,900,16,0,9,9,0.0529,0.097344,0.159201,0.505521,8836,0.097344,8649,42025,0
"Carlos Correa","NH","2023","MIN","Minnesota Twins",28.9,7.119,366,200000000,33333333.3333333,0,6,"2023","2028",0,0,0,0,162,87,75,1,1,12,0,0,0,778,5489,1336,233,659,0.482,0.262,3.99,1.3,1.69,135,580,514,60,118,29,2,18,65,0,0,59,131,30,4,0,3,3,0.23,0.312,0.399,0.711,94,0.312,93,205,"6",0,18225,336400,264196,3600,13924,841,4,324,4225,0,0,3481,17161,900,16,0,9,9,0.0529,0.097344,0.159201,0.505521,8836,0.097344,8649,42025,0
"Carlos Correa","NH","2024","MIN","Minnesota Twins",29.9,8.119,365,105300000,35100000,1,3,"2022","2024",1,0,0,0,162,82,80,0,0,2,0,0,1,742,5490,1352,183,735,0.482,0.262,4,3.7,13.69,86,367,319,55,99,20,2,14,54,0,0,40,61,5,3,0,4,4,0.31,0.388,0.517,0.905,152,0.393,155,165,"6/DH",0,7396,134689,101761,3025,9801,400,4,196,2916,0,0,1600,3721,25,9,0,16,16,0.0961,0.150544,0.267289,0.819025,23104,0.154449,24025,27225,0
"Carlos Correa","NH","2024","MIN","Minnesota Twins",29.9,8.119,366,200000000,33333333.3333333,0,6,"2023","2028",1,0,0,0,162,82,80,0,0,2,0,0,1,742,5490,1352,183,735,0.482,0.262,4,3.7,13.69,86,367,319,55,99,20,2,14,54,0,0,40,61,5,3,0,4,4,0.31,0.388,0.517,0.905,152,0.393,155,165,"6/DH",0,7396,134689,101761,3025,9801,400,4,196,2916,0,0,1600,3721,25,9,0,16,16,0.0961,0.150544,0.267289,0.819025,23104,0.154449,24025,27225,0
"Carlos Correa","NH","2025","MIN","Minnesota Twins",30.9,9.119,366,200000000,33333333.3333333,0,6,"2023","2028",0,0,0,0,162,70,92,0,0,-22,0,0,0,678,5432,1295,191,773,0.481,0.262,4,1.5,2.25,144,584,537,63,148,29,0,13,52,0,0,45,113,19,1,0,1,0,0.276,0.332,0.402,0.734,103,0.323,103,216,"65/H",0,20736,341056,288369,3969,21904,841,0,169,2704,0,0,2025,12769,361,1,0,1,0,0.076176,0.110224,0.161604,0.538756,10609,0.104329,10609,46656,0
"Carlos Estevez","NH","2025","KC","Kansas City Royals",32.6,2,368,22200000,11100000,1,2,"2025","2026",1,0,0,0,162,82,80,0,0,2,0,0,0,651,5431,1342,159,637,0.477,0.262,4.25,0,0,5,0,0,0,0,0,0,0,0,0,0,0,0,0,0,0,0,0,0,0,0,0,0,0,0,0,"1",0,25,0,0,0,0,0,0,0,0,0,0,0,0,0,0,0,0,0,0,0,0,0,0,0,0,0,0
"Carlos Gomez","NH","2017","TEX","Texas Rangers",31.7,3.141,369,11500000,11500000,0,1,"2017","2017",0,0,0,0,162,78,84,0,0,-6,0,0,1,799,5430,1326,237,816,0.479,0.26,4.25,1.4,1.96,105,426,368,51,94,23,1,17,51,13,5,31,127,3,19,3,5,0,0.255,0.34,0.462,0.802,104,0.347,102,170,"8/HD",0,11025,181476,135424,2601,8836,529,1,289,2601,169,25,961,16129,9,361,9,25,0,0.065025,0.1156,0.213444,0.643204,10816,0.120409,10404,28900,0
"Carlos Gomez","NH","2018","TB","Tampa Bay Rays",32.7,4.141,370,4000000,4000000,1,1,"2018","2018",0,0,0,0,162,90,72,0,0,18,0,0,0,716,5475,1415,150,646,0.468,0.256,4.36,0.8,0.64,118,408,360,42,75,15,2,9,32,12,3,25,103,6,21,2,0,0,0.208,0.298,0.336,0.634,76,0.292,77,121,"9H/D814",0,13924,166464,129600,1764,5625,225,4,81,1024,144,9,625,10609,36,441,4,0,0,0.043264,0.088804,0.112896,0.401956,5776,0.085264,5929,14641,0
"Carlos Rodon","NH","2021","CHW","Chicago White Sox",28.7,5.168,376,3000000,3000000,0,1,"2021","2021",2,0,1,0,162,93,69,1,1,24,0,0,0,796,5357,1373,190,636,0.503,0.26,3.78,0,0,2,3,3,0,0,0,0,0,0,0,0,0,1,0,0,0,0,0,0,0,0,0,-100,0,-128,0,"1",0,4,9,9,0,0,0,0,0,0,0,0,0,1,0,0,0,0,0,0,0,0,0,10000,0,16384,0,0
"Carlos Santana","H","2018","PHI","Philadelphia Phillies",32.3,0,379,60000000,20000000,1,3,"2018","2020",0,0,0,0,162,80,82,0,0,-2,0,0,1,677,5424,1270,186,728,0.472,0.261,3.98,2.2,4.84,161,679,560,82,128,28,2,24,86,2,1,110,93,12,1,0,8,6,0.229,0.352,0.414,0.766,105,0.342,106,232,"35/H",0,25921,461041,313600,6724,16384,784,4,576,7396,4,1,12100,8649,144,1,0,64,36,0.052441,0.123904,0.171396,0.586756,11025,0.116964,11236,53824,0
"Carlos Santana","H","2019","CLE","Cleveland Guardians",33.3,1,379,60000000,20000000,1,3,"2018","2020",2,1,0,1,162,93,69,0,0,24,0,0,1,769,5425,1354,223,657,0.512,0.266,3.83,4.7,22.09,158,686,573,110,161,30,1,34,93,4,0,108,108,13,3,0,2,12,0.281,0.397,0.515,0.911,136,0.386,136,295,"3D",0,24964,470596,328329,12100,25921,900,1,1156,8649,16,0,11664,11664,169,9,0,4,144,0.078961,0.157609,0.265225,0.829921,18496,0.148996,18496,87025,0
"Carlos Santana","H","2020","CLE","Cleveland Guardians",34.3,2,379,60000000,20000000,1,3,"2018","2020",0,0,0,0,60,35,25,0,1,10,0,0,0,248,1959,446,59,209,0.512,0.265,3.83,1,1,60,255,206,34,41,7,0,8,30,0,0,47,43,5,1,0,1,1,0.199,0.349,0.35,0.699,93,0.32,96,72,"3",0,3600,65025,42436,1156,1681,49,0,64,900,0,0,2209,1849,25,1,0,1,1,0.039601,0.121801,0.1225,0.488601,8649,0.1024,9216,5184,0
"Carlos Santana","H","2021","KC","Kansas City Royals",35.3,3,380,17500000,8750000,1,2,"2021","2022",0,0,0,0,162,74,88,0,0,-14,0,0,0,686,5427,1349,163,788,0.479,0.264,4.25,-0.1,0.01,158,659,565,66,121,15,0,19,69,2,0,86,102,12,3,0,5,3,0.214,0.319,0.342,0.66,81,0.299,81,193,"3D/H",0,24964,434281,319225,4356,14641,225,0,361,4761,4,0,7396,10404,144,9,0,25,9,0.045796,0.101761,0.116964,0.4356,6561,0.089401,6561,37249,0
"Carlos Santana","H","2022","SEA","Seattle Mariners",36.3,4,380,17500000,8750000,1,2,"2021","2022",0,0,0,0,162,90,72,0,1,18,0,0,0,690,5375,1236,197,623,0.474,0.258,4.32,1.1,1.21,131,506,431,52,87,18,0,19,60,0,0,71,88,9,2,0,2,2,0.202,0.316,0.376,0.692,100,0.308,99,162,"3D/H9",1,17161,256036,185761,2704,7569,324,0,361,3600,0,0,5041,7744,81,4,0,4,4,0.040804,0.099856,0.141376,0.478864,10000,0.094864,9801,26244,1
"Carlos Santana","H","2023","PIT","Pittsburgh Pirates",37.3,5,381,6725000,6725000,1,1,"2023","2023",0,0,0,0,162,76,86,0,0,-10,0,0,0,692,5406,1293,159,790,0.501,0.264,3.76,2.7,7.29,146,619,550,78,132,33,1,23,86,6,0,65,104,11,0,0,4,0,0.24,0.318,0.429,0.747,101,0.331,102,236,"3D/H",0,21316,383161,302500,6084,17424,1089,1,529,7396,36,0,4225,10816,121,0,0,16,0,0.0576,0.101124,0.184041,0.558009,10201,0.109561,10404,55696,0
"Carlos Santana","H","2024","MIN","Minnesota Twins",38.3,6,382,5250000,5250000,1,1,"2024","2024",1,0,0,0,162,82,80,0,0,2,0,0,1,742,5490,1352,183,735,0.482,0.262,4,2.5,6.25,150,594,521,63,124,26,0,23,71,4,0,65,99,11,6,0,2,3,0.238,0.328,0.42,0.749,109,0.329,108,219,"3/HD",0,22500,352836,271441,3969,15376,676,0,529,5041,16,0,4225,9801,121,36,0,4,9,0.056644,0.107584,0.1764,0.561001,11881,0.108241,11664,47961,0
"Carlos Santana","H","2025","CLE","Cleveland Guardians",39.3,7,383,12000000,12000000,1,1,"2025","2025",0,0,0,0,162,88,74,1,1,14,0,0,1,643,5310,1199,168,649,0.513,0.264,3.83,1.1,1.21,124,474,415,49,91,11,0,11,54,7,0,52,91,7,3,0,4,1,0.219,0.308,0.325,0.633,77,0.289,77,135,"3D/H5",0,15376,224676,172225,2401,8281,121,0,121,2916,49,0,2704,8281,49,9,0,16,1,0.047961,0.094864,0.105625,0.400689,5929,0.083521,5929,18225,0
"Carlos Villanueva","NH","2013","CHC","Chicago Cubs",29.7,0,384,10000000,5000000,0,2,"2013","2014",0,0,0,0,162,66,96,0,0,-30,0,0,1,612,5496,1307,172,695,0.511,0.263,3.68,-0.1,0.01,43,34,32,2,5,0,0,0,1,0,0,0,15,0,0,2,0,0,0.156,0.156,0.156,0.313,-13,0.142,-49,5,"1",0,1849,1156,1024,4,25,0,0,0,1,0,0,0,225,0,0,4,0,0,0.024336,0.024336,0.024336,0.097969,169,0.020164,2401,25,0
"Carlos Villanueva","NH","2014","CHC","Chicago Cubs",30.7,1,384,10000000,5000000,0,2,"2013","2014",0,0,0,0,158,73,89,0,0,-16,0,0,2,614,5508,1315,157,707,0.511,0.263,3.68,-0.2,0.04,40,13,10,0,0,0,0,0,0,0,0,0,6,1,0,3,0,0,0,0,0,0,-100,0,-217,0,"1",0,1600,169,100,0,0,0,0,0,0,0,0,0,36,1,0,9,0,0,0,0,0,0,10000,0,47089,0,0
"Carlos Villanueva","NH","2015","STL","St Louis Cardinals",31.7,2,385,2000000,2000000,1,1,"2015","2015",0,0,0,0,162,100,62,1,1,38,0,0,1,647,5484,1386,137,525,0.52,0.267,3.67,-0.2,0.04,32,11,8,0,0,0,0,0,0,0,0,0,5,0,0,3,0,0,0,0,0,0,-100,0,-232,0,"1",0,1024,121,64,0,0,0,0,0,0,0,0,0,25,0,0,9,0,0,0,0,0,0,10000,0,53824,0,0
"Carlos Villanueva","NH","2016","SD","San Diego Padres",32.7,3,386,1500000,1500000,1,1,"2016","2016",0,0,0,0,162,68,94,0,0,-26,0,0,1,686,5419,1275,177,770,0.463,0.25,3.93,-0.1,0.01,48,5,4,0,0,0,0,0,0,0,0,0,4,0,0,1,0,0,0,0,0,0,-100,0,-193,0,"1",0,2304,25,16,0,0,0,0,0,0,0,0,0,16,0,0,1,0,0,0,0,0,0,10000,0,37249,0,0
"Carson Kelly","NH","2023","ARI","Arizona Diamondbacks",29.1,0,389,720000,720000,1,1,"2023","2023",0,0,0,0,162,84,78,0,1,6,1,0,0,746,5436,1359,166,761,0.486,0.254,4.27,0.1,0.01,50,151,136,13,28,5,0,2,13,1,0,14,40,2,0,0,1,0,0.206,0.278,0.287,0.565,56,0.256,51,39,"2/1DH",0,2500,22801,18496,169,784,25,0,4,169,1,0,196,1600,4,0,0,1,0,0.042436,0.077284,0.082369,0.319225,3136,0.065536,2601,1521,0
"Carson Kelly","NH","2025","CHC","Chicago Cubs",31.1,1,390,11500000,5750000,1,2,"2025","2026",0,0,0,0,162,92,70,0,1,22,0,0,0,793,5495,1371,223,649,0.513,0.262,3.7,3.6,12.96,111,421,369,48,92,13,1,17,50,2,0,45,80,11,3,0,4,0,0.249,0.333,0.428,0.761,120,0.337,121,158,"2/HD",0,12321,177241,136161,2304,8464,169,1,289,2500,4,0,2025,6400,121,9,0,16,0,0.062001,0.110889,0.183184,0.579121,14400,0.113569,14641,24964,0
"Casey Kotchman","NH","2012","CLE","Cleveland Guardians",29.4,0,391,3000000,3000000,1,1,"2012","2012",0,0,0,0,162,68,94,0,0,-26,0,0,0,667,5525,1385,136,845,0.509,0.266,3.84,-0.9,0.81,142,500,463,46,106,12,0,12,55,3,0,26,49,15,7,3,1,1,0.229,0.28,0.333,0.612,72,0.279,72,154,"3H/D",0,20164,250000,214369,2116,11236,144,0,144,3025,9,0,676,2401,225,49,9,1,1,0.052441,0.0784,0.110889,0.374544,5184,0.077841,5184,23716,0
"Casey Kotchman","NH","2013","MIA","Miami Marlins",30.4,1,392,700000,700000,1,1,"2013","2013",0,0,0,0,162,62,100,0,0,-38,0,0,0,513,5449,1257,95,646,0.47,0.258,4.29,-0.7,0.49,6,21,20,0,0,0,0,0,1,0,0,1,1,1,0,0,0,0,0,0.048,0,0.048,-85,0.033,-122,0,"/3",0,36,441,400,0,0,0,0,0,1,0,0,1,1,1,0,0,0,0,0,0.002304,0,0.002304,7225,0.001089,14884,0,0
"Cesar Puello","NH","2017","TB","Tampa Bay Rays",26.3,0,395,695958.90057858,695958.90057858,1,1,"2017","2017",0,0,0,0,162,80,82,0,0,-2,0,0,0,694,5478,1340,228,704,0.463,0.256,4.4,0.1,0.01,17,39,34,6,7,0,0,0,3,2,0,4,12,2,1,0,0,0,0.206,0.308,0.206,0.514,45,0.257,43,7,"/7HD9",0,289,1521,1156,36,49,0,0,0,9,4,0,16,144,4,1,0,0,0,0.042436,0.094864,0.042436,0.264196,2025,0.066049,1849,49,0
"Cesar Puello","NH","2019","MIA","Miami Marlins",28.3,1,396,691688.341292727,691688.341292727,0,1,"2019","2019",0,0,0,0,162,57,105,0,0,-48,0,0,0,615,5512,1326,146,808,0.462,0.257,4.31,1,1,44,147,125,14,31,5,0,4,18,0,0,10,38,2,11,1,0,1,0.248,0.356,0.384,0.74,97,0.336,105,48,"879/H",0,1936,21609,15625,196,961,25,0,16,324,0,0,100,1444,4,121,1,0,1,0.061504,0.126736,0.147456,0.5476,9409,0.112896,11025,2304,0
"Cesar Puello","NH","2020","BOS","Boston Red Sox",29.3,2,397,690523.420485407,690523.420485407,1,1,"2020","2020",0,0,0,0,60,24,36,0,0,-12,0,0,0,292,2083,552,81,351,0.518,0.267,3.91,0.2,0.04,5,11,8,1,3,0,0,0,0,0,0,2,2,0,0,1,0,0,0.375,0.5,0.375,0.875,140,0.409,157,3,"/97",0,25,121,64,1,9,0,0,0,0,0,0,4,4,0,0,1,0,0,0.140625,0.25,0.140625,0.765625,19600,0.167281,24649,9,0
"Chad Gaudin",NA,"2013","SF","San Francisco Giants",30.4,0,398,750000,750000,1,1,"2013","2013",0,0,0,0,162,76,86,0,0,-10,0,0,1,632,5562,1446,107,686,0.538,0.264,3.56,-0.1,0.01,28,29,25,0,1,0,0,0,1,0,0,2,14,0,0,2,0,0,0.04,0.111,0.04,0.151,-54,0.118,-59,1,"1",0,784,841,625,0,1,0,0,0,1,0,0,4,196,0,0,4,0,0,0.0016,0.012321,0.0016,0.022801,2916,0.013924,3481,1,0
"Chad Qualls","NH","2013","MIA","Miami Marlins",35,1.058,403,1150000,1150000,1,1,"2013","2013",0,0,0,0,162,62,100,0,0,-38,0,0,0,513,5449,1257,95,646,0.47,0.258,4.29,0,0,63,0,0,0,0,0,0,0,0,0,0,0,0,0,0,0,0,0,0,0,0,0,0,0,0,0,"1",0,3969,0,0,0,0,0,0,0,0,0,0,0,0,0,0,0,0,0,0,0,0,0,0,0,0,0,0
"Chad Qualls","NH","2014","HOU","Houston Astros",36,2.058,404,6000000,3000000,1,2,"2014","2015",0,0,0,0,162,70,92,0,0,-22,0,0,0,629,5447,1317,163,723,0.487,0.254,3.82,0,0,3,0,0,0,0,0,0,0,0,0,0,0,0,0,0,0,0,0,0,0,0,0,0,0,0,0,"1",0,9,0,0,0,0,0,0,0,0,0,0,0,0,0,0,0,0,0,0,0,0,0,0,0,0,0,0
"Chad Qualls","NH","2015","HOU","Houston Astros",37,3.058,404,6000000,3000000,1,2,"2014","2015",0,0,0,0,162,86,76,0,1,10,0,0,2,729,5459,1363,230,618,0.488,0.254,3.82,0,0,4,0,0,0,0,0,0,0,0,0,0,0,0,0,0,0,0,0,0,0,0,0,0,0,0,0,"1",0,16,0,0,0,0,0,0,0,0,0,0,0,0,0,0,0,0,0,0,0,0,0,0,0,0,0,0
"Chad Qualls","NH","2016","COL","Colorado Rockies",38,4.058,405,6000000,3000000,1,2,"2016","2017",0,0,0,0,162,75,87,0,0,-12,0,0,0,845,5614,1544,204,860,0.466,0.275,4.99,0,0,42,0,0,0,0,0,0,0,0,0,0,0,0,0,0,0,0,0,0,0,0,0,0,0,0,0,"1",0,1764,0,0,0,0,0,0,0,0,0,0,0,0,0,0,0,0,0,0,0,0,0,0,0,0,0,0
"Chad Qualls","NH","2017","COL","Colorado Rockies",39,5.058,405,6000000,3000000,1,2,"2016","2017",0,0,0,0,162,87,75,0,1,12,0,0,0,824,5534,1510,192,757,0.469,0.275,4.98,0,0,18,0,0,0,0,0,0,0,0,0,0,0,0,0,0,0,0,0,0,0,0,0,0,0,0,0,"1",0,324,0,0,0,0,0,0,0,0,0,0,0,0,0,0,0,0,0,0,0,0,0,0,0,0,0,0
"Chad Wallach","NH","2023","LAA","Los Angeles Angels",31.8,0,406,765889.986737186,765889.986737186,0,1,"2023","2023",0,0,0,0,162,73,89,0,0,-16,0,0,0,739,5489,1346,231,829,0.497,0.256,4,0.1,0.01,65,172,157,18,31,5,1,7,15,0,1,13,57,5,0,2,0,0,0.197,0.259,0.376,0.635,71,0.281,72,59,"2/HD3",0,4225,29584,24649,324,961,25,1,49,225,0,1,169,3249,25,0,4,0,0,0.038809,0.067081,0.141376,0.403225,5041,0.078961,5184,3481,0
"Chad Wallach","NH","2025","LAA","Los Angeles Angels",33.8,1,407,760000,760000,0,1,"2025","2025",0,0,0,0,162,72,90,0,0,-18,0,0,1,673,5374,1209,226,837,0.495,0.256,4.02,0,0,1,0,0,0,0,0,0,0,0,0,0,0,0,0,0,0,0,0,0,0,0,0,0,0,0,0,"/2",0,1,0,0,0,0,0,0,0,0,0,0,0,0,0,0,0,0,0,0,0,0,0,0,0,0,0,0
"Chadwick Tromp","NH","2020","SF","San Francisco Giants",25.4,0,408,690523.420485407,690523.420485407,1,1,"2020","2020",0,0,0,0,60,29,31,0,0,-2,0,0,0,299,2019,532,81,297,0.535,0.264,3.58,-0.2,0.04,24,64,61,11,13,1,0,4,10,0,0,1,20,3,0,0,2,0,0.213,0.219,0.426,0.645,72,0.278,69,26,"2/DH",0,576,4096,3721,121,169,1,0,16,100,0,0,1,400,9,0,0,4,0,0.045369,0.047961,0.181476,0.416025,5184,0.077284,4761,676,0
"Chadwick Tromp","NH","2022","ATL","Atlanta Braves",27.4,1,409,780223.372192982,780223.372192982,1,1,"2022","2022",0,0,0,0,162,101,61,1,1,40,0,0,1,789,5509,1394,243,609,0.502,0.26,3.67,0.2,0.04,1,4,4,0,3,2,0,0,3,0,0,0,0,0,0,0,0,0,0.75,0.75,1.25,2,444,0.852,482,5,"/2",0,1,16,16,0,9,4,0,0,9,0,0,0,0,0,0,0,0,0,0.5625,0.5625,1.5625,4,197136,0.725904,232324,25,0
"Chadwick Tromp","NH","2024","ATL","Atlanta Braves",29.4,2,410,761001.808873827,761001.808873827,0,1,"2024","2024",0,0,0,0,162,89,73,0,1,16,0,0,0,704,5481,1333,213,607,0.504,0.26,3.67,0.2,0.04,19,54,52,3,13,6,0,0,6,0,0,1,17,2,0,0,1,0,0.25,0.259,0.365,0.625,72,0.282,73,19,"2",0,361,2916,2704,9,169,36,0,0,36,0,0,1,289,4,0,0,1,0,0.0625,0.067081,0.133225,0.390625,5184,0.079524,5329,361,0
"Chadwick Tromp","NH","2025","BAL","Baltimore Orioles",30.4,3,411,775000,775000,1,1,"2025","2025",0,0,0,0,162,75,87,0,0,-12,0,0,0,677,5416,1273,191,788,0.475,0.258,4.05,0.1,0.01,8,22,21,2,3,1,0,1,1,0,0,1,6,1,0,0,0,0,0.143,0.182,0.333,0.515,41,0.261,62,7,"/2",0,64,484,441,4,9,1,0,1,1,0,0,1,36,1,0,0,0,0,0.020449,0.033124,0.110889,0.265225,1681,0.068121,3844,49,0
"Charlie Culberson","NH","2020","ATL","Atlanta Braves",31.3,4.084,412,1000000,1000000,0,1,"2020","2020",0,0,0,0,60,35,25,1,1,10,0,0,1,348,2074,556,103,288,0.501,0.26,3.67,-0.1,0.01,9,7,7,2,1,1,0,0,1,0,0,0,4,0,0,0,0,0,0.143,0.143,0.286,0.429,9,0.176,-11,2,"/H314D",0,81,49,49,4,1,1,0,0,1,0,0,0,16,0,0,0,0,0,0.020449,0.020449,0.081796,0.184041,81,0.030976,121,4,0
"Charlie Culberson","NH","2021","TEX","Texas Rangers",32.3,5.051,413,1500000,1500000,1,1,"2021","2021",0,0,0,0,162,60,102,0,0,-42,0,0,0,625,5405,1254,167,815,0.476,0.259,4.29,1,1,90,271,247,23,60,15,2,5,22,7,1,17,64,3,2,4,1,1,0.243,0.296,0.381,0.676,85,0.304,85,94,"5H/73461D9",0,8100,73441,61009,529,3600,225,4,25,484,49,1,289,4096,9,4,16,1,1,0.059049,0.087616,0.145161,0.456976,7225,0.092416,7225,8836,0
"Charlie Culberson","NH","2022","TEX","Texas Rangers",33.3,6.051,414,1750000,1750000,0,1,"2022","2022",0,0,0,0,162,68,94,0,0,-26,0,0,1,707,5478,1308,198,743,0.475,0.258,4.29,0,0,68,124,115,19,29,6,0,2,12,2,3,5,31,5,0,4,0,0,0.252,0.283,0.357,0.64,81,0.278,78,41,"5H74D/136",0,4624,15376,13225,361,841,36,0,4,144,4,9,25,961,25,0,16,0,0,0.063504,0.080089,0.127449,0.4096,6561,0.077284,6084,1681,0
"Charlie Morton","NH","2017","HOU","Houston Astros",33.8,0,415,14000000,7000000,1,2,"2017","2018",0,0,0,0,162,101,61,1,1,40,1,1,2,896,5611,1581,238,700,0.491,0.254,3.83,0,0,1,3,3,0,0,0,0,0,0,0,0,0,0,0,0,0,0,0,0,0,0,0,-100,0,-131,0,"1",0,1,9,9,0,0,0,0,0,0,0,0,0,0,0,0,0,0,0,0,0,0,0,10000,0,17161,0,0
"Charlie Morton","NH","2018","HOU","Houston Astros",34.8,1,415,14000000,7000000,1,2,"2017","2018",1,0,0,0,162,103,59,1,1,44,0,0,0,797,5453,1390,205,534,0.494,0.254,3.81,0,0,3,6,6,0,1,0,0,0,0,0,0,0,5,0,0,0,0,0,0.167,0.167,0.167,0.333,-7,0.149,-24,1,"1",0,9,36,36,0,1,0,0,0,0,0,0,0,25,0,0,0,0,0,0.027889,0.027889,0.027889,0.110889,49,0.022201,576,1,0
"Charlie Morton","NH","2019","TB","Tampa Bay Rays",35.8,2,416,30000000,15000000,1,2,"2019","2020",3,1,1,0,162,96,66,0,1,30,0,0,0,769,5628,1427,217,656,0.473,0.256,4.33,0,0,1,2,2,0,0,0,0,0,0,0,0,0,2,0,0,0,0,0,0,0,0,0,-100,0,-128,0,"1",0,1,4,4,0,0,0,0,0,0,0,0,0,4,0,0,0,0,0,0,0,0,0,10000,0,16384,0,0
"Charlie Morton","NH","2021","ATL","Atlanta Braves",37.8,5,417,36762560.0968273,18381280.0484137,0,2,"2020","2021",0,0,0,0,161,88,73,1,1,15,1,1,0,790,5363,1307,239,656,0.501,0.26,3.67,-0.2,0.04,31,62,55,5,7,1,0,0,1,0,0,0,31,0,0,7,0,0,0.127,0.127,0.145,0.273,-28,0.121,-71,8,"1/H",0,961,3844,3025,25,49,1,0,0,1,0,0,0,961,0,0,49,0,0,0.016129,0.016129,0.021025,0.074529,784,0.014641,5041,64,0
"Charlie Morton","NH","2021","ATL","Atlanta Braves",37.8,6,418,15000000,15000000,1,1,"2021","2021",0,0,0,0,161,88,73,1,1,15,1,1,0,790,5363,1307,239,656,0.501,0.26,3.67,-0.2,0.04,31,62,55,5,7,1,0,0,1,0,0,0,31,0,0,7,0,0,0.127,0.127,0.145,0.273,-28,0.121,-71,8,"1/H",0,961,3844,3025,25,49,1,0,0,1,0,0,0,961,0,0,49,0,0,0.016129,0.016129,0.021025,0.074529,784,0.014641,5041,64,0
"Chase Anderson","NH","2021","PHI","Philadelphia Phillies",33.7,0,422,4000000,4000000,1,1,"2021","2021",0,0,0,0,162,82,80,0,0,2,0,0,0,734,5366,1288,198,745,0.472,0.261,3.99,-0.2,0.04,13,14,11,0,0,0,0,0,0,0,0,0,6,0,0,3,0,0,0,0,0,0,-100,0,-195,0,"1",0,169,196,121,0,0,0,0,0,0,0,0,0,36,0,0,9,0,0,0,0,0,0,10000,0,38025,0,0
"Chase Anderson","NH","2024","BOS","Boston Red Sox",36.7,3,425,1250000,1250000,1,1,"2024","2024",0,0,0,0,162,81,81,0,0,0,0,0,1,751,5577,1404,194,747,0.518,0.267,3.92,0,0,1,0,0,0,0,0,0,0,0,0,0,0,0,0,0,0,0,0,0,0,0,0,0,0,0,0,"1",0,1,0,0,0,0,0,0,0,0,0,0,0,0,0,0,0,0,0,0,0,0,0,0,0,0,0,0
"Chase Darnaud","NH","2015","PHI","Philadelphia Phillies",28.6,0,426,687225.311355765,687225.311355765,1,1,"2015","2015",0,0,0,0,162,63,99,0,0,-36,0,0,1,626,5529,1374,130,809,0.472,0.261,3.97,-0.2,0.04,11,18,17,2,3,0,1,0,0,0,1,1,7,0,0,0,0,0,0.176,0.222,0.294,0.516,42,0.189,21,5,"/H65",0,121,324,289,4,9,0,1,0,0,0,1,1,49,0,0,0,0,0,0.030976,0.049284,0.086436,0.266256,1764,0.035721,441,25,0
"Chase Darnaud","NH","2016","ATL","Atlanta Braves",29.6,1,427,672362.379948466,672362.379948466,1,1,"2016","2016",0,0,0,0,161,68,93,0,0,-25,0,0,0,649,5514,1404,122,779,0.5,0.26,3.65,0.2,0.04,84,262,233,24,57,14,2,1,21,9,3,23,50,5,3,0,3,1,0.245,0.317,0.335,0.652,76,0.303,78,78,"H654/789",0,7056,68644,54289,576,3249,196,4,1,441,81,9,529,2500,25,9,0,9,1,0.060025,0.100489,0.112225,0.425104,5776,0.091809,6084,6084,0
"Chase Darnaud","NH","2018","SF","San Francisco Giants",31.6,2,428,694114.573020403,694114.573020403,1,1,"2018","2018",0,0,0,0,162,73,89,0,0,-16,0,0,0,603,5541,1324,133,699,0.536,0.264,3.57,0.1,0.01,42,100,93,9,20,5,0,3,9,2,1,4,37,0,1,1,1,0,0.215,0.253,0.366,0.618,70,0.269,62,34,"H45/316",0,1764,10000,8649,81,400,25,0,9,81,4,1,16,1369,0,1,1,1,0,0.046225,0.064009,0.133956,0.381924,4900,0.072361,3844,1156,0
"Chase Utley","NH","2016","LAD","Los Angeles Dodgers",37.7,6.027,429,7000000,7000000,0,1,"2016","2016",0,0,0,0,162,91,71,1,1,20,0,0,1,725,5518,1376,189,638,0.526,0.262,3.54,1.3,1.69,138,565,512,79,129,26,3,14,52,2,2,40,115,0,11,1,1,1,0.252,0.319,0.396,0.716,92,0.324,97,203,"4H/5",0,19044,319225,262144,6241,16641,676,9,196,2704,4,4,1600,13225,0,121,1,1,1,0.063504,0.101761,0.156816,0.512656,8464,0.104976,9409,41209,0
"Chase Utley","NH","2017","LAD","Los Angeles Dodgers",38.7,7.027,430,2000000,2000000,0,1,"2017","2017",0,0,0,0,164,104,58,1,1,46,1,0,0,770,5408,1347,221,580,0.527,0.262,3.53,0.8,0.64,127,353,309,43,73,20,4,8,34,6,1,32,57,3,9,1,2,0,0.236,0.324,0.405,0.728,93,0.323,92,125,"4H3/D",0,16129,124609,95481,1849,5329,400,16,64,1156,36,1,1024,3249,9,81,1,4,0,0.055696,0.104976,0.164025,0.529984,8649,0.104329,8464,15625,0
"Chase Utley","NH","2018","LAD","Los Angeles Dodgers",39.7,8.027,431,2000000,1000000,0,2,"2018","2019",0,0,0,0,163,92,71,1,1,21,1,0,1,804,5572,1394,235,610,0.527,0.262,3.53,-0.2,0.04,87,187,164,18,35,10,1,1,14,3,1,17,34,3,5,0,1,2,0.213,0.305,0.305,0.61,68,0.286,68,50,"4H/3",0,7569,34969,26896,324,1225,100,1,1,196,9,1,289,1156,9,25,0,1,4,0.045369,0.093025,0.093025,0.3721,4624,0.081796,4624,2500,0
"Chasen Shreve","NH","2021","PIT","Pittsburgh Pirates",31.1,1,433,1500000,1500000,1,1,"2021","2021",0,0,0,0,162,61,101,0,0,-40,0,0,0,609,5336,1261,124,833,0.502,0.264,3.74,0,0,55,0,0,0,0,0,0,0,0,0,0,0,0,0,0,0,0,0,0,0,0,0,0,0,0,0,"1",0,3025,0,0,0,0,0,0,0,0,0,0,0,0,0,0,0,0,0,0,0,0,0,0,0,0,0,0
"Chasen Shreve","NH","2022","NYM","New York Mets",32.1,2,434,1500000,1500000,1,1,"2022","2022",0,0,0,0,162,101,61,0,1,40,0,0,1,772,5489,1422,171,606,0.483,0.25,3.79,0,0,1,0,0,0,0,0,0,0,0,0,0,0,0,0,0,0,0,0,0,0,0,0,0,0,0,0,"1",0,1,0,0,0,0,0,0,0,0,0,0,0,0,0,0,0,0,0,0,0,0,0,0,0,0,0,0
"Chi Chi Gonzalez","NH","2019","COL","Colorado Rockies",27.6,1.078,436,1750000,1750000,1,1,"2019","2019",0,0,0,0,162,71,91,0,0,-20,0,0,0,835,5660,1502,224,958,0.471,0.274,4.97,-0.3,0.09,13,24,24,0,1,0,0,0,2,0,0,0,15,0,0,0,0,0,0.042,0.042,0.042,0.083,-79,0.037,-128,1,"1",0,169,576,576,0,1,0,0,0,4,0,0,0,225,0,0,0,0,0,0.001764,0.001764,0.001764,0.006889,6241,0.001369,16384,1,0
"Chi Chi Gonzalez","NH","2021","COL","Colorado Rockies",29.6,2.149,437,1100000,1100000,0,1,"2021","2021",0,0,0,0,161,74,87,0,0,-13,0,0,0,739,5374,1338,182,796,0.47,0.273,4.98,0.1,0.01,24,34,31,3,5,1,0,0,1,0,0,1,16,0,0,2,0,0,0.161,0.188,0.194,0.381,-2,0.173,-30,6,"1",0,576,1156,961,9,25,1,0,0,1,0,0,1,256,0,0,4,0,0,0.025921,0.035344,0.037636,0.145161,4,0.029929,900,36,0
"Chienming Wang","NH","2012","WSH","Washington Nationals",32.3,0,438,4000000,4000000,0,1,"2012","2012",0,0,0,0,162,98,64,1,1,34,0,0,0,731,5615,1468,194,594,0.478,0.254,3.91,0.1,0.01,9,7,6,1,1,1,0,0,0,0,0,1,3,0,0,0,0,0,0.167,0.286,0.333,0.619,67,0.279,61,2,"1",0,81,49,36,1,1,1,0,0,0,0,0,1,9,0,0,0,0,0,0.027889,0.081796,0.110889,0.383161,4489,0.077841,3721,4,0
"Chienming Wang","NH","2016","KC","Kansas City Royals",36.3,2,440,1000000,1000000,1,1,"2016","2016",0,0,0,0,162,81,81,0,0,0,0,0,0,675,5552,1450,147,712,0.485,0.265,4.19,0,0,4,0,0,0,0,0,0,0,0,0,0,0,0,0,0,0,0,0,0,0,0,0,0,0,0,0,"1",0,16,0,0,0,0,0,0,0,0,0,0,0,0,0,0,0,0,0,0,0,0,0,0,0,0,0,0
"Chris Archer","NH","2021","TB","Tampa Bay Rays",32.9,7.156,441,6500000,6500000,1,1,"2021","2021",0,0,0,0,162,100,62,1,1,38,0,0,0,857,5507,1336,222,651,0.483,0.255,4.29,0,0,1,0,0,0,0,0,0,0,0,0,0,0,0,0,0,0,0,0,0,0,0,0,0,0,0,0,"/1",0,1,0,0,0,0,0,0,0,0,0,0,0,0,0,0,0,0,0,0,0,0,0,0,0,0,0,0
"Chris Capuano",NA,"2012","LAD","Los Angeles Dodgers",33.9,0,443,10000000,5000000,1,2,"2012","2013",0,0,0,0,162,86,76,0,0,10,0,0,0,637,5438,1369,116,597,0.524,0.262,3.54,-0.2,0.04,33,69,54,3,5,2,0,0,3,0,0,1,27,0,0,13,1,0,0.093,0.107,0.13,0.237,-35,0.122,-84,7,"1/H",0,1089,4761,2916,9,25,4,0,0,9,0,0,1,729,0,0,169,1,0,0.008649,0.011449,0.0169,0.056169,1225,0.014884,7056,49,0
"Chris Capuano",NA,"2013","LAD","Los Angeles Dodgers",34.9,1,443,10000000,5000000,1,2,"2012","2013",0,0,0,0,162,92,70,1,1,22,0,0,0,654,5491,1446,138,586,0.524,0.262,3.54,-0.1,0.01,21,29,24,1,1,0,0,0,0,0,0,1,8,0,0,4,0,0,0.042,0.08,0.042,0.122,-64,0.1,-92,1,"1",0,441,841,576,1,1,0,0,0,0,0,0,1,64,0,0,16,0,0,0.001764,0.0064,0.001764,0.014884,4096,0.01,8464,1,0
"Chris Capuano",NA,"2014","BOS","Boston Red Sox",35.9,2,444,2250000,2250000,1,1,"2014","2014",0,0,0,0,162,71,91,0,0,-20,1,1,0,634,5551,1355,123,715,0.517,0.267,3.9,0,0,1,0,0,0,0,0,0,0,0,0,0,0,0,0,0,0,0,0,0,0,0,0,0,0,0,0,"1",0,1,0,0,0,0,0,0,0,0,0,0,0,0,0,0,0,0,0,0,0,0,0,0,0,0,0,0
"Chris Capuano",NA,"2015","NYY","New York Yankees",36.9,3,445,5000000,5000000,0,1,"2015","2015",0,0,0,0,162,87,75,0,1,12,0,0,1,764,5567,1397,212,698,0.569,0.267,3.64,0,0,2,1,1,0,0,0,0,0,0,0,0,0,0,0,0,0,0,0,0,0,0,0,-100,0,-145,0,"1",0,4,1,1,0,0,0,0,0,0,0,0,0,0,0,0,0,0,0,0,0,0,0,10000,0,21025,0,0
"Chris Capuano",NA,"2016","MIL","Milwaukee Brewers",37.9,4,446,1500000,1500000,1,1,"2016","2016",0,0,0,0,162,73,89,0,0,-16,0,0,0,671,5330,1299,194,733,0.477,0.258,4.19,0.1,0.01,16,1,0,0,0,0,0,0,0,0,0,1,0,0,0,0,0,0,0,1,0,0,0,0.697,373,0,"1",0,256,1,0,0,0,0,0,0,0,0,0,1,0,0,0,0,0,0,0,1,0,0,0,0.485809,139129,0,0
"Chris Carter","NH","2016","MIL","Milwaukee Brewers",29.7,0,447,2500000,2500000,1,1,"2016","2016",0,0,0,0,162,73,89,0,0,-16,0,0,0,671,5330,1299,194,733,0.477,0.258,4.19,0.7,0.49,160,644,549,84,122,27,1,41,94,3,1,76,206,18,9,0,10,1,0.222,0.321,0.499,0.821,113,0.354,112,274,"3/HD",0,25600,414736,301401,7056,14884,729,1,1681,8836,9,1,5776,42436,324,81,0,100,1,0.049284,0.103041,0.249001,0.674041,12769,0.125316,12544,75076,0
"Chris Carter","NH","2017","NYY","New York Yankees",30.7,1,448,3500000,3500000,1,1,"2017","2017",0,0,0,0,162,91,71,0,1,20,0,0,2,858,5594,1463,241,660,0.569,0.267,3.64,-0.9,0.81,62,208,184,20,37,5,1,8,26,0,0,20,76,5,2,0,2,0,0.201,0.284,0.37,0.653,71,0.288,66,68,"3/H9D",0,3844,43264,33856,400,1369,25,1,64,676,0,0,400,5776,25,4,0,4,0,0.040401,0.080656,0.1369,0.426409,5041,0.082944,4356,4624,0
"Chris Coghlan","NH","2014","CHC","Chicago Cubs",29.2,0,450,800000,800000,1,1,"2014","2014",0,0,0,0,158,73,89,0,0,-16,0,0,2,614,5508,1315,157,707,0.511,0.263,3.68,0.8,0.64,125,432,385,50,109,28,5,9,41,7,4,39,81,5,3,3,2,2,0.283,0.352,0.452,0.804,122,0.356,123,174,"7H/9D",0,15625,186624,148225,2500,11881,784,25,81,1681,49,16,1521,6561,25,9,9,4,4,0.080089,0.123904,0.204304,0.646416,14884,0.126736,15129,30276,0
"Chris Coghlan","NH","2016","OAK","Oakland Athletics",31.2,1,451,6359289.5049313,6359289.5049313,0,1,"2016","2016",0,0,0,0,162,69,93,0,0,-24,0,0,1,653,5500,1352,169,761,0.487,0.259,3.97,-0.6,0.36,99,300,261,35,49,12,2,6,30,2,1,35,73,4,3,0,1,3,0.188,0.29,0.318,0.608,65,0.27,58,83,"74H59/3D",0,9801,90000,68121,1225,2401,144,4,36,900,4,1,1225,5329,16,9,0,1,9,0.035344,0.0841,0.101124,0.369664,4225,0.0729,3364,6889,0
"Chris Denorfia",NA,"2015","CHC","Chicago Cubs",35.1,0,452,2600000,2600000,1,1,"2015","2015",0,0,0,0,162,97,65,0,1,32,0,0,0,689,5491,1341,171,608,0.512,0.263,3.68,-0.1,0.01,103,231,212,18,57,11,1,3,18,0,1,15,56,7,1,2,1,1,0.269,0.319,0.373,0.691,91,0.305,87,79,"7H9/81",0,10609,53361,44944,324,3249,121,1,9,324,0,1,225,3136,49,1,4,1,1,0.072361,0.101761,0.139129,0.477481,8281,0.093025,7569,6241,0
"Chris Devenski","NH","2021","ARI","Arizona Diamondbacks",30.8,0,454,1000000,1000000,1,1,"2021","2021",0,0,0,0,162,52,110,0,0,-58,0,0,0,679,5489,1297,144,893,0.486,0.256,4.26,0,0,8,0,0,0,0,0,0,0,0,0,0,0,0,0,0,0,0,0,0,0,0,0,0,0,0,0,"/1",0,64,0,0,0,0,0,0,0,0,0,0,0,0,0,0,0,0,0,0,0,0,0,0,0,0,0,0
"Chris Gimenez","NH","2017","MIN","Minnesota Twins",34.6,0,461,950000,950000,1,1,"2017","2017",0,0,0,0,162,85,77,0,1,8,0,0,1,815,5557,1444,206,788,0.48,0.263,3.98,0.6,0.36,74,225,186,28,41,9,0,7,16,1,0,33,60,3,4,2,0,0,0.22,0.35,0.382,0.731,97,0.327,97,71,"2/3H175D",0,5476,50625,34596,784,1681,81,0,49,256,1,0,1089,3600,9,16,4,0,0,0.0484,0.1225,0.145924,0.534361,9409,0.106929,9409,5041,0
"Chris Gimenez","NH","2018","MIN","Minnesota Twins",35.6,1,462,694114.573020403,694114.573020403,1,1,"2018","2018",0,0,0,0,162,78,84,0,0,-6,0,0,1,738,5526,1379,166,775,0.48,0.263,3.99,0.1,0.01,25,66,57,7,12,1,0,2,7,1,0,6,16,2,1,0,2,0,0.211,0.288,0.333,0.621,67,0.302,78,19,"2/H315D",0,625,4356,3249,49,144,1,0,4,49,1,0,36,256,4,1,0,4,0,0.044521,0.082944,0.110889,0.385641,4489,0.091204,6084,361,0
"Chris Heisey","NH","2016","WSH","Washington Nationals",31.7,5.042,463,672362.379948466,672362.379948466,1,1,"2016","2016",0,0,0,0,162,95,67,1,1,28,0,0,0,763,5490,1403,203,612,0.485,0.253,3.86,-0.1,0.01,83,155,139,18,30,3,1,9,17,0,1,13,44,0,2,0,1,0,0.216,0.29,0.446,0.736,90,0.312,84,62,"H79/8D",0,6889,24025,19321,324,900,9,1,81,289,0,1,169,1936,0,4,0,1,0,0.046656,0.0841,0.198916,0.541696,8100,0.097344,7056,3844,0
"Chris Heisey","NH","2017","WSH","Washington Nationals",32.7,6.042,464,1400000,1400000,0,1,"2017","2017",0,0,0,0,162,97,65,1,1,32,0,0,2,819,5553,1477,215,672,0.487,0.254,3.87,-0.6,0.36,38,79,74,8,12,3,1,1,5,0,0,5,22,1,0,0,0,0,0.162,0.215,0.27,0.485,24,0.213,7,20,"7H/9",0,1444,6241,5476,64,144,9,1,1,25,0,0,25,484,1,0,0,0,0,0.026244,0.046225,0.0729,0.235225,576,0.045369,49,400,0
"Chris Herrmann","NH","2018","SEA","Seattle Mariners",30.8,4.001,465,694114.573020403,694114.573020403,1,1,"2018","2018",0,0,0,0,162,89,73,0,0,16,0,0,0,677,5513,1402,176,711,0.472,0.26,4.32,0.5,0.25,36,87,76,6,18,4,2,2,7,0,0,10,24,0,0,0,1,0,0.237,0.322,0.421,0.743,107,0.321,104,32,"2H/3",0,1296,7569,5776,36,324,16,4,4,49,0,0,100,576,0,0,0,1,0,0.056169,0.103684,0.177241,0.552049,11449,0.103041,10816,1024,0
"Chris Herrmann","NH","2019","OAK","Oakland Athletics",31.8,4.128,466,1000000,1000000,1,1,"2019","2019",0,0,0,0,162,97,65,0,1,32,0,0,1,845,5561,1384,257,680,0.489,0.259,3.98,-0.3,0.09,30,94,84,9,17,3,0,1,8,0,0,9,29,4,0,1,0,0,0.202,0.28,0.274,0.553,53,0.258,56,23,"2/H7",0,900,8836,7056,81,289,9,0,1,64,0,0,81,841,16,0,1,0,0,0.040804,0.0784,0.075076,0.305809,2809,0.066564,3136,529,0
"Chris Iannetta","NH","2016","SEA","Seattle Mariners",33.3,9.013,467,4250000,4250000,1,1,"2016","2016",0,0,0,0,162,86,76,0,0,10,0,0,1,768,5583,1446,223,707,0.47,0.26,4.32,0.1,0.01,94,338,295,23,62,14,0,7,24,0,0,38,83,4,2,1,2,0,0.21,0.303,0.329,0.631,75,0.287,75,97,"2/D",0,8836,114244,87025,529,3844,196,0,49,576,0,0,1444,6889,16,4,1,4,0,0.0441,0.091809,0.108241,0.398161,5625,0.082369,5625,9409,0
"Chris Iannetta","NH","2017","ARI","Arizona Diamondbacks",34.3,10.013,468,1500000,1500000,1,1,"2017","2017",0,0,0,0,162,93,69,0,1,24,0,0,0,812,5525,1405,220,659,0.493,0.258,4.23,1.8,3.24,89,316,272,38,69,19,0,17,43,0,0,37,87,3,6,0,1,0,0.254,0.354,0.511,0.865,116,0.375,120,139,"2H/5",0,7921,99856,73984,1444,4761,361,0,289,1849,0,0,1369,7569,9,36,0,1,0,0.064516,0.125316,0.261121,0.748225,13456,0.140625,14400,19321,0
"Chris Iannetta","NH","2018","COL","Colorado Rockies",35.3,11.013,469,8500000,4250000,1,2,"2018","2019",0,0,0,0,163,91,72,0,1,19,0,0,0,780,5541,1418,210,745,0.473,0.274,4.95,-0.6,0.36,110,360,299,36,67,13,1,11,36,0,0,50,87,13,7,1,3,5,0.224,0.345,0.385,0.73,85,0.325,81,115,"2H/D",0,12100,129600,89401,1296,4489,169,1,121,1296,0,0,2500,7569,169,49,1,9,25,0.050176,0.119025,0.148225,0.5329,7225,0.105625,6561,13225,0
"Chris Iannetta","NH","2019","COL","Colorado Rockies",36.3,12.013,469,8500000,4250000,1,2,"2018","2019",0,0,0,0,162,71,91,0,0,-20,0,0,0,835,5660,1502,224,958,0.471,0.274,4.97,-0.5,0.25,52,164,144,20,32,10,0,6,21,0,0,18,54,9,1,0,1,3,0.222,0.311,0.417,0.728,76,0.309,67,60,"2H/D",0,2704,26896,20736,400,1024,100,0,36,441,0,0,324,2916,81,1,0,1,9,0.049284,0.096721,0.173889,0.529984,5776,0.095481,4489,3600,0
"Chris Martin","NH","2021","ATL","Atlanta Braves",35.2,1,470,14000000,7000000,0,2,"2020","2021",0,0,0,0,161,88,73,1,1,15,1,1,0,790,5363,1307,239,656,0.501,0.26,3.67,0,0,45,0,0,0,0,0,0,0,0,0,0,0,0,0,0,0,0,0,0,0,0,0,0,0,0,0,"1",0,2025,0,0,0,0,0,0,0,0,0,0,0,0,0,0,0,0,0,0,0,0,0,0,0,0,0,0
"Chris Martin","NH","2022","LAD","Los Angeles Dodgers",36.2,2,471,2750000,2750000,1,1,"2022","2022",0,0,0,0,162,111,51,1,1,60,0,0,2,847,5526,1418,212,513,0.531,0.261,3.52,0,0,1,0,0,0,0,0,0,0,0,0,0,0,0,0,0,0,0,0,0,0,0,0,0,0,0,0,"1",0,1,0,0,0,0,0,0,0,0,0,0,0,0,0,0,0,0,0,0,0,0,0,0,0,0,0,0
"Chris Martin","NH","2023","BOS","Boston Red Sox",37.2,3,472,13500000,6750000,1,2,"2023","2024",2,0,1,0,162,78,84,0,0,-6,0,0,0,772,5562,1437,182,776,0.518,0.267,3.92,0,0,1,0,0,0,0,0,0,0,0,0,0,0,0,0,0,0,0,0,0,0,0,0,0,0,0,0,"1",0,1,0,0,0,0,0,0,0,0,0,0,0,0,0,0,0,0,0,0,0,0,0,0,0,0,0,0
"Chris Martin","NH","2024","BOS","Boston Red Sox",38.2,4,472,13500000,6750000,1,2,"2023","2024",0,0,0,0,162,81,81,0,0,0,0,0,1,751,5577,1404,194,747,0.518,0.267,3.92,0,0,2,0,0,0,0,0,0,0,0,0,0,0,0,0,0,0,0,0,0,0,0,0,0,0,0,0,"1",0,4,0,0,0,0,0,0,0,0,0,0,0,0,0,0,0,0,0,0,0,0,0,0,0,0,0,0
"Chris Owings","NH","2019","KC","Kansas City Royals",28,5.012,474,3000000,3000000,1,1,"2019","2019",0,0,0,0,162,59,103,0,0,-44,0,0,0,691,5496,1356,162,869,0.48,0.264,4.24,-1.2,1.44,66,196,180,13,25,6,1,3,14,5,2,14,78,2,2,0,0,0,0.139,0.209,0.233,0.443,16,0.208,11,42,"4H56/8971D",0,4356,38416,32400,169,625,36,1,9,196,25,4,196,6084,4,4,0,0,0,0.019321,0.043681,0.054289,0.196249,256,0.043264,121,1764,0
"Chris Owings","NH","2020","COL","Colorado Rockies",29,5.131,475,1000000,1000000,1,1,"2020","2020",0,0,0,0,60,26,34,0,0,-8,0,0,1,275,2057,528,63,353,0.471,0.274,4.98,0.2,0.04,17,44,41,9,11,1,0,2,5,1,0,3,11,0,0,0,0,0,0.268,0.318,0.439,0.757,91,0.332,86,18,"/4H57896",0,289,1936,1681,81,121,1,0,4,25,1,0,9,121,0,0,0,0,0,0.071824,0.101124,0.192721,0.573049,8281,0.110224,7396,324,0
"Chris Taylor","NH","2022","LAD","Los Angeles Dodgers",31.9,0,478,60000000,15000000,0,4,"2022","2025",0,0,0,0,162,111,51,1,1,60,0,0,2,847,5526,1418,212,513,0.531,0.261,3.52,0.7,0.49,118,454,402,45,89,25,3,10,43,10,1,44,160,4,5,0,3,2,0.221,0.304,0.373,0.677,89,0.31,90,150,"7489/HD56",0,13924,206116,161604,2025,7921,625,9,100,1849,100,1,1936,25600,16,25,0,9,4,0.048841,0.092416,0.139129,0.458329,7921,0.0961,8100,22500,0
"Chris Taylor","NH","2023","LAD","Los Angeles Dodgers",32.9,1,478,60000000,15000000,0,4,"2022","2025",0,0,0,0,162,100,62,1,1,38,0,0,0,906,5524,1422,249,699,0.531,0.261,3.52,1.5,2.25,117,384,338,51,80,15,1,15,56,16,3,41,125,2,4,0,1,2,0.237,0.326,0.42,0.746,102,0.333,102,142,"765H/D84",0,13689,147456,114244,2601,6400,225,1,225,3136,256,9,1681,15625,4,16,0,1,4,0.056169,0.106276,0.1764,0.556516,10404,0.110889,10404,20164,0
"Chris Taylor","NH","2024","LAD","Los Angeles Dodgers",33.9,2,478,60000000,15000000,0,4,"2022","2025",0,0,0,0,162,98,64,1,1,34,1,1,1,842,5522,1423,233,686,0.532,0.261,3.53,-0.2,0.04,87,246,213,28,43,7,1,4,23,5,1,28,76,5,2,1,2,0,0.202,0.298,0.3,0.598,71,0.289,80,64,"754H/8",0,7569,60516,45369,784,1849,49,1,16,529,25,1,784,5776,25,4,1,4,0,0.040804,0.088804,0.09,0.357604,5041,0.083521,6400,4096,0
"Chris Taylor","NH","2025","LAA","Los Angeles Angels",34.9,3,478,60000000,15000000,0,4,"2022","2025",0,0,0,0,162,72,90,0,0,-18,0,0,1,673,5374,1209,226,837,0.495,0.256,4.02,-0.6,0.36,58,125,113,15,21,7,0,2,12,2,2,5,42,1,6,0,1,0,0.186,0.256,0.301,0.557,56,0.243,49,34,"78H49/5",0,3364,15625,12769,225,441,49,0,4,144,4,4,25,1764,1,36,0,1,0,0.034596,0.065536,0.090601,0.310249,3136,0.059049,2401,1156,0
"Chris Taylor","NH","2025","LAA","Los Angeles Angels",34.9,4,479,760000,760000,1,1,"2025","2025",0,0,0,0,162,72,90,0,0,-18,0,0,1,673,5374,1209,226,837,0.495,0.256,4.02,-0.6,0.36,58,125,113,15,21,7,0,2,12,2,2,5,42,1,6,0,1,0,0.186,0.256,0.301,0.557,56,0.243,49,34,"78H49/5",0,3364,15625,12769,225,441,49,0,4,144,4,4,25,1764,1,36,0,1,0,0.034596,0.065536,0.090601,0.310249,3136,0.059049,2401,1156,0
"Chris Volstad","NH","2013","COL","Colorado Rockies",26.9,0,480,1500000,1500000,1,1,"2013","2013",0,0,0,0,162,74,88,0,0,-14,0,0,0,706,5599,1511,159,760,0.472,0.276,5,0,0,6,0,0,0,0,0,0,0,0,0,0,0,0,0,0,0,0,0,0,0,0,0,0,0,0,0,"/1",0,36,0,0,0,0,0,0,0,0,0,0,0,0,0,0,0,0,0,0,0,0,0,0,0,0,0,0
"Chris Young","NH","2012","ARI","Arizona Diamondbacks",33.2,0,482,900000,900000,0,1,"2012","2012",0,0,0,0,162,81,81,0,0,0,0,0,0,734,5462,1416,165,688,0.498,0.258,4.26,1.9,3.61,120,399,356,36,79,26,0,14,43,8,3,37,90,4,2,4,0,0,0.21485,0.286458333333333,0.396,0.682458333333333,82.0083333333333,0.300925,73.1,119.625,"8H/D",0,14400,159201,126736,1296,6241,676,0,196,1849,64,9,1369,8100,16,4,16,0,0,0.0461605225,0.0820583767361111,0.156816,0.465749376736111,6725.36673611111,0.090555855625,5343.61,14310.140625,0
"Chris Young","NH","2013","OAK","Oakland Athletics",34.2,1,483,2000000,2000000,1,1,"2013","2013",0,0,0,0,162,96,66,1,1,30,0,0,0,785,5521,1405,186,637,0.487,0.259,3.97,-0.4,0.16,107,375,335,46,67,18,3,12,40,10,3,36,93,7,2,0,2,3,0.2,0.28,0.379,0.659,82,0.294,77,127,"897H/D",0,11449,140625,112225,2116,4489,324,9,144,1600,100,9,1296,8649,49,4,0,4,9,0.04,0.0784,0.143641,0.434281,6724,0.086436,5929,16129,0
"Chris Young",NA,"2014","NYM","New York Mets",35.2,2,484,7250000,7250000,1,1,"2014","2014",0,0,0,0,162,79,83,0,0,-4,0,0,2,629,5472,1306,125,618,0.478,0.25,3.76,1.1,1.21,112,367,326,40,72,20,0,11,38,8,3,32,70,3,5,1,3,2,0.220017857142857,0.296330357142857,0.3815625,0.676901785714286,93.2589285714286,0.318133928571429,100.946428571429,123.883928571429,"78H/9D",0,12544,134689,106276,1600,5184,400,0,121,1444,64,9,1024,4900,9,25,1,9,4,0.0484078574617347,0.0878116805644133,0.14558994140625,0.458196027503189,8697.22775829082,0.101209196508291,10190.1814413265,15347.2277582908,0
"Chris Young","NH","2015","NYY","New York Yankees",36.2,3,485,675000,675000,1,1,"2015","2015",0,0,0,0,162,87,75,0,1,12,0,0,1,764,5567,1397,212,698,0.569,0.267,3.64,1.1,1.21,143,360,322,53,82,20,1,14,45,3,1,30,74,6,3,3,2,2,0.257202797202797,0.323776223776224,0.453986013986014,0.777762237762238,110.342657342657,0.34813986013986,116.552447552448,141.020979020979,"97H8/D",0,20449,129600,103684,2809,6724,400,1,196,2025,9,1,900,5476,36,9,9,4,4,0.0661532788889432,0.104831043082791,0.206103300894909,0.604914098488924,12175.5020294391,0.121201362218201,13584.473030466,19886.9165240354,0
"Chris Young","NH","2016","BOS","Boston Red Sox",37.2,4,486,12250000,6125000,1,2,"2016","2017",0,0,0,0,162,93,69,1,1,24,0,0,0,878,5670,1598,208,694,0.517,0.267,3.9,1.5,2.25,79,228,204,29,56,18,0,9,24,4,2,21,50,4,3,0,0,0,0.265518987341772,0.338632911392405,0.479088607594937,0.817721518987342,112.607594936709,0.352101265822785,113.278481012658,97.1645569620253,"7H/89D",0,6241,51984,41616,841,3136,324,0,81,576,16,4,441,2500,16,9,0,0,0,0.0705003326390002,0.114672248678096,0.229525893927255,0.668668482614965,12680.4704374299,0.123975301394007,12832.0142605352,9440.95112962666,0
"Chris Young","NH","2017","BOS","Boston Red Sox",38.2,5,486,12250000,6125000,1,2,"2016","2017",0,0,0,0,162,93,69,1,1,24,0,0,0,785,5669,1461,168,668,0.517,0.267,3.9,-0.2,0.04,92,276,243,30,57,12,2,7,25,3,2,30,55,4,2,0,1,0,0.229891304347826,0.315,0.378586956521739,0.693586956521739,84.1304347826087,0.308152173913044,83.1521739130435,91.9565217391304,"7DH/9",0,8464,76176,59049,900,3249,144,4,49,625,9,4,900,3025,16,4,0,1,0,0.0528500118147448,0.099225,0.143328083648393,0.481062866257089,7077.93005671078,0.0949577622873346,6914.28402646503,8456.00189035917,0
"Chris Young","NH","2017","BOS","Boston Red Sox",38.2,6,487,16911150.8551805,8455575.42759023,1,2,"2017","2018",0,0,0,0,162,93,69,1,1,24,0,0,0,785,5669,1461,168,668,0.517,0.267,3.9,-0.2,0.04,92,276,243,30,57,12,2,7,25,3,2,30,55,4,2,0,1,0,0.229891304347826,0.315,0.378586956521739,0.693586956521739,84.1304347826087,0.308152173913044,83.1521739130435,91.9565217391304,"7DH/9",0,8464,76176,59049,900,3249,144,4,49,625,9,4,900,3025,16,4,0,1,0,0.0528500118147448,0.099225,0.143328083648393,0.481062866257089,7077.93005671078,0.0949577622873346,6914.28402646503,8456.00189035917,0
"Chris Young","NH","2018","LAA","Los Angeles Angels",39.2,7,487,16911150.8551805,8455575.42759023,1,2,"2017","2018",0,0,0,0,162,80,82,0,0,-2,0,0,1,721,5472,1323,214,722,0.5,0.257,3.95,-0.7,0.49,56,128,113,17,19,2,1,6,13,2,0,11,37,1,2,1,1,0,0.168,0.252,0.363,0.615,68,0.279,66,41,"987H/D",0,3136,16384,12769,289,361,4,1,36,169,4,0,121,1369,1,4,1,1,0,0.028224,0.063504,0.131769,0.378225,4624,0.077841,4356,1681,0
"Chris Young",NA,"2018","LAA","Los Angeles Angels",39.2,8,488,2000000,2000000,1,1,"2018","2018",0,0,0,0,162,80,82,0,0,-2,0,0,1,721,5472,1323,214,722,0.5,0.257,3.95,-0.7,0.49,56,128,113,17,19,2,1,6,13,2,0,11,37,1,2,1,1,0,0.168,0.252,0.363,0.615,68,0.279,66,41,"987H/D",0,3136,16384,12769,289,361,4,1,36,169,4,0,121,1369,1,4,1,1,0,0.028224,0.063504,0.131769,0.378225,4624,0.077841,4356,1681,0
"Christian Bethancourt","NH","2022","OAK","Oakland Athletics",30.9,0,489,780223.372192982,780223.372192982,1,1,"2022","2022",0,0,0,0,162,60,102,0,0,-42,0,0,0,568,5314,1147,137,770,0.488,0.258,3.98,1.1,1.21,100,333,318,39,80,17,0,11,34,5,1,12,80,6,2,1,0,0,0.252,0.283,0.409,0.692,100,0.309,101,130,"23HD/15",0,10000,110889,101124,1521,6400,289,0,121,1156,25,1,144,6400,36,4,1,0,0,0.063504,0.080089,0.167281,0.478864,10000,0.095481,10201,16900,0
"Christian Bethancourt","NH","2023","TB","Tampa Bay Rays",31.9,1,490,1436043.72513222,1436043.72513222,1,1,"2023","2023",0,0,0,0,162,99,63,0,1,36,0,0,0,860,5511,1432,230,665,0.49,0.255,4.24,0.7,0.49,104,332,315,49,71,16,0,11,33,1,0,13,91,6,0,1,3,0,0.225,0.254,0.381,0.635,73,0.281,73,120,"2/H1D",0,10816,110224,99225,2401,5041,256,0,121,1089,1,0,169,8281,36,0,1,9,0,0.050625,0.064516,0.145161,0.403225,5329,0.078961,5329,14400,0
"Christian Bethancourt","NH","2024","MIA","Miami Marlins",32.9,2,491,1434591.24780944,1434591.24780944,1,1,"2024","2024",0,0,0,0,162,62,100,0,0,-38,0,0,0,637,5522,1347,150,841,0.459,0.255,4.3,0.4,0.16,62,147,139,18,29,7,0,5,22,3,0,5,36,2,1,2,0,0,0.209,0.241,0.367,0.608,67,0.278,67,51,"2/DH",0,3844,21609,19321,324,841,49,0,25,484,9,0,25,1296,4,1,4,0,0,0.043681,0.058081,0.134689,0.369664,4489,0.077284,4489,2601,0
"Cj Cron","NH","2020","DET","Detroit Tigers",30.6,0,492,6100000,6100000,1,1,"2020","2020",0,0,0,0,58,23,35,0,0,-12,0,0,0,249,1894,463,62,318,0.504,0.265,4,0.3,0.09,13,52,42,9,8,3,0,4,8,0,0,9,16,2,1,0,0,0,0.19,0.346,0.548,0.894,141,0.374,135,23,"3",0,169,2704,1764,81,64,9,0,16,64,0,0,81,256,4,1,0,0,0,0.0361,0.119716,0.300304,0.799236,19881,0.139876,18225,529,0
"Cj Cron","NH","2021","COL","Colorado Rockies",31.6,1,493,1183156.3001569,1183156.3001569,1,1,"2021","2021",0,0,0,0,161,74,87,0,0,-13,0,0,0,739,5374,1338,182,796,0.47,0.273,4.98,3.4,11.56,142,547,470,70,132,31,1,28,92,1,0,60,117,11,13,0,4,3,0.281,0.375,0.53,0.905,129,0.393,133,249,"3H/D",0,20164,299209,220900,4900,17424,961,1,784,8464,1,0,3600,13689,121,169,0,16,9,0.078961,0.140625,0.2809,0.819025,16641,0.154449,17689,62001,0
"Cj Cron","NH","2023","COL","Colorado Rockies",33.6,2,494,15424173.3440128,7712086.67200638,1,2,"2023","2024",0,0,0,0,162,59,103,0,0,-44,0,0,0,721,5496,1368,163,957,0.465,0.272,5,-0.5,0.25,71,278,258,38,64,12,0,12,37,0,0,17,65,13,1,0,2,0,0.248,0.295,0.434,0.729,89,0.315,85,112,"3/DH",0,5041,77284,66564,1444,4096,144,0,144,1369,0,0,289,4225,169,1,0,4,0,0.061504,0.087025,0.188356,0.531441,7921,0.099225,7225,12544,0
"Clay Buchholz","NH","2018","ARI","Arizona Diamondbacks",34,5.02,500,1500000,1500000,1,1,"2018","2018",0,0,0,0,162,82,80,0,0,2,0,0,0,693,5460,1283,176,644,0.493,0.257,4.21,-0.2,0.04,16,37,31,0,2,1,0,0,1,0,0,1,17,0,0,5,0,0,0.065,0.094,0.097,0.191,-49,0.089,-110,3,"1",0,256,1369,961,0,4,1,0,0,1,0,0,1,289,0,0,25,0,0,0.004225,0.008836,0.009409,0.036481,2401,0.007921,12100,9,0
"Clay Holmes","NH","2021","PIT","Pittsburgh Pirates",28.3,0,502,769051.595101982,769051.595101982,0,1,"2021","2021",0,0,0,0,162,61,101,0,0,-40,0,0,0,609,5336,1261,124,833,0.502,0.264,3.74,0,0,47,1,1,0,0,0,0,0,0,0,0,0,1,0,0,0,0,0,0,0,0,0,-100,0,-125,0,"1",0,2209,1,1,0,0,0,0,0,0,0,0,0,1,0,0,0,0,0,0,0,0,0,10000,0,15625,0,0
"Clayton Richard","NH","2015","CHC","Chicago Cubs",31.9,0,510,687225.311355765,687225.311355765,1,1,"2015","2015",0,0,0,0,162,97,65,0,1,32,0,0,0,689,5491,1341,171,608,0.512,0.263,3.68,0.1,0.01,22,15,14,1,2,2,0,0,3,0,0,1,6,0,0,0,0,0,0.143,0.2,0.286,0.486,33,0.215,18,4,"1",0,484,225,196,1,4,4,0,0,9,0,0,1,36,0,0,0,0,0,0.020449,0.04,0.081796,0.236196,1089,0.046225,324,16,0
"Clayton Richard","NH","2016","CHC","Chicago Cubs",32.9,1,511,672362.379948466,672362.379948466,1,1,"2016","2016",0,0,0,0,162,103,58,1,1,45,1,1,0,808,5503,1409,199,556,0.513,0.263,3.68,-0.1,0.01,37,21,17,0,1,0,0,0,1,0,0,1,9,0,0,3,0,0,0.059,0.111,0.059,0.17,-52,0.089,-100,1,"1/H",0,1369,441,289,0,1,0,0,0,1,0,0,1,81,0,0,9,0,0,0.003481,0.012321,0.003481,0.0289,2704,0.007921,10000,1,0
"Clayton Richard","NH","2017","SD","San Diego Padres",33.9,2,512,1750000,1750000,0,1,"2017","2017",0,0,0,0,162,71,91,0,0,-20,0,0,0,604,5356,1251,189,816,0.462,0.25,3.95,0.1,0.01,31,68,57,2,7,1,0,1,4,0,0,1,31,0,2,8,0,0,0.123,0.167,0.193,0.36,-4,0.164,-34,11,"1",0,961,4624,3249,4,49,1,0,1,16,0,0,1,961,0,4,64,0,0,0.015129,0.027889,0.037249,0.1296,16,0.026896,1156,121,0
"Clayton Richard","NH","2018","SD","San Diego Padres",34.9,3,513,7641628.32683012,3820814.16341506,0,2,"2018","2019",0,0,0,0,162,66,96,0,0,-30,0,0,1,617,5486,1289,162,767,0.461,0.25,3.96,0.1,0.01,26,51,42,3,4,1,0,1,3,0,0,2,24,0,1,6,0,0,0.095,0.156,0.19,0.346,-4,0.16,-32,8,"1/H",0,676,2601,1764,9,16,1,0,1,9,0,0,4,576,0,1,36,0,0,0.009025,0.024336,0.0361,0.119716,16,0.0256,1024,64,0
"Clint Barmes","NH","2012","PIT","Pittsburgh Pirates",33.4,0,514,10500000,5250000,1,2,"2012","2013",0,0,0,0,162,79,83,0,0,-4,0,0,0,651,5412,1313,170,674,0.503,0.265,3.72,1.2,1.44,144,493,455,34,104,16,1,8,45,0,2,20,106,9,8,8,2,3,0.229,0.272,0.321,0.593,64,0.267,59,146,"6/H3",0,20736,243049,207025,1156,10816,256,1,64,2025,0,4,400,11236,81,64,64,4,9,0.052441,0.073984,0.103041,0.351649,4096,0.071289,3481,21316,0
"Clint Barmes","NH","2013","PIT","Pittsburgh Pirates",34.4,1,514,10500000,5250000,1,2,"2012","2013",0,0,0,0,162,94,68,0,1,26,0,0,2,636,5468,1339,161,583,0.503,0.265,3.71,0.2,0.04,108,330,304,22,64,15,0,5,23,0,0,14,70,5,2,9,1,3,0.211,0.249,0.309,0.558,58,0.258,52,94,"6/H",0,11664,108900,92416,484,4096,225,0,25,529,0,0,196,4900,25,4,81,1,9,0.044521,0.062001,0.095481,0.311364,3364,0.066564,2704,8836,0
"Clint Barmes","NH","2014","PIT","Pittsburgh Pirates",35.4,2,515,2757798.54306696,2757798.54306696,0,1,"2014","2014",0,0,0,0,159,88,74,0,1,14,0,0,0,682,5536,1437,156,631,0.504,0.265,3.71,0.7,0.49,48,116,102,15,25,5,0,0,7,1,1,9,18,2,4,0,1,2,0.245,0.328,0.294,0.622,77,0.289,77,30,"64/H35",0,2304,13456,10404,225,625,25,0,0,49,1,1,81,324,4,16,0,1,4,0.060025,0.107584,0.086436,0.386884,5929,0.083521,5929,900,0
"Clint Barmes","NH","2015","SD","San Diego Padres",36.4,3,516,1500000,1500000,1,1,"2015","2015",0,0,0,0,162,74,88,0,0,-14,0,0,0,650,5457,1324,148,731,0.464,0.251,3.92,0.2,0.04,98,224,207,24,48,14,1,3,16,0,1,10,55,0,4,3,0,2,0.232,0.281,0.353,0.633,76,0.296,83,73,"6H/3",0,9604,50176,42849,576,2304,196,1,9,256,0,1,100,3025,0,16,9,0,4,0.053824,0.078961,0.124609,0.400689,5776,0.087616,6889,5329,0
"Cody Bellinger","NH","2023","CHC","Chicago Cubs",28.1,0,517,17500000,17500000,1,1,"2023","2023",2,1,0,1,162,83,79,0,0,4,0,0,0,819,5504,1399,196,723,0.513,0.262,3.7,4.8,23.04,130,556,499,95,153,29,1,26,97,20,6,40,87,7,5,0,12,3,0.307,0.356,0.525,0.881,139,0.382,141,262,"83/DH",0,16900,309136,249001,9025,23409,841,1,676,9409,400,36,1600,7569,49,25,0,144,9,0.094249,0.126736,0.275625,0.776161,19321,0.145924,19881,68644,0
"Cody Bellinger","NH","2024","CHC","Chicago Cubs",29.1,1,518,80000000,26666666.6666667,0,3,"2024","2026",0,0,0,0,162,83,79,0,0,4,0,0,0,736,5441,1318,170,669,0.513,0.262,3.7,2.2,4.84,130,569,516,72,137,23,3,18,78,9,2,45,89,10,3,0,5,7,0.266,0.325,0.426,0.751,111,0.326,108,220,"98D3/7",0,16900,323761,266256,5184,18769,529,9,324,6084,81,4,2025,7921,100,9,0,25,49,0.070756,0.105625,0.181476,0.564001,12321,0.106276,11664,48400,0
"Cody Bellinger","NH","2025","NYY","New York Yankees",30.1,2,518,80000000,26666666.6666667,0,3,"2024","2026",2,1,0,0,162,94,68,0,1,26,0,0,2,849,5471,1371,274,685,0.57,0.265,3.66,5.1,26.01,152,656,588,89,160,25,5,29,98,13,2,57,90,8,2,0,9,1,0.272,0.334,0.48,0.813,124,0.349,123,282,"798/3H",0,23104,430336,345744,7921,25600,625,25,841,9604,169,4,3249,8100,64,4,0,81,1,0.073984,0.111556,0.2304,0.660969,15376,0.121801,15129,79524,0
"Cody Ross",NA,"2012","BOS","Boston Red Sox",31.6,6.058,519,3000000,3000000,1,1,"2012","2012",0,0,0,0,162,69,93,0,0,-24,0,0,0,734,5604,1459,165,806,0.517,0.267,3.9,2.2,4.84,130,528,476,70,127,34,1,22,81,2,3,42,129,11,3,1,6,3,0.267,0.326,0.481,0.807,115,0.353,118,229,"97D/8H",0,16900,278784,226576,4900,16129,1156,1,484,6561,4,9,1764,16641,121,9,1,36,9,0.071289,0.106276,0.231361,0.651249,13225,0.124609,13924,52441,0
"Cody Ross",NA,"2013","ARI","Arizona Diamondbacks",32.6,7.058,520,26000000,8666666.66666667,1,3,"2013","2015",0,0,0,0,162,81,81,0,0,0,0,0,0,685,5676,1468,130,695,0.498,0.258,4.23,2.3,5.29,94,351,317,33,88,17,1,8,38,3,2,25,50,10,3,1,5,1,0.278,0.331,0.413,0.745,104,0.328,100,131,"79H",0,8836,123201,100489,1089,7744,289,1,64,1444,9,4,625,2500,100,9,1,25,1,0.077284,0.109561,0.170569,0.555025,10816,0.107584,10000,17161,0
"Cody Ross",NA,"2014","ARI","Arizona Diamondbacks",33.6,8.058,520,26000000,8666666.66666667,1,3,"2013","2015",0,0,0,0,162,64,98,0,0,-34,0,0,0,615,5552,1379,118,742,0.492,0.258,4.23,-1,1,83,219,202,15,51,8,0,2,15,0,0,15,44,3,1,0,1,0,0.252,0.306,0.322,0.628,75,0.29,73,65,"7H9",0,6889,47961,40804,225,2601,64,0,4,225,0,0,225,1936,9,1,0,1,0,0.063504,0.093636,0.103684,0.394384,5625,0.0841,5329,4225,0
"Cody Ross",NA,"2015","OAK","Oakland Athletics",34.6,9.058,520,26000000,8666666.66666667,1,3,"2013","2015",0,0,0,0,162,68,94,0,0,-26,0,0,0,694,5600,1405,146,729,0.487,0.259,3.97,-0.5,0.25,9,25,22,3,2,0,0,0,3,0,0,3,6,0,0,0,0,0,0.091,0.2,0.091,0.291,-14,0.154,-22,2,"/97HD",0,81,625,484,9,4,0,0,0,9,0,0,9,36,0,0,0,0,0,0.008281,0.04,0.008281,0.084681,196,0.023716,484,4,0
"Colby Lewis","NH","2014","TEX","Texas Rangers",35,0,521,2000000,2000000,0,1,"2014","2014",0,0,0,0,162,67,95,0,0,-28,0,0,0,637,5460,1400,111,773,0.476,0.26,4.24,0.1,0.01,2,5,5,0,2,0,0,0,1,0,0,0,2,0,0,0,0,0,0.4,0.4,0.4,0.8,125,0.363,128,2,"1",0,4,25,25,0,4,0,0,0,1,0,0,0,4,0,0,0,0,0,0.16,0.16,0.16,0.64,15625,0.131769,16384,4,0
"Colby Lewis","NH","2015","TEX","Texas Rangers",36,1,522,4000000,4000000,0,1,"2015","2015",0,0,0,0,162,88,74,1,1,14,0,0,0,751,5511,1419,172,733,0.477,0.26,4.24,0,0,1,2,2,0,0,0,0,0,0,0,0,0,2,0,0,0,0,0,0,0,0,0,-100,0,-145,0,"1",0,1,4,4,0,0,0,0,0,0,0,0,0,4,0,0,0,0,0,0,0,0,0,10000,0,21025,0,0
"Colby Rasmus","NH","2015","HOU","Houston Astros",29,6,524,8000000,8000000,1,1,"2015","2015",0,0,0,0,162,86,76,0,1,10,0,0,2,729,5459,1363,230,618,0.488,0.254,3.82,3,9,137,485,432,67,103,23,2,25,61,2,1,47,154,6,2,1,3,0,0.238,0.314,0.475,0.789,116,0.343,117,205,"789H",0,18769,235225,186624,4489,10609,529,4,625,3721,4,1,2209,23716,36,4,1,9,0,0.056644,0.098596,0.225625,0.622521,13456,0.117649,13689,42025,0
"Colby Rasmus","NH","2016","HOU","Houston Astros",30,7,525,15800000,15800000,0,1,"2016","2016",0,0,0,0,162,84,78,0,0,6,0,0,0,724,5545,1367,198,701,0.489,0.254,3.82,2.6,6.76,107,417,369,38,76,10,0,15,54,4,1,43,121,5,0,1,4,0,0.206,0.286,0.355,0.641,77,0.287,76,131,"789/HD",0,11449,173889,136161,1444,5776,100,0,225,2916,16,1,1849,14641,25,0,1,16,0,0.042436,0.081796,0.126025,0.410881,5929,0.082369,5776,17161,0
"Colby Rasmus","NH","2017","TB","Tampa Bay Rays",31,8,526,5000000,5000000,1,1,"2017","2017",0,0,0,0,162,80,82,0,0,-2,0,0,0,694,5478,1340,228,704,0.463,0.256,4.4,1.2,1.44,37,129,121,17,34,7,1,9,23,1,0,7,45,1,0,0,1,2,0.281,0.318,0.579,0.896,137,0.367,130,70,"7/9HD8",0,1369,16641,14641,289,1156,49,1,81,529,1,0,49,2025,1,0,0,1,4,0.078961,0.101124,0.335241,0.802816,18769,0.134689,16900,4900,0
"Colby Rasmus","NH","2018","BAL","Baltimore Orioles",32,8.103,527,3000000,3000000,1,1,"2018","2018",0,0,0,0,162,47,115,0,0,-68,0,0,2,622,5507,1317,188,892,0.475,0.259,4.02,-0.2,0.04,18,49,45,5,6,1,0,1,1,0,0,3,19,0,1,0,0,0,0.133,0.204,0.222,0.426,18,0.194,9,10,"9/H7D8",0,324,2401,2025,25,36,1,0,1,1,0,0,9,361,0,1,0,0,0,0.017689,0.041616,0.049284,0.181476,324,0.037636,81,100,0
"Colin Rea","NH","2025","CHC","Chicago Cubs",35.1,1,532,5000000,5000000,1,1,"2025","2025",0,0,0,0,162,92,70,0,1,22,0,0,0,793,5495,1371,223,649,0.513,0.262,3.7,0,0,1,1,1,0,0,0,0,0,0,0,0,0,1,0,0,0,0,0,0,0,0,0,-100,0,-108,0,"1",0,1,1,1,0,0,0,0,0,0,0,0,0,1,0,0,0,0,0,0,0,0,0,10000,0,11664,0,0
"Collin Mchugh","NH","2021","TB","Tampa Bay Rays",34.2,1,534,1800000,1800000,1,1,"2021","2021",0,0,0,0,162,100,62,1,1,38,0,0,0,857,5507,1336,222,651,0.483,0.255,4.29,0,0,3,0,0,0,0,0,0,0,0,0,0,0,0,0,0,0,0,0,0,0,0,0,0,0,0,0,"1",0,9,0,0,0,0,0,0,0,0,0,0,0,0,0,0,0,0,0,0,0,0,0,0,0,0,0,0
"Corban Joseph","NH","2018","BAL","Baltimore Orioles",29.8,0.027,537,694114.573020403,694114.573020403,1,1,"2018","2018",0,0,0,0,162,47,115,0,0,-68,0,0,2,622,5507,1317,188,892,0.475,0.259,4.02,-0.2,0.04,14,19,18,1,4,1,0,0,3,0,0,1,5,0,0,0,0,0,0.222,0.263,0.278,0.541,50,0.238,40,5,"/H34D",0,196,361,324,1,16,1,0,0,9,0,0,1,25,0,0,0,0,0,0.049284,0.069169,0.077284,0.292681,2500,0.056644,1600,25,0
"Corban Joseph","NH","2019","OAK","Oakland Athletics",30.8,0.066,538,691688.341292727,691688.341292727,1,1,"2019","2019",0,0,0,0,162,97,65,0,1,32,0,0,1,845,5561,1384,257,680,0.489,0.259,3.98,-0.6,0.36,28,68,64,5,10,3,0,1,7,0,0,3,12,2,0,0,1,0,0.156,0.191,0.25,0.441,18,0.204,15,16,"4H/59D",0,784,4624,4096,25,100,9,0,1,49,0,0,9,144,4,0,0,1,0,0.024336,0.036481,0.0625,0.194481,324,0.041616,225,256,0
"Corey Dickerson","NH","2020","MIA","Miami Marlins",31.2,6.101,539,17500000,8750000,1,2,"2020","2021",0,0,0,0,60,31,29,0,1,2,0,0,0,263,1935,472,60,304,0.463,0.257,4.31,0.2,0.04,52,210,194,25,50,5,1,7,17,1,1,15,35,5,0,0,0,1,0.258,0.311,0.402,0.713,91,0.321,95,78,"7/D9H",0,2704,44100,37636,625,2500,25,1,49,289,1,1,225,1225,25,0,0,0,1,0.066564,0.096721,0.161604,0.508369,8281,0.103041,9025,6084,0
"Corey Dickerson","NH","2021","MIA","Miami Marlins",32.2,7.101,539,17500000,8750000,1,2,"2020","2021",0,0,0,0,162,67,95,0,0,-28,0,0,0,623,5348,1244,158,701,0.461,0.256,4.3,0.3,0.09,109,365,336,43,91,18,5,6,29,6,5,25,68,8,3,0,1,1,0.271,0.326,0.408,0.734,98,0.312,92,137,"7H8/D9",0,11881,133225,112896,1849,8281,324,25,36,841,36,25,625,4624,64,9,0,1,1,0.073441,0.106276,0.166464,0.538756,9604,0.097344,8464,18769,0
"Corey Dickerson","NH","2022","STL","St Louis Cardinals",33.2,8.101,540,5000000,5000000,1,1,"2022","2022",0,0,0,0,162,93,69,1,1,24,0,0,2,772,5496,1386,197,637,0.521,0.266,3.68,-0.2,0.04,96,297,281,28,75,17,1,6,36,0,0,12,48,4,2,0,2,1,0.267,0.3,0.399,0.698,98,0.305,95,112,"7DH9/1",0,9216,88209,78961,784,5625,289,1,36,1296,0,0,144,2304,16,4,0,4,1,0.071289,0.09,0.159201,0.487204,9604,0.093025,9025,12544,0
"Corey Dickerson","NH","2023","WSH","Washington Nationals",34.2,9.101,541,2250000,2250000,1,1,"2023","2023",0,0,0,0,162,71,91,0,0,-20,0,0,0,700,5522,1401,151,845,0.484,0.254,3.9,-0.6,0.36,50,152,144,12,36,7,1,2,17,0,1,7,28,3,0,0,1,0,0.25,0.283,0.354,0.637,76,0.279,75,51,"7/HD9",0,2500,23104,20736,144,1296,49,1,4,289,0,1,49,784,9,0,0,1,0,0.0625,0.080089,0.125316,0.405769,5776,0.077841,5625,2601,0
"Corey Hart","NH","2014","SEA","Seattle Mariners",32.4,0.038,542,6000000,6000000,1,1,"2014","2014",0,0,0,0,162,87,75,0,0,12,0,0,0,634,5450,1328,136,554,0.468,0.261,4.33,-0.5,0.25,68,255,232,17,47,9,0,6,21,2,0,16,59,1,6,0,1,1,0.203,0.271,0.319,0.59,71,0.278,72,74,"D/9H37",0,4624,65025,53824,289,2209,81,0,36,441,4,0,256,3481,1,36,0,1,1,0.041209,0.073441,0.101761,0.3481,5041,0.077284,5184,5476,0
"Corey Hart","NH","2015","PIT","Pittsburgh Pirates",33.4,1.038,543,2500000,2500000,1,1,"2015","2015",0,0,0,0,162,98,64,0,1,34,0,0,0,697,5631,1462,140,596,0.504,0.265,3.71,-0.5,0.25,35,57,54,3,12,1,0,2,9,0,0,1,19,5,1,0,1,1,0.222,0.246,0.352,0.597,62,0.251,43,19,"H/39D",0,1225,3249,2916,9,144,1,0,4,81,0,0,1,361,25,1,0,1,1,0.049284,0.060516,0.123904,0.356409,3844,0.063001,1849,361,0
"Corey Kluber","NH","2021","NYY","New York Yankees",35.3,8.074,544,11000000,11000000,1,1,"2021","2021",0,0,0,0,162,92,70,0,1,22,0,0,0,711,5331,1266,222,669,0.57,0.266,3.65,0,0,1,2,2,0,0,0,0,0,0,0,0,0,1,0,0,0,0,0,0,0,0,0,-100,0,-125,0,"1",0,1,4,4,0,0,0,0,0,0,0,0,0,1,0,0,0,0,0,0,0,0,0,10000,0,15625,0,0
"Cory Gearrin","NH","2015","SF","San Francisco Giants",29.3,0,547,687225.311355765,687225.311355765,1,1,"2015","2015",0,0,0,0,162,84,78,0,0,6,0,0,1,696,5565,1486,136,627,0.538,0.264,3.56,0,0,6,0,0,0,0,0,0,0,0,0,0,0,0,0,0,0,0,0,0,0,0,0,0,0,0,0,"/1",0,36,0,0,0,0,0,0,0,0,0,0,0,0,0,0,0,0,0,0,0,0,0,0,0,0,0,0
"Cory Gearrin","NH","2017","SF","San Francisco Giants",31.3,1,548,1365900.64599534,1365900.64599534,0,1,"2017","2017",0,0,0,0,168,64,98,0,0,-34,0,0,0,639,5551,1382,128,776,0.537,0.264,3.56,0,0,66,2,2,0,0,0,0,0,0,0,0,0,2,0,0,0,0,0,0,0,0,0,-100,0,-138,0,"1",0,4356,4,4,0,0,0,0,0,0,0,0,0,4,0,0,0,0,0,0,0,0,0,10000,0,19044,0,0
"Cory Gearrin","NH","2018","SF","San Francisco Giants",32.3,2,549,2133287.90790674,2133287.90790674,1,1,"2018","2018",0,0,0,0,162,73,89,0,0,-16,0,0,0,603,5541,1324,133,699,0.536,0.264,3.57,0,0,35,0,0,0,0,0,0,0,0,0,0,0,0,0,0,0,0,0,0,0,0,0,0,0,0,0,"1",0,1225,0,0,0,0,0,0,0,0,0,0,0,0,0,0,0,0,0,0,0,0,0,0,0,0,0,0
"Cory Gearrin","NH","2019","SEA","Seattle Mariners",33.3,3,550,1400000,1400000,1,1,"2019","2019",0,0,0,0,162,68,94,0,0,-26,0,0,1,758,5500,1305,239,893,0.471,0.26,4.33,0,0,3,0,0,0,0,0,0,0,0,0,0,0,0,0,0,0,0,0,0,0,0,0,0,0,0,0,"1",0,9,0,0,0,0,0,0,0,0,0,0,0,0,0,0,0,0,0,0,0,0,0,0,0,0,0,0
"Craig Breslow","NH","2015","BOS","Boston Red Sox",35,7.088,552,2000000,2000000,0,1,"2015","2015",0,0,0,0,162,78,84,0,0,-6,0,0,2,748,5640,1495,161,753,0.516,0.267,3.9,0,0,4,0,0,0,0,0,0,0,0,0,0,0,0,0,0,0,0,0,0,0,0,0,0,0,0,0,"1",0,16,0,0,0,0,0,0,0,0,0,0,0,0,0,0,0,0,0,0,0,0,0,0,0,0,0,0
"Craig Breslow","NH","2016","MIA","Miami Marlins",36,8.088,553,1500000,1500000,1,1,"2016","2016",0,0,0,0,161,79,82,0,0,-3,0,0,1,655,5547,1460,128,682,0.469,0.258,4.25,0,0,15,0,0,0,0,0,0,0,0,0,0,0,0,0,0,0,0,0,0,0,0,0,0,0,0,0,"1",0,225,0,0,0,0,0,0,0,0,0,0,0,0,0,0,0,0,0,0,0,0,0,0,0,0,0,0
"Craig Gentry","NH","2016","LAA","Los Angeles Angels",32.7,0,555,1000000,1000000,1,1,"2016","2016",0,0,0,0,162,74,88,0,0,-14,0,0,0,717,5431,1410,156,727,0.501,0.258,3.94,-0.4,0.16,14,39,34,2,5,1,0,0,2,0,0,3,6,2,1,1,0,0,0.147,0.237,0.176,0.413,18,0.195,6,6,"7/H8D",0,196,1521,1156,4,25,1,0,0,4,0,0,9,36,4,1,1,0,0,0.021609,0.056169,0.030976,0.170569,324,0.038025,36,36,0
"Craig Gentry","NH","2017","BAL","Baltimore Orioles",33.7,1,556,695958.90057858,695958.90057858,1,1,"2017","2017",0,0,0,0,162,75,87,0,0,-12,0,0,1,743,5650,1469,232,841,0.477,0.259,4.01,0.2,0.04,77,117,101,17,26,5,1,2,11,5,4,11,24,1,1,3,1,0,0.257,0.333,0.386,0.719,95,0.306,91,39,"97H/8D",0,5929,13689,10201,289,676,25,1,4,121,25,16,121,576,1,1,9,1,0,0.066049,0.110889,0.148996,0.516961,9025,0.093636,8281,1521,0
"Craig Gentry","NH","2018","BAL","Baltimore Orioles",34.7,2,557,900000,900000,0,1,"2018","2018",0,0,0,0,162,47,115,0,0,-68,0,0,2,622,5507,1317,188,892,0.475,0.259,4.02,1.1,1.21,68,169,156,13,42,5,2,1,11,12,3,11,31,2,1,1,0,0,0.269,0.321,0.346,0.668,85,0.306,84,54,"798H",0,4624,28561,24336,169,1764,25,4,1,121,144,9,121,961,4,1,1,0,0,0.072361,0.103041,0.119716,0.446224,7225,0.093636,7056,2916,0
"Craig Kimbrel","NH","2019","CHC","Chicago Cubs",31.2,0,558,43000000,14333333.3333333,1,3,"2019","2021",0,0,0,0,162,84,78,0,0,6,0,0,1,814,5461,1378,256,717,0.514,0.263,3.68,0,0,22,0,0,0,0,0,0,0,0,0,0,0,0,0,0,0,0,0,0,0,0,0,0,0,0,0,"1",0,484,0,0,0,0,0,0,0,0,0,0,0,0,0,0,0,0,0,0,0,0,0,0,0,0,0,0
"Craig Kimbrel","NH","2020","CHC","Chicago Cubs",32.2,1,558,43000000,14333333.3333333,1,3,"2019","2021",0,0,0,0,60,34,26,1,1,8,0,0,0,265,1918,422,74,240,0.514,0.262,3.68,0,0,3,0,0,0,0,0,0,0,0,0,0,0,0,0,0,0,0,0,0,0,0,0,0,0,0,0,"1",0,9,0,0,0,0,0,0,0,0,0,0,0,0,0,0,0,0,0,0,0,0,0,0,0,0,0,0
"Craig Kimbrel","NH","2021","CHC","Chicago Cubs",33.2,2,558,43000000,14333333.3333333,1,3,"2019","2021",1,0,0,0,162,71,91,0,0,-20,0,0,0,705,5306,1255,210,839,0.513,0.262,3.69,0,0,39,1,1,0,0,0,0,0,0,0,0,0,1,0,0,0,0,0,0,0,0,0,-100,0,-125,0,"1",0,1521,1,1,0,0,0,0,0,0,0,0,0,1,0,0,0,0,0,0,0,0,0,10000,0,15625,0,0
"Craig Kimbrel","NH","2024","BAL","Baltimore Orioles",36.2,4,560,13000000,13000000,1,1,"2024","2024",0,0,0,0,162,91,71,0,1,20,0,0,0,786,5567,1391,235,699,0.475,0.258,4.05,0,0,1,0,0,0,0,0,0,0,0,0,0,0,0,0,0,0,0,0,0,0,0,0,0,0,0,0,"1",0,1,0,0,0,0,0,0,0,0,0,0,0,0,0,0,0,0,0,0,0,0,0,0,0,0,0,0
"Craig Stammen","NH","2017","SD","San Diego Padres",33.4,1,563,900000,900000,1,1,"2017","2017",0,0,0,0,162,71,91,0,0,-20,0,0,0,604,5356,1251,189,816,0.462,0.25,3.95,0.3,0.09,57,8,6,2,3,1,0,0,0,0,0,2,2,0,0,0,0,0,0.5,0.625,0.667,1.292,247,0.541,253,4,"1",0,3249,64,36,4,9,1,0,0,0,0,0,4,4,0,0,0,0,0,0.25,0.390625,0.444889,1.669264,61009,0.292681,64009,16,0
"Craig Stammen","NH","2018","SD","San Diego Padres",34.4,2,564,4500000,2250000,0,2,"2018","2019",0,0,0,0,162,66,96,0,0,-30,0,0,1,617,5486,1289,162,767,0.461,0.25,3.96,0,0,68,0,0,0,0,0,0,0,0,0,0,0,0,0,0,0,0,0,0,0,0,0,0,0,0,0,"1",0,4624,0,0,0,0,0,0,0,0,0,0,0,0,0,0,0,0,0,0,0,0,0,0,0,0,0,0
"Craig Stammen","NH","2019","SD","San Diego Padres",35.4,3,564,4500000,2250000,0,2,"2018","2019",0,0,0,0,162,70,92,0,0,-22,0,0,0,682,5391,1281,219,789,0.461,0.249,3.97,0,0,72,1,1,0,0,0,0,0,0,0,0,0,1,0,0,0,0,0,0,0,0,0,-100,0,-133,0,"1",0,5184,1,1,0,0,0,0,0,0,0,0,0,1,0,0,0,0,0,0,0,0,0,10000,0,17689,0,0
"Craig Stammen","NH","2019","SD","San Diego Padres",35.4,4,565,5608283.84831941,2804141.9241597,0,2,"2019","2020",0,0,0,0,162,70,92,0,0,-22,0,0,0,682,5391,1281,219,789,0.461,0.249,3.97,0,0,72,1,1,0,0,0,0,0,0,0,0,0,1,0,0,0,0,0,0,0,0,0,-100,0,-133,0,"1",0,5184,1,1,0,0,0,0,0,0,0,0,0,1,0,0,0,0,0,0,0,0,0,10000,0,17689,0,0
"Craig Stammen","NH","2021","SD","San Diego Padres",37.4,7,566,9000000,4500000,0,2,"2020","2021",0,0,0,0,162,79,83,0,0,-4,0,0,0,729,5384,1305,180,708,0.462,0.249,3.97,0,0,64,7,5,0,1,0,0,0,0,0,0,0,3,0,0,2,0,0,0.2,0.2,0.2,0.4,13,0.18,-36,1,"1",0,4096,49,25,0,1,0,0,0,0,0,0,0,9,0,0,4,0,0,0.04,0.04,0.04,0.16,169,0.0324,1296,1,0
"Craig Stammen","NH","2021","SD","San Diego Padres",37.4,8,567,10648406.7014121,5324203.35070603,0,2,"2021","2022",0,0,0,0,162,79,83,0,0,-4,0,0,0,729,5384,1305,180,708,0.462,0.249,3.97,0,0,64,7,5,0,1,0,0,0,0,0,0,0,3,0,0,2,0,0,0.2,0.2,0.2,0.4,13,0.18,-36,1,"1",0,4096,49,25,0,1,0,0,0,0,0,0,0,9,0,0,4,0,0,0.04,0.04,0.04,0.16,169,0.0324,1296,1,0
"Curt Casali","NH","2021","SF","San Francisco Giants",32.8,0,569,1500000,1500000,1,1,"2021","2021",0,0,0,0,162,107,55,1,1,52,0,0,0,804,5462,1360,241,594,0.536,0.264,3.57,0.6,0.36,77,231,200,20,42,11,1,5,26,0,0,26,66,3,4,1,0,4,0.21,0.313,0.35,0.663,81,0.299,80,70,"2H/3",0,5929,53361,40000,400,1764,121,1,25,676,0,0,676,4356,9,16,1,0,16,0.0441,0.097969,0.1225,0.439569,6561,0.089401,6400,4900,0
"Curt Casali","NH","2023","CIN","Cincinnati Reds",34.8,1,570,3250000,3250000,1,1,"2023","2023",0,0,0,0,162,82,80,0,0,2,0,0,1,783,5499,1371,198,821,0.504,0.261,3.77,0.1,0.01,40,96,80,8,14,2,0,0,6,0,0,11,23,1,2,3,0,0,0.175,0.29,0.2,0.49,35,0.249,39,16,"2/35",0,1600,9216,6400,64,196,4,0,0,36,0,0,121,529,1,4,9,0,0,0.030625,0.0841,0.04,0.2401,1225,0.062001,1521,256,0
"Curt Casali","NH","2024","SF","San Francisco Giants",35.8,2,571,1000000,1000000,1,1,"2024","2024",0,0,0,0,162,80,82,0,0,-2,0,0,0,693,5460,1303,177,699,0.535,0.263,3.58,0.3,0.09,41,125,108,12,21,3,0,1,8,0,0,13,22,3,2,2,0,0,0.194,0.293,0.25,0.543,59,0.27,71,27,"2",0,1681,15625,11664,144,441,9,0,1,64,0,0,169,484,9,4,4,0,0,0.037636,0.085849,0.0625,0.294849,3481,0.0729,5041,729,0
"Curtis Granderson","NH","2014","NYM","New York Mets",33.4,4.077,572,60000000,15000000,1,4,"2014","2017",0,0,0,0,162,79,83,0,0,-4,0,0,2,629,5472,1306,125,618,0.478,0.25,3.76,1.2,1.44,155,654,564,73,128,27,2,20,66,8,2,79,141,1,6,0,5,1,0.227,0.326,0.388,0.714,105,0.324,105,219,"987/H",0,24025,427716,318096,5329,16384,729,4,400,4356,64,4,6241,19881,1,36,0,25,1,0.051529,0.106276,0.150544,0.509796,11025,0.104976,11025,47961,0
"Curtis Granderson","NH","2015","NYM","New York Mets",34.4,5.077,572,60000000,15000000,1,4,"2014","2017",2,1,0,0,162,90,72,1,1,18,1,0,1,683,5527,1351,177,613,0.48,0.25,3.76,5.2,27.04,157,682,580,98,150,33,2,26,70,11,6,91,151,3,7,0,4,3,0.259,0.364,0.457,0.821,127,0.363,129,265,"9H/8D",0,24649,465124,336400,9604,22500,1089,4,676,4900,121,36,8281,22801,9,49,0,16,9,0.067081,0.132496,0.208849,0.674041,16129,0.131769,16641,70225,0
"Curtis Granderson","NH","2016","NYM","New York Mets",35.4,6.077,572,60000000,15000000,1,4,"2014","2017",0,0,0,0,162,87,75,0,1,12,0,0,1,671,5459,1342,218,617,0.481,0.25,3.75,2.9,8.41,150,633,545,88,129,24,5,30,59,4,2,74,130,10,9,0,5,7,0.237,0.335,0.464,0.799,114,0.347,114,253,"98H/7D",0,22500,400689,297025,7744,16641,576,25,900,3481,16,4,5476,16900,100,81,0,25,49,0.056169,0.112225,0.215296,0.638401,12996,0.120409,12996,64009,0
"Curtis Granderson","NH","2017","NYM","New York Mets",36.4,7.077,572,60000000,15000000,1,4,"2014","2017",0,0,0,0,162,70,92,0,0,-22,0,0,0,735,5510,1379,224,863,0.48,0.25,3.78,1.7,2.89,147,527,449,74,95,24,3,26,64,6,2,71,123,5,4,0,3,2,0.212,0.323,0.452,0.775,105,0.341,109,203,"897H/D",0,21609,277729,201601,5476,9025,576,9,676,4096,36,4,5041,15129,25,16,0,9,4,0.044944,0.104329,0.204304,0.600625,11025,0.116281,11881,41209,0
"Curtis Granderson","NH","2018","TOR","Toronto Blue Jays",37.4,8.077,573,5000000,5000000,1,1,"2018","2018",0,0,0,0,162,73,89,0,0,-16,0,0,0,709,5477,1336,217,832,0.496,0.261,4.23,0.8,0.64,123,403,343,60,83,22,2,13,38,2,1,54,106,3,4,1,1,1,0.242,0.351,0.431,0.782,115,0.341,113,148,"97HD/8",0,15129,162409,117649,3600,6889,484,4,169,1444,4,1,2916,11236,9,16,1,1,1,0.058564,0.123201,0.185761,0.611524,13225,0.116281,12769,21904,0
"Curtis Granderson","NH","2019","MIA","Miami Marlins",38.4,9.077,574,1750000,1750000,1,1,"2019","2019",0,0,0,0,162,57,105,0,0,-48,0,0,0,615,5512,1326,146,808,0.462,0.257,4.31,-0.5,0.25,138,363,317,44,58,17,1,12,34,0,3,41,98,3,3,0,2,1,0.183,0.281,0.356,0.637,68,0.29,75,113,"7H/9D",0,19044,131769,100489,1936,3364,289,1,144,1156,0,9,1681,9604,9,9,0,4,1,0.033489,0.078961,0.126736,0.405769,4624,0.0841,5625,12769,0
"Daisuke Matsuzaka","NH","2013","NYM","New York Mets",32.9,0,575,1500000,1500000,1,1,"2013","2013",0,0,0,0,162,74,88,0,0,-14,0,0,0,619,5559,1318,130,684,0.478,0.251,3.77,0,0,6,13,12,0,3,0,0,0,1,0,0,0,5,0,0,1,0,0,0.25,0.25,0.25,0.5,44,0.218,19,3,"/1",0,36,169,144,0,9,0,0,0,1,0,0,0,25,0,0,1,0,0,0.0625,0.0625,0.0625,0.25,1936,0.047524,361,9,0
"Daisuke Matsuzaka","NH","2014","NYM","New York Mets",33.9,1,576,1500000,1500000,0,1,"2014","2014",0,0,0,0,162,79,83,0,0,-4,0,0,2,629,5472,1306,125,618,0.478,0.25,3.76,0.1,0.01,32,17,11,0,2,0,0,0,1,0,0,1,6,0,0,5,0,0,0.182,0.25,0.182,0.432,27,0.2,-21,2,"1",0,1024,289,121,0,4,0,0,0,1,0,0,1,36,0,0,25,0,0,0.033124,0.0625,0.033124,0.186624,729,0.04,441,4,0
"Dallas Keuchel","NH","2019","ATL","Atlanta Braves",31.6,0,577,21210000,21210000,1,1,"2019","2019",0,0,0,0,162,97,65,1,1,32,0,0,0,855,5560,1432,249,743,0.501,0.26,3.66,-0.1,0.01,19,41,38,0,5,1,0,0,2,0,0,1,28,0,0,2,0,0,0.132,0.154,0.158,0.312,-20,0.14,-53,6,"1",0,361,1681,1444,0,25,1,0,0,4,0,0,1,784,0,0,4,0,0,0.017424,0.023716,0.024964,0.097344,400,0.0196,2809,36,0
"Dallas Keuchel","NH","2021","CHW","Chicago White Sox",33.6,2,578,55500000,18500000,1,3,"2020","2022",1,0,0,0,162,93,69,1,1,24,0,0,0,796,5357,1373,190,636,0.503,0.26,3.78,0,0,1,2,2,0,0,0,0,0,0,0,0,0,1,0,0,0,0,0,0,0,0,0,-100,0,-129,0,"1",0,1,4,4,0,0,0,0,0,0,0,0,0,1,0,0,0,0,0,0,0,0,0,10000,0,16641,0,0
"Dan Haren","NH","2013","WSH","Washington Nationals",32.9,0,583,13000000,13000000,1,1,"2013","2013",0,0,0,0,162,86,76,0,0,10,0,0,0,656,5436,1365,161,626,0.48,0.253,3.9,0.2,0.04,29,55,47,2,8,3,0,0,2,0,0,1,17,0,1,6,0,0,0.17,0.204,0.234,0.438,20,0.199,-10,11,"1",0,841,3025,2209,4,64,9,0,0,4,0,0,1,289,0,1,36,0,0,0.0289,0.041616,0.054756,0.191844,400,0.039601,100,121,0
"Dan Haren","NH","2014","LAD","Los Angeles Dodgers",33.9,1,584,10000000,10000000,1,1,"2014","2014",0,0,0,0,160,94,68,1,1,26,0,0,1,718,5560,1476,134,617,0.525,0.262,3.53,0.2,0.04,29,60,54,2,10,1,0,0,5,0,0,3,20,1,0,3,0,0,0.185,0.228,0.204,0.432,25,0.202,9,11,"1",0,841,3600,2916,4,100,1,0,0,25,0,0,9,400,1,0,9,0,0,0.034225,0.051984,0.041616,0.186624,625,0.040804,81,121,0
"Dan Haren","NH","2015","MIA","Miami Marlins",34.9,2,585,1354138.54454338,1354138.54454338,1,1,"2015","2015",0,0,0,0,162,71,91,0,0,-20,0,0,0,613,5463,1420,120,678,0.469,0.258,4.26,0.1,0.01,30,65,49,4,6,1,0,0,5,0,0,5,16,2,0,10,1,0,0.122,0.2,0.143,0.343,-2,0.168,-34,7,"1/H",0,900,4225,2401,16,36,1,0,0,25,0,0,25,256,4,0,100,1,0,0.014884,0.04,0.020449,0.117649,4,0.028224,1156,49,0
"Dan Johnson","NH","2012","CHW","Chicago White Sox",33,0,586,900000,900000,1,1,"2012","2012",0,0,0,0,162,85,77,0,0,8,0,0,0,748,5518,1409,211,676,0.506,0.261,3.75,0.5,0.25,14,31,22,8,8,1,0,3,6,0,0,9,3,0,0,0,0,1,0.364,0.548,0.818,1.367,264,0.548,265,18,"/HD3",0,196,961,484,64,64,1,0,9,36,0,0,81,9,0,0,0,0,1,0.132496,0.300304,0.669124,1.868689,69696,0.300304,70225,324,0
"Dan Johnson","NH","2014","TOR","Toronto Blue Jays",35,1,587,689449.635766739,689449.635766739,1,1,"2014","2014",0,0,0,0,162,83,79,0,0,4,0,0,1,723,5550,1435,177,686,0.495,0.262,4.23,-0.1,0.01,15,48,38,8,8,2,0,1,7,0,0,7,10,1,1,0,2,0,0.211,0.333,0.342,0.675,93,0.304,87,13,"/3DH",0,225,2304,1444,64,64,4,0,1,49,0,0,49,100,1,1,0,4,0,0.044521,0.110889,0.116964,0.455625,8649,0.092416,7569,169,0
"Dan Winkler","NH","2020","CHC","Chicago Cubs",30.5,4.063,590,750000,750000,1,1,"2020","2020",0,0,0,0,60,34,26,1,1,8,0,0,0,265,1918,422,74,240,0.514,0.262,3.68,0,0,3,0,0,0,0,0,0,0,0,0,0,0,0,0,0,0,0,0,0,0,0,0,0,0,0,0,"1",0,9,0,0,0,0,0,0,0,0,0,0,0,0,0,0,0,0,0,0,0,0,0,0,0,0,0,0
"Daniel Bard","NH","2021","COL","Colorado Rockies",35,1,593,3460732.17795892,3460732.17795892,0,1,"2021","2021",0,0,0,0,161,74,87,0,0,-13,0,0,0,739,5374,1338,182,796,0.47,0.273,4.98,0.1,0.01,64,1,1,1,1,0,0,0,0,0,0,0,0,0,0,0,0,0,1,1,1,2,418,0.899,483,1,"1",0,4096,1,1,1,1,0,0,0,0,0,0,0,0,0,0,0,0,0,1,1,1,4,174724,0.808201,233289,1,0
"Daniel Bard","NH","2022","COL","Colorado Rockies",36,2,594,4904261.1966416,4904261.1966416,0,1,"2022","2022",2,1,0,0,162,68,94,0,0,-26,0,0,0,698,5540,1408,149,873,0.469,0.272,4.98,0,0,3,0,0,0,0,0,0,0,0,0,0,0,0,0,0,0,0,0,0,0,0,0,0,0,0,0,"1",0,9,0,0,0,0,0,0,0,0,0,0,0,0,0,0,0,0,0,0,0,0,0,0,0,0,0,0
"Daniel Descalso","NH","2015","COL","Colorado Rockies",28.8,4.016,596,3600000,1800000,1,2,"2015","2016",0,0,0,0,162,68,94,0,0,-26,0,0,0,737,5572,1479,186,844,0.466,0.275,5,-0.4,0.16,101,209,185,22,38,3,2,5,22,1,2,20,45,3,0,4,0,6,0.205,0.283,0.324,0.607,55,0.271,43,60,"H64/359",0,10201,43681,34225,484,1444,9,4,25,484,1,4,400,2025,9,0,16,0,36,0.042025,0.080089,0.104976,0.368449,3025,0.073441,1849,3600,0
"Daniel Descalso","NH","2016","COL","Colorado Rockies",29.8,5.016,596,3600000,1800000,1,2,"2015","2016",0,0,0,0,162,75,87,0,0,-12,0,0,0,845,5614,1544,204,860,0.466,0.275,4.99,0.5,0.25,99,289,250,38,66,12,2,8,38,3,0,34,56,2,1,0,4,3,0.264,0.349,0.424,0.773,93,0.343,91,106,"6H34/75D",0,9801,83521,62500,1444,4356,144,4,64,1444,9,0,1156,3136,4,1,0,16,9,0.069696,0.121801,0.179776,0.597529,8649,0.117649,8281,11236,0
"Daniel Descalso","NH","2017","ARI","Arizona Diamondbacks",30.8,6.016,597,1500000,1500000,1,1,"2017","2017",0,0,0,0,162,93,69,0,1,24,0,0,0,812,5525,1405,220,659,0.493,0.258,4.23,-0.3,0.09,130,398,344,47,80,16,5,10,51,4,0,48,89,6,4,0,2,0,0.233,0.332,0.395,0.727,84,0.324,82,136,"47H35/16D",0,16900,158404,118336,2209,6400,256,25,100,2601,16,0,2304,7921,36,16,0,4,0,0.054289,0.110224,0.156025,0.528529,7056,0.104976,6724,18496,0
"Daniel Descalso","NH","2019","CHC","Chicago Cubs",32.8,8.016,598,5000000,2500000,1,2,"2019","2020",0,0,0,0,162,84,78,0,0,6,0,0,1,814,5461,1378,256,717,0.514,0.263,3.68,-0.9,0.81,82,194,168,20,29,5,1,2,15,2,1,23,57,3,0,1,1,0,0.173,0.271,0.25,0.521,38,0.243,33,42,"4H/5D13",0,6724,37636,28224,400,841,25,1,4,225,4,1,529,3249,9,0,1,1,0,0.029929,0.073441,0.0625,0.271441,1444,0.059049,1089,1764,0
"Daniel Hudson","NH","2014","ARI","Arizona Diamondbacks",27.4,0,599,700000,700000,0,1,"2014","2014",0,0,0,0,162,64,98,0,0,-34,0,0,0,615,5552,1379,118,742,0.492,0.258,4.23,0,0,3,0,0,0,0,0,0,0,0,0,0,0,0,0,0,0,0,0,0,0,0,0,0,0,0,0,"/1",0,9,0,0,0,0,0,0,0,0,0,0,0,0,0,0,0,0,0,0,0,0,0,0,0,0,0,0
"Daniel Hudson","NH","2016","ARI","Arizona Diamondbacks",29.4,1,600,3577100.34652386,3577100.34652386,0,1,"2016","2016",0,0,0,0,162,69,93,0,0,-24,0,0,0,752,5665,1479,190,890,0.488,0.258,4.27,0,0,65,0,0,0,0,0,0,0,0,0,0,0,0,0,0,0,0,0,0,0,0,0,0,0,0,0,"1",0,4225,0,0,0,0,0,0,0,0,0,0,0,0,0,0,0,0,0,0,0,0,0,0,0,0,0,0
"Daniel Hudson","NH","2017","PIT","Pittsburgh Pirates",30.4,2,601,11000000,5500000,1,2,"2017","2018",0,0,0,0,165,75,87,0,0,-12,0,0,0,668,5458,1331,151,731,0.504,0.264,3.72,0,0,65,0,0,0,0,0,0,0,0,0,0,0,0,0,0,0,0,0,0,0,0,0,0,0,0,0,"1",0,4225,0,0,0,0,0,0,0,0,0,0,0,0,0,0,0,0,0,0,0,0,0,0,0,0,0,0
"Daniel Hudson","NH","2018","LAD","Los Angeles Dodgers",31.4,3,601,11000000,5500000,1,2,"2017","2018",0,0,0,0,163,92,71,1,1,21,1,0,1,804,5572,1394,235,610,0.527,0.262,3.53,0,0,37,2,2,0,0,0,0,0,0,0,0,0,1,0,0,0,0,0,0,0,0,0,-100,0,-141,0,"1",0,1369,4,4,0,0,0,0,0,0,0,0,0,1,0,0,0,0,0,0,0,0,0,10000,0,19881,0,0
"Daniel Hudson","NH","2018","LAD","Los Angeles Dodgers",31.4,4,602,545000,545000,1,1,"2018","2018",0,0,0,0,163,92,71,1,1,21,1,0,1,804,5572,1394,235,610,0.527,0.262,3.53,0,0,37,2,2,0,0,0,0,0,0,0,0,0,1,0,0,0,0,0,0,0,0,0,-100,0,-141,0,"1",0,1369,4,4,0,0,0,0,0,0,0,0,0,1,0,0,0,0,0,0,0,0,0,10000,0,19881,0,0
"Daniel Hudson","NH","2019","WSH","Washington Nationals",32.4,5,603,1500000,1500000,1,1,"2019","2019",0,0,0,0,162,93,69,0,1,24,1,1,1,873,5512,1460,231,724,0.489,0.254,3.88,0,0,25,0,0,0,0,0,0,0,0,0,0,0,0,0,0,0,0,0,0,0,0,0,0,0,0,0,"1",0,625,0,0,0,0,0,0,0,0,0,0,0,0,0,0,0,0,0,0,0,0,0,0,0,0,0,0
"Daniel Hudson","NH","2021","WSH","Washington Nationals",34.4,7,604,11000000,5500000,0,2,"2020","2021",0,0,0,0,162,65,97,0,0,-32,0,0,0,724,5385,1388,182,820,0.487,0.254,3.9,0,0,48,0,0,0,0,0,0,0,0,0,0,0,0,0,0,0,0,0,0,0,0,0,0,0,0,0,"1",0,2304,0,0,0,0,0,0,0,0,0,0,0,0,0,0,0,0,0,0,0,0,0,0,0,0,0,0
"Daniel Hudson","NH","2021","WSH","Washington Nationals",34.4,8,605,13014719.3017258,6507359.65086292,1,2,"2021","2022",0,0,0,0,162,65,97,0,0,-32,0,0,0,724,5385,1388,182,820,0.487,0.254,3.9,0,0,48,0,0,0,0,0,0,0,0,0,0,0,0,0,0,0,0,0,0,0,0,0,0,0,0,0,"1",0,2304,0,0,0,0,0,0,0,0,0,0,0,0,0,0,0,0,0,0,0,0,0,0,0,0,0,0
"Daniel Murphy","NH","2016","WSH","Washington Nationals",31.3,0,609,37500000,12500000,1,3,"2016","2018",2,1,0,1,162,95,67,1,1,28,0,0,0,763,5490,1403,203,612,0.485,0.253,3.86,4.7,22.09,142,582,531,88,184,47,5,25,104,5,3,35,57,4,8,0,8,10,0.347,0.39,0.595,0.985,155,0.411,154,316,"43/H5D",0,20164,338724,281961,7744,33856,2209,25,625,10816,25,9,1225,3249,16,64,0,64,100,0.120409,0.1521,0.354025,0.970225,24025,0.168921,23716,99856,0
"Daniel Murphy","NH","2017","WSH","Washington Nationals",32.3,1,609,37500000,12500000,1,3,"2016","2018",2,1,0,1,162,97,65,1,1,32,0,0,2,819,5553,1477,215,672,0.487,0.254,3.87,3.2,10.24,144,593,534,94,172,43,3,23,93,2,0,52,77,16,4,0,3,14,0.322,0.384,0.543,0.928,136,0.39,135,290,"4/H",0,20736,351649,285156,8836,29584,1849,9,529,8649,4,0,2704,5929,256,16,0,9,196,0.103684,0.147456,0.294849,0.861184,18496,0.1521,18225,84100,0
"Daniel Murphy","NH","2018","WSH","Washington Nationals",33.3,2,609,37500000,12500000,1,3,"2016","2018",0,0,0,0,162,82,80,0,0,2,0,0,1,771,5517,1402,191,682,0.488,0.254,3.87,0,0,91,351,328,40,98,15,0,12,42,3,0,20,40,5,0,0,3,2,0.299,0.336,0.454,0.79,107,0.346,105,149,"43/HD",0,8281,123201,107584,1600,9604,225,0,144,1764,9,0,400,1600,25,0,0,9,4,0.089401,0.112896,0.206116,0.6241,11449,0.119716,11025,22201,0
"Daniel Murphy","NH","2019","COL","Colorado Rockies",34.3,3,610,24000000,12000000,1,2,"2019","2020",0,0,0,0,162,71,91,0,0,-20,0,0,0,835,5660,1502,224,958,0.471,0.274,4.97,0.7,0.49,132,478,438,56,122,35,1,13,78,1,1,32,74,10,2,0,4,1,0.279,0.328,0.452,0.78,89,0.337,88,198,"3H/D4",0,17424,228484,191844,3136,14884,1225,1,169,6084,1,1,1024,5476,100,4,0,16,1,0.077841,0.107584,0.204304,0.6084,7921,0.113569,7744,39204,0
"Daniel Murphy","NH","2020","COL","Colorado Rockies",35.3,4,610,24000000,12000000,1,2,"2019","2020",0,0,0,0,60,26,34,0,0,-8,0,0,1,275,2057,528,63,353,0.471,0.274,4.98,-0.9,0.81,40,132,123,10,29,3,0,3,16,0,0,7,21,3,0,0,1,2,0.236,0.275,0.333,0.608,55,0.261,38,41,"3/HD",0,1600,17424,15129,100,841,9,0,9,256,0,0,49,441,9,0,0,1,4,0.055696,0.075625,0.110889,0.369664,3025,0.068121,1444,1681,0
"Daniel Murphy","NH","2020","COL","Colorado Rockies",35.3,5,611,29410048.0774619,14705024.0387309,0,2,"2020","2021",0,0,0,0,60,26,34,0,0,-8,0,0,1,275,2057,528,63,353,0.471,0.274,4.98,-0.9,0.81,40,132,123,10,29,3,0,3,16,0,0,7,21,3,0,0,1,2,0.236,0.275,0.333,0.608,55,0.261,38,41,"3/HD",0,1600,17424,15129,100,841,9,0,9,256,0,0,49,441,9,0,0,1,4,0.055696,0.075625,0.110889,0.369664,3025,0.068121,1444,1681,0
"Danny Coulombe","NH","2023","BAL","Baltimore Orioles",33.8,1,613,1000000,1000000,0,1,"2023","2023",0,0,0,0,162,101,61,1,1,40,0,0,0,807,5495,1399,183,678,0.474,0.258,4.05,0,0,2,0,0,0,0,0,0,0,0,0,0,0,0,0,0,0,0,0,0,0,0,0,0,0,0,0,"1",0,4,0,0,0,0,0,0,0,0,0,0,0,0,0,0,0,0,0,0,0,0,0,0,0,0,0,0
"Danny Coulombe","NH","2024","BAL","Baltimore Orioles",34.8,2,614,2365275.89244568,2365275.89244568,1,1,"2024","2024",0,0,0,0,162,91,71,0,1,20,0,0,0,786,5567,1391,235,699,0.475,0.258,4.05,0,0,1,0,0,0,0,0,0,0,0,0,0,0,0,0,0,0,0,0,0,0,0,0,0,0,0,0,"1",0,1,0,0,0,0,0,0,0,0,0,0,0,0,0,0,0,0,0,0,0,0,0,0,0,0,0,0
"Danny Hultzen","NH","2019","CHC","Chicago Cubs",29.7,1,617,691688.341292727,691688.341292727,0,1,"2019","2019",0,0,0,0,162,84,78,0,0,6,0,0,1,814,5461,1378,256,717,0.514,0.263,3.68,0,0,6,0,0,0,0,0,0,0,0,0,0,0,0,0,0,0,0,0,0,0,0,0,0,0,0,0,"/1",0,36,0,0,0,0,0,0,0,0,0,0,0,0,0,0,0,0,0,0,0,0,0,0,0,0,0,0
"Darin Ruf","NH","2020","SF","San Francisco Giants",34,2.138,620,980334.935915396,980334.935915396,1,1,"2020","2020",0,0,0,0,60,29,31,0,0,-2,0,0,0,299,2019,532,81,297,0.535,0.264,3.58,0.8,0.64,40,100,87,11,24,6,0,5,18,1,0,13,23,1,0,0,0,0,0.276,0.37,0.517,0.887,142,0.4,153,45,"7H/D39",0,1600,10000,7569,121,576,36,0,25,324,1,0,169,529,1,0,0,0,0,0.076176,0.1369,0.267289,0.786769,20164,0.16,23409,2025,0
"Darin Ruf","NH","2023","MIL","Milwaukee Brewers",37,5.138,621,720000,720000,1,1,"2023","2023",0,0,0,0,162,92,70,1,1,22,0,0,0,728,5386,1290,165,647,0.486,0.256,4.15,-0.2,0.04,20,57,49,3,11,3,0,0,3,0,0,8,16,0,0,0,0,0,0.224,0.333,0.286,0.619,74,0.287,76,14,"D/H3",0,400,3249,2401,9,121,9,0,0,9,0,0,64,256,0,0,0,0,0,0.050176,0.110889,0.081796,0.383161,5476,0.082369,5776,196,0
"Darren Oday","NH","2017","BAL","Baltimore Orioles",34.8,1,622,31000000,7750000,0,4,"2016","2019",0,0,0,0,162,75,87,0,0,-12,0,0,1,743,5650,1469,232,841,0.477,0.259,4.01,0,0,2,0,0,0,0,0,0,0,0,0,0,0,0,0,0,0,0,0,0,0,0,0,0,0,0,0,"1",0,4,0,0,0,0,0,0,0,0,0,0,0,0,0,0,0,0,0,0,0,0,0,0,0,0,0,0
"Darren Oday","NH","2018","BAL","Baltimore Orioles",35.8,2,622,31000000,7750000,0,4,"2016","2019",0,0,0,0,162,47,115,0,0,-68,0,0,2,622,5507,1317,188,892,0.475,0.259,4.02,0,0,2,0,0,0,0,0,0,0,0,0,0,0,0,0,0,0,0,0,0,0,0,0,0,0,0,0,"1",0,4,0,0,0,0,0,0,0,0,0,0,0,0,0,0,0,0,0,0,0,0,0,0,0,0,0,0
"Darren Oday","NH","2019","ATL","Atlanta Braves",36.8,3,622,31000000,7750000,0,4,"2016","2019",0,0,0,0,162,97,65,1,1,32,0,0,0,855,5560,1432,249,743,0.501,0.26,3.66,0,0,6,0,0,0,0,0,0,0,0,0,0,0,0,0,0,0,0,0,0,0,0,0,0,0,0,0,"/1",0,36,0,0,0,0,0,0,0,0,0,0,0,0,0,0,0,0,0,0,0,0,0,0,0,0,0,0
"David Dahl","NH","2021","TEX","Texas Rangers",27.3,0,628,2700000,2700000,1,1,"2021","2021",0,0,0,0,162,60,102,0,0,-42,0,0,0,625,5405,1254,167,815,0.476,0.259,4.29,-0.8,0.64,63,220,205,19,43,11,0,4,18,2,1,10,59,3,1,1,3,0,0.21,0.247,0.322,0.569,55,0.253,52,66,"7D9/H8",0,3969,48400,42025,361,1849,121,0,16,324,4,1,100,3481,9,1,1,9,0,0.0441,0.061009,0.103684,0.323761,3025,0.064009,2704,4356,0
"David Dahl","H","2024","PHI","Philadelphia Phillies",30.3,1,629,1028380.82280247,1028380.82280247,1,1,"2024","2024",0,0,0,0,162,95,67,1,1,28,0,0,0,784,5534,1423,198,671,0.474,0.26,3.99,0.3,0.09,19,62,58,6,12,2,0,3,8,0,0,3,21,0,0,0,1,0,0.207,0.242,0.397,0.638,73,0.287,76,23,"7/D9H",0,361,3844,3364,36,144,4,0,9,64,0,0,9,441,0,0,0,1,0,0.042849,0.058564,0.157609,0.407044,5329,0.082369,5776,529,0
"David Freese","NH","2016","PIT","Pittsburgh Pirates",33.2,0,630,3000000,3000000,1,1,"2016","2016",0,0,0,0,162,78,83,0,0,-5,0,0,0,729,5542,1426,153,758,0.504,0.265,3.71,1.8,3.24,141,492,437,63,118,23,0,13,55,0,0,45,142,15,10,0,0,2,0.27,0.352,0.412,0.764,104,0.344,109,180,"53H/4",0,19881,242064,190969,3969,13924,529,0,169,3025,0,0,2025,20164,225,100,0,0,4,0.0729,0.123904,0.169744,0.583696,10816,0.118336,11881,32400,0
"David Freese","NH","2019","LAD","Los Angeles Dodgers",36.2,1,631,5608283.84831941,5608283.84831941,1,1,"2019","2019",0,0,0,0,162,106,56,1,1,50,0,0,0,886,5493,1414,279,613,0.528,0.262,3.53,1.5,2.25,79,186,162,35,51,13,0,11,29,0,0,23,44,7,1,0,0,0,0.315,0.403,0.599,1.002,160,0.418,163,97,"3H/D5",0,6241,34596,26244,1225,2601,169,0,121,841,0,0,529,1936,49,1,0,0,0,0.099225,0.162409,0.358801,1.004004,25600,0.174724,26569,9409,0
"David Hernandez","NH","2016","PHI","Philadelphia Phillies",31.2,6.095,632,3900000,3900000,1,1,"2016","2016",0,0,0,0,162,71,91,0,0,-20,0,0,0,610,5434,1305,161,796,0.472,0.261,3.97,0,0,64,0,0,0,0,0,0,0,0,0,0,0,0,0,0,0,0,0,0,0,0,0,0,0,0,0,"1",0,4096,0,0,0,0,0,0,0,0,0,0,0,0,0,0,0,0,0,0,0,0,0,0,0,0,0,0
"David Hernandez","NH","2017","ARI","Arizona Diamondbacks",32.2,7.095,633,1105729.09437718,1105729.09437718,1,1,"2017","2017",0,0,0,0,162,93,69,0,1,24,0,0,0,812,5525,1405,220,659,0.493,0.258,4.23,0,0,25,0,0,0,0,0,0,0,0,0,0,0,0,0,0,0,0,0,0,0,0,0,0,0,0,0,"1",0,625,0,0,0,0,0,0,0,0,0,0,0,0,0,0,0,0,0,0,0,0,0,0,0,0,0,0
"David Hernandez","NH","2018","CIN","Cincinnati Reds",33.2,8.084,634,5000000,2500000,1,2,"2018","2019",0,0,0,0,162,67,95,0,0,-28,0,0,0,696,5532,1404,172,819,0.505,0.261,3.74,0,0,53,1,1,0,0,0,0,0,0,0,0,0,0,0,0,0,0,0,0,0,0,0,-100,0,-145,0,"1",0,2809,1,1,0,0,0,0,0,0,0,0,0,0,0,0,0,0,0,0,0,0,0,10000,0,21025,0,0
"David Hernandez","NH","2019","CIN","Cincinnati Reds",34.2,9.084,634,5000000,2500000,1,2,"2018","2019",0,0,0,0,162,75,87,0,0,-12,0,0,1,701,5450,1328,227,711,0.505,0.261,3.75,0,0,44,0,0,0,0,0,0,0,0,0,0,0,0,0,0,0,0,0,0,0,0,0,0,0,0,0,"1",0,1936,0,0,0,0,0,0,0,0,0,0,0,0,0,0,0,0,0,0,0,0,0,0,0,0,0,0
"David Murphy","H","2014","CLE","Cleveland Guardians",32.8,6.087,635,12000000,6000000,1,2,"2014","2015",0,0,0,0,162,85,77,0,0,8,0,0,0,669,5575,1411,142,653,0.509,0.266,3.84,-0.3,0.09,129,462,416,40,109,25,1,8,58,2,3,36,61,6,2,1,7,2,0.262,0.319,0.385,0.703,97,0.318,97,160,"9H/7D",0,16641,213444,173056,1600,11881,625,1,64,3364,4,9,1296,3721,36,4,1,49,4,0.068644,0.101761,0.148225,0.494209,9409,0.101124,9409,25600,0
"David Murphy","H","2015","CLE","Cleveland Guardians",33.8,7.087,635,12000000,6000000,1,2,"2014","2015",0,0,0,0,161,81,80,0,0,1,0,0,0,669,5439,1395,141,640,0.509,0.266,3.84,-0.1,0.01,132,391,361,38,102,18,1,10,50,0,2,20,49,6,1,1,5,1,0.283,0.318,0.421,0.739,101,0.318,96,152,"7DH9/1",0,17424,152881,130321,1444,10404,324,1,100,2500,0,4,400,2401,36,1,1,25,1,0.080089,0.101124,0.177241,0.546121,10201,0.101124,9216,23104,0
"David Ortiz","H","2013","BOS","Boston Red Sox",37.8,0,637,29000000,14500000,0,2,"2013","2014",2,1,0,1,162,97,65,1,1,32,0,0,0,861,5669,1573,178,657,0.517,0.267,3.9,4.4,19.36,137,600,518,84,160,38,2,30,103,4,0,76,88,21,1,0,5,27,0.309,0.395,0.564,0.959,159,0.409,161,292,"D/3H",1,18769,360000,268324,7056,25600,1444,4,900,10609,16,0,5776,7744,441,1,0,25,729,0.095481,0.156025,0.318096,0.919681,25281,0.167281,25921,85264,1
"David Ortiz","H","2014","BOS","Boston Red Sox",38.8,1,637,29000000,14500000,0,2,"2013","2014",0,0,0,0,162,71,91,0,0,-20,1,1,0,634,5551,1355,123,715,0.517,0.267,3.9,2.6,6.76,142,602,518,59,136,27,0,35,104,0,0,75,95,18,3,0,6,22,0.263,0.355,0.517,0.873,141,0.371,135,268,"D/H3",1,20164,362404,268324,3481,18496,729,0,1225,10816,0,0,5625,9025,324,9,0,36,484,0.069169,0.126025,0.267289,0.762129,19881,0.137641,18225,71824,1
"David Ortiz","H","2015","BOS","Boston Red Sox",39.8,2,638,21666216.7126941,21666216.7126941,0,1,"2015","2015",2,1,0,0,162,78,84,0,0,-6,0,0,2,748,5640,1495,161,753,0.516,0.267,3.9,3,9,146,614,528,73,144,37,0,37,108,0,1,77,95,16,0,0,9,16,0.273,0.36,0.553,0.913,140,0.385,140,292,"D/3H",1,21316,376996,278784,5329,20736,1369,0,1369,11664,0,1,5929,9025,256,0,0,81,256,0.074529,0.1296,0.305809,0.833569,19600,0.148225,19600,85264,1
"David Ortiz","H","2016","BOS","Boston Red Sox",40.8,3,639,21197631.6831043,21197631.6831043,0,1,"2016","2016",2,1,0,1,162,93,69,1,1,24,0,0,0,878,5670,1598,208,694,0.517,0.267,3.9,5.1,26.01,151,626,537,79,169,48,1,38,127,2,0,80,86,22,2,0,7,15,0.315,0.401,0.62,1.021,164,0.423,166,333,"DH/3",1,22801,391876,288369,6241,28561,2304,1,1444,16129,4,0,6400,7396,484,4,0,49,225,0.099225,0.160801,0.3844,1.042441,26896,0.178929,27556,110889,1
"David Phelps","NH","2019","CHC","Chicago Cubs",32.8,0,640,2500000,2500000,1,1,"2019","2019",0,0,0,0,162,84,78,0,0,6,0,0,1,814,5461,1378,256,717,0.514,0.263,3.68,0,0,24,0,0,0,0,0,0,0,0,0,0,0,0,0,0,0,0,0,0,0,0,0,0,0,0,0,"1",0,576,0,0,0,0,0,0,0,0,0,0,0,0,0,0,0,0,0,0,0,0,0,0,0,0,0,0
"David Phelps","NH","2020","MIL","Milwaukee Brewers",33.8,1,641,1500000,1500000,1,1,"2020","2020",0,0,0,0,60,29,31,0,1,-2,0,0,1,247,1920,429,75,264,0.481,0.257,4.18,0,0,1,0,0,0,0,0,0,0,0,0,0,0,0,0,0,0,0,0,0,0,0,0,0,0,0,0,"1",0,1,0,0,0,0,0,0,0,0,0,0,0,0,0,0,0,0,0,0,0,0,0,0,0,0,0,0
"David Robertson","NH","2015","CHW","Chicago White Sox",30.3,0,644,46000000,11500000,1,4,"2015","2018",0,0,0,0,162,76,86,0,0,-10,0,0,0,622,5533,1381,136,701,0.504,0.261,3.75,0,0,5,0,0,0,0,0,0,0,0,0,0,0,0,0,0,0,0,0,0,0,0,0,0,0,0,0,"1",0,25,0,0,0,0,0,0,0,0,0,0,0,0,0,0,0,0,0,0,0,0,0,0,0,0,0,0
"David Robertson","NH","2016","CHW","Chicago White Sox",31.3,1,644,46000000,11500000,1,4,"2015","2018",0,0,0,0,162,78,84,0,0,-6,0,0,1,686,5550,1428,168,715,0.504,0.261,3.75,0,0,4,0,0,0,0,0,0,0,0,0,0,0,0,0,0,0,0,0,0,0,0,0,0,0,0,0,"1",0,16,0,0,0,0,0,0,0,0,0,0,0,0,0,0,0,0,0,0,0,0,0,0,0,0,0,0
"David Robertson","NH","2017","CHW","Chicago White Sox",32.3,2,644,46000000,11500000,1,4,"2015","2018",0,0,0,0,162,67,95,0,0,-28,0,0,1,706,5513,1412,186,820,0.503,0.26,3.76,0,0,5,0,0,0,0,0,0,0,0,0,0,0,0,0,0,0,0,0,0,0,0,0,0,0,0,0,"1",0,25,0,0,0,0,0,0,0,0,0,0,0,0,0,0,0,0,0,0,0,0,0,0,0,0,0,0
"David Robertson","NH","2018","NYY","New York Yankees",33.3,3,644,46000000,11500000,1,4,"2015","2018",0,0,0,0,162,100,62,0,1,38,0,0,0,851,5515,1374,267,669,0.569,0.266,3.65,0,0,4,0,0,0,0,0,0,0,0,0,0,0,0,0,0,0,0,0,0,0,0,0,0,0,0,0,"1",0,16,0,0,0,0,0,0,0,0,0,0,0,0,0,0,0,0,0,0,0,0,0,0,0,0,0,0
"David Robertson","NH","2019","PHI","Philadelphia Phillies",34.3,4,645,23000000,11500000,1,2,"2019","2020",0,0,0,0,162,81,81,0,0,0,0,0,1,774,5571,1369,215,794,0.472,0.261,3.98,0,0,7,0,0,0,0,0,0,0,0,0,0,0,0,0,0,0,0,0,0,0,0,0,0,0,0,0,"/1",0,49,0,0,0,0,0,0,0,0,0,0,0,0,0,0,0,0,0,0,0,0,0,0,0,0,0,0
"David Robertson","NH","2022","CHC","Chicago Cubs",37.3,6,646,3500000,3500000,1,1,"2022","2022",0,0,0,0,162,74,88,0,0,-14,0,0,1,657,5425,1293,159,731,0.513,0.262,3.69,0,0,2,1,1,0,0,0,0,0,0,0,0,0,1,0,0,0,0,0,0,0,0,0,-100,0,-136,0,"1",0,4,1,1,0,0,0,0,0,0,0,0,0,1,0,0,0,0,0,0,0,0,0,10000,0,18496,0,0
"David Robertson","NH","2024","TEX","Texas Rangers",39.3,8,648,11826379.4622284,11826379.4622284,1,1,"2024","2024",0,0,0,0,162,78,84,0,0,-6,0,0,1,683,5472,1302,176,738,0.476,0.258,4.29,0,0,2,0,0,0,0,0,0,0,0,0,0,0,0,0,0,0,0,0,0,0,0,0,0,0,0,0,"1",0,4,0,0,0,0,0,0,0,0,0,0,0,0,0,0,0,0,0,0,0,0,0,0,0,0,0,0
"David Ross","NH","2013","BOS","Boston Red Sox",36.4,0,650,6200000,3100000,1,2,"2013","2014",0,0,0,0,162,97,65,1,1,32,0,0,0,861,5669,1573,178,657,0.517,0.267,3.9,0.7,0.49,36,116,102,11,22,5,0,4,10,1,0,11,42,3,1,2,0,0,0.216,0.298,0.382,0.681,85,0.304,80,39,"2/H",0,1296,13456,10404,121,484,25,0,16,100,1,0,121,1764,9,1,4,0,0,0.046656,0.088804,0.145924,0.463761,7225,0.092416,6400,1521,0
"David Ross","NH","2014","BOS","Boston Red Sox",37.4,1,650,6200000,3100000,1,2,"2013","2014",0,0,0,0,162,71,91,0,0,-20,1,1,0,634,5551,1355,123,715,0.517,0.267,3.9,-0.3,0.09,50,171,152,16,28,7,0,7,15,0,1,16,58,1,0,2,1,1,0.184,0.26,0.368,0.629,74,0.273,62,56,"2",0,2500,29241,23104,256,784,49,0,49,225,0,1,256,3364,1,0,4,1,1,0.033856,0.0676,0.135424,0.395641,5476,0.074529,3844,3136,0
"David Ross","NH","2015","CHC","Chicago Cubs",38.4,2,651,5000000,2500000,1,2,"2015","2016",0,0,0,0,162,97,65,0,1,32,0,0,0,689,5491,1341,171,608,0.512,0.263,3.68,-0.1,0.01,72,182,159,6,28,9,0,1,9,1,0,20,61,1,0,2,1,7,0.176,0.267,0.252,0.518,45,0.229,25,40,"2H/1",0,5184,33124,25281,36,784,81,0,1,81,1,0,400,3721,1,0,4,1,49,0.030976,0.071289,0.063504,0.268324,2025,0.052441,625,1600,0
"David Ross","NH","2016","CHC","Chicago Cubs",39.4,3,651,5000000,2500000,1,2,"2015","2016",0,0,0,0,162,103,58,1,1,45,1,1,0,808,5503,1409,199,556,0.513,0.263,3.68,1.7,2.89,67,205,166,24,38,6,0,10,32,0,1,30,54,3,0,4,5,6,0.229,0.338,0.446,0.784,106,0.325,94,74,"2H",0,4489,42025,27556,576,1444,36,0,100,1024,0,1,900,2916,9,0,16,25,36,0.052441,0.114244,0.198916,0.614656,11236,0.105625,8836,5476,0
"David Ross","NH","2016","CHC","Chicago Cubs",39.4,4,652,6624259.90097011,3312129.95048505,0,2,"2016","2017",0,0,0,0,162,103,58,1,1,45,1,1,0,808,5503,1409,199,556,0.513,0.263,3.68,1.7,2.89,67,205,166,24,38,6,0,10,32,0,1,30,54,3,0,4,5,6,0.229,0.338,0.446,0.784,106,0.325,94,74,"2H",0,4489,42025,27556,576,1444,36,0,100,1024,0,1,900,2916,9,0,16,25,36,0.052441,0.114244,0.198916,0.614656,11236,0.105625,8836,5476,0
"Delmon Young","H","2013","PHI","Philadelphia Phillies",27.9,0,655,750000,750000,1,1,"2013","2013",0,0,0,0,162,73,89,0,0,-16,0,0,0,613,5457,1354,140,758,0.473,0.262,3.96,-0.5,0.25,103,361,334,30,87,16,0,11,38,0,0,20,78,8,4,0,3,0,0.26,0.307,0.407,0.715,97,0.323,99,136,"9DH",0,10609,130321,111556,900,7569,256,0,121,1444,0,0,400,6084,64,16,0,9,0,0.0676,0.094249,0.165649,0.511225,9409,0.104329,9801,18496,0
"Delmon Young","H","2014","BAL","Baltimore Orioles",28.9,1,656,1000000,1000000,1,1,"2014","2014",0,0,0,0,162,96,66,1,1,30,0,0,0,705,5596,1434,211,593,0.476,0.259,4,1,1,83,255,242,27,73,11,1,7,30,2,0,10,51,6,3,0,0,0,0.302,0.337,0.442,0.779,117,0.357,122,107,"D7H/9",0,6889,65025,58564,729,5329,121,1,49,900,4,0,100,2601,36,9,0,0,0,0.091204,0.113569,0.195364,0.606841,13689,0.127449,14884,11449,0
"Delmon Young","H","2015","BAL","Baltimore Orioles",29.9,2,657,2250000,2250000,0,1,"2015","2015",0,0,0,0,162,81,81,0,0,0,0,0,0,713,5485,1370,217,693,0.476,0.259,4,0.4,0.16,52,180,174,20,47,6,0,2,16,0,0,4,29,8,1,0,1,0,0.27,0.289,0.339,0.628,71,0.286,70,59,"9H/D7",0,2704,32400,30276,400,2209,36,0,4,256,0,0,16,841,64,1,0,1,0,0.0729,0.083521,0.114921,0.394384,5041,0.081796,4900,3481,0
"Derek Dietrich","NH","2019","CIN","Cincinnati Reds",30.1,4.151,658,2000000,2000000,1,1,"2019","2019",0,0,0,0,162,75,87,0,0,-12,0,0,1,701,5450,1328,227,711,0.505,0.261,3.75,1.1,1.21,113,306,251,41,47,8,2,19,43,1,1,28,74,2,25,0,1,2,0.187,0.328,0.462,0.79,98,0.344,101,116,"4H37/D5",0,12769,93636,63001,1681,2209,64,4,361,1849,1,1,784,5476,4,625,0,1,4,0.034969,0.107584,0.213444,0.6241,9604,0.118336,10201,13456,0
"Derek Dietrich","NH","2020","TEX","Texas Rangers",31.1,5.151,659,704615.735189191,704615.735189191,1,1,"2020","2020",0,0,0,0,60,22,38,0,0,-16,0,0,0,224,1936,420,62,312,0.477,0.259,4.28,0.2,0.04,25,75,61,9,12,1,0,5,8,1,1,9,21,4,5,0,0,0,0.197,0.347,0.459,0.806,121,0.359,128,28,"/D3H45",0,625,5625,3721,81,144,1,0,25,64,1,1,81,441,16,25,0,0,0,0.038809,0.120409,0.210681,0.649636,14641,0.128881,16384,784,0
"Derek Holland","NH","2017","CHW","Chicago White Sox",30.8,7.12,660,6000000,6000000,1,1,"2017","2017",0,0,0,0,162,67,95,0,0,-28,0,0,1,706,5513,1412,186,820,0.503,0.26,3.76,0.1,0.01,1,1,1,0,1,0,0,0,0,0,0,0,0,0,0,0,0,0,1,1,1,2,448,0.892,508,1,"1",0,1,1,1,0,1,0,0,0,0,0,0,0,0,0,0,0,0,0,1,1,1,4,200704,0.795664,258064,1,0
"Derek Holland","NH","2018","SF","San Francisco Giants",31.8,8.105,661,2228808.26199212,2228808.26199212,1,1,"2018","2018",0,0,0,0,162,73,89,0,0,-16,0,0,0,603,5541,1324,133,699,0.536,0.264,3.57,-0.4,0.16,34,56,53,2,3,1,0,0,0,0,0,1,33,1,0,2,0,0,0.057,0.074,0.075,0.15,-58,0.068,-91,4,"1/H",0,1156,3136,2809,4,9,1,0,0,0,0,0,1,1089,1,0,4,0,0,0.003249,0.005476,0.005625,0.0225,3364,0.004624,8281,16,0
"Derek Holland","NH","2019","SF","San Francisco Giants",32.8,9.105,662,7000000,7000000,0,1,"2019","2019",0,0,0,0,162,77,85,0,0,-8,0,0,0,678,5579,1332,167,773,0.535,0.264,3.57,-0.1,0.01,52,16,14,0,1,0,0,0,0,0,0,1,10,0,0,1,0,0,0.071,0.133,0.071,0.205,-43,0.099,-78,1,"1/H",0,2704,256,196,0,1,0,0,0,0,0,0,1,100,0,0,1,0,0,0.005041,0.017689,0.005041,0.042025,1849,0.009801,6084,1,0
"Derek Holland","NH","2021","DET","Detroit Tigers",34.8,11.105,664,1094419.57764513,1094419.57764513,1,1,"2021","2021",0,0,0,0,162,77,85,0,0,-8,0,0,0,697,5376,1299,179,756,0.504,0.265,4,0,0,4,0,0,0,0,0,0,0,0,0,0,0,0,0,0,0,0,0,0,0,0,0,0,0,0,0,"1",0,16,0,0,0,0,0,0,0,0,0,0,0,0,0,0,0,0,0,0,0,0,0,0,0,0,0,0
"Derek Law","NH","2023","CIN","Cincinnati Reds",32.9,1,666,1000000,1000000,1,1,"2023","2023",0,0,0,0,162,82,80,0,0,2,0,0,1,783,5499,1371,198,821,0.504,0.261,3.77,0,0,1,0,0,0,0,0,0,0,0,0,0,0,0,0,0,0,0,0,0,0,0,0,0,0,0,0,"1",0,1,0,0,0,0,0,0,0,0,0,0,0,0,0,0,0,0,0,0,0,0,0,0,0,0,0,0
"Derek Law","NH","2024","WSH","Washington Nationals",33.9,2,667,1542571.2342037,1542571.2342037,1,1,"2024","2024",0,0,0,0,162,71,91,0,0,-20,0,0,0,660,5374,1306,135,764,0.483,0.254,3.9,0,0,1,0,0,0,0,0,0,0,0,0,0,0,0,0,0,0,0,0,0,0,0,0,0,0,0,0,"1",0,1,0,0,0,0,0,0,0,0,0,0,0,0,0,0,0,0,0,0,0,0,0,0,0,0,0,0
"Dexter Fowler","NH","2016","CHC","Chicago Cubs",30.4,6.168,669,13000000,13000000,0,1,"2016","2016",1,0,0,0,162,103,58,1,1,45,1,1,0,808,5503,1409,199,556,0.513,0.263,3.68,4,16,125,551,456,84,126,25,7,13,48,13,4,79,124,3,11,1,4,0,0.276,0.393,0.447,0.84,123,0.374,127,204,"8/HD",0,15625,303601,207936,7056,15876,625,49,169,2304,169,16,6241,15376,9,121,1,16,0,0.076176,0.154449,0.199809,0.7056,15129,0.139876,16129,41616,0
"Dexter Fowler","NH","2017","STL","St Louis Cardinals",31.4,7.168,670,82500000,16500000,1,5,"2017","2021",0,0,0,0,162,82,79,0,0,3,0,0,0,761,5470,1402,196,705,0.52,0.267,3.67,1.7,2.89,118,491,420,68,111,22,9,18,64,7,3,63,101,10,4,0,4,6,0.264,0.363,0.488,0.851,122,0.373,128,205,"8/HD",0,13924,241081,176400,4624,12321,484,81,324,4096,49,9,3969,10201,100,16,0,16,36,0.069696,0.131769,0.238144,0.724201,14884,0.139129,16384,42025,0
"Dexter Fowler","NH","2018","STL","St Louis Cardinals",32.4,8.168,670,82500000,16500000,1,5,"2017","2021",0,0,0,0,162,88,74,0,0,14,0,0,0,759,5498,1369,205,691,0.52,0.266,3.67,-1.4,1.96,90,334,289,40,52,10,0,8,31,5,2,38,75,2,3,0,4,0,0.18,0.278,0.298,0.576,59,0.271,59,86,"9H",0,8100,111556,83521,1600,2704,100,0,64,961,25,4,1444,5625,4,9,0,16,0,0.0324,0.077284,0.088804,0.331776,3481,0.073441,3481,7396,0
"Dexter Fowler","NH","2019","STL","St Louis Cardinals",33.4,9.168,670,82500000,16500000,1,5,"2017","2021",0,0,0,0,162,91,71,1,1,20,0,0,1,764,5449,1336,210,662,0.52,0.266,3.67,1.5,2.25,150,574,487,69,116,24,1,19,67,8,5,74,142,6,8,1,4,1,0.238,0.346,0.409,0.754,100,0.333,104,199,"98H",0,22500,329476,237169,4761,13456,576,1,361,4489,64,25,5476,20164,36,64,1,16,1,0.056644,0.119716,0.167281,0.568516,10000,0.110889,10816,39601,0
"Dexter Fowler","NH","2020","STL","St Louis Cardinals",34.4,10.168,670,82500000,16500000,1,5,"2017","2021",0,0,0,0,58,30,28,0,1,2,0,0,2,240,1752,410,51,229,0.52,0.266,3.67,0,0,31,101,90,14,21,2,0,4,15,1,1,10,28,2,1,0,0,0,0.233,0.317,0.389,0.706,95,0.309,94,35,"9/DH",0,961,10201,8100,196,441,4,0,16,225,1,1,100,784,4,1,0,0,0,0.054289,0.100489,0.151321,0.498436,9025,0.095481,8836,1225,0
"Dexter Fowler","NH","2021","LAA","Los Angeles Angels",35.4,11.168,670,82500000,16500000,1,5,"2017","2021",0,0,0,0,162,77,85,0,0,-8,0,0,0,723,5437,1331,190,804,0.499,0.257,3.99,-0.2,0.04,7,21,20,3,5,0,0,0,1,1,0,1,6,0,0,0,0,0,0.25,0.286,0.25,0.536,49,0.252,41,5,"/9",0,49,441,400,9,25,0,0,0,1,1,0,1,36,0,0,0,0,0,0.0625,0.081796,0.0625,0.287296,2401,0.063504,1681,25,0
"Didi Gregorius","NH","2020","PHI","Philadelphia Phillies",30.5,6.159,671,14000000,14000000,1,1,"2020","2020",0,0,0,0,60,28,32,0,0,-4,0,0,0,306,1948,501,82,311,0.472,0.261,3.98,1.1,1.21,60,237,215,34,61,10,2,10,40,3,2,15,28,4,4,1,2,3,0.284,0.339,0.488,0.827,120,0.345,112,105,"6/H",0,3600,56169,46225,1156,3721,100,4,100,1600,9,4,225,784,16,16,1,4,9,0.080656,0.114921,0.238144,0.683929,14400,0.119025,12544,11025,0
"Didi Gregorius","NH","2021","PHI","Philadelphia Phillies",31.5,7.159,672,28000000,14000000,0,2,"2021","2022",0,0,0,0,162,82,80,0,0,2,0,0,0,734,5366,1288,198,745,0.472,0.261,3.99,-1,1,103,408,368,35,77,16,2,13,54,3,0,25,67,8,8,0,7,1,0.209,0.27,0.37,0.639,71,0.279,64,136,"6/H",0,10609,166464,135424,1225,5929,256,4,169,2916,9,0,625,4489,64,64,0,49,1,0.043681,0.0729,0.1369,0.408321,5041,0.077841,4096,18496,0
"Didi Gregorius","NH","2022","PHI","Philadelphia Phillies",32.5,8.159,672,28000000,14000000,0,2,"2021","2022",0,0,0,0,162,87,75,0,1,12,1,0,1,747,5496,1392,205,685,0.473,0.26,3.99,-0.4,0.16,63,232,214,17,45,9,4,1,19,1,0,13,36,0,3,0,2,0,0.21,0.263,0.304,0.567,61,0.26,59,65,"6/H",0,3969,53824,45796,289,2025,81,16,1,361,1,0,169,1296,0,9,0,4,0,0.0441,0.069169,0.092416,0.321489,3721,0.0676,3481,4225,0
"Dioner Navarro","NH","2012","CIN","Cincinnati Reds",28.5,0,674,800000,800000,1,1,"2012","2012",0,0,0,0,162,97,65,1,1,32,0,0,1,669,5477,1377,172,588,0.508,0.262,3.72,0.3,0.09,24,73,69,6,20,3,1,2,12,0,0,2,12,1,0,1,1,1,0.29,0.306,0.449,0.755,99,0.321,89,31,"2/H",0,576,5329,4761,36,400,9,1,4,144,0,0,4,144,1,0,1,1,1,0.0841,0.093636,0.201601,0.570025,9801,0.103041,7921,961,0
"Dioner Navarro","NH","2013","CHC","Chicago Cubs",29.5,1,675,1750000,1750000,1,1,"2013","2013",0,0,0,0,162,66,96,0,0,-30,0,0,1,612,5496,1307,172,695,0.511,0.263,3.68,1.9,3.61,89,266,240,31,72,7,0,13,34,0,1,23,36,4,2,0,1,1,0.3,0.365,0.492,0.856,134,0.377,138,118,"2H/D",0,7921,70756,57600,961,5184,49,0,169,1156,0,1,529,1296,16,4,0,1,1,0.09,0.133225,0.242064,0.732736,17956,0.142129,19044,13924,0
"Dioner Navarro","NH","2014","TOR","Toronto Blue Jays",30.5,2,676,8000000,4000000,1,2,"2014","2015",0,0,0,0,162,83,79,0,0,4,0,0,1,723,5550,1435,177,686,0.495,0.262,4.23,2.5,6.25,139,520,481,40,132,22,0,12,69,3,0,32,76,12,1,0,6,1,0.274,0.317,0.395,0.712,101,0.322,100,190,"2DH",0,19321,270400,231361,1600,17424,484,0,144,4761,9,0,1024,5776,144,1,0,36,1,0.075076,0.100489,0.156025,0.506944,10201,0.103684,10000,36100,0
"Dioner Navarro","NH","2015","TOR","Toronto Blue Jays",31.5,3,676,8000000,4000000,1,2,"2014","2015",0,0,0,0,162,93,69,1,1,24,0,0,0,891,5509,1480,232,670,0.497,0.262,4.22,0.7,0.49,54,192,171,17,42,7,0,5,20,0,0,17,29,0,0,0,4,1,0.246,0.307,0.374,0.682,85,0.3,79,64,"2D/H",0,2916,36864,29241,289,1764,49,0,25,400,0,0,289,841,0,0,0,16,1,0.060516,0.094249,0.139876,0.465124,7225,0.09,6241,4096,0
"Dioner Navarro","NH","2015","TOR","Toronto Blue Jays",31.5,4,677,10833108.356347,5416554.17817352,0,2,"2015","2016",0,0,0,0,162,93,69,1,1,24,0,0,0,891,5509,1480,232,670,0.497,0.262,4.22,0.7,0.49,54,192,171,17,42,7,0,5,20,0,0,17,29,0,0,0,4,1,0.246,0.307,0.374,0.682,85,0.3,79,64,"2D/H",0,2916,36864,29241,289,1764,49,0,25,400,0,0,289,841,0,0,0,16,1,0.060516,0.094249,0.139876,0.465124,7225,0.09,6241,4096,0
"Dioner Navarro","NH","2016","CHW","Chicago White Sox",32.5,5,677,10833108.356347,5416554.17817352,0,2,"2015","2016",0,0,0,0,162,78,84,0,0,-6,0,0,1,686,5550,1428,168,715,0.504,0.261,3.75,-1,1,101,334,304,26,63,13,2,6,35,1,2,23,71,5,2,2,3,0,0.207,0.265,0.322,0.587,61,0.263,58,98,"2H/D",0,10201,111556,92416,676,3969,169,4,36,1225,1,4,529,5041,25,4,4,9,0,0.042849,0.070225,0.103684,0.344569,3721,0.069169,3364,9604,0
"Dioner Navarro","NH","2016","CHW","Chicago White Sox",32.5,6,678,4000000,4000000,1,1,"2016","2016",0,0,0,0,162,78,84,0,0,-6,0,0,1,686,5550,1428,168,715,0.504,0.261,3.75,-1,1,101,334,304,26,63,13,2,6,35,1,2,23,71,5,2,2,3,0,0.207,0.265,0.322,0.587,61,0.263,58,98,"2H/D",0,10201,111556,92416,676,3969,169,4,36,1225,1,4,529,5041,25,4,4,9,0,0.042849,0.070225,0.103684,0.344569,3721,0.069169,3364,9604,0
"Dj Lemahieu","H","2019","NYY","New York Yankees",31.1,6.128,679,24000000,12000000,1,2,"2019","2020",2,1,0,1,162,103,59,1,1,44,0,0,3,943,5583,1493,306,739,0.57,0.266,3.65,5.6,31.36,145,655,602,109,197,33,2,26,102,5,2,46,90,14,2,1,4,0,0.327,0.375,0.518,0.893,136,0.382,139,312,"453/HD",0,21025,429025,362404,11881,38809,1089,4,676,10404,25,4,2116,8100,196,4,1,16,0,0.106929,0.140625,0.268324,0.797449,18496,0.145924,19321,97344,0
"Dj Lemahieu","H","2020","NYY","New York Yankees",32.1,7.128,679,24000000,12000000,1,2,"2019","2020",2,1,0,1,60,33,27,0,1,6,0,0,1,315,1915,473,94,270,0.57,0.266,3.65,3,9,50,216,195,41,71,10,2,10,27,3,0,18,21,3,2,0,1,0,0.364,0.421,0.59,1.011,178,0.441,182,115,"435/HD",0,2500,46656,38025,1681,5041,100,4,100,729,9,0,324,441,9,4,0,1,0,0.132496,0.177241,0.3481,1.022121,31684,0.194481,33124,13225,0
"Dj Lemahieu","H","2021","NYY","New York Yankees",33.1,8.128,680,90000000,15000000,0,6,"2021","2026",0,0,0,0,162,92,70,0,1,22,0,0,0,711,5331,1266,222,669,0.57,0.266,3.65,1.6,2.56,150,679,597,84,160,24,1,10,57,4,2,73,94,16,4,0,5,2,0.268,0.349,0.362,0.711,97,0.317,98,216,"435/HD",0,22500,461041,356409,7056,25600,576,1,100,3249,16,4,5329,8836,256,16,0,25,4,0.071824,0.121801,0.131044,0.505521,9409,0.100489,9604,46656,0
"Dj Lemahieu","H","2022","NYY","New York Yankees",34.1,9.128,680,90000000,15000000,0,6,"2021","2026",1,0,0,0,162,99,63,1,1,36,0,0,1,807,5422,1308,254,567,0.57,0.266,3.65,3.6,12.96,125,541,467,74,122,18,0,12,46,4,3,67,71,12,4,1,2,0,0.261,0.357,0.377,0.734,110,0.339,118,176,"543/HD",0,15625,292681,218089,5476,14884,324,0,144,2116,16,9,4489,5041,144,16,1,4,0,0.068121,0.127449,0.142129,0.538756,12100,0.114921,13924,30976,0
"Dj Lemahieu","H","2023","NYY","New York Yankees",35.1,10.128,680,90000000,15000000,0,6,"2021","2026",0,0,0,0,162,82,80,0,0,2,0,0,0,673,5323,1207,219,698,0.569,0.266,3.65,1.3,1.69,136,562,497,55,121,22,3,15,44,2,2,60,125,14,3,0,2,2,0.243,0.327,0.39,0.718,96,0.315,96,194,"53/4HD",0,18496,315844,247009,3025,14641,484,9,225,1936,4,4,3600,15625,196,9,0,4,4,0.059049,0.106929,0.1521,0.515524,9216,0.099225,9216,37636,0
"Dj Lemahieu","H","2024","NYY","New York Yankees",36.1,11.128,680,90000000,15000000,0,6,"2021","2026",0,0,0,0,162,94,68,1,1,26,1,0,0,815,5450,1352,237,668,0.569,0.265,3.66,-1.5,2.25,67,228,201,19,41,5,0,2,26,0,1,19,35,13,1,1,6,0,0.204,0.269,0.259,0.527,52,0.244,52,52,"35/H",0,4489,51984,40401,361,1681,25,0,4,676,0,1,361,1225,169,1,1,36,0,0.041616,0.072361,0.067081,0.277729,2704,0.059536,2704,2704,0
"Dj Lemahieu","H","2025","NYY","New York Yankees",37.1,12.128,680,90000000,15000000,0,6,"2021","2026",0,0,0,0,162,94,68,0,1,26,0,0,2,849,5471,1371,274,685,0.57,0.265,3.66,0.6,0.36,45,142,128,13,34,3,0,2,12,0,0,14,35,4,0,0,0,0,0.266,0.338,0.336,0.674,90,0.307,95,43,"4/H",0,2025,20164,16384,169,1156,9,0,4,144,0,0,196,1225,16,0,0,0,0,0.070756,0.114244,0.112896,0.454276,8100,0.094249,9025,1849,0
"Dj Stewart","NH","2023","NYM","New York Mets",29.7,0,681,765889.986737186,765889.986737186,1,1,"2023","2023",0,0,0,0,162,75,87,0,0,-12,0,0,0,717,5363,1276,215,729,0.482,0.25,3.8,0.4,0.16,58,185,160,21,39,9,0,11,26,1,1,15,56,3,7,1,1,0,0.244,0.333,0.506,0.84,129,0.356,127,81,"9/HD7",0,3364,34225,25600,441,1521,81,0,121,676,1,1,225,3136,9,49,1,1,0,0.059536,0.110889,0.256036,0.7056,16641,0.126736,16129,6561,0
"Domingo German","NH","2018","NYY","New York Yankees",25,0,683,698221.948246074,698221.948246074,1,1,"2018","2018",0,0,0,0,162,100,62,0,1,38,0,0,0,851,5515,1374,267,669,0.569,0.266,3.65,0,0,2,2,1,0,0,0,0,0,0,0,0,1,1,0,0,0,0,0,0,0.5,0,0.5,57,0.347,117,0,"1",0,4,4,1,0,0,0,0,0,0,0,0,1,1,0,0,0,0,0,0,0.25,0,0.25,3249,0.120409,13689,0,0
"Domingo German","NH","2019","NYY","New York Yankees",26,1,684,719729.760534324,719729.760534324,0,1,"2019","2019",0,0,0,0,162,103,59,1,1,44,0,0,3,943,5583,1493,306,739,0.57,0.266,3.65,-0.1,0.01,3,8,8,0,0,0,0,0,0,0,0,0,7,1,0,0,0,0,0,0,0,0,-100,0,-129,0,"1",0,9,64,64,0,0,0,0,0,0,0,0,0,49,1,0,0,0,0,0,0,0,0,10000,0,16641,0,0
"Domingo German","NH","2021","NYY","New York Yankees",28,2,685,733172.380299724,733172.380299724,0,1,"2021","2021",0,0,0,0,162,92,70,0,1,22,0,0,0,711,5331,1266,222,669,0.57,0.266,3.65,0,0,2,3,2,0,0,0,0,0,0,0,0,0,2,0,0,1,0,0,0,0,0,0,-100,0,-238,0,"1",0,4,9,4,0,0,0,0,0,0,0,0,0,4,0,0,1,0,0,0,0,0,0,10000,0,56644,0,0
"Dominic Leone","NH","2021","SF","San Francisco Giants",29.8,0,689,2250000,2250000,1,1,"2021","2021",0,0,0,0,162,107,55,1,1,52,0,0,0,804,5462,1360,241,594,0.536,0.264,3.57,0,0,51,0,0,0,0,0,0,0,0,0,0,0,0,0,0,0,0,0,0,0,0,0,0,0,0,0,"1",0,2601,0,0,0,0,0,0,0,0,0,0,0,0,0,0,0,0,0,0,0,0,0,0,0,0,0,0
"Dominic Smith","NH","2023","WSH","Washington Nationals",28.2,0,692,2000000,2000000,1,1,"2023","2023",0,0,0,0,162,71,91,0,0,-20,0,0,0,700,5522,1401,151,845,0.484,0.254,3.9,0.9,0.81,153,586,527,57,134,21,1,12,46,1,1,47,91,12,10,0,2,1,0.254,0.326,0.366,0.692,93,0.31,95,193,"3/HD",0,23409,343396,277729,3249,17956,441,1,144,2116,1,1,2209,8281,144,100,0,4,1,0.064516,0.106276,0.133956,0.478864,8649,0.0961,9025,37249,0
"Dominic Smith","NH","2024","BOS","Boston Red Sox",29.2,1,693,740000,740000,1,1,"2024","2024",0,0,0,0,162,81,81,0,0,0,0,0,1,751,5577,1404,194,747,0.518,0.267,3.92,0,0,93,307,275,33,64,22,0,6,34,1,1,28,76,7,4,0,0,0,0.233,0.313,0.378,0.691,94,0.308,95,104,"3H/D1",0,8649,94249,75625,1089,4096,484,0,36,1156,1,1,784,5776,49,16,0,0,0,0.054289,0.097969,0.142884,0.477481,8836,0.094864,9025,10816,0
"Dominic Smith","NH","2025","SF","San Francisco Giants",30.2,2,694,943548,943548,1,1,"2025","2025",0,0,0,0,162,81,81,0,0,0,0,0,0,705,5375,1261,173,684,0.535,0.263,3.59,0.4,0.16,63,225,204,26,58,12,0,5,33,2,0,15,42,5,2,0,4,0,0.284,0.333,0.417,0.75,114,0.329,112,85,"3/HD9",0,3969,50625,41616,676,3364,144,0,25,1089,4,0,225,1764,25,4,0,16,0,0.080656,0.110889,0.173889,0.5625,12996,0.108241,12544,7225,0
"Don Kelly",NA,"2013","DET","Detroit Tigers",33.5,0,695,900000,900000,0,1,"2013","2013",0,0,0,0,162,93,69,1,1,24,0,0,0,795,5766,1628,176,646,0.508,0.266,3.95,-0.8,0.64,112,251,216,33,48,6,1,6,23,2,0,27,28,4,2,2,4,1,0.222,0.309,0.343,0.652,78,0.3,76,74,"7H859/D34",0,12544,63001,46656,1089,2304,36,1,36,529,4,0,729,784,16,4,4,16,1,0.049284,0.095481,0.117649,0.425104,6084,0.09,5776,5476,0
"Don Kelly",NA,"2015","MIA","Miami Marlins",35.5,1,696,1250000,1250000,1,1,"2015","2015",0,0,0,0,162,71,91,0,0,-20,0,0,0,613,5463,1420,120,678,0.469,0.258,4.26,0,0,2,1,1,0,0,0,0,0,0,0,0,0,0,0,0,0,0,0,0,0,0,0,-100,0,-136,0,"/35H",0,4,1,1,0,0,0,0,0,0,0,0,0,0,0,0,0,0,0,0,0,0,0,10000,0,18496,0,0
"Donovan Solano","NH","2022","CIN","Cincinnati Reds",34.7,0,697,4500000,4500000,1,1,"2022","2022",0,0,0,0,162,62,100,0,0,-38,0,0,0,648,5380,1264,156,815,0.504,0.261,3.76,0.9,0.81,80,304,278,22,79,16,0,4,24,0,0,19,61,5,5,0,2,1,0.284,0.339,0.385,0.724,99,0.324,99,107,"3D5/H4",0,6400,92416,77284,484,6241,256,0,16,576,0,0,361,3721,25,25,0,4,1,0.080656,0.114921,0.148225,0.524176,9801,0.104976,9801,11449,0
"Donovan Solano","NH","2023","MIN","Minnesota Twins",35.7,1,698,2000000,2000000,1,1,"2023","2023",0,0,0,0,162,87,75,1,1,12,0,0,0,778,5489,1336,233,659,0.482,0.262,3.99,1.6,2.56,134,450,394,43,111,26,1,5,38,0,0,40,100,8,15,0,1,1,0.282,0.369,0.391,0.76,110,0.341,113,154,"3H45D",0,17956,202500,155236,1849,12321,676,1,25,1444,0,0,1600,10000,64,225,0,1,1,0.079524,0.136161,0.152881,0.5776,12100,0.116281,12769,23716,0
"Donovan Solano","NH","2024","SD","San Diego Padres",36.7,2,699,1028380.82280247,1028380.82280247,1,1,"2024","2024",0,0,0,0,162,93,69,0,1,24,0,0,0,760,5526,1456,190,669,0.467,0.249,3.96,1,1,96,309,283,31,81,13,0,8,35,2,1,22,65,6,3,0,1,0,0.286,0.343,0.417,0.76,112,0.339,116,118,"5DH3/4",0,9216,95481,80089,961,6561,169,0,64,1225,4,1,484,4225,36,9,0,1,0,0.081796,0.117649,0.173889,0.5776,12544,0.114921,13456,13924,0
"Donovan Solano","NH","2025","SEA","Seattle Mariners",37.7,3,700,3500000,3500000,1,1,"2025","2025",0,0,0,0,162,90,72,1,1,18,0,0,1,766,5502,1345,238,694,0.478,0.257,4.28,-0.1,0.01,71,179,166,10,41,4,1,3,21,0,0,8,40,9,3,0,2,0,0.247,0.291,0.337,0.628,81,0.28,83,56,"3H/45",0,5041,32041,27556,100,1681,16,1,9,441,0,0,64,1600,81,9,0,4,0,0.061009,0.084681,0.113569,0.394384,6561,0.0784,6889,3136,0
"Doug Fister","NH","2016","HOU","Houston Astros",32.5,6.058,701,7000000,7000000,1,1,"2016","2016",0,0,0,0,162,84,78,0,0,6,0,0,0,724,5545,1367,198,701,0.489,0.254,3.82,0,0,3,7,5,0,1,0,0,0,2,0,0,0,1,0,0,2,0,0,0.2,0.2,0.2,0.4,12,0.178,-41,1,"1",0,9,49,25,0,1,0,0,0,4,0,0,0,1,0,0,4,0,0,0.04,0.04,0.04,0.16,144,0.031684,1681,1,0
"Doug Fister","NH","2017","BOS","Boston Red Sox",33.5,7.058,702,1750000,1750000,1,1,"2017","2017",0,0,0,0,162,93,69,1,1,24,0,0,0,785,5669,1461,168,668,0.517,0.267,3.9,0,0,1,2,2,0,0,0,0,0,0,0,0,0,0,0,0,0,0,0,0,0,0,0,-100,0,-142,0,"1",0,1,4,4,0,0,0,0,0,0,0,0,0,0,0,0,0,0,0,0,0,0,0,10000,0,20164,0,0
"Drew Butera","NH","2017","KC","Kansas City Royals",34,6.018,704,3800000,1900000,0,2,"2017","2018",0,0,0,0,162,80,82,0,0,-2,0,0,0,702,5536,1436,193,791,0.485,0.265,4.2,-0.6,0.36,75,177,163,18,37,4,1,3,14,0,0,12,41,0,1,1,0,0,0.227,0.284,0.319,0.603,61,0.272,57,52,"2/3H",0,5625,31329,26569,324,1369,16,1,9,196,0,0,144,1681,0,1,1,0,0,0.051529,0.080656,0.101761,0.363609,3721,0.073984,3249,2704,0
"Drew Butera","NH","2018","KC","Kansas City Royals",35,7.018,704,3800000,1900000,0,2,"2017","2018",0,0,0,0,162,58,104,0,0,-46,0,0,0,638,5505,1350,155,833,0.483,0.264,4.22,-0.7,0.49,61,182,163,13,31,9,0,3,21,0,0,15,39,4,2,0,2,0,0.19,0.264,0.301,0.564,54,0.267,57,49,"2/31DH",0,3721,33124,26569,169,961,81,0,9,441,0,0,225,1521,16,4,0,4,0,0.0361,0.069696,0.090601,0.318096,2916,0.071289,3249,2401,0
"Drew Butera","NH","2019","COL","Colorado Rockies",36,8.018,705,691688.341292727,691688.341292727,1,1,"2019","2019",0,0,0,0,162,71,91,0,0,-20,0,0,0,835,5660,1502,224,958,0.471,0.274,4.97,-0.4,0.16,16,49,43,6,7,3,0,0,3,0,0,4,14,2,0,1,1,0,0.163,0.229,0.233,0.462,14,0.208,-7,10,"2/3H",0,256,2401,1849,36,49,9,0,0,9,0,0,16,196,4,0,1,1,0,0.026569,0.052441,0.054289,0.213444,196,0.043264,49,100,0
"Drew Butera","NH","2020","COL","Colorado Rockies",37,8.067,706,1225418.66989424,1225418.66989424,0,1,"2020","2020",0,0,0,0,60,26,34,0,0,-8,0,0,1,275,2057,528,63,353,0.471,0.274,4.98,-0.2,0.04,28,43,39,4,6,2,0,0,4,0,0,2,11,3,0,1,1,0,0.154,0.19,0.205,0.396,2,0.197,-7,8,"2/31",0,784,1849,1521,16,36,4,0,0,16,0,0,4,121,9,0,1,1,0,0.023716,0.0361,0.042025,0.156816,4,0.038809,49,64,0
"Drew Pomeranz","NH","2019","MIL","Milwaukee Brewers",30.8,0,707,1500000,1500000,1,1,"2019","2019",0,0,0,0,162,89,73,0,1,16,0,0,0,769,5542,1366,250,766,0.481,0.258,4.18,-0.3,0.09,44,20,19,0,0,0,0,0,0,0,0,0,13,1,0,1,0,0,0,0,0,0,-100,0,-149,0,"1",0,1936,400,361,0,0,0,0,0,0,0,0,0,169,1,0,1,0,0,0,0,0,0,10000,0,22201,0,0
"Drew Pomeranz","NH","2021","SD","San Diego Padres",32.8,2,708,34000000,8500000,1,4,"2020","2023",0,0,0,0,162,79,83,0,0,-4,0,0,0,729,5384,1305,180,708,0.462,0.249,3.97,0,0,25,0,0,0,0,0,0,0,0,0,0,0,0,0,0,0,0,0,0,0,0,0,0,0,0,0,"1",0,625,0,0,0,0,0,0,0,0,0,0,0,0,0,0,0,0,0,0,0,0,0,0,0,0,0,0
"Drew Smyly","NH","2019","PHI","Philadelphia Phillies",30.2,1,710,10000000,5000000,1,2,"2018","2019",0,0,0,0,162,81,81,0,0,0,0,0,1,774,5571,1369,215,794,0.472,0.261,3.98,-0.2,0.04,11,20,19,1,0,0,0,0,0,0,0,1,9,0,0,0,0,0,0,0.05,0,0.05,-85,0.035,-116,0,"1",0,121,400,361,1,0,0,0,0,0,0,0,1,81,0,0,0,0,0,0,0.0025,0,0.0025,7225,0.001225,13456,0,0
"Drew Smyly","NH","2019","PHI","Philadelphia Phillies",30.2,2,711,8723997.09738575,8723997.09738575,1,1,"2019","2019",0,0,0,0,162,81,81,0,0,0,0,0,1,774,5571,1369,215,794,0.472,0.261,3.98,-0.2,0.04,11,20,19,1,0,0,0,0,0,0,0,1,9,0,0,0,0,0,0,0.05,0,0.05,-85,0.035,-116,0,"1",0,121,400,361,1,0,0,0,0,0,0,0,1,81,0,0,0,0,0,0,0.0025,0,0.0025,7225,0.001225,13456,0,0
"Drew Smyly","NH","2021","ATL","Atlanta Braves",32.2,4,713,11000000,11000000,1,1,"2021","2021",0,0,0,0,161,88,73,1,1,15,1,1,0,790,5363,1307,239,656,0.501,0.26,3.67,-0.4,0.16,29,43,41,0,3,0,0,0,0,0,0,0,19,0,0,2,0,0,0.073,0.073,0.073,0.146,-61,0.059,-105,3,"1/H",0,841,1849,1681,0,9,0,0,0,0,0,0,0,361,0,0,4,0,0,0.005329,0.005329,0.005329,0.021316,3721,0.003481,11025,9,0
"Drew Smyly","NH","2023","CHC","Chicago Cubs",34.2,6,715,19000000,9500000,0,2,"2023","2024",0,0,0,0,162,83,79,0,0,4,0,0,0,819,5504,1399,196,723,0.513,0.262,3.7,0,0,1,0,0,0,0,0,0,0,0,0,0,0,0,0,0,0,0,0,0,0,0,0,0,0,0,0,"1",0,1,0,0,0,0,0,0,0,0,0,0,0,0,0,0,0,0,0,0,0,0,0,0,0,0,0,0
"Dustin Garneau","NH","2020","HOU","Houston Astros",33,1.058,716,650000,650000,1,1,"2020","2020",0,0,0,0,60,29,31,0,1,-2,0,0,0,279,1992,478,69,275,0.496,0.255,3.81,-0.4,0.16,17,46,38,4,6,0,1,1,4,0,0,6,15,1,0,2,0,0,0.158,0.273,0.289,0.562,54,0.255,48,11,"2/H",0,289,2116,1444,16,36,0,1,1,16,0,0,36,225,1,0,4,0,0,0.024964,0.074529,0.083521,0.315844,2916,0.065025,2304,121,0
"Dustin Garneau","NH","2021","DET","Detroit Tigers",34,2.14,717,674990.669239509,674990.669239509,1,1,"2021","2021",0,0,0,0,162,77,85,0,0,-8,0,0,0,697,5376,1299,179,756,0.504,0.265,4,0.5,0.25,20,68,62,9,13,5,0,6,11,0,0,3,18,2,1,0,2,0,0.21,0.25,0.581,0.831,122,0.333,112,36,"2",0,400,4624,3844,81,169,25,0,36,121,0,0,9,324,4,1,0,4,0,0.0441,0.0625,0.337561,0.690561,14884,0.110889,12544,1296,0
"Dustin Mcgowan","NH","2015","PHI","Philadelphia Phillies",33.4,8.113,718,507500,507500,1,1,"2015","2015",0,0,0,0,162,63,99,0,0,-36,0,0,1,626,5529,1374,130,809,0.472,0.261,3.97,0,0,13,3,3,0,0,0,0,0,0,0,0,0,3,0,0,0,0,0,0,0,0,0,-100,0,-136,0,"1",0,169,9,9,0,0,0,0,0,0,0,0,0,9,0,0,0,0,0,0,0,0,0,10000,0,18496,0,0
"Dustin Mcgowan","NH","2016","MIA","Miami Marlins",34.4,8.17,719,1324851.98019402,1324851.98019402,1,1,"2016","2016",0,0,0,0,161,79,82,0,0,-3,0,0,1,655,5547,1460,128,682,0.469,0.258,4.25,-0.1,0.01,50,4,4,0,0,0,0,0,0,0,0,0,3,0,0,0,0,0,0,0,0,0,-100,0,-133,0,"1",0,2500,16,16,0,0,0,0,0,0,0,0,0,9,0,0,0,0,0,0,0,0,0,10000,0,17689,0,0
"Dustin Mcgowan","NH","2017","MIA","Miami Marlins",35.4,9.161,720,1750000,1750000,0,1,"2017","2017",0,0,0,0,162,77,85,0,0,-8,0,0,2,778,5602,1497,194,822,0.47,0.258,4.27,-0.1,0.01,61,7,6,0,0,0,0,0,0,0,0,0,6,0,0,1,0,0,0,0,0,0,-100,0,-169,0,"1",0,3721,49,36,0,0,0,0,0,0,0,0,0,36,0,0,1,0,0,0,0,0,0,10000,0,28561,0,0
"Eddie Rosario","NH","2021","CLE","Cleveland Guardians",29.8,0,723,8000000,8000000,1,1,"2021","2021",0,0,0,0,162,80,82,0,0,-2,0,0,0,717,5332,1269,203,727,0.512,0.265,3.83,1.1,1.21,111,412,379,42,98,19,3,14,62,11,3,26,61,4,1,2,4,0,0.259,0.305,0.435,0.74,99,0.322,96,165,"7/HD9",0,12321,169744,143641,1764,9604,361,9,196,3844,121,9,676,3721,16,1,4,16,0,0.067081,0.093025,0.189225,0.5476,9801,0.103684,9216,27225,0
"Eddie Rosario","NH","2022","ATL","Atlanta Braves",30.8,1,724,18000000,9000000,0,2,"2022","2023",0,0,0,0,162,101,61,1,1,40,0,0,1,789,5509,1394,243,609,0.502,0.26,3.67,-1.9,3.61,80,270,250,27,53,12,1,5,24,3,0,17,68,3,0,0,3,0,0.212,0.259,0.328,0.587,62,0.263,56,82,"79H/D",0,6400,72900,62500,729,2809,144,1,25,576,9,0,289,4624,9,0,0,9,0,0.044944,0.067081,0.107584,0.344569,3844,0.069169,3136,6724,0
"Eddie Rosario","NH","2023","ATL","Atlanta Braves",31.8,2,724,18000000,9000000,0,2,"2022","2023",0,0,0,0,162,104,58,1,1,46,0,0,0,947,5597,1543,307,716,0.503,0.26,3.67,1.2,1.44,142,516,478,64,122,24,3,21,74,3,4,34,122,13,1,1,2,1,0.255,0.305,0.45,0.755,101,0.324,100,215,"7DH",0,20164,266256,228484,4096,14884,576,9,441,5476,9,16,1156,14884,169,1,1,4,1,0.065025,0.093025,0.2025,0.570025,10201,0.104976,10000,46225,0
"Eddie Rosario","NH","2024","WSH","Washington Nationals",32.8,3,725,1408881.72723938,1408881.72723938,1,1,"2024","2024",0,0,0,0,162,71,91,0,0,-20,0,0,0,660,5374,1306,135,764,0.483,0.254,3.9,-1.6,2.56,91,319,297,33,52,12,0,10,35,9,1,16,77,4,0,2,4,0,0.175,0.215,0.316,0.531,48,0.241,43,94,"79D8/H",0,8281,101761,88209,1089,2704,144,0,100,1225,81,1,256,5929,16,0,4,16,0,0.030625,0.046225,0.099856,0.281961,2304,0.058081,1849,8836,0
"Eddie Rosario","NH","2025","ATL","Atlanta Braves",33.8,4,726,760000,760000,1,1,"2025","2025",0,0,0,0,162,76,86,0,0,-10,0,0,1,724,5508,1349,190,734,0.503,0.26,3.67,0,0,5,8,8,1,1,0,0,0,0,0,0,0,2,0,0,0,0,0,0.125,0.125,0.125,0.25,-29,0.113,-43,1,"/DH9",0,25,64,64,1,1,0,0,0,0,0,0,0,4,0,0,0,0,0,0.015625,0.015625,0.015625,0.0625,841,0.012769,1849,1,0
"Edinson Volquez","NH","2014","PIT","Pittsburgh Pirates",31.1,0,727,5000000,5000000,1,1,"2014","2014",0,0,0,0,159,88,74,0,1,14,0,0,0,682,5536,1437,156,631,0.504,0.265,3.71,-0.4,0.16,30,64,53,3,2,0,0,0,2,0,0,3,27,0,0,8,0,0,0.038,0.089,0.038,0.127,-62,0.069,-116,2,"1",0,900,4096,2809,9,4,0,0,0,4,0,0,9,729,0,0,64,0,0,0.001444,0.007921,0.001444,0.016129,3844,0.004761,13456,4,0
"Edinson Volquez","NH","2015","KC","Kansas City Royals",32.1,1,728,20000000,10000000,1,2,"2015","2016",0,0,0,0,162,95,67,1,1,28,1,1,0,724,5575,1497,139,641,0.485,0.265,4.19,-0.1,0.01,3,6,6,0,0,0,0,0,0,0,0,0,4,0,0,0,0,0,0,0,0,0,-100,0,-145,0,"1",0,9,36,36,0,0,0,0,0,0,0,0,0,16,0,0,0,0,0,0,0,0,0,10000,0,21025,0,0
"Edinson Volquez","NH","2016","KC","Kansas City Royals",33.1,2,728,20000000,10000000,1,2,"2015","2016",0,0,0,0,162,81,81,0,0,0,0,0,0,675,5552,1450,147,712,0.485,0.265,4.19,-0.1,0.01,2,5,5,0,0,0,0,0,0,0,0,0,3,0,0,0,0,0,0,0,0,0,-100,0,-140,0,"1",0,4,25,25,0,0,0,0,0,0,0,0,0,9,0,0,0,0,0,0,0,0,0,10000,0,19600,0,0
"Edinson Volquez","NH","2017","MIA","Miami Marlins",34.1,3,729,22000000,11000000,1,2,"2017","2018",0,0,0,0,162,77,85,0,0,-8,0,0,2,778,5602,1497,194,822,0.47,0.258,4.27,0.2,0.04,15,30,26,0,5,0,0,0,1,0,0,1,11,0,0,2,1,0,0.192,0.214,0.192,0.407,13,0.217,20,5,"1",0,225,900,676,0,25,0,0,0,1,0,0,1,121,0,0,4,1,0,0.036864,0.045796,0.036864,0.165649,169,0.047089,400,25,0
"Eduardo Nunez","NH","2018","BOS","Boston Red Sox",31.2,0,732,8000000,4000000,0,2,"2018","2019",0,0,0,0,162,108,54,1,1,54,1,1,0,876,5623,1509,208,647,0.519,0.267,3.9,-0.8,0.64,127,502,480,56,127,23,3,10,44,7,2,16,69,17,2,1,3,0,0.265,0.289,0.388,0.677,81,0.303,80,186,"45D/H",0,16129,252004,230400,3136,16129,529,9,100,1936,49,4,256,4761,289,4,1,9,0,0.070225,0.083521,0.150544,0.458329,6561,0.091809,6400,34596,0
"Eduardo Nunez","NH","2019","BOS","Boston Red Sox",32.2,1,732,8000000,4000000,0,2,"2018","2019",0,0,0,0,162,84,78,0,0,6,0,0,1,901,5770,1554,245,828,0.519,0.267,3.91,-1.5,2.25,60,174,167,13,38,7,0,2,20,5,1,4,27,6,0,1,2,0,0.228,0.243,0.305,0.548,41,0.252,37,51,"4HD/561",0,3600,30276,27889,169,1444,49,0,4,400,25,1,16,729,36,0,1,4,0,0.051984,0.059049,0.093025,0.300304,1681,0.063504,1369,2601,0
"Eduardo Nunez","NH","2020","NYM","New York Mets",33.2,2,733,1531773.33736781,1531773.33736781,1,1,"2020","2020",0,0,0,0,60,26,34,0,0,-8,0,0,0,286,2023,551,86,308,0.48,0.25,3.8,0,0,2,2,2,0,1,0,0,0,0,1,0,0,0,0,0,0,0,0,0.5,0.5,0.5,1,178,0.521,156,1,"/9DH",0,4,4,4,0,1,0,0,0,0,1,0,0,0,0,0,0,0,0,0.25,0.25,0.25,1,31684,0.271441,24336,1,0
"Edward Mujica","NH","2014","BOS","Boston Red Sox",30.2,0,736,9500000,4750000,1,2,"2014","2015",0,0,0,0,162,71,91,0,0,-20,1,1,0,634,5551,1355,123,715,0.517,0.267,3.9,0,0,4,0,0,0,0,0,0,0,0,0,0,0,0,0,0,0,0,0,0,0,0,0,0,0,0,0,"1",0,16,0,0,0,0,0,0,0,0,0,0,0,0,0,0,0,0,0,0,0,0,0,0,0,0,0,0
"Edward Mujica","NH","2015","OAK","Oakland Athletics",31.2,1,736,9500000,4750000,1,2,"2014","2015",0,0,0,0,162,68,94,0,0,-26,0,0,0,694,5600,1405,146,729,0.487,0.259,3.97,0,0,4,0,0,0,0,0,0,0,0,0,0,0,0,0,0,0,0,0,0,0,0,0,0,0,0,0,"1",0,16,0,0,0,0,0,0,0,0,0,0,0,0,0,0,0,0,0,0,0,0,0,0,0,0,0,0
"Edwin Encarnacion","H","2017","CLE","Cleveland Guardians",34.6,11.085,738,60000000,20000000,1,3,"2017","2019",2,1,0,0,162,102,60,1,1,42,0,0,1,818,5511,1449,212,564,0.511,0.266,3.83,2.8,7.84,157,669,554,96,143,20,1,38,107,2,0,104,133,18,5,0,5,5,0.258,0.377,0.504,0.881,128,0.382,132,279,"D3/H",1,24649,447561,306916,9216,20449,400,1,1444,11449,4,0,10816,17689,324,25,0,25,25,0.066564,0.142129,0.254016,0.776161,16384,0.145924,17424,77841,1
"Edwin Encarnacion","H","2018","CLE","Cleveland Guardians",35.6,12.085,738,60000000,20000000,1,3,"2017","2019",0,0,0,0,162,91,71,1,1,20,0,0,1,818,5595,1447,216,648,0.511,0.266,3.83,1.9,3.61,137,579,500,74,123,16,1,32,107,3,0,63,132,14,8,0,7,2,0.246,0.336,0.474,0.81,116,0.355,118,237,"D3",1,18769,335241,250000,5476,15129,256,1,1024,11449,9,0,3969,17424,196,64,0,49,4,0.060516,0.112896,0.224676,0.6561,13456,0.126025,13924,56169,1
"Edwin Encarnacion","H","2019","SEA","Seattle Mariners",36.6,13.085,738,60000000,20000000,1,3,"2017","2019",0,0,0,0,162,68,94,0,0,-26,0,0,1,758,5500,1305,239,893,0.471,0.26,4.33,2.9,8.41,109,486,418,81,102,18,0,34,86,0,1,58,103,4,7,0,3,1,0.244,0.344,0.531,0.875,131,0.37,134,222,"3D/4H",0,11881,236196,174724,6561,10404,324,0,1156,7396,0,1,3364,10609,16,49,0,9,1,0.059536,0.118336,0.281961,0.765625,17161,0.1369,17956,49284,0
"Edwin Encarnacion","H","2020","CHW","Chicago White Sox",37.6,14.085,739,12000000,12000000,1,1,"2020","2020",0,0,0,0,60,35,25,0,1,10,0,0,0,306,2047,534,96,246,0.502,0.26,3.78,-0.4,0.16,44,181,159,19,25,5,0,10,19,0,0,16,54,3,4,0,1,0,0.157,0.25,0.377,0.627,70,0.291,77,60,"D/H",0,1936,32761,25281,361,625,25,0,100,361,0,0,256,2916,9,16,0,1,0,0.024649,0.0625,0.142129,0.393129,4900,0.084681,5929,3600,0
"Edwin Jackson","NH","2012","WSH","Washington Nationals",28.9,6.07,740,11000000,11000000,1,1,"2012","2012",0,0,0,0,162,98,64,1,1,34,0,0,0,731,5615,1468,194,594,0.478,0.254,3.91,0.4,0.16,32,65,57,6,13,0,0,0,0,0,0,3,21,0,0,5,0,0,0.228,0.267,0.228,0.495,36,0.237,24,13,"1/H",0,1024,4225,3249,36,169,0,0,0,0,0,0,9,441,0,0,25,0,0,0.051984,0.071289,0.051984,0.245025,1296,0.056169,576,169,0
"Edwin Jackson","NH","2013","CHC","Chicago Cubs",29.9,7.07,741,52000000,13000000,1,4,"2013","2016",0,0,0,0,162,66,96,0,0,-30,0,0,1,612,5496,1307,172,695,0.511,0.263,3.68,-0.1,0.01,30,59,52,4,4,1,0,1,4,0,0,2,17,0,0,5,0,0,0.077,0.111,0.154,0.265,-28,0.139,-56,8,"1",0,900,3481,2704,16,16,1,0,1,16,0,0,4,289,0,0,25,0,0,0.005929,0.012321,0.023716,0.070225,784,0.019321,3136,64,0
"Edwin Jackson","NH","2014","CHC","Chicago Cubs",30.9,8.07,741,52000000,13000000,1,4,"2013","2016",0,0,0,0,158,73,89,0,0,-16,0,0,2,614,5508,1315,157,707,0.511,0.263,3.68,0.2,0.04,28,44,40,2,7,2,0,0,0,0,0,0,21,0,0,4,0,0,0.175,0.175,0.225,0.4,11,0.2,-3,9,"1/H",0,784,1936,1600,4,49,4,0,0,0,0,0,0,441,0,0,16,0,0,0.030625,0.030625,0.050625,0.16,121,0.04,9,81,0
"Edwin Jackson","NH","2015","ATL","Atlanta Braves",31.9,9.07,741,52000000,13000000,1,4,"2013","2016",0,0,0,0,162,67,95,0,0,-28,0,0,1,573,5420,1361,100,760,0.501,0.26,3.64,0,0,45,1,1,0,0,0,0,0,0,0,0,0,0,0,0,0,0,0,0,0,0,0,-100,0,-136,0,"1",0,2025,1,1,0,0,0,0,0,0,0,0,0,0,0,0,0,0,0,0,0,0,0,10000,0,18496,0,0
"Edwin Jackson","NH","2015","ATL","Atlanta Braves",31.9,9.07,742,687225.311355765,687225.311355765,1,1,"2015","2015",0,0,0,0,162,67,95,0,0,-28,0,0,1,573,5420,1361,100,760,0.501,0.26,3.64,0,0,45,1,1,0,0,0,0,0,0,0,0,0,0,0,0,0,0,0,0,0,0,0,-100,0,-136,0,"1",0,2025,1,1,0,0,0,0,0,0,0,0,0,0,0,0,0,0,0,0,0,0,0,10000,0,18496,0,0
"Edwin Jackson","NH","2016","SD","San Diego Padres",32.9,10.07,741,52000000,13000000,1,4,"2013","2016",0,0,0,0,162,68,94,0,0,-26,0,0,1,686,5419,1275,177,770,0.463,0.25,3.93,0.3,0.09,23,27,23,2,5,1,0,0,2,1,0,3,11,0,0,1,0,0,0.217,0.308,0.261,0.569,58,0.346,107,6,"1/H",0,529,729,529,4,25,1,0,0,4,1,0,9,121,0,0,1,0,0,0.047089,0.094864,0.068121,0.323761,3364,0.119716,11449,36,0
"Edwin Jackson","NH","2016","SD","San Diego Padres",32.9,10.064,743,507500,507500,1,1,"2016","2016",0,0,0,0,162,68,94,0,0,-26,0,0,1,686,5419,1275,177,770,0.463,0.25,3.93,0.3,0.09,23,27,23,2,5,1,0,0,2,1,0,3,11,0,0,1,0,0,0.217,0.308,0.261,0.569,58,0.346,107,6,"1/H",0,529,729,529,4,25,1,0,0,4,1,0,9,121,0,0,1,0,0,0.047089,0.094864,0.068121,0.323761,3364,0.119716,11449,36,0
"Edwin Jackson","NH","2017","WSH","Washington Nationals",33.9,11.031,744,1725000,1725000,1,1,"2017","2017",0,0,0,0,162,97,65,1,1,32,0,0,2,819,5553,1477,215,672,0.487,0.254,3.87,-0.3,0.09,17,21,21,3,2,0,0,0,0,0,0,0,15,0,0,0,0,0,0.095,0.095,0.095,0.19,-50,0.085,-84,2,"1/H",0,289,441,441,9,4,0,0,0,0,0,0,0,225,0,0,0,0,0,0.009025,0.009025,0.009025,0.0361,2500,0.007225,7056,4,0
"Edwin Jackson","NH","2018","OAK","Oakland Athletics",34.9,11.114,745,1500000,1500000,1,1,"2018","2018",0,0,0,0,162,97,65,0,1,32,0,0,0,813,5579,1407,227,674,0.488,0.259,3.98,0,0,1,2,2,0,0,0,0,0,0,0,0,0,0,0,0,0,0,0,0,0,0,0,-100,0,-135,0,"1",0,1,4,4,0,0,0,0,0,0,0,0,0,0,0,0,0,0,0,0,0,0,0,10000,0,18225,0,0
"Edwin Jackson","NH","2019","TOR","Toronto Blue Jays",35.9,12.04,746,691688.341292727,691688.341292727,1,1,"2019","2019",0,0,0,0,162,67,95,0,0,-28,0,0,1,726,5493,1299,247,828,0.495,0.26,4.24,0,0,2,3,3,0,0,0,0,0,0,0,0,0,2,0,0,0,0,0,0,0,0,0,-100,0,-126,0,"/1",0,4,9,9,0,0,0,0,0,0,0,0,0,4,0,0,0,0,0,0,0,0,0,10000,0,15876,0,0
"Ehire Adrianza","NH","2021","ATL","Atlanta Braves",32,0,747,1500000,1500000,1,1,"2021","2021",0,0,0,0,161,88,73,1,1,15,1,1,0,790,5363,1307,239,656,0.501,0.26,3.67,0.5,0.25,109,209,182,32,45,9,2,5,28,0,0,21,42,4,2,1,3,0,0.247,0.327,0.401,0.728,92,0.326,94,73,"H59/4768D",0,11881,43681,33124,1024,2025,81,4,25,784,0,0,441,1764,16,4,1,9,0,0.061009,0.106929,0.160801,0.529984,8464,0.106276,8836,5329,0
"Ehire Adrianza","NH","2022","WSH","Washington Nationals",33,1,748,1500000,1500000,1,1,"2022","2022",0,0,0,0,162,55,107,0,0,-52,0,0,0,603,5434,1351,136,855,0.484,0.254,3.92,-0.5,0.25,37,110,97,8,17,3,0,0,7,1,0,11,25,2,1,0,1,0,0.175,0.264,0.206,0.47,38,0.224,36,20,"5/74H61D",0,1369,12100,9409,64,289,9,0,0,49,1,0,121,625,4,1,0,1,0,0.030625,0.069696,0.042436,0.2209,1444,0.050176,1296,400,0
"Ehire Adrianza","NH","2023","ATL","Atlanta Braves",34,2,749,1000000,1000000,1,1,"2023","2023",0,0,0,0,162,104,58,1,1,46,0,0,0,947,5597,1543,307,716,0.503,0.26,3.67,-0.3,0.09,5,11,10,0,0,0,0,0,0,0,0,1,4,0,0,0,0,0,0,0.091,0,0.091,-72,0.064,-88,0,"/6H",0,25,121,100,0,0,0,0,0,0,0,0,1,16,0,0,0,0,0,0,0.008281,0,0.008281,5184,0.004096,7744,0,0
"Ehire Adrianza","NH","2024","LAA","Los Angeles Angels",35,3,750,1028380.82280247,1028380.82280247,1,1,"2024","2024",0,0,0,0,162,63,99,0,0,-36,0,0,0,635,5357,1227,165,797,0.495,0.256,4,0.1,0.01,8,28,26,4,5,1,0,1,2,0,0,2,11,1,0,0,0,0,0.192,0.25,0.346,0.596,67,0.255,57,9,"/54H",0,64,784,676,16,25,1,0,1,4,0,0,4,121,1,0,0,0,0,0.036864,0.0625,0.119716,0.355216,4489,0.065025,3249,81,0
"Elias Diaz","NH","2020","COL","Colorado Rockies",29.8,0,751,704615.735189191,704615.735189191,1,1,"2020","2020",0,0,0,0,60,26,34,0,0,-8,0,0,1,275,2057,528,63,353,0.471,0.274,4.98,0,0,26,73,68,4,16,2,0,2,9,0,0,5,15,4,0,0,0,0,0.235,0.288,0.353,0.641,63,0.295,64,24,"2/HD",0,676,5329,4624,16,256,4,0,4,81,0,0,25,225,16,0,0,0,0,0.055225,0.082944,0.124609,0.410881,3969,0.087025,4096,576,0
"Elias Diaz","NH","2024","COL","Colorado Rockies",33.8,1,752,1028380.82280247,1028380.82280247,1,1,"2024","2024",0,0,0,0,162,61,101,0,0,-40,0,0,1,682,5454,1319,179,929,0.462,0.271,5.02,1.2,1.44,96,351,325,27,86,20,0,6,39,0,0,20,69,15,4,0,2,2,0.265,0.313,0.382,0.695,86,0.309,84,124,"2D/H",0,9216,123201,105625,729,7396,400,0,36,1521,0,0,400,4761,225,16,0,4,4,0.070225,0.097969,0.145924,0.483025,7396,0.095481,7056,15376,0
"Elias Diaz","NH","2025","SD","San Diego Padres",34.8,2,753,3500000,3500000,0,1,"2025","2025",0,0,0,0,162,90,72,0,1,18,0,0,0,702,5424,1369,152,621,0.468,0.249,3.96,-0.2,0.04,106,283,255,34,52,7,0,9,29,0,0,21,74,11,2,5,0,0,0.204,0.27,0.337,0.607,67,0.271,63,86,"2H",0,11236,80089,65025,1156,2704,49,0,81,841,0,0,441,5476,121,4,25,0,0,0.041616,0.0729,0.113569,0.368449,4489,0.073441,3969,7396,0
"Elliot Johnson",NA,"2014","CLE","Cleveland Guardians",30.4,0,754,930000,930000,1,1,"2014","2014",0,0,0,0,162,85,77,0,0,8,0,0,0,669,5575,1411,142,653,0.509,0.266,3.84,-0.4,0.16,7,20,19,1,2,2,0,0,0,0,0,0,7,0,0,1,0,0,0.105,0.105,0.211,0.316,-14,0.134,-49,4,"/94H5",0,49,400,361,1,4,4,0,0,0,0,0,0,49,0,0,1,0,0,0.011025,0.011025,0.044521,0.099856,196,0.017956,2401,16,0
"Elvis Andrus","NH","2022","OAK","Oakland Athletics",34,13,756,780223.372192982,780223.372192982,1,1,"2022","2022",0,0,0,0,162,60,102,0,0,-42,0,0,0,568,5314,1147,137,770,0.488,0.258,3.98,3.1,9.61,149,577,535,66,133,32,0,17,58,18,4,39,92,11,3,0,0,0,0.249,0.303,0.404,0.707,104,0.322,107,216,"6/HD",0,22201,332929,286225,4356,17689,1024,0,289,3364,324,16,1521,8464,121,9,0,0,0,0.062001,0.091809,0.163216,0.499849,10816,0.103684,11449,46656,0
"Elvis Andrus","NH","2023","CHW","Chicago White Sox",35,14,757,3000000,3000000,0,1,"2023","2023",0,0,0,0,162,61,101,0,0,-40,0,0,0,641,5501,1308,171,841,0.502,0.26,3.79,0.7,0.49,112,406,374,39,94,20,1,6,44,12,4,25,71,11,4,1,2,1,0.251,0.304,0.358,0.662,82,0.294,80,134,"46/H5D",0,12544,164836,139876,1521,8836,400,1,36,1936,144,16,625,5041,121,16,1,4,1,0.063001,0.092416,0.128164,0.438244,6724,0.086436,6400,17956,0
"Emilio Bonifacio","NH","2015","CHW","Chicago White Sox",30.3,6.066,758,4000000,4000000,1,1,"2015","2015",0,0,0,0,162,76,86,0,0,-10,0,0,0,622,5533,1381,136,701,0.504,0.261,3.75,-0.9,0.81,47,82,78,5,13,2,0,0,4,1,4,2,27,1,1,1,0,0,0.167,0.198,0.192,0.39,10,0.164,0,15,"H4/D875",0,2209,6724,6084,25,169,4,0,0,16,1,16,4,729,1,1,1,0,0,0.027889,0.039204,0.036864,0.1521,100,0.026896,0,225,0
"Emilio Bonifacio","NH","2020","WSH","Washington Nationals",35.3,7.135,759,1000000,1000000,1,1,"2020","2020",0,0,0,0,60,26,34,0,0,-8,0,0,1,293,1968,519,66,301,0.489,0.254,3.88,-0.1,0.01,3,3,3,1,0,0,0,0,0,0,1,0,2,0,0,0,0,0,0,0,0,0,-100,-0.171,-127,0,"/H7",0,9,9,9,1,0,0,0,0,0,0,1,0,4,0,0,0,0,0,0,0,0,0,10000,0.029241,16129,0,0
"Endy Chavez","NH","2012","BAL","Baltimore Orioles",34.5,0,760,1500000,1500000,1,1,"2012","2012",0,0,0,0,162,93,69,0,1,24,0,0,0,712,5560,1375,214,705,0.475,0.259,4.01,-0.8,0.64,64,169,158,15,32,6,0,2,12,3,2,6,24,2,1,4,0,1,0.203,0.236,0.278,0.515,40,0.237,33,44,"79H/8",0,4096,28561,24964,225,1024,36,0,4,144,9,4,36,576,4,1,16,0,1,0.041209,0.055696,0.077284,0.265225,1600,0.056169,1089,1936,0
"Eric Chavez","NH","2012","NYY","New York Yankees",34.7,13.02,768,900000,900000,0,1,"2012","2012",0,0,0,0,162,95,67,1,1,28,0,0,0,804,5524,1462,245,668,0.568,0.268,3.64,1.6,2.56,113,313,278,36,78,12,0,16,37,0,0,30,59,10,1,0,4,3,0.281,0.348,0.496,0.845,125,0.364,125,138,"5HD3",0,12769,97969,77284,1296,6084,144,0,256,1369,0,0,900,3481,100,1,0,16,9,0.078961,0.121104,0.246016,0.714025,15625,0.132496,15625,19044,0
"Eric Chavez","NH","2013","ARI","Arizona Diamondbacks",35.7,14.02,769,3000000,3000000,1,1,"2013","2013",0,0,0,0,162,81,81,0,0,0,0,0,0,685,5676,1468,130,695,0.498,0.258,4.23,1,1,80,254,228,28,64,14,2,9,44,1,0,19,45,7,1,0,5,4,0.281,0.332,0.478,0.81,120,0.351,117,109,"5H/3D",0,6400,64516,51984,784,4096,196,4,81,1936,1,0,361,2025,49,1,0,25,16,0.078961,0.110224,0.228484,0.6561,14400,0.123201,13689,11881,0
"Eric Chavez","NH","2014","ARI","Arizona Diamondbacks",36.7,15.02,770,3500000,3500000,0,1,"2014","2014",0,0,0,0,162,64,98,0,0,-34,0,0,0,615,5552,1379,118,742,0.492,0.258,4.23,0.4,0.16,44,81,69,6,17,3,1,3,8,2,0,11,19,2,0,0,1,0,0.246,0.346,0.449,0.795,120,0.359,120,31,"H5/D",0,1936,6561,4761,36,289,9,1,9,64,4,0,121,361,4,0,0,1,0,0.060516,0.119716,0.201601,0.632025,14400,0.128881,14400,961,0
"Eric Fryer","NH","2013","MIN","Minnesota Twins",28,0,771,515000,515000,1,1,"2013","2013",0,0,0,0,162,66,96,0,0,-30,0,0,0,617,5577,1335,151,798,0.481,0.263,3.96,0.5,0.25,6,16,13,2,5,1,0,1,4,0,0,3,3,1,0,0,0,0,0.385,0.5,0.692,1.192,225,0.507,234,9,"/2DH",0,36,256,169,4,25,1,0,1,16,0,0,9,9,1,0,0,0,0,0.148225,0.25,0.478864,1.420864,50625,0.257049,54756,81,0
"Eric Fryer","NH","2015","MIN","Minnesota Twins",30,1,772,687225.311355765,687225.311355765,0,1,"2015","2015",0,0,0,0,162,83,79,0,0,4,0,0,0,696,5467,1349,156,700,0.48,0.263,3.97,0.2,0.04,15,27,22,2,5,2,0,0,2,0,0,5,11,0,0,0,0,0,0.227,0.37,0.318,0.689,93,0.316,94,7,"2/H",0,225,729,484,4,25,4,0,0,4,0,0,25,121,0,0,0,0,0,0.051529,0.1369,0.101124,0.474721,8649,0.099856,8836,49,0
"Eric Fryer","NH","2016","PIT","Pittsburgh Pirates",31,2,773,672362.379948466,672362.379948466,1,1,"2016","2016",0,0,0,0,162,78,83,0,0,-5,0,0,0,729,5542,1426,153,758,0.504,0.265,3.71,0.4,0.16,60,133,116,19,31,4,1,0,13,0,3,13,25,1,0,2,2,0,0.267,0.336,0.319,0.655,78,0.295,81,37,"2H",0,3600,17689,13456,361,961,16,1,0,169,0,9,169,625,1,0,4,4,0,0.071289,0.112896,0.101761,0.429025,6084,0.087025,6561,1369,0
"Eric Hosmer","NH","2018","SD","San Diego Padres",28.8,6.146,774,144000000,18000000,1,8,"2018","2025",0,0,0,0,162,66,96,0,0,-30,0,0,1,617,5486,1289,162,767,0.461,0.25,3.96,1.1,1.21,157,677,613,72,155,31,2,18,69,7,4,62,142,18,1,0,1,10,0.253,0.322,0.398,0.72,100,0.317,98,244,"3/H",0,24649,458329,375769,5184,24025,961,4,324,4761,49,16,3844,20164,324,1,0,1,100,0.064009,0.103684,0.158404,0.5184,10000,0.100489,9604,59536,0
"Eric Hosmer","NH","2019","SD","San Diego Padres",29.8,7.146,774,144000000,18000000,1,8,"2018","2025",0,0,0,0,162,70,92,0,0,-22,0,0,0,682,5391,1281,219,789,0.461,0.249,3.97,-0.4,0.16,160,667,619,72,164,29,2,22,99,0,3,40,163,12,3,0,5,3,0.265,0.31,0.425,0.735,94,0.314,93,263,"3/HD",0,25600,444889,383161,5184,26896,841,4,484,9801,0,9,1600,26569,144,9,0,25,9,0.070225,0.0961,0.180625,0.540225,8836,0.098596,8649,69169,0
"Eric Hosmer","NH","2020","SD","San Diego Padres",30.8,8.146,774,144000000,18000000,1,8,"2018","2025",0,0,0,0,60,37,23,0,1,14,0,0,0,325,1972,506,95,241,0.462,0.249,3.97,1.1,1.21,38,156,143,23,41,6,0,9,36,4,0,9,28,3,2,0,2,0,0.287,0.333,0.517,0.851,132,0.365,128,74,"3/DH",0,1444,24336,20449,529,1681,36,0,81,1296,16,0,81,784,9,4,0,4,0,0.082369,0.110889,0.267289,0.724201,17424,0.133225,16384,5476,0
"Eric Hosmer","NH","2021","SD","San Diego Padres",31.8,9.146,774,144000000,18000000,1,8,"2018","2025",0,0,0,0,162,79,83,0,0,-4,0,0,0,729,5384,1305,180,708,0.462,0.249,3.97,1.2,1.44,151,565,509,53,137,28,0,12,65,5,4,48,99,13,5,1,2,2,0.269,0.337,0.395,0.732,104,0.325,107,201,"3H/D",0,22801,319225,259081,2809,18769,784,0,144,4225,25,16,2304,9801,169,25,1,4,4,0.072361,0.113569,0.156025,0.535824,10816,0.105625,11449,40401,0
"Eric Hosmer","NH","2022","SD","San Diego Padres",32.8,10.146,774,144000000,18000000,1,8,"2018","2025",0,0,0,0,162,89,73,0,1,16,0,0,1,705,5468,1317,153,660,0.464,0.249,3.97,1,1,104,419,380,38,102,19,0,8,44,0,0,37,64,12,1,0,1,5,0.268,0.334,0.382,0.716,107,0.329,114,145,"3/D",0,10816,175561,144400,1444,10404,361,0,64,1936,0,0,1369,4096,144,1,0,1,25,0.071824,0.111556,0.145924,0.512656,11449,0.108241,12996,21025,0
"Eric Hosmer","NH","2023","CHC","Chicago Cubs",33.8,11.146,774,144000000,18000000,1,8,"2018","2025",0,0,0,0,162,83,79,0,0,4,0,0,0,819,5504,1399,196,723,0.513,0.262,3.7,-0.4,0.16,31,100,94,7,22,3,0,2,14,0,0,6,25,5,0,0,0,0,0.234,0.28,0.33,0.61,68,0.268,62,31,"3D/H",0,961,10000,8836,49,484,9,0,4,196,0,0,36,625,25,0,0,0,0,0.054756,0.0784,0.1089,0.3721,4624,0.071824,3844,961,0
"Eric Hosmer","NH","2023","CHC","Chicago Cubs",33.8,11.146,775,720000,720000,1,1,"2023","2023",0,0,0,0,162,83,79,0,0,4,0,0,0,819,5504,1399,196,723,0.513,0.262,3.7,-0.4,0.16,31,100,94,7,22,3,0,2,14,0,0,6,25,5,0,0,0,0,0.234,0.28,0.33,0.61,68,0.268,62,31,"3D/H",0,961,10000,8836,49,484,9,0,4,196,0,0,36,625,25,0,0,0,0,0.054756,0.0784,0.1089,0.3721,4624,0.071824,3844,961,0
"Eric Oflaherty","NH","2014","OAK","Oakland Athletics",29.5,0,776,7000000,3500000,1,2,"2014","2015",0,0,0,0,162,88,74,0,1,14,0,0,2,729,5545,1354,146,572,0.488,0.259,3.97,0,0,4,0,0,0,0,0,0,0,0,0,0,0,0,0,0,0,0,0,0,0,0,0,0,0,0,0,"1",0,16,0,0,0,0,0,0,0,0,0,0,0,0,0,0,0,0,0,0,0,0,0,0,0,0,0,0
"Eric Oflaherty","NH","2015","NYM","New York Mets",30.5,1,776,7000000,3500000,1,2,"2014","2015",0,0,0,0,162,90,72,1,1,18,1,0,1,683,5527,1351,177,613,0.48,0.25,3.76,0,0,18,0,0,0,0,0,0,0,0,0,0,0,0,0,0,0,0,0,0,0,0,0,0,0,0,0,"1",0,324,0,0,0,0,0,0,0,0,0,0,0,0,0,0,0,0,0,0,0,0,0,0,0,0,0,0
"Eric Oflaherty","NH","2016","ATL","Atlanta Braves",31.5,2,777,1750000,1750000,1,1,"2016","2016",0,0,0,0,161,68,93,0,0,-25,0,0,0,649,5514,1404,122,779,0.5,0.26,3.65,0,0,37,0,0,0,0,0,0,0,0,0,0,0,0,0,0,0,0,0,0,0,0,0,0,0,0,0,"1",0,1369,0,0,0,0,0,0,0,0,0,0,0,0,0,0,0,0,0,0,0,0,0,0,0,0,0,0
"Eric Sogard","NH","2020","MIL","Milwaukee Brewers",34.2,7.134,778,4500000,4500000,1,1,"2020","2020",0,0,0,0,60,29,31,0,1,-2,0,0,1,247,1920,429,75,264,0.481,0.257,4.18,-0.2,0.04,43,128,115,10,24,5,0,1,10,0,0,11,20,1,1,0,1,0,0.209,0.281,0.278,0.56,51,0.256,47,32,"5H/467D",0,1849,16384,13225,100,576,25,0,1,100,0,0,121,400,1,1,0,1,0,0.043681,0.078961,0.077284,0.3136,2601,0.065536,2209,1024,0
"Eric Sogard","NH","2021","CHC","Chicago Cubs",35.2,8.134,779,1000000,1000000,1,1,"2021","2021",0,0,0,0,162,71,91,0,0,-20,0,0,0,705,5306,1255,210,839,0.513,0.262,3.69,-0.6,0.36,78,180,169,16,42,6,1,1,12,3,1,9,30,5,0,0,2,1,0.249,0.283,0.314,0.597,62,0.259,50,53,"4H5/163",0,6084,32400,28561,256,1764,36,1,1,144,9,1,81,900,25,0,0,4,1,0.062001,0.080089,0.098596,0.356409,3844,0.067081,2500,2809,0
"Eric Young Jr","NH","2015","ATL","Atlanta Braves",30.2,0,780,1000000,1000000,1,1,"2015","2015",0,0,0,0,162,67,95,0,0,-28,0,0,1,573,5420,1361,100,760,0.501,0.26,3.64,-0.4,0.16,53,94,85,16,13,4,2,0,5,6,2,6,18,1,1,2,0,1,0.153,0.217,0.247,0.464,29,0.211,10,21,"H78/9",0,2809,8836,7225,256,169,16,4,0,25,36,4,36,324,1,1,4,0,1,0.023409,0.047089,0.061009,0.215296,841,0.044521,100,441,0
"Eric Young Jr","NH","2016","NYY","New York Yankees",31.2,1,781,1000000,1000000,1,1,"2016","2016",0,0,0,0,162,84,78,0,0,6,0,0,0,680,5458,1378,183,702,0.569,0.267,3.64,-0.1,0.01,6,1,1,2,0,0,0,0,0,1,0,0,0,0,0,0,0,0,0,0,0,0,-100,0.24,-133,0,"/DH8",0,36,1,1,4,0,0,0,0,0,1,0,0,0,0,0,0,0,0,0,0,0,0,10000,0.0576,17689,0,0
"Erick Aybar","NH","2017","SD","San Diego Padres",33.6,4.086,782,1750000,1750000,1,1,"2017","2017",0,0,0,0,162,71,91,0,0,-20,0,0,0,604,5356,1251,189,816,0.462,0.25,3.95,-0.2,0.04,108,370,333,37,78,15,1,7,22,11,4,28,57,5,4,3,2,2,0.234,0.3,0.348,0.648,73,0.294,73,116,"6H/1",0,11664,136900,110889,1369,6084,225,1,49,484,121,16,784,3249,25,16,9,4,4,0.054756,0.09,0.121104,0.419904,5329,0.086436,5329,13456,0
"Erik Bedard",NA,"2013","HOU","Houston Astros",34.4,0,786,1150000,1150000,1,1,"2013","2013",0,0,0,0,162,51,111,0,0,-60,0,0,0,610,5457,1307,148,848,0.488,0.254,3.81,-0.1,0.01,2,4,3,0,0,0,0,0,0,0,0,0,1,0,0,1,0,0,0,0,0,0,-100,0,-218,0,"1",0,4,16,9,0,0,0,0,0,0,0,0,0,1,0,0,1,0,0,0,0,0,0,10000,0,47524,0,0
"Erik Bedard",NA,"2014","TB","Tampa Bay Rays",35.4,1,787,1150000,1150000,1,1,"2014","2014",0,0,0,0,162,77,85,0,0,-8,0,0,0,612,5516,1361,117,625,0.462,0.258,4.47,0,0,1,0,0,0,0,0,0,0,0,0,0,0,0,0,0,0,0,0,0,0,0,0,0,0,0,0,"1",0,1,0,0,0,0,0,0,0,0,0,0,0,0,0,0,0,0,0,0,0,0,0,0,0,0,0,0
"Erik Kratz","NH","2018","MIL","Milwaukee Brewers",38.2,4.026,788,694114.573020403,694114.573020403,0,1,"2018","2018",0,0,0,0,163,96,67,1,1,29,0,0,1,754,5542,1398,218,659,0.48,0.258,4.17,0,0,67,219,203,18,48,6,0,6,23,1,0,6,40,8,7,1,2,0,0.236,0.28,0.355,0.634,69,0.285,64,72,"2/H13",0,4489,47961,41209,324,2304,36,0,36,529,1,0,36,1600,64,49,1,4,0,0.055696,0.0784,0.126025,0.401956,4761,0.081225,4096,5184,0
"Erik Kratz","NH","2020","NYY","New York Yankees",40.2,5.054,789,1225418.66989424,1225418.66989424,0,1,"2020","2020",0,0,0,0,60,33,27,0,1,6,0,0,1,315,1915,473,94,270,0.57,0.266,3.65,0.4,0.16,16,30,28,2,9,2,0,0,4,0,0,2,6,0,0,0,0,0,0.321,0.367,0.393,0.76,113,0.338,113,11,"2/31",0,256,900,784,4,81,4,0,0,16,0,0,4,36,0,0,0,0,0,0.103041,0.134689,0.154449,0.5776,12769,0.114244,12769,121,0
"Ernesto Frieri","NH","2015","TB","Tampa Bay Rays",30.1,0,790,800000,800000,1,1,"2015","2015",0,0,0,0,162,80,82,0,0,-2,0,0,0,644,5485,1383,167,642,0.464,0.257,4.43,0,0,2,0,0,0,0,0,0,0,0,0,0,0,0,0,0,0,0,0,0,0,0,0,0,0,0,0,"1",0,4,0,0,0,0,0,0,0,0,0,0,0,0,0,0,0,0,0,0,0,0,0,0,0,0,0,0
"Ervin Santana","NH","2014","ATL","Atlanta Braves",31.7,8.104,792,14100000,14100000,1,1,"2014","2014",0,0,0,0,161,79,83,0,0,-4,0,0,4,573,5470,1316,123,597,0.501,0.26,3.64,-0.1,0.01,31,73,63,7,7,1,0,0,1,0,0,2,28,1,0,8,0,0,0.111,0.138,0.127,0.265,-24,0.123,-66,8,"1",0,961,5329,3969,49,49,1,0,0,1,0,0,4,784,1,0,64,0,0,0.012321,0.019044,0.016129,0.070225,576,0.015129,4356,64,0
"Ervin Santana","NH","2016","MIN","Minnesota Twins",33.7,10.104,793,55000000,13750000,1,4,"2015","2018",0,0,0,0,162,59,103,0,0,-44,0,0,0,722,5618,1409,200,889,0.479,0.263,3.98,-0.1,0.01,2,6,5,0,0,0,0,0,0,0,0,0,3,0,0,1,0,0,0,0,0,0,-100,0,-184,0,"1",0,4,36,25,0,0,0,0,0,0,0,0,0,9,0,0,1,0,0,0,0,0,0,10000,0,33856,0,0
"Ervin Santana","NH","2017","MIN","Minnesota Twins",34.7,11.104,793,55000000,13750000,1,4,"2015","2018",2,0,1,0,162,85,77,0,1,8,0,0,1,815,5557,1444,206,788,0.48,0.263,3.98,0.2,0.04,3,10,10,3,2,1,0,0,5,0,0,0,3,0,0,0,0,0,0.2,0.2,0.3,0.5,31,0.391,143,3,"1",0,9,100,100,9,4,1,0,0,25,0,0,0,9,0,0,0,0,0,0.04,0.04,0.09,0.25,961,0.152881,20449,9,0
"Ervin Santana","NH","2021","KC","Kansas City Royals",38.7,13.123,794,1774734.45023534,1774734.45023534,1,1,"2021","2021",0,0,0,0,162,74,88,0,0,-14,0,0,0,686,5427,1349,163,788,0.479,0.264,4.25,0,0,3,0,0,0,0,0,0,0,0,0,0,0,0,0,0,0,0,0,0,0,0,0,0,0,0,0,"1",0,9,0,0,0,0,0,0,0,0,0,0,0,0,0,0,0,0,0,0,0,0,0,0,0,0,0,0
"Evan Phillips","NH","2021","LAD","Los Angeles Dodgers",26.9,0,798,674990.669239509,674990.669239509,1,1,"2021","2021",0,0,0,0,162,106,56,0,1,50,0,0,0,830,5445,1330,237,561,0.529,0.261,3.53,0,0,7,3,3,0,0,0,0,0,0,0,0,0,3,0,0,0,0,0,0,0,0,0,-100,0,-137,0,"/1",0,49,9,9,0,0,0,0,0,0,0,0,0,9,0,0,0,0,0,0,0,0,0,10000,0,18769,0,0
"Fernando Abad","NH","2013","WSH","Washington Nationals",27.7,0,804,687482.955954937,687482.955954937,1,1,"2013","2013",0,0,0,0,162,86,76,0,0,10,0,0,0,656,5436,1365,161,626,0.48,0.253,3.9,0,0,34,0,0,0,0,0,0,0,0,0,0,0,0,0,0,0,0,0,0,0,0,0,0,0,0,0,"1",0,1156,0,0,0,0,0,0,0,0,0,0,0,0,0,0,0,0,0,0,0,0,0,0,0,0,0,0
"Fernando Abad","NH","2015","OAK","Oakland Athletics",29.7,1,805,1472625.66719092,1472625.66719092,1,1,"2015","2015",0,0,0,0,162,68,94,0,0,-26,0,0,0,694,5600,1405,146,729,0.487,0.259,3.97,0,0,4,0,0,0,0,0,0,0,0,0,0,0,0,0,0,0,0,0,0,0,0,0,0,0,0,0,"1",0,16,0,0,0,0,0,0,0,0,0,0,0,0,0,0,0,0,0,0,0,0,0,0,0,0,0,0
"Fernando Abad","NH","2016","MIN","Minnesota Twins",30.7,2,806,672362.379948466,672362.379948466,1,1,"2016","2016",0,0,0,0,162,59,103,0,0,-44,0,0,0,722,5618,1409,200,889,0.479,0.263,3.98,0,0,4,1,1,0,0,0,0,0,0,0,0,0,1,0,0,0,0,0,0,0,0,0,-100,0,-133,0,"1",0,16,1,1,0,0,0,0,0,0,0,0,0,1,0,0,0,0,0,0,0,0,0,10000,0,17689,0,0
"Fernando Abad","NH","2017","BOS","Boston Red Sox",31.7,3,807,2601715.51618161,2601715.51618161,1,1,"2017","2017",0,0,0,0,162,93,69,1,1,24,0,0,0,785,5669,1461,168,668,0.517,0.267,3.9,0,0,4,0,0,0,0,0,0,0,0,0,0,0,0,0,0,0,0,0,0,0,0,0,0,0,0,0,"1",0,16,0,0,0,0,0,0,0,0,0,0,0,0,0,0,0,0,0,0,0,0,0,0,0,0,0,0
"Fernando Abad","NH","2019","SF","San Francisco Giants",33.7,5,809,800000,800000,1,1,"2019","2019",0,0,0,0,162,77,85,0,0,-8,0,0,0,678,5579,1332,167,773,0.535,0.264,3.57,0,0,18,0,0,0,0,0,0,0,0,0,0,0,0,0,0,0,0,0,0,0,0,0,0,0,0,0,"1",0,324,0,0,0,0,0,0,0,0,0,0,0,0,0,0,0,0,0,0,0,0,0,0,0,0,0,0
"Fernando Abad","NH","2021","BAL","Baltimore Orioles",35.7,6,810,674990.669239509,674990.669239509,1,1,"2021","2021",0,0,0,0,162,52,110,0,0,-58,0,0,0,659,5420,1296,195,956,0.473,0.258,4.05,0,0,2,0,0,0,0,0,0,0,0,0,0,0,0,0,0,0,0,0,0,0,0,0,0,0,0,0,"1",0,4,0,0,0,0,0,0,0,0,0,0,0,0,0,0,0,0,0,0,0,0,0,0,0,0,0,0
"Fernando Rodney","NH","2014","SEA","Seattle Mariners",37.4,10.137,811,14000000,7000000,1,2,"2014","2015",1,0,0,0,162,87,75,0,0,12,0,0,0,634,5450,1328,136,554,0.468,0.261,4.33,0,0,7,0,0,0,0,0,0,0,0,0,0,0,0,0,0,0,0,0,0,0,0,0,0,0,0,0,"1",0,49,0,0,0,0,0,0,0,0,0,0,0,0,0,0,0,0,0,0,0,0,0,0,0,0,0,0
"Fernando Rodney","NH","2015","CHC","Chicago Cubs",38.4,11.137,811,14000000,7000000,1,2,"2014","2015",0,0,0,0,162,97,65,0,1,32,0,0,0,689,5491,1341,171,608,0.512,0.263,3.68,0,0,21,0,0,0,0,0,0,0,0,0,0,0,0,0,0,0,0,0,0,0,0,0,0,0,0,0,"1",0,441,0,0,0,0,0,0,0,0,0,0,0,0,0,0,0,0,0,0,0,0,0,0,0,0,0,0
"Fernando Rodney","NH","2016","MIA","Miami Marlins",39.4,12.137,812,2000000,2000000,1,1,"2016","2016",1,0,0,0,161,79,82,0,0,-3,0,0,1,655,5547,1460,128,682,0.469,0.258,4.25,0,0,65,0,0,0,0,0,0,0,0,0,0,0,0,0,0,0,0,0,0,0,0,0,0,0,0,0,"1",0,4225,0,0,0,0,0,0,0,0,0,0,0,0,0,0,0,0,0,0,0,0,0,0,0,0,0,0
"Fernando Rodney","NH","2017","ARI","Arizona Diamondbacks",40.4,13.137,813,2750000,2750000,1,1,"2017","2017",0,0,0,0,162,93,69,0,1,24,0,0,0,812,5525,1405,220,659,0.493,0.258,4.23,0,0,57,0,0,0,0,0,0,0,0,0,0,0,0,0,0,0,0,0,0,0,0,0,0,0,0,0,"1",0,3249,0,0,0,0,0,0,0,0,0,0,0,0,0,0,0,0,0,0,0,0,0,0,0,0,0,0
"Fernando Rodney","NH","2018","MIN","Minnesota Twins",41.4,14.137,814,4500000,4500000,1,1,"2018","2018",0,0,0,0,162,78,84,0,0,-6,0,0,1,738,5526,1379,166,775,0.48,0.263,3.99,0,0,4,0,0,0,0,0,0,0,0,0,0,0,0,0,0,0,0,0,0,0,0,0,0,0,0,0,"1",0,16,0,0,0,0,0,0,0,0,0,0,0,0,0,0,0,0,0,0,0,0,0,0,0,0,0,0
"Fernando Rodney","NH","2019","WSH","Washington Nationals",42.4,15.137,815,6542997.82303931,6542997.82303931,1,1,"2019","2019",0,0,0,0,162,93,69,0,1,24,1,1,1,873,5512,1460,231,724,0.489,0.254,3.88,0,0,37,0,0,0,0,0,0,0,0,0,0,0,0,0,0,0,0,0,0,0,0,0,0,0,0,0,"1",0,1369,0,0,0,0,0,0,0,0,0,0,0,0,0,0,0,0,0,0,0,0,0,0,0,0,0,0
"Fernando Salas","NH","2017","NYM","New York Mets",32.2,0.044,816,3000000,3000000,0,1,"2017","2017",0,0,0,0,162,70,92,0,0,-22,0,0,0,735,5510,1379,224,863,0.48,0.25,3.78,0.1,0.01,46,2,2,0,1,0,0,0,0,0,0,0,1,0,0,0,0,0,0.5,0.5,0.5,1,171,0.448,183,1,"1",0,2116,4,4,0,1,0,0,0,0,0,0,0,1,0,0,0,0,0,0.25,0.25,0.25,1,29241,0.200704,33489,1,0
"Fernando Salas","NH","2018","ARI","Arizona Diamondbacks",33.2,1.044,817,1500000,1500000,1,1,"2018","2018",0,0,0,0,162,82,80,0,0,2,0,0,0,693,5460,1283,176,644,0.493,0.257,4.21,0,0,39,1,1,0,0,0,0,0,0,0,0,0,0,0,0,0,0,0,0,0,0,0,-100,0,-145,0,"1",0,1521,1,1,0,0,0,0,0,0,0,0,0,0,0,0,0,0,0,0,0,0,0,10000,0,21025,0,0
"Forrest Wall","NH","2023","ATL","Atlanta Braves",27.8,0,818,765889.986737186,765889.986737186,1,1,"2023","2023",0,0,0,0,162,104,58,1,1,46,0,0,0,947,5597,1543,307,716,0.503,0.26,3.67,0.3,0.09,15,15,13,6,6,2,0,1,2,5,1,2,4,0,0,0,0,0,0.462,0.533,0.846,1.379,267,0.602,266,11,"/H7D89",0,225,225,169,36,36,4,0,1,4,25,1,4,16,0,0,0,0,0,0.213444,0.284089,0.715716,1.901641,71289,0.362404,70756,121,0
"Forrest Wall","NH","2024","ATL","Atlanta Braves",28.8,1,819,771285.617101852,771285.617101852,0,1,"2024","2024",0,0,0,0,162,89,73,0,1,16,0,0,0,704,5481,1333,213,607,0.504,0.26,3.67,0,0,16,35,32,4,8,0,0,0,1,4,3,3,8,0,0,0,0,0,0.25,0.314,0.25,0.564,61,0.235,52,8,"7/H9",0,256,1225,1024,16,64,0,0,0,1,16,9,9,64,0,0,0,0,0,0.0625,0.098596,0.0625,0.318096,3721,0.055225,2704,64,0
"Francisco Cervelli","NH","2019","PIT","Pittsburgh Pirates",33.4,8.146,820,691688.341292727,691688.341292727,1,1,"2019","2019",0,0,0,0,162,69,93,0,0,-24,0,0,0,758,5657,1497,163,911,0.503,0.264,3.73,0.3,0.09,48,160,141,15,30,8,1,3,12,1,0,13,41,7,5,1,0,0,0.213,0.302,0.348,0.649,70,0.299,74,49,"2/H3D",0,2304,25600,19881,225,900,64,1,9,144,1,0,169,1681,49,25,1,0,0,0.045369,0.091204,0.121104,0.421201,4900,0.089401,5476,2401,0
"Francisco Cervelli","NH","2020","MIA","Miami Marlins",34.4,9.146,821,2000000,2000000,1,1,"2020","2020",0,0,0,0,60,31,29,0,1,2,0,0,0,263,1935,472,60,304,0.463,0.257,4.31,0.8,0.64,16,62,53,10,13,2,0,3,7,1,0,8,14,3,1,0,0,0,0.245,0.355,0.453,0.808,117,0.401,147,24,"2",0,256,3844,2809,100,169,4,0,9,49,1,0,64,196,9,1,0,0,0,0.060025,0.126025,0.205209,0.652864,13689,0.160801,21609,576,0
"Francisco Liriano","NH","2015","PIT","Pittsburgh Pirates",31.8,8.104,822,39000000,13000000,0,3,"2015","2017",0,0,0,0,162,98,64,0,1,34,0,0,0,697,5631,1462,140,596,0.504,0.265,3.71,0.1,0.01,29,67,65,4,11,2,0,1,7,0,0,0,28,0,0,2,0,0,0.169,0.169,0.246,0.415,13,0.18,-11,16,"1",0,841,4489,4225,16,121,4,0,1,49,0,0,0,784,0,0,4,0,0,0.028561,0.028561,0.060516,0.172225,169,0.0324,121,256,0
"Francisco Liriano","NH","2016","PIT","Pittsburgh Pirates",32.8,9.104,822,39000000,13000000,0,3,"2015","2017",0,0,0,0,162,78,83,0,0,-5,0,0,0,729,5542,1426,153,758,0.504,0.265,3.71,0.5,0.25,21,42,42,2,12,1,0,1,5,0,0,0,16,0,0,0,0,0,0.286,0.286,0.381,0.667,77,0.311,85,16,"1/H",0,441,1764,1764,4,144,1,0,1,25,0,0,0,256,0,0,0,0,0,0.081796,0.081796,0.145161,0.444889,5929,0.096721,7225,256,0
"Francisco Liriano","NH","2017","HOU","Houston Astros",33.8,10.104,822,39000000,13000000,0,3,"2015","2017",0,0,0,0,162,101,61,1,1,40,1,1,2,896,5611,1581,238,700,0.491,0.254,3.83,0,0,1,0,0,0,0,0,0,0,0,0,0,0,0,0,0,0,0,0,0,0,0,0,0,0,0,0,"1",0,1,0,0,0,0,0,0,0,0,0,0,0,0,0,0,0,0,0,0,0,0,0,0,0,0,0,0
"Francisco Liriano","NH","2018","DET","Detroit Tigers",34.8,11.104,823,4000000,4000000,1,1,"2018","2018",0,0,0,0,162,64,98,0,0,-34,0,0,0,630,5494,1326,135,796,0.506,0.265,3.98,0,0,1,2,1,0,0,0,0,0,0,0,0,0,0,0,0,1,0,0,0,0,0,0,-100,0,-358,0,"1",0,1,4,1,0,0,0,0,0,0,0,0,0,0,0,0,1,0,0,0,0,0,0,10000,0,128164,0,0
"Francisco Liriano","NH","2019","PIT","Pittsburgh Pirates",35.8,12.104,824,1800000,1800000,1,1,"2019","2019",0,0,0,0,162,69,93,0,0,-24,0,0,0,758,5657,1497,163,911,0.503,0.264,3.73,0.1,0.01,67,2,1,0,1,0,0,0,0,0,0,1,0,0,0,0,0,0,1,1,1,2,434,0.744,396,1,"1",0,4489,4,1,0,1,0,0,0,0,0,0,1,0,0,0,0,0,0,1,1,1,4,188356,0.553536,156816,1,0
"Francisco Pena","NH","2018","STL","St Louis Cardinals",28.8,1.009,827,827843.06873993,827843.06873993,1,1,"2018","2018",0,0,0,0,162,88,74,0,0,14,0,0,0,759,5498,1369,205,691,0.52,0.266,3.67,-1.1,1.21,58,142,133,10,27,3,0,2,8,1,0,6,43,5,1,0,2,3,0.203,0.239,0.271,0.51,40,0.224,22,36,"2/H3",0,3364,20164,17689,100,729,9,0,4,64,1,0,36,1849,25,1,0,4,9,0.041209,0.057121,0.073441,0.2601,1600,0.050176,484,1296,0
"Francisco Rodriguez","NH","2013","MIL","Milwaukee Brewers",31.6,0,830,2806052.88144872,2806052.88144872,0,1,"2013","2013",0,0,0,0,162,74,88,0,0,-14,0,0,0,640,5474,1381,157,687,0.478,0.259,4.2,0,0,29,0,0,0,0,0,0,0,0,0,0,0,0,0,0,0,0,0,0,0,0,0,0,0,0,0,"1",0,841,0,0,0,0,0,0,0,0,0,0,0,0,0,0,0,0,0,0,0,0,0,0,0,0,0,0
"Francisco Rodriguez","NH","2014","MIL","Milwaukee Brewers",32.6,1,831,3250000,3250000,1,1,"2014","2014",1,0,0,0,162,82,80,0,0,2,0,0,0,650,5462,1366,150,657,0.478,0.259,4.19,0,0,65,0,0,0,0,0,0,0,0,0,0,0,0,0,0,0,0,0,0,0,0,0,0,0,0,0,"1",0,4225,0,0,0,0,0,0,0,0,0,0,0,0,0,0,0,0,0,0,0,0,0,0,0,0,0,0
"Francisco Rodriguez","NH","2015","MIL","Milwaukee Brewers",33.6,2,832,13000000,6500000,0,2,"2015","2016",1,0,0,0,162,68,94,0,0,-26,0,0,0,655,5480,1378,145,737,0.477,0.259,4.19,0,0,58,0,0,0,0,0,0,0,0,0,0,0,0,0,0,0,0,0,0,0,0,0,0,0,0,0,"1",0,3364,0,0,0,0,0,0,0,0,0,0,0,0,0,0,0,0,0,0,0,0,0,0,0,0,0,0
"Francisco Rodriguez","NH","2016","DET","Detroit Tigers",34.6,3,832,13000000,6500000,0,2,"2015","2016",0,0,0,0,161,86,75,0,0,11,0,0,0,750,5526,1476,211,721,0.508,0.266,3.96,0,0,6,0,0,0,0,0,0,0,0,0,0,0,0,0,0,0,0,0,0,0,0,0,0,0,0,0,"1",0,36,0,0,0,0,0,0,0,0,0,0,0,0,0,0,0,0,0,0,0,0,0,0,0,0,0,0
"Francisco Rodriguez","NH","2016","DET","Detroit Tigers",34.6,4,833,17223075.7425223,8611537.87126114,1,2,"2016","2017",0,0,0,0,161,86,75,0,0,11,0,0,0,750,5526,1476,211,721,0.508,0.266,3.96,0,0,6,0,0,0,0,0,0,0,0,0,0,0,0,0,0,0,0,0,0,0,0,0,0,0,0,0,"1",0,36,0,0,0,0,0,0,0,0,0,0,0,0,0,0,0,0,0,0,0,0,0,0,0,0,0,0
"Franklin Gutierrez",NA,"2015","SEA","Seattle Mariners",32.5,1.011,838,687225.311355765,687225.311355765,0,1,"2015","2015",0,0,0,0,162,76,86,0,0,-10,0,0,1,656,5544,1379,198,726,0.468,0.261,4.33,2.7,7.29,59,189,171,27,50,11,0,15,35,0,0,14,54,5,3,0,1,1,0.292,0.354,0.62,0.974,167,0.413,171,106,"7H/D9",0,3481,35721,29241,729,2500,121,0,225,1225,0,0,196,2916,25,9,0,1,1,0.085264,0.125316,0.3844,0.948676,27889,0.170569,29241,11236,0
"Franklin Gutierrez",NA,"2016","SEA","Seattle Mariners",33.5,2.011,839,1500000,1500000,0,1,"2016","2016",0,0,0,0,162,86,76,0,0,10,0,0,1,768,5583,1446,223,707,0.47,0.26,4.32,0.4,0.16,98,283,248,33,61,9,0,14,39,1,0,29,85,6,3,0,3,0,0.246,0.329,0.452,0.78,112,0.342,114,112,"9HD/7",0,9604,80089,61504,1089,3721,81,0,196,1521,1,0,841,7225,36,9,0,9,0,0.060516,0.108241,0.204304,0.6084,12544,0.116964,12996,12544,0
"Franklin Gutierrez",NA,"2017","LAD","Los Angeles Dodgers",34.5,3.011,840,2600000,2600000,1,1,"2017","2017",0,0,0,0,164,104,58,1,1,46,1,0,0,770,5408,1347,221,580,0.527,0.262,3.53,0,0,35,63,56,8,13,3,0,1,8,0,1,7,16,2,0,0,0,0,0.232,0.317,0.339,0.657,76,0.288,75,19,"H7",0,1225,3969,3136,64,169,9,0,1,64,0,1,49,256,4,0,0,0,0,0.053824,0.100489,0.114921,0.431649,5776,0.082944,5625,361,0
"Franklin Morales","NH","2015","KC","Kansas City Royals",29.6,0,841,1850000,1850000,1,1,"2015","2015",0,0,0,0,162,95,67,1,1,28,1,1,0,724,5575,1497,139,641,0.485,0.265,4.19,0,0,5,0,0,0,0,0,0,0,0,0,0,0,0,0,0,0,0,0,0,0,0,0,0,0,0,0,"1",0,25,0,0,0,0,0,0,0,0,0,0,0,0,0,0,0,0,0,0,0,0,0,0,0,0,0,0
"Franklin Morales","NH","2016","TOR","Toronto Blue Jays",30.6,1,842,2150000,2150000,1,1,"2016","2016",0,0,0,0,162,89,73,0,1,16,0,0,0,759,5479,1358,221,666,0.498,0.262,4.2,0,0,1,0,0,0,0,0,0,0,0,0,0,0,0,0,0,0,0,0,0,0,0,0,0,0,0,0,"/1",0,1,0,0,0,0,0,0,0,0,0,0,0,0,0,0,0,0,0,0,0,0,0,0,0,0,0,0
"Freddy Galvis","NH","2019","TOR","Toronto Blue Jays",29.8,6.021,843,5000000,5000000,1,1,"2019","2019",0,0,0,0,162,67,95,0,0,-28,0,0,1,726,5493,1299,247,828,0.495,0.26,4.24,3.2,10.24,147,589,557,67,145,28,1,23,70,4,2,28,145,14,1,1,2,1,0.26,0.296,0.438,0.734,91,0.316,92,244,"64/HD",0,21609,346921,310249,4489,21025,784,1,529,4900,16,4,784,21025,196,1,1,4,1,0.0676,0.087616,0.191844,0.538756,8281,0.099856,8464,59536,0
"Freddy Galvis","NH","2021","BAL","Baltimore Orioles",31.8,8.021,844,1500000,1500000,1,1,"2021","2021",0,0,0,0,162,52,110,0,0,-58,0,0,0,659,5420,1296,195,956,0.473,0.258,4.05,1.3,1.69,104,394,356,53,86,15,1,14,40,1,0,27,77,6,5,2,3,1,0.242,0.302,0.407,0.709,92,0.311,90,145,"65/H43",0,10816,155236,126736,2809,7396,225,1,196,1600,1,0,729,5929,36,25,4,9,1,0.058564,0.091204,0.165649,0.502681,8464,0.096721,8100,21025,0
"Garrett Hampson","NH","2023","MIA","Miami Marlins",28.8,0,848,765889.986737186,765889.986737186,1,1,"2023","2023",0,0,0,0,162,84,78,0,1,6,0,0,0,666,5497,1423,166,723,0.462,0.255,4.28,1.1,1.21,98,252,221,30,61,12,1,3,23,5,0,23,67,3,3,3,2,0,0.276,0.349,0.38,0.729,95,0.342,103,84,"689H47/5D",0,9604,63504,48841,900,3721,144,1,9,529,25,0,529,4489,9,9,9,4,0,0.076176,0.121801,0.1444,0.531441,9025,0.116964,10609,7056,0
"Garrett Hampson","NH","2024","KC","Kansas City Royals",29.8,1,849,2000000,2000000,1,1,"2024","2024",0,0,0,0,162,86,76,0,1,10,0,0,0,735,5421,1343,170,644,0.477,0.263,4.26,0.5,0.25,113,231,213,16,49,13,1,0,16,7,2,14,59,3,0,2,2,0,0.23,0.275,0.3,0.576,65,0.259,59,64,"8H74/36951",0,12769,53361,45369,256,2401,169,1,0,256,49,4,196,3481,9,0,4,4,0,0.0529,0.075625,0.09,0.331776,4225,0.067081,3481,4096,0
"Garrett Hampson","NH","2025","STL","St Louis Cardinals",30.8,2,850,1500000,1500000,1,1,"2025","2025",0,0,0,0,162,78,84,0,0,-6,0,0,1,689,5433,1331,148,754,0.52,0.266,3.69,-0.4,0.16,62,91,77,19,11,2,0,0,1,3,1,11,29,2,0,3,0,0,0.143,0.25,0.169,0.419,21,0.205,14,13,"7H48/695D1",0,3844,8281,5929,361,121,4,0,0,1,9,1,121,841,4,0,9,0,0,0.020449,0.0625,0.028561,0.175561,441,0.042025,196,169,0
"Garrett Richards","NH","2019","SD","San Diego Padres",31.2,6.148,851,15500000,7750000,1,2,"2019","2020",0,0,0,0,162,70,92,0,0,-22,0,0,0,682,5391,1281,219,789,0.461,0.249,3.97,0,0,3,3,2,0,0,0,0,0,0,0,0,0,1,0,0,1,0,0,0,0,0,0,-100,0,-250,0,"/1",0,9,9,4,0,0,0,0,0,0,0,0,0,1,0,0,1,0,0,0,0,0,0,10000,0,62500,0,0
"Garrett Richards","NH","2021","BOS","Boston Red Sox",33.2,8.148,852,10000000,10000000,1,1,"2021","2021",0,0,0,0,162,92,70,0,1,22,0,0,0,829,5495,1434,219,749,0.519,0.267,3.91,0.1,0.01,4,5,5,0,1,1,0,0,1,0,0,0,2,0,0,0,0,0,0.2,0.2,0.4,0.6,55,0.246,42,2,"1",0,16,25,25,0,1,1,0,0,1,0,0,0,4,0,0,0,0,0,0.04,0.04,0.16,0.36,3025,0.060516,1764,4,0
"Gary Sanchez","NH","2023","SD","San Diego Padres",30.7,0,854,1500000,1500000,1,1,"2023","2023",0,0,0,0,162,82,80,0,0,2,0,0,0,752,5401,1316,205,648,0.465,0.249,3.96,2.1,4.41,75,267,240,33,52,9,0,19,47,0,0,21,67,3,4,0,2,0,0.217,0.288,0.492,0.78,110,0.337,111,118,"2/DH",0,5625,71289,57600,1089,2704,81,0,361,2209,0,0,441,4489,9,16,0,4,0,0.047089,0.082944,0.242064,0.6084,12100,0.113569,12321,13924,0
"Gary Sanchez","NH","2024","MIL","Milwaukee Brewers",31.7,1,855,3000000,3000000,1,1,"2024","2024",0,0,0,0,162,93,69,1,1,24,0,0,0,777,5472,1359,177,641,0.487,0.256,4.14,0.2,0.04,89,280,245,30,54,7,1,11,37,0,0,27,76,9,5,0,3,0,0.22,0.307,0.392,0.699,94,0.312,95,96,"D2H/3",0,7921,78400,60025,900,2916,49,1,121,1369,0,0,729,5776,81,25,0,9,0,0.0484,0.094249,0.153664,0.488601,8836,0.097344,9025,9216,0
"Gary Sanchez","H","2025","BAL","Baltimore Orioles",32.7,2,856,8500000,8500000,1,1,"2025","2025",0,0,0,0,162,75,87,0,0,-12,0,0,0,677,5416,1273,191,788,0.475,0.258,4.05,-0.4,0.16,29,101,91,13,21,2,0,5,24,0,0,4,27,2,5,0,1,0,0.231,0.297,0.418,0.715,99,0.308,97,38,"2/D1H",0,841,10201,8281,169,441,4,0,25,576,0,0,16,729,4,25,0,1,0,0.053361,0.088209,0.174724,0.511225,9801,0.094864,9409,1444,0
"Gavin Floyd","NH","2014","ATL","Atlanta Braves",31.5,0.045,857,4000000,4000000,1,1,"2014","2014",0,0,0,0,161,79,83,0,0,-4,0,0,4,573,5470,1316,123,597,0.501,0.26,3.64,-0.1,0.01,8,18,18,0,2,0,0,0,0,0,0,0,12,0,0,0,0,0,0.111,0.111,0.111,0.222,-37,0.095,-69,2,"/1",0,64,324,324,0,4,0,0,0,0,0,0,0,144,0,0,0,0,0,0.012321,0.012321,0.012321,0.049284,1369,0.009025,4761,4,0
"Gavin Floyd","NH","2016","TOR","Toronto Blue Jays",33.5,2.045,859,1000000,1000000,1,1,"2016","2016",0,0,0,0,162,89,73,0,1,16,0,0,0,759,5479,1358,221,666,0.498,0.262,4.2,0,0,3,1,1,0,0,0,0,0,0,0,0,0,0,0,0,0,0,0,0,0,0,0,-100,0,-133,0,"1",0,9,1,1,0,0,0,0,0,0,0,0,0,0,0,0,0,0,0,0,0,0,0,10000,0,17689,0,0
"Geovany Soto","NH","2013","TEX","Texas Rangers",30.6,0,860,2750000,2750000,0,1,"2013","2013",0,0,0,0,163,91,72,0,0,19,0,0,0,730,5585,1465,176,636,0.477,0.26,4.24,1.5,2.25,54,184,163,20,40,9,0,9,22,1,2,20,60,2,0,1,0,0,0.245,0.328,0.466,0.794,114,0.353,121,76,"2/5",0,2916,33856,26569,400,1600,81,0,81,484,1,4,400,3600,4,0,1,0,0,0.060025,0.107584,0.217156,0.630436,12996,0.124609,14641,5776,0
"Geovany Soto","NH","2015","CHW","Chicago White Sox",32.6,1,861,1500000,1500000,1,1,"2015","2015",0,0,0,0,162,76,86,0,0,-10,0,0,0,622,5533,1381,136,701,0.504,0.261,3.75,0.8,0.64,78,210,187,20,41,8,0,9,21,0,1,21,63,2,1,1,0,0,0.219,0.301,0.406,0.708,96,0.321,104,76,"2/HD",0,6084,44100,34969,400,1681,64,0,81,441,0,1,441,3969,4,1,1,0,0,0.047961,0.090601,0.164836,0.501264,9216,0.103041,10816,5776,0
"Geovany Soto","NH","2016","LAA","Los Angeles Angels",33.6,2,862,2800000,2800000,1,1,"2016","2016",0,0,0,0,162,74,88,0,0,-14,0,0,0,717,5431,1410,156,727,0.501,0.258,3.94,0.4,0.16,26,86,78,11,21,5,0,4,9,0,0,6,21,1,0,2,0,0,0.269,0.321,0.487,0.809,120,0.345,119,38,"2/35H",0,676,7396,6084,121,441,25,0,16,81,0,0,36,441,1,0,4,0,0,0.072361,0.103041,0.237169,0.654481,14400,0.119025,14161,1444,0
"Geovany Soto","NH","2017","CHW","Chicago White Sox",34.6,3,863,2000000,2000000,1,1,"2017","2017",0,0,0,0,162,67,95,0,0,-28,0,0,1,706,5513,1412,186,820,0.503,0.26,3.76,0,0,13,48,42,5,8,0,0,3,9,0,0,4,10,2,1,0,1,0,0.19,0.271,0.405,0.676,80,0.289,73,17,"2/H",0,169,2304,1764,25,64,0,0,9,81,0,0,16,100,4,1,0,1,0,0.0361,0.073441,0.164025,0.456976,6400,0.083521,5329,289,0
"Gerald Laird","NH","2013","ATL","Atlanta Braves",33.8,0,864,3000000,1500000,1,2,"2013","2014",0,0,0,0,162,96,66,1,1,30,0,0,1,696,5441,1354,181,568,0.502,0.26,3.64,0.6,0.36,47,141,121,12,34,8,0,1,13,1,1,14,23,4,3,2,1,0,0.281,0.367,0.372,0.739,106,0.345,114,45,"2H",0,2209,19881,14641,144,1156,64,0,1,169,1,1,196,529,16,9,4,1,0,0.078961,0.134689,0.138384,0.546121,11236,0.119025,12996,2025,0
"Gerald Laird","NH","2014","ATL","Atlanta Braves",34.8,1,864,3000000,1500000,1,2,"2013","2014",0,0,0,0,161,79,83,0,0,-4,0,0,4,573,5470,1316,123,597,0.501,0.26,3.64,-0.5,0.25,53,167,152,12,31,8,0,0,10,0,0,14,33,6,1,0,0,2,0.204,0.275,0.257,0.532,52,0.241,40,39,"2/H",0,2809,27889,23104,144,961,64,0,0,100,0,0,196,1089,36,1,0,0,4,0.041616,0.075625,0.066049,0.283024,2704,0.058081,1600,1521,0
"Gerald Laird","NH","2015","ARI","Arizona Diamondbacks",35.8,2,865,1000000,1000000,1,1,"2015","2015",0,0,0,0,162,79,83,0,0,-4,0,0,1,720,5649,1494,154,713,0.492,0.258,4.22,-0.1,0.01,1,2,2,0,0,0,0,0,0,0,0,0,0,0,0,0,0,0,0,0,0,0,-100,0,-141,0,"/2",0,1,4,4,0,0,0,0,0,0,0,0,0,0,0,0,0,0,0,0,0,0,0,10000,0,19881,0,0
"Gerardo Parra","NH","2016","COL","Colorado Rockies",29.2,6.145,866,27500000,9166666.66666667,1,3,"2016","2018",0,0,0,0,162,75,87,0,0,-12,0,0,0,845,5614,1544,204,860,0.466,0.275,4.99,-2.3,5.29,102,381,368,45,93,27,3,7,39,6,4,9,73,16,1,1,2,1,0.253,0.271,0.399,0.671,65,0.293,58,147,"7398/H",0,10404,145161,135424,2025,8649,729,9,49,1521,36,16,81,5329,256,1,1,4,1,0.064009,0.073441,0.159201,0.450241,4225,0.085849,3364,21609,0
"Gerardo Parra","NH","2017","COL","Colorado Rockies",30.2,7.145,866,27500000,9166666.66666667,1,3,"2016","2018",0,0,0,0,162,87,75,0,1,12,0,0,0,824,5534,1510,192,757,0.469,0.275,4.98,0.6,0.36,115,425,392,56,121,24,1,10,71,2,5,20,67,13,4,0,9,0,0.309,0.341,0.452,0.793,93,0.34,91,177,"79H/38D",0,13225,180625,153664,3136,14641,576,1,100,5041,4,25,400,4489,169,16,0,81,0,0.095481,0.116281,0.204304,0.628849,8649,0.1156,8281,31329,0
"Gerardo Parra","NH","2018","COL","Colorado Rockies",31.2,8.145,866,27500000,9166666.66666667,1,3,"2016","2018",0,0,0,0,163,91,72,0,1,19,0,0,0,780,5541,1418,210,745,0.473,0.274,4.95,0.4,0.16,142,443,401,52,114,17,0,6,53,11,4,32,75,6,5,2,3,3,0.284,0.342,0.372,0.714,82,0.325,80,149,"7H9",0,20164,196249,160801,2704,12996,289,0,36,2809,121,16,1024,5625,36,25,4,9,9,0.080656,0.116964,0.138384,0.509796,6724,0.105625,6400,22201,0
"Gerardo Parra","NH","2019","WSH","Washington Nationals",32.2,9.145,867,1750000,1750000,1,1,"2019","2019",0,0,0,0,162,93,69,0,1,24,1,1,1,873,5512,1460,231,724,0.489,0.254,3.88,1,1,119,301,274,38,64,14,1,9,48,8,3,19,59,7,5,1,2,3,0.234,0.293,0.391,0.684,77,0.309,81,107,"H9738/145",0,14161,90601,75076,1444,4096,196,1,81,2304,64,9,361,3481,49,25,1,4,9,0.054756,0.085849,0.152881,0.467856,5929,0.095481,6561,11449,0
"Gerardo Parra","NH","2021","WSH","Washington Nationals",34.2,10.145,868,1000000,1000000,1,1,"2021","2021",0,0,0,0,162,65,97,0,0,-32,0,0,0,724,5385,1388,182,820,0.487,0.254,3.9,-0.5,0.25,53,107,97,13,23,5,0,2,10,1,1,6,30,3,2,1,1,0,0.237,0.292,0.351,0.643,77,0.291,79,34,"H7/89",0,2809,11449,9409,169,529,25,0,4,100,1,1,36,900,9,4,1,1,0,0.056169,0.085264,0.123201,0.413449,5929,0.084681,6241,1156,0
"Gio Gonzalez","NH","2019","MIL","Milwaukee Brewers",33.9,9.162,869,2500000,2500000,1,1,"2019","2019",0,0,0,0,162,89,73,0,1,16,0,0,0,769,5542,1366,250,766,0.481,0.258,4.18,-0.2,0.04,18,28,25,1,1,0,0,0,0,0,0,1,17,0,0,2,0,0,0.04,0.077,0.04,0.117,-68,0.061,-113,1,"1",0,324,784,625,1,1,0,0,0,0,0,0,1,289,0,0,4,0,0,0.0016,0.005929,0.0016,0.013689,4624,0.003721,12769,1,0
"Gordon Beckham","NH","2015","CHW","Chicago White Sox",28.9,5.123,874,2000000,2000000,1,1,"2015","2015",0,0,0,0,162,76,86,0,0,-10,0,0,0,622,5533,1381,136,701,0.504,0.261,3.75,0.8,0.64,100,237,211,24,44,8,0,6,20,0,1,19,43,6,2,1,4,1,0.209,0.275,0.332,0.607,70,0.271,66,70,"5H4/6D",0,10000,56169,44521,576,1936,64,0,36,400,0,1,361,1849,36,4,1,16,1,0.043681,0.075625,0.110224,0.368449,4900,0.073441,4356,4900,0
"Gordon Beckham","NH","2016","ATL","Atlanta Braves",29.9,6.123,875,1250000,1250000,1,1,"2016","2016",0,0,0,0,161,68,93,0,0,-25,0,0,0,649,5514,1404,122,779,0.5,0.26,3.65,-0.7,0.49,88,279,245,25,52,16,1,5,31,1,0,26,52,12,4,0,4,1,0.212,0.294,0.347,0.641,72,0.29,70,85,"4H56",0,7744,77841,60025,625,2704,256,1,25,961,1,0,676,2704,144,16,0,16,1,0.044944,0.086436,0.120409,0.410881,5184,0.0841,4900,7225,0
"Gordon Beckham","NH","2017","SEA","Seattle Mariners",30.9,7.123,876,695958.90057858,695958.90057858,1,1,"2017","2017",0,0,0,0,162,78,84,0,0,-6,0,0,0,750,5551,1436,200,772,0.47,0.26,4.32,-0.2,0.04,11,18,17,2,3,0,0,0,0,1,0,1,2,2,0,0,0,0,0.176,0.222,0.176,0.399,12,0.195,-1,3,"/46H5",0,121,324,289,4,9,0,0,0,0,1,0,1,4,4,0,0,0,0,0.030976,0.049284,0.030976,0.159201,144,0.038025,1,9,0
"Gordon Beckham","NH","2018","SEA","Seattle Mariners",31.9,7.153,877,694114.573020403,694114.573020403,0,1,"2018","2018",0,0,0,0,162,89,73,0,0,16,0,0,0,677,5513,1402,176,711,0.472,0.26,4.32,0.5,0.25,22,50,44,3,8,1,0,0,1,1,0,4,11,1,0,2,0,0,0.182,0.25,0.205,0.455,31,0.236,37,9,"4/5H6D",0,484,2500,1936,9,64,1,0,0,1,1,0,16,121,1,0,4,0,0,0.033124,0.0625,0.042025,0.207025,961,0.055696,1369,81,0
"Gordon Beckham","NH","2019","DET","Detroit Tigers",32.9,8.023,878,700000,700000,1,1,"2019","2019",0,0,0,0,161,47,114,0,0,-67,0,0,0,582,5549,1333,149,915,0.504,0.265,3.99,-1.3,1.69,83,240,223,29,48,13,2,6,15,3,1,13,68,6,4,0,0,0,0.215,0.271,0.372,0.643,68,0.282,65,83,"4H6D/53",0,6889,57600,49729,841,2304,169,4,36,225,9,1,169,4624,36,16,0,0,0,0.046225,0.073441,0.138384,0.413449,4624,0.079524,4225,6889,0
"Grady Sizemore","NH","2014","PHI","Philadelphia Phillies",32,1,882,750000,750000,1,1,"2014","2014",0,0,0,0,159,73,89,0,0,-16,0,0,0,619,5603,1356,125,687,0.473,0.261,3.96,0.2,0.04,112,381,347,35,81,19,4,5,27,6,1,33,76,10,0,0,1,0,0.233,0.299,0.354,0.654,82,0.308,85,123,"798H",0,12544,145161,120409,1225,6561,361,16,25,729,36,1,1089,5776,100,0,0,1,0,0.054289,0.089401,0.125316,0.427716,6724,0.094864,7225,15129,0
"Grady Sizemore","NH","2015","TB","Tampa Bay Rays",33,2,883,687225.311355765,687225.311355765,1,1,"2015","2015",0,0,0,0,162,80,82,0,0,-2,0,0,0,644,5485,1383,167,642,0.464,0.257,4.43,-0.2,0.04,97,296,273,24,69,17,0,6,33,3,3,20,60,3,2,0,1,0,0.253,0.307,0.381,0.688,91,0.308,93,104,"97HD",0,9409,87616,74529,576,4761,289,0,36,1089,9,9,400,3600,9,4,0,1,0,0.064009,0.094249,0.145161,0.473344,8281,0.094864,8649,10816,0
"Greg Holland","NH","2017","COL","Colorado Rockies",31.8,5.028,886,7000000,7000000,1,1,"2017","2017",1,0,0,0,162,87,75,0,1,12,0,0,0,824,5534,1510,192,757,0.469,0.275,4.98,0,0,55,0,0,0,0,0,0,0,0,0,0,0,0,0,0,0,0,0,0,0,0,0,0,0,0,0,"1",0,3025,0,0,0,0,0,0,0,0,0,0,0,0,0,0,0,0,0,0,0,0,0,0,0,0,0,0
"Greg Holland","NH","2018","STL","St Louis Cardinals",32.8,6.028,887,14000000,14000000,1,1,"2018","2018",0,0,0,0,162,88,74,0,0,14,0,0,0,759,5498,1369,205,691,0.52,0.266,3.67,0,0,54,0,0,0,0,0,0,0,0,0,0,0,0,0,0,0,0,0,0,0,0,0,0,0,0,0,"1",0,2916,0,0,0,0,0,0,0,0,0,0,0,0,0,0,0,0,0,0,0,0,0,0,0,0,0,0
"Greg Holland","NH","2019","ARI","Arizona Diamondbacks",33.8,7.027,888,3250000,3250000,1,1,"2019","2019",0,0,0,0,162,85,77,0,0,8,0,0,0,813,5633,1419,220,743,0.495,0.257,4.21,0,0,39,0,0,0,0,0,0,0,0,0,0,0,0,0,0,0,0,0,0,0,0,0,0,0,0,0,"1",0,1521,0,0,0,0,0,0,0,0,0,0,0,0,0,0,0,0,0,0,0,0,0,0,0,0,0,0
"Greg Holland","NH","2021","KC","Kansas City Royals",35.8,8.163,890,2750000,2750000,0,1,"2021","2021",0,0,0,0,162,74,88,0,0,-14,0,0,0,686,5427,1349,163,788,0.479,0.264,4.25,0,0,6,0,0,0,0,0,0,0,0,0,0,0,0,0,0,0,0,0,0,0,0,0,0,0,0,0,"1",0,36,0,0,0,0,0,0,0,0,0,0,0,0,0,0,0,0,0,0,0,0,0,0,0,0,0,0
"Hansel Robles","NH","2021","MIN","Minnesota Twins",31,5.119,894,2000000,2000000,1,1,"2021","2021",0,0,0,0,162,73,89,0,0,-16,0,0,0,729,5431,1311,228,834,0.481,0.263,4,0,0,4,0,0,0,0,0,0,0,0,0,0,0,0,0,0,0,0,0,0,0,0,0,0,0,0,0,"1",0,16,0,0,0,0,0,0,0,0,0,0,0,0,0,0,0,0,0,0,0,0,0,0,0,0,0,0
"Hanser Alberto","NH","2021","KC","Kansas City Royals",28.8,4.085,896,1650000,1650000,1,1,"2021","2021",0,0,0,0,162,74,88,0,0,-14,0,0,0,686,5427,1349,163,788,0.479,0.264,4.25,0.6,0.36,103,255,241,25,65,20,3,2,24,3,1,4,26,1,4,4,2,0,0.27,0.291,0.402,0.693,86,0.298,80,97,"54H6D/1",0,10609,65025,58081,625,4225,400,9,4,576,9,1,16,676,1,16,16,4,0,0.0729,0.084681,0.161604,0.480249,7396,0.088804,6400,9409,0
"Hanser Alberto","NH","2022","LAD","Los Angeles Dodgers",29.8,5.085,897,1600000,1600000,1,1,"2022","2022",0,0,0,0,162,111,51,1,1,60,0,0,2,847,5526,1418,212,513,0.531,0.261,3.52,0,0,73,159,156,13,38,9,2,2,15,0,1,3,25,7,0,0,0,0,0.244,0.258,0.365,0.623,73,0.282,75,57,"45H1/6D39",0,5329,25281,24336,169,1444,81,4,4,225,0,1,9,625,49,0,0,0,0,0.059536,0.066564,0.133225,0.388129,5329,0.079524,5625,3249,0
"Hanser Alberto","NH","2023","CHW","Chicago White Sox",30.8,6.085,898,1300000,1300000,1,1,"2023","2023",0,0,0,0,162,61,101,0,0,-40,0,0,0,641,5501,1308,171,841,0.502,0.26,3.79,0.3,0.09,30,90,82,11,18,5,0,3,16,0,0,4,13,1,1,2,1,0,0.22,0.261,0.39,0.652,76,0.289,77,32,"54/13H",0,900,8100,6724,121,324,25,0,9,256,0,0,16,169,1,1,4,1,0,0.0484,0.068121,0.1521,0.425104,5776,0.083521,5929,1024,0
"Harrison Bader","NH","2024","NYM","New York Mets",29,0,899,10500000,10500000,1,1,"2024","2024",0,0,0,0,162,89,73,0,1,16,0,0,0,768,5510,1357,207,697,0.483,0.25,3.8,0.9,0.81,143,437,402,57,95,19,0,12,51,17,8,21,95,6,8,0,6,1,0.236,0.284,0.373,0.657,86,0.287,83,150,"8H/D",0,20449,190969,161604,3249,9025,361,0,144,2601,289,64,441,9025,36,64,0,36,1,0.055696,0.080656,0.139129,0.431649,7396,0.082369,6889,22500,0
"Harrison Bader","NH","2025","MIN","Minnesota Twins",30,1,900,6250000,6250000,1,1,"2025","2025",0,0,0,0,162,70,92,0,0,-22,0,0,0,678,5432,1295,191,773,0.481,0.262,4,3.9,15.21,146,501,448,61,124,24,1,17,54,11,7,39,136,5,11,0,3,0,0.277,0.347,0.449,0.796,118,0.344,117,201,"87H/9",0,21316,251001,200704,3721,15376,576,1,289,2916,121,49,1521,18496,25,121,0,9,0,0.076729,0.120409,0.201601,0.633616,13924,0.118336,13689,40401,0
"Heath Bell","NH","2012","MIA","Miami Marlins",34.8,0,901,27000000,9000000,1,3,"2012","2014",0,0,0,0,162,69,93,0,0,-24,0,0,0,609,5437,1327,137,724,0.474,0.259,4.33,0,0,70,0,0,0,0,0,0,0,0,0,0,0,0,0,0,0,0,0,0,0,0,0,0,0,0,0,"1",0,4900,0,0,0,0,0,0,0,0,0,0,0,0,0,0,0,0,0,0,0,0,0,0,0,0,0,0
"Heath Bell","NH","2013","ARI","Arizona Diamondbacks",35.8,1,901,27000000,9000000,1,3,"2012","2014",0,0,0,0,162,81,81,0,0,0,0,0,0,685,5676,1468,130,695,0.498,0.258,4.23,0,0,64,0,0,0,0,0,0,0,0,0,0,0,0,0,0,0,0,0,0,0,0,0,0,0,0,0,"1",0,4096,0,0,0,0,0,0,0,0,0,0,0,0,0,0,0,0,0,0,0,0,0,0,0,0,0,0
"Heath Bell","NH","2014","TB","Tampa Bay Rays",36.8,2,901,27000000,9000000,1,3,"2012","2014",0,0,0,0,162,77,85,0,0,-8,0,0,0,612,5516,1361,117,625,0.462,0.258,4.47,0,0,1,0,0,0,0,0,0,0,0,0,0,0,0,0,0,0,0,0,0,0,0,0,0,0,0,0,"1",0,1,0,0,0,0,0,0,0,0,0,0,0,0,0,0,0,0,0,0,0,0,0,0,0,0,0,0
"Heath Bell","NH","2014","TB","Tampa Bay Rays",36.8,3,902,37230280.3314039,37230280.3314039,1,1,"2014","2014",0,0,0,0,162,77,85,0,0,-8,0,0,0,612,5516,1361,117,625,0.462,0.258,4.47,0,0,1,0,0,0,0,0,0,0,0,0,0,0,0,0,0,0,0,0,0,0,0,0,0,0,0,0,"1",0,1,0,0,0,0,0,0,0,0,0,0,0,0,0,0,0,0,0,0,0,0,0,0,0,0,0,0
"Heath Hembree","NH","2021","CIN","Cincinnati Reds",32.6,5.106,904,1478945.37519612,1478945.37519612,1,1,"2021","2021",0,0,0,0,162,83,79,0,0,4,0,0,0,786,5423,1352,222,760,0.505,0.261,3.75,0,0,56,1,1,0,0,0,0,0,0,0,0,0,1,0,0,0,0,0,0,0,0,0,-100,0,-133,0,"1",0,3136,1,1,0,0,0,0,0,0,0,0,0,1,0,0,0,0,0,0,0,0,0,10000,0,17689,0,0
"Hector Neris","NH","2023","HOU","Houston Astros",34.2,1,906,17000000,8500000,1,2,"2022","2023",0,0,0,0,162,90,72,1,1,18,0,0,0,827,5567,1441,222,698,0.501,0.255,3.8,0,0,1,0,0,0,0,0,0,0,0,0,0,0,0,0,0,0,0,0,0,0,0,0,0,0,0,0,"1",0,1,0,0,0,0,0,0,0,0,0,0,0,0,0,0,0,0,0,0,0,0,0,0,0,0,0,0
"Hector Neris","NH","2024","CHC","Chicago Cubs",35.2,2,907,4870000,4870000,1,1,"2024","2024",0,0,0,0,162,83,79,0,0,4,0,0,0,736,5441,1318,170,669,0.513,0.262,3.7,0,0,1,0,0,0,0,0,0,0,0,0,0,0,0,0,0,0,0,0,0,0,0,0,0,0,0,0,"1",0,1,0,0,0,0,0,0,0,0,0,0,0,0,0,0,0,0,0,0,0,0,0,0,0,0,0,0
"Hector Santiago","NH","2018","CHW","Chicago White Sox",30.7,6.016,909,2547209.44227671,2547209.44227671,1,1,"2018","2018",0,0,0,0,162,62,100,0,0,-38,0,0,1,656,5523,1332,182,848,0.502,0.26,3.77,-0.1,0.01,5,4,4,0,0,0,0,0,0,0,0,0,2,1,0,0,0,0,0,0,0,0,-100,0,-130,0,"1",0,25,16,16,0,0,0,0,0,0,0,0,0,4,1,0,0,0,0,0,0,0,0,10000,0,16900,0,0
"Hector Santiago","NH","2019","NYM","New York Mets",31.7,7.016,910,691688.341292727,691688.341292727,0,1,"2019","2019",0,0,0,0,162,86,76,0,0,10,0,0,0,791,5624,1445,242,737,0.481,0.25,3.79,0,0,9,0,0,0,0,0,0,0,0,0,0,0,0,0,0,0,0,0,0,0,0,0,0,0,0,0,"1",0,81,0,0,0,0,0,0,0,0,0,0,0,0,0,0,0,0,0,0,0,0,0,0,0,0,0,0
"Henderson Alvarez Iii","NH","2017","PHI","Philadelphia Phillies",27.3,1,913,750000,750000,1,1,"2017","2017",0,0,0,0,165,66,96,0,0,-30,0,0,0,690,5534,1382,174,782,0.471,0.261,3.97,-0.1,0.01,3,6,6,0,0,0,0,0,0,0,0,0,2,0,0,0,0,0,0,0,0,0,-100,0,-139,0,"/1",0,9,36,36,0,0,0,0,0,0,0,0,0,4,0,0,0,0,0,0,0,0,0,10000,0,19321,0,0
"Henry Blanco","NH","2012","ARI","Arizona Diamondbacks",40.9,2.136,914,1200000,1200000,0,1,"2012","2012",0,0,0,0,162,81,81,0,0,0,0,0,0,734,5462,1416,165,688,0.498,0.258,4.26,-0.2,0.04,21,67,64,6,12,3,0,1,7,1,0,3,18,1,0,0,0,0,0.188,0.224,0.281,0.505,35,0.255,39,18,"2/H",0,441,4489,4096,36,144,9,0,1,49,1,0,9,324,1,0,0,0,0,0.035344,0.050176,0.078961,0.255025,1225,0.065025,1521,324,0
"Henry Blanco","NH","2013","SEA","Seattle Mariners",41.9,3.136,915,750000,750000,1,1,"2013","2013",0,0,0,0,162,71,91,0,0,-20,0,0,0,624,5558,1318,188,754,0.466,0.261,4.37,-1.1,1.21,50,150,134,11,19,5,0,3,14,0,0,14,36,5,1,1,0,0,0.142,0.228,0.246,0.474,35,0.22,28,33,"2/H",0,2500,22500,17956,121,361,25,0,9,196,0,0,196,1296,25,1,1,0,0,0.020164,0.051984,0.060516,0.224676,1225,0.0484,784,1089,0
"Hiroki Kuroda",NA,"2012","NYY","New York Yankees",37.5,0,916,14277643.5768536,14277643.5768536,1,1,"2012","2012",0,0,0,0,162,95,67,1,1,28,0,0,0,804,5524,1462,245,668,0.568,0.268,3.64,0,0,1,2,2,0,0,0,0,0,0,0,0,0,1,0,0,0,0,0,0,0,0,0,-100,0,-139,0,"1",0,1,4,4,0,0,0,0,0,0,0,0,0,1,0,0,0,0,0,0,0,0,0,10000,0,19321,0,0
"Hiroki Kuroda",NA,"2013","NYY","New York Yankees",38.5,1,917,15000000,15000000,0,1,"2013","2013",0,0,0,0,162,85,77,0,0,8,0,0,0,643,5477,1322,144,660,0.568,0.267,3.64,-0.1,0.01,3,6,6,0,0,0,0,0,0,0,0,0,3,0,0,0,0,0,0,0,0,0,-100,0,-139,0,"1",0,9,36,36,0,0,0,0,0,0,0,0,0,9,0,0,0,0,0,0,0,0,0,10000,0,19321,0,0
"Hiroki Kuroda",NA,"2014","NYY","New York Yankees",39.5,2,918,16000000,16000000,0,1,"2014","2014",0,0,0,0,-114,-34,-75,0,0,41,0,0,-4,-842,-3852,-1317,90,-934,0.569,0.267,3.64,0,0,1,3,3,0,0,0,0,0,0,0,0,0,0,0,0,0,0,0,0,0,0,0,-100,0,-138,0,"1",0,1,9,9,0,0,0,0,0,0,0,0,0,0,0,0,0,0,0,0,0,0,0,10000,0,19044,0,0
"Hisashi Iwakuma",NA,"2013","SEA","Seattle Mariners",32.3,0,919,14000000,7000000,0,2,"2013","2014",3,1,1,0,162,71,91,0,0,-20,0,0,0,624,5558,1318,188,754,0.466,0.261,4.37,0,0,1,3,3,0,0,0,0,0,0,0,0,0,2,0,0,0,0,0,0,0,0,0,-100,0,-130,0,"1",0,1,9,9,0,0,0,0,0,0,0,0,0,4,0,0,0,0,0,0,0,0,0,10000,0,16900,0,0
"Hisashi Iwakuma",NA,"2014","SEA","Seattle Mariners",33.3,1,919,14000000,7000000,0,2,"2013","2014",0,0,0,0,162,87,75,0,0,12,0,0,0,634,5450,1328,136,554,0.468,0.261,4.33,0,0,2,6,4,0,0,0,0,0,0,0,0,1,3,0,0,1,0,0,0,0.2,0,0.2,-35,0.139,-55,0,"1",0,4,36,16,0,0,0,0,0,0,0,0,1,9,0,0,1,0,0,0,0.04,0,0.04,1225,0.019321,3025,0,0
"Hisashi Iwakuma",NA,"2016","SEA","Seattle Mariners",35.3,2,920,12000000,12000000,0,1,"2016","2016",0,0,0,0,162,86,76,0,0,10,0,0,1,768,5583,1446,223,707,0.47,0.26,4.32,0,0,2,3,2,0,0,0,0,0,0,0,0,0,1,0,0,1,0,0,0,0,0,0,-100,0,-252,0,"1",0,4,9,4,0,0,0,0,0,0,0,0,0,1,0,0,1,0,0,0,0,0,0,10000,0,63504,0,0
"Hoby Milner","NH","2024","MIL","Milwaukee Brewers",33.6,3,925,2108180.68674506,2108180.68674506,0,1,"2024","2024",0,0,0,0,162,93,69,1,1,24,0,0,0,777,5472,1359,177,641,0.487,0.256,4.14,0,0,1,0,0,0,0,0,0,0,0,0,0,0,0,0,0,0,0,0,0,0,0,0,0,0,0,0,"1",0,1,0,0,0,0,0,0,0,0,0,0,0,0,0,0,0,0,0,0,0,0,0,0,0,0,0,0
"Hoby Milner","NH","2025","TEX","Texas Rangers",34.6,4,926,2500000,2500000,1,1,"2025","2025",0,0,0,0,162,81,81,0,0,0,0,0,0,684,5443,1275,175,605,0.476,0.258,4.28,0,0,2,0,0,0,0,0,0,0,0,0,0,0,0,0,0,0,0,0,0,0,0,0,0,0,0,0,"1",0,4,0,0,0,0,0,0,0,0,0,0,0,0,0,0,0,0,0,0,0,0,0,0,0,0,0,0
"Homer Bailey","NH","2019","OAK","Oakland Athletics",33.2,10.017,927,555000,555000,1,1,"2019","2019",0,0,0,0,162,97,65,0,1,32,0,0,1,845,5561,1384,257,680,0.489,0.259,3.98,0.1,0.01,3,5,5,0,2,0,0,0,1,0,0,0,1,0,0,0,0,0,0.4,0.4,0.4,0.8,119,0.336,110,2,"1",0,9,25,25,0,4,0,0,0,1,0,0,0,1,0,0,0,0,0,0.16,0.16,0.16,0.64,14161,0.112896,12100,4,0
"Howie Kendrick","NH","2016","LAD","Los Angeles Dodgers",33.1,0,929,20000000,10000000,0,2,"2016","2017",0,0,0,0,162,91,71,1,1,20,0,0,1,725,5518,1376,189,638,0.526,0.262,3.54,0.8,0.64,146,543,487,65,124,26,2,8,40,10,2,50,96,20,3,0,3,2,0.255,0.326,0.366,0.691,87,0.319,90,178,"74H53/D",0,21316,294849,237169,4225,15376,676,4,64,1600,100,4,2500,9216,400,9,0,9,4,0.065025,0.106276,0.133956,0.477481,7569,0.101761,8100,31684,0
"Howie Kendrick","NH","2017","WSH","Washington Nationals",34.1,1,929,20000000,10000000,0,2,"2016","2017",0,0,0,0,162,97,65,1,1,32,0,0,2,819,5553,1477,215,672,0.487,0.254,3.87,1.2,1.44,91,334,305,40,96,16,3,9,41,12,5,22,68,8,5,0,2,0,0.315,0.368,0.475,0.844,118,0.37,123,145,"74H/39D",0,8281,111556,93025,1600,9216,256,9,81,1681,144,25,484,4624,64,25,0,4,0,0.099225,0.135424,0.225625,0.712336,13924,0.1369,15129,21025,0
"Howie Kendrick","NH","2018","WSH","Washington Nationals",35.1,2,930,7000000,3500000,0,2,"2018","2019",0,0,0,0,162,82,80,0,0,2,0,0,1,771,5517,1402,191,682,0.488,0.254,3.87,0.3,0.09,40,160,152,17,46,14,0,4,12,1,1,5,29,6,2,0,1,1,0.303,0.331,0.474,0.805,110,0.347,108,72,"4/7H3",0,1600,25600,23104,289,2116,196,0,16,144,1,1,25,841,36,4,0,1,1,0.091809,0.109561,0.224676,0.648025,12100,0.120409,11664,5184,0
"Howie Kendrick","NH","2019","WSH","Washington Nationals",36.1,3,930,7000000,3500000,0,2,"2018","2019",0,0,0,0,162,93,69,0,1,24,1,1,1,873,5512,1460,231,724,0.489,0.254,3.88,2.8,7.84,121,370,334,61,115,23,1,17,62,2,1,27,49,11,4,0,5,1,0.344,0.395,0.572,0.966,146,0.413,154,191,"3H45/D",0,14641,136900,111556,3721,13225,529,1,289,3844,4,1,729,2401,121,16,0,25,1,0.118336,0.156025,0.327184,0.933156,21316,0.170569,23716,36481,0
"Howie Kendrick","NH","2019","WSH","Washington Nationals",36.1,4,931,8723997.09738575,4361998.54869287,0,2,"2019","2020",0,0,0,0,162,93,69,0,1,24,1,1,1,873,5512,1460,231,724,0.489,0.254,3.88,2.8,7.84,121,370,334,61,115,23,1,17,62,2,1,27,49,11,4,0,5,1,0.344,0.395,0.572,0.966,146,0.413,154,191,"3H45/D",0,14641,136900,111556,3721,13225,529,1,289,3844,4,1,729,2401,121,16,0,25,1,0.118336,0.156025,0.327184,0.933156,21316,0.170569,23716,36481,0
"Howie Kendrick","NH","2020","WSH","Washington Nationals",37.1,5,931,8723997.09738575,4361998.54869287,0,2,"2019","2020",0,0,0,0,60,26,34,0,0,-8,0,0,1,293,1968,519,66,301,0.489,0.254,3.88,-0.2,0.04,25,100,91,11,25,4,0,2,14,0,0,7,17,4,0,0,2,2,0.275,0.32,0.385,0.705,91,0.299,79,35,"D/3",0,625,10000,8281,121,625,16,0,4,196,0,0,49,289,16,0,0,4,4,0.075625,0.1024,0.148225,0.497025,8281,0.089401,6241,1225,0
"Howie Kendrick","NH","2020","WSH","Washington Nationals",37.1,6,932,6250000,6250000,0,1,"2020","2020",0,0,0,0,60,26,34,0,0,-8,0,0,1,293,1968,519,66,301,0.489,0.254,3.88,-0.2,0.04,25,100,91,11,25,4,0,2,14,0,0,7,17,4,0,0,2,2,0.275,0.32,0.385,0.705,91,0.299,79,35,"D/3",0,625,10000,8281,121,625,16,0,4,196,0,0,49,289,16,0,0,4,4,0.075625,0.1024,0.148225,0.497025,8281,0.089401,6241,1225,0
"Hunter Pence","NH","2019","TEX","Texas Rangers",36.3,11.156,933,2000000,2000000,1,1,"2019","2019",1,0,0,0,162,78,84,0,0,-6,0,0,1,810,5540,1374,223,878,0.478,0.259,4.28,1.6,2.56,83,316,286,53,85,17,1,18,59,6,1,26,69,2,2,0,2,0,0.297,0.358,0.552,0.91,126,0.386,128,158,"D7H/9",0,6889,99856,81796,2809,7225,289,1,324,3481,36,1,676,4761,4,4,0,4,0,0.088209,0.128164,0.304704,0.8281,15876,0.148996,16384,24964,0
"Hunter Pence","NH","2020","SF","San Francisco Giants",37.3,12.156,934,3000000,3000000,1,1,"2020","2020",0,0,0,0,60,29,31,0,0,-2,0,0,0,299,2019,532,81,297,0.535,0.264,3.58,-0.5,0.25,17,56,52,4,5,0,1,2,6,0,0,3,15,3,1,0,0,0,0.096,0.161,0.25,0.411,11,0.181,2,13,"/D79H",0,289,3136,2704,16,25,0,1,4,36,0,0,9,225,9,1,0,0,0,0.009216,0.025921,0.0625,0.168921,121,0.032761,4,169,0
"Hunter Renfroe","NH","2021","BOS","Boston Red Sox",29.5,0,935,3100000,3100000,1,1,"2021","2021",0,0,0,0,162,92,70,0,1,22,0,0,0,829,5495,1434,219,749,0.519,0.267,3.91,2.4,5.76,144,572,521,89,135,33,0,31,96,1,2,44,130,6,1,0,6,0,0.259,0.315,0.501,0.816,114,0.35,115,261,"9/8HD",0,20736,327184,271441,7921,18225,1089,0,961,9216,1,4,1936,16900,36,1,0,36,0,0.067081,0.099225,0.251001,0.665856,12996,0.1225,13225,68121,0
"Hunter Renfroe","NH","2024","KC","Kansas City Royals",32.5,1,936,13000000,6500000,1,2,"2024","2025",0,0,0,0,162,86,76,0,1,10,0,0,0,735,5421,1343,170,644,0.477,0.263,4.26,0.1,0.01,120,424,385,44,88,18,0,15,52,1,1,36,84,10,2,0,1,0,0.229,0.297,0.392,0.689,95,0.308,97,151,"9/HD3",0,14400,179776,148225,1936,7744,324,0,225,2704,1,1,1296,7056,100,4,0,1,0,0.052441,0.088209,0.153664,0.474721,9025,0.094864,9409,22801,0
"Hunter Renfroe","NH","2025","KC","Kansas City Royals",33.5,2,936,13000000,6500000,1,2,"2024","2025",0,0,0,0,162,82,80,0,0,2,0,0,0,651,5431,1342,159,637,0.477,0.262,4.25,-1.5,2.25,35,108,99,5,18,6,0,0,4,0,0,8,21,4,0,0,1,0,0.182,0.241,0.242,0.483,37,0.216,28,24,"9/HD",0,1225,11664,9801,25,324,36,0,0,16,0,0,64,441,16,0,0,1,0,0.033124,0.058081,0.058564,0.233289,1369,0.046656,784,576,0
"Hunter Strickland","NH","2019","WSH","Washington Nationals",30.9,0,937,1300000,1300000,1,1,"2019","2019",0,0,0,0,162,93,69,0,1,24,1,1,1,873,5512,1460,231,724,0.489,0.254,3.88,0,0,23,0,0,0,0,0,0,0,0,0,0,0,0,0,0,0,0,0,0,0,0,0,0,0,0,0,"1",0,529,0,0,0,0,0,0,0,0,0,0,0,0,0,0,0,0,0,0,0,0,0,0,0,0,0,0
"Hunter Strickland","NH","2021","MIL","Milwaukee Brewers",32.9,1,938,1183156.3001569,1183156.3001569,1,1,"2021","2021",0,0,0,0,162,95,67,1,1,28,0,0,0,738,5362,1251,194,623,0.483,0.257,4.17,0,0,33,2,2,0,0,0,0,0,0,0,0,0,1,0,0,0,0,0,0,0,0,0,-100,0,-135,0,"1",0,1089,4,4,0,0,0,0,0,0,0,0,0,1,0,0,0,0,0,0,0,0,0,10000,0,18225,0,0
"Hunter Strickland","NH","2022","CIN","Cincinnati Reds",33.9,2,939,1825000,1825000,1,1,"2022","2022",0,0,0,0,162,62,100,0,0,-38,0,0,0,648,5380,1264,156,815,0.504,0.261,3.76,0,0,1,0,0,0,0,0,0,0,0,0,0,0,0,0,0,0,0,0,0,0,0,0,0,0,0,0,"1",0,1,0,0,0,0,0,0,0,0,0,0,0,0,0,0,0,0,0,0,0,0,0,0,0,0,0,0
"Ian Desmond","NH","2016","TEX","Texas Rangers",30.9,6.027,944,8000000,8000000,1,1,"2016","2016",1,0,0,0,162,95,67,1,1,28,0,0,0,765,5525,1446,215,757,0.479,0.26,4.24,2.2,4.84,156,677,625,107,178,29,3,22,86,21,6,44,160,11,5,0,3,2,0.285,0.335,0.446,0.782,104,0.342,102,279,"87",0,24336,458329,390625,11449,31684,841,9,484,7396,441,36,1936,25600,121,25,0,9,4,0.081225,0.112225,0.198916,0.611524,10816,0.116964,10404,77841,0
"Ian Desmond","NH","2017","COL","Colorado Rockies",31.9,7.027,945,70000000,14000000,1,5,"2017","2021",0,0,0,0,162,87,75,0,1,12,0,0,0,824,5534,1510,192,757,0.469,0.275,4.98,-1,1,95,373,339,47,93,11,1,7,40,15,4,24,87,13,4,2,4,1,0.274,0.326,0.375,0.701,72,0.31,63,127,"73/H68",0,9025,139129,114921,2209,8649,121,1,49,1600,225,16,576,7569,169,16,4,16,1,0.075076,0.106276,0.140625,0.491401,5184,0.0961,3969,16129,0
"Ian Desmond","NH","2018","COL","Colorado Rockies",32.9,8.027,945,70000000,14000000,1,5,"2017","2021",0,0,0,0,163,91,72,0,1,19,0,0,0,780,5541,1418,210,745,0.473,0.274,4.95,-0.3,0.09,160,619,555,82,131,21,8,22,88,20,6,53,146,17,6,1,4,0,0.236,0.307,0.422,0.729,83,0.337,88,234,"37H/68D",0,25600,383161,308025,6724,17161,441,64,484,7744,400,36,2809,21316,289,36,1,16,0,0.055696,0.094249,0.178084,0.531441,6889,0.113569,7744,54756,0
"Ian Desmond","NH","2019","COL","Colorado Rockies",33.9,9.027,945,70000000,14000000,1,5,"2017","2021",0,0,0,0,162,71,91,0,0,-20,0,0,0,835,5660,1502,224,958,0.471,0.274,4.97,-1.5,2.25,140,482,443,64,113,31,4,20,65,3,3,34,119,12,2,1,2,1,0.255,0.31,0.479,0.788,89,0.334,86,212,"87H/D1",0,19600,232324,196249,4096,12769,961,16,400,4225,9,9,1156,14161,144,4,1,4,1,0.065025,0.0961,0.229441,0.620944,7921,0.111556,7396,44944,0
"Ian Gibaut","NH","2023","CIN","Cincinnati Reds",29.8,1,947,776527.347664091,776527.347664091,1,1,"2023","2023",0,0,0,0,162,82,80,0,0,2,0,0,1,783,5499,1371,198,821,0.504,0.261,3.77,0,0,1,0,0,0,0,0,0,0,0,0,0,0,0,0,0,0,0,0,0,0,0,0,0,0,0,0,"1",0,1,0,0,0,0,0,0,0,0,0,0,0,0,0,0,0,0,0,0,0,0,0,0,0,0,0,0
"Ian Kennedy","NH","2016","KC","Kansas City Royals",31.7,6.124,952,70000000,14000000,1,5,"2016","2020",0,0,0,0,162,81,81,0,0,0,0,0,0,675,5552,1450,147,712,0.485,0.265,4.19,0,0,2,3,3,0,0,0,0,0,0,0,0,0,2,0,0,0,0,0,0,0,0,0,-100,0,-137,0,"1",0,4,9,9,0,0,0,0,0,0,0,0,0,4,0,0,0,0,0,0,0,0,0,10000,0,18769,0,0
"Ian Kennedy","NH","2017","KC","Kansas City Royals",32.7,7.124,952,70000000,14000000,1,5,"2016","2020",0,0,0,0,162,80,82,0,0,-2,0,0,0,702,5536,1436,193,791,0.485,0.265,4.2,0.1,0.01,2,4,3,0,1,0,0,0,0,0,0,1,0,0,0,0,0,0,0.333,0.5,0.333,0.833,131,0.397,148,1,"1",0,4,16,9,0,1,0,0,0,0,0,0,1,0,0,0,0,0,0,0.110889,0.25,0.110889,0.693889,17161,0.157609,21904,1,0
"Ian Kennedy","NH","2018","KC","Kansas City Royals",33.7,8.124,952,70000000,14000000,1,5,"2016","2020",0,0,0,0,162,58,104,0,0,-46,0,0,0,638,5505,1350,155,833,0.483,0.264,4.22,0.1,0.01,1,2,2,0,1,0,0,0,0,0,0,0,0,0,0,0,0,0,0.5,0.5,0.5,1,177,0.447,191,1,"1",0,1,4,4,0,1,0,0,0,0,0,0,0,0,0,0,0,0,0,0.25,0.25,0.25,1,31329,0.199809,36481,1,0
"Ian Kennedy","NH","2019","KC","Kansas City Royals",34.7,9.124,952,70000000,14000000,1,5,"2016","2020",0,0,0,0,162,59,103,0,0,-44,0,0,0,691,5496,1356,162,869,0.48,0.264,4.24,0,0,4,0,0,0,0,0,0,0,0,0,0,0,0,0,0,0,0,0,0,0,0,0,0,0,0,0,"1",0,16,0,0,0,0,0,0,0,0,0,0,0,0,0,0,0,0,0,0,0,0,0,0,0,0,0,0
"Ian Kennedy","NH","2021","PHI","Philadelphia Phillies",36.7,11.124,953,2150000,2150000,1,1,"2021","2021",0,0,0,0,162,82,80,0,0,2,0,0,0,734,5366,1288,198,745,0.472,0.261,3.99,0,0,24,0,0,0,0,0,0,0,0,0,0,0,0,0,0,0,0,0,0,0,0,0,0,0,0,0,"1",0,576,0,0,0,0,0,0,0,0,0,0,0,0,0,0,0,0,0,0,0,0,0,0,0,0,0,0
"Ian Kennedy","NH","2022","ARI","Arizona Diamondbacks",37.7,12.124,954,4750000,4750000,1,1,"2022","2022",0,0,0,0,162,74,88,0,0,-14,0,0,0,702,5351,1232,173,740,0.485,0.255,4.26,0,0,1,0,0,0,0,0,0,0,0,0,0,0,0,0,0,0,0,0,0,0,0,0,0,0,0,0,"1",0,1,0,0,0,0,0,0,0,0,0,0,0,0,0,0,0,0,0,0,0,0,0,0,0,0,0,0
"Ichiro Suzuki",NA,"2013","NYY","New York Yankees",39.8,0,956,13000000,6500000,0,2,"2013","2014",0,0,0,0,162,85,77,0,0,8,0,0,0,643,5477,1322,144,660,0.568,0.267,3.64,2.1,4.41,150,555,520,57,136,15,3,7,35,20,4,26,63,6,1,6,2,4,0.262,0.297,0.342,0.639,77,0.294,73,178,"9H8/7D",0,22500,308025,270400,3249,18496,225,9,49,1225,400,16,676,3969,36,1,36,4,16,0.068644,0.088209,0.116964,0.408321,5929,0.086436,5329,31684,0
"Ichiro Suzuki",NA,"2014","NYY","New York Yankees",40.8,1,956,13000000,6500000,0,2,"2013","2014",0,0,0,0,-114,-34,-75,0,0,41,0,0,-4,-842,-3852,-1317,90,-934,0.569,0.267,3.64,0.9,0.81,143,385,359,42,102,13,2,1,22,15,3,21,68,3,1,2,2,1,0.284,0.324,0.34,0.664,89,0.311,89,122,"9H/78D",0,20449,148225,128881,1764,10404,169,4,1,484,225,9,441,4624,9,1,4,4,1,0.080656,0.104976,0.1156,0.440896,7921,0.096721,7921,14884,0
"Ichiro Suzuki",NA,"2015","MIA","Miami Marlins",41.8,2,957,2000000,2000000,1,1,"2015","2015",0,0,0,0,162,71,91,0,0,-20,0,0,0,613,5463,1420,120,678,0.469,0.258,4.26,-1.1,1.21,153,438,398,45,91,5,6,1,21,11,5,31,51,8,0,5,4,1,0.229,0.282,0.279,0.561,58,0.257,51,111,"9H7/8D1",0,23409,191844,158404,2025,8281,25,36,1,441,121,25,961,2601,64,0,25,16,1,0.052441,0.079524,0.077841,0.314721,3364,0.066049,2601,12321,0
"Ichiro Suzuki","NH","2016","MIA","Miami Marlins",42.8,3,958,2649703.96038804,2649703.96038804,0,1,"2016","2016",0,0,0,0,161,79,82,0,0,-3,0,0,1,655,5547,1460,128,682,0.469,0.258,4.25,1.6,2.56,143,365,327,48,95,15,5,1,22,10,2,30,42,4,3,3,2,1,0.291,0.354,0.376,0.73,102,0.331,103,123,"H978/D",0,20449,133225,106929,2304,9025,225,25,1,484,100,4,900,1764,16,9,9,4,1,0.084681,0.125316,0.141376,0.5329,10404,0.109561,10609,15129,0
"Ichiro Suzuki","NH","2017","MIA","Miami Marlins",43.8,4,959,2601715.51618161,2601715.51618161,0,1,"2017","2017",0,0,0,0,162,77,85,0,0,-8,0,0,2,778,5602,1497,194,822,0.47,0.258,4.27,-0.2,0.04,136,215,196,19,50,6,0,3,20,1,1,17,35,2,1,1,0,1,0.255,0.318,0.332,0.649,79,0.286,76,65,"H98/7D",0,18496,46225,38416,361,2500,36,0,9,400,1,1,289,1225,4,1,1,0,1,0.065025,0.101124,0.110224,0.421201,6241,0.081796,5776,4225,0
"Ichiro Suzuki",NA,"2018","SEA","Seattle Mariners",44.8,5,960,750000,750000,1,1,"2018","2018",0,0,0,0,162,89,73,0,0,16,0,0,0,677,5513,1402,176,711,0.472,0.26,4.32,-0.5,0.25,15,47,44,5,9,0,0,0,0,0,0,3,7,0,0,0,0,0,0.205,0.255,0.205,0.46,33,0.207,23,9,"7/DH9",0,225,2209,1936,25,81,0,0,0,0,0,0,9,49,0,0,0,0,0,0.042025,0.065025,0.042025,0.2116,1089,0.042849,529,81,0
"Ildemaro Vargas","NH","2022","WSH","Washington Nationals",31.1,0,961,780223.372192982,780223.372192982,1,1,"2022","2022",0,0,0,0,162,55,107,0,0,-52,0,0,0,603,5434,1351,136,855,0.484,0.254,3.92,1.5,2.25,63,222,209,19,55,13,1,4,23,3,1,8,23,6,3,1,1,0,0.263,0.299,0.392,0.691,97,0.308,97,82,"56/4H1",0,3969,49284,43681,361,3025,169,1,16,529,9,1,64,529,36,9,1,1,0,0.069169,0.089401,0.153664,0.477481,9409,0.094864,9409,6724,0
"Ildemaro Vargas","NH","2024","WSH","Washington Nationals",33.1,1,962,1131218.90508272,1131218.90508272,0,1,"2024","2024",0,0,0,0,162,71,91,0,0,-20,0,0,0,660,5374,1306,135,764,0.483,0.254,3.9,-0.5,0.25,95,303,272,21,67,16,0,1,30,9,4,19,31,9,2,5,5,0,0.246,0.295,0.316,0.611,74,0.273,71,86,"547H/613D",0,9025,91809,73984,441,4489,256,0,1,900,81,16,361,961,81,4,25,25,0,0.060516,0.087025,0.099856,0.373321,5476,0.074529,5041,7396,0
"Ildemaro Vargas","NH","2025","ARI","Arizona Diamondbacks",34.1,2,963,1000000,1000000,0,1,"2025","2025",0,0,0,0,162,80,82,0,0,-2,0,0,0,791,5480,1377,214,785,0.489,0.255,4.29,0.2,0.04,38,121,115,12,31,2,1,3,19,0,0,2,15,3,2,1,1,0,0.27,0.292,0.383,0.674,86,0.291,78,44,"43/H5D6",0,1444,14641,13225,144,961,4,1,9,361,0,0,4,225,9,4,1,1,0,0.0729,0.085264,0.146689,0.454276,7396,0.084681,6084,1936,0
"Ivan Nova","NH","2017","PIT","Pittsburgh Pirates",30.6,6.024,964,26000000,8666666.66666667,0,3,"2017","2019",0,0,0,0,165,75,87,0,0,-12,0,0,0,668,5458,1331,151,731,0.504,0.264,3.72,-0.6,0.36,29,60,51,0,1,0,0,0,0,0,0,0,31,0,0,9,0,0,0.02,0.02,0.02,0.039,-90,0.035,-151,1,"1",0,841,3600,2601,0,1,0,0,0,0,0,0,0,961,0,0,81,0,0,0.0004,0.0004,0.0004,0.001521,8100,0.001225,22801,1,0
"Ivan Nova","NH","2018","PIT","Pittsburgh Pirates",31.6,7.024,964,26000000,8666666.66666667,0,3,"2017","2019",0,0,0,0,161,82,79,0,0,3,0,0,0,692,5447,1381,157,693,0.504,0.264,3.72,-0.6,0.36,27,56,53,1,1,0,0,0,0,0,0,0,30,1,0,3,0,0,0.019,0.019,0.019,0.038,-90,0.017,-138,1,"1",0,729,3136,2809,1,1,0,0,0,0,0,0,0,900,1,0,9,0,0,0.000361,0.000361,0.000361,0.001444,8100,0.000289,19044,1,0
"Ivan Nova","NH","2019","CHW","Chicago White Sox",32.6,8.024,964,26000000,8666666.66666667,0,3,"2017","2019",0,0,0,0,161,72,89,0,0,-17,0,0,1,708,5529,1443,182,832,0.502,0.26,3.78,-0.1,0.01,3,5,5,0,0,0,0,0,0,0,0,0,4,0,0,0,0,0,0,0,0,0,-100,0,-129,0,"1",0,9,25,25,0,0,0,0,0,0,0,0,0,16,0,0,0,0,0,0,0,0,0,10000,0,16641,0,0
"Ja Happ","NH","2016","TOR","Toronto Blue Jays",33.8,0,966,36000000,12000000,1,3,"2016","2018",2,0,1,0,162,89,73,0,1,16,0,0,0,759,5479,1358,221,666,0.498,0.262,4.2,0.3,0.09,4,10,7,2,2,0,0,0,0,0,0,0,3,0,0,3,0,0,0.286,0.286,0.286,0.571,55,0.51,288,2,"1",0,16,100,49,4,4,0,0,0,0,0,0,0,9,0,0,9,0,0,0.081796,0.081796,0.081796,0.326041,3025,0.2601,82944,4,0
"Ja Happ","NH","2017","TOR","Toronto Blue Jays",34.8,1,966,36000000,12000000,1,3,"2016","2018",0,0,0,0,162,76,86,0,0,-10,0,0,1,693,5499,1320,222,784,0.498,0.261,4.21,0,0,1,2,2,0,0,0,0,0,0,0,0,0,1,0,0,0,0,0,0,0,0,0,-100,0,-138,0,"1",0,1,4,4,0,0,0,0,0,0,0,0,0,1,0,0,0,0,0,0,0,0,0,10000,0,19044,0,0
"Ja Happ","NH","2018","TOR","Toronto Blue Jays",35.8,2,966,36000000,12000000,1,3,"2016","2018",1,0,0,0,162,73,89,0,0,-16,0,0,0,709,5477,1336,217,832,0.496,0.261,4.23,0.1,0.01,2,7,6,2,2,0,0,0,0,0,0,1,3,0,0,0,0,0,0.333,0.429,0.333,0.762,116,0.355,124,2,"1",0,4,49,36,4,4,0,0,0,0,0,0,1,9,0,0,0,0,0,0.110889,0.184041,0.110889,0.580644,13456,0.126025,15376,4,0
"Ja Happ","NH","2019","NYY","New York Yankees",36.8,3,967,34000000,17000000,0,2,"2019","2020",0,0,0,0,162,103,59,1,1,44,0,0,3,943,5583,1493,306,739,0.57,0.266,3.65,0,0,2,4,3,1,0,0,0,0,0,0,0,0,0,0,0,1,0,0,0,0,0,0,-100,0,-203,0,"1/H",0,4,16,9,1,0,0,0,0,0,0,0,0,0,0,0,1,0,0,0,0,0,0,10000,0,41209,0,0
"Ja Happ","NH","2021","STL","St Louis Cardinals",38.8,6,968,41664234.7764043,20832117.3882022,0,2,"2020","2021",0,0,0,0,162,90,72,0,1,18,0,0,0,706,5351,1303,198,672,0.521,0.266,3.68,-0.1,0.01,10,15,14,0,0,0,0,0,0,0,0,1,5,0,0,0,0,0,0,0.067,0,0.067,-79,0.046,-93,0,"1",0,100,225,196,0,0,0,0,0,0,0,0,1,25,0,0,0,0,0,0,0.004489,0,0.004489,6241,0.002116,8649,0,0
"Ja Happ","NH","2021","STL","St Louis Cardinals",38.8,7,969,8000000,8000000,1,1,"2021","2021",0,0,0,0,162,90,72,0,1,18,0,0,0,706,5351,1303,198,672,0.521,0.266,3.68,-0.1,0.01,10,15,14,0,0,0,0,0,0,0,0,1,5,0,0,0,0,0,0,0.067,0,0.067,-79,0.046,-93,0,"1",0,100,225,196,0,0,0,0,0,0,0,0,1,25,0,0,0,0,0,0,0.004489,0,0.004489,6241,0.002116,8649,0,0
"Jace Peterson","NH","2018","BAL","Baltimore Orioles",28.2,0,970,706850.620231786,706850.620231786,1,1,"2018","2018",0,0,0,0,162,47,115,0,0,-68,0,0,2,622,5507,1317,188,892,0.475,0.259,4.02,-0.1,0.01,96,246,210,21,42,13,2,3,28,13,3,31,58,8,3,1,1,0,0.2,0.31,0.324,0.634,76,0.292,74,68,"57H49/61D",0,9216,60516,44100,441,1764,169,4,9,784,169,9,961,3364,64,9,1,1,0,0.04,0.0961,0.104976,0.401956,5776,0.085264,5476,4624,0
"Jace Peterson","NH","2020","MIL","Milwaukee Brewers",30.2,1,971,690523.420485407,690523.420485407,1,1,"2020","2020",0,0,0,0,60,29,31,0,1,-2,0,0,1,247,1920,429,75,264,0.481,0.257,4.18,0.1,0.01,26,61,45,6,9,1,0,2,5,1,0,15,20,0,0,0,1,0,0.2,0.393,0.356,0.749,104,0.346,106,16,"9/H3574",0,676,3721,2025,36,81,1,0,4,25,1,0,225,400,0,0,0,1,0,0.04,0.154449,0.126736,0.561001,10816,0.119716,11236,256,0
"Jace Peterson","NH","2021","MIL","Milwaukee Brewers",31.2,2,972,680314.872590215,680314.872590215,0,1,"2021","2021",0,0,0,0,162,95,67,1,1,28,0,0,0,738,5362,1251,194,623,0.483,0.257,4.17,0.5,0.25,94,302,259,36,64,11,1,6,31,10,1,38,68,1,3,0,2,0,0.247,0.348,0.367,0.714,95,0.328,96,95,"43H957/16",0,8836,91204,67081,1296,4096,121,1,36,961,100,1,1444,4624,1,9,0,4,0,0.061009,0.121104,0.134689,0.509796,9025,0.107584,9216,9025,0
"Jace Peterson","NH","2022","MIL","Milwaukee Brewers",32.2,3,973,2034153.79178885,2034153.79178885,0,1,"2022","2022",0,0,0,0,162,86,76,0,0,10,0,0,0,725,5417,1271,219,688,0.484,0.257,4.16,2.2,4.84,112,328,288,44,68,14,2,8,34,12,1,33,85,8,2,2,3,2,0.236,0.316,0.382,0.698,97,0.312,91,110,"5H9/347D1",0,12544,107584,82944,1936,4624,196,4,64,1156,144,1,1089,7225,64,4,4,9,4,0.055696,0.099856,0.145924,0.487204,9409,0.097344,8281,12100,0
"Jace Peterson","NH","2023","OAK","Oakland Athletics",33.2,4,974,9500000,4750000,1,2,"2023","2024",0,0,0,0,162,50,112,0,0,-62,0,0,0,585,5311,1187,171,924,0.487,0.258,4,-0.5,0.25,133,430,374,35,79,10,4,6,37,15,2,47,101,7,4,2,3,2,0.211,0.304,0.307,0.611,73,0.282,72,115,"5H4/D137",0,17689,184900,139876,1225,6241,100,16,36,1369,225,4,2209,10201,49,16,4,9,4,0.044521,0.092416,0.094249,0.373321,5329,0.079524,5184,13225,0
"Jace Peterson","NH","2024","ARI","Arizona Diamondbacks",34.2,5,974,9500000,4750000,1,2,"2023","2024",0,0,0,0,162,89,73,0,0,16,0,0,0,886,5522,1452,211,788,0.489,0.255,4.28,-0.6,0.36,14,26,22,2,1,0,0,0,1,0,0,3,6,1,0,0,1,0,0.045,0.154,0.045,0.199,-40,0.114,-49,1,"/H64D5",0,196,676,484,4,1,0,0,0,1,0,0,9,36,1,0,0,1,0,0.002025,0.023716,0.002025,0.039601,1600,0.012996,2401,1,0
"Jackie Bradley Jr","NH","2021","MIL","Milwaukee Brewers",31.3,6.15,977,24000000,12000000,1,2,"2021","2022",0,0,0,0,162,95,67,1,1,28,0,0,0,738,5362,1251,194,623,0.483,0.257,4.17,-0.7,0.49,134,428,387,39,63,14,3,6,29,7,1,28,132,8,10,0,3,0,0.163,0.236,0.261,0.497,35,0.236,33,101,"8H97",0,17956,183184,149769,1521,3969,196,9,36,841,49,1,784,17424,64,100,0,9,0,0.026569,0.055696,0.068121,0.247009,1225,0.055696,1089,10201,0
"Jackie Bradley Jr","NH","2022","BOS","Boston Red Sox",32.3,7.15,977,24000000,12000000,1,2,"2021","2022",0,0,0,0,162,78,84,0,0,-6,0,0,1,735,5539,1427,155,787,0.518,0.267,3.92,-0.8,0.64,131,370,344,30,70,23,1,4,38,2,3,24,77,5,0,2,0,0,0.203,0.255,0.311,0.566,58,0.253,53,107,"98/H1",0,17161,136900,118336,900,4900,529,1,16,1444,4,9,576,5929,25,0,4,0,0,0.041209,0.065025,0.096721,0.320356,3364,0.064009,2809,11449,0
"Jackie Bradley Jr","NH","2023","KC","Kansas City Royals",33.3,8.15,978,900000,900000,1,1,"2023","2023",0,0,0,0,162,56,106,0,0,-50,0,0,0,676,5428,1325,163,859,0.475,0.263,4.27,-0.4,0.16,43,113,105,10,14,5,0,1,6,0,0,5,29,3,2,1,0,0,0.133,0.188,0.21,0.397,9,0.188,3,22,"89/7H",0,1849,12769,11025,100,196,25,0,1,36,0,0,25,841,9,4,1,0,0,0.017689,0.035344,0.0441,0.157609,81,0.035344,9,484,0
"Jacob Stallings","NH","2024","COL","Colorado Rockies",34,0,983,2000000,2000000,1,1,"2024","2024",0,0,0,0,162,61,101,0,0,-40,0,0,1,682,5454,1319,179,929,0.462,0.271,5.02,1.7,2.89,82,281,243,31,64,17,1,9,36,0,0,27,65,10,9,1,1,1,0.263,0.357,0.453,0.81,116,0.355,117,110,"2/HD",0,6724,78961,59049,961,4096,289,1,81,1296,0,0,729,4225,100,81,1,1,1,0.069169,0.127449,0.205209,0.6561,13456,0.126025,13689,12100,0
"Jacob Stallings","NH","2025","COL","Colorado Rockies",35,1,984,2500000,2500000,0,1,"2025","2025",0,0,0,0,162,43,119,0,0,-76,0,0,0,597,5408,1281,160,1021,0.456,0.27,5.05,-1.3,1.69,42,129,119,5,16,4,0,0,9,0,0,6,40,5,3,1,0,0,0.134,0.195,0.168,0.363,1,0.178,-8,20,"2/H1",0,1764,16641,14161,25,256,16,0,0,81,0,0,36,1600,25,9,1,0,0,0.017956,0.038025,0.028224,0.131769,1,0.031684,64,400,0
"Jake Arrieta","NH","2018","PHI","Philadelphia Phillies",32.4,6.145,987,75000000,25000000,1,3,"2018","2020",0,0,0,0,162,80,82,0,0,-2,0,0,1,677,5424,1270,186,728,0.472,0.261,3.98,0.1,0.01,28,50,45,3,6,0,0,1,3,0,0,3,27,1,0,2,0,0,0.133,0.188,0.2,0.388,4,0.18,-17,9,"1",0,784,2500,2025,9,36,0,0,1,9,0,0,9,729,1,0,4,0,0,0.017689,0.035344,0.04,0.150544,16,0.0324,289,81,0
"Jake Arrieta","NH","2019","PHI","Philadelphia Phillies",33.4,7.145,987,75000000,25000000,1,3,"2018","2020",0,0,0,0,162,81,81,0,0,0,0,0,1,774,5571,1369,215,794,0.472,0.261,3.98,0,0,23,50,45,2,7,1,0,0,4,0,0,1,19,1,0,4,0,0,0.156,0.174,0.178,0.352,-8,0.175,-26,8,"1",0,529,2500,2025,4,49,1,0,0,16,0,0,1,361,1,0,16,0,0,0.024336,0.030276,0.031684,0.123904,64,0.030625,676,64,0
"Jake Arrieta","NH","2021","CHC","Chicago Cubs",35.4,9.145,988,6000000,6000000,1,1,"2021","2021",0,0,0,0,162,71,91,0,0,-20,0,0,0,705,5306,1255,210,839,0.513,0.262,3.69,0.2,0.04,24,30,23,3,3,0,0,0,0,0,0,2,16,0,1,4,0,0,0.13,0.231,0.13,0.361,2,0.185,-2,3,"1/H",0,576,900,529,9,9,0,0,0,0,0,0,4,256,0,1,16,0,0,0.0169,0.053361,0.0169,0.130321,4,0.034225,4,9,0
"Jake Bauers","NH","2023","NYY","New York Yankees",27.8,0,989,765889.986737186,765889.986737186,1,1,"2023","2023",0,0,0,0,162,82,80,0,0,2,0,0,0,673,5323,1207,219,698,0.569,0.266,3.65,-0.9,0.81,84,272,242,28,49,15,0,12,30,3,2,27,95,3,0,0,3,0,0.202,0.279,0.413,0.693,87,0.301,86,100,"973H/D",0,7056,73984,58564,784,2401,225,0,144,900,9,4,729,9025,9,0,0,9,0,0.040804,0.077841,0.170569,0.480249,7569,0.090601,7396,10000,0
"Jake Bauers","NH","2024","MIL","Milwaukee Brewers",28.8,1,990,1388314.11078333,1388314.11078333,1,1,"2024","2024",0,0,0,0,162,93,69,1,1,24,0,0,0,777,5472,1359,177,641,0.487,0.256,4.14,-0.3,0.09,116,346,302,45,60,9,2,12,43,13,1,39,118,0,5,0,0,1,0.199,0.301,0.361,0.662,84,0.3,81,109,"3HD9/71",0,13456,119716,91204,2025,3600,81,4,144,1849,169,1,1521,13924,0,25,0,0,1,0.039601,0.090601,0.130321,0.438244,7056,0.09,6561,11881,0
"Jake Bauers","NH","2025","MIL","Milwaukee Brewers",29.8,2,991,1400000,1400000,0,1,"2025","2025",0,0,0,0,162,97,65,1,1,32,0,0,2,806,5510,1423,166,634,0.489,0.256,4.13,0.7,0.49,85,218,183,28,43,9,0,7,28,8,1,32,59,1,2,0,1,1,0.235,0.353,0.399,0.752,111,0.34,111,73,"3H7/D19",0,7225,47524,33489,784,1849,81,0,49,784,64,1,1024,3481,1,4,0,1,1,0.055225,0.124609,0.159201,0.565504,12321,0.1156,12321,5329,0
"Jake Diekman","NH","2019","KC","Kansas City Royals",32.6,0,992,2750000,2750000,1,1,"2019","2019",0,0,0,0,162,59,103,0,0,-44,0,0,0,691,5496,1356,162,869,0.48,0.264,4.24,0,0,5,0,0,0,0,0,0,0,0,0,0,0,0,0,0,0,0,0,0,0,0,0,0,0,0,0,"1",0,25,0,0,0,0,0,0,0,0,0,0,0,0,0,0,0,0,0,0,0,0,0,0,0,0,0,0
"Jake Diekman","NH","2021","OAK","Oakland Athletics",34.6,2,993,7500000,3750000,0,2,"2020","2021",0,0,0,0,162,86,76,0,0,10,0,0,0,743,5395,1284,199,687,0.489,0.258,3.98,0,0,4,1,1,0,0,0,0,0,0,0,0,0,1,0,0,0,0,0,0,0,0,0,-100,0,-117,0,"1",0,16,1,1,0,0,0,0,0,0,0,0,0,1,0,0,0,0,0,0,0,0,0,10000,0,13689,0,0
"Jake Diekman","NH","2024","NYM","New York Mets",37.6,6,996,4113523.29120988,4113523.29120988,1,1,"2024","2024",0,0,0,0,162,89,73,0,1,16,0,0,0,768,5510,1357,207,697,0.483,0.25,3.8,0,0,1,0,0,0,0,0,0,0,0,0,0,0,0,0,0,0,0,0,0,0,0,0,0,0,0,0,"1",0,1,0,0,0,0,0,0,0,0,0,0,0,0,0,0,0,0,0,0,0,0,0,0,0,0,0,0
"Jake Elmore","NH","2016","MIL","Milwaukee Brewers",29.2,0,997,672362.379948466,672362.379948466,1,1,"2016","2016",0,0,0,0,162,73,89,0,0,-16,0,0,0,671,5330,1299,194,733,0.477,0.258,4.19,-0.7,0.49,59,99,78,7,17,2,0,0,4,2,3,17,17,1,2,2,0,1,0.218,0.371,0.244,0.615,68,0.287,71,19,"H7/5948",0,3481,9801,6084,49,289,4,0,0,16,4,9,289,289,1,4,4,0,1,0.047524,0.137641,0.059536,0.378225,4624,0.082369,5041,361,0
"Jake Elmore","NH","2019","PIT","Pittsburgh Pirates",32.2,1,998,691688.341292727,691688.341292727,1,1,"2019","2019",0,0,0,0,162,69,93,0,0,-24,0,0,0,758,5657,1497,163,911,0.503,0.264,3.73,-0.4,0.16,20,49,47,3,10,1,0,0,4,0,1,2,8,0,0,0,0,0,0.213,0.245,0.234,0.479,28,0.222,30,11,"/H7594",0,400,2401,2209,9,100,1,0,0,16,0,1,4,64,0,0,0,0,0,0.045369,0.060025,0.054756,0.229441,784,0.049284,900,121,0
"Jake Lamb","NH","2020","ARI","Arizona Diamondbacks",29.8,5.053,1001,690523.420485407,690523.420485407,1,1,"2020","2020",0,0,0,0,60,25,35,0,0,-10,0,0,0,269,1997,482,58,295,0.493,0.257,4.22,-0.3,0.09,31,99,88,7,17,5,0,3,10,0,1,8,25,1,3,0,0,0,0.193,0.283,0.352,0.635,74,0.286,77,31,"53/D",0,961,9801,7744,49,289,25,0,9,100,0,1,64,625,1,9,0,0,0,0.037249,0.080089,0.123904,0.403225,5476,0.081796,5929,961,0
"Jake Lamb","NH","2022","LAD","Los Angeles Dodgers",31.8,7.053,1002,1500000,1500000,1,1,"2022","2022",0,0,0,0,162,111,51,1,1,60,0,0,2,847,5526,1418,212,513,0.531,0.261,3.52,-0.2,0.04,41,111,97,13,21,6,1,3,6,0,1,11,38,4,3,0,0,0,0.216,0.315,0.392,0.707,100,0.318,105,38,"D7/H935",0,1681,12321,9409,169,441,36,1,9,36,0,1,121,1444,16,9,0,0,0,0.046656,0.099225,0.153664,0.499849,10000,0.101124,11025,1444,0
"Jake Lamb","NH","2023","LAA","Los Angeles Angels",32.8,7.14,1003,1250000,1250000,1,1,"2023","2023",0,0,0,0,162,73,89,0,0,-16,0,0,0,739,5489,1346,231,829,0.497,0.256,4,0.1,0.01,18,54,51,7,11,1,0,2,5,0,0,3,15,1,0,0,0,0,0.216,0.259,0.353,0.612,65,0.284,72,18,"3/H1",0,324,2916,2601,49,121,1,0,4,25,0,0,9,225,1,0,0,0,0,0.046656,0.067081,0.124609,0.374544,4225,0.080656,5184,324,0
"Jake Marisnick","NH","2021","CHC","Chicago Cubs",30.3,6.132,1004,1500000,1500000,1,1,"2021","2021",0,0,0,0,162,71,91,0,0,-20,0,0,0,705,5306,1255,210,839,0.513,0.262,3.69,0,0,99,198,176,21,38,7,3,5,24,4,1,11,65,4,7,2,2,0,0.216,0.286,0.375,0.661,79,0.291,74,66,"8H7/9",0,9801,39204,30976,441,1444,49,9,25,576,16,1,121,4225,16,49,4,4,0,0.046656,0.081796,0.140625,0.436921,6241,0.084681,5476,4356,0
"Jake Marisnick","NH","2022","PIT","Pittsburgh Pirates",31.3,7.132,1005,1300000,1300000,1,1,"2022","2022",0,0,0,0,162,62,100,0,0,-38,0,0,0,591,5331,1186,158,817,0.501,0.264,3.75,0.3,0.09,31,82,77,9,18,6,0,2,6,2,1,4,24,2,0,1,0,1,0.234,0.272,0.39,0.661,85,0.305,92,30,"87/9H",0,961,6724,5929,81,324,36,0,4,36,4,1,16,576,4,0,1,0,1,0.054756,0.073984,0.1521,0.436921,7225,0.093025,8464,900,0
"Jake Marisnick","NH","2023","DET","Detroit Tigers",32.3,8.083,1006,765889.986737186,765889.986737186,1,1,"2023","2023",0,0,0,0,162,78,84,0,0,-6,0,0,0,661,5478,1292,165,740,0.503,0.264,4,0.4,0.16,46,83,76,10,18,3,2,2,10,2,3,3,21,4,2,1,1,0,0.237,0.28,0.408,0.688,87,0.293,90,31,"8/H9D",0,2116,6889,5776,100,324,9,4,4,100,4,9,9,441,16,4,1,1,0,0.056169,0.0784,0.166464,0.473344,7569,0.085849,8100,961,0
"Jake Mcgee","NH","2018","COL","Colorado Rockies",32,6.127,1007,27000000,9000000,0,3,"2018","2020",0,0,0,0,163,91,72,0,1,19,0,0,0,780,5541,1418,210,745,0.473,0.274,4.95,0,0,57,0,0,0,0,0,0,0,0,0,0,0,0,0,0,0,0,0,0,0,0,0,0,0,0,0,"1",0,3249,0,0,0,0,0,0,0,0,0,0,0,0,0,0,0,0,0,0,0,0,0,0,0,0,0,0
"Jake Mcgee","NH","2019","COL","Colorado Rockies",33,7.127,1007,27000000,9000000,0,3,"2018","2020",0,0,0,0,162,71,91,0,0,-20,0,0,0,835,5660,1502,224,958,0.471,0.274,4.97,0,0,42,0,0,0,0,0,0,0,0,0,0,0,0,0,0,0,0,0,0,0,0,0,0,0,0,0,"1",0,1764,0,0,0,0,0,0,0,0,0,0,0,0,0,0,0,0,0,0,0,0,0,0,0,0,0,0
"Jake Mcgee","NH","2021","SF","San Francisco Giants",35,9.127,1009,5000000,2500000,1,2,"2021","2022",0,0,0,0,162,107,55,1,1,52,0,0,0,804,5462,1360,241,594,0.536,0.264,3.57,0,0,55,0,0,0,0,0,0,0,0,0,0,0,0,0,0,0,0,0,0,0,0,0,0,0,0,0,"1",0,3025,0,0,0,0,0,0,0,0,0,0,0,0,0,0,0,0,0,0,0,0,0,0,0,0,0,0
"Jake Petricka","NH","2018","TOR","Toronto Blue Jays",30.2,4.044,1010,1300000,1300000,1,1,"2018","2018",0,0,0,0,162,73,89,0,0,-16,0,0,0,709,5477,1336,217,832,0.496,0.261,4.23,0,0,2,1,1,0,0,0,0,0,0,0,0,0,1,0,0,0,0,0,0,0,0,0,-100,0,-125,0,"1",0,4,1,1,0,0,0,0,0,0,0,0,0,1,0,0,0,0,0,0,0,0,0,10000,0,15625,0,0
"Jake Petricka","NH","2019","MIL","Milwaukee Brewers",31.2,4.157,1011,900000,900000,1,1,"2019","2019",0,0,0,0,162,89,73,0,1,16,0,0,0,769,5542,1366,250,766,0.481,0.258,4.18,0,0,5,0,0,0,0,0,0,0,0,0,0,0,0,0,0,0,0,0,0,0,0,0,0,0,0,0,"/1",0,25,0,0,0,0,0,0,0,0,0,0,0,0,0,0,0,0,0,0,0,0,0,0,0,0,0,0
"James Hoyt","NH","2021","LAA","Los Angeles Angels",34.8,1,1013,674990.669239509,674990.669239509,1,1,"2021","2021",0,0,0,0,162,77,85,0,0,-8,0,0,0,723,5437,1331,190,804,0.499,0.257,3.99,0,0,1,0,0,0,0,0,0,0,0,0,0,0,0,0,0,0,0,0,0,0,0,0,0,0,0,0,"/1",0,1,0,0,0,0,0,0,0,0,0,0,0,0,0,0,0,0,0,0,0,0,0,0,0,0,0,0
"James Loney","NH","2013","TB","Tampa Bay Rays",29.2,0,1014,2000000,2000000,1,1,"2013","2013",0,0,0,0,163,92,71,0,1,21,0,0,0,700,5538,1421,165,646,0.461,0.258,4.53,2.5,6.25,158,598,549,54,164,33,0,13,75,3,1,44,77,16,0,1,4,6,0.299,0.348,0.43,0.778,117,0.34,114,236,"3/HD",0,24964,357604,301401,2916,26896,1089,0,169,5625,9,1,1936,5929,256,0,1,16,36,0.089401,0.121104,0.1849,0.605284,13689,0.1156,12996,55696,0
"James Loney","NH","2014","TB","Tampa Bay Rays",30.2,1,1015,21000000,7000000,0,3,"2014","2016",0,0,0,0,162,77,85,0,0,-8,0,0,0,612,5516,1361,117,625,0.462,0.258,4.47,1.2,1.44,155,651,600,59,174,27,0,9,69,4,0,41,80,21,4,0,6,2,0.29,0.336,0.38,0.716,106,0.327,107,228,"3/DH",0,24025,423801,360000,3481,30276,729,0,81,4761,16,0,1681,6400,441,16,0,36,4,0.0841,0.112896,0.1444,0.512656,11236,0.106929,11449,51984,0
"James Loney","NH","2015","TB","Tampa Bay Rays",31.2,2,1015,21000000,7000000,0,3,"2014","2016",0,0,0,0,162,80,82,0,0,-2,0,0,0,644,5485,1383,167,642,0.464,0.257,4.43,-0.8,0.64,104,388,361,25,101,16,0,4,32,2,4,23,34,10,1,0,3,5,0.28,0.322,0.357,0.68,91,0.294,84,129,"3/HD",0,10816,150544,130321,625,10201,256,0,16,1024,4,16,529,1156,100,1,0,9,25,0.0784,0.103684,0.127449,0.4624,8281,0.086436,7056,16641,0
"James Loney","NH","2016","NYM","New York Mets",32.2,3,1015,21000000,7000000,0,3,"2014","2016",0,0,0,0,162,87,75,0,1,12,0,0,1,671,5459,1342,218,617,0.481,0.25,3.75,0,0,100,366,343,30,91,16,1,9,34,0,0,16,37,11,5,1,1,3,0.265,0.307,0.397,0.703,89,0.307,85,136,"3/H",0,10000,133956,117649,900,8281,256,1,81,1156,0,0,256,1369,121,25,1,1,9,0.070225,0.094249,0.157609,0.494209,7921,0.094249,7225,18496,0
"James Loney","NH","2016","NYM","New York Mets",32.2,4,1016,672362.379948466,672362.379948466,1,1,"2016","2016",0,0,0,0,162,87,75,0,1,12,0,0,1,671,5459,1342,218,617,0.481,0.25,3.75,0,0,100,366,343,30,91,16,1,9,34,0,0,16,37,11,5,1,1,3,0.265,0.307,0.397,0.703,89,0.307,85,136,"3/H",0,10000,133956,117649,900,8281,256,1,81,1156,0,0,256,1369,121,25,1,1,9,0.070225,0.094249,0.157609,0.494209,7921,0.094249,7225,18496,0
"James Mccann","NH","2019","CHW","Chicago White Sox",29.2,0,1017,2500000,2500000,1,1,"2019","2019",1,0,0,0,161,72,89,0,0,-17,0,0,1,708,5529,1443,182,832,0.502,0.26,3.78,3.6,12.96,118,476,439,62,120,26,1,18,60,4,1,30,137,10,6,1,0,1,0.273,0.328,0.46,0.789,108,0.345,113,202,"2D/H",0,13924,226576,192721,3844,14400,676,1,324,3600,16,1,900,18769,100,36,1,0,1,0.074529,0.107584,0.2116,0.622521,11664,0.119025,12769,40804,0
"James Mccann","NH","2021","NYM","New York Mets",31.2,1,1018,40600000,10150000,1,4,"2021","2024",0,0,0,0,162,77,85,0,0,-8,0,0,0,636,5210,1243,176,668,0.48,0.25,3.8,-0.3,0.09,121,412,375,29,87,12,1,10,46,1,2,32,115,12,2,0,3,1,0.232,0.294,0.349,0.643,76,0.282,72,131,"2H/3D",0,14641,169744,140625,841,7569,144,1,100,2116,1,4,1024,13225,144,4,0,9,1,0.053824,0.086436,0.121801,0.413449,5776,0.079524,5184,17161,0
"James Mccann","NH","2022","NYM","New York Mets",32.2,2,1018,40600000,10150000,1,4,"2021","2024",0,0,0,0,162,101,61,0,1,40,0,0,1,772,5489,1422,171,606,0.483,0.25,3.79,-0.1,0.01,61,191,174,19,34,6,0,3,18,3,0,11,46,5,4,0,2,0,0.195,0.257,0.282,0.538,55,0.256,58,49,"2/3H",0,3721,36481,30276,361,1156,36,0,9,324,9,0,121,2116,25,16,0,4,0,0.038025,0.066049,0.079524,0.289444,3025,0.065536,3364,2401,0
"James Mccann","NH","2023","BAL","Baltimore Orioles",33.2,3,1018,40600000,10150000,1,4,"2021","2024",0,0,0,0,162,101,61,1,1,40,0,0,0,807,5495,1399,183,678,0.474,0.258,4.05,0.5,0.25,69,226,207,25,46,14,0,6,26,3,1,9,57,5,5,3,2,0,0.222,0.269,0.377,0.646,79,0.287,80,78,"2/DH31",0,4761,51076,42849,625,2116,196,0,36,676,9,1,81,3249,25,25,9,4,0,0.049284,0.072361,0.142129,0.417316,6241,0.082369,6400,6084,0
"James Mccann","NH","2024","BAL","Baltimore Orioles",34.2,4,1018,40600000,10150000,1,4,"2021","2024",0,0,0,0,162,91,71,0,1,20,0,0,0,786,5567,1391,235,699,0.475,0.258,4.05,0.7,0.49,65,233,214,27,50,9,0,8,31,1,0,13,56,3,2,0,4,0,0.234,0.279,0.388,0.667,91,0.293,90,83,"2/1",0,4225,54289,45796,729,2500,81,0,64,961,1,0,169,3136,9,4,0,16,0,0.054756,0.077841,0.150544,0.444889,8281,0.085849,8100,6889,0
"James Mccann","NH","2025","ARI","Arizona Diamondbacks",35.2,5,1019,1000000,1000000,1,1,"2025","2025",0,0,0,0,162,80,82,0,0,-2,0,0,0,791,5480,1377,214,785,0.489,0.255,4.29,1,1,42,137,123,18,32,6,0,5,17,0,0,8,33,3,4,1,1,0,0.26,0.324,0.431,0.754,107,0.334,109,53,"2/H3",0,1764,18769,15129,324,1024,36,0,25,289,0,0,64,1089,9,16,1,1,0,0.0676,0.104976,0.185761,0.568516,11449,0.111556,11881,2809,0
"Jamey Wright","NH","2012","LAD","Los Angeles Dodgers",37.6,4.086,1024,900000,900000,1,1,"2012","2012",0,0,0,0,162,86,76,0,0,10,0,0,0,637,5438,1369,116,597,0.524,0.262,3.54,0,0,63,2,2,0,0,0,0,0,0,0,0,0,1,0,0,0,0,0,0,0,0,0,-100,0,-141,0,"1",0,3969,4,4,0,0,0,0,0,0,0,0,0,1,0,0,0,0,0,0,0,0,0,10000,0,19881,0,0
"Jamey Wright","NH","2013","TB","Tampa Bay Rays",38.6,5.086,1025,900000,900000,1,1,"2013","2013",0,0,0,0,163,92,71,0,1,21,0,0,0,700,5538,1421,165,646,0.461,0.258,4.53,0,0,5,0,0,0,0,0,0,0,0,0,0,0,0,0,0,0,0,0,0,0,0,0,0,0,0,0,"1",0,25,0,0,0,0,0,0,0,0,0,0,0,0,0,0,0,0,0,0,0,0,0,0,0,0,0,0
"Jamey Wright","NH","2014","LAD","Los Angeles Dodgers",39.6,6.086,1026,1800000,1800000,1,1,"2014","2014",0,0,0,0,160,94,68,1,1,26,0,0,1,718,5560,1476,134,617,0.525,0.262,3.53,-0.1,0.01,56,6,5,0,0,0,0,0,0,0,0,0,3,0,0,1,0,0,0,0,0,0,-100,0,-183,0,"1",0,3136,36,25,0,0,0,0,0,0,0,0,0,9,0,0,1,0,0,0,0,0,0,10000,0,33489,0,0
"Jandel Gustave","NH","2019","SF","San Francisco Giants",26.8,0,1028,691688.341292727,691688.341292727,1,1,"2019","2019",0,0,0,0,162,77,85,0,0,-8,0,0,0,678,5579,1332,167,773,0.535,0.264,3.57,0,0,20,1,1,0,0,0,0,0,0,0,0,0,1,0,0,0,0,0,0,0,0,0,-100,0,-133,0,"1",0,400,1,1,0,0,0,0,0,0,0,0,0,1,0,0,0,0,0,0,0,0,0,10000,0,17689,0,0
"Jandel Gustave","NH","2021","MIL","Milwaukee Brewers",28.8,1,1029,674990.669239509,674990.669239509,1,1,"2021","2021",0,0,0,0,162,95,67,1,1,28,0,0,0,738,5362,1251,194,623,0.483,0.257,4.17,0,0,12,2,2,0,0,0,0,0,0,0,0,0,2,0,0,0,0,0,0,0,0,0,-100,0,-135,0,"1",0,144,4,4,0,0,0,0,0,0,0,0,0,4,0,0,0,0,0,0,0,0,0,10000,0,18225,0,0
"Jared Burton","NH","2012","MIN","Minnesota Twins",31.2,0,1031,750000,750000,1,1,"2012","2012",0,0,0,0,162,66,96,0,0,-30,0,0,0,701,5562,1448,131,832,0.481,0.264,3.96,0,0,4,0,0,0,0,0,0,0,0,0,0,0,0,0,0,0,0,0,0,0,0,0,0,0,0,0,"1",0,16,0,0,0,0,0,0,0,0,0,0,0,0,0,0,0,0,0,0,0,0,0,0,0,0,0,0
"Jared Hughes","NH","2018","CIN","Cincinnati Reds",33.1,5.162,1033,4500000,2250000,1,2,"2018","2019",0,0,0,0,162,67,95,0,0,-28,0,0,0,696,5532,1404,172,819,0.505,0.261,3.74,0,0,70,0,0,0,0,0,0,0,0,0,0,0,0,0,0,0,0,0,0,0,0,0,0,0,0,0,"1",0,4900,0,0,0,0,0,0,0,0,0,0,0,0,0,0,0,0,0,0,0,0,0,0,0,0,0,0
"Jared Hughes","NH","2019","CIN","Cincinnati Reds",34.1,6.162,1033,4500000,2250000,1,2,"2018","2019",0,0,0,0,162,75,87,0,0,-12,0,0,1,701,5450,1328,227,711,0.505,0.261,3.75,0,0,66,2,2,0,0,0,0,0,0,0,0,0,1,0,0,0,0,0,0,0,0,0,-100,0,-146,0,"1",0,4356,4,4,0,0,0,0,0,0,0,0,0,1,0,0,0,0,0,0,0,0,0,10000,0,21316,0,0
"Jarrod Dyson","NH","2018","ARI","Arizona Diamondbacks",34,6.088,1035,7500000,3750000,1,2,"2018","2019",0,0,0,0,162,82,80,0,0,2,0,0,0,693,5460,1283,176,644,0.493,0.257,4.21,0.1,0.01,67,237,206,29,39,4,2,2,12,16,3,27,34,3,0,3,1,2,0.189,0.282,0.257,0.539,45,0.259,34,53,"89/H7",0,4489,56169,42436,841,1521,16,4,4,144,256,9,729,1156,9,0,9,1,4,0.035721,0.079524,0.066049,0.290521,2025,0.067081,1156,2809,0
"Jarrod Dyson","NH","2019","ARI","Arizona Diamondbacks",35,7.088,1035,7500000,3750000,1,2,"2018","2019",0,0,0,0,162,85,77,0,0,8,0,0,0,813,5633,1419,220,743,0.495,0.257,4.21,1.5,2.25,130,452,400,65,92,11,2,7,27,30,4,47,86,1,2,1,2,0,0.23,0.313,0.32,0.633,66,0.292,61,128,"89H7",0,16900,204304,160000,4225,8464,121,4,49,729,900,16,2209,7396,1,4,1,4,0,0.0529,0.097969,0.1024,0.400689,4356,0.085264,3721,16384,0
"Jarrod Dyson","NH","2020","PIT","Pittsburgh Pirates",36,8.088,1036,2000000,2000000,1,1,"2020","2020",0,0,0,0,60,19,41,0,0,-22,0,0,0,219,1932,425,59,298,0.503,0.264,3.73,-0.8,0.64,32,66,61,9,11,0,0,0,5,6,0,4,11,0,0,1,0,0,0.18,0.231,0.18,0.411,15,0.214,7,11,"8/H7D9",0,1024,4356,3721,81,121,0,0,0,25,36,0,16,121,0,0,1,0,0,0.0324,0.053361,0.0324,0.168921,225,0.045796,49,121,0
"Jarrod Dyson","NH","2021","KC","Kansas City Royals",37,9.088,1037,1500000,1500000,1,1,"2021","2021",0,0,0,0,162,74,88,0,0,-14,0,0,0,686,5427,1349,163,788,0.479,0.264,4.25,0,0,102,149,135,17,28,7,2,0,10,10,5,10,33,1,0,3,1,0,0.207,0.26,0.289,0.549,50,0.239,39,39,"89H7/D",0,10404,22201,18225,289,784,49,4,0,100,100,25,100,1089,1,0,9,1,0,0.042849,0.0676,0.083521,0.301401,2500,0.057121,1521,1521,0
"Jarrod Saltalamacchia","NH","2014","MIA","Miami Marlins",29.4,0,1038,21000000,7000000,1,3,"2014","2016",0,0,0,0,162,77,85,0,0,-8,0,0,0,645,5538,1399,122,674,0.47,0.258,4.27,0.5,0.25,114,435,373,43,82,20,0,11,44,0,1,55,143,11,2,0,5,4,0.22,0.32,0.362,0.681,91,0.307,88,135,"2H/D",0,12996,189225,139129,1849,6724,400,0,121,1936,0,1,3025,20449,121,4,0,25,16,0.0484,0.1024,0.131044,0.463761,8281,0.094249,7744,18225,0
"Jarrod Saltalamacchia","NH","2015","ARI","Arizona Diamondbacks",30.4,1,1038,21000000,7000000,1,3,"2014","2016",0,0,0,0,162,79,83,0,0,-4,0,0,1,720,5649,1494,154,713,0.492,0.258,4.22,0.7,0.49,79,227,200,26,45,15,0,9,24,0,0,23,69,5,2,1,1,0,0.225,0.31,0.435,0.745,99,0.327,96,87,"2H/3D",0,6241,51529,40000,676,2025,225,0,81,576,0,0,529,4761,25,4,1,1,0,0.050625,0.0961,0.189225,0.555025,9801,0.106929,9216,7569,0
"Jarrod Saltalamacchia","NH","2016","DET","Detroit Tigers",31.4,2,1038,21000000,7000000,1,3,"2014","2016",0,0,0,0,161,86,75,0,0,11,0,0,0,750,5526,1476,211,721,0.508,0.266,3.96,-0.5,0.25,92,292,246,30,42,5,1,12,38,0,0,41,104,1,0,0,5,1,0.171,0.284,0.346,0.63,70,0.283,67,85,"2H3/D",0,8464,85264,60516,900,1764,25,1,144,1444,0,0,1681,10816,1,0,0,25,1,0.029241,0.080656,0.119716,0.3969,4900,0.080089,4489,7225,0
"Jarrod Saltalamacchia","NH","2016","DET","Detroit Tigers",31.4,3,1039,507500,507500,1,1,"2016","2016",0,0,0,0,161,86,75,0,0,11,0,0,0,750,5526,1476,211,721,0.508,0.266,3.96,-0.5,0.25,92,292,246,30,42,5,1,12,38,0,0,41,104,1,0,0,5,1,0.171,0.284,0.346,0.63,70,0.283,67,85,"2H3/D",0,8464,85264,60516,900,1764,25,1,144,1444,0,0,1681,10816,1,0,0,25,1,0.029241,0.080656,0.119716,0.3969,4900,0.080089,4489,7225,0
"Jarrod Saltalamacchia","NH","2018","DET","Detroit Tigers",33.4,4,1040,650000,650000,0,1,"2018","2018",0,0,0,0,162,64,98,0,0,-34,0,0,0,630,5494,1326,135,796,0.506,0.265,3.98,-0.3,0.09,5,8,7,0,0,0,0,0,0,0,0,1,4,0,0,0,0,0,0,0.125,0,0.125,-61,0.087,-72,0,"/H23D",0,25,64,49,0,0,0,0,0,0,0,0,1,16,0,0,0,0,0,0,0.015625,0,0.015625,3721,0.007569,5184,0,0
"Jason Adam","NH","2019","TOR","Toronto Blue Jays",28,0,1041,691688.341292727,691688.341292727,1,1,"2019","2019",0,0,0,0,162,67,95,0,0,-28,0,0,1,726,5493,1299,247,828,0.495,0.26,4.24,0,0,3,0,0,0,0,0,0,0,0,0,0,0,0,0,0,0,0,0,0,0,0,0,0,0,0,0,"1",0,9,0,0,0,0,0,0,0,0,0,0,0,0,0,0,0,0,0,0,0,0,0,0,0,0,0,0
"Jason Adam","NH","2021","CHC","Chicago Cubs",30,2,1043,701020.10784296,701020.10784296,0,1,"2021","2021",0,0,0,0,162,71,91,0,0,-20,0,0,0,705,5306,1255,210,839,0.513,0.262,3.69,0,0,12,0,0,0,0,0,0,0,0,0,0,0,0,0,0,0,0,0,0,0,0,0,0,0,0,0,"1",0,144,0,0,0,0,0,0,0,0,0,0,0,0,0,0,0,0,0,0,0,0,0,0,0,0,0,0
"Jason Castro","H","2017","MIN","Minnesota Twins",30.2,0,1048,24500000,8166666.66666667,1,3,"2017","2019",0,0,0,0,162,85,77,0,1,8,0,0,1,815,5557,1444,206,788,0.48,0.263,3.98,2.5,6.25,110,407,356,49,86,22,0,10,47,0,0,45,108,10,4,1,1,1,0.242,0.333,0.388,0.72,93,0.321,93,138,"2/H",0,12100,165649,126736,2401,7396,484,0,100,2209,0,0,2025,11664,100,16,1,1,1,0.058564,0.110889,0.150544,0.5184,8649,0.103041,8649,19044,0
"Jason Castro","H","2018","MIN","Minnesota Twins",31.2,1,1048,24500000,8166666.66666667,1,3,"2017","2019",0,0,0,0,162,78,84,0,0,-6,0,0,1,738,5526,1379,166,775,0.48,0.263,3.99,-0.1,0.01,19,74,63,4,9,3,0,1,3,0,0,9,26,2,1,0,1,0,0.143,0.257,0.238,0.495,37,0.243,40,15,"2",0,361,5476,3969,16,81,9,0,1,9,0,0,81,676,4,1,0,1,0,0.020449,0.066049,0.056644,0.245025,1369,0.059049,1600,225,0
"Jason Castro","H","2019","MIN","Minnesota Twins",32.2,2,1048,24500000,8166666.66666667,1,3,"2017","2019",0,0,0,0,162,101,61,1,1,40,0,0,0,939,5732,1547,307,754,0.481,0.263,3.99,0.6,0.36,79,275,237,39,55,9,0,13,30,0,0,33,88,0,3,1,1,0,0.232,0.332,0.435,0.767,102,0.327,100,103,"2/H",0,6241,75625,56169,1521,3025,81,0,169,900,0,0,1089,7744,0,9,1,1,0,0.053824,0.110224,0.189225,0.588289,10404,0.106929,10000,10609,0
"Jason Castro","H","2020","LAA","Los Angeles Angels",33.2,3,1049,6850000,6850000,1,1,"2020","2020",0,0,0,0,60,26,34,0,0,-8,0,0,0,294,2020,501,85,321,0.499,0.257,3.98,-0.2,0.04,27,92,80,8,15,9,0,2,9,0,0,12,33,2,0,0,0,0,0.188,0.293,0.375,0.668,83,0.294,80,30,"2/H",0,729,8464,6400,64,225,81,0,4,81,0,0,144,1089,4,0,0,0,0,0.035344,0.085849,0.140625,0.446224,6889,0.086436,6400,900,0
"Jason Castro","H","2021","HOU","Houston Astros",34.2,4,1050,7000000,3500000,1,2,"2021","2022",0,0,0,0,162,95,67,1,1,28,1,0,0,863,5593,1496,221,658,0.498,0.255,3.81,1,1,66,179,149,22,35,7,0,8,21,0,0,25,54,4,3,2,0,1,0.235,0.356,0.443,0.799,118,0.357,125,66,"2H/D",0,4356,32041,22201,484,1225,49,0,64,441,0,0,625,2916,16,9,4,0,1,0.055225,0.126736,0.196249,0.638401,13924,0.127449,15625,4356,0
"Jason Castro","H","2022","HOU","Houston Astros",35.2,5,1050,7000000,3500000,1,2,"2021","2022",0,0,0,0,162,106,56,1,1,50,1,1,0,737,5409,1341,214,518,0.501,0.255,3.8,-0.6,0.36,34,88,78,6,9,2,0,1,3,1,0,8,40,1,1,0,1,0,0.115,0.205,0.179,0.384,12,0.187,7,14,"2/H",0,1156,7744,6084,36,81,4,0,1,9,1,0,64,1600,1,1,0,1,0,0.013225,0.042025,0.032041,0.147456,144,0.034969,49,196,0
"Jason Castro","NH","2022","HOU","Houston Astros",35.2,6,1051,7802233.72192982,3901116.86096491,0,2,"2022","2023",0,0,0,0,162,106,56,1,1,50,1,1,0,737,5409,1341,214,518,0.501,0.255,3.8,-0.6,0.36,34,88,78,6,9,2,0,1,3,1,0,8,40,1,1,0,1,0,0.115,0.205,0.179,0.384,12,0.187,7,14,"2/H",0,1156,7744,6084,36,81,4,0,1,9,1,0,64,1600,1,1,0,1,0,0.013225,0.042025,0.032041,0.147456,144,0.034969,49,196,0
"Jason Frasor",NA,"2013","TEX","Texas Rangers",36,0,1052,1500000,1500000,1,1,"2013","2013",0,0,0,0,163,91,72,0,0,19,0,0,0,730,5585,1465,176,636,0.477,0.26,4.24,0,0,3,0,0,0,0,0,0,0,0,0,0,0,0,0,0,0,0,0,0,0,0,0,0,0,0,0,"1",0,9,0,0,0,0,0,0,0,0,0,0,0,0,0,0,0,0,0,0,0,0,0,0,0,0,0,0
"Jason Frasor",NA,"2015","ATL","Atlanta Braves",38,1,1053,575000,575000,1,1,"2015","2015",0,0,0,0,162,67,95,0,0,-28,0,0,1,573,5420,1361,100,760,0.501,0.26,3.64,0,0,7,0,0,0,0,0,0,0,0,0,0,0,0,0,0,0,0,0,0,0,0,0,0,0,0,0,"1",0,49,0,0,0,0,0,0,0,0,0,0,0,0,0,0,0,0,0,0,0,0,0,0,0,0,0,0
"Jason Grilli","NH","2013","PIT","Pittsburgh Pirates",36.8,0,1054,6750000,3375000,0,2,"2013","2014",1,0,0,0,162,94,68,0,1,26,0,0,2,636,5468,1339,161,583,0.503,0.265,3.71,0,0,51,0,0,0,0,0,0,0,0,0,0,0,0,0,0,0,0,0,0,0,0,0,0,0,0,0,"1",0,2601,0,0,0,0,0,0,0,0,0,0,0,0,0,0,0,0,0,0,0,0,0,0,0,0,0,0
"Jason Grilli","NH","2014","PIT","Pittsburgh Pirates",37.8,1,1054,6750000,3375000,0,2,"2013","2014",0,0,0,0,159,88,74,0,1,14,0,0,0,682,5536,1437,156,631,0.504,0.265,3.71,0,0,22,0,0,0,0,0,0,0,0,0,0,0,0,0,0,0,0,0,0,0,0,0,0,0,0,0,"1",0,484,0,0,0,0,0,0,0,0,0,0,0,0,0,0,0,0,0,0,0,0,0,0,0,0,0,0
"Jason Grilli","NH","2015","ATL","Atlanta Braves",38.8,2,1055,8000000,4000000,1,2,"2015","2016",0,0,0,0,162,67,95,0,0,-28,0,0,1,573,5420,1361,100,760,0.501,0.26,3.64,0,0,33,0,0,0,0,0,0,0,0,0,0,0,0,0,0,0,0,0,0,0,0,0,0,0,0,0,"1",0,1089,0,0,0,0,0,0,0,0,0,0,0,0,0,0,0,0,0,0,0,0,0,0,0,0,0,0
"Jason Grilli","NH","2016","ATL","Atlanta Braves",39.8,3,1055,8000000,4000000,1,2,"2015","2016",0,0,0,0,161,68,93,0,0,-25,0,0,0,649,5514,1404,122,779,0.5,0.26,3.65,0,0,21,0,0,0,0,0,0,0,0,0,0,0,0,0,0,0,0,0,0,0,0,0,0,0,0,0,"1",0,441,0,0,0,0,0,0,0,0,0,0,0,0,0,0,0,0,0,0,0,0,0,0,0,0,0,0
"Jason Grilli","NH","2016","ATL","Atlanta Braves",39.8,4,1056,10598815.8415522,5299407.92077608,1,2,"2016","2017",0,0,0,0,161,68,93,0,0,-25,0,0,0,649,5514,1404,122,779,0.5,0.26,3.65,0,0,21,0,0,0,0,0,0,0,0,0,0,0,0,0,0,0,0,0,0,0,0,0,0,0,0,0,"1",0,441,0,0,0,0,0,0,0,0,0,0,0,0,0,0,0,0,0,0,0,0,0,0,0,0,0,0
"Jason Grilli","NH","2017","TOR","Toronto Blue Jays",40.8,5,1056,10598815.8415522,5299407.92077608,1,2,"2016","2017",0,0,0,0,162,76,86,0,0,-10,0,0,1,693,5499,1320,222,784,0.498,0.261,4.21,0,0,5,0,0,0,0,0,0,0,0,0,0,0,0,0,0,0,0,0,0,0,0,0,0,0,0,0,"1",0,25,0,0,0,0,0,0,0,0,0,0,0,0,0,0,0,0,0,0,0,0,0,0,0,0,0,0
"Jason Grilli","NH","2017","TOR","Toronto Blue Jays",40.8,6,1057,10406862.0647264,5203431.03236322,1,2,"2017","2018",0,0,0,0,162,76,86,0,0,-10,0,0,1,693,5499,1320,222,784,0.498,0.261,4.21,0,0,5,0,0,0,0,0,0,0,0,0,0,0,0,0,0,0,0,0,0,0,0,0,0,0,0,0,"1",0,25,0,0,0,0,0,0,0,0,0,0,0,0,0,0,0,0,0,0,0,0,0,0,0,0,0,0
"Jason Hammel","NH","2014","CHC","Chicago Cubs",31.9,0,1058,6000000,6000000,1,1,"2014","2014",0,0,0,0,158,73,89,0,0,-16,0,0,2,614,5508,1315,157,707,0.511,0.263,3.68,-0.1,0.01,19,43,37,2,5,0,0,0,3,0,0,1,14,1,0,5,0,0,0.135,0.158,0.135,0.293,-17,0.138,-64,5,"1",0,361,1849,1369,4,25,0,0,0,9,0,0,1,196,1,0,25,0,0,0.018225,0.024964,0.018225,0.085849,289,0.019044,4096,25,0
"Jason Hammel","NH","2015","CHC","Chicago Cubs",32.9,1,1059,20000000,10000000,1,2,"2015","2016",0,0,0,0,162,97,65,0,1,32,0,0,0,689,5491,1341,171,608,0.512,0.263,3.68,0.1,0.01,31,70,65,6,11,1,0,0,4,0,0,1,18,1,0,3,1,0,0.169,0.179,0.185,0.364,1,0.161,-26,12,"1/H",0,961,4900,4225,36,121,1,0,0,16,0,0,1,324,1,0,9,1,0,0.028561,0.032041,0.034225,0.132496,1,0.025921,676,144,0
"Jason Hammel","NH","2016","CHC","Chicago Cubs",33.9,2,1059,20000000,10000000,1,2,"2015","2016",0,0,0,0,162,103,58,1,1,45,1,1,0,808,5503,1409,199,556,0.513,0.263,3.68,0.3,0.09,35,69,65,6,16,3,0,0,7,0,0,1,24,0,0,3,0,0,0.246,0.258,0.292,0.55,46,0.252,38,19,"1/H",0,1225,4761,4225,36,256,9,0,0,49,0,0,1,576,0,0,9,0,0,0.060516,0.066564,0.085264,0.3025,2116,0.063504,1444,361,0
"Jason Hammel","NH","2017","KC","Kansas City Royals",34.9,3,1060,16000000,8000000,1,2,"2017","2018",0,0,0,0,162,80,82,0,0,-2,0,0,0,702,5536,1436,193,791,0.485,0.265,4.2,-0.1,0.01,3,9,8,0,0,0,0,0,0,0,0,0,2,1,0,1,0,0,0,0,0,0,-100,0,-167,0,"1",0,9,81,64,0,0,0,0,0,0,0,0,0,4,1,0,1,0,0,0,0,0,0,10000,0,27889,0,0
"Jason Hammel","NH","2018","KC","Kansas City Royals",35.9,4,1060,16000000,8000000,1,2,"2017","2018",0,0,0,0,162,58,104,0,0,-46,0,0,0,638,5505,1350,155,833,0.483,0.264,4.22,0,0,2,3,3,0,0,0,0,0,0,0,0,0,2,0,0,0,0,0,0,0,0,0,-100,0,-134,0,"1",0,4,9,9,0,0,0,0,0,0,0,0,0,4,0,0,0,0,0,0,0,0,0,10000,0,17956,0,0
"Jason Hammel","NH","2018","KC","Kansas City Royals",35.9,5,1061,20377675.5382137,10188837.7691068,0,2,"2018","2019",0,0,0,0,162,58,104,0,0,-46,0,0,0,638,5505,1350,155,833,0.483,0.264,4.22,0,0,2,3,3,0,0,0,0,0,0,0,0,0,2,0,0,0,0,0,0,0,0,0,-100,0,-134,0,"1",0,4,9,9,0,0,0,0,0,0,0,0,0,4,0,0,0,0,0,0,0,0,0,10000,0,17956,0,0
"Jason Heyward","NH","2016","CHC","Chicago Cubs",27,0,1062,184000000,23000000,1,8,"2016","2023",1,0,0,0,162,103,58,1,1,45,1,1,0,808,5503,1409,199,556,0.513,0.263,3.68,1,1,142,592,530,61,122,27,1,7,49,11,4,54,93,12,5,1,2,0,0.23,0.306,0.325,0.631,68,0.292,68,172,"98/H",0,20164,350464,280900,3721,14884,729,1,49,2401,121,16,2916,8649,144,25,1,4,0,0.0529,0.093636,0.105625,0.398161,4624,0.085264,4624,29584,0
"Jason Heyward","NH","2017","CHC","Chicago Cubs",28,1,1062,184000000,23000000,1,8,"2016","2023",1,0,0,0,166,92,70,1,1,22,0,0,0,822,5496,1402,223,695,0.513,0.263,3.68,2.2,4.84,126,481,432,59,112,15,4,11,59,4,4,41,67,8,3,2,2,1,0.259,0.326,0.389,0.715,84,0.319,86,168,"98/H",0,15876,231361,186624,3481,12544,225,16,121,3481,16,16,1681,4489,64,9,4,4,1,0.067081,0.106276,0.151321,0.511225,7056,0.101761,7396,28224,0
"Jason Heyward","NH","2018","CHC","Chicago Cubs",29,2,1062,184000000,23000000,1,8,"2016","2023",0,0,0,0,163,95,68,0,1,27,0,0,0,761,5624,1453,167,645,0.513,0.263,3.68,2.2,4.84,127,489,440,67,119,23,4,8,57,1,1,42,60,7,2,2,2,1,0.27,0.335,0.395,0.731,94,0.326,93,174,"98/H",0,16129,239121,193600,4489,14161,529,16,64,3249,1,1,1764,3600,49,4,4,4,1,0.0729,0.112225,0.156025,0.534361,8836,0.106276,8649,30276,0
"Jason Heyward","NH","2019","CHC","Chicago Cubs",30,3,1062,184000000,23000000,1,8,"2016","2023",0,0,0,0,162,84,78,0,0,6,0,0,1,814,5461,1378,256,717,0.514,0.263,3.68,2.4,5.76,147,589,513,78,129,20,4,21,62,8,3,68,110,12,5,0,3,5,0.251,0.343,0.429,0.772,100,0.338,102,220,"98/H",0,21609,346921,263169,6084,16641,400,16,441,3844,64,9,4624,12100,144,25,0,9,25,0.063001,0.117649,0.184041,0.595984,10000,0.114244,10404,48400,0
"Jason Heyward","NH","2020","CHC","Chicago Cubs",31,4,1062,184000000,23000000,1,8,"2016","2023",0,0,0,0,60,34,26,1,1,8,0,0,0,265,1918,422,74,240,0.514,0.262,3.68,1.6,2.56,50,181,147,20,39,6,2,6,22,2,0,30,37,1,2,0,2,1,0.265,0.392,0.456,0.848,129,0.376,131,67,"9/H",0,2500,32761,21609,400,1521,36,4,36,484,4,0,900,1369,1,4,0,4,1,0.070225,0.153664,0.207936,0.719104,16641,0.141376,17161,4489,0
"Jason Heyward","NH","2021","CHC","Chicago Cubs",32,5,1062,184000000,23000000,1,8,"2016","2023",0,0,0,0,162,71,91,0,0,-20,0,0,0,705,5306,1255,210,839,0.513,0.262,3.69,0.3,0.09,104,353,323,35,69,15,2,8,30,5,1,27,68,4,3,0,0,1,0.214,0.28,0.347,0.627,69,0.293,74,112,"9/H",0,10816,124609,104329,1225,4761,225,4,64,900,25,1,729,4624,16,9,0,0,1,0.045796,0.0784,0.120409,0.393129,4761,0.085849,5476,12544,0
"Jason Heyward","NH","2022","CHC","Chicago Cubs",33,6,1062,184000000,23000000,1,8,"2016","2023",0,0,0,0,162,74,88,0,0,-14,0,0,1,657,5425,1293,159,731,0.513,0.262,3.69,-0.6,0.36,48,151,137,15,28,5,1,1,10,1,0,11,32,3,3,0,0,0,0.204,0.278,0.277,0.556,56,0.259,54,38,"89/H",0,2304,22801,18769,225,784,25,1,1,100,1,0,121,1024,9,9,0,0,0,0.041616,0.077284,0.076729,0.309136,3136,0.067081,2916,1444,0
"Jason Heyward","NH","2023","LAD","Los Angeles Dodgers",34,7,1062,184000000,23000000,1,8,"2016","2023",0,0,0,0,162,100,62,1,1,38,0,0,0,906,5524,1422,249,699,0.531,0.261,3.52,1.9,3.61,124,377,334,56,90,23,0,15,40,2,2,34,64,7,3,0,3,1,0.269,0.34,0.473,0.813,119,0.355,122,158,"98H/73D",0,15376,142129,111556,3136,8100,529,0,225,1600,4,4,1156,4096,49,9,0,9,1,0.072361,0.1156,0.223729,0.660969,14161,0.126025,14884,24964,0
"Jason Heyward","NH","2023","LAD","Los Angeles Dodgers",34,8,1063,720000,720000,1,1,"2023","2023",0,0,0,0,162,100,62,1,1,38,0,0,0,906,5524,1422,249,699,0.531,0.261,3.52,1.9,3.61,124,377,334,56,90,23,0,15,40,2,2,34,64,7,3,0,3,1,0.269,0.34,0.473,0.813,119,0.355,122,158,"98H/73D",0,15376,142129,111556,3136,8100,529,0,225,1600,4,4,1156,4096,49,9,0,9,1,0.072361,0.1156,0.223729,0.660969,14161,0.126025,14884,24964,0
"Jason Heyward","NH","2024","LAD","Los Angeles Dodgers",35,9,1064,5008214.60704802,5008214.60704802,1,1,"2024","2024",0,0,0,0,162,98,64,1,1,34,1,1,1,842,5522,1423,233,686,0.532,0.261,3.53,1.1,1.21,87,258,228,33,48,12,2,10,37,5,0,22,53,3,4,0,3,2,0.211,0.288,0.412,0.7,96,0.304,90,94,"9H/78",0,7569,66564,51984,1089,2304,144,4,100,1369,25,0,484,2809,9,16,0,9,4,0.044521,0.082944,0.169744,0.49,9216,0.092416,8100,8836,0
"Jason Heyward","NH","2025","SD","San Diego Padres",36,10,1065,1000000,1000000,1,1,"2025","2025",0,0,0,0,162,90,72,0,1,18,0,0,0,702,5424,1369,152,621,0.468,0.249,3.96,-0.6,0.36,34,95,85,9,15,2,0,2,12,0,1,6,20,1,0,0,3,0,0.176,0.223,0.271,0.494,36,0.22,31,23,"7/H98",0,1156,9025,7225,81,225,4,0,4,144,0,1,36,400,1,0,0,9,0,0.030976,0.049729,0.073441,0.244036,1296,0.0484,961,529,0
"Jason Motte","NH","2015","CHC","Chicago Cubs",33.2,6.027,1066,4500000,4500000,1,1,"2015","2015",0,0,0,0,162,97,65,0,1,32,0,0,0,689,5491,1341,171,608,0.512,0.263,3.68,0,0,55,0,0,0,0,0,0,0,0,0,0,0,0,0,0,0,0,0,0,0,0,0,0,0,0,0,"1",0,3025,0,0,0,0,0,0,0,0,0,0,0,0,0,0,0,0,0,0,0,0,0,0,0,0,0,0
"Jason Motte","NH","2016","COL","Colorado Rockies",34.2,7.027,1067,10000000,5000000,1,2,"2016","2017",0,0,0,0,162,75,87,0,0,-12,0,0,0,845,5614,1544,204,860,0.466,0.275,4.99,0,0,26,0,0,0,0,0,0,0,0,0,0,0,0,0,0,0,0,0,0,0,0,0,0,0,0,0,"1",0,676,0,0,0,0,0,0,0,0,0,0,0,0,0,0,0,0,0,0,0,0,0,0,0,0,0,0
"Jason Motte","NH","2017","ATL","Atlanta Braves",35.2,8.027,1067,10000000,5000000,1,2,"2016","2017",0,0,0,0,163,72,90,0,0,-18,0,0,0,732,5584,1467,165,821,0.5,0.26,3.66,0,0,42,0,0,0,0,0,0,0,0,0,0,0,0,0,0,0,0,0,0,0,0,0,0,0,0,0,"1",0,1764,0,0,0,0,0,0,0,0,0,0,0,0,0,0,0,0,0,0,0,0,0,0,0,0,0,0
"Jason Motte","NH","2017","ATL","Atlanta Braves",35.2,8.027,1068,695958.90057858,695958.90057858,1,1,"2017","2017",0,0,0,0,163,72,90,0,0,-18,0,0,0,732,5584,1467,165,821,0.5,0.26,3.66,0,0,42,0,0,0,0,0,0,0,0,0,0,0,0,0,0,0,0,0,0,0,0,0,0,0,0,0,"1",0,1764,0,0,0,0,0,0,0,0,0,0,0,0,0,0,0,0,0,0,0,0,0,0,0,0,0,0
"Jason Vargas","NH","2017","KC","Kansas City Royals",34.5,3,1069,32000000,8000000,1,4,"2014","2017",1,0,0,0,162,80,82,0,0,-2,0,0,0,702,5536,1436,193,791,0.485,0.265,4.2,0,0,1,4,4,0,1,0,0,0,0,0,0,0,1,0,0,0,0,0,0.25,0.25,0.25,0.5,35,0.2,6,1,"1",0,1,16,16,0,1,0,0,0,0,0,0,0,1,0,0,0,0,0,0.0625,0.0625,0.0625,0.25,1225,0.04,36,1,0
"Jason Vargas","NH","2018","NYM","New York Mets",35.5,4,1070,16000000,8000000,1,2,"2018","2019",0,0,0,0,162,77,85,0,0,-8,0,0,0,676,5468,1282,170,707,0.48,0.25,3.78,0,0,20,31,27,2,4,0,0,0,0,0,0,1,8,0,0,3,0,0,0.148,0.179,0.148,0.327,-7,0.153,-33,4,"1/H",0,400,961,729,4,16,0,0,0,0,0,0,1,64,0,0,9,0,0,0.021904,0.032041,0.021904,0.106929,49,0.023409,1089,16,0
"Jason Vargas","NH","2019","NYM","New York Mets",36.5,5,1070,16000000,8000000,1,2,"2018","2019",0,0,0,0,162,86,76,0,0,10,0,0,0,791,5624,1445,242,737,0.481,0.25,3.79,-0.4,0.16,27,45,40,0,3,0,0,0,0,0,0,0,22,1,0,5,0,0,0.075,0.075,0.075,0.15,-60,0.067,-111,3,"1",0,729,2025,1600,0,9,0,0,0,0,0,0,0,484,1,0,25,0,0,0.005625,0.005625,0.005625,0.0225,3600,0.004489,12321,9,0
"Jason Vargas","NH","2019","NYM","New York Mets",36.5,6,1071,19940564.7940246,9970282.39701228,1,2,"2019","2020",0,0,0,0,162,86,76,0,0,10,0,0,0,791,5624,1445,242,737,0.481,0.25,3.79,-0.4,0.16,27,45,40,0,3,0,0,0,0,0,0,0,22,1,0,5,0,0,0.075,0.075,0.075,0.15,-60,0.067,-111,3,"1",0,729,2025,1600,0,9,0,0,0,0,0,0,0,484,1,0,25,0,0,0.005625,0.005625,0.005625,0.0225,3600,0.004489,12321,9,0
"Jason Vosler","NH","2023","CIN","Cincinnati Reds",29.9,0,1072,1000000,1000000,1,1,"2023","2023",0,0,0,0,162,82,80,0,0,2,0,0,1,783,5499,1371,198,821,0.504,0.261,3.77,-0.4,0.16,20,65,62,6,10,2,1,3,10,0,0,3,25,0,0,0,0,0,0.161,0.2,0.371,0.571,48,0.241,35,23,"3/51H",0,400,4225,3844,36,100,4,1,9,100,0,0,9,625,0,0,0,0,0,0.025921,0.04,0.137641,0.326041,2304,0.058081,1225,529,0
"Jason Vosler","NH","2024","SEA","Seattle Mariners",30.9,1,1073,761001.808873827,761001.808873827,1,1,"2024","2024",0,0,0,0,162,85,77,0,0,8,0,0,1,676,5330,1195,185,607,0.477,0.257,4.29,-0.1,0.01,10,30,28,2,5,1,1,0,3,0,0,2,9,0,0,0,0,0,0.179,0.233,0.286,0.519,53,0.229,49,8,"/3DH79",0,100,900,784,4,25,1,1,0,9,0,0,4,81,0,0,0,0,0,0.032041,0.054289,0.081796,0.269361,2809,0.052441,2401,64,0
"Javy Guerra","NH","2017","MIA","Miami Marlins",31.8,3.018,1074,695958.90057858,695958.90057858,1,1,"2017","2017",0,0,0,0,162,77,85,0,0,-8,0,0,2,778,5602,1497,194,822,0.47,0.258,4.27,0,0,16,1,1,0,0,0,0,0,0,0,0,0,1,0,0,0,0,0,0,0,0,0,-100,0,-125,0,"1",0,256,1,1,0,0,0,0,0,0,0,0,0,1,0,0,0,0,0,0,0,0,0,10000,0,15625,0,0
"Javy Guerra","NH","2019","WSH","Washington Nationals",33.8,3.148,1075,997028.239701228,997028.239701228,1,1,"2019","2019",0,0,0,0,162,93,69,0,1,24,1,1,1,873,5512,1460,231,724,0.489,0.254,3.88,-0.1,0.01,41,5,3,0,0,0,0,0,0,0,0,0,2,0,0,2,0,0,0,0,0,0,-80.4878048780488,0,-246.292682926829,0,"1",0,1681,25,9,0,0,0,0,0,0,0,0,0,4,0,0,4,0,0,0,0,0,0,6478.28673408685,0,60660.0856632956,0,0
"Jay Bruce","NH","2018","NYM","New York Mets",31.3,9.125,1077,39000000,13000000,1,3,"2018","2020",0,0,0,0,162,77,85,0,0,-8,0,0,0,676,5468,1282,170,707,0.48,0.25,3.78,-0.8,0.64,94,361,319,31,71,18,1,9,37,2,3,41,75,3,0,0,1,4,0.223,0.31,0.37,0.68,90,0.296,85,118,"93/HD",0,8836,130321,101761,961,5041,324,1,81,1369,4,9,1681,5625,9,0,0,1,16,0.049729,0.0961,0.1369,0.4624,8100,0.087616,7225,13924,0
"Jay Bruce","NH","2019","PHI","Philadelphia Phillies",32.3,10.125,1077,39000000,13000000,1,3,"2018","2020",0,0,0,0,162,81,81,0,0,0,0,0,1,774,5571,1369,215,794,0.472,0.261,3.98,0.6,0.36,98,333,310,43,67,17,0,26,59,1,0,19,82,5,1,0,3,0,0.216,0.261,0.523,0.784,101,0.32,95,162,"79H3/D",0,9604,110889,96100,1849,4489,289,0,676,3481,1,0,361,6724,25,1,0,9,0,0.046656,0.068121,0.273529,0.614656,10201,0.1024,9025,26244,0
"Jay Bruce","NH","2020","PHI","Philadelphia Phillies",33.3,11.125,1077,39000000,13000000,1,3,"2018","2020",0,0,0,0,60,28,32,0,0,-4,0,0,0,306,1948,501,82,311,0.472,0.261,3.98,0.2,0.04,32,103,96,11,19,4,2,6,14,0,0,7,24,1,0,0,0,1,0.198,0.252,0.469,0.721,89,0.315,90,45,"7D/H93",0,1024,10609,9216,121,361,16,4,36,196,0,0,49,576,1,0,0,0,1,0.039204,0.063504,0.219961,0.519841,7921,0.099225,8100,2025,0
"Jay Bruce","NH","2021","NYY","New York Yankees",34.3,12.125,1078,1350000,1350000,1,1,"2021","2021",0,0,0,0,162,92,70,0,1,22,0,0,0,711,5331,1266,222,669,0.57,0.266,3.65,-0.4,0.16,10,39,34,3,4,1,0,1,3,0,0,5,13,2,0,0,0,0,0.118,0.231,0.235,0.466,30,0.217,27,8,"3",0,100,1521,1156,9,16,1,0,1,9,0,0,25,169,4,0,0,0,0,0.013924,0.053361,0.055225,0.217156,900,0.047089,729,64,0
"Jay Jackson","NH","2019","MIL","Milwaukee Brewers",31.8,0,1079,1000000,1000000,1,1,"2019","2019",0,0,0,0,162,89,73,0,1,16,0,0,0,769,5542,1366,250,766,0.481,0.258,4.18,0,0,27,2,2,0,0,0,0,0,0,0,0,0,2,0,0,0,0,0,0,0,0,0,-100,0,-142,0,"1",0,729,4,4,0,0,0,0,0,0,0,0,0,4,0,0,0,0,0,0,0,0,0,10000,0,20164,0,0
"Jay Jackson","NH","2021","SF","San Francisco Giants",33.8,1,1080,674990.669239509,674990.669239509,1,1,"2021","2021",0,0,0,0,162,107,55,1,1,52,0,0,0,804,5462,1360,241,594,0.536,0.264,3.57,0,0,23,1,1,0,0,0,0,0,0,0,0,0,0,0,0,0,0,0,0,0,0,0,-100,0,-125,0,"1",0,529,1,1,0,0,0,0,0,0,0,0,0,0,0,0,0,0,0,0,0,0,0,10000,0,15625,0,0
"Jd Martinez","H","2018","BOS","Boston Red Sox",31,0,1083,110000000,22000000,1,5,"2018","2022",2,1,0,1,162,108,54,1,1,54,1,1,0,876,5623,1509,208,647,0.519,0.267,3.9,6.7,44.89,150,649,569,111,188,37,2,43,130,6,1,69,146,19,4,0,7,11,0.33,0.402,0.629,1.031,173,0.44,179,358,"D79",1,22500,421201,323761,12321,35344,1369,4,1849,16900,36,1,4761,21316,361,16,0,49,121,0.1089,0.161604,0.395641,1.062961,29929,0.1936,32041,128164,1
"Jd Martinez","H","2019","BOS","Boston Red Sox",32,1,1083,110000000,22000000,1,5,"2018","2022",2,1,0,0,162,84,78,0,0,6,0,0,1,901,5770,1554,245,828,0.519,0.267,3.91,3.5,12.25,146,657,575,98,175,33,2,36,105,2,0,72,138,19,4,0,5,9,0.304,0.383,0.557,0.939,139,0.393,139,320,"D97/H",1,21316,431649,330625,9604,30625,1089,4,1296,11025,4,0,5184,19044,361,16,0,25,81,0.092416,0.146689,0.310249,0.881721,19321,0.154449,19321,102400,1
"Jd Martinez","H","2020","BOS","Boston Red Sox",33,2,1083,110000000,22000000,1,5,"2018","2022",0,0,0,0,60,24,36,0,0,-12,0,0,0,292,2083,552,81,351,0.518,0.267,3.91,-0.7,0.49,54,237,211,22,45,16,0,7,27,1,0,22,59,6,2,0,2,3,0.213,0.291,0.389,0.68,79,0.299,74,82,"D/97",1,2916,56169,44521,484,2025,256,0,49,729,1,0,484,3481,36,4,0,4,9,0.045369,0.084681,0.151321,0.4624,6241,0.089401,5476,6724,1
"Jd Martinez","H","2021","BOS","Boston Red Sox",34,3,1083,110000000,22000000,1,5,"2018","2022",1,0,0,0,162,92,70,0,1,22,0,0,0,829,5495,1434,219,749,0.519,0.267,3.91,3.2,10.24,148,634,570,92,163,42,3,28,99,0,0,55,150,18,3,0,5,6,0.286,0.349,0.518,0.867,128,0.369,128,295,"D7/9",1,21904,401956,324900,8464,26569,1764,9,784,9801,0,0,3025,22500,324,9,0,25,36,0.081796,0.121801,0.268324,0.751689,16384,0.136161,16384,87025,1
"Jd Martinez","H","2022","BOS","Boston Red Sox",35,4,1083,110000000,22000000,1,5,"2018","2022",1,0,0,0,162,78,84,0,0,-6,0,0,1,735,5539,1427,155,787,0.518,0.267,3.92,1.1,1.21,139,596,533,76,146,43,1,16,62,0,0,52,145,20,5,0,5,1,0.274,0.341,0.448,0.79,117,0.346,117,239,"D",1,19321,355216,284089,5776,21316,1849,1,256,3844,0,0,2704,21025,400,25,0,25,1,0.075076,0.116281,0.200704,0.6241,13689,0.119716,13689,57121,1
"Jd Martinez","H","2023","LAD","Los Angeles Dodgers",36,5,1084,10000000,10000000,1,1,"2023","2023",1,0,0,0,162,100,62,1,1,38,0,0,0,906,5524,1422,249,699,0.531,0.261,3.52,2,4,113,479,432,61,117,27,2,33,103,1,0,34,149,11,2,0,9,1,0.271,0.321,0.572,0.893,136,0.372,133,247,"D/7H",0,12769,229441,186624,3721,13689,729,4,1089,10609,1,0,1156,22201,121,4,0,81,1,0.073441,0.103041,0.327184,0.797449,18496,0.138384,17689,61009,0
"Jd Martinez","H","2024","NYM","New York Mets",37,6,1085,12000000,12000000,1,1,"2024","2024",0,0,0,0,162,89,73,0,1,16,0,0,0,768,5510,1357,207,697,0.483,0.25,3.8,0.5,0.25,120,495,434,46,102,24,1,16,69,0,0,49,141,17,6,0,2,0,0.235,0.32,0.406,0.725,105,0.321,107,176,"D/H",0,14400,245025,188356,2116,10404,576,1,256,4761,0,0,2401,19881,289,36,0,4,0,0.055225,0.1024,0.164836,0.525625,11025,0.103041,11449,30976,0
"Jeanmar Gomez","NH","2015","PHI","Philadelphia Phillies",27.5,0,1086,800000,800000,1,1,"2015","2015",0,0,0,0,162,63,99,0,0,-36,0,0,1,626,5529,1374,130,809,0.472,0.261,3.97,0,0,61,1,1,0,0,0,0,0,0,0,0,0,1,0,0,0,0,0,0,0,0,0,-100,0,-136,0,"1",0,3721,1,1,0,0,0,0,0,0,0,0,0,1,0,0,0,0,0,0,0,0,0,10000,0,18496,0,0
"Jed Lowrie","NH","2015","HOU","Houston Astros",31.3,0,1089,23000000,7666666.66666667,1,3,"2015","2017",0,0,0,0,162,86,76,0,1,10,0,0,2,729,5459,1363,230,618,0.488,0.254,3.82,1.2,1.44,69,263,230,35,51,14,0,9,30,1,0,28,43,3,3,0,2,5,0.222,0.312,0.4,0.712,97,0.322,101,92,"56/HD",0,4761,69169,52900,1225,2601,196,0,81,900,1,0,784,1849,9,9,0,4,25,0.049284,0.097344,0.16,0.506944,9409,0.103684,10201,8464,0
"Jed Lowrie","NH","2016","OAK","Oakland Athletics",32.3,1,1089,23000000,7666666.66666667,1,3,"2015","2017",0,0,0,0,162,69,93,0,0,-24,0,0,1,653,5500,1352,169,761,0.487,0.259,3.97,-0.6,0.36,87,369,338,30,89,12,1,2,27,0,0,26,65,10,1,0,4,0,0.263,0.314,0.322,0.637,77,0.282,71,109,"4/DH6",0,7569,136161,114244,900,7921,144,1,4,729,0,0,676,4225,100,1,0,16,0,0.069169,0.098596,0.103684,0.405769,5929,0.079524,5041,11881,0
"Jed Lowrie","NH","2017","OAK","Oakland Athletics",33.3,2,1089,23000000,7666666.66666667,1,3,"2015","2017",0,0,0,0,162,75,87,0,0,-12,0,0,1,739,5464,1344,234,826,0.487,0.259,3.98,3.4,11.56,153,645,567,86,157,49,3,14,69,0,1,73,100,10,2,0,3,2,0.277,0.36,0.448,0.808,120,0.353,122,254,"4D/H5",0,23409,416025,321489,7396,24649,2401,9,196,4761,0,1,5329,10000,100,4,0,9,4,0.076729,0.1296,0.200704,0.652864,14400,0.124609,14884,64516,0
"Jed Lowrie","NH","2019","NYM","New York Mets",35.3,3,1090,20000000,10000000,1,2,"2019","2020",0,0,0,0,162,86,76,0,0,10,0,0,0,791,5624,1445,242,737,0.481,0.25,3.79,-0.2,0.04,9,8,7,0,0,0,0,0,0,0,0,1,4,0,0,0,0,0,0,0.125,0,0.125,-61,0.087,-71,0,"/H",0,81,64,49,0,0,0,0,0,0,0,0,1,16,0,0,0,0,0,0,0.015625,0,0.015625,3721,0.007569,5041,0,0
"Jed Lowrie","NH","2021","OAK","Oakland Athletics",37.3,6,1091,24508373.3978849,12254186.6989424,0,2,"2020","2021",0,0,0,0,162,86,76,0,0,10,0,0,0,743,5395,1284,199,687,0.489,0.258,3.98,0.2,0.04,139,512,457,55,112,28,0,14,69,0,0,49,108,8,2,0,4,1,0.245,0.318,0.398,0.717,101,0.318,103,182,"4DH/5",0,19321,262144,208849,3025,12544,784,0,196,4761,0,0,2401,11664,64,4,0,16,1,0.060025,0.101124,0.158404,0.514089,10201,0.101124,10609,33124,0
"Jed Lowrie","NH","2021","OAK","Oakland Athletics",37.3,7,1092,1500000,1500000,1,1,"2021","2021",0,0,0,0,162,86,76,0,0,10,0,0,0,743,5395,1284,199,687,0.489,0.258,3.98,0.2,0.04,139,512,457,55,112,28,0,14,69,0,0,49,108,8,2,0,4,1,0.245,0.318,0.398,0.717,101,0.318,103,182,"4DH/5",0,19321,262144,208849,3025,12544,784,0,196,4761,0,0,2401,11664,64,4,0,16,1,0.060025,0.101124,0.158404,0.514089,10201,0.101124,10609,33124,0
"Jed Lowrie","NH","2022","OAK","Oakland Athletics",38.3,8,1093,850000,850000,0,1,"2022","2022",0,0,0,0,162,60,102,0,0,-42,0,0,0,568,5314,1147,137,770,0.488,0.258,3.98,-1.2,1.44,50,184,167,14,30,5,0,3,16,1,0,15,39,5,0,0,2,0,0.18,0.245,0.263,0.508,50,0.232,47,44,"D/H34",0,2500,33856,27889,196,900,25,0,9,256,1,0,225,1521,25,0,0,4,0,0.0324,0.060025,0.069169,0.258064,2500,0.053824,2209,1936,0
"Jeff Baker","NH","2013","TEX","Texas Rangers",32.2,0,1094,1750000,1750000,1,1,"2013","2013",0,0,0,0,163,91,72,0,0,19,0,0,0,730,5585,1465,176,636,0.477,0.26,4.24,0.8,0.64,74,175,154,21,43,8,0,11,21,1,0,18,48,5,2,0,1,1,0.279,0.36,0.545,0.905,144,0.394,147,84,"H37D5/49",0,5476,30625,23716,441,1849,64,0,121,441,1,0,324,2304,25,4,0,1,1,0.077841,0.1296,0.297025,0.819025,20736,0.155236,21609,7056,0
"Jeff Baker","NH","2014","MIA","Miami Marlins",33.2,1,1095,3700000,1850000,1,2,"2014","2015",0,0,0,0,162,77,85,0,0,-8,0,0,0,645,5538,1399,122,674,0.47,0.258,4.27,0,0,90,225,208,27,55,10,4,3,28,1,0,13,51,8,1,0,3,1,0.264,0.307,0.394,0.701,96,0.328,102,82,"3H4/5",0,8100,50625,43264,729,3025,100,16,9,784,1,0,169,2601,64,1,0,9,1,0.069696,0.094249,0.155236,0.491401,9216,0.107584,10404,6724,0
"Jeff Baker","NH","2015","MIA","Miami Marlins",34.2,2,1095,3700000,1850000,1,2,"2014","2015",0,0,0,0,162,71,91,0,0,-20,0,0,0,613,5463,1420,120,678,0.469,0.258,4.26,-0.1,0.01,41,80,72,11,15,3,0,3,8,0,0,8,25,0,0,0,0,0,0.208,0.288,0.375,0.663,83,0.317,96,27,"H3/457D",0,1681,6400,5184,121,225,9,0,9,64,0,0,64,625,0,0,0,0,0,0.043264,0.082944,0.140625,0.439569,6889,0.100489,9216,729,0
"Jeff Francis","NH","2013","COL","Colorado Rockies",32.6,0,1096,1500000,1500000,0,1,"2013","2013",0,0,0,0,162,74,88,0,0,-14,0,0,0,706,5599,1511,159,760,0.472,0.276,5,0,0,22,20,14,0,1,1,0,0,1,0,0,2,3,1,1,2,1,0,0.071,0.222,0.143,0.365,-2,0.188,-32,2,"1",0,484,400,196,0,1,1,0,0,1,0,0,4,9,1,1,4,1,0,0.005041,0.049284,0.020449,0.133225,4,0.035344,1024,4,0
"Jeff Francoeur","NH","2014","SD","San Diego Padres",30.6,0,1098,962500,962500,1,1,"2014","2014",0,0,0,0,162,77,85,0,0,-8,0,0,1,535,5294,1199,109,577,0.464,0.251,3.92,-0.3,0.09,10,28,24,2,2,0,0,0,1,0,0,3,7,0,0,0,1,0,0.083,0.179,0.083,0.262,-20,0.139,-30,2,"/9H",0,100,784,576,4,4,0,0,0,1,0,0,9,49,0,0,0,1,0,0.006889,0.032041,0.006889,0.068644,400,0.019321,900,4,0
"Jeff Francoeur","NH","2016","ATL","Atlanta Braves",32.6,1,1099,1000000,1000000,1,1,"2016","2016",0,0,0,0,161,68,93,0,0,-25,0,0,0,649,5514,1404,122,779,0.5,0.26,3.65,0.3,0.09,125,331,307,33,78,15,1,7,34,2,2,20,90,5,0,1,3,2,0.254,0.297,0.378,0.675,81,0.303,82,116,"7H9/D5",0,15625,109561,94249,1089,6084,225,1,49,1156,4,4,400,8100,25,0,1,9,4,0.064516,0.088209,0.142884,0.455625,6561,0.091809,6724,13456,0
"Jeff Hoffman","NH","2025","TOR","Toronto Blue Jays",32.6,1,1101,33000000,11000000,1,3,"2025","2027",0,0,0,0,162,94,68,1,1,26,1,0,1,798,5507,1461,191,721,0.5,0.26,4.22,0,0,2,0,0,0,0,0,0,0,0,0,0,0,0,0,0,0,0,0,0,0,0,0,0,0,0,0,"1",0,4,0,0,0,0,0,0,0,0,0,0,0,0,0,0,0,0,0,0,0,0,0,0,0,0,0,0
"Jeff Mathis","NH","2016","MIA","Miami Marlins",33.3,0,1102,1500000,1500000,0,1,"2016","2016",0,0,0,0,161,79,82,0,0,-3,0,0,1,655,5547,1460,128,682,0.469,0.258,4.25,0.4,0.16,41,132,126,12,30,4,1,2,15,0,0,4,36,1,1,1,0,0,0.238,0.267,0.333,0.601,64,0.277,66,42,"2/H",0,1681,17424,15876,144,900,16,1,4,225,0,0,16,1296,1,1,1,0,0,0.056644,0.071289,0.110889,0.361201,4096,0.076729,4356,1764,0
"Jeff Mathis","NH","2017","ARI","Arizona Diamondbacks",34.3,1,1103,4000000,2000000,1,2,"2017","2018",0,0,0,0,162,93,69,0,1,24,0,0,0,812,5525,1405,220,659,0.493,0.258,4.23,-0.4,0.16,60,203,186,13,40,10,2,2,11,1,0,14,61,6,2,1,0,1,0.215,0.277,0.323,0.6,52,0.265,40,60,"2/H",0,3600,41209,34596,169,1600,100,4,4,121,1,0,196,3721,36,4,1,0,1,0.046225,0.076729,0.104329,0.36,2704,0.070225,1600,3600,0
"Jeff Mathis","NH","2018","ARI","Arizona Diamondbacks",35.3,2,1103,4000000,2000000,1,2,"2017","2018",0,0,0,0,162,82,80,0,0,2,0,0,0,693,5460,1283,176,644,0.493,0.257,4.21,0.7,0.49,69,218,195,15,39,9,1,1,20,0,0,20,66,7,0,1,2,1,0.2,0.272,0.272,0.544,45,0.255,39,53,"2/H14",0,4761,47524,38025,225,1521,81,1,1,400,0,0,400,4356,49,0,1,4,1,0.04,0.073984,0.073984,0.295936,2025,0.065025,1521,2809,0
"Jeff Mathis","NH","2019","TEX","Texas Rangers",36.3,3,1104,7789283.12266584,3894641.56133292,1,2,"2019","2020",0,0,0,0,162,78,84,0,0,-6,0,0,1,810,5540,1374,223,878,0.478,0.259,4.28,-1.5,2.25,86,244,228,17,36,9,0,2,12,1,0,15,87,2,0,0,1,1,0.158,0.209,0.224,0.433,11,0.194,-6,51,"2/1",0,7396,59536,51984,289,1296,81,0,4,144,1,0,225,7569,4,0,0,1,1,0.024964,0.043681,0.050176,0.187489,121,0.037636,36,2601,0
"Jeff Mathis","NH","2020","TEX","Texas Rangers",37.3,4,1104,7789283.12266584,3894641.56133292,1,2,"2019","2020",0,0,0,0,60,22,38,0,0,-16,0,0,0,224,1936,420,62,312,0.477,0.259,4.28,0.5,0.25,24,68,62,6,10,1,1,3,9,1,0,5,24,0,0,0,1,0,0.161,0.221,0.355,0.575,56,0.249,46,22,"2/H",0,576,4624,3844,36,100,1,1,9,81,1,0,25,576,0,0,0,1,0,0.025921,0.048841,0.126025,0.330625,3136,0.062001,2116,484,0
"Jeff Mathis","NH","2020","TEX","Texas Rangers",37.3,5,1105,7658866.68683903,3829433.34341951,0,2,"2020","2021",0,0,0,0,60,22,38,0,0,-16,0,0,0,224,1936,420,62,312,0.477,0.259,4.28,0.5,0.25,24,68,62,6,10,1,1,3,9,1,0,5,24,0,0,0,1,0,0.161,0.221,0.355,0.575,56,0.249,46,22,"2/H",0,576,4624,3844,36,100,1,1,9,81,1,0,25,576,0,0,0,1,0,0.025921,0.048841,0.126025,0.330625,3136,0.062001,2116,484,0
"Jeff Mathis","NH","2021","ATL","Atlanta Braves",38.3,6,1105,7658866.68683903,3829433.34341951,0,2,"2020","2021",0,0,0,0,161,88,73,1,1,15,1,1,0,790,5363,1307,239,656,0.501,0.26,3.67,-0.2,0.04,3,9,9,0,0,0,0,0,0,0,0,0,5,0,0,0,0,0,0,0,0,0,-100,0,-138,0,"/2",0,9,81,81,0,0,0,0,0,0,0,0,0,25,0,0,0,0,0,0,0,0,0,10000,0,19044,0,0
"Jeff Mathis","NH","2021","ATL","Atlanta Braves",38.3,7,1106,1800000,1800000,1,1,"2021","2021",0,0,0,0,161,88,73,1,1,15,1,1,0,790,5363,1307,239,656,0.501,0.26,3.67,-0.2,0.04,3,9,9,0,0,0,0,0,0,0,0,0,5,0,0,0,0,0,0,0,0,0,-100,0,-138,0,"/2",0,9,81,81,0,0,0,0,0,0,0,0,0,25,0,0,0,0,0,0,0,0,0,10000,0,19044,0,0
"Jeimer Candelario","NH","2023","WSH","Washington Nationals",29.8,0,1107,5000000,5000000,1,1,"2023","2023",0,0,0,0,162,71,91,0,0,-20,0,0,0,700,5522,1401,151,845,0.484,0.254,3.9,3.3,10.89,140,576,505,77,127,39,3,22,70,8,1,53,127,11,13,0,4,1,0.251,0.336,0.471,0.807,121,0.353,123,238,"53/DH",0,19600,331776,255025,5929,16129,1521,9,484,4900,64,1,2809,16129,121,169,0,16,1,0.063001,0.112896,0.221841,0.651249,14641,0.124609,15129,56644,0
"Jeimer Candelario","NH","2024","CIN","Cincinnati Reds",30.8,1,1108,45000000,15000000,1,3,"2024","2026",0,0,0,0,162,77,85,0,0,-8,0,0,0,699,5325,1230,174,694,0.504,0.261,3.77,-0.7,0.49,112,463,427,47,96,23,2,20,56,4,3,27,114,7,6,0,3,1,0.225,0.279,0.429,0.707,90,0.306,87,183,"53D/H",0,12544,214369,182329,2209,9216,529,4,400,3136,16,9,729,12996,49,36,0,9,1,0.050625,0.077841,0.184041,0.499849,8100,0.093636,7569,33489,0
"Jeimer Candelario","NH","2025","CIN","Cincinnati Reds",31.8,2,1108,45000000,15000000,1,3,"2024","2026",0,0,0,0,162,83,79,0,1,4,0,0,1,716,5448,1333,167,681,0.504,0.26,3.77,-0.9,0.81,22,91,80,3,9,2,0,2,10,0,1,9,29,1,0,0,2,0,0.113,0.198,0.213,0.41,12,0.185,2,17,"5/3D",0,484,8281,6400,9,81,4,0,4,100,0,1,81,841,1,0,0,4,0,0.012769,0.039204,0.045369,0.1681,144,0.034225,4,289,0
"Jeremy Guthrie","NH","2013","KC","Kansas City Royals",34.3,0,1109,25000000,8333333.33333333,0,3,"2013","2015",0,0,0,0,162,86,76,0,0,10,0,0,0,648,5549,1443,112,601,0.481,0.265,4.22,0,0,2,5,4,0,1,0,0,0,0,0,0,0,2,0,0,0,0,0,0.25,0.25,0.25,0.5,38,0.201,-18,1,"1",0,4,25,16,0,1,0,0,0,0,0,0,0,4,0,0,0,0,0,0.0625,0.0625,0.0625,0.25,1444,0.040401,324,1,0
"Jeremy Guthrie","NH","2014","KC","Kansas City Royals",35.3,1,1109,25000000,8333333.33333333,0,3,"2013","2015",0,0,0,0,162,89,73,0,1,16,1,0,0,651,5545,1456,95,624,0.482,0.265,4.2,0,0,3,7,5,0,0,0,0,0,0,0,0,0,1,0,1,1,0,0,0,0.167,0,0.167,-48,0.121,-77,0,"1/H",0,9,49,25,0,0,0,0,0,0,0,0,0,1,0,1,1,0,0,0,0.027889,0,0.027889,2304,0.014641,5929,0,0
"Jeremy Guthrie","NH","2015","KC","Kansas City Royals",36.3,2,1109,25000000,8333333.33333333,0,3,"2013","2015",0,0,0,0,162,95,67,1,1,28,1,1,0,724,5575,1497,139,641,0.485,0.265,4.19,0,0,2,5,4,0,1,0,0,0,0,0,0,0,0,0,0,1,0,0,0.25,0.25,0.25,0.5,37,0.224,2,1,"1",0,4,25,16,0,1,0,0,0,0,0,0,0,0,0,0,1,0,0,0.0625,0.0625,0.0625,0.25,1369,0.050176,4,1,0
"Jeremy Hellickson","NH","2017","PHI","Philadelphia Phillies",30.3,2.041,1111,17200000,17200000,0,1,"2017","2017",0,0,0,0,165,66,96,0,0,-30,0,0,0,690,5534,1382,174,782,0.471,0.261,3.97,0,0,20,39,33,1,3,1,1,0,2,0,0,3,9,0,0,3,0,0,0.091,0.167,0.182,0.348,-8,0.16,-35,6,"1",0,400,1521,1089,1,9,1,1,0,4,0,0,9,81,0,0,9,0,0,0.008281,0.027889,0.033124,0.121104,64,0.0256,1225,36,0
"Jeremy Hellickson","NH","2018","WSH","Washington Nationals",31.3,3.041,1112,2000000,2000000,1,1,"2018","2018",0,0,0,0,162,82,80,0,0,2,0,0,1,771,5517,1402,191,682,0.488,0.254,3.87,-0.3,0.09,18,35,32,0,2,1,0,0,1,0,0,0,13,0,0,3,0,0,0.063,0.063,0.094,0.156,-59,0.067,-117,3,"1",0,324,1225,1024,0,4,1,0,0,1,0,0,0,169,0,0,9,0,0,0.003969,0.003969,0.008836,0.024336,3481,0.004489,13689,9,0
"Jeremy Hellickson","NH","2019","WSH","Washington Nationals",32.3,4.041,1113,1300000,1300000,0,1,"2019","2019",0,0,0,0,162,93,69,0,1,24,1,1,1,873,5512,1460,231,724,0.489,0.254,3.88,0.1,0.01,9,13,9,3,1,0,0,0,0,0,0,2,4,0,0,2,0,0,0.111,0.273,0.111,0.384,7,0.207,-11,1,"/1",0,81,169,81,9,1,0,0,0,0,0,0,4,16,0,0,4,0,0,0.012321,0.074529,0.012321,0.147456,49,0.042849,121,1,0
"Jeremy Jeffress","NH","2014","MIL","Milwaukee Brewers",26.9,0,1114,699929.270230394,699929.270230394,1,1,"2014","2014",0,0,0,0,162,82,80,0,0,2,0,0,0,650,5462,1366,150,657,0.478,0.259,4.19,0,0,27,0,0,0,0,0,0,0,0,0,0,0,0,0,0,0,0,0,0,0,0,0,0,0,0,0,"1",0,729,0,0,0,0,0,0,0,0,0,0,0,0,0,0,0,0,0,0,0,0,0,0,0,0,0,0
"Jeremy Jeffress","NH","2016","MIL","Milwaukee Brewers",28.9,1,1115,687730.662918716,687730.662918716,1,1,"2016","2016",0,0,0,0,162,73,89,0,0,-16,0,0,0,671,5330,1299,194,733,0.477,0.258,4.19,0,0,48,0,0,0,0,0,0,0,0,0,0,0,0,0,0,0,0,0,0,0,0,0,0,0,0,0,"1",0,2304,0,0,0,0,0,0,0,0,0,0,0,0,0,0,0,0,0,0,0,0,0,0,0,0,0,0
"Jeremy Jeffress","NH","2017","MIL","Milwaukee Brewers",29.9,2,1116,2731801.29199069,2731801.29199069,1,1,"2017","2017",0,0,0,0,162,86,76,0,0,10,0,0,0,732,5467,1363,224,697,0.478,0.258,4.18,0,0,21,2,2,0,0,0,0,0,0,0,0,0,2,0,0,0,0,0,0,0,0,0,-100,0,-138,0,"1",0,441,4,4,0,0,0,0,0,0,0,0,0,4,0,0,0,0,0,0,0,0,0,10000,0,19044,0,0
"Jeremy Jeffress","NH","2018","MIL","Milwaukee Brewers",30.9,3,1117,2228808.26199212,2228808.26199212,0,1,"2018","2018",1,0,0,0,163,96,67,1,1,29,0,0,1,754,5542,1398,218,659,0.48,0.258,4.17,0,0,68,0,0,0,0,0,0,0,0,0,0,0,0,0,0,0,0,0,0,0,0,0,0,0,0,0,"1",0,4624,0,0,0,0,0,0,0,0,0,0,0,0,0,0,0,0,0,0,0,0,0,0,0,0,0,0
"Jeremy Jeffress","NH","2020","CHC","Chicago Cubs",32.9,4,1118,850000,850000,1,1,"2020","2020",0,0,0,0,60,34,26,1,1,8,0,0,0,265,1918,422,74,240,0.514,0.262,3.68,0,0,2,0,0,0,0,0,0,0,0,0,0,0,0,0,0,0,0,0,0,0,0,0,0,0,0,0,"1",0,4,0,0,0,0,0,0,0,0,0,0,0,0,0,0,0,0,0,0,0,0,0,0,0,0,0,0
"Jerome Williams","NH","2014","PHI","Philadelphia Phillies",32.7,0,1120,2100000,2100000,1,1,"2014","2014",0,0,0,0,159,73,89,0,0,-16,0,0,0,619,5603,1356,125,687,0.473,0.261,3.96,0,0,9,16,12,0,2,0,0,0,3,0,0,0,4,0,0,4,0,0,0.167,0.167,0.167,0.333,-6,0.151,-73,2,"1",0,81,256,144,0,4,0,0,0,9,0,0,0,16,0,0,16,0,0,0.027889,0.027889,0.027889,0.110889,36,0.022801,5329,4,0
"Jerome Williams","NH","2016","STL","St Louis Cardinals",34.7,1,1121,672362.379948466,672362.379948466,1,1,"2016","2016",0,0,0,0,162,86,76,0,0,10,0,0,0,779,5548,1415,225,712,0.52,0.267,3.67,0,0,11,2,2,0,0,0,0,0,0,0,0,0,1,0,0,0,0,0,0,0,0,0,-100,0,-139,0,"1",0,121,4,4,0,0,0,0,0,0,0,0,0,1,0,0,0,0,0,0,0,0,0,10000,0,19321,0,0
"Jerry Blevins","NH","2016","NYM","New York Mets",32.9,0,1122,4000000,4000000,0,1,"2016","2016",0,0,0,0,162,87,75,0,1,12,0,0,1,671,5459,1342,218,617,0.481,0.25,3.75,0,0,69,1,1,0,0,0,0,0,0,0,0,0,0,0,0,0,0,0,0,0,0,0,-100,0,-145,0,"1",0,4761,1,1,0,0,0,0,0,0,0,0,0,0,0,0,0,0,0,0,0,0,0,10000,0,21025,0,0
"Jerry Blevins","NH","2017","NYM","New York Mets",33.9,1,1123,6500000,6500000,0,1,"2017","2017",0,0,0,0,162,70,92,0,0,-22,0,0,0,735,5510,1379,224,863,0.48,0.25,3.78,0,0,70,0,0,0,0,0,0,0,0,0,0,0,0,0,0,0,0,0,0,0,0,0,0,0,0,0,"1",0,4900,0,0,0,0,0,0,0,0,0,0,0,0,0,0,0,0,0,0,0,0,0,0,0,0,0,0
"Jerry Blevins","NH","2018","NYM","New York Mets",34.9,2,1124,8278430.6873993,8278430.6873993,0,1,"2018","2018",0,0,0,0,162,77,85,0,0,-8,0,0,0,676,5468,1282,170,707,0.48,0.25,3.78,0.1,0.01,60,2,2,0,1,0,0,0,1,0,0,0,1,0,0,0,0,0,0.5,0.5,0.5,1,183,0.45,195,1,"1",0,3600,4,4,0,1,0,0,0,1,0,0,0,1,0,0,0,0,0,0.25,0.25,0.25,1,33489,0.2025,38025,1,0
"Jerry Blevins","NH","2019","ATL","Atlanta Braves",35.9,3,1125,1500000,1500000,1,1,"2019","2019",0,0,0,0,162,97,65,1,1,32,0,0,0,855,5560,1432,249,743,0.501,0.26,3.66,0,0,43,0,0,0,0,0,0,0,0,0,0,0,0,0,0,0,0,0,0,0,0,0,0,0,0,0,"1",0,1849,0,0,0,0,0,0,0,0,0,0,0,0,0,0,0,0,0,0,0,0,0,0,0,0,0,0
"Jesse Chavez","NH","2017","LAA","Los Angeles Angels",34,0,1127,5750000,5750000,1,1,"2017","2017",0,0,0,0,162,80,82,0,0,-2,0,0,0,710,5415,1314,186,709,0.501,0.258,3.95,-0.1,0.01,4,6,5,0,0,0,0,0,0,0,0,0,5,0,0,1,0,0,0,0,0,0,-100,0,-180,0,"1",0,16,36,25,0,0,0,0,0,0,0,0,0,25,0,0,1,0,0,0,0,0,0,10000,0,32400,0,0
"Jesse Chavez","NH","2018","CHC","Chicago Cubs",35,1,1128,1500000,1500000,1,1,"2018","2018",0,0,0,0,163,95,68,0,1,27,0,0,0,761,5624,1453,167,645,0.513,0.263,3.68,0,0,30,1,1,0,0,0,0,0,0,0,0,0,1,0,0,0,0,0,0,0,0,0,-100,0,-133,0,"1",0,900,1,1,0,0,0,0,0,0,0,0,0,1,0,0,0,0,0,0,0,0,0,10000,0,17689,0,0
"Jesse Chavez","NH","2019","TEX","Texas Rangers",36,2,1129,8000000,4000000,1,2,"2019","2020",0,0,0,0,162,78,84,0,0,-6,0,0,1,810,5540,1374,223,878,0.478,0.259,4.28,0.1,0.01,4,2,2,0,1,0,0,0,0,0,0,0,1,0,0,0,0,0,0.5,0.5,0.5,1,157,0.443,172,1,"1",0,16,4,4,0,1,0,0,0,0,0,0,0,1,0,0,0,0,0,0.25,0.25,0.25,1,24649,0.196249,29584,1,0
"Jesse Chavez","NH","2021","ATL","Atlanta Braves",38,5,1130,9803349.35915396,4901674.67957698,0,2,"2020","2021",0,0,0,0,161,88,73,1,1,15,1,1,0,790,5363,1307,239,656,0.501,0.26,3.67,0,0,30,3,3,0,0,0,0,0,0,0,0,0,3,0,0,0,0,0,0,0,0,0,-100,0,-137,0,"1",0,900,9,9,0,0,0,0,0,0,0,0,0,9,0,0,0,0,0,0,0,0,0,10000,0,18769,0,0
"Jeurys Familia","NH","2019","NYM","New York Mets",29.8,6.029,1142,30000000,10000000,1,3,"2019","2021",0,0,0,0,162,86,76,0,0,10,0,0,0,791,5624,1445,242,737,0.481,0.25,3.79,0,0,61,0,0,0,0,0,0,0,0,0,0,0,0,0,0,0,0,0,0,0,0,0,0,0,0,0,"1",0,3721,0,0,0,0,0,0,0,0,0,0,0,0,0,0,0,0,0,0,0,0,0,0,0,0,0,0
"Jeurys Familia","NH","2021","NYM","New York Mets",31.8,8.029,1142,30000000,10000000,1,3,"2019","2021",0,0,0,0,162,77,85,0,0,-8,0,0,0,636,5210,1243,176,668,0.48,0.25,3.8,0,0,60,0,0,0,0,0,0,0,0,0,0,0,0,0,0,0,0,0,0,0,0,0,0,0,0,0,"1",0,3600,0,0,0,0,0,0,0,0,0,0,0,0,0,0,0,0,0,0,0,0,0,0,0,0,0,0
"Jeurys Familia","NH","2022","PHI","Philadelphia Phillies",32.8,9.023,1143,6000000,6000000,1,1,"2022","2022",0,0,0,0,162,87,75,0,1,12,1,0,1,747,5496,1392,205,685,0.473,0.26,3.99,0,0,1,0,0,0,0,0,0,0,0,0,0,0,0,0,0,0,0,0,0,0,0,0,0,0,0,0,"1",0,1,0,0,0,0,0,0,0,0,0,0,0,0,0,0,0,0,0,0,0,0,0,0,0,0,0,0
"Jhoulys Chacin","NH","2015","ARI","Arizona Diamondbacks",27.6,5.012,1145,687225.311355765,687225.311355765,1,1,"2015","2015",0,0,0,0,162,79,83,0,0,-4,0,0,1,720,5649,1494,154,713,0.492,0.258,4.22,0,0,5,9,8,0,1,0,0,0,0,0,0,0,4,0,0,1,0,0,0.125,0.125,0.125,0.25,-32,0.113,-83,1,"/1",0,25,81,64,0,1,0,0,0,0,0,0,0,16,0,0,1,0,0,0.015625,0.015625,0.015625,0.0625,1024,0.012769,6889,1,0
"Jhoulys Chacin","NH","2016","ATL","Atlanta Braves",28.6,5.054,1146,1100000,1100000,1,1,"2016","2016",0,0,0,0,161,68,93,0,0,-25,0,0,0,649,5514,1404,122,779,0.5,0.26,3.65,0.1,0.01,5,10,10,1,3,0,0,0,1,0,0,0,1,0,0,0,0,0,0.3,0.3,0.3,0.6,64,0.269,57,3,"1",0,25,100,100,1,9,0,0,0,1,0,0,0,1,0,0,0,0,0,0.09,0.09,0.09,0.36,4096,0.072361,3249,9,0
"Jhoulys Chacin","NH","2017","SD","San Diego Padres",29.6,6.054,1147,1750000,1750000,1,1,"2017","2017",0,0,0,0,162,71,91,0,0,-20,0,0,0,604,5356,1251,189,816,0.462,0.25,3.95,0.3,0.09,33,61,54,0,12,2,0,0,4,1,0,0,11,2,0,7,0,0,0.222,0.222,0.259,0.481,29,0.231,17,14,"1/H",0,1089,3721,2916,0,144,4,0,0,16,1,0,0,121,4,0,49,0,0,0.049284,0.049284,0.067081,0.231361,841,0.053361,289,196,0
"Jhoulys Chacin","NH","2018","MIL","Milwaukee Brewers",30.6,7.054,1148,15500000,7750000,1,2,"2018","2019",0,0,0,0,163,96,67,1,1,29,0,0,1,754,5542,1398,218,659,0.48,0.258,4.17,0.2,0.04,34,68,56,2,9,1,0,0,1,0,0,3,17,0,0,9,0,0,0.161,0.203,0.179,0.382,4,0.19,-20,10,"1/H",0,1156,4624,3136,4,81,1,0,0,1,0,0,9,289,0,0,81,0,0,0.025921,0.041209,0.032041,0.145924,16,0.0361,400,100,0
"Jhoulys Chacin","NH","2019","MIL","Milwaukee Brewers",31.6,8.054,1148,15500000,7750000,1,2,"2018","2019",0,0,0,0,162,89,73,0,1,16,0,0,0,769,5542,1366,250,766,0.481,0.258,4.18,0,0,18,25,24,2,3,0,0,1,1,0,0,1,10,0,0,0,0,0,0.125,0.16,0.25,0.41,4,0.177,-15,6,"1",0,324,625,576,4,9,0,0,1,1,0,0,1,100,0,0,0,0,0,0.015625,0.0256,0.0625,0.1681,16,0.031329,225,36,0
"Jhoulys Chacin","NH","2019","MIL","Milwaukee Brewers",31.6,8.054,1149,691688.341292727,691688.341292727,1,1,"2019","2019",0,0,0,0,162,89,73,0,1,16,0,0,0,769,5542,1366,250,766,0.481,0.258,4.18,0,0,18,25,24,2,3,0,0,1,1,0,0,1,10,0,0,0,0,0,0.125,0.16,0.25,0.41,4,0.177,-15,6,"1",0,324,625,576,4,9,0,0,1,1,0,0,1,100,0,0,0,0,0,0.015625,0.0256,0.0625,0.1681,16,0.031329,225,36,0
"Jhoulys Chacin","NH","2021","COL","Colorado Rockies",33.6,9.087,1151,800000,800000,1,1,"2021","2021",0,0,0,0,161,74,87,0,0,-13,0,0,0,739,5374,1338,182,796,0.47,0.273,4.98,-0.1,0.01,44,7,6,0,0,0,0,0,0,0,0,0,2,0,0,1,0,0,0,0,0,0,-100,0,-187,0,"1",0,1936,49,36,0,0,0,0,0,0,0,0,0,4,0,0,1,0,0,0,0,0,0,10000,0,34969,0,0
"Jim Johnson","NH","2014","OAK","Oakland Athletics",31.1,0,1153,689449.635766739,689449.635766739,1,1,"2014","2014",0,0,0,0,162,88,74,0,1,14,0,0,2,729,5545,1354,146,572,0.488,0.259,3.97,0,0,3,1,1,0,0,0,0,0,0,0,0,0,1,0,0,0,0,0,0,0,0,0,-100,0,-127,0,"1",0,9,1,1,0,0,0,0,0,0,0,0,0,1,0,0,0,0,0,0,0,0,0,10000,0,16129,0,0
"Jim Johnson","NH","2015","ATL","Atlanta Braves",32.1,1,1154,1600000,1600000,1,1,"2015","2015",0,0,0,0,162,67,95,0,0,-28,0,0,1,573,5420,1361,100,760,0.501,0.26,3.64,0,0,64,0,0,0,0,0,0,0,0,0,0,0,0,0,0,0,0,0,0,0,0,0,0,0,0,0,"1",0,4096,0,0,0,0,0,0,0,0,0,0,0,0,0,0,0,0,0,0,0,0,0,0,0,0,0,0
"Jim Johnson","NH","2016","ATL","Atlanta Braves",33.1,2,1155,2500000,2500000,1,1,"2016","2016",0,0,0,0,161,68,93,0,0,-25,0,0,0,649,5514,1404,122,779,0.5,0.26,3.65,0,0,61,1,1,0,0,0,0,0,0,0,0,0,1,0,0,0,0,0,0,0,0,0,-100,0,-145,0,"1",0,3721,1,1,0,0,0,0,0,0,0,0,0,1,0,0,0,0,0,0,0,0,0,10000,0,21025,0,0
"Jim Johnson","NH","2017","ATL","Atlanta Braves",34.1,3,1156,13008577.580908,6504288.79045402,0,2,"2017","2018",0,0,0,0,163,72,90,0,0,-18,0,0,0,732,5584,1467,165,821,0.5,0.26,3.66,0,0,56,0,0,0,0,0,0,0,0,0,0,0,0,0,0,0,0,0,0,0,0,0,0,0,0,0,"1",0,3136,0,0,0,0,0,0,0,0,0,0,0,0,0,0,0,0,0,0,0,0,0,0,0,0,0,0
"Jim Johnson","NH","2018","LAA","Los Angeles Angels",35.1,4,1156,13008577.580908,6504288.79045402,0,2,"2017","2018",0,0,0,0,162,80,82,0,0,-2,0,0,1,721,5472,1323,214,722,0.5,0.257,3.95,0,0,2,0,0,0,0,0,0,0,0,0,0,0,0,0,0,0,0,0,0,0,0,0,0,0,0,0,"1",0,4,0,0,0,0,0,0,0,0,0,0,0,0,0,0,0,0,0,0,0,0,0,0,0,0,0,0
"Jim Johnson","NH","2018","LAA","Los Angeles Angels",35.1,5,1157,12736047.2113835,6368023.60569177,1,2,"2018","2019",0,0,0,0,162,80,82,0,0,-2,0,0,1,721,5472,1323,214,722,0.5,0.257,3.95,0,0,2,0,0,0,0,0,0,0,0,0,0,0,0,0,0,0,0,0,0,0,0,0,0,0,0,0,"1",0,4,0,0,0,0,0,0,0,0,0,0,0,0,0,0,0,0,0,0,0,0,0,0,0,0,0,0
"Jimmy Herget","NH","2021","LAA","Los Angeles Angels",27.9,0,1158,700000,700000,0,1,"2021","2021",0,0,0,0,162,77,85,0,0,-8,0,0,0,723,5437,1331,190,804,0.499,0.257,3.99,0,0,2,0,0,0,0,0,0,0,0,0,0,0,0,0,0,0,0,0,0,0,0,0,0,0,0,0,"1",0,4,0,0,0,0,0,0,0,0,0,0,0,0,0,0,0,0,0,0,0,0,0,0,0,0,0,0
"Jimmy Nelson","NH","2021","LAD","Los Angeles Dodgers",32.2,6.107,1163,1250000,1250000,0,1,"2021","2021",0,0,0,0,162,106,56,0,1,50,0,0,0,830,5445,1330,237,561,0.529,0.261,3.53,0,0,26,3,3,0,0,0,0,0,0,0,0,0,3,0,0,0,0,0,0,0,0,0,-100,0,-137,0,"1",0,676,9,9,0,0,0,0,0,0,0,0,0,9,0,0,0,0,0,0,0,0,0,10000,0,18769,0,0
"Jj Hoover","NH","2017","ARI","Arizona Diamondbacks",30,3.153,1166,900000,900000,1,1,"2017","2017",0,0,0,0,162,93,69,0,1,24,0,0,0,812,5525,1405,220,659,0.493,0.258,4.23,0,0,49,0,0,0,0,0,0,0,0,0,0,0,0,0,0,0,0,0,0,0,0,0,0,0,0,0,"1",0,2401,0,0,0,0,0,0,0,0,0,0,0,0,0,0,0,0,0,0,0,0,0,0,0,0,0,0
"Jj Hoover","NH","2018","MIL","Milwaukee Brewers",31,4.133,1167,1100000,1100000,1,1,"2018","2018",0,0,0,0,163,96,67,1,1,29,0,0,1,754,5542,1398,218,659,0.48,0.258,4.17,0,0,2,0,0,0,0,0,0,0,0,0,0,0,0,0,0,0,0,0,0,0,0,0,0,0,0,0,"/1",0,4,0,0,0,0,0,0,0,0,0,0,0,0,0,0,0,0,0,0,0,0,0,0,0,0,0,0
"Joakim Soria","NH","2014","TEX","Texas Rangers",30.2,1,1168,8000000,4000000,1,2,"2013","2014",0,0,0,0,162,67,95,0,0,-28,0,0,0,637,5460,1400,111,773,0.476,0.26,4.24,0,0,2,0,0,0,0,0,0,0,0,0,0,0,0,0,0,0,0,0,0,0,0,0,0,0,0,0,"1",0,4,0,0,0,0,0,0,0,0,0,0,0,0,0,0,0,0,0,0,0,0,0,0,0,0,0,0
"Joakim Soria","NH","2016","KC","Kansas City Royals",32.2,2,1169,25000000,8333333.33333333,1,3,"2016","2018",0,0,0,0,162,81,81,0,0,0,0,0,0,675,5552,1450,147,712,0.485,0.265,4.19,0,0,5,0,0,0,0,0,0,0,0,0,0,0,0,0,0,0,0,0,0,0,0,0,0,0,0,0,"1",0,25,0,0,0,0,0,0,0,0,0,0,0,0,0,0,0,0,0,0,0,0,0,0,0,0,0,0
"Joakim Soria","NH","2017","KC","Kansas City Royals",33.2,3,1169,25000000,8333333.33333333,1,3,"2016","2018",0,0,0,0,162,80,82,0,0,-2,0,0,0,702,5536,1436,193,791,0.485,0.265,4.2,0,0,3,0,0,0,0,0,0,0,0,0,0,0,0,0,0,0,0,0,0,0,0,0,0,0,0,0,"1",0,9,0,0,0,0,0,0,0,0,0,0,0,0,0,0,0,0,0,0,0,0,0,0,0,0,0,0
"Joakim Soria","NH","2017","KC","Kansas City Royals",33.2,5,1170,32521443.9522701,10840481.3174234,0,3,"2017","2019",0,0,0,0,162,80,82,0,0,-2,0,0,0,702,5536,1436,193,791,0.485,0.265,4.2,0,0,3,0,0,0,0,0,0,0,0,0,0,0,0,0,0,0,0,0,0,0,0,0,0,0,0,0,"1",0,9,0,0,0,0,0,0,0,0,0,0,0,0,0,0,0,0,0,0,0,0,0,0,0,0,0,0
"Joakim Soria","NH","2018","MIL","Milwaukee Brewers",34.2,4,1169,25000000,8333333.33333333,1,3,"2016","2018",0,0,0,0,163,96,67,1,1,29,0,0,1,754,5542,1398,218,659,0.48,0.258,4.17,0,0,29,0,0,0,0,0,0,0,0,0,0,0,0,0,0,0,0,0,0,0,0,0,0,0,0,0,"1",0,841,0,0,0,0,0,0,0,0,0,0,0,0,0,0,0,0,0,0,0,0,0,0,0,0,0,0
"Joakim Soria","NH","2018","MIL","Milwaukee Brewers",34.2,6,1170,32521443.9522701,10840481.3174234,0,3,"2017","2019",0,0,0,0,163,96,67,1,1,29,0,0,1,754,5542,1398,218,659,0.48,0.258,4.17,0,0,29,0,0,0,0,0,0,0,0,0,0,0,0,0,0,0,0,0,0,0,0,0,0,0,0,0,"1",0,841,0,0,0,0,0,0,0,0,0,0,0,0,0,0,0,0,0,0,0,0,0,0,0,0,0,0
"Joakim Soria","NH","2018","MIL","Milwaukee Brewers",34.2,8,1171,31840118.0284588,10613372.6761529,1,3,"2018","2020",0,0,0,0,163,96,67,1,1,29,0,0,1,754,5542,1398,218,659,0.48,0.258,4.17,0,0,29,0,0,0,0,0,0,0,0,0,0,0,0,0,0,0,0,0,0,0,0,0,0,0,0,0,"1",0,841,0,0,0,0,0,0,0,0,0,0,0,0,0,0,0,0,0,0,0,0,0,0,0,0,0,0
"Joakim Soria","NH","2019","OAK","Oakland Athletics",35.2,7,1170,32521443.9522701,10840481.3174234,0,3,"2017","2019",0,0,0,0,162,97,65,0,1,32,0,0,1,845,5561,1384,257,680,0.489,0.259,3.98,0,0,5,0,0,0,0,0,0,0,0,0,0,0,0,0,0,0,0,0,0,0,0,0,0,0,0,0,"1",0,25,0,0,0,0,0,0,0,0,0,0,0,0,0,0,0,0,0,0,0,0,0,0,0,0,0,0
"Joakim Soria","NH","2019","OAK","Oakland Athletics",35.2,9,1171,31840118.0284588,10613372.6761529,1,3,"2018","2020",0,0,0,0,162,97,65,0,1,32,0,0,1,845,5561,1384,257,680,0.489,0.259,3.98,0,0,5,0,0,0,0,0,0,0,0,0,0,0,0,0,0,0,0,0,0,0,0,0,0,0,0,0,"1",0,25,0,0,0,0,0,0,0,0,0,0,0,0,0,0,0,0,0,0,0,0,0,0,0,0,0,0
"Joakim Soria","NH","2019","OAK","Oakland Athletics",35.2,11,1172,15000000,7500000,1,2,"2019","2020",0,0,0,0,162,97,65,0,1,32,0,0,1,845,5561,1384,257,680,0.489,0.259,3.98,0,0,5,0,0,0,0,0,0,0,0,0,0,0,0,0,0,0,0,0,0,0,0,0,0,0,0,0,"1",0,25,0,0,0,0,0,0,0,0,0,0,0,0,0,0,0,0,0,0,0,0,0,0,0,0,0,0
"Joakim Soria","NH","2021","ARI","Arizona Diamondbacks",37.2,14,1173,18381280.0484137,9190640.02420683,0,2,"2020","2021",0,0,0,0,162,52,110,0,0,-58,0,0,0,679,5489,1297,144,893,0.486,0.256,4.26,0,0,29,0,0,0,0,0,0,0,0,0,0,0,0,0,0,0,0,0,0,0,0,0,0,0,0,0,"1",0,841,0,0,0,0,0,0,0,0,0,0,0,0,0,0,0,0,0,0,0,0,0,0,0,0,0,0
"Joakim Soria","NH","2021","ARI","Arizona Diamondbacks",37.2,15,1174,3500000,3500000,1,1,"2021","2021",0,0,0,0,162,52,110,0,0,-58,0,0,0,679,5489,1297,144,893,0.486,0.256,4.26,0,0,29,0,0,0,0,0,0,0,0,0,0,0,0,0,0,0,0,0,0,0,0,0,0,0,0,0,"1",0,841,0,0,0,0,0,0,0,0,0,0,0,0,0,0,0,0,0,0,0,0,0,0,0,0,0,0
"Joaquin Benoit","NH","2014","SD","San Diego Padres",37.2,5.04,1175,15500000,7750000,1,2,"2014","2015",0,0,0,0,162,77,85,0,0,-8,0,0,1,535,5294,1199,109,577,0.464,0.251,3.92,0,0,49,0,0,0,0,0,0,0,0,0,0,0,0,0,0,0,0,0,0,0,0,0,0,0,0,0,"1",0,2401,0,0,0,0,0,0,0,0,0,0,0,0,0,0,0,0,0,0,0,0,0,0,0,0,0,0
"Joaquin Benoit","NH","2015","SD","San Diego Padres",38.2,6.04,1175,15500000,7750000,1,2,"2014","2015",0,0,0,0,162,74,88,0,0,-14,0,0,0,650,5457,1324,148,731,0.464,0.251,3.92,0,0,62,0,0,0,0,0,0,0,0,0,0,0,0,0,0,0,0,0,0,0,0,0,0,0,0,0,"1",0,3844,0,0,0,0,0,0,0,0,0,0,0,0,0,0,0,0,0,0,0,0,0,0,0,0,0,0
"Joaquin Benoit","NH","2017","PHI","Philadelphia Phillies",40.2,8.04,1176,7500000,7500000,1,1,"2017","2017",0,0,0,0,165,66,96,0,0,-30,0,0,0,690,5534,1382,174,782,0.471,0.261,3.97,0,0,48,0,0,0,0,0,0,0,0,0,0,0,0,0,0,0,0,0,0,0,0,0,0,0,0,0,"1",0,2304,0,0,0,0,0,0,0,0,0,0,0,0,0,0,0,0,0,0,0,0,0,0,0,0,0,0
"Joba Chamberlain","NH","2014","DET","Detroit Tigers",28.9,0,1178,2500000,2500000,1,1,"2014","2014",0,0,0,0,162,90,72,1,1,18,0,0,0,757,5630,1557,155,705,0.508,0.266,3.95,0,0,5,1,1,0,0,0,0,0,0,0,0,0,1,0,0,0,0,0,0,0,0,0,-100,0,-127,0,"1",0,25,1,1,0,0,0,0,0,0,0,0,0,1,0,0,0,0,0,0,0,0,0,10000,0,16129,0,0
"Joba Chamberlain","NH","2015","DET","Detroit Tigers",29.9,1,1179,1000000,1000000,0,1,"2015","2015",0,0,0,0,161,74,87,0,0,-13,0,0,0,689,5605,1515,151,803,0.508,0.266,3.96,0,0,3,0,0,0,0,0,0,0,0,0,0,0,0,0,0,0,0,0,0,0,0,0,0,0,0,0,"1",0,9,0,0,0,0,0,0,0,0,0,0,0,0,0,0,0,0,0,0,0,0,0,0,0,0,0,0
"Joba Chamberlain","NH","2016","CLE","Cleveland Guardians",30.9,2,1180,1000000,1000000,1,1,"2016","2016",0,0,0,0,161,94,67,1,1,27,1,0,0,777,5484,1435,185,676,0.51,0.266,3.84,0,0,3,0,0,0,0,0,0,0,0,0,0,0,0,0,0,0,0,0,0,0,0,0,0,0,0,0,"1",0,9,0,0,0,0,0,0,0,0,0,0,0,0,0,0,0,0,0,0,0,0,0,0,0,0,0,0
"Joc Pederson","NH","2021","CHC","Chicago Cubs",29.3,0,1181,7000000,7000000,1,1,"2021","2021",0,0,0,0,162,71,91,0,0,-20,0,0,0,705,5306,1255,210,839,0.513,0.262,3.69,-0.1,0.01,137,481,429,55,102,19,3,18,61,2,3,39,117,9,8,0,5,0,0.238,0.31,0.422,0.732,95,0.32,94,181,"798H/3D",0,18769,231361,184041,3025,10404,361,9,324,3721,4,9,1521,13689,81,64,0,25,0,0.056644,0.0961,0.178084,0.535824,9025,0.1024,8836,32761,0
"Joc Pederson","NH","2022","SF","San Francisco Giants",30.3,1,1182,6000000,6000000,1,1,"2022","2022",1,0,0,0,162,81,81,0,0,0,0,0,0,716,5392,1261,183,697,0.536,0.263,3.58,1.3,1.69,134,433,380,57,104,19,3,23,70,3,2,42,100,5,7,0,4,3,0.274,0.353,0.521,0.874,146,0.374,143,198,"7H9D",0,17956,187489,144400,3249,10816,361,9,529,4900,9,4,1764,10000,25,49,0,16,9,0.075076,0.124609,0.271441,0.763876,21316,0.139876,20449,39204,0
"Joc Pederson","NH","2023","SF","San Francisco Giants",31.3,2,1183,19650000,19650000,0,1,"2023","2023",0,0,0,0,162,79,83,0,0,-4,0,0,0,674,5412,1271,174,719,0.536,0.263,3.58,0.7,0.49,121,425,358,59,84,14,3,15,51,0,0,57,89,12,7,0,3,6,0.235,0.348,0.416,0.764,112,0.335,112,149,"D7H/93",0,14641,180625,128164,3481,7056,196,9,225,2601,0,0,3249,7921,144,49,0,9,36,0.055225,0.121104,0.173056,0.583696,12544,0.112225,12544,22201,0
"Joc Pederson","H","2024","ARI","Arizona Diamondbacks",32.3,3,1184,12500000,12500000,1,1,"2024","2024",0,0,0,0,162,89,73,0,0,16,0,0,0,886,5522,1452,211,788,0.489,0.255,4.28,2.8,7.84,132,449,367,62,101,17,1,23,64,7,4,55,105,5,18,1,3,2,0.275,0.393,0.515,0.908,150,0.388,150,189,"DH",0,17424,201601,134689,3844,10201,289,1,529,4096,49,16,3025,11025,25,324,1,9,4,0.075625,0.154449,0.265225,0.824464,22500,0.150544,22500,35721,0
"Joc Pederson","H","2025","TEX","Texas Rangers",33.3,4,1185,37000000,18500000,1,2,"2025","2026",0,0,0,0,162,81,81,0,0,0,0,0,0,684,5443,1275,175,605,0.476,0.258,4.28,-0.3,0.09,96,306,265,28,48,10,1,9,26,2,0,34,65,5,5,0,1,0,0.181,0.285,0.328,0.614,82,0.278,84,87,"DH/39",0,9216,93636,70225,784,2304,100,1,81,676,4,0,1156,4225,25,25,0,1,0,0.032761,0.081225,0.107584,0.376996,6724,0.077284,7056,7569,0
"Joe Beimel","NH","2014","SEA","Seattle Mariners",36,0,1186,1172064.38080346,1172064.38080346,1,1,"2014","2014",0,0,0,0,162,87,75,0,0,12,0,0,0,634,5450,1328,136,554,0.468,0.261,4.33,0,0,4,0,0,0,0,0,0,0,0,0,0,0,0,0,0,0,0,0,0,0,0,0,0,0,0,0,"1",0,16,0,0,0,0,0,0,0,0,0,0,0,0,0,0,0,0,0,0,0,0,0,0,0,0,0,0
"Joe Beimel","NH","2015","SEA","Seattle Mariners",37,1,1187,1500000,1500000,1,1,"2015","2015",0,0,0,0,162,76,86,0,0,-10,0,0,1,656,5544,1379,198,726,0.468,0.261,4.33,0,0,3,0,0,0,0,0,0,0,0,0,0,0,0,0,0,0,0,0,0,0,0,0,0,0,0,0,"1",0,9,0,0,0,0,0,0,0,0,0,0,0,0,0,0,0,0,0,0,0,0,0,0,0,0,0,0
"Joe Blanton","NH","2013","LAA","Los Angeles Angels",32.7,0,1188,15000000,7500000,1,2,"2013","2014",0,0,0,0,162,78,84,0,0,-6,0,0,0,733,5588,1476,164,737,0.499,0.258,3.94,0,0,3,6,6,0,1,0,0,0,0,0,0,0,2,0,0,0,0,0,0.167,0.167,0.167,0.333,-5,0.151,-21,1,"1",0,9,36,36,0,1,0,0,0,0,0,0,0,4,0,0,0,0,0,0.027889,0.027889,0.027889,0.110889,25,0.022801,441,1,0
"Joe Blanton","NH","2015","PIT","Pittsburgh Pirates",34.7,2,1189,1354138.54454338,1354138.54454338,1,1,"2015","2015",0,0,0,0,162,98,64,0,1,34,0,0,0,697,5631,1462,140,596,0.504,0.265,3.71,-0.1,0.01,22,4,4,0,0,0,0,0,0,0,0,0,1,0,0,0,0,0,0,0,0,0,-100,0,-139,0,"1",0,484,16,16,0,0,0,0,0,0,0,0,0,1,0,0,0,0,0,0,0,0,0,10000,0,19321,0,0
"Joe Blanton","NH","2016","LAD","Los Angeles Dodgers",35.7,3,1190,4000000,4000000,1,1,"2016","2016",0,0,0,0,162,91,71,1,1,20,0,0,1,725,5518,1376,189,638,0.526,0.262,3.54,0,0,71,0,0,0,0,0,0,0,0,0,0,0,0,0,0,0,0,0,0,0,0,0,0,0,0,0,"1",0,5041,0,0,0,0,0,0,0,0,0,0,0,0,0,0,0,0,0,0,0,0,0,0,0,0,0,0
"Joe Blanton","NH","2017","WSH","Washington Nationals",36.7,4,1191,4000000,4000000,1,1,"2017","2017",0,0,0,0,162,97,65,1,1,32,0,0,2,819,5553,1477,215,672,0.487,0.254,3.87,0.1,0.01,48,1,0,0,0,0,0,0,0,0,0,1,0,0,0,0,0,0,0,1,0,0,0,0.698,350,0,"1",0,2304,1,0,0,0,0,0,0,0,0,0,1,0,0,0,0,0,0,0,1,0,0,0,0.487204,122500,0,0
"Joe Hudson","NH","2019","STL","St Louis Cardinals",28.2,0,1192,691688.341292727,691688.341292727,1,1,"2019","2019",0,0,0,0,162,91,71,1,1,20,0,0,1,764,5449,1336,210,662,0.52,0.266,3.67,0,0,1,1,1,0,0,0,0,0,0,0,0,0,1,0,0,0,0,0,0,0,0,0,-100,0,-133,0,"/H",0,1,1,1,0,0,0,0,0,0,0,0,0,1,0,0,0,0,0,0,0,0,0,10000,0,17689,0,0
"Joe Hudson","NH","2020","SEA","Seattle Mariners",29.2,1,1193,690523.420485407,690523.420485407,1,1,"2020","2020",0,0,0,0,60,27,33,0,0,-6,0,0,0,254,1929,435,60,303,0.47,0.259,4.34,-0.2,0.04,9,20,17,0,3,0,0,0,0,0,0,2,5,0,0,1,0,0,0.176,0.263,0.176,0.44,28,0.205,18,3,"/2",0,81,400,289,0,9,0,0,0,0,0,0,4,25,0,0,1,0,0,0.030976,0.069169,0.030976,0.1936,784,0.042025,324,9,0
"Joe Hudson","NH","2024","NYM","New York Mets",33.2,2,1194,761001.808873827,761001.808873827,1,1,"2024","2024",0,0,0,0,162,89,73,0,1,16,0,0,0,768,5510,1357,207,697,0.483,0.25,3.8,0,0,1,0,0,0,0,0,0,0,0,0,0,0,0,0,0,0,0,0,0,0,0,0,0,0,0,0,"/2",0,1,0,0,0,0,0,0,0,0,0,0,0,0,0,0,0,0,0,0,0,0,0,0,0,0,0,0
"Joe Kelly","NH","2019","LAD","Los Angeles Dodgers",31.2,0,1195,25000000,8333333.33333333,1,3,"2019","2021",0,0,0,0,162,106,56,1,1,50,0,0,0,886,5493,1414,279,613,0.528,0.262,3.53,0,0,52,3,2,0,0,0,0,0,0,0,0,0,2,0,0,1,0,0,0,0,0,0,-100,0,-258,0,"1",0,2704,9,4,0,0,0,0,0,0,0,0,0,4,0,0,1,0,0,0,0,0,0,10000,0,66564,0,0
"Joe Kelly","NH","2021","LAD","Los Angeles Dodgers",33.2,2,1195,25000000,8333333.33333333,1,3,"2019","2021",0,0,0,0,162,106,56,0,1,50,0,0,0,830,5445,1330,237,561,0.529,0.261,3.53,0,0,46,3,3,0,0,0,0,0,0,0,0,0,0,0,0,0,0,0,0,0,0,0,-100,0,-137,0,"1",0,2116,9,9,0,0,0,0,0,0,0,0,0,0,0,0,0,0,0,0,0,0,0,10000,0,18769,0,0
"Joe Mantiply","NH","2021","ARI","Arizona Diamondbacks",29,0,1199,674990.669239509,674990.669239509,1,1,"2021","2021",0,0,0,0,162,52,110,0,0,-58,0,0,0,679,5489,1297,144,893,0.486,0.256,4.26,0,0,53,0,0,0,0,0,0,0,0,0,0,0,0,0,0,0,0,0,0,0,0,0,0,0,0,0,"1",0,2809,0,0,0,0,0,0,0,0,0,0,0,0,0,0,0,0,0,0,0,0,0,0,0,0,0,0
"Joe Mantiply","NH","2022","ARI","Arizona Diamondbacks",30,1,1200,799171.654089097,799171.654089097,0,1,"2022","2022",1,0,0,0,162,74,88,0,0,-14,0,0,0,702,5351,1232,173,740,0.485,0.255,4.26,0,0,1,0,0,0,0,0,0,0,0,0,0,0,0,0,0,0,0,0,0,0,0,0,0,0,0,0,"1",0,1,0,0,0,0,0,0,0,0,0,0,0,0,0,0,0,0,0,0,0,0,0,0,0,0,0,0
"Joe Mantiply","NH","2024","ARI","Arizona Diamondbacks",32,3,1202,951252.261092284,951252.261092284,0,1,"2024","2024",0,0,0,0,162,89,73,0,0,16,0,0,0,886,5522,1452,211,788,0.489,0.255,4.28,0,0,1,0,0,0,0,0,0,0,0,0,0,0,0,0,0,0,0,0,0,0,0,0,0,0,0,0,"1",0,1,0,0,0,0,0,0,0,0,0,0,0,0,0,0,0,0,0,0,0,0,0,0,0,0,0,0
"Joe Nathan","NH","2012","TEX","Texas Rangers",37.7,0,1203,14000000,7000000,1,2,"2012","2013",1,0,0,0,162,93,69,0,1,24,0,0,0,808,5590,1526,200,707,0.476,0.26,4.26,0,0,5,0,0,0,0,0,0,0,0,0,0,0,0,0,0,0,0,0,0,0,0,0,0,0,0,0,"1",0,25,0,0,0,0,0,0,0,0,0,0,0,0,0,0,0,0,0,0,0,0,0,0,0,0,0,0
"Joe Nathan","NH","2013","TEX","Texas Rangers",38.7,1,1203,14000000,7000000,1,2,"2012","2013",1,0,0,0,163,91,72,0,0,19,0,0,0,730,5585,1465,176,636,0.477,0.26,4.24,0,0,5,0,0,0,0,0,0,0,0,0,0,0,0,0,0,0,0,0,0,0,0,0,0,0,0,0,"1",0,25,0,0,0,0,0,0,0,0,0,0,0,0,0,0,0,0,0,0,0,0,0,0,0,0,0,0
"Joe Nathan","NH","2014","DET","Detroit Tigers",39.7,2,1204,20000000,10000000,1,2,"2014","2015",0,0,0,0,162,90,72,1,1,18,0,0,0,757,5630,1557,155,705,0.508,0.266,3.95,0,0,3,0,0,0,0,0,0,0,0,0,0,0,0,0,0,0,0,0,0,0,0,0,0,0,0,0,"1",0,9,0,0,0,0,0,0,0,0,0,0,0,0,0,0,0,0,0,0,0,0,0,0,0,0,0,0
"Joe Nathan","NH","2016","SF","San Francisco Giants",41.7,5,1205,27082770.8908676,13541385.4454338,0,2,"2015","2016",0,0,0,0,162,87,75,0,1,12,0,0,0,715,5565,1437,130,631,0.538,0.264,3.56,0,0,9,0,0,0,0,0,0,0,0,0,0,0,0,0,0,0,0,0,0,0,0,0,0,0,0,0,"1",0,81,0,0,0,0,0,0,0,0,0,0,0,0,0,0,0,0,0,0,0,0,0,0,0,0,0,0
"Joe Nathan","NH","2016","SF","San Francisco Giants",41.7,6,1206,507500,507500,1,1,"2016","2016",0,0,0,0,162,87,75,0,1,12,0,0,0,715,5565,1437,130,631,0.538,0.264,3.56,0,0,9,0,0,0,0,0,0,0,0,0,0,0,0,0,0,0,0,0,0,0,0,0,0,0,0,0,"1",0,81,0,0,0,0,0,0,0,0,0,0,0,0,0,0,0,0,0,0,0,0,0,0,0,0,0,0
"Joe Panik","NH","2019","SF","San Francisco Giants",28.8,4.1,1207,691688.341292727,691688.341292727,1,1,"2019","2019",0,0,0,0,162,77,85,0,0,-8,0,0,0,678,5579,1332,167,773,0.535,0.264,3.57,-0.7,0.49,142,491,438,50,107,21,2,5,39,4,2,43,47,6,4,2,4,2,0.244,0.315,0.336,0.651,75,0.292,75,147,"4H",0,20164,241081,191844,2500,11449,441,4,25,1521,16,4,1849,2209,36,16,4,16,4,0.059536,0.099225,0.112896,0.423801,5625,0.085264,5625,21609,0
"Joe Panik","NH","2020","TOR","Toronto Blue Jays",29.8,5.1,1208,2850000,2850000,1,1,"2020","2020",0,0,0,0,60,32,28,0,1,4,0,0,0,302,2023,516,88,312,0.495,0.26,4.24,-0.3,0.09,41,141,120,18,27,6,0,1,7,0,0,20,27,4,1,0,0,0,0.225,0.34,0.3,0.64,79,0.297,81,36,"465/HD",0,1681,19881,14400,324,729,36,0,1,49,0,0,400,729,16,1,0,0,0,0.050625,0.1156,0.09,0.4096,6241,0.088209,6561,1296,0
"Joe Panik","NH","2021","MIA","Miami Marlins",30.8,6.1,1209,1850000,1850000,0,1,"2021","2021",0,0,0,0,162,67,95,0,0,-28,0,0,0,623,5348,1244,158,701,0.461,0.256,4.3,-1.6,2.56,95,257,236,17,49,9,0,3,18,2,0,17,34,9,2,1,1,1,0.208,0.266,0.284,0.55,50,0.256,48,67,"5H4/3D",0,9025,66049,55696,289,2401,81,0,9,324,4,0,289,1156,81,4,1,1,1,0.043264,0.070756,0.080656,0.3025,2500,0.065536,2304,4489,0
"Joe Saunders","NH","2013","SEA","Seattle Mariners",32.1,0,1212,6500000,6500000,1,1,"2013","2013",0,0,0,0,162,71,91,0,0,-20,0,0,0,624,5558,1318,188,754,0.466,0.261,4.37,-0.1,0.01,3,6,5,0,0,0,0,0,0,0,0,0,2,0,0,1,0,0,0,0,0,0,-100,0,-176,0,"1/H",0,9,36,25,0,0,0,0,0,0,0,0,0,4,0,0,1,0,0,0,0,0,0,10000,0,30976,0,0
"Joe Smith","NH","2014","LAA","Los Angeles Angels",30.4,0,1214,15750000,5250000,1,3,"2014","2016",0,0,0,0,162,98,64,1,1,34,0,0,0,773,5652,1464,155,630,0.501,0.258,3.94,0,0,6,0,0,0,0,0,0,0,0,0,0,0,0,0,0,0,0,0,0,0,0,0,0,0,0,0,"1",0,36,0,0,0,0,0,0,0,0,0,0,0,0,0,0,0,0,0,0,0,0,0,0,0,0,0,0
"Joe Smith","NH","2015","LAA","Los Angeles Angels",31.4,1,1214,15750000,5250000,1,3,"2014","2016",0,0,0,0,162,85,77,0,0,8,0,0,0,661,5417,1331,176,675,0.501,0.258,3.94,0,0,4,0,0,0,0,0,0,0,0,0,0,0,0,0,0,0,0,0,0,0,0,0,0,0,0,0,"1",0,16,0,0,0,0,0,0,0,0,0,0,0,0,0,0,0,0,0,0,0,0,0,0,0,0,0,0
"Joe Smith","NH","2016","CHC","Chicago Cubs",32.4,2,1214,15750000,5250000,1,3,"2014","2016",0,0,0,0,162,103,58,1,1,45,1,1,0,808,5503,1409,199,556,0.513,0.263,3.68,0,0,17,0,0,0,0,0,0,0,0,0,0,0,0,0,0,0,0,0,0,0,0,0,0,0,0,0,"1",0,289,0,0,0,0,0,0,0,0,0,0,0,0,0,0,0,0,0,0,0,0,0,0,0,0,0,0
"Joe Smith","NH","2017","TOR","Toronto Blue Jays",33.4,3,1215,3000000,3000000,1,1,"2017","2017",0,0,0,0,162,76,86,0,0,-10,0,0,1,693,5499,1320,222,784,0.498,0.261,4.21,0,0,4,0,0,0,0,0,0,0,0,0,0,0,0,0,0,0,0,0,0,0,0,0,0,0,0,0,"1",0,16,0,0,0,0,0,0,0,0,0,0,0,0,0,0,0,0,0,0,0,0,0,0,0,0,0,0
"Joe Smith","NH","2018","HOU","Houston Astros",34.4,4,1216,15000000,7500000,1,2,"2018","2019",0,0,0,0,162,103,59,1,1,44,0,0,0,797,5453,1390,205,534,0.494,0.254,3.81,0,0,6,0,0,0,0,0,0,0,0,0,0,0,0,0,0,0,0,0,0,0,0,0,0,0,0,0,"1",0,36,0,0,0,0,0,0,0,0,0,0,0,0,0,0,0,0,0,0,0,0,0,0,0,0,0,0
"Joe Smith","NH","2019","HOU","Houston Astros",35.4,5,1216,15000000,7500000,1,2,"2018","2019",0,0,0,0,162,107,55,1,1,52,1,0,0,920,5613,1538,288,640,0.496,0.255,3.81,0,0,1,0,0,0,0,0,0,0,0,0,0,0,0,0,0,0,0,0,0,0,0,0,0,0,0,0,"1",0,1,0,0,0,0,0,0,0,0,0,0,0,0,0,0,0,0,0,0,0,0,0,0,0,0,0,0
"Joe Smith","NH","2019","HOU","Houston Astros",35.4,6,1217,18694279.494398,9347139.74719901,0,2,"2019","2020",0,0,0,0,162,107,55,1,1,52,1,0,0,920,5613,1538,288,640,0.496,0.255,3.81,0,0,1,0,0,0,0,0,0,0,0,0,0,0,0,0,0,0,0,0,0,0,0,0,0,0,0,0,"1",0,1,0,0,0,0,0,0,0,0,0,0,0,0,0,0,0,0,0,0,0,0,0,0,0,0,0,0
"Joe Smith","NH","2021","HOU","Houston Astros",37.4,9,1218,8000000,4000000,0,2,"2020","2021",0,0,0,0,162,95,67,1,1,28,1,0,0,863,5593,1496,221,658,0.498,0.255,3.81,0,0,1,0,0,0,0,0,0,0,0,0,0,0,0,0,0,0,0,0,0,0,0,0,0,0,0,0,"1",0,1,0,0,0,0,0,0,0,0,0,0,0,0,0,0,0,0,0,0,0,0,0,0,0,0,0,0
"Joe Smith","NH","2021","HOU","Houston Astros",37.4,10,1219,9465250.40125516,4732625.20062758,1,2,"2021","2022",0,0,0,0,162,95,67,1,1,28,1,0,0,863,5593,1496,221,658,0.498,0.255,3.81,0,0,1,0,0,0,0,0,0,0,0,0,0,0,0,0,0,0,0,0,0,0,0,0,0,0,0,0,"1",0,1,0,0,0,0,0,0,0,0,0,0,0,0,0,0,0,0,0,0,0,0,0,0,0,0,0,0
"Joe Thatcher",NA,"2015","HOU","Houston Astros",33.8,0,1221,1000000,1000000,1,1,"2015","2015",0,0,0,0,162,86,76,0,1,10,0,0,2,729,5459,1363,230,618,0.488,0.254,3.82,0,0,3,0,0,0,0,0,0,0,0,0,0,0,0,0,0,0,0,0,0,0,0,0,0,0,0,0,"1",0,9,0,0,0,0,0,0,0,0,0,0,0,0,0,0,0,0,0,0,0,0,0,0,0,0,0,0
"Joel Peralta","NH","2013","TB","Tampa Bay Rays",37.4,0,1223,6000000,3000000,0,2,"2013","2014",0,0,0,0,163,92,71,0,1,21,0,0,0,700,5538,1421,165,646,0.461,0.258,4.53,0,0,7,0,0,0,0,0,0,0,0,0,0,0,0,0,0,0,0,0,0,0,0,0,0,0,0,0,"1",0,49,0,0,0,0,0,0,0,0,0,0,0,0,0,0,0,0,0,0,0,0,0,0,0,0,0,0
"Joel Peralta","NH","2014","TB","Tampa Bay Rays",38.4,1,1223,6000000,3000000,0,2,"2013","2014",0,0,0,0,162,77,85,0,0,-8,0,0,0,612,5516,1361,117,625,0.462,0.258,4.47,0,0,4,0,0,0,0,0,0,0,0,0,0,0,0,0,0,0,0,0,0,0,0,0,0,0,0,0,"1",0,16,0,0,0,0,0,0,0,0,0,0,0,0,0,0,0,0,0,0,0,0,0,0,0,0,0,0
"Joel Peralta","NH","2016","CHC","Chicago Cubs",40.4,2,1224,1250000,1250000,1,1,"2016","2016",0,0,0,0,162,103,58,1,1,45,1,1,0,808,5503,1409,199,556,0.513,0.263,3.68,0,0,8,2,2,0,0,0,0,0,0,0,0,0,1,0,0,0,0,0,0,0,0,0,-100,0,-139,0,"1",0,64,4,4,0,0,0,0,0,0,0,0,0,1,0,0,0,0,0,0,0,0,0,10000,0,19321,0,0
"Joely Rodriguez","NH","2022","NYM","New York Mets",30.8,0,1225,2500000,2500000,0,1,"2022","2022",0,0,0,0,162,101,61,0,1,40,0,0,1,772,5489,1422,171,606,0.483,0.25,3.79,0,0,2,0,0,0,0,0,0,0,0,0,0,0,0,0,0,0,0,0,0,0,0,0,0,0,0,0,"1",0,4,0,0,0,0,0,0,0,0,0,0,0,0,0,0,0,0,0,0,0,0,0,0,0,0,0,0
"Joey Gallo","NH","2023","MIN","Minnesota Twins",29.8,0,1228,11000000,11000000,1,1,"2023","2023",0,0,0,0,162,87,75,1,1,12,0,0,0,778,5489,1336,233,659,0.482,0.262,3.99,0.5,0.25,111,332,282,39,50,9,1,21,40,1,1,48,142,3,2,0,0,1,0.177,0.301,0.44,0.741,100,0.32,99,124,"37H89/D",0,12321,110224,79524,1521,2500,81,1,441,1600,1,1,2304,20164,9,4,0,0,1,0.031329,0.090601,0.1936,0.549081,10000,0.1024,9801,15376,0
"Joey Gallo","NH","2024","WSH","Washington Nationals",30.8,1,1229,5000000,5000000,1,1,"2024","2024",0,0,0,0,162,71,91,0,0,-20,0,0,0,660,5374,1306,135,764,0.483,0.254,3.9,0.2,0.04,76,260,223,24,36,9,0,10,27,3,1,32,102,1,4,0,1,0,0.161,0.277,0.336,0.613,73,0.282,77,75,"3/9HD7",0,5776,67600,49729,576,1296,81,0,100,729,9,1,1024,10404,1,16,0,1,0,0.025921,0.076729,0.112896,0.375769,5329,0.079524,5929,5625,0
"John Axford","NH","2015","COL","Colorado Rockies",32.3,4.17,1232,2600000,2600000,1,1,"2015","2015",0,0,0,0,162,68,94,0,0,-26,0,0,0,737,5572,1479,186,844,0.466,0.275,5,0,0,57,0,0,0,0,0,0,0,0,0,0,0,0,0,0,0,0,0,0,0,0,0,0,0,0,0,"1",0,3249,0,0,0,0,0,0,0,0,0,0,0,0,0,0,0,0,0,0,0,0,0,0,0,0,0,0
"John Axford","NH","2016","OAK","Oakland Athletics",33.3,5.17,1233,10000000,5000000,1,2,"2016","2017",0,0,0,0,162,69,93,0,0,-24,0,0,1,653,5500,1352,169,761,0.487,0.259,3.97,0,0,6,0,0,0,0,0,0,0,0,0,0,0,0,0,0,0,0,0,0,0,0,0,0,0,0,0,"1",0,36,0,0,0,0,0,0,0,0,0,0,0,0,0,0,0,0,0,0,0,0,0,0,0,0,0,0
"John Axford","NH","2017","OAK","Oakland Athletics",34.3,6.17,1233,10000000,5000000,1,2,"2016","2017",0,0,0,0,162,75,87,0,0,-12,0,0,1,739,5464,1344,234,826,0.487,0.259,3.98,0,0,3,0,0,0,0,0,0,0,0,0,0,0,0,0,0,0,0,0,0,0,0,0,0,0,0,0,"1",0,9,0,0,0,0,0,0,0,0,0,0,0,0,0,0,0,0,0,0,0,0,0,0,0,0,0,0
"John Axford","NH","2018","LAD","Los Angeles Dodgers",35.3,7.118,1234,1500000,1500000,1,1,"2018","2018",0,0,0,0,163,92,71,1,1,21,1,0,1,804,5572,1394,235,610,0.527,0.262,3.53,0,0,6,0,0,0,0,0,0,0,0,0,0,0,0,0,0,0,0,0,0,0,0,0,0,0,0,0,"1",0,36,0,0,0,0,0,0,0,0,0,0,0,0,0,0,0,0,0,0,0,0,0,0,0,0,0,0
"John Axford","NH","2021","MIL","Milwaukee Brewers",38.3,8.118,1236,1183156.3001569,1183156.3001569,0,1,"2021","2021",0,0,0,0,162,95,67,1,1,28,0,0,0,738,5362,1251,194,623,0.483,0.257,4.17,0,0,1,0,0,0,0,0,0,0,0,0,0,0,0,0,0,0,0,0,0,0,0,0,0,0,0,0,"/1",0,1,0,0,0,0,0,0,0,0,0,0,0,0,0,0,0,0,0,0,0,0,0,0,0,0,0,0
"John Brebbia","NH","2021","SF","San Francisco Giants",31.2,0,1237,800000,800000,1,1,"2021","2021",0,0,0,0,162,107,55,1,1,52,0,0,0,804,5462,1360,241,594,0.536,0.264,3.57,0,0,17,1,1,0,0,0,0,0,0,0,0,0,1,0,0,0,0,0,0,0,0,0,-100,0,-125,0,"1",0,289,1,1,0,0,0,0,0,0,0,0,0,1,0,0,0,0,0,0,0,0,0,10000,0,15625,0,0
"John Brebbia","NH","2024","CHW","Chicago White Sox",34.2,2,1239,5500000,5500000,1,1,"2024","2024",0,0,0,0,162,41,121,0,0,-80,0,0,0,507,5383,1187,133,813,0.5,0.26,3.8,0,0,1,0,0,0,0,0,0,0,0,0,0,0,0,0,0,0,0,0,0,0,0,0,0,0,0,0,"1",0,1,0,0,0,0,0,0,0,0,0,0,0,0,0,0,0,0,0,0,0,0,0,0,0,0,0,0
"John Brebbia","NH","2025","DET","Detroit Tigers",35.2,3,1240,2250000,2250000,1,1,"2025","2025",0,0,0,0,162,87,75,0,1,12,0,0,0,758,5456,1346,198,691,0.503,0.264,4,0,0,1,0,0,0,0,0,0,0,0,0,0,0,0,0,0,0,0,0,0,0,0,0,0,0,0,0,"1",0,1,0,0,0,0,0,0,0,0,0,0,0,0,0,0,0,0,0,0,0,0,0,0,0,0,0,0
"John Lannan",NA,"2013","PHI","Philadelphia Phillies",28.8,0,1243,2500000,2500000,1,1,"2013","2013",0,0,0,0,162,73,89,0,0,-16,0,0,0,613,5457,1354,140,758,0.473,0.262,3.96,0.1,0.01,14,25,21,2,4,1,0,0,1,0,0,2,11,0,0,2,0,0,0.19,0.261,0.238,0.499,40,0.234,25,5,"1",0,196,625,441,4,16,1,0,0,1,0,0,4,121,0,0,4,0,0,0.0361,0.068121,0.056644,0.249001,1600,0.054756,625,25,0
"John Lannan",NA,"2014","NYM","New York Mets",29.8,1,1244,1500000,1500000,1,1,"2014","2014",0,0,0,0,162,79,83,0,0,-4,0,0,2,629,5472,1306,125,618,0.478,0.25,3.76,0,0,4,0,0,0,0,0,0,0,0,0,0,0,0,0,0,0,0,0,0,0,0,0,0,0,0,0,"/1",0,16,0,0,0,0,0,0,0,0,0,0,0,0,0,0,0,0,0,0,0,0,0,0,0,0,0,0
"Johnny Cueto","NH","2016","SF","San Francisco Giants",30.5,0,1245,130000000,21666666.6666667,1,6,"2016","2021",3,1,1,0,162,87,75,0,1,12,0,0,0,715,5565,1437,130,631,0.538,0.264,3.56,-0.2,0.04,31,84,70,1,8,0,0,0,5,0,0,2,24,2,0,11,1,0,0.114,0.137,0.114,0.251,-30,0.127,-67,8,"1",0,961,7056,4900,1,64,0,0,0,25,0,0,4,576,4,0,121,1,0,0.012996,0.018769,0.012996,0.063001,900,0.016129,4489,64,0
"Johnny Cueto","NH","2017","SF","San Francisco Giants",31.5,1,1245,130000000,21666666.6666667,1,6,"2016","2021",0,0,0,0,168,64,98,0,0,-34,0,0,0,639,5551,1382,128,776,0.537,0.264,3.56,-0.1,0.01,25,52,46,3,4,0,0,0,3,0,0,1,15,0,0,4,1,0,0.087,0.104,0.087,0.191,-48,0.108,-76,4,"1",0,625,2704,2116,9,16,0,0,0,9,0,0,1,225,0,0,16,1,0,0.007569,0.010816,0.007569,0.036481,2304,0.011664,5776,16,0
"Johnny Cueto","NH","2018","SF","San Francisco Giants",32.5,2,1245,130000000,21666666.6666667,1,6,"2016","2021",0,0,0,0,162,73,89,0,0,-16,0,0,0,603,5541,1324,133,699,0.536,0.264,3.57,-0.2,0.04,7,13,12,0,0,0,0,0,0,0,0,0,3,0,0,1,0,0,0,0,0,0,-100,0,-153,0,"/1",0,49,169,144,0,0,0,0,0,0,0,0,0,9,0,0,1,0,0,0,0,0,0,10000,0,23409,0,0
"Johnny Cueto","NH","2019","SF","San Francisco Giants",33.5,3,1245,130000000,21666666.6666667,1,6,"2016","2021",0,0,0,0,162,77,85,0,0,-8,0,0,0,678,5579,1332,167,773,0.535,0.264,3.57,-0.1,0.01,4,4,4,0,0,0,0,0,0,0,0,0,3,0,0,0,0,0,0,0,0,0,-100,0,-135,0,"/1",0,16,16,16,0,0,0,0,0,0,0,0,0,9,0,0,0,0,0,0,0,0,0,10000,0,18225,0,0
"Johnny Cueto","NH","2021","SF","San Francisco Giants",35.5,5,1245,130000000,21666666.6666667,1,6,"2016","2021",0,0,0,0,162,107,55,1,1,52,0,0,0,804,5462,1360,241,594,0.536,0.264,3.57,0,0,21,37,29,1,2,0,0,0,0,1,0,3,9,0,0,5,0,0,0.069,0.156,0.069,0.225,-35,0.123,-73,2,"1",0,441,1369,841,1,4,0,0,0,0,1,0,9,81,0,0,25,0,0,0.004761,0.024336,0.004761,0.050625,1225,0.015129,5329,4,0
"Jon Jay","NH","2017","CHC","Chicago Cubs",32.4,6.134,1249,8000000,8000000,1,1,"2017","2017",0,0,0,0,166,92,70,1,1,22,0,0,0,822,5496,1402,223,695,0.513,0.263,3.68,1.1,1.21,141,433,379,65,112,18,3,2,34,6,2,37,80,11,12,3,2,3,0.296,0.374,0.375,0.749,96,0.343,101,142,"78H9/D1",0,19881,187489,143641,4225,12544,324,9,4,1156,36,4,1369,6400,121,144,9,4,9,0.087616,0.139876,0.140625,0.561001,9216,0.117649,10201,20164,0
"Jon Jay","NH","2019","CHW","Chicago White Sox",34.4,8.134,1250,4000000,4000000,1,1,"2019","2019",0,0,0,0,161,72,89,0,0,-17,0,0,1,708,5529,1443,182,832,0.502,0.26,3.78,-0.7,0.49,47,182,165,12,44,8,0,0,9,0,0,8,30,1,3,5,1,0,0.267,0.311,0.315,0.626,69,0.295,77,52,"97/DH",0,2209,33124,27225,144,1936,64,0,0,81,0,0,64,900,1,9,25,1,0,0.071289,0.096721,0.099225,0.391876,4761,0.087025,5929,2704,0
"Jon Jay","NH","2020","ARI","Arizona Diamondbacks",35.4,9.134,1251,1500000,1500000,1,1,"2020","2020",0,0,0,0,60,25,35,0,0,-10,0,0,0,269,1997,482,58,295,0.493,0.257,4.22,-0.5,0.25,18,57,50,5,8,1,0,1,4,0,0,3,12,0,1,0,3,0,0.16,0.211,0.24,0.451,22,0.201,12,12,"/987DH",0,324,3249,2500,25,64,1,0,1,16,0,0,9,144,0,1,0,9,0,0.0256,0.044521,0.0576,0.203401,484,0.040401,144,144,0
"Jon Jay","NH","2021","LAA","Los Angeles Angels",36.4,10.134,1252,1100000,1100000,1,1,"2021","2021",0,0,0,0,162,77,85,0,0,-8,0,0,0,723,5437,1331,190,804,0.499,0.257,3.99,0.1,0.01,5,14,14,2,5,0,0,0,1,0,0,0,2,0,0,0,0,0,0.357,0.357,0.357,0.714,96,0.298,82,5,"/7",0,25,196,196,4,25,0,0,0,1,0,0,0,4,0,0,0,0,0,0.127449,0.127449,0.127449,0.509796,9216,0.088804,6724,25,0
"Jon Lester","NH","2015","CHC","Chicago Cubs",31.6,8.075,1253,155000000,25833333.3333333,1,6,"2015","2020",0,0,0,0,162,97,65,0,1,32,0,0,0,689,5491,1341,171,608,0.512,0.263,3.68,-0.3,0.09,30,71,62,6,4,0,0,0,0,0,0,3,30,1,0,6,0,0,0.065,0.108,0.065,0.172,-51,0.1,-81,4,"1",0,900,5041,3844,36,16,0,0,0,0,0,0,9,900,1,0,36,0,0,0.004225,0.011664,0.004225,0.029584,2601,0.01,6561,16,0
"Jon Lester","NH","2016","CHC","Chicago Cubs",32.6,9.075,1253,155000000,25833333.3333333,1,6,"2015","2020",2,0,1,0,162,103,58,1,1,45,1,1,0,808,5503,1409,199,556,0.513,0.263,3.68,-0.1,0.01,30,75,59,3,6,3,0,0,6,0,0,6,18,2,0,10,0,0,0.102,0.185,0.153,0.337,-9,0.163,-43,9,"1/H",0,900,5625,3481,9,36,9,0,0,36,0,0,36,324,4,0,100,0,0,0.010404,0.034225,0.023409,0.113569,81,0.026569,1849,81,0
"Jon Lester","NH","2017","CHC","Chicago Cubs",33.6,10.075,1253,155000000,25833333.3333333,1,6,"2015","2020",0,0,0,0,166,92,70,1,1,22,0,0,0,822,5496,1402,223,695,0.513,0.263,3.68,0.2,0.04,30,65,54,5,8,3,0,1,6,1,0,4,26,0,0,6,1,0,0.148,0.203,0.259,0.463,19,0.208,-8,14,"1",0,900,4225,2916,25,64,9,0,1,36,1,0,16,676,0,0,36,1,0,0.021904,0.041209,0.067081,0.214369,361,0.043264,64,196,0
"Jon Lester","NH","2018","CHC","Chicago Cubs",34.6,11.075,1253,155000000,25833333.3333333,1,6,"2015","2020",2,0,1,0,163,95,68,0,1,27,0,0,0,761,5624,1453,167,645,0.513,0.263,3.68,0,0,31,65,59,4,7,0,0,1,9,0,0,0,22,1,0,6,0,0,0.119,0.119,0.169,0.288,-24,0.157,-44,10,"1/H",0,961,4225,3481,16,49,0,0,1,81,0,0,0,484,1,0,36,0,0,0.014161,0.014161,0.028561,0.082944,576,0.024649,1936,100,0
"Jon Lester","NH","2019","CHC","Chicago Cubs",35.6,12.075,1253,155000000,25833333.3333333,1,6,"2015","2020",0,0,0,0,162,84,78,0,0,6,0,0,1,814,5461,1378,256,717,0.514,0.263,3.68,0.4,0.16,28,53,48,6,9,2,0,1,6,0,0,5,20,1,0,0,0,0,0.188,0.264,0.292,0.556,45,0.265,50,14,"1/H",0,784,2809,2304,36,81,4,0,1,36,0,0,25,400,1,0,0,0,0,0.035344,0.069696,0.085264,0.309136,2025,0.070225,2500,196,0
"Jon Lester","NH","2021","WSH","Washington Nationals",37.6,14.075,1254,5000000,5000000,1,1,"2021","2021",0,0,0,0,162,65,97,0,0,-32,0,0,0,724,5385,1388,182,820,0.487,0.254,3.9,0.3,0.09,27,51,48,3,8,2,0,1,3,0,0,2,24,0,0,1,0,0,0.167,0.2,0.271,0.471,29,0.208,18,13,"1/H",0,729,2601,2304,9,64,4,0,1,9,0,0,4,576,0,0,1,0,0,0.027889,0.04,0.073441,0.221841,841,0.043264,324,169,0
"Jon Rauch","NH","2012","NYM","New York Mets",34,0,1255,3500000,3500000,1,1,"2012","2012",0,0,0,0,162,74,88,0,0,-14,0,0,0,650,5450,1357,139,709,0.478,0.251,3.77,0,0,68,0,0,0,0,0,0,0,0,0,0,0,0,0,0,0,0,0,0,0,0,0,0,0,0,0,"1",0,4624,0,0,0,0,0,0,0,0,0,0,0,0,0,0,0,0,0,0,0,0,0,0,0,0,0,0
"Jon Rauch","NH","2013","MIA","Miami Marlins",35,1,1256,1000000,1000000,1,1,"2013","2013",0,0,0,0,162,62,100,0,0,-38,0,0,0,513,5449,1257,95,646,0.47,0.258,4.29,0,0,15,1,0,0,0,0,0,0,0,0,0,0,0,0,0,1,0,0,0,0,0,0,0,0,0,0,"1",0,225,1,0,0,0,0,0,0,0,0,0,0,0,0,0,1,0,0,0,0,0,0,0,0,0,0,0
"Jon Singleton","NH","2023","HOU","Houston Astros",31.9,0,1257,765889.986737186,765889.986737186,0,1,"2023","2023",0,0,0,0,162,90,72,1,1,18,0,0,0,827,5567,1441,222,698,0.501,0.255,3.8,-0.5,0.25,36,105,91,11,15,3,0,2,12,0,0,13,23,2,0,0,1,0,0.165,0.267,0.264,0.53,48,0.252,51,24,"3H/D",0,1296,11025,8281,121,225,9,0,4,144,0,0,169,529,4,0,0,1,0,0.027225,0.071289,0.069696,0.2809,2304,0.063504,2601,576,0
"Jon Singleton","NH","2024","HOU","Houston Astros",32.9,1,1258,874123.699382099,874123.699382099,0,1,"2024","2024",0,0,0,0,161,88,73,1,1,15,0,0,0,740,5530,1448,190,649,0.502,0.255,3.8,0.2,0.04,119,405,355,46,83,13,1,13,42,0,0,47,111,2,0,0,3,0,0.234,0.321,0.386,0.707,101,0.317,103,137,"3HD",0,14161,164025,126025,2116,6889,169,1,169,1764,0,0,2209,12321,4,0,0,9,0,0.054756,0.103041,0.148996,0.499849,10201,0.100489,10609,18769,0
"Jon Singleton","NH","2025","HOU","Houston Astros",33.9,2,1259,1000000,1000000,0,1,"2025","2025",0,0,0,0,162,87,75,0,0,12,0,0,1,686,5490,1372,182,665,0.503,0.255,3.8,-0.1,0.01,3,9,9,0,1,0,0,0,0,0,0,0,1,0,0,0,0,0,0.111,0.111,0.111,0.222,-37,0.099,-59,1,"/D3H",0,9,81,81,0,1,0,0,0,0,0,0,0,1,0,0,0,0,0,0.012321,0.012321,0.012321,0.049284,1369,0.009801,3481,1,0
"Jonathan Broxton","NH","2012","CIN","Cincinnati Reds",28.1,0,1260,4000000,4000000,1,1,"2012","2012",0,0,0,0,162,97,65,1,1,32,0,0,1,669,5477,1377,172,588,0.508,0.262,3.72,0,0,29,0,0,0,0,0,0,0,0,0,0,0,0,0,0,0,0,0,0,0,0,0,0,0,0,0,"1",0,841,0,0,0,0,0,0,0,0,0,0,0,0,0,0,0,0,0,0,0,0,0,0,0,0,0,0
"Jonathan Broxton","NH","2013","CIN","Cincinnati Reds",29.1,1,1261,21000000,7000000,0,3,"2013","2015",0,0,0,0,162,90,72,0,1,18,0,0,0,707,5499,1370,155,598,0.509,0.262,3.71,0,0,34,0,0,0,0,0,0,0,0,0,0,0,0,0,0,0,0,0,0,0,0,0,0,0,0,0,"1",0,1156,0,0,0,0,0,0,0,0,0,0,0,0,0,0,0,0,0,0,0,0,0,0,0,0,0,0
"Jonathan Broxton","NH","2014","CIN","Cincinnati Reds",30.1,2,1261,21000000,7000000,0,3,"2013","2015",0,0,0,0,159,76,86,0,0,-10,0,0,0,595,5395,1282,131,612,0.508,0.262,3.71,0,0,61,0,0,0,0,0,0,0,0,0,0,0,0,0,0,0,0,0,0,0,0,0,0,0,0,0,"1",0,3721,0,0,0,0,0,0,0,0,0,0,0,0,0,0,0,0,0,0,0,0,0,0,0,0,0,0
"Jonathan Broxton","NH","2015","MIL","Milwaukee Brewers",31.1,3,1261,21000000,7000000,0,3,"2013","2015",0,0,0,0,162,68,94,0,0,-26,0,0,0,655,5480,1378,145,737,0.477,0.259,4.19,0,0,62,0,0,0,0,0,0,0,0,0,0,0,0,0,0,0,0,0,0,0,0,0,0,0,0,0,"1",0,3844,0,0,0,0,0,0,0,0,0,0,0,0,0,0,0,0,0,0,0,0,0,0,0,0,0,0
"Jonathan Broxton","NH","2016","STL","St Louis Cardinals",32.1,4,1262,7500000,3750000,0,2,"2016","2017",0,0,0,0,162,86,76,0,0,10,0,0,0,779,5548,1415,225,712,0.52,0.267,3.67,0,0,62,0,0,0,0,0,0,0,0,0,0,0,0,0,0,0,0,0,0,0,0,0,0,0,0,0,"1",0,3844,0,0,0,0,0,0,0,0,0,0,0,0,0,0,0,0,0,0,0,0,0,0,0,0,0,0
"Jonathan Broxton","NH","2017","STL","St Louis Cardinals",33.1,5,1262,7500000,3750000,0,2,"2016","2017",0,0,0,0,162,82,79,0,0,3,0,0,0,761,5470,1402,196,705,0.52,0.267,3.67,0,0,19,0,0,0,0,0,0,0,0,0,0,0,0,0,0,0,0,0,0,0,0,0,0,0,0,0,"1",0,361,0,0,0,0,0,0,0,0,0,0,0,0,0,0,0,0,0,0,0,0,0,0,0,0,0,0
"Jonathan Lucroy","NH","2018","OAK","Oakland Athletics",32.2,7.136,1263,6500000,6500000,1,1,"2018","2018",0,0,0,0,162,97,65,0,1,32,0,0,0,813,5579,1407,227,674,0.488,0.259,3.98,-0.7,0.49,126,454,415,41,100,21,1,4,51,0,0,29,65,12,3,1,6,1,0.241,0.291,0.325,0.617,72,0.276,69,135,"2/HD",0,15876,206116,172225,1681,10000,441,1,16,2601,0,0,841,4225,144,9,1,36,1,0.058081,0.084681,0.105625,0.380689,5184,0.076176,4761,18225,0
"Jonathan Lucroy","NH","2019","LAA","Los Angeles Angels",33.2,8.136,1264,3350000,3350000,1,1,"2019","2019",0,0,0,0,162,72,90,0,0,-18,0,0,1,769,5542,1368,220,868,0.499,0.257,3.97,-1.1,1.21,101,328,293,30,68,10,1,8,36,0,0,27,51,17,5,0,3,1,0.232,0.305,0.355,0.66,74,0.285,68,104,"2/3HD",0,10201,107584,85849,900,4624,100,1,64,1296,0,0,729,2601,289,25,0,9,1,0.053824,0.093025,0.126025,0.4356,5476,0.081225,4624,10816,0
"Jonathan Schoop","NH","2019","MIN","Minnesota Twins",27.8,0,1265,7500000,7500000,1,1,"2019","2019",0,0,0,0,162,101,61,1,1,40,0,0,0,939,5732,1547,307,754,0.481,0.263,3.99,1.5,2.25,121,464,433,61,111,23,1,23,59,1,1,20,116,13,10,0,1,1,0.256,0.304,0.473,0.777,102,0.325,98,205,"4/HD",0,14641,215296,187489,3721,12321,529,1,529,3481,1,1,400,13456,169,100,0,1,1,0.065536,0.092416,0.223729,0.603729,10404,0.105625,9604,42025,0
"Jonathan Schoop","NH","2020","DET","Detroit Tigers",28.8,1,1266,6100000,6100000,1,1,"2020","2020",0,0,0,0,58,23,35,0,0,-12,0,0,0,249,1894,463,62,318,0.504,0.265,4,1.3,1.69,44,177,162,26,45,4,2,8,23,0,0,8,39,8,4,0,2,0,0.278,0.324,0.475,0.799,116,0.359,125,77,"4",0,1936,31329,26244,676,2025,16,4,64,529,0,0,64,1521,64,16,0,4,0,0.077284,0.104976,0.225625,0.638401,13456,0.128881,15625,5929,0
"Jonathan Schoop","NH","2021","DET","Detroit Tigers",29.8,2,1267,4500000,4500000,0,1,"2021","2021",0,0,0,0,162,77,85,0,0,-8,0,0,0,697,5376,1299,179,756,0.504,0.265,4,1.9,3.61,156,674,623,85,173,30,1,22,84,2,0,37,133,15,6,0,8,0,0.278,0.32,0.435,0.755,109,0.329,109,271,"34D/5",0,24336,454276,388129,7225,29929,900,1,484,7056,4,0,1369,17689,225,36,0,64,0,0.077284,0.1024,0.189225,0.570025,11881,0.108241,11881,73441,0
"Jonathan Schoop","NH","2022","DET","Detroit Tigers",30.8,3,1268,16719072.2612782,8359536.13063909,0,2,"2022","2023",0,0,0,0,162,66,96,0,0,-30,0,0,0,557,5378,1240,110,713,0.503,0.265,4,0.1,0.01,131,510,481,48,97,23,1,11,38,5,0,19,107,15,6,0,4,1,0.202,0.239,0.322,0.561,60,0.249,53,155,"4/3HD",0,17161,260100,231361,2304,9409,529,1,121,1444,25,0,361,11449,225,36,0,16,1,0.040804,0.057121,0.103684,0.314721,3600,0.062001,2809,24025,0
"Jonathan Schoop","NH","2023","DET","Detroit Tigers",31.8,4,1268,16719072.2612782,8359536.13063909,0,2,"2022","2023",0,0,0,0,162,78,84,0,0,-6,0,0,0,661,5478,1292,165,740,0.503,0.264,4,-0.4,0.16,55,151,136,15,29,8,0,0,7,0,0,13,37,6,0,0,2,0,0.213,0.278,0.272,0.55,54,0.245,47,37,"45H/16D",0,3025,22801,18496,225,841,64,0,0,49,0,0,169,1369,36,0,0,4,0,0.045369,0.077284,0.073984,0.3025,2916,0.060025,2209,1369,0
"Jonathan Villar","NH","2021","NYM","New York Mets",30.2,6.113,1269,3550000,3550000,1,1,"2021","2021",0,0,0,0,162,77,85,0,0,-8,0,0,0,636,5210,1243,176,668,0.48,0.25,3.8,1.8,3.24,142,505,454,63,113,18,2,18,42,14,7,46,132,6,3,2,0,2,0.249,0.322,0.416,0.738,101,0.323,100,189,"56H/4",0,20164,255025,206116,3969,12769,324,4,324,1764,196,49,2116,17424,36,9,4,0,4,0.062001,0.103684,0.173056,0.544644,10201,0.104329,10000,35721,0
"Jonathan Villar","NH","2022","CHC","Chicago Cubs",31.2,7.113,1270,6000000,6000000,1,1,"2022","2022",0,0,0,0,162,74,88,0,0,-14,0,0,1,657,5425,1293,159,731,0.513,0.262,3.69,-1.3,1.69,59,220,202,25,42,6,2,3,18,7,0,15,59,4,0,1,2,0,0.208,0.26,0.302,0.562,57,0.269,58,61,"45/H6D",0,3481,48400,40804,625,1764,36,4,9,324,49,0,225,3481,16,0,1,4,0,0.043264,0.0676,0.091204,0.315844,3249,0.072361,3364,3721,0
"Jonny Gomes","H","2012","OAK","Oakland Athletics",31.7,0,1271,1000000,1000000,1,1,"2012","2012",0,0,0,0,162,94,68,1,1,26,0,0,0,713,5527,1315,195,614,0.486,0.259,3.98,1.8,3.24,99,333,279,46,73,10,0,18,47,3,1,44,104,2,8,1,1,2,0.262,0.377,0.491,0.868,142,0.376,143,137,"D7H/9",0,9801,110889,77841,2116,5329,100,0,324,2209,9,1,1936,10816,4,64,1,1,4,0.068644,0.142129,0.241081,0.753424,20164,0.141376,20449,18769,0
"Jonny Gomes","H","2013","BOS","Boston Red Sox",32.7,1,1272,10000000,5000000,1,2,"2013","2014",0,0,0,0,162,97,65,1,1,32,0,0,0,861,5669,1573,178,657,0.517,0.267,3.9,1.6,2.56,116,366,312,49,77,17,0,13,52,1,0,43,89,6,6,0,5,3,0.247,0.344,0.426,0.771,110,0.339,107,133,"7HD/9",0,13456,133956,97344,2401,5929,289,0,169,2704,1,0,1849,7921,36,36,0,25,9,0.061009,0.118336,0.181476,0.594441,12100,0.114921,11449,17689,0
"Jonny Gomes","H","2014","BOS","Boston Red Sox",33.7,2,1272,10000000,5000000,1,2,"2013","2014",0,0,0,0,162,71,91,0,0,-20,1,1,0,634,5551,1355,123,715,0.517,0.267,3.9,-0.6,0.36,112,321,273,28,64,8,0,6,37,0,0,35,88,6,6,0,7,2,0.234,0.327,0.33,0.657,86,0.303,84,90,"7H9D",0,12544,103041,74529,784,4096,64,0,36,1369,0,0,1225,7744,36,36,0,49,4,0.054756,0.106929,0.1089,0.431649,7396,0.091809,7056,8100,0
"Jonny Gomes","H","2015","ATL","Atlanta Braves",34.7,3,1273,4000000,4000000,1,1,"2015","2015",0,0,0,0,162,67,95,0,0,-28,0,0,1,573,5420,1361,100,760,0.501,0.26,3.64,-0.9,0.81,95,262,225,29,48,9,0,7,26,1,1,31,81,6,3,0,3,1,0.213,0.313,0.347,0.66,83,0.304,85,78,"7H/9D1",0,9025,68644,50625,841,2304,81,0,49,676,1,1,961,6561,36,9,0,9,1,0.045369,0.097969,0.120409,0.4356,6889,0.092416,7225,6084,0
"Jonny Venters","NH","2018","ATL","Atlanta Braves",33.4,0.159,1274,694114.573020403,694114.573020403,1,1,"2018","2018",0,0,0,0,162,90,72,1,1,18,0,0,1,759,5582,1433,175,657,0.5,0.26,3.66,0,0,30,0,0,0,0,0,0,0,0,0,0,0,0,0,0,0,0,0,0,0,0,0,0,0,0,0,"1",0,900,0,0,0,0,0,0,0,0,0,0,0,0,0,0,0,0,0,0,0,0,0,0,0,0,0,0
"Jonny Venters","NH","2019","ATL","Atlanta Braves",34.4,1.159,1275,2804141.9241597,2804141.9241597,1,1,"2019","2019",0,0,0,0,162,97,65,1,1,32,0,0,0,855,5560,1432,249,743,0.501,0.26,3.66,0,0,11,0,0,0,0,0,0,0,0,0,0,0,0,0,0,0,0,0,0,0,0,0,0,0,0,0,"1",0,121,0,0,0,0,0,0,0,0,0,0,0,0,0,0,0,0,0,0,0,0,0,0,0,0,0,0
"Jordan Lyles","NH","2017","COL","Colorado Rockies",26.8,0,1276,695958.90057858,695958.90057858,1,1,"2017","2017",0,0,0,0,162,87,75,0,1,12,0,0,0,824,5534,1510,192,757,0.469,0.275,4.98,0.1,0.01,37,14,13,1,3,0,0,0,3,0,0,1,6,0,0,0,0,0,0.231,0.286,0.231,0.516,37,0.242,30,3,"1",0,1369,196,169,1,9,0,0,0,9,0,0,1,36,0,0,0,0,0,0.053361,0.081796,0.053361,0.266256,1369,0.058564,900,9,0
"Jordan Lyles","NH","2018","SD","San Diego Padres",27.8,1,1277,1000000,1000000,0,1,"2018","2018",0,0,0,0,162,66,96,0,0,-30,0,0,1,617,5486,1289,162,767,0.461,0.25,3.96,-0.1,0.01,36,20,15,3,0,0,0,0,1,0,0,3,8,1,0,2,0,0,0,0.167,0,0.167,-48,0.115,-70,0,"1/H",0,1296,400,225,9,0,0,0,0,1,0,0,9,64,1,0,4,0,0,0,0.027889,0,0.027889,2304,0.013225,4900,0,0
"Jordan Lyles","NH","2019","PIT","Pittsburgh Pirates",28.8,2,1278,2050000,2050000,1,1,"2019","2019",0,0,0,0,162,69,93,0,0,-24,0,0,0,758,5657,1497,163,911,0.503,0.264,3.73,-0.1,0.01,26,48,45,3,4,0,0,0,4,0,0,1,28,1,1,1,0,0,0.089,0.128,0.089,0.217,-41,0.121,-55,4,"1",0,676,2304,2025,9,16,0,0,0,16,0,0,1,784,1,1,1,0,0,0.007921,0.016384,0.007921,0.047089,1681,0.014641,3025,16,0
"Jordan Lyles","NH","2021","TEX","Texas Rangers",30.8,4,1279,16000000,8000000,1,2,"2020","2021",0,0,0,0,162,60,102,0,0,-42,0,0,0,625,5405,1254,167,815,0.476,0.259,4.29,-0.1,0.01,3,6,6,0,0,0,0,0,0,0,0,0,5,0,0,0,0,0,0,0,0,0,-100,0,-125,0,"1",0,9,36,36,0,0,0,0,0,0,0,0,0,25,0,0,0,0,0,0,0,0,0,10000,0,15625,0,0
"Jordan Lyles","NH","2021","TEX","Texas Rangers",30.8,5,1280,18930500.8025103,9465250.40125516,0,2,"2021","2022",0,0,0,0,162,60,102,0,0,-42,0,0,0,625,5405,1254,167,815,0.476,0.259,4.29,-0.1,0.01,3,6,6,0,0,0,0,0,0,0,0,0,5,0,0,0,0,0,0,0,0,0,-100,0,-125,0,"1",0,9,36,36,0,0,0,0,0,0,0,0,0,25,0,0,0,0,0,0,0,0,0,10000,0,15625,0,0
"Jordan Pacheco","NH","2015","ARI","Arizona Diamondbacks",29.5,0,1283,900000,900000,0,1,"2015","2015",0,0,0,0,162,79,83,0,0,-4,0,0,1,720,5649,1494,154,713,0.492,0.258,4.22,-0.3,0.09,29,78,66,8,16,0,0,2,8,1,0,9,14,6,1,0,2,0,0.242,0.333,0.333,0.667,80,0.306,77,22,"2H/35",0,841,6084,4356,64,256,0,0,4,64,1,0,81,196,36,1,0,4,0,0.058564,0.110889,0.110889,0.444889,6400,0.093636,5929,484,0
"Jordan Pacheco","NH","2016","CIN","Cincinnati Reds",30.5,1,1284,800000,800000,1,1,"2016","2016",0,0,0,0,162,68,94,0,0,-26,0,0,1,716,5487,1403,164,854,0.507,0.262,3.72,-0.7,0.49,31,51,51,1,8,4,0,0,0,0,0,0,14,1,0,0,0,0,0.157,0.157,0.235,0.392,2,0.168,-21,12,"H/534D",0,961,2601,2601,1,64,16,0,0,0,0,0,0,196,1,0,0,0,0,0.024649,0.024649,0.055225,0.153664,4,0.028224,441,144,0
"Jordy Mercer","NH","2019","DET","Detroit Tigers",32.9,6.095,1285,5250000,5250000,1,1,"2019","2019",0,0,0,0,161,47,114,0,0,-67,0,0,0,582,5549,1333,149,915,0.504,0.265,3.99,0.4,0.16,74,271,256,24,69,16,0,9,22,0,0,13,57,4,2,0,0,1,0.27,0.31,0.438,0.747,94,0.327,97,112,"6/435DH",0,5476,73441,65536,576,4761,256,0,81,484,0,0,169,3249,16,4,0,0,1,0.0729,0.0961,0.191844,0.558009,8836,0.106929,9409,12544,0
"Jordy Mercer","NH","2021","WSH","Washington Nationals",34.9,7.156,1286,1000000,1000000,1,1,"2021","2021",0,0,0,0,162,65,97,0,0,-32,0,0,0,724,5385,1388,182,820,0.487,0.254,3.9,0.1,0.01,46,127,118,13,30,7,0,2,9,0,0,9,34,1,0,0,0,0,0.254,0.307,0.364,0.671,85,0.303,87,43,"45H/637D",0,2116,16129,13924,169,900,49,0,4,81,0,0,81,1156,1,0,0,0,0,0.064516,0.094249,0.132496,0.450241,7225,0.091809,7569,1849,0
"Jorge De La Rosa","NH","2017","ARI","Arizona Diamondbacks",36.3,6.015,1287,2250000,2250000,1,1,"2017","2017",0,0,0,0,162,93,69,0,1,24,0,0,0,812,5525,1405,220,659,0.493,0.258,4.23,0,0,64,2,0,1,0,0,0,0,0,0,0,0,0,0,0,2,0,0,0,0,0,0,0,0,0,0,"1",0,4096,4,0,1,0,0,0,0,0,0,0,0,0,0,0,4,0,0,0,0,0,0,0,0,0,0,0
"Jorge De La Rosa","NH","2018","ARI","Arizona Diamondbacks",37.3,7.015,1288,694114.573020403,694114.573020403,1,1,"2018","2018",0,0,0,0,162,82,80,0,0,2,0,0,0,693,5460,1283,176,644,0.493,0.257,4.21,0,0,57,2,1,1,0,0,0,0,0,0,0,1,0,0,0,0,0,0,0,0.5,0,0.5,50,0.346,109,0,"1/H",0,3249,4,1,1,0,0,0,0,0,0,0,1,0,0,0,0,0,0,0,0.25,0,0.25,2500,0.119716,11881,0,0
"Jorge Lopez","NH","2024","NYM","New York Mets",30.5,0,1289,2000000,2000000,1,1,"2024","2024",0,0,0,0,162,89,73,0,1,16,0,0,0,768,5510,1357,207,697,0.483,0.25,3.8,0,0,1,0,0,0,0,0,0,0,0,0,0,0,0,0,0,0,0,0,0,0,0,0,0,0,0,0,"1",0,1,0,0,0,0,0,0,0,0,0,0,0,0,0,0,0,0,0,0,0,0,0,0,0,0,0,0
"Jorge Soler","H","2022","MIA","Miami Marlins",30.5,0,1291,36000000,12000000,1,3,"2022","2024",0,0,0,0,162,69,93,0,0,-24,0,0,0,586,5395,1241,144,676,0.46,0.255,4.29,0.4,0.16,72,306,270,32,56,13,0,13,34,0,2,31,90,9,3,0,1,1,0.207,0.295,0.4,0.695,95,0.309,96,108,"7D/H",0,5184,93636,72900,1024,3136,169,0,169,1156,0,4,961,8100,81,9,0,1,1,0.042849,0.087025,0.16,0.483025,9025,0.095481,9216,11664,0
"Jorge Soler","H","2023","MIA","Miami Marlins",31.5,1,1291,36000000,12000000,1,3,"2022","2024",1,0,0,0,162,84,78,0,1,6,0,0,0,666,5497,1423,166,723,0.462,0.255,4.28,1.5,2.25,137,580,504,77,126,24,0,36,75,1,0,66,141,20,6,0,4,4,0.25,0.341,0.512,0.853,123,0.364,121,258,"D9/H",1,18769,336400,254016,5929,15876,576,0,1296,5625,1,0,4356,19881,400,36,0,16,16,0.0625,0.116281,0.262144,0.727609,15129,0.132496,14641,66564,1
"Jorge Soler","H","2024","SF","San Francisco Giants",32.5,2,1291,36000000,12000000,1,3,"2022","2024",0,0,0,0,162,80,82,0,0,-2,0,0,0,693,5460,1303,177,699,0.535,0.263,3.58,1.1,1.21,142,574,493,84,119,34,1,21,64,1,0,68,141,9,6,0,4,0,0.241,0.338,0.442,0.78,120,0.343,123,218,"D9/H7",0,20164,329476,243049,7056,14161,1156,1,441,4096,1,0,4624,19881,81,36,0,16,0,0.058081,0.114244,0.195364,0.6084,14400,0.117649,15129,47524,0
"Jorge Soler","H","2024","SF","San Francisco Giants",32.5,3,1292,42000000,14000000,1,3,"2024","2026",0,0,0,0,162,80,82,0,0,-2,0,0,0,693,5460,1303,177,699,0.535,0.263,3.58,1.1,1.21,142,574,493,84,119,34,1,21,64,1,0,68,141,9,6,0,4,0,0.241,0.338,0.442,0.78,120,0.343,123,218,"D9/H7",0,20164,329476,243049,7056,14161,1156,1,441,4096,1,0,4624,19881,81,36,0,16,0,0.058081,0.114244,0.195364,0.6084,14400,0.117649,15129,47524,0
"Jorge Soler","H","2025","LAA","Los Angeles Angels",33.5,4,1292,42000000,14000000,1,3,"2024","2026",0,0,0,0,162,72,90,0,0,-18,0,0,1,673,5374,1209,226,837,0.495,0.256,4.02,-0.5,0.25,82,315,279,31,60,12,0,12,34,0,0,28,94,5,4,0,3,0,0.215,0.293,0.387,0.68,89,0.303,89,108,"9D/H",0,6724,99225,77841,961,3600,144,0,144,1156,0,0,784,8836,25,16,0,9,0,0.046225,0.085849,0.149769,0.4624,7921,0.091809,7921,11664,0
"Jose Abreu","H","2020","CHW","Chicago White Sox",33.5,6,1295,17800000,17800000,0,1,"2020","2020",2,1,0,1,60,35,25,0,1,10,0,0,0,306,2047,534,96,246,0.502,0.26,3.78,2.7,7.29,60,262,240,43,76,15,0,19,60,0,0,18,59,10,3,0,1,1,0.317,0.37,0.617,0.987,165,0.421,168,148,"3/D",0,3600,68644,57600,1849,5776,225,0,361,3600,0,0,324,3481,100,9,0,1,1,0.100489,0.1369,0.380689,0.974169,27225,0.177241,28224,21904,0
"Jose Abreu","H","2023","HOU","Houston Astros",36.5,9,1296,58500000,19500000,1,3,"2023","2025",0,0,0,0,162,90,72,1,1,18,0,0,0,827,5567,1441,222,698,0.501,0.255,3.8,-0.1,0.01,141,594,540,62,128,23,1,18,90,0,1,42,130,16,6,0,6,1,0.237,0.296,0.383,0.68,87,0.303,89,207,"3/D",0,19881,352836,291600,3844,16384,529,1,324,8100,0,1,1764,16900,256,36,0,36,1,0.056169,0.087616,0.146689,0.4624,7569,0.091809,7921,42849,0
"Jose Abreu","H","2024","HOU","Houston Astros",37.5,10,1296,58500000,19500000,1,3,"2023","2025",0,0,0,0,161,88,73,1,1,15,0,0,0,740,5530,1448,190,649,0.502,0.255,3.8,-1.7,2.89,35,120,113,10,14,2,0,2,7,0,0,4,28,4,2,0,1,0,0.124,0.167,0.195,0.361,3,0.163,-7,22,"3/H",0,1225,14400,12769,100,196,4,0,4,49,0,0,16,784,16,4,0,1,0,0.015376,0.027889,0.038025,0.130321,9,0.026569,49,484,0
"Jose Iglesias","NH","2019","CIN","Cincinnati Reds",29.6,0,1299,2500000,2500000,1,1,"2019","2019",0,0,0,0,162,75,87,0,0,-12,0,0,1,701,5450,1328,227,711,0.505,0.261,3.75,0.9,0.81,146,530,504,62,145,21,3,11,59,6,6,20,70,17,3,1,2,3,0.288,0.318,0.407,0.724,83,0.309,78,205,"6/H",0,21316,280900,254016,3844,21025,441,9,121,3481,36,36,400,4900,289,9,1,4,9,0.082944,0.101124,0.165649,0.524176,6889,0.095481,6084,42025,0
"Jose Iglesias","NH","2020","BAL","Baltimore Orioles",30.6,1,1300,3000000,3000000,1,1,"2020","2020",0,0,0,0,60,25,35,0,0,-10,0,0,0,274,2026,523,77,294,0.474,0.259,4.04,1.3,1.69,39,150,142,16,53,17,0,3,24,0,0,3,17,1,4,0,1,0,0.373,0.4,0.556,0.956,157,0.407,155,79,"6D/H",0,1521,22500,20164,256,2809,289,0,9,576,0,0,9,289,1,16,0,1,0,0.139129,0.16,0.309136,0.913936,24649,0.165649,24025,6241,0
"Jose Iglesias","NH","2022","COL","Colorado Rockies",32.6,2,1301,5000000,5000000,1,1,"2022","2022",0,0,0,0,162,68,94,0,0,-26,0,0,0,698,5540,1408,149,873,0.469,0.272,4.98,1.2,1.44,118,467,439,48,128,30,0,3,47,2,3,17,56,11,8,0,3,0,0.292,0.328,0.38,0.708,91,0.315,89,167,"6/D",0,13924,218089,192721,2304,16384,900,0,9,2209,4,9,289,3136,121,64,0,9,0,0.085264,0.107584,0.1444,0.501264,8281,0.099225,7921,27889,0
"Jose Iglesias","NH","2024","NYM","New York Mets",34.6,3,1302,1542571.2342037,1542571.2342037,1,1,"2024","2024",0,0,0,0,162,89,73,0,1,16,0,0,0,768,5510,1357,207,697,0.483,0.25,3.8,3,9,85,291,270,39,91,16,1,4,26,6,2,12,39,4,8,0,1,1,0.337,0.381,0.448,0.83,136,0.361,135,121,"45/H6",0,7225,84681,72900,1521,8281,256,1,16,676,36,4,144,1521,16,64,0,1,1,0.113569,0.145161,0.200704,0.6889,18496,0.130321,18225,14641,0
"Jose Iglesias","NH","2025","SD","San Diego Padres",35.6,4,1303,3000000,3000000,1,1,"2025","2025",0,0,0,0,162,90,72,0,1,18,0,0,0,702,5424,1369,152,621,0.468,0.249,3.96,-0.7,0.49,112,343,306,29,70,11,0,3,36,5,1,24,56,7,7,4,2,0,0.229,0.298,0.294,0.592,65,0.288,74,90,"465HD/7",0,12544,117649,93636,841,4900,121,0,9,1296,25,1,576,3136,49,49,16,4,0,0.052441,0.088804,0.086436,0.350464,4225,0.082944,5476,8100,0
"Jose Lobaton","NH","2018","NYM","New York Mets",33.8,6.138,1304,1250000,1250000,1,1,"2018","2018",0,0,0,0,162,77,85,0,0,-8,0,0,0,676,5468,1282,170,707,0.48,0.25,3.78,-0.5,0.25,22,57,49,3,7,2,1,0,4,0,0,7,15,2,0,0,1,0,0.143,0.246,0.224,0.47,34,0.236,40,11,"2/H",0,484,3249,2401,9,49,4,1,0,16,0,0,49,225,4,0,0,1,0,0.020449,0.060516,0.050176,0.2209,1156,0.055696,1600,121,0
"Jose Lobaton","NH","2021","CHC","Chicago Cubs",36.8,7.041,1306,1183156.3001569,1183156.3001569,1,1,"2021","2021",0,0,0,0,162,71,91,0,0,-20,0,0,0,705,5306,1255,210,839,0.513,0.262,3.69,-0.3,0.09,6,13,11,1,0,0,0,0,0,0,0,2,5,0,0,0,0,0,0,0.154,0,0.154,-53,0.107,-57,0,"/2H",0,36,169,121,1,0,0,0,0,0,0,0,4,25,0,0,0,0,0,0,0.023716,0,0.023716,2809,0.011449,3249,0,0
"Jose Molina","NH","2012","TB","Tampa Bay Rays",37.2,0.026,1307,1800000,1800000,1,1,"2012","2012",0,0,0,0,162,90,72,0,0,18,0,0,0,697,5398,1293,175,577,0.454,0.259,4.59,1.1,1.21,102,274,251,27,56,9,0,8,32,3,1,20,60,9,2,1,0,0,0.223,0.286,0.355,0.64,79,0.303,89,89,"2/H",0,10404,75076,63001,729,3136,81,0,64,1024,9,1,400,3600,81,4,1,0,0,0.049729,0.081796,0.126025,0.4096,6241,0.091809,7921,7921,0
"Jose Molina","NH","2014","TB","Tampa Bay Rays",39.2,2.026,1308,4500000,2250000,0,2,"2014","2015",0,0,0,0,162,77,85,0,0,-8,0,0,0,612,5516,1361,117,625,0.462,0.258,4.47,-2,4,80,247,225,4,40,2,0,0,10,3,0,14,55,8,2,4,2,0,0.178,0.23,0.187,0.417,22,0.199,9,42,"2/H",0,6400,61009,50625,16,1600,4,0,0,100,9,0,196,3025,64,4,16,4,0,0.031684,0.0529,0.034969,0.173889,484,0.039601,81,1764,0
"Jose Quintana","NH","2021","SF","San Francisco Giants",32.6,0,1309,8000000,8000000,1,1,"2021","2021",0,0,0,0,162,107,55,1,1,52,0,0,0,804,5462,1360,241,594,0.536,0.264,3.57,0.1,0.01,7,2,1,0,1,0,0,0,0,0,0,1,0,0,0,0,0,0,1,1,1,2,449,0.797,439,1,"1",0,49,4,1,0,1,0,0,0,0,0,0,1,0,0,0,0,0,0,1,1,1,4,201601,0.635209,192721,1,0
"Jose Reyes","NH","2012","MIA","Miami Marlins",29.2,0,1313,106000000,17666666.6666667,1,6,"2012","2017",0,0,0,0,162,69,93,0,0,-24,0,0,0,609,5437,1327,137,724,0.474,0.259,4.33,3,9,160,716,642,86,184,37,12,11,57,40,11,63,56,10,0,5,6,9,0.287,0.347,0.433,0.78,109,0.358,114,278,"6",0,25600,512656,412164,7396,33856,1369,144,121,3249,1600,121,3969,3136,100,0,25,36,81,0.082369,0.120409,0.187489,0.6084,11881,0.128164,12996,77284,0
"Jose Reyes","NH","2013","TOR","Toronto Blue Jays",30.2,1,1313,106000000,17666666.6666667,1,6,"2012","2017",0,0,0,0,162,74,88,0,0,-14,0,0,0,712,5537,1398,185,756,0.494,0.262,4.23,2.6,6.76,93,419,382,58,113,20,0,10,37,15,6,34,47,6,1,0,2,2,0.296,0.353,0.427,0.78,113,0.35,115,163,"6/H",0,8649,175561,145924,3364,12769,400,0,100,1369,225,36,1156,2209,36,1,0,4,4,0.087616,0.124609,0.182329,0.6084,12769,0.1225,13225,26569,0
"Jose Reyes","NH","2014","TOR","Toronto Blue Jays",31.2,2,1313,106000000,17666666.6666667,1,6,"2012","2017",0,0,0,0,162,83,79,0,0,4,0,0,1,723,5550,1435,177,686,0.495,0.262,4.23,3.4,11.56,143,655,610,94,175,33,4,9,51,30,2,38,73,4,1,2,4,1,0.287,0.328,0.398,0.726,105,0.344,110,243,"6/H",0,20449,429025,372100,8836,30625,1089,16,81,2601,900,4,1444,5329,16,1,4,16,1,0.082369,0.107584,0.158404,0.527076,11025,0.118336,12100,59049,0
"Jose Reyes","NH","2015","TOR","Toronto Blue Jays",32.2,3,1313,106000000,17666666.6666667,1,6,"2012","2017",0,0,0,0,162,93,69,1,1,24,0,0,0,891,5509,1480,232,670,0.497,0.262,4.22,0.4,0.16,116,519,481,57,132,25,2,7,53,24,6,26,62,6,0,9,3,0,0.274,0.31,0.378,0.688,82,0.311,76,182,"6",0,13456,269361,231361,3249,17424,625,4,49,2809,576,36,676,3844,36,0,81,9,0,0.075076,0.0961,0.142884,0.473344,6724,0.096721,5776,33124,0
"Jose Reyes","NH","2016","NYM","New York Mets",33.2,4,1313,106000000,17666666.6666667,1,6,"2012","2017",0,0,0,0,162,87,75,0,1,12,0,0,1,671,5459,1342,218,617,0.481,0.25,3.75,0.6,0.36,60,279,255,45,68,13,4,8,24,9,2,23,49,3,0,0,1,1,0.267,0.326,0.443,0.769,107,0.342,107,113,"56",0,3600,77841,65025,2025,4624,169,16,64,576,81,4,529,2401,9,0,0,1,1,0.071289,0.106276,0.196249,0.591361,11449,0.116964,11449,12769,0
"Jose Reyes","NH","2016","NYM","New York Mets",33.2,6,1314,507500,507500,1,1,"2016","2016",0,0,0,0,162,87,75,0,1,12,0,0,1,671,5459,1342,218,617,0.481,0.25,3.75,0.6,0.36,60,279,255,45,68,13,4,8,24,9,2,23,49,3,0,0,1,1,0.267,0.326,0.443,0.769,107,0.342,107,113,"56",0,3600,77841,65025,2025,4624,169,16,64,576,81,4,529,2401,9,0,0,1,1,0.071289,0.106276,0.196249,0.591361,11449,0.116964,11449,12769,0
"Jose Reyes","NH","2017","NYM","New York Mets",34.2,5,1313,106000000,17666666.6666667,1,6,"2012","2017",0,0,0,0,162,70,92,0,0,-22,0,0,0,735,5510,1379,224,863,0.48,0.25,3.78,-0.1,0.01,145,561,501,75,123,25,7,15,58,24,6,50,79,3,2,5,3,1,0.246,0.315,0.413,0.728,94,0.326,95,207,"654H/78",0,21025,314721,251001,5625,15129,625,49,225,3364,576,36,2500,6241,9,4,25,9,1,0.060516,0.099225,0.170569,0.529984,8836,0.106276,9025,42849,0
"Jose Reyes","NH","2017","NYM","New York Mets",34.2,7,1315,695958.90057858,695958.90057858,0,1,"2017","2017",0,0,0,0,162,70,92,0,0,-22,0,0,0,735,5510,1379,224,863,0.48,0.25,3.78,-0.1,0.01,145,561,501,75,123,25,7,15,58,24,6,50,79,3,2,5,3,1,0.246,0.315,0.413,0.728,94,0.326,95,207,"654H/78",0,21025,314721,251001,5625,15129,625,49,225,3364,576,36,2500,6241,9,4,25,9,1,0.060516,0.099225,0.170569,0.529984,8836,0.106276,9025,42849,0
"Jose Reyes","NH","2018","NYM","New York Mets",35.2,8,1316,2000000,2000000,0,1,"2018","2018",0,0,0,0,162,77,85,0,0,-8,0,0,0,676,5468,1282,170,707,0.48,0.25,3.78,-0.6,0.36,110,251,228,30,43,12,3,4,16,5,2,22,39,5,0,1,0,1,0.189,0.26,0.32,0.58,62,0.264,59,73,"H564/1",0,12100,63001,51984,900,1849,144,9,16,256,25,4,484,1521,25,0,1,0,1,0.035721,0.0676,0.1024,0.3364,3844,0.069696,3481,5329,0
"Jose Veras","NH","2013","HOU","Houston Astros",32.8,0,1317,1850000,1850000,1,1,"2013","2013",0,0,0,0,162,51,111,0,0,-60,0,0,0,610,5457,1307,148,848,0.488,0.254,3.81,0,0,6,0,0,0,0,0,0,0,0,0,0,0,0,0,0,0,0,0,0,0,0,0,0,0,0,0,"1",0,36,0,0,0,0,0,0,0,0,0,0,0,0,0,0,0,0,0,0,0,0,0,0,0,0,0,0
"Jose Veras","NH","2014","CHC","Chicago Cubs",33.8,1,1318,689449.635766739,689449.635766739,1,1,"2014","2014",0,0,0,0,158,73,89,0,0,-16,0,0,2,614,5508,1315,157,707,0.511,0.263,3.68,0,0,14,0,0,0,0,0,0,0,0,0,0,0,0,0,0,0,0,0,0,0,0,0,0,0,0,0,"1",0,196,0,0,0,0,0,0,0,0,0,0,0,0,0,0,0,0,0,0,0,0,0,0,0,0,0,0
"Josh Bell","NH","2016","PIT","Pittsburgh Pirates",23,0,1319,672362.379948466,672362.379948466,1,1,"2016","2016",0,0,0,0,162,78,83,0,0,-5,0,0,0,729,5542,1426,153,758,0.504,0.265,3.71,-0.8,0.64,45,152,128,18,35,8,0,3,19,0,1,21,19,4,0,0,3,0,0.273,0.368,0.406,0.775,108,0.344,111,52,"39H",0,2025,23104,16384,324,1225,64,0,9,361,0,1,441,361,16,0,0,9,0,0.074529,0.135424,0.164836,0.600625,11664,0.118336,12321,2704,0
"Josh Bell","NH","2017","PIT","Pittsburgh Pirates",24,1,1320,714170.909191851,714170.909191851,0,1,"2017","2017",2,0,0,0,165,75,87,0,0,-12,0,0,0,668,5458,1331,151,731,0.504,0.264,3.72,0.9,0.81,159,620,549,75,140,26,6,26,90,2,4,66,117,15,1,0,4,4,0.255,0.334,0.466,0.8,109,0.347,113,256,"3H/D",0,25281,384400,301401,5625,19600,676,36,676,8100,4,16,4356,13689,225,1,0,16,16,0.065025,0.111556,0.217156,0.64,11881,0.120409,12769,65536,0
"Josh Bell","NH","2018","PIT","Pittsburgh Pirates",25,2,1321,729138.702851707,729138.702851707,0,1,"2018","2018",0,0,0,0,161,82,79,0,0,3,0,0,0,692,5447,1381,157,693,0.504,0.264,3.72,0.7,0.49,148,583,501,74,131,31,4,12,62,2,5,77,104,12,0,0,5,2,0.261,0.357,0.411,0.768,111,0.339,113,206,"3H/D",0,21904,339889,251001,5476,17161,961,16,144,3844,4,25,5929,10816,144,0,0,25,4,0.068121,0.127449,0.168921,0.589824,12321,0.114921,12769,42436,0
"Josh Bell","NH","2019","PIT","Pittsburgh Pirates",26,3,1322,731569.470880776,731569.470880776,0,1,"2019","2019",1,0,0,0,162,69,93,0,0,-24,0,0,0,758,5657,1497,163,911,0.503,0.264,3.73,2.6,6.76,143,613,527,94,146,37,3,37,116,0,1,74,118,11,5,0,7,13,0.277,0.367,0.569,0.936,142,0.384,139,300,"3/DH",0,20449,375769,277729,8836,21316,1369,9,1369,13456,0,1,5476,13924,121,25,0,49,169,0.076729,0.134689,0.323761,0.876096,20164,0.147456,19321,90000,0
"Josh Bell","NH","2020","PIT","Pittsburgh Pirates",27,4,1323,5882009.61549237,5882009.61549237,0,1,"2020","2020",0,0,0,0,60,19,41,0,0,-22,0,0,0,219,1932,425,59,298,0.503,0.264,3.73,-0.5,0.25,57,223,195,22,44,3,0,8,22,0,0,22,59,3,2,0,4,4,0.226,0.305,0.364,0.669,82,0.29,74,71,"3D/H",0,3249,49729,38025,484,1936,9,0,64,484,0,0,484,3481,9,4,0,16,16,0.051076,0.093025,0.132496,0.447561,6724,0.0841,5476,5041,0
"Josh Bell","NH","2021","WSH","Washington Nationals",28,5,1324,7513042.50599629,7513042.50599629,1,1,"2021","2021",0,0,0,0,162,65,97,0,0,-32,0,0,0,724,5385,1388,182,820,0.487,0.254,3.9,3.1,9.61,144,568,498,75,130,24,1,27,88,0,0,65,101,22,2,0,3,2,0.261,0.347,0.476,0.823,124,0.37,134,237,"3H/7D9",0,20736,322624,248004,5625,16900,576,1,729,7744,0,0,4225,10201,484,4,0,9,4,0.068121,0.120409,0.226576,0.677329,15376,0.1369,17956,56169,0
"Josh Bell","NH","2022","WSH","Washington Nationals",29,6,1325,11146048.1741855,11146048.1741855,1,1,"2022","2022",1,0,0,1,162,55,107,0,0,-52,0,0,0,603,5434,1351,136,855,0.484,0.254,3.92,2.9,8.41,156,647,552,78,147,29,3,17,71,0,1,81,102,22,5,0,6,4,0.266,0.362,0.422,0.784,127,0.351,131,233,"3D/H",1,24336,418609,304704,6084,21609,841,9,289,5041,0,1,6561,10404,484,25,0,36,16,0.070756,0.131044,0.178084,0.614656,16129,0.123201,17161,54289,1
"Josh Bell","NH","2023","CLE","Cleveland Guardians",30,7,1326,33000000,16500000,1,2,"2023","2024",0,0,0,0,162,76,86,0,0,-10,0,0,0,662,5513,1379,124,697,0.512,0.265,3.83,-0.1,0.01,150,617,547,52,135,28,0,22,74,0,1,63,134,13,2,0,3,2,0.247,0.325,0.419,0.744,101,0.323,99,229,"D3/H",0,22500,380689,299209,2704,18225,784,0,484,5476,0,1,3969,17956,169,4,0,9,4,0.061009,0.105625,0.175561,0.553536,10201,0.104329,9801,52441,0
"Josh Bell","NH","2024","MIA","Miami Marlins",31,8,1326,33000000,16500000,1,2,"2023","2024",0,0,0,0,162,62,100,0,0,-38,0,0,0,637,5522,1347,150,841,0.459,0.255,4.3,-0.3,0.09,145,603,538,62,134,23,2,19,71,0,1,51,120,22,6,0,3,1,0.249,0.319,0.405,0.725,100,0.32,101,218,"3D/H",0,21025,363609,289444,3844,17956,529,4,361,5041,0,1,2601,14400,484,36,0,9,1,0.062001,0.101761,0.164025,0.525625,10000,0.1024,10201,47524,0
"Josh Bell","NH","2025","WSH","Washington Nationals",32,9,1327,6000000,6000000,1,1,"2025","2025",0,0,0,0,162,66,96,0,0,-30,0,0,0,687,5422,1313,161,899,0.481,0.254,3.97,0.5,0.25,140,533,468,54,111,16,1,22,63,0,3,57,88,15,5,0,3,1,0.237,0.325,0.417,0.741,110,0.327,112,195,"D3H",1,19600,284089,219024,2916,12321,256,1,484,3969,0,9,3249,7744,225,25,0,9,1,0.056169,0.105625,0.173889,0.549081,12100,0.106929,12544,38025,1
"Josh Donaldson","NH","2019","ATL","Atlanta Braves",33.7,6.158,1328,23000000,23000000,1,1,"2019","2019",2,1,0,0,162,97,65,1,1,32,0,0,0,855,5560,1432,249,743,0.501,0.26,3.66,5.3,28.09,155,659,549,96,142,33,0,37,94,4,2,100,155,13,8,0,2,2,0.259,0.379,0.521,0.9,126,0.388,133,286,"5/HD",0,24025,434281,301401,9216,20164,1089,0,1369,8836,16,4,10000,24025,169,64,0,4,4,0.067081,0.143641,0.271441,0.81,15876,0.150544,17689,81796,0
"Josh Donaldson","NH","2020","MIN","Minnesota Twins",34.7,7.158,1329,92000000,23000000,1,4,"2020","2023",0,0,0,0,60,36,24,1,1,12,0,0,0,269,1937,468,91,215,0.481,0.263,3.99,0.5,0.25,28,102,81,14,18,2,0,6,11,0,0,18,24,4,2,0,1,1,0.222,0.373,0.469,0.842,132,0.359,127,38,"5/H",0,784,10404,6561,196,324,4,0,36,121,0,0,324,576,16,4,0,1,1,0.049284,0.139129,0.219961,0.708964,17424,0.128881,16129,1444,0
"Josh Donaldson","NH","2021","MIN","Minnesota Twins",35.7,8.158,1329,92000000,23000000,1,4,"2020","2023",0,0,0,0,162,73,89,0,0,-16,0,0,0,729,5431,1311,228,834,0.481,0.263,4,3,9,135,543,457,73,113,26,0,26,72,0,0,74,114,22,4,0,8,2,0.247,0.352,0.475,0.827,127,0.354,126,217,"5D/H",0,18225,294849,208849,5329,12769,676,0,676,5184,0,0,5476,12996,484,16,0,64,4,0.061009,0.123904,0.225625,0.683929,16129,0.125316,15876,47089,0
"Josh Donaldson","NH","2022","NYY","New York Yankees",36.7,9.158,1329,92000000,23000000,1,4,"2020","2023",0,0,0,0,162,99,63,1,1,36,0,0,1,807,5422,1308,254,567,0.57,0.266,3.65,2.2,4.84,132,546,478,59,106,28,0,15,62,2,2,54,148,13,8,0,6,1,0.222,0.308,0.374,0.682,93,0.311,98,179,"5D/H",0,17424,298116,228484,3481,11236,784,0,225,3844,4,4,2916,21904,169,64,0,36,1,0.049284,0.094864,0.139876,0.465124,8649,0.096721,9604,32041,0
"Josh Donaldson","NH","2023","NYY","New York Yankees",37.7,10.158,1329,92000000,23000000,1,4,"2020","2023",0,0,0,0,162,82,80,0,0,2,0,0,0,673,5323,1207,219,698,0.569,0.266,3.65,0.1,0.01,50,189,165,18,25,5,0,13,26,0,0,22,50,6,0,0,2,0,0.152,0.249,0.418,0.667,78,0.282,71,69,"5/DH1",0,2500,35721,27225,324,625,25,0,169,676,0,0,484,2500,36,0,0,4,0,0.023104,0.062001,0.174724,0.444889,6084,0.079524,5041,4761,0
"Josh Donaldson","NH","2023","NYY","New York Yankees",37.7,10.158,1330,765889.986737186,765889.986737186,1,1,"2023","2023",0,0,0,0,162,82,80,0,0,2,0,0,0,673,5323,1207,219,698,0.569,0.266,3.65,0.1,0.01,50,189,165,18,25,5,0,13,26,0,0,22,50,6,0,0,2,0,0.152,0.249,0.418,0.667,78,0.282,71,69,"5/DH1",0,2500,35721,27225,324,625,25,0,169,676,0,0,484,2500,36,0,0,4,0,0.023104,0.062001,0.174724,0.444889,6084,0.079524,5041,4761,0
"Josh Hamilton","NH","2013","LAA","Los Angeles Angels",32.2,0,1331,125000000,25000000,1,5,"2013","2017",0,0,0,0,162,78,84,0,0,-6,0,0,0,733,5588,1476,164,737,0.499,0.258,3.94,1.3,1.69,151,636,576,73,144,32,5,21,79,4,0,47,158,16,4,0,9,4,0.25,0.307,0.432,0.739,108,0.324,105,249,"9D7/8H",0,22801,404496,331776,5329,20736,1024,25,441,6241,16,0,2209,24964,256,16,0,81,16,0.0625,0.094249,0.186624,0.546121,11664,0.104976,11025,62001,0
"Josh Hamilton","NH","2014","LAA","Los Angeles Angels",33.2,1,1331,125000000,25000000,1,5,"2013","2017",0,0,0,0,162,98,64,1,1,34,0,0,0,773,5652,1464,155,630,0.501,0.258,3.94,1.4,1.96,89,381,338,43,89,21,0,10,44,3,3,32,108,2,5,0,6,5,0.263,0.331,0.414,0.745,115,0.33,114,140,"7D/8H",0,7921,145161,114244,1849,7921,441,0,100,1936,9,9,1024,11664,4,25,0,36,25,0.069169,0.109561,0.171396,0.555025,13225,0.1089,12996,19600,0
"Josh Hamilton","NH","2015","TEX","Texas Rangers",34.2,2,1331,125000000,25000000,1,5,"2013","2017",0,0,0,0,162,88,74,1,1,14,0,0,0,751,5511,1419,172,733,0.477,0.26,4.24,0.4,0.16,50,182,170,22,43,8,0,8,25,0,0,10,52,1,0,0,2,0,0.253,0.291,0.441,0.732,94,0.324,95,75,"79/HD",0,2500,33124,28900,484,1849,64,0,64,625,0,0,100,2704,1,0,0,4,0,0.064009,0.084681,0.194481,0.535824,8836,0.104976,9025,5625,0
"Josh Harrison","NH","2019","DET","Detroit Tigers",32.1,0,1333,2000000,2000000,1,1,"2019","2019",0,0,0,0,161,47,114,0,0,-67,0,0,0,582,5549,1333,149,915,0.504,0.265,3.99,-1,1,36,147,137,10,24,7,1,1,8,4,2,6,27,0,2,0,2,0,0.175,0.218,0.263,0.48,27,0.208,15,36,"4/HD",0,1296,21609,18769,100,576,49,1,1,64,16,4,36,729,0,4,0,4,0,0.030625,0.047524,0.069169,0.2304,729,0.043264,225,1296,0
"Josh Harrison","NH","2020","WSH","Washington Nationals",33.1,1,1334,1225418.66989424,1225418.66989424,1,1,"2020","2020",0,0,0,0,60,26,34,0,0,-8,0,0,1,293,1968,519,66,301,0.489,0.254,3.88,0.3,0.09,33,91,79,11,22,2,0,3,14,1,2,6,12,2,4,0,2,0,0.278,0.352,0.418,0.769,108,0.329,107,33,"45/HD793",0,1089,8281,6241,121,484,4,0,9,196,1,4,36,144,4,16,0,4,0,0.077284,0.123904,0.174724,0.591361,11664,0.108241,11449,1089,0
"Josh Harrison","NH","2021","WSH","Washington Nationals",34.1,2,1335,1183156.3001569,1183156.3001569,1,1,"2021","2021",0,0,0,0,162,65,97,0,0,-32,0,0,0,724,5385,1388,182,820,0.487,0.254,3.9,2,4,138,558,505,58,141,33,2,8,60,9,5,31,75,9,18,0,3,0,0.279,0.341,0.4,0.741,106,0.332,110,202,"457/6H89",0,19044,311364,255025,3364,19881,1089,4,64,3600,81,25,961,5625,81,324,0,9,0,0.077841,0.116281,0.16,0.549081,11236,0.110224,12100,40804,0
"Josh Harrison","NH","2022","CHW","Chicago White Sox",35.1,3,1336,5500000,5500000,1,1,"2022","2022",0,0,0,0,162,81,81,0,0,0,0,0,2,686,5611,1435,149,717,0.503,0.26,3.78,1.8,3.24,119,425,386,50,99,19,2,7,27,2,1,21,71,9,14,2,2,0,0.256,0.317,0.37,0.687,95,0.304,91,143,"45/HD167",0,14161,180625,148996,2500,9801,361,4,49,729,4,1,441,5041,81,196,4,4,0,0.065536,0.100489,0.1369,0.471969,9025,0.092416,8281,20449,0
"Josh Harrison","NH","2023","PHI","Philadelphia Phillies",36.1,4,1337,2000000,2000000,1,1,"2023","2023",0,0,0,0,162,90,72,0,1,18,0,0,1,796,5541,1417,220,715,0.473,0.26,3.99,-0.6,0.36,40,114,103,8,21,3,0,2,10,0,0,3,20,2,6,0,2,0,0.204,0.263,0.291,0.554,52,0.256,52,30,"5H4/719D",0,1600,12996,10609,64,441,9,0,4,100,0,0,9,400,4,36,0,4,0,0.041616,0.069169,0.084681,0.306916,2704,0.065536,2704,900,0
"Josh Rogers","NH","2021","WSH","Washington Nationals",27.1,0,1341,674990.669239509,674990.669239509,1,1,"2021","2021",0,0,0,0,162,65,97,0,0,-32,0,0,0,724,5385,1388,182,820,0.487,0.254,3.9,-0.1,0.01,6,14,12,0,0,0,0,0,0,0,0,1,4,0,0,1,0,0,0,0.077,0,0.077,-76,0.054,-105,0,"/1",0,36,196,144,0,0,0,0,0,0,0,0,1,16,0,0,1,0,0,0,0.005929,0,0.005929,5776,0.002916,11025,0,0
"Josh Thole","NH","2016","TOR","Toronto Blue Jays",29.8,4.165,1343,800000,800000,0,1,"2016","2016",0,0,0,0,162,89,73,0,1,16,0,0,0,759,5479,1358,221,666,0.498,0.262,4.2,-0.8,0.64,50,136,118,7,20,3,0,1,7,0,0,13,28,4,1,2,2,0,0.169,0.254,0.22,0.474,30,0.221,19,26,"2/H",0,2500,18496,13924,49,400,9,0,1,49,0,0,169,784,16,1,4,4,0,0.028561,0.064516,0.0484,0.224676,900,0.048841,361,676,0
"Josh Tomlin","NH","2019","ATL","Atlanta Braves",34.8,8.033,1345,1000000,1000000,1,1,"2019","2019",0,0,0,0,162,97,65,1,1,32,0,0,0,855,5560,1432,249,743,0.501,0.26,3.66,-0.1,0.01,47,6,6,0,0,0,0,0,0,0,0,0,3,0,0,0,0,0,0,0,0,0,-100,0,-147,0,"1",0,2209,36,36,0,0,0,0,0,0,0,0,0,9,0,0,0,0,0,0,0,0,0,10000,0,21609,0,0
"Josh Tomlin","NH","2021","ATL","Atlanta Braves",36.8,10.033,1347,1250000,1250000,0,1,"2021","2021",0,0,0,0,161,88,73,1,1,15,1,1,0,790,5363,1307,239,656,0.501,0.26,3.67,0.1,0.01,35,5,3,0,1,0,0,0,0,0,0,1,1,0,0,1,0,0,0.333,0.5,0.333,0.833,129,0.399,157,1,"1/H",0,1225,25,9,0,1,0,0,0,0,0,0,1,1,0,0,1,0,0,0.110889,0.25,0.110889,0.693889,16641,0.159201,24649,1,0
"Jp Arencibia","NH","2014","TEX","Texas Rangers",28.6,0,1348,1800000,1800000,1,1,"2014","2014",0,0,0,0,162,67,95,0,0,-28,0,0,0,637,5460,1400,111,773,0.476,0.26,4.24,-1.2,1.44,62,222,203,20,36,9,0,10,35,0,0,10,62,6,7,0,2,0,0.177,0.239,0.369,0.608,67,0.277,64,75,"23D/H1",0,3844,49284,41209,400,1296,81,0,100,1225,0,0,100,3844,36,49,0,4,0,0.031329,0.057121,0.136161,0.369664,4489,0.076729,4096,5625,0
"Jp Arencibia","NH","2015","TB","Tampa Bay Rays",29.6,1,1349,687225.311355765,687225.311355765,1,1,"2015","2015",0,0,0,0,162,80,82,0,0,-2,0,0,0,644,5485,1383,167,642,0.464,0.257,4.43,0.7,0.49,24,73,71,9,22,3,0,6,17,0,0,1,22,1,0,0,1,0,0.31,0.315,0.606,0.921,150,0.386,150,43,"2/HD",0,576,5329,5041,81,484,9,0,36,289,0,0,1,484,1,0,0,1,0,0.0961,0.099225,0.367236,0.848241,22500,0.148996,22500,1849,0
"Jp Howell","NH","2013","LAD","Los Angeles Dodgers",30.3,0,1350,2850000,2850000,1,1,"2013","2013",0,0,0,0,162,92,70,1,1,22,0,0,0,654,5491,1446,138,586,0.524,0.262,3.54,0,0,61,1,1,0,0,0,0,0,0,0,0,0,1,0,0,0,0,0,0,0,0,0,-100,0,-150,0,"1",0,3721,1,1,0,0,0,0,0,0,0,0,0,1,0,0,0,0,0,0,0,0,0,10000,0,22500,0,0
"Jp Howell","NH","2014","LAD","Los Angeles Dodgers",31.3,1,1351,11250000,5625000,0,2,"2014","2015",0,0,0,0,160,94,68,1,1,26,0,0,1,718,5560,1476,134,617,0.525,0.262,3.53,0,0,64,0,0,0,0,0,0,0,0,0,0,0,0,0,0,0,0,0,0,0,0,0,0,0,0,0,"1",0,4096,0,0,0,0,0,0,0,0,0,0,0,0,0,0,0,0,0,0,0,0,0,0,0,0,0,0
"Jp Howell","NH","2015","LAD","Los Angeles Dodgers",32.3,2,1351,11250000,5625000,0,2,"2014","2015",0,0,0,0,162,92,70,1,1,22,0,0,1,667,5385,1346,187,595,0.525,0.262,3.53,0,0,62,0,0,0,0,0,0,0,0,0,0,0,0,0,0,0,0,0,0,0,0,0,0,0,0,0,"1",0,3844,0,0,0,0,0,0,0,0,0,0,0,0,0,0,0,0,0,0,0,0,0,0,0,0,0,0
"Jp Howell","NH","2016","LAD","Los Angeles Dodgers",33.3,3,1352,14904584.7771827,7452292.38859137,0,2,"2016","2017",0,0,0,0,162,91,71,1,1,20,0,0,1,725,5518,1376,189,638,0.526,0.262,3.54,0,0,61,2,2,0,0,0,0,0,0,0,0,0,2,0,0,0,0,0,0,0,0,0,-100,0,-139,0,"1",0,3721,4,4,0,0,0,0,0,0,0,0,0,4,0,0,0,0,0,0,0,0,0,10000,0,19321,0,0
"Jp Howell","NH","2017","TOR","Toronto Blue Jays",34.3,4,1352,14904584.7771827,7452292.38859137,0,2,"2016","2017",0,0,0,0,162,76,86,0,0,-10,0,0,1,693,5499,1320,222,784,0.498,0.261,4.21,0,0,2,0,0,0,0,0,0,0,0,0,0,0,0,0,0,0,0,0,0,0,0,0,0,0,0,0,"1",0,4,0,0,0,0,0,0,0,0,0,0,0,0,0,0,0,0,0,0,0,0,0,0,0,0,0,0
"Jp Howell","NH","2017","TOR","Toronto Blue Jays",34.3,5,1353,3000000,3000000,1,1,"2017","2017",0,0,0,0,162,76,86,0,0,-10,0,0,1,693,5499,1320,222,784,0.498,0.261,4.21,0,0,2,0,0,0,0,0,0,0,0,0,0,0,0,0,0,0,0,0,0,0,0,0,0,0,0,0,"1",0,4,0,0,0,0,0,0,0,0,0,0,0,0,0,0,0,0,0,0,0,0,0,0,0,0,0,0
"Juan Carlos Oviedo","NH","2014","TB","Tampa Bay Rays",32.4,1,1355,1500000,1500000,0,1,"2014","2014",0,0,0,0,162,77,85,0,0,-8,0,0,0,612,5516,1361,117,625,0.462,0.258,4.47,0,0,1,0,0,0,0,0,0,0,0,0,0,0,0,0,0,0,0,0,0,0,0,0,0,0,0,0,"1",0,1,0,0,0,0,0,0,0,0,0,0,0,0,0,0,0,0,0,0,0,0,0,0,0,0,0,0
"Juan Nicasio","NH","2016","PIT","Pittsburgh Pirates",29.9,0,1356,3000000,3000000,1,1,"2016","2016",0,0,0,0,162,78,83,0,0,-5,0,0,0,729,5542,1426,153,758,0.504,0.265,3.71,-0.1,0.01,49,20,19,1,3,0,0,0,1,0,0,0,7,0,0,1,0,0,0.158,0.158,0.158,0.316,-15,0.132,-52,3,"1",0,2401,400,361,1,9,0,0,0,1,0,0,0,49,0,0,1,0,0,0.024964,0.024964,0.024964,0.099856,225,0.017424,2704,9,0
"Juan Nicasio","NH","2018","SEA","Seattle Mariners",31.9,1,1357,17000000,8500000,1,2,"2018","2019",0,0,0,0,162,89,73,0,0,16,0,0,0,677,5513,1402,176,711,0.472,0.26,4.32,0,0,3,0,0,0,0,0,0,0,0,0,0,0,0,0,0,0,0,0,0,0,0,0,0,0,0,0,"1",0,9,0,0,0,0,0,0,0,0,0,0,0,0,0,0,0,0,0,0,0,0,0,0,0,0,0,0
"Juan Nicasio","NH","2019","PHI","Philadelphia Phillies",32.9,2,1357,17000000,8500000,1,2,"2018","2019",0,0,0,0,162,81,81,0,0,0,0,0,1,774,5571,1369,215,794,0.472,0.261,3.98,0,0,45,2,2,0,0,0,0,0,0,0,0,0,1,0,0,0,0,0,0,0,0,0,-100,0,-142,0,"1",0,2025,4,4,0,0,0,0,0,0,0,0,0,1,0,0,0,0,0,0,0,0,0,10000,0,20164,0,0
"Juan Nicasio","NH","2019","PHI","Philadelphia Phillies",32.9,3,1358,21186850.0936511,10593425.0468255,1,2,"2019","2020",0,0,0,0,162,81,81,0,0,0,0,0,1,774,5571,1369,215,794,0.472,0.261,3.98,0,0,45,2,2,0,0,0,0,0,0,0,0,0,1,0,0,0,0,0,0,0,0,0,-100,0,-142,0,"1",0,2025,4,4,0,0,0,0,0,0,0,0,0,1,0,0,0,0,0,0,0,0,0,10000,0,20164,0,0
"Juan Uribe","NH","2014","LAD","Los Angeles Dodgers",35.4,4.089,1360,15000000,7500000,0,2,"2014","2015",0,0,0,0,160,94,68,1,1,26,0,0,1,718,5560,1476,134,617,0.525,0.262,3.53,4,16,103,404,386,36,120,23,0,9,54,0,1,15,77,15,1,0,2,2,0.311,0.337,0.44,0.777,120,0.348,123,170,"5/H",0,10609,163216,148996,1296,14400,529,0,81,2916,0,1,225,5929,225,1,0,4,4,0.096721,0.113569,0.1936,0.603729,14400,0.121104,15129,28900,0
"Juan Uribe","NH","2015","ATL","Atlanta Braves",36.4,5.089,1360,15000000,7500000,0,2,"2014","2015",0,0,0,0,162,67,95,0,0,-28,0,0,1,573,5420,1361,100,760,0.501,0.26,3.64,1,1,119,397,360,40,91,17,0,14,43,2,0,34,80,12,2,0,1,3,0.253,0.32,0.417,0.737,103,0.326,101,150,"5H/4D",0,14161,157609,129600,1600,8281,289,0,196,1849,4,0,1156,6400,144,4,0,1,9,0.064009,0.1024,0.173889,0.543169,10609,0.106276,10201,22500,0
"Juan Uribe","NH","2016","CLE","Cleveland Guardians",37.4,6.089,1361,4000000,4000000,1,1,"2016","2016",0,0,0,0,161,94,67,1,1,27,1,0,0,777,5484,1435,185,676,0.51,0.266,3.84,-0.5,0.25,73,259,238,19,49,9,0,7,25,0,0,15,49,6,3,0,3,1,0.206,0.259,0.332,0.591,53,0.273,52,79,"5/HD",0,5329,67081,56644,361,2401,81,0,49,625,0,0,225,2401,36,9,0,9,1,0.042436,0.067081,0.110224,0.349281,2809,0.074529,2704,6241,0
"Junichi Tazawa","NH","2017","MIA","Miami Marlins",31.2,6.086,1366,12000000,6000000,1,2,"2017","2018",0,0,0,0,162,77,85,0,0,-8,0,0,2,778,5602,1497,194,822,0.47,0.258,4.27,0,0,53,1,1,0,0,0,0,0,0,0,0,0,0,0,0,0,0,0,0,0,0,0,-100,0,-125,0,"1",0,2809,1,1,0,0,0,0,0,0,0,0,0,0,0,0,0,0,0,0,0,0,0,10000,0,15625,0,0
"Junichi Tazawa","NH","2018","MIA","Miami Marlins",32.2,7.086,1366,12000000,6000000,1,2,"2017","2018",0,0,0,0,161,63,98,0,0,-35,0,0,1,589,5488,1303,128,809,0.467,0.258,4.29,0,0,21,0,0,0,0,0,0,0,0,0,0,0,0,0,0,0,0,0,0,0,0,0,0,0,0,0,"1",0,441,0,0,0,0,0,0,0,0,0,0,0,0,0,0,0,0,0,0,0,0,0,0,0,0,0,0
"Junichi Tazawa","NH","2018","MIA","Miami Marlins",32.2,7.086,1367,694114.573020403,694114.573020403,1,1,"2018","2018",0,0,0,0,161,63,98,0,0,-35,0,0,1,589,5488,1303,128,809,0.467,0.258,4.29,0,0,21,0,0,0,0,0,0,0,0,0,0,0,0,0,0,0,0,0,0,0,0,0,0,0,0,0,"1",0,441,0,0,0,0,0,0,0,0,0,0,0,0,0,0,0,0,0,0,0,0,0,0,0,0,0,0
"Junior Guerra","NH","2021","LAA","Los Angeles Angels",36.6,4.155,1369,750000,750000,1,1,"2021","2021",0,0,0,0,162,77,85,0,0,-8,0,0,0,723,5437,1331,190,804,0.499,0.257,3.99,0,0,5,2,2,0,0,0,0,0,0,0,0,0,1,0,0,0,0,0,0,0,0,0,-100,0,-129,0,"1/H",0,25,4,4,0,0,0,0,0,0,0,0,0,1,0,0,0,0,0,0,0,0,0,10000,0,16641,0,0
"Jurickson Profar","NH","2021","SD","San Diego Padres",28.5,0,1370,21000000,7000000,0,3,"2021","2023",0,0,0,0,162,79,83,0,0,-4,0,0,0,729,5384,1305,180,708,0.462,0.249,3.97,0,0,137,412,353,47,80,17,2,4,33,10,5,49,65,12,6,1,2,1,0.227,0.329,0.32,0.649,83,0.303,90,113,"7H9384",0,18769,169744,124609,2209,6400,289,4,16,1089,100,25,2401,4225,144,36,1,4,1,0.051529,0.108241,0.1024,0.421201,6889,0.091809,8100,12769,0
"Jurickson Profar","NH","2022","SD","San Diego Padres",29.5,1,1370,21000000,7000000,0,3,"2021","2023",0,0,0,0,162,89,73,0,1,16,0,0,1,705,5468,1317,153,660,0.464,0.249,3.97,2.9,8.41,152,658,575,82,140,36,2,15,58,5,1,73,103,12,4,3,3,0,0.243,0.331,0.391,0.723,109,0.326,112,225,"7/DH",0,23104,432964,330625,6724,19600,1296,4,225,3364,25,1,5329,10609,144,16,9,9,0,0.059049,0.109561,0.152881,0.522729,11881,0.106276,12544,50625,0
"Jurickson Profar","NH","2023","COL","Colorado Rockies",30.5,2,1370,21000000,7000000,0,3,"2021","2023",0,0,0,0,162,59,103,0,0,-44,0,0,0,721,5496,1368,163,957,0.465,0.272,5,-1.2,1.44,125,521,459,55,111,27,2,9,46,1,0,50,90,11,6,0,5,0,0.242,0.321,0.368,0.689,81,0.307,78,169,"7DH/394",0,15625,271441,210681,3025,12321,729,4,81,2116,1,0,2500,8100,121,36,0,25,0,0.058564,0.103041,0.135424,0.474721,6561,0.094249,6084,28561,0
"Jurickson Profar","NH","2023","COL","Colorado Rockies",30.5,3,1371,7750000,7750000,1,1,"2023","2023",0,0,0,0,162,59,103,0,0,-44,0,0,0,721,5496,1368,163,957,0.465,0.272,5,-1.2,1.44,125,521,459,55,111,27,2,9,46,1,0,50,90,11,6,0,5,0,0.242,0.321,0.368,0.689,81,0.307,78,169,"7DH/394",0,15625,271441,210681,3025,12321,729,4,81,2116,1,0,2500,8100,121,36,0,25,0,0.058564,0.103041,0.135424,0.474721,6561,0.094249,6084,28561,0
"Jurickson Profar","NH","2024","SD","San Diego Padres",31.5,4,1372,1000000,1000000,0,1,"2024","2024",2,1,0,1,162,93,69,0,1,24,0,0,0,760,5526,1456,190,669,0.467,0.249,3.96,3.6,12.96,158,668,564,94,158,29,0,24,85,10,3,76,101,14,18,5,5,4,0.28,0.38,0.459,0.839,134,0.369,137,259,"7/D3",0,24964,446224,318096,8836,24964,841,0,576,7225,100,9,5776,10201,196,324,25,25,16,0.0784,0.1444,0.210681,0.703921,17956,0.136161,18769,67081,0
"Jurickson Profar","NH","2025","ATL","Atlanta Braves",32.5,5,1373,42000000,14000000,1,3,"2025","2027",0,0,0,0,162,76,86,0,0,-10,0,0,1,724,5508,1349,190,734,0.503,0.26,3.67,1.1,1.21,80,371,318,56,78,16,1,14,43,9,2,48,59,4,5,0,0,0,0.245,0.353,0.434,0.787,120,0.355,125,138,"7/D",0,6400,137641,101124,3136,6084,256,1,196,1849,81,4,2304,3481,16,25,0,0,0,0.060025,0.124609,0.188356,0.619369,14400,0.126025,15625,19044,0
"Justin Miller","NH","2018","WSH","Washington Nationals",31.2,1.171,1374,694114.573020403,694114.573020403,1,1,"2018","2018",0,0,0,0,162,82,80,0,0,2,0,0,1,771,5517,1402,191,682,0.488,0.254,3.87,0,0,46,1,1,0,0,0,0,0,0,0,0,0,0,1,0,0,0,0,0,0,0,0,-100,0,-145,0,"1",0,2116,1,1,0,0,0,0,0,0,0,0,0,0,1,0,0,0,0,0,0,0,0,10000,0,21025,0,0
"Justin Miller","NH","2021","STL","St Louis Cardinals",34.2,3.083,1375,674990.669239509,674990.669239509,0,1,"2021","2021",0,0,0,0,162,90,72,0,1,18,0,0,0,706,5351,1303,198,672,0.521,0.266,3.68,0,0,21,0,0,0,0,0,0,0,0,0,0,0,0,0,0,0,0,0,0,0,0,0,0,0,0,0,"1",0,441,0,0,0,0,0,0,0,0,0,0,0,0,0,0,0,0,0,0,0,0,0,0,0,0,0,0
"Justin Morneau","NH","2014","COL","Colorado Rockies",33.2,9.168,1376,12500000,6250000,1,2,"2014","2015",2,1,0,0,162,66,96,0,0,-30,0,0,0,755,5612,1551,186,818,0.469,0.276,5,3.4,11.56,135,550,502,62,160,32,3,17,82,0,3,34,60,7,6,0,8,4,0.319,0.364,0.496,0.86,125,0.375,127,249,"3/HD",0,18225,302500,252004,3844,25600,1024,9,289,6724,0,9,1156,3600,49,36,0,64,16,0.101761,0.132496,0.246016,0.7396,15625,0.140625,16129,62001,0
"Justin Morneau","NH","2015","COL","Colorado Rockies",34.2,10.168,1376,12500000,6250000,1,2,"2014","2015",0,0,0,0,162,68,94,0,0,-26,0,0,0,737,5572,1479,186,844,0.466,0.275,5,0.5,0.25,49,182,168,19,52,10,3,3,15,0,0,13,25,2,1,0,0,2,0.31,0.363,0.458,0.821,109,0.367,113,77,"3/HD",0,2401,33124,28224,361,2704,100,9,9,225,0,0,169,625,4,1,0,0,4,0.0961,0.131769,0.209764,0.674041,11881,0.134689,12769,5929,0
"Justin Morneau","NH","2016","CHW","Chicago White Sox",35.2,11.168,1377,1000000,1000000,1,1,"2016","2016",0,0,0,0,162,78,84,0,0,-6,0,0,1,686,5550,1428,168,715,0.504,0.261,3.75,0.2,0.04,58,218,203,16,53,14,1,6,25,0,0,12,52,5,1,0,2,1,0.261,0.303,0.429,0.731,99,0.318,97,87,"D/H",0,3364,47524,41209,256,2809,196,1,36,625,0,0,144,2704,25,1,0,4,1,0.068121,0.091809,0.184041,0.534361,9801,0.101124,9409,7569,0
"Justin Smoak","NH","2015","TOR","Toronto Blue Jays",28.7,0,1378,1000000,1000000,0,1,"2015","2015",0,0,0,0,162,93,69,1,1,24,0,0,0,891,5509,1480,232,670,0.497,0.262,4.22,0.9,0.81,132,328,296,44,67,16,1,18,59,0,0,29,86,10,2,0,1,0,0.226,0.299,0.47,0.768,105,0.338,107,139,"3H/D",0,17424,107584,87616,1936,4489,256,1,324,3481,0,0,841,7396,100,4,0,1,0,0.051076,0.089401,0.2209,0.589824,11025,0.114244,11449,19321,0
"Justin Smoak","NH","2018","TOR","Toronto Blue Jays",31.7,1,1379,10825640.129676,5412820.064838,0,2,"2018","2019",0,0,0,0,162,73,89,0,0,-16,0,0,0,709,5477,1336,217,832,0.496,0.261,4.23,2.5,6.25,147,594,505,67,122,34,0,25,77,0,1,83,156,11,3,0,3,2,0.242,0.35,0.457,0.808,122,0.353,123,231,"3D/H",0,21609,352836,255025,4489,14884,1156,0,625,5929,0,1,6889,24336,121,9,0,9,4,0.058564,0.1225,0.208849,0.652864,14884,0.124609,15129,53361,0
"Justin Smoak","NH","2019","TOR","Toronto Blue Jays",32.7,2,1379,10825640.129676,5412820.064838,0,2,"2018","2019",0,0,0,0,162,67,95,0,0,-28,0,0,1,726,5493,1299,247,828,0.495,0.26,4.24,0.5,0.25,121,500,414,54,86,16,0,22,61,0,0,79,106,11,6,0,1,3,0.208,0.342,0.406,0.748,101,0.329,103,168,"3D/H",0,14641,250000,171396,2916,7396,256,0,484,3721,0,0,6241,11236,121,36,0,1,9,0.043264,0.116964,0.164836,0.559504,10201,0.108241,10609,28224,0
"Justin Smoak","NH","2019","TOR","Toronto Blue Jays",32.7,3,1380,10593425.0468255,5296712.52341277,0,2,"2019","2020",0,0,0,0,162,67,95,0,0,-28,0,0,1,726,5493,1299,247,828,0.495,0.26,4.24,0.5,0.25,121,500,414,54,86,16,0,22,61,0,0,79,106,11,6,0,1,3,0.208,0.342,0.406,0.748,101,0.329,103,168,"3D/H",0,14641,250000,171396,2916,7396,256,0,484,3721,0,0,6241,11236,121,36,0,1,9,0.043264,0.116964,0.164836,0.559504,10201,0.108241,10609,28224,0
"Justin Smoak","NH","2020","MIL","Milwaukee Brewers",33.7,4,1380,10593425.0468255,5296712.52341277,0,2,"2019","2020",0,0,0,0,60,29,31,0,1,-2,0,0,1,247,1920,429,75,264,0.481,0.257,4.18,-0.7,0.49,36,132,119,14,21,7,0,5,15,0,0,10,42,4,2,0,1,0,0.176,0.25,0.361,0.611,62,0.272,58,43,"3/HD",0,1296,17424,14161,196,441,49,0,25,225,0,0,100,1764,16,4,0,1,0,0.030976,0.0625,0.130321,0.373321,3844,0.073984,3364,1849,0
"Justin Smoak","NH","2020","MIL","Milwaukee Brewers",33.7,5,1381,5000000,5000000,1,1,"2020","2020",0,0,0,0,60,29,31,0,1,-2,0,0,1,247,1920,429,75,264,0.481,0.257,4.18,-0.7,0.49,36,132,119,14,21,7,0,5,15,0,0,10,42,4,2,0,1,0,0.176,0.25,0.361,0.611,62,0.272,58,43,"3/HD",0,1296,17424,14161,196,441,49,0,25,225,0,0,100,1764,16,4,0,1,0,0.030976,0.0625,0.130321,0.373321,3844,0.073984,3364,1849,0
"Justin Turner","NH","2014","LAD","Los Angeles Dodgers",29.8,0,1382,1000000,1000000,1,1,"2014","2014",0,0,0,0,160,94,68,1,1,26,0,0,1,718,5560,1476,134,617,0.525,0.262,3.53,4.1,16.81,109,322,288,46,98,21,1,7,43,6,1,28,58,6,4,0,2,1,0.34,0.404,0.493,0.897,155,0.405,163,142,"5H64/3",0,11881,103684,82944,2116,9604,441,1,49,1849,36,1,784,3364,36,16,0,4,1,0.1156,0.163216,0.243049,0.804609,24025,0.164025,26569,20164,0
"Justin Turner","NH","2017","LAD","Los Angeles Dodgers",32.8,1,1383,64000000,16000000,0,4,"2017","2020",2,1,0,0,164,104,58,1,1,46,1,0,0,770,5408,1347,221,580,0.527,0.262,3.53,5.8,33.64,130,543,457,72,147,32,0,21,71,7,1,59,56,12,19,1,7,5,0.322,0.415,0.53,0.945,150,0.408,155,242,"5/HD",0,16900,294849,208849,5184,21609,1024,0,441,5041,49,1,3481,3136,144,361,1,49,25,0.103684,0.172225,0.2809,0.893025,22500,0.166464,24025,58564,0
"Justin Turner","NH","2018","LAD","Los Angeles Dodgers",33.8,2,1383,64000000,16000000,0,4,"2017","2020",2,1,0,0,163,92,71,1,1,21,1,0,1,804,5572,1394,235,610,0.527,0.262,3.53,4.9,24.01,103,426,365,62,114,31,1,14,52,2,1,47,54,10,12,0,2,3,0.312,0.406,0.518,0.924,151,0.412,162,189,"5/HD",0,10609,181476,133225,3844,12996,961,1,196,2704,4,1,2209,2916,100,144,0,4,9,0.097344,0.164836,0.268324,0.853776,22801,0.169744,26244,35721,0
"Justin Turner","NH","2019","LAD","Los Angeles Dodgers",34.8,3,1383,64000000,16000000,0,4,"2017","2020",0,0,0,0,162,106,56,1,1,50,0,0,0,886,5493,1414,279,613,0.528,0.262,3.53,3.9,15.21,135,549,479,80,139,24,0,27,67,2,0,51,88,11,14,0,5,1,0.29,0.372,0.509,0.881,130,0.382,136,244,"5H/D4",0,18225,301401,229441,6400,19321,576,0,729,4489,4,0,2601,7744,121,196,0,25,1,0.0841,0.138384,0.259081,0.776161,16900,0.145924,18496,59536,0
"Justin Turner","NH","2020","LAD","Los Angeles Dodgers",35.8,4,1383,64000000,16000000,0,4,"2017","2020",0,0,0,0,60,43,17,1,1,26,1,1,0,349,2042,523,118,213,0.528,0.261,3.53,1.4,1.96,42,175,150,26,46,9,1,4,23,1,0,18,26,2,6,0,1,0,0.307,0.4,0.46,0.86,133,0.395,145,69,"5D",0,1764,30625,22500,676,2116,81,1,16,529,1,0,324,676,4,36,0,1,0,0.094249,0.16,0.2116,0.7396,17689,0.156025,21025,4761,0
"Justin Turner","NH","2021","LAD","Los Angeles Dodgers",36.8,5,1384,34000000,17000000,0,2,"2021","2022",1,0,0,0,162,106,56,0,1,50,0,0,0,830,5445,1330,237,561,0.529,0.261,3.53,3.5,12.25,151,612,533,87,148,22,0,27,87,3,0,61,98,12,12,0,6,0,0.278,0.361,0.471,0.832,120,0.37,125,251,"5H/D1",0,22801,374544,284089,7569,21904,484,0,729,7569,9,0,3721,9604,144,144,0,36,0,0.077284,0.130321,0.221841,0.692224,14400,0.1369,15625,63001,0
"Justin Turner","NH","2022","LAD","Los Angeles Dodgers",37.8,6,1384,34000000,17000000,0,2,"2021","2022",0,0,0,0,162,111,51,1,1,60,0,0,2,847,5526,1418,212,513,0.531,0.261,3.52,2.3,5.29,128,532,468,61,130,36,0,13,81,3,0,50,89,13,6,0,8,1,0.278,0.35,0.438,0.788,120,0.346,118,205,"5D/H",0,16384,283024,219024,3721,16900,1296,0,169,6561,9,0,2500,7921,169,36,0,64,1,0.077284,0.1225,0.191844,0.620944,14400,0.119716,13924,42025,0
"Justin Turner","NH","2023","BOS","Boston Red Sox",38.8,7,1385,21700000,10850000,1,2,"2023","2024",0,0,0,0,162,78,84,0,0,-6,0,0,0,772,5562,1437,182,776,0.518,0.267,3.92,2.1,4.41,146,626,558,86,154,31,0,23,96,4,1,51,110,10,11,0,6,0,0.276,0.345,0.455,0.8,114,0.35,116,254,"D34/5H",1,21316,391876,311364,7396,23716,961,0,529,9216,16,1,2601,12100,100,121,0,36,0,0.076176,0.119025,0.207025,0.64,12996,0.1225,13456,64516,1
"Justin Turner","NH","2024","TOR","Toronto Blue Jays",39.8,8,1385,21700000,10850000,1,2,"2023","2024",0,0,0,0,162,74,88,0,0,-14,0,0,0,671,5410,1306,156,743,0.498,0.26,4.22,1.4,1.96,139,539,460,59,119,24,0,11,55,0,2,59,95,16,13,0,7,2,0.259,0.354,0.383,0.737,113,0.328,115,176,"D3H/5",0,19321,290521,211600,3481,14161,576,0,121,3025,0,4,3481,9025,256,169,0,49,4,0.067081,0.125316,0.146689,0.543169,12769,0.107584,13225,30976,0
"Justin Turner","NH","2024","TOR","Toronto Blue Jays",39.8,9,1386,13000000,13000000,1,1,"2024","2024",0,0,0,0,162,74,88,0,0,-14,0,0,0,671,5410,1306,156,743,0.498,0.26,4.22,1.4,1.96,139,539,460,59,119,24,0,11,55,0,2,59,95,16,13,0,7,2,0.259,0.354,0.383,0.737,113,0.328,115,176,"D3H/5",0,19321,290521,211600,3481,14161,576,0,121,3025,0,4,3481,9025,256,169,0,49,4,0.067081,0.125316,0.146689,0.543169,12769,0.107584,13225,30976,0
"Justin Turner","H","2025","CHC","Chicago Cubs",40.8,10,1387,6000000,6000000,1,1,"2025","2025",0,0,0,0,162,92,70,0,1,22,0,0,0,793,5495,1371,223,649,0.513,0.262,3.7,-0.1,0.01,80,191,169,14,37,7,0,3,18,2,0,17,37,3,1,0,4,0,0.219,0.288,0.314,0.602,76,0.282,81,53,"3HD5",0,6400,36481,28561,196,1369,49,0,9,324,4,0,289,1369,9,1,0,16,0,0.047961,0.082944,0.098596,0.362404,5776,0.079524,6561,2809,0
"Justin Upton","NH","2016","DET","Detroit Tigers",29,8.06,1388,132750000,22125000,1,6,"2016","2021",0,0,0,0,161,86,75,0,0,11,0,0,0,750,5526,1476,211,721,0.508,0.266,3.96,1.7,2.89,153,626,570,81,140,28,2,31,87,9,4,50,179,15,4,0,2,3,0.246,0.31,0.465,0.775,106,0.335,105,265,"7/8HD",0,23409,391876,324900,6561,19600,784,4,961,7569,81,16,2500,32041,225,16,0,4,9,0.060516,0.0961,0.216225,0.600625,11236,0.112225,11025,70225,0
"Justin Upton","NH","2017","DET","Detroit Tigers",30,9.06,1388,132750000,22125000,1,6,"2016","2021",2,1,0,1,162,64,98,0,0,-34,0,0,3,735,5556,1435,187,894,0.507,0.266,3.98,5.6,31.36,152,635,557,100,152,44,0,35,109,14,5,74,180,9,3,0,1,3,0.273,0.361,0.54,0.901,137,0.386,139,301,"7/H",0,23104,403225,310249,10000,23104,1936,0,1225,11881,196,25,5476,32400,81,9,0,1,9,0.074529,0.130321,0.2916,0.811801,18769,0.148996,19321,90601,0
"Justin Upton","NH","2018","LAA","Los Angeles Angels",31,10.06,1388,132750000,22125000,1,6,"2016","2021",0,0,0,0,162,80,82,0,0,-2,0,0,1,721,5472,1323,214,722,0.5,0.257,3.95,3.7,13.69,145,613,533,80,137,18,1,30,85,8,2,64,176,12,10,0,6,1,0.257,0.344,0.463,0.808,121,0.357,125,247,"7/DH",0,21025,375769,284089,6400,18769,324,1,900,7225,64,4,4096,30976,144,100,0,36,1,0.066049,0.118336,0.214369,0.652864,14641,0.127449,15625,61009,0
"Justin Upton","NH","2019","LAA","Los Angeles Angels",32,11.06,1388,132750000,22125000,1,6,"2016","2021",0,0,0,0,162,72,90,0,0,-18,0,0,1,769,5542,1368,220,868,0.499,0.257,3.97,-1,1,63,256,219,34,47,8,0,12,40,1,1,32,78,5,0,0,5,0,0.215,0.309,0.416,0.724,90,0.313,89,91,"7/DH",0,3969,65536,47961,1156,2209,64,0,144,1600,1,1,1024,6084,25,0,0,25,0,0.046225,0.095481,0.173056,0.524176,8100,0.097969,7921,8281,0
"Justin Upton","NH","2020","LAA","Los Angeles Angels",33,12.06,1388,132750000,22125000,1,6,"2016","2021",0,0,0,0,60,26,34,0,0,-8,0,0,0,294,2020,501,85,321,0.499,0.257,3.98,-0.6,0.36,42,166,147,20,30,5,0,9,22,0,2,11,43,6,7,0,1,0,0.204,0.289,0.422,0.711,92,0.305,90,62,"7/D",0,1764,27556,21609,400,900,25,0,81,484,0,4,121,1849,36,49,0,1,0,0.041616,0.083521,0.178084,0.505521,8464,0.093025,8100,3844,0
"Justin Upton","NH","2021","LAA","Los Angeles Angels",34,13.06,1388,132750000,22125000,1,6,"2016","2021",0,0,0,0,162,77,85,0,0,-8,0,0,0,723,5437,1331,190,804,0.499,0.257,3.99,-0.7,0.49,89,362,318,47,67,12,0,17,41,4,1,39,107,11,1,0,3,0,0.211,0.296,0.409,0.705,90,0.309,88,130,"7/8DH",0,7921,131044,101124,2209,4489,144,0,289,1681,16,1,1521,11449,121,1,0,9,0,0.044521,0.087616,0.167281,0.497025,8100,0.095481,7744,16900,0
"Justin Upton","NH","2022","SEA","Seattle Mariners",35,14.06,1389,700000,700000,1,1,"2022","2022",0,0,0,0,162,90,72,0,1,18,0,0,0,690,5375,1236,197,623,0.474,0.258,4.32,-0.3,0.09,17,57,48,2,6,1,0,1,3,0,0,6,23,1,3,0,0,0,0.125,0.263,0.208,0.471,41,0.248,58,10,"D/97H",0,289,3249,2304,4,36,1,0,1,9,0,0,36,529,1,9,0,0,0,0.015625,0.069169,0.043264,0.221841,1681,0.061504,3364,100,0
"Justin Wilson","NH","2019","NYM","New York Mets",32,0,1393,10000000,5000000,1,2,"2019","2020",0,0,0,0,162,86,76,0,0,10,0,0,0,791,5624,1445,242,737,0.481,0.25,3.79,0,0,40,0,0,0,0,0,0,0,0,0,0,0,0,0,0,0,0,0,0,0,0,0,0,0,0,0,"1",0,1600,0,0,0,0,0,0,0,0,0,0,0,0,0,0,0,0,0,0,0,0,0,0,0,0,0,0
"Justin Wilson","NH","2021","CIN","Cincinnati Reds",34,2,1394,5150000,2575000,1,2,"2021","2022",0,0,0,0,162,83,79,0,0,4,0,0,0,786,5423,1352,222,760,0.505,0.261,3.75,0,0,20,0,0,0,0,0,0,0,0,0,0,0,0,0,0,0,0,0,0,0,0,0,0,0,0,0,"1",0,400,0,0,0,0,0,0,0,0,0,0,0,0,0,0,0,0,0,0,0,0,0,0,0,0,0,0
"Justin Wilson","NH","2024","CIN","Cincinnati Reds",37,7,1397,1542571.2342037,1542571.2342037,1,1,"2024","2024",0,0,0,0,162,77,85,0,0,-8,0,0,0,699,5325,1230,174,694,0.504,0.261,3.77,0,0,1,0,0,0,0,0,0,0,0,0,0,0,0,0,0,0,0,0,0,0,0,0,0,0,0,0,"1",0,1,0,0,0,0,0,0,0,0,0,0,0,0,0,0,0,0,0,0,0,0,0,0,0,0,0,0
"Kelly Johnson","NH","2013","TB","Tampa Bay Rays",31.5,0,1399,2450000,2450000,1,1,"2013","2013",0,0,0,0,163,92,71,0,1,21,0,0,0,700,5538,1421,165,646,0.461,0.258,4.53,0.9,0.81,118,407,366,41,86,12,2,16,52,7,4,35,99,4,3,0,3,1,0.235,0.305,0.41,0.715,99,0.314,96,150,"74DH5/3",0,13924,165649,133956,1681,7396,144,4,256,2704,49,16,1225,9801,16,9,0,9,1,0.055225,0.093025,0.1681,0.511225,9801,0.098596,9216,22500,0
"Kelly Johnson","NH","2014","NYY","New York Yankees",32.5,1,1400,3000000,3000000,1,1,"2014","2014",0,0,0,0,-114,-34,-75,0,0,41,0,0,-4,-842,-3852,-1317,90,-934,0.569,0.267,3.64,0,0,106,297,265,29,57,14,2,7,27,2,2,29,71,3,2,0,1,0,0.215,0.296,0.362,0.659,86,0.297,83,96,"53H/47D9",0,11236,88209,70225,841,3249,196,4,49,729,4,4,841,5041,9,4,0,1,0,0.046225,0.087616,0.131044,0.434281,7396,0.088209,6889,9216,0
"Kelly Johnson","NH","2015","ATL","Atlanta Braves",33.5,2,1401,1500000,1500000,1,1,"2015","2015",0,0,0,0,162,67,95,0,0,-28,0,0,1,573,5420,1361,100,760,0.501,0.26,3.64,0.2,0.04,111,335,310,38,82,11,0,14,47,2,1,23,81,8,0,0,1,2,0.265,0.314,0.435,0.75,106,0.336,109,135,"74H35/96D",0,12321,112225,96100,1444,6724,121,0,196,2209,4,1,529,6561,64,0,0,1,4,0.070225,0.098596,0.189225,0.5625,11236,0.112896,11881,18225,0
"Kelly Johnson","NH","2016","NYM","New York Mets",34.5,3,1402,2000000,2000000,1,1,"2016","2016",0,0,0,0,162,87,75,0,1,12,0,0,1,671,5459,1342,218,617,0.481,0.25,3.75,-0.1,0.01,131,333,304,25,75,14,0,10,34,4,0,25,65,6,2,0,2,2,0.247,0.306,0.391,0.698,87,0.316,89,119,"H457/36",0,17161,110889,92416,625,5625,196,0,100,1156,16,0,625,4225,36,4,0,4,4,0.061009,0.093636,0.152881,0.487204,7569,0.099856,7921,14161,0
"Kendall Graveman","NH","2021","HOU","Houston Astros",30.7,2,1405,1478945.37519612,1478945.37519612,1,1,"2021","2021",0,0,0,0,162,95,67,1,1,28,1,0,0,863,5593,1496,221,658,0.498,0.255,3.81,0,0,7,0,0,0,0,0,0,0,0,0,0,0,0,0,0,0,0,0,0,0,0,0,0,0,0,0,"1",0,49,0,0,0,0,0,0,0,0,0,0,0,0,0,0,0,0,0,0,0,0,0,0,0,0,0,0
"Kendall Graveman","NH","2022","CHW","Chicago White Sox",31.7,3,1406,24000000,8000000,1,3,"2022","2024",0,0,0,0,162,81,81,0,0,0,0,0,2,686,5611,1435,149,717,0.503,0.26,3.78,0,0,1,0,0,0,0,0,0,0,0,0,0,0,0,0,0,0,0,0,0,0,0,0,0,0,0,0,"1",0,1,0,0,0,0,0,0,0,0,0,0,0,0,0,0,0,0,0,0,0,0,0,0,0,0,0,0
"Kendall Graveman","NH","2023","HOU","Houston Astros",32.7,4,1406,24000000,8000000,1,3,"2022","2024",0,0,0,0,162,90,72,1,1,18,0,0,0,827,5567,1441,222,698,0.501,0.255,3.8,0,0,1,0,0,0,0,0,0,0,0,0,0,0,0,0,0,0,0,0,0,0,0,0,0,0,0,0,"1",0,1,0,0,0,0,0,0,0,0,0,0,0,0,0,0,0,0,0,0,0,0,0,0,0,0,0,0
"Kendall Graveman","NH","2023","HOU","Houston Astros",32.7,6,1407,25529666.2245729,8509888.74152428,1,3,"2023","2025",0,0,0,0,162,90,72,1,1,18,0,0,0,827,5567,1441,222,698,0.501,0.255,3.8,0,0,1,0,0,0,0,0,0,0,0,0,0,0,0,0,0,0,0,0,0,0,0,0,0,0,0,0,"1",0,1,0,0,0,0,0,0,0,0,0,0,0,0,0,0,0,0,0,0,0,0,0,0,0,0,0,0
"Kendrys Morales","H","2014","SEA","Seattle Mariners",31.2,0,1409,7540983,7540983,1,1,"2014","2014",0,0,0,0,162,87,75,0,0,12,0,0,0,634,5450,1328,136,554,0.468,0.261,4.33,-0.9,0.81,98,401,367,28,80,20,0,8,42,0,0,27,68,12,3,0,4,3,0.218,0.274,0.338,0.612,75,0.284,75,124,"D3/H",0,9604,160801,134689,784,6400,400,0,64,1764,0,0,729,4624,144,9,0,16,9,0.047524,0.075076,0.114244,0.374544,5625,0.080656,5625,15376,0
"Kendrys Morales","H","2015","KC","Kansas City Royals",32.2,1,1410,17000000,8500000,1,2,"2015","2016",2,1,0,1,162,95,67,1,1,28,1,1,0,724,5575,1497,139,641,0.485,0.265,4.19,2.6,6.76,158,639,569,81,165,41,2,22,106,0,0,58,103,24,8,0,4,4,0.29,0.362,0.485,0.847,127,0.37,130,276,"D/3H",1,24964,408321,323761,6561,27225,1681,4,484,11236,0,0,3364,10609,576,64,0,16,16,0.0841,0.131044,0.235225,0.717409,16129,0.1369,16900,76176,1
"Kendrys Morales","H","2016","KC","Kansas City Royals",33.2,2,1410,17000000,8500000,1,2,"2015","2016",0,0,0,0,162,81,81,0,0,0,0,0,0,675,5552,1450,147,712,0.485,0.265,4.19,0.9,0.81,154,618,558,65,147,24,0,30,93,0,0,48,120,20,7,0,5,2,0.263,0.327,0.468,0.795,110,0.345,111,261,"D/39H",1,23716,381924,311364,4225,21609,576,0,900,8649,0,0,2304,14400,400,49,0,25,4,0.069169,0.106929,0.219024,0.632025,12100,0.119025,12321,68121,1
"Kendrys Morales","H","2017","TOR","Toronto Blue Jays",34.2,3,1411,33000000,11000000,1,3,"2017","2019",0,0,0,0,162,76,86,0,0,-10,0,0,1,693,5499,1320,222,784,0.498,0.261,4.21,-0.1,0.01,150,608,557,67,139,25,0,28,85,0,0,43,132,22,5,0,3,2,0.25,0.308,0.445,0.753,98,0.329,98,248,"D3/H",1,22500,369664,310249,4489,19321,625,0,784,7225,0,0,1849,17424,484,25,0,9,4,0.0625,0.094864,0.198025,0.567009,9604,0.108241,9604,61504,1
"Kendrys Morales","H","2018","TOR","Toronto Blue Jays",35.2,4,1411,33000000,11000000,1,3,"2017","2019",0,0,0,0,162,73,89,0,0,-16,0,0,0,709,5477,1336,217,832,0.496,0.261,4.23,0.8,0.64,130,471,413,47,103,15,0,21,57,2,3,50,95,15,3,0,5,5,0.249,0.331,0.438,0.769,111,0.33,108,181,"DH3/15",0,16900,221841,170569,2209,10609,225,0,441,3249,4,9,2500,9025,225,9,0,25,25,0.062001,0.109561,0.191844,0.591361,12321,0.1089,11664,32761,0
"Kendrys Morales","H","2018","TOR","Toronto Blue Jays",35.2,6,1412,42028955.7975657,14009651.9325219,0,3,"2018","2020",0,0,0,0,162,73,89,0,0,-16,0,0,0,709,5477,1336,217,832,0.496,0.261,4.23,0.8,0.64,130,471,413,47,103,15,0,21,57,2,3,50,95,15,3,0,5,5,0.249,0.331,0.438,0.769,111,0.33,108,181,"DH3/15",0,16900,221841,170569,2209,10609,225,0,441,3249,4,9,2500,9025,225,9,0,25,25,0.062001,0.109561,0.191844,0.591361,12321,0.1089,11664,32761,0
"Kendrys Morales","H","2019","OAK","Oakland Athletics",36.2,5,1411,33000000,11000000,1,3,"2017","2019",0,0,0,0,162,97,65,0,1,32,0,0,1,845,5561,1384,257,680,0.489,0.259,3.98,-0.7,0.49,53,201,170,16,33,2,1,2,12,0,0,26,26,6,4,0,1,0,0.194,0.313,0.253,0.566,57,0.27,63,43,"3D/H1",0,2809,40401,28900,256,1089,4,1,4,144,0,0,676,676,36,16,0,1,0,0.037636,0.097969,0.064009,0.320356,3249,0.0729,3969,1849,0
"Kendrys Morales","H","2019","OAK","Oakland Athletics",36.2,7,1412,42028955.7975657,14009651.9325219,0,3,"2018","2020",0,0,0,0,162,97,65,0,1,32,0,0,1,845,5561,1384,257,680,0.489,0.259,3.98,-0.7,0.49,53,201,170,16,33,2,1,2,12,0,0,26,26,6,4,0,1,0,0.194,0.313,0.253,0.566,57,0.27,63,43,"3D/H1",0,2809,40401,28900,256,1089,4,1,4,144,0,0,676,676,36,16,0,1,0,0.037636,0.097969,0.064009,0.320356,3249,0.0729,3969,1849,0
"Kenley Jansen","NH","2017","LAD","Los Angeles Dodgers",29.8,0,1413,80000000,16000000,0,5,"2017","2021",3,1,1,0,164,104,58,1,1,46,1,0,0,770,5408,1347,221,580,0.527,0.262,3.53,0.1,0.01,59,4,4,0,2,1,0,0,1,0,0,0,0,1,0,0,0,0,0.5,0.5,0.75,1.25,227,0.509,230,3,"1",0,3481,16,16,0,4,1,0,0,1,0,0,0,0,1,0,0,0,0,0.25,0.25,0.5625,1.5625,51529,0.259081,52900,9,0
"Kenley Jansen","NH","2018","LAD","Los Angeles Dodgers",30.8,1,1413,80000000,16000000,0,5,"2017","2021",1,0,0,0,163,92,71,1,1,21,1,0,1,804,5572,1394,235,610,0.527,0.262,3.53,0,0,65,0,0,0,0,0,0,0,0,0,0,0,0,0,0,0,0,0,0,0,0,0,0,0,0,0,"1",0,4225,0,0,0,0,0,0,0,0,0,0,0,0,0,0,0,0,0,0,0,0,0,0,0,0,0,0
"Kenley Jansen","NH","2019","LAD","Los Angeles Dodgers",31.8,2,1413,80000000,16000000,0,5,"2017","2021",0,0,0,0,162,106,56,1,1,50,0,0,0,886,5493,1414,279,613,0.528,0.262,3.53,0,0,59,1,1,0,0,0,0,0,0,0,0,0,1,0,0,0,0,0,0,0,0,0,-100,0,-142,0,"1",0,3481,1,1,0,0,0,0,0,0,0,0,0,1,0,0,0,0,0,0,0,0,0,10000,0,20164,0,0
"Kenley Jansen","NH","2021","LAD","Los Angeles Dodgers",33.8,4,1413,80000000,16000000,0,5,"2017","2021",0,0,0,0,162,106,56,0,1,50,0,0,0,830,5445,1330,237,561,0.529,0.261,3.53,0,0,66,1,1,0,0,0,0,0,0,0,0,0,1,0,0,0,0,0,0,0,0,0,-100,0,-133,0,"1",0,4356,1,1,0,0,0,0,0,0,0,0,0,1,0,0,0,0,0,0,0,0,0,10000,0,17689,0,0
"Kenley Jansen","NH","2023","BOS","Boston Red Sox",35.8,6,1415,32000000,16000000,1,2,"2023","2024",1,0,0,0,162,78,84,0,0,-6,0,0,0,772,5562,1437,182,776,0.518,0.267,3.92,0,0,1,0,0,0,0,0,0,0,0,0,0,0,0,0,0,0,0,0,0,0,0,0,0,0,0,0,"1",0,1,0,0,0,0,0,0,0,0,0,0,0,0,0,0,0,0,0,0,0,0,0,0,0,0,0,0
"Kenley Jansen","NH","2024","BOS","Boston Red Sox",36.8,7,1415,32000000,16000000,1,2,"2023","2024",0,0,0,0,162,81,81,0,0,0,0,0,1,751,5577,1404,194,747,0.518,0.267,3.92,0,0,1,0,0,0,0,0,0,0,0,0,0,0,0,0,0,0,0,0,0,0,0,0,0,0,0,0,"1",0,1,0,0,0,0,0,0,0,0,0,0,0,0,0,0,0,0,0,0,0,0,0,0,0,0,0,0
"Kenley Jansen","NH","2025","LAA","Los Angeles Angels",37.8,8,1416,10000000,10000000,1,1,"2025","2025",0,0,0,0,162,72,90,0,0,-18,0,0,1,673,5374,1209,226,837,0.495,0.256,4.02,0,0,1,0,0,0,0,0,0,0,0,0,0,0,0,0,0,0,0,0,0,0,0,0,0,0,0,0,"1",0,1,0,0,0,0,0,0,0,0,0,0,0,0,0,0,0,0,0,0,0,0,0,0,0,0,0,0
"Keury Mella","NH","2017","CIN","Cincinnati Reds",24,0,1417,695958.90057858,695958.90057858,1,1,"2017","2017",0,0,0,0,165,68,94,0,0,-26,0,0,0,753,5484,1390,219,869,0.506,0.261,3.74,0,0,2,0,0,0,0,0,0,0,0,0,0,0,0,0,0,0,0,0,0,0,0,0,0,0,0,0,"/1",0,4,0,0,0,0,0,0,0,0,0,0,0,0,0,0,0,0,0,0,0,0,0,0,0,0,0,0
"Keury Mella","NH","2019","CIN","Cincinnati Reds",26,1,1418,691688.341292727,691688.341292727,0,1,"2019","2019",0,0,0,0,162,75,87,0,0,-12,0,0,1,701,5450,1328,227,711,0.505,0.261,3.75,0,0,2,1,1,0,0,0,0,0,0,0,0,0,1,0,0,0,0,0,0,0,0,0,-100,0,-150,0,"/1",0,4,1,1,0,0,0,0,0,0,0,0,0,1,0,0,0,0,0,0,0,0,0,10000,0,22500,0,0
"Kevin Correia","NH","2013","MIN","Minnesota Twins",33,0,1420,10000000,5000000,1,2,"2013","2014",0,0,0,0,162,66,96,0,0,-30,0,0,0,617,5577,1335,151,798,0.481,0.263,3.96,-0.2,0.04,5,10,7,0,0,0,0,0,0,0,0,0,5,0,0,3,0,0,0,0,0,0,-100,0,-243,0,"1/H",0,25,100,49,0,0,0,0,0,0,0,0,0,25,0,0,9,0,0,0,0,0,0,10000,0,59049,0,0
"Kevin Correia","NH","2014","LAD","Los Angeles Dodgers",34,1,1420,10000000,5000000,1,2,"2013","2014",0,0,0,0,160,94,68,1,1,26,0,0,1,718,5560,1476,134,617,0.525,0.262,3.53,0.2,0.04,11,11,11,1,3,1,0,0,1,0,0,0,3,0,0,0,0,0,0.273,0.273,0.364,0.636,79,0.354,124,4,"1",0,121,121,121,1,9,1,0,0,1,0,0,0,9,0,0,0,0,0,0.074529,0.074529,0.132496,0.404496,6241,0.125316,15376,16,0
"Kevin Correia","NH","2015","PHI","Philadelphia Phillies",35,2,1421,6500000,6500000,1,1,"2015","2015",0,0,0,0,162,63,99,0,0,-36,0,0,1,626,5529,1374,130,809,0.472,0.261,3.97,0,0,4,7,6,0,1,0,0,0,0,0,0,0,1,0,0,1,0,0,0.167,0.167,0.167,0.333,-7,0.151,-49,1,"/1",0,16,49,36,0,1,0,0,0,0,0,0,0,1,0,0,1,0,0,0.027889,0.027889,0.027889,0.110889,49,0.022801,2401,1,0
"Kevin Gausman","NH","2021","SF","San Francisco Giants",30.6,6.151,1423,18900000,18900000,0,1,"2021","2021",3,1,1,0,162,107,55,1,1,52,0,0,0,804,5462,1360,241,594,0.536,0.264,3.57,0.2,0.04,31,62,54,6,10,0,0,0,4,0,0,2,31,0,0,5,1,0,0.185,0.211,0.185,0.396,10,0.18,-12,10,"1/H",0,961,3844,2916,36,100,0,0,0,16,0,0,4,961,0,0,25,1,0,0.034225,0.044521,0.034225,0.156816,100,0.0324,144,100,0
"Kevin Gregg","NH","2014","MIA","Miami Marlins",36.2,0.0020000000000007,1425,1286387,1286387,1,1,"2014","2014",0,0,0,0,162,77,85,0,0,-8,0,0,0,645,5538,1399,122,674,0.47,0.258,4.27,0,0,12,0,0,0,0,0,0,0,0,0,0,0,0,0,0,0,0,0,0,0,0,0,0,0,0,0,"1",0,144,0,0,0,0,0,0,0,0,0,0,0,0,0,0,0,0,0,0,0,0,0,0,0,0,0,0
"Kevin Gregg","NH","2015","CIN","Cincinnati Reds",37.2,1.002,1426,1500000,1500000,1,1,"2015","2015",0,0,0,0,162,64,98,0,0,-34,0,0,0,640,5571,1382,167,754,0.507,0.262,3.72,0,0,11,0,0,0,0,0,0,0,0,0,0,0,0,0,0,0,0,0,0,0,0,0,0,0,0,0,"1",0,121,0,0,0,0,0,0,0,0,0,0,0,0,0,0,0,0,0,0,0,0,0,0,0,0,0,0
"Kevin Kiermaier","NH","2023","TOR","Toronto Blue Jays",33.3,0,1427,9000000,9000000,1,1,"2023","2023",1,0,0,0,162,89,73,0,1,16,0,0,1,746,5562,1423,188,671,0.499,0.261,4.22,3.8,14.44,129,408,370,58,98,21,6,8,36,14,1,29,86,9,4,1,4,0,0.265,0.322,0.419,0.741,103,0.33,103,155,"8/HD",0,16641,166464,136900,3364,9604,441,36,64,1296,196,1,841,7396,81,16,1,16,0,0.070225,0.103684,0.175561,0.549081,10609,0.1089,10609,24025,0
"Kevin Kiermaier","NH","2024","TOR","Toronto Blue Jays",34.3,1,1428,10500000,10500000,0,1,"2024","2024",0,0,0,0,162,74,88,0,0,-14,0,0,0,671,5410,1306,156,743,0.498,0.26,4.22,0.9,0.81,116,281,259,31,51,9,3,5,26,6,2,12,86,4,2,7,1,0,0.197,0.237,0.313,0.55,55,0.253,54,81,"8H/9D",0,13456,78961,67081,961,2601,81,9,25,676,36,4,144,7396,16,4,49,1,0,0.038809,0.056169,0.097969,0.3025,3025,0.064009,2916,6561,0
"Kevin Kouzmanoff","NH","2014","TEX","Texas Rangers",33,1,1430,689449.635766739,689449.635766739,1,1,"2014","2014",0,0,0,0,162,67,95,0,0,-28,0,0,0,637,5460,1400,111,773,0.476,0.26,4.24,0.5,0.25,13,51,47,8,17,6,0,2,10,0,0,2,7,2,2,0,0,1,0.362,0.412,0.617,1.029,183,0.437,184,29,"5/H",0,169,2601,2209,64,289,36,0,4,100,0,0,4,49,4,4,0,0,1,0.131044,0.169744,0.380689,1.058841,33489,0.190969,33856,841,0
"Kevin Pillar","NH","2020","BOS","Boston Red Sox",31.6,0,1431,4250000,4250000,1,1,"2020","2020",0,0,0,0,60,24,36,0,0,-12,0,0,0,292,2083,552,81,351,0.518,0.267,3.91,0.9,0.81,54,223,208,34,60,12,3,6,26,5,2,13,41,4,2,0,0,1,0.288,0.336,0.462,0.798,106,0.35,106,96,"89/HD7",0,2916,49729,43264,1156,3600,144,9,36,676,25,4,169,1681,16,4,0,0,1,0.082944,0.112896,0.213444,0.636804,11236,0.1225,11236,9216,0
"Kevin Pillar","NH","2021","NYM","New York Mets",32.6,1,1432,6500000,3250000,1,2,"2021","2022",0,0,0,0,162,77,85,0,0,-8,0,0,0,636,5210,1243,176,668,0.48,0.25,3.8,0.4,0.16,124,347,325,40,75,11,2,15,47,4,3,11,81,5,10,0,1,0,0.231,0.277,0.415,0.692,87,0.311,92,135,"87H9/1",0,15376,120409,105625,1600,5625,121,4,225,2209,16,9,121,6561,25,100,0,1,0,0.053361,0.076729,0.172225,0.478864,7569,0.096721,8464,18225,0
"Kevin Pillar","NH","2022","LAD","Los Angeles Dodgers",33.6,2,1432,6500000,3250000,1,2,"2021","2022",0,0,0,0,162,111,51,1,1,60,0,0,2,847,5526,1418,212,513,0.531,0.261,3.52,-0.2,0.04,4,13,12,1,1,1,0,0,0,0,0,1,4,1,0,0,0,0,0.083,0.154,0.167,0.321,-10,0.15,-22,2,"/78",0,16,169,144,1,1,1,0,0,0,0,0,1,16,1,0,0,0,0,0.006889,0.023716,0.027889,0.103041,100,0.0225,484,4,0
"Kevin Pillar","NH","2022","LAD","Los Angeles Dodgers",33.6,3,1433,2500000,2500000,1,1,"2022","2022",0,0,0,0,162,111,51,1,1,60,0,0,2,847,5526,1418,212,513,0.531,0.261,3.52,-0.2,0.04,4,13,12,1,1,1,0,0,0,0,0,1,4,1,0,0,0,0,0.083,0.154,0.167,0.321,-10,0.15,-22,2,"/78",0,16,169,144,1,1,1,0,0,0,0,0,1,16,1,0,0,0,0,0.006889,0.023716,0.027889,0.103041,100,0.0225,484,4,0
"Kevin Pillar","NH","2023","ATL","Atlanta Braves",34.6,4,1434,3000000,3000000,1,1,"2023","2023",0,0,0,0,162,104,58,1,1,46,0,0,0,947,5597,1543,307,716,0.503,0.26,3.67,0,0,81,206,197,29,45,10,0,9,32,4,1,6,50,2,0,0,3,0,0.228,0.248,0.416,0.664,76,0.289,72,82,"7H9/8",0,6561,42436,38809,841,2025,100,0,81,1024,16,1,36,2500,4,0,0,9,0,0.051984,0.061504,0.173056,0.440896,5776,0.083521,5184,6724,0
"Kevin Pillar","NH","2024","LAA","Los Angeles Angels",35.6,5,1435,740000,740000,1,1,"2024","2024",0,0,0,0,162,63,99,0,0,-36,0,0,0,635,5357,1227,165,797,0.495,0.256,4,0.3,0.09,100,314,284,38,65,16,1,8,45,12,3,16,69,10,10,1,3,0,0.229,0.291,0.377,0.667,87,0.298,85,107,"8H79D",0,10000,98596,80656,1444,4225,256,1,64,2025,144,9,256,4761,100,100,1,9,0,0.052441,0.084681,0.142129,0.444889,7569,0.088804,7225,11449,0
"Kevin Pillar","NH","2025","TEX","Texas Rangers",36.6,6,1436,1000000,1000000,1,1,"2025","2025",0,0,0,0,162,81,81,0,0,0,0,0,0,684,5443,1275,175,605,0.476,0.258,4.28,-0.1,0.01,20,43,43,6,9,2,0,0,1,3,0,0,8,0,0,0,0,0,0.209,0.209,0.256,0.465,37,0.213,26,11,"/8H9D7",0,400,1849,1849,36,81,4,0,0,1,9,0,0,64,0,0,0,0,0,0.043681,0.043681,0.065536,0.216225,1369,0.045369,676,121,0
"Kevin Plawecki","NH","2020","BOS","Boston Red Sox",29.5,3.167,1437,900000,900000,1,1,"2020","2020",0,0,0,0,60,24,36,0,0,-12,0,0,0,292,2083,552,81,351,0.518,0.267,3.91,0.6,0.36,24,89,82,8,28,5,1,1,17,1,0,5,14,4,2,0,0,0,0.341,0.393,0.463,0.857,128,0.385,133,38,"2/3D1",0,576,7921,6724,64,784,25,1,1,289,1,0,25,196,16,4,0,0,0,0.116281,0.154449,0.214369,0.734449,16384,0.148225,17689,1444,0
"Kevin Plawecki","NH","2022","BOS","Boston Red Sox",31.5,5.167,1438,780223.372192982,780223.372192982,1,1,"2022","2022",0,0,0,0,162,78,84,0,0,-6,0,0,1,735,5539,1427,155,787,0.518,0.267,3.92,-1.2,1.44,63,186,168,15,37,8,0,1,13,0,0,14,32,6,2,1,1,0,0.22,0.286,0.286,0.572,60,0.259,54,48,"2/H1",0,3969,34596,28224,225,1369,64,0,1,169,0,0,196,1024,36,4,1,1,0,0.0484,0.081796,0.081796,0.327184,3600,0.067081,2916,2304,0
"Keynan Middleton","NH","2021","SEA","Seattle Mariners",27.9,0,1439,800000,800000,1,1,"2021","2021",0,0,0,0,162,90,72,0,0,18,0,0,0,697,5355,1209,199,748,0.472,0.259,4.34,0,0,2,0,0,0,0,0,0,0,0,0,0,0,0,0,0,0,0,0,0,0,0,0,0,0,0,0,"1",0,4,0,0,0,0,0,0,0,0,0,0,0,0,0,0,0,0,0,0,0,0,0,0,0,0,0,0
"Keynan Middleton","NH","2022","ARI","Arizona Diamondbacks",28.9,1,1440,891683.853934837,891683.853934837,1,1,"2022","2022",0,0,0,0,162,74,88,0,0,-14,0,0,0,702,5351,1232,173,740,0.485,0.255,4.26,0,0,1,0,0,0,0,0,0,0,0,0,0,0,0,0,0,0,0,0,0,0,0,0,0,0,0,0,"1",0,1,0,0,0,0,0,0,0,0,0,0,0,0,0,0,0,0,0,0,0,0,0,0,0,0,0,0
"Kirby Yates","NH","2024","TEX","Texas Rangers",37.4,3,1445,4627713.70261111,4627713.70261111,1,1,"2024","2024",2,0,1,0,162,78,84,0,0,-6,0,0,1,683,5472,1302,176,738,0.476,0.258,4.29,0,0,3,0,0,0,0,0,0,0,0,0,0,0,0,0,0,0,0,0,0,0,0,0,0,0,0,0,"1",0,9,0,0,0,0,0,0,0,0,0,0,0,0,0,0,0,0,0,0,0,0,0,0,0,0,0,0
"Kohl Stewart","NH","2021","CHC","Chicago Cubs",26.8,1.065,1448,700000,700000,1,1,"2021","2021",0,0,0,0,162,71,91,0,0,-20,0,0,0,705,5306,1255,210,839,0.513,0.262,3.69,0,0,4,3,3,0,1,0,0,0,0,0,0,0,1,0,0,0,0,0,0.333,0.333,0.333,0.667,82,0.3,80,1,"/1",0,16,9,9,0,1,0,0,0,0,0,0,0,1,0,0,0,0,0,0.110889,0.110889,0.110889,0.444889,6724,0.09,6400,1,0
"Koji Uehara","NH","2013","BOS","Boston Red Sox",38.3,0,1449,4250000,4250000,1,1,"2013","2013",3,1,1,0,162,97,65,1,1,32,0,0,0,861,5669,1573,178,657,0.517,0.267,3.9,0,0,3,0,0,0,0,0,0,0,0,0,0,0,0,0,0,0,0,0,0,0,0,0,0,0,0,0,"1",0,9,0,0,0,0,0,0,0,0,0,0,0,0,0,0,0,0,0,0,0,0,0,0,0,0,0,0
"Koji Uehara","NH","2016","BOS","Boston Red Sox",41.3,1,1450,23847335.6434924,11923667.8217462,0,2,"2016","2017",0,0,0,0,162,93,69,1,1,24,0,0,0,878,5670,1598,208,694,0.517,0.267,3.9,0,0,3,0,0,0,0,0,0,0,0,0,0,0,0,0,0,0,0,0,0,0,0,0,0,0,0,0,"1",0,9,0,0,0,0,0,0,0,0,0,0,0,0,0,0,0,0,0,0,0,0,0,0,0,0,0,0
"Koji Uehara","NH","2017","CHC","Chicago Cubs",42.3,2,1450,23847335.6434924,11923667.8217462,0,2,"2016","2017",0,0,0,0,166,92,70,1,1,22,0,0,0,822,5496,1402,223,695,0.513,0.263,3.68,0,0,45,0,0,0,0,0,0,0,0,0,0,0,0,0,0,0,0,0,0,0,0,0,0,0,0,0,"1",0,2025,0,0,0,0,0,0,0,0,0,0,0,0,0,0,0,0,0,0,0,0,0,0,0,0,0,0
"Koji Uehara","NH","2017","CHC","Chicago Cubs",42.3,3,1451,6000000,6000000,1,1,"2017","2017",0,0,0,0,166,92,70,1,1,22,0,0,0,822,5496,1402,223,695,0.513,0.263,3.68,0,0,45,0,0,0,0,0,0,0,0,0,0,0,0,0,0,0,0,0,0,0,0,0,0,0,0,0,"1",0,2025,0,0,0,0,0,0,0,0,0,0,0,0,0,0,0,0,0,0,0,0,0,0,0,0,0,0
"Kole Calhoun","NH","2020","ARI","Arizona Diamondbacks",32.8,6.13,1452,16000000,8000000,1,2,"2020","2021",0,0,0,0,60,25,35,0,0,-10,0,0,0,269,1997,482,58,295,0.493,0.257,4.22,1.4,1.96,54,228,190,35,43,9,0,16,40,1,1,28,50,6,6,0,4,0,0.226,0.338,0.526,0.864,130,0.369,130,100,"9/DH",0,2916,51984,36100,1225,1849,81,0,256,1600,1,1,784,2500,36,36,0,16,0,0.051076,0.114244,0.276676,0.746496,16900,0.136161,16900,10000,0
"Kole Calhoun","NH","2021","ARI","Arizona Diamondbacks",33.8,7.13,1452,16000000,8000000,1,2,"2020","2021",0,0,0,0,162,52,110,0,0,-58,0,0,0,679,5489,1297,144,893,0.486,0.256,4.26,0,0,51,182,166,17,39,8,0,5,17,1,0,15,41,2,0,0,1,0,0.235,0.297,0.373,0.67,81,0.3,80,62,"9H/D",0,2601,33124,27556,289,1521,64,0,25,289,1,0,225,1681,4,0,0,1,0,0.055225,0.088209,0.139129,0.4489,6561,0.09,6400,3844,0
"Kole Calhoun","NH","2022","TEX","Texas Rangers",34.8,8.13,1453,5200000,5200000,1,1,"2022","2022",0,0,0,0,162,68,94,0,0,-26,0,0,1,707,5478,1308,198,743,0.475,0.258,4.29,-1.7,2.89,125,424,388,36,76,14,1,12,49,3,2,27,136,6,6,0,3,0,0.196,0.257,0.33,0.587,66,0.26,60,128,"97HD/8",0,15625,179776,150544,1296,5776,196,1,144,2401,9,4,729,18496,36,36,0,9,0,0.038416,0.066049,0.1089,0.344569,4356,0.0676,3600,16384,0
"Kole Calhoun","NH","2023","CLE","Cleveland Guardians",35.8,9.13,1454,765889.986737186,765889.986737186,1,1,"2023","2023",0,0,0,0,162,76,86,0,0,-10,0,0,0,662,5513,1379,124,697,0.512,0.265,3.83,0,0,43,174,157,18,34,7,0,6,25,0,1,13,37,3,2,0,2,0,0.217,0.282,0.376,0.657,80,0.288,80,59,"3D/9H",0,1849,30276,24649,324,1156,49,0,36,625,0,1,169,1369,9,4,0,4,0,0.047089,0.079524,0.141376,0.431649,6400,0.082944,6400,3481,0
"Kolten Wong","NH","2021","MIL","Milwaukee Brewers",30.8,7.045,1455,18000000,9000000,1,2,"2021","2022",0,0,0,0,162,95,67,1,1,28,0,0,0,738,5362,1251,194,623,0.483,0.257,4.17,3.3,10.89,116,492,445,70,121,32,2,14,50,12,5,31,83,2,13,0,3,1,0.272,0.335,0.447,0.783,110,0.346,113,199,"4/H",0,13456,242064,198025,4900,14641,1024,4,196,2500,144,25,961,6889,4,169,0,9,1,0.073984,0.112225,0.199809,0.613089,12100,0.119716,12769,39601,0
"Kolten Wong","NH","2022","MIL","Milwaukee Brewers",31.8,8.045,1455,18000000,9000000,1,2,"2021","2022",0,0,0,0,162,86,76,0,0,10,0,0,0,725,5417,1271,219,688,0.484,0.257,4.16,3,9,134,497,430,65,108,24,4,15,47,17,6,46,88,5,14,2,5,2,0.251,0.339,0.43,0.77,116,0.34,115,185,"4H/6D",0,17956,247009,184900,4225,11664,576,16,225,2209,289,36,2116,7744,25,196,4,25,4,0.063001,0.114921,0.1849,0.5929,13456,0.1156,13225,34225,0
"Kolten Wong","NH","2023","SEA","Seattle Mariners",32.8,9.045,1456,765889.986737186,765889.986737186,1,1,"2023","2023",0,0,0,0,162,88,74,0,0,14,0,0,0,758,5500,1332,210,659,0.476,0.258,4.31,-0.7,0.49,87,250,224,25,41,6,0,4,27,3,2,18,53,1,5,0,3,0,0.183,0.256,0.263,0.519,48,0.233,46,59,"4H/D",0,7569,62500,50176,625,1681,36,0,16,729,9,4,324,2809,1,25,0,9,0,0.033489,0.065536,0.069169,0.269361,2304,0.054289,2116,3481,0
"Kris Medlen","NH","2015","KC","Kansas City Royals",29.8,0,1457,8500000,4250000,1,2,"2015","2016",0,0,0,0,162,95,67,1,1,28,1,1,0,724,5575,1497,139,641,0.485,0.265,4.19,0,0,2,1,0,1,0,0,0,0,0,0,0,0,0,0,0,1,0,0,0,0,0,0,0,0,0,0,"1",0,4,1,0,1,0,0,0,0,0,0,0,0,0,0,0,1,0,0,0,0,0,0,0,0,0,0,0
"Kris Medlen","NH","2018","ARI","Arizona Diamondbacks",32.8,3,1459,1100000,1100000,1,1,"2018","2018",0,0,0,0,162,82,80,0,0,2,0,0,0,693,5460,1283,176,644,0.493,0.257,4.21,0,0,1,1,1,0,0,0,0,0,0,0,0,0,1,0,0,0,0,0,0,0,0,0,-100,0,-145,0,"/1",0,1,1,1,0,0,0,0,0,0,0,0,0,1,0,0,0,0,0,0,0,0,0,10000,0,21025,0,0
"Kurt Suzuki",NA,"2014","MIN","Minnesota Twins",30.8,6.112,1460,2750000,2750000,1,1,"2014","2014",1,0,0,0,162,70,92,0,0,-22,0,0,0,715,5567,1412,128,777,0.48,0.263,3.97,2.6,6.76,131,503,452,37,130,34,0,3,61,0,1,34,46,9,9,1,7,0,0.288,0.345,0.383,0.727,105,0.329,105,173,"2H/D",0,17161,253009,204304,1369,16900,1156,0,9,3721,0,1,1156,2116,81,81,1,49,0,0.082944,0.119025,0.146689,0.528529,11025,0.108241,11025,29929,0
"Kurt Suzuki",NA,"2017","ATL","Atlanta Braves",33.8,9.112,1461,1500000,1500000,1,1,"2017","2017",0,0,0,0,163,72,90,0,0,-18,0,0,0,732,5584,1467,165,821,0.5,0.26,3.66,2.7,7.29,81,309,276,38,78,13,0,19,50,0,0,17,39,5,13,1,2,2,0.283,0.351,0.536,0.887,128,0.374,127,148,"2/H",0,6561,95481,76176,1444,6084,169,0,361,2500,0,0,289,1521,25,169,1,4,4,0.080089,0.123201,0.287296,0.786769,16384,0.139876,16129,21904,0
"Kurt Suzuki",NA,"2019","WSH","Washington Nationals",35.8,11.112,1462,10000000,5000000,1,2,"2019","2020",0,0,0,0,162,93,69,0,1,24,1,1,1,873,5512,1460,231,724,0.489,0.254,3.88,0.5,0.25,85,309,280,37,74,11,0,17,63,0,1,20,36,10,6,0,3,1,0.264,0.324,0.486,0.809,105,0.343,105,136,"2H",0,7225,95481,78400,1369,5476,121,0,289,3969,0,1,400,1296,100,36,0,9,1,0.069696,0.104976,0.236196,0.654481,11025,0.117649,11025,18496,0
"Kurt Suzuki",NA,"2020","WSH","Washington Nationals",36.8,12.112,1462,10000000,5000000,1,2,"2019","2020",0,0,0,0,60,26,34,0,0,-8,0,0,1,293,1968,519,66,301,0.489,0.254,3.88,0.2,0.04,33,129,111,15,30,8,0,2,17,1,0,11,19,4,4,0,3,0,0.27,0.349,0.396,0.745,102,0.337,105,44,"2/DH",0,1089,16641,12321,225,900,64,0,4,289,1,0,121,361,16,16,0,9,0,0.0729,0.121801,0.156816,0.555025,10404,0.113569,11025,1936,0
"Kurt Suzuki",NA,"2021","LAA","Los Angeles Angels",37.8,13.112,1463,1500000,1500000,1,1,"2021","2021",0,0,0,0,162,77,85,0,0,-8,0,0,0,723,5437,1331,190,804,0.499,0.257,3.99,-0.4,0.16,72,247,219,17,49,8,0,6,16,0,0,12,44,7,11,2,3,0,0.224,0.294,0.342,0.636,73,0.283,70,75,"2/H",0,5184,61009,47961,289,2401,64,0,36,256,0,0,144,1936,49,121,4,9,0,0.050176,0.086436,0.116964,0.404496,5329,0.080089,4900,5625,0
"Kurt Suzuki",NA,"2022","LAA","Los Angeles Angels",38.8,14.112,1464,1750000,1750000,0,1,"2022","2022",0,0,0,0,162,73,89,0,0,-16,0,0,0,623,5423,1265,190,668,0.498,0.257,3.98,-0.4,0.16,51,159,139,10,25,4,0,4,15,0,0,15,29,3,2,1,2,0,0.18,0.266,0.295,0.561,59,0.26,58,41,"2/HD3",0,2601,25281,19321,100,625,16,0,16,225,0,0,225,841,9,4,1,4,0,0.0324,0.070756,0.087025,0.314721,3481,0.0676,3364,1681,0
"Kyle Farnsworth","NH","2013","PIT","Pittsburgh Pirates",37.3,1.1,1465,1250000,1250000,0,1,"2013","2013",0,0,0,0,162,94,68,0,1,26,0,0,2,636,5468,1339,161,583,0.503,0.265,3.71,0,0,13,0,0,0,0,0,0,0,0,0,0,0,0,0,0,0,0,0,0,0,0,0,0,0,0,0,"1",0,169,0,0,0,0,0,0,0,0,0,0,0,0,0,0,0,0,0,0,0,0,0,0,0,0,0,0
"Kyle Farnsworth","NH","2014","NYM","New York Mets",38.3,2.1,1466,1000000,1000000,1,1,"2014","2014",0,0,0,0,162,79,83,0,0,-4,0,0,2,629,5472,1306,125,618,0.478,0.25,3.76,0,0,22,0,0,0,0,0,0,0,0,0,0,0,0,0,0,0,0,0,0,0,0,0,0,0,0,0,"1",0,484,0,0,0,0,0,0,0,0,0,0,0,0,0,0,0,0,0,0,0,0,0,0,0,0,0,0
"Kyle Gibson","NH","2021","PHI","Philadelphia Phillies",33.8,1,1467,28000000,9333333.33333333,1,3,"2020","2022",1,0,0,0,162,82,80,0,0,2,0,0,0,734,5366,1288,198,745,0.472,0.261,3.99,0.1,0.01,13,30,29,3,4,0,0,1,2,0,0,0,10,0,0,1,0,0,0.138,0.138,0.241,0.379,0,0.162,-21,7,"1",0,169,900,841,9,16,0,0,1,4,0,0,0,100,0,0,1,0,0,0.019044,0.019044,0.058081,0.143641,0,0.026244,441,49,0
"Kyle Gibson","NH","2023","BAL","Baltimore Orioles",35.8,3,1468,10000000,10000000,1,1,"2023","2023",0,0,0,0,162,101,61,1,1,40,0,0,0,807,5495,1399,183,678,0.474,0.258,4.05,0,0,1,0,0,0,0,0,0,0,0,0,0,0,0,0,0,0,0,0,0,0,0,0,0,0,0,0,"1",0,1,0,0,0,0,0,0,0,0,0,0,0,0,0,0,0,0,0,0,0,0,0,0,0,0,0,0
"Kyle Kendrick","NH","2015","COL","Colorado Rockies",31,6.159,1471,5500000,5500000,1,1,"2015","2015",0,0,0,0,162,68,94,0,0,-26,0,0,0,737,5572,1479,186,844,0.466,0.275,5,0.3,0.09,25,49,43,6,8,2,0,1,2,0,0,3,16,1,0,3,0,0,0.186,0.239,0.302,0.541,38,0.241,15,13,"1",0,625,2401,1849,36,64,4,0,1,4,0,0,9,256,1,0,9,0,0,0.034596,0.057121,0.091204,0.292681,1444,0.058081,225,169,0
"Kyle Kendrick","NH","2017","BOS","Boston Red Sox",33,0.159,1472,1000000,1000000,1,1,"2017","2017",0,0,0,0,162,93,69,1,1,24,0,0,0,785,5669,1461,168,668,0.517,0.267,3.9,0,0,1,2,1,0,0,0,0,0,0,0,0,0,1,0,0,1,0,0,0,0,0,0,-100,0,-383,0,"/1",0,1,4,1,0,0,0,0,0,0,0,0,0,1,0,0,1,0,0,0,0,0,0,10000,0,146689,0,0
"Kyle Lohse","NH","2013","MIL","Milwaukee Brewers",34.8,3.092,1473,33000000,11000000,1,3,"2013","2015",0,0,0,0,162,74,88,0,0,-14,0,0,0,640,5474,1381,157,687,0.478,0.259,4.2,-0.1,0.01,30,68,55,2,8,0,0,0,3,0,0,1,29,0,0,12,0,0,0.145,0.161,0.145,0.306,-15,0.14,-73,8,"1/H",0,900,4624,3025,4,64,0,0,0,9,0,0,1,841,0,0,144,0,0,0.021025,0.025921,0.021025,0.093636,225,0.0196,5329,64,0
"Kyle Lohse","NH","2014","MIL","Milwaukee Brewers",35.8,4.092,1473,33000000,11000000,1,3,"2013","2015",0,0,0,0,162,82,80,0,0,2,0,0,0,650,5462,1366,150,657,0.478,0.259,4.19,-0.1,0.01,30,74,61,2,7,0,0,0,5,0,0,2,23,1,1,9,1,0,0.115,0.154,0.115,0.269,-24,0.144,-56,7,"1",0,900,5476,3721,4,49,0,0,0,25,0,0,4,529,1,1,81,1,0,0.013225,0.023716,0.013225,0.072361,576,0.020736,3136,49,0
"Kyle Lohse","NH","2015","MIL","Milwaukee Brewers",36.8,5.092,1473,33000000,11000000,1,3,"2013","2015",0,0,0,0,162,68,94,0,0,-26,0,0,0,655,5480,1378,145,737,0.477,0.259,4.19,0.2,0.04,38,42,39,3,9,1,0,0,1,0,0,0,10,1,0,3,0,0,0.231,0.231,0.256,0.487,34,0.215,10,10,"1/H",0,1444,1764,1521,9,81,1,0,0,1,0,0,0,100,1,0,9,0,0,0.053361,0.053361,0.065536,0.237169,1156,0.046225,100,100,0
"Kyle Schwarber","NH","2021","WSH","Washington Nationals",28.4,5.086,1475,10000000,10000000,1,1,"2021","2021",1,0,0,0,162,65,97,0,0,-32,0,0,0,724,5385,1388,182,820,0.487,0.254,3.9,3.5,12.25,113,471,399,76,106,19,0,32,71,1,1,64,127,4,6,0,2,1,0.266,0.374,0.554,0.928,149,0.404,156,221,"7D3/H",0,12769,221841,159201,5776,11236,361,0,1024,5041,1,1,4096,16129,16,36,0,4,1,0.070756,0.139876,0.306916,0.861184,22201,0.163216,24336,48841,0
"Kyle Schwarber","NH","2022","PHI","Philadelphia Phillies",29.4,6.086,1476,79000000,19750000,1,4,"2022","2025",2,1,0,1,162,87,75,0,1,12,1,0,1,747,5496,1392,205,685,0.473,0.26,3.99,2.3,5.29,155,669,577,100,126,21,3,46,94,10,1,86,200,10,4,0,2,3,0.218,0.323,0.504,0.827,131,0.36,130,291,"7D/H",0,24025,447561,332929,10000,15876,441,9,2116,8836,100,1,7396,40000,100,16,0,4,9,0.047524,0.104329,0.254016,0.683929,17161,0.1296,16900,84681,0
"Kyle Schwarber","NH","2023","PHI","Philadelphia Phillies",30.4,7.086,1476,79000000,19750000,1,4,"2022","2025",2,1,0,0,162,90,72,0,1,18,0,0,1,796,5541,1417,220,715,0.473,0.26,3.99,0.7,0.49,160,720,585,108,115,19,1,47,104,0,2,126,215,4,6,0,3,5,0.197,0.343,0.474,0.817,121,0.349,119,277,"7D",0,25600,518400,342225,11664,13225,361,1,2209,10816,0,4,15876,46225,16,36,0,9,25,0.038809,0.117649,0.224676,0.667489,14641,0.121801,14161,76729,0
"Kyle Schwarber","NH","2024","PHI","Philadelphia Phillies",31.4,8.086,1476,79000000,19750000,1,4,"2022","2025",2,1,0,0,162,95,67,1,1,28,0,0,0,784,5534,1423,198,671,0.474,0.26,3.99,3.3,10.89,150,692,573,110,142,22,0,38,104,5,3,106,197,6,5,0,8,4,0.248,0.366,0.485,0.851,134,0.367,134,278,"D/7H",1,22500,478864,328329,12100,20164,484,0,1444,10816,25,9,11236,38809,36,25,0,64,16,0.061504,0.133956,0.235225,0.724201,17956,0.134689,17956,77284,1
"Kyle Schwarber","NH","2025","PHI","Philadelphia Phillies",32.4,9.086,1476,79000000,19750000,1,4,"2022","2025",2,1,0,0,162,96,66,1,1,30,0,0,2,778,5517,1426,212,648,0.475,0.26,3.98,4.6,21.16,162,724,604,111,145,23,2,56,132,10,2,108,197,4,11,0,1,6,0.24,0.365,0.563,0.928,149,0.396,149,340,"D/7",1,26244,524176,364816,12321,21025,529,4,3136,17424,100,4,11664,38809,16,121,0,1,36,0.0576,0.133225,0.316969,0.861184,22201,0.156816,22201,115600,1
"Kyle Zimmer","NH","2019","KC","Kansas City Royals",27.9,0,1477,555000,555000,1,1,"2019","2019",0,0,0,0,162,59,103,0,0,-44,0,0,0,691,5496,1356,162,869,0.48,0.264,4.24,0,0,1,0,0,0,0,0,0,0,0,0,0,0,0,0,0,0,0,0,0,0,0,0,0,0,0,0,"1",0,1,0,0,0,0,0,0,0,0,0,0,0,0,0,0,0,0,0,0,0,0,0,0,0,0,0,0
"Kyle Zimmer","NH","2021","KC","Kansas City Royals",29.9,1,1478,696524.113902364,696524.113902364,0,1,"2021","2021",0,0,0,0,162,74,88,0,0,-14,0,0,0,686,5427,1349,163,788,0.479,0.264,4.25,0,0,3,0,0,0,0,0,0,0,0,0,0,0,0,0,0,0,0,0,0,0,0,0,0,0,0,0,"1",0,9,0,0,0,0,0,0,0,0,0,0,0,0,0,0,0,0,0,0,0,0,0,0,0,0,0,0
"Lance Lynn","NH","2018","MIN","Minnesota Twins",31.2,0,1479,12000000,12000000,1,1,"2018","2018",0,0,0,0,162,78,84,0,0,-6,0,0,1,738,5526,1379,166,775,0.48,0.263,3.99,0,0,3,4,4,0,0,0,0,0,0,0,0,0,2,0,0,0,0,0,0,0,0,0,-100,0,-137,0,"1",0,9,16,16,0,0,0,0,0,0,0,0,0,4,0,0,0,0,0,0,0,0,0,10000,0,18769,0,0
"Lance Lynn","NH","2019","TEX","Texas Rangers",32.2,1,1480,30000000,10000000,1,3,"2019","2021",2,0,1,0,162,78,84,0,0,-6,0,0,1,810,5540,1374,223,878,0.478,0.259,4.28,0,0,1,2,2,0,0,0,0,0,0,0,0,0,2,0,0,0,0,0,0,0,0,0,-100,0,-144,0,"1",0,1,4,4,0,0,0,0,0,0,0,0,0,4,0,0,0,0,0,0,0,0,0,10000,0,20736,0,0
"Lance Lynn","NH","2021","CHW","Chicago White Sox",34.2,3,1480,30000000,10000000,1,3,"2019","2021",2,0,1,0,162,93,69,1,1,24,0,0,0,796,5357,1373,190,636,0.503,0.26,3.78,0,0,2,5,5,0,1,0,0,0,2,0,0,0,3,0,0,0,0,0,0.2,0.2,0.2,0.4,10,0.178,-2,1,"1",0,4,25,25,0,1,0,0,0,4,0,0,0,9,0,0,0,0,0,0.04,0.04,0.04,0.16,100,0.031684,4,1,0
"Latroy Hawkins","NH","2012","LAA","Los Angeles Angels",39.6,0,1484,3000000,3000000,1,1,"2012","2012",0,0,0,0,162,89,73,0,0,16,0,0,0,767,5536,1518,187,699,0.499,0.258,3.94,0,0,4,0,0,0,0,0,0,0,0,0,0,0,0,0,0,0,0,0,0,0,0,0,0,0,0,0,"1",0,16,0,0,0,0,0,0,0,0,0,0,0,0,0,0,0,0,0,0,0,0,0,0,0,0,0,0
"Latroy Hawkins","NH","2013","NYM","New York Mets",40.6,1,1485,1000000,1000000,1,1,"2013","2013",0,0,0,0,162,74,88,0,0,-14,0,0,0,619,5559,1318,130,684,0.478,0.251,3.77,0,0,69,0,0,0,0,0,0,0,0,0,0,0,0,0,0,0,0,0,0,0,0,0,0,0,0,0,"1",0,4761,0,0,0,0,0,0,0,0,0,0,0,0,0,0,0,0,0,0,0,0,0,0,0,0,0,0
"Latroy Hawkins","NH","2014","COL","Colorado Rockies",41.6,2,1486,2250000,2250000,1,1,"2014","2014",0,0,0,0,162,66,96,0,0,-30,0,0,0,755,5612,1551,186,818,0.469,0.276,5,0,0,54,1,1,0,0,0,0,0,0,0,0,0,1,0,0,0,0,0,0,0,0,0,-100,0,-160,0,"1",0,2916,1,1,0,0,0,0,0,0,0,0,0,1,0,0,0,0,0,0,0,0,0,10000,0,25600,0,0
"Latroy Hawkins","NH","2015","COL","Colorado Rockies",42.6,3,1487,3046811.7252226,3046811.7252226,1,1,"2015","2015",0,0,0,0,162,68,94,0,0,-26,0,0,0,737,5572,1479,186,844,0.466,0.275,5,0,0,23,1,1,0,0,0,0,0,0,0,0,0,1,0,0,0,0,0,0,0,0,0,-100,0,-155,0,"1",0,529,1,1,0,0,0,0,0,0,0,0,0,1,0,0,0,0,0,0,0,0,0,10000,0,24025,0,0
"Liam Hendriks","NH","2021","CHW","Chicago White Sox",32.5,0,1488,54000000,18000000,1,3,"2021","2023",2,0,1,0,162,93,69,1,1,24,0,0,0,796,5357,1373,190,636,0.503,0.26,3.78,0,0,6,0,0,0,0,0,0,0,0,0,0,0,0,0,0,0,0,0,0,0,0,0,0,0,0,0,"1",0,36,0,0,0,0,0,0,0,0,0,0,0,0,0,0,0,0,0,0,0,0,0,0,0,0,0,0
"Liam Hendriks","NH","2022","CHW","Chicago White Sox",33.5,1,1488,54000000,18000000,1,3,"2021","2023",1,0,0,0,162,81,81,0,0,0,0,0,2,686,5611,1435,149,717,0.503,0.26,3.78,0,0,1,0,0,0,0,0,0,0,0,0,0,0,0,0,0,0,0,0,0,0,0,0,0,0,0,0,"1",0,1,0,0,0,0,0,0,0,0,0,0,0,0,0,0,0,0,0,0,0,0,0,0,0,0,0,0
"Logan Forsythe","NH","2019","TEX","Texas Rangers",32.6,7.113,1490,2000000,2000000,1,1,"2019","2019",0,0,0,0,162,78,84,0,0,-6,0,0,1,810,5540,1374,223,878,0.478,0.259,4.28,-0.4,0.16,101,367,317,38,72,17,1,7,39,2,0,44,100,8,3,0,2,0,0.227,0.325,0.353,0.678,73,0.31,76,112,"356H/4",0,10201,134689,100489,1444,5184,289,1,49,1521,4,0,1936,10000,64,9,0,4,0,0.051529,0.105625,0.124609,0.459684,5329,0.0961,5776,12544,0
"Logan Forsythe","NH","2020","MIA","Miami Marlins",33.6,8.113,1491,704615.735189191,704615.735189191,1,1,"2020","2020",0,0,0,0,60,31,29,0,1,2,0,0,0,263,1935,472,60,304,0.463,0.257,4.31,-0.3,0.09,12,38,34,2,4,1,0,1,2,0,0,4,12,0,0,0,0,0,0.118,0.211,0.235,0.446,21,0.203,12,8,"/43D1",0,144,1444,1156,4,16,1,0,1,4,0,0,16,144,0,0,0,0,0,0.013924,0.044521,0.055225,0.198916,441,0.041209,144,64,0
"Logan Morrison","H","2018","MIN","Minnesota Twins",31,7.069,1492,6500000,6500000,1,1,"2018","2018",0,0,0,0,162,78,84,0,0,-6,0,0,1,738,5526,1379,166,775,0.48,0.263,3.99,-0.2,0.04,95,359,318,41,59,13,0,15,39,1,0,34,80,3,6,0,1,0,0.186,0.276,0.368,0.644,74,0.285,70,117,"3DH/7",0,9025,128881,101124,1681,3481,169,0,225,1521,1,0,1156,6400,9,36,0,1,0,0.034596,0.076176,0.135424,0.414736,5476,0.081225,4900,13689,0
"Logan Morrison","H","2019","PHI","Philadelphia Phillies",32,8.069,1493,1246285.29962654,1246285.29962654,1,1,"2019","2019",0,0,0,0,162,81,81,0,0,0,0,0,1,774,5571,1369,215,794,0.472,0.261,3.98,-0.1,0.01,29,38,35,5,7,1,0,2,3,0,0,3,10,1,0,0,0,0,0.2,0.263,0.4,0.663,69,0.306,78,14,"H/3D",0,841,1444,1225,25,49,1,0,4,9,0,0,9,100,1,0,0,0,0,0.04,0.069169,0.16,0.439569,4761,0.093636,6084,196,0
"Louis Coleman","NH","2016","LAD","Los Angeles Dodgers",30.3,0,1494,750000,750000,1,1,"2016","2016",0,0,0,0,162,91,71,1,1,20,0,0,1,725,5518,1376,189,638,0.526,0.262,3.54,0,0,57,0,0,0,0,0,0,0,0,0,0,0,0,0,0,0,0,0,0,0,0,0,0,0,0,0,"1",0,3249,0,0,0,0,0,0,0,0,0,0,0,0,0,0,0,0,0,0,0,0,0,0,0,0,0,0
"Louis Coleman","NH","2018","DET","Detroit Tigers",32.3,1,1495,694114.573020403,694114.573020403,1,1,"2018","2018",0,0,0,0,162,64,98,0,0,-34,0,0,0,630,5494,1326,135,796,0.506,0.265,3.98,0,0,3,0,0,0,0,0,0,0,0,0,0,0,0,0,0,0,0,0,0,0,0,0,0,0,0,0,"1",0,9,0,0,0,0,0,0,0,0,0,0,0,0,0,0,0,0,0,0,0,0,0,0,0,0,0,0
"Lucas Duda","NH","2018","KC","Kansas City Royals",32.5,6.137,1496,3500000,3500000,1,1,"2018","2018",0,0,0,0,162,58,104,0,0,-46,0,0,0,638,5505,1350,155,833,0.483,0.264,4.22,0.6,0.36,107,367,328,35,79,14,1,14,50,1,0,28,102,5,8,0,3,2,0.241,0.313,0.418,0.731,98,0.318,94,137,"3DH",0,11449,134689,107584,1225,6241,196,1,196,2500,1,0,784,10404,25,64,0,9,4,0.058081,0.097969,0.174724,0.534361,9604,0.101124,8836,18769,0
"Lucas Duda","NH","2019","KC","Kansas City Royals",33.5,7.137,1497,1250000,1250000,0,1,"2019","2019",0,0,0,0,162,59,103,0,0,-44,0,0,0,691,5496,1356,162,869,0.48,0.264,4.24,-0.9,0.81,39,119,105,7,18,4,0,4,15,0,0,11,32,3,1,0,2,1,0.171,0.252,0.324,0.576,50,0.253,44,34,"3D/H",0,1521,14161,11025,49,324,16,0,16,225,0,0,121,1024,9,1,0,4,1,0.029241,0.063504,0.104976,0.331776,2500,0.064009,1936,1156,0
"Lucas Erceg","NH","2025","KC","Kansas City Royals",30.2,1,1499,776750,776750,1,1,"2025","2025",0,0,0,0,162,82,80,0,0,2,0,0,0,651,5431,1342,159,637,0.477,0.262,4.25,0,0,2,0,0,0,0,0,0,0,0,0,0,0,0,0,0,0,0,0,0,0,0,0,0,0,0,0,"1",0,4,0,0,0,0,0,0,0,0,0,0,0,0,0,0,0,0,0,0,0,0,0,0,0,0,0,0
"Lucas Luetge","NH","2021","NYY","New York Yankees",34.4,0,1500,709893.780094137,709893.780094137,1,1,"2021","2021",0,0,0,0,162,92,70,0,1,22,0,0,0,711,5331,1266,222,669,0.57,0.266,3.65,0,0,3,0,0,0,0,0,0,0,0,0,0,0,0,0,0,0,0,0,0,0,0,0,0,0,0,0,"1",0,9,0,0,0,0,0,0,0,0,0,0,0,0,0,0,0,0,0,0,0,0,0,0,0,0,0,0
"Luis Avilan","NH","2019","NYM","New York Mets",30.1,5.146,1502,1600000,1600000,1,1,"2019","2019",0,0,0,0,162,86,76,0,0,10,0,0,0,791,5624,1445,242,737,0.481,0.25,3.79,0,0,43,0,0,0,0,0,0,0,0,0,0,0,0,0,0,0,0,0,0,0,0,0,0,0,0,0,"1",0,1849,0,0,0,0,0,0,0,0,0,0,0,0,0,0,0,0,0,0,0,0,0,0,0,0,0,0
"Luis Avilan","NH","2021","WSH","Washington Nationals",32.1,7.077,1503,950000,950000,1,1,"2021","2021",0,0,0,0,162,65,97,0,0,-32,0,0,0,724,5385,1388,182,820,0.487,0.254,3.9,0,0,4,0,0,0,0,0,0,0,0,0,0,0,0,0,0,0,0,0,0,0,0,0,0,0,0,0,"/1",0,16,0,0,0,0,0,0,0,0,0,0,0,0,0,0,0,0,0,0,0,0,0,0,0,0,0,0
"Luis Ayala","NH","2012","BAL","Baltimore Orioles",34.6,0,1504,925000,925000,1,1,"2012","2012",0,0,0,0,162,93,69,0,1,24,0,0,0,712,5560,1375,214,705,0.475,0.259,4.01,0,0,4,0,0,0,0,0,0,0,0,0,0,0,0,0,0,0,0,0,0,0,0,0,0,0,0,0,"1",0,16,0,0,0,0,0,0,0,0,0,0,0,0,0,0,0,0,0,0,0,0,0,0,0,0,0,0
"Luis Torrens","NH","2023","CHC","Chicago Cubs",27.2,0,1516,765889.986737186,765889.986737186,0,1,"2023","2023",0,0,0,0,162,83,79,0,0,4,0,0,0,819,5504,1399,196,723,0.513,0.262,3.7,-0.1,0.01,18,30,28,1,7,3,0,0,4,0,0,1,9,0,1,0,0,0,0.25,0.3,0.357,0.657,83,0.284,76,10,"/DH27",0,324,900,784,1,49,9,0,0,16,0,0,1,81,0,1,0,0,0,0.0625,0.09,0.127449,0.431649,6889,0.080656,5776,100,0
"Luis Torrens","NH","2025","NYM","New York Mets",29.2,1,1517,1500000,1500000,1,1,"2025","2025",0,0,0,0,162,83,79,0,0,4,0,0,1,766,5457,1359,224,715,0.484,0.25,3.81,1.4,1.96,92,283,261,20,59,14,1,5,29,1,0,19,56,7,2,1,0,0,0.226,0.284,0.345,0.629,78,0.283,78,90,"2H/1D3",0,8464,80089,68121,400,3481,196,1,25,841,1,0,361,3136,49,4,1,0,0,0.051076,0.080656,0.119025,0.395641,6084,0.080089,6084,8100,0
"Luke Bard","NH","2019","LAA","Los Angeles Angels",28.8,0,1518,716614.047285258,716614.047285258,1,1,"2019","2019",0,0,0,0,162,72,90,0,0,-18,0,0,1,769,5542,1368,220,868,0.499,0.257,3.97,0,0,2,0,0,0,0,0,0,0,0,0,0,0,0,0,0,0,0,0,0,0,0,0,0,0,0,0,"1",0,4,0,0,0,0,0,0,0,0,0,0,0,0,0,0,0,0,0,0,0,0,0,0,0,0,0,0
"Luke Gregerson","NH","2015","HOU","Houston Astros",31.2,6,1520,18500000,6166666.66666667,1,3,"2015","2017",0,0,0,0,162,86,76,0,1,10,0,0,2,729,5459,1363,230,618,0.488,0.254,3.82,0,0,3,0,0,0,0,0,0,0,0,0,0,0,0,0,0,0,0,0,0,0,0,0,0,0,0,0,"1",0,9,0,0,0,0,0,0,0,0,0,0,0,0,0,0,0,0,0,0,0,0,0,0,0,0,0,0
"Luke Gregerson","NH","2016","HOU","Houston Astros",32.2,7,1520,18500000,6166666.66666667,1,3,"2015","2017",0,0,0,0,162,84,78,0,0,6,0,0,0,724,5545,1367,198,701,0.489,0.254,3.82,0,0,3,0,0,0,0,0,0,0,0,0,0,0,0,0,0,0,0,0,0,0,0,0,0,0,0,0,"1",0,9,0,0,0,0,0,0,0,0,0,0,0,0,0,0,0,0,0,0,0,0,0,0,0,0,0,0
"Luke Gregerson","NH","2017","HOU","Houston Astros",33.2,8,1520,18500000,6166666.66666667,1,3,"2015","2017",0,0,0,0,162,101,61,1,1,40,1,1,2,896,5611,1581,238,700,0.491,0.254,3.83,0,0,5,0,0,0,0,0,0,0,0,0,0,0,0,0,0,0,0,0,0,0,0,0,0,0,0,0,"1",0,25,0,0,0,0,0,0,0,0,0,0,0,0,0,0,0,0,0,0,0,0,0,0,0,0,0,0
"Luke Gregerson","NH","2018","STL","St Louis Cardinals",34.2,9,1521,11000000,5500000,1,2,"2018","2019",0,0,0,0,162,88,74,0,0,14,0,0,0,759,5498,1369,205,691,0.52,0.266,3.67,0,0,16,0,0,0,0,0,0,0,0,0,0,0,0,0,0,0,0,0,0,0,0,0,0,0,0,0,"1",0,256,0,0,0,0,0,0,0,0,0,0,0,0,0,0,0,0,0,0,0,0,0,0,0,0,0,0
"Luke Gregerson","NH","2019","STL","St Louis Cardinals",35.2,10,1521,11000000,5500000,1,2,"2018","2019",0,0,0,0,162,91,71,1,1,20,0,0,1,764,5449,1336,210,662,0.52,0.266,3.67,0,0,6,0,0,0,0,0,0,0,0,0,0,0,0,0,0,0,0,0,0,0,0,0,0,0,0,0,"/1",0,36,0,0,0,0,0,0,0,0,0,0,0,0,0,0,0,0,0,0,0,0,0,0,0,0,0,0
"Luke Maile","NH","2022","CLE","Cleveland Guardians",31.5,1,1525,900000,900000,1,1,"2022","2022",0,0,0,0,162,92,70,1,1,22,0,0,1,698,5558,1410,127,634,0.512,0.265,3.83,0.7,0.49,76,206,181,19,40,10,0,3,17,0,0,19,54,6,3,0,3,0,0.221,0.301,0.326,0.627,82,0.291,86,59,"2",0,5776,42436,32761,361,1600,100,0,9,289,0,0,361,2916,36,9,0,9,0,0.048841,0.090601,0.106276,0.393129,6724,0.084681,7396,3481,0
"Luke Maile","NH","2023","CIN","Cincinnati Reds",32.5,2,1526,1175000,1175000,1,1,"2023","2023",0,0,0,0,162,82,80,0,0,2,0,0,1,783,5499,1371,198,821,0.504,0.261,3.77,0.8,0.64,74,199,179,17,42,10,0,6,25,2,1,14,49,8,5,1,0,0,0.235,0.308,0.391,0.699,85,0.32,92,70,"2/1HD",0,5476,39601,32041,289,1764,100,0,36,625,4,1,196,2401,64,25,1,0,0,0.055225,0.094864,0.152881,0.488601,7225,0.1024,8464,4900,0
"Luke Maile","NH","2024","CIN","Cincinnati Reds",33.5,3,1527,3599332.87980864,3599332.87980864,0,1,"2024","2024",0,0,0,0,162,77,85,0,0,-8,0,0,0,699,5325,1230,174,694,0.504,0.261,3.77,-0.4,0.16,53,154,135,8,24,4,0,2,8,2,0,13,52,4,4,1,1,0,0.178,0.268,0.252,0.52,44,0.25,43,34,"2/1HD",0,2809,23716,18225,64,576,16,0,4,64,4,0,169,2704,16,16,1,1,0,0.031684,0.071824,0.063504,0.2704,1936,0.0625,1849,1156,0
"Luke Maile","NH","2025","KC","Kansas City Royals",34.5,4,1528,1500000,1500000,1,1,"2025","2025",0,0,0,0,162,82,80,0,0,2,0,0,0,651,5431,1342,159,637,0.477,0.262,4.25,0,0,25,54,45,6,11,2,0,1,6,1,0,7,16,1,0,2,0,0,0.244,0.346,0.356,0.702,99,0.318,99,16,"2/H1",0,625,2916,2025,36,121,4,0,1,36,1,0,49,256,1,0,4,0,0,0.059536,0.119716,0.126736,0.492804,9801,0.101124,9801,256,0
"Luke Scott","H","2012","TB","Tampa Bay Rays",34.1,0,1529,6000000,6000000,1,1,"2012","2012",0,0,0,0,162,90,72,0,0,18,0,0,0,697,5398,1293,175,577,0.454,0.259,4.59,0.3,0.09,96,344,314,35,72,22,1,14,55,5,0,21,80,9,5,0,4,3,0.229,0.285,0.439,0.724,100,0.317,97,138,"DH/3",0,9216,118336,98596,1225,5184,484,1,196,3025,25,0,441,6400,81,25,0,16,9,0.052441,0.081225,0.192721,0.524176,10000,0.100489,9409,19044,0
"Luke Scott","H","2013","TB","Tampa Bay Rays",35.1,1,1530,2750000,2750000,0,1,"2013","2013",0,0,0,0,163,92,71,0,1,21,0,0,0,700,5538,1421,165,646,0.461,0.258,4.53,0.2,0.04,91,291,253,27,61,13,2,9,40,1,1,30,63,5,4,0,4,1,0.241,0.326,0.415,0.741,107,0.322,102,105,"DH/73",0,8281,84681,64009,729,3721,169,4,81,1600,1,1,900,3969,25,16,0,16,1,0.058081,0.106276,0.172225,0.549081,11449,0.103684,10404,11025,0
"Luke Williams","NH","2023","ATL","Atlanta Braves",27,0,1533,765889.986737186,765889.986737186,1,1,"2023","2023",0,0,0,0,162,104,58,1,1,46,0,0,0,947,5597,1543,307,716,0.503,0.26,3.67,-0.3,0.09,11,19,19,1,1,0,0,0,0,4,0,0,7,0,0,0,0,0,0.053,0.053,0.053,0.105,-71,0.092,-101,1,"/H65137D",0,121,361,361,1,1,0,0,0,0,16,0,0,49,0,0,0,0,0,0.002809,0.002809,0.002809,0.011025,5041,0.008464,10201,1,0
"Luke Williams","NH","2025","ATL","Atlanta Braves",29,1,1534,760000,760000,1,1,"2025","2025",0,0,0,0,162,76,86,0,0,-10,0,0,1,724,5508,1349,190,734,0.503,0.26,3.67,-0.4,0.16,39,34,31,5,4,2,0,0,5,5,0,1,9,2,1,0,1,0,0.129,0.176,0.194,0.37,4,0.204,-4,6,"6H/15D",0,1521,1156,961,25,16,4,0,0,25,25,0,1,81,4,1,0,1,0,0.016641,0.030976,0.037636,0.1369,16,0.041616,16,36,0
"Lyle Overbay","NH","2013","NYY","New York Yankees",36.5,0.0090000000000003,1535,1250000,1250000,1,1,"2013","2013",0,0,0,0,162,85,77,0,0,8,0,0,0,643,5477,1322,144,660,0.568,0.267,3.64,0,0,142,486,445,43,107,24,1,14,59,2,0,36,111,16,0,0,4,0,0.24,0.295,0.393,0.688,89,0.31,88,175,"3H/9D",0,20164,236196,198025,1849,11449,576,1,196,3481,4,0,1296,12321,256,0,0,16,0,0.0576,0.087025,0.154449,0.473344,7921,0.0961,7744,30625,0
"Lyle Overbay","NH","2014","MIL","Milwaukee Brewers",37.5,1.009,1536,1500000,1500000,1,1,"2014","2014",0,0,0,0,162,82,80,0,0,2,0,0,0,650,5462,1366,150,657,0.478,0.259,4.19,-0.6,0.36,121,296,258,24,60,14,0,4,35,2,0,36,60,8,1,0,1,2,0.233,0.328,0.333,0.661,84,0.313,88,86,"3H/1",0,14641,87616,66564,576,3600,196,0,16,1225,4,0,1296,3600,64,1,0,1,4,0.054289,0.107584,0.110889,0.436921,7056,0.097969,7744,7396,0
"Maikel Franco","NH","2020","KC","Kansas City Royals",28,4.157,1537,2950000,2950000,1,1,"2020","2020",0,0,0,0,60,26,34,0,0,-8,0,0,0,248,1988,485,68,272,0.48,0.264,4.24,1.1,1.21,60,243,223,23,62,16,0,8,38,1,0,16,38,4,0,0,4,1,0.278,0.321,0.457,0.778,108,0.338,105,102,"5/D3",0,3600,59049,49729,529,3844,256,0,64,1444,1,0,256,1444,16,0,0,16,1,0.077284,0.103041,0.208849,0.605284,11664,0.114244,11025,10404,0
"Maikel Franco","NH","2021","BAL","Baltimore Orioles",29,5.157,1538,800000,800000,1,1,"2021","2021",0,0,0,0,162,52,110,0,0,-58,0,0,0,659,5420,1296,195,956,0.473,0.258,4.05,-1.4,1.96,104,403,377,31,79,22,0,11,47,0,0,20,67,12,3,0,3,0,0.21,0.253,0.355,0.609,65,0.266,60,134,"5/DH3",0,10816,162409,142129,961,6241,484,0,121,2209,0,0,400,4489,144,9,0,9,0,0.0441,0.064009,0.126025,0.370881,4225,0.070756,3600,17956,0
"Maikel Franco","NH","2022","WSH","Washington Nationals",30,6.132,1539,1250000,1250000,1,1,"2022","2022",0,0,0,0,162,55,107,0,0,-52,0,0,0,603,5434,1351,136,855,0.484,0.254,3.92,-1.2,1.44,103,388,371,31,85,15,0,9,39,1,0,12,75,18,2,0,3,0,0.229,0.255,0.342,0.597,71,0.269,70,127,"5/H3D",0,10609,150544,137641,961,7225,225,0,81,1521,1,0,144,5625,324,4,0,9,0,0.052441,0.065025,0.116964,0.356409,5041,0.072361,4900,16129,0
"Manny Parra","NH","2013","CIN","Cincinnati Reds",30.8,0,1540,1000000,1000000,1,1,"2013","2013",0,0,0,0,162,90,72,0,1,18,0,0,0,707,5499,1370,155,598,0.509,0.262,3.71,0.1,0.01,52,2,2,1,1,0,0,0,0,0,0,0,0,0,0,0,0,0,0.5,0.5,0.5,1,179,0.453,195,1,"1",0,2704,4,4,1,1,0,0,0,0,0,0,0,0,0,0,0,0,0,0.25,0.25,0.25,1,32041,0.205209,38025,1,0
"Manny Parra","NH","2014","CIN","Cincinnati Reds",31.8,1,1541,5500000,2750000,0,2,"2014","2015",0,0,0,0,159,76,86,0,0,-10,0,0,0,595,5395,1282,131,612,0.508,0.262,3.71,0,0,48,0,0,0,0,0,0,0,0,0,0,0,0,0,0,0,0,0,0,0,0,0,0,0,0,0,"1",0,2304,0,0,0,0,0,0,0,0,0,0,0,0,0,0,0,0,0,0,0,0,0,0,0,0,0,0
"Manny Parra","NH","2015","CIN","Cincinnati Reds",32.8,2,1541,5500000,2750000,0,2,"2014","2015",0,0,0,0,162,64,98,0,0,-34,0,0,0,640,5571,1382,167,754,0.507,0.262,3.72,0,0,40,0,0,0,0,0,0,0,0,0,0,0,0,0,0,0,0,0,0,0,0,0,0,0,0,0,"1",0,1600,0,0,0,0,0,0,0,0,0,0,0,0,0,0,0,0,0,0,0,0,0,0,0,0,0,0
"Marc Rzepczynski","NH","2017","SEA","Seattle Mariners",31.9,6.132,1542,11000000,5500000,1,2,"2017","2018",0,0,0,0,162,78,84,0,0,-6,0,0,0,750,5551,1436,200,772,0.47,0.26,4.32,0,0,6,0,0,0,0,0,0,0,0,0,0,0,0,0,0,0,0,0,0,0,0,0,0,0,0,0,"1",0,36,0,0,0,0,0,0,0,0,0,0,0,0,0,0,0,0,0,0,0,0,0,0,0,0,0,0
"Marcell Ozuna","H","2020","ATL","Atlanta Braves",29.8,6.124,1544,18000000,18000000,1,1,"2020","2020",2,1,0,1,60,35,25,1,1,10,0,0,1,348,2074,556,103,288,0.501,0.26,3.67,2.8,7.84,60,267,228,38,77,14,0,18,56,0,0,38,60,3,0,0,1,3,0.338,0.431,0.636,1.067,177,0.444,175,145,"D7/9",1,3600,71289,51984,1444,5929,196,0,324,3136,0,0,1444,3600,9,0,0,1,9,0.114244,0.185761,0.404496,1.138489,31329,0.197136,30625,21025,1
"Marcell Ozuna","H","2021","ATL","Atlanta Braves",30.8,7.124,1545,65000000,16250000,0,4,"2021","2024",0,0,0,0,161,88,73,1,1,15,1,1,0,790,5363,1307,239,656,0.501,0.26,3.67,-0.1,0.01,48,208,188,21,40,6,0,7,26,0,0,19,46,6,1,0,0,0,0.213,0.288,0.356,0.645,70,0.286,66,67,"7",0,2304,43264,35344,441,1600,36,0,49,676,0,0,361,2116,36,1,0,0,0,0.045369,0.082944,0.126736,0.416025,4900,0.081796,4356,4489,0
"Marcell Ozuna","H","2022","ATL","Atlanta Braves",31.8,8.124,1545,65000000,16250000,0,4,"2021","2024",0,0,0,0,162,101,61,1,1,40,0,0,1,789,5509,1394,243,609,0.502,0.26,3.67,-0.9,0.81,124,507,470,56,106,19,0,23,56,2,1,31,122,12,2,0,4,0,0.226,0.274,0.413,0.687,88,0.301,85,194,"D7",1,15376,257049,220900,3136,11236,361,0,529,3136,4,1,961,14884,144,4,0,16,0,0.051076,0.075076,0.170569,0.471969,7744,0.090601,7225,37636,1
"Marcell Ozuna","H","2023","ATL","Atlanta Braves",32.8,9.124,1545,65000000,16250000,0,4,"2021","2024",2,1,0,0,162,104,58,1,1,46,0,0,0,947,5597,1543,307,716,0.503,0.26,3.67,3.4,11.56,144,592,530,84,145,29,1,40,100,0,0,57,134,9,3,0,2,1,0.274,0.346,0.558,0.905,140,0.384,141,296,"D/7H",1,20736,350464,280900,7056,21025,841,1,1600,10000,0,0,3249,17956,81,9,0,4,1,0.075076,0.119716,0.311364,0.819025,19600,0.147456,19881,87616,1
"Marcell Ozuna","H","2024","ATL","Atlanta Braves",33.8,10.124,1545,65000000,16250000,0,4,"2021","2024",2,1,0,0,162,89,73,0,1,16,0,0,0,704,5481,1333,213,607,0.504,0.26,3.67,4.3,18.49,162,688,606,96,183,31,0,39,104,1,0,74,170,23,3,0,4,2,0.302,0.378,0.546,0.925,154,0.394,154,331,"D",1,26244,473344,367236,9216,33489,961,0,1521,10816,1,0,5476,28900,529,9,0,16,4,0.091204,0.142884,0.298116,0.855625,23716,0.155236,23716,109561,1
"Marco Estrada","NH","2016","TOR","Toronto Blue Jays",33.1,0,1546,26000000,13000000,0,2,"2016","2017",1,0,0,0,162,89,73,0,1,16,0,0,0,759,5479,1358,221,666,0.498,0.262,4.2,-0.1,0.01,2,5,5,0,0,0,0,0,0,0,0,0,3,0,0,0,0,0,0,0,0,0,-100,0,-140,0,"1",0,4,25,25,0,0,0,0,0,0,0,0,0,9,0,0,0,0,0,0,0,0,0,10000,0,19600,0,0
"Marco Estrada","NH","2017","TOR","Toronto Blue Jays",34.1,1,1546,26000000,13000000,0,2,"2016","2017",0,0,0,0,162,76,86,0,0,-10,0,0,1,693,5499,1320,222,784,0.498,0.261,4.21,-0.1,0.01,2,4,4,0,0,0,0,0,0,0,0,0,3,0,0,0,0,0,0,0,0,0,-100,0,-138,0,"1",0,4,16,16,0,0,0,0,0,0,0,0,0,9,0,0,0,0,0,0,0,0,0,10000,0,19044,0,0
"Marco Estrada","NH","2018","TOR","Toronto Blue Jays",35.1,2,1547,16556861.3747986,16556861.3747986,0,1,"2018","2018",0,0,0,0,162,73,89,0,0,-16,0,0,0,709,5477,1336,217,832,0.496,0.261,4.23,0,0,1,1,1,0,0,0,0,0,0,0,0,0,1,0,0,0,0,0,0,0,0,0,-100,0,-125,0,"1",0,1,1,1,0,0,0,0,0,0,0,0,0,1,0,0,0,0,0,0,0,0,0,10000,0,15625,0,0
"Marcus Semien","NH","2021","TOR","Toronto Blue Jays",30.9,6.118,1549,18000000,18000000,1,1,"2021","2021",2,1,0,1,162,91,71,0,0,20,0,0,0,846,5476,1455,262,663,0.496,0.261,4.23,7.1,50.41,162,724,652,115,173,39,2,45,102,15,1,66,146,9,3,0,3,0,0.265,0.334,0.538,0.873,131,0.37,128,351,"46/D",0,26244,524176,425104,13225,29929,1521,4,2025,10404,225,1,4356,21316,81,9,0,9,0,0.070225,0.111556,0.289444,0.762129,17161,0.1369,16384,123201,0
"Marcus Semien","NH","2022","TEX","Texas Rangers",31.9,7.118,1550,175000000,25000000,1,7,"2022","2028",0,0,0,0,162,68,94,0,0,-26,0,0,1,707,5478,1308,198,743,0.475,0.258,4.29,5.7,32.49,161,724,657,101,163,31,5,26,83,25,8,53,120,7,4,0,10,0,0.248,0.304,0.429,0.733,106,0.334,112,282,"46",0,25921,524176,431649,10201,26569,961,25,676,6889,625,64,2809,14400,49,16,0,100,0,0.061504,0.092416,0.184041,0.537289,11236,0.111556,12544,79524,0
"Marcus Semien","NH","2023","TEX","Texas Rangers",32.9,8.118,1550,175000000,25000000,1,7,"2022","2028",2,1,0,1,162,90,72,0,1,18,1,1,0,881,5595,1470,233,716,0.476,0.258,4.29,7.7,59.29,162,753,670,122,185,40,4,29,100,14,3,72,110,5,5,0,5,1,0.276,0.348,0.478,0.826,126,0.364,131,320,"4",0,26244,567009,448900,14884,34225,1600,16,841,10000,196,9,5184,12100,25,25,0,25,1,0.076176,0.121104,0.228484,0.682276,15876,0.132496,17161,102400,0
"Marcus Semien","NH","2024","TEX","Texas Rangers",33.9,9.118,1550,175000000,25000000,1,7,"2022","2028",1,0,0,0,162,78,84,0,0,-6,0,0,1,683,5472,1302,176,738,0.476,0.258,4.29,4.5,20.25,159,718,650,101,154,27,2,23,74,8,3,64,105,9,3,0,1,2,0.237,0.308,0.391,0.699,103,0.31,104,254,"4",0,25281,515524,422500,10201,23716,729,4,529,5476,64,9,4096,11025,81,9,0,1,4,0.056169,0.094864,0.152881,0.488601,10609,0.0961,10816,64516,0
"Marcus Semien","NH","2025","TEX","Texas Rangers",34.9,10.118,1550,175000000,25000000,1,7,"2022","2028",1,0,0,0,162,81,81,0,0,0,0,0,0,684,5443,1275,175,605,0.476,0.258,4.28,3.3,10.89,127,534,470,62,108,16,1,15,62,11,1,50,93,8,5,0,9,0,0.23,0.305,0.364,0.669,98,0.301,100,171,"4",0,16129,285156,220900,3844,11664,256,1,225,3844,121,1,2500,8649,64,25,0,81,0,0.0529,0.093025,0.132496,0.447561,9604,0.090601,10000,29241,0
"Marcus Stroman","NH","2021","NYM","New York Mets",30.2,0,1551,18900000,18900000,0,1,"2021","2021",0,0,0,0,162,77,85,0,0,-8,0,0,0,636,5210,1243,176,668,0.48,0.25,3.8,0.3,0.09,30,58,51,2,5,2,0,0,1,1,0,4,24,0,0,3,0,0,0.098,0.164,0.137,0.301,-16,0.179,-11,7,"1",0,900,3364,2601,4,25,4,0,0,1,1,0,16,576,0,0,9,0,0,0.009604,0.026896,0.018769,0.090601,256,0.032041,121,49,0
"Mark Canha","NH","2022","NYM","New York Mets",33.5,0,1554,26500000,13250000,1,2,"2022","2023",0,0,0,0,162,101,61,0,1,40,0,0,1,772,5489,1422,171,606,0.483,0.25,3.79,2.5,6.25,140,542,462,71,123,24,0,13,61,3,1,48,97,3,28,0,4,1,0.266,0.367,0.403,0.77,122,0.346,124,186,"7H8/9D35",0,19600,293764,213444,5041,15129,576,0,169,3721,9,1,2304,9409,9,784,0,16,1,0.070756,0.134689,0.162409,0.5929,14884,0.119716,15376,34596,0
"Mark Canha","NH","2023","NYM","New York Mets",34.5,1,1554,26500000,13250000,1,2,"2022","2023",0,0,0,0,162,75,87,0,0,-12,0,0,0,717,5363,1276,215,729,0.482,0.25,3.8,2.2,4.84,139,507,435,51,114,25,1,11,62,11,1,49,79,11,17,0,6,1,0.262,0.355,0.4,0.755,108,0.34,111,174,"7D93H/5",1,19321,257049,189225,2601,12996,625,1,121,3844,121,1,2401,6241,121,289,0,36,1,0.068644,0.126025,0.16,0.570025,11664,0.1156,12321,30276,1
"Mark Canha","NH","2025","KC","Kansas City Royals",36.5,2,1555,1400000,1400000,1,1,"2025","2025",0,0,0,0,162,82,80,0,0,2,0,0,0,651,5431,1342,159,637,0.477,0.262,4.25,-1,1,46,125,113,9,24,3,0,1,6,0,1,7,24,1,3,0,2,0,0.212,0.272,0.265,0.537,53,0.237,46,30,"7H9/D3",0,2116,15625,12769,81,576,9,0,1,36,0,1,49,576,1,9,0,4,0,0.044944,0.073984,0.070225,0.288369,2809,0.056169,2116,900,0
"Mark Derosa","NH","2012","WSH","Washington Nationals",37.4,0,1556,800000,800000,1,1,"2012","2012",0,0,0,0,162,98,64,1,1,34,0,0,0,731,5615,1468,194,594,0.478,0.254,3.91,-0.6,0.36,48,101,85,13,16,5,0,0,6,1,0,14,18,3,0,1,1,0,0.188,0.3,0.247,0.547,51,0.271,53,21,"H5/79346",0,2304,10201,7225,169,256,25,0,0,36,1,0,196,324,9,0,1,1,0,0.035344,0.09,0.061009,0.299209,2601,0.073441,2809,441,0
"Mark Derosa","NH","2013","TOR","Toronto Blue Jays",38.4,1,1557,750000,750000,1,1,"2013","2013",0,0,0,0,162,74,88,0,0,-14,0,0,0,712,5537,1398,185,756,0.494,0.262,4.23,0.7,0.49,88,236,204,23,48,12,1,7,36,0,0,28,49,8,1,0,3,1,0.235,0.326,0.407,0.733,100,0.33,102,83,"H453D/7",0,7744,55696,41616,529,2304,144,1,49,1296,0,0,784,2401,64,1,0,9,1,0.055225,0.106276,0.165649,0.537289,10000,0.1089,10404,6889,0
"Mark Ellis","NH","2012","LAD","Los Angeles Dodgers",35.2,0,1558,8750000,4375000,1,2,"2012","2013",0,0,0,0,162,86,76,0,0,10,0,0,0,637,5438,1369,116,597,0.524,0.262,3.54,2.6,6.76,110,464,415,62,107,21,1,7,31,5,0,40,70,5,7,2,0,0,0.258,0.333,0.364,0.697,93,0.324,97,151,"4/H",0,12100,215296,172225,3844,11449,441,1,49,961,25,0,1600,4900,25,49,4,0,0,0.066564,0.110889,0.132496,0.485809,8649,0.104976,9409,22801,0
"Mark Ellis","NH","2013","LAD","Los Angeles Dodgers",36.2,1,1558,8750000,4375000,1,2,"2012","2013",0,0,0,0,162,92,70,1,1,22,0,0,0,654,5491,1446,138,586,0.524,0.262,3.54,3.1,9.61,126,480,433,46,117,13,2,6,48,4,1,26,74,5,10,6,5,2,0.27,0.323,0.351,0.674,91,0.314,94,152,"4H/5",0,15876,230400,187489,2116,13689,169,4,36,2304,16,1,676,5476,25,100,36,25,4,0.0729,0.104329,0.123201,0.454276,8281,0.098596,8836,23104,0
"Mark Ellis","NH","2014","STL","St Louis Cardinals",37.2,2,1559,5250000,5250000,1,1,"2014","2014",0,0,0,0,162,91,72,1,1,19,1,0,1,619,5426,1371,105,603,0.519,0.267,3.67,-0.5,0.25,73,202,178,15,32,6,0,0,12,4,1,14,38,0,4,4,2,3,0.18,0.253,0.213,0.466,33,0.226,22,38,"4H/35",0,5329,40804,31684,225,1024,36,0,0,144,16,1,196,1444,0,16,16,4,9,0.0324,0.064009,0.045369,0.217156,1089,0.051076,484,1444,0
"Mark Leiter Jr","NH","2023","CHC","Chicago Cubs",32.4,1,1561,850000,850000,0,1,"2023","2023",0,0,0,0,162,83,79,0,0,4,0,0,0,819,5504,1399,196,723,0.513,0.262,3.7,0,0,1,0,0,0,0,0,0,0,0,0,0,0,0,0,0,0,0,0,0,0,0,0,0,0,0,0,"1",0,1,0,0,0,0,0,0,0,0,0,0,0,0,0,0,0,0,0,0,0,0,0,0,0,0,0,0
"Mark Lowe","NH","2013","LAA","Los Angeles Angels",30.2,0,1564,1500000,1500000,1,1,"2013","2013",0,0,0,0,162,78,84,0,0,-6,0,0,0,733,5588,1476,164,737,0.499,0.258,3.94,0,0,2,0,0,0,0,0,0,0,0,0,0,0,0,0,0,0,0,0,0,0,0,0,0,0,0,0,"1",0,4,0,0,0,0,0,0,0,0,0,0,0,0,0,0,0,0,0,0,0,0,0,0,0,0,0,0
"Mark Lowe","NH","2015","SEA","Seattle Mariners",32.2,1,1565,687225.311355765,687225.311355765,1,1,"2015","2015",0,0,0,0,162,76,86,0,0,-10,0,0,1,656,5544,1379,198,726,0.468,0.261,4.33,0,0,4,0,0,0,0,0,0,0,0,0,0,0,0,0,0,0,0,0,0,0,0,0,0,0,0,0,"1",0,16,0,0,0,0,0,0,0,0,0,0,0,0,0,0,0,0,0,0,0,0,0,0,0,0,0,0
"Mark Lowe","NH","2016","DET","Detroit Tigers",33.2,2,1566,11000000,5500000,1,2,"2016","2017",0,0,0,0,161,86,75,0,0,11,0,0,0,750,5526,1476,211,721,0.508,0.266,3.96,0,0,6,0,0,0,0,0,0,0,0,0,0,0,0,0,0,0,0,0,0,0,0,0,0,0,0,0,"1",0,36,0,0,0,0,0,0,0,0,0,0,0,0,0,0,0,0,0,0,0,0,0,0,0,0,0,0
"Mark Melancon","NH","2017","SF","San Francisco Giants",32.3,0,1567,62000000,15500000,1,4,"2017","2020",0,0,0,0,168,64,98,0,0,-34,0,0,0,639,5551,1382,128,776,0.537,0.264,3.56,0,0,31,0,0,0,0,0,0,0,0,0,0,0,0,0,0,0,0,0,0,0,0,0,0,0,0,0,"1",0,961,0,0,0,0,0,0,0,0,0,0,0,0,0,0,0,0,0,0,0,0,0,0,0,0,0,0
"Mark Melancon","NH","2018","SF","San Francisco Giants",33.3,1,1567,62000000,15500000,1,4,"2017","2020",0,0,0,0,162,73,89,0,0,-16,0,0,0,603,5541,1324,133,699,0.536,0.264,3.57,0,0,39,0,0,0,0,0,0,0,0,0,0,0,0,0,0,0,0,0,0,0,0,0,0,0,0,0,"1",0,1521,0,0,0,0,0,0,0,0,0,0,0,0,0,0,0,0,0,0,0,0,0,0,0,0,0,0
"Mark Melancon","NH","2019","SF","San Francisco Giants",34.3,2,1567,62000000,15500000,1,4,"2017","2020",0,0,0,0,162,77,85,0,0,-8,0,0,0,678,5579,1332,167,773,0.535,0.264,3.57,0,0,62,0,0,0,0,0,0,0,0,0,0,0,0,0,0,0,0,0,0,0,0,0,0,0,0,0,"1",0,3844,0,0,0,0,0,0,0,0,0,0,0,0,0,0,0,0,0,0,0,0,0,0,0,0,0,0
"Mark Melancon","NH","2020","ATL","Atlanta Braves",35.3,3,1567,62000000,15500000,1,4,"2017","2020",0,0,0,0,60,35,25,1,1,10,0,0,1,348,2074,556,103,288,0.501,0.26,3.67,0,0,1,0,0,0,0,0,0,0,0,0,0,0,0,0,0,0,0,0,0,0,0,0,0,0,0,0,"1",0,1,0,0,0,0,0,0,0,0,0,0,0,0,0,0,0,0,0,0,0,0,0,0,0,0,0,0
"Mark Melancon","NH","2021","SD","San Diego Padres",36.3,4,1568,3000000,3000000,1,1,"2021","2021",1,0,0,0,162,79,83,0,0,-4,0,0,0,729,5384,1305,180,708,0.462,0.249,3.97,0,0,59,1,0,0,0,0,0,0,0,0,0,0,0,0,0,1,0,0,0,0,0,0,0,0,0,0,"1",0,3481,1,0,0,0,0,0,0,0,0,0,0,0,0,0,1,0,0,0,0,0,0,0,0,0,0,0
"Mark Melancon","NH","2022","ARI","Arizona Diamondbacks",37.3,5,1569,14000000,7000000,1,2,"2022","2023",0,0,0,0,162,74,88,0,0,-14,0,0,0,702,5351,1232,173,740,0.485,0.255,4.26,0,0,2,0,0,0,0,0,0,0,0,0,0,0,0,0,0,0,0,0,0,0,0,0,0,0,0,0,"1",0,4,0,0,0,0,0,0,0,0,0,0,0,0,0,0,0,0,0,0,0,0,0,0,0,0,0,0
"Mark Reynolds","NH","2013","CLE","Cleveland Guardians",30,0,1571,6000000,6000000,1,1,"2013","2013",0,0,0,0,162,92,70,0,1,22,0,0,0,743,5466,1381,171,685,0.509,0.266,3.84,-0.3,0.09,135,504,445,55,98,14,0,21,67,3,1,51,154,9,5,0,3,1,0.22,0.306,0.393,0.699,95,0.312,94,175,"35DH/4",0,18225,254016,198025,3025,9604,196,0,441,4489,9,1,2601,23716,81,25,0,9,1,0.0484,0.093636,0.154449,0.488601,9025,0.097344,8836,30625,0
"Mark Reynolds","NH","2014","MIL","Milwaukee Brewers",31,1,1572,2000000,2000000,1,1,"2014","2014",0,0,0,0,162,82,80,0,0,2,0,0,0,650,5462,1366,150,657,0.478,0.259,4.19,0.2,0.04,130,433,378,47,74,9,0,22,45,5,1,47,122,8,3,1,4,3,0.196,0.287,0.394,0.681,87,0.315,89,149,"35H/9",0,16900,187489,142884,2209,5476,81,0,484,2025,25,1,2209,14884,64,9,1,16,9,0.038416,0.082369,0.155236,0.463761,7569,0.099225,7921,22201,0
"Mark Reynolds","NH","2015","STL","St Louis Cardinals",32,2,1573,2000000,2000000,1,1,"2015","2015",0,0,0,0,162,100,62,1,1,38,0,0,1,647,5484,1386,137,525,0.52,0.267,3.67,-0.4,0.16,140,432,382,35,88,21,2,13,48,2,3,44,121,10,4,0,2,2,0.23,0.315,0.398,0.713,93,0.312,89,152,"3H5/7D49",0,19600,186624,145924,1225,7744,441,4,169,2304,4,9,1936,14641,100,16,0,4,4,0.0529,0.099225,0.158404,0.508369,8649,0.097344,7921,23104,0
"Mark Reynolds","NH","2016","COL","Colorado Rockies",33,3,1574,2600000,2600000,1,1,"2016","2016",0,0,0,0,162,75,87,0,0,-12,0,0,0,845,5614,1544,204,860,0.466,0.275,4.99,1.4,1.96,118,441,393,61,111,24,0,14,53,1,2,42,112,6,4,0,2,1,0.282,0.356,0.45,0.806,101,0.36,106,177,"3/H4",0,13924,194481,154449,3721,12321,576,0,196,2809,1,4,1764,12544,36,16,0,4,1,0.079524,0.126736,0.2025,0.649636,10201,0.1296,11236,31329,0
"Mark Reynolds","NH","2017","COL","Colorado Rockies",34,4,1575,1500000,1500000,0,1,"2017","2017",0,0,0,0,162,87,75,0,1,12,0,0,0,824,5534,1510,192,757,0.469,0.275,4.98,0.7,0.49,148,593,520,82,139,22,1,30,97,2,1,69,175,12,1,0,3,0,0.267,0.352,0.487,0.839,103,0.366,107,253,"3/HD7",0,21904,351649,270400,6724,19321,484,1,900,9409,4,1,4761,30625,144,1,0,9,0,0.071289,0.123904,0.237169,0.703921,10609,0.133956,11449,64009,0
"Mark Reynolds","NH","2018","WSH","Washington Nationals",35,5,1576,1273604.72113835,1273604.72113835,1,1,"2018","2018",0,0,0,0,162,82,80,0,0,2,0,0,1,771,5517,1402,191,682,0.488,0.254,3.87,-0.1,0.01,86,235,206,26,51,8,0,13,40,0,0,24,64,8,2,0,3,1,0.248,0.328,0.476,0.803,109,0.348,107,98,"3H5/1489",0,7396,55225,42436,676,2601,64,0,169,1600,0,0,576,4096,64,4,0,9,1,0.061504,0.107584,0.226576,0.644809,11881,0.121104,11449,9604,0
"Mark Reynolds","NH","2019","COL","Colorado Rockies",36,6,1577,1000000,1000000,1,1,"2019","2019",0,0,0,0,162,71,91,0,0,-20,0,0,0,835,5660,1502,224,958,0.471,0.274,4.97,-1.1,1.21,78,162,135,13,23,7,0,4,20,2,0,22,57,3,2,0,3,0,0.17,0.29,0.311,0.601,48,0.272,39,42,"H3/1D",0,6084,26244,18225,169,529,49,0,16,400,4,0,484,3249,9,4,0,9,0,0.0289,0.0841,0.096721,0.361201,2304,0.073984,1521,1764,0
"Marlon Byrd",NA,"2013","NYM","New York Mets",35.9,0.11,1578,700000,700000,1,1,"2013","2013",0,0,0,0,162,74,88,0,0,-14,0,0,0,619,5559,1318,130,684,0.478,0.251,3.77,4.8,23.04,147,579,532,75,155,35,5,24,88,2,4,31,144,11,8,1,7,2,0.291,0.336,0.511,0.847,138,0.372,143,272,"9H/78",0,21609,335241,283024,5625,24025,1225,25,576,7744,4,16,961,20736,121,64,1,49,4,0.084681,0.112896,0.261121,0.717409,19044,0.138384,20449,73984,0
"Marlon Byrd",NA,"2014","PHI","Philadelphia Phillies",36.9,1.11,1579,16000000,8000000,1,2,"2014","2015",0,0,0,0,159,73,89,0,0,-16,0,0,0,619,5603,1356,125,687,0.473,0.261,3.96,3.3,10.89,154,637,591,71,156,28,2,25,85,3,2,35,185,6,8,0,3,7,0.264,0.312,0.445,0.757,109,0.341,112,263,"9/HD",0,23716,405769,349281,5041,24336,784,4,625,7225,9,4,1225,34225,36,64,0,9,49,0.069696,0.097344,0.198025,0.573049,11881,0.116281,12544,69169,0
"Marlon Byrd",NA,"2015","CIN","Cincinnati Reds",37.9,2.11,1579,16000000,8000000,1,2,"2014","2015",0,0,0,0,162,64,98,0,0,-34,0,0,0,640,5571,1382,167,754,0.507,0.262,3.72,1.6,2.56,135,544,506,58,125,25,5,23,73,2,1,29,145,10,4,0,5,2,0.247,0.29,0.453,0.743,100,0.334,104,229,"79/8HD",0,18225,295936,256036,3364,15625,625,25,529,5329,4,1,841,21025,100,16,0,25,4,0.061009,0.0841,0.205209,0.552049,10000,0.111556,10816,52441,0
"Marlon Byrd",NA,"2016","CLE","Cleveland Guardians",38.9,3.11,1580,1000000,1000000,1,1,"2016","2016",0,0,0,0,161,94,67,1,1,27,1,0,0,777,5484,1435,185,676,0.51,0.266,3.84,0.2,0.04,34,129,115,11,31,6,0,5,19,0,0,11,38,1,0,0,3,1,0.27,0.326,0.452,0.778,100,0.328,93,52,"97/HD",0,1156,16641,13225,121,961,36,0,25,361,0,0,121,1444,1,0,0,9,1,0.0729,0.106276,0.204304,0.605284,10000,0.107584,8649,2704,0
"Martin Maldonado","NH","2019","KC","Kansas City Royals",33,0,1585,2500000,2500000,1,1,"2019","2019",0,0,0,0,162,59,103,0,0,-44,0,0,0,691,5496,1356,162,869,0.48,0.264,4.24,1.2,1.44,105,374,333,46,71,19,0,12,27,0,0,32,86,11,6,2,1,1,0.213,0.293,0.378,0.671,75,0.3,77,126,"2/H3",0,11025,139876,110889,2116,5041,361,0,144,729,0,0,1024,7396,121,36,4,1,1,0.045369,0.085849,0.142884,0.450241,5625,0.09,5929,15876,0
"Martin Maldonado","NH","2020","HOU","Houston Astros",34,1,1586,7000000,3500000,0,2,"2020","2021",0,0,0,0,60,29,31,0,1,-2,0,0,0,279,1992,478,69,275,0.496,0.255,3.81,0.8,0.64,47,165,135,19,29,4,0,6,24,1,0,27,51,2,1,2,0,0,0.215,0.35,0.378,0.727,99,0.334,104,51,"2",0,2209,27225,18225,361,841,16,0,36,576,1,0,729,2601,4,1,4,0,0,0.046225,0.1225,0.142884,0.528529,9801,0.111556,10816,2601,0
"Martin Maldonado","NH","2021","HOU","Houston Astros",35,2,1586,7000000,3500000,0,2,"2020","2021",0,0,0,0,162,95,67,1,1,28,1,0,0,863,5593,1496,221,658,0.498,0.255,3.81,0,0,125,426,373,40,64,10,1,12,36,0,0,47,127,9,5,0,1,1,0.172,0.272,0.3,0.573,58,0.266,61,112,"2/3H",0,15625,181476,139129,1600,4096,100,1,144,1296,0,0,2209,16129,81,25,0,1,1,0.029584,0.073984,0.09,0.328329,3364,0.070756,3721,12544,0
"Martin Maldonado","NH","2022","HOU","Houston Astros",36,3,1587,10031443.3567669,5015721.67838346,0,2,"2022","2023",0,0,0,0,162,106,56,1,1,50,1,1,0,737,5409,1341,214,518,0.501,0.255,3.8,0.4,0.16,113,379,344,40,64,12,0,15,45,0,0,22,116,6,7,4,2,0,0.186,0.248,0.352,0.6,70,0.268,67,121,"2",0,12769,143641,118336,1600,4096,144,0,225,2025,0,0,484,13456,36,49,16,4,0,0.034596,0.061504,0.123904,0.36,4900,0.071824,4489,14641,0
"Martin Maldonado","NH","2023","HOU","Houston Astros",37,4,1587,10031443.3567669,5015721.67838346,0,2,"2022","2023",0,0,0,0,162,90,72,1,1,18,0,0,0,827,5567,1441,222,698,0.501,0.255,3.8,0.3,0.09,116,407,362,33,69,12,0,15,36,0,0,30,139,10,3,12,0,0,0.191,0.258,0.348,0.606,66,0.265,60,126,"2/1",0,13456,165649,131044,1089,4761,144,0,225,1296,0,0,900,19321,100,9,144,0,0,0.036481,0.066564,0.121104,0.367236,4356,0.070225,3600,15876,0
"Martin Maldonado","NH","2023","HOU","Houston Astros",37,5,1588,9573624.83421482,4786812.41710741,0,2,"2023","2024",0,0,0,0,162,90,72,1,1,18,0,0,0,827,5567,1441,222,698,0.501,0.255,3.8,0.3,0.09,116,407,362,33,69,12,0,15,36,0,0,30,139,10,3,12,0,0,0.191,0.258,0.348,0.606,66,0.265,60,126,"2/1",0,13456,165649,131044,1089,4761,144,0,225,1296,0,0,900,19321,100,9,144,0,0,0.036481,0.066564,0.121104,0.367236,4356,0.070225,3600,15876,0
"Martin Maldonado","NH","2024","CHW","Chicago White Sox",38,6,1588,9573624.83421482,4786812.41710741,0,2,"2023","2024",0,0,0,0,162,41,121,0,0,-80,0,0,0,507,5383,1187,133,813,0.5,0.26,3.8,-1.3,1.69,48,147,135,9,16,3,0,4,11,0,0,8,51,5,1,3,0,0,0.119,0.174,0.23,0.403,14,0.18,4,31,"2",0,2304,21609,18225,81,256,9,0,16,121,0,0,64,2601,25,1,9,0,0,0.014161,0.030276,0.0529,0.162409,196,0.0324,16,961,0
"Martin Maldonado","NH","2024","CHW","Chicago White Sox",38,7,1589,4250000,4250000,1,1,"2024","2024",0,0,0,0,162,41,121,0,0,-80,0,0,0,507,5383,1187,133,813,0.5,0.26,3.8,-1.3,1.69,48,147,135,9,16,3,0,4,11,0,0,8,51,5,1,3,0,0,0.119,0.174,0.23,0.403,14,0.18,4,31,"2",0,2304,21609,18225,81,256,9,0,16,121,0,0,64,2601,25,1,9,0,0,0.014161,0.030276,0.0529,0.162409,196,0.0324,16,961,0
"Martin Maldonado","NH","2025","SD","San Diego Padres",39,8,1590,1000000,1000000,1,1,"2025","2025",0,0,0,0,162,90,72,0,1,18,0,0,0,702,5424,1369,152,621,0.468,0.249,3.96,-0.2,0.04,64,161,147,11,30,6,0,4,12,0,0,8,57,3,0,6,0,0,0.204,0.245,0.327,0.572,57,0.258,53,48,"2",0,4096,25921,21609,121,900,36,0,16,144,0,0,64,3249,9,0,36,0,0,0.041616,0.060025,0.106929,0.327184,3249,0.066564,2809,2304,0
"Marwin Gonzalez","NH","2019","MIN","Minnesota Twins",30.4,0,1593,21000000,10500000,1,2,"2019","2020",0,0,0,0,162,101,61,1,1,40,0,0,0,939,5732,1547,307,754,0.481,0.263,3.99,2,4,114,463,425,52,112,19,0,15,55,1,0,31,98,7,6,0,1,2,0.264,0.322,0.414,0.736,94,0.315,91,176,"9537/HD46",0,12996,214369,180625,2704,12544,361,0,225,3025,1,0,961,9604,49,36,0,1,4,0.069696,0.103684,0.171396,0.541696,8836,0.099225,8281,30976,0
"Marwin Gonzalez","NH","2020","MIN","Minnesota Twins",31.4,1,1593,21000000,10500000,1,2,"2019","2020",0,0,0,0,60,36,24,1,1,12,0,0,0,269,1937,468,91,215,0.481,0.263,3.99,0.2,0.04,53,199,175,15,37,4,0,5,22,0,0,17,41,1,3,0,4,0,0.211,0.286,0.32,0.606,69,0.274,67,56,"543/9H",0,2809,39601,30625,225,1369,16,0,25,484,0,0,289,1681,1,9,0,16,0,0.044521,0.081796,0.1024,0.367236,4761,0.075076,4489,3136,0
"Marwin Gonzalez","NH","2021","BOS","Boston Red Sox",32.4,2,1594,3000000,3000000,1,1,"2021","2021",0,0,0,0,162,92,70,0,1,22,0,0,0,829,5495,1434,219,749,0.519,0.267,3.91,-0.8,0.64,91,307,276,30,55,14,0,5,28,3,2,20,78,8,9,1,1,0,0.199,0.275,0.304,0.579,56,0.26,52,84,"43675H/9D1",0,8281,94249,76176,900,3025,196,0,25,784,9,4,400,6084,64,81,1,1,0,0.039601,0.075625,0.092416,0.335241,3136,0.0676,2704,7056,0
"Marwin Gonzalez","NH","2022","NYY","New York Yankees",33.4,3,1595,1281795.54003133,1281795.54003133,1,1,"2022","2022",0,0,0,0,162,99,63,1,1,36,0,0,1,807,5422,1308,254,567,0.57,0.266,3.65,0.6,0.36,85,207,184,20,34,7,0,6,18,3,0,14,54,8,4,3,2,0,0.185,0.255,0.321,0.576,63,0.273,66,59,"6973H5/4D1",0,7225,42849,33856,400,1156,49,0,36,324,9,0,196,2916,64,16,9,4,0,0.034225,0.065025,0.103041,0.331776,3969,0.074529,4356,3481,0
"Mat Latos","NH","2015","MIA","Miami Marlins",27.7,5.079,1596,687225.311355765,687225.311355765,1,1,"2015","2015",0,0,0,0,162,71,91,0,0,-20,0,0,0,613,5463,1420,120,678,0.469,0.258,4.26,0.5,0.25,21,34,24,1,7,0,0,0,1,0,0,0,7,0,0,10,0,0,0.292,0.292,0.292,0.583,64,0.301,78,7,"1",0,441,1156,576,1,49,0,0,0,1,0,0,0,49,0,0,100,0,0,0.085264,0.085264,0.085264,0.339889,4096,0.090601,6084,49,0
"Mat Latos","NH","2016","WSH","Washington Nationals",28.7,6.079,1597,3000000,3000000,1,1,"2016","2016",0,0,0,0,162,95,67,1,1,28,0,0,0,763,5490,1403,203,612,0.485,0.253,3.86,0.1,0.01,7,5,5,1,1,0,0,1,1,0,0,0,3,0,0,0,0,0,0.2,0.2,0.8,1,149,0.403,151,4,"1",0,49,25,25,1,1,0,0,1,1,0,0,0,9,0,0,0,0,0,0.04,0.04,0.64,1,22201,0.162409,22801,16,0
"Mat Latos","NH","2017","TOR","Toronto Blue Jays",29.7,7.013,1598,1500000,1500000,1,1,"2017","2017",0,0,0,0,162,76,86,0,0,-10,0,0,1,693,5499,1320,222,784,0.498,0.261,4.21,0,0,1,3,3,0,0,0,0,0,0,0,0,0,0,0,0,0,0,0,0,0,0,0,-100,0,-136,0,"/1",0,1,9,9,0,0,0,0,0,0,0,0,0,0,0,0,0,0,0,0,0,0,0,10000,0,18496,0,0
"Matt Adams","NH","2018","WSH","Washington Nationals",29.9,5.033,1599,4000000,4000000,1,1,"2018","2018",0,0,0,0,162,82,80,0,0,2,0,0,1,771,5517,1402,191,682,0.488,0.254,3.87,1.1,1.21,121,337,306,42,73,10,0,21,57,0,0,27,73,6,4,0,0,3,0.239,0.309,0.477,0.786,105,0.342,105,146,"3H7/D9",0,14641,113569,93636,1764,5329,100,0,441,3249,0,0,729,5329,36,16,0,0,9,0.057121,0.095481,0.227529,0.617796,11025,0.116964,11025,21316,0
"Matt Adams","NH","2019","WSH","Washington Nationals",30.9,6.033,1600,4000000,4000000,1,1,"2019","2019",0,0,0,0,162,93,69,0,1,24,1,1,1,873,5512,1460,231,724,0.489,0.254,3.88,0.6,0.36,111,333,310,42,70,14,0,20,56,0,0,20,115,7,2,0,1,1,0.226,0.276,0.465,0.741,86,0.313,82,144,"3H",0,12321,110889,96100,1764,4900,196,0,400,3136,0,0,400,13225,49,4,0,1,1,0.051076,0.076176,0.216225,0.549081,7396,0.097969,6724,20736,0
"Matt Albers","NH","2016","CHW","Chicago White Sox",33.6,2,1603,2250000,2250000,0,1,"2016","2016",0,0,0,0,162,78,84,0,0,-6,0,0,1,686,5550,1428,168,715,0.504,0.261,3.75,0.1,0.01,4,1,1,1,1,1,0,0,0,0,0,0,0,0,0,0,0,0,1,1,2,3,697,1.233,742,2,"1",0,16,1,1,1,1,1,0,0,0,0,0,0,0,0,0,0,0,0,1,1,4,9,485809,1.520289,550564,4,0
"Matt Albers","NH","2017","WSH","Washington Nationals",34.6,3,1604,1150000,1150000,1,1,"2017","2017",0,0,0,0,162,97,65,1,1,32,0,0,2,819,5553,1477,215,672,0.487,0.254,3.87,0,0,59,0,0,0,0,0,0,0,0,0,0,0,0,0,0,0,0,0,0,0,0,0,0,0,0,0,"1",0,3481,0,0,0,0,0,0,0,0,0,0,0,0,0,0,0,0,0,0,0,0,0,0,0,0,0,0
"Matt Albers","NH","2018","MIL","Milwaukee Brewers",35.6,4,1605,5000000,2500000,1,2,"2018","2019",0,0,0,0,163,96,67,1,1,29,0,0,1,754,5542,1398,218,659,0.48,0.258,4.17,0,0,31,0,0,0,0,0,0,0,0,0,0,0,0,0,0,0,0,0,0,0,0,0,0,0,0,0,"1",0,961,0,0,0,0,0,0,0,0,0,0,0,0,0,0,0,0,0,0,0,0,0,0,0,0,0,0
"Matt Albers","NH","2019","MIL","Milwaukee Brewers",36.6,5,1605,5000000,2500000,1,2,"2018","2019",0,0,0,0,162,89,73,0,1,16,0,0,0,769,5542,1366,250,766,0.481,0.258,4.18,0,0,63,0,0,0,0,0,0,0,0,0,0,0,0,0,0,0,0,0,0,0,0,0,0,0,0,0,"1",0,3969,0,0,0,0,0,0,0,0,0,0,0,0,0,0,0,0,0,0,0,0,0,0,0,0,0,0
"Matt Albers","NH","2019","MIL","Milwaukee Brewers",36.6,6,1606,6231426.49813268,3115713.24906634,0,2,"2019","2020",0,0,0,0,162,89,73,0,1,16,0,0,0,769,5542,1366,250,766,0.481,0.258,4.18,0,0,63,0,0,0,0,0,0,0,0,0,0,0,0,0,0,0,0,0,0,0,0,0,0,0,0,0,"1",0,3969,0,0,0,0,0,0,0,0,0,0,0,0,0,0,0,0,0,0,0,0,0,0,0,0,0,0
"Matt Andriese","NH","2021","BOS","Boston Red Sox",31.9,0,1607,2100000,2100000,1,1,"2021","2021",0,0,0,0,162,92,70,0,1,22,0,0,0,829,5495,1434,219,749,0.519,0.267,3.91,0,0,5,0,0,0,0,0,0,0,0,0,0,0,0,0,0,0,0,0,0,0,0,0,0,0,0,0,"1",0,25,0,0,0,0,0,0,0,0,0,0,0,0,0,0,0,0,0,0,0,0,0,0,0,0,0,0
"Matt Belisle","NH","2015","STL","St Louis Cardinals",35.2,9.019,1609,3500000,3500000,1,1,"2015","2015",0,0,0,0,162,100,62,1,1,38,0,0,1,647,5484,1386,137,525,0.52,0.267,3.67,0,0,32,0,0,0,0,0,0,0,0,0,0,0,0,0,0,0,0,0,0,0,0,0,0,0,0,0,"1",0,1024,0,0,0,0,0,0,0,0,0,0,0,0,0,0,0,0,0,0,0,0,0,0,0,0,0,0
"Matt Belisle","NH","2016","WSH","Washington Nationals",36.2,10.019,1610,1250000,1250000,1,1,"2016","2016",0,0,0,0,162,95,67,1,1,28,0,0,0,763,5490,1403,203,612,0.485,0.253,3.86,-0.1,0.01,38,4,4,0,0,0,0,0,0,0,0,0,2,0,0,0,0,0,0,0,0,0,-100,0,-143,0,"1",0,1444,16,16,0,0,0,0,0,0,0,0,0,4,0,0,0,0,0,0,0,0,0,10000,0,20449,0,0
"Matt Belisle","NH","2017","MIN","Minnesota Twins",37.2,11.019,1611,2050000,2050000,1,1,"2017","2017",0,0,0,0,162,85,77,0,1,8,0,0,1,815,5557,1444,206,788,0.48,0.263,3.98,0,0,6,0,0,0,0,0,0,0,0,0,0,0,0,0,0,0,0,0,0,0,0,0,0,0,0,0,"1",0,36,0,0,0,0,0,0,0,0,0,0,0,0,0,0,0,0,0,0,0,0,0,0,0,0,0,0
"Matt Belisle","NH","2018","MIN","Minnesota Twins",38.2,12.019,1612,1500000,1500000,1,1,"2018","2018",0,0,0,0,162,78,84,0,0,-6,0,0,1,738,5526,1379,166,775,0.48,0.263,3.99,0,0,2,0,0,0,0,0,0,0,0,0,0,0,0,0,0,0,0,0,0,0,0,0,0,0,0,0,"1",0,4,0,0,0,0,0,0,0,0,0,0,0,0,0,0,0,0,0,0,0,0,0,0,0,0,0,0
"Matt Bowman","NH","2025","BAL","Baltimore Orioles",34.2,4,1616,1100000,1100000,1,1,"2025","2025",0,0,0,0,162,75,87,0,0,-12,0,0,0,677,5416,1273,191,788,0.475,0.258,4.05,0,0,1,0,0,0,0,0,0,0,0,0,0,0,0,0,0,0,0,0,0,0,0,0,0,0,0,0,"1",0,1,0,0,0,0,0,0,0,0,0,0,0,0,0,0,0,0,0,0,0,0,0,0,0,0,0,0
"Matt Carpenter","NH","2022","NYY","New York Yankees",36.8,0,1622,2000000,2000000,1,1,"2022","2022",0,0,0,0,162,99,63,1,1,36,0,0,1,807,5422,1308,254,567,0.57,0.266,3.65,2.4,5.76,47,154,128,28,39,9,0,15,37,0,0,19,35,2,5,1,1,1,0.305,0.412,0.727,1.138,216,0.476,218,93,"D9H/375",0,2209,23716,16384,784,1521,81,0,225,1369,0,0,361,1225,4,25,1,1,1,0.093025,0.169744,0.528529,1.295044,46656,0.226576,47524,8649,0
"Matt Carpenter","NH","2023","SD","San Diego Padres",37.8,1,1623,12000000,6000000,1,2,"2023","2024",0,0,0,0,162,82,80,0,0,2,0,0,0,752,5401,1316,205,648,0.465,0.249,3.96,-0.3,0.09,76,237,188,18,33,12,0,5,31,1,0,41,67,2,2,0,5,0,0.176,0.322,0.319,0.641,79,0.293,79,60,"DH3",0,5776,56169,35344,324,1089,144,0,25,961,1,0,1681,4489,4,4,0,25,0,0.030976,0.103684,0.101761,0.410881,6241,0.085849,6241,3600,0
"Matt Carpenter","NH","2024","STL","St Louis Cardinals",38.8,2,1623,12000000,6000000,1,2,"2023","2024",0,0,0,0,162,83,79,0,0,4,0,0,0,672,5507,1363,165,719,0.52,0.266,3.69,-0.1,0.01,59,157,137,15,32,7,0,4,15,0,2,15,51,0,2,0,2,0,0.234,0.314,0.372,0.686,93,0.301,95,51,"DH/345",0,3481,24649,18769,225,1024,49,0,16,225,0,4,225,2601,0,4,0,4,0,0.054756,0.098596,0.138384,0.470596,8649,0.090601,9025,2601,0
"Matt Carpenter","NH","2024","STL","St Louis Cardinals",38.8,3,1624,740000,740000,1,1,"2024","2024",0,0,0,0,162,83,79,0,0,4,0,0,0,672,5507,1363,165,719,0.52,0.266,3.69,-0.1,0.01,59,157,137,15,32,7,0,4,15,0,2,15,51,0,2,0,2,0,0.234,0.314,0.372,0.686,93,0.301,95,51,"DH/345",0,3481,24649,18769,225,1024,49,0,16,225,0,4,225,2601,0,4,0,4,0,0.054756,0.098596,0.138384,0.470596,8649,0.090601,9025,2601,0
"Matt Duffy","NH","2021","CHC","Chicago Cubs",30.6,0,1625,1000000,1000000,1,1,"2021","2021",0,0,0,0,162,71,91,0,0,-20,0,0,0,705,5306,1255,210,839,0.513,0.262,3.69,1.7,2.89,97,322,289,45,83,12,0,5,30,8,1,25,63,16,7,0,1,0,0.287,0.357,0.381,0.738,101,0.34,105,110,"5H4/6731",0,9409,103684,83521,2025,6889,144,0,25,900,64,1,625,3969,256,49,0,1,0,0.082369,0.127449,0.145161,0.544644,10201,0.1156,11025,12100,0
"Matt Duffy","NH","2022","LAA","Los Angeles Angels",31.6,1,1626,1500000,1500000,1,1,"2022","2022",0,0,0,0,162,73,89,0,0,-16,0,0,0,623,5423,1265,190,668,0.498,0.257,3.98,-0.4,0.16,77,247,228,14,57,8,0,2,16,0,0,17,50,6,2,0,0,0,0.25,0.308,0.311,0.619,77,0.279,73,71,"534H",0,5929,61009,51984,196,3249,64,0,4,256,0,0,289,2500,36,4,0,0,0,0.0625,0.094864,0.096721,0.383161,5929,0.077841,5329,5041,0
"Matt Duffy","NH","2023","KC","Kansas City Royals",32.6,2,1627,1595604.1390358,1595604.1390358,1,1,"2023","2023",0,0,0,0,162,56,106,0,0,-50,0,0,0,676,5428,1325,163,859,0.475,0.263,4.27,0.2,0.04,78,209,191,17,48,8,0,2,16,1,0,12,39,4,4,0,2,0,0.251,0.306,0.325,0.631,73,0.298,81,62,"54H3/D16",0,6084,43681,36481,289,2304,64,0,4,256,1,0,144,1521,16,16,0,4,0,0.063001,0.093636,0.105625,0.398161,5329,0.088804,6561,3844,0
"Matt Duffy","NH","2024","TEX","Texas Rangers",33.6,3,1628,1028380.82280247,1028380.82280247,1,1,"2024","2024",0,0,0,0,162,78,84,0,0,-6,0,0,1,683,5472,1302,176,738,0.476,0.258,4.29,0.2,0.04,4,10,7,2,2,0,0,0,0,0,0,2,1,0,1,0,0,0,0.286,0.5,0.286,0.786,139,0.388,160,2,"/5H",0,16,100,49,4,4,0,0,0,0,0,0,4,1,0,1,0,0,0,0.081796,0.25,0.081796,0.617796,19321,0.150544,25600,4,0
"Matt Harvey","NH","2021","BAL","Baltimore Orioles",32.3,7.127,1630,1000000,1000000,1,1,"2021","2021",0,0,0,0,162,52,110,0,0,-58,0,0,0,659,5420,1296,195,956,0.473,0.258,4.05,-0.1,0.01,3,6,5,0,0,0,0,0,0,0,0,0,3,0,0,1,0,0,0,0,0,0,-100,0,-172,0,"1",0,9,36,25,0,0,0,0,0,0,0,0,0,9,0,0,1,0,0,0,0,0,0,10000,0,29584,0,0
"Matt Holliday","NH","2017","NYY","New York Yankees",37.6,7,1632,13000000,13000000,1,1,"2017","2017",0,0,0,0,162,91,71,0,1,20,0,0,2,858,5594,1463,241,660,0.569,0.267,3.64,-0.1,0.01,105,427,373,50,86,18,0,19,64,1,0,46,114,14,3,0,5,0,0.231,0.316,0.432,0.748,95,0.332,97,161,"D/3H",0,11025,182329,139129,2500,7396,324,0,361,4096,1,0,2116,12996,196,9,0,25,0,0.053361,0.099856,0.186624,0.559504,9025,0.110224,9409,25921,0
"Matt Holliday","NH","2018","COL","Colorado Rockies",38.6,8,1633,694114.573020403,694114.573020403,1,1,"2018","2018",0,0,0,0,163,91,72,0,1,19,0,0,0,780,5541,1418,210,745,0.473,0.274,4.95,0.1,0.01,25,65,53,3,15,2,0,2,3,0,0,12,18,0,0,0,0,0,0.283,0.415,0.434,0.849,116,0.396,133,23,"7H/3D",0,625,4225,2809,9,225,4,0,4,9,0,0,144,324,0,0,0,0,0,0.080089,0.172225,0.188356,0.720801,13456,0.156816,17689,529,0
"Matt Joyce","NH","2016","PIT","Pittsburgh Pirates",32,6.123,1634,1000000,1000000,1,1,"2016","2016",0,0,0,0,162,78,83,0,0,-5,0,0,0,729,5542,1426,153,758,0.504,0.265,3.71,1.7,2.89,140,293,231,45,56,10,1,13,42,1,1,59,67,9,3,0,0,4,0.242,0.403,0.463,0.866,132,0.386,140,107,"H97/D",0,19600,85849,53361,2025,3136,100,1,169,1764,1,1,3481,4489,81,9,0,0,16,0.058564,0.162409,0.214369,0.749956,17424,0.148996,19600,11449,0
"Matt Joyce","NH","2017","OAK","Oakland Athletics",33,7.123,1635,11000000,5500000,1,2,"2017","2018",0,0,0,0,162,75,87,0,0,-12,0,0,1,739,5464,1344,234,826,0.487,0.259,3.98,2.1,4.41,141,544,469,78,114,33,0,25,68,4,1,66,113,10,2,0,7,0,0.243,0.335,0.473,0.808,118,0.343,114,222,"97H/D8",0,19881,295936,219961,6084,12996,1089,0,625,4624,16,1,4356,12769,100,4,0,49,0,0.059049,0.112225,0.223729,0.652864,13924,0.117649,12996,49284,0
"Matt Joyce","NH","2018","OAK","Oakland Athletics",34,8.123,1635,11000000,5500000,1,2,"2017","2018",0,0,0,0,162,97,65,0,1,32,0,0,0,813,5579,1407,227,674,0.488,0.259,3.98,-0.2,0.04,83,246,207,34,43,9,0,7,15,0,2,35,53,3,1,1,2,2,0.208,0.322,0.353,0.675,88,0.303,90,73,"7HD/98",0,6889,60516,42849,1156,1849,81,0,49,225,0,4,1225,2809,9,1,1,4,4,0.043264,0.103684,0.124609,0.455625,7744,0.091809,8100,5329,0
"Matt Joyce","NH","2019","ATL","Atlanta Braves",35,9.123,1636,1000000,1000000,1,1,"2019","2019",0,0,0,0,162,97,65,1,1,32,0,0,0,855,5560,1432,249,743,0.501,0.26,3.66,0.8,0.64,129,238,200,32,59,10,0,7,23,0,0,38,45,3,0,0,0,0,0.295,0.408,0.45,0.858,119,0.378,125,90,"H9/D7",0,16641,56644,40000,1024,3481,100,0,49,529,0,0,1444,2025,9,0,0,0,0,0.087025,0.166464,0.2025,0.736164,14161,0.142884,15625,8100,0
"Matt Joyce","NH","2020","MIA","Miami Marlins",36,10.123,1637,1500000,1500000,1,1,"2020","2020",0,0,0,0,60,31,29,0,1,2,0,0,0,263,1935,472,60,304,0.463,0.257,4.31,-0.4,0.16,46,148,127,16,32,4,0,2,14,1,0,20,41,3,0,0,1,0,0.252,0.351,0.331,0.682,87,0.331,100,42,"97D/H",0,2116,21904,16129,256,1024,16,0,4,196,1,0,400,1681,9,0,0,1,0,0.063504,0.123201,0.109561,0.465124,7569,0.109561,10000,1764,0
"Matt Joyce","NH","2021","PHI","Philadelphia Phillies",37,11.123,1638,1500000,1500000,1,1,"2021","2021",0,0,0,0,162,82,80,0,0,2,0,0,0,734,5366,1288,198,745,0.472,0.261,3.99,-0.6,0.36,43,69,55,6,5,1,0,2,7,0,0,12,16,2,1,0,1,2,0.091,0.261,0.218,0.479,32,0.219,20,12,"H/79",0,1849,4761,3025,36,25,1,0,4,49,0,0,144,256,4,1,0,1,4,0.008281,0.068121,0.047524,0.229441,1024,0.047961,400,144,0
"Matt Koch","NH","2024","COL","Colorado Rockies",33.8,1,1640,761001.808873827,761001.808873827,0,1,"2024","2024",0,0,0,0,162,61,101,0,0,-40,0,0,1,682,5454,1319,179,929,0.462,0.271,5.02,0,0,1,0,0,0,0,0,0,0,0,0,0,0,0,0,0,0,0,0,0,0,0,0,0,0,0,0,"/1",0,1,0,0,0,0,0,0,0,0,0,0,0,0,0,0,0,0,0,0,0,0,0,0,0,0,0,0
"Matt Lindstrom",NA,"2013","CHW","Chicago White Sox",33.5,0,1641,2800000,2800000,1,1,"2013","2013",0,0,0,0,162,63,99,0,0,-36,0,0,0,609,5611,1389,148,732,0.505,0.261,3.74,0,0,8,0,0,0,0,0,0,0,0,0,0,0,0,0,0,0,0,0,0,0,0,0,0,0,0,0,"1",0,64,0,0,0,0,0,0,0,0,0,0,0,0,0,0,0,0,0,0,0,0,0,0,0,0,0,0
"Matt Magill","NH","2018","MIN","Minnesota Twins",28.8,0,1643,694114.573020403,694114.573020403,1,1,"2018","2018",0,0,0,0,162,78,84,0,0,-6,0,0,1,738,5526,1379,166,775,0.48,0.263,3.99,0,0,3,1,1,0,0,0,0,0,0,0,0,0,1,0,0,0,0,0,0,0,0,0,-100,0,-125,0,"1",0,9,1,1,0,0,0,0,0,0,0,0,0,1,0,0,0,0,0,0,0,0,0,10000,0,15625,0,0
"Matt Magill","NH","2019","SEA","Seattle Mariners",29.8,1,1644,697919.76779086,697919.76779086,1,1,"2019","2019",0,0,0,0,162,68,94,0,0,-26,0,0,1,758,5500,1305,239,893,0.471,0.26,4.33,0,0,1,0,0,0,0,0,0,0,0,0,0,0,0,0,0,0,0,0,0,0,0,0,0,0,0,0,"1",0,1,0,0,0,0,0,0,0,0,0,0,0,0,0,0,0,0,0,0,0,0,0,0,0,0,0,0
"Matt Moore","NH","2021","PHI","Philadelphia Phillies",32.2,1,1647,3549468.90047069,3549468.90047069,1,1,"2021","2021",0,0,0,0,162,82,80,0,0,2,0,0,0,734,5366,1288,198,745,0.472,0.261,3.99,-0.2,0.04,22,20,19,0,0,0,0,0,0,0,0,0,13,0,0,1,0,0,0,0,0,0,-100,0,-145,0,"1",0,484,400,361,0,0,0,0,0,0,0,0,0,169,0,0,1,0,0,0,0,0,0,10000,0,21025,0,0
"Matt Thornton","NH","2014","WSH","Washington Nationals",37.9,1.129,1656,7000000,3500000,1,2,"2014","2015",0,0,0,0,162,96,66,1,1,30,0,0,0,686,5542,1403,152,555,0.482,0.253,3.88,0,0,22,0,0,0,0,0,0,0,0,0,0,0,0,0,0,0,0,0,0,0,0,0,0,0,0,0,"1",0,484,0,0,0,0,0,0,0,0,0,0,0,0,0,0,0,0,0,0,0,0,0,0,0,0,0,0
"Matt Thornton","NH","2015","WSH","Washington Nationals",38.9,2.129,1656,7000000,3500000,1,2,"2014","2015",0,0,0,0,162,83,79,0,0,4,0,0,2,703,5428,1363,177,635,0.483,0.253,3.87,0,0,56,0,0,0,0,0,0,0,0,0,0,0,0,0,0,0,0,0,0,0,0,0,0,0,0,0,"1",0,3136,0,0,0,0,0,0,0,0,0,0,0,0,0,0,0,0,0,0,0,0,0,0,0,0,0,0
"Matt Thornton","NH","2016","SD","San Diego Padres",39.9,3.129,1657,1600000,1600000,1,1,"2016","2016",0,0,0,0,162,68,94,0,0,-26,0,0,1,686,5419,1275,177,770,0.463,0.25,3.93,0,0,16,0,0,0,0,0,0,0,0,0,0,0,0,0,0,0,0,0,0,0,0,0,0,0,0,0,"1",0,256,0,0,0,0,0,0,0,0,0,0,0,0,0,0,0,0,0,0,0,0,0,0,0,0,0,0
"Matt Wieters","NH","2016","BAL","Baltimore Orioles",30.2,6.129,1658,15800000,15800000,0,1,"2016","2016",1,0,0,0,162,89,73,0,1,16,0,0,0,744,5524,1413,253,715,0.477,0.259,4,2,4,124,464,423,48,103,17,1,17,66,1,0,32,85,10,5,1,3,1,0.243,0.302,0.409,0.711,89,0.314,88,173,"2/HD",0,15376,215296,178929,2304,10609,289,1,289,4356,1,0,1024,7225,100,25,1,9,1,0.059049,0.091204,0.167281,0.505521,7921,0.098596,7744,29929,0
"Matt Wieters","NH","2019","STL","St Louis Cardinals",33.2,9.129,1659,1500000,1500000,1,1,"2019","2019",0,0,0,0,162,91,71,1,1,20,0,0,1,764,5449,1336,210,662,0.52,0.266,3.67,0.5,0.25,67,183,168,15,36,4,0,11,27,1,1,12,47,3,1,0,2,0,0.214,0.268,0.435,0.702,82,0.297,78,73,"2H",0,4489,33489,28224,225,1296,16,0,121,729,1,1,144,2209,9,1,0,4,0,0.045796,0.071824,0.189225,0.492804,6724,0.088209,6084,5329,0
"Matt Wieters","NH","2020","STL","St Louis Cardinals",34.2,10.129,1660,2000000,2000000,0,1,"2020","2020",0,0,0,0,58,30,28,0,1,2,0,0,2,240,1752,410,51,229,0.52,0.266,3.67,0,0,19,41,35,3,7,1,0,0,4,0,0,3,10,1,2,1,0,0,0.2,0.3,0.229,0.529,50,0.253,52,8,"2/H",0,361,1681,1225,9,49,1,0,0,16,0,0,9,100,1,4,1,0,0,0.04,0.09,0.052441,0.279841,2500,0.064009,2704,64,0
"Max Scherzer","NH","2015","WSH","Washington Nationals",31,0,1661,210000000,30000000,1,7,"2015","2021",2,0,1,0,162,83,79,0,0,4,0,0,2,703,5428,1363,177,635,0.483,0.253,3.87,0.5,0.25,32,77,69,4,15,0,0,0,0,0,0,2,23,0,0,6,0,0,0.217,0.239,0.217,0.457,26,0.229,19,15,"1/H",0,1024,5929,4761,16,225,0,0,0,0,0,0,4,529,0,0,36,0,0,0.047089,0.057121,0.047089,0.208849,676,0.052441,361,225,0
"Max Scherzer","NH","2016","WSH","Washington Nationals",32,1,1661,210000000,30000000,1,7,"2015","2021",3,1,1,0,162,95,67,1,1,28,0,0,0,763,5490,1403,203,612,0.485,0.253,3.86,0.1,0.01,33,85,70,4,13,1,0,0,12,0,0,2,30,1,0,13,0,0,0.186,0.208,0.2,0.408,9,0.185,-30,14,"1",0,1089,7225,4900,16,169,1,0,0,144,0,0,4,900,1,0,169,0,0,0.034596,0.043264,0.04,0.166464,81,0.034225,900,196,0
"Max Scherzer","NH","2017","WSH","Washington Nationals",33,2,1661,210000000,30000000,1,7,"2015","2021",3,1,1,0,162,97,65,1,1,32,0,0,2,819,5553,1477,215,672,0.487,0.254,3.87,0.3,0.09,30,72,62,4,10,0,0,1,5,0,0,4,16,0,0,6,0,0,0.161,0.212,0.21,0.422,10,0.204,-8,13,"1",0,900,5184,3844,16,100,0,0,1,25,0,0,16,256,0,0,36,0,0,0.025921,0.044944,0.0441,0.178084,100,0.041616,64,169,0
"Max Scherzer","NH","2018","WSH","Washington Nationals",34,3,1661,210000000,30000000,1,7,"2015","2021",3,1,1,0,162,82,80,0,0,2,0,0,1,771,5517,1402,191,682,0.488,0.254,3.87,0.8,0.64,32,78,70,8,17,2,0,0,6,1,0,1,14,1,2,5,0,0,0.243,0.274,0.271,0.545,45,0.274,47,19,"1/H",0,1024,6084,4900,64,289,4,0,0,36,1,0,1,196,1,4,25,0,0,0.059049,0.075076,0.073441,0.297025,2025,0.075076,2209,361,0
"Max Scherzer","NH","2019","WSH","Washington Nationals",35,4,1661,210000000,30000000,1,7,"2015","2021",3,1,1,0,162,93,69,0,1,24,1,1,1,873,5512,1460,231,724,0.489,0.254,3.88,0,0,28,61,55,6,10,0,0,0,2,2,0,0,27,1,0,6,0,0,0.182,0.182,0.182,0.364,-5,0.184,-29,10,"1/H",0,784,3721,3025,36,100,0,0,0,4,4,0,0,729,1,0,36,0,0,0.033124,0.033124,0.033124,0.132496,25,0.033856,841,100,0
"Max Scherzer","NH","2021","WSH","Washington Nationals",37,6,1661,210000000,30000000,1,7,"2015","2021",3,1,1,0,162,65,97,0,0,-32,0,0,0,724,5385,1388,182,820,0.487,0.254,3.9,-0.7,0.49,28,63,59,0,0,0,0,0,1,0,0,0,28,1,0,3,1,0,0,0,0,0,-100,0,-143,0,"1",0,784,3969,3481,0,0,0,0,0,1,0,0,0,784,1,0,9,1,0,0,0,0,0,10000,0,20449,0,0
"Melky Cabrera","NH","2013","TOR","Toronto Blue Jays",29,0,1665,16000000,8000000,1,2,"2013","2014",0,0,0,0,162,74,88,0,0,-14,0,0,0,712,5537,1398,185,756,0.494,0.262,4.23,0.1,0.01,88,372,344,39,96,15,2,3,30,2,2,23,47,7,0,2,3,0,0.279,0.322,0.36,0.682,88,0.31,88,124,"7/DH",0,7744,138384,118336,1521,9216,225,4,9,900,4,4,529,2209,49,0,4,9,0,0.077841,0.103684,0.1296,0.465124,7744,0.0961,7744,15376,0
"Melky Cabrera","NH","2014","TOR","Toronto Blue Jays",30,1,1665,16000000,8000000,1,2,"2013","2014",0,0,0,0,162,83,79,0,0,4,0,0,1,723,5550,1435,177,686,0.495,0.262,4.23,3.5,12.25,139,621,568,81,171,35,3,16,73,6,2,43,67,19,3,2,5,3,0.301,0.351,0.458,0.808,128,0.369,135,260,"7/9D8H",0,19321,385641,322624,6561,29241,1225,9,256,5329,36,4,1849,4489,361,9,4,25,9,0.090601,0.123201,0.209764,0.652864,16384,0.136161,18225,67600,0
"Melky Cabrera","NH","2015","CHW","Chicago White Sox",31,2,1666,42000000,14000000,1,3,"2015","2017",0,0,0,0,162,76,86,0,0,-10,0,0,0,622,5533,1381,136,701,0.504,0.261,3.75,1.6,2.56,158,683,629,70,172,36,2,12,77,3,0,40,88,18,2,2,10,2,0.273,0.314,0.394,0.709,98,0.315,97,248,"7/D",0,24964,466489,395641,4900,29584,1296,4,144,5929,9,0,1600,7744,324,4,4,100,4,0.074529,0.098596,0.155236,0.502681,9604,0.099225,9409,61504,0
"Melky Cabrera","NH","2016","CHW","Chicago White Sox",32,3,1666,42000000,14000000,1,3,"2015","2017",0,0,0,0,162,78,84,0,0,-6,0,0,1,686,5550,1428,168,715,0.504,0.261,3.75,2.6,6.76,151,646,591,70,175,42,5,14,86,2,0,47,69,17,0,3,5,2,0.296,0.345,0.455,0.8,118,0.349,120,269,"7/DH",0,22801,417316,349281,4900,30625,1764,25,196,7396,4,0,2209,4761,289,0,9,25,4,0.087616,0.119025,0.207025,0.64,13924,0.121801,14400,72361,0
"Melky Cabrera","NH","2017","CHW","Chicago White Sox",33,4,1666,42000000,14000000,1,3,"2015","2017",0,0,0,0,162,67,95,0,0,-28,0,0,1,706,5513,1412,186,820,0.503,0.26,3.76,0,0,156,666,620,78,177,30,2,17,85,1,2,36,74,19,2,2,6,1,0.285,0.324,0.423,0.746,99,0.33,102,262,"79/DH",0,24336,443556,384400,6084,31329,900,4,289,7225,1,4,1296,5476,361,4,4,36,1,0.081225,0.104976,0.178929,0.556516,9801,0.1089,10404,68644,0
"Melky Cabrera","NH","2017","CHW","Chicago White Sox",33,5,1667,54636025.8398138,18212008.6132713,1,3,"2017","2019",0,0,0,0,162,67,95,0,0,-28,0,0,1,706,5513,1412,186,820,0.503,0.26,3.76,0,0,156,666,620,78,177,30,2,17,85,1,2,36,74,19,2,2,6,1,0.285,0.324,0.423,0.746,99,0.33,102,262,"79/DH",0,24336,443556,384400,6084,31329,900,4,289,7225,1,4,1296,5476,361,4,4,36,1,0.081225,0.104976,0.178929,0.556516,9801,0.1089,10404,68644,0
"Melky Cabrera","NH","2018","CLE","Cleveland Guardians",34,6,1667,54636025.8398138,18212008.6132713,1,3,"2017","2019",0,0,0,0,162,91,71,1,1,20,0,0,1,818,5595,1447,216,648,0.511,0.266,3.83,0,0,78,278,250,28,70,17,0,6,39,1,1,20,38,10,3,0,5,0,0.28,0.335,0.42,0.755,103,0.335,106,105,"9/H7D",0,6084,77284,62500,784,4900,289,0,36,1521,1,1,400,1444,100,9,0,25,0,0.0784,0.112225,0.1764,0.570025,10609,0.112225,11236,11025,0
"Melky Cabrera","NH","2019","PIT","Pittsburgh Pirates",35,7,1667,54636025.8398138,18212008.6132713,1,3,"2017","2019",0,0,0,0,162,69,93,0,0,-24,0,0,0,758,5657,1497,163,911,0.503,0.264,3.73,-1.2,1.44,133,397,378,43,106,22,1,7,47,2,0,17,41,14,1,1,0,3,0.28,0.313,0.399,0.713,87,0.32,91,151,"9H7/D",0,17689,157609,142884,1849,11236,484,1,49,2209,4,0,289,1681,196,1,1,0,9,0.0784,0.097969,0.159201,0.508369,7569,0.1024,8281,22801,0
"Melky Cabrera","NH","2019","PIT","Pittsburgh Pirates",35,8,1668,1433228.09457052,1433228.09457052,1,1,"2019","2019",0,0,0,0,162,69,93,0,0,-24,0,0,0,758,5657,1497,163,911,0.503,0.264,3.73,-1.2,1.44,133,397,378,43,106,22,1,7,47,2,0,17,41,14,1,1,0,3,0.28,0.313,0.399,0.713,87,0.32,91,151,"9H7/D",0,17689,157609,142884,1849,11236,484,1,49,2209,4,0,289,1681,196,1,1,0,9,0.0784,0.097969,0.159201,0.508369,7569,0.1024,8281,22801,0
"Michael A Taylor","NH","2024","PIT","Pittsburgh Pirates",32,0,1669,4000000,4000000,1,1,"2024","2024",0,0,0,0,162,76,86,0,0,-10,0,0,0,665,5477,1283,160,739,0.5,0.263,3.76,0.9,0.81,113,300,269,35,52,9,1,5,21,12,1,23,105,3,0,4,4,0,0.193,0.253,0.29,0.543,52,0.255,48,78,"8H/7D",0,12769,90000,72361,1225,2704,81,1,25,441,144,1,529,11025,9,0,16,16,0,0.037249,0.064009,0.0841,0.294849,2704,0.065025,2304,6084,0
"Michael A Taylor","NH","2025","CHW","Chicago White Sox",33,1,1670,1950000,1950000,1,1,"2025","2025",0,0,0,0,162,60,102,0,0,-42,0,0,1,647,5377,1250,165,742,0.498,0.26,3.8,0.1,0.01,134,325,295,33,59,20,1,9,35,8,3,23,110,7,1,4,2,1,0.2,0.259,0.366,0.625,73,0.268,65,108,"879H/D",0,17956,105625,87025,1089,3481,400,1,81,1225,64,9,529,12100,49,1,16,4,1,0.04,0.067081,0.133956,0.390625,5329,0.071824,4225,11664,0
"Michael Bourn","NH","2013","CLE","Cleveland Guardians",30.6,6.028,1671,48000000,12000000,1,4,"2013","2016",0,0,0,0,162,92,70,0,1,22,0,0,0,743,5466,1381,171,685,0.509,0.266,3.84,2.3,5.29,130,575,525,75,138,21,6,6,50,23,12,40,132,2,2,5,3,0,0.263,0.316,0.36,0.676,91,0.298,86,189,"8/HD",0,16900,330625,275625,5625,19044,441,36,36,2500,529,144,1600,17424,4,4,25,9,0,0.069169,0.099856,0.1296,0.456976,8281,0.088804,7396,35721,0
"Michael Bourn","NH","2014","CLE","Cleveland Guardians",31.6,7.028,1671,48000000,12000000,1,4,"2013","2016",0,0,0,0,162,85,77,0,0,8,0,0,0,669,5575,1411,142,653,0.509,0.266,3.84,0.9,0.81,106,487,444,57,114,17,10,3,28,10,6,35,114,5,3,3,2,1,0.257,0.314,0.36,0.674,89,0.306,87,160,"8/H",0,11236,237169,197136,3249,12996,289,100,9,784,100,36,1225,12996,25,9,9,4,1,0.066049,0.098596,0.1296,0.454276,7921,0.093636,7569,25600,0
"Michael Bourn","NH","2015","CLE","Cleveland Guardians",32.6,8.028,1671,48000000,12000000,1,4,"2013","2016",0,0,0,0,161,81,80,0,0,1,0,0,0,669,5439,1395,141,640,0.509,0.266,3.84,0.1,0.01,141,482,425,39,101,15,2,0,30,17,7,46,107,5,0,8,3,0,0.238,0.31,0.282,0.592,63,0.276,58,120,"87H/9D",0,19881,232324,180625,1521,10201,225,4,0,900,289,49,2116,11449,25,0,64,9,0,0.056644,0.0961,0.079524,0.350464,3969,0.076176,3364,14400,0
"Michael Bourn","NH","2016","ARI","Arizona Diamondbacks",33.6,9.028,1671,48000000,12000000,1,4,"2013","2016",0,0,0,0,162,69,93,0,0,-24,0,0,0,752,5665,1479,190,890,0.488,0.258,4.27,-0.1,0.01,113,413,375,48,99,13,6,5,38,15,5,28,92,3,0,8,2,0,0.264,0.314,0.371,0.684,78,0.306,72,139,"879H",0,12769,170569,140625,2304,9801,169,36,25,1444,225,25,784,8464,9,0,64,4,0,0.069696,0.098596,0.137641,0.467856,6084,0.093636,5184,19321,0
"Michael Brantley","NH","2019","HOU","Houston Astros",32.2,0,1673,32000000,16000000,1,2,"2019","2020",1,0,0,0,162,107,55,1,1,52,1,0,0,920,5613,1538,288,640,0.496,0.255,3.81,4.9,24.01,148,637,575,88,179,40,2,22,90,3,2,51,66,21,7,0,4,3,0.311,0.372,0.503,0.875,126,0.37,126,289,"7D/9H",0,21904,405769,330625,7744,32041,1600,4,484,8100,9,4,2601,4356,441,49,0,16,9,0.096721,0.138384,0.253009,0.765625,15876,0.1369,15876,83521,0
"Michael Brantley","NH","2020","HOU","Houston Astros",33.2,1,1673,32000000,16000000,1,2,"2019","2020",0,0,0,0,60,29,31,0,1,-2,0,0,0,279,1992,478,69,275,0.496,0.255,3.81,1.6,2.56,46,187,170,24,51,15,0,5,22,2,0,17,28,3,0,0,0,0,0.3,0.364,0.476,0.84,127,0.373,131,81,"D7/H",1,2116,34969,28900,576,2601,225,0,25,484,4,0,289,784,9,0,0,0,0,0.09,0.132496,0.226576,0.7056,16129,0.139129,17161,6561,1
"Michael Brantley","NH","2021","HOU","Houston Astros",34.2,2,1674,32000000,16000000,0,2,"2021","2022",1,0,0,0,162,95,67,1,1,28,1,0,0,863,5593,1496,221,658,0.498,0.255,3.81,2.2,4.84,121,508,469,68,146,29,3,8,47,1,0,33,53,11,5,0,1,1,0.311,0.362,0.437,0.799,119,0.353,122,205,"7D/9H",0,14641,258064,219961,4624,21316,841,9,64,2209,1,0,1089,2809,121,25,0,1,1,0.096721,0.131044,0.190969,0.638401,14161,0.124609,14884,42025,0
"Michael Brantley","NH","2022","HOU","Houston Astros",35.2,3,1674,32000000,16000000,0,2,"2021","2022",0,0,0,0,162,106,56,1,1,50,1,1,0,737,5409,1341,214,518,0.501,0.255,3.8,1.2,1.44,64,277,243,28,70,14,1,5,26,1,1,31,30,1,1,1,1,2,0.288,0.37,0.416,0.785,126,0.345,124,101,"D7",0,4096,76729,59049,784,4900,196,1,25,676,1,1,961,900,1,1,1,1,4,0.082944,0.1369,0.173056,0.616225,15876,0.119025,15376,10201,0
"Michael Brantley","NH","2022","HOU","Houston Astros",35.2,4,1675,35667354.1573935,17833677.0786967,0,2,"2022","2023",0,0,0,0,162,106,56,1,1,50,1,1,0,737,5409,1341,214,518,0.501,0.255,3.8,1.2,1.44,64,277,243,28,70,14,1,5,26,1,1,31,30,1,1,1,1,2,0.288,0.37,0.416,0.785,126,0.345,124,101,"D7",0,4096,76729,59049,784,4900,196,1,25,676,1,1,961,900,1,1,1,1,4,0.082944,0.1369,0.173056,0.616225,15876,0.119025,15376,10201,0
"Michael Brantley","NH","2023","HOU","Houston Astros",36.2,5,1675,35667354.1573935,17833677.0786967,0,2,"2022","2023",0,0,0,0,162,90,72,1,1,18,0,0,0,827,5567,1441,222,698,0.501,0.255,3.8,0.1,0.01,15,57,54,7,15,2,0,2,7,0,0,2,2,2,0,0,1,0,0.278,0.298,0.426,0.724,98,0.31,93,23,"7/DH",0,225,3249,2916,49,225,4,0,4,49,0,0,4,4,4,0,0,1,0,0.077284,0.088804,0.181476,0.524176,9604,0.0961,8649,529,0
"Michael Brantley","NH","2023","HOU","Houston Astros",36.2,6,1676,12000000,12000000,0,1,"2023","2023",0,0,0,0,162,90,72,1,1,18,0,0,0,827,5567,1441,222,698,0.501,0.255,3.8,0.1,0.01,15,57,54,7,15,2,0,2,7,0,0,2,2,2,0,0,1,0,0.278,0.298,0.426,0.724,98,0.31,93,23,"7/DH",0,225,3249,2916,49,225,4,0,4,49,0,0,4,4,4,0,0,1,0,0.077284,0.088804,0.181476,0.524176,9604,0.0961,8649,529,0
"Michael Conforto","NH","2023","SF","San Francisco Giants",30.4,0,1677,36000000,18000000,1,2,"2023","2024",0,0,0,0,162,79,83,0,0,-4,0,0,0,674,5412,1271,174,719,0.536,0.263,3.58,0.8,0.64,125,470,406,58,97,14,0,15,58,4,0,53,106,12,7,0,4,4,0.239,0.334,0.384,0.718,100,0.317,98,156,"97DH",0,15625,220900,164836,3364,9409,196,0,225,3364,16,0,2809,11236,144,49,0,16,16,0.057121,0.111556,0.147456,0.515524,10000,0.100489,9604,24336,0
"Michael Conforto","NH","2024","SF","San Francisco Giants",31.4,1,1677,36000000,18000000,1,2,"2023","2024",0,0,0,0,162,80,82,0,0,-2,0,0,0,693,5460,1303,177,699,0.535,0.263,3.58,1.3,1.69,130,488,438,56,104,27,3,20,66,0,1,42,118,16,5,0,3,1,0.237,0.309,0.45,0.759,115,0.326,113,197,"7DH",0,16900,238144,191844,3136,10816,729,9,400,4356,0,1,1764,13924,256,25,0,9,1,0.056169,0.095481,0.2025,0.576081,13225,0.106276,12769,38809,0
"Michael Conforto","NH","2025","LAD","Los Angeles Dodgers",32.4,2,1678,17000000,17000000,1,1,"2025","2025",0,0,0,0,162,93,69,1,1,24,1,1,1,825,5481,1384,244,683,0.532,0.261,3.53,-0.7,0.49,138,486,418,54,83,20,0,12,36,1,0,56,121,12,9,0,3,0,0.199,0.305,0.333,0.637,81,0.289,79,139,"7H",0,19044,236196,174724,2916,6889,400,0,144,1296,1,0,3136,14641,144,81,0,9,0,0.039601,0.093025,0.110889,0.405769,6561,0.083521,6241,19321,0
"Michael Cuddyer",NA,"2012","COL","Colorado Rockies",33.3,0.157,1679,31500000,10500000,1,3,"2012","2014",0,0,0,0,162,64,98,0,0,-34,0,0,0,758,5577,1526,166,890,0.472,0.276,5.04,0.6,0.36,101,394,358,53,93,30,2,16,58,8,3,32,78,12,0,0,4,1,0.26,0.317,0.489,0.806,102,0.374,116,175,"93/H",0,10201,155236,128164,2809,8649,900,4,256,3364,64,9,1024,6084,144,0,0,16,1,0.0676,0.100489,0.239121,0.649636,10404,0.139876,13456,30625,0
"Michael Cuddyer",NA,"2013","COL","Colorado Rockies",34.3,1.157,1679,31500000,10500000,1,3,"2012","2014",2,1,0,1,162,74,88,0,0,-14,0,0,0,706,5599,1511,159,760,0.472,0.276,5,2.1,4.41,130,540,489,74,162,31,3,20,84,10,3,46,100,13,2,0,3,5,0.331,0.389,0.53,0.919,136,0.403,142,259,"93/HD",0,16900,291600,239121,5476,26244,961,9,400,7056,100,9,2116,10000,169,4,0,9,25,0.109561,0.151321,0.2809,0.844561,18496,0.162409,20164,67081,0
"Michael Cuddyer",NA,"2014","COL","Colorado Rockies",35.3,2.157,1679,31500000,10500000,1,3,"2012","2014",0,0,0,0,162,66,96,0,0,-30,0,0,0,755,5612,1551,186,818,0.469,0.276,5,1.6,2.56,49,205,190,32,63,15,1,10,31,3,0,14,30,5,0,0,1,0,0.332,0.376,0.579,0.955,148,0.426,160,110,"93/5H",0,2401,42025,36100,1024,3969,225,1,100,961,9,0,196,900,25,0,0,1,0,0.110224,0.141376,0.335241,0.912025,21904,0.181476,25600,12100,0
"Michael Cuddyer",NA,"2015","NYM","New York Mets",36.3,3.157,1680,21000000,10500000,1,2,"2015","2016",0,0,0,0,162,90,72,1,1,18,1,0,1,683,5527,1351,177,613,0.48,0.25,3.76,0.6,0.36,117,408,379,44,98,18,1,10,41,2,0,24,88,13,4,0,1,0,0.259,0.309,0.391,0.699,93,0.327,102,148,"7H3/9D",0,13689,166464,143641,1936,9604,324,1,100,1681,4,0,576,7744,169,16,0,1,0,0.067081,0.095481,0.152881,0.488601,8649,0.106929,10404,21904,0
"Michael Fulmer","NH","2023","CHC","Chicago Cubs",30.4,0,1684,4000000,4000000,1,1,"2023","2023",0,0,0,0,162,83,79,0,0,4,0,0,0,819,5504,1399,196,723,0.513,0.262,3.7,0,0,2,1,1,0,0,0,0,0,0,0,0,0,1,0,0,0,0,0,0,0,0,0,-100,0,-125,0,"1",0,4,1,1,0,0,0,0,0,0,0,0,0,1,0,0,0,0,0,0,0,0,0,10000,0,15625,0,0
"Michael Hermosillo","NH","2021","CHC","Chicago Cubs",26.6,1.016,1686,575000,575000,1,1,"2021","2021",0,0,0,0,162,71,91,0,0,-20,0,0,0,705,5306,1255,210,839,0.513,0.262,3.69,0,0,16,38,36,5,7,2,0,3,7,0,0,1,12,3,1,0,0,0,0.194,0.237,0.5,0.737,92,0.309,87,18,"/H987",0,256,1444,1296,25,49,4,0,9,49,0,0,1,144,9,1,0,0,0,0.037636,0.056169,0.25,0.543169,8464,0.095481,7569,324,0
"Michael Hermosillo","NH","2022","CHC","Chicago Cubs",27.6,1.064,1687,707000,707000,0,1,"2022","2022",0,0,0,0,162,74,88,0,0,-14,0,0,1,657,5425,1293,159,731,0.513,0.262,3.69,-0.4,0.16,31,73,61,7,7,2,0,0,4,1,0,7,27,0,4,1,0,0,0.115,0.25,0.148,0.398,15,0.221,25,9,"8/H97",0,961,5329,3721,49,49,4,0,0,16,1,0,49,729,0,16,1,0,0,0.013225,0.0625,0.021904,0.158404,225,0.048841,625,81,0
"Michael Pineda","NH","2019","MIN","Minnesota Twins",30.6,1,1692,10000000,5000000,1,2,"2018","2019",0,0,0,0,162,101,61,1,1,40,0,0,0,939,5732,1547,307,754,0.481,0.263,3.99,-0.1,0.01,2,4,4,0,0,0,0,0,0,0,0,0,1,0,0,0,0,0,0,0,0,0,-100,0,-132,0,"1",0,4,16,16,0,0,0,0,0,0,0,0,0,1,0,0,0,0,0,0,0,0,0,10000,0,17424,0,0
"Michael Pineda","NH","2021","MIN","Minnesota Twins",32.6,3,1693,20000000,10000000,0,2,"2020","2021",0,0,0,0,162,73,89,0,0,-16,0,0,0,729,5431,1311,228,834,0.481,0.263,4,-0.1,0.01,2,3,3,0,0,0,0,0,0,0,0,0,1,2,0,0,0,0,0,0,0,0,-100,0,-122,0,"1",0,4,9,9,0,0,0,0,0,0,0,0,0,1,4,0,0,0,0,0,0,0,0,10000,0,14884,0,0
"Michael Pineda","NH","2021","MIN","Minnesota Twins",32.6,4,1694,23663126.0031379,11831563.001569,0,2,"2021","2022",0,0,0,0,162,73,89,0,0,-16,0,0,0,729,5431,1311,228,834,0.481,0.263,4,-0.1,0.01,2,3,3,0,0,0,0,0,0,0,0,0,1,2,0,0,0,0,0,0,0,0,-100,0,-122,0,"1",0,4,9,9,0,0,0,0,0,0,0,0,0,1,4,0,0,0,0,0,0,0,0,10000,0,14884,0,0
"Michael Saunders","NH","2017","PHI","Philadelphia Phillies",30.8,0.138,1696,9000000,9000000,1,1,"2017","2017",0,0,0,0,165,66,96,0,0,-30,0,0,0,690,5534,1382,174,782,0.471,0.261,3.97,-1,1,73,234,218,26,44,9,2,6,21,0,1,15,55,2,1,0,0,2,0.202,0.256,0.344,0.6,57,0.258,47,75,"9H/7D",0,5329,54756,47524,676,1936,81,4,36,441,0,1,225,3025,4,1,0,0,4,0.040804,0.065536,0.118336,0.36,3249,0.066564,2209,5625,0
"Michael Wacha","NH","2021","TB","Tampa Bay Rays",30.1,1,1699,3000000,3000000,1,1,"2021","2021",0,0,0,0,162,100,62,1,1,38,0,0,0,857,5507,1336,222,651,0.483,0.255,4.29,0,0,3,3,3,0,0,0,0,0,0,0,0,0,3,0,0,0,0,0,0,0,0,0,-100,0,-119,0,"1/H",0,9,9,9,0,0,0,0,0,0,0,0,0,9,0,0,0,0,0,0,0,0,0,10000,0,14161,0,0
"Miguel Castro","NH","2023","ARI","Arizona Diamondbacks",28.7,0,1704,3500000,3500000,1,1,"2023","2023",0,0,0,0,162,84,78,0,1,6,1,0,0,746,5436,1359,166,761,0.486,0.254,4.27,0,0,2,0,0,0,0,0,0,0,0,0,0,0,0,0,0,0,0,0,0,0,0,0,0,0,0,0,"1",0,4,0,0,0,0,0,0,0,0,0,0,0,0,0,0,0,0,0,0,0,0,0,0,0,0,0,0
"Miguel Del Pozo","NH","2021","DET","Detroit Tigers",28.8,1,1707,674990.669239509,674990.669239509,1,1,"2021","2021",0,0,0,0,162,77,85,0,0,-8,0,0,0,697,5376,1299,179,756,0.504,0.265,4,0,0,2,0,0,0,0,0,0,0,0,0,0,0,0,0,0,0,0,0,0,0,0,0,0,0,0,0,"/1",0,4,0,0,0,0,0,0,0,0,0,0,0,0,0,0,0,0,0,0,0,0,0,0,0,0,0,0
"Miguel Gonzalez","NH","2016","CHW","Chicago White Sox",32.2,4.095,1708,672362.379948466,672362.379948466,1,1,"2016","2016",0,0,0,0,162,78,84,0,0,-6,0,0,1,686,5550,1428,168,715,0.504,0.261,3.75,0,0,1,1,1,0,0,0,0,0,0,0,0,0,1,0,0,0,0,0,0,0,0,0,-100,0,-125,0,"1",0,1,1,1,0,0,0,0,0,0,0,0,0,1,0,0,0,0,0,0,0,0,0,10000,0,15625,0,0
"Mike","NH","2017","KC","Kansas City Royals",29.7,5.138,1710,7250000,3625000,1,2,"2016","2017",0,0,0,0,162,80,82,0,0,-2,0,0,0,702,5536,1436,193,791,0.485,0.265,4.2,0,0,4,0,0,0,0,0,0,0,0,0,0,0,0,0,0,0,0,0,0,0,0,0,0,0,0,0,"1",0,16,0,0,0,0,0,0,0,0,0,0,0,0,0,0,0,0,0,0,0,0,0,0,0,0,0,0
"Mike","NH","2018","TEX","Texas Rangers",30.7,6.138,1711,28000000,9333333.33333333,1,3,"2018","2020",0,0,0,0,162,67,95,0,0,-28,0,0,1,737,5453,1308,194,848,0.478,0.26,4.26,0.1,0.01,1,3,3,0,1,1,0,0,0,0,0,0,1,0,0,0,0,0,0.333,0.333,0.667,1,154,0.412,154,2,"1",0,1,9,9,0,1,1,0,0,0,0,0,0,1,0,0,0,0,0,0.110889,0.110889,0.444889,1,23716,0.169744,23716,4,0
"Mike","NH","2019","TEX","Texas Rangers",31.7,7.138,1711,28000000,9333333.33333333,1,3,"2018","2020",2,0,1,0,162,78,84,0,0,-6,0,0,1,810,5540,1374,223,878,0.478,0.259,4.28,-0.2,0.04,4,10,9,0,0,0,0,0,0,0,0,0,6,0,0,1,0,0,0,0,0,0,-100,0,-168,0,"1/H",0,16,100,81,0,0,0,0,0,0,0,0,0,36,0,0,1,0,0,0,0,0,0,10000,0,28224,0,0
"Mike","NH","2021","KC","Kansas City Royals",33.7,9.138,1712,18000000,9000000,1,2,"2021","2022",0,0,0,0,162,74,88,0,0,-14,0,0,0,686,5427,1349,163,788,0.479,0.264,4.25,-0.1,0.01,3,7,7,0,0,0,0,0,0,0,0,0,4,0,0,0,0,0,0,0,0,0,-100,0,-129,0,"1",0,9,49,49,0,0,0,0,0,0,0,0,0,16,0,0,0,0,0,0,0,0,0,10000,0,16641,0,0
"Mike Gonzalez","NH","2013","MIL","Milwaukee Brewers",35.2,0,1716,2250000,2250000,1,1,"2013","2013",0,0,0,0,162,74,88,0,0,-14,0,0,0,640,5474,1381,157,687,0.478,0.259,4.2,0,0,71,0,0,0,0,0,0,0,0,0,0,0,0,0,0,0,0,0,0,0,0,0,0,0,0,0,"1",0,5041,0,0,0,0,0,0,0,0,0,0,0,0,0,0,0,0,0,0,0,0,0,0,0,0,0,0
"Mike Morin","NH","2019","PHI","Philadelphia Phillies",28.2,3.047,1718,691688.341292727,691688.341292727,1,1,"2019","2019",0,0,0,0,162,81,81,0,0,0,0,0,1,774,5571,1369,215,794,0.472,0.261,3.98,0,0,25,0,0,0,0,0,0,0,0,0,0,0,0,0,0,0,0,0,0,0,0,0,0,0,0,0,"1",0,625,0,0,0,0,0,0,0,0,0,0,0,0,0,0,0,0,0,0,0,0,0,0,0,0,0,0
"Mike Morse","NH","2014","SF","San Francisco Giants",32.4,0,1720,6000000,6000000,1,1,"2014","2014",0,0,0,0,156,88,74,0,1,14,1,1,0,665,5523,1407,132,614,0.538,0.264,3.56,0.9,0.81,131,482,438,48,122,32,3,16,61,0,0,31,121,19,9,0,4,0,0.279,0.336,0.475,0.811,130,0.36,133,208,"73/HD",0,17161,232324,191844,2304,14884,1024,9,256,3721,0,0,961,14641,361,81,0,16,0,0.077841,0.112896,0.225625,0.657721,16900,0.1296,17689,43264,0
"Mike Morse","NH","2015","MIA","Miami Marlins",33.4,1,1721,16000000,8000000,1,2,"2015","2016",0,0,0,0,162,71,91,0,0,-20,0,0,0,613,5463,1420,120,678,0.469,0.258,4.26,-0.4,0.16,98,256,229,14,53,7,1,5,19,0,0,23,76,10,4,0,0,0,0.231,0.313,0.336,0.649,81,0.306,87,77,"3H/7D",0,9604,65536,52441,196,2809,49,1,25,361,0,0,529,5776,100,16,0,0,0,0.053361,0.097969,0.112896,0.421201,6561,0.093636,7569,5929,0
"Mike Morse","NH","2016","PIT","Pittsburgh Pirates",34.4,2,1721,16000000,8000000,1,2,"2015","2016",0,0,0,0,162,78,83,0,0,-5,0,0,0,729,5542,1426,153,758,0.504,0.265,3.71,-0.2,0.04,6,8,8,0,0,0,0,0,0,0,0,0,2,0,0,0,0,0,0,0,0,0,-100,0,-139,0,"/H3D",0,36,64,64,0,0,0,0,0,0,0,0,0,4,0,0,0,0,0,0,0,0,0,10000,0,19321,0,0
"Mike Morse","NH","2017","SF","San Francisco Giants",35.4,3,1722,695958.90057858,695958.90057858,1,1,"2017","2017",0,0,0,0,168,64,98,0,0,-34,0,0,0,639,5551,1382,128,776,0.537,0.264,3.56,-0.6,0.36,24,40,36,1,7,1,0,1,3,0,0,3,14,1,0,0,1,0,0.194,0.25,0.306,0.556,46,0.245,36,11,"H3/7",0,576,1600,1296,1,49,1,0,1,9,0,0,9,196,1,0,0,1,0,0.037636,0.0625,0.093636,0.309136,2116,0.060025,1296,121,0
"Mike Moustakas","NH","2018","KC","Kansas City Royals",29.9,6.111,1723,6500000,6500000,0,1,"2018","2018",0,0,0,0,162,58,104,0,0,-46,0,0,0,638,5505,1350,155,833,0.483,0.264,4.22,2.2,4.84,152,635,573,66,144,33,1,28,95,4,1,49,103,13,7,0,6,5,0.251,0.315,0.459,0.774,107,0.333,104,263,"5D/H3",0,23104,403225,328329,4356,20736,1089,1,784,9025,16,1,2401,10609,169,49,0,36,25,0.063001,0.099225,0.210681,0.599076,11449,0.110889,10816,69169,0
"Mike Moustakas","NH","2019","MIL","Milwaukee Brewers",30.9,7.111,1724,10000000,10000000,0,1,"2019","2019",1,0,0,0,162,89,73,0,1,16,0,0,0,769,5542,1366,250,766,0.481,0.258,4.18,2.8,7.84,143,584,523,80,133,30,1,35,87,3,0,53,98,12,6,0,2,5,0.254,0.329,0.516,0.845,114,0.361,117,270,"54/HD",0,20449,341056,273529,6400,17689,900,1,1225,7569,9,0,2809,9604,144,36,0,4,25,0.064516,0.108241,0.266256,0.714025,12996,0.130321,13689,72900,0
"Mike Moustakas","NH","2020","CIN","Cincinnati Reds",31.9,8.111,1725,64000000,16000000,1,4,"2020","2023",0,0,0,0,60,31,29,0,1,2,0,0,0,243,1842,390,90,243,0.505,0.261,3.75,0.1,0.01,44,163,139,13,32,9,0,8,27,1,0,18,36,5,4,0,2,1,0.23,0.331,0.468,0.799,105,0.347,103,65,"43/D5H",0,1936,26569,19321,169,1024,81,0,64,729,1,0,324,1296,25,16,0,4,1,0.0529,0.109561,0.219024,0.638401,11025,0.120409,10609,4225,0
"Mike Moustakas","NH","2021","CIN","Cincinnati Reds",32.9,9.111,1725,64000000,16000000,1,4,"2020","2023",0,0,0,0,162,83,79,0,0,4,0,0,0,786,5423,1352,222,760,0.505,0.261,3.75,-1.1,1.21,62,206,183,21,38,12,0,6,22,0,0,18,46,6,2,0,3,0,0.208,0.282,0.372,0.653,68,0.284,59,68,"5H3/4",0,3844,42436,33489,441,1444,144,0,36,484,0,0,324,2116,36,4,0,9,0,0.043264,0.079524,0.138384,0.426409,4624,0.080656,3481,4624,0
"Mike Moustakas","NH","2022","CIN","Cincinnati Reds",33.9,10.111,1725,64000000,16000000,1,4,"2020","2023",0,0,0,0,162,62,100,0,0,-38,0,0,0,648,5380,1264,156,815,0.504,0.261,3.76,-0.9,0.81,78,285,252,30,54,12,0,7,25,2,0,24,75,8,6,0,3,0,0.214,0.295,0.345,0.64,76,0.287,70,87,"D53/H",0,6084,81225,63504,900,2916,144,0,49,625,4,0,576,5625,64,36,0,9,0,0.045796,0.087025,0.119025,0.4096,5776,0.082369,4900,7569,0
"Mike Moustakas","NH","2023","LAA","Los Angeles Angels",34.9,11.111,1725,64000000,16000000,1,4,"2020","2023",0,0,0,0,162,73,89,0,0,-16,0,0,0,739,5489,1346,231,829,0.497,0.256,4,-0.1,0.01,112,386,352,43,87,15,0,12,48,0,0,23,95,7,3,0,8,1,0.247,0.293,0.392,0.685,82,0.3,79,138,"53HD",0,12544,148996,123904,1849,7569,225,0,144,2304,0,0,529,9025,49,9,0,64,1,0.061009,0.085849,0.153664,0.469225,6724,0.09,6241,19044,0
"Mike Moustakas","NH","2023","LAA","Los Angeles Angels",34.9,11.111,1726,720000,720000,1,1,"2023","2023",0,0,0,0,162,73,89,0,0,-16,0,0,0,739,5489,1346,231,829,0.497,0.256,4,-0.1,0.01,112,386,352,43,87,15,0,12,48,0,0,23,95,7,3,0,8,1,0.247,0.293,0.392,0.685,82,0.3,79,138,"53HD",0,12544,148996,123904,1849,7569,225,0,144,2304,0,0,529,9025,49,9,0,64,1,0.061009,0.085849,0.153664,0.469225,6724,0.09,6241,19044,0
"Mike Napoli","H","2013","BOS","Boston Red Sox",31.8,6.151,1727,5000000,5000000,1,1,"2013","2013",0,0,0,0,162,97,65,1,1,32,0,0,0,861,5669,1573,178,657,0.517,0.267,3.9,3.7,13.69,139,578,498,79,129,38,2,23,92,1,1,73,187,15,6,0,1,3,0.259,0.36,0.482,0.842,128,0.365,127,240,"3/DH",0,19321,334084,248004,6241,16641,1444,4,529,8464,1,1,5329,34969,225,36,0,1,9,0.067081,0.1296,0.232324,0.708964,16384,0.133225,16129,57600,0
"Mike Napoli","H","2014","BOS","Boston Red Sox",32.8,7.151,1728,32000000,16000000,0,2,"2014","2015",0,0,0,0,162,71,91,0,0,-20,1,1,0,634,5551,1355,123,715,0.517,0.267,3.9,2.8,7.84,119,500,415,49,103,20,0,17,55,3,2,78,133,12,4,0,3,3,0.248,0.37,0.419,0.789,120,0.362,127,174,"3/DH",0,14161,250000,172225,2401,10609,400,0,289,3025,9,4,6084,17689,144,16,0,9,9,0.061504,0.1369,0.175561,0.622521,14400,0.131044,16129,30276,0
"Mike Napoli","H","2015","BOS","Boston Red Sox",33.8,8.151,1728,32000000,16000000,0,2,"2014","2015",0,0,0,0,162,78,84,0,0,-6,0,0,2,748,5640,1495,161,753,0.516,0.267,3.9,0.8,0.64,133,469,407,46,91,20,1,18,50,3,3,57,118,11,4,0,1,3,0.224,0.324,0.41,0.734,96,0.333,102,167,"3H7/D",0,17689,219961,165649,2116,8281,400,1,324,2500,9,9,3249,13924,121,16,0,1,9,0.050176,0.104976,0.1681,0.538756,9216,0.110889,10404,27889,0
"Mike Napoli","H","2016","CLE","Cleveland Guardians",34.8,9.151,1729,7000000,7000000,1,1,"2016","2016",0,0,0,0,161,94,67,1,1,27,1,0,0,777,5484,1435,185,676,0.51,0.266,3.84,1,1,150,645,557,92,133,22,1,34,101,5,1,78,194,15,5,0,5,2,0.239,0.335,0.465,0.8,106,0.348,106,259,"3D/H",0,22500,416025,310249,8464,17689,484,1,1156,10201,25,1,6084,37636,225,25,0,25,4,0.057121,0.112225,0.216225,0.64,11236,0.121104,11236,67081,0
"Mike Napoli","H","2017","TEX","Texas Rangers",35.8,10.151,1730,8500000,8500000,1,1,"2017","2017",0,0,0,0,162,78,84,0,0,-6,0,0,1,799,5430,1326,237,816,0.479,0.26,4.25,-0.3,0.09,124,485,425,60,82,11,1,29,66,1,2,49,163,11,7,0,3,3,0.193,0.285,0.428,0.713,80,0.308,76,182,"3D/H",0,15376,235225,180625,3600,6724,121,1,841,4356,1,4,2401,26569,121,49,0,9,9,0.037249,0.081225,0.183184,0.508369,6400,0.094864,5776,33124,0
"Mike Pelfrey","NH","2013","MIN","Minnesota Twins",29.6,0,1732,4000000,4000000,1,1,"2013","2013",0,0,0,0,162,66,96,0,0,-30,0,0,0,617,5577,1335,151,798,0.481,0.263,3.96,0,0,1,1,1,0,0,0,0,0,0,0,0,0,1,0,0,0,0,0,0,0,0,0,-100,0,-136,0,"1",0,1,1,1,0,0,0,0,0,0,0,0,0,1,0,0,0,0,0,0,0,0,0,10000,0,18496,0,0
"Mike Pelfrey","NH","2015","MIN","Minnesota Twins",31.6,2,1733,11000000,5500000,0,2,"2014","2015",0,0,0,0,162,83,79,0,0,4,0,0,0,696,5467,1349,156,700,0.48,0.263,3.97,0.1,0.01,2,3,3,0,2,0,0,0,0,0,0,0,1,0,0,0,0,0,0.667,0.667,0.667,1.333,271,0.564,279,2,"1",0,4,9,9,0,4,0,0,0,0,0,0,0,1,0,0,0,0,0,0.444889,0.444889,0.444889,1.776889,73441,0.318096,77841,4,0
"Mike Pelfrey","NH","2017","CHW","Chicago White Sox",33.6,4,1734,16000000,8000000,1,2,"2016","2017",0,0,0,0,162,67,95,0,0,-28,0,0,1,706,5513,1412,186,820,0.503,0.26,3.76,0,0,1,0,0,0,0,0,0,0,0,0,0,0,0,0,0,0,0,0,0,0,0,0,0,0,0,0,"1",0,1,0,0,0,0,0,0,0,0,0,0,0,0,0,0,0,0,0,0,0,0,0,0,0,0,0,0
"Mike Pelfrey","NH","2017","CHW","Chicago White Sox",33.6,5,1735,695958.90057858,695958.90057858,1,1,"2017","2017",0,0,0,0,162,67,95,0,0,-28,0,0,1,706,5513,1412,186,820,0.503,0.26,3.76,0,0,1,0,0,0,0,0,0,0,0,0,0,0,0,0,0,0,0,0,0,0,0,0,0,0,0,0,"1",0,1,0,0,0,0,0,0,0,0,0,0,0,0,0,0,0,0,0,0,0,0,0,0,0,0,0,0
"Mike Zunino","NH","2021","TB","Tampa Bay Rays",30.4,6.165,1736,3000000,3000000,0,1,"2021","2021",2,1,0,0,162,100,62,1,1,38,0,0,0,857,5507,1336,222,651,0.483,0.255,4.29,3.7,13.69,109,375,333,64,72,11,2,33,62,0,0,34,132,7,7,0,1,0,0.216,0.301,0.559,0.86,136,0.365,138,186,"2/H",0,11881,140625,110889,4096,5184,121,4,1089,3844,0,0,1156,17424,49,49,0,1,0,0.046656,0.090601,0.312481,0.7396,18496,0.133225,19044,34596,0
"Mike Zunino","NH","2023","CLE","Cleveland Guardians",32.4,8.165,1737,6000000,6000000,1,1,"2023","2023",0,0,0,0,162,76,86,0,0,-10,0,0,0,662,5513,1379,124,697,0.512,0.265,3.83,-0.6,0.36,42,140,124,11,22,7,0,3,11,0,0,15,61,3,1,0,0,0,0.177,0.271,0.306,0.578,60,0.258,56,38,"2",0,1764,19600,15376,121,484,49,0,9,121,0,0,225,3721,9,1,0,0,0,0.031329,0.073441,0.093636,0.334084,3600,0.066564,3136,1444,0
"Mitch Moreland","H","2017","BOS","Boston Red Sox",31.9,6.067,1738,5500000,5500000,1,1,"2017","2017",0,0,0,0,162,93,69,1,1,24,0,0,0,785,5669,1461,168,668,0.517,0.267,3.9,1.8,3.24,149,576,508,73,125,34,0,22,79,0,1,57,120,14,6,0,5,6,0.246,0.326,0.443,0.769,99,0.332,97,225,"3H/D1",0,22201,331776,258064,5329,15625,1156,0,484,6241,0,1,3249,14400,196,36,0,25,36,0.060516,0.106276,0.196249,0.591361,9801,0.110224,9409,50625,0
"Mitch Moreland","H","2018","BOS","Boston Red Sox",32.9,7.067,1739,13000000,6500000,0,2,"2018","2019",1,0,0,0,162,108,54,1,1,54,1,1,0,876,5623,1509,208,647,0.519,0.267,3.9,1.9,3.61,124,459,404,57,99,23,4,15,68,2,0,50,102,12,0,0,5,2,0.245,0.325,0.433,0.758,102,0.329,99,175,"3H/D",0,15376,210681,163216,3249,9801,529,16,225,4624,4,0,2500,10404,144,0,0,25,4,0.060025,0.105625,0.187489,0.574564,10404,0.108241,9801,30625,0
"Mitch Moreland","H","2019","BOS","Boston Red Sox",33.9,8.067,1739,13000000,6500000,0,2,"2018","2019",0,0,0,0,162,84,78,0,0,6,0,0,1,901,5770,1554,245,828,0.519,0.267,3.91,1.2,1.44,91,335,298,48,75,17,1,19,58,1,0,34,74,12,1,0,2,0,0.252,0.328,0.507,0.835,111,0.355,112,151,"3H/D",0,8281,112225,88804,2304,5625,289,1,361,3364,1,0,1156,5476,144,1,0,4,0,0.063504,0.107584,0.257049,0.697225,12321,0.126025,12544,22801,0
"Mitch Moreland","H","2020","BOS","Boston Red Sox",34.9,9.067,1740,3000000,3000000,0,1,"2020","2020",0,0,0,0,60,24,36,0,0,-12,0,0,0,292,2083,552,81,351,0.518,0.267,3.91,1.1,1.21,42,152,136,22,36,9,0,10,29,0,0,15,32,0,1,0,0,2,0.265,0.342,0.551,0.894,138,0.378,135,75,"3/HD",0,1764,23104,18496,484,1296,81,0,100,841,0,0,225,1024,0,1,0,0,4,0.070225,0.116964,0.303601,0.799236,19044,0.142884,18225,5625,0
"Mitch Moreland","H","2021","OAK","Oakland Athletics",35.9,10.067,1741,2250000,2250000,1,1,"2021","2021",0,0,0,0,162,86,76,0,0,10,0,0,0,743,5395,1284,199,687,0.489,0.258,3.98,0,0,81,252,229,28,52,11,1,10,30,0,0,18,58,5,2,0,3,0,0.227,0.286,0.415,0.701,94,0.301,92,95,"DH/31",0,6561,63504,52441,784,2704,121,1,100,900,0,0,324,3364,25,4,0,9,0,0.051529,0.081796,0.172225,0.491401,8836,0.090601,8464,9025,0
"Mychal Givens","NH","2022","NYM","New York Mets",32.2,6.069,1742,5000000,5000000,1,1,"2022","2022",0,0,0,0,162,101,61,0,1,40,0,0,1,772,5489,1422,171,606,0.483,0.25,3.79,0,0,1,0,0,0,0,0,0,0,0,0,0,0,0,0,0,0,0,0,0,0,0,0,0,0,0,0,"1/H",0,1,0,0,0,0,0,0,0,0,0,0,0,0,0,0,0,0,0,0,0,0,0,0,0,0,0,0
"Nabil Crismatt","NH","2021","SD","San Diego Padres",26.7,0,1744,692146.435591784,692146.435591784,1,1,"2021","2021",0,0,0,0,162,79,83,0,0,-4,0,0,0,729,5384,1305,180,708,0.462,0.249,3.97,-0.1,0.01,43,11,10,0,0,0,0,0,0,0,0,0,6,0,0,1,0,0,0,0,0,0,-100,0,-147,0,"1",0,1849,121,100,0,0,0,0,0,0,0,0,0,36,0,0,1,0,0,0,0,0,0,10000,0,21609,0,0
"Nate Mclouth","NH","2013","BAL","Baltimore Orioles",31.8,0,1747,2000000,2000000,0,1,"2013","2013",0,0,0,0,162,85,77,0,0,8,0,0,0,750,5634,1474,212,735,0.475,0.259,4.01,1.9,3.61,146,593,531,76,137,31,4,12,36,30,7,53,86,7,4,4,1,1,0.258,0.329,0.399,0.729,99,0.332,98,212,"7H/8D",0,21316,351649,281961,5776,18769,961,16,144,1296,900,49,2809,7396,49,16,16,1,1,0.066564,0.108241,0.159201,0.531441,9801,0.110224,9604,44944,0
"Nate Mclouth","NH","2014","WSH","Washington Nationals",32.8,1,1748,10750000,5375000,1,2,"2014","2015",0,0,0,0,162,96,66,1,1,30,0,0,0,686,5542,1403,152,555,0.482,0.253,3.88,-0.7,0.49,79,162,139,10,24,6,0,1,7,4,1,16,35,0,5,1,1,1,0.173,0.28,0.237,0.517,45,0.257,43,33,"H79/8D",0,6241,26244,19321,100,576,36,0,1,49,16,1,256,1225,0,25,1,1,1,0.029929,0.0784,0.056169,0.267289,2025,0.066049,1849,1089,0
"Nate Schierholtz","NH","2013","CHC","Chicago Cubs",29.5,0,1749,2250000,2250000,1,1,"2013","2013",0,0,0,0,162,66,96,0,0,-30,0,0,1,612,5496,1307,172,695,0.511,0.263,3.68,1.7,2.89,137,503,462,56,116,32,3,21,68,6,3,29,94,6,6,1,5,3,0.251,0.301,0.47,0.77,109,0.341,109,217,"9H",0,18769,253009,213444,3136,13456,1024,9,441,4624,36,9,841,8836,36,36,1,25,9,0.063001,0.090601,0.2209,0.5929,11881,0.116281,11881,47089,0
"Nathan Eovaldi","NH","2019","BOS","Boston Red Sox",29.5,1,1752,68000000,17000000,0,4,"2019","2022",0,0,0,0,162,84,78,0,0,6,0,0,1,901,5770,1554,245,828,0.519,0.267,3.91,0,0,1,2,2,0,0,0,0,0,0,0,0,0,1,0,0,0,0,0,0,0,0,0,-100,0,-140,0,"1",0,1,4,4,0,0,0,0,0,0,0,0,0,1,0,0,0,0,0,0,0,0,0,10000,0,19600,0,0
"Nathan Eovaldi","NH","2021","BOS","Boston Red Sox",31.5,3,1752,68000000,17000000,0,4,"2019","2022",3,1,1,0,162,92,70,0,1,22,0,0,0,829,5495,1434,219,749,0.519,0.267,3.91,0,0,1,3,2,1,0,0,0,0,0,0,0,1,1,0,0,0,0,0,0,0.333,0,0.333,2,0.231,31,0,"1",0,1,9,4,1,0,0,0,0,0,0,0,1,1,0,0,0,0,0,0,0.110889,0,0.110889,4,0.053361,961,0,0
"Neal Cotts","NH","2015","MIL","Milwaukee Brewers",35.4,0,1756,3000000,3000000,1,1,"2015","2015",0,0,0,0,162,68,94,0,0,-26,0,0,0,655,5480,1378,145,737,0.477,0.259,4.19,0,0,50,0,0,0,0,0,0,0,0,0,0,0,0,0,0,0,0,0,0,0,0,0,0,0,0,0,"1",0,2500,0,0,0,0,0,0,0,0,0,0,0,0,0,0,0,0,0,0,0,0,0,0,0,0,0,0
"Neftali Feliz","NH","2016","PIT","Pittsburgh Pirates",28.2,5.151,1758,3900000,3900000,1,1,"2016","2016",0,0,0,0,162,78,83,0,0,-5,0,0,0,729,5542,1426,153,758,0.504,0.265,3.71,0,0,57,0,0,0,0,0,0,0,0,0,0,0,0,0,0,0,0,0,0,0,0,0,0,0,0,0,"1",0,3249,0,0,0,0,0,0,0,0,0,0,0,0,0,0,0,0,0,0,0,0,0,0,0,0,0,0
"Neftali Feliz","NH","2017","MIL","Milwaukee Brewers",29.2,6.151,1759,5350000,5350000,1,1,"2017","2017",0,0,0,0,162,86,76,0,0,10,0,0,0,732,5467,1363,224,697,0.478,0.258,4.18,0,0,30,0,0,0,0,0,0,0,0,0,0,0,0,0,0,0,0,0,0,0,0,0,0,0,0,0,"1",0,900,0,0,0,0,0,0,0,0,0,0,0,0,0,0,0,0,0,0,0,0,0,0,0,0,0,0
"Neil Walker","NH","2017","NYM","New York Mets",31.9,6.166,1760,17200000,17200000,0,1,"2017","2017",0,0,0,0,162,70,92,0,0,-22,0,0,0,735,5510,1379,224,863,0.48,0.25,3.78,1.8,3.24,111,448,385,59,102,21,2,14,49,0,2,55,77,9,5,1,2,2,0.265,0.362,0.439,0.801,112,0.348,114,169,"43/H5",0,12321,200704,148225,3481,10404,441,4,196,2401,0,4,3025,5929,81,25,1,4,4,0.070225,0.131044,0.192721,0.641601,12544,0.121104,12996,28561,0
"Neil Walker","NH","2018","NYY","New York Yankees",32.9,7.166,1761,4000000,4000000,1,1,"2018","2018",0,0,0,0,162,100,62,0,1,38,0,0,0,851,5515,1374,267,669,0.569,0.266,3.65,-0.3,0.09,113,398,347,48,76,12,1,11,46,0,0,42,87,3,5,0,4,3,0.219,0.309,0.354,0.664,82,0.297,80,123,"3459H/D7",0,12769,158404,120409,2304,5776,144,1,121,2116,0,0,1764,7569,9,25,0,16,9,0.047961,0.095481,0.125316,0.440896,6724,0.088209,6400,15129,0
"Neil Walker","NH","2019","MIA","Miami Marlins",33.9,8.166,1762,2000000,2000000,1,1,"2019","2019",0,0,0,0,162,57,105,0,0,-48,0,0,0,615,5512,1326,146,808,0.462,0.257,4.31,0.4,0.16,115,381,337,37,88,19,1,8,38,3,0,42,77,8,1,0,1,1,0.261,0.344,0.395,0.738,96,0.327,97,133,"3H5/D4",0,13225,145161,113569,1369,7744,361,1,64,1444,9,0,1764,5929,64,1,0,1,1,0.068121,0.118336,0.156025,0.544644,9216,0.106929,9409,17689,0
"Nelson Cruz","H","2014","BAL","Baltimore Orioles",34.1,0,1763,8000000,8000000,1,1,"2014","2014",2,1,0,0,162,96,66,1,1,30,0,0,0,705,5596,1434,211,593,0.476,0.259,4,4.5,20.25,159,678,613,87,166,32,2,40,108,4,5,55,140,17,5,0,5,8,0.271,0.333,0.525,0.859,137,0.377,141,322,"D79",1,25281,459684,375769,7569,27556,1024,4,1600,11664,16,25,3025,19600,289,25,0,25,64,0.073441,0.110889,0.275625,0.737881,18769,0.142129,19881,103684,1
"Nelson Cruz","H","2015","SEA","Seattle Mariners",35.1,1,1764,57000000,14250000,1,4,"2015","2018",2,1,0,1,162,76,86,0,0,-10,0,0,1,656,5544,1379,198,726,0.468,0.261,4.33,5.1,26.01,152,655,590,90,178,22,1,44,93,3,2,59,164,6,5,0,1,9,0.302,0.369,0.566,0.936,159,0.399,161,334,"9D",0,23104,429025,348100,8100,31684,484,1,1936,8649,9,4,3481,26896,36,25,0,1,81,0.091204,0.136161,0.320356,0.876096,25281,0.159201,25921,111556,0
"Nelson Cruz","H","2016","SEA","Seattle Mariners",36.1,2,1764,57000000,14250000,1,4,"2015","2018",2,1,0,0,162,86,76,0,0,10,0,0,1,768,5583,1446,223,707,0.47,0.26,4.32,4.9,24.01,155,667,589,96,169,27,1,43,105,2,0,62,159,15,9,0,7,5,0.287,0.36,0.555,0.915,147,0.392,152,327,"D9",1,24025,444889,346921,9216,28561,729,1,1849,11025,4,0,3844,25281,225,81,0,49,25,0.082369,0.1296,0.308025,0.837225,21609,0.153664,23104,106929,1
"Nelson Cruz","H","2017","SEA","Seattle Mariners",37.1,3,1764,57000000,14250000,1,4,"2015","2018",2,1,0,1,162,78,84,0,0,-6,0,0,0,750,5551,1436,200,772,0.47,0.26,4.32,4.2,17.64,155,645,556,91,160,28,0,39,119,1,1,70,140,15,12,0,7,7,0.288,0.375,0.549,0.924,149,0.388,148,305,"D/9H",1,24025,416025,309136,8281,25600,784,0,1521,14161,1,1,4900,19600,225,144,0,49,49,0.082944,0.140625,0.301401,0.853776,22201,0.150544,21904,93025,1
"Nelson Cruz","H","2018","SEA","Seattle Mariners",38.1,4,1764,57000000,14250000,1,4,"2015","2018",1,0,0,0,162,89,73,0,0,16,0,0,0,677,5513,1402,176,711,0.472,0.26,4.32,2.9,8.41,144,591,519,70,133,18,1,37,97,1,0,55,122,15,14,0,3,5,0.256,0.342,0.509,0.85,135,0.36,132,264,"D/9H",1,20736,349281,269361,4900,17689,324,1,1369,9409,1,0,3025,14884,225,196,0,9,25,0.065536,0.116964,0.259081,0.7225,18225,0.1296,17424,69696,1
"Nelson Cruz","H","2019","MIN","Minnesota Twins",39.1,5,1765,14300000,14300000,1,1,"2019","2019",2,1,0,1,162,101,61,1,1,40,0,0,0,939,5732,1547,307,754,0.481,0.263,3.99,4.4,19.36,120,521,454,81,141,26,0,41,108,0,1,56,131,14,7,0,3,8,0.311,0.392,0.639,1.031,168,0.418,165,290,"D/H",1,14400,271441,206116,6561,19881,676,0,1681,11664,0,1,3136,17161,196,49,0,9,64,0.096721,0.153664,0.408321,1.062961,28224,0.174724,27225,84100,1
"Nelson Cruz","H","2020","MIN","Minnesota Twins",40.1,6,1766,17523486.9794877,17523486.9794877,0,1,"2020","2020",2,1,0,1,60,36,24,1,1,12,0,0,0,269,1937,468,91,215,0.481,0.263,3.99,1.8,3.24,53,214,185,33,56,6,0,16,33,0,0,25,58,8,4,0,0,5,0.303,0.397,0.595,0.992,171,0.416,168,110,"D/H",1,2809,45796,34225,1089,3136,36,0,256,1089,0,0,625,3364,64,16,0,0,25,0.091809,0.157609,0.354025,0.984064,29241,0.173056,28224,12100,1
"Nelson Cruz","H","2021","MIN","Minnesota Twins",41.1,7,1767,13000000,13000000,0,1,"2021","2021",1,0,0,0,162,73,89,0,0,-16,0,0,0,729,5431,1311,228,834,0.481,0.263,4,2.5,6.25,140,584,513,79,136,21,1,32,86,3,0,51,126,14,7,0,9,10,0.265,0.334,0.497,0.832,129,0.353,127,255,"D/H3",1,19600,341056,263169,6241,18496,441,1,1024,7396,9,0,2601,15876,196,49,0,81,100,0.070225,0.111556,0.247009,0.692224,16641,0.124609,16129,65025,1
"Nelson Cruz","H","2022","WSH","Washington Nationals",42.1,8,1768,15000000,15000000,1,1,"2022","2022",0,0,0,0,162,55,107,0,0,-52,0,0,0,603,5434,1351,136,855,0.484,0.254,3.92,0.1,0.01,124,507,448,50,105,16,0,10,64,4,0,49,119,16,4,0,3,1,0.234,0.313,0.337,0.651,89,0.301,92,151,"D/H",1,15376,257049,200704,2500,11025,256,0,100,4096,16,0,2401,14161,256,16,0,9,1,0.054756,0.097969,0.113569,0.423801,7921,0.090601,8464,22801,1
"Nelson Cruz","H","2023","SD","San Diego Padres",43.1,9,1769,1000000,1000000,1,1,"2023","2023",0,0,0,0,162,82,80,0,0,2,0,0,0,752,5401,1316,205,648,0.465,0.249,3.96,-0.4,0.16,49,152,143,9,35,5,1,5,23,1,0,6,46,2,2,0,1,1,0.245,0.283,0.399,0.681,86,0.297,81,57,"DH/3",0,2401,23104,20449,81,1225,25,1,25,529,1,0,36,2116,4,4,0,1,1,0.060025,0.080089,0.159201,0.463761,7396,0.088209,6561,3249,0
"Nick Castellanos","H","2020","CIN","Cincinnati Reds",28.4,6.029,1778,64000000,16000000,1,4,"2020","2023",0,0,0,0,60,31,29,0,1,2,0,0,0,243,1842,390,90,243,0.505,0.261,3.75,0,0,60,242,218,37,49,11,2,14,34,0,2,19,69,5,4,0,1,1,0.225,0.298,0.486,0.784,100,0.331,96,106,"9/DH",0,3600,58564,47524,1369,2401,121,4,196,1156,0,4,361,4761,25,16,0,1,1,0.050625,0.088804,0.236196,0.614656,10000,0.109561,9216,11236,0
"Nick Castellanos","H","2021","CIN","Cincinnati Reds",29.4,7.029,1778,64000000,16000000,1,4,"2020","2023",2,1,0,1,162,83,79,0,0,4,0,0,0,786,5423,1352,222,760,0.505,0.261,3.75,3.1,9.61,138,585,531,95,164,38,1,34,100,3,1,41,121,16,7,0,6,5,0.309,0.362,0.576,0.939,138,0.398,140,306,"9/DH",0,19044,342225,281961,9025,26896,1444,1,1156,10000,9,1,1681,14641,256,49,0,36,25,0.095481,0.131044,0.331776,0.881721,19044,0.158404,19600,93636,0
"Nick Castellanos","H","2022","PHI","Philadelphia Phillies",30.4,8.029,1778,64000000,16000000,1,4,"2020","2023",0,0,0,0,162,87,75,0,1,12,1,0,1,747,5496,1392,205,685,0.473,0.26,3.99,-0.1,0.01,136,558,524,56,138,27,0,13,62,7,1,29,130,15,3,0,2,0,0.263,0.305,0.389,0.694,96,0.312,96,204,"9D/7H",0,18496,311364,274576,3136,19044,729,0,169,3844,49,1,841,16900,225,9,0,4,0,0.069169,0.093025,0.151321,0.481636,9216,0.097344,9216,41616,0
"Nick Castellanos","H","2022","PHI","Philadelphia Phillies",30.4,8.029,1779,100000000,20000000,1,5,"2022","2026",0,0,0,0,162,87,75,0,1,12,1,0,1,747,5496,1392,205,685,0.473,0.26,3.99,-0.1,0.01,136,558,524,56,138,27,0,13,62,7,1,29,130,15,3,0,2,0,0.263,0.305,0.389,0.694,96,0.312,96,204,"9D/7H",0,18496,311364,274576,3136,19044,729,0,169,3844,49,1,841,16900,225,9,0,4,0,0.069169,0.093025,0.151321,0.481636,9216,0.097344,9216,41616,0
"Nick Castellanos","H","2023","PHI","Philadelphia Phillies",31.4,9.029,1778,64000000,16000000,1,4,"2020","2023",2,1,0,0,162,90,72,0,1,18,0,0,1,796,5541,1417,220,715,0.473,0.26,3.99,1.5,2.25,157,671,626,79,170,37,2,29,106,11,2,36,185,17,3,0,6,0,0.272,0.311,0.476,0.788,112,0.342,111,298,"9/DH",0,24649,450241,391876,6241,28900,1369,4,841,11236,121,4,1296,34225,289,9,0,36,0,0.073984,0.096721,0.226576,0.620944,12544,0.116964,12321,88804,0
"Nick Castellanos","H","2023","PHI","Philadelphia Phillies",31.4,9.029,1779,100000000,20000000,1,5,"2022","2026",2,1,0,0,162,90,72,0,1,18,0,0,1,796,5541,1417,220,715,0.473,0.26,3.99,1.5,2.25,157,671,626,79,170,37,2,29,106,11,2,36,185,17,3,0,6,0,0.272,0.311,0.476,0.788,112,0.342,111,298,"9/DH",0,24649,450241,391876,6241,28900,1369,4,841,11236,121,4,1296,34225,289,9,0,36,0,0.073984,0.096721,0.226576,0.620944,12544,0.116964,12321,88804,0
"Nick Castellanos","H","2024","PHI","Philadelphia Phillies",32.4,10.029,1779,100000000,20000000,1,5,"2022","2026",0,0,0,0,162,95,67,1,1,28,0,0,0,784,5534,1423,198,671,0.474,0.26,3.99,0.6,0.36,162,659,606,80,154,30,4,23,86,6,2,41,139,14,10,0,2,2,0.254,0.311,0.431,0.742,104,0.327,105,261,"9/D",0,26244,434281,367236,6400,23716,900,16,529,7396,36,4,1681,19321,196,100,0,4,4,0.064516,0.096721,0.185761,0.550564,10816,0.106929,11025,68121,0
"Nick Castellanos","H","2025","PHI","Philadelphia Phillies",33.4,11.029,1779,100000000,20000000,1,5,"2022","2026",0,0,0,0,162,96,66,1,1,30,0,0,2,778,5517,1426,212,648,0.475,0.26,3.98,-0.8,0.64,147,589,547,72,137,27,2,17,72,4,0,32,133,13,4,0,6,0,0.25,0.294,0.4,0.694,87,0.309,87,219,"9/DH",0,21609,346921,299209,5184,18769,729,4,289,5184,16,0,1024,17689,169,16,0,36,0,0.0625,0.086436,0.16,0.481636,7569,0.095481,7569,47961,0
"Nick Hundley","NH","2015","COL","Colorado Rockies",31.9,6.059,1780,6250000,3125000,1,2,"2015","2016",0,0,0,0,162,68,94,0,0,-26,0,0,0,737,5572,1479,186,844,0.466,0.275,5,1.8,3.24,103,389,366,45,110,21,5,10,43,5,6,21,76,8,1,0,1,0,0.301,0.339,0.467,0.807,104,0.359,111,171,"2/H",0,10609,151321,133956,2025,12100,441,25,100,1849,25,36,441,5776,64,1,0,1,0,0.090601,0.114921,0.218089,0.651249,10816,0.128881,12321,29241,0
"Nick Hundley","NH","2016","COL","Colorado Rockies",32.9,7.059,1780,6250000,3125000,1,2,"2015","2016",0,0,0,0,162,75,87,0,0,-12,0,0,0,845,5614,1544,204,860,0.466,0.275,4.99,0.1,0.01,83,317,289,30,75,20,1,10,48,0,0,25,65,12,1,1,1,3,0.26,0.32,0.439,0.759,88,0.337,88,127,"2/H",0,6889,100489,83521,900,5625,400,1,100,2304,0,0,625,4225,144,1,1,1,9,0.0676,0.1024,0.192721,0.576081,7744,0.113569,7744,16129,0
"Nick Hundley","NH","2017","SF","San Francisco Giants",33.9,8.059,1781,2000000,2000000,1,1,"2017","2017",0,0,0,0,168,64,98,0,0,-34,0,0,0,639,5551,1382,128,776,0.537,0.264,3.56,0.4,0.16,101,303,287,27,70,23,0,9,35,0,0,12,81,6,0,2,2,2,0.244,0.272,0.418,0.691,79,0.308,82,120,"2H/D",0,10201,91809,82369,729,4900,529,0,81,1225,0,0,144,6561,36,0,4,4,4,0.059536,0.073984,0.174724,0.477481,6241,0.094864,6724,14400,0
"Nick Hundley","NH","2018","SF","San Francisco Giants",34.9,9.059,1782,2500000,2500000,0,1,"2018","2018",0,0,0,0,162,73,89,0,0,-16,0,0,0,603,5541,1324,133,699,0.536,0.264,3.57,0.2,0.04,96,305,282,34,68,13,2,10,31,2,1,22,85,8,1,0,0,2,0.241,0.298,0.408,0.706,95,0.31,93,115,"2H/D",0,9216,93025,79524,1156,4624,169,4,100,961,4,1,484,7225,64,1,0,0,4,0.058081,0.088804,0.166464,0.498436,9025,0.0961,8649,13225,0
"Nick Markakis","NH","2015","ATL","Atlanta Braves",31.8,0,1783,44000000,11000000,1,4,"2015","2018",0,0,0,0,162,67,95,0,0,-28,0,0,1,573,5420,1361,100,760,0.501,0.26,3.64,1.9,3.61,156,686,612,73,181,38,1,3,53,2,1,70,83,17,3,0,1,11,0.296,0.37,0.376,0.746,109,0.345,116,230,"9/D",0,24336,470596,374544,5329,32761,1444,1,9,2809,4,1,4900,6889,289,9,0,1,121,0.087616,0.1369,0.141376,0.556516,11881,0.119025,13456,52900,0
"Nick Markakis","NH","2016","ATL","Atlanta Braves",32.8,1,1783,44000000,11000000,1,4,"2015","2018",0,0,0,0,161,68,93,0,0,-25,0,0,0,649,5514,1404,122,779,0.5,0.26,3.65,1.7,2.89,158,684,599,67,161,38,0,13,89,0,2,71,101,16,5,0,9,9,0.269,0.346,0.397,0.744,100,0.326,98,238,"9/DH3",0,24964,467856,358801,4489,25921,1444,0,169,7921,0,4,5041,10201,256,25,0,81,81,0.072361,0.119716,0.157609,0.553536,10000,0.106276,9604,56644,0
"Nick Markakis","NH","2017","ATL","Atlanta Braves",33.8,2,1783,44000000,11000000,1,4,"2015","2018",0,0,0,0,163,72,90,0,0,-18,0,0,0,732,5584,1467,165,821,0.5,0.26,3.66,0.9,0.81,160,670,593,76,163,39,1,8,76,0,2,68,110,16,6,0,3,8,0.275,0.354,0.384,0.738,94,0.33,96,228,"9/HD",0,25600,448900,351649,5776,26569,1521,1,64,5776,0,4,4624,12100,256,36,0,9,64,0.075625,0.125316,0.147456,0.544644,8836,0.1089,9216,51984,0
"Nick Markakis","NH","2018","ATL","Atlanta Braves",34.8,3,1783,44000000,11000000,1,4,"2015","2018",2,1,0,1,162,90,72,1,1,18,0,0,1,759,5582,1433,175,657,0.5,0.26,3.66,2.6,6.76,162,705,623,78,185,43,2,14,93,1,1,72,80,18,1,0,9,10,0.297,0.366,0.44,0.806,116,0.352,115,274,"9/7D",0,26244,497025,388129,6084,34225,1849,4,196,8649,1,1,5184,6400,324,1,0,81,100,0.088209,0.133956,0.1936,0.649636,13456,0.123904,13225,75076,0
"Nick Markakis","NH","2019","ATL","Atlanta Braves",35.8,4,1784,6000000,6000000,0,1,"2019","2019",0,0,0,0,162,97,65,1,1,32,0,0,0,855,5560,1432,249,743,0.501,0.26,3.66,0.8,0.64,116,469,414,61,118,25,2,9,62,2,0,47,59,11,2,0,6,1,0.285,0.356,0.42,0.776,97,0.35,104,174,"9/7HD",0,13456,219961,171396,3721,13924,625,4,81,3844,4,0,2209,3481,121,4,0,36,1,0.081225,0.126736,0.1764,0.602176,9409,0.1225,10816,30276,0
"Nick Markakis","NH","2020","ATL","Atlanta Braves",36.8,5,1785,4901674.67957698,4901674.67957698,0,1,"2020","2020",0,0,0,0,60,35,25,1,1,10,0,0,1,348,2074,556,103,288,0.501,0.26,3.67,-0.2,0.04,37,141,130,15,33,15,0,1,15,0,1,10,23,5,1,0,0,0,0.254,0.312,0.392,0.704,85,0.317,88,51,"9/7HD",0,1369,19881,16900,225,1089,225,0,1,225,0,1,100,529,25,1,0,0,0,0.064516,0.097344,0.153664,0.495616,7225,0.100489,7744,2601,0
"Nick Martini","NH","2023","CIN","Cincinnati Reds",33.1,0,1789,765889.986737186,765889.986737186,1,1,"2023","2023",0,0,0,0,162,82,80,0,0,2,0,0,1,783,5499,1371,198,821,0.504,0.261,3.77,0.2,0.04,29,79,72,10,19,3,1,6,16,0,0,5,15,1,2,0,0,0,0.264,0.329,0.583,0.912,137,0.382,135,42,"7HD/39",0,841,6241,5184,100,361,9,1,36,256,0,0,25,225,1,4,0,0,0,0.069696,0.108241,0.339889,0.831744,18769,0.145924,18225,1764,0
"Nick Martini","NH","2024","CIN","Cincinnati Reds",34.1,1,1790,771285.617101852,771285.617101852,0,1,"2024","2024",0,0,0,0,162,77,85,0,0,-8,0,0,0,699,5325,1230,174,694,0.504,0.261,3.77,-0.4,0.16,52,163,146,23,31,4,2,5,24,1,3,9,38,1,4,0,3,0,0.212,0.272,0.37,0.641,73,0.293,82,54,"D9/7H",0,2704,26569,21316,529,961,16,4,25,576,1,9,81,1444,1,16,0,9,0,0.044944,0.073984,0.1369,0.410881,5329,0.085849,6724,2916,0
"Nick Martini","NH","2025","COL","Colorado Rockies",35.1,2,1791,850000,850000,1,1,"2025","2025",0,0,0,0,162,43,119,0,0,-76,0,0,0,597,5408,1281,160,1021,0.456,0.27,5.05,-0.2,0.04,43,111,102,9,23,4,0,1,4,0,0,9,18,1,0,0,0,1,0.225,0.288,0.294,0.582,58,0.267,52,30,"D9H/7",0,1849,12321,10404,81,529,16,0,1,16,0,0,81,324,1,0,0,0,1,0.050625,0.082944,0.086436,0.338724,3364,0.071289,2704,900,0
"Nick Punto","NH","2014","OAK","Oakland Athletics",36.8,2.051,1794,3000000,3000000,1,1,"2014","2014",0,0,0,0,162,88,74,0,1,14,0,0,2,729,5545,1354,146,572,0.488,0.259,3.97,0.7,0.49,73,224,198,21,41,7,2,2,14,3,1,25,56,5,0,1,0,0,0.207,0.296,0.293,0.589,70,0.285,74,58,"4H6/59D",0,5329,50176,39204,441,1681,49,4,4,196,9,1,625,3136,25,0,1,0,0,0.042849,0.087616,0.085849,0.346921,4900,0.081225,5476,3364,0
"Nick Ramirez","NH","2019","DET","Detroit Tigers",30,0,1796,691688.341292727,691688.341292727,1,1,"2019","2019",0,0,0,0,161,47,114,0,0,-67,0,0,0,582,5549,1333,149,915,0.504,0.265,3.99,0,0,3,1,1,0,0,0,0,0,0,0,0,0,1,0,0,0,0,0,0,0,0,0,-100,0,-123,0,"1",0,9,1,1,0,0,0,0,0,0,0,0,0,1,0,0,0,0,0,0,0,0,0,10000,0,15129,0,0
"Niko Goodrum","NH","2018","DET","Detroit Tigers",26.4,0,1801,694114.573020403,694114.573020403,1,1,"2018","2018",0,0,0,0,162,64,98,0,0,-34,0,0,0,630,5494,1326,135,796,0.506,0.265,3.98,0.9,0.81,131,492,444,55,109,29,3,16,53,12,4,42,132,9,4,0,2,1,0.245,0.315,0.432,0.747,100,0.331,100,192,"43675H/9D",0,17161,242064,197136,3025,11881,841,9,256,2809,144,16,1764,17424,81,16,0,4,1,0.060025,0.099225,0.186624,0.558009,10000,0.109561,10000,36864,0
"Niko Goodrum","NH","2020","DET","Detroit Tigers",28.4,1,1802,855587.315320162,855587.315320162,0,1,"2020","2020",0,0,0,0,58,23,35,0,0,-12,0,0,0,249,1894,463,62,318,0.504,0.265,4,0.1,0.01,43,179,158,15,29,7,1,5,20,7,1,18,69,4,0,0,3,0,0.184,0.263,0.335,0.598,63,0.268,56,53,"64/H",0,1849,32041,24964,225,841,49,1,25,400,49,1,324,4761,16,0,0,9,0,0.033856,0.069169,0.112225,0.357604,3969,0.071824,3136,2809,0
"Niko Goodrum","NH","2021","DET","Detroit Tigers",29.4,2,1803,2484628.23032948,2484628.23032948,0,1,"2021","2021",0,0,0,0,162,77,85,0,0,-8,0,0,0,697,5376,1299,179,756,0.504,0.265,4,-0.2,0.04,90,325,290,39,62,11,2,9,33,14,5,29,107,6,4,0,2,0,0.214,0.292,0.359,0.651,81,0.292,82,104,"6H/4873D",0,8100,105625,84100,1521,3844,121,4,81,1089,196,25,841,11449,36,16,0,4,0,0.045796,0.085264,0.128881,0.423801,6561,0.085264,6724,10816,0
"Niko Goodrum","NH","2022","HOU","Houston Astros",30.4,3,1804,2100000,2100000,1,1,"2022","2022",0,0,0,0,162,106,56,1,1,50,1,1,0,737,5409,1341,214,518,0.501,0.255,3.8,-0.2,0.04,15,45,43,2,5,2,0,0,1,1,0,2,23,0,0,0,0,0,0.116,0.156,0.163,0.318,-8,0.17,-7,7,"4/3DH",0,225,2025,1849,4,25,4,0,0,1,1,0,4,529,0,0,0,0,0,0.013456,0.024336,0.026569,0.101124,64,0.0289,49,49,0
"Niko Goodrum","NH","2024","TB","Tampa Bay Rays",32.4,4,1805,874123.699382099,874123.699382099,1,1,"2024","2024",0,0,0,0,162,80,82,0,0,-2,0,0,0,604,5389,1241,147,663,0.49,0.254,4.22,-0.8,0.64,13,33,29,2,3,0,0,0,0,1,1,3,10,0,0,1,0,0,0.103,0.188,0.103,0.291,-13,0.168,0,3,"/7H3546",0,169,1089,841,4,9,0,0,0,0,1,1,9,100,0,0,1,0,0,0.010609,0.035344,0.010609,0.084681,169,0.028224,0,9,0
"Oliver Perez",NA,"2014","ARI","Arizona Diamondbacks",33,0,1808,4250000,2125000,1,2,"2014","2015",0,0,0,0,162,64,98,0,0,-34,0,0,0,615,5552,1379,118,742,0.492,0.258,4.23,0,0,65,0,0,0,0,0,0,0,0,0,0,0,0,0,0,0,0,0,0,0,0,0,0,0,0,0,"1",0,4225,0,0,0,0,0,0,0,0,0,0,0,0,0,0,0,0,0,0,0,0,0,0,0,0,0,0
"Oliver Perez",NA,"2015","ARI","Arizona Diamondbacks",34,1,1808,4250000,2125000,1,2,"2014","2015",0,0,0,0,162,79,83,0,0,-4,0,0,1,720,5649,1494,154,713,0.492,0.258,4.22,0,0,46,0,0,0,0,0,0,0,0,0,0,0,0,0,0,0,0,0,0,0,0,0,0,0,0,0,"1",0,2116,0,0,0,0,0,0,0,0,0,0,0,0,0,0,0,0,0,0,0,0,0,0,0,0,0,0
"Oliver Perez",NA,"2016","WSH","Washington Nationals",35,2,1809,7000000,3500000,1,2,"2016","2017",0,0,0,0,162,95,67,1,1,28,0,0,0,763,5490,1403,203,612,0.485,0.253,3.86,0.2,0.04,59,3,3,1,2,1,0,0,0,0,0,0,0,0,0,0,0,0,0.667,0.667,1,1.667,332,1.016,597,3,"1",0,3481,9,9,1,4,1,0,0,0,0,0,0,0,0,0,0,0,0,0.444889,0.444889,1,2.778889,110224,1.032256,356409,9,0
"Oliver Perez",NA,"2017","WSH","Washington Nationals",36,3,1809,7000000,3500000,1,2,"2016","2017",0,0,0,0,162,97,65,1,1,32,0,0,2,819,5553,1477,215,672,0.487,0.254,3.87,0,0,47,0,0,0,0,0,0,0,0,0,0,0,0,0,0,0,0,0,0,0,0,0,0,0,0,0,"1",0,2209,0,0,0,0,0,0,0,0,0,0,0,0,0,0,0,0,0,0,0,0,0,0,0,0,0,0
"Oliver Perez","NH","2017","WSH","Washington Nationals",36,4,1810,9106004.30663563,4553002.15331781,0,2,"2017","2018",0,0,0,0,162,97,65,1,1,32,0,0,2,819,5553,1477,215,672,0.487,0.254,3.87,0,0,47,0,0,0,0,0,0,0,0,0,0,0,0,0,0,0,0,0,0,0,0,0,0,0,0,0,"1",0,2209,0,0,0,0,0,0,0,0,0,0,0,0,0,0,0,0,0,0,0,0,0,0,0,0,0,0
"Oliver Perez","NH","2018","CLE","Cleveland Guardians",37,5,1810,9106004.30663563,4553002.15331781,0,2,"2017","2018",0,0,0,0,162,91,71,1,1,20,0,0,1,818,5595,1447,216,648,0.511,0.266,3.83,0,0,4,0,0,0,0,0,0,0,0,0,0,0,0,0,0,0,0,0,0,0,0,0,0,0,0,0,"1",0,16,0,0,0,0,0,0,0,0,0,0,0,0,0,0,0,0,0,0,0,0,0,0,0,0,0,0
"Oliver Perez",NA,"2019","CLE","Cleveland Guardians",38,6,1811,2500000,2500000,0,1,"2019","2019",0,0,0,0,162,93,69,0,0,24,0,0,1,769,5425,1354,223,657,0.512,0.266,3.83,0,0,1,0,0,0,0,0,0,0,0,0,0,0,0,0,0,0,0,0,0,0,0,0,0,0,0,0,"1",0,1,0,0,0,0,0,0,0,0,0,0,0,0,0,0,0,0,0,0,0,0,0,0,0,0,0,0
"Omar Infante","NH","2012","MIA","Miami Marlins",30.6,1.027,1812,8000000,4000000,0,2,"2012","2013",0,0,0,0,162,69,93,0,0,-24,0,0,0,609,5437,1327,137,724,0.474,0.259,4.33,2.6,6.76,149,588,554,69,152,30,7,12,53,17,3,21,65,9,1,8,4,0,0.274,0.3,0.419,0.719,91,0.319,86,232,"4/5H",0,22201,345744,306916,4761,23104,900,49,144,2809,289,9,441,4225,81,1,64,16,0,0.075076,0.09,0.175561,0.516961,8281,0.101761,7396,53824,0
"Omar Infante","NH","2013","DET","Detroit Tigers",31.6,2.027,1812,8000000,4000000,0,2,"2012","2013",0,0,0,0,162,93,69,1,1,24,0,0,0,795,5766,1628,176,646,0.508,0.266,3.95,2.6,6.76,118,476,453,54,144,24,3,10,51,5,2,20,44,11,0,0,3,1,0.318,0.345,0.45,0.795,115,0.353,116,204,"4/H",0,13924,226576,205209,2916,20736,576,9,100,2601,25,4,400,1936,121,0,0,9,1,0.101124,0.119025,0.2025,0.632025,13225,0.124609,13456,41616,0
"Omar Infante","NH","2014","KC","Kansas City Royals",32.6,3.027,1813,30250000,7562500,1,4,"2014","2017",0,0,0,0,162,89,73,0,1,16,1,0,0,651,5545,1456,95,624,0.482,0.265,4.2,0.5,0.25,135,575,528,50,133,21,3,6,66,9,3,33,68,7,2,5,7,3,0.252,0.295,0.337,0.632,76,0.286,69,178,"4/H",0,18225,330625,278784,2500,17689,441,9,36,4356,81,9,1089,4624,49,4,25,49,9,0.063504,0.087025,0.113569,0.399424,5776,0.081796,4761,31684,0
"Omar Infante","NH","2015","KC","Kansas City Royals",33.6,4.027,1813,30250000,7562500,1,4,"2014","2017",0,0,0,0,162,95,67,1,1,28,1,1,0,724,5575,1497,139,641,0.485,0.265,4.19,-0.5,0.25,124,455,440,39,97,23,7,2,44,2,2,9,69,8,0,2,4,0,0.22,0.234,0.318,0.552,48,0.249,41,140,"4/H",0,15376,207025,193600,1521,9409,529,49,4,1936,4,4,81,4761,64,0,4,16,0,0.0484,0.054756,0.101124,0.304704,2304,0.062001,1681,19600,0
"Omar Infante","NH","2016","KC","Kansas City Royals",34.6,5.027,1813,30250000,7562500,1,4,"2014","2017",0,0,0,0,162,81,81,0,0,0,0,0,0,675,5552,1450,147,712,0.485,0.265,4.19,-0.4,0.16,39,149,134,16,32,9,1,0,11,0,0,9,23,0,0,2,4,0,0.239,0.279,0.321,0.6,61,0.27,55,43,"4",0,1521,22201,17956,256,1024,81,1,0,121,0,0,81,529,0,0,4,16,0,0.057121,0.077841,0.103041,0.36,3721,0.0729,3025,1849,0
"Omar Narvaez","NH","2023","NYM","New York Mets",31.5,0,1814,15000000,7500000,1,2,"2023","2024",0,0,0,0,162,75,87,0,0,-12,0,0,0,717,5363,1276,215,729,0.482,0.25,3.8,-0.1,0.01,49,146,128,12,27,5,0,2,7,0,0,14,27,1,0,1,3,0,0.211,0.283,0.297,0.58,62,0.266,62,38,"2/H",0,2401,21316,16384,144,729,25,0,4,49,0,0,196,729,1,0,1,9,0,0.044521,0.080089,0.088209,0.3364,3844,0.070756,3844,1444,0
"Omar Narvaez","NH","2024","NYM","New York Mets",32.5,1,1814,15000000,7500000,1,2,"2023","2024",0,0,0,0,162,89,73,0,1,16,0,0,0,768,5510,1357,207,697,0.483,0.25,3.8,-0.9,0.81,28,69,65,4,10,2,0,0,5,0,0,3,12,2,0,1,0,0,0.154,0.191,0.185,0.376,8,0.172,-2,12,"2",0,784,4761,4225,16,100,4,0,0,25,0,0,9,144,4,0,1,0,0,0.023716,0.036481,0.034225,0.141376,64,0.029584,4,144,0
"Omar Narvaez","NH","2025","CHW","Chicago White Sox",33.5,2,1815,850000,850000,1,1,"2025","2025",0,0,0,0,162,60,102,0,0,-42,0,0,1,647,5377,1250,165,742,0.498,0.26,3.8,0,0,4,10,7,1,2,0,0,0,3,0,0,2,1,0,0,0,1,0,0.286,0.4,0.286,0.686,98,0.305,93,2,"/2",0,16,100,49,1,4,0,0,0,9,0,0,4,1,0,0,0,1,0,0.081796,0.16,0.081796,0.470596,9604,0.093025,8649,4,0
"Pablo Reyes","NH","2023","BOS","Boston Red Sox",29.9,0,1816,765889.986737186,765889.986737186,1,1,"2023","2023",0,0,0,0,162,78,84,0,0,-6,0,0,0,772,5562,1437,182,776,0.518,0.267,3.92,0.4,0.16,64,185,167,27,48,9,0,2,20,7,2,14,21,3,0,2,2,0,0.287,0.339,0.377,0.716,94,0.329,99,63,"64H/513D",0,4096,34225,27889,729,2304,81,0,4,400,49,4,196,441,9,0,4,4,0,0.082369,0.114921,0.142129,0.512656,8836,0.108241,9801,3969,0
"Pablo Reyes","NH","2025","NYY","New York Yankees",31.9,1,1817,900000,900000,1,1,"2025","2025",0,0,0,0,162,94,68,0,1,26,0,0,2,849,5471,1371,274,685,0.57,0.265,3.66,-0.5,0.25,24,34,31,4,6,1,0,0,2,1,0,2,10,0,0,1,0,0,0.194,0.242,0.226,0.468,33,0.221,24,7,"H/94517D",0,576,1156,961,16,36,1,0,0,4,1,0,4,100,0,0,1,0,0,0.037636,0.058564,0.051076,0.219024,1089,0.048841,576,49,0
"Pablo Sandoval","NH","2015","BOS","Boston Red Sox",29,6.047,1818,95000000,19000000,1,5,"2015","2019",0,0,0,0,162,78,84,0,0,-6,0,0,2,748,5640,1495,161,753,0.516,0.267,3.9,-0.5,0.25,126,505,470,43,115,25,1,10,47,0,0,25,73,14,7,1,2,1,0.245,0.292,0.366,0.658,75,0.297,73,172,"5/H",0,15876,255025,220900,1849,13225,625,1,100,2209,0,0,625,5329,196,49,1,4,1,0.060025,0.085264,0.133956,0.432964,5625,0.088209,5329,29584,0
"Pablo Sandoval","NH","2016","BOS","Boston Red Sox",30,7.047,1818,95000000,19000000,1,5,"2015","2019",0,0,0,0,162,93,69,1,1,24,0,0,0,878,5670,1598,208,694,0.517,0.267,3.9,-0.2,0.04,3,7,6,0,0,0,0,0,0,0,0,1,4,0,0,0,0,0,0,0.143,0,0.143,-57,0.099,-72,0,"/5H",0,9,49,36,0,0,0,0,0,0,0,0,1,16,0,0,0,0,0,0,0.020449,0,0.020449,3249,0.009801,5184,0,0
"Pablo Sandoval","NH","2017","SF","San Francisco Giants",31,8.047,1818,95000000,19000000,1,5,"2015","2019",0,0,0,0,168,64,98,0,0,-34,0,0,0,639,5551,1382,128,776,0.537,0.264,3.56,-1.3,1.69,79,279,259,27,57,11,0,9,32,0,1,16,53,11,1,0,3,0,0.22,0.265,0.367,0.632,64,0.277,60,95,"5/3HD4",0,6241,77841,67081,729,3249,121,0,81,1024,0,1,256,2809,121,1,0,9,0,0.0484,0.070225,0.134689,0.399424,4096,0.076729,3600,9025,0
"Pablo Sandoval","NH","2018","SF","San Francisco Giants",32,9.047,1818,95000000,19000000,1,5,"2015","2019",0,0,0,0,162,73,89,0,0,-16,0,0,0,603,5541,1324,133,699,0.536,0.264,3.57,0,0,92,252,230,22,57,10,1,9,40,0,0,19,52,9,2,0,1,2,0.248,0.31,0.417,0.727,101,0.322,102,96,"5H3/D41",0,8464,63504,52900,484,3249,100,1,81,1600,0,0,361,2704,81,4,0,1,4,0.061504,0.0961,0.173889,0.528529,10201,0.103684,10404,9216,0
"Pablo Sandoval","NH","2019","SF","San Francisco Giants",33,10.047,1818,95000000,19000000,1,5,"2015","2019",0,0,0,0,162,77,85,0,0,-8,0,0,0,678,5579,1332,167,773,0.535,0.264,3.57,1.4,1.96,108,296,272,42,73,23,0,14,41,1,0,18,67,8,1,2,3,2,0.268,0.313,0.507,0.82,113,0.351,117,138,"H53/D1",0,11664,87616,73984,1764,5329,529,0,196,1681,1,0,324,4489,64,1,4,9,4,0.071824,0.097969,0.257049,0.6724,12769,0.123201,13689,19044,0
"Pablo Sandoval","NH","2021","ATL","Atlanta Braves",35,12.042,1819,1000000,1000000,1,1,"2021","2021",0,0,0,0,161,88,73,1,1,15,1,1,0,790,5363,1307,239,656,0.501,0.26,3.67,-0.2,0.04,69,86,73,11,13,0,0,4,11,0,0,11,25,2,2,0,0,0,0.178,0.302,0.342,0.645,71,0.293,71,25,"H/D35",0,4761,7396,5329,121,169,0,0,16,121,0,0,121,625,4,4,0,0,0,0.031684,0.091204,0.116964,0.416025,5041,0.085849,5041,625,0
"Pat Neshek","NH","2014","STL","St Louis Cardinals",33.9,0,1820,1000000,1000000,1,1,"2014","2014",1,0,0,0,162,91,72,1,1,19,1,0,1,619,5426,1371,105,603,0.519,0.267,3.67,0,0,67,0,0,0,0,0,0,0,0,0,0,0,0,0,0,0,0,0,0,0,0,0,0,0,0,0,"1",0,4489,0,0,0,0,0,0,0,0,0,0,0,0,0,0,0,0,0,0,0,0,0,0,0,0,0,0
"Pat Neshek","NH","2015","HOU","Houston Astros",34.9,1,1821,12500000,6250000,1,2,"2015","2016",0,0,0,0,162,86,76,0,1,10,0,0,2,729,5459,1363,230,618,0.488,0.254,3.82,0,0,5,0,0,0,0,0,0,0,0,0,0,0,0,0,0,0,0,0,0,0,0,0,0,0,0,0,"1",0,25,0,0,0,0,0,0,0,0,0,0,0,0,0,0,0,0,0,0,0,0,0,0,0,0,0,0
"Pat Neshek","NH","2016","HOU","Houston Astros",35.9,2,1821,12500000,6250000,1,2,"2015","2016",0,0,0,0,162,84,78,0,0,6,0,0,0,724,5545,1367,198,701,0.489,0.254,3.82,0,0,4,0,0,0,0,0,0,0,0,0,0,0,0,0,0,0,0,0,0,0,0,0,0,0,0,0,"1",0,16,0,0,0,0,0,0,0,0,0,0,0,0,0,0,0,0,0,0,0,0,0,0,0,0,0,0
"Pat Neshek","NH","2017","PHI","Philadelphia Phillies",36.9,3,1822,16260721.9761351,8130360.98806753,1,2,"2017","2018",1,0,0,0,165,66,96,0,0,-30,0,0,0,690,5534,1382,174,782,0.471,0.261,3.97,0,0,66,0,0,0,0,0,0,0,0,0,0,0,0,0,0,0,0,0,0,0,0,0,0,0,0,0,"1",0,4356,0,0,0,0,0,0,0,0,0,0,0,0,0,0,0,0,0,0,0,0,0,0,0,0,0,0
"Pat Neshek","NH","2018","PHI","Philadelphia Phillies",37.9,4,1822,16260721.9761351,8130360.98806753,1,2,"2017","2018",0,0,0,0,162,80,82,0,0,-2,0,0,1,677,5424,1270,186,728,0.472,0.261,3.98,0,0,29,0,0,0,0,0,0,0,0,0,0,0,0,0,0,0,0,0,0,0,0,0,0,0,0,0,"1",0,841,0,0,0,0,0,0,0,0,0,0,0,0,0,0,0,0,0,0,0,0,0,0,0,0,0,0
"Pat Neshek","NH","2018","PHI","Philadelphia Phillies",37.9,5,1823,16200000,8100000,1,2,"2018","2019",0,0,0,0,162,80,82,0,0,-2,0,0,1,677,5424,1270,186,728,0.472,0.261,3.98,0,0,29,0,0,0,0,0,0,0,0,0,0,0,0,0,0,0,0,0,0,0,0,0,0,0,0,0,"1",0,841,0,0,0,0,0,0,0,0,0,0,0,0,0,0,0,0,0,0,0,0,0,0,0,0,0,0
"Pat Neshek","NH","2019","PHI","Philadelphia Phillies",38.9,6,1823,16200000,8100000,1,2,"2018","2019",0,0,0,0,162,81,81,0,0,0,0,0,1,774,5571,1369,215,794,0.472,0.261,3.98,0,0,20,0,0,0,0,0,0,0,0,0,0,0,0,0,0,0,0,0,0,0,0,0,0,0,0,0,"1",0,400,0,0,0,0,0,0,0,0,0,0,0,0,0,0,0,0,0,0,0,0,0,0,0,0,0,0
"Pat Neshek","NH","2019","PHI","Philadelphia Phillies",38.9,7,1824,20252136.1189312,10126068.0594656,0,2,"2019","2020",0,0,0,0,162,81,81,0,0,0,0,0,1,774,5571,1369,215,794,0.472,0.261,3.98,0,0,20,0,0,0,0,0,0,0,0,0,0,0,0,0,0,0,0,0,0,0,0,0,0,0,0,0,"1",0,400,0,0,0,0,0,0,0,0,0,0,0,0,0,0,0,0,0,0,0,0,0,0,0,0,0,0
"Pat Venditte","NH","2018","LAD","Los Angeles Dodgers",33.1,1.017,1825,694114.573020403,694114.573020403,1,1,"2018","2018",0,0,0,0,163,92,71,1,1,21,1,0,1,804,5572,1394,235,610,0.527,0.262,3.53,0,0,14,0,0,0,0,0,0,0,0,0,0,0,0,0,0,0,0,0,0,0,0,0,0,0,0,0,"1",0,196,0,0,0,0,0,0,0,0,0,0,0,0,0,0,0,0,0,0,0,0,0,0,0,0,0,0
"Pat Venditte","NH","2019","SF","San Francisco Giants",34.1,1.084,1826,585000,585000,1,1,"2019","2019",0,0,0,0,162,77,85,0,0,-8,0,0,0,678,5579,1332,167,773,0.535,0.264,3.57,0,0,2,0,0,0,0,0,0,0,0,0,0,0,0,0,0,0,0,0,0,0,0,0,0,0,0,0,"/1",0,4,0,0,0,0,0,0,0,0,0,0,0,0,0,0,0,0,0,0,0,0,0,0,0,0,0,0
"Patrick Corbin","NH","2019","WSH","Washington Nationals",30.1,0,1828,140000000,23333333.3333333,1,6,"2019","2024",2,0,1,0,162,93,69,0,1,24,1,1,1,873,5512,1460,231,724,0.489,0.254,3.88,-0.2,0.04,31,72,65,3,6,1,0,0,4,0,0,3,27,0,0,4,0,0,0.092,0.132,0.108,0.24,-36,0.127,-60,7,"1",0,961,5184,4225,9,36,1,0,0,16,0,0,9,729,0,0,16,0,0,0.008464,0.017424,0.011664,0.0576,1296,0.016129,3600,49,0
"Patrick Corbin","NH","2021","WSH","Washington Nationals",32.1,2,1828,140000000,23333333.3333333,1,6,"2019","2024",0,0,0,0,162,65,97,0,0,-32,0,0,0,724,5385,1388,182,820,0.487,0.254,3.9,0.1,0.01,28,63,53,1,7,0,0,0,0,0,0,3,24,0,0,7,0,0,0.132,0.179,0.132,0.311,-12,0.146,-40,7,"1",0,784,3969,2809,1,49,0,0,0,0,0,0,9,576,0,0,49,0,0,0.017424,0.032041,0.017424,0.096721,144,0.021316,1600,49,0
"Paul Dejong","NH","2024","CHW","Chicago White Sox",30,0,1830,1750000,1750000,1,1,"2024","2024",0,0,0,0,162,41,121,0,0,-80,0,0,0,507,5383,1187,133,813,0.5,0.26,3.8,0.9,0.81,139,482,445,54,101,17,0,24,56,2,2,23,156,9,9,0,5,0,0.227,0.276,0.427,0.703,97,0.304,95,190,"65H/D",0,19321,232324,198025,2916,10201,289,0,576,3136,4,4,529,24336,81,81,0,25,0,0.051529,0.076176,0.182329,0.494209,9409,0.092416,9025,36100,0
"Paul Dejong","NH","2025","WSH","Washington Nationals",31,1,1831,1000000,1000000,1,1,"2025","2025",0,0,0,0,162,66,96,0,0,-30,0,0,0,687,5422,1313,161,899,0.481,0.254,3.97,-0.1,0.01,57,208,193,18,44,10,0,6,23,4,0,11,70,3,1,0,3,0,0.228,0.269,0.373,0.642,81,0.283,75,72,"546/D3H",0,3249,43264,37249,324,1936,100,0,36,529,16,0,121,4900,9,1,0,9,0,0.051984,0.072361,0.139129,0.412164,6561,0.080089,5625,5184,0
"Paul Sewald","NH","2021","SEA","Seattle Mariners",31.2,0,1832,674990.669239509,674990.669239509,1,1,"2021","2021",0,0,0,0,162,90,72,0,0,18,0,0,0,697,5355,1209,199,748,0.472,0.259,4.34,0,0,6,0,0,0,0,0,0,0,0,0,0,0,0,0,0,0,0,0,0,0,0,0,0,0,0,0,"1",0,36,0,0,0,0,0,0,0,0,0,0,0,0,0,0,0,0,0,0,0,0,0,0,0,0,0,0
"Paul Sewald","NH","2023","SEA","Seattle Mariners",33.2,1,1833,4361317.9800312,4361317.9800312,1,1,"2023","2023",0,0,0,0,162,88,74,0,0,14,0,0,0,758,5500,1332,210,659,0.476,0.258,4.31,0,0,2,0,0,0,0,0,0,0,0,0,0,0,0,0,0,0,0,0,0,0,0,0,0,0,0,0,"1",0,4,0,0,0,0,0,0,0,0,0,0,0,0,0,0,0,0,0,0,0,0,0,0,0,0,0,0
"Paul Sewald","NH","2024","ARI","Arizona Diamondbacks",34.2,2,1834,7558599.04759815,7558599.04759815,0,1,"2024","2024",0,0,0,0,162,89,73,0,0,16,0,0,0,886,5522,1452,211,788,0.489,0.255,4.28,0,0,1,0,0,0,0,0,0,0,0,0,0,0,0,0,0,0,0,0,0,0,0,0,0,0,0,0,"1",0,1,0,0,0,0,0,0,0,0,0,0,0,0,0,0,0,0,0,0,0,0,0,0,0,0,0,0
"Pedro Alvarez","NH","2016","BAL","Baltimore Orioles",29.5,5.085,1836,5750000,5750000,1,1,"2016","2016",0,0,0,0,162,89,73,0,1,16,0,0,0,744,5524,1413,253,715,0.477,0.259,4,0.9,0.81,109,376,337,43,84,20,0,22,49,1,0,37,97,6,0,0,2,1,0.249,0.322,0.504,0.826,117,0.35,114,170,"DH5",0,11881,141376,113569,1849,7056,400,0,484,2401,1,0,1369,9409,36,0,0,4,1,0.062001,0.103684,0.254016,0.682276,13689,0.1225,12996,28900,0
"Pedro Alvarez","NH","2017","BAL","Baltimore Orioles",30.5,6.085,1837,2000000,2000000,0,1,"2017","2017",0,0,0,0,162,75,87,0,0,-12,0,0,1,743,5650,1469,232,841,0.477,0.259,4.01,0.1,0.01,14,34,32,4,10,1,0,1,4,0,0,2,10,0,0,0,0,0,0.313,0.353,0.438,0.79,113,0.368,131,14,"/DH3",0,196,1156,1024,16,100,1,0,1,16,0,0,4,100,0,0,0,0,0,0.097969,0.124609,0.191844,0.6241,12769,0.135424,17161,196,0
"Pedro Alvarez","NH","2018","BAL","Baltimore Orioles",31.5,6.116,1838,1000000,1000000,0,1,"2018","2018",0,0,0,0,162,47,115,0,0,-68,0,0,2,622,5507,1317,188,892,0.475,0.259,4.02,-0.1,0.01,45,127,111,18,20,2,0,8,18,0,0,16,36,2,0,0,0,0,0.18,0.283,0.414,0.698,90,0.309,91,46,"DH/53",0,2025,16129,12321,324,400,4,0,64,324,0,0,256,1296,4,0,0,0,0,0.0324,0.080089,0.171396,0.487204,8100,0.095481,8281,2116,0
"Pete Kozma","NH","2018","DET","Detroit Tigers",30.3,3.049,1839,694114.573020403,694114.573020403,1,1,"2018","2018",0,0,0,0,162,64,98,0,0,-34,0,0,0,630,5494,1326,135,796,0.506,0.265,3.98,0.3,0.09,27,73,69,7,15,4,1,1,8,0,1,2,15,2,0,1,1,0,0.217,0.236,0.348,0.584,56,0.277,68,24,"6/54HD",0,729,5329,4761,49,225,16,1,1,64,0,1,4,225,4,0,1,1,0,0.047089,0.055696,0.121104,0.341056,3136,0.076729,4624,576,0
"Pete Kozma","NH","2021","OAK","Oakland Athletics",33.3,3.094,1840,674990.669239509,674990.669239509,1,1,"2021","2021",0,0,0,0,162,86,76,0,0,10,0,0,0,743,5395,1284,199,687,0.489,0.258,3.98,0.2,0.04,3,12,11,0,1,0,0,0,0,0,0,1,4,0,0,0,0,0,0.091,0.167,0.091,0.258,-24,0.207,25,1,"/6",0,9,144,121,0,1,0,0,0,0,0,0,1,16,0,0,0,0,0,0.008281,0.027889,0.008281,0.066564,576,0.042849,625,1,0
"Peter Moylan","NH","2013","LAD","Los Angeles Dodgers",34.7,0,1841,687482.955954937,687482.955954937,1,1,"2013","2013",0,0,0,0,162,92,70,1,1,22,0,0,0,654,5491,1446,138,586,0.524,0.262,3.54,0,0,14,0,0,0,0,0,0,0,0,0,0,0,0,0,0,0,0,0,0,0,0,0,0,0,0,0,"1",0,196,0,0,0,0,0,0,0,0,0,0,0,0,0,0,0,0,0,0,0,0,0,0,0,0,0,0
"Peter Moylan","NH","2015","ATL","Atlanta Braves",36.7,1,1842,687225.311355765,687225.311355765,1,1,"2015","2015",0,0,0,0,162,67,95,0,0,-28,0,0,1,573,5420,1361,100,760,0.501,0.26,3.64,0,0,22,0,0,0,0,0,0,0,0,0,0,0,0,0,0,0,0,0,0,0,0,0,0,0,0,0,"1",0,484,0,0,0,0,0,0,0,0,0,0,0,0,0,0,0,0,0,0,0,0,0,0,0,0,0,0
"Peter Moylan","NH","2016","KC","Kansas City Royals",37.7,2,1843,672362.379948466,672362.379948466,1,1,"2016","2016",0,0,0,0,162,81,81,0,0,0,0,0,0,675,5552,1450,147,712,0.485,0.265,4.19,0,0,1,0,0,0,0,0,0,0,0,0,0,0,0,0,0,0,0,0,0,0,0,0,0,0,0,0,"1",0,1,0,0,0,0,0,0,0,0,0,0,0,0,0,0,0,0,0,0,0,0,0,0,0,0,0,0
"Peter Moylan","NH","2017","KC","Kansas City Royals",38.7,3,1844,1000000,1000000,0,1,"2017","2017",0,0,0,0,162,80,82,0,0,-2,0,0,0,702,5536,1436,193,791,0.485,0.265,4.2,0,0,7,0,0,0,0,0,0,0,0,0,0,0,0,0,0,0,0,0,0,0,0,0,0,0,0,0,"1",0,49,0,0,0,0,0,0,0,0,0,0,0,0,0,0,0,0,0,0,0,0,0,0,0,0,0,0
"Peter Moylan","NH","2018","ATL","Atlanta Braves",39.7,4,1845,575000,575000,1,1,"2018","2018",0,0,0,0,162,90,72,1,1,18,0,0,1,759,5582,1433,175,657,0.5,0.26,3.66,0,0,36,0,0,0,0,0,0,0,0,0,0,0,0,0,0,0,0,0,0,0,0,0,0,0,0,0,"1",0,1296,0,0,0,0,0,0,0,0,0,0,0,0,0,0,0,0,0,0,0,0,0,0,0,0,0,0
"Phil Maton","NH","2025","STL","St Louis Cardinals",31,1,1847,2000000,2000000,1,1,"2025","2025",0,0,0,0,162,78,84,0,0,-6,0,0,1,689,5433,1331,148,754,0.52,0.266,3.69,0,0,1,0,0,0,0,0,0,0,0,0,0,0,0,0,0,0,0,0,0,0,0,0,0,0,0,0,"1",0,1,0,0,0,0,0,0,0,0,0,0,0,0,0,0,0,0,0,0,0,0,0,0,0,0,0,0
"Quintin Berry","NH","2015","CHC","Chicago Cubs",30.8,0,1851,687225.311355765,687225.311355765,1,1,"2015","2015",0,0,0,0,162,97,65,0,1,32,0,0,0,689,5491,1341,171,608,0.512,0.263,3.68,0,0,8,1,1,1,0,0,0,0,0,2,1,0,1,0,0,0,0,0,0,0,0,0,-100,0.014,-127,0,"/H789",0,64,1,1,1,0,0,0,0,0,4,1,0,1,0,0,0,0,0,0,0,0,0,10000,0.000196,16129,0,0
"Quintin Berry","NH","2017","MIL","Milwaukee Brewers",32.8,1,1852,695958.90057858,695958.90057858,1,1,"2017","2017",0,0,0,0,162,86,76,0,0,10,0,0,0,732,5467,1363,224,697,0.478,0.258,4.18,-0.1,0.01,7,3,3,0,0,0,0,0,0,2,1,0,2,0,0,0,0,0,0,0,0,0,-100,-0.009,-143,0,"/H78",0,49,9,9,0,0,0,0,0,0,4,1,0,4,0,0,0,0,0,0,0,0,0,10000,0.000081,20449,0,0
"Rafael Furcal","NH","2012","STL","St Louis Cardinals",34.8,2,1856,14000000,7000000,0,2,"2012","2013",1,0,0,0,162,88,74,0,1,14,0,0,0,765,5622,1526,159,648,0.518,0.267,3.68,1.3,1.69,121,531,477,69,126,18,3,5,49,12,4,44,57,7,1,5,4,1,0.264,0.325,0.346,0.671,85,0.309,84,165,"6/H",0,14641,281961,227529,4761,15876,324,9,25,2401,144,16,1936,3249,49,1,25,16,1,0.069696,0.105625,0.119716,0.450241,7225,0.095481,7056,27225,0
"Rafael Furcal","NH","2014","MIA","Miami Marlins",36.8,4,1857,3500000,3500000,1,1,"2014","2014",0,0,0,0,162,77,85,0,0,-8,0,0,0,645,5538,1399,122,674,0.47,0.258,4.27,-0.1,0.01,9,37,35,4,6,0,1,0,2,0,0,2,7,1,0,0,0,0,0.171,0.216,0.229,0.445,25,0.229,29,8,"/4H",0,81,1369,1225,16,36,0,1,0,4,0,0,4,49,1,0,0,0,0,0.029241,0.046656,0.052441,0.198025,625,0.052441,841,64,0
"Rafael Montero","NH","2019","TEX","Texas Rangers",28.8,0,1858,691688.341292727,691688.341292727,1,1,"2019","2019",0,0,0,0,162,78,84,0,0,-6,0,0,1,810,5540,1374,223,878,0.478,0.259,4.28,0,0,1,0,0,0,0,0,0,0,0,0,0,0,0,0,0,0,0,0,0,0,0,0,0,0,0,0,"1",0,1,0,0,0,0,0,0,0,0,0,0,0,0,0,0,0,0,0,0,0,0,0,0,0,0,0,0
"Rafael Montero","NH","2021","HOU","Houston Astros",30.8,1,1859,2662101.67535301,2662101.67535301,1,1,"2021","2021",0,0,0,0,162,95,67,1,1,28,1,0,0,863,5593,1496,221,658,0.498,0.255,3.81,0,0,3,0,0,0,0,0,0,0,0,0,0,0,0,0,0,0,0,0,0,0,0,0,0,0,0,0,"1",0,9,0,0,0,0,0,0,0,0,0,0,0,0,0,0,0,0,0,0,0,0,0,0,0,0,0,0
"Rafael Montero","NH","2023","HOU","Houston Astros",32.8,3,1861,34500000,11500000,0,3,"2023","2025",0,0,0,0,162,90,72,1,1,18,0,0,0,827,5567,1441,222,698,0.501,0.255,3.8,0,0,1,0,0,0,0,0,0,0,0,0,0,0,0,0,0,0,0,0,0,0,0,0,0,0,0,0,"1",0,1,0,0,0,0,0,0,0,0,0,0,0,0,0,0,0,0,0,0,0,0,0,0,0,0,0,0
"Rafael Ortega","H","2023","NYM","New York Mets",32.2,0,1862,765889.986737186,765889.986737186,1,1,"2023","2023",0,0,0,0,162,75,87,0,0,-12,0,0,0,717,5363,1276,215,729,0.482,0.25,3.8,0.2,0.04,47,136,114,16,25,3,0,1,8,6,1,20,33,0,1,1,0,0,0.219,0.341,0.272,0.613,74,0.303,83,31,"87/H9D",0,2209,18496,12996,256,625,9,0,1,64,36,1,400,1089,0,1,1,0,0,0.047961,0.116281,0.073984,0.375769,5476,0.091809,6889,961,0
"Rafael Ortega","H","2024","CHW","Chicago White Sox",33.2,1,1863,761001.808873827,761001.808873827,1,1,"2024","2024",0,0,0,0,162,41,121,0,0,-80,0,0,0,507,5383,1187,133,813,0.5,0.26,3.8,-0.2,0.04,14,17,14,4,1,0,0,0,1,2,0,2,4,1,0,0,1,0,0.071,0.176,0.071,0.248,-25,0.21,7,1,"8/H9D",0,196,289,196,16,1,0,0,0,1,4,0,4,16,1,0,0,1,0,0.005041,0.030976,0.005041,0.061504,625,0.0441,49,1,0
"Rajai Davis","NH","2014","DET","Detroit Tigers",33.8,2.043,1864,10000000,5000000,1,2,"2014","2015",0,0,0,0,162,90,72,1,1,18,0,0,0,757,5630,1557,155,705,0.508,0.266,3.95,1.6,2.56,134,494,461,64,130,27,2,8,51,36,11,22,75,7,5,3,3,0,0.282,0.32,0.401,0.721,103,0.335,104,185,"78H/D",0,17956,244036,212521,4096,16900,729,4,64,2601,1296,121,484,5625,49,25,9,9,0,0.079524,0.1024,0.160801,0.519841,10609,0.112225,10816,34225,0
"Rajai Davis","NH","2015","DET","Detroit Tigers",34.8,3.043,1864,10000000,5000000,1,2,"2014","2015",0,0,0,0,161,74,87,0,0,-13,0,0,0,689,5605,1515,151,803,0.508,0.266,3.96,1.5,2.25,112,370,341,55,88,16,11,8,30,18,8,22,76,5,3,1,3,0,0.258,0.306,0.44,0.746,103,0.33,104,150,"87H9/D",0,12544,136900,116281,3025,7744,256,121,64,900,324,64,484,5776,25,9,1,9,0,0.066564,0.093636,0.1936,0.556516,10609,0.1089,10816,22500,0
"Rajai Davis","NH","2016","CLE","Cleveland Guardians",35.8,4.043,1865,5250000,5250000,1,1,"2016","2016",0,0,0,0,161,94,67,1,1,27,1,0,0,777,5484,1435,185,676,0.51,0.266,3.84,0.9,0.81,134,495,454,74,113,23,2,12,48,43,6,33,106,9,5,1,2,0,0.249,0.306,0.388,0.693,80,0.326,80,176,"87H/9D",0,17956,245025,206116,5476,12769,529,4,144,2304,1849,36,1089,11236,81,25,1,4,0,0.062001,0.093636,0.150544,0.480249,6400,0.106276,6400,30976,0
"Rajai Davis","NH","2017","OAK","Oakland Athletics",36.8,5.043,1866,6000000,6000000,1,1,"2017","2017",0,0,0,0,162,75,87,0,0,-12,0,0,1,739,5464,1344,234,826,0.487,0.259,3.98,0.3,0.09,117,366,336,56,79,19,2,5,20,29,7,27,83,12,1,1,1,1,0.235,0.293,0.348,0.641,74,0.293,71,117,"87H/9D",0,13689,133956,112896,3136,6241,361,4,25,400,841,49,729,6889,144,1,1,1,1,0.055225,0.085849,0.121104,0.410881,5476,0.085849,5041,13689,0
"Rajai Davis","NH","2018","CLE","Cleveland Guardians",37.8,6.043,1867,1750000,1750000,1,1,"2018","2018",0,0,0,0,162,91,71,1,1,20,0,0,1,818,5595,1447,216,648,0.511,0.266,3.83,-0.4,0.16,101,216,196,33,44,6,1,1,6,21,7,11,48,2,4,4,1,0,0.224,0.278,0.281,0.559,53,0.269,51,55,"8H7D/9",0,10201,46656,38416,1089,1936,36,1,1,36,441,49,121,2304,4,16,16,1,0,0.050176,0.077284,0.078961,0.312481,2809,0.072361,2601,3025,0
"Rajai Davis","NH","2019","NYM","New York Mets",38.8,7.043,1868,691688.341292727,691688.341292727,1,1,"2019","2019",0,0,0,0,162,86,76,0,0,10,0,0,0,791,5624,1445,242,737,0.481,0.25,3.79,-0.1,0.01,29,26,25,4,5,2,0,1,8,0,1,1,5,0,0,0,0,0,0.2,0.231,0.4,0.631,65,0.279,81,10,"H7/9",0,841,676,625,16,25,4,0,1,64,0,1,1,25,0,0,0,0,0,0.04,0.053361,0.16,0.398161,4225,0.077841,6561,100,0
"Ramon Santiago","NH","2012","DET","Detroit Tigers",32.9,0,1869,4000000,2000000,0,2,"2012","2013",0,0,0,0,162,88,74,1,1,14,1,0,0,726,5476,1467,163,670,0.507,0.265,3.96,-0.8,0.64,93,259,228,19,47,7,1,2,17,1,0,20,39,7,5,5,1,1,0.206,0.283,0.272,0.555,51,0.253,40,62,"46H/5D",0,8649,67081,51984,361,2209,49,1,4,289,1,0,400,1521,49,25,25,1,1,0.042436,0.080089,0.073984,0.308025,2601,0.064009,1600,3844,0
"Ramon Santiago","NH","2013","DET","Detroit Tigers",33.9,1,1869,4000000,2000000,0,2,"2012","2013",0,0,0,0,162,93,69,1,1,24,0,0,0,795,5766,1628,176,646,0.508,0.266,3.95,0.6,0.36,80,234,205,27,46,8,1,1,14,0,1,21,32,2,1,6,1,0,0.224,0.298,0.288,0.586,61,0.284,67,59,"456/H",0,6400,54756,42025,729,2116,64,1,1,196,0,1,441,1024,4,1,36,1,0,0.050176,0.088804,0.082944,0.343396,3721,0.080656,4489,3481,0
"Ramon Santiago","NH","2014","CIN","Cincinnati Reds",34.9,2,1870,1100000,1100000,1,1,"2014","2014",0,0,0,0,159,76,86,0,0,-10,0,0,0,595,5395,1282,131,612,0.508,0.262,3.71,0.6,0.36,75,214,179,20,44,8,0,2,17,2,1,24,38,1,3,7,1,0,0.246,0.343,0.324,0.667,89,0.316,94,58,"546H/7",0,5625,45796,32041,400,1936,64,0,4,289,4,1,576,1444,1,9,49,1,0,0.060516,0.117649,0.104976,0.444889,7921,0.099856,8836,3364,0
"Randal Grichuk","NH","2024","ARI","Arizona Diamondbacks",32,0,1872,2000000,2000000,1,1,"2024","2024",0,0,0,0,162,89,73,0,0,16,0,0,0,886,5522,1452,211,788,0.489,0.255,4.28,2.2,4.84,106,279,254,40,74,20,2,12,46,0,0,20,46,5,3,0,2,0,0.291,0.348,0.528,0.875,139,0.377,141,134,"9DH7",0,11236,77841,64516,1600,5476,400,4,144,2116,0,0,400,2116,25,9,0,4,0,0.084681,0.121104,0.278784,0.765625,19321,0.142129,19881,17956,0
"Randal Grichuk","NH","2025","ARI","Arizona Diamondbacks",33,1,1873,5000000,5000000,0,1,"2025","2025",0,0,0,0,162,80,82,0,0,-2,0,0,0,791,5480,1377,214,785,0.489,0.255,4.29,-0.8,0.64,113,293,272,35,62,18,1,9,27,0,1,17,61,6,1,0,3,1,0.228,0.273,0.401,0.674,85,0.293,82,109,"HD97/8",0,12769,85849,73984,1225,3844,324,1,81,729,0,1,289,3721,36,1,0,9,1,0.051984,0.074529,0.160801,0.454276,7225,0.085849,6724,11881,0
"Rangel Ravelo","NH","2019","STL","St Louis Cardinals",26,0,1874,691688.341292727,691688.341292727,1,1,"2019","2019",0,0,0,0,162,91,71,1,1,20,0,0,1,764,5449,1336,210,662,0.52,0.266,3.67,-0.2,0.04,29,43,39,4,8,2,0,2,7,0,0,3,12,1,0,0,1,0,0.205,0.256,0.41,0.666,72,0.278,63,16,"H/3",0,841,1849,1521,16,64,4,0,4,49,0,0,9,144,1,0,0,1,0,0.042025,0.065536,0.1681,0.443556,5184,0.077284,3969,256,0
"Rangel Ravelo","NH","2020","STL","St Louis Cardinals",27,1,1875,693586.967160142,693586.967160142,0,1,"2020","2020",0,0,0,0,58,30,28,0,1,2,0,0,2,240,1752,410,51,229,0.52,0.266,3.67,-0.2,0.04,13,41,35,5,6,1,0,1,6,0,0,4,6,0,0,0,2,0,0.171,0.244,0.286,0.53,47,0.232,39,10,"/D93H7",0,169,1681,1225,25,36,1,0,1,36,0,0,16,36,0,0,0,4,0,0.029241,0.059536,0.081796,0.2809,2209,0.053824,1521,100,0
"Reed Johnson",NA,"2012","CHC","Chicago Cubs",35.7,0,1876,1150000,1150000,0,1,"2012","2012",0,0,0,0,162,61,101,0,0,-40,0,0,0,613,5411,1297,137,759,0.512,0.263,3.68,0.3,0.09,119,288,269,30,78,14,3,3,20,2,2,13,61,4,6,0,0,1,0.29,0.337,0.398,0.735,98,0.328,98,107,"H789",0,14161,82944,72361,900,6084,196,9,9,400,4,4,169,3721,16,36,0,0,1,0.0841,0.113569,0.158404,0.540225,9604,0.107584,9604,11449,0
"Reed Johnson",NA,"2013","ATL","Atlanta Braves",36.7,1,1877,1750000,1750000,0,1,"2013","2013",0,0,0,0,162,96,66,1,1,30,0,0,1,696,5441,1354,181,568,0.502,0.26,3.64,0,0,74,136,123,13,30,7,1,1,11,0,0,6,32,3,6,1,0,0,0.244,0.311,0.341,0.653,81,0.299,79,42,"H987",0,5476,18496,15129,169,900,49,1,1,121,0,0,36,1024,9,36,1,0,0,0.059536,0.096721,0.116281,0.426409,6561,0.089401,6241,1764,0
"Reed Johnson",NA,"2014","MIA","Miami Marlins",37.7,2,1878,1000000,1000000,1,1,"2014","2014",0,0,0,0,162,77,85,0,0,-8,0,0,0,645,5538,1399,122,674,0.47,0.258,4.27,-0.4,0.16,113,201,187,24,44,15,0,2,25,0,1,1,37,4,8,2,3,0,0.235,0.266,0.348,0.614,71,0.279,68,65,"H79/D8",0,12769,40401,34969,576,1936,225,0,4,625,0,1,1,1369,16,64,4,9,0,0.055225,0.070756,0.121104,0.376996,5041,0.077841,4624,4225,0
"Rich Hill","NH","2013","CLE","Cleveland Guardians",33.4,0,1883,1000000,1000000,1,1,"2013","2013",0,0,0,0,162,92,70,0,1,22,0,0,0,743,5466,1381,171,685,0.509,0.266,3.84,0,0,5,0,0,0,0,0,0,0,0,0,0,0,0,0,0,0,0,0,0,0,0,0,0,0,0,0,"1",0,25,0,0,0,0,0,0,0,0,0,0,0,0,0,0,0,0,0,0,0,0,0,0,0,0,0,0
"Rich Hill","NH","2016","LAD","Los Angeles Dodgers",36.4,3,1886,6000000,6000000,1,1,"2016","2016",0,0,0,0,162,91,71,1,1,20,0,0,1,725,5518,1376,189,638,0.526,0.262,3.54,-0.1,0.01,6,12,12,0,0,0,0,0,0,0,0,0,8,0,0,0,0,0,0,0,0,0,-100,0,-138,0,"/1",0,36,144,144,0,0,0,0,0,0,0,0,0,64,0,0,0,0,0,0,0,0,0,10000,0,19044,0,0
"Rich Hill","NH","2017","LAD","Los Angeles Dodgers",37.4,4,1887,48000000,16000000,0,3,"2017","2019",0,0,0,0,164,104,58,1,1,46,1,0,0,770,5408,1347,221,580,0.527,0.262,3.53,-0.2,0.04,23,49,45,1,5,1,0,0,4,0,0,0,18,0,2,1,1,0,0.111,0.146,0.133,0.279,-25,0.127,-50,6,"1",0,529,2401,2025,1,25,1,0,0,16,0,0,0,324,0,4,1,1,0,0.012321,0.021316,0.017689,0.077841,625,0.016129,2500,36,0
"Rich Hill","NH","2018","LAD","Los Angeles Dodgers",38.4,5,1887,48000000,16000000,0,3,"2017","2019",0,0,0,0,163,92,71,1,1,21,1,0,1,804,5572,1394,235,610,0.527,0.262,3.53,-0.2,0.04,23,45,43,2,4,0,0,0,2,0,0,0,15,1,0,2,0,0,0.093,0.093,0.093,0.186,-49,0.081,-88,4,"1",0,529,2025,1849,4,16,0,0,0,4,0,0,0,225,1,0,4,0,0,0.008649,0.008649,0.008649,0.034596,2401,0.006561,7744,16,0
"Rich Hill","NH","2018","LAD","Los Angeles Dodgers",38.4,7,1888,61133026.614641,20377675.5382137,0,3,"2018","2020",0,0,0,0,163,92,71,1,1,21,1,0,1,804,5572,1394,235,610,0.527,0.262,3.53,-0.2,0.04,23,45,43,2,4,0,0,0,2,0,0,0,15,1,0,2,0,0,0.093,0.093,0.093,0.186,-49,0.081,-88,4,"1",0,529,2025,1849,4,16,0,0,0,4,0,0,0,225,1,0,4,0,0,0.008649,0.008649,0.008649,0.034596,2401,0.006561,7744,16,0
"Rich Hill","NH","2019","LAD","Los Angeles Dodgers",39.4,6,1887,48000000,16000000,0,3,"2017","2019",0,0,0,0,162,106,56,1,1,50,0,0,0,886,5493,1414,279,613,0.528,0.262,3.53,0.1,0.01,11,20,18,0,3,1,0,0,1,0,0,1,9,0,0,1,0,0,0.167,0.211,0.222,0.433,15,0.194,-3,4,"1",0,121,400,324,0,9,1,0,0,1,0,0,1,81,0,0,1,0,0,0.027889,0.044521,0.049284,0.187489,225,0.037636,9,16,0
"Rich Hill","NH","2019","LAD","Los Angeles Dodgers",39.4,8,1888,61133026.614641,20377675.5382137,0,3,"2018","2020",0,0,0,0,162,106,56,1,1,50,0,0,0,886,5493,1414,279,613,0.528,0.262,3.53,0.1,0.01,11,20,18,0,3,1,0,0,1,0,0,1,9,0,0,1,0,0,0.167,0.211,0.222,0.433,15,0.194,-3,4,"1",0,121,400,324,0,9,1,0,0,1,0,0,1,81,0,0,1,0,0,0.027889,0.044521,0.049284,0.187489,225,0.037636,9,16,0
"Rich Hill","NH","2019","LAD","Los Angeles Dodgers",39.4,10,1889,59821694.3820737,19940564.7940246,0,3,"2019","2021",0,0,0,0,162,106,56,1,1,50,0,0,0,886,5493,1414,279,613,0.528,0.262,3.53,0.1,0.01,11,20,18,0,3,1,0,0,1,0,0,1,9,0,0,1,0,0,0.167,0.211,0.222,0.433,15,0.194,-3,4,"1",0,121,400,324,0,9,1,0,0,1,0,0,1,81,0,0,1,0,0,0.027889,0.044521,0.049284,0.187489,225,0.037636,9,16,0
"Rich Hill","NH","2021","NYM","New York Mets",41.4,12,1889,59821694.3820737,19940564.7940246,0,3,"2019","2021",0,0,0,0,162,77,85,0,0,-8,0,0,0,636,5210,1243,176,668,0.48,0.25,3.8,-0.1,0.01,16,26,24,0,3,0,0,0,0,0,0,0,10,2,0,2,0,0,0.125,0.125,0.125,0.25,-30,0.1,-71,3,"1",0,256,676,576,0,9,0,0,0,0,0,0,0,100,4,0,4,0,0,0.015625,0.015625,0.015625,0.0625,900,0.01,5041,9,0
"Rich Hill","NH","2021","NYM","New York Mets",41.4,14,1891,2500000,2500000,1,1,"2021","2021",0,0,0,0,162,77,85,0,0,-8,0,0,0,636,5210,1243,176,668,0.48,0.25,3.8,-0.1,0.01,16,26,24,0,3,0,0,0,0,0,0,0,10,2,0,2,0,0,0.125,0.125,0.125,0.25,-30,0.1,-71,3,"1",0,256,676,576,0,9,0,0,0,0,0,0,0,100,4,0,4,0,0,0.015625,0.015625,0.015625,0.0625,900,0.01,5041,9,0
"Rick Ankiel","NH","2012","WSH","Washington Nationals",33,0,1898,1250000,1250000,0,1,"2012","2012",0,0,0,0,162,98,64,1,1,34,0,0,0,731,5615,1468,194,594,0.478,0.254,3.91,-0.5,0.25,68,171,158,15,36,10,2,5,15,1,3,12,59,3,0,1,0,3,0.228,0.282,0.411,0.694,85,0.294,77,65,"8H",0,4624,29241,24964,225,1296,100,4,25,225,1,9,144,3481,9,0,1,0,9,0.051984,0.079524,0.168921,0.481636,7225,0.086436,5929,4225,0
"Rick Ankiel","NH","2013","HOU","Houston Astros",34,1,1899,750000,750000,1,1,"2013","2013",0,0,0,0,162,51,111,0,0,-60,0,0,0,610,5457,1307,148,848,0.488,0.254,3.81,-0.3,0.09,45,136,128,13,24,7,1,7,18,0,1,8,60,1,0,0,0,0,0.188,0.235,0.422,0.657,81,0.287,78,54,"98/H",0,2025,18496,16384,169,576,49,1,49,324,0,1,64,3600,1,0,0,0,0,0.035344,0.055225,0.178084,0.431649,6561,0.082369,6084,2916,0
"Rickie Weeks","NH","2015","SEA","Seattle Mariners",32.9,2.036,1900,2000000,2000000,1,1,"2015","2015",0,0,0,0,162,76,86,0,0,-10,0,0,1,656,5544,1379,198,726,0.468,0.261,4.33,-0.8,0.64,37,95,84,7,14,1,0,2,9,0,0,9,25,3,2,0,0,0,0.167,0.263,0.25,0.513,46,0.247,48,21,"7HD",0,1369,9025,7056,49,196,1,0,4,81,0,0,81,625,9,4,0,0,0,0.027889,0.069169,0.0625,0.263169,2116,0.061009,2304,441,0
"Rickie Weeks","NH","2016","ARI","Arizona Diamondbacks",33.9,3.036,1901,1500000,1500000,1,1,"2016","2016",0,0,0,0,162,69,93,0,0,-24,0,0,0,752,5665,1479,190,890,0.488,0.258,4.27,-0.2,0.04,108,205,180,29,43,9,1,9,27,5,0,20,54,8,4,0,1,0,0.239,0.327,0.45,0.777,99,0.355,105,81,"H7/D9",0,11664,42025,32400,841,1849,81,1,81,729,25,0,400,2916,64,16,0,1,0,0.057121,0.106929,0.2025,0.603729,9801,0.126025,11025,6561,0
"Rickie Weeks","NH","2017","TB","Tampa Bay Rays",34.9,4.036,1902,1500000,1500000,1,1,"2017","2017",0,0,0,0,162,80,82,0,0,-2,0,0,0,694,5478,1340,228,704,0.463,0.256,4.4,0.1,0.01,37,112,97,13,21,6,0,2,8,1,0,12,49,0,3,0,0,0,0.216,0.321,0.34,0.662,81,0.316,92,33,"D3H",0,1369,12544,9409,169,441,36,0,4,64,1,0,144,2401,0,9,0,0,0,0.046656,0.103041,0.1156,0.438244,6561,0.099856,8464,1089,0
"Ricky Nolasco","NH","2014","MIN","Minnesota Twins",31.7,0.142,1903,49000000,12250000,1,4,"2014","2017",0,0,0,0,162,70,92,0,0,-22,0,0,0,715,5567,1412,128,777,0.48,0.263,3.97,0,0,1,2,2,0,0,0,0,0,0,0,0,0,2,0,0,0,0,0,0,0,0,0,-100,0,-143,0,"1",0,1,4,4,0,0,0,0,0,0,0,0,0,4,0,0,0,0,0,0,0,0,0,10000,0,20449,0,0
"Ricky Nolasco","NH","2015","MIN","Minnesota Twins",32.7,1.142,1903,49000000,12250000,1,4,"2014","2017",0,0,0,0,162,83,79,0,0,4,0,0,0,696,5467,1349,156,700,0.48,0.263,3.97,0,0,1,3,3,0,0,0,0,0,0,0,0,0,3,0,0,0,0,0,0,0,0,0,-100,0,-142,0,"/1",0,1,9,9,0,0,0,0,0,0,0,0,0,9,0,0,0,0,0,0,0,0,0,10000,0,20164,0,0
"Ricky Nolasco","NH","2016","MIN","Minnesota Twins",33.7,2.142,1903,49000000,12250000,1,4,"2014","2017",0,0,0,0,162,59,103,0,0,-44,0,0,0,722,5618,1409,200,889,0.479,0.263,3.98,0.1,0.01,2,5,3,0,0,0,0,0,0,0,0,2,1,0,0,0,0,0,0,0.4,0,0.4,25,0.277,66,0,"1",0,4,25,9,0,0,0,0,0,0,0,0,4,1,0,0,0,0,0,0,0.16,0,0.16,625,0.076729,4356,0,0
"Ricky Nolasco","NH","2017","LAA","Los Angeles Angels",34.7,3.142,1903,49000000,12250000,1,4,"2014","2017",0,0,0,0,162,80,82,0,0,-2,0,0,0,710,5415,1314,186,709,0.501,0.258,3.95,0,0,3,7,5,0,0,0,0,0,0,0,0,2,2,0,0,0,0,0,0,0.286,0,0.286,-11,0.199,10,0,"1",0,9,49,25,0,0,0,0,0,0,0,0,4,4,0,0,0,0,0,0,0.081796,0,0.081796,121,0.039601,100,0,0
"Rob Brantly","NH","2017","CHW","Chicago White Sox",28.1,0,1905,695958.90057858,695958.90057858,0,1,"2017","2017",0,0,0,0,162,67,95,0,0,-28,0,0,1,706,5513,1412,186,820,0.503,0.26,3.76,0.3,0.09,13,36,31,4,9,1,0,2,5,0,0,3,14,0,2,0,0,0,0.29,0.389,0.516,0.905,143,0.39,146,16,"/2DH1",0,169,1296,961,16,81,1,0,4,25,0,0,9,196,0,4,0,0,0,0.0841,0.151321,0.266256,0.819025,20449,0.1521,21316,256,0
"Rob Brantly","NH","2021","NYY","New York Yankees",32.1,1,1906,674990.669239509,674990.669239509,1,1,"2021","2021",0,0,0,0,162,92,70,0,1,22,0,0,0,711,5331,1266,222,669,0.57,0.266,3.65,-0.2,0.04,6,21,20,0,3,1,0,0,0,0,0,0,4,0,1,0,0,0,0.15,0.19,0.2,0.39,8,0.178,-1,4,"/23H",0,36,441,400,0,9,1,0,0,0,0,0,0,16,0,1,0,0,0,0.0225,0.0361,0.04,0.1521,64,0.031684,1,16,0
"Rob Brantly","NH","2024","TB","Tampa Bay Rays",35.1,2,1907,761001.808873827,761001.808873827,1,1,"2024","2024",0,0,0,0,162,80,82,0,0,-2,0,0,0,604,5389,1241,147,663,0.49,0.254,4.22,0,0,3,9,9,0,1,0,0,0,0,0,0,0,2,0,0,0,0,0,0.111,0.111,0.111,0.222,-36,0.099,-51,1,"/2",0,9,81,81,0,1,0,0,0,0,0,0,0,4,0,0,0,0,0,0.012321,0.012321,0.012321,0.049284,1296,0.009801,2601,1,0
"Rob Brantly","NH","2025","MIA","Miami Marlins",36.1,3,1908,760000,760000,1,1,"2025","2025",0,0,0,0,162,79,83,0,0,-4,0,0,1,709,5543,1388,154,798,0.46,0.255,4.31,0,0,3,7,7,0,3,0,0,0,1,0,0,0,1,0,0,0,0,0,0.429,0.429,0.429,0.857,142,0.372,136,3,"/2",0,9,49,49,0,9,0,0,0,1,0,0,0,1,0,0,0,0,0,0.184041,0.184041,0.184041,0.734449,20164,0.138384,18496,9,0
"Robbie Grossman","NH","2016","MIN","Minnesota Twins",26.9,0,1912,672362.379948466,672362.379948466,1,1,"2016","2016",0,0,0,0,162,59,103,0,0,-44,0,0,0,722,5618,1409,200,889,0.479,0.263,3.98,0.3,0.09,99,389,332,49,93,19,1,11,37,2,3,55,96,3,2,0,0,0,0.28,0.386,0.443,0.828,124,0.367,131,147,"7D/H8",0,9801,151321,110224,2401,8649,361,1,121,1369,4,9,3025,9216,9,4,0,0,0,0.0784,0.148996,0.196249,0.685584,15376,0.134689,17161,21609,0
"Robbie Grossman","H","2018","MIN","Minnesota Twins",28.9,1,1913,2547209.44227671,2547209.44227671,1,1,"2018","2018",0,0,0,0,162,78,84,0,0,-6,0,0,1,738,5526,1379,166,775,0.48,0.263,3.99,1.6,2.56,129,465,396,50,108,27,1,5,48,0,1,60,83,2,2,2,5,0,0.273,0.367,0.384,0.751,106,0.347,116,152,"9D7H",0,16641,216225,156816,2500,11664,729,1,25,2304,0,1,3600,6889,4,4,4,25,0,0.074529,0.134689,0.147456,0.564001,11236,0.120409,13456,23104,0
"Robbie Grossman","NH","2019","OAK","Oakland Athletics",29.9,2,1914,2000000,2000000,1,1,"2019","2019",0,0,0,0,162,97,65,0,1,32,0,0,1,845,5561,1384,257,680,0.489,0.259,3.98,1,1,138,482,420,57,101,21,3,6,38,9,4,59,86,7,1,0,2,2,0.24,0.334,0.348,0.682,87,0.306,90,146,"7H9/8",0,19044,232324,176400,3249,10201,441,9,36,1444,81,16,3481,7396,49,1,0,4,4,0.0576,0.111556,0.121104,0.465124,7569,0.093636,8100,21316,0
"Robbie Grossman","NH","2020","OAK","Oakland Athletics",30.9,3,1915,4564684.54535606,4564684.54535606,0,1,"2020","2020",0,0,0,0,60,36,24,1,1,12,0,0,0,274,1908,430,71,232,0.489,0.258,3.98,1.2,1.44,51,192,166,23,40,12,2,8,23,8,1,21,38,1,5,0,0,2,0.241,0.344,0.482,0.826,128,0.368,130,80,"7/H8D9",0,2601,36864,27556,529,1600,144,4,64,529,64,1,441,1444,1,25,0,0,4,0.058081,0.118336,0.232324,0.682276,16384,0.135424,16900,6400,0
"Robbie Grossman","NH","2021","DET","Detroit Tigers",31.9,4,1916,10000000,5000000,1,2,"2021","2022",0,0,0,0,162,77,85,0,0,-8,0,0,0,697,5376,1299,179,756,0.504,0.265,4,2.9,8.41,156,671,557,88,133,23,3,23,67,20,5,98,155,8,8,2,6,3,0.239,0.357,0.415,0.772,115,0.348,120,231,"79/DH",0,24336,450241,310249,7744,17689,529,9,529,4489,400,25,9604,24025,64,64,4,36,9,0.057121,0.127449,0.172225,0.595984,13225,0.121104,14400,53361,0
"Robbie Grossman","NH","2022","DET","Detroit Tigers",32.9,5,1916,10000000,5000000,1,2,"2021","2022",0,0,0,0,162,66,96,0,0,-30,0,0,0,557,5378,1240,110,713,0.503,0.265,4,0.6,0.36,129,477,411,40,86,19,1,7,45,6,2,56,129,3,6,0,4,0,0.209,0.31,0.311,0.622,78,0.292,82,128,"79H/D",0,16641,227529,168921,1600,7396,361,1,49,2025,36,4,3136,16641,9,36,0,16,0,0.043681,0.0961,0.096721,0.386884,6084,0.085264,6724,16384,0
"Robbie Grossman","NH","2022","DET","Detroit Tigers",32.9,6,1917,11146048.1741855,5573024.08709273,1,2,"2022","2023",0,0,0,0,162,66,96,0,0,-30,0,0,0,557,5378,1240,110,713,0.503,0.265,4,0.6,0.36,129,477,411,40,86,19,1,7,45,6,2,56,129,3,6,0,4,0,0.209,0.31,0.311,0.622,78,0.292,82,128,"79H/D",0,16641,227529,168921,1600,7396,361,1,49,2025,36,4,3136,16641,9,36,0,16,0,0.043681,0.0961,0.096721,0.386884,6084,0.085264,6724,16384,0
"Robbie Grossman","NH","2023","TEX","Texas Rangers",33.9,7,1917,11146048.1741855,5573024.08709273,1,2,"2022","2023",0,0,0,0,162,90,72,0,1,18,1,1,0,881,5595,1470,233,716,0.476,0.258,4.29,0.1,0.01,115,420,353,56,84,23,1,10,49,1,0,57,98,8,2,0,8,0,0.238,0.34,0.394,0.734,103,0.327,105,139,"7D9H",0,13225,176400,124609,3136,7056,529,1,100,2401,1,0,3249,9604,64,4,0,64,0,0.056644,0.1156,0.155236,0.538756,10609,0.106929,11025,19321,0
"Robbie Grossman","NH","2023","TEX","Texas Rangers",33.9,8,1918,2000000,2000000,1,1,"2023","2023",0,0,0,0,162,90,72,0,1,18,1,1,0,881,5595,1470,233,716,0.476,0.258,4.29,0.1,0.01,115,420,353,56,84,23,1,10,49,1,0,57,98,8,2,0,8,0,0.238,0.34,0.394,0.734,103,0.327,105,139,"7D9H",0,13225,176400,124609,3136,7056,529,1,100,2401,1,0,3249,9604,64,4,0,64,0,0.056644,0.1156,0.155236,0.538756,10609,0.106929,11025,19321,0
"Robbie Grossman","NH","2024","TEX","Texas Rangers",34.9,9,1919,1542571.2342037,1542571.2342037,1,1,"2024","2024",0,0,0,0,162,78,84,0,0,-6,0,0,1,683,5472,1302,176,738,0.476,0.258,4.29,-0.2,0.04,87,245,208,21,44,8,0,3,16,3,0,34,58,8,1,0,2,0,0.212,0.322,0.293,0.616,81,0.291,86,61,"DH79",0,7569,60025,43264,441,1936,64,0,9,256,9,0,1156,3364,64,1,0,4,0,0.044944,0.103684,0.085849,0.379456,6561,0.084681,7396,3721,0
"Robbie Ray","NH","2021","TOR","Toronto Blue Jays",29.8,6.007,1920,8000000,8000000,0,1,"2021","2021",3,1,1,0,162,91,71,0,0,20,0,0,0,846,5476,1455,262,663,0.496,0.261,4.23,-0.1,0.01,2,5,4,0,0,0,0,0,0,0,0,0,1,0,0,1,0,0,0,0,0,0,-100,0,-188,0,"1",0,4,25,16,0,0,0,0,0,0,0,0,0,1,0,0,1,0,0,0,0,0,0,10000,0,35344,0,0
"Roberto Hernandez",NA,"2013","TB","Tampa Bay Rays",32.9,0,1922,3250000,3250000,1,1,"2013","2013",0,0,0,0,163,92,71,0,1,21,0,0,0,700,5538,1421,165,646,0.461,0.258,4.53,-0.1,0.01,2,4,4,0,0,0,0,0,0,0,0,0,3,0,0,0,0,0,0,0,0,0,-100,0,-136,0,"1",0,4,16,16,0,0,0,0,0,0,0,0,0,9,0,0,0,0,0,0,0,0,0,10000,0,18496,0,0
"Roberto Hernandez",NA,"2015","HOU","Houston Astros",34.9,1,1923,2600000,2600000,1,1,"2015","2015",0,0,0,0,162,86,76,0,1,10,0,0,2,729,5459,1363,230,618,0.488,0.254,3.82,0,0,1,3,2,1,0,0,0,0,0,0,0,1,2,0,0,0,0,0,0,0.333,0,0.333,6,0.23,33,0,"1",0,1,9,4,1,0,0,0,0,0,0,0,1,4,0,0,0,0,0,0,0.110889,0,0.110889,36,0.0529,1089,0,0
"Robinson Chirinos","NH","2019","HOU","Houston Astros",35.2,6.102,1926,5750000,5750000,1,1,"2019","2019",0,0,0,0,162,107,55,1,1,52,1,0,0,920,5613,1538,288,640,0.496,0.255,3.81,3.8,14.44,114,437,366,57,87,22,1,17,58,1,2,51,125,11,13,2,5,1,0.238,0.347,0.443,0.79,105,0.351,114,162,"2/H",0,12996,190969,133956,3249,7569,484,1,289,3364,1,4,2601,15625,121,169,4,25,1,0.056644,0.120409,0.196249,0.6241,11025,0.123201,12996,26244,0
"Robinson Chirinos","NH","2020","TEX","Texas Rangers",36.2,7.102,1927,6750000,6750000,1,1,"2020","2020",0,0,0,0,60,22,38,0,0,-16,0,0,0,224,1936,420,62,312,0.477,0.259,4.28,-0.7,0.49,26,82,74,4,12,3,0,1,7,0,0,6,21,5,1,0,1,0,0.162,0.232,0.243,0.475,32,0.216,26,18,"2/DH",0,676,6724,5476,16,144,9,0,1,49,0,0,36,441,25,1,0,1,0,0.026244,0.053824,0.059049,0.225625,1024,0.046656,676,324,0
"Robinson Chirinos","NH","2021","CHC","Chicago Cubs",37.2,8.102,1928,1183156.3001569,1183156.3001569,1,1,"2021","2021",0,0,0,0,162,71,91,0,0,-20,0,0,0,705,5306,1255,210,839,0.513,0.262,3.69,0.2,0.04,45,112,97,13,22,5,1,5,15,0,0,9,36,2,5,1,0,0,0.227,0.324,0.454,0.778,108,0.336,106,44,"2H/4D",0,2025,12544,9409,169,484,25,1,25,225,0,0,81,1296,4,25,1,0,0,0.051529,0.104976,0.206116,0.605284,11664,0.112896,11236,1936,0
"Robinson Chirinos","NH","2022","BAL","Baltimore Orioles",38.2,9.102,1929,900000,900000,1,1,"2022","2022",0,0,0,0,162,83,79,0,0,4,0,0,0,674,5429,1281,171,688,0.473,0.258,4.05,0.1,0.01,67,220,195,10,35,9,0,4,22,1,0,19,67,4,4,1,1,0,0.179,0.265,0.287,0.552,60,0.269,68,56,"2/H",0,4489,48400,38025,100,1225,81,0,16,484,1,0,361,4489,16,16,1,1,0,0.032041,0.070225,0.082369,0.304704,3600,0.072361,4624,3136,0
"Rod Barajas","NH","2012","PIT","Pittsburgh Pirates",36.9,0,1930,4000000,4000000,1,1,"2012","2012",0,0,0,0,162,79,83,0,0,-4,0,0,0,651,5412,1313,170,674,0.503,0.265,3.72,-1,1,104,361,321,29,66,11,0,11,31,0,0,29,69,4,7,0,4,5,0.206,0.283,0.343,0.625,73,0.29,75,110,"2/H3",0,10816,130321,103041,841,4356,121,0,121,961,0,0,841,4761,16,49,0,16,25,0.042436,0.080089,0.117649,0.390625,5329,0.0841,5625,12100,0
"Ronald Torreyes","NH","2019","MIN","Minnesota Twins",26.9,2.139,1932,800000,800000,1,1,"2019","2019",0,0,0,0,162,101,61,1,1,40,0,0,0,939,5732,1547,307,754,0.481,0.263,3.99,-0.2,0.04,7,17,16,3,3,0,0,0,1,1,0,0,3,0,1,0,0,0,0.188,0.235,0.188,0.423,16,0.259,43,3,"/6457",0,49,289,256,9,9,0,0,0,1,1,0,0,9,0,1,0,0,0,0.035344,0.055225,0.035344,0.178929,256,0.067081,1849,9,0
"Ronald Torreyes","NH","2021","PHI","Philadelphia Phillies",28.9,3.006,1933,800000,800000,1,1,"2021","2021",0,0,0,0,162,82,80,0,0,2,0,0,0,734,5366,1288,198,745,0.472,0.261,3.99,0.2,0.04,111,344,318,30,77,10,1,7,41,2,1,19,41,7,1,5,1,2,0.242,0.286,0.346,0.632,71,0.281,66,110,"56H4/18",0,12321,118336,101124,900,5929,100,1,49,1681,4,1,361,1681,49,1,25,1,4,0.058564,0.081796,0.119716,0.399424,5041,0.078961,4356,12100,0
"Ronny Cedeno","NH","2012","NYM","New York Mets",29.5,0,1934,1150000,1150000,1,1,"2012","2012",0,0,0,0,162,74,88,0,0,-14,0,0,0,650,5450,1357,139,709,0.478,0.251,3.77,0.4,0.16,78,186,166,18,43,11,1,4,22,0,1,17,35,10,1,2,0,0,0.259,0.332,0.41,0.741,105,0.329,106,68,"46H/5",0,6084,34596,27556,324,1849,121,1,16,484,0,1,289,1225,100,1,4,0,0,0.067081,0.110224,0.1681,0.549081,11025,0.108241,11236,4624,0
"Ronny Cedeno","NH","2013","HOU","Houston Astros",30.5,1,1935,1150000,1150000,1,1,"2013","2013",0,0,0,0,162,51,111,0,0,-60,0,0,0,610,5457,1307,148,848,0.488,0.254,3.81,-0.7,0.49,89,288,264,24,64,8,3,3,21,5,4,14,73,6,3,6,1,1,0.242,0.287,0.33,0.617,75,0.276,69,87,"6/DH35",0,7921,82944,69696,576,4096,64,9,9,441,25,16,196,5329,36,9,36,1,1,0.058564,0.082369,0.1089,0.380689,5625,0.076176,4761,7569,0
"Ross Detwiler","NH","2015","ATL","Atlanta Braves",29.4,0,1936,507500,507500,1,1,"2015","2015",0,0,0,0,162,67,95,0,0,-28,0,0,1,573,5420,1361,100,760,0.501,0.26,3.64,0,0,24,1,1,0,0,0,0,0,0,0,0,0,1,0,0,0,0,0,0,0,0,0,-100,0,-136,0,"1",0,576,1,1,0,0,0,0,0,0,0,0,0,1,0,0,0,0,0,0,0,0,0,10000,0,18496,0,0
"Ross Detwiler","NH","2016","OAK","Oakland Athletics",30.4,1,1937,1000000,1000000,1,1,"2016","2016",0,0,0,0,162,69,93,0,0,-24,0,0,1,653,5500,1352,169,761,0.487,0.259,3.97,0,0,1,2,1,0,0,0,0,0,0,0,0,0,1,0,0,1,0,0,0,0,0,0,-100,0,-350,0,"/1",0,1,4,1,0,0,0,0,0,0,0,0,0,1,0,0,1,0,0,0,0,0,0,10000,0,122500,0,0
"Ross Detwiler","NH","2019","CHW","Chicago White Sox",33.4,2,1938,691688.341292727,691688.341292727,1,1,"2019","2019",0,0,0,0,161,72,89,0,0,-17,0,0,1,708,5529,1443,182,832,0.502,0.26,3.78,0,0,2,2,2,0,0,0,0,0,0,0,0,0,1,0,0,0,0,0,0,0,0,0,-100,0,-132,0,"1",0,4,4,4,0,0,0,0,0,0,0,0,0,1,0,0,0,0,0,0,0,0,0,10000,0,17424,0,0
"Ross Detwiler","NH","2021","MIA","Miami Marlins",35.4,3,1939,850000,850000,1,1,"2021","2021",0,0,0,0,162,67,95,0,0,-28,0,0,0,623,5348,1244,158,701,0.461,0.256,4.3,0,0,52,3,3,0,1,0,0,0,0,0,0,0,2,0,0,0,0,0,0.333,0.333,0.333,0.667,82,0.3,80,1,"1",0,2704,9,9,0,1,0,0,0,0,0,0,0,4,0,0,0,0,0,0.110889,0.110889,0.110889,0.444889,6724,0.09,6400,1,0
"Ross Ohlendorf","NH","2013","WSH","Washington Nationals",31,0,1940,687482.955954937,687482.955954937,1,1,"2013","2013",0,0,0,0,162,86,76,0,0,10,0,0,0,656,5436,1365,161,626,0.48,0.253,3.9,-0.2,0.04,15,19,15,0,0,0,0,0,1,0,0,1,11,1,0,3,0,0,0,0.063,0,0.063,-81,0.043,-155,0,"1",0,225,361,225,0,0,0,0,0,1,0,0,1,121,1,0,9,0,0,0,0.003969,0,0.003969,6561,0.001849,24025,0,0
"Ross Ohlendorf","NH","2015","TEX","Texas Rangers",33,1,1941,687225.311355765,687225.311355765,1,1,"2015","2015",0,0,0,0,162,88,74,1,1,14,0,0,0,751,5511,1419,172,733,0.477,0.26,4.24,0,0,1,0,0,0,0,0,0,0,0,0,0,0,0,0,0,0,0,0,0,0,0,0,0,0,0,0,"1",0,1,0,0,0,0,0,0,0,0,0,0,0,0,0,0,0,0,0,0,0,0,0,0,0,0,0,0
"Ross Ohlendorf","NH","2016","CIN","Cincinnati Reds",34,2,1942,1059881.58415522,1059881.58415522,1,1,"2016","2016",0,0,0,0,162,68,94,0,0,-26,0,0,1,716,5487,1403,164,854,0.507,0.262,3.72,0,0,62,0,0,0,0,0,0,0,0,0,0,0,0,0,0,0,0,0,0,0,0,0,0,0,0,0,"1",0,3844,0,0,0,0,0,0,0,0,0,0,0,0,0,0,0,0,0,0,0,0,0,0,0,0,0,0
"Roy Oswalt","NH","2013","COL","Colorado Rockies",35.9,1,1944,2300000,2300000,1,1,"2013","2013",0,0,0,0,162,74,88,0,0,-14,0,0,0,706,5599,1511,159,760,0.472,0.276,5,0.1,0.01,8,7,6,0,2,0,0,0,0,0,0,0,2,0,0,1,0,0,0.333,0.333,0.333,0.667,74,0.302,61,2,"/1",0,64,49,36,0,4,0,0,0,0,0,0,0,4,0,0,1,0,0,0.110889,0.110889,0.110889,0.444889,5476,0.091204,3721,4,0
"Ruben Tejada","NH","2016","STL","St Louis Cardinals",26.8,4.171,1945,1500000,1500000,1,1,"2016","2016",0,0,0,0,162,86,76,0,0,10,0,0,0,779,5548,1415,225,712,0.52,0.267,3.67,-0.4,0.16,36,78,66,9,11,5,0,0,5,0,0,7,13,1,1,1,3,0,0.167,0.247,0.242,0.489,33,0.223,22,16,"5/H641",0,1296,6084,4356,81,121,25,0,0,25,0,0,49,169,1,1,1,9,0,0.027889,0.061009,0.058564,0.239121,1089,0.049729,484,256,0
"Ruben Tejada","NH","2019","NYM","New York Mets",29.8,5.162,1946,750000,750000,1,1,"2019","2019",0,0,0,0,162,86,76,0,0,10,0,0,0,791,5624,1445,242,737,0.481,0.25,3.79,-0.2,0.04,6,9,9,1,0,0,0,0,0,0,0,0,3,0,0,0,0,0,0,0,0,0,-100,0,-133,0,"/456H",0,36,81,81,1,0,0,0,0,0,0,0,0,9,0,0,0,0,0,0,0,0,0,10000,0,17689,0,0
"Russell Martin","NH","2013","PIT","Pittsburgh Pirates",30.5,2.15,1947,17000000,8500000,1,2,"2013","2014",2,1,0,0,162,94,68,0,1,26,0,0,2,636,5468,1339,161,583,0.503,0.265,3.71,4.1,16.81,127,506,438,51,99,21,0,15,55,9,5,58,108,13,8,1,1,2,0.226,0.327,0.377,0.703,100,0.323,104,165,"2/H59D",0,16129,256036,191844,2601,9801,441,0,225,3025,81,25,3364,11664,169,64,1,1,4,0.051076,0.106929,0.142129,0.494209,10000,0.104329,10816,27225,0
"Russell Martin","NH","2014","PIT","Pittsburgh Pirates",31.5,3.15,1947,17000000,8500000,1,2,"2013","2014",2,1,0,0,159,88,74,0,1,14,0,0,0,682,5536,1437,156,631,0.504,0.265,3.71,5.7,32.49,111,460,379,45,110,20,0,11,67,4,4,59,78,16,15,2,5,5,0.29,0.402,0.43,0.832,135,0.382,147,163,"2/HD",0,12321,211600,143641,2025,12100,400,0,121,4489,16,16,3481,6084,256,225,4,25,25,0.0841,0.161604,0.1849,0.692224,18225,0.145924,21609,26569,0
"Russell Martin","NH","2015","TOR","Toronto Blue Jays",32.5,4.15,1948,82000000,16400000,1,5,"2015","2019",2,1,0,0,162,93,69,1,1,24,0,0,0,891,5509,1480,232,670,0.497,0.262,4.22,3,9,129,507,441,76,106,23,2,23,77,4,5,53,106,22,8,0,5,1,0.24,0.329,0.458,0.787,112,0.347,116,202,"2/HD4",0,16641,257049,194481,5776,11236,529,4,529,5929,16,25,2809,11236,484,64,0,25,1,0.0576,0.108241,0.209764,0.619369,12544,0.120409,13456,40804,0
"Russell Martin","NH","2016","TOR","Toronto Blue Jays",33.5,5.15,1948,82000000,16400000,1,5,"2015","2019",0,0,0,0,162,89,73,0,1,16,0,0,0,759,5479,1358,221,666,0.498,0.262,4.2,2.1,4.41,137,535,455,62,105,16,0,20,74,2,1,64,148,12,10,1,5,1,0.231,0.335,0.398,0.733,96,0.325,96,181,"2H/D45",0,18769,286225,207025,3844,11025,256,0,400,5476,4,1,4096,21904,144,100,1,25,1,0.053361,0.112225,0.158404,0.537289,9216,0.105625,9216,32761,0
"Russell Martin","NH","2017","TOR","Toronto Blue Jays",34.5,6.15,1948,82000000,16400000,1,5,"2015","2019",0,0,0,0,162,76,86,0,0,-10,0,0,1,693,5499,1320,222,784,0.498,0.261,4.21,1.8,3.24,91,365,307,49,68,12,0,13,35,1,2,50,83,13,7,1,0,0,0.221,0.343,0.388,0.731,95,0.328,99,119,"25/H",0,8281,133225,94249,2401,4624,144,0,169,1225,1,4,2500,6889,169,49,1,0,0,0.048841,0.117649,0.150544,0.534361,9025,0.107584,9801,14161,0
"Russell Martin","NH","2018","TOR","Toronto Blue Jays",35.5,7.15,1948,82000000,16400000,1,5,"2015","2019",0,0,0,0,162,73,89,0,0,-16,0,0,0,709,5477,1336,217,832,0.496,0.261,4.23,1.3,1.69,90,352,289,37,56,8,0,10,25,0,3,56,82,7,7,0,0,0,0.194,0.338,0.325,0.663,86,0.313,97,94,"25/67",0,8100,123904,83521,1369,3136,64,0,100,625,0,9,3136,6724,49,49,0,0,0,0.037636,0.114244,0.105625,0.439569,7396,0.097969,9409,8836,0
"Russell Martin","NH","2019","LAD","Los Angeles Dodgers",36.5,8.15,1948,82000000,16400000,1,5,"2015","2019",0,0,0,0,162,106,56,1,1,50,0,0,0,886,5493,1414,279,613,0.528,0.262,3.53,0.6,0.36,83,249,209,29,46,5,0,6,20,1,0,30,60,1,8,0,2,3,0.22,0.337,0.33,0.667,78,0.311,85,69,"2H/51",0,6889,62001,43681,841,2116,25,0,36,400,1,0,900,3600,1,64,0,4,9,0.0484,0.113569,0.1089,0.444889,6084,0.096721,7225,4761,0
"Ryan Brasier","NH","2018","BOS","Boston Red Sox",31,0,1951,694114.573020403,694114.573020403,1,1,"2018","2018",0,0,0,0,162,108,54,1,1,54,1,1,0,876,5623,1509,208,647,0.519,0.267,3.9,0,0,3,0,0,0,0,0,0,0,0,0,0,0,0,0,0,0,0,0,0,0,0,0,0,0,0,0,"1",0,9,0,0,0,0,0,0,0,0,0,0,0,0,0,0,0,0,0,0,0,0,0,0,0,0,0,0
"Ryan Brasier","NH","2020","BOS","Boston Red Sox",33,1,1952,716257.212553186,716257.212553186,0,1,"2020","2020",0,0,0,0,60,24,36,0,0,-12,0,0,0,292,2083,552,81,351,0.518,0.267,3.91,0,0,1,0,0,0,0,0,0,0,0,0,0,0,0,0,0,0,0,0,0,0,0,0,0,0,0,0,"1",0,1,0,0,0,0,0,0,0,0,0,0,0,0,0,0,0,0,0,0,0,0,0,0,0,0,0,0
"Ryan Brasier","NH","2021","BOS","Boston Red Sox",34,2,1953,1478945.37519612,1478945.37519612,0,1,"2021","2021",0,0,0,0,162,92,70,0,1,22,0,0,0,829,5495,1434,219,749,0.519,0.267,3.91,0,0,2,0,0,0,0,0,0,0,0,0,0,0,0,0,0,0,0,0,0,0,0,0,0,0,0,0,"1",0,4,0,0,0,0,0,0,0,0,0,0,0,0,0,0,0,0,0,0,0,0,0,0,0,0,0,0
"Ryan Brasier","NH","2023","LAD","Los Angeles Dodgers",36,4,1955,765889.986737186,765889.986737186,1,1,"2023","2023",0,0,0,0,162,100,62,1,1,38,0,0,0,906,5524,1422,249,699,0.531,0.261,3.52,0,0,1,0,0,0,0,0,0,0,0,0,0,0,0,0,0,0,0,0,0,0,0,0,0,0,0,0,"1",0,1,0,0,0,0,0,0,0,0,0,0,0,0,0,0,0,0,0,0,0,0,0,0,0,0,0,0
"Ryan Buchter","NH","2016","SD","San Diego Padres",29.5,0,1957,520000,520000,1,1,"2016","2016",0,0,0,0,162,68,94,0,0,-26,0,0,1,686,5419,1275,177,770,0.463,0.25,3.93,0,0,64,0,0,0,0,0,0,0,0,0,0,0,0,0,0,0,0,0,0,0,0,0,0,0,0,0,"1",0,4096,0,0,0,0,0,0,0,0,0,0,0,0,0,0,0,0,0,0,0,0,0,0,0,0,0,0
"Ryan Buchter","NH","2018","OAK","Oakland Athletics",31.5,1,1958,706850.620231786,706850.620231786,1,1,"2018","2018",0,0,0,0,162,97,65,0,1,32,0,0,0,813,5579,1407,227,674,0.488,0.259,3.98,0,0,2,0,0,0,0,0,0,0,0,0,0,0,0,0,0,0,0,0,0,0,0,0,0,0,0,0,"1",0,4,0,0,0,0,0,0,0,0,0,0,0,0,0,0,0,0,0,0,0,0,0,0,0,0,0,0
"Ryan Buchter","NH","2019","OAK","Oakland Athletics",32.5,2,1959,1744799.41947715,1744799.41947715,0,1,"2019","2019",0,0,0,0,162,97,65,0,1,32,0,0,1,845,5561,1384,257,680,0.489,0.259,3.98,0,0,4,0,0,0,0,0,0,0,0,0,0,0,0,0,0,0,0,0,0,0,0,0,0,0,0,0,"1",0,16,0,0,0,0,0,0,0,0,0,0,0,0,0,0,0,0,0,0,0,0,0,0,0,0,0,0
"Ryan Buchter","NH","2021","ARI","Arizona Diamondbacks",34.5,3,1960,925000,925000,1,1,"2021","2021",0,0,0,0,162,52,110,0,0,-58,0,0,0,679,5489,1297,144,893,0.486,0.256,4.26,0,0,17,0,0,0,0,0,0,0,0,0,0,0,0,0,0,0,0,0,0,0,0,0,0,0,0,0,"1",0,289,0,0,0,0,0,0,0,0,0,0,0,0,0,0,0,0,0,0,0,0,0,0,0,0,0,0
"Ryan Flaherty","NH","2018","ATL","Atlanta Braves",32,6,1963,1325000,1325000,1,1,"2018","2018",0,0,0,0,162,90,72,1,1,18,0,0,1,759,5582,1433,175,657,0.5,0.26,3.66,-1,1,81,182,161,17,35,6,0,2,13,4,2,18,41,5,1,1,1,4,0.217,0.298,0.292,0.59,61,0.257,44,47,"5H/34",0,6561,33124,25921,289,1225,36,0,4,169,16,4,324,1681,25,1,1,1,16,0.047089,0.088804,0.085264,0.3481,3721,0.066049,1936,2209,0
"Ryan Flaherty","NH","2019","CLE","Cleveland Guardians",33,7,1964,1000000,1000000,1,1,"2019","2019",0,0,0,0,162,93,69,0,0,24,0,0,1,769,5425,1354,223,657,0.512,0.266,3.83,-0.2,0.04,14,22,21,4,3,2,0,0,1,0,0,0,7,1,0,1,0,0,0.143,0.143,0.238,0.381,-3,0.158,-30,5,"5/4H",0,196,484,441,16,9,4,0,0,1,0,0,0,49,1,0,1,0,0,0.020449,0.020449,0.056644,0.145161,9,0.024964,900,25,0
"Ryan Ludwick","NH","2012","CIN","Cincinnati Reds",34,0,1965,3000000,3000000,1,1,"2012","2012",0,0,0,0,162,97,65,1,1,32,0,0,1,669,5477,1377,172,588,0.508,0.262,3.72,2.3,5.29,125,472,422,53,116,28,1,26,80,0,1,42,97,9,5,1,2,3,0.275,0.346,0.531,0.877,130,0.378,132,224,"7H/D",0,15625,222784,178084,2809,13456,784,1,676,6400,0,1,1764,9409,81,25,1,4,9,0.075625,0.119716,0.281961,0.769129,16900,0.142884,17424,50176,0
"Ryan Ludwick","NH","2013","CIN","Cincinnati Reds",35,1,1966,15000000,7500000,0,2,"2013","2014",0,0,0,0,162,90,72,0,1,18,0,0,0,707,5499,1370,155,598,0.509,0.262,3.71,-0.9,0.81,38,140,129,7,31,5,0,2,12,0,0,10,29,7,0,0,1,0,0.24,0.293,0.326,0.618,71,0.279,64,42,"7/HD",0,1444,19600,16641,49,961,25,0,4,144,0,0,100,841,49,0,0,1,0,0.0576,0.085849,0.106276,0.381924,5041,0.077841,4096,1764,0
"Ryan Ludwick","NH","2014","CIN","Cincinnati Reds",36,2,1966,15000000,7500000,0,2,"2013","2014",0,0,0,0,159,76,86,0,0,-10,0,0,0,595,5395,1282,131,612,0.508,0.262,3.71,-0.6,0.36,112,400,357,28,87,20,0,9,45,0,2,31,94,6,4,1,4,1,0.244,0.308,0.375,0.683,91,0.316,96,134,"7H/D",0,12544,160000,127449,784,7569,400,0,81,2025,0,4,961,8836,36,16,1,16,1,0.059536,0.094864,0.140625,0.466489,8281,0.099856,9216,17956,0
"Ryan Madson","NH","2015","KC","Kansas City Royals",34.9,1,1969,1151017.76286187,1151017.76286187,1,1,"2015","2015",0,0,0,0,162,95,67,1,1,28,1,1,0,724,5575,1497,139,641,0.485,0.265,4.19,0,0,7,0,0,0,0,0,0,0,0,0,0,0,0,0,0,0,0,0,0,0,0,0,0,0,0,0,"1",0,49,0,0,0,0,0,0,0,0,0,0,0,0,0,0,0,0,0,0,0,0,0,0,0,0,0,0
"Ryan Madson","NH","2016","OAK","Oakland Athletics",35.9,2,1970,22000000,7333333.33333333,1,3,"2016","2018",0,0,0,0,162,69,93,0,0,-24,0,0,1,653,5500,1352,169,761,0.487,0.259,3.97,0,0,8,1,1,0,0,0,0,0,0,0,0,0,1,0,0,0,0,0,0,0,0,0,-100,0,-125,0,"1",0,64,1,1,0,0,0,0,0,0,0,0,0,1,0,0,0,0,0,0,0,0,0,10000,0,15625,0,0
"Ryan Madson","NH","2017","WSH","Washington Nationals",36.9,3,1970,22000000,7333333.33333333,1,3,"2016","2018",0,0,0,0,162,97,65,1,1,32,0,0,2,819,5553,1477,215,672,0.487,0.254,3.87,0,0,19,0,0,0,0,0,0,0,0,0,0,0,0,0,0,0,0,0,0,0,0,0,0,0,0,0,"1",0,361,0,0,0,0,0,0,0,0,0,0,0,0,0,0,0,0,0,0,0,0,0,0,0,0,0,0
"Ryan Madson","NH","2017","WSH","Washington Nationals",36.9,5,1971,28618870.6779977,9539623.55933256,1,3,"2017","2019",0,0,0,0,162,97,65,1,1,32,0,0,2,819,5553,1477,215,672,0.487,0.254,3.87,0,0,19,0,0,0,0,0,0,0,0,0,0,0,0,0,0,0,0,0,0,0,0,0,0,0,0,0,"1",0,361,0,0,0,0,0,0,0,0,0,0,0,0,0,0,0,0,0,0,0,0,0,0,0,0,0,0
"Ryan Madson","NH","2018","WSH","Washington Nationals",37.9,4,1970,22000000,7333333.33333333,1,3,"2016","2018",0,0,0,0,162,82,80,0,0,2,0,0,1,771,5517,1402,191,682,0.488,0.254,3.87,0,0,56,0,0,0,0,0,0,0,0,0,0,0,0,0,0,0,0,0,0,0,0,0,0,0,0,0,"1",0,3136,0,0,0,0,0,0,0,0,0,0,0,0,0,0,0,0,0,0,0,0,0,0,0,0,0,0
"Ryan Madson","NH","2018","WSH","Washington Nationals",37.9,6,1971,28618870.6779977,9539623.55933256,1,3,"2017","2019",0,0,0,0,162,82,80,0,0,2,0,0,1,771,5517,1402,191,682,0.488,0.254,3.87,0,0,56,0,0,0,0,0,0,0,0,0,0,0,0,0,0,0,0,0,0,0,0,0,0,0,0,0,"1",0,3136,0,0,0,0,0,0,0,0,0,0,0,0,0,0,0,0,0,0,0,0,0,0,0,0,0,0
"Ryan Madson","NH","2018","WSH","Washington Nationals",37.9,8,1972,28019303.8650438,9339767.95501459,1,3,"2018","2020",0,0,0,0,162,82,80,0,0,2,0,0,1,771,5517,1402,191,682,0.488,0.254,3.87,0,0,56,0,0,0,0,0,0,0,0,0,0,0,0,0,0,0,0,0,0,0,0,0,0,0,0,0,"1",0,3136,0,0,0,0,0,0,0,0,0,0,0,0,0,0,0,0,0,0,0,0,0,0,0,0,0,0
"Ryan Raburn","NH","2013","CLE","Cleveland Guardians",32.3,0,1973,1000000,1000000,1,1,"2013","2013",0,0,0,0,162,92,70,0,1,22,0,0,0,743,5466,1381,171,685,0.509,0.266,3.84,2.4,5.76,86,277,243,40,66,18,0,16,55,0,0,29,67,4,4,0,1,0,0.272,0.357,0.543,0.901,151,0.393,156,132,"9D7H/41",0,7396,76729,59049,1600,4356,324,0,256,3025,0,0,841,4489,16,16,0,1,0,0.073984,0.127449,0.294849,0.811801,22801,0.154449,24336,17424,0
"Ryan Raburn","NH","2016","COL","Colorado Rockies",35.3,1,1974,1500000,1500000,0,1,"2016","2016",0,0,0,0,162,75,87,0,0,-12,0,0,0,845,5614,1544,204,860,0.466,0.275,4.99,-0.6,0.36,113,256,223,30,49,10,2,9,30,0,0,28,80,6,2,0,3,0,0.22,0.309,0.404,0.712,77,0.313,71,90,"H7/D39",0,12769,65536,49729,900,2401,100,4,81,900,0,0,784,6400,36,4,0,9,0,0.0484,0.095481,0.163216,0.506944,5929,0.097969,5041,8100,0
"Ryan Raburn","NH","2017","WSH","Washington Nationals",36.3,2,1975,695958.90057858,695958.90057858,1,1,"2017","2017",0,0,0,0,162,97,65,1,1,32,0,0,2,819,5553,1477,215,672,0.487,0.254,3.87,0,0,25,69,65,7,17,1,2,2,6,0,1,4,25,1,0,0,0,0,0.262,0.304,0.431,0.735,87,0.305,79,28,"7/H",0,625,4761,4225,49,289,1,4,4,36,0,1,16,625,1,0,0,0,0,0.068644,0.092416,0.185761,0.540225,7569,0.093025,6241,784,0
"Ryan Tepera","NH","2021","CHC","Chicago Cubs",33.8,5.008,1977,800000,800000,0,1,"2021","2021",0,0,0,0,162,71,91,0,0,-20,0,0,0,705,5306,1255,210,839,0.513,0.262,3.69,0,0,43,0,0,0,0,0,0,0,0,0,0,0,0,0,0,0,0,0,0,0,0,0,0,0,0,0,"1",0,1849,0,0,0,0,0,0,0,0,0,0,0,0,0,0,0,0,0,0,0,0,0,0,0,0,0,0
"Ryan Vogelsong","NH","2014","SF","San Francisco Giants",37.1,0,1979,5000000,5000000,0,1,"2014","2014",0,0,0,0,156,88,74,0,1,14,1,1,0,665,5523,1407,132,614,0.538,0.264,3.56,-0.1,0.01,31,66,61,3,7,2,0,0,2,0,0,2,20,1,1,2,0,0,0.115,0.156,0.148,0.304,-12,0.141,-36,9,"1",0,961,4356,3721,9,49,4,0,0,4,0,0,4,400,1,1,4,0,0,0.013225,0.024336,0.021904,0.092416,144,0.019881,1296,81,0
"Ryan Vogelsong","NH","2015","SF","San Francisco Giants",38.1,1,1980,4000000,4000000,0,1,"2015","2015",0,0,0,0,162,84,78,0,0,6,0,0,1,696,5565,1486,136,627,0.538,0.264,3.56,0,0,30,45,36,3,5,1,0,1,2,0,0,1,13,0,0,8,0,0,0.139,0.162,0.25,0.412,12,0.179,-32,9,"1",0,900,2025,1296,9,25,1,0,1,4,0,0,1,169,0,0,64,0,0,0.019321,0.026244,0.0625,0.169744,144,0.032041,1024,81,0
"Ryan Vogelsong","NH","2016","PIT","Pittsburgh Pirates",39.1,2,1981,2000000,2000000,1,1,"2016","2016",0,0,0,0,162,78,83,0,0,-5,0,0,0,729,5542,1426,153,758,0.504,0.265,3.71,-0.1,0.01,24,23,19,1,1,0,0,0,1,0,0,1,13,0,1,2,0,0,0.053,0.143,0.053,0.195,-44,0.111,-75,1,"1",0,576,529,361,1,1,0,0,0,1,0,0,1,169,0,1,4,0,0,0.002809,0.020449,0.002809,0.038025,1936,0.012321,5625,1,0
"Ryan Webb","NH","2014","BAL","Baltimore Orioles",28.5,0,1982,4500000,2250000,1,2,"2014","2015",0,0,0,0,162,96,66,1,1,30,0,0,0,705,5596,1434,211,593,0.476,0.259,4,0,0,4,0,0,0,0,0,0,0,0,0,0,0,0,0,0,0,0,0,0,0,0,0,0,0,0,0,"1",0,16,0,0,0,0,0,0,0,0,0,0,0,0,0,0,0,0,0,0,0,0,0,0,0,0,0,0
"Ryan Webb","NH","2015","CLE","Cleveland Guardians",29.5,1,1982,4500000,2250000,1,2,"2014","2015",0,0,0,0,161,81,80,0,0,1,0,0,0,669,5439,1395,141,640,0.509,0.266,3.84,0,0,4,0,0,0,0,0,0,0,0,0,0,0,0,0,0,0,0,0,0,0,0,0,0,0,0,0,"1",0,16,0,0,0,0,0,0,0,0,0,0,0,0,0,0,0,0,0,0,0,0,0,0,0,0,0,0
"Ryan Yarbrough","NH","2023","LAD","Los Angeles Dodgers",31.6,0,1987,3000000,3000000,1,1,"2023","2023",0,0,0,0,162,100,62,1,1,38,0,0,0,906,5524,1422,249,699,0.531,0.261,3.52,0,0,1,0,0,0,0,0,0,0,0,0,0,0,0,0,0,0,0,0,0,0,0,0,0,0,0,0,"1",0,1,0,0,0,0,0,0,0,0,0,0,0,0,0,0,0,0,0,0,0,0,0,0,0,0,0,0
"Ryan Zimmerman","NH","2021","WSH","Washington Nationals",36.8,14.032,1990,1000000,1000000,0,1,"2021","2021",0,0,0,0,162,65,97,0,0,-32,0,0,0,724,5385,1388,182,820,0.487,0.254,3.9,1.1,1.21,110,273,255,27,62,16,0,14,46,0,0,16,77,9,0,0,2,0,0.243,0.286,0.471,0.756,104,0.33,106,120,"H3/D",0,12100,74529,65025,729,3844,256,0,196,2116,0,0,256,5929,81,0,0,4,0,0.059049,0.081796,0.221841,0.571536,10816,0.1089,11236,14400,0
"Ryne Stanek","NH","2021","HOU","Houston Astros",30.1,0,1991,1100000,1100000,1,1,"2021","2021",0,0,0,0,162,95,67,1,1,28,1,0,0,863,5593,1496,221,658,0.498,0.255,3.81,0,0,6,0,0,0,0,0,0,0,0,0,0,0,0,0,0,0,0,0,0,0,0,0,0,0,0,0,"1",0,36,0,0,0,0,0,0,0,0,0,0,0,0,0,0,0,0,0,0,0,0,0,0,0,0,0,0
"Ryne Stanek","NH","2023","HOU","Houston Astros",32.1,1,1992,3829449.93368593,3829449.93368593,0,1,"2023","2023",0,0,0,0,162,90,72,1,1,18,0,0,0,827,5567,1441,222,698,0.501,0.255,3.8,0,0,2,0,0,0,0,0,0,0,0,0,0,0,0,0,0,0,0,0,0,0,0,0,0,0,0,0,"1",0,4,0,0,0,0,0,0,0,0,0,0,0,0,0,0,0,0,0,0,0,0,0,0,0,0,0,0
"Ryne Stanek","NH","2024","SEA","Seattle Mariners",33.1,2,1993,4000000,4000000,1,1,"2024","2024",0,0,0,0,162,85,77,0,0,8,0,0,1,676,5330,1195,185,607,0.477,0.257,4.29,0,0,1,0,0,0,0,0,0,0,0,0,0,0,0,0,0,0,0,0,0,0,0,0,0,0,0,0,"1",0,1,0,0,0,0,0,0,0,0,0,0,0,0,0,0,0,0,0,0,0,0,0,0,0,0,0,0
"Ryne Stanek","NH","2025","NYM","New York Mets",34.1,3,1994,4500000,4500000,0,1,"2025","2025",0,0,0,0,162,83,79,0,0,4,0,0,1,766,5457,1359,224,715,0.484,0.25,3.81,0,0,1,0,0,0,0,0,0,0,0,0,0,0,0,0,0,0,0,0,0,0,0,0,0,0,0,0,"1",0,1,0,0,0,0,0,0,0,0,0,0,0,0,0,0,0,0,0,0,0,0,0,0,0,0,0,0
"Sam Fuld","NH","2014","OAK","Oakland Athletics",32.8,0,1995,800000,800000,1,1,"2014","2014",0,0,0,0,162,88,74,0,1,14,0,0,2,729,5545,1354,146,572,0.488,0.259,3.97,1.7,2.89,113,402,351,40,84,16,4,4,36,21,4,43,63,2,0,6,2,2,0.239,0.321,0.342,0.663,89,0.312,88,120,"879H",0,12769,161604,123201,1600,7056,256,16,16,1296,441,16,1849,3969,4,0,36,4,4,0.057121,0.103041,0.116964,0.439569,7921,0.097344,7744,14400,0
"Scott Atchison","NH","2013","NYM","New York Mets",37.3,0,2002,700000,700000,1,1,"2013","2013",0,0,0,0,162,74,88,0,0,-14,0,0,0,619,5559,1318,130,684,0.478,0.251,3.77,0,0,48,0,0,0,0,0,0,0,0,0,0,0,0,0,0,0,0,0,0,0,0,0,0,0,0,0,"1",0,2304,0,0,0,0,0,0,0,0,0,0,0,0,0,0,0,0,0,0,0,0,0,0,0,0,0,0
"Scott Atchison","NH","2014","CLE","Cleveland Guardians",38.3,1,2003,800000,800000,1,1,"2014","2014",0,0,0,0,162,85,77,0,0,8,0,0,0,669,5575,1411,142,653,0.509,0.266,3.84,0,0,7,0,0,0,0,0,0,0,0,0,0,0,0,0,0,0,0,0,0,0,0,0,0,0,0,0,"1",0,49,0,0,0,0,0,0,0,0,0,0,0,0,0,0,0,0,0,0,0,0,0,0,0,0,0,0
"Scott Baker","NH","2013","CHC","Chicago Cubs",31.9,6.128,2004,5500000,5500000,1,1,"2013","2013",0,0,0,0,162,66,96,0,0,-30,0,0,1,612,5496,1307,172,695,0.511,0.263,3.68,-0.1,0.01,3,4,3,0,0,0,0,0,0,0,0,0,2,0,0,1,0,0,0,0,0,0,-100,0,-229,0,"/1",0,9,16,9,0,0,0,0,0,0,0,0,0,4,0,0,1,0,0,0,0,0,0,10000,0,52441,0,0
"Scott Baker","NH","2014","TEX","Texas Rangers",32.9,7.128,2005,1000000,1000000,1,1,"2014","2014",0,0,0,0,162,67,95,0,0,-28,0,0,0,637,5460,1400,111,773,0.476,0.26,4.24,0,0,1,1,1,0,0,0,0,0,0,0,0,0,1,0,0,0,0,0,0,0,0,0,-100,0,-136,0,"1",0,1,1,1,0,0,0,0,0,0,0,0,0,1,0,0,0,0,0,0,0,0,0,10000,0,18496,0,0
"Scott Baker","NH","2015","LAD","Los Angeles Dodgers",33.9,8.099,2006,1500000,1500000,1,1,"2015","2015",0,0,0,0,162,92,70,1,1,22,0,0,1,667,5385,1346,187,595,0.525,0.262,3.53,0,0,2,4,3,0,0,0,0,0,0,0,0,0,1,0,0,1,0,0,0,0,0,0,-100,0,-209,0,"/1",0,4,16,9,0,0,0,0,0,0,0,0,0,1,0,0,1,0,0,0,0,0,0,10000,0,43681,0,0
"Scott Downs","NH","2014","CHW","Chicago White Sox",38.4,1.121,2009,4000000,4000000,1,1,"2014","2014",0,0,0,0,162,73,89,0,0,-16,0,0,1,660,5543,1400,155,758,0.505,0.261,3.75,0,0,5,0,0,0,0,0,0,0,0,0,0,0,0,0,0,0,0,0,0,0,0,0,0,0,0,0,"1",0,25,0,0,0,0,0,0,0,0,0,0,0,0,0,0,0,0,0,0,0,0,0,0,0,0,0,0
"Scott Feldman","NH","2013","CHC","Chicago Cubs",30.5,0.090999999999999,2011,6000000,6000000,1,1,"2013","2013",0,0,0,0,162,66,96,0,0,-30,0,0,1,612,5496,1307,172,695,0.511,0.263,3.68,0.2,0.04,16,38,37,2,6,2,0,1,8,0,0,0,13,0,0,1,0,0,0.162,0.162,0.297,0.459,23,0.2,1,11,"1/H",0,256,1444,1369,4,36,4,0,1,64,0,0,0,169,0,0,1,0,0,0.026244,0.026244,0.088209,0.210681,529,0.04,1,121,0
"Scott Feldman","NH","2014","HOU","Houston Astros",31.5,1.091,2012,30000000,10000000,1,3,"2014","2016",0,0,0,0,162,70,92,0,0,-22,0,0,0,629,5447,1317,163,723,0.487,0.254,3.82,0,0,1,2,2,0,0,0,0,0,0,0,0,0,2,0,0,0,0,0,0,0,0,0,-100,0,-138,0,"1",0,1,4,4,0,0,0,0,0,0,0,0,0,4,0,0,0,0,0,0,0,0,0,10000,0,19044,0,0
"Scott Feldman","NH","2015","HOU","Houston Astros",32.5,2.091,2012,30000000,10000000,1,3,"2014","2016",0,0,0,0,162,86,76,0,1,10,0,0,2,729,5459,1363,230,618,0.488,0.254,3.82,0.1,0.01,1,2,2,0,1,0,0,0,0,0,0,0,1,0,0,0,0,0,0.5,0.5,0.5,1,182,0.448,195,1,"1",0,1,4,4,0,1,0,0,0,0,0,0,0,1,0,0,0,0,0,0.25,0.25,0.25,1,33124,0.200704,38025,1,0
"Scott Feldman","NH","2016","HOU","Houston Astros",33.5,3.091,2012,30000000,10000000,1,3,"2014","2016",0,0,0,0,162,84,78,0,0,6,0,0,0,724,5545,1367,198,701,0.489,0.254,3.82,0,0,2,2,2,0,0,0,0,0,0,0,0,0,2,0,0,0,0,0,0,0,0,0,-100,0,-135,0,"1",0,4,4,4,0,0,0,0,0,0,0,0,0,4,0,0,0,0,0,0,0,0,0,10000,0,18225,0,0
"Scott Feldman","NH","2017","CIN","Cincinnati Reds",34.5,4.091,2013,2300000,2300000,1,1,"2017","2017",0,0,0,0,165,68,94,0,0,-26,0,0,0,753,5484,1390,219,869,0.506,0.261,3.74,-0.4,0.16,20,38,34,0,1,0,0,0,0,0,0,0,16,0,0,4,0,0,0.029,0.029,0.029,0.059,-85,0.026,-150,1,"1",0,400,1444,1156,0,1,0,0,0,0,0,0,0,256,0,0,16,0,0,0.000841,0.000841,0.000841,0.003481,7225,0.000676,22500,1,0
"Scott Hairston","NH","2012","NYM","New York Mets",32.2,0,2014,1100000,1100000,0,1,"2012","2012",0,0,0,0,162,74,88,0,0,-14,0,0,0,650,5450,1357,139,709,0.478,0.251,3.77,1.7,2.89,134,398,377,52,99,25,3,20,57,8,2,19,83,10,1,0,1,0,0.263,0.299,0.504,0.803,118,0.365,128,190,"79H8",0,17956,158404,142129,2704,9801,625,9,400,3249,64,4,361,6889,100,1,0,1,0,0.069169,0.089401,0.254016,0.644809,13924,0.133225,16384,36100,0
"Scott Hairston","NH","2013","CHC","Chicago Cubs",33.2,1,2015,5000000,2500000,1,2,"2013","2014",0,0,0,0,162,66,96,0,0,-30,0,0,1,612,5496,1307,172,695,0.511,0.263,3.68,-0.7,0.49,85,174,157,18,30,5,0,10,26,2,0,9,44,3,2,1,5,0,0.191,0.237,0.414,0.651,75,0.294,71,65,"H97/D",0,7225,30276,24649,324,900,25,0,100,676,4,0,81,1936,9,4,1,25,0,0.036481,0.056169,0.171396,0.423801,5625,0.086436,5041,4225,0
"Scott Hairston","NH","2014","WSH","Washington Nationals",34.2,2,2015,5000000,2500000,1,2,"2013","2014",0,0,0,0,162,96,66,1,1,30,0,0,0,686,5542,1403,152,555,0.482,0.253,3.88,-0.7,0.49,61,87,77,6,16,4,0,1,8,0,0,4,26,2,2,0,4,0,0.208,0.253,0.299,0.552,52,0.243,36,23,"H7/9D",0,3721,7569,5929,36,256,16,0,1,64,0,0,16,676,4,4,0,16,0,0.043264,0.064009,0.089401,0.304704,2704,0.059049,1296,529,0
"Scott Kazmir","NH","2014","OAK","Oakland Athletics",30.6,0,2016,22000000,11000000,1,2,"2014","2015",1,0,0,0,162,88,74,0,1,14,0,0,2,729,5545,1354,146,572,0.488,0.259,3.97,-0.1,0.01,2,4,4,0,0,0,0,0,0,0,0,0,1,0,0,0,0,0,0,0,0,0,-100,0,-138,0,"1",0,4,16,16,0,0,0,0,0,0,0,0,0,1,0,0,0,0,0,0,0,0,0,10000,0,19044,0,0
"Scott Kazmir","NH","2015","OAK","Oakland Athletics",31.6,1,2016,22000000,11000000,1,2,"2014","2015",0,0,0,0,162,68,94,0,0,-26,0,0,0,694,5600,1405,146,729,0.487,0.259,3.97,0,0,2,4,4,1,1,0,0,0,1,0,0,0,2,0,0,0,0,0,0.25,0.25,0.25,0.5,41,0.224,30,1,"1",0,4,16,16,1,1,0,0,0,1,0,0,0,4,0,0,0,0,0,0.0625,0.0625,0.0625,0.25,1681,0.050176,900,1,0
"Scott Kazmir","NH","2016","LAD","Los Angeles Dodgers",32.6,2,2017,48000000,16000000,1,3,"2016","2018",0,0,0,0,162,91,71,1,1,20,0,0,1,725,5518,1376,189,638,0.526,0.262,3.54,-0.2,0.04,26,50,43,3,5,0,0,0,2,0,0,1,24,1,0,6,0,0,0.116,0.136,0.116,0.253,-30,0.116,-75,5,"1/H",0,676,2500,1849,9,25,0,0,0,4,0,0,1,576,1,0,36,0,0,0.013456,0.018496,0.013456,0.064009,900,0.013456,5625,25,0
"Scott Kazmir","NH","2021","SF","San Francisco Giants",37.6,5,2018,709893.780094137,709893.780094137,1,1,"2021","2021",0,0,0,0,162,107,55,1,1,52,0,0,0,804,5462,1360,241,594,0.536,0.264,3.57,0,0,5,4,3,0,0,0,0,0,0,0,0,0,2,0,0,1,0,0,0,0,0,0,-100,0,-209,0,"/1",0,25,16,9,0,0,0,0,0,0,0,0,0,4,0,0,1,0,0,0,0,0,0,10000,0,43681,0,0
"Scott Mcgough","NH","2023","ARI","Arizona Diamondbacks",33.8,0,2019,6250000,3125000,1,2,"2023","2024",0,0,0,0,162,84,78,0,1,6,1,0,0,746,5436,1359,166,761,0.486,0.254,4.27,0,0,2,0,0,0,0,0,0,0,0,0,0,0,0,0,0,0,0,0,0,0,0,0,0,0,0,0,"1",0,4,0,0,0,0,0,0,0,0,0,0,0,0,0,0,0,0,0,0,0,0,0,0,0,0,0,0
"Scott Mcgough","NH","2024","ARI","Arizona Diamondbacks",34.8,1,2019,6250000,3125000,1,2,"2023","2024",0,0,0,0,162,89,73,0,0,16,0,0,0,886,5522,1452,211,788,0.489,0.255,4.28,0,0,2,1,1,0,0,0,0,0,0,0,0,0,1,0,0,0,0,0,0,0,0,0,-100,0,-136,0,"1",0,4,1,1,0,0,0,0,0,0,0,0,0,1,0,0,0,0,0,0,0,0,0,10000,0,18496,0,0
"Sean Burnett","NH","2013","LAA","Los Angeles Angels",30.9,0,2021,8000000,4000000,1,2,"2013","2014",0,0,0,0,162,78,84,0,0,-6,0,0,0,733,5588,1476,164,737,0.499,0.258,3.94,0,0,3,0,0,0,0,0,0,0,0,0,0,0,0,0,0,0,0,0,0,0,0,0,0,0,0,0,"1",0,9,0,0,0,0,0,0,0,0,0,0,0,0,0,0,0,0,0,0,0,0,0,0,0,0,0,0
"Sean Burnett","NH","2016","WSH","Washington Nationals",33.9,2,2022,1164213.6775955,1164213.6775955,1,1,"2016","2016",0,0,0,0,162,95,67,1,1,28,0,0,0,763,5490,1403,203,612,0.485,0.253,3.86,0,0,10,0,0,0,0,0,0,0,0,0,0,0,0,0,0,0,0,0,0,0,0,0,0,0,0,0,"1",0,100,0,0,0,0,0,0,0,0,0,0,0,0,0,0,0,0,0,0,0,0,0,0,0,0,0,0
"Sean Doolittle","NH","2021","CIN","Cincinnati Reds",34.9,8.122,2023,1500000,1500000,1,1,"2021","2021",0,0,0,0,162,83,79,0,0,4,0,0,0,786,5423,1352,222,760,0.505,0.261,3.75,0,0,44,0,0,0,0,0,0,0,0,0,0,0,0,0,0,0,0,0,0,0,0,0,0,0,0,0,"1",0,1936,0,0,0,0,0,0,0,0,0,0,0,0,0,0,0,0,0,0,0,0,0,0,0,0,0,0
"Sean Rodriguez","NH","2016","PIT","Pittsburgh Pirates",31.3,6.133,2033,2500000,2500000,0,1,"2016","2016",0,0,0,0,162,78,83,0,0,-5,0,0,0,729,5542,1426,153,758,0.504,0.265,3.71,1.7,2.89,140,342,300,49,81,16,1,18,56,2,1,33,102,6,5,1,3,2,0.27,0.349,0.51,0.859,127,0.365,124,153,"3H46957/8",0,19600,116964,90000,2401,6561,256,1,324,3136,4,1,1089,10404,36,25,1,9,4,0.0729,0.121801,0.2601,0.737881,16129,0.133225,15376,23409,0
"Sean Rodriguez","NH","2017","PIT","Pittsburgh Pirates",32.3,7.133,2034,11500000,5750000,1,2,"2017","2018",0,0,0,0,165,75,87,0,0,-12,0,0,0,668,5458,1331,151,731,0.504,0.264,3.72,-0.3,0.09,54,153,132,18,22,2,0,5,8,1,0,16,57,3,4,1,0,1,0.167,0.276,0.295,0.572,52,0.261,46,39,"549H/7683",0,2916,23409,17424,324,484,4,0,25,64,1,0,256,3249,9,16,1,0,1,0.027889,0.076176,0.087025,0.327184,2704,0.068121,2116,1521,0
"Sean Rodriguez","NH","2018","PIT","Pittsburgh Pirates",33.3,8.133,2034,11500000,5750000,1,2,"2017","2018",0,0,0,0,161,82,79,0,0,3,0,0,0,692,5447,1381,157,693,0.504,0.264,3.72,-0.5,0.25,66,173,150,21,25,5,1,5,19,1,0,22,60,1,1,0,0,1,0.167,0.277,0.313,0.591,63,0.266,56,47,"46H/78935",0,4356,29929,22500,441,625,25,1,25,361,1,0,484,3600,1,1,0,0,1,0.027889,0.076729,0.097969,0.349281,3969,0.070756,3136,2209,0
"Sean Rodriguez","NH","2019","PHI","Philadelphia Phillies",34.3,9.118,2035,691688.341292727,691688.341292727,1,1,"2019","2019",0,0,0,0,162,81,81,0,0,0,0,0,1,774,5571,1369,215,794,0.472,0.261,3.98,0.5,0.25,76,139,112,24,25,5,0,4,12,1,1,19,41,2,3,4,1,0,0.223,0.348,0.375,0.723,89,0.331,97,42,"H56/794183D",0,5776,19321,12544,576,625,25,0,16,144,1,1,361,1681,4,9,16,1,0,0.049729,0.121104,0.140625,0.522729,7921,0.109561,9409,1764,0
"Sergio Romo","NH","2015","SF","San Francisco Giants",32.4,6.097,2036,15000000,7500000,0,2,"2015","2016",0,0,0,0,162,84,78,0,0,6,0,0,1,696,5565,1486,136,627,0.538,0.264,3.56,0,0,67,2,2,0,0,0,0,0,0,0,0,0,1,0,0,0,0,0,0,0,0,0,-100,0,-136,0,"1",0,4489,4,4,0,0,0,0,0,0,0,0,0,1,0,0,0,0,0,0,0,0,0,10000,0,18496,0,0
"Sergio Romo","NH","2016","SF","San Francisco Giants",33.4,7.097,2036,15000000,7500000,0,2,"2015","2016",0,0,0,0,162,87,75,0,1,12,0,0,0,715,5565,1437,130,631,0.538,0.264,3.56,0,0,38,0,0,0,0,0,0,0,0,0,0,0,0,0,0,0,0,0,0,0,0,0,0,0,0,0,"1",0,1444,0,0,0,0,0,0,0,0,0,0,0,0,0,0,0,0,0,0,0,0,0,0,0,0,0,0
"Sergio Romo","NH","2017","LAD","Los Angeles Dodgers",34.4,8.097,2037,3000000,3000000,1,1,"2017","2017",0,0,0,0,164,104,58,1,1,46,1,0,0,770,5408,1347,221,580,0.527,0.262,3.53,0,0,32,0,0,0,0,0,0,0,0,0,0,0,0,0,0,0,0,0,0,0,0,0,0,0,0,0,"1",0,1024,0,0,0,0,0,0,0,0,0,0,0,0,0,0,0,0,0,0,0,0,0,0,0,0,0,0
"Sergio Romo","NH","2018","TB","Tampa Bay Rays",35.4,9.097,2038,2500000,2500000,0,1,"2018","2018",0,0,0,0,162,90,72,0,0,18,0,0,0,716,5475,1415,150,646,0.468,0.256,4.36,0,0,5,1,1,0,0,0,0,0,0,0,0,0,1,0,0,0,0,0,0,0,0,0,-100,0,-125,0,"1/5",0,25,1,1,0,0,0,0,0,0,0,0,0,1,0,0,0,0,0,0,0,0,0,10000,0,15625,0,0
"Sergio Romo","NH","2019","MIA","Miami Marlins",36.4,10.097,2039,2500000,2500000,1,1,"2019","2019",0,0,0,0,162,57,105,0,0,-48,0,0,0,615,5512,1326,146,808,0.462,0.257,4.31,0,0,36,0,0,0,0,0,0,0,0,0,0,0,0,0,0,0,0,0,0,0,0,0,0,0,0,0,"1",0,1296,0,0,0,0,0,0,0,0,0,0,0,0,0,0,0,0,0,0,0,0,0,0,0,0,0,0
"Sergio Romo","NH","2021","OAK","Oakland Athletics",38.4,12.097,2041,2000000,2000000,1,1,"2021","2021",0,0,0,0,162,86,76,0,0,10,0,0,0,743,5395,1284,199,687,0.489,0.258,3.98,0,0,4,0,0,0,0,0,0,0,0,0,0,0,0,0,0,0,0,0,0,0,0,0,0,0,0,0,"1",0,16,0,0,0,0,0,0,0,0,0,0,0,0,0,0,0,0,0,0,0,0,0,0,0,0,0,0
"Shane Robinson","NH","2015","MIN","Minnesota Twins",30.8,0,2045,550000,550000,1,1,"2015","2015",0,0,0,0,162,83,79,0,0,4,0,0,0,696,5467,1349,156,700,0.48,0.263,3.97,0.3,0.09,83,197,180,28,45,7,3,0,16,6,1,12,29,4,1,3,1,0,0.25,0.299,0.322,0.621,72,0.302,80,58,"7H89/D1",0,6889,38809,32400,784,2025,49,9,0,256,36,1,144,841,16,1,9,1,0,0.0625,0.089401,0.103684,0.385641,5184,0.091204,6400,3364,0
"Shane Robinson","NH","2016","LAA","Los Angeles Angels",31.8,1,2046,672362.379948466,672362.379948466,1,1,"2016","2016",0,0,0,0,162,74,88,0,0,-14,0,0,0,717,5431,1410,156,727,0.501,0.258,3.94,0.3,0.09,65,111,98,16,17,3,0,1,10,3,2,10,17,3,1,2,0,0,0.173,0.257,0.235,0.492,38,0.24,42,23,"78H/9D",0,4225,12321,9604,256,289,9,0,1,100,9,4,100,289,9,1,4,0,0,0.029929,0.066049,0.055225,0.242064,1444,0.0576,1764,529,0
"Shane Robinson","NH","2017","LAA","Los Angeles Angels",32.8,2,2047,695958.90057858,695958.90057858,1,1,"2017","2017",0,0,0,0,162,80,82,0,0,-2,0,0,0,710,5415,1314,186,709,0.501,0.258,3.95,0.1,0.01,20,35,31,7,6,0,0,0,1,2,0,3,5,1,0,0,1,0,0.194,0.257,0.194,0.451,26,0.249,35,6,"/9H87D",0,400,1225,961,49,36,0,0,0,1,4,0,9,25,1,0,0,1,0,0.037636,0.066049,0.037636,0.203401,676,0.062001,1225,36,0
"Shane Robinson","NH","2018","NYY","New York Yankees",33.8,3,2048,950000,950000,1,1,"2018","2018",0,0,0,0,162,100,62,0,1,38,0,0,0,851,5515,1374,267,669,0.569,0.266,3.65,0.1,0.01,25,54,49,8,7,1,0,1,2,1,0,4,6,2,0,1,0,0,0.143,0.208,0.224,0.432,19,0.202,8,11,"9/7H8D",0,625,2916,2401,64,49,1,0,1,4,1,0,16,36,4,0,1,0,0,0.020449,0.043264,0.050176,0.186624,361,0.040804,64,121,0
"Shane Victorino","NH","2013","BOS","Boston Red Sox",32.7,0,2049,39000000,13000000,1,3,"2013","2015",2,1,0,0,162,97,65,1,1,32,0,0,0,861,5669,1573,178,657,0.517,0.267,3.9,6,36,122,532,477,82,140,26,2,15,61,21,3,25,75,5,18,10,2,0,0.294,0.351,0.451,0.801,118,0.367,123,215,"98/H",0,14884,283024,227529,6724,19600,676,4,225,3721,441,9,625,5625,25,324,100,4,0,0.086436,0.123201,0.203401,0.641601,13924,0.134689,15129,46225,0
"Shane Victorino","NH","2014","BOS","Boston Red Sox",33.7,1,2049,39000000,13000000,1,3,"2013","2015",0,0,0,0,162,71,91,0,0,-20,1,1,0,634,5551,1355,123,715,0.517,0.267,3.9,0.5,0.25,30,133,123,14,33,6,1,2,12,2,0,6,21,3,1,1,2,0,0.268,0.303,0.382,0.685,90,0.32,93,47,"9",0,900,17689,15129,196,1089,36,1,4,144,4,0,36,441,9,1,1,4,0,0.071824,0.091809,0.145924,0.469225,8100,0.1024,8649,2209,0
"Shane Victorino","NH","2015","LAA","Los Angeles Angels",34.7,2,2049,39000000,13000000,1,3,"2013","2015",0,0,0,0,162,85,77,0,0,8,0,0,0,661,5417,1331,176,675,0.501,0.258,3.94,0.1,0.01,71,204,178,19,41,4,2,1,7,7,0,16,32,4,5,3,2,1,0.23,0.308,0.292,0.601,67,0.288,65,52,"97H/8",0,5041,41616,31684,361,1681,16,4,1,49,49,0,256,1024,16,25,9,4,1,0.0529,0.094864,0.085264,0.361201,4489,0.082944,4225,2704,0
"Shaun Marcum","NH","2013","NYM","New York Mets",31.7,0,2051,4000000,4000000,1,1,"2013","2013",0,0,0,0,162,74,88,0,0,-14,0,0,0,619,5559,1318,130,684,0.478,0.251,3.77,0,0,14,27,22,0,3,1,0,0,0,0,0,0,5,0,1,4,0,0,0.136,0.174,0.182,0.356,2,0.166,-33,4,"1/H",0,196,729,484,0,9,1,0,0,0,0,0,0,25,0,1,16,0,0,0.018496,0.030276,0.033124,0.126736,4,0.027556,1089,16,0
"Shawn Armstrong","NH","2025","TEX","Texas Rangers",34.9,2,2056,1250000,1250000,1,1,"2025","2025",0,0,0,0,162,81,81,0,0,0,0,0,0,684,5443,1275,175,605,0.476,0.258,4.28,0,0,1,0,0,0,0,0,0,0,0,0,0,0,0,0,0,0,0,0,0,0,0,0,0,0,0,0,"1",0,1,0,0,0,0,0,0,0,0,0,0,0,0,0,0,0,0,0,0,0,0,0,0,0,0,0,0
"Shawn Kelley","NH","2016","WSH","Washington Nationals",32.3,6.128,2057,15000000,5000000,1,3,"2016","2018",0,0,0,0,162,95,67,1,1,28,0,0,0,763,5490,1403,203,612,0.485,0.253,3.86,0,0,64,1,1,0,0,0,0,0,0,0,0,0,1,0,0,0,0,0,0,0,0,0,-100,0,-155,0,"1",0,4096,1,1,0,0,0,0,0,0,0,0,0,1,0,0,0,0,0,0,0,0,0,10000,0,24025,0,0
"Shawn Kelley","NH","2017","WSH","Washington Nationals",33.3,7.128,2057,15000000,5000000,1,3,"2016","2018",0,0,0,0,162,97,65,1,1,32,0,0,2,819,5553,1477,215,672,0.487,0.254,3.87,0,0,31,0,0,0,0,0,0,0,0,0,0,0,0,0,0,0,0,0,0,0,0,0,0,0,0,0,"1",0,961,0,0,0,0,0,0,0,0,0,0,0,0,0,0,0,0,0,0,0,0,0,0,0,0,0,0
"Shawn Kelley","NH","2018","WSH","Washington Nationals",34.3,8.128,2057,15000000,5000000,1,3,"2016","2018",0,0,0,0,162,82,80,0,0,2,0,0,1,771,5517,1402,191,682,0.488,0.254,3.87,0,0,32,1,1,0,0,0,0,0,0,0,0,0,1,0,0,0,0,0,0,0,0,0,-100,0,-145,0,"1",0,1024,1,1,0,0,0,0,0,0,0,0,0,1,0,0,0,0,0,0,0,0,0,10000,0,21025,0,0
"Shawn Kelley","NH","2019","TEX","Texas Rangers",35.3,9.128,2058,2750000,2750000,1,1,"2019","2019",0,0,0,0,162,78,84,0,0,-6,0,0,1,810,5540,1374,223,878,0.478,0.259,4.28,0,0,3,0,0,0,0,0,0,0,0,0,0,0,0,0,0,0,0,0,0,0,0,0,0,0,0,0,"1",0,9,0,0,0,0,0,0,0,0,0,0,0,0,0,0,0,0,0,0,0,0,0,0,0,0,0,0
"Shelby Miller","NH","2019","TEX","Texas Rangers",28.8,0,2059,2000000,2000000,1,1,"2019","2019",0,0,0,0,162,78,84,0,0,-6,0,0,1,810,5540,1374,223,878,0.478,0.259,4.28,0.1,0.01,2,3,1,0,0,0,0,0,0,0,0,2,1,0,0,0,0,0,0,0.667,0,0.667,98,0.464,184,0,"1",0,4,9,1,0,0,0,0,0,0,0,0,4,1,0,0,0,0,0,0,0.444889,0,0.444889,9604,0.215296,33856,0,0
"Shelby Miller","NH","2021","PIT","Pittsburgh Pirates",30.8,2,2061,674990.669239509,674990.669239509,1,1,"2021","2021",0,0,0,0,162,61,101,0,0,-40,0,0,0,609,5336,1261,124,833,0.502,0.264,3.74,0,0,12,1,1,0,0,0,0,0,0,0,0,0,0,0,0,0,0,0,0,0,0,0,-100,0,-125,0,"1",0,144,1,1,0,0,0,0,0,0,0,0,0,0,0,0,0,0,0,0,0,0,0,10000,0,15625,0,0
"Shelby Miller","NH","2023","LAD","Los Angeles Dodgers",32.8,4,2063,1500000,1500000,1,1,"2023","2023",0,0,0,0,162,100,62,1,1,38,0,0,0,906,5524,1422,249,699,0.531,0.261,3.52,0,0,1,1,1,0,0,0,0,0,0,0,0,0,0,0,0,0,0,0,0,0,0,0,-100,0,-133,0,"1",0,1,1,1,0,0,0,0,0,0,0,0,0,0,0,0,0,0,0,0,0,0,0,10000,0,17689,0,0
"Shintaro Fujinami","NH","2023","BAL","Baltimore Orioles",29.3,0,2065,3250000,3250000,1,1,"2023","2023",0,0,0,0,162,101,61,1,1,40,0,0,0,807,5495,1399,183,678,0.474,0.258,4.05,0,0,1,0,0,0,0,0,0,0,0,0,0,0,0,0,0,0,0,0,0,0,0,0,0,0,0,0,"1",0,1,0,0,0,0,0,0,0,0,0,0,0,0,0,0,0,0,0,0,0,0,0,0,0,0,0,0
"Skip Schumaker",NA,"2014","CIN","Cincinnati Reds",34.5,0,2067,5000000,2500000,1,2,"2014","2015",0,0,0,0,159,76,86,0,0,-10,0,0,0,595,5395,1282,131,612,0.508,0.262,3.71,-1.2,1.44,83,271,247,22,58,12,0,2,22,2,1,18,50,3,1,3,2,0,0.235,0.287,0.308,0.595,68,0.283,70,76,"74H9/81",0,6889,73441,61009,484,3364,144,0,4,484,4,1,324,2500,9,1,9,4,0,0.055225,0.082369,0.094864,0.354025,4624,0.080089,4900,5776,0
"Skip Schumaker",NA,"2015","CIN","Cincinnati Reds",35.5,1,2067,5000000,2500000,1,2,"2014","2015",0,0,0,0,162,64,98,0,0,-34,0,0,0,640,5571,1382,167,754,0.507,0.262,3.72,-0.8,0.64,131,268,244,23,59,20,0,1,21,2,2,23,51,7,0,0,1,2,0.242,0.306,0.336,0.642,76,0.287,71,82,"H74/98D",0,17161,71824,59536,529,3481,400,0,1,441,4,4,529,2601,49,0,0,1,4,0.058564,0.093636,0.112896,0.412164,5776,0.082369,5041,6724,0
"Stephen Drew","NH","2013","BOS","Boston Red Sox",30.4,0.038,2071,9500000,9500000,1,1,"2013","2013",0,0,0,0,162,97,65,1,1,32,0,0,0,861,5669,1573,178,657,0.517,0.267,3.9,2.7,7.29,124,501,442,57,112,29,8,13,67,6,0,54,124,9,1,0,4,3,0.253,0.333,0.443,0.777,111,0.346,110,196,"6/H",0,15376,251001,195364,3249,12544,841,64,169,4489,36,0,2916,15376,81,1,0,16,9,0.064009,0.110889,0.196249,0.603729,12321,0.119716,12100,38416,0
"Stephen Drew","NH","2014","NYY","New York Yankees",31.4,1.038,2072,10093443,10093443,0,1,"2014","2014",0,0,0,0,-114,-34,-75,0,0,41,0,0,-4,-842,-3852,-1317,90,-934,0.569,0.267,3.64,-1,1,85,300,271,18,44,14,1,7,26,1,1,27,75,1,0,0,2,3,0.162,0.237,0.299,0.536,50,0.243,41,81,"64/HD",0,7225,90000,73441,324,1936,196,1,49,676,1,1,729,5625,1,0,0,4,9,0.026244,0.056169,0.089401,0.287296,2500,0.059049,1681,6561,0
"Stephen Drew","NH","2015","NYY","New York Yankees",32.4,2.038,2073,5000000,5000000,0,1,"2015","2015",0,0,0,0,162,87,75,0,1,12,0,0,1,764,5567,1397,212,698,0.569,0.267,3.64,0.1,0.01,131,428,383,43,77,16,1,17,44,0,2,37,71,7,1,4,3,1,0.201,0.271,0.381,0.652,77,0.288,74,146,"46/H5",0,17161,183184,146689,1849,5929,256,1,289,1936,0,4,1369,5041,49,1,16,9,1,0.040401,0.073441,0.145161,0.425104,5929,0.082944,5476,21316,0
"Stephen Drew","NH","2016","WSH","Washington Nationals",33.4,3.038,2074,3000000,3000000,1,1,"2016","2016",0,0,0,0,162,95,67,1,1,28,0,0,0,763,5490,1403,203,612,0.485,0.253,3.86,1,1,70,165,143,24,38,11,1,8,21,0,1,16,31,3,2,0,4,0,0.266,0.339,0.524,0.864,123,0.366,122,75,"H456/D",0,4900,27225,20449,576,1444,121,1,64,441,0,1,256,961,9,4,0,16,0,0.070756,0.114921,0.274576,0.746496,15129,0.133956,14884,5625,0
"Stephen Drew","NH","2017","WSH","Washington Nationals",34.4,4.038,2075,3500000,3500000,0,1,"2017","2017",0,0,0,0,162,97,65,1,1,32,0,0,2,819,5553,1477,215,672,0.487,0.254,3.87,-0.1,0.01,46,106,95,9,24,7,0,1,17,0,0,8,21,2,0,0,3,0,0.253,0.302,0.358,0.66,70,0.296,67,34,"H65/4",0,2116,11236,9025,81,576,49,0,1,289,0,0,64,441,4,0,0,9,0,0.064009,0.091204,0.128164,0.4356,4900,0.087616,4489,1156,0
"Stephen Vogt","NH","2019","SF","San Francisco Giants",34.8,0,2076,691688.341292727,691688.341292727,1,1,"2019","2019",0,0,0,0,162,77,85,0,0,-8,0,0,0,678,5579,1332,167,773,0.535,0.264,3.57,1.1,1.21,99,280,255,30,67,24,2,10,40,3,1,20,66,1,1,0,4,1,0.263,0.314,0.49,0.804,110,0.34,108,125,"2H/7D3",0,9801,78400,65025,900,4489,576,4,100,1600,9,1,400,4356,1,1,0,16,1,0.069169,0.098596,0.2401,0.646416,12100,0.1156,11664,15625,0
"Stephen Vogt","NH","2020","ARI","Arizona Diamondbacks",35.8,1,2077,3000000,3000000,1,1,"2020","2020",0,0,0,0,60,25,35,0,0,-10,0,0,0,269,1997,482,58,295,0.493,0.257,4.22,0,0,26,81,72,6,12,5,0,1,7,0,0,8,18,1,0,0,1,0,0.167,0.247,0.278,0.525,43,0.248,44,20,"2/H3D",0,676,6561,5184,36,144,25,0,1,49,0,0,64,324,1,0,0,1,0,0.027889,0.061009,0.077284,0.275625,1849,0.061504,1936,400,0
"Stephen Vogt","NH","2021","ARI","Arizona Diamondbacks",36.8,2,2078,3549468.90047069,3549468.90047069,1,1,"2021","2021",0,0,0,0,162,52,110,0,0,-58,0,0,0,679,5489,1297,144,893,0.486,0.256,4.26,-0.1,0.01,78,238,210,24,41,6,1,7,25,0,0,26,56,2,0,1,1,2,0.195,0.283,0.333,0.616,65,0.28,64,70,"2H/3",0,6084,56644,44100,576,1681,36,1,49,625,0,0,676,3136,4,0,1,1,4,0.038025,0.080089,0.110889,0.379456,4225,0.0784,4096,4900,0
"Stephen Vogt","NH","2022","OAK","Oakland Athletics",37.8,3,2079,850000,850000,1,1,"2022","2022",0,0,0,0,162,60,102,0,0,-42,0,0,0,568,5314,1147,137,770,0.488,0.258,3.98,-0.6,0.36,70,191,168,18,27,4,1,7,23,1,0,17,46,4,2,0,4,0,0.161,0.241,0.321,0.562,64,0.256,64,54,"DH23",0,4900,36481,28224,324,729,16,1,49,529,1,0,289,2116,16,4,0,16,0,0.025921,0.058081,0.103041,0.315844,4096,0.065536,4096,2916,0
"Steve Cishek","NH","2016","SEA","Seattle Mariners",30.2,0,2080,10000000,5000000,1,2,"2016","2017",0,0,0,0,162,86,76,0,0,10,0,0,1,768,5583,1446,223,707,0.47,0.26,4.32,0,0,6,0,0,0,0,0,0,0,0,0,0,0,0,0,0,0,0,0,0,0,0,0,0,0,0,0,"1",0,36,0,0,0,0,0,0,0,0,0,0,0,0,0,0,0,0,0,0,0,0,0,0,0,0,0,0
"Steve Cishek","NH","2017","TB","Tampa Bay Rays",31.2,1,2080,10000000,5000000,1,2,"2016","2017",0,0,0,0,162,80,82,0,0,-2,0,0,0,694,5478,1340,228,704,0.463,0.256,4.4,0,0,2,0,0,0,0,0,0,0,0,0,0,0,0,0,0,0,0,0,0,0,0,0,0,0,0,0,"1",0,4,0,0,0,0,0,0,0,0,0,0,0,0,0,0,0,0,0,0,0,0,0,0,0,0,0,0
"Steve Cishek","NH","2018","CHC","Chicago Cubs",32.2,2,2081,13000000,6500000,1,2,"2018","2019",0,0,0,0,163,95,68,0,1,27,0,0,0,761,5624,1453,167,645,0.513,0.263,3.68,0,0,76,6,6,1,1,0,0,0,0,0,0,0,2,0,0,0,0,0,0.167,0.167,0.167,0.333,-11,0.134,-46,1,"1/7",0,5776,36,36,1,1,0,0,0,0,0,0,0,4,0,0,0,0,0,0.027889,0.027889,0.027889,0.110889,121,0.017956,2116,1,0
"Steve Cishek","NH","2019","CHC","Chicago Cubs",33.2,3,2081,13000000,6500000,1,2,"2018","2019",0,0,0,0,162,84,78,0,0,6,0,0,1,814,5461,1378,256,717,0.514,0.263,3.68,0,0,64,2,2,0,0,0,0,0,0,0,0,0,0,0,0,0,0,0,0,0,0,0,-100,0,-142,0,"1",0,4096,4,4,0,0,0,0,0,0,0,0,0,0,0,0,0,0,0,0,0,0,0,10000,0,20164,0,0
"Steve Cishek","NH","2019","CHC","Chicago Cubs",33.2,4,2082,16201708.895145,8100854.44757248,0,2,"2019","2020",0,0,0,0,162,84,78,0,0,6,0,0,1,814,5461,1378,256,717,0.514,0.263,3.68,0,0,64,2,2,0,0,0,0,0,0,0,0,0,0,0,0,0,0,0,0,0,0,0,-100,0,-142,0,"1",0,4096,4,4,0,0,0,0,0,0,0,0,0,0,0,0,0,0,0,0,0,0,0,10000,0,20164,0,0
"Steve Cishek","NH","2021","LAA","Los Angeles Angels",35.2,7,2084,1625000,1625000,1,1,"2021","2021",0,0,0,0,162,77,85,0,0,-8,0,0,0,723,5437,1331,190,804,0.499,0.257,3.99,0,0,13,0,0,0,0,0,0,0,0,0,0,0,0,0,0,0,0,0,0,0,0,0,0,0,0,0,"1",0,169,0,0,0,0,0,0,0,0,0,0,0,0,0,0,0,0,0,0,0,0,0,0,0,0,0,0
"Taijuan Walker","NH","2021","NYM","New York Mets",29,6.142,2091,23000000,7666666.66666667,1,3,"2021","2023",1,0,0,0,162,77,85,0,0,-8,0,0,0,636,5210,1243,176,668,0.48,0.25,3.8,-0.1,0.01,28,51,47,0,5,0,0,0,1,0,0,1,29,1,1,2,0,0,0.106,0.143,0.106,0.249,-30,0.119,-51,5,"1/H",0,784,2601,2209,0,25,0,0,0,1,0,0,1,841,1,1,4,0,0,0.011236,0.020449,0.011236,0.062001,900,0.014161,2601,25,0
"Tayler Scott","NH","2019","BAL","Baltimore Orioles",27.2,0,2093,691688.341292727,691688.341292727,0,1,"2019","2019",0,0,0,0,162,54,108,0,0,-54,0,0,3,729,5596,1379,213,981,0.474,0.259,4.04,0,0,1,0,0,0,0,0,0,0,0,0,0,0,0,0,0,0,0,0,0,0,0,0,0,0,0,0,"/1",0,1,0,0,0,0,0,0,0,0,0,0,0,0,0,0,0,0,0,0,0,0,0,0,0,0,0,0
"Taylor Clarke","NH","2022","KC","Kansas City Royals",29.2,0,2096,975000,975000,1,1,"2022","2022",0,0,0,0,162,65,97,0,0,-32,0,0,0,640,5437,1327,138,810,0.478,0.263,4.25,0,0,4,0,0,0,0,0,0,0,0,0,0,0,0,0,0,0,0,0,0,0,0,0,0,0,0,0,"1",0,16,0,0,0,0,0,0,0,0,0,0,0,0,0,0,0,0,0,0,0,0,0,0,0,0,0,0
"Taylor Clarke","NH","2025","KC","Kansas City Royals",32.2,2,2098,1000000,1000000,1,1,"2025","2025",0,0,0,0,162,82,80,0,0,2,0,0,0,651,5431,1342,159,637,0.477,0.262,4.25,0,0,3,0,0,0,0,0,0,0,0,0,0,0,0,0,0,0,0,0,0,0,0,0,0,0,0,0,"1",0,9,0,0,0,0,0,0,0,0,0,0,0,0,0,0,0,0,0,0,0,0,0,0,0,0,0,0
"Taylor Teagarden","NH","2014","NYM","New York Mets",30.7,0,2099,725000,725000,1,1,"2014","2014",0,0,0,0,162,79,83,0,0,-4,0,0,2,629,5472,1306,125,618,0.478,0.25,3.76,-0.3,0.09,9,30,28,1,4,0,0,1,5,0,0,2,7,1,0,0,0,0,0.143,0.2,0.25,0.45,29,0.205,17,7,"/2",0,81,900,784,1,16,0,0,1,25,0,0,4,49,1,0,0,0,0,0.020449,0.04,0.0625,0.2025,841,0.042025,289,49,0
"Taylor Teagarden","NH","2015","CHC","Chicago Cubs",31.7,1,2100,687225.311355765,687225.311355765,1,1,"2015","2015",0,0,0,0,162,97,65,0,1,32,0,0,0,689,5491,1341,171,608,0.512,0.263,3.68,-0.2,0.04,8,15,15,0,3,0,0,0,2,0,0,0,4,1,0,0,0,0,0.2,0.2,0.2,0.4,11,0.181,-6,3,"/2H",0,64,225,225,0,9,0,0,0,4,0,0,0,16,1,0,0,0,0,0.04,0.04,0.04,0.16,121,0.032761,36,9,0
"Teoscar Hernandez","NH","2024","LAD","Los Angeles Dodgers",31,0,2101,23500000,23500000,1,1,"2024","2024",2,1,0,1,162,98,64,1,1,34,1,1,1,842,5522,1423,233,686,0.532,0.261,3.53,4.1,16.81,154,652,589,84,160,32,2,33,99,12,3,53,188,7,8,0,1,3,0.272,0.339,0.501,0.84,135,0.368,138,295,"79",0,23716,425104,346921,7056,25600,1024,4,1089,9801,144,9,2809,35344,49,64,0,1,9,0.073984,0.114921,0.251001,0.7056,18225,0.135424,19044,87025,0
"Teoscar Hernandez","NH","2025","LAD","Los Angeles Dodgers",32,1,2102,66000000,22000000,0,3,"2025","2027",0,0,0,0,162,93,69,1,1,24,1,1,1,825,5481,1384,244,683,0.532,0.261,3.53,1.5,2.25,134,546,511,65,126,29,1,25,89,5,2,26,134,13,3,0,5,0,0.247,0.284,0.454,0.738,105,0.318,100,232,"9/H",0,17956,298116,261121,4225,15876,841,1,625,7921,25,4,676,17956,169,9,0,25,0,0.061009,0.080656,0.206116,0.544644,11025,0.101124,10000,53824,0
"Terrance Gore","NH","2018","CHC","Chicago Cubs",27.2,0,2103,694114.573020403,694114.573020403,1,1,"2018","2018",0,0,0,0,163,95,68,0,1,27,0,0,0,761,5624,1453,167,645,0.513,0.263,3.68,0.3,0.09,14,5,5,5,1,0,0,0,0,6,0,0,1,0,0,0,0,0,0.2,0.2,0.2,0.4,7,0.478,-13,1,"H/7D",0,196,25,25,25,1,0,0,0,0,36,0,0,1,0,0,0,0,0,0.04,0.04,0.04,0.16,49,0.228484,169,1,0
"Terrance Gore","NH","2019","KC","Kansas City Royals",28.2,1,2104,650000,650000,0,1,"2019","2019",0,0,0,0,162,59,103,0,0,-44,0,0,0,691,5496,1356,162,869,0.48,0.264,4.24,0.1,0.01,37,58,51,13,14,2,1,0,1,13,5,6,18,0,1,0,0,0,0.275,0.362,0.353,0.715,91,0.319,86,18,"H9/78D",0,1369,3364,2601,169,196,4,1,0,1,169,25,36,324,0,1,0,0,0,0.075625,0.131044,0.124609,0.511225,8281,0.101761,7396,324,0
"Terrance Gore","NH","2022","NYM","New York Mets",31.2,2,2105,780223.372192982,780223.372192982,1,1,"2022","2022",0,0,0,0,162,101,61,0,1,40,0,0,1,772,5489,1422,171,606,0.483,0.25,3.79,-0.1,0.01,10,8,7,1,1,0,0,0,0,3,0,0,3,0,0,1,0,0,0.143,0.143,0.143,0.286,-17,0.235,-48,1,"/H78D",0,100,64,49,1,1,0,0,0,0,9,0,0,9,0,0,1,0,0,0.020449,0.020449,0.020449,0.081796,289,0.055225,2304,1,0
"Tim Beckham","NH","2019","SEA","Seattle Mariners",29.5,4.134,2106,1750000,1750000,1,1,"2019","2019",0,0,0,0,162,68,94,0,0,-26,0,0,1,758,5500,1305,239,893,0.471,0.26,4.33,0.6,0.36,88,328,304,39,72,21,1,15,47,1,3,21,102,7,3,0,0,0,0.237,0.293,0.461,0.753,100,0.318,101,140,"675D/43H",0,7744,107584,92416,1521,5184,441,1,225,2209,1,9,441,10404,49,9,0,0,0,0.056169,0.085849,0.212521,0.567009,10000,0.101124,10201,19600,0
"Tim Locastro","NH","2022","NYY","New York Yankees",30.1,3.01,2110,900000,900000,1,1,"2022","2022",0,0,0,0,162,99,63,1,1,36,0,0,1,807,5422,1308,254,567,0.57,0.266,3.65,-0.3,0.09,38,46,43,13,8,1,0,2,4,8,2,2,7,0,1,0,0,0,0.186,0.239,0.349,0.588,65,0.279,58,15,"H7/89D",0,1444,2116,1849,169,64,1,0,4,16,64,4,4,49,0,1,0,0,0,0.034596,0.057121,0.121801,0.345744,4225,0.077841,3364,225,0
"Tim Locastro","NH","2023","NYM","New York Mets",31.1,3.122,2111,1400000,1400000,1,1,"2023","2023",0,0,0,0,162,75,87,0,0,-12,0,0,0,717,5363,1276,215,729,0.482,0.25,3.8,0.4,0.16,43,67,56,13,13,3,0,2,3,6,0,3,22,0,6,2,0,0,0.232,0.338,0.393,0.731,102,0.362,116,22,"7H/8D9",0,1849,4489,3136,169,169,9,0,4,9,36,0,9,484,0,36,4,0,0,0.053824,0.114244,0.154449,0.534361,10404,0.131044,13456,484,0
"Tim Melville","NH","2017","SD","San Diego Padres",27.8,0.015,2112,695958.90057858,695958.90057858,1,1,"2017","2017",0,0,0,0,162,71,91,0,0,-20,0,0,0,604,5356,1251,189,816,0.462,0.25,3.95,0,0,2,0,0,0,0,0,0,0,0,0,0,0,0,0,0,0,0,0,0,0,0,0,0,0,0,0,"/1",0,4,0,0,0,0,0,0,0,0,0,0,0,0,0,0,0,0,0,0,0,0,0,0,0,0,0,0
"Tim Melville","NH","2019","COL","Colorado Rockies",29.8,0.035,2113,691688.341292727,691688.341292727,1,1,"2019","2019",0,0,0,0,162,71,91,0,0,-20,0,0,0,835,5660,1502,224,958,0.471,0.274,4.97,0,0,7,10,8,0,2,0,0,0,2,0,0,0,3,0,0,2,0,0,0.25,0.25,0.25,0.5,24,0.222,-19,2,"/1",0,49,100,64,0,4,0,0,0,4,0,0,0,9,0,0,4,0,0,0.0625,0.0625,0.0625,0.25,576,0.049284,361,4,0
"Tj Mcfarland","NH","2017","ARI","Arizona Diamondbacks",28.2,0,2114,695958.90057858,695958.90057858,1,1,"2017","2017",0,0,0,0,162,93,69,0,1,24,0,0,0,812,5525,1405,220,659,0.493,0.258,4.23,0,0,41,5,5,0,1,0,0,0,0,0,0,0,3,0,0,0,0,0,0.2,0.2,0.2,0.4,2,0.16,-34,1,"1",0,1681,25,25,0,1,0,0,0,0,0,0,0,9,0,0,0,0,0,0.04,0.04,0.04,0.16,4,0.0256,1156,1,0
"Tj Mcfarland","NH","2018","ARI","Arizona Diamondbacks",29.2,1,2115,850000,850000,0,1,"2018","2018",0,0,0,0,162,82,80,0,0,2,0,0,0,693,5460,1283,176,644,0.493,0.257,4.21,-0.1,0.01,46,7,7,0,0,0,0,0,0,0,0,0,6,0,0,0,0,0,0,0,0,0,-100,0,-145,0,"1",0,2116,49,49,0,0,0,0,0,0,0,0,0,36,0,0,0,0,0,0,0,0,0,10000,0,21025,0,0
"Tj Mcfarland","NH","2019","ARI","Arizona Diamondbacks",30.2,2,2116,1807113.68445848,1807113.68445848,0,1,"2019","2019",0,0,0,0,162,85,77,0,0,8,0,0,0,813,5633,1419,220,743,0.495,0.257,4.21,-0.1,0.01,47,5,3,0,0,0,0,0,0,0,0,0,3,0,0,2,0,0,0,0,0,0,-100,0,-303,0,"1",0,2209,25,9,0,0,0,0,0,0,0,0,0,9,0,0,4,0,0,0,0,0,0,10000,0,91809,0,0
"Tj Mcfarland","NH","2021","STL","St Louis Cardinals",32.2,4,2118,1183156.3001569,1183156.3001569,1,1,"2021","2021",0,0,0,0,162,90,72,0,1,18,0,0,0,706,5351,1303,198,672,0.521,0.266,3.68,0,0,36,0,0,0,0,0,0,0,0,0,0,0,0,0,0,0,0,0,0,0,0,0,0,0,0,0,"1",0,1296,0,0,0,0,0,0,0,0,0,0,0,0,0,0,0,0,0,0,0,0,0,0,0,0,0,0
"Todd Frazier","NH","2018","NYM","New York Mets",32.5,6.071,2121,17000000,8500000,1,2,"2018","2019",0,0,0,0,162,77,85,0,0,-8,0,0,0,676,5468,1282,170,707,0.48,0.25,3.78,2.7,7.29,115,472,408,54,87,18,0,18,59,9,4,48,112,10,8,0,8,1,0.213,0.303,0.39,0.693,93,0.318,100,159,"5/HD",0,13225,222784,166464,2916,7569,324,0,324,3481,81,16,2304,12544,100,64,0,64,1,0.045369,0.091809,0.1521,0.480249,8649,0.101124,10000,25281,0
"Todd Frazier","NH","2019","NYM","New York Mets",33.5,7.071,2121,17000000,8500000,1,2,"2018","2019",0,0,0,0,162,86,76,0,0,10,0,0,0,791,5624,1445,242,737,0.481,0.25,3.79,2.3,5.29,133,499,447,63,112,19,2,21,67,1,2,40,106,9,12,0,0,1,0.251,0.329,0.443,0.772,105,0.335,109,198,"5H/3D",0,17689,249001,199809,3969,12544,361,4,441,4489,1,4,1600,11236,81,144,0,0,1,0.063001,0.108241,0.196249,0.595984,11025,0.112225,11881,39204,0
"Todd Frazier","NH","2020","TEX","Texas Rangers",34.5,8.071,2122,5000000,5000000,1,1,"2020","2020",0,0,0,0,60,22,38,0,0,-16,0,0,0,224,1936,420,62,312,0.477,0.259,4.28,0.2,0.04,45,172,157,16,37,9,1,4,12,1,1,11,42,1,4,0,0,0,0.236,0.302,0.382,0.684,88,0.303,87,60,"53/1H",0,2025,29584,24649,256,1369,81,1,16,144,1,1,121,1764,1,16,0,0,0,0.055696,0.091204,0.145924,0.467856,7744,0.091809,7569,3600,0
"Todd Frazier","NH","2021","PIT","Pittsburgh Pirates",35.5,9.071,2123,1500000,1500000,1,1,"2021","2021",0,0,0,0,162,61,101,0,0,-40,0,0,0,609,5336,1261,124,833,0.502,0.264,3.74,-0.4,0.16,13,40,35,3,3,1,0,0,4,0,0,3,6,1,2,0,0,0,0.086,0.2,0.114,0.314,-11,0.21,16,4,"/3H5D",0,169,1600,1225,9,9,1,0,0,16,0,0,9,36,1,4,0,0,0,0.007396,0.04,0.012996,0.098596,121,0.0441,256,16,0
"Tom Gorzelanny","NH","2013","MIL","Milwaukee Brewers",31.1,0,2124,5700000,2850000,1,2,"2013","2014",0,0,0,0,162,74,88,0,0,-14,0,0,0,640,5474,1381,157,687,0.478,0.259,4.2,-0.2,0.04,40,18,17,0,1,0,0,0,0,0,0,0,9,0,0,1,0,0,0.059,0.059,0.059,0.118,-67,0.053,-120,1,"1",0,1600,324,289,0,1,0,0,0,0,0,0,0,81,0,0,1,0,0,0.003481,0.003481,0.003481,0.013924,4489,0.002809,14400,1,0
"Tom Gorzelanny","NH","2014","MIL","Milwaukee Brewers",32.1,1,2124,5700000,2850000,1,2,"2013","2014",0,0,0,0,162,82,80,0,0,2,0,0,0,650,5462,1366,150,657,0.478,0.259,4.19,0,0,23,1,1,0,0,0,0,0,0,0,0,0,1,0,0,0,0,0,0,0,0,0,-100,0,-150,0,"1",0,529,1,1,0,0,0,0,0,0,0,0,0,1,0,0,0,0,0,0,0,0,0,10000,0,22500,0,0
"Tom Gorzelanny","NH","2015","DET","Detroit Tigers",33.1,2,2125,1000000,1000000,1,1,"2015","2015",0,0,0,0,161,74,87,0,0,-13,0,0,0,689,5605,1515,151,803,0.508,0.266,3.96,0,0,5,0,0,0,0,0,0,0,0,0,0,0,0,0,0,0,0,0,0,0,0,0,0,0,0,0,"1",0,25,0,0,0,0,0,0,0,0,0,0,0,0,0,0,0,0,0,0,0,0,0,0,0,0,0,0
"Tommy Hunter","NH","2016","CLE","Cleveland Guardians",30.1,0,2128,2000000,2000000,1,1,"2016","2016",0,0,0,0,161,94,67,1,1,27,1,0,0,777,5484,1435,185,676,0.51,0.266,3.84,0,0,3,0,0,0,0,0,0,0,0,0,0,0,0,0,0,0,0,0,0,0,0,0,0,0,0,0,"1",0,9,0,0,0,0,0,0,0,0,0,0,0,0,0,0,0,0,0,0,0,0,0,0,0,0,0,0
"Tommy Hunter","NH","2017","TB","Tampa Bay Rays",31.1,1,2129,1400000,1400000,1,1,"2017","2017",0,0,0,0,162,80,82,0,0,-2,0,0,0,694,5478,1340,228,704,0.463,0.256,4.4,0,0,5,0,0,0,0,0,0,0,0,0,0,0,0,0,0,0,0,0,0,0,0,0,0,0,0,0,"1",0,25,0,0,0,0,0,0,0,0,0,0,0,0,0,0,0,0,0,0,0,0,0,0,0,0,0,0
"Tommy Hunter","NH","2018","PHI","Philadelphia Phillies",32.1,2,2130,18000000,9000000,1,2,"2018","2019",0,0,0,0,162,80,82,0,0,-2,0,0,1,677,5424,1270,186,728,0.472,0.261,3.98,0,0,60,1,1,0,0,0,0,0,0,0,0,0,0,0,0,0,0,0,0,0,0,0,-100,0,-145,0,"1",0,3600,1,1,0,0,0,0,0,0,0,0,0,0,0,0,0,0,0,0,0,0,0,10000,0,21025,0,0
"Tommy Hunter","NH","2019","PHI","Philadelphia Phillies",33.1,3,2130,18000000,9000000,1,2,"2018","2019",0,0,0,0,162,81,81,0,0,0,0,0,1,774,5571,1369,215,794,0.472,0.261,3.98,0,0,5,0,0,0,0,0,0,0,0,0,0,0,0,0,0,0,0,0,0,0,0,0,0,0,0,0,"/1",0,25,0,0,0,0,0,0,0,0,0,0,0,0,0,0,0,0,0,0,0,0,0,0,0,0,0,0
"Tommy Hunter","NH","2019","PHI","Philadelphia Phillies",33.1,4,2131,22433135.3932776,11216567.6966388,0,2,"2019","2020",0,0,0,0,162,81,81,0,0,0,0,0,1,774,5571,1369,215,794,0.472,0.261,3.98,0,0,5,0,0,0,0,0,0,0,0,0,0,0,0,0,0,0,0,0,0,0,0,0,0,0,0,0,"/1",0,25,0,0,0,0,0,0,0,0,0,0,0,0,0,0,0,0,0,0,0,0,0,0,0,0,0,0
"Tommy Hunter","NH","2021","NYM","New York Mets",35.1,7,2133,2662101.67535301,2662101.67535301,1,1,"2021","2021",0,0,0,0,162,77,85,0,0,-8,0,0,0,636,5210,1243,176,668,0.48,0.25,3.8,0.1,0.01,3,1,1,1,1,0,0,0,0,0,0,0,0,0,0,0,0,0,1,1,1,2,454,0.899,500,1,"/1",0,9,1,1,1,1,0,0,0,0,0,0,0,0,0,0,0,0,0,1,1,1,4,206116,0.808201,250000,1,0
"Tommy Hunter","NH","2022","NYM","New York Mets",36.1,8,2134,780223.372192982,780223.372192982,1,1,"2022","2022",0,0,0,0,162,101,61,0,1,40,0,0,1,772,5489,1422,171,606,0.483,0.25,3.79,0,0,2,0,0,0,0,0,0,0,0,0,0,0,0,0,0,0,0,0,0,0,0,0,0,0,0,0,"1",0,4,0,0,0,0,0,0,0,0,0,0,0,0,0,0,0,0,0,0,0,0,0,0,0,0,0,0
"Tommy Hunter","NH","2023","NYM","New York Mets",37.1,9,2135,1750000,1750000,0,1,"2023","2023",0,0,0,0,162,75,87,0,0,-12,0,0,0,717,5363,1276,215,729,0.482,0.25,3.8,0,0,2,0,0,0,0,0,0,0,0,0,0,0,0,0,0,0,0,0,0,0,0,0,0,0,0,0,"1",0,4,0,0,0,0,0,0,0,0,0,0,0,0,0,0,0,0,0,0,0,0,0,0,0,0,0,0
"Tommy Kahnle","NH","2025","DET","Detroit Tigers",36,4,2138,7750000,7750000,1,1,"2025","2025",0,0,0,0,162,87,75,0,1,12,0,0,0,758,5456,1346,198,691,0.503,0.264,4,0,0,1,0,0,0,0,0,0,0,0,0,0,0,0,0,0,0,0,0,0,0,0,0,0,0,0,0,"1",0,1,0,0,0,0,0,0,0,0,0,0,0,0,0,0,0,0,0,0,0,0,0,0,0,0,0,0
"Tommy La Stella","NH","2021","SF","San Francisco Giants",32.5,6.057,2139,18750000,6250000,1,3,"2021","2023",0,0,0,0,162,107,55,1,1,52,0,0,0,804,5462,1360,241,594,0.536,0.264,3.57,0.3,0.09,76,242,220,26,55,11,1,7,27,0,0,18,26,4,1,0,1,1,0.25,0.308,0.405,0.713,92,0.317,93,89,"4H/5D",0,5776,58564,48400,676,3025,121,1,49,729,0,0,324,676,16,1,0,1,1,0.0625,0.094864,0.164025,0.508369,8464,0.100489,8649,7921,0
"Tommy La Stella","NH","2022","SF","San Francisco Giants",33.5,7.057,2139,18750000,6250000,1,3,"2021","2023",0,0,0,0,162,81,81,0,0,0,0,0,0,716,5392,1261,183,697,0.536,0.263,3.58,-0.7,0.49,60,195,180,17,43,14,0,2,14,0,0,11,30,4,1,0,3,0,0.239,0.282,0.35,0.632,79,0.278,74,63,"DH/534",0,3600,38025,32400,289,1849,196,0,4,196,0,0,121,900,16,1,0,9,0,0.057121,0.079524,0.1225,0.399424,6241,0.077284,5476,3969,0
"Tommy La Stella","NH","2023","SEA","Seattle Mariners",34.5,8.057,2139,18750000,6250000,1,3,"2021","2023",0,0,0,0,162,88,74,0,0,14,0,0,0,758,5500,1332,210,659,0.476,0.258,4.31,-0.1,0.01,12,24,21,2,4,1,0,0,2,0,0,3,5,0,0,0,0,0,0.19,0.292,0.238,0.53,54,0.245,55,5,"/DH",0,144,576,441,4,16,1,0,0,4,0,0,9,25,0,0,0,0,0,0.0361,0.085264,0.056644,0.2809,2916,0.060025,3025,25,0
"Tommy La Stella","NH","2023","SEA","Seattle Mariners",34.5,8.057,2140,720000,720000,1,1,"2023","2023",0,0,0,0,162,88,74,0,0,14,0,0,0,758,5500,1332,210,659,0.476,0.258,4.31,-0.1,0.01,12,24,21,2,4,1,0,0,2,0,0,3,5,0,0,0,0,0,0.19,0.292,0.238,0.53,54,0.245,55,5,"/DH",0,144,576,441,4,16,1,0,0,4,0,0,9,25,0,0,0,0,0,0.0361,0.085264,0.056644,0.2809,2916,0.060025,3025,25,0
"Tommy Milone","NH","2017","NYM","New York Mets",30.5,4.113,2141,1250000,1250000,1,1,"2017","2017",0,0,0,0,162,70,92,0,0,-22,0,0,0,735,5510,1379,224,863,0.48,0.25,3.78,0.1,0.01,16,12,9,0,1,0,0,0,1,0,0,2,5,0,0,1,0,0,0.111,0.273,0.111,0.384,8,0.208,7,1,"1",0,256,144,81,0,1,0,0,0,1,0,0,4,25,0,0,1,0,0,0.012321,0.074529,0.012321,0.147456,64,0.043264,49,1,0
"Tommy Milone","NH","2018","WSH","Washington Nationals",31.5,5.113,2142,1200000,1200000,1,1,"2018","2018",0,0,0,0,162,82,80,0,0,2,0,0,1,771,5517,1402,191,682,0.488,0.254,3.87,-0.1,0.01,5,9,7,0,0,0,0,0,0,0,0,1,3,0,0,1,0,0,0,0.125,0,0.125,-63,0.087,-107,0,"/1",0,25,81,49,0,0,0,0,0,0,0,0,1,9,0,0,1,0,0,0,0.015625,0,0.015625,3969,0.007569,11449,0,0
"Tommy Milone","NH","2019","SEA","Seattle Mariners",32.5,5.153,2143,691688.341292727,691688.341292727,1,1,"2019","2019",0,0,0,0,162,68,94,0,0,-26,0,0,1,758,5500,1305,239,893,0.471,0.26,4.33,0,0,1,2,2,0,0,0,0,0,0,0,0,0,1,0,0,0,0,0,0,0,0,0,-100,0,-128,0,"1",0,1,4,4,0,0,0,0,0,0,0,0,0,1,0,0,0,0,0,0,0,0,0,10000,0,16384,0,0
"Tommy Pham","NH","2022","CIN","Cincinnati Reds",34.4,0,2145,7500000,7500000,1,1,"2022","2022",0,0,0,0,162,62,100,0,0,-38,0,0,0,648,5380,1264,156,815,0.504,0.261,3.76,0.4,0.16,144,622,554,89,131,23,1,17,63,8,3,56,167,20,7,0,5,0,0.236,0.312,0.374,0.686,89,0.305,85,207,"7D/H",0,20736,386884,306916,7921,17161,529,1,289,3969,64,9,3136,27889,400,49,0,25,0,0.055696,0.097344,0.139876,0.470596,7921,0.093025,7225,42849,0
"Tommy Pham","NH","2023","NYM","New York Mets",35.4,1,2146,6000000,6000000,1,1,"2023","2023",0,0,0,0,162,75,87,0,0,-12,0,0,0,717,5363,1276,215,729,0.482,0.25,3.8,1.5,2.25,129,481,426,55,109,27,3,16,68,22,3,47,106,11,2,0,6,1,0.256,0.328,0.446,0.774,111,0.342,109,190,"7DH9/8",0,16641,231361,181476,3025,11881,729,9,256,4624,484,9,2209,11236,121,4,0,36,1,0.065536,0.107584,0.198916,0.599076,12321,0.116964,11881,36100,0
"Tommy Pham","NH","2024","CHW","Chicago White Sox",36.4,2,2147,3085142.46840741,3085142.46840741,1,1,"2024","2024",0,0,0,0,162,41,121,0,0,-80,0,0,0,507,5383,1187,133,813,0.5,0.26,3.8,-0.2,0.04,116,478,440,49,109,20,3,9,39,7,3,35,106,5,2,0,1,0,0.248,0.305,0.368,0.674,92,0.308,97,162,"978/DH",0,13456,228484,193600,2401,11881,400,9,81,1521,49,9,1225,11236,25,4,0,1,0,0.061504,0.093025,0.135424,0.454276,8464,0.094864,9409,26244,0
"Tommy Pham","NH","2025","PIT","Pittsburgh Pirates",37.4,3,2148,4025000,4025000,1,1,"2025","2025",0,0,0,0,162,71,91,0,0,-20,0,0,1,583,5375,1244,117,645,0.5,0.263,3.76,1,1,120,449,392,44,96,17,1,10,52,5,3,50,94,12,2,0,5,3,0.245,0.33,0.37,0.7,95,0.317,98,145,"7/H9D",0,14400,201601,153664,1936,9216,289,1,100,2704,25,9,2500,8836,144,4,0,25,9,0.060025,0.1089,0.1369,0.49,9025,0.100489,9604,21025,0
"Tony Barnette","NH","2016","TEX","Texas Rangers",32.8,0,2149,3500000,1750000,1,2,"2016","2017",0,0,0,0,162,95,67,1,1,28,0,0,0,765,5525,1446,215,757,0.479,0.26,4.24,0,0,2,0,0,0,0,0,0,0,0,0,0,0,0,0,0,0,0,0,0,0,0,0,0,0,0,0,"1",0,4,0,0,0,0,0,0,0,0,0,0,0,0,0,0,0,0,0,0,0,0,0,0,0,0,0,0
"Tony Barnette","NH","2017","TEX","Texas Rangers",33.8,1,2149,3500000,1750000,1,2,"2016","2017",0,0,0,0,162,78,84,0,0,-6,0,0,1,799,5430,1326,237,816,0.479,0.26,4.25,0,0,3,0,0,0,0,0,0,0,0,0,0,0,0,0,0,0,0,0,0,0,0,0,0,0,0,0,"1",0,9,0,0,0,0,0,0,0,0,0,0,0,0,0,0,0,0,0,0,0,0,0,0,0,0,0,0
"Tony Barnette","NH","2018","TEX","Texas Rangers",34.8,2,2150,1500000,1500000,0,1,"2018","2018",0,0,0,0,162,67,95,0,0,-28,0,0,1,737,5453,1308,194,848,0.478,0.26,4.26,0,0,1,0,0,0,0,0,0,0,0,0,0,0,0,0,0,0,0,0,0,0,0,0,0,0,0,0,"1",0,1,0,0,0,0,0,0,0,0,0,0,0,0,0,0,0,0,0,0,0,0,0,0,0,0,0,0
"Tony Barnette","NH","2019","CHC","Chicago Cubs",35.8,3,2151,750000,750000,1,1,"2019","2019",0,0,0,0,162,84,78,0,0,6,0,0,1,814,5461,1378,256,717,0.514,0.263,3.68,0,0,2,0,0,0,0,0,0,0,0,0,0,0,0,0,0,0,0,0,0,0,0,0,0,0,0,0,"/1",0,4,0,0,0,0,0,0,0,0,0,0,0,0,0,0,0,0,0,0,0,0,0,0,0,0,0,0
"Tony Sipp","NH","2014","HOU","Houston Astros",31.1,0,2152,500000,500000,1,1,"2014","2014",0,0,0,0,162,70,92,0,0,-22,0,0,0,629,5447,1317,163,723,0.487,0.254,3.82,0,0,8,0,0,0,0,0,0,0,0,0,0,0,0,0,0,0,0,0,0,0,0,0,0,0,0,0,"1/79",0,64,0,0,0,0,0,0,0,0,0,0,0,0,0,0,0,0,0,0,0,0,0,0,0,0,0,0
"Tony Sipp","NH","2016","HOU","Houston Astros",33.1,1,2153,18000000,6000000,0,3,"2016","2018",0,0,0,0,162,84,78,0,0,6,0,0,0,724,5545,1367,198,701,0.489,0.254,3.82,0,0,4,0,0,0,0,0,0,0,0,0,0,0,0,0,0,0,0,0,0,0,0,0,0,0,0,0,"1",0,16,0,0,0,0,0,0,0,0,0,0,0,0,0,0,0,0,0,0,0,0,0,0,0,0,0,0
"Tony Sipp","NH","2017","HOU","Houston Astros",34.1,2,2153,18000000,6000000,0,3,"2016","2018",0,0,0,0,162,101,61,1,1,40,1,1,2,896,5611,1581,238,700,0.491,0.254,3.83,0,0,5,1,1,0,0,0,0,0,0,0,0,0,0,0,0,0,0,0,0,0,0,0,-100,0,-133,0,"1",0,25,1,1,0,0,0,0,0,0,0,0,0,0,0,0,0,0,0,0,0,0,0,10000,0,17689,0,0
"Tony Sipp","NH","2018","HOU","Houston Astros",35.1,3,2153,18000000,6000000,0,3,"2016","2018",0,0,0,0,162,103,59,1,1,44,0,0,0,797,5453,1390,205,534,0.494,0.254,3.81,0,0,3,0,0,0,0,0,0,0,0,0,0,0,0,0,0,0,0,0,0,0,0,0,0,0,0,0,"1",0,9,0,0,0,0,0,0,0,0,0,0,0,0,0,0,0,0,0,0,0,0,0,0,0,0,0,0
"Tony Sipp","NH","2018","HOU","Houston Astros",35.1,4,2154,22924884.9804904,7641628.32683012,0,3,"2018","2020",0,0,0,0,162,103,59,1,1,44,0,0,0,797,5453,1390,205,534,0.494,0.254,3.81,0,0,3,0,0,0,0,0,0,0,0,0,0,0,0,0,0,0,0,0,0,0,0,0,0,0,0,0,"1",0,9,0,0,0,0,0,0,0,0,0,0,0,0,0,0,0,0,0,0,0,0,0,0,0,0,0,0
"Tony Sipp","NH","2019","WSH","Washington Nationals",36.1,5,2154,22924884.9804904,7641628.32683012,0,3,"2018","2020",0,0,0,0,162,93,69,0,1,24,1,1,1,873,5512,1460,231,724,0.489,0.254,3.88,0,0,33,0,0,0,0,0,0,0,0,0,0,0,0,0,0,0,0,0,0,0,0,0,0,0,0,0,"1",0,1089,0,0,0,0,0,0,0,0,0,0,0,0,0,0,0,0,0,0,0,0,0,0,0,0,0,0
"Tony Sipp","NH","2019","WSH","Washington Nationals",36.1,7,2155,1250000,1250000,1,1,"2019","2019",0,0,0,0,162,93,69,0,1,24,1,1,1,873,5512,1460,231,724,0.489,0.254,3.88,0,0,33,0,0,0,0,0,0,0,0,0,0,0,0,0,0,0,0,0,0,0,0,0,0,0,0,0,"1",0,1089,0,0,0,0,0,0,0,0,0,0,0,0,0,0,0,0,0,0,0,0,0,0,0,0,0,0
"Tony Watson","NH","2018","SF","San Francisco Giants",33.2,0,2156,9000000,3000000,1,3,"2018","2020",0,0,0,0,162,73,89,0,0,-16,0,0,0,603,5541,1324,133,699,0.536,0.264,3.57,0,0,67,0,0,0,0,0,0,0,0,0,0,0,0,0,0,0,0,0,0,0,0,0,0,0,0,0,"1",0,4489,0,0,0,0,0,0,0,0,0,0,0,0,0,0,0,0,0,0,0,0,0,0,0,0,0,0
"Tony Watson","NH","2019","SF","San Francisco Giants",34.2,1,2156,9000000,3000000,1,3,"2018","2020",0,0,0,0,162,77,85,0,0,-8,0,0,0,678,5579,1332,167,773,0.535,0.264,3.57,0,0,57,0,0,0,0,0,0,0,0,0,0,0,0,0,0,0,0,0,0,0,0,0,0,0,0,0,"1",0,3249,0,0,0,0,0,0,0,0,0,0,0,0,0,0,0,0,0,0,0,0,0,0,0,0,0,0
"Tony Watson","NH","2021","SF","San Francisco Giants",36.2,4,2158,2000000,2000000,1,1,"2021","2021",0,0,0,0,162,107,55,1,1,52,0,0,0,804,5462,1360,241,594,0.536,0.264,3.57,0,0,35,1,1,0,0,0,0,0,0,0,0,0,1,0,0,0,0,0,0,0,0,0,-100,0,-125,0,"1",0,1225,1,1,0,0,0,0,0,0,0,0,0,1,0,0,0,0,0,0,0,0,0,10000,0,15625,0,0
"Torii Hunter","NH","2013","DET","Detroit Tigers",38.1,4.132,2159,26000000,13000000,1,2,"2013","2014",2,1,0,1,162,93,69,1,1,24,0,0,0,795,5766,1628,176,646,0.508,0.266,3.95,2.6,6.76,144,652,606,90,184,37,5,17,84,3,2,26,113,11,7,3,10,0,0.304,0.334,0.465,0.8,115,0.352,117,282,"9/H",0,20736,425104,367236,8100,33856,1369,25,289,7056,9,4,676,12769,121,49,9,100,0,0.092416,0.111556,0.216225,0.64,13225,0.123904,13689,79524,0
"Torii Hunter","NH","2014","DET","Detroit Tigers",39.1,5.132,2159,26000000,13000000,1,2,"2013","2014",0,0,0,0,162,90,72,1,1,18,0,0,0,757,5630,1557,155,705,0.508,0.266,3.95,0.9,0.81,142,586,549,71,157,33,2,17,83,4,3,23,89,18,7,0,7,0,0.286,0.319,0.446,0.765,114,0.34,114,245,"9/DH",0,20164,343396,301401,5041,24649,1089,4,289,6889,16,9,529,7921,324,49,0,49,0,0.081796,0.101761,0.198916,0.585225,12996,0.1156,12996,60025,0
"Torii Hunter","NH","2015","MIN","Minnesota Twins",40.1,6.132,2160,10500000,10500000,1,1,"2015","2015",0,0,0,0,162,83,79,0,0,4,0,0,0,696,5467,1349,156,700,0.48,0.263,3.97,-0.7,0.49,139,567,521,67,125,22,0,22,81,2,5,35,105,14,6,0,5,1,0.24,0.293,0.409,0.702,91,0.305,88,213,"9D/H",0,19321,321489,271441,4489,15625,484,0,484,6561,4,25,1225,11025,196,36,0,25,1,0.0576,0.085849,0.167281,0.492804,8281,0.093025,7744,45369,0
"Travis Darnaud","NH","2019","TB","Tampa Bay Rays",30.5,0,2163,691688.341292727,691688.341292727,1,1,"2019","2019",0,0,0,0,162,96,66,0,1,30,0,0,0,769,5628,1427,217,656,0.473,0.256,4.33,1,1,103,391,351,52,88,16,0,16,69,0,1,32,85,4,2,0,6,0,0.251,0.312,0.433,0.745,98,0.318,97,152,"23H/D",0,10609,152881,123201,2704,7744,256,0,256,4761,0,1,1024,7225,16,4,0,36,0,0.063001,0.097344,0.187489,0.555025,9604,0.101124,9409,23104,0
"Travis Darnaud","NH","2020","ATL","Atlanta Braves",31.5,1,2164,16000000,8000000,1,2,"2020","2021",1,0,0,1,60,35,25,1,1,10,0,0,1,348,2074,556,103,288,0.501,0.26,3.67,0.8,0.64,44,184,165,19,53,8,0,9,34,1,0,16,50,8,2,0,1,0,0.321,0.386,0.533,0.919,139,0.394,138,88,"2/DH",0,1936,33856,27225,361,2809,64,0,81,1156,1,0,256,2500,64,4,0,1,0,0.103041,0.148996,0.284089,0.844561,19321,0.155236,19044,7744,0
"Travis Darnaud","NH","2021","ATL","Atlanta Braves",32.5,2,2164,16000000,8000000,1,2,"2020","2021",0,0,0,0,161,88,73,1,1,15,1,1,0,790,5363,1307,239,656,0.501,0.26,3.67,0.2,0.04,60,229,209,21,46,14,0,7,26,0,0,17,53,7,2,0,1,0,0.22,0.284,0.388,0.671,76,0.292,70,81,"2/HD",0,3600,52441,43681,441,2116,196,0,49,676,0,0,289,2809,49,4,0,1,0,0.0484,0.080656,0.150544,0.450241,5776,0.085264,4900,6561,0
"Travis Darnaud","NH","2022","ATL","Atlanta Braves",33.5,3,2165,17833677.0786967,8916838.53934837,0,2,"2022","2023",1,0,0,0,162,101,61,1,1,40,0,0,1,789,5509,1394,243,609,0.502,0.26,3.67,2.8,7.84,107,426,396,61,106,25,1,18,60,0,0,19,90,12,11,0,0,0,0.268,0.319,0.472,0.791,117,0.347,117,187,"2/DH",0,11449,181476,156816,3721,11236,625,1,324,3600,0,0,361,8100,144,121,0,0,0,0.071824,0.101761,0.222784,0.625681,13689,0.120409,13689,34969,0
"Travis Darnaud","NH","2023","ATL","Atlanta Braves",34.5,4,2165,17833677.0786967,8916838.53934837,0,2,"2022","2023",0,0,0,0,162,104,58,1,1,46,0,0,0,947,5597,1543,307,716,0.503,0.26,3.67,0.2,0.04,74,292,267,31,60,13,0,11,39,0,0,21,67,6,3,0,1,0,0.225,0.288,0.397,0.685,84,0.3,81,106,"2/DH",0,5476,85264,71289,961,3600,169,0,121,1521,0,0,441,4489,36,9,0,1,0,0.050625,0.082944,0.157609,0.469225,7056,0.09,6561,11236,0
"Travis Darnaud","NH","2023","ATL","Atlanta Braves",34.5,5,2166,17019777.4830486,8509888.74152428,0,2,"2023","2024",0,0,0,0,162,104,58,1,1,46,0,0,0,947,5597,1543,307,716,0.503,0.26,3.67,0.2,0.04,74,292,267,31,60,13,0,11,39,0,0,21,67,6,3,0,1,0,0.225,0.288,0.397,0.685,84,0.3,81,106,"2/DH",0,5476,85264,71289,961,3600,169,0,121,1521,0,0,441,4489,36,9,0,1,0,0.050625,0.082944,0.157609,0.469225,7056,0.09,6561,11236,0
"Travis Darnaud","NH","2024","ATL","Atlanta Braves",35.5,6,2166,17019777.4830486,8509888.74152428,0,2,"2023","2024",0,0,0,0,162,89,73,0,1,16,0,0,0,704,5481,1333,213,607,0.504,0.26,3.67,1.1,1.21,99,341,307,40,73,16,0,15,48,1,0,24,89,8,6,0,4,0,0.238,0.302,0.436,0.739,103,0.32,101,134,"2H",0,9801,116281,94249,1600,5329,256,0,225,2304,1,0,576,7921,64,36,0,16,0,0.056644,0.091204,0.190096,0.546121,10609,0.1024,10201,17956,0
"Travis Darnaud","NH","2024","ATL","Atlanta Braves",35.5,7,2167,8227046.58241975,8227046.58241975,0,1,"2024","2024",0,0,0,0,162,89,73,0,1,16,0,0,0,704,5481,1333,213,607,0.504,0.26,3.67,1.1,1.21,99,341,307,40,73,16,0,15,48,1,0,24,89,8,6,0,4,0,0.238,0.302,0.436,0.739,103,0.32,101,134,"2H",0,9801,116281,94249,1600,5329,256,0,225,2304,1,0,576,7921,64,36,0,16,0,0.056644,0.091204,0.190096,0.546121,10609,0.1024,10201,17956,0
"Travis Darnaud","NH","2025","LAA","Los Angeles Angels",36.5,8,2168,12000000,6000000,1,2,"2025","2026",0,0,0,0,162,72,90,0,0,-18,0,0,1,673,5374,1209,226,837,0.495,0.256,4.02,-0.3,0.09,69,231,213,16,42,13,0,6,21,0,0,13,74,5,4,0,1,0,0.197,0.255,0.343,0.598,66,0.26,58,73,"2/HD",0,4761,53361,45369,256,1764,169,0,36,441,0,0,169,5476,25,16,0,1,0,0.038809,0.065025,0.117649,0.357604,4356,0.0676,3364,5329,0
"Travis Jankowski","NH","2021","PHI","Philadelphia Phillies",30.2,0,2169,674990.669239509,674990.669239509,1,1,"2021","2021",0,0,0,0,162,82,80,0,0,2,0,0,0,734,5366,1288,198,745,0.472,0.261,3.99,0.5,0.25,76,157,131,24,33,6,2,1,10,5,0,22,29,1,1,2,0,4,0.252,0.364,0.351,0.715,96,0.337,101,46,"8H/97",0,5776,24649,17161,576,1089,36,4,1,100,25,0,484,841,1,1,4,0,16,0.063504,0.132496,0.123201,0.511225,9216,0.113569,10201,2116,0
"Travis Jankowski","NH","2023","TEX","Texas Rangers",32.2,1,2170,1329670.11586317,1329670.11586317,1,1,"2023","2023",0,0,0,0,162,90,72,0,1,18,1,1,0,881,5595,1470,233,716,0.476,0.258,4.29,1.6,2.56,107,287,247,34,65,12,1,1,30,19,1,35,42,6,2,1,2,0,0.263,0.357,0.332,0.689,93,0.332,100,82,"7H98/D",0,11449,82369,61009,1156,4225,144,1,1,900,361,1,1225,1764,36,4,1,4,0,0.069169,0.127449,0.110224,0.474721,8649,0.110224,10000,6724,0
"Travis Jankowski","NH","2024","TEX","Texas Rangers",33.2,2,2171,1700000,1700000,0,1,"2024","2024",0,0,0,0,162,78,84,0,0,-6,0,0,1,683,5472,1302,176,738,0.476,0.258,4.29,0.4,0.16,104,207,190,19,38,5,0,1,12,11,1,12,44,3,5,0,0,0,0.2,0.266,0.242,0.508,51,0.256,58,46,"9H7D8",0,10816,42849,36100,361,1444,25,0,1,144,121,1,144,1936,9,25,0,0,0,0.04,0.070756,0.058564,0.258064,2601,0.065536,3364,2116,0
"Travis Jankowski","H","2025","TB","Tampa Bay Rays",34.2,3,2172,1050000,1050000,1,1,"2025","2025",0,0,0,0,162,77,85,0,0,-8,0,0,0,714,5470,1374,182,683,0.489,0.254,4.21,-0.3,0.09,25,50,45,8,11,2,0,0,2,2,0,3,12,0,0,1,1,0,0.244,0.286,0.289,0.575,62,0.26,53,13,"9H/781D",0,625,2500,2025,64,121,4,0,0,4,4,0,9,144,0,0,1,1,0,0.059536,0.081796,0.083521,0.330625,3844,0.0676,2809,169,0
"Travis Shaw","NH","2020","TOR","Toronto Blue Jays",30.3,4.053,2173,4000000,4000000,1,1,"2020","2020",0,0,0,0,60,32,28,0,1,4,0,0,0,302,2023,516,88,312,0.495,0.26,4.24,0.2,0.04,50,180,163,17,39,10,0,6,17,0,0,16,50,4,0,0,1,0,0.239,0.306,0.411,0.717,95,0.31,90,67,"53/HD",0,2500,32400,26569,289,1521,100,0,36,289,0,0,256,2500,16,0,0,1,0,0.057121,0.093636,0.168921,0.514089,9025,0.0961,8100,4489,0
"Travis Shaw","NH","2021","MIL","Milwaukee Brewers",31.3,5.053,2174,1500000,1500000,1,1,"2021","2021",0,0,0,0,162,95,67,1,1,28,0,0,0,738,5362,1251,194,623,0.483,0.257,4.17,-0.6,0.36,84,250,220,20,44,11,0,9,39,0,0,24,68,2,3,2,1,0,0.2,0.286,0.373,0.659,77,0.295,77,82,"53H/D",0,7056,62500,48400,400,1936,121,0,81,1521,0,0,576,4624,4,9,4,1,0,0.04,0.081796,0.139129,0.434281,5929,0.087025,5929,6724,0
"Travis Shaw","NH","2022","BOS","Boston Red Sox",32.3,6.053,2175,1500000,1500000,1,1,"2022","2022",0,0,0,0,162,78,84,0,0,-6,0,0,1,735,5539,1427,155,787,0.518,0.267,3.92,-0.7,0.49,7,19,19,0,0,0,0,0,0,0,0,0,7,0,0,0,0,0,0,0,0,0,-100,0,-134,0,"/3DH",0,49,361,361,0,0,0,0,0,0,0,0,0,49,0,0,0,0,0,0,0,0,0,10000,0,17956,0,0
"Trevor Cahill","NH","2015","ATL","Atlanta Braves",27.4,5.16,2176,687225.311355765,687225.311355765,1,1,"2015","2015",0,0,0,0,162,67,95,0,0,-28,0,0,1,573,5420,1361,100,760,0.501,0.26,3.64,0,0,26,8,7,0,1,0,0,0,0,0,0,1,2,0,0,0,0,0,0.143,0.25,0.143,0.393,13,0.199,8,1,"1",0,676,64,49,0,1,0,0,0,0,0,0,1,4,0,0,0,0,0,0.020449,0.0625,0.020449,0.154449,169,0.039601,64,1,0
"Trevor Cahill","NH","2016","CHC","Chicago Cubs",28.4,6.098,2177,4250000,4250000,0,1,"2016","2016",0,0,0,0,162,103,58,1,1,45,1,1,0,808,5503,1409,199,556,0.513,0.263,3.68,0,0,49,11,8,1,1,0,0,0,1,0,0,1,4,0,0,2,0,0,0.125,0.222,0.125,0.347,-4,0.167,-49,1,"1/H",0,2401,121,64,1,1,0,0,0,1,0,0,1,16,0,0,4,0,0,0.015625,0.049284,0.015625,0.120409,16,0.027889,2401,1,0
"Trevor Cahill","NH","2017","SD","San Diego Padres",29.4,7.098,2178,1750000,1750000,1,1,"2017","2017",0,0,0,0,162,71,91,0,0,-20,0,0,0,604,5356,1251,189,816,0.462,0.25,3.95,0.2,0.04,10,18,14,1,4,1,0,0,2,0,0,1,4,0,0,3,0,0,0.286,0.333,0.357,0.69,86,0.308,85,5,"1",0,100,324,196,1,16,1,0,0,4,0,0,1,16,0,0,9,0,0,0.081796,0.110889,0.127449,0.4761,7396,0.094864,7225,25,0
"Trevor Cahill","NH","2019","LAA","Los Angeles Angels",31.4,9.098,2180,9000000,9000000,1,1,"2019","2019",0,0,0,0,162,72,90,0,0,-18,0,0,1,769,5542,1368,220,868,0.499,0.257,3.97,0,0,2,3,3,0,1,0,0,0,0,0,0,0,1,0,0,0,0,0,0.333,0.333,0.333,0.667,79,0.295,76,1,"1/H",0,4,9,9,0,1,0,0,0,0,0,0,0,1,0,0,0,0,0,0.110889,0.110889,0.110889,0.444889,6241,0.087025,5776,1,0
"Trevor Cahill","NH","2021","PIT","Pittsburgh Pirates",33.4,11.056,2182,1500000,1500000,1,1,"2021","2021",0,0,0,0,162,61,101,0,0,-40,0,0,0,609,5336,1261,124,833,0.502,0.264,3.74,0,0,8,9,9,0,1,0,0,0,0,0,0,0,4,0,0,0,0,0,0.111,0.111,0.111,0.222,-39,0.089,-70,1,"/1",0,64,81,81,0,1,0,0,0,0,0,0,0,16,0,0,0,0,0,0.012321,0.012321,0.012321,0.049284,1521,0.007921,4900,1,0
"Trevor May","NH","2021","NYM","New York Mets",31.9,6.012,2186,15500000,7750000,1,2,"2021","2022",0,0,0,0,162,77,85,0,0,-8,0,0,0,636,5210,1243,176,668,0.48,0.25,3.8,0,0,66,0,0,0,0,0,0,0,0,0,0,0,0,0,0,0,0,0,0,0,0,0,0,0,0,0,"1",0,4356,0,0,0,0,0,0,0,0,0,0,0,0,0,0,0,0,0,0,0,0,0,0,0,0,0,0
"Trevor Megill","NH","2024","MIL","Milwaukee Brewers",30.7,1,2189,778072.930532348,778072.930532348,1,1,"2024","2024",0,0,0,0,162,93,69,1,1,24,0,0,0,777,5472,1359,177,641,0.487,0.256,4.14,0,0,1,0,0,0,0,0,0,0,0,0,0,0,0,0,0,0,0,0,0,0,0,0,0,0,0,0,"1",0,1,0,0,0,0,0,0,0,0,0,0,0,0,0,0,0,0,0,0,0,0,0,0,0,0,0,0
"Trevor Plouffe","NH","2017","OAK","Oakland Athletics",31.2,0,2191,5250000,5250000,1,1,"2017","2017",0,0,0,0,162,75,87,0,0,-12,0,0,1,739,5464,1344,234,826,0.487,0.259,3.98,-0.8,0.64,100,313,283,31,56,7,0,9,19,1,2,28,88,12,1,0,1,2,0.198,0.272,0.318,0.59,61,0.267,61,90,"5DH3/4",0,10000,97969,80089,961,3136,49,0,81,361,1,4,784,7744,144,1,0,1,4,0.039204,0.073984,0.101124,0.3481,3721,0.071289,3721,8100,0
"Trevor Plouffe","NH","2018","PHI","Philadelphia Phillies",32.2,1,2192,1500000,1500000,1,1,"2018","2018",0,0,0,0,162,80,82,0,0,-2,0,0,1,677,5424,1270,186,728,0.472,0.261,3.98,0,0,7,12,12,1,3,0,0,1,3,0,0,0,6,0,0,0,0,0,0.25,0.25,0.5,0.75,95,0.312,85,6,"/H549",0,49,144,144,1,9,0,0,1,9,0,0,0,36,0,0,0,0,0,0.0625,0.0625,0.25,0.5625,9025,0.097344,7225,36,0
"Trevor Williams","NH","2021","CHC","Chicago Cubs",29.3,0,2196,2500000,2500000,1,1,"2021","2021",0,0,0,0,162,71,91,0,0,-20,0,0,0,705,5306,1255,210,839,0.513,0.262,3.69,0.1,0.01,21,28,25,1,5,0,0,0,1,0,0,1,9,0,0,2,0,0,0.2,0.231,0.2,0.431,19,0.196,-1,5,"1",0,441,784,625,1,25,0,0,0,1,0,0,1,81,0,0,4,0,0,0.04,0.053361,0.04,0.185761,361,0.038416,1,25,0
"Tyler Anderson","NH","2022","LAD","Los Angeles Dodgers",32.6,6.065,2205,8000000,8000000,1,1,"2022","2022",1,0,0,0,162,111,51,1,1,60,0,0,2,847,5526,1418,212,513,0.531,0.261,3.52,0,0,2,1,1,0,0,0,0,0,0,0,0,0,1,0,0,0,0,0,0,0,0,0,-100,0,-136,0,"1/H",0,4,1,1,0,0,0,0,0,0,0,0,0,1,0,0,0,0,0,0,0,0,0,10000,0,18496,0,0
"Tyler Chatwood","NH","2018","CHC","Chicago Cubs",28.7,6.039,2207,38000000,12666666.6666667,1,3,"2018","2020",0,0,0,0,163,95,68,0,1,27,0,0,0,761,5624,1453,167,645,0.513,0.263,3.68,0,0,23,32,25,3,4,0,0,0,2,0,0,1,6,0,0,6,0,0,0.16,0.192,0.16,0.352,-4,0.165,-53,4,"1/H",0,529,1024,625,9,16,0,0,0,4,0,0,1,36,0,0,36,0,0,0.0256,0.036864,0.0256,0.123904,16,0.027225,2809,16,0
"Tyler Chatwood","NH","2019","CHC","Chicago Cubs",29.7,7.039,2207,38000000,12666666.6666667,1,3,"2018","2020",0,0,0,0,162,84,78,0,0,6,0,0,1,814,5461,1378,256,717,0.514,0.263,3.68,0.1,0.01,40,21,18,1,3,2,0,0,1,0,0,1,6,0,0,2,0,0,0.167,0.211,0.278,0.488,26,0.212,2,5,"1/H",0,1600,441,324,1,9,4,0,0,1,0,0,1,36,0,0,4,0,0,0.027889,0.044521,0.077284,0.238144,676,0.044944,4,25,0
"Tyler Chatwood","NH","2021","TOR","Toronto Blue Jays",31.7,9.039,2208,3000000,3000000,1,1,"2021","2021",0,0,0,0,162,91,71,0,0,20,0,0,0,846,5476,1455,262,663,0.496,0.261,4.23,0,0,6,1,1,0,0,0,0,0,0,0,0,0,1,0,0,0,0,0,0,0,0,0,-100,0,-125,0,"1",0,36,1,1,0,0,0,0,0,0,0,0,0,1,0,0,0,0,0,0,0,0,0,10000,0,15625,0,0
"Tyler Clippard","NH","2016","ARI","Arizona Diamondbacks",31.5,6.148,2209,12250000,6125000,1,2,"2016","2017",0,0,0,0,162,69,93,0,0,-24,0,0,0,752,5665,1479,190,890,0.488,0.258,4.27,0,0,39,0,0,0,0,0,0,0,0,0,0,0,0,0,0,0,0,0,0,0,0,0,0,0,0,0,"1",0,1521,0,0,0,0,0,0,0,0,0,0,0,0,0,0,0,0,0,0,0,0,0,0,0,0,0,0
"Tyler Clippard","NH","2017","NYY","New York Yankees",32.5,7.148,2209,12250000,6125000,1,2,"2016","2017",0,0,0,0,162,91,71,0,1,20,0,0,2,858,5594,1463,241,660,0.569,0.267,3.64,0,0,7,0,0,0,0,0,0,0,0,0,0,0,0,0,0,0,0,0,0,0,0,0,0,0,0,0,"1",0,49,0,0,0,0,0,0,0,0,0,0,0,0,0,0,0,0,0,0,0,0,0,0,0,0,0,0
"Tyler Clippard","NH","2018","TOR","Toronto Blue Jays",33.5,8.148,2210,1500000,1500000,1,1,"2018","2018",0,0,0,0,162,73,89,0,0,-16,0,0,0,709,5477,1336,217,832,0.496,0.261,4.23,0,0,2,0,0,0,0,0,0,0,0,0,0,0,0,0,0,0,0,0,0,0,0,0,0,0,0,0,"1",0,4,0,0,0,0,0,0,0,0,0,0,0,0,0,0,0,0,0,0,0,0,0,0,0,0,0,0
"Tyler Clippard","NH","2019","CLE","Cleveland Guardians",34.5,9.148,2211,1500000,1500000,1,1,"2019","2019",0,0,0,0,162,93,69,0,0,24,0,0,1,769,5425,1354,223,657,0.512,0.266,3.83,0,0,2,0,0,0,0,0,0,0,0,0,0,0,0,0,0,0,0,0,0,0,0,0,0,0,0,0,"1",0,4,0,0,0,0,0,0,0,0,0,0,0,0,0,0,0,0,0,0,0,0,0,0,0,0,0,0
"Tyler Clippard","NH","2021","ARI","Arizona Diamondbacks",36.5,11.134,2213,2250000,2250000,1,1,"2021","2021",0,0,0,0,162,52,110,0,0,-58,0,0,0,679,5489,1297,144,893,0.486,0.256,4.26,0,0,23,0,0,0,0,0,0,0,0,0,0,0,0,0,0,0,0,0,0,0,0,0,0,0,0,0,"1",0,529,0,0,0,0,0,0,0,0,0,0,0,0,0,0,0,0,0,0,0,0,0,0,0,0,0,0
"Tyler Flowers","NH","2016","ATL","Atlanta Braves",30.6,0,2216,5300000,2650000,1,2,"2016","2017",0,0,0,0,161,68,93,0,0,-25,0,0,0,649,5514,1404,122,779,0.5,0.26,3.65,0.4,0.16,83,325,281,27,76,18,0,8,41,0,0,29,91,3,11,0,4,1,0.27,0.357,0.42,0.777,109,0.347,112,118,"2/H",0,6889,105625,78961,729,5776,324,0,64,1681,0,0,841,8281,9,121,0,16,1,0.0729,0.127449,0.1764,0.603729,11881,0.120409,12544,13924,0
"Tyler Flowers","NH","2017","ATL","Atlanta Braves",31.6,1,2216,5300000,2650000,1,2,"2016","2017",0,0,0,0,163,72,90,0,0,-18,0,0,0,732,5584,1467,165,821,0.5,0.26,3.66,2,4,99,370,317,41,89,16,0,12,49,0,1,31,82,6,20,0,2,1,0.281,0.378,0.445,0.823,115,0.373,127,141,"2H/D",0,9801,136900,100489,1681,7921,256,0,144,2401,0,1,961,6724,36,400,0,4,1,0.078961,0.142884,0.198025,0.677329,13225,0.139129,16129,19881,0
"Tyler Flowers","NH","2019","ATL","Atlanta Braves",33.6,2,2217,7477711.79775921,7477711.79775921,0,1,"2019","2019",0,0,0,0,162,97,65,1,1,32,0,0,0,855,5560,1432,249,743,0.501,0.26,3.66,-0.2,0.04,85,310,271,36,62,11,3,11,34,0,0,31,105,8,6,0,2,3,0.229,0.319,0.413,0.733,85,0.314,79,112,"2/H",0,7225,96100,73441,1296,3844,121,9,121,1156,0,0,961,11025,64,36,0,4,9,0.052441,0.101761,0.170569,0.537289,7225,0.098596,6241,12544,0
"Tyler Flowers","NH","2020","ATL","Atlanta Braves",34.6,3,2218,4000000,4000000,0,1,"2020","2020",0,0,0,0,60,35,25,1,1,10,0,0,1,348,2074,556,103,288,0.501,0.26,3.67,0.4,0.16,22,80,69,5,15,6,0,1,5,0,0,8,34,1,3,0,0,0,0.217,0.325,0.348,0.673,78,0.304,77,24,"2",0,484,6400,4761,25,225,36,0,1,25,0,0,64,1156,1,9,0,0,0,0.047089,0.105625,0.121104,0.452929,6084,0.092416,5929,576,0
"Tyler Heineman","NH","2023","TOR","Toronto Blue Jays",31,0,2220,765889.986737186,765889.986737186,1,1,"2023","2023",0,0,0,0,162,89,73,0,1,16,0,0,1,746,5562,1423,188,671,0.499,0.261,4.22,0.2,0.04,22,47,38,5,9,1,1,0,3,1,0,8,8,0,1,0,0,0,0.237,0.383,0.316,0.699,97,0.325,99,12,"2/H",0,484,2209,1444,25,81,1,1,0,9,1,0,64,64,0,1,0,0,0,0.056169,0.146689,0.099856,0.488601,9409,0.105625,9801,144,0
"Tyler Heineman","NH","2024","TOR","Toronto Blue Jays",32,1,2221,761001.808873827,761001.808873827,1,1,"2024","2024",0,0,0,0,162,74,88,0,0,-14,0,0,0,671,5410,1306,156,743,0.498,0.26,4.22,0.2,0.04,7,16,12,2,1,0,0,0,0,0,0,3,6,0,1,0,0,0,0.083,0.313,0.083,0.396,21,0.223,34,1,"/21D",0,49,256,144,4,1,0,0,0,0,0,0,9,36,0,1,0,0,0,0.006889,0.097969,0.006889,0.156816,441,0.049729,1156,1,0
"Tyler Heineman","NH","2025","TOR","Toronto Blue Jays",33,2,2222,542621,542621,1,1,"2025","2025",0,0,0,0,162,94,68,1,1,26,1,0,1,798,5507,1461,191,721,0.5,0.26,4.22,1.9,3.61,61,174,149,25,43,8,1,3,20,2,0,12,31,1,6,5,2,0,0.289,0.361,0.416,0.777,113,0.339,112,62,"2/H1",0,3721,30276,22201,625,1849,64,1,9,400,4,0,144,961,1,36,25,4,0,0.083521,0.130321,0.173056,0.603729,12769,0.114921,12544,3844,0
"Tyson Ross","NH","2018","SD","San Diego Padres",31.3,6.118,2223,1750000,1750000,1,1,"2018","2018",0,0,0,0,162,66,96,0,0,-30,0,0,1,617,5486,1289,162,767,0.461,0.25,3.96,0.3,0.09,31,46,41,2,8,0,0,1,4,1,0,1,16,1,0,3,1,0,0.195,0.209,0.268,0.478,32,0.211,21,11,"1/H",0,961,2116,1681,4,64,0,0,1,16,1,0,1,256,1,0,9,1,0,0.038025,0.043681,0.071824,0.228484,1024,0.044521,441,121,0
"Vance Worley","NH","2017","MIA","Miami Marlins",29.9,4.112,2226,695958.90057858,695958.90057858,1,1,"2017","2017",0,0,0,0,162,77,85,0,0,-8,0,0,2,778,5602,1497,194,822,0.47,0.258,4.27,-0.1,0.01,25,27,22,0,4,0,0,0,3,0,0,0,8,1,0,5,0,0,0.182,0.182,0.182,0.364,0,0.159,-43,4,"1/H",0,625,729,484,0,16,0,0,0,9,0,0,0,64,1,0,25,0,0,0.033124,0.033124,0.033124,0.132496,0,0.025281,1849,16,0
"Wade Davis","NH","2018","COL","Colorado Rockies",32.9,0,2232,52000000,17333333.3333333,1,3,"2018","2020",0,0,0,0,163,91,72,0,1,19,0,0,0,780,5541,1418,210,745,0.473,0.274,4.95,0,0,64,0,0,0,0,0,0,0,0,0,0,0,0,0,0,0,0,0,0,0,0,0,0,0,0,0,"1",0,4096,0,0,0,0,0,0,0,0,0,0,0,0,0,0,0,0,0,0,0,0,0,0,0,0,0,0
"Wade Davis","NH","2019","COL","Colorado Rockies",33.9,1,2232,52000000,17333333.3333333,1,3,"2018","2020",0,0,0,0,162,71,91,0,0,-20,0,0,0,835,5660,1502,224,958,0.471,0.274,4.97,0,0,47,0,0,0,0,0,0,0,0,0,0,0,0,0,0,0,0,0,0,0,0,0,0,0,0,0,"1",0,2209,0,0,0,0,0,0,0,0,0,0,0,0,0,0,0,0,0,0,0,0,0,0,0,0,0,0
"Wade Davis","NH","2021","KC","Kansas City Royals",35.9,3,2233,1478945.37519612,1478945.37519612,1,1,"2021","2021",0,0,0,0,162,74,88,0,0,-14,0,0,0,686,5427,1349,163,788,0.479,0.264,4.25,0,0,5,0,0,0,0,0,0,0,0,0,0,0,0,0,0,0,0,0,0,0,0,0,0,0,0,0,"1",0,25,0,0,0,0,0,0,0,0,0,0,0,0,0,0,0,0,0,0,0,0,0,0,0,0,0,0
"Wade Leblanc","NH","2014","LAA","Los Angeles Angels",30,0,2234,689449.635766739,689449.635766739,1,1,"2014","2014",0,0,0,0,162,98,64,1,1,34,0,0,0,773,5652,1464,155,630,0.501,0.258,3.94,0,0,2,0,0,0,0,0,0,0,0,0,0,0,0,0,0,0,0,0,0,0,0,0,0,0,0,0,"1",0,4,0,0,0,0,0,0,0,0,0,0,0,0,0,0,0,0,0,0,0,0,0,0,0,0,0,0
"Wade Leblanc","NH","2016","PIT","Pittsburgh Pirates",32,1,2235,672362.379948466,672362.379948466,1,1,"2016","2016",0,0,0,0,162,78,83,0,0,-5,0,0,0,729,5542,1426,153,758,0.504,0.265,3.71,0,0,8,1,1,0,0,0,0,0,0,0,0,0,1,0,0,0,0,0,0,0,0,0,-100,0,-155,0,"/1",0,64,1,1,0,0,0,0,0,0,0,0,0,1,0,0,0,0,0,0,0,0,0,10000,0,24025,0,0
"Wade Leblanc","NH","2017","PIT","Pittsburgh Pirates",33,2,2236,1040686.20647264,1040686.20647264,0,1,"2017","2017",0,0,0,0,165,75,87,0,0,-12,0,0,0,668,5458,1331,151,731,0.504,0.264,3.72,0,0,46,5,5,0,1,0,0,0,1,0,0,0,3,0,0,0,0,0,0.2,0.2,0.2,0.4,7,0.179,-10,1,"1",0,2116,25,25,0,1,0,0,0,1,0,0,0,9,0,0,0,0,0,0.04,0.04,0.04,0.16,49,0.032041,100,1,0
"Wade Leblanc","NH","2018","SEA","Seattle Mariners",34,3,2237,650000,650000,1,1,"2018","2018",0,0,0,0,162,89,73,0,0,16,0,0,0,677,5513,1402,176,711,0.472,0.26,4.32,0.1,0.01,3,4,3,0,1,0,0,0,0,0,0,0,2,0,0,1,0,0,0.333,0.333,0.333,0.667,89,0.298,83,1,"1",0,9,16,9,0,1,0,0,0,0,0,0,0,4,0,0,1,0,0,0.110889,0.110889,0.110889,0.444889,7921,0.088804,6889,1,0
"Wade Leblanc","NH","2019","SEA","Seattle Mariners",35,4,2238,3427284.57397297,3427284.57397297,0,1,"2019","2019",0,0,0,0,162,68,94,0,0,-26,0,0,1,758,5500,1305,239,893,0.471,0.26,4.33,0.1,0.01,2,2,0,0,0,0,0,0,0,0,0,1,0,0,0,1,0,0,0,1,0,0,0,0.696,608,0,"1",0,4,4,0,0,0,0,0,0,0,0,0,1,0,0,0,1,0,0,0,1,0,0,0,0.484416,369664,0,0
"Wade Leblanc","NH","2021","STL","St Louis Cardinals",37,6,2240,674990.669239509,674990.669239509,1,1,"2021","2021",0,0,0,0,162,90,72,0,1,18,0,0,0,706,5351,1303,198,672,0.521,0.266,3.68,-0.1,0.01,11,13,11,0,0,0,0,0,0,0,0,0,3,0,0,2,0,0,0,0,0,0,-100,0,-167,0,"1",0,121,169,121,0,0,0,0,0,0,0,0,0,9,0,0,4,0,0,0,0,0,0,10000,0,27889,0,0
"Wade Miley","NH","2018","MIL","Milwaukee Brewers",31.8,0,2241,2500000,2500000,1,1,"2018","2018",0,0,0,0,163,96,67,1,1,29,0,0,1,754,5542,1398,218,659,0.48,0.258,4.17,0,0,16,28,27,1,5,0,0,0,0,0,0,1,11,0,0,0,0,0,0.185,0.214,0.185,0.399,9,0.178,-13,5,"1",0,256,784,729,1,25,0,0,0,0,0,0,1,121,0,0,0,0,0,0.034225,0.045796,0.034225,0.159201,81,0.031684,169,25,0
"Wade Miley","NH","2019","HOU","Houston Astros",32.8,1,2242,4500000,4500000,1,1,"2019","2019",0,0,0,0,162,107,55,1,1,52,1,0,0,920,5613,1538,288,640,0.496,0.255,3.81,0,0,3,6,4,1,0,0,0,0,0,0,0,1,1,0,0,1,0,0,0,0.2,0,0.2,-39,0.139,-63,0,"1",0,9,36,16,1,0,0,0,0,0,0,0,1,1,0,0,1,0,0,0,0.04,0,0.04,1521,0.019321,3969,0,0
"Wade Miley","NH","2021","CIN","Cincinnati Reds",34.8,3,2243,15000000,7500000,1,2,"2020","2021",0,0,0,0,162,83,79,0,0,4,0,0,0,786,5423,1352,222,760,0.505,0.261,3.75,0.3,0.09,28,59,54,9,10,3,0,0,3,0,0,3,13,0,0,2,0,0,0.185,0.228,0.241,0.469,22,0.211,4,13,"1/H",0,784,3481,2916,81,100,9,0,0,9,0,0,9,169,0,0,4,0,0,0.034225,0.051984,0.058081,0.219961,484,0.044521,16,169,0
"Wade Miley","NH","2021","CIN","Cincinnati Reds",34.8,4,2244,17747344.5023534,8873672.25117671,0,2,"2021","2022",0,0,0,0,162,83,79,0,0,4,0,0,0,786,5423,1352,222,760,0.505,0.261,3.75,0.3,0.09,28,59,54,9,10,3,0,0,3,0,0,3,13,0,0,2,0,0,0.185,0.228,0.241,0.469,22,0.211,4,13,"1/H",0,784,3481,2916,81,100,9,0,0,9,0,0,9,169,0,0,4,0,0,0.034225,0.051984,0.058081,0.219961,484,0.044521,16,169,0
"Weiyin Chen","NH","2016","MIA","Miami Marlins",31.1,4,2251,80000000,16000000,1,5,"2016","2020",0,0,0,0,161,79,82,0,0,-3,0,0,1,655,5547,1460,128,682,0.469,0.258,4.25,-0.6,0.36,21,49,44,0,0,0,0,0,0,0,0,0,18,2,0,5,0,0,0,0,0,0,-100,0.021,-144,0,"1",0,441,2401,1936,0,0,0,0,0,0,0,0,0,324,4,0,25,0,0,0,0,0,0,10000,0.000441,20736,0,0
"Weiyin Chen","NH","2017","MIA","Miami Marlins",32.1,5,2251,80000000,16000000,1,5,"2016","2020",0,0,0,0,162,77,85,0,0,-8,0,0,2,778,5602,1497,194,822,0.47,0.258,4.27,0,0,8,8,8,0,1,0,0,0,0,0,0,0,3,0,0,0,0,0,0.125,0.125,0.125,0.25,-31,0.1,-60,1,"/1",0,64,64,64,0,1,0,0,0,0,0,0,0,9,0,0,0,0,0,0.015625,0.015625,0.015625,0.0625,961,0.01,3600,1,0
"Weiyin Chen","NH","2018","MIA","Miami Marlins",33.1,6,2251,80000000,16000000,1,5,"2016","2020",0,0,0,0,161,63,98,0,0,-35,0,0,1,589,5488,1303,128,809,0.467,0.258,4.29,0,0,26,42,40,2,6,1,0,0,2,0,0,0,18,0,0,2,0,0,0.15,0.15,0.175,0.325,-10,0.141,-38,7,"1/H",0,676,1764,1600,4,36,1,0,0,4,0,0,0,324,0,0,4,0,0,0.0225,0.0225,0.030625,0.105625,100,0.019881,1444,49,0
"Weiyin Chen","NH","2019","MIA","Miami Marlins",34.1,7,2251,80000000,16000000,1,5,"2016","2020",0,0,0,0,162,57,105,0,0,-48,0,0,0,615,5512,1326,146,808,0.462,0.257,4.31,-0.1,0.01,43,5,5,0,0,0,0,0,0,0,0,0,4,0,0,0,0,0,0,0,0,0,-100,0,-137,0,"1",0,1849,25,25,0,0,0,0,0,0,0,0,0,16,0,0,0,0,0,0,0,0,0,10000,0,18769,0,0
"Welington Castillo","NH","2017","BAL","Baltimore Orioles",30.3,5.009,2253,13000000,6500000,1,2,"2017","2018",0,0,0,0,162,75,87,0,0,-12,0,0,1,743,5650,1469,232,841,0.477,0.259,4.01,2.3,5.29,96,365,341,44,96,11,0,20,53,0,0,22,97,10,0,0,2,0,0.282,0.323,0.49,0.813,116,0.354,120,167,"2/DH",0,9216,133225,116281,1936,9216,121,0,400,2809,0,0,484,9409,100,0,0,4,0,0.079524,0.104329,0.2401,0.660969,13456,0.125316,14400,27889,0
"Welington Castillo","NH","2018","CHW","Chicago White Sox",31.3,6.009,2253,13000000,6500000,1,2,"2017","2018",0,0,0,0,162,62,100,0,0,-38,0,0,1,656,5523,1332,182,848,0.502,0.26,3.77,0.5,0.25,49,181,170,17,44,7,0,6,15,1,0,9,46,7,2,0,0,0,0.259,0.304,0.406,0.71,94,0.313,93,69,"2/DH",0,2401,32761,28900,289,1936,49,0,36,225,1,0,81,2116,49,4,0,0,0,0.067081,0.092416,0.164836,0.5041,8836,0.097969,8649,4761,0
"Welington Castillo","NH","2018","CHW","Chicago White Sox",31.3,6.009,2254,15000000,7500000,1,2,"2018","2019",0,0,0,0,162,62,100,0,0,-38,0,0,1,656,5523,1332,182,848,0.502,0.26,3.77,0.5,0.25,49,181,170,17,44,7,0,6,15,1,0,9,46,7,2,0,0,0,0.259,0.304,0.406,0.71,94,0.313,93,69,"2/DH",0,2401,32761,28900,289,1936,49,0,36,225,1,0,81,2116,49,4,0,0,0,0.067081,0.092416,0.164836,0.5041,8836,0.097969,8649,4761,0
"Welington Castillo","NH","2019","CHW","Chicago White Sox",32.3,7.009,2254,15000000,7500000,1,2,"2018","2019",0,0,0,0,161,72,89,0,0,-17,0,0,1,708,5529,1443,182,832,0.502,0.26,3.78,-0.3,0.09,72,251,230,19,48,12,0,12,41,0,0,16,74,8,3,0,2,0,0.209,0.267,0.417,0.684,79,0.293,77,96,"2D/H",0,5184,63001,52900,361,2304,144,0,144,1681,0,0,256,5476,64,9,0,4,0,0.043681,0.071289,0.173889,0.467856,6241,0.085849,5929,9216,0
"Wesley Wright","NH","2014","CHC","Chicago Cubs",29.5,0,2256,1425000,1425000,1,1,"2014","2014",0,0,0,0,158,73,89,0,0,-16,0,0,2,614,5508,1315,157,707,0.511,0.263,3.68,0,0,53,0,0,0,0,0,0,0,0,0,0,0,0,0,0,0,0,0,0,0,0,0,0,0,0,0,"1",0,2809,0,0,0,0,0,0,0,0,0,0,0,0,0,0,0,0,0,0,0,0,0,0,0,0,0,0
"Weston Wilson","NH","2023","PHI","Philadelphia Phillies",28.9,0,2258,765889.986737186,765889.986737186,1,1,"2023","2023",0,0,0,0,162,90,72,0,1,18,0,0,1,796,5541,1417,220,715,0.473,0.26,3.99,0.2,0.04,8,22,16,5,5,0,0,1,2,3,1,6,5,0,0,0,0,0,0.313,0.5,0.5,1,176,0.445,181,8,"/7H3459",0,64,484,256,25,25,0,0,1,4,9,1,36,25,0,0,0,0,0,0.097969,0.25,0.25,1,30976,0.198025,32761,64,0
"Weston Wilson","NH","2025","PHI","Philadelphia Phillies",30.9,1,2259,764000,764000,0,1,"2025","2025",0,0,0,0,162,96,66,1,1,30,0,0,2,778,5517,1426,212,648,0.475,0.26,3.98,-0.5,0.25,52,125,111,15,22,4,0,5,17,2,3,12,34,1,1,1,0,0,0.198,0.282,0.369,0.652,76,0.289,80,41,"74/3H1D5",0,2704,15625,12321,225,484,16,0,25,289,4,9,144,1156,1,1,1,0,0,0.039204,0.079524,0.136161,0.425104,5776,0.083521,6400,1681,0
"Wil Nieves",NA,"2013","ARI","Arizona Diamondbacks",35.9,0,2260,800000,800000,0,1,"2013","2013",0,0,0,0,162,81,81,0,0,0,0,0,0,685,5676,1468,130,695,0.498,0.258,4.23,-0.1,0.01,71,206,195,16,58,11,0,1,22,0,0,8,32,7,0,0,3,0,0.297,0.32,0.369,0.69,90,0.313,88,72,"2H/D",0,5041,42436,38025,256,3364,121,0,1,484,0,0,64,1024,49,0,0,9,0,0.088209,0.1024,0.136161,0.4761,8100,0.097969,7744,5184,0
"Wil Nieves",NA,"2014","PHI","Philadelphia Phillies",36.9,1,2261,1125000,1125000,1,1,"2014","2014",0,0,0,0,159,73,89,0,0,-16,0,0,0,619,5603,1356,125,687,0.473,0.261,3.96,0.6,0.36,36,128,122,9,31,8,0,1,7,1,0,1,34,2,2,2,1,0,0.254,0.27,0.344,0.614,71,0.282,66,42,"2/3H",0,1296,16384,14884,81,961,64,0,1,49,1,0,1,1156,4,4,4,1,0,0.064516,0.0729,0.118336,0.376996,5041,0.079524,4356,1764,0
"Wil Nieves",NA,"2015","SD","San Diego Padres",37.9,2,2262,850000,850000,1,1,"2015","2015",0,0,0,0,162,74,88,0,0,-14,0,0,0,650,5457,1324,148,731,0.464,0.251,3.92,-0.3,0.09,6,14,13,1,1,0,0,1,4,0,0,1,4,0,0,0,0,0,0.077,0.143,0.308,0.451,22,0.198,9,4,"/23H",0,36,196,169,1,1,0,0,1,16,0,0,1,16,0,0,0,0,0,0.005929,0.020449,0.094864,0.203401,484,0.039204,81,16,0
"Will Smith","NH","2020","LAD","Los Angeles Dodgers",31.1,0,2263,40000000,13333333.3333333,1,3,"2020","2022",0,0,0,0,60,43,17,1,1,26,1,1,0,349,2042,523,118,213,0.528,0.261,3.53,1.4,1.96,37,137,114,23,33,9,0,8,25,0,0,20,22,2,2,0,1,1,0.289,0.401,0.579,0.98,162,0.41,157,66,"2/DH",0,1369,18769,12996,529,1089,81,0,64,625,0,0,400,484,4,4,0,1,1,0.083521,0.160801,0.335241,0.9604,26244,0.1681,24649,4356,0
"Will Smith","NH","2021","LAD","Los Angeles Dodgers",32.1,1,2263,40000000,13333333.3333333,1,3,"2020","2022",0,0,0,0,162,106,56,0,1,50,0,0,0,830,5445,1330,237,561,0.529,0.261,3.53,3.3,10.89,196,501,414,71,107,19,2,25,76,3,0,58,101,11,18,0,11,4,0.171122448979592,0.242091836734694,0.328316326530612,0.570408163265306,84.234693877551,0.248061224489796,84.8979591836735,135.969387755102,"2H/D35",0,38416,251001,171396,5041,11449,361,4,625,5776,9,0,3364,10201,121,324,0,121,16,0.029282892544773,0.0586084574135777,0.107791610266556,0.3253654727197,7095.48365264473,0.0615343710953769,7207.66347355269,18487.6744064973,0
"Will Smith","NH","2022","LAD","Los Angeles Dodgers",33.1,2,2263,40000000,13333333.3333333,1,3,"2020","2022",0,0,0,0,162,111,51,1,1,60,0,0,2,847,5526,1418,212,513,0.531,0.261,3.52,4.5,20.25,137,578,508,68,132,26,3,24,87,1,0,56,96,11,10,0,4,4,0.26,0.343,0.465,0.807,124,0.355,125,236,"2D/H",0,18769,334084,258064,4624,17424,676,9,576,7569,1,0,3136,9216,121,100,0,16,16,0.0676,0.117649,0.216225,0.651249,15376,0.126025,15625,55696,0
"Will Smith","NH","2023","LAD","Los Angeles Dodgers",34.1,3,2264,1500000,1500000,1,1,"2023","2023",1,0,0,0,162,100,62,1,1,38,0,0,0,906,5524,1422,249,699,0.531,0.261,3.52,4.1,16.81,127,554,464,80,121,21,2,19,76,3,0,63,89,8,15,0,12,2,0.258944881889764,0.356173228346457,0.434551181102362,0.790724409448819,115.086614173228,0.346251968503937,115.086614173228,201.40157480315,"2D/H",0,16129,306916,215296,6400,14641,441,4,361,5776,9,0,3969,7921,64,225,0,144,4,0.0670524518569037,0.126859368590737,0.188834728997458,0.625245091698183,13244.9287618575,0.119890425692851,13244.9287618575,40562.5943331887,0
"Will Smith","NH","2024","LAD","Los Angeles Dodgers",35.1,4,2265,5000000,5000000,1,1,"2024","2024",1,0,0,0,162,98,64,1,1,34,1,1,1,842,5522,1423,233,686,0.532,0.261,3.53,3.4,11.56,128,544,476,77,118,24,2,20,75,1,1,51,105,8,9,0,8,6,0.248,0.327,0.433,0.76,114,0.327,110,206,"2/HD",0,16384,295936,226576,5929,13924,576,4,400,5625,1,1,2601,11025,64,81,0,64,36,0.061504,0.106929,0.187489,0.5776,12996,0.106929,12100,42436,0
"Willi Castro","NH","2023","MIN","Minnesota Twins",26.3,0,2266,1800000,1800000,1,1,"2023","2023",0,0,0,0,162,87,75,1,1,12,0,0,0,778,5489,1336,233,659,0.482,0.262,3.99,2.6,6.76,124,409,358,60,92,18,5,9,34,33,5,34,99,5,12,2,3,1,0.257,0.339,0.411,0.75,105,0.341,105,147,"785H4/691D",0,15376,167281,128164,3600,8464,324,25,81,1156,1089,25,1156,9801,25,144,4,9,1,0.066049,0.114921,0.168921,0.5625,11025,0.116281,11025,21609,0
"Willi Castro","NH","2025","MIN","Minnesota Twins",28.3,1,2267,6400000,6400000,0,1,"2025","2025",0,0,0,0,162,70,92,0,0,-22,0,0,0,678,5432,1295,191,773,0.481,0.262,4,-0.2,0.04,120,454,402,58,91,17,3,11,33,10,4,40,111,12,11,1,0,1,0.226,0.313,0.366,0.679,90,0.303,89,147,"4975/86H1",0,14400,206116,161604,3364,8281,289,9,121,1089,100,16,1600,12321,144,121,1,0,1,0.051076,0.097969,0.133956,0.461041,8100,0.091809,7921,21609,0
"Willians Astudillo","NH","2018","MIN","Minnesota Twins",26.8,0,2268,694114.573020403,694114.573020403,1,1,"2018","2018",0,0,0,0,162,78,84,0,0,-6,0,0,1,738,5526,1379,166,775,0.48,0.263,3.99,0.8,0.64,29,97,93,9,33,4,1,3,21,0,0,2,3,4,1,0,1,0,0.355,0.371,0.516,0.887,139,0.379,138,48,"2/5D4178H",0,841,9409,8649,81,1089,16,1,9,441,0,0,4,9,16,1,0,1,0,0.126025,0.137641,0.266256,0.786769,19321,0.143641,19044,2304,0
"Willians Astudillo","NH","2019","MIN","Minnesota Twins",27.8,1,2269,697919.76779086,697919.76779086,0,1,"2019","2019",0,0,0,0,162,101,61,1,1,40,0,0,0,939,5732,1547,307,754,0.481,0.263,3.99,0,0,58,204,190,28,51,9,0,4,21,0,0,5,8,6,5,0,4,0,0.268,0.299,0.379,0.678,79,0.298,79,72,"235/H974D",0,3364,41616,36100,784,2601,81,0,16,441,0,0,25,64,36,25,0,16,0,0.071824,0.089401,0.143641,0.459684,6241,0.088804,6241,5184,0
"Willians Astudillo","NH","2021","MIN","Minnesota Twins",29.8,2,2270,678540.138139979,678540.138139979,0,1,"2021","2021",0,0,0,0,162,73,89,0,0,-16,0,0,0,729,5431,1311,228,834,0.481,0.263,4,-0.6,0.36,72,216,208,17,49,8,0,7,21,0,0,3,12,12,4,0,1,0,0.236,0.259,0.375,0.634,74,0.276,71,78,"532/H149",0,5184,46656,43264,289,2401,64,0,49,441,0,0,9,144,144,16,0,1,0,0.055696,0.067081,0.140625,0.401956,5476,0.076176,5041,6084,0
"Willie Bloomquist",NA,"2012","ARI","Arizona Diamondbacks",34.7,0.029,2271,3800000,1900000,0,2,"2012","2013",0,0,0,0,162,81,81,0,0,0,0,0,0,734,5462,1416,165,688,0.498,0.258,4.26,-0.1,0.01,80,338,324,47,98,21,5,0,23,7,10,12,55,5,0,0,2,0,0.302,0.325,0.398,0.724,93,0.32,96,129,"65/H479",0,6400,114244,104976,2209,9604,441,25,0,529,49,100,144,3025,25,0,0,4,0,0.091204,0.105625,0.158404,0.524176,8649,0.1024,9216,16641,0
"Willie Bloomquist",NA,"2013","ARI","Arizona Diamondbacks",35.7,1.029,2271,3800000,1900000,0,2,"2012","2013",0,0,0,0,162,81,81,0,0,0,0,0,0,685,5676,1468,130,695,0.498,0.258,4.23,0.4,0.16,48,150,139,16,44,5,1,0,14,0,2,8,11,3,2,0,1,0,0.317,0.36,0.367,0.727,101,0.327,104,51,"H4/67",0,2304,22500,19321,256,1936,25,1,0,196,0,4,64,121,9,4,0,1,0,0.100489,0.1296,0.134689,0.528529,10201,0.106929,10816,2601,0
"Willie Bloomquist",NA,"2014","SEA","Seattle Mariners",36.7,2.029,2272,5800000,2900000,1,2,"2014","2015",0,0,0,0,162,87,75,0,0,12,0,0,0,634,5450,1328,136,554,0.468,0.261,4.33,0.2,0.04,47,139,133,15,37,6,0,1,14,1,1,4,32,1,0,1,1,1,0.278,0.297,0.346,0.643,86,0.279,75,46,"64H/35D79",0,2209,19321,17689,225,1369,36,0,1,196,1,1,16,1024,1,0,1,1,1,0.077284,0.088209,0.119716,0.413449,7396,0.077841,5625,2116,0
"Willie Bloomquist",NA,"2015","SEA","Seattle Mariners",37.7,3.029,2272,5800000,2900000,1,2,"2014","2015",0,0,0,0,162,76,86,0,0,-10,0,0,1,656,5544,1379,198,726,0.468,0.261,4.33,-0.4,0.16,35,72,69,2,11,1,0,0,4,1,1,2,13,2,1,0,0,0,0.159,0.194,0.174,0.368,5,0.201,17,12,"H/465739",0,1225,5184,4761,4,121,1,0,0,16,1,1,4,169,4,1,0,0,0,0.025281,0.037636,0.030276,0.135424,25,0.040401,289,144,0
"Wilmer Difo","NH","2021","PIT","Pittsburgh Pirates",29.3,3.146,2273,1000000,1000000,1,1,"2021","2021",0,0,0,0,162,61,101,0,0,-40,0,0,0,609,5336,1261,124,833,0.502,0.264,3.74,-0.1,0.01,116,240,219,25,59,7,3,4,24,1,0,20,54,2,0,0,1,0,0.269,0.329,0.384,0.713,93,0.323,96,84,"H45/9681",0,13456,57600,47961,625,3481,49,9,16,576,1,0,400,2916,4,0,0,1,0,0.072361,0.108241,0.147456,0.508369,8649,0.104329,9216,7056,0
"Wilmer Flores","NH","2019","ARI","Arizona Diamondbacks",28,0,2275,4250000,4250000,1,1,"2019","2019",0,0,0,0,162,85,77,0,0,8,0,0,0,813,5633,1419,220,743,0.495,0.257,4.21,0.6,0.36,89,285,265,31,84,18,0,9,37,0,0,15,31,9,4,0,1,0,0.317,0.361,0.487,0.848,118,0.365,121,129,"4H3",0,7921,81225,70225,961,7056,324,0,81,1369,0,0,225,961,81,16,0,1,0,0.100489,0.130321,0.237169,0.719104,13924,0.133225,14641,16641,0
"Wilmer Flores","NH","2020","SF","San Francisco Giants",29,1,2276,6250000,3125000,1,2,"2020","2021",0,0,0,0,60,29,31,0,0,-2,0,0,0,299,2019,532,81,297,0.535,0.264,3.58,1.2,1.44,55,213,198,30,53,11,1,12,32,1,0,13,36,5,1,0,1,1,0.268,0.315,0.515,0.83,124,0.352,120,102,"D34/H5",1,3025,45369,39204,900,2809,121,1,144,1024,1,0,169,1296,25,1,0,1,1,0.071824,0.099225,0.265225,0.6889,15376,0.123904,14400,10404,1
"Wilmer Flores","NH","2021","SF","San Francisco Giants",30,2,2276,6250000,3125000,1,2,"2020","2021",0,0,0,0,162,107,55,1,1,52,0,0,0,804,5462,1360,241,594,0.536,0.264,3.57,1.8,3.24,139,436,389,57,102,16,1,18,53,1,0,41,56,11,3,0,3,0,0.262,0.335,0.447,0.782,111,0.348,115,174,"5H34/D",0,19321,190096,151321,3249,10404,256,1,324,2809,1,0,1681,3136,121,9,0,9,0,0.068644,0.112225,0.199809,0.611524,12321,0.121104,13225,30276,0
"Wilmer Flores","H","2022","SF","San Francisco Giants",31,3,2277,6966280.10886591,3483140.05443296,0,2,"2022","2023",0,0,0,0,162,81,81,0,0,0,0,0,0,716,5392,1261,183,697,0.536,0.263,3.58,0.9,0.81,151,602,525,72,120,28,1,19,71,0,0,59,103,7,11,0,7,1,0.229,0.316,0.394,0.71,101,0.316,101,207,"435DH",0,22801,362404,275625,5184,14400,784,1,361,5041,0,0,3481,10609,49,121,0,49,1,0.052441,0.099856,0.155236,0.5041,10201,0.099856,10201,42849,0
"Wilmer Flores","H","2023","SF","San Francisco Giants",32,4,2277,6966280.10886591,3483140.05443296,0,2,"2022","2023",0,0,0,0,162,79,83,0,0,-4,0,0,0,674,5412,1271,174,719,0.536,0.263,3.58,2.7,7.29,126,454,405,51,115,22,0,23,60,0,0,41,63,13,5,0,3,1,0.284,0.355,0.509,0.863,137,0.369,137,206,"3DH5/4",0,15876,206116,164025,2601,13225,484,0,529,3600,0,0,1681,3969,169,25,0,9,1,0.080656,0.126025,0.259081,0.744769,18769,0.136161,18769,42436,0
"Wilmer Flores","NH","2023","SF","San Francisco Giants",32,5,2278,17551645.5293938,5850548.50979795,0,3,"2023","2025",0,0,0,0,162,79,83,0,0,-4,0,0,0,674,5412,1271,174,719,0.536,0.263,3.58,2.7,7.29,126,454,405,51,115,22,0,23,60,0,0,41,63,13,5,0,3,1,0.284,0.355,0.509,0.863,137,0.369,137,206,"3DH5/4",0,15876,206116,164025,2601,13225,484,0,529,3600,0,0,1681,3969,169,25,0,9,1,0.080656,0.126025,0.259081,0.744769,18769,0.136161,18769,42436,0
"Wilmer Flores","NH","2024","SF","San Francisco Giants",33,6,2278,17551645.5293938,5850548.50979795,0,3,"2023","2025",0,0,0,0,162,80,82,0,0,-2,0,0,0,693,5460,1303,177,699,0.535,0.263,3.58,-0.6,0.36,71,242,214,19,44,12,0,4,26,0,0,20,33,5,3,0,5,1,0.206,0.277,0.318,0.595,71,0.274,75,68,"3H/D5",0,5041,58564,45796,361,1936,144,0,16,676,0,0,400,1089,25,9,0,25,1,0.042436,0.076729,0.101124,0.354025,5041,0.075076,5625,4624,0
"Wilmer Flores","NH","2025","SF","San Francisco Giants",34,7,2278,17551645.5293938,5850548.50979795,0,3,"2023","2025",0,0,0,0,162,81,81,0,0,0,0,0,0,705,5375,1261,173,684,0.535,0.263,3.59,0.3,0.09,125,463,419,44,101,10,0,16,71,1,0,34,88,14,7,0,3,0,0.241,0.307,0.379,0.686,96,0.312,101,159,"D3H/5",0,15625,214369,175561,1936,10201,100,0,256,5041,1,0,1156,7744,196,49,0,9,0,0.058081,0.094249,0.143641,0.470596,9216,0.097344,10201,25281,0
"Wilson Ramos","NH","2017","TB","Tampa Bay Rays",30,0,2279,12500000,6250000,1,2,"2017","2018",0,0,0,0,162,80,82,0,0,-2,0,0,0,694,5478,1340,228,704,0.463,0.256,4.4,0.1,0.01,64,224,208,19,54,6,0,11,35,0,0,10,36,11,0,0,3,2,0.26,0.29,0.447,0.737,97,0.314,93,93,"2/HD",0,4096,50176,43264,361,2916,36,0,121,1225,0,0,100,1296,121,0,0,9,4,0.0676,0.0841,0.199809,0.543169,9409,0.098596,8649,8649,0
"Wilson Ramos","NH","2018","TB","Tampa Bay Rays",31,1,2279,12500000,6250000,1,2,"2017","2018",1,0,0,0,162,90,72,0,0,18,0,0,0,716,5475,1415,150,646,0.468,0.256,4.36,2.5,6.25,111,416,382,39,117,22,1,15,70,0,0,32,80,20,0,0,2,2,0.306,0.358,0.487,0.845,130,0.366,131,186,"2H/D",0,12321,173056,145924,1521,13689,484,1,225,4900,0,0,1024,6400,400,0,0,4,4,0.093636,0.128164,0.237169,0.714025,16900,0.133956,17161,34596,0
"Wilson Ramos","NH","2019","NYM","New York Mets",32,2,2280,19000000,9500000,1,2,"2019","2020",0,0,0,0,162,86,76,0,0,10,0,0,0,791,5624,1445,242,737,0.481,0.25,3.79,2.1,4.41,141,524,473,52,136,19,0,14,73,1,0,44,69,16,4,0,3,5,0.288,0.351,0.416,0.768,106,0.336,108,197,"2H/D",0,19881,274576,223729,2704,18496,361,0,196,5329,1,0,1936,4761,256,16,0,9,25,0.082944,0.123201,0.173056,0.589824,11236,0.112896,11664,38809,0
"Wilson Ramos","NH","2020","NYM","New York Mets",33,3,2280,19000000,9500000,1,2,"2019","2020",0,0,0,0,60,26,34,0,0,-8,0,0,0,286,2023,551,86,308,0.48,0.25,3.8,0.3,0.09,45,155,142,13,34,6,0,5,15,0,0,10,31,5,2,0,1,0,0.239,0.297,0.387,0.684,87,0.299,84,55,"2/HD",0,2025,24025,20164,169,1156,36,0,25,225,0,0,100,961,25,4,0,1,0,0.057121,0.088209,0.149769,0.467856,7569,0.089401,7056,3025,0
"Wilson Ramos","NH","2020","NYM","New York Mets",33,4,2281,23282954.7279906,11641477.3639953,0,2,"2020","2021",0,0,0,0,60,26,34,0,0,-8,0,0,0,286,2023,551,86,308,0.48,0.25,3.8,0.3,0.09,45,155,142,13,34,6,0,5,15,0,0,10,31,5,2,0,1,0,0.239,0.297,0.387,0.684,87,0.299,84,55,"2/HD",0,2025,24025,20164,169,1156,36,0,25,225,0,0,100,961,25,4,0,1,0,0.057121,0.088209,0.149769,0.467856,7569,0.089401,7056,3025,0
"Wilson Ramos","NH","2021","DET","Detroit Tigers",34,5,2281,23282954.7279906,11641477.3639953,0,2,"2020","2021",0,0,0,0,162,77,85,0,0,-8,0,0,0,697,5376,1299,179,756,0.504,0.265,4,-0.4,0.16,44,163,151,15,31,5,0,8,20,0,0,9,36,2,0,0,1,0,0.205,0.248,0.397,0.646,76,0.279,73,60,"2D/H",0,1936,26569,22801,225,961,25,0,64,400,0,0,81,1296,4,0,0,1,0,0.042025,0.061504,0.157609,0.417316,5776,0.077841,5329,3600,0
"Wilson Ramos","NH","2021","DET","Detroit Tigers",34,6,2282,2000000,2000000,1,1,"2021","2021",0,0,0,0,162,77,85,0,0,-8,0,0,0,697,5376,1299,179,756,0.504,0.265,4,-0.4,0.16,44,163,151,15,31,5,0,8,20,0,0,9,36,2,0,0,1,0,0.205,0.248,0.397,0.646,76,0.279,73,60,"2D/H",0,1936,26569,22801,225,961,25,0,64,400,0,0,81,1296,4,0,0,1,0,0.042025,0.061504,0.157609,0.417316,5776,0.077841,5329,3600,0
"Wily Peralta","NH","2018","KC","Kansas City Royals",29.2,4.112,2283,1525000,1525000,1,1,"2018","2018",0,0,0,0,162,58,104,0,0,-46,0,0,0,638,5505,1350,155,833,0.483,0.264,4.22,0,0,2,0,0,0,0,0,0,0,0,0,0,0,0,0,0,0,0,0,0,0,0,0,0,0,0,0,"1",0,4,0,0,0,0,0,0,0,0,0,0,0,0,0,0,0,0,0,0,0,0,0,0,0,0,0,0
"Wily Peralta","NH","2021","DET","Detroit Tigers",32.2,5.166,2284,1500000,1500000,1,1,"2021","2021",0,0,0,0,162,77,85,0,0,-8,0,0,0,697,5376,1299,179,756,0.504,0.265,4,0,0,1,2,1,0,0,0,0,0,0,0,0,1,0,0,0,0,0,0,0,0.5,0,0.5,60,0.346,121,0,"1",0,1,4,1,0,0,0,0,0,0,0,0,1,0,0,0,0,0,0,0,0.25,0,0.25,3600,0.119716,14641,0,0
"Xavier Nady","NH","2012","WSH","Washington Nationals",33.7,0,2288,700000,700000,1,1,"2012","2012",0,0,0,0,162,98,64,1,1,34,0,0,0,731,5615,1468,194,594,0.478,0.254,3.91,-0.8,0.64,59,166,152,12,28,6,1,4,13,1,0,13,37,8,1,0,0,2,0.184,0.253,0.316,0.569,56,0.251,43,48,"7H9",0,3481,27556,23104,144,784,36,1,16,169,1,0,169,1369,64,1,0,0,4,0.033856,0.064009,0.099856,0.323761,3136,0.063001,1849,2304,0
"Xavier Nady","NH","2014","SD","San Diego Padres",35.7,1,2289,775000,775000,1,1,"2014","2014",0,0,0,0,162,77,85,0,0,-8,0,0,1,535,5294,1199,109,577,0.464,0.251,3.92,-0.2,0.04,22,42,37,4,5,1,0,3,4,0,0,5,9,4,0,0,0,0,0.135,0.238,0.405,0.644,83,0.287,81,15,"H/973",0,484,1764,1369,16,25,1,0,9,16,0,0,25,81,16,0,0,0,0,0.018225,0.056644,0.164025,0.414736,6889,0.082369,6561,225,0
"Yan Gomes","NH","2020","WSH","Washington Nationals",33.1,0,2290,10000000,5000000,0,2,"2020","2021",0,0,0,0,60,26,34,0,0,-8,0,0,1,293,1968,519,66,301,0.489,0.254,3.88,0.7,0.49,30,119,109,14,31,6,1,4,13,1,0,6,22,1,1,0,3,0,0.284,0.319,0.468,0.787,110,0.351,115,51,"2",0,900,14161,11881,196,961,36,1,16,169,1,0,36,484,1,1,0,9,0,0.080656,0.101761,0.219024,0.619369,12100,0.123201,13225,2601,0
"Yan Gomes","NH","2021","WSH","Washington Nationals",34.1,1,2290,10000000,5000000,0,2,"2020","2021",0,0,0,0,162,65,97,0,0,-32,0,0,0,724,5385,1388,182,820,0.487,0.254,3.9,2.4,5.76,103,375,349,49,88,15,1,14,52,0,0,19,78,15,6,0,1,3,0.252,0.301,0.421,0.723,98,0.314,97,147,"2/HD",0,10609,140625,121801,2401,7744,225,1,196,2704,0,0,361,6084,225,36,0,1,9,0.063504,0.090601,0.177241,0.522729,9604,0.098596,9409,21609,0
"Yan Gomes","NH","2022","CHC","Chicago Cubs",35.1,2,2291,13000000,6500000,1,2,"2022","2023",0,0,0,0,162,74,88,0,0,-14,0,0,1,657,5425,1293,159,731,0.513,0.262,3.69,0.7,0.49,86,293,277,23,65,12,0,8,31,2,0,8,47,15,3,1,4,0,0.235,0.26,0.365,0.625,72,0.282,71,101,"2/DH",0,7396,85849,76729,529,4225,144,0,64,961,4,0,64,2209,225,9,1,16,0,0.055225,0.0676,0.133225,0.390625,5184,0.079524,5041,10201,0
"Yan Gomes","NH","2023","CHC","Chicago Cubs",36.1,3,2291,13000000,6500000,1,2,"2022","2023",0,0,0,0,162,83,79,0,0,4,0,0,0,819,5504,1399,196,723,0.513,0.262,3.7,2,4,116,419,382,44,102,20,2,10,63,1,0,21,81,9,9,0,7,1,0.267,0.315,0.408,0.723,98,0.313,94,156,"2DH",0,13456,175561,145924,1936,10404,400,4,100,3969,1,0,441,6561,81,81,0,49,1,0.071289,0.099225,0.166464,0.522729,9604,0.097969,8836,24336,0
"Yan Gomes","NH","2023","CHC","Chicago Cubs",36.1,4,2292,13828569.204977,6914284.60248848,0,2,"2023","2024",0,0,0,0,162,83,79,0,0,4,0,0,0,819,5504,1399,196,723,0.513,0.262,3.7,2,4,116,419,382,44,102,20,2,10,63,1,0,21,81,9,9,0,7,1,0.267,0.315,0.408,0.723,98,0.313,94,156,"2DH",0,13456,175561,145924,1936,10404,400,4,100,3969,1,0,441,6561,81,81,0,49,1,0.071289,0.099225,0.166464,0.522729,9604,0.097969,8836,24336,0
"Yan Gomes","NH","2024","CHC","Chicago Cubs",37.1,5,2292,13828569.204977,6914284.60248848,0,2,"2023","2024",0,0,0,0,162,83,79,0,0,4,0,0,0,736,5441,1318,170,669,0.513,0.262,3.7,-0.7,0.49,34,96,91,7,14,2,0,2,7,0,0,2,36,2,1,1,1,0,0.154,0.179,0.242,0.421,18,0.192,12,22,"2",0,1156,9216,8281,49,196,4,0,4,49,0,0,4,1296,4,1,1,1,0,0.023716,0.032041,0.058564,0.177241,324,0.036864,144,484,0
"Yasmani Grandal","NH","2019","MIL","Milwaukee Brewers",30.8,0,2293,18250000,18250000,1,1,"2019","2019",2,1,0,0,162,89,73,0,1,16,0,0,0,769,5542,1366,250,766,0.481,0.258,4.18,2.5,6.25,153,632,513,79,126,26,2,28,77,5,1,109,139,16,5,0,5,2,0.246,0.38,0.468,0.848,119,0.37,123,240,"23/HD",0,23409,399424,263169,6241,15876,676,4,784,5929,25,1,11881,19321,256,25,0,25,4,0.060516,0.1444,0.219024,0.719104,14161,0.1369,15129,57600,0
"Yasmani Grandal","NH","2020","CHW","Chicago White Sox",31.8,1,2294,73000000,18250000,1,4,"2020","2023",0,0,0,0,60,35,25,0,1,10,0,0,0,306,2047,534,96,246,0.502,0.26,3.78,0.9,0.81,46,194,161,27,37,7,0,8,27,0,0,30,58,4,1,0,2,0,0.23,0.351,0.422,0.773,112,0.34,111,68,"2/D3H",0,2116,37636,25921,729,1369,49,0,64,729,0,0,900,3364,16,1,0,4,0,0.0529,0.123201,0.178084,0.597529,12544,0.1156,12321,4624,0
"Yasmani Grandal","NH","2021","CHW","Chicago White Sox",32.8,2,2294,73000000,18250000,1,4,"2020","2023",0,0,0,0,162,93,69,1,1,24,0,0,0,796,5357,1373,190,636,0.503,0.26,3.78,3.7,13.69,93,375,279,60,67,9,0,23,62,0,0,87,82,15,3,1,5,0,0.24,0.42,0.52,0.939,155,0.406,159,145,"2/D3H",0,8649,140625,77841,3600,4489,81,0,529,3844,0,0,7569,6724,225,9,1,25,0,0.0576,0.1764,0.2704,0.881721,24025,0.164836,25281,21025,0
"Yasmani Grandal","NH","2022","CHW","Chicago White Sox",33.8,3,2294,73000000,18250000,1,4,"2020","2023",0,0,0,0,162,81,81,0,0,0,0,0,2,686,5611,1435,149,717,0.503,0.26,3.78,-1.4,1.96,99,376,327,15,66,7,0,5,27,1,0,45,79,8,2,0,2,1,0.202,0.301,0.269,0.57,64,0.266,64,88,"2D/3H",0,9801,141376,106929,225,4356,49,0,25,729,1,0,2025,6241,64,4,0,4,1,0.040804,0.090601,0.072361,0.3249,4096,0.070756,4096,7744,0
"Yasmani Grandal","NH","2023","CHW","Chicago White Sox",34.8,4,2294,73000000,18250000,1,4,"2020","2023",0,0,0,0,162,61,101,0,0,-40,0,0,0,641,5501,1308,171,841,0.502,0.26,3.79,-0.6,0.36,118,405,363,33,85,14,0,8,33,0,0,36,86,11,4,0,2,1,0.234,0.309,0.339,0.647,79,0.294,81,123,"2HD/3",0,13924,164025,131769,1089,7225,196,0,64,1089,0,0,1296,7396,121,16,0,4,1,0.054756,0.095481,0.114921,0.418609,6241,0.086436,6561,15129,0
"Yasmani Grandal","NH","2024","PIT","Pittsburgh Pirates",35.8,5,2295,2500000,2500000,1,1,"2024","2024",0,0,0,0,162,76,86,0,0,-10,0,0,0,665,5477,1283,160,739,0.5,0.263,3.76,0.7,0.49,72,243,215,26,49,10,0,9,27,1,0,24,46,7,0,3,1,0,0.228,0.304,0.4,0.704,96,0.327,106,86,"2/H3",0,5184,59049,46225,676,2401,100,0,81,729,1,0,576,2116,49,0,9,1,0,0.051984,0.092416,0.16,0.495616,9216,0.106929,11236,7396,0
"Yimi Garcia","NH","2025","TOR","Toronto Blue Jays",35,5,2301,15000000,7500000,1,2,"2025","2026",0,0,0,0,162,94,68,1,1,26,1,0,1,798,5507,1461,191,721,0.5,0.26,4.22,0,0,1,0,0,0,0,0,0,0,0,0,0,0,0,0,0,0,0,0,0,0,0,0,0,0,0,0,"1",0,1,0,0,0,0,0,0,0,0,0,0,0,0,0,0,0,0,0,0,0,0,0,0,0,0,0,0
"Yonder Alonso","NH","2018","CLE","Cleveland Guardians",31.3,6.116,2302,16000000,8000000,1,2,"2018","2019",0,0,0,0,162,91,71,1,1,20,0,0,1,818,5595,1447,216,648,0.511,0.266,3.83,1.5,2.25,145,574,516,64,129,19,0,23,83,0,0,51,123,10,2,0,5,1,0.25,0.317,0.421,0.738,98,0.323,96,217,"3/HD",0,21025,329476,266256,4096,16641,361,0,529,6889,0,0,2601,15129,100,4,0,25,1,0.0625,0.100489,0.177241,0.544644,9604,0.104329,9216,47089,0
"Yonder Alonso","NH","2019","CHW","Chicago White Sox",32.3,7.116,2302,16000000,8000000,1,2,"2018","2019",0,0,0,0,161,72,89,0,0,-17,0,0,1,708,5529,1443,182,832,0.502,0.26,3.78,-0.9,0.81,121,335,292,34,58,13,0,10,37,0,1,39,70,13,2,0,2,3,0.199,0.296,0.346,0.641,68,0.292,72,101,"HD3",0,14641,112225,85264,1156,3364,169,0,100,1369,0,1,1521,4900,169,4,0,4,9,0.039601,0.087616,0.119716,0.410881,4624,0.085264,5184,10201,0
"Yonder Alonso","NH","2019","CHW","Chicago White Sox",32.3,7.116,2303,691688.341292727,691688.341292727,1,1,"2019","2019",0,0,0,0,161,72,89,0,0,-17,0,0,1,708,5529,1443,182,832,0.502,0.26,3.78,-0.9,0.81,121,335,292,34,58,13,0,10,37,0,1,39,70,13,2,0,2,3,0.199,0.296,0.346,0.641,68,0.292,72,101,"HD3",0,14641,112225,85264,1156,3364,169,0,100,1369,0,1,1521,4900,169,4,0,4,9,0.039601,0.087616,0.119716,0.410881,4624,0.085264,5184,10201,0
"Yovani Gallardo","NH","2016","BAL","Baltimore Orioles",30.4,8.108,2307,22000000,11000000,1,2,"2016","2017",0,0,0,0,162,89,73,0,1,16,0,0,0,744,5524,1413,253,715,0.477,0.259,4,0.2,0.04,3,6,4,1,2,0,0,0,0,0,0,1,1,0,0,1,0,0,0.5,0.6,0.5,1.1,202,0.495,245,2,"1/H",0,9,36,16,1,4,0,0,0,0,0,0,1,1,0,0,1,0,0,0.25,0.36,0.25,1.21,40804,0.245025,60025,4,0
"Yovani Gallardo","NH","2017","SEA","Seattle Mariners",31.4,9.108,2307,22000000,11000000,1,2,"2016","2017",0,0,0,0,162,78,84,0,0,-6,0,0,0,750,5551,1436,200,772,0.47,0.26,4.32,0.1,0.01,1,2,2,0,1,0,0,0,0,0,0,0,0,0,0,0,0,0,0.5,0.5,0.5,1,176,0.446,188,1,"1",0,1,4,4,0,1,0,0,0,0,0,0,0,0,0,0,0,0,0,0.25,0.25,0.25,1,30976,0.198916,35344,1,0
"Yovani Gallardo","NH","2018","CIN","Cincinnati Reds",32.4,10.108,2308,750000,750000,1,1,"2018","2018",0,0,0,0,162,67,95,0,0,-28,0,0,0,696,5532,1404,172,819,0.505,0.261,3.74,0,0,4,2,1,0,0,0,0,0,0,0,0,0,0,0,0,1,0,0,0,0,0,0,-100,0,-375,0,"1",0,16,4,1,0,0,0,0,0,0,0,0,0,0,0,0,1,0,0,0,0,0,0,10000,0,140625,0,0
"Yusmeiro Petit","NH","2016","WSH","Washington Nationals",31.8,0,2313,3000000,3000000,1,1,"2016","2016",0,0,0,0,162,95,67,1,1,28,0,0,0,763,5490,1403,203,612,0.485,0.253,3.86,0,0,33,7,6,0,1,0,0,0,0,0,0,0,2,0,0,1,0,0,0.167,0.167,0.167,0.333,-11,0.15,-58,1,"1",0,1089,49,36,0,1,0,0,0,0,0,0,0,4,0,0,1,0,0,0.027889,0.027889,0.027889,0.110889,121,0.0225,3364,1,0
"Yusmeiro Petit","NH","2017","LAA","Los Angeles Angels",32.8,1,2314,2250000,2250000,1,1,"2017","2017",0,0,0,0,162,80,82,0,0,-2,0,0,0,710,5415,1314,186,709,0.501,0.258,3.95,0,0,2,0,0,0,0,0,0,0,0,0,0,0,0,0,0,0,0,0,0,0,0,0,0,0,0,0,"1",0,4,0,0,0,0,0,0,0,0,0,0,0,0,0,0,0,0,0,0,0,0,0,0,0,0,0,0
"Yusmeiro Petit","NH","2018","OAK","Oakland Athletics",33.8,2,2315,10000000,5000000,1,2,"2018","2019",0,0,0,0,162,97,65,0,1,32,0,0,0,813,5579,1407,227,674,0.488,0.259,3.98,0,0,4,0,0,0,0,0,0,0,0,0,0,0,0,0,0,0,0,0,0,0,0,0,0,0,0,0,"1",0,16,0,0,0,0,0,0,0,0,0,0,0,0,0,0,0,0,0,0,0,0,0,0,0,0,0,0
"Yusmeiro Petit","NH","2019","OAK","Oakland Athletics",34.8,3,2315,10000000,5000000,1,2,"2018","2019",0,0,0,0,162,97,65,0,1,32,0,0,1,845,5561,1384,257,680,0.489,0.259,3.98,0,0,6,1,1,0,0,0,0,0,0,0,0,0,0,1,0,0,0,0,0,0,0,0,-100,0,-115,0,"1",0,36,1,1,0,0,0,0,0,0,0,0,0,0,1,0,0,0,0,0,0,0,0,10000,0,13225,0,0
"Yusmeiro Petit","NH","2019","OAK","Oakland Athletics",34.8,4,2316,12462852.9962654,6231426.49813268,0,2,"2019","2020",0,0,0,0,162,97,65,0,1,32,0,0,1,845,5561,1384,257,680,0.489,0.259,3.98,0,0,6,1,1,0,0,0,0,0,0,0,0,0,0,1,0,0,0,0,0,0,0,0,-100,0,-115,0,"1",0,36,1,1,0,0,0,0,0,0,0,0,0,0,1,0,0,0,0,0,0,0,0,10000,0,13225,0,0
"Yusmeiro Petit","NH","2021","OAK","Oakland Athletics",36.8,7,2317,12254186.6989424,6127093.34947122,0,2,"2020","2021",0,0,0,0,162,86,76,0,0,10,0,0,0,743,5395,1284,199,687,0.489,0.258,3.98,0,0,6,0,0,0,0,0,0,0,0,0,0,0,0,0,0,0,0,0,0,0,0,0,0,0,0,0,"1",0,36,0,0,0,0,0,0,0,0,0,0,0,0,0,0,0,0,0,0,0,0,0,0,0,0,0,0
"Yusmeiro Petit","NH","2021","OAK","Oakland Athletics",36.8,8,2318,2550000,2550000,0,1,"2021","2021",0,0,0,0,162,86,76,0,0,10,0,0,0,743,5395,1284,199,687,0.489,0.258,3.98,0,0,6,0,0,0,0,0,0,0,0,0,0,0,0,0,0,0,0,0,0,0,0,0,0,0,0,0,"1",0,36,0,0,0,0,0,0,0,0,0,0,0,0,0,0,0,0,0,0,0,0,0,0,0,0,0,0
"Zach Duke",NA,"2012","WSH","Washington Nationals",29.2,0,2321,900000,900000,1,1,"2012","2012",0,0,0,0,162,98,64,1,1,34,0,0,0,731,5615,1468,194,594,0.478,0.254,3.91,0,0,8,1,1,0,0,0,0,0,0,0,0,0,0,0,0,0,0,0,0,0,0,0,-100,0,-145,0,"/1",0,64,1,1,0,0,0,0,0,0,0,0,0,0,0,0,0,0,0,0,0,0,0,10000,0,21025,0,0
"Zach Duke",NA,"2013","CIN","Cincinnati Reds",30.2,1,2322,687482.955954937,687482.955954937,1,1,"2013","2013",0,0,0,0,162,90,72,0,1,18,0,0,0,707,5499,1370,155,598,0.509,0.262,3.71,0.1,0.01,25,2,2,0,2,0,0,0,0,0,0,0,0,0,0,0,0,0,1,1,1,2,455,0.907,550,2,"1",0,625,4,4,0,4,0,0,0,0,0,0,0,0,0,0,0,0,0,1,1,1,4,207025,0.822649,302500,4,0
"Zach Duke",NA,"2014","MIL","Milwaukee Brewers",31.2,2,2323,850000,850000,1,1,"2014","2014",0,0,0,0,162,82,80,0,0,2,0,0,0,650,5462,1366,150,657,0.478,0.259,4.19,0,0,67,2,1,0,0,0,0,0,0,0,0,0,1,0,0,1,0,0,0,0,0,0,-100,0,-400,0,"1",0,4489,4,1,0,0,0,0,0,0,0,0,0,1,0,0,1,0,0,0,0,0,0,10000,0,160000,0,0
"Zach Duke",NA,"2015","CHW","Chicago White Sox",32.2,3,2324,15000000,5000000,1,3,"2015","2017",0,0,0,0,162,76,86,0,0,-10,0,0,0,622,5533,1381,136,701,0.504,0.261,3.75,0,0,6,0,0,0,0,0,0,0,0,0,0,0,0,0,0,0,0,0,0,0,0,0,0,0,0,0,"1",0,36,0,0,0,0,0,0,0,0,0,0,0,0,0,0,0,0,0,0,0,0,0,0,0,0,0,0
"Zach Duke",NA,"2016","STL","St Louis Cardinals",33.2,4,2324,15000000,5000000,1,3,"2015","2017",0,0,0,0,162,86,76,0,0,10,0,0,0,779,5548,1415,225,712,0.52,0.267,3.67,0,0,30,0,0,0,0,0,0,0,0,0,0,0,0,0,0,0,0,0,0,0,0,0,0,0,0,0,"1",0,900,0,0,0,0,0,0,0,0,0,0,0,0,0,0,0,0,0,0,0,0,0,0,0,0,0,0
"Zach Duke","NH","2016","STL","St Louis Cardinals",33.2,6,2325,19872779.7029103,6624259.90097011,1,3,"2016","2018",0,0,0,0,162,86,76,0,0,10,0,0,0,779,5548,1415,225,712,0.52,0.267,3.67,0,0,30,0,0,0,0,0,0,0,0,0,0,0,0,0,0,0,0,0,0,0,0,0,0,0,0,0,"1",0,900,0,0,0,0,0,0,0,0,0,0,0,0,0,0,0,0,0,0,0,0,0,0,0,0,0,0
"Zach Duke",NA,"2017","STL","St Louis Cardinals",34.2,5,2324,15000000,5000000,1,3,"2015","2017",0,0,0,0,162,82,79,0,0,3,0,0,0,761,5470,1402,196,705,0.52,0.267,3.67,0,0,25,0,0,0,0,0,0,0,0,0,0,0,0,0,0,0,0,0,0,0,0,0,0,0,0,0,"1",0,625,0,0,0,0,0,0,0,0,0,0,0,0,0,0,0,0,0,0,0,0,0,0,0,0,0,0
"Zach Duke","NH","2017","STL","St Louis Cardinals",34.2,7,2325,19872779.7029103,6624259.90097011,1,3,"2016","2018",0,0,0,0,162,82,79,0,0,3,0,0,0,761,5470,1402,196,705,0.52,0.267,3.67,0,0,25,0,0,0,0,0,0,0,0,0,0,0,0,0,0,0,0,0,0,0,0,0,0,0,0,0,"1",0,625,0,0,0,0,0,0,0,0,0,0,0,0,0,0,0,0,0,0,0,0,0,0,0,0,0,0
"Zach Duke","NH","2017","STL","St Louis Cardinals",34.2,9,2326,19512866.3713621,6504288.79045402,0,3,"2017","2019",0,0,0,0,162,82,79,0,0,3,0,0,0,761,5470,1402,196,705,0.52,0.267,3.67,0,0,25,0,0,0,0,0,0,0,0,0,0,0,0,0,0,0,0,0,0,0,0,0,0,0,0,0,"1",0,625,0,0,0,0,0,0,0,0,0,0,0,0,0,0,0,0,0,0,0,0,0,0,0,0,0,0
"Zach Duke","NH","2018","MIN","Minnesota Twins",35.2,8,2325,19872779.7029103,6624259.90097011,1,3,"2016","2018",0,0,0,0,162,78,84,0,0,-6,0,0,1,738,5526,1379,166,775,0.48,0.263,3.99,0,0,5,1,1,0,0,0,0,0,0,0,0,0,1,0,0,0,0,0,0,0,0,0,-100,0,-125,0,"1",0,25,1,1,0,0,0,0,0,0,0,0,0,1,0,0,0,0,0,0,0,0,0,10000,0,15625,0,0
"Zach Duke","NH","2018","MIN","Minnesota Twins",35.2,10,2326,19512866.3713621,6504288.79045402,0,3,"2017","2019",0,0,0,0,162,78,84,0,0,-6,0,0,1,738,5526,1379,166,775,0.48,0.263,3.99,0,0,5,1,1,0,0,0,0,0,0,0,0,0,1,0,0,0,0,0,0,0,0,0,-100,0,-125,0,"1",0,25,1,1,0,0,0,0,0,0,0,0,0,1,0,0,0,0,0,0,0,0,0,10000,0,15625,0,0
"Zach Duke","NH","2018","MIN","Minnesota Twins",35.2,12,2327,2738250.15044746,2738250.15044746,1,1,"2018","2018",0,0,0,0,162,78,84,0,0,-6,0,0,1,738,5526,1379,166,775,0.48,0.263,3.99,0,0,5,1,1,0,0,0,0,0,0,0,0,0,1,0,0,0,0,0,0,0,0,0,-100,0,-125,0,"1",0,25,1,1,0,0,0,0,0,0,0,0,0,1,0,0,0,0,0,0,0,0,0,10000,0,15625,0,0
"Zach Duke","NH","2019","CIN","Cincinnati Reds",36.2,11,2326,19512866.3713621,6504288.79045402,0,3,"2017","2019",0,0,0,0,162,75,87,0,0,-12,0,0,1,701,5450,1328,227,711,0.505,0.261,3.75,0,0,29,0,0,0,0,0,0,0,0,0,0,0,0,0,0,0,0,0,0,0,0,0,0,0,0,0,"1",0,841,0,0,0,0,0,0,0,0,0,0,0,0,0,0,0,0,0,0,0,0,0,0,0,0,0,0
"Zach Duke",NA,"2019","CIN","Cincinnati Reds",36.2,13,2328,2000000,2000000,1,1,"2019","2019",0,0,0,0,162,75,87,0,0,-12,0,0,1,701,5450,1328,227,711,0.505,0.261,3.75,0,0,29,0,0,0,0,0,0,0,0,0,0,0,0,0,0,0,0,0,0,0,0,0,0,0,0,0,"1",0,841,0,0,0,0,0,0,0,0,0,0,0,0,0,0,0,0,0,0,0,0,0,0,0,0,0,0
"Zach Putnam","NH","2014","CHW","Chicago White Sox",27.1,0,2329,500000,500000,1,1,"2014","2014",0,0,0,0,162,73,89,0,0,-16,0,0,1,660,5543,1400,155,758,0.505,0.261,3.75,0,0,4,0,0,0,0,0,0,0,0,0,0,0,0,0,0,0,0,0,0,0,0,0,0,0,0,0,"1",0,16,0,0,0,0,0,0,0,0,0,0,0,0,0,0,0,0,0,0,0,0,0,0,0,0,0,0
"Zach Putnam","NH","2016","CHW","Chicago White Sox",29.1,1,2330,1291730.68068917,1291730.68068917,0,1,"2016","2016",0,0,0,0,162,78,84,0,0,-6,0,0,1,686,5550,1428,168,715,0.504,0.261,3.75,0,0,2,0,0,0,0,0,0,0,0,0,0,0,0,0,0,0,0,0,0,0,0,0,0,0,0,0,"1",0,4,0,0,0,0,0,0,0,0,0,0,0,0,0,0,0,0,0,0,0,0,0,0,0,0,0,0
"Zack Greinke","NH","2013","LAD","Los Angeles Dodgers",29.8,0,2332,147000000,24500000,1,6,"2013","2018",2,0,1,1,162,92,70,1,1,22,0,0,0,654,5491,1446,138,586,0.524,0.262,3.54,1.3,1.69,29,72,58,5,19,3,0,0,4,2,0,7,10,0,1,6,0,0,0.328,0.409,0.379,0.788,125,0.379,142,22,"1/H",0,841,5184,3364,25,361,9,0,0,16,4,0,49,100,0,1,36,0,0,0.107584,0.167281,0.143641,0.620944,15625,0.143641,20164,484,0
"Zack Greinke","NH","2014","LAD","Los Angeles Dodgers",30.8,1,2332,147000000,24500000,1,6,"2013","2018",2,0,1,0,160,94,68,1,1,26,0,0,1,718,5560,1476,134,617,0.525,0.262,3.53,0.8,0.64,29,69,60,5,12,6,0,1,3,0,0,5,11,0,0,4,0,0,0.2,0.262,0.35,0.612,73,0.274,65,21,"1",0,841,4761,3600,25,144,36,0,1,9,0,0,25,121,0,0,16,0,0,0.04,0.068644,0.1225,0.374544,5329,0.075076,4225,441,0
"Zack Greinke","NH","2015","LAD","Los Angeles Dodgers",31.8,2,2332,147000000,24500000,1,6,"2013","2018",3,1,1,0,162,92,70,1,1,22,0,0,1,667,5385,1346,187,595,0.525,0.262,3.53,0.6,0.36,30,77,67,8,15,2,0,2,3,1,0,1,14,0,0,8,1,0,0.224,0.232,0.343,0.575,59,0.252,40,23,"1",0,900,5929,4489,64,225,4,0,4,9,1,0,1,196,0,0,64,1,0,0.050176,0.053824,0.117649,0.330625,3481,0.063504,1600,529,0
"Zack Greinke","NH","2016","ARI","Arizona Diamondbacks",32.8,3,2332,147000000,24500000,1,6,"2013","2018",1,0,0,0,162,69,93,0,0,-24,0,0,0,752,5665,1479,190,890,0.488,0.258,4.27,0.2,0.04,25,60,52,4,11,1,0,0,3,1,0,3,9,0,0,3,2,0,0.212,0.246,0.231,0.476,25,0.217,1,12,"1/H",0,625,3600,2704,16,121,1,0,0,9,1,0,9,81,0,0,9,4,0,0.044944,0.060516,0.053361,0.226576,625,0.047089,1,144,0
"Zack Greinke","NH","2016","ARI","Arizona Diamondbacks",32.8,6,2333,206500000,34416666.6666667,1,6,"2016","2021",1,0,0,0,162,69,93,0,0,-24,0,0,0,752,5665,1479,190,890,0.488,0.258,4.27,0.2,0.04,25,60,52,4,11,1,0,0,3,1,0,3,9,0,0,3,2,0,0.212,0.246,0.231,0.476,25,0.217,1,12,"1/H",0,625,3600,2704,16,121,1,0,0,9,1,0,9,81,0,0,9,4,0,0.044944,0.060516,0.053361,0.226576,625,0.047089,1,144,0
"Zack Greinke","NH","2017","ARI","Arizona Diamondbacks",33.8,4,2332,147000000,24500000,1,6,"2013","2018",3,1,1,0,162,93,69,0,1,24,0,0,0,812,5525,1405,220,659,0.493,0.258,4.23,0.3,0.09,30,70,62,4,13,4,0,0,4,0,0,2,18,0,1,5,0,0,0.21,0.246,0.274,0.52,32,0.228,8,17,"1/H",0,900,4900,3844,16,169,16,0,0,16,0,0,4,324,0,1,25,0,0,0.0441,0.060516,0.075076,0.2704,1024,0.051984,64,289,0
"Zack Greinke","NH","2017","ARI","Arizona Diamondbacks",33.8,7,2333,206500000,34416666.6666667,1,6,"2016","2021",3,1,1,0,162,93,69,0,1,24,0,0,0,812,5525,1405,220,659,0.493,0.258,4.23,0.3,0.09,30,70,62,4,13,4,0,0,4,0,0,2,18,0,1,5,0,0,0.21,0.246,0.274,0.52,32,0.228,8,17,"1/H",0,900,4900,3844,16,169,16,0,0,16,0,0,4,324,0,1,25,0,0,0.0441,0.060516,0.075076,0.2704,1024,0.051984,64,289,0
"Zack Greinke","NH","2018","ARI","Arizona Diamondbacks",34.8,5,2332,147000000,24500000,1,6,"2013","2018",1,0,0,0,162,82,80,0,0,2,0,0,0,693,5460,1283,176,644,0.493,0.257,4.21,0.7,0.49,30,71,64,6,15,4,0,0,5,3,0,3,16,3,0,4,0,0,0.234,0.269,0.297,0.566,50,0.263,35,19,"1/H",0,900,5041,4096,36,225,16,0,0,25,9,0,9,256,9,0,16,0,0,0.054756,0.072361,0.088209,0.320356,2500,0.069169,1225,361,0
"Zack Greinke","NH","2018","ARI","Arizona Diamondbacks",34.8,8,2333,206500000,34416666.6666667,1,6,"2016","2021",1,0,0,0,162,82,80,0,0,2,0,0,0,693,5460,1283,176,644,0.493,0.257,4.21,0.7,0.49,30,71,64,6,15,4,0,0,5,3,0,3,16,3,0,4,0,0,0.234,0.269,0.297,0.566,50,0.263,35,19,"1/H",0,900,5041,4096,36,225,16,0,0,25,9,0,9,256,9,0,16,0,0,0.054756,0.072361,0.088209,0.320356,2500,0.069169,1225,361,0
"Zack Greinke","NH","2019","ARI","Arizona Diamondbacks",35.8,9,2333,206500000,34416666.6666667,1,6,"2016","2021",1,0,0,1,162,85,77,0,0,8,0,0,0,813,5633,1419,220,743,0.495,0.257,4.21,0.8,0.64,25,56,50,7,14,4,1,3,8,1,1,2,12,2,0,4,0,0,0.28,0.308,0.58,0.888,122,0.358,121,29,"1/H",0,625,3136,2500,49,196,16,1,9,64,1,1,4,144,4,0,16,0,0,0.0784,0.094864,0.3364,0.788544,14884,0.128164,14641,841,0
"Zack Greinke","NH","2021","HOU","Houston Astros",37.8,11,2333,206500000,34416666.6666667,1,6,"2016","2021",0,0,0,0,162,95,67,1,1,28,1,0,0,863,5593,1496,221,658,0.498,0.255,3.81,0,0,1,2,2,0,0,0,0,0,0,0,0,0,1,0,0,0,0,0,0,0,0,0,-100,0,-125,0,"1",0,1,4,4,0,0,0,0,0,0,0,0,0,1,0,0,0,0,0,0,0,0,0,10000,0,15625,0,0
"Zack Greinke","NH","2021","HOU","Houston Astros",37.8,13,2334,253048955.333162,42174825.8888602,1,6,"2020","2025",0,0,0,0,162,95,67,1,1,28,1,0,0,863,5593,1496,221,658,0.498,0.255,3.81,0,0,1,2,2,0,0,0,0,0,0,0,0,0,1,0,0,0,0,0,0,0,0,0,-100,0,-125,0,"1",0,1,4,4,0,0,0,0,0,0,0,0,0,1,0,0,0,0,0,0,0,0,0,10000,0,15625,0,0
"Zack Greinke","NH","2021","HOU","Houston Astros",37.8,18,2335,244321775.982399,40720295.9970665,0,6,"2021","2026",0,0,0,0,162,95,67,1,1,28,1,0,0,863,5593,1496,221,658,0.498,0.255,3.81,0,0,1,2,2,0,0,0,0,0,0,0,0,0,1,0,0,0,0,0,0,0,0,0,-100,0,-125,0,"1",0,1,4,4,0,0,0,0,0,0,0,0,0,1,0,0,0,0,0,0,0,0,0,10000,0,15625,0,0
"Zack Greinke","NH","2023","KC","Kansas City Royals",39.8,15,2334,253048955.333162,42174825.8888602,1,6,"2020","2025",0,0,0,0,162,56,106,0,0,-50,0,0,0,676,5428,1325,163,859,0.475,0.263,4.27,0,0,1,0,0,0,0,0,0,0,0,0,0,0,0,0,0,0,0,0,0,0,0,0,0,0,0,0,"1",0,1,0,0,0,0,0,0,0,0,0,0,0,0,0,0,0,0,0,0,0,0,0,0,0,0,0,0
"Zack Greinke","NH","2023","KC","Kansas City Royals",39.8,20,2335,244321775.982399,40720295.9970665,0,6,"2021","2026",0,0,0,0,162,56,106,0,0,-50,0,0,0,676,5428,1325,163,859,0.475,0.263,4.27,0,0,1,0,0,0,0,0,0,0,0,0,0,0,0,0,0,0,0,0,0,0,0,0,0,0,0,0,"1",0,1,0,0,0,0,0,0,0,0,0,0,0,0,0,0,0,0,0,0,0,0,0,0,0,0,0,0
"Zack Greinke","NH","2023","KC","Kansas City Royals",39.8,25,2337,8500000,8500000,0,1,"2023","2023",0,0,0,0,162,56,106,0,0,-50,0,0,0,676,5428,1325,163,859,0.475,0.263,4.27,0,0,1,0,0,0,0,0,0,0,0,0,0,0,0,0,0,0,0,0,0,0,0,0,0,0,0,0,"1",0,1,0,0,0,0,0,0,0,0,0,0,0,0,0,0,0,0,0,0,0,0,0,0,0,0,0,0
"Zack Littell","NH","2021","SF","San Francisco Giants",25.8,0,2338,674990.669239509,674990.669239509,1,1,"2021","2021",0,0,0,0,162,107,55,1,1,52,0,0,0,804,5462,1360,241,594,0.536,0.264,3.57,0,0,60,4,4,0,1,0,0,0,0,0,0,0,3,0,0,0,0,0,0.25,0.25,0.25,0.5,37,0.225,28,1,"1",0,3600,16,16,0,1,0,0,0,0,0,0,0,9,0,0,0,0,0,0.0625,0.0625,0.0625,0.25,1369,0.050625,784,1,0
"Zack Wheeler","NH","2021","PHI","Philadelphia Phillies",31.2,1,2342,118000000,23600000,1,5,"2020","2024",3,1,1,0,162,82,80,0,0,2,0,0,0,734,5366,1288,198,745,0.472,0.261,3.99,0.1,0.01,32,73,68,1,11,2,0,0,3,0,0,0,39,1,0,5,0,0,0.162,0.162,0.191,0.353,-5,0.169,-21,13,"1/H",0,1024,5329,4624,1,121,4,0,0,9,0,0,0,1521,1,0,25,0,0,0.026244,0.026244,0.036481,0.124609,25,0.028561,441,169,0
